# Renewables.ninja Weather (hourly 1980-2022)  -  Australia  -  renewables_ninja_country_AU_irradiance-surface_merra-2_pop-wtd.csv  -  Version 1.4,
# License: https://creativecommons.org/licenses/by-nc/4.0/  -  Reference: https://doi.org/10.1038/s41560-023-01341-5,
# Units: time in UTC; other columns are the irradiance at ground level in W/m^2 (SWGDN in MERRA-2) weighted by population; column names signify country ISO2 code or GADM level1 code.,
,
1/1/2022 0:00,798.557
1/1/2022 1:00,858.54
1/1/2022 2:00,888.417
1/1/2022 3:00,851.604
1/1/2022 4:00,736.216
1/1/2022 5:00,580.887
1/1/2022 6:00,422.394
1/1/2022 7:00,257.913
1/1/2022 8:00,117.441
1/1/2022 9:00,40.193
1/1/2022 10:00,12.988
1/1/2022 11:00,0.451
1/1/2022 12:00,0
1/1/2022 13:00,0
1/1/2022 14:00,0
1/1/2022 15:00,0
1/1/2022 16:00,0
1/1/2022 17:00,0
1/1/2022 18:00,0.398
1/1/2022 19:00,56.284
1/1/2022 20:00,210.576
1/1/2022 21:00,376.136
1/1/2022 22:00,570.627
1/1/2022 23:00,767.696
1/2/2022 0:00,929.117
1/2/2022 1:00,1019.568
1/2/2022 2:00,1025.254
1/2/2022 3:00,967.523
1/2/2022 4:00,839.027
1/2/2022 5:00,691.654
1/2/2022 6:00,505.711
1/2/2022 7:00,320.146
1/2/2022 8:00,140.136
1/2/2022 9:00,42.718
1/2/2022 10:00,12.733
1/2/2022 11:00,0.427
1/2/2022 12:00,0
1/2/2022 13:00,0
1/2/2022 14:00,0
1/2/2022 15:00,0
1/2/2022 16:00,0
1/2/2022 17:00,0
1/2/2022 18:00,0.331
1/2/2022 19:00,57.594
1/2/2022 20:00,220.477
1/2/2022 21:00,419.574
1/2/2022 22:00,624.015
1/2/2022 23:00,806.11
1/3/2022 0:00,940.791
1/3/2022 1:00,1023.747
1/3/2022 2:00,1033.477
1/3/2022 3:00,988.472
1/3/2022 4:00,884.472
1/3/2022 5:00,730.447
1/3/2022 6:00,543.331
1/3/2022 7:00,344.055
1/3/2022 8:00,151.306
1/3/2022 9:00,41.957
1/3/2022 10:00,12.141
1/3/2022 11:00,0.393
1/3/2022 12:00,0
1/3/2022 13:00,0
1/3/2022 14:00,0
1/3/2022 15:00,0
1/3/2022 16:00,0
1/3/2022 17:00,0
1/3/2022 18:00,0.265
1/3/2022 19:00,47.644
1/3/2022 20:00,185.709
1/3/2022 21:00,367.288
1/3/2022 22:00,565.559
1/3/2022 23:00,724.67
1/4/2022 0:00,854.238
1/4/2022 1:00,935.37
1/4/2022 2:00,970.069
1/4/2022 3:00,935.34
1/4/2022 4:00,840.853
1/4/2022 5:00,693.257
1/4/2022 6:00,505.114
1/4/2022 7:00,312.922
1/4/2022 8:00,135.348
1/4/2022 9:00,42.062
1/4/2022 10:00,12.333
1/4/2022 11:00,0.394
1/4/2022 12:00,0
1/4/2022 13:00,0
1/4/2022 14:00,0
1/4/2022 15:00,0
1/4/2022 16:00,0
1/4/2022 17:00,0
1/4/2022 18:00,0.264
1/4/2022 19:00,44.349
1/4/2022 20:00,175.579
1/4/2022 21:00,353.947
1/4/2022 22:00,544.494
1/4/2022 23:00,713.626
1/5/2022 0:00,835.04
1/5/2022 1:00,890.326
1/5/2022 2:00,879.445
1/5/2022 3:00,818.26
1/5/2022 4:00,715.371
1/5/2022 5:00,579.485
1/5/2022 6:00,414.284
1/5/2022 7:00,249.156
1/5/2022 8:00,111.482
1/5/2022 9:00,39.863
1/5/2022 10:00,12.425
1/5/2022 11:00,0.378
1/5/2022 12:00,0
1/5/2022 13:00,0
1/5/2022 14:00,0
1/5/2022 15:00,0
1/5/2022 16:00,0
1/5/2022 17:00,0
1/5/2022 18:00,0.227
1/5/2022 19:00,48.966
1/5/2022 20:00,188.341
1/5/2022 21:00,357.908
1/5/2022 22:00,527.904
1/5/2022 23:00,685.289
1/6/2022 0:00,782.721
1/6/2022 1:00,846.017
1/6/2022 2:00,847.115
1/6/2022 3:00,788.328
1/6/2022 4:00,684.844
1/6/2022 5:00,557.475
1/6/2022 6:00,400.129
1/6/2022 7:00,238.532
1/6/2022 8:00,105.838
1/6/2022 9:00,38.092
1/6/2022 10:00,11.999
1/6/2022 11:00,0.344
1/6/2022 12:00,0
1/6/2022 13:00,0
1/6/2022 14:00,0
1/6/2022 15:00,0
1/6/2022 16:00,0
1/6/2022 17:00,0
1/6/2022 18:00,0.177
1/6/2022 19:00,39.756
1/6/2022 20:00,161.69
1/6/2022 21:00,320.372
1/6/2022 22:00,488.988
1/6/2022 23:00,630.409
1/7/2022 0:00,753.301
1/7/2022 1:00,829.349
1/7/2022 2:00,826.067
1/7/2022 3:00,767.455
1/7/2022 4:00,661.262
1/7/2022 5:00,552.219
1/7/2022 6:00,409.055
1/7/2022 7:00,254.3
1/7/2022 8:00,121.545
1/7/2022 9:00,40.34
1/7/2022 10:00,11.902
1/7/2022 11:00,0.332
1/7/2022 12:00,0
1/7/2022 13:00,0
1/7/2022 14:00,0
1/7/2022 15:00,0
1/7/2022 16:00,0
1/7/2022 17:00,0
1/7/2022 18:00,0.096
1/7/2022 19:00,30.496
1/7/2022 20:00,132.229
1/7/2022 21:00,281.583
1/7/2022 22:00,483.692
1/7/2022 23:00,668.757
1/8/2022 0:00,776.226
1/8/2022 1:00,843.197
1/8/2022 2:00,826.807
1/8/2022 3:00,728.06
1/8/2022 4:00,670.683
1/8/2022 5:00,577.258
1/8/2022 6:00,439.766
1/8/2022 7:00,275.58
1/8/2022 8:00,125.15
1/8/2022 9:00,40.226
1/8/2022 10:00,11.642
1/8/2022 11:00,0.312
1/8/2022 12:00,0
1/8/2022 13:00,0
1/8/2022 14:00,0
1/8/2022 15:00,0
1/8/2022 16:00,0
1/8/2022 17:00,0
1/8/2022 18:00,0.104
1/8/2022 19:00,35.603
1/8/2022 20:00,159.554
1/8/2022 21:00,335.226
1/8/2022 22:00,494.439
1/8/2022 23:00,652.215
1/9/2022 0:00,774.8
1/9/2022 1:00,891.077
1/9/2022 2:00,949.729
1/9/2022 3:00,910.379
1/9/2022 4:00,806.971
1/9/2022 5:00,666.121
1/9/2022 6:00,500.426
1/9/2022 7:00,317.357
1/9/2022 8:00,142.847
1/9/2022 9:00,43.418
1/9/2022 10:00,12.272
1/9/2022 11:00,0.303
1/9/2022 12:00,0
1/9/2022 13:00,0
1/9/2022 14:00,0
1/9/2022 15:00,0
1/9/2022 16:00,0
1/9/2022 17:00,0
1/9/2022 18:00,0.169
1/9/2022 19:00,50.681
1/9/2022 20:00,202.557
1/9/2022 21:00,386.931
1/9/2022 22:00,577.13
1/9/2022 23:00,728.436
1/10/2022 0:00,870.512
1/10/2022 1:00,986.825
1/10/2022 2:00,1005.828
1/10/2022 3:00,946.077
1/10/2022 4:00,833.16
1/10/2022 5:00,706.007
1/10/2022 6:00,518.225
1/10/2022 7:00,296.265
1/10/2022 8:00,112.415
1/10/2022 9:00,29.285
1/10/2022 10:00,8.438
1/10/2022 11:00,0.24
1/10/2022 12:00,0
1/10/2022 13:00,0
1/10/2022 14:00,0
1/10/2022 15:00,0
1/10/2022 16:00,0
1/10/2022 17:00,0
1/10/2022 18:00,0.143
1/10/2022 19:00,40.318
1/10/2022 20:00,161.672
1/10/2022 21:00,331.711
1/10/2022 22:00,536.904
1/10/2022 23:00,728.568
1/11/2022 0:00,837.79
1/11/2022 1:00,897.743
1/11/2022 2:00,924.36
1/11/2022 3:00,877.629
1/11/2022 4:00,784.031
1/11/2022 5:00,633.696
1/11/2022 6:00,475.696
1/11/2022 7:00,292.715
1/11/2022 8:00,126.61
1/11/2022 9:00,38.185
1/11/2022 10:00,10.796
1/11/2022 11:00,0.266
1/11/2022 12:00,0
1/11/2022 13:00,0
1/11/2022 14:00,0
1/11/2022 15:00,0
1/11/2022 16:00,0
1/11/2022 17:00,0
1/11/2022 18:00,0.108
1/11/2022 19:00,45.987
1/11/2022 20:00,193.269
1/11/2022 21:00,372.644
1/11/2022 22:00,570.671
1/11/2022 23:00,741.553
1/12/2022 0:00,883.361
1/12/2022 1:00,959.626
1/12/2022 2:00,980.136
1/12/2022 3:00,924.625
1/12/2022 4:00,817.279
1/12/2022 5:00,664.21
1/12/2022 6:00,472.045
1/12/2022 7:00,276.999
1/12/2022 8:00,117.502
1/12/2022 9:00,38.598
1/12/2022 10:00,11.151
1/12/2022 11:00,0.238
1/12/2022 12:00,0
1/12/2022 13:00,0
1/12/2022 14:00,0
1/12/2022 15:00,0
1/12/2022 16:00,0
1/12/2022 17:00,0
1/12/2022 18:00,0.101
1/12/2022 19:00,46.462
1/12/2022 20:00,197.509
1/12/2022 21:00,384.74
1/12/2022 22:00,591.627
1/12/2022 23:00,764.377
1/13/2022 0:00,878.725
1/13/2022 1:00,969.354
1/13/2022 2:00,983.696
1/13/2022 3:00,923.671
1/13/2022 4:00,818.8
1/13/2022 5:00,664.163
1/13/2022 6:00,466.838
1/13/2022 7:00,277.094
1/13/2022 8:00,117.705
1/13/2022 9:00,37.854
1/13/2022 10:00,10.941
1/13/2022 11:00,0.218
1/13/2022 12:00,0
1/13/2022 13:00,0
1/13/2022 14:00,0
1/13/2022 15:00,0
1/13/2022 16:00,0
1/13/2022 17:00,0
1/13/2022 18:00,0.097
1/13/2022 19:00,34.439
1/13/2022 20:00,147.535
1/13/2022 21:00,310.459
1/13/2022 22:00,498.062
1/13/2022 23:00,653.307
1/14/2022 0:00,742.043
1/14/2022 1:00,810.986
1/14/2022 2:00,861.445
1/14/2022 3:00,820.862
1/14/2022 4:00,712.652
1/14/2022 5:00,562.432
1/14/2022 6:00,407.112
1/14/2022 7:00,243.752
1/14/2022 8:00,111.583
1/14/2022 9:00,38.416
1/14/2022 10:00,11.207
1/14/2022 11:00,0.219
1/14/2022 12:00,0
1/14/2022 13:00,0
1/14/2022 14:00,0
1/14/2022 15:00,0
1/14/2022 16:00,0
1/14/2022 17:00,0
1/14/2022 18:00,0.067
1/14/2022 19:00,37.281
1/14/2022 20:00,167.966
1/14/2022 21:00,351.44
1/14/2022 22:00,556.634
1/14/2022 23:00,745.241
1/15/2022 0:00,874.663
1/15/2022 1:00,966.067
1/15/2022 2:00,943.342
1/15/2022 3:00,841.012
1/15/2022 4:00,765.061
1/15/2022 5:00,646.941
1/15/2022 6:00,476.487
1/15/2022 7:00,288.533
1/15/2022 8:00,127.273
1/15/2022 9:00,38.784
1/15/2022 10:00,11.064
1/15/2022 11:00,0.193
1/15/2022 12:00,0
1/15/2022 13:00,0
1/15/2022 14:00,0
1/15/2022 15:00,0
1/15/2022 16:00,0
1/15/2022 17:00,0
1/15/2022 18:00,0.068
1/15/2022 19:00,43.337
1/15/2022 20:00,188.255
1/15/2022 21:00,375.853
1/15/2022 22:00,581.144
1/15/2022 23:00,768.265
1/16/2022 0:00,899.32
1/16/2022 1:00,980.68
1/16/2022 2:00,1006.238
1/16/2022 3:00,968.062
1/16/2022 4:00,858.409
1/16/2022 5:00,689.188
1/16/2022 6:00,506.752
1/16/2022 7:00,308.545
1/16/2022 8:00,124.267
1/16/2022 9:00,37.3
1/16/2022 10:00,10.954
1/16/2022 11:00,0.179
1/16/2022 12:00,0
1/16/2022 13:00,0
1/16/2022 14:00,0
1/16/2022 15:00,0
1/16/2022 16:00,0
1/16/2022 17:00,0
1/16/2022 18:00,0.049
1/16/2022 19:00,32.265
1/16/2022 20:00,152.442
1/16/2022 21:00,322.239
1/16/2022 22:00,528.391
1/16/2022 23:00,723.713
1/17/2022 0:00,857.05
1/17/2022 1:00,927.914
1/17/2022 2:00,938.784
1/17/2022 3:00,888.724
1/17/2022 4:00,757.855
1/17/2022 5:00,569.93
1/17/2022 6:00,402.675
1/17/2022 7:00,241.625
1/17/2022 8:00,103.567
1/17/2022 9:00,35.334
1/17/2022 10:00,10.319
1/17/2022 11:00,0.152
1/17/2022 12:00,0
1/17/2022 13:00,0
1/17/2022 14:00,0
1/17/2022 15:00,0
1/17/2022 16:00,0
1/17/2022 17:00,0
1/17/2022 18:00,0.028
1/17/2022 19:00,26.883
1/17/2022 20:00,131.741
1/17/2022 21:00,275.6
1/17/2022 22:00,437.013
1/17/2022 23:00,571.665
1/18/2022 0:00,676.791
1/18/2022 1:00,738.583
1/18/2022 2:00,740.263
1/18/2022 3:00,715.344
1/18/2022 4:00,651.119
1/18/2022 5:00,544.915
1/18/2022 6:00,397.409
1/18/2022 7:00,234.664
1/18/2022 8:00,96.715
1/18/2022 9:00,26.787
1/18/2022 10:00,6.927
1/18/2022 11:00,0.104
1/18/2022 12:00,0
1/18/2022 13:00,0
1/18/2022 14:00,0
1/18/2022 15:00,0
1/18/2022 16:00,0
1/18/2022 17:00,0
1/18/2022 18:00,0.013
1/18/2022 19:00,23.647
1/18/2022 20:00,125.553
1/18/2022 21:00,276.945
1/18/2022 22:00,456.409
1/18/2022 23:00,620.815
1/19/2022 0:00,755.671
1/19/2022 1:00,834.008
1/19/2022 2:00,840.316
1/19/2022 3:00,795.084
1/19/2022 4:00,718.522
1/19/2022 5:00,593.902
1/19/2022 6:00,457.894
1/19/2022 7:00,292.78
1/19/2022 8:00,127.57
1/19/2022 9:00,37.185
1/19/2022 10:00,9.934
1/19/2022 11:00,0.117
1/19/2022 12:00,0
1/19/2022 13:00,0
1/19/2022 14:00,0
1/19/2022 15:00,0
1/19/2022 16:00,0
1/19/2022 17:00,0
1/19/2022 18:00,0.018
1/19/2022 19:00,30.285
1/19/2022 20:00,147.073
1/19/2022 21:00,307.242
1/19/2022 22:00,496.949
1/19/2022 23:00,668.417
1/20/2022 0:00,773.236
1/20/2022 1:00,860.623
1/20/2022 2:00,900.295
1/20/2022 3:00,874.878
1/20/2022 4:00,782.076
1/20/2022 5:00,635.544
1/20/2022 6:00,462.817
1/20/2022 7:00,287.021
1/20/2022 8:00,124.814
1/20/2022 9:00,36.082
1/20/2022 10:00,9.557
1/20/2022 11:00,0.104
1/20/2022 12:00,0
1/20/2022 13:00,0
1/20/2022 14:00,0
1/20/2022 15:00,0
1/20/2022 16:00,0
1/20/2022 17:00,0
1/20/2022 18:00,0.013
1/20/2022 19:00,33.315
1/20/2022 20:00,167.961
1/20/2022 21:00,359.556
1/20/2022 22:00,537.891
1/20/2022 23:00,708.471
1/21/2022 0:00,830.023
1/21/2022 1:00,939.746
1/21/2022 2:00,958.721
1/21/2022 3:00,921.154
1/21/2022 4:00,834.352
1/21/2022 5:00,665.284
1/21/2022 6:00,491.113
1/21/2022 7:00,292.093
1/21/2022 8:00,118.156
1/21/2022 9:00,35.021
1/21/2022 10:00,9.82
1/21/2022 11:00,0.094
1/21/2022 12:00,0
1/21/2022 13:00,0
1/21/2022 14:00,0
1/21/2022 15:00,0
1/21/2022 16:00,0
1/21/2022 17:00,0
1/21/2022 18:00,0.01
1/21/2022 19:00,34.965
1/21/2022 20:00,170.619
1/21/2022 21:00,344.287
1/21/2022 22:00,537.009
1/21/2022 23:00,685.85
1/22/2022 0:00,817.845
1/22/2022 1:00,893.594
1/22/2022 2:00,911.964
1/22/2022 3:00,867.643
1/22/2022 4:00,784.013
1/22/2022 5:00,643.967
1/22/2022 6:00,472.951
1/22/2022 7:00,285.61
1/22/2022 8:00,118.326
1/22/2022 9:00,33.776
1/22/2022 10:00,9.533
1/22/2022 11:00,0.08
1/22/2022 12:00,0
1/22/2022 13:00,0
1/22/2022 14:00,0
1/22/2022 15:00,0
1/22/2022 16:00,0
1/22/2022 17:00,0
1/22/2022 18:00,0.007
1/22/2022 19:00,33.862
1/22/2022 20:00,175.779
1/22/2022 21:00,351.293
1/22/2022 22:00,563.355
1/22/2022 23:00,731.296
1/23/2022 0:00,836.643
1/23/2022 1:00,880.86
1/23/2022 2:00,890.853
1/23/2022 3:00,868.97
1/23/2022 4:00,755.056
1/23/2022 5:00,624.325
1/23/2022 6:00,453.122
1/23/2022 7:00,260.333
1/23/2022 8:00,104.639
1/23/2022 9:00,33.733
1/23/2022 10:00,9.22
1/23/2022 11:00,0.064
1/23/2022 12:00,0
1/23/2022 13:00,0
1/23/2022 14:00,0
1/23/2022 15:00,0
1/23/2022 16:00,0
1/23/2022 17:00,0
1/23/2022 18:00,0.005
1/23/2022 19:00,33.788
1/23/2022 20:00,161.314
1/23/2022 21:00,327.35
1/23/2022 22:00,499.302
1/23/2022 23:00,666.021
1/24/2022 0:00,805.275
1/24/2022 1:00,875.637
1/24/2022 2:00,887.814
1/24/2022 3:00,781.947
1/24/2022 4:00,633.526
1/24/2022 5:00,478.395
1/24/2022 6:00,331.556
1/24/2022 7:00,202.849
1/24/2022 8:00,95.626
1/24/2022 9:00,34.164
1/24/2022 10:00,9.585
1/24/2022 11:00,0.06
1/24/2022 12:00,0
1/24/2022 13:00,0
1/24/2022 14:00,0
1/24/2022 15:00,0
1/24/2022 16:00,0
1/24/2022 17:00,0
1/24/2022 18:00,0.002
1/24/2022 19:00,24.541
1/24/2022 20:00,128.464
1/24/2022 21:00,280.701
1/24/2022 22:00,449.316
1/24/2022 23:00,606.971
1/25/2022 0:00,727.557
1/25/2022 1:00,811.056
1/25/2022 2:00,836.433
1/25/2022 3:00,798.656
1/25/2022 4:00,732.606
1/25/2022 5:00,606.823
1/25/2022 6:00,442.045
1/25/2022 7:00,263.003
1/25/2022 8:00,108.632
1/25/2022 9:00,33.051
1/25/2022 10:00,9.031
1/25/2022 11:00,0.046
1/25/2022 12:00,0
1/25/2022 13:00,0
1/25/2022 14:00,0
1/25/2022 15:00,0
1/25/2022 16:00,0
1/25/2022 17:00,0
1/25/2022 18:00,0.001
1/25/2022 19:00,30.081
1/25/2022 20:00,163.847
1/25/2022 21:00,339.682
1/25/2022 22:00,540.886
1/25/2022 23:00,712.742
1/26/2022 0:00,840.977
1/26/2022 1:00,896.911
1/26/2022 2:00,911.17
1/26/2022 3:00,870.756
1/26/2022 4:00,769.747
1/26/2022 5:00,622.882
1/26/2022 6:00,444.28
1/26/2022 7:00,257.68
1/26/2022 8:00,105.422
1/26/2022 9:00,33.085
1/26/2022 10:00,8.824
1/26/2022 11:00,0.036
1/26/2022 12:00,0
1/26/2022 13:00,0
1/26/2022 14:00,0
1/26/2022 15:00,0
1/26/2022 16:00,0
1/26/2022 17:00,0
1/26/2022 18:00,0.001
1/26/2022 19:00,29.934
1/26/2022 20:00,163.904
1/26/2022 21:00,339.684
1/26/2022 22:00,525.042
1/26/2022 23:00,691.417
1/27/2022 0:00,829.962
1/27/2022 1:00,907.106
1/27/2022 2:00,906.241
1/27/2022 3:00,845.236
1/27/2022 4:00,750.853
1/27/2022 5:00,610.58
1/27/2022 6:00,447.757
1/27/2022 7:00,267.381
1/27/2022 8:00,110.626
1/27/2022 9:00,33.755
1/27/2022 10:00,8.94
1/27/2022 11:00,0.03
1/27/2022 12:00,0
1/27/2022 13:00,0
1/27/2022 14:00,0
1/27/2022 15:00,0
1/27/2022 16:00,0
1/27/2022 17:00,0
1/27/2022 18:00,0.001
1/27/2022 19:00,29.109
1/27/2022 20:00,162.552
1/27/2022 21:00,347.527
1/27/2022 22:00,511.775
1/27/2022 23:00,623.778
1/28/2022 0:00,742.694
1/28/2022 1:00,800.808
1/28/2022 2:00,820.503
1/28/2022 3:00,828.801
1/28/2022 4:00,709.896
1/28/2022 5:00,556.863
1/28/2022 6:00,414.365
1/28/2022 7:00,247.302
1/28/2022 8:00,99.139
1/28/2022 9:00,32.569
1/28/2022 10:00,8.502
1/28/2022 11:00,0.023
1/28/2022 12:00,0
1/28/2022 13:00,0
1/28/2022 14:00,0
1/28/2022 15:00,0
1/28/2022 16:00,0
1/28/2022 17:00,0
1/28/2022 18:00,0
1/28/2022 19:00,26.333
1/28/2022 20:00,149.333
1/28/2022 21:00,320.177
1/28/2022 22:00,505.636
1/28/2022 23:00,678.033
1/29/2022 0:00,799.8
1/29/2022 1:00,868.941
1/29/2022 2:00,888.456
1/29/2022 3:00,841.701
1/29/2022 4:00,744.688
1/29/2022 5:00,609.818
1/29/2022 6:00,452.241
1/29/2022 7:00,269.28
1/29/2022 8:00,103.766
1/29/2022 9:00,30.948
1/29/2022 10:00,7.836
1/29/2022 11:00,0.016
1/29/2022 12:00,0
1/29/2022 13:00,0
1/29/2022 14:00,0
1/29/2022 15:00,0
1/29/2022 16:00,0
1/29/2022 17:00,0
1/29/2022 18:00,0
1/29/2022 19:00,22.236
1/29/2022 20:00,140.534
1/29/2022 21:00,311.888
1/29/2022 22:00,509.127
1/29/2022 23:00,689.294
1/30/2022 0:00,839.417
1/30/2022 1:00,906.425
1/30/2022 2:00,913.275
1/30/2022 3:00,865.426
1/30/2022 4:00,751.095
1/30/2022 5:00,601.079
1/30/2022 6:00,436.585
1/30/2022 7:00,264.999
1/30/2022 8:00,107.516
1/30/2022 9:00,32.087
1/30/2022 10:00,8.12
1/30/2022 11:00,0.011
1/30/2022 12:00,0
1/30/2022 13:00,0
1/30/2022 14:00,0
1/30/2022 15:00,0
1/30/2022 16:00,0
1/30/2022 17:00,0
1/30/2022 18:00,0
1/30/2022 19:00,27.536
1/30/2022 20:00,161.912
1/30/2022 21:00,355.582
1/30/2022 22:00,553.19
1/30/2022 23:00,719.443
1/31/2022 0:00,845.624
1/31/2022 1:00,928.062
1/31/2022 2:00,938.059
1/31/2022 3:00,906.237
1/31/2022 4:00,811.537
1/31/2022 5:00,664.941
1/31/2022 6:00,481.653
1/31/2022 7:00,283.797
1/31/2022 8:00,108.238
1/31/2022 9:00,30.831
1/31/2022 10:00,7.887
1/31/2022 11:00,0.008
1/31/2022 12:00,0
1/31/2022 13:00,0
1/31/2022 14:00,0
1/31/2022 15:00,0
1/31/2022 16:00,0
1/31/2022 17:00,0
1/31/2022 18:00,0
1/31/2022 19:00,26.978
1/31/2022 20:00,154.573
1/31/2022 21:00,327.689
1/31/2022 22:00,543.784
1/31/2022 23:00,679.971
2/1/2022 0:00,785.836
2/1/2022 1:00,867.809
2/1/2022 2:00,898.328
2/1/2022 3:00,824.023
2/1/2022 4:00,713.961
2/1/2022 5:00,560.98
2/1/2022 6:00,404.133
2/1/2022 7:00,232.138
2/1/2022 8:00,97.617
2/1/2022 9:00,31.436
2/1/2022 10:00,7.942
2/1/2022 11:00,0.005
2/1/2022 12:00,0
2/1/2022 13:00,0
2/1/2022 14:00,0
2/1/2022 15:00,0
2/1/2022 16:00,0
2/1/2022 17:00,0
2/1/2022 18:00,0
2/1/2022 19:00,15.973
2/1/2022 20:00,107.729
2/1/2022 21:00,242.135
2/1/2022 22:00,397.157
2/1/2022 23:00,541.922
2/2/2022 0:00,662.521
2/2/2022 1:00,730.153
2/2/2022 2:00,747.987
2/2/2022 3:00,708.767
2/2/2022 4:00,639.218
2/2/2022 5:00,528.102
2/2/2022 6:00,390.815
2/2/2022 7:00,228.275
2/2/2022 8:00,96.387
2/2/2022 9:00,30.765
2/2/2022 10:00,7.261
2/2/2022 11:00,0.003
2/2/2022 12:00,0
2/2/2022 13:00,0
2/2/2022 14:00,0
2/2/2022 15:00,0
2/2/2022 16:00,0
2/2/2022 17:00,0
2/2/2022 18:00,0
2/2/2022 19:00,15.488
2/2/2022 20:00,105.791
2/2/2022 21:00,237.647
2/2/2022 22:00,373.334
2/2/2022 23:00,502.033
2/3/2022 0:00,601.941
2/3/2022 1:00,670.904
2/3/2022 2:00,694.057
2/3/2022 3:00,684.295
2/3/2022 4:00,621.776
2/3/2022 5:00,517.155
2/3/2022 6:00,380.754
2/3/2022 7:00,231.288
2/3/2022 8:00,95.231
2/3/2022 9:00,30.129
2/3/2022 10:00,7.17
2/3/2022 11:00,0.001
2/3/2022 12:00,0
2/3/2022 13:00,0
2/3/2022 14:00,0
2/3/2022 15:00,0
2/3/2022 16:00,0
2/3/2022 17:00,0
2/3/2022 18:00,0
2/3/2022 19:00,19.777
2/3/2022 20:00,148.314
2/3/2022 21:00,335.64
2/3/2022 22:00,543.148
2/3/2022 23:00,724.676
2/4/2022 0:00,833.75
2/4/2022 1:00,856.785
2/4/2022 2:00,924.592
2/4/2022 3:00,844.553
2/4/2022 4:00,743.234
2/4/2022 5:00,613.532
2/4/2022 6:00,428.737
2/4/2022 7:00,242.594
2/4/2022 8:00,93.319
2/4/2022 9:00,29.031
2/4/2022 10:00,6.876
2/4/2022 11:00,0.001
2/4/2022 12:00,0
2/4/2022 13:00,0
2/4/2022 14:00,0
2/4/2022 15:00,0
2/4/2022 16:00,0
2/4/2022 17:00,0
2/4/2022 18:00,0
2/4/2022 19:00,17.772
2/4/2022 20:00,127.782
2/4/2022 21:00,289.977
2/4/2022 22:00,473.733
2/4/2022 23:00,663.595
2/5/2022 0:00,752.165
2/5/2022 1:00,820.732
2/5/2022 2:00,864.215
2/5/2022 3:00,836.631
2/5/2022 4:00,748.443
2/5/2022 5:00,621.237
2/5/2022 6:00,440.028
2/5/2022 7:00,247.711
2/5/2022 8:00,94.499
2/5/2022 9:00,29.178
2/5/2022 10:00,6.743
2/5/2022 11:00,0
2/5/2022 12:00,0
2/5/2022 13:00,0
2/5/2022 14:00,0
2/5/2022 15:00,0
2/5/2022 16:00,0
2/5/2022 17:00,0
2/5/2022 18:00,0
2/5/2022 19:00,16.534
2/5/2022 20:00,125.736
2/5/2022 21:00,281.662
2/5/2022 22:00,477.81
2/5/2022 23:00,633.65
2/6/2022 0:00,757.36
2/6/2022 1:00,832.279
2/6/2022 2:00,845.015
2/6/2022 3:00,804.197
2/6/2022 4:00,716.754
2/6/2022 5:00,575.047
2/6/2022 6:00,409.818
2/6/2022 7:00,226.686
2/6/2022 8:00,84.953
2/6/2022 9:00,20.418
2/6/2022 10:00,4.744
2/6/2022 11:00,0
2/6/2022 12:00,0
2/6/2022 13:00,0
2/6/2022 14:00,0
2/6/2022 15:00,0
2/6/2022 16:00,0
2/6/2022 17:00,0
2/6/2022 18:00,0
2/6/2022 19:00,20.658
2/6/2022 20:00,152.396
2/6/2022 21:00,351.819
2/6/2022 22:00,544.12
2/6/2022 23:00,674.087
2/7/2022 0:00,770.486
2/7/2022 1:00,882.686
2/7/2022 2:00,916.248
2/7/2022 3:00,862.001
2/7/2022 4:00,766.688
2/7/2022 5:00,625.912
2/7/2022 6:00,453.631
2/7/2022 7:00,265.337
2/7/2022 8:00,98.762
2/7/2022 9:00,28.675
2/7/2022 10:00,6.426
2/7/2022 11:00,0
2/7/2022 12:00,0
2/7/2022 13:00,0
2/7/2022 14:00,0
2/7/2022 15:00,0
2/7/2022 16:00,0
2/7/2022 17:00,0
2/7/2022 18:00,0
2/7/2022 19:00,18.924
2/7/2022 20:00,142.601
2/7/2022 21:00,318.664
2/7/2022 22:00,506.076
2/7/2022 23:00,661.211
2/8/2022 0:00,770.017
2/8/2022 1:00,825.982
2/8/2022 2:00,857.049
2/8/2022 3:00,820.129
2/8/2022 4:00,754.633
2/8/2022 5:00,609.868
2/8/2022 6:00,440.08
2/8/2022 7:00,247.16
2/8/2022 8:00,87.252
2/8/2022 9:00,27.128
2/8/2022 10:00,6.022
2/8/2022 11:00,0
2/8/2022 12:00,0
2/8/2022 13:00,0
2/8/2022 14:00,0
2/8/2022 15:00,0
2/8/2022 16:00,0
2/8/2022 17:00,0
2/8/2022 18:00,0
2/8/2022 19:00,21.252
2/8/2022 20:00,148.585
2/8/2022 21:00,324.494
2/8/2022 22:00,512.291
2/8/2022 23:00,689.498
2/9/2022 0:00,843.419
2/9/2022 1:00,926.751
2/9/2022 2:00,933.761
2/9/2022 3:00,864.702
2/9/2022 4:00,747.155
2/9/2022 5:00,601.121
2/9/2022 6:00,418.743
2/9/2022 7:00,236.316
2/9/2022 8:00,85.071
2/9/2022 9:00,27.522
2/9/2022 10:00,6.036
2/9/2022 11:00,0
2/9/2022 12:00,0
2/9/2022 13:00,0
2/9/2022 14:00,0
2/9/2022 15:00,0
2/9/2022 16:00,0
2/9/2022 17:00,0
2/9/2022 18:00,0
2/9/2022 19:00,19.411
2/9/2022 20:00,135.471
2/9/2022 21:00,294.164
2/9/2022 22:00,482.342
2/9/2022 23:00,696.001
2/10/2022 0:00,856.207
2/10/2022 1:00,947.55
2/10/2022 2:00,963.796
2/10/2022 3:00,919.451
2/10/2022 4:00,799.768
2/10/2022 5:00,599.402
2/10/2022 6:00,410.429
2/10/2022 7:00,230.755
2/10/2022 8:00,87.652
2/10/2022 9:00,27.655
2/10/2022 10:00,5.87
2/10/2022 11:00,0
2/10/2022 12:00,0
2/10/2022 13:00,0
2/10/2022 14:00,0
2/10/2022 15:00,0
2/10/2022 16:00,0
2/10/2022 17:00,0
2/10/2022 18:00,0
2/10/2022 19:00,16.691
2/10/2022 20:00,132.889
2/10/2022 21:00,305.753
2/10/2022 22:00,512.332
2/10/2022 23:00,693.132
2/11/2022 0:00,846.199
2/11/2022 1:00,913.131
2/11/2022 2:00,928.384
2/11/2022 3:00,900.954
2/11/2022 4:00,791.152
2/11/2022 5:00,632.922
2/11/2022 6:00,442.846
2/11/2022 7:00,246.089
2/11/2022 8:00,84.874
2/11/2022 9:00,21.835
2/11/2022 10:00,4.873
2/11/2022 11:00,0
2/11/2022 12:00,0
2/11/2022 13:00,0
2/11/2022 14:00,0
2/11/2022 15:00,0
2/11/2022 16:00,0
2/11/2022 17:00,0
2/11/2022 18:00,0
2/11/2022 19:00,16.714
2/11/2022 20:00,143.849
2/11/2022 21:00,332.248
2/11/2022 22:00,546.913
2/11/2022 23:00,721.27
2/12/2022 0:00,833.254
2/12/2022 1:00,920.967
2/12/2022 2:00,926.09
2/12/2022 3:00,893.927
2/12/2022 4:00,777.436
2/12/2022 5:00,625.884
2/12/2022 6:00,443.432
2/12/2022 7:00,255.773
2/12/2022 8:00,90.281
2/12/2022 9:00,26.401
2/12/2022 10:00,5.388
2/12/2022 11:00,0
2/12/2022 12:00,0
2/12/2022 13:00,0
2/12/2022 14:00,0
2/12/2022 15:00,0
2/12/2022 16:00,0
2/12/2022 17:00,0
2/12/2022 18:00,0
2/12/2022 19:00,12.964
2/12/2022 20:00,125.77
2/12/2022 21:00,308.503
2/12/2022 22:00,519.809
2/12/2022 23:00,708.152
2/13/2022 0:00,842.477
2/13/2022 1:00,938.278
2/13/2022 2:00,946.375
2/13/2022 3:00,896.44
2/13/2022 4:00,787.139
2/13/2022 5:00,588.088
2/13/2022 6:00,402.182
2/13/2022 7:00,207.583
2/13/2022 8:00,71.702
2/13/2022 9:00,25.557
2/13/2022 10:00,5.095
2/13/2022 11:00,0
2/13/2022 12:00,0
2/13/2022 13:00,0
2/13/2022 14:00,0
2/13/2022 15:00,0
2/13/2022 16:00,0
2/13/2022 17:00,0
2/13/2022 18:00,0
2/13/2022 19:00,14.929
2/13/2022 20:00,137.241
2/13/2022 21:00,306.542
2/13/2022 22:00,492.528
2/13/2022 23:00,683.101
2/14/2022 0:00,844.899
2/14/2022 1:00,927.694
2/14/2022 2:00,948.461
2/14/2022 3:00,895.856
2/14/2022 4:00,794.171
2/14/2022 5:00,636.54
2/14/2022 6:00,435.944
2/14/2022 7:00,233.862
2/14/2022 8:00,76.764
2/14/2022 9:00,21.192
2/14/2022 10:00,4.017
2/14/2022 11:00,0
2/14/2022 12:00,0
2/14/2022 13:00,0
2/14/2022 14:00,0
2/14/2022 15:00,0
2/14/2022 16:00,0
2/14/2022 17:00,0
2/14/2022 18:00,0
2/14/2022 19:00,12.848
2/14/2022 20:00,124.32
2/14/2022 21:00,298.052
2/14/2022 22:00,491.135
2/14/2022 23:00,681.249
2/15/2022 0:00,822.243
2/15/2022 1:00,910.599
2/15/2022 2:00,931.961
2/15/2022 3:00,886.955
2/15/2022 4:00,782.863
2/15/2022 5:00,630.037
2/15/2022 6:00,443.378
2/15/2022 7:00,237.409
2/15/2022 8:00,76.289
2/15/2022 9:00,22.989
2/15/2022 10:00,4.075
2/15/2022 11:00,0
2/15/2022 12:00,0
2/15/2022 13:00,0
2/15/2022 14:00,0
2/15/2022 15:00,0
2/15/2022 16:00,0
2/15/2022 17:00,0
2/15/2022 18:00,0
2/15/2022 19:00,12.429
2/15/2022 20:00,118.196
2/15/2022 21:00,278.26
2/15/2022 22:00,433.496
2/15/2022 23:00,584.044
2/16/2022 0:00,708.134
2/16/2022 1:00,780.758
2/16/2022 2:00,778.037
2/16/2022 3:00,740.117
2/16/2022 4:00,651.812
2/16/2022 5:00,519.321
2/16/2022 6:00,351.153
2/16/2022 7:00,187.531
2/16/2022 8:00,65.331
2/16/2022 9:00,24.615
2/16/2022 10:00,4.441
2/16/2022 11:00,0
2/16/2022 12:00,0
2/16/2022 13:00,0
2/16/2022 14:00,0
2/16/2022 15:00,0
2/16/2022 16:00,0
2/16/2022 17:00,0
2/16/2022 18:00,0
2/16/2022 19:00,12.951
2/16/2022 20:00,125.321
2/16/2022 21:00,303.698
2/16/2022 22:00,494.533
2/16/2022 23:00,663.495
2/17/2022 0:00,781.976
2/17/2022 1:00,871.147
2/17/2022 2:00,930.381
2/17/2022 3:00,911.249
2/17/2022 4:00,793.137
2/17/2022 5:00,612.061
2/17/2022 6:00,406.485
2/17/2022 7:00,220.894
2/17/2022 8:00,79.864
2/17/2022 9:00,24.759
2/17/2022 10:00,4.276
2/17/2022 11:00,0
2/17/2022 12:00,0
2/17/2022 13:00,0
2/17/2022 14:00,0
2/17/2022 15:00,0
2/17/2022 16:00,0
2/17/2022 17:00,0
2/17/2022 18:00,0
2/17/2022 19:00,11.703
2/17/2022 20:00,125.612
2/17/2022 21:00,301.454
2/17/2022 22:00,489.973
2/17/2022 23:00,655.497
2/18/2022 0:00,805.778
2/18/2022 1:00,880.35
2/18/2022 2:00,911.508
2/18/2022 3:00,878.667
2/18/2022 4:00,783.715
2/18/2022 5:00,623.01
2/18/2022 6:00,430.248
2/18/2022 7:00,226.463
2/18/2022 8:00,73.072
2/18/2022 9:00,23.917
2/18/2022 10:00,4.189
2/18/2022 11:00,0
2/18/2022 12:00,0
2/18/2022 13:00,0
2/18/2022 14:00,0
2/18/2022 15:00,0
2/18/2022 16:00,0
2/18/2022 17:00,0
2/18/2022 18:00,0
2/18/2022 19:00,10.105
2/18/2022 20:00,125.444
2/18/2022 21:00,312.543
2/18/2022 22:00,517.964
2/18/2022 23:00,702.196
2/19/2022 0:00,849.999
2/19/2022 1:00,927.869
2/19/2022 2:00,930.179
2/19/2022 3:00,869.932
2/19/2022 4:00,776.521
2/19/2022 5:00,631.003
2/19/2022 6:00,442.778
2/19/2022 7:00,242.254
2/19/2022 8:00,80.698
2/19/2022 9:00,23.803
2/19/2022 10:00,3.957
2/19/2022 11:00,0
2/19/2022 12:00,0
2/19/2022 13:00,0
2/19/2022 14:00,0
2/19/2022 15:00,0
2/19/2022 16:00,0
2/19/2022 17:00,0
2/19/2022 18:00,0
2/19/2022 19:00,9.39
2/19/2022 20:00,108.611
2/19/2022 21:00,278.732
2/19/2022 22:00,471.542
2/19/2022 23:00,626.696
2/20/2022 0:00,727.769
2/20/2022 1:00,748.299
2/20/2022 2:00,736.785
2/20/2022 3:00,718.014
2/20/2022 4:00,676.539
2/20/2022 5:00,522.067
2/20/2022 6:00,341.548
2/20/2022 7:00,182.971
2/20/2022 8:00,64.207
2/20/2022 9:00,23.436
2/20/2022 10:00,3.806
2/20/2022 11:00,0
2/20/2022 12:00,0
2/20/2022 13:00,0
2/20/2022 14:00,0
2/20/2022 15:00,0
2/20/2022 16:00,0
2/20/2022 17:00,0
2/20/2022 18:00,0
2/20/2022 19:00,7.695
2/20/2022 20:00,97.153
2/20/2022 21:00,250.379
2/20/2022 22:00,443.051
2/20/2022 23:00,629.87
2/21/2022 0:00,782.249
2/21/2022 1:00,870.401
2/21/2022 2:00,885.338
2/21/2022 3:00,828.528
2/21/2022 4:00,706.951
2/21/2022 5:00,557.989
2/21/2022 6:00,381.902
2/21/2022 7:00,200.591
2/21/2022 8:00,60.799
2/21/2022 9:00,17.123
2/21/2022 10:00,3.044
2/21/2022 11:00,0
2/21/2022 12:00,0
2/21/2022 13:00,0
2/21/2022 14:00,0
2/21/2022 15:00,0
2/21/2022 16:00,0
2/21/2022 17:00,0
2/21/2022 18:00,0
2/21/2022 19:00,5.502
2/21/2022 20:00,84.28
2/21/2022 21:00,229.461
2/21/2022 22:00,395.828
2/21/2022 23:00,550.434
2/22/2022 0:00,667.517
2/22/2022 1:00,745.468
2/22/2022 2:00,777.041
2/22/2022 3:00,762.447
2/22/2022 4:00,676.44
2/22/2022 5:00,540.565
2/22/2022 6:00,373.039
2/22/2022 7:00,203.388
2/22/2022 8:00,71.987
2/22/2022 9:00,22.676
2/22/2022 10:00,3.274
2/22/2022 11:00,0
2/22/2022 12:00,0
2/22/2022 13:00,0
2/22/2022 14:00,0
2/22/2022 15:00,0
2/22/2022 16:00,0
2/22/2022 17:00,0
2/22/2022 18:00,0
2/22/2022 19:00,4.294
2/22/2022 20:00,71.749
2/22/2022 21:00,203.335
2/22/2022 22:00,361.867
2/22/2022 23:00,527.645
2/23/2022 0:00,655.34
2/23/2022 1:00,740.004
2/23/2022 2:00,770.787
2/23/2022 3:00,743.451
2/23/2022 4:00,663.612
2/23/2022 5:00,542.223
2/23/2022 6:00,382.848
2/23/2022 7:00,200.446
2/23/2022 8:00,66.952
2/23/2022 9:00,21.564
2/23/2022 10:00,3.102
2/23/2022 11:00,0
2/23/2022 12:00,0
2/23/2022 13:00,0
2/23/2022 14:00,0
2/23/2022 15:00,0
2/23/2022 16:00,0
2/23/2022 17:00,0
2/23/2022 18:00,0
2/23/2022 19:00,3.47
2/23/2022 20:00,56.851
2/23/2022 21:00,173.535
2/23/2022 22:00,328.345
2/23/2022 23:00,479.52
2/24/2022 0:00,616.052
2/24/2022 1:00,699.989
2/24/2022 2:00,691.707
2/24/2022 3:00,635.063
2/24/2022 4:00,557.316
2/24/2022 5:00,444.877
2/24/2022 6:00,307.604
2/24/2022 7:00,164.166
2/24/2022 8:00,56.97
2/24/2022 9:00,15.866
2/24/2022 10:00,2.128
2/24/2022 11:00,0
2/24/2022 12:00,0
2/24/2022 13:00,0
2/24/2022 14:00,0
2/24/2022 15:00,0
2/24/2022 16:00,0
2/24/2022 17:00,0
2/24/2022 18:00,0
2/24/2022 19:00,2.693
2/24/2022 20:00,55.996
2/24/2022 21:00,165.599
2/24/2022 22:00,301.008
2/24/2022 23:00,421.9
2/25/2022 0:00,538.709
2/25/2022 1:00,612.494
2/25/2022 2:00,642.469
2/25/2022 3:00,633.223
2/25/2022 4:00,574.665
2/25/2022 5:00,447.824
2/25/2022 6:00,299.275
2/25/2022 7:00,165.034
2/25/2022 8:00,59.297
2/25/2022 9:00,20.117
2/25/2022 10:00,2.856
2/25/2022 11:00,0
2/25/2022 12:00,0
2/25/2022 13:00,0
2/25/2022 14:00,0
2/25/2022 15:00,0
2/25/2022 16:00,0
2/25/2022 17:00,0
2/25/2022 18:00,0
2/25/2022 19:00,2.231
2/25/2022 20:00,53.923
2/25/2022 21:00,168.029
2/25/2022 22:00,309.817
2/25/2022 23:00,457.431
2/26/2022 0:00,578.48
2/26/2022 1:00,647.774
2/26/2022 2:00,662.359
2/26/2022 3:00,620.079
2/26/2022 4:00,540.149
2/26/2022 5:00,434.023
2/26/2022 6:00,299.068
2/26/2022 7:00,168
2/26/2022 8:00,62.675
2/26/2022 9:00,21.165
2/26/2022 10:00,2.769
2/26/2022 11:00,0
2/26/2022 12:00,0
2/26/2022 13:00,0
2/26/2022 14:00,0
2/26/2022 15:00,0
2/26/2022 16:00,0
2/26/2022 17:00,0
2/26/2022 18:00,0
2/26/2022 19:00,2.737
2/26/2022 20:00,63.556
2/26/2022 21:00,187.56
2/26/2022 22:00,343.136
2/26/2022 23:00,465.595
2/27/2022 0:00,562.516
2/27/2022 1:00,614.353
2/27/2022 2:00,622.684
2/27/2022 3:00,609.489
2/27/2022 4:00,535.623
2/27/2022 5:00,395.903
2/27/2022 6:00,264.985
2/27/2022 7:00,143.459
2/27/2022 8:00,55.61
2/27/2022 9:00,21.039
2/27/2022 10:00,2.646
2/27/2022 11:00,0
2/27/2022 12:00,0
2/27/2022 13:00,0
2/27/2022 14:00,0
2/27/2022 15:00,0
2/27/2022 16:00,0
2/27/2022 17:00,0
2/27/2022 18:00,0
2/27/2022 19:00,3.534
2/27/2022 20:00,60.78
2/27/2022 21:00,169.818
2/27/2022 22:00,303.78
2/27/2022 23:00,469.031
2/28/2022 0:00,615.342
2/28/2022 1:00,686.745
2/28/2022 2:00,698.725
2/28/2022 3:00,677.396
2/28/2022 4:00,602.355
2/28/2022 5:00,486.479
2/28/2022 6:00,336.248
2/28/2022 7:00,172.957
2/28/2022 8:00,56.956
2/28/2022 9:00,20.348
2/28/2022 10:00,2.399
2/28/2022 11:00,0
2/28/2022 12:00,0
2/28/2022 13:00,0
2/28/2022 14:00,0
2/28/2022 15:00,0
2/28/2022 16:00,0
2/28/2022 17:00,0
2/28/2022 18:00,0
2/28/2022 19:00,3.768
2/28/2022 20:00,75.555
2/28/2022 21:00,217.263
2/28/2022 22:00,372.887
2/28/2022 23:00,496.914
3/1/2022 0:00,601.736
3/1/2022 1:00,672.451
3/1/2022 2:00,720.927
3/1/2022 3:00,695.097
3/1/2022 4:00,588.876
3/1/2022 5:00,433.14
3/1/2022 6:00,294.241
3/1/2022 7:00,148.986
3/1/2022 8:00,51.739
3/1/2022 9:00,18.514
3/1/2022 10:00,2.041
3/1/2022 11:00,0
3/1/2022 12:00,0
3/1/2022 13:00,0
3/1/2022 14:00,0
3/1/2022 15:00,0
3/1/2022 16:00,0
3/1/2022 17:00,0
3/1/2022 18:00,0
3/1/2022 19:00,3.929
3/1/2022 20:00,83.291
3/1/2022 21:00,239.873
3/1/2022 22:00,410.155
3/1/2022 23:00,557.585
3/2/2022 0:00,667.94
3/2/2022 1:00,731.46
3/2/2022 2:00,725.787
3/2/2022 3:00,671.914
3/2/2022 4:00,558.503
3/2/2022 5:00,450.469
3/2/2022 6:00,316.978
3/2/2022 7:00,168.676
3/2/2022 8:00,58.087
3/2/2022 9:00,19.877
3/2/2022 10:00,2.198
3/2/2022 11:00,0
3/2/2022 12:00,0
3/2/2022 13:00,0
3/2/2022 14:00,0
3/2/2022 15:00,0
3/2/2022 16:00,0
3/2/2022 17:00,0
3/2/2022 18:00,0
3/2/2022 19:00,3.198
3/2/2022 20:00,71.477
3/2/2022 21:00,213.218
3/2/2022 22:00,379.777
3/2/2022 23:00,532.345
3/3/2022 0:00,648.076
3/3/2022 1:00,701.659
3/3/2022 2:00,668.515
3/3/2022 3:00,622.644
3/3/2022 4:00,561.936
3/3/2022 5:00,465.001
3/3/2022 6:00,330.708
3/3/2022 7:00,172.375
3/3/2022 8:00,58.548
3/3/2022 9:00,20.422
3/3/2022 10:00,2.167
3/3/2022 11:00,0
3/3/2022 12:00,0
3/3/2022 13:00,0
3/3/2022 14:00,0
3/3/2022 15:00,0
3/3/2022 16:00,0
3/3/2022 17:00,0
3/3/2022 18:00,0
3/3/2022 19:00,3.392
3/3/2022 20:00,82.705
3/3/2022 21:00,228.921
3/3/2022 22:00,390.124
3/3/2022 23:00,524.678
3/4/2022 0:00,654.878
3/4/2022 1:00,736.276
3/4/2022 2:00,789.093
3/4/2022 3:00,753.936
3/4/2022 4:00,657.739
3/4/2022 5:00,486.019
3/4/2022 6:00,308.296
3/4/2022 7:00,152.004
3/4/2022 8:00,53.442
3/4/2022 9:00,20.061
3/4/2022 10:00,2.045
3/4/2022 11:00,0
3/4/2022 12:00,0
3/4/2022 13:00,0
3/4/2022 14:00,0
3/4/2022 15:00,0
3/4/2022 16:00,0
3/4/2022 17:00,0
3/4/2022 18:00,0
3/4/2022 19:00,3.2
3/4/2022 20:00,73.29
3/4/2022 21:00,209.223
3/4/2022 22:00,382.128
3/4/2022 23:00,571.586
3/5/2022 0:00,684.426
3/5/2022 1:00,720.72
3/5/2022 2:00,703.707
3/5/2022 3:00,649.435
3/5/2022 4:00,567.047
3/5/2022 5:00,462.812
3/5/2022 6:00,302.771
3/5/2022 7:00,154.679
3/5/2022 8:00,47.952
3/5/2022 9:00,15.825
3/5/2022 10:00,1.521
3/5/2022 11:00,0
3/5/2022 12:00,0
3/5/2022 13:00,0
3/5/2022 14:00,0
3/5/2022 15:00,0
3/5/2022 16:00,0
3/5/2022 17:00,0
3/5/2022 18:00,0
3/5/2022 19:00,2.819
3/5/2022 20:00,69.856
3/5/2022 21:00,197.314
3/5/2022 22:00,345.159
3/5/2022 23:00,500.655
3/6/2022 0:00,634.007
3/6/2022 1:00,735.262
3/6/2022 2:00,788.527
3/6/2022 3:00,756.329
3/6/2022 4:00,651.739
3/6/2022 5:00,506.511
3/6/2022 6:00,343.01
3/6/2022 7:00,173.126
3/6/2022 8:00,55.728
3/6/2022 9:00,18.817
3/6/2022 10:00,1.687
3/6/2022 11:00,0
3/6/2022 12:00,0
3/6/2022 13:00,0
3/6/2022 14:00,0
3/6/2022 15:00,0
3/6/2022 16:00,0
3/6/2022 17:00,0
3/6/2022 18:00,0
3/6/2022 19:00,1.905
3/6/2022 20:00,58.831
3/6/2022 21:00,189.494
3/6/2022 22:00,331.981
3/6/2022 23:00,461.479
3/7/2022 0:00,581.939
3/7/2022 1:00,657.751
3/7/2022 2:00,682.412
3/7/2022 3:00,653.864
3/7/2022 4:00,578.505
3/7/2022 5:00,456.704
3/7/2022 6:00,303.092
3/7/2022 7:00,150.784
3/7/2022 8:00,51.396
3/7/2022 9:00,18.549
3/7/2022 10:00,1.613
3/7/2022 11:00,0
3/7/2022 12:00,0
3/7/2022 13:00,0
3/7/2022 14:00,0
3/7/2022 15:00,0
3/7/2022 16:00,0
3/7/2022 17:00,0
3/7/2022 18:00,0
3/7/2022 19:00,1.685
3/7/2022 20:00,56.079
3/7/2022 21:00,186.773
3/7/2022 22:00,336.73
3/7/2022 23:00,483.253
3/8/2022 0:00,602.172
3/8/2022 1:00,674.207
3/8/2022 2:00,705.036
3/8/2022 3:00,663.305
3/8/2022 4:00,564.664
3/8/2022 5:00,437.993
3/8/2022 6:00,282.635
3/8/2022 7:00,144.219
3/8/2022 8:00,52.253
3/8/2022 9:00,18.049
3/8/2022 10:00,1.474
3/8/2022 11:00,0
3/8/2022 12:00,0
3/8/2022 13:00,0
3/8/2022 14:00,0
3/8/2022 15:00,0
3/8/2022 16:00,0
3/8/2022 17:00,0
3/8/2022 18:00,0
3/8/2022 19:00,1.891
3/8/2022 20:00,63.837
3/8/2022 21:00,203.151
3/8/2022 22:00,366.799
3/8/2022 23:00,548.726
3/9/2022 0:00,711.3
3/9/2022 1:00,807.061
3/9/2022 2:00,821.937
3/9/2022 3:00,781.029
3/9/2022 4:00,669.87
3/9/2022 5:00,510.594
3/9/2022 6:00,338.18
3/9/2022 7:00,159.8
3/9/2022 8:00,36.263
3/9/2022 9:00,8.502
3/9/2022 10:00,0.669
3/9/2022 11:00,0
3/9/2022 12:00,0
3/9/2022 13:00,0
3/9/2022 14:00,0
3/9/2022 15:00,0
3/9/2022 16:00,0
3/9/2022 17:00,0
3/9/2022 18:00,0
3/9/2022 19:00,1.661
3/9/2022 20:00,70.139
3/9/2022 21:00,226.846
3/9/2022 22:00,404.951
3/9/2022 23:00,587.802
3/10/2022 0:00,734.922
3/10/2022 1:00,824.585
3/10/2022 2:00,834.874
3/10/2022 3:00,778.33
3/10/2022 4:00,669.015
3/10/2022 5:00,518.496
3/10/2022 6:00,351.593
3/10/2022 7:00,169.103
3/10/2022 8:00,47.033
3/10/2022 9:00,14.234
3/10/2022 10:00,1.023
3/10/2022 11:00,0
3/10/2022 12:00,0
3/10/2022 13:00,0
3/10/2022 14:00,0
3/10/2022 15:00,0
3/10/2022 16:00,0
3/10/2022 17:00,0
3/10/2022 18:00,0
3/10/2022 19:00,1.622
3/10/2022 20:00,69.101
3/10/2022 21:00,228.192
3/10/2022 22:00,419.76
3/10/2022 23:00,596.223
3/11/2022 0:00,717.766
3/11/2022 1:00,805.394
3/11/2022 2:00,810.408
3/11/2022 3:00,746.439
3/11/2022 4:00,638.755
3/11/2022 5:00,510.75
3/11/2022 6:00,354.133
3/11/2022 7:00,169.678
3/11/2022 8:00,46.338
3/11/2022 9:00,14.972
3/11/2022 10:00,0.987
3/11/2022 11:00,0
3/11/2022 12:00,0
3/11/2022 13:00,0
3/11/2022 14:00,0
3/11/2022 15:00,0
3/11/2022 16:00,0
3/11/2022 17:00,0
3/11/2022 18:00,0
3/11/2022 19:00,1.721
3/11/2022 20:00,75.454
3/11/2022 21:00,251.613
3/11/2022 22:00,445.956
3/11/2022 23:00,627.032
3/12/2022 0:00,760.772
3/12/2022 1:00,833.771
3/12/2022 2:00,838.175
3/12/2022 3:00,779.906
3/12/2022 4:00,662.549
3/12/2022 5:00,516.612
3/12/2022 6:00,341.103
3/12/2022 7:00,160.833
3/12/2022 8:00,47.303
3/12/2022 9:00,15.407
3/12/2022 10:00,0.908
3/12/2022 11:00,0
3/12/2022 12:00,0
3/12/2022 13:00,0
3/12/2022 14:00,0
3/12/2022 15:00,0
3/12/2022 16:00,0
3/12/2022 17:00,0
3/12/2022 18:00,0
3/12/2022 19:00,1.319
3/12/2022 20:00,60.271
3/12/2022 21:00,206.47
3/12/2022 22:00,382.324
3/12/2022 23:00,557.947
3/13/2022 0:00,695.947
3/13/2022 1:00,789.233
3/13/2022 2:00,806.81
3/13/2022 3:00,745.978
3/13/2022 4:00,642.293
3/13/2022 5:00,506.882
3/13/2022 6:00,332.922
3/13/2022 7:00,152.471
3/13/2022 8:00,38.913
3/13/2022 9:00,13.711
3/13/2022 10:00,0.745
3/13/2022 11:00,0
3/13/2022 12:00,0
3/13/2022 13:00,0
3/13/2022 14:00,0
3/13/2022 15:00,0
3/13/2022 16:00,0
3/13/2022 17:00,0
3/13/2022 18:00,0
3/13/2022 19:00,1.206
3/13/2022 20:00,65.816
3/13/2022 21:00,216.873
3/13/2022 22:00,391.994
3/13/2022 23:00,567.792
3/14/2022 0:00,698.741
3/14/2022 1:00,795.149
3/14/2022 2:00,822.219
3/14/2022 3:00,774.515
3/14/2022 4:00,634.774
3/14/2022 5:00,465.69
3/14/2022 6:00,273.691
3/14/2022 7:00,117.046
3/14/2022 8:00,36.116
3/14/2022 9:00,14.172
3/14/2022 10:00,0.782
3/14/2022 11:00,0
3/14/2022 12:00,0
3/14/2022 13:00,0
3/14/2022 14:00,0
3/14/2022 15:00,0
3/14/2022 16:00,0
3/14/2022 17:00,0
3/14/2022 18:00,0
3/14/2022 19:00,1.119
3/14/2022 20:00,62.369
3/14/2022 21:00,206.365
3/14/2022 22:00,367.371
3/14/2022 23:00,519.315
3/15/2022 0:00,631.868
3/15/2022 1:00,692.355
3/15/2022 2:00,689.713
3/15/2022 3:00,608.488
3/15/2022 4:00,497.517
3/15/2022 5:00,382.091
3/15/2022 6:00,239.611
3/15/2022 7:00,116.266
3/15/2022 8:00,42.556
3/15/2022 9:00,14.855
3/15/2022 10:00,0.744
3/15/2022 11:00,0
3/15/2022 12:00,0
3/15/2022 13:00,0
3/15/2022 14:00,0
3/15/2022 15:00,0
3/15/2022 16:00,0
3/15/2022 17:00,0
3/15/2022 18:00,0
3/15/2022 19:00,0.655
3/15/2022 20:00,43.571
3/15/2022 21:00,157.969
3/15/2022 22:00,291.058
3/15/2022 23:00,423.9
3/16/2022 0:00,531.27
3/16/2022 1:00,596.099
3/16/2022 2:00,605.951
3/16/2022 3:00,561.83
3/16/2022 4:00,509.993
3/16/2022 5:00,401.909
3/16/2022 6:00,267.81
3/16/2022 7:00,123.133
3/16/2022 8:00,40.152
3/16/2022 9:00,14.08
3/16/2022 10:00,0.585
3/16/2022 11:00,0
3/16/2022 12:00,0
3/16/2022 13:00,0
3/16/2022 14:00,0
3/16/2022 15:00,0
3/16/2022 16:00,0
3/16/2022 17:00,0
3/16/2022 18:00,0
3/16/2022 19:00,0.787
3/16/2022 20:00,53.482
3/16/2022 21:00,180.432
3/16/2022 22:00,318.58
3/16/2022 23:00,473.116
3/17/2022 0:00,617.028
3/17/2022 1:00,736.428
3/17/2022 2:00,782.942
3/17/2022 3:00,729.162
3/17/2022 4:00,606.306
3/17/2022 5:00,447.59
3/17/2022 6:00,288.918
3/17/2022 7:00,131.163
3/17/2022 8:00,40.396
3/17/2022 9:00,13.007
3/17/2022 10:00,0.601
3/17/2022 11:00,0
3/17/2022 12:00,0
3/17/2022 13:00,0
3/17/2022 14:00,0
3/17/2022 15:00,0
3/17/2022 16:00,0
3/17/2022 17:00,0
3/17/2022 18:00,0
3/17/2022 19:00,0.519
3/17/2022 20:00,43.311
3/17/2022 21:00,170.295
3/17/2022 22:00,327.703
3/17/2022 23:00,480.873
3/18/2022 0:00,607.21
3/18/2022 1:00,689.219
3/18/2022 2:00,696.53
3/18/2022 3:00,652.286
3/18/2022 4:00,556.051
3/18/2022 5:00,433.343
3/18/2022 6:00,280.919
3/18/2022 7:00,111.337
3/18/2022 8:00,20.529
3/18/2022 9:00,6.508
3/18/2022 10:00,0.392
3/18/2022 11:00,0
3/18/2022 12:00,0
3/18/2022 13:00,0
3/18/2022 14:00,0
3/18/2022 15:00,0
3/18/2022 16:00,0
3/18/2022 17:00,0
3/18/2022 18:00,0
3/18/2022 19:00,0.506
3/18/2022 20:00,50.221
3/18/2022 21:00,211.078
3/18/2022 22:00,388.15
3/18/2022 23:00,574.64
3/19/2022 0:00,706.775
3/19/2022 1:00,780.088
3/19/2022 2:00,803.203
3/19/2022 3:00,752.218
3/19/2022 4:00,645.338
3/19/2022 5:00,495.114
3/19/2022 6:00,307.671
3/19/2022 7:00,129.976
3/19/2022 8:00,30.466
3/19/2022 9:00,8.033
3/19/2022 10:00,0.292
3/19/2022 11:00,0
3/19/2022 12:00,0
3/19/2022 13:00,0
3/19/2022 14:00,0
3/19/2022 15:00,0
3/19/2022 16:00,0
3/19/2022 17:00,0
3/19/2022 18:00,0
3/19/2022 19:00,0.432
3/19/2022 20:00,53.809
3/19/2022 21:00,202.693
3/19/2022 22:00,384.51
3/19/2022 23:00,557.308
3/20/2022 0:00,687.654
3/20/2022 1:00,761.055
3/20/2022 2:00,766.149
3/20/2022 3:00,715.102
3/20/2022 4:00,619.028
3/20/2022 5:00,471.911
3/20/2022 6:00,297.69
3/20/2022 7:00,119.571
3/20/2022 8:00,28.397
3/20/2022 9:00,8.275
3/20/2022 10:00,0.335
3/20/2022 11:00,0
3/20/2022 12:00,0
3/20/2022 13:00,0
3/20/2022 14:00,0
3/20/2022 15:00,0
3/20/2022 16:00,0
3/20/2022 17:00,0
3/20/2022 18:00,0
3/20/2022 19:00,0.413
3/20/2022 20:00,54.435
3/20/2022 21:00,215.125
3/20/2022 22:00,402.335
3/20/2022 23:00,593.688
3/21/2022 0:00,737.261
3/21/2022 1:00,807.727
3/21/2022 2:00,809.991
3/21/2022 3:00,764.842
3/21/2022 4:00,669.303
3/21/2022 5:00,510.803
3/21/2022 6:00,331.715
3/21/2022 7:00,139.277
3/21/2022 8:00,40.373
3/21/2022 9:00,13.405
3/21/2022 10:00,0.395
3/21/2022 11:00,0
3/21/2022 12:00,0
3/21/2022 13:00,0
3/21/2022 14:00,0
3/21/2022 15:00,0
3/21/2022 16:00,0
3/21/2022 17:00,0
3/21/2022 18:00,0
3/21/2022 19:00,0.335
3/21/2022 20:00,53.568
3/21/2022 21:00,201.31
3/21/2022 22:00,362.728
3/21/2022 23:00,523.283
3/22/2022 0:00,638.704
3/22/2022 1:00,744.729
3/22/2022 2:00,764.808
3/22/2022 3:00,666.74
3/22/2022 4:00,567.229
3/22/2022 5:00,426.331
3/22/2022 6:00,262.809
3/22/2022 7:00,109.895
3/22/2022 8:00,38.89
3/22/2022 9:00,13.245
3/22/2022 10:00,0.349
3/22/2022 11:00,0
3/22/2022 12:00,0
3/22/2022 13:00,0
3/22/2022 14:00,0
3/22/2022 15:00,0
3/22/2022 16:00,0
3/22/2022 17:00,0
3/22/2022 18:00,0
3/22/2022 19:00,0.272
3/22/2022 20:00,42.401
3/22/2022 21:00,181.03
3/22/2022 22:00,356.951
3/22/2022 23:00,491.502
3/23/2022 0:00,636.449
3/23/2022 1:00,707.564
3/23/2022 2:00,717.19
3/23/2022 3:00,698.014
3/23/2022 4:00,608.778
3/23/2022 5:00,464.258
3/23/2022 6:00,296.858
3/23/2022 7:00,123.863
3/23/2022 8:00,38.219
3/23/2022 9:00,12.86
3/23/2022 10:00,0.299
3/23/2022 11:00,0
3/23/2022 12:00,0
3/23/2022 13:00,0
3/23/2022 14:00,0
3/23/2022 15:00,0
3/23/2022 16:00,0
3/23/2022 17:00,0
3/23/2022 18:00,0
3/23/2022 19:00,0.185
3/23/2022 20:00,31.876
3/23/2022 21:00,130.032
3/23/2022 22:00,262.363
3/23/2022 23:00,397.028
3/24/2022 0:00,510.938
3/24/2022 1:00,600.057
3/24/2022 2:00,625.74
3/24/2022 3:00,586.644
3/24/2022 4:00,507.894
3/24/2022 5:00,400.448
3/24/2022 6:00,265.79
3/24/2022 7:00,124.044
3/24/2022 8:00,38.358
3/24/2022 9:00,12.141
3/24/2022 10:00,0.24
3/24/2022 11:00,0
3/24/2022 12:00,0
3/24/2022 13:00,0
3/24/2022 14:00,0
3/24/2022 15:00,0
3/24/2022 16:00,0
3/24/2022 17:00,0
3/24/2022 18:00,0
3/24/2022 19:00,0.166
3/24/2022 20:00,41.018
3/24/2022 21:00,171.877
3/24/2022 22:00,328.819
3/24/2022 23:00,501.617
3/25/2022 0:00,630.874
3/25/2022 1:00,702.747
3/25/2022 2:00,715.711
3/25/2022 3:00,665.026
3/25/2022 4:00,565.306
3/25/2022 5:00,421.654
3/25/2022 6:00,258.989
3/25/2022 7:00,105.992
3/25/2022 8:00,24.762
3/25/2022 9:00,5.467
3/25/2022 10:00,0.083
3/25/2022 11:00,0
3/25/2022 12:00,0
3/25/2022 13:00,0
3/25/2022 14:00,0
3/25/2022 15:00,0
3/25/2022 16:00,0
3/25/2022 17:00,0
3/25/2022 18:00,0
3/25/2022 19:00,0.082
3/25/2022 20:00,28.128
3/25/2022 21:00,142.616
3/25/2022 22:00,294.567
3/25/2022 23:00,446.763
3/26/2022 0:00,569.877
3/26/2022 1:00,640.769
3/26/2022 2:00,663.465
3/26/2022 3:00,623.971
3/26/2022 4:00,538.531
3/26/2022 5:00,415.78
3/26/2022 6:00,256.892
3/26/2022 7:00,104.588
3/26/2022 8:00,29.492
3/26/2022 9:00,5.597
3/26/2022 10:00,0.058
3/26/2022 11:00,0
3/26/2022 12:00,0
3/26/2022 13:00,0
3/26/2022 14:00,0
3/26/2022 15:00,0
3/26/2022 16:00,0
3/26/2022 17:00,0
3/26/2022 18:00,0
3/26/2022 19:00,0.058
3/26/2022 20:00,25.215
3/26/2022 21:00,134.963
3/26/2022 22:00,293.913
3/26/2022 23:00,453.829
3/27/2022 0:00,558.784
3/27/2022 1:00,611.818
3/27/2022 2:00,626.455
3/27/2022 3:00,591.783
3/27/2022 4:00,510.127
3/27/2022 5:00,373.1
3/27/2022 6:00,232.557
3/27/2022 7:00,97.747
3/27/2022 8:00,28.382
3/27/2022 9:00,9.186
3/27/2022 10:00,0.129
3/27/2022 11:00,0
3/27/2022 12:00,0
3/27/2022 13:00,0
3/27/2022 14:00,0
3/27/2022 15:00,0
3/27/2022 16:00,0
3/27/2022 17:00,0
3/27/2022 18:00,0
3/27/2022 19:00,0.034
3/27/2022 20:00,21.476
3/27/2022 21:00,104.067
3/27/2022 22:00,228.046
3/27/2022 23:00,379.577
3/28/2022 0:00,477.371
3/28/2022 1:00,548.464
3/28/2022 2:00,572.082
3/28/2022 3:00,539.454
3/28/2022 4:00,447.979
3/28/2022 5:00,321.733
3/28/2022 6:00,185.49
3/28/2022 7:00,68.778
3/28/2022 8:00,11.679
3/28/2022 9:00,3.013
3/28/2022 10:00,0.037
3/28/2022 11:00,0
3/28/2022 12:00,0
3/28/2022 13:00,0
3/28/2022 14:00,0
3/28/2022 15:00,0
3/28/2022 16:00,0
3/28/2022 17:00,0
3/28/2022 18:00,0
3/28/2022 19:00,0.037
3/28/2022 20:00,21.934
3/28/2022 21:00,117.806
3/28/2022 22:00,247.785
3/28/2022 23:00,380.012
3/29/2022 0:00,478.004
3/29/2022 1:00,537.737
3/29/2022 2:00,545.455
3/29/2022 3:00,513.63
3/29/2022 4:00,439.568
3/29/2022 5:00,327.868
3/29/2022 6:00,193.086
3/29/2022 7:00,70.768
3/29/2022 8:00,13.159
3/29/2022 9:00,3.11
3/29/2022 10:00,0.032
3/29/2022 11:00,0
3/29/2022 12:00,0
3/29/2022 13:00,0
3/29/2022 14:00,0
3/29/2022 15:00,0
3/29/2022 16:00,0
3/29/2022 17:00,0
3/29/2022 18:00,0
3/29/2022 19:00,0.033
3/29/2022 20:00,23.036
3/29/2022 21:00,121.948
3/29/2022 22:00,266.736
3/29/2022 23:00,454.394
3/30/2022 0:00,585.611
3/30/2022 1:00,666.477
3/30/2022 2:00,696.366
3/30/2022 3:00,654.188
3/30/2022 4:00,547.317
3/30/2022 5:00,409.481
3/30/2022 6:00,242.871
3/30/2022 7:00,84.951
3/30/2022 8:00,17.49
3/30/2022 9:00,4.098
3/30/2022 10:00,0.031
3/30/2022 11:00,0
3/30/2022 12:00,0
3/30/2022 13:00,0
3/30/2022 14:00,0
3/30/2022 15:00,0
3/30/2022 16:00,0
3/30/2022 17:00,0
3/30/2022 18:00,0
3/30/2022 19:00,0.031
3/30/2022 20:00,32.685
3/30/2022 21:00,159.62
3/30/2022 22:00,315.93
3/30/2022 23:00,458.579
3/31/2022 0:00,590.474
3/31/2022 1:00,655.46
3/31/2022 2:00,679.492
3/31/2022 3:00,625.598
3/31/2022 4:00,522.109
3/31/2022 5:00,397.96
3/31/2022 6:00,242.23
3/31/2022 7:00,98.85
3/31/2022 8:00,28.289
3/31/2022 9:00,7.277
3/31/2022 10:00,0.041
3/31/2022 11:00,0
3/31/2022 12:00,0
3/31/2022 13:00,0
3/31/2022 14:00,0
3/31/2022 15:00,0
3/31/2022 16:00,0
3/31/2022 17:00,0
3/31/2022 18:00,0
3/31/2022 19:00,0.021
3/31/2022 20:00,24.737
3/31/2022 21:00,128.705
3/31/2022 22:00,281.11
3/31/2022 23:00,426.272
4/1/2022 0:00,521.798
4/1/2022 1:00,584.763
4/1/2022 2:00,601.708
4/1/2022 3:00,584.111
4/1/2022 4:00,503.012
4/1/2022 5:00,396.053
4/1/2022 6:00,238.672
4/1/2022 7:00,87.019
4/1/2022 8:00,20.695
4/1/2022 9:00,5.336
4/1/2022 10:00,0.021
4/1/2022 11:00,0
4/1/2022 12:00,0
4/1/2022 13:00,0
4/1/2022 14:00,0
4/1/2022 15:00,0
4/1/2022 16:00,0
4/1/2022 17:00,0
4/1/2022 18:00,0
4/1/2022 19:00,0.013
4/1/2022 20:00,23.625
4/1/2022 21:00,125.325
4/1/2022 22:00,250.496
4/1/2022 23:00,399.816
4/2/2022 0:00,534.508
4/2/2022 1:00,545.534
4/2/2022 2:00,519.381
4/2/2022 3:00,459.557
4/2/2022 4:00,407.062
4/2/2022 5:00,350.08
4/2/2022 6:00,217.631
4/2/2022 7:00,78.122
4/2/2022 8:00,25.885
4/2/2022 9:00,7.668
4/2/2022 10:00,0.022
4/2/2022 11:00,0
4/2/2022 12:00,0
4/2/2022 13:00,0
4/2/2022 14:00,0
4/2/2022 15:00,0
4/2/2022 16:00,0
4/2/2022 17:00,0
4/2/2022 18:00,0
4/2/2022 19:00,0.008
4/2/2022 20:00,26.612
4/2/2022 21:00,141.691
4/2/2022 22:00,299.1
4/2/2022 23:00,454.709
4/3/2022 0:00,573.698
4/3/2022 1:00,632.041
4/3/2022 2:00,619.241
4/3/2022 3:00,590.326
4/3/2022 4:00,512.286
4/3/2022 5:00,386.948
4/3/2022 6:00,225.552
4/3/2022 7:00,77.071
4/3/2022 8:00,22.048
4/3/2022 9:00,5.378
4/3/2022 10:00,0.017
4/3/2022 11:00,0
4/3/2022 12:00,0
4/3/2022 13:00,0
4/3/2022 14:00,0
4/3/2022 15:00,0
4/3/2022 16:00,0
4/3/2022 17:00,0
4/3/2022 18:00,0
4/3/2022 19:00,0.004
4/3/2022 20:00,30.193
4/3/2022 21:00,160.84
4/3/2022 22:00,320.591
4/3/2022 23:00,480.767
4/4/2022 0:00,607.275
4/4/2022 1:00,692.41
4/4/2022 2:00,733.773
4/4/2022 3:00,696.871
4/4/2022 4:00,605.983
4/4/2022 5:00,456.118
4/4/2022 6:00,276.795
4/4/2022 7:00,103.175
4/4/2022 8:00,31.766
4/4/2022 9:00,8.739
4/4/2022 10:00,0.013
4/4/2022 11:00,0
4/4/2022 12:00,0
4/4/2022 13:00,0
4/4/2022 14:00,0
4/4/2022 15:00,0
4/4/2022 16:00,0
4/4/2022 17:00,0
4/4/2022 18:00,0
4/4/2022 19:00,0.002
4/4/2022 20:00,31.545
4/4/2022 21:00,162.782
4/4/2022 22:00,326.219
4/4/2022 23:00,510.482
4/5/2022 0:00,657.145
4/5/2022 1:00,738.331
4/5/2022 2:00,759.186
4/5/2022 3:00,712.942
4/5/2022 4:00,606.385
4/5/2022 5:00,444.306
4/5/2022 6:00,259.168
4/5/2022 7:00,91.632
4/5/2022 8:00,31.267
4/5/2022 9:00,8.585
4/5/2022 10:00,0.008
4/5/2022 11:00,0
4/5/2022 12:00,0
4/5/2022 13:00,0
4/5/2022 14:00,0
4/5/2022 15:00,0
4/5/2022 16:00,0
4/5/2022 17:00,0
4/5/2022 18:00,0
4/5/2022 19:00,0.001
4/5/2022 20:00,24.25
4/5/2022 21:00,118.614
4/5/2022 22:00,248.332
4/5/2022 23:00,388.465
4/6/2022 0:00,501.472
4/6/2022 1:00,567.921
4/6/2022 2:00,592.224
4/6/2022 3:00,559.813
4/6/2022 4:00,466.204
4/6/2022 5:00,340.015
4/6/2022 6:00,210.417
4/6/2022 7:00,77.358
4/6/2022 8:00,17.833
4/6/2022 9:00,3.974
4/6/2022 10:00,0.003
4/6/2022 11:00,0
4/6/2022 12:00,0
4/6/2022 13:00,0
4/6/2022 14:00,0
4/6/2022 15:00,0
4/6/2022 16:00,0
4/6/2022 17:00,0
4/6/2022 18:00,0
4/6/2022 19:00,0
4/6/2022 20:00,18.427
4/6/2022 21:00,107.184
4/6/2022 22:00,237.264
4/6/2022 23:00,380.416
4/7/2022 0:00,490.7
4/7/2022 1:00,561.149
4/7/2022 2:00,572.121
4/7/2022 3:00,529.656
4/7/2022 4:00,428.661
4/7/2022 5:00,319.466
4/7/2022 6:00,194.253
4/7/2022 7:00,74.086
4/7/2022 8:00,27.105
4/7/2022 9:00,7.085
4/7/2022 10:00,0.002
4/7/2022 11:00,0
4/7/2022 12:00,0
4/7/2022 13:00,0
4/7/2022 14:00,0
4/7/2022 15:00,0
4/7/2022 16:00,0
4/7/2022 17:00,0
4/7/2022 18:00,0
4/7/2022 19:00,0
4/7/2022 20:00,17.886
4/7/2022 21:00,119.033
4/7/2022 22:00,270.666
4/7/2022 23:00,416.587
4/8/2022 0:00,521.899
4/8/2022 1:00,567.037
4/8/2022 2:00,584.251
4/8/2022 3:00,563.235
4/8/2022 4:00,503.402
4/8/2022 5:00,378.609
4/8/2022 6:00,208.938
4/8/2022 7:00,61.043
4/8/2022 8:00,16.4
4/8/2022 9:00,4.198
4/8/2022 10:00,0.002
4/8/2022 11:00,0
4/8/2022 12:00,0
4/8/2022 13:00,0
4/8/2022 14:00,0
4/8/2022 15:00,0
4/8/2022 16:00,0
4/8/2022 17:00,0
4/8/2022 18:00,0
4/8/2022 19:00,0
4/8/2022 20:00,18.893
4/8/2022 21:00,130.776
4/8/2022 22:00,293.909
4/8/2022 23:00,468.558
4/9/2022 0:00,604.604
4/9/2022 1:00,674.166
4/9/2022 2:00,694.893
4/9/2022 3:00,643.367
4/9/2022 4:00,533.722
4/9/2022 5:00,405.94
4/9/2022 6:00,236.733
4/9/2022 7:00,86.979
4/9/2022 8:00,27.585
4/9/2022 9:00,6.354
4/9/2022 10:00,0.001
4/9/2022 11:00,0
4/9/2022 12:00,0
4/9/2022 13:00,0
4/9/2022 14:00,0
4/9/2022 15:00,0
4/9/2022 16:00,0
4/9/2022 17:00,0
4/9/2022 18:00,0
4/9/2022 19:00,0
4/9/2022 20:00,20.456
4/9/2022 21:00,131.767
4/9/2022 22:00,298.019
4/9/2022 23:00,467.879
4/10/2022 0:00,592.833
4/10/2022 1:00,640.621
4/10/2022 2:00,678.764
4/10/2022 3:00,629.245
4/10/2022 4:00,544.872
4/10/2022 5:00,377.829
4/10/2022 6:00,194.841
4/10/2022 7:00,66.432
4/10/2022 8:00,17.753
4/10/2022 9:00,3.684
4/10/2022 10:00,0.001
4/10/2022 11:00,0
4/10/2022 12:00,0
4/10/2022 13:00,0
4/10/2022 14:00,0
4/10/2022 15:00,0
4/10/2022 16:00,0
4/10/2022 17:00,0
4/10/2022 18:00,0
4/10/2022 19:00,0
4/10/2022 20:00,23.455
4/10/2022 21:00,137.605
4/10/2022 22:00,290.146
4/10/2022 23:00,456.04
4/11/2022 0:00,577.438
4/11/2022 1:00,664.981
4/11/2022 2:00,697.976
4/11/2022 3:00,659.817
4/11/2022 4:00,562.672
4/11/2022 5:00,412.102
4/11/2022 6:00,231.813
4/11/2022 7:00,72.995
4/11/2022 8:00,22.266
4/11/2022 9:00,5.478
4/11/2022 10:00,0.001
4/11/2022 11:00,0
4/11/2022 12:00,0
4/11/2022 13:00,0
4/11/2022 14:00,0
4/11/2022 15:00,0
4/11/2022 16:00,0
4/11/2022 17:00,0
4/11/2022 18:00,0
4/11/2022 19:00,0
4/11/2022 20:00,17.284
4/11/2022 21:00,113.971
4/11/2022 22:00,242.834
4/11/2022 23:00,358.72
4/12/2022 0:00,481.276
4/12/2022 1:00,579.812
4/12/2022 2:00,605.741
4/12/2022 3:00,580.952
4/12/2022 4:00,501.228
4/12/2022 5:00,366.298
4/12/2022 6:00,207.564
4/12/2022 7:00,73.465
4/12/2022 8:00,26.461
4/12/2022 9:00,6.152
4/12/2022 10:00,0.001
4/12/2022 11:00,0
4/12/2022 12:00,0
4/12/2022 13:00,0
4/12/2022 14:00,0
4/12/2022 15:00,0
4/12/2022 16:00,0
4/12/2022 17:00,0
4/12/2022 18:00,0
4/12/2022 19:00,0
4/12/2022 20:00,16.394
4/12/2022 21:00,122.431
4/12/2022 22:00,271.2
4/12/2022 23:00,442.633
4/13/2022 0:00,575.324
4/13/2022 1:00,656.47
4/13/2022 2:00,678.04
4/13/2022 3:00,630.294
4/13/2022 4:00,523.407
4/13/2022 5:00,396.828
4/13/2022 6:00,231.976
4/13/2022 7:00,82.513
4/13/2022 8:00,27.288
4/13/2022 9:00,6.174
4/13/2022 10:00,0.001
4/13/2022 11:00,0
4/13/2022 12:00,0
4/13/2022 13:00,0
4/13/2022 14:00,0
4/13/2022 15:00,0
4/13/2022 16:00,0
4/13/2022 17:00,0
4/13/2022 18:00,0
4/13/2022 19:00,0
4/13/2022 20:00,14.404
4/13/2022 21:00,109.887
4/13/2022 22:00,254.674
4/13/2022 23:00,415.792
4/14/2022 0:00,575.121
4/14/2022 1:00,657.627
4/14/2022 2:00,664.082
4/14/2022 3:00,612.725
4/14/2022 4:00,520.243
4/14/2022 5:00,378.753
4/14/2022 6:00,219.388
4/14/2022 7:00,73.124
4/14/2022 8:00,26.417
4/14/2022 9:00,5.826
4/14/2022 10:00,0
4/14/2022 11:00,0
4/14/2022 12:00,0
4/14/2022 13:00,0
4/14/2022 14:00,0
4/14/2022 15:00,0
4/14/2022 16:00,0
4/14/2022 17:00,0
4/14/2022 18:00,0
4/14/2022 19:00,0
4/14/2022 20:00,18.213
4/14/2022 21:00,117.181
4/14/2022 22:00,254.621
4/14/2022 23:00,406.565
4/15/2022 0:00,534.896
4/15/2022 1:00,617.608
4/15/2022 2:00,642.71
4/15/2022 3:00,588.096
4/15/2022 4:00,479.628
4/15/2022 5:00,355.692
4/15/2022 6:00,201.862
4/15/2022 7:00,70.649
4/15/2022 8:00,26.175
4/15/2022 9:00,5.585
4/15/2022 10:00,0
4/15/2022 11:00,0
4/15/2022 12:00,0
4/15/2022 13:00,0
4/15/2022 14:00,0
4/15/2022 15:00,0
4/15/2022 16:00,0
4/15/2022 17:00,0
4/15/2022 18:00,0
4/15/2022 19:00,0
4/15/2022 20:00,14.481
4/15/2022 21:00,108.637
4/15/2022 22:00,257.644
4/15/2022 23:00,415.943
4/16/2022 0:00,549.254
4/16/2022 1:00,640.853
4/16/2022 2:00,664.583
4/16/2022 3:00,638.493
4/16/2022 4:00,541.289
4/16/2022 5:00,392.231
4/16/2022 6:00,220.134
4/16/2022 7:00,69.4
4/16/2022 8:00,19.926
4/16/2022 9:00,3.769
4/16/2022 10:00,0
4/16/2022 11:00,0
4/16/2022 12:00,0
4/16/2022 13:00,0
4/16/2022 14:00,0
4/16/2022 15:00,0
4/16/2022 16:00,0
4/16/2022 17:00,0
4/16/2022 18:00,0
4/16/2022 19:00,0
4/16/2022 20:00,14.023
4/16/2022 21:00,116.863
4/16/2022 22:00,280.359
4/16/2022 23:00,443.367
4/17/2022 0:00,576.316
4/17/2022 1:00,649.987
4/17/2022 2:00,666.143
4/17/2022 3:00,625.141
4/17/2022 4:00,509.868
4/17/2022 5:00,356.635
4/17/2022 6:00,191.23
4/17/2022 7:00,62.576
4/17/2022 8:00,25.152
4/17/2022 9:00,5.083
4/17/2022 10:00,0
4/17/2022 11:00,0
4/17/2022 12:00,0
4/17/2022 13:00,0
4/17/2022 14:00,0
4/17/2022 15:00,0
4/17/2022 16:00,0
4/17/2022 17:00,0
4/17/2022 18:00,0
4/17/2022 19:00,0
4/17/2022 20:00,16.42
4/17/2022 21:00,111.415
4/17/2022 22:00,232.269
4/17/2022 23:00,355.811
4/18/2022 0:00,461.449
4/18/2022 1:00,526.841
4/18/2022 2:00,532.606
4/18/2022 3:00,484.192
4/18/2022 4:00,393.221
4/18/2022 5:00,283.592
4/18/2022 6:00,157.089
4/18/2022 7:00,57.431
4/18/2022 8:00,23.729
4/18/2022 9:00,4.677
4/18/2022 10:00,0
4/18/2022 11:00,0
4/18/2022 12:00,0
4/18/2022 13:00,0
4/18/2022 14:00,0
4/18/2022 15:00,0
4/18/2022 16:00,0
4/18/2022 17:00,0
4/18/2022 18:00,0
4/18/2022 19:00,0
4/18/2022 20:00,13.834
4/18/2022 21:00,90.306
4/18/2022 22:00,203.752
4/18/2022 23:00,332.809
4/19/2022 0:00,440.414
4/19/2022 1:00,506.378
4/19/2022 2:00,527.962
4/19/2022 3:00,501.672
4/19/2022 4:00,433.964
4/19/2022 5:00,321.915
4/19/2022 6:00,179.437
4/19/2022 7:00,62.828
4/19/2022 8:00,22.738
4/19/2022 9:00,4.239
4/19/2022 10:00,0
4/19/2022 11:00,0
4/19/2022 12:00,0
4/19/2022 13:00,0
4/19/2022 14:00,0
4/19/2022 15:00,0
4/19/2022 16:00,0
4/19/2022 17:00,0
4/19/2022 18:00,0
4/19/2022 19:00,0
4/19/2022 20:00,14.374
4/19/2022 21:00,114.481
4/19/2022 22:00,257.86
4/19/2022 23:00,408.516
4/20/2022 0:00,542.397
4/20/2022 1:00,645.991
4/20/2022 2:00,670.252
4/20/2022 3:00,632.717
4/20/2022 4:00,532.559
4/20/2022 5:00,381.799
4/20/2022 6:00,202.843
4/20/2022 7:00,64.597
4/20/2022 8:00,23.58
4/20/2022 9:00,4.334
4/20/2022 10:00,0
4/20/2022 11:00,0
4/20/2022 12:00,0
4/20/2022 13:00,0
4/20/2022 14:00,0
4/20/2022 15:00,0
4/20/2022 16:00,0
4/20/2022 17:00,0
4/20/2022 18:00,0
4/20/2022 19:00,0
4/20/2022 20:00,11.961
4/20/2022 21:00,101.623
4/20/2022 22:00,236.516
4/20/2022 23:00,379.382
4/21/2022 0:00,502.32
4/21/2022 1:00,571.805
4/21/2022 2:00,570.312
4/21/2022 3:00,518.781
4/21/2022 4:00,440.117
4/21/2022 5:00,313.806
4/21/2022 6:00,175.694
4/21/2022 7:00,61.899
4/21/2022 8:00,21.564
4/21/2022 9:00,3.623
4/21/2022 10:00,0
4/21/2022 11:00,0
4/21/2022 12:00,0
4/21/2022 13:00,0
4/21/2022 14:00,0
4/21/2022 15:00,0
4/21/2022 16:00,0
4/21/2022 17:00,0
4/21/2022 18:00,0
4/21/2022 19:00,0
4/21/2022 20:00,7.971
4/21/2022 21:00,85.99
4/21/2022 22:00,239.319
4/21/2022 23:00,395.109
4/22/2022 0:00,525.651
4/22/2022 1:00,599.725
4/22/2022 2:00,610.065
4/22/2022 3:00,563.871
4/22/2022 4:00,464.447
4/22/2022 5:00,337.389
4/22/2022 6:00,184.961
4/22/2022 7:00,63.976
4/22/2022 8:00,22.669
4/22/2022 9:00,3.562
4/22/2022 10:00,0
4/22/2022 11:00,0
4/22/2022 12:00,0
4/22/2022 13:00,0
4/22/2022 14:00,0
4/22/2022 15:00,0
4/22/2022 16:00,0
4/22/2022 17:00,0
4/22/2022 18:00,0
4/22/2022 19:00,0
4/22/2022 20:00,10.228
4/22/2022 21:00,100.033
4/22/2022 22:00,251.855
4/22/2022 23:00,426.744
4/23/2022 0:00,558.294
4/23/2022 1:00,629.657
4/23/2022 2:00,641.905
4/23/2022 3:00,600.693
4/23/2022 4:00,505.366
4/23/2022 5:00,369.686
4/23/2022 6:00,201.223
4/23/2022 7:00,64.244
4/23/2022 8:00,23.217
4/23/2022 9:00,3.943
4/23/2022 10:00,0
4/23/2022 11:00,0
4/23/2022 12:00,0
4/23/2022 13:00,0
4/23/2022 14:00,0
4/23/2022 15:00,0
4/23/2022 16:00,0
4/23/2022 17:00,0
4/23/2022 18:00,0
4/23/2022 19:00,0
4/23/2022 20:00,9.816
4/23/2022 21:00,96.057
4/23/2022 22:00,241.04
4/23/2022 23:00,399.49
4/24/2022 0:00,535.232
4/24/2022 1:00,606.786
4/24/2022 2:00,601.71
4/24/2022 3:00,555.446
4/24/2022 4:00,447.916
4/24/2022 5:00,325.13
4/24/2022 6:00,184.717
4/24/2022 7:00,59.562
4/24/2022 8:00,21.512
4/24/2022 9:00,3.486
4/24/2022 10:00,0
4/24/2022 11:00,0
4/24/2022 12:00,0
4/24/2022 13:00,0
4/24/2022 14:00,0
4/24/2022 15:00,0
4/24/2022 16:00,0
4/24/2022 17:00,0
4/24/2022 18:00,0
4/24/2022 19:00,0
4/24/2022 20:00,7.69
4/24/2022 21:00,79.264
4/24/2022 22:00,205.307
4/24/2022 23:00,345.432
4/25/2022 0:00,447.14
4/25/2022 1:00,487.329
4/25/2022 2:00,482.654
4/25/2022 3:00,419.238
4/25/2022 4:00,328.975
4/25/2022 5:00,233.385
4/25/2022 6:00,125.968
4/25/2022 7:00,32.709
4/25/2022 8:00,9.845
4/25/2022 9:00,1.403
4/25/2022 10:00,0
4/25/2022 11:00,0
4/25/2022 12:00,0
4/25/2022 13:00,0
4/25/2022 14:00,0
4/25/2022 15:00,0
4/25/2022 16:00,0
4/25/2022 17:00,0
4/25/2022 18:00,0
4/25/2022 19:00,0
4/25/2022 20:00,3.898
4/25/2022 21:00,52.823
4/25/2022 22:00,159.73
4/25/2022 23:00,273.968
4/26/2022 0:00,369.995
4/26/2022 1:00,419.867
4/26/2022 2:00,420.47
4/26/2022 3:00,371.647
4/26/2022 4:00,293.56
4/26/2022 5:00,198.227
4/26/2022 6:00,106.27
4/26/2022 7:00,41.679
4/26/2022 8:00,15.544
4/26/2022 9:00,2.811
4/26/2022 10:00,0
4/26/2022 11:00,0
4/26/2022 12:00,0
4/26/2022 13:00,0
4/26/2022 14:00,0
4/26/2022 15:00,0
4/26/2022 16:00,0
4/26/2022 17:00,0
4/26/2022 18:00,0
4/26/2022 19:00,0
4/26/2022 20:00,6.651
4/26/2022 21:00,68.143
4/26/2022 22:00,182.53
4/26/2022 23:00,297.01
4/27/2022 0:00,396.17
4/27/2022 1:00,455.043
4/27/2022 2:00,452.697
4/27/2022 3:00,433.716
4/27/2022 4:00,359.091
4/27/2022 5:00,248.311
4/27/2022 6:00,143.304
4/27/2022 7:00,42.693
4/27/2022 8:00,12.011
4/27/2022 9:00,1.64
4/27/2022 10:00,0
4/27/2022 11:00,0
4/27/2022 12:00,0
4/27/2022 13:00,0
4/27/2022 14:00,0
4/27/2022 15:00,0
4/27/2022 16:00,0
4/27/2022 17:00,0
4/27/2022 18:00,0
4/27/2022 19:00,0
4/27/2022 20:00,7.03
4/27/2022 21:00,66.994
4/27/2022 22:00,163.993
4/27/2022 23:00,260.38
4/28/2022 0:00,340.33
4/28/2022 1:00,397.827
4/28/2022 2:00,407.617
4/28/2022 3:00,391.179
4/28/2022 4:00,335.346
4/28/2022 5:00,237.816
4/28/2022 6:00,133.741
4/28/2022 7:00,47.538
4/28/2022 8:00,18.44
4/28/2022 9:00,2.663
4/28/2022 10:00,0
4/28/2022 11:00,0
4/28/2022 12:00,0
4/28/2022 13:00,0
4/28/2022 14:00,0
4/28/2022 15:00,0
4/28/2022 16:00,0
4/28/2022 17:00,0
4/28/2022 18:00,0
4/28/2022 19:00,0
4/28/2022 20:00,7.75
4/28/2022 21:00,92.082
4/28/2022 22:00,235.066
4/28/2022 23:00,381.088
4/29/2022 0:00,480.183
4/29/2022 1:00,526.085
4/29/2022 2:00,533.135
4/29/2022 3:00,494.729
4/29/2022 4:00,409.539
4/29/2022 5:00,286.842
4/29/2022 6:00,148.609
4/29/2022 7:00,48.524
4/29/2022 8:00,20.087
4/29/2022 9:00,2.845
4/29/2022 10:00,0
4/29/2022 11:00,0
4/29/2022 12:00,0
4/29/2022 13:00,0
4/29/2022 14:00,0
4/29/2022 15:00,0
4/29/2022 16:00,0
4/29/2022 17:00,0
4/29/2022 18:00,0
4/29/2022 19:00,0
4/29/2022 20:00,5.856
4/29/2022 21:00,61.835
4/29/2022 22:00,176.141
4/29/2022 23:00,306.543
4/30/2022 0:00,401.569
4/30/2022 1:00,465.994
4/30/2022 2:00,477.264
4/30/2022 3:00,433.881
4/30/2022 4:00,384.162
4/30/2022 5:00,316.262
4/30/2022 6:00,170.371
4/30/2022 7:00,53.697
4/30/2022 8:00,20.305
4/30/2022 9:00,2.763
4/30/2022 10:00,0
4/30/2022 11:00,0
4/30/2022 12:00,0
4/30/2022 13:00,0
4/30/2022 14:00,0
4/30/2022 15:00,0
4/30/2022 16:00,0
4/30/2022 17:00,0
4/30/2022 18:00,0
4/30/2022 19:00,0
4/30/2022 20:00,6.404
4/30/2022 21:00,82.202
4/30/2022 22:00,215.93
4/30/2022 23:00,354.741
5/1/2022 0:00,480.642
5/1/2022 1:00,563.596
5/1/2022 2:00,588.019
5/1/2022 3:00,545.166
5/1/2022 4:00,446.716
5/1/2022 5:00,312.755
5/1/2022 6:00,158.567
5/1/2022 7:00,50.991
5/1/2022 8:00,19.655
5/1/2022 9:00,2.566
5/1/2022 10:00,0
5/1/2022 11:00,0
5/1/2022 12:00,0
5/1/2022 13:00,0
5/1/2022 14:00,0
5/1/2022 15:00,0
5/1/2022 16:00,0
5/1/2022 17:00,0
5/1/2022 18:00,0
5/1/2022 19:00,0
5/1/2022 20:00,7.083
5/1/2022 21:00,92.398
5/1/2022 22:00,246.691
5/1/2022 23:00,406.931
5/2/2022 0:00,535.752
5/2/2022 1:00,608.294
5/2/2022 2:00,616.002
5/2/2022 3:00,569.993
5/2/2022 4:00,479.172
5/2/2022 5:00,338.122
5/2/2022 6:00,171.645
5/2/2022 7:00,51.451
5/2/2022 8:00,18.83
5/2/2022 9:00,2.342
5/2/2022 10:00,0
5/2/2022 11:00,0
5/2/2022 12:00,0
5/2/2022 13:00,0
5/2/2022 14:00,0
5/2/2022 15:00,0
5/2/2022 16:00,0
5/2/2022 17:00,0
5/2/2022 18:00,0
5/2/2022 19:00,0
5/2/2022 20:00,7.075
5/2/2022 21:00,92.627
5/2/2022 22:00,249.322
5/2/2022 23:00,407.77
5/3/2022 0:00,536.484
5/3/2022 1:00,612.961
5/3/2022 2:00,633.311
5/3/2022 3:00,597.678
5/3/2022 4:00,499.753
5/3/2022 5:00,353.842
5/3/2022 6:00,180.189
5/3/2022 7:00,51.821
5/3/2022 8:00,18.982
5/3/2022 9:00,2.33
5/3/2022 10:00,0
5/3/2022 11:00,0
5/3/2022 12:00,0
5/3/2022 13:00,0
5/3/2022 14:00,0
5/3/2022 15:00,0
5/3/2022 16:00,0
5/3/2022 17:00,0
5/3/2022 18:00,0
5/3/2022 19:00,0
5/3/2022 20:00,6.597
5/3/2022 21:00,89.519
5/3/2022 22:00,234.125
5/3/2022 23:00,367.709
5/4/2022 0:00,467.207
5/4/2022 1:00,511.855
5/4/2022 2:00,531.003
5/4/2022 3:00,500.162
5/4/2022 4:00,419.981
5/4/2022 5:00,291.386
5/4/2022 6:00,150.648
5/4/2022 7:00,49.219
5/4/2022 8:00,19.259
5/4/2022 9:00,2.304
5/4/2022 10:00,0
5/4/2022 11:00,0
5/4/2022 12:00,0
5/4/2022 13:00,0
5/4/2022 14:00,0
5/4/2022 15:00,0
5/4/2022 16:00,0
5/4/2022 17:00,0
5/4/2022 18:00,0
5/4/2022 19:00,0
5/4/2022 20:00,4.786
5/4/2022 21:00,59.699
5/4/2022 22:00,166.947
5/4/2022 23:00,300.217
5/5/2022 0:00,417.803
5/5/2022 1:00,493.411
5/5/2022 2:00,490.503
5/5/2022 3:00,447.279
5/5/2022 4:00,374.317
5/5/2022 5:00,265.722
5/5/2022 6:00,142.774
5/5/2022 7:00,48.204
5/5/2022 8:00,18.989
5/5/2022 9:00,2.161
5/5/2022 10:00,0
5/5/2022 11:00,0
5/5/2022 12:00,0
5/5/2022 13:00,0
5/5/2022 14:00,0
5/5/2022 15:00,0
5/5/2022 16:00,0
5/5/2022 17:00,0
5/5/2022 18:00,0
5/5/2022 19:00,0
5/5/2022 20:00,4.214
5/5/2022 21:00,72.23
5/5/2022 22:00,199.586
5/5/2022 23:00,331.572
5/6/2022 0:00,444.899
5/6/2022 1:00,516.539
5/6/2022 2:00,532.354
5/6/2022 3:00,495.789
5/6/2022 4:00,406.572
5/6/2022 5:00,277.958
5/6/2022 6:00,139.831
5/6/2022 7:00,46.787
5/6/2022 8:00,19.125
5/6/2022 9:00,2.127
5/6/2022 10:00,0
5/6/2022 11:00,0
5/6/2022 12:00,0
5/6/2022 13:00,0
5/6/2022 14:00,0
5/6/2022 15:00,0
5/6/2022 16:00,0
5/6/2022 17:00,0
5/6/2022 18:00,0
5/6/2022 19:00,0
5/6/2022 20:00,3.742
5/6/2022 21:00,63.972
5/6/2022 22:00,165.841
5/6/2022 23:00,273.591
5/7/2022 0:00,373.979
5/7/2022 1:00,454.374
5/7/2022 2:00,483.143
5/7/2022 3:00,432.221
5/7/2022 4:00,346.568
5/7/2022 5:00,245.398
5/7/2022 6:00,126.799
5/7/2022 7:00,45.192
5/7/2022 8:00,17.813
5/7/2022 9:00,1.737
5/7/2022 10:00,0
5/7/2022 11:00,0
5/7/2022 12:00,0
5/7/2022 13:00,0
5/7/2022 14:00,0
5/7/2022 15:00,0
5/7/2022 16:00,0
5/7/2022 17:00,0
5/7/2022 18:00,0
5/7/2022 19:00,0
5/7/2022 20:00,4.003
5/7/2022 21:00,69.488
5/7/2022 22:00,198.859
5/7/2022 23:00,332.715
5/8/2022 0:00,458.703
5/8/2022 1:00,531.502
5/8/2022 2:00,530.57
5/8/2022 3:00,486.058
5/8/2022 4:00,389.637
5/8/2022 5:00,272.211
5/8/2022 6:00,134.542
5/8/2022 7:00,43.742
5/8/2022 8:00,16.897
5/8/2022 9:00,1.666
5/8/2022 10:00,0
5/8/2022 11:00,0
5/8/2022 12:00,0
5/8/2022 13:00,0
5/8/2022 14:00,0
5/8/2022 15:00,0
5/8/2022 16:00,0
5/8/2022 17:00,0
5/8/2022 18:00,0
5/8/2022 19:00,0
5/8/2022 20:00,2.181
5/8/2022 21:00,44.266
5/8/2022 22:00,151.826
5/8/2022 23:00,282.689
5/9/2022 0:00,396.698
5/9/2022 1:00,461.546
5/9/2022 2:00,481.66
5/9/2022 3:00,458.4
5/9/2022 4:00,374.25
5/9/2022 5:00,265.59
5/9/2022 6:00,137.824
5/9/2022 7:00,45.769
5/9/2022 8:00,17.5
5/9/2022 9:00,1.693
5/9/2022 10:00,0
5/9/2022 11:00,0
5/9/2022 12:00,0
5/9/2022 13:00,0
5/9/2022 14:00,0
5/9/2022 15:00,0
5/9/2022 16:00,0
5/9/2022 17:00,0
5/9/2022 18:00,0
5/9/2022 19:00,0
5/9/2022 20:00,2.366
5/9/2022 21:00,48.359
5/9/2022 22:00,148.475
5/9/2022 23:00,265.608
5/10/2022 0:00,381.235
5/10/2022 1:00,459.722
5/10/2022 2:00,498.682
5/10/2022 3:00,473.373
5/10/2022 4:00,388.64
5/10/2022 5:00,258.701
5/10/2022 6:00,128.894
5/10/2022 7:00,42.998
5/10/2022 8:00,16.743
5/10/2022 9:00,1.54
5/10/2022 10:00,0
5/10/2022 11:00,0
5/10/2022 12:00,0
5/10/2022 13:00,0
5/10/2022 14:00,0
5/10/2022 15:00,0
5/10/2022 16:00,0
5/10/2022 17:00,0
5/10/2022 18:00,0
5/10/2022 19:00,0
5/10/2022 20:00,0.946
5/10/2022 21:00,21.502
5/10/2022 22:00,90.653
5/10/2022 23:00,179.668
5/11/2022 0:00,264.546
5/11/2022 1:00,314.57
5/11/2022 2:00,302.003
5/11/2022 3:00,261.07
5/11/2022 4:00,197.145
5/11/2022 5:00,131.785
5/11/2022 6:00,75.335
5/11/2022 7:00,28.524
5/11/2022 8:00,9.504
5/11/2022 9:00,0.646
5/11/2022 10:00,0
5/11/2022 11:00,0
5/11/2022 12:00,0
5/11/2022 13:00,0
5/11/2022 14:00,0
5/11/2022 15:00,0
5/11/2022 16:00,0
5/11/2022 17:00,0
5/11/2022 18:00,0
5/11/2022 19:00,0
5/11/2022 20:00,1.096
5/11/2022 21:00,21.479
5/11/2022 22:00,71.914
5/11/2022 23:00,135.608
5/12/2022 0:00,205.308
5/12/2022 1:00,261.467
5/12/2022 2:00,284.916
5/12/2022 3:00,266.318
5/12/2022 4:00,211.509
5/12/2022 5:00,137.271
5/12/2022 6:00,64.782
5/12/2022 7:00,16.897
5/12/2022 8:00,5.939
5/12/2022 9:00,0.551
5/12/2022 10:00,0
5/12/2022 11:00,0
5/12/2022 12:00,0
5/12/2022 13:00,0
5/12/2022 14:00,0
5/12/2022 15:00,0
5/12/2022 16:00,0
5/12/2022 17:00,0
5/12/2022 18:00,0
5/12/2022 19:00,0
5/12/2022 20:00,0.901
5/12/2022 21:00,23.571
5/12/2022 22:00,91.85
5/12/2022 23:00,169.548
5/13/2022 0:00,243.779
5/13/2022 1:00,290.922
5/13/2022 2:00,312.032
5/13/2022 3:00,275.498
5/13/2022 4:00,238.764
5/13/2022 5:00,171.997
5/13/2022 6:00,80.745
5/13/2022 7:00,22.764
5/13/2022 8:00,6.707
5/13/2022 9:00,0.548
5/13/2022 10:00,0
5/13/2022 11:00,0
5/13/2022 12:00,0
5/13/2022 13:00,0
5/13/2022 14:00,0
5/13/2022 15:00,0
5/13/2022 16:00,0
5/13/2022 17:00,0
5/13/2022 18:00,0
5/13/2022 19:00,0
5/13/2022 20:00,1.672
5/13/2022 21:00,42.119
5/13/2022 22:00,126.542
5/13/2022 23:00,218.097
5/14/2022 0:00,304.257
5/14/2022 1:00,375.127
5/14/2022 2:00,405.502
5/14/2022 3:00,392.597
5/14/2022 4:00,328.983
5/14/2022 5:00,226.566
5/14/2022 6:00,110.452
5/14/2022 7:00,29.316
5/14/2022 8:00,8.226
5/14/2022 9:00,0.49
5/14/2022 10:00,0
5/14/2022 11:00,0
5/14/2022 12:00,0
5/14/2022 13:00,0
5/14/2022 14:00,0
5/14/2022 15:00,0
5/14/2022 16:00,0
5/14/2022 17:00,0
5/14/2022 18:00,0
5/14/2022 19:00,0
5/14/2022 20:00,2.913
5/14/2022 21:00,50.163
5/14/2022 22:00,155.068
5/14/2022 23:00,270.952
5/15/2022 0:00,371.26
5/15/2022 1:00,432.099
5/15/2022 2:00,450.628
5/15/2022 3:00,414
5/15/2022 4:00,329.181
5/15/2022 5:00,214.988
5/15/2022 6:00,93.229
5/15/2022 7:00,22.066
5/15/2022 8:00,7.885
5/15/2022 9:00,0.793
5/15/2022 10:00,0
5/15/2022 11:00,0
5/15/2022 12:00,0
5/15/2022 13:00,0
5/15/2022 14:00,0
5/15/2022 15:00,0
5/15/2022 16:00,0
5/15/2022 17:00,0
5/15/2022 18:00,0
5/15/2022 19:00,0
5/15/2022 20:00,3.137
5/15/2022 21:00,67.327
5/15/2022 22:00,199.692
5/15/2022 23:00,334.662
5/16/2022 0:00,451.601
5/16/2022 1:00,528.618
5/16/2022 2:00,543.217
5/16/2022 3:00,491.122
5/16/2022 4:00,396.695
5/16/2022 5:00,273.669
5/16/2022 6:00,128.483
5/16/2022 7:00,39.283
5/16/2022 8:00,15.086
5/16/2022 9:00,1.095
5/16/2022 10:00,0
5/16/2022 11:00,0
5/16/2022 12:00,0
5/16/2022 13:00,0
5/16/2022 14:00,0
5/16/2022 15:00,0
5/16/2022 16:00,0
5/16/2022 17:00,0
5/16/2022 18:00,0
5/16/2022 19:00,0
5/16/2022 20:00,3.19
5/16/2022 21:00,67.858
5/16/2022 22:00,199.412
5/16/2022 23:00,340.327
5/17/2022 0:00,461.098
5/17/2022 1:00,548.495
5/17/2022 2:00,551.781
5/17/2022 3:00,494.293
5/17/2022 4:00,390.629
5/17/2022 5:00,263.552
5/17/2022 6:00,123.454
5/17/2022 7:00,38.967
5/17/2022 8:00,14.498
5/17/2022 9:00,0.961
5/17/2022 10:00,0
5/17/2022 11:00,0
5/17/2022 12:00,0
5/17/2022 13:00,0
5/17/2022 14:00,0
5/17/2022 15:00,0
5/17/2022 16:00,0
5/17/2022 17:00,0
5/17/2022 18:00,0
5/17/2022 19:00,0
5/17/2022 20:00,2.643
5/17/2022 21:00,63.782
5/17/2022 22:00,195.283
5/17/2022 23:00,332.08
5/18/2022 0:00,441.126
5/18/2022 1:00,493.241
5/18/2022 2:00,502.05
5/18/2022 3:00,467.183
5/18/2022 4:00,380.436
5/18/2022 5:00,258.24
5/18/2022 6:00,111.977
5/18/2022 7:00,33.198
5/18/2022 8:00,11.246
5/18/2022 9:00,0.769
5/18/2022 10:00,0
5/18/2022 11:00,0
5/18/2022 12:00,0
5/18/2022 13:00,0
5/18/2022 14:00,0
5/18/2022 15:00,0
5/18/2022 16:00,0
5/18/2022 17:00,0
5/18/2022 18:00,0
5/18/2022 19:00,0
5/18/2022 20:00,2.173
5/18/2022 21:00,54.815
5/18/2022 22:00,172.705
5/18/2022 23:00,315.887
5/19/2022 0:00,403.853
5/19/2022 1:00,474.362
5/19/2022 2:00,484.819
5/19/2022 3:00,440.093
5/19/2022 4:00,353.43
5/19/2022 5:00,236.696
5/19/2022 6:00,112.89
5/19/2022 7:00,36.999
5/19/2022 8:00,13.479
5/19/2022 9:00,0.876
5/19/2022 10:00,0
5/19/2022 11:00,0
5/19/2022 12:00,0
5/19/2022 13:00,0
5/19/2022 14:00,0
5/19/2022 15:00,0
5/19/2022 16:00,0
5/19/2022 17:00,0
5/19/2022 18:00,0
5/19/2022 19:00,0
5/19/2022 20:00,1.147
5/19/2022 21:00,34.183
5/19/2022 22:00,124.957
5/19/2022 23:00,236.816
5/20/2022 0:00,338.891
5/20/2022 1:00,384.101
5/20/2022 2:00,410.629
5/20/2022 3:00,387.87
5/20/2022 4:00,318.632
5/20/2022 5:00,212.822
5/20/2022 6:00,104.403
5/20/2022 7:00,31.31
5/20/2022 8:00,11.327
5/20/2022 9:00,0.721
5/20/2022 10:00,0
5/20/2022 11:00,0
5/20/2022 12:00,0
5/20/2022 13:00,0
5/20/2022 14:00,0
5/20/2022 15:00,0
5/20/2022 16:00,0
5/20/2022 17:00,0
5/20/2022 18:00,0
5/20/2022 19:00,0
5/20/2022 20:00,0.903
5/20/2022 21:00,33.164
5/20/2022 22:00,122.635
5/20/2022 23:00,237.1
5/21/2022 0:00,373.809
5/21/2022 1:00,451.136
5/21/2022 2:00,468.661
5/21/2022 3:00,429.187
5/21/2022 4:00,354.613
5/21/2022 5:00,246.359
5/21/2022 6:00,119.229
5/21/2022 7:00,35.221
5/21/2022 8:00,12.612
5/21/2022 9:00,0.79
5/21/2022 10:00,0
5/21/2022 11:00,0
5/21/2022 12:00,0
5/21/2022 13:00,0
5/21/2022 14:00,0
5/21/2022 15:00,0
5/21/2022 16:00,0
5/21/2022 17:00,0
5/21/2022 18:00,0
5/21/2022 19:00,0
5/21/2022 20:00,0.887
5/21/2022 21:00,30.865
5/21/2022 22:00,117.765
5/21/2022 23:00,231.96
5/22/2022 0:00,360.915
5/22/2022 1:00,444.301
5/22/2022 2:00,472.951
5/22/2022 3:00,440.615
5/22/2022 4:00,364.415
5/22/2022 5:00,244.593
5/22/2022 6:00,107.077
5/22/2022 7:00,24.386
5/22/2022 8:00,5.122
5/22/2022 9:00,0.484
5/22/2022 10:00,0
5/22/2022 11:00,0
5/22/2022 12:00,0
5/22/2022 13:00,0
5/22/2022 14:00,0
5/22/2022 15:00,0
5/22/2022 16:00,0
5/22/2022 17:00,0
5/22/2022 18:00,0
5/22/2022 19:00,0
5/22/2022 20:00,1.526
5/22/2022 21:00,34.658
5/22/2022 22:00,118.196
5/22/2022 23:00,224.817
5/23/2022 0:00,326.552
5/23/2022 1:00,382.26
5/23/2022 2:00,392.76
5/23/2022 3:00,359.206
5/23/2022 4:00,292.417
5/23/2022 5:00,187.541
5/23/2022 6:00,75.705
5/23/2022 7:00,16.58
5/23/2022 8:00,8.359
5/23/2022 9:00,0.407
5/23/2022 10:00,0
5/23/2022 11:00,0
5/23/2022 12:00,0
5/23/2022 13:00,0
5/23/2022 14:00,0
5/23/2022 15:00,0
5/23/2022 16:00,0
5/23/2022 17:00,0
5/23/2022 18:00,0
5/23/2022 19:00,0
5/23/2022 20:00,1.077
5/23/2022 21:00,32.601
5/23/2022 22:00,127.585
5/23/2022 23:00,250.321
5/24/2022 0:00,362.633
5/24/2022 1:00,432.701
5/24/2022 2:00,463.438
5/24/2022 3:00,428.558
5/24/2022 4:00,347.857
5/24/2022 5:00,239.823
5/24/2022 6:00,108.312
5/24/2022 7:00,32.411
5/24/2022 8:00,10.93
5/24/2022 9:00,0.574
5/24/2022 10:00,0
5/24/2022 11:00,0
5/24/2022 12:00,0
5/24/2022 13:00,0
5/24/2022 14:00,0
5/24/2022 15:00,0
5/24/2022 16:00,0
5/24/2022 17:00,0
5/24/2022 18:00,0
5/24/2022 19:00,0
5/24/2022 20:00,1.412
5/24/2022 21:00,41.516
5/24/2022 22:00,141.38
5/24/2022 23:00,257.27
5/25/2022 0:00,356.941
5/25/2022 1:00,412.007
5/25/2022 2:00,422.89
5/25/2022 3:00,387.757
5/25/2022 4:00,304.186
5/25/2022 5:00,193.737
5/25/2022 6:00,92.696
5/25/2022 7:00,33.655
5/25/2022 8:00,11.47
5/25/2022 9:00,0.536
5/25/2022 10:00,0
5/25/2022 11:00,0
5/25/2022 12:00,0
5/25/2022 13:00,0
5/25/2022 14:00,0
5/25/2022 15:00,0
5/25/2022 16:00,0
5/25/2022 17:00,0
5/25/2022 18:00,0
5/25/2022 19:00,0
5/25/2022 20:00,1.477
5/25/2022 21:00,38.526
5/25/2022 22:00,130.125
5/25/2022 23:00,236.9
5/26/2022 0:00,341.42
5/26/2022 1:00,417.373
5/26/2022 2:00,458.037
5/26/2022 3:00,440.974
5/26/2022 4:00,365.991
5/26/2022 5:00,242.957
5/26/2022 6:00,109.756
5/26/2022 7:00,35.509
5/26/2022 8:00,11.208
5/26/2022 9:00,0.528
5/26/2022 10:00,0
5/26/2022 11:00,0
5/26/2022 12:00,0
5/26/2022 13:00,0
5/26/2022 14:00,0
5/26/2022 15:00,0
5/26/2022 16:00,0
5/26/2022 17:00,0
5/26/2022 18:00,0
5/26/2022 19:00,0
5/26/2022 20:00,1.637
5/26/2022 21:00,47.302
5/26/2022 22:00,157.215
5/26/2022 23:00,277.647
5/27/2022 0:00,391.313
5/27/2022 1:00,478.933
5/27/2022 2:00,500.429
5/27/2022 3:00,464.537
5/27/2022 4:00,373.872
5/27/2022 5:00,244.949
5/27/2022 6:00,108.879
5/27/2022 7:00,34.891
5/27/2022 8:00,11.682
5/27/2022 9:00,0.524
5/27/2022 10:00,0
5/27/2022 11:00,0
5/27/2022 12:00,0
5/27/2022 13:00,0
5/27/2022 14:00,0
5/27/2022 15:00,0
5/27/2022 16:00,0
5/27/2022 17:00,0
5/27/2022 18:00,0
5/27/2022 19:00,0
5/27/2022 20:00,1.86
5/27/2022 21:00,46.743
5/27/2022 22:00,153.317
5/27/2022 23:00,268.118
5/28/2022 0:00,371.702
5/28/2022 1:00,440.254
5/28/2022 2:00,469.064
5/28/2022 3:00,430.978
5/28/2022 4:00,329.617
5/28/2022 5:00,216.308
5/28/2022 6:00,98.56
5/28/2022 7:00,33.285
5/28/2022 8:00,11.965
5/28/2022 9:00,0.508
5/28/2022 10:00,0
5/28/2022 11:00,0
5/28/2022 12:00,0
5/28/2022 13:00,0
5/28/2022 14:00,0
5/28/2022 15:00,0
5/28/2022 16:00,0
5/28/2022 17:00,0
5/28/2022 18:00,0
5/28/2022 19:00,0
5/28/2022 20:00,1.944
5/28/2022 21:00,52.691
5/28/2022 22:00,163.285
5/28/2022 23:00,289.665
5/29/2022 0:00,416.652
5/29/2022 1:00,507.607
5/29/2022 2:00,534.877
5/29/2022 3:00,495.591
5/29/2022 4:00,401.413
5/29/2022 5:00,259.471
5/29/2022 6:00,113
5/29/2022 7:00,34.565
5/29/2022 8:00,12.167
5/29/2022 9:00,0.494
5/29/2022 10:00,0
5/29/2022 11:00,0
5/29/2022 12:00,0
5/29/2022 13:00,0
5/29/2022 14:00,0
5/29/2022 15:00,0
5/29/2022 16:00,0
5/29/2022 17:00,0
5/29/2022 18:00,0
5/29/2022 19:00,0
5/29/2022 20:00,1.027
5/29/2022 21:00,34.286
5/29/2022 22:00,117.278
5/29/2022 23:00,221.839
5/30/2022 0:00,316.484
5/30/2022 1:00,357.219
5/30/2022 2:00,346.594
5/30/2022 3:00,246.502
5/30/2022 4:00,204.368
5/30/2022 5:00,147.696
5/30/2022 6:00,74.521
5/30/2022 7:00,30.269
5/30/2022 8:00,10.09
5/30/2022 9:00,0.399
5/30/2022 10:00,0
5/30/2022 11:00,0
5/30/2022 12:00,0
5/30/2022 13:00,0
5/30/2022 14:00,0
5/30/2022 15:00,0
5/30/2022 16:00,0
5/30/2022 17:00,0
5/30/2022 18:00,0
5/30/2022 19:00,0
5/30/2022 20:00,1.119
5/30/2022 21:00,40.813
5/30/2022 22:00,157.918
5/30/2022 23:00,263.014
5/31/2022 0:00,344.441
5/31/2022 1:00,411.514
5/31/2022 2:00,431.336
5/31/2022 3:00,393.944
5/31/2022 4:00,323.169
5/31/2022 5:00,214.925
5/31/2022 6:00,92.962
5/31/2022 7:00,31.755
5/31/2022 8:00,10.024
5/31/2022 9:00,0.395
5/31/2022 10:00,0
5/31/2022 11:00,0
5/31/2022 12:00,0
5/31/2022 13:00,0
5/31/2022 14:00,0
5/31/2022 15:00,0
5/31/2022 16:00,0
5/31/2022 17:00,0
5/31/2022 18:00,0
5/31/2022 19:00,0
5/31/2022 20:00,1.309
5/31/2022 21:00,42.052
5/31/2022 22:00,137.43
5/31/2022 23:00,242.974
6/1/2022 0:00,334.937
6/1/2022 1:00,420.204
6/1/2022 2:00,455.188
6/1/2022 3:00,425.685
6/1/2022 4:00,348.401
6/1/2022 5:00,226.811
6/1/2022 6:00,98.207
6/1/2022 7:00,27.198
6/1/2022 8:00,9.306
6/1/2022 9:00,0.445
6/1/2022 10:00,0
6/1/2022 11:00,0
6/1/2022 12:00,0
6/1/2022 13:00,0
6/1/2022 14:00,0
6/1/2022 15:00,0
6/1/2022 16:00,0
6/1/2022 17:00,0
6/1/2022 18:00,0
6/1/2022 19:00,0
6/1/2022 20:00,1.667
6/1/2022 21:00,51.769
6/1/2022 22:00,169.567
6/1/2022 23:00,290.069
6/2/2022 0:00,366.778
6/2/2022 1:00,411.598
6/2/2022 2:00,407.89
6/2/2022 3:00,369.361
6/2/2022 4:00,314.439
6/2/2022 5:00,210.994
6/2/2022 6:00,93.612
6/2/2022 7:00,28.435
6/2/2022 8:00,9.222
6/2/2022 9:00,0.355
6/2/2022 10:00,0
6/2/2022 11:00,0
6/2/2022 12:00,0
6/2/2022 13:00,0
6/2/2022 14:00,0
6/2/2022 15:00,0
6/2/2022 16:00,0
6/2/2022 17:00,0
6/2/2022 18:00,0
6/2/2022 19:00,0
6/2/2022 20:00,1.369
6/2/2022 21:00,40.339
6/2/2022 22:00,129.286
6/2/2022 23:00,235.353
6/3/2022 0:00,325.587
6/3/2022 1:00,379.18
6/3/2022 2:00,391.046
6/3/2022 3:00,360.805
6/3/2022 4:00,304.54
6/3/2022 5:00,202.961
6/3/2022 6:00,92.237
6/3/2022 7:00,32.321
6/3/2022 8:00,11.753
6/3/2022 9:00,0.437
6/3/2022 10:00,0
6/3/2022 11:00,0
6/3/2022 12:00,0
6/3/2022 13:00,0
6/3/2022 14:00,0
6/3/2022 15:00,0
6/3/2022 16:00,0
6/3/2022 17:00,0
6/3/2022 18:00,0
6/3/2022 19:00,0
6/3/2022 20:00,0.665
6/3/2022 21:00,37.845
6/3/2022 22:00,155.038
6/3/2022 23:00,285.643
6/4/2022 0:00,396.214
6/4/2022 1:00,461.16
6/4/2022 2:00,471.523
6/4/2022 3:00,430.314
6/4/2022 4:00,337.446
6/4/2022 5:00,214.108
6/4/2022 6:00,94.414
6/4/2022 7:00,30.959
6/4/2022 8:00,10.716
6/4/2022 9:00,0.367
6/4/2022 10:00,0
6/4/2022 11:00,0
6/4/2022 12:00,0
6/4/2022 13:00,0
6/4/2022 14:00,0
6/4/2022 15:00,0
6/4/2022 16:00,0
6/4/2022 17:00,0
6/4/2022 18:00,0
6/4/2022 19:00,0
6/4/2022 20:00,1.421
6/4/2022 21:00,44.709
6/4/2022 22:00,144.979
6/4/2022 23:00,253.178
6/5/2022 0:00,330.466
6/5/2022 1:00,390.583
6/5/2022 2:00,402.074
6/5/2022 3:00,367.992
6/5/2022 4:00,286.18
6/5/2022 5:00,191.518
6/5/2022 6:00,76.957
6/5/2022 7:00,19.455
6/5/2022 8:00,6.034
6/5/2022 9:00,0.241
6/5/2022 10:00,0
6/5/2022 11:00,0
6/5/2022 12:00,0
6/5/2022 13:00,0
6/5/2022 14:00,0
6/5/2022 15:00,0
6/5/2022 16:00,0
6/5/2022 17:00,0
6/5/2022 18:00,0
6/5/2022 19:00,0
6/5/2022 20:00,0.597
6/5/2022 21:00,32.717
6/5/2022 22:00,132.206
6/5/2022 23:00,258.518
6/6/2022 0:00,373.726
6/6/2022 1:00,439.43
6/6/2022 2:00,446.229
6/6/2022 3:00,413.506
6/6/2022 4:00,326.566
6/6/2022 5:00,202.456
6/6/2022 6:00,88.594
6/6/2022 7:00,31.196
6/6/2022 8:00,11.369
6/6/2022 9:00,0.389
6/6/2022 10:00,0
6/6/2022 11:00,0
6/6/2022 12:00,0
6/6/2022 13:00,0
6/6/2022 14:00,0
6/6/2022 15:00,0
6/6/2022 16:00,0
6/6/2022 17:00,0
6/6/2022 18:00,0
6/6/2022 19:00,0
6/6/2022 20:00,1.248
6/6/2022 21:00,44.51
6/6/2022 22:00,139.916
6/6/2022 23:00,242.073
6/7/2022 0:00,343.69
6/7/2022 1:00,418.708
6/7/2022 2:00,451.333
6/7/2022 3:00,420.857
6/7/2022 4:00,355.641
6/7/2022 5:00,224.742
6/7/2022 6:00,86.254
6/7/2022 7:00,29.909
6/7/2022 8:00,11.278
6/7/2022 9:00,0.359
6/7/2022 10:00,0
6/7/2022 11:00,0
6/7/2022 12:00,0
6/7/2022 13:00,0
6/7/2022 14:00,0
6/7/2022 15:00,0
6/7/2022 16:00,0
6/7/2022 17:00,0
6/7/2022 18:00,0
6/7/2022 19:00,0
6/7/2022 20:00,1.405
6/7/2022 21:00,48.696
6/7/2022 22:00,159.87
6/7/2022 23:00,278.237
6/8/2022 0:00,381.444
6/8/2022 1:00,440.076
6/8/2022 2:00,435.837
6/8/2022 3:00,392.882
6/8/2022 4:00,322.488
6/8/2022 5:00,204.444
6/8/2022 6:00,69.26
6/8/2022 7:00,9.749
6/8/2022 8:00,3.856
6/8/2022 9:00,0.184
6/8/2022 10:00,0
6/8/2022 11:00,0
6/8/2022 12:00,0
6/8/2022 13:00,0
6/8/2022 14:00,0
6/8/2022 15:00,0
6/8/2022 16:00,0
6/8/2022 17:00,0
6/8/2022 18:00,0
6/8/2022 19:00,0
6/8/2022 20:00,1.406
6/8/2022 21:00,47.875
6/8/2022 22:00,152.175
6/8/2022 23:00,261.687
6/9/2022 0:00,363.422
6/9/2022 1:00,434.157
6/9/2022 2:00,435.06
6/9/2022 3:00,382.673
6/9/2022 4:00,303.031
6/9/2022 5:00,190.502
6/9/2022 6:00,70.806
6/9/2022 7:00,18.55
6/9/2022 8:00,5.069
6/9/2022 9:00,0.128
6/9/2022 10:00,0
6/9/2022 11:00,0
6/9/2022 12:00,0
6/9/2022 13:00,0
6/9/2022 14:00,0
6/9/2022 15:00,0
6/9/2022 16:00,0
6/9/2022 17:00,0
6/9/2022 18:00,0
6/9/2022 19:00,0
6/9/2022 20:00,1.394
6/9/2022 21:00,47.224
6/9/2022 22:00,157.324
6/9/2022 23:00,273.973
6/10/2022 0:00,380.128
6/10/2022 1:00,446.79
6/10/2022 2:00,444.543
6/10/2022 3:00,400.59
6/10/2022 4:00,316.946
6/10/2022 5:00,207.301
6/10/2022 6:00,73.894
6/10/2022 7:00,17.191
6/10/2022 8:00,5.488
6/10/2022 9:00,0.171
6/10/2022 10:00,0
6/10/2022 11:00,0
6/10/2022 12:00,0
6/10/2022 13:00,0
6/10/2022 14:00,0
6/10/2022 15:00,0
6/10/2022 16:00,0
6/10/2022 17:00,0
6/10/2022 18:00,0
6/10/2022 19:00,0
6/10/2022 20:00,1.304
6/10/2022 21:00,45.667
6/10/2022 22:00,151.25
6/10/2022 23:00,265.68
6/11/2022 0:00,364.656
6/11/2022 1:00,422.202
6/11/2022 2:00,436.264
6/11/2022 3:00,415.594
6/11/2022 4:00,340.988
6/11/2022 5:00,216.717
6/11/2022 6:00,88.172
6/11/2022 7:00,29.279
6/11/2022 8:00,9.955
6/11/2022 9:00,0.264
6/11/2022 10:00,0
6/11/2022 11:00,0
6/11/2022 12:00,0
6/11/2022 13:00,0
6/11/2022 14:00,0
6/11/2022 15:00,0
6/11/2022 16:00,0
6/11/2022 17:00,0
6/11/2022 18:00,0
6/11/2022 19:00,0
6/11/2022 20:00,1.251
6/11/2022 21:00,44.513
6/11/2022 22:00,146.865
6/11/2022 23:00,254.454
6/12/2022 0:00,348.077
6/12/2022 1:00,404.539
6/12/2022 2:00,415.677
6/12/2022 3:00,376.045
6/12/2022 4:00,297.308
6/12/2022 5:00,194.594
6/12/2022 6:00,81.035
6/12/2022 7:00,29.415
6/12/2022 8:00,9.348
6/12/2022 9:00,0.257
6/12/2022 10:00,0
6/12/2022 11:00,0
6/12/2022 12:00,0
6/12/2022 13:00,0
6/12/2022 14:00,0
6/12/2022 15:00,0
6/12/2022 16:00,0
6/12/2022 17:00,0
6/12/2022 18:00,0
6/12/2022 19:00,0
6/12/2022 20:00,0.803
6/12/2022 21:00,36.13
6/12/2022 22:00,132.509
6/12/2022 23:00,260.903
6/13/2022 0:00,365.199
6/13/2022 1:00,423.631
6/13/2022 2:00,427.594
6/13/2022 3:00,390.19
6/13/2022 4:00,319.799
6/13/2022 5:00,199.053
6/13/2022 6:00,70.824
6/13/2022 7:00,17.043
6/13/2022 8:00,4.711
6/13/2022 9:00,0.14
6/13/2022 10:00,0
6/13/2022 11:00,0
6/13/2022 12:00,0
6/13/2022 13:00,0
6/13/2022 14:00,0
6/13/2022 15:00,0
6/13/2022 16:00,0
6/13/2022 17:00,0
6/13/2022 18:00,0
6/13/2022 19:00,0
6/13/2022 20:00,0.799
6/13/2022 21:00,36.958
6/13/2022 22:00,147.436
6/13/2022 23:00,273.907
6/14/2022 0:00,374.819
6/14/2022 1:00,436.398
6/14/2022 2:00,445.463
6/14/2022 3:00,412.173
6/14/2022 4:00,334.908
6/14/2022 5:00,213.315
6/14/2022 6:00,81.848
6/14/2022 7:00,22.828
6/14/2022 8:00,6.988
6/14/2022 9:00,0.213
6/14/2022 10:00,0
6/14/2022 11:00,0
6/14/2022 12:00,0
6/14/2022 13:00,0
6/14/2022 14:00,0
6/14/2022 15:00,0
6/14/2022 16:00,0
6/14/2022 17:00,0
6/14/2022 18:00,0
6/14/2022 19:00,0
6/14/2022 20:00,0.961
6/14/2022 21:00,40.765
6/14/2022 22:00,144.322
6/14/2022 23:00,259.239
6/15/2022 0:00,361.322
6/15/2022 1:00,424.038
6/15/2022 2:00,430.92
6/15/2022 3:00,390.19
6/15/2022 4:00,307.558
6/15/2022 5:00,189.781
6/15/2022 6:00,73.628
6/15/2022 7:00,20.929
6/15/2022 8:00,6.969
6/15/2022 9:00,0.176
6/15/2022 10:00,0
6/15/2022 11:00,0
6/15/2022 12:00,0
6/15/2022 13:00,0
6/15/2022 14:00,0
6/15/2022 15:00,0
6/15/2022 16:00,0
6/15/2022 17:00,0
6/15/2022 18:00,0
6/15/2022 19:00,0
6/15/2022 20:00,1.032
6/15/2022 21:00,42.1
6/15/2022 22:00,139.834
6/15/2022 23:00,248.906
6/16/2022 0:00,345.291
6/16/2022 1:00,423.015
6/16/2022 2:00,429.909
6/16/2022 3:00,402.941
6/16/2022 4:00,333.726
6/16/2022 5:00,219.386
6/16/2022 6:00,90.446
6/16/2022 7:00,30.446
6/16/2022 8:00,10.435
6/16/2022 9:00,0.272
6/16/2022 10:00,0
6/16/2022 11:00,0
6/16/2022 12:00,0
6/16/2022 13:00,0
6/16/2022 14:00,0
6/16/2022 15:00,0
6/16/2022 16:00,0
6/16/2022 17:00,0
6/16/2022 18:00,0
6/16/2022 19:00,0
6/16/2022 20:00,1.123
6/16/2022 21:00,42.823
6/16/2022 22:00,148.503
6/16/2022 23:00,263.467
6/17/2022 0:00,371.816
6/17/2022 1:00,431.715
6/17/2022 2:00,443.327
6/17/2022 3:00,414.944
6/17/2022 4:00,340.672
6/17/2022 5:00,222.748
6/17/2022 6:00,91.111
6/17/2022 7:00,28.025
6/17/2022 8:00,7.79
6/17/2022 9:00,0.137
6/17/2022 10:00,0
6/17/2022 11:00,0
6/17/2022 12:00,0
6/17/2022 13:00,0
6/17/2022 14:00,0
6/17/2022 15:00,0
6/17/2022 16:00,0
6/17/2022 17:00,0
6/17/2022 18:00,0
6/17/2022 19:00,0
6/17/2022 20:00,1.046
6/17/2022 21:00,39.287
6/17/2022 22:00,142.981
6/17/2022 23:00,259.22
6/18/2022 0:00,363.476
6/18/2022 1:00,432.752
6/18/2022 2:00,444.015
6/18/2022 3:00,401.829
6/18/2022 4:00,318.896
6/18/2022 5:00,197.969
6/18/2022 6:00,78.476
6/18/2022 7:00,18.765
6/18/2022 8:00,5.779
6/18/2022 9:00,0.122
6/18/2022 10:00,0
6/18/2022 11:00,0
6/18/2022 12:00,0
6/18/2022 13:00,0
6/18/2022 14:00,0
6/18/2022 15:00,0
6/18/2022 16:00,0
6/18/2022 17:00,0
6/18/2022 18:00,0
6/18/2022 19:00,0
6/18/2022 20:00,0.992
6/18/2022 21:00,39.472
6/18/2022 22:00,140.311
6/18/2022 23:00,262.736
6/19/2022 0:00,373.069
6/19/2022 1:00,432.093
6/19/2022 2:00,448.975
6/19/2022 3:00,399.649
6/19/2022 4:00,295.714
6/19/2022 5:00,178.298
6/19/2022 6:00,64.051
6/19/2022 7:00,16.986
6/19/2022 8:00,7.221
6/19/2022 9:00,0.193
6/19/2022 10:00,0
6/19/2022 11:00,0
6/19/2022 12:00,0
6/19/2022 13:00,0
6/19/2022 14:00,0
6/19/2022 15:00,0
6/19/2022 16:00,0
6/19/2022 17:00,0
6/19/2022 18:00,0
6/19/2022 19:00,0
6/19/2022 20:00,0.722
6/19/2022 21:00,23.168
6/19/2022 22:00,103.899
6/19/2022 23:00,201.535
6/20/2022 0:00,291.077
6/20/2022 1:00,370.485
6/20/2022 2:00,404.825
6/20/2022 3:00,377.65
6/20/2022 4:00,308.248
6/20/2022 5:00,199.41
6/20/2022 6:00,79.964
6/20/2022 7:00,22.734
6/20/2022 8:00,7.826
6/20/2022 9:00,0.217
6/20/2022 10:00,0
6/20/2022 11:00,0
6/20/2022 12:00,0
6/20/2022 13:00,0
6/20/2022 14:00,0
6/20/2022 15:00,0
6/20/2022 16:00,0
6/20/2022 17:00,0
6/20/2022 18:00,0
6/20/2022 19:00,0
6/20/2022 20:00,1.046
6/20/2022 21:00,37.841
6/20/2022 22:00,140.461
6/20/2022 23:00,267.515
6/21/2022 0:00,373.389
6/21/2022 1:00,439.849
6/21/2022 2:00,459.077
6/21/2022 3:00,419.047
6/21/2022 4:00,337.696
6/21/2022 5:00,223.769
6/21/2022 6:00,90.702
6/21/2022 7:00,29.534
6/21/2022 8:00,10.209
6/21/2022 9:00,0.273
6/21/2022 10:00,0
6/21/2022 11:00,0
6/21/2022 12:00,0
6/21/2022 13:00,0
6/21/2022 14:00,0
6/21/2022 15:00,0
6/21/2022 16:00,0
6/21/2022 17:00,0
6/21/2022 18:00,0
6/21/2022 19:00,0
6/21/2022 20:00,1.033
6/21/2022 21:00,42.172
6/21/2022 22:00,151.654
6/21/2022 23:00,274.41
6/22/2022 0:00,379.507
6/22/2022 1:00,443.54
6/22/2022 2:00,464.009
6/22/2022 3:00,423.763
6/22/2022 4:00,341.2
6/22/2022 5:00,219.371
6/22/2022 6:00,86.674
6/22/2022 7:00,26.828
6/22/2022 8:00,8.697
6/22/2022 9:00,0.238
6/22/2022 10:00,0
6/22/2022 11:00,0
6/22/2022 12:00,0
6/22/2022 13:00,0
6/22/2022 14:00,0
6/22/2022 15:00,0
6/22/2022 16:00,0
6/22/2022 17:00,0
6/22/2022 18:00,0
6/22/2022 19:00,0
6/22/2022 20:00,1.034
6/22/2022 21:00,43.286
6/22/2022 22:00,152.088
6/22/2022 23:00,277.447
6/23/2022 0:00,387.79
6/23/2022 1:00,458.007
6/23/2022 2:00,477.493
6/23/2022 3:00,441.315
6/23/2022 4:00,362.298
6/23/2022 5:00,228.144
6/23/2022 6:00,86.479
6/23/2022 7:00,23.577
6/23/2022 8:00,7.331
6/23/2022 9:00,0.192
6/23/2022 10:00,0
6/23/2022 11:00,0
6/23/2022 12:00,0
6/23/2022 13:00,0
6/23/2022 14:00,0
6/23/2022 15:00,0
6/23/2022 16:00,0
6/23/2022 17:00,0
6/23/2022 18:00,0
6/23/2022 19:00,0
6/23/2022 20:00,1.071
6/23/2022 21:00,43.357
6/23/2022 22:00,145.797
6/23/2022 23:00,267.108
6/24/2022 0:00,383.907
6/24/2022 1:00,459.547
6/24/2022 2:00,477.736
6/24/2022 3:00,431.179
6/24/2022 4:00,337.813
6/24/2022 5:00,214.566
6/24/2022 6:00,89.033
6/24/2022 7:00,28.146
6/24/2022 8:00,8.599
6/24/2022 9:00,0.224
6/24/2022 10:00,0
6/24/2022 11:00,0
6/24/2022 12:00,0
6/24/2022 13:00,0
6/24/2022 14:00,0
6/24/2022 15:00,0
6/24/2022 16:00,0
6/24/2022 17:00,0
6/24/2022 18:00,0
6/24/2022 19:00,0
6/24/2022 20:00,1.135
6/24/2022 21:00,44.607
6/24/2022 22:00,162.479
6/24/2022 23:00,293.252
6/25/2022 0:00,411.599
6/25/2022 1:00,484.7
6/25/2022 2:00,501.885
6/25/2022 3:00,455.533
6/25/2022 4:00,351.019
6/25/2022 5:00,225.521
6/25/2022 6:00,95.428
6/25/2022 7:00,31.723
6/25/2022 8:00,11.005
6/25/2022 9:00,0.293
6/25/2022 10:00,0
6/25/2022 11:00,0
6/25/2022 12:00,0
6/25/2022 13:00,0
6/25/2022 14:00,0
6/25/2022 15:00,0
6/25/2022 16:00,0
6/25/2022 17:00,0
6/25/2022 18:00,0
6/25/2022 19:00,0
6/25/2022 20:00,0.696
6/25/2022 21:00,31.455
6/25/2022 22:00,125.846
6/25/2022 23:00,238.303
6/26/2022 0:00,332.371
6/26/2022 1:00,388.368
6/26/2022 2:00,382.638
6/26/2022 3:00,331.156
6/26/2022 4:00,268.899
6/26/2022 5:00,182.651
6/26/2022 6:00,82.006
6/26/2022 7:00,31.27
6/26/2022 8:00,10.915
6/26/2022 9:00,0.29
6/26/2022 10:00,0
6/26/2022 11:00,0
6/26/2022 12:00,0
6/26/2022 13:00,0
6/26/2022 14:00,0
6/26/2022 15:00,0
6/26/2022 16:00,0
6/26/2022 17:00,0
6/26/2022 18:00,0
6/26/2022 19:00,0
6/26/2022 20:00,0.616
6/26/2022 21:00,28.761
6/26/2022 22:00,128.698
6/26/2022 23:00,252.811
6/27/2022 0:00,353.629
6/27/2022 1:00,434.376
6/27/2022 2:00,465.154
6/27/2022 3:00,447.376
6/27/2022 4:00,362.207
6/27/2022 5:00,230.864
6/27/2022 6:00,89.528
6/27/2022 7:00,24.672
6/27/2022 8:00,7.576
6/27/2022 9:00,0.201
6/27/2022 10:00,0
6/27/2022 11:00,0
6/27/2022 12:00,0
6/27/2022 13:00,0
6/27/2022 14:00,0
6/27/2022 15:00,0
6/27/2022 16:00,0
6/27/2022 17:00,0
6/27/2022 18:00,0
6/27/2022 19:00,0
6/27/2022 20:00,1.021
6/27/2022 21:00,39
6/27/2022 22:00,143.207
6/27/2022 23:00,265.398
6/28/2022 0:00,364.033
6/28/2022 1:00,426.218
6/28/2022 2:00,431.911
6/28/2022 3:00,398.532
6/28/2022 4:00,328.029
6/28/2022 5:00,218.518
6/28/2022 6:00,94.734
6/28/2022 7:00,31.072
6/28/2022 8:00,10.745
6/28/2022 9:00,0.294
6/28/2022 10:00,0
6/28/2022 11:00,0
6/28/2022 12:00,0
6/28/2022 13:00,0
6/28/2022 14:00,0
6/28/2022 15:00,0
6/28/2022 16:00,0
6/28/2022 17:00,0
6/28/2022 18:00,0
6/28/2022 19:00,0
6/28/2022 20:00,0.53
6/28/2022 21:00,26.888
6/28/2022 22:00,108.336
6/28/2022 23:00,201.296
6/29/2022 0:00,261.352
6/29/2022 1:00,298.972
6/29/2022 2:00,310.114
6/29/2022 3:00,287.046
6/29/2022 4:00,212.67
6/29/2022 5:00,135.171
6/29/2022 6:00,68.886
6/29/2022 7:00,30.552
6/29/2022 8:00,10.759
6/29/2022 9:00,0.294
6/29/2022 10:00,0
6/29/2022 11:00,0
6/29/2022 12:00,0
6/29/2022 13:00,0
6/29/2022 14:00,0
6/29/2022 15:00,0
6/29/2022 16:00,0
6/29/2022 17:00,0
6/29/2022 18:00,0
6/29/2022 19:00,0
6/29/2022 20:00,0.714
6/29/2022 21:00,31.632
6/29/2022 22:00,134.542
6/29/2022 23:00,261.593
6/30/2022 0:00,370.638
6/30/2022 1:00,435.855
6/30/2022 2:00,451.055
6/30/2022 3:00,407.382
6/30/2022 4:00,324.54
6/30/2022 5:00,211.714
6/30/2022 6:00,91.498
6/30/2022 7:00,31.076
6/30/2022 8:00,11.014
6/30/2022 9:00,0.318
6/30/2022 10:00,0
6/30/2022 11:00,0
6/30/2022 12:00,0
6/30/2022 13:00,0
6/30/2022 14:00,0
6/30/2022 15:00,0
6/30/2022 16:00,0
6/30/2022 17:00,0
6/30/2022 18:00,0
6/30/2022 19:00,0
6/30/2022 20:00,0.313
6/30/2022 21:00,13.805
6/30/2022 22:00,59.795
6/30/2022 23:00,123.558
7/1/2022 0:00,196.776
7/1/2022 1:00,243.978
7/1/2022 2:00,257.385
7/1/2022 3:00,250.243
7/1/2022 4:00,204.021
7/1/2022 5:00,142.374
7/1/2022 6:00,74.146
7/1/2022 7:00,31.873
7/1/2022 8:00,11.421
7/1/2022 9:00,0.332
7/1/2022 10:00,0
7/1/2022 11:00,0
7/1/2022 12:00,0
7/1/2022 13:00,0
7/1/2022 14:00,0
7/1/2022 15:00,0
7/1/2022 16:00,0
7/1/2022 17:00,0
7/1/2022 18:00,0
7/1/2022 19:00,0
7/1/2022 20:00,0.167
7/1/2022 21:00,12.756
7/1/2022 22:00,66.063
7/1/2022 23:00,136.796
7/2/2022 0:00,220.303
7/2/2022 1:00,274.241
7/2/2022 2:00,289.009
7/2/2022 3:00,273.204
7/2/2022 4:00,223.523
7/2/2022 5:00,152.989
7/2/2022 6:00,77.536
7/2/2022 7:00,32.572
7/2/2022 8:00,11.619
7/2/2022 9:00,0.342
7/2/2022 10:00,0
7/2/2022 11:00,0
7/2/2022 12:00,0
7/2/2022 13:00,0
7/2/2022 14:00,0
7/2/2022 15:00,0
7/2/2022 16:00,0
7/2/2022 17:00,0
7/2/2022 18:00,0
7/2/2022 19:00,0
7/2/2022 20:00,0.722
7/2/2022 21:00,22.04
7/2/2022 22:00,92.362
7/2/2022 23:00,193.99
7/3/2022 0:00,288
7/3/2022 1:00,346.619
7/3/2022 2:00,368.092
7/3/2022 3:00,360.258
7/3/2022 4:00,306.461
7/3/2022 5:00,209.999
7/3/2022 6:00,97.333
7/3/2022 7:00,33.831
7/3/2022 8:00,11.913
7/3/2022 9:00,0.361
7/3/2022 10:00,0
7/3/2022 11:00,0
7/3/2022 12:00,0
7/3/2022 13:00,0
7/3/2022 14:00,0
7/3/2022 15:00,0
7/3/2022 16:00,0
7/3/2022 17:00,0
7/3/2022 18:00,0
7/3/2022 19:00,0
7/3/2022 20:00,0.292
7/3/2022 21:00,14.065
7/3/2022 22:00,73.406
7/3/2022 23:00,163.03
7/4/2022 0:00,253.603
7/4/2022 1:00,332.317
7/4/2022 2:00,375.528
7/4/2022 3:00,336.155
7/4/2022 4:00,272.915
7/4/2022 5:00,184.354
7/4/2022 6:00,88.209
7/4/2022 7:00,34.131
7/4/2022 8:00,12.232
7/4/2022 9:00,0.377
7/4/2022 10:00,0
7/4/2022 11:00,0
7/4/2022 12:00,0
7/4/2022 13:00,0
7/4/2022 14:00,0
7/4/2022 15:00,0
7/4/2022 16:00,0
7/4/2022 17:00,0
7/4/2022 18:00,0
7/4/2022 19:00,0
7/4/2022 20:00,0.242
7/4/2022 21:00,12.514
7/4/2022 22:00,65.715
7/4/2022 23:00,140.751
7/5/2022 0:00,229.721
7/5/2022 1:00,270.819
7/5/2022 2:00,293.046
7/5/2022 3:00,281.896
7/5/2022 4:00,224.745
7/5/2022 5:00,149.887
7/5/2022 6:00,68.756
7/5/2022 7:00,21.912
7/5/2022 8:00,7.62
7/5/2022 9:00,0.257
7/5/2022 10:00,0
7/5/2022 11:00,0
7/5/2022 12:00,0
7/5/2022 13:00,0
7/5/2022 14:00,0
7/5/2022 15:00,0
7/5/2022 16:00,0
7/5/2022 17:00,0
7/5/2022 18:00,0
7/5/2022 19:00,0
7/5/2022 20:00,0.867
7/5/2022 21:00,30.508
7/5/2022 22:00,115.499
7/5/2022 23:00,222.458
7/6/2022 0:00,320.834
7/6/2022 1:00,396.569
7/6/2022 2:00,423.808
7/6/2022 3:00,394.62
7/6/2022 4:00,320.412
7/6/2022 5:00,222.747
7/6/2022 6:00,99.042
7/6/2022 7:00,32.988
7/6/2022 8:00,11.12
7/6/2022 9:00,0.353
7/6/2022 10:00,0
7/6/2022 11:00,0
7/6/2022 12:00,0
7/6/2022 13:00,0
7/6/2022 14:00,0
7/6/2022 15:00,0
7/6/2022 16:00,0
7/6/2022 17:00,0
7/6/2022 18:00,0
7/6/2022 19:00,0
7/6/2022 20:00,1.305
7/6/2022 21:00,40.201
7/6/2022 22:00,142.647
7/6/2022 23:00,255.289
7/7/2022 0:00,360.346
7/7/2022 1:00,444.456
7/7/2022 2:00,442.087
7/7/2022 3:00,399.892
7/7/2022 4:00,324.117
7/7/2022 5:00,223.847
7/7/2022 6:00,95.353
7/7/2022 7:00,27.068
7/7/2022 8:00,7.789
7/7/2022 9:00,0.302
7/7/2022 10:00,0
7/7/2022 11:00,0
7/7/2022 12:00,0
7/7/2022 13:00,0
7/7/2022 14:00,0
7/7/2022 15:00,0
7/7/2022 16:00,0
7/7/2022 17:00,0
7/7/2022 18:00,0
7/7/2022 19:00,0
7/7/2022 20:00,1.475
7/7/2022 21:00,49.602
7/7/2022 22:00,160.753
7/7/2022 23:00,280.022
7/8/2022 0:00,396.273
7/8/2022 1:00,479.553
7/8/2022 2:00,492.573
7/8/2022 3:00,458.323
7/8/2022 4:00,375.567
7/8/2022 5:00,248.366
7/8/2022 6:00,103.28
7/8/2022 7:00,33.323
7/8/2022 8:00,11.72
7/8/2022 9:00,0.388
7/8/2022 10:00,0
7/8/2022 11:00,0
7/8/2022 12:00,0
7/8/2022 13:00,0
7/8/2022 14:00,0
7/8/2022 15:00,0
7/8/2022 16:00,0
7/8/2022 17:00,0
7/8/2022 18:00,0
7/8/2022 19:00,0
7/8/2022 20:00,1.537
7/8/2022 21:00,49.046
7/8/2022 22:00,157.961
7/8/2022 23:00,272.808
7/9/2022 0:00,370.844
7/9/2022 1:00,437.126
7/9/2022 2:00,455.032
7/9/2022 3:00,417.447
7/9/2022 4:00,328.235
7/9/2022 5:00,201.514
7/9/2022 6:00,70.066
7/9/2022 7:00,15.146
7/9/2022 8:00,4.73
7/9/2022 9:00,0.17
7/9/2022 10:00,0
7/9/2022 11:00,0
7/9/2022 12:00,0
7/9/2022 13:00,0
7/9/2022 14:00,0
7/9/2022 15:00,0
7/9/2022 16:00,0
7/9/2022 17:00,0
7/9/2022 18:00,0
7/9/2022 19:00,0
7/9/2022 20:00,1.403
7/9/2022 21:00,35.414
7/9/2022 22:00,125.918
7/9/2022 23:00,243.978
7/10/2022 0:00,367.935
7/10/2022 1:00,457.644
7/10/2022 2:00,476.2
7/10/2022 3:00,427.68
7/10/2022 4:00,346.906
7/10/2022 5:00,228.336
7/10/2022 6:00,95.271
7/10/2022 7:00,27.706
7/10/2022 8:00,9.137
7/10/2022 9:00,0.328
7/10/2022 10:00,0
7/10/2022 11:00,0
7/10/2022 12:00,0
7/10/2022 13:00,0
7/10/2022 14:00,0
7/10/2022 15:00,0
7/10/2022 16:00,0
7/10/2022 17:00,0
7/10/2022 18:00,0
7/10/2022 19:00,0
7/10/2022 20:00,1.243
7/10/2022 21:00,40.491
7/10/2022 22:00,139.186
7/10/2022 23:00,248.338
7/11/2022 0:00,352.789
7/11/2022 1:00,421.598
7/11/2022 2:00,426.718
7/11/2022 3:00,339.98
7/11/2022 4:00,252.443
7/11/2022 5:00,170.481
7/11/2022 6:00,85.578
7/11/2022 7:00,32.71
7/11/2022 8:00,11.71
7/11/2022 9:00,0.446
7/11/2022 10:00,0
7/11/2022 11:00,0
7/11/2022 12:00,0
7/11/2022 13:00,0
7/11/2022 14:00,0
7/11/2022 15:00,0
7/11/2022 16:00,0
7/11/2022 17:00,0
7/11/2022 18:00,0
7/11/2022 19:00,0
7/11/2022 20:00,1.359
7/11/2022 21:00,38.319
7/11/2022 22:00,132.786
7/11/2022 23:00,242.036
7/12/2022 0:00,336.378
7/12/2022 1:00,396.379
7/12/2022 2:00,409.276
7/12/2022 3:00,361.1
7/12/2022 4:00,280.967
7/12/2022 5:00,178.63
7/12/2022 6:00,83.182
7/12/2022 7:00,32.121
7/12/2022 8:00,11.985
7/12/2022 9:00,0.465
7/12/2022 10:00,0
7/12/2022 11:00,0
7/12/2022 12:00,0
7/12/2022 13:00,0
7/12/2022 14:00,0
7/12/2022 15:00,0
7/12/2022 16:00,0
7/12/2022 17:00,0
7/12/2022 18:00,0
7/12/2022 19:00,0
7/12/2022 20:00,1.512
7/12/2022 21:00,39.126
7/12/2022 22:00,126.31
7/12/2022 23:00,225.241
7/13/2022 0:00,330.194
7/13/2022 1:00,414.653
7/13/2022 2:00,447.122
7/13/2022 3:00,415.897
7/13/2022 4:00,338.324
7/13/2022 5:00,227.228
7/13/2022 6:00,103.955
7/13/2022 7:00,33.578
7/13/2022 8:00,12
7/13/2022 9:00,0.472
7/13/2022 10:00,0
7/13/2022 11:00,0
7/13/2022 12:00,0
7/13/2022 13:00,0
7/13/2022 14:00,0
7/13/2022 15:00,0
7/13/2022 16:00,0
7/13/2022 17:00,0
7/13/2022 18:00,0
7/13/2022 19:00,0
7/13/2022 20:00,1.633
7/13/2022 21:00,41.369
7/13/2022 22:00,132.375
7/13/2022 23:00,235.388
7/14/2022 0:00,342.86
7/14/2022 1:00,418.22
7/14/2022 2:00,433.334
7/14/2022 3:00,408.517
7/14/2022 4:00,337.826
7/14/2022 5:00,236.644
7/14/2022 6:00,104.861
7/14/2022 7:00,31.623
7/14/2022 8:00,10.791
7/14/2022 9:00,0.41
7/14/2022 10:00,0
7/14/2022 11:00,0
7/14/2022 12:00,0
7/14/2022 13:00,0
7/14/2022 14:00,0
7/14/2022 15:00,0
7/14/2022 16:00,0
7/14/2022 17:00,0
7/14/2022 18:00,0
7/14/2022 19:00,0
7/14/2022 20:00,1.705
7/14/2022 21:00,53.127
7/14/2022 22:00,175.261
7/14/2022 23:00,302.401
7/15/2022 0:00,405.824
7/15/2022 1:00,473.293
7/15/2022 2:00,495.265
7/15/2022 3:00,450.862
7/15/2022 4:00,362.464
7/15/2022 5:00,242.89
7/15/2022 6:00,98.456
7/15/2022 7:00,26.208
7/15/2022 8:00,9.469
7/15/2022 9:00,0.374
7/15/2022 10:00,0
7/15/2022 11:00,0
7/15/2022 12:00,0
7/15/2022 13:00,0
7/15/2022 14:00,0
7/15/2022 15:00,0
7/15/2022 16:00,0
7/15/2022 17:00,0
7/15/2022 18:00,0
7/15/2022 19:00,0
7/15/2022 20:00,1.729
7/15/2022 21:00,45.634
7/15/2022 22:00,128.667
7/15/2022 23:00,215.483
7/16/2022 0:00,297.234
7/16/2022 1:00,364.256
7/16/2022 2:00,406.34
7/16/2022 3:00,393.608
7/16/2022 4:00,323.059
7/16/2022 5:00,213.089
7/16/2022 6:00,94.001
7/16/2022 7:00,30.811
7/16/2022 8:00,11.133
7/16/2022 9:00,0.524
7/16/2022 10:00,0
7/16/2022 11:00,0
7/16/2022 12:00,0
7/16/2022 13:00,0
7/16/2022 14:00,0
7/16/2022 15:00,0
7/16/2022 16:00,0
7/16/2022 17:00,0
7/16/2022 18:00,0
7/16/2022 19:00,0
7/16/2022 20:00,1.761
7/16/2022 21:00,52.084
7/16/2022 22:00,167.57
7/16/2022 23:00,281.481
7/17/2022 0:00,372.26
7/17/2022 1:00,427.805
7/17/2022 2:00,429.764
7/17/2022 3:00,394.766
7/17/2022 4:00,299.875
7/17/2022 5:00,188.734
7/17/2022 6:00,73.805
7/17/2022 7:00,17.696
7/17/2022 8:00,5.825
7/17/2022 9:00,0.248
7/17/2022 10:00,0
7/17/2022 11:00,0
7/17/2022 12:00,0
7/17/2022 13:00,0
7/17/2022 14:00,0
7/17/2022 15:00,0
7/17/2022 16:00,0
7/17/2022 17:00,0
7/17/2022 18:00,0
7/17/2022 19:00,0
7/17/2022 20:00,1.808
7/17/2022 21:00,52.091
7/17/2022 22:00,162.095
7/17/2022 23:00,282.638
7/18/2022 0:00,400.183
7/18/2022 1:00,472.691
7/18/2022 2:00,498.035
7/18/2022 3:00,460.934
7/18/2022 4:00,378.218
7/18/2022 5:00,249.236
7/18/2022 6:00,110.411
7/18/2022 7:00,35.09
7/18/2022 8:00,12.589
7/18/2022 9:00,0.596
7/18/2022 10:00,0
7/18/2022 11:00,0
7/18/2022 12:00,0
7/18/2022 13:00,0
7/18/2022 14:00,0
7/18/2022 15:00,0
7/18/2022 16:00,0
7/18/2022 17:00,0
7/18/2022 18:00,0
7/18/2022 19:00,0
7/18/2022 20:00,1.879
7/18/2022 21:00,44.72
7/18/2022 22:00,150.201
7/18/2022 23:00,271.399
7/19/2022 0:00,369.061
7/19/2022 1:00,421.059
7/19/2022 2:00,442.926
7/19/2022 3:00,415.888
7/19/2022 4:00,339.823
7/19/2022 5:00,220.279
7/19/2022 6:00,92.488
7/19/2022 7:00,28.097
7/19/2022 8:00,11.917
7/19/2022 9:00,0.523
7/19/2022 10:00,0
7/19/2022 11:00,0
7/19/2022 12:00,0
7/19/2022 13:00,0
7/19/2022 14:00,0
7/19/2022 15:00,0
7/19/2022 16:00,0
7/19/2022 17:00,0
7/19/2022 18:00,0
7/19/2022 19:00,0
7/19/2022 20:00,1.419
7/19/2022 21:00,39.685
7/19/2022 22:00,141.144
7/19/2022 23:00,265.027
7/20/2022 0:00,380.525
7/20/2022 1:00,439.916
7/20/2022 2:00,467.384
7/20/2022 3:00,431.942
7/20/2022 4:00,334.704
7/20/2022 5:00,219.31
7/20/2022 6:00,100.866
7/20/2022 7:00,27.88
7/20/2022 8:00,10.467
7/20/2022 9:00,0.484
7/20/2022 10:00,0
7/20/2022 11:00,0
7/20/2022 12:00,0
7/20/2022 13:00,0
7/20/2022 14:00,0
7/20/2022 15:00,0
7/20/2022 16:00,0
7/20/2022 17:00,0
7/20/2022 18:00,0
7/20/2022 19:00,0
7/20/2022 20:00,0.534
7/20/2022 21:00,26.044
7/20/2022 22:00,116.831
7/20/2022 23:00,222.73
7/21/2022 0:00,289.884
7/21/2022 1:00,331.006
7/21/2022 2:00,343.098
7/21/2022 3:00,345.566
7/21/2022 4:00,299.215
7/21/2022 5:00,210.083
7/21/2022 6:00,103.987
7/21/2022 7:00,34.357
7/21/2022 8:00,11.985
7/21/2022 9:00,0.622
7/21/2022 10:00,0
7/21/2022 11:00,0
7/21/2022 12:00,0
7/21/2022 13:00,0
7/21/2022 14:00,0
7/21/2022 15:00,0
7/21/2022 16:00,0
7/21/2022 17:00,0
7/21/2022 18:00,0
7/21/2022 19:00,0
7/21/2022 20:00,1.14
7/21/2022 21:00,30.529
7/21/2022 22:00,114.108
7/21/2022 23:00,228.863
7/22/2022 0:00,333.456
7/22/2022 1:00,391.475
7/22/2022 2:00,406.709
7/22/2022 3:00,369.341
7/22/2022 4:00,292.761
7/22/2022 5:00,183.824
7/22/2022 6:00,74.619
7/22/2022 7:00,25.896
7/22/2022 8:00,9.309
7/22/2022 9:00,0.554
7/22/2022 10:00,0
7/22/2022 11:00,0
7/22/2022 12:00,0
7/22/2022 13:00,0
7/22/2022 14:00,0
7/22/2022 15:00,0
7/22/2022 16:00,0
7/22/2022 17:00,0
7/22/2022 18:00,0
7/22/2022 19:00,0
7/22/2022 20:00,1.759
7/22/2022 21:00,49.834
7/22/2022 22:00,156.509
7/22/2022 23:00,272.675
7/23/2022 0:00,373.822
7/23/2022 1:00,433.595
7/23/2022 2:00,439.95
7/23/2022 3:00,398.605
7/23/2022 4:00,320.66
7/23/2022 5:00,202.379
7/23/2022 6:00,83.614
7/23/2022 7:00,15.622
7/23/2022 8:00,7.821
7/23/2022 9:00,0.463
7/23/2022 10:00,0
7/23/2022 11:00,0
7/23/2022 12:00,0
7/23/2022 13:00,0
7/23/2022 14:00,0
7/23/2022 15:00,0
7/23/2022 16:00,0
7/23/2022 17:00,0
7/23/2022 18:00,0
7/23/2022 19:00,0
7/23/2022 20:00,2.461
7/23/2022 21:00,49.811
7/23/2022 22:00,155.997
7/23/2022 23:00,278.556
7/24/2022 0:00,403.482
7/24/2022 1:00,482.182
7/24/2022 2:00,504.362
7/24/2022 3:00,488.446
7/24/2022 4:00,407.779
7/24/2022 5:00,276.099
7/24/2022 6:00,123.575
7/24/2022 7:00,32.12
7/24/2022 8:00,10.069
7/24/2022 9:00,0.528
7/24/2022 10:00,0
7/24/2022 11:00,0
7/24/2022 12:00,0
7/24/2022 13:00,0
7/24/2022 14:00,0
7/24/2022 15:00,0
7/24/2022 16:00,0
7/24/2022 17:00,0
7/24/2022 18:00,0
7/24/2022 19:00,0
7/24/2022 20:00,2.717
7/24/2022 21:00,59.923
7/24/2022 22:00,180.138
7/24/2022 23:00,307.861
7/25/2022 0:00,418.583
7/25/2022 1:00,478.032
7/25/2022 2:00,465.437
7/25/2022 3:00,412.315
7/25/2022 4:00,328.11
7/25/2022 5:00,218.355
7/25/2022 6:00,96.974
7/25/2022 7:00,27.794
7/25/2022 8:00,9.494
7/25/2022 9:00,0.526
7/25/2022 10:00,0
7/25/2022 11:00,0
7/25/2022 12:00,0
7/25/2022 13:00,0
7/25/2022 14:00,0
7/25/2022 15:00,0
7/25/2022 16:00,0
7/25/2022 17:00,0
7/25/2022 18:00,0
7/25/2022 19:00,0
7/25/2022 20:00,2.716
7/25/2022 21:00,51.847
7/25/2022 22:00,167.419
7/25/2022 23:00,295.324
7/26/2022 0:00,389.101
7/26/2022 1:00,438.392
7/26/2022 2:00,462.654
7/26/2022 3:00,431.123
7/26/2022 4:00,340.732
7/26/2022 5:00,218.873
7/26/2022 6:00,92.339
7/26/2022 7:00,18.792
7/26/2022 8:00,7.391
7/26/2022 9:00,0.509
7/26/2022 10:00,0
7/26/2022 11:00,0
7/26/2022 12:00,0
7/26/2022 13:00,0
7/26/2022 14:00,0
7/26/2022 15:00,0
7/26/2022 16:00,0
7/26/2022 17:00,0
7/26/2022 18:00,0
7/26/2022 19:00,0
7/26/2022 20:00,3.483
7/26/2022 21:00,66.927
7/26/2022 22:00,185.543
7/26/2022 23:00,310.48
7/27/2022 0:00,428.7
7/27/2022 1:00,529.107
7/27/2022 2:00,554.925
7/27/2022 3:00,509.257
7/27/2022 4:00,408.96
7/27/2022 5:00,276.435
7/27/2022 6:00,133.305
7/27/2022 7:00,40.179
7/27/2022 8:00,14.959
7/27/2022 9:00,1.079
7/27/2022 10:00,0
7/27/2022 11:00,0
7/27/2022 12:00,0
7/27/2022 13:00,0
7/27/2022 14:00,0
7/27/2022 15:00,0
7/27/2022 16:00,0
7/27/2022 17:00,0
7/27/2022 18:00,0
7/27/2022 19:00,0
7/27/2022 20:00,3.303
7/27/2022 21:00,65.772
7/27/2022 22:00,197.162
7/27/2022 23:00,340.009
7/28/2022 0:00,465.939
7/28/2022 1:00,540.122
7/28/2022 2:00,545.349
7/28/2022 3:00,495.746
7/28/2022 4:00,400.036
7/28/2022 5:00,265.183
7/28/2022 6:00,126.075
7/28/2022 7:00,39.042
7/28/2022 8:00,14.102
7/28/2022 9:00,0.93
7/28/2022 10:00,0
7/28/2022 11:00,0
7/28/2022 12:00,0
7/28/2022 13:00,0
7/28/2022 14:00,0
7/28/2022 15:00,0
7/28/2022 16:00,0
7/28/2022 17:00,0
7/28/2022 18:00,0
7/28/2022 19:00,0
7/28/2022 20:00,3.394
7/28/2022 21:00,63.076
7/28/2022 22:00,183.672
7/28/2022 23:00,316.99
7/29/2022 0:00,444.791
7/29/2022 1:00,521.099
7/29/2022 2:00,541.059
7/29/2022 3:00,507.47
7/29/2022 4:00,417.49
7/29/2022 5:00,290.004
7/29/2022 6:00,134.529
7/29/2022 7:00,35.807
7/29/2022 8:00,12.397
7/29/2022 9:00,0.886
7/29/2022 10:00,0
7/29/2022 11:00,0
7/29/2022 12:00,0
7/29/2022 13:00,0
7/29/2022 14:00,0
7/29/2022 15:00,0
7/29/2022 16:00,0
7/29/2022 17:00,0
7/29/2022 18:00,0
7/29/2022 19:00,0
7/29/2022 20:00,2.745
7/29/2022 21:00,67.508
7/29/2022 22:00,212.868
7/29/2022 23:00,361.517
7/30/2022 0:00,478.553
7/30/2022 1:00,544.485
7/30/2022 2:00,558.557
7/30/2022 3:00,516.167
7/30/2022 4:00,424.094
7/30/2022 5:00,289.943
7/30/2022 6:00,131.751
7/30/2022 7:00,37.673
7/30/2022 8:00,14.833
7/30/2022 9:00,1.092
7/30/2022 10:00,0
7/30/2022 11:00,0
7/30/2022 12:00,0
7/30/2022 13:00,0
7/30/2022 14:00,0
7/30/2022 15:00,0
7/30/2022 16:00,0
7/30/2022 17:00,0
7/30/2022 18:00,0
7/30/2022 19:00,0
7/30/2022 20:00,2.572
7/30/2022 21:00,42.482
7/30/2022 22:00,118.599
7/30/2022 23:00,195.13
7/31/2022 0:00,269.166
7/31/2022 1:00,329.009
7/31/2022 2:00,348.504
7/31/2022 3:00,318.185
7/31/2022 4:00,233.17
7/31/2022 5:00,149.522
7/31/2022 6:00,73.055
7/31/2022 7:00,31.019
7/31/2022 8:00,10.212
7/31/2022 9:00,0.876
7/31/2022 10:00,0
7/31/2022 11:00,0
7/31/2022 12:00,0
7/31/2022 13:00,0
7/31/2022 14:00,0
7/31/2022 15:00,0
7/31/2022 16:00,0
7/31/2022 17:00,0
7/31/2022 18:00,0
7/31/2022 19:00,0
7/31/2022 20:00,1.471
7/31/2022 21:00,40.399
7/31/2022 22:00,116.833
7/31/2022 23:00,238.065
8/1/2022 0:00,370.189
8/1/2022 1:00,428.837
8/1/2022 2:00,448.331
8/1/2022 3:00,424.863
8/1/2022 4:00,348.79
8/1/2022 5:00,229.225
8/1/2022 6:00,99.11
8/1/2022 7:00,23.808
8/1/2022 8:00,8.653
8/1/2022 9:00,0.633
8/1/2022 10:00,0
8/1/2022 11:00,0
8/1/2022 12:00,0
8/1/2022 13:00,0
8/1/2022 14:00,0
8/1/2022 15:00,0
8/1/2022 16:00,0
8/1/2022 17:00,0
8/1/2022 18:00,0
8/1/2022 19:00,0
8/1/2022 20:00,3.585
8/1/2022 21:00,71.081
8/1/2022 22:00,216.944
8/1/2022 23:00,366.242
8/2/2022 0:00,495.795
8/2/2022 1:00,572.398
8/2/2022 2:00,577.149
8/2/2022 3:00,507.581
8/2/2022 4:00,409.513
8/2/2022 5:00,274.881
8/2/2022 6:00,119.897
8/2/2022 7:00,25.566
8/2/2022 8:00,7.79
8/2/2022 9:00,0.372
8/2/2022 10:00,0
8/2/2022 11:00,0
8/2/2022 12:00,0
8/2/2022 13:00,0
8/2/2022 14:00,0
8/2/2022 15:00,0
8/2/2022 16:00,0
8/2/2022 17:00,0
8/2/2022 18:00,0
8/2/2022 19:00,0
8/2/2022 20:00,2.718
8/2/2022 21:00,49.977
8/2/2022 22:00,160.947
8/2/2022 23:00,336.273
8/3/2022 0:00,478.512
8/3/2022 1:00,559.668
8/3/2022 2:00,575.156
8/3/2022 3:00,538.007
8/3/2022 4:00,442.966
8/3/2022 5:00,297.202
8/3/2022 6:00,138.78
8/3/2022 7:00,31.491
8/3/2022 8:00,10.999
8/3/2022 9:00,1.027
8/3/2022 10:00,0
8/3/2022 11:00,0
8/3/2022 12:00,0
8/3/2022 13:00,0
8/3/2022 14:00,0
8/3/2022 15:00,0
8/3/2022 16:00,0
8/3/2022 17:00,0
8/3/2022 18:00,0
8/3/2022 19:00,0
8/3/2022 20:00,4.082
8/3/2022 21:00,57.634
8/3/2022 22:00,164.988
8/3/2022 23:00,275.32
8/4/2022 0:00,378.843
8/4/2022 1:00,443.607
8/4/2022 2:00,435.381
8/4/2022 3:00,398.733
8/4/2022 4:00,317.857
8/4/2022 5:00,212.814
8/4/2022 6:00,102.886
8/4/2022 7:00,27.657
8/4/2022 8:00,11.89
8/4/2022 9:00,1.244
8/4/2022 10:00,0
8/4/2022 11:00,0
8/4/2022 12:00,0
8/4/2022 13:00,0
8/4/2022 14:00,0
8/4/2022 15:00,0
8/4/2022 16:00,0
8/4/2022 17:00,0
8/4/2022 18:00,0
8/4/2022 19:00,0
8/4/2022 20:00,4.548
8/4/2022 21:00,65.08
8/4/2022 22:00,173.712
8/4/2022 23:00,283.935
8/5/2022 0:00,382.634
8/5/2022 1:00,444.951
8/5/2022 2:00,466.069
8/5/2022 3:00,443.623
8/5/2022 4:00,368.5
8/5/2022 5:00,246.999
8/5/2022 6:00,114.037
8/5/2022 7:00,30.224
8/5/2022 8:00,10.662
8/5/2022 9:00,0.992
8/5/2022 10:00,0
8/5/2022 11:00,0
8/5/2022 12:00,0
8/5/2022 13:00,0
8/5/2022 14:00,0
8/5/2022 15:00,0
8/5/2022 16:00,0
8/5/2022 17:00,0
8/5/2022 18:00,0
8/5/2022 19:00,0
8/5/2022 20:00,3.163
8/5/2022 21:00,62.965
8/5/2022 22:00,178.505
8/5/2022 23:00,316.87
8/6/2022 0:00,421.403
8/6/2022 1:00,481.574
8/6/2022 2:00,474.721
8/6/2022 3:00,440.117
8/6/2022 4:00,355.224
8/6/2022 5:00,237.639
8/6/2022 6:00,106.887
8/6/2022 7:00,26.903
8/6/2022 8:00,9.547
8/6/2022 9:00,0.861
8/6/2022 10:00,0
8/6/2022 11:00,0
8/6/2022 12:00,0
8/6/2022 13:00,0
8/6/2022 14:00,0
8/6/2022 15:00,0
8/6/2022 16:00,0
8/6/2022 17:00,0
8/6/2022 18:00,0
8/6/2022 19:00,0
8/6/2022 20:00,5.864
8/6/2022 21:00,78.807
8/6/2022 22:00,204.461
8/6/2022 23:00,335.541
8/7/2022 0:00,464.909
8/7/2022 1:00,550.659
8/7/2022 2:00,573.434
8/7/2022 3:00,531.117
8/7/2022 4:00,435.793
8/7/2022 5:00,298.923
8/7/2022 6:00,147.396
8/7/2022 7:00,44.311
8/7/2022 8:00,16.058
8/7/2022 9:00,1.614
8/7/2022 10:00,0
8/7/2022 11:00,0
8/7/2022 12:00,0
8/7/2022 13:00,0
8/7/2022 14:00,0
8/7/2022 15:00,0
8/7/2022 16:00,0
8/7/2022 17:00,0
8/7/2022 18:00,0
8/7/2022 19:00,0
8/7/2022 20:00,6.125
8/7/2022 21:00,81.632
8/7/2022 22:00,223.917
8/7/2022 23:00,374.611
8/8/2022 0:00,498.129
8/8/2022 1:00,564.909
8/8/2022 2:00,579.343
8/8/2022 3:00,527.871
8/8/2022 4:00,419.134
8/8/2022 5:00,283.81
8/8/2022 6:00,134.841
8/8/2022 7:00,31.816
8/8/2022 8:00,11.81
8/8/2022 9:00,1.472
8/8/2022 10:00,0
8/8/2022 11:00,0
8/8/2022 12:00,0
8/8/2022 13:00,0
8/8/2022 14:00,0
8/8/2022 15:00,0
8/8/2022 16:00,0
8/8/2022 17:00,0
8/8/2022 18:00,0
8/8/2022 19:00,0
8/8/2022 20:00,5.359
8/8/2022 21:00,66.083
8/8/2022 22:00,184.842
8/8/2022 23:00,310.094
8/9/2022 0:00,407.121
8/9/2022 1:00,484.767
8/9/2022 2:00,510.611
8/9/2022 3:00,486.894
8/9/2022 4:00,410.705
8/9/2022 5:00,290.229
8/9/2022 6:00,145.44
8/9/2022 7:00,38.67
8/9/2022 8:00,13.938
8/9/2022 9:00,1.756
8/9/2022 10:00,0
8/9/2022 11:00,0
8/9/2022 12:00,0
8/9/2022 13:00,0
8/9/2022 14:00,0
8/9/2022 15:00,0
8/9/2022 16:00,0
8/9/2022 17:00,0
8/9/2022 18:00,0
8/9/2022 19:00,0
8/9/2022 20:00,6.216
8/9/2022 21:00,74.783
8/9/2022 22:00,195.59
8/9/2022 23:00,322.06
8/10/2022 0:00,444.438
8/10/2022 1:00,523.873
8/10/2022 2:00,520.802
8/10/2022 3:00,487.828
8/10/2022 4:00,399.554
8/10/2022 5:00,268.794
8/10/2022 6:00,136.755
8/10/2022 7:00,39.69
8/10/2022 8:00,11.222
8/10/2022 9:00,1.385
8/10/2022 10:00,0
8/10/2022 11:00,0
8/10/2022 12:00,0
8/10/2022 13:00,0
8/10/2022 14:00,0
8/10/2022 15:00,0
8/10/2022 16:00,0
8/10/2022 17:00,0
8/10/2022 18:00,0
8/10/2022 19:00,0
8/10/2022 20:00,6.084
8/10/2022 21:00,62.643
8/10/2022 22:00,174.934
8/10/2022 23:00,315.001
8/11/2022 0:00,417.627
8/11/2022 1:00,471.599
8/11/2022 2:00,478.838
8/11/2022 3:00,438.586
8/11/2022 4:00,316.689
8/11/2022 5:00,216.947
8/11/2022 6:00,126.912
8/11/2022 7:00,46.246
8/11/2022 8:00,18.517
8/11/2022 9:00,2.284
8/11/2022 10:00,0
8/11/2022 11:00,0
8/11/2022 12:00,0
8/11/2022 13:00,0
8/11/2022 14:00,0
8/11/2022 15:00,0
8/11/2022 16:00,0
8/11/2022 17:00,0
8/11/2022 18:00,0
8/11/2022 19:00,0
8/11/2022 20:00,2.524
8/11/2022 21:00,40.427
8/11/2022 22:00,106.838
8/11/2022 23:00,208.766
8/12/2022 0:00,314.591
8/12/2022 1:00,360.593
8/12/2022 2:00,361.496
8/12/2022 3:00,329.075
8/12/2022 4:00,267.755
8/12/2022 5:00,199.247
8/12/2022 6:00,119.157
8/12/2022 7:00,49.769
8/12/2022 8:00,20.45
8/12/2022 9:00,2.649
8/12/2022 10:00,0
8/12/2022 11:00,0
8/12/2022 12:00,0
8/12/2022 13:00,0
8/12/2022 14:00,0
8/12/2022 15:00,0
8/12/2022 16:00,0
8/12/2022 17:00,0
8/12/2022 18:00,0
8/12/2022 19:00,0
8/12/2022 20:00,3.645
8/12/2022 21:00,55.141
8/12/2022 22:00,167.699
8/12/2022 23:00,296.22
8/13/2022 0:00,411.711
8/13/2022 1:00,475.073
8/13/2022 2:00,480.46
8/13/2022 3:00,448.588
8/13/2022 4:00,364.991
8/13/2022 5:00,252.062
8/13/2022 6:00,123.287
8/13/2022 7:00,39.304
8/13/2022 8:00,17.627
8/13/2022 9:00,1.919
8/13/2022 10:00,0
8/13/2022 11:00,0
8/13/2022 12:00,0
8/13/2022 13:00,0
8/13/2022 14:00,0
8/13/2022 15:00,0
8/13/2022 16:00,0
8/13/2022 17:00,0
8/13/2022 18:00,0
8/13/2022 19:00,0
8/13/2022 20:00,7.958
8/13/2022 21:00,77.828
8/13/2022 22:00,189.415
8/13/2022 23:00,304.567
8/14/2022 0:00,414.528
8/14/2022 1:00,484.819
8/14/2022 2:00,503.372
8/14/2022 3:00,461.024
8/14/2022 4:00,387.478
8/14/2022 5:00,281.329
8/14/2022 6:00,153.638
8/14/2022 7:00,50.418
8/14/2022 8:00,20.064
8/14/2022 9:00,2.704
8/14/2022 10:00,0
8/14/2022 11:00,0
8/14/2022 12:00,0
8/14/2022 13:00,0
8/14/2022 14:00,0
8/14/2022 15:00,0
8/14/2022 16:00,0
8/14/2022 17:00,0
8/14/2022 18:00,0
8/14/2022 19:00,0
8/14/2022 20:00,9.42
8/14/2022 21:00,94.428
8/14/2022 22:00,226.028
8/14/2022 23:00,360.592
8/15/2022 0:00,486.787
8/15/2022 1:00,545.9
8/15/2022 2:00,558.151
8/15/2022 3:00,504.369
8/15/2022 4:00,413.36
8/15/2022 5:00,289.871
8/15/2022 6:00,149.908
8/15/2022 7:00,50.252
8/15/2022 8:00,14.389
8/15/2022 9:00,1.638
8/15/2022 10:00,0
8/15/2022 11:00,0
8/15/2022 12:00,0
8/15/2022 13:00,0
8/15/2022 14:00,0
8/15/2022 15:00,0
8/15/2022 16:00,0
8/15/2022 17:00,0
8/15/2022 18:00,0
8/15/2022 19:00,0
8/15/2022 20:00,9.57
8/15/2022 21:00,95.559
8/15/2022 22:00,227.683
8/15/2022 23:00,372.213
8/16/2022 0:00,516.854
8/16/2022 1:00,587.738
8/16/2022 2:00,598.061
8/16/2022 3:00,556.846
8/16/2022 4:00,473.584
8/16/2022 5:00,329.561
8/16/2022 6:00,162.532
8/16/2022 7:00,50.514
8/16/2022 8:00,18.466
8/16/2022 9:00,2.351
8/16/2022 10:00,0
8/16/2022 11:00,0
8/16/2022 12:00,0
8/16/2022 13:00,0
8/16/2022 14:00,0
8/16/2022 15:00,0
8/16/2022 16:00,0
8/16/2022 17:00,0
8/16/2022 18:00,0
8/16/2022 19:00,0
8/16/2022 20:00,9.903
8/16/2022 21:00,101.183
8/16/2022 22:00,237.478
8/16/2022 23:00,348.457
8/17/2022 0:00,443.166
8/17/2022 1:00,509.881
8/17/2022 2:00,542.486
8/17/2022 3:00,479.142
8/17/2022 4:00,361.264
8/17/2022 5:00,228.315
8/17/2022 6:00,107.768
8/17/2022 7:00,26.662
8/17/2022 8:00,7.364
8/17/2022 9:00,1.306
8/17/2022 10:00,0
8/17/2022 11:00,0
8/17/2022 12:00,0
8/17/2022 13:00,0
8/17/2022 14:00,0
8/17/2022 15:00,0
8/17/2022 16:00,0
8/17/2022 17:00,0
8/17/2022 18:00,0
8/17/2022 19:00,0
8/17/2022 20:00,9.659
8/17/2022 21:00,92.281
8/17/2022 22:00,230.869
8/17/2022 23:00,348.57
8/18/2022 0:00,463.288
8/18/2022 1:00,571.935
8/18/2022 2:00,579.194
8/18/2022 3:00,510.585
8/18/2022 4:00,419.493
8/18/2022 5:00,297.331
8/18/2022 6:00,154.696
8/18/2022 7:00,49.895
8/18/2022 8:00,20.878
8/18/2022 9:00,3.154
8/18/2022 10:00,0
8/18/2022 11:00,0
8/18/2022 12:00,0
8/18/2022 13:00,0
8/18/2022 14:00,0
8/18/2022 15:00,0
8/18/2022 16:00,0
8/18/2022 17:00,0
8/18/2022 18:00,0
8/18/2022 19:00,0
8/18/2022 20:00,9.878
8/18/2022 21:00,92.03
8/18/2022 22:00,223.259
8/18/2022 23:00,352.969
8/19/2022 0:00,475.259
8/19/2022 1:00,560.767
8/19/2022 2:00,596.504
8/19/2022 3:00,586.644
8/19/2022 4:00,480.531
8/19/2022 5:00,323.426
8/19/2022 6:00,159.743
8/19/2022 7:00,47.288
8/19/2022 8:00,14.831
8/19/2022 9:00,2.142
8/19/2022 10:00,0
8/19/2022 11:00,0
8/19/2022 12:00,0
8/19/2022 13:00,0
8/19/2022 14:00,0
8/19/2022 15:00,0
8/19/2022 16:00,0
8/19/2022 17:00,0
8/19/2022 18:00,0
8/19/2022 19:00,0
8/19/2022 20:00,12.41
8/19/2022 21:00,106.849
8/19/2022 22:00,249.26
8/19/2022 23:00,412.47
8/20/2022 0:00,527.005
8/20/2022 1:00,603.334
8/20/2022 2:00,627.128
8/20/2022 3:00,593.121
8/20/2022 4:00,498.253
8/20/2022 5:00,364.174
8/20/2022 6:00,194.522
8/20/2022 7:00,61.021
8/20/2022 8:00,21.733
8/20/2022 9:00,3.583
8/20/2022 10:00,0
8/20/2022 11:00,0
8/20/2022 12:00,0
8/20/2022 13:00,0
8/20/2022 14:00,0
8/20/2022 15:00,0
8/20/2022 16:00,0
8/20/2022 17:00,0
8/20/2022 18:00,0
8/20/2022 19:00,0
8/20/2022 20:00,11.772
8/20/2022 21:00,110.26
8/20/2022 22:00,269.911
8/20/2022 23:00,434.108
8/21/2022 0:00,567.96
8/21/2022 1:00,657.281
8/21/2022 2:00,681.579
8/21/2022 3:00,637.573
8/21/2022 4:00,530.266
8/21/2022 5:00,377.168
8/21/2022 6:00,198.849
8/21/2022 7:00,56.021
8/21/2022 8:00,19.13
8/21/2022 9:00,3.346
8/21/2022 10:00,0
8/21/2022 11:00,0
8/21/2022 12:00,0
8/21/2022 13:00,0
8/21/2022 14:00,0
8/21/2022 15:00,0
8/21/2022 16:00,0
8/21/2022 17:00,0
8/21/2022 18:00,0
8/21/2022 19:00,0
8/21/2022 20:00,11.985
8/21/2022 21:00,107.25
8/21/2022 22:00,256.719
8/21/2022 23:00,421.185
8/22/2022 0:00,553.43
8/22/2022 1:00,622.818
8/22/2022 2:00,628.6
8/22/2022 3:00,585.212
8/22/2022 4:00,460.206
8/22/2022 5:00,302.791
8/22/2022 6:00,162.775
8/22/2022 7:00,57.735
8/22/2022 8:00,24.316
8/22/2022 9:00,4.327
8/22/2022 10:00,0
8/22/2022 11:00,0
8/22/2022 12:00,0
8/22/2022 13:00,0
8/22/2022 14:00,0
8/22/2022 15:00,0
8/22/2022 16:00,0
8/22/2022 17:00,0
8/22/2022 18:00,0
8/22/2022 19:00,0
8/22/2022 20:00,12.825
8/22/2022 21:00,110.201
8/22/2022 22:00,248.231
8/22/2022 23:00,386.54
8/23/2022 0:00,524.863
8/23/2022 1:00,603.309
8/23/2022 2:00,602.488
8/23/2022 3:00,554.073
8/23/2022 4:00,414.237
8/23/2022 5:00,278.228
8/23/2022 6:00,149.541
8/23/2022 7:00,52.357
8/23/2022 8:00,16.995
8/23/2022 9:00,3.064
8/23/2022 10:00,0
8/23/2022 11:00,0
8/23/2022 12:00,0
8/23/2022 13:00,0
8/23/2022 14:00,0
8/23/2022 15:00,0
8/23/2022 16:00,0
8/23/2022 17:00,0
8/23/2022 18:00,0
8/23/2022 19:00,0
8/23/2022 20:00,14.029
8/23/2022 21:00,114.621
8/23/2022 22:00,263.248
8/23/2022 23:00,412.574
8/24/2022 0:00,531.965
8/24/2022 1:00,583.915
8/24/2022 2:00,602.92
8/24/2022 3:00,546.127
8/24/2022 4:00,438.173
8/24/2022 5:00,305.173
8/24/2022 6:00,164.174
8/24/2022 7:00,49.846
8/24/2022 8:00,12.217
8/24/2022 9:00,2.652
8/24/2022 10:00,0
8/24/2022 11:00,0
8/24/2022 12:00,0
8/24/2022 13:00,0
8/24/2022 14:00,0
8/24/2022 15:00,0
8/24/2022 16:00,0
8/24/2022 17:00,0
8/24/2022 18:00,0
8/24/2022 19:00,0
8/24/2022 20:00,15.239
8/24/2022 21:00,115.116
8/24/2022 22:00,259.014
8/24/2022 23:00,419.286
8/25/2022 0:00,550.76
8/25/2022 1:00,628.932
8/25/2022 2:00,652.545
8/25/2022 3:00,604.898
8/25/2022 4:00,502.097
8/25/2022 5:00,348.712
8/25/2022 6:00,195.368
8/25/2022 7:00,64.358
8/25/2022 8:00,24.361
8/25/2022 9:00,4.73
8/25/2022 10:00,0
8/25/2022 11:00,0
8/25/2022 12:00,0
8/25/2022 13:00,0
8/25/2022 14:00,0
8/25/2022 15:00,0
8/25/2022 16:00,0
8/25/2022 17:00,0
8/25/2022 18:00,0
8/25/2022 19:00,0
8/25/2022 20:00,14.699
8/25/2022 21:00,108.923
8/25/2022 22:00,248.278
8/25/2022 23:00,400.19
8/26/2022 0:00,520.722
8/26/2022 1:00,589.674
8/26/2022 2:00,599.74
8/26/2022 3:00,568.647
8/26/2022 4:00,487.128
8/26/2022 5:00,358.67
8/26/2022 6:00,197.581
8/26/2022 7:00,68.188
8/26/2022 8:00,25.33
8/26/2022 9:00,4.955
8/26/2022 10:00,0
8/26/2022 11:00,0
8/26/2022 12:00,0
8/26/2022 13:00,0
8/26/2022 14:00,0
8/26/2022 15:00,0
8/26/2022 16:00,0
8/26/2022 17:00,0
8/26/2022 18:00,0
8/26/2022 19:00,0
8/26/2022 20:00,14.203
8/26/2022 21:00,105.572
8/26/2022 22:00,249.605
8/26/2022 23:00,429.388
8/27/2022 0:00,550.053
8/27/2022 1:00,625.861
8/27/2022 2:00,646.116
8/27/2022 3:00,596.269
8/27/2022 4:00,490.571
8/27/2022 5:00,331.07
8/27/2022 6:00,177.569
8/27/2022 7:00,58.078
8/27/2022 8:00,21.431
8/27/2022 9:00,3.887
8/27/2022 10:00,0
8/27/2022 11:00,0
8/27/2022 12:00,0
8/27/2022 13:00,0
8/27/2022 14:00,0
8/27/2022 15:00,0
8/27/2022 16:00,0
8/27/2022 17:00,0
8/27/2022 18:00,0
8/27/2022 19:00,0
8/27/2022 20:00,12.794
8/27/2022 21:00,105.938
8/27/2022 22:00,252.459
8/27/2022 23:00,406.425
8/28/2022 0:00,548.025
8/28/2022 1:00,634.416
8/28/2022 2:00,658.461
8/28/2022 3:00,608.461
8/28/2022 4:00,494.056
8/28/2022 5:00,349.863
8/28/2022 6:00,188.366
8/28/2022 7:00,55.001
8/28/2022 8:00,17.887
8/28/2022 9:00,3.271
8/28/2022 10:00,0
8/28/2022 11:00,0
8/28/2022 12:00,0
8/28/2022 13:00,0
8/28/2022 14:00,0
8/28/2022 15:00,0
8/28/2022 16:00,0
8/28/2022 17:00,0
8/28/2022 18:00,0
8/28/2022 19:00,0
8/28/2022 20:00,14.493
8/28/2022 21:00,107.609
8/28/2022 22:00,229.087
8/28/2022 23:00,340.92
8/29/2022 0:00,389.33
8/29/2022 1:00,446.574
8/29/2022 2:00,456.714
8/29/2022 3:00,413.863
8/29/2022 4:00,354.876
8/29/2022 5:00,264.496
8/29/2022 6:00,157.897
8/29/2022 7:00,63.883
8/29/2022 8:00,25.233
8/29/2022 9:00,5.205
8/29/2022 10:00,0
8/29/2022 11:00,0
8/29/2022 12:00,0
8/29/2022 13:00,0
8/29/2022 14:00,0
8/29/2022 15:00,0
8/29/2022 16:00,0
8/29/2022 17:00,0
8/29/2022 18:00,0
8/29/2022 19:00,0
8/29/2022 20:00,15.115
8/29/2022 21:00,100.086
8/29/2022 22:00,230.989
8/29/2022 23:00,356.082
8/30/2022 0:00,474.142
8/30/2022 1:00,531.697
8/30/2022 2:00,528.667
8/30/2022 3:00,469.438
8/30/2022 4:00,385.177
8/30/2022 5:00,290.63
8/30/2022 6:00,178.452
8/30/2022 7:00,68.926
8/30/2022 8:00,26.102
8/30/2022 9:00,5.688
8/30/2022 10:00,0
8/30/2022 11:00,0
8/30/2022 12:00,0
8/30/2022 13:00,0
8/30/2022 14:00,0
8/30/2022 15:00,0
8/30/2022 16:00,0
8/30/2022 17:00,0
8/30/2022 18:00,0
8/30/2022 19:00,0
8/30/2022 20:00,13.048
8/30/2022 21:00,106.779
8/30/2022 22:00,255.084
8/30/2022 23:00,415.559
8/31/2022 0:00,562.561
8/31/2022 1:00,663.731
8/31/2022 2:00,689.048
8/31/2022 3:00,628.158
8/31/2022 4:00,527.153
8/31/2022 5:00,385.452
8/31/2022 6:00,226.357
8/31/2022 7:00,80.401
8/31/2022 8:00,26.711
8/31/2022 9:00,5.893
8/31/2022 10:00,0.001
8/31/2022 11:00,0
8/31/2022 12:00,0
8/31/2022 13:00,0
8/31/2022 14:00,0
8/31/2022 15:00,0
8/31/2022 16:00,0
8/31/2022 17:00,0
8/31/2022 18:00,0
8/31/2022 19:00,0
8/31/2022 20:00,17.046
8/31/2022 21:00,118.776
8/31/2022 22:00,262.165
8/31/2022 23:00,423.5
9/1/2022 0:00,548.062
9/1/2022 1:00,605.088
9/1/2022 2:00,578.291
9/1/2022 3:00,510.501
9/1/2022 4:00,418.835
9/1/2022 5:00,330.898
9/1/2022 6:00,194.433
9/1/2022 7:00,71.115
9/1/2022 8:00,26.882
9/1/2022 9:00,5.975
9/1/2022 10:00,0
9/1/2022 11:00,0
9/1/2022 12:00,0
9/1/2022 13:00,0
9/1/2022 14:00,0
9/1/2022 15:00,0
9/1/2022 16:00,0
9/1/2022 17:00,0
9/1/2022 18:00,0
9/1/2022 19:00,0
9/1/2022 20:00,10.799
9/1/2022 21:00,94.036
9/1/2022 22:00,236.375
9/1/2022 23:00,386.515
9/2/2022 0:00,484.945
9/2/2022 1:00,523.748
9/2/2022 2:00,538.37
9/2/2022 3:00,525.313
9/2/2022 4:00,430.995
9/2/2022 5:00,322.705
9/2/2022 6:00,179.277
9/2/2022 7:00,56.716
9/2/2022 8:00,12.23
9/2/2022 9:00,2.384
9/2/2022 10:00,0
9/2/2022 11:00,0
9/2/2022 12:00,0
9/2/2022 13:00,0
9/2/2022 14:00,0
9/2/2022 15:00,0
9/2/2022 16:00,0
9/2/2022 17:00,0
9/2/2022 18:00,0
9/2/2022 19:00,0
9/2/2022 20:00,6.488
9/2/2022 21:00,62.656
9/2/2022 22:00,167.21
9/2/2022 23:00,297.858
9/3/2022 0:00,382.887
9/3/2022 1:00,442.108
9/3/2022 2:00,474.25
9/3/2022 3:00,464.999
9/3/2022 4:00,408.892
9/3/2022 5:00,316.095
9/3/2022 6:00,179.758
9/3/2022 7:00,57.523
9/3/2022 8:00,15.617
9/3/2022 9:00,3.478
9/3/2022 10:00,0.001
9/3/2022 11:00,0
9/3/2022 12:00,0
9/3/2022 13:00,0
9/3/2022 14:00,0
9/3/2022 15:00,0
9/3/2022 16:00,0
9/3/2022 17:00,0
9/3/2022 18:00,0
9/3/2022 19:00,0
9/3/2022 20:00,19.405
9/3/2022 21:00,111.886
9/3/2022 22:00,243.673
9/3/2022 23:00,389.897
9/4/2022 0:00,536.471
9/4/2022 1:00,628.035
9/4/2022 2:00,646.157
9/4/2022 3:00,600.821
9/4/2022 4:00,516.88
9/4/2022 5:00,373.689
9/4/2022 6:00,214.455
9/4/2022 7:00,71.812
9/4/2022 8:00,22.266
9/4/2022 9:00,4.616
9/4/2022 10:00,0.001
9/4/2022 11:00,0
9/4/2022 12:00,0
9/4/2022 13:00,0
9/4/2022 14:00,0
9/4/2022 15:00,0
9/4/2022 16:00,0
9/4/2022 17:00,0
9/4/2022 18:00,0
9/4/2022 19:00,0
9/4/2022 20:00,21.785
9/4/2022 21:00,135.307
9/4/2022 22:00,294.032
9/4/2022 23:00,459.192
9/5/2022 0:00,591.506
9/5/2022 1:00,657.864
9/5/2022 2:00,654.061
9/5/2022 3:00,600.102
9/5/2022 4:00,503.055
9/5/2022 5:00,372.403
9/5/2022 6:00,221.413
9/5/2022 7:00,77.514
9/5/2022 8:00,21.854
9/5/2022 9:00,4.031
9/5/2022 10:00,0.001
9/5/2022 11:00,0
9/5/2022 12:00,0
9/5/2022 13:00,0
9/5/2022 14:00,0
9/5/2022 15:00,0
9/5/2022 16:00,0
9/5/2022 17:00,0
9/5/2022 18:00,0
9/5/2022 19:00,0
9/5/2022 20:00,17.027
9/5/2022 21:00,116.401
9/5/2022 22:00,278.059
9/5/2022 23:00,447.269
9/6/2022 0:00,578.608
9/6/2022 1:00,646.112
9/6/2022 2:00,608.184
9/6/2022 3:00,530.614
9/6/2022 4:00,452.027
9/6/2022 5:00,323.569
9/6/2022 6:00,179.879
9/6/2022 7:00,67.519
9/6/2022 8:00,21.598
9/6/2022 9:00,5.668
9/6/2022 10:00,0.002
9/6/2022 11:00,0
9/6/2022 12:00,0
9/6/2022 13:00,0
9/6/2022 14:00,0
9/6/2022 15:00,0
9/6/2022 16:00,0
9/6/2022 17:00,0
9/6/2022 18:00,0
9/6/2022 19:00,0
9/6/2022 20:00,23.82
9/6/2022 21:00,142.45
9/6/2022 22:00,311.101
9/6/2022 23:00,472.076
9/7/2022 0:00,598.33
9/7/2022 1:00,666.241
9/7/2022 2:00,650.283
9/7/2022 3:00,574.198
9/7/2022 4:00,462.573
9/7/2022 5:00,337.79
9/7/2022 6:00,195.093
9/7/2022 7:00,75.474
9/7/2022 8:00,23.86
9/7/2022 9:00,6.604
9/7/2022 10:00,0.005
9/7/2022 11:00,0
9/7/2022 12:00,0
9/7/2022 13:00,0
9/7/2022 14:00,0
9/7/2022 15:00,0
9/7/2022 16:00,0
9/7/2022 17:00,0
9/7/2022 18:00,0
9/7/2022 19:00,0.001
9/7/2022 20:00,23.396
9/7/2022 21:00,133.453
9/7/2022 22:00,266.617
9/7/2022 23:00,396.142
9/8/2022 0:00,481.199
9/8/2022 1:00,502.054
9/8/2022 2:00,505.689
9/8/2022 3:00,452.878
9/8/2022 4:00,369.558
9/8/2022 5:00,249.924
9/8/2022 6:00,141.048
9/8/2022 7:00,54.161
9/8/2022 8:00,17.073
9/8/2022 9:00,4.012
9/8/2022 10:00,0.005
9/8/2022 11:00,0
9/8/2022 12:00,0
9/8/2022 13:00,0
9/8/2022 14:00,0
9/8/2022 15:00,0
9/8/2022 16:00,0
9/8/2022 17:00,0
9/8/2022 18:00,0
9/8/2022 19:00,0.001
9/8/2022 20:00,8.596
9/8/2022 21:00,66.377
9/8/2022 22:00,166.809
9/8/2022 23:00,292.744
9/9/2022 0:00,421.616
9/9/2022 1:00,556.779
9/9/2022 2:00,627.861
9/9/2022 3:00,604.797
9/9/2022 4:00,505.59
9/9/2022 5:00,353.945
9/9/2022 6:00,210.576
9/9/2022 7:00,79.447
9/9/2022 8:00,27.047
9/9/2022 9:00,7.329
9/9/2022 10:00,0.012
9/9/2022 11:00,0
9/9/2022 12:00,0
9/9/2022 13:00,0
9/9/2022 14:00,0
9/9/2022 15:00,0
9/9/2022 16:00,0
9/9/2022 17:00,0
9/9/2022 18:00,0
9/9/2022 19:00,0.004
9/9/2022 20:00,27.578
9/9/2022 21:00,135.709
9/9/2022 22:00,274.43
9/9/2022 23:00,444.349
9/10/2022 0:00,604.446
9/10/2022 1:00,659.432
9/10/2022 2:00,667.283
9/10/2022 3:00,610.605
9/10/2022 4:00,520.14
9/10/2022 5:00,388.867
9/10/2022 6:00,226.819
9/10/2022 7:00,66.513
9/10/2022 8:00,15.054
9/10/2022 9:00,5.974
9/10/2022 10:00,0.021
9/10/2022 11:00,0
9/10/2022 12:00,0
9/10/2022 13:00,0
9/10/2022 14:00,0
9/10/2022 15:00,0
9/10/2022 16:00,0
9/10/2022 17:00,0
9/10/2022 18:00,0
9/10/2022 19:00,0.009
9/10/2022 20:00,30.654
9/10/2022 21:00,163.062
9/10/2022 22:00,333.9
9/10/2022 23:00,512.622
9/11/2022 0:00,655.89
9/11/2022 1:00,740.059
9/11/2022 2:00,778.123
9/11/2022 3:00,723.961
9/11/2022 4:00,608.859
9/11/2022 5:00,457.595
9/11/2022 6:00,263.69
9/11/2022 7:00,93.943
9/11/2022 8:00,30.68
9/11/2022 9:00,8.299
9/11/2022 10:00,0.028
9/11/2022 11:00,0
9/11/2022 12:00,0
9/11/2022 13:00,0
9/11/2022 14:00,0
9/11/2022 15:00,0
9/11/2022 16:00,0
9/11/2022 17:00,0
9/11/2022 18:00,0
9/11/2022 19:00,0.007
9/11/2022 20:00,26.313
9/11/2022 21:00,142.54
9/11/2022 22:00,296.055
9/11/2022 23:00,468.837
9/12/2022 0:00,601.839
9/12/2022 1:00,682.955
9/12/2022 2:00,708.856
9/12/2022 3:00,657.83
9/12/2022 4:00,557.026
9/12/2022 5:00,424.489
9/12/2022 6:00,255.381
9/12/2022 7:00,98.365
9/12/2022 8:00,29.969
9/12/2022 9:00,8.071
9/12/2022 10:00,0.032
9/12/2022 11:00,0
9/12/2022 12:00,0
9/12/2022 13:00,0
9/12/2022 14:00,0
9/12/2022 15:00,0
9/12/2022 16:00,0
9/12/2022 17:00,0
9/12/2022 18:00,0
9/12/2022 19:00,0.024
9/12/2022 20:00,29.685
9/12/2022 21:00,152.901
9/12/2022 22:00,333.147
9/12/2022 23:00,495.79
9/13/2022 0:00,617.275
9/13/2022 1:00,688.605
9/13/2022 2:00,724.191
9/13/2022 3:00,689.093
9/13/2022 4:00,587.861
9/13/2022 5:00,442.222
9/13/2022 6:00,270.831
9/13/2022 7:00,101.2
9/13/2022 8:00,24.661
9/13/2022 9:00,6.26
9/13/2022 10:00,0.04
9/13/2022 11:00,0
9/13/2022 12:00,0
9/13/2022 13:00,0
9/13/2022 14:00,0
9/13/2022 15:00,0
9/13/2022 16:00,0
9/13/2022 17:00,0
9/13/2022 18:00,0
9/13/2022 19:00,0.03
9/13/2022 20:00,34.002
9/13/2022 21:00,174.255
9/13/2022 22:00,360.697
9/13/2022 23:00,522.731
9/14/2022 0:00,636.515
9/14/2022 1:00,701.19
9/14/2022 2:00,703.038
9/14/2022 3:00,656.031
9/14/2022 4:00,535.108
9/14/2022 5:00,378.649
9/14/2022 6:00,227.037
9/14/2022 7:00,70.34
9/14/2022 8:00,12.799
9/14/2022 9:00,2.801
9/14/2022 10:00,0.017
9/14/2022 11:00,0
9/14/2022 12:00,0
9/14/2022 13:00,0
9/14/2022 14:00,0
9/14/2022 15:00,0
9/14/2022 16:00,0
9/14/2022 17:00,0
9/14/2022 18:00,0
9/14/2022 19:00,0.021
9/14/2022 20:00,20.615
9/14/2022 21:00,111.243
9/14/2022 22:00,252.353
9/14/2022 23:00,395.508
9/15/2022 0:00,519.831
9/15/2022 1:00,604.791
9/15/2022 2:00,571.565
9/15/2022 3:00,468.86
9/15/2022 4:00,369.719
9/15/2022 5:00,258.542
9/15/2022 6:00,150.037
9/15/2022 7:00,64.938
9/15/2022 8:00,21.705
9/15/2022 9:00,5.929
9/15/2022 10:00,0.048
9/15/2022 11:00,0
9/15/2022 12:00,0
9/15/2022 13:00,0
9/15/2022 14:00,0
9/15/2022 15:00,0
9/15/2022 16:00,0
9/15/2022 17:00,0
9/15/2022 18:00,0
9/15/2022 19:00,0.035
9/15/2022 20:00,27.541
9/15/2022 21:00,140.223
9/15/2022 22:00,318.645
9/15/2022 23:00,494.471
9/16/2022 0:00,643.121
9/16/2022 1:00,708.881
9/16/2022 2:00,695.413
9/16/2022 3:00,640.218
9/16/2022 4:00,544.321
9/16/2022 5:00,404.881
9/16/2022 6:00,247.944
9/16/2022 7:00,102.894
9/16/2022 8:00,33.637
9/16/2022 9:00,10.123
9/16/2022 10:00,0.104
9/16/2022 11:00,0
9/16/2022 12:00,0
9/16/2022 13:00,0
9/16/2022 14:00,0
9/16/2022 15:00,0
9/16/2022 16:00,0
9/16/2022 17:00,0
9/16/2022 18:00,0
9/16/2022 19:00,0.042
9/16/2022 20:00,32.457
9/16/2022 21:00,157.253
9/16/2022 22:00,314.461
9/16/2022 23:00,478.971
9/17/2022 0:00,596.911
9/17/2022 1:00,622.024
9/17/2022 2:00,611.997
9/17/2022 3:00,536.195
9/17/2022 4:00,467.13
9/17/2022 5:00,361.69
9/17/2022 6:00,210.847
9/17/2022 7:00,77.31
9/17/2022 8:00,21.531
9/17/2022 9:00,6.225
9/17/2022 10:00,0.08
9/17/2022 11:00,0
9/17/2022 12:00,0
9/17/2022 13:00,0
9/17/2022 14:00,0
9/17/2022 15:00,0
9/17/2022 16:00,0
9/17/2022 17:00,0
9/17/2022 18:00,0
9/17/2022 19:00,0.114
9/17/2022 20:00,43.823
9/17/2022 21:00,175.225
9/17/2022 22:00,332.849
9/17/2022 23:00,480.974
9/18/2022 0:00,605.264
9/18/2022 1:00,696.487
9/18/2022 2:00,698.427
9/18/2022 3:00,653.841
9/18/2022 4:00,547.247
9/18/2022 5:00,414.548
9/18/2022 6:00,260.636
9/18/2022 7:00,103.673
9/18/2022 8:00,29.092
9/18/2022 9:00,7.972
9/18/2022 10:00,0.106
9/18/2022 11:00,0
9/18/2022 12:00,0
9/18/2022 13:00,0
9/18/2022 14:00,0
9/18/2022 15:00,0
9/18/2022 16:00,0
9/18/2022 17:00,0
9/18/2022 18:00,0
9/18/2022 19:00,0.149
9/18/2022 20:00,42.72
9/18/2022 21:00,182.157
9/18/2022 22:00,354.543
9/18/2022 23:00,528.199
9/19/2022 0:00,671.758
9/19/2022 1:00,753.142
9/19/2022 2:00,773.645
9/19/2022 3:00,723.65
9/19/2022 4:00,612.095
9/19/2022 5:00,448.166
9/19/2022 6:00,274.891
9/19/2022 7:00,98.828
9/19/2022 8:00,26.491
9/19/2022 9:00,9.703
9/19/2022 10:00,0.169
9/19/2022 11:00,0
9/19/2022 12:00,0
9/19/2022 13:00,0
9/19/2022 14:00,0
9/19/2022 15:00,0
9/19/2022 16:00,0
9/19/2022 17:00,0
9/19/2022 18:00,0
9/19/2022 19:00,0.177
9/19/2022 20:00,48.826
9/19/2022 21:00,204.022
9/19/2022 22:00,383.516
9/19/2022 23:00,566.653
9/20/2022 0:00,697.161
9/20/2022 1:00,759.138
9/20/2022 2:00,752.167
9/20/2022 3:00,667.997
9/20/2022 4:00,574.047
9/20/2022 5:00,408.753
9/20/2022 6:00,251.833
9/20/2022 7:00,84.985
9/20/2022 8:00,17.135
9/20/2022 9:00,4.541
9/20/2022 10:00,0.076
9/20/2022 11:00,0
9/20/2022 12:00,0
9/20/2022 13:00,0
9/20/2022 14:00,0
9/20/2022 15:00,0
9/20/2022 16:00,0
9/20/2022 17:00,0
9/20/2022 18:00,0
9/20/2022 19:00,0.105
9/20/2022 20:00,19.589
9/20/2022 21:00,84.372
9/20/2022 22:00,185.796
9/20/2022 23:00,293.564
9/21/2022 0:00,373.001
9/21/2022 1:00,417.043
9/21/2022 2:00,440.387
9/21/2022 3:00,432.272
9/21/2022 4:00,363.397
9/21/2022 5:00,272.188
9/21/2022 6:00,180.53
9/21/2022 7:00,90.583
9/21/2022 8:00,32.185
9/21/2022 9:00,8.177
9/21/2022 10:00,0.154
9/21/2022 11:00,0
9/21/2022 12:00,0
9/21/2022 13:00,0
9/21/2022 14:00,0
9/21/2022 15:00,0
9/21/2022 16:00,0
9/21/2022 17:00,0
9/21/2022 18:00,0
9/21/2022 19:00,0.121
9/21/2022 20:00,25.775
9/21/2022 21:00,124.493
9/21/2022 22:00,256.922
9/21/2022 23:00,393.123
9/22/2022 0:00,527.892
9/22/2022 1:00,620.164
9/22/2022 2:00,595.365
9/22/2022 3:00,538.015
9/22/2022 4:00,486.444
9/22/2022 5:00,388.941
9/22/2022 6:00,261.675
9/22/2022 7:00,121.995
9/22/2022 8:00,39.256
9/22/2022 9:00,12.682
9/22/2022 10:00,0.314
9/22/2022 11:00,0
9/22/2022 12:00,0
9/22/2022 13:00,0
9/22/2022 14:00,0
9/22/2022 15:00,0
9/22/2022 16:00,0
9/22/2022 17:00,0
9/22/2022 18:00,0
9/22/2022 19:00,0.248
9/22/2022 20:00,38.396
9/22/2022 21:00,138.856
9/22/2022 22:00,255.068
9/22/2022 23:00,396.507
9/23/2022 0:00,498.051
9/23/2022 1:00,564.283
9/23/2022 2:00,581.982
9/23/2022 3:00,545.907
9/23/2022 4:00,453.994
9/23/2022 5:00,327.686
9/23/2022 6:00,208.222
9/23/2022 7:00,95.972
9/23/2022 8:00,35.444
9/23/2022 9:00,11.667
9/23/2022 10:00,0.311
9/23/2022 11:00,0
9/23/2022 12:00,0
9/23/2022 13:00,0
9/23/2022 14:00,0
9/23/2022 15:00,0
9/23/2022 16:00,0
9/23/2022 17:00,0
9/23/2022 18:00,0
9/23/2022 19:00,0.352
9/23/2022 20:00,44.781
9/23/2022 21:00,173.448
9/23/2022 22:00,334.731
9/23/2022 23:00,500.061
9/24/2022 0:00,632.375
9/24/2022 1:00,685.944
9/24/2022 2:00,693.497
9/24/2022 3:00,656.39
9/24/2022 4:00,582.25
9/24/2022 5:00,454.386
9/24/2022 6:00,292.94
9/24/2022 7:00,132.807
9/24/2022 8:00,41.278
9/24/2022 9:00,12.924
9/24/2022 10:00,0.387
9/24/2022 11:00,0
9/24/2022 12:00,0
9/24/2022 13:00,0
9/24/2022 14:00,0
9/24/2022 15:00,0
9/24/2022 16:00,0
9/24/2022 17:00,0
9/24/2022 18:00,0
9/24/2022 19:00,0.488
9/24/2022 20:00,56.958
9/24/2022 21:00,216.363
9/24/2022 22:00,408.472
9/24/2022 23:00,597.51
9/25/2022 0:00,724.309
9/25/2022 1:00,800.83
9/25/2022 2:00,817.326
9/25/2022 3:00,757.104
9/25/2022 4:00,662.868
9/25/2022 5:00,501.305
9/25/2022 6:00,308.696
9/25/2022 7:00,118.015
9/25/2022 8:00,28.072
9/25/2022 9:00,9.426
9/25/2022 10:00,0.419
9/25/2022 11:00,0
9/25/2022 12:00,0
9/25/2022 13:00,0
9/25/2022 14:00,0
9/25/2022 15:00,0
9/25/2022 16:00,0
9/25/2022 17:00,0
9/25/2022 18:00,0
9/25/2022 19:00,0.528
9/25/2022 20:00,52.128
9/25/2022 21:00,178.17
9/25/2022 22:00,316.653
9/25/2022 23:00,440.013
9/26/2022 0:00,527.78
9/26/2022 1:00,586.263
9/26/2022 2:00,598.385
9/26/2022 3:00,556.777
9/26/2022 4:00,472.975
9/26/2022 5:00,366.004
9/26/2022 6:00,231.336
9/26/2022 7:00,110.691
9/26/2022 8:00,40.336
9/26/2022 9:00,14.097
9/26/2022 10:00,0.541
9/26/2022 11:00,0
9/26/2022 12:00,0
9/26/2022 13:00,0
9/26/2022 14:00,0
9/26/2022 15:00,0
9/26/2022 16:00,0
9/26/2022 17:00,0
9/26/2022 18:00,0
9/26/2022 19:00,0.624
9/26/2022 20:00,52.833
9/26/2022 21:00,184.411
9/26/2022 22:00,323.431
9/26/2022 23:00,470.23
9/27/2022 0:00,592.327
9/27/2022 1:00,656.194
9/27/2022 2:00,683.899
9/27/2022 3:00,625.215
9/27/2022 4:00,514.921
9/27/2022 5:00,392.391
9/27/2022 6:00,255.246
9/27/2022 7:00,114.185
9/27/2022 8:00,40.459
9/27/2022 9:00,14.592
9/27/2022 10:00,0.61
9/27/2022 11:00,0
9/27/2022 12:00,0
9/27/2022 13:00,0
9/27/2022 14:00,0
9/27/2022 15:00,0
9/27/2022 16:00,0
9/27/2022 17:00,0
9/27/2022 18:00,0
9/27/2022 19:00,0.352
9/27/2022 20:00,35.404
9/27/2022 21:00,144.945
9/27/2022 22:00,295.862
9/27/2022 23:00,467.621
9/28/2022 0:00,607.26
9/28/2022 1:00,696.294
9/28/2022 2:00,722.444
9/28/2022 3:00,674.052
9/28/2022 4:00,573.525
9/28/2022 5:00,449.106
9/28/2022 6:00,277.67
9/28/2022 7:00,126.506
9/28/2022 8:00,39.788
9/28/2022 9:00,13.697
9/28/2022 10:00,0.639
9/28/2022 11:00,0
9/28/2022 12:00,0
9/28/2022 13:00,0
9/28/2022 14:00,0
9/28/2022 15:00,0
9/28/2022 16:00,0
9/28/2022 17:00,0
9/28/2022 18:00,0
9/28/2022 19:00,0.452
9/28/2022 20:00,30.709
9/28/2022 21:00,124.771
9/28/2022 22:00,267.158
9/28/2022 23:00,454.932
9/29/2022 0:00,613.228
9/29/2022 1:00,690.709
9/29/2022 2:00,695.757
9/29/2022 3:00,661.879
9/29/2022 4:00,576.913
9/29/2022 5:00,449.888
9/29/2022 6:00,313.031
9/29/2022 7:00,144.998
9/29/2022 8:00,42.921
9/29/2022 9:00,13.897
9/29/2022 10:00,0.692
9/29/2022 11:00,0
9/29/2022 12:00,0
9/29/2022 13:00,0
9/29/2022 14:00,0
9/29/2022 15:00,0
9/29/2022 16:00,0
9/29/2022 17:00,0
9/29/2022 18:00,0
9/29/2022 19:00,0.998
9/29/2022 20:00,60.225
9/29/2022 21:00,212.698
9/29/2022 22:00,395.579
9/29/2022 23:00,579.666
9/30/2022 0:00,713.043
9/30/2022 1:00,804.932
9/30/2022 2:00,836.491
9/30/2022 3:00,767.538
9/30/2022 4:00,658.005
9/30/2022 5:00,502.669
9/30/2022 6:00,313.715
9/30/2022 7:00,138.621
9/30/2022 8:00,44.152
9/30/2022 9:00,15.563
9/30/2022 10:00,0.841
9/30/2022 11:00,0
9/30/2022 12:00,0
9/30/2022 13:00,0
9/30/2022 14:00,0
9/30/2022 15:00,0
9/30/2022 16:00,0
9/30/2022 17:00,0
9/30/2022 18:00,0
9/30/2022 19:00,0.961
9/30/2022 20:00,55.474
9/30/2022 21:00,204.817
9/30/2022 22:00,397.288
9/30/2022 23:00,558.694
10/1/2022 0:00,675.28
10/1/2022 1:00,717.514
10/1/2022 2:00,715.822
10/1/2022 3:00,679.742
10/1/2022 4:00,573.788
10/1/2022 5:00,451.839
10/1/2022 6:00,301.374
10/1/2022 7:00,146.658
10/1/2022 8:00,44.937
10/1/2022 9:00,14.817
10/1/2022 10:00,0.86
10/1/2022 11:00,0
10/1/2022 12:00,0
10/1/2022 13:00,0
10/1/2022 14:00,0
10/1/2022 15:00,0
10/1/2022 16:00,0
10/1/2022 17:00,0
10/1/2022 18:00,0
10/1/2022 19:00,0.89
10/1/2022 20:00,55.602
10/1/2022 21:00,203.246
10/1/2022 22:00,385.771
10/1/2022 23:00,546.327
10/2/2022 0:00,667.294
10/2/2022 1:00,736.066
10/2/2022 2:00,750.249
10/2/2022 3:00,718.066
10/2/2022 4:00,631.516
10/2/2022 5:00,501.94
10/2/2022 6:00,327.593
10/2/2022 7:00,152.652
10/2/2022 8:00,39.187
10/2/2022 9:00,13.555
10/2/2022 10:00,0.865
10/2/2022 11:00,0
10/2/2022 12:00,0
10/2/2022 13:00,0
10/2/2022 14:00,0
10/2/2022 15:00,0
10/2/2022 16:00,0
10/2/2022 17:00,0
10/2/2022 18:00,0
10/2/2022 19:00,1.467
10/2/2022 20:00,63.142
10/2/2022 21:00,199.525
10/2/2022 22:00,357.065
10/2/2022 23:00,554.046
10/3/2022 0:00,729.561
10/3/2022 1:00,829.392
10/3/2022 2:00,841.333
10/3/2022 3:00,780.833
10/3/2022 4:00,662.852
10/3/2022 5:00,483.666
10/3/2022 6:00,272.485
10/3/2022 7:00,125.241
10/3/2022 8:00,44.228
10/3/2022 9:00,16.186
10/3/2022 10:00,1.082
10/3/2022 11:00,0
10/3/2022 12:00,0
10/3/2022 13:00,0
10/3/2022 14:00,0
10/3/2022 15:00,0
10/3/2022 16:00,0
10/3/2022 17:00,0
10/3/2022 18:00,0
10/3/2022 19:00,1.806
10/3/2022 20:00,58.845
10/3/2022 21:00,185.553
10/3/2022 22:00,339.186
10/3/2022 23:00,506.689
10/4/2022 0:00,648.233
10/4/2022 1:00,737.019
10/4/2022 2:00,764.896
10/4/2022 3:00,702.777
10/4/2022 4:00,581.714
10/4/2022 5:00,405.561
10/4/2022 6:00,260.127
10/4/2022 7:00,129.493
10/4/2022 8:00,45.852
10/4/2022 9:00,17.357
10/4/2022 10:00,1.224
10/4/2022 11:00,0
10/4/2022 12:00,0
10/4/2022 13:00,0
10/4/2022 14:00,0
10/4/2022 15:00,0
10/4/2022 16:00,0
10/4/2022 17:00,0
10/4/2022 18:00,0
10/4/2022 19:00,1.303
10/4/2022 20:00,41.434
10/4/2022 21:00,118.529
10/4/2022 22:00,219.137
10/4/2022 23:00,327.371
10/5/2022 0:00,420.819
10/5/2022 1:00,515.744
10/5/2022 2:00,500.742
10/5/2022 3:00,446.863
10/5/2022 4:00,360.49
10/5/2022 5:00,277.538
10/5/2022 6:00,191.828
10/5/2022 7:00,102.759
10/5/2022 8:00,44.339
10/5/2022 9:00,16.32
10/5/2022 10:00,1.239
10/5/2022 11:00,0
10/5/2022 12:00,0
10/5/2022 13:00,0
10/5/2022 14:00,0
10/5/2022 15:00,0
10/5/2022 16:00,0
10/5/2022 17:00,0
10/5/2022 18:00,0
10/5/2022 19:00,1.265
10/5/2022 20:00,46.055
10/5/2022 21:00,148.795
10/5/2022 22:00,273.195
10/5/2022 23:00,394.176
10/6/2022 0:00,500.032
10/6/2022 1:00,598.706
10/6/2022 2:00,633.995
10/6/2022 3:00,641.557
10/6/2022 4:00,546.985
10/6/2022 5:00,416.845
10/6/2022 6:00,267.46
10/6/2022 7:00,130.076
10/6/2022 8:00,38.928
10/6/2022 9:00,11.741
10/6/2022 10:00,1.095
10/6/2022 11:00,0
10/6/2022 12:00,0
10/6/2022 13:00,0
10/6/2022 14:00,0
10/6/2022 15:00,0
10/6/2022 16:00,0
10/6/2022 17:00,0
10/6/2022 18:00,0
10/6/2022 19:00,2.495
10/6/2022 20:00,72.336
10/6/2022 21:00,224.249
10/6/2022 22:00,396.448
10/6/2022 23:00,541.8
10/7/2022 0:00,556.598
10/7/2022 1:00,570.892
10/7/2022 2:00,561.509
10/7/2022 3:00,522.709
10/7/2022 4:00,445.559
10/7/2022 5:00,341.213
10/7/2022 6:00,243.45
10/7/2022 7:00,132.543
10/7/2022 8:00,46.88
10/7/2022 9:00,17.948
10/7/2022 10:00,1.551
10/7/2022 11:00,0
10/7/2022 12:00,0
10/7/2022 13:00,0
10/7/2022 14:00,0
10/7/2022 15:00,0
10/7/2022 16:00,0
10/7/2022 17:00,0
10/7/2022 18:00,0
10/7/2022 19:00,2.85
10/7/2022 20:00,82.019
10/7/2022 21:00,244.253
10/7/2022 22:00,428.789
10/7/2022 23:00,578.401
10/8/2022 0:00,664.221
10/8/2022 1:00,700.583
10/8/2022 2:00,715.238
10/8/2022 3:00,677.124
10/8/2022 4:00,583.921
10/8/2022 5:00,457.51
10/8/2022 6:00,321.883
10/8/2022 7:00,162.407
10/8/2022 8:00,54.184
10/8/2022 9:00,18.663
10/8/2022 10:00,1.667
10/8/2022 11:00,0
10/8/2022 12:00,0
10/8/2022 13:00,0
10/8/2022 14:00,0
10/8/2022 15:00,0
10/8/2022 16:00,0
10/8/2022 17:00,0
10/8/2022 18:00,0
10/8/2022 19:00,1.359
10/8/2022 20:00,53.836
10/8/2022 21:00,190.71
10/8/2022 22:00,358.217
10/8/2022 23:00,523.955
10/9/2022 0:00,642.945
10/9/2022 1:00,752.629
10/9/2022 2:00,795.695
10/9/2022 3:00,766.036
10/9/2022 4:00,678.49
10/9/2022 5:00,544.981
10/9/2022 6:00,355.146
10/9/2022 7:00,155.595
10/9/2022 8:00,33.156
10/9/2022 9:00,8.704
10/9/2022 10:00,0.861
10/9/2022 11:00,0
10/9/2022 12:00,0
10/9/2022 13:00,0
10/9/2022 14:00,0
10/9/2022 15:00,0
10/9/2022 16:00,0
10/9/2022 17:00,0
10/9/2022 18:00,0
10/9/2022 19:00,2.395
10/9/2022 20:00,70.885
10/9/2022 21:00,223.99
10/9/2022 22:00,405.369
10/9/2022 23:00,556.644
10/10/2022 0:00,654.806
10/10/2022 1:00,707.587
10/10/2022 2:00,739.844
10/10/2022 3:00,672.176
10/10/2022 4:00,596.928
10/10/2022 5:00,489.813
10/10/2022 6:00,342.35
10/10/2022 7:00,175.466
10/10/2022 8:00,54.74
10/10/2022 9:00,19.071
10/10/2022 10:00,1.825
10/10/2022 11:00,0
10/10/2022 12:00,0
10/10/2022 13:00,0
10/10/2022 14:00,0
10/10/2022 15:00,0
10/10/2022 16:00,0
10/10/2022 17:00,0
10/10/2022 18:00,0
10/10/2022 19:00,3.417
10/10/2022 20:00,67.735
10/10/2022 21:00,195.354
10/10/2022 22:00,354.527
10/10/2022 23:00,543.255
10/11/2022 0:00,697.976
10/11/2022 1:00,780.738
10/11/2022 2:00,783.507
10/11/2022 3:00,734.964
10/11/2022 4:00,616.924
10/11/2022 5:00,465.254
10/11/2022 6:00,332.71
10/11/2022 7:00,168.566
10/11/2022 8:00,53.543
10/11/2022 9:00,17.254
10/11/2022 10:00,1.788
10/11/2022 11:00,0
10/11/2022 12:00,0
10/11/2022 13:00,0
10/11/2022 14:00,0
10/11/2022 15:00,0
10/11/2022 16:00,0
10/11/2022 17:00,0
10/11/2022 18:00,0
10/11/2022 19:00,3.95
10/11/2022 20:00,85.508
10/11/2022 21:00,237.503
10/11/2022 22:00,404.775
10/11/2022 23:00,567.549
10/12/2022 0:00,663.434
10/12/2022 1:00,686.575
10/12/2022 2:00,650.189
10/12/2022 3:00,578.561
10/12/2022 4:00,466.339
10/12/2022 5:00,348.417
10/12/2022 6:00,231.238
10/12/2022 7:00,115.957
10/12/2022 8:00,48.298
10/12/2022 9:00,19.813
10/12/2022 10:00,2.15
10/12/2022 11:00,0
10/12/2022 12:00,0
10/12/2022 13:00,0
10/12/2022 14:00,0
10/12/2022 15:00,0
10/12/2022 16:00,0
10/12/2022 17:00,0
10/12/2022 18:00,0
10/12/2022 19:00,4.282
10/12/2022 20:00,72.217
10/12/2022 21:00,184.451
10/12/2022 22:00,315.721
10/12/2022 23:00,388.301
10/13/2022 0:00,486.089
10/13/2022 1:00,590
10/13/2022 2:00,621.838
10/13/2022 3:00,597.637
10/13/2022 4:00,528.374
10/13/2022 5:00,413.465
10/13/2022 6:00,261.642
10/13/2022 7:00,135.635
10/13/2022 8:00,52.475
10/13/2022 9:00,20.221
10/13/2022 10:00,2.218
10/13/2022 11:00,0
10/13/2022 12:00,0
10/13/2022 13:00,0
10/13/2022 14:00,0
10/13/2022 15:00,0
10/13/2022 16:00,0
10/13/2022 17:00,0
10/13/2022 18:00,0
10/13/2022 19:00,2.608
10/13/2022 20:00,54.813
10/13/2022 21:00,173.351
10/13/2022 22:00,336.198
10/13/2022 23:00,607.914
10/14/2022 0:00,736.094
10/14/2022 1:00,762.695
10/14/2022 2:00,727.633
10/14/2022 3:00,689.888
10/14/2022 4:00,641.836
10/14/2022 5:00,528.456
10/14/2022 6:00,363.142
10/14/2022 7:00,188.196
10/14/2022 8:00,58.519
10/14/2022 9:00,20.335
10/14/2022 10:00,2.412
10/14/2022 11:00,0
10/14/2022 12:00,0
10/14/2022 13:00,0
10/14/2022 14:00,0
10/14/2022 15:00,0
10/14/2022 16:00,0
10/14/2022 17:00,0
10/14/2022 18:00,0
10/14/2022 19:00,6.022
10/14/2022 20:00,110.163
10/14/2022 21:00,297.592
10/14/2022 22:00,500.205
10/14/2022 23:00,681.782
10/15/2022 0:00,811.717
10/15/2022 1:00,875.914
10/15/2022 2:00,881.814
10/15/2022 3:00,826.577
10/15/2022 4:00,726.481
10/15/2022 5:00,565.997
10/15/2022 6:00,363.095
10/15/2022 7:00,175.896
10/15/2022 8:00,56.657
10/15/2022 9:00,21.301
10/15/2022 10:00,2.663
10/15/2022 11:00,0
10/15/2022 12:00,0
10/15/2022 13:00,0
10/15/2022 14:00,0
10/15/2022 15:00,0
10/15/2022 16:00,0
10/15/2022 17:00,0
10/15/2022 18:00,0
10/15/2022 19:00,4.442
10/15/2022 20:00,76.286
10/15/2022 21:00,212.469
10/15/2022 22:00,391.178
10/15/2022 23:00,550.224
10/16/2022 0:00,643.754
10/16/2022 1:00,717.227
10/16/2022 2:00,739.03
10/16/2022 3:00,703.843
10/16/2022 4:00,615.154
10/16/2022 5:00,492.065
10/16/2022 6:00,342.043
10/16/2022 7:00,174.417
10/16/2022 8:00,61.241
10/16/2022 9:00,16.995
10/16/2022 10:00,1.768
10/16/2022 11:00,0
10/16/2022 12:00,0
10/16/2022 13:00,0
10/16/2022 14:00,0
10/16/2022 15:00,0
10/16/2022 16:00,0
10/16/2022 17:00,0
10/16/2022 18:00,0
10/16/2022 19:00,4.085
10/16/2022 20:00,76.057
10/16/2022 21:00,217.82
10/16/2022 22:00,408.867
10/16/2022 23:00,597.165
10/17/2022 0:00,736.476
10/17/2022 1:00,816.141
10/17/2022 2:00,838.687
10/17/2022 3:00,789.559
10/17/2022 4:00,680.801
10/17/2022 5:00,541.68
10/17/2022 6:00,362.797
10/17/2022 7:00,191.435
10/17/2022 8:00,60.175
10/17/2022 9:00,19.828
10/17/2022 10:00,2.494
10/17/2022 11:00,0
10/17/2022 12:00,0
10/17/2022 13:00,0
10/17/2022 14:00,0
10/17/2022 15:00,0
10/17/2022 16:00,0
10/17/2022 17:00,0
10/17/2022 18:00,0
10/17/2022 19:00,5.687
10/17/2022 20:00,88.463
10/17/2022 21:00,234.937
10/17/2022 22:00,422.483
10/17/2022 23:00,600.859
10/18/2022 0:00,719.738
10/18/2022 1:00,757.93
10/18/2022 2:00,734.974
10/18/2022 3:00,680.41
10/18/2022 4:00,574.152
10/18/2022 5:00,454.025
10/18/2022 6:00,328.374
10/18/2022 7:00,175.028
10/18/2022 8:00,62.755
10/18/2022 9:00,21.095
10/18/2022 10:00,2.803
10/18/2022 11:00,0
10/18/2022 12:00,0
10/18/2022 13:00,0
10/18/2022 14:00,0
10/18/2022 15:00,0
10/18/2022 16:00,0
10/18/2022 17:00,0
10/18/2022 18:00,0
10/18/2022 19:00,4.078
10/18/2022 20:00,76.999
10/18/2022 21:00,218.614
10/18/2022 22:00,377.719
10/18/2022 23:00,539.332
10/19/2022 0:00,655.187
10/19/2022 1:00,727.969
10/19/2022 2:00,750.566
10/19/2022 3:00,701.665
10/19/2022 4:00,592.805
10/19/2022 5:00,459.924
10/19/2022 6:00,321.419
10/19/2022 7:00,183.508
10/19/2022 8:00,68.025
10/19/2022 9:00,21.725
10/19/2022 10:00,3.033
10/19/2022 11:00,0
10/19/2022 12:00,0
10/19/2022 13:00,0
10/19/2022 14:00,0
10/19/2022 15:00,0
10/19/2022 16:00,0
10/19/2022 17:00,0
10/19/2022 18:00,0
10/19/2022 19:00,3.417
10/19/2022 20:00,66.315
10/19/2022 21:00,188.124
10/19/2022 22:00,340.596
10/19/2022 23:00,508.906
10/20/2022 0:00,619.341
10/20/2022 1:00,696.374
10/20/2022 2:00,718.445
10/20/2022 3:00,693.477
10/20/2022 4:00,596.684
10/20/2022 5:00,446.306
10/20/2022 6:00,293.47
10/20/2022 7:00,156.297
10/20/2022 8:00,53.991
10/20/2022 9:00,16.868
10/20/2022 10:00,1.866
10/20/2022 11:00,0
10/20/2022 12:00,0
10/20/2022 13:00,0
10/20/2022 14:00,0
10/20/2022 15:00,0
10/20/2022 16:00,0
10/20/2022 17:00,0
10/20/2022 18:00,0
10/20/2022 19:00,4.606
10/20/2022 20:00,66.291
10/20/2022 21:00,186.814
10/20/2022 22:00,332.93
10/20/2022 23:00,461.637
10/21/2022 0:00,541.795
10/21/2022 1:00,574.502
10/21/2022 2:00,533.606
10/21/2022 3:00,479.547
10/21/2022 4:00,429.528
10/21/2022 5:00,347.846
10/21/2022 6:00,240.424
10/21/2022 7:00,123.775
10/21/2022 8:00,46.724
10/21/2022 9:00,16.557
10/21/2022 10:00,2.497
10/21/2022 11:00,0
10/21/2022 12:00,0
10/21/2022 13:00,0
10/21/2022 14:00,0
10/21/2022 15:00,0
10/21/2022 16:00,0
10/21/2022 17:00,0
10/21/2022 18:00,0
10/21/2022 19:00,4.903
10/21/2022 20:00,53.508
10/21/2022 21:00,132.054
10/21/2022 22:00,236.449
10/21/2022 23:00,359.794
10/22/2022 0:00,441.793
10/22/2022 1:00,471.734
10/22/2022 2:00,479.42
10/22/2022 3:00,473.116
10/22/2022 4:00,435.969
10/22/2022 5:00,363.174
10/22/2022 6:00,257.409
10/22/2022 7:00,147.184
10/22/2022 8:00,61.269
10/22/2022 9:00,21.941
10/22/2022 10:00,3.476
10/22/2022 11:00,0
10/22/2022 12:00,0
10/22/2022 13:00,0
10/22/2022 14:00,0
10/22/2022 15:00,0
10/22/2022 16:00,0
10/22/2022 17:00,0
10/22/2022 18:00,0
10/22/2022 19:00,4.422
10/22/2022 20:00,64.17
10/22/2022 21:00,182.554
10/22/2022 22:00,330.892
10/22/2022 23:00,456.807
10/23/2022 0:00,550.059
10/23/2022 1:00,623.664
10/23/2022 2:00,624.184
10/23/2022 3:00,541.889
10/23/2022 4:00,462.559
10/23/2022 5:00,357.884
10/23/2022 6:00,243.874
10/23/2022 7:00,127.486
10/23/2022 8:00,35.811
10/23/2022 9:00,10.542
10/23/2022 10:00,1.53
10/23/2022 11:00,0
10/23/2022 12:00,0
10/23/2022 13:00,0
10/23/2022 14:00,0
10/23/2022 15:00,0
10/23/2022 16:00,0
10/23/2022 17:00,0
10/23/2022 18:00,0
10/23/2022 19:00,7.449
10/23/2022 20:00,75.915
10/23/2022 21:00,186.286
10/23/2022 22:00,331.745
10/23/2022 23:00,494.925
10/24/2022 0:00,601.713
10/24/2022 1:00,653.986
10/24/2022 2:00,676.523
10/24/2022 3:00,640.905
10/24/2022 4:00,533.926
10/24/2022 5:00,394.405
10/24/2022 6:00,266.099
10/24/2022 7:00,146.092
10/24/2022 8:00,58.427
10/24/2022 9:00,21.425
10/24/2022 10:00,3.435
10/24/2022 11:00,0
10/24/2022 12:00,0
10/24/2022 13:00,0
10/24/2022 14:00,0
10/24/2022 15:00,0
10/24/2022 16:00,0
10/24/2022 17:00,0
10/24/2022 18:00,0
10/24/2022 19:00,8.917
10/24/2022 20:00,103.766
10/24/2022 21:00,251.898
10/24/2022 22:00,419.791
10/24/2022 23:00,563.903
10/25/2022 0:00,667.013
10/25/2022 1:00,728.423
10/25/2022 2:00,748.736
10/25/2022 3:00,750.589
10/25/2022 4:00,651.996
10/25/2022 5:00,512.603
10/25/2022 6:00,358.684
10/25/2022 7:00,193.175
10/25/2022 8:00,67.428
10/25/2022 9:00,24.378
10/25/2022 10:00,4.279
10/25/2022 11:00,0
10/25/2022 12:00,0
10/25/2022 13:00,0
10/25/2022 14:00,0
10/25/2022 15:00,0
10/25/2022 16:00,0
10/25/2022 17:00,0
10/25/2022 18:00,0
10/25/2022 19:00,11.841
10/25/2022 20:00,110.92
10/25/2022 21:00,260.445
10/25/2022 22:00,431.061
10/25/2022 23:00,591.06
10/26/2022 0:00,714.28
10/26/2022 1:00,798.997
10/26/2022 2:00,827.672
10/26/2022 3:00,756.047
10/26/2022 4:00,653.432
10/26/2022 5:00,518.13
10/26/2022 6:00,367.327
10/26/2022 7:00,204.765
10/26/2022 8:00,69.035
10/26/2022 9:00,24.175
10/26/2022 10:00,4.375
10/26/2022 11:00,0
10/26/2022 12:00,0
10/26/2022 13:00,0
10/26/2022 14:00,0
10/26/2022 15:00,0
10/26/2022 16:00,0
10/26/2022 17:00,0
10/26/2022 18:00,0
10/26/2022 19:00,12.426
10/26/2022 20:00,115.086
10/26/2022 21:00,258.498
10/26/2022 22:00,401.961
10/26/2022 23:00,545.384
10/27/2022 0:00,690.762
10/27/2022 1:00,772.184
10/27/2022 2:00,696.125
10/27/2022 3:00,600.84
10/27/2022 4:00,545.904
10/27/2022 5:00,472.147
10/27/2022 6:00,346.327
10/27/2022 7:00,200.095
10/27/2022 8:00,71.747
10/27/2022 9:00,22.803
10/27/2022 10:00,4.022
10/27/2022 11:00,0
10/27/2022 12:00,0
10/27/2022 13:00,0
10/27/2022 14:00,0
10/27/2022 15:00,0
10/27/2022 16:00,0
10/27/2022 17:00,0
10/27/2022 18:00,0
10/27/2022 19:00,15.453
10/27/2022 20:00,138.181
10/27/2022 21:00,310.731
10/27/2022 22:00,482.945
10/27/2022 23:00,638.301
10/28/2022 0:00,750.778
10/28/2022 1:00,805.142
10/28/2022 2:00,812.848
10/28/2022 3:00,764.31
10/28/2022 4:00,678.664
10/28/2022 5:00,542.227
10/28/2022 6:00,364.721
10/28/2022 7:00,191.189
10/28/2022 8:00,64.763
10/28/2022 9:00,23.229
10/28/2022 10:00,4.53
10/28/2022 11:00,0
10/28/2022 12:00,0
10/28/2022 13:00,0
10/28/2022 14:00,0
10/28/2022 15:00,0
10/28/2022 16:00,0
10/28/2022 17:00,0
10/28/2022 18:00,0
10/28/2022 19:00,15.989
10/28/2022 20:00,139.723
10/28/2022 21:00,323.282
10/28/2022 22:00,538.592
10/28/2022 23:00,711.461
10/29/2022 0:00,835.64
10/29/2022 1:00,912.826
10/29/2022 2:00,919.076
10/29/2022 3:00,853.458
10/29/2022 4:00,741.696
10/29/2022 5:00,606.387
10/29/2022 6:00,427.012
10/29/2022 7:00,233.87
10/29/2022 8:00,67.579
10/29/2022 9:00,14.078
10/29/2022 10:00,3.159
10/29/2022 11:00,0
10/29/2022 12:00,0
10/29/2022 13:00,0
10/29/2022 14:00,0
10/29/2022 15:00,0
10/29/2022 16:00,0
10/29/2022 17:00,0
10/29/2022 18:00,0
10/29/2022 19:00,18.169
10/29/2022 20:00,153.115
10/29/2022 21:00,339.603
10/29/2022 22:00,530.402
10/29/2022 23:00,696.413
10/30/2022 0:00,814.354
10/30/2022 1:00,880.442
10/30/2022 2:00,867.245
10/30/2022 3:00,750.706
10/30/2022 4:00,622.151
10/30/2022 5:00,491.747
10/30/2022 6:00,326.842
10/30/2022 7:00,166.253
10/30/2022 8:00,56.295
10/30/2022 9:00,19.322
10/30/2022 10:00,3.871
10/30/2022 11:00,0
10/30/2022 12:00,0
10/30/2022 13:00,0
10/30/2022 14:00,0
10/30/2022 15:00,0
10/30/2022 16:00,0
10/30/2022 17:00,0
10/30/2022 18:00,0
10/30/2022 19:00,15.614
10/30/2022 20:00,132.319
10/30/2022 21:00,285.732
10/30/2022 22:00,456.281
10/30/2022 23:00,597.292
10/31/2022 0:00,655.848
10/31/2022 1:00,632.956
10/31/2022 2:00,660.486
10/31/2022 3:00,680.801
10/31/2022 4:00,586.495
10/31/2022 5:00,455.913
10/31/2022 6:00,323.929
10/31/2022 7:00,174.819
10/31/2022 8:00,66.949
10/31/2022 9:00,25.551
10/31/2022 10:00,5.025
10/31/2022 11:00,0
10/31/2022 12:00,0
10/31/2022 13:00,0
10/31/2022 14:00,0
10/31/2022 15:00,0
10/31/2022 16:00,0
10/31/2022 17:00,0
10/31/2022 18:00,0
10/31/2022 19:00,10.665
10/31/2022 20:00,99.951
10/31/2022 21:00,244.474
10/31/2022 22:00,431.177
10/31/2022 23:00,580.133
11/1/2022 0:00,653.625
11/1/2022 1:00,718.537
11/1/2022 2:00,739.016
11/1/2022 3:00,694.152
11/1/2022 4:00,619.225
11/1/2022 5:00,485.505
11/1/2022 6:00,319.568
11/1/2022 7:00,173.891
11/1/2022 8:00,66.798
11/1/2022 9:00,22.728
11/1/2022 10:00,5.013
11/1/2022 11:00,0
11/1/2022 12:00,0
11/1/2022 13:00,0
11/1/2022 14:00,0
11/1/2022 15:00,0
11/1/2022 16:00,0
11/1/2022 17:00,0
11/1/2022 18:00,0
11/1/2022 19:00,19.218
11/1/2022 20:00,142.422
11/1/2022 21:00,325.792
11/1/2022 22:00,537.192
11/1/2022 23:00,733.126
11/2/2022 0:00,867.218
11/2/2022 1:00,916.201
11/2/2022 2:00,922.978
11/2/2022 3:00,844.944
11/2/2022 4:00,723.78
11/2/2022 5:00,563.749
11/2/2022 6:00,385.788
11/2/2022 7:00,212.835
11/2/2022 8:00,74.972
11/2/2022 9:00,24.398
11/2/2022 10:00,5.4
11/2/2022 11:00,0
11/2/2022 12:00,0
11/2/2022 13:00,0
11/2/2022 14:00,0
11/2/2022 15:00,0
11/2/2022 16:00,0
11/2/2022 17:00,0
11/2/2022 18:00,0
11/2/2022 19:00,20.86
11/2/2022 20:00,147.943
11/2/2022 21:00,332.57
11/2/2022 22:00,542.294
11/2/2022 23:00,725.959
11/3/2022 0:00,837.034
11/3/2022 1:00,910.952
11/3/2022 2:00,919.008
11/3/2022 3:00,871.262
11/3/2022 4:00,747.29
11/3/2022 5:00,572.027
11/3/2022 6:00,384.844
11/3/2022 7:00,211.605
11/3/2022 8:00,69.914
11/3/2022 9:00,18.407
11/3/2022 10:00,4.181
11/3/2022 11:00,0
11/3/2022 12:00,0
11/3/2022 13:00,0
11/3/2022 14:00,0
11/3/2022 15:00,0
11/3/2022 16:00,0
11/3/2022 17:00,0
11/3/2022 18:00,0
11/3/2022 19:00,19.899
11/3/2022 20:00,149.727
11/3/2022 21:00,339.414
11/3/2022 22:00,536.771
11/3/2022 23:00,694.805
11/4/2022 0:00,795.828
11/4/2022 1:00,861.2
11/4/2022 2:00,893.94
11/4/2022 3:00,881.553
11/4/2022 4:00,766.335
11/4/2022 5:00,622.633
11/4/2022 6:00,420.09
11/4/2022 7:00,233.479
11/4/2022 8:00,85.87
11/4/2022 9:00,28.664
11/4/2022 10:00,6.573
11/4/2022 11:00,0
11/4/2022 12:00,0
11/4/2022 13:00,0
11/4/2022 14:00,0
11/4/2022 15:00,0
11/4/2022 16:00,0
11/4/2022 17:00,0
11/4/2022 18:00,0
11/4/2022 19:00,20.322
11/4/2022 20:00,146.306
11/4/2022 21:00,334.364
11/4/2022 22:00,543.516
11/4/2022 23:00,726.511
11/5/2022 0:00,866.784
11/5/2022 1:00,915.245
11/5/2022 2:00,875.328
11/5/2022 3:00,792.222
11/5/2022 4:00,672.439
11/5/2022 5:00,541.704
11/5/2022 6:00,389.992
11/5/2022 7:00,234.174
11/5/2022 8:00,90.242
11/5/2022 9:00,28.84
11/5/2022 10:00,6.439
11/5/2022 11:00,0
11/5/2022 12:00,0
11/5/2022 13:00,0
11/5/2022 14:00,0
11/5/2022 15:00,0
11/5/2022 16:00,0
11/5/2022 17:00,0
11/5/2022 18:00,0
11/5/2022 19:00,22.247
11/5/2022 20:00,149.595
11/5/2022 21:00,324.423
11/5/2022 22:00,508.143
11/5/2022 23:00,674.944
11/6/2022 0:00,802.692
11/6/2022 1:00,873.551
11/6/2022 2:00,882.434
11/6/2022 3:00,833.867
11/6/2022 4:00,709.88
11/6/2022 5:00,565.563
11/6/2022 6:00,392.168
11/6/2022 7:00,211.029
11/6/2022 8:00,78.807
11/6/2022 9:00,26.308
11/6/2022 10:00,6.052
11/6/2022 11:00,0
11/6/2022 12:00,0
11/6/2022 13:00,0
11/6/2022 14:00,0
11/6/2022 15:00,0
11/6/2022 16:00,0
11/6/2022 17:00,0
11/6/2022 18:00,0
11/6/2022 19:00,22.396
11/6/2022 20:00,155.412
11/6/2022 21:00,343.708
11/6/2022 22:00,543.251
11/6/2022 23:00,721.665
11/7/2022 0:00,857.117
11/7/2022 1:00,929.726
11/7/2022 2:00,921.626
11/7/2022 3:00,857.171
11/7/2022 4:00,742.422
11/7/2022 5:00,587.616
11/7/2022 6:00,403.511
11/7/2022 7:00,224.169
11/7/2022 8:00,78.564
11/7/2022 9:00,17.381
11/7/2022 10:00,3.451
11/7/2022 11:00,0
11/7/2022 12:00,0
11/7/2022 13:00,0
11/7/2022 14:00,0
11/7/2022 15:00,0
11/7/2022 16:00,0
11/7/2022 17:00,0
11/7/2022 18:00,0
11/7/2022 19:00,23.974
11/7/2022 20:00,158.978
11/7/2022 21:00,348.174
11/7/2022 22:00,555.721
11/7/2022 23:00,733.526
11/8/2022 0:00,869.532
11/8/2022 1:00,938.445
11/8/2022 2:00,937.142
11/8/2022 3:00,864.117
11/8/2022 4:00,755.75
11/8/2022 5:00,619.87
11/8/2022 6:00,444.041
11/8/2022 7:00,254.748
11/8/2022 8:00,89.639
11/8/2022 9:00,25.052
11/8/2022 10:00,5.851
11/8/2022 11:00,0.001
11/8/2022 12:00,0
11/8/2022 13:00,0
11/8/2022 14:00,0
11/8/2022 15:00,0
11/8/2022 16:00,0
11/8/2022 17:00,0
11/8/2022 18:00,0
11/8/2022 19:00,27.494
11/8/2022 20:00,173.336
11/8/2022 21:00,366.095
11/8/2022 22:00,563.012
11/8/2022 23:00,738.64
11/9/2022 0:00,871.151
11/9/2022 1:00,950.126
11/9/2022 2:00,982.708
11/9/2022 3:00,929.696
11/9/2022 4:00,800.879
11/9/2022 5:00,641.128
11/9/2022 6:00,457.381
11/9/2022 7:00,255.31
11/9/2022 8:00,93.409
11/9/2022 9:00,28.809
11/9/2022 10:00,7.213
11/9/2022 11:00,0.002
11/9/2022 12:00,0
11/9/2022 13:00,0
11/9/2022 14:00,0
11/9/2022 15:00,0
11/9/2022 16:00,0
11/9/2022 17:00,0
11/9/2022 18:00,0
11/9/2022 19:00,28.156
11/9/2022 20:00,166.924
11/9/2022 21:00,348.892
11/9/2022 22:00,546.344
11/9/2022 23:00,720.11
11/10/2022 0:00,828.563
11/10/2022 1:00,896.541
11/10/2022 2:00,885.653
11/10/2022 3:00,788.891
11/10/2022 4:00,699.512
11/10/2022 5:00,553.799
11/10/2022 6:00,407.231
11/10/2022 7:00,230.588
11/10/2022 8:00,76.507
11/10/2022 9:00,19.757
11/10/2022 10:00,3.906
11/10/2022 11:00,0.002
11/10/2022 12:00,0
11/10/2022 13:00,0
11/10/2022 14:00,0
11/10/2022 15:00,0
11/10/2022 16:00,0
11/10/2022 17:00,0
11/10/2022 18:00,0
11/10/2022 19:00,23.343
11/10/2022 20:00,161.775
11/10/2022 21:00,349.094
11/10/2022 22:00,538.518
11/10/2022 23:00,702.73
11/11/2022 0:00,833.285
11/11/2022 1:00,890.788
11/11/2022 2:00,861.387
11/11/2022 3:00,756.022
11/11/2022 4:00,644
11/11/2022 5:00,515.146
11/11/2022 6:00,380.344
11/11/2022 7:00,232.542
11/11/2022 8:00,94.081
11/11/2022 9:00,30.505
11/11/2022 10:00,7.612
11/11/2022 11:00,0.006
11/11/2022 12:00,0
11/11/2022 13:00,0
11/11/2022 14:00,0
11/11/2022 15:00,0
11/11/2022 16:00,0
11/11/2022 17:00,0
11/11/2022 18:00,0
11/11/2022 19:00,27.144
11/11/2022 20:00,157.063
11/11/2022 21:00,325.064
11/11/2022 22:00,510.212
11/11/2022 23:00,670.254
11/12/2022 0:00,772.002
11/12/2022 1:00,880.886
11/12/2022 2:00,881.767
11/12/2022 3:00,784.963
11/12/2022 4:00,644.227
11/12/2022 5:00,494.689
11/12/2022 6:00,326.79
11/12/2022 7:00,189.65
11/12/2022 8:00,77.326
11/12/2022 9:00,30.648
11/12/2022 10:00,8.084
11/12/2022 11:00,0.009
11/12/2022 12:00,0
11/12/2022 13:00,0
11/12/2022 14:00,0
11/12/2022 15:00,0
11/12/2022 16:00,0
11/12/2022 17:00,0
11/12/2022 18:00,0
11/12/2022 19:00,21.107
11/12/2022 20:00,126.694
11/12/2022 21:00,271.075
11/12/2022 22:00,429.867
11/12/2022 23:00,598.319
11/13/2022 0:00,716.893
11/13/2022 1:00,633.058
11/13/2022 2:00,590.659
11/13/2022 3:00,559.598
11/13/2022 4:00,506.871
11/13/2022 5:00,416.652
11/13/2022 6:00,296.231
11/13/2022 7:00,177.236
11/13/2022 8:00,76.331
11/13/2022 9:00,31.572
11/13/2022 10:00,8.302
11/13/2022 11:00,0.014
11/13/2022 12:00,0
11/13/2022 13:00,0
11/13/2022 14:00,0
11/13/2022 15:00,0
11/13/2022 16:00,0
11/13/2022 17:00,0
11/13/2022 18:00,0
11/13/2022 19:00,22.782
11/13/2022 20:00,154.146
11/13/2022 21:00,323.19
11/13/2022 22:00,518.627
11/13/2022 23:00,651.834
11/14/2022 0:00,728.431
11/14/2022 1:00,812.676
11/14/2022 2:00,825.165
11/14/2022 3:00,814.175
11/14/2022 4:00,749.05
11/14/2022 5:00,617.031
11/14/2022 6:00,448.624
11/14/2022 7:00,268.239
11/14/2022 8:00,104.052
11/14/2022 9:00,32.199
11/14/2022 10:00,8.767
11/14/2022 11:00,0.02
11/14/2022 12:00,0
11/14/2022 13:00,0
11/14/2022 14:00,0
11/14/2022 15:00,0
11/14/2022 16:00,0
11/14/2022 17:00,0
11/14/2022 18:00,0
11/14/2022 19:00,31.328
11/14/2022 20:00,172.3
11/14/2022 21:00,362.546
11/14/2022 22:00,564.766
11/14/2022 23:00,730.568
11/15/2022 0:00,845.823
11/15/2022 1:00,898.705
11/15/2022 2:00,913.276
11/15/2022 3:00,843.8
11/15/2022 4:00,759.062
11/15/2022 5:00,608.099
11/15/2022 6:00,423.585
11/15/2022 7:00,253.3
11/15/2022 8:00,103.114
11/15/2022 9:00,33.807
11/15/2022 10:00,9.075
11/15/2022 11:00,0.027
11/15/2022 12:00,0
11/15/2022 13:00,0
11/15/2022 14:00,0
11/15/2022 15:00,0
11/15/2022 16:00,0
11/15/2022 17:00,0
11/15/2022 18:00,0
11/15/2022 19:00,32.276
11/15/2022 20:00,168.499
11/15/2022 21:00,349.137
11/15/2022 22:00,545.136
11/15/2022 23:00,722.205
11/16/2022 0:00,837.517
11/16/2022 1:00,912.769
11/16/2022 2:00,899.042
11/16/2022 3:00,838.165
11/16/2022 4:00,733.954
11/16/2022 5:00,599.509
11/16/2022 6:00,444.272
11/16/2022 7:00,274.443
11/16/2022 8:00,107.408
11/16/2022 9:00,32.089
11/16/2022 10:00,8.375
11/16/2022 11:00,0.03
11/16/2022 12:00,0
11/16/2022 13:00,0
11/16/2022 14:00,0
11/16/2022 15:00,0
11/16/2022 16:00,0
11/16/2022 17:00,0
11/16/2022 18:00,0
11/16/2022 19:00,30.727
11/16/2022 20:00,162.79
11/16/2022 21:00,358.887
11/16/2022 22:00,520.855
11/16/2022 23:00,688.268
11/17/2022 0:00,844.151
11/17/2022 1:00,932.089
11/17/2022 2:00,966.423
11/17/2022 3:00,928.447
11/17/2022 4:00,823.396
11/17/2022 5:00,663.353
11/17/2022 6:00,472.955
11/17/2022 7:00,285.47
11/17/2022 8:00,105.188
11/17/2022 9:00,26.733
11/17/2022 10:00,5.586
11/17/2022 11:00,0.019
11/17/2022 12:00,0
11/17/2022 13:00,0
11/17/2022 14:00,0
11/17/2022 15:00,0
11/17/2022 16:00,0
11/17/2022 17:00,0
11/17/2022 18:00,0.001
11/17/2022 19:00,38.882
11/17/2022 20:00,196.548
11/17/2022 21:00,395.953
11/17/2022 22:00,590.974
11/17/2022 23:00,754.858
11/18/2022 0:00,881.729
11/18/2022 1:00,962.937
11/18/2022 2:00,989.446
11/18/2022 3:00,934.633
11/18/2022 4:00,815.352
11/18/2022 5:00,659.178
11/18/2022 6:00,486.106
11/18/2022 7:00,276.732
11/18/2022 8:00,101.725
11/18/2022 9:00,31.737
11/18/2022 10:00,8.428
11/18/2022 11:00,0.043
11/18/2022 12:00,0
11/18/2022 13:00,0
11/18/2022 14:00,0
11/18/2022 15:00,0
11/18/2022 16:00,0
11/18/2022 17:00,0
11/18/2022 18:00,0.003
11/18/2022 19:00,35.882
11/18/2022 20:00,169.427
11/18/2022 21:00,347.831
11/18/2022 22:00,533.682
11/18/2022 23:00,639.638
11/19/2022 0:00,724.321
11/19/2022 1:00,777.691
11/19/2022 2:00,795.248
11/19/2022 3:00,796.535
11/19/2022 4:00,741.057
11/19/2022 5:00,582.923
11/19/2022 6:00,371.63
11/19/2022 7:00,209.89
11/19/2022 8:00,87.213
11/19/2022 9:00,27.489
11/19/2022 10:00,7.865
11/19/2022 11:00,0.04
11/19/2022 12:00,0
11/19/2022 13:00,0
11/19/2022 14:00,0
11/19/2022 15:00,0
11/19/2022 16:00,0
11/19/2022 17:00,0
11/19/2022 18:00,0.001
11/19/2022 19:00,31.974
11/19/2022 20:00,167.44
11/19/2022 21:00,353.197
11/19/2022 22:00,553.407
11/19/2022 23:00,734.795
11/20/2022 0:00,869.804
11/20/2022 1:00,937.345
11/20/2022 2:00,947.168
11/20/2022 3:00,883.087
11/20/2022 4:00,762.992
11/20/2022 5:00,595.632
11/20/2022 6:00,421.541
11/20/2022 7:00,262.685
11/20/2022 8:00,105.69
11/20/2022 9:00,33.498
11/20/2022 10:00,9.523
11/20/2022 11:00,0.072
11/20/2022 12:00,0
11/20/2022 13:00,0
11/20/2022 14:00,0
11/20/2022 15:00,0
11/20/2022 16:00,0
11/20/2022 17:00,0
11/20/2022 18:00,0.005
11/20/2022 19:00,36.032
11/20/2022 20:00,169.334
11/20/2022 21:00,337.613
11/20/2022 22:00,518.555
11/20/2022 23:00,666.932
11/21/2022 0:00,762.364
11/21/2022 1:00,829.701
11/21/2022 2:00,850.362
11/21/2022 3:00,856.219
11/21/2022 4:00,755.031
11/21/2022 5:00,620.812
11/21/2022 6:00,452.064
11/21/2022 7:00,256.841
11/21/2022 8:00,106.98
11/21/2022 9:00,35.146
11/21/2022 10:00,9.946
11/21/2022 11:00,0.088
11/21/2022 12:00,0
11/21/2022 13:00,0
11/21/2022 14:00,0
11/21/2022 15:00,0
11/21/2022 16:00,0
11/21/2022 17:00,0
11/21/2022 18:00,0.011
11/21/2022 19:00,35.207
11/21/2022 20:00,162.844
11/21/2022 21:00,327.18
11/21/2022 22:00,534.711
11/21/2022 23:00,684.578
11/22/2022 0:00,796.802
11/22/2022 1:00,878.034
11/22/2022 2:00,889.527
11/22/2022 3:00,833.829
11/22/2022 4:00,736.503
11/22/2022 5:00,584.248
11/22/2022 6:00,417.361
11/22/2022 7:00,247.128
11/22/2022 8:00,95.035
11/22/2022 9:00,28.204
11/22/2022 10:00,8.225
11/22/2022 11:00,0.084
11/22/2022 12:00,0
11/22/2022 13:00,0
11/22/2022 14:00,0
11/22/2022 15:00,0
11/22/2022 16:00,0
11/22/2022 17:00,0
11/22/2022 18:00,0.016
11/22/2022 19:00,40.293
11/22/2022 20:00,176.514
11/22/2022 21:00,345.004
11/22/2022 22:00,527.047
11/22/2022 23:00,664.809
11/23/2022 0:00,765.732
11/23/2022 1:00,850.002
11/23/2022 2:00,886.62
11/23/2022 3:00,848.829
11/23/2022 4:00,750.392
11/23/2022 5:00,600.627
11/23/2022 6:00,433.255
11/23/2022 7:00,272.055
11/23/2022 8:00,113.993
11/23/2022 9:00,33.575
11/23/2022 10:00,9.175
11/23/2022 11:00,0.096
11/23/2022 12:00,0
11/23/2022 13:00,0
11/23/2022 14:00,0
11/23/2022 15:00,0
11/23/2022 16:00,0
11/23/2022 17:00,0
11/23/2022 18:00,0.021
11/23/2022 19:00,39.392
11/23/2022 20:00,175.499
11/23/2022 21:00,357.965
11/23/2022 22:00,552.191
11/23/2022 23:00,724.179
11/24/2022 0:00,837.665
11/24/2022 1:00,926.975
11/24/2022 2:00,931.92
11/24/2022 3:00,864.663
11/24/2022 4:00,766.841
11/24/2022 5:00,603.307
11/24/2022 6:00,430.847
11/24/2022 7:00,258.975
11/24/2022 8:00,108.454
11/24/2022 9:00,30.66
11/24/2022 10:00,8.319
11/24/2022 11:00,0.101
11/24/2022 12:00,0
11/24/2022 13:00,0
11/24/2022 14:00,0
11/24/2022 15:00,0
11/24/2022 16:00,0
11/24/2022 17:00,0
11/24/2022 18:00,0.03
11/24/2022 19:00,42.738
11/24/2022 20:00,190.882
11/24/2022 21:00,374.321
11/24/2022 22:00,572.439
11/24/2022 23:00,741.181
11/25/2022 0:00,894.397
11/25/2022 1:00,988.262
11/25/2022 2:00,998.65
11/25/2022 3:00,935.162
11/25/2022 4:00,860.488
11/25/2022 5:00,720.987
11/25/2022 6:00,534.388
11/25/2022 7:00,319.874
11/25/2022 8:00,129.6
11/25/2022 9:00,37.269
11/25/2022 10:00,10.605
11/25/2022 11:00,0.138
11/25/2022 12:00,0
11/25/2022 13:00,0
11/25/2022 14:00,0
11/25/2022 15:00,0
11/25/2022 16:00,0
11/25/2022 17:00,0
11/25/2022 18:00,0.037
11/25/2022 19:00,43.631
11/25/2022 20:00,186.467
11/25/2022 21:00,374.092
11/25/2022 22:00,582.617
11/25/2022 23:00,750.513
11/26/2022 0:00,878.272
11/26/2022 1:00,921.392
11/26/2022 2:00,887.602
11/26/2022 3:00,863.663
11/26/2022 4:00,776.698
11/26/2022 5:00,607.198
11/26/2022 6:00,420.361
11/26/2022 7:00,246.263
11/26/2022 8:00,105.865
11/26/2022 9:00,35.825
11/26/2022 10:00,10.209
11/26/2022 11:00,0.153
11/26/2022 12:00,0
11/26/2022 13:00,0
11/26/2022 14:00,0
11/26/2022 15:00,0
11/26/2022 16:00,0
11/26/2022 17:00,0
11/26/2022 18:00,0.053
11/26/2022 19:00,40.026
11/26/2022 20:00,171.528
11/26/2022 21:00,321.501
11/26/2022 22:00,495.865
11/26/2022 23:00,686.061
11/27/2022 0:00,796.461
11/27/2022 1:00,818.229
11/27/2022 2:00,811.049
11/27/2022 3:00,783.169
11/27/2022 4:00,692.495
11/27/2022 5:00,543.423
11/27/2022 6:00,362.496
11/27/2022 7:00,200.079
11/27/2022 8:00,100.194
11/27/2022 9:00,37.793
11/27/2022 10:00,10.87
11/27/2022 11:00,0.179
11/27/2022 12:00,0
11/27/2022 13:00,0
11/27/2022 14:00,0
11/27/2022 15:00,0
11/27/2022 16:00,0
11/27/2022 17:00,0
11/27/2022 18:00,0.062
11/27/2022 19:00,37.204
11/27/2022 20:00,168.152
11/27/2022 21:00,337.188
11/27/2022 22:00,531.638
11/27/2022 23:00,689.484
11/28/2022 0:00,800.334
11/28/2022 1:00,857.395
11/28/2022 2:00,827.596
11/28/2022 3:00,772.223
11/28/2022 4:00,713.506
11/28/2022 5:00,575.291
11/28/2022 6:00,414.075
11/28/2022 7:00,246.93
11/28/2022 8:00,108.637
11/28/2022 9:00,36.677
11/28/2022 10:00,10.96
11/28/2022 11:00,0.19
11/28/2022 12:00,0
11/28/2022 13:00,0
11/28/2022 14:00,0
11/28/2022 15:00,0
11/28/2022 16:00,0
11/28/2022 17:00,0
11/28/2022 18:00,0.088
11/28/2022 19:00,43.49
11/28/2022 20:00,176.139
11/28/2022 21:00,348.125
11/28/2022 22:00,525.436
11/28/2022 23:00,689.376
11/29/2022 0:00,814.547
11/29/2022 1:00,897.673
11/29/2022 2:00,927.186
11/29/2022 3:00,892.044
11/29/2022 4:00,806.571
11/29/2022 5:00,665.543
11/29/2022 6:00,490.659
11/29/2022 7:00,308.701
11/29/2022 8:00,135.83
11/29/2022 9:00,39.293
11/29/2022 10:00,10.893
11/29/2022 11:00,0.208
11/29/2022 12:00,0
11/29/2022 13:00,0
11/29/2022 14:00,0
11/29/2022 15:00,0
11/29/2022 16:00,0
11/29/2022 17:00,0
11/29/2022 18:00,0.103
11/29/2022 19:00,40.332
11/29/2022 20:00,167.065
11/29/2022 21:00,323.644
11/29/2022 22:00,505.608
11/29/2022 23:00,675.083
11/30/2022 0:00,810.953
11/30/2022 1:00,868.916
11/30/2022 2:00,838.641
11/30/2022 3:00,809.598
11/30/2022 4:00,706.552
11/30/2022 5:00,587.63
11/30/2022 6:00,448.768
11/30/2022 7:00,276.948
11/30/2022 8:00,120.873
11/30/2022 9:00,38.475
11/30/2022 10:00,10.842
11/30/2022 11:00,0.214
11/30/2022 12:00,0
11/30/2022 13:00,0
11/30/2022 14:00,0
11/30/2022 15:00,0
11/30/2022 16:00,0
11/30/2022 17:00,0
11/30/2022 18:00,0.089
11/30/2022 19:00,30.861
11/30/2022 20:00,137.466
11/30/2022 21:00,270.59
11/30/2022 22:00,415.4
11/30/2022 23:00,549.108
12/1/2022 0:00,667.488
12/1/2022 1:00,738.003
12/1/2022 2:00,748.304
12/1/2022 3:00,720.548
12/1/2022 4:00,676.597
12/1/2022 5:00,595.923
12/1/2022 6:00,461.183
12/1/2022 7:00,292.882
12/1/2022 8:00,131.789
12/1/2022 9:00,38.647
12/1/2022 10:00,9.459
12/1/2022 11:00,0.197
12/1/2022 12:00,0
12/1/2022 13:00,0
12/1/2022 14:00,0
12/1/2022 15:00,0
12/1/2022 16:00,0
12/1/2022 17:00,0
12/1/2022 18:00,0.109
12/1/2022 19:00,39.64
12/1/2022 20:00,179.316
12/1/2022 21:00,373.281
12/1/2022 22:00,589.975
12/1/2022 23:00,759.341
12/2/2022 0:00,879.44
12/2/2022 1:00,956.794
12/2/2022 2:00,972.984
12/2/2022 3:00,933.475
12/2/2022 4:00,850.944
12/2/2022 5:00,705.31
12/2/2022 6:00,526.246
12/2/2022 7:00,326.709
12/2/2022 8:00,141.68
12/2/2022 9:00,41.691
12/2/2022 10:00,11.791
12/2/2022 11:00,0.282
12/2/2022 12:00,0
12/2/2022 13:00,0
12/2/2022 14:00,0
12/2/2022 15:00,0
12/2/2022 16:00,0
12/2/2022 17:00,0
12/2/2022 18:00,0.168
12/2/2022 19:00,49.741
12/2/2022 20:00,208.423
12/2/2022 21:00,410.967
12/2/2022 22:00,621.309
12/2/2022 23:00,802.286
12/3/2022 0:00,933.208
12/3/2022 1:00,1010.733
12/3/2022 2:00,1034.391
12/3/2022 3:00,994.399
12/3/2022 4:00,886.098
12/3/2022 5:00,726.034
12/3/2022 6:00,527.384
12/3/2022 7:00,321.212
12/3/2022 8:00,136.168
12/3/2022 9:00,39.1
12/3/2022 10:00,10.753
12/3/2022 11:00,0.258
12/3/2022 12:00,0
12/3/2022 13:00,0
12/3/2022 14:00,0
12/3/2022 15:00,0
12/3/2022 16:00,0
12/3/2022 17:00,0
12/3/2022 18:00,0.203
12/3/2022 19:00,55.125
12/3/2022 20:00,219.59
12/3/2022 21:00,414.04
12/3/2022 22:00,607.046
12/3/2022 23:00,772.716
12/4/2022 0:00,906.897
12/4/2022 1:00,997.695
12/4/2022 2:00,1007.513
12/4/2022 3:00,940.864
12/4/2022 4:00,787.153
12/4/2022 5:00,636.877
12/4/2022 6:00,495.098
12/4/2022 7:00,303.983
12/4/2022 8:00,115.233
12/4/2022 9:00,36.164
12/4/2022 10:00,11.124
12/4/2022 11:00,0.288
12/4/2022 12:00,0
12/4/2022 13:00,0
12/4/2022 14:00,0
12/4/2022 15:00,0
12/4/2022 16:00,0
12/4/2022 17:00,0
12/4/2022 18:00,0.192
12/4/2022 19:00,45.854
12/4/2022 20:00,174.517
12/4/2022 21:00,328.162
12/4/2022 22:00,501.954
12/4/2022 23:00,658.714
12/5/2022 0:00,785.516
12/5/2022 1:00,854.142
12/5/2022 2:00,894.724
12/5/2022 3:00,870.158
12/5/2022 4:00,785.892
12/5/2022 5:00,605.478
12/5/2022 6:00,383.743
12/5/2022 7:00,218.931
12/5/2022 8:00,94.719
12/5/2022 9:00,25.733
12/5/2022 10:00,6.217
12/5/2022 11:00,0.188
12/5/2022 12:00,0
12/5/2022 13:00,0
12/5/2022 14:00,0
12/5/2022 15:00,0
12/5/2022 16:00,0
12/5/2022 17:00,0
12/5/2022 18:00,0.199
12/5/2022 19:00,47.909
12/5/2022 20:00,191.167
12/5/2022 21:00,391.501
12/5/2022 22:00,594.312
12/5/2022 23:00,781.148
12/6/2022 0:00,903.564
12/6/2022 1:00,967.637
12/6/2022 2:00,983.75
12/6/2022 3:00,938.705
12/6/2022 4:00,859.519
12/6/2022 5:00,721.064
12/6/2022 6:00,529.409
12/6/2022 7:00,319.815
12/6/2022 8:00,138.528
12/6/2022 9:00,39.885
12/6/2022 10:00,11.688
12/6/2022 11:00,0.327
12/6/2022 12:00,0
12/6/2022 13:00,0
12/6/2022 14:00,0
12/6/2022 15:00,0
12/6/2022 16:00,0
12/6/2022 17:00,0
12/6/2022 18:00,0.21
12/6/2022 19:00,43.422
12/6/2022 20:00,194.978
12/6/2022 21:00,395.939
12/6/2022 22:00,592.065
12/6/2022 23:00,699.868
12/7/2022 0:00,907.079
12/7/2022 1:00,915.394
12/7/2022 2:00,821.23
12/7/2022 3:00,755.154
12/7/2022 4:00,647.297
12/7/2022 5:00,538.773
12/7/2022 6:00,391.066
12/7/2022 7:00,254.164
12/7/2022 8:00,120.728
12/7/2022 9:00,39.674
12/7/2022 10:00,11.134
12/7/2022 11:00,0.304
12/7/2022 12:00,0
12/7/2022 13:00,0
12/7/2022 14:00,0
12/7/2022 15:00,0
12/7/2022 16:00,0
12/7/2022 17:00,0
12/7/2022 18:00,0.274
12/7/2022 19:00,54.951
12/7/2022 20:00,210.636
12/7/2022 21:00,401.611
12/7/2022 22:00,615.53
12/7/2022 23:00,802.878
12/8/2022 0:00,941.817
12/8/2022 1:00,1021.416
12/8/2022 2:00,1042.627
12/8/2022 3:00,1001.789
12/8/2022 4:00,903.079
12/8/2022 5:00,750.411
12/8/2022 6:00,556.438
12/8/2022 7:00,343.226
12/8/2022 8:00,143.786
12/8/2022 9:00,38.058
12/8/2022 10:00,10.639
12/8/2022 11:00,0.281
12/8/2022 12:00,0
12/8/2022 13:00,0
12/8/2022 14:00,0
12/8/2022 15:00,0
12/8/2022 16:00,0
12/8/2022 17:00,0
12/8/2022 18:00,0.289
12/8/2022 19:00,51.975
12/8/2022 20:00,199.857
12/8/2022 21:00,394.715
12/8/2022 22:00,584.05
12/8/2022 23:00,757.333
12/9/2022 0:00,885.959
12/9/2022 1:00,976.66
12/9/2022 2:00,978.977
12/9/2022 3:00,919.048
12/9/2022 4:00,823.836
12/9/2022 5:00,673.581
12/9/2022 6:00,504.37
12/9/2022 7:00,309.154
12/9/2022 8:00,142.46
12/9/2022 9:00,42.742
12/9/2022 10:00,12.132
12/9/2022 11:00,0.383
12/9/2022 12:00,0
12/9/2022 13:00,0
12/9/2022 14:00,0
12/9/2022 15:00,0
12/9/2022 16:00,0
12/9/2022 17:00,0
12/9/2022 18:00,0.313
12/9/2022 19:00,54.535
12/9/2022 20:00,209.694
12/9/2022 21:00,401.145
12/9/2022 22:00,596.264
12/9/2022 23:00,762.627
12/10/2022 0:00,891.563
12/10/2022 1:00,968.639
12/10/2022 2:00,955.954
12/10/2022 3:00,903.179
12/10/2022 4:00,800.407
12/10/2022 5:00,676.573
12/10/2022 6:00,522.053
12/10/2022 7:00,327.811
12/10/2022 8:00,146.943
12/10/2022 9:00,42.993
12/10/2022 10:00,12.298
12/10/2022 11:00,0.397
12/10/2022 12:00,0
12/10/2022 13:00,0
12/10/2022 14:00,0
12/10/2022 15:00,0
12/10/2022 16:00,0
12/10/2022 17:00,0
12/10/2022 18:00,0.349
12/10/2022 19:00,50.505
12/10/2022 20:00,192.472
12/10/2022 21:00,374.65
12/10/2022 22:00,544.331
12/10/2022 23:00,728.079
12/11/2022 0:00,865.856
12/11/2022 1:00,968.972
12/11/2022 2:00,997.094
12/11/2022 3:00,960.949
12/11/2022 4:00,804.716
12/11/2022 5:00,603.662
12/11/2022 6:00,437.388
12/11/2022 7:00,274.583
12/11/2022 8:00,119.224
12/11/2022 9:00,40.368
12/11/2022 10:00,12.794
12/11/2022 11:00,0.431
12/11/2022 12:00,0
12/11/2022 13:00,0
12/11/2022 14:00,0
12/11/2022 15:00,0
12/11/2022 16:00,0
12/11/2022 17:00,0
12/11/2022 18:00,0.165
12/11/2022 19:00,31.084
12/11/2022 20:00,125.63
12/11/2022 21:00,272.287
12/11/2022 22:00,423.073
12/11/2022 23:00,606.382
12/12/2022 0:00,711.565
12/12/2022 1:00,809.948
12/12/2022 2:00,859.852
12/12/2022 3:00,818.778
12/12/2022 4:00,730.642
12/12/2022 5:00,625.693
12/12/2022 6:00,463.937
12/12/2022 7:00,288.726
12/12/2022 8:00,132.16
12/12/2022 9:00,42.286
12/12/2022 10:00,12.846
12/12/2022 11:00,0.446
12/12/2022 12:00,0
12/12/2022 13:00,0
12/12/2022 14:00,0
12/12/2022 15:00,0
12/12/2022 16:00,0
12/12/2022 17:00,0
12/12/2022 18:00,0.466
12/12/2022 19:00,55.578
12/12/2022 20:00,200.419
12/12/2022 21:00,375.011
12/12/2022 22:00,565.088
12/12/2022 23:00,725.596
12/13/2022 0:00,847.614
12/13/2022 1:00,892.953
12/13/2022 2:00,863.879
12/13/2022 3:00,789.553
12/13/2022 4:00,722.966
12/13/2022 5:00,635.313
12/13/2022 6:00,473.851
12/13/2022 7:00,300.841
12/13/2022 8:00,135.427
12/13/2022 9:00,41.458
12/13/2022 10:00,12.248
12/13/2022 11:00,0.436
12/13/2022 12:00,0
12/13/2022 13:00,0
12/13/2022 14:00,0
12/13/2022 15:00,0
12/13/2022 16:00,0
12/13/2022 17:00,0
12/13/2022 18:00,0.443
12/13/2022 19:00,51.895
12/13/2022 20:00,190.459
12/13/2022 21:00,368.198
12/13/2022 22:00,542.896
12/13/2022 23:00,727.539
12/14/2022 0:00,870.525
12/14/2022 1:00,966.151
12/14/2022 2:00,970.932
12/14/2022 3:00,928.162
12/14/2022 4:00,829.393
12/14/2022 5:00,685.526
12/14/2022 6:00,513.332
12/14/2022 7:00,321.234
12/14/2022 8:00,138.431
12/14/2022 9:00,40.999
12/14/2022 10:00,11.665
12/14/2022 11:00,0.395
12/14/2022 12:00,0
12/14/2022 13:00,0
12/14/2022 14:00,0
12/14/2022 15:00,0
12/14/2022 16:00,0
12/14/2022 17:00,0
12/14/2022 18:00,0.496
12/14/2022 19:00,58.029
12/14/2022 20:00,197.295
12/14/2022 21:00,361.507
12/14/2022 22:00,510.37
12/14/2022 23:00,666.288
12/15/2022 0:00,789.846
12/15/2022 1:00,932.747
12/15/2022 2:00,1019.639
12/15/2022 3:00,993.614
12/15/2022 4:00,903.158
12/15/2022 5:00,745.262
12/15/2022 6:00,552.313
12/15/2022 7:00,338.534
12/15/2022 8:00,143.292
12/15/2022 9:00,38.627
12/15/2022 10:00,9.097
12/15/2022 11:00,0.329
12/15/2022 12:00,0
12/15/2022 13:00,0
12/15/2022 14:00,0
12/15/2022 15:00,0
12/15/2022 16:00,0
12/15/2022 17:00,0
12/15/2022 18:00,0.401
12/15/2022 19:00,53.277
12/15/2022 20:00,202.88
12/15/2022 21:00,394.24
12/15/2022 22:00,603.135
12/15/2022 23:00,781.867
12/16/2022 0:00,903.685
12/16/2022 1:00,990.562
12/16/2022 2:00,1011.214
12/16/2022 3:00,961.649
12/16/2022 4:00,869.112
12/16/2022 5:00,731.531
12/16/2022 6:00,549.664
12/16/2022 7:00,345.335
12/16/2022 8:00,153.815
12/16/2022 9:00,44.916
12/16/2022 10:00,12.664
12/16/2022 11:00,0.474
12/16/2022 12:00,0
12/16/2022 13:00,0
12/16/2022 14:00,0
12/16/2022 15:00,0
12/16/2022 16:00,0
12/16/2022 17:00,0
12/16/2022 18:00,0.379
12/16/2022 19:00,56.831
12/16/2022 20:00,221.737
12/16/2022 21:00,409.554
12/16/2022 22:00,591.237
12/16/2022 23:00,707.067
12/17/2022 0:00,789.512
12/17/2022 1:00,851.333
12/17/2022 2:00,870.58
12/17/2022 3:00,857.186
12/17/2022 4:00,772.644
12/17/2022 5:00,643.036
12/17/2022 6:00,491.66
12/17/2022 7:00,321.492
12/17/2022 8:00,145.709
12/17/2022 9:00,44.276
12/17/2022 10:00,12.332
12/17/2022 11:00,0.459
12/17/2022 12:00,0
12/17/2022 13:00,0
12/17/2022 14:00,0
12/17/2022 15:00,0
12/17/2022 16:00,0
12/17/2022 17:00,0
12/17/2022 18:00,0.3
12/17/2022 19:00,49.151
12/17/2022 20:00,192.388
12/17/2022 21:00,374.217
12/17/2022 22:00,550.033
12/17/2022 23:00,701.043
12/18/2022 0:00,821.882
12/18/2022 1:00,880.784
12/18/2022 2:00,890.229
12/18/2022 3:00,861.483
12/18/2022 4:00,771.503
12/18/2022 5:00,645.82
12/18/2022 6:00,497.232
12/18/2022 7:00,321.251
12/18/2022 8:00,144.739
12/18/2022 9:00,39.943
12/18/2022 10:00,9.91
12/18/2022 11:00,0.359
12/18/2022 12:00,0
12/18/2022 13:00,0
12/18/2022 14:00,0
12/18/2022 15:00,0
12/18/2022 16:00,0
12/18/2022 17:00,0
12/18/2022 18:00,0.318
12/18/2022 19:00,48.953
12/18/2022 20:00,192.661
12/18/2022 21:00,376.578
12/18/2022 22:00,570.035
12/18/2022 23:00,746.729
12/19/2022 0:00,880.412
12/19/2022 1:00,970.608
12/19/2022 2:00,1002.511
12/19/2022 3:00,960.951
12/19/2022 4:00,850.079
12/19/2022 5:00,697.297
12/19/2022 6:00,517.592
12/19/2022 7:00,332.04
12/19/2022 8:00,144.141
12/19/2022 9:00,38.826
12/19/2022 10:00,9.54
12/19/2022 11:00,0.388
12/19/2022 12:00,0
12/19/2022 13:00,0
12/19/2022 14:00,0
12/19/2022 15:00,0
12/19/2022 16:00,0
12/19/2022 17:00,0
12/19/2022 18:00,0.352
12/19/2022 19:00,54.213
12/19/2022 20:00,198.972
12/19/2022 21:00,392.592
12/19/2022 22:00,608.356
12/19/2022 23:00,796.393
12/20/2022 0:00,946.585
12/20/2022 1:00,1024.31
12/20/2022 2:00,1042.361
12/20/2022 3:00,995.495
12/20/2022 4:00,879.736
12/20/2022 5:00,708.663
12/20/2022 6:00,520.624
12/20/2022 7:00,321.932
12/20/2022 8:00,140.044
12/20/2022 9:00,39.529
12/20/2022 10:00,11.85
12/20/2022 11:00,0.453
12/20/2022 12:00,0
12/20/2022 13:00,0
12/20/2022 14:00,0
12/20/2022 15:00,0
12/20/2022 16:00,0
12/20/2022 17:00,0
12/20/2022 18:00,0.508
12/20/2022 19:00,51.206
12/20/2022 20:00,180.797
12/20/2022 21:00,362.935
12/20/2022 22:00,543.861
12/20/2022 23:00,697.173
12/21/2022 0:00,812.577
12/21/2022 1:00,880.104
12/21/2022 2:00,900.521
12/21/2022 3:00,865.33
12/21/2022 4:00,730.961
12/21/2022 5:00,545.224
12/21/2022 6:00,404.358
12/21/2022 7:00,243.424
12/21/2022 8:00,102.565
12/21/2022 9:00,33.344
12/21/2022 10:00,10.034
12/21/2022 11:00,0.363
12/21/2022 12:00,0
12/21/2022 13:00,0
12/21/2022 14:00,0
12/21/2022 15:00,0
12/21/2022 16:00,0
12/21/2022 17:00,0
12/21/2022 18:00,0.329
12/21/2022 19:00,36.584
12/21/2022 20:00,142.546
12/21/2022 21:00,288.621
12/21/2022 22:00,449.463
12/21/2022 23:00,668.251
12/22/2022 0:00,840.926
12/22/2022 1:00,890.584
12/22/2022 2:00,821.637
12/22/2022 3:00,778.728
12/22/2022 4:00,709.872
12/22/2022 5:00,616.638
12/22/2022 6:00,437.012
12/22/2022 7:00,260.058
12/22/2022 8:00,118.864
12/22/2022 9:00,41.075
12/22/2022 10:00,12.014
12/22/2022 11:00,0.46
12/22/2022 12:00,0
12/22/2022 13:00,0
12/22/2022 14:00,0
12/22/2022 15:00,0
12/22/2022 16:00,0
12/22/2022 17:00,0
12/22/2022 18:00,0.386
12/22/2022 19:00,50.693
12/22/2022 20:00,194.974
12/22/2022 21:00,366.662
12/22/2022 22:00,540.509
12/22/2022 23:00,713.385
12/23/2022 0:00,859.368
12/23/2022 1:00,935.798
12/23/2022 2:00,949.213
12/23/2022 3:00,898.502
12/23/2022 4:00,780.979
12/23/2022 5:00,629.306
12/23/2022 6:00,455.884
12/23/2022 7:00,287.833
12/23/2022 8:00,140.828
12/23/2022 9:00,44.705
12/23/2022 10:00,12.997
12/23/2022 11:00,0.508
12/23/2022 12:00,0
12/23/2022 13:00,0
12/23/2022 14:00,0
12/23/2022 15:00,0
12/23/2022 16:00,0
12/23/2022 17:00,0
12/23/2022 18:00,0.474
12/23/2022 19:00,42.4
12/23/2022 20:00,166.291
12/23/2022 21:00,334.887
12/23/2022 22:00,518.289
12/23/2022 23:00,702.776
12/24/2022 0:00,842.969
12/24/2022 1:00,923.439
12/24/2022 2:00,941.02
12/24/2022 3:00,888.445
12/24/2022 4:00,794.584
12/24/2022 5:00,659.092
12/24/2022 6:00,492.759
12/24/2022 7:00,316.406
12/24/2022 8:00,151.019
12/24/2022 9:00,45.784
12/24/2022 10:00,12.866
12/24/2022 11:00,0.493
12/24/2022 12:00,0
12/24/2022 13:00,0
12/24/2022 14:00,0
12/24/2022 15:00,0
12/24/2022 16:00,0
12/24/2022 17:00,0
12/24/2022 18:00,0.525
12/24/2022 19:00,60.758
12/24/2022 20:00,223.746
12/24/2022 21:00,418.968
12/24/2022 22:00,617.969
12/24/2022 23:00,789.017
12/25/2022 0:00,919.229
12/25/2022 1:00,1000.282
12/25/2022 2:00,1014.53
12/25/2022 3:00,960.23
12/25/2022 4:00,851.388
12/25/2022 5:00,705.97
12/25/2022 6:00,532.509
12/25/2022 7:00,335.3
12/25/2022 8:00,151.63
12/25/2022 9:00,41.633
12/25/2022 10:00,10.432
12/25/2022 11:00,0.398
12/25/2022 12:00,0
12/25/2022 13:00,0
12/25/2022 14:00,0
12/25/2022 15:00,0
12/25/2022 16:00,0
12/25/2022 17:00,0
12/25/2022 18:00,0.52
12/25/2022 19:00,60.031
12/25/2022 20:00,218.751
12/25/2022 21:00,410.983
12/25/2022 22:00,611.078
12/25/2022 23:00,792.041
12/26/2022 0:00,923.745
12/26/2022 1:00,1003.807
12/26/2022 2:00,1016.484
12/26/2022 3:00,973.017
12/26/2022 4:00,871.844
12/26/2022 5:00,704.886
12/26/2022 6:00,513.48
12/26/2022 7:00,327.141
12/26/2022 8:00,147.799
12/26/2022 9:00,44.499
12/26/2022 10:00,13.183
12/26/2022 11:00,0.505
12/26/2022 12:00,0
12/26/2022 13:00,0
12/26/2022 14:00,0
12/26/2022 15:00,0
12/26/2022 16:00,0
12/26/2022 17:00,0
12/26/2022 18:00,0.564
12/26/2022 19:00,62.461
12/26/2022 20:00,227.366
12/26/2022 21:00,425.686
12/26/2022 22:00,632.265
12/26/2022 23:00,811.242
12/27/2022 0:00,951.219
12/27/2022 1:00,1032.391
12/27/2022 2:00,1053.165
12/27/2022 3:00,1010.207
12/27/2022 4:00,909.498
12/27/2022 5:00,754.151
12/27/2022 6:00,552.794
12/27/2022 7:00,342.274
12/27/2022 8:00,148.252
12/27/2022 9:00,43.371
12/27/2022 10:00,13.128
12/27/2022 11:00,0.495
12/27/2022 12:00,0
12/27/2022 13:00,0
12/27/2022 14:00,0
12/27/2022 15:00,0
12/27/2022 16:00,0
12/27/2022 17:00,0
12/27/2022 18:00,0.484
12/27/2022 19:00,58.963
12/27/2022 20:00,204.243
12/27/2022 21:00,370.635
12/27/2022 22:00,517.511
12/27/2022 23:00,670.645
12/28/2022 0:00,798.932
12/28/2022 1:00,878.293
12/28/2022 2:00,899.534
12/28/2022 3:00,867.251
12/28/2022 4:00,789.358
12/28/2022 5:00,660.182
12/28/2022 6:00,492.971
12/28/2022 7:00,307.002
12/28/2022 8:00,136.385
12/28/2022 9:00,43.916
12/28/2022 10:00,13.157
12/28/2022 11:00,0.486
12/28/2022 12:00,0
12/28/2022 13:00,0
12/28/2022 14:00,0
12/28/2022 15:00,0
12/28/2022 16:00,0
12/28/2022 17:00,0
12/28/2022 18:00,0.387
12/28/2022 19:00,42.32
12/28/2022 20:00,164.102
12/28/2022 21:00,326.418
12/28/2022 22:00,505.28
12/28/2022 23:00,681.575
12/29/2022 0:00,824.133
12/29/2022 1:00,915.072
12/29/2022 2:00,927.19
12/29/2022 3:00,838.951
12/29/2022 4:00,756.213
12/29/2022 5:00,632.112
12/29/2022 6:00,465.659
12/29/2022 7:00,291.764
12/29/2022 8:00,130.659
12/29/2022 9:00,42.922
12/29/2022 10:00,12.82
12/29/2022 11:00,0.471
12/29/2022 12:00,0
12/29/2022 13:00,0
12/29/2022 14:00,0
12/29/2022 15:00,0
12/29/2022 16:00,0
12/29/2022 17:00,0
12/29/2022 18:00,0.353
12/29/2022 19:00,41.545
12/29/2022 20:00,163.36
12/29/2022 21:00,330.132
12/29/2022 22:00,514.589
12/29/2022 23:00,692.892
12/30/2022 0:00,842.531
12/30/2022 1:00,927.169
12/30/2022 2:00,948.63
12/30/2022 3:00,912.118
12/30/2022 4:00,824.06
12/30/2022 5:00,689.164
12/30/2022 6:00,514.861
12/30/2022 7:00,324.979
12/30/2022 8:00,147.938
12/30/2022 9:00,44.769
12/30/2022 10:00,12.952
12/30/2022 11:00,0.46
12/30/2022 12:00,0
12/30/2022 13:00,0
12/30/2022 14:00,0
12/30/2022 15:00,0
12/30/2022 16:00,0
12/30/2022 17:00,0
12/30/2022 18:00,0.435
12/30/2022 19:00,56.01
12/30/2022 20:00,211.076
12/30/2022 21:00,405.927
12/30/2022 22:00,598.238
12/30/2022 23:00,764.108
12/31/2022 0:00,890.66
12/31/2022 1:00,972.342
12/31/2022 2:00,981.693
12/31/2022 3:00,919.561
12/31/2022 4:00,816.211
12/31/2022 5:00,673.777
12/31/2022 6:00,495.744
12/31/2022 7:00,308.752
12/31/2022 8:00,129.967
12/31/2022 9:00,31.544
12/31/2022 10:00,7.291
12/31/2022 11:00,0.291
12/31/2022 12:00,0
12/31/2022 13:00,0
12/31/2022 14:00,0
12/31/2022 15:00,0
12/31/2022 16:00,0
12/31/2022 17:00,0
12/31/2022 18:00,0.372
12/31/2022 19:00,54.595
12/31/2022 20:00,209.032
12/31/2022 21:00,408.963
12/31/2022 22:00,613.285
12/31/2022 23:00,787.77
