# Renewables.ninja Weather (hourly 1980-2022)  -  Austria  -  renewables_ninja_country_AT_wind-speed_merra-2_pop-wtd.csv  -  Version 1.4,
# License: https://creativecommons.org/licenses/by-nc/4.0/  -  Reference: https://doi.org/10.1038/s41560-023-01341-5,
# Units: time in UTC; other columns are the wind speed at 2 metres above ground in m/s (U2M and V2M in MERRA-2) weighted by population; column names signify country ISO2 code or GADM level1 code.,
,
1/1/2022 0:00,2.889
1/1/2022 1:00,3.116
1/1/2022 2:00,2.987
1/1/2022 3:00,2.669
1/1/2022 4:00,2.514
1/1/2022 5:00,2.572
1/1/2022 6:00,2.512
1/1/2022 7:00,2.463
1/1/2022 8:00,2.515
1/1/2022 9:00,2.523
1/1/2022 10:00,2.736
1/1/2022 11:00,2.803
1/1/2022 12:00,2.569
1/1/2022 13:00,2.027
1/1/2022 14:00,1.557
1/1/2022 15:00,1.338
1/1/2022 16:00,1.245
1/1/2022 17:00,1.229
1/1/2022 18:00,1.244
1/1/2022 19:00,1.25
1/1/2022 20:00,1.248
1/1/2022 21:00,1.239
1/1/2022 22:00,1.211
1/1/2022 23:00,1.157
1/2/2022 0:00,1.126
1/2/2022 1:00,1.064
1/2/2022 2:00,1.006
1/2/2022 3:00,1.064
1/2/2022 4:00,1.1
1/2/2022 5:00,1.118
1/2/2022 6:00,1.162
1/2/2022 7:00,1.211
1/2/2022 8:00,1.173
1/2/2022 9:00,1.202
1/2/2022 10:00,1.087
1/2/2022 11:00,0.92
1/2/2022 12:00,0.746
1/2/2022 13:00,0.709
1/2/2022 14:00,0.825
1/2/2022 15:00,0.976
1/2/2022 16:00,1.117
1/2/2022 17:00,1.283
1/2/2022 18:00,1.479
1/2/2022 19:00,1.573
1/2/2022 20:00,1.559
1/2/2022 21:00,1.551
1/2/2022 22:00,1.559
1/2/2022 23:00,1.595
1/3/2022 0:00,1.655
1/3/2022 1:00,1.798
1/3/2022 2:00,2.112
1/3/2022 3:00,2.184
1/3/2022 4:00,2.176
1/3/2022 5:00,2.244
1/3/2022 6:00,2.352
1/3/2022 7:00,2.439
1/3/2022 8:00,2.725
1/3/2022 9:00,2.884
1/3/2022 10:00,3.103
1/3/2022 11:00,3.09
1/3/2022 12:00,2.899
1/3/2022 13:00,2.512
1/3/2022 14:00,1.839
1/3/2022 15:00,1.549
1/3/2022 16:00,1.511
1/3/2022 17:00,1.43
1/3/2022 18:00,1.428
1/3/2022 19:00,1.401
1/3/2022 20:00,1.424
1/3/2022 21:00,1.434
1/3/2022 22:00,1.446
1/3/2022 23:00,1.413
1/4/2022 0:00,1.39
1/4/2022 1:00,1.327
1/4/2022 2:00,1.275
1/4/2022 3:00,1.264
1/4/2022 4:00,1.263
1/4/2022 5:00,1.266
1/4/2022 6:00,1.284
1/4/2022 7:00,1.36
1/4/2022 8:00,1.652
1/4/2022 9:00,2.058
1/4/2022 10:00,2.363
1/4/2022 11:00,2.524
1/4/2022 12:00,2.527
1/4/2022 13:00,2.376
1/4/2022 14:00,2.195
1/4/2022 15:00,2.15
1/4/2022 16:00,2.284
1/4/2022 17:00,2.291
1/4/2022 18:00,2.045
1/4/2022 19:00,1.76
1/4/2022 20:00,1.52
1/4/2022 21:00,1.409
1/4/2022 22:00,1.313
1/4/2022 23:00,1.213
1/5/2022 0:00,1.142
1/5/2022 1:00,1.079
1/5/2022 2:00,1.075
1/5/2022 3:00,1.129
1/5/2022 4:00,1.225
1/5/2022 5:00,1.37
1/5/2022 6:00,1.461
1/5/2022 7:00,1.58
1/5/2022 8:00,2.021
1/5/2022 9:00,2.405
1/5/2022 10:00,2.683
1/5/2022 11:00,2.77
1/5/2022 12:00,2.696
1/5/2022 13:00,2.501
1/5/2022 14:00,2.408
1/5/2022 15:00,2.469
1/5/2022 16:00,2.647
1/5/2022 17:00,2.85
1/5/2022 18:00,2.913
1/5/2022 19:00,2.807
1/5/2022 20:00,2.741
1/5/2022 21:00,2.738
1/5/2022 22:00,2.739
1/5/2022 23:00,2.741
1/6/2022 0:00,2.711
1/6/2022 1:00,2.564
1/6/2022 2:00,2.479
1/6/2022 3:00,2.373
1/6/2022 4:00,2.327
1/6/2022 5:00,2.406
1/6/2022 6:00,2.461
1/6/2022 7:00,2.587
1/6/2022 8:00,2.798
1/6/2022 9:00,3.194
1/6/2022 10:00,3.418
1/6/2022 11:00,3.397
1/6/2022 12:00,3.215
1/6/2022 13:00,2.745
1/6/2022 14:00,1.991
1/6/2022 15:00,1.523
1/6/2022 16:00,1.363
1/6/2022 17:00,1.276
1/6/2022 18:00,1.237
1/6/2022 19:00,1.204
1/6/2022 20:00,1.151
1/6/2022 21:00,1.092
1/6/2022 22:00,1.034
1/6/2022 23:00,0.971
1/7/2022 0:00,0.918
1/7/2022 1:00,0.908
1/7/2022 2:00,0.899
1/7/2022 3:00,0.866
1/7/2022 4:00,0.798
1/7/2022 5:00,0.771
1/7/2022 6:00,0.803
1/7/2022 7:00,0.886
1/7/2022 8:00,1.396
1/7/2022 9:00,1.713
1/7/2022 10:00,1.905
1/7/2022 11:00,1.947
1/7/2022 12:00,1.872
1/7/2022 13:00,1.485
1/7/2022 14:00,1.065
1/7/2022 15:00,1.27
1/7/2022 16:00,1.393
1/7/2022 17:00,1.409
1/7/2022 18:00,1.402
1/7/2022 19:00,1.356
1/7/2022 20:00,1.293
1/7/2022 21:00,1.225
1/7/2022 22:00,1.167
1/7/2022 23:00,1.152
1/8/2022 0:00,1.08
1/8/2022 1:00,1.009
1/8/2022 2:00,1.008
1/8/2022 3:00,1.012
1/8/2022 4:00,1.065
1/8/2022 5:00,1.162
1/8/2022 6:00,1.271
1/8/2022 7:00,1.46
1/8/2022 8:00,1.67
1/8/2022 9:00,1.67
1/8/2022 10:00,1.723
1/8/2022 11:00,1.749
1/8/2022 12:00,1.711
1/8/2022 13:00,1.479
1/8/2022 14:00,1.191
1/8/2022 15:00,1.197
1/8/2022 16:00,1.28
1/8/2022 17:00,1.306
1/8/2022 18:00,1.302
1/8/2022 19:00,1.292
1/8/2022 20:00,1.273
1/8/2022 21:00,1.223
1/8/2022 22:00,1.16
1/8/2022 23:00,1.141
1/9/2022 0:00,1.183
1/9/2022 1:00,1.327
1/9/2022 2:00,1.547
1/9/2022 3:00,1.731
1/9/2022 4:00,1.821
1/9/2022 5:00,1.838
1/9/2022 6:00,1.807
1/9/2022 7:00,1.914
1/9/2022 8:00,1.972
1/9/2022 9:00,1.924
1/9/2022 10:00,1.932
1/9/2022 11:00,1.829
1/9/2022 12:00,1.547
1/9/2022 13:00,1.181
1/9/2022 14:00,0.967
1/9/2022 15:00,0.914
1/9/2022 16:00,0.974
1/9/2022 17:00,0.991
1/9/2022 18:00,0.991
1/9/2022 19:00,0.998
1/9/2022 20:00,1.061
1/9/2022 21:00,1.135
1/9/2022 22:00,1.214
1/9/2022 23:00,1.284
1/10/2022 0:00,1.367
1/10/2022 1:00,1.467
1/10/2022 2:00,1.546
1/10/2022 3:00,1.602
1/10/2022 4:00,1.651
1/10/2022 5:00,1.622
1/10/2022 6:00,1.536
1/10/2022 7:00,1.746
1/10/2022 8:00,1.885
1/10/2022 9:00,2.12
1/10/2022 10:00,2.377
1/10/2022 11:00,2.512
1/10/2022 12:00,2.494
1/10/2022 13:00,2.21
1/10/2022 14:00,1.783
1/10/2022 15:00,1.813
1/10/2022 16:00,2.131
1/10/2022 17:00,2.278
1/10/2022 18:00,2.314
1/10/2022 19:00,2.357
1/10/2022 20:00,2.328
1/10/2022 21:00,2.286
1/10/2022 22:00,2.274
1/10/2022 23:00,2.286
1/11/2022 0:00,2.284
1/11/2022 1:00,2.256
1/11/2022 2:00,2.234
1/11/2022 3:00,2.234
1/11/2022 4:00,2.244
1/11/2022 5:00,2.255
1/11/2022 6:00,2.281
1/11/2022 7:00,2.442
1/11/2022 8:00,2.661
1/11/2022 9:00,2.794
1/11/2022 10:00,2.792
1/11/2022 11:00,2.817
1/11/2022 12:00,2.817
1/11/2022 13:00,2.681
1/11/2022 14:00,2.135
1/11/2022 15:00,1.887
1/11/2022 16:00,2.135
1/11/2022 17:00,2.128
1/11/2022 18:00,2.091
1/11/2022 19:00,1.998
1/11/2022 20:00,1.915
1/11/2022 21:00,1.846
1/11/2022 22:00,1.784
1/11/2022 23:00,1.771
1/12/2022 0:00,1.776
1/12/2022 1:00,1.776
1/12/2022 2:00,1.783
1/12/2022 3:00,1.755
1/12/2022 4:00,1.767
1/12/2022 5:00,1.8
1/12/2022 6:00,1.841
1/12/2022 7:00,1.961
1/12/2022 8:00,2.201
1/12/2022 9:00,2.393
1/12/2022 10:00,2.44
1/12/2022 11:00,2.388
1/12/2022 12:00,2.317
1/12/2022 13:00,2.181
1/12/2022 14:00,1.61
1/12/2022 15:00,1.183
1/12/2022 16:00,1.223
1/12/2022 17:00,1.354
1/12/2022 18:00,1.497
1/12/2022 19:00,1.631
1/12/2022 20:00,1.731
1/12/2022 21:00,1.817
1/12/2022 22:00,1.856
1/12/2022 23:00,1.856
1/13/2022 0:00,1.833
1/13/2022 1:00,1.832
1/13/2022 2:00,1.858
1/13/2022 3:00,1.91
1/13/2022 4:00,1.831
1/13/2022 5:00,1.836
1/13/2022 6:00,1.834
1/13/2022 7:00,2.063
1/13/2022 8:00,2.228
1/13/2022 9:00,2.439
1/13/2022 10:00,2.496
1/13/2022 11:00,2.428
1/13/2022 12:00,2.289
1/13/2022 13:00,1.88
1/13/2022 14:00,1.499
1/13/2022 15:00,1.666
1/13/2022 16:00,1.935
1/13/2022 17:00,2.045
1/13/2022 18:00,2.08
1/13/2022 19:00,2.098
1/13/2022 20:00,2.121
1/13/2022 21:00,2.173
1/13/2022 22:00,2.222
1/13/2022 23:00,2.241
1/14/2022 0:00,2.223
1/14/2022 1:00,2.2
1/14/2022 2:00,2.211
1/14/2022 3:00,2.191
1/14/2022 4:00,2.196
1/14/2022 5:00,2.245
1/14/2022 6:00,2.295
1/14/2022 7:00,2.483
1/14/2022 8:00,2.576
1/14/2022 9:00,2.75
1/14/2022 10:00,2.886
1/14/2022 11:00,2.825
1/14/2022 12:00,2.661
1/14/2022 13:00,2.518
1/14/2022 14:00,2.41
1/14/2022 15:00,2.391
1/14/2022 16:00,2.573
1/14/2022 17:00,2.614
1/14/2022 18:00,2.584
1/14/2022 19:00,2.551
1/14/2022 20:00,2.42
1/14/2022 21:00,2.407
1/14/2022 22:00,2.243
1/14/2022 23:00,2.05
1/15/2022 0:00,1.92
1/15/2022 1:00,1.812
1/15/2022 2:00,1.696
1/15/2022 3:00,1.563
1/15/2022 4:00,1.434
1/15/2022 5:00,1.334
1/15/2022 6:00,1.247
1/15/2022 7:00,1.324
1/15/2022 8:00,1.508
1/15/2022 9:00,1.484
1/15/2022 10:00,1.521
1/15/2022 11:00,1.465
1/15/2022 12:00,1.336
1/15/2022 13:00,0.925
1/15/2022 14:00,0.762
1/15/2022 15:00,0.955
1/15/2022 16:00,0.931
1/15/2022 17:00,0.857
1/15/2022 18:00,0.757
1/15/2022 19:00,0.707
1/15/2022 20:00,0.757
1/15/2022 21:00,0.808
1/15/2022 22:00,0.854
1/15/2022 23:00,0.887
1/16/2022 0:00,0.909
1/16/2022 1:00,0.921
1/16/2022 2:00,0.951
1/16/2022 3:00,1.009
1/16/2022 4:00,1.099
1/16/2022 5:00,1.277
1/16/2022 6:00,1.457
1/16/2022 7:00,1.617
1/16/2022 8:00,1.595
1/16/2022 9:00,1.699
1/16/2022 10:00,1.865
1/16/2022 11:00,1.949
1/16/2022 12:00,1.846
1/16/2022 13:00,1.53
1/16/2022 14:00,1.415
1/16/2022 15:00,1.576
1/16/2022 16:00,2.022
1/16/2022 17:00,2.529
1/16/2022 18:00,2.746
1/16/2022 19:00,2.805
1/16/2022 20:00,2.874
1/16/2022 21:00,2.908
1/16/2022 22:00,2.923
1/16/2022 23:00,2.965
1/17/2022 0:00,2.993
1/17/2022 1:00,3.044
1/17/2022 2:00,3.209
1/17/2022 3:00,3.392
1/17/2022 4:00,3.502
1/17/2022 5:00,3.578
1/17/2022 6:00,3.762
1/17/2022 7:00,3.969
1/17/2022 8:00,4.14
1/17/2022 9:00,4.43
1/17/2022 10:00,5.027
1/17/2022 11:00,5.42
1/17/2022 12:00,5.448
1/17/2022 13:00,5.265
1/17/2022 14:00,5.162
1/17/2022 15:00,5.037
1/17/2022 16:00,4.817
1/17/2022 17:00,4.343
1/17/2022 18:00,3.882
1/17/2022 19:00,3.527
1/17/2022 20:00,3.158
1/17/2022 21:00,2.861
1/17/2022 22:00,2.526
1/17/2022 23:00,2.304
1/18/2022 0:00,2.143
1/18/2022 1:00,1.859
1/18/2022 2:00,1.849
1/18/2022 3:00,1.904
1/18/2022 4:00,1.916
1/18/2022 5:00,1.929
1/18/2022 6:00,1.926
1/18/2022 7:00,2.218
1/18/2022 8:00,2.581
1/18/2022 9:00,2.935
1/18/2022 10:00,2.903
1/18/2022 11:00,2.768
1/18/2022 12:00,2.551
1/18/2022 13:00,2.019
1/18/2022 14:00,1.214
1/18/2022 15:00,1.174
1/18/2022 16:00,1.264
1/18/2022 17:00,1.268
1/18/2022 18:00,1.21
1/18/2022 19:00,1.127
1/18/2022 20:00,1.056
1/18/2022 21:00,1.015
1/18/2022 22:00,0.969
1/18/2022 23:00,0.948
1/19/2022 0:00,0.949
1/19/2022 1:00,0.964
1/19/2022 2:00,0.963
1/19/2022 3:00,0.903
1/19/2022 4:00,0.804
1/19/2022 5:00,0.853
1/19/2022 6:00,0.934
1/19/2022 7:00,1.068
1/19/2022 8:00,1.505
1/19/2022 9:00,1.743
1/19/2022 10:00,1.968
1/19/2022 11:00,2.153
1/19/2022 12:00,2.197
1/19/2022 13:00,1.827
1/19/2022 14:00,1.297
1/19/2022 15:00,1.333
1/19/2022 16:00,1.407
1/19/2022 17:00,1.362
1/19/2022 18:00,1.357
1/19/2022 19:00,1.394
1/19/2022 20:00,1.466
1/19/2022 21:00,1.54
1/19/2022 22:00,1.661
1/19/2022 23:00,1.765
1/20/2022 0:00,1.923
1/20/2022 1:00,2.299
1/20/2022 2:00,2.392
1/20/2022 3:00,2.517
1/20/2022 4:00,2.736
1/20/2022 5:00,2.664
1/20/2022 6:00,2.708
1/20/2022 7:00,2.752
1/20/2022 8:00,2.863
1/20/2022 9:00,3.051
1/20/2022 10:00,3.575
1/20/2022 11:00,4.027
1/20/2022 12:00,4.085
1/20/2022 13:00,3.676
1/20/2022 14:00,3.261
1/20/2022 15:00,2.753
1/20/2022 16:00,2.531
1/20/2022 17:00,2.531
1/20/2022 18:00,2.638
1/20/2022 19:00,2.915
1/20/2022 20:00,3.1
1/20/2022 21:00,3.205
1/20/2022 22:00,3.192
1/20/2022 23:00,3.154
1/21/2022 0:00,3.118
1/21/2022 1:00,3.181
1/21/2022 2:00,3.184
1/21/2022 3:00,3.141
1/21/2022 4:00,3.04
1/21/2022 5:00,2.925
1/21/2022 6:00,2.822
1/21/2022 7:00,3.025
1/21/2022 8:00,3.463
1/21/2022 9:00,3.802
1/21/2022 10:00,3.895
1/21/2022 11:00,3.902
1/21/2022 12:00,3.839
1/21/2022 13:00,3.613
1/21/2022 14:00,3.179
1/21/2022 15:00,3.117
1/21/2022 16:00,3.245
1/21/2022 17:00,3.285
1/21/2022 18:00,3.281
1/21/2022 19:00,3.285
1/21/2022 20:00,3.262
1/21/2022 21:00,3.275
1/21/2022 22:00,3.299
1/21/2022 23:00,3.436
1/22/2022 0:00,3.526
1/22/2022 1:00,3.516
1/22/2022 2:00,3.584
1/22/2022 3:00,4.139
1/22/2022 4:00,4.607
1/22/2022 5:00,4.367
1/22/2022 6:00,3.948
1/22/2022 7:00,3.559
1/22/2022 8:00,3.402
1/22/2022 9:00,3.347
1/22/2022 10:00,3.399
1/22/2022 11:00,3.508
1/22/2022 12:00,3.489
1/22/2022 13:00,3.22
1/22/2022 14:00,2.739
1/22/2022 15:00,2.161
1/22/2022 16:00,1.912
1/22/2022 17:00,1.689
1/22/2022 18:00,1.575
1/22/2022 19:00,1.472
1/22/2022 20:00,1.421
1/22/2022 21:00,1.383
1/22/2022 22:00,1.391
1/22/2022 23:00,1.422
1/23/2022 0:00,1.489
1/23/2022 1:00,1.522
1/23/2022 2:00,1.597
1/23/2022 3:00,1.621
1/23/2022 4:00,1.626
1/23/2022 5:00,1.602
1/23/2022 6:00,1.571
1/23/2022 7:00,1.759
1/23/2022 8:00,1.934
1/23/2022 9:00,2.083
1/23/2022 10:00,2.227
1/23/2022 11:00,2.287
1/23/2022 12:00,2.173
1/23/2022 13:00,1.846
1/23/2022 14:00,1.571
1/23/2022 15:00,1.622
1/23/2022 16:00,1.726
1/23/2022 17:00,1.719
1/23/2022 18:00,1.613
1/23/2022 19:00,1.514
1/23/2022 20:00,1.363
1/23/2022 21:00,1.202
1/23/2022 22:00,1.098
1/23/2022 23:00,1.029
1/24/2022 0:00,0.985
1/24/2022 1:00,0.941
1/24/2022 2:00,0.89
1/24/2022 3:00,0.871
1/24/2022 4:00,0.868
1/24/2022 5:00,0.801
1/24/2022 6:00,0.763
1/24/2022 7:00,0.753
1/24/2022 8:00,0.706
1/24/2022 9:00,0.711
1/24/2022 10:00,0.728
1/24/2022 11:00,0.692
1/24/2022 12:00,0.65
1/24/2022 13:00,0.61
1/24/2022 14:00,0.513
1/24/2022 15:00,0.707
1/24/2022 16:00,0.886
1/24/2022 17:00,0.958
1/24/2022 18:00,0.978
1/24/2022 19:00,0.97
1/24/2022 20:00,0.962
1/24/2022 21:00,0.977
1/24/2022 22:00,0.978
1/24/2022 23:00,0.955
1/25/2022 0:00,0.94
1/25/2022 1:00,0.936
1/25/2022 2:00,0.934
1/25/2022 3:00,0.927
1/25/2022 4:00,0.927
1/25/2022 5:00,0.937
1/25/2022 6:00,0.945
1/25/2022 7:00,0.963
1/25/2022 8:00,1.178
1/25/2022 9:00,1.163
1/25/2022 10:00,1.367
1/25/2022 11:00,1.536
1/25/2022 12:00,1.613
1/25/2022 13:00,1.512
1/25/2022 14:00,1.058
1/25/2022 15:00,0.993
1/25/2022 16:00,1.18
1/25/2022 17:00,1.324
1/25/2022 18:00,1.419
1/25/2022 19:00,1.495
1/25/2022 20:00,1.527
1/25/2022 21:00,1.511
1/25/2022 22:00,1.491
1/25/2022 23:00,1.508
1/26/2022 0:00,1.532
1/26/2022 1:00,1.562
1/26/2022 2:00,1.591
1/26/2022 3:00,1.603
1/26/2022 4:00,1.616
1/26/2022 5:00,1.649
1/26/2022 6:00,1.689
1/26/2022 7:00,1.871
1/26/2022 8:00,2.113
1/26/2022 9:00,2.234
1/26/2022 10:00,2.218
1/26/2022 11:00,2.222
1/26/2022 12:00,2.207
1/26/2022 13:00,2.074
1/26/2022 14:00,1.492
1/26/2022 15:00,1.21
1/26/2022 16:00,1.326
1/26/2022 17:00,1.429
1/26/2022 18:00,1.567
1/26/2022 19:00,1.644
1/26/2022 20:00,1.649
1/26/2022 21:00,1.576
1/26/2022 22:00,1.576
1/26/2022 23:00,1.57
1/27/2022 0:00,1.576
1/27/2022 1:00,1.655
1/27/2022 2:00,1.728
1/27/2022 3:00,1.731
1/27/2022 4:00,1.696
1/27/2022 5:00,1.674
1/27/2022 6:00,1.687
1/27/2022 7:00,1.923
1/27/2022 8:00,2.274
1/27/2022 9:00,2.624
1/27/2022 10:00,2.73
1/27/2022 11:00,2.788
1/27/2022 12:00,2.752
1/27/2022 13:00,2.684
1/27/2022 14:00,2.68
1/27/2022 15:00,2.746
1/27/2022 16:00,2.959
1/27/2022 17:00,3.25
1/27/2022 18:00,3.461
1/27/2022 19:00,3.459
1/27/2022 20:00,3.412
1/27/2022 21:00,3.426
1/27/2022 22:00,3.411
1/27/2022 23:00,3.457
1/28/2022 0:00,3.569
1/28/2022 1:00,3.69
1/28/2022 2:00,3.712
1/28/2022 3:00,3.725
1/28/2022 4:00,3.799
1/28/2022 5:00,3.766
1/28/2022 6:00,3.797
1/28/2022 7:00,3.95
1/28/2022 8:00,4.279
1/28/2022 9:00,4.682
1/28/2022 10:00,4.943
1/28/2022 11:00,4.9
1/28/2022 12:00,4.689
1/28/2022 13:00,4.394
1/28/2022 14:00,3.975
1/28/2022 15:00,3.61
1/28/2022 16:00,3.563
1/28/2022 17:00,3.527
1/28/2022 18:00,3.359
1/28/2022 19:00,3.254
1/28/2022 20:00,3.163
1/28/2022 21:00,3.069
1/28/2022 22:00,3.021
1/28/2022 23:00,2.893
1/29/2022 0:00,2.634
1/29/2022 1:00,2.392
1/29/2022 2:00,2.223
1/29/2022 3:00,1.923
1/29/2022 4:00,1.724
1/29/2022 5:00,1.628
1/29/2022 6:00,1.684
1/29/2022 7:00,1.992
1/29/2022 8:00,2.169
1/29/2022 9:00,2.265
1/29/2022 10:00,2.307
1/29/2022 11:00,2.393
1/29/2022 12:00,2.636
1/29/2022 13:00,2.779
1/29/2022 14:00,2.696
1/29/2022 15:00,2.563
1/29/2022 16:00,2.567
1/29/2022 17:00,2.63
1/29/2022 18:00,2.822
1/29/2022 19:00,3.104
1/29/2022 20:00,3.355
1/29/2022 21:00,3.608
1/29/2022 22:00,3.834
1/29/2022 23:00,3.911
1/30/2022 0:00,3.904
1/30/2022 1:00,3.988
1/30/2022 2:00,4.066
1/30/2022 3:00,4.024
1/30/2022 4:00,4.024
1/30/2022 5:00,4.115
1/30/2022 6:00,4.288
1/30/2022 7:00,4.558
1/30/2022 8:00,5.027
1/30/2022 9:00,5.571
1/30/2022 10:00,5.913
1/30/2022 11:00,6.054
1/30/2022 12:00,5.992
1/30/2022 13:00,5.716
1/30/2022 14:00,5.242
1/30/2022 15:00,4.721
1/30/2022 16:00,4.49
1/30/2022 17:00,4.278
1/30/2022 18:00,4.02
1/30/2022 19:00,3.741
1/30/2022 20:00,3.386
1/30/2022 21:00,3.143
1/30/2022 22:00,3
1/30/2022 23:00,2.794
1/31/2022 0:00,2.499
1/31/2022 1:00,1.981
1/31/2022 2:00,1.748
1/31/2022 3:00,1.705
1/31/2022 4:00,1.517
1/31/2022 5:00,1.402
1/31/2022 6:00,1.438
1/31/2022 7:00,1.641
1/31/2022 8:00,1.86
1/31/2022 9:00,2.141
1/31/2022 10:00,2.663
1/31/2022 11:00,2.832
1/31/2022 12:00,2.598
1/31/2022 13:00,2.411
1/31/2022 14:00,2.336
1/31/2022 15:00,2.314
1/31/2022 16:00,2.25
1/31/2022 17:00,2.215
1/31/2022 18:00,2.429
1/31/2022 19:00,2.371
1/31/2022 20:00,2.31
1/31/2022 21:00,2.291
1/31/2022 22:00,2.191
1/31/2022 23:00,2.151
2/1/2022 0:00,2.139
2/1/2022 1:00,2.102
2/1/2022 2:00,2.251
2/1/2022 3:00,2.492
2/1/2022 4:00,2.517
2/1/2022 5:00,2.383
2/1/2022 6:00,2.353
2/1/2022 7:00,2.544
2/1/2022 8:00,2.948
2/1/2022 9:00,3.411
2/1/2022 10:00,3.663
2/1/2022 11:00,3.823
2/1/2022 12:00,3.803
2/1/2022 13:00,3.658
2/1/2022 14:00,3.259
2/1/2022 15:00,2.945
2/1/2022 16:00,2.897
2/1/2022 17:00,2.996
2/1/2022 18:00,3.3
2/1/2022 19:00,3.703
2/1/2022 20:00,4.05
2/1/2022 21:00,3.998
2/1/2022 22:00,3.851
2/1/2022 23:00,3.72
2/2/2022 0:00,3.651
2/2/2022 1:00,3.616
2/2/2022 2:00,3.586
2/2/2022 3:00,3.561
2/2/2022 4:00,3.439
2/2/2022 5:00,3.406
2/2/2022 6:00,3.341
2/2/2022 7:00,3.378
2/2/2022 8:00,3.584
2/2/2022 9:00,4.037
2/2/2022 10:00,4.408
2/2/2022 11:00,4.587
2/2/2022 12:00,4.56
2/2/2022 13:00,4.432
2/2/2022 14:00,4.134
2/2/2022 15:00,3.878
2/2/2022 16:00,3.856
2/2/2022 17:00,3.797
2/2/2022 18:00,3.697
2/2/2022 19:00,3.558
2/2/2022 20:00,3.314
2/2/2022 21:00,3.112
2/2/2022 22:00,3.031
2/2/2022 23:00,2.923
2/3/2022 0:00,2.761
2/3/2022 1:00,2.682
2/3/2022 2:00,2.546
2/3/2022 3:00,2.255
2/3/2022 4:00,1.891
2/3/2022 5:00,1.674
2/3/2022 6:00,1.52
2/3/2022 7:00,1.717
2/3/2022 8:00,1.678
2/3/2022 9:00,1.524
2/3/2022 10:00,1.392
2/3/2022 11:00,1.429
2/3/2022 12:00,1.432
2/3/2022 13:00,1.279
2/3/2022 14:00,0.836
2/3/2022 15:00,0.932
2/3/2022 16:00,1.18
2/3/2022 17:00,1.493
2/3/2022 18:00,1.591
2/3/2022 19:00,1.609
2/3/2022 20:00,1.613
2/3/2022 21:00,1.598
2/3/2022 22:00,1.582
2/3/2022 23:00,1.533
2/4/2022 0:00,1.368
2/4/2022 1:00,1.236
2/4/2022 2:00,1.236
2/4/2022 3:00,1.278
2/4/2022 4:00,1.341
2/4/2022 5:00,1.379
2/4/2022 6:00,1.452
2/4/2022 7:00,1.888
2/4/2022 8:00,2.141
2/4/2022 9:00,2.423
2/4/2022 10:00,2.497
2/4/2022 11:00,2.491
2/4/2022 12:00,2.401
2/4/2022 13:00,2.135
2/4/2022 14:00,1.423
2/4/2022 15:00,1.045
2/4/2022 16:00,1.061
2/4/2022 17:00,1.11
2/4/2022 18:00,1.157
2/4/2022 19:00,1.285
2/4/2022 20:00,1.424
2/4/2022 21:00,1.543
2/4/2022 22:00,1.755
2/4/2022 23:00,1.961
2/5/2022 0:00,2.075
2/5/2022 1:00,1.999
2/5/2022 2:00,1.996
2/5/2022 3:00,1.969
2/5/2022 4:00,2.019
2/5/2022 5:00,2.12
2/5/2022 6:00,2.066
2/5/2022 7:00,2.459
2/5/2022 8:00,3.024
2/5/2022 9:00,3.373
2/5/2022 10:00,3.549
2/5/2022 11:00,3.609
2/5/2022 12:00,3.533
2/5/2022 13:00,3.266
2/5/2022 14:00,2.533
2/5/2022 15:00,1.734
2/5/2022 16:00,1.548
2/5/2022 17:00,1.513
2/5/2022 18:00,1.496
2/5/2022 19:00,1.482
2/5/2022 20:00,1.515
2/5/2022 21:00,1.541
2/5/2022 22:00,1.576
2/5/2022 23:00,1.623
2/6/2022 0:00,1.688
2/6/2022 1:00,1.811
2/6/2022 2:00,1.899
2/6/2022 3:00,1.863
2/6/2022 4:00,1.815
2/6/2022 5:00,1.822
2/6/2022 6:00,1.869
2/6/2022 7:00,2.039
2/6/2022 8:00,2.223
2/6/2022 9:00,2.41
2/6/2022 10:00,2.644
2/6/2022 11:00,2.764
2/6/2022 12:00,2.597
2/6/2022 13:00,2.236
2/6/2022 14:00,2.097
2/6/2022 15:00,2.113
2/6/2022 16:00,2.217
2/6/2022 17:00,2.369
2/6/2022 18:00,2.582
2/6/2022 19:00,2.886
2/6/2022 20:00,3.104
2/6/2022 21:00,3.207
2/6/2022 22:00,3.324
2/6/2022 23:00,3.365
2/7/2022 0:00,3.228
2/7/2022 1:00,3.085
2/7/2022 2:00,3.042
2/7/2022 3:00,3.298
2/7/2022 4:00,3.689
2/7/2022 5:00,4.165
2/7/2022 6:00,4.406
2/7/2022 7:00,4.491
2/7/2022 8:00,4.911
2/7/2022 9:00,5.329
2/7/2022 10:00,5.494
2/7/2022 11:00,5.468
2/7/2022 12:00,5.323
2/7/2022 13:00,5.147
2/7/2022 14:00,4.899
2/7/2022 15:00,4.551
2/7/2022 16:00,4.405
2/7/2022 17:00,4.38
2/7/2022 18:00,4.287
2/7/2022 19:00,4.138
2/7/2022 20:00,4.033
2/7/2022 21:00,3.91
2/7/2022 22:00,3.75
2/7/2022 23:00,3.621
2/8/2022 0:00,3.504
2/8/2022 1:00,3.427
2/8/2022 2:00,3.311
2/8/2022 3:00,3.17
2/8/2022 4:00,2.937
2/8/2022 5:00,2.818
2/8/2022 6:00,2.786
2/8/2022 7:00,3.028
2/8/2022 8:00,3.492
2/8/2022 9:00,3.841
2/8/2022 10:00,3.934
2/8/2022 11:00,3.886
2/8/2022 12:00,3.774
2/8/2022 13:00,3.578
2/8/2022 14:00,3.29
2/8/2022 15:00,2.944
2/8/2022 16:00,2.884
2/8/2022 17:00,2.966
2/8/2022 18:00,3.148
2/8/2022 19:00,3.227
2/8/2022 20:00,3.206
2/8/2022 21:00,3.196
2/8/2022 22:00,3.147
2/8/2022 23:00,2.921
2/9/2022 0:00,2.818
2/9/2022 1:00,2.723
2/9/2022 2:00,2.612
2/9/2022 3:00,2.533
2/9/2022 4:00,2.236
2/9/2022 5:00,1.982
2/9/2022 6:00,1.899
2/9/2022 7:00,2.088
2/9/2022 8:00,2.279
2/9/2022 9:00,2.357
2/9/2022 10:00,2.289
2/9/2022 11:00,2.203
2/9/2022 12:00,2.117
2/9/2022 13:00,1.946
2/9/2022 14:00,1.327
2/9/2022 15:00,1.056
2/9/2022 16:00,1.172
2/9/2022 17:00,1.22
2/9/2022 18:00,1.253
2/9/2022 19:00,1.277
2/9/2022 20:00,1.289
2/9/2022 21:00,1.283
2/9/2022 22:00,1.244
2/9/2022 23:00,1.192
2/10/2022 0:00,1.136
2/10/2022 1:00,1.087
2/10/2022 2:00,1.029
2/10/2022 3:00,0.981
2/10/2022 4:00,0.984
2/10/2022 5:00,1.053
2/10/2022 6:00,1.083
2/10/2022 7:00,1.124
2/10/2022 8:00,1.532
2/10/2022 9:00,1.711
2/10/2022 10:00,1.753
2/10/2022 11:00,1.778
2/10/2022 12:00,1.821
2/10/2022 13:00,1.707
2/10/2022 14:00,1.233
2/10/2022 15:00,1.177
2/10/2022 16:00,1.302
2/10/2022 17:00,1.374
2/10/2022 18:00,1.379
2/10/2022 19:00,1.385
2/10/2022 20:00,1.355
2/10/2022 21:00,1.329
2/10/2022 22:00,1.277
2/10/2022 23:00,1.208
2/11/2022 0:00,1.166
2/11/2022 1:00,1.152
2/11/2022 2:00,1.12
2/11/2022 3:00,1.072
2/11/2022 4:00,1.119
2/11/2022 5:00,1.163
2/11/2022 6:00,1.185
2/11/2022 7:00,1.535
2/11/2022 8:00,1.995
2/11/2022 9:00,2.466
2/11/2022 10:00,3.062
2/11/2022 11:00,3.627
2/11/2022 12:00,3.974
2/11/2022 13:00,3.894
2/11/2022 14:00,3.426
2/11/2022 15:00,2.91
2/11/2022 16:00,2.67
2/11/2022 17:00,2.614
2/11/2022 18:00,2.581
2/11/2022 19:00,2.51
2/11/2022 20:00,2.352
2/11/2022 21:00,2.232
2/11/2022 22:00,2.272
2/11/2022 23:00,2.187
2/12/2022 0:00,2.022
2/12/2022 1:00,1.794
2/12/2022 2:00,1.617
2/12/2022 3:00,1.466
2/12/2022 4:00,1.324
2/12/2022 5:00,1.232
2/12/2022 6:00,1.241
2/12/2022 7:00,1.52
2/12/2022 8:00,1.511
2/12/2022 9:00,1.548
2/12/2022 10:00,1.549
2/12/2022 11:00,1.574
2/12/2022 12:00,1.651
2/12/2022 13:00,1.708
2/12/2022 14:00,1.504
2/12/2022 15:00,0.919
2/12/2022 16:00,1.151
2/12/2022 17:00,1.269
2/12/2022 18:00,1.317
2/12/2022 19:00,1.348
2/12/2022 20:00,1.404
2/12/2022 21:00,1.425
2/12/2022 22:00,1.468
2/12/2022 23:00,1.523
2/13/2022 0:00,1.589
2/13/2022 1:00,1.662
2/13/2022 2:00,1.737
2/13/2022 3:00,1.844
2/13/2022 4:00,1.906
2/13/2022 5:00,1.897
2/13/2022 6:00,2.069
2/13/2022 7:00,2.37
2/13/2022 8:00,2.695
2/13/2022 9:00,2.762
2/13/2022 10:00,2.618
2/13/2022 11:00,2.47
2/13/2022 12:00,2.364
2/13/2022 13:00,2.26
2/13/2022 14:00,1.791
2/13/2022 15:00,1.398
2/13/2022 16:00,1.672
2/13/2022 17:00,1.819
2/13/2022 18:00,1.866
2/13/2022 19:00,1.888
2/13/2022 20:00,1.913
2/13/2022 21:00,1.937
2/13/2022 22:00,1.934
2/13/2022 23:00,1.919
2/14/2022 0:00,1.94
2/14/2022 1:00,1.982
2/14/2022 2:00,1.994
2/14/2022 3:00,2.014
2/14/2022 4:00,1.995
2/14/2022 5:00,1.892
2/14/2022 6:00,2.042
2/14/2022 7:00,2.266
2/14/2022 8:00,2.406
2/14/2022 9:00,2.5
2/14/2022 10:00,2.468
2/14/2022 11:00,2.351
2/14/2022 12:00,2.188
2/14/2022 13:00,1.99
2/14/2022 14:00,1.397
2/14/2022 15:00,1.15
2/14/2022 16:00,1.317
2/14/2022 17:00,1.366
2/14/2022 18:00,1.297
2/14/2022 19:00,1.231
2/14/2022 20:00,1.149
2/14/2022 21:00,1.082
2/14/2022 22:00,1.056
2/14/2022 23:00,0.993
2/15/2022 0:00,1.035
2/15/2022 1:00,1.045
2/15/2022 2:00,1.102
2/15/2022 3:00,1.115
2/15/2022 4:00,1.071
2/15/2022 5:00,0.981
2/15/2022 6:00,0.921
2/15/2022 7:00,1.109
2/15/2022 8:00,1.096
2/15/2022 9:00,1.092
2/15/2022 10:00,1.069
2/15/2022 11:00,1.04
2/15/2022 12:00,0.941
2/15/2022 13:00,0.89
2/15/2022 14:00,0.688
2/15/2022 15:00,0.606
2/15/2022 16:00,0.616
2/15/2022 17:00,0.637
2/15/2022 18:00,0.615
2/15/2022 19:00,0.78
2/15/2022 20:00,1.119
2/15/2022 21:00,1.487
2/15/2022 22:00,1.679
2/15/2022 23:00,1.66
2/16/2022 0:00,1.612
2/16/2022 1:00,1.63
2/16/2022 2:00,1.685
2/16/2022 3:00,1.595
2/16/2022 4:00,1.421
2/16/2022 5:00,1.362
2/16/2022 6:00,1.421
2/16/2022 7:00,1.788
2/16/2022 8:00,1.998
2/16/2022 9:00,2.286
2/16/2022 10:00,2.599
2/16/2022 11:00,2.897
2/16/2022 12:00,3.021
2/16/2022 13:00,2.883
2/16/2022 14:00,2.432
2/16/2022 15:00,2.035
2/16/2022 16:00,2.201
2/16/2022 17:00,2.384
2/16/2022 18:00,2.451
2/16/2022 19:00,2.503
2/16/2022 20:00,2.589
2/16/2022 21:00,2.583
2/16/2022 22:00,2.596
2/16/2022 23:00,2.748
2/17/2022 0:00,3.015
2/17/2022 1:00,3.304
2/17/2022 2:00,3.702
2/17/2022 3:00,3.799
2/17/2022 4:00,3.835
2/17/2022 5:00,4.049
2/17/2022 6:00,4.316
2/17/2022 7:00,5.006
2/17/2022 8:00,5.525
2/17/2022 9:00,6.083
2/17/2022 10:00,6.216
2/17/2022 11:00,6.248
2/17/2022 12:00,6.13
2/17/2022 13:00,5.812
2/17/2022 14:00,5.282
2/17/2022 15:00,4.685
2/17/2022 16:00,4.327
2/17/2022 17:00,4.034
2/17/2022 18:00,3.911
2/17/2022 19:00,3.858
2/17/2022 20:00,3.792
2/17/2022 21:00,3.624
2/17/2022 22:00,3.35
2/17/2022 23:00,3.131
2/18/2022 0:00,2.947
2/18/2022 1:00,2.719
2/18/2022 2:00,2.435
2/18/2022 3:00,2.076
2/18/2022 4:00,1.889
2/18/2022 5:00,1.634
2/18/2022 6:00,1.606
2/18/2022 7:00,1.985
2/18/2022 8:00,2.349
2/18/2022 9:00,2.604
2/18/2022 10:00,2.618
2/18/2022 11:00,2.457
2/18/2022 12:00,2.183
2/18/2022 13:00,1.992
2/18/2022 14:00,1.834
2/18/2022 15:00,1.756
2/18/2022 16:00,1.947
2/18/2022 17:00,2.188
2/18/2022 18:00,2.263
2/18/2022 19:00,2.271
2/18/2022 20:00,2.232
2/18/2022 21:00,2.17
2/18/2022 22:00,2.272
2/18/2022 23:00,2.554
2/19/2022 0:00,3.047
2/19/2022 1:00,3.8
2/19/2022 2:00,3.802
2/19/2022 3:00,3.665
2/19/2022 4:00,3.488
2/19/2022 5:00,3.248
2/19/2022 6:00,3.156
2/19/2022 7:00,3.338
2/19/2022 8:00,3.799
2/19/2022 9:00,4.267
2/19/2022 10:00,4.324
2/19/2022 11:00,4.169
2/19/2022 12:00,3.856
2/19/2022 13:00,3.421
2/19/2022 14:00,2.873
2/19/2022 15:00,1.985
2/19/2022 16:00,1.397
2/19/2022 17:00,1.282
2/19/2022 18:00,1.225
2/19/2022 19:00,1.174
2/19/2022 20:00,1.146
2/19/2022 21:00,1.152
2/19/2022 22:00,1.175
2/19/2022 23:00,1.227
2/20/2022 0:00,1.3
2/20/2022 1:00,1.361
2/20/2022 2:00,1.498
2/20/2022 3:00,1.712
2/20/2022 4:00,1.947
2/20/2022 5:00,2.305
2/20/2022 6:00,2.853
2/20/2022 7:00,3.218
2/20/2022 8:00,3.588
2/20/2022 9:00,3.84
2/20/2022 10:00,3.862
2/20/2022 11:00,3.779
2/20/2022 12:00,3.636
2/20/2022 13:00,3.24
2/20/2022 14:00,2.419
2/20/2022 15:00,1.692
2/20/2022 16:00,1.613
2/20/2022 17:00,1.772
2/20/2022 18:00,1.906
2/20/2022 19:00,1.912
2/20/2022 20:00,1.848
2/20/2022 21:00,1.813
2/20/2022 22:00,1.812
2/20/2022 23:00,1.793
2/21/2022 0:00,1.805
2/21/2022 1:00,1.82
2/21/2022 2:00,1.833
2/21/2022 3:00,1.953
2/21/2022 4:00,2.196
2/21/2022 5:00,2.241
2/21/2022 6:00,2.329
2/21/2022 7:00,2.515
2/21/2022 8:00,3.009
2/21/2022 9:00,3.563
2/21/2022 10:00,3.881
2/21/2022 11:00,4.066
2/21/2022 12:00,4.221
2/21/2022 13:00,4.075
2/21/2022 14:00,3.657
2/21/2022 15:00,3.035
2/21/2022 16:00,2.508
2/21/2022 17:00,2.433
2/21/2022 18:00,2.527
2/21/2022 19:00,2.638
2/21/2022 20:00,2.756
2/21/2022 21:00,2.909
2/21/2022 22:00,3.024
2/21/2022 23:00,3.132
2/22/2022 0:00,3.208
2/22/2022 1:00,3.28
2/22/2022 2:00,3.226
2/22/2022 3:00,3.088
2/22/2022 4:00,2.753
2/22/2022 5:00,2.72
2/22/2022 6:00,2.944
2/22/2022 7:00,3.374
2/22/2022 8:00,4.154
2/22/2022 9:00,4.575
2/22/2022 10:00,4.724
2/22/2022 11:00,4.788
2/22/2022 12:00,4.738
2/22/2022 13:00,4.532
2/22/2022 14:00,3.955
2/22/2022 15:00,2.976
2/22/2022 16:00,2.228
2/22/2022 17:00,1.952
2/22/2022 18:00,1.794
2/22/2022 19:00,1.743
2/22/2022 20:00,1.726
2/22/2022 21:00,1.722
2/22/2022 22:00,1.83
2/22/2022 23:00,1.906
2/23/2022 0:00,2.148
2/23/2022 1:00,2.33
2/23/2022 2:00,2.559
2/23/2022 3:00,2.895
2/23/2022 4:00,2.966
2/23/2022 5:00,2.764
2/23/2022 6:00,2.798
2/23/2022 7:00,3.195
2/23/2022 8:00,3.835
2/23/2022 9:00,3.99
2/23/2022 10:00,3.879
2/23/2022 11:00,3.692
2/23/2022 12:00,3.486
2/23/2022 13:00,3.253
2/23/2022 14:00,2.812
2/23/2022 15:00,1.734
2/23/2022 16:00,1.379
2/23/2022 17:00,1.344
2/23/2022 18:00,1.282
2/23/2022 19:00,1.225
2/23/2022 20:00,1.167
2/23/2022 21:00,1.089
2/23/2022 22:00,1.046
2/23/2022 23:00,1.005
2/24/2022 0:00,0.999
2/24/2022 1:00,1.136
2/24/2022 2:00,1.24
2/24/2022 3:00,1.314
2/24/2022 4:00,1.429
2/24/2022 5:00,1.652
2/24/2022 6:00,2.085
2/24/2022 7:00,2.316
2/24/2022 8:00,2.645
2/24/2022 9:00,2.77
2/24/2022 10:00,2.576
2/24/2022 11:00,2.492
2/24/2022 12:00,2.41
2/24/2022 13:00,2.277
2/24/2022 14:00,1.921
2/24/2022 15:00,1.583
2/24/2022 16:00,1.668
2/24/2022 17:00,1.763
2/24/2022 18:00,1.752
2/24/2022 19:00,1.641
2/24/2022 20:00,1.431
2/24/2022 21:00,1.261
2/24/2022 22:00,1.238
2/24/2022 23:00,1.446
2/25/2022 0:00,1.649
2/25/2022 1:00,1.676
2/25/2022 2:00,1.652
2/25/2022 3:00,1.919
2/25/2022 4:00,2.52
2/25/2022 5:00,2.644
2/25/2022 6:00,2.888
2/25/2022 7:00,3.43
2/25/2022 8:00,3.807
2/25/2022 9:00,3.89
2/25/2022 10:00,3.82
2/25/2022 11:00,3.623
2/25/2022 12:00,3.428
2/25/2022 13:00,3.205
2/25/2022 14:00,2.835
2/25/2022 15:00,1.951
2/25/2022 16:00,1.22
2/25/2022 17:00,1.145
2/25/2022 18:00,1.183
2/25/2022 19:00,1.228
2/25/2022 20:00,1.325
2/25/2022 21:00,1.384
2/25/2022 22:00,1.406
2/25/2022 23:00,1.447
2/26/2022 0:00,1.498
2/26/2022 1:00,1.538
2/26/2022 2:00,1.563
2/26/2022 3:00,1.556
2/26/2022 4:00,1.527
2/26/2022 5:00,1.527
2/26/2022 6:00,2.012
2/26/2022 7:00,2.577
2/26/2022 8:00,3.092
2/26/2022 9:00,3.253
2/26/2022 10:00,3.31
2/26/2022 11:00,3.257
2/26/2022 12:00,3.157
2/26/2022 13:00,3.009
2/26/2022 14:00,2.696
2/26/2022 15:00,1.85
2/26/2022 16:00,1.322
2/26/2022 17:00,1.423
2/26/2022 18:00,1.505
2/26/2022 19:00,1.603
2/26/2022 20:00,1.641
2/26/2022 21:00,1.701
2/26/2022 22:00,1.742
2/26/2022 23:00,1.784
2/27/2022 0:00,1.847
2/27/2022 1:00,1.747
2/27/2022 2:00,1.688
2/27/2022 3:00,1.674
2/27/2022 4:00,1.683
2/27/2022 5:00,1.733
2/27/2022 6:00,2.092
2/27/2022 7:00,2.4
2/27/2022 8:00,2.752
2/27/2022 9:00,2.875
2/27/2022 10:00,2.8
2/27/2022 11:00,2.671
2/27/2022 12:00,2.559
2/27/2022 13:00,2.495
2/27/2022 14:00,2.392
2/27/2022 15:00,1.659
2/27/2022 16:00,1.561
2/27/2022 17:00,1.879
2/27/2022 18:00,1.791
2/27/2022 19:00,1.667
2/27/2022 20:00,1.546
2/27/2022 21:00,1.475
2/27/2022 22:00,1.488
2/27/2022 23:00,1.549
2/28/2022 0:00,1.597
2/28/2022 1:00,1.696
2/28/2022 2:00,1.748
2/28/2022 3:00,1.841
2/28/2022 4:00,1.861
2/28/2022 5:00,1.85
2/28/2022 6:00,2.249
2/28/2022 7:00,2.785
2/28/2022 8:00,3.083
2/28/2022 9:00,3.008
2/28/2022 10:00,2.975
2/28/2022 11:00,3.006
2/28/2022 12:00,2.983
2/28/2022 13:00,2.881
2/28/2022 14:00,2.66
2/28/2022 15:00,1.982
2/28/2022 16:00,1.448
2/28/2022 17:00,1.622
2/28/2022 18:00,1.715
2/28/2022 19:00,1.695
2/28/2022 20:00,1.606
2/28/2022 21:00,1.46
2/28/2022 22:00,1.286
2/28/2022 23:00,1.164
3/1/2022 0:00,1.115
3/1/2022 1:00,1.08
3/1/2022 2:00,1.111
3/1/2022 3:00,1.174
3/1/2022 4:00,1.22
3/1/2022 5:00,1.269
3/1/2022 6:00,1.568
3/1/2022 7:00,1.63
3/1/2022 8:00,1.689
3/1/2022 9:00,1.685
3/1/2022 10:00,1.664
3/1/2022 11:00,1.657
3/1/2022 12:00,1.66
3/1/2022 13:00,1.648
3/1/2022 14:00,1.537
3/1/2022 15:00,0.837
3/1/2022 16:00,1.002
3/1/2022 17:00,1.035
3/1/2022 18:00,1.07
3/1/2022 19:00,1.144
3/1/2022 20:00,1.185
3/1/2022 21:00,1.209
3/1/2022 22:00,1.235
3/1/2022 23:00,1.244
3/2/2022 0:00,1.267
3/2/2022 1:00,1.316
3/2/2022 2:00,1.365
3/2/2022 3:00,1.392
3/2/2022 4:00,1.399
3/2/2022 5:00,1.438
3/2/2022 6:00,1.688
3/2/2022 7:00,1.753
3/2/2022 8:00,1.848
3/2/2022 9:00,1.77
3/2/2022 10:00,1.666
3/2/2022 11:00,1.616
3/2/2022 12:00,1.62
3/2/2022 13:00,1.607
3/2/2022 14:00,1.448
3/2/2022 15:00,0.861
3/2/2022 16:00,0.988
3/2/2022 17:00,1.019
3/2/2022 18:00,0.967
3/2/2022 19:00,0.885
3/2/2022 20:00,0.846
3/2/2022 21:00,0.908
3/2/2022 22:00,0.96
3/2/2022 23:00,1.014
3/3/2022 0:00,1.072
3/3/2022 1:00,1.136
3/3/2022 2:00,1.18
3/3/2022 3:00,1.204
3/3/2022 4:00,1.217
3/3/2022 5:00,1.235
3/3/2022 6:00,1.449
3/3/2022 7:00,1.45
3/3/2022 8:00,1.425
3/3/2022 9:00,1.455
3/3/2022 10:00,1.532
3/3/2022 11:00,1.645
3/3/2022 12:00,1.743
3/3/2022 13:00,1.763
3/3/2022 14:00,1.632
3/3/2022 15:00,0.924
3/3/2022 16:00,1.066
3/3/2022 17:00,1.125
3/3/2022 18:00,1.077
3/3/2022 19:00,1.055
3/3/2022 20:00,1.045
3/3/2022 21:00,1.068
3/3/2022 22:00,1.142
3/3/2022 23:00,1.25
3/4/2022 0:00,1.362
3/4/2022 1:00,1.424
3/4/2022 2:00,1.479
3/4/2022 3:00,1.531
3/4/2022 4:00,1.613
3/4/2022 5:00,1.751
3/4/2022 6:00,2.141
3/4/2022 7:00,2.503
3/4/2022 8:00,2.573
3/4/2022 9:00,2.555
3/4/2022 10:00,2.478
3/4/2022 11:00,2.443
3/4/2022 12:00,2.471
3/4/2022 13:00,2.5
3/4/2022 14:00,2.404
3/4/2022 15:00,1.678
3/4/2022 16:00,1.169
3/4/2022 17:00,1.31
3/4/2022 18:00,1.386
3/4/2022 19:00,1.348
3/4/2022 20:00,1.339
3/4/2022 21:00,1.327
3/4/2022 22:00,1.301
3/4/2022 23:00,1.246
3/5/2022 0:00,1.239
3/5/2022 1:00,1.231
3/5/2022 2:00,1.184
3/5/2022 3:00,1.151
3/5/2022 4:00,1.126
3/5/2022 5:00,1.165
3/5/2022 6:00,1.657
3/5/2022 7:00,1.942
3/5/2022 8:00,2.147
3/5/2022 9:00,2.196
3/5/2022 10:00,2.162
3/5/2022 11:00,2.09
3/5/2022 12:00,2.045
3/5/2022 13:00,2.007
3/5/2022 14:00,1.896
3/5/2022 15:00,1.208
3/5/2022 16:00,0.894
3/5/2022 17:00,1.012
3/5/2022 18:00,1.064
3/5/2022 19:00,1.074
3/5/2022 20:00,1.068
3/5/2022 21:00,1.101
3/5/2022 22:00,1.117
3/5/2022 23:00,1.084
3/6/2022 0:00,1.059
3/6/2022 1:00,1.009
3/6/2022 2:00,0.939
3/6/2022 3:00,0.958
3/6/2022 4:00,1.025
3/6/2022 5:00,1.097
3/6/2022 6:00,1.358
3/6/2022 7:00,1.572
3/6/2022 8:00,1.787
3/6/2022 9:00,1.779
3/6/2022 10:00,1.728
3/6/2022 11:00,1.701
3/6/2022 12:00,1.715
3/6/2022 13:00,1.748
3/6/2022 14:00,1.72
3/6/2022 15:00,1.243
3/6/2022 16:00,0.878
3/6/2022 17:00,1.03
3/6/2022 18:00,1.168
3/6/2022 19:00,1.268
3/6/2022 20:00,1.311
3/6/2022 21:00,1.332
3/6/2022 22:00,1.361
3/6/2022 23:00,1.412
3/7/2022 0:00,1.544
3/7/2022 1:00,1.659
3/7/2022 2:00,1.7
3/7/2022 3:00,1.611
3/7/2022 4:00,1.57
3/7/2022 5:00,1.642
3/7/2022 6:00,2.157
3/7/2022 7:00,2.605
3/7/2022 8:00,2.713
3/7/2022 9:00,2.799
3/7/2022 10:00,2.861
3/7/2022 11:00,2.89
3/7/2022 12:00,2.907
3/7/2022 13:00,2.878
3/7/2022 14:00,2.717
3/7/2022 15:00,2.056
3/7/2022 16:00,1.322
3/7/2022 17:00,1.391
3/7/2022 18:00,1.449
3/7/2022 19:00,1.423
3/7/2022 20:00,1.362
3/7/2022 21:00,1.296
3/7/2022 22:00,1.208
3/7/2022 23:00,1.089
3/8/2022 0:00,1.019
3/8/2022 1:00,0.971
3/8/2022 2:00,0.963
3/8/2022 3:00,0.966
3/8/2022 4:00,0.971
3/8/2022 5:00,1.036
3/8/2022 6:00,1.515
3/8/2022 7:00,1.641
3/8/2022 8:00,1.891
3/8/2022 9:00,2
3/8/2022 10:00,2.08
3/8/2022 11:00,2.117
3/8/2022 12:00,2.105
3/8/2022 13:00,2.095
3/8/2022 14:00,1.991
3/8/2022 15:00,1.16
3/8/2022 16:00,0.999
3/8/2022 17:00,1.11
3/8/2022 18:00,1.138
3/8/2022 19:00,1.149
3/8/2022 20:00,1.114
3/8/2022 21:00,1.095
3/8/2022 22:00,1.107
3/8/2022 23:00,1.136
3/9/2022 0:00,1.172
3/9/2022 1:00,1.22
3/9/2022 2:00,1.275
3/9/2022 3:00,1.318
3/9/2022 4:00,1.349
3/9/2022 5:00,1.422
3/9/2022 6:00,1.777
3/9/2022 7:00,1.803
3/9/2022 8:00,1.8
3/9/2022 9:00,1.909
3/9/2022 10:00,2.004
3/9/2022 11:00,2.071
3/9/2022 12:00,2.11
3/9/2022 13:00,2.078
3/9/2022 14:00,1.902
3/9/2022 15:00,1.168
3/9/2022 16:00,1.122
3/9/2022 17:00,1.23
3/9/2022 18:00,1.25
3/9/2022 19:00,1.233
3/9/2022 20:00,1.15
3/9/2022 21:00,1.155
3/9/2022 22:00,1.229
3/9/2022 23:00,1.3
3/10/2022 0:00,1.363
3/10/2022 1:00,1.397
3/10/2022 2:00,1.402
3/10/2022 3:00,1.388
3/10/2022 4:00,1.37
3/10/2022 5:00,1.448
3/10/2022 6:00,1.743
3/10/2022 7:00,2.038
3/10/2022 8:00,2.293
3/10/2022 9:00,2.407
3/10/2022 10:00,2.482
3/10/2022 11:00,2.512
3/10/2022 12:00,2.491
3/10/2022 13:00,2.42
3/10/2022 14:00,2.257
3/10/2022 15:00,1.616
3/10/2022 16:00,1.232
3/10/2022 17:00,1.422
3/10/2022 18:00,1.502
3/10/2022 19:00,1.502
3/10/2022 20:00,1.52
3/10/2022 21:00,1.639
3/10/2022 22:00,1.798
3/10/2022 23:00,1.779
3/11/2022 0:00,1.673
3/11/2022 1:00,1.588
3/11/2022 2:00,1.477
3/11/2022 3:00,1.491
3/11/2022 4:00,1.574
3/11/2022 5:00,1.869
3/11/2022 6:00,2.529
3/11/2022 7:00,2.783
3/11/2022 8:00,2.901
3/11/2022 9:00,2.981
3/11/2022 10:00,2.987
3/11/2022 11:00,2.962
3/11/2022 12:00,2.899
3/11/2022 13:00,2.79
3/11/2022 14:00,2.588
3/11/2022 15:00,2.031
3/11/2022 16:00,1.434
3/11/2022 17:00,1.429
3/11/2022 18:00,1.398
3/11/2022 19:00,1.39
3/11/2022 20:00,1.372
3/11/2022 21:00,1.348
3/11/2022 22:00,1.344
3/11/2022 23:00,1.355
3/12/2022 0:00,1.385
3/12/2022 1:00,1.412
3/12/2022 2:00,1.468
3/12/2022 3:00,1.533
3/12/2022 4:00,1.578
3/12/2022 5:00,1.724
3/12/2022 6:00,2.138
3/12/2022 7:00,2.653
3/12/2022 8:00,2.847
3/12/2022 9:00,2.956
3/12/2022 10:00,3.037
3/12/2022 11:00,3.08
3/12/2022 12:00,3.061
3/12/2022 13:00,2.98
3/12/2022 14:00,2.77
3/12/2022 15:00,2.149
3/12/2022 16:00,1.612
3/12/2022 17:00,1.746
3/12/2022 18:00,1.77
3/12/2022 19:00,1.717
3/12/2022 20:00,1.687
3/12/2022 21:00,1.663
3/12/2022 22:00,1.655
3/12/2022 23:00,1.66
3/13/2022 0:00,1.648
3/13/2022 1:00,1.651
3/13/2022 2:00,1.636
3/13/2022 3:00,1.641
3/13/2022 4:00,1.662
3/13/2022 5:00,1.792
3/13/2022 6:00,2.114
3/13/2022 7:00,2.43
3/13/2022 8:00,2.777
3/13/2022 9:00,2.847
3/13/2022 10:00,2.915
3/13/2022 11:00,2.988
3/13/2022 12:00,3
3/13/2022 13:00,2.938
3/13/2022 14:00,2.723
3/13/2022 15:00,1.96
3/13/2022 16:00,1.616
3/13/2022 17:00,1.736
3/13/2022 18:00,1.798
3/13/2022 19:00,1.815
3/13/2022 20:00,1.775
3/13/2022 21:00,1.827
3/13/2022 22:00,1.878
3/13/2022 23:00,1.876
3/14/2022 0:00,1.818
3/14/2022 1:00,1.871
3/14/2022 2:00,1.959
3/14/2022 3:00,2.024
3/14/2022 4:00,2.004
3/14/2022 5:00,2.05
3/14/2022 6:00,2.253
3/14/2022 7:00,2.351
3/14/2022 8:00,2.396
3/14/2022 9:00,2.121
3/14/2022 10:00,1.852
3/14/2022 11:00,1.676
3/14/2022 12:00,1.533
3/14/2022 13:00,1.342
3/14/2022 14:00,1.062
3/14/2022 15:00,0.588
3/14/2022 16:00,0.838
3/14/2022 17:00,1.049
3/14/2022 18:00,1.129
3/14/2022 19:00,1.165
3/14/2022 20:00,1.17
3/14/2022 21:00,1.142
3/14/2022 22:00,1.099
3/14/2022 23:00,1.066
3/15/2022 0:00,1.042
3/15/2022 1:00,0.99
3/15/2022 2:00,0.912
3/15/2022 3:00,0.871
3/15/2022 4:00,0.885
3/15/2022 5:00,0.914
3/15/2022 6:00,1.083
3/15/2022 7:00,1.572
3/15/2022 8:00,1.795
3/15/2022 9:00,2.189
3/15/2022 10:00,2.666
3/15/2022 11:00,2.868
3/15/2022 12:00,2.879
3/15/2022 13:00,2.613
3/15/2022 14:00,2.018
3/15/2022 15:00,1.53
3/15/2022 16:00,1.493
3/15/2022 17:00,1.545
3/15/2022 18:00,1.486
3/15/2022 19:00,1.456
3/15/2022 20:00,1.523
3/15/2022 21:00,1.532
3/15/2022 22:00,1.482
3/15/2022 23:00,1.536
3/16/2022 0:00,1.643
3/16/2022 1:00,1.79
3/16/2022 2:00,1.981
3/16/2022 3:00,2.233
3/16/2022 4:00,2.412
3/16/2022 5:00,2.546
3/16/2022 6:00,2.797
3/16/2022 7:00,3.19
3/16/2022 8:00,3.305
3/16/2022 9:00,3.234
3/16/2022 10:00,3.042
3/16/2022 11:00,2.877
3/16/2022 12:00,2.753
3/16/2022 13:00,2.63
3/16/2022 14:00,2.461
3/16/2022 15:00,1.945
3/16/2022 16:00,1.304
3/16/2022 17:00,1.334
3/16/2022 18:00,1.332
3/16/2022 19:00,1.272
3/16/2022 20:00,1.156
3/16/2022 21:00,1.06
3/16/2022 22:00,1.019
3/16/2022 23:00,0.964
3/17/2022 0:00,0.938
3/17/2022 1:00,0.885
3/17/2022 2:00,0.851
3/17/2022 3:00,0.867
3/17/2022 4:00,0.882
3/17/2022 5:00,0.916
3/17/2022 6:00,0.993
3/17/2022 7:00,1.021
3/17/2022 8:00,1.598
3/17/2022 9:00,1.994
3/17/2022 10:00,2.166
3/17/2022 11:00,2.269
3/17/2022 12:00,2.309
3/17/2022 13:00,2.284
3/17/2022 14:00,2.167
3/17/2022 15:00,1.699
3/17/2022 16:00,1.08
3/17/2022 17:00,1.197
3/17/2022 18:00,1.246
3/17/2022 19:00,1.203
3/17/2022 20:00,1.121
3/17/2022 21:00,1.054
3/17/2022 22:00,1.029
3/17/2022 23:00,0.992
3/18/2022 0:00,0.937
3/18/2022 1:00,0.876
3/18/2022 2:00,0.833
3/18/2022 3:00,0.819
3/18/2022 4:00,0.816
3/18/2022 5:00,0.876
3/18/2022 6:00,1.219
3/18/2022 7:00,1.465
3/18/2022 8:00,1.764
3/18/2022 9:00,1.883
3/18/2022 10:00,1.963
3/18/2022 11:00,2.037
3/18/2022 12:00,2.075
3/18/2022 13:00,2.067
3/18/2022 14:00,1.965
3/18/2022 15:00,1.516
3/18/2022 16:00,0.93
3/18/2022 17:00,1.055
3/18/2022 18:00,1.087
3/18/2022 19:00,1.08
3/18/2022 20:00,1.038
3/18/2022 21:00,0.989
3/18/2022 22:00,1.009
3/18/2022 23:00,1.062
3/19/2022 0:00,1.135
3/19/2022 1:00,1.19
3/19/2022 2:00,1.234
3/19/2022 3:00,1.304
3/19/2022 4:00,1.407
3/19/2022 5:00,1.478
3/19/2022 6:00,1.598
3/19/2022 7:00,1.712
3/19/2022 8:00,1.837
3/19/2022 9:00,1.779
3/19/2022 10:00,1.755
3/19/2022 11:00,1.805
3/19/2022 12:00,1.958
3/19/2022 13:00,2.187
3/19/2022 14:00,2.367
3/19/2022 15:00,2.16
3/19/2022 16:00,1.463
3/19/2022 17:00,1.457
3/19/2022 18:00,1.508
3/19/2022 19:00,1.526
3/19/2022 20:00,1.501
3/19/2022 21:00,1.557
3/19/2022 22:00,1.561
3/19/2022 23:00,1.553
3/20/2022 0:00,1.483
3/20/2022 1:00,1.344
3/20/2022 2:00,1.281
3/20/2022 3:00,1.241
3/20/2022 4:00,1.221
3/20/2022 5:00,1.428
3/20/2022 6:00,1.976
3/20/2022 7:00,2.52
3/20/2022 8:00,3.015
3/20/2022 9:00,3.225
3/20/2022 10:00,3.32
3/20/2022 11:00,3.357
3/20/2022 12:00,3.338
3/20/2022 13:00,3.26
3/20/2022 14:00,3.098
3/20/2022 15:00,2.694
3/20/2022 16:00,1.796
3/20/2022 17:00,1.529
3/20/2022 18:00,1.459
3/20/2022 19:00,1.383
3/20/2022 20:00,1.319
3/20/2022 21:00,1.267
3/20/2022 22:00,1.243
3/20/2022 23:00,1.173
3/21/2022 0:00,1.097
3/21/2022 1:00,1.072
3/21/2022 2:00,1.062
3/21/2022 3:00,1.059
3/21/2022 4:00,1.053
3/21/2022 5:00,1.113
3/21/2022 6:00,1.67
3/21/2022 7:00,1.918
3/21/2022 8:00,2.198
3/21/2022 9:00,2.236
3/21/2022 10:00,2.261
3/21/2022 11:00,2.257
3/21/2022 12:00,2.231
3/21/2022 13:00,2.176
3/21/2022 14:00,2.063
3/21/2022 15:00,1.622
3/21/2022 16:00,1.034
3/21/2022 17:00,1.196
3/21/2022 18:00,1.212
3/21/2022 19:00,1.208
3/21/2022 20:00,1.182
3/21/2022 21:00,1.143
3/21/2022 22:00,1.079
3/21/2022 23:00,1.004
3/22/2022 0:00,0.957
3/22/2022 1:00,0.917
3/22/2022 2:00,0.892
3/22/2022 3:00,0.898
3/22/2022 4:00,0.934
3/22/2022 5:00,0.906
3/22/2022 6:00,1.172
3/22/2022 7:00,1.494
3/22/2022 8:00,1.869
3/22/2022 9:00,2.089
3/22/2022 10:00,2.17
3/22/2022 11:00,2.176
3/22/2022 12:00,2.124
3/22/2022 13:00,2.019
3/22/2022 14:00,1.845
3/22/2022 15:00,1.256
3/22/2022 16:00,0.909
3/22/2022 17:00,1.045
3/22/2022 18:00,1.02
3/22/2022 19:00,1.025
3/22/2022 20:00,1.044
3/22/2022 21:00,1.06
3/22/2022 22:00,1.053
3/22/2022 23:00,1.021
3/23/2022 0:00,0.978
3/23/2022 1:00,0.928
3/23/2022 2:00,0.885
3/23/2022 3:00,0.874
3/23/2022 4:00,0.897
3/23/2022 5:00,0.865
3/23/2022 6:00,0.792
3/23/2022 7:00,0.96
3/23/2022 8:00,1.067
3/23/2022 9:00,1.369
3/23/2022 10:00,1.444
3/23/2022 11:00,1.471
3/23/2022 12:00,1.466
3/23/2022 13:00,1.417
3/23/2022 14:00,1.303
3/23/2022 15:00,0.849
3/23/2022 16:00,0.912
3/23/2022 17:00,1.158
3/23/2022 18:00,1.136
3/23/2022 19:00,1.119
3/23/2022 20:00,1.148
3/23/2022 21:00,1.189
3/23/2022 22:00,1.217
3/23/2022 23:00,1.243
3/24/2022 0:00,1.267
3/24/2022 1:00,1.291
3/24/2022 2:00,1.314
3/24/2022 3:00,1.357
3/24/2022 4:00,1.428
3/24/2022 5:00,1.565
3/24/2022 6:00,1.742
3/24/2022 7:00,1.681
3/24/2022 8:00,1.564
3/24/2022 9:00,1.613
3/24/2022 10:00,1.6
3/24/2022 11:00,1.633
3/24/2022 12:00,1.693
3/24/2022 13:00,1.721
3/24/2022 14:00,1.661
3/24/2022 15:00,1.159
3/24/2022 16:00,0.933
3/24/2022 17:00,1.21
3/24/2022 18:00,1.215
3/24/2022 19:00,1.172
3/24/2022 20:00,1.124
3/24/2022 21:00,1.063
3/24/2022 22:00,0.992
3/24/2022 23:00,0.919
3/25/2022 0:00,0.907
3/25/2022 1:00,0.944
3/25/2022 2:00,0.972
3/25/2022 3:00,0.97
3/25/2022 4:00,0.982
3/25/2022 5:00,0.974
3/25/2022 6:00,1.116
3/25/2022 7:00,0.976
3/25/2022 8:00,1.046
3/25/2022 9:00,1.148
3/25/2022 10:00,1.214
3/25/2022 11:00,1.276
3/25/2022 12:00,1.333
3/25/2022 13:00,1.384
3/25/2022 14:00,1.372
3/25/2022 15:00,1.067
3/25/2022 16:00,0.848
3/25/2022 17:00,1.122
3/25/2022 18:00,1.144
3/25/2022 19:00,1.101
3/25/2022 20:00,1.029
3/25/2022 21:00,0.983
3/25/2022 22:00,1.012
3/25/2022 23:00,1.064
3/26/2022 0:00,1.11
3/26/2022 1:00,1.132
3/26/2022 2:00,1.138
3/26/2022 3:00,1.138
3/26/2022 4:00,1.156
3/26/2022 5:00,1.186
3/26/2022 6:00,1.32
3/26/2022 7:00,1.133
3/26/2022 8:00,1.058
3/26/2022 9:00,1.097
3/26/2022 10:00,1.237
3/26/2022 11:00,1.381
3/26/2022 12:00,1.463
3/26/2022 13:00,1.499
3/26/2022 14:00,1.502
3/26/2022 15:00,1.138
3/26/2022 16:00,0.84
3/26/2022 17:00,1.123
3/26/2022 18:00,1.134
3/26/2022 19:00,1.166
3/26/2022 20:00,1.186
3/26/2022 21:00,1.22
3/26/2022 22:00,1.269
3/26/2022 23:00,1.284
3/27/2022 0:00,1.242
3/27/2022 1:00,1.199
3/27/2022 2:00,1.196
3/27/2022 3:00,1.176
3/27/2022 4:00,1.142
3/27/2022 5:00,1.202
3/27/2022 6:00,1.174
3/27/2022 7:00,1.26
3/27/2022 8:00,1.302
3/27/2022 9:00,1.385
3/27/2022 10:00,1.528
3/27/2022 11:00,1.579
3/27/2022 12:00,1.488
3/27/2022 13:00,1.357
3/27/2022 14:00,1.266
3/27/2022 15:00,1.146
3/27/2022 16:00,0.741
3/27/2022 17:00,1.014
3/27/2022 18:00,1.016
3/27/2022 19:00,0.985
3/27/2022 20:00,0.953
3/27/2022 21:00,0.918
3/27/2022 22:00,0.895
3/27/2022 23:00,0.882
3/28/2022 0:00,0.917
3/28/2022 1:00,0.972
3/28/2022 2:00,0.998
3/28/2022 3:00,0.977
3/28/2022 4:00,0.93
3/28/2022 5:00,0.766
3/28/2022 6:00,0.651
3/28/2022 7:00,0.735
3/28/2022 8:00,1.044
3/28/2022 9:00,1.175
3/28/2022 10:00,1.256
3/28/2022 11:00,1.298
3/28/2022 12:00,1.317
3/28/2022 13:00,1.301
3/28/2022 14:00,1.22
3/28/2022 15:00,0.883
3/28/2022 16:00,0.535
3/28/2022 17:00,0.818
3/28/2022 18:00,0.977
3/28/2022 19:00,1.087
3/28/2022 20:00,1.182
3/28/2022 21:00,1.289
3/28/2022 22:00,1.375
3/28/2022 23:00,1.393
3/29/2022 0:00,1.385
3/29/2022 1:00,1.386
3/29/2022 2:00,1.387
3/29/2022 3:00,1.39
3/29/2022 4:00,1.397
3/29/2022 5:00,1.462
3/29/2022 6:00,1.587
3/29/2022 7:00,1.595
3/29/2022 8:00,1.731
3/29/2022 9:00,1.878
3/29/2022 10:00,1.968
3/29/2022 11:00,2.038
3/29/2022 12:00,2.094
3/29/2022 13:00,2.074
3/29/2022 14:00,1.738
3/29/2022 15:00,1.103
3/29/2022 16:00,0.916
3/29/2022 17:00,0.99
3/29/2022 18:00,0.995
3/29/2022 19:00,0.955
3/29/2022 20:00,0.915
3/29/2022 21:00,0.868
3/29/2022 22:00,0.843
3/29/2022 23:00,0.817
3/30/2022 0:00,0.788
3/30/2022 1:00,0.775
3/30/2022 2:00,0.783
3/30/2022 3:00,0.785
3/30/2022 4:00,0.752
3/30/2022 5:00,0.853
3/30/2022 6:00,0.972
3/30/2022 7:00,1.263
3/30/2022 8:00,1.51
3/30/2022 9:00,1.691
3/30/2022 10:00,1.838
3/30/2022 11:00,2.019
3/30/2022 12:00,2.166
3/30/2022 13:00,2.198
3/30/2022 14:00,2.103
3/30/2022 15:00,1.78
3/30/2022 16:00,1.368
3/30/2022 17:00,1.312
3/30/2022 18:00,1.248
3/30/2022 19:00,1.092
3/30/2022 20:00,0.988
3/30/2022 21:00,0.899
3/30/2022 22:00,0.849
3/30/2022 23:00,0.79
3/31/2022 0:00,0.816
3/31/2022 1:00,0.776
3/31/2022 2:00,0.822
3/31/2022 3:00,0.956
3/31/2022 4:00,1.149
3/31/2022 5:00,1.24
3/31/2022 6:00,1.308
3/31/2022 7:00,1.509
3/31/2022 8:00,1.717
3/31/2022 9:00,1.845
3/31/2022 10:00,1.883
3/31/2022 11:00,1.902
3/31/2022 12:00,1.912
3/31/2022 13:00,1.865
3/31/2022 14:00,1.817
3/31/2022 15:00,1.845
3/31/2022 16:00,1.837
3/31/2022 17:00,1.884
3/31/2022 18:00,2.001
3/31/2022 19:00,2.035
3/31/2022 20:00,2.014
3/31/2022 21:00,2.014
3/31/2022 22:00,2.004
3/31/2022 23:00,1.983
4/1/2022 0:00,1.934
4/1/2022 1:00,1.921
4/1/2022 2:00,1.942
4/1/2022 3:00,1.909
4/1/2022 4:00,1.881
4/1/2022 5:00,2.02
4/1/2022 6:00,2.248
4/1/2022 7:00,2.288
4/1/2022 8:00,2.232
4/1/2022 9:00,2.218
4/1/2022 10:00,2.304
4/1/2022 11:00,2.392
4/1/2022 12:00,2.428
4/1/2022 13:00,2.411
4/1/2022 14:00,2.395
4/1/2022 15:00,2.35
4/1/2022 16:00,2.153
4/1/2022 17:00,1.888
4/1/2022 18:00,1.98
4/1/2022 19:00,1.976
4/1/2022 20:00,1.939
4/1/2022 21:00,1.849
4/1/2022 22:00,1.866
4/1/2022 23:00,1.907
4/2/2022 0:00,1.946
4/2/2022 1:00,1.96
4/2/2022 2:00,1.954
4/2/2022 3:00,1.935
4/2/2022 4:00,1.805
4/2/2022 5:00,2.022
4/2/2022 6:00,2.427
4/2/2022 7:00,2.573
4/2/2022 8:00,2.548
4/2/2022 9:00,2.531
4/2/2022 10:00,2.546
4/2/2022 11:00,2.579
4/2/2022 12:00,2.64
4/2/2022 13:00,2.668
4/2/2022 14:00,2.62
4/2/2022 15:00,2.466
4/2/2022 16:00,2.07
4/2/2022 17:00,1.733
4/2/2022 18:00,1.805
4/2/2022 19:00,1.948
4/2/2022 20:00,2.111
4/2/2022 21:00,2.188
4/2/2022 22:00,2.186
4/2/2022 23:00,2.168
4/3/2022 0:00,2.167
4/3/2022 1:00,2.169
4/3/2022 2:00,2.136
4/3/2022 3:00,2.043
4/3/2022 4:00,1.973
4/3/2022 5:00,2.146
4/3/2022 6:00,2.564
4/3/2022 7:00,2.808
4/3/2022 8:00,2.89
4/3/2022 9:00,2.879
4/3/2022 10:00,2.821
4/3/2022 11:00,2.74
4/3/2022 12:00,2.66
4/3/2022 13:00,2.571
4/3/2022 14:00,2.43
4/3/2022 15:00,2.202
4/3/2022 16:00,1.58
4/3/2022 17:00,0.952
4/3/2022 18:00,0.934
4/3/2022 19:00,0.869
4/3/2022 20:00,0.782
4/3/2022 21:00,0.705
4/3/2022 22:00,0.673
4/3/2022 23:00,0.687
4/4/2022 0:00,0.721
4/4/2022 1:00,0.772
4/4/2022 2:00,0.83
4/4/2022 3:00,0.857
4/4/2022 4:00,0.886
4/4/2022 5:00,1.285
4/4/2022 6:00,1.562
4/4/2022 7:00,1.678
4/4/2022 8:00,1.797
4/4/2022 9:00,1.963
4/4/2022 10:00,2.126
4/4/2022 11:00,2.263
4/4/2022 12:00,2.364
4/4/2022 13:00,2.428
4/4/2022 14:00,2.442
4/4/2022 15:00,2.305
4/4/2022 16:00,1.526
4/4/2022 17:00,1.254
4/4/2022 18:00,1.408
4/4/2022 19:00,1.507
4/4/2022 20:00,1.586
4/4/2022 21:00,1.685
4/4/2022 22:00,1.749
4/4/2022 23:00,1.825
4/5/2022 0:00,1.942
4/5/2022 1:00,2.098
4/5/2022 2:00,2.204
4/5/2022 3:00,2.248
4/5/2022 4:00,2.291
4/5/2022 5:00,2.494
4/5/2022 6:00,2.707
4/5/2022 7:00,2.944
4/5/2022 8:00,3.231
4/5/2022 9:00,3.352
4/5/2022 10:00,3.36
4/5/2022 11:00,3.299
4/5/2022 12:00,3.209
4/5/2022 13:00,3.091
4/5/2022 14:00,2.848
4/5/2022 15:00,2.474
4/5/2022 16:00,1.945
4/5/2022 17:00,1.66
4/5/2022 18:00,1.655
4/5/2022 19:00,1.618
4/5/2022 20:00,1.57
4/5/2022 21:00,1.558
4/5/2022 22:00,1.517
4/5/2022 23:00,1.447
4/6/2022 0:00,1.387
4/6/2022 1:00,1.317
4/6/2022 2:00,1.233
4/6/2022 3:00,1.148
4/6/2022 4:00,1.12
4/6/2022 5:00,1.267
4/6/2022 6:00,1.562
4/6/2022 7:00,1.785
4/6/2022 8:00,1.928
4/6/2022 9:00,1.973
4/6/2022 10:00,1.978
4/6/2022 11:00,1.995
4/6/2022 12:00,2.022
4/6/2022 13:00,2.009
4/6/2022 14:00,1.906
4/6/2022 15:00,1.584
4/6/2022 16:00,1.121
4/6/2022 17:00,1.141
4/6/2022 18:00,1.256
4/6/2022 19:00,1.246
4/6/2022 20:00,1.184
4/6/2022 21:00,1.056
4/6/2022 22:00,1.005
4/6/2022 23:00,1.074
4/7/2022 0:00,1.249
4/7/2022 1:00,1.574
4/7/2022 2:00,1.655
4/7/2022 3:00,1.576
4/7/2022 4:00,1.567
4/7/2022 5:00,1.833
4/7/2022 6:00,2.238
4/7/2022 7:00,2.91
4/7/2022 8:00,3.125
4/7/2022 9:00,3.067
4/7/2022 10:00,2.917
4/7/2022 11:00,2.867
4/7/2022 12:00,2.899
4/7/2022 13:00,2.913
4/7/2022 14:00,2.743
4/7/2022 15:00,2.301
4/7/2022 16:00,1.946
4/7/2022 17:00,1.843
4/7/2022 18:00,1.812
4/7/2022 19:00,1.83
4/7/2022 20:00,1.91
4/7/2022 21:00,2.011
4/7/2022 22:00,2.15
4/7/2022 23:00,2.287
4/8/2022 0:00,2.484
4/8/2022 1:00,2.267
4/8/2022 2:00,2.097
4/8/2022 3:00,2.194
4/8/2022 4:00,2.209
4/8/2022 5:00,2.493
4/8/2022 6:00,2.901
4/8/2022 7:00,3.081
4/8/2022 8:00,3.123
4/8/2022 9:00,3.122
4/8/2022 10:00,2.97
4/8/2022 11:00,2.64
4/8/2022 12:00,2.461
4/8/2022 13:00,2.636
4/8/2022 14:00,2.938
4/8/2022 15:00,2.803
4/8/2022 16:00,2.119
4/8/2022 17:00,1.64
4/8/2022 18:00,1.558
4/8/2022 19:00,1.443
4/8/2022 20:00,1.302
4/8/2022 21:00,1.251
4/8/2022 22:00,1.291
4/8/2022 23:00,1.434
4/9/2022 0:00,1.674
4/9/2022 1:00,1.894
4/9/2022 2:00,2.064
4/9/2022 3:00,2.03
4/9/2022 4:00,2.372
4/9/2022 5:00,2.966
4/9/2022 6:00,3.65
4/9/2022 7:00,4.393
4/9/2022 8:00,4.395
4/9/2022 9:00,4.152
4/9/2022 10:00,3.865
4/9/2022 11:00,3.573
4/9/2022 12:00,3.405
4/9/2022 13:00,3.223
4/9/2022 14:00,3.017
4/9/2022 15:00,2.673
4/9/2022 16:00,2.034
4/9/2022 17:00,1.486
4/9/2022 18:00,1.442
4/9/2022 19:00,1.399
4/9/2022 20:00,1.325
4/9/2022 21:00,1.372
4/9/2022 22:00,1.453
4/9/2022 23:00,1.539
4/10/2022 0:00,1.607
4/10/2022 1:00,1.652
4/10/2022 2:00,1.69
4/10/2022 3:00,1.622
4/10/2022 4:00,1.61
4/10/2022 5:00,2.055
4/10/2022 6:00,2.668
4/10/2022 7:00,3.047
4/10/2022 8:00,3.23
4/10/2022 9:00,3.309
4/10/2022 10:00,3.311
4/10/2022 11:00,3.26
4/10/2022 12:00,3.163
4/10/2022 13:00,3.039
4/10/2022 14:00,2.897
4/10/2022 15:00,2.621
4/10/2022 16:00,1.925
4/10/2022 17:00,1.166
4/10/2022 18:00,1.034
4/10/2022 19:00,1.009
4/10/2022 20:00,1.037
4/10/2022 21:00,1.081
4/10/2022 22:00,1.156
4/10/2022 23:00,1.232
4/11/2022 0:00,1.268
4/11/2022 1:00,1.248
4/11/2022 2:00,1.23
4/11/2022 3:00,1.163
4/11/2022 4:00,1.108
4/11/2022 5:00,1.255
4/11/2022 6:00,1.205
4/11/2022 7:00,1.21
4/11/2022 8:00,1.09
4/11/2022 9:00,0.958
4/11/2022 10:00,0.878
4/11/2022 11:00,0.87
4/11/2022 12:00,0.918
4/11/2022 13:00,1.002
4/11/2022 14:00,1.124
4/11/2022 15:00,1.255
4/11/2022 16:00,1.1
4/11/2022 17:00,0.969
4/11/2022 18:00,1.126
4/11/2022 19:00,1.217
4/11/2022 20:00,1.223
4/11/2022 21:00,1.201
4/11/2022 22:00,1.124
4/11/2022 23:00,1.048
4/12/2022 0:00,0.991
4/12/2022 1:00,0.933
4/12/2022 2:00,0.921
4/12/2022 3:00,0.934
4/12/2022 4:00,0.895
4/12/2022 5:00,1.058
4/12/2022 6:00,1.198
4/12/2022 7:00,1.569
4/12/2022 8:00,1.885
4/12/2022 9:00,1.997
4/12/2022 10:00,2.003
4/12/2022 11:00,1.999
4/12/2022 12:00,1.976
4/12/2022 13:00,1.949
4/12/2022 14:00,1.933
4/12/2022 15:00,1.884
4/12/2022 16:00,1.389
4/12/2022 17:00,1.201
4/12/2022 18:00,1.28
4/12/2022 19:00,1.266
4/12/2022 20:00,1.203
4/12/2022 21:00,1.129
4/12/2022 22:00,1.088
4/12/2022 23:00,1.06
4/13/2022 0:00,1.032
4/13/2022 1:00,1.015
4/13/2022 2:00,1.034
4/13/2022 3:00,1.09
4/13/2022 4:00,1.191
4/13/2022 5:00,1.527
4/13/2022 6:00,1.626
4/13/2022 7:00,1.971
4/13/2022 8:00,2.316
4/13/2022 9:00,2.501
4/13/2022 10:00,2.594
4/13/2022 11:00,2.622
4/13/2022 12:00,2.589
4/13/2022 13:00,2.499
4/13/2022 14:00,2.364
4/13/2022 15:00,2.141
4/13/2022 16:00,1.486
4/13/2022 17:00,1.216
4/13/2022 18:00,1.34
4/13/2022 19:00,1.362
4/13/2022 20:00,1.338
4/13/2022 21:00,1.254
4/13/2022 22:00,1.197
4/13/2022 23:00,1.149
4/14/2022 0:00,1.112
4/14/2022 1:00,1.112
4/14/2022 2:00,1.074
4/14/2022 3:00,1.096
4/14/2022 4:00,1.171
4/14/2022 5:00,1.522
4/14/2022 6:00,1.684
4/14/2022 7:00,2.161
4/14/2022 8:00,2.46
4/14/2022 9:00,2.483
4/14/2022 10:00,2.433
4/14/2022 11:00,2.357
4/14/2022 12:00,2.276
4/14/2022 13:00,2.187
4/14/2022 14:00,2.079
4/14/2022 15:00,1.878
4/14/2022 16:00,1.375
4/14/2022 17:00,1.26
4/14/2022 18:00,1.355
4/14/2022 19:00,1.311
4/14/2022 20:00,1.188
4/14/2022 21:00,1.08
4/14/2022 22:00,0.991
4/14/2022 23:00,0.952
4/15/2022 0:00,1.002
4/15/2022 1:00,1.063
4/15/2022 2:00,1.129
4/15/2022 3:00,1.396
4/15/2022 4:00,1.523
4/15/2022 5:00,1.523
4/15/2022 6:00,1.643
4/15/2022 7:00,1.683
4/15/2022 8:00,1.706
4/15/2022 9:00,1.793
4/15/2022 10:00,1.894
4/15/2022 11:00,1.987
4/15/2022 12:00,2.048
4/15/2022 13:00,2.069
4/15/2022 14:00,2.012
4/15/2022 15:00,1.827
4/15/2022 16:00,1.325
4/15/2022 17:00,1.371
4/15/2022 18:00,1.741
4/15/2022 19:00,1.853
4/15/2022 20:00,1.635
4/15/2022 21:00,1.507
4/15/2022 22:00,1.519
4/15/2022 23:00,1.576
4/16/2022 0:00,1.595
4/16/2022 1:00,1.593
4/16/2022 2:00,1.631
4/16/2022 3:00,1.705
4/16/2022 4:00,1.814
4/16/2022 5:00,2.256
4/16/2022 6:00,2.815
4/16/2022 7:00,3.068
4/16/2022 8:00,3.2
4/16/2022 9:00,3.32
4/16/2022 10:00,3.45
4/16/2022 11:00,3.577
4/16/2022 12:00,3.642
4/16/2022 13:00,3.621
4/16/2022 14:00,3.539
4/16/2022 15:00,3.408
4/16/2022 16:00,3.088
4/16/2022 17:00,2.412
4/16/2022 18:00,2.205
4/16/2022 19:00,2.115
4/16/2022 20:00,1.97
4/16/2022 21:00,1.831
4/16/2022 22:00,1.729
4/16/2022 23:00,1.585
4/17/2022 0:00,1.476
4/17/2022 1:00,1.469
4/17/2022 2:00,1.46
4/17/2022 3:00,1.416
4/17/2022 4:00,1.476
4/17/2022 5:00,1.805
4/17/2022 6:00,2.24
4/17/2022 7:00,2.584
4/17/2022 8:00,2.636
4/17/2022 9:00,2.628
4/17/2022 10:00,2.632
4/17/2022 11:00,2.661
4/17/2022 12:00,2.707
4/17/2022 13:00,2.757
4/17/2022 14:00,2.76
4/17/2022 15:00,2.639
4/17/2022 16:00,2.169
4/17/2022 17:00,1.182
4/17/2022 18:00,1.116
4/17/2022 19:00,1.083
4/17/2022 20:00,1.029
4/17/2022 21:00,0.996
4/17/2022 22:00,0.976
4/17/2022 23:00,0.928
4/18/2022 0:00,0.895
4/18/2022 1:00,0.896
4/18/2022 2:00,0.885
4/18/2022 3:00,0.885
4/18/2022 4:00,0.917
4/18/2022 5:00,1.238
4/18/2022 6:00,1.471
4/18/2022 7:00,1.765
4/18/2022 8:00,1.911
4/18/2022 9:00,1.997
4/18/2022 10:00,2.038
4/18/2022 11:00,2.043
4/18/2022 12:00,2.011
4/18/2022 13:00,1.97
4/18/2022 14:00,1.89
4/18/2022 15:00,1.733
4/18/2022 16:00,1.135
4/18/2022 17:00,0.666
4/18/2022 18:00,0.736
4/18/2022 19:00,0.689
4/18/2022 20:00,0.637
4/18/2022 21:00,0.599
4/18/2022 22:00,0.564
4/18/2022 23:00,0.578
4/19/2022 0:00,0.631
4/19/2022 1:00,0.64
4/19/2022 2:00,0.657
4/19/2022 3:00,0.675
4/19/2022 4:00,0.69
4/19/2022 5:00,0.972
4/19/2022 6:00,1.16
4/19/2022 7:00,1.251
4/19/2022 8:00,1.297
4/19/2022 9:00,1.291
4/19/2022 10:00,1.282
4/19/2022 11:00,1.269
4/19/2022 12:00,1.226
4/19/2022 13:00,1.255
4/19/2022 14:00,1.4
4/19/2022 15:00,1.471
4/19/2022 16:00,1.257
4/19/2022 17:00,0.874
4/19/2022 18:00,0.785
4/19/2022 19:00,0.756
4/19/2022 20:00,0.775
4/19/2022 21:00,0.744
4/19/2022 22:00,0.731
4/19/2022 23:00,0.757
4/20/2022 0:00,0.812
4/20/2022 1:00,0.895
4/20/2022 2:00,0.952
4/20/2022 3:00,0.965
4/20/2022 4:00,1.024
4/20/2022 5:00,1.383
4/20/2022 6:00,1.391
4/20/2022 7:00,1.295
4/20/2022 8:00,1.194
4/20/2022 9:00,1.095
4/20/2022 10:00,1.006
4/20/2022 11:00,0.932
4/20/2022 12:00,0.887
4/20/2022 13:00,0.889
4/20/2022 14:00,0.912
4/20/2022 15:00,0.94
4/20/2022 16:00,0.821
4/20/2022 17:00,0.737
4/20/2022 18:00,0.974
4/20/2022 19:00,1.002
4/20/2022 20:00,0.979
4/20/2022 21:00,0.952
4/20/2022 22:00,0.912
4/20/2022 23:00,0.886
4/21/2022 0:00,0.861
4/21/2022 1:00,0.836
4/21/2022 2:00,0.842
4/21/2022 3:00,0.828
4/21/2022 4:00,0.794
4/21/2022 5:00,0.808
4/21/2022 6:00,0.934
4/21/2022 7:00,1.25
4/21/2022 8:00,1.47
4/21/2022 9:00,1.656
4/21/2022 10:00,1.791
4/21/2022 11:00,1.892
4/21/2022 12:00,1.971
4/21/2022 13:00,2.03
4/21/2022 14:00,2.062
4/21/2022 15:00,2.037
4/21/2022 16:00,1.625
4/21/2022 17:00,1.061
4/21/2022 18:00,1.152
4/21/2022 19:00,1.165
4/21/2022 20:00,1.101
4/21/2022 21:00,1.022
4/21/2022 22:00,0.949
4/21/2022 23:00,0.88
4/22/2022 0:00,0.851
4/22/2022 1:00,0.852
4/22/2022 2:00,0.857
4/22/2022 3:00,0.89
4/22/2022 4:00,0.975
4/22/2022 5:00,1.411
4/22/2022 6:00,1.588
4/22/2022 7:00,1.891
4/22/2022 8:00,2.127
4/22/2022 9:00,2.289
4/22/2022 10:00,2.418
4/22/2022 11:00,2.456
4/22/2022 12:00,2.371
4/22/2022 13:00,2.256
4/22/2022 14:00,2.16
4/22/2022 15:00,1.973
4/22/2022 16:00,1.734
4/22/2022 17:00,1.479
4/22/2022 18:00,1.424
4/22/2022 19:00,1.313
4/22/2022 20:00,1.15
4/22/2022 21:00,1.057
4/22/2022 22:00,0.992
4/22/2022 23:00,0.962
4/23/2022 0:00,0.925
4/23/2022 1:00,0.884
4/23/2022 2:00,0.844
4/23/2022 3:00,0.834
4/23/2022 4:00,1.014
4/23/2022 5:00,1.236
4/23/2022 6:00,1.341
4/23/2022 7:00,1.388
4/23/2022 8:00,1.406
4/23/2022 9:00,1.372
4/23/2022 10:00,1.404
4/23/2022 11:00,1.579
4/23/2022 12:00,1.749
4/23/2022 13:00,1.887
4/23/2022 14:00,1.987
4/23/2022 15:00,2.008
4/23/2022 16:00,1.795
4/23/2022 17:00,1.358
4/23/2022 18:00,1.375
4/23/2022 19:00,1.421
4/23/2022 20:00,1.434
4/23/2022 21:00,1.374
4/23/2022 22:00,1.354
4/23/2022 23:00,1.316
4/24/2022 0:00,1.329
4/24/2022 1:00,1.434
4/24/2022 2:00,1.473
4/24/2022 3:00,1.514
4/24/2022 4:00,1.666
4/24/2022 5:00,2.061
4/24/2022 6:00,2.424
4/24/2022 7:00,2.78
4/24/2022 8:00,3.052
4/24/2022 9:00,3.116
4/24/2022 10:00,3.068
4/24/2022 11:00,2.975
4/24/2022 12:00,2.88
4/24/2022 13:00,2.782
4/24/2022 14:00,2.611
4/24/2022 15:00,2.258
4/24/2022 16:00,1.606
4/24/2022 17:00,1.006
4/24/2022 18:00,0.923
4/24/2022 19:00,0.942
4/24/2022 20:00,0.968
4/24/2022 21:00,0.963
4/24/2022 22:00,0.902
4/24/2022 23:00,0.86
4/25/2022 0:00,0.872
4/25/2022 1:00,0.902
4/25/2022 2:00,0.948
4/25/2022 3:00,1.048
4/25/2022 4:00,1.148
4/25/2022 5:00,1.551
4/25/2022 6:00,1.974
4/25/2022 7:00,2.381
4/25/2022 8:00,2.641
4/25/2022 9:00,2.803
4/25/2022 10:00,2.858
4/25/2022 11:00,2.837
4/25/2022 12:00,2.75
4/25/2022 13:00,2.593
4/25/2022 14:00,2.371
4/25/2022 15:00,2.065
4/25/2022 16:00,1.544
4/25/2022 17:00,0.815
4/25/2022 18:00,0.837
4/25/2022 19:00,0.923
4/25/2022 20:00,0.987
4/25/2022 21:00,0.954
4/25/2022 22:00,0.898
4/25/2022 23:00,0.86
4/26/2022 0:00,0.842
4/26/2022 1:00,0.81
4/26/2022 2:00,0.771
4/26/2022 3:00,0.722
4/26/2022 4:00,0.724
4/26/2022 5:00,0.961
4/26/2022 6:00,1.027
4/26/2022 7:00,1.118
4/26/2022 8:00,1.211
4/26/2022 9:00,1.308
4/26/2022 10:00,1.371
4/26/2022 11:00,1.408
4/26/2022 12:00,1.435
4/26/2022 13:00,1.426
4/26/2022 14:00,1.398
4/26/2022 15:00,1.284
4/26/2022 16:00,1.036
4/26/2022 17:00,0.686
4/26/2022 18:00,0.688
4/26/2022 19:00,0.634
4/26/2022 20:00,0.664
4/26/2022 21:00,0.718
4/26/2022 22:00,0.776
4/26/2022 23:00,0.833
4/27/2022 0:00,0.887
4/27/2022 1:00,1.031
4/27/2022 2:00,1.234
4/27/2022 3:00,1.328
4/27/2022 4:00,1.439
4/27/2022 5:00,1.627
4/27/2022 6:00,1.764
4/27/2022 7:00,1.965
4/27/2022 8:00,2.205
4/27/2022 9:00,2.308
4/27/2022 10:00,2.317
4/27/2022 11:00,2.302
4/27/2022 12:00,2.264
4/27/2022 13:00,2.202
4/27/2022 14:00,2.094
4/27/2022 15:00,1.87
4/27/2022 16:00,1.476
4/27/2022 17:00,1.143
4/27/2022 18:00,1.212
4/27/2022 19:00,1.299
4/27/2022 20:00,1.361
4/27/2022 21:00,1.371
4/27/2022 22:00,1.279
4/27/2022 23:00,1.22
4/28/2022 0:00,1.182
4/28/2022 1:00,1.169
4/28/2022 2:00,1.199
4/28/2022 3:00,1.236
4/28/2022 4:00,1.404
4/28/2022 5:00,1.687
4/28/2022 6:00,1.853
4/28/2022 7:00,2.405
4/28/2022 8:00,2.551
4/28/2022 9:00,2.563
4/28/2022 10:00,2.501
4/28/2022 11:00,2.442
4/28/2022 12:00,2.404
4/28/2022 13:00,2.364
4/28/2022 14:00,2.296
4/28/2022 15:00,2.166
4/28/2022 16:00,1.633
4/28/2022 17:00,0.97
4/28/2022 18:00,1.096
4/28/2022 19:00,1.152
4/28/2022 20:00,1.132
4/28/2022 21:00,1.13
4/28/2022 22:00,1.126
4/28/2022 23:00,1.127
4/29/2022 0:00,1.124
4/29/2022 1:00,1.108
4/29/2022 2:00,1.103
4/29/2022 3:00,1.101
4/29/2022 4:00,1.11
4/29/2022 5:00,1.236
4/29/2022 6:00,1.213
4/29/2022 7:00,1.466
4/29/2022 8:00,1.494
4/29/2022 9:00,1.436
4/29/2022 10:00,1.408
4/29/2022 11:00,1.431
4/29/2022 12:00,1.485
4/29/2022 13:00,1.526
4/29/2022 14:00,1.531
4/29/2022 15:00,1.452
4/29/2022 16:00,1.076
4/29/2022 17:00,0.696
4/29/2022 18:00,0.952
4/29/2022 19:00,0.967
4/29/2022 20:00,0.934
4/29/2022 21:00,0.891
4/29/2022 22:00,0.835
4/29/2022 23:00,0.764
4/30/2022 0:00,0.717
4/30/2022 1:00,0.699
4/30/2022 2:00,0.686
4/30/2022 3:00,0.68
4/30/2022 4:00,0.655
4/30/2022 5:00,0.815
4/30/2022 6:00,0.711
4/30/2022 7:00,1.147
4/30/2022 8:00,1.412
4/30/2022 9:00,1.55
4/30/2022 10:00,1.64
4/30/2022 11:00,1.703
4/30/2022 12:00,1.738
4/30/2022 13:00,1.739
4/30/2022 14:00,1.712
4/30/2022 15:00,1.598
4/30/2022 16:00,1.171
4/30/2022 17:00,0.736
4/30/2022 18:00,0.807
4/30/2022 19:00,0.828
4/30/2022 20:00,0.834
4/30/2022 21:00,0.87
4/30/2022 22:00,0.898
4/30/2022 23:00,0.881
5/1/2022 0:00,0.812
5/1/2022 1:00,0.723
5/1/2022 2:00,0.632
5/1/2022 3:00,0.608
5/1/2022 4:00,0.638
5/1/2022 5:00,0.99
5/1/2022 6:00,1.008
5/1/2022 7:00,0.886
5/1/2022 8:00,0.784
5/1/2022 9:00,0.921
5/1/2022 10:00,1.044
5/1/2022 11:00,1.024
5/1/2022 12:00,0.947
5/1/2022 13:00,0.839
5/1/2022 14:00,0.752
5/1/2022 15:00,0.674
5/1/2022 16:00,0.545
5/1/2022 17:00,0.529
5/1/2022 18:00,0.655
5/1/2022 19:00,0.733
5/1/2022 20:00,0.783
5/1/2022 21:00,0.826
5/1/2022 22:00,0.831
5/1/2022 23:00,0.8
5/2/2022 0:00,0.76
5/2/2022 1:00,0.752
5/2/2022 2:00,0.738
5/2/2022 3:00,0.68
5/2/2022 4:00,0.574
5/2/2022 5:00,0.681
5/2/2022 6:00,0.684
5/2/2022 7:00,1.031
5/2/2022 8:00,1.366
5/2/2022 9:00,1.527
5/2/2022 10:00,1.589
5/2/2022 11:00,1.58
5/2/2022 12:00,1.518
5/2/2022 13:00,1.408
5/2/2022 14:00,1.258
5/2/2022 15:00,1.051
5/2/2022 16:00,0.733
5/2/2022 17:00,0.566
5/2/2022 18:00,0.726
5/2/2022 19:00,0.782
5/2/2022 20:00,0.801
5/2/2022 21:00,0.8
5/2/2022 22:00,0.779
5/2/2022 23:00,0.806
5/3/2022 0:00,0.847
5/3/2022 1:00,0.862
5/3/2022 2:00,0.86
5/3/2022 3:00,0.843
5/3/2022 4:00,0.711
5/3/2022 5:00,0.915
5/3/2022 6:00,0.643
5/3/2022 7:00,0.509
5/3/2022 8:00,0.732
5/3/2022 9:00,0.916
5/3/2022 10:00,1.049
5/3/2022 11:00,1.126
5/3/2022 12:00,1.153
5/3/2022 13:00,1.154
5/3/2022 14:00,1.137
5/3/2022 15:00,1.072
5/3/2022 16:00,0.842
5/3/2022 17:00,0.612
5/3/2022 18:00,0.769
5/3/2022 19:00,0.771
5/3/2022 20:00,0.817
5/3/2022 21:00,0.839
5/3/2022 22:00,0.852
5/3/2022 23:00,0.865
5/4/2022 0:00,0.866
5/4/2022 1:00,0.876
5/4/2022 2:00,0.877
5/4/2022 3:00,0.846
5/4/2022 4:00,0.687
5/4/2022 5:00,0.696
5/4/2022 6:00,0.515
5/4/2022 7:00,0.531
5/4/2022 8:00,0.63
5/4/2022 9:00,0.781
5/4/2022 10:00,0.939
5/4/2022 11:00,1.043
5/4/2022 12:00,1.1
5/4/2022 13:00,1.122
5/4/2022 14:00,1.117
5/4/2022 15:00,1.025
5/4/2022 16:00,0.744
5/4/2022 17:00,0.535
5/4/2022 18:00,0.706
5/4/2022 19:00,0.747
5/4/2022 20:00,0.783
5/4/2022 21:00,0.794
5/4/2022 22:00,0.784
5/4/2022 23:00,0.802
5/5/2022 0:00,0.821
5/5/2022 1:00,0.813
5/5/2022 2:00,0.777
5/5/2022 3:00,0.706
5/5/2022 4:00,0.6
5/5/2022 5:00,0.72
5/5/2022 6:00,0.691
5/5/2022 7:00,0.634
5/5/2022 8:00,0.585
5/5/2022 9:00,0.683
5/5/2022 10:00,0.941
5/5/2022 11:00,1.051
5/5/2022 12:00,1.042
5/5/2022 13:00,0.993
5/5/2022 14:00,0.983
5/5/2022 15:00,1.025
5/5/2022 16:00,0.875
5/5/2022 17:00,0.623
5/5/2022 18:00,0.761
5/5/2022 19:00,0.801
5/5/2022 20:00,0.823
5/5/2022 21:00,0.834
5/5/2022 22:00,0.815
5/5/2022 23:00,0.802
5/6/2022 0:00,0.779
5/6/2022 1:00,0.718
5/6/2022 2:00,0.655
5/6/2022 3:00,0.654
5/6/2022 4:00,0.596
5/6/2022 5:00,0.591
5/6/2022 6:00,0.606
5/6/2022 7:00,0.792
5/6/2022 8:00,0.934
5/6/2022 9:00,1.038
5/6/2022 10:00,1.092
5/6/2022 11:00,1.146
5/6/2022 12:00,1.183
5/6/2022 13:00,1.187
5/6/2022 14:00,1.158
5/6/2022 15:00,1.083
5/6/2022 16:00,0.942
5/6/2022 17:00,0.91
5/6/2022 18:00,1.031
5/6/2022 19:00,1.093
5/6/2022 20:00,1.054
5/6/2022 21:00,0.936
5/6/2022 22:00,0.812
5/6/2022 23:00,0.745
5/7/2022 0:00,0.721
5/7/2022 1:00,0.725
5/7/2022 2:00,0.723
5/7/2022 3:00,0.731
5/7/2022 4:00,0.912
5/7/2022 5:00,1.177
5/7/2022 6:00,1.219
5/7/2022 7:00,1.247
5/7/2022 8:00,1.222
5/7/2022 9:00,1.233
5/7/2022 10:00,1.29
5/7/2022 11:00,1.367
5/7/2022 12:00,1.414
5/7/2022 13:00,1.405
5/7/2022 14:00,1.357
5/7/2022 15:00,1.199
5/7/2022 16:00,0.887
5/7/2022 17:00,0.607
5/7/2022 18:00,0.67
5/7/2022 19:00,0.776
5/7/2022 20:00,0.86
5/7/2022 21:00,0.825
5/7/2022 22:00,0.76
5/7/2022 23:00,0.733
5/8/2022 0:00,0.727
5/8/2022 1:00,0.738
5/8/2022 2:00,0.755
5/8/2022 3:00,0.773
5/8/2022 4:00,0.985
5/8/2022 5:00,1.301
5/8/2022 6:00,1.353
5/8/2022 7:00,1.433
5/8/2022 8:00,1.417
5/8/2022 9:00,1.332
5/8/2022 10:00,1.26
5/8/2022 11:00,1.226
5/8/2022 12:00,1.21
5/8/2022 13:00,1.199
5/8/2022 14:00,1.186
5/8/2022 15:00,1.141
5/8/2022 16:00,0.94
5/8/2022 17:00,0.609
5/8/2022 18:00,0.706
5/8/2022 19:00,0.745
5/8/2022 20:00,0.798
5/8/2022 21:00,0.844
5/8/2022 22:00,0.876
5/8/2022 23:00,0.906
5/9/2022 0:00,0.955
5/9/2022 1:00,0.979
5/9/2022 2:00,0.978
5/9/2022 3:00,1.009
5/9/2022 4:00,1.203
5/9/2022 5:00,1.329
5/9/2022 6:00,1.321
5/9/2022 7:00,1.354
5/9/2022 8:00,1.405
5/9/2022 9:00,1.458
5/9/2022 10:00,1.48
5/9/2022 11:00,1.492
5/9/2022 12:00,1.487
5/9/2022 13:00,1.469
5/9/2022 14:00,1.42
5/9/2022 15:00,1.334
5/9/2022 16:00,1.048
5/9/2022 17:00,0.668
5/9/2022 18:00,0.835
5/9/2022 19:00,0.864
5/9/2022 20:00,0.858
5/9/2022 21:00,0.867
5/9/2022 22:00,0.877
5/9/2022 23:00,0.877
5/10/2022 0:00,0.874
5/10/2022 1:00,0.875
5/10/2022 2:00,0.87
5/10/2022 3:00,0.852
5/10/2022 4:00,0.745
5/10/2022 5:00,0.881
5/10/2022 6:00,0.727
5/10/2022 7:00,0.775
5/10/2022 8:00,0.853
5/10/2022 9:00,0.863
5/10/2022 10:00,0.839
5/10/2022 11:00,0.805
5/10/2022 12:00,0.79
5/10/2022 13:00,0.782
5/10/2022 14:00,0.759
5/10/2022 15:00,0.699
5/10/2022 16:00,0.57
5/10/2022 17:00,0.452
5/10/2022 18:00,0.743
5/10/2022 19:00,0.886
5/10/2022 20:00,0.992
5/10/2022 21:00,1.045
5/10/2022 22:00,1.08
5/10/2022 23:00,1.085
5/11/2022 0:00,1.07
5/11/2022 1:00,1.058
5/11/2022 2:00,1.065
5/11/2022 3:00,1.074
5/11/2022 4:00,0.92
5/11/2022 5:00,1.209
5/11/2022 6:00,1.102
5/11/2022 7:00,1.022
5/11/2022 8:00,1.015
5/11/2022 9:00,1.121
5/11/2022 10:00,1.216
5/11/2022 11:00,1.258
5/11/2022 12:00,1.264
5/11/2022 13:00,1.252
5/11/2022 14:00,1.206
5/11/2022 15:00,1.135
5/11/2022 16:00,0.995
5/11/2022 17:00,0.707
5/11/2022 18:00,0.91
5/11/2022 19:00,1.028
5/11/2022 20:00,1.193
5/11/2022 21:00,1.2
5/11/2022 22:00,1.148
5/11/2022 23:00,1.109
5/12/2022 0:00,1.094
5/12/2022 1:00,1.115
5/12/2022 2:00,1.123
5/12/2022 3:00,1.116
5/12/2022 4:00,1.149
5/12/2022 5:00,1.494
5/12/2022 6:00,1.663
5/12/2022 7:00,2.155
5/12/2022 8:00,2.477
5/12/2022 9:00,2.571
5/12/2022 10:00,2.565
5/12/2022 11:00,2.569
5/12/2022 12:00,2.515
5/12/2022 13:00,2.399
5/12/2022 14:00,2.207
5/12/2022 15:00,1.899
5/12/2022 16:00,1.325
5/12/2022 17:00,0.718
5/12/2022 18:00,0.76
5/12/2022 19:00,0.774
5/12/2022 20:00,0.887
5/12/2022 21:00,0.933
5/12/2022 22:00,0.931
5/12/2022 23:00,0.918
5/13/2022 0:00,0.925
5/13/2022 1:00,0.974
5/13/2022 2:00,0.997
5/13/2022 3:00,1.03
5/13/2022 4:00,1.287
5/13/2022 5:00,1.524
5/13/2022 6:00,1.647
5/13/2022 7:00,1.817
5/13/2022 8:00,1.956
5/13/2022 9:00,1.972
5/13/2022 10:00,1.977
5/13/2022 11:00,2.006
5/13/2022 12:00,2.014
5/13/2022 13:00,2.03
5/13/2022 14:00,2.021
5/13/2022 15:00,2.071
5/13/2022 16:00,1.868
5/13/2022 17:00,1.301
5/13/2022 18:00,1.096
5/13/2022 19:00,1.243
5/13/2022 20:00,1.307
5/13/2022 21:00,1.379
5/13/2022 22:00,1.347
5/13/2022 23:00,1.257
5/14/2022 0:00,1.148
5/14/2022 1:00,1.083
5/14/2022 2:00,1.07
5/14/2022 3:00,1.064
5/14/2022 4:00,1.184
5/14/2022 5:00,1.226
5/14/2022 6:00,1.153
5/14/2022 7:00,1.263
5/14/2022 8:00,1.329
5/14/2022 9:00,1.384
5/14/2022 10:00,1.449
5/14/2022 11:00,1.483
5/14/2022 12:00,1.489
5/14/2022 13:00,1.461
5/14/2022 14:00,1.406
5/14/2022 15:00,1.325
5/14/2022 16:00,1.058
5/14/2022 17:00,0.624
5/14/2022 18:00,0.756
5/14/2022 19:00,0.743
5/14/2022 20:00,0.704
5/14/2022 21:00,0.759
5/14/2022 22:00,0.866
5/14/2022 23:00,0.935
5/15/2022 0:00,0.961
5/15/2022 1:00,0.99
5/15/2022 2:00,0.999
5/15/2022 3:00,0.982
5/15/2022 4:00,0.797
5/15/2022 5:00,0.877
5/15/2022 6:00,0.591
5/15/2022 7:00,0.5
5/15/2022 8:00,0.501
5/15/2022 9:00,0.566
5/15/2022 10:00,0.639
5/15/2022 11:00,0.72
5/15/2022 12:00,0.813
5/15/2022 13:00,0.903
5/15/2022 14:00,0.992
5/15/2022 15:00,1.027
5/15/2022 16:00,0.955
5/15/2022 17:00,0.64
5/15/2022 18:00,0.767
5/15/2022 19:00,0.853
5/15/2022 20:00,0.879
5/15/2022 21:00,0.891
5/15/2022 22:00,0.895
5/15/2022 23:00,0.895
5/16/2022 0:00,0.884
5/16/2022 1:00,0.862
5/16/2022 2:00,0.837
5/16/2022 3:00,0.81
5/16/2022 4:00,0.928
5/16/2022 5:00,1.036
5/16/2022 6:00,1.168
5/16/2022 7:00,1.367
5/16/2022 8:00,1.381
5/16/2022 9:00,1.297
5/16/2022 10:00,1.207
5/16/2022 11:00,1.122
5/16/2022 12:00,1.041
5/16/2022 13:00,0.944
5/16/2022 14:00,0.821
5/16/2022 15:00,0.677
5/16/2022 16:00,0.626
5/16/2022 17:00,0.572
5/16/2022 18:00,0.752
5/16/2022 19:00,0.991
5/16/2022 20:00,1.228
5/16/2022 21:00,1.427
5/16/2022 22:00,1.482
5/16/2022 23:00,1.377
5/17/2022 0:00,1.304
5/17/2022 1:00,1.266
5/17/2022 2:00,1.355
5/17/2022 3:00,1.371
5/17/2022 4:00,1.577
5/17/2022 5:00,1.793
5/17/2022 6:00,2.154
5/17/2022 7:00,2.398
5/17/2022 8:00,2.546
5/17/2022 9:00,2.633
5/17/2022 10:00,2.665
5/17/2022 11:00,2.656
5/17/2022 12:00,2.719
5/17/2022 13:00,2.841
5/17/2022 14:00,2.881
5/17/2022 15:00,2.75
5/17/2022 16:00,2.477
5/17/2022 17:00,1.914
5/17/2022 18:00,1.512
5/17/2022 19:00,1.33
5/17/2022 20:00,1.202
5/17/2022 21:00,1.112
5/17/2022 22:00,1.086
5/17/2022 23:00,1.086
5/18/2022 0:00,1.1
5/18/2022 1:00,1.12
5/18/2022 2:00,1.133
5/18/2022 3:00,1.131
5/18/2022 4:00,1.321
5/18/2022 5:00,1.41
5/18/2022 6:00,1.701
5/18/2022 7:00,1.783
5/18/2022 8:00,1.827
5/18/2022 9:00,1.873
5/18/2022 10:00,1.887
5/18/2022 11:00,1.872
5/18/2022 12:00,1.826
5/18/2022 13:00,1.748
5/18/2022 14:00,1.651
5/18/2022 15:00,1.506
5/18/2022 16:00,1.292
5/18/2022 17:00,0.79
5/18/2022 18:00,0.869
5/18/2022 19:00,0.981
5/18/2022 20:00,1.009
5/18/2022 21:00,1.013
5/18/2022 22:00,0.991
5/18/2022 23:00,0.965
5/19/2022 0:00,0.958
5/19/2022 1:00,0.968
5/19/2022 2:00,0.983
5/19/2022 3:00,0.992
5/19/2022 4:00,1.186
5/19/2022 5:00,1.657
5/19/2022 6:00,2.105
5/19/2022 7:00,2.398
5/19/2022 8:00,2.462
5/19/2022 9:00,2.451
5/19/2022 10:00,2.381
5/19/2022 11:00,2.312
5/19/2022 12:00,2.244
5/19/2022 13:00,2.159
5/19/2022 14:00,2.061
5/19/2022 15:00,1.973
5/19/2022 16:00,1.784
5/19/2022 17:00,1.457
5/19/2022 18:00,1.388
5/19/2022 19:00,1.506
5/19/2022 20:00,1.547
5/19/2022 21:00,1.409
5/19/2022 22:00,1.191
5/19/2022 23:00,1.069
5/20/2022 0:00,0.965
5/20/2022 1:00,0.88
5/20/2022 2:00,0.887
5/20/2022 3:00,0.934
5/20/2022 4:00,0.963
5/20/2022 5:00,1.224
5/20/2022 6:00,1.375
5/20/2022 7:00,1.456
5/20/2022 8:00,1.288
5/20/2022 9:00,1.101
5/20/2022 10:00,0.917
5/20/2022 11:00,0.789
5/20/2022 12:00,0.888
5/20/2022 13:00,1.029
5/20/2022 14:00,1.166
5/20/2022 15:00,1.377
5/20/2022 16:00,1.522
5/20/2022 17:00,1.481
5/20/2022 18:00,1.557
5/20/2022 19:00,1.61
5/20/2022 20:00,1.914
5/20/2022 21:00,2.095
5/20/2022 22:00,2.046
5/20/2022 23:00,2.548
5/21/2022 0:00,2.667
5/21/2022 1:00,2.061
5/21/2022 2:00,1.616
5/21/2022 3:00,1.643
5/21/2022 4:00,1.806
5/21/2022 5:00,2.19
5/21/2022 6:00,2.681
5/21/2022 7:00,3.01
5/21/2022 8:00,3.077
5/21/2022 9:00,3.077
5/21/2022 10:00,3.072
5/21/2022 11:00,3.051
5/21/2022 12:00,3.004
5/21/2022 13:00,2.935
5/21/2022 14:00,2.805
5/21/2022 15:00,2.623
5/21/2022 16:00,2.325
5/21/2022 17:00,1.746
5/21/2022 18:00,1.253
5/21/2022 19:00,1.213
5/21/2022 20:00,1.19
5/21/2022 21:00,1.176
5/21/2022 22:00,1.111
5/21/2022 23:00,1.031
5/22/2022 0:00,0.961
5/22/2022 1:00,0.909
5/22/2022 2:00,0.855
5/22/2022 3:00,0.809
5/22/2022 4:00,0.952
5/22/2022 5:00,1.011
5/22/2022 6:00,1.081
5/22/2022 7:00,1.231
5/22/2022 8:00,1.386
5/22/2022 9:00,1.513
5/22/2022 10:00,1.583
5/22/2022 11:00,1.644
5/22/2022 12:00,1.797
5/22/2022 13:00,1.8
5/22/2022 14:00,1.721
5/22/2022 15:00,1.599
5/22/2022 16:00,1.358
5/22/2022 17:00,0.893
5/22/2022 18:00,0.805
5/22/2022 19:00,0.853
5/22/2022 20:00,0.883
5/22/2022 21:00,0.892
5/22/2022 22:00,0.826
5/22/2022 23:00,0.743
5/23/2022 0:00,0.777
5/23/2022 1:00,0.799
5/23/2022 2:00,0.806
5/23/2022 3:00,0.793
5/23/2022 4:00,1.113
5/23/2022 5:00,1.291
5/23/2022 6:00,1.673
5/23/2022 7:00,1.777
5/23/2022 8:00,1.816
5/23/2022 9:00,1.819
5/23/2022 10:00,1.793
5/23/2022 11:00,1.821
5/23/2022 12:00,1.857
5/23/2022 13:00,1.889
5/23/2022 14:00,1.944
5/23/2022 15:00,1.935
5/23/2022 16:00,1.856
5/23/2022 17:00,1.49
5/23/2022 18:00,1.204
5/23/2022 19:00,1.277
5/23/2022 20:00,1.337
5/23/2022 21:00,1.352
5/23/2022 22:00,1.364
5/23/2022 23:00,1.344
5/24/2022 0:00,1.208
5/24/2022 1:00,1.042
5/24/2022 2:00,0.838
5/24/2022 3:00,0.755
5/24/2022 4:00,0.945
5/24/2022 5:00,1.098
5/24/2022 6:00,0.994
5/24/2022 7:00,0.86
5/24/2022 8:00,0.88
5/24/2022 9:00,1.012
5/24/2022 10:00,1.121
5/24/2022 11:00,1.206
5/24/2022 12:00,1.265
5/24/2022 13:00,1.293
5/24/2022 14:00,1.293
5/24/2022 15:00,1.219
5/24/2022 16:00,1.057
5/24/2022 17:00,0.852
5/24/2022 18:00,0.77
5/24/2022 19:00,0.825
5/24/2022 20:00,0.798
5/24/2022 21:00,0.759
5/24/2022 22:00,0.748
5/24/2022 23:00,0.738
5/25/2022 0:00,0.756
5/25/2022 1:00,0.793
5/25/2022 2:00,0.833
5/25/2022 3:00,0.858
5/25/2022 4:00,0.933
5/25/2022 5:00,0.824
5/25/2022 6:00,0.968
5/25/2022 7:00,1.235
5/25/2022 8:00,1.504
5/25/2022 9:00,1.798
5/25/2022 10:00,2.046
5/25/2022 11:00,2.166
5/25/2022 12:00,2.233
5/25/2022 13:00,2.289
5/25/2022 14:00,2.241
5/25/2022 15:00,2.058
5/25/2022 16:00,1.745
5/25/2022 17:00,1.254
5/25/2022 18:00,0.868
5/25/2022 19:00,0.77
5/25/2022 20:00,0.701
5/25/2022 21:00,0.708
5/25/2022 22:00,0.766
5/25/2022 23:00,0.81
5/26/2022 0:00,0.863
5/26/2022 1:00,0.927
5/26/2022 2:00,0.986
5/26/2022 3:00,1.033
5/26/2022 4:00,1.315
5/26/2022 5:00,1.407
5/26/2022 6:00,1.532
5/26/2022 7:00,1.679
5/26/2022 8:00,1.848
5/26/2022 9:00,2.016
5/26/2022 10:00,2.176
5/26/2022 11:00,2.299
5/26/2022 12:00,2.381
5/26/2022 13:00,2.423
5/26/2022 14:00,2.367
5/26/2022 15:00,2.191
5/26/2022 16:00,1.881
5/26/2022 17:00,1.199
5/26/2022 18:00,0.76
5/26/2022 19:00,0.796
5/26/2022 20:00,0.788
5/26/2022 21:00,0.848
5/26/2022 22:00,0.901
5/26/2022 23:00,0.926
5/27/2022 0:00,0.928
5/27/2022 1:00,0.925
5/27/2022 2:00,0.932
5/27/2022 3:00,0.961
5/27/2022 4:00,1.287
5/27/2022 5:00,1.504
5/27/2022 6:00,2.06
5/27/2022 7:00,2.369
5/27/2022 8:00,2.582
5/27/2022 9:00,2.659
5/27/2022 10:00,2.707
5/27/2022 11:00,2.778
5/27/2022 12:00,2.835
5/27/2022 13:00,2.868
5/27/2022 14:00,2.841
5/27/2022 15:00,2.789
5/27/2022 16:00,2.606
5/27/2022 17:00,2.277
5/27/2022 18:00,1.774
5/27/2022 19:00,1.458
5/27/2022 20:00,1.282
5/27/2022 21:00,1.238
5/27/2022 22:00,1.229
5/27/2022 23:00,1.207
5/28/2022 0:00,1.163
5/28/2022 1:00,1.206
5/28/2022 2:00,1.199
5/28/2022 3:00,1.209
5/28/2022 4:00,1.476
5/28/2022 5:00,1.759
5/28/2022 6:00,1.962
5/28/2022 7:00,2.162
5/28/2022 8:00,2.328
5/28/2022 9:00,2.435
5/28/2022 10:00,2.511
5/28/2022 11:00,2.55
5/28/2022 12:00,2.563
5/28/2022 13:00,2.525
5/28/2022 14:00,2.404
5/28/2022 15:00,2.219
5/28/2022 16:00,1.941
5/28/2022 17:00,1.313
5/28/2022 18:00,0.667
5/28/2022 19:00,0.689
5/28/2022 20:00,0.669
5/28/2022 21:00,0.66
5/28/2022 22:00,0.654
5/28/2022 23:00,0.669
5/29/2022 0:00,0.692
5/29/2022 1:00,0.701
5/29/2022 2:00,0.667
5/29/2022 3:00,0.592
5/29/2022 4:00,0.654
5/29/2022 5:00,1.021
5/29/2022 6:00,1.38
5/29/2022 7:00,1.552
5/29/2022 8:00,1.663
5/29/2022 9:00,1.74
5/29/2022 10:00,1.765
5/29/2022 11:00,1.739
5/29/2022 12:00,1.674
5/29/2022 13:00,1.51
5/29/2022 14:00,1.331
5/29/2022 15:00,1.224
5/29/2022 16:00,0.994
5/29/2022 17:00,0.715
5/29/2022 18:00,0.358
5/29/2022 19:00,0.42
5/29/2022 20:00,0.481
5/29/2022 21:00,0.511
5/29/2022 22:00,0.577
5/29/2022 23:00,0.647
5/30/2022 0:00,0.677
5/30/2022 1:00,0.689
5/30/2022 2:00,0.698
5/30/2022 3:00,0.67
5/30/2022 4:00,0.94
5/30/2022 5:00,0.885
5/30/2022 6:00,0.849
5/30/2022 7:00,0.829
5/30/2022 8:00,0.777
5/30/2022 9:00,0.724
5/30/2022 10:00,0.768
5/30/2022 11:00,0.874
5/30/2022 12:00,0.992
5/30/2022 13:00,1.098
5/30/2022 14:00,1.146
5/30/2022 15:00,1.089
5/30/2022 16:00,1.015
5/30/2022 17:00,0.725
5/30/2022 18:00,0.61
5/30/2022 19:00,0.763
5/30/2022 20:00,0.822
5/30/2022 21:00,0.781
5/30/2022 22:00,0.748
5/30/2022 23:00,0.759
5/31/2022 0:00,0.757
5/31/2022 1:00,0.741
5/31/2022 2:00,0.718
5/31/2022 3:00,0.61
5/31/2022 4:00,0.59
5/31/2022 5:00,0.687
5/31/2022 6:00,1.411
5/31/2022 7:00,1.682
5/31/2022 8:00,1.79
5/31/2022 9:00,1.864
5/31/2022 10:00,1.911
5/31/2022 11:00,1.921
5/31/2022 12:00,1.832
5/31/2022 13:00,1.689
5/31/2022 14:00,1.551
5/31/2022 15:00,1.512
5/31/2022 16:00,1.591
5/31/2022 17:00,1.468
5/31/2022 18:00,1.189
5/31/2022 19:00,1.173
5/31/2022 20:00,1.063
5/31/2022 21:00,0.965
5/31/2022 22:00,1.021
5/31/2022 23:00,1.147
6/1/2022 0:00,1.139
6/1/2022 1:00,1.126
6/1/2022 2:00,1.098
6/1/2022 3:00,1.11
6/1/2022 4:00,1.377
6/1/2022 5:00,1.472
6/1/2022 6:00,1.781
6/1/2022 7:00,1.789
6/1/2022 8:00,1.736
6/1/2022 9:00,1.763
6/1/2022 10:00,1.757
6/1/2022 11:00,1.662
6/1/2022 12:00,1.46
6/1/2022 13:00,1.246
6/1/2022 14:00,1.148
6/1/2022 15:00,1.149
6/1/2022 16:00,1.044
6/1/2022 17:00,0.74
6/1/2022 18:00,0.673
6/1/2022 19:00,0.755
6/1/2022 20:00,0.768
6/1/2022 21:00,0.702
6/1/2022 22:00,0.819
6/1/2022 23:00,0.941
6/2/2022 0:00,0.941
6/2/2022 1:00,0.851
6/2/2022 2:00,0.827
6/2/2022 3:00,0.871
6/2/2022 4:00,1.215
6/2/2022 5:00,1.382
6/2/2022 6:00,1.541
6/2/2022 7:00,1.527
6/2/2022 8:00,1.415
6/2/2022 9:00,1.323
6/2/2022 10:00,1.277
6/2/2022 11:00,1.215
6/2/2022 12:00,1.114
6/2/2022 13:00,0.996
6/2/2022 14:00,0.892
6/2/2022 15:00,0.805
6/2/2022 16:00,0.717
6/2/2022 17:00,0.534
6/2/2022 18:00,0.548
6/2/2022 19:00,0.674
6/2/2022 20:00,0.819
6/2/2022 21:00,0.866
6/2/2022 22:00,0.778
6/2/2022 23:00,0.685
6/3/2022 0:00,0.63
6/3/2022 1:00,0.591
6/3/2022 2:00,0.559
6/3/2022 3:00,0.596
6/3/2022 4:00,0.865
6/3/2022 5:00,1.156
6/3/2022 6:00,1.57
6/3/2022 7:00,1.727
6/3/2022 8:00,1.831
6/3/2022 9:00,1.979
6/3/2022 10:00,2.121
6/3/2022 11:00,2.204
6/3/2022 12:00,2.232
6/3/2022 13:00,2.181
6/3/2022 14:00,2.027
6/3/2022 15:00,1.762
6/3/2022 16:00,1.434
6/3/2022 17:00,1.124
6/3/2022 18:00,0.99
6/3/2022 19:00,0.995
6/3/2022 20:00,1.001
6/3/2022 21:00,1.008
6/3/2022 22:00,0.974
6/3/2022 23:00,0.862
6/4/2022 0:00,0.797
6/4/2022 1:00,0.745
6/4/2022 2:00,0.771
6/4/2022 3:00,0.85
6/4/2022 4:00,1.202
6/4/2022 5:00,1.454
6/4/2022 6:00,1.68
6/4/2022 7:00,1.783
6/4/2022 8:00,1.806
6/4/2022 9:00,1.719
6/4/2022 10:00,1.582
6/4/2022 11:00,1.529
6/4/2022 12:00,1.554
6/4/2022 13:00,1.561
6/4/2022 14:00,1.5
6/4/2022 15:00,1.452
6/4/2022 16:00,1.277
6/4/2022 17:00,0.839
6/4/2022 18:00,0.673
6/4/2022 19:00,0.854
6/4/2022 20:00,0.994
6/4/2022 21:00,1.027
6/4/2022 22:00,0.957
6/4/2022 23:00,0.867
6/5/2022 0:00,0.807
6/5/2022 1:00,0.833
6/5/2022 2:00,1
6/5/2022 3:00,1.168
6/5/2022 4:00,1.402
6/5/2022 5:00,1.476
6/5/2022 6:00,1.587
6/5/2022 7:00,1.611
6/5/2022 8:00,1.612
6/5/2022 9:00,1.59
6/5/2022 10:00,1.616
6/5/2022 11:00,1.709
6/5/2022 12:00,1.83
6/5/2022 13:00,1.909
6/5/2022 14:00,1.973
6/5/2022 15:00,1.911
6/5/2022 16:00,1.682
6/5/2022 17:00,1.348
6/5/2022 18:00,1.264
6/5/2022 19:00,1.482
6/5/2022 20:00,1.779
6/5/2022 21:00,2.072
6/5/2022 22:00,1.937
6/5/2022 23:00,1.693
6/6/2022 0:00,1.496
6/6/2022 1:00,1.471
6/6/2022 2:00,1.335
6/6/2022 3:00,1.214
6/6/2022 4:00,1.242
6/6/2022 5:00,1.373
6/6/2022 6:00,1.517
6/6/2022 7:00,1.61
6/6/2022 8:00,1.717
6/6/2022 9:00,1.776
6/6/2022 10:00,1.776
6/6/2022 11:00,1.717
6/6/2022 12:00,1.619
6/6/2022 13:00,1.496
6/6/2022 14:00,1.357
6/6/2022 15:00,1.167
6/6/2022 16:00,0.892
6/6/2022 17:00,0.559
6/6/2022 18:00,0.421
6/6/2022 19:00,0.574
6/6/2022 20:00,0.625
6/6/2022 21:00,0.647
6/6/2022 22:00,0.69
6/6/2022 23:00,0.732
6/7/2022 0:00,0.742
6/7/2022 1:00,0.706
6/7/2022 2:00,0.677
6/7/2022 3:00,0.636
6/7/2022 4:00,0.662
6/7/2022 5:00,0.669
6/7/2022 6:00,0.79
6/7/2022 7:00,1.031
6/7/2022 8:00,1.226
6/7/2022 9:00,1.41
6/7/2022 10:00,1.584
6/7/2022 11:00,1.63
6/7/2022 12:00,1.606
6/7/2022 13:00,1.503
6/7/2022 14:00,1.291
6/7/2022 15:00,1.059
6/7/2022 16:00,1.145
6/7/2022 17:00,1.528
6/7/2022 18:00,1.943
6/7/2022 19:00,2.144
6/7/2022 20:00,2.069
6/7/2022 21:00,1.911
6/7/2022 22:00,1.803
6/7/2022 23:00,1.732
6/8/2022 0:00,1.703
6/8/2022 1:00,1.678
6/8/2022 2:00,1.644
6/8/2022 3:00,1.627
6/8/2022 4:00,1.687
6/8/2022 5:00,1.68
6/8/2022 6:00,1.651
6/8/2022 7:00,1.67
6/8/2022 8:00,1.722
6/8/2022 9:00,1.733
6/8/2022 10:00,1.714
6/8/2022 11:00,1.663
6/8/2022 12:00,1.591
6/8/2022 13:00,1.513
6/8/2022 14:00,1.431
6/8/2022 15:00,1.319
6/8/2022 16:00,1.137
6/8/2022 17:00,0.778
6/8/2022 18:00,0.549
6/8/2022 19:00,0.59
6/8/2022 20:00,0.598
6/8/2022 21:00,0.702
6/8/2022 22:00,0.799
6/8/2022 23:00,0.879
6/9/2022 0:00,0.996
6/9/2022 1:00,1.038
6/9/2022 2:00,1.064
6/9/2022 3:00,1.265
6/9/2022 4:00,1.578
6/9/2022 5:00,1.872
6/9/2022 6:00,2.031
6/9/2022 7:00,2.15
6/9/2022 8:00,2.201
6/9/2022 9:00,2.265
6/9/2022 10:00,2.314
6/9/2022 11:00,2.345
6/9/2022 12:00,2.438
6/9/2022 13:00,2.567
6/9/2022 14:00,2.673
6/9/2022 15:00,2.629
6/9/2022 16:00,2.449
6/9/2022 17:00,2.231
6/9/2022 18:00,2.238
6/9/2022 19:00,2.351
6/9/2022 20:00,2.437
6/9/2022 21:00,2.478
6/9/2022 22:00,2.487
6/9/2022 23:00,2.505
6/10/2022 0:00,2.482
6/10/2022 1:00,2.468
6/10/2022 2:00,2.46
6/10/2022 3:00,2.452
6/10/2022 4:00,2.547
6/10/2022 5:00,2.66
6/10/2022 6:00,2.799
6/10/2022 7:00,2.926
6/10/2022 8:00,3.037
6/10/2022 9:00,3.099
6/10/2022 10:00,3.066
6/10/2022 11:00,3.009
6/10/2022 12:00,2.93
6/10/2022 13:00,2.831
6/10/2022 14:00,2.718
6/10/2022 15:00,2.55
6/10/2022 16:00,2.252
6/10/2022 17:00,1.696
6/10/2022 18:00,1.282
6/10/2022 19:00,1.323
6/10/2022 20:00,1.348
6/10/2022 21:00,1.314
6/10/2022 22:00,1.271
6/10/2022 23:00,1.221
6/11/2022 0:00,1.163
6/11/2022 1:00,1.143
6/11/2022 2:00,1.157
6/11/2022 3:00,1.234
6/11/2022 4:00,1.574
6/11/2022 5:00,1.642
6/11/2022 6:00,1.793
6/11/2022 7:00,1.996
6/11/2022 8:00,2.088
6/11/2022 9:00,2.127
6/11/2022 10:00,2.153
6/11/2022 11:00,2.177
6/11/2022 12:00,2.197
6/11/2022 13:00,2.187
6/11/2022 14:00,2.157
6/11/2022 15:00,2.063
6/11/2022 16:00,1.788
6/11/2022 17:00,1.195
6/11/2022 18:00,0.835
6/11/2022 19:00,0.888
6/11/2022 20:00,0.882
6/11/2022 21:00,0.903
6/11/2022 22:00,0.928
6/11/2022 23:00,0.935
6/12/2022 0:00,0.937
6/12/2022 1:00,0.954
6/12/2022 2:00,0.986
6/12/2022 3:00,0.953
6/12/2022 4:00,0.963
6/12/2022 5:00,1.223
6/12/2022 6:00,1.272
6/12/2022 7:00,1.447
6/12/2022 8:00,1.561
6/12/2022 9:00,1.636
6/12/2022 10:00,1.658
6/12/2022 11:00,1.653
6/12/2022 12:00,1.624
6/12/2022 13:00,1.571
6/12/2022 14:00,1.477
6/12/2022 15:00,1.329
6/12/2022 16:00,1.051
6/12/2022 17:00,0.676
6/12/2022 18:00,0.57
6/12/2022 19:00,0.694
6/12/2022 20:00,0.771
6/12/2022 21:00,0.858
6/12/2022 22:00,0.945
6/12/2022 23:00,0.99
6/13/2022 0:00,0.987
6/13/2022 1:00,0.961
6/13/2022 2:00,0.954
6/13/2022 3:00,1.015
6/13/2022 4:00,1.193
6/13/2022 5:00,1.396
6/13/2022 6:00,1.584
6/13/2022 7:00,1.83
6/13/2022 8:00,1.873
6/13/2022 9:00,2.03
6/13/2022 10:00,2.286
6/13/2022 11:00,2.474
6/13/2022 12:00,2.633
6/13/2022 13:00,2.753
6/13/2022 14:00,2.855
6/13/2022 15:00,2.894
6/13/2022 16:00,2.78
6/13/2022 17:00,2.348
6/13/2022 18:00,1.714
6/13/2022 19:00,1.372
6/13/2022 20:00,1.184
6/13/2022 21:00,1.069
6/13/2022 22:00,1.07
6/13/2022 23:00,1.081
6/14/2022 0:00,1.068
6/14/2022 1:00,1.02
6/14/2022 2:00,0.975
6/14/2022 3:00,0.962
6/14/2022 4:00,1.082
6/14/2022 5:00,1.042
6/14/2022 6:00,1.021
6/14/2022 7:00,1.049
6/14/2022 8:00,1.208
6/14/2022 9:00,1.339
6/14/2022 10:00,1.427
6/14/2022 11:00,1.485
6/14/2022 12:00,1.52
6/14/2022 13:00,1.532
6/14/2022 14:00,1.52
6/14/2022 15:00,1.438
6/14/2022 16:00,1.279
6/14/2022 17:00,0.886
6/14/2022 18:00,0.73
6/14/2022 19:00,0.891
6/14/2022 20:00,0.9
6/14/2022 21:00,0.89
6/14/2022 22:00,0.894
6/14/2022 23:00,0.903
6/15/2022 0:00,0.904
6/15/2022 1:00,0.884
6/15/2022 2:00,0.849
6/15/2022 3:00,0.76
6/15/2022 4:00,0.793
6/15/2022 5:00,1.135
6/15/2022 6:00,1.549
6/15/2022 7:00,1.745
6/15/2022 8:00,1.832
6/15/2022 9:00,1.846
6/15/2022 10:00,1.787
6/15/2022 11:00,1.696
6/15/2022 12:00,1.613
6/15/2022 13:00,1.557
6/15/2022 14:00,1.502
6/15/2022 15:00,1.452
6/15/2022 16:00,1.374
6/15/2022 17:00,1.107
6/15/2022 18:00,0.895
6/15/2022 19:00,1.015
6/15/2022 20:00,1.039
6/15/2022 21:00,1.027
6/15/2022 22:00,0.987
6/15/2022 23:00,0.971
6/16/2022 0:00,0.966
6/16/2022 1:00,0.953
6/16/2022 2:00,0.937
6/16/2022 3:00,0.88
6/16/2022 4:00,0.961
6/16/2022 5:00,1.098
6/16/2022 6:00,1.447
6/16/2022 7:00,1.585
6/16/2022 8:00,1.595
6/16/2022 9:00,1.614
6/16/2022 10:00,1.611
6/16/2022 11:00,1.546
6/16/2022 12:00,1.471
6/16/2022 13:00,1.388
6/16/2022 14:00,1.28
6/16/2022 15:00,1.286
6/16/2022 16:00,1.322
6/16/2022 17:00,1.113
6/16/2022 18:00,1.003
6/16/2022 19:00,1.119
6/16/2022 20:00,1.118
6/16/2022 21:00,1.054
6/16/2022 22:00,0.984
6/16/2022 23:00,1.023
6/17/2022 0:00,1.059
6/17/2022 1:00,1.012
6/17/2022 2:00,0.978
6/17/2022 3:00,1.026
6/17/2022 4:00,1.232
6/17/2022 5:00,1.408
6/17/2022 6:00,1.673
6/17/2022 7:00,1.874
6/17/2022 8:00,2.007
6/17/2022 9:00,2.086
6/17/2022 10:00,2.149
6/17/2022 11:00,2.163
6/17/2022 12:00,2.151
6/17/2022 13:00,2.143
6/17/2022 14:00,2.112
6/17/2022 15:00,1.987
6/17/2022 16:00,1.553
6/17/2022 17:00,0.974
6/17/2022 18:00,0.795
6/17/2022 19:00,0.826
6/17/2022 20:00,0.773
6/17/2022 21:00,0.825
6/17/2022 22:00,0.778
6/17/2022 23:00,0.626
6/18/2022 0:00,0.781
6/18/2022 1:00,0.888
6/18/2022 2:00,0.926
6/18/2022 3:00,0.889
6/18/2022 4:00,0.827
6/18/2022 5:00,1.032
6/18/2022 6:00,0.968
6/18/2022 7:00,0.718
6/18/2022 8:00,0.56
6/18/2022 9:00,0.572
6/18/2022 10:00,0.647
6/18/2022 11:00,0.702
6/18/2022 12:00,0.729
6/18/2022 13:00,0.757
6/18/2022 14:00,0.776
6/18/2022 15:00,0.788
6/18/2022 16:00,0.807
6/18/2022 17:00,0.778
6/18/2022 18:00,0.873
6/18/2022 19:00,1.156
6/18/2022 20:00,1.275
6/18/2022 21:00,1.26
6/18/2022 22:00,1.181
6/18/2022 23:00,1.12
6/19/2022 0:00,1.049
6/19/2022 1:00,1.008
6/19/2022 2:00,1.009
6/19/2022 3:00,1.051
6/19/2022 4:00,1.441
6/19/2022 5:00,1.725
6/19/2022 6:00,2.195
6/19/2022 7:00,2.526
6/19/2022 8:00,2.771
6/19/2022 9:00,2.923
6/19/2022 10:00,2.972
6/19/2022 11:00,2.937
6/19/2022 12:00,2.832
6/19/2022 13:00,2.696
6/19/2022 14:00,2.548
6/19/2022 15:00,2.377
6/19/2022 16:00,2.171
6/19/2022 17:00,1.802
6/19/2022 18:00,1.587
6/19/2022 19:00,1.608
6/19/2022 20:00,1.514
6/19/2022 21:00,1.405
6/19/2022 22:00,1.235
6/19/2022 23:00,1.14
6/20/2022 0:00,1.072
6/20/2022 1:00,1.031
6/20/2022 2:00,0.924
6/20/2022 3:00,0.821
6/20/2022 4:00,0.855
6/20/2022 5:00,0.865
6/20/2022 6:00,0.967
6/20/2022 7:00,1.176
6/20/2022 8:00,1.358
6/20/2022 9:00,1.438
6/20/2022 10:00,1.381
6/20/2022 11:00,1.567
6/20/2022 12:00,1.947
6/20/2022 13:00,2.427
6/20/2022 14:00,2.69
6/20/2022 15:00,2.536
6/20/2022 16:00,2.122
6/20/2022 17:00,1.506
6/20/2022 18:00,0.942
6/20/2022 19:00,1.093
6/20/2022 20:00,1.237
6/20/2022 21:00,1.571
6/20/2022 22:00,2.002
6/20/2022 23:00,1.982
6/21/2022 0:00,1.789
6/21/2022 1:00,1.575
6/21/2022 2:00,1.366
6/21/2022 3:00,1.273
6/21/2022 4:00,1.458
6/21/2022 5:00,1.705
6/21/2022 6:00,1.858
6/21/2022 7:00,1.996
6/21/2022 8:00,2.056
6/21/2022 9:00,2.04
6/21/2022 10:00,2.013
6/21/2022 11:00,1.975
6/21/2022 12:00,1.909
6/21/2022 13:00,1.798
6/21/2022 14:00,1.653
6/21/2022 15:00,1.468
6/21/2022 16:00,1.237
6/21/2022 17:00,0.864
6/21/2022 18:00,0.654
6/21/2022 19:00,0.725
6/21/2022 20:00,0.736
6/21/2022 21:00,0.68
6/21/2022 22:00,0.639
6/21/2022 23:00,0.632
6/22/2022 0:00,0.615
6/22/2022 1:00,0.634
6/22/2022 2:00,0.666
6/22/2022 3:00,0.645
6/22/2022 4:00,0.949
6/22/2022 5:00,1.168
6/22/2022 6:00,1.359
6/22/2022 7:00,1.319
6/22/2022 8:00,1.254
6/22/2022 9:00,1.201
6/22/2022 10:00,1.165
6/22/2022 11:00,1.206
6/22/2022 12:00,1.13
6/22/2022 13:00,1.048
6/22/2022 14:00,1.038
6/22/2022 15:00,1.035
6/22/2022 16:00,1.036
6/22/2022 17:00,0.786
6/22/2022 18:00,0.615
6/22/2022 19:00,0.577
6/22/2022 20:00,0.528
6/22/2022 21:00,0.471
6/22/2022 22:00,0.437
6/22/2022 23:00,0.585
6/23/2022 0:00,0.676
6/23/2022 1:00,0.714
6/23/2022 2:00,0.696
6/23/2022 3:00,0.621
6/23/2022 4:00,0.762
6/23/2022 5:00,0.81
6/23/2022 6:00,0.703
6/23/2022 7:00,0.649
6/23/2022 8:00,0.676
6/23/2022 9:00,0.771
6/23/2022 10:00,0.827
6/23/2022 11:00,0.901
6/23/2022 12:00,1.01
6/23/2022 13:00,1.088
6/23/2022 14:00,1.151
6/23/2022 15:00,1.162
6/23/2022 16:00,1.14
6/23/2022 17:00,0.931
6/23/2022 18:00,0.777
6/23/2022 19:00,0.855
6/23/2022 20:00,0.858
6/23/2022 21:00,0.839
6/23/2022 22:00,0.819
6/23/2022 23:00,0.813
6/24/2022 0:00,0.833
6/24/2022 1:00,0.822
6/24/2022 2:00,0.818
6/24/2022 3:00,0.835
6/24/2022 4:00,1.325
6/24/2022 5:00,1.65
6/24/2022 6:00,2.021
6/24/2022 7:00,2.228
6/24/2022 8:00,2.35
6/24/2022 9:00,2.395
6/24/2022 10:00,2.392
6/24/2022 11:00,2.385
6/24/2022 12:00,2.329
6/24/2022 13:00,2.294
6/24/2022 14:00,2.292
6/24/2022 15:00,2.21
6/24/2022 16:00,2.016
6/24/2022 17:00,1.618
6/24/2022 18:00,1.273
6/24/2022 19:00,1.443
6/24/2022 20:00,1.581
6/24/2022 21:00,1.483
6/24/2022 22:00,1.284
6/24/2022 23:00,1.062
6/25/2022 0:00,1.034
6/25/2022 1:00,1.137
6/25/2022 2:00,1.254
6/25/2022 3:00,1.486
6/25/2022 4:00,1.763
6/25/2022 5:00,2.158
6/25/2022 6:00,2.352
6/25/2022 7:00,2.321
6/25/2022 8:00,2.139
6/25/2022 9:00,1.907
6/25/2022 10:00,1.735
6/25/2022 11:00,1.648
6/25/2022 12:00,1.567
6/25/2022 13:00,1.489
6/25/2022 14:00,1.409
6/25/2022 15:00,1.307
6/25/2022 16:00,1.17
6/25/2022 17:00,0.894
6/25/2022 18:00,0.584
6/25/2022 19:00,0.699
6/25/2022 20:00,0.715
6/25/2022 21:00,0.731
6/25/2022 22:00,0.754
6/25/2022 23:00,0.764
6/26/2022 0:00,0.756
6/26/2022 1:00,0.717
6/26/2022 2:00,0.663
6/26/2022 3:00,0.562
6/26/2022 4:00,0.547
6/26/2022 5:00,0.464
6/26/2022 6:00,0.524
6/26/2022 7:00,0.666
6/26/2022 8:00,0.803
6/26/2022 9:00,0.872
6/26/2022 10:00,0.942
6/26/2022 11:00,1.002
6/26/2022 12:00,1.055
6/26/2022 13:00,1.112
6/26/2022 14:00,1.175
6/26/2022 15:00,1.214
6/26/2022 16:00,1.191
6/26/2022 17:00,0.955
6/26/2022 18:00,0.751
6/26/2022 19:00,0.887
6/26/2022 20:00,0.908
6/26/2022 21:00,0.885
6/26/2022 22:00,0.85
6/26/2022 23:00,0.833
6/27/2022 0:00,0.828
6/27/2022 1:00,0.813
6/27/2022 2:00,0.799
6/27/2022 3:00,0.816
6/27/2022 4:00,1.264
6/27/2022 5:00,1.492
6/27/2022 6:00,1.963
6/27/2022 7:00,2.148
6/27/2022 8:00,2.239
6/27/2022 9:00,2.288
6/27/2022 10:00,2.275
6/27/2022 11:00,2.205
6/27/2022 12:00,2.133
6/27/2022 13:00,2.081
6/27/2022 14:00,2.023
6/27/2022 15:00,1.927
6/27/2022 16:00,1.752
6/27/2022 17:00,1.395
6/27/2022 18:00,1.108
6/27/2022 19:00,1.297
6/27/2022 20:00,1.382
6/27/2022 21:00,1.283
6/27/2022 22:00,1.177
6/27/2022 23:00,1.105
6/28/2022 0:00,1.049
6/28/2022 1:00,0.985
6/28/2022 2:00,0.992
6/28/2022 3:00,1.132
6/28/2022 4:00,1.644
6/28/2022 5:00,2.153
6/28/2022 6:00,2.356
6/28/2022 7:00,2.118
6/28/2022 8:00,1.822
6/28/2022 9:00,1.638
6/28/2022 10:00,1.559
6/28/2022 11:00,1.546
6/28/2022 12:00,1.518
6/28/2022 13:00,1.464
6/28/2022 14:00,1.423
6/28/2022 15:00,1.344
6/28/2022 16:00,1.171
6/28/2022 17:00,0.785
6/28/2022 18:00,0.723
6/28/2022 19:00,0.769
6/28/2022 20:00,0.754
6/28/2022 21:00,0.748
6/28/2022 22:00,0.752
6/28/2022 23:00,0.754
6/29/2022 0:00,0.764
6/29/2022 1:00,0.738
6/29/2022 2:00,0.707
6/29/2022 3:00,0.739
6/29/2022 4:00,0.999
6/29/2022 5:00,1.099
6/29/2022 6:00,1.226
6/29/2022 7:00,1.353
6/29/2022 8:00,1.468
6/29/2022 9:00,1.627
6/29/2022 10:00,1.763
6/29/2022 11:00,1.842
6/29/2022 12:00,1.882
6/29/2022 13:00,1.88
6/29/2022 14:00,1.803
6/29/2022 15:00,1.577
6/29/2022 16:00,1.272
6/29/2022 17:00,0.732
6/29/2022 18:00,0.506
6/29/2022 19:00,0.541
6/29/2022 20:00,0.516
6/29/2022 21:00,0.627
6/29/2022 22:00,0.771
6/29/2022 23:00,0.901
6/30/2022 0:00,1.012
6/30/2022 1:00,1.057
6/30/2022 2:00,1.082
6/30/2022 3:00,1.13
6/30/2022 4:00,1.183
6/30/2022 5:00,1.276
6/30/2022 6:00,1.341
6/30/2022 7:00,1.25
6/30/2022 8:00,1.11
6/30/2022 9:00,1.004
6/30/2022 10:00,0.909
6/30/2022 11:00,0.85
6/30/2022 12:00,0.806
6/30/2022 13:00,0.79
6/30/2022 14:00,0.808
6/30/2022 15:00,0.792
6/30/2022 16:00,0.71
6/30/2022 17:00,0.565
6/30/2022 18:00,0.549
6/30/2022 19:00,0.676
6/30/2022 20:00,0.706
6/30/2022 21:00,0.691
6/30/2022 22:00,0.687
6/30/2022 23:00,0.696
7/1/2022 0:00,0.726
7/1/2022 1:00,0.708
7/1/2022 2:00,0.669
7/1/2022 3:00,0.646
7/1/2022 4:00,0.783
7/1/2022 5:00,0.896
7/1/2022 6:00,1.029
7/1/2022 7:00,1.071
7/1/2022 8:00,1.114
7/1/2022 9:00,1.226
7/1/2022 10:00,1.314
7/1/2022 11:00,1.38
7/1/2022 12:00,1.442
7/1/2022 13:00,1.507
7/1/2022 14:00,1.613
7/1/2022 15:00,1.759
7/1/2022 16:00,1.971
7/1/2022 17:00,2.199
7/1/2022 18:00,2.517
7/1/2022 19:00,3.044
7/1/2022 20:00,3.231
7/1/2022 21:00,2.904
7/1/2022 22:00,2.576
7/1/2022 23:00,2.342
7/2/2022 0:00,2.154
7/2/2022 1:00,1.992
7/2/2022 2:00,1.856
7/2/2022 3:00,1.856
7/2/2022 4:00,1.952
7/2/2022 5:00,2.155
7/2/2022 6:00,2.235
7/2/2022 7:00,2.238
7/2/2022 8:00,2.161
7/2/2022 9:00,2.041
7/2/2022 10:00,1.954
7/2/2022 11:00,1.902
7/2/2022 12:00,1.86
7/2/2022 13:00,1.803
7/2/2022 14:00,1.745
7/2/2022 15:00,1.679
7/2/2022 16:00,1.573
7/2/2022 17:00,1.189
7/2/2022 18:00,0.805
7/2/2022 19:00,0.907
7/2/2022 20:00,0.938
7/2/2022 21:00,0.946
7/2/2022 22:00,0.898
7/2/2022 23:00,0.812
7/3/2022 0:00,0.717
7/3/2022 1:00,0.659
7/3/2022 2:00,0.626
7/3/2022 3:00,0.609
7/3/2022 4:00,0.758
7/3/2022 5:00,0.56
7/3/2022 6:00,0.51
7/3/2022 7:00,0.512
7/3/2022 8:00,0.652
7/3/2022 9:00,0.877
7/3/2022 10:00,1.086
7/3/2022 11:00,1.235
7/3/2022 12:00,1.337
7/3/2022 13:00,1.393
7/3/2022 14:00,1.408
7/3/2022 15:00,1.353
7/3/2022 16:00,1.167
7/3/2022 17:00,0.756
7/3/2022 18:00,0.597
7/3/2022 19:00,0.748
7/3/2022 20:00,0.812
7/3/2022 21:00,0.849
7/3/2022 22:00,0.854
7/3/2022 23:00,0.845
7/4/2022 0:00,0.83
7/4/2022 1:00,0.805
7/4/2022 2:00,0.739
7/4/2022 3:00,0.63
7/4/2022 4:00,0.659
7/4/2022 5:00,0.669
7/4/2022 6:00,0.687
7/4/2022 7:00,0.689
7/4/2022 8:00,0.808
7/4/2022 9:00,0.882
7/4/2022 10:00,0.866
7/4/2022 11:00,0.957
7/4/2022 12:00,1.185
7/4/2022 13:00,1.371
7/4/2022 14:00,1.413
7/4/2022 15:00,1.352
7/4/2022 16:00,1.243
7/4/2022 17:00,1.012
7/4/2022 18:00,0.837
7/4/2022 19:00,0.779
7/4/2022 20:00,0.646
7/4/2022 21:00,0.62
7/4/2022 22:00,0.589
7/4/2022 23:00,0.593
7/5/2022 0:00,0.554
7/5/2022 1:00,0.63
7/5/2022 2:00,0.79
7/5/2022 3:00,1.001
7/5/2022 4:00,1.217
7/5/2022 5:00,1.404
7/5/2022 6:00,1.643
7/5/2022 7:00,1.824
7/5/2022 8:00,1.893
7/5/2022 9:00,1.934
7/5/2022 10:00,1.967
7/5/2022 11:00,2.006
7/5/2022 12:00,2.059
7/5/2022 13:00,2.109
7/5/2022 14:00,2.121
7/5/2022 15:00,2.066
7/5/2022 16:00,1.882
7/5/2022 17:00,1.483
7/5/2022 18:00,0.956
7/5/2022 19:00,0.977
7/5/2022 20:00,0.988
7/5/2022 21:00,0.967
7/5/2022 22:00,1.006
7/5/2022 23:00,1.031
7/6/2022 0:00,1.015
7/6/2022 1:00,0.958
7/6/2022 2:00,0.901
7/6/2022 3:00,0.892
7/6/2022 4:00,1.158
7/6/2022 5:00,1.201
7/6/2022 6:00,1.242
7/6/2022 7:00,1.389
7/6/2022 8:00,1.637
7/6/2022 9:00,1.876
7/6/2022 10:00,2.059
7/6/2022 11:00,2.195
7/6/2022 12:00,2.263
7/6/2022 13:00,2.26
7/6/2022 14:00,2.202
7/6/2022 15:00,2.042
7/6/2022 16:00,1.743
7/6/2022 17:00,1.162
7/6/2022 18:00,0.73
7/6/2022 19:00,0.784
7/6/2022 20:00,0.699
7/6/2022 21:00,0.582
7/6/2022 22:00,0.473
7/6/2022 23:00,0.456
7/7/2022 0:00,0.447
7/7/2022 1:00,0.491
7/7/2022 2:00,0.591
7/7/2022 3:00,0.684
7/7/2022 4:00,0.935
7/7/2022 5:00,1.206
7/7/2022 6:00,1.516
7/7/2022 7:00,1.88
7/7/2022 8:00,2.27
7/7/2022 9:00,2.571
7/7/2022 10:00,2.638
7/7/2022 11:00,2.611
7/7/2022 12:00,2.548
7/7/2022 13:00,2.479
7/7/2022 14:00,2.382
7/7/2022 15:00,2.236
7/7/2022 16:00,1.991
7/7/2022 17:00,1.595
7/7/2022 18:00,1.081
7/7/2022 19:00,0.976
7/7/2022 20:00,1.047
7/7/2022 21:00,1.148
7/7/2022 22:00,1.221
7/7/2022 23:00,1.284
7/8/2022 0:00,1.356
7/8/2022 1:00,1.415
7/8/2022 2:00,1.58
7/8/2022 3:00,1.733
7/8/2022 4:00,2.033
7/8/2022 5:00,2.42
7/8/2022 6:00,2.626
7/8/2022 7:00,2.829
7/8/2022 8:00,3.066
7/8/2022 9:00,3.213
7/8/2022 10:00,3.239
7/8/2022 11:00,3.249
7/8/2022 12:00,3.258
7/8/2022 13:00,3.215
7/8/2022 14:00,3.112
7/8/2022 15:00,2.999
7/8/2022 16:00,2.834
7/8/2022 17:00,2.383
7/8/2022 18:00,1.716
7/8/2022 19:00,1.576
7/8/2022 20:00,1.527
7/8/2022 21:00,1.425
7/8/2022 22:00,1.35
7/8/2022 23:00,1.32
7/9/2022 0:00,1.304
7/9/2022 1:00,1.283
7/9/2022 2:00,1.227
7/9/2022 3:00,1.305
7/9/2022 4:00,1.558
7/9/2022 5:00,1.834
7/9/2022 6:00,2.16
7/9/2022 7:00,2.315
7/9/2022 8:00,2.371
7/9/2022 9:00,2.418
7/9/2022 10:00,2.453
7/9/2022 11:00,2.498
7/9/2022 12:00,2.54
7/9/2022 13:00,2.582
7/9/2022 14:00,2.568
7/9/2022 15:00,2.45
7/9/2022 16:00,2.2
7/9/2022 17:00,1.616
7/9/2022 18:00,1.057
7/9/2022 19:00,1.188
7/9/2022 20:00,1.197
7/9/2022 21:00,1.063
7/9/2022 22:00,0.958
7/9/2022 23:00,0.933
7/10/2022 0:00,0.917
7/10/2022 1:00,0.948
7/10/2022 2:00,0.99
7/10/2022 3:00,1.125
7/10/2022 4:00,1.473
7/10/2022 5:00,1.764
7/10/2022 6:00,2.021
7/10/2022 7:00,2.208
7/10/2022 8:00,2.421
7/10/2022 9:00,2.655
7/10/2022 10:00,2.821
7/10/2022 11:00,2.943
7/10/2022 12:00,3.06
7/10/2022 13:00,3.085
7/10/2022 14:00,3.038
7/10/2022 15:00,2.9
7/10/2022 16:00,2.675
7/10/2022 17:00,2.19
7/10/2022 18:00,1.447
7/10/2022 19:00,1.168
7/10/2022 20:00,1.006
7/10/2022 21:00,0.889
7/10/2022 22:00,0.886
7/10/2022 23:00,0.923
7/11/2022 0:00,0.984
7/11/2022 1:00,1.043
7/11/2022 2:00,1.063
7/11/2022 3:00,1.163
7/11/2022 4:00,1.491
7/11/2022 5:00,1.658
7/11/2022 6:00,1.918
7/11/2022 7:00,2.081
7/11/2022 8:00,2.163
7/11/2022 9:00,2.219
7/11/2022 10:00,2.265
7/11/2022 11:00,2.306
7/11/2022 12:00,2.348
7/11/2022 13:00,2.377
7/11/2022 14:00,2.361
7/11/2022 15:00,2.274
7/11/2022 16:00,2.065
7/11/2022 17:00,1.5
7/11/2022 18:00,0.782
7/11/2022 19:00,0.75
7/11/2022 20:00,0.717
7/11/2022 21:00,0.701
7/11/2022 22:00,0.702
7/11/2022 23:00,0.718
7/12/2022 0:00,0.733
7/12/2022 1:00,0.741
7/12/2022 2:00,0.759
7/12/2022 3:00,0.76
7/12/2022 4:00,1.11
7/12/2022 5:00,1.177
7/12/2022 6:00,1.355
7/12/2022 7:00,1.574
7/12/2022 8:00,1.8
7/12/2022 9:00,1.973
7/12/2022 10:00,2.05
7/12/2022 11:00,2.089
7/12/2022 12:00,2.119
7/12/2022 13:00,2.123
7/12/2022 14:00,2.079
7/12/2022 15:00,2.008
7/12/2022 16:00,1.839
7/12/2022 17:00,1.275
7/12/2022 18:00,0.875
7/12/2022 19:00,0.988
7/12/2022 20:00,1.045
7/12/2022 21:00,1.118
7/12/2022 22:00,1.147
7/12/2022 23:00,1.152
7/13/2022 0:00,1.196
7/13/2022 1:00,1.313
7/13/2022 2:00,1.441
7/13/2022 3:00,1.538
7/13/2022 4:00,1.686
7/13/2022 5:00,1.78
7/13/2022 6:00,1.894
7/13/2022 7:00,1.933
7/13/2022 8:00,1.902
7/13/2022 9:00,1.902
7/13/2022 10:00,1.934
7/13/2022 11:00,1.929
7/13/2022 12:00,1.902
7/13/2022 13:00,1.866
7/13/2022 14:00,1.822
7/13/2022 15:00,1.756
7/13/2022 16:00,1.552
7/13/2022 17:00,0.963
7/13/2022 18:00,0.809
7/13/2022 19:00,0.936
7/13/2022 20:00,1.049
7/13/2022 21:00,1.191
7/13/2022 22:00,1.241
7/13/2022 23:00,1.21
7/14/2022 0:00,1.169
7/14/2022 1:00,1.149
7/14/2022 2:00,1.129
7/14/2022 3:00,1.107
7/14/2022 4:00,1.022
7/14/2022 5:00,1.048
7/14/2022 6:00,1.277
7/14/2022 7:00,1.408
7/14/2022 8:00,1.577
7/14/2022 9:00,1.66
7/14/2022 10:00,1.789
7/14/2022 11:00,1.896
7/14/2022 12:00,1.955
7/14/2022 13:00,1.964
7/14/2022 14:00,1.941
7/14/2022 15:00,1.802
7/14/2022 16:00,1.503
7/14/2022 17:00,0.842
7/14/2022 18:00,0.933
7/14/2022 19:00,1.098
7/14/2022 20:00,1.202
7/14/2022 21:00,1.29
7/14/2022 22:00,1.57
7/14/2022 23:00,1.896
7/15/2022 0:00,1.779
7/15/2022 1:00,1.71
7/15/2022 2:00,1.763
7/15/2022 3:00,1.775
7/15/2022 4:00,1.926
7/15/2022 5:00,2.133
7/15/2022 6:00,2.189
7/15/2022 7:00,2.099
7/15/2022 8:00,2.088
7/15/2022 9:00,2.096
7/15/2022 10:00,2.102
7/15/2022 11:00,2.109
7/15/2022 12:00,2.094
7/15/2022 13:00,2.028
7/15/2022 14:00,1.941
7/15/2022 15:00,1.796
7/15/2022 16:00,1.542
7/15/2022 17:00,1.099
7/15/2022 18:00,0.727
7/15/2022 19:00,0.737
7/15/2022 20:00,0.729
7/15/2022 21:00,0.725
7/15/2022 22:00,0.695
7/15/2022 23:00,0.683
7/16/2022 0:00,0.661
7/16/2022 1:00,0.623
7/16/2022 2:00,0.557
7/16/2022 3:00,0.487
7/16/2022 4:00,0.483
7/16/2022 5:00,0.769
7/16/2022 6:00,1.158
7/16/2022 7:00,1.382
7/16/2022 8:00,1.483
7/16/2022 9:00,1.709
7/16/2022 10:00,2.077
7/16/2022 11:00,2.391
7/16/2022 12:00,2.601
7/16/2022 13:00,2.672
7/16/2022 14:00,2.63
7/16/2022 15:00,2.514
7/16/2022 16:00,2.287
7/16/2022 17:00,1.715
7/16/2022 18:00,1.184
7/16/2022 19:00,1.222
7/16/2022 20:00,1.256
7/16/2022 21:00,1.208
7/16/2022 22:00,1.073
7/16/2022 23:00,0.941
7/17/2022 0:00,0.883
7/17/2022 1:00,0.874
7/17/2022 2:00,0.852
7/17/2022 3:00,0.811
7/17/2022 4:00,0.96
7/17/2022 5:00,0.899
7/17/2022 6:00,0.985
7/17/2022 7:00,0.972
7/17/2022 8:00,0.994
7/17/2022 9:00,1.03
7/17/2022 10:00,1.121
7/17/2022 11:00,1.266
7/17/2022 12:00,1.356
7/17/2022 13:00,1.344
7/17/2022 14:00,1.262
7/17/2022 15:00,1.244
7/17/2022 16:00,1.179
7/17/2022 17:00,0.75
7/17/2022 18:00,0.739
7/17/2022 19:00,0.836
7/17/2022 20:00,0.816
7/17/2022 21:00,0.78
7/17/2022 22:00,0.735
7/17/2022 23:00,0.692
7/18/2022 0:00,0.676
7/18/2022 1:00,0.682
7/18/2022 2:00,0.693
7/18/2022 3:00,0.668
7/18/2022 4:00,0.491
7/18/2022 5:00,0.456
7/18/2022 6:00,0.553
7/18/2022 7:00,0.695
7/18/2022 8:00,0.694
7/18/2022 9:00,0.702
7/18/2022 10:00,0.709
7/18/2022 11:00,0.722
7/18/2022 12:00,0.755
7/18/2022 13:00,0.809
7/18/2022 14:00,0.871
7/18/2022 15:00,0.884
7/18/2022 16:00,0.792
7/18/2022 17:00,0.485
7/18/2022 18:00,0.63
7/18/2022 19:00,0.816
7/18/2022 20:00,0.906
7/18/2022 21:00,0.931
7/18/2022 22:00,0.948
7/18/2022 23:00,0.965
7/19/2022 0:00,0.989
7/19/2022 1:00,0.997
7/19/2022 2:00,1.004
7/19/2022 3:00,0.967
7/19/2022 4:00,0.712
7/19/2022 5:00,0.845
7/19/2022 6:00,0.504
7/19/2022 7:00,0.609
7/19/2022 8:00,0.82
7/19/2022 9:00,0.944
7/19/2022 10:00,1.029
7/19/2022 11:00,1.062
7/19/2022 12:00,1.053
7/19/2022 13:00,1.026
7/19/2022 14:00,0.992
7/19/2022 15:00,0.937
7/19/2022 16:00,0.876
7/19/2022 17:00,0.651
7/19/2022 18:00,0.83
7/19/2022 19:00,0.974
7/19/2022 20:00,1.013
7/19/2022 21:00,1.026
7/19/2022 22:00,1.013
7/19/2022 23:00,0.995
7/20/2022 0:00,0.967
7/20/2022 1:00,0.94
7/20/2022 2:00,0.935
7/20/2022 3:00,0.903
7/20/2022 4:00,0.729
7/20/2022 5:00,0.977
7/20/2022 6:00,1.248
7/20/2022 7:00,1.71
7/20/2022 8:00,1.851
7/20/2022 9:00,1.919
7/20/2022 10:00,1.95
7/20/2022 11:00,1.951
7/20/2022 12:00,1.918
7/20/2022 13:00,1.849
7/20/2022 14:00,1.754
7/20/2022 15:00,1.626
7/20/2022 16:00,1.424
7/20/2022 17:00,0.851
7/20/2022 18:00,0.892
7/20/2022 19:00,0.993
7/20/2022 20:00,1.022
7/20/2022 21:00,1.014
7/20/2022 22:00,0.982
7/20/2022 23:00,0.939
7/21/2022 0:00,0.913
7/21/2022 1:00,0.933
7/21/2022 2:00,0.96
7/21/2022 3:00,0.948
7/21/2022 4:00,0.881
7/21/2022 5:00,1.119
7/21/2022 6:00,1.206
7/21/2022 7:00,1.201
7/21/2022 8:00,1.155
7/21/2022 9:00,1.17
7/21/2022 10:00,1.163
7/21/2022 11:00,1.123
7/21/2022 12:00,1.072
7/21/2022 13:00,1.008
7/21/2022 14:00,0.967
7/21/2022 15:00,0.956
7/21/2022 16:00,0.903
7/21/2022 17:00,0.704
7/21/2022 18:00,0.803
7/21/2022 19:00,1.101
7/21/2022 20:00,1.289
7/21/2022 21:00,1.414
7/21/2022 22:00,1.653
7/21/2022 23:00,1.688
7/22/2022 0:00,1.653
7/22/2022 1:00,1.439
7/22/2022 2:00,1.231
7/22/2022 3:00,1.118
7/22/2022 4:00,1.094
7/22/2022 5:00,1.162
7/22/2022 6:00,1.142
7/22/2022 7:00,0.993
7/22/2022 8:00,0.955
7/22/2022 9:00,0.919
7/22/2022 10:00,0.851
7/22/2022 11:00,0.799
7/22/2022 12:00,0.774
7/22/2022 13:00,0.734
7/22/2022 14:00,0.659
7/22/2022 15:00,0.625
7/22/2022 16:00,0.634
7/22/2022 17:00,0.496
7/22/2022 18:00,0.66
7/22/2022 19:00,0.764
7/22/2022 20:00,0.762
7/22/2022 21:00,0.775
7/22/2022 22:00,0.778
7/22/2022 23:00,0.769
7/23/2022 0:00,0.757
7/23/2022 1:00,0.744
7/23/2022 2:00,0.677
7/23/2022 3:00,0.635
7/23/2022 4:00,0.621
7/23/2022 5:00,0.874
7/23/2022 6:00,1.04
7/23/2022 7:00,1.301
7/23/2022 8:00,1.445
7/23/2022 9:00,1.517
7/23/2022 10:00,1.659
7/23/2022 11:00,1.687
7/23/2022 12:00,1.566
7/23/2022 13:00,1.497
7/23/2022 14:00,1.532
7/23/2022 15:00,1.545
7/23/2022 16:00,1.435
7/23/2022 17:00,1.177
7/23/2022 18:00,1.064
7/23/2022 19:00,1.15
7/23/2022 20:00,1.225
7/23/2022 21:00,1.313
7/23/2022 22:00,1.363
7/23/2022 23:00,1.339
7/24/2022 0:00,1.249
7/24/2022 1:00,1.142
7/24/2022 2:00,1.071
7/24/2022 3:00,1.085
7/24/2022 4:00,1.186
7/24/2022 5:00,1.248
7/24/2022 6:00,1.322
7/24/2022 7:00,1.4
7/24/2022 8:00,1.456
7/24/2022 9:00,1.493
7/24/2022 10:00,1.501
7/24/2022 11:00,1.497
7/24/2022 12:00,1.486
7/24/2022 13:00,1.466
7/24/2022 14:00,1.409
7/24/2022 15:00,1.324
7/24/2022 16:00,1.182
7/24/2022 17:00,0.721
7/24/2022 18:00,0.738
7/24/2022 19:00,0.821
7/24/2022 20:00,0.816
7/24/2022 21:00,0.803
7/24/2022 22:00,0.769
7/24/2022 23:00,0.747
7/25/2022 0:00,0.751
7/25/2022 1:00,0.749
7/25/2022 2:00,0.738
7/25/2022 3:00,0.692
7/25/2022 4:00,0.772
7/25/2022 5:00,1.029
7/25/2022 6:00,1.445
7/25/2022 7:00,1.619
7/25/2022 8:00,1.714
7/25/2022 9:00,1.79
7/25/2022 10:00,1.851
7/25/2022 11:00,1.88
7/25/2022 12:00,1.853
7/25/2022 13:00,1.774
7/25/2022 14:00,1.657
7/25/2022 15:00,1.549
7/25/2022 16:00,1.413
7/25/2022 17:00,0.888
7/25/2022 18:00,0.898
7/25/2022 19:00,1.076
7/25/2022 20:00,1.205
7/25/2022 21:00,1.244
7/25/2022 22:00,1.243
7/25/2022 23:00,1.219
7/26/2022 0:00,1.198
7/26/2022 1:00,1.336
7/26/2022 2:00,1.7
7/26/2022 3:00,2.071
7/26/2022 4:00,2.391
7/26/2022 5:00,2.371
7/26/2022 6:00,2.365
7/26/2022 7:00,2.28
7/26/2022 8:00,2.242
7/26/2022 9:00,2.2
7/26/2022 10:00,2.018
7/26/2022 11:00,1.759
7/26/2022 12:00,1.614
7/26/2022 13:00,1.652
7/26/2022 14:00,1.654
7/26/2022 15:00,1.59
7/26/2022 16:00,1.38
7/26/2022 17:00,0.798
7/26/2022 18:00,0.509
7/26/2022 19:00,0.531
7/26/2022 20:00,0.565
7/26/2022 21:00,0.626
7/26/2022 22:00,0.66
7/26/2022 23:00,0.674
7/27/2022 0:00,0.688
7/27/2022 1:00,0.694
7/27/2022 2:00,0.676
7/27/2022 3:00,0.617
7/27/2022 4:00,0.668
7/27/2022 5:00,0.557
7/27/2022 6:00,0.517
7/27/2022 7:00,0.536
7/27/2022 8:00,0.639
7/27/2022 9:00,0.783
7/27/2022 10:00,0.95
7/27/2022 11:00,1.106
7/27/2022 12:00,1.195
7/27/2022 13:00,1.204
7/27/2022 14:00,1.158
7/27/2022 15:00,1.033
7/27/2022 16:00,0.843
7/27/2022 17:00,0.588
7/27/2022 18:00,0.51
7/27/2022 19:00,0.66
7/27/2022 20:00,0.754
7/27/2022 21:00,0.859
7/27/2022 22:00,0.947
7/27/2022 23:00,1.015
7/28/2022 0:00,1.066
7/28/2022 1:00,1.118
7/28/2022 2:00,1.139
7/28/2022 3:00,1.181
7/28/2022 4:00,1.515
7/28/2022 5:00,1.604
7/28/2022 6:00,1.592
7/28/2022 7:00,1.484
7/28/2022 8:00,1.377
7/28/2022 9:00,1.28
7/28/2022 10:00,1.182
7/28/2022 11:00,1.124
7/28/2022 12:00,1.108
7/28/2022 13:00,1.123
7/28/2022 14:00,1.155
7/28/2022 15:00,1.176
7/28/2022 16:00,1.141
7/28/2022 17:00,0.744
7/28/2022 18:00,0.752
7/28/2022 19:00,0.813
7/28/2022 20:00,0.818
7/28/2022 21:00,0.778
7/28/2022 22:00,0.719
7/28/2022 23:00,0.678
7/29/2022 0:00,0.643
7/29/2022 1:00,0.64
7/29/2022 2:00,0.672
7/29/2022 3:00,0.697
7/29/2022 4:00,0.729
7/29/2022 5:00,0.982
7/29/2022 6:00,1.317
7/29/2022 7:00,1.521
7/29/2022 8:00,1.555
7/29/2022 9:00,1.488
7/29/2022 10:00,1.387
7/29/2022 11:00,1.258
7/29/2022 12:00,1.116
7/29/2022 13:00,0.97
7/29/2022 14:00,0.802
7/29/2022 15:00,0.626
7/29/2022 16:00,0.531
7/29/2022 17:00,0.588
7/29/2022 18:00,0.793
7/29/2022 19:00,1.018
7/29/2022 20:00,1.089
7/29/2022 21:00,1.01
7/29/2022 22:00,0.926
7/29/2022 23:00,0.955
7/30/2022 0:00,1.043
7/30/2022 1:00,1.085
7/30/2022 2:00,1.141
7/30/2022 3:00,1.224
7/30/2022 4:00,1.421
7/30/2022 5:00,1.66
7/30/2022 6:00,1.841
7/30/2022 7:00,1.954
7/30/2022 8:00,2.079
7/30/2022 9:00,2.261
7/30/2022 10:00,2.423
7/30/2022 11:00,2.543
7/30/2022 12:00,2.662
7/30/2022 13:00,2.764
7/30/2022 14:00,2.811
7/30/2022 15:00,2.691
7/30/2022 16:00,2.377
7/30/2022 17:00,1.76
7/30/2022 18:00,1.342
7/30/2022 19:00,1.415
7/30/2022 20:00,1.553
7/30/2022 21:00,1.754
7/30/2022 22:00,1.834
7/30/2022 23:00,1.851
7/31/2022 0:00,1.821
7/31/2022 1:00,1.805
7/31/2022 2:00,1.768
7/31/2022 3:00,1.698
7/31/2022 4:00,1.803
7/31/2022 5:00,2.15
7/31/2022 6:00,2.432
7/31/2022 7:00,2.637
7/31/2022 8:00,2.816
7/31/2022 9:00,2.901
7/31/2022 10:00,2.911
7/31/2022 11:00,2.918
7/31/2022 12:00,2.903
7/31/2022 13:00,2.853
7/31/2022 14:00,2.73
7/31/2022 15:00,2.547
7/31/2022 16:00,2.153
7/31/2022 17:00,1.37
7/31/2022 18:00,1.035
7/31/2022 19:00,1.054
7/31/2022 20:00,1.06
7/31/2022 21:00,1.039
7/31/2022 22:00,1.016
7/31/2022 23:00,0.992
8/1/2022 0:00,0.956
8/1/2022 1:00,0.955
8/1/2022 2:00,1.007
8/1/2022 3:00,1.026
8/1/2022 4:00,1.24
8/1/2022 5:00,1.339
8/1/2022 6:00,1.358
8/1/2022 7:00,1.45
8/1/2022 8:00,1.524
8/1/2022 9:00,1.65
8/1/2022 10:00,1.821
8/1/2022 11:00,1.955
8/1/2022 12:00,1.992
8/1/2022 13:00,1.984
8/1/2022 14:00,1.935
8/1/2022 15:00,1.826
8/1/2022 16:00,1.558
8/1/2022 17:00,0.845
8/1/2022 18:00,0.715
8/1/2022 19:00,0.739
8/1/2022 20:00,0.749
8/1/2022 21:00,0.757
8/1/2022 22:00,0.803
8/1/2022 23:00,0.837
8/2/2022 0:00,0.875
8/2/2022 1:00,0.903
8/2/2022 2:00,0.902
8/2/2022 3:00,0.881
8/2/2022 4:00,1.019
8/2/2022 5:00,1.017
8/2/2022 6:00,1.005
8/2/2022 7:00,0.979
8/2/2022 8:00,0.974
8/2/2022 9:00,0.984
8/2/2022 10:00,0.979
8/2/2022 11:00,0.98
8/2/2022 12:00,0.965
8/2/2022 13:00,0.938
8/2/2022 14:00,0.939
8/2/2022 15:00,0.919
8/2/2022 16:00,0.837
8/2/2022 17:00,0.512
8/2/2022 18:00,0.663
8/2/2022 19:00,0.691
8/2/2022 20:00,0.664
8/2/2022 21:00,0.668
8/2/2022 22:00,0.685
8/2/2022 23:00,0.709
8/3/2022 0:00,0.727
8/3/2022 1:00,0.733
8/3/2022 2:00,0.719
8/3/2022 3:00,0.687
8/3/2022 4:00,0.544
8/3/2022 5:00,0.592
8/3/2022 6:00,0.664
8/3/2022 7:00,0.881
8/3/2022 8:00,1.024
8/3/2022 9:00,1.123
8/3/2022 10:00,1.127
8/3/2022 11:00,1.072
8/3/2022 12:00,0.999
8/3/2022 13:00,0.95
8/3/2022 14:00,0.937
8/3/2022 15:00,0.941
8/3/2022 16:00,0.905
8/3/2022 17:00,0.621
8/3/2022 18:00,0.875
8/3/2022 19:00,0.93
8/3/2022 20:00,0.939
8/3/2022 21:00,0.934
8/3/2022 22:00,0.902
8/3/2022 23:00,0.867
8/4/2022 0:00,0.873
8/4/2022 1:00,0.849
8/4/2022 2:00,0.793
8/4/2022 3:00,0.71
8/4/2022 4:00,0.548
8/4/2022 5:00,0.655
8/4/2022 6:00,0.961
8/4/2022 7:00,1.239
8/4/2022 8:00,1.376
8/4/2022 9:00,1.44
8/4/2022 10:00,1.437
8/4/2022 11:00,1.385
8/4/2022 12:00,1.309
8/4/2022 13:00,1.228
8/4/2022 14:00,1.148
8/4/2022 15:00,1.085
8/4/2022 16:00,0.98
8/4/2022 17:00,0.644
8/4/2022 18:00,0.85
8/4/2022 19:00,0.953
8/4/2022 20:00,1
8/4/2022 21:00,1.014
8/4/2022 22:00,0.993
8/4/2022 23:00,0.976
8/5/2022 0:00,0.957
8/5/2022 1:00,0.949
8/5/2022 2:00,0.932
8/5/2022 3:00,0.895
8/5/2022 4:00,0.81
8/5/2022 5:00,1.013
8/5/2022 6:00,1.26
8/5/2022 7:00,1.504
8/5/2022 8:00,1.55
8/5/2022 9:00,1.456
8/5/2022 10:00,1.279
8/5/2022 11:00,1.076
8/5/2022 12:00,0.885
8/5/2022 13:00,0.769
8/5/2022 14:00,0.804
8/5/2022 15:00,0.827
8/5/2022 16:00,0.803
8/5/2022 17:00,0.528
8/5/2022 18:00,0.561
8/5/2022 19:00,0.559
8/5/2022 20:00,0.669
8/5/2022 21:00,0.977
8/5/2022 22:00,1.27
8/5/2022 23:00,1.47
8/6/2022 0:00,1.649
8/6/2022 1:00,1.785
8/6/2022 2:00,2.046
8/6/2022 3:00,2.174
8/6/2022 4:00,2.394
8/6/2022 5:00,2.741
8/6/2022 6:00,2.975
8/6/2022 7:00,2.982
8/6/2022 8:00,2.921
8/6/2022 9:00,2.88
8/6/2022 10:00,2.882
8/6/2022 11:00,2.877
8/6/2022 12:00,2.81
8/6/2022 13:00,2.723
8/6/2022 14:00,2.624
8/6/2022 15:00,2.504
8/6/2022 16:00,2.235
8/6/2022 17:00,1.689
8/6/2022 18:00,1.439
8/6/2022 19:00,1.523
8/6/2022 20:00,1.487
8/6/2022 21:00,1.399
8/6/2022 22:00,1.322
8/6/2022 23:00,1.383
8/7/2022 0:00,1.453
8/7/2022 1:00,1.505
8/7/2022 2:00,1.49
8/7/2022 3:00,1.489
8/7/2022 4:00,1.745
8/7/2022 5:00,1.998
8/7/2022 6:00,2.24
8/7/2022 7:00,2.327
8/7/2022 8:00,2.325
8/7/2022 9:00,2.286
8/7/2022 10:00,2.194
8/7/2022 11:00,2.106
8/7/2022 12:00,2.045
8/7/2022 13:00,1.98
8/7/2022 14:00,1.896
8/7/2022 15:00,1.802
8/7/2022 16:00,1.586
8/7/2022 17:00,1.195
8/7/2022 18:00,1.101
8/7/2022 19:00,1.175
8/7/2022 20:00,1.207
8/7/2022 21:00,1.21
8/7/2022 22:00,1.186
8/7/2022 23:00,1.175
8/8/2022 0:00,1.144
8/8/2022 1:00,1.099
8/8/2022 2:00,1.038
8/8/2022 3:00,1.045
8/8/2022 4:00,1.251
8/8/2022 5:00,1.426
8/8/2022 6:00,1.547
8/8/2022 7:00,1.711
8/8/2022 8:00,1.791
8/8/2022 9:00,1.766
8/8/2022 10:00,1.669
8/8/2022 11:00,1.553
8/8/2022 12:00,1.43
8/8/2022 13:00,1.32
8/8/2022 14:00,1.189
8/8/2022 15:00,1.08
8/8/2022 16:00,0.921
8/8/2022 17:00,0.623
8/8/2022 18:00,0.686
8/8/2022 19:00,0.755
8/8/2022 20:00,0.824
8/8/2022 21:00,0.909
8/8/2022 22:00,0.974
8/8/2022 23:00,1.005
8/9/2022 0:00,1.031
8/9/2022 1:00,1.055
8/9/2022 2:00,1.085
8/9/2022 3:00,1.112
8/9/2022 4:00,1.258
8/9/2022 5:00,1.526
8/9/2022 6:00,1.856
8/9/2022 7:00,2.292
8/9/2022 8:00,2.433
8/9/2022 9:00,2.468
8/9/2022 10:00,2.445
8/9/2022 11:00,2.405
8/9/2022 12:00,2.37
8/9/2022 13:00,2.34
8/9/2022 14:00,2.305
8/9/2022 15:00,2.238
8/9/2022 16:00,1.931
8/9/2022 17:00,1.331
8/9/2022 18:00,1.341
8/9/2022 19:00,1.414
8/9/2022 20:00,1.429
8/9/2022 21:00,1.457
8/9/2022 22:00,1.394
8/9/2022 23:00,1.308
8/10/2022 0:00,1.222
8/10/2022 1:00,1.133
8/10/2022 2:00,1.068
8/10/2022 3:00,1.026
8/10/2022 4:00,1.217
8/10/2022 5:00,1.34
8/10/2022 6:00,1.485
8/10/2022 7:00,1.712
8/10/2022 8:00,1.793
8/10/2022 9:00,1.794
8/10/2022 10:00,1.812
8/10/2022 11:00,1.861
8/10/2022 12:00,1.933
8/10/2022 13:00,1.999
8/10/2022 14:00,2.031
8/10/2022 15:00,2.003
8/10/2022 16:00,1.745
8/10/2022 17:00,1.177
8/10/2022 18:00,1.221
8/10/2022 19:00,1.353
8/10/2022 20:00,1.365
8/10/2022 21:00,1.317
8/10/2022 22:00,1.257
8/10/2022 23:00,1.172
8/11/2022 0:00,1.081
8/11/2022 1:00,0.998
8/11/2022 2:00,0.956
8/11/2022 3:00,0.901
8/11/2022 4:00,0.93
8/11/2022 5:00,1.076
8/11/2022 6:00,1.092
8/11/2022 7:00,1.353
8/11/2022 8:00,1.488
8/11/2022 9:00,1.508
8/11/2022 10:00,1.521
8/11/2022 11:00,1.579
8/11/2022 12:00,1.662
8/11/2022 13:00,1.719
8/11/2022 14:00,1.755
8/11/2022 15:00,1.766
8/11/2022 16:00,1.561
8/11/2022 17:00,1.084
8/11/2022 18:00,1.133
8/11/2022 19:00,1.357
8/11/2022 20:00,1.326
8/11/2022 21:00,1.121
8/11/2022 22:00,0.983
8/11/2022 23:00,0.927
8/12/2022 0:00,0.899
8/12/2022 1:00,0.877
8/12/2022 2:00,0.853
8/12/2022 3:00,0.799
8/12/2022 4:00,0.961
8/12/2022 5:00,1.141
8/12/2022 6:00,1.191
8/12/2022 7:00,1.342
8/12/2022 8:00,1.494
8/12/2022 9:00,1.575
8/12/2022 10:00,1.565
8/12/2022 11:00,1.48
8/12/2022 12:00,1.372
8/12/2022 13:00,1.289
8/12/2022 14:00,1.232
8/12/2022 15:00,1.156
8/12/2022 16:00,0.886
8/12/2022 17:00,0.632
8/12/2022 18:00,0.789
8/12/2022 19:00,0.864
8/12/2022 20:00,0.903
8/12/2022 21:00,0.93
8/12/2022 22:00,0.936
8/12/2022 23:00,0.93
8/13/2022 0:00,0.924
8/13/2022 1:00,0.917
8/13/2022 2:00,0.913
8/13/2022 3:00,0.886
8/13/2022 4:00,1.079
8/13/2022 5:00,1.224
8/13/2022 6:00,1.332
8/13/2022 7:00,1.445
8/13/2022 8:00,1.462
8/13/2022 9:00,1.47
8/13/2022 10:00,1.434
8/13/2022 11:00,1.402
8/13/2022 12:00,1.402
8/13/2022 13:00,1.402
8/13/2022 14:00,1.384
8/13/2022 15:00,1.341
8/13/2022 16:00,1.184
8/13/2022 17:00,0.899
8/13/2022 18:00,1.1
8/13/2022 19:00,1.175
8/13/2022 20:00,1.17
8/13/2022 21:00,1.143
8/13/2022 22:00,1.138
8/13/2022 23:00,1.141
8/14/2022 0:00,1.154
8/14/2022 1:00,1.206
8/14/2022 2:00,1.217
8/14/2022 3:00,1.222
8/14/2022 4:00,1.3
8/14/2022 5:00,1.379
8/14/2022 6:00,1.483
8/14/2022 7:00,1.458
8/14/2022 8:00,1.263
8/14/2022 9:00,1.032
8/14/2022 10:00,0.872
8/14/2022 11:00,0.826
8/14/2022 12:00,0.843
8/14/2022 13:00,0.844
8/14/2022 14:00,0.853
8/14/2022 15:00,0.861
8/14/2022 16:00,0.753
8/14/2022 17:00,0.457
8/14/2022 18:00,0.554
8/14/2022 19:00,0.592
8/14/2022 20:00,0.663
8/14/2022 21:00,0.713
8/14/2022 22:00,0.742
8/14/2022 23:00,0.757
8/15/2022 0:00,0.769
8/15/2022 1:00,0.811
8/15/2022 2:00,0.821
8/15/2022 3:00,0.794
8/15/2022 4:00,0.688
8/15/2022 5:00,0.789
8/15/2022 6:00,0.974
8/15/2022 7:00,1.187
8/15/2022 8:00,1.277
8/15/2022 9:00,1.32
8/15/2022 10:00,1.305
8/15/2022 11:00,1.242
8/15/2022 12:00,1.176
8/15/2022 13:00,1.143
8/15/2022 14:00,1.129
8/15/2022 15:00,1.11
8/15/2022 16:00,0.972
8/15/2022 17:00,0.822
8/15/2022 18:00,1.143
8/15/2022 19:00,1.404
8/15/2022 20:00,1.398
8/15/2022 21:00,1.355
8/15/2022 22:00,1.339
8/15/2022 23:00,1.374
8/16/2022 0:00,1.411
8/16/2022 1:00,1.429
8/16/2022 2:00,1.447
8/16/2022 3:00,1.423
8/16/2022 4:00,1.497
8/16/2022 5:00,1.676
8/16/2022 6:00,1.828
8/16/2022 7:00,1.685
8/16/2022 8:00,1.464
8/16/2022 9:00,1.387
8/16/2022 10:00,1.336
8/16/2022 11:00,1.308
8/16/2022 12:00,1.285
8/16/2022 13:00,1.253
8/16/2022 14:00,1.197
8/16/2022 15:00,1.099
8/16/2022 16:00,0.87
8/16/2022 17:00,0.577
8/16/2022 18:00,0.781
8/16/2022 19:00,0.823
8/16/2022 20:00,0.867
8/16/2022 21:00,0.928
8/16/2022 22:00,0.988
8/16/2022 23:00,1.015
8/17/2022 0:00,1.011
8/17/2022 1:00,0.992
8/17/2022 2:00,0.961
8/17/2022 3:00,0.905
8/17/2022 4:00,0.728
8/17/2022 5:00,0.871
8/17/2022 6:00,0.74
8/17/2022 7:00,0.711
8/17/2022 8:00,0.812
8/17/2022 9:00,0.826
8/17/2022 10:00,0.791
8/17/2022 11:00,0.727
8/17/2022 12:00,0.644
8/17/2022 13:00,0.637
8/17/2022 14:00,0.734
8/17/2022 15:00,0.764
8/17/2022 16:00,0.653
8/17/2022 17:00,0.604
8/17/2022 18:00,0.789
8/17/2022 19:00,0.811
8/17/2022 20:00,0.833
8/17/2022 21:00,0.837
8/17/2022 22:00,0.848
8/17/2022 23:00,0.793
8/18/2022 0:00,0.767
8/18/2022 1:00,0.78
8/18/2022 2:00,0.799
8/18/2022 3:00,0.822
8/18/2022 4:00,0.863
8/18/2022 5:00,1.112
8/18/2022 6:00,1.173
8/18/2022 7:00,1.391
8/18/2022 8:00,1.339
8/18/2022 9:00,1.198
8/18/2022 10:00,0.999
8/18/2022 11:00,1.042
8/18/2022 12:00,1.52
8/18/2022 13:00,1.508
8/18/2022 14:00,1.352
8/18/2022 15:00,1.059
8/18/2022 16:00,0.835
8/18/2022 17:00,0.6
8/18/2022 18:00,0.694
8/18/2022 19:00,0.766
8/18/2022 20:00,0.826
8/18/2022 21:00,0.892
8/18/2022 22:00,0.912
8/18/2022 23:00,0.887
8/19/2022 0:00,0.834
8/19/2022 1:00,0.787
8/19/2022 2:00,0.752
8/19/2022 3:00,0.709
8/19/2022 4:00,0.714
8/19/2022 5:00,0.949
8/19/2022 6:00,0.856
8/19/2022 7:00,0.544
8/19/2022 8:00,0.571
8/19/2022 9:00,0.903
8/19/2022 10:00,1.166
8/19/2022 11:00,1.373
8/19/2022 12:00,1.49
8/19/2022 13:00,1.587
8/19/2022 14:00,1.682
8/19/2022 15:00,1.572
8/19/2022 16:00,1.048
8/19/2022 17:00,0.673
8/19/2022 18:00,0.714
8/19/2022 19:00,0.719
8/19/2022 20:00,0.761
8/19/2022 21:00,0.767
8/19/2022 22:00,0.743
8/19/2022 23:00,0.731
8/20/2022 0:00,0.718
8/20/2022 1:00,0.781
8/20/2022 2:00,0.973
8/20/2022 3:00,1.164
8/20/2022 4:00,1.463
8/20/2022 5:00,1.858
8/20/2022 6:00,2.161
8/20/2022 7:00,2.085
8/20/2022 8:00,1.908
8/20/2022 9:00,1.716
8/20/2022 10:00,1.562
8/20/2022 11:00,1.531
8/20/2022 12:00,1.633
8/20/2022 13:00,1.782
8/20/2022 14:00,1.874
8/20/2022 15:00,1.82
8/20/2022 16:00,1.652
8/20/2022 17:00,1.521
8/20/2022 18:00,1.676
8/20/2022 19:00,1.837
8/20/2022 20:00,1.93
8/20/2022 21:00,1.924
8/20/2022 22:00,1.934
8/20/2022 23:00,1.952
8/21/2022 0:00,1.928
8/21/2022 1:00,1.905
8/21/2022 2:00,1.901
8/21/2022 3:00,1.925
8/21/2022 4:00,2.022
8/21/2022 5:00,2.322
8/21/2022 6:00,2.714
8/21/2022 7:00,2.973
8/21/2022 8:00,3.122
8/21/2022 9:00,3.181
8/21/2022 10:00,3.186
8/21/2022 11:00,3.187
8/21/2022 12:00,3.19
8/21/2022 13:00,3.149
8/21/2022 14:00,3.022
8/21/2022 15:00,2.74
8/21/2022 16:00,2.281
8/21/2022 17:00,1.786
8/21/2022 18:00,1.704
8/21/2022 19:00,1.668
8/21/2022 20:00,1.696
8/21/2022 21:00,1.783
8/21/2022 22:00,1.862
8/21/2022 23:00,1.93
8/22/2022 0:00,1.991
8/22/2022 1:00,2.035
8/22/2022 2:00,2.074
8/22/2022 3:00,2.137
8/22/2022 4:00,2.203
8/22/2022 5:00,2.246
8/22/2022 6:00,2.416
8/22/2022 7:00,2.561
8/22/2022 8:00,2.611
8/22/2022 9:00,2.633
8/22/2022 10:00,2.655
8/22/2022 11:00,2.636
8/22/2022 12:00,2.561
8/22/2022 13:00,2.447
8/22/2022 14:00,2.297
8/22/2022 15:00,2.1
8/22/2022 16:00,1.9
8/22/2022 17:00,1.726
8/22/2022 18:00,1.79
8/22/2022 19:00,1.768
8/22/2022 20:00,1.697
8/22/2022 21:00,1.59
8/22/2022 22:00,1.555
8/22/2022 23:00,1.563
8/23/2022 0:00,1.54
8/23/2022 1:00,1.498
8/23/2022 2:00,1.458
8/23/2022 3:00,1.483
8/23/2022 4:00,1.503
8/23/2022 5:00,1.599
8/23/2022 6:00,1.748
8/23/2022 7:00,1.933
8/23/2022 8:00,2.076
8/23/2022 9:00,2.143
8/23/2022 10:00,2.15
8/23/2022 11:00,2.108
8/23/2022 12:00,2.051
8/23/2022 13:00,1.969
8/23/2022 14:00,1.858
8/23/2022 15:00,1.672
8/23/2022 16:00,1.351
8/23/2022 17:00,0.869
8/23/2022 18:00,0.969
8/23/2022 19:00,1.145
8/23/2022 20:00,1.18
8/23/2022 21:00,1.1
8/23/2022 22:00,1.087
8/23/2022 23:00,1.099
8/24/2022 0:00,1.097
8/24/2022 1:00,1.083
8/24/2022 2:00,1.081
8/24/2022 3:00,1.088
8/24/2022 4:00,1.205
8/24/2022 5:00,1.496
8/24/2022 6:00,1.66
8/24/2022 7:00,1.779
8/24/2022 8:00,1.793
8/24/2022 9:00,1.761
8/24/2022 10:00,1.718
8/24/2022 11:00,1.691
8/24/2022 12:00,1.69
8/24/2022 13:00,1.692
8/24/2022 14:00,1.67
8/24/2022 15:00,1.563
8/24/2022 16:00,1.235
8/24/2022 17:00,0.885
8/24/2022 18:00,1.018
8/24/2022 19:00,1.103
8/24/2022 20:00,1.095
8/24/2022 21:00,1.056
8/24/2022 22:00,1.008
8/24/2022 23:00,0.944
8/25/2022 0:00,0.897
8/25/2022 1:00,0.84
8/25/2022 2:00,0.791
8/25/2022 3:00,0.758
8/25/2022 4:00,0.765
8/25/2022 5:00,0.959
8/25/2022 6:00,0.802
8/25/2022 7:00,0.838
8/25/2022 8:00,0.959
8/25/2022 9:00,1.057
8/25/2022 10:00,1.137
8/25/2022 11:00,1.176
8/25/2022 12:00,1.167
8/25/2022 13:00,1.128
8/25/2022 14:00,1.061
8/25/2022 15:00,0.996
8/25/2022 16:00,0.775
8/25/2022 17:00,0.508
8/25/2022 18:00,0.576
8/25/2022 19:00,0.544
8/25/2022 20:00,0.571
8/25/2022 21:00,0.638
8/25/2022 22:00,0.701
8/25/2022 23:00,0.736
8/26/2022 0:00,0.755
8/26/2022 1:00,0.764
8/26/2022 2:00,0.773
8/26/2022 3:00,0.772
8/26/2022 4:00,0.72
8/26/2022 5:00,0.858
8/26/2022 6:00,0.63
8/26/2022 7:00,0.396
8/26/2022 8:00,0.583
8/26/2022 9:00,0.714
8/26/2022 10:00,0.819
8/26/2022 11:00,0.875
8/26/2022 12:00,0.886
8/26/2022 13:00,0.849
8/26/2022 14:00,0.778
8/26/2022 15:00,0.677
8/26/2022 16:00,0.475
8/26/2022 17:00,0.52
8/26/2022 18:00,0.64
8/26/2022 19:00,0.666
8/26/2022 20:00,0.684
8/26/2022 21:00,0.658
8/26/2022 22:00,0.64
8/26/2022 23:00,0.681
8/27/2022 0:00,0.74
8/27/2022 1:00,0.764
8/27/2022 2:00,0.798
8/27/2022 3:00,0.845
8/27/2022 4:00,0.956
8/27/2022 5:00,1.201
8/27/2022 6:00,1.058
8/27/2022 7:00,0.898
8/27/2022 8:00,0.809
8/27/2022 9:00,0.765
8/27/2022 10:00,0.745
8/27/2022 11:00,0.737
8/27/2022 12:00,0.721
8/27/2022 13:00,0.703
8/27/2022 14:00,0.663
8/27/2022 15:00,0.587
8/27/2022 16:00,0.509
8/27/2022 17:00,0.461
8/27/2022 18:00,0.596
8/27/2022 19:00,0.708
8/27/2022 20:00,0.734
8/27/2022 21:00,0.693
8/27/2022 22:00,0.62
8/27/2022 23:00,0.546
8/28/2022 0:00,0.524
8/28/2022 1:00,0.514
8/28/2022 2:00,0.515
8/28/2022 3:00,0.541
8/28/2022 4:00,0.581
8/28/2022 5:00,0.785
8/28/2022 6:00,0.726
8/28/2022 7:00,0.669
8/28/2022 8:00,0.657
8/28/2022 9:00,0.617
8/28/2022 10:00,0.634
8/28/2022 11:00,0.666
8/28/2022 12:00,0.73
8/28/2022 13:00,0.791
8/28/2022 14:00,0.862
8/28/2022 15:00,0.836
8/28/2022 16:00,0.769
8/28/2022 17:00,0.804
8/28/2022 18:00,1.017
8/28/2022 19:00,1.186
8/28/2022 20:00,1.284
8/28/2022 21:00,1.369
8/28/2022 22:00,1.424
8/28/2022 23:00,1.382
8/29/2022 0:00,1.306
8/29/2022 1:00,1.219
8/29/2022 2:00,1.135
8/29/2022 3:00,1.059
8/29/2022 4:00,1.081
8/29/2022 5:00,1.256
8/29/2022 6:00,1.378
8/29/2022 7:00,1.453
8/29/2022 8:00,1.491
8/29/2022 9:00,1.49
8/29/2022 10:00,1.444
8/29/2022 11:00,1.392
8/29/2022 12:00,1.352
8/29/2022 13:00,1.327
8/29/2022 14:00,1.277
8/29/2022 15:00,1.196
8/29/2022 16:00,0.892
8/29/2022 17:00,0.67
8/29/2022 18:00,0.813
8/29/2022 19:00,0.84
8/29/2022 20:00,0.841
8/29/2022 21:00,0.855
8/29/2022 22:00,0.874
8/29/2022 23:00,0.878
8/30/2022 0:00,0.868
8/30/2022 1:00,0.854
8/30/2022 2:00,0.839
8/30/2022 3:00,0.82
8/30/2022 4:00,0.85
8/30/2022 5:00,1.095
8/30/2022 6:00,1.034
8/30/2022 7:00,1.07
8/30/2022 8:00,1.127
8/30/2022 9:00,1.204
8/30/2022 10:00,1.25
8/30/2022 11:00,1.261
8/30/2022 12:00,1.268
8/30/2022 13:00,1.293
8/30/2022 14:00,1.33
8/30/2022 15:00,1.327
8/30/2022 16:00,1.003
8/30/2022 17:00,0.684
8/30/2022 18:00,0.785
8/30/2022 19:00,0.843
8/30/2022 20:00,0.874
8/30/2022 21:00,0.862
8/30/2022 22:00,0.855
8/30/2022 23:00,0.859
8/31/2022 0:00,0.873
8/31/2022 1:00,0.908
8/31/2022 2:00,0.944
8/31/2022 3:00,0.971
8/31/2022 4:00,1.101
8/31/2022 5:00,1.425
8/31/2022 6:00,1.461
8/31/2022 7:00,1.566
8/31/2022 8:00,1.663
8/31/2022 9:00,1.681
8/31/2022 10:00,1.639
8/31/2022 11:00,1.638
8/31/2022 12:00,1.771
8/31/2022 13:00,1.905
8/31/2022 14:00,1.969
8/31/2022 15:00,1.967
8/31/2022 16:00,1.89
8/31/2022 17:00,1.736
8/31/2022 18:00,1.761
8/31/2022 19:00,1.691
8/31/2022 20:00,1.571
8/31/2022 21:00,1.483
8/31/2022 22:00,1.361
8/31/2022 23:00,1.221
9/1/2022 0:00,1.107
9/1/2022 1:00,1.03
9/1/2022 2:00,0.955
9/1/2022 3:00,0.948
9/1/2022 4:00,1.075
9/1/2022 5:00,1.442
9/1/2022 6:00,1.623
9/1/2022 7:00,1.93
9/1/2022 8:00,2.237
9/1/2022 9:00,2.417
9/1/2022 10:00,2.446
9/1/2022 11:00,2.389
9/1/2022 12:00,2.305
9/1/2022 13:00,2.225
9/1/2022 14:00,2.146
9/1/2022 15:00,2.032
9/1/2022 16:00,1.615
9/1/2022 17:00,1.221
9/1/2022 18:00,1.263
9/1/2022 19:00,1.324
9/1/2022 20:00,1.363
9/1/2022 21:00,1.388
9/1/2022 22:00,1.28
9/1/2022 23:00,1.236
9/2/2022 0:00,1.195
9/2/2022 1:00,1.182
9/2/2022 2:00,1.157
9/2/2022 3:00,1.078
9/2/2022 4:00,1.117
9/2/2022 5:00,1.295
9/2/2022 6:00,1.323
9/2/2022 7:00,1.282
9/2/2022 8:00,1.225
9/2/2022 9:00,1.181
9/2/2022 10:00,1.128
9/2/2022 11:00,1.086
9/2/2022 12:00,1.066
9/2/2022 13:00,1.067
9/2/2022 14:00,1.068
9/2/2022 15:00,1.046
9/2/2022 16:00,0.822
9/2/2022 17:00,0.644
9/2/2022 18:00,0.734
9/2/2022 19:00,0.747
9/2/2022 20:00,0.763
9/2/2022 21:00,0.765
9/2/2022 22:00,0.749
9/2/2022 23:00,0.716
9/3/2022 0:00,0.689
9/3/2022 1:00,0.716
9/3/2022 2:00,0.76
9/3/2022 3:00,0.774
9/3/2022 4:00,0.75
9/3/2022 5:00,0.941
9/3/2022 6:00,1.208
9/3/2022 7:00,1.544
9/3/2022 8:00,1.653
9/3/2022 9:00,1.643
9/3/2022 10:00,1.614
9/3/2022 11:00,1.566
9/3/2022 12:00,1.492
9/3/2022 13:00,1.418
9/3/2022 14:00,1.375
9/3/2022 15:00,1.261
9/3/2022 16:00,0.842
9/3/2022 17:00,0.732
9/3/2022 18:00,0.795
9/3/2022 19:00,0.89
9/3/2022 20:00,0.966
9/3/2022 21:00,0.951
9/3/2022 22:00,0.861
9/3/2022 23:00,0.775
9/4/2022 0:00,0.728
9/4/2022 1:00,0.721
9/4/2022 2:00,0.733
9/4/2022 3:00,0.724
9/4/2022 4:00,0.679
9/4/2022 5:00,0.686
9/4/2022 6:00,0.713
9/4/2022 7:00,0.749
9/4/2022 8:00,0.805
9/4/2022 9:00,0.799
9/4/2022 10:00,0.706
9/4/2022 11:00,0.633
9/4/2022 12:00,0.658
9/4/2022 13:00,0.72
9/4/2022 14:00,0.717
9/4/2022 15:00,0.665
9/4/2022 16:00,0.492
9/4/2022 17:00,0.561
9/4/2022 18:00,0.749
9/4/2022 19:00,0.804
9/4/2022 20:00,0.819
9/4/2022 21:00,0.801
9/4/2022 22:00,0.787
9/4/2022 23:00,0.802
9/5/2022 0:00,0.812
9/5/2022 1:00,0.793
9/5/2022 2:00,0.773
9/5/2022 3:00,0.733
9/5/2022 4:00,0.692
9/5/2022 5:00,0.648
9/5/2022 6:00,0.764
9/5/2022 7:00,1.139
9/5/2022 8:00,1.294
9/5/2022 9:00,1.36
9/5/2022 10:00,1.366
9/5/2022 11:00,1.334
9/5/2022 12:00,1.286
9/5/2022 13:00,1.242
9/5/2022 14:00,1.224
9/5/2022 15:00,1.191
9/5/2022 16:00,0.805
9/5/2022 17:00,0.748
9/5/2022 18:00,0.828
9/5/2022 19:00,0.839
9/5/2022 20:00,0.836
9/5/2022 21:00,0.838
9/5/2022 22:00,0.833
9/5/2022 23:00,0.831
9/6/2022 0:00,0.828
9/6/2022 1:00,0.832
9/6/2022 2:00,0.829
9/6/2022 3:00,0.791
9/6/2022 4:00,0.727
9/6/2022 5:00,0.717
9/6/2022 6:00,0.75
9/6/2022 7:00,0.999
9/6/2022 8:00,1.054
9/6/2022 9:00,1.027
9/6/2022 10:00,0.919
9/6/2022 11:00,0.766
9/6/2022 12:00,0.631
9/6/2022 13:00,0.586
9/6/2022 14:00,0.592
9/6/2022 15:00,0.613
9/6/2022 16:00,0.535
9/6/2022 17:00,0.652
9/6/2022 18:00,0.762
9/6/2022 19:00,0.799
9/6/2022 20:00,0.776
9/6/2022 21:00,0.743
9/6/2022 22:00,0.733
9/6/2022 23:00,0.737
9/7/2022 0:00,0.733
9/7/2022 1:00,0.725
9/7/2022 2:00,0.732
9/7/2022 3:00,0.728
9/7/2022 4:00,0.729
9/7/2022 5:00,0.849
9/7/2022 6:00,0.905
9/7/2022 7:00,0.935
9/7/2022 8:00,0.979
9/7/2022 9:00,1.012
9/7/2022 10:00,0.953
9/7/2022 11:00,0.836
9/7/2022 12:00,0.708
9/7/2022 13:00,0.582
9/7/2022 14:00,0.595
9/7/2022 15:00,0.64
9/7/2022 16:00,0.514
9/7/2022 17:00,0.644
9/7/2022 18:00,0.666
9/7/2022 19:00,0.68
9/7/2022 20:00,0.697
9/7/2022 21:00,0.713
9/7/2022 22:00,0.701
9/7/2022 23:00,0.689
9/8/2022 0:00,0.691
9/8/2022 1:00,0.694
9/8/2022 2:00,0.708
9/8/2022 3:00,0.767
9/8/2022 4:00,0.9
9/8/2022 5:00,1.41
9/8/2022 6:00,1.596
9/8/2022 7:00,1.916
9/8/2022 8:00,2.167
9/8/2022 9:00,2.208
9/8/2022 10:00,2.143
9/8/2022 11:00,2.029
9/8/2022 12:00,1.9
9/8/2022 13:00,1.787
9/8/2022 14:00,1.722
9/8/2022 15:00,1.704
9/8/2022 16:00,1.57
9/8/2022 17:00,1.492
9/8/2022 18:00,1.295
9/8/2022 19:00,1.116
9/8/2022 20:00,1.15
9/8/2022 21:00,1.109
9/8/2022 22:00,1.053
9/8/2022 23:00,1.045
9/9/2022 0:00,1.027
9/9/2022 1:00,0.965
9/9/2022 2:00,0.873
9/9/2022 3:00,0.84
9/9/2022 4:00,0.809
9/9/2022 5:00,0.844
9/9/2022 6:00,0.83
9/9/2022 7:00,0.625
9/9/2022 8:00,0.736
9/9/2022 9:00,0.768
9/9/2022 10:00,0.848
9/9/2022 11:00,0.906
9/9/2022 12:00,0.94
9/9/2022 13:00,0.946
9/9/2022 14:00,0.909
9/9/2022 15:00,0.725
9/9/2022 16:00,0.472
9/9/2022 17:00,0.455
9/9/2022 18:00,0.558
9/9/2022 19:00,0.658
9/9/2022 20:00,0.842
9/9/2022 21:00,0.937
9/9/2022 22:00,0.942
9/9/2022 23:00,1.091
9/10/2022 0:00,1.233
9/10/2022 1:00,1.265
9/10/2022 2:00,1.165
9/10/2022 3:00,1.033
9/10/2022 4:00,1.002
9/10/2022 5:00,1.376
9/10/2022 6:00,1.695
9/10/2022 7:00,1.998
9/10/2022 8:00,2.191
9/10/2022 9:00,2.203
9/10/2022 10:00,2.198
9/10/2022 11:00,2.215
9/10/2022 12:00,2.215
9/10/2022 13:00,2.173
9/10/2022 14:00,2.03
9/10/2022 15:00,1.788
9/10/2022 16:00,1.391
9/10/2022 17:00,1.143
9/10/2022 18:00,1.137
9/10/2022 19:00,1.211
9/10/2022 20:00,1.306
9/10/2022 21:00,1.354
9/10/2022 22:00,1.338
9/10/2022 23:00,1.314
9/11/2022 0:00,1.291
9/11/2022 1:00,1.303
9/11/2022 2:00,1.275
9/11/2022 3:00,1.247
9/11/2022 4:00,1.269
9/11/2022 5:00,1.547
9/11/2022 6:00,1.844
9/11/2022 7:00,2.057
9/11/2022 8:00,2.378
9/11/2022 9:00,2.601
9/11/2022 10:00,2.546
9/11/2022 11:00,2.494
9/11/2022 12:00,2.464
9/11/2022 13:00,2.447
9/11/2022 14:00,2.285
9/11/2022 15:00,1.993
9/11/2022 16:00,1.367
9/11/2022 17:00,1.151
9/11/2022 18:00,1.186
9/11/2022 19:00,1.168
9/11/2022 20:00,1.154
9/11/2022 21:00,1.156
9/11/2022 22:00,1.164
9/11/2022 23:00,1.167
9/12/2022 0:00,1.187
9/12/2022 1:00,1.206
9/12/2022 2:00,1.204
9/12/2022 3:00,1.199
9/12/2022 4:00,1.187
9/12/2022 5:00,1.382
9/12/2022 6:00,1.448
9/12/2022 7:00,1.435
9/12/2022 8:00,1.383
9/12/2022 9:00,1.376
9/12/2022 10:00,1.407
9/12/2022 11:00,1.418
9/12/2022 12:00,1.421
9/12/2022 13:00,1.415
9/12/2022 14:00,1.37
9/12/2022 15:00,1.213
9/12/2022 16:00,0.714
9/12/2022 17:00,0.778
9/12/2022 18:00,0.836
9/12/2022 19:00,0.813
9/12/2022 20:00,0.767
9/12/2022 21:00,0.763
9/12/2022 22:00,0.804
9/12/2022 23:00,0.841
9/13/2022 0:00,0.887
9/13/2022 1:00,0.915
9/13/2022 2:00,0.929
9/13/2022 3:00,0.935
9/13/2022 4:00,0.927
9/13/2022 5:00,0.836
9/13/2022 6:00,0.913
9/13/2022 7:00,1.027
9/13/2022 8:00,0.942
9/13/2022 9:00,0.877
9/13/2022 10:00,0.789
9/13/2022 11:00,0.734
9/13/2022 12:00,0.802
9/13/2022 13:00,0.856
9/13/2022 14:00,0.919
9/13/2022 15:00,0.855
9/13/2022 16:00,0.51
9/13/2022 17:00,0.761
9/13/2022 18:00,0.864
9/13/2022 19:00,0.912
9/13/2022 20:00,0.938
9/13/2022 21:00,0.883
9/13/2022 22:00,0.826
9/13/2022 23:00,0.803
9/14/2022 0:00,0.779
9/14/2022 1:00,0.749
9/14/2022 2:00,0.724
9/14/2022 3:00,0.711
9/14/2022 4:00,0.724
9/14/2022 5:00,0.649
9/14/2022 6:00,0.739
9/14/2022 7:00,0.76
9/14/2022 8:00,0.908
9/14/2022 9:00,1.156
9/14/2022 10:00,1.513
9/14/2022 11:00,1.628
9/14/2022 12:00,1.593
9/14/2022 13:00,1.559
9/14/2022 14:00,1.556
9/14/2022 15:00,1.3
9/14/2022 16:00,0.912
9/14/2022 17:00,0.937
9/14/2022 18:00,1.005
9/14/2022 19:00,1.033
9/14/2022 20:00,1.073
9/14/2022 21:00,1.126
9/14/2022 22:00,1.202
9/14/2022 23:00,1.26
9/15/2022 0:00,1.267
9/15/2022 1:00,1.322
9/15/2022 2:00,1.377
9/15/2022 3:00,1.382
9/15/2022 4:00,1.31
9/15/2022 5:00,1.427
9/15/2022 6:00,1.572
9/15/2022 7:00,1.741
9/15/2022 8:00,1.859
9/15/2022 9:00,2.133
9/15/2022 10:00,2.282
9/15/2022 11:00,2.37
9/15/2022 12:00,2.429
9/15/2022 13:00,2.326
9/15/2022 14:00,2.126
9/15/2022 15:00,1.973
9/15/2022 16:00,1.523
9/15/2022 17:00,1.38
9/15/2022 18:00,1.307
9/15/2022 19:00,1.354
9/15/2022 20:00,1.542
9/15/2022 21:00,1.411
9/15/2022 22:00,0.982
9/15/2022 23:00,0.895
9/16/2022 0:00,0.965
9/16/2022 1:00,1.015
9/16/2022 2:00,0.988
9/16/2022 3:00,0.868
9/16/2022 4:00,0.785
9/16/2022 5:00,1.021
9/16/2022 6:00,1.235
9/16/2022 7:00,1.285
9/16/2022 8:00,1.233
9/16/2022 9:00,1.24
9/16/2022 10:00,1.36
9/16/2022 11:00,1.411
9/16/2022 12:00,1.401
9/16/2022 13:00,1.348
9/16/2022 14:00,1.238
9/16/2022 15:00,1.099
9/16/2022 16:00,0.814
9/16/2022 17:00,0.641
9/16/2022 18:00,0.691
9/16/2022 19:00,0.821
9/16/2022 20:00,0.961
9/16/2022 21:00,1.115
9/16/2022 22:00,1.206
9/16/2022 23:00,1.266
9/17/2022 0:00,1.258
9/17/2022 1:00,1.272
9/17/2022 2:00,1.111
9/17/2022 3:00,1.372
9/17/2022 4:00,1.238
9/17/2022 5:00,1.473
9/17/2022 6:00,1.649
9/17/2022 7:00,1.652
9/17/2022 8:00,1.911
9/17/2022 9:00,2.421
9/17/2022 10:00,2.702
9/17/2022 11:00,2.647
9/17/2022 12:00,2.684
9/17/2022 13:00,2.82
9/17/2022 14:00,2.755
9/17/2022 15:00,2.606
9/17/2022 16:00,2.382
9/17/2022 17:00,2.227
9/17/2022 18:00,2.248
9/17/2022 19:00,2.396
9/17/2022 20:00,2.447
9/17/2022 21:00,2.271
9/17/2022 22:00,2.25
9/17/2022 23:00,2.242
9/18/2022 0:00,2.198
9/18/2022 1:00,2.165
9/18/2022 2:00,2.225
9/18/2022 3:00,2.297
9/18/2022 4:00,2.352
9/18/2022 5:00,2.548
9/18/2022 6:00,3.136
9/18/2022 7:00,3.686
9/18/2022 8:00,3.854
9/18/2022 9:00,3.838
9/18/2022 10:00,3.729
9/18/2022 11:00,3.576
9/18/2022 12:00,3.409
9/18/2022 13:00,3.208
9/18/2022 14:00,2.879
9/18/2022 15:00,2.485
9/18/2022 16:00,2.18
9/18/2022 17:00,2.083
9/18/2022 18:00,2.04
9/18/2022 19:00,2
9/18/2022 20:00,1.994
9/18/2022 21:00,2.069
9/18/2022 22:00,2.137
9/18/2022 23:00,2.09
9/19/2022 0:00,2.035
9/19/2022 1:00,2.134
9/19/2022 2:00,2.155
9/19/2022 3:00,2.029
9/19/2022 4:00,1.989
9/19/2022 5:00,2.167
9/19/2022 6:00,2.639
9/19/2022 7:00,2.924
9/19/2022 8:00,3.126
9/19/2022 9:00,3.405
9/19/2022 10:00,3.542
9/19/2022 11:00,3.554
9/19/2022 12:00,3.507
9/19/2022 13:00,3.356
9/19/2022 14:00,3.075
9/19/2022 15:00,2.539
9/19/2022 16:00,1.771
9/19/2022 17:00,1.556
9/19/2022 18:00,1.735
9/19/2022 19:00,1.71
9/19/2022 20:00,1.715
9/19/2022 21:00,1.717
9/19/2022 22:00,1.699
9/19/2022 23:00,1.632
9/20/2022 0:00,1.519
9/20/2022 1:00,1.393
9/20/2022 2:00,1.303
9/20/2022 3:00,1.264
9/20/2022 4:00,1.316
9/20/2022 5:00,1.492
9/20/2022 6:00,1.687
9/20/2022 7:00,1.978
9/20/2022 8:00,2.219
9/20/2022 9:00,2.296
9/20/2022 10:00,2.327
9/20/2022 11:00,2.347
9/20/2022 12:00,2.34
9/20/2022 13:00,2.289
9/20/2022 14:00,2.136
9/20/2022 15:00,1.771
9/20/2022 16:00,1.057
9/20/2022 17:00,0.928
9/20/2022 18:00,1.031
9/20/2022 19:00,1.083
9/20/2022 20:00,1.147
9/20/2022 21:00,1.145
9/20/2022 22:00,1.143
9/20/2022 23:00,1.144
9/21/2022 0:00,1.176
9/21/2022 1:00,1.211
9/21/2022 2:00,1.272
9/21/2022 3:00,1.339
9/21/2022 4:00,1.402
9/21/2022 5:00,1.582
9/21/2022 6:00,1.854
9/21/2022 7:00,2.059
9/21/2022 8:00,2.132
9/21/2022 9:00,2.069
9/21/2022 10:00,2.011
9/21/2022 11:00,1.989
9/21/2022 12:00,1.995
9/21/2022 13:00,2.011
9/21/2022 14:00,1.991
9/21/2022 15:00,1.82
9/21/2022 16:00,1.042
9/21/2022 17:00,1.016
9/21/2022 18:00,1.051
9/21/2022 19:00,1.034
9/21/2022 20:00,1.007
9/21/2022 21:00,0.995
9/21/2022 22:00,1.009
9/21/2022 23:00,1.015
9/22/2022 0:00,1.031
9/22/2022 1:00,1.045
9/22/2022 2:00,1.049
9/22/2022 3:00,1.058
9/22/2022 4:00,1.086
9/22/2022 5:00,1.271
9/22/2022 6:00,1.38
9/22/2022 7:00,1.412
9/22/2022 8:00,1.45
9/22/2022 9:00,1.482
9/22/2022 10:00,1.482
9/22/2022 11:00,1.468
9/22/2022 12:00,1.463
9/22/2022 13:00,1.469
9/22/2022 14:00,1.439
9/22/2022 15:00,1.237
9/22/2022 16:00,0.687
9/22/2022 17:00,0.943
9/22/2022 18:00,0.945
9/22/2022 19:00,0.894
9/22/2022 20:00,0.84
9/22/2022 21:00,0.822
9/22/2022 22:00,0.831
9/22/2022 23:00,0.86
9/23/2022 0:00,0.893
9/23/2022 1:00,0.911
9/23/2022 2:00,0.906
9/23/2022 3:00,0.877
9/23/2022 4:00,0.839
9/23/2022 5:00,0.731
9/23/2022 6:00,0.777
9/23/2022 7:00,0.709
9/23/2022 8:00,0.937
9/23/2022 9:00,0.985
9/23/2022 10:00,0.982
9/23/2022 11:00,0.935
9/23/2022 12:00,0.897
9/23/2022 13:00,0.909
9/23/2022 14:00,0.944
9/23/2022 15:00,0.895
9/23/2022 16:00,0.69
9/23/2022 17:00,0.896
9/23/2022 18:00,0.952
9/23/2022 19:00,0.989
9/23/2022 20:00,0.987
9/23/2022 21:00,0.958
9/23/2022 22:00,0.936
9/23/2022 23:00,0.923
9/24/2022 0:00,0.902
9/24/2022 1:00,0.872
9/24/2022 2:00,0.85
9/24/2022 3:00,0.822
9/24/2022 4:00,0.778
9/24/2022 5:00,0.765
9/24/2022 6:00,0.712
9/24/2022 7:00,0.802
9/24/2022 8:00,0.828
9/24/2022 9:00,0.775
9/24/2022 10:00,0.723
9/24/2022 11:00,0.711
9/24/2022 12:00,0.784
9/24/2022 13:00,0.866
9/24/2022 14:00,0.901
9/24/2022 15:00,0.767
9/24/2022 16:00,0.539
9/24/2022 17:00,0.626
9/24/2022 18:00,0.656
9/24/2022 19:00,0.645
9/24/2022 20:00,0.633
9/24/2022 21:00,0.572
9/24/2022 22:00,0.487
9/24/2022 23:00,0.492
9/25/2022 0:00,0.559
9/25/2022 1:00,0.604
9/25/2022 2:00,0.621
9/25/2022 3:00,0.622
9/25/2022 4:00,0.606
9/25/2022 5:00,0.616
9/25/2022 6:00,0.802
9/25/2022 7:00,0.848
9/25/2022 8:00,0.836
9/25/2022 9:00,0.751
9/25/2022 10:00,0.702
9/25/2022 11:00,0.921
9/25/2022 12:00,1.102
9/25/2022 13:00,1.094
9/25/2022 14:00,1.072
9/25/2022 15:00,0.825
9/25/2022 16:00,0.558
9/25/2022 17:00,0.575
9/25/2022 18:00,0.62
9/25/2022 19:00,0.629
9/25/2022 20:00,0.601
9/25/2022 21:00,0.604
9/25/2022 22:00,0.617
9/25/2022 23:00,0.633
9/26/2022 0:00,0.679
9/26/2022 1:00,0.768
9/26/2022 2:00,0.847
9/26/2022 3:00,0.889
9/26/2022 4:00,0.934
9/26/2022 5:00,1.028
9/26/2022 6:00,1.466
9/26/2022 7:00,1.68
9/26/2022 8:00,1.978
9/26/2022 9:00,1.984
9/26/2022 10:00,1.79
9/26/2022 11:00,1.658
9/26/2022 12:00,1.524
9/26/2022 13:00,1.352
9/26/2022 14:00,1.103
9/26/2022 15:00,0.727
9/26/2022 16:00,0.438
9/26/2022 17:00,0.58
9/26/2022 18:00,0.609
9/26/2022 19:00,0.641
9/26/2022 20:00,0.683
9/26/2022 21:00,0.701
9/26/2022 22:00,0.689
9/26/2022 23:00,0.685
9/27/2022 0:00,0.706
9/27/2022 1:00,0.765
9/27/2022 2:00,0.8
9/27/2022 3:00,0.812
9/27/2022 4:00,0.851
9/27/2022 5:00,0.885
9/27/2022 6:00,1.123
9/27/2022 7:00,1.317
9/27/2022 8:00,1.523
9/27/2022 9:00,1.708
9/27/2022 10:00,2.05
9/27/2022 11:00,2.46
9/27/2022 12:00,2.671
9/27/2022 13:00,2.618
9/27/2022 14:00,2.346
9/27/2022 15:00,1.745
9/27/2022 16:00,1.298
9/27/2022 17:00,1.191
9/27/2022 18:00,1.111
9/27/2022 19:00,1.16
9/27/2022 20:00,1.216
9/27/2022 21:00,1.266
9/27/2022 22:00,1.263
9/27/2022 23:00,1.205
9/28/2022 0:00,1.134
9/28/2022 1:00,1.07
9/28/2022 2:00,0.984
9/28/2022 3:00,0.858
9/28/2022 4:00,0.783
9/28/2022 5:00,0.866
9/28/2022 6:00,1.402
9/28/2022 7:00,1.808
9/28/2022 8:00,2.279
9/28/2022 9:00,2.612
9/28/2022 10:00,2.793
9/28/2022 11:00,2.826
9/28/2022 12:00,2.705
9/28/2022 13:00,2.474
9/28/2022 14:00,2.095
9/28/2022 15:00,1.415
9/28/2022 16:00,0.788
9/28/2022 17:00,0.643
9/28/2022 18:00,0.599
9/28/2022 19:00,0.611
9/28/2022 20:00,0.664
9/28/2022 21:00,0.706
9/28/2022 22:00,0.915
9/28/2022 23:00,1.04
9/29/2022 0:00,1.076
9/29/2022 1:00,1.103
9/29/2022 2:00,1.131
9/29/2022 3:00,1.102
9/29/2022 4:00,0.949
9/29/2022 5:00,0.821
9/29/2022 6:00,0.931
9/29/2022 7:00,0.928
9/29/2022 8:00,0.917
9/29/2022 9:00,0.907
9/29/2022 10:00,0.886
9/29/2022 11:00,0.898
9/29/2022 12:00,1.045
9/29/2022 13:00,1.254
9/29/2022 14:00,1.404
9/29/2022 15:00,1.232
9/29/2022 16:00,0.879
9/29/2022 17:00,0.818
9/29/2022 18:00,0.756
9/29/2022 19:00,0.672
9/29/2022 20:00,0.638
9/29/2022 21:00,0.676
9/29/2022 22:00,0.707
9/29/2022 23:00,0.688
9/30/2022 0:00,0.655
9/30/2022 1:00,0.648
9/30/2022 2:00,0.638
9/30/2022 3:00,0.724
9/30/2022 4:00,0.88
9/30/2022 5:00,1.068
9/30/2022 6:00,1.279
9/30/2022 7:00,1.411
9/30/2022 8:00,1.486
9/30/2022 9:00,1.504
9/30/2022 10:00,1.475
9/30/2022 11:00,1.349
9/30/2022 12:00,1.234
9/30/2022 13:00,1.105
9/30/2022 14:00,0.861
9/30/2022 15:00,0.48
9/30/2022 16:00,0.423
9/30/2022 17:00,0.574
9/30/2022 18:00,0.631
9/30/2022 19:00,0.638
9/30/2022 20:00,0.65
9/30/2022 21:00,0.711
9/30/2022 22:00,0.761
9/30/2022 23:00,0.809
10/1/2022 0:00,0.818
10/1/2022 1:00,0.77
10/1/2022 2:00,0.678
10/1/2022 3:00,0.649
10/1/2022 4:00,0.685
10/1/2022 5:00,0.779
10/1/2022 6:00,1.096
10/1/2022 7:00,1.329
10/1/2022 8:00,1.502
10/1/2022 9:00,1.595
10/1/2022 10:00,1.62
10/1/2022 11:00,1.653
10/1/2022 12:00,1.706
10/1/2022 13:00,1.661
10/1/2022 14:00,1.444
10/1/2022 15:00,1.291
10/1/2022 16:00,1.391
10/1/2022 17:00,1.679
10/1/2022 18:00,1.756
10/1/2022 19:00,1.914
10/1/2022 20:00,2.024
10/1/2022 21:00,2.07
10/1/2022 22:00,2.089
10/1/2022 23:00,2.019
10/2/2022 0:00,1.932
10/2/2022 1:00,1.904
10/2/2022 2:00,1.833
10/2/2022 3:00,1.765
10/2/2022 4:00,1.68
10/2/2022 5:00,1.611
10/2/2022 6:00,1.855
10/2/2022 7:00,2.224
10/2/2022 8:00,2.469
10/2/2022 9:00,2.567
10/2/2022 10:00,2.522
10/2/2022 11:00,2.411
10/2/2022 12:00,2.222
10/2/2022 13:00,1.945
10/2/2022 14:00,1.586
10/2/2022 15:00,1.242
10/2/2022 16:00,1.032
10/2/2022 17:00,1.104
10/2/2022 18:00,1.338
10/2/2022 19:00,1.532
10/2/2022 20:00,1.65
10/2/2022 21:00,1.763
10/2/2022 22:00,1.912
10/2/2022 23:00,1.856
10/3/2022 0:00,1.884
10/3/2022 1:00,1.849
10/3/2022 2:00,1.805
10/3/2022 3:00,1.816
10/3/2022 4:00,1.843
10/3/2022 5:00,1.931
10/3/2022 6:00,2.242
10/3/2022 7:00,2.773
10/3/2022 8:00,3.195
10/3/2022 9:00,3.418
10/3/2022 10:00,3.521
10/3/2022 11:00,3.558
10/3/2022 12:00,3.549
10/3/2022 13:00,3.433
10/3/2022 14:00,3.102
10/3/2022 15:00,2.541
10/3/2022 16:00,1.888
10/3/2022 17:00,1.75
10/3/2022 18:00,1.669
10/3/2022 19:00,1.592
10/3/2022 20:00,1.573
10/3/2022 21:00,1.485
10/3/2022 22:00,1.503
10/3/2022 23:00,1.51
10/4/2022 0:00,1.57
10/4/2022 1:00,1.661
10/4/2022 2:00,1.757
10/4/2022 3:00,1.794
10/4/2022 4:00,1.764
10/4/2022 5:00,1.71
10/4/2022 6:00,1.727
10/4/2022 7:00,1.862
10/4/2022 8:00,2.01
10/4/2022 9:00,1.959
10/4/2022 10:00,1.824
10/4/2022 11:00,1.709
10/4/2022 12:00,1.604
10/4/2022 13:00,1.504
10/4/2022 14:00,1.341
10/4/2022 15:00,0.844
10/4/2022 16:00,0.661
10/4/2022 17:00,0.8
10/4/2022 18:00,0.814
10/4/2022 19:00,0.829
10/4/2022 20:00,0.919
10/4/2022 21:00,0.993
10/4/2022 22:00,1.022
10/4/2022 23:00,1.032
10/5/2022 0:00,1.08
10/5/2022 1:00,1.087
10/5/2022 2:00,1.091
10/5/2022 3:00,1.115
10/5/2022 4:00,1.12
10/5/2022 5:00,1.123
10/5/2022 6:00,1.271
10/5/2022 7:00,1.164
10/5/2022 8:00,1.493
10/5/2022 9:00,1.677
10/5/2022 10:00,1.824
10/5/2022 11:00,1.855
10/5/2022 12:00,1.817
10/5/2022 13:00,1.741
10/5/2022 14:00,1.591
10/5/2022 15:00,1.224
10/5/2022 16:00,1.153
10/5/2022 17:00,1.334
10/5/2022 18:00,1.361
10/5/2022 19:00,1.357
10/5/2022 20:00,1.311
10/5/2022 21:00,1.243
10/5/2022 22:00,1.151
10/5/2022 23:00,1.027
10/6/2022 0:00,0.963
10/6/2022 1:00,0.944
10/6/2022 2:00,0.942
10/6/2022 3:00,0.956
10/6/2022 4:00,0.99
10/6/2022 5:00,1.058
10/6/2022 6:00,1.277
10/6/2022 7:00,1.433
10/6/2022 8:00,1.438
10/6/2022 9:00,1.731
10/6/2022 10:00,1.783
10/6/2022 11:00,1.736
10/6/2022 12:00,1.638
10/6/2022 13:00,1.524
10/6/2022 14:00,1.317
10/6/2022 15:00,0.736
10/6/2022 16:00,0.732
10/6/2022 17:00,0.876
10/6/2022 18:00,0.875
10/6/2022 19:00,0.829
10/6/2022 20:00,0.78
10/6/2022 21:00,0.799
10/6/2022 22:00,0.832
10/6/2022 23:00,0.858
10/7/2022 0:00,0.853
10/7/2022 1:00,0.832
10/7/2022 2:00,0.802
10/7/2022 3:00,0.777
10/7/2022 4:00,0.756
10/7/2022 5:00,0.723
10/7/2022 6:00,0.987
10/7/2022 7:00,1.201
10/7/2022 8:00,1.614
10/7/2022 9:00,1.873
10/7/2022 10:00,1.976
10/7/2022 11:00,2.031
10/7/2022 12:00,2.048
10/7/2022 13:00,2.013
10/7/2022 14:00,1.881
10/7/2022 15:00,1.374
10/7/2022 16:00,1.151
10/7/2022 17:00,1.321
10/7/2022 18:00,1.315
10/7/2022 19:00,1.264
10/7/2022 20:00,1.165
10/7/2022 21:00,1.077
10/7/2022 22:00,1.016
10/7/2022 23:00,0.969
10/8/2022 0:00,0.939
10/8/2022 1:00,0.905
10/8/2022 2:00,0.868
10/8/2022 3:00,0.826
10/8/2022 4:00,0.778
10/8/2022 5:00,0.745
10/8/2022 6:00,0.891
10/8/2022 7:00,0.866
10/8/2022 8:00,0.87
10/8/2022 9:00,0.867
10/8/2022 10:00,0.925
10/8/2022 11:00,1.008
10/8/2022 12:00,1.093
10/8/2022 13:00,1.109
10/8/2022 14:00,1.002
10/8/2022 15:00,0.609
10/8/2022 16:00,0.532
10/8/2022 17:00,0.503
10/8/2022 18:00,0.608
10/8/2022 19:00,0.806
10/8/2022 20:00,1.097
10/8/2022 21:00,1.311
10/8/2022 22:00,1.333
10/8/2022 23:00,1.33
10/9/2022 0:00,1.334
10/9/2022 1:00,1.355
10/9/2022 2:00,1.319
10/9/2022 3:00,1.229
10/9/2022 4:00,1.137
10/9/2022 5:00,1.22
10/9/2022 6:00,1.617
10/9/2022 7:00,1.834
10/9/2022 8:00,1.931
10/9/2022 9:00,1.934
10/9/2022 10:00,1.886
10/9/2022 11:00,1.796
10/9/2022 12:00,1.679
10/9/2022 13:00,1.546
10/9/2022 14:00,1.383
10/9/2022 15:00,0.933
10/9/2022 16:00,0.856
10/9/2022 17:00,0.922
10/9/2022 18:00,0.906
10/9/2022 19:00,0.873
10/9/2022 20:00,0.844
10/9/2022 21:00,0.828
10/9/2022 22:00,0.83
10/9/2022 23:00,0.85
10/10/2022 0:00,0.9
10/10/2022 1:00,0.972
10/10/2022 2:00,1.05
10/10/2022 3:00,1.133
10/10/2022 4:00,1.245
10/10/2022 5:00,1.309
10/10/2022 6:00,1.579
10/10/2022 7:00,1.891
10/10/2022 8:00,2.163
10/10/2022 9:00,2.362
10/10/2022 10:00,2.413
10/10/2022 11:00,2.327
10/10/2022 12:00,2.164
10/10/2022 13:00,2
10/10/2022 14:00,1.814
10/10/2022 15:00,1.292
10/10/2022 16:00,1.161
10/10/2022 17:00,1.292
10/10/2022 18:00,1.24
10/10/2022 19:00,1.164
10/10/2022 20:00,1.046
10/10/2022 21:00,0.924
10/10/2022 22:00,0.856
10/10/2022 23:00,0.839
10/11/2022 0:00,0.854
10/11/2022 1:00,0.839
10/11/2022 2:00,0.826
10/11/2022 3:00,0.853
10/11/2022 4:00,0.894
10/11/2022 5:00,0.891
10/11/2022 6:00,1.121
10/11/2022 7:00,1.184
10/11/2022 8:00,1.235
10/11/2022 9:00,1.279
10/11/2022 10:00,1.299
10/11/2022 11:00,1.342
10/11/2022 12:00,1.389
10/11/2022 13:00,1.407
10/11/2022 14:00,1.363
10/11/2022 15:00,0.861
10/11/2022 16:00,0.754
10/11/2022 17:00,0.855
10/11/2022 18:00,0.895
10/11/2022 19:00,0.894
10/11/2022 20:00,0.861
10/11/2022 21:00,0.855
10/11/2022 22:00,0.861
10/11/2022 23:00,0.861
10/12/2022 0:00,0.853
10/12/2022 1:00,0.865
10/12/2022 2:00,0.847
10/12/2022 3:00,0.832
10/12/2022 4:00,0.796
10/12/2022 5:00,0.775
10/12/2022 6:00,1.036
10/12/2022 7:00,0.967
10/12/2022 8:00,0.882
10/12/2022 9:00,0.769
10/12/2022 10:00,0.695
10/12/2022 11:00,0.694
10/12/2022 12:00,0.717
10/12/2022 13:00,0.772
10/12/2022 14:00,0.806
10/12/2022 15:00,0.548
10/12/2022 16:00,0.662
10/12/2022 17:00,0.746
10/12/2022 18:00,0.746
10/12/2022 19:00,0.757
10/12/2022 20:00,0.749
10/12/2022 21:00,0.734
10/12/2022 22:00,0.722
10/12/2022 23:00,0.735
10/13/2022 0:00,0.741
10/13/2022 1:00,0.748
10/13/2022 2:00,0.747
10/13/2022 3:00,0.727
10/13/2022 4:00,0.696
10/13/2022 5:00,0.646
10/13/2022 6:00,0.634
10/13/2022 7:00,0.665
10/13/2022 8:00,0.663
10/13/2022 9:00,0.773
10/13/2022 10:00,0.911
10/13/2022 11:00,0.984
10/13/2022 12:00,0.986
10/13/2022 13:00,0.939
10/13/2022 14:00,0.872
10/13/2022 15:00,0.591
10/13/2022 16:00,0.717
10/13/2022 17:00,0.803
10/13/2022 18:00,0.803
10/13/2022 19:00,0.814
10/13/2022 20:00,0.823
10/13/2022 21:00,0.813
10/13/2022 22:00,0.78
10/13/2022 23:00,0.752
10/14/2022 0:00,0.715
10/14/2022 1:00,0.672
10/14/2022 2:00,0.674
10/14/2022 3:00,0.667
10/14/2022 4:00,0.651
10/14/2022 5:00,0.633
10/14/2022 6:00,0.798
10/14/2022 7:00,0.913
10/14/2022 8:00,0.776
10/14/2022 9:00,0.66
10/14/2022 10:00,0.63
10/14/2022 11:00,0.73
10/14/2022 12:00,0.779
10/14/2022 13:00,0.779
10/14/2022 14:00,0.777
10/14/2022 15:00,0.539
10/14/2022 16:00,0.721
10/14/2022 17:00,0.842
10/14/2022 18:00,0.92
10/14/2022 19:00,0.984
10/14/2022 20:00,1.017
10/14/2022 21:00,1.075
10/14/2022 22:00,1.116
10/14/2022 23:00,1.115
10/15/2022 0:00,1.086
10/15/2022 1:00,1.082
10/15/2022 2:00,1.102
10/15/2022 3:00,1.149
10/15/2022 4:00,1.197
10/15/2022 5:00,1.265
10/15/2022 6:00,1.54
10/15/2022 7:00,1.924
10/15/2022 8:00,2.16
10/15/2022 9:00,2.427
10/15/2022 10:00,2.535
10/15/2022 11:00,2.435
10/15/2022 12:00,2.222
10/15/2022 13:00,1.919
10/15/2022 14:00,1.511
10/15/2022 15:00,0.986
10/15/2022 16:00,0.877
10/15/2022 17:00,0.971
10/15/2022 18:00,0.947
10/15/2022 19:00,0.896
10/15/2022 20:00,0.864
10/15/2022 21:00,0.852
10/15/2022 22:00,0.853
10/15/2022 23:00,0.858
10/16/2022 0:00,0.873
10/16/2022 1:00,0.879
10/16/2022 2:00,0.905
10/16/2022 3:00,0.924
10/16/2022 4:00,0.904
10/16/2022 5:00,0.875
10/16/2022 6:00,0.906
10/16/2022 7:00,1.156
10/16/2022 8:00,1.201
10/16/2022 9:00,1.298
10/16/2022 10:00,1.358
10/16/2022 11:00,1.33
10/16/2022 12:00,1.306
10/16/2022 13:00,1.328
10/16/2022 14:00,1.31
10/16/2022 15:00,1.068
10/16/2022 16:00,1.272
10/16/2022 17:00,1.386
10/16/2022 18:00,1.351
10/16/2022 19:00,1.261
10/16/2022 20:00,1.169
10/16/2022 21:00,1.094
10/16/2022 22:00,1.03
10/16/2022 23:00,0.998
10/17/2022 0:00,0.996
10/17/2022 1:00,1.006
10/17/2022 2:00,1.024
10/17/2022 3:00,1.079
10/17/2022 4:00,1.136
10/17/2022 5:00,1.146
10/17/2022 6:00,1.354
10/17/2022 7:00,1.539
10/17/2022 8:00,1.77
10/17/2022 9:00,2.058
10/17/2022 10:00,2.203
10/17/2022 11:00,2.284
10/17/2022 12:00,2.3
10/17/2022 13:00,2.209
10/17/2022 14:00,1.89
10/17/2022 15:00,1.416
10/17/2022 16:00,1.387
10/17/2022 17:00,1.491
10/17/2022 18:00,1.519
10/17/2022 19:00,1.516
10/17/2022 20:00,1.487
10/17/2022 21:00,1.461
10/17/2022 22:00,1.418
10/17/2022 23:00,1.365
10/18/2022 0:00,1.298
10/18/2022 1:00,1.221
10/18/2022 2:00,1.13
10/18/2022 3:00,1.051
10/18/2022 4:00,0.974
10/18/2022 5:00,0.92
10/18/2022 6:00,0.936
10/18/2022 7:00,0.851
10/18/2022 8:00,0.971
10/18/2022 9:00,1.117
10/18/2022 10:00,1.098
10/18/2022 11:00,1.013
10/18/2022 12:00,0.885
10/18/2022 13:00,0.748
10/18/2022 14:00,0.623
10/18/2022 15:00,0.391
10/18/2022 16:00,0.65
10/18/2022 17:00,0.75
10/18/2022 18:00,0.79
10/18/2022 19:00,0.867
10/18/2022 20:00,0.933
10/18/2022 21:00,1.042
10/18/2022 22:00,1.207
10/18/2022 23:00,1.293
10/19/2022 0:00,1.261
10/19/2022 1:00,1.25
10/19/2022 2:00,1.306
10/19/2022 3:00,1.291
10/19/2022 4:00,1.171
10/19/2022 5:00,0.96
10/19/2022 6:00,1.09
10/19/2022 7:00,1.263
10/19/2022 8:00,1.427
10/19/2022 9:00,1.551
10/19/2022 10:00,1.685
10/19/2022 11:00,1.808
10/19/2022 12:00,1.901
10/19/2022 13:00,1.953
10/19/2022 14:00,1.886
10/19/2022 15:00,1.358
10/19/2022 16:00,1.106
10/19/2022 17:00,1.169
10/19/2022 18:00,1.121
10/19/2022 19:00,1.075
10/19/2022 20:00,1.037
10/19/2022 21:00,0.995
10/19/2022 22:00,0.963
10/19/2022 23:00,0.936
10/20/2022 0:00,0.904
10/20/2022 1:00,0.856
10/20/2022 2:00,0.811
10/20/2022 3:00,0.776
10/20/2022 4:00,0.757
10/20/2022 5:00,0.8
10/20/2022 6:00,0.97
10/20/2022 7:00,1.305
10/20/2022 8:00,1.634
10/20/2022 9:00,1.917
10/20/2022 10:00,2.13
10/20/2022 11:00,2.259
10/20/2022 12:00,2.295
10/20/2022 13:00,2.268
10/20/2022 14:00,2.06
10/20/2022 15:00,1.483
10/20/2022 16:00,1.305
10/20/2022 17:00,1.528
10/20/2022 18:00,1.563
10/20/2022 19:00,1.615
10/20/2022 20:00,1.624
10/20/2022 21:00,1.596
10/20/2022 22:00,1.58
10/20/2022 23:00,1.574
10/21/2022 0:00,1.557
10/21/2022 1:00,1.611
10/21/2022 2:00,1.616
10/21/2022 3:00,1.467
10/21/2022 4:00,1.411
10/21/2022 5:00,1.469
10/21/2022 6:00,1.7
10/21/2022 7:00,1.89
10/21/2022 8:00,2.168
10/21/2022 9:00,2.25
10/21/2022 10:00,2.261
10/21/2022 11:00,2.273
10/21/2022 12:00,2.167
10/21/2022 13:00,1.879
10/21/2022 14:00,1.559
10/21/2022 15:00,1.266
10/21/2022 16:00,0.98
10/21/2022 17:00,0.894
10/21/2022 18:00,0.773
10/21/2022 19:00,0.692
10/21/2022 20:00,0.605
10/21/2022 21:00,0.586
10/21/2022 22:00,0.614
10/21/2022 23:00,0.668
10/22/2022 0:00,0.709
10/22/2022 1:00,0.717
10/22/2022 2:00,0.708
10/22/2022 3:00,0.695
10/22/2022 4:00,0.669
10/22/2022 5:00,0.569
10/22/2022 6:00,0.705
10/22/2022 7:00,1.151
10/22/2022 8:00,1.34
10/22/2022 9:00,1.529
10/22/2022 10:00,1.629
10/22/2022 11:00,1.641
10/22/2022 12:00,1.473
10/22/2022 13:00,1.083
10/22/2022 14:00,0.807
10/22/2022 15:00,0.653
10/22/2022 16:00,0.719
10/22/2022 17:00,0.838
10/22/2022 18:00,0.961
10/22/2022 19:00,1.03
10/22/2022 20:00,1.045
10/22/2022 21:00,1.008
10/22/2022 22:00,0.971
10/22/2022 23:00,0.943
10/23/2022 0:00,0.918
10/23/2022 1:00,0.938
10/23/2022 2:00,0.941
10/23/2022 3:00,0.852
10/23/2022 4:00,0.689
10/23/2022 5:00,0.649
10/23/2022 6:00,0.666
10/23/2022 7:00,0.942
10/23/2022 8:00,1.229
10/23/2022 9:00,1.483
10/23/2022 10:00,1.628
10/23/2022 11:00,1.665
10/23/2022 12:00,1.619
10/23/2022 13:00,1.541
10/23/2022 14:00,1.325
10/23/2022 15:00,0.813
10/23/2022 16:00,0.854
10/23/2022 17:00,0.849
10/23/2022 18:00,0.832
10/23/2022 19:00,0.803
10/23/2022 20:00,0.773
10/23/2022 21:00,0.745
10/23/2022 22:00,0.738
10/23/2022 23:00,0.714
10/24/2022 0:00,0.68
10/24/2022 1:00,0.856
10/24/2022 2:00,0.924
10/24/2022 3:00,0.915
10/24/2022 4:00,0.932
10/24/2022 5:00,0.897
10/24/2022 6:00,0.864
10/24/2022 7:00,1.137
10/24/2022 8:00,1.109
10/24/2022 9:00,1.038
10/24/2022 10:00,1.108
10/24/2022 11:00,1.335
10/24/2022 12:00,1.456
10/24/2022 13:00,1.463
10/24/2022 14:00,1.21
10/24/2022 15:00,0.922
10/24/2022 16:00,0.786
10/24/2022 17:00,0.636
10/24/2022 18:00,0.655
10/24/2022 19:00,0.841
10/24/2022 20:00,0.92
10/24/2022 21:00,0.869
10/24/2022 22:00,0.871
10/24/2022 23:00,0.874
10/25/2022 0:00,0.854
10/25/2022 1:00,0.855
10/25/2022 2:00,0.86
10/25/2022 3:00,0.875
10/25/2022 4:00,0.911
10/25/2022 5:00,0.992
10/25/2022 6:00,1.09
10/25/2022 7:00,1.321
10/25/2022 8:00,1.595
10/25/2022 9:00,1.828
10/25/2022 10:00,1.819
10/25/2022 11:00,1.812
10/25/2022 12:00,1.799
10/25/2022 13:00,1.675
10/25/2022 14:00,1.24
10/25/2022 15:00,0.638
10/25/2022 16:00,0.814
10/25/2022 17:00,0.829
10/25/2022 18:00,0.898
10/25/2022 19:00,0.965
10/25/2022 20:00,0.985
10/25/2022 21:00,0.974
10/25/2022 22:00,0.902
10/25/2022 23:00,0.784
10/26/2022 0:00,0.633
10/26/2022 1:00,0.589
10/26/2022 2:00,0.647
10/26/2022 3:00,0.67
10/26/2022 4:00,0.638
10/26/2022 5:00,0.619
10/26/2022 6:00,0.588
10/26/2022 7:00,0.674
10/26/2022 8:00,0.744
10/26/2022 9:00,0.773
10/26/2022 10:00,0.85
10/26/2022 11:00,0.892
10/26/2022 12:00,0.891
10/26/2022 13:00,0.959
10/26/2022 14:00,0.853
10/26/2022 15:00,0.507
10/26/2022 16:00,0.669
10/26/2022 17:00,0.7
10/26/2022 18:00,0.793
10/26/2022 19:00,0.867
10/26/2022 20:00,0.913
10/26/2022 21:00,0.95
10/26/2022 22:00,0.97
10/26/2022 23:00,0.988
10/27/2022 0:00,0.997
10/27/2022 1:00,0.999
10/27/2022 2:00,0.991
10/27/2022 3:00,0.979
10/27/2022 4:00,0.972
10/27/2022 5:00,0.97
10/27/2022 6:00,0.89
10/27/2022 7:00,0.957
10/27/2022 8:00,0.725
10/27/2022 9:00,0.573
10/27/2022 10:00,0.543
10/27/2022 11:00,0.554
10/27/2022 12:00,0.647
10/27/2022 13:00,0.743
10/27/2022 14:00,0.741
10/27/2022 15:00,0.698
10/27/2022 16:00,0.872
10/27/2022 17:00,0.992
10/27/2022 18:00,1.047
10/27/2022 19:00,1.05
10/27/2022 20:00,1.051
10/27/2022 21:00,1.05
10/27/2022 22:00,1.061
10/27/2022 23:00,1.078
10/28/2022 0:00,1.099
10/28/2022 1:00,1.122
10/28/2022 2:00,1.132
10/28/2022 3:00,1.12
10/28/2022 4:00,1.084
10/28/2022 5:00,1.045
10/28/2022 6:00,0.921
10/28/2022 7:00,0.79
10/28/2022 8:00,0.79
10/28/2022 9:00,0.806
10/28/2022 10:00,0.772
10/28/2022 11:00,0.741
10/28/2022 12:00,0.738
10/28/2022 13:00,0.76
10/28/2022 14:00,0.734
10/28/2022 15:00,0.635
10/28/2022 16:00,0.892
10/28/2022 17:00,0.957
10/28/2022 18:00,0.999
10/28/2022 19:00,1.001
10/28/2022 20:00,0.985
10/28/2022 21:00,0.984
10/28/2022 22:00,1.008
10/28/2022 23:00,1.025
10/29/2022 0:00,1.042
10/29/2022 1:00,1.034
10/29/2022 2:00,1.004
10/29/2022 3:00,0.955
10/29/2022 4:00,0.983
10/29/2022 5:00,0.995
10/29/2022 6:00,0.952
10/29/2022 7:00,0.843
10/29/2022 8:00,0.904
10/29/2022 9:00,0.732
10/29/2022 10:00,0.656
10/29/2022 11:00,0.673
10/29/2022 12:00,0.707
10/29/2022 13:00,0.676
10/29/2022 14:00,0.585
10/29/2022 15:00,0.581
10/29/2022 16:00,0.84
10/29/2022 17:00,0.896
10/29/2022 18:00,0.884
10/29/2022 19:00,0.872
10/29/2022 20:00,0.826
10/29/2022 21:00,0.798
10/29/2022 22:00,0.788
10/29/2022 23:00,0.772
10/30/2022 0:00,0.758
10/30/2022 1:00,0.795
10/30/2022 2:00,0.793
10/30/2022 3:00,0.81
10/30/2022 4:00,0.837
10/30/2022 5:00,0.792
10/30/2022 6:00,0.753
10/30/2022 7:00,0.59
10/30/2022 8:00,0.658
10/30/2022 9:00,0.679
10/30/2022 10:00,0.696
10/30/2022 11:00,0.699
10/30/2022 12:00,0.748
10/30/2022 13:00,0.801
10/30/2022 14:00,0.77
10/30/2022 15:00,0.709
10/30/2022 16:00,0.885
10/30/2022 17:00,0.973
10/30/2022 18:00,1.001
10/30/2022 19:00,0.983
10/30/2022 20:00,0.963
10/30/2022 21:00,0.955
10/30/2022 22:00,0.913
10/30/2022 23:00,0.868
10/31/2022 0:00,0.759
10/31/2022 1:00,0.827
10/31/2022 2:00,0.856
10/31/2022 3:00,0.861
10/31/2022 4:00,0.813
10/31/2022 5:00,0.762
10/31/2022 6:00,0.719
10/31/2022 7:00,0.618
10/31/2022 8:00,0.595
10/31/2022 9:00,0.517
10/31/2022 10:00,0.538
10/31/2022 11:00,0.688
10/31/2022 12:00,0.801
10/31/2022 13:00,0.904
10/31/2022 14:00,0.927
10/31/2022 15:00,0.753
10/31/2022 16:00,0.941
10/31/2022 17:00,1.052
10/31/2022 18:00,1.094
10/31/2022 19:00,1.151
10/31/2022 20:00,1.292
10/31/2022 21:00,1.354
10/31/2022 22:00,1.411
10/31/2022 23:00,1.388
11/1/2022 0:00,1.347
11/1/2022 1:00,1.292
11/1/2022 2:00,1.143
11/1/2022 3:00,1.034
11/1/2022 4:00,0.949
11/1/2022 5:00,0.905
11/1/2022 6:00,0.858
11/1/2022 7:00,0.784
11/1/2022 8:00,0.804
11/1/2022 9:00,0.97
11/1/2022 10:00,1.159
11/1/2022 11:00,1.288
11/1/2022 12:00,1.288
11/1/2022 13:00,1.131
11/1/2022 14:00,0.767
11/1/2022 15:00,0.486
11/1/2022 16:00,0.501
11/1/2022 17:00,0.425
11/1/2022 18:00,0.471
11/1/2022 19:00,0.52
11/1/2022 20:00,0.566
11/1/2022 21:00,0.608
11/1/2022 22:00,0.655
11/1/2022 23:00,0.681
11/2/2022 0:00,0.687
11/2/2022 1:00,0.69
11/2/2022 2:00,0.717
11/2/2022 3:00,0.739
11/2/2022 4:00,0.744
11/2/2022 5:00,0.752
11/2/2022 6:00,0.75
11/2/2022 7:00,1.012
11/2/2022 8:00,1.228
11/2/2022 9:00,1.548
11/2/2022 10:00,1.901
11/2/2022 11:00,2.095
11/2/2022 12:00,2.097
11/2/2022 13:00,1.936
11/2/2022 14:00,1.312
11/2/2022 15:00,0.774
11/2/2022 16:00,0.846
11/2/2022 17:00,0.879
11/2/2022 18:00,0.897
11/2/2022 19:00,0.884
11/2/2022 20:00,0.84
11/2/2022 21:00,0.838
11/2/2022 22:00,0.845
11/2/2022 23:00,0.792
11/3/2022 0:00,0.721
11/3/2022 1:00,0.709
11/3/2022 2:00,0.696
11/3/2022 3:00,0.666
11/3/2022 4:00,0.762
11/3/2022 5:00,0.917
11/3/2022 6:00,1.096
11/3/2022 7:00,1.528
11/3/2022 8:00,1.878
11/3/2022 9:00,2.324
11/3/2022 10:00,2.493
11/3/2022 11:00,2.507
11/3/2022 12:00,2.453
11/3/2022 13:00,2.361
11/3/2022 14:00,2.014
11/3/2022 15:00,1.682
11/3/2022 16:00,1.886
11/3/2022 17:00,1.952
11/3/2022 18:00,2.001
11/3/2022 19:00,2.057
11/3/2022 20:00,2.045
11/3/2022 21:00,2.053
11/3/2022 22:00,2.059
11/3/2022 23:00,2.069
11/4/2022 0:00,2.055
11/4/2022 1:00,1.999
11/4/2022 2:00,1.946
11/4/2022 3:00,1.779
11/4/2022 4:00,1.65
11/4/2022 5:00,1.466
11/4/2022 6:00,1.388
11/4/2022 7:00,1.407
11/4/2022 8:00,1.359
11/4/2022 9:00,1.297
11/4/2022 10:00,1.269
11/4/2022 11:00,1.278
11/4/2022 12:00,1.289
11/4/2022 13:00,1.118
11/4/2022 14:00,0.867
11/4/2022 15:00,1.158
11/4/2022 16:00,1.717
11/4/2022 17:00,1.933
11/4/2022 18:00,2.135
11/4/2022 19:00,2.142
11/4/2022 20:00,2.035
11/4/2022 21:00,1.86
11/4/2022 22:00,1.735
11/4/2022 23:00,1.718
11/5/2022 0:00,1.711
11/5/2022 1:00,1.722
11/5/2022 2:00,1.757
11/5/2022 3:00,1.755
11/5/2022 4:00,1.776
11/5/2022 5:00,1.81
11/5/2022 6:00,1.868
11/5/2022 7:00,1.998
11/5/2022 8:00,2.083
11/5/2022 9:00,2.375
11/5/2022 10:00,2.638
11/5/2022 11:00,2.673
11/5/2022 12:00,2.602
11/5/2022 13:00,2.458
11/5/2022 14:00,2.085
11/5/2022 15:00,1.552
11/5/2022 16:00,1.48
11/5/2022 17:00,1.542
11/5/2022 18:00,1.498
11/5/2022 19:00,1.418
11/5/2022 20:00,1.341
11/5/2022 21:00,1.353
11/5/2022 22:00,1.338
11/5/2022 23:00,1.33
11/6/2022 0:00,1.271
11/6/2022 1:00,1.215
11/6/2022 2:00,1.208
11/6/2022 3:00,1.224
11/6/2022 4:00,1.212
11/6/2022 5:00,1.209
11/6/2022 6:00,1.243
11/6/2022 7:00,1.395
11/6/2022 8:00,1.501
11/6/2022 9:00,1.588
11/6/2022 10:00,1.552
11/6/2022 11:00,1.445
11/6/2022 12:00,1.354
11/6/2022 13:00,1.261
11/6/2022 14:00,0.941
11/6/2022 15:00,0.694
11/6/2022 16:00,0.829
11/6/2022 17:00,0.846
11/6/2022 18:00,0.852
11/6/2022 19:00,0.865
11/6/2022 20:00,0.922
11/6/2022 21:00,1.039
11/6/2022 22:00,1.182
11/6/2022 23:00,1.279
11/7/2022 0:00,1.26
11/7/2022 1:00,1.194
11/7/2022 2:00,1.158
11/7/2022 3:00,1.137
11/7/2022 4:00,1.097
11/7/2022 5:00,1.073
11/7/2022 6:00,1.022
11/7/2022 7:00,0.981
11/7/2022 8:00,1.338
11/7/2022 9:00,1.525
11/7/2022 10:00,1.602
11/7/2022 11:00,1.544
11/7/2022 12:00,1.425
11/7/2022 13:00,1.225
11/7/2022 14:00,0.629
11/7/2022 15:00,0.715
11/7/2022 16:00,0.912
11/7/2022 17:00,0.974
11/7/2022 18:00,1.064
11/7/2022 19:00,1.142
11/7/2022 20:00,1.154
11/7/2022 21:00,1.127
11/7/2022 22:00,1.052
11/7/2022 23:00,0.994
11/8/2022 0:00,0.937
11/8/2022 1:00,0.904
11/8/2022 2:00,0.895
11/8/2022 3:00,0.856
11/8/2022 4:00,0.806
11/8/2022 5:00,0.807
11/8/2022 6:00,0.749
11/8/2022 7:00,0.741
11/8/2022 8:00,1.007
11/8/2022 9:00,1.294
11/8/2022 10:00,1.485
11/8/2022 11:00,1.584
11/8/2022 12:00,1.631
11/8/2022 13:00,1.598
11/8/2022 14:00,1.296
11/8/2022 15:00,1.169
11/8/2022 16:00,1.359
11/8/2022 17:00,1.353
11/8/2022 18:00,1.364
11/8/2022 19:00,1.439
11/8/2022 20:00,1.395
11/8/2022 21:00,1.337
11/8/2022 22:00,1.231
11/8/2022 23:00,1.183
11/9/2022 0:00,1.177
11/9/2022 1:00,1.148
11/9/2022 2:00,1.168
11/9/2022 3:00,1.204
11/9/2022 4:00,1.2
11/9/2022 5:00,1.145
11/9/2022 6:00,1.143
11/9/2022 7:00,1.14
11/9/2022 8:00,1.116
11/9/2022 9:00,1.074
11/9/2022 10:00,0.963
11/9/2022 11:00,0.91
11/9/2022 12:00,0.84
11/9/2022 13:00,0.773
11/9/2022 14:00,0.601
11/9/2022 15:00,0.684
11/9/2022 16:00,0.74
11/9/2022 17:00,0.667
11/9/2022 18:00,0.533
11/9/2022 19:00,0.512
11/9/2022 20:00,0.577
11/9/2022 21:00,0.597
11/9/2022 22:00,0.626
11/9/2022 23:00,0.726
11/10/2022 0:00,0.768
11/10/2022 1:00,0.809
11/10/2022 2:00,0.884
11/10/2022 3:00,0.929
11/10/2022 4:00,0.914
11/10/2022 5:00,0.851
11/10/2022 6:00,0.825
11/10/2022 7:00,1.126
11/10/2022 8:00,1.358
11/10/2022 9:00,1.396
11/10/2022 10:00,1.509
11/10/2022 11:00,1.704
11/10/2022 12:00,1.82
11/10/2022 13:00,1.751
11/10/2022 14:00,1.126
11/10/2022 15:00,0.909
11/10/2022 16:00,0.961
11/10/2022 17:00,0.931
11/10/2022 18:00,0.992
11/10/2022 19:00,1.03
11/10/2022 20:00,1.065
11/10/2022 21:00,1.099
11/10/2022 22:00,1.093
11/10/2022 23:00,1.062
11/11/2022 0:00,1.025
11/11/2022 1:00,1.012
11/11/2022 2:00,1.01
11/11/2022 3:00,1.015
11/11/2022 4:00,1.089
11/11/2022 5:00,1.255
11/11/2022 6:00,1.318
11/11/2022 7:00,1.123
11/11/2022 8:00,0.878
11/11/2022 9:00,0.712
11/11/2022 10:00,0.624
11/11/2022 11:00,0.605
11/11/2022 12:00,0.565
11/11/2022 13:00,0.472
11/11/2022 14:00,0.348
11/11/2022 15:00,0.61
11/11/2022 16:00,0.826
11/11/2022 17:00,0.94
11/11/2022 18:00,0.961
11/11/2022 19:00,1.024
11/11/2022 20:00,1.096
11/11/2022 21:00,1.156
11/11/2022 22:00,1.173
11/11/2022 23:00,1.177
11/12/2022 0:00,1.182
11/12/2022 1:00,1.198
11/12/2022 2:00,1.212
11/12/2022 3:00,1.211
11/12/2022 4:00,1.194
11/12/2022 5:00,1.206
11/12/2022 6:00,1.216
11/12/2022 7:00,1.31
11/12/2022 8:00,1.284
11/12/2022 9:00,1.157
11/12/2022 10:00,1.114
11/12/2022 11:00,1.125
11/12/2022 12:00,1.116
11/12/2022 13:00,1.019
11/12/2022 14:00,0.618
11/12/2022 15:00,0.804
11/12/2022 16:00,0.873
11/12/2022 17:00,0.858
11/12/2022 18:00,0.852
11/12/2022 19:00,0.85
11/12/2022 20:00,0.826
11/12/2022 21:00,0.798
11/12/2022 22:00,0.8
11/12/2022 23:00,0.84
11/13/2022 0:00,0.919
11/13/2022 1:00,0.983
11/13/2022 2:00,0.997
11/13/2022 3:00,1.003
11/13/2022 4:00,0.989
11/13/2022 5:00,0.978
11/13/2022 6:00,0.971
11/13/2022 7:00,1.341
11/13/2022 8:00,1.629
11/13/2022 9:00,1.934
11/13/2022 10:00,2.17
11/13/2022 11:00,2.254
11/13/2022 12:00,2.212
11/13/2022 13:00,2.075
11/13/2022 14:00,1.514
11/13/2022 15:00,1.056
11/13/2022 16:00,1.12
11/13/2022 17:00,1.119
11/13/2022 18:00,1.105
11/13/2022 19:00,1.096
11/13/2022 20:00,1.089
11/13/2022 21:00,1.079
11/13/2022 22:00,1.102
11/13/2022 23:00,1.127
11/14/2022 0:00,1.11
11/14/2022 1:00,1.104
11/14/2022 2:00,1.193
11/14/2022 3:00,1.232
11/14/2022 4:00,1.224
11/14/2022 5:00,1.237
11/14/2022 6:00,1.315
11/14/2022 7:00,1.6
11/14/2022 8:00,1.798
11/14/2022 9:00,2.062
11/14/2022 10:00,2.233
11/14/2022 11:00,2.293
11/14/2022 12:00,2.266
11/14/2022 13:00,2.045
11/14/2022 14:00,1.386
11/14/2022 15:00,1.136
11/14/2022 16:00,1.242
11/14/2022 17:00,1.205
11/14/2022 18:00,1.139
11/14/2022 19:00,1.046
11/14/2022 20:00,0.984
11/14/2022 21:00,0.941
11/14/2022 22:00,0.883
11/14/2022 23:00,0.853
11/15/2022 0:00,0.861
11/15/2022 1:00,0.891
11/15/2022 2:00,0.912
11/15/2022 3:00,0.946
11/15/2022 4:00,0.986
11/15/2022 5:00,1.018
11/15/2022 6:00,1.037
11/15/2022 7:00,1.086
11/15/2022 8:00,1.187
11/15/2022 9:00,1.377
11/15/2022 10:00,1.545
11/15/2022 11:00,1.668
11/15/2022 12:00,1.754
11/15/2022 13:00,1.751
11/15/2022 14:00,1.46
11/15/2022 15:00,1.267
11/15/2022 16:00,1.356
11/15/2022 17:00,1.346
11/15/2022 18:00,1.209
11/15/2022 19:00,1.106
11/15/2022 20:00,1.057
11/15/2022 21:00,1.006
11/15/2022 22:00,0.969
11/15/2022 23:00,0.904
11/16/2022 0:00,0.874
11/16/2022 1:00,0.89
11/16/2022 2:00,0.861
11/16/2022 3:00,0.865
11/16/2022 4:00,0.863
11/16/2022 5:00,0.912
11/16/2022 6:00,0.915
11/16/2022 7:00,0.891
11/16/2022 8:00,0.916
11/16/2022 9:00,0.92
11/16/2022 10:00,0.864
11/16/2022 11:00,0.868
11/16/2022 12:00,1.02
11/16/2022 13:00,1.087
11/16/2022 14:00,0.846
11/16/2022 15:00,0.669
11/16/2022 16:00,0.727
11/16/2022 17:00,0.794
11/16/2022 18:00,0.824
11/16/2022 19:00,0.831
11/16/2022 20:00,0.829
11/16/2022 21:00,0.843
11/16/2022 22:00,0.84
11/16/2022 23:00,0.859
11/17/2022 0:00,0.836
11/17/2022 1:00,0.778
11/17/2022 2:00,0.743
11/17/2022 3:00,0.723
11/17/2022 4:00,0.721
11/17/2022 5:00,0.708
11/17/2022 6:00,0.755
11/17/2022 7:00,0.891
11/17/2022 8:00,1.002
11/17/2022 9:00,1.041
11/17/2022 10:00,1.089
11/17/2022 11:00,1.097
11/17/2022 12:00,1.069
11/17/2022 13:00,1.022
11/17/2022 14:00,0.578
11/17/2022 15:00,0.576
11/17/2022 16:00,0.654
11/17/2022 17:00,0.71
11/17/2022 18:00,0.76
11/17/2022 19:00,0.77
11/17/2022 20:00,0.752
11/17/2022 21:00,0.734
11/17/2022 22:00,0.728
11/17/2022 23:00,0.68
11/18/2022 0:00,0.622
11/18/2022 1:00,0.58
11/18/2022 2:00,0.512
11/18/2022 3:00,0.553
11/18/2022 4:00,0.747
11/18/2022 5:00,0.878
11/18/2022 6:00,1.045
11/18/2022 7:00,1.187
11/18/2022 8:00,1.13
11/18/2022 9:00,1.087
11/18/2022 10:00,1.327
11/18/2022 11:00,1.611
11/18/2022 12:00,1.759
11/18/2022 13:00,1.769
11/18/2022 14:00,1.697
11/18/2022 15:00,1.711
11/18/2022 16:00,1.745
11/18/2022 17:00,1.737
11/18/2022 18:00,1.707
11/18/2022 19:00,1.595
11/18/2022 20:00,1.428
11/18/2022 21:00,1.329
11/18/2022 22:00,1.289
11/18/2022 23:00,1.315
11/19/2022 0:00,1.352
11/19/2022 1:00,1.358
11/19/2022 2:00,1.264
11/19/2022 3:00,1.122
11/19/2022 4:00,1.027
11/19/2022 5:00,0.947
11/19/2022 6:00,0.903
11/19/2022 7:00,1.166
11/19/2022 8:00,1.28
11/19/2022 9:00,1.321
11/19/2022 10:00,1.17
11/19/2022 11:00,1.01
11/19/2022 12:00,1
11/19/2022 13:00,1.031
11/19/2022 14:00,1.011
11/19/2022 15:00,0.782
11/19/2022 16:00,0.814
11/19/2022 17:00,0.692
11/19/2022 18:00,0.657
11/19/2022 19:00,0.699
11/19/2022 20:00,0.714
11/19/2022 21:00,0.69
11/19/2022 22:00,0.628
11/19/2022 23:00,0.563
11/20/2022 0:00,0.557
11/20/2022 1:00,0.554
11/20/2022 2:00,0.559
11/20/2022 3:00,0.578
11/20/2022 4:00,0.646
11/20/2022 5:00,0.688
11/20/2022 6:00,0.709
11/20/2022 7:00,0.781
11/20/2022 8:00,0.989
11/20/2022 9:00,1.127
11/20/2022 10:00,1.357
11/20/2022 11:00,1.588
11/20/2022 12:00,1.701
11/20/2022 13:00,1.597
11/20/2022 14:00,1.045
11/20/2022 15:00,1.023
11/20/2022 16:00,1.118
11/20/2022 17:00,1.16
11/20/2022 18:00,1.114
11/20/2022 19:00,1.075
11/20/2022 20:00,1.064
11/20/2022 21:00,1.075
11/20/2022 22:00,1.074
11/20/2022 23:00,1.079
11/21/2022 0:00,1.08
11/21/2022 1:00,1.154
11/21/2022 2:00,1.255
11/21/2022 3:00,1.36
11/21/2022 4:00,1.398
11/21/2022 5:00,1.481
11/21/2022 6:00,1.39
11/21/2022 7:00,1.262
11/21/2022 8:00,1.251
11/21/2022 9:00,1.564
11/21/2022 10:00,1.888
11/21/2022 11:00,2.013
11/21/2022 12:00,1.895
11/21/2022 13:00,1.478
11/21/2022 14:00,0.793
11/21/2022 15:00,0.924
11/21/2022 16:00,0.975
11/21/2022 17:00,0.905
11/21/2022 18:00,0.896
11/21/2022 19:00,0.906
11/21/2022 20:00,0.894
11/21/2022 21:00,0.914
11/21/2022 22:00,1.143
11/21/2022 23:00,1.328
11/22/2022 0:00,1.521
11/22/2022 1:00,1.588
11/22/2022 2:00,1.582
11/22/2022 3:00,1.522
11/22/2022 4:00,1.471
11/22/2022 5:00,1.426
11/22/2022 6:00,1.45
11/22/2022 7:00,1.578
11/22/2022 8:00,1.586
11/22/2022 9:00,1.549
11/22/2022 10:00,1.569
11/22/2022 11:00,1.59
11/22/2022 12:00,1.539
11/22/2022 13:00,1.43
11/22/2022 14:00,1.153
11/22/2022 15:00,1.061
11/22/2022 16:00,1.144
11/22/2022 17:00,1.157
11/22/2022 18:00,1.185
11/22/2022 19:00,1.316
11/22/2022 20:00,1.486
11/22/2022 21:00,1.519
11/22/2022 22:00,1.549
11/22/2022 23:00,1.67
11/23/2022 0:00,1.76
11/23/2022 1:00,1.798
11/23/2022 2:00,1.757
11/23/2022 3:00,1.702
11/23/2022 4:00,1.707
11/23/2022 5:00,1.715
11/23/2022 6:00,1.685
11/23/2022 7:00,1.682
11/23/2022 8:00,1.684
11/23/2022 9:00,1.674
11/23/2022 10:00,1.651
11/23/2022 11:00,1.616
11/23/2022 12:00,1.553
11/23/2022 13:00,1.335
11/23/2022 14:00,0.853
11/23/2022 15:00,0.905
11/23/2022 16:00,1.011
11/23/2022 17:00,1.058
11/23/2022 18:00,1.102
11/23/2022 19:00,1.124
11/23/2022 20:00,1.142
11/23/2022 21:00,1.171
11/23/2022 22:00,1.183
11/23/2022 23:00,1.198
11/24/2022 0:00,1.2
11/24/2022 1:00,1.257
11/24/2022 2:00,1.402
11/24/2022 3:00,1.476
11/24/2022 4:00,1.5
11/24/2022 5:00,1.51
11/24/2022 6:00,1.552
11/24/2022 7:00,1.709
11/24/2022 8:00,1.804
11/24/2022 9:00,1.99
11/24/2022 10:00,2.068
11/24/2022 11:00,2.089
11/24/2022 12:00,2.059
11/24/2022 13:00,1.762
11/24/2022 14:00,1.193
11/24/2022 15:00,1.136
11/24/2022 16:00,1.212
11/24/2022 17:00,1.317
11/24/2022 18:00,1.309
11/24/2022 19:00,1.292
11/24/2022 20:00,1.295
11/24/2022 21:00,1.272
11/24/2022 22:00,1.249
11/24/2022 23:00,1.197
11/25/2022 0:00,1.185
11/25/2022 1:00,1.159
11/25/2022 2:00,1.151
11/25/2022 3:00,1.103
11/25/2022 4:00,1.06
11/25/2022 5:00,1.033
11/25/2022 6:00,1.017
11/25/2022 7:00,0.825
11/25/2022 8:00,0.975
11/25/2022 9:00,0.882
11/25/2022 10:00,0.87
11/25/2022 11:00,0.983
11/25/2022 12:00,1.016
11/25/2022 13:00,0.873
11/25/2022 14:00,0.638
11/25/2022 15:00,0.851
11/25/2022 16:00,0.883
11/25/2022 17:00,0.89
11/25/2022 18:00,0.899
11/25/2022 19:00,0.893
11/25/2022 20:00,0.924
11/25/2022 21:00,0.966
11/25/2022 22:00,1.034
11/25/2022 23:00,1.132
11/26/2022 0:00,1.216
11/26/2022 1:00,1.214
11/26/2022 2:00,1.24
11/26/2022 3:00,1.265
11/26/2022 4:00,1.354
11/26/2022 5:00,1.489
11/26/2022 6:00,1.537
11/26/2022 7:00,1.722
11/26/2022 8:00,1.856
11/26/2022 9:00,2.048
11/26/2022 10:00,2.154
11/26/2022 11:00,2.098
11/26/2022 12:00,1.972
11/26/2022 13:00,1.594
11/26/2022 14:00,0.962
11/26/2022 15:00,0.974
11/26/2022 16:00,1.093
11/26/2022 17:00,1.136
11/26/2022 18:00,1.13
11/26/2022 19:00,1.092
11/26/2022 20:00,1.057
11/26/2022 21:00,1.054
11/26/2022 22:00,1.055
11/26/2022 23:00,1.101
11/27/2022 0:00,1.139
11/27/2022 1:00,1.183
11/27/2022 2:00,1.131
11/27/2022 3:00,1.122
11/27/2022 4:00,1.146
11/27/2022 5:00,1.147
11/27/2022 6:00,1.151
11/27/2022 7:00,1.085
11/27/2022 8:00,1.099
11/27/2022 9:00,0.922
11/27/2022 10:00,0.817
11/27/2022 11:00,0.807
11/27/2022 12:00,0.815
11/27/2022 13:00,0.794
11/27/2022 14:00,0.596
11/27/2022 15:00,0.876
11/27/2022 16:00,0.954
11/27/2022 17:00,0.951
11/27/2022 18:00,0.954
11/27/2022 19:00,0.979
11/27/2022 20:00,0.996
11/27/2022 21:00,1.057
11/27/2022 22:00,1.138
11/27/2022 23:00,1.379
11/28/2022 0:00,1.523
11/28/2022 1:00,1.598
11/28/2022 2:00,1.612
11/28/2022 3:00,1.623
11/28/2022 4:00,1.667
11/28/2022 5:00,1.763
11/28/2022 6:00,1.721
11/28/2022 7:00,1.941
11/28/2022 8:00,2.284
11/28/2022 9:00,2.508
11/28/2022 10:00,2.612
11/28/2022 11:00,2.603
11/28/2022 12:00,2.524
11/28/2022 13:00,2.342
11/28/2022 14:00,2.017
11/28/2022 15:00,1.822
11/28/2022 16:00,1.806
11/28/2022 17:00,1.801
11/28/2022 18:00,1.73
11/28/2022 19:00,1.67
11/28/2022 20:00,1.662
11/28/2022 21:00,1.611
11/28/2022 22:00,1.582
11/28/2022 23:00,1.575
11/29/2022 0:00,1.533
11/29/2022 1:00,1.532
11/29/2022 2:00,1.546
11/29/2022 3:00,1.528
11/29/2022 4:00,1.506
11/29/2022 5:00,1.485
11/29/2022 6:00,1.537
11/29/2022 7:00,1.691
11/29/2022 8:00,1.802
11/29/2022 9:00,1.936
11/29/2022 10:00,2.047
11/29/2022 11:00,2.034
11/29/2022 12:00,1.941
11/29/2022 13:00,1.752
11/29/2022 14:00,1.31
11/29/2022 15:00,0.983
11/29/2022 16:00,0.996
11/29/2022 17:00,0.934
11/29/2022 18:00,0.853
11/29/2022 19:00,0.782
11/29/2022 20:00,0.75
11/29/2022 21:00,0.749
11/29/2022 22:00,0.745
11/29/2022 23:00,0.761
11/30/2022 0:00,0.77
11/30/2022 1:00,0.774
11/30/2022 2:00,0.764
11/30/2022 3:00,0.708
11/30/2022 4:00,0.647
11/30/2022 5:00,0.653
11/30/2022 6:00,0.669
11/30/2022 7:00,0.754
11/30/2022 8:00,1.013
11/30/2022 9:00,1.167
11/30/2022 10:00,1.269
11/30/2022 11:00,1.369
11/30/2022 12:00,1.392
11/30/2022 13:00,1.243
11/30/2022 14:00,0.829
11/30/2022 15:00,0.837
11/30/2022 16:00,0.964
11/30/2022 17:00,0.997
11/30/2022 18:00,1.001
11/30/2022 19:00,1.021
11/30/2022 20:00,1.057
11/30/2022 21:00,1.021
11/30/2022 22:00,0.972
11/30/2022 23:00,0.945
12/1/2022 0:00,0.977
12/1/2022 1:00,1.08
12/1/2022 2:00,1.113
12/1/2022 3:00,1.064
12/1/2022 4:00,1
12/1/2022 5:00,0.945
12/1/2022 6:00,0.952
12/1/2022 7:00,1.174
12/1/2022 8:00,1.167
12/1/2022 9:00,1.095
12/1/2022 10:00,1.117
12/1/2022 11:00,1.183
12/1/2022 12:00,1.275
12/1/2022 13:00,1.288
12/1/2022 14:00,0.847
12/1/2022 15:00,0.799
12/1/2022 16:00,0.872
12/1/2022 17:00,0.874
12/1/2022 18:00,0.852
12/1/2022 19:00,0.863
12/1/2022 20:00,0.895
12/1/2022 21:00,1.006
12/1/2022 22:00,1.035
12/1/2022 23:00,1.039
12/2/2022 0:00,0.988
12/2/2022 1:00,0.976
12/2/2022 2:00,0.979
12/2/2022 3:00,0.942
12/2/2022 4:00,0.884
12/2/2022 5:00,0.78
12/2/2022 6:00,0.754
12/2/2022 7:00,0.9
12/2/2022 8:00,0.969
12/2/2022 9:00,1.057
12/2/2022 10:00,1.12
12/2/2022 11:00,1.166
12/2/2022 12:00,1.201
12/2/2022 13:00,1.208
12/2/2022 14:00,1.09
12/2/2022 15:00,0.961
12/2/2022 16:00,1.039
12/2/2022 17:00,1.133
12/2/2022 18:00,1.264
12/2/2022 19:00,1.25
12/2/2022 20:00,1.197
12/2/2022 21:00,1.179
12/2/2022 22:00,1.214
12/2/2022 23:00,1.249
12/3/2022 0:00,1.261
12/3/2022 1:00,1.268
12/3/2022 2:00,1.281
12/3/2022 3:00,1.315
12/3/2022 4:00,1.332
12/3/2022 5:00,1.333
12/3/2022 6:00,1.372
12/3/2022 7:00,1.518
12/3/2022 8:00,1.634
12/3/2022 9:00,1.766
12/3/2022 10:00,1.851
12/3/2022 11:00,1.837
12/3/2022 12:00,1.745
12/3/2022 13:00,1.552
12/3/2022 14:00,1.403
12/3/2022 15:00,1.471
12/3/2022 16:00,1.612
12/3/2022 17:00,1.682
12/3/2022 18:00,1.733
12/3/2022 19:00,1.718
12/3/2022 20:00,1.693
12/3/2022 21:00,1.631
12/3/2022 22:00,1.543
12/3/2022 23:00,1.478
12/4/2022 0:00,1.47
12/4/2022 1:00,1.441
12/4/2022 2:00,1.454
12/4/2022 3:00,1.463
12/4/2022 4:00,1.452
12/4/2022 5:00,1.451
12/4/2022 6:00,1.481
12/4/2022 7:00,1.638
12/4/2022 8:00,1.815
12/4/2022 9:00,1.922
12/4/2022 10:00,1.942
12/4/2022 11:00,1.931
12/4/2022 12:00,1.885
12/4/2022 13:00,1.786
12/4/2022 14:00,1.655
12/4/2022 15:00,1.665
12/4/2022 16:00,1.754
12/4/2022 17:00,1.809
12/4/2022 18:00,1.723
12/4/2022 19:00,1.615
12/4/2022 20:00,1.584
12/4/2022 21:00,1.607
12/4/2022 22:00,1.64
12/4/2022 23:00,1.684
12/5/2022 0:00,1.689
12/5/2022 1:00,1.657
12/5/2022 2:00,1.634
12/5/2022 3:00,1.612
12/5/2022 4:00,1.529
12/5/2022 5:00,1.423
12/5/2022 6:00,1.3
12/5/2022 7:00,1.264
12/5/2022 8:00,1.26
12/5/2022 9:00,1.263
12/5/2022 10:00,1.352
12/5/2022 11:00,1.386
12/5/2022 12:00,1.332
12/5/2022 13:00,1.177
12/5/2022 14:00,0.989
12/5/2022 15:00,0.913
12/5/2022 16:00,0.882
12/5/2022 17:00,0.848
12/5/2022 18:00,0.81
12/5/2022 19:00,0.671
12/5/2022 20:00,0.626
12/5/2022 21:00,0.744
12/5/2022 22:00,0.74
12/5/2022 23:00,0.676
12/6/2022 0:00,0.9
12/6/2022 1:00,1.288
12/6/2022 2:00,1.317
12/6/2022 3:00,1.283
12/6/2022 4:00,1.319
12/6/2022 5:00,1.328
12/6/2022 6:00,1.293
12/6/2022 7:00,1.419
12/6/2022 8:00,1.543
12/6/2022 9:00,1.598
12/6/2022 10:00,1.675
12/6/2022 11:00,1.799
12/6/2022 12:00,1.842
12/6/2022 13:00,1.518
12/6/2022 14:00,1.034
12/6/2022 15:00,1.03
12/6/2022 16:00,1.036
12/6/2022 17:00,1.059
12/6/2022 18:00,1.091
12/6/2022 19:00,1.136
12/6/2022 20:00,1.165
12/6/2022 21:00,1.145
12/6/2022 22:00,1.147
12/6/2022 23:00,1.172
12/7/2022 0:00,1.158
12/7/2022 1:00,1.191
12/7/2022 2:00,1.2
12/7/2022 3:00,1.179
12/7/2022 4:00,1.144
12/7/2022 5:00,1.135
12/7/2022 6:00,1.101
12/7/2022 7:00,1.155
12/7/2022 8:00,1.39
12/7/2022 9:00,1.502
12/7/2022 10:00,1.76
12/7/2022 11:00,1.916
12/7/2022 12:00,1.867
12/7/2022 13:00,1.458
12/7/2022 14:00,0.912
12/7/2022 15:00,1.018
12/7/2022 16:00,1.071
12/7/2022 17:00,1.074
12/7/2022 18:00,1.06
12/7/2022 19:00,1.062
12/7/2022 20:00,1.053
12/7/2022 21:00,1.039
12/7/2022 22:00,1.018
12/7/2022 23:00,0.986
12/8/2022 0:00,0.948
12/8/2022 1:00,0.915
12/8/2022 2:00,0.882
12/8/2022 3:00,0.849
12/8/2022 4:00,0.831
12/8/2022 5:00,0.823
12/8/2022 6:00,0.839
12/8/2022 7:00,0.923
12/8/2022 8:00,1.226
12/8/2022 9:00,1.337
12/8/2022 10:00,1.467
12/8/2022 11:00,1.461
12/8/2022 12:00,1.348
12/8/2022 13:00,1.074
12/8/2022 14:00,0.873
12/8/2022 15:00,1.028
12/8/2022 16:00,1.093
12/8/2022 17:00,1.103
12/8/2022 18:00,1.097
12/8/2022 19:00,1.097
12/8/2022 20:00,1.123
12/8/2022 21:00,1.011
12/8/2022 22:00,0.892
12/8/2022 23:00,0.743
12/9/2022 0:00,0.671
12/9/2022 1:00,0.582
12/9/2022 2:00,0.552
12/9/2022 3:00,0.553
12/9/2022 4:00,0.606
12/9/2022 5:00,0.723
12/9/2022 6:00,0.872
12/9/2022 7:00,1.143
12/9/2022 8:00,1.378
12/9/2022 9:00,1.481
12/9/2022 10:00,1.547
12/9/2022 11:00,1.538
12/9/2022 12:00,1.455
12/9/2022 13:00,1.281
12/9/2022 14:00,1.015
12/9/2022 15:00,0.858
12/9/2022 16:00,0.869
12/9/2022 17:00,0.753
12/9/2022 18:00,0.634
12/9/2022 19:00,0.603
12/9/2022 20:00,0.718
12/9/2022 21:00,0.959
12/9/2022 22:00,1.203
12/9/2022 23:00,1.358
12/10/2022 0:00,1.357
12/10/2022 1:00,1.391
12/10/2022 2:00,1.414
12/10/2022 3:00,1.436
12/10/2022 4:00,1.342
12/10/2022 5:00,1.24
12/10/2022 6:00,1.243
12/10/2022 7:00,1.389
12/10/2022 8:00,1.405
12/10/2022 9:00,1.464
12/10/2022 10:00,1.576
12/10/2022 11:00,1.712
12/10/2022 12:00,1.795
12/10/2022 13:00,1.654
12/10/2022 14:00,1.51
12/10/2022 15:00,1.579
12/10/2022 16:00,1.777
12/10/2022 17:00,1.946
12/10/2022 18:00,2.101
12/10/2022 19:00,2.251
12/10/2022 20:00,2.34
12/10/2022 21:00,2.426
12/10/2022 22:00,2.502
12/10/2022 23:00,2.605
12/11/2022 0:00,2.715
12/11/2022 1:00,2.788
12/11/2022 2:00,2.807
12/11/2022 3:00,2.778
12/11/2022 4:00,2.743
12/11/2022 5:00,2.663
12/11/2022 6:00,2.554
12/11/2022 7:00,2.538
12/11/2022 8:00,2.734
12/11/2022 9:00,3.098
12/11/2022 10:00,3.154
12/11/2022 11:00,3.064
12/11/2022 12:00,2.888
12/11/2022 13:00,2.533
12/11/2022 14:00,1.946
12/11/2022 15:00,1.589
12/11/2022 16:00,1.573
12/11/2022 17:00,1.563
12/11/2022 18:00,1.539
12/11/2022 19:00,1.495
12/11/2022 20:00,1.441
12/11/2022 21:00,1.41
12/11/2022 22:00,1.365
12/11/2022 23:00,1.359
12/12/2022 0:00,1.393
12/12/2022 1:00,1.389
12/12/2022 2:00,1.501
12/12/2022 3:00,1.634
12/12/2022 4:00,1.688
12/12/2022 5:00,1.779
12/12/2022 6:00,1.856
12/12/2022 7:00,1.995
12/12/2022 8:00,2.321
12/12/2022 9:00,2.568
12/12/2022 10:00,2.572
12/12/2022 11:00,2.524
12/12/2022 12:00,2.429
12/12/2022 13:00,2.17
12/12/2022 14:00,1.801
12/12/2022 15:00,1.816
12/12/2022 16:00,1.929
12/12/2022 17:00,1.978
12/12/2022 18:00,1.972
12/12/2022 19:00,1.917
12/12/2022 20:00,1.715
12/12/2022 21:00,1.514
12/12/2022 22:00,1.347
12/12/2022 23:00,1.236
12/13/2022 0:00,1.176
12/13/2022 1:00,1.148
12/13/2022 2:00,1.103
12/13/2022 3:00,1.047
12/13/2022 4:00,0.954
12/13/2022 5:00,0.854
12/13/2022 6:00,0.774
12/13/2022 7:00,0.822
12/13/2022 8:00,0.941
12/13/2022 9:00,1.27
12/13/2022 10:00,1.514
12/13/2022 11:00,1.647
12/13/2022 12:00,1.673
12/13/2022 13:00,1.465
12/13/2022 14:00,1.026
12/13/2022 15:00,1.141
12/13/2022 16:00,1.302
12/13/2022 17:00,1.352
12/13/2022 18:00,1.344
12/13/2022 19:00,1.319
12/13/2022 20:00,1.323
12/13/2022 21:00,1.346
12/13/2022 22:00,1.391
12/13/2022 23:00,1.481
12/14/2022 0:00,1.568
12/14/2022 1:00,1.629
12/14/2022 2:00,1.675
12/14/2022 3:00,1.687
12/14/2022 4:00,1.678
12/14/2022 5:00,1.722
12/14/2022 6:00,1.798
12/14/2022 7:00,2.029
12/14/2022 8:00,2.484
12/14/2022 9:00,2.693
12/14/2022 10:00,2.722
12/14/2022 11:00,2.686
12/14/2022 12:00,2.609
12/14/2022 13:00,2.407
12/14/2022 14:00,2.131
12/14/2022 15:00,1.999
12/14/2022 16:00,1.982
12/14/2022 17:00,1.909
12/14/2022 18:00,1.738
12/14/2022 19:00,1.626
12/14/2022 20:00,1.468
12/14/2022 21:00,1.283
12/14/2022 22:00,1.121
12/14/2022 23:00,0.984
12/15/2022 0:00,0.903
12/15/2022 1:00,0.8
12/15/2022 2:00,0.716
12/15/2022 3:00,0.72
12/15/2022 4:00,0.742
12/15/2022 5:00,0.715
12/15/2022 6:00,0.679
12/15/2022 7:00,0.724
12/15/2022 8:00,0.796
12/15/2022 9:00,0.788
12/15/2022 10:00,0.799
12/15/2022 11:00,0.859
12/15/2022 12:00,0.91
12/15/2022 13:00,0.948
12/15/2022 14:00,0.904
12/15/2022 15:00,1.027
12/15/2022 16:00,1.179
12/15/2022 17:00,1.304
12/15/2022 18:00,1.413
12/15/2022 19:00,1.457
12/15/2022 20:00,1.516
12/15/2022 21:00,1.553
12/15/2022 22:00,1.573
12/15/2022 23:00,1.577
12/16/2022 0:00,1.441
12/16/2022 1:00,1.337
12/16/2022 2:00,1.29
12/16/2022 3:00,1.328
12/16/2022 4:00,1.233
12/16/2022 5:00,1.022
12/16/2022 6:00,0.815
12/16/2022 7:00,0.772
12/16/2022 8:00,1.062
12/16/2022 9:00,1.453
12/16/2022 10:00,1.683
12/16/2022 11:00,1.714
12/16/2022 12:00,1.638
12/16/2022 13:00,1.478
12/16/2022 14:00,1.305
12/16/2022 15:00,1.258
12/16/2022 16:00,1.33
12/16/2022 17:00,1.356
12/16/2022 18:00,1.399
12/16/2022 19:00,1.46
12/16/2022 20:00,1.504
12/16/2022 21:00,1.522
12/16/2022 22:00,1.578
12/16/2022 23:00,1.662
12/17/2022 0:00,1.724
12/17/2022 1:00,1.734
12/17/2022 2:00,1.798
12/17/2022 3:00,1.867
12/17/2022 4:00,1.883
12/17/2022 5:00,1.821
12/17/2022 6:00,1.758
12/17/2022 7:00,1.781
12/17/2022 8:00,1.945
12/17/2022 9:00,2.282
12/17/2022 10:00,2.397
12/17/2022 11:00,2.357
12/17/2022 12:00,2.215
12/17/2022 13:00,1.801
12/17/2022 14:00,1.331
12/17/2022 15:00,1.365
12/17/2022 16:00,1.427
12/17/2022 17:00,1.349
12/17/2022 18:00,1.32
12/17/2022 19:00,1.331
12/17/2022 20:00,1.348
12/17/2022 21:00,1.36
12/17/2022 22:00,1.374
12/17/2022 23:00,1.377
12/18/2022 0:00,1.343
12/18/2022 1:00,1.298
12/18/2022 2:00,1.25
12/18/2022 3:00,1.22
12/18/2022 4:00,1.208
12/18/2022 5:00,1.178
12/18/2022 6:00,1.13
12/18/2022 7:00,1.089
12/18/2022 8:00,1
12/18/2022 9:00,0.911
12/18/2022 10:00,0.953
12/18/2022 11:00,1.111
12/18/2022 12:00,1.196
12/18/2022 13:00,1.048
12/18/2022 14:00,0.893
12/18/2022 15:00,1.063
12/18/2022 16:00,1.161
12/18/2022 17:00,1.194
12/18/2022 18:00,1.224
12/18/2022 19:00,1.272
12/18/2022 20:00,1.342
12/18/2022 21:00,1.425
12/18/2022 22:00,1.528
12/18/2022 23:00,1.671
12/19/2022 0:00,1.794
12/19/2022 1:00,1.908
12/19/2022 2:00,1.971
12/19/2022 3:00,2.026
12/19/2022 4:00,2.071
12/19/2022 5:00,2.122
12/19/2022 6:00,2.247
12/19/2022 7:00,2.326
12/19/2022 8:00,2.477
12/19/2022 9:00,2.664
12/19/2022 10:00,2.673
12/19/2022 11:00,2.592
12/19/2022 12:00,2.46
12/19/2022 13:00,2.258
12/19/2022 14:00,2.022
12/19/2022 15:00,1.975
12/19/2022 16:00,2.075
12/19/2022 17:00,2.131
12/19/2022 18:00,2.151
12/19/2022 19:00,2.134
12/19/2022 20:00,2.081
12/19/2022 21:00,2.016
12/19/2022 22:00,1.947
12/19/2022 23:00,1.892
12/20/2022 0:00,1.833
12/20/2022 1:00,1.773
12/20/2022 2:00,1.698
12/20/2022 3:00,1.67
12/20/2022 4:00,1.624
12/20/2022 5:00,1.619
12/20/2022 6:00,1.62
12/20/2022 7:00,1.645
12/20/2022 8:00,1.632
12/20/2022 9:00,1.632
12/20/2022 10:00,1.682
12/20/2022 11:00,1.724
12/20/2022 12:00,1.755
12/20/2022 13:00,1.746
12/20/2022 14:00,1.665
12/20/2022 15:00,1.615
12/20/2022 16:00,1.676
12/20/2022 17:00,1.637
12/20/2022 18:00,1.568
12/20/2022 19:00,1.496
12/20/2022 20:00,1.415
12/20/2022 21:00,1.323
12/20/2022 22:00,1.274
12/20/2022 23:00,1.241
12/21/2022 0:00,1.216
12/21/2022 1:00,1.161
12/21/2022 2:00,1.065
12/21/2022 3:00,0.984
12/21/2022 4:00,0.885
12/21/2022 5:00,0.721
12/21/2022 6:00,0.573
12/21/2022 7:00,0.571
12/21/2022 8:00,0.678
12/21/2022 9:00,0.774
12/21/2022 10:00,0.792
12/21/2022 11:00,0.766
12/21/2022 12:00,0.698
12/21/2022 13:00,0.582
12/21/2022 14:00,0.664
12/21/2022 15:00,0.835
12/21/2022 16:00,0.934
12/21/2022 17:00,0.981
12/21/2022 18:00,0.983
12/21/2022 19:00,0.924
12/21/2022 20:00,0.882
12/21/2022 21:00,0.854
12/21/2022 22:00,0.861
12/21/2022 23:00,0.874
12/22/2022 0:00,0.886
12/22/2022 1:00,0.891
12/22/2022 2:00,0.891
12/22/2022 3:00,0.903
12/22/2022 4:00,0.984
12/22/2022 5:00,1.084
12/22/2022 6:00,1.168
12/22/2022 7:00,1.256
12/22/2022 8:00,1.289
12/22/2022 9:00,1.302
12/22/2022 10:00,1.301
12/22/2022 11:00,1.236
12/22/2022 12:00,1.236
12/22/2022 13:00,1.308
12/22/2022 14:00,1.401
12/22/2022 15:00,1.569
12/22/2022 16:00,1.75
12/22/2022 17:00,1.876
12/22/2022 18:00,1.859
12/22/2022 19:00,1.805
12/22/2022 20:00,1.667
12/22/2022 21:00,1.52
12/22/2022 22:00,1.383
12/22/2022 23:00,1.308
12/23/2022 0:00,1.25
12/23/2022 1:00,1.169
12/23/2022 2:00,1.098
12/23/2022 3:00,1.072
12/23/2022 4:00,1.124
12/23/2022 5:00,1.192
12/23/2022 6:00,1.213
12/23/2022 7:00,1.233
12/23/2022 8:00,1.432
12/23/2022 9:00,1.587
12/23/2022 10:00,1.635
12/23/2022 11:00,1.582
12/23/2022 12:00,1.292
12/23/2022 13:00,1.108
12/23/2022 14:00,1.118
12/23/2022 15:00,1.154
12/23/2022 16:00,1.265
12/23/2022 17:00,1.273
12/23/2022 18:00,1.32
12/23/2022 19:00,1.417
12/23/2022 20:00,1.563
12/23/2022 21:00,1.701
12/23/2022 22:00,1.772
12/23/2022 23:00,1.786
12/24/2022 0:00,1.845
12/24/2022 1:00,1.812
12/24/2022 2:00,1.844
12/24/2022 3:00,1.82
12/24/2022 4:00,1.798
12/24/2022 5:00,1.8
12/24/2022 6:00,1.731
12/24/2022 7:00,1.68
12/24/2022 8:00,1.784
12/24/2022 9:00,1.936
12/24/2022 10:00,2.01
12/24/2022 11:00,2.021
12/24/2022 12:00,1.804
12/24/2022 13:00,1.481
12/24/2022 14:00,1.232
12/24/2022 15:00,1.24
12/24/2022 16:00,1.26
12/24/2022 17:00,1.239
12/24/2022 18:00,1.222
12/24/2022 19:00,1.226
12/24/2022 20:00,1.218
12/24/2022 21:00,1.216
12/24/2022 22:00,1.195
12/24/2022 23:00,1.16
12/25/2022 0:00,1.107
12/25/2022 1:00,1.051
12/25/2022 2:00,0.998
12/25/2022 3:00,0.977
12/25/2022 4:00,0.96
12/25/2022 5:00,0.931
12/25/2022 6:00,0.842
12/25/2022 7:00,0.678
12/25/2022 8:00,0.608
12/25/2022 9:00,0.952
12/25/2022 10:00,1.236
12/25/2022 11:00,1.405
12/25/2022 12:00,1.466
12/25/2022 13:00,1.206
12/25/2022 14:00,1.063
12/25/2022 15:00,1.205
12/25/2022 16:00,1.338
12/25/2022 17:00,1.439
12/25/2022 18:00,1.487
12/25/2022 19:00,1.466
12/25/2022 20:00,1.475
12/25/2022 21:00,1.454
12/25/2022 22:00,1.431
12/25/2022 23:00,1.371
12/26/2022 0:00,1.239
12/26/2022 1:00,1.243
12/26/2022 2:00,1.147
12/26/2022 3:00,1.172
12/26/2022 4:00,1.207
12/26/2022 5:00,1.196
12/26/2022 6:00,1.202
12/26/2022 7:00,1.182
12/26/2022 8:00,1.129
12/26/2022 9:00,1.09
12/26/2022 10:00,1.147
12/26/2022 11:00,1.137
12/26/2022 12:00,1.036
12/26/2022 13:00,0.996
12/26/2022 14:00,1.148
12/26/2022 15:00,1.26
12/26/2022 16:00,1.365
12/26/2022 17:00,1.445
12/26/2022 18:00,1.564
12/26/2022 19:00,1.614
12/26/2022 20:00,1.634
12/26/2022 21:00,1.654
12/26/2022 22:00,1.665
12/26/2022 23:00,1.714
12/27/2022 0:00,1.756
12/27/2022 1:00,1.847
12/27/2022 2:00,2.027
12/27/2022 3:00,2.192
12/27/2022 4:00,2.406
12/27/2022 5:00,2.416
12/27/2022 6:00,2.259
12/27/2022 7:00,2.187
12/27/2022 8:00,2.385
12/27/2022 9:00,2.72
12/27/2022 10:00,2.765
12/27/2022 11:00,2.609
12/27/2022 12:00,2.353
12/27/2022 13:00,1.768
12/27/2022 14:00,1.115
12/27/2022 15:00,1.104
12/27/2022 16:00,1.095
12/27/2022 17:00,1.067
12/27/2022 18:00,1.026
12/27/2022 19:00,1.017
12/27/2022 20:00,1.014
12/27/2022 21:00,1.006
12/27/2022 22:00,0.985
12/27/2022 23:00,0.977
12/28/2022 0:00,0.978
12/28/2022 1:00,0.967
12/28/2022 2:00,0.98
12/28/2022 3:00,0.989
12/28/2022 4:00,0.997
12/28/2022 5:00,1.115
12/28/2022 6:00,1.27
12/28/2022 7:00,1.451
12/28/2022 8:00,1.753
12/28/2022 9:00,1.91
12/28/2022 10:00,1.948
12/28/2022 11:00,1.858
12/28/2022 12:00,1.482
12/28/2022 13:00,1.05
12/28/2022 14:00,1.082
12/28/2022 15:00,1.294
12/28/2022 16:00,1.337
12/28/2022 17:00,1.312
12/28/2022 18:00,1.249
12/28/2022 19:00,1.184
12/28/2022 20:00,1.149
12/28/2022 21:00,1.108
12/28/2022 22:00,1.056
12/28/2022 23:00,1
12/29/2022 0:00,1.012
12/29/2022 1:00,1.055
12/29/2022 2:00,1.099
12/29/2022 3:00,1.118
12/29/2022 4:00,1.127
12/29/2022 5:00,1.136
12/29/2022 6:00,1.156
12/29/2022 7:00,1.264
12/29/2022 8:00,1.359
12/29/2022 9:00,1.451
12/29/2022 10:00,1.619
12/29/2022 11:00,1.68
12/29/2022 12:00,1.541
12/29/2022 13:00,1.212
12/29/2022 14:00,1.065
12/29/2022 15:00,1.153
12/29/2022 16:00,1.153
12/29/2022 17:00,1.131
12/29/2022 18:00,1.131
12/29/2022 19:00,1.08
12/29/2022 20:00,0.948
12/29/2022 21:00,0.837
12/29/2022 22:00,0.782
12/29/2022 23:00,0.778
12/30/2022 0:00,0.715
12/30/2022 1:00,0.825
12/30/2022 2:00,0.927
12/30/2022 3:00,0.913
12/30/2022 4:00,0.926
12/30/2022 5:00,0.876
12/30/2022 6:00,0.868
12/30/2022 7:00,0.872
12/30/2022 8:00,0.868
12/30/2022 9:00,0.96
12/30/2022 10:00,0.97
12/30/2022 11:00,0.781
12/30/2022 12:00,0.641
12/30/2022 13:00,0.757
12/30/2022 14:00,0.908
12/30/2022 15:00,1.177
12/30/2022 16:00,1.359
12/30/2022 17:00,1.57
12/30/2022 18:00,1.726
12/30/2022 19:00,1.7
12/30/2022 20:00,1.61
12/30/2022 21:00,1.447
12/30/2022 22:00,1.268
12/30/2022 23:00,1.276
12/31/2022 0:00,1.395
12/31/2022 1:00,1.45
12/31/2022 2:00,1.459
12/31/2022 3:00,1.512
12/31/2022 4:00,1.477
12/31/2022 5:00,1.471
12/31/2022 6:00,1.408
12/31/2022 7:00,1.402
12/31/2022 8:00,1.491
12/31/2022 9:00,1.665
12/31/2022 10:00,1.783
12/31/2022 11:00,1.719
12/31/2022 12:00,1.48
12/31/2022 13:00,1.181
12/31/2022 14:00,1.126
12/31/2022 15:00,1.264
12/31/2022 16:00,1.355
12/31/2022 17:00,1.356
12/31/2022 18:00,1.36
12/31/2022 19:00,1.355
12/31/2022 20:00,1.334
12/31/2022 21:00,1.31
12/31/2022 22:00,1.262
12/31/2022 23:00,1.202
