# Renewables.ninja Weather (hourly 1980-2022)  -  Canada  -  renewables_ninja_country_CA_wind-speed_merra-2_pop-wtd.csv  -  Version 1.4,
# License: https://creativecommons.org/licenses/by-nc/4.0/  -  Reference: https://doi.org/10.1038/s41560-023-01341-5,
# Units: time in UTC; other columns are the wind speed at 2 metres above ground in m/s (U2M and V2M in MERRA-2) weighted by population; column names signify country ISO2 code or GADM level1 code.,
,
1/1/2022 0:00,1.237
1/1/2022 1:00,1.344
1/1/2022 2:00,1.394
1/1/2022 3:00,1.329
1/1/2022 4:00,1.235
1/1/2022 5:00,1.244
1/1/2022 6:00,1.279
1/1/2022 7:00,1.264
1/1/2022 8:00,1.261
1/1/2022 9:00,1.393
1/1/2022 10:00,1.584
1/1/2022 11:00,1.714
1/1/2022 12:00,1.95
1/1/2022 13:00,2.211
1/1/2022 14:00,2.284
1/1/2022 15:00,2.499
1/1/2022 16:00,2.725
1/1/2022 17:00,2.912
1/1/2022 18:00,3.089
1/1/2022 19:00,3.157
1/1/2022 20:00,3.152
1/1/2022 21:00,3.069
1/1/2022 22:00,3.139
1/1/2022 23:00,3.302
1/2/2022 0:00,3.471
1/2/2022 1:00,3.519
1/2/2022 2:00,3.517
1/2/2022 3:00,3.617
1/2/2022 4:00,3.666
1/2/2022 5:00,3.749
1/2/2022 6:00,3.73
1/2/2022 7:00,3.645
1/2/2022 8:00,3.509
1/2/2022 9:00,3.428
1/2/2022 10:00,3.404
1/2/2022 11:00,3.463
1/2/2022 12:00,3.541
1/2/2022 13:00,3.616
1/2/2022 14:00,3.729
1/2/2022 15:00,3.673
1/2/2022 16:00,3.6
1/2/2022 17:00,3.602
1/2/2022 18:00,3.592
1/2/2022 19:00,3.553
1/2/2022 20:00,3.331
1/2/2022 21:00,3.051
1/2/2022 22:00,2.953
1/2/2022 23:00,2.951
1/3/2022 0:00,2.908
1/3/2022 1:00,2.879
1/3/2022 2:00,2.857
1/3/2022 3:00,2.774
1/3/2022 4:00,2.667
1/3/2022 5:00,2.57
1/3/2022 6:00,2.417
1/3/2022 7:00,2.215
1/3/2022 8:00,2.161
1/3/2022 9:00,2.258
1/3/2022 10:00,2.386
1/3/2022 11:00,2.339
1/3/2022 12:00,2.351
1/3/2022 13:00,2.365
1/3/2022 14:00,2.224
1/3/2022 15:00,2.027
1/3/2022 16:00,1.968
1/3/2022 17:00,2.042
1/3/2022 18:00,1.981
1/3/2022 19:00,1.917
1/3/2022 20:00,1.875
1/3/2022 21:00,1.915
1/3/2022 22:00,1.895
1/3/2022 23:00,2.009
1/4/2022 0:00,2.16
1/4/2022 1:00,2.349
1/4/2022 2:00,2.501
1/4/2022 3:00,2.596
1/4/2022 4:00,2.701
1/4/2022 5:00,2.828
1/4/2022 6:00,2.904
1/4/2022 7:00,2.938
1/4/2022 8:00,3.011
1/4/2022 9:00,3.069
1/4/2022 10:00,3.036
1/4/2022 11:00,2.95
1/4/2022 12:00,2.917
1/4/2022 13:00,3.015
1/4/2022 14:00,3.25
1/4/2022 15:00,3.444
1/4/2022 16:00,3.515
1/4/2022 17:00,3.532
1/4/2022 18:00,3.448
1/4/2022 19:00,3.228
1/4/2022 20:00,2.916
1/4/2022 21:00,2.604
1/4/2022 22:00,2.507
1/4/2022 23:00,2.474
1/5/2022 0:00,2.456
1/5/2022 1:00,2.407
1/5/2022 2:00,2.411
1/5/2022 3:00,2.332
1/5/2022 4:00,2.353
1/5/2022 5:00,2.495
1/5/2022 6:00,2.677
1/5/2022 7:00,2.853
1/5/2022 8:00,3.007
1/5/2022 9:00,3.142
1/5/2022 10:00,3.346
1/5/2022 11:00,3.394
1/5/2022 12:00,3.444
1/5/2022 13:00,3.503
1/5/2022 14:00,3.629
1/5/2022 15:00,3.795
1/5/2022 16:00,3.932
1/5/2022 17:00,4.079
1/5/2022 18:00,4.097
1/5/2022 19:00,4.155
1/5/2022 20:00,4.252
1/5/2022 21:00,4.274
1/5/2022 22:00,4.162
1/5/2022 23:00,4.148
1/6/2022 0:00,4.247
1/6/2022 1:00,4.318
1/6/2022 2:00,4.332
1/6/2022 3:00,4.289
1/6/2022 4:00,4.311
1/6/2022 5:00,4.257
1/6/2022 6:00,4.125
1/6/2022 7:00,3.976
1/6/2022 8:00,3.912
1/6/2022 9:00,3.899
1/6/2022 10:00,3.966
1/6/2022 11:00,3.816
1/6/2022 12:00,3.668
1/6/2022 13:00,3.629
1/6/2022 14:00,3.701
1/6/2022 15:00,3.835
1/6/2022 16:00,3.956
1/6/2022 17:00,4.012
1/6/2022 18:00,3.939
1/6/2022 19:00,3.747
1/6/2022 20:00,3.478
1/6/2022 21:00,3.017
1/6/2022 22:00,2.59
1/6/2022 23:00,2.413
1/7/2022 0:00,2.307
1/7/2022 1:00,2.232
1/7/2022 2:00,2.177
1/7/2022 3:00,2.138
1/7/2022 4:00,2.101
1/7/2022 5:00,2.068
1/7/2022 6:00,2.05
1/7/2022 7:00,2.039
1/7/2022 8:00,2.118
1/7/2022 9:00,2.229
1/7/2022 10:00,2.316
1/7/2022 11:00,2.403
1/7/2022 12:00,2.462
1/7/2022 13:00,2.558
1/7/2022 14:00,2.819
1/7/2022 15:00,3.074
1/7/2022 16:00,3.352
1/7/2022 17:00,3.61
1/7/2022 18:00,3.866
1/7/2022 19:00,4.027
1/7/2022 20:00,4.069
1/7/2022 21:00,3.951
1/7/2022 22:00,3.783
1/7/2022 23:00,3.647
1/8/2022 0:00,3.529
1/8/2022 1:00,3.374
1/8/2022 2:00,3.181
1/8/2022 3:00,2.989
1/8/2022 4:00,2.779
1/8/2022 5:00,2.634
1/8/2022 6:00,2.587
1/8/2022 7:00,2.466
1/8/2022 8:00,2.303
1/8/2022 9:00,2.134
1/8/2022 10:00,1.982
1/8/2022 11:00,1.919
1/8/2022 12:00,1.958
1/8/2022 13:00,2.143
1/8/2022 14:00,2.538
1/8/2022 15:00,3.047
1/8/2022 16:00,3.284
1/8/2022 17:00,3.4
1/8/2022 18:00,3.444
1/8/2022 19:00,3.371
1/8/2022 20:00,3.183
1/8/2022 21:00,2.857
1/8/2022 22:00,2.765
1/8/2022 23:00,2.873
1/9/2022 0:00,3.022
1/9/2022 1:00,3.08
1/9/2022 2:00,3.04
1/9/2022 3:00,3.158
1/9/2022 4:00,3.353
1/9/2022 5:00,3.326
1/9/2022 6:00,3.319
1/9/2022 7:00,3.444
1/9/2022 8:00,3.525
1/9/2022 9:00,3.554
1/9/2022 10:00,3.567
1/9/2022 11:00,3.634
1/9/2022 12:00,3.608
1/9/2022 13:00,3.544
1/9/2022 14:00,3.653
1/9/2022 15:00,3.886
1/9/2022 16:00,4.255
1/9/2022 17:00,4.398
1/9/2022 18:00,4.597
1/9/2022 19:00,4.846
1/9/2022 20:00,5.007
1/9/2022 21:00,5.072
1/9/2022 22:00,5.032
1/9/2022 23:00,4.982
1/10/2022 0:00,4.979
1/10/2022 1:00,4.872
1/10/2022 2:00,4.73
1/10/2022 3:00,4.605
1/10/2022 4:00,4.524
1/10/2022 5:00,4.345
1/10/2022 6:00,4.188
1/10/2022 7:00,4.088
1/10/2022 8:00,4.032
1/10/2022 9:00,4.001
1/10/2022 10:00,3.924
1/10/2022 11:00,3.837
1/10/2022 12:00,3.775
1/10/2022 13:00,3.797
1/10/2022 14:00,3.974
1/10/2022 15:00,4.119
1/10/2022 16:00,4.229
1/10/2022 17:00,4.4
1/10/2022 18:00,4.548
1/10/2022 19:00,4.56
1/10/2022 20:00,4.439
1/10/2022 21:00,4.226
1/10/2022 22:00,4.054
1/10/2022 23:00,4.01
1/11/2022 0:00,4.025
1/11/2022 1:00,4.065
1/11/2022 2:00,4.028
1/11/2022 3:00,3.882
1/11/2022 4:00,3.72
1/11/2022 5:00,3.574
1/11/2022 6:00,3.415
1/11/2022 7:00,3.206
1/11/2022 8:00,3.075
1/11/2022 9:00,2.961
1/11/2022 10:00,2.711
1/11/2022 11:00,2.489
1/11/2022 12:00,2.283
1/11/2022 13:00,2.109
1/11/2022 14:00,2.12
1/11/2022 15:00,2.304
1/11/2022 16:00,2.486
1/11/2022 17:00,2.696
1/11/2022 18:00,2.92
1/11/2022 19:00,3.054
1/11/2022 20:00,2.987
1/11/2022 21:00,2.99
1/11/2022 22:00,3.007
1/11/2022 23:00,3.023
1/12/2022 0:00,3.269
1/12/2022 1:00,3.486
1/12/2022 2:00,3.589
1/12/2022 3:00,3.606
1/12/2022 4:00,3.649
1/12/2022 5:00,3.776
1/12/2022 6:00,3.864
1/12/2022 7:00,3.795
1/12/2022 8:00,3.693
1/12/2022 9:00,3.632
1/12/2022 10:00,3.522
1/12/2022 11:00,3.464
1/12/2022 12:00,3.311
1/12/2022 13:00,3.391
1/12/2022 14:00,3.391
1/12/2022 15:00,3.37
1/12/2022 16:00,3.464
1/12/2022 17:00,3.352
1/12/2022 18:00,3.115
1/12/2022 19:00,2.878
1/12/2022 20:00,2.481
1/12/2022 21:00,2.134
1/12/2022 22:00,2.043
1/12/2022 23:00,1.969
1/13/2022 0:00,1.778
1/13/2022 1:00,1.609
1/13/2022 2:00,1.505
1/13/2022 3:00,1.444
1/13/2022 4:00,1.405
1/13/2022 5:00,1.388
1/13/2022 6:00,1.377
1/13/2022 7:00,1.36
1/13/2022 8:00,1.386
1/13/2022 9:00,1.4
1/13/2022 10:00,1.377
1/13/2022 11:00,1.355
1/13/2022 12:00,1.339
1/13/2022 13:00,1.324
1/13/2022 14:00,1.403
1/13/2022 15:00,1.448
1/13/2022 16:00,1.542
1/13/2022 17:00,1.633
1/13/2022 18:00,1.75
1/13/2022 19:00,1.807
1/13/2022 20:00,1.741
1/13/2022 21:00,1.572
1/13/2022 22:00,1.607
1/13/2022 23:00,1.704
1/14/2022 0:00,1.808
1/14/2022 1:00,1.865
1/14/2022 2:00,1.91
1/14/2022 3:00,1.907
1/14/2022 4:00,1.922
1/14/2022 5:00,1.98
1/14/2022 6:00,2.105
1/14/2022 7:00,2.276
1/14/2022 8:00,2.466
1/14/2022 9:00,2.561
1/14/2022 10:00,2.672
1/14/2022 11:00,2.744
1/14/2022 12:00,2.786
1/14/2022 13:00,2.96
1/14/2022 14:00,3.297
1/14/2022 15:00,3.454
1/14/2022 16:00,3.498
1/14/2022 17:00,3.507
1/14/2022 18:00,3.532
1/14/2022 19:00,3.566
1/14/2022 20:00,3.487
1/14/2022 21:00,3.28
1/14/2022 22:00,3.209
1/14/2022 23:00,3.224
1/15/2022 0:00,3.228
1/15/2022 1:00,3.264
1/15/2022 2:00,3.33
1/15/2022 3:00,3.406
1/15/2022 4:00,3.434
1/15/2022 5:00,3.421
1/15/2022 6:00,3.432
1/15/2022 7:00,3.45
1/15/2022 8:00,3.444
1/15/2022 9:00,3.391
1/15/2022 10:00,3.366
1/15/2022 11:00,3.354
1/15/2022 12:00,3.28
1/15/2022 13:00,3.273
1/15/2022 14:00,3.381
1/15/2022 15:00,3.34
1/15/2022 16:00,3.284
1/15/2022 17:00,3.249
1/15/2022 18:00,3.244
1/15/2022 19:00,3.173
1/15/2022 20:00,2.895
1/15/2022 21:00,2.652
1/15/2022 22:00,2.559
1/15/2022 23:00,2.561
1/16/2022 0:00,2.547
1/16/2022 1:00,2.553
1/16/2022 2:00,2.573
1/16/2022 3:00,2.558
1/16/2022 4:00,2.498
1/16/2022 5:00,2.482
1/16/2022 6:00,2.485
1/16/2022 7:00,2.433
1/16/2022 8:00,2.354
1/16/2022 9:00,2.293
1/16/2022 10:00,2.228
1/16/2022 11:00,2.215
1/16/2022 12:00,2.23
1/16/2022 13:00,2.253
1/16/2022 14:00,2.495
1/16/2022 15:00,2.761
1/16/2022 16:00,2.729
1/16/2022 17:00,2.628
1/16/2022 18:00,2.535
1/16/2022 19:00,2.471
1/16/2022 20:00,2.163
1/16/2022 21:00,1.849
1/16/2022 22:00,1.88
1/16/2022 23:00,1.975
1/17/2022 0:00,2.129
1/17/2022 1:00,2.154
1/17/2022 2:00,2
1/17/2022 3:00,1.905
1/17/2022 4:00,1.981
1/17/2022 5:00,2.176
1/17/2022 6:00,2.616
1/17/2022 7:00,3.001
1/17/2022 8:00,3.385
1/17/2022 9:00,3.727
1/17/2022 10:00,3.907
1/17/2022 11:00,4.012
1/17/2022 12:00,4.129
1/17/2022 13:00,4.266
1/17/2022 14:00,4.449
1/17/2022 15:00,4.759
1/17/2022 16:00,4.883
1/17/2022 17:00,5.031
1/17/2022 18:00,5.132
1/17/2022 19:00,5.159
1/17/2022 20:00,5.054
1/17/2022 21:00,4.83
1/17/2022 22:00,4.663
1/17/2022 23:00,4.646
1/18/2022 0:00,4.544
1/18/2022 1:00,4.392
1/18/2022 2:00,4.367
1/18/2022 3:00,4.371
1/18/2022 4:00,4.292
1/18/2022 5:00,4.162
1/18/2022 6:00,4.123
1/18/2022 7:00,4.035
1/18/2022 8:00,3.925
1/18/2022 9:00,3.843
1/18/2022 10:00,3.768
1/18/2022 11:00,3.659
1/18/2022 12:00,3.489
1/18/2022 13:00,3.406
1/18/2022 14:00,3.518
1/18/2022 15:00,3.565
1/18/2022 16:00,3.511
1/18/2022 17:00,3.44
1/18/2022 18:00,3.323
1/18/2022 19:00,3.109
1/18/2022 20:00,2.691
1/18/2022 21:00,2.317
1/18/2022 22:00,2.181
1/18/2022 23:00,2.296
1/19/2022 0:00,2.55
1/19/2022 1:00,2.733
1/19/2022 2:00,3.024
1/19/2022 3:00,3.231
1/19/2022 4:00,3.334
1/19/2022 5:00,3.466
1/19/2022 6:00,3.595
1/19/2022 7:00,3.75
1/19/2022 8:00,3.935
1/19/2022 9:00,4.149
1/19/2022 10:00,4.272
1/19/2022 11:00,4.329
1/19/2022 12:00,4.267
1/19/2022 13:00,4.198
1/19/2022 14:00,3.998
1/19/2022 15:00,3.895
1/19/2022 16:00,3.947
1/19/2022 17:00,4.028
1/19/2022 18:00,4.225
1/19/2022 19:00,4.29
1/19/2022 20:00,4.248
1/19/2022 21:00,4.118
1/19/2022 22:00,3.911
1/19/2022 23:00,3.943
1/20/2022 0:00,3.997
1/20/2022 1:00,3.99
1/20/2022 2:00,3.978
1/20/2022 3:00,3.87
1/20/2022 4:00,3.684
1/20/2022 5:00,3.48
1/20/2022 6:00,3.398
1/20/2022 7:00,3.376
1/20/2022 8:00,3.328
1/20/2022 9:00,3.278
1/20/2022 10:00,3.121
1/20/2022 11:00,2.907
1/20/2022 12:00,2.774
1/20/2022 13:00,2.812
1/20/2022 14:00,3.065
1/20/2022 15:00,3.178
1/20/2022 16:00,3.255
1/20/2022 17:00,3.318
1/20/2022 18:00,3.362
1/20/2022 19:00,3.404
1/20/2022 20:00,3.344
1/20/2022 21:00,3.125
1/20/2022 22:00,2.995
1/20/2022 23:00,2.899
1/21/2022 0:00,2.754
1/21/2022 1:00,2.638
1/21/2022 2:00,2.593
1/21/2022 3:00,2.592
1/21/2022 4:00,2.598
1/21/2022 5:00,2.608
1/21/2022 6:00,2.614
1/21/2022 7:00,2.612
1/21/2022 8:00,2.567
1/21/2022 9:00,2.536
1/21/2022 10:00,2.493
1/21/2022 11:00,2.419
1/21/2022 12:00,2.327
1/21/2022 13:00,2.196
1/21/2022 14:00,2.112
1/21/2022 15:00,1.986
1/21/2022 16:00,1.829
1/21/2022 17:00,1.765
1/21/2022 18:00,1.78
1/21/2022 19:00,1.745
1/21/2022 20:00,1.56
1/21/2022 21:00,1.531
1/21/2022 22:00,1.543
1/21/2022 23:00,1.589
1/22/2022 0:00,1.707
1/22/2022 1:00,1.817
1/22/2022 2:00,1.883
1/22/2022 3:00,1.937
1/22/2022 4:00,1.973
1/22/2022 5:00,1.983
1/22/2022 6:00,2.004
1/22/2022 7:00,2.043
1/22/2022 8:00,2.131
1/22/2022 9:00,2.232
1/22/2022 10:00,2.346
1/22/2022 11:00,2.419
1/22/2022 12:00,2.5
1/22/2022 13:00,2.708
1/22/2022 14:00,3.147
1/22/2022 15:00,3.47
1/22/2022 16:00,3.675
1/22/2022 17:00,3.707
1/22/2022 18:00,3.766
1/22/2022 19:00,3.79
1/22/2022 20:00,3.687
1/22/2022 21:00,3.579
1/22/2022 22:00,3.552
1/22/2022 23:00,3.587
1/23/2022 0:00,3.601
1/23/2022 1:00,3.571
1/23/2022 2:00,3.541
1/23/2022 3:00,3.49
1/23/2022 4:00,3.424
1/23/2022 5:00,3.435
1/23/2022 6:00,3.416
1/23/2022 7:00,3.358
1/23/2022 8:00,3.276
1/23/2022 9:00,3.126
1/23/2022 10:00,2.974
1/23/2022 11:00,2.746
1/23/2022 12:00,2.621
1/23/2022 13:00,2.637
1/23/2022 14:00,2.846
1/23/2022 15:00,3.167
1/23/2022 16:00,3.372
1/23/2022 17:00,3.525
1/23/2022 18:00,3.612
1/23/2022 19:00,3.597
1/23/2022 20:00,3.42
1/23/2022 21:00,2.995
1/23/2022 22:00,2.655
1/23/2022 23:00,2.489
1/24/2022 0:00,2.381
1/24/2022 1:00,2.27
1/24/2022 2:00,2.136
1/24/2022 3:00,1.982
1/24/2022 4:00,1.829
1/24/2022 5:00,1.695
1/24/2022 6:00,1.566
1/24/2022 7:00,1.511
1/24/2022 8:00,1.581
1/24/2022 9:00,1.711
1/24/2022 10:00,1.808
1/24/2022 11:00,1.905
1/24/2022 12:00,1.974
1/24/2022 13:00,2.026
1/24/2022 14:00,2.208
1/24/2022 15:00,2.524
1/24/2022 16:00,2.759
1/24/2022 17:00,2.857
1/24/2022 18:00,2.87
1/24/2022 19:00,2.827
1/24/2022 20:00,2.619
1/24/2022 21:00,2.303
1/24/2022 22:00,2
1/24/2022 23:00,1.855
1/25/2022 0:00,1.86
1/25/2022 1:00,1.917
1/25/2022 2:00,2.002
1/25/2022 3:00,2.089
1/25/2022 4:00,2.196
1/25/2022 5:00,2.319
1/25/2022 6:00,2.405
1/25/2022 7:00,2.474
1/25/2022 8:00,2.57
1/25/2022 9:00,2.651
1/25/2022 10:00,2.626
1/25/2022 11:00,2.615
1/25/2022 12:00,2.6
1/25/2022 13:00,2.66
1/25/2022 14:00,2.966
1/25/2022 15:00,3.095
1/25/2022 16:00,3.215
1/25/2022 17:00,3.306
1/25/2022 18:00,3.393
1/25/2022 19:00,3.419
1/25/2022 20:00,3.304
1/25/2022 21:00,2.979
1/25/2022 22:00,2.725
1/25/2022 23:00,2.636
1/26/2022 0:00,2.574
1/26/2022 1:00,2.585
1/26/2022 2:00,2.58
1/26/2022 3:00,2.589
1/26/2022 4:00,2.534
1/26/2022 5:00,2.489
1/26/2022 6:00,2.46
1/26/2022 7:00,2.452
1/26/2022 8:00,2.48
1/26/2022 9:00,2.516
1/26/2022 10:00,2.581
1/26/2022 11:00,2.59
1/26/2022 12:00,2.555
1/26/2022 13:00,2.56
1/26/2022 14:00,2.618
1/26/2022 15:00,2.556
1/26/2022 16:00,2.435
1/26/2022 17:00,2.393
1/26/2022 18:00,2.357
1/26/2022 19:00,2.307
1/26/2022 20:00,2.205
1/26/2022 21:00,2.259
1/26/2022 22:00,2.334
1/26/2022 23:00,2.526
1/27/2022 0:00,2.736
1/27/2022 1:00,2.956
1/27/2022 2:00,3.072
1/27/2022 3:00,3.138
1/27/2022 4:00,3.157
1/27/2022 5:00,3.189
1/27/2022 6:00,3.265
1/27/2022 7:00,3.366
1/27/2022 8:00,3.44
1/27/2022 9:00,3.402
1/27/2022 10:00,3.384
1/27/2022 11:00,3.422
1/27/2022 12:00,3.558
1/27/2022 13:00,3.82
1/27/2022 14:00,4.12
1/27/2022 15:00,4.386
1/27/2022 16:00,4.598
1/27/2022 17:00,4.738
1/27/2022 18:00,4.745
1/27/2022 19:00,4.55
1/27/2022 20:00,4.258
1/27/2022 21:00,3.99
1/27/2022 22:00,3.766
1/27/2022 23:00,3.666
1/28/2022 0:00,3.524
1/28/2022 1:00,3.437
1/28/2022 2:00,3.468
1/28/2022 3:00,3.463
1/28/2022 4:00,3.403
1/28/2022 5:00,3.398
1/28/2022 6:00,3.417
1/28/2022 7:00,3.417
1/28/2022 8:00,3.29
1/28/2022 9:00,3.278
1/28/2022 10:00,3.293
1/28/2022 11:00,3.241
1/28/2022 12:00,3.052
1/28/2022 13:00,3.143
1/28/2022 14:00,3.41
1/28/2022 15:00,3.341
1/28/2022 16:00,3.202
1/28/2022 17:00,3.041
1/28/2022 18:00,2.933
1/28/2022 19:00,2.806
1/28/2022 20:00,2.516
1/28/2022 21:00,2.268
1/28/2022 22:00,2.243
1/28/2022 23:00,2.281
1/29/2022 0:00,2.35
1/29/2022 1:00,2.437
1/29/2022 2:00,2.516
1/29/2022 3:00,2.519
1/29/2022 4:00,2.471
1/29/2022 5:00,2.466
1/29/2022 6:00,2.451
1/29/2022 7:00,2.431
1/29/2022 8:00,2.376
1/29/2022 9:00,2.419
1/29/2022 10:00,2.501
1/29/2022 11:00,2.484
1/29/2022 12:00,2.514
1/29/2022 13:00,2.677
1/29/2022 14:00,2.904
1/29/2022 15:00,3.095
1/29/2022 16:00,3.189
1/29/2022 17:00,3.167
1/29/2022 18:00,3.051
1/29/2022 19:00,2.858
1/29/2022 20:00,2.618
1/29/2022 21:00,2.403
1/29/2022 22:00,2.291
1/29/2022 23:00,2.329
1/30/2022 0:00,2.366
1/30/2022 1:00,2.387
1/30/2022 2:00,2.384
1/30/2022 3:00,2.442
1/30/2022 4:00,2.504
1/30/2022 5:00,2.536
1/30/2022 6:00,2.521
1/30/2022 7:00,2.477
1/30/2022 8:00,2.463
1/30/2022 9:00,2.474
1/30/2022 10:00,2.406
1/30/2022 11:00,2.347
1/30/2022 12:00,2.355
1/30/2022 13:00,2.445
1/30/2022 14:00,2.585
1/30/2022 15:00,2.769
1/30/2022 16:00,2.896
1/30/2022 17:00,2.956
1/30/2022 18:00,2.944
1/30/2022 19:00,2.819
1/30/2022 20:00,2.462
1/30/2022 21:00,1.977
1/30/2022 22:00,1.808
1/30/2022 23:00,1.783
1/31/2022 0:00,1.816
1/31/2022 1:00,1.889
1/31/2022 2:00,1.952
1/31/2022 3:00,1.998
1/31/2022 4:00,2.04
1/31/2022 5:00,2.072
1/31/2022 6:00,2.087
1/31/2022 7:00,2.092
1/31/2022 8:00,2.134
1/31/2022 9:00,2.25
1/31/2022 10:00,2.28
1/31/2022 11:00,2.233
1/31/2022 12:00,2.196
1/31/2022 13:00,2.279
1/31/2022 14:00,2.463
1/31/2022 15:00,2.529
1/31/2022 16:00,2.547
1/31/2022 17:00,2.635
1/31/2022 18:00,2.69
1/31/2022 19:00,2.632
1/31/2022 20:00,2.386
1/31/2022 21:00,2.096
1/31/2022 22:00,2.129
1/31/2022 23:00,2.197
2/1/2022 0:00,2.274
2/1/2022 1:00,2.373
2/1/2022 2:00,2.448
2/1/2022 3:00,2.491
2/1/2022 4:00,2.497
2/1/2022 5:00,2.529
2/1/2022 6:00,2.555
2/1/2022 7:00,2.565
2/1/2022 8:00,2.663
2/1/2022 9:00,2.794
2/1/2022 10:00,2.912
2/1/2022 11:00,3.042
2/1/2022 12:00,3.179
2/1/2022 13:00,3.448
2/1/2022 14:00,3.722
2/1/2022 15:00,3.991
2/1/2022 16:00,4.026
2/1/2022 17:00,3.944
2/1/2022 18:00,3.882
2/1/2022 19:00,3.831
2/1/2022 20:00,3.704
2/1/2022 21:00,3.724
2/1/2022 22:00,3.812
2/1/2022 23:00,3.888
2/2/2022 0:00,3.915
2/2/2022 1:00,3.92
2/2/2022 2:00,3.953
2/2/2022 3:00,4.058
2/2/2022 4:00,3.868
2/2/2022 5:00,3.506
2/2/2022 6:00,3.3
2/2/2022 7:00,3.158
2/2/2022 8:00,2.975
2/2/2022 9:00,2.8
2/2/2022 10:00,2.638
2/2/2022 11:00,2.372
2/2/2022 12:00,2.196
2/2/2022 13:00,2.238
2/2/2022 14:00,2.388
2/2/2022 15:00,2.498
2/2/2022 16:00,2.516
2/2/2022 17:00,2.533
2/2/2022 18:00,2.557
2/2/2022 19:00,2.559
2/2/2022 20:00,2.482
2/2/2022 21:00,2.368
2/2/2022 22:00,2.281
2/2/2022 23:00,2.38
2/3/2022 0:00,2.718
2/3/2022 1:00,3.053
2/3/2022 2:00,3.198
2/3/2022 3:00,3.203
2/3/2022 4:00,3.205
2/3/2022 5:00,3.249
2/3/2022 6:00,3.326
2/3/2022 7:00,3.362
2/3/2022 8:00,3.318
2/3/2022 9:00,3.145
2/3/2022 10:00,3.149
2/3/2022 11:00,3.334
2/3/2022 12:00,3.491
2/3/2022 13:00,3.705
2/3/2022 14:00,3.812
2/3/2022 15:00,3.738
2/3/2022 16:00,3.798
2/3/2022 17:00,3.927
2/3/2022 18:00,4.034
2/3/2022 19:00,4.04
2/3/2022 20:00,3.878
2/3/2022 21:00,3.743
2/3/2022 22:00,3.704
2/3/2022 23:00,3.705
2/4/2022 0:00,3.727
2/4/2022 1:00,3.749
2/4/2022 2:00,3.829
2/4/2022 3:00,3.843
2/4/2022 4:00,3.837
2/4/2022 5:00,3.808
2/4/2022 6:00,3.8
2/4/2022 7:00,3.773
2/4/2022 8:00,3.719
2/4/2022 9:00,3.539
2/4/2022 10:00,3.427
2/4/2022 11:00,3.361
2/4/2022 12:00,3.36
2/4/2022 13:00,3.415
2/4/2022 14:00,3.524
2/4/2022 15:00,3.454
2/4/2022 16:00,3.43
2/4/2022 17:00,3.354
2/4/2022 18:00,3.278
2/4/2022 19:00,3.227
2/4/2022 20:00,3.122
2/4/2022 21:00,2.789
2/4/2022 22:00,2.55
2/4/2022 23:00,2.496
2/5/2022 0:00,2.545
2/5/2022 1:00,2.58
2/5/2022 2:00,2.534
2/5/2022 3:00,2.532
2/5/2022 4:00,2.561
2/5/2022 5:00,2.558
2/5/2022 6:00,2.566
2/5/2022 7:00,2.571
2/5/2022 8:00,2.56
2/5/2022 9:00,2.557
2/5/2022 10:00,2.605
2/5/2022 11:00,2.677
2/5/2022 12:00,2.682
2/5/2022 13:00,2.821
2/5/2022 14:00,2.957
2/5/2022 15:00,3.011
2/5/2022 16:00,2.895
2/5/2022 17:00,2.816
2/5/2022 18:00,2.823
2/5/2022 19:00,2.79
2/5/2022 20:00,2.537
2/5/2022 21:00,2.125
2/5/2022 22:00,1.926
2/5/2022 23:00,1.957
2/6/2022 0:00,2.061
2/6/2022 1:00,2.177
2/6/2022 2:00,2.259
2/6/2022 3:00,2.323
2/6/2022 4:00,2.343
2/6/2022 5:00,2.385
2/6/2022 6:00,2.554
2/6/2022 7:00,2.763
2/6/2022 8:00,2.863
2/6/2022 9:00,2.922
2/6/2022 10:00,3.04
2/6/2022 11:00,3.168
2/6/2022 12:00,3.265
2/6/2022 13:00,3.487
2/6/2022 14:00,3.854
2/6/2022 15:00,4.092
2/6/2022 16:00,4.206
2/6/2022 17:00,4.261
2/6/2022 18:00,4.249
2/6/2022 19:00,4.124
2/6/2022 20:00,3.837
2/6/2022 21:00,3.47
2/6/2022 22:00,3.12
2/6/2022 23:00,3.114
2/7/2022 0:00,3.197
2/7/2022 1:00,3.264
2/7/2022 2:00,3.232
2/7/2022 3:00,3.191
2/7/2022 4:00,3.104
2/7/2022 5:00,3.019
2/7/2022 6:00,2.946
2/7/2022 7:00,2.949
2/7/2022 8:00,2.888
2/7/2022 9:00,2.851
2/7/2022 10:00,2.816
2/7/2022 11:00,2.756
2/7/2022 12:00,2.747
2/7/2022 13:00,2.985
2/7/2022 14:00,3.094
2/7/2022 15:00,3.202
2/7/2022 16:00,3.258
2/7/2022 17:00,3.246
2/7/2022 18:00,3.245
2/7/2022 19:00,3.2
2/7/2022 20:00,2.947
2/7/2022 21:00,2.699
2/7/2022 22:00,2.637
2/7/2022 23:00,2.706
2/8/2022 0:00,2.753
2/8/2022 1:00,2.755
2/8/2022 2:00,2.743
2/8/2022 3:00,2.752
2/8/2022 4:00,2.766
2/8/2022 5:00,2.757
2/8/2022 6:00,2.699
2/8/2022 7:00,2.616
2/8/2022 8:00,2.538
2/8/2022 9:00,2.498
2/8/2022 10:00,2.518
2/8/2022 11:00,2.564
2/8/2022 12:00,2.675
2/8/2022 13:00,2.98
2/8/2022 14:00,3.16
2/8/2022 15:00,3.248
2/8/2022 16:00,3.261
2/8/2022 17:00,3.302
2/8/2022 18:00,3.429
2/8/2022 19:00,3.512
2/8/2022 20:00,3.499
2/8/2022 21:00,3.283
2/8/2022 22:00,2.923
2/8/2022 23:00,2.863
2/9/2022 0:00,2.806
2/9/2022 1:00,2.777
2/9/2022 2:00,2.736
2/9/2022 3:00,2.665
2/9/2022 4:00,2.622
2/9/2022 5:00,2.656
2/9/2022 6:00,2.766
2/9/2022 7:00,2.847
2/9/2022 8:00,2.924
2/9/2022 9:00,2.972
2/9/2022 10:00,2.962
2/9/2022 11:00,2.968
2/9/2022 12:00,2.955
2/9/2022 13:00,2.953
2/9/2022 14:00,3.065
2/9/2022 15:00,3.093
2/9/2022 16:00,3.341
2/9/2022 17:00,3.476
2/9/2022 18:00,3.47
2/9/2022 19:00,3.362
2/9/2022 20:00,3.253
2/9/2022 21:00,3.039
2/9/2022 22:00,2.885
2/9/2022 23:00,2.913
2/10/2022 0:00,3.056
2/10/2022 1:00,3.055
2/10/2022 2:00,3.01
2/10/2022 3:00,3.127
2/10/2022 4:00,3.152
2/10/2022 5:00,3.172
2/10/2022 6:00,3.213
2/10/2022 7:00,3.357
2/10/2022 8:00,3.545
2/10/2022 9:00,3.697
2/10/2022 10:00,3.676
2/10/2022 11:00,3.605
2/10/2022 12:00,3.637
2/10/2022 13:00,3.899
2/10/2022 14:00,4.196
2/10/2022 15:00,4.407
2/10/2022 16:00,4.591
2/10/2022 17:00,4.733
2/10/2022 18:00,4.779
2/10/2022 19:00,4.792
2/10/2022 20:00,4.709
2/10/2022 21:00,4.438
2/10/2022 22:00,4.064
2/10/2022 23:00,3.819
2/11/2022 0:00,3.646
2/11/2022 1:00,3.612
2/11/2022 2:00,3.595
2/11/2022 3:00,3.648
2/11/2022 4:00,3.564
2/11/2022 5:00,3.363
2/11/2022 6:00,3.277
2/11/2022 7:00,3.29
2/11/2022 8:00,3.334
2/11/2022 9:00,3.459
2/11/2022 10:00,3.678
2/11/2022 11:00,3.816
2/11/2022 12:00,3.983
2/11/2022 13:00,4.312
2/11/2022 14:00,4.639
2/11/2022 15:00,4.758
2/11/2022 16:00,4.85
2/11/2022 17:00,4.849
2/11/2022 18:00,4.624
2/11/2022 19:00,4.327
2/11/2022 20:00,4.083
2/11/2022 21:00,3.827
2/11/2022 22:00,3.564
2/11/2022 23:00,3.287
2/12/2022 0:00,3.298
2/12/2022 1:00,3.355
2/12/2022 2:00,3.293
2/12/2022 3:00,3.245
2/12/2022 4:00,3.304
2/12/2022 5:00,3.327
2/12/2022 6:00,3.323
2/12/2022 7:00,3.293
2/12/2022 8:00,3.409
2/12/2022 9:00,3.61
2/12/2022 10:00,3.802
2/12/2022 11:00,3.972
2/12/2022 12:00,4.117
2/12/2022 13:00,4.296
2/12/2022 14:00,4.429
2/12/2022 15:00,4.417
2/12/2022 16:00,4.363
2/12/2022 17:00,4.385
2/12/2022 18:00,4.428
2/12/2022 19:00,4.304
2/12/2022 20:00,4.02
2/12/2022 21:00,3.657
2/12/2022 22:00,3.202
2/12/2022 23:00,2.94
2/13/2022 0:00,2.847
2/13/2022 1:00,2.819
2/13/2022 2:00,2.776
2/13/2022 3:00,2.653
2/13/2022 4:00,2.602
2/13/2022 5:00,2.538
2/13/2022 6:00,2.514
2/13/2022 7:00,2.52
2/13/2022 8:00,2.463
2/13/2022 9:00,2.353
2/13/2022 10:00,2.289
2/13/2022 11:00,2.255
2/13/2022 12:00,2.213
2/13/2022 13:00,2.227
2/13/2022 14:00,2.267
2/13/2022 15:00,2.314
2/13/2022 16:00,2.397
2/13/2022 17:00,2.432
2/13/2022 18:00,2.505
2/13/2022 19:00,2.547
2/13/2022 20:00,2.534
2/13/2022 21:00,2.258
2/13/2022 22:00,2.032
2/13/2022 23:00,1.925
2/14/2022 0:00,1.893
2/14/2022 1:00,1.929
2/14/2022 2:00,1.992
2/14/2022 3:00,2.039
2/14/2022 4:00,2.081
2/14/2022 5:00,2.154
2/14/2022 6:00,2.217
2/14/2022 7:00,2.23
2/14/2022 8:00,2.191
2/14/2022 9:00,2.146
2/14/2022 10:00,2.151
2/14/2022 11:00,2.145
2/14/2022 12:00,2.171
2/14/2022 13:00,2.257
2/14/2022 14:00,2.389
2/14/2022 15:00,2.564
2/14/2022 16:00,2.717
2/14/2022 17:00,2.914
2/14/2022 18:00,3.101
2/14/2022 19:00,3.235
2/14/2022 20:00,3.219
2/14/2022 21:00,2.912
2/14/2022 22:00,2.461
2/14/2022 23:00,2.167
2/15/2022 0:00,1.999
2/15/2022 1:00,1.936
2/15/2022 2:00,1.902
2/15/2022 3:00,1.96
2/15/2022 4:00,2.063
2/15/2022 5:00,2.153
2/15/2022 6:00,2.268
2/15/2022 7:00,2.424
2/15/2022 8:00,2.572
2/15/2022 9:00,2.662
2/15/2022 10:00,2.709
2/15/2022 11:00,2.701
2/15/2022 12:00,2.803
2/15/2022 13:00,3.005
2/15/2022 14:00,3.04
2/15/2022 15:00,3.003
2/15/2022 16:00,2.955
2/15/2022 17:00,2.905
2/15/2022 18:00,2.78
2/15/2022 19:00,2.582
2/15/2022 20:00,2.319
2/15/2022 21:00,1.88
2/15/2022 22:00,1.679
2/15/2022 23:00,1.801
2/16/2022 0:00,2.032
2/16/2022 1:00,2.273
2/16/2022 2:00,2.445
2/16/2022 3:00,2.618
2/16/2022 4:00,2.774
2/16/2022 5:00,2.854
2/16/2022 6:00,2.949
2/16/2022 7:00,2.996
2/16/2022 8:00,3.022
2/16/2022 9:00,3.105
2/16/2022 10:00,3.45
2/16/2022 11:00,3.914
2/16/2022 12:00,4.289
2/16/2022 13:00,4.621
2/16/2022 14:00,4.807
2/16/2022 15:00,4.935
2/16/2022 16:00,5.005
2/16/2022 17:00,5.067
2/16/2022 18:00,5.112
2/16/2022 19:00,5.122
2/16/2022 20:00,5.251
2/16/2022 21:00,5.462
2/16/2022 22:00,5.616
2/16/2022 23:00,5.579
2/17/2022 0:00,5.471
2/17/2022 1:00,5.429
2/17/2022 2:00,5.428
2/17/2022 3:00,5.494
2/17/2022 4:00,5.452
2/17/2022 5:00,5.306
2/17/2022 6:00,5.13
2/17/2022 7:00,4.994
2/17/2022 8:00,4.923
2/17/2022 9:00,4.814
2/17/2022 10:00,4.451
2/17/2022 11:00,4.004
2/17/2022 12:00,3.777
2/17/2022 13:00,3.775
2/17/2022 14:00,3.5
2/17/2022 15:00,3.359
2/17/2022 16:00,3.529
2/17/2022 17:00,3.738
2/17/2022 18:00,3.722
2/17/2022 19:00,3.735
2/17/2022 20:00,3.856
2/17/2022 21:00,3.886
2/17/2022 22:00,3.692
2/17/2022 23:00,3.792
2/18/2022 0:00,4.053
2/18/2022 1:00,4.264
2/18/2022 2:00,4.686
2/18/2022 3:00,5.091
2/18/2022 4:00,5.401
2/18/2022 5:00,5.396
2/18/2022 6:00,5.488
2/18/2022 7:00,5.596
2/18/2022 8:00,5.469
2/18/2022 9:00,5.265
2/18/2022 10:00,5.119
2/18/2022 11:00,4.937
2/18/2022 12:00,4.684
2/18/2022 13:00,4.563
2/18/2022 14:00,4.443
2/18/2022 15:00,4.291
2/18/2022 16:00,4.172
2/18/2022 17:00,4.14
2/18/2022 18:00,4.127
2/18/2022 19:00,4.069
2/18/2022 20:00,3.94
2/18/2022 21:00,3.695
2/18/2022 22:00,3.365
2/18/2022 23:00,3.157
2/19/2022 0:00,3.179
2/19/2022 1:00,3.434
2/19/2022 2:00,3.605
2/19/2022 3:00,3.771
2/19/2022 4:00,4.142
2/19/2022 5:00,4.526
2/19/2022 6:00,4.891
2/19/2022 7:00,5.145
2/19/2022 8:00,5.268
2/19/2022 9:00,5.301
2/19/2022 10:00,5.464
2/19/2022 11:00,5.267
2/19/2022 12:00,5.163
2/19/2022 13:00,5.316
2/19/2022 14:00,5.526
2/19/2022 15:00,5.988
2/19/2022 16:00,6.392
2/19/2022 17:00,6.498
2/19/2022 18:00,6.328
2/19/2022 19:00,6.056
2/19/2022 20:00,5.775
2/19/2022 21:00,5.426
2/19/2022 22:00,4.943
2/19/2022 23:00,4.375
2/20/2022 0:00,3.949
2/20/2022 1:00,3.671
2/20/2022 2:00,3.45
2/20/2022 3:00,3.268
2/20/2022 4:00,3.235
2/20/2022 5:00,3.329
2/20/2022 6:00,3.319
2/20/2022 7:00,3.194
2/20/2022 8:00,3.103
2/20/2022 9:00,3.101
2/20/2022 10:00,3.113
2/20/2022 11:00,3.326
2/20/2022 12:00,3.704
2/20/2022 13:00,4.155
2/20/2022 14:00,4.827
2/20/2022 15:00,5.175
2/20/2022 16:00,5.427
2/20/2022 17:00,5.578
2/20/2022 18:00,5.621
2/20/2022 19:00,5.512
2/20/2022 20:00,5.409
2/20/2022 21:00,5.301
2/20/2022 22:00,5.242
2/20/2022 23:00,5.149
2/21/2022 0:00,5.046
2/21/2022 1:00,4.949
2/21/2022 2:00,4.797
2/21/2022 3:00,4.493
2/21/2022 4:00,3.975
2/21/2022 5:00,3.589
2/21/2022 6:00,3.156
2/21/2022 7:00,2.744
2/21/2022 8:00,2.423
2/21/2022 9:00,2.051
2/21/2022 10:00,1.779
2/21/2022 11:00,1.789
2/21/2022 12:00,2.099
2/21/2022 13:00,2.671
2/21/2022 14:00,2.835
2/21/2022 15:00,2.851
2/21/2022 16:00,2.82
2/21/2022 17:00,2.768
2/21/2022 18:00,2.774
2/21/2022 19:00,2.805
2/21/2022 20:00,2.936
2/21/2022 21:00,3.151
2/21/2022 22:00,3.368
2/21/2022 23:00,3.526
2/22/2022 0:00,3.611
2/22/2022 1:00,3.673
2/22/2022 2:00,3.617
2/22/2022 3:00,3.59
2/22/2022 4:00,3.583
2/22/2022 5:00,3.663
2/22/2022 6:00,3.636
2/22/2022 7:00,3.576
2/22/2022 8:00,3.552
2/22/2022 9:00,3.418
2/22/2022 10:00,3.339
2/22/2022 11:00,3.309
2/22/2022 12:00,3.323
2/22/2022 13:00,3.191
2/22/2022 14:00,3.306
2/22/2022 15:00,3.332
2/22/2022 16:00,3.203
2/22/2022 17:00,3.018
2/22/2022 18:00,2.838
2/22/2022 19:00,2.836
2/22/2022 20:00,2.949
2/22/2022 21:00,3.213
2/22/2022 22:00,3.361
2/22/2022 23:00,3.332
2/23/2022 0:00,3.175
2/23/2022 1:00,3.159
2/23/2022 2:00,3.019
2/23/2022 3:00,3.133
2/23/2022 4:00,3.537
2/23/2022 5:00,3.922
2/23/2022 6:00,4.025
2/23/2022 7:00,4.213
2/23/2022 8:00,4.355
2/23/2022 9:00,4.4
2/23/2022 10:00,4.45
2/23/2022 11:00,4.561
2/23/2022 12:00,4.697
2/23/2022 13:00,5.169
2/23/2022 14:00,5.629
2/23/2022 15:00,5.927
2/23/2022 16:00,6.018
2/23/2022 17:00,5.969
2/23/2022 18:00,5.902
2/23/2022 19:00,5.733
2/23/2022 20:00,5.387
2/23/2022 21:00,4.943
2/23/2022 22:00,4.318
2/23/2022 23:00,3.587
2/24/2022 0:00,3.151
2/24/2022 1:00,2.891
2/24/2022 2:00,2.674
2/24/2022 3:00,2.568
2/24/2022 4:00,2.546
2/24/2022 5:00,2.476
2/24/2022 6:00,2.47
2/24/2022 7:00,2.522
2/24/2022 8:00,2.583
2/24/2022 9:00,2.59
2/24/2022 10:00,2.508
2/24/2022 11:00,2.411
2/24/2022 12:00,2.416
2/24/2022 13:00,2.473
2/24/2022 14:00,2.486
2/24/2022 15:00,2.566
2/24/2022 16:00,2.62
2/24/2022 17:00,2.656
2/24/2022 18:00,2.821
2/24/2022 19:00,2.942
2/24/2022 20:00,2.938
2/24/2022 21:00,2.784
2/24/2022 22:00,2.584
2/24/2022 23:00,2.55
2/25/2022 0:00,2.406
2/25/2022 1:00,2.46
2/25/2022 2:00,2.646
2/25/2022 3:00,2.699
2/25/2022 4:00,2.878
2/25/2022 5:00,3.206
2/25/2022 6:00,3.417
2/25/2022 7:00,3.579
2/25/2022 8:00,3.836
2/25/2022 9:00,3.888
2/25/2022 10:00,3.973
2/25/2022 11:00,3.978
2/25/2022 12:00,4.216
2/25/2022 13:00,4.349
2/25/2022 14:00,4.469
2/25/2022 15:00,4.457
2/25/2022 16:00,4.455
2/25/2022 17:00,4.381
2/25/2022 18:00,4.223
2/25/2022 19:00,4.002
2/25/2022 20:00,3.748
2/25/2022 21:00,3.447
2/25/2022 22:00,3.033
2/25/2022 23:00,2.584
2/26/2022 0:00,2.341
2/26/2022 1:00,2.323
2/26/2022 2:00,2.345
2/26/2022 3:00,2.35
2/26/2022 4:00,2.326
2/26/2022 5:00,2.323
2/26/2022 6:00,2.348
2/26/2022 7:00,2.372
2/26/2022 8:00,2.38
2/26/2022 9:00,2.411
2/26/2022 10:00,2.449
2/26/2022 11:00,2.458
2/26/2022 12:00,2.681
2/26/2022 13:00,3.093
2/26/2022 14:00,3.474
2/26/2022 15:00,3.907
2/26/2022 16:00,4.241
2/26/2022 17:00,4.472
2/26/2022 18:00,4.569
2/26/2022 19:00,4.582
2/26/2022 20:00,4.445
2/26/2022 21:00,4.149
2/26/2022 22:00,3.897
2/26/2022 23:00,3.854
2/27/2022 0:00,4.047
2/27/2022 1:00,4.217
2/27/2022 2:00,4.291
2/27/2022 3:00,4.372
2/27/2022 4:00,4.577
2/27/2022 5:00,4.547
2/27/2022 6:00,4.481
2/27/2022 7:00,4.499
2/27/2022 8:00,4.445
2/27/2022 9:00,4.357
2/27/2022 10:00,4.325
2/27/2022 11:00,4.358
2/27/2022 12:00,4.45
2/27/2022 13:00,4.609
2/27/2022 14:00,4.897
2/27/2022 15:00,5.139
2/27/2022 16:00,5.183
2/27/2022 17:00,5.234
2/27/2022 18:00,5.256
2/27/2022 19:00,5.2
2/27/2022 20:00,4.919
2/27/2022 21:00,4.441
2/27/2022 22:00,3.844
2/27/2022 23:00,3.471
2/28/2022 0:00,3.324
2/28/2022 1:00,3.249
2/28/2022 2:00,2.963
2/28/2022 3:00,2.71
2/28/2022 4:00,2.624
2/28/2022 5:00,2.576
2/28/2022 6:00,2.518
2/28/2022 7:00,2.406
2/28/2022 8:00,2.252
2/28/2022 9:00,2.115
2/28/2022 10:00,2.001
2/28/2022 11:00,1.885
2/28/2022 12:00,1.977
2/28/2022 13:00,2.097
2/28/2022 14:00,1.949
2/28/2022 15:00,1.782
2/28/2022 16:00,1.819
2/28/2022 17:00,2.029
2/28/2022 18:00,2.161
2/28/2022 19:00,2.215
2/28/2022 20:00,2.254
2/28/2022 21:00,2.175
2/28/2022 22:00,1.983
2/28/2022 23:00,1.888
3/1/2022 0:00,1.86
3/1/2022 1:00,1.909
3/1/2022 2:00,1.933
3/1/2022 3:00,2.036
3/1/2022 4:00,2.174
3/1/2022 5:00,2.206
3/1/2022 6:00,2.156
3/1/2022 7:00,2.094
3/1/2022 8:00,2.007
3/1/2022 9:00,1.963
3/1/2022 10:00,1.983
3/1/2022 11:00,2.075
3/1/2022 12:00,2.285
3/1/2022 13:00,2.58
3/1/2022 14:00,2.767
3/1/2022 15:00,2.904
3/1/2022 16:00,2.799
3/1/2022 17:00,2.731
3/1/2022 18:00,2.755
3/1/2022 19:00,2.831
3/1/2022 20:00,2.905
3/1/2022 21:00,2.819
3/1/2022 22:00,2.434
3/1/2022 23:00,2.227
3/2/2022 0:00,2.23
3/2/2022 1:00,2.369
3/2/2022 2:00,2.409
3/2/2022 3:00,2.3
3/2/2022 4:00,2.178
3/2/2022 5:00,2.088
3/2/2022 6:00,2.006
3/2/2022 7:00,1.962
3/2/2022 8:00,1.934
3/2/2022 9:00,1.912
3/2/2022 10:00,1.873
3/2/2022 11:00,1.855
3/2/2022 12:00,1.922
3/2/2022 13:00,2.058
3/2/2022 14:00,2.331
3/2/2022 15:00,2.752
3/2/2022 16:00,3.09
3/2/2022 17:00,3.308
3/2/2022 18:00,3.458
3/2/2022 19:00,3.484
3/2/2022 20:00,3.286
3/2/2022 21:00,2.686
3/2/2022 22:00,2.131
3/2/2022 23:00,1.848
3/3/2022 0:00,1.819
3/3/2022 1:00,2.051
3/3/2022 2:00,2.55
3/3/2022 3:00,3.439
3/3/2022 4:00,3.835
3/3/2022 5:00,3.82
3/3/2022 6:00,3.574
3/3/2022 7:00,3.377
3/3/2022 8:00,3.335
3/3/2022 9:00,3.194
3/3/2022 10:00,3.027
3/3/2022 11:00,2.903
3/3/2022 12:00,2.972
3/3/2022 13:00,3.232
3/3/2022 14:00,3.282
3/3/2022 15:00,3.315
3/3/2022 16:00,3.367
3/3/2022 17:00,3.528
3/3/2022 18:00,3.729
3/3/2022 19:00,3.865
3/3/2022 20:00,3.901
3/3/2022 21:00,3.704
3/3/2022 22:00,3.227
3/3/2022 23:00,2.693
3/4/2022 0:00,2.258
3/4/2022 1:00,1.96
3/4/2022 2:00,1.842
3/4/2022 3:00,1.813
3/4/2022 4:00,1.812
3/4/2022 5:00,1.794
3/4/2022 6:00,1.784
3/4/2022 7:00,1.842
3/4/2022 8:00,1.939
3/4/2022 9:00,2.064
3/4/2022 10:00,2.186
3/4/2022 11:00,2.28
3/4/2022 12:00,2.563
3/4/2022 13:00,3.086
3/4/2022 14:00,3.446
3/4/2022 15:00,3.837
3/4/2022 16:00,4.045
3/4/2022 17:00,4.107
3/4/2022 18:00,4.044
3/4/2022 19:00,3.883
3/4/2022 20:00,3.668
3/4/2022 21:00,3.254
3/4/2022 22:00,2.622
3/4/2022 23:00,2.258
3/5/2022 0:00,2.044
3/5/2022 1:00,1.925
3/5/2022 2:00,1.848
3/5/2022 3:00,1.749
3/5/2022 4:00,1.628
3/5/2022 5:00,1.549
3/5/2022 6:00,1.5
3/5/2022 7:00,1.45
3/5/2022 8:00,1.416
3/5/2022 9:00,1.444
3/5/2022 10:00,1.566
3/5/2022 11:00,1.752
3/5/2022 12:00,1.971
3/5/2022 13:00,2.254
3/5/2022 14:00,2.484
3/5/2022 15:00,2.73
3/5/2022 16:00,2.898
3/5/2022 17:00,3.121
3/5/2022 18:00,3.249
3/5/2022 19:00,3.21
3/5/2022 20:00,3.041
3/5/2022 21:00,2.797
3/5/2022 22:00,2.671
3/5/2022 23:00,2.53
3/6/2022 0:00,2.318
3/6/2022 1:00,2.341
3/6/2022 2:00,2.31
3/6/2022 3:00,2.444
3/6/2022 4:00,2.764
3/6/2022 5:00,2.99
3/6/2022 6:00,3.228
3/6/2022 7:00,3.39
3/6/2022 8:00,3.467
3/6/2022 9:00,3.58
3/6/2022 10:00,3.805
3/6/2022 11:00,3.983
3/6/2022 12:00,3.675
3/6/2022 13:00,3.769
3/6/2022 14:00,4.049
3/6/2022 15:00,5.133
3/6/2022 16:00,5.798
3/6/2022 17:00,5.686
3/6/2022 18:00,5.528
3/6/2022 19:00,5.626
3/6/2022 20:00,5.826
3/6/2022 21:00,5.762
3/6/2022 22:00,5.059
3/6/2022 23:00,4.393
3/7/2022 0:00,3.948
3/7/2022 1:00,3.613
3/7/2022 2:00,3.315
3/7/2022 3:00,3.129
3/7/2022 4:00,3.197
3/7/2022 5:00,3.147
3/7/2022 6:00,3.07
3/7/2022 7:00,2.999
3/7/2022 8:00,2.721
3/7/2022 9:00,2.282
3/7/2022 10:00,2.224
3/7/2022 11:00,2.414
3/7/2022 12:00,2.356
3/7/2022 13:00,2.366
3/7/2022 14:00,2.688
3/7/2022 15:00,2.811
3/7/2022 16:00,2.383
3/7/2022 17:00,2.478
3/7/2022 18:00,2.985
3/7/2022 19:00,3.408
3/7/2022 20:00,3.859
3/7/2022 21:00,4.177
3/7/2022 22:00,4.119
3/7/2022 23:00,4.115
3/8/2022 0:00,4.05
3/8/2022 1:00,4.054
3/8/2022 2:00,4.119
3/8/2022 3:00,4.138
3/8/2022 4:00,4.068
3/8/2022 5:00,4.033
3/8/2022 6:00,4.099
3/8/2022 7:00,4.111
3/8/2022 8:00,4.09
3/8/2022 9:00,4.066
3/8/2022 10:00,4.043
3/8/2022 11:00,3.875
3/8/2022 12:00,4.004
3/8/2022 13:00,4.183
3/8/2022 14:00,4.178
3/8/2022 15:00,4.165
3/8/2022 16:00,4.184
3/8/2022 17:00,4.205
3/8/2022 18:00,4.198
3/8/2022 19:00,4.153
3/8/2022 20:00,4.042
3/8/2022 21:00,3.776
3/8/2022 22:00,3.087
3/8/2022 23:00,2.679
3/9/2022 0:00,2.57
3/9/2022 1:00,2.469
3/9/2022 2:00,2.29
3/9/2022 3:00,2.225
3/9/2022 4:00,2.269
3/9/2022 5:00,2.323
3/9/2022 6:00,2.331
3/9/2022 7:00,2.184
3/9/2022 8:00,2.008
3/9/2022 9:00,1.871
3/9/2022 10:00,1.812
3/9/2022 11:00,1.849
3/9/2022 12:00,2.085
3/9/2022 13:00,2.322
3/9/2022 14:00,2.4
3/9/2022 15:00,2.484
3/9/2022 16:00,2.675
3/9/2022 17:00,2.827
3/9/2022 18:00,2.895
3/9/2022 19:00,2.903
3/9/2022 20:00,2.823
3/9/2022 21:00,2.573
3/9/2022 22:00,2.22
3/9/2022 23:00,2.254
3/10/2022 0:00,2.309
3/10/2022 1:00,2.523
3/10/2022 2:00,2.844
3/10/2022 3:00,2.908
3/10/2022 4:00,2.804
3/10/2022 5:00,2.738
3/10/2022 6:00,2.675
3/10/2022 7:00,2.744
3/10/2022 8:00,2.662
3/10/2022 9:00,2.526
3/10/2022 10:00,2.371
3/10/2022 11:00,2.298
3/10/2022 12:00,2.596
3/10/2022 13:00,2.89
3/10/2022 14:00,3.237
3/10/2022 15:00,3.459
3/10/2022 16:00,3.593
3/10/2022 17:00,3.667
3/10/2022 18:00,3.679
3/10/2022 19:00,3.573
3/10/2022 20:00,3.327
3/10/2022 21:00,2.865
3/10/2022 22:00,2.441
3/10/2022 23:00,2.353
3/11/2022 0:00,2.322
3/11/2022 1:00,2.293
3/11/2022 2:00,2.266
3/11/2022 3:00,2.196
3/11/2022 4:00,2.06
3/11/2022 5:00,1.992
3/11/2022 6:00,1.973
3/11/2022 7:00,1.908
3/11/2022 8:00,1.844
3/11/2022 9:00,1.879
3/11/2022 10:00,1.944
3/11/2022 11:00,2.032
3/11/2022 12:00,2.191
3/11/2022 13:00,2.162
3/11/2022 14:00,2.174
3/11/2022 15:00,2.239
3/11/2022 16:00,2.175
3/11/2022 17:00,2.079
3/11/2022 18:00,1.946
3/11/2022 19:00,1.944
3/11/2022 20:00,2.039
3/11/2022 21:00,2.128
3/11/2022 22:00,2.14
3/11/2022 23:00,2.237
3/12/2022 0:00,2.443
3/12/2022 1:00,2.719
3/12/2022 2:00,2.734
3/12/2022 3:00,2.688
3/12/2022 4:00,2.745
3/12/2022 5:00,2.874
3/12/2022 6:00,3.145
3/12/2022 7:00,3.625
3/12/2022 8:00,3.955
3/12/2022 9:00,3.929
3/12/2022 10:00,3.818
3/12/2022 11:00,3.775
3/12/2022 12:00,3.835
3/12/2022 13:00,4.155
3/12/2022 14:00,4.545
3/12/2022 15:00,4.75
3/12/2022 16:00,4.972
3/12/2022 17:00,5.322
3/12/2022 18:00,5.729
3/12/2022 19:00,5.998
3/12/2022 20:00,6.035
3/12/2022 21:00,5.877
3/12/2022 22:00,5.681
3/12/2022 23:00,5.423
3/13/2022 0:00,5.213
3/13/2022 1:00,5.068
3/13/2022 2:00,4.906
3/13/2022 3:00,4.75
3/13/2022 4:00,4.628
3/13/2022 5:00,4.507
3/13/2022 6:00,4.332
3/13/2022 7:00,4.199
3/13/2022 8:00,4.084
3/13/2022 9:00,3.878
3/13/2022 10:00,3.712
3/13/2022 11:00,3.614
3/13/2022 12:00,3.822
3/13/2022 13:00,4.31
3/13/2022 14:00,4.616
3/13/2022 15:00,4.737
3/13/2022 16:00,4.697
3/13/2022 17:00,4.606
3/13/2022 18:00,4.47
3/13/2022 19:00,4.289
3/13/2022 20:00,4.062
3/13/2022 21:00,3.631
3/13/2022 22:00,3.071
3/13/2022 23:00,2.738
3/14/2022 0:00,2.604
3/14/2022 1:00,2.512
3/14/2022 2:00,2.429
3/14/2022 3:00,2.412
3/14/2022 4:00,2.373
3/14/2022 5:00,2.301
3/14/2022 6:00,2.255
3/14/2022 7:00,2.23
3/14/2022 8:00,2.193
3/14/2022 9:00,2.109
3/14/2022 10:00,2.067
3/14/2022 11:00,2.056
3/14/2022 12:00,2.154
3/14/2022 13:00,2.403
3/14/2022 14:00,2.747
3/14/2022 15:00,2.947
3/14/2022 16:00,3.086
3/14/2022 17:00,3.208
3/14/2022 18:00,3.164
3/14/2022 19:00,2.948
3/14/2022 20:00,2.53
3/14/2022 21:00,1.973
3/14/2022 22:00,1.771
3/14/2022 23:00,1.697
3/15/2022 0:00,1.748
3/15/2022 1:00,1.893
3/15/2022 2:00,2.028
3/15/2022 3:00,2.148
3/15/2022 4:00,2.213
3/15/2022 5:00,2.317
3/15/2022 6:00,2.304
3/15/2022 7:00,2.235
3/15/2022 8:00,2.231
3/15/2022 9:00,2.131
3/15/2022 10:00,2.042
3/15/2022 11:00,2.049
3/15/2022 12:00,2.208
3/15/2022 13:00,2.305
3/15/2022 14:00,2.318
3/15/2022 15:00,2.221
3/15/2022 16:00,2.117
3/15/2022 17:00,2.117
3/15/2022 18:00,2.052
3/15/2022 19:00,2.018
3/15/2022 20:00,2.037
3/15/2022 21:00,1.955
3/15/2022 22:00,1.696
3/15/2022 23:00,1.594
3/16/2022 0:00,1.479
3/16/2022 1:00,1.445
3/16/2022 2:00,1.462
3/16/2022 3:00,1.496
3/16/2022 4:00,1.532
3/16/2022 5:00,1.558
3/16/2022 6:00,1.6
3/16/2022 7:00,1.652
3/16/2022 8:00,1.751
3/16/2022 9:00,1.819
3/16/2022 10:00,1.852
3/16/2022 11:00,1.974
3/16/2022 12:00,2.241
3/16/2022 13:00,2.446
3/16/2022 14:00,2.591
3/16/2022 15:00,2.532
3/16/2022 16:00,2.498
3/16/2022 17:00,2.549
3/16/2022 18:00,2.56
3/16/2022 19:00,2.502
3/16/2022 20:00,2.246
3/16/2022 21:00,2.108
3/16/2022 22:00,2.058
3/16/2022 23:00,1.928
3/17/2022 0:00,1.701
3/17/2022 1:00,1.608
3/17/2022 2:00,1.675
3/17/2022 3:00,1.706
3/17/2022 4:00,1.654
3/17/2022 5:00,1.568
3/17/2022 6:00,1.51
3/17/2022 7:00,1.513
3/17/2022 8:00,1.558
3/17/2022 9:00,1.607
3/17/2022 10:00,1.617
3/17/2022 11:00,1.712
3/17/2022 12:00,2.044
3/17/2022 13:00,2.248
3/17/2022 14:00,2.376
3/17/2022 15:00,2.449
3/17/2022 16:00,2.524
3/17/2022 17:00,2.671
3/17/2022 18:00,2.708
3/17/2022 19:00,2.557
3/17/2022 20:00,2.234
3/17/2022 21:00,1.864
3/17/2022 22:00,1.693
3/17/2022 23:00,1.569
3/18/2022 0:00,1.502
3/18/2022 1:00,1.482
3/18/2022 2:00,1.486
3/18/2022 3:00,1.484
3/18/2022 4:00,1.503
3/18/2022 5:00,1.567
3/18/2022 6:00,1.584
3/18/2022 7:00,1.577
3/18/2022 8:00,1.617
3/18/2022 9:00,1.694
3/18/2022 10:00,1.739
3/18/2022 11:00,1.753
3/18/2022 12:00,2.004
3/18/2022 13:00,1.967
3/18/2022 14:00,2.04
3/18/2022 15:00,2.153
3/18/2022 16:00,2.154
3/18/2022 17:00,2.384
3/18/2022 18:00,2.639
3/18/2022 19:00,2.735
3/18/2022 20:00,2.675
3/18/2022 21:00,2.635
3/18/2022 22:00,2.588
3/18/2022 23:00,2.551
3/19/2022 0:00,2.555
3/19/2022 1:00,2.634
3/19/2022 2:00,2.907
3/19/2022 3:00,3.249
3/19/2022 4:00,3.438
3/19/2022 5:00,3.335
3/19/2022 6:00,3.151
3/19/2022 7:00,2.834
3/19/2022 8:00,2.542
3/19/2022 9:00,2.35
3/19/2022 10:00,2.248
3/19/2022 11:00,2.19
3/19/2022 12:00,2.265
3/19/2022 13:00,2.34
3/19/2022 14:00,2.458
3/19/2022 15:00,2.734
3/19/2022 16:00,2.997
3/19/2022 17:00,3.225
3/19/2022 18:00,3.49
3/19/2022 19:00,3.665
3/19/2022 20:00,3.712
3/19/2022 21:00,3.663
3/19/2022 22:00,3.682
3/19/2022 23:00,3.672
3/20/2022 0:00,3.611
3/20/2022 1:00,3.525
3/20/2022 2:00,3.415
3/20/2022 3:00,3.256
3/20/2022 4:00,3.043
3/20/2022 5:00,3.027
3/20/2022 6:00,3.034
3/20/2022 7:00,3.043
3/20/2022 8:00,3.054
3/20/2022 9:00,3.121
3/20/2022 10:00,3.223
3/20/2022 11:00,3.184
3/20/2022 12:00,3.292
3/20/2022 13:00,3.538
3/20/2022 14:00,3.776
3/20/2022 15:00,3.971
3/20/2022 16:00,4.124
3/20/2022 17:00,4.15
3/20/2022 18:00,4.244
3/20/2022 19:00,4.321
3/20/2022 20:00,4.28
3/20/2022 21:00,4.017
3/20/2022 22:00,3.407
3/20/2022 23:00,2.833
3/21/2022 0:00,2.64
3/21/2022 1:00,2.481
3/21/2022 2:00,2.448
3/21/2022 3:00,2.463
3/21/2022 4:00,2.449
3/21/2022 5:00,2.443
3/21/2022 6:00,2.442
3/21/2022 7:00,2.469
3/21/2022 8:00,2.512
3/21/2022 9:00,2.571
3/21/2022 10:00,2.598
3/21/2022 11:00,2.712
3/21/2022 12:00,3.061
3/21/2022 13:00,3.229
3/21/2022 14:00,3.406
3/21/2022 15:00,3.573
3/21/2022 16:00,3.855
3/21/2022 17:00,4.056
3/21/2022 18:00,4.11
3/21/2022 19:00,4.029
3/21/2022 20:00,3.854
3/21/2022 21:00,3.518
3/21/2022 22:00,3.076
3/21/2022 23:00,2.745
3/22/2022 0:00,2.533
3/22/2022 1:00,2.381
3/22/2022 2:00,2.402
3/22/2022 3:00,2.443
3/22/2022 4:00,2.578
3/22/2022 5:00,2.593
3/22/2022 6:00,2.524
3/22/2022 7:00,2.53
3/22/2022 8:00,2.561
3/22/2022 9:00,2.548
3/22/2022 10:00,2.562
3/22/2022 11:00,2.677
3/22/2022 12:00,2.93
3/22/2022 13:00,3.106
3/22/2022 14:00,3.267
3/22/2022 15:00,3.272
3/22/2022 16:00,3.249
3/22/2022 17:00,3.201
3/22/2022 18:00,2.973
3/22/2022 19:00,2.865
3/22/2022 20:00,2.863
3/22/2022 21:00,2.705
3/22/2022 22:00,2.349
3/22/2022 23:00,2.191
3/23/2022 0:00,2.191
3/23/2022 1:00,2.347
3/23/2022 2:00,2.48
3/23/2022 3:00,2.539
3/23/2022 4:00,2.781
3/23/2022 5:00,2.964
3/23/2022 6:00,2.944
3/23/2022 7:00,2.688
3/23/2022 8:00,2.822
3/23/2022 9:00,3.104
3/23/2022 10:00,3.199
3/23/2022 11:00,3.405
3/23/2022 12:00,3.612
3/23/2022 13:00,3.841
3/23/2022 14:00,4.103
3/23/2022 15:00,4.325
3/23/2022 16:00,4.382
3/23/2022 17:00,4.49
3/23/2022 18:00,4.718
3/23/2022 19:00,4.773
3/23/2022 20:00,4.757
3/23/2022 21:00,4.551
3/23/2022 22:00,4.121
3/23/2022 23:00,3.739
3/24/2022 0:00,3.585
3/24/2022 1:00,3.361
3/24/2022 2:00,3.279
3/24/2022 3:00,3.41
3/24/2022 4:00,3.305
3/24/2022 5:00,3.108
3/24/2022 6:00,3.219
3/24/2022 7:00,3.251
3/24/2022 8:00,2.933
3/24/2022 9:00,2.909
3/24/2022 10:00,3.169
3/24/2022 11:00,3.363
3/24/2022 12:00,3.433
3/24/2022 13:00,3.536
3/24/2022 14:00,3.913
3/24/2022 15:00,4.281
3/24/2022 16:00,4.396
3/24/2022 17:00,4.277
3/24/2022 18:00,4.133
3/24/2022 19:00,4.023
3/24/2022 20:00,3.876
3/24/2022 21:00,3.595
3/24/2022 22:00,3.272
3/24/2022 23:00,3.041
3/25/2022 0:00,2.727
3/25/2022 1:00,2.353
3/25/2022 2:00,2.226
3/25/2022 3:00,2.162
3/25/2022 4:00,2.278
3/25/2022 5:00,2.337
3/25/2022 6:00,2.251
3/25/2022 7:00,2.245
3/25/2022 8:00,2.271
3/25/2022 9:00,2.355
3/25/2022 10:00,2.369
3/25/2022 11:00,2.427
3/25/2022 12:00,2.658
3/25/2022 13:00,2.934
3/25/2022 14:00,3.184
3/25/2022 15:00,3.241
3/25/2022 16:00,3.218
3/25/2022 17:00,3.349
3/25/2022 18:00,3.479
3/25/2022 19:00,3.53
3/25/2022 20:00,3.447
3/25/2022 21:00,3.205
3/25/2022 22:00,2.772
3/25/2022 23:00,2.374
3/26/2022 0:00,2.362
3/26/2022 1:00,2.458
3/26/2022 2:00,2.656
3/26/2022 3:00,2.786
3/26/2022 4:00,2.83
3/26/2022 5:00,2.729
3/26/2022 6:00,2.652
3/26/2022 7:00,2.577
3/26/2022 8:00,2.491
3/26/2022 9:00,2.492
3/26/2022 10:00,2.484
3/26/2022 11:00,2.666
3/26/2022 12:00,2.941
3/26/2022 13:00,3.219
3/26/2022 14:00,3.347
3/26/2022 15:00,3.321
3/26/2022 16:00,3.258
3/26/2022 17:00,3.238
3/26/2022 18:00,3.286
3/26/2022 19:00,3.368
3/26/2022 20:00,3.429
3/26/2022 21:00,3.341
3/26/2022 22:00,3.2
3/26/2022 23:00,3.233
3/27/2022 0:00,3.366
3/27/2022 1:00,3.489
3/27/2022 2:00,3.547
3/27/2022 3:00,3.449
3/27/2022 4:00,3.36
3/27/2022 5:00,3.298
3/27/2022 6:00,3.244
3/27/2022 7:00,3.176
3/27/2022 8:00,3.21
3/27/2022 9:00,3.3
3/27/2022 10:00,3.42
3/27/2022 11:00,3.534
3/27/2022 12:00,3.83
3/27/2022 13:00,4.059
3/27/2022 14:00,4.247
3/27/2022 15:00,4.384
3/27/2022 16:00,4.457
3/27/2022 17:00,4.533
3/27/2022 18:00,4.537
3/27/2022 19:00,4.525
3/27/2022 20:00,4.473
3/27/2022 21:00,4.382
3/27/2022 22:00,4.315
3/27/2022 23:00,4.227
3/28/2022 0:00,4.165
3/28/2022 1:00,4.17
3/28/2022 2:00,4.163
3/28/2022 3:00,4.117
3/28/2022 4:00,4.054
3/28/2022 5:00,3.939
3/28/2022 6:00,3.817
3/28/2022 7:00,3.761
3/28/2022 8:00,3.764
3/28/2022 9:00,3.768
3/28/2022 10:00,3.76
3/28/2022 11:00,3.795
3/28/2022 12:00,3.922
3/28/2022 13:00,3.999
3/28/2022 14:00,4.071
3/28/2022 15:00,4.12
3/28/2022 16:00,4.145
3/28/2022 17:00,4.153
3/28/2022 18:00,4.166
3/28/2022 19:00,4.155
3/28/2022 20:00,4.11
3/28/2022 21:00,4.002
3/28/2022 22:00,3.823
3/28/2022 23:00,3.513
3/29/2022 0:00,3.157
3/29/2022 1:00,2.892
3/29/2022 2:00,2.819
3/29/2022 3:00,2.826
3/29/2022 4:00,2.787
3/29/2022 5:00,2.736
3/29/2022 6:00,2.73
3/29/2022 7:00,2.718
3/29/2022 8:00,2.691
3/29/2022 9:00,2.674
3/29/2022 10:00,2.597
3/29/2022 11:00,2.763
3/29/2022 12:00,3.13
3/29/2022 13:00,3.261
3/29/2022 14:00,3.257
3/29/2022 15:00,3.211
3/29/2022 16:00,3.129
3/29/2022 17:00,3.086
3/29/2022 18:00,3.076
3/29/2022 19:00,3.042
3/29/2022 20:00,2.949
3/29/2022 21:00,2.671
3/29/2022 22:00,2.228
3/29/2022 23:00,1.837
3/30/2022 0:00,1.655
3/30/2022 1:00,1.52
3/30/2022 2:00,1.467
3/30/2022 3:00,1.581
3/30/2022 4:00,1.697
3/30/2022 5:00,1.829
3/30/2022 6:00,1.948
3/30/2022 7:00,2.05
3/30/2022 8:00,2.182
3/30/2022 9:00,2.341
3/30/2022 10:00,2.525
3/30/2022 11:00,2.889
3/30/2022 12:00,3.021
3/30/2022 13:00,3.222
3/30/2022 14:00,3.495
3/30/2022 15:00,3.647
3/30/2022 16:00,3.687
3/30/2022 17:00,3.672
3/30/2022 18:00,3.663
3/30/2022 19:00,3.607
3/30/2022 20:00,3.334
3/30/2022 21:00,2.844
3/30/2022 22:00,2.507
3/30/2022 23:00,2.441
3/31/2022 0:00,2.476
3/31/2022 1:00,2.576
3/31/2022 2:00,2.893
3/31/2022 3:00,3.014
3/31/2022 4:00,2.957
3/31/2022 5:00,2.972
3/31/2022 6:00,2.903
3/31/2022 7:00,2.965
3/31/2022 8:00,3.253
3/31/2022 9:00,3.433
3/31/2022 10:00,3.916
3/31/2022 11:00,4.273
3/31/2022 12:00,4.331
3/31/2022 13:00,4.129
3/31/2022 14:00,4.11
3/31/2022 15:00,4.443
3/31/2022 16:00,4.965
3/31/2022 17:00,5.366
3/31/2022 18:00,5.442
3/31/2022 19:00,5.261
3/31/2022 20:00,4.832
3/31/2022 21:00,4.373
3/31/2022 22:00,3.852
3/31/2022 23:00,3.342
4/1/2022 0:00,2.935
4/1/2022 1:00,2.563
4/1/2022 2:00,2.452
4/1/2022 3:00,2.506
4/1/2022 4:00,2.572
4/1/2022 5:00,2.572
4/1/2022 6:00,2.503
4/1/2022 7:00,2.512
4/1/2022 8:00,2.495
4/1/2022 9:00,2.532
4/1/2022 10:00,2.665
4/1/2022 11:00,2.874
4/1/2022 12:00,3.125
4/1/2022 13:00,3.409
4/1/2022 14:00,3.65
4/1/2022 15:00,3.874
4/1/2022 16:00,4.067
4/1/2022 17:00,4.22
4/1/2022 18:00,4.325
4/1/2022 19:00,4.368
4/1/2022 20:00,4.361
4/1/2022 21:00,4.217
4/1/2022 22:00,3.955
4/1/2022 23:00,3.537
4/2/2022 0:00,3.211
4/2/2022 1:00,3.023
4/2/2022 2:00,3.014
4/2/2022 3:00,2.948
4/2/2022 4:00,2.859
4/2/2022 5:00,2.691
4/2/2022 6:00,2.57
4/2/2022 7:00,2.519
4/2/2022 8:00,2.456
4/2/2022 9:00,2.329
4/2/2022 10:00,2.172
4/2/2022 11:00,2.247
4/2/2022 12:00,2.438
4/2/2022 13:00,2.45
4/2/2022 14:00,2.458
4/2/2022 15:00,2.463
4/2/2022 16:00,2.535
4/2/2022 17:00,2.59
4/2/2022 18:00,2.508
4/2/2022 19:00,2.378
4/2/2022 20:00,2.219
4/2/2022 21:00,2.026
4/2/2022 22:00,1.786
4/2/2022 23:00,1.746
4/3/2022 0:00,1.631
4/3/2022 1:00,1.523
4/3/2022 2:00,1.51
4/3/2022 3:00,1.457
4/3/2022 4:00,1.44
4/3/2022 5:00,1.482
4/3/2022 6:00,1.553
4/3/2022 7:00,1.62
4/3/2022 8:00,1.712
4/3/2022 9:00,1.793
4/3/2022 10:00,1.868
4/3/2022 11:00,1.998
4/3/2022 12:00,2.273
4/3/2022 13:00,2.49
4/3/2022 14:00,2.716
4/3/2022 15:00,2.771
4/3/2022 16:00,2.864
4/3/2022 17:00,2.934
4/3/2022 18:00,2.964
4/3/2022 19:00,2.984
4/3/2022 20:00,2.964
4/3/2022 21:00,2.846
4/3/2022 22:00,2.505
4/3/2022 23:00,2.066
4/4/2022 0:00,1.845
4/4/2022 1:00,1.824
4/4/2022 2:00,1.873
4/4/2022 3:00,1.932
4/4/2022 4:00,2.011
4/4/2022 5:00,2.095
4/4/2022 6:00,2.12
4/4/2022 7:00,2.11
4/4/2022 8:00,2.052
4/4/2022 9:00,1.912
4/4/2022 10:00,1.762
4/4/2022 11:00,1.85
4/4/2022 12:00,1.878
4/4/2022 13:00,1.911
4/4/2022 14:00,2.26
4/4/2022 15:00,2.417
4/4/2022 16:00,2.542
4/4/2022 17:00,2.671
4/4/2022 18:00,2.726
4/4/2022 19:00,2.748
4/4/2022 20:00,2.739
4/4/2022 21:00,2.596
4/4/2022 22:00,2.24
4/4/2022 23:00,2.121
4/5/2022 0:00,2.171
4/5/2022 1:00,2.186
4/5/2022 2:00,2.254
4/5/2022 3:00,2.353
4/5/2022 4:00,2.403
4/5/2022 5:00,2.44
4/5/2022 6:00,2.431
4/5/2022 7:00,2.4
4/5/2022 8:00,2.413
4/5/2022 9:00,2.422
4/5/2022 10:00,2.439
4/5/2022 11:00,2.485
4/5/2022 12:00,2.513
4/5/2022 13:00,2.52
4/5/2022 14:00,2.822
4/5/2022 15:00,2.949
4/5/2022 16:00,2.965
4/5/2022 17:00,2.845
4/5/2022 18:00,2.693
4/5/2022 19:00,2.632
4/5/2022 20:00,2.59
4/5/2022 21:00,2.593
4/5/2022 22:00,2.509
4/5/2022 23:00,2.496
4/6/2022 0:00,2.464
4/6/2022 1:00,2.32
4/6/2022 2:00,2.359
4/6/2022 3:00,2.404
4/6/2022 4:00,2.317
4/6/2022 5:00,2.262
4/6/2022 6:00,2.203
4/6/2022 7:00,2.147
4/6/2022 8:00,2.175
4/6/2022 9:00,2.234
4/6/2022 10:00,2.367
4/6/2022 11:00,2.939
4/6/2022 12:00,2.972
4/6/2022 13:00,3.129
4/6/2022 14:00,3.697
4/6/2022 15:00,3.956
4/6/2022 16:00,4.022
4/6/2022 17:00,3.889
4/6/2022 18:00,3.748
4/6/2022 19:00,3.875
4/6/2022 20:00,4.141
4/6/2022 21:00,3.964
4/6/2022 22:00,3.518
4/6/2022 23:00,3.309
4/7/2022 0:00,3.168
4/7/2022 1:00,2.974
4/7/2022 2:00,2.808
4/7/2022 3:00,2.502
4/7/2022 4:00,2.355
4/7/2022 5:00,2.173
4/7/2022 6:00,2.019
4/7/2022 7:00,1.981
4/7/2022 8:00,2.011
4/7/2022 9:00,1.974
4/7/2022 10:00,2.055
4/7/2022 11:00,2.31
4/7/2022 12:00,2.602
4/7/2022 13:00,2.875
4/7/2022 14:00,3.233
4/7/2022 15:00,3.309
4/7/2022 16:00,3.324
4/7/2022 17:00,3.298
4/7/2022 18:00,3.312
4/7/2022 19:00,3.315
4/7/2022 20:00,3.191
4/7/2022 21:00,2.925
4/7/2022 22:00,2.628
4/7/2022 23:00,2.318
4/8/2022 0:00,2.08
4/8/2022 1:00,1.96
4/8/2022 2:00,1.948
4/8/2022 3:00,2.03
4/8/2022 4:00,1.971
4/8/2022 5:00,1.95
4/8/2022 6:00,2.027
4/8/2022 7:00,2.19
4/8/2022 8:00,2.284
4/8/2022 9:00,2.319
4/8/2022 10:00,2.263
4/8/2022 11:00,2.359
4/8/2022 12:00,2.479
4/8/2022 13:00,2.527
4/8/2022 14:00,2.595
4/8/2022 15:00,2.747
4/8/2022 16:00,3.03
4/8/2022 17:00,3.209
4/8/2022 18:00,3.283
4/8/2022 19:00,3.296
4/8/2022 20:00,3.236
4/8/2022 21:00,3.041
4/8/2022 22:00,2.723
4/8/2022 23:00,2.543
4/9/2022 0:00,2.467
4/9/2022 1:00,2.435
4/9/2022 2:00,2.369
4/9/2022 3:00,2.367
4/9/2022 4:00,2.365
4/9/2022 5:00,2.319
4/9/2022 6:00,2.283
4/9/2022 7:00,2.297
4/9/2022 8:00,2.221
4/9/2022 9:00,2.072
4/9/2022 10:00,1.979
4/9/2022 11:00,2.007
4/9/2022 12:00,2.155
4/9/2022 13:00,2.32
4/9/2022 14:00,2.524
4/9/2022 15:00,2.809
4/9/2022 16:00,3.045
4/9/2022 17:00,3.161
4/9/2022 18:00,3.248
4/9/2022 19:00,3.33
4/9/2022 20:00,3.381
4/9/2022 21:00,3.29
4/9/2022 22:00,3.156
4/9/2022 23:00,2.957
4/10/2022 0:00,2.661
4/10/2022 1:00,2.467
4/10/2022 2:00,2.322
4/10/2022 3:00,2.295
4/10/2022 4:00,2.328
4/10/2022 5:00,2.379
4/10/2022 6:00,2.417
4/10/2022 7:00,2.417
4/10/2022 8:00,2.452
4/10/2022 9:00,2.478
4/10/2022 10:00,2.564
4/10/2022 11:00,2.808
4/10/2022 12:00,3.015
4/10/2022 13:00,3.21
4/10/2022 14:00,3.378
4/10/2022 15:00,3.478
4/10/2022 16:00,3.542
4/10/2022 17:00,3.582
4/10/2022 18:00,3.636
4/10/2022 19:00,3.649
4/10/2022 20:00,3.532
4/10/2022 21:00,3.31
4/10/2022 22:00,2.986
4/10/2022 23:00,2.37
4/11/2022 0:00,2.154
4/11/2022 1:00,1.929
4/11/2022 2:00,1.75
4/11/2022 3:00,1.713
4/11/2022 4:00,1.637
4/11/2022 5:00,1.679
4/11/2022 6:00,1.721
4/11/2022 7:00,1.804
4/11/2022 8:00,2.073
4/11/2022 9:00,2.393
4/11/2022 10:00,2.695
4/11/2022 11:00,2.955
4/11/2022 12:00,2.814
4/11/2022 13:00,3.05
4/11/2022 14:00,3.429
4/11/2022 15:00,3.578
4/11/2022 16:00,3.609
4/11/2022 17:00,3.53
4/11/2022 18:00,3.486
4/11/2022 19:00,3.354
4/11/2022 20:00,2.981
4/11/2022 21:00,2.655
4/11/2022 22:00,2.454
4/11/2022 23:00,2.517
4/12/2022 0:00,2.513
4/12/2022 1:00,2.507
4/12/2022 2:00,2.412
4/12/2022 3:00,2.536
4/12/2022 4:00,2.721
4/12/2022 5:00,2.38
4/12/2022 6:00,2.098
4/12/2022 7:00,1.964
4/12/2022 8:00,2.05
4/12/2022 9:00,2.057
4/12/2022 10:00,1.948
4/12/2022 11:00,1.919
4/12/2022 12:00,2.11
4/12/2022 13:00,2.142
4/12/2022 14:00,2.259
4/12/2022 15:00,2.455
4/12/2022 16:00,2.704
4/12/2022 17:00,2.847
4/12/2022 18:00,2.854
4/12/2022 19:00,2.874
4/12/2022 20:00,2.702
4/12/2022 21:00,2.439
4/12/2022 22:00,2.038
4/12/2022 23:00,1.98
4/13/2022 0:00,2.014
4/13/2022 1:00,2.027
4/13/2022 2:00,2.017
4/13/2022 3:00,1.921
4/13/2022 4:00,1.951
4/13/2022 5:00,2.032
4/13/2022 6:00,2.065
4/13/2022 7:00,2.184
4/13/2022 8:00,2.274
4/13/2022 9:00,2.149
4/13/2022 10:00,2.039
4/13/2022 11:00,2.188
4/13/2022 12:00,2.532
4/13/2022 13:00,2.74
4/13/2022 14:00,3.017
4/13/2022 15:00,3.295
4/13/2022 16:00,3.463
4/13/2022 17:00,3.519
4/13/2022 18:00,3.583
4/13/2022 19:00,3.56
4/13/2022 20:00,3.305
4/13/2022 21:00,3.017
4/13/2022 22:00,2.759
4/13/2022 23:00,2.665
4/14/2022 0:00,2.691
4/14/2022 1:00,2.613
4/14/2022 2:00,2.544
4/14/2022 3:00,2.519
4/14/2022 4:00,2.475
4/14/2022 5:00,2.606
4/14/2022 6:00,2.808
4/14/2022 7:00,2.938
4/14/2022 8:00,2.81
4/14/2022 9:00,2.904
4/14/2022 10:00,3.176
4/14/2022 11:00,3.463
4/14/2022 12:00,3.973
4/14/2022 13:00,4.197
4/14/2022 14:00,3.97
4/14/2022 15:00,3.929
4/14/2022 16:00,3.942
4/14/2022 17:00,3.945
4/14/2022 18:00,3.91
4/14/2022 19:00,3.783
4/14/2022 20:00,3.78
4/14/2022 21:00,3.865
4/14/2022 22:00,3.75
4/14/2022 23:00,3.505
4/15/2022 0:00,3.365
4/15/2022 1:00,3.15
4/15/2022 2:00,2.911
4/15/2022 3:00,2.743
4/15/2022 4:00,2.421
4/15/2022 5:00,2.198
4/15/2022 6:00,2.173
4/15/2022 7:00,2.238
4/15/2022 8:00,2.318
4/15/2022 9:00,2.401
4/15/2022 10:00,2.517
4/15/2022 11:00,2.895
4/15/2022 12:00,3.111
4/15/2022 13:00,3.566
4/15/2022 14:00,4.219
4/15/2022 15:00,4.703
4/15/2022 16:00,4.927
4/15/2022 17:00,4.945
4/15/2022 18:00,4.82
4/15/2022 19:00,4.579
4/15/2022 20:00,4.467
4/15/2022 21:00,4.391
4/15/2022 22:00,4.23
4/15/2022 23:00,3.857
4/16/2022 0:00,3.571
4/16/2022 1:00,3.308
4/16/2022 2:00,3.064
4/16/2022 3:00,2.83
4/16/2022 4:00,2.63
4/16/2022 5:00,2.603
4/16/2022 6:00,2.544
4/16/2022 7:00,2.465
4/16/2022 8:00,2.23
4/16/2022 9:00,2.011
4/16/2022 10:00,1.856
4/16/2022 11:00,1.965
4/16/2022 12:00,2.285
4/16/2022 13:00,2.604
4/16/2022 14:00,2.777
4/16/2022 15:00,2.912
4/16/2022 16:00,3.011
4/16/2022 17:00,3.036
4/16/2022 18:00,3.056
4/16/2022 19:00,3.092
4/16/2022 20:00,3.142
4/16/2022 21:00,3.152
4/16/2022 22:00,2.934
4/16/2022 23:00,2.569
4/17/2022 0:00,2.327
4/17/2022 1:00,2.219
4/17/2022 2:00,2.102
4/17/2022 3:00,2.031
4/17/2022 4:00,1.995
4/17/2022 5:00,1.98
4/17/2022 6:00,2.018
4/17/2022 7:00,2.079
4/17/2022 8:00,2.141
4/17/2022 9:00,2.237
4/17/2022 10:00,2.336
4/17/2022 11:00,2.598
4/17/2022 12:00,2.896
4/17/2022 13:00,2.88
4/17/2022 14:00,2.806
4/17/2022 15:00,2.768
4/17/2022 16:00,2.698
4/17/2022 17:00,2.589
4/17/2022 18:00,2.434
4/17/2022 19:00,2.346
4/17/2022 20:00,2.256
4/17/2022 21:00,2.106
4/17/2022 22:00,1.91
4/17/2022 23:00,1.541
4/18/2022 0:00,1.466
4/18/2022 1:00,1.407
4/18/2022 2:00,1.481
4/18/2022 3:00,1.542
4/18/2022 4:00,1.603
4/18/2022 5:00,1.638
4/18/2022 6:00,1.65
4/18/2022 7:00,1.704
4/18/2022 8:00,1.831
4/18/2022 9:00,1.962
4/18/2022 10:00,2.108
4/18/2022 11:00,2.539
4/18/2022 12:00,2.734
4/18/2022 13:00,3.059
4/18/2022 14:00,3.304
4/18/2022 15:00,3.394
4/18/2022 16:00,3.433
4/18/2022 17:00,3.381
4/18/2022 18:00,3.311
4/18/2022 19:00,3.222
4/18/2022 20:00,3.157
4/18/2022 21:00,2.983
4/18/2022 22:00,2.892
4/18/2022 23:00,2.895
4/19/2022 0:00,2.782
4/19/2022 1:00,2.687
4/19/2022 2:00,2.635
4/19/2022 3:00,2.715
4/19/2022 4:00,2.916
4/19/2022 5:00,2.962
4/19/2022 6:00,2.899
4/19/2022 7:00,2.857
4/19/2022 8:00,2.781
4/19/2022 9:00,2.801
4/19/2022 10:00,2.964
4/19/2022 11:00,3.353
4/19/2022 12:00,3.78
4/19/2022 13:00,4.107
4/19/2022 14:00,4.304
4/19/2022 15:00,4.358
4/19/2022 16:00,4.334
4/19/2022 17:00,4.356
4/19/2022 18:00,4.799
4/19/2022 19:00,5.199
4/19/2022 20:00,5.398
4/19/2022 21:00,5.31
4/19/2022 22:00,5.113
4/19/2022 23:00,4.838
4/20/2022 0:00,4.529
4/20/2022 1:00,4.265
4/20/2022 2:00,4.07
4/20/2022 3:00,3.99
4/20/2022 4:00,3.868
4/20/2022 5:00,3.742
4/20/2022 6:00,3.679
4/20/2022 7:00,3.552
4/20/2022 8:00,3.395
4/20/2022 9:00,3.284
4/20/2022 10:00,3.206
4/20/2022 11:00,3.316
4/20/2022 12:00,3.376
4/20/2022 13:00,3.386
4/20/2022 14:00,3.358
4/20/2022 15:00,3.176
4/20/2022 16:00,2.997
4/20/2022 17:00,2.866
4/20/2022 18:00,2.713
4/20/2022 19:00,2.569
4/20/2022 20:00,2.416
4/20/2022 21:00,2.277
4/20/2022 22:00,2.139
4/20/2022 23:00,1.883
4/21/2022 0:00,1.881
4/21/2022 1:00,1.906
4/21/2022 2:00,2.106
4/21/2022 3:00,2.393
4/21/2022 4:00,2.598
4/21/2022 5:00,2.599
4/21/2022 6:00,2.56
4/21/2022 7:00,2.576
4/21/2022 8:00,2.653
4/21/2022 9:00,2.707
4/21/2022 10:00,2.872
4/21/2022 11:00,3.167
4/21/2022 12:00,3.447
4/21/2022 13:00,3.84
4/21/2022 14:00,4.299
4/21/2022 15:00,4.608
4/21/2022 16:00,4.564
4/21/2022 17:00,4.444
4/21/2022 18:00,4.257
4/21/2022 19:00,4.105
4/21/2022 20:00,3.929
4/21/2022 21:00,3.641
4/21/2022 22:00,3.25
4/21/2022 23:00,2.895
4/22/2022 0:00,2.818
4/22/2022 1:00,2.732
4/22/2022 2:00,2.625
4/22/2022 3:00,2.489
4/22/2022 4:00,2.225
4/22/2022 5:00,2.047
4/22/2022 6:00,1.954
4/22/2022 7:00,1.98
4/22/2022 8:00,1.96
4/22/2022 9:00,1.944
4/22/2022 10:00,1.932
4/22/2022 11:00,2.144
4/22/2022 12:00,2.411
4/22/2022 13:00,2.702
4/22/2022 14:00,2.664
4/22/2022 15:00,2.545
4/22/2022 16:00,2.366
4/22/2022 17:00,2.107
4/22/2022 18:00,1.948
4/22/2022 19:00,1.968
4/22/2022 20:00,2.031
4/22/2022 21:00,1.904
4/22/2022 22:00,1.586
4/22/2022 23:00,1.354
4/23/2022 0:00,1.298
4/23/2022 1:00,1.249
4/23/2022 2:00,1.286
4/23/2022 3:00,1.335
4/23/2022 4:00,1.39
4/23/2022 5:00,1.473
4/23/2022 6:00,1.593
4/23/2022 7:00,1.742
4/23/2022 8:00,1.825
4/23/2022 9:00,1.963
4/23/2022 10:00,2.234
4/23/2022 11:00,2.595
4/23/2022 12:00,2.747
4/23/2022 13:00,3.077
4/23/2022 14:00,3.089
4/23/2022 15:00,3.024
4/23/2022 16:00,2.991
4/23/2022 17:00,2.898
4/23/2022 18:00,2.829
4/23/2022 19:00,2.733
4/23/2022 20:00,2.716
4/23/2022 21:00,2.78
4/23/2022 22:00,2.724
4/23/2022 23:00,2.642
4/24/2022 0:00,2.593
4/24/2022 1:00,2.456
4/24/2022 2:00,2.41
4/24/2022 3:00,2.377
4/24/2022 4:00,2.354
4/24/2022 5:00,2.348
4/24/2022 6:00,2.352
4/24/2022 7:00,2.414
4/24/2022 8:00,2.379
4/24/2022 9:00,2.255
4/24/2022 10:00,2.207
4/24/2022 11:00,2.325
4/24/2022 12:00,2.463
4/24/2022 13:00,2.607
4/24/2022 14:00,2.692
4/24/2022 15:00,2.73
4/24/2022 16:00,2.765
4/24/2022 17:00,2.784
4/24/2022 18:00,2.837
4/24/2022 19:00,2.857
4/24/2022 20:00,2.77
4/24/2022 21:00,2.611
4/24/2022 22:00,2.375
4/24/2022 23:00,2.211
4/25/2022 0:00,2.204
4/25/2022 1:00,2.199
4/25/2022 2:00,2.262
4/25/2022 3:00,2.295
4/25/2022 4:00,2.26
4/25/2022 5:00,2.272
4/25/2022 6:00,2.298
4/25/2022 7:00,2.239
4/25/2022 8:00,2.109
4/25/2022 9:00,2.095
4/25/2022 10:00,2.132
4/25/2022 11:00,2.291
4/25/2022 12:00,2.388
4/25/2022 13:00,2.452
4/25/2022 14:00,2.581
4/25/2022 15:00,2.578
4/25/2022 16:00,2.62
4/25/2022 17:00,2.598
4/25/2022 18:00,2.525
4/25/2022 19:00,2.654
4/25/2022 20:00,2.496
4/25/2022 21:00,2.308
4/25/2022 22:00,2.431
4/25/2022 23:00,2.622
4/26/2022 0:00,2.432
4/26/2022 1:00,2.017
4/26/2022 2:00,1.861
4/26/2022 3:00,1.909
4/26/2022 4:00,2.116
4/26/2022 5:00,2.195
4/26/2022 6:00,2.246
4/26/2022 7:00,2.153
4/26/2022 8:00,2.009
4/26/2022 9:00,1.99
4/26/2022 10:00,1.952
4/26/2022 11:00,2.147
4/26/2022 12:00,2.17
4/26/2022 13:00,2.311
4/26/2022 14:00,2.458
4/26/2022 15:00,2.605
4/26/2022 16:00,2.636
4/26/2022 17:00,2.692
4/26/2022 18:00,2.755
4/26/2022 19:00,2.787
4/26/2022 20:00,2.711
4/26/2022 21:00,2.541
4/26/2022 22:00,2.375
4/26/2022 23:00,2.201
4/27/2022 0:00,2.027
4/27/2022 1:00,2.058
4/27/2022 2:00,2.156
4/27/2022 3:00,2.323
4/27/2022 4:00,2.47
4/27/2022 5:00,2.514
4/27/2022 6:00,2.57
4/27/2022 7:00,2.587
4/27/2022 8:00,2.576
4/27/2022 9:00,2.56
4/27/2022 10:00,2.579
4/27/2022 11:00,2.864
4/27/2022 12:00,3.11
4/27/2022 13:00,3.241
4/27/2022 14:00,3.292
4/27/2022 15:00,3.364
4/27/2022 16:00,3.436
4/27/2022 17:00,3.541
4/27/2022 18:00,3.673
4/27/2022 19:00,3.774
4/27/2022 20:00,3.782
4/27/2022 21:00,3.701
4/27/2022 22:00,3.579
4/27/2022 23:00,3.228
4/28/2022 0:00,2.632
4/28/2022 1:00,2.298
4/28/2022 2:00,2.189
4/28/2022 3:00,2.256
4/28/2022 4:00,2.326
4/28/2022 5:00,2.366
4/28/2022 6:00,2.351
4/28/2022 7:00,2.322
4/28/2022 8:00,2.298
4/28/2022 9:00,2.248
4/28/2022 10:00,2.255
4/28/2022 11:00,2.547
4/28/2022 12:00,2.834
4/28/2022 13:00,2.925
4/28/2022 14:00,2.847
4/28/2022 15:00,2.767
4/28/2022 16:00,2.694
4/28/2022 17:00,2.723
4/28/2022 18:00,2.835
4/28/2022 19:00,2.935
4/28/2022 20:00,2.979
4/28/2022 21:00,2.922
4/28/2022 22:00,2.706
4/28/2022 23:00,2.168
4/29/2022 0:00,1.921
4/29/2022 1:00,1.938
4/29/2022 2:00,1.966
4/29/2022 3:00,1.989
4/29/2022 4:00,1.993
4/29/2022 5:00,2.009
4/29/2022 6:00,2.073
4/29/2022 7:00,2.023
4/29/2022 8:00,1.922
4/29/2022 9:00,1.818
4/29/2022 10:00,1.763
4/29/2022 11:00,2.049
4/29/2022 12:00,2.165
4/29/2022 13:00,2.219
4/29/2022 14:00,2.179
4/29/2022 15:00,2.135
4/29/2022 16:00,2.072
4/29/2022 17:00,2.065
4/29/2022 18:00,2.083
4/29/2022 19:00,2.099
4/29/2022 20:00,2.105
4/29/2022 21:00,2.048
4/29/2022 22:00,1.875
4/29/2022 23:00,1.522
4/30/2022 0:00,1.509
4/30/2022 1:00,1.525
4/30/2022 2:00,1.584
4/30/2022 3:00,1.66
4/30/2022 4:00,1.699
4/30/2022 5:00,1.72
4/30/2022 6:00,1.72
4/30/2022 7:00,1.707
4/30/2022 8:00,1.685
4/30/2022 9:00,1.683
4/30/2022 10:00,1.717
4/30/2022 11:00,1.934
4/30/2022 12:00,2.015
4/30/2022 13:00,2.01
4/30/2022 14:00,2.12
4/30/2022 15:00,2.173
4/30/2022 16:00,2.184
4/30/2022 17:00,2.156
4/30/2022 18:00,2.103
4/30/2022 19:00,2.057
4/30/2022 20:00,1.996
4/30/2022 21:00,1.958
4/30/2022 22:00,1.815
4/30/2022 23:00,1.633
5/1/2022 0:00,1.663
5/1/2022 1:00,1.656
5/1/2022 2:00,1.732
5/1/2022 3:00,1.883
5/1/2022 4:00,1.992
5/1/2022 5:00,2.073
5/1/2022 6:00,2.154
5/1/2022 7:00,2.222
5/1/2022 8:00,2.324
5/1/2022 9:00,2.446
5/1/2022 10:00,2.567
5/1/2022 11:00,2.836
5/1/2022 12:00,2.9
5/1/2022 13:00,3.02
5/1/2022 14:00,3.188
5/1/2022 15:00,3.298
5/1/2022 16:00,3.308
5/1/2022 17:00,3.322
5/1/2022 18:00,3.284
5/1/2022 19:00,3.152
5/1/2022 20:00,2.949
5/1/2022 21:00,2.726
5/1/2022 22:00,2.393
5/1/2022 23:00,2.013
5/2/2022 0:00,1.877
5/2/2022 1:00,1.753
5/2/2022 2:00,1.693
5/2/2022 3:00,1.633
5/2/2022 4:00,1.487
5/2/2022 5:00,1.455
5/2/2022 6:00,1.548
5/2/2022 7:00,1.641
5/2/2022 8:00,1.731
5/2/2022 9:00,1.826
5/2/2022 10:00,1.867
5/2/2022 11:00,2.019
5/2/2022 12:00,2.138
5/2/2022 13:00,2.3
5/2/2022 14:00,2.399
5/2/2022 15:00,2.436
5/2/2022 16:00,2.457
5/2/2022 17:00,2.517
5/2/2022 18:00,2.571
5/2/2022 19:00,2.526
5/2/2022 20:00,2.417
5/2/2022 21:00,2.217
5/2/2022 22:00,1.971
5/2/2022 23:00,1.654
5/3/2022 0:00,1.547
5/3/2022 1:00,1.398
5/3/2022 2:00,1.263
5/3/2022 3:00,1.279
5/3/2022 4:00,1.31
5/3/2022 5:00,1.293
5/3/2022 6:00,1.285
5/3/2022 7:00,1.243
5/3/2022 8:00,1.19
5/3/2022 9:00,1.128
5/3/2022 10:00,1.161
5/3/2022 11:00,1.246
5/3/2022 12:00,1.427
5/3/2022 13:00,1.527
5/3/2022 14:00,1.669
5/3/2022 15:00,1.738
5/3/2022 16:00,1.817
5/3/2022 17:00,1.93
5/3/2022 18:00,2.087
5/3/2022 19:00,2.129
5/3/2022 20:00,2.137
5/3/2022 21:00,2.066
5/3/2022 22:00,1.934
5/3/2022 23:00,1.883
5/4/2022 0:00,1.913
5/4/2022 1:00,2.018
5/4/2022 2:00,2.189
5/4/2022 3:00,2.263
5/4/2022 4:00,2.305
5/4/2022 5:00,2.295
5/4/2022 6:00,2.237
5/4/2022 7:00,2.094
5/4/2022 8:00,2.13
5/4/2022 9:00,2.261
5/4/2022 10:00,2.325
5/4/2022 11:00,2.347
5/4/2022 12:00,2.503
5/4/2022 13:00,2.506
5/4/2022 14:00,2.472
5/4/2022 15:00,2.475
5/4/2022 16:00,2.401
5/4/2022 17:00,2.269
5/4/2022 18:00,2.147
5/4/2022 19:00,1.988
5/4/2022 20:00,1.871
5/4/2022 21:00,1.812
5/4/2022 22:00,1.755
5/4/2022 23:00,1.644
5/5/2022 0:00,1.686
5/5/2022 1:00,1.825
5/5/2022 2:00,1.882
5/5/2022 3:00,1.884
5/5/2022 4:00,1.83
5/5/2022 5:00,1.799
5/5/2022 6:00,1.731
5/5/2022 7:00,1.67
5/5/2022 8:00,1.574
5/5/2022 9:00,1.447
5/5/2022 10:00,1.348
5/5/2022 11:00,1.555
5/5/2022 12:00,1.73
5/5/2022 13:00,1.919
5/5/2022 14:00,2.053
5/5/2022 15:00,2.096
5/5/2022 16:00,2.052
5/5/2022 17:00,2.07
5/5/2022 18:00,2.129
5/5/2022 19:00,2.097
5/5/2022 20:00,2.053
5/5/2022 21:00,1.973
5/5/2022 22:00,1.739
5/5/2022 23:00,1.46
5/6/2022 0:00,1.367
5/6/2022 1:00,1.34
5/6/2022 2:00,1.436
5/6/2022 3:00,1.541
5/6/2022 4:00,1.603
5/6/2022 5:00,1.658
5/6/2022 6:00,1.658
5/6/2022 7:00,1.676
5/6/2022 8:00,1.768
5/6/2022 9:00,1.859
5/6/2022 10:00,2
5/6/2022 11:00,2.352
5/6/2022 12:00,2.572
5/6/2022 13:00,2.71
5/6/2022 14:00,2.885
5/6/2022 15:00,3.081
5/6/2022 16:00,3.229
5/6/2022 17:00,3.318
5/6/2022 18:00,3.326
5/6/2022 19:00,3.326
5/6/2022 20:00,3.295
5/6/2022 21:00,3.11
5/6/2022 22:00,2.756
5/6/2022 23:00,2.427
5/7/2022 0:00,2.356
5/7/2022 1:00,2.315
5/7/2022 2:00,2.329
5/7/2022 3:00,2.495
5/7/2022 4:00,2.633
5/7/2022 5:00,2.715
5/7/2022 6:00,2.785
5/7/2022 7:00,2.868
5/7/2022 8:00,2.917
5/7/2022 9:00,2.907
5/7/2022 10:00,2.935
5/7/2022 11:00,3.08
5/7/2022 12:00,3.323
5/7/2022 13:00,3.618
5/7/2022 14:00,3.627
5/7/2022 15:00,3.563
5/7/2022 16:00,3.463
5/7/2022 17:00,3.37
5/7/2022 18:00,3.289
5/7/2022 19:00,3.222
5/7/2022 20:00,3.144
5/7/2022 21:00,3.006
5/7/2022 22:00,2.775
5/7/2022 23:00,2.31
5/8/2022 0:00,2.175
5/8/2022 1:00,2.114
5/8/2022 2:00,2.034
5/8/2022 3:00,2.002
5/8/2022 4:00,1.996
5/8/2022 5:00,1.969
5/8/2022 6:00,1.945
5/8/2022 7:00,1.917
5/8/2022 8:00,1.929
5/8/2022 9:00,1.911
5/8/2022 10:00,1.894
5/8/2022 11:00,2.022
5/8/2022 12:00,1.959
5/8/2022 13:00,1.963
5/8/2022 14:00,2.144
5/8/2022 15:00,2.292
5/8/2022 16:00,2.352
5/8/2022 17:00,2.39
5/8/2022 18:00,2.456
5/8/2022 19:00,2.546
5/8/2022 20:00,2.616
5/8/2022 21:00,2.545
5/8/2022 22:00,2.255
5/8/2022 23:00,1.792
5/9/2022 0:00,1.602
5/9/2022 1:00,1.632
5/9/2022 2:00,1.666
5/9/2022 3:00,1.69
5/9/2022 4:00,1.744
5/9/2022 5:00,1.863
5/9/2022 6:00,1.873
5/9/2022 7:00,1.809
5/9/2022 8:00,1.763
5/9/2022 9:00,1.726
5/9/2022 10:00,1.602
5/9/2022 11:00,1.703
5/9/2022 12:00,1.72
5/9/2022 13:00,1.762
5/9/2022 14:00,1.969
5/9/2022 15:00,2.188
5/9/2022 16:00,2.336
5/9/2022 17:00,2.414
5/9/2022 18:00,2.497
5/9/2022 19:00,2.528
5/9/2022 20:00,2.459
5/9/2022 21:00,2.377
5/9/2022 22:00,2.204
5/9/2022 23:00,1.994
5/10/2022 0:00,1.987
5/10/2022 1:00,2.082
5/10/2022 2:00,2.039
5/10/2022 3:00,1.966
5/10/2022 4:00,1.9
5/10/2022 5:00,1.8
5/10/2022 6:00,1.684
5/10/2022 7:00,1.619
5/10/2022 8:00,1.609
5/10/2022 9:00,1.648
5/10/2022 10:00,1.67
5/10/2022 11:00,1.913
5/10/2022 12:00,2.034
5/10/2022 13:00,2.243
5/10/2022 14:00,2.576
5/10/2022 15:00,2.572
5/10/2022 16:00,2.391
5/10/2022 17:00,2.329
5/10/2022 18:00,2.406
5/10/2022 19:00,2.483
5/10/2022 20:00,2.523
5/10/2022 21:00,2.465
5/10/2022 22:00,2.278
5/10/2022 23:00,1.994
5/11/2022 0:00,1.839
5/11/2022 1:00,1.655
5/11/2022 2:00,1.461
5/11/2022 3:00,1.469
5/11/2022 4:00,1.546
5/11/2022 5:00,1.59
5/11/2022 6:00,1.64
5/11/2022 7:00,1.603
5/11/2022 8:00,1.417
5/11/2022 9:00,1.273
5/11/2022 10:00,1.111
5/11/2022 11:00,1.154
5/11/2022 12:00,1.179
5/11/2022 13:00,1.317
5/11/2022 14:00,1.36
5/11/2022 15:00,1.308
5/11/2022 16:00,1.288
5/11/2022 17:00,1.302
5/11/2022 18:00,1.41
5/11/2022 19:00,1.479
5/11/2022 20:00,1.533
5/11/2022 21:00,1.528
5/11/2022 22:00,1.439
5/11/2022 23:00,1.261
5/12/2022 0:00,1.31
5/12/2022 1:00,1.229
5/12/2022 2:00,1.202
5/12/2022 3:00,1.259
5/12/2022 4:00,1.311
5/12/2022 5:00,1.344
5/12/2022 6:00,1.37
5/12/2022 7:00,1.384
5/12/2022 8:00,1.345
5/12/2022 9:00,1.354
5/12/2022 10:00,1.445
5/12/2022 11:00,1.618
5/12/2022 12:00,1.761
5/12/2022 13:00,1.78
5/12/2022 14:00,1.834
5/12/2022 15:00,1.874
5/12/2022 16:00,1.986
5/12/2022 17:00,2.002
5/12/2022 18:00,1.978
5/12/2022 19:00,2.008
5/12/2022 20:00,2.098
5/12/2022 21:00,2.09
5/12/2022 22:00,1.903
5/12/2022 23:00,1.676
5/13/2022 0:00,1.714
5/13/2022 1:00,1.756
5/13/2022 2:00,1.809
5/13/2022 3:00,1.837
5/13/2022 4:00,1.796
5/13/2022 5:00,1.738
5/13/2022 6:00,1.725
5/13/2022 7:00,1.773
5/13/2022 8:00,1.846
5/13/2022 9:00,1.846
5/13/2022 10:00,1.834
5/13/2022 11:00,1.972
5/13/2022 12:00,1.935
5/13/2022 13:00,2.231
5/13/2022 14:00,2.379
5/13/2022 15:00,2.352
5/13/2022 16:00,2.352
5/13/2022 17:00,2.414
5/13/2022 18:00,2.498
5/13/2022 19:00,2.567
5/13/2022 20:00,2.577
5/13/2022 21:00,2.497
5/13/2022 22:00,2.259
5/13/2022 23:00,1.871
5/14/2022 0:00,1.716
5/14/2022 1:00,1.673
5/14/2022 2:00,1.639
5/14/2022 3:00,1.717
5/14/2022 4:00,1.778
5/14/2022 5:00,1.736
5/14/2022 6:00,1.667
5/14/2022 7:00,1.65
5/14/2022 8:00,1.684
5/14/2022 9:00,1.754
5/14/2022 10:00,1.81
5/14/2022 11:00,2.008
5/14/2022 12:00,2.02
5/14/2022 13:00,2.194
5/14/2022 14:00,2.206
5/14/2022 15:00,2.174
5/14/2022 16:00,2.141
5/14/2022 17:00,2.093
5/14/2022 18:00,2.012
5/14/2022 19:00,1.904
5/14/2022 20:00,1.813
5/14/2022 21:00,1.728
5/14/2022 22:00,1.602
5/14/2022 23:00,1.39
5/15/2022 0:00,1.262
5/15/2022 1:00,1.139
5/15/2022 2:00,0.989
5/15/2022 3:00,0.988
5/15/2022 4:00,0.996
5/15/2022 5:00,1.036
5/15/2022 6:00,1.101
5/15/2022 7:00,1.152
5/15/2022 8:00,1.146
5/15/2022 9:00,1.113
5/15/2022 10:00,1.121
5/15/2022 11:00,1.372
5/15/2022 12:00,1.47
5/15/2022 13:00,1.607
5/15/2022 14:00,1.692
5/15/2022 15:00,1.705
5/15/2022 16:00,1.74
5/15/2022 17:00,1.834
5/15/2022 18:00,1.949
5/15/2022 19:00,2.029
5/15/2022 20:00,2.039
5/15/2022 21:00,1.959
5/15/2022 22:00,1.782
5/15/2022 23:00,1.537
5/16/2022 0:00,1.468
5/16/2022 1:00,1.443
5/16/2022 2:00,1.503
5/16/2022 3:00,1.648
5/16/2022 4:00,1.778
5/16/2022 5:00,1.833
5/16/2022 6:00,1.861
5/16/2022 7:00,1.857
5/16/2022 8:00,1.826
5/16/2022 9:00,1.787
5/16/2022 10:00,1.835
5/16/2022 11:00,1.996
5/16/2022 12:00,2.059
5/16/2022 13:00,2.12
5/16/2022 14:00,2.175
5/16/2022 15:00,2.276
5/16/2022 16:00,2.408
5/16/2022 17:00,2.475
5/16/2022 18:00,2.504
5/16/2022 19:00,2.573
5/16/2022 20:00,2.569
5/16/2022 21:00,2.539
5/16/2022 22:00,2.46
5/16/2022 23:00,2.342
5/17/2022 0:00,2.301
5/17/2022 1:00,2.303
5/17/2022 2:00,2.511
5/17/2022 3:00,2.737
5/17/2022 4:00,2.994
5/17/2022 5:00,3.1
5/17/2022 6:00,3.114
5/17/2022 7:00,3.071
5/17/2022 8:00,3.092
5/17/2022 9:00,3.114
5/17/2022 10:00,3.185
5/17/2022 11:00,3.429
5/17/2022 12:00,3.622
5/17/2022 13:00,3.676
5/17/2022 14:00,3.72
5/17/2022 15:00,3.745
5/17/2022 16:00,3.69
5/17/2022 17:00,3.662
5/17/2022 18:00,3.678
5/17/2022 19:00,3.685
5/17/2022 20:00,3.661
5/17/2022 21:00,3.568
5/17/2022 22:00,3.392
5/17/2022 23:00,3.061
5/18/2022 0:00,2.51
5/18/2022 1:00,2.187
5/18/2022 2:00,2.036
5/18/2022 3:00,1.975
5/18/2022 4:00,1.902
5/18/2022 5:00,1.847
5/18/2022 6:00,1.818
5/18/2022 7:00,1.769
5/18/2022 8:00,1.685
5/18/2022 9:00,1.655
5/18/2022 10:00,1.75
5/18/2022 11:00,1.791
5/18/2022 12:00,1.84
5/18/2022 13:00,2.031
5/18/2022 14:00,2.059
5/18/2022 15:00,2.206
5/18/2022 16:00,2.407
5/18/2022 17:00,2.59
5/18/2022 18:00,2.612
5/18/2022 19:00,2.565
5/18/2022 20:00,2.532
5/18/2022 21:00,2.494
5/18/2022 22:00,2.356
5/18/2022 23:00,2.12
5/19/2022 0:00,1.989
5/19/2022 1:00,1.885
5/19/2022 2:00,1.887
5/19/2022 3:00,1.915
5/19/2022 4:00,1.925
5/19/2022 5:00,1.894
5/19/2022 6:00,1.869
5/19/2022 7:00,1.843
5/19/2022 8:00,1.792
5/19/2022 9:00,1.741
5/19/2022 10:00,1.649
5/19/2022 11:00,1.654
5/19/2022 12:00,1.785
5/19/2022 13:00,2.219
5/19/2022 14:00,2.619
5/19/2022 15:00,2.898
5/19/2022 16:00,2.945
5/19/2022 17:00,2.894
5/19/2022 18:00,2.842
5/19/2022 19:00,2.765
5/19/2022 20:00,2.561
5/19/2022 21:00,2.314
5/19/2022 22:00,2.105
5/19/2022 23:00,1.758
5/20/2022 0:00,1.734
5/20/2022 1:00,1.793
5/20/2022 2:00,1.813
5/20/2022 3:00,1.832
5/20/2022 4:00,1.824
5/20/2022 5:00,1.749
5/20/2022 6:00,1.715
5/20/2022 7:00,1.722
5/20/2022 8:00,1.772
5/20/2022 9:00,1.922
5/20/2022 10:00,2.06
5/20/2022 11:00,2.25
5/20/2022 12:00,2.49
5/20/2022 13:00,2.744
5/20/2022 14:00,2.826
5/20/2022 15:00,2.87
5/20/2022 16:00,3.029
5/20/2022 17:00,3.198
5/20/2022 18:00,3.304
5/20/2022 19:00,3.373
5/20/2022 20:00,3.395
5/20/2022 21:00,3.292
5/20/2022 22:00,3.062
5/20/2022 23:00,2.881
5/21/2022 0:00,2.884
5/21/2022 1:00,2.823
5/21/2022 2:00,2.557
5/21/2022 3:00,2.515
5/21/2022 4:00,2.527
5/21/2022 5:00,2.573
5/21/2022 6:00,2.594
5/21/2022 7:00,2.559
5/21/2022 8:00,2.467
5/21/2022 9:00,2.216
5/21/2022 10:00,2.248
5/21/2022 11:00,2.422
5/21/2022 12:00,2.11
5/21/2022 13:00,1.811
5/21/2022 14:00,1.987
5/21/2022 15:00,2.373
5/21/2022 16:00,2.497
5/21/2022 17:00,2.51
5/21/2022 18:00,2.524
5/21/2022 19:00,2.486
5/21/2022 20:00,2.563
5/21/2022 21:00,2.477
5/21/2022 22:00,2.195
5/21/2022 23:00,1.773
5/22/2022 0:00,1.489
5/22/2022 1:00,1.342
5/22/2022 2:00,1.125
5/22/2022 3:00,1.068
5/22/2022 4:00,1.085
5/22/2022 5:00,1.11
5/22/2022 6:00,1.116
5/22/2022 7:00,1.164
5/22/2022 8:00,1.182
5/22/2022 9:00,1.248
5/22/2022 10:00,1.356
5/22/2022 11:00,1.681
5/22/2022 12:00,2.06
5/22/2022 13:00,2.26
5/22/2022 14:00,2.335
5/22/2022 15:00,2.467
5/22/2022 16:00,2.578
5/22/2022 17:00,2.612
5/22/2022 18:00,2.726
5/22/2022 19:00,2.85
5/22/2022 20:00,2.959
5/22/2022 21:00,2.927
5/22/2022 22:00,2.76
5/22/2022 23:00,2.515
5/23/2022 0:00,2.111
5/23/2022 1:00,1.793
5/23/2022 2:00,1.689
5/23/2022 3:00,1.699
5/23/2022 4:00,1.698
5/23/2022 5:00,1.697
5/23/2022 6:00,1.7
5/23/2022 7:00,1.734
5/23/2022 8:00,1.762
5/23/2022 9:00,1.814
5/23/2022 10:00,1.994
5/23/2022 11:00,2.087
5/23/2022 12:00,2.069
5/23/2022 13:00,2.007
5/23/2022 14:00,1.84
5/23/2022 15:00,1.734
5/23/2022 16:00,1.656
5/23/2022 17:00,1.596
5/23/2022 18:00,1.528
5/23/2022 19:00,1.468
5/23/2022 20:00,1.434
5/23/2022 21:00,1.385
5/23/2022 22:00,1.286
5/23/2022 23:00,1.183
5/24/2022 0:00,1.126
5/24/2022 1:00,1.095
5/24/2022 2:00,1.097
5/24/2022 3:00,1.224
5/24/2022 4:00,1.37
5/24/2022 5:00,1.458
5/24/2022 6:00,1.534
5/24/2022 7:00,1.59
5/24/2022 8:00,1.619
5/24/2022 9:00,1.589
5/24/2022 10:00,1.667
5/24/2022 11:00,1.865
5/24/2022 12:00,1.965
5/24/2022 13:00,2.166
5/24/2022 14:00,2.113
5/24/2022 15:00,2.036
5/24/2022 16:00,1.927
5/24/2022 17:00,1.822
5/24/2022 18:00,1.708
5/24/2022 19:00,1.622
5/24/2022 20:00,1.61
5/24/2022 21:00,1.616
5/24/2022 22:00,1.52
5/24/2022 23:00,1.325
5/25/2022 0:00,1.195
5/25/2022 1:00,1.142
5/25/2022 2:00,1.122
5/25/2022 3:00,1.147
5/25/2022 4:00,1.216
5/25/2022 5:00,1.281
5/25/2022 6:00,1.386
5/25/2022 7:00,1.452
5/25/2022 8:00,1.465
5/25/2022 9:00,1.464
5/25/2022 10:00,1.504
5/25/2022 11:00,1.581
5/25/2022 12:00,1.656
5/25/2022 13:00,1.875
5/25/2022 14:00,1.997
5/25/2022 15:00,2.104
5/25/2022 16:00,2.147
5/25/2022 17:00,2.179
5/25/2022 18:00,2.17
5/25/2022 19:00,2.119
5/25/2022 20:00,2.068
5/25/2022 21:00,2.042
5/25/2022 22:00,1.947
5/25/2022 23:00,1.836
5/26/2022 0:00,1.813
5/26/2022 1:00,1.78
5/26/2022 2:00,1.711
5/26/2022 3:00,1.721
5/26/2022 4:00,1.702
5/26/2022 5:00,1.708
5/26/2022 6:00,1.771
5/26/2022 7:00,1.792
5/26/2022 8:00,1.812
5/26/2022 9:00,1.919
5/26/2022 10:00,2.016
5/26/2022 11:00,2.191
5/26/2022 12:00,2.438
5/26/2022 13:00,2.748
5/26/2022 14:00,3.027
5/26/2022 15:00,3.162
5/26/2022 16:00,3.096
5/26/2022 17:00,3.033
5/26/2022 18:00,2.963
5/26/2022 19:00,2.865
5/26/2022 20:00,2.732
5/26/2022 21:00,2.483
5/26/2022 22:00,2.15
5/26/2022 23:00,1.785
5/27/2022 0:00,1.536
5/27/2022 1:00,1.558
5/27/2022 2:00,1.722
5/27/2022 3:00,1.822
5/27/2022 4:00,1.875
5/27/2022 5:00,1.872
5/27/2022 6:00,1.774
5/27/2022 7:00,1.573
5/27/2022 8:00,1.435
5/27/2022 9:00,1.521
5/27/2022 10:00,1.664
5/27/2022 11:00,1.885
5/27/2022 12:00,2.065
5/27/2022 13:00,2.119
5/27/2022 14:00,2.22
5/27/2022 15:00,2.318
5/27/2022 16:00,2.407
5/27/2022 17:00,2.429
5/27/2022 18:00,2.348
5/27/2022 19:00,2.283
5/27/2022 20:00,2.22
5/27/2022 21:00,2.165
5/27/2022 22:00,2.124
5/27/2022 23:00,1.964
5/28/2022 0:00,1.783
5/28/2022 1:00,1.773
5/28/2022 2:00,1.758
5/28/2022 3:00,1.761
5/28/2022 4:00,1.774
5/28/2022 5:00,1.817
5/28/2022 6:00,1.821
5/28/2022 7:00,1.782
5/28/2022 8:00,1.795
5/28/2022 9:00,1.729
5/28/2022 10:00,1.914
5/28/2022 11:00,2.107
5/28/2022 12:00,2.216
5/28/2022 13:00,2.199
5/28/2022 14:00,2.195
5/28/2022 15:00,2.157
5/28/2022 16:00,2.036
5/28/2022 17:00,1.918
5/28/2022 18:00,1.951
5/28/2022 19:00,2.013
5/28/2022 20:00,2.09
5/28/2022 21:00,2.116
5/28/2022 22:00,1.954
5/28/2022 23:00,1.662
5/29/2022 0:00,1.445
5/29/2022 1:00,1.285
5/29/2022 2:00,1.144
5/29/2022 3:00,1.136
5/29/2022 4:00,1.152
5/29/2022 5:00,1.126
5/29/2022 6:00,1.107
5/29/2022 7:00,1.13
5/29/2022 8:00,1.206
5/29/2022 9:00,1.278
5/29/2022 10:00,1.404
5/29/2022 11:00,1.544
5/29/2022 12:00,1.705
5/29/2022 13:00,1.955
5/29/2022 14:00,2.078
5/29/2022 15:00,2.135
5/29/2022 16:00,2.217
5/29/2022 17:00,2.266
5/29/2022 18:00,2.305
5/29/2022 19:00,2.323
5/29/2022 20:00,2.274
5/29/2022 21:00,2.192
5/29/2022 22:00,2.093
5/29/2022 23:00,1.875
5/30/2022 0:00,1.717
5/30/2022 1:00,1.703
5/30/2022 2:00,1.624
5/30/2022 3:00,1.572
5/30/2022 4:00,1.619
5/30/2022 5:00,1.544
5/30/2022 6:00,1.502
5/30/2022 7:00,1.402
5/30/2022 8:00,1.328
5/30/2022 9:00,1.411
5/30/2022 10:00,1.698
5/30/2022 11:00,2.127
5/30/2022 12:00,2.32
5/30/2022 13:00,2.468
5/30/2022 14:00,2.693
5/30/2022 15:00,2.902
5/30/2022 16:00,2.93
5/30/2022 17:00,2.927
5/30/2022 18:00,2.913
5/30/2022 19:00,2.852
5/30/2022 20:00,2.738
5/30/2022 21:00,2.614
5/30/2022 22:00,2.36
5/30/2022 23:00,2.105
5/31/2022 0:00,2.071
5/31/2022 1:00,2.084
5/31/2022 2:00,2.014
5/31/2022 3:00,1.943
5/31/2022 4:00,2.007
5/31/2022 5:00,2.025
5/31/2022 6:00,2.02
5/31/2022 7:00,2.027
5/31/2022 8:00,2.202
5/31/2022 9:00,2.334
5/31/2022 10:00,2.372
5/31/2022 11:00,2.436
5/31/2022 12:00,2.332
5/31/2022 13:00,2.401
5/31/2022 14:00,2.524
5/31/2022 15:00,2.627
5/31/2022 16:00,2.68
5/31/2022 17:00,2.732
5/31/2022 18:00,2.752
5/31/2022 19:00,2.839
5/31/2022 20:00,2.933
5/31/2022 21:00,2.895
5/31/2022 22:00,2.626
5/31/2022 23:00,2.118
6/1/2022 0:00,1.73
6/1/2022 1:00,1.608
6/1/2022 2:00,1.43
6/1/2022 3:00,1.412
6/1/2022 4:00,1.444
6/1/2022 5:00,1.472
6/1/2022 6:00,1.557
6/1/2022 7:00,1.684
6/1/2022 8:00,1.753
6/1/2022 9:00,1.697
6/1/2022 10:00,1.852
6/1/2022 11:00,1.926
6/1/2022 12:00,1.973
6/1/2022 13:00,1.959
6/1/2022 14:00,1.816
6/1/2022 15:00,2.029
6/1/2022 16:00,2.358
6/1/2022 17:00,2.454
6/1/2022 18:00,2.467
6/1/2022 19:00,2.482
6/1/2022 20:00,2.494
6/1/2022 21:00,2.41
6/1/2022 22:00,2.414
6/1/2022 23:00,2.369
6/2/2022 0:00,2.202
6/2/2022 1:00,2.084
6/2/2022 2:00,1.828
6/2/2022 3:00,1.672
6/2/2022 4:00,1.688
6/2/2022 5:00,1.84
6/2/2022 6:00,1.935
6/2/2022 7:00,1.933
6/2/2022 8:00,1.921
6/2/2022 9:00,1.858
6/2/2022 10:00,1.93
6/2/2022 11:00,1.925
6/2/2022 12:00,1.878
6/2/2022 13:00,1.849
6/2/2022 14:00,1.82
6/2/2022 15:00,1.895
6/2/2022 16:00,1.998
6/2/2022 17:00,2.066
6/2/2022 18:00,2.149
6/2/2022 19:00,2.224
6/2/2022 20:00,2.267
6/2/2022 21:00,2.266
6/2/2022 22:00,2.178
6/2/2022 23:00,1.978
6/3/2022 0:00,1.606
6/3/2022 1:00,1.364
6/3/2022 2:00,1.172
6/3/2022 3:00,1.207
6/3/2022 4:00,1.287
6/3/2022 5:00,1.366
6/3/2022 6:00,1.432
6/3/2022 7:00,1.459
6/3/2022 8:00,1.477
6/3/2022 9:00,1.445
6/3/2022 10:00,1.5
6/3/2022 11:00,1.718
6/3/2022 12:00,1.739
6/3/2022 13:00,1.849
6/3/2022 14:00,1.939
6/3/2022 15:00,2.077
6/3/2022 16:00,2.186
6/3/2022 17:00,2.266
6/3/2022 18:00,2.365
6/3/2022 19:00,2.466
6/3/2022 20:00,2.515
6/3/2022 21:00,2.509
6/3/2022 22:00,2.395
6/3/2022 23:00,2.034
6/4/2022 0:00,1.824
6/4/2022 1:00,1.767
6/4/2022 2:00,1.873
6/4/2022 3:00,2.114
6/4/2022 4:00,2.259
6/4/2022 5:00,2.249
6/4/2022 6:00,2.191
6/4/2022 7:00,2.101
6/4/2022 8:00,1.967
6/4/2022 9:00,1.842
6/4/2022 10:00,1.961
6/4/2022 11:00,2.051
6/4/2022 12:00,2.259
6/4/2022 13:00,2.435
6/4/2022 14:00,2.566
6/4/2022 15:00,2.667
6/4/2022 16:00,2.795
6/4/2022 17:00,2.942
6/4/2022 18:00,3.038
6/4/2022 19:00,3.036
6/4/2022 20:00,2.958
6/4/2022 21:00,2.829
6/4/2022 22:00,2.631
6/4/2022 23:00,2.256
6/5/2022 0:00,1.694
6/5/2022 1:00,1.485
6/5/2022 2:00,1.367
6/5/2022 3:00,1.373
6/5/2022 4:00,1.449
6/5/2022 5:00,1.498
6/5/2022 6:00,1.542
6/5/2022 7:00,1.544
6/5/2022 8:00,1.54
6/5/2022 9:00,1.566
6/5/2022 10:00,1.597
6/5/2022 11:00,1.805
6/5/2022 12:00,1.934
6/5/2022 13:00,2.178
6/5/2022 14:00,2.262
6/5/2022 15:00,2.261
6/5/2022 16:00,2.294
6/5/2022 17:00,2.348
6/5/2022 18:00,2.326
6/5/2022 19:00,2.27
6/5/2022 20:00,2.21
6/5/2022 21:00,2.075
6/5/2022 22:00,1.842
6/5/2022 23:00,1.498
6/6/2022 0:00,1.416
6/6/2022 1:00,1.331
6/6/2022 2:00,1.236
6/6/2022 3:00,1.225
6/6/2022 4:00,1.202
6/6/2022 5:00,1.251
6/6/2022 6:00,1.313
6/6/2022 7:00,1.345
6/6/2022 8:00,1.406
6/6/2022 9:00,1.449
6/6/2022 10:00,1.548
6/6/2022 11:00,1.818
6/6/2022 12:00,1.925
6/6/2022 13:00,1.991
6/6/2022 14:00,2.03
6/6/2022 15:00,2.025
6/6/2022 16:00,2.029
6/6/2022 17:00,2.025
6/6/2022 18:00,1.973
6/6/2022 19:00,1.876
6/6/2022 20:00,1.763
6/6/2022 21:00,1.663
6/6/2022 22:00,1.587
6/6/2022 23:00,1.486
6/7/2022 0:00,1.445
6/7/2022 1:00,1.317
6/7/2022 2:00,1.242
6/7/2022 3:00,1.32
6/7/2022 4:00,1.525
6/7/2022 5:00,1.693
6/7/2022 6:00,1.748
6/7/2022 7:00,1.748
6/7/2022 8:00,1.841
6/7/2022 9:00,2.024
6/7/2022 10:00,2.33
6/7/2022 11:00,2.421
6/7/2022 12:00,2.358
6/7/2022 13:00,2.312
6/7/2022 14:00,2.406
6/7/2022 15:00,2.595
6/7/2022 16:00,2.634
6/7/2022 17:00,2.585
6/7/2022 18:00,2.592
6/7/2022 19:00,2.72
6/7/2022 20:00,2.771
6/7/2022 21:00,2.737
6/7/2022 22:00,2.639
6/7/2022 23:00,2.484
6/8/2022 0:00,2.292
6/8/2022 1:00,2.096
6/8/2022 2:00,1.893
6/8/2022 3:00,1.801
6/8/2022 4:00,1.802
6/8/2022 5:00,1.794
6/8/2022 6:00,1.788
6/8/2022 7:00,1.85
6/8/2022 8:00,1.9
6/8/2022 9:00,1.949
6/8/2022 10:00,2.06
6/8/2022 11:00,2.137
6/8/2022 12:00,2.129
6/8/2022 13:00,1.941
6/8/2022 14:00,1.78
6/8/2022 15:00,1.776
6/8/2022 16:00,1.926
6/8/2022 17:00,2.018
6/8/2022 18:00,2.03
6/8/2022 19:00,2.012
6/8/2022 20:00,1.984
6/8/2022 21:00,1.928
6/8/2022 22:00,1.678
6/8/2022 23:00,1.335
6/9/2022 0:00,1.076
6/9/2022 1:00,0.943
6/9/2022 2:00,0.832
6/9/2022 3:00,1.023
6/9/2022 4:00,1.297
6/9/2022 5:00,1.477
6/9/2022 6:00,1.565
6/9/2022 7:00,1.6
6/9/2022 8:00,1.692
6/9/2022 9:00,1.72
6/9/2022 10:00,1.722
6/9/2022 11:00,1.788
6/9/2022 12:00,1.943
6/9/2022 13:00,1.981
6/9/2022 14:00,2.011
6/9/2022 15:00,2.143
6/9/2022 16:00,2.27
6/9/2022 17:00,2.411
6/9/2022 18:00,2.519
6/9/2022 19:00,2.55
6/9/2022 20:00,2.522
6/9/2022 21:00,2.458
6/9/2022 22:00,2.365
6/9/2022 23:00,2.085
6/10/2022 0:00,1.678
6/10/2022 1:00,1.616
6/10/2022 2:00,1.739
6/10/2022 3:00,1.839
6/10/2022 4:00,1.927
6/10/2022 5:00,2.023
6/10/2022 6:00,2.082
6/10/2022 7:00,2.059
6/10/2022 8:00,1.964
6/10/2022 9:00,1.941
6/10/2022 10:00,2.092
6/10/2022 11:00,2.255
6/10/2022 12:00,2.445
6/10/2022 13:00,2.663
6/10/2022 14:00,2.851
6/10/2022 15:00,2.952
6/10/2022 16:00,3.016
6/10/2022 17:00,3.008
6/10/2022 18:00,2.964
6/10/2022 19:00,2.901
6/10/2022 20:00,2.756
6/10/2022 21:00,2.57
6/10/2022 22:00,2.32
6/10/2022 23:00,1.939
6/11/2022 0:00,1.556
6/11/2022 1:00,1.415
6/11/2022 2:00,1.322
6/11/2022 3:00,1.347
6/11/2022 4:00,1.411
6/11/2022 5:00,1.455
6/11/2022 6:00,1.455
6/11/2022 7:00,1.434
6/11/2022 8:00,1.421
6/11/2022 9:00,1.391
6/11/2022 10:00,1.512
6/11/2022 11:00,1.645
6/11/2022 12:00,1.757
6/11/2022 13:00,1.852
6/11/2022 14:00,1.893
6/11/2022 15:00,2.018
6/11/2022 16:00,2.141
6/11/2022 17:00,2.181
6/11/2022 18:00,2.127
6/11/2022 19:00,2.061
6/11/2022 20:00,2.017
6/11/2022 21:00,1.944
6/11/2022 22:00,1.784
6/11/2022 23:00,1.453
6/12/2022 0:00,1.236
6/12/2022 1:00,1.214
6/12/2022 2:00,1.243
6/12/2022 3:00,1.429
6/12/2022 4:00,1.663
6/12/2022 5:00,1.86
6/12/2022 6:00,1.959
6/12/2022 7:00,1.892
6/12/2022 8:00,1.697
6/12/2022 9:00,1.578
6/12/2022 10:00,1.622
6/12/2022 11:00,1.733
6/12/2022 12:00,1.834
6/12/2022 13:00,2.04
6/12/2022 14:00,2.125
6/12/2022 15:00,2.216
6/12/2022 16:00,2.295
6/12/2022 17:00,2.347
6/12/2022 18:00,2.322
6/12/2022 19:00,2.253
6/12/2022 20:00,2.202
6/12/2022 21:00,2.111
6/12/2022 22:00,1.965
6/12/2022 23:00,1.759
6/13/2022 0:00,1.569
6/13/2022 1:00,1.565
6/13/2022 2:00,1.562
6/13/2022 3:00,1.546
6/13/2022 4:00,1.547
6/13/2022 5:00,1.542
6/13/2022 6:00,1.545
6/13/2022 7:00,1.525
6/13/2022 8:00,1.527
6/13/2022 9:00,1.467
6/13/2022 10:00,1.545
6/13/2022 11:00,1.645
6/13/2022 12:00,1.575
6/13/2022 13:00,1.63
6/13/2022 14:00,1.707
6/13/2022 15:00,1.794
6/13/2022 16:00,1.886
6/13/2022 17:00,1.975
6/13/2022 18:00,2.099
6/13/2022 19:00,2.048
6/13/2022 20:00,1.956
6/13/2022 21:00,1.85
6/13/2022 22:00,1.721
6/13/2022 23:00,1.524
6/14/2022 0:00,1.468
6/14/2022 1:00,1.543
6/14/2022 2:00,1.588
6/14/2022 3:00,1.712
6/14/2022 4:00,1.88
6/14/2022 5:00,1.832
6/14/2022 6:00,1.648
6/14/2022 7:00,1.503
6/14/2022 8:00,1.626
6/14/2022 9:00,1.938
6/14/2022 10:00,2.229
6/14/2022 11:00,2.242
6/14/2022 12:00,2.264
6/14/2022 13:00,2.476
6/14/2022 14:00,2.585
6/14/2022 15:00,2.614
6/14/2022 16:00,2.492
6/14/2022 17:00,2.187
6/14/2022 18:00,2.226
6/14/2022 19:00,2.292
6/14/2022 20:00,2.312
6/14/2022 21:00,2.135
6/14/2022 22:00,1.996
6/14/2022 23:00,1.836
6/15/2022 0:00,1.7
6/15/2022 1:00,1.685
6/15/2022 2:00,1.686
6/15/2022 3:00,1.762
6/15/2022 4:00,1.824
6/15/2022 5:00,1.889
6/15/2022 6:00,1.993
6/15/2022 7:00,1.92
6/15/2022 8:00,1.841
6/15/2022 9:00,1.894
6/15/2022 10:00,2.159
6/15/2022 11:00,2.284
6/15/2022 12:00,2.242
6/15/2022 13:00,2.32
6/15/2022 14:00,2.501
6/15/2022 15:00,2.618
6/15/2022 16:00,2.551
6/15/2022 17:00,2.508
6/15/2022 18:00,2.508
6/15/2022 19:00,2.479
6/15/2022 20:00,2.348
6/15/2022 21:00,2.231
6/15/2022 22:00,2.141
6/15/2022 23:00,1.932
6/16/2022 0:00,1.708
6/16/2022 1:00,1.594
6/16/2022 2:00,1.501
6/16/2022 3:00,1.478
6/16/2022 4:00,1.571
6/16/2022 5:00,1.695
6/16/2022 6:00,1.833
6/16/2022 7:00,1.933
6/16/2022 8:00,1.992
6/16/2022 9:00,1.889
6/16/2022 10:00,1.929
6/16/2022 11:00,2.072
6/16/2022 12:00,2.294
6/16/2022 13:00,2.578
6/16/2022 14:00,2.598
6/16/2022 15:00,2.501
6/16/2022 16:00,2.581
6/16/2022 17:00,2.733
6/16/2022 18:00,2.789
6/16/2022 19:00,2.872
6/16/2022 20:00,2.93
6/16/2022 21:00,2.877
6/16/2022 22:00,2.716
6/16/2022 23:00,2.366
6/17/2022 0:00,2.255
6/17/2022 1:00,2.353
6/17/2022 2:00,2.42
6/17/2022 3:00,2.518
6/17/2022 4:00,2.622
6/17/2022 5:00,2.535
6/17/2022 6:00,2.439
6/17/2022 7:00,2.436
6/17/2022 8:00,2.444
6/17/2022 9:00,2.433
6/17/2022 10:00,2.527
6/17/2022 11:00,2.669
6/17/2022 12:00,3.127
6/17/2022 13:00,3.524
6/17/2022 14:00,3.761
6/17/2022 15:00,3.886
6/17/2022 16:00,3.936
6/17/2022 17:00,3.925
6/17/2022 18:00,3.929
6/17/2022 19:00,3.97
6/17/2022 20:00,3.936
6/17/2022 21:00,3.869
6/17/2022 22:00,3.753
6/17/2022 23:00,3.631
6/18/2022 0:00,3.547
6/18/2022 1:00,3.517
6/18/2022 2:00,3.412
6/18/2022 3:00,3.366
6/18/2022 4:00,3.415
6/18/2022 5:00,3.376
6/18/2022 6:00,3.271
6/18/2022 7:00,3.13
6/18/2022 8:00,3.049
6/18/2022 9:00,3.045
6/18/2022 10:00,3.142
6/18/2022 11:00,3.364
6/18/2022 12:00,3.574
6/18/2022 13:00,3.689
6/18/2022 14:00,3.743
6/18/2022 15:00,3.769
6/18/2022 16:00,3.81
6/18/2022 17:00,3.81
6/18/2022 18:00,3.837
6/18/2022 19:00,3.838
6/18/2022 20:00,3.746
6/18/2022 21:00,3.618
6/18/2022 22:00,3.476
6/18/2022 23:00,3.185
6/19/2022 0:00,2.779
6/19/2022 1:00,2.589
6/19/2022 2:00,2.47
6/19/2022 3:00,2.387
6/19/2022 4:00,2.272
6/19/2022 5:00,2.202
6/19/2022 6:00,2.103
6/19/2022 7:00,2.062
6/19/2022 8:00,2.003
6/19/2022 9:00,1.961
6/19/2022 10:00,2.12
6/19/2022 11:00,2.35
6/19/2022 12:00,2.459
6/19/2022 13:00,2.385
6/19/2022 14:00,2.3
6/19/2022 15:00,2.387
6/19/2022 16:00,2.448
6/19/2022 17:00,2.488
6/19/2022 18:00,2.491
6/19/2022 19:00,2.429
6/19/2022 20:00,2.413
6/19/2022 21:00,2.309
6/19/2022 22:00,2.031
6/19/2022 23:00,1.709
6/20/2022 0:00,1.608
6/20/2022 1:00,1.749
6/20/2022 2:00,2.028
6/20/2022 3:00,2.012
6/20/2022 4:00,1.762
6/20/2022 5:00,1.58
6/20/2022 6:00,1.482
6/20/2022 7:00,1.464
6/20/2022 8:00,1.53
6/20/2022 9:00,1.522
6/20/2022 10:00,1.512
6/20/2022 11:00,1.529
6/20/2022 12:00,1.511
6/20/2022 13:00,1.614
6/20/2022 14:00,1.786
6/20/2022 15:00,1.962
6/20/2022 16:00,1.981
6/20/2022 17:00,1.93
6/20/2022 18:00,2.036
6/20/2022 19:00,2.078
6/20/2022 20:00,1.984
6/20/2022 21:00,1.989
6/20/2022 22:00,2.014
6/20/2022 23:00,1.936
6/21/2022 0:00,1.89
6/21/2022 1:00,1.78
6/21/2022 2:00,1.664
6/21/2022 3:00,1.627
6/21/2022 4:00,1.637
6/21/2022 5:00,1.418
6/21/2022 6:00,1.196
6/21/2022 7:00,1.28
6/21/2022 8:00,1.33
6/21/2022 9:00,1.279
6/21/2022 10:00,1.41
6/21/2022 11:00,1.581
6/21/2022 12:00,1.592
6/21/2022 13:00,1.693
6/21/2022 14:00,1.749
6/21/2022 15:00,1.661
6/21/2022 16:00,1.805
6/21/2022 17:00,2.071
6/21/2022 18:00,2.29
6/21/2022 19:00,2.411
6/21/2022 20:00,2.43
6/21/2022 21:00,2.414
6/21/2022 22:00,2.28
6/21/2022 23:00,1.855
6/22/2022 0:00,1.477
6/22/2022 1:00,1.415
6/22/2022 2:00,1.35
6/22/2022 3:00,1.376
6/22/2022 4:00,1.415
6/22/2022 5:00,1.361
6/22/2022 6:00,1.333
6/22/2022 7:00,1.369
6/22/2022 8:00,1.368
6/22/2022 9:00,1.407
6/22/2022 10:00,1.552
6/22/2022 11:00,1.668
6/22/2022 12:00,1.846
6/22/2022 13:00,1.937
6/22/2022 14:00,2.013
6/22/2022 15:00,2.069
6/22/2022 16:00,2.189
6/22/2022 17:00,2.394
6/22/2022 18:00,2.599
6/22/2022 19:00,2.771
6/22/2022 20:00,2.869
6/22/2022 21:00,2.866
6/22/2022 22:00,2.78
6/22/2022 23:00,2.618
6/23/2022 0:00,2.385
6/23/2022 1:00,2.209
6/23/2022 2:00,2.211
6/23/2022 3:00,2.243
6/23/2022 4:00,2.254
6/23/2022 5:00,2.181
6/23/2022 6:00,2.113
6/23/2022 7:00,2.077
6/23/2022 8:00,2.053
6/23/2022 9:00,2.111
6/23/2022 10:00,2.175
6/23/2022 11:00,2.104
6/23/2022 12:00,2.155
6/23/2022 13:00,2.047
6/23/2022 14:00,1.957
6/23/2022 15:00,1.881
6/23/2022 16:00,1.817
6/23/2022 17:00,1.798
6/23/2022 18:00,1.791
6/23/2022 19:00,1.836
6/23/2022 20:00,1.9
6/23/2022 21:00,1.948
6/23/2022 22:00,1.987
6/23/2022 23:00,1.936
6/24/2022 0:00,1.738
6/24/2022 1:00,1.676
6/24/2022 2:00,1.646
6/24/2022 3:00,1.625
6/24/2022 4:00,1.646
6/24/2022 5:00,1.601
6/24/2022 6:00,1.59
6/24/2022 7:00,1.629
6/24/2022 8:00,1.675
6/24/2022 9:00,1.652
6/24/2022 10:00,1.558
6/24/2022 11:00,1.659
6/24/2022 12:00,1.593
6/24/2022 13:00,1.453
6/24/2022 14:00,1.346
6/24/2022 15:00,1.465
6/24/2022 16:00,1.581
6/24/2022 17:00,1.701
6/24/2022 18:00,1.754
6/24/2022 19:00,1.731
6/24/2022 20:00,1.686
6/24/2022 21:00,1.644
6/24/2022 22:00,1.596
6/24/2022 23:00,1.546
6/25/2022 0:00,1.524
6/25/2022 1:00,1.528
6/25/2022 2:00,1.493
6/25/2022 3:00,1.483
6/25/2022 4:00,1.525
6/25/2022 5:00,1.575
6/25/2022 6:00,1.521
6/25/2022 7:00,1.427
6/25/2022 8:00,1.359
6/25/2022 9:00,1.301
6/25/2022 10:00,1.366
6/25/2022 11:00,1.414
6/25/2022 12:00,1.417
6/25/2022 13:00,1.474
6/25/2022 14:00,1.617
6/25/2022 15:00,1.77
6/25/2022 16:00,1.784
6/25/2022 17:00,1.738
6/25/2022 18:00,1.695
6/25/2022 19:00,1.728
6/25/2022 20:00,1.737
6/25/2022 21:00,1.72
6/25/2022 22:00,1.663
6/25/2022 23:00,1.541
6/26/2022 0:00,1.398
6/26/2022 1:00,1.43
6/26/2022 2:00,1.427
6/26/2022 3:00,1.48
6/26/2022 4:00,1.494
6/26/2022 5:00,1.472
6/26/2022 6:00,1.437
6/26/2022 7:00,1.405
6/26/2022 8:00,1.386
6/26/2022 9:00,1.37
6/26/2022 10:00,1.549
6/26/2022 11:00,1.687
6/26/2022 12:00,1.806
6/26/2022 13:00,2.053
6/26/2022 14:00,2.148
6/26/2022 15:00,2.212
6/26/2022 16:00,2.288
6/26/2022 17:00,2.378
6/26/2022 18:00,2.472
6/26/2022 19:00,2.52
6/26/2022 20:00,2.483
6/26/2022 21:00,2.427
6/26/2022 22:00,2.315
6/26/2022 23:00,2.088
6/27/2022 0:00,1.924
6/27/2022 1:00,1.897
6/27/2022 2:00,1.943
6/27/2022 3:00,1.925
6/27/2022 4:00,1.94
6/27/2022 5:00,1.91
6/27/2022 6:00,1.814
6/27/2022 7:00,1.754
6/27/2022 8:00,1.868
6/27/2022 9:00,2.016
6/27/2022 10:00,2.209
6/27/2022 11:00,2.375
6/27/2022 12:00,2.648
6/27/2022 13:00,2.798
6/27/2022 14:00,2.875
6/27/2022 15:00,2.973
6/27/2022 16:00,3.118
6/27/2022 17:00,3.2
6/27/2022 18:00,3.212
6/27/2022 19:00,3.177
6/27/2022 20:00,3.112
6/27/2022 21:00,2.988
6/27/2022 22:00,2.783
6/27/2022 23:00,2.518
6/28/2022 0:00,2.194
6/28/2022 1:00,1.954
6/28/2022 2:00,1.846
6/28/2022 3:00,1.795
6/28/2022 4:00,1.792
6/28/2022 5:00,1.777
6/28/2022 6:00,1.718
6/28/2022 7:00,1.642
6/28/2022 8:00,1.55
6/28/2022 9:00,1.484
6/28/2022 10:00,1.645
6/28/2022 11:00,1.626
6/28/2022 12:00,1.622
6/28/2022 13:00,1.466
6/28/2022 14:00,1.501
6/28/2022 15:00,1.625
6/28/2022 16:00,1.727
6/28/2022 17:00,1.811
6/28/2022 18:00,1.91
6/28/2022 19:00,1.984
6/28/2022 20:00,2.035
6/28/2022 21:00,2.018
6/28/2022 22:00,1.967
6/28/2022 23:00,1.824
6/29/2022 0:00,1.719
6/29/2022 1:00,1.79
6/29/2022 2:00,1.847
6/29/2022 3:00,1.84
6/29/2022 4:00,1.838
6/29/2022 5:00,1.83
6/29/2022 6:00,1.728
6/29/2022 7:00,1.594
6/29/2022 8:00,1.477
6/29/2022 9:00,1.376
6/29/2022 10:00,1.466
6/29/2022 11:00,1.533
6/29/2022 12:00,1.566
6/29/2022 13:00,1.63
6/29/2022 14:00,1.679
6/29/2022 15:00,1.735
6/29/2022 16:00,1.859
6/29/2022 17:00,1.978
6/29/2022 18:00,2.046
6/29/2022 19:00,2.074
6/29/2022 20:00,2.163
6/29/2022 21:00,2.193
6/29/2022 22:00,2.087
6/29/2022 23:00,1.836
6/30/2022 0:00,1.409
6/30/2022 1:00,1.261
6/30/2022 2:00,1.215
6/30/2022 3:00,1.212
6/30/2022 4:00,1.237
6/30/2022 5:00,1.212
6/30/2022 6:00,1.184
6/30/2022 7:00,1.184
6/30/2022 8:00,1.178
6/30/2022 9:00,1.198
6/30/2022 10:00,1.314
6/30/2022 11:00,1.506
6/30/2022 12:00,1.615
6/30/2022 13:00,1.767
6/30/2022 14:00,1.817
6/30/2022 15:00,1.963
6/30/2022 16:00,2.046
6/30/2022 17:00,2.181
6/30/2022 18:00,2.309
6/30/2022 19:00,2.371
6/30/2022 20:00,2.37
6/30/2022 21:00,2.366
6/30/2022 22:00,2.295
6/30/2022 23:00,2.034
7/1/2022 0:00,1.764
7/1/2022 1:00,1.652
7/1/2022 2:00,1.6
7/1/2022 3:00,1.653
7/1/2022 4:00,1.838
7/1/2022 5:00,1.947
7/1/2022 6:00,1.977
7/1/2022 7:00,1.925
7/1/2022 8:00,1.989
7/1/2022 9:00,2.031
7/1/2022 10:00,2.066
7/1/2022 11:00,2.054
7/1/2022 12:00,2.128
7/1/2022 13:00,2.28
7/1/2022 14:00,2.027
7/1/2022 15:00,2.083
7/1/2022 16:00,2.22
7/1/2022 17:00,2.205
7/1/2022 18:00,2.283
7/1/2022 19:00,2.425
7/1/2022 20:00,2.294
7/1/2022 21:00,2.147
7/1/2022 22:00,1.997
7/1/2022 23:00,1.832
7/2/2022 0:00,1.823
7/2/2022 1:00,1.825
7/2/2022 2:00,1.794
7/2/2022 3:00,1.692
7/2/2022 4:00,1.634
7/2/2022 5:00,1.707
7/2/2022 6:00,1.728
7/2/2022 7:00,1.625
7/2/2022 8:00,1.545
7/2/2022 9:00,1.501
7/2/2022 10:00,1.587
7/2/2022 11:00,1.709
7/2/2022 12:00,1.609
7/2/2022 13:00,1.646
7/2/2022 14:00,1.856
7/2/2022 15:00,2.074
7/2/2022 16:00,2.259
7/2/2022 17:00,2.397
7/2/2022 18:00,2.481
7/2/2022 19:00,2.508
7/2/2022 20:00,2.477
7/2/2022 21:00,2.401
7/2/2022 22:00,2.26
7/2/2022 23:00,1.985
7/3/2022 0:00,1.569
7/3/2022 1:00,1.458
7/3/2022 2:00,1.495
7/3/2022 3:00,1.545
7/3/2022 4:00,1.601
7/3/2022 5:00,1.628
7/3/2022 6:00,1.599
7/3/2022 7:00,1.599
7/3/2022 8:00,1.588
7/3/2022 9:00,1.527
7/3/2022 10:00,1.692
7/3/2022 11:00,1.717
7/3/2022 12:00,1.728
7/3/2022 13:00,1.693
7/3/2022 14:00,1.783
7/3/2022 15:00,1.893
7/3/2022 16:00,2.001
7/3/2022 17:00,2.128
7/3/2022 18:00,2.261
7/3/2022 19:00,2.321
7/3/2022 20:00,2.28
7/3/2022 21:00,2.182
7/3/2022 22:00,1.991
7/3/2022 23:00,1.677
7/4/2022 0:00,1.219
7/4/2022 1:00,1.101
7/4/2022 2:00,1.049
7/4/2022 3:00,1.02
7/4/2022 4:00,0.979
7/4/2022 5:00,0.935
7/4/2022 6:00,0.926
7/4/2022 7:00,0.935
7/4/2022 8:00,0.925
7/4/2022 9:00,0.924
7/4/2022 10:00,0.873
7/4/2022 11:00,0.974
7/4/2022 12:00,1.13
7/4/2022 13:00,1.368
7/4/2022 14:00,1.511
7/4/2022 15:00,1.648
7/4/2022 16:00,1.819
7/4/2022 17:00,1.942
7/4/2022 18:00,1.982
7/4/2022 19:00,1.929
7/4/2022 20:00,1.817
7/4/2022 21:00,1.651
7/4/2022 22:00,1.469
7/4/2022 23:00,1.382
7/5/2022 0:00,1.331
7/5/2022 1:00,1.301
7/5/2022 2:00,1.292
7/5/2022 3:00,1.24
7/5/2022 4:00,1.242
7/5/2022 5:00,1.31
7/5/2022 6:00,1.338
7/5/2022 7:00,1.381
7/5/2022 8:00,1.453
7/5/2022 9:00,1.517
7/5/2022 10:00,1.573
7/5/2022 11:00,1.671
7/5/2022 12:00,1.973
7/5/2022 13:00,2.169
7/5/2022 14:00,2.297
7/5/2022 15:00,2.284
7/5/2022 16:00,2.214
7/5/2022 17:00,2.193
7/5/2022 18:00,2.218
7/5/2022 19:00,2.319
7/5/2022 20:00,2.473
7/5/2022 21:00,2.531
7/5/2022 22:00,2.453
7/5/2022 23:00,2.241
7/6/2022 0:00,1.935
7/6/2022 1:00,1.729
7/6/2022 2:00,1.603
7/6/2022 3:00,1.511
7/6/2022 4:00,1.444
7/6/2022 5:00,1.429
7/6/2022 6:00,1.381
7/6/2022 7:00,1.589
7/6/2022 8:00,1.808
7/6/2022 9:00,1.799
7/6/2022 10:00,1.81
7/6/2022 11:00,1.885
7/6/2022 12:00,2.049
7/6/2022 13:00,2.044
7/6/2022 14:00,1.848
7/6/2022 15:00,1.634
7/6/2022 16:00,1.587
7/6/2022 17:00,1.538
7/6/2022 18:00,1.477
7/6/2022 19:00,1.456
7/6/2022 20:00,1.465
7/6/2022 21:00,1.464
7/6/2022 22:00,1.459
7/6/2022 23:00,1.419
7/7/2022 0:00,1.279
7/7/2022 1:00,1.262
7/7/2022 2:00,1.297
7/7/2022 3:00,1.351
7/7/2022 4:00,1.435
7/7/2022 5:00,1.492
7/7/2022 6:00,1.506
7/7/2022 7:00,1.487
7/7/2022 8:00,1.439
7/7/2022 9:00,1.345
7/7/2022 10:00,1.377
7/7/2022 11:00,1.288
7/7/2022 12:00,1.148
7/7/2022 13:00,1.133
7/7/2022 14:00,1.171
7/7/2022 15:00,1.282
7/7/2022 16:00,1.409
7/7/2022 17:00,1.551
7/7/2022 18:00,1.676
7/7/2022 19:00,1.753
7/7/2022 20:00,1.772
7/7/2022 21:00,1.723
7/7/2022 22:00,1.626
7/7/2022 23:00,1.458
7/8/2022 0:00,1.156
7/8/2022 1:00,1.018
7/8/2022 2:00,1.027
7/8/2022 3:00,1.091
7/8/2022 4:00,1.104
7/8/2022 5:00,1.077
7/8/2022 6:00,1.088
7/8/2022 7:00,1.138
7/8/2022 8:00,1.171
7/8/2022 9:00,1.228
7/8/2022 10:00,1.446
7/8/2022 11:00,1.561
7/8/2022 12:00,1.597
7/8/2022 13:00,1.556
7/8/2022 14:00,1.595
7/8/2022 15:00,1.745
7/8/2022 16:00,1.831
7/8/2022 17:00,1.892
7/8/2022 18:00,1.998
7/8/2022 19:00,2.092
7/8/2022 20:00,2.14
7/8/2022 21:00,2.139
7/8/2022 22:00,2.112
7/8/2022 23:00,1.958
7/9/2022 0:00,1.693
7/9/2022 1:00,1.628
7/9/2022 2:00,1.662
7/9/2022 3:00,1.814
7/9/2022 4:00,1.989
7/9/2022 5:00,2.02
7/9/2022 6:00,2.009
7/9/2022 7:00,1.996
7/9/2022 8:00,1.949
7/9/2022 9:00,1.866
7/9/2022 10:00,2.001
7/9/2022 11:00,2.195
7/9/2022 12:00,2.273
7/9/2022 13:00,2.099
7/9/2022 14:00,1.931
7/9/2022 15:00,1.927
7/9/2022 16:00,1.957
7/9/2022 17:00,1.969
7/9/2022 18:00,1.955
7/9/2022 19:00,1.932
7/9/2022 20:00,1.942
7/9/2022 21:00,1.962
7/9/2022 22:00,1.907
7/9/2022 23:00,1.677
7/10/2022 0:00,1.358
7/10/2022 1:00,1.314
7/10/2022 2:00,1.329
7/10/2022 3:00,1.42
7/10/2022 4:00,1.494
7/10/2022 5:00,1.524
7/10/2022 6:00,1.502
7/10/2022 7:00,1.486
7/10/2022 8:00,1.482
7/10/2022 9:00,1.458
7/10/2022 10:00,1.452
7/10/2022 11:00,1.528
7/10/2022 12:00,1.406
7/10/2022 13:00,1.406
7/10/2022 14:00,1.525
7/10/2022 15:00,1.686
7/10/2022 16:00,1.749
7/10/2022 17:00,1.869
7/10/2022 18:00,1.969
7/10/2022 19:00,1.982
7/10/2022 20:00,1.916
7/10/2022 21:00,1.811
7/10/2022 22:00,1.715
7/10/2022 23:00,1.539
7/11/2022 0:00,1.403
7/11/2022 1:00,1.399
7/11/2022 2:00,1.374
7/11/2022 3:00,1.438
7/11/2022 4:00,1.436
7/11/2022 5:00,1.438
7/11/2022 6:00,1.447
7/11/2022 7:00,1.475
7/11/2022 8:00,1.5
7/11/2022 9:00,1.52
7/11/2022 10:00,1.658
7/11/2022 11:00,2.01
7/11/2022 12:00,2.216
7/11/2022 13:00,2.5
7/11/2022 14:00,2.626
7/11/2022 15:00,2.824
7/11/2022 16:00,3.032
7/11/2022 17:00,3.149
7/11/2022 18:00,3.182
7/11/2022 19:00,3.28
7/11/2022 20:00,3.338
7/11/2022 21:00,3.272
7/11/2022 22:00,3.082
7/11/2022 23:00,2.768
7/12/2022 0:00,2.562
7/12/2022 1:00,2.511
7/12/2022 2:00,2.1
7/12/2022 3:00,2.11
7/12/2022 4:00,2.349
7/12/2022 5:00,2.454
7/12/2022 6:00,2.28
7/12/2022 7:00,2.189
7/12/2022 8:00,2.224
7/12/2022 9:00,2.197
7/12/2022 10:00,2.119
7/12/2022 11:00,2.236
7/12/2022 12:00,2.471
7/12/2022 13:00,2.623
7/12/2022 14:00,2.827
7/12/2022 15:00,2.993
7/12/2022 16:00,3.133
7/12/2022 17:00,3.159
7/12/2022 18:00,3.094
7/12/2022 19:00,2.979
7/12/2022 20:00,2.875
7/12/2022 21:00,2.739
7/12/2022 22:00,2.586
7/12/2022 23:00,2.341
7/13/2022 0:00,1.927
7/13/2022 1:00,1.679
7/13/2022 2:00,1.626
7/13/2022 3:00,1.58
7/13/2022 4:00,1.571
7/13/2022 5:00,1.556
7/13/2022 6:00,1.516
7/13/2022 7:00,1.472
7/13/2022 8:00,1.465
7/13/2022 9:00,1.532
7/13/2022 10:00,1.743
7/13/2022 11:00,1.73
7/13/2022 12:00,1.633
7/13/2022 13:00,1.652
7/13/2022 14:00,1.784
7/13/2022 15:00,1.841
7/13/2022 16:00,1.821
7/13/2022 17:00,1.823
7/13/2022 18:00,1.833
7/13/2022 19:00,1.854
7/13/2022 20:00,1.874
7/13/2022 21:00,1.859
7/13/2022 22:00,1.77
7/13/2022 23:00,1.572
7/14/2022 0:00,1.363
7/14/2022 1:00,1.259
7/14/2022 2:00,1.154
7/14/2022 3:00,1.12
7/14/2022 4:00,1.122
7/14/2022 5:00,1.148
7/14/2022 6:00,1.188
7/14/2022 7:00,1.247
7/14/2022 8:00,1.272
7/14/2022 9:00,1.268
7/14/2022 10:00,1.384
7/14/2022 11:00,1.534
7/14/2022 12:00,1.48
7/14/2022 13:00,1.427
7/14/2022 14:00,1.372
7/14/2022 15:00,1.429
7/14/2022 16:00,1.454
7/14/2022 17:00,1.461
7/14/2022 18:00,1.481
7/14/2022 19:00,1.534
7/14/2022 20:00,1.579
7/14/2022 21:00,1.553
7/14/2022 22:00,1.472
7/14/2022 23:00,1.305
7/15/2022 0:00,1.146
7/15/2022 1:00,1.216
7/15/2022 2:00,1.342
7/15/2022 3:00,1.451
7/15/2022 4:00,1.434
7/15/2022 5:00,1.358
7/15/2022 6:00,1.278
7/15/2022 7:00,1.241
7/15/2022 8:00,1.196
7/15/2022 9:00,1.164
7/15/2022 10:00,1.222
7/15/2022 11:00,1.279
7/15/2022 12:00,1.065
7/15/2022 13:00,1.018
7/15/2022 14:00,1.049
7/15/2022 15:00,1.166
7/15/2022 16:00,1.307
7/15/2022 17:00,1.418
7/15/2022 18:00,1.489
7/15/2022 19:00,1.501
7/15/2022 20:00,1.472
7/15/2022 21:00,1.402
7/15/2022 22:00,1.308
7/15/2022 23:00,1.115
7/16/2022 0:00,1.052
7/16/2022 1:00,1.015
7/16/2022 2:00,0.934
7/16/2022 3:00,0.97
7/16/2022 4:00,1.025
7/16/2022 5:00,1.024
7/16/2022 6:00,0.994
7/16/2022 7:00,0.975
7/16/2022 8:00,0.998
7/16/2022 9:00,1.019
7/16/2022 10:00,0.991
7/16/2022 11:00,1.116
7/16/2022 12:00,1.205
7/16/2022 13:00,1.445
7/16/2022 14:00,1.625
7/16/2022 15:00,1.78
7/16/2022 16:00,1.848
7/16/2022 17:00,1.869
7/16/2022 18:00,1.882
7/16/2022 19:00,1.85
7/16/2022 20:00,1.756
7/16/2022 21:00,1.655
7/16/2022 22:00,1.536
7/16/2022 23:00,1.306
7/17/2022 0:00,1.155
7/17/2022 1:00,1.107
7/17/2022 2:00,1.029
7/17/2022 3:00,1.01
7/17/2022 4:00,1.045
7/17/2022 5:00,1.073
7/17/2022 6:00,1.062
7/17/2022 7:00,1.037
7/17/2022 8:00,1.013
7/17/2022 9:00,1
7/17/2022 10:00,1.036
7/17/2022 11:00,1.159
7/17/2022 12:00,1.337
7/17/2022 13:00,1.52
7/17/2022 14:00,1.674
7/17/2022 15:00,1.788
7/17/2022 16:00,1.808
7/17/2022 17:00,1.773
7/17/2022 18:00,1.769
7/17/2022 19:00,1.783
7/17/2022 20:00,1.712
7/17/2022 21:00,1.601
7/17/2022 22:00,1.521
7/17/2022 23:00,1.381
7/18/2022 0:00,1.333
7/18/2022 1:00,1.347
7/18/2022 2:00,1.272
7/18/2022 3:00,1.249
7/18/2022 4:00,1.32
7/18/2022 5:00,1.417
7/18/2022 6:00,1.588
7/18/2022 7:00,1.799
7/18/2022 8:00,1.93
7/18/2022 9:00,1.922
7/18/2022 10:00,1.872
7/18/2022 11:00,1.9
7/18/2022 12:00,1.973
7/18/2022 13:00,2.062
7/18/2022 14:00,2.088
7/18/2022 15:00,2.119
7/18/2022 16:00,2.077
7/18/2022 17:00,2.058
7/18/2022 18:00,2.193
7/18/2022 19:00,2.439
7/18/2022 20:00,2.562
7/18/2022 21:00,2.448
7/18/2022 22:00,2.18
7/18/2022 23:00,1.767
7/19/2022 0:00,1.335
7/19/2022 1:00,1.247
7/19/2022 2:00,1.268
7/19/2022 3:00,1.451
7/19/2022 4:00,1.788
7/19/2022 5:00,2.044
7/19/2022 6:00,2.145
7/19/2022 7:00,2.117
7/19/2022 8:00,2.079
7/19/2022 9:00,2.031
7/19/2022 10:00,2.136
7/19/2022 11:00,2.235
7/19/2022 12:00,2.357
7/19/2022 13:00,2.585
7/19/2022 14:00,2.717
7/19/2022 15:00,2.797
7/19/2022 16:00,2.818
7/19/2022 17:00,2.848
7/19/2022 18:00,2.968
7/19/2022 19:00,3.025
7/19/2022 20:00,2.998
7/19/2022 21:00,2.815
7/19/2022 22:00,2.51
7/19/2022 23:00,2.136
7/20/2022 0:00,1.847
7/20/2022 1:00,1.768
7/20/2022 2:00,1.748
7/20/2022 3:00,1.808
7/20/2022 4:00,1.87
7/20/2022 5:00,1.742
7/20/2022 6:00,1.539
7/20/2022 7:00,1.456
7/20/2022 8:00,1.487
7/20/2022 9:00,1.505
7/20/2022 10:00,1.688
7/20/2022 11:00,1.764
7/20/2022 12:00,1.894
7/20/2022 13:00,2.113
7/20/2022 14:00,2.278
7/20/2022 15:00,2.501
7/20/2022 16:00,2.765
7/20/2022 17:00,3.016
7/20/2022 18:00,3.171
7/20/2022 19:00,3.264
7/20/2022 20:00,3.317
7/20/2022 21:00,3.265
7/20/2022 22:00,3.081
7/20/2022 23:00,2.696
7/21/2022 0:00,2.585
7/21/2022 1:00,2.573
7/21/2022 2:00,2.392
7/21/2022 3:00,2.297
7/21/2022 4:00,2.284
7/21/2022 5:00,2.034
7/21/2022 6:00,1.944
7/21/2022 7:00,1.872
7/21/2022 8:00,1.91
7/21/2022 9:00,2.038
7/21/2022 10:00,2.293
7/21/2022 11:00,2.481
7/21/2022 12:00,2.805
7/21/2022 13:00,3.032
7/21/2022 14:00,3.118
7/21/2022 15:00,3.282
7/21/2022 16:00,3.41
7/21/2022 17:00,3.465
7/21/2022 18:00,3.463
7/21/2022 19:00,3.422
7/21/2022 20:00,3.334
7/21/2022 21:00,3.197
7/21/2022 22:00,2.983
7/21/2022 23:00,2.563
7/22/2022 0:00,1.999
7/22/2022 1:00,1.827
7/22/2022 2:00,1.778
7/22/2022 3:00,1.786
7/22/2022 4:00,1.863
7/22/2022 5:00,1.836
7/22/2022 6:00,1.747
7/22/2022 7:00,1.591
7/22/2022 8:00,1.466
7/22/2022 9:00,1.414
7/22/2022 10:00,1.394
7/22/2022 11:00,1.508
7/22/2022 12:00,1.58
7/22/2022 13:00,1.662
7/22/2022 14:00,1.754
7/22/2022 15:00,1.951
7/22/2022 16:00,2.193
7/22/2022 17:00,2.346
7/22/2022 18:00,2.423
7/22/2022 19:00,2.478
7/22/2022 20:00,2.449
7/22/2022 21:00,2.323
7/22/2022 22:00,2.132
7/22/2022 23:00,1.737
7/23/2022 0:00,1.437
7/23/2022 1:00,1.496
7/23/2022 2:00,1.573
7/23/2022 3:00,1.639
7/23/2022 4:00,1.704
7/23/2022 5:00,1.789
7/23/2022 6:00,1.81
7/23/2022 7:00,1.749
7/23/2022 8:00,1.648
7/23/2022 9:00,1.579
7/23/2022 10:00,1.783
7/23/2022 11:00,1.92
7/23/2022 12:00,2.009
7/23/2022 13:00,2.281
7/23/2022 14:00,2.434
7/23/2022 15:00,2.55
7/23/2022 16:00,2.658
7/23/2022 17:00,2.706
7/23/2022 18:00,2.676
7/23/2022 19:00,2.615
7/23/2022 20:00,2.549
7/23/2022 21:00,2.568
7/23/2022 22:00,2.508
7/23/2022 23:00,2.101
7/24/2022 0:00,1.803
7/24/2022 1:00,1.735
7/24/2022 2:00,1.664
7/24/2022 3:00,1.664
7/24/2022 4:00,1.741
7/24/2022 5:00,1.807
7/24/2022 6:00,1.845
7/24/2022 7:00,1.835
7/24/2022 8:00,1.767
7/24/2022 9:00,1.627
7/24/2022 10:00,1.707
7/24/2022 11:00,1.898
7/24/2022 12:00,2.195
7/24/2022 13:00,2.525
7/24/2022 14:00,2.752
7/24/2022 15:00,3.017
7/24/2022 16:00,3.291
7/24/2022 17:00,3.59
7/24/2022 18:00,3.704
7/24/2022 19:00,3.38
7/24/2022 20:00,3.131
7/24/2022 21:00,3.044
7/24/2022 22:00,2.83
7/24/2022 23:00,2.55
7/25/2022 0:00,2.492
7/25/2022 1:00,2.355
7/25/2022 2:00,2.236
7/25/2022 3:00,2.039
7/25/2022 4:00,1.865
7/25/2022 5:00,1.792
7/25/2022 6:00,1.819
7/25/2022 7:00,1.95
7/25/2022 8:00,2.132
7/25/2022 9:00,2.301
7/25/2022 10:00,2.365
7/25/2022 11:00,2.54
7/25/2022 12:00,2.813
7/25/2022 13:00,2.974
7/25/2022 14:00,3.118
7/25/2022 15:00,3.294
7/25/2022 16:00,3.362
7/25/2022 17:00,3.312
7/25/2022 18:00,3.193
7/25/2022 19:00,3.061
7/25/2022 20:00,2.948
7/25/2022 21:00,2.833
7/25/2022 22:00,2.678
7/25/2022 23:00,2.411
7/26/2022 0:00,1.901
7/26/2022 1:00,1.653
7/26/2022 2:00,1.467
7/26/2022 3:00,1.385
7/26/2022 4:00,1.38
7/26/2022 5:00,1.411
7/26/2022 6:00,1.433
7/26/2022 7:00,1.462
7/26/2022 8:00,1.464
7/26/2022 9:00,1.439
7/26/2022 10:00,1.526
7/26/2022 11:00,1.627
7/26/2022 12:00,1.645
7/26/2022 13:00,1.648
7/26/2022 14:00,1.724
7/26/2022 15:00,1.85
7/26/2022 16:00,1.969
7/26/2022 17:00,2.049
7/26/2022 18:00,2.09
7/26/2022 19:00,2.103
7/26/2022 20:00,2.031
7/26/2022 21:00,1.941
7/26/2022 22:00,1.785
7/26/2022 23:00,1.479
7/27/2022 0:00,1.234
7/27/2022 1:00,1.146
7/27/2022 2:00,1.069
7/27/2022 3:00,1.133
7/27/2022 4:00,1.193
7/27/2022 5:00,1.172
7/27/2022 6:00,1.133
7/27/2022 7:00,1.109
7/27/2022 8:00,1.087
7/27/2022 9:00,1.054
7/27/2022 10:00,1.099
7/27/2022 11:00,1.198
7/27/2022 12:00,1.288
7/27/2022 13:00,1.417
7/27/2022 14:00,1.489
7/27/2022 15:00,1.621
7/27/2022 16:00,1.718
7/27/2022 17:00,1.775
7/27/2022 18:00,1.866
7/27/2022 19:00,1.971
7/27/2022 20:00,1.987
7/27/2022 21:00,1.874
7/27/2022 22:00,1.728
7/27/2022 23:00,1.507
7/28/2022 0:00,1.299
7/28/2022 1:00,1.226
7/28/2022 2:00,1.169
7/28/2022 3:00,1.214
7/28/2022 4:00,1.255
7/28/2022 5:00,1.296
7/28/2022 6:00,1.348
7/28/2022 7:00,1.334
7/28/2022 8:00,1.283
7/28/2022 9:00,1.201
7/28/2022 10:00,1.199
7/28/2022 11:00,1.345
7/28/2022 12:00,1.484
7/28/2022 13:00,1.789
7/28/2022 14:00,2.052
7/28/2022 15:00,2.291
7/28/2022 16:00,2.449
7/28/2022 17:00,2.557
7/28/2022 18:00,2.646
7/28/2022 19:00,2.773
7/28/2022 20:00,2.869
7/28/2022 21:00,2.822
7/28/2022 22:00,2.636
7/28/2022 23:00,2.345
7/29/2022 0:00,1.936
7/29/2022 1:00,1.769
7/29/2022 2:00,1.769
7/29/2022 3:00,1.851
7/29/2022 4:00,1.885
7/29/2022 5:00,1.783
7/29/2022 6:00,1.556
7/29/2022 7:00,1.384
7/29/2022 8:00,1.293
7/29/2022 9:00,1.289
7/29/2022 10:00,1.516
7/29/2022 11:00,1.822
7/29/2022 12:00,2.074
7/29/2022 13:00,2.209
7/29/2022 14:00,2.267
7/29/2022 15:00,2.321
7/29/2022 16:00,2.377
7/29/2022 17:00,2.42
7/29/2022 18:00,2.453
7/29/2022 19:00,2.45
7/29/2022 20:00,2.368
7/29/2022 21:00,2.276
7/29/2022 22:00,2.157
7/29/2022 23:00,1.937
7/30/2022 0:00,1.623
7/30/2022 1:00,1.534
7/30/2022 2:00,1.579
7/30/2022 3:00,1.751
7/30/2022 4:00,1.871
7/30/2022 5:00,1.773
7/30/2022 6:00,1.629
7/30/2022 7:00,1.611
7/30/2022 8:00,1.688
7/30/2022 9:00,1.792
7/30/2022 10:00,1.993
7/30/2022 11:00,2.212
7/30/2022 12:00,2.291
7/30/2022 13:00,2.277
7/30/2022 14:00,2.222
7/30/2022 15:00,2.205
7/30/2022 16:00,2.213
7/30/2022 17:00,2.249
7/30/2022 18:00,2.272
7/30/2022 19:00,2.273
7/30/2022 20:00,2.252
7/30/2022 21:00,2.2
7/30/2022 22:00,2.082
7/30/2022 23:00,1.816
7/31/2022 0:00,1.349
7/31/2022 1:00,1.207
7/31/2022 2:00,1.097
7/31/2022 3:00,1.1
7/31/2022 4:00,1.075
7/31/2022 5:00,1.023
7/31/2022 6:00,1.074
7/31/2022 7:00,1.141
7/31/2022 8:00,1.168
7/31/2022 9:00,1.181
7/31/2022 10:00,1.253
7/31/2022 11:00,1.384
7/31/2022 12:00,1.507
7/31/2022 13:00,1.586
7/31/2022 14:00,1.589
7/31/2022 15:00,1.718
7/31/2022 16:00,1.868
7/31/2022 17:00,2.041
7/31/2022 18:00,2.225
7/31/2022 19:00,2.296
7/31/2022 20:00,2.221
7/31/2022 21:00,2.105
7/31/2022 22:00,1.94
7/31/2022 23:00,1.629
8/1/2022 0:00,1.332
8/1/2022 1:00,1.272
8/1/2022 2:00,1.231
8/1/2022 3:00,1.251
8/1/2022 4:00,1.276
8/1/2022 5:00,1.275
8/1/2022 6:00,1.285
8/1/2022 7:00,1.291
8/1/2022 8:00,1.336
8/1/2022 9:00,1.341
8/1/2022 10:00,1.455
8/1/2022 11:00,1.726
8/1/2022 12:00,1.98
8/1/2022 13:00,2.205
8/1/2022 14:00,2.386
8/1/2022 15:00,2.561
8/1/2022 16:00,2.695
8/1/2022 17:00,2.767
8/1/2022 18:00,2.806
8/1/2022 19:00,2.891
8/1/2022 20:00,2.986
8/1/2022 21:00,2.893
8/1/2022 22:00,2.577
8/1/2022 23:00,2.118
8/2/2022 0:00,1.967
8/2/2022 1:00,1.99
8/2/2022 2:00,2.026
8/2/2022 3:00,2.004
8/2/2022 4:00,2.146
8/2/2022 5:00,2.275
8/2/2022 6:00,2.407
8/2/2022 7:00,2.449
8/2/2022 8:00,2.33
8/2/2022 9:00,2.199
8/2/2022 10:00,2.244
8/2/2022 11:00,2.474
8/2/2022 12:00,2.531
8/2/2022 13:00,2.455
8/2/2022 14:00,2.462
8/2/2022 15:00,2.5
8/2/2022 16:00,2.54
8/2/2022 17:00,2.649
8/2/2022 18:00,2.75
8/2/2022 19:00,2.767
8/2/2022 20:00,2.71
8/2/2022 21:00,2.609
8/2/2022 22:00,2.444
8/2/2022 23:00,2.114
8/3/2022 0:00,1.66
8/3/2022 1:00,1.523
8/3/2022 2:00,1.357
8/3/2022 3:00,1.319
8/3/2022 4:00,1.382
8/3/2022 5:00,1.426
8/3/2022 6:00,1.424
8/3/2022 7:00,1.41
8/3/2022 8:00,1.382
8/3/2022 9:00,1.446
8/3/2022 10:00,1.559
8/3/2022 11:00,1.801
8/3/2022 12:00,2.173
8/3/2022 13:00,2.443
8/3/2022 14:00,2.597
8/3/2022 15:00,2.708
8/3/2022 16:00,2.847
8/3/2022 17:00,2.943
8/3/2022 18:00,2.966
8/3/2022 19:00,2.969
8/3/2022 20:00,2.919
8/3/2022 21:00,2.795
8/3/2022 22:00,2.542
8/3/2022 23:00,2.072
8/4/2022 0:00,1.771
8/4/2022 1:00,1.675
8/4/2022 2:00,1.668
8/4/2022 3:00,1.64
8/4/2022 4:00,1.649
8/4/2022 5:00,1.682
8/4/2022 6:00,1.672
8/4/2022 7:00,1.663
8/4/2022 8:00,1.702
8/4/2022 9:00,1.755
8/4/2022 10:00,1.847
8/4/2022 11:00,1.949
8/4/2022 12:00,2.098
8/4/2022 13:00,2.298
8/4/2022 14:00,2.437
8/4/2022 15:00,2.437
8/4/2022 16:00,2.298
8/4/2022 17:00,2.181
8/4/2022 18:00,2.369
8/4/2022 19:00,2.414
8/4/2022 20:00,2.356
8/4/2022 21:00,2.202
8/4/2022 22:00,1.977
8/4/2022 23:00,1.678
8/5/2022 0:00,1.567
8/5/2022 1:00,1.526
8/5/2022 2:00,1.446
8/5/2022 3:00,1.389
8/5/2022 4:00,1.369
8/5/2022 5:00,1.434
8/5/2022 6:00,1.518
8/5/2022 7:00,1.571
8/5/2022 8:00,1.78
8/5/2022 9:00,1.955
8/5/2022 10:00,2.061
8/5/2022 11:00,2.125
8/5/2022 12:00,2.11
8/5/2022 13:00,2.085
8/5/2022 14:00,1.972
8/5/2022 15:00,1.869
8/5/2022 16:00,1.814
8/5/2022 17:00,1.776
8/5/2022 18:00,1.745
8/5/2022 19:00,1.696
8/5/2022 20:00,1.638
8/5/2022 21:00,1.58
8/5/2022 22:00,1.558
8/5/2022 23:00,1.446
8/6/2022 0:00,1.362
8/6/2022 1:00,1.346
8/6/2022 2:00,1.272
8/6/2022 3:00,1.325
8/6/2022 4:00,1.327
8/6/2022 5:00,1.292
8/6/2022 6:00,1.274
8/6/2022 7:00,1.248
8/6/2022 8:00,1.258
8/6/2022 9:00,1.3
8/6/2022 10:00,1.409
8/6/2022 11:00,1.52
8/6/2022 12:00,1.565
8/6/2022 13:00,1.691
8/6/2022 14:00,1.73
8/6/2022 15:00,1.874
8/6/2022 16:00,2.018
8/6/2022 17:00,2.157
8/6/2022 18:00,2.219
8/6/2022 19:00,2.241
8/6/2022 20:00,2.248
8/6/2022 21:00,2.178
8/6/2022 22:00,2.019
8/6/2022 23:00,1.681
8/7/2022 0:00,1.381
8/7/2022 1:00,1.398
8/7/2022 2:00,1.463
8/7/2022 3:00,1.591
8/7/2022 4:00,1.653
8/7/2022 5:00,1.672
8/7/2022 6:00,1.701
8/7/2022 7:00,1.725
8/7/2022 8:00,1.761
8/7/2022 9:00,1.817
8/7/2022 10:00,1.959
8/7/2022 11:00,2.133
8/7/2022 12:00,2.29
8/7/2022 13:00,2.483
8/7/2022 14:00,2.466
8/7/2022 15:00,2.512
8/7/2022 16:00,2.614
8/7/2022 17:00,2.723
8/7/2022 18:00,2.769
8/7/2022 19:00,2.743
8/7/2022 20:00,2.623
8/7/2022 21:00,2.363
8/7/2022 22:00,2.017
8/7/2022 23:00,1.62
8/8/2022 0:00,1.264
8/8/2022 1:00,1.29
8/8/2022 2:00,1.555
8/8/2022 3:00,1.731
8/8/2022 4:00,1.74
8/8/2022 5:00,1.681
8/8/2022 6:00,1.609
8/8/2022 7:00,1.596
8/8/2022 8:00,1.644
8/8/2022 9:00,1.669
8/8/2022 10:00,1.76
8/8/2022 11:00,2.002
8/8/2022 12:00,2.281
8/8/2022 13:00,2.59
8/8/2022 14:00,2.681
8/8/2022 15:00,2.74
8/8/2022 16:00,2.857
8/8/2022 17:00,2.989
8/8/2022 18:00,3.129
8/8/2022 19:00,3.26
8/8/2022 20:00,3.247
8/8/2022 21:00,3.119
8/8/2022 22:00,2.928
8/8/2022 23:00,2.608
8/9/2022 0:00,2.272
8/9/2022 1:00,2.097
8/9/2022 2:00,2.093
8/9/2022 3:00,2.279
8/9/2022 4:00,2.508
8/9/2022 5:00,2.635
8/9/2022 6:00,2.632
8/9/2022 7:00,2.587
8/9/2022 8:00,2.513
8/9/2022 9:00,2.325
8/9/2022 10:00,2.153
8/9/2022 11:00,2.226
8/9/2022 12:00,2.279
8/9/2022 13:00,2.229
8/9/2022 14:00,2.13
8/9/2022 15:00,2.076
8/9/2022 16:00,2.003
8/9/2022 17:00,1.92
8/9/2022 18:00,1.856
8/9/2022 19:00,1.818
8/9/2022 20:00,1.808
8/9/2022 21:00,1.792
8/9/2022 22:00,1.745
8/9/2022 23:00,1.571
8/10/2022 0:00,1.319
8/10/2022 1:00,1.265
8/10/2022 2:00,1.279
8/10/2022 3:00,1.349
8/10/2022 4:00,1.375
8/10/2022 5:00,1.393
8/10/2022 6:00,1.395
8/10/2022 7:00,1.365
8/10/2022 8:00,1.306
8/10/2022 9:00,1.225
8/10/2022 10:00,1.11
8/10/2022 11:00,1.145
8/10/2022 12:00,1.078
8/10/2022 13:00,0.951
8/10/2022 14:00,0.914
8/10/2022 15:00,1.034
8/10/2022 16:00,1.185
8/10/2022 17:00,1.311
8/10/2022 18:00,1.407
8/10/2022 19:00,1.495
8/10/2022 20:00,1.554
8/10/2022 21:00,1.579
8/10/2022 22:00,1.553
8/10/2022 23:00,1.309
8/11/2022 0:00,1.247
8/11/2022 1:00,1.261
8/11/2022 2:00,1.337
8/11/2022 3:00,1.423
8/11/2022 4:00,1.503
8/11/2022 5:00,1.593
8/11/2022 6:00,1.68
8/11/2022 7:00,1.734
8/11/2022 8:00,1.75
8/11/2022 9:00,1.732
8/11/2022 10:00,1.88
8/11/2022 11:00,2.147
8/11/2022 12:00,2.279
8/11/2022 13:00,2.29
8/11/2022 14:00,2.274
8/11/2022 15:00,2.287
8/11/2022 16:00,2.33
8/11/2022 17:00,2.394
8/11/2022 18:00,2.479
8/11/2022 19:00,2.588
8/11/2022 20:00,2.682
8/11/2022 21:00,2.745
8/11/2022 22:00,2.728
8/11/2022 23:00,2.598
8/12/2022 0:00,2.193
8/12/2022 1:00,1.893
8/12/2022 2:00,1.696
8/12/2022 3:00,1.661
8/12/2022 4:00,1.594
8/12/2022 5:00,1.536
8/12/2022 6:00,1.498
8/12/2022 7:00,1.431
8/12/2022 8:00,1.35
8/12/2022 9:00,1.275
8/12/2022 10:00,1.279
8/12/2022 11:00,1.529
8/12/2022 12:00,1.495
8/12/2022 13:00,1.439
8/12/2022 14:00,1.345
8/12/2022 15:00,1.344
8/12/2022 16:00,1.373
8/12/2022 17:00,1.425
8/12/2022 18:00,1.534
8/12/2022 19:00,1.658
8/12/2022 20:00,1.74
8/12/2022 21:00,1.761
8/12/2022 22:00,1.727
8/12/2022 23:00,1.468
8/13/2022 0:00,1.301
8/13/2022 1:00,1.298
8/13/2022 2:00,1.324
8/13/2022 3:00,1.362
8/13/2022 4:00,1.374
8/13/2022 5:00,1.39
8/13/2022 6:00,1.371
8/13/2022 7:00,1.327
8/13/2022 8:00,1.253
8/13/2022 9:00,1.144
8/13/2022 10:00,1.038
8/13/2022 11:00,1.092
8/13/2022 12:00,1.059
8/13/2022 13:00,0.976
8/13/2022 14:00,1.137
8/13/2022 15:00,1.189
8/13/2022 16:00,1.195
8/13/2022 17:00,1.169
8/13/2022 18:00,1.13
8/13/2022 19:00,1.086
8/13/2022 20:00,1.061
8/13/2022 21:00,1.048
8/13/2022 22:00,1.002
8/13/2022 23:00,0.955
8/14/2022 0:00,0.957
8/14/2022 1:00,0.859
8/14/2022 2:00,0.823
8/14/2022 3:00,0.842
8/14/2022 4:00,0.844
8/14/2022 5:00,0.857
8/14/2022 6:00,0.916
8/14/2022 7:00,0.992
8/14/2022 8:00,1.104
8/14/2022 9:00,1.157
8/14/2022 10:00,1.077
8/14/2022 11:00,1.039
8/14/2022 12:00,1.123
8/14/2022 13:00,1.203
8/14/2022 14:00,1.229
8/14/2022 15:00,1.365
8/14/2022 16:00,1.464
8/14/2022 17:00,1.493
8/14/2022 18:00,1.487
8/14/2022 19:00,1.47
8/14/2022 20:00,1.445
8/14/2022 21:00,1.41
8/14/2022 22:00,1.362
8/14/2022 23:00,1.233
8/15/2022 0:00,1.172
8/15/2022 1:00,1.11
8/15/2022 2:00,1.089
8/15/2022 3:00,1.108
8/15/2022 4:00,1.065
8/15/2022 5:00,1.054
8/15/2022 6:00,1.134
8/15/2022 7:00,1.227
8/15/2022 8:00,1.29
8/15/2022 9:00,1.352
8/15/2022 10:00,1.41
8/15/2022 11:00,1.675
8/15/2022 12:00,1.714
8/15/2022 13:00,1.904
8/15/2022 14:00,1.931
8/15/2022 15:00,1.905
8/15/2022 16:00,1.836
8/15/2022 17:00,1.762
8/15/2022 18:00,1.674
8/15/2022 19:00,1.599
8/15/2022 20:00,1.548
8/15/2022 21:00,1.489
8/15/2022 22:00,1.372
8/15/2022 23:00,1.073
8/16/2022 0:00,1.016
8/16/2022 1:00,0.999
8/16/2022 2:00,1.137
8/16/2022 3:00,1.323
8/16/2022 4:00,1.43
8/16/2022 5:00,1.456
8/16/2022 6:00,1.443
8/16/2022 7:00,1.422
8/16/2022 8:00,1.411
8/16/2022 9:00,1.4
8/16/2022 10:00,1.428
8/16/2022 11:00,1.705
8/16/2022 12:00,1.751
8/16/2022 13:00,1.895
8/16/2022 14:00,1.896
8/16/2022 15:00,1.819
8/16/2022 16:00,1.789
8/16/2022 17:00,1.72
8/16/2022 18:00,1.64
8/16/2022 19:00,1.58
8/16/2022 20:00,1.542
8/16/2022 21:00,1.494
8/16/2022 22:00,1.351
8/16/2022 23:00,1.105
8/17/2022 0:00,1.092
8/17/2022 1:00,1.069
8/17/2022 2:00,1.109
8/17/2022 3:00,1.24
8/17/2022 4:00,1.346
8/17/2022 5:00,1.411
8/17/2022 6:00,1.475
8/17/2022 7:00,1.523
8/17/2022 8:00,1.559
8/17/2022 9:00,1.561
8/17/2022 10:00,1.615
8/17/2022 11:00,1.795
8/17/2022 12:00,1.823
8/17/2022 13:00,1.847
8/17/2022 14:00,1.741
8/17/2022 15:00,1.656
8/17/2022 16:00,1.636
8/17/2022 17:00,1.612
8/17/2022 18:00,1.586
8/17/2022 19:00,1.515
8/17/2022 20:00,1.421
8/17/2022 21:00,1.319
8/17/2022 22:00,1.199
8/17/2022 23:00,1.075
8/18/2022 0:00,1.012
8/18/2022 1:00,0.93
8/18/2022 2:00,0.936
8/18/2022 3:00,1.038
8/18/2022 4:00,1.07
8/18/2022 5:00,1.087
8/18/2022 6:00,1.145
8/18/2022 7:00,1.193
8/18/2022 8:00,1.258
8/18/2022 9:00,1.342
8/18/2022 10:00,1.46
8/18/2022 11:00,1.742
8/18/2022 12:00,1.827
8/18/2022 13:00,1.879
8/18/2022 14:00,1.858
8/18/2022 15:00,1.879
8/18/2022 16:00,1.94
8/18/2022 17:00,2.003
8/18/2022 18:00,2.066
8/18/2022 19:00,2.085
8/18/2022 20:00,2.062
8/18/2022 21:00,1.965
8/18/2022 22:00,1.733
8/18/2022 23:00,1.403
8/19/2022 0:00,1.364
8/19/2022 1:00,1.317
8/19/2022 2:00,1.297
8/19/2022 3:00,1.255
8/19/2022 4:00,1.235
8/19/2022 5:00,1.23
8/19/2022 6:00,1.216
8/19/2022 7:00,1.191
8/19/2022 8:00,1.168
8/19/2022 9:00,1.167
8/19/2022 10:00,1.198
8/19/2022 11:00,1.344
8/19/2022 12:00,1.502
8/19/2022 13:00,1.696
8/19/2022 14:00,1.756
8/19/2022 15:00,1.862
8/19/2022 16:00,2.019
8/19/2022 17:00,2.149
8/19/2022 18:00,2.214
8/19/2022 19:00,2.21
8/19/2022 20:00,2.137
8/19/2022 21:00,1.994
8/19/2022 22:00,1.754
8/19/2022 23:00,1.354
8/20/2022 0:00,1.266
8/20/2022 1:00,1.173
8/20/2022 2:00,1.197
8/20/2022 3:00,1.251
8/20/2022 4:00,1.311
8/20/2022 5:00,1.331
8/20/2022 6:00,1.327
8/20/2022 7:00,1.283
8/20/2022 8:00,1.235
8/20/2022 9:00,1.16
8/20/2022 10:00,1.082
8/20/2022 11:00,1.064
8/20/2022 12:00,1.088
8/20/2022 13:00,1.187
8/20/2022 14:00,1.288
8/20/2022 15:00,1.379
8/20/2022 16:00,1.471
8/20/2022 17:00,1.508
8/20/2022 18:00,1.514
8/20/2022 19:00,1.467
8/20/2022 20:00,1.397
8/20/2022 21:00,1.346
8/20/2022 22:00,1.217
8/20/2022 23:00,0.957
8/21/2022 0:00,0.939
8/21/2022 1:00,0.976
8/21/2022 2:00,1.032
8/21/2022 3:00,1.067
8/21/2022 4:00,1.093
8/21/2022 5:00,1.087
8/21/2022 6:00,1.06
8/21/2022 7:00,1.011
8/21/2022 8:00,0.952
8/21/2022 9:00,0.978
8/21/2022 10:00,1.059
8/21/2022 11:00,1.294
8/21/2022 12:00,1.403
8/21/2022 13:00,1.468
8/21/2022 14:00,1.386
8/21/2022 15:00,1.366
8/21/2022 16:00,1.366
8/21/2022 17:00,1.429
8/21/2022 18:00,1.546
8/21/2022 19:00,1.604
8/21/2022 20:00,1.489
8/21/2022 21:00,1.327
8/21/2022 22:00,1.097
8/21/2022 23:00,0.967
8/22/2022 0:00,1.007
8/22/2022 1:00,1.067
8/22/2022 2:00,1.117
8/22/2022 3:00,1.134
8/22/2022 4:00,1.094
8/22/2022 5:00,1.069
8/22/2022 6:00,1.025
8/22/2022 7:00,0.978
8/22/2022 8:00,0.964
8/22/2022 9:00,0.961
8/22/2022 10:00,0.973
8/22/2022 11:00,1.051
8/22/2022 12:00,1.084
8/22/2022 13:00,1.121
8/22/2022 14:00,1.236
8/22/2022 15:00,1.408
8/22/2022 16:00,1.487
8/22/2022 17:00,1.452
8/22/2022 18:00,1.344
8/22/2022 19:00,1.216
8/22/2022 20:00,1.158
8/22/2022 21:00,1.192
8/22/2022 22:00,1.253
8/22/2022 23:00,1.301
8/23/2022 0:00,1.341
8/23/2022 1:00,1.389
8/23/2022 2:00,1.475
8/23/2022 3:00,1.525
8/23/2022 4:00,1.508
8/23/2022 5:00,1.502
8/23/2022 6:00,1.518
8/23/2022 7:00,1.57
8/23/2022 8:00,1.659
8/23/2022 9:00,1.717
8/23/2022 10:00,1.734
8/23/2022 11:00,1.819
8/23/2022 12:00,1.815
8/23/2022 13:00,1.874
8/23/2022 14:00,1.826
8/23/2022 15:00,1.747
8/23/2022 16:00,1.747
8/23/2022 17:00,1.816
8/23/2022 18:00,1.885
8/23/2022 19:00,1.937
8/23/2022 20:00,1.97
8/23/2022 21:00,1.961
8/23/2022 22:00,1.904
8/23/2022 23:00,1.741
8/24/2022 0:00,1.635
8/24/2022 1:00,1.589
8/24/2022 2:00,1.545
8/24/2022 3:00,1.503
8/24/2022 4:00,1.425
8/24/2022 5:00,1.366
8/24/2022 6:00,1.341
8/24/2022 7:00,1.319
8/24/2022 8:00,1.283
8/24/2022 9:00,1.249
8/24/2022 10:00,1.218
8/24/2022 11:00,1.433
8/24/2022 12:00,1.529
8/24/2022 13:00,1.675
8/24/2022 14:00,1.698
8/24/2022 15:00,1.599
8/24/2022 16:00,1.659
8/24/2022 17:00,1.72
8/24/2022 18:00,1.783
8/24/2022 19:00,1.821
8/24/2022 20:00,1.831
8/24/2022 21:00,1.804
8/24/2022 22:00,1.653
8/24/2022 23:00,1.333
8/25/2022 0:00,1.212
8/25/2022 1:00,1.115
8/25/2022 2:00,1.159
8/25/2022 3:00,1.181
8/25/2022 4:00,1.184
8/25/2022 5:00,1.215
8/25/2022 6:00,1.23
8/25/2022 7:00,1.192
8/25/2022 8:00,1.162
8/25/2022 9:00,1.147
8/25/2022 10:00,1.183
8/25/2022 11:00,1.403
8/25/2022 12:00,1.475
8/25/2022 13:00,1.383
8/25/2022 14:00,1.134
8/25/2022 15:00,1.004
8/25/2022 16:00,1.113
8/25/2022 17:00,1.305
8/25/2022 18:00,1.429
8/25/2022 19:00,1.452
8/25/2022 20:00,1.399
8/25/2022 21:00,1.346
8/25/2022 22:00,1.292
8/25/2022 23:00,1.222
8/26/2022 0:00,1.234
8/26/2022 1:00,1.233
8/26/2022 2:00,1.287
8/26/2022 3:00,1.361
8/26/2022 4:00,1.401
8/26/2022 5:00,1.38
8/26/2022 6:00,1.335
8/26/2022 7:00,1.327
8/26/2022 8:00,1.416
8/26/2022 9:00,1.503
8/26/2022 10:00,1.545
8/26/2022 11:00,1.661
8/26/2022 12:00,1.786
8/26/2022 13:00,1.987
8/26/2022 14:00,1.997
8/26/2022 15:00,1.923
8/26/2022 16:00,1.922
8/26/2022 17:00,2
8/26/2022 18:00,2.107
8/26/2022 19:00,2.197
8/26/2022 20:00,2.262
8/26/2022 21:00,2.269
8/26/2022 22:00,2.251
8/26/2022 23:00,2.064
8/27/2022 0:00,1.918
8/27/2022 1:00,1.925
8/27/2022 2:00,1.871
8/27/2022 3:00,1.793
8/27/2022 4:00,1.741
8/27/2022 5:00,1.688
8/27/2022 6:00,1.655
8/27/2022 7:00,1.651
8/27/2022 8:00,1.612
8/27/2022 9:00,1.525
8/27/2022 10:00,1.46
8/27/2022 11:00,1.566
8/27/2022 12:00,1.657
8/27/2022 13:00,1.707
8/27/2022 14:00,1.708
8/27/2022 15:00,1.745
8/27/2022 16:00,1.841
8/27/2022 17:00,1.925
8/27/2022 18:00,1.903
8/27/2022 19:00,1.866
8/27/2022 20:00,1.82
8/27/2022 21:00,1.767
8/27/2022 22:00,1.731
8/27/2022 23:00,1.606
8/28/2022 0:00,1.577
8/28/2022 1:00,1.532
8/28/2022 2:00,1.497
8/28/2022 3:00,1.537
8/28/2022 4:00,1.583
8/28/2022 5:00,1.65
8/28/2022 6:00,1.715
8/28/2022 7:00,1.751
8/28/2022 8:00,1.77
8/28/2022 9:00,1.743
8/28/2022 10:00,1.649
8/28/2022 11:00,1.623
8/28/2022 12:00,1.743
8/28/2022 13:00,1.813
8/28/2022 14:00,1.839
8/28/2022 15:00,1.862
8/28/2022 16:00,1.947
8/28/2022 17:00,2.014
8/28/2022 18:00,2.076
8/28/2022 19:00,2.116
8/28/2022 20:00,2.097
8/28/2022 21:00,2.036
8/28/2022 22:00,1.848
8/28/2022 23:00,1.429
8/29/2022 0:00,1.338
8/29/2022 1:00,1.244
8/29/2022 2:00,1.315
8/29/2022 3:00,1.385
8/29/2022 4:00,1.416
8/29/2022 5:00,1.452
8/29/2022 6:00,1.508
8/29/2022 7:00,1.591
8/29/2022 8:00,1.685
8/29/2022 9:00,1.786
8/29/2022 10:00,1.918
8/29/2022 11:00,2.255
8/29/2022 12:00,2.405
8/29/2022 13:00,2.713
8/29/2022 14:00,2.904
8/29/2022 15:00,2.974
8/29/2022 16:00,3.149
8/29/2022 17:00,3.307
8/29/2022 18:00,3.406
8/29/2022 19:00,3.43
8/29/2022 20:00,3.348
8/29/2022 21:00,3.116
8/29/2022 22:00,2.665
8/29/2022 23:00,2.198
8/30/2022 0:00,2.012
8/30/2022 1:00,2.031
8/30/2022 2:00,2.258
8/30/2022 3:00,2.42
8/30/2022 4:00,2.463
8/30/2022 5:00,2.399
8/30/2022 6:00,2.349
8/30/2022 7:00,2.274
8/30/2022 8:00,2.17
8/30/2022 9:00,2.047
8/30/2022 10:00,1.911
8/30/2022 11:00,1.954
8/30/2022 12:00,2.114
8/30/2022 13:00,2.277
8/30/2022 14:00,2.477
8/30/2022 15:00,2.532
8/30/2022 16:00,2.526
8/30/2022 17:00,2.586
8/30/2022 18:00,2.725
8/30/2022 19:00,2.743
8/30/2022 20:00,2.72
8/30/2022 21:00,2.685
8/30/2022 22:00,2.486
8/30/2022 23:00,2.208
8/31/2022 0:00,2.103
8/31/2022 1:00,2.141
8/31/2022 2:00,2.26
8/31/2022 3:00,2.31
8/31/2022 4:00,2.27
8/31/2022 5:00,2.2
8/31/2022 6:00,2.1
8/31/2022 7:00,1.893
8/31/2022 8:00,1.893
8/31/2022 9:00,2.02
8/31/2022 10:00,2.151
8/31/2022 11:00,2.412
8/31/2022 12:00,2.74
8/31/2022 13:00,3.112
8/31/2022 14:00,3.292
8/31/2022 15:00,3.304
8/31/2022 16:00,3.32
8/31/2022 17:00,3.357
8/31/2022 18:00,3.376
8/31/2022 19:00,3.385
8/31/2022 20:00,3.36
8/31/2022 21:00,3.234
8/31/2022 22:00,2.95
8/31/2022 23:00,2.552
9/1/2022 0:00,2.336
9/1/2022 1:00,2.302
9/1/2022 2:00,2.269
9/1/2022 3:00,2.282
9/1/2022 4:00,2.318
9/1/2022 5:00,2.342
9/1/2022 6:00,2.292
9/1/2022 7:00,2.154
9/1/2022 8:00,2.049
9/1/2022 9:00,1.957
9/1/2022 10:00,1.883
9/1/2022 11:00,2.035
9/1/2022 12:00,2.231
9/1/2022 13:00,2.327
9/1/2022 14:00,2.325
9/1/2022 15:00,2.358
9/1/2022 16:00,2.481
9/1/2022 17:00,2.625
9/1/2022 18:00,2.714
9/1/2022 19:00,2.714
9/1/2022 20:00,2.608
9/1/2022 21:00,2.45
9/1/2022 22:00,2.172
9/1/2022 23:00,1.595
9/2/2022 0:00,1.437
9/2/2022 1:00,1.241
9/2/2022 2:00,1.183
9/2/2022 3:00,1.154
9/2/2022 4:00,1.191
9/2/2022 5:00,1.229
9/2/2022 6:00,1.316
9/2/2022 7:00,1.405
9/2/2022 8:00,1.458
9/2/2022 9:00,1.49
9/2/2022 10:00,1.503
9/2/2022 11:00,1.664
9/2/2022 12:00,1.902
9/2/2022 13:00,2.126
9/2/2022 14:00,2.163
9/2/2022 15:00,2.097
9/2/2022 16:00,2.121
9/2/2022 17:00,2.171
9/2/2022 18:00,2.194
9/2/2022 19:00,2.169
9/2/2022 20:00,2.108
9/2/2022 21:00,2.002
9/2/2022 22:00,1.705
9/2/2022 23:00,1.413
9/3/2022 0:00,1.334
9/3/2022 1:00,1.37
9/3/2022 2:00,1.486
9/3/2022 3:00,1.513
9/3/2022 4:00,1.49
9/3/2022 5:00,1.455
9/3/2022 6:00,1.424
9/3/2022 7:00,1.391
9/3/2022 8:00,1.389
9/3/2022 9:00,1.398
9/3/2022 10:00,1.398
9/3/2022 11:00,1.539
9/3/2022 12:00,1.723
9/3/2022 13:00,1.746
9/3/2022 14:00,1.803
9/3/2022 15:00,1.839
9/3/2022 16:00,1.848
9/3/2022 17:00,1.888
9/3/2022 18:00,1.982
9/3/2022 19:00,2.052
9/3/2022 20:00,2.041
9/3/2022 21:00,1.958
9/3/2022 22:00,1.718
9/3/2022 23:00,1.374
9/4/2022 0:00,1.242
9/4/2022 1:00,1.25
9/4/2022 2:00,1.379
9/4/2022 3:00,1.56
9/4/2022 4:00,1.736
9/4/2022 5:00,1.839
9/4/2022 6:00,1.877
9/4/2022 7:00,2.062
9/4/2022 8:00,2.172
9/4/2022 9:00,2.236
9/4/2022 10:00,2.252
9/4/2022 11:00,2.38
9/4/2022 12:00,2.463
9/4/2022 13:00,2.434
9/4/2022 14:00,2.313
9/4/2022 15:00,2.211
9/4/2022 16:00,2.108
9/4/2022 17:00,2.023
9/4/2022 18:00,1.965
9/4/2022 19:00,1.95
9/4/2022 20:00,1.938
9/4/2022 21:00,1.907
9/4/2022 22:00,1.807
9/4/2022 23:00,1.665
9/5/2022 0:00,1.575
9/5/2022 1:00,1.659
9/5/2022 2:00,1.772
9/5/2022 3:00,1.872
9/5/2022 4:00,1.964
9/5/2022 5:00,2.008
9/5/2022 6:00,2.014
9/5/2022 7:00,2.013
9/5/2022 8:00,2.051
9/5/2022 9:00,2.082
9/5/2022 10:00,2.139
9/5/2022 11:00,2.279
9/5/2022 12:00,2.389
9/5/2022 13:00,2.554
9/5/2022 14:00,2.656
9/5/2022 15:00,2.652
9/5/2022 16:00,2.625
9/5/2022 17:00,2.588
9/5/2022 18:00,2.552
9/5/2022 19:00,2.499
9/5/2022 20:00,2.45
9/5/2022 21:00,2.396
9/5/2022 22:00,2.264
9/5/2022 23:00,1.882
9/6/2022 0:00,1.738
9/6/2022 1:00,1.617
9/6/2022 2:00,1.664
9/6/2022 3:00,1.756
9/6/2022 4:00,1.845
9/6/2022 5:00,1.924
9/6/2022 6:00,1.98
9/6/2022 7:00,2.04
9/6/2022 8:00,2.108
9/6/2022 9:00,2.11
9/6/2022 10:00,2.076
9/6/2022 11:00,2.229
9/6/2022 12:00,2.409
9/6/2022 13:00,2.558
9/6/2022 14:00,2.577
9/6/2022 15:00,2.521
9/6/2022 16:00,2.375
9/6/2022 17:00,2.197
9/6/2022 18:00,2.036
9/6/2022 19:00,1.941
9/6/2022 20:00,1.862
9/6/2022 21:00,1.774
9/6/2022 22:00,1.575
9/6/2022 23:00,1.257
9/7/2022 0:00,1.124
9/7/2022 1:00,1.06
9/7/2022 2:00,1.11
9/7/2022 3:00,1.16
9/7/2022 4:00,1.2
9/7/2022 5:00,1.226
9/7/2022 6:00,1.27
9/7/2022 7:00,1.31
9/7/2022 8:00,1.337
9/7/2022 9:00,1.358
9/7/2022 10:00,1.362
9/7/2022 11:00,1.473
9/7/2022 12:00,1.638
9/7/2022 13:00,1.683
9/7/2022 14:00,1.815
9/7/2022 15:00,1.777
9/7/2022 16:00,1.737
9/7/2022 17:00,1.684
9/7/2022 18:00,1.658
9/7/2022 19:00,1.662
9/7/2022 20:00,1.688
9/7/2022 21:00,1.698
9/7/2022 22:00,1.645
9/7/2022 23:00,1.473
9/8/2022 0:00,1.433
9/8/2022 1:00,1.386
9/8/2022 2:00,1.511
9/8/2022 3:00,1.676
9/8/2022 4:00,1.776
9/8/2022 5:00,1.774
9/8/2022 6:00,1.728
9/8/2022 7:00,1.683
9/8/2022 8:00,1.653
9/8/2022 9:00,1.596
9/8/2022 10:00,1.536
9/8/2022 11:00,1.539
9/8/2022 12:00,1.639
9/8/2022 13:00,1.556
9/8/2022 14:00,1.531
9/8/2022 15:00,1.482
9/8/2022 16:00,1.381
9/8/2022 17:00,1.342
9/8/2022 18:00,1.374
9/8/2022 19:00,1.451
9/8/2022 20:00,1.503
9/8/2022 21:00,1.513
9/8/2022 22:00,1.469
9/8/2022 23:00,1.388
9/9/2022 0:00,1.318
9/9/2022 1:00,1.169
9/9/2022 2:00,1.207
9/9/2022 3:00,1.282
9/9/2022 4:00,1.344
9/9/2022 5:00,1.358
9/9/2022 6:00,1.359
9/9/2022 7:00,1.374
9/9/2022 8:00,1.4
9/9/2022 9:00,1.369
9/9/2022 10:00,1.292
9/9/2022 11:00,1.229
9/9/2022 12:00,1.213
9/9/2022 13:00,1.426
9/9/2022 14:00,1.638
9/9/2022 15:00,1.741
9/9/2022 16:00,1.849
9/9/2022 17:00,1.959
9/9/2022 18:00,2.022
9/9/2022 19:00,2.018
9/9/2022 20:00,1.959
9/9/2022 21:00,1.82
9/9/2022 22:00,1.57
9/9/2022 23:00,1.322
9/10/2022 0:00,1.251
9/10/2022 1:00,1.216
9/10/2022 2:00,1.353
9/10/2022 3:00,1.428
9/10/2022 4:00,1.423
9/10/2022 5:00,1.396
9/10/2022 6:00,1.394
9/10/2022 7:00,1.414
9/10/2022 8:00,1.434
9/10/2022 9:00,1.474
9/10/2022 10:00,1.506
9/10/2022 11:00,1.534
9/10/2022 12:00,1.802
9/10/2022 13:00,1.92
9/10/2022 14:00,1.997
9/10/2022 15:00,1.946
9/10/2022 16:00,1.99
9/10/2022 17:00,2.058
9/10/2022 18:00,2.04
9/10/2022 19:00,1.975
9/10/2022 20:00,1.899
9/10/2022 21:00,1.824
9/10/2022 22:00,1.661
9/10/2022 23:00,1.333
9/11/2022 0:00,1.142
9/11/2022 1:00,1.204
9/11/2022 2:00,1.359
9/11/2022 3:00,1.556
9/11/2022 4:00,1.703
9/11/2022 5:00,1.691
9/11/2022 6:00,1.656
9/11/2022 7:00,1.695
9/11/2022 8:00,1.677
9/11/2022 9:00,1.613
9/11/2022 10:00,1.567
9/11/2022 11:00,1.584
9/11/2022 12:00,1.759
9/11/2022 13:00,1.885
9/11/2022 14:00,1.969
9/11/2022 15:00,1.97
9/11/2022 16:00,1.937
9/11/2022 17:00,1.876
9/11/2022 18:00,1.798
9/11/2022 19:00,1.785
9/11/2022 20:00,1.82
9/11/2022 21:00,1.79
9/11/2022 22:00,1.758
9/11/2022 23:00,1.558
9/12/2022 0:00,1.569
9/12/2022 1:00,1.638
9/12/2022 2:00,1.658
9/12/2022 3:00,1.626
9/12/2022 4:00,1.638
9/12/2022 5:00,1.661
9/12/2022 6:00,1.647
9/12/2022 7:00,1.617
9/12/2022 8:00,1.63
9/12/2022 9:00,1.684
9/12/2022 10:00,1.741
9/12/2022 11:00,1.819
9/12/2022 12:00,1.864
9/12/2022 13:00,1.933
9/12/2022 14:00,2.043
9/12/2022 15:00,1.994
9/12/2022 16:00,1.992
9/12/2022 17:00,2.02
9/12/2022 18:00,2.044
9/12/2022 19:00,2.06
9/12/2022 20:00,2.092
9/12/2022 21:00,2.1
9/12/2022 22:00,2.017
9/12/2022 23:00,1.922
9/13/2022 0:00,1.888
9/13/2022 1:00,1.829
9/13/2022 2:00,1.804
9/13/2022 3:00,1.768
9/13/2022 4:00,1.67
9/13/2022 5:00,1.521
9/13/2022 6:00,1.516
9/13/2022 7:00,1.412
9/13/2022 8:00,1.265
9/13/2022 9:00,1.17
9/13/2022 10:00,1.093
9/13/2022 11:00,1.067
9/13/2022 12:00,1.2
9/13/2022 13:00,1.338
9/13/2022 14:00,1.546
9/13/2022 15:00,1.632
9/13/2022 16:00,1.732
9/13/2022 17:00,1.823
9/13/2022 18:00,1.854
9/13/2022 19:00,1.856
9/13/2022 20:00,1.872
9/13/2022 21:00,1.942
9/13/2022 22:00,1.881
9/13/2022 23:00,1.642
9/14/2022 0:00,1.542
9/14/2022 1:00,1.759
9/14/2022 2:00,1.946
9/14/2022 3:00,1.988
9/14/2022 4:00,1.874
9/14/2022 5:00,1.849
9/14/2022 6:00,1.965
9/14/2022 7:00,2.085
9/14/2022 8:00,2.182
9/14/2022 9:00,2.177
9/14/2022 10:00,2.176
9/14/2022 11:00,2.262
9/14/2022 12:00,2.441
9/14/2022 13:00,2.621
9/14/2022 14:00,2.792
9/14/2022 15:00,2.831
9/14/2022 16:00,2.89
9/14/2022 17:00,2.938
9/14/2022 18:00,2.987
9/14/2022 19:00,3.039
9/14/2022 20:00,3.044
9/14/2022 21:00,2.979
9/14/2022 22:00,2.791
9/14/2022 23:00,2.439
9/15/2022 0:00,2.262
9/15/2022 1:00,2.211
9/15/2022 2:00,2.131
9/15/2022 3:00,2.042
9/15/2022 4:00,1.992
9/15/2022 5:00,1.934
9/15/2022 6:00,1.922
9/15/2022 7:00,1.901
9/15/2022 8:00,1.905
9/15/2022 9:00,1.927
9/15/2022 10:00,1.9
9/15/2022 11:00,1.957
9/15/2022 12:00,2.218
9/15/2022 13:00,2.189
9/15/2022 14:00,2.061
9/15/2022 15:00,1.938
9/15/2022 16:00,1.935
9/15/2022 17:00,1.964
9/15/2022 18:00,1.957
9/15/2022 19:00,1.964
9/15/2022 20:00,1.989
9/15/2022 21:00,1.965
9/15/2022 22:00,1.726
9/15/2022 23:00,1.513
9/16/2022 0:00,1.4
9/16/2022 1:00,1.485
9/16/2022 2:00,1.642
9/16/2022 3:00,1.683
9/16/2022 4:00,1.637
9/16/2022 5:00,1.586
9/16/2022 6:00,1.557
9/16/2022 7:00,1.583
9/16/2022 8:00,1.524
9/16/2022 9:00,1.432
9/16/2022 10:00,1.406
9/16/2022 11:00,1.447
9/16/2022 12:00,1.58
9/16/2022 13:00,1.735
9/16/2022 14:00,1.917
9/16/2022 15:00,1.894
9/16/2022 16:00,1.725
9/16/2022 17:00,1.664
9/16/2022 18:00,1.678
9/16/2022 19:00,1.69
9/16/2022 20:00,1.715
9/16/2022 21:00,1.719
9/16/2022 22:00,1.63
9/16/2022 23:00,1.664
9/17/2022 0:00,1.672
9/17/2022 1:00,1.672
9/17/2022 2:00,1.677
9/17/2022 3:00,1.67
9/17/2022 4:00,1.653
9/17/2022 5:00,1.636
9/17/2022 6:00,1.588
9/17/2022 7:00,1.523
9/17/2022 8:00,1.514
9/17/2022 9:00,1.5
9/17/2022 10:00,1.511
9/17/2022 11:00,1.552
9/17/2022 12:00,1.759
9/17/2022 13:00,1.816
9/17/2022 14:00,1.884
9/17/2022 15:00,1.964
9/17/2022 16:00,2.004
9/17/2022 17:00,1.977
9/17/2022 18:00,1.985
9/17/2022 19:00,2.006
9/17/2022 20:00,1.992
9/17/2022 21:00,1.956
9/17/2022 22:00,1.739
9/17/2022 23:00,1.52
9/18/2022 0:00,1.474
9/18/2022 1:00,1.472
9/18/2022 2:00,1.602
9/18/2022 3:00,1.768
9/18/2022 4:00,1.875
9/18/2022 5:00,1.955
9/18/2022 6:00,2.058
9/18/2022 7:00,2.081
9/18/2022 8:00,2.117
9/18/2022 9:00,2.147
9/18/2022 10:00,2.033
9/18/2022 11:00,1.907
9/18/2022 12:00,1.944
9/18/2022 13:00,2.037
9/18/2022 14:00,2.354
9/18/2022 15:00,2.597
9/18/2022 16:00,2.85
9/18/2022 17:00,2.992
9/18/2022 18:00,3.035
9/18/2022 19:00,2.951
9/18/2022 20:00,2.818
9/18/2022 21:00,2.692
9/18/2022 22:00,2.384
9/18/2022 23:00,2.031
9/19/2022 0:00,1.876
9/19/2022 1:00,1.816
9/19/2022 2:00,1.839
9/19/2022 3:00,1.748
9/19/2022 4:00,1.707
9/19/2022 5:00,1.67
9/19/2022 6:00,1.658
9/19/2022 7:00,1.675
9/19/2022 8:00,1.821
9/19/2022 9:00,1.851
9/19/2022 10:00,1.794
9/19/2022 11:00,1.908
9/19/2022 12:00,2.105
9/19/2022 13:00,2.326
9/19/2022 14:00,2.619
9/19/2022 15:00,2.748
9/19/2022 16:00,2.74
9/19/2022 17:00,2.799
9/19/2022 18:00,2.85
9/19/2022 19:00,2.905
9/19/2022 20:00,2.93
9/19/2022 21:00,3.071
9/19/2022 22:00,3.116
9/19/2022 23:00,2.846
9/20/2022 0:00,2.608
9/20/2022 1:00,2.387
9/20/2022 2:00,2.28
9/20/2022 3:00,2.263
9/20/2022 4:00,2.213
9/20/2022 5:00,2.142
9/20/2022 6:00,2.061
9/20/2022 7:00,2.035
9/20/2022 8:00,2.006
9/20/2022 9:00,1.995
9/20/2022 10:00,2.009
9/20/2022 11:00,2.079
9/20/2022 12:00,2.294
9/20/2022 13:00,2.43
9/20/2022 14:00,2.59
9/20/2022 15:00,2.532
9/20/2022 16:00,2.366
9/20/2022 17:00,2.452
9/20/2022 18:00,2.517
9/20/2022 19:00,2.452
9/20/2022 20:00,2.324
9/20/2022 21:00,2.109
9/20/2022 22:00,1.707
9/20/2022 23:00,1.515
9/21/2022 0:00,1.36
9/21/2022 1:00,1.283
9/21/2022 2:00,1.307
9/21/2022 3:00,1.347
9/21/2022 4:00,1.425
9/21/2022 5:00,1.477
9/21/2022 6:00,1.531
9/21/2022 7:00,1.598
9/21/2022 8:00,1.668
9/21/2022 9:00,1.722
9/21/2022 10:00,1.782
9/21/2022 11:00,1.861
9/21/2022 12:00,2.021
9/21/2022 13:00,2.185
9/21/2022 14:00,2.54
9/21/2022 15:00,2.723
9/21/2022 16:00,2.828
9/21/2022 17:00,2.939
9/21/2022 18:00,3.067
9/21/2022 19:00,3.153
9/21/2022 20:00,3.089
9/21/2022 21:00,2.879
9/21/2022 22:00,2.575
9/21/2022 23:00,2.234
9/22/2022 0:00,2.151
9/22/2022 1:00,2.354
9/22/2022 2:00,2.573
9/22/2022 3:00,2.624
9/22/2022 4:00,2.435
9/22/2022 5:00,2.203
9/22/2022 6:00,2.193
9/22/2022 7:00,2.16
9/22/2022 8:00,2.037
9/22/2022 9:00,2.188
9/22/2022 10:00,2.445
9/22/2022 11:00,2.611
9/22/2022 12:00,2.931
9/22/2022 13:00,3.249
9/22/2022 14:00,3.389
9/22/2022 15:00,3.366
9/22/2022 16:00,3.404
9/22/2022 17:00,3.475
9/22/2022 18:00,3.616
9/22/2022 19:00,3.692
9/22/2022 20:00,3.657
9/22/2022 21:00,3.57
9/22/2022 22:00,3.438
9/22/2022 23:00,3.155
9/23/2022 0:00,2.896
9/23/2022 1:00,2.749
9/23/2022 2:00,2.626
9/23/2022 3:00,2.535
9/23/2022 4:00,2.433
9/23/2022 5:00,2.341
9/23/2022 6:00,2.25
9/23/2022 7:00,2.243
9/23/2022 8:00,2.268
9/23/2022 9:00,2.294
9/23/2022 10:00,2.295
9/23/2022 11:00,2.343
9/23/2022 12:00,2.654
9/23/2022 13:00,2.789
9/23/2022 14:00,2.78
9/23/2022 15:00,2.691
9/23/2022 16:00,2.623
9/23/2022 17:00,2.621
9/23/2022 18:00,2.636
9/23/2022 19:00,2.641
9/23/2022 20:00,2.652
9/23/2022 21:00,2.638
9/23/2022 22:00,2.39
9/23/2022 23:00,2.013
9/24/2022 0:00,1.869
9/24/2022 1:00,1.857
9/24/2022 2:00,1.903
9/24/2022 3:00,1.92
9/24/2022 4:00,1.901
9/24/2022 5:00,1.888
9/24/2022 6:00,1.847
9/24/2022 7:00,1.789
9/24/2022 8:00,1.761
9/24/2022 9:00,1.734
9/24/2022 10:00,1.711
9/24/2022 11:00,1.74
9/24/2022 12:00,1.824
9/24/2022 13:00,1.932
9/24/2022 14:00,2.072
9/24/2022 15:00,2.115
9/24/2022 16:00,2.278
9/24/2022 17:00,2.403
9/24/2022 18:00,2.482
9/24/2022 19:00,2.51
9/24/2022 20:00,2.503
9/24/2022 21:00,2.432
9/24/2022 22:00,2.185
9/24/2022 23:00,1.928
9/25/2022 0:00,1.737
9/25/2022 1:00,1.685
9/25/2022 2:00,1.678
9/25/2022 3:00,1.657
9/25/2022 4:00,1.628
9/25/2022 5:00,1.572
9/25/2022 6:00,1.539
9/25/2022 7:00,1.565
9/25/2022 8:00,1.598
9/25/2022 9:00,1.538
9/25/2022 10:00,1.477
9/25/2022 11:00,1.477
9/25/2022 12:00,1.517
9/25/2022 13:00,1.594
9/25/2022 14:00,1.655
9/25/2022 15:00,1.733
9/25/2022 16:00,1.651
9/25/2022 17:00,1.76
9/25/2022 18:00,1.925
9/25/2022 19:00,2.03
9/25/2022 20:00,2.067
9/25/2022 21:00,1.999
9/25/2022 22:00,1.835
9/25/2022 23:00,1.77
9/26/2022 0:00,1.771
9/26/2022 1:00,1.903
9/26/2022 2:00,1.934
9/26/2022 3:00,1.92
9/26/2022 4:00,1.931
9/26/2022 5:00,1.956
9/26/2022 6:00,1.984
9/26/2022 7:00,2.028
9/26/2022 8:00,2.037
9/26/2022 9:00,2
9/26/2022 10:00,1.977
9/26/2022 11:00,1.973
9/26/2022 12:00,2.147
9/26/2022 13:00,2.29
9/26/2022 14:00,2.535
9/26/2022 15:00,2.681
9/26/2022 16:00,2.782
9/26/2022 17:00,2.901
9/26/2022 18:00,2.996
9/26/2022 19:00,3.019
9/26/2022 20:00,2.958
9/26/2022 21:00,2.771
9/26/2022 22:00,2.643
9/26/2022 23:00,2.614
9/27/2022 0:00,2.546
9/27/2022 1:00,2.614
9/27/2022 2:00,2.634
9/27/2022 3:00,2.629
9/27/2022 4:00,2.557
9/27/2022 5:00,2.435
9/27/2022 6:00,2.362
9/27/2022 7:00,2.295
9/27/2022 8:00,2.226
9/27/2022 9:00,2.168
9/27/2022 10:00,2.133
9/27/2022 11:00,2.124
9/27/2022 12:00,2.183
9/27/2022 13:00,2.276
9/27/2022 14:00,2.374
9/27/2022 15:00,2.396
9/27/2022 16:00,2.338
9/27/2022 17:00,2.284
9/27/2022 18:00,2.267
9/27/2022 19:00,2.287
9/27/2022 20:00,2.284
9/27/2022 21:00,2.171
9/27/2022 22:00,1.952
9/27/2022 23:00,1.81
9/28/2022 0:00,1.859
9/28/2022 1:00,1.975
9/28/2022 2:00,2.051
9/28/2022 3:00,2.142
9/28/2022 4:00,2.162
9/28/2022 5:00,2.182
9/28/2022 6:00,2.192
9/28/2022 7:00,2.144
9/28/2022 8:00,2.095
9/28/2022 9:00,2.052
9/28/2022 10:00,1.998
9/28/2022 11:00,1.979
9/28/2022 12:00,2.244
9/28/2022 13:00,2.396
9/28/2022 14:00,2.377
9/28/2022 15:00,2.353
9/28/2022 16:00,2.293
9/28/2022 17:00,2.262
9/28/2022 18:00,2.271
9/28/2022 19:00,2.301
9/28/2022 20:00,2.328
9/28/2022 21:00,2.293
9/28/2022 22:00,2.216
9/28/2022 23:00,2.029
9/29/2022 0:00,2.036
9/29/2022 1:00,2.039
9/29/2022 2:00,1.938
9/29/2022 3:00,1.783
9/29/2022 4:00,1.635
9/29/2022 5:00,1.55
9/29/2022 6:00,1.5
9/29/2022 7:00,1.48
9/29/2022 8:00,1.477
9/29/2022 9:00,1.459
9/29/2022 10:00,1.395
9/29/2022 11:00,1.399
9/29/2022 12:00,1.616
9/29/2022 13:00,1.758
9/29/2022 14:00,1.792
9/29/2022 15:00,1.731
9/29/2022 16:00,1.629
9/29/2022 17:00,1.535
9/29/2022 18:00,1.491
9/29/2022 19:00,1.462
9/29/2022 20:00,1.397
9/29/2022 21:00,1.359
9/29/2022 22:00,1.238
9/29/2022 23:00,1.262
9/30/2022 0:00,1.321
9/30/2022 1:00,1.385
9/30/2022 2:00,1.404
9/30/2022 3:00,1.345
9/30/2022 4:00,1.332
9/30/2022 5:00,1.345
9/30/2022 6:00,1.374
9/30/2022 7:00,1.415
9/30/2022 8:00,1.428
9/30/2022 9:00,1.451
9/30/2022 10:00,1.472
9/30/2022 11:00,1.431
9/30/2022 12:00,1.498
9/30/2022 13:00,1.576
9/30/2022 14:00,1.598
9/30/2022 15:00,1.623
9/30/2022 16:00,1.652
9/30/2022 17:00,1.656
9/30/2022 18:00,1.664
9/30/2022 19:00,1.686
9/30/2022 20:00,1.696
9/30/2022 21:00,1.609
9/30/2022 22:00,1.398
9/30/2022 23:00,1.388
10/1/2022 0:00,1.332
10/1/2022 1:00,1.342
10/1/2022 2:00,1.407
10/1/2022 3:00,1.388
10/1/2022 4:00,1.358
10/1/2022 5:00,1.409
10/1/2022 6:00,1.485
10/1/2022 7:00,1.563
10/1/2022 8:00,1.602
10/1/2022 9:00,1.577
10/1/2022 10:00,1.578
10/1/2022 11:00,1.651
10/1/2022 12:00,1.902
10/1/2022 13:00,1.962
10/1/2022 14:00,2.039
10/1/2022 15:00,2.131
10/1/2022 16:00,2.067
10/1/2022 17:00,2.079
10/1/2022 18:00,2.185
10/1/2022 19:00,2.275
10/1/2022 20:00,2.26
10/1/2022 21:00,2.088
10/1/2022 22:00,1.934
10/1/2022 23:00,2.026
10/2/2022 0:00,2.11
10/2/2022 1:00,2.383
10/2/2022 2:00,2.672
10/2/2022 3:00,2.865
10/2/2022 4:00,3.047
10/2/2022 5:00,3.091
10/2/2022 6:00,3.111
10/2/2022 7:00,3.139
10/2/2022 8:00,3.118
10/2/2022 9:00,3.039
10/2/2022 10:00,2.944
10/2/2022 11:00,2.901
10/2/2022 12:00,3.073
10/2/2022 13:00,3.353
10/2/2022 14:00,3.356
10/2/2022 15:00,3.23
10/2/2022 16:00,3.076
10/2/2022 17:00,2.972
10/2/2022 18:00,2.898
10/2/2022 19:00,2.825
10/2/2022 20:00,2.723
10/2/2022 21:00,2.452
10/2/2022 22:00,1.858
10/2/2022 23:00,1.614
10/3/2022 0:00,1.529
10/3/2022 1:00,1.591
10/3/2022 2:00,1.589
10/3/2022 3:00,1.595
10/3/2022 4:00,1.615
10/3/2022 5:00,1.585
10/3/2022 6:00,1.554
10/3/2022 7:00,1.523
10/3/2022 8:00,1.516
10/3/2022 9:00,1.503
10/3/2022 10:00,1.51
10/3/2022 11:00,1.507
10/3/2022 12:00,1.718
10/3/2022 13:00,1.74
10/3/2022 14:00,1.814
10/3/2022 15:00,1.706
10/3/2022 16:00,1.531
10/3/2022 17:00,1.441
10/3/2022 18:00,1.367
10/3/2022 19:00,1.306
10/3/2022 20:00,1.226
10/3/2022 21:00,1.106
10/3/2022 22:00,0.989
10/3/2022 23:00,0.989
10/4/2022 0:00,0.96
10/4/2022 1:00,1.011
10/4/2022 2:00,1.043
10/4/2022 3:00,1.135
10/4/2022 4:00,1.164
10/4/2022 5:00,1.151
10/4/2022 6:00,1.123
10/4/2022 7:00,1.117
10/4/2022 8:00,1.144
10/4/2022 9:00,1.172
10/4/2022 10:00,1.202
10/4/2022 11:00,1.236
10/4/2022 12:00,1.347
10/4/2022 13:00,1.46
10/4/2022 14:00,1.474
10/4/2022 15:00,1.439
10/4/2022 16:00,1.319
10/4/2022 17:00,1.294
10/4/2022 18:00,1.307
10/4/2022 19:00,1.334
10/4/2022 20:00,1.328
10/4/2022 21:00,1.25
10/4/2022 22:00,1.165
10/4/2022 23:00,1.129
10/5/2022 0:00,1.06
10/5/2022 1:00,1.137
10/5/2022 2:00,1.219
10/5/2022 3:00,1.239
10/5/2022 4:00,1.201
10/5/2022 5:00,1.181
10/5/2022 6:00,1.211
10/5/2022 7:00,1.277
10/5/2022 8:00,1.403
10/5/2022 9:00,1.425
10/5/2022 10:00,1.372
10/5/2022 11:00,1.308
10/5/2022 12:00,1.2
10/5/2022 13:00,1.15
10/5/2022 14:00,1.06
10/5/2022 15:00,1.28
10/5/2022 16:00,1.477
10/5/2022 17:00,1.607
10/5/2022 18:00,1.678
10/5/2022 19:00,1.755
10/5/2022 20:00,1.792
10/5/2022 21:00,1.699
10/5/2022 22:00,1.601
10/5/2022 23:00,1.63
10/6/2022 0:00,1.544
10/6/2022 1:00,1.527
10/6/2022 2:00,1.544
10/6/2022 3:00,1.517
10/6/2022 4:00,1.492
10/6/2022 5:00,1.497
10/6/2022 6:00,1.523
10/6/2022 7:00,1.532
10/6/2022 8:00,1.49
10/6/2022 9:00,1.431
10/6/2022 10:00,1.385
10/6/2022 11:00,1.387
10/6/2022 12:00,1.571
10/6/2022 13:00,1.83
10/6/2022 14:00,1.975
10/6/2022 15:00,2.151
10/6/2022 16:00,2.197
10/6/2022 17:00,2.172
10/6/2022 18:00,2.178
10/6/2022 19:00,2.165
10/6/2022 20:00,2.043
10/6/2022 21:00,1.761
10/6/2022 22:00,1.574
10/6/2022 23:00,1.631
10/7/2022 0:00,1.79
10/7/2022 1:00,2.09
10/7/2022 2:00,2.079
10/7/2022 3:00,2.023
10/7/2022 4:00,1.98
10/7/2022 5:00,2.107
10/7/2022 6:00,2.265
10/7/2022 7:00,2.473
10/7/2022 8:00,2.564
10/7/2022 9:00,2.568
10/7/2022 10:00,2.43
10/7/2022 11:00,2.251
10/7/2022 12:00,2.405
10/7/2022 13:00,2.695
10/7/2022 14:00,2.846
10/7/2022 15:00,2.957
10/7/2022 16:00,2.952
10/7/2022 17:00,2.935
10/7/2022 18:00,2.962
10/7/2022 19:00,3.008
10/7/2022 20:00,3.025
10/7/2022 21:00,2.998
10/7/2022 22:00,2.791
10/7/2022 23:00,2.401
10/8/2022 0:00,2.251
10/8/2022 1:00,2.231
10/8/2022 2:00,2.128
10/8/2022 3:00,1.988
10/8/2022 4:00,1.843
10/8/2022 5:00,1.76
10/8/2022 6:00,1.748
10/8/2022 7:00,1.726
10/8/2022 8:00,1.735
10/8/2022 9:00,1.78
10/8/2022 10:00,1.812
10/8/2022 11:00,1.863
10/8/2022 12:00,2.239
10/8/2022 13:00,2.515
10/8/2022 14:00,2.711
10/8/2022 15:00,2.891
10/8/2022 16:00,3.021
10/8/2022 17:00,3.181
10/8/2022 18:00,3.343
10/8/2022 19:00,3.432
10/8/2022 20:00,3.417
10/8/2022 21:00,3.179
10/8/2022 22:00,2.646
10/8/2022 23:00,2.224
10/9/2022 0:00,2.201
10/9/2022 1:00,2.314
10/9/2022 2:00,2.236
10/9/2022 3:00,2.318
10/9/2022 4:00,2.449
10/9/2022 5:00,2.473
10/9/2022 6:00,2.504
10/9/2022 7:00,2.526
10/9/2022 8:00,2.545
10/9/2022 9:00,2.445
10/9/2022 10:00,2.329
10/9/2022 11:00,2.26
10/9/2022 12:00,2.447
10/9/2022 13:00,2.566
10/9/2022 14:00,2.722
10/9/2022 15:00,2.823
10/9/2022 16:00,2.745
10/9/2022 17:00,2.646
10/9/2022 18:00,2.59
10/9/2022 19:00,2.509
10/9/2022 20:00,2.408
10/9/2022 21:00,2.152
10/9/2022 22:00,1.555
10/9/2022 23:00,1.301
10/10/2022 0:00,1.286
10/10/2022 1:00,1.331
10/10/2022 2:00,1.368
10/10/2022 3:00,1.455
10/10/2022 4:00,1.528
10/10/2022 5:00,1.546
10/10/2022 6:00,1.519
10/10/2022 7:00,1.482
10/10/2022 8:00,1.459
10/10/2022 9:00,1.417
10/10/2022 10:00,1.391
10/10/2022 11:00,1.381
10/10/2022 12:00,1.517
10/10/2022 13:00,1.641
10/10/2022 14:00,1.698
10/10/2022 15:00,1.831
10/10/2022 16:00,1.882
10/10/2022 17:00,1.981
10/10/2022 18:00,2.152
10/10/2022 19:00,2.214
10/10/2022 20:00,2.171
10/10/2022 21:00,1.975
10/10/2022 22:00,1.598
10/10/2022 23:00,1.645
10/11/2022 0:00,1.779
10/11/2022 1:00,1.853
10/11/2022 2:00,1.832
10/11/2022 3:00,1.802
10/11/2022 4:00,1.766
10/11/2022 5:00,1.654
10/11/2022 6:00,1.537
10/11/2022 7:00,1.523
10/11/2022 8:00,1.608
10/11/2022 9:00,1.682
10/11/2022 10:00,1.714
10/11/2022 11:00,1.786
10/11/2022 12:00,2.035
10/11/2022 13:00,2.356
10/11/2022 14:00,2.577
10/11/2022 15:00,2.848
10/11/2022 16:00,3.031
10/11/2022 17:00,3.178
10/11/2022 18:00,3.259
10/11/2022 19:00,3.288
10/11/2022 20:00,3.197
10/11/2022 21:00,2.742
10/11/2022 22:00,2.368
10/11/2022 23:00,2.272
10/12/2022 0:00,2.207
10/12/2022 1:00,2.222
10/12/2022 2:00,2.196
10/12/2022 3:00,2.185
10/12/2022 4:00,2.157
10/12/2022 5:00,2.121
10/12/2022 6:00,2.079
10/12/2022 7:00,2.044
10/12/2022 8:00,2
10/12/2022 9:00,1.956
10/12/2022 10:00,1.931
10/12/2022 11:00,1.988
10/12/2022 12:00,2.198
10/12/2022 13:00,2.495
10/12/2022 14:00,2.61
10/12/2022 15:00,2.933
10/12/2022 16:00,3.264
10/12/2022 17:00,3.43
10/12/2022 18:00,3.454
10/12/2022 19:00,3.369
10/12/2022 20:00,3.154
10/12/2022 21:00,2.929
10/12/2022 22:00,2.804
10/12/2022 23:00,2.654
10/13/2022 0:00,2.554
10/13/2022 1:00,2.625
10/13/2022 2:00,2.658
10/13/2022 3:00,2.68
10/13/2022 4:00,2.528
10/13/2022 5:00,2.372
10/13/2022 6:00,2.195
10/13/2022 7:00,2.135
10/13/2022 8:00,1.974
10/13/2022 9:00,1.894
10/13/2022 10:00,1.941
10/13/2022 11:00,2.089
10/13/2022 12:00,2.58
10/13/2022 13:00,2.925
10/13/2022 14:00,2.907
10/13/2022 15:00,3.141
10/13/2022 16:00,3.522
10/13/2022 17:00,3.725
10/13/2022 18:00,3.902
10/13/2022 19:00,3.999
10/13/2022 20:00,3.966
10/13/2022 21:00,3.694
10/13/2022 22:00,3.087
10/13/2022 23:00,2.42
10/14/2022 0:00,2.138
10/14/2022 1:00,2.006
10/14/2022 2:00,1.955
10/14/2022 3:00,1.964
10/14/2022 4:00,1.952
10/14/2022 5:00,1.983
10/14/2022 6:00,1.983
10/14/2022 7:00,1.948
10/14/2022 8:00,1.921
10/14/2022 9:00,1.877
10/14/2022 10:00,1.807
10/14/2022 11:00,1.748
10/14/2022 12:00,1.96
10/14/2022 13:00,2.332
10/14/2022 14:00,2.633
10/14/2022 15:00,2.764
10/14/2022 16:00,2.743
10/14/2022 17:00,2.761
10/14/2022 18:00,2.834
10/14/2022 19:00,2.996
10/14/2022 20:00,2.988
10/14/2022 21:00,2.619
10/14/2022 22:00,2.063
10/14/2022 23:00,1.895
10/15/2022 0:00,1.905
10/15/2022 1:00,2.034
10/15/2022 2:00,2.111
10/15/2022 3:00,2.165
10/15/2022 4:00,2.144
10/15/2022 5:00,2.195
10/15/2022 6:00,2.299
10/15/2022 7:00,2.381
10/15/2022 8:00,2.452
10/15/2022 9:00,2.512
10/15/2022 10:00,2.707
10/15/2022 11:00,2.736
10/15/2022 12:00,2.863
10/15/2022 13:00,3.106
10/15/2022 14:00,3.415
10/15/2022 15:00,3.786
10/15/2022 16:00,3.92
10/15/2022 17:00,3.945
10/15/2022 18:00,3.919
10/15/2022 19:00,3.803
10/15/2022 20:00,3.596
10/15/2022 21:00,3.309
10/15/2022 22:00,2.85
10/15/2022 23:00,2.666
10/16/2022 0:00,2.425
10/16/2022 1:00,2.241
10/16/2022 2:00,2.141
10/16/2022 3:00,2.091
10/16/2022 4:00,2.03
10/16/2022 5:00,1.931
10/16/2022 6:00,1.815
10/16/2022 7:00,1.727
10/16/2022 8:00,1.689
10/16/2022 9:00,1.625
10/16/2022 10:00,1.593
10/16/2022 11:00,1.603
10/16/2022 12:00,1.731
10/16/2022 13:00,2.06
10/16/2022 14:00,2.463
10/16/2022 15:00,2.705
10/16/2022 16:00,2.684
10/16/2022 17:00,2.575
10/16/2022 18:00,2.441
10/16/2022 19:00,2.285
10/16/2022 20:00,2.078
10/16/2022 21:00,1.752
10/16/2022 22:00,1.488
10/16/2022 23:00,1.376
10/17/2022 0:00,1.453
10/17/2022 1:00,1.49
10/17/2022 2:00,1.446
10/17/2022 3:00,1.353
10/17/2022 4:00,1.273
10/17/2022 5:00,1.219
10/17/2022 6:00,1.194
10/17/2022 7:00,1.211
10/17/2022 8:00,1.313
10/17/2022 9:00,1.488
10/17/2022 10:00,1.677
10/17/2022 11:00,1.85
10/17/2022 12:00,2.14
10/17/2022 13:00,2.408
10/17/2022 14:00,2.717
10/17/2022 15:00,3.09
10/17/2022 16:00,3.272
10/17/2022 17:00,3.337
10/17/2022 18:00,3.366
10/17/2022 19:00,3.36
10/17/2022 20:00,3.232
10/17/2022 21:00,2.972
10/17/2022 22:00,2.504
10/17/2022 23:00,2.109
10/18/2022 0:00,2.032
10/18/2022 1:00,2.042
10/18/2022 2:00,1.997
10/18/2022 3:00,1.915
10/18/2022 4:00,1.853
10/18/2022 5:00,1.785
10/18/2022 6:00,1.775
10/18/2022 7:00,1.805
10/18/2022 8:00,1.819
10/18/2022 9:00,1.78
10/18/2022 10:00,1.781
10/18/2022 11:00,1.841
10/18/2022 12:00,1.925
10/18/2022 13:00,2.184
10/18/2022 14:00,2.445
10/18/2022 15:00,2.659
10/18/2022 16:00,2.806
10/18/2022 17:00,2.906
10/18/2022 18:00,2.86
10/18/2022 19:00,2.763
10/18/2022 20:00,2.659
10/18/2022 21:00,2.45
10/18/2022 22:00,2.179
10/18/2022 23:00,2.079
10/19/2022 0:00,2.07
10/19/2022 1:00,2.025
10/19/2022 2:00,1.911
10/19/2022 3:00,1.789
10/19/2022 4:00,1.689
10/19/2022 5:00,1.594
10/19/2022 6:00,1.564
10/19/2022 7:00,1.55
10/19/2022 8:00,1.533
10/19/2022 9:00,1.471
10/19/2022 10:00,1.42
10/19/2022 11:00,1.449
10/19/2022 12:00,1.539
10/19/2022 13:00,1.726
10/19/2022 14:00,1.922
10/19/2022 15:00,2.035
10/19/2022 16:00,2.184
10/19/2022 17:00,2.298
10/19/2022 18:00,2.449
10/19/2022 19:00,2.632
10/19/2022 20:00,2.775
10/19/2022 21:00,2.725
10/19/2022 22:00,2.588
10/19/2022 23:00,2.58
10/20/2022 0:00,2.611
10/20/2022 1:00,2.572
10/20/2022 2:00,2.558
10/20/2022 3:00,2.566
10/20/2022 4:00,2.563
10/20/2022 5:00,2.606
10/20/2022 6:00,2.713
10/20/2022 7:00,2.766
10/20/2022 8:00,2.824
10/20/2022 9:00,2.849
10/20/2022 10:00,2.822
10/20/2022 11:00,2.854
10/20/2022 12:00,2.913
10/20/2022 13:00,3.023
10/20/2022 14:00,3.31
10/20/2022 15:00,3.579
10/20/2022 16:00,3.68
10/20/2022 17:00,3.785
10/20/2022 18:00,3.774
10/20/2022 19:00,3.709
10/20/2022 20:00,3.534
10/20/2022 21:00,3.244
10/20/2022 22:00,2.854
10/20/2022 23:00,2.514
10/21/2022 0:00,2.308
10/21/2022 1:00,2.195
10/21/2022 2:00,2.126
10/21/2022 3:00,2.116
10/21/2022 4:00,2.037
10/21/2022 5:00,1.94
10/21/2022 6:00,1.897
10/21/2022 7:00,1.912
10/21/2022 8:00,1.971
10/21/2022 9:00,2.034
10/21/2022 10:00,2.082
10/21/2022 11:00,2.124
10/21/2022 12:00,2.323
10/21/2022 13:00,2.652
10/21/2022 14:00,2.908
10/21/2022 15:00,3.24
10/21/2022 16:00,3.404
10/21/2022 17:00,3.496
10/21/2022 18:00,3.486
10/21/2022 19:00,3.391
10/21/2022 20:00,3.128
10/21/2022 21:00,2.699
10/21/2022 22:00,2.41
10/21/2022 23:00,2.312
10/22/2022 0:00,2.213
10/22/2022 1:00,2.262
10/22/2022 2:00,2.314
10/22/2022 3:00,2.355
10/22/2022 4:00,2.383
10/22/2022 5:00,2.352
10/22/2022 6:00,2.26
10/22/2022 7:00,2.211
10/22/2022 8:00,2.191
10/22/2022 9:00,2.138
10/22/2022 10:00,2.092
10/22/2022 11:00,2.042
10/22/2022 12:00,2.079
10/22/2022 13:00,2.242
10/22/2022 14:00,2.315
10/22/2022 15:00,2.606
10/22/2022 16:00,2.662
10/22/2022 17:00,2.692
10/22/2022 18:00,2.714
10/22/2022 19:00,2.618
10/22/2022 20:00,2.391
10/22/2022 21:00,1.968
10/22/2022 22:00,1.653
10/22/2022 23:00,1.67
10/23/2022 0:00,1.707
10/23/2022 1:00,1.799
10/23/2022 2:00,1.812
10/23/2022 3:00,1.742
10/23/2022 4:00,1.654
10/23/2022 5:00,1.612
10/23/2022 6:00,1.611
10/23/2022 7:00,1.582
10/23/2022 8:00,1.528
10/23/2022 9:00,1.449
10/23/2022 10:00,1.417
10/23/2022 11:00,1.403
10/23/2022 12:00,1.356
10/23/2022 13:00,1.484
10/23/2022 14:00,1.369
10/23/2022 15:00,1.458
10/23/2022 16:00,1.595
10/23/2022 17:00,1.746
10/23/2022 18:00,1.841
10/23/2022 19:00,1.844
10/23/2022 20:00,1.791
10/23/2022 21:00,1.668
10/23/2022 22:00,1.54
10/23/2022 23:00,1.594
10/24/2022 0:00,1.641
10/24/2022 1:00,1.615
10/24/2022 2:00,1.576
10/24/2022 3:00,1.567
10/24/2022 4:00,1.568
10/24/2022 5:00,1.592
10/24/2022 6:00,1.606
10/24/2022 7:00,1.62
10/24/2022 8:00,1.609
10/24/2022 9:00,1.597
10/24/2022 10:00,1.562
10/24/2022 11:00,1.502
10/24/2022 12:00,1.439
10/24/2022 13:00,1.579
10/24/2022 14:00,1.523
10/24/2022 15:00,1.65
10/24/2022 16:00,1.899
10/24/2022 17:00,2.006
10/24/2022 18:00,2.017
10/24/2022 19:00,1.994
10/24/2022 20:00,1.922
10/24/2022 21:00,1.676
10/24/2022 22:00,1.541
10/24/2022 23:00,1.522
10/25/2022 0:00,1.54
10/25/2022 1:00,1.528
10/25/2022 2:00,1.452
10/25/2022 3:00,1.379
10/25/2022 4:00,1.345
10/25/2022 5:00,1.328
10/25/2022 6:00,1.319
10/25/2022 7:00,1.298
10/25/2022 8:00,1.26
10/25/2022 9:00,1.231
10/25/2022 10:00,1.234
10/25/2022 11:00,1.264
10/25/2022 12:00,1.33
10/25/2022 13:00,1.587
10/25/2022 14:00,1.619
10/25/2022 15:00,1.712
10/25/2022 16:00,1.906
10/25/2022 17:00,2.088
10/25/2022 18:00,2.254
10/25/2022 19:00,2.298
10/25/2022 20:00,2.129
10/25/2022 21:00,1.907
10/25/2022 22:00,1.785
10/25/2022 23:00,1.629
10/26/2022 0:00,1.568
10/26/2022 1:00,1.549
10/26/2022 2:00,1.581
10/26/2022 3:00,1.61
10/26/2022 4:00,1.628
10/26/2022 5:00,1.702
10/26/2022 6:00,1.693
10/26/2022 7:00,1.598
10/26/2022 8:00,1.555
10/26/2022 9:00,1.53
10/26/2022 10:00,1.558
10/26/2022 11:00,1.596
10/26/2022 12:00,1.661
10/26/2022 13:00,1.858
10/26/2022 14:00,2.052
10/26/2022 15:00,2.285
10/26/2022 16:00,2.41
10/26/2022 17:00,2.493
10/26/2022 18:00,2.637
10/26/2022 19:00,2.755
10/26/2022 20:00,2.765
10/26/2022 21:00,2.603
10/26/2022 22:00,2.55
10/26/2022 23:00,2.697
10/27/2022 0:00,2.952
10/27/2022 1:00,3.19
10/27/2022 2:00,3.352
10/27/2022 3:00,3.362
10/27/2022 4:00,3.279
10/27/2022 5:00,3.152
10/27/2022 6:00,3.041
10/27/2022 7:00,2.95
10/27/2022 8:00,2.855
10/27/2022 9:00,2.768
10/27/2022 10:00,2.674
10/27/2022 11:00,2.549
10/27/2022 12:00,2.503
10/27/2022 13:00,2.784
10/27/2022 14:00,2.884
10/27/2022 15:00,2.886
10/27/2022 16:00,2.835
10/27/2022 17:00,2.825
10/27/2022 18:00,2.835
10/27/2022 19:00,2.808
10/27/2022 20:00,2.704
10/27/2022 21:00,2.335
10/27/2022 22:00,1.946
10/27/2022 23:00,1.816
10/28/2022 0:00,1.736
10/28/2022 1:00,1.739
10/28/2022 2:00,1.738
10/28/2022 3:00,1.79
10/28/2022 4:00,1.811
10/28/2022 5:00,1.82
10/28/2022 6:00,1.835
10/28/2022 7:00,1.834
10/28/2022 8:00,1.849
10/28/2022 9:00,1.865
10/28/2022 10:00,1.824
10/28/2022 11:00,1.8
10/28/2022 12:00,1.808
10/28/2022 13:00,2.068
10/28/2022 14:00,2.342
10/28/2022 15:00,2.383
10/28/2022 16:00,2.31
10/28/2022 17:00,2.252
10/28/2022 18:00,2.199
10/28/2022 19:00,2.204
10/28/2022 20:00,2.206
10/28/2022 21:00,2.016
10/28/2022 22:00,1.652
10/28/2022 23:00,1.521
10/29/2022 0:00,1.464
10/29/2022 1:00,1.454
10/29/2022 2:00,1.446
10/29/2022 3:00,1.454
10/29/2022 4:00,1.469
10/29/2022 5:00,1.469
10/29/2022 6:00,1.475
10/29/2022 7:00,1.436
10/29/2022 8:00,1.408
10/29/2022 9:00,1.412
10/29/2022 10:00,1.408
10/29/2022 11:00,1.393
10/29/2022 12:00,1.331
10/29/2022 13:00,1.448
10/29/2022 14:00,1.538
10/29/2022 15:00,1.635
10/29/2022 16:00,1.699
10/29/2022 17:00,1.801
10/29/2022 18:00,1.931
10/29/2022 19:00,1.9
10/29/2022 20:00,1.676
10/29/2022 21:00,1.409
10/29/2022 22:00,1.351
10/29/2022 23:00,1.287
10/30/2022 0:00,1.363
10/30/2022 1:00,1.472
10/30/2022 2:00,1.564
10/30/2022 3:00,1.602
10/30/2022 4:00,1.592
10/30/2022 5:00,1.546
10/30/2022 6:00,1.482
10/30/2022 7:00,1.444
10/30/2022 8:00,1.451
10/30/2022 9:00,1.501
10/30/2022 10:00,1.558
10/30/2022 11:00,1.594
10/30/2022 12:00,1.629
10/30/2022 13:00,1.77
10/30/2022 14:00,1.738
10/30/2022 15:00,1.673
10/30/2022 16:00,1.75
10/30/2022 17:00,1.811
10/30/2022 18:00,1.883
10/30/2022 19:00,1.906
10/30/2022 20:00,1.739
10/30/2022 21:00,1.504
10/30/2022 22:00,1.418
10/30/2022 23:00,1.371
10/31/2022 0:00,1.429
10/31/2022 1:00,1.503
10/31/2022 2:00,1.543
10/31/2022 3:00,1.536
10/31/2022 4:00,1.474
10/31/2022 5:00,1.391
10/31/2022 6:00,1.322
10/31/2022 7:00,1.342
10/31/2022 8:00,1.365
10/31/2022 9:00,1.34
10/31/2022 10:00,1.308
10/31/2022 11:00,1.326
10/31/2022 12:00,1.337
10/31/2022 13:00,1.507
10/31/2022 14:00,1.518
10/31/2022 15:00,1.533
10/31/2022 16:00,1.621
10/31/2022 17:00,1.692
10/31/2022 18:00,1.708
10/31/2022 19:00,1.644
10/31/2022 20:00,1.529
10/31/2022 21:00,1.432
10/31/2022 22:00,1.334
10/31/2022 23:00,1.343
11/1/2022 0:00,1.383
11/1/2022 1:00,1.444
11/1/2022 2:00,1.484
11/1/2022 3:00,1.488
11/1/2022 4:00,1.434
11/1/2022 5:00,1.407
11/1/2022 6:00,1.383
11/1/2022 7:00,1.387
11/1/2022 8:00,1.394
11/1/2022 9:00,1.355
11/1/2022 10:00,1.315
11/1/2022 11:00,1.289
11/1/2022 12:00,1.265
11/1/2022 13:00,1.443
11/1/2022 14:00,1.488
11/1/2022 15:00,1.584
11/1/2022 16:00,1.733
11/1/2022 17:00,1.921
11/1/2022 18:00,2.071
11/1/2022 19:00,2.117
11/1/2022 20:00,1.987
11/1/2022 21:00,1.546
11/1/2022 22:00,1.474
11/1/2022 23:00,1.518
11/2/2022 0:00,1.583
11/2/2022 1:00,1.644
11/2/2022 2:00,1.664
11/2/2022 3:00,1.695
11/2/2022 4:00,1.697
11/2/2022 5:00,1.702
11/2/2022 6:00,1.699
11/2/2022 7:00,1.703
11/2/2022 8:00,1.714
11/2/2022 9:00,1.676
11/2/2022 10:00,1.662
11/2/2022 11:00,1.671
11/2/2022 12:00,1.699
11/2/2022 13:00,1.791
11/2/2022 14:00,1.934
11/2/2022 15:00,2.07
11/2/2022 16:00,2.124
11/2/2022 17:00,2.087
11/2/2022 18:00,2.043
11/2/2022 19:00,1.965
11/2/2022 20:00,1.846
11/2/2022 21:00,1.655
11/2/2022 22:00,1.694
11/2/2022 23:00,1.672
11/3/2022 0:00,1.711
11/3/2022 1:00,1.754
11/3/2022 2:00,1.717
11/3/2022 3:00,1.658
11/3/2022 4:00,1.617
11/3/2022 5:00,1.557
11/3/2022 6:00,1.483
11/3/2022 7:00,1.498
11/3/2022 8:00,1.471
11/3/2022 9:00,1.439
11/3/2022 10:00,1.447
11/3/2022 11:00,1.499
11/3/2022 12:00,1.545
11/3/2022 13:00,1.709
11/3/2022 14:00,1.819
11/3/2022 15:00,2.03
11/3/2022 16:00,2.22
11/3/2022 17:00,2.389
11/3/2022 18:00,2.492
11/3/2022 19:00,2.502
11/3/2022 20:00,2.306
11/3/2022 21:00,1.935
11/3/2022 22:00,1.808
11/3/2022 23:00,1.746
11/4/2022 0:00,1.779
11/4/2022 1:00,1.88
11/4/2022 2:00,1.938
11/4/2022 3:00,1.957
11/4/2022 4:00,1.95
11/4/2022 5:00,1.94
11/4/2022 6:00,1.928
11/4/2022 7:00,1.899
11/4/2022 8:00,1.839
11/4/2022 9:00,1.826
11/4/2022 10:00,1.876
11/4/2022 11:00,1.919
11/4/2022 12:00,2.031
11/4/2022 13:00,2.344
11/4/2022 14:00,2.397
11/4/2022 15:00,2.492
11/4/2022 16:00,2.696
11/4/2022 17:00,2.817
11/4/2022 18:00,2.736
11/4/2022 19:00,2.568
11/4/2022 20:00,2.387
11/4/2022 21:00,2.229
11/4/2022 22:00,2.14
11/4/2022 23:00,2.252
11/5/2022 0:00,2.387
11/5/2022 1:00,2.444
11/5/2022 2:00,2.502
11/5/2022 3:00,2.617
11/5/2022 4:00,2.719
11/5/2022 5:00,2.773
11/5/2022 6:00,2.793
11/5/2022 7:00,2.818
11/5/2022 8:00,2.856
11/5/2022 9:00,2.959
11/5/2022 10:00,3.008
11/5/2022 11:00,3.079
11/5/2022 12:00,3.115
11/5/2022 13:00,3.239
11/5/2022 14:00,3.287
11/5/2022 15:00,3.333
11/5/2022 16:00,3.687
11/5/2022 17:00,3.985
11/5/2022 18:00,4.043
11/5/2022 19:00,3.971
11/5/2022 20:00,3.819
11/5/2022 21:00,3.754
11/5/2022 22:00,3.812
11/5/2022 23:00,3.911
11/6/2022 0:00,3.899
11/6/2022 1:00,3.884
11/6/2022 2:00,3.834
11/6/2022 3:00,3.78
11/6/2022 4:00,3.621
11/6/2022 5:00,3.44
11/6/2022 6:00,3.238
11/6/2022 7:00,3.19
11/6/2022 8:00,3.052
11/6/2022 9:00,2.957
11/6/2022 10:00,2.838
11/6/2022 11:00,2.686
11/6/2022 12:00,2.674
11/6/2022 13:00,2.744
11/6/2022 14:00,2.769
11/6/2022 15:00,2.815
11/6/2022 16:00,2.941
11/6/2022 17:00,2.984
11/6/2022 18:00,2.919
11/6/2022 19:00,2.766
11/6/2022 20:00,2.64
11/6/2022 21:00,2.312
11/6/2022 22:00,2.079
11/6/2022 23:00,2.129
11/7/2022 0:00,2.266
11/7/2022 1:00,2.396
11/7/2022 2:00,2.475
11/7/2022 3:00,2.565
11/7/2022 4:00,2.631
11/7/2022 5:00,2.691
11/7/2022 6:00,2.679
11/7/2022 7:00,2.704
11/7/2022 8:00,2.813
11/7/2022 9:00,2.913
11/7/2022 10:00,2.961
11/7/2022 11:00,3.055
11/7/2022 12:00,3.139
11/7/2022 13:00,3.384
11/7/2022 14:00,3.917
11/7/2022 15:00,4.372
11/7/2022 16:00,4.538
11/7/2022 17:00,4.634
11/7/2022 18:00,4.642
11/7/2022 19:00,4.471
11/7/2022 20:00,4.188
11/7/2022 21:00,3.818
11/7/2022 22:00,3.305
11/7/2022 23:00,3.055
11/8/2022 0:00,2.88
11/8/2022 1:00,2.796
11/8/2022 2:00,2.713
11/8/2022 3:00,2.691
11/8/2022 4:00,2.646
11/8/2022 5:00,2.617
11/8/2022 6:00,2.614
11/8/2022 7:00,2.628
11/8/2022 8:00,2.617
11/8/2022 9:00,2.603
11/8/2022 10:00,2.567
11/8/2022 11:00,2.537
11/8/2022 12:00,2.563
11/8/2022 13:00,2.944
11/8/2022 14:00,3.092
11/8/2022 15:00,3.05
11/8/2022 16:00,2.95
11/8/2022 17:00,2.885
11/8/2022 18:00,2.786
11/8/2022 19:00,2.659
11/8/2022 20:00,2.481
11/8/2022 21:00,2.068
11/8/2022 22:00,1.945
11/8/2022 23:00,1.967
11/9/2022 0:00,2.046
11/9/2022 1:00,2.133
11/9/2022 2:00,2.218
11/9/2022 3:00,2.273
11/9/2022 4:00,2.331
11/9/2022 5:00,2.397
11/9/2022 6:00,2.416
11/9/2022 7:00,2.348
11/9/2022 8:00,2.311
11/9/2022 9:00,2.311
11/9/2022 10:00,2.258
11/9/2022 11:00,2.151
11/9/2022 12:00,2.038
11/9/2022 13:00,2.129
11/9/2022 14:00,2.33
11/9/2022 15:00,2.514
11/9/2022 16:00,2.535
11/9/2022 17:00,2.54
11/9/2022 18:00,2.532
11/9/2022 19:00,2.462
11/9/2022 20:00,2.158
11/9/2022 21:00,1.741
11/9/2022 22:00,1.651
11/9/2022 23:00,1.648
11/10/2022 0:00,1.794
11/10/2022 1:00,1.977
11/10/2022 2:00,2.176
11/10/2022 3:00,2.391
11/10/2022 4:00,2.424
11/10/2022 5:00,2.452
11/10/2022 6:00,2.565
11/10/2022 7:00,2.653
11/10/2022 8:00,2.813
11/10/2022 9:00,2.859
11/10/2022 10:00,2.797
11/10/2022 11:00,2.709
11/10/2022 12:00,2.689
11/10/2022 13:00,2.927
11/10/2022 14:00,3.085
11/10/2022 15:00,3.365
11/10/2022 16:00,3.405
11/10/2022 17:00,3.339
11/10/2022 18:00,3.22
11/10/2022 19:00,3.001
11/10/2022 20:00,2.64
11/10/2022 21:00,2.321
11/10/2022 22:00,2.214
11/10/2022 23:00,2.255
11/11/2022 0:00,2.217
11/11/2022 1:00,2.168
11/11/2022 2:00,2.154
11/11/2022 3:00,2.226
11/11/2022 4:00,2.262
11/11/2022 5:00,2.218
11/11/2022 6:00,2.076
11/11/2022 7:00,1.959
11/11/2022 8:00,1.837
11/11/2022 9:00,1.733
11/11/2022 10:00,1.706
11/11/2022 11:00,1.759
11/11/2022 12:00,1.793
11/11/2022 13:00,1.778
11/11/2022 14:00,1.78
11/11/2022 15:00,1.764
11/11/2022 16:00,1.661
11/11/2022 17:00,1.58
11/11/2022 18:00,1.556
11/11/2022 19:00,1.491
11/11/2022 20:00,1.42
11/11/2022 21:00,1.345
11/11/2022 22:00,1.345
11/11/2022 23:00,1.348
11/12/2022 0:00,1.61
11/12/2022 1:00,1.937
11/12/2022 2:00,2.157
11/12/2022 3:00,2.36
11/12/2022 4:00,2.485
11/12/2022 5:00,2.543
11/12/2022 6:00,2.581
11/12/2022 7:00,2.691
11/12/2022 8:00,2.667
11/12/2022 9:00,2.573
11/12/2022 10:00,2.518
11/12/2022 11:00,2.56
11/12/2022 12:00,2.587
11/12/2022 13:00,2.765
11/12/2022 14:00,2.929
11/12/2022 15:00,2.996
11/12/2022 16:00,3.217
11/12/2022 17:00,3.258
11/12/2022 18:00,3.176
11/12/2022 19:00,3.157
11/12/2022 20:00,2.861
11/12/2022 21:00,2.563
11/12/2022 22:00,2.232
11/12/2022 23:00,2.148
11/13/2022 0:00,2.089
11/13/2022 1:00,2.03
11/13/2022 2:00,1.985
11/13/2022 3:00,1.907
11/13/2022 4:00,1.803
11/13/2022 5:00,1.758
11/13/2022 6:00,1.748
11/13/2022 7:00,1.727
11/13/2022 8:00,1.71
11/13/2022 9:00,1.71
11/13/2022 10:00,1.73
11/13/2022 11:00,1.773
11/13/2022 12:00,1.837
11/13/2022 13:00,2.147
11/13/2022 14:00,2.301
11/13/2022 15:00,2.408
11/13/2022 16:00,2.518
11/13/2022 17:00,2.636
11/13/2022 18:00,2.767
11/13/2022 19:00,2.899
11/13/2022 20:00,2.927
11/13/2022 21:00,2.785
11/13/2022 22:00,2.602
11/13/2022 23:00,2.453
11/14/2022 0:00,2.297
11/14/2022 1:00,2.203
11/14/2022 2:00,2.195
11/14/2022 3:00,2.243
11/14/2022 4:00,2.222
11/14/2022 5:00,2.218
11/14/2022 6:00,2.173
11/14/2022 7:00,2.134
11/14/2022 8:00,2.107
11/14/2022 9:00,2.116
11/14/2022 10:00,2.171
11/14/2022 11:00,2.189
11/14/2022 12:00,2.169
11/14/2022 13:00,2.37
11/14/2022 14:00,2.548
11/14/2022 15:00,2.503
11/14/2022 16:00,2.424
11/14/2022 17:00,2.341
11/14/2022 18:00,2.217
11/14/2022 19:00,2.089
11/14/2022 20:00,1.924
11/14/2022 21:00,1.591
11/14/2022 22:00,1.417
11/14/2022 23:00,1.373
11/15/2022 0:00,1.415
11/15/2022 1:00,1.451
11/15/2022 2:00,1.461
11/15/2022 3:00,1.457
11/15/2022 4:00,1.449
11/15/2022 5:00,1.42
11/15/2022 6:00,1.465
11/15/2022 7:00,1.548
11/15/2022 8:00,1.562
11/15/2022 9:00,1.653
11/15/2022 10:00,1.832
11/15/2022 11:00,2.034
11/15/2022 12:00,2.213
11/15/2022 13:00,2.431
11/15/2022 14:00,2.397
11/15/2022 15:00,2.464
11/15/2022 16:00,2.681
11/15/2022 17:00,2.855
11/15/2022 18:00,2.884
11/15/2022 19:00,2.93
11/15/2022 20:00,2.962
11/15/2022 21:00,2.901
11/15/2022 22:00,2.77
11/15/2022 23:00,2.706
11/16/2022 0:00,2.713
11/16/2022 1:00,2.681
11/16/2022 2:00,2.592
11/16/2022 3:00,2.522
11/16/2022 4:00,2.514
11/16/2022 5:00,2.461
11/16/2022 6:00,2.394
11/16/2022 7:00,2.297
11/16/2022 8:00,2.166
11/16/2022 9:00,2.05
11/16/2022 10:00,1.991
11/16/2022 11:00,1.978
11/16/2022 12:00,2.059
11/16/2022 13:00,2.291
11/16/2022 14:00,2.562
11/16/2022 15:00,2.675
11/16/2022 16:00,2.68
11/16/2022 17:00,2.652
11/16/2022 18:00,2.652
11/16/2022 19:00,2.632
11/16/2022 20:00,2.559
11/16/2022 21:00,2.286
11/16/2022 22:00,2.037
11/16/2022 23:00,1.981
11/17/2022 0:00,1.969
11/17/2022 1:00,2
11/17/2022 2:00,2.072
11/17/2022 3:00,2.156
11/17/2022 4:00,2.219
11/17/2022 5:00,2.277
11/17/2022 6:00,2.368
11/17/2022 7:00,2.421
11/17/2022 8:00,2.482
11/17/2022 9:00,2.615
11/17/2022 10:00,2.761
11/17/2022 11:00,2.884
11/17/2022 12:00,2.994
11/17/2022 13:00,3.22
11/17/2022 14:00,3.516
11/17/2022 15:00,3.693
11/17/2022 16:00,3.856
11/17/2022 17:00,3.915
11/17/2022 18:00,3.893
11/17/2022 19:00,3.743
11/17/2022 20:00,3.457
11/17/2022 21:00,2.982
11/17/2022 22:00,2.639
11/17/2022 23:00,2.613
11/18/2022 0:00,2.777
11/18/2022 1:00,3.069
11/18/2022 2:00,3.315
11/18/2022 3:00,3.471
11/18/2022 4:00,3.477
11/18/2022 5:00,3.459
11/18/2022 6:00,3.429
11/18/2022 7:00,3.383
11/18/2022 8:00,3.352
11/18/2022 9:00,3.312
11/18/2022 10:00,3.24
11/18/2022 11:00,3.173
11/18/2022 12:00,3.123
11/18/2022 13:00,3.196
11/18/2022 14:00,3.398
11/18/2022 15:00,3.544
11/18/2022 16:00,3.654
11/18/2022 17:00,3.716
11/18/2022 18:00,3.669
11/18/2022 19:00,3.564
11/18/2022 20:00,3.349
11/18/2022 21:00,3.047
11/18/2022 22:00,2.81
11/18/2022 23:00,2.787
11/19/2022 0:00,2.913
11/19/2022 1:00,3.05
11/19/2022 2:00,3.118
11/19/2022 3:00,3.132
11/19/2022 4:00,3.142
11/19/2022 5:00,3.157
11/19/2022 6:00,3.138
11/19/2022 7:00,3.129
11/19/2022 8:00,3.115
11/19/2022 9:00,3.103
11/19/2022 10:00,3.089
11/19/2022 11:00,3.103
11/19/2022 12:00,3.177
11/19/2022 13:00,3.425
11/19/2022 14:00,3.697
11/19/2022 15:00,3.914
11/19/2022 16:00,4.03
11/19/2022 17:00,4.013
11/19/2022 18:00,3.92
11/19/2022 19:00,3.78
11/19/2022 20:00,3.593
11/19/2022 21:00,3.42
11/19/2022 22:00,3.307
11/19/2022 23:00,3.332
11/20/2022 0:00,3.425
11/20/2022 1:00,3.478
11/20/2022 2:00,3.496
11/20/2022 3:00,3.541
11/20/2022 4:00,3.588
11/20/2022 5:00,3.621
11/20/2022 6:00,3.682
11/20/2022 7:00,3.763
11/20/2022 8:00,3.836
11/20/2022 9:00,3.832
11/20/2022 10:00,3.855
11/20/2022 11:00,3.924
11/20/2022 12:00,4.04
11/20/2022 13:00,4.228
11/20/2022 14:00,4.466
11/20/2022 15:00,4.564
11/20/2022 16:00,4.556
11/20/2022 17:00,4.503
11/20/2022 18:00,4.458
11/20/2022 19:00,4.363
11/20/2022 20:00,4.101
11/20/2022 21:00,3.785
11/20/2022 22:00,3.482
11/20/2022 23:00,3.326
11/21/2022 0:00,3.242
11/21/2022 1:00,3.147
11/21/2022 2:00,3.019
11/21/2022 3:00,2.89
11/21/2022 4:00,2.783
11/21/2022 5:00,2.715
11/21/2022 6:00,2.694
11/21/2022 7:00,2.703
11/21/2022 8:00,2.733
11/21/2022 9:00,2.755
11/21/2022 10:00,2.918
11/21/2022 11:00,3.103
11/21/2022 12:00,3.381
11/21/2022 13:00,3.619
11/21/2022 14:00,4.03
11/21/2022 15:00,4.408
11/21/2022 16:00,4.593
11/21/2022 17:00,4.664
11/21/2022 18:00,4.585
11/21/2022 19:00,4.416
11/21/2022 20:00,4.183
11/21/2022 21:00,3.823
11/21/2022 22:00,3.624
11/21/2022 23:00,3.594
11/22/2022 0:00,3.526
11/22/2022 1:00,3.373
11/22/2022 2:00,3.188
11/22/2022 3:00,2.954
11/22/2022 4:00,2.785
11/22/2022 5:00,2.648
11/22/2022 6:00,2.44
11/22/2022 7:00,2.157
11/22/2022 8:00,1.934
11/22/2022 9:00,1.755
11/22/2022 10:00,1.552
11/22/2022 11:00,1.501
11/22/2022 12:00,1.604
11/22/2022 13:00,1.763
11/22/2022 14:00,2.073
11/22/2022 15:00,2.325
11/22/2022 16:00,2.523
11/22/2022 17:00,2.627
11/22/2022 18:00,2.59
11/22/2022 19:00,2.367
11/22/2022 20:00,1.984
11/22/2022 21:00,1.696
11/22/2022 22:00,1.661
11/22/2022 23:00,1.722
11/23/2022 0:00,1.739
11/23/2022 1:00,1.707
11/23/2022 2:00,1.676
11/23/2022 3:00,1.669
11/23/2022 4:00,1.64
11/23/2022 5:00,1.599
11/23/2022 6:00,1.6
11/23/2022 7:00,1.624
11/23/2022 8:00,1.671
11/23/2022 9:00,1.665
11/23/2022 10:00,1.618
11/23/2022 11:00,1.543
11/23/2022 12:00,1.534
11/23/2022 13:00,1.648
11/23/2022 14:00,1.802
11/23/2022 15:00,1.761
11/23/2022 16:00,1.822
11/23/2022 17:00,1.888
11/23/2022 18:00,1.772
11/23/2022 19:00,1.582
11/23/2022 20:00,1.335
11/23/2022 21:00,1.353
11/23/2022 22:00,1.359
11/23/2022 23:00,1.44
11/24/2022 0:00,1.622
11/24/2022 1:00,1.776
11/24/2022 2:00,1.879
11/24/2022 3:00,1.917
11/24/2022 4:00,1.885
11/24/2022 5:00,1.835
11/24/2022 6:00,1.749
11/24/2022 7:00,1.677
11/24/2022 8:00,1.638
11/24/2022 9:00,1.625
11/24/2022 10:00,1.671
11/24/2022 11:00,1.743
11/24/2022 12:00,1.81
11/24/2022 13:00,1.996
11/24/2022 14:00,2.095
11/24/2022 15:00,2.143
11/24/2022 16:00,2.153
11/24/2022 17:00,2.128
11/24/2022 18:00,2.114
11/24/2022 19:00,1.933
11/24/2022 20:00,1.647
11/24/2022 21:00,1.67
11/24/2022 22:00,1.731
11/24/2022 23:00,1.812
11/25/2022 0:00,1.883
11/25/2022 1:00,1.964
11/25/2022 2:00,2.033
11/25/2022 3:00,2.216
11/25/2022 4:00,2.456
11/25/2022 5:00,2.593
11/25/2022 6:00,2.515
11/25/2022 7:00,2.396
11/25/2022 8:00,2.521
11/25/2022 9:00,2.687
11/25/2022 10:00,2.797
11/25/2022 11:00,2.788
11/25/2022 12:00,2.89
11/25/2022 13:00,3.097
11/25/2022 14:00,3.289
11/25/2022 15:00,3.558
11/25/2022 16:00,3.707
11/25/2022 17:00,3.894
11/25/2022 18:00,3.917
11/25/2022 19:00,3.778
11/25/2022 20:00,3.483
11/25/2022 21:00,3.137
11/25/2022 22:00,2.867
11/25/2022 23:00,2.744
11/26/2022 0:00,2.65
11/26/2022 1:00,2.565
11/26/2022 2:00,2.479
11/26/2022 3:00,2.421
11/26/2022 4:00,2.409
11/26/2022 5:00,2.394
11/26/2022 6:00,2.372
11/26/2022 7:00,2.354
11/26/2022 8:00,2.371
11/26/2022 9:00,2.338
11/26/2022 10:00,2.339
11/26/2022 11:00,2.409
11/26/2022 12:00,2.518
11/26/2022 13:00,2.831
11/26/2022 14:00,3.007
11/26/2022 15:00,3.388
11/26/2022 16:00,3.69
11/26/2022 17:00,3.825
11/26/2022 18:00,3.824
11/26/2022 19:00,3.706
11/26/2022 20:00,3.419
11/26/2022 21:00,3.139
11/26/2022 22:00,3.068
11/26/2022 23:00,3.101
11/27/2022 0:00,3.172
11/27/2022 1:00,3.18
11/27/2022 2:00,3.13
11/27/2022 3:00,3.001
11/27/2022 4:00,2.867
11/27/2022 5:00,2.734
11/27/2022 6:00,2.64
11/27/2022 7:00,2.475
11/27/2022 8:00,2.343
11/27/2022 9:00,2.234
11/27/2022 10:00,2.104
11/27/2022 11:00,1.982
11/27/2022 12:00,1.857
11/27/2022 13:00,1.734
11/27/2022 14:00,1.704
11/27/2022 15:00,1.825
11/27/2022 16:00,1.944
11/27/2022 17:00,2.268
11/27/2022 18:00,2.447
11/27/2022 19:00,2.416
11/27/2022 20:00,2.555
11/27/2022 21:00,2.26
11/27/2022 22:00,2.156
11/27/2022 23:00,2.54
11/28/2022 0:00,2.825
11/28/2022 1:00,2.994
11/28/2022 2:00,3.087
11/28/2022 3:00,3.165
11/28/2022 4:00,3.211
11/28/2022 5:00,3.255
11/28/2022 6:00,3.139
11/28/2022 7:00,3.08
11/28/2022 8:00,3.15
11/28/2022 9:00,3.12
11/28/2022 10:00,3.027
11/28/2022 11:00,2.914
11/28/2022 12:00,2.92
11/28/2022 13:00,3.187
11/28/2022 14:00,3.4
11/28/2022 15:00,3.337
11/28/2022 16:00,3.147
11/28/2022 17:00,2.975
11/28/2022 18:00,2.869
11/28/2022 19:00,2.742
11/28/2022 20:00,2.449
11/28/2022 21:00,2.139
11/28/2022 22:00,2.149
11/28/2022 23:00,2.127
11/29/2022 0:00,2.14
11/29/2022 1:00,2.098
11/29/2022 2:00,2.007
11/29/2022 3:00,1.914
11/29/2022 4:00,1.899
11/29/2022 5:00,1.891
11/29/2022 6:00,1.885
11/29/2022 7:00,1.835
11/29/2022 8:00,1.813
11/29/2022 9:00,1.798
11/29/2022 10:00,1.818
11/29/2022 11:00,1.832
11/29/2022 12:00,1.922
11/29/2022 13:00,2.047
11/29/2022 14:00,2.318
11/29/2022 15:00,2.476
11/29/2022 16:00,2.566
11/29/2022 17:00,2.559
11/29/2022 18:00,2.452
11/29/2022 19:00,2.345
11/29/2022 20:00,2.343
11/29/2022 21:00,2.504
11/29/2022 22:00,2.752
11/29/2022 23:00,2.994
11/30/2022 0:00,3.143
11/30/2022 1:00,3.207
11/30/2022 2:00,3.174
11/30/2022 3:00,3.192
11/30/2022 4:00,3.083
11/30/2022 5:00,3.124
11/30/2022 6:00,3.166
11/30/2022 7:00,3.156
11/30/2022 8:00,3.366
11/30/2022 9:00,3.383
11/30/2022 10:00,3.434
11/30/2022 11:00,3.522
11/30/2022 12:00,3.593
11/30/2022 13:00,3.442
11/30/2022 14:00,3.658
11/30/2022 15:00,4.335
11/30/2022 16:00,4.784
11/30/2022 17:00,4.845
11/30/2022 18:00,4.859
11/30/2022 19:00,4.883
11/30/2022 20:00,4.883
11/30/2022 21:00,4.7
11/30/2022 22:00,4.634
11/30/2022 23:00,4.72
12/1/2022 0:00,4.705
12/1/2022 1:00,4.674
12/1/2022 2:00,4.723
12/1/2022 3:00,4.684
12/1/2022 4:00,4.609
12/1/2022 5:00,4.541
12/1/2022 6:00,4.447
12/1/2022 7:00,4.349
12/1/2022 8:00,4.301
12/1/2022 9:00,4.35
12/1/2022 10:00,4.363
12/1/2022 11:00,4.291
12/1/2022 12:00,4.143
12/1/2022 13:00,4.14
12/1/2022 14:00,4.263
12/1/2022 15:00,4.421
12/1/2022 16:00,4.377
12/1/2022 17:00,4.232
12/1/2022 18:00,4.038
12/1/2022 19:00,3.802
12/1/2022 20:00,3.471
12/1/2022 21:00,2.917
12/1/2022 22:00,2.489
12/1/2022 23:00,2.304
12/2/2022 0:00,2.2
12/2/2022 1:00,2.104
12/2/2022 2:00,2.013
12/2/2022 3:00,1.925
12/2/2022 4:00,1.839
12/2/2022 5:00,1.81
12/2/2022 6:00,1.857
12/2/2022 7:00,1.911
12/2/2022 8:00,1.942
12/2/2022 9:00,2.003
12/2/2022 10:00,2.181
12/2/2022 11:00,2.372
12/2/2022 12:00,2.561
12/2/2022 13:00,2.798
12/2/2022 14:00,3.048
12/2/2022 15:00,3.283
12/2/2022 16:00,3.376
12/2/2022 17:00,3.41
12/2/2022 18:00,3.44
12/2/2022 19:00,3.258
12/2/2022 20:00,3.009
12/2/2022 21:00,2.992
12/2/2022 22:00,3.084
12/2/2022 23:00,3.22
12/3/2022 0:00,3.242
12/3/2022 1:00,3.045
12/3/2022 2:00,2.938
12/3/2022 3:00,2.958
12/3/2022 4:00,2.941
12/3/2022 5:00,3.089
12/3/2022 6:00,3.365
12/3/2022 7:00,3.62
12/3/2022 8:00,3.631
12/3/2022 9:00,3.742
12/3/2022 10:00,3.812
12/3/2022 11:00,3.9
12/3/2022 12:00,3.97
12/3/2022 13:00,4.151
12/3/2022 14:00,4.398
12/3/2022 15:00,4.762
12/3/2022 16:00,4.875
12/3/2022 17:00,4.967
12/3/2022 18:00,4.904
12/3/2022 19:00,4.842
12/3/2022 20:00,4.756
12/3/2022 21:00,4.529
12/3/2022 22:00,4.312
12/3/2022 23:00,4.106
12/4/2022 0:00,3.954
12/4/2022 1:00,3.856
12/4/2022 2:00,3.799
12/4/2022 3:00,3.713
12/4/2022 4:00,3.598
12/4/2022 5:00,3.514
12/4/2022 6:00,3.426
12/4/2022 7:00,3.305
12/4/2022 8:00,3.21
12/4/2022 9:00,3.132
12/4/2022 10:00,3.025
12/4/2022 11:00,2.966
12/4/2022 12:00,2.91
12/4/2022 13:00,3.112
12/4/2022 14:00,3.414
12/4/2022 15:00,3.57
12/4/2022 16:00,3.693
12/4/2022 17:00,3.774
12/4/2022 18:00,3.813
12/4/2022 19:00,3.808
12/4/2022 20:00,3.534
12/4/2022 21:00,2.992
12/4/2022 22:00,2.747
12/4/2022 23:00,2.84
12/5/2022 0:00,3.044
12/5/2022 1:00,3.101
12/5/2022 2:00,3.088
12/5/2022 3:00,3.028
12/5/2022 4:00,2.961
12/5/2022 5:00,2.913
12/5/2022 6:00,2.861
12/5/2022 7:00,2.863
12/5/2022 8:00,2.9
12/5/2022 9:00,2.925
12/5/2022 10:00,2.92
12/5/2022 11:00,2.86
12/5/2022 12:00,2.79
12/5/2022 13:00,2.876
12/5/2022 14:00,3.12
12/5/2022 15:00,3.438
12/5/2022 16:00,3.51
12/5/2022 17:00,3.392
12/5/2022 18:00,3.126
12/5/2022 19:00,2.685
12/5/2022 20:00,2.254
12/5/2022 21:00,2.016
12/5/2022 22:00,1.936
12/5/2022 23:00,1.918
12/6/2022 0:00,1.972
12/6/2022 1:00,2.042
12/6/2022 2:00,2.087
12/6/2022 3:00,2.129
12/6/2022 4:00,2.194
12/6/2022 5:00,2.126
12/6/2022 6:00,1.919
12/6/2022 7:00,1.62
12/6/2022 8:00,1.393
12/6/2022 9:00,1.236
12/6/2022 10:00,1.147
12/6/2022 11:00,1.235
12/6/2022 12:00,1.339
12/6/2022 13:00,1.388
12/6/2022 14:00,1.455
12/6/2022 15:00,1.501
12/6/2022 16:00,1.413
12/6/2022 17:00,1.361
12/6/2022 18:00,1.424
12/6/2022 19:00,1.559
12/6/2022 20:00,1.636
12/6/2022 21:00,1.478
12/6/2022 22:00,1.495
12/6/2022 23:00,1.606
12/7/2022 0:00,1.697
12/7/2022 1:00,1.693
12/7/2022 2:00,1.621
12/7/2022 3:00,1.528
12/7/2022 4:00,1.468
12/7/2022 5:00,1.422
12/7/2022 6:00,1.307
12/7/2022 7:00,1.373
12/7/2022 8:00,1.525
12/7/2022 9:00,1.606
12/7/2022 10:00,1.663
12/7/2022 11:00,1.755
12/7/2022 12:00,1.895
12/7/2022 13:00,2.029
12/7/2022 14:00,2.146
12/7/2022 15:00,2.141
12/7/2022 16:00,2.082
12/7/2022 17:00,2.07
12/7/2022 18:00,2.008
12/7/2022 19:00,1.869
12/7/2022 20:00,1.642
12/7/2022 21:00,1.468
12/7/2022 22:00,1.511
12/7/2022 23:00,1.621
12/8/2022 0:00,1.748
12/8/2022 1:00,1.801
12/8/2022 2:00,1.848
12/8/2022 3:00,1.929
12/8/2022 4:00,2.055
12/8/2022 5:00,2.208
12/8/2022 6:00,2.22
12/8/2022 7:00,2.169
12/8/2022 8:00,2.091
12/8/2022 9:00,2.01
12/8/2022 10:00,1.953
12/8/2022 11:00,1.949
12/8/2022 12:00,1.968
12/8/2022 13:00,2.15
12/8/2022 14:00,2.406
12/8/2022 15:00,2.4
12/8/2022 16:00,2.239
12/8/2022 17:00,2.055
12/8/2022 18:00,1.877
12/8/2022 19:00,1.692
12/8/2022 20:00,1.486
12/8/2022 21:00,1.348
12/8/2022 22:00,1.473
12/8/2022 23:00,1.692
12/9/2022 0:00,1.937
12/9/2022 1:00,2.089
12/9/2022 2:00,2.102
12/9/2022 3:00,2.046
12/9/2022 4:00,1.957
12/9/2022 5:00,1.879
12/9/2022 6:00,1.825
12/9/2022 7:00,1.791
12/9/2022 8:00,1.772
12/9/2022 9:00,1.813
12/9/2022 10:00,1.887
12/9/2022 11:00,1.945
12/9/2022 12:00,2.019
12/9/2022 13:00,2.349
12/9/2022 14:00,2.614
12/9/2022 15:00,2.739
12/9/2022 16:00,2.826
12/9/2022 17:00,2.905
12/9/2022 18:00,2.983
12/9/2022 19:00,3.035
12/9/2022 20:00,2.912
12/9/2022 21:00,2.599
12/9/2022 22:00,2.757
12/9/2022 23:00,3.011
12/10/2022 0:00,3.195
12/10/2022 1:00,3.306
12/10/2022 2:00,3.375
12/10/2022 3:00,3.398
12/10/2022 4:00,3.372
12/10/2022 5:00,3.338
12/10/2022 6:00,3.286
12/10/2022 7:00,3.202
12/10/2022 8:00,3.159
12/10/2022 9:00,3.179
12/10/2022 10:00,3.208
12/10/2022 11:00,3.221
12/10/2022 12:00,3.276
12/10/2022 13:00,3.477
12/10/2022 14:00,3.764
12/10/2022 15:00,3.717
12/10/2022 16:00,3.577
12/10/2022 17:00,3.524
12/10/2022 18:00,3.453
12/10/2022 19:00,3.332
12/10/2022 20:00,3.142
12/10/2022 21:00,2.915
12/10/2022 22:00,2.975
12/10/2022 23:00,3.045
12/11/2022 0:00,3.097
12/11/2022 1:00,3.054
12/11/2022 2:00,2.936
12/11/2022 3:00,2.822
12/11/2022 4:00,2.691
12/11/2022 5:00,2.555
12/11/2022 6:00,2.431
12/11/2022 7:00,2.24
12/11/2022 8:00,2.075
12/11/2022 9:00,1.945
12/11/2022 10:00,1.872
12/11/2022 11:00,1.824
12/11/2022 12:00,1.803
12/11/2022 13:00,1.869
12/11/2022 14:00,2.014
12/11/2022 15:00,2.141
12/11/2022 16:00,2.295
12/11/2022 17:00,2.435
12/11/2022 18:00,2.522
12/11/2022 19:00,2.526
12/11/2022 20:00,2.408
12/11/2022 21:00,2.215
12/11/2022 22:00,2.183
12/11/2022 23:00,2.2
12/12/2022 0:00,2.2
12/12/2022 1:00,2.15
12/12/2022 2:00,2.076
12/12/2022 3:00,1.982
12/12/2022 4:00,1.93
12/12/2022 5:00,1.933
12/12/2022 6:00,1.957
12/12/2022 7:00,1.977
12/12/2022 8:00,1.965
12/12/2022 9:00,1.959
12/12/2022 10:00,1.957
12/12/2022 11:00,1.957
12/12/2022 12:00,1.975
12/12/2022 13:00,2.135
12/12/2022 14:00,2.266
12/12/2022 15:00,2.153
12/12/2022 16:00,2.006
12/12/2022 17:00,1.888
12/12/2022 18:00,1.868
12/12/2022 19:00,1.836
12/12/2022 20:00,1.704
12/12/2022 21:00,1.414
12/12/2022 22:00,1.382
12/12/2022 23:00,1.435
12/13/2022 0:00,1.498
12/13/2022 1:00,1.511
12/13/2022 2:00,1.529
12/13/2022 3:00,1.559
12/13/2022 4:00,1.607
12/13/2022 5:00,1.661
12/13/2022 6:00,1.689
12/13/2022 7:00,1.69
12/13/2022 8:00,1.677
12/13/2022 9:00,1.635
12/13/2022 10:00,1.623
12/13/2022 11:00,1.67
12/13/2022 12:00,1.706
12/13/2022 13:00,1.82
12/13/2022 14:00,1.996
12/13/2022 15:00,2.004
12/13/2022 16:00,1.978
12/13/2022 17:00,1.954
12/13/2022 18:00,1.97
12/13/2022 19:00,2.028
12/13/2022 20:00,1.977
12/13/2022 21:00,1.764
12/13/2022 22:00,1.854
12/13/2022 23:00,1.958
12/14/2022 0:00,2.076
12/14/2022 1:00,2.185
12/14/2022 2:00,2.293
12/14/2022 3:00,2.418
12/14/2022 4:00,2.459
12/14/2022 5:00,2.468
12/14/2022 6:00,2.493
12/14/2022 7:00,2.568
12/14/2022 8:00,2.508
12/14/2022 9:00,2.645
12/14/2022 10:00,2.623
12/14/2022 11:00,2.589
12/14/2022 12:00,2.608
12/14/2022 13:00,2.777
12/14/2022 14:00,2.913
12/14/2022 15:00,2.921
12/14/2022 16:00,2.754
12/14/2022 17:00,2.573
12/14/2022 18:00,2.552
12/14/2022 19:00,2.657
12/14/2022 20:00,2.639
12/14/2022 21:00,2.466
12/14/2022 22:00,2.498
12/14/2022 23:00,2.633
12/15/2022 0:00,2.791
12/15/2022 1:00,2.982
12/15/2022 2:00,3.055
12/15/2022 3:00,3.263
12/15/2022 4:00,3.413
12/15/2022 5:00,3.399
12/15/2022 6:00,3.714
12/15/2022 7:00,3.866
12/15/2022 8:00,4.042
12/15/2022 9:00,4.172
12/15/2022 10:00,4.297
12/15/2022 11:00,4.506
12/15/2022 12:00,4.53
12/15/2022 13:00,4.449
12/15/2022 14:00,4.356
12/15/2022 15:00,4.389
12/15/2022 16:00,4.358
12/15/2022 17:00,4.224
12/15/2022 18:00,4.053
12/15/2022 19:00,3.877
12/15/2022 20:00,3.689
12/15/2022 21:00,3.354
12/15/2022 22:00,3.299
12/15/2022 23:00,3.335
12/16/2022 0:00,3.338
12/16/2022 1:00,3.306
12/16/2022 2:00,3.177
12/16/2022 3:00,3.186
12/16/2022 4:00,3.137
12/16/2022 5:00,3.015
12/16/2022 6:00,3.032
12/16/2022 7:00,2.925
12/16/2022 8:00,2.784
12/16/2022 9:00,2.628
12/16/2022 10:00,2.514
12/16/2022 11:00,2.399
12/16/2022 12:00,2.293
12/16/2022 13:00,2.264
12/16/2022 14:00,2.338
12/16/2022 15:00,2.387
12/16/2022 16:00,2.45
12/16/2022 17:00,2.501
12/16/2022 18:00,2.513
12/16/2022 19:00,2.432
12/16/2022 20:00,2.221
12/16/2022 21:00,2.071
12/16/2022 22:00,2.076
12/16/2022 23:00,2.169
12/17/2022 0:00,2.28
12/17/2022 1:00,2.429
12/17/2022 2:00,2.619
12/17/2022 3:00,2.762
12/17/2022 4:00,2.767
12/17/2022 5:00,2.74
12/17/2022 6:00,2.712
12/17/2022 7:00,2.673
12/17/2022 8:00,2.64
12/17/2022 9:00,2.665
12/17/2022 10:00,2.685
12/17/2022 11:00,2.719
12/17/2022 12:00,2.75
12/17/2022 13:00,2.848
12/17/2022 14:00,2.981
12/17/2022 15:00,3.107
12/17/2022 16:00,3.194
12/17/2022 17:00,3.179
12/17/2022 18:00,3.124
12/17/2022 19:00,2.976
12/17/2022 20:00,2.791
12/17/2022 21:00,2.594
12/17/2022 22:00,2.447
12/17/2022 23:00,2.371
12/18/2022 0:00,2.373
12/18/2022 1:00,2.397
12/18/2022 2:00,2.41
12/18/2022 3:00,2.421
12/18/2022 4:00,2.494
12/18/2022 5:00,2.585
12/18/2022 6:00,2.677
12/18/2022 7:00,2.73
12/18/2022 8:00,2.792
12/18/2022 9:00,2.751
12/18/2022 10:00,2.707
12/18/2022 11:00,2.728
12/18/2022 12:00,2.751
12/18/2022 13:00,2.803
12/18/2022 14:00,3.017
12/18/2022 15:00,3.302
12/18/2022 16:00,3.515
12/18/2022 17:00,3.66
12/18/2022 18:00,3.641
12/18/2022 19:00,3.457
12/18/2022 20:00,3.225
12/18/2022 21:00,3.181
12/18/2022 22:00,3.233
12/18/2022 23:00,3.185
12/19/2022 0:00,3.236
12/19/2022 1:00,3.237
12/19/2022 2:00,3.231
12/19/2022 3:00,3.217
12/19/2022 4:00,3.2
12/19/2022 5:00,3.17
12/19/2022 6:00,3.077
12/19/2022 7:00,2.982
12/19/2022 8:00,2.887
12/19/2022 9:00,2.816
12/19/2022 10:00,2.756
12/19/2022 11:00,2.737
12/19/2022 12:00,2.783
12/19/2022 13:00,2.829
12/19/2022 14:00,2.942
12/19/2022 15:00,3.149
12/19/2022 16:00,3.287
12/19/2022 17:00,3.358
12/19/2022 18:00,3.343
12/19/2022 19:00,3.213
12/19/2022 20:00,2.953
12/19/2022 21:00,2.683
12/19/2022 22:00,2.499
12/19/2022 23:00,2.338
12/20/2022 0:00,2.276
12/20/2022 1:00,2.209
12/20/2022 2:00,2.135
12/20/2022 3:00,2.069
12/20/2022 4:00,2.023
12/20/2022 5:00,1.979
12/20/2022 6:00,1.926
12/20/2022 7:00,1.856
12/20/2022 8:00,1.812
12/20/2022 9:00,1.78
12/20/2022 10:00,1.734
12/20/2022 11:00,1.685
12/20/2022 12:00,1.645
12/20/2022 13:00,1.655
12/20/2022 14:00,1.755
12/20/2022 15:00,1.914
12/20/2022 16:00,2.048
12/20/2022 17:00,2.127
12/20/2022 18:00,2.175
12/20/2022 19:00,2.074
12/20/2022 20:00,1.905
12/20/2022 21:00,1.762
12/20/2022 22:00,1.73
12/20/2022 23:00,1.792
12/21/2022 0:00,1.879
12/21/2022 1:00,1.952
12/21/2022 2:00,1.975
12/21/2022 3:00,1.914
12/21/2022 4:00,1.897
12/21/2022 5:00,1.959
12/21/2022 6:00,2.028
12/21/2022 7:00,2.087
12/21/2022 8:00,2.173
12/21/2022 9:00,2.252
12/21/2022 10:00,2.241
12/21/2022 11:00,2.193
12/21/2022 12:00,2.206
12/21/2022 13:00,2.306
12/21/2022 14:00,2.501
12/21/2022 15:00,2.747
12/21/2022 16:00,2.823
12/21/2022 17:00,2.849
12/21/2022 18:00,2.787
12/21/2022 19:00,2.569
12/21/2022 20:00,2.227
12/21/2022 21:00,1.973
12/21/2022 22:00,1.883
12/21/2022 23:00,1.807
12/22/2022 0:00,1.857
12/22/2022 1:00,1.958
12/22/2022 2:00,2.048
12/22/2022 3:00,2.133
12/22/2022 4:00,2.219
12/22/2022 5:00,2.276
12/22/2022 6:00,2.352
12/22/2022 7:00,2.452
12/22/2022 8:00,2.53
12/22/2022 9:00,2.583
12/22/2022 10:00,2.625
12/22/2022 11:00,2.65
12/22/2022 12:00,2.663
12/22/2022 13:00,2.732
12/22/2022 14:00,2.887
12/22/2022 15:00,2.954
12/22/2022 16:00,2.978
12/22/2022 17:00,2.909
12/22/2022 18:00,2.915
12/22/2022 19:00,2.893
12/22/2022 20:00,2.885
12/22/2022 21:00,2.984
12/22/2022 22:00,3.035
12/22/2022 23:00,3.197
12/23/2022 0:00,3.487
12/23/2022 1:00,3.641
12/23/2022 2:00,3.737
12/23/2022 3:00,3.819
12/23/2022 4:00,3.847
12/23/2022 5:00,3.768
12/23/2022 6:00,3.742
12/23/2022 7:00,3.8
12/23/2022 8:00,3.869
12/23/2022 9:00,3.941
12/23/2022 10:00,4.039
12/23/2022 11:00,3.819
12/23/2022 12:00,4.056
12/23/2022 13:00,5.022
12/23/2022 14:00,5.789
12/23/2022 15:00,6.417
12/23/2022 16:00,6.779
12/23/2022 17:00,6.814
12/23/2022 18:00,6.848
12/23/2022 19:00,6.795
12/23/2022 20:00,7.198
12/23/2022 21:00,7.276
12/23/2022 22:00,7.022
12/23/2022 23:00,6.83
12/24/2022 0:00,6.674
12/24/2022 1:00,6.548
12/24/2022 2:00,6.544
12/24/2022 3:00,6.578
12/24/2022 4:00,6.583
12/24/2022 5:00,6.551
12/24/2022 6:00,6.472
12/24/2022 7:00,6.406
12/24/2022 8:00,6.363
12/24/2022 9:00,6.333
12/24/2022 10:00,6.305
12/24/2022 11:00,6.233
12/24/2022 12:00,6.163
12/24/2022 13:00,6.117
12/24/2022 14:00,6.111
12/24/2022 15:00,6.224
12/24/2022 16:00,6.334
12/24/2022 17:00,6.422
12/24/2022 18:00,6.367
12/24/2022 19:00,6.292
12/24/2022 20:00,6.193
12/24/2022 21:00,6.04
12/24/2022 22:00,5.887
12/24/2022 23:00,5.788
12/25/2022 0:00,5.688
12/25/2022 1:00,5.531
12/25/2022 2:00,5.399
12/25/2022 3:00,5.302
12/25/2022 4:00,5.307
12/25/2022 5:00,5.303
12/25/2022 6:00,5.276
12/25/2022 7:00,5.227
12/25/2022 8:00,5.124
12/25/2022 9:00,4.928
12/25/2022 10:00,4.706
12/25/2022 11:00,4.62
12/25/2022 12:00,4.59
12/25/2022 13:00,4.582
12/25/2022 14:00,4.632
12/25/2022 15:00,4.766
12/25/2022 16:00,4.892
12/25/2022 17:00,4.966
12/25/2022 18:00,4.895
12/25/2022 19:00,4.728
12/25/2022 20:00,4.517
12/25/2022 21:00,4.311
12/25/2022 22:00,4.054
12/25/2022 23:00,3.874
12/26/2022 0:00,3.738
12/26/2022 1:00,3.612
12/26/2022 2:00,3.487
12/26/2022 3:00,3.382
12/26/2022 4:00,3.301
12/26/2022 5:00,3.218
12/26/2022 6:00,3.13
12/26/2022 7:00,3.099
12/26/2022 8:00,3.156
12/26/2022 9:00,3.14
12/26/2022 10:00,3.079
12/26/2022 11:00,3.056
12/26/2022 12:00,3.015
12/26/2022 13:00,2.984
12/26/2022 14:00,3.076
12/26/2022 15:00,3.271
12/26/2022 16:00,3.382
12/26/2022 17:00,3.337
12/26/2022 18:00,3.231
12/26/2022 19:00,3.109
12/26/2022 20:00,2.929
12/26/2022 21:00,2.757
12/26/2022 22:00,2.771
12/26/2022 23:00,2.955
12/27/2022 0:00,3.134
12/27/2022 1:00,3.258
12/27/2022 2:00,3.33
12/27/2022 3:00,3.27
12/27/2022 4:00,3.173
12/27/2022 5:00,3.095
12/27/2022 6:00,2.987
12/27/2022 7:00,2.833
12/27/2022 8:00,2.756
12/27/2022 9:00,2.757
12/27/2022 10:00,2.731
12/27/2022 11:00,2.63
12/27/2022 12:00,2.528
12/27/2022 13:00,2.521
12/27/2022 14:00,2.728
12/27/2022 15:00,2.944
12/27/2022 16:00,3.045
12/27/2022 17:00,3.018
12/27/2022 18:00,2.854
12/27/2022 19:00,2.586
12/27/2022 20:00,2.275
12/27/2022 21:00,2.165
12/27/2022 22:00,2.185
12/27/2022 23:00,2.31
12/28/2022 0:00,2.467
12/28/2022 1:00,2.634
12/28/2022 2:00,2.796
12/28/2022 3:00,2.87
12/28/2022 4:00,2.857
12/28/2022 5:00,2.819
12/28/2022 6:00,2.77
12/28/2022 7:00,2.678
12/28/2022 8:00,2.621
12/28/2022 9:00,2.715
12/28/2022 10:00,2.832
12/28/2022 11:00,2.892
12/28/2022 12:00,2.894
12/28/2022 13:00,2.954
12/28/2022 14:00,3.123
12/28/2022 15:00,3.237
12/28/2022 16:00,3.244
12/28/2022 17:00,3.121
12/28/2022 18:00,2.952
12/28/2022 19:00,2.629
12/28/2022 20:00,2.364
12/28/2022 21:00,2.099
12/28/2022 22:00,2.077
12/28/2022 23:00,2.146
12/29/2022 0:00,2.268
12/29/2022 1:00,2.395
12/29/2022 2:00,2.475
12/29/2022 3:00,2.453
12/29/2022 4:00,2.376
12/29/2022 5:00,2.301
12/29/2022 6:00,2.25
12/29/2022 7:00,2.217
12/29/2022 8:00,2.239
12/29/2022 9:00,2.316
12/29/2022 10:00,2.418
12/29/2022 11:00,2.506
12/29/2022 12:00,2.579
12/29/2022 13:00,2.678
12/29/2022 14:00,2.79
12/29/2022 15:00,2.909
12/29/2022 16:00,2.878
12/29/2022 17:00,2.743
12/29/2022 18:00,2.696
12/29/2022 19:00,2.72
12/29/2022 20:00,2.718
12/29/2022 21:00,2.617
12/29/2022 22:00,2.562
12/29/2022 23:00,2.62
12/30/2022 0:00,2.632
12/30/2022 1:00,2.648
12/30/2022 2:00,2.716
12/30/2022 3:00,2.653
12/30/2022 4:00,2.662
12/30/2022 5:00,2.675
12/30/2022 6:00,2.608
12/30/2022 7:00,2.548
12/30/2022 8:00,2.531
12/30/2022 9:00,2.474
12/30/2022 10:00,2.609
12/30/2022 11:00,2.678
12/30/2022 12:00,2.586
12/30/2022 13:00,2.596
12/30/2022 14:00,2.731
12/30/2022 15:00,2.744
12/30/2022 16:00,2.713
12/30/2022 17:00,2.876
12/30/2022 18:00,2.803
12/30/2022 19:00,2.537
12/30/2022 20:00,2.276
12/30/2022 21:00,2.13
12/30/2022 22:00,2.133
12/30/2022 23:00,2.235
12/31/2022 0:00,2.326
12/31/2022 1:00,2.302
12/31/2022 2:00,2.138
12/31/2022 3:00,1.957
12/31/2022 4:00,1.692
12/31/2022 5:00,1.528
12/31/2022 6:00,1.417
12/31/2022 7:00,1.3
12/31/2022 8:00,1.225
12/31/2022 9:00,1.232
12/31/2022 10:00,1.305
12/31/2022 11:00,1.35
12/31/2022 12:00,1.329
12/31/2022 13:00,1.268
12/31/2022 14:00,1.227
12/31/2022 15:00,1.211
12/31/2022 16:00,1.239
12/31/2022 17:00,1.377
12/31/2022 18:00,1.433
12/31/2022 19:00,1.446
12/31/2022 20:00,1.47
12/31/2022 21:00,1.541
12/31/2022 22:00,1.706
12/31/2022 23:00,1.936
