# Renewables.ninja Weather (hourly 1980-2022)  -  China  -  renewables_ninja_country_CN_irradiance-surface_merra-2_pop-wtd.csv  -  Version 1.4,
# License: https://creativecommons.org/licenses/by-nc/4.0/  -  Reference: https://doi.org/10.1038/s41560-023-01341-5,
# Units: time in UTC; other columns are the irradiance at ground level in W/m^2 (SWGDN in MERRA-2) weighted by population; column names signify country ISO2 code or GADM level1 code.,
,
1/1/2022 0:00,124.237
1/1/2022 1:00,261.798
1/1/2022 2:00,379.406
1/1/2022 3:00,456.092
1/1/2022 4:00,486.552
1/1/2022 5:00,457.681
1/1/2022 6:00,376.612
1/1/2022 7:00,255.003
1/1/2022 8:00,117.028
1/1/2022 9:00,23.568
1/1/2022 10:00,1.528
1/1/2022 11:00,0.062
1/1/2022 12:00,0
1/1/2022 13:00,0
1/1/2022 14:00,0
1/1/2022 15:00,0
1/1/2022 16:00,0
1/1/2022 17:00,0
1/1/2022 18:00,0
1/1/2022 19:00,0
1/1/2022 20:00,0
1/1/2022 21:00,0
1/1/2022 22:00,0.039
1/1/2022 23:00,22.463
1/2/2022 0:00,137.841
1/2/2022 1:00,293.754
1/2/2022 2:00,434.354
1/2/2022 3:00,516.575
1/2/2022 4:00,541.095
1/2/2022 5:00,501.696
1/2/2022 6:00,395.093
1/2/2022 7:00,259.758
1/2/2022 8:00,115.55
1/2/2022 9:00,23.629
1/2/2022 10:00,1.446
1/2/2022 11:00,0.049
1/2/2022 12:00,0
1/2/2022 13:00,0
1/2/2022 14:00,0
1/2/2022 15:00,0
1/2/2022 16:00,0
1/2/2022 17:00,0
1/2/2022 18:00,0
1/2/2022 19:00,0
1/2/2022 20:00,0
1/2/2022 21:00,0
1/2/2022 22:00,0.047
1/2/2022 23:00,20.796
1/3/2022 0:00,121.798
1/3/2022 1:00,262.155
1/3/2022 2:00,397.117
1/3/2022 3:00,474.709
1/3/2022 4:00,499.255
1/3/2022 5:00,460.992
1/3/2022 6:00,372.575
1/3/2022 7:00,241.972
1/3/2022 8:00,105.495
1/3/2022 9:00,21.038
1/3/2022 10:00,1.399
1/3/2022 11:00,0.042
1/3/2022 12:00,0
1/3/2022 13:00,0
1/3/2022 14:00,0
1/3/2022 15:00,0
1/3/2022 16:00,0
1/3/2022 17:00,0
1/3/2022 18:00,0
1/3/2022 19:00,0
1/3/2022 20:00,0
1/3/2022 21:00,0
1/3/2022 22:00,0.054
1/3/2022 23:00,20.253
1/4/2022 0:00,111.905
1/4/2022 1:00,236.911
1/4/2022 2:00,347.159
1/4/2022 3:00,410.375
1/4/2022 4:00,427.735
1/4/2022 5:00,393.186
1/4/2022 6:00,313.88
1/4/2022 7:00,205.674
1/4/2022 8:00,95.081
1/4/2022 9:00,22.326
1/4/2022 10:00,1.636
1/4/2022 11:00,0.067
1/4/2022 12:00,0
1/4/2022 13:00,0
1/4/2022 14:00,0
1/4/2022 15:00,0
1/4/2022 16:00,0
1/4/2022 17:00,0
1/4/2022 18:00,0
1/4/2022 19:00,0
1/4/2022 20:00,0
1/4/2022 21:00,0
1/4/2022 22:00,0.047
1/4/2022 23:00,14.823
1/5/2022 0:00,85.38
1/5/2022 1:00,186.42
1/5/2022 2:00,282.763
1/5/2022 3:00,352.379
1/5/2022 4:00,376.596
1/5/2022 5:00,354.408
1/5/2022 6:00,291.414
1/5/2022 7:00,194.472
1/5/2022 8:00,90.95
1/5/2022 9:00,21.261
1/5/2022 10:00,1.56
1/5/2022 11:00,0.054
1/5/2022 12:00,0
1/5/2022 13:00,0
1/5/2022 14:00,0
1/5/2022 15:00,0
1/5/2022 16:00,0
1/5/2022 17:00,0
1/5/2022 18:00,0
1/5/2022 19:00,0
1/5/2022 20:00,0
1/5/2022 21:00,0
1/5/2022 22:00,0.047
1/5/2022 23:00,18.628
1/6/2022 0:00,107.712
1/6/2022 1:00,231.622
1/6/2022 2:00,339.811
1/6/2022 3:00,405.415
1/6/2022 4:00,426.985
1/6/2022 5:00,394.157
1/6/2022 6:00,315.337
1/6/2022 7:00,204.908
1/6/2022 8:00,90.629
1/6/2022 9:00,19.183
1/6/2022 10:00,1.753
1/6/2022 11:00,0.087
1/6/2022 12:00,0
1/6/2022 13:00,0
1/6/2022 14:00,0
1/6/2022 15:00,0
1/6/2022 16:00,0
1/6/2022 17:00,0
1/6/2022 18:00,0
1/6/2022 19:00,0
1/6/2022 20:00,0
1/6/2022 21:00,0
1/6/2022 22:00,0.048
1/6/2022 23:00,18.544
1/7/2022 0:00,102.811
1/7/2022 1:00,213.631
1/7/2022 2:00,316.444
1/7/2022 3:00,383.403
1/7/2022 4:00,409.071
1/7/2022 5:00,381.437
1/7/2022 6:00,307.595
1/7/2022 7:00,201.108
1/7/2022 8:00,90.929
1/7/2022 9:00,20.187
1/7/2022 10:00,1.733
1/7/2022 11:00,0.054
1/7/2022 12:00,0
1/7/2022 13:00,0
1/7/2022 14:00,0
1/7/2022 15:00,0
1/7/2022 16:00,0
1/7/2022 17:00,0
1/7/2022 18:00,0
1/7/2022 19:00,0
1/7/2022 20:00,0
1/7/2022 21:00,0
1/7/2022 22:00,0.074
1/7/2022 23:00,20.057
1/8/2022 0:00,110.479
1/8/2022 1:00,234.558
1/8/2022 2:00,344.891
1/8/2022 3:00,411.354
1/8/2022 4:00,430.821
1/8/2022 5:00,395.638
1/8/2022 6:00,315.973
1/8/2022 7:00,206.752
1/8/2022 8:00,95.324
1/8/2022 9:00,21.826
1/8/2022 10:00,1.852
1/8/2022 11:00,0.083
1/8/2022 12:00,0
1/8/2022 13:00,0
1/8/2022 14:00,0
1/8/2022 15:00,0
1/8/2022 16:00,0
1/8/2022 17:00,0
1/8/2022 18:00,0
1/8/2022 19:00,0
1/8/2022 20:00,0
1/8/2022 21:00,0
1/8/2022 22:00,0.05
1/8/2022 23:00,16.066
1/9/2022 0:00,92.4
1/9/2022 1:00,202.502
1/9/2022 2:00,312.419
1/9/2022 3:00,387.287
1/9/2022 4:00,415.249
1/9/2022 5:00,390.553
1/9/2022 6:00,316.521
1/9/2022 7:00,207.642
1/9/2022 8:00,93.649
1/9/2022 9:00,21.522
1/9/2022 10:00,1.952
1/9/2022 11:00,0.084
1/9/2022 12:00,0
1/9/2022 13:00,0
1/9/2022 14:00,0
1/9/2022 15:00,0
1/9/2022 16:00,0
1/9/2022 17:00,0
1/9/2022 18:00,0
1/9/2022 19:00,0
1/9/2022 20:00,0
1/9/2022 21:00,0
1/9/2022 22:00,0.073
1/9/2022 23:00,17.326
1/10/2022 0:00,91.277
1/10/2022 1:00,196.567
1/10/2022 2:00,291.929
1/10/2022 3:00,353.848
1/10/2022 4:00,381.449
1/10/2022 5:00,360.563
1/10/2022 6:00,293.562
1/10/2022 7:00,198.693
1/10/2022 8:00,96.399
1/10/2022 9:00,22.468
1/10/2022 10:00,1.782
1/10/2022 11:00,0.072
1/10/2022 12:00,0
1/10/2022 13:00,0
1/10/2022 14:00,0
1/10/2022 15:00,0
1/10/2022 16:00,0
1/10/2022 17:00,0
1/10/2022 18:00,0
1/10/2022 19:00,0
1/10/2022 20:00,0
1/10/2022 21:00,0
1/10/2022 22:00,0.067
1/10/2022 23:00,23.455
1/11/2022 0:00,141.406
1/11/2022 1:00,302.59
1/11/2022 2:00,448.729
1/11/2022 3:00,537.506
1/11/2022 4:00,569.106
1/11/2022 5:00,534.394
1/11/2022 6:00,432.796
1/11/2022 7:00,290.781
1/11/2022 8:00,133.235
1/11/2022 9:00,27.44
1/11/2022 10:00,1.927
1/11/2022 11:00,0.087
1/11/2022 12:00,0
1/11/2022 13:00,0
1/11/2022 14:00,0
1/11/2022 15:00,0
1/11/2022 16:00,0
1/11/2022 17:00,0
1/11/2022 18:00,0
1/11/2022 19:00,0
1/11/2022 20:00,0
1/11/2022 21:00,0
1/11/2022 22:00,0.113
1/11/2022 23:00,25.669
1/12/2022 0:00,124.693
1/12/2022 1:00,250.533
1/12/2022 2:00,359.778
1/12/2022 3:00,425.117
1/12/2022 4:00,446.68
1/12/2022 5:00,417.773
1/12/2022 6:00,341.197
1/12/2022 7:00,227.458
1/12/2022 8:00,102.556
1/12/2022 9:00,20.166
1/12/2022 10:00,1.769
1/12/2022 11:00,0.092
1/12/2022 12:00,0
1/12/2022 13:00,0
1/12/2022 14:00,0
1/12/2022 15:00,0
1/12/2022 16:00,0
1/12/2022 17:00,0
1/12/2022 18:00,0
1/12/2022 19:00,0
1/12/2022 20:00,0
1/12/2022 21:00,0
1/12/2022 22:00,0.089
1/12/2022 23:00,23.209
1/13/2022 0:00,131.929
1/13/2022 1:00,277.015
1/13/2022 2:00,407.588
1/13/2022 3:00,486.783
1/13/2022 4:00,518.73
1/13/2022 5:00,489.175
1/13/2022 6:00,397.371
1/13/2022 7:00,264.751
1/13/2022 8:00,116.634
1/13/2022 9:00,21.962
1/13/2022 10:00,1.738
1/13/2022 11:00,0.082
1/13/2022 12:00,0
1/13/2022 13:00,0
1/13/2022 14:00,0
1/13/2022 15:00,0
1/13/2022 16:00,0
1/13/2022 17:00,0
1/13/2022 18:00,0
1/13/2022 19:00,0
1/13/2022 20:00,0
1/13/2022 21:00,0
1/13/2022 22:00,0.145
1/13/2022 23:00,26.226
1/14/2022 0:00,123.048
1/14/2022 1:00,241.982
1/14/2022 2:00,351.918
1/14/2022 3:00,425.638
1/14/2022 4:00,443.251
1/14/2022 5:00,401.893
1/14/2022 6:00,324.664
1/14/2022 7:00,218.641
1/14/2022 8:00,103.485
1/14/2022 9:00,24.439
1/14/2022 10:00,2.257
1/14/2022 11:00,0.126
1/14/2022 12:00,0
1/14/2022 13:00,0
1/14/2022 14:00,0
1/14/2022 15:00,0
1/14/2022 16:00,0
1/14/2022 17:00,0
1/14/2022 18:00,0
1/14/2022 19:00,0
1/14/2022 20:00,0
1/14/2022 21:00,0
1/14/2022 22:00,0.106
1/14/2022 23:00,19.456
1/15/2022 0:00,108.039
1/15/2022 1:00,235.801
1/15/2022 2:00,358.274
1/15/2022 3:00,442.262
1/15/2022 4:00,476.824
1/15/2022 5:00,450.867
1/15/2022 6:00,369.767
1/15/2022 7:00,247.202
1/15/2022 8:00,113.085
1/15/2022 9:00,23.667
1/15/2022 10:00,2.055
1/15/2022 11:00,0.133
1/15/2022 12:00,0
1/15/2022 13:00,0
1/15/2022 14:00,0
1/15/2022 15:00,0
1/15/2022 16:00,0
1/15/2022 17:00,0
1/15/2022 18:00,0
1/15/2022 19:00,0
1/15/2022 20:00,0
1/15/2022 21:00,0
1/15/2022 22:00,0.111
1/15/2022 23:00,25.776
1/16/2022 0:00,129.911
1/16/2022 1:00,261.906
1/16/2022 2:00,372.089
1/16/2022 3:00,441.672
1/16/2022 4:00,461.444
1/16/2022 5:00,420.786
1/16/2022 6:00,332.459
1/16/2022 7:00,218.48
1/16/2022 8:00,97.521
1/16/2022 9:00,21.225
1/16/2022 10:00,2.21
1/16/2022 11:00,0.135
1/16/2022 12:00,0
1/16/2022 13:00,0
1/16/2022 14:00,0
1/16/2022 15:00,0
1/16/2022 16:00,0
1/16/2022 17:00,0
1/16/2022 18:00,0
1/16/2022 19:00,0
1/16/2022 20:00,0
1/16/2022 21:00,0
1/16/2022 22:00,0.088
1/16/2022 23:00,20.468
1/17/2022 0:00,115.159
1/17/2022 1:00,243.122
1/17/2022 2:00,359.595
1/17/2022 3:00,436.758
1/17/2022 4:00,469.372
1/17/2022 5:00,445.149
1/17/2022 6:00,367.898
1/17/2022 7:00,252.47
1/17/2022 8:00,120.786
1/17/2022 9:00,27.523
1/17/2022 10:00,2.342
1/17/2022 11:00,0.111
1/17/2022 12:00,0
1/17/2022 13:00,0
1/17/2022 14:00,0
1/17/2022 15:00,0
1/17/2022 16:00,0
1/17/2022 17:00,0
1/17/2022 18:00,0
1/17/2022 19:00,0
1/17/2022 20:00,0
1/17/2022 21:00,0
1/17/2022 22:00,0.146
1/17/2022 23:00,24.707
1/18/2022 0:00,129.682
1/18/2022 1:00,275.423
1/18/2022 2:00,408.813
1/18/2022 3:00,486.448
1/18/2022 4:00,518.274
1/18/2022 5:00,484.896
1/18/2022 6:00,395.45
1/18/2022 7:00,269.99
1/18/2022 8:00,130.833
1/18/2022 9:00,30.602
1/18/2022 10:00,2.115
1/18/2022 11:00,0.129
1/18/2022 12:00,0
1/18/2022 13:00,0
1/18/2022 14:00,0
1/18/2022 15:00,0
1/18/2022 16:00,0
1/18/2022 17:00,0
1/18/2022 18:00,0
1/18/2022 19:00,0
1/18/2022 20:00,0
1/18/2022 21:00,0
1/18/2022 22:00,0.178
1/18/2022 23:00,24.247
1/19/2022 0:00,124.328
1/19/2022 1:00,264.122
1/19/2022 2:00,405.793
1/19/2022 3:00,497.479
1/19/2022 4:00,532.922
1/19/2022 5:00,497.317
1/19/2022 6:00,406.834
1/19/2022 7:00,271.349
1/19/2022 8:00,126.001
1/19/2022 9:00,27.114
1/19/2022 10:00,1.835
1/19/2022 11:00,0.109
1/19/2022 12:00,0
1/19/2022 13:00,0
1/19/2022 14:00,0
1/19/2022 15:00,0
1/19/2022 16:00,0
1/19/2022 17:00,0
1/19/2022 18:00,0
1/19/2022 19:00,0
1/19/2022 20:00,0
1/19/2022 21:00,0
1/19/2022 22:00,0.212
1/19/2022 23:00,29.215
1/20/2022 0:00,131.887
1/20/2022 1:00,258.425
1/20/2022 2:00,367.224
1/20/2022 3:00,430.782
1/20/2022 4:00,449.722
1/20/2022 5:00,412.249
1/20/2022 6:00,327.278
1/20/2022 7:00,213.105
1/20/2022 8:00,97.804
1/20/2022 9:00,23.253
1/20/2022 10:00,2.113
1/20/2022 11:00,0.172
1/20/2022 12:00,0
1/20/2022 13:00,0
1/20/2022 14:00,0
1/20/2022 15:00,0
1/20/2022 16:00,0
1/20/2022 17:00,0
1/20/2022 18:00,0
1/20/2022 19:00,0
1/20/2022 20:00,0
1/20/2022 21:00,0
1/20/2022 22:00,0.128
1/20/2022 23:00,22.102
1/21/2022 0:00,102.029
1/21/2022 1:00,201.798
1/21/2022 2:00,290.461
1/21/2022 3:00,341.941
1/21/2022 4:00,364.801
1/21/2022 5:00,340.795
1/21/2022 6:00,277.122
1/21/2022 7:00,186.24
1/21/2022 8:00,90.174
1/21/2022 9:00,23.205
1/21/2022 10:00,2.514
1/21/2022 11:00,0.185
1/21/2022 12:00,0
1/21/2022 13:00,0
1/21/2022 14:00,0
1/21/2022 15:00,0
1/21/2022 16:00,0
1/21/2022 17:00,0
1/21/2022 18:00,0
1/21/2022 19:00,0
1/21/2022 20:00,0
1/21/2022 21:00,0
1/21/2022 22:00,0.152
1/21/2022 23:00,16.979
1/22/2022 0:00,81.505
1/22/2022 1:00,169.025
1/22/2022 2:00,254.006
1/22/2022 3:00,308.421
1/22/2022 4:00,315.806
1/22/2022 5:00,292.706
1/22/2022 6:00,243.102
1/22/2022 7:00,172.241
1/22/2022 8:00,90.342
1/22/2022 9:00,25.934
1/22/2022 10:00,2.835
1/22/2022 11:00,0.175
1/22/2022 12:00,0
1/22/2022 13:00,0
1/22/2022 14:00,0
1/22/2022 15:00,0
1/22/2022 16:00,0
1/22/2022 17:00,0
1/22/2022 18:00,0
1/22/2022 19:00,0
1/22/2022 20:00,0
1/22/2022 21:00,0
1/22/2022 22:00,0.215
1/22/2022 23:00,21.632
1/23/2022 0:00,104.854
1/23/2022 1:00,214.908
1/23/2022 2:00,317.182
1/23/2022 3:00,379.816
1/23/2022 4:00,398.199
1/23/2022 5:00,366.442
1/23/2022 6:00,296.229
1/23/2022 7:00,202.728
1/23/2022 8:00,101.402
1/23/2022 9:00,27.473
1/23/2022 10:00,2.499
1/23/2022 11:00,0.131
1/23/2022 12:00,0
1/23/2022 13:00,0
1/23/2022 14:00,0
1/23/2022 15:00,0
1/23/2022 16:00,0
1/23/2022 17:00,0
1/23/2022 18:00,0
1/23/2022 19:00,0
1/23/2022 20:00,0
1/23/2022 21:00,0
1/23/2022 22:00,0.221
1/23/2022 23:00,21.628
1/24/2022 0:00,103.635
1/24/2022 1:00,209.836
1/24/2022 2:00,302.118
1/24/2022 3:00,360.954
1/24/2022 4:00,387.269
1/24/2022 5:00,365.958
1/24/2022 6:00,301.537
1/24/2022 7:00,207.683
1/24/2022 8:00,104.097
1/24/2022 9:00,26.727
1/24/2022 10:00,2.474
1/24/2022 11:00,0.186
1/24/2022 12:00,0
1/24/2022 13:00,0
1/24/2022 14:00,0
1/24/2022 15:00,0
1/24/2022 16:00,0
1/24/2022 17:00,0
1/24/2022 18:00,0
1/24/2022 19:00,0
1/24/2022 20:00,0
1/24/2022 21:00,0
1/24/2022 22:00,0.306
1/24/2022 23:00,28.286
1/25/2022 0:00,125.077
1/25/2022 1:00,247.741
1/25/2022 2:00,355.891
1/25/2022 3:00,427.997
1/25/2022 4:00,448.372
1/25/2022 5:00,415.892
1/25/2022 6:00,336.984
1/25/2022 7:00,226.35
1/25/2022 8:00,109.337
1/25/2022 9:00,26.029
1/25/2022 10:00,2.85
1/25/2022 11:00,0.22
1/25/2022 12:00,0
1/25/2022 13:00,0
1/25/2022 14:00,0
1/25/2022 15:00,0
1/25/2022 16:00,0
1/25/2022 17:00,0
1/25/2022 18:00,0
1/25/2022 19:00,0
1/25/2022 20:00,0
1/25/2022 21:00,0
1/25/2022 22:00,0.256
1/25/2022 23:00,26.288
1/26/2022 0:00,113.121
1/26/2022 1:00,215.911
1/26/2022 2:00,302.65
1/26/2022 3:00,351.806
1/26/2022 4:00,369.592
1/26/2022 5:00,343.682
1/26/2022 6:00,285.246
1/26/2022 7:00,201.289
1/26/2022 8:00,105.845
1/26/2022 9:00,28.927
1/26/2022 10:00,2.851
1/26/2022 11:00,0.183
1/26/2022 12:00,0
1/26/2022 13:00,0
1/26/2022 14:00,0
1/26/2022 15:00,0
1/26/2022 16:00,0
1/26/2022 17:00,0
1/26/2022 18:00,0
1/26/2022 19:00,0
1/26/2022 20:00,0
1/26/2022 21:00,0
1/26/2022 22:00,0.249
1/26/2022 23:00,25.829
1/27/2022 0:00,120.309
1/27/2022 1:00,236.954
1/27/2022 2:00,335.329
1/27/2022 3:00,397.613
1/27/2022 4:00,411.946
1/27/2022 5:00,379.375
1/27/2022 6:00,306.187
1/27/2022 7:00,206.786
1/27/2022 8:00,100.478
1/27/2022 9:00,25.095
1/27/2022 10:00,3
1/27/2022 11:00,0.262
1/27/2022 12:00,0
1/27/2022 13:00,0
1/27/2022 14:00,0
1/27/2022 15:00,0
1/27/2022 16:00,0
1/27/2022 17:00,0
1/27/2022 18:00,0
1/27/2022 19:00,0
1/27/2022 20:00,0
1/27/2022 21:00,0
1/27/2022 22:00,0.349
1/27/2022 23:00,31.242
1/28/2022 0:00,127.562
1/28/2022 1:00,232.869
1/28/2022 2:00,321.241
1/28/2022 3:00,374.173
1/28/2022 4:00,390.309
1/28/2022 5:00,359.702
1/28/2022 6:00,289.018
1/28/2022 7:00,196.308
1/28/2022 8:00,98.619
1/28/2022 9:00,26.798
1/28/2022 10:00,3.065
1/28/2022 11:00,0.197
1/28/2022 12:00,0
1/28/2022 13:00,0
1/28/2022 14:00,0
1/28/2022 15:00,0
1/28/2022 16:00,0
1/28/2022 17:00,0
1/28/2022 18:00,0
1/28/2022 19:00,0
1/28/2022 20:00,0
1/28/2022 21:00,0
1/28/2022 22:00,0.369
1/28/2022 23:00,31.329
1/29/2022 0:00,136.469
1/29/2022 1:00,263.582
1/29/2022 2:00,380.573
1/29/2022 3:00,458.737
1/29/2022 4:00,491.217
1/29/2022 5:00,467.859
1/29/2022 6:00,385.587
1/29/2022 7:00,263.037
1/29/2022 8:00,132.077
1/29/2022 9:00,35.341
1/29/2022 10:00,3.274
1/29/2022 11:00,0.15
1/29/2022 12:00,0
1/29/2022 13:00,0
1/29/2022 14:00,0
1/29/2022 15:00,0
1/29/2022 16:00,0
1/29/2022 17:00,0
1/29/2022 18:00,0
1/29/2022 19:00,0
1/29/2022 20:00,0
1/29/2022 21:00,0
1/29/2022 22:00,0.44
1/29/2022 23:00,38.224
1/30/2022 0:00,165.722
1/30/2022 1:00,322.543
1/30/2022 2:00,452.971
1/30/2022 3:00,530.34
1/30/2022 4:00,563.145
1/30/2022 5:00,527.083
1/30/2022 6:00,429.18
1/30/2022 7:00,295.427
1/30/2022 8:00,144.441
1/30/2022 9:00,33.593
1/30/2022 10:00,3.17
1/30/2022 11:00,0.26
1/30/2022 12:00,0
1/30/2022 13:00,0
1/30/2022 14:00,0
1/30/2022 15:00,0
1/30/2022 16:00,0
1/30/2022 17:00,0
1/30/2022 18:00,0
1/30/2022 19:00,0
1/30/2022 20:00,0
1/30/2022 21:00,0
1/30/2022 22:00,0.782
1/30/2022 23:00,38.102
1/31/2022 0:00,153.531
1/31/2022 1:00,290.108
1/31/2022 2:00,405.371
1/31/2022 3:00,478.735
1/31/2022 4:00,495.546
1/31/2022 5:00,455.534
1/31/2022 6:00,368.065
1/31/2022 7:00,251.57
1/31/2022 8:00,126.884
1/31/2022 9:00,31.496
1/31/2022 10:00,3.269
1/31/2022 11:00,0.24
1/31/2022 12:00,0
1/31/2022 13:00,0
1/31/2022 14:00,0
1/31/2022 15:00,0
1/31/2022 16:00,0
1/31/2022 17:00,0
1/31/2022 18:00,0
1/31/2022 19:00,0
1/31/2022 20:00,0
1/31/2022 21:00,0
1/31/2022 22:00,0.518
1/31/2022 23:00,33.117
2/1/2022 0:00,143.077
2/1/2022 1:00,277.041
2/1/2022 2:00,393.834
2/1/2022 3:00,466.794
2/1/2022 4:00,490.331
2/1/2022 5:00,457.194
2/1/2022 6:00,376.192
2/1/2022 7:00,258.732
2/1/2022 8:00,126.037
2/1/2022 9:00,30.247
2/1/2022 10:00,3.293
2/1/2022 11:00,0.287
2/1/2022 12:00,0
2/1/2022 13:00,0
2/1/2022 14:00,0
2/1/2022 15:00,0
2/1/2022 16:00,0
2/1/2022 17:00,0
2/1/2022 18:00,0
2/1/2022 19:00,0
2/1/2022 20:00,0
2/1/2022 21:00,0
2/1/2022 22:00,0.51
2/1/2022 23:00,32.533
2/2/2022 0:00,141.11
2/2/2022 1:00,269.936
2/2/2022 2:00,379.662
2/2/2022 3:00,457.12
2/2/2022 4:00,473.319
2/2/2022 5:00,434.091
2/2/2022 6:00,352.767
2/2/2022 7:00,241.489
2/2/2022 8:00,120.684
2/2/2022 9:00,31.355
2/2/2022 10:00,3.308
2/2/2022 11:00,0.196
2/2/2022 12:00,0
2/2/2022 13:00,0
2/2/2022 14:00,0
2/2/2022 15:00,0
2/2/2022 16:00,0
2/2/2022 17:00,0
2/2/2022 18:00,0
2/2/2022 19:00,0
2/2/2022 20:00,0
2/2/2022 21:00,0
2/2/2022 22:00,0.642
2/2/2022 23:00,39.254
2/3/2022 0:00,149.946
2/3/2022 1:00,280.366
2/3/2022 2:00,387.968
2/3/2022 3:00,457.19
2/3/2022 4:00,486.299
2/3/2022 5:00,459.773
2/3/2022 6:00,387.437
2/3/2022 7:00,273.894
2/3/2022 8:00,142.445
2/3/2022 9:00,38.348
2/3/2022 10:00,3.397
2/3/2022 11:00,0.175
2/3/2022 12:00,0
2/3/2022 13:00,0
2/3/2022 14:00,0
2/3/2022 15:00,0
2/3/2022 16:00,0
2/3/2022 17:00,0
2/3/2022 18:00,0
2/3/2022 19:00,0
2/3/2022 20:00,0
2/3/2022 21:00,0
2/3/2022 22:00,1.035
2/3/2022 23:00,46.664
2/4/2022 0:00,179.103
2/4/2022 1:00,336.323
2/4/2022 2:00,464.911
2/4/2022 3:00,541.28
2/4/2022 4:00,578.287
2/4/2022 5:00,552.146
2/4/2022 6:00,466.714
2/4/2022 7:00,332.331
2/4/2022 8:00,171.463
2/4/2022 9:00,43.423
2/4/2022 10:00,3.912
2/4/2022 11:00,0.256
2/4/2022 12:00,0
2/4/2022 13:00,0
2/4/2022 14:00,0
2/4/2022 15:00,0
2/4/2022 16:00,0
2/4/2022 17:00,0
2/4/2022 18:00,0
2/4/2022 19:00,0
2/4/2022 20:00,0
2/4/2022 21:00,0
2/4/2022 22:00,1.249
2/4/2022 23:00,53.82
2/5/2022 0:00,193.943
2/5/2022 1:00,344.58
2/5/2022 2:00,463.61
2/5/2022 3:00,532.783
2/5/2022 4:00,564.316
2/5/2022 5:00,532.095
2/5/2022 6:00,442.224
2/5/2022 7:00,305.134
2/5/2022 8:00,151.605
2/5/2022 9:00,36.311
2/5/2022 10:00,3.749
2/5/2022 11:00,0.358
2/5/2022 12:00,0
2/5/2022 13:00,0
2/5/2022 14:00,0
2/5/2022 15:00,0
2/5/2022 16:00,0
2/5/2022 17:00,0
2/5/2022 18:00,0
2/5/2022 19:00,0
2/5/2022 20:00,0
2/5/2022 21:00,0
2/5/2022 22:00,1.208
2/5/2022 23:00,40.017
2/6/2022 0:00,134.601
2/6/2022 1:00,246.154
2/6/2022 2:00,344.943
2/6/2022 3:00,411.079
2/6/2022 4:00,438.77
2/6/2022 5:00,409.12
2/6/2022 6:00,337.298
2/6/2022 7:00,231.75
2/6/2022 8:00,115.584
2/6/2022 9:00,29.534
2/6/2022 10:00,3.816
2/6/2022 11:00,0.291
2/6/2022 12:00,0
2/6/2022 13:00,0
2/6/2022 14:00,0
2/6/2022 15:00,0
2/6/2022 16:00,0
2/6/2022 17:00,0
2/6/2022 18:00,0
2/6/2022 19:00,0
2/6/2022 20:00,0
2/6/2022 21:00,0
2/6/2022 22:00,0.684
2/6/2022 23:00,27.919
2/7/2022 0:00,109.947
2/7/2022 1:00,212.886
2/7/2022 2:00,308.931
2/7/2022 3:00,375.597
2/7/2022 4:00,402.832
2/7/2022 5:00,390.331
2/7/2022 6:00,336.217
2/7/2022 7:00,242.365
2/7/2022 8:00,133.355
2/7/2022 9:00,40.951
2/7/2022 10:00,4.777
2/7/2022 11:00,0.381
2/7/2022 12:00,0
2/7/2022 13:00,0
2/7/2022 14:00,0
2/7/2022 15:00,0
2/7/2022 16:00,0
2/7/2022 17:00,0
2/7/2022 18:00,0
2/7/2022 19:00,0
2/7/2022 20:00,0
2/7/2022 21:00,0
2/7/2022 22:00,1.438
2/7/2022 23:00,53.25
2/8/2022 0:00,187.376
2/8/2022 1:00,334.339
2/8/2022 2:00,446.539
2/8/2022 3:00,503.022
2/8/2022 4:00,513.904
2/8/2022 5:00,468.495
2/8/2022 6:00,380.284
2/8/2022 7:00,260.625
2/8/2022 8:00,132.996
2/8/2022 9:00,36.866
2/8/2022 10:00,4.475
2/8/2022 11:00,0.304
2/8/2022 12:00,0
2/8/2022 13:00,0
2/8/2022 14:00,0
2/8/2022 15:00,0
2/8/2022 16:00,0
2/8/2022 17:00,0
2/8/2022 18:00,0
2/8/2022 19:00,0
2/8/2022 20:00,0
2/8/2022 21:00,0
2/8/2022 22:00,1.345
2/8/2022 23:00,43.628
2/9/2022 0:00,160.391
2/9/2022 1:00,289.701
2/9/2022 2:00,400.128
2/9/2022 3:00,469.998
2/9/2022 4:00,498.477
2/9/2022 5:00,477.324
2/9/2022 6:00,403.395
2/9/2022 7:00,288.826
2/9/2022 8:00,157.967
2/9/2022 9:00,47.574
2/9/2022 10:00,5
2/9/2022 11:00,0.369
2/9/2022 12:00,0.001
2/9/2022 13:00,0
2/9/2022 14:00,0
2/9/2022 15:00,0
2/9/2022 16:00,0
2/9/2022 17:00,0
2/9/2022 18:00,0
2/9/2022 19:00,0
2/9/2022 20:00,0
2/9/2022 21:00,0
2/9/2022 22:00,1.629
2/9/2022 23:00,50.805
2/10/2022 0:00,184.439
2/10/2022 1:00,346.249
2/10/2022 2:00,475.519
2/10/2022 3:00,536.122
2/10/2022 4:00,560.382
2/10/2022 5:00,520.805
2/10/2022 6:00,430.795
2/10/2022 7:00,300.021
2/10/2022 8:00,155.368
2/10/2022 9:00,43.539
2/10/2022 10:00,5.032
2/10/2022 11:00,0.428
2/10/2022 12:00,0.001
2/10/2022 13:00,0
2/10/2022 14:00,0
2/10/2022 15:00,0
2/10/2022 16:00,0
2/10/2022 17:00,0
2/10/2022 18:00,0
2/10/2022 19:00,0
2/10/2022 20:00,0
2/10/2022 21:00,0
2/10/2022 22:00,1.343
2/10/2022 23:00,40.686
2/11/2022 0:00,143.765
2/11/2022 1:00,265.386
2/11/2022 2:00,370.704
2/11/2022 3:00,434.761
2/11/2022 4:00,451.815
2/11/2022 5:00,424.968
2/11/2022 6:00,358.585
2/11/2022 7:00,257.984
2/11/2022 8:00,141.805
2/11/2022 9:00,44.112
2/11/2022 10:00,5.242
2/11/2022 11:00,0.564
2/11/2022 12:00,0.002
2/11/2022 13:00,0
2/11/2022 14:00,0
2/11/2022 15:00,0
2/11/2022 16:00,0
2/11/2022 17:00,0
2/11/2022 18:00,0
2/11/2022 19:00,0
2/11/2022 20:00,0
2/11/2022 21:00,0
2/11/2022 22:00,1.451
2/11/2022 23:00,41.283
2/12/2022 0:00,143.271
2/12/2022 1:00,270.225
2/12/2022 2:00,381.234
2/12/2022 3:00,440.476
2/12/2022 4:00,452.724
2/12/2022 5:00,415.731
2/12/2022 6:00,342.84
2/12/2022 7:00,239.99
2/12/2022 8:00,129.132
2/12/2022 9:00,39.74
2/12/2022 10:00,4.728
2/12/2022 11:00,0.412
2/12/2022 12:00,0.001
2/12/2022 13:00,0
2/12/2022 14:00,0
2/12/2022 15:00,0
2/12/2022 16:00,0
2/12/2022 17:00,0
2/12/2022 18:00,0
2/12/2022 19:00,0
2/12/2022 20:00,0
2/12/2022 21:00,0
2/12/2022 22:00,1.684
2/12/2022 23:00,40.091
2/13/2022 0:00,134.774
2/13/2022 1:00,252.22
2/13/2022 2:00,363.645
2/13/2022 3:00,425.282
2/13/2022 4:00,449.825
2/13/2022 5:00,422.126
2/13/2022 6:00,351.991
2/13/2022 7:00,253.583
2/13/2022 8:00,144.226
2/13/2022 9:00,49.429
2/13/2022 10:00,6.299
2/13/2022 11:00,0.55
2/13/2022 12:00,0.003
2/13/2022 13:00,0
2/13/2022 14:00,0
2/13/2022 15:00,0
2/13/2022 16:00,0
2/13/2022 17:00,0
2/13/2022 18:00,0
2/13/2022 19:00,0
2/13/2022 20:00,0
2/13/2022 21:00,0
2/13/2022 22:00,2.241
2/13/2022 23:00,54.438
2/14/2022 0:00,188.91
2/14/2022 1:00,353.183
2/14/2022 2:00,502.184
2/14/2022 3:00,583.807
2/14/2022 4:00,614.359
2/14/2022 5:00,580.27
2/14/2022 6:00,486.946
2/14/2022 7:00,351.488
2/14/2022 8:00,195.558
2/14/2022 9:00,60.243
2/14/2022 10:00,6.499
2/14/2022 11:00,0.495
2/14/2022 12:00,0.002
2/14/2022 13:00,0
2/14/2022 14:00,0
2/14/2022 15:00,0
2/14/2022 16:00,0
2/14/2022 17:00,0
2/14/2022 18:00,0
2/14/2022 19:00,0
2/14/2022 20:00,0
2/14/2022 21:00,0
2/14/2022 22:00,2.435
2/14/2022 23:00,57.145
2/15/2022 0:00,191.802
2/15/2022 1:00,350.067
2/15/2022 2:00,483.215
2/15/2022 3:00,562.223
2/15/2022 4:00,592.441
2/15/2022 5:00,562.221
2/15/2022 6:00,473.802
2/15/2022 7:00,340.956
2/15/2022 8:00,186.571
2/15/2022 9:00,55.464
2/15/2022 10:00,6.117
2/15/2022 11:00,0.594
2/15/2022 12:00,0.005
2/15/2022 13:00,0
2/15/2022 14:00,0
2/15/2022 15:00,0
2/15/2022 16:00,0
2/15/2022 17:00,0
2/15/2022 18:00,0
2/15/2022 19:00,0
2/15/2022 20:00,0
2/15/2022 21:00,0
2/15/2022 22:00,2.82
2/15/2022 23:00,62.132
2/16/2022 0:00,198.37
2/16/2022 1:00,347.313
2/16/2022 2:00,466.805
2/16/2022 3:00,537.4
2/16/2022 4:00,548.228
2/16/2022 5:00,504.619
2/16/2022 6:00,413.646
2/16/2022 7:00,288.345
2/16/2022 8:00,152.316
2/16/2022 9:00,45.059
2/16/2022 10:00,6.041
2/16/2022 11:00,0.51
2/16/2022 12:00,0.004
2/16/2022 13:00,0
2/16/2022 14:00,0
2/16/2022 15:00,0
2/16/2022 16:00,0
2/16/2022 17:00,0
2/16/2022 18:00,0
2/16/2022 19:00,0
2/16/2022 20:00,0
2/16/2022 21:00,0
2/16/2022 22:00,2.297
2/16/2022 23:00,42.192
2/17/2022 0:00,134.143
2/17/2022 1:00,238.481
2/17/2022 2:00,325.705
2/17/2022 3:00,376.653
2/17/2022 4:00,395.259
2/17/2022 5:00,371.267
2/17/2022 6:00,314.08
2/17/2022 7:00,229.91
2/17/2022 8:00,130.81
2/17/2022 9:00,44.414
2/17/2022 10:00,6.35
2/17/2022 11:00,0.597
2/17/2022 12:00,0.006
2/17/2022 13:00,0
2/17/2022 14:00,0
2/17/2022 15:00,0
2/17/2022 16:00,0
2/17/2022 17:00,0
2/17/2022 18:00,0
2/17/2022 19:00,0
2/17/2022 20:00,0
2/17/2022 21:00,0
2/17/2022 22:00,2.724
2/17/2022 23:00,48.927
2/18/2022 0:00,146.019
2/18/2022 1:00,242.07
2/18/2022 2:00,323.534
2/18/2022 3:00,379.855
2/18/2022 4:00,404.375
2/18/2022 5:00,383.464
2/18/2022 6:00,324.886
2/18/2022 7:00,241.594
2/18/2022 8:00,143.187
2/18/2022 9:00,49.551
2/18/2022 10:00,6.898
2/18/2022 11:00,0.558
2/18/2022 12:00,0.005
2/18/2022 13:00,0
2/18/2022 14:00,0
2/18/2022 15:00,0
2/18/2022 16:00,0
2/18/2022 17:00,0
2/18/2022 18:00,0
2/18/2022 19:00,0
2/18/2022 20:00,0
2/18/2022 21:00,0
2/18/2022 22:00,2.903
2/18/2022 23:00,57.337
2/19/2022 0:00,181.418
2/19/2022 1:00,316.452
2/19/2022 2:00,427.452
2/19/2022 3:00,492.657
2/19/2022 4:00,520.432
2/19/2022 5:00,496.836
2/19/2022 6:00,418.885
2/19/2022 7:00,306.093
2/19/2022 8:00,170.989
2/19/2022 9:00,53.526
2/19/2022 10:00,7.342
2/19/2022 11:00,0.723
2/19/2022 12:00,0.009
2/19/2022 13:00,0
2/19/2022 14:00,0
2/19/2022 15:00,0
2/19/2022 16:00,0
2/19/2022 17:00,0
2/19/2022 18:00,0
2/19/2022 19:00,0
2/19/2022 20:00,0
2/19/2022 21:00,0
2/19/2022 22:00,3.9
2/19/2022 23:00,70.373
2/20/2022 0:00,210.385
2/20/2022 1:00,359.043
2/20/2022 2:00,483.292
2/20/2022 3:00,550.399
2/20/2022 4:00,563.517
2/20/2022 5:00,522.231
2/20/2022 6:00,430.148
2/20/2022 7:00,305.356
2/20/2022 8:00,166.768
2/20/2022 9:00,49.276
2/20/2022 10:00,6.527
2/20/2022 11:00,0.825
2/20/2022 12:00,0.012
2/20/2022 13:00,0
2/20/2022 14:00,0
2/20/2022 15:00,0
2/20/2022 16:00,0
2/20/2022 17:00,0
2/20/2022 18:00,0
2/20/2022 19:00,0
2/20/2022 20:00,0
2/20/2022 21:00,0
2/20/2022 22:00,5.068
2/20/2022 23:00,78.302
2/21/2022 0:00,219.98
2/21/2022 1:00,364.291
2/21/2022 2:00,477.987
2/21/2022 3:00,537.162
2/21/2022 4:00,552.474
2/21/2022 5:00,508.478
2/21/2022 6:00,414.213
2/21/2022 7:00,298.276
2/21/2022 8:00,167.121
2/21/2022 9:00,51.851
2/21/2022 10:00,6.571
2/21/2022 11:00,0.917
2/21/2022 12:00,0.015
2/21/2022 13:00,0
2/21/2022 14:00,0
2/21/2022 15:00,0
2/21/2022 16:00,0
2/21/2022 17:00,0
2/21/2022 18:00,0
2/21/2022 19:00,0
2/21/2022 20:00,0
2/21/2022 21:00,0
2/21/2022 22:00,4.357
2/21/2022 23:00,66.092
2/22/2022 0:00,187.101
2/22/2022 1:00,307.62
2/22/2022 2:00,406.938
2/22/2022 3:00,466.321
2/22/2022 4:00,485.703
2/22/2022 5:00,449.423
2/22/2022 6:00,369.916
2/22/2022 7:00,263.424
2/22/2022 8:00,150.286
2/22/2022 9:00,49.22
2/22/2022 10:00,7.113
2/22/2022 11:00,0.728
2/22/2022 12:00,0.011
2/22/2022 13:00,0
2/22/2022 14:00,0
2/22/2022 15:00,0
2/22/2022 16:00,0
2/22/2022 17:00,0
2/22/2022 18:00,0
2/22/2022 19:00,0
2/22/2022 20:00,0
2/22/2022 21:00,0.001
2/22/2022 22:00,4.861
2/22/2022 23:00,81.043
2/23/2022 0:00,242.798
2/23/2022 1:00,419.344
2/23/2022 2:00,561.105
2/23/2022 3:00,641.385
2/23/2022 4:00,676.584
2/23/2022 5:00,641.737
2/23/2022 6:00,541.847
2/23/2022 7:00,396.613
2/23/2022 8:00,224.376
2/23/2022 9:00,71.576
2/23/2022 10:00,8.457
2/23/2022 11:00,0.729
2/23/2022 12:00,0.014
2/23/2022 13:00,0
2/23/2022 14:00,0
2/23/2022 15:00,0
2/23/2022 16:00,0
2/23/2022 17:00,0
2/23/2022 18:00,0
2/23/2022 19:00,0
2/23/2022 20:00,0
2/23/2022 21:00,0.001
2/23/2022 22:00,7.65
2/23/2022 23:00,96.457
2/24/2022 0:00,268.825
2/24/2022 1:00,452.004
2/24/2022 2:00,601.839
2/24/2022 3:00,681.272
2/24/2022 4:00,717.51
2/24/2022 5:00,680.857
2/24/2022 6:00,580.219
2/24/2022 7:00,426.923
2/24/2022 8:00,242.256
2/24/2022 9:00,77.715
2/24/2022 10:00,9.192
2/24/2022 11:00,0.915
2/24/2022 12:00,0.019
2/24/2022 13:00,0
2/24/2022 14:00,0
2/24/2022 15:00,0
2/24/2022 16:00,0
2/24/2022 17:00,0
2/24/2022 18:00,0
2/24/2022 19:00,0
2/24/2022 20:00,0
2/24/2022 21:00,0.002
2/24/2022 22:00,7.422
2/24/2022 23:00,96.354
2/25/2022 0:00,269.627
2/25/2022 1:00,454.888
2/25/2022 2:00,602.675
2/25/2022 3:00,692.884
2/25/2022 4:00,722.185
2/25/2022 5:00,681.6
2/25/2022 6:00,571.728
2/25/2022 7:00,417.594
2/25/2022 8:00,237.012
2/25/2022 9:00,75.711
2/25/2022 10:00,8.939
2/25/2022 11:00,0.829
2/25/2022 12:00,0.021
2/25/2022 13:00,0
2/25/2022 14:00,0
2/25/2022 15:00,0
2/25/2022 16:00,0
2/25/2022 17:00,0
2/25/2022 18:00,0
2/25/2022 19:00,0
2/25/2022 20:00,0
2/25/2022 21:00,0.003
2/25/2022 22:00,6.731
2/25/2022 23:00,92.574
2/26/2022 0:00,268.262
2/26/2022 1:00,459.561
2/26/2022 2:00,612.482
2/26/2022 3:00,704.765
2/26/2022 4:00,740.922
2/26/2022 5:00,703.173
2/26/2022 6:00,597.118
2/26/2022 7:00,441.368
2/26/2022 8:00,253.723
2/26/2022 9:00,82.504
2/26/2022 10:00,9.387
2/26/2022 11:00,0.818
2/26/2022 12:00,0.024
2/26/2022 13:00,0
2/26/2022 14:00,0
2/26/2022 15:00,0
2/26/2022 16:00,0
2/26/2022 17:00,0
2/26/2022 18:00,0
2/26/2022 19:00,0
2/26/2022 20:00,0
2/26/2022 21:00,0.004
2/26/2022 22:00,9.342
2/26/2022 23:00,113.071
2/27/2022 0:00,298.61
2/27/2022 1:00,484.23
2/27/2022 2:00,630.695
2/27/2022 3:00,715.151
2/27/2022 4:00,737.848
2/27/2022 5:00,689.874
2/27/2022 6:00,577.599
2/27/2022 7:00,418.641
2/27/2022 8:00,236.434
2/27/2022 9:00,78.166
2/27/2022 10:00,10.932
2/27/2022 11:00,1.254
2/27/2022 12:00,0.041
2/27/2022 13:00,0
2/27/2022 14:00,0
2/27/2022 15:00,0
2/27/2022 16:00,0
2/27/2022 17:00,0
2/27/2022 18:00,0
2/27/2022 19:00,0
2/27/2022 20:00,0
2/27/2022 21:00,0.006
2/27/2022 22:00,6.529
2/27/2022 23:00,74
2/28/2022 0:00,209.817
2/28/2022 1:00,366.192
2/28/2022 2:00,498.355
2/28/2022 3:00,589.472
2/28/2022 4:00,619.587
2/28/2022 5:00,579.219
2/28/2022 6:00,482.726
2/28/2022 7:00,353.191
2/28/2022 8:00,207.703
2/28/2022 9:00,74.41
2/28/2022 10:00,10.935
2/28/2022 11:00,1.211
2/28/2022 12:00,0.035
2/28/2022 13:00,0
2/28/2022 14:00,0
2/28/2022 15:00,0
2/28/2022 16:00,0
2/28/2022 17:00,0
2/28/2022 18:00,0
2/28/2022 19:00,0
2/28/2022 20:00,0
2/28/2022 21:00,0.006
2/28/2022 22:00,7.964
2/28/2022 23:00,94.857
3/1/2022 0:00,258.942
3/1/2022 1:00,431.879
3/1/2022 2:00,574.547
3/1/2022 3:00,660.646
3/1/2022 4:00,688.636
3/1/2022 5:00,648.301
3/1/2022 6:00,546.32
3/1/2022 7:00,404.328
3/1/2022 8:00,236.543
3/1/2022 9:00,82.728
3/1/2022 10:00,11.244
3/1/2022 11:00,1.035
3/1/2022 12:00,0.03
3/1/2022 13:00,0
3/1/2022 14:00,0
3/1/2022 15:00,0
3/1/2022 16:00,0
3/1/2022 17:00,0
3/1/2022 18:00,0
3/1/2022 19:00,0
3/1/2022 20:00,0
3/1/2022 21:00,0.011
3/1/2022 22:00,9.615
3/1/2022 23:00,110.67
3/2/2022 0:00,291.174
3/2/2022 1:00,472.022
3/2/2022 2:00,617.97
3/2/2022 3:00,707.288
3/2/2022 4:00,737.661
3/2/2022 5:00,697.635
3/2/2022 6:00,594.846
3/2/2022 7:00,441.359
3/2/2022 8:00,259.212
3/2/2022 9:00,88.034
3/2/2022 10:00,11.34
3/2/2022 11:00,1.229
3/2/2022 12:00,0.048
3/2/2022 13:00,0
3/2/2022 14:00,0
3/2/2022 15:00,0
3/2/2022 16:00,0
3/2/2022 17:00,0
3/2/2022 18:00,0
3/2/2022 19:00,0
3/2/2022 20:00,0
3/2/2022 21:00,0.015
3/2/2022 22:00,10.541
3/2/2022 23:00,107.102
3/3/2022 0:00,278.711
3/3/2022 1:00,456.114
3/3/2022 2:00,599.525
3/3/2022 3:00,684.166
3/3/2022 4:00,701.748
3/3/2022 5:00,649.977
3/3/2022 6:00,545.46
3/3/2022 7:00,395.086
3/3/2022 8:00,224.024
3/3/2022 9:00,79.01
3/3/2022 10:00,12.225
3/3/2022 11:00,1.332
3/3/2022 12:00,0.052
3/3/2022 13:00,0
3/3/2022 14:00,0
3/3/2022 15:00,0
3/3/2022 16:00,0
3/3/2022 17:00,0
3/3/2022 18:00,0
3/3/2022 19:00,0
3/3/2022 20:00,0
3/3/2022 21:00,0.02
3/3/2022 22:00,8.7
3/3/2022 23:00,96.446
3/4/2022 0:00,263.01
3/4/2022 1:00,437.063
3/4/2022 2:00,579.12
3/4/2022 3:00,664.28
3/4/2022 4:00,701.014
3/4/2022 5:00,672.982
3/4/2022 6:00,576.838
3/4/2022 7:00,434.419
3/4/2022 8:00,260.727
3/4/2022 9:00,93.239
3/4/2022 10:00,13.259
3/4/2022 11:00,1.504
3/4/2022 12:00,0.065
3/4/2022 13:00,0
3/4/2022 14:00,0
3/4/2022 15:00,0
3/4/2022 16:00,0
3/4/2022 17:00,0
3/4/2022 18:00,0
3/4/2022 19:00,0
3/4/2022 20:00,0
3/4/2022 21:00,0.015
3/4/2022 22:00,12.115
3/4/2022 23:00,119.406
3/5/2022 0:00,295.58
3/5/2022 1:00,468.87
3/5/2022 2:00,605.435
3/5/2022 3:00,681.752
3/5/2022 4:00,707.313
3/5/2022 5:00,665.932
3/5/2022 6:00,563.106
3/5/2022 7:00,412.82
3/5/2022 8:00,239.11
3/5/2022 9:00,83.01
3/5/2022 10:00,12.544
3/5/2022 11:00,1.495
3/5/2022 12:00,0.068
3/5/2022 13:00,0
3/5/2022 14:00,0
3/5/2022 15:00,0
3/5/2022 16:00,0
3/5/2022 17:00,0
3/5/2022 18:00,0
3/5/2022 19:00,0
3/5/2022 20:00,0
3/5/2022 21:00,0.02
3/5/2022 22:00,12.25
3/5/2022 23:00,100.342
3/6/2022 0:00,242.159
3/6/2022 1:00,384.477
3/6/2022 2:00,496.69
3/6/2022 3:00,566.135
3/6/2022 4:00,581.637
3/6/2022 5:00,544.344
3/6/2022 6:00,461.792
3/6/2022 7:00,341.639
3/6/2022 8:00,199.759
3/6/2022 9:00,77.077
3/6/2022 10:00,13.314
3/6/2022 11:00,1.333
3/6/2022 12:00,0.055
3/6/2022 13:00,0
3/6/2022 14:00,0
3/6/2022 15:00,0
3/6/2022 16:00,0
3/6/2022 17:00,0
3/6/2022 18:00,0
3/6/2022 19:00,0
3/6/2022 20:00,0
3/6/2022 21:00,0.04
3/6/2022 22:00,9.002
3/6/2022 23:00,92.438
3/7/2022 0:00,261.94
3/7/2022 1:00,455.441
3/7/2022 2:00,617.449
3/7/2022 3:00,723.333
3/7/2022 4:00,772.391
3/7/2022 5:00,745.95
3/7/2022 6:00,650.078
3/7/2022 7:00,495.554
3/7/2022 8:00,303.645
3/7/2022 9:00,114.277
3/7/2022 10:00,15.269
3/7/2022 11:00,1.384
3/7/2022 12:00,0.076
3/7/2022 13:00,0
3/7/2022 14:00,0
3/7/2022 15:00,0
3/7/2022 16:00,0
3/7/2022 17:00,0
3/7/2022 18:00,0
3/7/2022 19:00,0
3/7/2022 20:00,0
3/7/2022 21:00,0.051
3/7/2022 22:00,14.482
3/7/2022 23:00,129.015
3/8/2022 0:00,326.556
3/8/2022 1:00,527.547
3/8/2022 2:00,684.558
3/8/2022 3:00,784.566
3/8/2022 4:00,816.622
3/8/2022 5:00,777.814
3/8/2022 6:00,671.275
3/8/2022 7:00,509.728
3/8/2022 8:00,311.713
3/8/2022 9:00,117.49
3/8/2022 10:00,15.589
3/8/2022 11:00,1.517
3/8/2022 12:00,0.087
3/8/2022 13:00,0
3/8/2022 14:00,0
3/8/2022 15:00,0
3/8/2022 16:00,0
3/8/2022 17:00,0
3/8/2022 18:00,0
3/8/2022 19:00,0
3/8/2022 20:00,0
3/8/2022 21:00,0.064
3/8/2022 22:00,16.731
3/8/2022 23:00,134.656
3/9/2022 0:00,320.501
3/9/2022 1:00,503.971
3/9/2022 2:00,650.102
3/9/2022 3:00,731.712
3/9/2022 4:00,752.939
3/9/2022 5:00,702.612
3/9/2022 6:00,593.385
3/9/2022 7:00,441.24
3/9/2022 8:00,264.129
3/9/2022 9:00,98.72
3/9/2022 10:00,14.185
3/9/2022 11:00,1.432
3/9/2022 12:00,0.081
3/9/2022 13:00,0
3/9/2022 14:00,0
3/9/2022 15:00,0
3/9/2022 16:00,0
3/9/2022 17:00,0
3/9/2022 18:00,0
3/9/2022 19:00,0
3/9/2022 20:00,0
3/9/2022 21:00,0.073
3/9/2022 22:00,13.602
3/9/2022 23:00,105.019
3/10/2022 0:00,265.652
3/10/2022 1:00,437.956
3/10/2022 2:00,582.609
3/10/2022 3:00,671.932
3/10/2022 4:00,705.111
3/10/2022 5:00,672.534
3/10/2022 6:00,582.906
3/10/2022 7:00,440.385
3/10/2022 8:00,267.125
3/10/2022 9:00,101.304
3/10/2022 10:00,15.407
3/10/2022 11:00,1.759
3/10/2022 12:00,0.122
3/10/2022 13:00,0
3/10/2022 14:00,0
3/10/2022 15:00,0
3/10/2022 16:00,0
3/10/2022 17:00,0
3/10/2022 18:00,0
3/10/2022 19:00,0
3/10/2022 20:00,0
3/10/2022 21:00,0.103
3/10/2022 22:00,16.745
3/10/2022 23:00,121.868
3/11/2022 0:00,297.155
3/11/2022 1:00,481.228
3/11/2022 2:00,629.091
3/11/2022 3:00,716.748
3/11/2022 4:00,737.975
3/11/2022 5:00,691.748
3/11/2022 6:00,588.609
3/11/2022 7:00,434.347
3/11/2022 8:00,253.715
3/11/2022 9:00,94.762
3/11/2022 10:00,14.141
3/11/2022 11:00,1.335
3/11/2022 12:00,0.089
3/11/2022 13:00,0
3/11/2022 14:00,0
3/11/2022 15:00,0
3/11/2022 16:00,0
3/11/2022 17:00,0
3/11/2022 18:00,0
3/11/2022 19:00,0
3/11/2022 20:00,0
3/11/2022 21:00,0.115
3/11/2022 22:00,15.378
3/11/2022 23:00,104.917
3/12/2022 0:00,248.079
3/12/2022 1:00,395.802
3/12/2022 2:00,519.85
3/12/2022 3:00,599.068
3/12/2022 4:00,633.662
3/12/2022 5:00,606.624
3/12/2022 6:00,521.296
3/12/2022 7:00,390.128
3/12/2022 8:00,238.434
3/12/2022 9:00,93.704
3/12/2022 10:00,14.601
3/12/2022 11:00,1.465
3/12/2022 12:00,0.103
3/12/2022 13:00,0
3/12/2022 14:00,0
3/12/2022 15:00,0
3/12/2022 16:00,0
3/12/2022 17:00,0
3/12/2022 18:00,0
3/12/2022 19:00,0
3/12/2022 20:00,0
3/12/2022 21:00,0.055
3/12/2022 22:00,12.962
3/12/2022 23:00,101.577
3/13/2022 0:00,254.445
3/13/2022 1:00,426.378
3/13/2022 2:00,581.009
3/13/2022 3:00,682.376
3/13/2022 4:00,718.285
3/13/2022 5:00,684.724
3/13/2022 6:00,585.815
3/13/2022 7:00,434.905
3/13/2022 8:00,258.963
3/13/2022 9:00,100.35
3/13/2022 10:00,15.601
3/13/2022 11:00,1.386
3/13/2022 12:00,0.088
3/13/2022 13:00,0
3/13/2022 14:00,0
3/13/2022 15:00,0
3/13/2022 16:00,0
3/13/2022 17:00,0
3/13/2022 18:00,0
3/13/2022 19:00,0
3/13/2022 20:00,0
3/13/2022 21:00,0.103
3/13/2022 22:00,14.458
3/13/2022 23:00,106.439
3/14/2022 0:00,254.751
3/14/2022 1:00,407.03
3/14/2022 2:00,533.034
3/14/2022 3:00,603.233
3/14/2022 4:00,627.951
3/14/2022 5:00,596.544
3/14/2022 6:00,512.854
3/14/2022 7:00,388.956
3/14/2022 8:00,238.604
3/14/2022 9:00,92.373
3/14/2022 10:00,13.806
3/14/2022 11:00,1.522
3/14/2022 12:00,0.113
3/14/2022 13:00,0
3/14/2022 14:00,0
3/14/2022 15:00,0
3/14/2022 16:00,0
3/14/2022 17:00,0
3/14/2022 18:00,0
3/14/2022 19:00,0
3/14/2022 20:00,0
3/14/2022 21:00,0.132
3/14/2022 22:00,17.958
3/14/2022 23:00,123.257
3/15/2022 0:00,294.049
3/15/2022 1:00,462.819
3/15/2022 2:00,600.833
3/15/2022 3:00,688.505
3/15/2022 4:00,725.714
3/15/2022 5:00,695.121
3/15/2022 6:00,596.653
3/15/2022 7:00,447.257
3/15/2022 8:00,269.041
3/15/2022 9:00,100.861
3/15/2022 10:00,14.034
3/15/2022 11:00,1.495
3/15/2022 12:00,0.144
3/15/2022 13:00,0
3/15/2022 14:00,0
3/15/2022 15:00,0
3/15/2022 16:00,0
3/15/2022 17:00,0
3/15/2022 18:00,0
3/15/2022 19:00,0
3/15/2022 20:00,0
3/15/2022 21:00,0.099
3/15/2022 22:00,18.167
3/15/2022 23:00,106.392
3/16/2022 0:00,239.93
3/16/2022 1:00,379.741
3/16/2022 2:00,487.356
3/16/2022 3:00,533.091
3/16/2022 4:00,533.401
3/16/2022 5:00,485.163
3/16/2022 6:00,405.636
3/16/2022 7:00,288.506
3/16/2022 8:00,167.057
3/16/2022 9:00,66.679
3/16/2022 10:00,13.64
3/16/2022 11:00,1.641
3/16/2022 12:00,0.147
3/16/2022 13:00,0
3/16/2022 14:00,0
3/16/2022 15:00,0
3/16/2022 16:00,0
3/16/2022 17:00,0
3/16/2022 18:00,0
3/16/2022 19:00,0
3/16/2022 20:00,0
3/16/2022 21:00,0.359
3/16/2022 22:00,15.702
3/16/2022 23:00,83.491
3/17/2022 0:00,197.622
3/17/2022 1:00,327.344
3/17/2022 2:00,442.501
3/17/2022 3:00,522.547
3/17/2022 4:00,554.272
3/17/2022 5:00,535.266
3/17/2022 6:00,465.847
3/17/2022 7:00,353.079
3/17/2022 8:00,217.39
3/17/2022 9:00,90.079
3/17/2022 10:00,17.326
3/17/2022 11:00,2.059
3/17/2022 12:00,0.212
3/17/2022 13:00,0
3/17/2022 14:00,0
3/17/2022 15:00,0
3/17/2022 16:00,0
3/17/2022 17:00,0
3/17/2022 18:00,0
3/17/2022 19:00,0
3/17/2022 20:00,0
3/17/2022 21:00,0.323
3/17/2022 22:00,14.688
3/17/2022 23:00,95.285
3/18/2022 0:00,240.656
3/18/2022 1:00,395.491
3/18/2022 2:00,530.108
3/18/2022 3:00,624.034
3/18/2022 4:00,655.774
3/18/2022 5:00,624.631
3/18/2022 6:00,538.133
3/18/2022 7:00,404.661
3/18/2022 8:00,252.483
3/18/2022 9:00,106.455
3/18/2022 10:00,19.43
3/18/2022 11:00,1.897
3/18/2022 12:00,0.177
3/18/2022 13:00,0
3/18/2022 14:00,0
3/18/2022 15:00,0
3/18/2022 16:00,0
3/18/2022 17:00,0
3/18/2022 18:00,0
3/18/2022 19:00,0
3/18/2022 20:00,0
3/18/2022 21:00,0.312
3/18/2022 22:00,20.851
3/18/2022 23:00,120.541
3/19/2022 0:00,271.852
3/19/2022 1:00,416.867
3/19/2022 2:00,532.152
3/19/2022 3:00,607.804
3/19/2022 4:00,632.078
3/19/2022 5:00,595.766
3/19/2022 6:00,511.888
3/19/2022 7:00,390.31
3/19/2022 8:00,248.842
3/19/2022 9:00,103.086
3/19/2022 10:00,18.325
3/19/2022 11:00,1.787
3/19/2022 12:00,0.175
3/19/2022 13:00,0
3/19/2022 14:00,0
3/19/2022 15:00,0
3/19/2022 16:00,0
3/19/2022 17:00,0
3/19/2022 18:00,0
3/19/2022 19:00,0
3/19/2022 20:00,0
3/19/2022 21:00,0.42
3/19/2022 22:00,18.943
3/19/2022 23:00,97.438
3/20/2022 0:00,222.414
3/20/2022 1:00,349.641
3/20/2022 2:00,456.86
3/20/2022 3:00,512.482
3/20/2022 4:00,540.882
3/20/2022 5:00,521.824
3/20/2022 6:00,456.876
3/20/2022 7:00,351.869
3/20/2022 8:00,221.972
3/20/2022 9:00,95.318
3/20/2022 10:00,16.759
3/20/2022 11:00,1.537
3/20/2022 12:00,0.145
3/20/2022 13:00,0
3/20/2022 14:00,0
3/20/2022 15:00,0
3/20/2022 16:00,0
3/20/2022 17:00,0
3/20/2022 18:00,0
3/20/2022 19:00,0
3/20/2022 20:00,0
3/20/2022 21:00,0.501
3/20/2022 22:00,19.511
3/20/2022 23:00,100.937
3/21/2022 0:00,223.131
3/21/2022 1:00,343.225
3/21/2022 2:00,438.098
3/21/2022 3:00,502.312
3/21/2022 4:00,528.451
3/21/2022 5:00,512.268
3/21/2022 6:00,448.873
3/21/2022 7:00,344.055
3/21/2022 8:00,216.632
3/21/2022 9:00,93.289
3/21/2022 10:00,17.373
3/21/2022 11:00,2.038
3/21/2022 12:00,0.192
3/21/2022 13:00,0
3/21/2022 14:00,0
3/21/2022 15:00,0
3/21/2022 16:00,0
3/21/2022 17:00,0
3/21/2022 18:00,0
3/21/2022 19:00,0
3/21/2022 20:00,0
3/21/2022 21:00,0.68
3/21/2022 22:00,24.439
3/21/2022 23:00,110.504
3/22/2022 0:00,232.478
3/22/2022 1:00,352.855
3/22/2022 2:00,453.092
3/22/2022 3:00,512.911
3/22/2022 4:00,526.145
3/22/2022 5:00,489.448
3/22/2022 6:00,413.211
3/22/2022 7:00,306.019
3/22/2022 8:00,183.207
3/22/2022 9:00,79.218
3/22/2022 10:00,17.196
3/22/2022 11:00,2.199
3/22/2022 12:00,0.229
3/22/2022 13:00,0
3/22/2022 14:00,0
3/22/2022 15:00,0
3/22/2022 16:00,0
3/22/2022 17:00,0
3/22/2022 18:00,0
3/22/2022 19:00,0
3/22/2022 20:00,0
3/22/2022 21:00,0.503
3/22/2022 22:00,25.076
3/22/2022 23:00,121.97
3/23/2022 0:00,266.994
3/23/2022 1:00,413.731
3/23/2022 2:00,528.65
3/23/2022 3:00,601.424
3/23/2022 4:00,643.312
3/23/2022 5:00,621.193
3/23/2022 6:00,547.412
3/23/2022 7:00,424.577
3/23/2022 8:00,269.736
3/23/2022 9:00,113.552
3/23/2022 10:00,18.976
3/23/2022 11:00,1.908
3/23/2022 12:00,0.245
3/23/2022 13:00,0
3/23/2022 14:00,0
3/23/2022 15:00,0
3/23/2022 16:00,0
3/23/2022 17:00,0
3/23/2022 18:00,0
3/23/2022 19:00,0
3/23/2022 20:00,0
3/23/2022 21:00,0.526
3/23/2022 22:00,21.964
3/23/2022 23:00,104.125
3/24/2022 0:00,236.353
3/24/2022 1:00,384.634
3/24/2022 2:00,507.115
3/24/2022 3:00,572.56
3/24/2022 4:00,589.973
3/24/2022 5:00,555.796
3/24/2022 6:00,464.479
3/24/2022 7:00,340.35
3/24/2022 8:00,211.966
3/24/2022 9:00,94.094
3/24/2022 10:00,20.098
3/24/2022 11:00,2.57
3/24/2022 12:00,0.262
3/24/2022 13:00,0
3/24/2022 14:00,0
3/24/2022 15:00,0
3/24/2022 16:00,0
3/24/2022 17:00,0
3/24/2022 18:00,0
3/24/2022 19:00,0
3/24/2022 20:00,0
3/24/2022 21:00,0.259
3/24/2022 22:00,13.686
3/24/2022 23:00,81.329
3/25/2022 0:00,192.115
3/25/2022 1:00,310.167
3/25/2022 2:00,412.628
3/25/2022 3:00,471.022
3/25/2022 4:00,486.473
3/25/2022 5:00,466.676
3/25/2022 6:00,404.515
3/25/2022 7:00,319.193
3/25/2022 8:00,214.57
3/25/2022 9:00,99.945
3/25/2022 10:00,21.273
3/25/2022 11:00,2.619
3/25/2022 12:00,0.31
3/25/2022 13:00,0
3/25/2022 14:00,0
3/25/2022 15:00,0
3/25/2022 16:00,0
3/25/2022 17:00,0
3/25/2022 18:00,0
3/25/2022 19:00,0
3/25/2022 20:00,0
3/25/2022 21:00,0.545
3/25/2022 22:00,31.665
3/25/2022 23:00,146.51
3/26/2022 0:00,298.239
3/26/2022 1:00,442.297
3/26/2022 2:00,557.388
3/26/2022 3:00,618.41
3/26/2022 4:00,622.2
3/26/2022 5:00,585.172
3/26/2022 6:00,498.554
3/26/2022 7:00,376.577
3/26/2022 8:00,234.812
3/26/2022 9:00,99.77
3/26/2022 10:00,19.17
3/26/2022 11:00,2.697
3/26/2022 12:00,0.289
3/26/2022 13:00,0
3/26/2022 14:00,0
3/26/2022 15:00,0
3/26/2022 16:00,0
3/26/2022 17:00,0
3/26/2022 18:00,0
3/26/2022 19:00,0
3/26/2022 20:00,0
3/26/2022 21:00,0.82
3/26/2022 22:00,33.323
3/26/2022 23:00,148.011
3/27/2022 0:00,309.454
3/27/2022 1:00,476.93
3/27/2022 2:00,611.544
3/27/2022 3:00,690.998
3/27/2022 4:00,718.08
3/27/2022 5:00,674.345
3/27/2022 6:00,567.377
3/27/2022 7:00,427.379
3/27/2022 8:00,267.776
3/27/2022 9:00,116.396
3/27/2022 10:00,21.305
3/27/2022 11:00,2.221
3/27/2022 12:00,0.305
3/27/2022 13:00,0
3/27/2022 14:00,0
3/27/2022 15:00,0
3/27/2022 16:00,0
3/27/2022 17:00,0
3/27/2022 18:00,0
3/27/2022 19:00,0
3/27/2022 20:00,0
3/27/2022 21:00,1.253
3/27/2022 22:00,34.854
3/27/2022 23:00,156.01
3/28/2022 0:00,329.227
3/28/2022 1:00,500.025
3/28/2022 2:00,635.697
3/28/2022 3:00,725.226
3/28/2022 4:00,753.807
3/28/2022 5:00,708.482
3/28/2022 6:00,608.866
3/28/2022 7:00,466.313
3/28/2022 8:00,299.491
3/28/2022 9:00,131.522
3/28/2022 10:00,24.084
3/28/2022 11:00,2.869
3/28/2022 12:00,0.384
3/28/2022 13:00,0
3/28/2022 14:00,0
3/28/2022 15:00,0
3/28/2022 16:00,0
3/28/2022 17:00,0
3/28/2022 18:00,0
3/28/2022 19:00,0
3/28/2022 20:00,0
3/28/2022 21:00,0.74
3/28/2022 22:00,31.753
3/28/2022 23:00,145.571
3/29/2022 0:00,309.311
3/29/2022 1:00,469.504
3/29/2022 2:00,592.948
3/29/2022 3:00,660.565
3/29/2022 4:00,675.052
3/29/2022 5:00,627.918
3/29/2022 6:00,527.926
3/29/2022 7:00,387.198
3/29/2022 8:00,235.789
3/29/2022 9:00,101.121
3/29/2022 10:00,19.914
3/29/2022 11:00,2.264
3/29/2022 12:00,0.304
3/29/2022 13:00,0.001
3/29/2022 14:00,0
3/29/2022 15:00,0
3/29/2022 16:00,0
3/29/2022 17:00,0
3/29/2022 18:00,0
3/29/2022 19:00,0
3/29/2022 20:00,0
3/29/2022 21:00,1.481
3/29/2022 22:00,31.261
3/29/2022 23:00,137.332
3/30/2022 0:00,293.62
3/30/2022 1:00,458.153
3/30/2022 2:00,587.952
3/30/2022 3:00,660.176
3/30/2022 4:00,678.838
3/30/2022 5:00,634.946
3/30/2022 6:00,536.651
3/30/2022 7:00,402.527
3/30/2022 8:00,252.989
3/30/2022 9:00,111.808
3/30/2022 10:00,22.709
3/30/2022 11:00,3.656
3/30/2022 12:00,0.543
3/30/2022 13:00,0.001
3/30/2022 14:00,0
3/30/2022 15:00,0
3/30/2022 16:00,0
3/30/2022 17:00,0
3/30/2022 18:00,0
3/30/2022 19:00,0
3/30/2022 20:00,0.001
3/30/2022 21:00,1.747
3/30/2022 22:00,34.392
3/30/2022 23:00,135.097
3/31/2022 0:00,262.064
3/31/2022 1:00,390.805
3/31/2022 2:00,496.627
3/31/2022 3:00,556.823
3/31/2022 4:00,582.984
3/31/2022 5:00,560.477
3/31/2022 6:00,493.472
3/31/2022 7:00,387.423
3/31/2022 8:00,250.611
3/31/2022 9:00,112.539
3/31/2022 10:00,22.283
3/31/2022 11:00,3.585
3/31/2022 12:00,0.529
3/31/2022 13:00,0.001
3/31/2022 14:00,0
3/31/2022 15:00,0
3/31/2022 16:00,0
3/31/2022 17:00,0
3/31/2022 18:00,0
3/31/2022 19:00,0
3/31/2022 20:00,0.001
3/31/2022 21:00,2.084
3/31/2022 22:00,43.09
3/31/2022 23:00,160.6
4/1/2022 0:00,313.958
4/1/2022 1:00,456.588
4/1/2022 2:00,573.849
4/1/2022 3:00,639.622
4/1/2022 4:00,668.971
4/1/2022 5:00,639.822
4/1/2022 6:00,546.431
4/1/2022 7:00,412.283
4/1/2022 8:00,261.633
4/1/2022 9:00,115.418
4/1/2022 10:00,23.662
4/1/2022 11:00,3.522
4/1/2022 12:00,0.519
4/1/2022 13:00,0.002
4/1/2022 14:00,0
4/1/2022 15:00,0
4/1/2022 16:00,0
4/1/2022 17:00,0
4/1/2022 18:00,0
4/1/2022 19:00,0
4/1/2022 20:00,0.002
4/1/2022 21:00,2.044
4/1/2022 22:00,44.303
4/1/2022 23:00,174.69
4/2/2022 0:00,348.837
4/2/2022 1:00,521.493
4/2/2022 2:00,660.9
4/2/2022 3:00,737.8
4/2/2022 4:00,767.546
4/2/2022 5:00,731.413
4/2/2022 6:00,638.273
4/2/2022 7:00,499.735
4/2/2022 8:00,327.778
4/2/2022 9:00,153.274
4/2/2022 10:00,32.76
4/2/2022 11:00,3.241
4/2/2022 12:00,0.405
4/2/2022 13:00,0.001
4/2/2022 14:00,0
4/2/2022 15:00,0
4/2/2022 16:00,0
4/2/2022 17:00,0
4/2/2022 18:00,0
4/2/2022 19:00,0
4/2/2022 20:00,0.002
4/2/2022 21:00,2.214
4/2/2022 22:00,52.112
4/2/2022 23:00,215.821
4/3/2022 0:00,427.116
4/3/2022 1:00,624.379
4/3/2022 2:00,774.597
4/3/2022 3:00,859.935
4/3/2022 4:00,881.897
4/3/2022 5:00,836.881
4/3/2022 6:00,730.364
4/3/2022 7:00,570.615
4/3/2022 8:00,370.709
4/3/2022 9:00,166.12
4/3/2022 10:00,31.11
4/3/2022 11:00,3.455
4/3/2022 12:00,0.518
4/3/2022 13:00,0.002
4/3/2022 14:00,0
4/3/2022 15:00,0
4/3/2022 16:00,0
4/3/2022 17:00,0
4/3/2022 18:00,0
4/3/2022 19:00,0
4/3/2022 20:00,0.003
4/3/2022 21:00,2.233
4/3/2022 22:00,49.448
4/3/2022 23:00,193.737
4/4/2022 0:00,380.209
4/4/2022 1:00,555.942
4/4/2022 2:00,691.908
4/4/2022 3:00,768.654
4/4/2022 4:00,792.682
4/4/2022 5:00,756.9
4/4/2022 6:00,655.048
4/4/2022 7:00,500.966
4/4/2022 8:00,319.493
4/4/2022 9:00,144.344
4/4/2022 10:00,28.951
4/4/2022 11:00,4.101
4/4/2022 12:00,0.682
4/4/2022 13:00,0.005
4/4/2022 14:00,0
4/4/2022 15:00,0
4/4/2022 16:00,0
4/4/2022 17:00,0
4/4/2022 18:00,0
4/4/2022 19:00,0
4/4/2022 20:00,0.002
4/4/2022 21:00,1.775
4/4/2022 22:00,40.413
4/4/2022 23:00,170.807
4/5/2022 0:00,346.829
4/5/2022 1:00,522.875
4/5/2022 2:00,668.957
4/5/2022 3:00,757.754
4/5/2022 4:00,791.972
4/5/2022 5:00,764.999
4/5/2022 6:00,673.147
4/5/2022 7:00,532.007
4/5/2022 8:00,350.951
4/5/2022 9:00,163.25
4/5/2022 10:00,33.563
4/5/2022 11:00,4.32
4/5/2022 12:00,0.742
4/5/2022 13:00,0.006
4/5/2022 14:00,0
4/5/2022 15:00,0
4/5/2022 16:00,0
4/5/2022 17:00,0
4/5/2022 18:00,0
4/5/2022 19:00,0
4/5/2022 20:00,0.006
4/5/2022 21:00,3.167
4/5/2022 22:00,54.562
4/5/2022 23:00,203.939
4/6/2022 0:00,391.855
4/6/2022 1:00,570.008
4/6/2022 2:00,711.207
4/6/2022 3:00,800.81
4/6/2022 4:00,834.569
4/6/2022 5:00,792.062
4/6/2022 6:00,684.86
4/6/2022 7:00,525.063
4/6/2022 8:00,337.176
4/6/2022 9:00,156.791
4/6/2022 10:00,34.517
4/6/2022 11:00,4.543
4/6/2022 12:00,0.815
4/6/2022 13:00,0.008
4/6/2022 14:00,0
4/6/2022 15:00,0
4/6/2022 16:00,0
4/6/2022 17:00,0
4/6/2022 18:00,0
4/6/2022 19:00,0
4/6/2022 20:00,0.008
4/6/2022 21:00,2.864
4/6/2022 22:00,55.768
4/6/2022 23:00,218.962
4/7/2022 0:00,427.854
4/7/2022 1:00,626.327
4/7/2022 2:00,782.758
4/7/2022 3:00,879.672
4/7/2022 4:00,908.648
4/7/2022 5:00,867.149
4/7/2022 6:00,760.251
4/7/2022 7:00,598.969
4/7/2022 8:00,401.255
4/7/2022 9:00,195.334
4/7/2022 10:00,43.982
4/7/2022 11:00,4.685
4/7/2022 12:00,0.88
4/7/2022 13:00,0.009
4/7/2022 14:00,0
4/7/2022 15:00,0
4/7/2022 16:00,0
4/7/2022 17:00,0
4/7/2022 18:00,0
4/7/2022 19:00,0
4/7/2022 20:00,0.008
4/7/2022 21:00,2.562
4/7/2022 22:00,56.002
4/7/2022 23:00,218.189
4/8/2022 0:00,422.01
4/8/2022 1:00,613.269
4/8/2022 2:00,763.638
4/8/2022 3:00,853.947
4/8/2022 4:00,877.42
4/8/2022 5:00,832.534
4/8/2022 6:00,724.355
4/8/2022 7:00,563.349
4/8/2022 8:00,369.184
4/8/2022 9:00,171.674
4/8/2022 10:00,34.124
4/8/2022 11:00,3.687
4/8/2022 12:00,0.705
4/8/2022 13:00,0.009
4/8/2022 14:00,0
4/8/2022 15:00,0
4/8/2022 16:00,0
4/8/2022 17:00,0
4/8/2022 18:00,0
4/8/2022 19:00,0
4/8/2022 20:00,0.01
4/8/2022 21:00,2.701
4/8/2022 22:00,57.054
4/8/2022 23:00,211.223
4/9/2022 0:00,404.672
4/9/2022 1:00,589.429
4/9/2022 2:00,733.791
4/9/2022 3:00,819.966
4/9/2022 4:00,840.098
4/9/2022 5:00,791.522
4/9/2022 6:00,682.423
4/9/2022 7:00,527.314
4/9/2022 8:00,344.536
4/9/2022 9:00,163.62
4/9/2022 10:00,36.403
4/9/2022 11:00,3.541
4/9/2022 12:00,0.531
4/9/2022 13:00,0.009
4/9/2022 14:00,0
4/9/2022 15:00,0
4/9/2022 16:00,0
4/9/2022 17:00,0
4/9/2022 18:00,0
4/9/2022 19:00,0
4/9/2022 20:00,0.013
4/9/2022 21:00,2.404
4/9/2022 22:00,51.106
4/9/2022 23:00,196.731
4/10/2022 0:00,385.031
4/10/2022 1:00,566.777
4/10/2022 2:00,705.667
4/10/2022 3:00,780.601
4/10/2022 4:00,812.723
4/10/2022 5:00,779.216
4/10/2022 6:00,687.008
4/10/2022 7:00,542.92
4/10/2022 8:00,364.344
4/10/2022 9:00,180.271
4/10/2022 10:00,42.454
4/10/2022 11:00,4.264
4/10/2022 12:00,0.726
4/10/2022 13:00,0.01
4/10/2022 14:00,0
4/10/2022 15:00,0
4/10/2022 16:00,0
4/10/2022 17:00,0
4/10/2022 18:00,0
4/10/2022 19:00,0
4/10/2022 20:00,0.018
4/10/2022 21:00,2.515
4/10/2022 22:00,54.286
4/10/2022 23:00,202.714
4/11/2022 0:00,384.225
4/11/2022 1:00,550.238
4/11/2022 2:00,683.952
4/11/2022 3:00,779.145
4/11/2022 4:00,809.878
4/11/2022 5:00,773.964
4/11/2022 6:00,671.643
4/11/2022 7:00,514.721
4/11/2022 8:00,334.641
4/11/2022 9:00,158.933
4/11/2022 10:00,35.768
4/11/2022 11:00,4.547
4/11/2022 12:00,0.848
4/11/2022 13:00,0.015
4/11/2022 14:00,0
4/11/2022 15:00,0
4/11/2022 16:00,0
4/11/2022 17:00,0
4/11/2022 18:00,0
4/11/2022 19:00,0
4/11/2022 20:00,0.012
4/11/2022 21:00,3.036
4/11/2022 22:00,50.025
4/11/2022 23:00,176.382
4/12/2022 0:00,334.547
4/12/2022 1:00,483.654
4/12/2022 2:00,605.194
4/12/2022 3:00,677.225
4/12/2022 4:00,697.357
4/12/2022 5:00,655.568
4/12/2022 6:00,560.575
4/12/2022 7:00,428.644
4/12/2022 8:00,276.681
4/12/2022 9:00,133.743
4/12/2022 10:00,34.024
4/12/2022 11:00,4.086
4/12/2022 12:00,0.674
4/12/2022 13:00,0.01
4/12/2022 14:00,0
4/12/2022 15:00,0
4/12/2022 16:00,0
4/12/2022 17:00,0
4/12/2022 18:00,0
4/12/2022 19:00,0
4/12/2022 20:00,0.034
4/12/2022 21:00,4.594
4/12/2022 22:00,49.008
4/12/2022 23:00,165.501
4/13/2022 0:00,322.473
4/13/2022 1:00,476.875
4/13/2022 2:00,597.661
4/13/2022 3:00,670.106
4/13/2022 4:00,691.385
4/13/2022 5:00,664.494
4/13/2022 6:00,588.541
4/13/2022 7:00,465.792
4/13/2022 8:00,313.847
4/13/2022 9:00,157.942
4/13/2022 10:00,38.112
4/13/2022 11:00,3.726
4/13/2022 12:00,0.655
4/13/2022 13:00,0.011
4/13/2022 14:00,0
4/13/2022 15:00,0
4/13/2022 16:00,0
4/13/2022 17:00,0
4/13/2022 18:00,0
4/13/2022 19:00,0
4/13/2022 20:00,0.041
4/13/2022 21:00,4.271
4/13/2022 22:00,55.934
4/13/2022 23:00,183.91
4/14/2022 0:00,339.934
4/14/2022 1:00,481.816
4/14/2022 2:00,588.206
4/14/2022 3:00,652.248
4/14/2022 4:00,668.415
4/14/2022 5:00,632.935
4/14/2022 6:00,552.867
4/14/2022 7:00,430.129
4/14/2022 8:00,285.181
4/14/2022 9:00,139.309
4/14/2022 10:00,33.619
4/14/2022 11:00,4.335
4/14/2022 12:00,0.859
4/14/2022 13:00,0.023
4/14/2022 14:00,0
4/14/2022 15:00,0
4/14/2022 16:00,0
4/14/2022 17:00,0
4/14/2022 18:00,0
4/14/2022 19:00,0
4/14/2022 20:00,0.061
4/14/2022 21:00,5.62
4/14/2022 22:00,64.298
4/14/2022 23:00,191.399
4/15/2022 0:00,338.273
4/15/2022 1:00,469.323
4/15/2022 2:00,567.959
4/15/2022 3:00,614.442
4/15/2022 4:00,627.48
4/15/2022 5:00,588.05
4/15/2022 6:00,507.073
4/15/2022 7:00,398.034
4/15/2022 8:00,269.558
4/15/2022 9:00,135.795
4/15/2022 10:00,33.827
4/15/2022 11:00,5.693
4/15/2022 12:00,1.296
4/15/2022 13:00,0.032
4/15/2022 14:00,0
4/15/2022 15:00,0
4/15/2022 16:00,0
4/15/2022 17:00,0
4/15/2022 18:00,0
4/15/2022 19:00,0
4/15/2022 20:00,0.051
4/15/2022 21:00,6.066
4/15/2022 22:00,65.872
4/15/2022 23:00,200.12
4/16/2022 0:00,362.457
4/16/2022 1:00,499.052
4/16/2022 2:00,604.672
4/16/2022 3:00,681.351
4/16/2022 4:00,710.989
4/16/2022 5:00,682.359
4/16/2022 6:00,590.511
4/16/2022 7:00,458.437
4/16/2022 8:00,310.82
4/16/2022 9:00,156.365
4/16/2022 10:00,39.225
4/16/2022 11:00,5.798
4/16/2022 12:00,1.28
4/16/2022 13:00,0.034
4/16/2022 14:00,0
4/16/2022 15:00,0
4/16/2022 16:00,0
4/16/2022 17:00,0
4/16/2022 18:00,0
4/16/2022 19:00,0
4/16/2022 20:00,0.086
4/16/2022 21:00,6.351
4/16/2022 22:00,64.826
4/16/2022 23:00,183.978
4/17/2022 0:00,326.646
4/17/2022 1:00,461.985
4/17/2022 2:00,566.835
4/17/2022 3:00,623.574
4/17/2022 4:00,628.242
4/17/2022 5:00,579.312
4/17/2022 6:00,492.549
4/17/2022 7:00,373.99
4/17/2022 8:00,243.958
4/17/2022 9:00,124.005
4/17/2022 10:00,34.995
4/17/2022 11:00,5.75
4/17/2022 12:00,1.218
4/17/2022 13:00,0.036
4/17/2022 14:00,0
4/17/2022 15:00,0
4/17/2022 16:00,0
4/17/2022 17:00,0
4/17/2022 18:00,0
4/17/2022 19:00,0
4/17/2022 20:00,0.101
4/17/2022 21:00,5.763
4/17/2022 22:00,58.29
4/17/2022 23:00,187.725
4/18/2022 0:00,354.113
4/18/2022 1:00,513.751
4/18/2022 2:00,641.476
4/18/2022 3:00,725.268
4/18/2022 4:00,744.809
4/18/2022 5:00,700.238
4/18/2022 6:00,604.31
4/18/2022 7:00,465.298
4/18/2022 8:00,309.727
4/18/2022 9:00,155.795
4/18/2022 10:00,41.513
4/18/2022 11:00,5.576
4/18/2022 12:00,1.112
4/18/2022 13:00,0.036
4/18/2022 14:00,0
4/18/2022 15:00,0
4/18/2022 16:00,0
4/18/2022 17:00,0
4/18/2022 18:00,0
4/18/2022 19:00,0
4/18/2022 20:00,0.099
4/18/2022 21:00,6.795
4/18/2022 22:00,67.923
4/18/2022 23:00,204.742
4/19/2022 0:00,372.654
4/19/2022 1:00,533.661
4/19/2022 2:00,663.71
4/19/2022 3:00,741.096
4/19/2022 4:00,772.925
4/19/2022 5:00,741.608
4/19/2022 6:00,650.306
4/19/2022 7:00,512.69
4/19/2022 8:00,348.927
4/19/2022 9:00,178.461
4/19/2022 10:00,46.095
4/19/2022 11:00,4.855
4/19/2022 12:00,0.934
4/19/2022 13:00,0.04
4/19/2022 14:00,0
4/19/2022 15:00,0
4/19/2022 16:00,0
4/19/2022 17:00,0
4/19/2022 18:00,0
4/19/2022 19:00,0
4/19/2022 20:00,0.109
4/19/2022 21:00,7.06
4/19/2022 22:00,73.077
4/19/2022 23:00,216.917
4/20/2022 0:00,389.771
4/20/2022 1:00,550.051
4/20/2022 2:00,672.983
4/20/2022 3:00,739.686
4/20/2022 4:00,753.252
4/20/2022 5:00,711.864
4/20/2022 6:00,624.935
4/20/2022 7:00,488.383
4/20/2022 8:00,336.605
4/20/2022 9:00,181.167
4/20/2022 10:00,53.709
4/20/2022 11:00,5.121
4/20/2022 12:00,0.835
4/20/2022 13:00,0.034
4/20/2022 14:00,0
4/20/2022 15:00,0
4/20/2022 16:00,0
4/20/2022 17:00,0
4/20/2022 18:00,0
4/20/2022 19:00,0
4/20/2022 20:00,0.096
4/20/2022 21:00,5.144
4/20/2022 22:00,68.758
4/20/2022 23:00,224.108
4/21/2022 0:00,416.388
4/21/2022 1:00,601.453
4/21/2022 2:00,741.613
4/21/2022 3:00,825.135
4/21/2022 4:00,846.052
4/21/2022 5:00,802.81
4/21/2022 6:00,694.743
4/21/2022 7:00,543.81
4/21/2022 8:00,362.627
4/21/2022 9:00,183.627
4/21/2022 10:00,50.381
4/21/2022 11:00,5.588
4/21/2022 12:00,1.004
4/21/2022 13:00,0.043
4/21/2022 14:00,0
4/21/2022 15:00,0
4/21/2022 16:00,0
4/21/2022 17:00,0
4/21/2022 18:00,0
4/21/2022 19:00,0
4/21/2022 20:00,0.062
4/21/2022 21:00,5.854
4/21/2022 22:00,68.361
4/21/2022 23:00,206.961
4/22/2022 0:00,371.802
4/22/2022 1:00,526.444
4/22/2022 2:00,642.68
4/22/2022 3:00,696.199
4/22/2022 4:00,699.774
4/22/2022 5:00,659.737
4/22/2022 6:00,570.337
4/22/2022 7:00,444.27
4/22/2022 8:00,301.375
4/22/2022 9:00,157.545
4/22/2022 10:00,45.329
4/22/2022 11:00,5.735
4/22/2022 12:00,1.13
4/22/2022 13:00,0.044
4/22/2022 14:00,0
4/22/2022 15:00,0
4/22/2022 16:00,0
4/22/2022 17:00,0
4/22/2022 18:00,0
4/22/2022 19:00,0
4/22/2022 20:00,0.208
4/22/2022 21:00,8.127
4/22/2022 22:00,67.719
4/22/2022 23:00,204.408
4/23/2022 0:00,378.363
4/23/2022 1:00,557.371
4/23/2022 2:00,702.566
4/23/2022 3:00,787.756
4/23/2022 4:00,811.368
4/23/2022 5:00,771.565
4/23/2022 6:00,673.016
4/23/2022 7:00,534.898
4/23/2022 8:00,368.969
4/23/2022 9:00,192.272
4/23/2022 10:00,52.424
4/23/2022 11:00,6.019
4/23/2022 12:00,1.434
4/23/2022 13:00,0.08
4/23/2022 14:00,0
4/23/2022 15:00,0
4/23/2022 16:00,0
4/23/2022 17:00,0
4/23/2022 18:00,0
4/23/2022 19:00,0
4/23/2022 20:00,0.19
4/23/2022 21:00,9.007
4/23/2022 22:00,79.74
4/23/2022 23:00,229.199
4/24/2022 0:00,403.487
4/24/2022 1:00,559.935
4/24/2022 2:00,674.408
4/24/2022 3:00,740.018
4/24/2022 4:00,756.071
4/24/2022 5:00,711.825
4/24/2022 6:00,613.083
4/24/2022 7:00,476.392
4/24/2022 8:00,316.868
4/24/2022 9:00,163.46
4/24/2022 10:00,47.445
4/24/2022 11:00,6.059
4/24/2022 12:00,1.28
4/24/2022 13:00,0.082
4/24/2022 14:00,0
4/24/2022 15:00,0
4/24/2022 16:00,0
4/24/2022 17:00,0
4/24/2022 18:00,0
4/24/2022 19:00,0
4/24/2022 20:00,0.221
4/24/2022 21:00,7.361
4/24/2022 22:00,57.313
4/24/2022 23:00,174.761
4/25/2022 0:00,328.323
4/25/2022 1:00,479.672
4/25/2022 2:00,604.843
4/25/2022 3:00,690.544
4/25/2022 4:00,725.104
4/25/2022 5:00,700.019
4/25/2022 6:00,615.538
4/25/2022 7:00,487.505
4/25/2022 8:00,334.088
4/25/2022 9:00,179.559
4/25/2022 10:00,52.946
4/25/2022 11:00,5.377
4/25/2022 12:00,0.954
4/25/2022 13:00,0.065
4/25/2022 14:00,0
4/25/2022 15:00,0
4/25/2022 16:00,0
4/25/2022 17:00,0
4/25/2022 18:00,0
4/25/2022 19:00,0
4/25/2022 20:00,0.114
4/25/2022 21:00,5.989
4/25/2022 22:00,65.186
4/25/2022 23:00,207.767
4/26/2022 0:00,388.187
4/26/2022 1:00,565.942
4/26/2022 2:00,715.208
4/26/2022 3:00,806.819
4/26/2022 4:00,830.413
4/26/2022 5:00,787.909
4/26/2022 6:00,683.072
4/26/2022 7:00,538.072
4/26/2022 8:00,367.098
4/26/2022 9:00,193.237
4/26/2022 10:00,57.425
4/26/2022 11:00,6.924
4/26/2022 12:00,1.349
4/26/2022 13:00,0.072
4/26/2022 14:00,0
4/26/2022 15:00,0
4/26/2022 16:00,0
4/26/2022 17:00,0
4/26/2022 18:00,0
4/26/2022 19:00,0
4/26/2022 20:00,0.366
4/26/2022 21:00,10.663
4/26/2022 22:00,75.254
4/26/2022 23:00,210.926
4/27/2022 0:00,374.768
4/27/2022 1:00,531.177
4/27/2022 2:00,664.518
4/27/2022 3:00,740.46
4/27/2022 4:00,751.062
4/27/2022 5:00,709.024
4/27/2022 6:00,606.738
4/27/2022 7:00,472.061
4/27/2022 8:00,316.252
4/27/2022 9:00,163.141
4/27/2022 10:00,47.159
4/27/2022 11:00,5.456
4/27/2022 12:00,0.997
4/27/2022 13:00,0.068
4/27/2022 14:00,0
4/27/2022 15:00,0
4/27/2022 16:00,0
4/27/2022 17:00,0
4/27/2022 18:00,0
4/27/2022 19:00,0
4/27/2022 20:00,0.386
4/27/2022 21:00,7.99
4/27/2022 22:00,57.467
4/27/2022 23:00,169.212
4/28/2022 0:00,310.495
4/28/2022 1:00,449.553
4/28/2022 2:00,565.117
4/28/2022 3:00,639.71
4/28/2022 4:00,656.192
4/28/2022 5:00,620.377
4/28/2022 6:00,537.473
4/28/2022 7:00,425.741
4/28/2022 8:00,297.469
4/28/2022 9:00,164.466
4/28/2022 10:00,55.086
4/28/2022 11:00,8.173
4/28/2022 12:00,1.901
4/28/2022 13:00,0.129
4/28/2022 14:00,0
4/28/2022 15:00,0
4/28/2022 16:00,0
4/28/2022 17:00,0
4/28/2022 18:00,0
4/28/2022 19:00,0
4/28/2022 20:00,0.487
4/28/2022 21:00,12.164
4/28/2022 22:00,82.22
4/28/2022 23:00,219.284
4/29/2022 0:00,376.393
4/29/2022 1:00,516.285
4/29/2022 2:00,622.422
4/29/2022 3:00,692.142
4/29/2022 4:00,710.119
4/29/2022 5:00,671.467
4/29/2022 6:00,575.086
4/29/2022 7:00,440.916
4/29/2022 8:00,289.375
4/29/2022 9:00,151.12
4/29/2022 10:00,49.054
4/29/2022 11:00,7.63
4/29/2022 12:00,1.806
4/29/2022 13:00,0.114
4/29/2022 14:00,0
4/29/2022 15:00,0
4/29/2022 16:00,0
4/29/2022 17:00,0
4/29/2022 18:00,0
4/29/2022 19:00,0
4/29/2022 20:00,0.182
4/29/2022 21:00,8.152
4/29/2022 22:00,62.785
4/29/2022 23:00,173.999
4/30/2022 0:00,312.63
4/30/2022 1:00,432.794
4/30/2022 2:00,522.921
4/30/2022 3:00,579.315
4/30/2022 4:00,597.08
4/30/2022 5:00,573.196
4/30/2022 6:00,507.819
4/30/2022 7:00,406.157
4/30/2022 8:00,284.09
4/30/2022 9:00,156.918
4/30/2022 10:00,50.719
4/30/2022 11:00,7.175
4/30/2022 12:00,1.702
4/30/2022 13:00,0.117
4/30/2022 14:00,0
4/30/2022 15:00,0
4/30/2022 16:00,0
4/30/2022 17:00,0
4/30/2022 18:00,0
4/30/2022 19:00,0
4/30/2022 20:00,0.247
4/30/2022 21:00,10.068
4/30/2022 22:00,78.255
4/30/2022 23:00,204.846
5/1/2022 0:00,356.135
5/1/2022 1:00,496.658
5/1/2022 2:00,605.753
5/1/2022 3:00,666.438
5/1/2022 4:00,686.316
5/1/2022 5:00,655.821
5/1/2022 6:00,579.219
5/1/2022 7:00,465.094
5/1/2022 8:00,328.428
5/1/2022 9:00,186.804
5/1/2022 10:00,64.416
5/1/2022 11:00,8.811
5/1/2022 12:00,1.87
5/1/2022 13:00,0.146
5/1/2022 14:00,0
5/1/2022 15:00,0
5/1/2022 16:00,0
5/1/2022 17:00,0
5/1/2022 18:00,0
5/1/2022 19:00,0
5/1/2022 20:00,0.463
5/1/2022 21:00,13.879
5/1/2022 22:00,98.471
5/1/2022 23:00,256.201
5/2/2022 0:00,440.756
5/2/2022 1:00,614.453
5/2/2022 2:00,746.961
5/2/2022 3:00,829.536
5/2/2022 4:00,859.282
5/2/2022 5:00,822.64
5/2/2022 6:00,728.712
5/2/2022 7:00,589.685
5/2/2022 8:00,417.874
5/2/2022 9:00,235.33
5/2/2022 10:00,76.401
5/2/2022 11:00,9.276
5/2/2022 12:00,1.827
5/2/2022 13:00,0.153
5/2/2022 14:00,0
5/2/2022 15:00,0
5/2/2022 16:00,0
5/2/2022 17:00,0
5/2/2022 18:00,0
5/2/2022 19:00,0
5/2/2022 20:00,0.337
5/2/2022 21:00,11.65
5/2/2022 22:00,99.555
5/2/2022 23:00,268.405
5/3/2022 0:00,461.121
5/3/2022 1:00,638.707
5/3/2022 2:00,780.2
5/3/2022 3:00,875.806
5/3/2022 4:00,909.624
5/3/2022 5:00,874.191
5/3/2022 6:00,775.885
5/3/2022 7:00,627.633
5/3/2022 8:00,444.819
5/3/2022 9:00,248.235
5/3/2022 10:00,78.959
5/3/2022 11:00,9.432
5/3/2022 12:00,1.785
5/3/2022 13:00,0.143
5/3/2022 14:00,0
5/3/2022 15:00,0
5/3/2022 16:00,0
5/3/2022 17:00,0
5/3/2022 18:00,0
5/3/2022 19:00,0
5/3/2022 20:00,0.451
5/3/2022 21:00,13.668
5/3/2022 22:00,105.695
5/3/2022 23:00,279.706
5/4/2022 0:00,476.111
5/4/2022 1:00,658.268
5/4/2022 2:00,797.752
5/4/2022 3:00,889.776
5/4/2022 4:00,916.608
5/4/2022 5:00,877.009
5/4/2022 6:00,777.056
5/4/2022 7:00,628.274
5/4/2022 8:00,444.686
5/4/2022 9:00,247.246
5/4/2022 10:00,78.098
5/4/2022 11:00,8.51
5/4/2022 12:00,1.536
5/4/2022 13:00,0.162
5/4/2022 14:00,0
5/4/2022 15:00,0
5/4/2022 16:00,0
5/4/2022 17:00,0
5/4/2022 18:00,0
5/4/2022 19:00,0
5/4/2022 20:00,0.527
5/4/2022 21:00,13.675
5/4/2022 22:00,106.073
5/4/2022 23:00,278.045
5/5/2022 0:00,470.001
5/5/2022 1:00,648.23
5/5/2022 2:00,790.177
5/5/2022 3:00,879.373
5/5/2022 4:00,897.366
5/5/2022 5:00,842.737
5/5/2022 6:00,729.577
5/5/2022 7:00,575.884
5/5/2022 8:00,398.082
5/5/2022 9:00,217.657
5/5/2022 10:00,69.625
5/5/2022 11:00,7.804
5/5/2022 12:00,1.214
5/5/2022 13:00,0.117
5/5/2022 14:00,0
5/5/2022 15:00,0
5/5/2022 16:00,0
5/5/2022 17:00,0
5/5/2022 18:00,0
5/5/2022 19:00,0
5/5/2022 20:00,0.336
5/5/2022 21:00,12.163
5/5/2022 22:00,97.47
5/5/2022 23:00,254.012
5/6/2022 0:00,431.102
5/6/2022 1:00,597.748
5/6/2022 2:00,722.78
5/6/2022 3:00,803.994
5/6/2022 4:00,827.116
5/6/2022 5:00,788.705
5/6/2022 6:00,692.946
5/6/2022 7:00,554.36
5/6/2022 8:00,386.988
5/6/2022 9:00,212.922
5/6/2022 10:00,68.978
5/6/2022 11:00,9.064
5/6/2022 12:00,1.773
5/6/2022 13:00,0.175
5/6/2022 14:00,0
5/6/2022 15:00,0
5/6/2022 16:00,0
5/6/2022 17:00,0
5/6/2022 18:00,0
5/6/2022 19:00,0
5/6/2022 20:00,0.654
5/6/2022 21:00,16.053
5/6/2022 22:00,95.181
5/6/2022 23:00,235.318
5/7/2022 0:00,396.103
5/7/2022 1:00,547.539
5/7/2022 2:00,666.826
5/7/2022 3:00,731.934
5/7/2022 4:00,741.441
5/7/2022 5:00,693.322
5/7/2022 6:00,593.979
5/7/2022 7:00,464.063
5/7/2022 8:00,317.665
5/7/2022 9:00,178.912
5/7/2022 10:00,62.017
5/7/2022 11:00,8.135
5/7/2022 12:00,1.468
5/7/2022 13:00,0.182
5/7/2022 14:00,0
5/7/2022 15:00,0
5/7/2022 16:00,0
5/7/2022 17:00,0
5/7/2022 18:00,0
5/7/2022 19:00,0
5/7/2022 20:00,0.941
5/7/2022 21:00,13.888
5/7/2022 22:00,83.993
5/7/2022 23:00,214.964
5/8/2022 0:00,364.772
5/8/2022 1:00,504.676
5/8/2022 2:00,613.92
5/8/2022 3:00,681.708
5/8/2022 4:00,701.862
5/8/2022 5:00,666.615
5/8/2022 6:00,583.842
5/8/2022 7:00,460.017
5/8/2022 8:00,314.318
5/8/2022 9:00,170.845
5/8/2022 10:00,58.156
5/8/2022 11:00,9.35
5/8/2022 12:00,2.223
5/8/2022 13:00,0.255
5/8/2022 14:00,0
5/8/2022 15:00,0
5/8/2022 16:00,0
5/8/2022 17:00,0
5/8/2022 18:00,0
5/8/2022 19:00,0.001
5/8/2022 20:00,1.139
5/8/2022 21:00,16.735
5/8/2022 22:00,82.86
5/8/2022 23:00,200.498
5/9/2022 0:00,334.41
5/9/2022 1:00,460.223
5/9/2022 2:00,564.47
5/9/2022 3:00,635.131
5/9/2022 4:00,656.998
5/9/2022 5:00,634.933
5/9/2022 6:00,568.831
5/9/2022 7:00,461.416
5/9/2022 8:00,326.028
5/9/2022 9:00,183.288
5/9/2022 10:00,64.877
5/9/2022 11:00,10.424
5/9/2022 12:00,2.217
5/9/2022 13:00,0.246
5/9/2022 14:00,0
5/9/2022 15:00,0
5/9/2022 16:00,0
5/9/2022 17:00,0
5/9/2022 18:00,0
5/9/2022 19:00,0.001
5/9/2022 20:00,1.08
5/9/2022 21:00,14.55
5/9/2022 22:00,74.768
5/9/2022 23:00,189.713
5/10/2022 0:00,329.989
5/10/2022 1:00,468.383
5/10/2022 2:00,579.352
5/10/2022 3:00,648.376
5/10/2022 4:00,669.094
5/10/2022 5:00,642.549
5/10/2022 6:00,565.543
5/10/2022 7:00,451.29
5/10/2022 8:00,322.538
5/10/2022 9:00,185.527
5/10/2022 10:00,66.684
5/10/2022 11:00,9.828
5/10/2022 12:00,2.22
5/10/2022 13:00,0.254
5/10/2022 14:00,0
5/10/2022 15:00,0
5/10/2022 16:00,0
5/10/2022 17:00,0
5/10/2022 18:00,0
5/10/2022 19:00,0.001
5/10/2022 20:00,0.424
5/10/2022 21:00,10.85
5/10/2022 22:00,71.76
5/10/2022 23:00,188.867
5/11/2022 0:00,327.242
5/11/2022 1:00,455.29
5/11/2022 2:00,558.128
5/11/2022 3:00,613.962
5/11/2022 4:00,627.939
5/11/2022 5:00,597.016
5/11/2022 6:00,515.287
5/11/2022 7:00,403.239
5/11/2022 8:00,280.069
5/11/2022 9:00,155.556
5/11/2022 10:00,55.323
5/11/2022 11:00,8.486
5/11/2022 12:00,1.688
5/11/2022 13:00,0.211
5/11/2022 14:00,0
5/11/2022 15:00,0
5/11/2022 16:00,0
5/11/2022 17:00,0
5/11/2022 18:00,0
5/11/2022 19:00,0.001
5/11/2022 20:00,1.135
5/11/2022 21:00,13.887
5/11/2022 22:00,69.211
5/11/2022 23:00,172.743
5/12/2022 0:00,302.78
5/12/2022 1:00,436.149
5/12/2022 2:00,540.528
5/12/2022 3:00,601.365
5/12/2022 4:00,610.095
5/12/2022 5:00,572.311
5/12/2022 6:00,493.359
5/12/2022 7:00,378.284
5/12/2022 8:00,257.983
5/12/2022 9:00,143.327
5/12/2022 10:00,50.688
5/12/2022 11:00,7.763
5/12/2022 12:00,1.36
5/12/2022 13:00,0.181
5/12/2022 14:00,0
5/12/2022 15:00,0
5/12/2022 16:00,0
5/12/2022 17:00,0
5/12/2022 18:00,0
5/12/2022 19:00,0.002
5/12/2022 20:00,1.216
5/12/2022 21:00,16.292
5/12/2022 22:00,83.359
5/12/2022 23:00,208.07
5/13/2022 0:00,356.389
5/13/2022 1:00,495.457
5/13/2022 2:00,602.931
5/13/2022 3:00,682.073
5/13/2022 4:00,703.847
5/13/2022 5:00,674.479
5/13/2022 6:00,596.856
5/13/2022 7:00,478.912
5/13/2022 8:00,337.137
5/13/2022 9:00,192.019
5/13/2022 10:00,66.844
5/13/2022 11:00,8.823
5/13/2022 12:00,1.959
5/13/2022 13:00,0.274
5/13/2022 14:00,0
5/13/2022 15:00,0
5/13/2022 16:00,0
5/13/2022 17:00,0
5/13/2022 18:00,0
5/13/2022 19:00,0.003
5/13/2022 20:00,0.877
5/13/2022 21:00,17.139
5/13/2022 22:00,87.835
5/13/2022 23:00,203.129
5/14/2022 0:00,339.949
5/14/2022 1:00,458.873
5/14/2022 2:00,539.301
5/14/2022 3:00,587.429
5/14/2022 4:00,609.415
5/14/2022 5:00,587.68
5/14/2022 6:00,529.459
5/14/2022 7:00,435.182
5/14/2022 8:00,311.827
5/14/2022 9:00,182.78
5/14/2022 10:00,66.222
5/14/2022 11:00,9.711
5/14/2022 12:00,1.825
5/14/2022 13:00,0.238
5/14/2022 14:00,0
5/14/2022 15:00,0
5/14/2022 16:00,0
5/14/2022 17:00,0
5/14/2022 18:00,0
5/14/2022 19:00,0.002
5/14/2022 20:00,1.284
5/14/2022 21:00,20.532
5/14/2022 22:00,100.089
5/14/2022 23:00,224.079
5/15/2022 0:00,362.318
5/15/2022 1:00,487.491
5/15/2022 2:00,591.004
5/15/2022 3:00,656.397
5/15/2022 4:00,679.13
5/15/2022 5:00,652.405
5/15/2022 6:00,579.762
5/15/2022 7:00,466.034
5/15/2022 8:00,329.367
5/15/2022 9:00,190.685
5/15/2022 10:00,71.491
5/15/2022 11:00,9.484
5/15/2022 12:00,1.278
5/15/2022 13:00,0.156
5/15/2022 14:00,0
5/15/2022 15:00,0
5/15/2022 16:00,0
5/15/2022 17:00,0
5/15/2022 18:00,0
5/15/2022 19:00,0.005
5/15/2022 20:00,1.402
5/15/2022 21:00,21.579
5/15/2022 22:00,118.209
5/15/2022 23:00,280.317
5/16/2022 0:00,462.47
5/16/2022 1:00,632.741
5/16/2022 2:00,767.468
5/16/2022 3:00,852
5/16/2022 4:00,879.237
5/16/2022 5:00,848.483
5/16/2022 6:00,751.937
5/16/2022 7:00,607.808
5/16/2022 8:00,435.144
5/16/2022 9:00,253.042
5/16/2022 10:00,91.903
5/16/2022 11:00,11.876
5/16/2022 12:00,1.989
5/16/2022 13:00,0.308
5/16/2022 14:00,0
5/16/2022 15:00,0
5/16/2022 16:00,0
5/16/2022 17:00,0
5/16/2022 18:00,0
5/16/2022 19:00,0.005
5/16/2022 20:00,1.516
5/16/2022 21:00,23.211
5/16/2022 22:00,129.022
5/16/2022 23:00,297.922
5/17/2022 0:00,478.982
5/17/2022 1:00,642.874
5/17/2022 2:00,768.433
5/17/2022 3:00,848.772
5/17/2022 4:00,862.143
5/17/2022 5:00,813.756
5/17/2022 6:00,714.784
5/17/2022 7:00,569.659
5/17/2022 8:00,397.768
5/17/2022 9:00,222.529
5/17/2022 10:00,77.688
5/17/2022 11:00,10.078
5/17/2022 12:00,1.966
5/17/2022 13:00,0.301
5/17/2022 14:00,0
5/17/2022 15:00,0
5/17/2022 16:00,0
5/17/2022 17:00,0
5/17/2022 18:00,0
5/17/2022 19:00,0.006
5/17/2022 20:00,1.447
5/17/2022 21:00,21.892
5/17/2022 22:00,116.379
5/17/2022 23:00,270.218
5/18/2022 0:00,438.095
5/18/2022 1:00,590.525
5/18/2022 2:00,712.732
5/18/2022 3:00,785.586
5/18/2022 4:00,802.428
5/18/2022 5:00,758.878
5/18/2022 6:00,660.138
5/18/2022 7:00,514.813
5/18/2022 8:00,350.831
5/18/2022 9:00,192.199
5/18/2022 10:00,67.782
5/18/2022 11:00,11.335
5/18/2022 12:00,2.639
5/18/2022 13:00,0.417
5/18/2022 14:00,0
5/18/2022 15:00,0
5/18/2022 16:00,0
5/18/2022 17:00,0
5/18/2022 18:00,0
5/18/2022 19:00,0.008
5/18/2022 20:00,1.512
5/18/2022 21:00,16.916
5/18/2022 22:00,85.272
5/18/2022 23:00,208.6
5/19/2022 0:00,349.955
5/19/2022 1:00,487.554
5/19/2022 2:00,602.204
5/19/2022 3:00,685.75
5/19/2022 4:00,717.134
5/19/2022 5:00,689.844
5/19/2022 6:00,611.152
5/19/2022 7:00,493.117
5/19/2022 8:00,349.006
5/19/2022 9:00,202.005
5/19/2022 10:00,77.151
5/19/2022 11:00,11.751
5/19/2022 12:00,2.088
5/19/2022 13:00,0.322
5/19/2022 14:00,0
5/19/2022 15:00,0
5/19/2022 16:00,0
5/19/2022 17:00,0
5/19/2022 18:00,0
5/19/2022 19:00,0.01
5/19/2022 20:00,1.738
5/19/2022 21:00,22.16
5/19/2022 22:00,113.454
5/19/2022 23:00,267.66
5/20/2022 0:00,440.855
5/20/2022 1:00,601.745
5/20/2022 2:00,730.955
5/20/2022 3:00,818.295
5/20/2022 4:00,835.026
5/20/2022 5:00,793.756
5/20/2022 6:00,698.47
5/20/2022 7:00,561.217
5/20/2022 8:00,399.776
5/20/2022 9:00,230.284
5/20/2022 10:00,82.621
5/20/2022 11:00,10.816
5/20/2022 12:00,1.902
5/20/2022 13:00,0.29
5/20/2022 14:00,0
5/20/2022 15:00,0
5/20/2022 16:00,0
5/20/2022 17:00,0
5/20/2022 18:00,0
5/20/2022 19:00,0.007
5/20/2022 20:00,1.404
5/20/2022 21:00,23.002
5/20/2022 22:00,118.934
5/20/2022 23:00,275.211
5/21/2022 0:00,445.919
5/21/2022 1:00,595.136
5/21/2022 2:00,705.196
5/21/2022 3:00,769.322
5/21/2022 4:00,776.481
5/21/2022 5:00,732.929
5/21/2022 6:00,645.838
5/21/2022 7:00,517.375
5/21/2022 8:00,363.248
5/21/2022 9:00,205.812
5/21/2022 10:00,73.969
5/21/2022 11:00,10.443
5/21/2022 12:00,1.909
5/21/2022 13:00,0.276
5/21/2022 14:00,0
5/21/2022 15:00,0
5/21/2022 16:00,0
5/21/2022 17:00,0
5/21/2022 18:00,0
5/21/2022 19:00,0.013
5/21/2022 20:00,2.096
5/21/2022 21:00,25.919
5/21/2022 22:00,115.126
5/21/2022 23:00,251.518
5/22/2022 0:00,399.879
5/22/2022 1:00,533.809
5/22/2022 2:00,639.28
5/22/2022 3:00,699.604
5/22/2022 4:00,701.916
5/22/2022 5:00,646.29
5/22/2022 6:00,558.235
5/22/2022 7:00,443.673
5/22/2022 8:00,313.211
5/22/2022 9:00,183.202
5/22/2022 10:00,72.38
5/22/2022 11:00,11.656
5/22/2022 12:00,1.67
5/22/2022 13:00,0.244
5/22/2022 14:00,0
5/22/2022 15:00,0
5/22/2022 16:00,0
5/22/2022 17:00,0
5/22/2022 18:00,0
5/22/2022 19:00,0.014
5/22/2022 20:00,1.848
5/22/2022 21:00,21.301
5/22/2022 22:00,104.183
5/22/2022 23:00,241.969
5/23/2022 0:00,394.101
5/23/2022 1:00,533.887
5/23/2022 2:00,643.414
5/23/2022 3:00,714.957
5/23/2022 4:00,730.48
5/23/2022 5:00,690.842
5/23/2022 6:00,608.14
5/23/2022 7:00,489.639
5/23/2022 8:00,346.566
5/23/2022 9:00,199.014
5/23/2022 10:00,73.636
5/23/2022 11:00,10.592
5/23/2022 12:00,1.609
5/23/2022 13:00,0.303
5/23/2022 14:00,0.001
5/23/2022 15:00,0
5/23/2022 16:00,0
5/23/2022 17:00,0
5/23/2022 18:00,0
5/23/2022 19:00,0.013
5/23/2022 20:00,1.447
5/23/2022 21:00,20.429
5/23/2022 22:00,103.419
5/23/2022 23:00,238.546
5/24/2022 0:00,386.677
5/24/2022 1:00,519.865
5/24/2022 2:00,625.409
5/24/2022 3:00,694.593
5/24/2022 4:00,710.461
5/24/2022 5:00,676.941
5/24/2022 6:00,601.06
5/24/2022 7:00,488.299
5/24/2022 8:00,353.166
5/24/2022 9:00,208.66
5/24/2022 10:00,80.617
5/24/2022 11:00,12.528
5/24/2022 12:00,1.886
5/24/2022 13:00,0.321
5/24/2022 14:00,0.001
5/24/2022 15:00,0
5/24/2022 16:00,0
5/24/2022 17:00,0
5/24/2022 18:00,0
5/24/2022 19:00,0.011
5/24/2022 20:00,1.038
5/24/2022 21:00,19.254
5/24/2022 22:00,103.856
5/24/2022 23:00,242.865
5/25/2022 0:00,397.225
5/25/2022 1:00,537.764
5/25/2022 2:00,648.749
5/25/2022 3:00,716.779
5/25/2022 4:00,734.928
5/25/2022 5:00,702.674
5/25/2022 6:00,618.828
5/25/2022 7:00,494.872
5/25/2022 8:00,346.767
5/25/2022 9:00,198.397
5/25/2022 10:00,76.627
5/25/2022 11:00,12.072
5/25/2022 12:00,2.013
5/25/2022 13:00,0.391
5/25/2022 14:00,0.001
5/25/2022 15:00,0
5/25/2022 16:00,0
5/25/2022 17:00,0
5/25/2022 18:00,0
5/25/2022 19:00,0.009
5/25/2022 20:00,0.909
5/25/2022 21:00,18.283
5/25/2022 22:00,96.511
5/25/2022 23:00,229.465
5/26/2022 0:00,378.444
5/26/2022 1:00,522.296
5/26/2022 2:00,643.743
5/26/2022 3:00,731.754
5/26/2022 4:00,760.36
5/26/2022 5:00,734.828
5/26/2022 6:00,654.001
5/26/2022 7:00,532.891
5/26/2022 8:00,381.999
5/26/2022 9:00,223.082
5/26/2022 10:00,86.625
5/26/2022 11:00,12.854
5/26/2022 12:00,2.248
5/26/2022 13:00,0.471
5/26/2022 14:00,0.002
5/26/2022 15:00,0
5/26/2022 16:00,0
5/26/2022 17:00,0
5/26/2022 18:00,0
5/26/2022 19:00,0.02
5/26/2022 20:00,1.752
5/26/2022 21:00,26.023
5/26/2022 22:00,120.798
5/26/2022 23:00,267.512
5/27/2022 0:00,425.358
5/27/2022 1:00,567.046
5/27/2022 2:00,672.103
5/27/2022 3:00,733.037
5/27/2022 4:00,735.823
5/27/2022 5:00,688.204
5/27/2022 6:00,601.941
5/27/2022 7:00,478.71
5/27/2022 8:00,337.435
5/27/2022 9:00,195.883
5/27/2022 10:00,77.951
5/27/2022 11:00,13.325
5/27/2022 12:00,2.387
5/27/2022 13:00,0.455
5/27/2022 14:00,0.001
5/27/2022 15:00,0
5/27/2022 16:00,0
5/27/2022 17:00,0
5/27/2022 18:00,0
5/27/2022 19:00,0.027
5/27/2022 20:00,2.092
5/27/2022 21:00,22.919
5/27/2022 22:00,103.097
5/27/2022 23:00,239.201
5/28/2022 0:00,396.805
5/28/2022 1:00,542.7
5/28/2022 2:00,658.213
5/28/2022 3:00,733.376
5/28/2022 4:00,754.568
5/28/2022 5:00,727.688
5/28/2022 6:00,654.426
5/28/2022 7:00,536.08
5/28/2022 8:00,387.063
5/28/2022 9:00,228.627
5/28/2022 10:00,92.096
5/28/2022 11:00,15.318
5/28/2022 12:00,2.515
5/28/2022 13:00,0.442
5/28/2022 14:00,0.001
5/28/2022 15:00,0
5/28/2022 16:00,0
5/28/2022 17:00,0
5/28/2022 18:00,0
5/28/2022 19:00,0.018
5/28/2022 20:00,1.235
5/28/2022 21:00,20.769
5/28/2022 22:00,106.426
5/28/2022 23:00,241.429
5/29/2022 0:00,387.396
5/29/2022 1:00,519.012
5/29/2022 2:00,622.732
5/29/2022 3:00,681.974
5/29/2022 4:00,710.211
5/29/2022 5:00,689.806
5/29/2022 6:00,618.717
5/29/2022 7:00,505.843
5/29/2022 8:00,363.463
5/29/2022 9:00,214.851
5/29/2022 10:00,85.935
5/29/2022 11:00,13.902
5/29/2022 12:00,1.873
5/29/2022 13:00,0.32
5/29/2022 14:00,0.001
5/29/2022 15:00,0
5/29/2022 16:00,0
5/29/2022 17:00,0
5/29/2022 18:00,0
5/29/2022 19:00,0.019
5/29/2022 20:00,1.91
5/29/2022 21:00,27.944
5/29/2022 22:00,124.155
5/29/2022 23:00,270.473
5/30/2022 0:00,430.406
5/30/2022 1:00,574.483
5/30/2022 2:00,683.937
5/30/2022 3:00,744.412
5/30/2022 4:00,760.751
5/30/2022 5:00,720.132
5/30/2022 6:00,643.195
5/30/2022 7:00,532.204
5/30/2022 8:00,388.983
5/30/2022 9:00,232.212
5/30/2022 10:00,92.962
5/30/2022 11:00,14.394
5/30/2022 12:00,2.291
5/30/2022 13:00,0.429
5/30/2022 14:00,0.002
5/30/2022 15:00,0
5/30/2022 16:00,0
5/30/2022 17:00,0
5/30/2022 18:00,0
5/30/2022 19:00,0.022
5/30/2022 20:00,2.425
5/30/2022 21:00,29.592
5/30/2022 22:00,125.296
5/30/2022 23:00,272.946
5/31/2022 0:00,432.268
5/31/2022 1:00,575.763
5/31/2022 2:00,684.781
5/31/2022 3:00,745.399
5/31/2022 4:00,763.106
5/31/2022 5:00,723.728
5/31/2022 6:00,630.971
5/31/2022 7:00,502.339
5/31/2022 8:00,353.73
5/31/2022 9:00,205.409
5/31/2022 10:00,84.398
5/31/2022 11:00,14.52
5/31/2022 12:00,2.099
5/31/2022 13:00,0.436
5/31/2022 14:00,0.003
5/31/2022 15:00,0
5/31/2022 16:00,0
5/31/2022 17:00,0
5/31/2022 18:00,0
5/31/2022 19:00,0.039
5/31/2022 20:00,2.509
5/31/2022 21:00,26.187
5/31/2022 22:00,111.226
5/31/2022 23:00,243.937
6/1/2022 0:00,394.553
6/1/2022 1:00,536.465
6/1/2022 2:00,649.683
6/1/2022 3:00,723.304
6/1/2022 4:00,749.171
6/1/2022 5:00,726.168
6/1/2022 6:00,650.835
6/1/2022 7:00,533.073
6/1/2022 8:00,389.194
6/1/2022 9:00,233.936
6/1/2022 10:00,96.041
6/1/2022 11:00,16.521
6/1/2022 12:00,2.88
6/1/2022 13:00,0.62
6/1/2022 14:00,0.004
6/1/2022 15:00,0
6/1/2022 16:00,0
6/1/2022 17:00,0
6/1/2022 18:00,0
6/1/2022 19:00,0.034
6/1/2022 20:00,2.652
6/1/2022 21:00,29.459
6/1/2022 22:00,123.801
6/1/2022 23:00,268.395
6/2/2022 0:00,425.522
6/2/2022 1:00,566.648
6/2/2022 2:00,675.045
6/2/2022 3:00,744.304
6/2/2022 4:00,762.837
6/2/2022 5:00,723.918
6/2/2022 6:00,634.742
6/2/2022 7:00,511.965
6/2/2022 8:00,368.486
6/2/2022 9:00,219.856
6/2/2022 10:00,86.712
6/2/2022 11:00,14.797
6/2/2022 12:00,2.668
6/2/2022 13:00,0.607
6/2/2022 14:00,0.004
6/2/2022 15:00,0
6/2/2022 16:00,0
6/2/2022 17:00,0
6/2/2022 18:00,0
6/2/2022 19:00,0.04
6/2/2022 20:00,2.21
6/2/2022 21:00,24.754
6/2/2022 22:00,104.884
6/2/2022 23:00,229.208
6/3/2022 0:00,370.056
6/3/2022 1:00,501.297
6/3/2022 2:00,607.079
6/3/2022 3:00,681.961
6/3/2022 4:00,707.029
6/3/2022 5:00,676.618
6/3/2022 6:00,586.699
6/3/2022 7:00,466.641
6/3/2022 8:00,328.903
6/3/2022 9:00,189.347
6/3/2022 10:00,74.811
6/3/2022 11:00,13.992
6/3/2022 12:00,2.687
6/3/2022 13:00,0.524
6/3/2022 14:00,0.003
6/3/2022 15:00,0
6/3/2022 16:00,0
6/3/2022 17:00,0
6/3/2022 18:00,0
6/3/2022 19:00,0.035
6/3/2022 20:00,1.427
6/3/2022 21:00,17.035
6/3/2022 22:00,80.879
6/3/2022 23:00,191.765
6/4/2022 0:00,322.415
6/4/2022 1:00,450.824
6/4/2022 2:00,545.694
6/4/2022 3:00,597.28
6/4/2022 4:00,601.337
6/4/2022 5:00,572.355
6/4/2022 6:00,505.523
6/4/2022 7:00,407.343
6/4/2022 8:00,293.956
6/4/2022 9:00,178.148
6/4/2022 10:00,76.071
6/4/2022 11:00,14.837
6/4/2022 12:00,2.471
6/4/2022 13:00,0.58
6/4/2022 14:00,0.005
6/4/2022 15:00,0
6/4/2022 16:00,0
6/4/2022 17:00,0
6/4/2022 18:00,0
6/4/2022 19:00,0.032
6/4/2022 20:00,1.405
6/4/2022 21:00,20.504
6/4/2022 22:00,98.716
6/4/2022 23:00,228.114
6/5/2022 0:00,376.69
6/5/2022 1:00,514.982
6/5/2022 2:00,627.451
6/5/2022 3:00,705.518
6/5/2022 4:00,729.503
6/5/2022 5:00,704.339
6/5/2022 6:00,631.35
6/5/2022 7:00,517.773
6/5/2022 8:00,378.276
6/5/2022 9:00,230.447
6/5/2022 10:00,95.706
6/5/2022 11:00,17.096
6/5/2022 12:00,3.062
6/5/2022 13:00,0.628
6/5/2022 14:00,0.004
6/5/2022 15:00,0
6/5/2022 16:00,0
6/5/2022 17:00,0
6/5/2022 18:00,0
6/5/2022 19:00,0.034
6/5/2022 20:00,1.392
6/5/2022 21:00,24.887
6/5/2022 22:00,119.806
6/5/2022 23:00,264.56
6/6/2022 0:00,422.077
6/6/2022 1:00,566.736
6/6/2022 2:00,681.305
6/6/2022 3:00,756.527
6/6/2022 4:00,776.605
6/6/2022 5:00,744.073
6/6/2022 6:00,663.636
6/6/2022 7:00,543.288
6/6/2022 8:00,396.235
6/6/2022 9:00,240.699
6/6/2022 10:00,99.391
6/6/2022 11:00,17.304
6/6/2022 12:00,2.816
6/6/2022 13:00,0.587
6/6/2022 14:00,0.005
6/6/2022 15:00,0
6/6/2022 16:00,0
6/6/2022 17:00,0
6/6/2022 18:00,0
6/6/2022 19:00,0.069
6/6/2022 20:00,2.118
6/6/2022 21:00,28.106
6/6/2022 22:00,123.331
6/6/2022 23:00,269.562
6/7/2022 0:00,427.951
6/7/2022 1:00,569.872
6/7/2022 2:00,683.225
6/7/2022 3:00,758.125
6/7/2022 4:00,786.588
6/7/2022 5:00,755.462
6/7/2022 6:00,669.245
6/7/2022 7:00,541.761
6/7/2022 8:00,389.736
6/7/2022 9:00,230.453
6/7/2022 10:00,92.83
6/7/2022 11:00,16.617
6/7/2022 12:00,3.11
6/7/2022 13:00,0.685
6/7/2022 14:00,0.006
6/7/2022 15:00,0
6/7/2022 16:00,0
6/7/2022 17:00,0
6/7/2022 18:00,0
6/7/2022 19:00,0.074
6/7/2022 20:00,3.002
6/7/2022 21:00,26.961
6/7/2022 22:00,115.928
6/7/2022 23:00,259.244
6/8/2022 0:00,417.649
6/8/2022 1:00,559.044
6/8/2022 2:00,666.74
6/8/2022 3:00,740
6/8/2022 4:00,753.318
6/8/2022 5:00,712.128
6/8/2022 6:00,622.575
6/8/2022 7:00,493.161
6/8/2022 8:00,344.82
6/8/2022 9:00,196.02
6/8/2022 10:00,77.399
6/8/2022 11:00,14.588
6/8/2022 12:00,2.967
6/8/2022 13:00,0.621
6/8/2022 14:00,0.004
6/8/2022 15:00,0
6/8/2022 16:00,0
6/8/2022 17:00,0
6/8/2022 18:00,0
6/8/2022 19:00,0.055
6/8/2022 20:00,2.696
6/8/2022 21:00,24.735
6/8/2022 22:00,102.677
6/8/2022 23:00,230.55
6/9/2022 0:00,373.449
6/9/2022 1:00,507.071
6/9/2022 2:00,601.476
6/9/2022 3:00,648.395
6/9/2022 4:00,654.605
6/9/2022 5:00,619.618
6/9/2022 6:00,544.416
6/9/2022 7:00,431.623
6/9/2022 8:00,300.51
6/9/2022 9:00,174.831
6/9/2022 10:00,71.361
6/9/2022 11:00,14.183
6/9/2022 12:00,2.748
6/9/2022 13:00,0.551
6/9/2022 14:00,0.005
6/9/2022 15:00,0
6/9/2022 16:00,0
6/9/2022 17:00,0
6/9/2022 18:00,0
6/9/2022 19:00,0.043
6/9/2022 20:00,2.076
6/9/2022 21:00,18.206
6/9/2022 22:00,86.008
6/9/2022 23:00,199.911
6/10/2022 0:00,329.473
6/10/2022 1:00,453.608
6/10/2022 2:00,559.514
6/10/2022 3:00,638.056
6/10/2022 4:00,655.532
6/10/2022 5:00,622.944
6/10/2022 6:00,551.372
6/10/2022 7:00,446.831
6/10/2022 8:00,323.078
6/10/2022 9:00,193.874
6/10/2022 10:00,80.541
6/10/2022 11:00,14.885
6/10/2022 12:00,2.539
6/10/2022 13:00,0.589
6/10/2022 14:00,0.007
6/10/2022 15:00,0
6/10/2022 16:00,0
6/10/2022 17:00,0
6/10/2022 18:00,0
6/10/2022 19:00,0.09
6/10/2022 20:00,3.013
6/10/2022 21:00,27.013
6/10/2022 22:00,114.276
6/10/2022 23:00,251.628
6/11/2022 0:00,397.41
6/11/2022 1:00,530.12
6/11/2022 2:00,629.02
6/11/2022 3:00,686.909
6/11/2022 4:00,696.427
6/11/2022 5:00,657.377
6/11/2022 6:00,575.472
6/11/2022 7:00,459.085
6/11/2022 8:00,321.734
6/11/2022 9:00,187.322
6/11/2022 10:00,76.07
6/11/2022 11:00,14.849
6/11/2022 12:00,3.201
6/11/2022 13:00,0.679
6/11/2022 14:00,0.007
6/11/2022 15:00,0
6/11/2022 16:00,0
6/11/2022 17:00,0
6/11/2022 18:00,0
6/11/2022 19:00,0.09
6/11/2022 20:00,2.788
6/11/2022 21:00,19.32
6/11/2022 22:00,80.095
6/11/2022 23:00,187.623
6/12/2022 0:00,310.795
6/12/2022 1:00,420.192
6/12/2022 2:00,500.439
6/12/2022 3:00,557.477
6/12/2022 4:00,586.802
6/12/2022 5:00,566.103
6/12/2022 6:00,506.234
6/12/2022 7:00,415.772
6/12/2022 8:00,306.16
6/12/2022 9:00,189.131
6/12/2022 10:00,82.575
6/12/2022 11:00,16.54
6/12/2022 12:00,2.743
6/12/2022 13:00,0.589
6/12/2022 14:00,0.007
6/12/2022 15:00,0
6/12/2022 16:00,0
6/12/2022 17:00,0
6/12/2022 18:00,0
6/12/2022 19:00,0.061
6/12/2022 20:00,1.586
6/12/2022 21:00,21.596
6/12/2022 22:00,101.729
6/12/2022 23:00,228.243
6/13/2022 0:00,368.25
6/13/2022 1:00,493.49
6/13/2022 2:00,587.569
6/13/2022 3:00,645.613
6/13/2022 4:00,671.149
6/13/2022 5:00,650.94
6/13/2022 6:00,575.812
6/13/2022 7:00,463.157
6/13/2022 8:00,336.275
6/13/2022 9:00,204.204
6/13/2022 10:00,90.619
6/13/2022 11:00,18.621
6/13/2022 12:00,2.852
6/13/2022 13:00,0.553
6/13/2022 14:00,0.005
6/13/2022 15:00,0
6/13/2022 16:00,0
6/13/2022 17:00,0
6/13/2022 18:00,0
6/13/2022 19:00,0.059
6/13/2022 20:00,2.054
6/13/2022 21:00,24.992
6/13/2022 22:00,117.51
6/13/2022 23:00,260.953
6/14/2022 0:00,417.783
6/14/2022 1:00,556.91
6/14/2022 2:00,662.604
6/14/2022 3:00,730.962
6/14/2022 4:00,747.99
6/14/2022 5:00,719.168
6/14/2022 6:00,643.041
6/14/2022 7:00,525.956
6/14/2022 8:00,383.27
6/14/2022 9:00,236.337
6/14/2022 10:00,101.477
6/14/2022 11:00,18.951
6/14/2022 12:00,2.793
6/14/2022 13:00,0.645
6/14/2022 14:00,0.01
6/14/2022 15:00,0
6/14/2022 16:00,0
6/14/2022 17:00,0
6/14/2022 18:00,0
6/14/2022 19:00,0.082
6/14/2022 20:00,2.474
6/14/2022 21:00,29.717
6/14/2022 22:00,130.388
6/14/2022 23:00,282.482
6/15/2022 0:00,445.126
6/15/2022 1:00,592.23
6/15/2022 2:00,707.174
6/15/2022 3:00,781.164
6/15/2022 4:00,797.884
6/15/2022 5:00,756.899
6/15/2022 6:00,665.98
6/15/2022 7:00,539.663
6/15/2022 8:00,391.284
6/15/2022 9:00,237.303
6/15/2022 10:00,98.678
6/15/2022 11:00,17.683
6/15/2022 12:00,2.658
6/15/2022 13:00,0.572
6/15/2022 14:00,0.006
6/15/2022 15:00,0
6/15/2022 16:00,0
6/15/2022 17:00,0
6/15/2022 18:00,0
6/15/2022 19:00,0.08
6/15/2022 20:00,2.646
6/15/2022 21:00,28.391
6/15/2022 22:00,120.419
6/15/2022 23:00,261.931
6/16/2022 0:00,417.226
6/16/2022 1:00,558.654
6/16/2022 2:00,670.696
6/16/2022 3:00,734.472
6/16/2022 4:00,746.601
6/16/2022 5:00,709.615
6/16/2022 6:00,632.446
6/16/2022 7:00,516.291
6/16/2022 8:00,371.934
6/16/2022 9:00,222.136
6/16/2022 10:00,93.412
6/16/2022 11:00,16.831
6/16/2022 12:00,2.257
6/16/2022 13:00,0.504
6/16/2022 14:00,0.007
6/16/2022 15:00,0
6/16/2022 16:00,0
6/16/2022 17:00,0
6/16/2022 18:00,0
6/16/2022 19:00,0.066
6/16/2022 20:00,2.788
6/16/2022 21:00,30.669
6/16/2022 22:00,128.696
6/16/2022 23:00,277.488
6/17/2022 0:00,440.372
6/17/2022 1:00,589.652
6/17/2022 2:00,700.247
6/17/2022 3:00,759.482
6/17/2022 4:00,778.196
6/17/2022 5:00,744.109
6/17/2022 6:00,664.814
6/17/2022 7:00,540.146
6/17/2022 8:00,389.209
6/17/2022 9:00,232.787
6/17/2022 10:00,96.305
6/17/2022 11:00,17.337
6/17/2022 12:00,2.801
6/17/2022 13:00,0.644
6/17/2022 14:00,0.008
6/17/2022 15:00,0
6/17/2022 16:00,0
6/17/2022 17:00,0
6/17/2022 18:00,0
6/17/2022 19:00,0.097
6/17/2022 20:00,3.023
6/17/2022 21:00,27.845
6/17/2022 22:00,113.226
6/17/2022 23:00,244.012
6/18/2022 0:00,384.012
6/18/2022 1:00,512.292
6/18/2022 2:00,615.165
6/18/2022 3:00,678.275
6/18/2022 4:00,704.871
6/18/2022 5:00,680.069
6/18/2022 6:00,607.99
6/18/2022 7:00,493.352
6/18/2022 8:00,355.996
6/18/2022 9:00,212.56
6/18/2022 10:00,88.339
6/18/2022 11:00,16.47
6/18/2022 12:00,2.542
6/18/2022 13:00,0.533
6/18/2022 14:00,0.006
6/18/2022 15:00,0
6/18/2022 16:00,0
6/18/2022 17:00,0
6/18/2022 18:00,0
6/18/2022 19:00,0.084
6/18/2022 20:00,3.084
6/18/2022 21:00,29.495
6/18/2022 22:00,118.971
6/18/2022 23:00,253.373
6/19/2022 0:00,395.775
6/19/2022 1:00,524.006
6/19/2022 2:00,624.784
6/19/2022 3:00,680.386
6/19/2022 4:00,693.697
6/19/2022 5:00,659.111
6/19/2022 6:00,578.773
6/19/2022 7:00,464.989
6/19/2022 8:00,331.821
6/19/2022 9:00,198.071
6/19/2022 10:00,83.935
6/19/2022 11:00,15.525
6/19/2022 12:00,2.157
6/19/2022 13:00,0.503
6/19/2022 14:00,0.008
6/19/2022 15:00,0
6/19/2022 16:00,0
6/19/2022 17:00,0
6/19/2022 18:00,0
6/19/2022 19:00,0.094
6/19/2022 20:00,2.945
6/19/2022 21:00,28.86
6/19/2022 22:00,119.304
6/19/2022 23:00,257.295
6/20/2022 0:00,406.382
6/20/2022 1:00,543.615
6/20/2022 2:00,653.567
6/20/2022 3:00,718.297
6/20/2022 4:00,737.753
6/20/2022 5:00,705.397
6/20/2022 6:00,625.483
6/20/2022 7:00,503.95
6/20/2022 8:00,362.567
6/20/2022 9:00,218.432
6/20/2022 10:00,90.454
6/20/2022 11:00,15.974
6/20/2022 12:00,2.619
6/20/2022 13:00,0.634
6/20/2022 14:00,0.009
6/20/2022 15:00,0
6/20/2022 16:00,0
6/20/2022 17:00,0
6/20/2022 18:00,0
6/20/2022 19:00,0.049
6/20/2022 20:00,2.711
6/20/2022 21:00,28.163
6/20/2022 22:00,113.743
6/20/2022 23:00,244.61
6/21/2022 0:00,387.818
6/21/2022 1:00,523.095
6/21/2022 2:00,629.472
6/21/2022 3:00,705.455
6/21/2022 4:00,727.188
6/21/2022 5:00,690.561
6/21/2022 6:00,607.596
6/21/2022 7:00,490.642
6/21/2022 8:00,355.058
6/21/2022 9:00,214.818
6/21/2022 10:00,90.446
6/21/2022 11:00,16.745
6/21/2022 12:00,3.241
6/21/2022 13:00,0.734
6/21/2022 14:00,0.009
6/21/2022 15:00,0
6/21/2022 16:00,0
6/21/2022 17:00,0
6/21/2022 18:00,0
6/21/2022 19:00,0.052
6/21/2022 20:00,1.58
6/21/2022 21:00,22.805
6/21/2022 22:00,106.115
6/21/2022 23:00,237.848
6/22/2022 0:00,386.655
6/22/2022 1:00,523.637
6/22/2022 2:00,631.31
6/22/2022 3:00,699.112
6/22/2022 4:00,715.682
6/22/2022 5:00,680.473
6/22/2022 6:00,594.593
6/22/2022 7:00,472.339
6/22/2022 8:00,332.864
6/22/2022 9:00,195.905
6/22/2022 10:00,81.502
6/22/2022 11:00,15.491
6/22/2022 12:00,2.883
6/22/2022 13:00,0.612
6/22/2022 14:00,0.007
6/22/2022 15:00,0
6/22/2022 16:00,0
6/22/2022 17:00,0
6/22/2022 18:00,0
6/22/2022 19:00,0.043
6/22/2022 20:00,1.452
6/22/2022 21:00,22.997
6/22/2022 22:00,110.758
6/22/2022 23:00,248.894
6/23/2022 0:00,402.446
6/23/2022 1:00,552.371
6/23/2022 2:00,676.511
6/23/2022 3:00,755.327
6/23/2022 4:00,769.695
6/23/2022 5:00,739.188
6/23/2022 6:00,660.613
6/23/2022 7:00,543.32
6/23/2022 8:00,395.751
6/23/2022 9:00,240.543
6/23/2022 10:00,103.439
6/23/2022 11:00,18.766
6/23/2022 12:00,2.698
6/23/2022 13:00,0.582
6/23/2022 14:00,0.008
6/23/2022 15:00,0
6/23/2022 16:00,0
6/23/2022 17:00,0
6/23/2022 18:00,0
6/23/2022 19:00,0.045
6/23/2022 20:00,2.479
6/23/2022 21:00,31.81
6/23/2022 22:00,137.274
6/23/2022 23:00,294.236
6/24/2022 0:00,461.713
6/24/2022 1:00,610.608
6/24/2022 2:00,726.583
6/24/2022 3:00,799.78
6/24/2022 4:00,815.142
6/24/2022 5:00,778.246
6/24/2022 6:00,692.948
6/24/2022 7:00,568.637
6/24/2022 8:00,418.369
6/24/2022 9:00,256.584
6/24/2022 10:00,109.252
6/24/2022 11:00,18.842
6/24/2022 12:00,2.702
6/24/2022 13:00,0.671
6/24/2022 14:00,0.011
6/24/2022 15:00,0
6/24/2022 16:00,0
6/24/2022 17:00,0
6/24/2022 18:00,0
6/24/2022 19:00,0.048
6/24/2022 20:00,2.055
6/24/2022 21:00,31.559
6/24/2022 22:00,138.486
6/24/2022 23:00,298.901
6/25/2022 0:00,472.822
6/25/2022 1:00,628.59
6/25/2022 2:00,741.869
6/25/2022 3:00,797.883
6/25/2022 4:00,803.162
6/25/2022 5:00,759.823
6/25/2022 6:00,666.225
6/25/2022 7:00,532.672
6/25/2022 8:00,371.729
6/25/2022 9:00,212.54
6/25/2022 10:00,85.934
6/25/2022 11:00,15.888
6/25/2022 12:00,3.267
6/25/2022 13:00,0.8
6/25/2022 14:00,0.01
6/25/2022 15:00,0
6/25/2022 16:00,0
6/25/2022 17:00,0
6/25/2022 18:00,0
6/25/2022 19:00,0.085
6/25/2022 20:00,3.134
6/25/2022 21:00,24.86
6/25/2022 22:00,98.276
6/25/2022 23:00,218.068
6/26/2022 0:00,355.595
6/26/2022 1:00,479.415
6/26/2022 2:00,576.178
6/26/2022 3:00,640.143
6/26/2022 4:00,657.705
6/26/2022 5:00,620.984
6/26/2022 6:00,537.925
6/26/2022 7:00,435.851
6/26/2022 8:00,312.723
6/26/2022 9:00,186.433
6/26/2022 10:00,78.819
6/26/2022 11:00,15.661
6/26/2022 12:00,3.377
6/26/2022 13:00,0.771
6/26/2022 14:00,0.01
6/26/2022 15:00,0
6/26/2022 16:00,0
6/26/2022 17:00,0
6/26/2022 18:00,0
6/26/2022 19:00,0.093
6/26/2022 20:00,3.259
6/26/2022 21:00,22.89
6/26/2022 22:00,100.174
6/26/2022 23:00,234.702
6/27/2022 0:00,390.048
6/27/2022 1:00,530.886
6/27/2022 2:00,636.35
6/27/2022 3:00,696.121
6/27/2022 4:00,710.343
6/27/2022 5:00,676.776
6/27/2022 6:00,596.013
6/27/2022 7:00,476.595
6/27/2022 8:00,341.307
6/27/2022 9:00,207.215
6/27/2022 10:00,90.877
6/27/2022 11:00,18.423
6/27/2022 12:00,3.447
6/27/2022 13:00,0.793
6/27/2022 14:00,0.01
6/27/2022 15:00,0
6/27/2022 16:00,0
6/27/2022 17:00,0
6/27/2022 18:00,0
6/27/2022 19:00,0.041
6/27/2022 20:00,1.678
6/27/2022 21:00,22.54
6/27/2022 22:00,111.836
6/27/2022 23:00,257.178
6/28/2022 0:00,413.431
6/28/2022 1:00,558.628
6/28/2022 2:00,674.524
6/28/2022 3:00,745.668
6/28/2022 4:00,766.239
6/28/2022 5:00,736.555
6/28/2022 6:00,654.642
6/28/2022 7:00,525.935
6/28/2022 8:00,377.824
6/28/2022 9:00,227.878
6/28/2022 10:00,96.689
6/28/2022 11:00,17.657
6/28/2022 12:00,2.794
6/28/2022 13:00,0.643
6/28/2022 14:00,0.009
6/28/2022 15:00,0
6/28/2022 16:00,0
6/28/2022 17:00,0
6/28/2022 18:00,0
6/28/2022 19:00,0.098
6/28/2022 20:00,3.339
6/28/2022 21:00,28.903
6/28/2022 22:00,122.612
6/28/2022 23:00,268.873
6/29/2022 0:00,423.415
6/29/2022 1:00,563.741
6/29/2022 2:00,672.489
6/29/2022 3:00,740.348
6/29/2022 4:00,753.714
6/29/2022 5:00,718.704
6/29/2022 6:00,639.804
6/29/2022 7:00,519.622
6/29/2022 8:00,376.51
6/29/2022 9:00,228.857
6/29/2022 10:00,99.505
6/29/2022 11:00,19.845
6/29/2022 12:00,3.706
6/29/2022 13:00,0.852
6/29/2022 14:00,0.01
6/29/2022 15:00,0
6/29/2022 16:00,0
6/29/2022 17:00,0
6/29/2022 18:00,0
6/29/2022 19:00,0.067
6/29/2022 20:00,2.651
6/29/2022 21:00,24.802
6/29/2022 22:00,108.375
6/29/2022 23:00,242.308
6/30/2022 0:00,389.362
6/30/2022 1:00,520.323
6/30/2022 2:00,619.296
6/30/2022 3:00,680.683
6/30/2022 4:00,698.758
6/30/2022 5:00,667.109
6/30/2022 6:00,591.821
6/30/2022 7:00,478.172
6/30/2022 8:00,344.797
6/30/2022 9:00,208.642
6/30/2022 10:00,89.574
6/30/2022 11:00,17.872
6/30/2022 12:00,3.608
6/30/2022 13:00,0.816
6/30/2022 14:00,0.009
6/30/2022 15:00,0
6/30/2022 16:00,0
6/30/2022 17:00,0
6/30/2022 18:00,0
6/30/2022 19:00,0.07
6/30/2022 20:00,2.512
6/30/2022 21:00,22.831
6/30/2022 22:00,102.263
6/30/2022 23:00,230.045
7/1/2022 0:00,366.443
7/1/2022 1:00,488.315
7/1/2022 2:00,586.087
7/1/2022 3:00,655.28
7/1/2022 4:00,667.867
7/1/2022 5:00,628.702
7/1/2022 6:00,552.627
7/1/2022 7:00,449.478
7/1/2022 8:00,323.823
7/1/2022 9:00,193.954
7/1/2022 10:00,81.906
7/1/2022 11:00,15.699
7/1/2022 12:00,3.226
7/1/2022 13:00,0.739
7/1/2022 14:00,0.008
7/1/2022 15:00,0
7/1/2022 16:00,0
7/1/2022 17:00,0
7/1/2022 18:00,0
7/1/2022 19:00,0.044
7/1/2022 20:00,2.136
7/1/2022 21:00,26.149
7/1/2022 22:00,108.858
7/1/2022 23:00,235.631
7/2/2022 0:00,375.251
7/2/2022 1:00,498.439
7/2/2022 2:00,586.437
7/2/2022 3:00,634.908
7/2/2022 4:00,648.35
7/2/2022 5:00,612.557
7/2/2022 6:00,539.158
7/2/2022 7:00,431.064
7/2/2022 8:00,303.872
7/2/2022 9:00,178.995
7/2/2022 10:00,76.754
7/2/2022 11:00,16.329
7/2/2022 12:00,2.892
7/2/2022 13:00,0.642
7/2/2022 14:00,0.008
7/2/2022 15:00,0
7/2/2022 16:00,0
7/2/2022 17:00,0
7/2/2022 18:00,0
7/2/2022 19:00,0.056
7/2/2022 20:00,2.648
7/2/2022 21:00,24.12
7/2/2022 22:00,97.495
7/2/2022 23:00,217.219
7/3/2022 0:00,355.293
7/3/2022 1:00,484.819
7/3/2022 2:00,585.854
7/3/2022 3:00,642.159
7/3/2022 4:00,658.832
7/3/2022 5:00,632.166
7/3/2022 6:00,565.469
7/3/2022 7:00,463.069
7/3/2022 8:00,336.36
7/3/2022 9:00,207.005
7/3/2022 10:00,91.182
7/3/2022 11:00,18.465
7/3/2022 12:00,3.063
7/3/2022 13:00,0.733
7/3/2022 14:00,0.008
7/3/2022 15:00,0
7/3/2022 16:00,0
7/3/2022 17:00,0
7/3/2022 18:00,0
7/3/2022 19:00,0.067
7/3/2022 20:00,2.598
7/3/2022 21:00,24.23
7/3/2022 22:00,106.731
7/3/2022 23:00,244.399
7/4/2022 0:00,395.232
7/4/2022 1:00,528.991
7/4/2022 2:00,628.66
7/4/2022 3:00,690.936
7/4/2022 4:00,699.254
7/4/2022 5:00,660.956
7/4/2022 6:00,578.389
7/4/2022 7:00,461.351
7/4/2022 8:00,328.55
7/4/2022 9:00,197.995
7/4/2022 10:00,85.794
7/4/2022 11:00,16.95
7/4/2022 12:00,3.039
7/4/2022 13:00,0.645
7/4/2022 14:00,0.006
7/4/2022 15:00,0
7/4/2022 16:00,0
7/4/2022 17:00,0
7/4/2022 18:00,0
7/4/2022 19:00,0.063
7/4/2022 20:00,2.623
7/4/2022 21:00,25.086
7/4/2022 22:00,102.243
7/4/2022 23:00,222.98
7/5/2022 0:00,354.054
7/5/2022 1:00,472.517
7/5/2022 2:00,560.374
7/5/2022 3:00,610.071
7/5/2022 4:00,618.611
7/5/2022 5:00,584.028
7/5/2022 6:00,509.564
7/5/2022 7:00,410.632
7/5/2022 8:00,296.088
7/5/2022 9:00,179.703
7/5/2022 10:00,78.547
7/5/2022 11:00,16.131
7/5/2022 12:00,2.39
7/5/2022 13:00,0.467
7/5/2022 14:00,0.005
7/5/2022 15:00,0
7/5/2022 16:00,0
7/5/2022 17:00,0
7/5/2022 18:00,0
7/5/2022 19:00,0.063
7/5/2022 20:00,2.573
7/5/2022 21:00,22.963
7/5/2022 22:00,101.841
7/5/2022 23:00,234.259
7/6/2022 0:00,379.806
7/6/2022 1:00,513.29
7/6/2022 2:00,623.436
7/6/2022 3:00,701.777
7/6/2022 4:00,732.459
7/6/2022 5:00,710.367
7/6/2022 6:00,638.337
7/6/2022 7:00,519.144
7/6/2022 8:00,378.978
7/6/2022 9:00,236.777
7/6/2022 10:00,105.044
7/6/2022 11:00,19.642
7/6/2022 12:00,2.755
7/6/2022 13:00,0.596
7/6/2022 14:00,0.006
7/6/2022 15:00,0
7/6/2022 16:00,0
7/6/2022 17:00,0
7/6/2022 18:00,0
7/6/2022 19:00,0.054
7/6/2022 20:00,2.018
7/6/2022 21:00,27.832
7/6/2022 22:00,128.228
7/6/2022 23:00,285.615
7/7/2022 0:00,450.969
7/7/2022 1:00,596.857
7/7/2022 2:00,707.969
7/7/2022 3:00,778.526
7/7/2022 4:00,797.531
7/7/2022 5:00,762.927
7/7/2022 6:00,677.122
7/7/2022 7:00,554.112
7/7/2022 8:00,407.827
7/7/2022 9:00,250.523
7/7/2022 10:00,104.532
7/7/2022 11:00,17.177
7/7/2022 12:00,2.062
7/7/2022 13:00,0.431
7/7/2022 14:00,0.003
7/7/2022 15:00,0
7/7/2022 16:00,0
7/7/2022 17:00,0
7/7/2022 18:00,0
7/7/2022 19:00,0.027
7/7/2022 20:00,2.374
7/7/2022 21:00,29.439
7/7/2022 22:00,132.198
7/7/2022 23:00,292.012
7/8/2022 0:00,465.272
7/8/2022 1:00,623.065
7/8/2022 2:00,750.213
7/8/2022 3:00,834.801
7/8/2022 4:00,859.338
7/8/2022 5:00,825.21
7/8/2022 6:00,735.971
7/8/2022 7:00,600.719
7/8/2022 8:00,431.37
7/8/2022 9:00,254.944
7/8/2022 10:00,102.767
7/8/2022 11:00,16.766
7/8/2022 12:00,2.545
7/8/2022 13:00,0.501
7/8/2022 14:00,0.003
7/8/2022 15:00,0
7/8/2022 16:00,0
7/8/2022 17:00,0
7/8/2022 18:00,0
7/8/2022 19:00,0.041
7/8/2022 20:00,2.233
7/8/2022 21:00,27.551
7/8/2022 22:00,126.519
7/8/2022 23:00,282.057
7/9/2022 0:00,444.369
7/9/2022 1:00,585.194
7/9/2022 2:00,690.962
7/9/2022 3:00,756.265
7/9/2022 4:00,769.944
7/9/2022 5:00,729.461
7/9/2022 6:00,634.382
7/9/2022 7:00,506.152
7/9/2022 8:00,358.95
7/9/2022 9:00,211.369
7/9/2022 10:00,85.511
7/9/2022 11:00,14.791
7/9/2022 12:00,2.196
7/9/2022 13:00,0.45
7/9/2022 14:00,0.003
7/9/2022 15:00,0
7/9/2022 16:00,0
7/9/2022 17:00,0
7/9/2022 18:00,0
7/9/2022 19:00,0.044
7/9/2022 20:00,2.71
7/9/2022 21:00,22.31
7/9/2022 22:00,100.569
7/9/2022 23:00,233.581
7/10/2022 0:00,385.08
7/10/2022 1:00,525.202
7/10/2022 2:00,638.145
7/10/2022 3:00,711.057
7/10/2022 4:00,730.332
7/10/2022 5:00,700.139
7/10/2022 6:00,624.311
7/10/2022 7:00,510.294
7/10/2022 8:00,367.417
7/10/2022 9:00,220.322
7/10/2022 10:00,90.823
7/10/2022 11:00,15.398
7/10/2022 12:00,2.527
7/10/2022 13:00,0.52
7/10/2022 14:00,0.003
7/10/2022 15:00,0
7/10/2022 16:00,0
7/10/2022 17:00,0
7/10/2022 18:00,0
7/10/2022 19:00,0.047
7/10/2022 20:00,2.585
7/10/2022 21:00,25.779
7/10/2022 22:00,114.029
7/10/2022 23:00,255.868
7/11/2022 0:00,409.289
7/11/2022 1:00,545.188
7/11/2022 2:00,652.062
7/11/2022 3:00,715.479
7/11/2022 4:00,736.438
7/11/2022 5:00,703.046
7/11/2022 6:00,618.561
7/11/2022 7:00,500.346
7/11/2022 8:00,358.017
7/11/2022 9:00,211.027
7/11/2022 10:00,83.686
7/11/2022 11:00,13.988
7/11/2022 12:00,2.308
7/11/2022 13:00,0.441
7/11/2022 14:00,0.003
7/11/2022 15:00,0
7/11/2022 16:00,0
7/11/2022 17:00,0
7/11/2022 18:00,0
7/11/2022 19:00,0.048
7/11/2022 20:00,2.447
7/11/2022 21:00,22.522
7/11/2022 22:00,106.377
7/11/2022 23:00,248.976
7/12/2022 0:00,407.652
7/12/2022 1:00,553.059
7/12/2022 2:00,670.599
7/12/2022 3:00,745.661
7/12/2022 4:00,771.662
7/12/2022 5:00,746.543
7/12/2022 6:00,663.385
7/12/2022 7:00,535.709
7/12/2022 8:00,382.833
7/12/2022 9:00,225.38
7/12/2022 10:00,89.62
7/12/2022 11:00,14.149
7/12/2022 12:00,2.084
7/12/2022 13:00,0.42
7/12/2022 14:00,0.002
7/12/2022 15:00,0
7/12/2022 16:00,0
7/12/2022 17:00,0
7/12/2022 18:00,0
7/12/2022 19:00,0.044
7/12/2022 20:00,1.819
7/12/2022 21:00,21.409
7/12/2022 22:00,111.088
7/12/2022 23:00,259.557
7/13/2022 0:00,420.951
7/13/2022 1:00,569.491
7/13/2022 2:00,686.548
7/13/2022 3:00,759.545
7/13/2022 4:00,780.794
7/13/2022 5:00,749.797
7/13/2022 6:00,669.894
7/13/2022 7:00,548.111
7/13/2022 8:00,394.426
7/13/2022 9:00,236.046
7/13/2022 10:00,94.998
7/13/2022 11:00,15.052
7/13/2022 12:00,2.323
7/13/2022 13:00,0.489
7/13/2022 14:00,0.002
7/13/2022 15:00,0
7/13/2022 16:00,0
7/13/2022 17:00,0
7/13/2022 18:00,0
7/13/2022 19:00,0.022
7/13/2022 20:00,1.377
7/13/2022 21:00,23.137
7/13/2022 22:00,119.242
7/13/2022 23:00,280.534
7/14/2022 0:00,458.461
7/14/2022 1:00,622.586
7/14/2022 2:00,752.181
7/14/2022 3:00,836.632
7/14/2022 4:00,851.349
7/14/2022 5:00,806.32
7/14/2022 6:00,705.896
7/14/2022 7:00,562.724
7/14/2022 8:00,400.938
7/14/2022 9:00,236.711
7/14/2022 10:00,95.326
7/14/2022 11:00,15.788
7/14/2022 12:00,2.863
7/14/2022 13:00,0.578
7/14/2022 14:00,0.002
7/14/2022 15:00,0
7/14/2022 16:00,0
7/14/2022 17:00,0
7/14/2022 18:00,0
7/14/2022 19:00,0.016
7/14/2022 20:00,1.838
7/14/2022 21:00,23.798
7/14/2022 22:00,112.887
7/14/2022 23:00,262.875
7/15/2022 0:00,427.761
7/15/2022 1:00,576.188
7/15/2022 2:00,690.905
7/15/2022 3:00,759.712
7/15/2022 4:00,782.058
7/15/2022 5:00,740.926
7/15/2022 6:00,648.216
7/15/2022 7:00,523.361
7/15/2022 8:00,370.574
7/15/2022 9:00,217.52
7/15/2022 10:00,87.789
7/15/2022 11:00,15.256
7/15/2022 12:00,3.073
7/15/2022 13:00,0.601
7/15/2022 14:00,0.002
7/15/2022 15:00,0
7/15/2022 16:00,0
7/15/2022 17:00,0
7/15/2022 18:00,0
7/15/2022 19:00,0.02
7/15/2022 20:00,2.034
7/15/2022 21:00,22.507
7/15/2022 22:00,99.569
7/15/2022 23:00,224.656
7/16/2022 0:00,369.376
7/16/2022 1:00,505.208
7/16/2022 2:00,622.464
7/16/2022 3:00,701.633
7/16/2022 4:00,722.92
7/16/2022 5:00,687.544
7/16/2022 6:00,601.654
7/16/2022 7:00,473.986
7/16/2022 8:00,331.475
7/16/2022 9:00,193.163
7/16/2022 10:00,78.202
7/16/2022 11:00,14.585
7/16/2022 12:00,3.074
7/16/2022 13:00,0.61
7/16/2022 14:00,0.002
7/16/2022 15:00,0
7/16/2022 16:00,0
7/16/2022 17:00,0
7/16/2022 18:00,0
7/16/2022 19:00,0.013
7/16/2022 20:00,1.765
7/16/2022 21:00,20.408
7/16/2022 22:00,98.359
7/16/2022 23:00,233.27
7/17/2022 0:00,385.24
7/17/2022 1:00,524.701
7/17/2022 2:00,640.073
7/17/2022 3:00,723.306
7/17/2022 4:00,746.962
7/17/2022 5:00,713.71
7/17/2022 6:00,633.842
7/17/2022 7:00,510.14
7/17/2022 8:00,362.996
7/17/2022 9:00,214.848
7/17/2022 10:00,87.357
7/17/2022 11:00,15.522
7/17/2022 12:00,3.365
7/17/2022 13:00,0.654
7/17/2022 14:00,0.002
7/17/2022 15:00,0
7/17/2022 16:00,0
7/17/2022 17:00,0
7/17/2022 18:00,0
7/17/2022 19:00,0.02
7/17/2022 20:00,1.661
7/17/2022 21:00,22.51
7/17/2022 22:00,107.305
7/17/2022 23:00,240.673
7/18/2022 0:00,386.897
7/18/2022 1:00,524.73
7/18/2022 2:00,642.986
7/18/2022 3:00,722.51
7/18/2022 4:00,747.565
7/18/2022 5:00,717.825
7/18/2022 6:00,637.709
7/18/2022 7:00,508.241
7/18/2022 8:00,356.605
7/18/2022 9:00,204.398
7/18/2022 10:00,78.006
7/18/2022 11:00,13.118
7/18/2022 12:00,3.069
7/18/2022 13:00,0.616
7/18/2022 14:00,0.002
7/18/2022 15:00,0
7/18/2022 16:00,0
7/18/2022 17:00,0
7/18/2022 18:00,0
7/18/2022 19:00,0.017
7/18/2022 20:00,1.938
7/18/2022 21:00,22.99
7/18/2022 22:00,99.98
7/18/2022 23:00,219.264
7/19/2022 0:00,349.357
7/19/2022 1:00,466.18
7/19/2022 2:00,551.767
7/19/2022 3:00,600.275
7/19/2022 4:00,614.073
7/19/2022 5:00,585.535
7/19/2022 6:00,516.316
7/19/2022 7:00,411.844
7/19/2022 8:00,287.722
7/19/2022 9:00,164.88
7/19/2022 10:00,64.202
7/19/2022 11:00,11.624
7/19/2022 12:00,2.487
7/19/2022 13:00,0.515
7/19/2022 14:00,0.001
7/19/2022 15:00,0
7/19/2022 16:00,0
7/19/2022 17:00,0
7/19/2022 18:00,0
7/19/2022 19:00,0.019
7/19/2022 20:00,2.036
7/19/2022 21:00,19.634
7/19/2022 22:00,90.972
7/19/2022 23:00,209.092
7/20/2022 0:00,344.131
7/20/2022 1:00,470.055
7/20/2022 2:00,571.431
7/20/2022 3:00,646.701
7/20/2022 4:00,670.748
7/20/2022 5:00,641.863
7/20/2022 6:00,568.457
7/20/2022 7:00,453.825
7/20/2022 8:00,323.362
7/20/2022 9:00,192.214
7/20/2022 10:00,78.695
7/20/2022 11:00,14.394
7/20/2022 12:00,3.043
7/20/2022 13:00,0.575
7/20/2022 14:00,0.001
7/20/2022 15:00,0
7/20/2022 16:00,0
7/20/2022 17:00,0
7/20/2022 18:00,0
7/20/2022 19:00,0.015
7/20/2022 20:00,1.914
7/20/2022 21:00,22.559
7/20/2022 22:00,110.999
7/20/2022 23:00,253.776
7/21/2022 0:00,410.303
7/21/2022 1:00,556.723
7/21/2022 2:00,681.346
7/21/2022 3:00,766.399
7/21/2022 4:00,791.817
7/21/2022 5:00,756.268
7/21/2022 6:00,669.422
7/21/2022 7:00,540.588
7/21/2022 8:00,385.537
7/21/2022 9:00,223.89
7/21/2022 10:00,84.736
7/21/2022 11:00,13.176
7/21/2022 12:00,2.897
7/21/2022 13:00,0.492
7/21/2022 14:00,0.001
7/21/2022 15:00,0
7/21/2022 16:00,0
7/21/2022 17:00,0
7/21/2022 18:00,0
7/21/2022 19:00,0.016
7/21/2022 20:00,2.054
7/21/2022 21:00,24.578
7/21/2022 22:00,114.266
7/21/2022 23:00,258.786
7/22/2022 0:00,412.708
7/22/2022 1:00,554.178
7/22/2022 2:00,659.702
7/22/2022 3:00,715.498
7/22/2022 4:00,720.492
7/22/2022 5:00,683.577
7/22/2022 6:00,596.565
7/22/2022 7:00,476.099
7/22/2022 8:00,340.362
7/22/2022 9:00,201.81
7/22/2022 10:00,81.125
7/22/2022 11:00,14.888
7/22/2022 12:00,2.957
7/22/2022 13:00,0.485
7/22/2022 14:00,0.001
7/22/2022 15:00,0
7/22/2022 16:00,0
7/22/2022 17:00,0
7/22/2022 18:00,0
7/22/2022 19:00,0.013
7/22/2022 20:00,1.722
7/22/2022 21:00,18.944
7/22/2022 22:00,108.592
7/22/2022 23:00,264.76
7/23/2022 0:00,437.531
7/23/2022 1:00,594.865
7/23/2022 2:00,722.037
7/23/2022 3:00,811.338
7/23/2022 4:00,839.68
7/23/2022 5:00,809.405
7/23/2022 6:00,724.914
7/23/2022 7:00,590.776
7/23/2022 8:00,427.689
7/23/2022 9:00,254.815
7/23/2022 10:00,99.41
7/23/2022 11:00,15.672
7/23/2022 12:00,2.866
7/23/2022 13:00,0.463
7/23/2022 14:00,0
7/23/2022 15:00,0
7/23/2022 16:00,0
7/23/2022 17:00,0
7/23/2022 18:00,0
7/23/2022 19:00,0.01
7/23/2022 20:00,1.152
7/23/2022 21:00,21.176
7/23/2022 22:00,123.364
7/23/2022 23:00,294.939
7/24/2022 0:00,479.876
7/24/2022 1:00,641.152
7/24/2022 2:00,763.252
7/24/2022 3:00,844.417
7/24/2022 4:00,863.423
7/24/2022 5:00,823.184
7/24/2022 6:00,731.777
7/24/2022 7:00,591.984
7/24/2022 8:00,421.732
7/24/2022 9:00,244.913
7/24/2022 10:00,92.333
7/24/2022 11:00,14.175
7/24/2022 12:00,2.644
7/24/2022 13:00,0.417
7/24/2022 14:00,0
7/24/2022 15:00,0
7/24/2022 16:00,0
7/24/2022 17:00,0
7/24/2022 18:00,0
7/24/2022 19:00,0.006
7/24/2022 20:00,1.405
7/24/2022 21:00,21.19
7/24/2022 22:00,112.851
7/24/2022 23:00,266.173
7/25/2022 0:00,433.537
7/25/2022 1:00,582.18
7/25/2022 2:00,693.713
7/25/2022 3:00,764.627
7/25/2022 4:00,782.159
7/25/2022 5:00,741.545
7/25/2022 6:00,649.892
7/25/2022 7:00,517.162
7/25/2022 8:00,361.744
7/25/2022 9:00,206.829
7/25/2022 10:00,79.908
7/25/2022 11:00,13.845
7/25/2022 12:00,2.799
7/25/2022 13:00,0.445
7/25/2022 14:00,0
7/25/2022 15:00,0
7/25/2022 16:00,0
7/25/2022 17:00,0
7/25/2022 18:00,0
7/25/2022 19:00,0.009
7/25/2022 20:00,1.408
7/25/2022 21:00,15.99
7/25/2022 22:00,83.236
7/25/2022 23:00,206.425
7/26/2022 0:00,349.159
7/26/2022 1:00,481.403
7/26/2022 2:00,592.457
7/26/2022 3:00,668.781
7/26/2022 4:00,697.873
7/26/2022 5:00,673.973
7/26/2022 6:00,600.08
7/26/2022 7:00,486.798
7/26/2022 8:00,348.854
7/26/2022 9:00,200.431
7/26/2022 10:00,75.001
7/26/2022 11:00,11.535
7/26/2022 12:00,2.254
7/26/2022 13:00,0.318
7/26/2022 14:00,0
7/26/2022 15:00,0
7/26/2022 16:00,0
7/26/2022 17:00,0
7/26/2022 18:00,0
7/26/2022 19:00,0.008
7/26/2022 20:00,1.364
7/26/2022 21:00,19.484
7/26/2022 22:00,104.189
7/26/2022 23:00,247.43
7/27/2022 0:00,402.06
7/27/2022 1:00,538.137
7/27/2022 2:00,640.547
7/27/2022 3:00,697.791
7/27/2022 4:00,707.362
7/27/2022 5:00,665.222
7/27/2022 6:00,579.469
7/27/2022 7:00,453.612
7/27/2022 8:00,314.408
7/27/2022 9:00,175.196
7/27/2022 10:00,64.928
7/27/2022 11:00,11.447
7/27/2022 12:00,2.455
7/27/2022 13:00,0.354
7/27/2022 14:00,0
7/27/2022 15:00,0
7/27/2022 16:00,0
7/27/2022 17:00,0
7/27/2022 18:00,0
7/27/2022 19:00,0.006
7/27/2022 20:00,1.212
7/27/2022 21:00,13.905
7/27/2022 22:00,81.159
7/27/2022 23:00,208.608
7/28/2022 0:00,356.657
7/28/2022 1:00,496.425
7/28/2022 2:00,606.28
7/28/2022 3:00,685.932
7/28/2022 4:00,706.02
7/28/2022 5:00,672.155
7/28/2022 6:00,596.658
7/28/2022 7:00,483.957
7/28/2022 8:00,345.424
7/28/2022 9:00,201.085
7/28/2022 10:00,76.948
7/28/2022 11:00,11.708
7/28/2022 12:00,1.861
7/28/2022 13:00,0.239
7/28/2022 14:00,0
7/28/2022 15:00,0
7/28/2022 16:00,0
7/28/2022 17:00,0
7/28/2022 18:00,0
7/28/2022 19:00,0.004
7/28/2022 20:00,1.005
7/28/2022 21:00,16.45
7/28/2022 22:00,96.206
7/28/2022 23:00,236.247
7/29/2022 0:00,389.91
7/29/2022 1:00,529.947
7/29/2022 2:00,640.224
7/29/2022 3:00,712.745
7/29/2022 4:00,731.618
7/29/2022 5:00,697.719
7/29/2022 6:00,619.457
7/29/2022 7:00,501.496
7/29/2022 8:00,357.325
7/29/2022 9:00,206.77
7/29/2022 10:00,76.097
7/29/2022 11:00,10.913
7/29/2022 12:00,1.82
7/29/2022 13:00,0.246
7/29/2022 14:00,0
7/29/2022 15:00,0
7/29/2022 16:00,0
7/29/2022 17:00,0
7/29/2022 18:00,0
7/29/2022 19:00,0.004
7/29/2022 20:00,0.884
7/29/2022 21:00,15.031
7/29/2022 22:00,95.539
7/29/2022 23:00,240.923
7/30/2022 0:00,404.976
7/30/2022 1:00,555.01
7/30/2022 2:00,674.13
7/30/2022 3:00,741.33
7/30/2022 4:00,758.054
7/30/2022 5:00,723.329
7/30/2022 6:00,642.028
7/30/2022 7:00,517.22
7/30/2022 8:00,367.05
7/30/2022 9:00,207.244
7/30/2022 10:00,72.862
7/30/2022 11:00,9.281
7/30/2022 12:00,1.548
7/30/2022 13:00,0.222
7/30/2022 14:00,0
7/30/2022 15:00,0
7/30/2022 16:00,0
7/30/2022 17:00,0
7/30/2022 18:00,0
7/30/2022 19:00,0.003
7/30/2022 20:00,0.989
7/30/2022 21:00,18.064
7/30/2022 22:00,105.839
7/30/2022 23:00,261.151
7/31/2022 0:00,434.81
7/31/2022 1:00,591.138
7/31/2022 2:00,712.308
7/31/2022 3:00,790.924
7/31/2022 4:00,809.403
7/31/2022 5:00,770.922
7/31/2022 6:00,675.328
7/31/2022 7:00,541.46
7/31/2022 8:00,381.15
7/31/2022 9:00,214.556
7/31/2022 10:00,72.66
7/31/2022 11:00,8.729
7/31/2022 12:00,1.655
7/31/2022 13:00,0.232
7/31/2022 14:00,0
7/31/2022 15:00,0
7/31/2022 16:00,0
7/31/2022 17:00,0
7/31/2022 18:00,0
7/31/2022 19:00,0.002
7/31/2022 20:00,0.924
7/31/2022 21:00,16.494
7/31/2022 22:00,105.028
7/31/2022 23:00,266.456
8/1/2022 0:00,446.563
8/1/2022 1:00,609.36
8/1/2022 2:00,735.154
8/1/2022 3:00,816.34
8/1/2022 4:00,834.945
8/1/2022 5:00,794.871
8/1/2022 6:00,703.862
8/1/2022 7:00,562.536
8/1/2022 8:00,391.903
8/1/2022 9:00,217.462
8/1/2022 10:00,73.482
8/1/2022 11:00,9.034
8/1/2022 12:00,1.714
8/1/2022 13:00,0.257
8/1/2022 14:00,0
8/1/2022 15:00,0
8/1/2022 16:00,0
8/1/2022 17:00,0
8/1/2022 18:00,0
8/1/2022 19:00,0.002
8/1/2022 20:00,0.959
8/1/2022 21:00,17.181
8/1/2022 22:00,103.538
8/1/2022 23:00,255.031
8/2/2022 0:00,420.132
8/2/2022 1:00,569.294
8/2/2022 2:00,681.108
8/2/2022 3:00,750.752
8/2/2022 4:00,763.932
8/2/2022 5:00,720.341
8/2/2022 6:00,633.922
8/2/2022 7:00,509.296
8/2/2022 8:00,358.542
8/2/2022 9:00,201.37
8/2/2022 10:00,71.507
8/2/2022 11:00,10.271
8/2/2022 12:00,2.262
8/2/2022 13:00,0.272
8/2/2022 14:00,0
8/2/2022 15:00,0
8/2/2022 16:00,0
8/2/2022 17:00,0
8/2/2022 18:00,0
8/2/2022 19:00,0.001
8/2/2022 20:00,0.706
8/2/2022 21:00,13.492
8/2/2022 22:00,88.625
8/2/2022 23:00,230.103
8/3/2022 0:00,391.28
8/3/2022 1:00,541.401
8/3/2022 2:00,663.354
8/3/2022 3:00,736.652
8/3/2022 4:00,754.13
8/3/2022 5:00,715.188
8/3/2022 6:00,633.035
8/3/2022 7:00,505.973
8/3/2022 8:00,352.41
8/3/2022 9:00,198.528
8/3/2022 10:00,69.679
8/3/2022 11:00,9.528
8/3/2022 12:00,1.675
8/3/2022 13:00,0.167
8/3/2022 14:00,0
8/3/2022 15:00,0
8/3/2022 16:00,0
8/3/2022 17:00,0
8/3/2022 18:00,0
8/3/2022 19:00,0.001
8/3/2022 20:00,0.962
8/3/2022 21:00,15.668
8/3/2022 22:00,95.087
8/3/2022 23:00,239.52
8/4/2022 0:00,401.391
8/4/2022 1:00,549.663
8/4/2022 2:00,669.847
8/4/2022 3:00,741.075
8/4/2022 4:00,753.423
8/4/2022 5:00,708.364
8/4/2022 6:00,614.602
8/4/2022 7:00,484.089
8/4/2022 8:00,336.956
8/4/2022 9:00,188.2
8/4/2022 10:00,64.575
8/4/2022 11:00,9.188
8/4/2022 12:00,2.005
8/4/2022 13:00,0.243
8/4/2022 14:00,0
8/4/2022 15:00,0
8/4/2022 16:00,0
8/4/2022 17:00,0
8/4/2022 18:00,0
8/4/2022 19:00,0.001
8/4/2022 20:00,0.395
8/4/2022 21:00,11.636
8/4/2022 22:00,87.049
8/4/2022 23:00,226.741
8/5/2022 0:00,385.205
8/5/2022 1:00,533.501
8/5/2022 2:00,654.14
8/5/2022 3:00,730.613
8/5/2022 4:00,751.118
8/5/2022 5:00,712.961
8/5/2022 6:00,629.079
8/5/2022 7:00,501.939
8/5/2022 8:00,353.264
8/5/2022 9:00,199.3
8/5/2022 10:00,68.801
8/5/2022 11:00,9.469
8/5/2022 12:00,1.901
8/5/2022 13:00,0.204
8/5/2022 14:00,0
8/5/2022 15:00,0
8/5/2022 16:00,0
8/5/2022 17:00,0
8/5/2022 18:00,0
8/5/2022 19:00,0.001
8/5/2022 20:00,0.889
8/5/2022 21:00,13.834
8/5/2022 22:00,86.272
8/5/2022 23:00,224.565
8/6/2022 0:00,382.985
8/6/2022 1:00,526.347
8/6/2022 2:00,630.802
8/6/2022 3:00,697.273
8/6/2022 4:00,725.088
8/6/2022 5:00,702.647
8/6/2022 6:00,628.792
8/6/2022 7:00,502.541
8/6/2022 8:00,350.755
8/6/2022 9:00,194.731
8/6/2022 10:00,66.224
8/6/2022 11:00,8.874
8/6/2022 12:00,1.884
8/6/2022 13:00,0.229
8/6/2022 14:00,0
8/6/2022 15:00,0
8/6/2022 16:00,0
8/6/2022 17:00,0
8/6/2022 18:00,0
8/6/2022 19:00,0
8/6/2022 20:00,0.521
8/6/2022 21:00,9.781
8/6/2022 22:00,75.73
8/6/2022 23:00,210.643
8/7/2022 0:00,372.573
8/7/2022 1:00,532.962
8/7/2022 2:00,663.555
8/7/2022 3:00,751.75
8/7/2022 4:00,766.351
8/7/2022 5:00,726.615
8/7/2022 6:00,644.192
8/7/2022 7:00,512.505
8/7/2022 8:00,354.881
8/7/2022 9:00,196.97
8/7/2022 10:00,67.119
8/7/2022 11:00,9.954
8/7/2022 12:00,2.164
8/7/2022 13:00,0.223
8/7/2022 14:00,0
8/7/2022 15:00,0
8/7/2022 16:00,0
8/7/2022 17:00,0
8/7/2022 18:00,0
8/7/2022 19:00,0
8/7/2022 20:00,0.819
8/7/2022 21:00,14.827
8/7/2022 22:00,89.371
8/7/2022 23:00,231.784
8/8/2022 0:00,396.086
8/8/2022 1:00,544.169
8/8/2022 2:00,659.805
8/8/2022 3:00,731.564
8/8/2022 4:00,743.772
8/8/2022 5:00,702.363
8/8/2022 6:00,612.469
8/8/2022 7:00,486.69
8/8/2022 8:00,340.302
8/8/2022 9:00,191.127
8/8/2022 10:00,63.041
8/8/2022 11:00,8.53
8/8/2022 12:00,1.592
8/8/2022 13:00,0.147
8/8/2022 14:00,0
8/8/2022 15:00,0
8/8/2022 16:00,0
8/8/2022 17:00,0
8/8/2022 18:00,0
8/8/2022 19:00,0
8/8/2022 20:00,0.868
8/8/2022 21:00,13.712
8/8/2022 22:00,83.05
8/8/2022 23:00,221.317
8/9/2022 0:00,381.903
8/9/2022 1:00,528.885
8/9/2022 2:00,649.312
8/9/2022 3:00,726.511
8/9/2022 4:00,748.96
8/9/2022 5:00,718.734
8/9/2022 6:00,635.042
8/9/2022 7:00,510.159
8/9/2022 8:00,358.547
8/9/2022 9:00,198.444
8/9/2022 10:00,65.076
8/9/2022 11:00,8.211
8/9/2022 12:00,1.71
8/9/2022 13:00,0.153
8/9/2022 14:00,0
8/9/2022 15:00,0
8/9/2022 16:00,0
8/9/2022 17:00,0
8/9/2022 18:00,0
8/9/2022 19:00,0
8/9/2022 20:00,0.723
8/9/2022 21:00,14.896
8/9/2022 22:00,92.444
8/9/2022 23:00,238.535
8/10/2022 0:00,405.941
8/10/2022 1:00,562.308
8/10/2022 2:00,681.321
8/10/2022 3:00,757.379
8/10/2022 4:00,777.46
8/10/2022 5:00,739.027
8/10/2022 6:00,648.531
8/10/2022 7:00,513.182
8/10/2022 8:00,353.923
8/10/2022 9:00,193.848
8/10/2022 10:00,63.523
8/10/2022 11:00,7.936
8/10/2022 12:00,1.489
8/10/2022 13:00,0.148
8/10/2022 14:00,0
8/10/2022 15:00,0
8/10/2022 16:00,0
8/10/2022 17:00,0
8/10/2022 18:00,0
8/10/2022 19:00,0
8/10/2022 20:00,0.514
8/10/2022 21:00,12.039
8/10/2022 22:00,84.587
8/10/2022 23:00,228.376
8/11/2022 0:00,392.283
8/11/2022 1:00,543.318
8/11/2022 2:00,667.798
8/11/2022 3:00,751.677
8/11/2022 4:00,772.688
8/11/2022 5:00,736.105
8/11/2022 6:00,650.689
8/11/2022 7:00,519.947
8/11/2022 8:00,358.962
8/11/2022 9:00,197.55
8/11/2022 10:00,64.369
8/11/2022 11:00,7.965
8/11/2022 12:00,1.563
8/11/2022 13:00,0.139
8/11/2022 14:00,0
8/11/2022 15:00,0
8/11/2022 16:00,0
8/11/2022 17:00,0
8/11/2022 18:00,0
8/11/2022 19:00,0
8/11/2022 20:00,0.583
8/11/2022 21:00,12.712
8/11/2022 22:00,91.07
8/11/2022 23:00,246.441
8/12/2022 0:00,419.521
8/12/2022 1:00,580.705
8/12/2022 2:00,703.028
8/12/2022 3:00,776.232
8/12/2022 4:00,794.968
8/12/2022 5:00,756.006
8/12/2022 6:00,667.333
8/12/2022 7:00,532.969
8/12/2022 8:00,371.432
8/12/2022 9:00,204.27
8/12/2022 10:00,64.479
8/12/2022 11:00,7.185
8/12/2022 12:00,1.386
8/12/2022 13:00,0.12
8/12/2022 14:00,0
8/12/2022 15:00,0
8/12/2022 16:00,0
8/12/2022 17:00,0
8/12/2022 18:00,0
8/12/2022 19:00,0
8/12/2022 20:00,0.494
8/12/2022 21:00,11.383
8/12/2022 22:00,85.609
8/12/2022 23:00,238.535
8/13/2022 0:00,413.488
8/13/2022 1:00,571.705
8/13/2022 2:00,690.221
8/13/2022 3:00,764.628
8/13/2022 4:00,786.377
8/13/2022 5:00,752.198
8/13/2022 6:00,660.836
8/13/2022 7:00,524.931
8/13/2022 8:00,363.535
8/13/2022 9:00,198.665
8/13/2022 10:00,63.974
8/13/2022 11:00,8.233
8/13/2022 12:00,1.783
8/13/2022 13:00,0.137
8/13/2022 14:00,0
8/13/2022 15:00,0
8/13/2022 16:00,0
8/13/2022 17:00,0
8/13/2022 18:00,0
8/13/2022 19:00,0
8/13/2022 20:00,0.471
8/13/2022 21:00,9.283
8/13/2022 22:00,73.993
8/13/2022 23:00,214.547
8/14/2022 0:00,378.744
8/14/2022 1:00,535.553
8/14/2022 2:00,661.941
8/14/2022 3:00,738.467
8/14/2022 4:00,755.5
8/14/2022 5:00,715.503
8/14/2022 6:00,622.845
8/14/2022 7:00,493.525
8/14/2022 8:00,340.768
8/14/2022 9:00,186.12
8/14/2022 10:00,60.425
8/14/2022 11:00,8.288
8/14/2022 12:00,1.8
8/14/2022 13:00,0.123
8/14/2022 14:00,0
8/14/2022 15:00,0
8/14/2022 16:00,0
8/14/2022 17:00,0
8/14/2022 18:00,0
8/14/2022 19:00,0
8/14/2022 20:00,0.308
8/14/2022 21:00,8.717
8/14/2022 22:00,77.802
8/14/2022 23:00,225.411
8/15/2022 0:00,401.91
8/15/2022 1:00,565.066
8/15/2022 2:00,694.033
8/15/2022 3:00,777.784
8/15/2022 4:00,797.816
8/15/2022 5:00,756.96
8/15/2022 6:00,664.773
8/15/2022 7:00,524.553
8/15/2022 8:00,361.045
8/15/2022 9:00,192.571
8/15/2022 10:00,58.606
8/15/2022 11:00,7.064
8/15/2022 12:00,1.456
8/15/2022 13:00,0.086
8/15/2022 14:00,0
8/15/2022 15:00,0
8/15/2022 16:00,0
8/15/2022 17:00,0
8/15/2022 18:00,0
8/15/2022 19:00,0
8/15/2022 20:00,0.384
8/15/2022 21:00,11.459
8/15/2022 22:00,83.875
8/15/2022 23:00,224.337
8/16/2022 0:00,384.618
8/16/2022 1:00,530.073
8/16/2022 2:00,644.566
8/16/2022 3:00,714.182
8/16/2022 4:00,728.367
8/16/2022 5:00,685.293
8/16/2022 6:00,590.165
8/16/2022 7:00,461.255
8/16/2022 8:00,314.763
8/16/2022 9:00,168.831
8/16/2022 10:00,53.447
8/16/2022 11:00,7.139
8/16/2022 12:00,1.55
8/16/2022 13:00,0.105
8/16/2022 14:00,0
8/16/2022 15:00,0
8/16/2022 16:00,0
8/16/2022 17:00,0
8/16/2022 18:00,0
8/16/2022 19:00,0
8/16/2022 20:00,0.399
8/16/2022 21:00,11.56
8/16/2022 22:00,84.401
8/16/2022 23:00,228.61
8/17/2022 0:00,394.095
8/17/2022 1:00,545.614
8/17/2022 2:00,662.772
8/17/2022 3:00,736.561
8/17/2022 4:00,752.958
8/17/2022 5:00,709.201
8/17/2022 6:00,611.579
8/17/2022 7:00,477.864
8/17/2022 8:00,323.039
8/17/2022 9:00,170.502
8/17/2022 10:00,51.129
8/17/2022 11:00,7.393
8/17/2022 12:00,1.853
8/17/2022 13:00,0.117
8/17/2022 14:00,0
8/17/2022 15:00,0
8/17/2022 16:00,0
8/17/2022 17:00,0
8/17/2022 18:00,0
8/17/2022 19:00,0
8/17/2022 20:00,0.319
8/17/2022 21:00,9.069
8/17/2022 22:00,71.263
8/17/2022 23:00,205.808
8/18/2022 0:00,365.33
8/18/2022 1:00,515.166
8/18/2022 2:00,629.171
8/18/2022 3:00,697.521
8/18/2022 4:00,720.937
8/18/2022 5:00,681.157
8/18/2022 6:00,589.735
8/18/2022 7:00,460.509
8/18/2022 8:00,314.172
8/18/2022 9:00,168.697
8/18/2022 10:00,51.494
8/18/2022 11:00,7.227
8/18/2022 12:00,1.608
8/18/2022 13:00,0.081
8/18/2022 14:00,0
8/18/2022 15:00,0
8/18/2022 16:00,0
8/18/2022 17:00,0
8/18/2022 18:00,0
8/18/2022 19:00,0
8/18/2022 20:00,0.089
8/18/2022 21:00,6.016
8/18/2022 22:00,68.036
8/18/2022 23:00,205.355
8/19/2022 0:00,368.649
8/19/2022 1:00,518.055
8/19/2022 2:00,636.883
8/19/2022 3:00,713.06
8/19/2022 4:00,735.824
8/19/2022 5:00,704.381
8/19/2022 6:00,619.016
8/19/2022 7:00,492.563
8/19/2022 8:00,339.666
8/19/2022 9:00,181.999
8/19/2022 10:00,55.151
8/19/2022 11:00,7.308
8/19/2022 12:00,1.604
8/19/2022 13:00,0.083
8/19/2022 14:00,0
8/19/2022 15:00,0
8/19/2022 16:00,0
8/19/2022 17:00,0
8/19/2022 18:00,0
8/19/2022 19:00,0
8/19/2022 20:00,0.272
8/19/2022 21:00,9.926
8/19/2022 22:00,77.526
8/19/2022 23:00,218.713
8/20/2022 0:00,384.265
8/20/2022 1:00,538.465
8/20/2022 2:00,658.42
8/20/2022 3:00,738.266
8/20/2022 4:00,767.889
8/20/2022 5:00,737.557
8/20/2022 6:00,655.193
8/20/2022 7:00,522.356
8/20/2022 8:00,359.264
8/20/2022 9:00,189.63
8/20/2022 10:00,54.981
8/20/2022 11:00,6.697
8/20/2022 12:00,1.415
8/20/2022 13:00,0.075
8/20/2022 14:00,0
8/20/2022 15:00,0
8/20/2022 16:00,0
8/20/2022 17:00,0
8/20/2022 18:00,0
8/20/2022 19:00,0
8/20/2022 20:00,0.163
8/20/2022 21:00,7.366
8/20/2022 22:00,68.715
8/20/2022 23:00,211.611
8/21/2022 0:00,385.781
8/21/2022 1:00,552.361
8/21/2022 2:00,687.125
8/21/2022 3:00,771.469
8/21/2022 4:00,802.245
8/21/2022 5:00,761.825
8/21/2022 6:00,661.328
8/21/2022 7:00,519.665
8/21/2022 8:00,353.784
8/21/2022 9:00,187.459
8/21/2022 10:00,55.592
8/21/2022 11:00,6.612
8/21/2022 12:00,1.246
8/21/2022 13:00,0.06
8/21/2022 14:00,0
8/21/2022 15:00,0
8/21/2022 16:00,0
8/21/2022 17:00,0
8/21/2022 18:00,0
8/21/2022 19:00,0
8/21/2022 20:00,0.087
8/21/2022 21:00,5.374
8/21/2022 22:00,63.471
8/21/2022 23:00,200.247
8/22/2022 0:00,368.609
8/22/2022 1:00,532.604
8/22/2022 2:00,662.903
8/22/2022 3:00,748.454
8/22/2022 4:00,774.091
8/22/2022 5:00,736.497
8/22/2022 6:00,644.545
8/22/2022 7:00,509.824
8/22/2022 8:00,351.428
8/22/2022 9:00,185.488
8/22/2022 10:00,51.932
8/22/2022 11:00,5.314
8/22/2022 12:00,0.954
8/22/2022 13:00,0.037
8/22/2022 14:00,0
8/22/2022 15:00,0
8/22/2022 16:00,0
8/22/2022 17:00,0
8/22/2022 18:00,0
8/22/2022 19:00,0
8/22/2022 20:00,0.146
8/22/2022 21:00,8.728
8/22/2022 22:00,78.579
8/22/2022 23:00,227.044
8/23/2022 0:00,402.861
8/23/2022 1:00,564.488
8/23/2022 2:00,689.79
8/23/2022 3:00,759.592
8/23/2022 4:00,774.742
8/23/2022 5:00,730.523
8/23/2022 6:00,639.076
8/23/2022 7:00,500.676
8/23/2022 8:00,341.607
8/23/2022 9:00,178.833
8/23/2022 10:00,48.912
8/23/2022 11:00,5.354
8/23/2022 12:00,0.989
8/23/2022 13:00,0.03
8/23/2022 14:00,0
8/23/2022 15:00,0
8/23/2022 16:00,0
8/23/2022 17:00,0
8/23/2022 18:00,0
8/23/2022 19:00,0
8/23/2022 20:00,0.144
8/23/2022 21:00,7.222
8/23/2022 22:00,72.544
8/23/2022 23:00,217.526
8/24/2022 0:00,390.834
8/24/2022 1:00,550.052
8/24/2022 2:00,677.978
8/24/2022 3:00,759.752
8/24/2022 4:00,779.828
8/24/2022 5:00,737.715
8/24/2022 6:00,644.853
8/24/2022 7:00,496.714
8/24/2022 8:00,329.195
8/24/2022 9:00,165.243
8/24/2022 10:00,42.736
8/24/2022 11:00,4.989
8/24/2022 12:00,0.893
8/24/2022 13:00,0.027
8/24/2022 14:00,0
8/24/2022 15:00,0
8/24/2022 16:00,0
8/24/2022 17:00,0
8/24/2022 18:00,0
8/24/2022 19:00,0
8/24/2022 20:00,0.102
8/24/2022 21:00,5.701
8/24/2022 22:00,65.608
8/24/2022 23:00,207.056
8/25/2022 0:00,375.887
8/25/2022 1:00,535.084
8/25/2022 2:00,660.77
8/25/2022 3:00,736.637
8/25/2022 4:00,749.978
8/25/2022 5:00,706.099
8/25/2022 6:00,610.67
8/25/2022 7:00,474.04
8/25/2022 8:00,317.74
8/25/2022 9:00,163.338
8/25/2022 10:00,43.17
8/25/2022 11:00,4.106
8/25/2022 12:00,0.683
8/25/2022 13:00,0.023
8/25/2022 14:00,0
8/25/2022 15:00,0
8/25/2022 16:00,0
8/25/2022 17:00,0
8/25/2022 18:00,0
8/25/2022 19:00,0
8/25/2022 20:00,0.104
8/25/2022 21:00,6.316
8/25/2022 22:00,59.998
8/25/2022 23:00,183.441
8/26/2022 0:00,335.241
8/26/2022 1:00,479.686
8/26/2022 2:00,591.613
8/26/2022 3:00,669.422
8/26/2022 4:00,688.99
8/26/2022 5:00,653.547
8/26/2022 6:00,569.005
8/26/2022 7:00,443
8/26/2022 8:00,293.778
8/26/2022 9:00,147.716
8/26/2022 10:00,39.241
8/26/2022 11:00,4.255
8/26/2022 12:00,0.897
8/26/2022 13:00,0.034
8/26/2022 14:00,0
8/26/2022 15:00,0
8/26/2022 16:00,0
8/26/2022 17:00,0
8/26/2022 18:00,0
8/26/2022 19:00,0
8/26/2022 20:00,0.042
8/26/2022 21:00,5.316
8/26/2022 22:00,59.104
8/26/2022 23:00,186.899
8/27/2022 0:00,345.886
8/27/2022 1:00,496.402
8/27/2022 2:00,614.136
8/27/2022 3:00,693.749
8/27/2022 4:00,721.91
8/27/2022 5:00,691.153
8/27/2022 6:00,600.884
8/27/2022 7:00,462.722
8/27/2022 8:00,302.491
8/27/2022 9:00,150.304
8/27/2022 10:00,39.289
8/27/2022 11:00,5.396
8/27/2022 12:00,1.152
8/27/2022 13:00,0.034
8/27/2022 14:00,0
8/27/2022 15:00,0
8/27/2022 16:00,0
8/27/2022 17:00,0
8/27/2022 18:00,0
8/27/2022 19:00,0
8/27/2022 20:00,0.076
8/27/2022 21:00,5.653
8/27/2022 22:00,49.744
8/27/2022 23:00,157.004
8/28/2022 0:00,289.862
8/28/2022 1:00,419.047
8/28/2022 2:00,537.807
8/28/2022 3:00,618.335
8/28/2022 4:00,624.327
8/28/2022 5:00,576.884
8/28/2022 6:00,491.781
8/28/2022 7:00,379.432
8/28/2022 8:00,247.344
8/28/2022 9:00,120.758
8/28/2022 10:00,32.952
8/28/2022 11:00,4.904
8/28/2022 12:00,1.001
8/28/2022 13:00,0.025
8/28/2022 14:00,0
8/28/2022 15:00,0
8/28/2022 16:00,0
8/28/2022 17:00,0
8/28/2022 18:00,0
8/28/2022 19:00,0
8/28/2022 20:00,0.032
8/28/2022 21:00,3.186
8/28/2022 22:00,45.898
8/28/2022 23:00,161.854
8/29/2022 0:00,319.058
8/29/2022 1:00,467.768
8/29/2022 2:00,587.286
8/29/2022 3:00,659.42
8/29/2022 4:00,678.58
8/29/2022 5:00,633.314
8/29/2022 6:00,538.538
8/29/2022 7:00,408.397
8/29/2022 8:00,265.534
8/29/2022 9:00,129.354
8/29/2022 10:00,33.9
8/29/2022 11:00,5.03
8/29/2022 12:00,1.039
8/29/2022 13:00,0.025
8/29/2022 14:00,0
8/29/2022 15:00,0
8/29/2022 16:00,0
8/29/2022 17:00,0
8/29/2022 18:00,0
8/29/2022 19:00,0
8/29/2022 20:00,0.043
8/29/2022 21:00,4.265
8/29/2022 22:00,54.372
8/29/2022 23:00,178.092
8/30/2022 0:00,327.556
8/30/2022 1:00,472.149
8/30/2022 2:00,589.539
8/30/2022 3:00,661.372
8/30/2022 4:00,671.287
8/30/2022 5:00,629.528
8/30/2022 6:00,544.041
8/30/2022 7:00,424.386
8/30/2022 8:00,285.704
8/30/2022 9:00,143.955
8/30/2022 10:00,36.543
8/30/2022 11:00,4.735
8/30/2022 12:00,1.044
8/30/2022 13:00,0.026
8/30/2022 14:00,0
8/30/2022 15:00,0
8/30/2022 16:00,0
8/30/2022 17:00,0
8/30/2022 18:00,0
8/30/2022 19:00,0
8/30/2022 20:00,0.043
8/30/2022 21:00,4.859
8/30/2022 22:00,57.526
8/30/2022 23:00,186.708
8/31/2022 0:00,342.732
8/31/2022 1:00,487.578
8/31/2022 2:00,602.042
8/31/2022 3:00,675.907
8/31/2022 4:00,701.058
8/31/2022 5:00,670.772
8/31/2022 6:00,586.919
8/31/2022 7:00,456.627
8/31/2022 8:00,302.523
8/31/2022 9:00,147.824
8/31/2022 10:00,35.93
8/31/2022 11:00,4.946
8/31/2022 12:00,1.118
8/31/2022 13:00,0.025
8/31/2022 14:00,0
8/31/2022 15:00,0
8/31/2022 16:00,0
8/31/2022 17:00,0
8/31/2022 18:00,0
8/31/2022 19:00,0
8/31/2022 20:00,0.023
8/31/2022 21:00,4.655
8/31/2022 22:00,62.257
8/31/2022 23:00,204.851
9/1/2022 0:00,377.486
9/1/2022 1:00,542.016
9/1/2022 2:00,677.376
9/1/2022 3:00,763.799
9/1/2022 4:00,790.078
9/1/2022 5:00,750.435
9/1/2022 6:00,654.002
9/1/2022 7:00,509.269
9/1/2022 8:00,336.894
9/1/2022 9:00,162.162
9/1/2022 10:00,37.405
9/1/2022 11:00,4.894
9/1/2022 12:00,0.996
9/1/2022 13:00,0.019
9/1/2022 14:00,0
9/1/2022 15:00,0
9/1/2022 16:00,0
9/1/2022 17:00,0
9/1/2022 18:00,0
9/1/2022 19:00,0
9/1/2022 20:00,0.034
9/1/2022 21:00,4.981
9/1/2022 22:00,61.419
9/1/2022 23:00,200.37
9/2/2022 0:00,373.138
9/2/2022 1:00,537.091
9/2/2022 2:00,665.317
9/2/2022 3:00,747.355
9/2/2022 4:00,771.205
9/2/2022 5:00,731.905
9/2/2022 6:00,638.144
9/2/2022 7:00,497.965
9/2/2022 8:00,328.948
9/2/2022 9:00,155.807
9/2/2022 10:00,34.684
9/2/2022 11:00,4.635
9/2/2022 12:00,0.909
9/2/2022 13:00,0.013
9/2/2022 14:00,0
9/2/2022 15:00,0
9/2/2022 16:00,0
9/2/2022 17:00,0
9/2/2022 18:00,0
9/2/2022 19:00,0
9/2/2022 20:00,0.027
9/2/2022 21:00,4.224
9/2/2022 22:00,58.519
9/2/2022 23:00,193.562
9/3/2022 0:00,354.195
9/3/2022 1:00,503.637
9/3/2022 2:00,623.517
9/3/2022 3:00,692.339
9/3/2022 4:00,703.556
9/3/2022 5:00,662.547
9/3/2022 6:00,571.085
9/3/2022 7:00,436.437
9/3/2022 8:00,284.769
9/3/2022 9:00,137.871
9/3/2022 10:00,33.209
9/3/2022 11:00,4.78
9/3/2022 12:00,0.925
9/3/2022 13:00,0.012
9/3/2022 14:00,0
9/3/2022 15:00,0
9/3/2022 16:00,0
9/3/2022 17:00,0
9/3/2022 18:00,0
9/3/2022 19:00,0
9/3/2022 20:00,0.021
9/3/2022 21:00,2.587
9/3/2022 22:00,46.774
9/3/2022 23:00,179.21
9/4/2022 0:00,345.416
9/4/2022 1:00,502.307
9/4/2022 2:00,630.114
9/4/2022 3:00,716.862
9/4/2022 4:00,750.992
9/4/2022 5:00,717.158
9/4/2022 6:00,628.122
9/4/2022 7:00,491.533
9/4/2022 8:00,329.612
9/4/2022 9:00,163.356
9/4/2022 10:00,37.254
9/4/2022 11:00,5.016
9/4/2022 12:00,0.979
9/4/2022 13:00,0.011
9/4/2022 14:00,0
9/4/2022 15:00,0
9/4/2022 16:00,0
9/4/2022 17:00,0
9/4/2022 18:00,0
9/4/2022 19:00,0
9/4/2022 20:00,0.007
9/4/2022 21:00,2.5
9/4/2022 22:00,53.705
9/4/2022 23:00,207.69
9/5/2022 0:00,398.315
9/5/2022 1:00,576.59
9/5/2022 2:00,720.258
9/5/2022 3:00,818.231
9/5/2022 4:00,846.336
9/5/2022 5:00,809.263
9/5/2022 6:00,711.809
9/5/2022 7:00,563.093
9/5/2022 8:00,380.763
9/5/2022 9:00,188.668
9/5/2022 10:00,42.513
9/5/2022 11:00,4.836
9/5/2022 12:00,0.899
9/5/2022 13:00,0.01
9/5/2022 14:00,0
9/5/2022 15:00,0
9/5/2022 16:00,0
9/5/2022 17:00,0
9/5/2022 18:00,0
9/5/2022 19:00,0
9/5/2022 20:00,0.003
9/5/2022 21:00,2.965
9/5/2022 22:00,59.087
9/5/2022 23:00,219.102
9/6/2022 0:00,413.921
9/6/2022 1:00,595.112
9/6/2022 2:00,735.814
9/6/2022 3:00,820.911
9/6/2022 4:00,849.048
9/6/2022 5:00,810.129
9/6/2022 6:00,708.511
9/6/2022 7:00,554.052
9/6/2022 8:00,367.598
9/6/2022 9:00,177.444
9/6/2022 10:00,39.383
9/6/2022 11:00,4.645
9/6/2022 12:00,0.857
9/6/2022 13:00,0.008
9/6/2022 14:00,0
9/6/2022 15:00,0
9/6/2022 16:00,0
9/6/2022 17:00,0
9/6/2022 18:00,0
9/6/2022 19:00,0
9/6/2022 20:00,0.005
9/6/2022 21:00,2.68
9/6/2022 22:00,55.193
9/6/2022 23:00,201.128
9/7/2022 0:00,378.781
9/7/2022 1:00,545.078
9/7/2022 2:00,677.557
9/7/2022 3:00,764.531
9/7/2022 4:00,786.018
9/7/2022 5:00,744.965
9/7/2022 6:00,641.559
9/7/2022 7:00,494.186
9/7/2022 8:00,324.197
9/7/2022 9:00,153.441
9/7/2022 10:00,33.663
9/7/2022 11:00,4.467
9/7/2022 12:00,0.834
9/7/2022 13:00,0.007
9/7/2022 14:00,0
9/7/2022 15:00,0
9/7/2022 16:00,0
9/7/2022 17:00,0
9/7/2022 18:00,0
9/7/2022 19:00,0
9/7/2022 20:00,0.007
9/7/2022 21:00,2.843
9/7/2022 22:00,50.137
9/7/2022 23:00,176.376
9/8/2022 0:00,334.895
9/8/2022 1:00,489.088
9/8/2022 2:00,613.302
9/8/2022 3:00,692.852
9/8/2022 4:00,717.59
9/8/2022 5:00,677.965
9/8/2022 6:00,583.501
9/8/2022 7:00,446.622
9/8/2022 8:00,290.875
9/8/2022 9:00,134.603
9/8/2022 10:00,29.005
9/8/2022 11:00,4.41
9/8/2022 12:00,0.777
9/8/2022 13:00,0.006
9/8/2022 14:00,0
9/8/2022 15:00,0
9/8/2022 16:00,0
9/8/2022 17:00,0
9/8/2022 18:00,0
9/8/2022 19:00,0
9/8/2022 20:00,0.005
9/8/2022 21:00,2.711
9/8/2022 22:00,45.519
9/8/2022 23:00,169.19
9/9/2022 0:00,329.952
9/9/2022 1:00,485.362
9/9/2022 2:00,610.469
9/9/2022 3:00,697.036
9/9/2022 4:00,716.31
9/9/2022 5:00,674.118
9/9/2022 6:00,581.509
9/9/2022 7:00,443.658
9/9/2022 8:00,283.686
9/9/2022 9:00,129.724
9/9/2022 10:00,28.327
9/9/2022 11:00,3.905
9/9/2022 12:00,0.665
9/9/2022 13:00,0.004
9/9/2022 14:00,0
9/9/2022 15:00,0
9/9/2022 16:00,0
9/9/2022 17:00,0
9/9/2022 18:00,0
9/9/2022 19:00,0
9/9/2022 20:00,0.004
9/9/2022 21:00,2.369
9/9/2022 22:00,44.209
9/9/2022 23:00,171.918
9/10/2022 0:00,340.597
9/10/2022 1:00,504.65
9/10/2022 2:00,633.687
9/10/2022 3:00,719.026
9/10/2022 4:00,738.667
9/10/2022 5:00,701.512
9/10/2022 6:00,612.08
9/10/2022 7:00,470.435
9/10/2022 8:00,303.32
9/10/2022 9:00,139.141
9/10/2022 10:00,29.773
9/10/2022 11:00,3.992
9/10/2022 12:00,0.65
9/10/2022 13:00,0.003
9/10/2022 14:00,0
9/10/2022 15:00,0
9/10/2022 16:00,0
9/10/2022 17:00,0
9/10/2022 18:00,0
9/10/2022 19:00,0
9/10/2022 20:00,0.003
9/10/2022 21:00,1.612
9/10/2022 22:00,42.395
9/10/2022 23:00,176.892
9/11/2022 0:00,354.942
9/11/2022 1:00,521.853
9/11/2022 2:00,649.869
9/11/2022 3:00,732.284
9/11/2022 4:00,761.77
9/11/2022 5:00,724.498
9/11/2022 6:00,630.141
9/11/2022 7:00,484.486
9/11/2022 8:00,311.486
9/11/2022 9:00,140.608
9/11/2022 10:00,27.817
9/11/2022 11:00,3.198
9/11/2022 12:00,0.485
9/11/2022 13:00,0.002
9/11/2022 14:00,0
9/11/2022 15:00,0
9/11/2022 16:00,0
9/11/2022 17:00,0
9/11/2022 18:00,0
9/11/2022 19:00,0
9/11/2022 20:00,0.002
9/11/2022 21:00,1.534
9/11/2022 22:00,43.01
9/11/2022 23:00,179.364
9/12/2022 0:00,355.837
9/12/2022 1:00,522.336
9/12/2022 2:00,652.325
9/12/2022 3:00,733.823
9/12/2022 4:00,758.461
9/12/2022 5:00,720.95
9/12/2022 6:00,626.522
9/12/2022 7:00,483.72
9/12/2022 8:00,310.407
9/12/2022 9:00,138.953
9/12/2022 10:00,26.368
9/12/2022 11:00,2.89
9/12/2022 12:00,0.447
9/12/2022 13:00,0.002
9/12/2022 14:00,0
9/12/2022 15:00,0
9/12/2022 16:00,0
9/12/2022 17:00,0
9/12/2022 18:00,0
9/12/2022 19:00,0
9/12/2022 20:00,0.001
9/12/2022 21:00,1.615
9/12/2022 22:00,41.57
9/12/2022 23:00,177.32
9/13/2022 0:00,353.752
9/13/2022 1:00,521.381
9/13/2022 2:00,655.666
9/13/2022 3:00,732.465
9/13/2022 4:00,754.846
9/13/2022 5:00,713.62
9/13/2022 6:00,619.843
9/13/2022 7:00,478.293
9/13/2022 8:00,308.462
9/13/2022 9:00,139.024
9/13/2022 10:00,26.703
9/13/2022 11:00,2.934
9/13/2022 12:00,0.466
9/13/2022 13:00,0.001
9/13/2022 14:00,0
9/13/2022 15:00,0
9/13/2022 16:00,0
9/13/2022 17:00,0
9/13/2022 18:00,0
9/13/2022 19:00,0
9/13/2022 20:00,0.001
9/13/2022 21:00,1.526
9/13/2022 22:00,35.444
9/13/2022 23:00,157.11
9/14/2022 0:00,318.002
9/14/2022 1:00,472.468
9/14/2022 2:00,594.177
9/14/2022 3:00,664.989
9/14/2022 4:00,685.658
9/14/2022 5:00,649.636
9/14/2022 6:00,560.338
9/14/2022 7:00,430.728
9/14/2022 8:00,276.764
9/14/2022 9:00,124.139
9/14/2022 10:00,23.214
9/14/2022 11:00,2.636
9/14/2022 12:00,0.357
9/14/2022 13:00,0.001
9/14/2022 14:00,0
9/14/2022 15:00,0
9/14/2022 16:00,0
9/14/2022 17:00,0
9/14/2022 18:00,0
9/14/2022 19:00,0
9/14/2022 20:00,0
9/14/2022 21:00,0.47
9/14/2022 22:00,28.717
9/14/2022 23:00,145.024
9/15/2022 0:00,305.995
9/15/2022 1:00,469.92
9/15/2022 2:00,603.944
9/15/2022 3:00,686.792
9/15/2022 4:00,708.77
9/15/2022 5:00,671.45
9/15/2022 6:00,581.386
9/15/2022 7:00,447.957
9/15/2022 8:00,286.737
9/15/2022 9:00,126.727
9/15/2022 10:00,23.488
9/15/2022 11:00,2.955
9/15/2022 12:00,0.382
9/15/2022 13:00,0
9/15/2022 14:00,0
9/15/2022 15:00,0
9/15/2022 16:00,0
9/15/2022 17:00,0
9/15/2022 18:00,0
9/15/2022 19:00,0
9/15/2022 20:00,0
9/15/2022 21:00,0.809
9/15/2022 22:00,34.191
9/15/2022 23:00,162.528
9/16/2022 0:00,333.318
9/16/2022 1:00,498.722
9/16/2022 2:00,636.056
9/16/2022 3:00,729.291
9/16/2022 4:00,755.661
9/16/2022 5:00,719.097
9/16/2022 6:00,621.298
9/16/2022 7:00,475.23
9/16/2022 8:00,303.56
9/16/2022 9:00,132.389
9/16/2022 10:00,23.184
9/16/2022 11:00,2.731
9/16/2022 12:00,0.336
9/16/2022 13:00,0
9/16/2022 14:00,0
9/16/2022 15:00,0
9/16/2022 16:00,0
9/16/2022 17:00,0
9/16/2022 18:00,0
9/16/2022 19:00,0
9/16/2022 20:00,0
9/16/2022 21:00,0.649
9/16/2022 22:00,35.608
9/16/2022 23:00,165.941
9/17/2022 0:00,339.783
9/17/2022 1:00,509.841
9/17/2022 2:00,645.432
9/17/2022 3:00,731.481
9/17/2022 4:00,762.651
9/17/2022 5:00,727.098
9/17/2022 6:00,630.378
9/17/2022 7:00,482.799
9/17/2022 8:00,307.262
9/17/2022 9:00,132.016
9/17/2022 10:00,22.653
9/17/2022 11:00,2.124
9/17/2022 12:00,0.207
9/17/2022 13:00,0
9/17/2022 14:00,0
9/17/2022 15:00,0
9/17/2022 16:00,0
9/17/2022 17:00,0
9/17/2022 18:00,0
9/17/2022 19:00,0
9/17/2022 20:00,0
9/17/2022 21:00,1.04
9/17/2022 22:00,39.48
9/17/2022 23:00,178.156
9/18/2022 0:00,359.219
9/18/2022 1:00,534.022
9/18/2022 2:00,671.751
9/18/2022 3:00,756.662
9/18/2022 4:00,783.269
9/18/2022 5:00,746.447
9/18/2022 6:00,642.582
9/18/2022 7:00,491.094
9/18/2022 8:00,307.591
9/18/2022 9:00,129.696
9/18/2022 10:00,22.582
9/18/2022 11:00,2.59
9/18/2022 12:00,0.312
9/18/2022 13:00,0
9/18/2022 14:00,0
9/18/2022 15:00,0
9/18/2022 16:00,0
9/18/2022 17:00,0
9/18/2022 18:00,0
9/18/2022 19:00,0
9/18/2022 20:00,0
9/18/2022 21:00,0.975
9/18/2022 22:00,38.037
9/18/2022 23:00,170.462
9/19/2022 0:00,346.546
9/19/2022 1:00,518.222
9/19/2022 2:00,654.477
9/19/2022 3:00,737.906
9/19/2022 4:00,757.604
9/19/2022 5:00,717.359
9/19/2022 6:00,618.614
9/19/2022 7:00,469.013
9/19/2022 8:00,293.042
9/19/2022 9:00,120.1
9/19/2022 10:00,20.621
9/19/2022 11:00,2.481
9/19/2022 12:00,0.287
9/19/2022 13:00,0
9/19/2022 14:00,0
9/19/2022 15:00,0
9/19/2022 16:00,0
9/19/2022 17:00,0
9/19/2022 18:00,0
9/19/2022 19:00,0
9/19/2022 20:00,0
9/19/2022 21:00,1.081
9/19/2022 22:00,35.996
9/19/2022 23:00,158.13
9/20/2022 0:00,321.912
9/20/2022 1:00,483.952
9/20/2022 2:00,618.6
9/20/2022 3:00,708.811
9/20/2022 4:00,726.668
9/20/2022 5:00,678.267
9/20/2022 6:00,577.067
9/20/2022 7:00,434.668
9/20/2022 8:00,270.737
9/20/2022 9:00,111.004
9/20/2022 10:00,18.711
9/20/2022 11:00,2.561
9/20/2022 12:00,0.298
9/20/2022 13:00,0
9/20/2022 14:00,0
9/20/2022 15:00,0
9/20/2022 16:00,0
9/20/2022 17:00,0
9/20/2022 18:00,0
9/20/2022 19:00,0
9/20/2022 20:00,0
9/20/2022 21:00,0.848
9/20/2022 22:00,32.803
9/20/2022 23:00,155.735
9/21/2022 0:00,322.939
9/21/2022 1:00,483.094
9/21/2022 2:00,610.112
9/21/2022 3:00,690.943
9/21/2022 4:00,716.49
9/21/2022 5:00,676.319
9/21/2022 6:00,575.319
9/21/2022 7:00,432.449
9/21/2022 8:00,266.691
9/21/2022 9:00,108.632
9/21/2022 10:00,17.841
9/21/2022 11:00,2.162
9/21/2022 12:00,0.209
9/21/2022 13:00,0
9/21/2022 14:00,0
9/21/2022 15:00,0
9/21/2022 16:00,0
9/21/2022 17:00,0
9/21/2022 18:00,0
9/21/2022 19:00,0
9/21/2022 20:00,0
9/21/2022 21:00,0.573
9/21/2022 22:00,27.706
9/21/2022 23:00,138.815
9/22/2022 0:00,297.676
9/22/2022 1:00,460.208
9/22/2022 2:00,595.97
9/22/2022 3:00,683.191
9/22/2022 4:00,706.009
9/22/2022 5:00,663.749
9/22/2022 6:00,560.601
9/22/2022 7:00,422.17
9/22/2022 8:00,263.235
9/22/2022 9:00,108.434
9/22/2022 10:00,17.506
9/22/2022 11:00,2.15
9/22/2022 12:00,0.247
9/22/2022 13:00,0
9/22/2022 14:00,0
9/22/2022 15:00,0
9/22/2022 16:00,0
9/22/2022 17:00,0
9/22/2022 18:00,0
9/22/2022 19:00,0
9/22/2022 20:00,0
9/22/2022 21:00,0.352
9/22/2022 22:00,27.076
9/22/2022 23:00,145.831
9/23/2022 0:00,307.441
9/23/2022 1:00,465.866
9/23/2022 2:00,593.497
9/23/2022 3:00,678.009
9/23/2022 4:00,705.117
9/23/2022 5:00,669.736
9/23/2022 6:00,571.866
9/23/2022 7:00,430.205
9/23/2022 8:00,265.085
9/23/2022 9:00,107.319
9/23/2022 10:00,17.065
9/23/2022 11:00,2.119
9/23/2022 12:00,0.257
9/23/2022 13:00,0
9/23/2022 14:00,0
9/23/2022 15:00,0
9/23/2022 16:00,0
9/23/2022 17:00,0
9/23/2022 18:00,0
9/23/2022 19:00,0
9/23/2022 20:00,0
9/23/2022 21:00,0.255
9/23/2022 22:00,27.565
9/23/2022 23:00,144.962
9/24/2022 0:00,306.385
9/24/2022 1:00,462.067
9/24/2022 2:00,585.988
9/24/2022 3:00,662.502
9/24/2022 4:00,682.037
9/24/2022 5:00,642.305
9/24/2022 6:00,548.184
9/24/2022 7:00,413.121
9/24/2022 8:00,255.955
9/24/2022 9:00,104.35
9/24/2022 10:00,16.817
9/24/2022 11:00,2.042
9/24/2022 12:00,0.194
9/24/2022 13:00,0
9/24/2022 14:00,0
9/24/2022 15:00,0
9/24/2022 16:00,0
9/24/2022 17:00,0
9/24/2022 18:00,0
9/24/2022 19:00,0
9/24/2022 20:00,0
9/24/2022 21:00,0.395
9/24/2022 22:00,26.391
9/24/2022 23:00,149.499
9/25/2022 0:00,323.912
9/25/2022 1:00,495.257
9/25/2022 2:00,632.381
9/25/2022 3:00,725.557
9/25/2022 4:00,751.052
9/25/2022 5:00,712.918
9/25/2022 6:00,612.235
9/25/2022 7:00,463.815
9/25/2022 8:00,288.774
9/25/2022 9:00,116.908
9/25/2022 10:00,18.183
9/25/2022 11:00,1.865
9/25/2022 12:00,0.176
9/25/2022 13:00,0
9/25/2022 14:00,0
9/25/2022 15:00,0
9/25/2022 16:00,0
9/25/2022 17:00,0
9/25/2022 18:00,0
9/25/2022 19:00,0
9/25/2022 20:00,0
9/25/2022 21:00,0.371
9/25/2022 22:00,26.549
9/25/2022 23:00,154.608
9/26/2022 0:00,336.477
9/26/2022 1:00,512.186
9/26/2022 2:00,649.457
9/26/2022 3:00,737.01
9/26/2022 4:00,752.764
9/26/2022 5:00,703.011
9/26/2022 6:00,597.283
9/26/2022 7:00,446.426
9/26/2022 8:00,269.363
9/26/2022 9:00,105.265
9/26/2022 10:00,16.673
9/26/2022 11:00,2.493
9/26/2022 12:00,0.255
9/26/2022 13:00,0
9/26/2022 14:00,0
9/26/2022 15:00,0
9/26/2022 16:00,0
9/26/2022 17:00,0
9/26/2022 18:00,0
9/26/2022 19:00,0
9/26/2022 20:00,0
9/26/2022 21:00,0.336
9/26/2022 22:00,23.39
9/26/2022 23:00,133.416
9/27/2022 0:00,290.982
9/27/2022 1:00,449.219
9/27/2022 2:00,579.426
9/27/2022 3:00,663.957
9/27/2022 4:00,691.177
9/27/2022 5:00,651
9/27/2022 6:00,550.048
9/27/2022 7:00,405.814
9/27/2022 8:00,245.201
9/27/2022 9:00,96.123
9/27/2022 10:00,15.873
9/27/2022 11:00,2.287
9/27/2022 12:00,0.246
9/27/2022 13:00,0
9/27/2022 14:00,0
9/27/2022 15:00,0
9/27/2022 16:00,0
9/27/2022 17:00,0
9/27/2022 18:00,0
9/27/2022 19:00,0
9/27/2022 20:00,0
9/27/2022 21:00,0.231
9/27/2022 22:00,19.738
9/27/2022 23:00,126.804
9/28/2022 0:00,293.194
9/28/2022 1:00,463.125
9/28/2022 2:00,604.826
9/28/2022 3:00,698.995
9/28/2022 4:00,732.848
9/28/2022 5:00,700.531
9/28/2022 6:00,606.657
9/28/2022 7:00,458.167
9/28/2022 8:00,282.336
9/28/2022 9:00,113.182
9/28/2022 10:00,18.005
9/28/2022 11:00,2.062
9/28/2022 12:00,0.217
9/28/2022 13:00,0
9/28/2022 14:00,0
9/28/2022 15:00,0
9/28/2022 16:00,0
9/28/2022 17:00,0
9/28/2022 18:00,0
9/28/2022 19:00,0
9/28/2022 20:00,0
9/28/2022 21:00,0.207
9/28/2022 22:00,20.34
9/28/2022 23:00,132.228
9/29/2022 0:00,301.04
9/29/2022 1:00,469.817
9/29/2022 2:00,603.971
9/29/2022 3:00,690.547
9/29/2022 4:00,709.33
9/29/2022 5:00,666.168
9/29/2022 6:00,566.483
9/29/2022 7:00,424.724
9/29/2022 8:00,258.642
9/29/2022 9:00,101.047
9/29/2022 10:00,15.529
9/29/2022 11:00,1.908
9/29/2022 12:00,0.184
9/29/2022 13:00,0
9/29/2022 14:00,0
9/29/2022 15:00,0
9/29/2022 16:00,0
9/29/2022 17:00,0
9/29/2022 18:00,0
9/29/2022 19:00,0
9/29/2022 20:00,0
9/29/2022 21:00,0.167
9/29/2022 22:00,18.098
9/29/2022 23:00,119.892
9/30/2022 0:00,277.857
9/30/2022 1:00,437.429
9/30/2022 2:00,567.478
9/30/2022 3:00,653.999
9/30/2022 4:00,680.117
9/30/2022 5:00,637.968
9/30/2022 6:00,533.559
9/30/2022 7:00,387.865
9/30/2022 8:00,229.355
9/30/2022 9:00,88.662
9/30/2022 10:00,14.395
9/30/2022 11:00,1.726
9/30/2022 12:00,0.142
9/30/2022 13:00,0
9/30/2022 14:00,0
9/30/2022 15:00,0
9/30/2022 16:00,0
9/30/2022 17:00,0
9/30/2022 18:00,0
9/30/2022 19:00,0
9/30/2022 20:00,0
9/30/2022 21:00,0.121
9/30/2022 22:00,15.671
9/30/2022 23:00,100.027
10/1/2022 0:00,235.62
10/1/2022 1:00,378.462
10/1/2022 2:00,500.992
10/1/2022 3:00,580.256
10/1/2022 4:00,602.938
10/1/2022 5:00,568.468
10/1/2022 6:00,483.322
10/1/2022 7:00,359.747
10/1/2022 8:00,216.164
10/1/2022 9:00,85.88
10/1/2022 10:00,14.43
10/1/2022 11:00,1.561
10/1/2022 12:00,0.088
10/1/2022 13:00,0
10/1/2022 14:00,0
10/1/2022 15:00,0
10/1/2022 16:00,0
10/1/2022 17:00,0
10/1/2022 18:00,0
10/1/2022 19:00,0
10/1/2022 20:00,0
10/1/2022 21:00,0.099
10/1/2022 22:00,15.943
10/1/2022 23:00,116.465
10/2/2022 0:00,277.577
10/2/2022 1:00,442.218
10/2/2022 2:00,574.572
10/2/2022 3:00,661.356
10/2/2022 4:00,687.229
10/2/2022 5:00,648.079
10/2/2022 6:00,548.005
10/2/2022 7:00,403.235
10/2/2022 8:00,240.282
10/2/2022 9:00,93.25
10/2/2022 10:00,13.89
10/2/2022 11:00,1.513
10/2/2022 12:00,0.075
10/2/2022 13:00,0
10/2/2022 14:00,0
10/2/2022 15:00,0
10/2/2022 16:00,0
10/2/2022 17:00,0
10/2/2022 18:00,0
10/2/2022 19:00,0
10/2/2022 20:00,0
10/2/2022 21:00,0.062
10/2/2022 22:00,14.025
10/2/2022 23:00,104.64
10/3/2022 0:00,249.852
10/3/2022 1:00,392.019
10/3/2022 2:00,504.992
10/3/2022 3:00,578.309
10/3/2022 4:00,607.504
10/3/2022 5:00,578.035
10/3/2022 6:00,489.489
10/3/2022 7:00,361.583
10/3/2022 8:00,221.622
10/3/2022 9:00,85.561
10/3/2022 10:00,12.329
10/3/2022 11:00,1.174
10/3/2022 12:00,0.048
10/3/2022 13:00,0
10/3/2022 14:00,0
10/3/2022 15:00,0
10/3/2022 16:00,0
10/3/2022 17:00,0
10/3/2022 18:00,0
10/3/2022 19:00,0
10/3/2022 20:00,0
10/3/2022 21:00,0.122
10/3/2022 22:00,17.378
10/3/2022 23:00,115.098
10/4/2022 0:00,255.493
10/4/2022 1:00,389.876
10/4/2022 2:00,499.22
10/4/2022 3:00,573.184
10/4/2022 4:00,598.72
10/4/2022 5:00,570.429
10/4/2022 6:00,489.089
10/4/2022 7:00,364.698
10/4/2022 8:00,217.776
10/4/2022 9:00,80.29
10/4/2022 10:00,11.311
10/4/2022 11:00,1.164
10/4/2022 12:00,0.084
10/4/2022 13:00,0
10/4/2022 14:00,0
10/4/2022 15:00,0
10/4/2022 16:00,0
10/4/2022 17:00,0
10/4/2022 18:00,0
10/4/2022 19:00,0
10/4/2022 20:00,0
10/4/2022 21:00,0.105
10/4/2022 22:00,15.418
10/4/2022 23:00,110.82
10/5/2022 0:00,258.422
10/5/2022 1:00,399.836
10/5/2022 2:00,504.641
10/5/2022 3:00,558.556
10/5/2022 4:00,554.592
10/5/2022 5:00,507.368
10/5/2022 6:00,423.343
10/5/2022 7:00,312.127
10/5/2022 8:00,187.83
10/5/2022 9:00,72.857
10/5/2022 10:00,11.337
10/5/2022 11:00,1.199
10/5/2022 12:00,0.059
10/5/2022 13:00,0
10/5/2022 14:00,0
10/5/2022 15:00,0
10/5/2022 16:00,0
10/5/2022 17:00,0
10/5/2022 18:00,0
10/5/2022 19:00,0
10/5/2022 20:00,0
10/5/2022 21:00,0.082
10/5/2022 22:00,12.617
10/5/2022 23:00,91.501
10/6/2022 0:00,217.853
10/6/2022 1:00,346.239
10/6/2022 2:00,451.149
10/6/2022 3:00,518.982
10/6/2022 4:00,535.806
10/6/2022 5:00,502.72
10/6/2022 6:00,428.842
10/6/2022 7:00,319.796
10/6/2022 8:00,192.003
10/6/2022 9:00,73.224
10/6/2022 10:00,11.004
10/6/2022 11:00,1.173
10/6/2022 12:00,0.049
10/6/2022 13:00,0
10/6/2022 14:00,0
10/6/2022 15:00,0
10/6/2022 16:00,0
10/6/2022 17:00,0
10/6/2022 18:00,0
10/6/2022 19:00,0
10/6/2022 20:00,0
10/6/2022 21:00,0.061
10/6/2022 22:00,13.284
10/6/2022 23:00,98.811
10/7/2022 0:00,236.144
10/7/2022 1:00,378.551
10/7/2022 2:00,496.106
10/7/2022 3:00,561.969
10/7/2022 4:00,580.902
10/7/2022 5:00,546.734
10/7/2022 6:00,462.923
10/7/2022 7:00,342.93
10/7/2022 8:00,202.401
10/7/2022 9:00,74.686
10/7/2022 10:00,11.252
10/7/2022 11:00,1.32
10/7/2022 12:00,0.061
10/7/2022 13:00,0
10/7/2022 14:00,0
10/7/2022 15:00,0
10/7/2022 16:00,0
10/7/2022 17:00,0
10/7/2022 18:00,0
10/7/2022 19:00,0
10/7/2022 20:00,0
10/7/2022 21:00,0.05
10/7/2022 22:00,12.351
10/7/2022 23:00,92.814
10/8/2022 0:00,224.971
10/8/2022 1:00,362.326
10/8/2022 2:00,479.141
10/8/2022 3:00,549.267
10/8/2022 4:00,562.4
10/8/2022 5:00,517.596
10/8/2022 6:00,427.481
10/8/2022 7:00,307.359
10/8/2022 8:00,180.213
10/8/2022 9:00,69.729
10/8/2022 10:00,11.007
10/8/2022 11:00,1.306
10/8/2022 12:00,0.068
10/8/2022 13:00,0
10/8/2022 14:00,0
10/8/2022 15:00,0
10/8/2022 16:00,0
10/8/2022 17:00,0
10/8/2022 18:00,0
10/8/2022 19:00,0
10/8/2022 20:00,0
10/8/2022 21:00,0.011
10/8/2022 22:00,7.686
10/8/2022 23:00,90.419
10/9/2022 0:00,239.13
10/9/2022 1:00,390.662
10/9/2022 2:00,514.041
10/9/2022 3:00,599.438
10/9/2022 4:00,631.406
10/9/2022 5:00,606.561
10/9/2022 6:00,523.804
10/9/2022 7:00,394.799
10/9/2022 8:00,237.66
10/9/2022 9:00,85.582
10/9/2022 10:00,10.144
10/9/2022 11:00,1.321
10/9/2022 12:00,0.064
10/9/2022 13:00,0
10/9/2022 14:00,0
10/9/2022 15:00,0
10/9/2022 16:00,0
10/9/2022 17:00,0
10/9/2022 18:00,0
10/9/2022 19:00,0
10/9/2022 20:00,0
10/9/2022 21:00,0.01
10/9/2022 22:00,12.578
10/9/2022 23:00,127.266
10/10/2022 0:00,309.401
10/10/2022 1:00,487.437
10/10/2022 2:00,631.453
10/10/2022 3:00,722.177
10/10/2022 4:00,748.661
10/10/2022 5:00,709.432
10/10/2022 6:00,607.288
10/10/2022 7:00,456.462
10/10/2022 8:00,273.088
10/10/2022 9:00,92.987
10/10/2022 10:00,9.867
10/10/2022 11:00,1.177
10/10/2022 12:00,0.058
10/10/2022 13:00,0
10/10/2022 14:00,0
10/10/2022 15:00,0
10/10/2022 16:00,0
10/10/2022 17:00,0
10/10/2022 18:00,0
10/10/2022 19:00,0
10/10/2022 20:00,0
10/10/2022 21:00,0.017
10/10/2022 22:00,13.213
10/10/2022 23:00,128.698
10/11/2022 0:00,317.122
10/11/2022 1:00,503.858
10/11/2022 2:00,652.741
10/11/2022 3:00,742.876
10/11/2022 4:00,771.755
10/11/2022 5:00,731.848
10/11/2022 6:00,625.42
10/11/2022 7:00,465.208
10/11/2022 8:00,272.232
10/11/2022 9:00,91.111
10/11/2022 10:00,10.19
10/11/2022 11:00,1.327
10/11/2022 12:00,0.056
10/11/2022 13:00,0
10/11/2022 14:00,0
10/11/2022 15:00,0
10/11/2022 16:00,0
10/11/2022 17:00,0
10/11/2022 18:00,0
10/11/2022 19:00,0
10/11/2022 20:00,0
10/11/2022 21:00,0.019
10/11/2022 22:00,11.967
10/11/2022 23:00,120.508
10/12/2022 0:00,295.486
10/12/2022 1:00,461.286
10/12/2022 2:00,591.364
10/12/2022 3:00,672.753
10/12/2022 4:00,697.481
10/12/2022 5:00,656.21
10/12/2022 6:00,553.81
10/12/2022 7:00,407.384
10/12/2022 8:00,237.667
10/12/2022 9:00,80.885
10/12/2022 10:00,9.289
10/12/2022 11:00,1.102
10/12/2022 12:00,0.037
10/12/2022 13:00,0
10/12/2022 14:00,0
10/12/2022 15:00,0
10/12/2022 16:00,0
10/12/2022 17:00,0
10/12/2022 18:00,0
10/12/2022 19:00,0
10/12/2022 20:00,0
10/12/2022 21:00,0.006
10/12/2022 22:00,8.883
10/12/2022 23:00,101.742
10/13/2022 0:00,260.97
10/13/2022 1:00,423.196
10/13/2022 2:00,558.787
10/13/2022 3:00,641.968
10/13/2022 4:00,665.178
10/13/2022 5:00,623.832
10/13/2022 6:00,526.214
10/13/2022 7:00,390.336
10/13/2022 8:00,229.654
10/13/2022 9:00,80.182
10/13/2022 10:00,10.013
10/13/2022 11:00,1.154
10/13/2022 12:00,0.039
10/13/2022 13:00,0
10/13/2022 14:00,0
10/13/2022 15:00,0
10/13/2022 16:00,0
10/13/2022 17:00,0
10/13/2022 18:00,0
10/13/2022 19:00,0
10/13/2022 20:00,0
10/13/2022 21:00,0.004
10/13/2022 22:00,8.468
10/13/2022 23:00,98.291
10/14/2022 0:00,259.777
10/14/2022 1:00,428.333
10/14/2022 2:00,566.24
10/14/2022 3:00,653.552
10/14/2022 4:00,681.005
10/14/2022 5:00,643.468
10/14/2022 6:00,547.304
10/14/2022 7:00,406.564
10/14/2022 8:00,236.638
10/14/2022 9:00,79.719
10/14/2022 10:00,9.795
10/14/2022 11:00,1.14
10/14/2022 12:00,0.037
10/14/2022 13:00,0
10/14/2022 14:00,0
10/14/2022 15:00,0
10/14/2022 16:00,0
10/14/2022 17:00,0
10/14/2022 18:00,0
10/14/2022 19:00,0
10/14/2022 20:00,0
10/14/2022 21:00,0.005
10/14/2022 22:00,8.259
10/14/2022 23:00,100.616
10/15/2022 0:00,268.125
10/15/2022 1:00,439.676
10/15/2022 2:00,578.912
10/15/2022 3:00,666.729
10/15/2022 4:00,692.314
10/15/2022 5:00,651.951
10/15/2022 6:00,547.818
10/15/2022 7:00,397.383
10/15/2022 8:00,225.506
10/15/2022 9:00,73.877
10/15/2022 10:00,8.817
10/15/2022 11:00,1.091
10/15/2022 12:00,0.033
10/15/2022 13:00,0
10/15/2022 14:00,0
10/15/2022 15:00,0
10/15/2022 16:00,0
10/15/2022 17:00,0
10/15/2022 18:00,0
10/15/2022 19:00,0
10/15/2022 20:00,0
10/15/2022 21:00,0.003
10/15/2022 22:00,7.702
10/15/2022 23:00,95.671
10/16/2022 0:00,260.424
10/16/2022 1:00,431.721
10/16/2022 2:00,571.645
10/16/2022 3:00,658.68
10/16/2022 4:00,687.705
10/16/2022 5:00,646.551
10/16/2022 6:00,541.165
10/16/2022 7:00,398.216
10/16/2022 8:00,229.698
10/16/2022 9:00,76.961
10/16/2022 10:00,9.352
10/16/2022 11:00,1.094
10/16/2022 12:00,0.031
10/16/2022 13:00,0
10/16/2022 14:00,0
10/16/2022 15:00,0
10/16/2022 16:00,0
10/16/2022 17:00,0
10/16/2022 18:00,0
10/16/2022 19:00,0
10/16/2022 20:00,0
10/16/2022 21:00,0.003
10/16/2022 22:00,7.377
10/16/2022 23:00,96.068
10/17/2022 0:00,263.684
10/17/2022 1:00,438.206
10/17/2022 2:00,581.24
10/17/2022 3:00,672.072
10/17/2022 4:00,701.829
10/17/2022 5:00,664.91
10/17/2022 6:00,568.7
10/17/2022 7:00,419.683
10/17/2022 8:00,242.025
10/17/2022 9:00,77.649
10/17/2022 10:00,8.925
10/17/2022 11:00,0.936
10/17/2022 12:00,0.027
10/17/2022 13:00,0
10/17/2022 14:00,0
10/17/2022 15:00,0
10/17/2022 16:00,0
10/17/2022 17:00,0
10/17/2022 18:00,0
10/17/2022 19:00,0
10/17/2022 20:00,0
10/17/2022 21:00,0.002
10/17/2022 22:00,8.452
10/17/2022 23:00,103.473
10/18/2022 0:00,273.903
10/18/2022 1:00,446.462
10/18/2022 2:00,586.797
10/18/2022 3:00,678.329
10/18/2022 4:00,709.313
10/18/2022 5:00,672.749
10/18/2022 6:00,569.319
10/18/2022 7:00,420.905
10/18/2022 8:00,241.622
10/18/2022 9:00,77.108
10/18/2022 10:00,8.681
10/18/2022 11:00,0.812
10/18/2022 12:00,0.021
10/18/2022 13:00,0
10/18/2022 14:00,0
10/18/2022 15:00,0
10/18/2022 16:00,0
10/18/2022 17:00,0
10/18/2022 18:00,0
10/18/2022 19:00,0
10/18/2022 20:00,0
10/18/2022 21:00,0.002
10/18/2022 22:00,8.178
10/18/2022 23:00,104.465
10/19/2022 0:00,282.156
10/19/2022 1:00,460.738
10/19/2022 2:00,604.373
10/19/2022 3:00,692.774
10/19/2022 4:00,719.542
10/19/2022 5:00,679.58
10/19/2022 6:00,575.665
10/19/2022 7:00,420.998
10/19/2022 8:00,237.59
10/19/2022 9:00,73.337
10/19/2022 10:00,7.921
10/19/2022 11:00,0.68
10/19/2022 12:00,0.012
10/19/2022 13:00,0
10/19/2022 14:00,0
10/19/2022 15:00,0
10/19/2022 16:00,0
10/19/2022 17:00,0
10/19/2022 18:00,0
10/19/2022 19:00,0
10/19/2022 20:00,0
10/19/2022 21:00,0.001
10/19/2022 22:00,6.369
10/19/2022 23:00,89.231
10/20/2022 0:00,253.774
10/20/2022 1:00,423.228
10/20/2022 2:00,558.364
10/20/2022 3:00,639.552
10/20/2022 4:00,658.794
10/20/2022 5:00,615.192
10/20/2022 6:00,511.224
10/20/2022 7:00,367.895
10/20/2022 8:00,207.552
10/20/2022 9:00,66.686
10/20/2022 10:00,7.798
10/20/2022 11:00,0.706
10/20/2022 12:00,0.012
10/20/2022 13:00,0
10/20/2022 14:00,0
10/20/2022 15:00,0
10/20/2022 16:00,0
10/20/2022 17:00,0
10/20/2022 18:00,0
10/20/2022 19:00,0
10/20/2022 20:00,0
10/20/2022 21:00,0
10/20/2022 22:00,4.933
10/20/2022 23:00,77.271
10/21/2022 0:00,233.265
10/21/2022 1:00,402.729
10/21/2022 2:00,541.371
10/21/2022 3:00,632.985
10/21/2022 4:00,664.446
10/21/2022 5:00,627.205
10/21/2022 6:00,529.937
10/21/2022 7:00,390.637
10/21/2022 8:00,221.328
10/21/2022 9:00,69.167
10/21/2022 10:00,7.634
10/21/2022 11:00,0.73
10/21/2022 12:00,0.013
10/21/2022 13:00,0
10/21/2022 14:00,0
10/21/2022 15:00,0
10/21/2022 16:00,0
10/21/2022 17:00,0
10/21/2022 18:00,0
10/21/2022 19:00,0
10/21/2022 20:00,0
10/21/2022 21:00,0
10/21/2022 22:00,5.231
10/21/2022 23:00,89.008
10/22/2022 0:00,259.404
10/22/2022 1:00,435.038
10/22/2022 2:00,577.774
10/22/2022 3:00,665.79
10/22/2022 4:00,692.264
10/22/2022 5:00,650.646
10/22/2022 6:00,543.734
10/22/2022 7:00,392.784
10/22/2022 8:00,218.392
10/22/2022 9:00,66.586
10/22/2022 10:00,7.391
10/22/2022 11:00,0.76
10/22/2022 12:00,0.012
10/22/2022 13:00,0
10/22/2022 14:00,0
10/22/2022 15:00,0
10/22/2022 16:00,0
10/22/2022 17:00,0
10/22/2022 18:00,0
10/22/2022 19:00,0
10/22/2022 20:00,0
10/22/2022 21:00,0
10/22/2022 22:00,4.789
10/22/2022 23:00,84.631
10/23/2022 0:00,247.474
10/23/2022 1:00,415.188
10/23/2022 2:00,551.505
10/23/2022 3:00,636.926
10/23/2022 4:00,663.606
10/23/2022 5:00,628.209
10/23/2022 6:00,530.726
10/23/2022 7:00,384.294
10/23/2022 8:00,209.529
10/23/2022 9:00,59.4
10/23/2022 10:00,6.187
10/23/2022 11:00,0.617
10/23/2022 12:00,0.008
10/23/2022 13:00,0
10/23/2022 14:00,0
10/23/2022 15:00,0
10/23/2022 16:00,0
10/23/2022 17:00,0
10/23/2022 18:00,0
10/23/2022 19:00,0
10/23/2022 20:00,0
10/23/2022 21:00,0
10/23/2022 22:00,5.479
10/23/2022 23:00,87.257
10/24/2022 0:00,241.486
10/24/2022 1:00,396.697
10/24/2022 2:00,522.172
10/24/2022 3:00,598.298
10/24/2022 4:00,619.385
10/24/2022 5:00,576.91
10/24/2022 6:00,477.991
10/24/2022 7:00,338.175
10/24/2022 8:00,179.477
10/24/2022 9:00,49.982
10/24/2022 10:00,5.568
10/24/2022 11:00,0.542
10/24/2022 12:00,0.006
10/24/2022 13:00,0
10/24/2022 14:00,0
10/24/2022 15:00,0
10/24/2022 16:00,0
10/24/2022 17:00,0
10/24/2022 18:00,0
10/24/2022 19:00,0
10/24/2022 20:00,0
10/24/2022 21:00,0
10/24/2022 22:00,4.654
10/24/2022 23:00,77.143
10/25/2022 0:00,218.857
10/25/2022 1:00,367.929
10/25/2022 2:00,489.958
10/25/2022 3:00,565.483
10/25/2022 4:00,583.522
10/25/2022 5:00,543.104
10/25/2022 6:00,447.561
10/25/2022 7:00,313.618
10/25/2022 8:00,164.754
10/25/2022 9:00,47.037
10/25/2022 10:00,5.174
10/25/2022 11:00,0.543
10/25/2022 12:00,0.007
10/25/2022 13:00,0
10/25/2022 14:00,0
10/25/2022 15:00,0
10/25/2022 16:00,0
10/25/2022 17:00,0
10/25/2022 18:00,0
10/25/2022 19:00,0
10/25/2022 20:00,0
10/25/2022 21:00,0
10/25/2022 22:00,2.455
10/25/2022 23:00,49.242
10/26/2022 0:00,157.216
10/26/2022 1:00,280.483
10/26/2022 2:00,384.347
10/26/2022 3:00,451.045
10/26/2022 4:00,473.481
10/26/2022 5:00,451
10/26/2022 6:00,387.303
10/26/2022 7:00,283.271
10/26/2022 8:00,159.795
10/26/2022 9:00,50.229
10/26/2022 10:00,5.233
10/26/2022 11:00,0.396
10/26/2022 12:00,0.004
10/26/2022 13:00,0
10/26/2022 14:00,0
10/26/2022 15:00,0
10/26/2022 16:00,0
10/26/2022 17:00,0
10/26/2022 18:00,0
10/26/2022 19:00,0
10/26/2022 20:00,0
10/26/2022 21:00,0
10/26/2022 22:00,2.608
10/26/2022 23:00,59.317
10/27/2022 0:00,183.971
10/27/2022 1:00,317.4
10/27/2022 2:00,431.386
10/27/2022 3:00,502.963
10/27/2022 4:00,518.063
10/27/2022 5:00,479.339
10/27/2022 6:00,397.837
10/27/2022 7:00,281.439
10/27/2022 8:00,150.554
10/27/2022 9:00,45.279
10/27/2022 10:00,5.361
10/27/2022 11:00,0.58
10/27/2022 12:00,0.005
10/27/2022 13:00,0
10/27/2022 14:00,0
10/27/2022 15:00,0
10/27/2022 16:00,0
10/27/2022 17:00,0
10/27/2022 18:00,0
10/27/2022 19:00,0
10/27/2022 20:00,0
10/27/2022 21:00,0
10/27/2022 22:00,2.956
10/27/2022 23:00,62.878
10/28/2022 0:00,194.236
10/28/2022 1:00,338.118
10/28/2022 2:00,458.977
10/28/2022 3:00,536.484
10/28/2022 4:00,557.776
10/28/2022 5:00,517.895
10/28/2022 6:00,428.37
10/28/2022 7:00,300.182
10/28/2022 8:00,159.39
10/28/2022 9:00,46.07
10/28/2022 10:00,5.38
10/28/2022 11:00,0.543
10/28/2022 12:00,0.003
10/28/2022 13:00,0
10/28/2022 14:00,0
10/28/2022 15:00,0
10/28/2022 16:00,0
10/28/2022 17:00,0
10/28/2022 18:00,0
10/28/2022 19:00,0
10/28/2022 20:00,0
10/28/2022 21:00,0
10/28/2022 22:00,3.055
10/28/2022 23:00,65.504
10/29/2022 0:00,200.632
10/29/2022 1:00,345.001
10/29/2022 2:00,464.245
10/29/2022 3:00,542.392
10/29/2022 4:00,566.529
10/29/2022 5:00,532.201
10/29/2022 6:00,442.385
10/29/2022 7:00,313.595
10/29/2022 8:00,167.903
10/29/2022 9:00,47.83
10/29/2022 10:00,5.408
10/29/2022 11:00,0.476
10/29/2022 12:00,0.002
10/29/2022 13:00,0
10/29/2022 14:00,0
10/29/2022 15:00,0
10/29/2022 16:00,0
10/29/2022 17:00,0
10/29/2022 18:00,0
10/29/2022 19:00,0
10/29/2022 20:00,0
10/29/2022 21:00,0
10/29/2022 22:00,2.75
10/29/2022 23:00,62.274
10/30/2022 0:00,195.011
10/30/2022 1:00,340.398
10/30/2022 2:00,467.499
10/30/2022 3:00,549.19
10/30/2022 4:00,573.01
10/30/2022 5:00,541.374
10/30/2022 6:00,453.874
10/30/2022 7:00,324.995
10/30/2022 8:00,177.031
10/30/2022 9:00,52.762
10/30/2022 10:00,5.395
10/30/2022 11:00,0.482
10/30/2022 12:00,0.002
10/30/2022 13:00,0
10/30/2022 14:00,0
10/30/2022 15:00,0
10/30/2022 16:00,0
10/30/2022 17:00,0
10/30/2022 18:00,0
10/30/2022 19:00,0
10/30/2022 20:00,0
10/30/2022 21:00,0
10/30/2022 22:00,1.739
10/30/2022 23:00,54.945
10/31/2022 0:00,194.676
10/31/2022 1:00,357.312
10/31/2022 2:00,491.53
10/31/2022 3:00,577.522
10/31/2022 4:00,607.94
10/31/2022 5:00,576.231
10/31/2022 6:00,488.196
10/31/2022 7:00,352.942
10/31/2022 8:00,191.32
10/31/2022 9:00,54.113
10/31/2022 10:00,4.605
10/31/2022 11:00,0.318
10/31/2022 12:00,0.001
10/31/2022 13:00,0
10/31/2022 14:00,0
10/31/2022 15:00,0
10/31/2022 16:00,0
10/31/2022 17:00,0
10/31/2022 18:00,0
10/31/2022 19:00,0
10/31/2022 20:00,0
10/31/2022 21:00,0
10/31/2022 22:00,2.215
10/31/2022 23:00,64.962
11/1/2022 0:00,219.68
11/1/2022 1:00,390.111
11/1/2022 2:00,531.027
11/1/2022 3:00,617.833
11/1/2022 4:00,640.474
11/1/2022 5:00,599.31
11/1/2022 6:00,497.634
11/1/2022 7:00,353.957
11/1/2022 8:00,188.294
11/1/2022 9:00,54.902
11/1/2022 10:00,5.813
11/1/2022 11:00,0.5
11/1/2022 12:00,0.001
11/1/2022 13:00,0
11/1/2022 14:00,0
11/1/2022 15:00,0
11/1/2022 16:00,0
11/1/2022 17:00,0
11/1/2022 18:00,0
11/1/2022 19:00,0
11/1/2022 20:00,0
11/1/2022 21:00,0
11/1/2022 22:00,1.812
11/1/2022 23:00,55.246
11/2/2022 0:00,191.369
11/2/2022 1:00,346.166
11/2/2022 2:00,477.852
11/2/2022 3:00,563.215
11/2/2022 4:00,589.954
11/2/2022 5:00,555.143
11/2/2022 6:00,459.657
11/2/2022 7:00,322.877
11/2/2022 8:00,172.662
11/2/2022 9:00,51.316
11/2/2022 10:00,5.526
11/2/2022 11:00,0.35
11/2/2022 12:00,0
11/2/2022 13:00,0
11/2/2022 14:00,0
11/2/2022 15:00,0
11/2/2022 16:00,0
11/2/2022 17:00,0
11/2/2022 18:00,0
11/2/2022 19:00,0
11/2/2022 20:00,0
11/2/2022 21:00,0
11/2/2022 22:00,1.847
11/2/2022 23:00,52.068
11/3/2022 0:00,175.442
11/3/2022 1:00,311.96
11/3/2022 2:00,426.202
11/3/2022 3:00,496.243
11/3/2022 4:00,516.951
11/3/2022 5:00,484.739
11/3/2022 6:00,402.815
11/3/2022 7:00,284.152
11/3/2022 8:00,150.593
11/3/2022 9:00,43.251
11/3/2022 10:00,4.761
11/3/2022 11:00,0.392
11/3/2022 12:00,0.001
11/3/2022 13:00,0
11/3/2022 14:00,0
11/3/2022 15:00,0
11/3/2022 16:00,0
11/3/2022 17:00,0
11/3/2022 18:00,0
11/3/2022 19:00,0
11/3/2022 20:00,0
11/3/2022 21:00,0
11/3/2022 22:00,1.625
11/3/2022 23:00,53.468
11/4/2022 0:00,181.63
11/4/2022 1:00,324.388
11/4/2022 2:00,444.024
11/4/2022 3:00,519.139
11/4/2022 4:00,541.93
11/4/2022 5:00,508.318
11/4/2022 6:00,420.58
11/4/2022 7:00,292.872
11/4/2022 8:00,147.499
11/4/2022 9:00,36.466
11/4/2022 10:00,3.892
11/4/2022 11:00,0.342
11/4/2022 12:00,0
11/4/2022 13:00,0
11/4/2022 14:00,0
11/4/2022 15:00,0
11/4/2022 16:00,0
11/4/2022 17:00,0
11/4/2022 18:00,0
11/4/2022 19:00,0
11/4/2022 20:00,0
11/4/2022 21:00,0
11/4/2022 22:00,1.567
11/4/2022 23:00,53.848
11/5/2022 0:00,185.412
11/5/2022 1:00,330.997
11/5/2022 2:00,458.505
11/5/2022 3:00,541.443
11/5/2022 4:00,568.026
11/5/2022 5:00,536.872
11/5/2022 6:00,447.265
11/5/2022 7:00,311.567
11/5/2022 8:00,156.264
11/5/2022 9:00,39.384
11/5/2022 10:00,3.81
11/5/2022 11:00,0.281
11/5/2022 12:00,0
11/5/2022 13:00,0
11/5/2022 14:00,0
11/5/2022 15:00,0
11/5/2022 16:00,0
11/5/2022 17:00,0
11/5/2022 18:00,0
11/5/2022 19:00,0
11/5/2022 20:00,0
11/5/2022 21:00,0
11/5/2022 22:00,1.278
11/5/2022 23:00,45.213
11/6/2022 0:00,164.601
11/6/2022 1:00,304.284
11/6/2022 2:00,429.354
11/6/2022 3:00,518.57
11/6/2022 4:00,553.699
11/6/2022 5:00,524.853
11/6/2022 6:00,438.477
11/6/2022 7:00,309.931
11/6/2022 8:00,160.533
11/6/2022 9:00,42.293
11/6/2022 10:00,3.722
11/6/2022 11:00,0.227
11/6/2022 12:00,0
11/6/2022 13:00,0
11/6/2022 14:00,0
11/6/2022 15:00,0
11/6/2022 16:00,0
11/6/2022 17:00,0
11/6/2022 18:00,0
11/6/2022 19:00,0
11/6/2022 20:00,0
11/6/2022 21:00,0
11/6/2022 22:00,1.253
11/6/2022 23:00,50.206
11/7/2022 0:00,187.937
11/7/2022 1:00,344.763
11/7/2022 2:00,478.928
11/7/2022 3:00,565.971
11/7/2022 4:00,594.915
11/7/2022 5:00,559.417
11/7/2022 6:00,463.258
11/7/2022 7:00,322.687
11/7/2022 8:00,162.589
11/7/2022 9:00,40.735
11/7/2022 10:00,3.943
11/7/2022 11:00,0.276
11/7/2022 12:00,0
11/7/2022 13:00,0
11/7/2022 14:00,0
11/7/2022 15:00,0
11/7/2022 16:00,0
11/7/2022 17:00,0
11/7/2022 18:00,0
11/7/2022 19:00,0
11/7/2022 20:00,0
11/7/2022 21:00,0
11/7/2022 22:00,1.293
11/7/2022 23:00,51.641
11/8/2022 0:00,186.11
11/8/2022 1:00,338.21
11/8/2022 2:00,468.757
11/8/2022 3:00,545.777
11/8/2022 4:00,568.839
11/8/2022 5:00,529.338
11/8/2022 6:00,431.902
11/8/2022 7:00,297.436
11/8/2022 8:00,147.68
11/8/2022 9:00,39.608
11/8/2022 10:00,4.023
11/8/2022 11:00,0.287
11/8/2022 12:00,0
11/8/2022 13:00,0
11/8/2022 14:00,0
11/8/2022 15:00,0
11/8/2022 16:00,0
11/8/2022 17:00,0
11/8/2022 18:00,0
11/8/2022 19:00,0
11/8/2022 20:00,0
11/8/2022 21:00,0
11/8/2022 22:00,0.992
11/8/2022 23:00,41.651
11/9/2022 0:00,157.057
11/9/2022 1:00,296.398
11/9/2022 2:00,416.107
11/9/2022 3:00,492.708
11/9/2022 4:00,515.547
11/9/2022 5:00,482.455
11/9/2022 6:00,398.97
11/9/2022 7:00,280.393
11/9/2022 8:00,146
11/9/2022 9:00,39.733
11/9/2022 10:00,3.509
11/9/2022 11:00,0.281
11/9/2022 12:00,0
11/9/2022 13:00,0
11/9/2022 14:00,0
11/9/2022 15:00,0
11/9/2022 16:00,0
11/9/2022 17:00,0
11/9/2022 18:00,0
11/9/2022 19:00,0
11/9/2022 20:00,0
11/9/2022 21:00,0
11/9/2022 22:00,0.971
11/9/2022 23:00,45.706
11/10/2022 0:00,169.068
11/10/2022 1:00,314.479
11/10/2022 2:00,446.008
11/10/2022 3:00,535.412
11/10/2022 4:00,558.621
11/10/2022 5:00,518.691
11/10/2022 6:00,422.751
11/10/2022 7:00,291.98
11/10/2022 8:00,149.641
11/10/2022 9:00,40.887
11/10/2022 10:00,4.223
11/10/2022 11:00,0.321
11/10/2022 12:00,0
11/10/2022 13:00,0
11/10/2022 14:00,0
11/10/2022 15:00,0
11/10/2022 16:00,0
11/10/2022 17:00,0
11/10/2022 18:00,0
11/10/2022 19:00,0
11/10/2022 20:00,0
11/10/2022 21:00,0
11/10/2022 22:00,0.742
11/10/2022 23:00,39.146
11/11/2022 0:00,150.824
11/11/2022 1:00,282.852
11/11/2022 2:00,400.542
11/11/2022 3:00,474.639
11/11/2022 4:00,499.276
11/11/2022 5:00,468.233
11/11/2022 6:00,385.929
11/11/2022 7:00,269.602
11/11/2022 8:00,142.618
11/11/2022 9:00,39.957
11/11/2022 10:00,3.921
11/11/2022 11:00,0.234
11/11/2022 12:00,0
11/11/2022 13:00,0
11/11/2022 14:00,0
11/11/2022 15:00,0
11/11/2022 16:00,0
11/11/2022 17:00,0
11/11/2022 18:00,0
11/11/2022 19:00,0
11/11/2022 20:00,0
11/11/2022 21:00,0
11/11/2022 22:00,0.761
11/11/2022 23:00,38.387
11/12/2022 0:00,147.733
11/12/2022 1:00,278.035
11/12/2022 2:00,397.673
11/12/2022 3:00,478.032
11/12/2022 4:00,505.008
11/12/2022 5:00,475.111
11/12/2022 6:00,399.439
11/12/2022 7:00,285.337
11/12/2022 8:00,151.906
11/12/2022 9:00,40.659
11/12/2022 10:00,3.843
11/12/2022 11:00,0.255
11/12/2022 12:00,0
11/12/2022 13:00,0
11/12/2022 14:00,0
11/12/2022 15:00,0
11/12/2022 16:00,0
11/12/2022 17:00,0
11/12/2022 18:00,0
11/12/2022 19:00,0
11/12/2022 20:00,0
11/12/2022 21:00,0
11/12/2022 22:00,0.615
11/12/2022 23:00,41.422
11/13/2022 0:00,161.416
11/13/2022 1:00,293.329
11/13/2022 2:00,403.139
11/13/2022 3:00,477.157
11/13/2022 4:00,502.565
11/13/2022 5:00,468.814
11/13/2022 6:00,389.773
11/13/2022 7:00,272.051
11/13/2022 8:00,138.833
11/13/2022 9:00,36.333
11/13/2022 10:00,3.618
11/13/2022 11:00,0.206
11/13/2022 12:00,0
11/13/2022 13:00,0
11/13/2022 14:00,0
11/13/2022 15:00,0
11/13/2022 16:00,0
11/13/2022 17:00,0
11/13/2022 18:00,0
11/13/2022 19:00,0
11/13/2022 20:00,0
11/13/2022 21:00,0
11/13/2022 22:00,0.535
11/13/2022 23:00,37.347
11/14/2022 0:00,150.169
11/14/2022 1:00,282.74
11/14/2022 2:00,401.107
11/14/2022 3:00,482.833
11/14/2022 4:00,514.694
11/14/2022 5:00,487.523
11/14/2022 6:00,403.523
11/14/2022 7:00,280.411
11/14/2022 8:00,141.165
11/14/2022 9:00,35.97
11/14/2022 10:00,3.326
11/14/2022 11:00,0.213
11/14/2022 12:00,0
11/14/2022 13:00,0
11/14/2022 14:00,0
11/14/2022 15:00,0
11/14/2022 16:00,0
11/14/2022 17:00,0
11/14/2022 18:00,0
11/14/2022 19:00,0
11/14/2022 20:00,0
11/14/2022 21:00,0
11/14/2022 22:00,0.442
11/14/2022 23:00,37.209
11/15/2022 0:00,160.841
11/15/2022 1:00,312.55
11/15/2022 2:00,440.695
11/15/2022 3:00,519.665
11/15/2022 4:00,550.85
11/15/2022 5:00,519.995
11/15/2022 6:00,428.338
11/15/2022 7:00,294.135
11/15/2022 8:00,142.288
11/15/2022 9:00,33.743
11/15/2022 10:00,3.28
11/15/2022 11:00,0.235
11/15/2022 12:00,0
11/15/2022 13:00,0
11/15/2022 14:00,0
11/15/2022 15:00,0
11/15/2022 16:00,0
11/15/2022 17:00,0
11/15/2022 18:00,0
11/15/2022 19:00,0
11/15/2022 20:00,0
11/15/2022 21:00,0
11/15/2022 22:00,0.444
11/15/2022 23:00,36.85
11/16/2022 0:00,152.075
11/16/2022 1:00,286.009
11/16/2022 2:00,397.561
11/16/2022 3:00,466.356
11/16/2022 4:00,484.531
11/16/2022 5:00,450.978
11/16/2022 6:00,374.965
11/16/2022 7:00,259.206
11/16/2022 8:00,130.249
11/16/2022 9:00,34.972
11/16/2022 10:00,3.2
11/16/2022 11:00,0.177
11/16/2022 12:00,0
11/16/2022 13:00,0
11/16/2022 14:00,0
11/16/2022 15:00,0
11/16/2022 16:00,0
11/16/2022 17:00,0
11/16/2022 18:00,0
11/16/2022 19:00,0
11/16/2022 20:00,0
11/16/2022 21:00,0
11/16/2022 22:00,0.301
11/16/2022 23:00,31.533
11/17/2022 0:00,147.82
11/17/2022 1:00,290.844
11/17/2022 2:00,414.253
11/17/2022 3:00,495.629
11/17/2022 4:00,520.325
11/17/2022 5:00,490.24
11/17/2022 6:00,402.828
11/17/2022 7:00,277.912
11/17/2022 8:00,138.888
11/17/2022 9:00,34.763
11/17/2022 10:00,3.294
11/17/2022 11:00,0.234
11/17/2022 12:00,0
11/17/2022 13:00,0
11/17/2022 14:00,0
11/17/2022 15:00,0
11/17/2022 16:00,0
11/17/2022 17:00,0
11/17/2022 18:00,0
11/17/2022 19:00,0
11/17/2022 20:00,0
11/17/2022 21:00,0
11/17/2022 22:00,0.341
11/17/2022 23:00,32.535
11/18/2022 0:00,137.066
11/18/2022 1:00,262.031
11/18/2022 2:00,369.703
11/18/2022 3:00,438.1
11/18/2022 4:00,457.34
11/18/2022 5:00,427.514
11/18/2022 6:00,350.266
11/18/2022 7:00,238.168
11/18/2022 8:00,119.419
11/18/2022 9:00,32.751
11/18/2022 10:00,3.156
11/18/2022 11:00,0.193
11/18/2022 12:00,0
11/18/2022 13:00,0
11/18/2022 14:00,0
11/18/2022 15:00,0
11/18/2022 16:00,0
11/18/2022 17:00,0
11/18/2022 18:00,0
11/18/2022 19:00,0
11/18/2022 20:00,0
11/18/2022 21:00,0
11/18/2022 22:00,0.283
11/18/2022 23:00,26.945
11/19/2022 0:00,130.054
11/19/2022 1:00,268.909
11/19/2022 2:00,394.368
11/19/2022 3:00,479.97
11/19/2022 4:00,508.141
11/19/2022 5:00,475.093
11/19/2022 6:00,387.11
11/19/2022 7:00,265.266
11/19/2022 8:00,131.726
11/19/2022 9:00,32.175
11/19/2022 10:00,2.277
11/19/2022 11:00,0.086
11/19/2022 12:00,0
11/19/2022 13:00,0
11/19/2022 14:00,0
11/19/2022 15:00,0
11/19/2022 16:00,0
11/19/2022 17:00,0
11/19/2022 18:00,0
11/19/2022 19:00,0
11/19/2022 20:00,0
11/19/2022 21:00,0
11/19/2022 22:00,0.314
11/19/2022 23:00,33.765
11/20/2022 0:00,151.476
11/20/2022 1:00,300.874
11/20/2022 2:00,436.319
11/20/2022 3:00,526.956
11/20/2022 4:00,550.588
11/20/2022 5:00,512.67
11/20/2022 6:00,414.562
11/20/2022 7:00,278.848
11/20/2022 8:00,131.564
11/20/2022 9:00,31.486
11/20/2022 10:00,2.788
11/20/2022 11:00,0.168
11/20/2022 12:00,0
11/20/2022 13:00,0
11/20/2022 14:00,0
11/20/2022 15:00,0
11/20/2022 16:00,0
11/20/2022 17:00,0
11/20/2022 18:00,0
11/20/2022 19:00,0
11/20/2022 20:00,0
11/20/2022 21:00,0
11/20/2022 22:00,0.315
11/20/2022 23:00,33.527
11/21/2022 0:00,144.806
11/21/2022 1:00,275.811
11/21/2022 2:00,386.694
11/21/2022 3:00,453.139
11/21/2022 4:00,471.044
11/21/2022 5:00,435.047
11/21/2022 6:00,345.244
11/21/2022 7:00,226.575
11/21/2022 8:00,106.992
11/21/2022 9:00,28.162
11/21/2022 10:00,2.944
11/21/2022 11:00,0.185
11/21/2022 12:00,0
11/21/2022 13:00,0
11/21/2022 14:00,0
11/21/2022 15:00,0
11/21/2022 16:00,0
11/21/2022 17:00,0
11/21/2022 18:00,0
11/21/2022 19:00,0
11/21/2022 20:00,0
11/21/2022 21:00,0
11/21/2022 22:00,0.229
11/21/2022 23:00,22.181
11/22/2022 0:00,103.726
11/22/2022 1:00,211.297
11/22/2022 2:00,309.526
11/22/2022 3:00,377.045
11/22/2022 4:00,395.237
11/22/2022 5:00,370.97
11/22/2022 6:00,304.303
11/22/2022 7:00,204.712
11/22/2022 8:00,100.808
11/22/2022 9:00,26.142
11/22/2022 10:00,2.662
11/22/2022 11:00,0.171
11/22/2022 12:00,0
11/22/2022 13:00,0
11/22/2022 14:00,0
11/22/2022 15:00,0
11/22/2022 16:00,0
11/22/2022 17:00,0
11/22/2022 18:00,0
11/22/2022 19:00,0
11/22/2022 20:00,0
11/22/2022 21:00,0
11/22/2022 22:00,0.177
11/22/2022 23:00,26.62
11/23/2022 0:00,128.759
11/23/2022 1:00,258.465
11/23/2022 2:00,371.85
11/23/2022 3:00,441.478
11/23/2022 4:00,452.013
11/23/2022 5:00,411.997
11/23/2022 6:00,325.349
11/23/2022 7:00,211.813
11/23/2022 8:00,100.197
11/23/2022 9:00,26.269
11/23/2022 10:00,2.679
11/23/2022 11:00,0.158
11/23/2022 12:00,0
11/23/2022 13:00,0
11/23/2022 14:00,0
11/23/2022 15:00,0
11/23/2022 16:00,0
11/23/2022 17:00,0
11/23/2022 18:00,0
11/23/2022 19:00,0
11/23/2022 20:00,0
11/23/2022 21:00,0
11/23/2022 22:00,0.179
11/23/2022 23:00,25.119
11/24/2022 0:00,122.348
11/24/2022 1:00,256.117
11/24/2022 2:00,379.569
11/24/2022 3:00,458.546
11/24/2022 4:00,479.286
11/24/2022 5:00,445.427
11/24/2022 6:00,361.064
11/24/2022 7:00,244.958
11/24/2022 8:00,115.684
11/24/2022 9:00,26.36
11/24/2022 10:00,2.613
11/24/2022 11:00,0.169
11/24/2022 12:00,0
11/24/2022 13:00,0
11/24/2022 14:00,0
11/24/2022 15:00,0
11/24/2022 16:00,0
11/24/2022 17:00,0
11/24/2022 18:00,0
11/24/2022 19:00,0
11/24/2022 20:00,0
11/24/2022 21:00,0
11/24/2022 22:00,0.162
11/24/2022 23:00,23.426
11/25/2022 0:00,122.628
11/25/2022 1:00,259.677
11/25/2022 2:00,384.565
11/25/2022 3:00,471.343
11/25/2022 4:00,499.064
11/25/2022 5:00,467.197
11/25/2022 6:00,378.069
11/25/2022 7:00,254.687
11/25/2022 8:00,121.698
11/25/2022 9:00,29.193
11/25/2022 10:00,2.595
11/25/2022 11:00,0.14
11/25/2022 12:00,0
11/25/2022 13:00,0
11/25/2022 14:00,0
11/25/2022 15:00,0
11/25/2022 16:00,0
11/25/2022 17:00,0
11/25/2022 18:00,0
11/25/2022 19:00,0
11/25/2022 20:00,0
11/25/2022 21:00,0
11/25/2022 22:00,0.171
11/25/2022 23:00,28.858
11/26/2022 0:00,146.063
11/26/2022 1:00,289.817
11/26/2022 2:00,412.166
11/26/2022 3:00,489.707
11/26/2022 4:00,522.423
11/26/2022 5:00,497.423
11/26/2022 6:00,404.911
11/26/2022 7:00,272.716
11/26/2022 8:00,126.593
11/26/2022 9:00,28.019
11/26/2022 10:00,2.153
11/26/2022 11:00,0.105
11/26/2022 12:00,0
11/26/2022 13:00,0
11/26/2022 14:00,0
11/26/2022 15:00,0
11/26/2022 16:00,0
11/26/2022 17:00,0
11/26/2022 18:00,0
11/26/2022 19:00,0
11/26/2022 20:00,0
11/26/2022 21:00,0
11/26/2022 22:00,0.148
11/26/2022 23:00,21.275
11/27/2022 0:00,104.551
11/27/2022 1:00,208.866
11/27/2022 2:00,288.736
11/27/2022 3:00,350.834
11/27/2022 4:00,364.808
11/27/2022 5:00,340.749
11/27/2022 6:00,281.56
11/27/2022 7:00,197.319
11/27/2022 8:00,103.615
11/27/2022 9:00,28.755
11/27/2022 10:00,2.569
11/27/2022 11:00,0.131
11/27/2022 12:00,0
11/27/2022 13:00,0
11/27/2022 14:00,0
11/27/2022 15:00,0
11/27/2022 16:00,0
11/27/2022 17:00,0
11/27/2022 18:00,0
11/27/2022 19:00,0
11/27/2022 20:00,0
11/27/2022 21:00,0
11/27/2022 22:00,0.138
11/27/2022 23:00,23.37
11/28/2022 0:00,114.82
11/28/2022 1:00,231.517
11/28/2022 2:00,332.521
11/28/2022 3:00,399.245
11/28/2022 4:00,425.218
11/28/2022 5:00,407.485
11/28/2022 6:00,336.994
11/28/2022 7:00,232.321
11/28/2022 8:00,114.49
11/28/2022 9:00,28.069
11/28/2022 10:00,2.244
11/28/2022 11:00,0.092
11/28/2022 12:00,0
11/28/2022 13:00,0
11/28/2022 14:00,0
11/28/2022 15:00,0
11/28/2022 16:00,0
11/28/2022 17:00,0
11/28/2022 18:00,0
11/28/2022 19:00,0
11/28/2022 20:00,0
11/28/2022 21:00,0
11/28/2022 22:00,0.087
11/28/2022 23:00,21.369
11/29/2022 0:00,113.132
11/29/2022 1:00,227.354
11/29/2022 2:00,323.292
11/29/2022 3:00,384.548
11/29/2022 4:00,407.444
11/29/2022 5:00,380.619
11/29/2022 6:00,311.476
11/29/2022 7:00,213.145
11/29/2022 8:00,103.123
11/29/2022 9:00,24.609
11/29/2022 10:00,1.909
11/29/2022 11:00,0.067
11/29/2022 12:00,0
11/29/2022 13:00,0
11/29/2022 14:00,0
11/29/2022 15:00,0
11/29/2022 16:00,0
11/29/2022 17:00,0
11/29/2022 18:00,0
11/29/2022 19:00,0
11/29/2022 20:00,0
11/29/2022 21:00,0
11/29/2022 22:00,0.058
11/29/2022 23:00,19.653
11/30/2022 0:00,111.856
11/30/2022 1:00,234.592
11/30/2022 2:00,342.387
11/30/2022 3:00,417.342
11/30/2022 4:00,442.048
11/30/2022 5:00,411.45
11/30/2022 6:00,333.692
11/30/2022 7:00,220.228
11/30/2022 8:00,101.693
11/30/2022 9:00,23.683
11/30/2022 10:00,2.023
11/30/2022 11:00,0.084
11/30/2022 12:00,0
11/30/2022 13:00,0
11/30/2022 14:00,0
11/30/2022 15:00,0
11/30/2022 16:00,0
11/30/2022 17:00,0
11/30/2022 18:00,0
11/30/2022 19:00,0
11/30/2022 20:00,0
11/30/2022 21:00,0
11/30/2022 22:00,0.063
11/30/2022 23:00,21.504
12/1/2022 0:00,122.044
12/1/2022 1:00,253.484
12/1/2022 2:00,368.279
12/1/2022 3:00,444.098
12/1/2022 4:00,469.471
12/1/2022 5:00,436.537
12/1/2022 6:00,353.146
12/1/2022 7:00,233.678
12/1/2022 8:00,104.92
12/1/2022 9:00,22.663
12/1/2022 10:00,1.911
12/1/2022 11:00,0.092
12/1/2022 12:00,0
12/1/2022 13:00,0
12/1/2022 14:00,0
12/1/2022 15:00,0
12/1/2022 16:00,0
12/1/2022 17:00,0
12/1/2022 18:00,0
12/1/2022 19:00,0
12/1/2022 20:00,0
12/1/2022 21:00,0
12/1/2022 22:00,0.058
12/1/2022 23:00,23.155
12/2/2022 0:00,129.355
12/2/2022 1:00,263.783
12/2/2022 2:00,376.828
12/2/2022 3:00,445.316
12/2/2022 4:00,476.173
12/2/2022 5:00,448.168
12/2/2022 6:00,371.864
12/2/2022 7:00,253.545
12/2/2022 8:00,120.175
12/2/2022 9:00,26.333
12/2/2022 10:00,1.893
12/2/2022 11:00,0.074
12/2/2022 12:00,0
12/2/2022 13:00,0
12/2/2022 14:00,0
12/2/2022 15:00,0
12/2/2022 16:00,0
12/2/2022 17:00,0
12/2/2022 18:00,0
12/2/2022 19:00,0
12/2/2022 20:00,0
12/2/2022 21:00,0
12/2/2022 22:00,0.058
12/2/2022 23:00,17.111
12/3/2022 0:00,95.558
12/3/2022 1:00,204.327
12/3/2022 2:00,307.9
12/3/2022 3:00,375.399
12/3/2022 4:00,399.199
12/3/2022 5:00,379.387
12/3/2022 6:00,317.393
12/3/2022 7:00,218.933
12/3/2022 8:00,105.187
12/3/2022 9:00,24.518
12/3/2022 10:00,1.939
12/3/2022 11:00,0.077
12/3/2022 12:00,0
12/3/2022 13:00,0
12/3/2022 14:00,0
12/3/2022 15:00,0
12/3/2022 16:00,0
12/3/2022 17:00,0
12/3/2022 18:00,0
12/3/2022 19:00,0
12/3/2022 20:00,0
12/3/2022 21:00,0
12/3/2022 22:00,0.05
12/3/2022 23:00,17.485
12/4/2022 0:00,100.158
12/4/2022 1:00,209.975
12/4/2022 2:00,307.926
12/4/2022 3:00,369.084
12/4/2022 4:00,390.942
12/4/2022 5:00,367.507
12/4/2022 6:00,300.662
12/4/2022 7:00,202.084
12/4/2022 8:00,96.674
12/4/2022 9:00,23.667
12/4/2022 10:00,1.951
12/4/2022 11:00,0.081
12/4/2022 12:00,0
12/4/2022 13:00,0
12/4/2022 14:00,0
12/4/2022 15:00,0
12/4/2022 16:00,0
12/4/2022 17:00,0
12/4/2022 18:00,0
12/4/2022 19:00,0
12/4/2022 20:00,0
12/4/2022 21:00,0
12/4/2022 22:00,0.043
12/4/2022 23:00,18.648
12/5/2022 0:00,116.078
12/5/2022 1:00,249.761
12/5/2022 2:00,370.828
12/5/2022 3:00,457.326
12/5/2022 4:00,485.997
12/5/2022 5:00,460.018
12/5/2022 6:00,379.327
12/5/2022 7:00,257.964
12/5/2022 8:00,120.947
12/5/2022 9:00,25.875
12/5/2022 10:00,1.79
12/5/2022 11:00,0.072
12/5/2022 12:00,0
12/5/2022 13:00,0
12/5/2022 14:00,0
12/5/2022 15:00,0
12/5/2022 16:00,0
12/5/2022 17:00,0
12/5/2022 18:00,0
12/5/2022 19:00,0
12/5/2022 20:00,0
12/5/2022 21:00,0
12/5/2022 22:00,0.077
12/5/2022 23:00,26.199
12/6/2022 0:00,138.796
12/6/2022 1:00,281.242
12/6/2022 2:00,402.347
12/6/2022 3:00,473.288
12/6/2022 4:00,499.092
12/6/2022 5:00,465.52
12/6/2022 6:00,378.135
12/6/2022 7:00,251.039
12/6/2022 8:00,114.421
12/6/2022 9:00,24.703
12/6/2022 10:00,1.827
12/6/2022 11:00,0.07
12/6/2022 12:00,0
12/6/2022 13:00,0
12/6/2022 14:00,0
12/6/2022 15:00,0
12/6/2022 16:00,0
12/6/2022 17:00,0
12/6/2022 18:00,0
12/6/2022 19:00,0
12/6/2022 20:00,0
12/6/2022 21:00,0
12/6/2022 22:00,0.053
12/6/2022 23:00,23.913
12/7/2022 0:00,134.111
12/7/2022 1:00,274.584
12/7/2022 2:00,396.825
12/7/2022 3:00,472.846
12/7/2022 4:00,491.582
12/7/2022 5:00,453.832
12/7/2022 6:00,367.103
12/7/2022 7:00,243.127
12/7/2022 8:00,112.215
12/7/2022 9:00,25.054
12/7/2022 10:00,1.841
12/7/2022 11:00,0.073
12/7/2022 12:00,0
12/7/2022 13:00,0
12/7/2022 14:00,0
12/7/2022 15:00,0
12/7/2022 16:00,0
12/7/2022 17:00,0
12/7/2022 18:00,0
12/7/2022 19:00,0
12/7/2022 20:00,0
12/7/2022 21:00,0
12/7/2022 22:00,0.047
12/7/2022 23:00,18.052
12/8/2022 0:00,108.515
12/8/2022 1:00,238.487
12/8/2022 2:00,356.848
12/8/2022 3:00,434.306
12/8/2022 4:00,456.904
12/8/2022 5:00,427.031
12/8/2022 6:00,346.3
12/8/2022 7:00,229.832
12/8/2022 8:00,107.412
12/8/2022 9:00,24.248
12/8/2022 10:00,1.682
12/8/2022 11:00,0.055
12/8/2022 12:00,0
12/8/2022 13:00,0
12/8/2022 14:00,0
12/8/2022 15:00,0
12/8/2022 16:00,0
12/8/2022 17:00,0
12/8/2022 18:00,0
12/8/2022 19:00,0
12/8/2022 20:00,0
12/8/2022 21:00,0
12/8/2022 22:00,0.037
12/8/2022 23:00,18.049
12/9/2022 0:00,112.59
12/9/2022 1:00,245.679
12/9/2022 2:00,364.35
12/9/2022 3:00,441.248
12/9/2022 4:00,463.664
12/9/2022 5:00,429.845
12/9/2022 6:00,348.877
12/9/2022 7:00,231.07
12/9/2022 8:00,108.191
12/9/2022 9:00,24.412
12/9/2022 10:00,1.678
12/9/2022 11:00,0.067
12/9/2022 12:00,0
12/9/2022 13:00,0
12/9/2022 14:00,0
12/9/2022 15:00,0
12/9/2022 16:00,0
12/9/2022 17:00,0
12/9/2022 18:00,0
12/9/2022 19:00,0
12/9/2022 20:00,0
12/9/2022 21:00,0
12/9/2022 22:00,0.041
12/9/2022 23:00,16.903
12/10/2022 0:00,104.701
12/10/2022 1:00,231.785
12/10/2022 2:00,355.008
12/10/2022 3:00,435.3
12/10/2022 4:00,462.063
12/10/2022 5:00,433.819
12/10/2022 6:00,355.19
12/10/2022 7:00,236.46
12/10/2022 8:00,109.831
12/10/2022 9:00,23.296
12/10/2022 10:00,1.784
12/10/2022 11:00,0.071
12/10/2022 12:00,0
12/10/2022 13:00,0
12/10/2022 14:00,0
12/10/2022 15:00,0
12/10/2022 16:00,0
12/10/2022 17:00,0
12/10/2022 18:00,0
12/10/2022 19:00,0
12/10/2022 20:00,0
12/10/2022 21:00,0
12/10/2022 22:00,0.038
12/10/2022 23:00,22.091
12/11/2022 0:00,130.271
12/11/2022 1:00,267.776
12/11/2022 2:00,383.844
12/11/2022 3:00,454.397
12/11/2022 4:00,480.539
12/11/2022 5:00,446.337
12/11/2022 6:00,357.397
12/11/2022 7:00,233.336
12/11/2022 8:00,104.143
12/11/2022 9:00,22.176
12/11/2022 10:00,1.677
12/11/2022 11:00,0.052
12/11/2022 12:00,0
12/11/2022 13:00,0
12/11/2022 14:00,0
12/11/2022 15:00,0
12/11/2022 16:00,0
12/11/2022 17:00,0
12/11/2022 18:00,0
12/11/2022 19:00,0
12/11/2022 20:00,0
12/11/2022 21:00,0
12/11/2022 22:00,0.031
12/11/2022 23:00,16.964
12/12/2022 0:00,114.687
12/12/2022 1:00,260.153
12/12/2022 2:00,392.145
12/12/2022 3:00,473.245
12/12/2022 4:00,510.704
12/12/2022 5:00,491.755
12/12/2022 6:00,400.953
12/12/2022 7:00,271.488
12/12/2022 8:00,124.147
12/12/2022 9:00,24.712
12/12/2022 10:00,1.655
12/12/2022 11:00,0.054
12/12/2022 12:00,0
12/12/2022 13:00,0
12/12/2022 14:00,0
12/12/2022 15:00,0
12/12/2022 16:00,0
12/12/2022 17:00,0
12/12/2022 18:00,0
12/12/2022 19:00,0
12/12/2022 20:00,0
12/12/2022 21:00,0
12/12/2022 22:00,0.04
12/12/2022 23:00,20.646
12/13/2022 0:00,125.779
12/13/2022 1:00,267.894
12/13/2022 2:00,395.227
12/13/2022 3:00,478.6
12/13/2022 4:00,507.251
12/13/2022 5:00,476.278
12/13/2022 6:00,387.126
12/13/2022 7:00,258
12/13/2022 8:00,114.161
12/13/2022 9:00,22.648
12/13/2022 10:00,1.724
12/13/2022 11:00,0.062
12/13/2022 12:00,0
12/13/2022 13:00,0
12/13/2022 14:00,0
12/13/2022 15:00,0
12/13/2022 16:00,0
12/13/2022 17:00,0
12/13/2022 18:00,0
12/13/2022 19:00,0
12/13/2022 20:00,0
12/13/2022 21:00,0
12/13/2022 22:00,0.032
12/13/2022 23:00,22.166
12/14/2022 0:00,136.566
12/14/2022 1:00,285.199
12/14/2022 2:00,410.844
12/14/2022 3:00,496.823
12/14/2022 4:00,525.526
12/14/2022 5:00,489.617
12/14/2022 6:00,396.855
12/14/2022 7:00,263.247
12/14/2022 8:00,116.491
12/14/2022 9:00,22.58
12/14/2022 10:00,1.651
12/14/2022 11:00,0.069
12/14/2022 12:00,0
12/14/2022 13:00,0
12/14/2022 14:00,0
12/14/2022 15:00,0
12/14/2022 16:00,0
12/14/2022 17:00,0
12/14/2022 18:00,0
12/14/2022 19:00,0
12/14/2022 20:00,0
12/14/2022 21:00,0
12/14/2022 22:00,0.037
12/14/2022 23:00,21.645
12/15/2022 0:00,131.881
12/15/2022 1:00,276.502
12/15/2022 2:00,400.998
12/15/2022 3:00,480.495
12/15/2022 4:00,504.59
12/15/2022 5:00,467.791
12/15/2022 6:00,373.364
12/15/2022 7:00,243.748
12/15/2022 8:00,107.588
12/15/2022 9:00,22.582
12/15/2022 10:00,1.433
12/15/2022 11:00,0.042
12/15/2022 12:00,0
12/15/2022 13:00,0
12/15/2022 14:00,0
12/15/2022 15:00,0
12/15/2022 16:00,0
12/15/2022 17:00,0
12/15/2022 18:00,0
12/15/2022 19:00,0
12/15/2022 20:00,0
12/15/2022 21:00,0
12/15/2022 22:00,0.018
12/15/2022 23:00,14.29
12/16/2022 0:00,90.015
12/16/2022 1:00,193.039
12/16/2022 2:00,285.393
12/16/2022 3:00,343.308
12/16/2022 4:00,360.464
12/16/2022 5:00,335.347
12/16/2022 6:00,274.923
12/16/2022 7:00,185.968
12/16/2022 8:00,87.554
12/16/2022 9:00,19.566
12/16/2022 10:00,1.594
12/16/2022 11:00,0.056
12/16/2022 12:00,0
12/16/2022 13:00,0
12/16/2022 14:00,0
12/16/2022 15:00,0
12/16/2022 16:00,0
12/16/2022 17:00,0
12/16/2022 18:00,0
12/16/2022 19:00,0
12/16/2022 20:00,0
12/16/2022 21:00,0
12/16/2022 22:00,0.018
12/16/2022 23:00,16.832
12/17/2022 0:00,121.148
12/17/2022 1:00,270.557
12/17/2022 2:00,402.297
12/17/2022 3:00,488.33
12/17/2022 4:00,519.875
12/17/2022 5:00,489.539
12/17/2022 6:00,401.849
12/17/2022 7:00,269.732
12/17/2022 8:00,120.034
12/17/2022 9:00,21.346
12/17/2022 10:00,1.431
12/17/2022 11:00,0.06
12/17/2022 12:00,0
12/17/2022 13:00,0
12/17/2022 14:00,0
12/17/2022 15:00,0
12/17/2022 16:00,0
12/17/2022 17:00,0
12/17/2022 18:00,0
12/17/2022 19:00,0
12/17/2022 20:00,0
12/17/2022 21:00,0
12/17/2022 22:00,0.049
12/17/2022 23:00,28.214
12/18/2022 0:00,158.969
12/18/2022 1:00,320.359
12/18/2022 2:00,453.416
12/18/2022 3:00,539.623
12/18/2022 4:00,570.562
12/18/2022 5:00,536.79
12/18/2022 6:00,438.719
12/18/2022 7:00,293.81
12/18/2022 8:00,131.453
12/18/2022 9:00,23.896
12/18/2022 10:00,1.359
12/18/2022 11:00,0.053
12/18/2022 12:00,0
12/18/2022 13:00,0
12/18/2022 14:00,0
12/18/2022 15:00,0
12/18/2022 16:00,0
12/18/2022 17:00,0
12/18/2022 18:00,0
12/18/2022 19:00,0
12/18/2022 20:00,0
12/18/2022 21:00,0
12/18/2022 22:00,0.043
12/18/2022 23:00,27.089
12/19/2022 0:00,158.359
12/19/2022 1:00,324.05
12/19/2022 2:00,462.093
12/19/2022 3:00,553.36
12/19/2022 4:00,578.695
12/19/2022 5:00,539.245
12/19/2022 6:00,433.527
12/19/2022 7:00,287.574
12/19/2022 8:00,127.675
12/19/2022 9:00,24.245
12/19/2022 10:00,1.497
12/19/2022 11:00,0.055
12/19/2022 12:00,0
12/19/2022 13:00,0
12/19/2022 14:00,0
12/19/2022 15:00,0
12/19/2022 16:00,0
12/19/2022 17:00,0
12/19/2022 18:00,0
12/19/2022 19:00,0
12/19/2022 20:00,0
12/19/2022 21:00,0
12/19/2022 22:00,0.04
12/19/2022 23:00,23.04
12/20/2022 0:00,118.525
12/20/2022 1:00,239.717
12/20/2022 2:00,349.179
12/20/2022 3:00,419.325
12/20/2022 4:00,439.784
12/20/2022 5:00,405.36
12/20/2022 6:00,325.544
12/20/2022 7:00,218.687
12/20/2022 8:00,102.083
12/20/2022 9:00,21.817
12/20/2022 10:00,1.602
12/20/2022 11:00,0.057
12/20/2022 12:00,0
12/20/2022 13:00,0
12/20/2022 14:00,0
12/20/2022 15:00,0
12/20/2022 16:00,0
12/20/2022 17:00,0
12/20/2022 18:00,0
12/20/2022 19:00,0
12/20/2022 20:00,0
12/20/2022 21:00,0
12/20/2022 22:00,0.036
12/20/2022 23:00,22.333
12/21/2022 0:00,134.293
12/21/2022 1:00,282.95
12/21/2022 2:00,409.986
12/21/2022 3:00,489.545
12/21/2022 4:00,518.096
12/21/2022 5:00,487.44
12/21/2022 6:00,388.89
12/21/2022 7:00,264.281
12/21/2022 8:00,124.336
12/21/2022 9:00,25.015
12/21/2022 10:00,1.672
12/21/2022 11:00,0.067
12/21/2022 12:00,0
12/21/2022 13:00,0
12/21/2022 14:00,0
12/21/2022 15:00,0
12/21/2022 16:00,0
12/21/2022 17:00,0
12/21/2022 18:00,0
12/21/2022 19:00,0
12/21/2022 20:00,0
12/21/2022 21:00,0
12/21/2022 22:00,0.038
12/21/2022 23:00,24.897
12/22/2022 0:00,150.692
12/22/2022 1:00,309.306
12/22/2022 2:00,441.346
12/22/2022 3:00,524.919
12/22/2022 4:00,553.758
12/22/2022 5:00,520.418
12/22/2022 6:00,421.696
12/22/2022 7:00,284.12
12/22/2022 8:00,126.869
12/22/2022 9:00,23.02
12/22/2022 10:00,1.605
12/22/2022 11:00,0.064
12/22/2022 12:00,0
12/22/2022 13:00,0
12/22/2022 14:00,0
12/22/2022 15:00,0
12/22/2022 16:00,0
12/22/2022 17:00,0
12/22/2022 18:00,0
12/22/2022 19:00,0
12/22/2022 20:00,0
12/22/2022 21:00,0
12/22/2022 22:00,0.044
12/22/2022 23:00,26.359
12/23/2022 0:00,149.345
12/23/2022 1:00,305.725
12/23/2022 2:00,438.346
12/23/2022 3:00,524.985
12/23/2022 4:00,553.302
12/23/2022 5:00,519.416
12/23/2022 6:00,423.035
12/23/2022 7:00,283.067
12/23/2022 8:00,125.103
12/23/2022 9:00,23.082
12/23/2022 10:00,1.612
12/23/2022 11:00,0.061
12/23/2022 12:00,0
12/23/2022 13:00,0
12/23/2022 14:00,0
12/23/2022 15:00,0
12/23/2022 16:00,0
12/23/2022 17:00,0
12/23/2022 18:00,0
12/23/2022 19:00,0
12/23/2022 20:00,0
12/23/2022 21:00,0
12/23/2022 22:00,0.044
12/23/2022 23:00,26.031
12/24/2022 0:00,149.487
12/24/2022 1:00,307.553
12/24/2022 2:00,441.253
12/24/2022 3:00,533.915
12/24/2022 4:00,560.119
12/24/2022 5:00,522.007
12/24/2022 6:00,421.048
12/24/2022 7:00,279.53
12/24/2022 8:00,122.565
12/24/2022 9:00,22.519
12/24/2022 10:00,1.533
12/24/2022 11:00,0.061
12/24/2022 12:00,0
12/24/2022 13:00,0
12/24/2022 14:00,0
12/24/2022 15:00,0
12/24/2022 16:00,0
12/24/2022 17:00,0
12/24/2022 18:00,0
12/24/2022 19:00,0
12/24/2022 20:00,0
12/24/2022 21:00,0
12/24/2022 22:00,0.045
12/24/2022 23:00,26.414
12/25/2022 0:00,138.835
12/25/2022 1:00,273.25
12/25/2022 2:00,383.556
12/25/2022 3:00,450.298
12/25/2022 4:00,466.98
12/25/2022 5:00,429.034
12/25/2022 6:00,343.612
12/25/2022 7:00,224.46
12/25/2022 8:00,100.524
12/25/2022 9:00,20.874
12/25/2022 10:00,1.68
12/25/2022 11:00,0.066
12/25/2022 12:00,0
12/25/2022 13:00,0
12/25/2022 14:00,0
12/25/2022 15:00,0
12/25/2022 16:00,0
12/25/2022 17:00,0
12/25/2022 18:00,0
12/25/2022 19:00,0
12/25/2022 20:00,0
12/25/2022 21:00,0
12/25/2022 22:00,0.039
12/25/2022 23:00,21.487
12/26/2022 0:00,124.608
12/26/2022 1:00,268.013
12/26/2022 2:00,395.945
12/26/2022 3:00,480.524
12/26/2022 4:00,505.876
12/26/2022 5:00,472.079
12/26/2022 6:00,381.616
12/26/2022 7:00,251.365
12/26/2022 8:00,110.757
12/26/2022 9:00,21.816
12/26/2022 10:00,1.602
12/26/2022 11:00,0.066
12/26/2022 12:00,0
12/26/2022 13:00,0
12/26/2022 14:00,0
12/26/2022 15:00,0
12/26/2022 16:00,0
12/26/2022 17:00,0
12/26/2022 18:00,0
12/26/2022 19:00,0
12/26/2022 20:00,0
12/26/2022 21:00,0
12/26/2022 22:00,0.037
12/26/2022 23:00,19.912
12/27/2022 0:00,113.132
12/27/2022 1:00,236.35
12/27/2022 2:00,343.767
12/27/2022 3:00,410.553
12/27/2022 4:00,427.912
12/27/2022 5:00,394.702
12/27/2022 6:00,315.356
12/27/2022 7:00,205.03
12/27/2022 8:00,88.183
12/27/2022 9:00,17.112
12/27/2022 10:00,1.512
12/27/2022 11:00,0.066
12/27/2022 12:00,0
12/27/2022 13:00,0
12/27/2022 14:00,0
12/27/2022 15:00,0
12/27/2022 16:00,0
12/27/2022 17:00,0
12/27/2022 18:00,0
12/27/2022 19:00,0
12/27/2022 20:00,0
12/27/2022 21:00,0
12/27/2022 22:00,0.035
12/27/2022 23:00,18.143
12/28/2022 0:00,111.345
12/28/2022 1:00,236.62
12/28/2022 2:00,344.322
12/28/2022 3:00,415.536
12/28/2022 4:00,441.924
12/28/2022 5:00,408.938
12/28/2022 6:00,328.624
12/28/2022 7:00,215.125
12/28/2022 8:00,94.265
12/28/2022 9:00,18.212
12/28/2022 10:00,1.467
12/28/2022 11:00,0.055
12/28/2022 12:00,0
12/28/2022 13:00,0
12/28/2022 14:00,0
12/28/2022 15:00,0
12/28/2022 16:00,0
12/28/2022 17:00,0
12/28/2022 18:00,0
12/28/2022 19:00,0
12/28/2022 20:00,0
12/28/2022 21:00,0
12/28/2022 22:00,0.022
12/28/2022 23:00,16.176
12/29/2022 0:00,109.196
12/29/2022 1:00,237.835
12/29/2022 2:00,349.209
12/29/2022 3:00,420.374
12/29/2022 4:00,449.848
12/29/2022 5:00,423.791
12/29/2022 6:00,347.999
12/29/2022 7:00,230.662
12/29/2022 8:00,102.508
12/29/2022 9:00,19.833
12/29/2022 10:00,1.314
12/29/2022 11:00,0.051
12/29/2022 12:00,0
12/29/2022 13:00,0
12/29/2022 14:00,0
12/29/2022 15:00,0
12/29/2022 16:00,0
12/29/2022 17:00,0
12/29/2022 18:00,0
12/29/2022 19:00,0
12/29/2022 20:00,0
12/29/2022 21:00,0
12/29/2022 22:00,0.033
12/29/2022 23:00,21.63
12/30/2022 0:00,131.757
12/30/2022 1:00,278.722
12/30/2022 2:00,403.891
12/30/2022 3:00,481.278
12/30/2022 4:00,512.515
12/30/2022 5:00,482.484
12/30/2022 6:00,394.273
12/30/2022 7:00,260.633
12/30/2022 8:00,114.799
12/30/2022 9:00,21.075
12/30/2022 10:00,1.373
12/30/2022 11:00,0.069
12/30/2022 12:00,0
12/30/2022 13:00,0
12/30/2022 14:00,0
12/30/2022 15:00,0
12/30/2022 16:00,0
12/30/2022 17:00,0
12/30/2022 18:00,0
12/30/2022 19:00,0
12/30/2022 20:00,0
12/30/2022 21:00,0
12/30/2022 22:00,0.043
12/30/2022 23:00,21.243
12/31/2022 0:00,126.86
12/31/2022 1:00,269.089
12/31/2022 2:00,394.304
12/31/2022 3:00,469.522
12/31/2022 4:00,494.746
12/31/2022 5:00,460.551
12/31/2022 6:00,369.331
12/31/2022 7:00,241.874
12/31/2022 8:00,105.425
12/31/2022 9:00,19.379
12/31/2022 10:00,1.338
12/31/2022 11:00,0.058
12/31/2022 12:00,0
12/31/2022 13:00,0
12/31/2022 14:00,0
12/31/2022 15:00,0
12/31/2022 16:00,0
12/31/2022 17:00,0
12/31/2022 18:00,0
12/31/2022 19:00,0
12/31/2022 20:00,0
12/31/2022 21:00,0
12/31/2022 22:00,0.041
12/31/2022 23:00,19.458
