# Renewables.ninja Weather (hourly 1980-2022)  -  Denmark  -  renewables_ninja_country_DK_irradiance-surface_merra-2_pop-wtd.csv  -  Version 1.4,
# License: https://creativecommons.org/licenses/by-nc/4.0/  -  Reference: https://doi.org/10.1038/s41560-023-01341-5,
# Units: time in UTC; other columns are the irradiance at ground level in W/m^2 (SWGDN in MERRA-2) weighted by population; column names signify country ISO2 code or GADM level1 code.,
,
1/1/2022 0:00,0
1/1/2022 1:00,0
1/1/2022 2:00,0
1/1/2022 3:00,0
1/1/2022 4:00,0
1/1/2022 5:00,0
1/1/2022 6:00,0
1/1/2022 7:00,0.197
1/1/2022 8:00,12.085
1/1/2022 9:00,32.073
1/1/2022 10:00,40.012
1/1/2022 11:00,46.071
1/1/2022 12:00,41.082
1/1/2022 13:00,20.148
1/1/2022 14:00,3.175
1/1/2022 15:00,0
1/1/2022 16:00,0
1/1/2022 17:00,0
1/1/2022 18:00,0
1/1/2022 19:00,0
1/1/2022 20:00,0
1/1/2022 21:00,0
1/1/2022 22:00,0
1/1/2022 23:00,0
1/2/2022 0:00,0
1/2/2022 1:00,0
1/2/2022 2:00,0
1/2/2022 3:00,0
1/2/2022 4:00,0
1/2/2022 5:00,0
1/2/2022 6:00,0
1/2/2022 7:00,0.087
1/2/2022 8:00,5.539
1/2/2022 9:00,14.956
1/2/2022 10:00,22.199
1/2/2022 11:00,25.482
1/2/2022 12:00,22.91
1/2/2022 13:00,14.013
1/2/2022 14:00,3.14
1/2/2022 15:00,0
1/2/2022 16:00,0
1/2/2022 17:00,0
1/2/2022 18:00,0
1/2/2022 19:00,0
1/2/2022 20:00,0
1/2/2022 21:00,0
1/2/2022 22:00,0
1/2/2022 23:00,0
1/3/2022 0:00,0
1/3/2022 1:00,0
1/3/2022 2:00,0
1/3/2022 3:00,0
1/3/2022 4:00,0
1/3/2022 5:00,0
1/3/2022 6:00,0
1/3/2022 7:00,0.372
1/3/2022 8:00,16.199
1/3/2022 9:00,45.724
1/3/2022 10:00,72.184
1/3/2022 11:00,82.576
1/3/2022 12:00,66.556
1/3/2022 13:00,34.72
1/3/2022 14:00,6.485
1/3/2022 15:00,0
1/3/2022 16:00,0
1/3/2022 17:00,0
1/3/2022 18:00,0
1/3/2022 19:00,0
1/3/2022 20:00,0
1/3/2022 21:00,0
1/3/2022 22:00,0
1/3/2022 23:00,0
1/4/2022 0:00,0
1/4/2022 1:00,0
1/4/2022 2:00,0
1/4/2022 3:00,0
1/4/2022 4:00,0
1/4/2022 5:00,0
1/4/2022 6:00,0
1/4/2022 7:00,0.399
1/4/2022 8:00,21.186
1/4/2022 9:00,58.235
1/4/2022 10:00,82.181
1/4/2022 11:00,89.571
1/4/2022 12:00,77.604
1/4/2022 13:00,47.342
1/4/2022 14:00,9.56
1/4/2022 15:00,0
1/4/2022 16:00,0
1/4/2022 17:00,0
1/4/2022 18:00,0
1/4/2022 19:00,0
1/4/2022 20:00,0
1/4/2022 21:00,0
1/4/2022 22:00,0
1/4/2022 23:00,0
1/5/2022 0:00,0
1/5/2022 1:00,0
1/5/2022 2:00,0
1/5/2022 3:00,0
1/5/2022 4:00,0
1/5/2022 5:00,0
1/5/2022 6:00,0
1/5/2022 7:00,0.212
1/5/2022 8:00,10.644
1/5/2022 9:00,33.733
1/5/2022 10:00,56.335
1/5/2022 11:00,69.889
1/5/2022 12:00,64.131
1/5/2022 13:00,41.015
1/5/2022 14:00,8.309
1/5/2022 15:00,0
1/5/2022 16:00,0
1/5/2022 17:00,0
1/5/2022 18:00,0
1/5/2022 19:00,0
1/5/2022 20:00,0
1/5/2022 21:00,0
1/5/2022 22:00,0
1/5/2022 23:00,0
1/6/2022 0:00,0
1/6/2022 1:00,0
1/6/2022 2:00,0
1/6/2022 3:00,0
1/6/2022 4:00,0
1/6/2022 5:00,0
1/6/2022 6:00,0
1/6/2022 7:00,1.45
1/6/2022 8:00,47.418
1/6/2022 9:00,119.413
1/6/2022 10:00,166.439
1/6/2022 11:00,176.493
1/6/2022 12:00,147.133
1/6/2022 13:00,85.567
1/6/2022 14:00,16.065
1/6/2022 15:00,0
1/6/2022 16:00,0
1/6/2022 17:00,0
1/6/2022 18:00,0
1/6/2022 19:00,0
1/6/2022 20:00,0
1/6/2022 21:00,0
1/6/2022 22:00,0
1/6/2022 23:00,0
1/7/2022 0:00,0
1/7/2022 1:00,0
1/7/2022 2:00,0
1/7/2022 3:00,0
1/7/2022 4:00,0
1/7/2022 5:00,0
1/7/2022 6:00,0
1/7/2022 7:00,0.26
1/7/2022 8:00,10.295
1/7/2022 9:00,31.911
1/7/2022 10:00,49.589
1/7/2022 11:00,53.536
1/7/2022 12:00,50.126
1/7/2022 13:00,36.446
1/7/2022 14:00,8.257
1/7/2022 15:00,0
1/7/2022 16:00,0
1/7/2022 17:00,0
1/7/2022 18:00,0
1/7/2022 19:00,0
1/7/2022 20:00,0
1/7/2022 21:00,0
1/7/2022 22:00,0
1/7/2022 23:00,0
1/8/2022 0:00,0
1/8/2022 1:00,0
1/8/2022 2:00,0
1/8/2022 3:00,0
1/8/2022 4:00,0
1/8/2022 5:00,0
1/8/2022 6:00,0
1/8/2022 7:00,0.343
1/8/2022 8:00,12.632
1/8/2022 9:00,39.435
1/8/2022 10:00,60.332
1/8/2022 11:00,73.407
1/8/2022 12:00,65.759
1/8/2022 13:00,42.453
1/8/2022 14:00,9.057
1/8/2022 15:00,0
1/8/2022 16:00,0
1/8/2022 17:00,0
1/8/2022 18:00,0
1/8/2022 19:00,0
1/8/2022 20:00,0
1/8/2022 21:00,0
1/8/2022 22:00,0
1/8/2022 23:00,0
1/9/2022 0:00,0
1/9/2022 1:00,0
1/9/2022 2:00,0
1/9/2022 3:00,0
1/9/2022 4:00,0
1/9/2022 5:00,0
1/9/2022 6:00,0
1/9/2022 7:00,0.516
1/9/2022 8:00,12.377
1/9/2022 9:00,31.092
1/9/2022 10:00,46.87
1/9/2022 11:00,53.941
1/9/2022 12:00,48.758
1/9/2022 13:00,26.699
1/9/2022 14:00,4.694
1/9/2022 15:00,0
1/9/2022 16:00,0
1/9/2022 17:00,0
1/9/2022 18:00,0
1/9/2022 19:00,0
1/9/2022 20:00,0
1/9/2022 21:00,0
1/9/2022 22:00,0
1/9/2022 23:00,0
1/10/2022 0:00,0
1/10/2022 1:00,0
1/10/2022 2:00,0
1/10/2022 3:00,0
1/10/2022 4:00,0
1/10/2022 5:00,0
1/10/2022 6:00,0
1/10/2022 7:00,1.848
1/10/2022 8:00,39.888
1/10/2022 9:00,102.089
1/10/2022 10:00,146.859
1/10/2022 11:00,162.439
1/10/2022 12:00,133.563
1/10/2022 13:00,80.617
1/10/2022 14:00,17.625
1/10/2022 15:00,0.001
1/10/2022 16:00,0
1/10/2022 17:00,0
1/10/2022 18:00,0
1/10/2022 19:00,0
1/10/2022 20:00,0
1/10/2022 21:00,0
1/10/2022 22:00,0
1/10/2022 23:00,0
1/11/2022 0:00,0
1/11/2022 1:00,0
1/11/2022 2:00,0
1/11/2022 3:00,0
1/11/2022 4:00,0
1/11/2022 5:00,0
1/11/2022 6:00,0
1/11/2022 7:00,2.044
1/11/2022 8:00,28.955
1/11/2022 9:00,59.101
1/11/2022 10:00,73.418
1/11/2022 11:00,72.894
1/11/2022 12:00,56.296
1/11/2022 13:00,34.335
1/11/2022 14:00,7.735
1/11/2022 15:00,0.001
1/11/2022 16:00,0
1/11/2022 17:00,0
1/11/2022 18:00,0
1/11/2022 19:00,0
1/11/2022 20:00,0
1/11/2022 21:00,0
1/11/2022 22:00,0
1/11/2022 23:00,0
1/12/2022 0:00,0
1/12/2022 1:00,0
1/12/2022 2:00,0
1/12/2022 3:00,0
1/12/2022 4:00,0
1/12/2022 5:00,0
1/12/2022 6:00,0
1/12/2022 7:00,1.924
1/12/2022 8:00,33.888
1/12/2022 9:00,64.097
1/12/2022 10:00,74.162
1/12/2022 11:00,55.713
1/12/2022 12:00,39.742
1/12/2022 13:00,26.923
1/12/2022 14:00,6.87
1/12/2022 15:00,0.005
1/12/2022 16:00,0
1/12/2022 17:00,0
1/12/2022 18:00,0
1/12/2022 19:00,0
1/12/2022 20:00,0
1/12/2022 21:00,0
1/12/2022 22:00,0
1/12/2022 23:00,0
1/13/2022 0:00,0
1/13/2022 1:00,0
1/13/2022 2:00,0
1/13/2022 3:00,0
1/13/2022 4:00,0
1/13/2022 5:00,0
1/13/2022 6:00,0
1/13/2022 7:00,1.088
1/13/2022 8:00,19.591
1/13/2022 9:00,45.161
1/13/2022 10:00,65.483
1/13/2022 11:00,78.398
1/13/2022 12:00,75.53
1/13/2022 13:00,49.069
1/13/2022 14:00,13.69
1/13/2022 15:00,0.009
1/13/2022 16:00,0
1/13/2022 17:00,0
1/13/2022 18:00,0
1/13/2022 19:00,0
1/13/2022 20:00,0
1/13/2022 21:00,0
1/13/2022 22:00,0
1/13/2022 23:00,0
1/14/2022 0:00,0
1/14/2022 1:00,0
1/14/2022 2:00,0
1/14/2022 3:00,0
1/14/2022 4:00,0
1/14/2022 5:00,0
1/14/2022 6:00,0
1/14/2022 7:00,1.969
1/14/2022 8:00,50.011
1/14/2022 9:00,126.167
1/14/2022 10:00,179.365
1/14/2022 11:00,193.66
1/14/2022 12:00,167.222
1/14/2022 13:00,104.209
1/14/2022 14:00,27.26
1/14/2022 15:00,0.025
1/14/2022 16:00,0
1/14/2022 17:00,0
1/14/2022 18:00,0
1/14/2022 19:00,0
1/14/2022 20:00,0
1/14/2022 21:00,0
1/14/2022 22:00,0
1/14/2022 23:00,0
1/15/2022 0:00,0
1/15/2022 1:00,0
1/15/2022 2:00,0
1/15/2022 3:00,0
1/15/2022 4:00,0
1/15/2022 5:00,0
1/15/2022 6:00,0
1/15/2022 7:00,2.98
1/15/2022 8:00,31.727
1/15/2022 9:00,61.855
1/15/2022 10:00,79.764
1/15/2022 11:00,85.304
1/15/2022 12:00,72.6
1/15/2022 13:00,44.206
1/15/2022 14:00,12.312
1/15/2022 15:00,0.014
1/15/2022 16:00,0
1/15/2022 17:00,0
1/15/2022 18:00,0
1/15/2022 19:00,0
1/15/2022 20:00,0
1/15/2022 21:00,0
1/15/2022 22:00,0
1/15/2022 23:00,0
1/16/2022 0:00,0
1/16/2022 1:00,0
1/16/2022 2:00,0
1/16/2022 3:00,0
1/16/2022 4:00,0
1/16/2022 5:00,0
1/16/2022 6:00,0
1/16/2022 7:00,0.668
1/16/2022 8:00,6.756
1/16/2022 9:00,16.589
1/16/2022 10:00,31.16
1/16/2022 11:00,48.776
1/16/2022 12:00,58.425
1/16/2022 13:00,44.868
1/16/2022 14:00,12.578
1/16/2022 15:00,0.022
1/16/2022 16:00,0
1/16/2022 17:00,0
1/16/2022 18:00,0
1/16/2022 19:00,0
1/16/2022 20:00,0
1/16/2022 21:00,0
1/16/2022 22:00,0
1/16/2022 23:00,0
1/17/2022 0:00,0
1/17/2022 1:00,0
1/17/2022 2:00,0
1/17/2022 3:00,0
1/17/2022 4:00,0
1/17/2022 5:00,0
1/17/2022 6:00,0
1/17/2022 7:00,5.74
1/17/2022 8:00,68.502
1/17/2022 9:00,146.222
1/17/2022 10:00,196.995
1/17/2022 11:00,208.988
1/17/2022 12:00,179.853
1/17/2022 13:00,115.537
1/17/2022 14:00,34.122
1/17/2022 15:00,0.105
1/17/2022 16:00,0
1/17/2022 17:00,0
1/17/2022 18:00,0
1/17/2022 19:00,0
1/17/2022 20:00,0
1/17/2022 21:00,0
1/17/2022 22:00,0
1/17/2022 23:00,0
1/18/2022 0:00,0
1/18/2022 1:00,0
1/18/2022 2:00,0
1/18/2022 3:00,0
1/18/2022 4:00,0
1/18/2022 5:00,0
1/18/2022 6:00,0
1/18/2022 7:00,2.874
1/18/2022 8:00,32.733
1/18/2022 9:00,69.131
1/18/2022 10:00,93.592
1/18/2022 11:00,112.676
1/18/2022 12:00,102.737
1/18/2022 13:00,77.391
1/18/2022 14:00,28.439
1/18/2022 15:00,0.16
1/18/2022 16:00,0
1/18/2022 17:00,0
1/18/2022 18:00,0
1/18/2022 19:00,0
1/18/2022 20:00,0
1/18/2022 21:00,0
1/18/2022 22:00,0
1/18/2022 23:00,0
1/19/2022 0:00,0
1/19/2022 1:00,0
1/19/2022 2:00,0
1/19/2022 3:00,0
1/19/2022 4:00,0
1/19/2022 5:00,0
1/19/2022 6:00,0
1/19/2022 7:00,1.817
1/19/2022 8:00,12.054
1/19/2022 9:00,19.56
1/19/2022 10:00,24.856
1/19/2022 11:00,24.135
1/19/2022 12:00,17.003
1/19/2022 13:00,9.32
1/19/2022 14:00,2.558
1/19/2022 15:00,0.019
1/19/2022 16:00,0
1/19/2022 17:00,0
1/19/2022 18:00,0
1/19/2022 19:00,0
1/19/2022 20:00,0
1/19/2022 21:00,0
1/19/2022 22:00,0
1/19/2022 23:00,0
1/20/2022 0:00,0
1/20/2022 1:00,0
1/20/2022 2:00,0
1/20/2022 3:00,0
1/20/2022 4:00,0
1/20/2022 5:00,0
1/20/2022 6:00,0
1/20/2022 7:00,6.063
1/20/2022 8:00,59.646
1/20/2022 9:00,128.974
1/20/2022 10:00,173.841
1/20/2022 11:00,192.509
1/20/2022 12:00,171.948
1/20/2022 13:00,115.464
1/20/2022 14:00,35.63
1/20/2022 15:00,0.337
1/20/2022 16:00,0
1/20/2022 17:00,0
1/20/2022 18:00,0
1/20/2022 19:00,0
1/20/2022 20:00,0
1/20/2022 21:00,0
1/20/2022 22:00,0
1/20/2022 23:00,0
1/21/2022 0:00,0
1/21/2022 1:00,0
1/21/2022 2:00,0
1/21/2022 3:00,0
1/21/2022 4:00,0
1/21/2022 5:00,0
1/21/2022 6:00,0
1/21/2022 7:00,10.213
1/21/2022 8:00,82.746
1/21/2022 9:00,154.695
1/21/2022 10:00,189.984
1/21/2022 11:00,180.118
1/21/2022 12:00,129.919
1/21/2022 13:00,68.778
1/21/2022 14:00,18.449
1/21/2022 15:00,0.08
1/21/2022 16:00,0
1/21/2022 17:00,0
1/21/2022 18:00,0
1/21/2022 19:00,0
1/21/2022 20:00,0
1/21/2022 21:00,0
1/21/2022 22:00,0
1/21/2022 23:00,0
1/22/2022 0:00,0
1/22/2022 1:00,0
1/22/2022 2:00,0
1/22/2022 3:00,0
1/22/2022 4:00,0
1/22/2022 5:00,0
1/22/2022 6:00,0
1/22/2022 7:00,4.423
1/22/2022 8:00,29.633
1/22/2022 9:00,69.283
1/22/2022 10:00,98.979
1/22/2022 11:00,105.19
1/22/2022 12:00,91.217
1/22/2022 13:00,57.874
1/22/2022 14:00,17.321
1/22/2022 15:00,0.155
1/22/2022 16:00,0
1/22/2022 17:00,0
1/22/2022 18:00,0
1/22/2022 19:00,0
1/22/2022 20:00,0
1/22/2022 21:00,0
1/22/2022 22:00,0
1/22/2022 23:00,0
1/23/2022 0:00,0
1/23/2022 1:00,0
1/23/2022 2:00,0
1/23/2022 3:00,0
1/23/2022 4:00,0
1/23/2022 5:00,0
1/23/2022 6:00,0
1/23/2022 7:00,2.886
1/23/2022 8:00,22.72
1/23/2022 9:00,47.625
1/23/2022 10:00,70.537
1/23/2022 11:00,76.831
1/23/2022 12:00,59.545
1/23/2022 13:00,36.402
1/23/2022 14:00,12.422
1/23/2022 15:00,0.266
1/23/2022 16:00,0
1/23/2022 17:00,0
1/23/2022 18:00,0
1/23/2022 19:00,0
1/23/2022 20:00,0
1/23/2022 21:00,0
1/23/2022 22:00,0
1/23/2022 23:00,0
1/24/2022 0:00,0
1/24/2022 1:00,0
1/24/2022 2:00,0
1/24/2022 3:00,0
1/24/2022 4:00,0
1/24/2022 5:00,0
1/24/2022 6:00,0
1/24/2022 7:00,6.03
1/24/2022 8:00,38.868
1/24/2022 9:00,75.667
1/24/2022 10:00,98.992
1/24/2022 11:00,98.7
1/24/2022 12:00,82.397
1/24/2022 13:00,56.16
1/24/2022 14:00,22.517
1/24/2022 15:00,0.535
1/24/2022 16:00,0
1/24/2022 17:00,0
1/24/2022 18:00,0
1/24/2022 19:00,0
1/24/2022 20:00,0
1/24/2022 21:00,0
1/24/2022 22:00,0
1/24/2022 23:00,0
1/25/2022 0:00,0
1/25/2022 1:00,0
1/25/2022 2:00,0
1/25/2022 3:00,0
1/25/2022 4:00,0
1/25/2022 5:00,0
1/25/2022 6:00,0
1/25/2022 7:00,4.485
1/25/2022 8:00,30.109
1/25/2022 9:00,60.935
1/25/2022 10:00,100.291
1/25/2022 11:00,161.619
1/25/2022 12:00,153.029
1/25/2022 13:00,108.716
1/25/2022 14:00,38.67
1/25/2022 15:00,0.787
1/25/2022 16:00,0
1/25/2022 17:00,0
1/25/2022 18:00,0
1/25/2022 19:00,0
1/25/2022 20:00,0
1/25/2022 21:00,0
1/25/2022 22:00,0
1/25/2022 23:00,0
1/26/2022 0:00,0
1/26/2022 1:00,0
1/26/2022 2:00,0
1/26/2022 3:00,0
1/26/2022 4:00,0
1/26/2022 5:00,0
1/26/2022 6:00,0
1/26/2022 7:00,4.195
1/26/2022 8:00,23.352
1/26/2022 9:00,46.568
1/26/2022 10:00,85.873
1/26/2022 11:00,112.293
1/26/2022 12:00,99.507
1/26/2022 13:00,59.59
1/26/2022 14:00,21.389
1/26/2022 15:00,0.851
1/26/2022 16:00,0
1/26/2022 17:00,0
1/26/2022 18:00,0
1/26/2022 19:00,0
1/26/2022 20:00,0
1/26/2022 21:00,0
1/26/2022 22:00,0
1/26/2022 23:00,0
1/27/2022 0:00,0
1/27/2022 1:00,0
1/27/2022 2:00,0
1/27/2022 3:00,0
1/27/2022 4:00,0
1/27/2022 5:00,0
1/27/2022 6:00,0
1/27/2022 7:00,4.231
1/27/2022 8:00,37.122
1/27/2022 9:00,98.876
1/27/2022 10:00,173.036
1/27/2022 11:00,210.782
1/27/2022 12:00,175.621
1/27/2022 13:00,117.079
1/27/2022 14:00,42.235
1/27/2022 15:00,1.486
1/27/2022 16:00,0
1/27/2022 17:00,0
1/27/2022 18:00,0
1/27/2022 19:00,0
1/27/2022 20:00,0
1/27/2022 21:00,0
1/27/2022 22:00,0
1/27/2022 23:00,0
1/28/2022 0:00,0
1/28/2022 1:00,0
1/28/2022 2:00,0
1/28/2022 3:00,0
1/28/2022 4:00,0
1/28/2022 5:00,0
1/28/2022 6:00,0.002
1/28/2022 7:00,21.385
1/28/2022 8:00,111.185
1/28/2022 9:00,196.093
1/28/2022 10:00,241.861
1/28/2022 11:00,237.178
1/28/2022 12:00,206.485
1/28/2022 13:00,143.854
1/28/2022 14:00,54.062
1/28/2022 15:00,2.262
1/28/2022 16:00,0
1/28/2022 17:00,0
1/28/2022 18:00,0
1/28/2022 19:00,0
1/28/2022 20:00,0
1/28/2022 21:00,0
1/28/2022 22:00,0
1/28/2022 23:00,0
1/29/2022 0:00,0
1/29/2022 1:00,0
1/29/2022 2:00,0
1/29/2022 3:00,0
1/29/2022 4:00,0
1/29/2022 5:00,0
1/29/2022 6:00,0
1/29/2022 7:00,4.948
1/29/2022 8:00,23.879
1/29/2022 9:00,46.534
1/29/2022 10:00,65.525
1/29/2022 11:00,72.362
1/29/2022 12:00,69.386
1/29/2022 13:00,35.39
1/29/2022 14:00,16.025
1/29/2022 15:00,0.96
1/29/2022 16:00,0
1/29/2022 17:00,0
1/29/2022 18:00,0
1/29/2022 19:00,0
1/29/2022 20:00,0
1/29/2022 21:00,0
1/29/2022 22:00,0
1/29/2022 23:00,0
1/30/2022 0:00,0
1/30/2022 1:00,0
1/30/2022 2:00,0
1/30/2022 3:00,0
1/30/2022 4:00,0
1/30/2022 5:00,0
1/30/2022 6:00,0.005
1/30/2022 7:00,23.683
1/30/2022 8:00,112.064
1/30/2022 9:00,195.378
1/30/2022 10:00,249.705
1/30/2022 11:00,264.603
1/30/2022 12:00,236.39
1/30/2022 13:00,168.618
1/30/2022 14:00,75.331
1/30/2022 15:00,4.891
1/30/2022 16:00,0
1/30/2022 17:00,0
1/30/2022 18:00,0
1/30/2022 19:00,0
1/30/2022 20:00,0
1/30/2022 21:00,0
1/30/2022 22:00,0
1/30/2022 23:00,0
1/31/2022 0:00,0
1/31/2022 1:00,0
1/31/2022 2:00,0
1/31/2022 3:00,0
1/31/2022 4:00,0
1/31/2022 5:00,0
1/31/2022 6:00,0.005
1/31/2022 7:00,10.009
1/31/2022 8:00,44.261
1/31/2022 9:00,92.244
1/31/2022 10:00,140.644
1/31/2022 11:00,175.911
1/31/2022 12:00,167.9
1/31/2022 13:00,116.246
1/31/2022 14:00,44.859
1/31/2022 15:00,2.619
1/31/2022 16:00,0
1/31/2022 17:00,0
1/31/2022 18:00,0
1/31/2022 19:00,0
1/31/2022 20:00,0
1/31/2022 21:00,0
1/31/2022 22:00,0
1/31/2022 23:00,0
2/1/2022 0:00,0
2/1/2022 1:00,0
2/1/2022 2:00,0
2/1/2022 3:00,0
2/1/2022 4:00,0
2/1/2022 5:00,0
2/1/2022 6:00,0.011
2/1/2022 7:00,14.223
2/1/2022 8:00,47.957
2/1/2022 9:00,62.234
2/1/2022 10:00,55.91
2/1/2022 11:00,49.923
2/1/2022 12:00,61.508
2/1/2022 13:00,45.669
2/1/2022 14:00,22.526
2/1/2022 15:00,2.281
2/1/2022 16:00,0
2/1/2022 17:00,0
2/1/2022 18:00,0
2/1/2022 19:00,0
2/1/2022 20:00,0
2/1/2022 21:00,0
2/1/2022 22:00,0
2/1/2022 23:00,0
2/2/2022 0:00,0
2/2/2022 1:00,0
2/2/2022 2:00,0
2/2/2022 3:00,0
2/2/2022 4:00,0
2/2/2022 5:00,0
2/2/2022 6:00,0.017
2/2/2022 7:00,22.276
2/2/2022 8:00,91.495
2/2/2022 9:00,163.953
2/2/2022 10:00,214.031
2/2/2022 11:00,240.049
2/2/2022 12:00,221.156
2/2/2022 13:00,162.209
2/2/2022 14:00,76.256
2/2/2022 15:00,7.071
2/2/2022 16:00,0
2/2/2022 17:00,0
2/2/2022 18:00,0
2/2/2022 19:00,0
2/2/2022 20:00,0
2/2/2022 21:00,0
2/2/2022 22:00,0
2/2/2022 23:00,0
2/3/2022 0:00,0
2/3/2022 1:00,0
2/3/2022 2:00,0
2/3/2022 3:00,0
2/3/2022 4:00,0
2/3/2022 5:00,0
2/3/2022 6:00,0.005
2/3/2022 7:00,4.016
2/3/2022 8:00,14.545
2/3/2022 9:00,25.586
2/3/2022 10:00,33.309
2/3/2022 11:00,39.091
2/3/2022 12:00,37.554
2/3/2022 13:00,27.677
2/3/2022 14:00,14.415
2/3/2022 15:00,1.526
2/3/2022 16:00,0
2/3/2022 17:00,0
2/3/2022 18:00,0
2/3/2022 19:00,0
2/3/2022 20:00,0
2/3/2022 21:00,0
2/3/2022 22:00,0
2/3/2022 23:00,0
2/4/2022 0:00,0
2/4/2022 1:00,0
2/4/2022 2:00,0
2/4/2022 3:00,0
2/4/2022 4:00,0
2/4/2022 5:00,0
2/4/2022 6:00,0.046
2/4/2022 7:00,6.269
2/4/2022 8:00,17.489
2/4/2022 9:00,26.694
2/4/2022 10:00,36.696
2/4/2022 11:00,42.857
2/4/2022 12:00,41.097
2/4/2022 13:00,29.727
2/4/2022 14:00,14.509
2/4/2022 15:00,1.892
2/4/2022 16:00,0
2/4/2022 17:00,0
2/4/2022 18:00,0
2/4/2022 19:00,0
2/4/2022 20:00,0
2/4/2022 21:00,0
2/4/2022 22:00,0
2/4/2022 23:00,0
2/5/2022 0:00,0
2/5/2022 1:00,0
2/5/2022 2:00,0
2/5/2022 3:00,0
2/5/2022 4:00,0
2/5/2022 5:00,0
2/5/2022 6:00,0.209
2/5/2022 7:00,27.914
2/5/2022 8:00,99.51
2/5/2022 9:00,180.746
2/5/2022 10:00,231.065
2/5/2022 11:00,242.593
2/5/2022 12:00,205.935
2/5/2022 13:00,121.934
2/5/2022 14:00,46.518
2/5/2022 15:00,4.416
2/5/2022 16:00,0
2/5/2022 17:00,0
2/5/2022 18:00,0
2/5/2022 19:00,0
2/5/2022 20:00,0
2/5/2022 21:00,0
2/5/2022 22:00,0
2/5/2022 23:00,0
2/6/2022 0:00,0
2/6/2022 1:00,0
2/6/2022 2:00,0
2/6/2022 3:00,0
2/6/2022 4:00,0
2/6/2022 5:00,0
2/6/2022 6:00,0.128
2/6/2022 7:00,22.425
2/6/2022 8:00,71.729
2/6/2022 9:00,105.507
2/6/2022 10:00,129.865
2/6/2022 11:00,148.783
2/6/2022 12:00,134.968
2/6/2022 13:00,86.9
2/6/2022 14:00,40.901
2/6/2022 15:00,5.681
2/6/2022 16:00,0
2/6/2022 17:00,0
2/6/2022 18:00,0
2/6/2022 19:00,0
2/6/2022 20:00,0
2/6/2022 21:00,0
2/6/2022 22:00,0
2/6/2022 23:00,0
2/7/2022 0:00,0
2/7/2022 1:00,0
2/7/2022 2:00,0
2/7/2022 3:00,0
2/7/2022 4:00,0
2/7/2022 5:00,0
2/7/2022 6:00,0.644
2/7/2022 7:00,47.779
2/7/2022 8:00,141.164
2/7/2022 9:00,225.006
2/7/2022 10:00,278.625
2/7/2022 11:00,291.721
2/7/2022 12:00,258.29
2/7/2022 13:00,187.52
2/7/2022 14:00,92.051
2/7/2022 15:00,12.187
2/7/2022 16:00,0
2/7/2022 17:00,0
2/7/2022 18:00,0
2/7/2022 19:00,0
2/7/2022 20:00,0
2/7/2022 21:00,0
2/7/2022 22:00,0
2/7/2022 23:00,0
2/8/2022 0:00,0
2/8/2022 1:00,0
2/8/2022 2:00,0
2/8/2022 3:00,0
2/8/2022 4:00,0
2/8/2022 5:00,0
2/8/2022 6:00,0.221
2/8/2022 7:00,13.519
2/8/2022 8:00,53.079
2/8/2022 9:00,108.491
2/8/2022 10:00,191.537
2/8/2022 11:00,238.055
2/8/2022 12:00,226.657
2/8/2022 13:00,178.781
2/8/2022 14:00,99.286
2/8/2022 15:00,16.106
2/8/2022 16:00,0
2/8/2022 17:00,0
2/8/2022 18:00,0
2/8/2022 19:00,0
2/8/2022 20:00,0
2/8/2022 21:00,0
2/8/2022 22:00,0
2/8/2022 23:00,0
2/9/2022 0:00,0
2/9/2022 1:00,0
2/9/2022 2:00,0
2/9/2022 3:00,0
2/9/2022 4:00,0
2/9/2022 5:00,0
2/9/2022 6:00,0.285
2/9/2022 7:00,14.91
2/9/2022 8:00,48.081
2/9/2022 9:00,100.647
2/9/2022 10:00,155.525
2/9/2022 11:00,195.121
2/9/2022 12:00,194.869
2/9/2022 13:00,156.479
2/9/2022 14:00,85.1
2/9/2022 15:00,15.294
2/9/2022 16:00,0
2/9/2022 17:00,0
2/9/2022 18:00,0
2/9/2022 19:00,0
2/9/2022 20:00,0
2/9/2022 21:00,0
2/9/2022 22:00,0
2/9/2022 23:00,0
2/10/2022 0:00,0
2/10/2022 1:00,0
2/10/2022 2:00,0
2/10/2022 3:00,0
2/10/2022 4:00,0
2/10/2022 5:00,0
2/10/2022 6:00,0.338
2/10/2022 7:00,15.909
2/10/2022 8:00,48.487
2/10/2022 9:00,88.384
2/10/2022 10:00,128.171
2/10/2022 11:00,154.033
2/10/2022 12:00,150.167
2/10/2022 13:00,118.969
2/10/2022 14:00,68.681
2/10/2022 15:00,13.736
2/10/2022 16:00,0
2/10/2022 17:00,0
2/10/2022 18:00,0
2/10/2022 19:00,0
2/10/2022 20:00,0
2/10/2022 21:00,0
2/10/2022 22:00,0
2/10/2022 23:00,0
2/11/2022 0:00,0
2/11/2022 1:00,0
2/11/2022 2:00,0
2/11/2022 3:00,0
2/11/2022 4:00,0
2/11/2022 5:00,0
2/11/2022 6:00,0.965
2/11/2022 7:00,28.372
2/11/2022 8:00,83.84
2/11/2022 9:00,145.305
2/11/2022 10:00,187.306
2/11/2022 11:00,218.591
2/11/2022 12:00,246.968
2/11/2022 13:00,224.871
2/11/2022 14:00,132.627
2/11/2022 15:00,28.408
2/11/2022 16:00,0.001
2/11/2022 17:00,0
2/11/2022 18:00,0
2/11/2022 19:00,0
2/11/2022 20:00,0
2/11/2022 21:00,0
2/11/2022 22:00,0
2/11/2022 23:00,0
2/12/2022 0:00,0
2/12/2022 1:00,0
2/12/2022 2:00,0
2/12/2022 3:00,0
2/12/2022 4:00,0
2/12/2022 5:00,0
2/12/2022 6:00,3.05
2/12/2022 7:00,57.509
2/12/2022 8:00,139.817
2/12/2022 9:00,194.122
2/12/2022 10:00,222.224
2/12/2022 11:00,206.718
2/12/2022 12:00,164.376
2/12/2022 13:00,109.64
2/12/2022 14:00,58.165
2/12/2022 15:00,12.267
2/12/2022 16:00,0.001
2/12/2022 17:00,0
2/12/2022 18:00,0
2/12/2022 19:00,0
2/12/2022 20:00,0
2/12/2022 21:00,0
2/12/2022 22:00,0
2/12/2022 23:00,0
2/13/2022 0:00,0
2/13/2022 1:00,0
2/13/2022 2:00,0
2/13/2022 3:00,0
2/13/2022 4:00,0
2/13/2022 5:00,0
2/13/2022 6:00,1.977
2/13/2022 7:00,23.688
2/13/2022 8:00,45.434
2/13/2022 9:00,65.65
2/13/2022 10:00,97.344
2/13/2022 11:00,113.358
2/13/2022 12:00,114.282
2/13/2022 13:00,84.284
2/13/2022 14:00,41.337
2/13/2022 15:00,10.097
2/13/2022 16:00,0.007
2/13/2022 17:00,0
2/13/2022 18:00,0
2/13/2022 19:00,0
2/13/2022 20:00,0
2/13/2022 21:00,0
2/13/2022 22:00,0
2/13/2022 23:00,0
2/14/2022 0:00,0
2/14/2022 1:00,0
2/14/2022 2:00,0
2/14/2022 3:00,0
2/14/2022 4:00,0
2/14/2022 5:00,0
2/14/2022 6:00,2.553
2/14/2022 7:00,25.988
2/14/2022 8:00,59.313
2/14/2022 9:00,102.349
2/14/2022 10:00,154.049
2/14/2022 11:00,194.036
2/14/2022 12:00,173.904
2/14/2022 13:00,124.756
2/14/2022 14:00,73.192
2/14/2022 15:00,17.746
2/14/2022 16:00,0.012
2/14/2022 17:00,0
2/14/2022 18:00,0
2/14/2022 19:00,0
2/14/2022 20:00,0
2/14/2022 21:00,0
2/14/2022 22:00,0
2/14/2022 23:00,0
2/15/2022 0:00,0
2/15/2022 1:00,0
2/15/2022 2:00,0
2/15/2022 3:00,0
2/15/2022 4:00,0
2/15/2022 5:00,0
2/15/2022 6:00,1.545
2/15/2022 7:00,32.71
2/15/2022 8:00,103.771
2/15/2022 9:00,177.892
2/15/2022 10:00,225.959
2/15/2022 11:00,209.761
2/15/2022 12:00,183.778
2/15/2022 13:00,146.313
2/15/2022 14:00,92.443
2/15/2022 15:00,24.081
2/15/2022 16:00,0.022
2/15/2022 17:00,0
2/15/2022 18:00,0
2/15/2022 19:00,0
2/15/2022 20:00,0
2/15/2022 21:00,0
2/15/2022 22:00,0
2/15/2022 23:00,0
2/16/2022 0:00,0
2/16/2022 1:00,0
2/16/2022 2:00,0
2/16/2022 3:00,0
2/16/2022 4:00,0
2/16/2022 5:00,0
2/16/2022 6:00,1.414
2/16/2022 7:00,13.566
2/16/2022 8:00,29.553
2/16/2022 9:00,46.988
2/16/2022 10:00,57.884
2/16/2022 11:00,59.403
2/16/2022 12:00,58.098
2/16/2022 13:00,44.193
2/16/2022 14:00,23.278
2/16/2022 15:00,4.549
2/16/2022 16:00,0.017
2/16/2022 17:00,0
2/16/2022 18:00,0
2/16/2022 19:00,0
2/16/2022 20:00,0
2/16/2022 21:00,0
2/16/2022 22:00,0
2/16/2022 23:00,0
2/17/2022 0:00,0
2/17/2022 1:00,0
2/17/2022 2:00,0
2/17/2022 3:00,0
2/17/2022 4:00,0
2/17/2022 5:00,0
2/17/2022 6:00,2.955
2/17/2022 7:00,45.745
2/17/2022 8:00,103.752
2/17/2022 9:00,159.465
2/17/2022 10:00,201.456
2/17/2022 11:00,205.352
2/17/2022 12:00,182.546
2/17/2022 13:00,112.852
2/17/2022 14:00,58.387
2/17/2022 15:00,18.275
2/17/2022 16:00,0.091
2/17/2022 17:00,0
2/17/2022 18:00,0
2/17/2022 19:00,0
2/17/2022 20:00,0
2/17/2022 21:00,0
2/17/2022 22:00,0
2/17/2022 23:00,0
2/18/2022 0:00,0
2/18/2022 1:00,0
2/18/2022 2:00,0
2/18/2022 3:00,0
2/18/2022 4:00,0
2/18/2022 5:00,0
2/18/2022 6:00,9.006
2/18/2022 7:00,67.071
2/18/2022 8:00,105.428
2/18/2022 9:00,125.713
2/18/2022 10:00,129.582
2/18/2022 11:00,113.821
2/18/2022 12:00,85.387
2/18/2022 13:00,54.589
2/18/2022 14:00,34.507
2/18/2022 15:00,11.624
2/18/2022 16:00,0.078
2/18/2022 17:00,0
2/18/2022 18:00,0
2/18/2022 19:00,0
2/18/2022 20:00,0
2/18/2022 21:00,0
2/18/2022 22:00,0
2/18/2022 23:00,0
2/19/2022 0:00,0
2/19/2022 1:00,0
2/19/2022 2:00,0
2/19/2022 3:00,0
2/19/2022 4:00,0
2/19/2022 5:00,0
2/19/2022 6:00,5.609
2/19/2022 7:00,75.439
2/19/2022 8:00,183.567
2/19/2022 9:00,263.225
2/19/2022 10:00,299.939
2/19/2022 11:00,277.538
2/19/2022 12:00,217.049
2/19/2022 13:00,160.353
2/19/2022 14:00,95.825
2/19/2022 15:00,31.145
2/19/2022 16:00,0.364
2/19/2022 17:00,0
2/19/2022 18:00,0
2/19/2022 19:00,0
2/19/2022 20:00,0
2/19/2022 21:00,0
2/19/2022 22:00,0
2/19/2022 23:00,0
2/20/2022 0:00,0
2/20/2022 1:00,0
2/20/2022 2:00,0
2/20/2022 3:00,0
2/20/2022 4:00,0
2/20/2022 5:00,0
2/20/2022 6:00,9.585
2/20/2022 7:00,52.094
2/20/2022 8:00,97.447
2/20/2022 9:00,107.595
2/20/2022 10:00,101.734
2/20/2022 11:00,88.942
2/20/2022 12:00,75.58
2/20/2022 13:00,54.27
2/20/2022 14:00,30.777
2/20/2022 15:00,6.339
2/20/2022 16:00,0.118
2/20/2022 17:00,0
2/20/2022 18:00,0
2/20/2022 19:00,0
2/20/2022 20:00,0
2/20/2022 21:00,0
2/20/2022 22:00,0
2/20/2022 23:00,0
2/21/2022 0:00,0
2/21/2022 1:00,0
2/21/2022 2:00,0
2/21/2022 3:00,0
2/21/2022 4:00,0
2/21/2022 5:00,0
2/21/2022 6:00,4.028
2/21/2022 7:00,38.687
2/21/2022 8:00,99.678
2/21/2022 9:00,173.341
2/21/2022 10:00,246.952
2/21/2022 11:00,268.377
2/21/2022 12:00,225.772
2/21/2022 13:00,157.824
2/21/2022 14:00,100.009
2/21/2022 15:00,40.389
2/21/2022 16:00,1.125
2/21/2022 17:00,0
2/21/2022 18:00,0
2/21/2022 19:00,0
2/21/2022 20:00,0
2/21/2022 21:00,0
2/21/2022 22:00,0
2/21/2022 23:00,0
2/22/2022 0:00,0
2/22/2022 1:00,0
2/22/2022 2:00,0
2/22/2022 3:00,0
2/22/2022 4:00,0
2/22/2022 5:00,0
2/22/2022 6:00,18.999
2/22/2022 7:00,116.195
2/22/2022 8:00,207.562
2/22/2022 9:00,266.527
2/22/2022 10:00,263.574
2/22/2022 11:00,218.704
2/22/2022 12:00,146.583
2/22/2022 13:00,86.455
2/22/2022 14:00,41.73
2/22/2022 15:00,11.257
2/22/2022 16:00,0.112
2/22/2022 17:00,0
2/22/2022 18:00,0
2/22/2022 19:00,0
2/22/2022 20:00,0
2/22/2022 21:00,0
2/22/2022 22:00,0
2/22/2022 23:00,0
2/23/2022 0:00,0
2/23/2022 1:00,0
2/23/2022 2:00,0
2/23/2022 3:00,0
2/23/2022 4:00,0
2/23/2022 5:00,0
2/23/2022 6:00,14.89
2/23/2022 7:00,91.301
2/23/2022 8:00,202.322
2/23/2022 9:00,312.966
2/23/2022 10:00,381.027
2/23/2022 11:00,398.658
2/23/2022 12:00,370.152
2/23/2022 13:00,273.126
2/23/2022 14:00,151.373
2/23/2022 15:00,47.613
2/23/2022 16:00,2.006
2/23/2022 17:00,0
2/23/2022 18:00,0
2/23/2022 19:00,0
2/23/2022 20:00,0
2/23/2022 21:00,0
2/23/2022 22:00,0
2/23/2022 23:00,0
2/24/2022 0:00,0
2/24/2022 1:00,0
2/24/2022 2:00,0
2/24/2022 3:00,0
2/24/2022 4:00,0
2/24/2022 5:00,0.001
2/24/2022 6:00,9.177
2/24/2022 7:00,40.472
2/24/2022 8:00,64.582
2/24/2022 9:00,83.24
2/24/2022 10:00,99.757
2/24/2022 11:00,107.974
2/24/2022 12:00,110.819
2/24/2022 13:00,107.611
2/24/2022 14:00,74.414
2/24/2022 15:00,27.893
2/24/2022 16:00,0.856
2/24/2022 17:00,0
2/24/2022 18:00,0
2/24/2022 19:00,0
2/24/2022 20:00,0
2/24/2022 21:00,0
2/24/2022 22:00,0
2/24/2022 23:00,0
2/25/2022 0:00,0
2/25/2022 1:00,0
2/25/2022 2:00,0
2/25/2022 3:00,0
2/25/2022 4:00,0
2/25/2022 5:00,0.001
2/25/2022 6:00,13.251
2/25/2022 7:00,63.294
2/25/2022 8:00,123.572
2/25/2022 9:00,176.216
2/25/2022 10:00,221.528
2/25/2022 11:00,247.861
2/25/2022 12:00,235.37
2/25/2022 13:00,195.081
2/25/2022 14:00,118.345
2/25/2022 15:00,49.242
2/25/2022 16:00,2.701
2/25/2022 17:00,0
2/25/2022 18:00,0
2/25/2022 19:00,0
2/25/2022 20:00,0
2/25/2022 21:00,0
2/25/2022 22:00,0
2/25/2022 23:00,0
2/26/2022 0:00,0
2/26/2022 1:00,0
2/26/2022 2:00,0
2/26/2022 3:00,0
2/26/2022 4:00,0
2/26/2022 5:00,0.002
2/26/2022 6:00,30.368
2/26/2022 7:00,146.081
2/26/2022 8:00,274.095
2/26/2022 9:00,371.428
2/26/2022 10:00,428.897
2/26/2022 11:00,441.447
2/26/2022 12:00,407.854
2/26/2022 13:00,332.407
2/26/2022 14:00,222.703
2/26/2022 15:00,95.297
2/26/2022 16:00,6.021
2/26/2022 17:00,0
2/26/2022 18:00,0
2/26/2022 19:00,0
2/26/2022 20:00,0
2/26/2022 21:00,0
2/26/2022 22:00,0
2/26/2022 23:00,0
2/27/2022 0:00,0
2/27/2022 1:00,0
2/27/2022 2:00,0
2/27/2022 3:00,0
2/27/2022 4:00,0
2/27/2022 5:00,0.007
2/27/2022 6:00,31.635
2/27/2022 7:00,143.576
2/27/2022 8:00,275.966
2/27/2022 9:00,378.538
2/27/2022 10:00,435.781
2/27/2022 11:00,448.543
2/27/2022 12:00,415.497
2/27/2022 13:00,340.024
2/27/2022 14:00,229.879
2/27/2022 15:00,101.268
2/27/2022 16:00,7.529
2/27/2022 17:00,0
2/27/2022 18:00,0
2/27/2022 19:00,0
2/27/2022 20:00,0
2/27/2022 21:00,0
2/27/2022 22:00,0
2/27/2022 23:00,0
2/28/2022 0:00,0
2/28/2022 1:00,0
2/28/2022 2:00,0
2/28/2022 3:00,0
2/28/2022 4:00,0
2/28/2022 5:00,0.017
2/28/2022 6:00,34.455
2/28/2022 7:00,149.864
2/28/2022 8:00,283.074
2/28/2022 9:00,379.621
2/28/2022 10:00,436.813
2/28/2022 11:00,449.789
2/28/2022 12:00,416.898
2/28/2022 13:00,339.304
2/28/2022 14:00,226.298
2/28/2022 15:00,97.789
2/28/2022 16:00,7.935
2/28/2022 17:00,0
2/28/2022 18:00,0
2/28/2022 19:00,0
2/28/2022 20:00,0
2/28/2022 21:00,0
2/28/2022 22:00,0
2/28/2022 23:00,0
3/1/2022 0:00,0
3/1/2022 1:00,0
3/1/2022 2:00,0
3/1/2022 3:00,0
3/1/2022 4:00,0
3/1/2022 5:00,0.049
3/1/2022 6:00,32.205
3/1/2022 7:00,107.207
3/1/2022 8:00,179.405
3/1/2022 9:00,209.217
3/1/2022 10:00,201.243
3/1/2022 11:00,165.707
3/1/2022 12:00,144.373
3/1/2022 13:00,113.619
3/1/2022 14:00,74.066
3/1/2022 15:00,32.097
3/1/2022 16:00,3.387
3/1/2022 17:00,0
3/1/2022 18:00,0
3/1/2022 19:00,0
3/1/2022 20:00,0
3/1/2022 21:00,0
3/1/2022 22:00,0
3/1/2022 23:00,0
3/2/2022 0:00,0
3/2/2022 1:00,0
3/2/2022 2:00,0
3/2/2022 3:00,0
3/2/2022 4:00,0
3/2/2022 5:00,0.077
3/2/2022 6:00,26.974
3/2/2022 7:00,104.074
3/2/2022 8:00,199.651
3/2/2022 9:00,281.826
3/2/2022 10:00,352.925
3/2/2022 11:00,410.743
3/2/2022 12:00,402.063
3/2/2022 13:00,337.287
3/2/2022 14:00,235.199
3/2/2022 15:00,110.524
3/2/2022 16:00,12.12
3/2/2022 17:00,0
3/2/2022 18:00,0
3/2/2022 19:00,0
3/2/2022 20:00,0
3/2/2022 21:00,0
3/2/2022 22:00,0
3/2/2022 23:00,0
3/3/2022 0:00,0
3/3/2022 1:00,0
3/3/2022 2:00,0
3/3/2022 3:00,0
3/3/2022 4:00,0
3/3/2022 5:00,0.153
3/3/2022 6:00,33.809
3/3/2022 7:00,123.819
3/3/2022 8:00,240.472
3/3/2022 9:00,358.947
3/3/2022 10:00,445.394
3/3/2022 11:00,470.266
3/3/2022 12:00,438.736
3/3/2022 13:00,364.098
3/3/2022 14:00,254.08
3/3/2022 15:00,123.177
3/3/2022 16:00,15.105
3/3/2022 17:00,0
3/3/2022 18:00,0
3/3/2022 19:00,0
3/3/2022 20:00,0
3/3/2022 21:00,0
3/3/2022 22:00,0
3/3/2022 23:00,0
3/4/2022 0:00,0
3/4/2022 1:00,0
3/4/2022 2:00,0
3/4/2022 3:00,0
3/4/2022 4:00,0
3/4/2022 5:00,0.337
3/4/2022 6:00,41.793
3/4/2022 7:00,138.348
3/4/2022 8:00,253.505
3/4/2022 9:00,364.54
3/4/2022 10:00,444.336
3/4/2022 11:00,464.586
3/4/2022 12:00,442.467
3/4/2022 13:00,370.88
3/4/2022 14:00,260.001
3/4/2022 15:00,127.748
3/4/2022 16:00,17.235
3/4/2022 17:00,0
3/4/2022 18:00,0
3/4/2022 19:00,0
3/4/2022 20:00,0
3/4/2022 21:00,0
3/4/2022 22:00,0
3/4/2022 23:00,0
3/5/2022 0:00,0
3/5/2022 1:00,0
3/5/2022 2:00,0
3/5/2022 3:00,0
3/5/2022 4:00,0
3/5/2022 5:00,0.581
3/5/2022 6:00,56.085
3/5/2022 7:00,176.916
3/5/2022 8:00,304.043
3/5/2022 9:00,395.62
3/5/2022 10:00,449.842
3/5/2022 11:00,449.341
3/5/2022 12:00,406.514
3/5/2022 13:00,330.44
3/5/2022 14:00,228.704
3/5/2022 15:00,109.191
3/5/2022 16:00,14.707
3/5/2022 17:00,0
3/5/2022 18:00,0
3/5/2022 19:00,0
3/5/2022 20:00,0
3/5/2022 21:00,0
3/5/2022 22:00,0
3/5/2022 23:00,0
3/6/2022 0:00,0
3/6/2022 1:00,0
3/6/2022 2:00,0
3/6/2022 3:00,0
3/6/2022 4:00,0
3/6/2022 5:00,0.796
3/6/2022 6:00,51.173
3/6/2022 7:00,155.913
3/6/2022 8:00,263.271
3/6/2022 9:00,364.804
3/6/2022 10:00,434.597
3/6/2022 11:00,449.979
3/6/2022 12:00,427.868
3/6/2022 13:00,368.702
3/6/2022 14:00,266.917
3/6/2022 15:00,138.591
3/6/2022 16:00,23.017
3/6/2022 17:00,0
3/6/2022 18:00,0
3/6/2022 19:00,0
3/6/2022 20:00,0
3/6/2022 21:00,0
3/6/2022 22:00,0
3/6/2022 23:00,0
3/7/2022 0:00,0
3/7/2022 1:00,0
3/7/2022 2:00,0
3/7/2022 3:00,0
3/7/2022 4:00,0
3/7/2022 5:00,1.041
3/7/2022 6:00,62.361
3/7/2022 7:00,188.407
3/7/2022 8:00,304.174
3/7/2022 9:00,408.293
3/7/2022 10:00,475.614
3/7/2022 11:00,490.059
3/7/2022 12:00,458.62
3/7/2022 13:00,388.812
3/7/2022 14:00,278.13
3/7/2022 15:00,144.91
3/7/2022 16:00,25.607
3/7/2022 17:00,0
3/7/2022 18:00,0
3/7/2022 19:00,0
3/7/2022 20:00,0
3/7/2022 21:00,0
3/7/2022 22:00,0
3/7/2022 23:00,0
3/8/2022 0:00,0
3/8/2022 1:00,0
3/8/2022 2:00,0
3/8/2022 3:00,0
3/8/2022 4:00,0
3/8/2022 5:00,0.7
3/8/2022 6:00,31.968
3/8/2022 7:00,103.38
3/8/2022 8:00,210.074
3/8/2022 9:00,323.89
3/8/2022 10:00,402.071
3/8/2022 11:00,461.41
3/8/2022 12:00,448.98
3/8/2022 13:00,381.734
3/8/2022 14:00,275.579
3/8/2022 15:00,144.038
3/8/2022 16:00,26.726
3/8/2022 17:00,0
3/8/2022 18:00,0
3/8/2022 19:00,0
3/8/2022 20:00,0
3/8/2022 21:00,0
3/8/2022 22:00,0
3/8/2022 23:00,0
3/9/2022 0:00,0
3/9/2022 1:00,0
3/9/2022 2:00,0
3/9/2022 3:00,0
3/9/2022 4:00,0
3/9/2022 5:00,1.978
3/9/2022 6:00,59.668
3/9/2022 7:00,177.348
3/9/2022 8:00,314.326
3/9/2022 9:00,424.857
3/9/2022 10:00,494.807
3/9/2022 11:00,510.273
3/9/2022 12:00,475.424
3/9/2022 13:00,397.275
3/9/2022 14:00,284.475
3/9/2022 15:00,151.161
3/9/2022 16:00,30.32
3/9/2022 17:00,0
3/9/2022 18:00,0
3/9/2022 19:00,0
3/9/2022 20:00,0
3/9/2022 21:00,0
3/9/2022 22:00,0
3/9/2022 23:00,0
3/10/2022 0:00,0
3/10/2022 1:00,0
3/10/2022 2:00,0
3/10/2022 3:00,0
3/10/2022 4:00,0
3/10/2022 5:00,1.55
3/10/2022 6:00,42.194
3/10/2022 7:00,143.579
3/10/2022 8:00,264.982
3/10/2022 9:00,387.737
3/10/2022 10:00,473.614
3/10/2022 11:00,481.857
3/10/2022 12:00,443.58
3/10/2022 13:00,367.457
3/10/2022 14:00,265.203
3/10/2022 15:00,140.326
3/10/2022 16:00,31.593
3/10/2022 17:00,0.002
3/10/2022 18:00,0
3/10/2022 19:00,0
3/10/2022 20:00,0
3/10/2022 21:00,0
3/10/2022 22:00,0
3/10/2022 23:00,0
3/11/2022 0:00,0
3/11/2022 1:00,0
3/11/2022 2:00,0
3/11/2022 3:00,0
3/11/2022 4:00,0
3/11/2022 5:00,4.631
3/11/2022 6:00,94.469
3/11/2022 7:00,236.062
3/11/2022 8:00,366.558
3/11/2022 9:00,465.87
3/11/2022 10:00,525.054
3/11/2022 11:00,537.944
3/11/2022 12:00,503.152
3/11/2022 13:00,425.212
3/11/2022 14:00,310.92
3/11/2022 15:00,172.946
3/11/2022 16:00,40.64
3/11/2022 17:00,0.01
3/11/2022 18:00,0
3/11/2022 19:00,0
3/11/2022 20:00,0
3/11/2022 21:00,0
3/11/2022 22:00,0
3/11/2022 23:00,0
3/12/2022 0:00,0
3/12/2022 1:00,0
3/12/2022 2:00,0
3/12/2022 3:00,0
3/12/2022 4:00,0
3/12/2022 5:00,5.865
3/12/2022 6:00,100.761
3/12/2022 7:00,242.407
3/12/2022 8:00,370.127
3/12/2022 9:00,463.862
3/12/2022 10:00,517.6
3/12/2022 11:00,526.825
3/12/2022 12:00,490.27
3/12/2022 13:00,411.951
3/12/2022 14:00,301.626
3/12/2022 15:00,168.058
3/12/2022 16:00,40.918
3/12/2022 17:00,0.026
3/12/2022 18:00,0
3/12/2022 19:00,0
3/12/2022 20:00,0
3/12/2022 21:00,0
3/12/2022 22:00,0
3/12/2022 23:00,0
3/13/2022 0:00,0
3/13/2022 1:00,0
3/13/2022 2:00,0
3/13/2022 3:00,0
3/13/2022 4:00,0
3/13/2022 5:00,6.664
3/13/2022 6:00,90.468
3/13/2022 7:00,227.69
3/13/2022 8:00,357.717
3/13/2022 9:00,459.212
3/13/2022 10:00,520.53
3/13/2022 11:00,537.556
3/13/2022 12:00,505.262
3/13/2022 13:00,429.031
3/13/2022 14:00,315.483
3/13/2022 15:00,178.41
3/13/2022 16:00,46.175
3/13/2022 17:00,0.069
3/13/2022 18:00,0
3/13/2022 19:00,0
3/13/2022 20:00,0
3/13/2022 21:00,0
3/13/2022 22:00,0
3/13/2022 23:00,0
3/14/2022 0:00,0
3/14/2022 1:00,0
3/14/2022 2:00,0
3/14/2022 3:00,0
3/14/2022 4:00,0
3/14/2022 5:00,7.973
3/14/2022 6:00,101.438
3/14/2022 7:00,239.853
3/14/2022 8:00,368.503
3/14/2022 9:00,464.156
3/14/2022 10:00,518.466
3/14/2022 11:00,524.749
3/14/2022 12:00,480.86
3/14/2022 13:00,391.568
3/14/2022 14:00,276.688
3/14/2022 15:00,150.143
3/14/2022 16:00,37.496
3/14/2022 17:00,0.097
3/14/2022 18:00,0
3/14/2022 19:00,0
3/14/2022 20:00,0
3/14/2022 21:00,0
3/14/2022 22:00,0
3/14/2022 23:00,0
3/15/2022 0:00,0
3/15/2022 1:00,0
3/15/2022 2:00,0
3/15/2022 3:00,0
3/15/2022 4:00,0
3/15/2022 5:00,2.235
3/15/2022 6:00,24.677
3/15/2022 7:00,70.127
3/15/2022 8:00,110.871
3/15/2022 9:00,155.053
3/15/2022 10:00,203.898
3/15/2022 11:00,253.619
3/15/2022 12:00,287.616
3/15/2022 13:00,271.011
3/15/2022 14:00,206.279
3/15/2022 15:00,119.952
3/15/2022 16:00,35.942
3/15/2022 17:00,0.231
3/15/2022 18:00,0
3/15/2022 19:00,0
3/15/2022 20:00,0
3/15/2022 21:00,0
3/15/2022 22:00,0
3/15/2022 23:00,0
3/16/2022 0:00,0
3/16/2022 1:00,0
3/16/2022 2:00,0
3/16/2022 3:00,0
3/16/2022 4:00,0
3/16/2022 5:00,5.55
3/16/2022 6:00,57.574
3/16/2022 7:00,153.547
3/16/2022 8:00,276.276
3/16/2022 9:00,387.278
3/16/2022 10:00,463.5
3/16/2022 11:00,464.07
3/16/2022 12:00,429.589
3/16/2022 13:00,354.017
3/16/2022 14:00,246.066
3/16/2022 15:00,125.877
3/16/2022 16:00,34.618
3/16/2022 17:00,0.302
3/16/2022 18:00,0
3/16/2022 19:00,0
3/16/2022 20:00,0
3/16/2022 21:00,0
3/16/2022 22:00,0
3/16/2022 23:00,0
3/17/2022 0:00,0
3/17/2022 1:00,0
3/17/2022 2:00,0
3/17/2022 3:00,0
3/17/2022 4:00,0
3/17/2022 5:00,4.277
3/17/2022 6:00,33.607
3/17/2022 7:00,78.186
3/17/2022 8:00,128.085
3/17/2022 9:00,162.675
3/17/2022 10:00,168.035
3/17/2022 11:00,149.419
3/17/2022 12:00,124.015
3/17/2022 13:00,109.917
3/17/2022 14:00,98.334
3/17/2022 15:00,76.507
3/17/2022 16:00,32.354
3/17/2022 17:00,0.647
3/17/2022 18:00,0
3/17/2022 19:00,0
3/17/2022 20:00,0
3/17/2022 21:00,0
3/17/2022 22:00,0
3/17/2022 23:00,0
3/18/2022 0:00,0
3/18/2022 1:00,0
3/18/2022 2:00,0
3/18/2022 3:00,0
3/18/2022 4:00,0
3/18/2022 5:00,4.608
3/18/2022 6:00,44.322
3/18/2022 7:00,114.023
3/18/2022 8:00,219.758
3/18/2022 9:00,339.186
3/18/2022 10:00,455.806
3/18/2022 11:00,526.588
3/18/2022 12:00,523.467
3/18/2022 13:00,457.371
3/18/2022 14:00,346.491
3/18/2022 15:00,209.769
3/18/2022 16:00,70.49
3/18/2022 17:00,1.188
3/18/2022 18:00,0
3/18/2022 19:00,0
3/18/2022 20:00,0
3/18/2022 21:00,0
3/18/2022 22:00,0
3/18/2022 23:00,0
3/19/2022 0:00,0
3/19/2022 1:00,0
3/19/2022 2:00,0
3/19/2022 3:00,0
3/19/2022 4:00,0
3/19/2022 5:00,16.503
3/19/2022 6:00,120.83
3/19/2022 7:00,270.349
3/19/2022 8:00,406.418
3/19/2022 9:00,505.135
3/19/2022 10:00,562.435
3/19/2022 11:00,574.618
3/19/2022 12:00,540.739
3/19/2022 13:00,464.399
3/19/2022 14:00,352.177
3/19/2022 15:00,215.485
3/19/2022 16:00,75.566
3/19/2022 17:00,1.726
3/19/2022 18:00,0
3/19/2022 19:00,0
3/19/2022 20:00,0
3/19/2022 21:00,0
3/19/2022 22:00,0
3/19/2022 23:00,0
3/20/2022 0:00,0
3/20/2022 1:00,0
3/20/2022 2:00,0
3/20/2022 3:00,0
3/20/2022 4:00,0
3/20/2022 5:00,11.226
3/20/2022 6:00,80.692
3/20/2022 7:00,201.517
3/20/2022 8:00,372.973
3/20/2022 9:00,497.878
3/20/2022 10:00,561.332
3/20/2022 11:00,577.495
3/20/2022 12:00,545.662
3/20/2022 13:00,469.582
3/20/2022 14:00,356.023
3/20/2022 15:00,217.281
3/20/2022 16:00,76.87
3/20/2022 17:00,2.22
3/20/2022 18:00,0
3/20/2022 19:00,0
3/20/2022 20:00,0
3/20/2022 21:00,0
3/20/2022 22:00,0
3/20/2022 23:00,0
3/21/2022 0:00,0
3/21/2022 1:00,0
3/21/2022 2:00,0
3/21/2022 3:00,0
3/21/2022 4:00,0
3/21/2022 5:00,18.753
3/21/2022 6:00,120.723
3/21/2022 7:00,250.225
3/21/2022 8:00,368.641
3/21/2022 9:00,461.47
3/21/2022 10:00,514.534
3/21/2022 11:00,527.029
3/21/2022 12:00,491.338
3/21/2022 13:00,418.69
3/21/2022 14:00,316.824
3/21/2022 15:00,191.26
3/21/2022 16:00,68.323
3/21/2022 17:00,2.545
3/21/2022 18:00,0
3/21/2022 19:00,0
3/21/2022 20:00,0
3/21/2022 21:00,0
3/21/2022 22:00,0
3/21/2022 23:00,0
3/22/2022 0:00,0
3/22/2022 1:00,0
3/22/2022 2:00,0
3/22/2022 3:00,0
3/22/2022 4:00,0
3/22/2022 5:00,20.761
3/22/2022 6:00,120.891
3/22/2022 7:00,251.903
3/22/2022 8:00,377.039
3/22/2022 9:00,478.524
3/22/2022 10:00,534.766
3/22/2022 11:00,542.828
3/22/2022 12:00,502.562
3/22/2022 13:00,424.897
3/22/2022 14:00,316.969
3/22/2022 15:00,188.293
3/22/2022 16:00,68.464
3/22/2022 17:00,3.25
3/22/2022 18:00,0
3/22/2022 19:00,0
3/22/2022 20:00,0
3/22/2022 21:00,0
3/22/2022 22:00,0
3/22/2022 23:00,0
3/23/2022 0:00,0
3/23/2022 1:00,0
3/23/2022 2:00,0
3/23/2022 3:00,0
3/23/2022 4:00,0.001
3/23/2022 5:00,22.311
3/23/2022 6:00,116.184
3/23/2022 7:00,245.228
3/23/2022 8:00,379.361
3/23/2022 9:00,493.725
3/23/2022 10:00,555.286
3/23/2022 11:00,569.815
3/23/2022 12:00,529.231
3/23/2022 13:00,453.985
3/23/2022 14:00,343.742
3/23/2022 15:00,211.508
3/23/2022 16:00,80.046
3/23/2022 17:00,4.277
3/23/2022 18:00,0
3/23/2022 19:00,0
3/23/2022 20:00,0
3/23/2022 21:00,0
3/23/2022 22:00,0
3/23/2022 23:00,0
3/24/2022 0:00,0
3/24/2022 1:00,0
3/24/2022 2:00,0
3/24/2022 3:00,0
3/24/2022 4:00,0.002
3/24/2022 5:00,26.957
3/24/2022 6:00,137.718
3/24/2022 7:00,272.727
3/24/2022 8:00,405.8
3/24/2022 9:00,498.895
3/24/2022 10:00,556.818
3/24/2022 11:00,569.593
3/24/2022 12:00,538.367
3/24/2022 13:00,463.086
3/24/2022 14:00,352.698
3/24/2022 15:00,219.741
3/24/2022 16:00,86.028
3/24/2022 17:00,5.338
3/24/2022 18:00,0
3/24/2022 19:00,0
3/24/2022 20:00,0
3/24/2022 21:00,0
3/24/2022 22:00,0
3/24/2022 23:00,0
3/25/2022 0:00,0
3/25/2022 1:00,0
3/25/2022 2:00,0
3/25/2022 3:00,0
3/25/2022 4:00,0.003
3/25/2022 5:00,14.9
3/25/2022 6:00,77.711
3/25/2022 7:00,223.891
3/25/2022 8:00,374.765
3/25/2022 9:00,495.343
3/25/2022 10:00,545.424
3/25/2022 11:00,553.986
3/25/2022 12:00,527.976
3/25/2022 13:00,472.962
3/25/2022 14:00,368.985
3/25/2022 15:00,236.021
3/25/2022 16:00,97.674
3/25/2022 17:00,7.066
3/25/2022 18:00,0
3/25/2022 19:00,0
3/25/2022 20:00,0
3/25/2022 21:00,0
3/25/2022 22:00,0
3/25/2022 23:00,0
3/26/2022 0:00,0
3/26/2022 1:00,0
3/26/2022 2:00,0
3/26/2022 3:00,0
3/26/2022 4:00,0.004
3/26/2022 5:00,11.773
3/26/2022 6:00,56.214
3/26/2022 7:00,125.213
3/26/2022 8:00,242.925
3/26/2022 9:00,391.622
3/26/2022 10:00,506.652
3/26/2022 11:00,564.66
3/26/2022 12:00,564.058
3/26/2022 13:00,501.279
3/26/2022 14:00,392.15
3/26/2022 15:00,255.212
3/26/2022 16:00,110.375
3/26/2022 17:00,9.354
3/26/2022 18:00,0
3/26/2022 19:00,0
3/26/2022 20:00,0
3/26/2022 21:00,0
3/26/2022 22:00,0
3/26/2022 23:00,0
3/27/2022 0:00,0
3/27/2022 1:00,0
3/27/2022 2:00,0
3/27/2022 3:00,0
3/27/2022 4:00,0.043
3/27/2022 5:00,40.619
3/27/2022 6:00,153.414
3/27/2022 7:00,298.913
3/27/2022 8:00,428.525
3/27/2022 9:00,536.593
3/27/2022 10:00,588.199
3/27/2022 11:00,597.134
3/27/2022 12:00,567.071
3/27/2022 13:00,497.901
3/27/2022 14:00,390.026
3/27/2022 15:00,255.593
3/27/2022 16:00,112.507
3/27/2022 17:00,10.692
3/27/2022 18:00,0
3/27/2022 19:00,0
3/27/2022 20:00,0
3/27/2022 21:00,0
3/27/2022 22:00,0
3/27/2022 23:00,0
3/28/2022 0:00,0
3/28/2022 1:00,0
3/28/2022 2:00,0
3/28/2022 3:00,0
3/28/2022 4:00,0.053
3/28/2022 5:00,14.876
3/28/2022 6:00,51.922
3/28/2022 7:00,121.811
3/28/2022 8:00,289.945
3/28/2022 9:00,427.299
3/28/2022 10:00,518.325
3/28/2022 11:00,557.223
3/28/2022 12:00,550.294
3/28/2022 13:00,486.19
3/28/2022 14:00,378.236
3/28/2022 15:00,238.337
3/28/2022 16:00,94.869
3/28/2022 17:00,8.127
3/28/2022 18:00,0
3/28/2022 19:00,0
3/28/2022 20:00,0
3/28/2022 21:00,0
3/28/2022 22:00,0
3/28/2022 23:00,0
3/29/2022 0:00,0
3/29/2022 1:00,0
3/29/2022 2:00,0
3/29/2022 3:00,0
3/29/2022 4:00,0.08
3/29/2022 5:00,25.216
3/29/2022 6:00,102.339
3/29/2022 7:00,215.169
3/29/2022 8:00,305.752
3/29/2022 9:00,371.891
3/29/2022 10:00,466.57
3/29/2022 11:00,557.142
3/29/2022 12:00,549.321
3/29/2022 13:00,462.64
3/29/2022 14:00,343.731
3/29/2022 15:00,205.504
3/29/2022 16:00,83.07
3/29/2022 17:00,9.917
3/29/2022 18:00,0
3/29/2022 19:00,0
3/29/2022 20:00,0
3/29/2022 21:00,0
3/29/2022 22:00,0
3/29/2022 23:00,0
3/30/2022 0:00,0
3/30/2022 1:00,0
3/30/2022 2:00,0
3/30/2022 3:00,0
3/30/2022 4:00,0.27
3/30/2022 5:00,41.457
3/30/2022 6:00,142.008
3/30/2022 7:00,245.43
3/30/2022 8:00,327.627
3/30/2022 9:00,361.787
3/30/2022 10:00,362.607
3/30/2022 11:00,342.52
3/30/2022 12:00,304.442
3/30/2022 13:00,263.698
3/30/2022 14:00,217.418
3/30/2022 15:00,152.919
3/30/2022 16:00,75.52
3/30/2022 17:00,10.834
3/30/2022 18:00,0
3/30/2022 19:00,0
3/30/2022 20:00,0
3/30/2022 21:00,0
3/30/2022 22:00,0
3/30/2022 23:00,0
3/31/2022 0:00,0
3/31/2022 1:00,0
3/31/2022 2:00,0
3/31/2022 3:00,0
3/31/2022 4:00,0.53
3/31/2022 5:00,54.342
3/31/2022 6:00,179.832
3/31/2022 7:00,307.722
3/31/2022 8:00,411.325
3/31/2022 9:00,471.18
3/31/2022 10:00,492.527
3/31/2022 11:00,491.246
3/31/2022 12:00,465.724
3/31/2022 13:00,407.117
3/31/2022 14:00,318.44
3/31/2022 15:00,209.359
3/31/2022 16:00,98.441
3/31/2022 17:00,14.597
3/31/2022 18:00,0
3/31/2022 19:00,0
3/31/2022 20:00,0
3/31/2022 21:00,0
3/31/2022 22:00,0
3/31/2022 23:00,0
4/1/2022 0:00,0
4/1/2022 1:00,0
4/1/2022 2:00,0
4/1/2022 3:00,0
4/1/2022 4:00,0.651
4/1/2022 5:00,45.641
4/1/2022 6:00,150.914
4/1/2022 7:00,271.068
4/1/2022 8:00,371.872
4/1/2022 9:00,442.347
4/1/2022 10:00,492.239
4/1/2022 11:00,492.091
4/1/2022 12:00,455.44
4/1/2022 13:00,401.321
4/1/2022 14:00,318.919
4/1/2022 15:00,212.028
4/1/2022 16:00,99.55
4/1/2022 17:00,16.564
4/1/2022 18:00,0
4/1/2022 19:00,0
4/1/2022 20:00,0
4/1/2022 21:00,0
4/1/2022 22:00,0
4/1/2022 23:00,0
4/2/2022 0:00,0
4/2/2022 1:00,0
4/2/2022 2:00,0
4/2/2022 3:00,0
4/2/2022 4:00,1.19
4/2/2022 5:00,62.784
4/2/2022 6:00,190.994
4/2/2022 7:00,326.649
4/2/2022 8:00,436.305
4/2/2022 9:00,499.442
4/2/2022 10:00,525.792
4/2/2022 11:00,530.084
4/2/2022 12:00,501.216
4/2/2022 13:00,434.682
4/2/2022 14:00,339.478
4/2/2022 15:00,232.014
4/2/2022 16:00,122.48
4/2/2022 17:00,22.158
4/2/2022 18:00,0
4/2/2022 19:00,0
4/2/2022 20:00,0
4/2/2022 21:00,0
4/2/2022 22:00,0
4/2/2022 23:00,0
4/3/2022 0:00,0
4/3/2022 1:00,0
4/3/2022 2:00,0
4/3/2022 3:00,0
4/3/2022 4:00,1.394
4/3/2022 5:00,47.5
4/3/2022 6:00,151.758
4/3/2022 7:00,262.07
4/3/2022 8:00,351.312
4/3/2022 9:00,425.91
4/3/2022 10:00,474.626
4/3/2022 11:00,484.607
4/3/2022 12:00,470.071
4/3/2022 13:00,416.972
4/3/2022 14:00,321.967
4/3/2022 15:00,194.971
4/3/2022 16:00,90.576
4/3/2022 17:00,14.897
4/3/2022 18:00,0
4/3/2022 19:00,0
4/3/2022 20:00,0
4/3/2022 21:00,0
4/3/2022 22:00,0
4/3/2022 23:00,0
4/4/2022 0:00,0
4/4/2022 1:00,0
4/4/2022 2:00,0
4/4/2022 3:00,0
4/4/2022 4:00,0.366
4/4/2022 5:00,10.229
4/4/2022 6:00,28.737
4/4/2022 7:00,51.08
4/4/2022 8:00,69.57
4/4/2022 9:00,80.223
4/4/2022 10:00,87.82
4/4/2022 11:00,90.543
4/4/2022 12:00,101.494
4/4/2022 13:00,128.639
4/4/2022 14:00,147.692
4/4/2022 15:00,114.967
4/4/2022 16:00,79.104
4/4/2022 17:00,20.398
4/4/2022 18:00,0.001
4/4/2022 19:00,0
4/4/2022 20:00,0
4/4/2022 21:00,0
4/4/2022 22:00,0
4/4/2022 23:00,0
4/5/2022 0:00,0
4/5/2022 1:00,0
4/5/2022 2:00,0
4/5/2022 3:00,0
4/5/2022 4:00,2.83
4/5/2022 5:00,71
4/5/2022 6:00,192.19
4/5/2022 7:00,307.722
4/5/2022 8:00,388.594
4/5/2022 9:00,464.393
4/5/2022 10:00,487.152
4/5/2022 11:00,477.318
4/5/2022 12:00,445.485
4/5/2022 13:00,381.019
4/5/2022 14:00,304.943
4/5/2022 15:00,211.558
4/5/2022 16:00,115.801
4/5/2022 17:00,25.485
4/5/2022 18:00,0.002
4/5/2022 19:00,0
4/5/2022 20:00,0
4/5/2022 21:00,0
4/5/2022 22:00,0
4/5/2022 23:00,0
4/6/2022 0:00,0
4/6/2022 1:00,0
4/6/2022 2:00,0
4/6/2022 3:00,0
4/6/2022 4:00,0.971
4/6/2022 5:00,17.959
4/6/2022 6:00,43.398
4/6/2022 7:00,64.473
4/6/2022 8:00,82.999
4/6/2022 9:00,103.632
4/6/2022 10:00,137.105
4/6/2022 11:00,166.08
4/6/2022 12:00,186.783
4/6/2022 13:00,189.349
4/6/2022 14:00,134.229
4/6/2022 15:00,76.368
4/6/2022 16:00,33.682
4/6/2022 17:00,6.293
4/6/2022 18:00,0.001
4/6/2022 19:00,0
4/6/2022 20:00,0
4/6/2022 21:00,0
4/6/2022 22:00,0
4/6/2022 23:00,0
4/7/2022 0:00,0
4/7/2022 1:00,0
4/7/2022 2:00,0
4/7/2022 3:00,0
4/7/2022 4:00,0.328
4/7/2022 5:00,11.35
4/7/2022 6:00,42.477
4/7/2022 7:00,91.142
4/7/2022 8:00,171.829
4/7/2022 9:00,200.772
4/7/2022 10:00,260.304
4/7/2022 11:00,267.179
4/7/2022 12:00,281.652
4/7/2022 13:00,229.416
4/7/2022 14:00,159.151
4/7/2022 15:00,114.963
4/7/2022 16:00,60.961
4/7/2022 17:00,12.847
4/7/2022 18:00,0.009
4/7/2022 19:00,0
4/7/2022 20:00,0
4/7/2022 21:00,0
4/7/2022 22:00,0
4/7/2022 23:00,0
4/8/2022 0:00,0
4/8/2022 1:00,0
4/8/2022 2:00,0
4/8/2022 3:00,0
4/8/2022 4:00,4.365
4/8/2022 5:00,76.272
4/8/2022 6:00,183.643
4/8/2022 7:00,268.231
4/8/2022 8:00,321.913
4/8/2022 9:00,386.411
4/8/2022 10:00,425.972
4/8/2022 11:00,428.911
4/8/2022 12:00,400.673
4/8/2022 13:00,329.675
4/8/2022 14:00,255.37
4/8/2022 15:00,175.926
4/8/2022 16:00,103.607
4/8/2022 17:00,28.293
4/8/2022 18:00,0.074
4/8/2022 19:00,0
4/8/2022 20:00,0
4/8/2022 21:00,0
4/8/2022 22:00,0
4/8/2022 23:00,0
4/9/2022 0:00,0
4/9/2022 1:00,0
4/9/2022 2:00,0
4/9/2022 3:00,0
4/9/2022 4:00,6.028
4/9/2022 5:00,90.322
4/9/2022 6:00,231.051
4/9/2022 7:00,350.158
4/9/2022 8:00,433.973
4/9/2022 9:00,464.642
4/9/2022 10:00,462.755
4/9/2022 11:00,434.576
4/9/2022 12:00,419.604
4/9/2022 13:00,373.52
4/9/2022 14:00,328.877
4/9/2022 15:00,248.871
4/9/2022 16:00,138.631
4/9/2022 17:00,38.273
4/9/2022 18:00,0.129
4/9/2022 19:00,0
4/9/2022 20:00,0
4/9/2022 21:00,0
4/9/2022 22:00,0
4/9/2022 23:00,0
4/10/2022 0:00,0
4/10/2022 1:00,0
4/10/2022 2:00,0
4/10/2022 3:00,0
4/10/2022 4:00,7.234
4/10/2022 5:00,88.661
4/10/2022 6:00,224.389
4/10/2022 7:00,375.121
4/10/2022 8:00,493.111
4/10/2022 9:00,570.784
4/10/2022 10:00,611.628
4/10/2022 11:00,592.402
4/10/2022 12:00,546.236
4/10/2022 13:00,472.937
4/10/2022 14:00,371.864
4/10/2022 15:00,264.353
4/10/2022 16:00,151.883
4/10/2022 17:00,43.723
4/10/2022 18:00,0.281
4/10/2022 19:00,0
4/10/2022 20:00,0
4/10/2022 21:00,0
4/10/2022 22:00,0
4/10/2022 23:00,0
4/11/2022 0:00,0
4/11/2022 1:00,0
4/11/2022 2:00,0
4/11/2022 3:00,0
4/11/2022 4:00,9.439
4/11/2022 5:00,94.376
4/11/2022 6:00,235.833
4/11/2022 7:00,385.511
4/11/2022 8:00,521.317
4/11/2022 9:00,626.93
4/11/2022 10:00,679.097
4/11/2022 11:00,684.543
4/11/2022 12:00,652.966
4/11/2022 13:00,589.114
4/11/2022 14:00,482.969
4/11/2022 15:00,342.862
4/11/2022 16:00,189.455
4/11/2022 17:00,52.265
4/11/2022 18:00,0.51
4/11/2022 19:00,0
4/11/2022 20:00,0
4/11/2022 21:00,0
4/11/2022 22:00,0
4/11/2022 23:00,0
4/12/2022 0:00,0
4/12/2022 1:00,0
4/12/2022 2:00,0
4/12/2022 3:00,0
4/12/2022 4:00,11.742
4/12/2022 5:00,105.469
4/12/2022 6:00,218.537
4/12/2022 7:00,294.947
4/12/2022 8:00,354.241
4/12/2022 9:00,388.175
4/12/2022 10:00,356.761
4/12/2022 11:00,344.391
4/12/2022 12:00,366.233
4/12/2022 13:00,362.172
4/12/2022 14:00,309.726
4/12/2022 15:00,244.218
4/12/2022 16:00,151.98
4/12/2022 17:00,44.971
4/12/2022 18:00,0.509
4/12/2022 19:00,0
4/12/2022 20:00,0
4/12/2022 21:00,0
4/12/2022 22:00,0
4/12/2022 23:00,0
4/13/2022 0:00,0
4/13/2022 1:00,0
4/13/2022 2:00,0
4/13/2022 3:00,0
4/13/2022 4:00,8.006
4/13/2022 5:00,67.815
4/13/2022 6:00,144.109
4/13/2022 7:00,207.938
4/13/2022 8:00,258.896
4/13/2022 9:00,314.463
4/13/2022 10:00,307.112
4/13/2022 11:00,286.076
4/13/2022 12:00,300.446
4/13/2022 13:00,318.514
4/13/2022 14:00,314.444
4/13/2022 15:00,226.567
4/13/2022 16:00,104.411
4/13/2022 17:00,23.381
4/13/2022 18:00,0.331
4/13/2022 19:00,0
4/13/2022 20:00,0
4/13/2022 21:00,0
4/13/2022 22:00,0
4/13/2022 23:00,0
4/14/2022 0:00,0
4/14/2022 1:00,0
4/14/2022 2:00,0
4/14/2022 3:00,0
4/14/2022 4:00,5.754
4/14/2022 5:00,37.741
4/14/2022 6:00,89.18
4/14/2022 7:00,159.345
4/14/2022 8:00,256.995
4/14/2022 9:00,343.742
4/14/2022 10:00,366.997
4/14/2022 11:00,334.582
4/14/2022 12:00,282.645
4/14/2022 13:00,230.706
4/14/2022 14:00,179.681
4/14/2022 15:00,125.863
4/14/2022 16:00,74.34
4/14/2022 17:00,26.393
4/14/2022 18:00,0.629
4/14/2022 19:00,0
4/14/2022 20:00,0
4/14/2022 21:00,0
4/14/2022 22:00,0
4/14/2022 23:00,0
4/15/2022 0:00,0
4/15/2022 1:00,0
4/15/2022 2:00,0
4/15/2022 3:00,0
4/15/2022 4:00,7.87
4/15/2022 5:00,62.701
4/15/2022 6:00,156.77
4/15/2022 7:00,273.195
4/15/2022 8:00,374.23
4/15/2022 9:00,442.866
4/15/2022 10:00,429.073
4/15/2022 11:00,422.112
4/15/2022 12:00,406.524
4/15/2022 13:00,370.874
4/15/2022 14:00,302.694
4/15/2022 15:00,230.238
4/15/2022 16:00,134.069
4/15/2022 17:00,46.576
4/15/2022 18:00,1.443
4/15/2022 19:00,0
4/15/2022 20:00,0
4/15/2022 21:00,0
4/15/2022 22:00,0
4/15/2022 23:00,0
4/16/2022 0:00,0
4/16/2022 1:00,0
4/16/2022 2:00,0
4/16/2022 3:00,0
4/16/2022 4:00,15.199
4/16/2022 5:00,87.801
4/16/2022 6:00,184.491
4/16/2022 7:00,322.411
4/16/2022 8:00,478.213
4/16/2022 9:00,615.439
4/16/2022 10:00,702.878
4/16/2022 11:00,724.65
4/16/2022 12:00,695.498
4/16/2022 13:00,623.399
4/16/2022 14:00,514.667
4/16/2022 15:00,375.298
4/16/2022 16:00,221.675
4/16/2022 17:00,77.708
4/16/2022 18:00,2.747
4/16/2022 19:00,0
4/16/2022 20:00,0
4/16/2022 21:00,0
4/16/2022 22:00,0
4/16/2022 23:00,0
4/17/2022 0:00,0
4/17/2022 1:00,0
4/17/2022 2:00,0
4/17/2022 3:00,0
4/17/2022 4:00,21.56
4/17/2022 5:00,134.561
4/17/2022 6:00,289.33
4/17/2022 7:00,441.649
4/17/2022 8:00,571.581
4/17/2022 9:00,669.127
4/17/2022 10:00,725.906
4/17/2022 11:00,740.135
4/17/2022 12:00,707.053
4/17/2022 13:00,630.984
4/17/2022 14:00,514.938
4/17/2022 15:00,376.264
4/17/2022 16:00,228.623
4/17/2022 17:00,84.068
4/17/2022 18:00,3.634
4/17/2022 19:00,0
4/17/2022 20:00,0
4/17/2022 21:00,0
4/17/2022 22:00,0
4/17/2022 23:00,0
4/18/2022 0:00,0
4/18/2022 1:00,0
4/18/2022 2:00,0
4/18/2022 3:00,0
4/18/2022 4:00,24.458
4/18/2022 5:00,137.105
4/18/2022 6:00,282.647
4/18/2022 7:00,438.522
4/18/2022 8:00,552.201
4/18/2022 9:00,635.243
4/18/2022 10:00,681.118
4/18/2022 11:00,684.954
4/18/2022 12:00,633.029
4/18/2022 13:00,538.49
4/18/2022 14:00,420.926
4/18/2022 15:00,295.104
4/18/2022 16:00,177.077
4/18/2022 17:00,68.04
4/18/2022 18:00,3.808
4/18/2022 19:00,0
4/18/2022 20:00,0
4/18/2022 21:00,0
4/18/2022 22:00,0
4/18/2022 23:00,0
4/19/2022 0:00,0
4/19/2022 1:00,0
4/19/2022 2:00,0
4/19/2022 3:00,0.001
4/19/2022 4:00,18.068
4/19/2022 5:00,102.116
4/19/2022 6:00,230.585
4/19/2022 7:00,386.627
4/19/2022 8:00,515.405
4/19/2022 9:00,618.6
4/19/2022 10:00,693.315
4/19/2022 11:00,716.931
4/19/2022 12:00,688.991
4/19/2022 13:00,612.728
4/19/2022 14:00,497.109
4/19/2022 15:00,360.562
4/19/2022 16:00,212.521
4/19/2022 17:00,80.52
4/19/2022 18:00,5.011
4/19/2022 19:00,0
4/19/2022 20:00,0
4/19/2022 21:00,0
4/19/2022 22:00,0
4/19/2022 23:00,0
4/20/2022 0:00,0
4/20/2022 1:00,0
4/20/2022 2:00,0
4/20/2022 3:00,0.002
4/20/2022 4:00,27.415
4/20/2022 5:00,135.202
4/20/2022 6:00,271.602
4/20/2022 7:00,429.923
4/20/2022 8:00,555.247
4/20/2022 9:00,646.095
4/20/2022 10:00,707.215
4/20/2022 11:00,716.962
4/20/2022 12:00,688.864
4/20/2022 13:00,612.335
4/20/2022 14:00,500.731
4/20/2022 15:00,367.96
4/20/2022 16:00,212.144
4/20/2022 17:00,83.148
4/20/2022 18:00,5.784
4/20/2022 19:00,0
4/20/2022 20:00,0
4/20/2022 21:00,0
4/20/2022 22:00,0
4/20/2022 23:00,0
4/21/2022 0:00,0
4/21/2022 1:00,0
4/21/2022 2:00,0
4/21/2022 3:00,0.005
4/21/2022 4:00,32.081
4/21/2022 5:00,145.739
4/21/2022 6:00,298.179
4/21/2022 7:00,450.063
4/21/2022 8:00,578.085
4/21/2022 9:00,668.576
4/21/2022 10:00,718.249
4/21/2022 11:00,725.762
4/21/2022 12:00,693.171
4/21/2022 13:00,619.955
4/21/2022 14:00,508.705
4/21/2022 15:00,373.373
4/21/2022 16:00,230.452
4/21/2022 17:00,93.464
4/21/2022 18:00,7.326
4/21/2022 19:00,0
4/21/2022 20:00,0
4/21/2022 21:00,0
4/21/2022 22:00,0
4/21/2022 23:00,0
4/22/2022 0:00,0
4/22/2022 1:00,0
4/22/2022 2:00,0
4/22/2022 3:00,0.018
4/22/2022 4:00,37.865
4/22/2022 5:00,165.193
4/22/2022 6:00,316.233
4/22/2022 7:00,460.095
4/22/2022 8:00,583.722
4/22/2022 9:00,679.98
4/22/2022 10:00,731.396
4/22/2022 11:00,746.446
4/22/2022 12:00,713.64
4/22/2022 13:00,641.181
4/22/2022 14:00,532.315
4/22/2022 15:00,397.228
4/22/2022 16:00,248.254
4/22/2022 17:00,103.558
4/22/2022 18:00,8.931
4/22/2022 19:00,0
4/22/2022 20:00,0
4/22/2022 21:00,0
4/22/2022 22:00,0
4/22/2022 23:00,0
4/23/2022 0:00,0
4/23/2022 1:00,0
4/23/2022 2:00,0
4/23/2022 3:00,0.041
4/23/2022 4:00,38.031
4/23/2022 5:00,163.761
4/23/2022 6:00,322.294
4/23/2022 7:00,470.304
4/23/2022 8:00,597.839
4/23/2022 9:00,691.553
4/23/2022 10:00,745.705
4/23/2022 11:00,757.939
4/23/2022 12:00,723.912
4/23/2022 13:00,649.789
4/23/2022 14:00,539.261
4/23/2022 15:00,391.449
4/23/2022 16:00,238.441
4/23/2022 17:00,100.29
4/23/2022 18:00,10.037
4/23/2022 19:00,0
4/23/2022 20:00,0
4/23/2022 21:00,0
4/23/2022 22:00,0
4/23/2022 23:00,0
4/24/2022 0:00,0
4/24/2022 1:00,0
4/24/2022 2:00,0
4/24/2022 3:00,0.092
4/24/2022 4:00,36.202
4/24/2022 5:00,137.982
4/24/2022 6:00,272.181
4/24/2022 7:00,401.023
4/24/2022 8:00,515.288
4/24/2022 9:00,592.719
4/24/2022 10:00,628.714
4/24/2022 11:00,607.725
4/24/2022 12:00,574.836
4/24/2022 13:00,514.37
4/24/2022 14:00,420.087
4/24/2022 15:00,320.429
4/24/2022 16:00,201.55
4/24/2022 17:00,89.332
4/24/2022 18:00,10.036
4/24/2022 19:00,0
4/24/2022 20:00,0
4/24/2022 21:00,0
4/24/2022 22:00,0
4/24/2022 23:00,0
4/25/2022 0:00,0
4/25/2022 1:00,0
4/25/2022 2:00,0
4/25/2022 3:00,0.191
4/25/2022 4:00,45.373
4/25/2022 5:00,168.152
4/25/2022 6:00,328.619
4/25/2022 7:00,478.117
4/25/2022 8:00,603.397
4/25/2022 9:00,699.333
4/25/2022 10:00,758.851
4/25/2022 11:00,769.861
4/25/2022 12:00,731.339
4/25/2022 13:00,653.494
4/25/2022 14:00,547.506
4/25/2022 15:00,398.264
4/25/2022 16:00,249.769
4/25/2022 17:00,111.747
4/25/2022 18:00,13.804
4/25/2022 19:00,0
4/25/2022 20:00,0
4/25/2022 21:00,0
4/25/2022 22:00,0
4/25/2022 23:00,0
4/26/2022 0:00,0
4/26/2022 1:00,0
4/26/2022 2:00,0
4/26/2022 3:00,0.332
4/26/2022 4:00,41.969
4/26/2022 5:00,142.562
4/26/2022 6:00,263.242
4/26/2022 7:00,429.15
4/26/2022 8:00,599.448
4/26/2022 9:00,698.079
4/26/2022 10:00,755.145
4/26/2022 11:00,766.216
4/26/2022 12:00,731.136
4/26/2022 13:00,655.218
4/26/2022 14:00,540.932
4/26/2022 15:00,396.252
4/26/2022 16:00,245.931
4/26/2022 17:00,104.707
4/26/2022 18:00,13.277
4/26/2022 19:00,0
4/26/2022 20:00,0
4/26/2022 21:00,0
4/26/2022 22:00,0
4/26/2022 23:00,0
4/27/2022 0:00,0
4/27/2022 1:00,0
4/27/2022 2:00,0
4/27/2022 3:00,0.296
4/27/2022 4:00,35.051
4/27/2022 5:00,120.556
4/27/2022 6:00,242.322
4/27/2022 7:00,389.217
4/27/2022 8:00,542.961
4/27/2022 9:00,645.048
4/27/2022 10:00,689.75
4/27/2022 11:00,676.454
4/27/2022 12:00,624.404
4/27/2022 13:00,553.066
4/27/2022 14:00,460.129
4/27/2022 15:00,334.006
4/27/2022 16:00,193.785
4/27/2022 17:00,94.056
4/27/2022 18:00,14.006
4/27/2022 19:00,0
4/27/2022 20:00,0
4/27/2022 21:00,0
4/27/2022 22:00,0
4/27/2022 23:00,0
4/28/2022 0:00,0
4/28/2022 1:00,0
4/28/2022 2:00,0
4/28/2022 3:00,0.703
4/28/2022 4:00,50.804
4/28/2022 5:00,178.339
4/28/2022 6:00,333.084
4/28/2022 7:00,479.939
4/28/2022 8:00,612.686
4/28/2022 9:00,711.699
4/28/2022 10:00,769.168
4/28/2022 11:00,781.696
4/28/2022 12:00,753.063
4/28/2022 13:00,678.986
4/28/2022 14:00,568.938
4/28/2022 15:00,431.669
4/28/2022 16:00,279.661
4/28/2022 17:00,130.538
4/28/2022 18:00,19.829
4/28/2022 19:00,0
4/28/2022 20:00,0
4/28/2022 21:00,0
4/28/2022 22:00,0
4/28/2022 23:00,0
4/29/2022 0:00,0
4/29/2022 1:00,0
4/29/2022 2:00,0
4/29/2022 3:00,1.028
4/29/2022 4:00,50.33
4/29/2022 5:00,162.989
4/29/2022 6:00,312.058
4/29/2022 7:00,462.32
4/29/2022 8:00,571.354
4/29/2022 9:00,651.053
4/29/2022 10:00,696.035
4/29/2022 11:00,704.747
4/29/2022 12:00,672.294
4/29/2022 13:00,619.298
4/29/2022 14:00,511.499
4/29/2022 15:00,368.082
4/29/2022 16:00,218.077
4/29/2022 17:00,99.267
4/29/2022 18:00,16.167
4/29/2022 19:00,0
4/29/2022 20:00,0
4/29/2022 21:00,0
4/29/2022 22:00,0
4/29/2022 23:00,0
4/30/2022 0:00,0
4/30/2022 1:00,0
4/30/2022 2:00,0
4/30/2022 3:00,1.245
4/30/2022 4:00,49.906
4/30/2022 5:00,156.285
4/30/2022 6:00,321.533
4/30/2022 7:00,472.092
4/30/2022 8:00,598.244
4/30/2022 9:00,693.363
4/30/2022 10:00,751.408
4/30/2022 11:00,764.145
4/30/2022 12:00,733.247
4/30/2022 13:00,661.166
4/30/2022 14:00,548.899
4/30/2022 15:00,412.09
4/30/2022 16:00,254.802
4/30/2022 17:00,119.023
4/30/2022 18:00,19.869
4/30/2022 19:00,0
4/30/2022 20:00,0
4/30/2022 21:00,0
4/30/2022 22:00,0
4/30/2022 23:00,0
5/1/2022 0:00,0
5/1/2022 1:00,0
5/1/2022 2:00,0
5/1/2022 3:00,1.156
5/1/2022 4:00,35.901
5/1/2022 5:00,96.351
5/1/2022 6:00,164.768
5/1/2022 7:00,244.065
5/1/2022 8:00,335.665
5/1/2022 9:00,422.819
5/1/2022 10:00,489.307
5/1/2022 11:00,555.267
5/1/2022 12:00,608.835
5/1/2022 13:00,595.738
5/1/2022 14:00,533.001
5/1/2022 15:00,417.866
5/1/2022 16:00,270.313
5/1/2022 17:00,128.789
5/1/2022 18:00,23.419
5/1/2022 19:00,0.001
5/1/2022 20:00,0
5/1/2022 21:00,0
5/1/2022 22:00,0
5/1/2022 23:00,0
5/2/2022 0:00,0
5/2/2022 1:00,0
5/2/2022 2:00,0
5/2/2022 3:00,2.383
5/2/2022 4:00,68.025
5/2/2022 5:00,201.421
5/2/2022 6:00,360.231
5/2/2022 7:00,506.018
5/2/2022 8:00,630.064
5/2/2022 9:00,722.824
5/2/2022 10:00,775.389
5/2/2022 11:00,780.276
5/2/2022 12:00,736.256
5/2/2022 13:00,643.282
5/2/2022 14:00,510.032
5/2/2022 15:00,356.883
5/2/2022 16:00,207.772
5/2/2022 17:00,92.755
5/2/2022 18:00,18.69
5/2/2022 19:00,0.004
5/2/2022 20:00,0
5/2/2022 21:00,0
5/2/2022 22:00,0
5/2/2022 23:00,0
5/3/2022 0:00,0
5/3/2022 1:00,0
5/3/2022 2:00,0
5/3/2022 3:00,1.778
5/3/2022 4:00,51.671
5/3/2022 5:00,163.359
5/3/2022 6:00,309.397
5/3/2022 7:00,471.232
5/3/2022 8:00,599.673
5/3/2022 9:00,705.802
5/3/2022 10:00,741.715
5/3/2022 11:00,737.946
5/3/2022 12:00,692.352
5/3/2022 13:00,627.182
5/3/2022 14:00,528.557
5/3/2022 15:00,387.179
5/3/2022 16:00,228.693
5/3/2022 17:00,106.481
5/3/2022 18:00,21.721
5/3/2022 19:00,0.012
5/3/2022 20:00,0
5/3/2022 21:00,0
5/3/2022 22:00,0
5/3/2022 23:00,0
5/4/2022 0:00,0
5/4/2022 1:00,0
5/4/2022 2:00,0
5/4/2022 3:00,2.173
5/4/2022 4:00,48.794
5/4/2022 5:00,146.744
5/4/2022 6:00,269.488
5/4/2022 7:00,378.779
5/4/2022 8:00,472.434
5/4/2022 9:00,539.32
5/4/2022 10:00,565.856
5/4/2022 11:00,587.472
5/4/2022 12:00,587.397
5/4/2022 13:00,539.88
5/4/2022 14:00,466.096
5/4/2022 15:00,352.962
5/4/2022 16:00,216.125
5/4/2022 17:00,97.994
5/4/2022 18:00,23.188
5/4/2022 19:00,0.039
5/4/2022 20:00,0
5/4/2022 21:00,0
5/4/2022 22:00,0
5/4/2022 23:00,0
5/5/2022 0:00,0
5/5/2022 1:00,0
5/5/2022 2:00,0
5/5/2022 3:00,3.261
5/5/2022 4:00,57.807
5/5/2022 5:00,168.483
5/5/2022 6:00,298.094
5/5/2022 7:00,421.865
5/5/2022 8:00,508.465
5/5/2022 9:00,529.31
5/5/2022 10:00,565.957
5/5/2022 11:00,599.429
5/5/2022 12:00,591.45
5/5/2022 13:00,539.628
5/5/2022 14:00,426.879
5/5/2022 15:00,309.419
5/5/2022 16:00,186.024
5/5/2022 17:00,101.762
5/5/2022 18:00,27.293
5/5/2022 19:00,0.079
5/5/2022 20:00,0
5/5/2022 21:00,0
5/5/2022 22:00,0
5/5/2022 23:00,0
5/6/2022 0:00,0
5/6/2022 1:00,0
5/6/2022 2:00,0
5/6/2022 3:00,4.95
5/6/2022 4:00,68.654
5/6/2022 5:00,171.411
5/6/2022 6:00,286.699
5/6/2022 7:00,407.074
5/6/2022 8:00,496.465
5/6/2022 9:00,545.801
5/6/2022 10:00,577.472
5/6/2022 11:00,571.798
5/6/2022 12:00,582.052
5/6/2022 13:00,508.732
5/6/2022 14:00,414.311
5/6/2022 15:00,284.234
5/6/2022 16:00,194.446
5/6/2022 17:00,98.268
5/6/2022 18:00,22.877
5/6/2022 19:00,0.069
5/6/2022 20:00,0
5/6/2022 21:00,0
5/6/2022 22:00,0
5/6/2022 23:00,0
5/7/2022 0:00,0
5/7/2022 1:00,0
5/7/2022 2:00,0
5/7/2022 3:00,2.497
5/7/2022 4:00,35.882
5/7/2022 5:00,119.191
5/7/2022 6:00,245.33
5/7/2022 7:00,384.711
5/7/2022 8:00,526.114
5/7/2022 9:00,672.202
5/7/2022 10:00,757.201
5/7/2022 11:00,793.05
5/7/2022 12:00,764.707
5/7/2022 13:00,689.689
5/7/2022 14:00,578.11
5/7/2022 15:00,441.768
5/7/2022 16:00,290.351
5/7/2022 17:00,151.082
5/7/2022 18:00,39.777
5/7/2022 19:00,0.234
5/7/2022 20:00,0
5/7/2022 21:00,0
5/7/2022 22:00,0
5/7/2022 23:00,0
5/8/2022 0:00,0
5/8/2022 1:00,0
5/8/2022 2:00,0
5/8/2022 3:00,6.94
5/8/2022 4:00,82.956
5/8/2022 5:00,211.64
5/8/2022 6:00,361.856
5/8/2022 7:00,510.359
5/8/2022 8:00,647.081
5/8/2022 9:00,747.792
5/8/2022 10:00,802.661
5/8/2022 11:00,813.381
5/8/2022 12:00,780.873
5/8/2022 13:00,707.367
5/8/2022 14:00,597.221
5/8/2022 15:00,461.094
5/8/2022 16:00,309.442
5/8/2022 17:00,159.321
5/8/2022 18:00,40.779
5/8/2022 19:00,0.327
5/8/2022 20:00,0
5/8/2022 21:00,0
5/8/2022 22:00,0
5/8/2022 23:00,0
5/9/2022 0:00,0
5/9/2022 1:00,0
5/9/2022 2:00,0
5/9/2022 3:00,7.312
5/9/2022 4:00,82.663
5/9/2022 5:00,215.963
5/9/2022 6:00,367.324
5/9/2022 7:00,510.901
5/9/2022 8:00,635.021
5/9/2022 9:00,730.485
5/9/2022 10:00,794.078
5/9/2022 11:00,812.317
5/9/2022 12:00,781.264
5/9/2022 13:00,709.35
5/9/2022 14:00,602.731
5/9/2022 15:00,469.149
5/9/2022 16:00,320.11
5/9/2022 17:00,170.963
5/9/2022 18:00,46.149
5/9/2022 19:00,0.429
5/9/2022 20:00,0
5/9/2022 21:00,0
5/9/2022 22:00,0
5/9/2022 23:00,0
5/10/2022 0:00,0
5/10/2022 1:00,0
5/10/2022 2:00,0
5/10/2022 3:00,6.139
5/10/2022 4:00,41.804
5/10/2022 5:00,85.349
5/10/2022 6:00,146.884
5/10/2022 7:00,236.919
5/10/2022 8:00,298.001
5/10/2022 9:00,312.609
5/10/2022 10:00,289.955
5/10/2022 11:00,249.509
5/10/2022 12:00,203.788
5/10/2022 13:00,182.926
5/10/2022 14:00,201.419
5/10/2022 15:00,203.126
5/10/2022 16:00,157.563
5/10/2022 17:00,89.193
5/10/2022 18:00,28.502
5/10/2022 19:00,0.595
5/10/2022 20:00,0
5/10/2022 21:00,0
5/10/2022 22:00,0
5/10/2022 23:00,0
5/11/2022 0:00,0
5/11/2022 1:00,0
5/11/2022 2:00,0
5/11/2022 3:00,7.387
5/11/2022 4:00,60.096
5/11/2022 5:00,105.97
5/11/2022 6:00,153.445
5/11/2022 7:00,203.442
5/11/2022 8:00,285.601
5/11/2022 9:00,351.003
5/11/2022 10:00,402.597
5/11/2022 11:00,422.837
5/11/2022 12:00,516.437
5/11/2022 13:00,460.552
5/11/2022 14:00,322.73
5/11/2022 15:00,231.203
5/11/2022 16:00,158.019
5/11/2022 17:00,78.759
5/11/2022 18:00,20.994
5/11/2022 19:00,0.366
5/11/2022 20:00,0
5/11/2022 21:00,0
5/11/2022 22:00,0
5/11/2022 23:00,0
5/12/2022 0:00,0
5/12/2022 1:00,0
5/12/2022 2:00,0
5/12/2022 3:00,8.522
5/12/2022 4:00,79.55
5/12/2022 5:00,220.028
5/12/2022 6:00,379.344
5/12/2022 7:00,530.274
5/12/2022 8:00,659.336
5/12/2022 9:00,753.911
5/12/2022 10:00,803.187
5/12/2022 11:00,800.802
5/12/2022 12:00,755.471
5/12/2022 13:00,680.126
5/12/2022 14:00,574.838
5/12/2022 15:00,430.25
5/12/2022 16:00,283.084
5/12/2022 17:00,152.658
5/12/2022 18:00,43.963
5/12/2022 19:00,1.045
5/12/2022 20:00,0
5/12/2022 21:00,0
5/12/2022 22:00,0
5/12/2022 23:00,0
5/13/2022 0:00,0
5/13/2022 1:00,0
5/13/2022 2:00,0
5/13/2022 3:00,5.975
5/13/2022 4:00,31.915
5/13/2022 5:00,70.592
5/13/2022 6:00,129.981
5/13/2022 7:00,216.749
5/13/2022 8:00,299.12
5/13/2022 9:00,356.369
5/13/2022 10:00,415.789
5/13/2022 11:00,442.961
5/13/2022 12:00,465.695
5/13/2022 13:00,473.102
5/13/2022 14:00,428.46
5/13/2022 15:00,321.226
5/13/2022 16:00,231.662
5/13/2022 17:00,145.569
5/13/2022 18:00,49.285
5/13/2022 19:00,1.289
5/13/2022 20:00,0
5/13/2022 21:00,0
5/13/2022 22:00,0
5/13/2022 23:00,0
5/14/2022 0:00,0
5/14/2022 1:00,0
5/14/2022 2:00,0
5/14/2022 3:00,7.379
5/14/2022 4:00,70.289
5/14/2022 5:00,187.223
5/14/2022 6:00,338.046
5/14/2022 7:00,453.029
5/14/2022 8:00,577.788
5/14/2022 9:00,689.2
5/14/2022 10:00,763.158
5/14/2022 11:00,786.635
5/14/2022 12:00,749.749
5/14/2022 13:00,681.635
5/14/2022 14:00,593.904
5/14/2022 15:00,479.202
5/14/2022 16:00,335.703
5/14/2022 17:00,187.999
5/14/2022 18:00,60.821
5/14/2022 19:00,1.81
5/14/2022 20:00,0
5/14/2022 21:00,0
5/14/2022 22:00,0
5/14/2022 23:00,0
5/15/2022 0:00,0
5/15/2022 1:00,0
5/15/2022 2:00,0
5/15/2022 3:00,14.269
5/15/2022 4:00,99.938
5/15/2022 5:00,236.516
5/15/2022 6:00,393.82
5/15/2022 7:00,541.071
5/15/2022 8:00,666.246
5/15/2022 9:00,758.521
5/15/2022 10:00,811.169
5/15/2022 11:00,820.229
5/15/2022 12:00,782.429
5/15/2022 13:00,706.065
5/15/2022 14:00,595.179
5/15/2022 15:00,459.781
5/15/2022 16:00,319.255
5/15/2022 17:00,178.798
5/15/2022 18:00,58.865
5/15/2022 19:00,2.169
5/15/2022 20:00,0
5/15/2022 21:00,0
5/15/2022 22:00,0
5/15/2022 23:00,0
5/16/2022 0:00,0
5/16/2022 1:00,0
5/16/2022 2:00,0
5/16/2022 3:00,11.514
5/16/2022 4:00,56.533
5/16/2022 5:00,109.876
5/16/2022 6:00,178.053
5/16/2022 7:00,250.869
5/16/2022 8:00,310.431
5/16/2022 9:00,344.974
5/16/2022 10:00,355.153
5/16/2022 11:00,353.742
5/16/2022 12:00,341.838
5/16/2022 13:00,307.967
5/16/2022 14:00,252.971
5/16/2022 15:00,187.387
5/16/2022 16:00,123.077
5/16/2022 17:00,65.362
5/16/2022 18:00,22.358
5/16/2022 19:00,1.03
5/16/2022 20:00,0
5/16/2022 21:00,0
5/16/2022 22:00,0
5/16/2022 23:00,0
5/17/2022 0:00,0
5/17/2022 1:00,0
5/17/2022 2:00,0
5/17/2022 3:00,6.032
5/17/2022 4:00,31.352
5/17/2022 5:00,66.977
5/17/2022 6:00,121.187
5/17/2022 7:00,198.092
5/17/2022 8:00,284.953
5/17/2022 9:00,378.526
5/17/2022 10:00,468.543
5/17/2022 11:00,523.653
5/17/2022 12:00,538.699
5/17/2022 13:00,515.744
5/17/2022 14:00,466.224
5/17/2022 15:00,384.333
5/17/2022 16:00,280.492
5/17/2022 17:00,164.9
5/17/2022 18:00,59.43
5/17/2022 19:00,2.929
5/17/2022 20:00,0
5/17/2022 21:00,0
5/17/2022 22:00,0
5/17/2022 23:00,0
5/18/2022 0:00,0
5/18/2022 1:00,0
5/18/2022 2:00,0
5/18/2022 3:00,11.65
5/18/2022 4:00,57.851
5/18/2022 5:00,127.956
5/18/2022 6:00,234.788
5/18/2022 7:00,374.117
5/18/2022 8:00,509.99
5/18/2022 9:00,623.514
5/18/2022 10:00,642.603
5/18/2022 11:00,621.594
5/18/2022 12:00,575.773
5/18/2022 13:00,506.938
5/18/2022 14:00,397.021
5/18/2022 15:00,279.147
5/18/2022 16:00,188.942
5/18/2022 17:00,107.051
5/18/2022 18:00,38.803
5/18/2022 19:00,2.08
5/18/2022 20:00,0
5/18/2022 21:00,0
5/18/2022 22:00,0
5/18/2022 23:00,0
5/19/2022 0:00,0
5/19/2022 1:00,0
5/19/2022 2:00,0
5/19/2022 3:00,9.671
5/19/2022 4:00,60.564
5/19/2022 5:00,156.108
5/19/2022 6:00,273.475
5/19/2022 7:00,361.128
5/19/2022 8:00,361.931
5/19/2022 9:00,370.716
5/19/2022 10:00,361.334
5/19/2022 11:00,359.868
5/19/2022 12:00,365.637
5/19/2022 13:00,300.228
5/19/2022 14:00,208.808
5/19/2022 15:00,164.865
5/19/2022 16:00,135.895
5/19/2022 17:00,62.679
5/19/2022 18:00,17.13
5/19/2022 19:00,1.367
5/19/2022 20:00,0
5/19/2022 21:00,0
5/19/2022 22:00,0
5/19/2022 23:00,0
5/20/2022 0:00,0
5/20/2022 1:00,0
5/20/2022 2:00,0.001
5/20/2022 3:00,16.092
5/20/2022 4:00,75.756
5/20/2022 5:00,165.313
5/20/2022 6:00,282.596
5/20/2022 7:00,433.641
5/20/2022 8:00,549.499
5/20/2022 9:00,603.86
5/20/2022 10:00,557.234
5/20/2022 11:00,469.484
5/20/2022 12:00,392.828
5/20/2022 13:00,337.743
5/20/2022 14:00,348.044
5/20/2022 15:00,366.723
5/20/2022 16:00,207.278
5/20/2022 17:00,80.596
5/20/2022 18:00,22.847
5/20/2022 19:00,1.049
5/20/2022 20:00,0
5/20/2022 21:00,0
5/20/2022 22:00,0
5/20/2022 23:00,0
5/21/2022 0:00,0
5/21/2022 1:00,0
5/21/2022 2:00,0.001
5/21/2022 3:00,10.802
5/21/2022 4:00,62.627
5/21/2022 5:00,160.39
5/21/2022 6:00,273.626
5/21/2022 7:00,390.433
5/21/2022 8:00,533.761
5/21/2022 9:00,670.538
5/21/2022 10:00,733.549
5/21/2022 11:00,739.264
5/21/2022 12:00,656.621
5/21/2022 13:00,588.093
5/21/2022 14:00,495.949
5/21/2022 15:00,391.798
5/21/2022 16:00,265.749
5/21/2022 17:00,144.182
5/21/2022 18:00,53.554
5/21/2022 19:00,4.018
5/21/2022 20:00,0
5/21/2022 21:00,0
5/21/2022 22:00,0
5/21/2022 23:00,0
5/22/2022 0:00,0
5/22/2022 1:00,0
5/22/2022 2:00,0.005
5/22/2022 3:00,17.428
5/22/2022 4:00,82.868
5/22/2022 5:00,184.207
5/22/2022 6:00,308.892
5/22/2022 7:00,450.848
5/22/2022 8:00,588.835
5/22/2022 9:00,703.749
5/22/2022 10:00,775.747
5/22/2022 11:00,806.95
5/22/2022 12:00,783.51
5/22/2022 13:00,717.244
5/22/2022 14:00,604.458
5/22/2022 15:00,434.549
5/22/2022 16:00,291.625
5/22/2022 17:00,160.463
5/22/2022 18:00,61.845
5/22/2022 19:00,5.603
5/22/2022 20:00,0
5/22/2022 21:00,0
5/22/2022 22:00,0
5/22/2022 23:00,0
5/23/2022 0:00,0
5/23/2022 1:00,0
5/23/2022 2:00,0.014
5/23/2022 3:00,19.78
5/23/2022 4:00,99.978
5/23/2022 5:00,221.802
5/23/2022 6:00,331.696
5/23/2022 7:00,453.389
5/23/2022 8:00,607.815
5/23/2022 9:00,709.703
5/23/2022 10:00,755.03
5/23/2022 11:00,776.98
5/23/2022 12:00,755.422
5/23/2022 13:00,672.502
5/23/2022 14:00,560.663
5/23/2022 15:00,444.482
5/23/2022 16:00,324.642
5/23/2022 17:00,193.889
5/23/2022 18:00,71.47
5/23/2022 19:00,5.634
5/23/2022 20:00,0
5/23/2022 21:00,0
5/23/2022 22:00,0
5/23/2022 23:00,0
5/24/2022 0:00,0
5/24/2022 1:00,0
5/24/2022 2:00,0.027
5/24/2022 3:00,8.02
5/24/2022 4:00,29.495
5/24/2022 5:00,68.691
5/24/2022 6:00,149.709
5/24/2022 7:00,273.541
5/24/2022 8:00,403.477
5/24/2022 9:00,477.692
5/24/2022 10:00,482.427
5/24/2022 11:00,473.36
5/24/2022 12:00,461.44
5/24/2022 13:00,462.495
5/24/2022 14:00,423.721
5/24/2022 15:00,291.922
5/24/2022 16:00,222.459
5/24/2022 17:00,144.55
5/24/2022 18:00,58.269
5/24/2022 19:00,5.818
5/24/2022 20:00,0
5/24/2022 21:00,0
5/24/2022 22:00,0
5/24/2022 23:00,0
5/25/2022 0:00,0
5/25/2022 1:00,0
5/25/2022 2:00,0.056
5/25/2022 3:00,26.135
5/25/2022 4:00,109.19
5/25/2022 5:00,233.51
5/25/2022 6:00,379.705
5/25/2022 7:00,511.374
5/25/2022 8:00,593.191
5/25/2022 9:00,615.013
5/25/2022 10:00,595.908
5/25/2022 11:00,538.529
5/25/2022 12:00,490.823
5/25/2022 13:00,428.202
5/25/2022 14:00,365.933
5/25/2022 15:00,280.293
5/25/2022 16:00,195.592
5/25/2022 17:00,115.104
5/25/2022 18:00,48.942
5/25/2022 19:00,4.932
5/25/2022 20:00,0
5/25/2022 21:00,0
5/25/2022 22:00,0
5/25/2022 23:00,0
5/26/2022 0:00,0
5/26/2022 1:00,0
5/26/2022 2:00,0.036
5/26/2022 3:00,26.958
5/26/2022 4:00,117.466
5/26/2022 5:00,239.35
5/26/2022 6:00,376.403
5/26/2022 7:00,508.827
5/26/2022 8:00,620.4
5/26/2022 9:00,712.188
5/26/2022 10:00,759.274
5/26/2022 11:00,776.138
5/26/2022 12:00,753.139
5/26/2022 13:00,696.119
5/26/2022 14:00,586.096
5/26/2022 15:00,456.072
5/26/2022 16:00,316.609
5/26/2022 17:00,177.153
5/26/2022 18:00,77.507
5/26/2022 19:00,8.841
5/26/2022 20:00,0
5/26/2022 21:00,0
5/26/2022 22:00,0
5/26/2022 23:00,0
5/27/2022 0:00,0
5/27/2022 1:00,0
5/27/2022 2:00,0.033
5/27/2022 3:00,28.876
5/27/2022 4:00,139.044
5/27/2022 5:00,279.952
5/27/2022 6:00,409.101
5/27/2022 7:00,507.536
5/27/2022 8:00,559
5/27/2022 9:00,544.643
5/27/2022 10:00,474.767
5/27/2022 11:00,451.947
5/27/2022 12:00,453.274
5/27/2022 13:00,433.482
5/27/2022 14:00,393.689
5/27/2022 15:00,337.496
5/27/2022 16:00,281.612
5/27/2022 17:00,159.715
5/27/2022 18:00,64.994
5/27/2022 19:00,7.227
5/27/2022 20:00,0
5/27/2022 21:00,0
5/27/2022 22:00,0
5/27/2022 23:00,0
5/28/2022 0:00,0
5/28/2022 1:00,0
5/28/2022 2:00,0.116
5/28/2022 3:00,23.079
5/28/2022 4:00,88.212
5/28/2022 5:00,169.36
5/28/2022 6:00,281.873
5/28/2022 7:00,438.401
5/28/2022 8:00,600.038
5/28/2022 9:00,697.55
5/28/2022 10:00,734.245
5/28/2022 11:00,733.24
5/28/2022 12:00,683.863
5/28/2022 13:00,573.896
5/28/2022 14:00,441.458
5/28/2022 15:00,323.546
5/28/2022 16:00,234.69
5/28/2022 17:00,146.321
5/28/2022 18:00,65.001
5/28/2022 19:00,8.865
5/28/2022 20:00,0
5/28/2022 21:00,0
5/28/2022 22:00,0
5/28/2022 23:00,0
5/29/2022 0:00,0
5/29/2022 1:00,0
5/29/2022 2:00,0.187
5/29/2022 3:00,25.578
5/29/2022 4:00,103.271
5/29/2022 5:00,219.983
5/29/2022 6:00,358.569
5/29/2022 7:00,488.311
5/29/2022 8:00,606.278
5/29/2022 9:00,687.144
5/29/2022 10:00,714.289
5/29/2022 11:00,707.958
5/29/2022 12:00,651.864
5/29/2022 13:00,580.523
5/29/2022 14:00,473.331
5/29/2022 15:00,355.294
5/29/2022 16:00,256.931
5/29/2022 17:00,152.126
5/29/2022 18:00,65.154
5/29/2022 19:00,8.414
5/29/2022 20:00,0
5/29/2022 21:00,0
5/29/2022 22:00,0
5/29/2022 23:00,0
5/30/2022 0:00,0
5/30/2022 1:00,0
5/30/2022 2:00,0.167
5/30/2022 3:00,18.498
5/30/2022 4:00,69.148
5/30/2022 5:00,143.218
5/30/2022 6:00,233.146
5/30/2022 7:00,305.938
5/30/2022 8:00,370.834
5/30/2022 9:00,408.143
5/30/2022 10:00,433.12
5/30/2022 11:00,439.342
5/30/2022 12:00,403.315
5/30/2022 13:00,339.352
5/30/2022 14:00,262.16
5/30/2022 15:00,193.419
5/30/2022 16:00,132.447
5/30/2022 17:00,79.786
5/30/2022 18:00,32.609
5/30/2022 19:00,4.517
5/30/2022 20:00,0
5/30/2022 21:00,0
5/30/2022 22:00,0
5/30/2022 23:00,0
5/31/2022 0:00,0
5/31/2022 1:00,0
5/31/2022 2:00,0.213
5/31/2022 3:00,20.753
5/31/2022 4:00,79.628
5/31/2022 5:00,173.283
5/31/2022 6:00,288.429
5/31/2022 7:00,394.395
5/31/2022 8:00,463.022
5/31/2022 9:00,506.644
5/31/2022 10:00,559.458
5/31/2022 11:00,542.37
5/31/2022 12:00,521.139
5/31/2022 13:00,447.186
5/31/2022 14:00,382.841
5/31/2022 15:00,290.614
5/31/2022 16:00,199.991
5/31/2022 17:00,116.623
5/31/2022 18:00,52.543
5/31/2022 19:00,7.728
5/31/2022 20:00,0
5/31/2022 21:00,0
5/31/2022 22:00,0
5/31/2022 23:00,0
6/1/2022 0:00,0
6/1/2022 1:00,0
6/1/2022 2:00,0.462
6/1/2022 3:00,30.122
6/1/2022 4:00,106.386
6/1/2022 5:00,213.778
6/1/2022 6:00,334.109
6/1/2022 7:00,455.18
6/1/2022 8:00,548.831
6/1/2022 9:00,613.695
6/1/2022 10:00,630.535
6/1/2022 11:00,609.138
6/1/2022 12:00,560.802
6/1/2022 13:00,480.932
6/1/2022 14:00,408.714
6/1/2022 15:00,314.651
6/1/2022 16:00,235.309
6/1/2022 17:00,158.635
6/1/2022 18:00,74.243
6/1/2022 19:00,11.482
6/1/2022 20:00,0
6/1/2022 21:00,0
6/1/2022 22:00,0
6/1/2022 23:00,0
6/2/2022 0:00,0
6/2/2022 1:00,0
6/2/2022 2:00,0.587
6/2/2022 3:00,34.118
6/2/2022 4:00,117.566
6/2/2022 5:00,216.003
6/2/2022 6:00,311.115
6/2/2022 7:00,381.346
6/2/2022 8:00,428.692
6/2/2022 9:00,448.209
6/2/2022 10:00,445.701
6/2/2022 11:00,427.899
6/2/2022 12:00,406.437
6/2/2022 13:00,362.131
6/2/2022 14:00,296.635
6/2/2022 15:00,258.066
6/2/2022 16:00,179.591
6/2/2022 17:00,107.688
6/2/2022 18:00,46.03
6/2/2022 19:00,7.289
6/2/2022 20:00,0
6/2/2022 21:00,0
6/2/2022 22:00,0
6/2/2022 23:00,0
6/3/2022 0:00,0
6/3/2022 1:00,0
6/3/2022 2:00,0.34
6/3/2022 3:00,20.216
6/3/2022 4:00,77.098
6/3/2022 5:00,163.87
6/3/2022 6:00,268.762
6/3/2022 7:00,395.078
6/3/2022 8:00,521.398
6/3/2022 9:00,703.263
6/3/2022 10:00,771.2
6/3/2022 11:00,798.195
6/3/2022 12:00,773.711
6/3/2022 13:00,704.037
6/3/2022 14:00,606.346
6/3/2022 15:00,486.161
6/3/2022 16:00,352.226
6/3/2022 17:00,210.481
6/3/2022 18:00,91.328
6/3/2022 19:00,13.795
6/3/2022 20:00,0.001
6/3/2022 21:00,0
6/3/2022 22:00,0
6/3/2022 23:00,0
6/4/2022 0:00,0
6/4/2022 1:00,0
6/4/2022 2:00,0.95
6/4/2022 3:00,46.117
6/4/2022 4:00,150.798
6/4/2022 5:00,277.393
6/4/2022 6:00,427.391
6/4/2022 7:00,581.733
6/4/2022 8:00,705.386
6/4/2022 9:00,796.645
6/4/2022 10:00,848.989
6/4/2022 11:00,860.294
6/4/2022 12:00,829.551
6/4/2022 13:00,759.98
6/4/2022 14:00,657.312
6/4/2022 15:00,528.14
6/4/2022 16:00,385.18
6/4/2022 17:00,241.173
6/4/2022 18:00,109.432
6/4/2022 19:00,17.547
6/4/2022 20:00,0.001
6/4/2022 21:00,0
6/4/2022 22:00,0
6/4/2022 23:00,0
6/5/2022 0:00,0
6/5/2022 1:00,0
6/5/2022 2:00,1.184
6/5/2022 3:00,51.77
6/5/2022 4:00,167.634
6/5/2022 5:00,311.645
6/5/2022 6:00,461.448
6/5/2022 7:00,600.27
6/5/2022 8:00,717.791
6/5/2022 9:00,806.719
6/5/2022 10:00,857.389
6/5/2022 11:00,861.2
6/5/2022 12:00,815.679
6/5/2022 13:00,721.404
6/5/2022 14:00,584.204
6/5/2022 15:00,416.302
6/5/2022 16:00,255.444
6/5/2022 17:00,135.062
6/5/2022 18:00,53.15
6/5/2022 19:00,8.307
6/5/2022 20:00,0.001
6/5/2022 21:00,0
6/5/2022 22:00,0
6/5/2022 23:00,0
6/6/2022 0:00,0
6/6/2022 1:00,0
6/6/2022 2:00,0.414
6/6/2022 3:00,12.682
6/6/2022 4:00,40.047
6/6/2022 5:00,77.457
6/6/2022 6:00,126.291
6/6/2022 7:00,188.139
6/6/2022 8:00,258.852
6/6/2022 9:00,351.061
6/6/2022 10:00,430.025
6/6/2022 11:00,434.105
6/6/2022 12:00,416.248
6/6/2022 13:00,349.777
6/6/2022 14:00,318.118
6/6/2022 15:00,283.556
6/6/2022 16:00,256.927
6/6/2022 17:00,183.931
6/6/2022 18:00,84.819
6/6/2022 19:00,13.994
6/6/2022 20:00,0.002
6/6/2022 21:00,0
6/6/2022 22:00,0
6/6/2022 23:00,0
6/7/2022 0:00,0
6/7/2022 1:00,0
6/7/2022 2:00,0.627
6/7/2022 3:00,22.503
6/7/2022 4:00,70.623
6/7/2022 5:00,124.231
6/7/2022 6:00,193.515
6/7/2022 7:00,282.23
6/7/2022 8:00,346.58
6/7/2022 9:00,417.545
6/7/2022 10:00,483.074
6/7/2022 11:00,528.843
6/7/2022 12:00,479.11
6/7/2022 13:00,393.373
6/7/2022 14:00,337.952
6/7/2022 15:00,292.685
6/7/2022 16:00,219.077
6/7/2022 17:00,154.553
6/7/2022 18:00,76.626
6/7/2022 19:00,13.196
6/7/2022 20:00,0.003
6/7/2022 21:00,0
6/7/2022 22:00,0
6/7/2022 23:00,0
6/8/2022 0:00,0
6/8/2022 1:00,0
6/8/2022 2:00,1.323
6/8/2022 3:00,44.527
6/8/2022 4:00,143.691
6/8/2022 5:00,266.223
6/8/2022 6:00,391.802
6/8/2022 7:00,492.245
6/8/2022 8:00,555.368
6/8/2022 9:00,622.908
6/8/2022 10:00,663.472
6/8/2022 11:00,632.548
6/8/2022 12:00,684.546
6/8/2022 13:00,632.383
6/8/2022 14:00,523.445
6/8/2022 15:00,420.599
6/8/2022 16:00,288.338
6/8/2022 17:00,165.163
6/8/2022 18:00,73.948
6/8/2022 19:00,12.512
6/8/2022 20:00,0.008
6/8/2022 21:00,0
6/8/2022 22:00,0
6/8/2022 23:00,0
6/9/2022 0:00,0
6/9/2022 1:00,0
6/9/2022 2:00,0.671
6/9/2022 3:00,18.891
6/9/2022 4:00,60.953
6/9/2022 5:00,115.595
6/9/2022 6:00,195.677
6/9/2022 7:00,312.499
6/9/2022 8:00,439.322
6/9/2022 9:00,565.999
6/9/2022 10:00,621.032
6/9/2022 11:00,617.797
6/9/2022 12:00,584.87
6/9/2022 13:00,520.435
6/9/2022 14:00,426.015
6/9/2022 15:00,333.318
6/9/2022 16:00,244.579
6/9/2022 17:00,158.61
6/9/2022 18:00,79.707
6/9/2022 19:00,15.8
6/9/2022 20:00,0.007
6/9/2022 21:00,0
6/9/2022 22:00,0
6/9/2022 23:00,0
6/10/2022 0:00,0
6/10/2022 1:00,0
6/10/2022 2:00,1.133
6/10/2022 3:00,26.855
6/10/2022 4:00,80.876
6/10/2022 5:00,167.369
6/10/2022 6:00,289.768
6/10/2022 7:00,454.563
6/10/2022 8:00,633.313
6/10/2022 9:00,739.458
6/10/2022 10:00,782.91
6/10/2022 11:00,751.591
6/10/2022 12:00,639.879
6/10/2022 13:00,522.181
6/10/2022 14:00,420.629
6/10/2022 15:00,316.02
6/10/2022 16:00,213.467
6/10/2022 17:00,136.737
6/10/2022 18:00,76.831
6/10/2022 19:00,17.814
6/10/2022 20:00,0.015
6/10/2022 21:00,0
6/10/2022 22:00,0
6/10/2022 23:00,0
6/11/2022 0:00,0
6/11/2022 1:00,0
6/11/2022 2:00,1.307
6/11/2022 3:00,38.472
6/11/2022 4:00,136.03
6/11/2022 5:00,258.098
6/11/2022 6:00,385.285
6/11/2022 7:00,503.958
6/11/2022 8:00,588.937
6/11/2022 9:00,661.175
6/11/2022 10:00,703.73
6/11/2022 11:00,584.804
6/11/2022 12:00,557.541
6/11/2022 13:00,609.351
6/11/2022 14:00,550.244
6/11/2022 15:00,502.918
6/11/2022 16:00,375.101
6/11/2022 17:00,234.417
6/11/2022 18:00,113.087
6/11/2022 19:00,21.849
6/11/2022 20:00,0.02
6/11/2022 21:00,0
6/11/2022 22:00,0
6/11/2022 23:00,0
6/12/2022 0:00,0
6/12/2022 1:00,0
6/12/2022 2:00,2.126
6/12/2022 3:00,46.303
6/12/2022 4:00,142.053
6/12/2022 5:00,271.668
6/12/2022 6:00,405.348
6/12/2022 7:00,538.27
6/12/2022 8:00,643.947
6/12/2022 9:00,702.332
6/12/2022 10:00,713.055
6/12/2022 11:00,711.268
6/12/2022 12:00,679.194
6/12/2022 13:00,644.768
6/12/2022 14:00,503.761
6/12/2022 15:00,409.55
6/12/2022 16:00,339.678
6/12/2022 17:00,227.425
6/12/2022 18:00,109.637
6/12/2022 19:00,20.761
6/12/2022 20:00,0.024
6/12/2022 21:00,0
6/12/2022 22:00,0
6/12/2022 23:00,0
6/13/2022 0:00,0
6/13/2022 1:00,0
6/13/2022 2:00,1.806
6/13/2022 3:00,35.373
6/13/2022 4:00,103.997
6/13/2022 5:00,194.14
6/13/2022 6:00,299.023
6/13/2022 7:00,412.049
6/13/2022 8:00,518.444
6/13/2022 9:00,606.972
6/13/2022 10:00,709.98
6/13/2022 11:00,732.807
6/13/2022 12:00,718.093
6/13/2022 13:00,656.31
6/13/2022 14:00,572.499
6/13/2022 15:00,468.222
6/13/2022 16:00,331.194
6/13/2022 17:00,226.531
6/13/2022 18:00,100.267
6/13/2022 19:00,19.984
6/13/2022 20:00,0.028
6/13/2022 21:00,0
6/13/2022 22:00,0
6/13/2022 23:00,0
6/14/2022 0:00,0
6/14/2022 1:00,0
6/14/2022 2:00,1.92
6/14/2022 3:00,37.404
6/14/2022 4:00,108.673
6/14/2022 5:00,215.321
6/14/2022 6:00,354.542
6/14/2022 7:00,503.678
6/14/2022 8:00,644.515
6/14/2022 9:00,750.163
6/14/2022 10:00,818.926
6/14/2022 11:00,831.599
6/14/2022 12:00,785.726
6/14/2022 13:00,700.316
6/14/2022 14:00,579.266
6/14/2022 15:00,409.475
6/14/2022 16:00,263.606
6/14/2022 17:00,123.779
6/14/2022 18:00,51.414
6/14/2022 19:00,8.903
6/14/2022 20:00,0.013
6/14/2022 21:00,0
6/14/2022 22:00,0
6/14/2022 23:00,0
6/15/2022 0:00,0
6/15/2022 1:00,0
6/15/2022 2:00,1.679
6/15/2022 3:00,43.245
6/15/2022 4:00,134.567
6/15/2022 5:00,235.43
6/15/2022 6:00,331.902
6/15/2022 7:00,457.834
6/15/2022 8:00,592.87
6/15/2022 9:00,701.498
6/15/2022 10:00,738.526
6/15/2022 11:00,653.25
6/15/2022 12:00,551.38
6/15/2022 13:00,429.754
6/15/2022 14:00,329.197
6/15/2022 15:00,244.521
6/15/2022 16:00,186.644
6/15/2022 17:00,133.978
6/15/2022 18:00,73.382
6/15/2022 19:00,17.769
6/15/2022 20:00,0.037
6/15/2022 21:00,0
6/15/2022 22:00,0
6/15/2022 23:00,0
6/16/2022 0:00,0
6/16/2022 1:00,0
6/16/2022 2:00,0.97
6/16/2022 3:00,21.376
6/16/2022 4:00,68.812
6/16/2022 5:00,148.408
6/16/2022 6:00,271.227
6/16/2022 7:00,425.37
6/16/2022 8:00,569.41
6/16/2022 9:00,707.816
6/16/2022 10:00,824.744
6/16/2022 11:00,859.21
6/16/2022 12:00,831.536
6/16/2022 13:00,764.189
6/16/2022 14:00,662.845
6/16/2022 15:00,533.164
6/16/2022 16:00,385.468
6/16/2022 17:00,239.783
6/16/2022 18:00,113.591
6/16/2022 19:00,22.496
6/16/2022 20:00,0.04
6/16/2022 21:00,0
6/16/2022 22:00,0
6/16/2022 23:00,0
6/17/2022 0:00,0
6/17/2022 1:00,0
6/17/2022 2:00,2.621
6/17/2022 3:00,51.396
6/17/2022 4:00,147.33
6/17/2022 5:00,252.327
6/17/2022 6:00,334.861
6/17/2022 7:00,401.075
6/17/2022 8:00,422.198
6/17/2022 9:00,454.923
6/17/2022 10:00,487.985
6/17/2022 11:00,473.088
6/17/2022 12:00,449.436
6/17/2022 13:00,436.134
6/17/2022 14:00,359.785
6/17/2022 15:00,244.421
6/17/2022 16:00,138.67
6/17/2022 17:00,68.101
6/17/2022 18:00,38.669
6/17/2022 19:00,10.563
6/17/2022 20:00,0.015
6/17/2022 21:00,0
6/17/2022 22:00,0
6/17/2022 23:00,0
6/18/2022 0:00,0
6/18/2022 1:00,0
6/18/2022 2:00,1.673
6/18/2022 3:00,32.591
6/18/2022 4:00,99.722
6/18/2022 5:00,200.058
6/18/2022 6:00,337.215
6/18/2022 7:00,481.652
6/18/2022 8:00,641.008
6/18/2022 9:00,750.022
6/18/2022 10:00,802.394
6/18/2022 11:00,801.08
6/18/2022 12:00,763.374
6/18/2022 13:00,653.37
6/18/2022 14:00,544.759
6/18/2022 15:00,429.428
6/18/2022 16:00,259.319
6/18/2022 17:00,101.686
6/18/2022 18:00,44.769
6/18/2022 19:00,13.188
6/18/2022 20:00,0.031
6/18/2022 21:00,0
6/18/2022 22:00,0
6/18/2022 23:00,0
6/19/2022 0:00,0
6/19/2022 1:00,0
6/19/2022 2:00,0.857
6/19/2022 3:00,17.265
6/19/2022 4:00,51.124
6/19/2022 5:00,89.197
6/19/2022 6:00,119.766
6/19/2022 7:00,175.05
6/19/2022 8:00,267.238
6/19/2022 9:00,349.462
6/19/2022 10:00,435.159
6/19/2022 11:00,484.529
6/19/2022 12:00,528.651
6/19/2022 13:00,551.599
6/19/2022 14:00,546.998
6/19/2022 15:00,468.704
6/19/2022 16:00,332.515
6/19/2022 17:00,193.612
6/19/2022 18:00,95.547
6/19/2022 19:00,20.229
6/19/2022 20:00,0.042
6/19/2022 21:00,0
6/19/2022 22:00,0
6/19/2022 23:00,0
6/20/2022 0:00,0
6/20/2022 1:00,0
6/20/2022 2:00,2.668
6/20/2022 3:00,54.109
6/20/2022 4:00,153.239
6/20/2022 5:00,270.449
6/20/2022 6:00,387.711
6/20/2022 7:00,484.464
6/20/2022 8:00,563.505
6/20/2022 9:00,596.408
6/20/2022 10:00,598.718
6/20/2022 11:00,562.962
6/20/2022 12:00,508.166
6/20/2022 13:00,412.539
6/20/2022 14:00,343.755
6/20/2022 15:00,290.308
6/20/2022 16:00,243.284
6/20/2022 17:00,171.423
6/20/2022 18:00,89.668
6/20/2022 19:00,21.509
6/20/2022 20:00,0.054
6/20/2022 21:00,0
6/20/2022 22:00,0
6/20/2022 23:00,0
6/21/2022 0:00,0
6/21/2022 1:00,0
6/21/2022 2:00,2.689
6/21/2022 3:00,57.581
6/21/2022 4:00,175.356
6/21/2022 5:00,320.856
6/21/2022 6:00,470.448
6/21/2022 7:00,608.766
6/21/2022 8:00,725.965
6/21/2022 9:00,810.462
6/21/2022 10:00,858.362
6/21/2022 11:00,865.905
6/21/2022 12:00,835.755
6/21/2022 13:00,765.917
6/21/2022 14:00,662.988
6/21/2022 15:00,517.791
6/21/2022 16:00,365.994
6/21/2022 17:00,227.253
6/21/2022 18:00,107.604
6/21/2022 19:00,21.592
6/21/2022 20:00,0.052
6/21/2022 21:00,0
6/21/2022 22:00,0
6/21/2022 23:00,0
6/22/2022 0:00,0
6/22/2022 1:00,0
6/22/2022 2:00,2.511
6/22/2022 3:00,46.233
6/22/2022 4:00,137.638
6/22/2022 5:00,268.228
6/22/2022 6:00,398.87
6/22/2022 7:00,521.05
6/22/2022 8:00,622.755
6/22/2022 9:00,711.967
6/22/2022 10:00,712.847
6/22/2022 11:00,671.503
6/22/2022 12:00,615.81
6/22/2022 13:00,583.824
6/22/2022 14:00,518.409
6/22/2022 15:00,436.156
6/22/2022 16:00,311.89
6/22/2022 17:00,201.288
6/22/2022 18:00,99.918
6/22/2022 19:00,21.419
6/22/2022 20:00,0.052
6/22/2022 21:00,0
6/22/2022 22:00,0
6/22/2022 23:00,0
6/23/2022 0:00,0
6/23/2022 1:00,0
6/23/2022 2:00,2.482
6/23/2022 3:00,49.69
6/23/2022 4:00,143.689
6/23/2022 5:00,256.243
6/23/2022 6:00,394.685
6/23/2022 7:00,525.357
6/23/2022 8:00,635.848
6/23/2022 9:00,732.966
6/23/2022 10:00,786.338
6/23/2022 11:00,801.842
6/23/2022 12:00,780.711
6/23/2022 13:00,719.305
6/23/2022 14:00,625.742
6/23/2022 15:00,508.011
6/23/2022 16:00,377.396
6/23/2022 17:00,243.316
6/23/2022 18:00,118.436
6/23/2022 19:00,24.807
6/23/2022 20:00,0.052
6/23/2022 21:00,0
6/23/2022 22:00,0
6/23/2022 23:00,0
6/24/2022 0:00,0
6/24/2022 1:00,0
6/24/2022 2:00,2.879
6/24/2022 3:00,57.254
6/24/2022 4:00,176.519
6/24/2022 5:00,318.923
6/24/2022 6:00,463.698
6/24/2022 7:00,598.98
6/24/2022 8:00,711.937
6/24/2022 9:00,798.211
6/24/2022 10:00,846.33
6/24/2022 11:00,855.053
6/24/2022 12:00,825.778
6/24/2022 13:00,755.948
6/24/2022 14:00,651.939
6/24/2022 15:00,521.691
6/24/2022 16:00,373.82
6/24/2022 17:00,219.854
6/24/2022 18:00,89.594
6/24/2022 19:00,16.487
6/24/2022 20:00,0.035
6/24/2022 21:00,0
6/24/2022 22:00,0
6/24/2022 23:00,0
6/25/2022 0:00,0
6/25/2022 1:00,0
6/25/2022 2:00,1.961
6/25/2022 3:00,38.562
6/25/2022 4:00,118.274
6/25/2022 5:00,230.065
6/25/2022 6:00,371.115
6/25/2022 7:00,530.818
6/25/2022 8:00,660.726
6/25/2022 9:00,754.023
6/25/2022 10:00,796.58
6/25/2022 11:00,791.077
6/25/2022 12:00,741.187
6/25/2022 13:00,649.019
6/25/2022 14:00,532.071
6/25/2022 15:00,401.927
6/25/2022 16:00,272.213
6/25/2022 17:00,160.301
6/25/2022 18:00,69.951
6/25/2022 19:00,14.442
6/25/2022 20:00,0.038
6/25/2022 21:00,0
6/25/2022 22:00,0
6/25/2022 23:00,0
6/26/2022 0:00,0
6/26/2022 1:00,0
6/26/2022 2:00,1.278
6/26/2022 3:00,28.823
6/26/2022 4:00,86.637
6/26/2022 5:00,154.639
6/26/2022 6:00,234.028
6/26/2022 7:00,312.997
6/26/2022 8:00,384.711
6/26/2022 9:00,421.062
6/26/2022 10:00,428.595
6/26/2022 11:00,409.184
6/26/2022 12:00,395.302
6/26/2022 13:00,379.616
6/26/2022 14:00,351.356
6/26/2022 15:00,276.469
6/26/2022 16:00,183.968
6/26/2022 17:00,99.721
6/26/2022 18:00,44.045
6/26/2022 19:00,8.973
6/26/2022 20:00,0.018
6/26/2022 21:00,0
6/26/2022 22:00,0
6/26/2022 23:00,0
6/27/2022 0:00,0
6/27/2022 1:00,0
6/27/2022 2:00,1.818
6/27/2022 3:00,31.814
6/27/2022 4:00,87.668
6/27/2022 5:00,171.045
6/27/2022 6:00,237.227
6/27/2022 7:00,334.123
6/27/2022 8:00,459.885
6/27/2022 9:00,553.943
6/27/2022 10:00,620.055
6/27/2022 11:00,556.745
6/27/2022 12:00,500.149
6/27/2022 13:00,459.699
6/27/2022 14:00,378.405
6/27/2022 15:00,275.708
6/27/2022 16:00,173.968
6/27/2022 17:00,92.153
6/27/2022 18:00,32.908
6/27/2022 19:00,7.777
6/27/2022 20:00,0.021
6/27/2022 21:00,0
6/27/2022 22:00,0
6/27/2022 23:00,0
6/28/2022 0:00,0
6/28/2022 1:00,0
6/28/2022 2:00,1.476
6/28/2022 3:00,35.939
6/28/2022 4:00,116.762
6/28/2022 5:00,237.37
6/28/2022 6:00,362.547
6/28/2022 7:00,492.425
6/28/2022 8:00,641.559
6/28/2022 9:00,751.297
6/28/2022 10:00,823.882
6/28/2022 11:00,834.033
6/28/2022 12:00,800.854
6/28/2022 13:00,732.957
6/28/2022 14:00,624.575
6/28/2022 15:00,492.407
6/28/2022 16:00,349.698
6/28/2022 17:00,205.095
6/28/2022 18:00,94.067
6/28/2022 19:00,18.763
6/28/2022 20:00,0.035
6/28/2022 21:00,0
6/28/2022 22:00,0
6/28/2022 23:00,0
6/29/2022 0:00,0
6/29/2022 1:00,0
6/29/2022 2:00,2.497
6/29/2022 3:00,56.69
6/29/2022 4:00,168.603
6/29/2022 5:00,307.491
6/29/2022 6:00,450.566
6/29/2022 7:00,576.161
6/29/2022 8:00,667.273
6/29/2022 9:00,709.56
6/29/2022 10:00,722.351
6/29/2022 11:00,693.475
6/29/2022 12:00,605.668
6/29/2022 13:00,513.512
6/29/2022 14:00,424.578
6/29/2022 15:00,341.999
6/29/2022 16:00,276.975
6/29/2022 17:00,189.735
6/29/2022 18:00,90.96
6/29/2022 19:00,18.581
6/29/2022 20:00,0.027
6/29/2022 21:00,0
6/29/2022 22:00,0
6/29/2022 23:00,0
6/30/2022 0:00,0
6/30/2022 1:00,0
6/30/2022 2:00,2.37
6/30/2022 3:00,55.432
6/30/2022 4:00,167.271
6/30/2022 5:00,305.251
6/30/2022 6:00,450.275
6/30/2022 7:00,586.536
6/30/2022 8:00,700.457
6/30/2022 9:00,787.958
6/30/2022 10:00,834.898
6/30/2022 11:00,835.553
6/30/2022 12:00,774.659
6/30/2022 13:00,660.111
6/30/2022 14:00,524.956
6/30/2022 15:00,391.133
6/30/2022 16:00,274.242
6/30/2022 17:00,171.781
6/30/2022 18:00,84.337
6/30/2022 19:00,18.332
6/30/2022 20:00,0.024
6/30/2022 21:00,0
6/30/2022 22:00,0
6/30/2022 23:00,0
7/1/2022 0:00,0
7/1/2022 1:00,0
7/1/2022 2:00,2.165
7/1/2022 3:00,52.111
7/1/2022 4:00,157.868
7/1/2022 5:00,288.323
7/1/2022 6:00,415.032
7/1/2022 7:00,507.45
7/1/2022 8:00,561.76
7/1/2022 9:00,571.997
7/1/2022 10:00,573.592
7/1/2022 11:00,509.963
7/1/2022 12:00,422.764
7/1/2022 13:00,317.132
7/1/2022 14:00,231.475
7/1/2022 15:00,170.842
7/1/2022 16:00,127.225
7/1/2022 17:00,72.725
7/1/2022 18:00,31.374
7/1/2022 19:00,6.597
7/1/2022 20:00,0.006
7/1/2022 21:00,0
7/1/2022 22:00,0
7/1/2022 23:00,0
7/2/2022 0:00,0
7/2/2022 1:00,0
7/2/2022 2:00,1.571
7/2/2022 3:00,50.847
7/2/2022 4:00,164.401
7/2/2022 5:00,304.81
7/2/2022 6:00,445.85
7/2/2022 7:00,575.605
7/2/2022 8:00,686.685
7/2/2022 9:00,774.367
7/2/2022 10:00,829.691
7/2/2022 11:00,843.006
7/2/2022 12:00,811.208
7/2/2022 13:00,733.221
7/2/2022 14:00,627.043
7/2/2022 15:00,494.364
7/2/2022 16:00,342.548
7/2/2022 17:00,185.401
7/2/2022 18:00,75.945
7/2/2022 19:00,14.284
7/2/2022 20:00,0.016
7/2/2022 21:00,0
7/2/2022 22:00,0
7/2/2022 23:00,0
7/3/2022 0:00,0
7/3/2022 1:00,0
7/3/2022 2:00,0.985
7/3/2022 3:00,24.308
7/3/2022 4:00,85.08
7/3/2022 5:00,177.282
7/3/2022 6:00,295.741
7/3/2022 7:00,431.08
7/3/2022 8:00,552.982
7/3/2022 9:00,643.708
7/3/2022 10:00,696.169
7/3/2022 11:00,696.714
7/3/2022 12:00,662.88
7/3/2022 13:00,573.247
7/3/2022 14:00,458.862
7/3/2022 15:00,385.966
7/3/2022 16:00,292.695
7/3/2022 17:00,182.53
7/3/2022 18:00,79.695
7/3/2022 19:00,14.204
7/3/2022 20:00,0.012
7/3/2022 21:00,0
7/3/2022 22:00,0
7/3/2022 23:00,0
7/4/2022 0:00,0
7/4/2022 1:00,0
7/4/2022 2:00,1.642
7/4/2022 3:00,51.931
7/4/2022 4:00,163.618
7/4/2022 5:00,295.315
7/4/2022 6:00,415.711
7/4/2022 7:00,493.724
7/4/2022 8:00,530.905
7/4/2022 9:00,561.019
7/4/2022 10:00,601.765
7/4/2022 11:00,590.922
7/4/2022 12:00,545.234
7/4/2022 13:00,476.94
7/4/2022 14:00,399.037
7/4/2022 15:00,326.523
7/4/2022 16:00,290.439
7/4/2022 17:00,193.828
7/4/2022 18:00,89.175
7/4/2022 19:00,17.187
7/4/2022 20:00,0.008
7/4/2022 21:00,0
7/4/2022 22:00,0
7/4/2022 23:00,0
7/5/2022 0:00,0
7/5/2022 1:00,0
7/5/2022 2:00,1.644
7/5/2022 3:00,50.881
7/5/2022 4:00,160.929
7/5/2022 5:00,290.786
7/5/2022 6:00,423.117
7/5/2022 7:00,549.557
7/5/2022 8:00,659.198
7/5/2022 9:00,728.812
7/5/2022 10:00,762.844
7/5/2022 11:00,758.844
7/5/2022 12:00,718.604
7/5/2022 13:00,662.641
7/5/2022 14:00,560.258
7/5/2022 15:00,425.248
7/5/2022 16:00,314.316
7/5/2022 17:00,211.518
7/5/2022 18:00,100.946
7/5/2022 19:00,18.041
7/5/2022 20:00,0.007
7/5/2022 21:00,0
7/5/2022 22:00,0
7/5/2022 23:00,0
7/6/2022 0:00,0
7/6/2022 1:00,0
7/6/2022 2:00,1.478
7/6/2022 3:00,50.944
7/6/2022 4:00,162.582
7/6/2022 5:00,298.992
7/6/2022 6:00,442.214
7/6/2022 7:00,578.951
7/6/2022 8:00,691.998
7/6/2022 9:00,767.869
7/6/2022 10:00,805.042
7/6/2022 11:00,790.52
7/6/2022 12:00,710.513
7/6/2022 13:00,581.347
7/6/2022 14:00,471.765
7/6/2022 15:00,355.97
7/6/2022 16:00,229.049
7/6/2022 17:00,93.383
7/6/2022 18:00,35.888
7/6/2022 19:00,6.041
7/6/2022 20:00,0
7/6/2022 21:00,0
7/6/2022 22:00,0
7/6/2022 23:00,0
7/7/2022 0:00,0
7/7/2022 1:00,0
7/7/2022 2:00,0.502
7/7/2022 3:00,25.858
7/7/2022 4:00,99.437
7/7/2022 5:00,211.579
7/7/2022 6:00,357.918
7/7/2022 7:00,498.308
7/7/2022 8:00,617.094
7/7/2022 9:00,693.653
7/7/2022 10:00,748.456
7/7/2022 11:00,728.728
7/7/2022 12:00,662.091
7/7/2022 13:00,603.933
7/7/2022 14:00,562.175
7/7/2022 15:00,476.188
7/7/2022 16:00,360.79
7/7/2022 17:00,230.821
7/7/2022 18:00,110.288
7/7/2022 19:00,18.778
7/7/2022 20:00,0.003
7/7/2022 21:00,0
7/7/2022 22:00,0
7/7/2022 23:00,0
7/8/2022 0:00,0
7/8/2022 1:00,0
7/8/2022 2:00,1.179
7/8/2022 3:00,43.029
7/8/2022 4:00,122.576
7/8/2022 5:00,209.128
7/8/2022 6:00,324.079
7/8/2022 7:00,490.156
7/8/2022 8:00,610.012
7/8/2022 9:00,676.896
7/8/2022 10:00,697.609
7/8/2022 11:00,739.313
7/8/2022 12:00,727.959
7/8/2022 13:00,654.167
7/8/2022 14:00,569.111
7/8/2022 15:00,451.527
7/8/2022 16:00,332.427
7/8/2022 17:00,208.771
7/8/2022 18:00,91.868
7/8/2022 19:00,14.427
7/8/2022 20:00,0.001
7/8/2022 21:00,0
7/8/2022 22:00,0
7/8/2022 23:00,0
7/9/2022 0:00,0
7/9/2022 1:00,0
7/9/2022 2:00,0.624
7/9/2022 3:00,32.858
7/9/2022 4:00,135.727
7/9/2022 5:00,286.177
7/9/2022 6:00,422.1
7/9/2022 7:00,561.288
7/9/2022 8:00,654.573
7/9/2022 9:00,708.671
7/9/2022 10:00,767.374
7/9/2022 11:00,740.71
7/9/2022 12:00,635.57
7/9/2022 13:00,558.064
7/9/2022 14:00,505.204
7/9/2022 15:00,385.897
7/9/2022 16:00,289.262
7/9/2022 17:00,192.938
7/9/2022 18:00,83.565
7/9/2022 19:00,13.479
7/9/2022 20:00,0.001
7/9/2022 21:00,0
7/9/2022 22:00,0
7/9/2022 23:00,0
7/10/2022 0:00,0
7/10/2022 1:00,0
7/10/2022 2:00,0.918
7/10/2022 3:00,47.579
7/10/2022 4:00,160.366
7/10/2022 5:00,299.723
7/10/2022 6:00,445.695
7/10/2022 7:00,583.511
7/10/2022 8:00,700.666
7/10/2022 9:00,787.279
7/10/2022 10:00,837.138
7/10/2022 11:00,845.732
7/10/2022 12:00,812.324
7/10/2022 13:00,747.753
7/10/2022 14:00,651.014
7/10/2022 15:00,521.666
7/10/2022 16:00,367.412
7/10/2022 17:00,219.516
7/10/2022 18:00,98.804
7/10/2022 19:00,15.809
7/10/2022 20:00,0
7/10/2022 21:00,0
7/10/2022 22:00,0
7/10/2022 23:00,0
7/11/2022 0:00,0
7/11/2022 1:00,0
7/11/2022 2:00,0.801
7/11/2022 3:00,43.577
7/11/2022 4:00,142.393
7/11/2022 5:00,259.534
7/11/2022 6:00,385.521
7/11/2022 7:00,507.653
7/11/2022 8:00,626.073
7/11/2022 9:00,724.731
7/11/2022 10:00,787.267
7/11/2022 11:00,814.545
7/11/2022 12:00,799.53
7/11/2022 13:00,742.859
7/11/2022 14:00,644.914
7/11/2022 15:00,520.093
7/11/2022 16:00,379.791
7/11/2022 17:00,234.847
7/11/2022 18:00,102.902
7/11/2022 19:00,14.65
7/11/2022 20:00,0
7/11/2022 21:00,0
7/11/2022 22:00,0
7/11/2022 23:00,0
7/12/2022 0:00,0
7/12/2022 1:00,0
7/12/2022 2:00,0.663
7/12/2022 3:00,39.692
7/12/2022 4:00,132.205
7/12/2022 5:00,253.568
7/12/2022 6:00,404.92
7/12/2022 7:00,551.19
7/12/2022 8:00,672.616
7/12/2022 9:00,761.667
7/12/2022 10:00,786.856
7/12/2022 11:00,752.76
7/12/2022 12:00,677.572
7/12/2022 13:00,539.33
7/12/2022 14:00,392.712
7/12/2022 15:00,273.101
7/12/2022 16:00,165.53
7/12/2022 17:00,94.151
7/12/2022 18:00,52.926
7/12/2022 19:00,10.166
7/12/2022 20:00,0
7/12/2022 21:00,0
7/12/2022 22:00,0
7/12/2022 23:00,0
7/13/2022 0:00,0
7/13/2022 1:00,0
7/13/2022 2:00,0.449
7/13/2022 3:00,37.455
7/13/2022 4:00,138.482
7/13/2022 5:00,259.121
7/13/2022 6:00,374.615
7/13/2022 7:00,504.152
7/13/2022 8:00,617.766
7/13/2022 9:00,720.986
7/13/2022 10:00,774.654
7/13/2022 11:00,764.977
7/13/2022 12:00,764.623
7/13/2022 13:00,719.364
7/13/2022 14:00,623.911
7/13/2022 15:00,464.792
7/13/2022 16:00,362.246
7/13/2022 17:00,230.367
7/13/2022 18:00,100.793
7/13/2022 19:00,13.477
7/13/2022 20:00,0
7/13/2022 21:00,0
7/13/2022 22:00,0
7/13/2022 23:00,0
7/14/2022 0:00,0
7/14/2022 1:00,0
7/14/2022 2:00,0.44
7/14/2022 3:00,40.866
7/14/2022 4:00,143.969
7/14/2022 5:00,252.562
7/14/2022 6:00,351.709
7/14/2022 7:00,457.623
7/14/2022 8:00,556.991
7/14/2022 9:00,628.901
7/14/2022 10:00,632.466
7/14/2022 11:00,625.823
7/14/2022 12:00,583.296
7/14/2022 13:00,515.098
7/14/2022 14:00,448.947
7/14/2022 15:00,372.747
7/14/2022 16:00,288.015
7/14/2022 17:00,183.449
7/14/2022 18:00,78.673
7/14/2022 19:00,10.539
7/14/2022 20:00,0
7/14/2022 21:00,0
7/14/2022 22:00,0
7/14/2022 23:00,0
7/15/2022 0:00,0
7/15/2022 1:00,0
7/15/2022 2:00,0.344
7/15/2022 3:00,38.729
7/15/2022 4:00,150.995
7/15/2022 5:00,291.828
7/15/2022 6:00,435.75
7/15/2022 7:00,571.105
7/15/2022 8:00,683.235
7/15/2022 9:00,763.065
7/15/2022 10:00,809.293
7/15/2022 11:00,815.538
7/15/2022 12:00,776.681
7/15/2022 13:00,703.42
7/15/2022 14:00,598.292
7/15/2022 15:00,473.865
7/15/2022 16:00,338.239
7/15/2022 17:00,197.016
7/15/2022 18:00,77.839
7/15/2022 19:00,8.6
7/15/2022 20:00,0
7/15/2022 21:00,0
7/15/2022 22:00,0
7/15/2022 23:00,0
7/16/2022 0:00,0
7/16/2022 1:00,0
7/16/2022 2:00,0.126
7/16/2022 3:00,26.869
7/16/2022 4:00,118.524
7/16/2022 5:00,255.95
7/16/2022 6:00,392.722
7/16/2022 7:00,515.502
7/16/2022 8:00,633.216
7/16/2022 9:00,723.379
7/16/2022 10:00,755.907
7/16/2022 11:00,735.404
7/16/2022 12:00,740.65
7/16/2022 13:00,709.981
7/16/2022 14:00,613.594
7/16/2022 15:00,494.063
7/16/2022 16:00,359.263
7/16/2022 17:00,222.799
7/16/2022 18:00,91.53
7/16/2022 19:00,10.667
7/16/2022 20:00,0
7/16/2022 21:00,0
7/16/2022 22:00,0
7/16/2022 23:00,0
7/17/2022 0:00,0
7/17/2022 1:00,0
7/17/2022 2:00,0.18
7/17/2022 3:00,23.534
7/17/2022 4:00,73.113
7/17/2022 5:00,137.714
7/17/2022 6:00,218.993
7/17/2022 7:00,348.798
7/17/2022 8:00,538.639
7/17/2022 9:00,693.753
7/17/2022 10:00,781.543
7/17/2022 11:00,803.633
7/17/2022 12:00,745.194
7/17/2022 13:00,620.766
7/17/2022 14:00,470.316
7/17/2022 15:00,295.984
7/17/2022 16:00,192.162
7/17/2022 17:00,123.772
7/17/2022 18:00,51.731
7/17/2022 19:00,6.475
7/17/2022 20:00,0
7/17/2022 21:00,0
7/17/2022 22:00,0
7/17/2022 23:00,0
7/18/2022 0:00,0
7/18/2022 1:00,0
7/18/2022 2:00,0.093
7/18/2022 3:00,16.473
7/18/2022 4:00,51.292
7/18/2022 5:00,89.439
7/18/2022 6:00,147.27
7/18/2022 7:00,230.488
7/18/2022 8:00,310.139
7/18/2022 9:00,404.924
7/18/2022 10:00,485.859
7/18/2022 11:00,516.011
7/18/2022 12:00,506.447
7/18/2022 13:00,448.659
7/18/2022 14:00,353.466
7/18/2022 15:00,265.095
7/18/2022 16:00,206.451
7/18/2022 17:00,134.882
7/18/2022 18:00,59.295
7/18/2022 19:00,7.498
7/18/2022 20:00,0
7/18/2022 21:00,0
7/18/2022 22:00,0
7/18/2022 23:00,0
7/19/2022 0:00,0
7/19/2022 1:00,0
7/19/2022 2:00,0.085
7/19/2022 3:00,31.868
7/19/2022 4:00,132.014
7/19/2022 5:00,254.915
7/19/2022 6:00,386.239
7/19/2022 7:00,499.21
7/19/2022 8:00,586.549
7/19/2022 9:00,685.598
7/19/2022 10:00,755.391
7/19/2022 11:00,777.76
7/19/2022 12:00,748.062
7/19/2022 13:00,682.871
7/19/2022 14:00,585.105
7/19/2022 15:00,462.765
7/19/2022 16:00,327.01
7/19/2022 17:00,189.98
7/19/2022 18:00,73.502
7/19/2022 19:00,6.914
7/19/2022 20:00,0
7/19/2022 21:00,0
7/19/2022 22:00,0
7/19/2022 23:00,0
7/20/2022 0:00,0
7/20/2022 1:00,0
7/20/2022 2:00,0.053
7/20/2022 3:00,27.107
7/20/2022 4:00,121.07
7/20/2022 5:00,250.853
7/20/2022 6:00,387.861
7/20/2022 7:00,508.681
7/20/2022 8:00,608.929
7/20/2022 9:00,691.797
7/20/2022 10:00,748.077
7/20/2022 11:00,773.106
7/20/2022 12:00,760.151
7/20/2022 13:00,699.617
7/20/2022 14:00,592.989
7/20/2022 15:00,458.336
7/20/2022 16:00,317.769
7/20/2022 17:00,181.64
7/20/2022 18:00,68.535
7/20/2022 19:00,6.191
7/20/2022 20:00,0
7/20/2022 21:00,0
7/20/2022 22:00,0
7/20/2022 23:00,0
7/21/2022 0:00,0
7/21/2022 1:00,0
7/21/2022 2:00,0.03
7/21/2022 3:00,23.824
7/21/2022 4:00,100.302
7/21/2022 5:00,206.916
7/21/2022 6:00,321.622
7/21/2022 7:00,437.294
7/21/2022 8:00,524.706
7/21/2022 9:00,567.454
7/21/2022 10:00,562.534
7/21/2022 11:00,511.729
7/21/2022 12:00,457.055
7/21/2022 13:00,418.784
7/21/2022 14:00,360.465
7/21/2022 15:00,285.182
7/21/2022 16:00,192.993
7/21/2022 17:00,108.224
7/21/2022 18:00,40.706
7/21/2022 19:00,2.994
7/21/2022 20:00,0
7/21/2022 21:00,0
7/21/2022 22:00,0
7/21/2022 23:00,0
7/22/2022 0:00,0
7/22/2022 1:00,0
7/22/2022 2:00,0.012
7/22/2022 3:00,16.676
7/22/2022 4:00,76.088
7/22/2022 5:00,156.647
7/22/2022 6:00,254.728
7/22/2022 7:00,366.165
7/22/2022 8:00,472.264
7/22/2022 9:00,577.613
7/22/2022 10:00,658.235
7/22/2022 11:00,698.664
7/22/2022 12:00,697.741
7/22/2022 13:00,641.813
7/22/2022 14:00,536.05
7/22/2022 15:00,407.272
7/22/2022 16:00,273.214
7/22/2022 17:00,147.608
7/22/2022 18:00,48.97
7/22/2022 19:00,3.313
7/22/2022 20:00,0
7/22/2022 21:00,0
7/22/2022 22:00,0
7/22/2022 23:00,0
7/23/2022 0:00,0
7/23/2022 1:00,0
7/23/2022 2:00,0.004
7/23/2022 3:00,6.968
7/23/2022 4:00,28.067
7/23/2022 5:00,74.471
7/23/2022 6:00,169.946
7/23/2022 7:00,297.198
7/23/2022 8:00,335.145
7/23/2022 9:00,301.098
7/23/2022 10:00,336.214
7/23/2022 11:00,378.852
7/23/2022 12:00,397.874
7/23/2022 13:00,351.055
7/23/2022 14:00,300.773
7/23/2022 15:00,242.198
7/23/2022 16:00,171.822
7/23/2022 17:00,105.723
7/23/2022 18:00,42.162
7/23/2022 19:00,3.621
7/23/2022 20:00,0
7/23/2022 21:00,0
7/23/2022 22:00,0
7/23/2022 23:00,0
7/24/2022 0:00,0
7/24/2022 1:00,0
7/24/2022 2:00,0.002
7/24/2022 3:00,24.901
7/24/2022 4:00,126.56
7/24/2022 5:00,257.668
7/24/2022 6:00,386.642
7/24/2022 7:00,492.939
7/24/2022 8:00,574.022
7/24/2022 9:00,644.851
7/24/2022 10:00,646.673
7/24/2022 11:00,589.225
7/24/2022 12:00,480.442
7/24/2022 13:00,345.97
7/24/2022 14:00,289.818
7/24/2022 15:00,219.408
7/24/2022 16:00,165.81
7/24/2022 17:00,106.352
7/24/2022 18:00,42.955
7/24/2022 19:00,3.483
7/24/2022 20:00,0
7/24/2022 21:00,0
7/24/2022 22:00,0
7/24/2022 23:00,0
7/25/2022 0:00,0
7/25/2022 1:00,0
7/25/2022 2:00,0.001
7/25/2022 3:00,8.899
7/25/2022 4:00,38.157
7/25/2022 5:00,77.727
7/25/2022 6:00,149.668
7/25/2022 7:00,225.167
7/25/2022 8:00,269.077
7/25/2022 9:00,333.895
7/25/2022 10:00,399.732
7/25/2022 11:00,383.883
7/25/2022 12:00,354.406
7/25/2022 13:00,301.754
7/25/2022 14:00,247.651
7/25/2022 15:00,245.361
7/25/2022 16:00,203.267
7/25/2022 17:00,126.303
7/25/2022 18:00,54.088
7/25/2022 19:00,3.635
7/25/2022 20:00,0
7/25/2022 21:00,0
7/25/2022 22:00,0
7/25/2022 23:00,0
7/26/2022 0:00,0
7/26/2022 1:00,0
7/26/2022 2:00,0
7/26/2022 3:00,16.242
7/26/2022 4:00,94.91
7/26/2022 5:00,217.197
7/26/2022 6:00,347.162
7/26/2022 7:00,485.05
7/26/2022 8:00,613.835
7/26/2022 9:00,673.109
7/26/2022 10:00,715.682
7/26/2022 11:00,731.392
7/26/2022 12:00,712.022
7/26/2022 13:00,655.497
7/26/2022 14:00,545.964
7/26/2022 15:00,417.463
7/26/2022 16:00,248.571
7/26/2022 17:00,124.322
7/26/2022 18:00,46.201
7/26/2022 19:00,2.276
7/26/2022 20:00,0
7/26/2022 21:00,0
7/26/2022 22:00,0
7/26/2022 23:00,0
7/27/2022 0:00,0
7/27/2022 1:00,0
7/27/2022 2:00,0
7/27/2022 3:00,13.96
7/27/2022 4:00,73.851
7/27/2022 5:00,156.878
7/27/2022 6:00,275.658
7/27/2022 7:00,359.213
7/27/2022 8:00,456.275
7/27/2022 9:00,507.286
7/27/2022 10:00,548.287
7/27/2022 11:00,579.033
7/27/2022 12:00,556.875
7/27/2022 13:00,503.094
7/27/2022 14:00,430.693
7/27/2022 15:00,343.349
7/27/2022 16:00,242.257
7/27/2022 17:00,138.144
7/27/2022 18:00,48.638
7/27/2022 19:00,2.359
7/27/2022 20:00,0
7/27/2022 21:00,0
7/27/2022 22:00,0
7/27/2022 23:00,0
7/28/2022 0:00,0
7/28/2022 1:00,0
7/28/2022 2:00,0
7/28/2022 3:00,16.217
7/28/2022 4:00,97.858
7/28/2022 5:00,218.54
7/28/2022 6:00,355.317
7/28/2022 7:00,498.433
7/28/2022 8:00,641.883
7/28/2022 9:00,757.463
7/28/2022 10:00,809.742
7/28/2022 11:00,822.415
7/28/2022 12:00,787.655
7/28/2022 13:00,712.687
7/28/2022 14:00,607.237
7/28/2022 15:00,474.428
7/28/2022 16:00,324.146
7/28/2022 17:00,181.193
7/28/2022 18:00,61.611
7/28/2022 19:00,2.452
7/28/2022 20:00,0
7/28/2022 21:00,0
7/28/2022 22:00,0
7/28/2022 23:00,0
7/29/2022 0:00,0
7/29/2022 1:00,0
7/29/2022 2:00,0
7/29/2022 3:00,17.003
7/29/2022 4:00,102.35
7/29/2022 5:00,211.841
7/29/2022 6:00,324.545
7/29/2022 7:00,441.391
7/29/2022 8:00,550.091
7/29/2022 9:00,635.208
7/29/2022 10:00,692.844
7/29/2022 11:00,716.59
7/29/2022 12:00,690.48
7/29/2022 13:00,617.695
7/29/2022 14:00,501.756
7/29/2022 15:00,369.529
7/29/2022 16:00,248.12
7/29/2022 17:00,133.04
7/29/2022 18:00,43.582
7/29/2022 19:00,1.667
7/29/2022 20:00,0
7/29/2022 21:00,0
7/29/2022 22:00,0
7/29/2022 23:00,0
7/30/2022 0:00,0
7/30/2022 1:00,0
7/30/2022 2:00,0
7/30/2022 3:00,13.682
7/30/2022 4:00,97.433
7/30/2022 5:00,225.686
7/30/2022 6:00,365.184
7/30/2022 7:00,499.692
7/30/2022 8:00,611.559
7/30/2022 9:00,691.888
7/30/2022 10:00,722.33
7/30/2022 11:00,717.551
7/30/2022 12:00,686.025
7/30/2022 13:00,620.408
7/30/2022 14:00,526.152
7/30/2022 15:00,407.113
7/30/2022 16:00,280.61
7/30/2022 17:00,152.21
7/30/2022 18:00,46.57
7/30/2022 19:00,1.228
7/30/2022 20:00,0
7/30/2022 21:00,0
7/30/2022 22:00,0
7/30/2022 23:00,0
7/31/2022 0:00,0
7/31/2022 1:00,0
7/31/2022 2:00,0
7/31/2022 3:00,11.521
7/31/2022 4:00,85.584
7/31/2022 5:00,203.092
7/31/2022 6:00,326.077
7/31/2022 7:00,435.138
7/31/2022 8:00,507.2
7/31/2022 9:00,569.665
7/31/2022 10:00,611.205
7/31/2022 11:00,625.127
7/31/2022 12:00,532.639
7/31/2022 13:00,427.395
7/31/2022 14:00,302.859
7/31/2022 15:00,175.457
7/31/2022 16:00,85.719
7/31/2022 17:00,36.905
7/31/2022 18:00,10.752
7/31/2022 19:00,0.271
7/31/2022 20:00,0
7/31/2022 21:00,0
7/31/2022 22:00,0
7/31/2022 23:00,0
8/1/2022 0:00,0
8/1/2022 1:00,0
8/1/2022 2:00,0
8/1/2022 3:00,7.03
8/1/2022 4:00,69.883
8/1/2022 5:00,181.698
8/1/2022 6:00,314.628
8/1/2022 7:00,449.119
8/1/2022 8:00,560.183
8/1/2022 9:00,653.169
8/1/2022 10:00,712.96
8/1/2022 11:00,763.603
8/1/2022 12:00,757.336
8/1/2022 13:00,696.607
8/1/2022 14:00,605.593
8/1/2022 15:00,476.513
8/1/2022 16:00,331.767
8/1/2022 17:00,183.792
8/1/2022 18:00,56.74
8/1/2022 19:00,1.113
8/1/2022 20:00,0
8/1/2022 21:00,0
8/1/2022 22:00,0
8/1/2022 23:00,0
8/2/2022 0:00,0
8/2/2022 1:00,0
8/2/2022 2:00,0
8/2/2022 3:00,6.986
8/2/2022 4:00,51.657
8/2/2022 5:00,136.024
8/2/2022 6:00,257.076
8/2/2022 7:00,407.91
8/2/2022 8:00,535.213
8/2/2022 9:00,590.653
8/2/2022 10:00,592.903
8/2/2022 11:00,496.773
8/2/2022 12:00,407.48
8/2/2022 13:00,264.393
8/2/2022 14:00,174.116
8/2/2022 15:00,140.526
8/2/2022 16:00,114.802
8/2/2022 17:00,69.038
8/2/2022 18:00,24.358
8/2/2022 19:00,0.337
8/2/2022 20:00,0
8/2/2022 21:00,0
8/2/2022 22:00,0
8/2/2022 23:00,0
8/3/2022 0:00,0
8/3/2022 1:00,0
8/3/2022 2:00,0
8/3/2022 3:00,5.991
8/3/2022 4:00,61.06
8/3/2022 5:00,167.378
8/3/2022 6:00,308.439
8/3/2022 7:00,447.296
8/3/2022 8:00,558.075
8/3/2022 9:00,644.131
8/3/2022 10:00,701.723
8/3/2022 11:00,738.768
8/3/2022 12:00,712.682
8/3/2022 13:00,642.292
8/3/2022 14:00,537.507
8/3/2022 15:00,411.289
8/3/2022 16:00,281.315
8/3/2022 17:00,151.462
8/3/2022 18:00,42.853
8/3/2022 19:00,0.536
8/3/2022 20:00,0
8/3/2022 21:00,0
8/3/2022 22:00,0
8/3/2022 23:00,0
8/4/2022 0:00,0
8/4/2022 1:00,0
8/4/2022 2:00,0
8/4/2022 3:00,7.058
8/4/2022 4:00,67.395
8/4/2022 5:00,174.951
8/4/2022 6:00,306.916
8/4/2022 7:00,453.145
8/4/2022 8:00,564.641
8/4/2022 9:00,605.721
8/4/2022 10:00,583.953
8/4/2022 11:00,566.164
8/4/2022 12:00,510.369
8/4/2022 13:00,446.555
8/4/2022 14:00,346.168
8/4/2022 15:00,254.641
8/4/2022 16:00,217.164
8/4/2022 17:00,128.692
8/4/2022 18:00,34.234
8/4/2022 19:00,0.409
8/4/2022 20:00,0
8/4/2022 21:00,0
8/4/2022 22:00,0
8/4/2022 23:00,0
8/5/2022 0:00,0
8/5/2022 1:00,0
8/5/2022 2:00,0
8/5/2022 3:00,5.738
8/5/2022 4:00,48.406
8/5/2022 5:00,115.802
8/5/2022 6:00,182.265
8/5/2022 7:00,202.327
8/5/2022 8:00,297.339
8/5/2022 9:00,454.183
8/5/2022 10:00,646.491
8/5/2022 11:00,690.261
8/5/2022 12:00,603.888
8/5/2022 13:00,537.053
8/5/2022 14:00,421.608
8/5/2022 15:00,337.084
8/5/2022 16:00,216.404
8/5/2022 17:00,119.198
8/5/2022 18:00,32.217
8/5/2022 19:00,0.263
8/5/2022 20:00,0
8/5/2022 21:00,0
8/5/2022 22:00,0
8/5/2022 23:00,0
8/6/2022 0:00,0
8/6/2022 1:00,0
8/6/2022 2:00,0
8/6/2022 3:00,7.349
8/6/2022 4:00,89.128
8/6/2022 5:00,218.034
8/6/2022 6:00,352.887
8/6/2022 7:00,496.156
8/6/2022 8:00,613.14
8/6/2022 9:00,694.601
8/6/2022 10:00,741.472
8/6/2022 11:00,751.476
8/6/2022 12:00,721.575
8/6/2022 13:00,658.625
8/6/2022 14:00,559.229
8/6/2022 15:00,435.777
8/6/2022 16:00,292.23
8/6/2022 17:00,152.805
8/6/2022 18:00,39.721
8/6/2022 19:00,0.193
8/6/2022 20:00,0
8/6/2022 21:00,0
8/6/2022 22:00,0
8/6/2022 23:00,0
8/7/2022 0:00,0
8/7/2022 1:00,0
8/7/2022 2:00,0
8/7/2022 3:00,3.5
8/7/2022 4:00,40.097
8/7/2022 5:00,104.48
8/7/2022 6:00,185.581
8/7/2022 7:00,251.888
8/7/2022 8:00,312.744
8/7/2022 9:00,351.801
8/7/2022 10:00,381.499
8/7/2022 11:00,437.589
8/7/2022 12:00,470.755
8/7/2022 13:00,439.062
8/7/2022 14:00,369.13
8/7/2022 15:00,295.893
8/7/2022 16:00,199.747
8/7/2022 17:00,111.571
8/7/2022 18:00,28.187
8/7/2022 19:00,0.076
8/7/2022 20:00,0
8/7/2022 21:00,0
8/7/2022 22:00,0
8/7/2022 23:00,0
8/8/2022 0:00,0
8/8/2022 1:00,0
8/8/2022 2:00,0
8/8/2022 3:00,3.858
8/8/2022 4:00,56.929
8/8/2022 5:00,147.66
8/8/2022 6:00,255.255
8/8/2022 7:00,382.803
8/8/2022 8:00,504.148
8/8/2022 9:00,600.704
8/8/2022 10:00,653.029
8/8/2022 11:00,684.084
8/8/2022 12:00,658.529
8/8/2022 13:00,563.291
8/8/2022 14:00,409.163
8/8/2022 15:00,299.708
8/8/2022 16:00,214.887
8/8/2022 17:00,120.197
8/8/2022 18:00,30.403
8/8/2022 19:00,0.062
8/8/2022 20:00,0
8/8/2022 21:00,0
8/8/2022 22:00,0
8/8/2022 23:00,0
8/9/2022 0:00,0
8/9/2022 1:00,0
8/9/2022 2:00,0
8/9/2022 3:00,4.257
8/9/2022 4:00,65.467
8/9/2022 5:00,161.099
8/9/2022 6:00,265.988
8/9/2022 7:00,378.591
8/9/2022 8:00,489.367
8/9/2022 9:00,582.157
8/9/2022 10:00,651.27
8/9/2022 11:00,675.796
8/9/2022 12:00,643.479
8/9/2022 13:00,578.248
8/9/2022 14:00,468.275
8/9/2022 15:00,348.631
8/9/2022 16:00,210.983
8/9/2022 17:00,103.386
8/9/2022 18:00,22.658
8/9/2022 19:00,0.031
8/9/2022 20:00,0
8/9/2022 21:00,0
8/9/2022 22:00,0
8/9/2022 23:00,0
8/10/2022 0:00,0
8/10/2022 1:00,0
8/10/2022 2:00,0
8/10/2022 3:00,3.55
8/10/2022 4:00,71.095
8/10/2022 5:00,195.858
8/10/2022 6:00,338.369
8/10/2022 7:00,476.82
8/10/2022 8:00,591.568
8/10/2022 9:00,672.403
8/10/2022 10:00,712.435
8/10/2022 11:00,724.966
8/10/2022 12:00,708.899
8/10/2022 13:00,648.438
8/10/2022 14:00,546.647
8/10/2022 15:00,420.379
8/10/2022 16:00,278.775
8/10/2022 17:00,139.113
8/10/2022 18:00,29.068
8/10/2022 19:00,0.014
8/10/2022 20:00,0
8/10/2022 21:00,0
8/10/2022 22:00,0
8/10/2022 23:00,0
8/11/2022 0:00,0
8/11/2022 1:00,0
8/11/2022 2:00,0
8/11/2022 3:00,3.088
8/11/2022 4:00,73.859
8/11/2022 5:00,206.541
8/11/2022 6:00,353.285
8/11/2022 7:00,493.866
8/11/2022 8:00,614.652
8/11/2022 9:00,705.671
8/11/2022 10:00,758.068
8/11/2022 11:00,769.08
8/11/2022 12:00,736.424
8/11/2022 13:00,664.89
8/11/2022 14:00,559.082
8/11/2022 15:00,427.76
8/11/2022 16:00,282.726
8/11/2022 17:00,139.86
8/11/2022 18:00,27.61
8/11/2022 19:00,0.005
8/11/2022 20:00,0
8/11/2022 21:00,0
8/11/2022 22:00,0
8/11/2022 23:00,0
8/12/2022 0:00,0
8/12/2022 1:00,0
8/12/2022 2:00,0
8/12/2022 3:00,2.456
8/12/2022 4:00,69.943
8/12/2022 5:00,201.637
8/12/2022 6:00,347.979
8/12/2022 7:00,488.593
8/12/2022 8:00,609.836
8/12/2022 9:00,701.176
8/12/2022 10:00,751.43
8/12/2022 11:00,759.687
8/12/2022 12:00,727.871
8/12/2022 13:00,656.907
8/12/2022 14:00,551.562
8/12/2022 15:00,420.232
8/12/2022 16:00,274.996
8/12/2022 17:00,132.639
8/12/2022 18:00,24.378
8/12/2022 19:00,0.001
8/12/2022 20:00,0
8/12/2022 21:00,0
8/12/2022 22:00,0
8/12/2022 23:00,0
8/13/2022 0:00,0
8/13/2022 1:00,0
8/13/2022 2:00,0
8/13/2022 3:00,1.897
8/13/2022 4:00,63.647
8/13/2022 5:00,192.252
8/13/2022 6:00,338.867
8/13/2022 7:00,480.046
8/13/2022 8:00,600.915
8/13/2022 9:00,691.359
8/13/2022 10:00,742.03
8/13/2022 11:00,750.871
8/13/2022 12:00,716.403
8/13/2022 13:00,643.437
8/13/2022 14:00,536.425
8/13/2022 15:00,405.638
8/13/2022 16:00,263.29
8/13/2022 17:00,125.058
8/13/2022 18:00,21.439
8/13/2022 19:00,0
8/13/2022 20:00,0
8/13/2022 21:00,0
8/13/2022 22:00,0
8/13/2022 23:00,0
8/14/2022 0:00,0
8/14/2022 1:00,0
8/14/2022 2:00,0
8/14/2022 3:00,1.242
8/14/2022 4:00,41.104
8/14/2022 5:00,119.113
8/14/2022 6:00,212.856
8/14/2022 7:00,308.848
8/14/2022 8:00,398.248
8/14/2022 9:00,468.659
8/14/2022 10:00,497.796
8/14/2022 11:00,493.59
8/14/2022 12:00,454.737
8/14/2022 13:00,384.486
8/14/2022 14:00,298.82
8/14/2022 15:00,210.286
8/14/2022 16:00,127.366
8/14/2022 17:00,55.532
8/14/2022 18:00,9.517
8/14/2022 19:00,0
8/14/2022 20:00,0
8/14/2022 21:00,0
8/14/2022 22:00,0
8/14/2022 23:00,0
8/15/2022 0:00,0
8/15/2022 1:00,0
8/15/2022 2:00,0
8/15/2022 3:00,0.962
8/15/2022 4:00,48.974
8/15/2022 5:00,164.247
8/15/2022 6:00,303.96
8/15/2022 7:00,438.508
8/15/2022 8:00,553.172
8/15/2022 9:00,643.838
8/15/2022 10:00,692.06
8/15/2022 11:00,696.757
8/15/2022 12:00,657.884
8/15/2022 13:00,577.821
8/15/2022 14:00,469.813
8/15/2022 15:00,341.854
8/15/2022 16:00,208.583
8/15/2022 17:00,89.623
8/15/2022 18:00,12.684
8/15/2022 19:00,0
8/15/2022 20:00,0
8/15/2022 21:00,0
8/15/2022 22:00,0
8/15/2022 23:00,0
8/16/2022 0:00,0
8/16/2022 1:00,0
8/16/2022 2:00,0
8/16/2022 3:00,0.373
8/16/2022 4:00,28.042
8/16/2022 5:00,100.895
8/16/2022 6:00,203.344
8/16/2022 7:00,313.731
8/16/2022 8:00,405.725
8/16/2022 9:00,479.58
8/16/2022 10:00,522.658
8/16/2022 11:00,537.544
8/16/2022 12:00,522.82
8/16/2022 13:00,478.375
8/16/2022 14:00,410
8/16/2022 15:00,322.262
8/16/2022 16:00,207.499
8/16/2022 17:00,92.31
8/16/2022 18:00,12.635
8/16/2022 19:00,0
8/16/2022 20:00,0
8/16/2022 21:00,0
8/16/2022 22:00,0
8/16/2022 23:00,0
8/17/2022 0:00,0
8/17/2022 1:00,0
8/17/2022 2:00,0
8/17/2022 3:00,0.43
8/17/2022 4:00,43.46
8/17/2022 5:00,152.817
8/17/2022 6:00,276.691
8/17/2022 7:00,385.102
8/17/2022 8:00,470.616
8/17/2022 9:00,527.74
8/17/2022 10:00,523.638
8/17/2022 11:00,498.532
8/17/2022 12:00,473.765
8/17/2022 13:00,392.178
8/17/2022 14:00,278.291
8/17/2022 15:00,170.415
8/17/2022 16:00,99.529
8/17/2022 17:00,39.672
8/17/2022 18:00,5.084
8/17/2022 19:00,0
8/17/2022 20:00,0
8/17/2022 21:00,0
8/17/2022 22:00,0
8/17/2022 23:00,0
8/18/2022 0:00,0
8/18/2022 1:00,0
8/18/2022 2:00,0
8/18/2022 3:00,0.24
8/18/2022 4:00,29.534
8/18/2022 5:00,106.762
8/18/2022 6:00,199.697
8/18/2022 7:00,308.443
8/18/2022 8:00,389.819
8/18/2022 9:00,449.061
8/18/2022 10:00,499.807
8/18/2022 11:00,508.146
8/18/2022 12:00,484.789
8/18/2022 13:00,420.57
8/18/2022 14:00,342.911
8/18/2022 15:00,251.916
8/18/2022 16:00,158.966
8/18/2022 17:00,71.056
8/18/2022 18:00,8.799
8/18/2022 19:00,0
8/18/2022 20:00,0
8/18/2022 21:00,0
8/18/2022 22:00,0
8/18/2022 23:00,0
8/19/2022 0:00,0
8/19/2022 1:00,0
8/19/2022 2:00,0
8/19/2022 3:00,0.071
8/19/2022 4:00,22.858
8/19/2022 5:00,97.148
8/19/2022 6:00,185.981
8/19/2022 7:00,268.699
8/19/2022 8:00,344.116
8/19/2022 9:00,403.928
8/19/2022 10:00,402.637
8/19/2022 11:00,387.915
8/19/2022 12:00,358.466
8/19/2022 13:00,322.172
8/19/2022 14:00,268.516
8/19/2022 15:00,204.921
8/19/2022 16:00,135.318
8/19/2022 17:00,63.696
8/19/2022 18:00,8.216
8/19/2022 19:00,0
8/19/2022 20:00,0
8/19/2022 21:00,0
8/19/2022 22:00,0
8/19/2022 23:00,0
8/20/2022 0:00,0
8/20/2022 1:00,0
8/20/2022 2:00,0
8/20/2022 3:00,0.054
8/20/2022 4:00,18.492
8/20/2022 5:00,78.164
8/20/2022 6:00,170.611
8/20/2022 7:00,300.543
8/20/2022 8:00,441.214
8/20/2022 9:00,563.791
8/20/2022 10:00,616.257
8/20/2022 11:00,637.913
8/20/2022 12:00,616.281
8/20/2022 13:00,503.975
8/20/2022 14:00,395.151
8/20/2022 15:00,277.134
8/20/2022 16:00,175.083
8/20/2022 17:00,70.465
8/20/2022 18:00,7.23
8/20/2022 19:00,0
8/20/2022 20:00,0
8/20/2022 21:00,0
8/20/2022 22:00,0
8/20/2022 23:00,0
8/21/2022 0:00,0
8/21/2022 1:00,0
8/21/2022 2:00,0
8/21/2022 3:00,0.051
8/21/2022 4:00,36.265
8/21/2022 5:00,154.773
8/21/2022 6:00,290.136
8/21/2022 7:00,414.475
8/21/2022 8:00,525.116
8/21/2022 9:00,614.616
8/21/2022 10:00,672.265
8/21/2022 11:00,685.213
8/21/2022 12:00,652.099
8/21/2022 13:00,589.463
8/21/2022 14:00,491.514
8/21/2022 15:00,356.441
8/21/2022 16:00,208.86
8/21/2022 17:00,87.122
8/21/2022 18:00,7.723
8/21/2022 19:00,0
8/21/2022 20:00,0
8/21/2022 21:00,0
8/21/2022 22:00,0
8/21/2022 23:00,0
8/22/2022 0:00,0
8/22/2022 1:00,0
8/22/2022 2:00,0
8/22/2022 3:00,0.021
8/22/2022 4:00,30.169
8/22/2022 5:00,119.258
8/22/2022 6:00,227.226
8/22/2022 7:00,337.618
8/22/2022 8:00,431.543
8/22/2022 9:00,498.727
8/22/2022 10:00,542.457
8/22/2022 11:00,553.867
8/22/2022 12:00,530.568
8/22/2022 13:00,478.414
8/22/2022 14:00,384.025
8/22/2022 15:00,262.386
8/22/2022 16:00,160.075
8/22/2022 17:00,67.19
8/22/2022 18:00,5.919
8/22/2022 19:00,0
8/22/2022 20:00,0
8/22/2022 21:00,0
8/22/2022 22:00,0
8/22/2022 23:00,0
8/23/2022 0:00,0
8/23/2022 1:00,0
8/23/2022 2:00,0
8/23/2022 3:00,0.002
8/23/2022 4:00,19.199
8/23/2022 5:00,92.752
8/23/2022 6:00,219.925
8/23/2022 7:00,354.181
8/23/2022 8:00,470.836
8/23/2022 9:00,543.399
8/23/2022 10:00,567.013
8/23/2022 11:00,576.582
8/23/2022 12:00,552.133
8/23/2022 13:00,493.904
8/23/2022 14:00,417.536
8/23/2022 15:00,310.482
8/23/2022 16:00,186.178
8/23/2022 17:00,69.868
8/23/2022 18:00,4.346
8/23/2022 19:00,0
8/23/2022 20:00,0
8/23/2022 21:00,0
8/23/2022 22:00,0
8/23/2022 23:00,0
8/24/2022 0:00,0
8/24/2022 1:00,0
8/24/2022 2:00,0
8/24/2022 3:00,0.001
8/24/2022 4:00,22.144
8/24/2022 5:00,96.024
8/24/2022 6:00,209.966
8/24/2022 7:00,322.255
8/24/2022 8:00,416.723
8/24/2022 9:00,495.364
8/24/2022 10:00,571.692
8/24/2022 11:00,611.093
8/24/2022 12:00,608.407
8/24/2022 13:00,561.909
8/24/2022 14:00,469.806
8/24/2022 15:00,348.496
8/24/2022 16:00,212.349
8/24/2022 17:00,81.276
8/24/2022 18:00,4.728
8/24/2022 19:00,0
8/24/2022 20:00,0
8/24/2022 21:00,0
8/24/2022 22:00,0
8/24/2022 23:00,0
8/25/2022 0:00,0
8/25/2022 1:00,0
8/25/2022 2:00,0
8/25/2022 3:00,0
8/25/2022 4:00,25.842
8/25/2022 5:00,134.856
8/25/2022 6:00,276.911
8/25/2022 7:00,417.396
8/25/2022 8:00,532.562
8/25/2022 9:00,627.174
8/25/2022 10:00,683.609
8/25/2022 11:00,692.869
8/25/2022 12:00,658.355
8/25/2022 13:00,580.395
8/25/2022 14:00,467.479
8/25/2022 15:00,329.196
8/25/2022 16:00,183.578
8/25/2022 17:00,66.279
8/25/2022 18:00,3.534
8/25/2022 19:00,0
8/25/2022 20:00,0
8/25/2022 21:00,0
8/25/2022 22:00,0
8/25/2022 23:00,0
8/26/2022 0:00,0
8/26/2022 1:00,0
8/26/2022 2:00,0
8/26/2022 3:00,0
8/26/2022 4:00,19.816
8/26/2022 5:00,112.729
8/26/2022 6:00,239.525
8/26/2022 7:00,370.35
8/26/2022 8:00,489.291
8/26/2022 9:00,580.119
8/26/2022 10:00,635.346
8/26/2022 11:00,618.543
8/26/2022 12:00,546.984
8/26/2022 13:00,432.477
8/26/2022 14:00,291.158
8/26/2022 15:00,170.974
8/26/2022 16:00,87.95
8/26/2022 17:00,27.627
8/26/2022 18:00,1.113
8/26/2022 19:00,0
8/26/2022 20:00,0
8/26/2022 21:00,0
8/26/2022 22:00,0
8/26/2022 23:00,0
8/27/2022 0:00,0
8/27/2022 1:00,0
8/27/2022 2:00,0
8/27/2022 3:00,0
8/27/2022 4:00,7.856
8/27/2022 5:00,56.534
8/27/2022 6:00,137.64
8/27/2022 7:00,229.238
8/27/2022 8:00,318.235
8/27/2022 9:00,389.812
8/27/2022 10:00,426.924
8/27/2022 11:00,435.184
8/27/2022 12:00,411.891
8/27/2022 13:00,368.913
8/27/2022 14:00,300.167
8/27/2022 15:00,222.832
8/27/2022 16:00,130.548
8/27/2022 17:00,47.039
8/27/2022 18:00,2.049
8/27/2022 19:00,0
8/27/2022 20:00,0
8/27/2022 21:00,0
8/27/2022 22:00,0
8/27/2022 23:00,0
8/28/2022 0:00,0
8/28/2022 1:00,0
8/28/2022 2:00,0
8/28/2022 3:00,0
8/28/2022 4:00,15.826
8/28/2022 5:00,104.798
8/28/2022 6:00,222.399
8/28/2022 7:00,342.35
8/28/2022 8:00,435.049
8/28/2022 9:00,486.682
8/28/2022 10:00,486.079
8/28/2022 11:00,479.509
8/28/2022 12:00,468.218
8/28/2022 13:00,410.397
8/28/2022 14:00,309.389
8/28/2022 15:00,207.351
8/28/2022 16:00,123.367
8/28/2022 17:00,43.092
8/28/2022 18:00,1.461
8/28/2022 19:00,0
8/28/2022 20:00,0
8/28/2022 21:00,0
8/28/2022 22:00,0
8/28/2022 23:00,0
8/29/2022 0:00,0
8/29/2022 1:00,0
8/29/2022 2:00,0
8/29/2022 3:00,0
8/29/2022 4:00,13.976
8/29/2022 5:00,103.797
8/29/2022 6:00,219.226
8/29/2022 7:00,332.493
8/29/2022 8:00,426.791
8/29/2022 9:00,496.356
8/29/2022 10:00,546.642
8/29/2022 11:00,595.729
8/29/2022 12:00,598.731
8/29/2022 13:00,545.264
8/29/2022 14:00,435.944
8/29/2022 15:00,303.594
8/29/2022 16:00,173.156
8/29/2022 17:00,55.513
8/29/2022 18:00,1.465
8/29/2022 19:00,0
8/29/2022 20:00,0
8/29/2022 21:00,0
8/29/2022 22:00,0
8/29/2022 23:00,0
8/30/2022 0:00,0
8/30/2022 1:00,0
8/30/2022 2:00,0
8/30/2022 3:00,0
8/30/2022 4:00,13.511
8/30/2022 5:00,101.422
8/30/2022 6:00,231.93
8/30/2022 7:00,370.784
8/30/2022 8:00,494.445
8/30/2022 9:00,585.492
8/30/2022 10:00,638.229
8/30/2022 11:00,651.786
8/30/2022 12:00,624.232
8/30/2022 13:00,558.522
8/30/2022 14:00,459.283
8/30/2022 15:00,335.152
8/30/2022 16:00,196.574
8/30/2022 17:00,63.626
8/30/2022 18:00,1.134
8/30/2022 19:00,0
8/30/2022 20:00,0
8/30/2022 21:00,0
8/30/2022 22:00,0
8/30/2022 23:00,0
8/31/2022 0:00,0
8/31/2022 1:00,0
8/31/2022 2:00,0
8/31/2022 3:00,0
8/31/2022 4:00,13.268
8/31/2022 5:00,113.056
8/31/2022 6:00,256.062
8/31/2022 7:00,396.451
8/31/2022 8:00,513.529
8/31/2022 9:00,593.636
8/31/2022 10:00,652.607
8/31/2022 11:00,658.904
8/31/2022 12:00,635.747
8/31/2022 13:00,564.498
8/31/2022 14:00,446.484
8/31/2022 15:00,311.8
8/31/2022 16:00,178.814
8/31/2022 17:00,56.875
8/31/2022 18:00,0.825
8/31/2022 19:00,0
8/31/2022 20:00,0
8/31/2022 21:00,0
8/31/2022 22:00,0
8/31/2022 23:00,0
9/1/2022 0:00,0
9/1/2022 1:00,0
9/1/2022 2:00,0
9/1/2022 3:00,0
9/1/2022 4:00,13.075
9/1/2022 5:00,118.194
9/1/2022 6:00,263.711
9/1/2022 7:00,407.226
9/1/2022 8:00,531.469
9/1/2022 9:00,624.858
9/1/2022 10:00,679.296
9/1/2022 11:00,690.637
9/1/2022 12:00,657.766
9/1/2022 13:00,583.873
9/1/2022 14:00,474.713
9/1/2022 15:00,339.071
9/1/2022 16:00,193.079
9/1/2022 17:00,57.606
9/1/2022 18:00,0.55
9/1/2022 19:00,0
9/1/2022 20:00,0
9/1/2022 21:00,0
9/1/2022 22:00,0
9/1/2022 23:00,0
9/2/2022 0:00,0
9/2/2022 1:00,0
9/2/2022 2:00,0
9/2/2022 3:00,0
9/2/2022 4:00,10.819
9/2/2022 5:00,109.936
9/2/2022 6:00,251.932
9/2/2022 7:00,394.78
9/2/2022 8:00,518.792
9/2/2022 9:00,612.277
9/2/2022 10:00,665.246
9/2/2022 11:00,675.848
9/2/2022 12:00,641.281
9/2/2022 13:00,563.761
9/2/2022 14:00,451.885
9/2/2022 15:00,318.819
9/2/2022 16:00,170.885
9/2/2022 17:00,45.576
9/2/2022 18:00,0.322
9/2/2022 19:00,0
9/2/2022 20:00,0
9/2/2022 21:00,0
9/2/2022 22:00,0
9/2/2022 23:00,0
9/3/2022 0:00,0
9/3/2022 1:00,0
9/3/2022 2:00,0
9/3/2022 3:00,0
9/3/2022 4:00,6.708
9/3/2022 5:00,74.22
9/3/2022 6:00,195.943
9/3/2022 7:00,338.251
9/3/2022 8:00,463.892
9/3/2022 9:00,560.478
9/3/2022 10:00,622.429
9/3/2022 11:00,639.2
9/3/2022 12:00,610.253
9/3/2022 13:00,539.935
9/3/2022 14:00,432.239
9/3/2022 15:00,290.609
9/3/2022 16:00,155.11
9/3/2022 17:00,42.761
9/3/2022 18:00,0.156
9/3/2022 19:00,0
9/3/2022 20:00,0
9/3/2022 21:00,0
9/3/2022 22:00,0
9/3/2022 23:00,0
9/4/2022 0:00,0
9/4/2022 1:00,0
9/4/2022 2:00,0
9/4/2022 3:00,0
9/4/2022 4:00,7.264
9/4/2022 5:00,82.852
9/4/2022 6:00,184.073
9/4/2022 7:00,286.61
9/4/2022 8:00,380.66
9/4/2022 9:00,436.427
9/4/2022 10:00,455.466
9/4/2022 11:00,451.089
9/4/2022 12:00,443.754
9/4/2022 13:00,409.246
9/4/2022 14:00,335.555
9/4/2022 15:00,238.371
9/4/2022 16:00,133.288
9/4/2022 17:00,35.269
9/4/2022 18:00,0.075
9/4/2022 19:00,0
9/4/2022 20:00,0
9/4/2022 21:00,0
9/4/2022 22:00,0
9/4/2022 23:00,0
9/5/2022 0:00,0
9/5/2022 1:00,0
9/5/2022 2:00,0
9/5/2022 3:00,0
9/5/2022 4:00,5.633
9/5/2022 5:00,71.098
9/5/2022 6:00,161.405
9/5/2022 7:00,252.304
9/5/2022 8:00,303.23
9/5/2022 9:00,335.426
9/5/2022 10:00,368.296
9/5/2022 11:00,393.159
9/5/2022 12:00,398.635
9/5/2022 13:00,377.078
9/5/2022 14:00,313.219
9/5/2022 15:00,214.57
9/5/2022 16:00,104.456
9/5/2022 17:00,24.218
9/5/2022 18:00,0.029
9/5/2022 19:00,0
9/5/2022 20:00,0
9/5/2022 21:00,0
9/5/2022 22:00,0
9/5/2022 23:00,0
9/6/2022 0:00,0
9/6/2022 1:00,0
9/6/2022 2:00,0
9/6/2022 3:00,0
9/6/2022 4:00,4.212
9/6/2022 5:00,70.119
9/6/2022 6:00,195.389
9/6/2022 7:00,321.558
9/6/2022 8:00,440.038
9/6/2022 9:00,531.252
9/6/2022 10:00,592.18
9/6/2022 11:00,611.029
9/6/2022 12:00,583.846
9/6/2022 13:00,512.753
9/6/2022 14:00,403.282
9/6/2022 15:00,270.215
9/6/2022 16:00,137.356
9/6/2022 17:00,29.392
9/6/2022 18:00,0.011
9/6/2022 19:00,0
9/6/2022 20:00,0
9/6/2022 21:00,0
9/6/2022 22:00,0
9/6/2022 23:00,0
9/7/2022 0:00,0
9/7/2022 1:00,0
9/7/2022 2:00,0
9/7/2022 3:00,0
9/7/2022 4:00,3.841
9/7/2022 5:00,65.43
9/7/2022 6:00,164.893
9/7/2022 7:00,259.509
9/7/2022 8:00,330.306
9/7/2022 9:00,384.516
9/7/2022 10:00,423.866
9/7/2022 11:00,424.8
9/7/2022 12:00,366.587
9/7/2022 13:00,279.721
9/7/2022 14:00,194.945
9/7/2022 15:00,123.133
9/7/2022 16:00,62.017
9/7/2022 17:00,12.541
9/7/2022 18:00,0.001
9/7/2022 19:00,0
9/7/2022 20:00,0
9/7/2022 21:00,0
9/7/2022 22:00,0
9/7/2022 23:00,0
9/8/2022 0:00,0
9/8/2022 1:00,0
9/8/2022 2:00,0
9/8/2022 3:00,0
9/8/2022 4:00,1.98
9/8/2022 5:00,46.146
9/8/2022 6:00,133.545
9/8/2022 7:00,228.075
9/8/2022 8:00,319.246
9/8/2022 9:00,398.278
9/8/2022 10:00,423.398
9/8/2022 11:00,396.346
9/8/2022 12:00,344.638
9/8/2022 13:00,266.31
9/8/2022 14:00,170.092
9/8/2022 15:00,86.466
9/8/2022 16:00,35.641
9/8/2022 17:00,6.393
9/8/2022 18:00,0
9/8/2022 19:00,0
9/8/2022 20:00,0
9/8/2022 21:00,0
9/8/2022 22:00,0
9/8/2022 23:00,0
9/9/2022 0:00,0
9/9/2022 1:00,0
9/9/2022 2:00,0
9/9/2022 3:00,0
9/9/2022 4:00,0.571
9/9/2022 5:00,22.049
9/9/2022 6:00,78.051
9/9/2022 7:00,163.815
9/9/2022 8:00,276.981
9/9/2022 9:00,382.945
9/9/2022 10:00,466.86
9/9/2022 11:00,497.022
9/9/2022 12:00,466.737
9/9/2022 13:00,392.273
9/9/2022 14:00,276.642
9/9/2022 15:00,164.402
9/9/2022 16:00,85.51
9/9/2022 17:00,15.402
9/9/2022 18:00,0
9/9/2022 19:00,0
9/9/2022 20:00,0
9/9/2022 21:00,0
9/9/2022 22:00,0
9/9/2022 23:00,0
9/10/2022 0:00,0
9/10/2022 1:00,0
9/10/2022 2:00,0
9/10/2022 3:00,0
9/10/2022 4:00,1.062
9/10/2022 5:00,42.023
9/10/2022 6:00,130.972
9/10/2022 7:00,231.274
9/10/2022 8:00,327.125
9/10/2022 9:00,410.836
9/10/2022 10:00,470.505
9/10/2022 11:00,478.84
9/10/2022 12:00,450.623
9/10/2022 13:00,386.367
9/10/2022 14:00,307.266
9/10/2022 15:00,189.167
9/10/2022 16:00,92.418
9/10/2022 17:00,16.936
9/10/2022 18:00,0
9/10/2022 19:00,0
9/10/2022 20:00,0
9/10/2022 21:00,0
9/10/2022 22:00,0
9/10/2022 23:00,0
9/11/2022 0:00,0
9/11/2022 1:00,0
9/11/2022 2:00,0
9/11/2022 3:00,0
9/11/2022 4:00,1.206
9/11/2022 5:00,60.659
9/11/2022 6:00,187.153
9/11/2022 7:00,322.023
9/11/2022 8:00,441.116
9/11/2022 9:00,532.781
9/11/2022 10:00,575.654
9/11/2022 11:00,583.64
9/11/2022 12:00,548.563
9/11/2022 13:00,460.325
9/11/2022 14:00,357.767
9/11/2022 15:00,223.548
9/11/2022 16:00,107.923
9/11/2022 17:00,17.8
9/11/2022 18:00,0
9/11/2022 19:00,0
9/11/2022 20:00,0
9/11/2022 21:00,0
9/11/2022 22:00,0
9/11/2022 23:00,0
9/12/2022 0:00,0
9/12/2022 1:00,0
9/12/2022 2:00,0
9/12/2022 3:00,0
9/12/2022 4:00,0.877
9/12/2022 5:00,41.265
9/12/2022 6:00,124.536
9/12/2022 7:00,195.399
9/12/2022 8:00,249.607
9/12/2022 9:00,291.448
9/12/2022 10:00,298.038
9/12/2022 11:00,278.769
9/12/2022 12:00,248.816
9/12/2022 13:00,209.828
9/12/2022 14:00,176.9
9/12/2022 15:00,146.707
9/12/2022 16:00,74.845
9/12/2022 17:00,9.428
9/12/2022 18:00,0
9/12/2022 19:00,0
9/12/2022 20:00,0
9/12/2022 21:00,0
9/12/2022 22:00,0
9/12/2022 23:00,0
9/13/2022 0:00,0
9/13/2022 1:00,0
9/13/2022 2:00,0
9/13/2022 3:00,0
9/13/2022 4:00,0.227
9/13/2022 5:00,43.754
9/13/2022 6:00,161.345
9/13/2022 7:00,316.591
9/13/2022 8:00,423.915
9/13/2022 9:00,508.341
9/13/2022 10:00,551.283
9/13/2022 11:00,559.047
9/13/2022 12:00,513.93
9/13/2022 13:00,450.135
9/13/2022 14:00,315.499
9/13/2022 15:00,184.476
9/13/2022 16:00,89.173
9/13/2022 17:00,10.547
9/13/2022 18:00,0
9/13/2022 19:00,0
9/13/2022 20:00,0
9/13/2022 21:00,0
9/13/2022 22:00,0
9/13/2022 23:00,0
9/14/2022 0:00,0
9/14/2022 1:00,0
9/14/2022 2:00,0
9/14/2022 3:00,0
9/14/2022 4:00,0.335
9/14/2022 5:00,41.961
9/14/2022 6:00,134.899
9/14/2022 7:00,239.935
9/14/2022 8:00,342.685
9/14/2022 9:00,401.529
9/14/2022 10:00,425.768
9/14/2022 11:00,406.791
9/14/2022 12:00,358.506
9/14/2022 13:00,282.728
9/14/2022 14:00,213.101
9/14/2022 15:00,152.43
9/14/2022 16:00,75.205
9/14/2022 17:00,10.315
9/14/2022 18:00,0
9/14/2022 19:00,0
9/14/2022 20:00,0
9/14/2022 21:00,0
9/14/2022 22:00,0
9/14/2022 23:00,0
9/15/2022 0:00,0
9/15/2022 1:00,0
9/15/2022 2:00,0
9/15/2022 3:00,0
9/15/2022 4:00,0.224
9/15/2022 5:00,48.097
9/15/2022 6:00,171.401
9/15/2022 7:00,302.293
9/15/2022 8:00,422.414
9/15/2022 9:00,513.502
9/15/2022 10:00,566.583
9/15/2022 11:00,575.546
9/15/2022 12:00,547.935
9/15/2022 13:00,480.942
9/15/2022 14:00,378.481
9/15/2022 15:00,249.788
9/15/2022 16:00,112.212
9/15/2022 17:00,12.021
9/15/2022 18:00,0
9/15/2022 19:00,0
9/15/2022 20:00,0
9/15/2022 21:00,0
9/15/2022 22:00,0
9/15/2022 23:00,0
9/16/2022 0:00,0
9/16/2022 1:00,0
9/16/2022 2:00,0
9/16/2022 3:00,0
9/16/2022 4:00,0.085
9/16/2022 5:00,29.745
9/16/2022 6:00,115.589
9/16/2022 7:00,220.167
9/16/2022 8:00,324.391
9/16/2022 9:00,412.548
9/16/2022 10:00,454.744
9/16/2022 11:00,448.715
9/16/2022 12:00,422.384
9/16/2022 13:00,372.367
9/16/2022 14:00,293.069
9/16/2022 15:00,196.82
9/16/2022 16:00,95.349
9/16/2022 17:00,10.418
9/16/2022 18:00,0
9/16/2022 19:00,0
9/16/2022 20:00,0
9/16/2022 21:00,0
9/16/2022 22:00,0
9/16/2022 23:00,0
9/17/2022 0:00,0
9/17/2022 1:00,0
9/17/2022 2:00,0
9/17/2022 3:00,0
9/17/2022 4:00,0.049
9/17/2022 5:00,29.329
9/17/2022 6:00,110.55
9/17/2022 7:00,196.501
9/17/2022 8:00,268.782
9/17/2022 9:00,333.318
9/17/2022 10:00,367.443
9/17/2022 11:00,374.321
9/17/2022 12:00,342.288
9/17/2022 13:00,292.145
9/17/2022 14:00,225.447
9/17/2022 15:00,146.891
9/17/2022 16:00,63.773
9/17/2022 17:00,6.064
9/17/2022 18:00,0
9/17/2022 19:00,0
9/17/2022 20:00,0
9/17/2022 21:00,0
9/17/2022 22:00,0
9/17/2022 23:00,0
9/18/2022 0:00,0
9/18/2022 1:00,0
9/18/2022 2:00,0
9/18/2022 3:00,0
9/18/2022 4:00,0.007
9/18/2022 5:00,24.7
9/18/2022 6:00,107.438
9/18/2022 7:00,200.569
9/18/2022 8:00,283.832
9/18/2022 9:00,332.059
9/18/2022 10:00,315.569
9/18/2022 11:00,273.26
9/18/2022 12:00,247.474
9/18/2022 13:00,215.679
9/18/2022 14:00,171.71
9/18/2022 15:00,110.991
9/18/2022 16:00,48.727
9/18/2022 17:00,4.245
9/18/2022 18:00,0
9/18/2022 19:00,0
9/18/2022 20:00,0
9/18/2022 21:00,0
9/18/2022 22:00,0
9/18/2022 23:00,0
9/19/2022 0:00,0
9/19/2022 1:00,0
9/19/2022 2:00,0
9/19/2022 3:00,0
9/19/2022 4:00,0.006
9/19/2022 5:00,34.227
9/19/2022 6:00,150.274
9/19/2022 7:00,277.655
9/19/2022 8:00,381.242
9/19/2022 9:00,462.252
9/19/2022 10:00,518.215
9/19/2022 11:00,546.211
9/19/2022 12:00,526.573
9/19/2022 13:00,464.468
9/19/2022 14:00,365.03
9/19/2022 15:00,237.529
9/19/2022 16:00,99.795
9/19/2022 17:00,6.875
9/19/2022 18:00,0
9/19/2022 19:00,0
9/19/2022 20:00,0
9/19/2022 21:00,0
9/19/2022 22:00,0
9/19/2022 23:00,0
9/20/2022 0:00,0
9/20/2022 1:00,0
9/20/2022 2:00,0
9/20/2022 3:00,0
9/20/2022 4:00,0.002
9/20/2022 5:00,29.862
9/20/2022 6:00,145.368
9/20/2022 7:00,283.93
9/20/2022 8:00,405.47
9/20/2022 9:00,497.655
9/20/2022 10:00,549.877
9/20/2022 11:00,559.099
9/20/2022 12:00,528.729
9/20/2022 13:00,461.32
9/20/2022 14:00,360.476
9/20/2022 15:00,228.367
9/20/2022 16:00,92.91
9/20/2022 17:00,5.585
9/20/2022 18:00,0
9/20/2022 19:00,0
9/20/2022 20:00,0
9/20/2022 21:00,0
9/20/2022 22:00,0
9/20/2022 23:00,0
9/21/2022 0:00,0
9/21/2022 1:00,0
9/21/2022 2:00,0
9/21/2022 3:00,0
9/21/2022 4:00,0.001
9/21/2022 5:00,28.529
9/21/2022 6:00,142.231
9/21/2022 7:00,277.261
9/21/2022 8:00,410.636
9/21/2022 9:00,509.582
9/21/2022 10:00,559.914
9/21/2022 11:00,564.265
9/21/2022 12:00,522.195
9/21/2022 13:00,440.066
9/21/2022 14:00,327.588
9/21/2022 15:00,198.489
9/21/2022 16:00,76.458
9/21/2022 17:00,3.98
9/21/2022 18:00,0
9/21/2022 19:00,0
9/21/2022 20:00,0
9/21/2022 21:00,0
9/21/2022 22:00,0
9/21/2022 23:00,0
9/22/2022 0:00,0
9/22/2022 1:00,0
9/22/2022 2:00,0
9/22/2022 3:00,0
9/22/2022 4:00,0
9/22/2022 5:00,25.228
9/22/2022 6:00,132.776
9/22/2022 7:00,267.193
9/22/2022 8:00,401.301
9/22/2022 9:00,494.774
9/22/2022 10:00,543.618
9/22/2022 11:00,546.35
9/22/2022 12:00,496.442
9/22/2022 13:00,405.833
9/22/2022 14:00,312.846
9/22/2022 15:00,184.904
9/22/2022 16:00,66.682
9/22/2022 17:00,2.805
9/22/2022 18:00,0
9/22/2022 19:00,0
9/22/2022 20:00,0
9/22/2022 21:00,0
9/22/2022 22:00,0
9/22/2022 23:00,0
9/23/2022 0:00,0
9/23/2022 1:00,0
9/23/2022 2:00,0
9/23/2022 3:00,0
9/23/2022 4:00,0
9/23/2022 5:00,11.277
9/23/2022 6:00,62.527
9/23/2022 7:00,142.921
9/23/2022 8:00,228.933
9/23/2022 9:00,294.172
9/23/2022 10:00,326.467
9/23/2022 11:00,330.066
9/23/2022 12:00,320.529
9/23/2022 13:00,269.723
9/23/2022 14:00,197.26
9/23/2022 15:00,125.868
9/23/2022 16:00,51.235
9/23/2022 17:00,1.719
9/23/2022 18:00,0
9/23/2022 19:00,0
9/23/2022 20:00,0
9/23/2022 21:00,0
9/23/2022 22:00,0
9/23/2022 23:00,0
9/24/2022 0:00,0
9/24/2022 1:00,0
9/24/2022 2:00,0
9/24/2022 3:00,0
9/24/2022 4:00,0
9/24/2022 5:00,13.461
9/24/2022 6:00,90.326
9/24/2022 7:00,197.215
9/24/2022 8:00,301.386
9/24/2022 9:00,380.502
9/24/2022 10:00,424.146
9/24/2022 11:00,437.254
9/24/2022 12:00,416.263
9/24/2022 13:00,353.198
9/24/2022 14:00,254.503
9/24/2022 15:00,149.402
9/24/2022 16:00,52.029
9/24/2022 17:00,1.432
9/24/2022 18:00,0
9/24/2022 19:00,0
9/24/2022 20:00,0
9/24/2022 21:00,0
9/24/2022 22:00,0
9/24/2022 23:00,0
9/25/2022 0:00,0
9/25/2022 1:00,0
9/25/2022 2:00,0
9/25/2022 3:00,0
9/25/2022 4:00,0
9/25/2022 5:00,12.559
9/25/2022 6:00,95.969
9/25/2022 7:00,207.531
9/25/2022 8:00,312.525
9/25/2022 9:00,393.67
9/25/2022 10:00,442.174
9/25/2022 11:00,453.78
9/25/2022 12:00,422.09
9/25/2022 13:00,357.1
9/25/2022 14:00,269.476
9/25/2022 15:00,153.217
9/25/2022 16:00,44.563
9/25/2022 17:00,0.896
9/25/2022 18:00,0
9/25/2022 19:00,0
9/25/2022 20:00,0
9/25/2022 21:00,0
9/25/2022 22:00,0
9/25/2022 23:00,0
9/26/2022 0:00,0
9/26/2022 1:00,0
9/26/2022 2:00,0
9/26/2022 3:00,0
9/26/2022 4:00,0
9/26/2022 5:00,4.165
9/26/2022 6:00,29.952
9/26/2022 7:00,77.607
9/26/2022 8:00,137.661
9/26/2022 9:00,211.251
9/26/2022 10:00,259.32
9/26/2022 11:00,263.85
9/26/2022 12:00,238.49
9/26/2022 13:00,175.836
9/26/2022 14:00,119.297
9/26/2022 15:00,60.793
9/26/2022 16:00,17.175
9/26/2022 17:00,0.211
9/26/2022 18:00,0
9/26/2022 19:00,0
9/26/2022 20:00,0
9/26/2022 21:00,0
9/26/2022 22:00,0
9/26/2022 23:00,0
9/27/2022 0:00,0
9/27/2022 1:00,0
9/27/2022 2:00,0
9/27/2022 3:00,0
9/27/2022 4:00,0
9/27/2022 5:00,5.233
9/27/2022 6:00,34.533
9/27/2022 7:00,75.844
9/27/2022 8:00,131.929
9/27/2022 9:00,174.465
9/27/2022 10:00,189.949
9/27/2022 11:00,179.979
9/27/2022 12:00,168.033
9/27/2022 13:00,147.684
9/27/2022 14:00,110.092
9/27/2022 15:00,54.018
9/27/2022 16:00,17.785
9/27/2022 17:00,0.257
9/27/2022 18:00,0
9/27/2022 19:00,0
9/27/2022 20:00,0
9/27/2022 21:00,0
9/27/2022 22:00,0
9/27/2022 23:00,0
9/28/2022 0:00,0
9/28/2022 1:00,0
9/28/2022 2:00,0
9/28/2022 3:00,0
9/28/2022 4:00,0
9/28/2022 5:00,3.519
9/28/2022 6:00,35.456
9/28/2022 7:00,91.712
9/28/2022 8:00,162.022
9/28/2022 9:00,210.157
9/28/2022 10:00,233.729
9/28/2022 11:00,217.755
9/28/2022 12:00,174.878
9/28/2022 13:00,129.283
9/28/2022 14:00,86.436
9/28/2022 15:00,45.975
9/28/2022 16:00,13.611
9/28/2022 17:00,0.133
9/28/2022 18:00,0
9/28/2022 19:00,0
9/28/2022 20:00,0
9/28/2022 21:00,0
9/28/2022 22:00,0
9/28/2022 23:00,0
9/29/2022 0:00,0
9/29/2022 1:00,0
9/29/2022 2:00,0
9/29/2022 3:00,0
9/29/2022 4:00,0
9/29/2022 5:00,4.165
9/29/2022 6:00,52.252
9/29/2022 7:00,141.585
9/29/2022 8:00,258.815
9/29/2022 9:00,345.759
9/29/2022 10:00,408.699
9/29/2022 11:00,393.966
9/29/2022 12:00,383.619
9/29/2022 13:00,330.368
9/29/2022 14:00,229.067
9/29/2022 15:00,117.512
9/29/2022 16:00,36.41
9/29/2022 17:00,0.183
9/29/2022 18:00,0
9/29/2022 19:00,0
9/29/2022 20:00,0
9/29/2022 21:00,0
9/29/2022 22:00,0
9/29/2022 23:00,0
9/30/2022 0:00,0
9/30/2022 1:00,0
9/30/2022 2:00,0
9/30/2022 3:00,0
9/30/2022 4:00,0
9/30/2022 5:00,6.062
9/30/2022 6:00,67.99
9/30/2022 7:00,152.213
9/30/2022 8:00,247.586
9/30/2022 9:00,355.724
9/30/2022 10:00,426.231
9/30/2022 11:00,453.024
9/30/2022 12:00,429.236
9/30/2022 13:00,356.867
9/30/2022 14:00,262.845
9/30/2022 15:00,145.522
9/30/2022 16:00,39.745
9/30/2022 17:00,0.09
9/30/2022 18:00,0
9/30/2022 19:00,0
9/30/2022 20:00,0
9/30/2022 21:00,0
9/30/2022 22:00,0
9/30/2022 23:00,0
10/1/2022 0:00,0
10/1/2022 1:00,0
10/1/2022 2:00,0
10/1/2022 3:00,0
10/1/2022 4:00,0
10/1/2022 5:00,2.147
10/1/2022 6:00,26.954
10/1/2022 7:00,70.558
10/1/2022 8:00,117.493
10/1/2022 9:00,152.79
10/1/2022 10:00,137.081
10/1/2022 11:00,114.889
10/1/2022 12:00,106.842
10/1/2022 13:00,98.575
10/1/2022 14:00,89.018
10/1/2022 15:00,63.996
10/1/2022 16:00,22.554
10/1/2022 17:00,0.045
10/1/2022 18:00,0
10/1/2022 19:00,0
10/1/2022 20:00,0
10/1/2022 21:00,0
10/1/2022 22:00,0
10/1/2022 23:00,0
10/2/2022 0:00,0
10/2/2022 1:00,0
10/2/2022 2:00,0
10/2/2022 3:00,0
10/2/2022 4:00,0
10/2/2022 5:00,4.681
10/2/2022 6:00,74.638
10/2/2022 7:00,183.193
10/2/2022 8:00,284.788
10/2/2022 9:00,368.323
10/2/2022 10:00,435.315
10/2/2022 11:00,467.552
10/2/2022 12:00,446.186
10/2/2022 13:00,375.985
10/2/2022 14:00,273.74
10/2/2022 15:00,153.744
10/2/2022 16:00,37.313
10/2/2022 17:00,0.017
10/2/2022 18:00,0
10/2/2022 19:00,0
10/2/2022 20:00,0
10/2/2022 21:00,0
10/2/2022 22:00,0
10/2/2022 23:00,0
10/3/2022 0:00,0
10/3/2022 1:00,0
10/3/2022 2:00,0
10/3/2022 3:00,0
10/3/2022 4:00,0
10/3/2022 5:00,4.471
10/3/2022 6:00,84.204
10/3/2022 7:00,207.017
10/3/2022 8:00,332.228
10/3/2022 9:00,426.342
10/3/2022 10:00,482.923
10/3/2022 11:00,495.243
10/3/2022 12:00,461.806
10/3/2022 13:00,389.645
10/3/2022 14:00,282.449
10/3/2022 15:00,148.937
10/3/2022 16:00,29.987
10/3/2022 17:00,0.002
10/3/2022 18:00,0
10/3/2022 19:00,0
10/3/2022 20:00,0
10/3/2022 21:00,0
10/3/2022 22:00,0
10/3/2022 23:00,0
10/4/2022 0:00,0
10/4/2022 1:00,0
10/4/2022 2:00,0
10/4/2022 3:00,0
10/4/2022 4:00,0
10/4/2022 5:00,3.606
10/4/2022 6:00,73.948
10/4/2022 7:00,189.105
10/4/2022 8:00,302.85
10/4/2022 9:00,387.413
10/4/2022 10:00,427.26
10/4/2022 11:00,428.92
10/4/2022 12:00,369.428
10/4/2022 13:00,287.074
10/4/2022 14:00,180.072
10/4/2022 15:00,86.242
10/4/2022 16:00,17.241
10/4/2022 17:00,0
10/4/2022 18:00,0
10/4/2022 19:00,0
10/4/2022 20:00,0
10/4/2022 21:00,0
10/4/2022 22:00,0
10/4/2022 23:00,0
10/5/2022 0:00,0
10/5/2022 1:00,0
10/5/2022 2:00,0
10/5/2022 3:00,0
10/5/2022 4:00,0
10/5/2022 5:00,1.5
10/5/2022 6:00,33.394
10/5/2022 7:00,67.892
10/5/2022 8:00,101.418
10/5/2022 9:00,194.043
10/5/2022 10:00,325.815
10/5/2022 11:00,360.485
10/5/2022 12:00,315.574
10/5/2022 13:00,250.176
10/5/2022 14:00,180.236
10/5/2022 15:00,86.326
10/5/2022 16:00,15.547
10/5/2022 17:00,0
10/5/2022 18:00,0
10/5/2022 19:00,0
10/5/2022 20:00,0
10/5/2022 21:00,0
10/5/2022 22:00,0
10/5/2022 23:00,0
10/6/2022 0:00,0
10/6/2022 1:00,0
10/6/2022 2:00,0
10/6/2022 3:00,0
10/6/2022 4:00,0
10/6/2022 5:00,1.544
10/6/2022 6:00,60.099
10/6/2022 7:00,179.37
10/6/2022 8:00,291.295
10/6/2022 9:00,367.833
10/6/2022 10:00,424.9
10/6/2022 11:00,444.725
10/6/2022 12:00,422.805
10/6/2022 13:00,350.192
10/6/2022 14:00,216.644
10/6/2022 15:00,105.399
10/6/2022 16:00,18.117
10/6/2022 17:00,0
10/6/2022 18:00,0
10/6/2022 19:00,0
10/6/2022 20:00,0
10/6/2022 21:00,0
10/6/2022 22:00,0
10/6/2022 23:00,0
10/7/2022 0:00,0
10/7/2022 1:00,0
10/7/2022 2:00,0
10/7/2022 3:00,0
10/7/2022 4:00,0
10/7/2022 5:00,1.383
10/7/2022 6:00,58.972
10/7/2022 7:00,157.612
10/7/2022 8:00,246.154
10/7/2022 9:00,311.427
10/7/2022 10:00,360.825
10/7/2022 11:00,387.846
10/7/2022 12:00,356.498
10/7/2022 13:00,275.344
10/7/2022 14:00,173.786
10/7/2022 15:00,82.74
10/7/2022 16:00,14.03
10/7/2022 17:00,0
10/7/2022 18:00,0
10/7/2022 19:00,0
10/7/2022 20:00,0
10/7/2022 21:00,0
10/7/2022 22:00,0
10/7/2022 23:00,0
10/8/2022 0:00,0
10/8/2022 1:00,0
10/8/2022 2:00,0
10/8/2022 3:00,0
10/8/2022 4:00,0
10/8/2022 5:00,0.724
10/8/2022 6:00,53.683
10/8/2022 7:00,163.585
10/8/2022 8:00,248.962
10/8/2022 9:00,315.603
10/8/2022 10:00,367.032
10/8/2022 11:00,392.519
10/8/2022 12:00,367.378
10/8/2022 13:00,303.296
10/8/2022 14:00,209.51
10/8/2022 15:00,103.775
10/8/2022 16:00,16.869
10/8/2022 17:00,0
10/8/2022 18:00,0
10/8/2022 19:00,0
10/8/2022 20:00,0
10/8/2022 21:00,0
10/8/2022 22:00,0
10/8/2022 23:00,0
10/9/2022 0:00,0
10/9/2022 1:00,0
10/9/2022 2:00,0
10/9/2022 3:00,0
10/9/2022 4:00,0
10/9/2022 5:00,0.517
10/9/2022 6:00,43.724
10/9/2022 7:00,157.38
10/9/2022 8:00,274.063
10/9/2022 9:00,367.221
10/9/2022 10:00,432.694
10/9/2022 11:00,446.121
10/9/2022 12:00,416.152
10/9/2022 13:00,346.047
10/9/2022 14:00,230.322
10/9/2022 15:00,101.136
10/9/2022 16:00,15.707
10/9/2022 17:00,0
10/9/2022 18:00,0
10/9/2022 19:00,0
10/9/2022 20:00,0
10/9/2022 21:00,0
10/9/2022 22:00,0
10/9/2022 23:00,0
10/10/2022 0:00,0
10/10/2022 1:00,0
10/10/2022 2:00,0
10/10/2022 3:00,0
10/10/2022 4:00,0
10/10/2022 5:00,0.497
10/10/2022 6:00,48.134
10/10/2022 7:00,149.029
10/10/2022 8:00,244.994
10/10/2022 9:00,320.677
10/10/2022 10:00,361.486
10/10/2022 11:00,362.592
10/10/2022 12:00,317.454
10/10/2022 13:00,235.9
10/10/2022 14:00,143.103
10/10/2022 15:00,64.622
10/10/2022 16:00,8.321
10/10/2022 17:00,0
10/10/2022 18:00,0
10/10/2022 19:00,0
10/10/2022 20:00,0
10/10/2022 21:00,0
10/10/2022 22:00,0
10/10/2022 23:00,0
10/11/2022 0:00,0
10/11/2022 1:00,0
10/11/2022 2:00,0
10/11/2022 3:00,0
10/11/2022 4:00,0
10/11/2022 5:00,0.264
10/11/2022 6:00,45.861
10/11/2022 7:00,163.023
10/11/2022 8:00,279.576
10/11/2022 9:00,369.842
10/11/2022 10:00,420.928
10/11/2022 11:00,429.823
10/11/2022 12:00,393.858
10/11/2022 13:00,322.263
10/11/2022 14:00,216.228
10/11/2022 15:00,90.875
10/11/2022 16:00,11.196
10/11/2022 17:00,0
10/11/2022 18:00,0
10/11/2022 19:00,0
10/11/2022 20:00,0
10/11/2022 21:00,0
10/11/2022 22:00,0
10/11/2022 23:00,0
10/12/2022 0:00,0
10/12/2022 1:00,0
10/12/2022 2:00,0
10/12/2022 3:00,0
10/12/2022 4:00,0
10/12/2022 5:00,0.144
10/12/2022 6:00,35.402
10/12/2022 7:00,128.144
10/12/2022 8:00,236.276
10/12/2022 9:00,321.247
10/12/2022 10:00,375.129
10/12/2022 11:00,371.592
10/12/2022 12:00,315.113
10/12/2022 13:00,228.213
10/12/2022 14:00,133.905
10/12/2022 15:00,67.364
10/12/2022 16:00,8.312
10/12/2022 17:00,0
10/12/2022 18:00,0
10/12/2022 19:00,0
10/12/2022 20:00,0
10/12/2022 21:00,0
10/12/2022 22:00,0
10/12/2022 23:00,0
10/13/2022 0:00,0
10/13/2022 1:00,0
10/13/2022 2:00,0
10/13/2022 3:00,0
10/13/2022 4:00,0
10/13/2022 5:00,0.063
10/13/2022 6:00,21.099
10/13/2022 7:00,67.065
10/13/2022 8:00,117.771
10/13/2022 9:00,168.812
10/13/2022 10:00,183.609
10/13/2022 11:00,182.419
10/13/2022 12:00,165.293
10/13/2022 13:00,130.025
10/13/2022 14:00,79.284
10/13/2022 15:00,34.745
10/13/2022 16:00,4.064
10/13/2022 17:00,0
10/13/2022 18:00,0
10/13/2022 19:00,0
10/13/2022 20:00,0
10/13/2022 21:00,0
10/13/2022 22:00,0
10/13/2022 23:00,0
10/14/2022 0:00,0
10/14/2022 1:00,0
10/14/2022 2:00,0
10/14/2022 3:00,0
10/14/2022 4:00,0
10/14/2022 5:00,0.015
10/14/2022 6:00,25.343
10/14/2022 7:00,105.386
10/14/2022 8:00,194.224
10/14/2022 9:00,271.58
10/14/2022 10:00,363.177
10/14/2022 11:00,388.394
10/14/2022 12:00,353.453
10/14/2022 13:00,264.927
10/14/2022 14:00,153.054
10/14/2022 15:00,57.403
10/14/2022 16:00,4.663
10/14/2022 17:00,0
10/14/2022 18:00,0
10/14/2022 19:00,0
10/14/2022 20:00,0
10/14/2022 21:00,0
10/14/2022 22:00,0
10/14/2022 23:00,0
10/15/2022 0:00,0
10/15/2022 1:00,0
10/15/2022 2:00,0
10/15/2022 3:00,0
10/15/2022 4:00,0
10/15/2022 5:00,0.004
10/15/2022 6:00,21.446
10/15/2022 7:00,99.354
10/15/2022 8:00,189.138
10/15/2022 9:00,277.139
10/15/2022 10:00,320.964
10/15/2022 11:00,332.181
10/15/2022 12:00,312.371
10/15/2022 13:00,234.172
10/15/2022 14:00,139.313
10/15/2022 15:00,54.181
10/15/2022 16:00,3.726
10/15/2022 17:00,0
10/15/2022 18:00,0
10/15/2022 19:00,0
10/15/2022 20:00,0
10/15/2022 21:00,0
10/15/2022 22:00,0
10/15/2022 23:00,0
10/16/2022 0:00,0
10/16/2022 1:00,0
10/16/2022 2:00,0
10/16/2022 3:00,0
10/16/2022 4:00,0
10/16/2022 5:00,0.004
10/16/2022 6:00,27.418
10/16/2022 7:00,122.291
10/16/2022 8:00,226.498
10/16/2022 9:00,310.243
10/16/2022 10:00,360.785
10/16/2022 11:00,352.516
10/16/2022 12:00,324.073
10/16/2022 13:00,290.972
10/16/2022 14:00,198.584
10/16/2022 15:00,81.299
10/16/2022 16:00,4.884
10/16/2022 17:00,0
10/16/2022 18:00,0
10/16/2022 19:00,0
10/16/2022 20:00,0
10/16/2022 21:00,0
10/16/2022 22:00,0
10/16/2022 23:00,0
10/17/2022 0:00,0
10/17/2022 1:00,0
10/17/2022 2:00,0
10/17/2022 3:00,0
10/17/2022 4:00,0
10/17/2022 5:00,0.002
10/17/2022 6:00,15.461
10/17/2022 7:00,49.147
10/17/2022 8:00,53.025
10/17/2022 9:00,74.882
10/17/2022 10:00,105
10/17/2022 11:00,149.755
10/17/2022 12:00,172.129
10/17/2022 13:00,158.139
10/17/2022 14:00,71.374
10/17/2022 15:00,25.155
10/17/2022 16:00,1.643
10/17/2022 17:00,0
10/17/2022 18:00,0
10/17/2022 19:00,0
10/17/2022 20:00,0
10/17/2022 21:00,0
10/17/2022 22:00,0
10/17/2022 23:00,0
10/18/2022 0:00,0
10/18/2022 1:00,0
10/18/2022 2:00,0
10/18/2022 3:00,0
10/18/2022 4:00,0
10/18/2022 5:00,0.001
10/18/2022 6:00,19.062
10/18/2022 7:00,92.683
10/18/2022 8:00,169.731
10/18/2022 9:00,232.232
10/18/2022 10:00,264.584
10/18/2022 11:00,275.844
10/18/2022 12:00,248.929
10/18/2022 13:00,151.536
10/18/2022 14:00,95.858
10/18/2022 15:00,39.768
10/18/2022 16:00,1.624
10/18/2022 17:00,0
10/18/2022 18:00,0
10/18/2022 19:00,0
10/18/2022 20:00,0
10/18/2022 21:00,0
10/18/2022 22:00,0
10/18/2022 23:00,0
10/19/2022 0:00,0
10/19/2022 1:00,0
10/19/2022 2:00,0
10/19/2022 3:00,0
10/19/2022 4:00,0
10/19/2022 5:00,0
10/19/2022 6:00,23.13
10/19/2022 7:00,124.705
10/19/2022 8:00,241.047
10/19/2022 9:00,341.866
10/19/2022 10:00,397.621
10/19/2022 11:00,409.399
10/19/2022 12:00,377.351
10/19/2022 13:00,303.499
10/19/2022 14:00,196.142
10/19/2022 15:00,75.566
10/19/2022 16:00,2.802
10/19/2022 17:00,0
10/19/2022 18:00,0
10/19/2022 19:00,0
10/19/2022 20:00,0
10/19/2022 21:00,0
10/19/2022 22:00,0
10/19/2022 23:00,0
10/20/2022 0:00,0
10/20/2022 1:00,0
10/20/2022 2:00,0
10/20/2022 3:00,0
10/20/2022 4:00,0
10/20/2022 5:00,0
10/20/2022 6:00,19.266
10/20/2022 7:00,118.72
10/20/2022 8:00,240.617
10/20/2022 9:00,336.808
10/20/2022 10:00,391.448
10/20/2022 11:00,397.952
10/20/2022 12:00,357.021
10/20/2022 13:00,271.976
10/20/2022 14:00,167.844
10/20/2022 15:00,60.383
10/20/2022 16:00,1.625
10/20/2022 17:00,0
10/20/2022 18:00,0
10/20/2022 19:00,0
10/20/2022 20:00,0
10/20/2022 21:00,0
10/20/2022 22:00,0
10/20/2022 23:00,0
10/21/2022 0:00,0
10/21/2022 1:00,0
10/21/2022 2:00,0
10/21/2022 3:00,0
10/21/2022 4:00,0
10/21/2022 5:00,0
10/21/2022 6:00,8.968
10/21/2022 7:00,66.469
10/21/2022 8:00,137.494
10/21/2022 9:00,194.515
10/21/2022 10:00,238.958
10/21/2022 11:00,251.436
10/21/2022 12:00,224.95
10/21/2022 13:00,167.509
10/21/2022 14:00,89.879
10/21/2022 15:00,23.658
10/21/2022 16:00,0.303
10/21/2022 17:00,0
10/21/2022 18:00,0
10/21/2022 19:00,0
10/21/2022 20:00,0
10/21/2022 21:00,0
10/21/2022 22:00,0
10/21/2022 23:00,0
10/22/2022 0:00,0
10/22/2022 1:00,0
10/22/2022 2:00,0
10/22/2022 3:00,0
10/22/2022 4:00,0
10/22/2022 5:00,0
10/22/2022 6:00,9.209
10/22/2022 7:00,67.435
10/22/2022 8:00,139.239
10/22/2022 9:00,200.014
10/22/2022 10:00,246.491
10/22/2022 11:00,267.54
10/22/2022 12:00,243.807
10/22/2022 13:00,192.603
10/22/2022 14:00,115.911
10/22/2022 15:00,38.012
10/22/2022 16:00,0.551
10/22/2022 17:00,0
10/22/2022 18:00,0
10/22/2022 19:00,0
10/22/2022 20:00,0
10/22/2022 21:00,0
10/22/2022 22:00,0
10/22/2022 23:00,0
10/23/2022 0:00,0
10/23/2022 1:00,0
10/23/2022 2:00,0
10/23/2022 3:00,0
10/23/2022 4:00,0
10/23/2022 5:00,0
10/23/2022 6:00,9.864
10/23/2022 7:00,83.974
10/23/2022 8:00,178.956
10/23/2022 9:00,276.516
10/23/2022 10:00,332.447
10/23/2022 11:00,346.235
10/23/2022 12:00,316.815
10/23/2022 13:00,242.16
10/23/2022 14:00,134.18
10/23/2022 15:00,36.102
10/23/2022 16:00,0.295
10/23/2022 17:00,0
10/23/2022 18:00,0
10/23/2022 19:00,0
10/23/2022 20:00,0
10/23/2022 21:00,0
10/23/2022 22:00,0
10/23/2022 23:00,0
10/24/2022 0:00,0
10/24/2022 1:00,0
10/24/2022 2:00,0
10/24/2022 3:00,0
10/24/2022 4:00,0
10/24/2022 5:00,0
10/24/2022 6:00,7.79
10/24/2022 7:00,66.321
10/24/2022 8:00,146.493
10/24/2022 9:00,227.709
10/24/2022 10:00,268.772
10/24/2022 11:00,276.613
10/24/2022 12:00,263.312
10/24/2022 13:00,209.402
10/24/2022 14:00,121.968
10/24/2022 15:00,34.915
10/24/2022 16:00,0.178
10/24/2022 17:00,0
10/24/2022 18:00,0
10/24/2022 19:00,0
10/24/2022 20:00,0
10/24/2022 21:00,0
10/24/2022 22:00,0
10/24/2022 23:00,0
10/25/2022 0:00,0
10/25/2022 1:00,0
10/25/2022 2:00,0
10/25/2022 3:00,0
10/25/2022 4:00,0
10/25/2022 5:00,0
10/25/2022 6:00,7.668
10/25/2022 7:00,81.685
10/25/2022 8:00,178.298
10/25/2022 9:00,261.443
10/25/2022 10:00,321.179
10/25/2022 11:00,332.517
10/25/2022 12:00,299.891
10/25/2022 13:00,211.284
10/25/2022 14:00,116.323
10/25/2022 15:00,34.499
10/25/2022 16:00,0.159
10/25/2022 17:00,0
10/25/2022 18:00,0
10/25/2022 19:00,0
10/25/2022 20:00,0
10/25/2022 21:00,0
10/25/2022 22:00,0
10/25/2022 23:00,0
10/26/2022 0:00,0
10/26/2022 1:00,0
10/26/2022 2:00,0
10/26/2022 3:00,0
10/26/2022 4:00,0
10/26/2022 5:00,0
10/26/2022 6:00,6.691
10/26/2022 7:00,72.785
10/26/2022 8:00,162.774
10/26/2022 9:00,239.556
10/26/2022 10:00,263.786
10/26/2022 11:00,241.367
10/26/2022 12:00,188.891
10/26/2022 13:00,116.255
10/26/2022 14:00,67.035
10/26/2022 15:00,21.596
10/26/2022 16:00,0.081
10/26/2022 17:00,0
10/26/2022 18:00,0
10/26/2022 19:00,0
10/26/2022 20:00,0
10/26/2022 21:00,0
10/26/2022 22:00,0
10/26/2022 23:00,0
10/27/2022 0:00,0
10/27/2022 1:00,0
10/27/2022 2:00,0
10/27/2022 3:00,0
10/27/2022 4:00,0
10/27/2022 5:00,0
10/27/2022 6:00,5.204
10/27/2022 7:00,58.594
10/27/2022 8:00,146.443
10/27/2022 9:00,226.843
10/27/2022 10:00,281.371
10/27/2022 11:00,260.217
10/27/2022 12:00,206.095
10/27/2022 13:00,136.735
10/27/2022 14:00,65.443
10/27/2022 15:00,14.346
10/27/2022 16:00,0.017
10/27/2022 17:00,0
10/27/2022 18:00,0
10/27/2022 19:00,0
10/27/2022 20:00,0
10/27/2022 21:00,0
10/27/2022 22:00,0
10/27/2022 23:00,0
10/28/2022 0:00,0
10/28/2022 1:00,0
10/28/2022 2:00,0
10/28/2022 3:00,0
10/28/2022 4:00,0
10/28/2022 5:00,0
10/28/2022 6:00,5.176
10/28/2022 7:00,75.354
10/28/2022 8:00,170.006
10/28/2022 9:00,241.069
10/28/2022 10:00,272.493
10/28/2022 11:00,247.177
10/28/2022 12:00,191.48
10/28/2022 13:00,118.553
10/28/2022 14:00,58.504
10/28/2022 15:00,16.499
10/28/2022 16:00,0.02
10/28/2022 17:00,0
10/28/2022 18:00,0
10/28/2022 19:00,0
10/28/2022 20:00,0
10/28/2022 21:00,0
10/28/2022 22:00,0
10/28/2022 23:00,0
10/29/2022 0:00,0
10/29/2022 1:00,0
10/29/2022 2:00,0
10/29/2022 3:00,0
10/29/2022 4:00,0
10/29/2022 5:00,0
10/29/2022 6:00,3.607
10/29/2022 7:00,55.996
10/29/2022 8:00,133.783
10/29/2022 9:00,213.881
10/29/2022 10:00,268.379
10/29/2022 11:00,253.502
10/29/2022 12:00,203.797
10/29/2022 13:00,164.751
10/29/2022 14:00,90.466
10/29/2022 15:00,23.35
10/29/2022 16:00,0.006
10/29/2022 17:00,0
10/29/2022 18:00,0
10/29/2022 19:00,0
10/29/2022 20:00,0
10/29/2022 21:00,0
10/29/2022 22:00,0
10/29/2022 23:00,0
10/30/2022 0:00,0
10/30/2022 1:00,0
10/30/2022 2:00,0
10/30/2022 3:00,0
10/30/2022 4:00,0
10/30/2022 5:00,0
10/30/2022 6:00,3.001
10/30/2022 7:00,58.076
10/30/2022 8:00,139.481
10/30/2022 9:00,206.433
10/30/2022 10:00,252.077
10/30/2022 11:00,262.328
10/30/2022 12:00,243.067
10/30/2022 13:00,191.769
10/30/2022 14:00,107.618
10/30/2022 15:00,23.285
10/30/2022 16:00,0.002
10/30/2022 17:00,0
10/30/2022 18:00,0
10/30/2022 19:00,0
10/30/2022 20:00,0
10/30/2022 21:00,0
10/30/2022 22:00,0
10/30/2022 23:00,0
10/31/2022 0:00,0
10/31/2022 1:00,0
10/31/2022 2:00,0
10/31/2022 3:00,0
10/31/2022 4:00,0
10/31/2022 5:00,0
10/31/2022 6:00,2.125
10/31/2022 7:00,59.988
10/31/2022 8:00,159.813
10/31/2022 9:00,246.18
10/31/2022 10:00,289.724
10/31/2022 11:00,294.034
10/31/2022 12:00,255.675
10/31/2022 13:00,184.09
10/31/2022 14:00,93.498
10/31/2022 15:00,18.677
10/31/2022 16:00,0.001
10/31/2022 17:00,0
10/31/2022 18:00,0
10/31/2022 19:00,0
10/31/2022 20:00,0
10/31/2022 21:00,0
10/31/2022 22:00,0
10/31/2022 23:00,0
11/1/2022 0:00,0
11/1/2022 1:00,0
11/1/2022 2:00,0
11/1/2022 3:00,0
11/1/2022 4:00,0
11/1/2022 5:00,0
11/1/2022 6:00,1.769
11/1/2022 7:00,39.975
11/1/2022 8:00,89.53
11/1/2022 9:00,116.575
11/1/2022 10:00,129.499
11/1/2022 11:00,132.017
11/1/2022 12:00,144.121
11/1/2022 13:00,133.205
11/1/2022 14:00,89.624
11/1/2022 15:00,19.544
11/1/2022 16:00,0
11/1/2022 17:00,0
11/1/2022 18:00,0
11/1/2022 19:00,0
11/1/2022 20:00,0
11/1/2022 21:00,0
11/1/2022 22:00,0
11/1/2022 23:00,0
11/2/2022 0:00,0
11/2/2022 1:00,0
11/2/2022 2:00,0
11/2/2022 3:00,0
11/2/2022 4:00,0
11/2/2022 5:00,0
11/2/2022 6:00,0.677
11/2/2022 7:00,23.274
11/2/2022 8:00,75.28
11/2/2022 9:00,145.033
11/2/2022 10:00,178.655
11/2/2022 11:00,166.439
11/2/2022 12:00,138.008
11/2/2022 13:00,87.697
11/2/2022 14:00,50.846
11/2/2022 15:00,11.986
11/2/2022 16:00,0
11/2/2022 17:00,0
11/2/2022 18:00,0
11/2/2022 19:00,0
11/2/2022 20:00,0
11/2/2022 21:00,0
11/2/2022 22:00,0
11/2/2022 23:00,0
11/3/2022 0:00,0
11/3/2022 1:00,0
11/3/2022 2:00,0
11/3/2022 3:00,0
11/3/2022 4:00,0
11/3/2022 5:00,0
11/3/2022 6:00,0.667
11/3/2022 7:00,27.234
11/3/2022 8:00,85.615
11/3/2022 9:00,145.59
11/3/2022 10:00,176.141
11/3/2022 11:00,163.305
11/3/2022 12:00,123.714
11/3/2022 13:00,84.061
11/3/2022 14:00,39.355
11/3/2022 15:00,6.077
11/3/2022 16:00,0
11/3/2022 17:00,0
11/3/2022 18:00,0
11/3/2022 19:00,0
11/3/2022 20:00,0
11/3/2022 21:00,0
11/3/2022 22:00,0
11/3/2022 23:00,0
11/4/2022 0:00,0
11/4/2022 1:00,0
11/4/2022 2:00,0
11/4/2022 3:00,0
11/4/2022 4:00,0
11/4/2022 5:00,0
11/4/2022 6:00,0.623
11/4/2022 7:00,27.075
11/4/2022 8:00,75.747
11/4/2022 9:00,113.627
11/4/2022 10:00,118.054
11/4/2022 11:00,117.131
11/4/2022 12:00,103.721
11/4/2022 13:00,71.373
11/4/2022 14:00,36.723
11/4/2022 15:00,5.767
11/4/2022 16:00,0
11/4/2022 17:00,0
11/4/2022 18:00,0
11/4/2022 19:00,0
11/4/2022 20:00,0
11/4/2022 21:00,0
11/4/2022 22:00,0
11/4/2022 23:00,0
11/5/2022 0:00,0
11/5/2022 1:00,0
11/5/2022 2:00,0
11/5/2022 3:00,0
11/5/2022 4:00,0
11/5/2022 5:00,0
11/5/2022 6:00,0.478
11/5/2022 7:00,37.808
11/5/2022 8:00,120.072
11/5/2022 9:00,197.787
11/5/2022 10:00,243.92
11/5/2022 11:00,259.419
11/5/2022 12:00,232.825
11/5/2022 13:00,167.306
11/5/2022 14:00,83.354
11/5/2022 15:00,10.848
11/5/2022 16:00,0
11/5/2022 17:00,0
11/5/2022 18:00,0
11/5/2022 19:00,0
11/5/2022 20:00,0
11/5/2022 21:00,0
11/5/2022 22:00,0
11/5/2022 23:00,0
11/6/2022 0:00,0
11/6/2022 1:00,0
11/6/2022 2:00,0
11/6/2022 3:00,0
11/6/2022 4:00,0
11/6/2022 5:00,0
11/6/2022 6:00,0.118
11/6/2022 7:00,13.042
11/6/2022 8:00,43.937
11/6/2022 9:00,83.907
11/6/2022 10:00,109.161
11/6/2022 11:00,109.809
11/6/2022 12:00,75.505
11/6/2022 13:00,41.965
11/6/2022 14:00,19.213
11/6/2022 15:00,2.528
11/6/2022 16:00,0
11/6/2022 17:00,0
11/6/2022 18:00,0
11/6/2022 19:00,0
11/6/2022 20:00,0
11/6/2022 21:00,0
11/6/2022 22:00,0
11/6/2022 23:00,0
11/7/2022 0:00,0
11/7/2022 1:00,0
11/7/2022 2:00,0
11/7/2022 3:00,0
11/7/2022 4:00,0
11/7/2022 5:00,0
11/7/2022 6:00,0.077
11/7/2022 7:00,9.99
11/7/2022 8:00,41.111
11/7/2022 9:00,95.476
11/7/2022 10:00,140.361
11/7/2022 11:00,168.91
11/7/2022 12:00,179.236
11/7/2022 13:00,141.19
11/7/2022 14:00,71.576
11/7/2022 15:00,8.669
11/7/2022 16:00,0
11/7/2022 17:00,0
11/7/2022 18:00,0
11/7/2022 19:00,0
11/7/2022 20:00,0
11/7/2022 21:00,0
11/7/2022 22:00,0
11/7/2022 23:00,0
11/8/2022 0:00,0
11/8/2022 1:00,0
11/8/2022 2:00,0
11/8/2022 3:00,0
11/8/2022 4:00,0
11/8/2022 5:00,0
11/8/2022 6:00,0.091
11/8/2022 7:00,23.343
11/8/2022 8:00,77.797
11/8/2022 9:00,118.248
11/8/2022 10:00,136.21
11/8/2022 11:00,147.982
11/8/2022 12:00,135.745
11/8/2022 13:00,90.723
11/8/2022 14:00,48.151
11/8/2022 15:00,5.447
11/8/2022 16:00,0
11/8/2022 17:00,0
11/8/2022 18:00,0
11/8/2022 19:00,0
11/8/2022 20:00,0
11/8/2022 21:00,0
11/8/2022 22:00,0
11/8/2022 23:00,0
11/9/2022 0:00,0
11/9/2022 1:00,0
11/9/2022 2:00,0
11/9/2022 3:00,0
11/9/2022 4:00,0
11/9/2022 5:00,0
11/9/2022 6:00,0.063
11/9/2022 7:00,23.787
11/9/2022 8:00,83.542
11/9/2022 9:00,138.4
11/9/2022 10:00,180.367
11/9/2022 11:00,201.29
11/9/2022 12:00,182.285
11/9/2022 13:00,127.573
11/9/2022 14:00,54.503
11/9/2022 15:00,4.241
11/9/2022 16:00,0
11/9/2022 17:00,0
11/9/2022 18:00,0
11/9/2022 19:00,0
11/9/2022 20:00,0
11/9/2022 21:00,0
11/9/2022 22:00,0
11/9/2022 23:00,0
11/10/2022 0:00,0
11/10/2022 1:00,0
11/10/2022 2:00,0
11/10/2022 3:00,0
11/10/2022 4:00,0
11/10/2022 5:00,0
11/10/2022 6:00,0.038
11/10/2022 7:00,20.685
11/10/2022 8:00,78.594
11/10/2022 9:00,139.484
11/10/2022 10:00,188.865
11/10/2022 11:00,167.483
11/10/2022 12:00,99.689
11/10/2022 13:00,54.501
11/10/2022 14:00,20.321
11/10/2022 15:00,1.981
11/10/2022 16:00,0
11/10/2022 17:00,0
11/10/2022 18:00,0
11/10/2022 19:00,0
11/10/2022 20:00,0
11/10/2022 21:00,0
11/10/2022 22:00,0
11/10/2022 23:00,0
11/11/2022 0:00,0
11/11/2022 1:00,0
11/11/2022 2:00,0
11/11/2022 3:00,0
11/11/2022 4:00,0
11/11/2022 5:00,0
11/11/2022 6:00,0.008
11/11/2022 7:00,9.629
11/11/2022 8:00,41.003
11/11/2022 9:00,73.697
11/11/2022 10:00,99.157
11/11/2022 11:00,110.069
11/11/2022 12:00,101.391
11/11/2022 13:00,73.374
11/11/2022 14:00,37.127
11/11/2022 15:00,3.423
11/11/2022 16:00,0
11/11/2022 17:00,0
11/11/2022 18:00,0
11/11/2022 19:00,0
11/11/2022 20:00,0
11/11/2022 21:00,0
11/11/2022 22:00,0
11/11/2022 23:00,0
11/12/2022 0:00,0
11/12/2022 1:00,0
11/12/2022 2:00,0
11/12/2022 3:00,0
11/12/2022 4:00,0
11/12/2022 5:00,0
11/12/2022 6:00,0.005
11/12/2022 7:00,21.484
11/12/2022 8:00,90.119
11/12/2022 9:00,151.476
11/12/2022 10:00,185.378
11/12/2022 11:00,187.47
11/12/2022 12:00,155.948
11/12/2022 13:00,101.724
11/12/2022 14:00,40.745
11/12/2022 15:00,2.664
11/12/2022 16:00,0
11/12/2022 17:00,0
11/12/2022 18:00,0
11/12/2022 19:00,0
11/12/2022 20:00,0
11/12/2022 21:00,0
11/12/2022 22:00,0
11/12/2022 23:00,0
11/13/2022 0:00,0
11/13/2022 1:00,0
11/13/2022 2:00,0
11/13/2022 3:00,0
11/13/2022 4:00,0
11/13/2022 5:00,0
11/13/2022 6:00,0.002
11/13/2022 7:00,10.267
11/13/2022 8:00,50.299
11/13/2022 9:00,100.557
11/13/2022 10:00,140.344
11/13/2022 11:00,145.353
11/13/2022 12:00,122.411
11/13/2022 13:00,81.992
11/13/2022 14:00,34.686
11/13/2022 15:00,2.387
11/13/2022 16:00,0
11/13/2022 17:00,0
11/13/2022 18:00,0
11/13/2022 19:00,0
11/13/2022 20:00,0
11/13/2022 21:00,0
11/13/2022 22:00,0
11/13/2022 23:00,0
11/14/2022 0:00,0
11/14/2022 1:00,0
11/14/2022 2:00,0
11/14/2022 3:00,0
11/14/2022 4:00,0
11/14/2022 5:00,0
11/14/2022 6:00,0.002
11/14/2022 7:00,14.39
11/14/2022 8:00,62.433
11/14/2022 9:00,104.965
11/14/2022 10:00,134.021
11/14/2022 11:00,140.117
11/14/2022 12:00,123.024
11/14/2022 13:00,87.644
11/14/2022 14:00,38.652
11/14/2022 15:00,2.161
11/14/2022 16:00,0
11/14/2022 17:00,0
11/14/2022 18:00,0
11/14/2022 19:00,0
11/14/2022 20:00,0
11/14/2022 21:00,0
11/14/2022 22:00,0
11/14/2022 23:00,0
11/15/2022 0:00,0
11/15/2022 1:00,0
11/15/2022 2:00,0
11/15/2022 3:00,0
11/15/2022 4:00,0
11/15/2022 5:00,0
11/15/2022 6:00,0
11/15/2022 7:00,8.068
11/15/2022 8:00,39.161
11/15/2022 9:00,71.535
11/15/2022 10:00,95.681
11/15/2022 11:00,91.932
11/15/2022 12:00,74.115
11/15/2022 13:00,42.617
11/15/2022 14:00,16.353
11/15/2022 15:00,0.615
11/15/2022 16:00,0
11/15/2022 17:00,0
11/15/2022 18:00,0
11/15/2022 19:00,0
11/15/2022 20:00,0
11/15/2022 21:00,0
11/15/2022 22:00,0
11/15/2022 23:00,0
11/16/2022 0:00,0
11/16/2022 1:00,0
11/16/2022 2:00,0
11/16/2022 3:00,0
11/16/2022 4:00,0
11/16/2022 5:00,0
11/16/2022 6:00,0.001
11/16/2022 7:00,12.691
11/16/2022 8:00,66.603
11/16/2022 9:00,124.031
11/16/2022 10:00,165.854
11/16/2022 11:00,175.353
11/16/2022 12:00,151.881
11/16/2022 13:00,104.077
11/16/2022 14:00,39.525
11/16/2022 15:00,1.41
11/16/2022 16:00,0
11/16/2022 17:00,0
11/16/2022 18:00,0
11/16/2022 19:00,0
11/16/2022 20:00,0
11/16/2022 21:00,0
11/16/2022 22:00,0
11/16/2022 23:00,0
11/17/2022 0:00,0
11/17/2022 1:00,0
11/17/2022 2:00,0
11/17/2022 3:00,0
11/17/2022 4:00,0
11/17/2022 5:00,0
11/17/2022 6:00,0
11/17/2022 7:00,12.738
11/17/2022 8:00,69.194
11/17/2022 9:00,134.418
11/17/2022 10:00,181.933
11/17/2022 11:00,204.193
11/17/2022 12:00,181.42
11/17/2022 13:00,124.148
11/17/2022 14:00,49.71
11/17/2022 15:00,1.532
11/17/2022 16:00,0
11/17/2022 17:00,0
11/17/2022 18:00,0
11/17/2022 19:00,0
11/17/2022 20:00,0
11/17/2022 21:00,0
11/17/2022 22:00,0
11/17/2022 23:00,0
11/18/2022 0:00,0
11/18/2022 1:00,0
11/18/2022 2:00,0
11/18/2022 3:00,0
11/18/2022 4:00,0
11/18/2022 5:00,0
11/18/2022 6:00,0
11/18/2022 7:00,12.154
11/18/2022 8:00,73.06
11/18/2022 9:00,144.829
11/18/2022 10:00,190.715
11/18/2022 11:00,207.673
11/18/2022 12:00,184.445
11/18/2022 13:00,125.328
11/18/2022 14:00,47.41
11/18/2022 15:00,1.23
11/18/2022 16:00,0
11/18/2022 17:00,0
11/18/2022 18:00,0
11/18/2022 19:00,0
11/18/2022 20:00,0
11/18/2022 21:00,0
11/18/2022 22:00,0
11/18/2022 23:00,0
11/19/2022 0:00,0
11/19/2022 1:00,0
11/19/2022 2:00,0
11/19/2022 3:00,0
11/19/2022 4:00,0
11/19/2022 5:00,0
11/19/2022 6:00,0
11/19/2022 7:00,7.4
11/19/2022 8:00,50.535
11/19/2022 9:00,100.591
11/19/2022 10:00,133.082
11/19/2022 11:00,142.992
11/19/2022 12:00,121.427
11/19/2022 13:00,77.064
11/19/2022 14:00,26.615
11/19/2022 15:00,0.647
11/19/2022 16:00,0
11/19/2022 17:00,0
11/19/2022 18:00,0
11/19/2022 19:00,0
11/19/2022 20:00,0
11/19/2022 21:00,0
11/19/2022 22:00,0
11/19/2022 23:00,0
11/20/2022 0:00,0
11/20/2022 1:00,0
11/20/2022 2:00,0
11/20/2022 3:00,0
11/20/2022 4:00,0
11/20/2022 5:00,0
11/20/2022 6:00,0
11/20/2022 7:00,9.408
11/20/2022 8:00,68.319
11/20/2022 9:00,130.049
11/20/2022 10:00,168.904
11/20/2022 11:00,175.397
11/20/2022 12:00,151.709
11/20/2022 13:00,99.533
11/20/2022 14:00,35.299
11/20/2022 15:00,0.631
11/20/2022 16:00,0
11/20/2022 17:00,0
11/20/2022 18:00,0
11/20/2022 19:00,0
11/20/2022 20:00,0
11/20/2022 21:00,0
11/20/2022 22:00,0
11/20/2022 23:00,0
11/21/2022 0:00,0
11/21/2022 1:00,0
11/21/2022 2:00,0
11/21/2022 3:00,0
11/21/2022 4:00,0
11/21/2022 5:00,0
11/21/2022 6:00,0
11/21/2022 7:00,3.069
11/21/2022 8:00,27.959
11/21/2022 9:00,65.26
11/21/2022 10:00,102.954
11/21/2022 11:00,118.339
11/21/2022 12:00,110.845
11/21/2022 13:00,73.948
11/21/2022 14:00,24.522
11/21/2022 15:00,0.259
11/21/2022 16:00,0
11/21/2022 17:00,0
11/21/2022 18:00,0
11/21/2022 19:00,0
11/21/2022 20:00,0
11/21/2022 21:00,0
11/21/2022 22:00,0
11/21/2022 23:00,0
11/22/2022 0:00,0
11/22/2022 1:00,0
11/22/2022 2:00,0
11/22/2022 3:00,0
11/22/2022 4:00,0
11/22/2022 5:00,0
11/22/2022 6:00,0
11/22/2022 7:00,4.718
11/22/2022 8:00,37.846
11/22/2022 9:00,68.032
11/22/2022 10:00,74.465
11/22/2022 11:00,62.469
11/22/2022 12:00,43.933
11/22/2022 13:00,26.2
11/22/2022 14:00,8.476
11/22/2022 15:00,0.068
11/22/2022 16:00,0
11/22/2022 17:00,0
11/22/2022 18:00,0
11/22/2022 19:00,0
11/22/2022 20:00,0
11/22/2022 21:00,0
11/22/2022 22:00,0
11/22/2022 23:00,0
11/23/2022 0:00,0
11/23/2022 1:00,0
11/23/2022 2:00,0
11/23/2022 3:00,0
11/23/2022 4:00,0
11/23/2022 5:00,0
11/23/2022 6:00,0
11/23/2022 7:00,4.033
11/23/2022 8:00,34.772
11/23/2022 9:00,68.444
11/23/2022 10:00,87.365
11/23/2022 11:00,90.33
11/23/2022 12:00,75.349
11/23/2022 13:00,46.877
11/23/2022 14:00,13.424
11/23/2022 15:00,0.064
11/23/2022 16:00,0
11/23/2022 17:00,0
11/23/2022 18:00,0
11/23/2022 19:00,0
11/23/2022 20:00,0
11/23/2022 21:00,0
11/23/2022 22:00,0
11/23/2022 23:00,0
11/24/2022 0:00,0
11/24/2022 1:00,0
11/24/2022 2:00,0
11/24/2022 3:00,0
11/24/2022 4:00,0
11/24/2022 5:00,0
11/24/2022 6:00,0
11/24/2022 7:00,2.912
11/24/2022 8:00,27.16
11/24/2022 9:00,56.225
11/24/2022 10:00,78.709
11/24/2022 11:00,69.549
11/24/2022 12:00,53.019
11/24/2022 13:00,31.417
11/24/2022 14:00,8.909
11/24/2022 15:00,0.054
11/24/2022 16:00,0
11/24/2022 17:00,0
11/24/2022 18:00,0
11/24/2022 19:00,0
11/24/2022 20:00,0
11/24/2022 21:00,0
11/24/2022 22:00,0
11/24/2022 23:00,0
11/25/2022 0:00,0
11/25/2022 1:00,0
11/25/2022 2:00,0
11/25/2022 3:00,0
11/25/2022 4:00,0
11/25/2022 5:00,0
11/25/2022 6:00,0
11/25/2022 7:00,3.02
11/25/2022 8:00,28.684
11/25/2022 9:00,56.305
11/25/2022 10:00,71.155
11/25/2022 11:00,73.818
11/25/2022 12:00,62.245
11/25/2022 13:00,38.907
11/25/2022 14:00,11.086
11/25/2022 15:00,0.033
11/25/2022 16:00,0
11/25/2022 17:00,0
11/25/2022 18:00,0
11/25/2022 19:00,0
11/25/2022 20:00,0
11/25/2022 21:00,0
11/25/2022 22:00,0
11/25/2022 23:00,0
11/26/2022 0:00,0
11/26/2022 1:00,0
11/26/2022 2:00,0
11/26/2022 3:00,0
11/26/2022 4:00,0
11/26/2022 5:00,0
11/26/2022 6:00,0
11/26/2022 7:00,3.255
11/26/2022 8:00,38.934
11/26/2022 9:00,80.789
11/26/2022 10:00,107.9
11/26/2022 11:00,117.81
11/26/2022 12:00,107.501
11/26/2022 13:00,66.318
11/26/2022 14:00,17.567
11/26/2022 15:00,0.048
11/26/2022 16:00,0
11/26/2022 17:00,0
11/26/2022 18:00,0
11/26/2022 19:00,0
11/26/2022 20:00,0
11/26/2022 21:00,0
11/26/2022 22:00,0
11/26/2022 23:00,0
11/27/2022 0:00,0
11/27/2022 1:00,0
11/27/2022 2:00,0
11/27/2022 3:00,0
11/27/2022 4:00,0
11/27/2022 5:00,0
11/27/2022 6:00,0
11/27/2022 7:00,1.883
11/27/2022 8:00,22.236
11/27/2022 9:00,45.886
11/27/2022 10:00,68.695
11/27/2022 11:00,77.912
11/27/2022 12:00,66.723
11/27/2022 13:00,37.23
11/27/2022 14:00,9.585
11/27/2022 15:00,0.018
11/27/2022 16:00,0
11/27/2022 17:00,0
11/27/2022 18:00,0
11/27/2022 19:00,0
11/27/2022 20:00,0
11/27/2022 21:00,0
11/27/2022 22:00,0
11/27/2022 23:00,0
11/28/2022 0:00,0
11/28/2022 1:00,0
11/28/2022 2:00,0
11/28/2022 3:00,0
11/28/2022 4:00,0
11/28/2022 5:00,0
11/28/2022 6:00,0
11/28/2022 7:00,2.02
11/28/2022 8:00,20.681
11/28/2022 9:00,42.189
11/28/2022 10:00,56.453
11/28/2022 11:00,63.242
11/28/2022 12:00,57.84
11/28/2022 13:00,35.559
11/28/2022 14:00,8.81
11/28/2022 15:00,0.001
11/28/2022 16:00,0
11/28/2022 17:00,0
11/28/2022 18:00,0
11/28/2022 19:00,0
11/28/2022 20:00,0
11/28/2022 21:00,0
11/28/2022 22:00,0
11/28/2022 23:00,0
11/29/2022 0:00,0
11/29/2022 1:00,0
11/29/2022 2:00,0
11/29/2022 3:00,0
11/29/2022 4:00,0
11/29/2022 5:00,0
11/29/2022 6:00,0
11/29/2022 7:00,2.281
11/29/2022 8:00,26.953
11/29/2022 9:00,59.127
11/29/2022 10:00,84.588
11/29/2022 11:00,94.932
11/29/2022 12:00,80.16
11/29/2022 13:00,48.006
11/29/2022 14:00,11.678
11/29/2022 15:00,0.006
11/29/2022 16:00,0
11/29/2022 17:00,0
11/29/2022 18:00,0
11/29/2022 19:00,0
11/29/2022 20:00,0
11/29/2022 21:00,0
11/29/2022 22:00,0
11/29/2022 23:00,0
11/30/2022 0:00,0
11/30/2022 1:00,0
11/30/2022 2:00,0
11/30/2022 3:00,0
11/30/2022 4:00,0
11/30/2022 5:00,0
11/30/2022 6:00,0
11/30/2022 7:00,1.55
11/30/2022 8:00,26.187
11/30/2022 9:00,58.568
11/30/2022 10:00,82.434
11/30/2022 11:00,91.608
11/30/2022 12:00,80.215
11/30/2022 13:00,46.935
11/30/2022 14:00,11.41
11/30/2022 15:00,0.007
11/30/2022 16:00,0
11/30/2022 17:00,0
11/30/2022 18:00,0
11/30/2022 19:00,0
11/30/2022 20:00,0
11/30/2022 21:00,0
11/30/2022 22:00,0
11/30/2022 23:00,0
12/1/2022 0:00,0
12/1/2022 1:00,0
12/1/2022 2:00,0
12/1/2022 3:00,0
12/1/2022 4:00,0
12/1/2022 5:00,0
12/1/2022 6:00,0
12/1/2022 7:00,1.498
12/1/2022 8:00,30.81
12/1/2022 9:00,76.038
12/1/2022 10:00,109.194
12/1/2022 11:00,119.062
12/1/2022 12:00,102.76
12/1/2022 13:00,61.618
12/1/2022 14:00,14.183
12/1/2022 15:00,0.003
12/1/2022 16:00,0
12/1/2022 17:00,0
12/1/2022 18:00,0
12/1/2022 19:00,0
12/1/2022 20:00,0
12/1/2022 21:00,0
12/1/2022 22:00,0
12/1/2022 23:00,0
12/2/2022 0:00,0
12/2/2022 1:00,0
12/2/2022 2:00,0
12/2/2022 3:00,0
12/2/2022 4:00,0
12/2/2022 5:00,0
12/2/2022 6:00,0
12/2/2022 7:00,1.256
12/2/2022 8:00,25.204
12/2/2022 9:00,59.864
12/2/2022 10:00,91.157
12/2/2022 11:00,99.695
12/2/2022 12:00,86.32
12/2/2022 13:00,53.148
12/2/2022 14:00,12.355
12/2/2022 15:00,0.002
12/2/2022 16:00,0
12/2/2022 17:00,0
12/2/2022 18:00,0
12/2/2022 19:00,0
12/2/2022 20:00,0
12/2/2022 21:00,0
12/2/2022 22:00,0
12/2/2022 23:00,0
12/3/2022 0:00,0
12/3/2022 1:00,0
12/3/2022 2:00,0
12/3/2022 3:00,0
12/3/2022 4:00,0
12/3/2022 5:00,0
12/3/2022 6:00,0
12/3/2022 7:00,0.639
12/3/2022 8:00,17.908
12/3/2022 9:00,42.397
12/3/2022 10:00,59.274
12/3/2022 11:00,63.994
12/3/2022 12:00,56.649
12/3/2022 13:00,37.182
12/3/2022 14:00,9.714
12/3/2022 15:00,0.001
12/3/2022 16:00,0
12/3/2022 17:00,0
12/3/2022 18:00,0
12/3/2022 19:00,0
12/3/2022 20:00,0
12/3/2022 21:00,0
12/3/2022 22:00,0
12/3/2022 23:00,0
12/4/2022 0:00,0
12/4/2022 1:00,0
12/4/2022 2:00,0
12/4/2022 3:00,0
12/4/2022 4:00,0
12/4/2022 5:00,0
12/4/2022 6:00,0
12/4/2022 7:00,1.037
12/4/2022 8:00,27.33
12/4/2022 9:00,71.117
12/4/2022 10:00,102.225
12/4/2022 11:00,108.524
12/4/2022 12:00,92.79
12/4/2022 13:00,55.169
12/4/2022 14:00,11.052
12/4/2022 15:00,0
12/4/2022 16:00,0
12/4/2022 17:00,0
12/4/2022 18:00,0
12/4/2022 19:00,0
12/4/2022 20:00,0
12/4/2022 21:00,0
12/4/2022 22:00,0
12/4/2022 23:00,0
12/5/2022 0:00,0
12/5/2022 1:00,0
12/5/2022 2:00,0
12/5/2022 3:00,0
12/5/2022 4:00,0
12/5/2022 5:00,0
12/5/2022 6:00,0
12/5/2022 7:00,0.522
12/5/2022 8:00,19.535
12/5/2022 9:00,52.045
12/5/2022 10:00,79.416
12/5/2022 11:00,87.192
12/5/2022 12:00,72.644
12/5/2022 13:00,40.979
12/5/2022 14:00,8.345
12/5/2022 15:00,0
12/5/2022 16:00,0
12/5/2022 17:00,0
12/5/2022 18:00,0
12/5/2022 19:00,0
12/5/2022 20:00,0
12/5/2022 21:00,0
12/5/2022 22:00,0
12/5/2022 23:00,0
12/6/2022 0:00,0
12/6/2022 1:00,0
12/6/2022 2:00,0
12/6/2022 3:00,0
12/6/2022 4:00,0
12/6/2022 5:00,0
12/6/2022 6:00,0
12/6/2022 7:00,0.974
12/6/2022 8:00,32.651
12/6/2022 9:00,86.256
12/6/2022 10:00,126.629
12/6/2022 11:00,134.386
12/6/2022 12:00,103.991
12/6/2022 13:00,55.708
12/6/2022 14:00,10.797
12/6/2022 15:00,0
12/6/2022 16:00,0
12/6/2022 17:00,0
12/6/2022 18:00,0
12/6/2022 19:00,0
12/6/2022 20:00,0
12/6/2022 21:00,0
12/6/2022 22:00,0
12/6/2022 23:00,0
12/7/2022 0:00,0
12/7/2022 1:00,0
12/7/2022 2:00,0
12/7/2022 3:00,0
12/7/2022 4:00,0
12/7/2022 5:00,0
12/7/2022 6:00,0
12/7/2022 7:00,0.724
12/7/2022 8:00,26.874
12/7/2022 9:00,73.709
12/7/2022 10:00,107.194
12/7/2022 11:00,121.135
12/7/2022 12:00,100.475
12/7/2022 13:00,60.924
12/7/2022 14:00,12.629
12/7/2022 15:00,0
12/7/2022 16:00,0
12/7/2022 17:00,0
12/7/2022 18:00,0
12/7/2022 19:00,0
12/7/2022 20:00,0
12/7/2022 21:00,0
12/7/2022 22:00,0
12/7/2022 23:00,0
12/8/2022 0:00,0
12/8/2022 1:00,0
12/8/2022 2:00,0
12/8/2022 3:00,0
12/8/2022 4:00,0
12/8/2022 5:00,0
12/8/2022 6:00,0
12/8/2022 7:00,1.007
12/8/2022 8:00,40.923
12/8/2022 9:00,108.844
12/8/2022 10:00,155.169
12/8/2022 11:00,164.846
12/8/2022 12:00,137.736
12/8/2022 13:00,80.775
12/8/2022 14:00,15.136
12/8/2022 15:00,0
12/8/2022 16:00,0
12/8/2022 17:00,0
12/8/2022 18:00,0
12/8/2022 19:00,0
12/8/2022 20:00,0
12/8/2022 21:00,0
12/8/2022 22:00,0
12/8/2022 23:00,0
12/9/2022 0:00,0
12/9/2022 1:00,0
12/9/2022 2:00,0
12/9/2022 3:00,0
12/9/2022 4:00,0
12/9/2022 5:00,0
12/9/2022 6:00,0
12/9/2022 7:00,0.853
12/9/2022 8:00,24.345
12/9/2022 9:00,58.679
12/9/2022 10:00,79.17
12/9/2022 11:00,83.722
12/9/2022 12:00,70.734
12/9/2022 13:00,40.539
12/9/2022 14:00,6.949
12/9/2022 15:00,0
12/9/2022 16:00,0
12/9/2022 17:00,0
12/9/2022 18:00,0
12/9/2022 19:00,0
12/9/2022 20:00,0
12/9/2022 21:00,0
12/9/2022 22:00,0
12/9/2022 23:00,0
12/10/2022 0:00,0
12/10/2022 1:00,0
12/10/2022 2:00,0
12/10/2022 3:00,0
12/10/2022 4:00,0
12/10/2022 5:00,0
12/10/2022 6:00,0
12/10/2022 7:00,0.552
12/10/2022 8:00,24.039
12/10/2022 9:00,64.133
12/10/2022 10:00,91.73
12/10/2022 11:00,101.766
12/10/2022 12:00,87.706
12/10/2022 13:00,49.362
12/10/2022 14:00,8.337
12/10/2022 15:00,0
12/10/2022 16:00,0
12/10/2022 17:00,0
12/10/2022 18:00,0
12/10/2022 19:00,0
12/10/2022 20:00,0
12/10/2022 21:00,0
12/10/2022 22:00,0
12/10/2022 23:00,0
12/11/2022 0:00,0
12/11/2022 1:00,0
12/11/2022 2:00,0
12/11/2022 3:00,0
12/11/2022 4:00,0
12/11/2022 5:00,0
12/11/2022 6:00,0
12/11/2022 7:00,0.631
12/11/2022 8:00,28.272
12/11/2022 9:00,73.319
12/11/2022 10:00,107.827
12/11/2022 11:00,118.538
12/11/2022 12:00,99.59
12/11/2022 13:00,56.217
12/11/2022 14:00,9.285
12/11/2022 15:00,0
12/11/2022 16:00,0
12/11/2022 17:00,0
12/11/2022 18:00,0
12/11/2022 19:00,0
12/11/2022 20:00,0
12/11/2022 21:00,0
12/11/2022 22:00,0
12/11/2022 23:00,0
12/12/2022 0:00,0
12/12/2022 1:00,0
12/12/2022 2:00,0
12/12/2022 3:00,0
12/12/2022 4:00,0
12/12/2022 5:00,0
12/12/2022 6:00,0
12/12/2022 7:00,0.601
12/12/2022 8:00,29.729
12/12/2022 9:00,82.608
12/12/2022 10:00,121.684
12/12/2022 11:00,133.463
12/12/2022 12:00,114.668
12/12/2022 13:00,63.742
12/12/2022 14:00,10.017
12/12/2022 15:00,0
12/12/2022 16:00,0
12/12/2022 17:00,0
12/12/2022 18:00,0
12/12/2022 19:00,0
12/12/2022 20:00,0
12/12/2022 21:00,0
12/12/2022 22:00,0
12/12/2022 23:00,0
12/13/2022 0:00,0
12/13/2022 1:00,0
12/13/2022 2:00,0
12/13/2022 3:00,0
12/13/2022 4:00,0
12/13/2022 5:00,0
12/13/2022 6:00,0
12/13/2022 7:00,0.631
12/13/2022 8:00,31.901
12/13/2022 9:00,83.933
12/13/2022 10:00,122.122
12/13/2022 11:00,129.555
12/13/2022 12:00,104.936
12/13/2022 13:00,54.069
12/13/2022 14:00,7.601
12/13/2022 15:00,0
12/13/2022 16:00,0
12/13/2022 17:00,0
12/13/2022 18:00,0
12/13/2022 19:00,0
12/13/2022 20:00,0
12/13/2022 21:00,0
12/13/2022 22:00,0
12/13/2022 23:00,0
12/14/2022 0:00,0
12/14/2022 1:00,0
12/14/2022 2:00,0
12/14/2022 3:00,0
12/14/2022 4:00,0
12/14/2022 5:00,0
12/14/2022 6:00,0
12/14/2022 7:00,0.375
12/14/2022 8:00,21.169
12/14/2022 9:00,59.222
12/14/2022 10:00,82.214
12/14/2022 11:00,81.863
12/14/2022 12:00,63.125
12/14/2022 13:00,33.29
12/14/2022 14:00,4.927
12/14/2022 15:00,0
12/14/2022 16:00,0
12/14/2022 17:00,0
12/14/2022 18:00,0
12/14/2022 19:00,0
12/14/2022 20:00,0
12/14/2022 21:00,0
12/14/2022 22:00,0
12/14/2022 23:00,0
12/15/2022 0:00,0
12/15/2022 1:00,0
12/15/2022 2:00,0
12/15/2022 3:00,0
12/15/2022 4:00,0
12/15/2022 5:00,0
12/15/2022 6:00,0
12/15/2022 7:00,0.273
12/15/2022 8:00,22.611
12/15/2022 9:00,68.08
12/15/2022 10:00,108.011
12/15/2022 11:00,124.33
12/15/2022 12:00,105.412
12/15/2022 13:00,61.828
12/15/2022 14:00,9.871
12/15/2022 15:00,0
12/15/2022 16:00,0
12/15/2022 17:00,0
12/15/2022 18:00,0
12/15/2022 19:00,0
12/15/2022 20:00,0
12/15/2022 21:00,0
12/15/2022 22:00,0
12/15/2022 23:00,0
12/16/2022 0:00,0
12/16/2022 1:00,0
12/16/2022 2:00,0
12/16/2022 3:00,0
12/16/2022 4:00,0
12/16/2022 5:00,0
12/16/2022 6:00,0
12/16/2022 7:00,0.56
12/16/2022 8:00,36.216
12/16/2022 9:00,101.426
12/16/2022 10:00,146.953
12/16/2022 11:00,158.493
12/16/2022 12:00,133.764
12/16/2022 13:00,75.251
12/16/2022 14:00,11.566
12/16/2022 15:00,0
12/16/2022 16:00,0
12/16/2022 17:00,0
12/16/2022 18:00,0
12/16/2022 19:00,0
12/16/2022 20:00,0
12/16/2022 21:00,0
12/16/2022 22:00,0
12/16/2022 23:00,0
12/17/2022 0:00,0
12/17/2022 1:00,0
12/17/2022 2:00,0
12/17/2022 3:00,0
12/17/2022 4:00,0
12/17/2022 5:00,0
12/17/2022 6:00,0
12/17/2022 7:00,0.43
12/17/2022 8:00,21.532
12/17/2022 9:00,57.746
12/17/2022 10:00,87.654
12/17/2022 11:00,100.903
12/17/2022 12:00,81.664
12/17/2022 13:00,47.067
12/17/2022 14:00,6.948
12/17/2022 15:00,0
12/17/2022 16:00,0
12/17/2022 17:00,0
12/17/2022 18:00,0
12/17/2022 19:00,0
12/17/2022 20:00,0
12/17/2022 21:00,0
12/17/2022 22:00,0
12/17/2022 23:00,0
12/18/2022 0:00,0
12/18/2022 1:00,0
12/18/2022 2:00,0
12/18/2022 3:00,0
12/18/2022 4:00,0
12/18/2022 5:00,0
12/18/2022 6:00,0
12/18/2022 7:00,0.261
12/18/2022 8:00,18.901
12/18/2022 9:00,68.729
12/18/2022 10:00,111.706
12/18/2022 11:00,128.111
12/18/2022 12:00,104.79
12/18/2022 13:00,54.943
12/18/2022 14:00,7.701
12/18/2022 15:00,0
12/18/2022 16:00,0
12/18/2022 17:00,0
12/18/2022 18:00,0
12/18/2022 19:00,0
12/18/2022 20:00,0
12/18/2022 21:00,0
12/18/2022 22:00,0
12/18/2022 23:00,0
12/19/2022 0:00,0
12/19/2022 1:00,0
12/19/2022 2:00,0
12/19/2022 3:00,0
12/19/2022 4:00,0
12/19/2022 5:00,0
12/19/2022 6:00,0
12/19/2022 7:00,0.178
12/19/2022 8:00,6.952
12/19/2022 9:00,20.169
12/19/2022 10:00,27.789
12/19/2022 11:00,23.585
12/19/2022 12:00,17.566
12/19/2022 13:00,7.067
12/19/2022 14:00,0.958
12/19/2022 15:00,0
12/19/2022 16:00,0
12/19/2022 17:00,0
12/19/2022 18:00,0
12/19/2022 19:00,0
12/19/2022 20:00,0
12/19/2022 21:00,0
12/19/2022 22:00,0
12/19/2022 23:00,0
12/20/2022 0:00,0
12/20/2022 1:00,0
12/20/2022 2:00,0
12/20/2022 3:00,0
12/20/2022 4:00,0
12/20/2022 5:00,0
12/20/2022 6:00,0
12/20/2022 7:00,0.056
12/20/2022 8:00,3.774
12/20/2022 9:00,11.12
12/20/2022 10:00,22.427
12/20/2022 11:00,35.719
12/20/2022 12:00,36.86
12/20/2022 13:00,20.289
12/20/2022 14:00,2.018
12/20/2022 15:00,0
12/20/2022 16:00,0
12/20/2022 17:00,0
12/20/2022 18:00,0
12/20/2022 19:00,0
12/20/2022 20:00,0
12/20/2022 21:00,0
12/20/2022 22:00,0
12/20/2022 23:00,0
12/21/2022 0:00,0
12/21/2022 1:00,0
12/21/2022 2:00,0
12/21/2022 3:00,0
12/21/2022 4:00,0
12/21/2022 5:00,0
12/21/2022 6:00,0
12/21/2022 7:00,0.094
12/21/2022 8:00,9.125
12/21/2022 9:00,23.908
12/21/2022 10:00,33.778
12/21/2022 11:00,35.909
12/21/2022 12:00,28.319
12/21/2022 13:00,13.666
12/21/2022 14:00,1.526
12/21/2022 15:00,0
12/21/2022 16:00,0
12/21/2022 17:00,0
12/21/2022 18:00,0
12/21/2022 19:00,0
12/21/2022 20:00,0
12/21/2022 21:00,0
12/21/2022 22:00,0
12/21/2022 23:00,0
12/22/2022 0:00,0
12/22/2022 1:00,0
12/22/2022 2:00,0
12/22/2022 3:00,0
12/22/2022 4:00,0
12/22/2022 5:00,0
12/22/2022 6:00,0
12/22/2022 7:00,0.095
12/22/2022 8:00,10.474
12/22/2022 9:00,29.025
12/22/2022 10:00,42.713
12/22/2022 11:00,50.122
12/22/2022 12:00,43.798
12/22/2022 13:00,23.352
12/22/2022 14:00,3.237
12/22/2022 15:00,0
12/22/2022 16:00,0
12/22/2022 17:00,0
12/22/2022 18:00,0
12/22/2022 19:00,0
12/22/2022 20:00,0
12/22/2022 21:00,0
12/22/2022 22:00,0
12/22/2022 23:00,0
12/23/2022 0:00,0
12/23/2022 1:00,0
12/23/2022 2:00,0
12/23/2022 3:00,0
12/23/2022 4:00,0
12/23/2022 5:00,0
12/23/2022 6:00,0
12/23/2022 7:00,0.149
12/23/2022 8:00,21.409
12/23/2022 9:00,73.406
12/23/2022 10:00,117.825
12/23/2022 11:00,139.697
12/23/2022 12:00,125.246
12/23/2022 13:00,73.125
12/23/2022 14:00,11.068
12/23/2022 15:00,0
12/23/2022 16:00,0
12/23/2022 17:00,0
12/23/2022 18:00,0
12/23/2022 19:00,0
12/23/2022 20:00,0
12/23/2022 21:00,0
12/23/2022 22:00,0
12/23/2022 23:00,0
12/24/2022 0:00,0
12/24/2022 1:00,0
12/24/2022 2:00,0
12/24/2022 3:00,0
12/24/2022 4:00,0
12/24/2022 5:00,0
12/24/2022 6:00,0
12/24/2022 7:00,0.198
12/24/2022 8:00,11.436
12/24/2022 9:00,29.643
12/24/2022 10:00,42.634
12/24/2022 11:00,48.018
12/24/2022 12:00,42.607
12/24/2022 13:00,25.511
12/24/2022 14:00,4.275
12/24/2022 15:00,0
12/24/2022 16:00,0
12/24/2022 17:00,0
12/24/2022 18:00,0
12/24/2022 19:00,0
12/24/2022 20:00,0
12/24/2022 21:00,0
12/24/2022 22:00,0
12/24/2022 23:00,0
12/25/2022 0:00,0
12/25/2022 1:00,0
12/25/2022 2:00,0
12/25/2022 3:00,0
12/25/2022 4:00,0
12/25/2022 5:00,0
12/25/2022 6:00,0
12/25/2022 7:00,0.078
12/25/2022 8:00,6.199
12/25/2022 9:00,23.815
12/25/2022 10:00,38.062
12/25/2022 11:00,39.553
12/25/2022 12:00,30.734
12/25/2022 13:00,12.784
12/25/2022 14:00,1.344
12/25/2022 15:00,0
12/25/2022 16:00,0
12/25/2022 17:00,0
12/25/2022 18:00,0
12/25/2022 19:00,0
12/25/2022 20:00,0
12/25/2022 21:00,0
12/25/2022 22:00,0
12/25/2022 23:00,0
12/26/2022 0:00,0
12/26/2022 1:00,0
12/26/2022 2:00,0
12/26/2022 3:00,0
12/26/2022 4:00,0
12/26/2022 5:00,0
12/26/2022 6:00,0
12/26/2022 7:00,0.11
12/26/2022 8:00,6.608
12/26/2022 9:00,21.737
12/26/2022 10:00,37.667
12/26/2022 11:00,43.594
12/26/2022 12:00,32.862
12/26/2022 13:00,12.847
12/26/2022 14:00,2.072
12/26/2022 15:00,0
12/26/2022 16:00,0
12/26/2022 17:00,0
12/26/2022 18:00,0
12/26/2022 19:00,0
12/26/2022 20:00,0
12/26/2022 21:00,0
12/26/2022 22:00,0
12/26/2022 23:00,0
12/27/2022 0:00,0
12/27/2022 1:00,0
12/27/2022 2:00,0
12/27/2022 3:00,0
12/27/2022 4:00,0
12/27/2022 5:00,0
12/27/2022 6:00,0
12/27/2022 7:00,0.229
12/27/2022 8:00,21.286
12/27/2022 9:00,61.111
12/27/2022 10:00,91.385
12/27/2022 11:00,91.94
12/27/2022 12:00,76.004
12/27/2022 13:00,44.527
12/27/2022 14:00,6.86
12/27/2022 15:00,0
12/27/2022 16:00,0
12/27/2022 17:00,0
12/27/2022 18:00,0
12/27/2022 19:00,0
12/27/2022 20:00,0
12/27/2022 21:00,0
12/27/2022 22:00,0
12/27/2022 23:00,0
12/28/2022 0:00,0
12/28/2022 1:00,0
12/28/2022 2:00,0
12/28/2022 3:00,0
12/28/2022 4:00,0
12/28/2022 5:00,0
12/28/2022 6:00,0
12/28/2022 7:00,0.055
12/28/2022 8:00,5.29
12/28/2022 9:00,22.409
12/28/2022 10:00,38.657
12/28/2022 11:00,53.177
12/28/2022 12:00,50.682
12/28/2022 13:00,33.404
12/28/2022 14:00,5.598
12/28/2022 15:00,0
12/28/2022 16:00,0
12/28/2022 17:00,0
12/28/2022 18:00,0
12/28/2022 19:00,0
12/28/2022 20:00,0
12/28/2022 21:00,0
12/28/2022 22:00,0
12/28/2022 23:00,0
12/29/2022 0:00,0
12/29/2022 1:00,0
12/29/2022 2:00,0
12/29/2022 3:00,0
12/29/2022 4:00,0
12/29/2022 5:00,0
12/29/2022 6:00,0
12/29/2022 7:00,0.247
12/29/2022 8:00,18.262
12/29/2022 9:00,53.81
12/29/2022 10:00,75.071
12/29/2022 11:00,76.685
12/29/2022 12:00,49.839
12/29/2022 13:00,27.785
12/29/2022 14:00,5.001
12/29/2022 15:00,0
12/29/2022 16:00,0
12/29/2022 17:00,0
12/29/2022 18:00,0
12/29/2022 19:00,0
12/29/2022 20:00,0
12/29/2022 21:00,0
12/29/2022 22:00,0
12/29/2022 23:00,0
12/30/2022 0:00,0
12/30/2022 1:00,0
12/30/2022 2:00,0
12/30/2022 3:00,0
12/30/2022 4:00,0
12/30/2022 5:00,0
12/30/2022 6:00,0
12/30/2022 7:00,0.432
12/30/2022 8:00,30.008
12/30/2022 9:00,75.026
12/30/2022 10:00,92.199
12/30/2022 11:00,83.465
12/30/2022 12:00,49.423
12/30/2022 13:00,21.546
12/30/2022 14:00,2.895
12/30/2022 15:00,0
12/30/2022 16:00,0
12/30/2022 17:00,0
12/30/2022 18:00,0
12/30/2022 19:00,0
12/30/2022 20:00,0
12/30/2022 21:00,0
12/30/2022 22:00,0
12/30/2022 23:00,0
12/31/2022 0:00,0
12/31/2022 1:00,0
12/31/2022 2:00,0
12/31/2022 3:00,0
12/31/2022 4:00,0
12/31/2022 5:00,0
12/31/2022 6:00,0
12/31/2022 7:00,0.144
12/31/2022 8:00,8.397
12/31/2022 9:00,22.359
12/31/2022 10:00,36.08
12/31/2022 11:00,45.309
12/31/2022 12:00,34.443
12/31/2022 13:00,14.136
12/31/2022 14:00,2.014
12/31/2022 15:00,0
12/31/2022 16:00,0
12/31/2022 17:00,0
12/31/2022 18:00,0
12/31/2022 19:00,0
12/31/2022 20:00,0
12/31/2022 21:00,0
12/31/2022 22:00,0
12/31/2022 23:00,0
