# Renewables.ninja Weather (hourly 1980-2022)  -  Finland  -  renewables_ninja_country_FI_wind-speed_merra-2_pop-wtd.csv  -  Version 1.4,
# License: https://creativecommons.org/licenses/by-nc/4.0/  -  Reference: https://doi.org/10.1038/s41560-023-01341-5,
# Units: time in UTC; other columns are the wind speed at 2 metres above ground in m/s (U2M and V2M in MERRA-2) weighted by population; column names signify country ISO2 code or GADM level1 code.,
,
1/1/2022 0:00,1.265
1/1/2022 1:00,1.392
1/1/2022 2:00,1.531
1/1/2022 3:00,1.67
1/1/2022 4:00,1.746
1/1/2022 5:00,1.769
1/1/2022 6:00,1.773
1/1/2022 7:00,1.768
1/1/2022 8:00,1.773
1/1/2022 9:00,1.78
1/1/2022 10:00,1.741
1/1/2022 11:00,1.725
1/1/2022 12:00,1.715
1/1/2022 13:00,1.714
1/1/2022 14:00,1.701
1/1/2022 15:00,1.676
1/1/2022 16:00,1.653
1/1/2022 17:00,1.611
1/1/2022 18:00,1.543
1/1/2022 19:00,1.442
1/1/2022 20:00,1.38
1/1/2022 21:00,1.357
1/1/2022 22:00,1.314
1/1/2022 23:00,1.228
1/2/2022 0:00,1.124
1/2/2022 1:00,1.015
1/2/2022 2:00,0.96
1/2/2022 3:00,1.033
1/2/2022 4:00,1.161
1/2/2022 5:00,1.281
1/2/2022 6:00,1.411
1/2/2022 7:00,1.542
1/2/2022 8:00,1.635
1/2/2022 9:00,1.712
1/2/2022 10:00,1.802
1/2/2022 11:00,1.856
1/2/2022 12:00,1.873
1/2/2022 13:00,1.918
1/2/2022 14:00,1.91
1/2/2022 15:00,1.928
1/2/2022 16:00,1.881
1/2/2022 17:00,1.809
1/2/2022 18:00,1.731
1/2/2022 19:00,1.684
1/2/2022 20:00,1.624
1/2/2022 21:00,1.549
1/2/2022 22:00,1.463
1/2/2022 23:00,1.394
1/3/2022 0:00,1.331
1/3/2022 1:00,1.29
1/3/2022 2:00,1.268
1/3/2022 3:00,1.287
1/3/2022 4:00,1.305
1/3/2022 5:00,1.314
1/3/2022 6:00,1.311
1/3/2022 7:00,1.298
1/3/2022 8:00,1.283
1/3/2022 9:00,1.262
1/3/2022 10:00,1.245
1/3/2022 11:00,1.227
1/3/2022 12:00,1.216
1/3/2022 13:00,1.231
1/3/2022 14:00,1.271
1/3/2022 15:00,1.304
1/3/2022 16:00,1.325
1/3/2022 17:00,1.326
1/3/2022 18:00,1.315
1/3/2022 19:00,1.316
1/3/2022 20:00,1.296
1/3/2022 21:00,1.284
1/3/2022 22:00,1.271
1/3/2022 23:00,1.228
1/4/2022 0:00,1.235
1/4/2022 1:00,1.316
1/4/2022 2:00,1.407
1/4/2022 3:00,1.541
1/4/2022 4:00,1.682
1/4/2022 5:00,1.757
1/4/2022 6:00,1.803
1/4/2022 7:00,1.853
1/4/2022 8:00,1.872
1/4/2022 9:00,1.879
1/4/2022 10:00,1.823
1/4/2022 11:00,1.758
1/4/2022 12:00,1.68
1/4/2022 13:00,1.601
1/4/2022 14:00,1.57
1/4/2022 15:00,1.581
1/4/2022 16:00,1.581
1/4/2022 17:00,1.584
1/4/2022 18:00,1.55
1/4/2022 19:00,1.491
1/4/2022 20:00,1.437
1/4/2022 21:00,1.361
1/4/2022 22:00,1.29
1/4/2022 23:00,1.234
1/5/2022 0:00,1.189
1/5/2022 1:00,1.148
1/5/2022 2:00,1.08
1/5/2022 3:00,1.001
1/5/2022 4:00,0.929
1/5/2022 5:00,0.821
1/5/2022 6:00,0.726
1/5/2022 7:00,0.641
1/5/2022 8:00,0.604
1/5/2022 9:00,0.607
1/5/2022 10:00,0.635
1/5/2022 11:00,0.699
1/5/2022 12:00,0.816
1/5/2022 13:00,0.956
1/5/2022 14:00,1.046
1/5/2022 15:00,1.07
1/5/2022 16:00,1.091
1/5/2022 17:00,1.079
1/5/2022 18:00,1.026
1/5/2022 19:00,0.979
1/5/2022 20:00,0.918
1/5/2022 21:00,0.923
1/5/2022 22:00,1.013
1/5/2022 23:00,1.165
1/6/2022 0:00,1.359
1/6/2022 1:00,1.531
1/6/2022 2:00,1.647
1/6/2022 3:00,1.757
1/6/2022 4:00,1.883
1/6/2022 5:00,1.99
1/6/2022 6:00,2.028
1/6/2022 7:00,2.02
1/6/2022 8:00,1.993
1/6/2022 9:00,1.951
1/6/2022 10:00,1.869
1/6/2022 11:00,1.786
1/6/2022 12:00,1.726
1/6/2022 13:00,1.742
1/6/2022 14:00,1.743
1/6/2022 15:00,1.774
1/6/2022 16:00,1.813
1/6/2022 17:00,1.832
1/6/2022 18:00,1.904
1/6/2022 19:00,1.989
1/6/2022 20:00,2.035
1/6/2022 21:00,2.067
1/6/2022 22:00,2.072
1/6/2022 23:00,2.114
1/7/2022 0:00,2.168
1/7/2022 1:00,2.156
1/7/2022 2:00,2.098
1/7/2022 3:00,2.08
1/7/2022 4:00,2.088
1/7/2022 5:00,2.098
1/7/2022 6:00,2.014
1/7/2022 7:00,1.895
1/7/2022 8:00,1.789
1/7/2022 9:00,1.707
1/7/2022 10:00,1.641
1/7/2022 11:00,1.594
1/7/2022 12:00,1.557
1/7/2022 13:00,1.547
1/7/2022 14:00,1.506
1/7/2022 15:00,1.448
1/7/2022 16:00,1.399
1/7/2022 17:00,1.357
1/7/2022 18:00,1.299
1/7/2022 19:00,1.231
1/7/2022 20:00,1.17
1/7/2022 21:00,1.118
1/7/2022 22:00,1.063
1/7/2022 23:00,1.018
1/8/2022 0:00,0.98
1/8/2022 1:00,0.919
1/8/2022 2:00,0.864
1/8/2022 3:00,0.791
1/8/2022 4:00,0.827
1/8/2022 5:00,0.896
1/8/2022 6:00,1.022
1/8/2022 7:00,1.192
1/8/2022 8:00,1.293
1/8/2022 9:00,1.302
1/8/2022 10:00,1.342
1/8/2022 11:00,1.385
1/8/2022 12:00,1.395
1/8/2022 13:00,1.409
1/8/2022 14:00,1.425
1/8/2022 15:00,1.418
1/8/2022 16:00,1.385
1/8/2022 17:00,1.344
1/8/2022 18:00,1.303
1/8/2022 19:00,1.263
1/8/2022 20:00,1.216
1/8/2022 21:00,1.184
1/8/2022 22:00,1.145
1/8/2022 23:00,1.109
1/9/2022 0:00,1.072
1/9/2022 1:00,1.007
1/9/2022 2:00,0.938
1/9/2022 3:00,0.865
1/9/2022 4:00,0.797
1/9/2022 5:00,0.726
1/9/2022 6:00,0.693
1/9/2022 7:00,0.689
1/9/2022 8:00,0.698
1/9/2022 9:00,0.685
1/9/2022 10:00,0.702
1/9/2022 11:00,0.788
1/9/2022 12:00,0.9
1/9/2022 13:00,1.026
1/9/2022 14:00,1.116
1/9/2022 15:00,1.159
1/9/2022 16:00,1.193
1/9/2022 17:00,1.22
1/9/2022 18:00,1.257
1/9/2022 19:00,1.277
1/9/2022 20:00,1.285
1/9/2022 21:00,1.261
1/9/2022 22:00,1.233
1/9/2022 23:00,1.203
1/10/2022 0:00,1.169
1/10/2022 1:00,1.143
1/10/2022 2:00,1.132
1/10/2022 3:00,1.153
1/10/2022 4:00,1.193
1/10/2022 5:00,1.214
1/10/2022 6:00,1.217
1/10/2022 7:00,1.22
1/10/2022 8:00,1.207
1/10/2022 9:00,1.136
1/10/2022 10:00,1.05
1/10/2022 11:00,1.007
1/10/2022 12:00,1.028
1/10/2022 13:00,1.131
1/10/2022 14:00,1.191
1/10/2022 15:00,1.212
1/10/2022 16:00,1.213
1/10/2022 17:00,1.181
1/10/2022 18:00,1.141
1/10/2022 19:00,1.122
1/10/2022 20:00,1.112
1/10/2022 21:00,1.091
1/10/2022 22:00,1.071
1/10/2022 23:00,1.042
1/11/2022 0:00,1.025
1/11/2022 1:00,1.01
1/11/2022 2:00,0.993
1/11/2022 3:00,0.952
1/11/2022 4:00,0.972
1/11/2022 5:00,1.071
1/11/2022 6:00,1.212
1/11/2022 7:00,1.389
1/11/2022 8:00,1.52
1/11/2022 9:00,1.579
1/11/2022 10:00,1.645
1/11/2022 11:00,1.692
1/11/2022 12:00,1.717
1/11/2022 13:00,1.76
1/11/2022 14:00,1.784
1/11/2022 15:00,1.864
1/11/2022 16:00,1.932
1/11/2022 17:00,1.989
1/11/2022 18:00,2.038
1/11/2022 19:00,2.093
1/11/2022 20:00,2.111
1/11/2022 21:00,2.15
1/11/2022 22:00,2.117
1/11/2022 23:00,2.127
1/12/2022 0:00,2.126
1/12/2022 1:00,2.129
1/12/2022 2:00,2.114
1/12/2022 3:00,2.139
1/12/2022 4:00,2.156
1/12/2022 5:00,2.157
1/12/2022 6:00,2.192
1/12/2022 7:00,2.234
1/12/2022 8:00,2.306
1/12/2022 9:00,2.395
1/12/2022 10:00,2.465
1/12/2022 11:00,2.484
1/12/2022 12:00,2.54
1/12/2022 13:00,2.45
1/12/2022 14:00,2.447
1/12/2022 15:00,2.521
1/12/2022 16:00,2.6
1/12/2022 17:00,2.691
1/12/2022 18:00,2.761
1/12/2022 19:00,2.775
1/12/2022 20:00,2.817
1/12/2022 21:00,2.839
1/12/2022 22:00,2.811
1/12/2022 23:00,2.792
1/13/2022 0:00,2.827
1/13/2022 1:00,2.856
1/13/2022 2:00,2.852
1/13/2022 3:00,2.822
1/13/2022 4:00,2.748
1/13/2022 5:00,2.708
1/13/2022 6:00,2.69
1/13/2022 7:00,2.619
1/13/2022 8:00,2.543
1/13/2022 9:00,2.491
1/13/2022 10:00,2.413
1/13/2022 11:00,2.258
1/13/2022 12:00,2.099
1/13/2022 13:00,1.982
1/13/2022 14:00,1.958
1/13/2022 15:00,1.991
1/13/2022 16:00,2.022
1/13/2022 17:00,2.037
1/13/2022 18:00,2.107
1/13/2022 19:00,2.192
1/13/2022 20:00,2.338
1/13/2022 21:00,2.456
1/13/2022 22:00,2.497
1/13/2022 23:00,2.487
1/14/2022 0:00,2.558
1/14/2022 1:00,2.608
1/14/2022 2:00,2.645
1/14/2022 3:00,2.646
1/14/2022 4:00,2.648
1/14/2022 5:00,2.721
1/14/2022 6:00,2.793
1/14/2022 7:00,2.846
1/14/2022 8:00,2.841
1/14/2022 9:00,2.824
1/14/2022 10:00,2.843
1/14/2022 11:00,2.873
1/14/2022 12:00,2.92
1/14/2022 13:00,2.934
1/14/2022 14:00,2.919
1/14/2022 15:00,2.874
1/14/2022 16:00,2.808
1/14/2022 17:00,2.801
1/14/2022 18:00,2.796
1/14/2022 19:00,2.772
1/14/2022 20:00,2.755
1/14/2022 21:00,2.71
1/14/2022 22:00,2.661
1/14/2022 23:00,2.591
1/15/2022 0:00,2.512
1/15/2022 1:00,2.409
1/15/2022 2:00,2.295
1/15/2022 3:00,2.217
1/15/2022 4:00,2.192
1/15/2022 5:00,2.191
1/15/2022 6:00,2.182
1/15/2022 7:00,2.148
1/15/2022 8:00,2.109
1/15/2022 9:00,2.081
1/15/2022 10:00,2.059
1/15/2022 11:00,2.033
1/15/2022 12:00,1.953
1/15/2022 13:00,1.841
1/15/2022 14:00,1.727
1/15/2022 15:00,1.611
1/15/2022 16:00,1.489
1/15/2022 17:00,1.444
1/15/2022 18:00,1.391
1/15/2022 19:00,1.374
1/15/2022 20:00,1.366
1/15/2022 21:00,1.411
1/15/2022 22:00,1.518
1/15/2022 23:00,1.611
1/16/2022 0:00,1.688
1/16/2022 1:00,1.712
1/16/2022 2:00,1.758
1/16/2022 3:00,1.819
1/16/2022 4:00,1.869
1/16/2022 5:00,1.912
1/16/2022 6:00,1.943
1/16/2022 7:00,2.004
1/16/2022 8:00,2.091
1/16/2022 9:00,2.178
1/16/2022 10:00,2.349
1/16/2022 11:00,2.477
1/16/2022 12:00,2.587
1/16/2022 13:00,2.715
1/16/2022 14:00,2.838
1/16/2022 15:00,2.854
1/16/2022 16:00,2.841
1/16/2022 17:00,2.744
1/16/2022 18:00,2.556
1/16/2022 19:00,2.287
1/16/2022 20:00,2.098
1/16/2022 21:00,1.953
1/16/2022 22:00,1.908
1/16/2022 23:00,1.848
1/17/2022 0:00,1.798
1/17/2022 1:00,1.905
1/17/2022 2:00,2.003
1/17/2022 3:00,2.07
1/17/2022 4:00,1.985
1/17/2022 5:00,1.737
1/17/2022 6:00,2.046
1/17/2022 7:00,2.734
1/17/2022 8:00,3.308
1/17/2022 9:00,3.427
1/17/2022 10:00,3.422
1/17/2022 11:00,3.373
1/17/2022 12:00,3.249
1/17/2022 13:00,3.082
1/17/2022 14:00,2.893
1/17/2022 15:00,2.728
1/17/2022 16:00,2.62
1/17/2022 17:00,2.585
1/17/2022 18:00,2.496
1/17/2022 19:00,2.461
1/17/2022 20:00,2.45
1/17/2022 21:00,2.423
1/17/2022 22:00,2.361
1/17/2022 23:00,2.276
1/18/2022 0:00,2.158
1/18/2022 1:00,2.066
1/18/2022 2:00,1.957
1/18/2022 3:00,1.816
1/18/2022 4:00,1.675
1/18/2022 5:00,1.575
1/18/2022 6:00,1.519
1/18/2022 7:00,1.441
1/18/2022 8:00,1.383
1/18/2022 9:00,1.402
1/18/2022 10:00,1.38
1/18/2022 11:00,1.406
1/18/2022 12:00,1.453
1/18/2022 13:00,1.457
1/18/2022 14:00,1.538
1/18/2022 15:00,1.673
1/18/2022 16:00,1.785
1/18/2022 17:00,1.842
1/18/2022 18:00,1.843
1/18/2022 19:00,1.816
1/18/2022 20:00,1.757
1/18/2022 21:00,1.7
1/18/2022 22:00,1.658
1/18/2022 23:00,1.645
1/19/2022 0:00,1.622
1/19/2022 1:00,1.622
1/19/2022 2:00,1.584
1/19/2022 3:00,1.589
1/19/2022 4:00,1.701
1/19/2022 5:00,1.834
1/19/2022 6:00,1.925
1/19/2022 7:00,2.047
1/19/2022 8:00,2.165
1/19/2022 9:00,2.217
1/19/2022 10:00,2.265
1/19/2022 11:00,2.32
1/19/2022 12:00,2.322
1/19/2022 13:00,2.306
1/19/2022 14:00,2.299
1/19/2022 15:00,2.262
1/19/2022 16:00,2.216
1/19/2022 17:00,2.147
1/19/2022 18:00,2.049
1/19/2022 19:00,1.944
1/19/2022 20:00,2.025
1/19/2022 21:00,2.065
1/19/2022 22:00,2.128
1/19/2022 23:00,2.191
1/20/2022 0:00,2.243
1/20/2022 1:00,2.308
1/20/2022 2:00,2.363
1/20/2022 3:00,2.367
1/20/2022 4:00,2.369
1/20/2022 5:00,2.315
1/20/2022 6:00,2.204
1/20/2022 7:00,2.002
1/20/2022 8:00,1.868
1/20/2022 9:00,1.864
1/20/2022 10:00,1.83
1/20/2022 11:00,1.777
1/20/2022 12:00,1.771
1/20/2022 13:00,1.736
1/20/2022 14:00,1.812
1/20/2022 15:00,2.091
1/20/2022 16:00,2.263
1/20/2022 17:00,2.459
1/20/2022 18:00,2.658
1/20/2022 19:00,2.733
1/20/2022 20:00,2.797
1/20/2022 21:00,2.834
1/20/2022 22:00,2.842
1/20/2022 23:00,2.826
1/21/2022 0:00,2.822
1/21/2022 1:00,2.825
1/21/2022 2:00,2.84
1/21/2022 3:00,2.855
1/21/2022 4:00,2.875
1/21/2022 5:00,2.922
1/21/2022 6:00,2.928
1/21/2022 7:00,2.918
1/21/2022 8:00,2.901
1/21/2022 9:00,2.903
1/21/2022 10:00,2.893
1/21/2022 11:00,2.87
1/21/2022 12:00,2.831
1/21/2022 13:00,2.81
1/21/2022 14:00,2.786
1/21/2022 15:00,2.761
1/21/2022 16:00,2.719
1/21/2022 17:00,2.655
1/21/2022 18:00,2.577
1/21/2022 19:00,2.476
1/21/2022 20:00,2.351
1/21/2022 21:00,2.212
1/21/2022 22:00,2.07
1/21/2022 23:00,1.952
1/22/2022 0:00,1.867
1/22/2022 1:00,1.793
1/22/2022 2:00,1.746
1/22/2022 3:00,1.7
1/22/2022 4:00,1.647
1/22/2022 5:00,1.592
1/22/2022 6:00,1.544
1/22/2022 7:00,1.478
1/22/2022 8:00,1.427
1/22/2022 9:00,1.404
1/22/2022 10:00,1.388
1/22/2022 11:00,1.343
1/22/2022 12:00,1.3
1/22/2022 13:00,1.315
1/22/2022 14:00,1.362
1/22/2022 15:00,1.36
1/22/2022 16:00,1.306
1/22/2022 17:00,1.293
1/22/2022 18:00,1.263
1/22/2022 19:00,1.228
1/22/2022 20:00,1.193
1/22/2022 21:00,1.129
1/22/2022 22:00,1.055
1/22/2022 23:00,1.026
1/23/2022 0:00,1.06
1/23/2022 1:00,1.23
1/23/2022 2:00,1.348
1/23/2022 3:00,1.404
1/23/2022 4:00,1.48
1/23/2022 5:00,1.566
1/23/2022 6:00,1.664
1/23/2022 7:00,1.739
1/23/2022 8:00,1.81
1/23/2022 9:00,1.837
1/23/2022 10:00,1.835
1/23/2022 11:00,1.797
1/23/2022 12:00,1.788
1/23/2022 13:00,1.714
1/23/2022 14:00,1.688
1/23/2022 15:00,1.713
1/23/2022 16:00,1.693
1/23/2022 17:00,1.715
1/23/2022 18:00,1.754
1/23/2022 19:00,1.788
1/23/2022 20:00,1.864
1/23/2022 21:00,1.946
1/23/2022 22:00,2.025
1/23/2022 23:00,2.102
1/24/2022 0:00,2.159
1/24/2022 1:00,2.233
1/24/2022 2:00,2.3
1/24/2022 3:00,2.377
1/24/2022 4:00,2.44
1/24/2022 5:00,2.528
1/24/2022 6:00,2.629
1/24/2022 7:00,2.648
1/24/2022 8:00,2.632
1/24/2022 9:00,2.619
1/24/2022 10:00,2.611
1/24/2022 11:00,2.571
1/24/2022 12:00,2.474
1/24/2022 13:00,2.364
1/24/2022 14:00,2.275
1/24/2022 15:00,2.182
1/24/2022 16:00,2.09
1/24/2022 17:00,1.956
1/24/2022 18:00,1.805
1/24/2022 19:00,1.699
1/24/2022 20:00,1.607
1/24/2022 21:00,1.509
1/24/2022 22:00,1.433
1/24/2022 23:00,1.443
1/25/2022 0:00,1.459
1/25/2022 1:00,1.546
1/25/2022 2:00,1.63
1/25/2022 3:00,1.668
1/25/2022 4:00,1.668
1/25/2022 5:00,1.638
1/25/2022 6:00,1.596
1/25/2022 7:00,1.607
1/25/2022 8:00,1.586
1/25/2022 9:00,1.516
1/25/2022 10:00,1.456
1/25/2022 11:00,1.382
1/25/2022 12:00,1.324
1/25/2022 13:00,1.319
1/25/2022 14:00,1.328
1/25/2022 15:00,1.292
1/25/2022 16:00,1.251
1/25/2022 17:00,1.246
1/25/2022 18:00,1.228
1/25/2022 19:00,1.201
1/25/2022 20:00,1.192
1/25/2022 21:00,1.205
1/25/2022 22:00,1.218
1/25/2022 23:00,1.195
1/26/2022 0:00,1.176
1/26/2022 1:00,1.193
1/26/2022 2:00,1.227
1/26/2022 3:00,1.269
1/26/2022 4:00,1.344
1/26/2022 5:00,1.457
1/26/2022 6:00,1.549
1/26/2022 7:00,1.683
1/26/2022 8:00,1.763
1/26/2022 9:00,1.833
1/26/2022 10:00,1.856
1/26/2022 11:00,1.913
1/26/2022 12:00,1.936
1/26/2022 13:00,1.971
1/26/2022 14:00,2.029
1/26/2022 15:00,2.064
1/26/2022 16:00,2.017
1/26/2022 17:00,1.916
1/26/2022 18:00,1.768
1/26/2022 19:00,1.588
1/26/2022 20:00,1.459
1/26/2022 21:00,1.305
1/26/2022 22:00,1.217
1/26/2022 23:00,1.195
1/27/2022 0:00,1.172
1/27/2022 1:00,1.149
1/27/2022 2:00,1.122
1/27/2022 3:00,1.082
1/27/2022 4:00,1.122
1/27/2022 5:00,1.19
1/27/2022 6:00,1.227
1/27/2022 7:00,1.24
1/27/2022 8:00,1.259
1/27/2022 9:00,1.221
1/27/2022 10:00,1.177
1/27/2022 11:00,1.148
1/27/2022 12:00,1.159
1/27/2022 13:00,1.188
1/27/2022 14:00,1.223
1/27/2022 15:00,1.242
1/27/2022 16:00,1.239
1/27/2022 17:00,1.219
1/27/2022 18:00,1.21
1/27/2022 19:00,1.228
1/27/2022 20:00,1.272
1/27/2022 21:00,1.315
1/27/2022 22:00,1.352
1/27/2022 23:00,1.39
1/28/2022 0:00,1.412
1/28/2022 1:00,1.461
1/28/2022 2:00,1.483
1/28/2022 3:00,1.513
1/28/2022 4:00,1.556
1/28/2022 5:00,1.597
1/28/2022 6:00,1.654
1/28/2022 7:00,1.704
1/28/2022 8:00,1.736
1/28/2022 9:00,1.728
1/28/2022 10:00,1.744
1/28/2022 11:00,1.793
1/28/2022 12:00,1.84
1/28/2022 13:00,1.879
1/28/2022 14:00,1.837
1/28/2022 15:00,1.777
1/28/2022 16:00,1.711
1/28/2022 17:00,1.647
1/28/2022 18:00,1.595
1/28/2022 19:00,1.565
1/28/2022 20:00,1.54
1/28/2022 21:00,1.476
1/28/2022 22:00,1.387
1/28/2022 23:00,1.346
1/29/2022 0:00,1.272
1/29/2022 1:00,1.212
1/29/2022 2:00,1.207
1/29/2022 3:00,1.233
1/29/2022 4:00,1.338
1/29/2022 5:00,1.581
1/29/2022 6:00,1.788
1/29/2022 7:00,1.96
1/29/2022 8:00,2.131
1/29/2022 9:00,2.282
1/29/2022 10:00,2.365
1/29/2022 11:00,2.51
1/29/2022 12:00,2.653
1/29/2022 13:00,2.767
1/29/2022 14:00,2.963
1/29/2022 15:00,3.096
1/29/2022 16:00,3.212
1/29/2022 17:00,3.296
1/29/2022 18:00,3.3
1/29/2022 19:00,3.241
1/29/2022 20:00,3.117
1/29/2022 21:00,2.94
1/29/2022 22:00,2.754
1/29/2022 23:00,2.595
1/30/2022 0:00,2.448
1/30/2022 1:00,2.363
1/30/2022 2:00,2.274
1/30/2022 3:00,2.223
1/30/2022 4:00,2.212
1/30/2022 5:00,2.276
1/30/2022 6:00,2.367
1/30/2022 7:00,2.442
1/30/2022 8:00,2.475
1/30/2022 9:00,2.442
1/30/2022 10:00,2.463
1/30/2022 11:00,2.483
1/30/2022 12:00,2.507
1/30/2022 13:00,2.51
1/30/2022 14:00,2.501
1/30/2022 15:00,2.474
1/30/2022 16:00,2.44
1/30/2022 17:00,2.407
1/30/2022 18:00,2.373
1/30/2022 19:00,2.327
1/30/2022 20:00,2.273
1/30/2022 21:00,2.197
1/30/2022 22:00,2.131
1/30/2022 23:00,2.065
1/31/2022 0:00,2.017
1/31/2022 1:00,1.989
1/31/2022 2:00,1.987
1/31/2022 3:00,1.981
1/31/2022 4:00,1.962
1/31/2022 5:00,1.928
1/31/2022 6:00,1.876
1/31/2022 7:00,1.836
1/31/2022 8:00,1.811
1/31/2022 9:00,1.792
1/31/2022 10:00,1.778
1/31/2022 11:00,1.772
1/31/2022 12:00,1.762
1/31/2022 13:00,1.743
1/31/2022 14:00,1.729
1/31/2022 15:00,1.7
1/31/2022 16:00,1.653
1/31/2022 17:00,1.589
1/31/2022 18:00,1.532
1/31/2022 19:00,1.482
1/31/2022 20:00,1.425
1/31/2022 21:00,1.394
1/31/2022 22:00,1.363
1/31/2022 23:00,1.33
2/1/2022 0:00,1.292
2/1/2022 1:00,1.284
2/1/2022 2:00,1.282
2/1/2022 3:00,1.249
2/1/2022 4:00,1.196
2/1/2022 5:00,1.149
2/1/2022 6:00,1.103
2/1/2022 7:00,1.043
2/1/2022 8:00,0.943
2/1/2022 9:00,0.849
2/1/2022 10:00,0.789
2/1/2022 11:00,0.764
2/1/2022 12:00,0.748
2/1/2022 13:00,0.73
2/1/2022 14:00,0.793
2/1/2022 15:00,0.838
2/1/2022 16:00,0.834
2/1/2022 17:00,0.812
2/1/2022 18:00,0.801
2/1/2022 19:00,0.811
2/1/2022 20:00,0.813
2/1/2022 21:00,0.81
2/1/2022 22:00,0.824
2/1/2022 23:00,0.829
2/2/2022 0:00,0.83
2/2/2022 1:00,0.819
2/2/2022 2:00,0.841
2/2/2022 3:00,0.851
2/2/2022 4:00,0.859
2/2/2022 5:00,0.876
2/2/2022 6:00,0.882
2/2/2022 7:00,0.843
2/2/2022 8:00,0.711
2/2/2022 9:00,0.59
2/2/2022 10:00,0.555
2/2/2022 11:00,0.584
2/2/2022 12:00,0.617
2/2/2022 13:00,0.655
2/2/2022 14:00,0.76
2/2/2022 15:00,0.834
2/2/2022 16:00,0.857
2/2/2022 17:00,0.875
2/2/2022 18:00,0.92
2/2/2022 19:00,0.935
2/2/2022 20:00,0.916
2/2/2022 21:00,0.901
2/2/2022 22:00,0.894
2/2/2022 23:00,0.874
2/3/2022 0:00,0.852
2/3/2022 1:00,0.857
2/3/2022 2:00,0.884
2/3/2022 3:00,0.883
2/3/2022 4:00,0.847
2/3/2022 5:00,0.795
2/3/2022 6:00,0.723
2/3/2022 7:00,0.622
2/3/2022 8:00,0.503
2/3/2022 9:00,0.419
2/3/2022 10:00,0.417
2/3/2022 11:00,0.415
2/3/2022 12:00,0.413
2/3/2022 13:00,0.554
2/3/2022 14:00,0.709
2/3/2022 15:00,0.756
2/3/2022 16:00,0.787
2/3/2022 17:00,0.784
2/3/2022 18:00,0.753
2/3/2022 19:00,0.825
2/3/2022 20:00,0.882
2/3/2022 21:00,0.929
2/3/2022 22:00,1.051
2/3/2022 23:00,1.162
2/4/2022 0:00,1.221
2/4/2022 1:00,1.313
2/4/2022 2:00,1.4
2/4/2022 3:00,1.544
2/4/2022 4:00,1.664
2/4/2022 5:00,1.808
2/4/2022 6:00,1.951
2/4/2022 7:00,2.093
2/4/2022 8:00,2.248
2/4/2022 9:00,2.398
2/4/2022 10:00,2.554
2/4/2022 11:00,2.722
2/4/2022 12:00,2.856
2/4/2022 13:00,2.985
2/4/2022 14:00,3.132
2/4/2022 15:00,3.243
2/4/2022 16:00,3.303
2/4/2022 17:00,3.318
2/4/2022 18:00,3.303
2/4/2022 19:00,3.272
2/4/2022 20:00,3.214
2/4/2022 21:00,3.153
2/4/2022 22:00,3.07
2/4/2022 23:00,3.015
2/5/2022 0:00,2.98
2/5/2022 1:00,2.916
2/5/2022 2:00,2.822
2/5/2022 3:00,2.717
2/5/2022 4:00,2.592
2/5/2022 5:00,2.486
2/5/2022 6:00,2.363
2/5/2022 7:00,2.232
2/5/2022 8:00,2.105
2/5/2022 9:00,1.964
2/5/2022 10:00,1.824
2/5/2022 11:00,1.697
2/5/2022 12:00,1.582
2/5/2022 13:00,1.471
2/5/2022 14:00,1.407
2/5/2022 15:00,1.447
2/5/2022 16:00,1.469
2/5/2022 17:00,1.47
2/5/2022 18:00,1.475
2/5/2022 19:00,1.453
2/5/2022 20:00,1.418
2/5/2022 21:00,1.388
2/5/2022 22:00,1.361
2/5/2022 23:00,1.37
2/6/2022 0:00,1.389
2/6/2022 1:00,1.47
2/6/2022 2:00,1.533
2/6/2022 3:00,1.61
2/6/2022 4:00,1.728
2/6/2022 5:00,1.853
2/6/2022 6:00,2.005
2/6/2022 7:00,2.189
2/6/2022 8:00,2.312
2/6/2022 9:00,2.396
2/6/2022 10:00,2.421
2/6/2022 11:00,2.368
2/6/2022 12:00,2.29
2/6/2022 13:00,2.177
2/6/2022 14:00,2.106
2/6/2022 15:00,2.032
2/6/2022 16:00,1.931
2/6/2022 17:00,1.893
2/6/2022 18:00,1.825
2/6/2022 19:00,1.724
2/6/2022 20:00,1.608
2/6/2022 21:00,1.47
2/6/2022 22:00,1.318
2/6/2022 23:00,1.212
2/7/2022 0:00,1.171
2/7/2022 1:00,1.152
2/7/2022 2:00,1.097
2/7/2022 3:00,1.029
2/7/2022 4:00,0.965
2/7/2022 5:00,0.91
2/7/2022 6:00,0.856
2/7/2022 7:00,0.818
2/7/2022 8:00,0.765
2/7/2022 9:00,0.732
2/7/2022 10:00,0.732
2/7/2022 11:00,0.747
2/7/2022 12:00,0.791
2/7/2022 13:00,0.883
2/7/2022 14:00,1.058
2/7/2022 15:00,1.182
2/7/2022 16:00,1.231
2/7/2022 17:00,1.258
2/7/2022 18:00,1.267
2/7/2022 19:00,1.25
2/7/2022 20:00,1.246
2/7/2022 21:00,1.231
2/7/2022 22:00,1.215
2/7/2022 23:00,1.193
2/8/2022 0:00,1.189
2/8/2022 1:00,1.187
2/8/2022 2:00,1.097
2/8/2022 3:00,1.045
2/8/2022 4:00,1.043
2/8/2022 5:00,1.002
2/8/2022 6:00,0.998
2/8/2022 7:00,1.065
2/8/2022 8:00,1.154
2/8/2022 9:00,1.231
2/8/2022 10:00,1.295
2/8/2022 11:00,1.346
2/8/2022 12:00,1.37
2/8/2022 13:00,1.391
2/8/2022 14:00,1.417
2/8/2022 15:00,1.411
2/8/2022 16:00,1.328
2/8/2022 17:00,1.193
2/8/2022 18:00,1.041
2/8/2022 19:00,1.017
2/8/2022 20:00,1.196
2/8/2022 21:00,1.276
2/8/2022 22:00,1.285
2/8/2022 23:00,1.304
2/9/2022 0:00,1.307
2/9/2022 1:00,1.325
2/9/2022 2:00,1.332
2/9/2022 3:00,1.342
2/9/2022 4:00,1.358
2/9/2022 5:00,1.376
2/9/2022 6:00,1.407
2/9/2022 7:00,1.484
2/9/2022 8:00,1.575
2/9/2022 9:00,1.614
2/9/2022 10:00,1.684
2/9/2022 11:00,1.773
2/9/2022 12:00,1.85
2/9/2022 13:00,1.892
2/9/2022 14:00,1.918
2/9/2022 15:00,1.938
2/9/2022 16:00,1.978
2/9/2022 17:00,1.955
2/9/2022 18:00,1.885
2/9/2022 19:00,1.794
2/9/2022 20:00,1.751
2/9/2022 21:00,1.697
2/9/2022 22:00,1.601
2/9/2022 23:00,1.612
2/10/2022 0:00,1.638
2/10/2022 1:00,1.625
2/10/2022 2:00,1.668
2/10/2022 3:00,1.742
2/10/2022 4:00,1.765
2/10/2022 5:00,1.833
2/10/2022 6:00,1.907
2/10/2022 7:00,1.988
2/10/2022 8:00,2.046
2/10/2022 9:00,2.11
2/10/2022 10:00,2.137
2/10/2022 11:00,2.194
2/10/2022 12:00,2.198
2/10/2022 13:00,2.163
2/10/2022 14:00,2.105
2/10/2022 15:00,2.055
2/10/2022 16:00,1.978
2/10/2022 17:00,1.893
2/10/2022 18:00,1.831
2/10/2022 19:00,1.765
2/10/2022 20:00,1.701
2/10/2022 21:00,1.652
2/10/2022 22:00,1.628
2/10/2022 23:00,1.605
2/11/2022 0:00,1.597
2/11/2022 1:00,1.617
2/11/2022 2:00,1.588
2/11/2022 3:00,1.573
2/11/2022 4:00,1.588
2/11/2022 5:00,1.567
2/11/2022 6:00,1.564
2/11/2022 7:00,1.601
2/11/2022 8:00,1.63
2/11/2022 9:00,1.667
2/11/2022 10:00,1.735
2/11/2022 11:00,1.759
2/11/2022 12:00,1.778
2/11/2022 13:00,1.756
2/11/2022 14:00,1.731
2/11/2022 15:00,1.75
2/11/2022 16:00,1.756
2/11/2022 17:00,1.738
2/11/2022 18:00,1.672
2/11/2022 19:00,1.631
2/11/2022 20:00,1.608
2/11/2022 21:00,1.563
2/11/2022 22:00,1.545
2/11/2022 23:00,1.575
2/12/2022 0:00,1.57
2/12/2022 1:00,1.533
2/12/2022 2:00,1.554
2/12/2022 3:00,1.606
2/12/2022 4:00,1.683
2/12/2022 5:00,1.76
2/12/2022 6:00,1.8
2/12/2022 7:00,1.827
2/12/2022 8:00,1.846
2/12/2022 9:00,1.897
2/12/2022 10:00,1.972
2/12/2022 11:00,2.033
2/12/2022 12:00,2.067
2/12/2022 13:00,2.066
2/12/2022 14:00,2.011
2/12/2022 15:00,1.935
2/12/2022 16:00,1.851
2/12/2022 17:00,1.8
2/12/2022 18:00,1.781
2/12/2022 19:00,1.777
2/12/2022 20:00,1.796
2/12/2022 21:00,1.771
2/12/2022 22:00,1.735
2/12/2022 23:00,1.671
2/13/2022 0:00,1.596
2/13/2022 1:00,1.66
2/13/2022 2:00,1.769
2/13/2022 3:00,1.895
2/13/2022 4:00,2.017
2/13/2022 5:00,2.136
2/13/2022 6:00,2.242
2/13/2022 7:00,2.379
2/13/2022 8:00,2.557
2/13/2022 9:00,2.741
2/13/2022 10:00,2.842
2/13/2022 11:00,2.913
2/13/2022 12:00,2.946
2/13/2022 13:00,2.918
2/13/2022 14:00,2.843
2/13/2022 15:00,2.755
2/13/2022 16:00,2.685
2/13/2022 17:00,2.627
2/13/2022 18:00,2.574
2/13/2022 19:00,2.496
2/13/2022 20:00,2.408
2/13/2022 21:00,2.346
2/13/2022 22:00,2.315
2/13/2022 23:00,2.215
2/14/2022 0:00,2.098
2/14/2022 1:00,1.966
2/14/2022 2:00,1.891
2/14/2022 3:00,1.832
2/14/2022 4:00,1.83
2/14/2022 5:00,1.788
2/14/2022 6:00,1.738
2/14/2022 7:00,1.727
2/14/2022 8:00,1.752
2/14/2022 9:00,1.674
2/14/2022 10:00,1.605
2/14/2022 11:00,1.59
2/14/2022 12:00,1.549
2/14/2022 13:00,1.555
2/14/2022 14:00,1.594
2/14/2022 15:00,1.661
2/14/2022 16:00,1.578
2/14/2022 17:00,1.475
2/14/2022 18:00,1.397
2/14/2022 19:00,1.408
2/14/2022 20:00,1.401
2/14/2022 21:00,1.402
2/14/2022 22:00,1.38
2/14/2022 23:00,1.338
2/15/2022 0:00,1.311
2/15/2022 1:00,1.353
2/15/2022 2:00,1.405
2/15/2022 3:00,1.461
2/15/2022 4:00,1.489
2/15/2022 5:00,1.506
2/15/2022 6:00,1.557
2/15/2022 7:00,1.564
2/15/2022 8:00,1.57
2/15/2022 9:00,1.62
2/15/2022 10:00,1.674
2/15/2022 11:00,1.728
2/15/2022 12:00,1.792
2/15/2022 13:00,1.84
2/15/2022 14:00,1.869
2/15/2022 15:00,1.924
2/15/2022 16:00,1.954
2/15/2022 17:00,2.029
2/15/2022 18:00,2.086
2/15/2022 19:00,2.137
2/15/2022 20:00,2.188
2/15/2022 21:00,2.192
2/15/2022 22:00,2.146
2/15/2022 23:00,2.078
2/16/2022 0:00,2.075
2/16/2022 1:00,2.078
2/16/2022 2:00,2.052
2/16/2022 3:00,2.056
2/16/2022 4:00,2
2/16/2022 5:00,1.957
2/16/2022 6:00,1.931
2/16/2022 7:00,1.929
2/16/2022 8:00,2.041
2/16/2022 9:00,2.138
2/16/2022 10:00,2.224
2/16/2022 11:00,2.277
2/16/2022 12:00,2.287
2/16/2022 13:00,2.325
2/16/2022 14:00,2.388
2/16/2022 15:00,2.341
2/16/2022 16:00,2.206
2/16/2022 17:00,2.095
2/16/2022 18:00,1.956
2/16/2022 19:00,1.824
2/16/2022 20:00,1.683
2/16/2022 21:00,1.614
2/16/2022 22:00,1.672
2/16/2022 23:00,1.827
2/17/2022 0:00,1.931
2/17/2022 1:00,2.007
2/17/2022 2:00,2.089
2/17/2022 3:00,2.085
2/17/2022 4:00,2.015
2/17/2022 5:00,1.985
2/17/2022 6:00,1.842
2/17/2022 7:00,1.794
2/17/2022 8:00,1.788
2/17/2022 9:00,1.8
2/17/2022 10:00,1.866
2/17/2022 11:00,1.874
2/17/2022 12:00,1.8
2/17/2022 13:00,1.693
2/17/2022 14:00,1.573
2/17/2022 15:00,1.539
2/17/2022 16:00,1.64
2/17/2022 17:00,1.918
2/17/2022 18:00,2.163
2/17/2022 19:00,2.358
2/17/2022 20:00,2.508
2/17/2022 21:00,2.578
2/17/2022 22:00,2.632
2/17/2022 23:00,2.735
2/18/2022 0:00,2.757
2/18/2022 1:00,2.743
2/18/2022 2:00,2.686
2/18/2022 3:00,2.61
2/18/2022 4:00,2.537
2/18/2022 5:00,2.444
2/18/2022 6:00,2.375
2/18/2022 7:00,2.341
2/18/2022 8:00,2.34
2/18/2022 9:00,2.393
2/18/2022 10:00,2.401
2/18/2022 11:00,2.397
2/18/2022 12:00,2.364
2/18/2022 13:00,2.308
2/18/2022 14:00,2.183
2/18/2022 15:00,2.033
2/18/2022 16:00,1.906
2/18/2022 17:00,1.786
2/18/2022 18:00,1.715
2/18/2022 19:00,1.665
2/18/2022 20:00,1.607
2/18/2022 21:00,1.507
2/18/2022 22:00,1.351
2/18/2022 23:00,1.351
2/19/2022 0:00,1.348
2/19/2022 1:00,1.332
2/19/2022 2:00,1.294
2/19/2022 3:00,1.277
2/19/2022 4:00,1.282
2/19/2022 5:00,1.313
2/19/2022 6:00,1.369
2/19/2022 7:00,1.374
2/19/2022 8:00,1.38
2/19/2022 9:00,1.394
2/19/2022 10:00,1.394
2/19/2022 11:00,1.412
2/19/2022 12:00,1.412
2/19/2022 13:00,1.415
2/19/2022 14:00,1.445
2/19/2022 15:00,1.499
2/19/2022 16:00,1.528
2/19/2022 17:00,1.518
2/19/2022 18:00,1.497
2/19/2022 19:00,1.482
2/19/2022 20:00,1.476
2/19/2022 21:00,1.478
2/19/2022 22:00,1.451
2/19/2022 23:00,1.428
2/20/2022 0:00,1.404
2/20/2022 1:00,1.394
2/20/2022 2:00,1.398
2/20/2022 3:00,1.407
2/20/2022 4:00,1.392
2/20/2022 5:00,1.339
2/20/2022 6:00,1.248
2/20/2022 7:00,1.198
2/20/2022 8:00,1.169
2/20/2022 9:00,1.101
2/20/2022 10:00,1.049
2/20/2022 11:00,0.999
2/20/2022 12:00,0.937
2/20/2022 13:00,0.85
2/20/2022 14:00,0.86
2/20/2022 15:00,0.991
2/20/2022 16:00,1.045
2/20/2022 17:00,1.054
2/20/2022 18:00,1.034
2/20/2022 19:00,1.037
2/20/2022 20:00,1.041
2/20/2022 21:00,1.054
2/20/2022 22:00,1.079
2/20/2022 23:00,1.088
2/21/2022 0:00,1.081
2/21/2022 1:00,1.084
2/21/2022 2:00,1.101
2/21/2022 3:00,1.177
2/21/2022 4:00,1.303
2/21/2022 5:00,1.449
2/21/2022 6:00,1.605
2/21/2022 7:00,1.793
2/21/2022 8:00,1.989
2/21/2022 9:00,2.172
2/21/2022 10:00,2.366
2/21/2022 11:00,2.559
2/21/2022 12:00,2.691
2/21/2022 13:00,2.76
2/21/2022 14:00,2.787
2/21/2022 15:00,2.697
2/21/2022 16:00,2.566
2/21/2022 17:00,2.42
2/21/2022 18:00,2.224
2/21/2022 19:00,2.056
2/21/2022 20:00,1.931
2/21/2022 21:00,1.868
2/21/2022 22:00,1.857
2/21/2022 23:00,1.826
2/22/2022 0:00,1.788
2/22/2022 1:00,1.759
2/22/2022 2:00,1.771
2/22/2022 3:00,1.804
2/22/2022 4:00,1.856
2/22/2022 5:00,1.976
2/22/2022 6:00,2.104
2/22/2022 7:00,2.19
2/22/2022 8:00,2.245
2/22/2022 9:00,2.231
2/22/2022 10:00,2.206
2/22/2022 11:00,2.202
2/22/2022 12:00,2.187
2/22/2022 13:00,2.127
2/22/2022 14:00,2.05
2/22/2022 15:00,1.96
2/22/2022 16:00,1.819
2/22/2022 17:00,1.681
2/22/2022 18:00,1.546
2/22/2022 19:00,1.445
2/22/2022 20:00,1.36
2/22/2022 21:00,1.285
2/22/2022 22:00,1.206
2/22/2022 23:00,1.087
2/23/2022 0:00,0.974
2/23/2022 1:00,0.894
2/23/2022 2:00,0.867
2/23/2022 3:00,0.864
2/23/2022 4:00,0.827
2/23/2022 5:00,0.804
2/23/2022 6:00,0.739
2/23/2022 7:00,0.579
2/23/2022 8:00,0.526
2/23/2022 9:00,0.576
2/23/2022 10:00,0.659
2/23/2022 11:00,0.737
2/23/2022 12:00,0.808
2/23/2022 13:00,0.882
2/23/2022 14:00,1.013
2/23/2022 15:00,1.207
2/23/2022 16:00,1.371
2/23/2022 17:00,1.483
2/23/2022 18:00,1.634
2/23/2022 19:00,1.753
2/23/2022 20:00,1.864
2/23/2022 21:00,1.979
2/23/2022 22:00,2.096
2/23/2022 23:00,2.255
2/24/2022 0:00,2.417
2/24/2022 1:00,2.543
2/24/2022 2:00,2.677
2/24/2022 3:00,2.875
2/24/2022 4:00,3.108
2/24/2022 5:00,3.357
2/24/2022 6:00,3.542
2/24/2022 7:00,3.698
2/24/2022 8:00,3.764
2/24/2022 9:00,3.789
2/24/2022 10:00,3.822
2/24/2022 11:00,3.691
2/24/2022 12:00,3.549
2/24/2022 13:00,3.381
2/24/2022 14:00,3.163
2/24/2022 15:00,3.041
2/24/2022 16:00,3.006
2/24/2022 17:00,2.953
2/24/2022 18:00,2.946
2/24/2022 19:00,2.912
2/24/2022 20:00,2.857
2/24/2022 21:00,2.768
2/24/2022 22:00,2.666
2/24/2022 23:00,2.555
2/25/2022 0:00,2.47
2/25/2022 1:00,2.397
2/25/2022 2:00,2.318
2/25/2022 3:00,2.247
2/25/2022 4:00,2.188
2/25/2022 5:00,2.144
2/25/2022 6:00,2.116
2/25/2022 7:00,2.09
2/25/2022 8:00,2.045
2/25/2022 9:00,1.961
2/25/2022 10:00,1.844
2/25/2022 11:00,1.71
2/25/2022 12:00,1.611
2/25/2022 13:00,1.541
2/25/2022 14:00,1.62
2/25/2022 15:00,1.839
2/25/2022 16:00,1.982
2/25/2022 17:00,2.003
2/25/2022 18:00,2.024
2/25/2022 19:00,1.96
2/25/2022 20:00,1.856
2/25/2022 21:00,1.808
2/25/2022 22:00,1.784
2/25/2022 23:00,1.826
2/26/2022 0:00,1.84
2/26/2022 1:00,1.842
2/26/2022 2:00,1.847
2/26/2022 3:00,1.807
2/26/2022 4:00,1.763
2/26/2022 5:00,1.759
2/26/2022 6:00,1.678
2/26/2022 7:00,1.636
2/26/2022 8:00,1.654
2/26/2022 9:00,1.598
2/26/2022 10:00,1.531
2/26/2022 11:00,1.453
2/26/2022 12:00,1.37
2/26/2022 13:00,1.272
2/26/2022 14:00,1.197
2/26/2022 15:00,1.291
2/26/2022 16:00,1.346
2/26/2022 17:00,1.353
2/26/2022 18:00,1.37
2/26/2022 19:00,1.404
2/26/2022 20:00,1.298
2/26/2022 21:00,1.157
2/26/2022 22:00,1.038
2/26/2022 23:00,1.047
2/27/2022 0:00,1.2
2/27/2022 1:00,1.353
2/27/2022 2:00,1.495
2/27/2022 3:00,1.625
2/27/2022 4:00,1.755
2/27/2022 5:00,1.816
2/27/2022 6:00,1.865
2/27/2022 7:00,1.911
2/27/2022 8:00,1.976
2/27/2022 9:00,2.015
2/27/2022 10:00,2.088
2/27/2022 11:00,2.161
2/27/2022 12:00,2.182
2/27/2022 13:00,2.178
2/27/2022 14:00,2.138
2/27/2022 15:00,2.136
2/27/2022 16:00,2.129
2/27/2022 17:00,2.075
2/27/2022 18:00,2.024
2/27/2022 19:00,1.994
2/27/2022 20:00,1.952
2/27/2022 21:00,1.887
2/27/2022 22:00,1.835
2/27/2022 23:00,1.767
2/28/2022 0:00,1.721
2/28/2022 1:00,1.682
2/28/2022 2:00,1.641
2/28/2022 3:00,1.586
2/28/2022 4:00,1.51
2/28/2022 5:00,1.418
2/28/2022 6:00,1.345
2/28/2022 7:00,1.304
2/28/2022 8:00,1.306
2/28/2022 9:00,1.335
2/28/2022 10:00,1.394
2/28/2022 11:00,1.43
2/28/2022 12:00,1.412
2/28/2022 13:00,1.405
2/28/2022 14:00,1.483
2/28/2022 15:00,1.643
2/28/2022 16:00,1.775
2/28/2022 17:00,1.852
2/28/2022 18:00,1.879
2/28/2022 19:00,1.905
2/28/2022 20:00,1.92
2/28/2022 21:00,1.915
2/28/2022 22:00,1.918
2/28/2022 23:00,1.912
3/1/2022 0:00,1.908
3/1/2022 1:00,1.912
3/1/2022 2:00,1.918
3/1/2022 3:00,1.94
3/1/2022 4:00,1.952
3/1/2022 5:00,1.992
3/1/2022 6:00,2.085
3/1/2022 7:00,2.146
3/1/2022 8:00,2.194
3/1/2022 9:00,2.247
3/1/2022 10:00,2.329
3/1/2022 11:00,2.36
3/1/2022 12:00,2.36
3/1/2022 13:00,2.341
3/1/2022 14:00,2.306
3/1/2022 15:00,2.307
3/1/2022 16:00,2.276
3/1/2022 17:00,2.23
3/1/2022 18:00,2.182
3/1/2022 19:00,2.1
3/1/2022 20:00,2.011
3/1/2022 21:00,1.939
3/1/2022 22:00,1.898
3/1/2022 23:00,1.858
3/2/2022 0:00,1.835
3/2/2022 1:00,1.813
3/2/2022 2:00,1.792
3/2/2022 3:00,1.772
3/2/2022 4:00,1.734
3/2/2022 5:00,1.691
3/2/2022 6:00,1.657
3/2/2022 7:00,1.668
3/2/2022 8:00,1.689
3/2/2022 9:00,1.689
3/2/2022 10:00,1.688
3/2/2022 11:00,1.694
3/2/2022 12:00,1.715
3/2/2022 13:00,1.702
3/2/2022 14:00,1.687
3/2/2022 15:00,1.73
3/2/2022 16:00,1.746
3/2/2022 17:00,1.748
3/2/2022 18:00,1.717
3/2/2022 19:00,1.678
3/2/2022 20:00,1.656
3/2/2022 21:00,1.61
3/2/2022 22:00,1.54
3/2/2022 23:00,1.483
3/3/2022 0:00,1.419
3/3/2022 1:00,1.363
3/3/2022 2:00,1.322
3/3/2022 3:00,1.315
3/3/2022 4:00,1.317
3/3/2022 5:00,1.349
3/3/2022 6:00,1.426
3/3/2022 7:00,1.525
3/3/2022 8:00,1.595
3/3/2022 9:00,1.573
3/3/2022 10:00,1.575
3/3/2022 11:00,1.605
3/3/2022 12:00,1.638
3/3/2022 13:00,1.685
3/3/2022 14:00,1.771
3/3/2022 15:00,1.825
3/3/2022 16:00,1.839
3/3/2022 17:00,1.819
3/3/2022 18:00,1.779
3/3/2022 19:00,1.715
3/3/2022 20:00,1.613
3/3/2022 21:00,1.525
3/3/2022 22:00,1.442
3/3/2022 23:00,1.351
3/4/2022 0:00,1.311
3/4/2022 1:00,1.299
3/4/2022 2:00,1.293
3/4/2022 3:00,1.302
3/4/2022 4:00,1.291
3/4/2022 5:00,1.278
3/4/2022 6:00,1.231
3/4/2022 7:00,1.153
3/4/2022 8:00,1.085
3/4/2022 9:00,1.06
3/4/2022 10:00,1.065
3/4/2022 11:00,1.057
3/4/2022 12:00,1.023
3/4/2022 13:00,0.917
3/4/2022 14:00,0.909
3/4/2022 15:00,1.044
3/4/2022 16:00,1.185
3/4/2022 17:00,1.22
3/4/2022 18:00,1.196
3/4/2022 19:00,1.181
3/4/2022 20:00,1.142
3/4/2022 21:00,1.062
3/4/2022 22:00,0.999
3/4/2022 23:00,0.925
3/5/2022 0:00,0.818
3/5/2022 1:00,0.733
3/5/2022 2:00,0.69
3/5/2022 3:00,0.688
3/5/2022 4:00,0.748
3/5/2022 5:00,0.857
3/5/2022 6:00,0.923
3/5/2022 7:00,1.02
3/5/2022 8:00,1.17
3/5/2022 9:00,1.307
3/5/2022 10:00,1.433
3/5/2022 11:00,1.562
3/5/2022 12:00,1.658
3/5/2022 13:00,1.684
3/5/2022 14:00,1.671
3/5/2022 15:00,1.69
3/5/2022 16:00,1.713
3/5/2022 17:00,1.713
3/5/2022 18:00,1.659
3/5/2022 19:00,1.602
3/5/2022 20:00,1.561
3/5/2022 21:00,1.533
3/5/2022 22:00,1.52
3/5/2022 23:00,1.48
3/6/2022 0:00,1.442
3/6/2022 1:00,1.442
3/6/2022 2:00,1.448
3/6/2022 3:00,1.474
3/6/2022 4:00,1.478
3/6/2022 5:00,1.479
3/6/2022 6:00,1.542
3/6/2022 7:00,1.495
3/6/2022 8:00,1.532
3/6/2022 9:00,1.572
3/6/2022 10:00,1.537
3/6/2022 11:00,1.522
3/6/2022 12:00,1.534
3/6/2022 13:00,1.534
3/6/2022 14:00,1.551
3/6/2022 15:00,1.622
3/6/2022 16:00,1.62
3/6/2022 17:00,1.605
3/6/2022 18:00,1.607
3/6/2022 19:00,1.582
3/6/2022 20:00,1.566
3/6/2022 21:00,1.549
3/6/2022 22:00,1.53
3/6/2022 23:00,1.529
3/7/2022 0:00,1.497
3/7/2022 1:00,1.464
3/7/2022 2:00,1.443
3/7/2022 3:00,1.417
3/7/2022 4:00,1.374
3/7/2022 5:00,1.327
3/7/2022 6:00,1.266
3/7/2022 7:00,1.194
3/7/2022 8:00,1.049
3/7/2022 9:00,0.947
3/7/2022 10:00,0.898
3/7/2022 11:00,0.85
3/7/2022 12:00,0.83
3/7/2022 13:00,0.815
3/7/2022 14:00,0.794
3/7/2022 15:00,0.904
3/7/2022 16:00,1.068
3/7/2022 17:00,1.154
3/7/2022 18:00,1.232
3/7/2022 19:00,1.271
3/7/2022 20:00,1.323
3/7/2022 21:00,1.348
3/7/2022 22:00,1.362
3/7/2022 23:00,1.365
3/8/2022 0:00,1.378
3/8/2022 1:00,1.378
3/8/2022 2:00,1.411
3/8/2022 3:00,1.473
3/8/2022 4:00,1.507
3/8/2022 5:00,1.549
3/8/2022 6:00,1.628
3/8/2022 7:00,1.643
3/8/2022 8:00,1.642
3/8/2022 9:00,1.647
3/8/2022 10:00,1.612
3/8/2022 11:00,1.503
3/8/2022 12:00,1.345
3/8/2022 13:00,1.207
3/8/2022 14:00,1.092
3/8/2022 15:00,1.046
3/8/2022 16:00,1.027
3/8/2022 17:00,1.033
3/8/2022 18:00,1.046
3/8/2022 19:00,1.064
3/8/2022 20:00,1.085
3/8/2022 21:00,1.08
3/8/2022 22:00,1.069
3/8/2022 23:00,1.054
3/9/2022 0:00,1.035
3/9/2022 1:00,1.021
3/9/2022 2:00,1.035
3/9/2022 3:00,1.07
3/9/2022 4:00,1.116
3/9/2022 5:00,1.142
3/9/2022 6:00,1.12
3/9/2022 7:00,1.12
3/9/2022 8:00,1.12
3/9/2022 9:00,1.137
3/9/2022 10:00,1.165
3/9/2022 11:00,1.165
3/9/2022 12:00,1.133
3/9/2022 13:00,1.083
3/9/2022 14:00,1.07
3/9/2022 15:00,1.164
3/9/2022 16:00,1.294
3/9/2022 17:00,1.368
3/9/2022 18:00,1.412
3/9/2022 19:00,1.446
3/9/2022 20:00,1.476
3/9/2022 21:00,1.5
3/9/2022 22:00,1.522
3/9/2022 23:00,1.547
3/10/2022 0:00,1.55
3/10/2022 1:00,1.558
3/10/2022 2:00,1.578
3/10/2022 3:00,1.618
3/10/2022 4:00,1.665
3/10/2022 5:00,1.724
3/10/2022 6:00,1.764
3/10/2022 7:00,1.845
3/10/2022 8:00,1.957
3/10/2022 9:00,2.027
3/10/2022 10:00,2.146
3/10/2022 11:00,2.222
3/10/2022 12:00,2.246
3/10/2022 13:00,2.238
3/10/2022 14:00,2.208
3/10/2022 15:00,2.183
3/10/2022 16:00,2.161
3/10/2022 17:00,2.152
3/10/2022 18:00,2.125
3/10/2022 19:00,2.072
3/10/2022 20:00,1.994
3/10/2022 21:00,1.931
3/10/2022 22:00,1.836
3/10/2022 23:00,1.737
3/11/2022 0:00,1.691
3/11/2022 1:00,1.646
3/11/2022 2:00,1.587
3/11/2022 3:00,1.552
3/11/2022 4:00,1.534
3/11/2022 5:00,1.533
3/11/2022 6:00,1.524
3/11/2022 7:00,1.518
3/11/2022 8:00,1.541
3/11/2022 9:00,1.564
3/11/2022 10:00,1.547
3/11/2022 11:00,1.499
3/11/2022 12:00,1.451
3/11/2022 13:00,1.411
3/11/2022 14:00,1.356
3/11/2022 15:00,1.288
3/11/2022 16:00,1.241
3/11/2022 17:00,1.211
3/11/2022 18:00,1.141
3/11/2022 19:00,1.11
3/11/2022 20:00,1.065
3/11/2022 21:00,1.013
3/11/2022 22:00,0.966
3/11/2022 23:00,0.921
3/12/2022 0:00,0.868
3/12/2022 1:00,0.829
3/12/2022 2:00,0.788
3/12/2022 3:00,0.761
3/12/2022 4:00,0.747
3/12/2022 5:00,0.714
3/12/2022 6:00,0.635
3/12/2022 7:00,0.554
3/12/2022 8:00,0.536
3/12/2022 9:00,0.563
3/12/2022 10:00,0.581
3/12/2022 11:00,0.628
3/12/2022 12:00,0.649
3/12/2022 13:00,0.641
3/12/2022 14:00,0.652
3/12/2022 15:00,0.736
3/12/2022 16:00,0.815
3/12/2022 17:00,0.902
3/12/2022 18:00,0.974
3/12/2022 19:00,0.996
3/12/2022 20:00,0.97
3/12/2022 21:00,0.948
3/12/2022 22:00,0.924
3/12/2022 23:00,0.909
3/13/2022 0:00,0.911
3/13/2022 1:00,0.88
3/13/2022 2:00,0.844
3/13/2022 3:00,0.86
3/13/2022 4:00,0.885
3/13/2022 5:00,0.906
3/13/2022 6:00,0.917
3/13/2022 7:00,0.884
3/13/2022 8:00,0.884
3/13/2022 9:00,0.895
3/13/2022 10:00,0.876
3/13/2022 11:00,0.85
3/13/2022 12:00,0.845
3/13/2022 13:00,0.846
3/13/2022 14:00,0.873
3/13/2022 15:00,0.949
3/13/2022 16:00,1.043
3/13/2022 17:00,1.096
3/13/2022 18:00,1.128
3/13/2022 19:00,1.138
3/13/2022 20:00,1.144
3/13/2022 21:00,1.155
3/13/2022 22:00,1.156
3/13/2022 23:00,1.131
3/14/2022 0:00,1.118
3/14/2022 1:00,1.097
3/14/2022 2:00,1.129
3/14/2022 3:00,1.161
3/14/2022 4:00,1.182
3/14/2022 5:00,1.154
3/14/2022 6:00,1.011
3/14/2022 7:00,0.884
3/14/2022 8:00,0.82
3/14/2022 9:00,0.771
3/14/2022 10:00,0.798
3/14/2022 11:00,0.837
3/14/2022 12:00,0.868
3/14/2022 13:00,0.888
3/14/2022 14:00,0.926
3/14/2022 15:00,1.009
3/14/2022 16:00,1.095
3/14/2022 17:00,1.162
3/14/2022 18:00,1.18
3/14/2022 19:00,1.179
3/14/2022 20:00,1.158
3/14/2022 21:00,1.159
3/14/2022 22:00,1.181
3/14/2022 23:00,1.203
3/15/2022 0:00,1.223
3/15/2022 1:00,1.227
3/15/2022 2:00,1.237
3/15/2022 3:00,1.244
3/15/2022 4:00,1.244
3/15/2022 5:00,1.178
3/15/2022 6:00,1.037
3/15/2022 7:00,0.837
3/15/2022 8:00,0.71
3/15/2022 9:00,0.718
3/15/2022 10:00,0.75
3/15/2022 11:00,0.79
3/15/2022 12:00,0.819
3/15/2022 13:00,0.824
3/15/2022 14:00,0.85
3/15/2022 15:00,0.928
3/15/2022 16:00,1
3/15/2022 17:00,1.067
3/15/2022 18:00,1.101
3/15/2022 19:00,1.117
3/15/2022 20:00,1.123
3/15/2022 21:00,1.138
3/15/2022 22:00,1.156
3/15/2022 23:00,1.177
3/16/2022 0:00,1.199
3/16/2022 1:00,1.21
3/16/2022 2:00,1.228
3/16/2022 3:00,1.233
3/16/2022 4:00,1.257
3/16/2022 5:00,1.28
3/16/2022 6:00,1.148
3/16/2022 7:00,1.042
3/16/2022 8:00,0.974
3/16/2022 9:00,0.936
3/16/2022 10:00,0.951
3/16/2022 11:00,0.941
3/16/2022 12:00,0.924
3/16/2022 13:00,0.916
3/16/2022 14:00,0.916
3/16/2022 15:00,0.978
3/16/2022 16:00,1.041
3/16/2022 17:00,1.134
3/16/2022 18:00,1.193
3/16/2022 19:00,1.252
3/16/2022 20:00,1.295
3/16/2022 21:00,1.305
3/16/2022 22:00,1.315
3/16/2022 23:00,1.322
3/17/2022 0:00,1.328
3/17/2022 1:00,1.33
3/17/2022 2:00,1.33
3/17/2022 3:00,1.327
3/17/2022 4:00,1.312
3/17/2022 5:00,1.268
3/17/2022 6:00,1.158
3/17/2022 7:00,1.101
3/17/2022 8:00,1.126
3/17/2022 9:00,1.09
3/17/2022 10:00,1.106
3/17/2022 11:00,1.164
3/17/2022 12:00,1.204
3/17/2022 13:00,1.183
3/17/2022 14:00,1.174
3/17/2022 15:00,1.231
3/17/2022 16:00,1.289
3/17/2022 17:00,1.357
3/17/2022 18:00,1.432
3/17/2022 19:00,1.516
3/17/2022 20:00,1.607
3/17/2022 21:00,1.716
3/17/2022 22:00,1.806
3/17/2022 23:00,1.864
3/18/2022 0:00,1.91
3/18/2022 1:00,1.953
3/18/2022 2:00,1.999
3/18/2022 3:00,2.043
3/18/2022 4:00,2.073
3/18/2022 5:00,2.138
3/18/2022 6:00,2.157
3/18/2022 7:00,2.183
3/18/2022 8:00,2.18
3/18/2022 9:00,2.099
3/18/2022 10:00,1.994
3/18/2022 11:00,1.957
3/18/2022 12:00,1.875
3/18/2022 13:00,1.773
3/18/2022 14:00,1.721
3/18/2022 15:00,1.709
3/18/2022 16:00,1.619
3/18/2022 17:00,1.506
3/18/2022 18:00,1.386
3/18/2022 19:00,1.32
3/18/2022 20:00,1.227
3/18/2022 21:00,1.14
3/18/2022 22:00,1.101
3/18/2022 23:00,1.093
3/19/2022 0:00,1.101
3/19/2022 1:00,1.109
3/19/2022 2:00,1.103
3/19/2022 3:00,1.149
3/19/2022 4:00,1.221
3/19/2022 5:00,1.308
3/19/2022 6:00,1.303
3/19/2022 7:00,1.222
3/19/2022 8:00,1.204
3/19/2022 9:00,1.275
3/19/2022 10:00,1.398
3/19/2022 11:00,1.562
3/19/2022 12:00,1.695
3/19/2022 13:00,1.755
3/19/2022 14:00,1.801
3/19/2022 15:00,1.898
3/19/2022 16:00,1.997
3/19/2022 17:00,2.048
3/19/2022 18:00,2.049
3/19/2022 19:00,2.039
3/19/2022 20:00,2.027
3/19/2022 21:00,1.986
3/19/2022 22:00,1.937
3/19/2022 23:00,1.869
3/20/2022 0:00,1.811
3/20/2022 1:00,1.72
3/20/2022 2:00,1.682
3/20/2022 3:00,1.668
3/20/2022 4:00,1.621
3/20/2022 5:00,1.559
3/20/2022 6:00,1.405
3/20/2022 7:00,1.266
3/20/2022 8:00,1.228
3/20/2022 9:00,1.163
3/20/2022 10:00,1.138
3/20/2022 11:00,1.128
3/20/2022 12:00,1.105
3/20/2022 13:00,1.068
3/20/2022 14:00,1.062
3/20/2022 15:00,1.156
3/20/2022 16:00,1.179
3/20/2022 17:00,1.164
3/20/2022 18:00,1.155
3/20/2022 19:00,1.152
3/20/2022 20:00,1.157
3/20/2022 21:00,1.142
3/20/2022 22:00,1.125
3/20/2022 23:00,1.145
3/21/2022 0:00,1.216
3/21/2022 1:00,1.337
3/21/2022 2:00,1.401
3/21/2022 3:00,1.439
3/21/2022 4:00,1.467
3/21/2022 5:00,1.469
3/21/2022 6:00,1.342
3/21/2022 7:00,1.221
3/21/2022 8:00,1.255
3/21/2022 9:00,1.348
3/21/2022 10:00,1.419
3/21/2022 11:00,1.461
3/21/2022 12:00,1.496
3/21/2022 13:00,1.5
3/21/2022 14:00,1.478
3/21/2022 15:00,1.486
3/21/2022 16:00,1.56
3/21/2022 17:00,1.605
3/21/2022 18:00,1.586
3/21/2022 19:00,1.548
3/21/2022 20:00,1.511
3/21/2022 21:00,1.486
3/21/2022 22:00,1.441
3/21/2022 23:00,1.392
3/22/2022 0:00,1.349
3/22/2022 1:00,1.337
3/22/2022 2:00,1.321
3/22/2022 3:00,1.312
3/22/2022 4:00,1.341
3/22/2022 5:00,1.333
3/22/2022 6:00,1.28
3/22/2022 7:00,1.273
3/22/2022 8:00,1.27
3/22/2022 9:00,1.267
3/22/2022 10:00,1.287
3/22/2022 11:00,1.297
3/22/2022 12:00,1.28
3/22/2022 13:00,1.225
3/22/2022 14:00,1.162
3/22/2022 15:00,1.185
3/22/2022 16:00,1.296
3/22/2022 17:00,1.408
3/22/2022 18:00,1.453
3/22/2022 19:00,1.47
3/22/2022 20:00,1.452
3/22/2022 21:00,1.419
3/22/2022 22:00,1.402
3/22/2022 23:00,1.388
3/23/2022 0:00,1.345
3/23/2022 1:00,1.31
3/23/2022 2:00,1.308
3/23/2022 3:00,1.334
3/23/2022 4:00,1.347
3/23/2022 5:00,1.322
3/23/2022 6:00,1.301
3/23/2022 7:00,1.272
3/23/2022 8:00,1.245
3/23/2022 9:00,1.188
3/23/2022 10:00,1.157
3/23/2022 11:00,1.123
3/23/2022 12:00,1.059
3/23/2022 13:00,1.011
3/23/2022 14:00,0.968
3/23/2022 15:00,0.996
3/23/2022 16:00,1.112
3/23/2022 17:00,1.203
3/23/2022 18:00,1.298
3/23/2022 19:00,1.364
3/23/2022 20:00,1.398
3/23/2022 21:00,1.466
3/23/2022 22:00,1.546
3/23/2022 23:00,1.578
3/24/2022 0:00,1.599
3/24/2022 1:00,1.651
3/24/2022 2:00,1.69
3/24/2022 3:00,1.74
3/24/2022 4:00,1.784
3/24/2022 5:00,1.788
3/24/2022 6:00,1.675
3/24/2022 7:00,1.627
3/24/2022 8:00,1.595
3/24/2022 9:00,1.486
3/24/2022 10:00,1.433
3/24/2022 11:00,1.352
3/24/2022 12:00,1.261
3/24/2022 13:00,1.162
3/24/2022 14:00,1.062
3/24/2022 15:00,0.975
3/24/2022 16:00,0.958
3/24/2022 17:00,0.968
3/24/2022 18:00,0.982
3/24/2022 19:00,0.985
3/24/2022 20:00,0.976
3/24/2022 21:00,0.981
3/24/2022 22:00,0.988
3/24/2022 23:00,0.993
3/25/2022 0:00,1.024
3/25/2022 1:00,1.055
3/25/2022 2:00,1.105
3/25/2022 3:00,1.155
3/25/2022 4:00,1.267
3/25/2022 5:00,1.424
3/25/2022 6:00,1.569
3/25/2022 7:00,1.631
3/25/2022 8:00,1.677
3/25/2022 9:00,1.702
3/25/2022 10:00,1.742
3/25/2022 11:00,1.787
3/25/2022 12:00,1.866
3/25/2022 13:00,1.879
3/25/2022 14:00,1.889
3/25/2022 15:00,1.95
3/25/2022 16:00,2.022
3/25/2022 17:00,2.096
3/25/2022 18:00,2.218
3/25/2022 19:00,2.314
3/25/2022 20:00,2.378
3/25/2022 21:00,2.421
3/25/2022 22:00,2.575
3/25/2022 23:00,2.891
3/26/2022 0:00,3.041
3/26/2022 1:00,3.106
3/26/2022 2:00,3.213
3/26/2022 3:00,3.27
3/26/2022 4:00,3.338
3/26/2022 5:00,3.442
3/26/2022 6:00,3.613
3/26/2022 7:00,3.753
3/26/2022 8:00,3.904
3/26/2022 9:00,4.062
3/26/2022 10:00,4.14
3/26/2022 11:00,4.164
3/26/2022 12:00,4.16
3/26/2022 13:00,4.15
3/26/2022 14:00,4.085
3/26/2022 15:00,3.925
3/26/2022 16:00,3.723
3/26/2022 17:00,3.523
3/26/2022 18:00,3.324
3/26/2022 19:00,3.126
3/26/2022 20:00,2.88
3/26/2022 21:00,2.673
3/26/2022 22:00,2.5
3/26/2022 23:00,2.374
3/27/2022 0:00,2.288
3/27/2022 1:00,2.19
3/27/2022 2:00,2.057
3/27/2022 3:00,1.902
3/27/2022 4:00,1.744
3/27/2022 5:00,1.63
3/27/2022 6:00,1.558
3/27/2022 7:00,1.531
3/27/2022 8:00,1.52
3/27/2022 9:00,1.493
3/27/2022 10:00,1.48
3/27/2022 11:00,1.487
3/27/2022 12:00,1.525
3/27/2022 13:00,1.58
3/27/2022 14:00,1.656
3/27/2022 15:00,1.807
3/27/2022 16:00,1.984
3/27/2022 17:00,2.205
3/27/2022 18:00,2.466
3/27/2022 19:00,2.598
3/27/2022 20:00,2.554
3/27/2022 21:00,2.453
3/27/2022 22:00,2.318
3/27/2022 23:00,2.221
3/28/2022 0:00,2.174
3/28/2022 1:00,2.207
3/28/2022 2:00,2.257
3/28/2022 3:00,2.417
3/28/2022 4:00,2.361
3/28/2022 5:00,2.326
3/28/2022 6:00,2.338
3/28/2022 7:00,2.349
3/28/2022 8:00,2.362
3/28/2022 9:00,2.337
3/28/2022 10:00,2.294
3/28/2022 11:00,2.263
3/28/2022 12:00,2.207
3/28/2022 13:00,2.085
3/28/2022 14:00,1.977
3/28/2022 15:00,1.846
3/28/2022 16:00,1.73
3/28/2022 17:00,1.852
3/28/2022 18:00,1.971
3/28/2022 19:00,1.898
3/28/2022 20:00,1.732
3/28/2022 21:00,1.611
3/28/2022 22:00,1.534
3/28/2022 23:00,1.493
3/29/2022 0:00,1.458
3/29/2022 1:00,1.407
3/29/2022 2:00,1.377
3/29/2022 3:00,1.347
3/29/2022 4:00,1.333
3/29/2022 5:00,1.324
3/29/2022 6:00,1.309
3/29/2022 7:00,1.348
3/29/2022 8:00,1.368
3/29/2022 9:00,1.355
3/29/2022 10:00,1.364
3/29/2022 11:00,1.397
3/29/2022 12:00,1.441
3/29/2022 13:00,1.475
3/29/2022 14:00,1.487
3/29/2022 15:00,1.461
3/29/2022 16:00,1.431
3/29/2022 17:00,1.458
3/29/2022 18:00,1.481
3/29/2022 19:00,1.513
3/29/2022 20:00,1.541
3/29/2022 21:00,1.568
3/29/2022 22:00,1.557
3/29/2022 23:00,1.589
3/30/2022 0:00,1.653
3/30/2022 1:00,1.692
3/30/2022 2:00,1.718
3/30/2022 3:00,1.676
3/30/2022 4:00,1.64
3/30/2022 5:00,1.618
3/30/2022 6:00,1.66
3/30/2022 7:00,1.748
3/30/2022 8:00,1.84
3/30/2022 9:00,1.849
3/30/2022 10:00,1.846
3/30/2022 11:00,1.84
3/30/2022 12:00,1.813
3/30/2022 13:00,1.754
3/30/2022 14:00,1.617
3/30/2022 15:00,1.461
3/30/2022 16:00,1.358
3/30/2022 17:00,1.335
3/30/2022 18:00,1.308
3/30/2022 19:00,1.256
3/30/2022 20:00,1.208
3/30/2022 21:00,1.169
3/30/2022 22:00,1.123
3/30/2022 23:00,1.08
3/31/2022 0:00,1.036
3/31/2022 1:00,0.984
3/31/2022 2:00,0.954
3/31/2022 3:00,0.921
3/31/2022 4:00,0.888
3/31/2022 5:00,0.847
3/31/2022 6:00,0.846
3/31/2022 7:00,0.856
3/31/2022 8:00,0.845
3/31/2022 9:00,0.814
3/31/2022 10:00,0.763
3/31/2022 11:00,0.743
3/31/2022 12:00,0.769
3/31/2022 13:00,0.781
3/31/2022 14:00,0.752
3/31/2022 15:00,0.746
3/31/2022 16:00,0.905
3/31/2022 17:00,1.063
3/31/2022 18:00,1.103
3/31/2022 19:00,1.087
3/31/2022 20:00,1.035
3/31/2022 21:00,0.974
3/31/2022 22:00,0.914
3/31/2022 23:00,0.859
4/1/2022 0:00,0.816
4/1/2022 1:00,0.77
4/1/2022 2:00,0.732
4/1/2022 3:00,0.735
4/1/2022 4:00,0.739
4/1/2022 5:00,0.689
4/1/2022 6:00,0.668
4/1/2022 7:00,0.681
4/1/2022 8:00,0.677
4/1/2022 9:00,0.651
4/1/2022 10:00,0.609
4/1/2022 11:00,0.573
4/1/2022 12:00,0.538
4/1/2022 13:00,0.53
4/1/2022 14:00,0.533
4/1/2022 15:00,0.571
4/1/2022 16:00,0.766
4/1/2022 17:00,0.96
4/1/2022 18:00,1.053
4/1/2022 19:00,1.1
4/1/2022 20:00,1.113
4/1/2022 21:00,1.106
4/1/2022 22:00,1.112
4/1/2022 23:00,1.119
4/2/2022 0:00,1.14
4/2/2022 1:00,1.186
4/2/2022 2:00,1.23
4/2/2022 3:00,1.256
4/2/2022 4:00,1.245
4/2/2022 5:00,1.11
4/2/2022 6:00,1.053
4/2/2022 7:00,1.084
4/2/2022 8:00,1.087
4/2/2022 9:00,1.065
4/2/2022 10:00,1.016
4/2/2022 11:00,0.985
4/2/2022 12:00,1.014
4/2/2022 13:00,1.053
4/2/2022 14:00,1.029
4/2/2022 15:00,1.032
4/2/2022 16:00,1.166
4/2/2022 17:00,1.36
4/2/2022 18:00,1.453
4/2/2022 19:00,1.462
4/2/2022 20:00,1.454
4/2/2022 21:00,1.432
4/2/2022 22:00,1.396
4/2/2022 23:00,1.389
4/3/2022 0:00,1.401
4/3/2022 1:00,1.383
4/3/2022 2:00,1.35
4/3/2022 3:00,1.27
4/3/2022 4:00,1.189
4/3/2022 5:00,1.097
4/3/2022 6:00,1.057
4/3/2022 7:00,1.073
4/3/2022 8:00,1.069
4/3/2022 9:00,1.036
4/3/2022 10:00,1.031
4/3/2022 11:00,1.085
4/3/2022 12:00,1.135
4/3/2022 13:00,1.13
4/3/2022 14:00,1.082
4/3/2022 15:00,1.099
4/3/2022 16:00,1.199
4/3/2022 17:00,1.357
4/3/2022 18:00,1.407
4/3/2022 19:00,1.388
4/3/2022 20:00,1.355
4/3/2022 21:00,1.345
4/3/2022 22:00,1.383
4/3/2022 23:00,1.442
4/4/2022 0:00,1.49
4/4/2022 1:00,1.552
4/4/2022 2:00,1.628
4/4/2022 3:00,1.651
4/4/2022 4:00,1.732
4/4/2022 5:00,1.731
4/4/2022 6:00,1.801
4/4/2022 7:00,1.916
4/4/2022 8:00,1.95
4/4/2022 9:00,2.014
4/4/2022 10:00,2.098
4/4/2022 11:00,2.196
4/4/2022 12:00,2.187
4/4/2022 13:00,2.142
4/4/2022 14:00,2.089
4/4/2022 15:00,2.025
4/4/2022 16:00,2.038
4/4/2022 17:00,2.115
4/4/2022 18:00,2.205
4/4/2022 19:00,2.26
4/4/2022 20:00,2.267
4/4/2022 21:00,2.267
4/4/2022 22:00,2.292
4/4/2022 23:00,2.368
4/5/2022 0:00,2.407
4/5/2022 1:00,2.431
4/5/2022 2:00,2.504
4/5/2022 3:00,2.53
4/5/2022 4:00,2.451
4/5/2022 5:00,2.329
4/5/2022 6:00,2.31
4/5/2022 7:00,2.338
4/5/2022 8:00,2.331
4/5/2022 9:00,2.36
4/5/2022 10:00,2.474
4/5/2022 11:00,2.71
4/5/2022 12:00,2.986
4/5/2022 13:00,3.221
4/5/2022 14:00,3.347
4/5/2022 15:00,3.31
4/5/2022 16:00,3.188
4/5/2022 17:00,3.054
4/5/2022 18:00,2.925
4/5/2022 19:00,2.78
4/5/2022 20:00,2.618
4/5/2022 21:00,2.423
4/5/2022 22:00,2.263
4/5/2022 23:00,2.142
4/6/2022 0:00,2.097
4/6/2022 1:00,2.022
4/6/2022 2:00,1.951
4/6/2022 3:00,1.888
4/6/2022 4:00,1.853
4/6/2022 5:00,1.884
4/6/2022 6:00,1.978
4/6/2022 7:00,2.085
4/6/2022 8:00,2.169
4/6/2022 9:00,2.208
4/6/2022 10:00,2.253
4/6/2022 11:00,2.286
4/6/2022 12:00,2.263
4/6/2022 13:00,2.198
4/6/2022 14:00,2.075
4/6/2022 15:00,1.932
4/6/2022 16:00,1.831
4/6/2022 17:00,1.789
4/6/2022 18:00,1.761
4/6/2022 19:00,1.727
4/6/2022 20:00,1.68
4/6/2022 21:00,1.595
4/6/2022 22:00,1.512
4/6/2022 23:00,1.428
4/7/2022 0:00,1.34
4/7/2022 1:00,1.269
4/7/2022 2:00,1.24
4/7/2022 3:00,1.216
4/7/2022 4:00,1.241
4/7/2022 5:00,1.305
4/7/2022 6:00,1.375
4/7/2022 7:00,1.533
4/7/2022 8:00,1.631
4/7/2022 9:00,1.575
4/7/2022 10:00,1.423
4/7/2022 11:00,1.231
4/7/2022 12:00,1.086
4/7/2022 13:00,0.981
4/7/2022 14:00,0.937
4/7/2022 15:00,0.994
4/7/2022 16:00,1.132
4/7/2022 17:00,1.348
4/7/2022 18:00,1.545
4/7/2022 19:00,1.69
4/7/2022 20:00,1.825
4/7/2022 21:00,2.002
4/7/2022 22:00,2.152
4/7/2022 23:00,2.297
4/8/2022 0:00,2.401
4/8/2022 1:00,2.497
4/8/2022 2:00,2.488
4/8/2022 3:00,2.415
4/8/2022 4:00,2.359
4/8/2022 5:00,2.352
4/8/2022 6:00,2.235
4/8/2022 7:00,2.146
4/8/2022 8:00,2.149
4/8/2022 9:00,2.202
4/8/2022 10:00,2.239
4/8/2022 11:00,2.273
4/8/2022 12:00,2.239
4/8/2022 13:00,2.172
4/8/2022 14:00,2.152
4/8/2022 15:00,2.287
4/8/2022 16:00,2.235
4/8/2022 17:00,2.18
4/8/2022 18:00,2.173
4/8/2022 19:00,2.157
4/8/2022 20:00,2.17
4/8/2022 21:00,2.193
4/8/2022 22:00,2.169
4/8/2022 23:00,2.157
4/9/2022 0:00,2.184
4/9/2022 1:00,2.182
4/9/2022 2:00,2.188
4/9/2022 3:00,2.212
4/9/2022 4:00,2.241
4/9/2022 5:00,2.281
4/9/2022 6:00,2.341
4/9/2022 7:00,2.359
4/9/2022 8:00,2.379
4/9/2022 9:00,2.306
4/9/2022 10:00,2.26
4/9/2022 11:00,2.206
4/9/2022 12:00,2.168
4/9/2022 13:00,2.102
4/9/2022 14:00,2.017
4/9/2022 15:00,1.949
4/9/2022 16:00,1.864
4/9/2022 17:00,1.909
4/9/2022 18:00,2.041
4/9/2022 19:00,2.055
4/9/2022 20:00,2.04
4/9/2022 21:00,2.045
4/9/2022 22:00,2.011
4/9/2022 23:00,1.982
4/10/2022 0:00,1.908
4/10/2022 1:00,1.887
4/10/2022 2:00,1.838
4/10/2022 3:00,1.863
4/10/2022 4:00,1.871
4/10/2022 5:00,1.869
4/10/2022 6:00,1.92
4/10/2022 7:00,2.002
4/10/2022 8:00,1.984
4/10/2022 9:00,1.883
4/10/2022 10:00,1.841
4/10/2022 11:00,1.818
4/10/2022 12:00,1.798
4/10/2022 13:00,1.755
4/10/2022 14:00,1.718
4/10/2022 15:00,1.752
4/10/2022 16:00,1.82
4/10/2022 17:00,1.9
4/10/2022 18:00,1.978
4/10/2022 19:00,2.056
4/10/2022 20:00,2.148
4/10/2022 21:00,2.2
4/10/2022 22:00,2.267
4/10/2022 23:00,2.297
4/11/2022 0:00,2.282
4/11/2022 1:00,2.215
4/11/2022 2:00,2.152
4/11/2022 3:00,2.056
4/11/2022 4:00,1.946
4/11/2022 5:00,1.794
4/11/2022 6:00,1.664
4/11/2022 7:00,1.54
4/11/2022 8:00,1.466
4/11/2022 9:00,1.453
4/11/2022 10:00,1.445
4/11/2022 11:00,1.438
4/11/2022 12:00,1.411
4/11/2022 13:00,1.343
4/11/2022 14:00,1.234
4/11/2022 15:00,1.115
4/11/2022 16:00,1.046
4/11/2022 17:00,1.09
4/11/2022 18:00,1.169
4/11/2022 19:00,1.214
4/11/2022 20:00,1.227
4/11/2022 21:00,1.236
4/11/2022 22:00,1.253
4/11/2022 23:00,1.27
4/12/2022 0:00,1.276
4/12/2022 1:00,1.268
4/12/2022 2:00,1.256
4/12/2022 3:00,1.243
4/12/2022 4:00,1.175
4/12/2022 5:00,1.043
4/12/2022 6:00,0.919
4/12/2022 7:00,0.895
4/12/2022 8:00,0.911
4/12/2022 9:00,0.925
4/12/2022 10:00,0.933
4/12/2022 11:00,0.922
4/12/2022 12:00,0.892
4/12/2022 13:00,0.834
4/12/2022 14:00,0.775
4/12/2022 15:00,0.724
4/12/2022 16:00,0.759
4/12/2022 17:00,0.843
4/12/2022 18:00,0.928
4/12/2022 19:00,0.994
4/12/2022 20:00,1.018
4/12/2022 21:00,1.045
4/12/2022 22:00,1.076
4/12/2022 23:00,1.121
4/13/2022 0:00,1.173
4/13/2022 1:00,1.194
4/13/2022 2:00,1.203
4/13/2022 3:00,1.155
4/13/2022 4:00,0.991
4/13/2022 5:00,0.766
4/13/2022 6:00,0.683
4/13/2022 7:00,0.658
4/13/2022 8:00,0.606
4/13/2022 9:00,0.599
4/13/2022 10:00,0.618
4/13/2022 11:00,0.659
4/13/2022 12:00,0.699
4/13/2022 13:00,0.706
4/13/2022 14:00,0.696
4/13/2022 15:00,0.699
4/13/2022 16:00,0.802
4/13/2022 17:00,0.87
4/13/2022 18:00,0.896
4/13/2022 19:00,0.908
4/13/2022 20:00,0.913
4/13/2022 21:00,0.912
4/13/2022 22:00,0.913
4/13/2022 23:00,0.934
4/14/2022 0:00,0.914
4/14/2022 1:00,0.88
4/14/2022 2:00,0.844
4/14/2022 3:00,0.835
4/14/2022 4:00,0.772
4/14/2022 5:00,0.756
4/14/2022 6:00,0.804
4/14/2022 7:00,0.828
4/14/2022 8:00,0.865
4/14/2022 9:00,0.911
4/14/2022 10:00,0.904
4/14/2022 11:00,0.868
4/14/2022 12:00,0.808
4/14/2022 13:00,0.71
4/14/2022 14:00,0.627
4/14/2022 15:00,0.651
4/14/2022 16:00,0.766
4/14/2022 17:00,0.998
4/14/2022 18:00,1.136
4/14/2022 19:00,1.161
4/14/2022 20:00,1.152
4/14/2022 21:00,1.185
4/14/2022 22:00,1.171
4/14/2022 23:00,1.193
4/15/2022 0:00,1.25
4/15/2022 1:00,1.331
4/15/2022 2:00,1.395
4/15/2022 3:00,1.529
4/15/2022 4:00,1.663
4/15/2022 5:00,1.723
4/15/2022 6:00,1.721
4/15/2022 7:00,1.638
4/15/2022 8:00,1.589
4/15/2022 9:00,1.569
4/15/2022 10:00,1.576
4/15/2022 11:00,1.602
4/15/2022 12:00,1.638
4/15/2022 13:00,1.668
4/15/2022 14:00,1.666
4/15/2022 15:00,1.591
4/15/2022 16:00,1.477
4/15/2022 17:00,1.41
4/15/2022 18:00,1.402
4/15/2022 19:00,1.406
4/15/2022 20:00,1.442
4/15/2022 21:00,1.482
4/15/2022 22:00,1.472
4/15/2022 23:00,1.428
4/16/2022 0:00,1.396
4/16/2022 1:00,1.376
4/16/2022 2:00,1.359
4/16/2022 3:00,1.335
4/16/2022 4:00,1.294
4/16/2022 5:00,1.188
4/16/2022 6:00,1.062
4/16/2022 7:00,0.908
4/16/2022 8:00,0.836
4/16/2022 9:00,0.805
4/16/2022 10:00,0.773
4/16/2022 11:00,0.739
4/16/2022 12:00,0.696
4/16/2022 13:00,0.651
4/16/2022 14:00,0.608
4/16/2022 15:00,0.536
4/16/2022 16:00,0.603
4/16/2022 17:00,0.763
4/16/2022 18:00,0.772
4/16/2022 19:00,0.768
4/16/2022 20:00,0.895
4/16/2022 21:00,0.985
4/16/2022 22:00,1.036
4/16/2022 23:00,1.043
4/17/2022 0:00,1.036
4/17/2022 1:00,1.024
4/17/2022 2:00,1.013
4/17/2022 3:00,0.937
4/17/2022 4:00,0.8
4/17/2022 5:00,0.699
4/17/2022 6:00,0.689
4/17/2022 7:00,0.806
4/17/2022 8:00,0.832
4/17/2022 9:00,0.859
4/17/2022 10:00,0.89
4/17/2022 11:00,0.91
4/17/2022 12:00,0.897
4/17/2022 13:00,0.864
4/17/2022 14:00,0.828
4/17/2022 15:00,0.824
4/17/2022 16:00,0.92
4/17/2022 17:00,1.047
4/17/2022 18:00,1.08
4/17/2022 19:00,1.073
4/17/2022 20:00,1.073
4/17/2022 21:00,1.035
4/17/2022 22:00,0.995
4/17/2022 23:00,0.999
4/18/2022 0:00,0.982
4/18/2022 1:00,0.954
4/18/2022 2:00,0.933
4/18/2022 3:00,0.902
4/18/2022 4:00,0.805
4/18/2022 5:00,0.7
4/18/2022 6:00,0.609
4/18/2022 7:00,0.574
4/18/2022 8:00,0.561
4/18/2022 9:00,0.546
4/18/2022 10:00,0.526
4/18/2022 11:00,0.516
4/18/2022 12:00,0.515
4/18/2022 13:00,0.505
4/18/2022 14:00,0.485
4/18/2022 15:00,0.482
4/18/2022 16:00,0.587
4/18/2022 17:00,0.759
4/18/2022 18:00,0.789
4/18/2022 19:00,0.786
4/18/2022 20:00,0.807
4/18/2022 21:00,0.857
4/18/2022 22:00,0.874
4/18/2022 23:00,0.843
4/19/2022 0:00,0.845
4/19/2022 1:00,0.821
4/19/2022 2:00,0.835
4/19/2022 3:00,0.902
4/19/2022 4:00,0.769
4/19/2022 5:00,0.649
4/19/2022 6:00,0.591
4/19/2022 7:00,0.596
4/19/2022 8:00,0.581
4/19/2022 9:00,0.544
4/19/2022 10:00,0.537
4/19/2022 11:00,0.539
4/19/2022 12:00,0.548
4/19/2022 13:00,0.573
4/19/2022 14:00,0.574
4/19/2022 15:00,0.573
4/19/2022 16:00,0.638
4/19/2022 17:00,0.863
4/19/2022 18:00,0.989
4/19/2022 19:00,1.036
4/19/2022 20:00,1.085
4/19/2022 21:00,1.109
4/19/2022 22:00,1.122
4/19/2022 23:00,1.159
4/20/2022 0:00,1.204
4/20/2022 1:00,1.242
4/20/2022 2:00,1.279
4/20/2022 3:00,1.221
4/20/2022 4:00,1.093
4/20/2022 5:00,0.939
4/20/2022 6:00,0.888
4/20/2022 7:00,0.934
4/20/2022 8:00,1.001
4/20/2022 9:00,1.017
4/20/2022 10:00,1.021
4/20/2022 11:00,1.016
4/20/2022 12:00,1.009
4/20/2022 13:00,1.004
4/20/2022 14:00,0.968
4/20/2022 15:00,0.933
4/20/2022 16:00,0.952
4/20/2022 17:00,1.076
4/20/2022 18:00,1.205
4/20/2022 19:00,1.235
4/20/2022 20:00,1.246
4/20/2022 21:00,1.227
4/20/2022 22:00,1.217
4/20/2022 23:00,1.216
4/21/2022 0:00,1.223
4/21/2022 1:00,1.224
4/21/2022 2:00,1.238
4/21/2022 3:00,1.268
4/21/2022 4:00,1.25
4/21/2022 5:00,1.237
4/21/2022 6:00,1.267
4/21/2022 7:00,1.337
4/21/2022 8:00,1.37
4/21/2022 9:00,1.337
4/21/2022 10:00,1.232
4/21/2022 11:00,1.159
4/21/2022 12:00,1.091
4/21/2022 13:00,1.033
4/21/2022 14:00,0.958
4/21/2022 15:00,0.888
4/21/2022 16:00,0.888
4/21/2022 17:00,1.056
4/21/2022 18:00,1.162
4/21/2022 19:00,1.17
4/21/2022 20:00,1.156
4/21/2022 21:00,1.134
4/21/2022 22:00,1.129
4/21/2022 23:00,1.139
4/22/2022 0:00,1.171
4/22/2022 1:00,1.178
4/22/2022 2:00,1.156
4/22/2022 3:00,1.048
4/22/2022 4:00,0.868
4/22/2022 5:00,0.735
4/22/2022 6:00,0.757
4/22/2022 7:00,0.74
4/22/2022 8:00,0.668
4/22/2022 9:00,0.594
4/22/2022 10:00,0.564
4/22/2022 11:00,0.57
4/22/2022 12:00,0.592
4/22/2022 13:00,0.633
4/22/2022 14:00,0.683
4/22/2022 15:00,0.727
4/22/2022 16:00,0.79
4/22/2022 17:00,0.973
4/22/2022 18:00,1.034
4/22/2022 19:00,1
4/22/2022 20:00,0.959
4/22/2022 21:00,0.964
4/22/2022 22:00,1.009
4/22/2022 23:00,1.071
4/23/2022 0:00,1.089
4/23/2022 1:00,1.13
4/23/2022 2:00,1.177
4/23/2022 3:00,1.233
4/23/2022 4:00,1.272
4/23/2022 5:00,1.307
4/23/2022 6:00,1.358
4/23/2022 7:00,1.404
4/23/2022 8:00,1.446
4/23/2022 9:00,1.481
4/23/2022 10:00,1.499
4/23/2022 11:00,1.506
4/23/2022 12:00,1.495
4/23/2022 13:00,1.472
4/23/2022 14:00,1.448
4/23/2022 15:00,1.402
4/23/2022 16:00,1.346
4/23/2022 17:00,1.336
4/23/2022 18:00,1.373
4/23/2022 19:00,1.382
4/23/2022 20:00,1.43
4/23/2022 21:00,1.498
4/23/2022 22:00,1.58
4/23/2022 23:00,1.635
4/24/2022 0:00,1.685
4/24/2022 1:00,1.734
4/24/2022 2:00,1.798
4/24/2022 3:00,1.831
4/24/2022 4:00,1.869
4/24/2022 5:00,1.897
4/24/2022 6:00,1.917
4/24/2022 7:00,1.869
4/24/2022 8:00,1.756
4/24/2022 9:00,1.618
4/24/2022 10:00,1.546
4/24/2022 11:00,1.489
4/24/2022 12:00,1.445
4/24/2022 13:00,1.411
4/24/2022 14:00,1.37
4/24/2022 15:00,1.295
4/24/2022 16:00,1.197
4/24/2022 17:00,1.223
4/24/2022 18:00,1.312
4/24/2022 19:00,1.329
4/24/2022 20:00,1.376
4/24/2022 21:00,1.425
4/24/2022 22:00,1.403
4/24/2022 23:00,1.367
4/25/2022 0:00,1.339
4/25/2022 1:00,1.306
4/25/2022 2:00,1.318
4/25/2022 3:00,1.296
4/25/2022 4:00,1.216
4/25/2022 5:00,1.146
4/25/2022 6:00,1.079
4/25/2022 7:00,0.973
4/25/2022 8:00,0.877
4/25/2022 9:00,0.785
4/25/2022 10:00,0.701
4/25/2022 11:00,0.636
4/25/2022 12:00,0.637
4/25/2022 13:00,0.698
4/25/2022 14:00,0.753
4/25/2022 15:00,0.762
4/25/2022 16:00,0.77
4/25/2022 17:00,0.937
4/25/2022 18:00,1.047
4/25/2022 19:00,1.073
4/25/2022 20:00,1.133
4/25/2022 21:00,1.194
4/25/2022 22:00,1.264
4/25/2022 23:00,1.356
4/26/2022 0:00,1.469
4/26/2022 1:00,1.548
4/26/2022 2:00,1.614
4/26/2022 3:00,1.679
4/26/2022 4:00,1.699
4/26/2022 5:00,1.773
4/26/2022 6:00,1.84
4/26/2022 7:00,1.843
4/26/2022 8:00,1.84
4/26/2022 9:00,1.827
4/26/2022 10:00,1.801
4/26/2022 11:00,1.771
4/26/2022 12:00,1.736
4/26/2022 13:00,1.679
4/26/2022 14:00,1.593
4/26/2022 15:00,1.459
4/26/2022 16:00,1.312
4/26/2022 17:00,1.244
4/26/2022 18:00,1.309
4/26/2022 19:00,1.377
4/26/2022 20:00,1.426
4/26/2022 21:00,1.491
4/26/2022 22:00,1.506
4/26/2022 23:00,1.492
4/27/2022 0:00,1.454
4/27/2022 1:00,1.405
4/27/2022 2:00,1.387
4/27/2022 3:00,1.307
4/27/2022 4:00,1.127
4/27/2022 5:00,1.128
4/27/2022 6:00,1.151
4/27/2022 7:00,1.146
4/27/2022 8:00,1.131
4/27/2022 9:00,1.087
4/27/2022 10:00,1.039
4/27/2022 11:00,1.037
4/27/2022 12:00,1.073
4/27/2022 13:00,1.112
4/27/2022 14:00,1.114
4/27/2022 15:00,1.051
4/27/2022 16:00,0.987
4/27/2022 17:00,1.045
4/27/2022 18:00,1.196
4/27/2022 19:00,1.319
4/27/2022 20:00,1.417
4/27/2022 21:00,1.463
4/27/2022 22:00,1.447
4/27/2022 23:00,1.438
4/28/2022 0:00,1.404
4/28/2022 1:00,1.375
4/28/2022 2:00,1.354
4/28/2022 3:00,1.309
4/28/2022 4:00,1.194
4/28/2022 5:00,1.213
4/28/2022 6:00,1.213
4/28/2022 7:00,1.237
4/28/2022 8:00,1.332
4/28/2022 9:00,1.439
4/28/2022 10:00,1.536
4/28/2022 11:00,1.604
4/28/2022 12:00,1.654
4/28/2022 13:00,1.735
4/28/2022 14:00,1.811
4/28/2022 15:00,1.815
4/28/2022 16:00,1.747
4/28/2022 17:00,1.685
4/28/2022 18:00,1.645
4/28/2022 19:00,1.586
4/28/2022 20:00,1.526
4/28/2022 21:00,1.501
4/28/2022 22:00,1.536
4/28/2022 23:00,1.539
4/29/2022 0:00,1.543
4/29/2022 1:00,1.509
4/29/2022 2:00,1.504
4/29/2022 3:00,1.471
4/29/2022 4:00,1.379
4/29/2022 5:00,1.338
4/29/2022 6:00,1.357
4/29/2022 7:00,1.349
4/29/2022 8:00,1.292
4/29/2022 9:00,1.231
4/29/2022 10:00,1.211
4/29/2022 11:00,1.222
4/29/2022 12:00,1.248
4/29/2022 13:00,1.244
4/29/2022 14:00,1.197
4/29/2022 15:00,1.101
4/29/2022 16:00,1.033
4/29/2022 17:00,1.059
4/29/2022 18:00,1.206
4/29/2022 19:00,1.373
4/29/2022 20:00,1.449
4/29/2022 21:00,1.462
4/29/2022 22:00,1.443
4/29/2022 23:00,1.426
4/30/2022 0:00,1.357
4/30/2022 1:00,1.298
4/30/2022 2:00,1.28
4/30/2022 3:00,1.269
4/30/2022 4:00,1.189
4/30/2022 5:00,1.3
4/30/2022 6:00,1.45
4/30/2022 7:00,1.561
4/30/2022 8:00,1.67
4/30/2022 9:00,1.736
4/30/2022 10:00,1.765
4/30/2022 11:00,1.744
4/30/2022 12:00,1.691
4/30/2022 13:00,1.615
4/30/2022 14:00,1.487
4/30/2022 15:00,1.332
4/30/2022 16:00,1.204
4/30/2022 17:00,1.154
4/30/2022 18:00,1.231
4/30/2022 19:00,1.248
4/30/2022 20:00,1.237
4/30/2022 21:00,1.227
4/30/2022 22:00,1.189
4/30/2022 23:00,1.158
5/1/2022 0:00,1.113
5/1/2022 1:00,1.064
5/1/2022 2:00,0.986
5/1/2022 3:00,0.933
5/1/2022 4:00,0.869
5/1/2022 5:00,0.792
5/1/2022 6:00,0.761
5/1/2022 7:00,0.811
5/1/2022 8:00,0.87
5/1/2022 9:00,0.927
5/1/2022 10:00,0.987
5/1/2022 11:00,1.034
5/1/2022 12:00,1.069
5/1/2022 13:00,1.094
5/1/2022 14:00,1.093
5/1/2022 15:00,1.061
5/1/2022 16:00,1.026
5/1/2022 17:00,1.072
5/1/2022 18:00,1.189
5/1/2022 19:00,1.269
5/1/2022 20:00,1.271
5/1/2022 21:00,1.306
5/1/2022 22:00,1.334
5/1/2022 23:00,1.367
5/2/2022 0:00,1.415
5/2/2022 1:00,1.476
5/2/2022 2:00,1.552
5/2/2022 3:00,1.599
5/2/2022 4:00,1.616
5/2/2022 5:00,1.647
5/2/2022 6:00,1.731
5/2/2022 7:00,1.868
5/2/2022 8:00,2.011
5/2/2022 9:00,2.141
5/2/2022 10:00,2.303
5/2/2022 11:00,2.405
5/2/2022 12:00,2.418
5/2/2022 13:00,2.395
5/2/2022 14:00,2.329
5/2/2022 15:00,2.263
5/2/2022 16:00,2.174
5/2/2022 17:00,2.091
5/2/2022 18:00,1.974
5/2/2022 19:00,1.844
5/2/2022 20:00,1.753
5/2/2022 21:00,1.716
5/2/2022 22:00,1.772
5/2/2022 23:00,1.85
5/3/2022 0:00,1.854
5/3/2022 1:00,1.899
5/3/2022 2:00,2.044
5/3/2022 3:00,2.18
5/3/2022 4:00,2.266
5/3/2022 5:00,2.389
5/3/2022 6:00,2.425
5/3/2022 7:00,2.411
5/3/2022 8:00,2.396
5/3/2022 9:00,2.357
5/3/2022 10:00,2.299
5/3/2022 11:00,2.211
5/3/2022 12:00,2.127
5/3/2022 13:00,2.04
5/3/2022 14:00,1.947
5/3/2022 15:00,1.813
5/3/2022 16:00,1.706
5/3/2022 17:00,1.644
5/3/2022 18:00,1.635
5/3/2022 19:00,1.588
5/3/2022 20:00,1.536
5/3/2022 21:00,1.518
5/3/2022 22:00,1.491
5/3/2022 23:00,1.446
5/4/2022 0:00,1.388
5/4/2022 1:00,1.343
5/4/2022 2:00,1.332
5/4/2022 3:00,1.265
5/4/2022 4:00,1.152
5/4/2022 5:00,1.164
5/4/2022 6:00,1.232
5/4/2022 7:00,1.243
5/4/2022 8:00,1.193
5/4/2022 9:00,1.163
5/4/2022 10:00,1.154
5/4/2022 11:00,1.16
5/4/2022 12:00,1.167
5/4/2022 13:00,1.164
5/4/2022 14:00,1.133
5/4/2022 15:00,1.062
5/4/2022 16:00,0.996
5/4/2022 17:00,1.108
5/4/2022 18:00,1.288
5/4/2022 19:00,1.341
5/4/2022 20:00,1.365
5/4/2022 21:00,1.365
5/4/2022 22:00,1.342
5/4/2022 23:00,1.327
5/5/2022 0:00,1.335
5/5/2022 1:00,1.358
5/5/2022 2:00,1.404
5/5/2022 3:00,1.438
5/5/2022 4:00,1.434
5/5/2022 5:00,1.457
5/5/2022 6:00,1.513
5/5/2022 7:00,1.534
5/5/2022 8:00,1.521
5/5/2022 9:00,1.509
5/5/2022 10:00,1.479
5/5/2022 11:00,1.457
5/5/2022 12:00,1.44
5/5/2022 13:00,1.399
5/5/2022 14:00,1.322
5/5/2022 15:00,1.234
5/5/2022 16:00,1.171
5/5/2022 17:00,1.157
5/5/2022 18:00,1.185
5/5/2022 19:00,1.236
5/5/2022 20:00,1.265
5/5/2022 21:00,1.274
5/5/2022 22:00,1.226
5/5/2022 23:00,1.202
5/6/2022 0:00,1.197
5/6/2022 1:00,1.199
5/6/2022 2:00,1.204
5/6/2022 3:00,1.153
5/6/2022 4:00,1.076
5/6/2022 5:00,1.061
5/6/2022 6:00,1.047
5/6/2022 7:00,0.997
5/6/2022 8:00,0.955
5/6/2022 9:00,0.961
5/6/2022 10:00,0.993
5/6/2022 11:00,1.023
5/6/2022 12:00,1.038
5/6/2022 13:00,1.037
5/6/2022 14:00,1.009
5/6/2022 15:00,0.959
5/6/2022 16:00,0.917
5/6/2022 17:00,0.924
5/6/2022 18:00,1.022
5/6/2022 19:00,1.143
5/6/2022 20:00,1.213
5/6/2022 21:00,1.23
5/6/2022 22:00,1.266
5/6/2022 23:00,1.319
5/7/2022 0:00,1.334
5/7/2022 1:00,1.341
5/7/2022 2:00,1.326
5/7/2022 3:00,1.359
5/7/2022 4:00,1.494
5/7/2022 5:00,1.579
5/7/2022 6:00,1.588
5/7/2022 7:00,1.615
5/7/2022 8:00,1.619
5/7/2022 9:00,1.596
5/7/2022 10:00,1.593
5/7/2022 11:00,1.582
5/7/2022 12:00,1.594
5/7/2022 13:00,1.573
5/7/2022 14:00,1.538
5/7/2022 15:00,1.48
5/7/2022 16:00,1.379
5/7/2022 17:00,1.328
5/7/2022 18:00,1.351
5/7/2022 19:00,1.379
5/7/2022 20:00,1.433
5/7/2022 21:00,1.51
5/7/2022 22:00,1.636
5/7/2022 23:00,1.707
5/8/2022 0:00,1.712
5/8/2022 1:00,1.666
5/8/2022 2:00,1.666
5/8/2022 3:00,1.635
5/8/2022 4:00,1.594
5/8/2022 5:00,1.658
5/8/2022 6:00,1.673
5/8/2022 7:00,1.69
5/8/2022 8:00,1.682
5/8/2022 9:00,1.653
5/8/2022 10:00,1.618
5/8/2022 11:00,1.592
5/8/2022 12:00,1.566
5/8/2022 13:00,1.525
5/8/2022 14:00,1.446
5/8/2022 15:00,1.324
5/8/2022 16:00,1.197
5/8/2022 17:00,1.153
5/8/2022 18:00,1.263
5/8/2022 19:00,1.415
5/8/2022 20:00,1.474
5/8/2022 21:00,1.486
5/8/2022 22:00,1.458
5/8/2022 23:00,1.422
5/9/2022 0:00,1.366
5/9/2022 1:00,1.305
5/9/2022 2:00,1.261
5/9/2022 3:00,1.22
5/9/2022 4:00,1.176
5/9/2022 5:00,1.211
5/9/2022 6:00,1.256
5/9/2022 7:00,1.254
5/9/2022 8:00,1.24
5/9/2022 9:00,1.211
5/9/2022 10:00,1.2
5/9/2022 11:00,1.217
5/9/2022 12:00,1.231
5/9/2022 13:00,1.231
5/9/2022 14:00,1.217
5/9/2022 15:00,1.192
5/9/2022 16:00,1.199
5/9/2022 17:00,1.297
5/9/2022 18:00,1.443
5/9/2022 19:00,1.529
5/9/2022 20:00,1.557
5/9/2022 21:00,1.577
5/9/2022 22:00,1.589
5/9/2022 23:00,1.588
5/10/2022 0:00,1.587
5/10/2022 1:00,1.591
5/10/2022 2:00,1.622
5/10/2022 3:00,1.604
5/10/2022 4:00,1.567
5/10/2022 5:00,1.643
5/10/2022 6:00,1.704
5/10/2022 7:00,1.736
5/10/2022 8:00,1.797
5/10/2022 9:00,1.782
5/10/2022 10:00,1.775
5/10/2022 11:00,1.785
5/10/2022 12:00,1.765
5/10/2022 13:00,1.74
5/10/2022 14:00,1.722
5/10/2022 15:00,1.706
5/10/2022 16:00,1.717
5/10/2022 17:00,1.737
5/10/2022 18:00,1.766
5/10/2022 19:00,1.751
5/10/2022 20:00,1.73
5/10/2022 21:00,1.724
5/10/2022 22:00,1.716
5/10/2022 23:00,1.745
5/11/2022 0:00,1.808
5/11/2022 1:00,1.867
5/11/2022 2:00,1.999
5/11/2022 3:00,1.998
5/11/2022 4:00,1.929
5/11/2022 5:00,1.863
5/11/2022 6:00,1.77
5/11/2022 7:00,1.706
5/11/2022 8:00,1.659
5/11/2022 9:00,1.568
5/11/2022 10:00,1.537
5/11/2022 11:00,1.538
5/11/2022 12:00,1.525
5/11/2022 13:00,1.542
5/11/2022 14:00,1.507
5/11/2022 15:00,1.435
5/11/2022 16:00,1.366
5/11/2022 17:00,1.317
5/11/2022 18:00,1.327
5/11/2022 19:00,1.349
5/11/2022 20:00,1.356
5/11/2022 21:00,1.279
5/11/2022 22:00,1.221
5/11/2022 23:00,1.216
5/12/2022 0:00,1.221
5/12/2022 1:00,1.203
5/12/2022 2:00,1.197
5/12/2022 3:00,1.173
5/12/2022 4:00,1.146
5/12/2022 5:00,1.09
5/12/2022 6:00,1.089
5/12/2022 7:00,1.11
5/12/2022 8:00,1.112
5/12/2022 9:00,1.129
5/12/2022 10:00,1.179
5/12/2022 11:00,1.254
5/12/2022 12:00,1.338
5/12/2022 13:00,1.422
5/12/2022 14:00,1.45
5/12/2022 15:00,1.392
5/12/2022 16:00,1.389
5/12/2022 17:00,1.389
5/12/2022 18:00,1.373
5/12/2022 19:00,1.388
5/12/2022 20:00,1.408
5/12/2022 21:00,1.399
5/12/2022 22:00,1.353
5/12/2022 23:00,1.345
5/13/2022 0:00,1.399
5/13/2022 1:00,1.325
5/13/2022 2:00,1.316
5/13/2022 3:00,1.256
5/13/2022 4:00,1.181
5/13/2022 5:00,1.149
5/13/2022 6:00,1.142
5/13/2022 7:00,1.174
5/13/2022 8:00,1.236
5/13/2022 9:00,1.274
5/13/2022 10:00,1.297
5/13/2022 11:00,1.314
5/13/2022 12:00,1.315
5/13/2022 13:00,1.298
5/13/2022 14:00,1.262
5/13/2022 15:00,1.22
5/13/2022 16:00,1.189
5/13/2022 17:00,1.194
5/13/2022 18:00,1.292
5/13/2022 19:00,1.354
5/13/2022 20:00,1.346
5/13/2022 21:00,1.293
5/13/2022 22:00,1.234
5/13/2022 23:00,1.179
5/14/2022 0:00,1.109
5/14/2022 1:00,1.085
5/14/2022 2:00,1.002
5/14/2022 3:00,0.866
5/14/2022 4:00,0.751
5/14/2022 5:00,0.738
5/14/2022 6:00,0.755
5/14/2022 7:00,0.756
5/14/2022 8:00,0.736
5/14/2022 9:00,0.724
5/14/2022 10:00,0.736
5/14/2022 11:00,0.75
5/14/2022 12:00,0.777
5/14/2022 13:00,0.814
5/14/2022 14:00,0.848
5/14/2022 15:00,0.883
5/14/2022 16:00,0.943
5/14/2022 17:00,1.019
5/14/2022 18:00,1.108
5/14/2022 19:00,1.179
5/14/2022 20:00,1.252
5/14/2022 21:00,1.305
5/14/2022 22:00,1.333
5/14/2022 23:00,1.374
5/15/2022 0:00,1.403
5/15/2022 1:00,1.473
5/15/2022 2:00,1.51
5/15/2022 3:00,1.559
5/15/2022 4:00,1.566
5/15/2022 5:00,1.532
5/15/2022 6:00,1.514
5/15/2022 7:00,1.563
5/15/2022 8:00,1.643
5/15/2022 9:00,1.697
5/15/2022 10:00,1.725
5/15/2022 11:00,1.736
5/15/2022 12:00,1.72
5/15/2022 13:00,1.695
5/15/2022 14:00,1.641
5/15/2022 15:00,1.568
5/15/2022 16:00,1.507
5/15/2022 17:00,1.469
5/15/2022 18:00,1.474
5/15/2022 19:00,1.463
5/15/2022 20:00,1.497
5/15/2022 21:00,1.589
5/15/2022 22:00,1.641
5/15/2022 23:00,1.683
5/16/2022 0:00,1.682
5/16/2022 1:00,1.706
5/16/2022 2:00,1.762
5/16/2022 3:00,1.728
5/16/2022 4:00,1.668
5/16/2022 5:00,1.593
5/16/2022 6:00,1.549
5/16/2022 7:00,1.583
5/16/2022 8:00,1.6
5/16/2022 9:00,1.587
5/16/2022 10:00,1.568
5/16/2022 11:00,1.555
5/16/2022 12:00,1.549
5/16/2022 13:00,1.534
5/16/2022 14:00,1.519
5/16/2022 15:00,1.504
5/16/2022 16:00,1.483
5/16/2022 17:00,1.481
5/16/2022 18:00,1.505
5/16/2022 19:00,1.516
5/16/2022 20:00,1.522
5/16/2022 21:00,1.494
5/16/2022 22:00,1.523
5/16/2022 23:00,1.57
5/17/2022 0:00,1.606
5/17/2022 1:00,1.642
5/17/2022 2:00,1.696
5/17/2022 3:00,1.785
5/17/2022 4:00,1.862
5/17/2022 5:00,1.877
5/17/2022 6:00,1.834
5/17/2022 7:00,1.735
5/17/2022 8:00,1.628
5/17/2022 9:00,1.542
5/17/2022 10:00,1.478
5/17/2022 11:00,1.436
5/17/2022 12:00,1.396
5/17/2022 13:00,1.347
5/17/2022 14:00,1.273
5/17/2022 15:00,1.175
5/17/2022 16:00,1.074
5/17/2022 17:00,0.994
5/17/2022 18:00,1.059
5/17/2022 19:00,1.159
5/17/2022 20:00,1.166
5/17/2022 21:00,1.152
5/17/2022 22:00,1.17
5/17/2022 23:00,1.206
5/18/2022 0:00,1.218
5/18/2022 1:00,1.238
5/18/2022 2:00,1.247
5/18/2022 3:00,1.253
5/18/2022 4:00,1.281
5/18/2022 5:00,1.366
5/18/2022 6:00,1.408
5/18/2022 7:00,1.473
5/18/2022 8:00,1.535
5/18/2022 9:00,1.555
5/18/2022 10:00,1.557
5/18/2022 11:00,1.549
5/18/2022 12:00,1.522
5/18/2022 13:00,1.488
5/18/2022 14:00,1.435
5/18/2022 15:00,1.413
5/18/2022 16:00,1.375
5/18/2022 17:00,1.345
5/18/2022 18:00,1.332
5/18/2022 19:00,1.342
5/18/2022 20:00,1.344
5/18/2022 21:00,1.309
5/18/2022 22:00,1.218
5/18/2022 23:00,1.137
5/19/2022 0:00,1.095
5/19/2022 1:00,1.077
5/19/2022 2:00,0.98
5/19/2022 3:00,0.818
5/19/2022 4:00,0.702
5/19/2022 5:00,0.659
5/19/2022 6:00,0.652
5/19/2022 7:00,0.706
5/19/2022 8:00,0.77
5/19/2022 9:00,0.798
5/19/2022 10:00,0.794
5/19/2022 11:00,0.811
5/19/2022 12:00,0.837
5/19/2022 13:00,0.832
5/19/2022 14:00,0.809
5/19/2022 15:00,0.789
5/19/2022 16:00,0.755
5/19/2022 17:00,0.763
5/19/2022 18:00,0.91
5/19/2022 19:00,0.983
5/19/2022 20:00,1.007
5/19/2022 21:00,1.048
5/19/2022 22:00,1.102
5/19/2022 23:00,1.165
5/20/2022 0:00,1.227
5/20/2022 1:00,1.255
5/20/2022 2:00,1.294
5/20/2022 3:00,1.28
5/20/2022 4:00,1.231
5/20/2022 5:00,1.245
5/20/2022 6:00,1.318
5/20/2022 7:00,1.383
5/20/2022 8:00,1.463
5/20/2022 9:00,1.461
5/20/2022 10:00,1.399
5/20/2022 11:00,1.319
5/20/2022 12:00,1.225
5/20/2022 13:00,1.118
5/20/2022 14:00,1.032
5/20/2022 15:00,0.976
5/20/2022 16:00,0.905
5/20/2022 17:00,0.905
5/20/2022 18:00,1.073
5/20/2022 19:00,1.244
5/20/2022 20:00,1.315
5/20/2022 21:00,1.32
5/20/2022 22:00,1.325
5/20/2022 23:00,1.375
5/21/2022 0:00,1.411
5/21/2022 1:00,1.402
5/21/2022 2:00,1.354
5/21/2022 3:00,1.294
5/21/2022 4:00,1.304
5/21/2022 5:00,1.382
5/21/2022 6:00,1.464
5/21/2022 7:00,1.541
5/21/2022 8:00,1.587
5/21/2022 9:00,1.604
5/21/2022 10:00,1.59
5/21/2022 11:00,1.559
5/21/2022 12:00,1.485
5/21/2022 13:00,1.391
5/21/2022 14:00,1.32
5/21/2022 15:00,1.261
5/21/2022 16:00,1.208
5/21/2022 17:00,1.213
5/21/2022 18:00,1.305
5/21/2022 19:00,1.369
5/21/2022 20:00,1.36
5/21/2022 21:00,1.346
5/21/2022 22:00,1.318
5/21/2022 23:00,1.335
5/22/2022 0:00,1.357
5/22/2022 1:00,1.364
5/22/2022 2:00,1.308
5/22/2022 3:00,1.158
5/22/2022 4:00,0.993
5/22/2022 5:00,0.927
5/22/2022 6:00,0.966
5/22/2022 7:00,0.974
5/22/2022 8:00,0.959
5/22/2022 9:00,0.913
5/22/2022 10:00,0.846
5/22/2022 11:00,0.772
5/22/2022 12:00,0.703
5/22/2022 13:00,0.638
5/22/2022 14:00,0.577
5/22/2022 15:00,0.509
5/22/2022 16:00,0.454
5/22/2022 17:00,0.473
5/22/2022 18:00,0.631
5/22/2022 19:00,0.842
5/22/2022 20:00,0.963
5/22/2022 21:00,0.995
5/22/2022 22:00,1.016
5/22/2022 23:00,1.03
5/23/2022 0:00,1.021
5/23/2022 1:00,1.021
5/23/2022 2:00,0.91
5/23/2022 3:00,0.753
5/23/2022 4:00,0.626
5/23/2022 5:00,0.586
5/23/2022 6:00,0.637
5/23/2022 7:00,0.679
5/23/2022 8:00,0.697
5/23/2022 9:00,0.703
5/23/2022 10:00,0.718
5/23/2022 11:00,0.762
5/23/2022 12:00,0.832
5/23/2022 13:00,0.903
5/23/2022 14:00,0.937
5/23/2022 15:00,0.912
5/23/2022 16:00,0.885
5/23/2022 17:00,0.869
5/23/2022 18:00,1.012
5/23/2022 19:00,1.124
5/23/2022 20:00,1.139
5/23/2022 21:00,1.143
5/23/2022 22:00,1.151
5/23/2022 23:00,1.162
5/24/2022 0:00,1.162
5/24/2022 1:00,1.13
5/24/2022 2:00,0.994
5/24/2022 3:00,0.74
5/24/2022 4:00,0.552
5/24/2022 5:00,0.474
5/24/2022 6:00,0.473
5/24/2022 7:00,0.496
5/24/2022 8:00,0.511
5/24/2022 9:00,0.551
5/24/2022 10:00,0.597
5/24/2022 11:00,0.617
5/24/2022 12:00,0.618
5/24/2022 13:00,0.604
5/24/2022 14:00,0.584
5/24/2022 15:00,0.578
5/24/2022 16:00,0.624
5/24/2022 17:00,0.724
5/24/2022 18:00,0.987
5/24/2022 19:00,1.136
5/24/2022 20:00,1.176
5/24/2022 21:00,1.207
5/24/2022 22:00,1.252
5/24/2022 23:00,1.277
5/25/2022 0:00,1.281
5/25/2022 1:00,1.271
5/25/2022 2:00,1.229
5/25/2022 3:00,1.134
5/25/2022 4:00,1.033
5/25/2022 5:00,1.015
5/25/2022 6:00,1.039
5/25/2022 7:00,1.078
5/25/2022 8:00,1.112
5/25/2022 9:00,1.121
5/25/2022 10:00,1.123
5/25/2022 11:00,1.116
5/25/2022 12:00,1.088
5/25/2022 13:00,1.027
5/25/2022 14:00,0.939
5/25/2022 15:00,0.867
5/25/2022 16:00,0.823
5/25/2022 17:00,0.807
5/25/2022 18:00,0.801
5/25/2022 19:00,0.833
5/25/2022 20:00,0.873
5/25/2022 21:00,0.875
5/25/2022 22:00,0.868
5/25/2022 23:00,0.842
5/26/2022 0:00,0.795
5/26/2022 1:00,0.799
5/26/2022 2:00,0.772
5/26/2022 3:00,0.754
5/26/2022 4:00,0.713
5/26/2022 5:00,0.711
5/26/2022 6:00,0.721
5/26/2022 7:00,0.735
5/26/2022 8:00,0.748
5/26/2022 9:00,0.751
5/26/2022 10:00,0.741
5/26/2022 11:00,0.727
5/26/2022 12:00,0.701
5/26/2022 13:00,0.672
5/26/2022 14:00,0.64
5/26/2022 15:00,0.595
5/26/2022 16:00,0.547
5/26/2022 17:00,0.526
5/26/2022 18:00,0.595
5/26/2022 19:00,0.67
5/26/2022 20:00,0.68
5/26/2022 21:00,0.682
5/26/2022 22:00,0.696
5/26/2022 23:00,0.721
5/27/2022 0:00,0.772
5/27/2022 1:00,0.793
5/27/2022 2:00,0.701
5/27/2022 3:00,0.552
5/27/2022 4:00,0.463
5/27/2022 5:00,0.422
5/27/2022 6:00,0.372
5/27/2022 7:00,0.366
5/27/2022 8:00,0.408
5/27/2022 9:00,0.466
5/27/2022 10:00,0.514
5/27/2022 11:00,0.553
5/27/2022 12:00,0.59
5/27/2022 13:00,0.629
5/27/2022 14:00,0.671
5/27/2022 15:00,0.715
5/27/2022 16:00,0.761
5/27/2022 17:00,0.822
5/27/2022 18:00,0.908
5/27/2022 19:00,0.978
5/27/2022 20:00,0.976
5/27/2022 21:00,0.927
5/27/2022 22:00,0.87
5/27/2022 23:00,0.851
5/28/2022 0:00,0.835
5/28/2022 1:00,0.809
5/28/2022 2:00,0.704
5/28/2022 3:00,0.601
5/28/2022 4:00,0.561
5/28/2022 5:00,0.518
5/28/2022 6:00,0.48
5/28/2022 7:00,0.475
5/28/2022 8:00,0.489
5/28/2022 9:00,0.494
5/28/2022 10:00,0.485
5/28/2022 11:00,0.479
5/28/2022 12:00,0.482
5/28/2022 13:00,0.489
5/28/2022 14:00,0.504
5/28/2022 15:00,0.535
5/28/2022 16:00,0.583
5/28/2022 17:00,0.632
5/28/2022 18:00,0.707
5/28/2022 19:00,0.78
5/28/2022 20:00,0.783
5/28/2022 21:00,0.776
5/28/2022 22:00,0.779
5/28/2022 23:00,0.79
5/29/2022 0:00,0.808
5/29/2022 1:00,0.829
5/29/2022 2:00,0.792
5/29/2022 3:00,0.702
5/29/2022 4:00,0.662
5/29/2022 5:00,0.638
5/29/2022 6:00,0.632
5/29/2022 7:00,0.67
5/29/2022 8:00,0.735
5/29/2022 9:00,0.781
5/29/2022 10:00,0.801
5/29/2022 11:00,0.785
5/29/2022 12:00,0.754
5/29/2022 13:00,0.706
5/29/2022 14:00,0.68
5/29/2022 15:00,0.674
5/29/2022 16:00,0.676
5/29/2022 17:00,0.693
5/29/2022 18:00,0.783
5/29/2022 19:00,0.906
5/29/2022 20:00,0.977
5/29/2022 21:00,1.014
5/29/2022 22:00,1.055
5/29/2022 23:00,1.098
5/30/2022 0:00,1.076
5/30/2022 1:00,1.001
5/30/2022 2:00,0.829
5/30/2022 3:00,0.594
5/30/2022 4:00,0.476
5/30/2022 5:00,0.537
5/30/2022 6:00,0.575
5/30/2022 7:00,0.529
5/30/2022 8:00,0.475
5/30/2022 9:00,0.433
5/30/2022 10:00,0.406
5/30/2022 11:00,0.399
5/30/2022 12:00,0.438
5/30/2022 13:00,0.497
5/30/2022 14:00,0.557
5/30/2022 15:00,0.609
5/30/2022 16:00,0.647
5/30/2022 17:00,0.716
5/30/2022 18:00,0.866
5/30/2022 19:00,0.995
5/30/2022 20:00,1.071
5/30/2022 21:00,1.09
5/30/2022 22:00,1.121
5/30/2022 23:00,1.169
5/31/2022 0:00,1.217
5/31/2022 1:00,1.31
5/31/2022 2:00,1.455
5/31/2022 3:00,1.582
5/31/2022 4:00,1.673
5/31/2022 5:00,1.708
5/31/2022 6:00,1.775
5/31/2022 7:00,1.762
5/31/2022 8:00,1.714
5/31/2022 9:00,1.785
5/31/2022 10:00,1.768
5/31/2022 11:00,1.722
5/31/2022 12:00,1.646
5/31/2022 13:00,1.657
5/31/2022 14:00,1.677
5/31/2022 15:00,1.697
5/31/2022 16:00,1.735
5/31/2022 17:00,1.777
5/31/2022 18:00,1.834
5/31/2022 19:00,1.893
5/31/2022 20:00,1.938
5/31/2022 21:00,1.952
5/31/2022 22:00,1.932
5/31/2022 23:00,1.902
6/1/2022 0:00,1.909
6/1/2022 1:00,1.906
6/1/2022 2:00,1.868
6/1/2022 3:00,1.825
6/1/2022 4:00,1.798
6/1/2022 5:00,1.757
6/1/2022 6:00,1.66
6/1/2022 7:00,1.559
6/1/2022 8:00,1.482
6/1/2022 9:00,1.396
6/1/2022 10:00,1.316
6/1/2022 11:00,1.238
6/1/2022 12:00,1.173
6/1/2022 13:00,1.121
6/1/2022 14:00,1.059
6/1/2022 15:00,0.998
6/1/2022 16:00,0.964
6/1/2022 17:00,1.013
6/1/2022 18:00,1.118
6/1/2022 19:00,1.212
6/1/2022 20:00,1.221
6/1/2022 21:00,1.254
6/1/2022 22:00,1.31
6/1/2022 23:00,1.359
6/2/2022 0:00,1.401
6/2/2022 1:00,1.455
6/2/2022 2:00,1.471
6/2/2022 3:00,1.419
6/2/2022 4:00,1.348
6/2/2022 5:00,1.408
6/2/2022 6:00,1.688
6/2/2022 7:00,1.817
6/2/2022 8:00,1.814
6/2/2022 9:00,1.803
6/2/2022 10:00,1.843
6/2/2022 11:00,1.922
6/2/2022 12:00,2.015
6/2/2022 13:00,2.074
6/2/2022 14:00,2.068
6/2/2022 15:00,2.053
6/2/2022 16:00,2.048
6/2/2022 17:00,2.049
6/2/2022 18:00,2.023
6/2/2022 19:00,1.982
6/2/2022 20:00,1.91
6/2/2022 21:00,1.809
6/2/2022 22:00,1.741
6/2/2022 23:00,1.722
6/3/2022 0:00,1.712
6/3/2022 1:00,1.709
6/3/2022 2:00,1.736
6/3/2022 3:00,1.738
6/3/2022 4:00,1.715
6/3/2022 5:00,1.692
6/3/2022 6:00,1.658
6/3/2022 7:00,1.625
6/3/2022 8:00,1.598
6/3/2022 9:00,1.577
6/3/2022 10:00,1.551
6/3/2022 11:00,1.524
6/3/2022 12:00,1.495
6/3/2022 13:00,1.47
6/3/2022 14:00,1.415
6/3/2022 15:00,1.334
6/3/2022 16:00,1.245
6/3/2022 17:00,1.178
6/3/2022 18:00,1.145
6/3/2022 19:00,1.181
6/3/2022 20:00,1.236
6/3/2022 21:00,1.212
6/3/2022 22:00,1.189
6/3/2022 23:00,1.183
6/4/2022 0:00,1.156
6/4/2022 1:00,1.136
6/4/2022 2:00,1.1
6/4/2022 3:00,1.019
6/4/2022 4:00,0.987
6/4/2022 5:00,0.984
6/4/2022 6:00,0.982
6/4/2022 7:00,1.002
6/4/2022 8:00,1.043
6/4/2022 9:00,1.089
6/4/2022 10:00,1.126
6/4/2022 11:00,1.145
6/4/2022 12:00,1.146
6/4/2022 13:00,1.13
6/4/2022 14:00,1.104
6/4/2022 15:00,1.084
6/4/2022 16:00,1.062
6/4/2022 17:00,1.05
6/4/2022 18:00,1.067
6/4/2022 19:00,1.105
6/4/2022 20:00,1.106
6/4/2022 21:00,1.085
6/4/2022 22:00,1.071
6/4/2022 23:00,1.058
6/5/2022 0:00,1.05
6/5/2022 1:00,1.049
6/5/2022 2:00,0.999
6/5/2022 3:00,0.927
6/5/2022 4:00,0.872
6/5/2022 5:00,0.86
6/5/2022 6:00,0.847
6/5/2022 7:00,0.834
6/5/2022 8:00,0.853
6/5/2022 9:00,0.918
6/5/2022 10:00,1.008
6/5/2022 11:00,1.096
6/5/2022 12:00,1.179
6/5/2022 13:00,1.242
6/5/2022 14:00,1.255
6/5/2022 15:00,1.218
6/5/2022 16:00,1.141
6/5/2022 17:00,1.068
6/5/2022 18:00,1.065
6/5/2022 19:00,1.107
6/5/2022 20:00,1.134
6/5/2022 21:00,1.125
6/5/2022 22:00,1.162
6/5/2022 23:00,1.24
6/6/2022 0:00,1.317
6/6/2022 1:00,1.316
6/6/2022 2:00,1.174
6/6/2022 3:00,0.989
6/6/2022 4:00,0.819
6/6/2022 5:00,0.758
6/6/2022 6:00,0.745
6/6/2022 7:00,0.741
6/6/2022 8:00,0.722
6/6/2022 9:00,0.696
6/6/2022 10:00,0.681
6/6/2022 11:00,0.68
6/6/2022 12:00,0.685
6/6/2022 13:00,0.688
6/6/2022 14:00,0.687
6/6/2022 15:00,0.678
6/6/2022 16:00,0.658
6/6/2022 17:00,0.664
6/6/2022 18:00,0.882
6/6/2022 19:00,1.123
6/6/2022 20:00,1.189
6/6/2022 21:00,1.177
6/6/2022 22:00,1.121
6/6/2022 23:00,1.059
6/7/2022 0:00,1.051
6/7/2022 1:00,1.074
6/7/2022 2:00,0.968
6/7/2022 3:00,0.744
6/7/2022 4:00,0.645
6/7/2022 5:00,0.647
6/7/2022 6:00,0.674
6/7/2022 7:00,0.705
6/7/2022 8:00,0.73
6/7/2022 9:00,0.728
6/7/2022 10:00,0.722
6/7/2022 11:00,0.718
6/7/2022 12:00,0.711
6/7/2022 13:00,0.7
6/7/2022 14:00,0.687
6/7/2022 15:00,0.699
6/7/2022 16:00,0.752
6/7/2022 17:00,0.841
6/7/2022 18:00,0.976
6/7/2022 19:00,1.09
6/7/2022 20:00,1.209
6/7/2022 21:00,1.286
6/7/2022 22:00,1.274
6/7/2022 23:00,1.217
6/8/2022 0:00,1.163
6/8/2022 1:00,1.106
6/8/2022 2:00,1.035
6/8/2022 3:00,1.009
6/8/2022 4:00,0.925
6/8/2022 5:00,0.865
6/8/2022 6:00,0.866
6/8/2022 7:00,0.877
6/8/2022 8:00,0.906
6/8/2022 9:00,0.954
6/8/2022 10:00,1.002
6/8/2022 11:00,1.022
6/8/2022 12:00,0.994
6/8/2022 13:00,0.935
6/8/2022 14:00,0.864
6/8/2022 15:00,0.79
6/8/2022 16:00,0.74
6/8/2022 17:00,0.75
6/8/2022 18:00,0.802
6/8/2022 19:00,0.866
6/8/2022 20:00,0.898
6/8/2022 21:00,0.915
6/8/2022 22:00,0.927
6/8/2022 23:00,0.934
6/9/2022 0:00,0.946
6/9/2022 1:00,0.968
6/9/2022 2:00,0.918
6/9/2022 3:00,0.847
6/9/2022 4:00,0.832
6/9/2022 5:00,0.877
6/9/2022 6:00,0.956
6/9/2022 7:00,1.04
6/9/2022 8:00,1.109
6/9/2022 9:00,1.17
6/9/2022 10:00,1.23
6/9/2022 11:00,1.272
6/9/2022 12:00,1.273
6/9/2022 13:00,1.265
6/9/2022 14:00,1.234
6/9/2022 15:00,1.153
6/9/2022 16:00,1.052
6/9/2022 17:00,0.996
6/9/2022 18:00,0.972
6/9/2022 19:00,1.031
6/9/2022 20:00,1.051
6/9/2022 21:00,1.039
6/9/2022 22:00,1.006
6/9/2022 23:00,0.961
6/10/2022 0:00,0.921
6/10/2022 1:00,0.852
6/10/2022 2:00,0.711
6/10/2022 3:00,0.543
6/10/2022 4:00,0.453
6/10/2022 5:00,0.449
6/10/2022 6:00,0.474
6/10/2022 7:00,0.511
6/10/2022 8:00,0.556
6/10/2022 9:00,0.58
6/10/2022 10:00,0.6
6/10/2022 11:00,0.623
6/10/2022 12:00,0.643
6/10/2022 13:00,0.635
6/10/2022 14:00,0.601
6/10/2022 15:00,0.577
6/10/2022 16:00,0.553
6/10/2022 17:00,0.554
6/10/2022 18:00,0.676
6/10/2022 19:00,0.779
6/10/2022 20:00,0.85
6/10/2022 21:00,0.913
6/10/2022 22:00,0.92
6/10/2022 23:00,0.917
6/11/2022 0:00,0.949
6/11/2022 1:00,0.936
6/11/2022 2:00,0.79
6/11/2022 3:00,0.662
6/11/2022 4:00,0.537
6/11/2022 5:00,0.557
6/11/2022 6:00,0.61
6/11/2022 7:00,0.698
6/11/2022 8:00,0.793
6/11/2022 9:00,0.863
6/11/2022 10:00,0.915
6/11/2022 11:00,0.95
6/11/2022 12:00,0.971
6/11/2022 13:00,0.992
6/11/2022 14:00,1.02
6/11/2022 15:00,1.049
6/11/2022 16:00,1.066
6/11/2022 17:00,1.065
6/11/2022 18:00,1.101
6/11/2022 19:00,1.163
6/11/2022 20:00,1.208
6/11/2022 21:00,1.234
6/11/2022 22:00,1.254
6/11/2022 23:00,1.297
6/12/2022 0:00,1.313
6/12/2022 1:00,1.323
6/12/2022 2:00,1.254
6/12/2022 3:00,1.117
6/12/2022 4:00,1.05
6/12/2022 5:00,1.03
6/12/2022 6:00,1.042
6/12/2022 7:00,1.07
6/12/2022 8:00,1.108
6/12/2022 9:00,1.162
6/12/2022 10:00,1.224
6/12/2022 11:00,1.279
6/12/2022 12:00,1.319
6/12/2022 13:00,1.338
6/12/2022 14:00,1.328
6/12/2022 15:00,1.288
6/12/2022 16:00,1.222
6/12/2022 17:00,1.177
6/12/2022 18:00,1.19
6/12/2022 19:00,1.288
6/12/2022 20:00,1.358
6/12/2022 21:00,1.385
6/12/2022 22:00,1.393
6/12/2022 23:00,1.45
6/13/2022 0:00,1.417
6/13/2022 1:00,1.39
6/13/2022 2:00,1.303
6/13/2022 3:00,1.214
6/13/2022 4:00,1.201
6/13/2022 5:00,1.224
6/13/2022 6:00,1.283
6/13/2022 7:00,1.339
6/13/2022 8:00,1.374
6/13/2022 9:00,1.381
6/13/2022 10:00,1.382
6/13/2022 11:00,1.371
6/13/2022 12:00,1.356
6/13/2022 13:00,1.32
6/13/2022 14:00,1.251
6/13/2022 15:00,1.17
6/13/2022 16:00,1.113
6/13/2022 17:00,1.061
6/13/2022 18:00,1.035
6/13/2022 19:00,1.056
6/13/2022 20:00,1.07
6/13/2022 21:00,1.078
6/13/2022 22:00,1.03
6/13/2022 23:00,0.987
6/14/2022 0:00,0.976
6/14/2022 1:00,0.955
6/14/2022 2:00,0.854
6/14/2022 3:00,0.691
6/14/2022 4:00,0.572
6/14/2022 5:00,0.504
6/14/2022 6:00,0.465
6/14/2022 7:00,0.435
6/14/2022 8:00,0.406
6/14/2022 9:00,0.392
6/14/2022 10:00,0.39
6/14/2022 11:00,0.398
6/14/2022 12:00,0.413
6/14/2022 13:00,0.44
6/14/2022 14:00,0.49
6/14/2022 15:00,0.545
6/14/2022 16:00,0.611
6/14/2022 17:00,0.71
6/14/2022 18:00,0.874
6/14/2022 19:00,1.056
6/14/2022 20:00,1.16
6/14/2022 21:00,1.249
6/14/2022 22:00,1.319
6/14/2022 23:00,1.368
6/15/2022 0:00,1.423
6/15/2022 1:00,1.472
6/15/2022 2:00,1.511
6/15/2022 3:00,1.501
6/15/2022 4:00,1.495
6/15/2022 5:00,1.51
6/15/2022 6:00,1.532
6/15/2022 7:00,1.575
6/15/2022 8:00,1.618
6/15/2022 9:00,1.628
6/15/2022 10:00,1.637
6/15/2022 11:00,1.644
6/15/2022 12:00,1.658
6/15/2022 13:00,1.656
6/15/2022 14:00,1.64
6/15/2022 15:00,1.613
6/15/2022 16:00,1.566
6/15/2022 17:00,1.541
6/15/2022 18:00,1.549
6/15/2022 19:00,1.563
6/15/2022 20:00,1.619
6/15/2022 21:00,1.704
6/15/2022 22:00,1.749
6/15/2022 23:00,1.753
6/16/2022 0:00,1.737
6/16/2022 1:00,1.716
6/16/2022 2:00,1.679
6/16/2022 3:00,1.642
6/16/2022 4:00,1.611
6/16/2022 5:00,1.548
6/16/2022 6:00,1.522
6/16/2022 7:00,1.545
6/16/2022 8:00,1.588
6/16/2022 9:00,1.631
6/16/2022 10:00,1.659
6/16/2022 11:00,1.665
6/16/2022 12:00,1.633
6/16/2022 13:00,1.583
6/16/2022 14:00,1.512
6/16/2022 15:00,1.417
6/16/2022 16:00,1.329
6/16/2022 17:00,1.273
6/16/2022 18:00,1.258
6/16/2022 19:00,1.313
6/16/2022 20:00,1.389
6/16/2022 21:00,1.445
6/16/2022 22:00,1.497
6/16/2022 23:00,1.499
6/17/2022 0:00,1.459
6/17/2022 1:00,1.434
6/17/2022 2:00,1.394
6/17/2022 3:00,1.331
6/17/2022 4:00,1.303
6/17/2022 5:00,1.256
6/17/2022 6:00,1.193
6/17/2022 7:00,1.178
6/17/2022 8:00,1.192
6/17/2022 9:00,1.2
6/17/2022 10:00,1.172
6/17/2022 11:00,1.125
6/17/2022 12:00,1.071
6/17/2022 13:00,1.003
6/17/2022 14:00,0.914
6/17/2022 15:00,0.79
6/17/2022 16:00,0.668
6/17/2022 17:00,0.585
6/17/2022 18:00,0.693
6/17/2022 19:00,0.736
6/17/2022 20:00,0.834
6/17/2022 21:00,0.899
6/17/2022 22:00,0.915
6/17/2022 23:00,0.93
6/18/2022 0:00,0.976
6/18/2022 1:00,1.005
6/18/2022 2:00,1.039
6/18/2022 3:00,1.008
6/18/2022 4:00,0.977
6/18/2022 5:00,1.04
6/18/2022 6:00,1.122
6/18/2022 7:00,1.205
6/18/2022 8:00,1.28
6/18/2022 9:00,1.331
6/18/2022 10:00,1.388
6/18/2022 11:00,1.445
6/18/2022 12:00,1.516
6/18/2022 13:00,1.522
6/18/2022 14:00,1.495
6/18/2022 15:00,1.437
6/18/2022 16:00,1.414
6/18/2022 17:00,1.399
6/18/2022 18:00,1.356
6/18/2022 19:00,1.318
6/18/2022 20:00,1.288
6/18/2022 21:00,1.253
6/18/2022 22:00,1.24
6/18/2022 23:00,1.308
6/19/2022 0:00,1.376
6/19/2022 1:00,1.457
6/19/2022 2:00,1.574
6/19/2022 3:00,1.57
6/19/2022 4:00,1.679
6/19/2022 5:00,1.796
6/19/2022 6:00,1.818
6/19/2022 7:00,1.803
6/19/2022 8:00,1.786
6/19/2022 9:00,1.752
6/19/2022 10:00,1.782
6/19/2022 11:00,1.81
6/19/2022 12:00,1.779
6/19/2022 13:00,1.703
6/19/2022 14:00,1.626
6/19/2022 15:00,1.537
6/19/2022 16:00,1.481
6/19/2022 17:00,1.406
6/19/2022 18:00,1.336
6/19/2022 19:00,1.322
6/19/2022 20:00,1.326
6/19/2022 21:00,1.278
6/19/2022 22:00,1.215
6/19/2022 23:00,1.175
6/20/2022 0:00,1.129
6/20/2022 1:00,1.083
6/20/2022 2:00,0.972
6/20/2022 3:00,0.842
6/20/2022 4:00,0.749
6/20/2022 5:00,0.651
6/20/2022 6:00,0.57
6/20/2022 7:00,0.527
6/20/2022 8:00,0.504
6/20/2022 9:00,0.489
6/20/2022 10:00,0.483
6/20/2022 11:00,0.502
6/20/2022 12:00,0.514
6/20/2022 13:00,0.496
6/20/2022 14:00,0.462
6/20/2022 15:00,0.398
6/20/2022 16:00,0.354
6/20/2022 17:00,0.343
6/20/2022 18:00,0.466
6/20/2022 19:00,0.649
6/20/2022 20:00,0.65
6/20/2022 21:00,0.66
6/20/2022 22:00,0.749
6/20/2022 23:00,0.852
6/21/2022 0:00,0.921
6/21/2022 1:00,0.922
6/21/2022 2:00,0.764
6/21/2022 3:00,0.536
6/21/2022 4:00,0.44
6/21/2022 5:00,0.416
6/21/2022 6:00,0.426
6/21/2022 7:00,0.434
6/21/2022 8:00,0.442
6/21/2022 9:00,0.437
6/21/2022 10:00,0.422
6/21/2022 11:00,0.396
6/21/2022 12:00,0.374
6/21/2022 13:00,0.37
6/21/2022 14:00,0.397
6/21/2022 15:00,0.434
6/21/2022 16:00,0.456
6/21/2022 17:00,0.502
6/21/2022 18:00,0.681
6/21/2022 19:00,0.909
6/21/2022 20:00,1.006
6/21/2022 21:00,1.037
6/21/2022 22:00,1.027
6/21/2022 23:00,1.021
6/22/2022 0:00,0.99
6/22/2022 1:00,0.93
6/22/2022 2:00,0.814
6/22/2022 3:00,0.698
6/22/2022 4:00,0.625
6/22/2022 5:00,0.633
6/22/2022 6:00,0.681
6/22/2022 7:00,0.727
6/22/2022 8:00,0.758
6/22/2022 9:00,0.775
6/22/2022 10:00,0.79
6/22/2022 11:00,0.804
6/22/2022 12:00,0.807
6/22/2022 13:00,0.807
6/22/2022 14:00,0.807
6/22/2022 15:00,0.789
6/22/2022 16:00,0.758
6/22/2022 17:00,0.746
6/22/2022 18:00,0.797
6/22/2022 19:00,0.874
6/22/2022 20:00,0.936
6/22/2022 21:00,0.98
6/22/2022 22:00,1.002
6/22/2022 23:00,1.043
6/23/2022 0:00,1.089
6/23/2022 1:00,1.118
6/23/2022 2:00,1.106
6/23/2022 3:00,1.083
6/23/2022 4:00,1.015
6/23/2022 5:00,1.005
6/23/2022 6:00,1.094
6/23/2022 7:00,1.186
6/23/2022 8:00,1.265
6/23/2022 9:00,1.324
6/23/2022 10:00,1.345
6/23/2022 11:00,1.339
6/23/2022 12:00,1.304
6/23/2022 13:00,1.252
6/23/2022 14:00,1.192
6/23/2022 15:00,1.134
6/23/2022 16:00,1.084
6/23/2022 17:00,1.047
6/23/2022 18:00,1.026
6/23/2022 19:00,1.077
6/23/2022 20:00,1.15
6/23/2022 21:00,1.161
6/23/2022 22:00,1.158
6/23/2022 23:00,1.156
6/24/2022 0:00,1.148
6/24/2022 1:00,1.131
6/24/2022 2:00,1.015
6/24/2022 3:00,0.861
6/24/2022 4:00,0.801
6/24/2022 5:00,0.779
6/24/2022 6:00,0.786
6/24/2022 7:00,0.793
6/24/2022 8:00,0.793
6/24/2022 9:00,0.775
6/24/2022 10:00,0.746
6/24/2022 11:00,0.727
6/24/2022 12:00,0.708
6/24/2022 13:00,0.681
6/24/2022 14:00,0.648
6/24/2022 15:00,0.605
6/24/2022 16:00,0.583
6/24/2022 17:00,0.594
6/24/2022 18:00,0.666
6/24/2022 19:00,0.792
6/24/2022 20:00,0.858
6/24/2022 21:00,0.868
6/24/2022 22:00,0.868
6/24/2022 23:00,0.879
6/25/2022 0:00,0.882
6/25/2022 1:00,0.86
6/25/2022 2:00,0.706
6/25/2022 3:00,0.555
6/25/2022 4:00,0.456
6/25/2022 5:00,0.463
6/25/2022 6:00,0.45
6/25/2022 7:00,0.447
6/25/2022 8:00,0.46
6/25/2022 9:00,0.475
6/25/2022 10:00,0.484
6/25/2022 11:00,0.485
6/25/2022 12:00,0.482
6/25/2022 13:00,0.481
6/25/2022 14:00,0.476
6/25/2022 15:00,0.463
6/25/2022 16:00,0.448
6/25/2022 17:00,0.447
6/25/2022 18:00,0.51
6/25/2022 19:00,0.699
6/25/2022 20:00,0.765
6/25/2022 21:00,0.779
6/25/2022 22:00,0.803
6/25/2022 23:00,0.816
6/26/2022 0:00,0.841
6/26/2022 1:00,0.804
6/26/2022 2:00,0.686
6/26/2022 3:00,0.516
6/26/2022 4:00,0.39
6/26/2022 5:00,0.39
6/26/2022 6:00,0.422
6/26/2022 7:00,0.439
6/26/2022 8:00,0.459
6/26/2022 9:00,0.474
6/26/2022 10:00,0.498
6/26/2022 11:00,0.528
6/26/2022 12:00,0.547
6/26/2022 13:00,0.557
6/26/2022 14:00,0.544
6/26/2022 15:00,0.547
6/26/2022 16:00,0.553
6/26/2022 17:00,0.565
6/26/2022 18:00,0.696
6/26/2022 19:00,0.906
6/26/2022 20:00,0.941
6/26/2022 21:00,0.911
6/26/2022 22:00,0.906
6/26/2022 23:00,0.893
6/27/2022 0:00,0.891
6/27/2022 1:00,0.829
6/27/2022 2:00,0.622
6/27/2022 3:00,0.397
6/27/2022 4:00,0.258
6/27/2022 5:00,0.242
6/27/2022 6:00,0.3
6/27/2022 7:00,0.307
6/27/2022 8:00,0.3
6/27/2022 9:00,0.308
6/27/2022 10:00,0.323
6/27/2022 11:00,0.342
6/27/2022 12:00,0.358
6/27/2022 13:00,0.364
6/27/2022 14:00,0.369
6/27/2022 15:00,0.383
6/27/2022 16:00,0.402
6/27/2022 17:00,0.456
6/27/2022 18:00,0.61
6/27/2022 19:00,0.847
6/27/2022 20:00,0.964
6/27/2022 21:00,1.016
6/27/2022 22:00,1.027
6/27/2022 23:00,0.977
6/28/2022 0:00,0.906
6/28/2022 1:00,0.889
6/28/2022 2:00,0.837
6/28/2022 3:00,0.765
6/28/2022 4:00,0.74
6/28/2022 5:00,0.745
6/28/2022 6:00,0.809
6/28/2022 7:00,0.871
6/28/2022 8:00,0.911
6/28/2022 9:00,0.901
6/28/2022 10:00,0.874
6/28/2022 11:00,0.873
6/28/2022 12:00,0.916
6/28/2022 13:00,0.967
6/28/2022 14:00,1.005
6/28/2022 15:00,1.04
6/28/2022 16:00,1.07
6/28/2022 17:00,1.102
6/28/2022 18:00,1.134
6/28/2022 19:00,1.179
6/28/2022 20:00,1.183
6/28/2022 21:00,1.147
6/28/2022 22:00,1.104
6/28/2022 23:00,1.072
6/29/2022 0:00,1.055
6/29/2022 1:00,1.056
6/29/2022 2:00,1.031
6/29/2022 3:00,1.006
6/29/2022 4:00,1.028
6/29/2022 5:00,1.047
6/29/2022 6:00,1.069
6/29/2022 7:00,1.107
6/29/2022 8:00,1.147
6/29/2022 9:00,1.135
6/29/2022 10:00,1.085
6/29/2022 11:00,1.008
6/29/2022 12:00,0.931
6/29/2022 13:00,0.867
6/29/2022 14:00,0.826
6/29/2022 15:00,0.809
6/29/2022 16:00,0.829
6/29/2022 17:00,0.895
6/29/2022 18:00,1.014
6/29/2022 19:00,1.111
6/29/2022 20:00,1.122
6/29/2022 21:00,1.1
6/29/2022 22:00,1.078
6/29/2022 23:00,1.042
6/30/2022 0:00,1.002
6/30/2022 1:00,0.932
6/30/2022 2:00,0.815
6/30/2022 3:00,0.676
6/30/2022 4:00,0.608
6/30/2022 5:00,0.648
6/30/2022 6:00,0.706
6/30/2022 7:00,0.764
6/30/2022 8:00,0.797
6/30/2022 9:00,0.796
6/30/2022 10:00,0.776
6/30/2022 11:00,0.751
6/30/2022 12:00,0.731
6/30/2022 13:00,0.722
6/30/2022 14:00,0.722
6/30/2022 15:00,0.754
6/30/2022 16:00,0.804
6/30/2022 17:00,0.871
6/30/2022 18:00,1.015
6/30/2022 19:00,1.194
6/30/2022 20:00,1.241
6/30/2022 21:00,1.214
6/30/2022 22:00,1.193
6/30/2022 23:00,1.171
7/1/2022 0:00,1.121
7/1/2022 1:00,1.042
7/1/2022 2:00,0.903
7/1/2022 3:00,0.765
7/1/2022 4:00,0.656
7/1/2022 5:00,0.634
7/1/2022 6:00,0.694
7/1/2022 7:00,0.759
7/1/2022 8:00,0.817
7/1/2022 9:00,0.855
7/1/2022 10:00,0.866
7/1/2022 11:00,0.86
7/1/2022 12:00,0.835
7/1/2022 13:00,0.806
7/1/2022 14:00,0.812
7/1/2022 15:00,0.855
7/1/2022 16:00,0.901
7/1/2022 17:00,0.964
7/1/2022 18:00,1.035
7/1/2022 19:00,1.076
7/1/2022 20:00,1.092
7/1/2022 21:00,1.101
7/1/2022 22:00,1.096
7/1/2022 23:00,1.077
7/2/2022 0:00,1.057
7/2/2022 1:00,1.055
7/2/2022 2:00,1.051
7/2/2022 3:00,0.996
7/2/2022 4:00,0.869
7/2/2022 5:00,0.803
7/2/2022 6:00,0.835
7/2/2022 7:00,0.908
7/2/2022 8:00,0.986
7/2/2022 9:00,1.045
7/2/2022 10:00,1.094
7/2/2022 11:00,1.121
7/2/2022 12:00,1.097
7/2/2022 13:00,1.036
7/2/2022 14:00,0.958
7/2/2022 15:00,0.901
7/2/2022 16:00,0.861
7/2/2022 17:00,0.819
7/2/2022 18:00,0.819
7/2/2022 19:00,0.889
7/2/2022 20:00,0.988
7/2/2022 21:00,1.07
7/2/2022 22:00,1.121
7/2/2022 23:00,1.161
7/3/2022 0:00,1.216
7/3/2022 1:00,1.209
7/3/2022 2:00,1.147
7/3/2022 3:00,1.076
7/3/2022 4:00,1.028
7/3/2022 5:00,0.952
7/3/2022 6:00,0.895
7/3/2022 7:00,0.904
7/3/2022 8:00,0.943
7/3/2022 9:00,0.98
7/3/2022 10:00,0.999
7/3/2022 11:00,1.013
7/3/2022 12:00,1.041
7/3/2022 13:00,1.094
7/3/2022 14:00,1.153
7/3/2022 15:00,1.206
7/3/2022 16:00,1.243
7/3/2022 17:00,1.278
7/3/2022 18:00,1.342
7/3/2022 19:00,1.412
7/3/2022 20:00,1.42
7/3/2022 21:00,1.379
7/3/2022 22:00,1.327
7/3/2022 23:00,1.29
7/4/2022 0:00,1.254
7/4/2022 1:00,1.174
7/4/2022 2:00,0.986
7/4/2022 3:00,0.748
7/4/2022 4:00,0.626
7/4/2022 5:00,0.655
7/4/2022 6:00,0.733
7/4/2022 7:00,0.799
7/4/2022 8:00,0.831
7/4/2022 9:00,0.832
7/4/2022 10:00,0.818
7/4/2022 11:00,0.787
7/4/2022 12:00,0.719
7/4/2022 13:00,0.668
7/4/2022 14:00,0.631
7/4/2022 15:00,0.601
7/4/2022 16:00,0.611
7/4/2022 17:00,0.659
7/4/2022 18:00,0.732
7/4/2022 19:00,0.838
7/4/2022 20:00,0.913
7/4/2022 21:00,0.976
7/4/2022 22:00,1.051
7/4/2022 23:00,1.156
7/5/2022 0:00,1.258
7/5/2022 1:00,1.274
7/5/2022 2:00,1.221
7/5/2022 3:00,1.172
7/5/2022 4:00,1.245
7/5/2022 5:00,1.33
7/5/2022 6:00,1.389
7/5/2022 7:00,1.442
7/5/2022 8:00,1.519
7/5/2022 9:00,1.64
7/5/2022 10:00,1.779
7/5/2022 11:00,1.898
7/5/2022 12:00,1.973
7/5/2022 13:00,2.013
7/5/2022 14:00,2.011
7/5/2022 15:00,1.963
7/5/2022 16:00,1.898
7/5/2022 17:00,1.829
7/5/2022 18:00,1.776
7/5/2022 19:00,1.74
7/5/2022 20:00,1.719
7/5/2022 21:00,1.664
7/5/2022 22:00,1.592
7/5/2022 23:00,1.568
7/6/2022 0:00,1.536
7/6/2022 1:00,1.517
7/6/2022 2:00,1.465
7/6/2022 3:00,1.428
7/6/2022 4:00,1.468
7/6/2022 5:00,1.485
7/6/2022 6:00,1.511
7/6/2022 7:00,1.555
7/6/2022 8:00,1.59
7/6/2022 9:00,1.622
7/6/2022 10:00,1.655
7/6/2022 11:00,1.686
7/6/2022 12:00,1.698
7/6/2022 13:00,1.673
7/6/2022 14:00,1.615
7/6/2022 15:00,1.541
7/6/2022 16:00,1.456
7/6/2022 17:00,1.374
7/6/2022 18:00,1.327
7/6/2022 19:00,1.359
7/6/2022 20:00,1.384
7/6/2022 21:00,1.384
7/6/2022 22:00,1.352
7/6/2022 23:00,1.312
7/7/2022 0:00,1.252
7/7/2022 1:00,1.189
7/7/2022 2:00,1.094
7/7/2022 3:00,1.009
7/7/2022 4:00,1.038
7/7/2022 5:00,1.119
7/7/2022 6:00,1.191
7/7/2022 7:00,1.26
7/7/2022 8:00,1.318
7/7/2022 9:00,1.362
7/7/2022 10:00,1.402
7/7/2022 11:00,1.448
7/7/2022 12:00,1.5
7/7/2022 13:00,1.551
7/7/2022 14:00,1.592
7/7/2022 15:00,1.582
7/7/2022 16:00,1.55
7/7/2022 17:00,1.525
7/7/2022 18:00,1.513
7/7/2022 19:00,1.508
7/7/2022 20:00,1.494
7/7/2022 21:00,1.471
7/7/2022 22:00,1.442
7/7/2022 23:00,1.398
7/8/2022 0:00,1.353
7/8/2022 1:00,1.288
7/8/2022 2:00,1.182
7/8/2022 3:00,1.072
7/8/2022 4:00,1.02
7/8/2022 5:00,1.017
7/8/2022 6:00,0.993
7/8/2022 7:00,0.933
7/8/2022 8:00,0.869
7/8/2022 9:00,0.861
7/8/2022 10:00,0.874
7/8/2022 11:00,0.889
7/8/2022 12:00,0.903
7/8/2022 13:00,0.924
7/8/2022 14:00,0.943
7/8/2022 15:00,0.925
7/8/2022 16:00,0.91
7/8/2022 17:00,0.951
7/8/2022 18:00,1.022
7/8/2022 19:00,1.066
7/8/2022 20:00,1.068
7/8/2022 21:00,1.038
7/8/2022 22:00,1.006
7/8/2022 23:00,0.931
7/9/2022 0:00,0.822
7/9/2022 1:00,0.707
7/9/2022 2:00,0.652
7/9/2022 3:00,0.596
7/9/2022 4:00,0.598
7/9/2022 5:00,0.563
7/9/2022 6:00,0.56
7/9/2022 7:00,0.569
7/9/2022 8:00,0.596
7/9/2022 9:00,0.623
7/9/2022 10:00,0.662
7/9/2022 11:00,0.725
7/9/2022 12:00,0.787
7/9/2022 13:00,0.848
7/9/2022 14:00,0.881
7/9/2022 15:00,0.898
7/9/2022 16:00,0.925
7/9/2022 17:00,0.92
7/9/2022 18:00,0.977
7/9/2022 19:00,1.074
7/9/2022 20:00,1.133
7/9/2022 21:00,1.132
7/9/2022 22:00,1.096
7/9/2022 23:00,1.056
7/10/2022 0:00,0.995
7/10/2022 1:00,0.973
7/10/2022 2:00,0.861
7/10/2022 3:00,0.761
7/10/2022 4:00,0.712
7/10/2022 5:00,0.648
7/10/2022 6:00,0.582
7/10/2022 7:00,0.53
7/10/2022 8:00,0.483
7/10/2022 9:00,0.464
7/10/2022 10:00,0.477
7/10/2022 11:00,0.495
7/10/2022 12:00,0.489
7/10/2022 13:00,0.461
7/10/2022 14:00,0.45
7/10/2022 15:00,0.444
7/10/2022 16:00,0.481
7/10/2022 17:00,0.55
7/10/2022 18:00,0.743
7/10/2022 19:00,0.929
7/10/2022 20:00,0.988
7/10/2022 21:00,1.004
7/10/2022 22:00,1.019
7/10/2022 23:00,1.032
7/11/2022 0:00,1.042
7/11/2022 1:00,0.99
7/11/2022 2:00,0.815
7/11/2022 3:00,0.608
7/11/2022 4:00,0.504
7/11/2022 5:00,0.516
7/11/2022 6:00,0.527
7/11/2022 7:00,0.534
7/11/2022 8:00,0.516
7/11/2022 9:00,0.504
7/11/2022 10:00,0.494
7/11/2022 11:00,0.489
7/11/2022 12:00,0.504
7/11/2022 13:00,0.515
7/11/2022 14:00,0.549
7/11/2022 15:00,0.575
7/11/2022 16:00,0.604
7/11/2022 17:00,0.658
7/11/2022 18:00,0.778
7/11/2022 19:00,0.919
7/11/2022 20:00,1.066
7/11/2022 21:00,1.2
7/11/2022 22:00,1.282
7/11/2022 23:00,1.324
7/12/2022 0:00,1.38
7/12/2022 1:00,1.385
7/12/2022 2:00,1.321
7/12/2022 3:00,1.244
7/12/2022 4:00,1.239
7/12/2022 5:00,1.277
7/12/2022 6:00,1.301
7/12/2022 7:00,1.338
7/12/2022 8:00,1.327
7/12/2022 9:00,1.262
7/12/2022 10:00,1.188
7/12/2022 11:00,1.131
7/12/2022 12:00,1.097
7/12/2022 13:00,1.072
7/12/2022 14:00,1.032
7/12/2022 15:00,1.01
7/12/2022 16:00,1.012
7/12/2022 17:00,1.017
7/12/2022 18:00,1.094
7/12/2022 19:00,1.137
7/12/2022 20:00,1.118
7/12/2022 21:00,1.039
7/12/2022 22:00,0.963
7/12/2022 23:00,0.927
7/13/2022 0:00,0.873
7/13/2022 1:00,0.785
7/13/2022 2:00,0.694
7/13/2022 3:00,0.635
7/13/2022 4:00,0.599
7/13/2022 5:00,0.638
7/13/2022 6:00,0.716
7/13/2022 7:00,0.771
7/13/2022 8:00,0.826
7/13/2022 9:00,0.877
7/13/2022 10:00,0.915
7/13/2022 11:00,0.945
7/13/2022 12:00,0.969
7/13/2022 13:00,0.984
7/13/2022 14:00,0.982
7/13/2022 15:00,0.983
7/13/2022 16:00,1.012
7/13/2022 17:00,1.059
7/13/2022 18:00,1.136
7/13/2022 19:00,1.202
7/13/2022 20:00,1.283
7/13/2022 21:00,1.326
7/13/2022 22:00,1.34
7/13/2022 23:00,1.368
7/14/2022 0:00,1.385
7/14/2022 1:00,1.395
7/14/2022 2:00,1.333
7/14/2022 3:00,1.281
7/14/2022 4:00,1.292
7/14/2022 5:00,1.324
7/14/2022 6:00,1.416
7/14/2022 7:00,1.523
7/14/2022 8:00,1.577
7/14/2022 9:00,1.644
7/14/2022 10:00,1.716
7/14/2022 11:00,1.781
7/14/2022 12:00,1.835
7/14/2022 13:00,1.881
7/14/2022 14:00,1.892
7/14/2022 15:00,1.845
7/14/2022 16:00,1.781
7/14/2022 17:00,1.708
7/14/2022 18:00,1.621
7/14/2022 19:00,1.528
7/14/2022 20:00,1.428
7/14/2022 21:00,1.32
7/14/2022 22:00,1.225
7/14/2022 23:00,1.175
7/15/2022 0:00,1.193
7/15/2022 1:00,1.197
7/15/2022 2:00,1.16
7/15/2022 3:00,1.134
7/15/2022 4:00,1.161
7/15/2022 5:00,1.227
7/15/2022 6:00,1.28
7/15/2022 7:00,1.301
7/15/2022 8:00,1.298
7/15/2022 9:00,1.284
7/15/2022 10:00,1.281
7/15/2022 11:00,1.312
7/15/2022 12:00,1.373
7/15/2022 13:00,1.449
7/15/2022 14:00,1.524
7/15/2022 15:00,1.577
7/15/2022 16:00,1.632
7/15/2022 17:00,1.669
7/15/2022 18:00,1.668
7/15/2022 19:00,1.66
7/15/2022 20:00,1.631
7/15/2022 21:00,1.592
7/15/2022 22:00,1.559
7/15/2022 23:00,1.54
7/16/2022 0:00,1.544
7/16/2022 1:00,1.535
7/16/2022 2:00,1.499
7/16/2022 3:00,1.502
7/16/2022 4:00,1.517
7/16/2022 5:00,1.53
7/16/2022 6:00,1.575
7/16/2022 7:00,1.642
7/16/2022 8:00,1.708
7/16/2022 9:00,1.759
7/16/2022 10:00,1.8
7/16/2022 11:00,1.847
7/16/2022 12:00,1.878
7/16/2022 13:00,1.876
7/16/2022 14:00,1.85
7/16/2022 15:00,1.809
7/16/2022 16:00,1.763
7/16/2022 17:00,1.725
7/16/2022 18:00,1.696
7/16/2022 19:00,1.699
7/16/2022 20:00,1.686
7/16/2022 21:00,1.662
7/16/2022 22:00,1.639
7/16/2022 23:00,1.6
7/17/2022 0:00,1.562
7/17/2022 1:00,1.508
7/17/2022 2:00,1.463
7/17/2022 3:00,1.434
7/17/2022 4:00,1.408
7/17/2022 5:00,1.4
7/17/2022 6:00,1.407
7/17/2022 7:00,1.454
7/17/2022 8:00,1.514
7/17/2022 9:00,1.566
7/17/2022 10:00,1.615
7/17/2022 11:00,1.621
7/17/2022 12:00,1.59
7/17/2022 13:00,1.552
7/17/2022 14:00,1.52
7/17/2022 15:00,1.49
7/17/2022 16:00,1.431
7/17/2022 17:00,1.361
7/17/2022 18:00,1.333
7/17/2022 19:00,1.369
7/17/2022 20:00,1.339
7/17/2022 21:00,1.303
7/17/2022 22:00,1.288
7/17/2022 23:00,1.279
7/18/2022 0:00,1.265
7/18/2022 1:00,1.23
7/18/2022 2:00,1.142
7/18/2022 3:00,1.047
7/18/2022 4:00,0.942
7/18/2022 5:00,0.892
7/18/2022 6:00,0.892
7/18/2022 7:00,0.876
7/18/2022 8:00,0.85
7/18/2022 9:00,0.837
7/18/2022 10:00,0.864
7/18/2022 11:00,0.895
7/18/2022 12:00,0.91
7/18/2022 13:00,0.918
7/18/2022 14:00,0.943
7/18/2022 15:00,0.976
7/18/2022 16:00,0.977
7/18/2022 17:00,0.961
7/18/2022 18:00,1.063
7/18/2022 19:00,1.203
7/18/2022 20:00,1.219
7/18/2022 21:00,1.221
7/18/2022 22:00,1.206
7/18/2022 23:00,1.192
7/19/2022 0:00,1.185
7/19/2022 1:00,1.178
7/19/2022 2:00,0.991
7/19/2022 3:00,0.731
7/19/2022 4:00,0.647
7/19/2022 5:00,0.634
7/19/2022 6:00,0.649
7/19/2022 7:00,0.683
7/19/2022 8:00,0.731
7/19/2022 9:00,0.773
7/19/2022 10:00,0.834
7/19/2022 11:00,0.931
7/19/2022 12:00,1.022
7/19/2022 13:00,1.069
7/19/2022 14:00,1.084
7/19/2022 15:00,1.114
7/19/2022 16:00,1.18
7/19/2022 17:00,1.283
7/19/2022 18:00,1.425
7/19/2022 19:00,1.554
7/19/2022 20:00,1.609
7/19/2022 21:00,1.598
7/19/2022 22:00,1.574
7/19/2022 23:00,1.552
7/20/2022 0:00,1.538
7/20/2022 1:00,1.532
7/20/2022 2:00,1.51
7/20/2022 3:00,1.484
7/20/2022 4:00,1.454
7/20/2022 5:00,1.486
7/20/2022 6:00,1.451
7/20/2022 7:00,1.423
7/20/2022 8:00,1.354
7/20/2022 9:00,1.265
7/20/2022 10:00,1.208
7/20/2022 11:00,1.216
7/20/2022 12:00,1.217
7/20/2022 13:00,1.183
7/20/2022 14:00,1.123
7/20/2022 15:00,1.028
7/20/2022 16:00,0.963
7/20/2022 17:00,0.941
7/20/2022 18:00,1.031
7/20/2022 19:00,1.128
7/20/2022 20:00,1.16
7/20/2022 21:00,1.129
7/20/2022 22:00,1.097
7/20/2022 23:00,1.094
7/21/2022 0:00,1.115
7/21/2022 1:00,1.115
7/21/2022 2:00,0.969
7/21/2022 3:00,0.695
7/21/2022 4:00,0.488
7/21/2022 5:00,0.434
7/21/2022 6:00,0.445
7/21/2022 7:00,0.502
7/21/2022 8:00,0.549
7/21/2022 9:00,0.554
7/21/2022 10:00,0.546
7/21/2022 11:00,0.533
7/21/2022 12:00,0.512
7/21/2022 13:00,0.485
7/21/2022 14:00,0.459
7/21/2022 15:00,0.452
7/21/2022 16:00,0.466
7/21/2022 17:00,0.577
7/21/2022 18:00,0.788
7/21/2022 19:00,0.914
7/21/2022 20:00,0.954
7/21/2022 21:00,1.019
7/21/2022 22:00,1.078
7/21/2022 23:00,1.115
7/22/2022 0:00,1.109
7/22/2022 1:00,1.088
7/22/2022 2:00,1.037
7/22/2022 3:00,0.937
7/22/2022 4:00,0.838
7/22/2022 5:00,0.826
7/22/2022 6:00,0.862
7/22/2022 7:00,0.871
7/22/2022 8:00,0.904
7/22/2022 9:00,0.91
7/22/2022 10:00,0.904
7/22/2022 11:00,0.893
7/22/2022 12:00,0.876
7/22/2022 13:00,0.849
7/22/2022 14:00,0.81
7/22/2022 15:00,0.773
7/22/2022 16:00,0.782
7/22/2022 17:00,0.803
7/22/2022 18:00,0.846
7/22/2022 19:00,0.857
7/22/2022 20:00,0.837
7/22/2022 21:00,0.821
7/22/2022 22:00,0.804
7/22/2022 23:00,0.829
7/23/2022 0:00,0.878
7/23/2022 1:00,0.894
7/23/2022 2:00,0.851
7/23/2022 3:00,0.783
7/23/2022 4:00,0.728
7/23/2022 5:00,0.763
7/23/2022 6:00,0.813
7/23/2022 7:00,0.905
7/23/2022 8:00,1.039
7/23/2022 9:00,1.159
7/23/2022 10:00,1.227
7/23/2022 11:00,1.246
7/23/2022 12:00,1.241
7/23/2022 13:00,1.227
7/23/2022 14:00,1.208
7/23/2022 15:00,1.165
7/23/2022 16:00,1.106
7/23/2022 17:00,1.079
7/23/2022 18:00,1.129
7/23/2022 19:00,1.188
7/23/2022 20:00,1.216
7/23/2022 21:00,1.21
7/23/2022 22:00,1.164
7/23/2022 23:00,1.124
7/24/2022 0:00,1.13
7/24/2022 1:00,1.107
7/24/2022 2:00,1.012
7/24/2022 3:00,0.924
7/24/2022 4:00,0.89
7/24/2022 5:00,0.861
7/24/2022 6:00,0.8
7/24/2022 7:00,0.758
7/24/2022 8:00,0.742
7/24/2022 9:00,0.714
7/24/2022 10:00,0.663
7/24/2022 11:00,0.619
7/24/2022 12:00,0.598
7/24/2022 13:00,0.593
7/24/2022 14:00,0.598
7/24/2022 15:00,0.59
7/24/2022 16:00,0.594
7/24/2022 17:00,0.648
7/24/2022 18:00,0.849
7/24/2022 19:00,1.087
7/24/2022 20:00,1.173
7/24/2022 21:00,1.203
7/24/2022 22:00,1.224
7/24/2022 23:00,1.237
7/25/2022 0:00,1.229
7/25/2022 1:00,1.234
7/25/2022 2:00,1.181
7/25/2022 3:00,1.01
7/25/2022 4:00,0.813
7/25/2022 5:00,0.714
7/25/2022 6:00,0.696
7/25/2022 7:00,0.69
7/25/2022 8:00,0.759
7/25/2022 9:00,0.868
7/25/2022 10:00,0.914
7/25/2022 11:00,0.905
7/25/2022 12:00,0.909
7/25/2022 13:00,0.939
7/25/2022 14:00,0.944
7/25/2022 15:00,0.93
7/25/2022 16:00,0.941
7/25/2022 17:00,1
7/25/2022 18:00,1.076
7/25/2022 19:00,1.158
7/25/2022 20:00,1.223
7/25/2022 21:00,1.284
7/25/2022 22:00,1.326
7/25/2022 23:00,1.335
7/26/2022 0:00,1.294
7/26/2022 1:00,1.231
7/26/2022 2:00,1.292
7/26/2022 3:00,1.428
7/26/2022 4:00,1.449
7/26/2022 5:00,1.472
7/26/2022 6:00,1.511
7/26/2022 7:00,1.537
7/26/2022 8:00,1.574
7/26/2022 9:00,1.609
7/26/2022 10:00,1.613
7/26/2022 11:00,1.598
7/26/2022 12:00,1.629
7/26/2022 13:00,1.656
7/26/2022 14:00,1.62
7/26/2022 15:00,1.576
7/26/2022 16:00,1.608
7/26/2022 17:00,1.676
7/26/2022 18:00,1.638
7/26/2022 19:00,1.561
7/26/2022 20:00,1.53
7/26/2022 21:00,1.523
7/26/2022 22:00,1.518
7/26/2022 23:00,1.555
7/27/2022 0:00,1.56
7/27/2022 1:00,1.565
7/27/2022 2:00,1.584
7/27/2022 3:00,1.569
7/27/2022 4:00,1.545
7/27/2022 5:00,1.571
7/27/2022 6:00,1.634
7/27/2022 7:00,1.687
7/27/2022 8:00,1.705
7/27/2022 9:00,1.707
7/27/2022 10:00,1.706
7/27/2022 11:00,1.692
7/27/2022 12:00,1.669
7/27/2022 13:00,1.647
7/27/2022 14:00,1.595
7/27/2022 15:00,1.536
7/27/2022 16:00,1.474
7/27/2022 17:00,1.415
7/27/2022 18:00,1.381
7/27/2022 19:00,1.391
7/27/2022 20:00,1.375
7/27/2022 21:00,1.327
7/27/2022 22:00,1.294
7/27/2022 23:00,1.252
7/28/2022 0:00,1.196
7/28/2022 1:00,1.15
7/28/2022 2:00,1.094
7/28/2022 3:00,1.006
7/28/2022 4:00,0.969
7/28/2022 5:00,0.994
7/28/2022 6:00,1.006
7/28/2022 7:00,0.989
7/28/2022 8:00,1.011
7/28/2022 9:00,1.085
7/28/2022 10:00,1.175
7/28/2022 11:00,1.232
7/28/2022 12:00,1.248
7/28/2022 13:00,1.236
7/28/2022 14:00,1.207
7/28/2022 15:00,1.158
7/28/2022 16:00,1.129
7/28/2022 17:00,1.143
7/28/2022 18:00,1.216
7/28/2022 19:00,1.303
7/28/2022 20:00,1.338
7/28/2022 21:00,1.361
7/28/2022 22:00,1.369
7/28/2022 23:00,1.366
7/29/2022 0:00,1.362
7/29/2022 1:00,1.358
7/29/2022 2:00,1.334
7/29/2022 3:00,1.288
7/29/2022 4:00,1.282
7/29/2022 5:00,1.317
7/29/2022 6:00,1.357
7/29/2022 7:00,1.373
7/29/2022 8:00,1.363
7/29/2022 9:00,1.339
7/29/2022 10:00,1.32
7/29/2022 11:00,1.29
7/29/2022 12:00,1.255
7/29/2022 13:00,1.233
7/29/2022 14:00,1.209
7/29/2022 15:00,1.198
7/29/2022 16:00,1.191
7/29/2022 17:00,1.216
7/29/2022 18:00,1.312
7/29/2022 19:00,1.385
7/29/2022 20:00,1.391
7/29/2022 21:00,1.398
7/29/2022 22:00,1.386
7/29/2022 23:00,1.375
7/30/2022 0:00,1.371
7/30/2022 1:00,1.363
7/30/2022 2:00,1.358
7/30/2022 3:00,1.336
7/30/2022 4:00,1.34
7/30/2022 5:00,1.394
7/30/2022 6:00,1.397
7/30/2022 7:00,1.349
7/30/2022 8:00,1.281
7/30/2022 9:00,1.237
7/30/2022 10:00,1.22
7/30/2022 11:00,1.217
7/30/2022 12:00,1.207
7/30/2022 13:00,1.18
7/30/2022 14:00,1.128
7/30/2022 15:00,1.045
7/30/2022 16:00,0.98
7/30/2022 17:00,0.979
7/30/2022 18:00,1.076
7/30/2022 19:00,1.192
7/30/2022 20:00,1.233
7/30/2022 21:00,1.253
7/30/2022 22:00,1.244
7/30/2022 23:00,1.217
7/31/2022 0:00,1.162
7/31/2022 1:00,1.104
7/31/2022 2:00,1.016
7/31/2022 3:00,0.86
7/31/2022 4:00,0.803
7/31/2022 5:00,0.869
7/31/2022 6:00,0.94
7/31/2022 7:00,0.975
7/31/2022 8:00,1.012
7/31/2022 9:00,0.965
7/31/2022 10:00,0.87
7/31/2022 11:00,0.801
7/31/2022 12:00,0.747
7/31/2022 13:00,0.704
7/31/2022 14:00,0.663
7/31/2022 15:00,0.638
7/31/2022 16:00,0.654
7/31/2022 17:00,0.757
7/31/2022 18:00,0.923
7/31/2022 19:00,1.005
7/31/2022 20:00,1.046
7/31/2022 21:00,1.044
7/31/2022 22:00,1.051
7/31/2022 23:00,1.012
8/1/2022 0:00,0.919
8/1/2022 1:00,0.855
8/1/2022 2:00,0.861
8/1/2022 3:00,0.756
8/1/2022 4:00,0.677
8/1/2022 5:00,0.668
8/1/2022 6:00,0.707
8/1/2022 7:00,0.753
8/1/2022 8:00,0.801
8/1/2022 9:00,0.829
8/1/2022 10:00,0.871
8/1/2022 11:00,0.94
8/1/2022 12:00,1.011
8/1/2022 13:00,1.054
8/1/2022 14:00,1.074
8/1/2022 15:00,1.099
8/1/2022 16:00,1.126
8/1/2022 17:00,1.139
8/1/2022 18:00,1.192
8/1/2022 19:00,1.201
8/1/2022 20:00,1.165
8/1/2022 21:00,1.218
8/1/2022 22:00,1.264
8/1/2022 23:00,1.28
8/2/2022 0:00,1.282
8/2/2022 1:00,1.28
8/2/2022 2:00,1.211
8/2/2022 3:00,1.065
8/2/2022 4:00,0.907
8/2/2022 5:00,0.9
8/2/2022 6:00,0.915
8/2/2022 7:00,0.951
8/2/2022 8:00,0.99
8/2/2022 9:00,1.069
8/2/2022 10:00,1.179
8/2/2022 11:00,1.262
8/2/2022 12:00,1.276
8/2/2022 13:00,1.267
8/2/2022 14:00,1.241
8/2/2022 15:00,1.185
8/2/2022 16:00,1.134
8/2/2022 17:00,1.137
8/2/2022 18:00,1.199
8/2/2022 19:00,1.254
8/2/2022 20:00,1.29
8/2/2022 21:00,1.293
8/2/2022 22:00,1.26
8/2/2022 23:00,1.231
8/3/2022 0:00,1.202
8/3/2022 1:00,1.156
8/3/2022 2:00,1.086
8/3/2022 3:00,0.983
8/3/2022 4:00,1.028
8/3/2022 5:00,1.142
8/3/2022 6:00,1.275
8/3/2022 7:00,1.366
8/3/2022 8:00,1.42
8/3/2022 9:00,1.448
8/3/2022 10:00,1.441
8/3/2022 11:00,1.409
8/3/2022 12:00,1.37
8/3/2022 13:00,1.336
8/3/2022 14:00,1.299
8/3/2022 15:00,1.263
8/3/2022 16:00,1.252
8/3/2022 17:00,1.295
8/3/2022 18:00,1.376
8/3/2022 19:00,1.471
8/3/2022 20:00,1.528
8/3/2022 21:00,1.605
8/3/2022 22:00,1.639
8/3/2022 23:00,1.646
8/4/2022 0:00,1.639
8/4/2022 1:00,1.618
8/4/2022 2:00,1.617
8/4/2022 3:00,1.585
8/4/2022 4:00,1.509
8/4/2022 5:00,1.518
8/4/2022 6:00,1.474
8/4/2022 7:00,1.452
8/4/2022 8:00,1.445
8/4/2022 9:00,1.435
8/4/2022 10:00,1.419
8/4/2022 11:00,1.4
8/4/2022 12:00,1.359
8/4/2022 13:00,1.298
8/4/2022 14:00,1.231
8/4/2022 15:00,1.15
8/4/2022 16:00,1.067
8/4/2022 17:00,1.027
8/4/2022 18:00,1.095
8/4/2022 19:00,1.207
8/4/2022 20:00,1.278
8/4/2022 21:00,1.316
8/4/2022 22:00,1.371
8/4/2022 23:00,1.392
8/5/2022 0:00,1.358
8/5/2022 1:00,1.339
8/5/2022 2:00,1.327
8/5/2022 3:00,1.287
8/5/2022 4:00,1.215
8/5/2022 5:00,1.209
8/5/2022 6:00,1.217
8/5/2022 7:00,1.183
8/5/2022 8:00,1.149
8/5/2022 9:00,1.135
8/5/2022 10:00,1.142
8/5/2022 11:00,1.179
8/5/2022 12:00,1.182
8/5/2022 13:00,1.123
8/5/2022 14:00,1.078
8/5/2022 15:00,1.084
8/5/2022 16:00,1.111
8/5/2022 17:00,1.184
8/5/2022 18:00,1.21
8/5/2022 19:00,1.197
8/5/2022 20:00,1.236
8/5/2022 21:00,1.278
8/5/2022 22:00,1.342
8/5/2022 23:00,1.349
8/6/2022 0:00,1.273
8/6/2022 1:00,1.228
8/6/2022 2:00,1.248
8/6/2022 3:00,1.312
8/6/2022 4:00,1.385
8/6/2022 5:00,1.448
8/6/2022 6:00,1.484
8/6/2022 7:00,1.606
8/6/2022 8:00,1.797
8/6/2022 9:00,1.826
8/6/2022 10:00,1.842
8/6/2022 11:00,1.888
8/6/2022 12:00,1.908
8/6/2022 13:00,2.036
8/6/2022 14:00,2.1
8/6/2022 15:00,2.109
8/6/2022 16:00,2.087
8/6/2022 17:00,2.034
8/6/2022 18:00,2.041
8/6/2022 19:00,2.069
8/6/2022 20:00,2.094
8/6/2022 21:00,2.034
8/6/2022 22:00,1.918
8/6/2022 23:00,1.79
8/7/2022 0:00,1.711
8/7/2022 1:00,1.644
8/7/2022 2:00,1.644
8/7/2022 3:00,1.633
8/7/2022 4:00,1.619
8/7/2022 5:00,1.634
8/7/2022 6:00,1.612
8/7/2022 7:00,1.578
8/7/2022 8:00,1.559
8/7/2022 9:00,1.553
8/7/2022 10:00,1.554
8/7/2022 11:00,1.553
8/7/2022 12:00,1.548
8/7/2022 13:00,1.522
8/7/2022 14:00,1.461
8/7/2022 15:00,1.356
8/7/2022 16:00,1.259
8/7/2022 17:00,1.233
8/7/2022 18:00,1.313
8/7/2022 19:00,1.353
8/7/2022 20:00,1.366
8/7/2022 21:00,1.366
8/7/2022 22:00,1.357
8/7/2022 23:00,1.32
8/8/2022 0:00,1.276
8/8/2022 1:00,1.22
8/8/2022 2:00,1.12
8/8/2022 3:00,0.867
8/8/2022 4:00,0.675
8/8/2022 5:00,0.613
8/8/2022 6:00,0.634
8/8/2022 7:00,0.625
8/8/2022 8:00,0.589
8/8/2022 9:00,0.573
8/8/2022 10:00,0.567
8/8/2022 11:00,0.556
8/8/2022 12:00,0.534
8/8/2022 13:00,0.51
8/8/2022 14:00,0.48
8/8/2022 15:00,0.457
8/8/2022 16:00,0.462
8/8/2022 17:00,0.608
8/8/2022 18:00,0.858
8/8/2022 19:00,0.94
8/8/2022 20:00,0.979
8/8/2022 21:00,0.99
8/8/2022 22:00,0.954
8/8/2022 23:00,0.902
8/9/2022 0:00,0.86
8/9/2022 1:00,0.843
8/9/2022 2:00,0.821
8/9/2022 3:00,0.642
8/9/2022 4:00,0.405
8/9/2022 5:00,0.354
8/9/2022 6:00,0.372
8/9/2022 7:00,0.397
8/9/2022 8:00,0.403
8/9/2022 9:00,0.381
8/9/2022 10:00,0.415
8/9/2022 11:00,0.459
8/9/2022 12:00,0.503
8/9/2022 13:00,0.537
8/9/2022 14:00,0.557
8/9/2022 15:00,0.601
8/9/2022 16:00,0.703
8/9/2022 17:00,0.974
8/9/2022 18:00,1.256
8/9/2022 19:00,1.364
8/9/2022 20:00,1.432
8/9/2022 21:00,1.451
8/9/2022 22:00,1.441
8/9/2022 23:00,1.42
8/10/2022 0:00,1.387
8/10/2022 1:00,1.368
8/10/2022 2:00,1.323
8/10/2022 3:00,1.18
8/10/2022 4:00,1.123
8/10/2022 5:00,1.108
8/10/2022 6:00,1.169
8/10/2022 7:00,1.218
8/10/2022 8:00,1.281
8/10/2022 9:00,1.302
8/10/2022 10:00,1.313
8/10/2022 11:00,1.316
8/10/2022 12:00,1.303
8/10/2022 13:00,1.28
8/10/2022 14:00,1.262
8/10/2022 15:00,1.254
8/10/2022 16:00,1.258
8/10/2022 17:00,1.269
8/10/2022 18:00,1.323
8/10/2022 19:00,1.377
8/10/2022 20:00,1.436
8/10/2022 21:00,1.5
8/10/2022 22:00,1.557
8/10/2022 23:00,1.618
8/11/2022 0:00,1.665
8/11/2022 1:00,1.702
8/11/2022 2:00,1.747
8/11/2022 3:00,1.768
8/11/2022 4:00,1.758
8/11/2022 5:00,1.866
8/11/2022 6:00,1.834
8/11/2022 7:00,1.83
8/11/2022 8:00,1.853
8/11/2022 9:00,1.831
8/11/2022 10:00,1.765
8/11/2022 11:00,1.682
8/11/2022 12:00,1.613
8/11/2022 13:00,1.546
8/11/2022 14:00,1.477
8/11/2022 15:00,1.403
8/11/2022 16:00,1.328
8/11/2022 17:00,1.304
8/11/2022 18:00,1.334
8/11/2022 19:00,1.34
8/11/2022 20:00,1.316
8/11/2022 21:00,1.287
8/11/2022 22:00,1.266
8/11/2022 23:00,1.23
8/12/2022 0:00,1.186
8/12/2022 1:00,1.173
8/12/2022 2:00,1.165
8/12/2022 3:00,1.08
8/12/2022 4:00,0.975
8/12/2022 5:00,0.98
8/12/2022 6:00,1.037
8/12/2022 7:00,1.08
8/12/2022 8:00,1.098
8/12/2022 9:00,1.063
8/12/2022 10:00,1.029
8/12/2022 11:00,1.02
8/12/2022 12:00,1.028
8/12/2022 13:00,1.028
8/12/2022 14:00,1.011
8/12/2022 15:00,1.003
8/12/2022 16:00,1.047
8/12/2022 17:00,1.122
8/12/2022 18:00,1.237
8/12/2022 19:00,1.263
8/12/2022 20:00,1.245
8/12/2022 21:00,1.21
8/12/2022 22:00,1.164
8/12/2022 23:00,1.109
8/13/2022 0:00,1.081
8/13/2022 1:00,1.057
8/13/2022 2:00,1.057
8/13/2022 3:00,0.933
8/13/2022 4:00,0.684
8/13/2022 5:00,0.576
8/13/2022 6:00,0.563
8/13/2022 7:00,0.486
8/13/2022 8:00,0.425
8/13/2022 9:00,0.378
8/13/2022 10:00,0.36
8/13/2022 11:00,0.368
8/13/2022 12:00,0.394
8/13/2022 13:00,0.425
8/13/2022 14:00,0.455
8/13/2022 15:00,0.478
8/13/2022 16:00,0.517
8/13/2022 17:00,0.726
8/13/2022 18:00,0.91
8/13/2022 19:00,0.917
8/13/2022 20:00,0.929
8/13/2022 21:00,0.971
8/13/2022 22:00,1.019
8/13/2022 23:00,1.012
8/14/2022 0:00,1.03
8/14/2022 1:00,1.049
8/14/2022 2:00,1.073
8/14/2022 3:00,0.975
8/14/2022 4:00,0.818
8/14/2022 5:00,0.728
8/14/2022 6:00,0.739
8/14/2022 7:00,0.751
8/14/2022 8:00,0.765
8/14/2022 9:00,0.738
8/14/2022 10:00,0.691
8/14/2022 11:00,0.647
8/14/2022 12:00,0.618
8/14/2022 13:00,0.606
8/14/2022 14:00,0.611
8/14/2022 15:00,0.666
8/14/2022 16:00,0.765
8/14/2022 17:00,0.988
8/14/2022 18:00,1.216
8/14/2022 19:00,1.294
8/14/2022 20:00,1.284
8/14/2022 21:00,1.239
8/14/2022 22:00,1.176
8/14/2022 23:00,1.139
8/15/2022 0:00,1.124
8/15/2022 1:00,1.113
8/15/2022 2:00,1.116
8/15/2022 3:00,1.086
8/15/2022 4:00,0.923
8/15/2022 5:00,0.797
8/15/2022 6:00,0.813
8/15/2022 7:00,0.82
8/15/2022 8:00,0.8
8/15/2022 9:00,0.799
8/15/2022 10:00,0.796
8/15/2022 11:00,0.776
8/15/2022 12:00,0.746
8/15/2022 13:00,0.713
8/15/2022 14:00,0.683
8/15/2022 15:00,0.713
8/15/2022 16:00,0.811
8/15/2022 17:00,0.935
8/15/2022 18:00,1.031
8/15/2022 19:00,1.034
8/15/2022 20:00,1.005
8/15/2022 21:00,1.002
8/15/2022 22:00,0.987
8/15/2022 23:00,0.973
8/16/2022 0:00,0.98
8/16/2022 1:00,0.99
8/16/2022 2:00,1.014
8/16/2022 3:00,0.992
8/16/2022 4:00,0.916
8/16/2022 5:00,0.826
8/16/2022 6:00,0.775
8/16/2022 7:00,0.801
8/16/2022 8:00,0.786
8/16/2022 9:00,0.741
8/16/2022 10:00,0.724
8/16/2022 11:00,0.738
8/16/2022 12:00,0.766
8/16/2022 13:00,0.793
8/16/2022 14:00,0.827
8/16/2022 15:00,0.861
8/16/2022 16:00,0.928
8/16/2022 17:00,1.029
8/16/2022 18:00,1.093
8/16/2022 19:00,1.074
8/16/2022 20:00,1.058
8/16/2022 21:00,1.054
8/16/2022 22:00,1.046
8/16/2022 23:00,1.041
8/17/2022 0:00,1.033
8/17/2022 1:00,1.025
8/17/2022 2:00,1.033
8/17/2022 3:00,0.99
8/17/2022 4:00,0.919
8/17/2022 5:00,0.883
8/17/2022 6:00,0.917
8/17/2022 7:00,1.018
8/17/2022 8:00,1.137
8/17/2022 9:00,1.2
8/17/2022 10:00,1.26
8/17/2022 11:00,1.307
8/17/2022 12:00,1.274
8/17/2022 13:00,1.183
8/17/2022 14:00,1.111
8/17/2022 15:00,1.048
8/17/2022 16:00,0.974
8/17/2022 17:00,0.94
8/17/2022 18:00,0.951
8/17/2022 19:00,0.955
8/17/2022 20:00,0.938
8/17/2022 21:00,0.896
8/17/2022 22:00,0.852
8/17/2022 23:00,0.815
8/18/2022 0:00,0.799
8/18/2022 1:00,0.815
8/18/2022 2:00,0.835
8/18/2022 3:00,0.832
8/18/2022 4:00,0.77
8/18/2022 5:00,0.662
8/18/2022 6:00,0.609
8/18/2022 7:00,0.614
8/18/2022 8:00,0.61
8/18/2022 9:00,0.591
8/18/2022 10:00,0.556
8/18/2022 11:00,0.518
8/18/2022 12:00,0.492
8/18/2022 13:00,0.467
8/18/2022 14:00,0.465
8/18/2022 15:00,0.506
8/18/2022 16:00,0.598
8/18/2022 17:00,0.716
8/18/2022 18:00,0.816
8/18/2022 19:00,0.894
8/18/2022 20:00,0.967
8/18/2022 21:00,1.042
8/18/2022 22:00,1.059
8/18/2022 23:00,1.049
8/19/2022 0:00,1.037
8/19/2022 1:00,1.022
8/19/2022 2:00,1.035
8/19/2022 3:00,1.063
8/19/2022 4:00,1.038
8/19/2022 5:00,0.98
8/19/2022 6:00,0.954
8/19/2022 7:00,0.945
8/19/2022 8:00,0.984
8/19/2022 9:00,0.981
8/19/2022 10:00,0.951
8/19/2022 11:00,0.91
8/19/2022 12:00,0.864
8/19/2022 13:00,0.844
8/19/2022 14:00,0.851
8/19/2022 15:00,0.911
8/19/2022 16:00,0.974
8/19/2022 17:00,1.079
8/19/2022 18:00,1.188
8/19/2022 19:00,1.247
8/19/2022 20:00,1.287
8/19/2022 21:00,1.289
8/19/2022 22:00,1.313
8/19/2022 23:00,1.359
8/20/2022 0:00,1.401
8/20/2022 1:00,1.428
8/20/2022 2:00,1.464
8/20/2022 3:00,1.503
8/20/2022 4:00,1.508
8/20/2022 5:00,1.544
8/20/2022 6:00,1.611
8/20/2022 7:00,1.644
8/20/2022 8:00,1.74
8/20/2022 9:00,1.811
8/20/2022 10:00,1.825
8/20/2022 11:00,1.809
8/20/2022 12:00,1.782
8/20/2022 13:00,1.78
8/20/2022 14:00,1.733
8/20/2022 15:00,1.657
8/20/2022 16:00,1.672
8/20/2022 17:00,1.686
8/20/2022 18:00,1.66
8/20/2022 19:00,1.609
8/20/2022 20:00,1.585
8/20/2022 21:00,1.636
8/20/2022 22:00,1.662
8/20/2022 23:00,1.655
8/21/2022 0:00,1.616
8/21/2022 1:00,1.605
8/21/2022 2:00,1.603
8/21/2022 3:00,1.595
8/21/2022 4:00,1.604
8/21/2022 5:00,1.658
8/21/2022 6:00,1.671
8/21/2022 7:00,1.694
8/21/2022 8:00,1.705
8/21/2022 9:00,1.678
8/21/2022 10:00,1.598
8/21/2022 11:00,1.496
8/21/2022 12:00,1.41
8/21/2022 13:00,1.333
8/21/2022 14:00,1.273
8/21/2022 15:00,1.215
8/21/2022 16:00,1.222
8/21/2022 17:00,1.261
8/21/2022 18:00,1.334
8/21/2022 19:00,1.394
8/21/2022 20:00,1.442
8/21/2022 21:00,1.475
8/21/2022 22:00,1.477
8/21/2022 23:00,1.426
8/22/2022 0:00,1.376
8/22/2022 1:00,1.305
8/22/2022 2:00,1.208
8/22/2022 3:00,1.127
8/22/2022 4:00,1.097
8/22/2022 5:00,1.116
8/22/2022 6:00,1.14
8/22/2022 7:00,1.127
8/22/2022 8:00,1.098
8/22/2022 9:00,1.101
8/22/2022 10:00,1.12
8/22/2022 11:00,1.084
8/22/2022 12:00,0.999
8/22/2022 13:00,0.906
8/22/2022 14:00,0.821
8/22/2022 15:00,0.767
8/22/2022 16:00,0.822
8/22/2022 17:00,1.044
8/22/2022 18:00,1.179
8/22/2022 19:00,1.207
8/22/2022 20:00,1.165
8/22/2022 21:00,1.065
8/22/2022 22:00,0.928
8/22/2022 23:00,0.825
8/23/2022 0:00,0.728
8/23/2022 1:00,0.782
8/23/2022 2:00,0.85
8/23/2022 3:00,0.816
8/23/2022 4:00,0.715
8/23/2022 5:00,0.65
8/23/2022 6:00,0.672
8/23/2022 7:00,0.746
8/23/2022 8:00,0.789
8/23/2022 9:00,0.802
8/23/2022 10:00,0.776
8/23/2022 11:00,0.728
8/23/2022 12:00,0.683
8/23/2022 13:00,0.661
8/23/2022 14:00,0.674
8/23/2022 15:00,0.721
8/23/2022 16:00,0.807
8/23/2022 17:00,0.987
8/23/2022 18:00,1.131
8/23/2022 19:00,1.181
8/23/2022 20:00,1.175
8/23/2022 21:00,1.137
8/23/2022 22:00,1.081
8/23/2022 23:00,1.048
8/24/2022 0:00,1.039
8/24/2022 1:00,1.025
8/24/2022 2:00,1.024
8/24/2022 3:00,0.983
8/24/2022 4:00,0.857
8/24/2022 5:00,0.717
8/24/2022 6:00,0.648
8/24/2022 7:00,0.646
8/24/2022 8:00,0.662
8/24/2022 9:00,0.681
8/24/2022 10:00,0.711
8/24/2022 11:00,0.746
8/24/2022 12:00,0.78
8/24/2022 13:00,0.815
8/24/2022 14:00,0.853
8/24/2022 15:00,0.856
8/24/2022 16:00,0.884
8/24/2022 17:00,0.963
8/24/2022 18:00,1.032
8/24/2022 19:00,1.066
8/24/2022 20:00,1.096
8/24/2022 21:00,1.137
8/24/2022 22:00,1.18
8/24/2022 23:00,1.224
8/25/2022 0:00,1.254
8/25/2022 1:00,1.292
8/25/2022 2:00,1.32
8/25/2022 3:00,1.274
8/25/2022 4:00,1.167
8/25/2022 5:00,1.116
8/25/2022 6:00,1.086
8/25/2022 7:00,1.031
8/25/2022 8:00,0.982
8/25/2022 9:00,0.934
8/25/2022 10:00,0.877
8/25/2022 11:00,0.817
8/25/2022 12:00,0.768
8/25/2022 13:00,0.723
8/25/2022 14:00,0.688
8/25/2022 15:00,0.7
8/25/2022 16:00,0.774
8/25/2022 17:00,1.022
8/25/2022 18:00,1.182
8/25/2022 19:00,1.246
8/25/2022 20:00,1.276
8/25/2022 21:00,1.274
8/25/2022 22:00,1.253
8/25/2022 23:00,1.258
8/26/2022 0:00,1.267
8/26/2022 1:00,1.253
8/26/2022 2:00,1.244
8/26/2022 3:00,1.182
8/26/2022 4:00,1.037
8/26/2022 5:00,0.935
8/26/2022 6:00,0.922
8/26/2022 7:00,0.916
8/26/2022 8:00,0.901
8/26/2022 9:00,0.884
8/26/2022 10:00,0.873
8/26/2022 11:00,0.88
8/26/2022 12:00,0.895
8/26/2022 13:00,0.908
8/26/2022 14:00,0.913
8/26/2022 15:00,0.929
8/26/2022 16:00,0.996
8/26/2022 17:00,1.164
8/26/2022 18:00,1.281
8/26/2022 19:00,1.314
8/26/2022 20:00,1.302
8/26/2022 21:00,1.284
8/26/2022 22:00,1.265
8/26/2022 23:00,1.238
8/27/2022 0:00,1.22
8/27/2022 1:00,1.198
8/27/2022 2:00,1.18
8/27/2022 3:00,1.162
8/27/2022 4:00,1.04
8/27/2022 5:00,0.901
8/27/2022 6:00,0.865
8/27/2022 7:00,0.839
8/27/2022 8:00,0.828
8/27/2022 9:00,0.764
8/27/2022 10:00,0.726
8/27/2022 11:00,0.707
8/27/2022 12:00,0.685
8/27/2022 13:00,0.647
8/27/2022 14:00,0.598
8/27/2022 15:00,0.56
8/27/2022 16:00,0.588
8/27/2022 17:00,0.793
8/27/2022 18:00,0.886
8/27/2022 19:00,0.919
8/27/2022 20:00,0.935
8/27/2022 21:00,0.965
8/27/2022 22:00,0.968
8/27/2022 23:00,0.963
8/28/2022 0:00,0.98
8/28/2022 1:00,0.989
8/28/2022 2:00,0.986
8/28/2022 3:00,0.959
8/28/2022 4:00,0.749
8/28/2022 5:00,0.606
8/28/2022 6:00,0.578
8/28/2022 7:00,0.644
8/28/2022 8:00,0.674
8/28/2022 9:00,0.662
8/28/2022 10:00,0.658
8/28/2022 11:00,0.673
8/28/2022 12:00,0.705
8/28/2022 13:00,0.758
8/28/2022 14:00,0.815
8/28/2022 15:00,0.874
8/28/2022 16:00,0.985
8/28/2022 17:00,1.115
8/28/2022 18:00,1.244
8/28/2022 19:00,1.349
8/28/2022 20:00,1.377
8/28/2022 21:00,1.383
8/28/2022 22:00,1.418
8/28/2022 23:00,1.463
8/29/2022 0:00,1.508
8/29/2022 1:00,1.559
8/29/2022 2:00,1.615
8/29/2022 3:00,1.643
8/29/2022 4:00,1.653
8/29/2022 5:00,1.66
8/29/2022 6:00,1.668
8/29/2022 7:00,1.671
8/29/2022 8:00,1.674
8/29/2022 9:00,1.682
8/29/2022 10:00,1.692
8/29/2022 11:00,1.703
8/29/2022 12:00,1.725
8/29/2022 13:00,1.753
8/29/2022 14:00,1.747
8/29/2022 15:00,1.71
8/29/2022 16:00,1.71
8/29/2022 17:00,1.745
8/29/2022 18:00,1.745
8/29/2022 19:00,1.717
8/29/2022 20:00,1.686
8/29/2022 21:00,1.648
8/29/2022 22:00,1.642
8/29/2022 23:00,1.657
8/30/2022 0:00,1.64
8/30/2022 1:00,1.657
8/30/2022 2:00,1.688
8/30/2022 3:00,1.72
8/30/2022 4:00,1.748
8/30/2022 5:00,1.801
8/30/2022 6:00,1.854
8/30/2022 7:00,1.918
8/30/2022 8:00,1.938
8/30/2022 9:00,1.931
8/30/2022 10:00,1.912
8/30/2022 11:00,1.897
8/30/2022 12:00,1.891
8/30/2022 13:00,1.902
8/30/2022 14:00,1.895
8/30/2022 15:00,1.88
8/30/2022 16:00,1.857
8/30/2022 17:00,1.834
8/30/2022 18:00,1.795
8/30/2022 19:00,1.774
8/30/2022 20:00,1.741
8/30/2022 21:00,1.709
8/30/2022 22:00,1.702
8/30/2022 23:00,1.714
8/31/2022 0:00,1.736
8/31/2022 1:00,1.76
8/31/2022 2:00,1.773
8/31/2022 3:00,1.787
8/31/2022 4:00,1.817
8/31/2022 5:00,1.844
8/31/2022 6:00,1.887
8/31/2022 7:00,1.886
8/31/2022 8:00,1.872
8/31/2022 9:00,1.872
8/31/2022 10:00,1.895
8/31/2022 11:00,1.923
8/31/2022 12:00,1.951
8/31/2022 13:00,1.973
8/31/2022 14:00,1.979
8/31/2022 15:00,1.944
8/31/2022 16:00,1.888
8/31/2022 17:00,1.858
8/31/2022 18:00,1.838
8/31/2022 19:00,1.805
8/31/2022 20:00,1.755
8/31/2022 21:00,1.717
8/31/2022 22:00,1.687
8/31/2022 23:00,1.696
9/1/2022 0:00,1.71
9/1/2022 1:00,1.734
9/1/2022 2:00,1.775
9/1/2022 3:00,1.808
9/1/2022 4:00,1.854
9/1/2022 5:00,1.904
9/1/2022 6:00,1.954
9/1/2022 7:00,1.991
9/1/2022 8:00,2.005
9/1/2022 9:00,2.002
9/1/2022 10:00,1.983
9/1/2022 11:00,1.957
9/1/2022 12:00,1.92
9/1/2022 13:00,1.86
9/1/2022 14:00,1.796
9/1/2022 15:00,1.737
9/1/2022 16:00,1.7
9/1/2022 17:00,1.683
9/1/2022 18:00,1.653
9/1/2022 19:00,1.613
9/1/2022 20:00,1.566
9/1/2022 21:00,1.538
9/1/2022 22:00,1.488
9/1/2022 23:00,1.466
9/2/2022 0:00,1.455
9/2/2022 1:00,1.44
9/2/2022 2:00,1.452
9/2/2022 3:00,1.444
9/2/2022 4:00,1.479
9/2/2022 5:00,1.498
9/2/2022 6:00,1.503
9/2/2022 7:00,1.509
9/2/2022 8:00,1.468
9/2/2022 9:00,1.412
9/2/2022 10:00,1.378
9/2/2022 11:00,1.386
9/2/2022 12:00,1.408
9/2/2022 13:00,1.427
9/2/2022 14:00,1.436
9/2/2022 15:00,1.404
9/2/2022 16:00,1.362
9/2/2022 17:00,1.4
9/2/2022 18:00,1.423
9/2/2022 19:00,1.389
9/2/2022 20:00,1.323
9/2/2022 21:00,1.267
9/2/2022 22:00,1.222
9/2/2022 23:00,1.185
9/3/2022 0:00,1.183
9/3/2022 1:00,1.226
9/3/2022 2:00,1.318
9/3/2022 3:00,1.354
9/3/2022 4:00,1.395
9/3/2022 5:00,1.392
9/3/2022 6:00,1.368
9/3/2022 7:00,1.348
9/3/2022 8:00,1.324
9/3/2022 9:00,1.292
9/3/2022 10:00,1.288
9/3/2022 11:00,1.32
9/3/2022 12:00,1.355
9/3/2022 13:00,1.369
9/3/2022 14:00,1.351
9/3/2022 15:00,1.309
9/3/2022 16:00,1.284
9/3/2022 17:00,1.363
9/3/2022 18:00,1.406
9/3/2022 19:00,1.383
9/3/2022 20:00,1.34
9/3/2022 21:00,1.324
9/3/2022 22:00,1.303
9/3/2022 23:00,1.271
9/4/2022 0:00,1.256
9/4/2022 1:00,1.282
9/4/2022 2:00,1.323
9/4/2022 3:00,1.352
9/4/2022 4:00,1.38
9/4/2022 5:00,1.391
9/4/2022 6:00,1.379
9/4/2022 7:00,1.366
9/4/2022 8:00,1.321
9/4/2022 9:00,1.269
9/4/2022 10:00,1.255
9/4/2022 11:00,1.273
9/4/2022 12:00,1.312
9/4/2022 13:00,1.354
9/4/2022 14:00,1.382
9/4/2022 15:00,1.377
9/4/2022 16:00,1.391
9/4/2022 17:00,1.459
9/4/2022 18:00,1.463
9/4/2022 19:00,1.413
9/4/2022 20:00,1.359
9/4/2022 21:00,1.313
9/4/2022 22:00,1.271
9/4/2022 23:00,1.241
9/5/2022 0:00,1.23
9/5/2022 1:00,1.245
9/5/2022 2:00,1.272
9/5/2022 3:00,1.31
9/5/2022 4:00,1.266
9/5/2022 5:00,1.215
9/5/2022 6:00,1.236
9/5/2022 7:00,1.194
9/5/2022 8:00,1.089
9/5/2022 9:00,0.972
9/5/2022 10:00,0.868
9/5/2022 11:00,0.792
9/5/2022 12:00,0.778
9/5/2022 13:00,0.822
9/5/2022 14:00,0.877
9/5/2022 15:00,0.918
9/5/2022 16:00,1.025
9/5/2022 17:00,1.214
9/5/2022 18:00,1.286
9/5/2022 19:00,1.277
9/5/2022 20:00,1.255
9/5/2022 21:00,1.242
9/5/2022 22:00,1.236
9/5/2022 23:00,1.22
9/6/2022 0:00,1.216
9/6/2022 1:00,1.229
9/6/2022 2:00,1.239
9/6/2022 3:00,1.281
9/6/2022 4:00,1.288
9/6/2022 5:00,1.267
9/6/2022 6:00,1.318
9/6/2022 7:00,1.385
9/6/2022 8:00,1.428
9/6/2022 9:00,1.456
9/6/2022 10:00,1.499
9/6/2022 11:00,1.559
9/6/2022 12:00,1.607
9/6/2022 13:00,1.608
9/6/2022 14:00,1.561
9/6/2022 15:00,1.536
9/6/2022 16:00,1.518
9/6/2022 17:00,1.519
9/6/2022 18:00,1.519
9/6/2022 19:00,1.501
9/6/2022 20:00,1.474
9/6/2022 21:00,1.447
9/6/2022 22:00,1.417
9/6/2022 23:00,1.376
9/7/2022 0:00,1.35
9/7/2022 1:00,1.348
9/7/2022 2:00,1.339
9/7/2022 3:00,1.377
9/7/2022 4:00,1.423
9/7/2022 5:00,1.462
9/7/2022 6:00,1.486
9/7/2022 7:00,1.466
9/7/2022 8:00,1.401
9/7/2022 9:00,1.305
9/7/2022 10:00,1.218
9/7/2022 11:00,1.156
9/7/2022 12:00,1.128
9/7/2022 13:00,1.138
9/7/2022 14:00,1.167
9/7/2022 15:00,1.179
9/7/2022 16:00,1.247
9/7/2022 17:00,1.394
9/7/2022 18:00,1.441
9/7/2022 19:00,1.409
9/7/2022 20:00,1.368
9/7/2022 21:00,1.334
9/7/2022 22:00,1.284
9/7/2022 23:00,1.215
9/8/2022 0:00,1.138
9/8/2022 1:00,1.071
9/8/2022 2:00,1.066
9/8/2022 3:00,1.053
9/8/2022 4:00,0.93
9/8/2022 5:00,0.827
9/8/2022 6:00,0.793
9/8/2022 7:00,0.761
9/8/2022 8:00,0.667
9/8/2022 9:00,0.557
9/8/2022 10:00,0.479
9/8/2022 11:00,0.449
9/8/2022 12:00,0.438
9/8/2022 13:00,0.43
9/8/2022 14:00,0.416
9/8/2022 15:00,0.45
9/8/2022 16:00,0.66
9/8/2022 17:00,0.791
9/8/2022 18:00,0.92
9/8/2022 19:00,1.082
9/8/2022 20:00,1.254
9/8/2022 21:00,1.378
9/8/2022 22:00,1.457
9/8/2022 23:00,1.501
9/9/2022 0:00,1.526
9/9/2022 1:00,1.529
9/9/2022 2:00,1.516
9/9/2022 3:00,1.488
9/9/2022 4:00,1.232
9/9/2022 5:00,0.965
9/9/2022 6:00,0.892
9/9/2022 7:00,0.925
9/9/2022 8:00,0.951
9/9/2022 9:00,0.96
9/9/2022 10:00,0.951
9/9/2022 11:00,0.923
9/9/2022 12:00,0.878
9/9/2022 13:00,0.83
9/9/2022 14:00,0.793
9/9/2022 15:00,0.824
9/9/2022 16:00,1.057
9/9/2022 17:00,1.304
9/9/2022 18:00,1.426
9/9/2022 19:00,1.516
9/9/2022 20:00,1.565
9/9/2022 21:00,1.577
9/9/2022 22:00,1.537
9/9/2022 23:00,1.487
9/10/2022 0:00,1.44
9/10/2022 1:00,1.395
9/10/2022 2:00,1.391
9/10/2022 3:00,1.4
9/10/2022 4:00,1.218
9/10/2022 5:00,1.046
9/10/2022 6:00,1
9/10/2022 7:00,1.046
9/10/2022 8:00,1.075
9/10/2022 9:00,1.029
9/10/2022 10:00,0.93
9/10/2022 11:00,0.813
9/10/2022 12:00,0.696
9/10/2022 13:00,0.587
9/10/2022 14:00,0.526
9/10/2022 15:00,0.596
9/10/2022 16:00,0.961
9/10/2022 17:00,1.213
9/10/2022 18:00,1.306
9/10/2022 19:00,1.35
9/10/2022 20:00,1.367
9/10/2022 21:00,1.378
9/10/2022 22:00,1.405
9/10/2022 23:00,1.426
9/11/2022 0:00,1.42
9/11/2022 1:00,1.374
9/11/2022 2:00,1.294
9/11/2022 3:00,1.232
9/11/2022 4:00,1.124
9/11/2022 5:00,0.912
9/11/2022 6:00,0.847
9/11/2022 7:00,0.904
9/11/2022 8:00,0.914
9/11/2022 9:00,0.846
9/11/2022 10:00,0.792
9/11/2022 11:00,0.77
9/11/2022 12:00,0.752
9/11/2022 13:00,0.743
9/11/2022 14:00,0.756
9/11/2022 15:00,0.828
9/11/2022 16:00,1.088
9/11/2022 17:00,1.268
9/11/2022 18:00,1.298
9/11/2022 19:00,1.28
9/11/2022 20:00,1.271
9/11/2022 21:00,1.26
9/11/2022 22:00,1.252
9/11/2022 23:00,1.208
9/12/2022 0:00,1.167
9/12/2022 1:00,1.143
9/12/2022 2:00,1.123
9/12/2022 3:00,1.103
9/12/2022 4:00,0.972
9/12/2022 5:00,0.709
9/12/2022 6:00,0.628
9/12/2022 7:00,0.703
9/12/2022 8:00,0.758
9/12/2022 9:00,0.758
9/12/2022 10:00,0.733
9/12/2022 11:00,0.715
9/12/2022 12:00,0.685
9/12/2022 13:00,0.673
9/12/2022 14:00,0.712
9/12/2022 15:00,0.842
9/12/2022 16:00,1.044
9/12/2022 17:00,1.156
9/12/2022 18:00,1.197
9/12/2022 19:00,1.281
9/12/2022 20:00,1.379
9/12/2022 21:00,1.432
9/12/2022 22:00,1.443
9/12/2022 23:00,1.424
9/13/2022 0:00,1.419
9/13/2022 1:00,1.435
9/13/2022 2:00,1.456
9/13/2022 3:00,1.459
9/13/2022 4:00,1.471
9/13/2022 5:00,1.476
9/13/2022 6:00,1.521
9/13/2022 7:00,1.577
9/13/2022 8:00,1.597
9/13/2022 9:00,1.599
9/13/2022 10:00,1.603
9/13/2022 11:00,1.601
9/13/2022 12:00,1.591
9/13/2022 13:00,1.561
9/13/2022 14:00,1.544
9/13/2022 15:00,1.569
9/13/2022 16:00,1.658
9/13/2022 17:00,1.769
9/13/2022 18:00,1.85
9/13/2022 19:00,1.928
9/13/2022 20:00,1.965
9/13/2022 21:00,1.967
9/13/2022 22:00,1.941
9/13/2022 23:00,1.932
9/14/2022 0:00,1.934
9/14/2022 1:00,1.94
9/14/2022 2:00,1.96
9/14/2022 3:00,1.99
9/14/2022 4:00,2.025
9/14/2022 5:00,2.054
9/14/2022 6:00,2.081
9/14/2022 7:00,2.101
9/14/2022 8:00,2.097
9/14/2022 9:00,2.085
9/14/2022 10:00,2.063
9/14/2022 11:00,1.99
9/14/2022 12:00,1.881
9/14/2022 13:00,1.765
9/14/2022 14:00,1.673
9/14/2022 15:00,1.625
9/14/2022 16:00,1.596
9/14/2022 17:00,1.57
9/14/2022 18:00,1.538
9/14/2022 19:00,1.497
9/14/2022 20:00,1.466
9/14/2022 21:00,1.451
9/14/2022 22:00,1.476
9/14/2022 23:00,1.509
9/15/2022 0:00,1.528
9/15/2022 1:00,1.539
9/15/2022 2:00,1.57
9/15/2022 3:00,1.563
9/15/2022 4:00,1.563
9/15/2022 5:00,1.526
9/15/2022 6:00,1.467
9/15/2022 7:00,1.431
9/15/2022 8:00,1.357
9/15/2022 9:00,1.301
9/15/2022 10:00,1.236
9/15/2022 11:00,1.185
9/15/2022 12:00,1.184
9/15/2022 13:00,1.206
9/15/2022 14:00,1.2
9/15/2022 15:00,1.151
9/15/2022 16:00,1.147
9/15/2022 17:00,1.198
9/15/2022 18:00,1.23
9/15/2022 19:00,1.24
9/15/2022 20:00,1.244
9/15/2022 21:00,1.224
9/15/2022 22:00,1.226
9/15/2022 23:00,1.243
9/16/2022 0:00,1.251
9/16/2022 1:00,1.239
9/16/2022 2:00,1.217
9/16/2022 3:00,1.214
9/16/2022 4:00,1.222
9/16/2022 5:00,1.18
9/16/2022 6:00,1.132
9/16/2022 7:00,1.101
9/16/2022 8:00,1.066
9/16/2022 9:00,1.014
9/16/2022 10:00,0.984
9/16/2022 11:00,0.959
9/16/2022 12:00,0.945
9/16/2022 13:00,0.949
9/16/2022 14:00,0.954
9/16/2022 15:00,0.979
9/16/2022 16:00,1.071
9/16/2022 17:00,1.083
9/16/2022 18:00,1.037
9/16/2022 19:00,1.006
9/16/2022 20:00,0.972
9/16/2022 21:00,0.95
9/16/2022 22:00,0.941
9/16/2022 23:00,0.941
9/17/2022 0:00,0.931
9/17/2022 1:00,0.872
9/17/2022 2:00,0.822
9/17/2022 3:00,0.806
9/17/2022 4:00,0.806
9/17/2022 5:00,0.746
9/17/2022 6:00,0.72
9/17/2022 7:00,0.687
9/17/2022 8:00,0.635
9/17/2022 9:00,0.592
9/17/2022 10:00,0.588
9/17/2022 11:00,0.604
9/17/2022 12:00,0.615
9/17/2022 13:00,0.645
9/17/2022 14:00,0.726
9/17/2022 15:00,0.905
9/17/2022 16:00,1.132
9/17/2022 17:00,1.209
9/17/2022 18:00,1.247
9/17/2022 19:00,1.264
9/17/2022 20:00,1.254
9/17/2022 21:00,1.242
9/17/2022 22:00,1.222
9/17/2022 23:00,1.216
9/18/2022 0:00,1.22
9/18/2022 1:00,1.221
9/18/2022 2:00,1.198
9/18/2022 3:00,1.176
9/18/2022 4:00,1.156
9/18/2022 5:00,1.079
9/18/2022 6:00,1.014
9/18/2022 7:00,0.964
9/18/2022 8:00,0.932
9/18/2022 9:00,0.89
9/18/2022 10:00,0.863
9/18/2022 11:00,0.89
9/18/2022 12:00,0.928
9/18/2022 13:00,0.946
9/18/2022 14:00,0.952
9/18/2022 15:00,1.005
9/18/2022 16:00,1.232
9/18/2022 17:00,1.268
9/18/2022 18:00,1.226
9/18/2022 19:00,1.181
9/18/2022 20:00,1.16
9/18/2022 21:00,1.15
9/18/2022 22:00,1.146
9/18/2022 23:00,1.189
9/19/2022 0:00,1.25
9/19/2022 1:00,1.277
9/19/2022 2:00,1.295
9/19/2022 3:00,1.338
9/19/2022 4:00,1.371
9/19/2022 5:00,1.336
9/19/2022 6:00,1.343
9/19/2022 7:00,1.443
9/19/2022 8:00,1.522
9/19/2022 9:00,1.57
9/19/2022 10:00,1.581
9/19/2022 11:00,1.594
9/19/2022 12:00,1.604
9/19/2022 13:00,1.621
9/19/2022 14:00,1.655
9/19/2022 15:00,1.701
9/19/2022 16:00,1.745
9/19/2022 17:00,1.773
9/19/2022 18:00,1.791
9/19/2022 19:00,1.808
9/19/2022 20:00,1.836
9/19/2022 21:00,1.843
9/19/2022 22:00,1.859
9/19/2022 23:00,1.89
9/20/2022 0:00,1.92
9/20/2022 1:00,1.919
9/20/2022 2:00,1.928
9/20/2022 3:00,1.924
9/20/2022 4:00,1.936
9/20/2022 5:00,1.924
9/20/2022 6:00,1.919
9/20/2022 7:00,1.891
9/20/2022 8:00,1.823
9/20/2022 9:00,1.752
9/20/2022 10:00,1.683
9/20/2022 11:00,1.619
9/20/2022 12:00,1.563
9/20/2022 13:00,1.528
9/20/2022 14:00,1.501
9/20/2022 15:00,1.457
9/20/2022 16:00,1.47
9/20/2022 17:00,1.493
9/20/2022 18:00,1.47
9/20/2022 19:00,1.416
9/20/2022 20:00,1.381
9/20/2022 21:00,1.333
9/20/2022 22:00,1.301
9/20/2022 23:00,1.252
9/21/2022 0:00,1.201
9/21/2022 1:00,1.154
9/21/2022 2:00,1.091
9/21/2022 3:00,1.087
9/21/2022 4:00,1.079
9/21/2022 5:00,1.047
9/21/2022 6:00,0.993
9/21/2022 7:00,0.957
9/21/2022 8:00,0.894
9/21/2022 9:00,0.798
9/21/2022 10:00,0.713
9/21/2022 11:00,0.657
9/21/2022 12:00,0.649
9/21/2022 13:00,0.643
9/21/2022 14:00,0.617
9/21/2022 15:00,0.726
9/21/2022 16:00,0.961
9/21/2022 17:00,0.985
9/21/2022 18:00,0.949
9/21/2022 19:00,0.904
9/21/2022 20:00,0.887
9/21/2022 21:00,0.891
9/21/2022 22:00,0.913
9/21/2022 23:00,0.938
9/22/2022 0:00,0.969
9/22/2022 1:00,1.004
9/22/2022 2:00,1.032
9/22/2022 3:00,1.039
9/22/2022 4:00,1.008
9/22/2022 5:00,0.81
9/22/2022 6:00,0.628
9/22/2022 7:00,0.532
9/22/2022 8:00,0.491
9/22/2022 9:00,0.469
9/22/2022 10:00,0.446
9/22/2022 11:00,0.446
9/22/2022 12:00,0.458
9/22/2022 13:00,0.46
9/22/2022 14:00,0.466
9/22/2022 15:00,0.618
9/22/2022 16:00,0.858
9/22/2022 17:00,0.951
9/22/2022 18:00,0.994
9/22/2022 19:00,1.025
9/22/2022 20:00,1.049
9/22/2022 21:00,1.066
9/22/2022 22:00,1.094
9/22/2022 23:00,1.126
9/23/2022 0:00,1.139
9/23/2022 1:00,1.128
9/23/2022 2:00,1.103
9/23/2022 3:00,1.057
9/23/2022 4:00,0.996
9/23/2022 5:00,0.848
9/23/2022 6:00,0.695
9/23/2022 7:00,0.681
9/23/2022 8:00,0.7
9/23/2022 9:00,0.703
9/23/2022 10:00,0.679
9/23/2022 11:00,0.641
9/23/2022 12:00,0.596
9/23/2022 13:00,0.565
9/23/2022 14:00,0.599
9/23/2022 15:00,0.759
9/23/2022 16:00,0.969
9/23/2022 17:00,1.049
9/23/2022 18:00,1.081
9/23/2022 19:00,1.097
9/23/2022 20:00,1.113
9/23/2022 21:00,1.102
9/23/2022 22:00,1.068
9/23/2022 23:00,1.021
9/24/2022 0:00,1.005
9/24/2022 1:00,0.968
9/24/2022 2:00,0.926
9/24/2022 3:00,0.939
9/24/2022 4:00,0.945
9/24/2022 5:00,0.886
9/24/2022 6:00,0.85
9/24/2022 7:00,0.789
9/24/2022 8:00,0.714
9/24/2022 9:00,0.609
9/24/2022 10:00,0.502
9/24/2022 11:00,0.448
9/24/2022 12:00,0.459
9/24/2022 13:00,0.495
9/24/2022 14:00,0.559
9/24/2022 15:00,0.726
9/24/2022 16:00,0.986
9/24/2022 17:00,1.075
9/24/2022 18:00,1.126
9/24/2022 19:00,1.168
9/24/2022 20:00,1.191
9/24/2022 21:00,1.196
9/24/2022 22:00,1.189
9/24/2022 23:00,1.171
9/25/2022 0:00,1.157
9/25/2022 1:00,1.17
9/25/2022 2:00,1.192
9/25/2022 3:00,1.231
9/25/2022 4:00,1.287
9/25/2022 5:00,1.225
9/25/2022 6:00,1.091
9/25/2022 7:00,1.051
9/25/2022 8:00,1.033
9/25/2022 9:00,1.009
9/25/2022 10:00,1.001
9/25/2022 11:00,1.001
9/25/2022 12:00,0.978
9/25/2022 13:00,0.922
9/25/2022 14:00,0.865
9/25/2022 15:00,0.891
9/25/2022 16:00,0.995
9/25/2022 17:00,1.005
9/25/2022 18:00,0.956
9/25/2022 19:00,0.889
9/25/2022 20:00,0.842
9/25/2022 21:00,0.817
9/25/2022 22:00,0.831
9/25/2022 23:00,0.861
9/26/2022 0:00,0.902
9/26/2022 1:00,0.944
9/26/2022 2:00,0.998
9/26/2022 3:00,1.03
9/26/2022 4:00,1.078
9/26/2022 5:00,1.098
9/26/2022 6:00,1.118
9/26/2022 7:00,1.178
9/26/2022 8:00,1.246
9/26/2022 9:00,1.287
9/26/2022 10:00,1.306
9/26/2022 11:00,1.289
9/26/2022 12:00,1.227
9/26/2022 13:00,1.161
9/26/2022 14:00,1.149
9/26/2022 15:00,1.265
9/26/2022 16:00,1.481
9/26/2022 17:00,1.557
9/26/2022 18:00,1.578
9/26/2022 19:00,1.572
9/26/2022 20:00,1.565
9/26/2022 21:00,1.497
9/26/2022 22:00,1.475
9/26/2022 23:00,1.441
9/27/2022 0:00,1.435
9/27/2022 1:00,1.421
9/27/2022 2:00,1.425
9/27/2022 3:00,1.42
9/27/2022 4:00,1.378
9/27/2022 5:00,1.35
9/27/2022 6:00,1.336
9/27/2022 7:00,1.381
9/27/2022 8:00,1.384
9/27/2022 9:00,1.35
9/27/2022 10:00,1.28
9/27/2022 11:00,1.224
9/27/2022 12:00,1.212
9/27/2022 13:00,1.248
9/27/2022 14:00,1.311
9/27/2022 15:00,1.423
9/27/2022 16:00,1.53
9/27/2022 17:00,1.522
9/27/2022 18:00,1.461
9/27/2022 19:00,1.413
9/27/2022 20:00,1.373
9/27/2022 21:00,1.344
9/27/2022 22:00,1.305
9/27/2022 23:00,1.296
9/28/2022 0:00,1.304
9/28/2022 1:00,1.325
9/28/2022 2:00,1.348
9/28/2022 3:00,1.401
9/28/2022 4:00,1.435
9/28/2022 5:00,1.466
9/28/2022 6:00,1.524
9/28/2022 7:00,1.588
9/28/2022 8:00,1.65
9/28/2022 9:00,1.65
9/28/2022 10:00,1.613
9/28/2022 11:00,1.58
9/28/2022 12:00,1.569
9/28/2022 13:00,1.546
9/28/2022 14:00,1.539
9/28/2022 15:00,1.592
9/28/2022 16:00,1.66
9/28/2022 17:00,1.653
9/28/2022 18:00,1.612
9/28/2022 19:00,1.569
9/28/2022 20:00,1.541
9/28/2022 21:00,1.507
9/28/2022 22:00,1.46
9/28/2022 23:00,1.438
9/29/2022 0:00,1.46
9/29/2022 1:00,1.5
9/29/2022 2:00,1.537
9/29/2022 3:00,1.554
9/29/2022 4:00,1.548
9/29/2022 5:00,1.53
9/29/2022 6:00,1.501
9/29/2022 7:00,1.453
9/29/2022 8:00,1.387
9/29/2022 9:00,1.327
9/29/2022 10:00,1.282
9/29/2022 11:00,1.24
9/29/2022 12:00,1.193
9/29/2022 13:00,1.142
9/29/2022 14:00,1.1
9/29/2022 15:00,1.096
9/29/2022 16:00,1.086
9/29/2022 17:00,1.043
9/29/2022 18:00,0.994
9/29/2022 19:00,0.975
9/29/2022 20:00,0.952
9/29/2022 21:00,0.923
9/29/2022 22:00,0.909
9/29/2022 23:00,0.888
9/30/2022 0:00,0.873
9/30/2022 1:00,0.866
9/30/2022 2:00,0.863
9/30/2022 3:00,0.856
9/30/2022 4:00,0.846
9/30/2022 5:00,0.802
9/30/2022 6:00,0.761
9/30/2022 7:00,0.709
9/30/2022 8:00,0.677
9/30/2022 9:00,0.686
9/30/2022 10:00,0.737
9/30/2022 11:00,0.802
9/30/2022 12:00,0.865
9/30/2022 13:00,0.912
9/30/2022 14:00,0.947
9/30/2022 15:00,1.112
9/30/2022 16:00,1.248
9/30/2022 17:00,1.278
9/30/2022 18:00,1.257
9/30/2022 19:00,1.218
9/30/2022 20:00,1.189
9/30/2022 21:00,1.175
9/30/2022 22:00,1.169
9/30/2022 23:00,1.167
10/1/2022 0:00,1.17
10/1/2022 1:00,1.213
10/1/2022 2:00,1.26
10/1/2022 3:00,1.291
10/1/2022 4:00,1.295
10/1/2022 5:00,1.24
10/1/2022 6:00,1.201
10/1/2022 7:00,1.223
10/1/2022 8:00,1.278
10/1/2022 9:00,1.29
10/1/2022 10:00,1.245
10/1/2022 11:00,1.173
10/1/2022 12:00,1.11
10/1/2022 13:00,1.071
10/1/2022 14:00,1.065
10/1/2022 15:00,1.139
10/1/2022 16:00,1.318
10/1/2022 17:00,1.375
10/1/2022 18:00,1.358
10/1/2022 19:00,1.291
10/1/2022 20:00,1.236
10/1/2022 21:00,1.235
10/1/2022 22:00,1.24
10/1/2022 23:00,1.238
10/2/2022 0:00,1.232
10/2/2022 1:00,1.227
10/2/2022 2:00,1.23
10/2/2022 3:00,1.208
10/2/2022 4:00,1.184
10/2/2022 5:00,1.15
10/2/2022 6:00,1.086
10/2/2022 7:00,1.075
10/2/2022 8:00,1.075
10/2/2022 9:00,1.03
10/2/2022 10:00,0.94
10/2/2022 11:00,0.868
10/2/2022 12:00,0.845
10/2/2022 13:00,0.847
10/2/2022 14:00,0.893
10/2/2022 15:00,1.088
10/2/2022 16:00,1.199
10/2/2022 17:00,1.205
10/2/2022 18:00,1.189
10/2/2022 19:00,1.216
10/2/2022 20:00,1.219
10/2/2022 21:00,1.198
10/2/2022 22:00,1.184
10/2/2022 23:00,1.201
10/3/2022 0:00,1.244
10/3/2022 1:00,1.23
10/3/2022 2:00,1.203
10/3/2022 3:00,1.168
10/3/2022 4:00,1.13
10/3/2022 5:00,1.089
10/3/2022 6:00,0.988
10/3/2022 7:00,1.012
10/3/2022 8:00,1.111
10/3/2022 9:00,1.199
10/3/2022 10:00,1.309
10/3/2022 11:00,1.386
10/3/2022 12:00,1.465
10/3/2022 13:00,1.546
10/3/2022 14:00,1.651
10/3/2022 15:00,1.758
10/3/2022 16:00,1.839
10/3/2022 17:00,1.887
10/3/2022 18:00,1.921
10/3/2022 19:00,1.949
10/3/2022 20:00,1.954
10/3/2022 21:00,1.937
10/3/2022 22:00,1.903
10/3/2022 23:00,1.895
10/4/2022 0:00,1.888
10/4/2022 1:00,1.874
10/4/2022 2:00,1.848
10/4/2022 3:00,1.838
10/4/2022 4:00,1.821
10/4/2022 5:00,1.78
10/4/2022 6:00,1.724
10/4/2022 7:00,1.66
10/4/2022 8:00,1.62
10/4/2022 9:00,1.581
10/4/2022 10:00,1.53
10/4/2022 11:00,1.479
10/4/2022 12:00,1.427
10/4/2022 13:00,1.361
10/4/2022 14:00,1.271
10/4/2022 15:00,1.283
10/4/2022 16:00,1.302
10/4/2022 17:00,1.263
10/4/2022 18:00,1.24
10/4/2022 19:00,1.223
10/4/2022 20:00,1.172
10/4/2022 21:00,1.132
10/4/2022 22:00,1.063
10/4/2022 23:00,1.023
10/5/2022 0:00,0.953
10/5/2022 1:00,0.899
10/5/2022 2:00,0.927
10/5/2022 3:00,1.01
10/5/2022 4:00,1.114
10/5/2022 5:00,1.233
10/5/2022 6:00,1.274
10/5/2022 7:00,1.323
10/5/2022 8:00,1.421
10/5/2022 9:00,1.442
10/5/2022 10:00,1.372
10/5/2022 11:00,1.299
10/5/2022 12:00,1.219
10/5/2022 13:00,1.196
10/5/2022 14:00,1.206
10/5/2022 15:00,1.24
10/5/2022 16:00,1.281
10/5/2022 17:00,1.351
10/5/2022 18:00,1.413
10/5/2022 19:00,1.458
10/5/2022 20:00,1.501
10/5/2022 21:00,1.547
10/5/2022 22:00,1.624
10/5/2022 23:00,1.702
10/6/2022 0:00,1.787
10/6/2022 1:00,1.863
10/6/2022 2:00,1.947
10/6/2022 3:00,2.07
10/6/2022 4:00,2.072
10/6/2022 5:00,2.063
10/6/2022 6:00,2.134
10/6/2022 7:00,2.135
10/6/2022 8:00,2.095
10/6/2022 9:00,2.078
10/6/2022 10:00,2.045
10/6/2022 11:00,2.038
10/6/2022 12:00,2.069
10/6/2022 13:00,2.082
10/6/2022 14:00,2.063
10/6/2022 15:00,2.045
10/6/2022 16:00,2.06
10/6/2022 17:00,2.087
10/6/2022 18:00,2.138
10/6/2022 19:00,2.153
10/6/2022 20:00,2.142
10/6/2022 21:00,2.125
10/6/2022 22:00,2.16
10/6/2022 23:00,2.184
10/7/2022 0:00,2.261
10/7/2022 1:00,2.253
10/7/2022 2:00,2.241
10/7/2022 3:00,2.227
10/7/2022 4:00,2.215
10/7/2022 5:00,2.171
10/7/2022 6:00,2.089
10/7/2022 7:00,2.036
10/7/2022 8:00,2.001
10/7/2022 9:00,1.963
10/7/2022 10:00,1.991
10/7/2022 11:00,2.015
10/7/2022 12:00,2.014
10/7/2022 13:00,1.985
10/7/2022 14:00,2.007
10/7/2022 15:00,2.087
10/7/2022 16:00,2.148
10/7/2022 17:00,2.205
10/7/2022 18:00,2.258
10/7/2022 19:00,2.282
10/7/2022 20:00,2.304
10/7/2022 21:00,2.327
10/7/2022 22:00,2.341
10/7/2022 23:00,2.333
10/8/2022 0:00,2.324
10/8/2022 1:00,2.31
10/8/2022 2:00,2.297
10/8/2022 3:00,2.284
10/8/2022 4:00,2.259
10/8/2022 5:00,2.244
10/8/2022 6:00,2.224
10/8/2022 7:00,2.205
10/8/2022 8:00,2.179
10/8/2022 9:00,2.154
10/8/2022 10:00,2.12
10/8/2022 11:00,2.037
10/8/2022 12:00,1.953
10/8/2022 13:00,1.847
10/8/2022 14:00,1.76
10/8/2022 15:00,1.704
10/8/2022 16:00,1.679
10/8/2022 17:00,1.66
10/8/2022 18:00,1.649
10/8/2022 19:00,1.618
10/8/2022 20:00,1.572
10/8/2022 21:00,1.521
10/8/2022 22:00,1.451
10/8/2022 23:00,1.427
10/9/2022 0:00,1.416
10/9/2022 1:00,1.387
10/9/2022 2:00,1.437
10/9/2022 3:00,1.475
10/9/2022 4:00,1.471
10/9/2022 5:00,1.503
10/9/2022 6:00,1.505
10/9/2022 7:00,1.515
10/9/2022 8:00,1.605
10/9/2022 9:00,1.623
10/9/2022 10:00,1.596
10/9/2022 11:00,1.571
10/9/2022 12:00,1.541
10/9/2022 13:00,1.503
10/9/2022 14:00,1.499
10/9/2022 15:00,1.563
10/9/2022 16:00,1.572
10/9/2022 17:00,1.526
10/9/2022 18:00,1.502
10/9/2022 19:00,1.48
10/9/2022 20:00,1.481
10/9/2022 21:00,1.511
10/9/2022 22:00,1.523
10/9/2022 23:00,1.546
10/10/2022 0:00,1.568
10/10/2022 1:00,1.583
10/10/2022 2:00,1.597
10/10/2022 3:00,1.609
10/10/2022 4:00,1.624
10/10/2022 5:00,1.649
10/10/2022 6:00,1.652
10/10/2022 7:00,1.719
10/10/2022 8:00,1.821
10/10/2022 9:00,1.839
10/10/2022 10:00,1.845
10/10/2022 11:00,1.842
10/10/2022 12:00,1.818
10/10/2022 13:00,1.792
10/10/2022 14:00,1.75
10/10/2022 15:00,1.801
10/10/2022 16:00,1.849
10/10/2022 17:00,1.851
10/10/2022 18:00,1.858
10/10/2022 19:00,1.914
10/10/2022 20:00,1.984
10/10/2022 21:00,2.011
10/10/2022 22:00,2.001
10/10/2022 23:00,1.98
10/11/2022 0:00,1.988
10/11/2022 1:00,1.97
10/11/2022 2:00,1.986
10/11/2022 3:00,2.012
10/11/2022 4:00,2.022
10/11/2022 5:00,2.04
10/11/2022 6:00,2.043
10/11/2022 7:00,2.044
10/11/2022 8:00,2.019
10/11/2022 9:00,2.008
10/11/2022 10:00,1.984
10/11/2022 11:00,1.913
10/11/2022 12:00,1.836
10/11/2022 13:00,1.83
10/11/2022 14:00,1.918
10/11/2022 15:00,1.897
10/11/2022 16:00,1.826
10/11/2022 17:00,1.734
10/11/2022 18:00,1.633
10/11/2022 19:00,1.562
10/11/2022 20:00,1.518
10/11/2022 21:00,1.489
10/11/2022 22:00,1.472
10/11/2022 23:00,1.46
10/12/2022 0:00,1.457
10/12/2022 1:00,1.472
10/12/2022 2:00,1.474
10/12/2022 3:00,1.473
10/12/2022 4:00,1.424
10/12/2022 5:00,1.399
10/12/2022 6:00,1.352
10/12/2022 7:00,1.372
10/12/2022 8:00,1.519
10/12/2022 9:00,1.549
10/12/2022 10:00,1.525
10/12/2022 11:00,1.502
10/12/2022 12:00,1.478
10/12/2022 13:00,1.444
10/12/2022 14:00,1.404
10/12/2022 15:00,1.421
10/12/2022 16:00,1.407
10/12/2022 17:00,1.363
10/12/2022 18:00,1.329
10/12/2022 19:00,1.303
10/12/2022 20:00,1.264
10/12/2022 21:00,1.228
10/12/2022 22:00,1.236
10/12/2022 23:00,1.261
10/13/2022 0:00,1.318
10/13/2022 1:00,1.352
10/13/2022 2:00,1.377
10/13/2022 3:00,1.395
10/13/2022 4:00,1.426
10/13/2022 5:00,1.453
10/13/2022 6:00,1.467
10/13/2022 7:00,1.456
10/13/2022 8:00,1.522
10/13/2022 9:00,1.533
10/13/2022 10:00,1.456
10/13/2022 11:00,1.374
10/13/2022 12:00,1.313
10/13/2022 13:00,1.269
10/13/2022 14:00,1.247
10/13/2022 15:00,1.313
10/13/2022 16:00,1.362
10/13/2022 17:00,1.386
10/13/2022 18:00,1.417
10/13/2022 19:00,1.438
10/13/2022 20:00,1.415
10/13/2022 21:00,1.362
10/13/2022 22:00,1.346
10/13/2022 23:00,1.334
10/14/2022 0:00,1.31
10/14/2022 1:00,1.298
10/14/2022 2:00,1.302
10/14/2022 3:00,1.32
10/14/2022 4:00,1.321
10/14/2022 5:00,1.305
10/14/2022 6:00,1.289
10/14/2022 7:00,1.275
10/14/2022 8:00,1.241
10/14/2022 9:00,1.237
10/14/2022 10:00,1.224
10/14/2022 11:00,1.178
10/14/2022 12:00,1.108
10/14/2022 13:00,1.07
10/14/2022 14:00,1.035
10/14/2022 15:00,1.065
10/14/2022 16:00,1.135
10/14/2022 17:00,1.152
10/14/2022 18:00,1.142
10/14/2022 19:00,1.132
10/14/2022 20:00,1.108
10/14/2022 21:00,1.086
10/14/2022 22:00,1.084
10/14/2022 23:00,1.109
10/15/2022 0:00,1.131
10/15/2022 1:00,1.156
10/15/2022 2:00,1.215
10/15/2022 3:00,1.276
10/15/2022 4:00,1.305
10/15/2022 5:00,1.324
10/15/2022 6:00,1.35
10/15/2022 7:00,1.335
10/15/2022 8:00,1.302
10/15/2022 9:00,1.305
10/15/2022 10:00,1.291
10/15/2022 11:00,1.243
10/15/2022 12:00,1.19
10/15/2022 13:00,1.174
10/15/2022 14:00,1.194
10/15/2022 15:00,1.25
10/15/2022 16:00,1.36
10/15/2022 17:00,1.442
10/15/2022 18:00,1.478
10/15/2022 19:00,1.473
10/15/2022 20:00,1.453
10/15/2022 21:00,1.441
10/15/2022 22:00,1.423
10/15/2022 23:00,1.429
10/16/2022 0:00,1.435
10/16/2022 1:00,1.435
10/16/2022 2:00,1.469
10/16/2022 3:00,1.46
10/16/2022 4:00,1.497
10/16/2022 5:00,1.501
10/16/2022 6:00,1.527
10/16/2022 7:00,1.522
10/16/2022 8:00,1.513
10/16/2022 9:00,1.476
10/16/2022 10:00,1.409
10/16/2022 11:00,1.34
10/16/2022 12:00,1.368
10/16/2022 13:00,1.431
10/16/2022 14:00,1.565
10/16/2022 15:00,1.62
10/16/2022 16:00,1.634
10/16/2022 17:00,1.724
10/16/2022 18:00,1.743
10/16/2022 19:00,1.761
10/16/2022 20:00,1.88
10/16/2022 21:00,1.947
10/16/2022 22:00,1.997
10/16/2022 23:00,2.091
10/17/2022 0:00,2.182
10/17/2022 1:00,2.222
10/17/2022 2:00,2.235
10/17/2022 3:00,2.241
10/17/2022 4:00,2.245
10/17/2022 5:00,2.268
10/17/2022 6:00,2.241
10/17/2022 7:00,2.163
10/17/2022 8:00,2.102
10/17/2022 9:00,2.021
10/17/2022 10:00,1.94
10/17/2022 11:00,1.849
10/17/2022 12:00,1.743
10/17/2022 13:00,1.67
10/17/2022 14:00,1.666
10/17/2022 15:00,1.673
10/17/2022 16:00,1.645
10/17/2022 17:00,1.573
10/17/2022 18:00,1.482
10/17/2022 19:00,1.387
10/17/2022 20:00,1.32
10/17/2022 21:00,1.296
10/17/2022 22:00,1.247
10/17/2022 23:00,1.169
10/18/2022 0:00,1.153
10/18/2022 1:00,1.139
10/18/2022 2:00,1.136
10/18/2022 3:00,1.161
10/18/2022 4:00,1.171
10/18/2022 5:00,1.149
10/18/2022 6:00,1.155
10/18/2022 7:00,1.197
10/18/2022 8:00,1.24
10/18/2022 9:00,1.311
10/18/2022 10:00,1.398
10/18/2022 11:00,1.453
10/18/2022 12:00,1.456
10/18/2022 13:00,1.47
10/18/2022 14:00,1.488
10/18/2022 15:00,1.483
10/18/2022 16:00,1.479
10/18/2022 17:00,1.494
10/18/2022 18:00,1.537
10/18/2022 19:00,1.575
10/18/2022 20:00,1.599
10/18/2022 21:00,1.591
10/18/2022 22:00,1.606
10/18/2022 23:00,1.617
10/19/2022 0:00,1.685
10/19/2022 1:00,1.703
10/19/2022 2:00,1.735
10/19/2022 3:00,1.749
10/19/2022 4:00,1.749
10/19/2022 5:00,1.75
10/19/2022 6:00,1.746
10/19/2022 7:00,1.72
10/19/2022 8:00,1.687
10/19/2022 9:00,1.663
10/19/2022 10:00,1.625
10/19/2022 11:00,1.581
10/19/2022 12:00,1.537
10/19/2022 13:00,1.498
10/19/2022 14:00,1.474
10/19/2022 15:00,1.488
10/19/2022 16:00,1.455
10/19/2022 17:00,1.42
10/19/2022 18:00,1.411
10/19/2022 19:00,1.405
10/19/2022 20:00,1.395
10/19/2022 21:00,1.388
10/19/2022 22:00,1.389
10/19/2022 23:00,1.393
10/20/2022 0:00,1.415
10/20/2022 1:00,1.416
10/20/2022 2:00,1.444
10/20/2022 3:00,1.377
10/20/2022 4:00,1.334
10/20/2022 5:00,1.321
10/20/2022 6:00,1.285
10/20/2022 7:00,1.202
10/20/2022 8:00,1.088
10/20/2022 9:00,0.999
10/20/2022 10:00,0.965
10/20/2022 11:00,0.922
10/20/2022 12:00,0.834
10/20/2022 13:00,0.767
10/20/2022 14:00,0.941
10/20/2022 15:00,1.05
10/20/2022 16:00,1.012
10/20/2022 17:00,0.964
10/20/2022 18:00,0.93
10/20/2022 19:00,0.94
10/20/2022 20:00,0.95
10/20/2022 21:00,0.954
10/20/2022 22:00,0.944
10/20/2022 23:00,0.958
10/21/2022 0:00,1
10/21/2022 1:00,1.021
10/21/2022 2:00,1.018
10/21/2022 3:00,1.026
10/21/2022 4:00,0.98
10/21/2022 5:00,0.943
10/21/2022 6:00,0.833
10/21/2022 7:00,0.673
10/21/2022 8:00,0.569
10/21/2022 9:00,0.504
10/21/2022 10:00,0.462
10/21/2022 11:00,0.476
10/21/2022 12:00,0.491
10/21/2022 13:00,0.511
10/21/2022 14:00,0.703
10/21/2022 15:00,0.864
10/21/2022 16:00,0.869
10/21/2022 17:00,0.891
10/21/2022 18:00,0.934
10/21/2022 19:00,0.979
10/21/2022 20:00,1.04
10/21/2022 21:00,1.091
10/21/2022 22:00,1.119
10/21/2022 23:00,1.133
10/22/2022 0:00,1.155
10/22/2022 1:00,1.144
10/22/2022 2:00,1.161
10/22/2022 3:00,1.192
10/22/2022 4:00,1.233
10/22/2022 5:00,1.297
10/22/2022 6:00,1.352
10/22/2022 7:00,1.369
10/22/2022 8:00,1.38
10/22/2022 9:00,1.41
10/22/2022 10:00,1.427
10/22/2022 11:00,1.404
10/22/2022 12:00,1.369
10/22/2022 13:00,1.339
10/22/2022 14:00,1.354
10/22/2022 15:00,1.466
10/22/2022 16:00,1.526
10/22/2022 17:00,1.568
10/22/2022 18:00,1.582
10/22/2022 19:00,1.54
10/22/2022 20:00,1.486
10/22/2022 21:00,1.421
10/22/2022 22:00,1.354
10/22/2022 23:00,1.316
10/23/2022 0:00,1.272
10/23/2022 1:00,1.238
10/23/2022 2:00,1.21
10/23/2022 3:00,1.202
10/23/2022 4:00,1.214
10/23/2022 5:00,1.233
10/23/2022 6:00,1.251
10/23/2022 7:00,1.261
10/23/2022 8:00,1.308
10/23/2022 9:00,1.39
10/23/2022 10:00,1.434
10/23/2022 11:00,1.47
10/23/2022 12:00,1.466
10/23/2022 13:00,1.455
10/23/2022 14:00,1.493
10/23/2022 15:00,1.536
10/23/2022 16:00,1.501
10/23/2022 17:00,1.48
10/23/2022 18:00,1.478
10/23/2022 19:00,1.467
10/23/2022 20:00,1.437
10/23/2022 21:00,1.403
10/23/2022 22:00,1.369
10/23/2022 23:00,1.323
10/24/2022 0:00,1.25
10/24/2022 1:00,1.18
10/24/2022 2:00,1.157
10/24/2022 3:00,1.09
10/24/2022 4:00,1.059
10/24/2022 5:00,0.973
10/24/2022 6:00,0.848
10/24/2022 7:00,0.729
10/24/2022 8:00,0.642
10/24/2022 9:00,0.588
10/24/2022 10:00,0.582
10/24/2022 11:00,0.587
10/24/2022 12:00,0.59
10/24/2022 13:00,0.722
10/24/2022 14:00,1.02
10/24/2022 15:00,1.119
10/24/2022 16:00,1.179
10/24/2022 17:00,1.292
10/24/2022 18:00,1.364
10/24/2022 19:00,1.368
10/24/2022 20:00,1.381
10/24/2022 21:00,1.399
10/24/2022 22:00,1.416
10/24/2022 23:00,1.479
10/25/2022 0:00,1.511
10/25/2022 1:00,1.546
10/25/2022 2:00,1.591
10/25/2022 3:00,1.652
10/25/2022 4:00,1.68
10/25/2022 5:00,1.685
10/25/2022 6:00,1.695
10/25/2022 7:00,1.689
10/25/2022 8:00,1.694
10/25/2022 9:00,1.69
10/25/2022 10:00,1.685
10/25/2022 11:00,1.659
10/25/2022 12:00,1.607
10/25/2022 13:00,1.582
10/25/2022 14:00,1.567
10/25/2022 15:00,1.544
10/25/2022 16:00,1.493
10/25/2022 17:00,1.423
10/25/2022 18:00,1.335
10/25/2022 19:00,1.27
10/25/2022 20:00,1.229
10/25/2022 21:00,1.192
10/25/2022 22:00,1.134
10/25/2022 23:00,1.065
10/26/2022 0:00,1.029
10/26/2022 1:00,0.998
10/26/2022 2:00,0.976
10/26/2022 3:00,0.968
10/26/2022 4:00,0.975
10/26/2022 5:00,0.97
10/26/2022 6:00,0.963
10/26/2022 7:00,0.925
10/26/2022 8:00,0.908
10/26/2022 9:00,0.886
10/26/2022 10:00,0.845
10/26/2022 11:00,0.8
10/26/2022 12:00,0.778
10/26/2022 13:00,0.792
10/26/2022 14:00,0.823
10/26/2022 15:00,0.838
10/26/2022 16:00,0.828
10/26/2022 17:00,0.845
10/26/2022 18:00,0.879
10/26/2022 19:00,0.911
10/26/2022 20:00,0.957
10/26/2022 21:00,1.018
10/26/2022 22:00,1.077
10/26/2022 23:00,1.11
10/27/2022 0:00,1.102
10/27/2022 1:00,1.065
10/27/2022 2:00,1.007
10/27/2022 3:00,0.996
10/27/2022 4:00,1.004
10/27/2022 5:00,1.005
10/27/2022 6:00,0.995
10/27/2022 7:00,0.974
10/27/2022 8:00,0.974
10/27/2022 9:00,0.982
10/27/2022 10:00,1.019
10/27/2022 11:00,1.051
10/27/2022 12:00,1.044
10/27/2022 13:00,1.096
10/27/2022 14:00,1.237
10/27/2022 15:00,1.284
10/27/2022 16:00,1.265
10/27/2022 17:00,1.237
10/27/2022 18:00,1.175
10/27/2022 19:00,1.109
10/27/2022 20:00,1.078
10/27/2022 21:00,1.073
10/27/2022 22:00,1.023
10/27/2022 23:00,1.03
10/28/2022 0:00,1.088
10/28/2022 1:00,1.126
10/28/2022 2:00,1.136
10/28/2022 3:00,1.143
10/28/2022 4:00,1.151
10/28/2022 5:00,1.16
10/28/2022 6:00,1.175
10/28/2022 7:00,1.164
10/28/2022 8:00,1.164
10/28/2022 9:00,1.151
10/28/2022 10:00,1.156
10/28/2022 11:00,1.134
10/28/2022 12:00,1.098
10/28/2022 13:00,1.049
10/28/2022 14:00,1.015
10/28/2022 15:00,1.089
10/28/2022 16:00,1.177
10/28/2022 17:00,1.153
10/28/2022 18:00,1.124
10/28/2022 19:00,1.115
10/28/2022 20:00,1.082
10/28/2022 21:00,1.012
10/28/2022 22:00,1
10/28/2022 23:00,1.002
10/29/2022 0:00,0.981
10/29/2022 1:00,0.979
10/29/2022 2:00,0.986
10/29/2022 3:00,1.055
10/29/2022 4:00,1.167
10/29/2022 5:00,1.288
10/29/2022 6:00,1.427
10/29/2022 7:00,1.594
10/29/2022 8:00,1.766
10/29/2022 9:00,1.862
10/29/2022 10:00,1.97
10/29/2022 11:00,1.925
10/29/2022 12:00,1.989
10/29/2022 13:00,2.026
10/29/2022 14:00,2.096
10/29/2022 15:00,2.213
10/29/2022 16:00,2.348
10/29/2022 17:00,2.567
10/29/2022 18:00,2.703
10/29/2022 19:00,2.632
10/29/2022 20:00,2.607
10/29/2022 21:00,2.622
10/29/2022 22:00,2.601
10/29/2022 23:00,2.56
10/30/2022 0:00,2.508
10/30/2022 1:00,2.46
10/30/2022 2:00,2.439
10/30/2022 3:00,2.41
10/30/2022 4:00,2.376
10/30/2022 5:00,2.333
10/30/2022 6:00,2.275
10/30/2022 7:00,2.234
10/30/2022 8:00,2.219
10/30/2022 9:00,2.259
10/30/2022 10:00,2.266
10/30/2022 11:00,2.224
10/30/2022 12:00,2.149
10/30/2022 13:00,2.056
10/30/2022 14:00,1.983
10/30/2022 15:00,1.919
10/30/2022 16:00,1.836
10/30/2022 17:00,1.82
10/30/2022 18:00,1.799
10/30/2022 19:00,1.752
10/30/2022 20:00,1.669
10/30/2022 21:00,1.572
10/30/2022 22:00,1.474
10/30/2022 23:00,1.366
10/31/2022 0:00,1.323
10/31/2022 1:00,1.241
10/31/2022 2:00,1.16
10/31/2022 3:00,1.104
10/31/2022 4:00,1.075
10/31/2022 5:00,1.043
10/31/2022 6:00,0.97
10/31/2022 7:00,0.795
10/31/2022 8:00,0.733
10/31/2022 9:00,0.833
10/31/2022 10:00,0.963
10/31/2022 11:00,1.04
10/31/2022 12:00,1.088
10/31/2022 13:00,1.158
10/31/2022 14:00,1.236
10/31/2022 15:00,1.277
10/31/2022 16:00,1.277
10/31/2022 17:00,1.336
10/31/2022 18:00,1.323
10/31/2022 19:00,1.295
10/31/2022 20:00,1.223
10/31/2022 21:00,1.142
10/31/2022 22:00,1.083
10/31/2022 23:00,1.034
11/1/2022 0:00,0.978
11/1/2022 1:00,0.955
11/1/2022 2:00,0.966
11/1/2022 3:00,0.999
11/1/2022 4:00,1.001
11/1/2022 5:00,0.979
11/1/2022 6:00,0.949
11/1/2022 7:00,0.884
11/1/2022 8:00,0.83
11/1/2022 9:00,0.775
11/1/2022 10:00,0.7
11/1/2022 11:00,0.645
11/1/2022 12:00,0.59
11/1/2022 13:00,0.602
11/1/2022 14:00,0.716
11/1/2022 15:00,0.774
11/1/2022 16:00,0.823
11/1/2022 17:00,0.835
11/1/2022 18:00,0.813
11/1/2022 19:00,0.771
11/1/2022 20:00,0.729
11/1/2022 21:00,0.676
11/1/2022 22:00,0.624
11/1/2022 23:00,0.585
11/2/2022 0:00,0.56
11/2/2022 1:00,0.534
11/2/2022 2:00,0.517
11/2/2022 3:00,0.5
11/2/2022 4:00,0.478
11/2/2022 5:00,0.513
11/2/2022 6:00,0.602
11/2/2022 7:00,0.671
11/2/2022 8:00,0.714
11/2/2022 9:00,0.701
11/2/2022 10:00,0.676
11/2/2022 11:00,0.693
11/2/2022 12:00,0.746
11/2/2022 13:00,0.809
11/2/2022 14:00,0.92
11/2/2022 15:00,1.019
11/2/2022 16:00,1.064
11/2/2022 17:00,1.064
11/2/2022 18:00,1.038
11/2/2022 19:00,1.024
11/2/2022 20:00,1.021
11/2/2022 21:00,1.033
11/2/2022 22:00,1.055
11/2/2022 23:00,1.081
11/3/2022 0:00,1.091
11/3/2022 1:00,1.096
11/3/2022 2:00,1.087
11/3/2022 3:00,1.095
11/3/2022 4:00,1.107
11/3/2022 5:00,1.116
11/3/2022 6:00,1.108
11/3/2022 7:00,1.098
11/3/2022 8:00,1.085
11/3/2022 9:00,1.052
11/3/2022 10:00,0.981
11/3/2022 11:00,0.929
11/3/2022 12:00,0.906
11/3/2022 13:00,0.919
11/3/2022 14:00,0.953
11/3/2022 15:00,0.982
11/3/2022 16:00,1.024
11/3/2022 17:00,1.072
11/3/2022 18:00,1.111
11/3/2022 19:00,1.127
11/3/2022 20:00,1.103
11/3/2022 21:00,1.044
11/3/2022 22:00,0.982
11/3/2022 23:00,0.923
11/4/2022 0:00,0.899
11/4/2022 1:00,0.914
11/4/2022 2:00,0.948
11/4/2022 3:00,1.015
11/4/2022 4:00,1.08
11/4/2022 5:00,1.123
11/4/2022 6:00,1.165
11/4/2022 7:00,1.18
11/4/2022 8:00,1.167
11/4/2022 9:00,1.128
11/4/2022 10:00,1.087
11/4/2022 11:00,1.065
11/4/2022 12:00,1.069
11/4/2022 13:00,1.118
11/4/2022 14:00,1.208
11/4/2022 15:00,1.274
11/4/2022 16:00,1.313
11/4/2022 17:00,1.327
11/4/2022 18:00,1.334
11/4/2022 19:00,1.341
11/4/2022 20:00,1.354
11/4/2022 21:00,1.361
11/4/2022 22:00,1.365
11/4/2022 23:00,1.38
11/5/2022 0:00,1.405
11/5/2022 1:00,1.442
11/5/2022 2:00,1.485
11/5/2022 3:00,1.524
11/5/2022 4:00,1.558
11/5/2022 5:00,1.598
11/5/2022 6:00,1.632
11/5/2022 7:00,1.669
11/5/2022 8:00,1.713
11/5/2022 9:00,1.756
11/5/2022 10:00,1.747
11/5/2022 11:00,1.765
11/5/2022 12:00,1.795
11/5/2022 13:00,1.851
11/5/2022 14:00,1.956
11/5/2022 15:00,2.021
11/5/2022 16:00,2.024
11/5/2022 17:00,2.012
11/5/2022 18:00,1.996
11/5/2022 19:00,1.976
11/5/2022 20:00,1.928
11/5/2022 21:00,1.907
11/5/2022 22:00,1.913
11/5/2022 23:00,1.93
11/6/2022 0:00,1.919
11/6/2022 1:00,1.866
11/6/2022 2:00,1.827
11/6/2022 3:00,1.793
11/6/2022 4:00,1.731
11/6/2022 5:00,1.685
11/6/2022 6:00,1.647
11/6/2022 7:00,1.645
11/6/2022 8:00,1.614
11/6/2022 9:00,1.59
11/6/2022 10:00,1.555
11/6/2022 11:00,1.55
11/6/2022 12:00,1.561
11/6/2022 13:00,1.547
11/6/2022 14:00,1.56
11/6/2022 15:00,1.599
11/6/2022 16:00,1.671
11/6/2022 17:00,1.709
11/6/2022 18:00,1.757
11/6/2022 19:00,1.893
11/6/2022 20:00,1.907
11/6/2022 21:00,1.91
11/6/2022 22:00,1.906
11/6/2022 23:00,1.83
11/7/2022 0:00,1.747
11/7/2022 1:00,1.669
11/7/2022 2:00,1.624
11/7/2022 3:00,1.578
11/7/2022 4:00,1.495
11/7/2022 5:00,1.413
11/7/2022 6:00,1.429
11/7/2022 7:00,1.454
11/7/2022 8:00,1.485
11/7/2022 9:00,1.538
11/7/2022 10:00,1.557
11/7/2022 11:00,1.559
11/7/2022 12:00,1.57
11/7/2022 13:00,1.627
11/7/2022 14:00,1.672
11/7/2022 15:00,1.682
11/7/2022 16:00,1.692
11/7/2022 17:00,1.705
11/7/2022 18:00,1.716
11/7/2022 19:00,1.713
11/7/2022 20:00,1.67
11/7/2022 21:00,1.636
11/7/2022 22:00,1.605
11/7/2022 23:00,1.58
11/8/2022 0:00,1.543
11/8/2022 1:00,1.456
11/8/2022 2:00,1.37
11/8/2022 3:00,1.361
11/8/2022 4:00,1.357
11/8/2022 5:00,1.361
11/8/2022 6:00,1.315
11/8/2022 7:00,1.328
11/8/2022 8:00,1.334
11/8/2022 9:00,1.315
11/8/2022 10:00,1.321
11/8/2022 11:00,1.378
11/8/2022 12:00,1.391
11/8/2022 13:00,1.379
11/8/2022 14:00,1.331
11/8/2022 15:00,1.253
11/8/2022 16:00,1.196
11/8/2022 17:00,1.122
11/8/2022 18:00,1.056
11/8/2022 19:00,1.016
11/8/2022 20:00,0.962
11/8/2022 21:00,0.89
11/8/2022 22:00,0.776
11/8/2022 23:00,0.753
11/9/2022 0:00,0.913
11/9/2022 1:00,1.013
11/9/2022 2:00,1.012
11/9/2022 3:00,1.04
11/9/2022 4:00,1.097
11/9/2022 5:00,1.167
11/9/2022 6:00,1.222
11/9/2022 7:00,1.27
11/9/2022 8:00,1.275
11/9/2022 9:00,1.235
11/9/2022 10:00,1.278
11/9/2022 11:00,1.301
11/9/2022 12:00,1.246
11/9/2022 13:00,1.197
11/9/2022 14:00,1.236
11/9/2022 15:00,1.293
11/9/2022 16:00,1.287
11/9/2022 17:00,1.282
11/9/2022 18:00,1.334
11/9/2022 19:00,1.319
11/9/2022 20:00,1.324
11/9/2022 21:00,1.28
11/9/2022 22:00,1.192
11/9/2022 23:00,1.14
11/10/2022 0:00,1.118
11/10/2022 1:00,1.092
11/10/2022 2:00,1.064
11/10/2022 3:00,1.072
11/10/2022 4:00,1.101
11/10/2022 5:00,1.107
11/10/2022 6:00,1.094
11/10/2022 7:00,1.104
11/10/2022 8:00,1.098
11/10/2022 9:00,1.077
11/10/2022 10:00,1.04
11/10/2022 11:00,1.023
11/10/2022 12:00,0.99
11/10/2022 13:00,0.943
11/10/2022 14:00,0.936
11/10/2022 15:00,0.988
11/10/2022 16:00,1.031
11/10/2022 17:00,1.026
11/10/2022 18:00,1.065
11/10/2022 19:00,1.175
11/10/2022 20:00,1.291
11/10/2022 21:00,1.358
11/10/2022 22:00,1.426
11/10/2022 23:00,1.482
11/11/2022 0:00,1.566
11/11/2022 1:00,1.653
11/11/2022 2:00,1.763
11/11/2022 3:00,1.909
11/11/2022 4:00,2.028
11/11/2022 5:00,2.087
11/11/2022 6:00,2.173
11/11/2022 7:00,2.185
11/11/2022 8:00,2.201
11/11/2022 9:00,2.201
11/11/2022 10:00,2.14
11/11/2022 11:00,2.024
11/11/2022 12:00,1.879
11/11/2022 13:00,1.71
11/11/2022 14:00,1.513
11/11/2022 15:00,1.424
11/11/2022 16:00,1.364
11/11/2022 17:00,1.341
11/11/2022 18:00,1.348
11/11/2022 19:00,1.342
11/11/2022 20:00,1.36
11/11/2022 21:00,1.439
11/11/2022 22:00,1.521
11/11/2022 23:00,1.585
11/12/2022 0:00,1.766
11/12/2022 1:00,1.851
11/12/2022 2:00,1.972
11/12/2022 3:00,2.06
11/12/2022 4:00,2.2
11/12/2022 5:00,2.281
11/12/2022 6:00,2.318
11/12/2022 7:00,2.291
11/12/2022 8:00,2.277
11/12/2022 9:00,2.285
11/12/2022 10:00,2.343
11/12/2022 11:00,2.374
11/12/2022 12:00,2.406
11/12/2022 13:00,2.418
11/12/2022 14:00,2.41
11/12/2022 15:00,2.37
11/12/2022 16:00,2.302
11/12/2022 17:00,2.278
11/12/2022 18:00,2.26
11/12/2022 19:00,2.218
11/12/2022 20:00,2.177
11/12/2022 21:00,2.137
11/12/2022 22:00,2.077
11/12/2022 23:00,1.997
11/13/2022 0:00,1.909
11/13/2022 1:00,1.808
11/13/2022 2:00,1.73
11/13/2022 3:00,1.617
11/13/2022 4:00,1.489
11/13/2022 5:00,1.412
11/13/2022 6:00,1.343
11/13/2022 7:00,1.276
11/13/2022 8:00,1.245
11/13/2022 9:00,1.175
11/13/2022 10:00,1.119
11/13/2022 11:00,1.063
11/13/2022 12:00,0.997
11/13/2022 13:00,1.013
11/13/2022 14:00,1.11
11/13/2022 15:00,1.121
11/13/2022 16:00,1.021
11/13/2022 17:00,0.908
11/13/2022 18:00,0.809
11/13/2022 19:00,0.729
11/13/2022 20:00,0.663
11/13/2022 21:00,0.636
11/13/2022 22:00,0.609
11/13/2022 23:00,0.607
11/14/2022 0:00,0.64
11/14/2022 1:00,0.706
11/14/2022 2:00,0.784
11/14/2022 3:00,0.861
11/14/2022 4:00,0.925
11/14/2022 5:00,0.967
11/14/2022 6:00,1.003
11/14/2022 7:00,1.046
11/14/2022 8:00,1.068
11/14/2022 9:00,1.062
11/14/2022 10:00,1.047
11/14/2022 11:00,1.03
11/14/2022 12:00,1.011
11/14/2022 13:00,1.031
11/14/2022 14:00,1.075
11/14/2022 15:00,1.116
11/14/2022 16:00,1.153
11/14/2022 17:00,1.201
11/14/2022 18:00,1.259
11/14/2022 19:00,1.325
11/14/2022 20:00,1.387
11/14/2022 21:00,1.45
11/14/2022 22:00,1.496
11/14/2022 23:00,1.508
11/15/2022 0:00,1.483
11/15/2022 1:00,1.525
11/15/2022 2:00,1.607
11/15/2022 3:00,1.739
11/15/2022 4:00,1.883
11/15/2022 5:00,2.019
11/15/2022 6:00,2.126
11/15/2022 7:00,2.176
11/15/2022 8:00,2.184
11/15/2022 9:00,2.153
11/15/2022 10:00,2.081
11/15/2022 11:00,2.032
11/15/2022 12:00,1.963
11/15/2022 13:00,1.888
11/15/2022 14:00,1.85
11/15/2022 15:00,1.784
11/15/2022 16:00,1.695
11/15/2022 17:00,1.617
11/15/2022 18:00,1.548
11/15/2022 19:00,1.493
11/15/2022 20:00,1.446
11/15/2022 21:00,1.402
11/15/2022 22:00,1.34
11/15/2022 23:00,1.259
11/16/2022 0:00,1.186
11/16/2022 1:00,1.14
11/16/2022 2:00,1.126
11/16/2022 3:00,1.129
11/16/2022 4:00,1.13
11/16/2022 5:00,1.137
11/16/2022 6:00,1.144
11/16/2022 7:00,1.136
11/16/2022 8:00,1.093
11/16/2022 9:00,1.026
11/16/2022 10:00,0.972
11/16/2022 11:00,0.953
11/16/2022 12:00,0.984
11/16/2022 13:00,1.056
11/16/2022 14:00,1.152
11/16/2022 15:00,1.181
11/16/2022 16:00,1.167
11/16/2022 17:00,1.141
11/16/2022 18:00,1.112
11/16/2022 19:00,1.085
11/16/2022 20:00,1.054
11/16/2022 21:00,1.037
11/16/2022 22:00,1.042
11/16/2022 23:00,1.064
11/17/2022 0:00,1.088
11/17/2022 1:00,1.109
11/17/2022 2:00,1.138
11/17/2022 3:00,1.16
11/17/2022 4:00,1.198
11/17/2022 5:00,1.228
11/17/2022 6:00,1.246
11/17/2022 7:00,1.257
11/17/2022 8:00,1.273
11/17/2022 9:00,1.294
11/17/2022 10:00,1.305
11/17/2022 11:00,1.342
11/17/2022 12:00,1.389
11/17/2022 13:00,1.483
11/17/2022 14:00,1.592
11/17/2022 15:00,1.651
11/17/2022 16:00,1.68
11/17/2022 17:00,1.679
11/17/2022 18:00,1.658
11/17/2022 19:00,1.595
11/17/2022 20:00,1.525
11/17/2022 21:00,1.471
11/17/2022 22:00,1.431
11/17/2022 23:00,1.399
11/18/2022 0:00,1.384
11/18/2022 1:00,1.385
11/18/2022 2:00,1.433
11/18/2022 3:00,1.456
11/18/2022 4:00,1.464
11/18/2022 5:00,1.472
11/18/2022 6:00,1.49
11/18/2022 7:00,1.507
11/18/2022 8:00,1.514
11/18/2022 9:00,1.578
11/18/2022 10:00,1.633
11/18/2022 11:00,1.681
11/18/2022 12:00,1.703
11/18/2022 13:00,1.741
11/18/2022 14:00,1.815
11/18/2022 15:00,1.868
11/18/2022 16:00,1.911
11/18/2022 17:00,1.93
11/18/2022 18:00,1.934
11/18/2022 19:00,1.942
11/18/2022 20:00,1.958
11/18/2022 21:00,1.971
11/18/2022 22:00,1.979
11/18/2022 23:00,1.988
11/19/2022 0:00,2.002
11/19/2022 1:00,2.013
11/19/2022 2:00,2.014
11/19/2022 3:00,2.004
11/19/2022 4:00,1.996
11/19/2022 5:00,2.001
11/19/2022 6:00,2.005
11/19/2022 7:00,1.992
11/19/2022 8:00,1.965
11/19/2022 9:00,1.92
11/19/2022 10:00,1.842
11/19/2022 11:00,1.759
11/19/2022 12:00,1.675
11/19/2022 13:00,1.618
11/19/2022 14:00,1.598
11/19/2022 15:00,1.577
11/19/2022 16:00,1.556
11/19/2022 17:00,1.539
11/19/2022 18:00,1.538
11/19/2022 19:00,1.543
11/19/2022 20:00,1.547
11/19/2022 21:00,1.566
11/19/2022 22:00,1.597
11/19/2022 23:00,1.608
11/20/2022 0:00,1.616
11/20/2022 1:00,1.63
11/20/2022 2:00,1.668
11/20/2022 3:00,1.682
11/20/2022 4:00,1.691
11/20/2022 5:00,1.694
11/20/2022 6:00,1.694
11/20/2022 7:00,1.694
11/20/2022 8:00,1.675
11/20/2022 9:00,1.658
11/20/2022 10:00,1.647
11/20/2022 11:00,1.628
11/20/2022 12:00,1.619
11/20/2022 13:00,1.622
11/20/2022 14:00,1.628
11/20/2022 15:00,1.629
11/20/2022 16:00,1.631
11/20/2022 17:00,1.63
11/20/2022 18:00,1.633
11/20/2022 19:00,1.633
11/20/2022 20:00,1.638
11/20/2022 21:00,1.653
11/20/2022 22:00,1.66
11/20/2022 23:00,1.674
11/21/2022 0:00,1.702
11/21/2022 1:00,1.7
11/21/2022 2:00,1.721
11/21/2022 3:00,1.732
11/21/2022 4:00,1.761
11/21/2022 5:00,1.785
11/21/2022 6:00,1.788
11/21/2022 7:00,1.777
11/21/2022 8:00,1.744
11/21/2022 9:00,1.708
11/21/2022 10:00,1.693
11/21/2022 11:00,1.684
11/21/2022 12:00,1.662
11/21/2022 13:00,1.647
11/21/2022 14:00,1.643
11/21/2022 15:00,1.6
11/21/2022 16:00,1.555
11/21/2022 17:00,1.525
11/21/2022 18:00,1.498
11/21/2022 19:00,1.463
11/21/2022 20:00,1.464
11/21/2022 21:00,1.449
11/21/2022 22:00,1.428
11/21/2022 23:00,1.408
11/22/2022 0:00,1.385
11/22/2022 1:00,1.364
11/22/2022 2:00,1.347
11/22/2022 3:00,1.339
11/22/2022 4:00,1.349
11/22/2022 5:00,1.382
11/22/2022 6:00,1.377
11/22/2022 7:00,1.357
11/22/2022 8:00,1.332
11/22/2022 9:00,1.307
11/22/2022 10:00,1.283
11/22/2022 11:00,1.271
11/22/2022 12:00,1.301
11/22/2022 13:00,1.388
11/22/2022 14:00,1.47
11/22/2022 15:00,1.496
11/22/2022 16:00,1.497
11/22/2022 17:00,1.457
11/22/2022 18:00,1.403
11/22/2022 19:00,1.353
11/22/2022 20:00,1.325
11/22/2022 21:00,1.321
11/22/2022 22:00,1.325
11/22/2022 23:00,1.322
11/23/2022 0:00,1.324
11/23/2022 1:00,1.327
11/23/2022 2:00,1.333
11/23/2022 3:00,1.341
11/23/2022 4:00,1.353
11/23/2022 5:00,1.371
11/23/2022 6:00,1.384
11/23/2022 7:00,1.382
11/23/2022 8:00,1.348
11/23/2022 9:00,1.313
11/23/2022 10:00,1.282
11/23/2022 11:00,1.278
11/23/2022 12:00,1.314
11/23/2022 13:00,1.403
11/23/2022 14:00,1.472
11/23/2022 15:00,1.498
11/23/2022 16:00,1.506
11/23/2022 17:00,1.494
11/23/2022 18:00,1.461
11/23/2022 19:00,1.413
11/23/2022 20:00,1.373
11/23/2022 21:00,1.374
11/23/2022 22:00,1.378
11/23/2022 23:00,1.375
11/24/2022 0:00,1.374
11/24/2022 1:00,1.383
11/24/2022 2:00,1.386
11/24/2022 3:00,1.366
11/24/2022 4:00,1.347
11/24/2022 5:00,1.32
11/24/2022 6:00,1.319
11/24/2022 7:00,1.322
11/24/2022 8:00,1.306
11/24/2022 9:00,1.279
11/24/2022 10:00,1.23
11/24/2022 11:00,1.192
11/24/2022 12:00,1.181
11/24/2022 13:00,1.206
11/24/2022 14:00,1.253
11/24/2022 15:00,1.286
11/24/2022 16:00,1.297
11/24/2022 17:00,1.281
11/24/2022 18:00,1.251
11/24/2022 19:00,1.231
11/24/2022 20:00,1.206
11/24/2022 21:00,1.195
11/24/2022 22:00,1.209
11/24/2022 23:00,1.24
11/25/2022 0:00,1.269
11/25/2022 1:00,1.299
11/25/2022 2:00,1.322
11/25/2022 3:00,1.337
11/25/2022 4:00,1.358
11/25/2022 5:00,1.388
11/25/2022 6:00,1.411
11/25/2022 7:00,1.425
11/25/2022 8:00,1.434
11/25/2022 9:00,1.428
11/25/2022 10:00,1.414
11/25/2022 11:00,1.384
11/25/2022 12:00,1.362
11/25/2022 13:00,1.369
11/25/2022 14:00,1.384
11/25/2022 15:00,1.41
11/25/2022 16:00,1.426
11/25/2022 17:00,1.435
11/25/2022 18:00,1.425
11/25/2022 19:00,1.414
11/25/2022 20:00,1.412
11/25/2022 21:00,1.401
11/25/2022 22:00,1.385
11/25/2022 23:00,1.368
11/26/2022 0:00,1.336
11/26/2022 1:00,1.313
11/26/2022 2:00,1.296
11/26/2022 3:00,1.265
11/26/2022 4:00,1.248
11/26/2022 5:00,1.251
11/26/2022 6:00,1.243
11/26/2022 7:00,1.225
11/26/2022 8:00,1.171
11/26/2022 9:00,1.132
11/26/2022 10:00,1.118
11/26/2022 11:00,1.076
11/26/2022 12:00,1.063
11/26/2022 13:00,1.102
11/26/2022 14:00,1.134
11/26/2022 15:00,1.159
11/26/2022 16:00,1.178
11/26/2022 17:00,1.198
11/26/2022 18:00,1.209
11/26/2022 19:00,1.208
11/26/2022 20:00,1.189
11/26/2022 21:00,1.146
11/26/2022 22:00,1.109
11/26/2022 23:00,1.079
11/27/2022 0:00,1.053
11/27/2022 1:00,1.044
11/27/2022 2:00,1.054
11/27/2022 3:00,1.091
11/27/2022 4:00,1.122
11/27/2022 5:00,1.128
11/27/2022 6:00,1.114
11/27/2022 7:00,1.098
11/27/2022 8:00,1.106
11/27/2022 9:00,1.097
11/27/2022 10:00,1.097
11/27/2022 11:00,1.106
11/27/2022 12:00,1.097
11/27/2022 13:00,1.113
11/27/2022 14:00,1.138
11/27/2022 15:00,1.167
11/27/2022 16:00,1.181
11/27/2022 17:00,1.181
11/27/2022 18:00,1.174
11/27/2022 19:00,1.163
11/27/2022 20:00,1.152
11/27/2022 21:00,1.15
11/27/2022 22:00,1.152
11/27/2022 23:00,1.163
11/28/2022 0:00,1.18
11/28/2022 1:00,1.185
11/28/2022 2:00,1.18
11/28/2022 3:00,1.164
11/28/2022 4:00,1.141
11/28/2022 5:00,1.117
11/28/2022 6:00,1.112
11/28/2022 7:00,1.135
11/28/2022 8:00,1.169
11/28/2022 9:00,1.171
11/28/2022 10:00,1.164
11/28/2022 11:00,1.158
11/28/2022 12:00,1.183
11/28/2022 13:00,1.234
11/28/2022 14:00,1.271
11/28/2022 15:00,1.278
11/28/2022 16:00,1.29
11/28/2022 17:00,1.288
11/28/2022 18:00,1.248
11/28/2022 19:00,1.217
11/28/2022 20:00,1.213
11/28/2022 21:00,1.221
11/28/2022 22:00,1.235
11/28/2022 23:00,1.233
11/29/2022 0:00,1.247
11/29/2022 1:00,1.261
11/29/2022 2:00,1.276
11/29/2022 3:00,1.276
11/29/2022 4:00,1.293
11/29/2022 5:00,1.312
11/29/2022 6:00,1.325
11/29/2022 7:00,1.328
11/29/2022 8:00,1.309
11/29/2022 9:00,1.274
11/29/2022 10:00,1.205
11/29/2022 11:00,1.173
11/29/2022 12:00,1.172
11/29/2022 13:00,1.192
11/29/2022 14:00,1.202
11/29/2022 15:00,1.205
11/29/2022 16:00,1.187
11/29/2022 17:00,1.16
11/29/2022 18:00,1.118
11/29/2022 19:00,1.062
11/29/2022 20:00,1.016
11/29/2022 21:00,0.987
11/29/2022 22:00,0.97
11/29/2022 23:00,0.949
11/30/2022 0:00,0.93
11/30/2022 1:00,0.917
11/30/2022 2:00,0.907
11/30/2022 3:00,0.898
11/30/2022 4:00,0.895
11/30/2022 5:00,0.908
11/30/2022 6:00,0.927
11/30/2022 7:00,0.935
11/30/2022 8:00,0.927
11/30/2022 9:00,0.901
11/30/2022 10:00,0.846
11/30/2022 11:00,0.801
11/30/2022 12:00,0.798
11/30/2022 13:00,0.877
11/30/2022 14:00,0.926
11/30/2022 15:00,0.964
11/30/2022 16:00,0.98
11/30/2022 17:00,0.977
11/30/2022 18:00,0.971
11/30/2022 19:00,0.959
11/30/2022 20:00,0.95
11/30/2022 21:00,0.953
11/30/2022 22:00,0.962
11/30/2022 23:00,0.962
12/1/2022 0:00,0.976
12/1/2022 1:00,0.99
12/1/2022 2:00,1.007
12/1/2022 3:00,1.028
12/1/2022 4:00,1.053
12/1/2022 5:00,1.067
12/1/2022 6:00,1.061
12/1/2022 7:00,1.06
12/1/2022 8:00,1.029
12/1/2022 9:00,0.988
12/1/2022 10:00,0.971
12/1/2022 11:00,0.991
12/1/2022 12:00,1.057
12/1/2022 13:00,1.148
12/1/2022 14:00,1.19
12/1/2022 15:00,1.21
12/1/2022 16:00,1.227
12/1/2022 17:00,1.243
12/1/2022 18:00,1.261
12/1/2022 19:00,1.264
12/1/2022 20:00,1.254
12/1/2022 21:00,1.244
12/1/2022 22:00,1.219
12/1/2022 23:00,1.195
12/2/2022 0:00,1.166
12/2/2022 1:00,1.16
12/2/2022 2:00,1.167
12/2/2022 3:00,1.187
12/2/2022 4:00,1.204
12/2/2022 5:00,1.223
12/2/2022 6:00,1.24
12/2/2022 7:00,1.242
12/2/2022 8:00,1.247
12/2/2022 9:00,1.238
12/2/2022 10:00,1.235
12/2/2022 11:00,1.239
12/2/2022 12:00,1.265
12/2/2022 13:00,1.301
12/2/2022 14:00,1.321
12/2/2022 15:00,1.307
12/2/2022 16:00,1.288
12/2/2022 17:00,1.267
12/2/2022 18:00,1.25
12/2/2022 19:00,1.239
12/2/2022 20:00,1.224
12/2/2022 21:00,1.223
12/2/2022 22:00,1.22
12/2/2022 23:00,1.202
12/3/2022 0:00,1.159
12/3/2022 1:00,1.112
12/3/2022 2:00,1.071
12/3/2022 3:00,1.036
12/3/2022 4:00,1.027
12/3/2022 5:00,1.022
12/3/2022 6:00,1.021
12/3/2022 7:00,1.016
12/3/2022 8:00,0.983
12/3/2022 9:00,0.911
12/3/2022 10:00,0.85
12/3/2022 11:00,0.82
12/3/2022 12:00,0.839
12/3/2022 13:00,0.869
12/3/2022 14:00,0.849
12/3/2022 15:00,0.841
12/3/2022 16:00,0.839
12/3/2022 17:00,0.864
12/3/2022 18:00,0.872
12/3/2022 19:00,0.859
12/3/2022 20:00,0.831
12/3/2022 21:00,0.809
12/3/2022 22:00,0.812
12/3/2022 23:00,0.831
12/4/2022 0:00,0.846
12/4/2022 1:00,0.851
12/4/2022 2:00,0.832
12/4/2022 3:00,0.785
12/4/2022 4:00,0.748
12/4/2022 5:00,0.73
12/4/2022 6:00,0.728
12/4/2022 7:00,0.744
12/4/2022 8:00,0.732
12/4/2022 9:00,0.667
12/4/2022 10:00,0.588
12/4/2022 11:00,0.561
12/4/2022 12:00,0.582
12/4/2022 13:00,0.636
12/4/2022 14:00,0.659
12/4/2022 15:00,0.658
12/4/2022 16:00,0.688
12/4/2022 17:00,0.766
12/4/2022 18:00,0.849
12/4/2022 19:00,0.919
12/4/2022 20:00,0.978
12/4/2022 21:00,1.022
12/4/2022 22:00,1.018
12/4/2022 23:00,0.996
12/5/2022 0:00,0.977
12/5/2022 1:00,0.946
12/5/2022 2:00,0.926
12/5/2022 3:00,0.908
12/5/2022 4:00,0.898
12/5/2022 5:00,0.894
12/5/2022 6:00,0.88
12/5/2022 7:00,0.837
12/5/2022 8:00,0.791
12/5/2022 9:00,0.82
12/5/2022 10:00,0.929
12/5/2022 11:00,1.058
12/5/2022 12:00,1.188
12/5/2022 13:00,1.288
12/5/2022 14:00,1.339
12/5/2022 15:00,1.381
12/5/2022 16:00,1.433
12/5/2022 17:00,1.493
12/5/2022 18:00,1.536
12/5/2022 19:00,1.545
12/5/2022 20:00,1.519
12/5/2022 21:00,1.529
12/5/2022 22:00,1.557
12/5/2022 23:00,1.576
12/6/2022 0:00,1.562
12/6/2022 1:00,1.549
12/6/2022 2:00,1.548
12/6/2022 3:00,1.543
12/6/2022 4:00,1.548
12/6/2022 5:00,1.553
12/6/2022 6:00,1.555
12/6/2022 7:00,1.536
12/6/2022 8:00,1.514
12/6/2022 9:00,1.484
12/6/2022 10:00,1.451
12/6/2022 11:00,1.423
12/6/2022 12:00,1.41
12/6/2022 13:00,1.403
12/6/2022 14:00,1.391
12/6/2022 15:00,1.376
12/6/2022 16:00,1.35
12/6/2022 17:00,1.301
12/6/2022 18:00,1.25
12/6/2022 19:00,1.228
12/6/2022 20:00,1.23
12/6/2022 21:00,1.24
12/6/2022 22:00,1.244
12/6/2022 23:00,1.223
12/7/2022 0:00,1.214
12/7/2022 1:00,1.181
12/7/2022 2:00,1.133
12/7/2022 3:00,1.061
12/7/2022 4:00,0.993
12/7/2022 5:00,0.968
12/7/2022 6:00,0.971
12/7/2022 7:00,1.02
12/7/2022 8:00,1.04
12/7/2022 9:00,1.052
12/7/2022 10:00,1.093
12/7/2022 11:00,1.157
12/7/2022 12:00,1.233
12/7/2022 13:00,1.301
12/7/2022 14:00,1.322
12/7/2022 15:00,1.318
12/7/2022 16:00,1.32
12/7/2022 17:00,1.337
12/7/2022 18:00,1.338
12/7/2022 19:00,1.341
12/7/2022 20:00,1.347
12/7/2022 21:00,1.374
12/7/2022 22:00,1.429
12/7/2022 23:00,1.467
12/8/2022 0:00,1.481
12/8/2022 1:00,1.471
12/8/2022 2:00,1.446
12/8/2022 3:00,1.403
12/8/2022 4:00,1.351
12/8/2022 5:00,1.316
12/8/2022 6:00,1.282
12/8/2022 7:00,1.238
12/8/2022 8:00,1.223
12/8/2022 9:00,1.188
12/8/2022 10:00,1.135
12/8/2022 11:00,1.08
12/8/2022 12:00,1.094
12/8/2022 13:00,1.148
12/8/2022 14:00,1.27
12/8/2022 15:00,1.384
12/8/2022 16:00,1.442
12/8/2022 17:00,1.438
12/8/2022 18:00,1.456
12/8/2022 19:00,1.438
12/8/2022 20:00,1.427
12/8/2022 21:00,1.401
12/8/2022 22:00,1.348
12/8/2022 23:00,1.315
12/9/2022 0:00,1.305
12/9/2022 1:00,1.295
12/9/2022 2:00,1.258
12/9/2022 3:00,1.194
12/9/2022 4:00,1.176
12/9/2022 5:00,1.175
12/9/2022 6:00,1.128
12/9/2022 7:00,1.06
12/9/2022 8:00,0.977
12/9/2022 9:00,0.904
12/9/2022 10:00,0.906
12/9/2022 11:00,0.939
12/9/2022 12:00,0.965
12/9/2022 13:00,0.989
12/9/2022 14:00,0.982
12/9/2022 15:00,0.978
12/9/2022 16:00,0.976
12/9/2022 17:00,0.975
12/9/2022 18:00,0.976
12/9/2022 19:00,1.007
12/9/2022 20:00,1.057
12/9/2022 21:00,1.087
12/9/2022 22:00,1.131
12/9/2022 23:00,1.236
12/10/2022 0:00,1.361
12/10/2022 1:00,1.492
12/10/2022 2:00,1.605
12/10/2022 3:00,1.68
12/10/2022 4:00,1.718
12/10/2022 5:00,1.718
12/10/2022 6:00,1.695
12/10/2022 7:00,1.675
12/10/2022 8:00,1.628
12/10/2022 9:00,1.609
12/10/2022 10:00,1.596
12/10/2022 11:00,1.581
12/10/2022 12:00,1.598
12/10/2022 13:00,1.621
12/10/2022 14:00,1.63
12/10/2022 15:00,1.624
12/10/2022 16:00,1.609
12/10/2022 17:00,1.593
12/10/2022 18:00,1.584
12/10/2022 19:00,1.564
12/10/2022 20:00,1.549
12/10/2022 21:00,1.515
12/10/2022 22:00,1.495
12/10/2022 23:00,1.478
12/11/2022 0:00,1.48
12/11/2022 1:00,1.45
12/11/2022 2:00,1.441
12/11/2022 3:00,1.421
12/11/2022 4:00,1.405
12/11/2022 5:00,1.372
12/11/2022 6:00,1.342
12/11/2022 7:00,1.326
12/11/2022 8:00,1.323
12/11/2022 9:00,1.323
12/11/2022 10:00,1.32
12/11/2022 11:00,1.337
12/11/2022 12:00,1.378
12/11/2022 13:00,1.441
12/11/2022 14:00,1.495
12/11/2022 15:00,1.518
12/11/2022 16:00,1.588
12/11/2022 17:00,1.675
12/11/2022 18:00,1.78
12/11/2022 19:00,1.835
12/11/2022 20:00,1.896
12/11/2022 21:00,1.92
12/11/2022 22:00,1.947
12/11/2022 23:00,2.016
12/12/2022 0:00,2.059
12/12/2022 1:00,2.106
12/12/2022 2:00,2.185
12/12/2022 3:00,2.235
12/12/2022 4:00,2.269
12/12/2022 5:00,2.299
12/12/2022 6:00,2.344
12/12/2022 7:00,2.384
12/12/2022 8:00,2.451
12/12/2022 9:00,2.537
12/12/2022 10:00,2.634
12/12/2022 11:00,2.736
12/12/2022 12:00,2.826
12/12/2022 13:00,2.918
12/12/2022 14:00,2.979
12/12/2022 15:00,3.014
12/12/2022 16:00,2.983
12/12/2022 17:00,2.966
12/12/2022 18:00,2.897
12/12/2022 19:00,2.785
12/12/2022 20:00,2.673
12/12/2022 21:00,2.558
12/12/2022 22:00,2.428
12/12/2022 23:00,2.317
12/13/2022 0:00,2.208
12/13/2022 1:00,2.066
12/13/2022 2:00,1.927
12/13/2022 3:00,1.766
12/13/2022 4:00,1.617
12/13/2022 5:00,1.513
12/13/2022 6:00,1.454
12/13/2022 7:00,1.439
12/13/2022 8:00,1.412
12/13/2022 9:00,1.338
12/13/2022 10:00,1.243
12/13/2022 11:00,1.138
12/13/2022 12:00,1.072
12/13/2022 13:00,1.09
12/13/2022 14:00,1.169
12/13/2022 15:00,1.269
12/13/2022 16:00,1.332
12/13/2022 17:00,1.389
12/13/2022 18:00,1.433
12/13/2022 19:00,1.441
12/13/2022 20:00,1.437
12/13/2022 21:00,1.397
12/13/2022 22:00,1.35
12/13/2022 23:00,1.356
12/14/2022 0:00,1.35
12/14/2022 1:00,1.355
12/14/2022 2:00,1.379
12/14/2022 3:00,1.4
12/14/2022 4:00,1.407
12/14/2022 5:00,1.393
12/14/2022 6:00,1.373
12/14/2022 7:00,1.325
12/14/2022 8:00,1.292
12/14/2022 9:00,1.241
12/14/2022 10:00,1.161
12/14/2022 11:00,1.097
12/14/2022 12:00,1.087
12/14/2022 13:00,1.135
12/14/2022 14:00,1.209
12/14/2022 15:00,1.288
12/14/2022 16:00,1.378
12/14/2022 17:00,1.445
12/14/2022 18:00,1.513
12/14/2022 19:00,1.53
12/14/2022 20:00,1.593
12/14/2022 21:00,1.656
12/14/2022 22:00,1.614
12/14/2022 23:00,1.607
12/15/2022 0:00,1.501
12/15/2022 1:00,1.426
12/15/2022 2:00,1.359
12/15/2022 3:00,1.371
12/15/2022 4:00,1.376
12/15/2022 5:00,1.341
12/15/2022 6:00,1.312
12/15/2022 7:00,1.262
12/15/2022 8:00,1.165
12/15/2022 9:00,1.041
12/15/2022 10:00,0.916
12/15/2022 11:00,0.804
12/15/2022 12:00,0.723
12/15/2022 13:00,0.745
12/15/2022 14:00,0.84
12/15/2022 15:00,0.884
12/15/2022 16:00,0.89
12/15/2022 17:00,0.858
12/15/2022 18:00,0.804
12/15/2022 19:00,0.747
12/15/2022 20:00,0.698
12/15/2022 21:00,0.681
12/15/2022 22:00,0.686
12/15/2022 23:00,0.711
12/16/2022 0:00,0.732
12/16/2022 1:00,0.728
12/16/2022 2:00,0.718
12/16/2022 3:00,0.762
12/16/2022 4:00,0.849
12/16/2022 5:00,0.961
12/16/2022 6:00,1.052
12/16/2022 7:00,1.145
12/16/2022 8:00,1.222
12/16/2022 9:00,1.259
12/16/2022 10:00,1.25
12/16/2022 11:00,1.228
12/16/2022 12:00,1.25
12/16/2022 13:00,1.302
12/16/2022 14:00,1.325
12/16/2022 15:00,1.332
12/16/2022 16:00,1.298
12/16/2022 17:00,1.251
12/16/2022 18:00,1.209
12/16/2022 19:00,1.206
12/16/2022 20:00,1.21
12/16/2022 21:00,1.223
12/16/2022 22:00,1.247
12/16/2022 23:00,1.256
12/17/2022 0:00,1.275
12/17/2022 1:00,1.321
12/17/2022 2:00,1.369
12/17/2022 3:00,1.398
12/17/2022 4:00,1.397
12/17/2022 5:00,1.389
12/17/2022 6:00,1.387
12/17/2022 7:00,1.382
12/17/2022 8:00,1.409
12/17/2022 9:00,1.428
12/17/2022 10:00,1.411
12/17/2022 11:00,1.405
12/17/2022 12:00,1.441
12/17/2022 13:00,1.492
12/17/2022 14:00,1.549
12/17/2022 15:00,1.628
12/17/2022 16:00,1.691
12/17/2022 17:00,1.751
12/17/2022 18:00,1.766
12/17/2022 19:00,1.785
12/17/2022 20:00,1.798
12/17/2022 21:00,1.814
12/17/2022 22:00,1.835
12/17/2022 23:00,1.852
12/18/2022 0:00,1.829
12/18/2022 1:00,1.81
12/18/2022 2:00,1.812
12/18/2022 3:00,1.763
12/18/2022 4:00,1.726
12/18/2022 5:00,1.718
12/18/2022 6:00,1.732
12/18/2022 7:00,1.77
12/18/2022 8:00,1.807
12/18/2022 9:00,1.842
12/18/2022 10:00,1.859
12/18/2022 11:00,1.903
12/18/2022 12:00,2.032
12/18/2022 13:00,2.154
12/18/2022 14:00,2.245
12/18/2022 15:00,2.248
12/18/2022 16:00,2.273
12/18/2022 17:00,2.248
12/18/2022 18:00,2.214
12/18/2022 19:00,2.16
12/18/2022 20:00,2.099
12/18/2022 21:00,2.067
12/18/2022 22:00,2.05
12/18/2022 23:00,2.005
12/19/2022 0:00,2
12/19/2022 1:00,1.99
12/19/2022 2:00,1.958
12/19/2022 3:00,1.925
12/19/2022 4:00,1.87
12/19/2022 5:00,1.762
12/19/2022 6:00,1.67
12/19/2022 7:00,1.627
12/19/2022 8:00,1.594
12/19/2022 9:00,1.554
12/19/2022 10:00,1.497
12/19/2022 11:00,1.461
12/19/2022 12:00,1.435
12/19/2022 13:00,1.388
12/19/2022 14:00,1.361
12/19/2022 15:00,1.389
12/19/2022 16:00,1.443
12/19/2022 17:00,1.528
12/19/2022 18:00,1.583
12/19/2022 19:00,1.535
12/19/2022 20:00,1.488
12/19/2022 21:00,1.407
12/19/2022 22:00,1.326
12/19/2022 23:00,1.255
12/20/2022 0:00,1.222
12/20/2022 1:00,1.223
12/20/2022 2:00,1.24
12/20/2022 3:00,1.271
12/20/2022 4:00,1.322
12/20/2022 5:00,1.376
12/20/2022 6:00,1.428
12/20/2022 7:00,1.458
12/20/2022 8:00,1.475
12/20/2022 9:00,1.477
12/20/2022 10:00,1.496
12/20/2022 11:00,1.516
12/20/2022 12:00,1.563
12/20/2022 13:00,1.612
12/20/2022 14:00,1.667
12/20/2022 15:00,1.696
12/20/2022 16:00,1.727
12/20/2022 17:00,1.719
12/20/2022 18:00,1.679
12/20/2022 19:00,1.654
12/20/2022 20:00,1.598
12/20/2022 21:00,1.549
12/20/2022 22:00,1.511
12/20/2022 23:00,1.446
12/21/2022 0:00,1.419
12/21/2022 1:00,1.418
12/21/2022 2:00,1.434
12/21/2022 3:00,1.426
12/21/2022 4:00,1.444
12/21/2022 5:00,1.477
12/21/2022 6:00,1.489
12/21/2022 7:00,1.516
12/21/2022 8:00,1.571
12/21/2022 9:00,1.578
12/21/2022 10:00,1.546
12/21/2022 11:00,1.514
12/21/2022 12:00,1.589
12/21/2022 13:00,1.617
12/21/2022 14:00,1.586
12/21/2022 15:00,1.538
12/21/2022 16:00,1.541
12/21/2022 17:00,1.587
12/21/2022 18:00,1.677
12/21/2022 19:00,1.67
12/21/2022 20:00,1.687
12/21/2022 21:00,1.673
12/21/2022 22:00,1.689
12/21/2022 23:00,1.633
12/22/2022 0:00,1.593
12/22/2022 1:00,1.557
12/22/2022 2:00,1.522
12/22/2022 3:00,1.484
12/22/2022 4:00,1.441
12/22/2022 5:00,1.488
12/22/2022 6:00,1.535
12/22/2022 7:00,1.579
12/22/2022 8:00,1.622
12/22/2022 9:00,1.647
12/22/2022 10:00,1.677
12/22/2022 11:00,1.703
12/22/2022 12:00,1.735
12/22/2022 13:00,1.68
12/22/2022 14:00,1.624
12/22/2022 15:00,1.564
12/22/2022 16:00,1.565
12/22/2022 17:00,1.583
12/22/2022 18:00,1.556
12/22/2022 19:00,1.522
12/22/2022 20:00,1.522
12/22/2022 21:00,1.486
12/22/2022 22:00,1.407
12/22/2022 23:00,1.309
12/23/2022 0:00,1.268
12/23/2022 1:00,1.249
12/23/2022 2:00,1.203
12/23/2022 3:00,1.162
12/23/2022 4:00,1.166
12/23/2022 5:00,1.161
12/23/2022 6:00,1.139
12/23/2022 7:00,1.142
12/23/2022 8:00,1.198
12/23/2022 9:00,1.243
12/23/2022 10:00,1.266
12/23/2022 11:00,1.339
12/23/2022 12:00,1.388
12/23/2022 13:00,1.409
12/23/2022 14:00,1.292
12/23/2022 15:00,1.19
12/23/2022 16:00,1.256
12/23/2022 17:00,1.471
12/23/2022 18:00,1.621
12/23/2022 19:00,1.703
12/23/2022 20:00,1.712
12/23/2022 21:00,1.652
12/23/2022 22:00,1.572
12/23/2022 23:00,1.535
12/24/2022 0:00,1.547
12/24/2022 1:00,1.503
12/24/2022 2:00,1.53
12/24/2022 3:00,1.549
12/24/2022 4:00,1.58
12/24/2022 5:00,1.575
12/24/2022 6:00,1.551
12/24/2022 7:00,1.547
12/24/2022 8:00,1.553
12/24/2022 9:00,1.515
12/24/2022 10:00,1.504
12/24/2022 11:00,1.501
12/24/2022 12:00,1.521
12/24/2022 13:00,1.545
12/24/2022 14:00,1.547
12/24/2022 15:00,1.529
12/24/2022 16:00,1.503
12/24/2022 17:00,1.494
12/24/2022 18:00,1.486
12/24/2022 19:00,1.468
12/24/2022 20:00,1.473
12/24/2022 21:00,1.438
12/24/2022 22:00,1.424
12/24/2022 23:00,1.434
12/25/2022 0:00,1.425
12/25/2022 1:00,1.43
12/25/2022 2:00,1.422
12/25/2022 3:00,1.389
12/25/2022 4:00,1.362
12/25/2022 5:00,1.331
12/25/2022 6:00,1.316
12/25/2022 7:00,1.306
12/25/2022 8:00,1.29
12/25/2022 9:00,1.254
12/25/2022 10:00,1.223
12/25/2022 11:00,1.202
12/25/2022 12:00,1.199
12/25/2022 13:00,1.194
12/25/2022 14:00,1.163
12/25/2022 15:00,1.125
12/25/2022 16:00,1.102
12/25/2022 17:00,1.127
12/25/2022 18:00,1.226
12/25/2022 19:00,1.336
12/25/2022 20:00,1.409
12/25/2022 21:00,1.467
12/25/2022 22:00,1.516
12/25/2022 23:00,1.543
12/26/2022 0:00,1.609
12/26/2022 1:00,1.684
12/26/2022 2:00,1.762
12/26/2022 3:00,1.826
12/26/2022 4:00,1.849
12/26/2022 5:00,1.883
12/26/2022 6:00,1.926
12/26/2022 7:00,1.96
12/26/2022 8:00,1.977
12/26/2022 9:00,1.969
12/26/2022 10:00,1.966
12/26/2022 11:00,1.975
12/26/2022 12:00,1.995
12/26/2022 13:00,2.039
12/26/2022 14:00,2.094
12/26/2022 15:00,2.131
12/26/2022 16:00,2.151
12/26/2022 17:00,2.17
12/26/2022 18:00,2.181
12/26/2022 19:00,2.197
12/26/2022 20:00,2.231
12/26/2022 21:00,2.295
12/26/2022 22:00,2.341
12/26/2022 23:00,2.381
12/27/2022 0:00,2.426
12/27/2022 1:00,2.457
12/27/2022 2:00,2.45
12/27/2022 3:00,2.437
12/27/2022 4:00,2.403
12/27/2022 5:00,2.336
12/27/2022 6:00,2.211
12/27/2022 7:00,2.072
12/27/2022 8:00,1.943
12/27/2022 9:00,1.816
12/27/2022 10:00,1.758
12/27/2022 11:00,1.787
12/27/2022 12:00,1.803
12/27/2022 13:00,1.799
12/27/2022 14:00,1.737
12/27/2022 15:00,1.719
12/27/2022 16:00,1.701
12/27/2022 17:00,1.676
12/27/2022 18:00,1.632
12/27/2022 19:00,1.587
12/27/2022 20:00,1.564
12/27/2022 21:00,1.61
12/27/2022 22:00,1.62
12/27/2022 23:00,1.583
12/28/2022 0:00,1.534
12/28/2022 1:00,1.506
12/28/2022 2:00,1.479
12/28/2022 3:00,1.466
12/28/2022 4:00,1.48
12/28/2022 5:00,1.493
12/28/2022 6:00,1.532
12/28/2022 7:00,1.516
12/28/2022 8:00,1.457
12/28/2022 9:00,1.398
12/28/2022 10:00,1.352
12/28/2022 11:00,1.308
12/28/2022 12:00,1.244
12/28/2022 13:00,1.183
12/28/2022 14:00,1.108
12/28/2022 15:00,1.023
12/28/2022 16:00,0.979
12/28/2022 17:00,0.984
12/28/2022 18:00,0.991
12/28/2022 19:00,0.973
12/28/2022 20:00,0.992
12/28/2022 21:00,1.067
12/28/2022 22:00,1.132
12/28/2022 23:00,1.178
12/29/2022 0:00,1.226
12/29/2022 1:00,1.284
12/29/2022 2:00,1.345
12/29/2022 3:00,1.388
12/29/2022 4:00,1.441
12/29/2022 5:00,1.489
12/29/2022 6:00,1.555
12/29/2022 7:00,1.636
12/29/2022 8:00,1.688
12/29/2022 9:00,1.752
12/29/2022 10:00,1.784
12/29/2022 11:00,1.828
12/29/2022 12:00,1.885
12/29/2022 13:00,1.975
12/29/2022 14:00,2.082
12/29/2022 15:00,2.199
12/29/2022 16:00,2.304
12/29/2022 17:00,2.38
12/29/2022 18:00,2.43
12/29/2022 19:00,2.44
12/29/2022 20:00,2.423
12/29/2022 21:00,2.393
12/29/2022 22:00,2.33
12/29/2022 23:00,2.212
12/30/2022 0:00,2.102
12/30/2022 1:00,2.038
12/30/2022 2:00,2.015
12/30/2022 3:00,1.965
12/30/2022 4:00,1.893
12/30/2022 5:00,1.834
12/30/2022 6:00,1.806
12/30/2022 7:00,1.778
12/30/2022 8:00,1.786
12/30/2022 9:00,1.782
12/30/2022 10:00,1.758
12/30/2022 11:00,1.748
12/30/2022 12:00,1.72
12/30/2022 13:00,1.636
12/30/2022 14:00,1.602
12/30/2022 15:00,1.554
12/30/2022 16:00,1.504
12/30/2022 17:00,1.454
12/30/2022 18:00,1.439
12/30/2022 19:00,1.435
12/30/2022 20:00,1.483
12/30/2022 21:00,1.51
12/30/2022 22:00,1.552
12/30/2022 23:00,1.594
12/31/2022 0:00,1.66
12/31/2022 1:00,1.809
12/31/2022 2:00,1.917
12/31/2022 3:00,2.027
12/31/2022 4:00,2.233
12/31/2022 5:00,2.464
12/31/2022 6:00,2.654
12/31/2022 7:00,2.81
12/31/2022 8:00,2.902
12/31/2022 9:00,2.954
12/31/2022 10:00,2.955
12/31/2022 11:00,2.834
12/31/2022 12:00,2.769
12/31/2022 13:00,2.674
12/31/2022 14:00,2.633
12/31/2022 15:00,2.664
12/31/2022 16:00,2.68
12/31/2022 17:00,2.689
12/31/2022 18:00,2.694
12/31/2022 19:00,2.662
12/31/2022 20:00,2.648
12/31/2022 21:00,2.584
12/31/2022 22:00,2.433
12/31/2022 23:00,2.313
