# Renewables.ninja Weather (hourly 1980-2022)  -  Finland  -  renewables_ninja_country_FI_irradiance-surface_merra-2_pop-wtd.csv  -  Version 1.4,
# License: https://creativecommons.org/licenses/by-nc/4.0/  -  Reference: https://doi.org/10.1038/s41560-023-01341-5,
# Units: time in UTC; other columns are the irradiance at ground level in W/m^2 (SWGDN in MERRA-2) weighted by population; column names signify country ISO2 code or GADM level1 code.,
,
1/1/2022 0:00,0
1/1/2022 1:00,0
1/1/2022 2:00,0
1/1/2022 3:00,0
1/1/2022 4:00,0
1/1/2022 5:00,0
1/1/2022 6:00,0
1/1/2022 7:00,1.577
1/1/2022 8:00,26.08
1/1/2022 9:00,56.797
1/1/2022 10:00,65.569
1/1/2022 11:00,48.44
1/1/2022 12:00,16.333
1/1/2022 13:00,0.214
1/1/2022 14:00,0
1/1/2022 15:00,0
1/1/2022 16:00,0
1/1/2022 17:00,0
1/1/2022 18:00,0
1/1/2022 19:00,0
1/1/2022 20:00,0
1/1/2022 21:00,0
1/1/2022 22:00,0
1/1/2022 23:00,0
1/2/2022 0:00,0
1/2/2022 1:00,0
1/2/2022 2:00,0
1/2/2022 3:00,0
1/2/2022 4:00,0
1/2/2022 5:00,0
1/2/2022 6:00,0
1/2/2022 7:00,0.449
1/2/2022 8:00,9.111
1/2/2022 9:00,22.516
1/2/2022 10:00,28.737
1/2/2022 11:00,20.292
1/2/2022 12:00,6.472
1/2/2022 13:00,0.075
1/2/2022 14:00,0
1/2/2022 15:00,0
1/2/2022 16:00,0
1/2/2022 17:00,0
1/2/2022 18:00,0
1/2/2022 19:00,0
1/2/2022 20:00,0
1/2/2022 21:00,0
1/2/2022 22:00,0
1/2/2022 23:00,0
1/3/2022 0:00,0
1/3/2022 1:00,0
1/3/2022 2:00,0
1/3/2022 3:00,0
1/3/2022 4:00,0
1/3/2022 5:00,0
1/3/2022 6:00,0
1/3/2022 7:00,0.674
1/3/2022 8:00,10.24
1/3/2022 9:00,22.075
1/3/2022 10:00,25.504
1/3/2022 11:00,18.232
1/3/2022 12:00,5.661
1/3/2022 13:00,0.044
1/3/2022 14:00,0
1/3/2022 15:00,0
1/3/2022 16:00,0
1/3/2022 17:00,0
1/3/2022 18:00,0
1/3/2022 19:00,0
1/3/2022 20:00,0
1/3/2022 21:00,0
1/3/2022 22:00,0
1/3/2022 23:00,0
1/4/2022 0:00,0
1/4/2022 1:00,0
1/4/2022 2:00,0
1/4/2022 3:00,0
1/4/2022 4:00,0
1/4/2022 5:00,0
1/4/2022 6:00,0
1/4/2022 7:00,0.299
1/4/2022 8:00,4.737
1/4/2022 9:00,10.872
1/4/2022 10:00,14.826
1/4/2022 11:00,16.185
1/4/2022 12:00,8.816
1/4/2022 13:00,0.305
1/4/2022 14:00,0
1/4/2022 15:00,0
1/4/2022 16:00,0
1/4/2022 17:00,0
1/4/2022 18:00,0
1/4/2022 19:00,0
1/4/2022 20:00,0
1/4/2022 21:00,0
1/4/2022 22:00,0
1/4/2022 23:00,0
1/5/2022 0:00,0
1/5/2022 1:00,0
1/5/2022 2:00,0
1/5/2022 3:00,0
1/5/2022 4:00,0
1/5/2022 5:00,0
1/5/2022 6:00,0
1/5/2022 7:00,1.159
1/5/2022 8:00,14.47
1/5/2022 9:00,30.838
1/5/2022 10:00,37.526
1/5/2022 11:00,29.95
1/5/2022 12:00,11.549
1/5/2022 13:00,0.249
1/5/2022 14:00,0
1/5/2022 15:00,0
1/5/2022 16:00,0
1/5/2022 17:00,0
1/5/2022 18:00,0
1/5/2022 19:00,0
1/5/2022 20:00,0
1/5/2022 21:00,0
1/5/2022 22:00,0
1/5/2022 23:00,0
1/6/2022 0:00,0
1/6/2022 1:00,0
1/6/2022 2:00,0
1/6/2022 3:00,0
1/6/2022 4:00,0
1/6/2022 5:00,0
1/6/2022 6:00,0
1/6/2022 7:00,2.017
1/6/2022 8:00,25.732
1/6/2022 9:00,50.126
1/6/2022 10:00,58.568
1/6/2022 11:00,45.449
1/6/2022 12:00,17.647
1/6/2022 13:00,0.486
1/6/2022 14:00,0
1/6/2022 15:00,0
1/6/2022 16:00,0
1/6/2022 17:00,0
1/6/2022 18:00,0
1/6/2022 19:00,0
1/6/2022 20:00,0
1/6/2022 21:00,0
1/6/2022 22:00,0
1/6/2022 23:00,0
1/7/2022 0:00,0
1/7/2022 1:00,0
1/7/2022 2:00,0
1/7/2022 3:00,0
1/7/2022 4:00,0
1/7/2022 5:00,0
1/7/2022 6:00,0
1/7/2022 7:00,1.927
1/7/2022 8:00,24.243
1/7/2022 9:00,52.131
1/7/2022 10:00,59.019
1/7/2022 11:00,43.995
1/7/2022 12:00,16.401
1/7/2022 13:00,0.473
1/7/2022 14:00,0
1/7/2022 15:00,0
1/7/2022 16:00,0
1/7/2022 17:00,0
1/7/2022 18:00,0
1/7/2022 19:00,0
1/7/2022 20:00,0
1/7/2022 21:00,0
1/7/2022 22:00,0
1/7/2022 23:00,0
1/8/2022 0:00,0
1/8/2022 1:00,0
1/8/2022 2:00,0
1/8/2022 3:00,0
1/8/2022 4:00,0
1/8/2022 5:00,0
1/8/2022 6:00,0
1/8/2022 7:00,2.124
1/8/2022 8:00,17.614
1/8/2022 9:00,31.469
1/8/2022 10:00,32.592
1/8/2022 11:00,22.634
1/8/2022 12:00,7.085
1/8/2022 13:00,0.118
1/8/2022 14:00,0
1/8/2022 15:00,0
1/8/2022 16:00,0
1/8/2022 17:00,0
1/8/2022 18:00,0
1/8/2022 19:00,0
1/8/2022 20:00,0
1/8/2022 21:00,0
1/8/2022 22:00,0
1/8/2022 23:00,0
1/9/2022 0:00,0
1/9/2022 1:00,0
1/9/2022 2:00,0
1/9/2022 3:00,0
1/9/2022 4:00,0
1/9/2022 5:00,0
1/9/2022 6:00,0
1/9/2022 7:00,1.805
1/9/2022 8:00,18.092
1/9/2022 9:00,36.611
1/9/2022 10:00,45.87
1/9/2022 11:00,38.082
1/9/2022 12:00,16.203
1/9/2022 13:00,0.627
1/9/2022 14:00,0
1/9/2022 15:00,0
1/9/2022 16:00,0
1/9/2022 17:00,0
1/9/2022 18:00,0
1/9/2022 19:00,0
1/9/2022 20:00,0
1/9/2022 21:00,0
1/9/2022 22:00,0
1/9/2022 23:00,0
1/10/2022 0:00,0
1/10/2022 1:00,0
1/10/2022 2:00,0
1/10/2022 3:00,0
1/10/2022 4:00,0
1/10/2022 5:00,0
1/10/2022 6:00,0
1/10/2022 7:00,4.028
1/10/2022 8:00,32.32
1/10/2022 9:00,60.602
1/10/2022 10:00,69.959
1/10/2022 11:00,56.301
1/10/2022 12:00,23.962
1/10/2022 13:00,1.172
1/10/2022 14:00,0
1/10/2022 15:00,0
1/10/2022 16:00,0
1/10/2022 17:00,0
1/10/2022 18:00,0
1/10/2022 19:00,0
1/10/2022 20:00,0
1/10/2022 21:00,0
1/10/2022 22:00,0
1/10/2022 23:00,0
1/11/2022 0:00,0
1/11/2022 1:00,0
1/11/2022 2:00,0
1/11/2022 3:00,0
1/11/2022 4:00,0
1/11/2022 5:00,0
1/11/2022 6:00,0
1/11/2022 7:00,3.991
1/11/2022 8:00,28.521
1/11/2022 9:00,49.786
1/11/2022 10:00,54.289
1/11/2022 11:00,42.671
1/11/2022 12:00,18.165
1/11/2022 13:00,1.061
1/11/2022 14:00,0
1/11/2022 15:00,0
1/11/2022 16:00,0
1/11/2022 17:00,0
1/11/2022 18:00,0
1/11/2022 19:00,0
1/11/2022 20:00,0
1/11/2022 21:00,0
1/11/2022 22:00,0
1/11/2022 23:00,0
1/12/2022 0:00,0
1/12/2022 1:00,0
1/12/2022 2:00,0
1/12/2022 3:00,0
1/12/2022 4:00,0
1/12/2022 5:00,0
1/12/2022 6:00,0
1/12/2022 7:00,1.782
1/12/2022 8:00,15.101
1/12/2022 9:00,28.972
1/12/2022 10:00,35.015
1/12/2022 11:00,28.06
1/12/2022 12:00,11.595
1/12/2022 13:00,0.653
1/12/2022 14:00,0
1/12/2022 15:00,0
1/12/2022 16:00,0
1/12/2022 17:00,0
1/12/2022 18:00,0
1/12/2022 19:00,0
1/12/2022 20:00,0
1/12/2022 21:00,0
1/12/2022 22:00,0
1/12/2022 23:00,0
1/13/2022 0:00,0
1/13/2022 1:00,0
1/13/2022 2:00,0
1/13/2022 3:00,0
1/13/2022 4:00,0
1/13/2022 5:00,0
1/13/2022 6:00,0
1/13/2022 7:00,5.479
1/13/2022 8:00,37.491
1/13/2022 9:00,66.587
1/13/2022 10:00,74.531
1/13/2022 11:00,58.185
1/13/2022 12:00,25.104
1/13/2022 13:00,1.632
1/13/2022 14:00,0
1/13/2022 15:00,0
1/13/2022 16:00,0
1/13/2022 17:00,0
1/13/2022 18:00,0
1/13/2022 19:00,0
1/13/2022 20:00,0
1/13/2022 21:00,0
1/13/2022 22:00,0
1/13/2022 23:00,0
1/14/2022 0:00,0
1/14/2022 1:00,0
1/14/2022 2:00,0
1/14/2022 3:00,0
1/14/2022 4:00,0
1/14/2022 5:00,0
1/14/2022 6:00,0
1/14/2022 7:00,4.54
1/14/2022 8:00,29.941
1/14/2022 9:00,54.232
1/14/2022 10:00,61.954
1/14/2022 11:00,49.665
1/14/2022 12:00,21.396
1/14/2022 13:00,1.581
1/14/2022 14:00,0
1/14/2022 15:00,0
1/14/2022 16:00,0
1/14/2022 17:00,0
1/14/2022 18:00,0
1/14/2022 19:00,0
1/14/2022 20:00,0
1/14/2022 21:00,0
1/14/2022 22:00,0
1/14/2022 23:00,0
1/15/2022 0:00,0
1/15/2022 1:00,0
1/15/2022 2:00,0
1/15/2022 3:00,0
1/15/2022 4:00,0
1/15/2022 5:00,0
1/15/2022 6:00,0
1/15/2022 7:00,6.72
1/15/2022 8:00,41.857
1/15/2022 9:00,75.56
1/15/2022 10:00,86.332
1/15/2022 11:00,69.756
1/15/2022 12:00,32.521
1/15/2022 13:00,2.739
1/15/2022 14:00,0
1/15/2022 15:00,0
1/15/2022 16:00,0
1/15/2022 17:00,0
1/15/2022 18:00,0
1/15/2022 19:00,0
1/15/2022 20:00,0
1/15/2022 21:00,0
1/15/2022 22:00,0
1/15/2022 23:00,0
1/16/2022 0:00,0
1/16/2022 1:00,0
1/16/2022 2:00,0
1/16/2022 3:00,0
1/16/2022 4:00,0
1/16/2022 5:00,0
1/16/2022 6:00,0
1/16/2022 7:00,5.858
1/16/2022 8:00,26.979
1/16/2022 9:00,37.735
1/16/2022 10:00,35.379
1/16/2022 11:00,23.389
1/16/2022 12:00,8.567
1/16/2022 13:00,0.492
1/16/2022 14:00,0
1/16/2022 15:00,0
1/16/2022 16:00,0
1/16/2022 17:00,0
1/16/2022 18:00,0
1/16/2022 19:00,0
1/16/2022 20:00,0
1/16/2022 21:00,0
1/16/2022 22:00,0
1/16/2022 23:00,0
1/17/2022 0:00,0
1/17/2022 1:00,0
1/17/2022 2:00,0
1/17/2022 3:00,0
1/17/2022 4:00,0
1/17/2022 5:00,0
1/17/2022 6:00,0
1/17/2022 7:00,3.68
1/17/2022 8:00,36.416
1/17/2022 9:00,76.882
1/17/2022 10:00,90.144
1/17/2022 11:00,75.402
1/17/2022 12:00,40.115
1/17/2022 13:00,4.349
1/17/2022 14:00,0
1/17/2022 15:00,0
1/17/2022 16:00,0
1/17/2022 17:00,0
1/17/2022 18:00,0
1/17/2022 19:00,0
1/17/2022 20:00,0
1/17/2022 21:00,0
1/17/2022 22:00,0
1/17/2022 23:00,0
1/18/2022 0:00,0
1/18/2022 1:00,0
1/18/2022 2:00,0
1/18/2022 3:00,0
1/18/2022 4:00,0
1/18/2022 5:00,0
1/18/2022 6:00,0.001
1/18/2022 7:00,8.107
1/18/2022 8:00,32.345
1/18/2022 9:00,55.917
1/18/2022 10:00,53.242
1/18/2022 11:00,41.726
1/18/2022 12:00,16.547
1/18/2022 13:00,1.771
1/18/2022 14:00,0
1/18/2022 15:00,0
1/18/2022 16:00,0
1/18/2022 17:00,0
1/18/2022 18:00,0
1/18/2022 19:00,0
1/18/2022 20:00,0
1/18/2022 21:00,0
1/18/2022 22:00,0
1/18/2022 23:00,0
1/19/2022 0:00,0
1/19/2022 1:00,0
1/19/2022 2:00,0
1/19/2022 3:00,0
1/19/2022 4:00,0
1/19/2022 5:00,0
1/19/2022 6:00,0.002
1/19/2022 7:00,4.675
1/19/2022 8:00,16.267
1/19/2022 9:00,23.023
1/19/2022 10:00,25.053
1/19/2022 11:00,20.254
1/19/2022 12:00,13.721
1/19/2022 13:00,2.186
1/19/2022 14:00,0
1/19/2022 15:00,0
1/19/2022 16:00,0
1/19/2022 17:00,0
1/19/2022 18:00,0
1/19/2022 19:00,0
1/19/2022 20:00,0
1/19/2022 21:00,0
1/19/2022 22:00,0
1/19/2022 23:00,0
1/20/2022 0:00,0
1/20/2022 1:00,0
1/20/2022 2:00,0
1/20/2022 3:00,0
1/20/2022 4:00,0
1/20/2022 5:00,0
1/20/2022 6:00,0.001
1/20/2022 7:00,4
1/20/2022 8:00,19.977
1/20/2022 9:00,34.792
1/20/2022 10:00,38.788
1/20/2022 11:00,30.981
1/20/2022 12:00,15.173
1/20/2022 13:00,1.899
1/20/2022 14:00,0
1/20/2022 15:00,0
1/20/2022 16:00,0
1/20/2022 17:00,0
1/20/2022 18:00,0
1/20/2022 19:00,0
1/20/2022 20:00,0
1/20/2022 21:00,0
1/20/2022 22:00,0
1/20/2022 23:00,0
1/21/2022 0:00,0
1/21/2022 1:00,0
1/21/2022 2:00,0
1/21/2022 3:00,0
1/21/2022 4:00,0
1/21/2022 5:00,0
1/21/2022 6:00,0.005
1/21/2022 7:00,9.939
1/21/2022 8:00,38.828
1/21/2022 9:00,57.651
1/21/2022 10:00,62.242
1/21/2022 11:00,50.087
1/21/2022 12:00,25.983
1/21/2022 13:00,4.014
1/21/2022 14:00,0
1/21/2022 15:00,0
1/21/2022 16:00,0
1/21/2022 17:00,0
1/21/2022 18:00,0
1/21/2022 19:00,0
1/21/2022 20:00,0
1/21/2022 21:00,0
1/21/2022 22:00,0
1/21/2022 23:00,0
1/22/2022 0:00,0
1/22/2022 1:00,0
1/22/2022 2:00,0
1/22/2022 3:00,0
1/22/2022 4:00,0
1/22/2022 5:00,0
1/22/2022 6:00,0.037
1/22/2022 7:00,15.76
1/22/2022 8:00,57.984
1/22/2022 9:00,90.168
1/22/2022 10:00,98.373
1/22/2022 11:00,79.082
1/22/2022 12:00,41.741
1/22/2022 13:00,6.687
1/22/2022 14:00,0
1/22/2022 15:00,0
1/22/2022 16:00,0
1/22/2022 17:00,0
1/22/2022 18:00,0
1/22/2022 19:00,0
1/22/2022 20:00,0
1/22/2022 21:00,0
1/22/2022 22:00,0
1/22/2022 23:00,0
1/23/2022 0:00,0
1/23/2022 1:00,0
1/23/2022 2:00,0
1/23/2022 3:00,0
1/23/2022 4:00,0
1/23/2022 5:00,0
1/23/2022 6:00,0.036
1/23/2022 7:00,5.012
1/23/2022 8:00,19.948
1/23/2022 9:00,34.128
1/23/2022 10:00,43.732
1/23/2022 11:00,41.36
1/23/2022 12:00,25.845
1/23/2022 13:00,4.685
1/23/2022 14:00,0.002
1/23/2022 15:00,0
1/23/2022 16:00,0
1/23/2022 17:00,0
1/23/2022 18:00,0
1/23/2022 19:00,0
1/23/2022 20:00,0
1/23/2022 21:00,0
1/23/2022 22:00,0
1/23/2022 23:00,0
1/24/2022 0:00,0
1/24/2022 1:00,0
1/24/2022 2:00,0
1/24/2022 3:00,0
1/24/2022 4:00,0
1/24/2022 5:00,0
1/24/2022 6:00,0.053
1/24/2022 7:00,7.829
1/24/2022 8:00,26.711
1/24/2022 9:00,39.957
1/24/2022 10:00,45.032
1/24/2022 11:00,37.873
1/24/2022 12:00,22.493
1/24/2022 13:00,4.548
1/24/2022 14:00,0.003
1/24/2022 15:00,0
1/24/2022 16:00,0
1/24/2022 17:00,0
1/24/2022 18:00,0
1/24/2022 19:00,0
1/24/2022 20:00,0
1/24/2022 21:00,0
1/24/2022 22:00,0
1/24/2022 23:00,0
1/25/2022 0:00,0
1/25/2022 1:00,0
1/25/2022 2:00,0
1/25/2022 3:00,0
1/25/2022 4:00,0
1/25/2022 5:00,0
1/25/2022 6:00,0.207
1/25/2022 7:00,19.403
1/25/2022 8:00,62.76
1/25/2022 9:00,97.565
1/25/2022 10:00,114.243
1/25/2022 11:00,97.715
1/25/2022 12:00,57.523
1/25/2022 13:00,11.949
1/25/2022 14:00,0.006
1/25/2022 15:00,0
1/25/2022 16:00,0
1/25/2022 17:00,0
1/25/2022 18:00,0
1/25/2022 19:00,0
1/25/2022 20:00,0
1/25/2022 21:00,0
1/25/2022 22:00,0
1/25/2022 23:00,0
1/26/2022 0:00,0
1/26/2022 1:00,0
1/26/2022 2:00,0
1/26/2022 3:00,0
1/26/2022 4:00,0
1/26/2022 5:00,0
1/26/2022 6:00,0.31
1/26/2022 7:00,12.436
1/26/2022 8:00,28.442
1/26/2022 9:00,34.187
1/26/2022 10:00,32.331
1/26/2022 11:00,24.612
1/26/2022 12:00,13.179
1/26/2022 13:00,2.483
1/26/2022 14:00,0.003
1/26/2022 15:00,0
1/26/2022 16:00,0
1/26/2022 17:00,0
1/26/2022 18:00,0
1/26/2022 19:00,0
1/26/2022 20:00,0
1/26/2022 21:00,0
1/26/2022 22:00,0
1/26/2022 23:00,0
1/27/2022 0:00,0
1/27/2022 1:00,0
1/27/2022 2:00,0
1/27/2022 3:00,0
1/27/2022 4:00,0
1/27/2022 5:00,0
1/27/2022 6:00,0.251
1/27/2022 7:00,11.569
1/27/2022 8:00,29.797
1/27/2022 9:00,39.636
1/27/2022 10:00,42.398
1/27/2022 11:00,34.515
1/27/2022 12:00,20.481
1/27/2022 13:00,4.202
1/27/2022 14:00,0.003
1/27/2022 15:00,0
1/27/2022 16:00,0
1/27/2022 17:00,0
1/27/2022 18:00,0
1/27/2022 19:00,0
1/27/2022 20:00,0
1/27/2022 21:00,0
1/27/2022 22:00,0
1/27/2022 23:00,0
1/28/2022 0:00,0
1/28/2022 1:00,0
1/28/2022 2:00,0
1/28/2022 3:00,0
1/28/2022 4:00,0
1/28/2022 5:00,0
1/28/2022 6:00,0.453
1/28/2022 7:00,19.817
1/28/2022 8:00,58.65
1/28/2022 9:00,91.031
1/28/2022 10:00,106.654
1/28/2022 11:00,96.501
1/28/2022 12:00,59.677
1/28/2022 13:00,15.139
1/28/2022 14:00,0.036
1/28/2022 15:00,0
1/28/2022 16:00,0
1/28/2022 17:00,0
1/28/2022 18:00,0
1/28/2022 19:00,0
1/28/2022 20:00,0
1/28/2022 21:00,0
1/28/2022 22:00,0
1/28/2022 23:00,0
1/29/2022 0:00,0
1/29/2022 1:00,0
1/29/2022 2:00,0
1/29/2022 3:00,0
1/29/2022 4:00,0
1/29/2022 5:00,0
1/29/2022 6:00,0.923
1/29/2022 7:00,19.114
1/29/2022 8:00,47.145
1/29/2022 9:00,57.292
1/29/2022 10:00,45.589
1/29/2022 11:00,31.604
1/29/2022 12:00,16.797
1/29/2022 13:00,3.371
1/29/2022 14:00,0.003
1/29/2022 15:00,0
1/29/2022 16:00,0
1/29/2022 17:00,0
1/29/2022 18:00,0
1/29/2022 19:00,0
1/29/2022 20:00,0
1/29/2022 21:00,0
1/29/2022 22:00,0
1/29/2022 23:00,0
1/30/2022 0:00,0
1/30/2022 1:00,0
1/30/2022 2:00,0
1/30/2022 3:00,0
1/30/2022 4:00,0
1/30/2022 5:00,0
1/30/2022 6:00,0.293
1/30/2022 7:00,9.887
1/30/2022 8:00,27.739
1/30/2022 9:00,41.243
1/30/2022 10:00,46.545
1/30/2022 11:00,40.321
1/30/2022 12:00,24.126
1/30/2022 13:00,6.258
1/30/2022 14:00,0.026
1/30/2022 15:00,0
1/30/2022 16:00,0
1/30/2022 17:00,0
1/30/2022 18:00,0
1/30/2022 19:00,0
1/30/2022 20:00,0
1/30/2022 21:00,0
1/30/2022 22:00,0
1/30/2022 23:00,0
1/31/2022 0:00,0
1/31/2022 1:00,0
1/31/2022 2:00,0
1/31/2022 3:00,0
1/31/2022 4:00,0
1/31/2022 5:00,0
1/31/2022 6:00,0.913
1/31/2022 7:00,23.547
1/31/2022 8:00,63.249
1/31/2022 9:00,91.624
1/31/2022 10:00,97.151
1/31/2022 11:00,79.36
1/31/2022 12:00,49.222
1/31/2022 13:00,15.54
1/31/2022 14:00,0.192
1/31/2022 15:00,0
1/31/2022 16:00,0
1/31/2022 17:00,0
1/31/2022 18:00,0
1/31/2022 19:00,0
1/31/2022 20:00,0
1/31/2022 21:00,0
1/31/2022 22:00,0
1/31/2022 23:00,0
2/1/2022 0:00,0
2/1/2022 1:00,0
2/1/2022 2:00,0
2/1/2022 3:00,0
2/1/2022 4:00,0
2/1/2022 5:00,0
2/1/2022 6:00,1.886
2/1/2022 7:00,29.755
2/1/2022 8:00,66.942
2/1/2022 9:00,89.524
2/1/2022 10:00,92.378
2/1/2022 11:00,75.177
2/1/2022 12:00,47.01
2/1/2022 13:00,15.169
2/1/2022 14:00,0.227
2/1/2022 15:00,0
2/1/2022 16:00,0
2/1/2022 17:00,0
2/1/2022 18:00,0
2/1/2022 19:00,0
2/1/2022 20:00,0
2/1/2022 21:00,0
2/1/2022 22:00,0
2/1/2022 23:00,0
2/2/2022 0:00,0
2/2/2022 1:00,0
2/2/2022 2:00,0
2/2/2022 3:00,0
2/2/2022 4:00,0
2/2/2022 5:00,0
2/2/2022 6:00,2.278
2/2/2022 7:00,31.396
2/2/2022 8:00,69.984
2/2/2022 9:00,94.568
2/2/2022 10:00,97.992
2/2/2022 11:00,81.66
2/2/2022 12:00,51.886
2/2/2022 13:00,16.846
2/2/2022 14:00,0.344
2/2/2022 15:00,0
2/2/2022 16:00,0
2/2/2022 17:00,0
2/2/2022 18:00,0
2/2/2022 19:00,0
2/2/2022 20:00,0
2/2/2022 21:00,0
2/2/2022 22:00,0
2/2/2022 23:00,0
2/3/2022 0:00,0
2/3/2022 1:00,0
2/3/2022 2:00,0
2/3/2022 3:00,0
2/3/2022 4:00,0
2/3/2022 5:00,0
2/3/2022 6:00,2.883
2/3/2022 7:00,32.922
2/3/2022 8:00,72.983
2/3/2022 9:00,103.563
2/3/2022 10:00,119.306
2/3/2022 11:00,111.826
2/3/2022 12:00,77.852
2/3/2022 13:00,28.522
2/3/2022 14:00,0.762
2/3/2022 15:00,0
2/3/2022 16:00,0
2/3/2022 17:00,0
2/3/2022 18:00,0
2/3/2022 19:00,0
2/3/2022 20:00,0
2/3/2022 21:00,0
2/3/2022 22:00,0
2/3/2022 23:00,0
2/4/2022 0:00,0
2/4/2022 1:00,0
2/4/2022 2:00,0
2/4/2022 3:00,0
2/4/2022 4:00,0
2/4/2022 5:00,0
2/4/2022 6:00,4.222
2/4/2022 7:00,40.44
2/4/2022 8:00,81.999
2/4/2022 9:00,107.42
2/4/2022 10:00,111.244
2/4/2022 11:00,92.263
2/4/2022 12:00,58.891
2/4/2022 13:00,20.35
2/4/2022 14:00,0.466
2/4/2022 15:00,0
2/4/2022 16:00,0
2/4/2022 17:00,0
2/4/2022 18:00,0
2/4/2022 19:00,0
2/4/2022 20:00,0
2/4/2022 21:00,0
2/4/2022 22:00,0
2/4/2022 23:00,0
2/5/2022 0:00,0
2/5/2022 1:00,0
2/5/2022 2:00,0
2/5/2022 3:00,0
2/5/2022 4:00,0
2/5/2022 5:00,0
2/5/2022 6:00,0.742
2/5/2022 7:00,9.933
2/5/2022 8:00,24.126
2/5/2022 9:00,36.878
2/5/2022 10:00,45.118
2/5/2022 11:00,42.718
2/5/2022 12:00,31.42
2/5/2022 13:00,14.029
2/5/2022 14:00,0.785
2/5/2022 15:00,0
2/5/2022 16:00,0
2/5/2022 17:00,0
2/5/2022 18:00,0
2/5/2022 19:00,0
2/5/2022 20:00,0
2/5/2022 21:00,0
2/5/2022 22:00,0
2/5/2022 23:00,0
2/6/2022 0:00,0
2/6/2022 1:00,0
2/6/2022 2:00,0
2/6/2022 3:00,0
2/6/2022 4:00,0
2/6/2022 5:00,0
2/6/2022 6:00,2.834
2/6/2022 7:00,21.05
2/6/2022 8:00,40.929
2/6/2022 9:00,52.4
2/6/2022 10:00,56.137
2/6/2022 11:00,51.928
2/6/2022 12:00,35.206
2/6/2022 13:00,13.468
2/6/2022 14:00,0.727
2/6/2022 15:00,0
2/6/2022 16:00,0
2/6/2022 17:00,0
2/6/2022 18:00,0
2/6/2022 19:00,0
2/6/2022 20:00,0
2/6/2022 21:00,0
2/6/2022 22:00,0
2/6/2022 23:00,0
2/7/2022 0:00,0
2/7/2022 1:00,0
2/7/2022 2:00,0
2/7/2022 3:00,0
2/7/2022 4:00,0
2/7/2022 5:00,0
2/7/2022 6:00,4.697
2/7/2022 7:00,36.673
2/7/2022 8:00,73.617
2/7/2022 9:00,98.876
2/7/2022 10:00,105.785
2/7/2022 11:00,97.744
2/7/2022 12:00,71.67
2/7/2022 13:00,31.229
2/7/2022 14:00,1.997
2/7/2022 15:00,0
2/7/2022 16:00,0
2/7/2022 17:00,0
2/7/2022 18:00,0
2/7/2022 19:00,0
2/7/2022 20:00,0
2/7/2022 21:00,0
2/7/2022 22:00,0
2/7/2022 23:00,0
2/8/2022 0:00,0
2/8/2022 1:00,0
2/8/2022 2:00,0
2/8/2022 3:00,0
2/8/2022 4:00,0
2/8/2022 5:00,0
2/8/2022 6:00,6.161
2/8/2022 7:00,36.466
2/8/2022 8:00,75.433
2/8/2022 9:00,106.254
2/8/2022 10:00,98.285
2/8/2022 11:00,69.993
2/8/2022 12:00,41.093
2/8/2022 13:00,16.409
2/8/2022 14:00,1.133
2/8/2022 15:00,0
2/8/2022 16:00,0
2/8/2022 17:00,0
2/8/2022 18:00,0
2/8/2022 19:00,0
2/8/2022 20:00,0
2/8/2022 21:00,0
2/8/2022 22:00,0
2/8/2022 23:00,0
2/9/2022 0:00,0
2/9/2022 1:00,0
2/9/2022 2:00,0
2/9/2022 3:00,0
2/9/2022 4:00,0
2/9/2022 5:00,0
2/9/2022 6:00,9.393
2/9/2022 7:00,52.998
2/9/2022 8:00,99.745
2/9/2022 9:00,127.469
2/9/2022 10:00,120.426
2/9/2022 11:00,93.253
2/9/2022 12:00,54.201
2/9/2022 13:00,17.535
2/9/2022 14:00,0.816
2/9/2022 15:00,0
2/9/2022 16:00,0
2/9/2022 17:00,0
2/9/2022 18:00,0
2/9/2022 19:00,0
2/9/2022 20:00,0
2/9/2022 21:00,0
2/9/2022 22:00,0
2/9/2022 23:00,0
2/10/2022 0:00,0
2/10/2022 1:00,0
2/10/2022 2:00,0
2/10/2022 3:00,0
2/10/2022 4:00,0
2/10/2022 5:00,0.001
2/10/2022 6:00,10.126
2/10/2022 7:00,52.175
2/10/2022 8:00,94.627
2/10/2022 9:00,121.169
2/10/2022 10:00,124.473
2/10/2022 11:00,108.876
2/10/2022 12:00,79.159
2/10/2022 13:00,36.949
2/10/2022 14:00,3.997
2/10/2022 15:00,0
2/10/2022 16:00,0
2/10/2022 17:00,0
2/10/2022 18:00,0
2/10/2022 19:00,0
2/10/2022 20:00,0
2/10/2022 21:00,0
2/10/2022 22:00,0
2/10/2022 23:00,0
2/11/2022 0:00,0
2/11/2022 1:00,0
2/11/2022 2:00,0
2/11/2022 3:00,0
2/11/2022 4:00,0
2/11/2022 5:00,0.002
2/11/2022 6:00,11.58
2/11/2022 7:00,58.477
2/11/2022 8:00,112.645
2/11/2022 9:00,152.923
2/11/2022 10:00,172.775
2/11/2022 11:00,162.58
2/11/2022 12:00,116.043
2/11/2022 13:00,54.366
2/11/2022 14:00,6.169
2/11/2022 15:00,0
2/11/2022 16:00,0
2/11/2022 17:00,0
2/11/2022 18:00,0
2/11/2022 19:00,0
2/11/2022 20:00,0
2/11/2022 21:00,0
2/11/2022 22:00,0
2/11/2022 23:00,0
2/12/2022 0:00,0
2/12/2022 1:00,0
2/12/2022 2:00,0
2/12/2022 3:00,0
2/12/2022 4:00,0
2/12/2022 5:00,0.009
2/12/2022 6:00,13.263
2/12/2022 7:00,54.879
2/12/2022 8:00,102.901
2/12/2022 9:00,136.309
2/12/2022 10:00,146.25
2/12/2022 11:00,131.659
2/12/2022 12:00,100.053
2/12/2022 13:00,51.051
2/12/2022 14:00,6.78
2/12/2022 15:00,0
2/12/2022 16:00,0
2/12/2022 17:00,0
2/12/2022 18:00,0
2/12/2022 19:00,0
2/12/2022 20:00,0
2/12/2022 21:00,0
2/12/2022 22:00,0
2/12/2022 23:00,0
2/13/2022 0:00,0
2/13/2022 1:00,0
2/13/2022 2:00,0
2/13/2022 3:00,0
2/13/2022 4:00,0
2/13/2022 5:00,0.014
2/13/2022 6:00,8.022
2/13/2022 7:00,29.67
2/13/2022 8:00,43.152
2/13/2022 9:00,48.908
2/13/2022 10:00,49.673
2/13/2022 11:00,46.713
2/13/2022 12:00,39.474
2/13/2022 13:00,20.012
2/13/2022 14:00,3.202
2/13/2022 15:00,0
2/13/2022 16:00,0
2/13/2022 17:00,0
2/13/2022 18:00,0
2/13/2022 19:00,0
2/13/2022 20:00,0
2/13/2022 21:00,0
2/13/2022 22:00,0
2/13/2022 23:00,0
2/14/2022 0:00,0
2/14/2022 1:00,0
2/14/2022 2:00,0
2/14/2022 3:00,0
2/14/2022 4:00,0
2/14/2022 5:00,0.019
2/14/2022 6:00,5.478
2/14/2022 7:00,22.915
2/14/2022 8:00,38.216
2/14/2022 9:00,45.96
2/14/2022 10:00,52.148
2/14/2022 11:00,51.305
2/14/2022 12:00,36.211
2/14/2022 13:00,17.916
2/14/2022 14:00,2.413
2/14/2022 15:00,0
2/14/2022 16:00,0
2/14/2022 17:00,0
2/14/2022 18:00,0
2/14/2022 19:00,0
2/14/2022 20:00,0
2/14/2022 21:00,0
2/14/2022 22:00,0
2/14/2022 23:00,0
2/15/2022 0:00,0
2/15/2022 1:00,0
2/15/2022 2:00,0
2/15/2022 3:00,0
2/15/2022 4:00,0
2/15/2022 5:00,0.051
2/15/2022 6:00,11.673
2/15/2022 7:00,40.609
2/15/2022 8:00,60.939
2/15/2022 9:00,62.14
2/15/2022 10:00,53.522
2/15/2022 11:00,45.3
2/15/2022 12:00,33.034
2/15/2022 13:00,15.943
2/15/2022 14:00,2.156
2/15/2022 15:00,0
2/15/2022 16:00,0
2/15/2022 17:00,0
2/15/2022 18:00,0
2/15/2022 19:00,0
2/15/2022 20:00,0
2/15/2022 21:00,0
2/15/2022 22:00,0
2/15/2022 23:00,0
2/16/2022 0:00,0
2/16/2022 1:00,0
2/16/2022 2:00,0
2/16/2022 3:00,0
2/16/2022 4:00,0
2/16/2022 5:00,0.169
2/16/2022 6:00,18.817
2/16/2022 7:00,58.308
2/16/2022 8:00,87.12
2/16/2022 9:00,101.486
2/16/2022 10:00,97.891
2/16/2022 11:00,81.515
2/16/2022 12:00,52.126
2/16/2022 13:00,25.585
2/16/2022 14:00,4.249
2/16/2022 15:00,0.001
2/16/2022 16:00,0
2/16/2022 17:00,0
2/16/2022 18:00,0
2/16/2022 19:00,0
2/16/2022 20:00,0
2/16/2022 21:00,0
2/16/2022 22:00,0
2/16/2022 23:00,0
2/17/2022 0:00,0
2/17/2022 1:00,0
2/17/2022 2:00,0
2/17/2022 3:00,0
2/17/2022 4:00,0
2/17/2022 5:00,0.048
2/17/2022 6:00,9.224
2/17/2022 7:00,32.729
2/17/2022 8:00,53.489
2/17/2022 9:00,67.204
2/17/2022 10:00,70.004
2/17/2022 11:00,62.626
2/17/2022 12:00,45.737
2/17/2022 13:00,23.672
2/17/2022 14:00,4.634
2/17/2022 15:00,0.006
2/17/2022 16:00,0
2/17/2022 17:00,0
2/17/2022 18:00,0
2/17/2022 19:00,0
2/17/2022 20:00,0
2/17/2022 21:00,0
2/17/2022 22:00,0
2/17/2022 23:00,0
2/18/2022 0:00,0
2/18/2022 1:00,0
2/18/2022 2:00,0
2/18/2022 3:00,0
2/18/2022 4:00,0
2/18/2022 5:00,0.408
2/18/2022 6:00,24.52
2/18/2022 7:00,75.921
2/18/2022 8:00,121.215
2/18/2022 9:00,151.845
2/18/2022 10:00,155.972
2/18/2022 11:00,142.913
2/18/2022 12:00,108.569
2/18/2022 13:00,62.648
2/18/2022 14:00,15.308
2/18/2022 15:00,0.021
2/18/2022 16:00,0
2/18/2022 17:00,0
2/18/2022 18:00,0
2/18/2022 19:00,0
2/18/2022 20:00,0
2/18/2022 21:00,0
2/18/2022 22:00,0
2/18/2022 23:00,0
2/19/2022 0:00,0
2/19/2022 1:00,0
2/19/2022 2:00,0
2/19/2022 3:00,0
2/19/2022 4:00,0
2/19/2022 5:00,0.44
2/19/2022 6:00,18.349
2/19/2022 7:00,54.131
2/19/2022 8:00,88.471
2/19/2022 9:00,113.24
2/19/2022 10:00,122.404
2/19/2022 11:00,111.998
2/19/2022 12:00,83.992
2/19/2022 13:00,48.129
2/19/2022 14:00,12.444
2/19/2022 15:00,0.034
2/19/2022 16:00,0
2/19/2022 17:00,0
2/19/2022 18:00,0
2/19/2022 19:00,0
2/19/2022 20:00,0
2/19/2022 21:00,0
2/19/2022 22:00,0
2/19/2022 23:00,0
2/20/2022 0:00,0
2/20/2022 1:00,0
2/20/2022 2:00,0
2/20/2022 3:00,0
2/20/2022 4:00,0
2/20/2022 5:00,0.787
2/20/2022 6:00,25.385
2/20/2022 7:00,74.187
2/20/2022 8:00,122.433
2/20/2022 9:00,161.281
2/20/2022 10:00,175.735
2/20/2022 11:00,161.688
2/20/2022 12:00,128.081
2/20/2022 13:00,76.178
2/20/2022 14:00,20.386
2/20/2022 15:00,0.091
2/20/2022 16:00,0
2/20/2022 17:00,0
2/20/2022 18:00,0
2/20/2022 19:00,0
2/20/2022 20:00,0
2/20/2022 21:00,0
2/20/2022 22:00,0
2/20/2022 23:00,0
2/21/2022 0:00,0
2/21/2022 1:00,0
2/21/2022 2:00,0
2/21/2022 3:00,0
2/21/2022 4:00,0
2/21/2022 5:00,1.607
2/21/2022 6:00,35.24
2/21/2022 7:00,88.943
2/21/2022 8:00,127.097
2/21/2022 9:00,137.049
2/21/2022 10:00,130.865
2/21/2022 11:00,108.137
2/21/2022 12:00,73.501
2/21/2022 13:00,36.88
2/21/2022 14:00,8.076
2/21/2022 15:00,0.022
2/21/2022 16:00,0
2/21/2022 17:00,0
2/21/2022 18:00,0
2/21/2022 19:00,0
2/21/2022 20:00,0
2/21/2022 21:00,0
2/21/2022 22:00,0
2/21/2022 23:00,0
2/22/2022 0:00,0
2/22/2022 1:00,0
2/22/2022 2:00,0
2/22/2022 3:00,0
2/22/2022 4:00,0
2/22/2022 5:00,1.132
2/22/2022 6:00,29.964
2/22/2022 7:00,84.978
2/22/2022 8:00,137.432
2/22/2022 9:00,170.53
2/22/2022 10:00,185.721
2/22/2022 11:00,170.477
2/22/2022 12:00,133.582
2/22/2022 13:00,81.284
2/22/2022 14:00,25.641
2/22/2022 15:00,0.291
2/22/2022 16:00,0
2/22/2022 17:00,0
2/22/2022 18:00,0
2/22/2022 19:00,0
2/22/2022 20:00,0
2/22/2022 21:00,0
2/22/2022 22:00,0
2/22/2022 23:00,0
2/23/2022 0:00,0
2/23/2022 1:00,0
2/23/2022 2:00,0
2/23/2022 3:00,0
2/23/2022 4:00,0
2/23/2022 5:00,2.887
2/23/2022 6:00,40.348
2/23/2022 7:00,100.563
2/23/2022 8:00,156.829
2/23/2022 9:00,189.555
2/23/2022 10:00,202.725
2/23/2022 11:00,187.497
2/23/2022 12:00,141.241
2/23/2022 13:00,76.447
2/23/2022 14:00,21.226
2/23/2022 15:00,0.384
2/23/2022 16:00,0
2/23/2022 17:00,0
2/23/2022 18:00,0
2/23/2022 19:00,0
2/23/2022 20:00,0
2/23/2022 21:00,0
2/23/2022 22:00,0
2/23/2022 23:00,0
2/24/2022 0:00,0
2/24/2022 1:00,0
2/24/2022 2:00,0
2/24/2022 3:00,0
2/24/2022 4:00,0
2/24/2022 5:00,2.248
2/24/2022 6:00,24.792
2/24/2022 7:00,53.9
2/24/2022 8:00,79
2/24/2022 9:00,96.013
2/24/2022 10:00,103.192
2/24/2022 11:00,98.884
2/24/2022 12:00,80.199
2/24/2022 13:00,48.004
2/24/2022 14:00,16.064
2/24/2022 15:00,0.331
2/24/2022 16:00,0
2/24/2022 17:00,0
2/24/2022 18:00,0
2/24/2022 19:00,0
2/24/2022 20:00,0
2/24/2022 21:00,0
2/24/2022 22:00,0
2/24/2022 23:00,0
2/25/2022 0:00,0
2/25/2022 1:00,0
2/25/2022 2:00,0
2/25/2022 3:00,0
2/25/2022 4:00,0
2/25/2022 5:00,1.361
2/25/2022 6:00,19.293
2/25/2022 7:00,41.524
2/25/2022 8:00,63.553
2/25/2022 9:00,82.835
2/25/2022 10:00,93.554
2/25/2022 11:00,97.06
2/25/2022 12:00,79.092
2/25/2022 13:00,48.971
2/25/2022 14:00,17.196
2/25/2022 15:00,0.531
2/25/2022 16:00,0
2/25/2022 17:00,0
2/25/2022 18:00,0
2/25/2022 19:00,0
2/25/2022 20:00,0
2/25/2022 21:00,0
2/25/2022 22:00,0
2/25/2022 23:00,0
2/26/2022 0:00,0
2/26/2022 1:00,0
2/26/2022 2:00,0
2/26/2022 3:00,0
2/26/2022 4:00,0
2/26/2022 5:00,7.591
2/26/2022 6:00,76.637
2/26/2022 7:00,171.052
2/26/2022 8:00,256.898
2/26/2022 9:00,313.134
2/26/2022 10:00,330.321
2/26/2022 11:00,307.079
2/26/2022 12:00,247.251
2/26/2022 13:00,158.268
2/26/2022 14:00,58.54
2/26/2022 15:00,2.07
2/26/2022 16:00,0
2/26/2022 17:00,0
2/26/2022 18:00,0
2/26/2022 19:00,0
2/26/2022 20:00,0
2/26/2022 21:00,0
2/26/2022 22:00,0
2/26/2022 23:00,0
2/27/2022 0:00,0
2/27/2022 1:00,0
2/27/2022 2:00,0
2/27/2022 3:00,0
2/27/2022 4:00,0
2/27/2022 5:00,8.294
2/27/2022 6:00,69.307
2/27/2022 7:00,147.692
2/27/2022 8:00,214.327
2/27/2022 9:00,266.787
2/27/2022 10:00,280.318
2/27/2022 11:00,256.803
2/27/2022 12:00,204.863
2/27/2022 13:00,130.493
2/27/2022 14:00,50.362
2/27/2022 15:00,2.355
2/27/2022 16:00,0
2/27/2022 17:00,0
2/27/2022 18:00,0
2/27/2022 19:00,0
2/27/2022 20:00,0
2/27/2022 21:00,0
2/27/2022 22:00,0
2/27/2022 23:00,0
2/28/2022 0:00,0
2/28/2022 1:00,0
2/28/2022 2:00,0
2/28/2022 3:00,0
2/28/2022 4:00,0
2/28/2022 5:00,6.13
2/28/2022 6:00,45.985
2/28/2022 7:00,103.062
2/28/2022 8:00,162.216
2/28/2022 9:00,210.127
2/28/2022 10:00,235.688
2/28/2022 11:00,230.983
2/28/2022 12:00,200.177
2/28/2022 13:00,134.243
2/28/2022 14:00,57.579
2/28/2022 15:00,3.617
2/28/2022 16:00,0
2/28/2022 17:00,0
2/28/2022 18:00,0
2/28/2022 19:00,0
2/28/2022 20:00,0
2/28/2022 21:00,0
2/28/2022 22:00,0
2/28/2022 23:00,0
3/1/2022 0:00,0
3/1/2022 1:00,0
3/1/2022 2:00,0
3/1/2022 3:00,0
3/1/2022 4:00,0
3/1/2022 5:00,9.158
3/1/2022 6:00,65.217
3/1/2022 7:00,147.192
3/1/2022 8:00,225.906
3/1/2022 9:00,281.153
3/1/2022 10:00,304.031
3/1/2022 11:00,280.652
3/1/2022 12:00,227.684
3/1/2022 13:00,147.896
3/1/2022 14:00,60.135
3/1/2022 15:00,3.981
3/1/2022 16:00,0
3/1/2022 17:00,0
3/1/2022 18:00,0
3/1/2022 19:00,0
3/1/2022 20:00,0
3/1/2022 21:00,0
3/1/2022 22:00,0
3/1/2022 23:00,0
3/2/2022 0:00,0
3/2/2022 1:00,0
3/2/2022 2:00,0
3/2/2022 3:00,0
3/2/2022 4:00,0
3/2/2022 5:00,9.008
3/2/2022 6:00,53.649
3/2/2022 7:00,107.855
3/2/2022 8:00,162.414
3/2/2022 9:00,225.712
3/2/2022 10:00,253.206
3/2/2022 11:00,252.057
3/2/2022 12:00,194.693
3/2/2022 13:00,125.481
3/2/2022 14:00,54.28
3/2/2022 15:00,4.78
3/2/2022 16:00,0
3/2/2022 17:00,0
3/2/2022 18:00,0
3/2/2022 19:00,0
3/2/2022 20:00,0
3/2/2022 21:00,0
3/2/2022 22:00,0
3/2/2022 23:00,0
3/3/2022 0:00,0
3/3/2022 1:00,0
3/3/2022 2:00,0
3/3/2022 3:00,0
3/3/2022 4:00,0.001
3/3/2022 5:00,13.928
3/3/2022 6:00,82.115
3/3/2022 7:00,172.636
3/3/2022 8:00,261.062
3/3/2022 9:00,326.95
3/3/2022 10:00,347.674
3/3/2022 11:00,326.373
3/3/2022 12:00,263.067
3/3/2022 13:00,176.911
3/3/2022 14:00,79.344
3/3/2022 15:00,7.541
3/3/2022 16:00,0
3/3/2022 17:00,0
3/3/2022 18:00,0
3/3/2022 19:00,0
3/3/2022 20:00,0
3/3/2022 21:00,0
3/3/2022 22:00,0
3/3/2022 23:00,0
3/4/2022 0:00,0
3/4/2022 1:00,0
3/4/2022 2:00,0
3/4/2022 3:00,0
3/4/2022 4:00,0.013
3/4/2022 5:00,23.78
3/4/2022 6:00,111.453
3/4/2022 7:00,207.52
3/4/2022 8:00,297.397
3/4/2022 9:00,351.353
3/4/2022 10:00,370.915
3/4/2022 11:00,346.992
3/4/2022 12:00,286.287
3/4/2022 13:00,194.372
3/4/2022 14:00,86.187
3/4/2022 15:00,9.118
3/4/2022 16:00,0
3/4/2022 17:00,0
3/4/2022 18:00,0
3/4/2022 19:00,0
3/4/2022 20:00,0
3/4/2022 21:00,0
3/4/2022 22:00,0
3/4/2022 23:00,0
3/5/2022 0:00,0
3/5/2022 1:00,0
3/5/2022 2:00,0
3/5/2022 3:00,0
3/5/2022 4:00,0.025
3/5/2022 5:00,21.527
3/5/2022 6:00,94.099
3/5/2022 7:00,188.184
3/5/2022 8:00,274.88
3/5/2022 9:00,326.244
3/5/2022 10:00,338.743
3/5/2022 11:00,311.333
3/5/2022 12:00,249.353
3/5/2022 13:00,164.869
3/5/2022 14:00,75.094
3/5/2022 15:00,9.455
3/5/2022 16:00,0
3/5/2022 17:00,0
3/5/2022 18:00,0
3/5/2022 19:00,0
3/5/2022 20:00,0
3/5/2022 21:00,0
3/5/2022 22:00,0
3/5/2022 23:00,0
3/6/2022 0:00,0
3/6/2022 1:00,0
3/6/2022 2:00,0
3/6/2022 3:00,0
3/6/2022 4:00,0.034
3/6/2022 5:00,20.619
3/6/2022 6:00,94.015
3/6/2022 7:00,192.161
3/6/2022 8:00,260.924
3/6/2022 9:00,297.453
3/6/2022 10:00,321.826
3/6/2022 11:00,294.232
3/6/2022 12:00,234.649
3/6/2022 13:00,156.601
3/6/2022 14:00,69.946
3/6/2022 15:00,8.799
3/6/2022 16:00,0
3/6/2022 17:00,0
3/6/2022 18:00,0
3/6/2022 19:00,0
3/6/2022 20:00,0
3/6/2022 21:00,0
3/6/2022 22:00,0
3/6/2022 23:00,0
3/7/2022 0:00,0
3/7/2022 1:00,0
3/7/2022 2:00,0
3/7/2022 3:00,0
3/7/2022 4:00,0.115
3/7/2022 5:00,28.599
3/7/2022 6:00,115.364
3/7/2022 7:00,213.87
3/7/2022 8:00,306.223
3/7/2022 9:00,361.33
3/7/2022 10:00,372.785
3/7/2022 11:00,339.852
3/7/2022 12:00,270.796
3/7/2022 13:00,178.687
3/7/2022 14:00,84.377
3/7/2022 15:00,11.716
3/7/2022 16:00,0
3/7/2022 17:00,0
3/7/2022 18:00,0
3/7/2022 19:00,0
3/7/2022 20:00,0
3/7/2022 21:00,0
3/7/2022 22:00,0
3/7/2022 23:00,0
3/8/2022 0:00,0
3/8/2022 1:00,0
3/8/2022 2:00,0
3/8/2022 3:00,0
3/8/2022 4:00,0.095
3/8/2022 5:00,11.69
3/8/2022 6:00,44.3
3/8/2022 7:00,85.639
3/8/2022 8:00,120.446
3/8/2022 9:00,148.677
3/8/2022 10:00,167.72
3/8/2022 11:00,152.823
3/8/2022 12:00,124.01
3/8/2022 13:00,95.211
3/8/2022 14:00,52.003
3/8/2022 15:00,9.743
3/8/2022 16:00,0.001
3/8/2022 17:00,0
3/8/2022 18:00,0
3/8/2022 19:00,0
3/8/2022 20:00,0
3/8/2022 21:00,0
3/8/2022 22:00,0
3/8/2022 23:00,0
3/9/2022 0:00,0
3/9/2022 1:00,0
3/9/2022 2:00,0
3/9/2022 3:00,0
3/9/2022 4:00,0.364
3/9/2022 5:00,35.675
3/9/2022 6:00,125.433
3/9/2022 7:00,226.826
3/9/2022 8:00,316.221
3/9/2022 9:00,370.204
3/9/2022 10:00,380.512
3/9/2022 11:00,349.351
3/9/2022 12:00,290.107
3/9/2022 13:00,199.565
3/9/2022 14:00,102.08
3/9/2022 15:00,18.831
3/9/2022 16:00,0.002
3/9/2022 17:00,0
3/9/2022 18:00,0
3/9/2022 19:00,0
3/9/2022 20:00,0
3/9/2022 21:00,0
3/9/2022 22:00,0
3/9/2022 23:00,0
3/10/2022 0:00,0
3/10/2022 1:00,0
3/10/2022 2:00,0
3/10/2022 3:00,0
3/10/2022 4:00,0.632
3/10/2022 5:00,43.281
3/10/2022 6:00,131.558
3/10/2022 7:00,217.689
3/10/2022 8:00,276.352
3/10/2022 9:00,300.893
3/10/2022 10:00,307.885
3/10/2022 11:00,285.017
3/10/2022 12:00,233.048
3/10/2022 13:00,163.775
3/10/2022 14:00,86.655
3/10/2022 15:00,18.027
3/10/2022 16:00,0.007
3/10/2022 17:00,0
3/10/2022 18:00,0
3/10/2022 19:00,0
3/10/2022 20:00,0
3/10/2022 21:00,0
3/10/2022 22:00,0
3/10/2022 23:00,0
3/11/2022 0:00,0
3/11/2022 1:00,0
3/11/2022 2:00,0
3/11/2022 3:00,0
3/11/2022 4:00,0.608
3/11/2022 5:00,24.427
3/11/2022 6:00,73.612
3/11/2022 7:00,140.159
3/11/2022 8:00,201.81
3/11/2022 9:00,243.463
3/11/2022 10:00,259.292
3/11/2022 11:00,238.685
3/11/2022 12:00,200.804
3/11/2022 13:00,149.119
3/11/2022 14:00,80.298
3/11/2022 15:00,18.223
3/11/2022 16:00,0.022
3/11/2022 17:00,0
3/11/2022 18:00,0
3/11/2022 19:00,0
3/11/2022 20:00,0
3/11/2022 21:00,0
3/11/2022 22:00,0
3/11/2022 23:00,0
3/12/2022 0:00,0
3/12/2022 1:00,0
3/12/2022 2:00,0
3/12/2022 3:00,0
3/12/2022 4:00,1.099
3/12/2022 5:00,39.135
3/12/2022 6:00,121.661
3/12/2022 7:00,221.812
3/12/2022 8:00,308.199
3/12/2022 9:00,365.408
3/12/2022 10:00,385.905
3/12/2022 11:00,359.976
3/12/2022 12:00,297.66
3/12/2022 13:00,211.697
3/12/2022 14:00,114.581
3/12/2022 15:00,27.887
3/12/2022 16:00,0.055
3/12/2022 17:00,0
3/12/2022 18:00,0
3/12/2022 19:00,0
3/12/2022 20:00,0
3/12/2022 21:00,0
3/12/2022 22:00,0
3/12/2022 23:00,0
3/13/2022 0:00,0
3/13/2022 1:00,0
3/13/2022 2:00,0
3/13/2022 3:00,0
3/13/2022 4:00,1.638
3/13/2022 5:00,37.401
3/13/2022 6:00,106.541
3/13/2022 7:00,198.049
3/13/2022 8:00,284.808
3/13/2022 9:00,346.727
3/13/2022 10:00,374.346
3/13/2022 11:00,355.517
3/13/2022 12:00,296.841
3/13/2022 13:00,210.738
3/13/2022 14:00,115.377
3/13/2022 15:00,31.34
3/13/2022 16:00,0.126
3/13/2022 17:00,0
3/13/2022 18:00,0
3/13/2022 19:00,0
3/13/2022 20:00,0
3/13/2022 21:00,0
3/13/2022 22:00,0
3/13/2022 23:00,0
3/14/2022 0:00,0
3/14/2022 1:00,0
3/14/2022 2:00,0
3/14/2022 3:00,0
3/14/2022 4:00,2.582
3/14/2022 5:00,60.793
3/14/2022 6:00,166.367
3/14/2022 7:00,275.834
3/14/2022 8:00,361.163
3/14/2022 9:00,413.479
3/14/2022 10:00,426.719
3/14/2022 11:00,399.5
3/14/2022 12:00,337.592
3/14/2022 13:00,248.411
3/14/2022 14:00,142.477
3/14/2022 15:00,40.967
3/14/2022 16:00,0.244
3/14/2022 17:00,0
3/14/2022 18:00,0
3/14/2022 19:00,0
3/14/2022 20:00,0
3/14/2022 21:00,0
3/14/2022 22:00,0
3/14/2022 23:00,0
3/15/2022 0:00,0
3/15/2022 1:00,0
3/15/2022 2:00,0
3/15/2022 3:00,0
3/15/2022 4:00,3.399
3/15/2022 5:00,58.355
3/15/2022 6:00,154.599
3/15/2022 7:00,261.983
3/15/2022 8:00,348.872
3/15/2022 9:00,399.048
3/15/2022 10:00,417.42
3/15/2022 11:00,395.195
3/15/2022 12:00,334.328
3/15/2022 13:00,244.498
3/15/2022 14:00,139.743
3/15/2022 15:00,40.896
3/15/2022 16:00,0.414
3/15/2022 17:00,0
3/15/2022 18:00,0
3/15/2022 19:00,0
3/15/2022 20:00,0
3/15/2022 21:00,0
3/15/2022 22:00,0
3/15/2022 23:00,0
3/16/2022 0:00,0
3/16/2022 1:00,0
3/16/2022 2:00,0
3/16/2022 3:00,0
3/16/2022 4:00,4.527
3/16/2022 5:00,67.746
3/16/2022 6:00,170.147
3/16/2022 7:00,281.95
3/16/2022 8:00,372.714
3/16/2022 9:00,425.81
3/16/2022 10:00,447.887
3/16/2022 11:00,427.671
3/16/2022 12:00,368.359
3/16/2022 13:00,275.517
3/16/2022 14:00,162.636
3/16/2022 15:00,51.304
3/16/2022 16:00,0.709
3/16/2022 17:00,0
3/16/2022 18:00,0
3/16/2022 19:00,0
3/16/2022 20:00,0
3/16/2022 21:00,0
3/16/2022 22:00,0
3/16/2022 23:00,0
3/17/2022 0:00,0
3/17/2022 1:00,0
3/17/2022 2:00,0
3/17/2022 3:00,0
3/17/2022 4:00,6.186
3/17/2022 5:00,73.954
3/17/2022 6:00,174.5
3/17/2022 7:00,281.516
3/17/2022 8:00,374.77
3/17/2022 9:00,422.092
3/17/2022 10:00,433.787
3/17/2022 11:00,405.036
3/17/2022 12:00,344.092
3/17/2022 13:00,258.355
3/17/2022 14:00,154.838
3/17/2022 15:00,52.279
3/17/2022 16:00,1.099
3/17/2022 17:00,0
3/17/2022 18:00,0
3/17/2022 19:00,0
3/17/2022 20:00,0
3/17/2022 21:00,0
3/17/2022 22:00,0
3/17/2022 23:00,0
3/18/2022 0:00,0
3/18/2022 1:00,0
3/18/2022 2:00,0
3/18/2022 3:00,0
3/18/2022 4:00,7.285
3/18/2022 5:00,76.049
3/18/2022 6:00,179.435
3/18/2022 7:00,273.341
3/18/2022 8:00,331.391
3/18/2022 9:00,351.645
3/18/2022 10:00,336.882
3/18/2022 11:00,301.16
3/18/2022 12:00,236.916
3/18/2022 13:00,159.46
3/18/2022 14:00,76.652
3/18/2022 15:00,22.72
3/18/2022 16:00,0.527
3/18/2022 17:00,0
3/18/2022 18:00,0
3/18/2022 19:00,0
3/18/2022 20:00,0
3/18/2022 21:00,0
3/18/2022 22:00,0
3/18/2022 23:00,0
3/19/2022 0:00,0
3/19/2022 1:00,0
3/19/2022 2:00,0
3/19/2022 3:00,0
3/19/2022 4:00,6.802
3/19/2022 5:00,64.026
3/19/2022 6:00,155.114
3/19/2022 7:00,252.949
3/19/2022 8:00,324.899
3/19/2022 9:00,370.42
3/19/2022 10:00,379.112
3/19/2022 11:00,368.709
3/19/2022 12:00,328.937
3/19/2022 13:00,260.852
3/19/2022 14:00,165.574
3/19/2022 15:00,61.181
3/19/2022 16:00,2.202
3/19/2022 17:00,0
3/19/2022 18:00,0
3/19/2022 19:00,0
3/19/2022 20:00,0
3/19/2022 21:00,0
3/19/2022 22:00,0
3/19/2022 23:00,0
3/20/2022 0:00,0
3/20/2022 1:00,0
3/20/2022 2:00,0
3/20/2022 3:00,0
3/20/2022 4:00,7.217
3/20/2022 5:00,54.466
3/20/2022 6:00,150.272
3/20/2022 7:00,252.93
3/20/2022 8:00,333.162
3/20/2022 9:00,381.675
3/20/2022 10:00,401.127
3/20/2022 11:00,381.043
3/20/2022 12:00,329.607
3/20/2022 13:00,250.942
3/20/2022 14:00,158.305
3/20/2022 15:00,61.63
3/20/2022 16:00,3.137
3/20/2022 17:00,0
3/20/2022 18:00,0
3/20/2022 19:00,0
3/20/2022 20:00,0
3/20/2022 21:00,0
3/20/2022 22:00,0
3/20/2022 23:00,0
3/21/2022 0:00,0
3/21/2022 1:00,0
3/21/2022 2:00,0
3/21/2022 3:00,0
3/21/2022 4:00,12.519
3/21/2022 5:00,84.933
3/21/2022 6:00,207.389
3/21/2022 7:00,332.327
3/21/2022 8:00,414.752
3/21/2022 9:00,463.685
3/21/2022 10:00,480.615
3/21/2022 11:00,458.857
3/21/2022 12:00,399.196
3/21/2022 13:00,308.16
3/21/2022 14:00,194.237
3/21/2022 15:00,76.404
3/21/2022 16:00,4.274
3/21/2022 17:00,0
3/21/2022 18:00,0
3/21/2022 19:00,0
3/21/2022 20:00,0
3/21/2022 21:00,0
3/21/2022 22:00,0
3/21/2022 23:00,0
3/22/2022 0:00,0
3/22/2022 1:00,0
3/22/2022 2:00,0
3/22/2022 3:00,0.001
3/22/2022 4:00,10.565
3/22/2022 5:00,77.683
3/22/2022 6:00,195.071
3/22/2022 7:00,313.847
3/22/2022 8:00,400.938
3/22/2022 9:00,447.663
3/22/2022 10:00,458.096
3/22/2022 11:00,433.838
3/22/2022 12:00,370.671
3/22/2022 13:00,281.075
3/22/2022 14:00,172.033
3/22/2022 15:00,66.512
3/22/2022 16:00,4.642
3/22/2022 17:00,0
3/22/2022 18:00,0
3/22/2022 19:00,0
3/22/2022 20:00,0
3/22/2022 21:00,0
3/22/2022 22:00,0
3/22/2022 23:00,0
3/23/2022 0:00,0
3/23/2022 1:00,0
3/23/2022 2:00,0
3/23/2022 3:00,0.004
3/23/2022 4:00,9.415
3/23/2022 5:00,54.396
3/23/2022 6:00,117.947
3/23/2022 7:00,196.507
3/23/2022 8:00,288.876
3/23/2022 9:00,354.557
3/23/2022 10:00,383.681
3/23/2022 11:00,369.224
3/23/2022 12:00,314.38
3/23/2022 13:00,240.834
3/23/2022 14:00,162.95
3/23/2022 15:00,68.885
3/23/2022 16:00,5.713
3/23/2022 17:00,0
3/23/2022 18:00,0
3/23/2022 19:00,0
3/23/2022 20:00,0
3/23/2022 21:00,0
3/23/2022 22:00,0
3/23/2022 23:00,0
3/24/2022 0:00,0
3/24/2022 1:00,0
3/24/2022 2:00,0
3/24/2022 3:00,0.011
3/24/2022 4:00,11.459
3/24/2022 5:00,71.723
3/24/2022 6:00,173.161
3/24/2022 7:00,256.038
3/24/2022 8:00,321.015
3/24/2022 9:00,355.941
3/24/2022 10:00,348.62
3/24/2022 11:00,298.88
3/24/2022 12:00,222.371
3/24/2022 13:00,148.082
3/24/2022 14:00,89.163
3/24/2022 15:00,37.215
3/24/2022 16:00,3.661
3/24/2022 17:00,0
3/24/2022 18:00,0
3/24/2022 19:00,0
3/24/2022 20:00,0
3/24/2022 21:00,0
3/24/2022 22:00,0
3/24/2022 23:00,0
3/25/2022 0:00,0
3/25/2022 1:00,0
3/25/2022 2:00,0
3/25/2022 3:00,0.018
3/25/2022 4:00,9.125
3/25/2022 5:00,43.701
3/25/2022 6:00,80.958
3/25/2022 7:00,130.943
3/25/2022 8:00,147.227
3/25/2022 9:00,136.097
3/25/2022 10:00,145.554
3/25/2022 11:00,180.126
3/25/2022 12:00,214.412
3/25/2022 13:00,202.347
3/25/2022 14:00,128.113
3/25/2022 15:00,46.485
3/25/2022 16:00,5.287
3/25/2022 17:00,0
3/25/2022 18:00,0
3/25/2022 19:00,0
3/25/2022 20:00,0
3/25/2022 21:00,0
3/25/2022 22:00,0
3/25/2022 23:00,0
3/26/2022 0:00,0
3/26/2022 1:00,0
3/26/2022 2:00,0
3/26/2022 3:00,0.016
3/26/2022 4:00,14.466
3/26/2022 5:00,68.456
3/26/2022 6:00,126.942
3/26/2022 7:00,181.553
3/26/2022 8:00,230.32
3/26/2022 9:00,277.058
3/26/2022 10:00,285.23
3/26/2022 11:00,294.274
3/26/2022 12:00,253.6
3/26/2022 13:00,205.396
3/26/2022 14:00,139.86
3/26/2022 15:00,66.476
3/26/2022 16:00,9.204
3/26/2022 17:00,0
3/26/2022 18:00,0
3/26/2022 19:00,0
3/26/2022 20:00,0
3/26/2022 21:00,0
3/26/2022 22:00,0
3/26/2022 23:00,0
3/27/2022 0:00,0
3/27/2022 1:00,0
3/27/2022 2:00,0
3/27/2022 3:00,0.111
3/27/2022 4:00,30.612
3/27/2022 5:00,124.195
3/27/2022 6:00,222.753
3/27/2022 7:00,301.176
3/27/2022 8:00,350.36
3/27/2022 9:00,372.445
3/27/2022 10:00,359.451
3/27/2022 11:00,294.721
3/27/2022 12:00,200.224
3/27/2022 13:00,126.542
3/27/2022 14:00,67.349
3/27/2022 15:00,25.539
3/27/2022 16:00,2.527
3/27/2022 17:00,0
3/27/2022 18:00,0
3/27/2022 19:00,0
3/27/2022 20:00,0
3/27/2022 21:00,0
3/27/2022 22:00,0
3/27/2022 23:00,0
3/28/2022 0:00,0
3/28/2022 1:00,0
3/28/2022 2:00,0
3/28/2022 3:00,0.055
3/28/2022 4:00,16.115
3/28/2022 5:00,69.601
3/28/2022 6:00,146.628
3/28/2022 7:00,238.589
3/28/2022 8:00,313.407
3/28/2022 9:00,345.065
3/28/2022 10:00,325.409
3/28/2022 11:00,290.714
3/28/2022 12:00,258.903
3/28/2022 13:00,195.084
3/28/2022 14:00,127.373
3/28/2022 15:00,65.626
3/28/2022 16:00,10.627
3/28/2022 17:00,0
3/28/2022 18:00,0
3/28/2022 19:00,0
3/28/2022 20:00,0
3/28/2022 21:00,0
3/28/2022 22:00,0
3/28/2022 23:00,0
3/29/2022 0:00,0
3/29/2022 1:00,0
3/29/2022 2:00,0
3/29/2022 3:00,0.285
3/29/2022 4:00,23.504
3/29/2022 5:00,87.125
3/29/2022 6:00,171.029
3/29/2022 7:00,257.754
3/29/2022 8:00,314.868
3/29/2022 9:00,351.575
3/29/2022 10:00,362.517
3/29/2022 11:00,330.379
3/29/2022 12:00,275.043
3/29/2022 13:00,210.184
3/29/2022 14:00,138.826
3/29/2022 15:00,67.732
3/29/2022 16:00,12.91
3/29/2022 17:00,0
3/29/2022 18:00,0
3/29/2022 19:00,0
3/29/2022 20:00,0
3/29/2022 21:00,0
3/29/2022 22:00,0
3/29/2022 23:00,0
3/30/2022 0:00,0
3/30/2022 1:00,0
3/30/2022 2:00,0
3/30/2022 3:00,0.273
3/30/2022 4:00,23.768
3/30/2022 5:00,83.994
3/30/2022 6:00,153.817
3/30/2022 7:00,215.401
3/30/2022 8:00,245.481
3/30/2022 9:00,256.367
3/30/2022 10:00,246.835
3/30/2022 11:00,221.513
3/30/2022 12:00,195.972
3/30/2022 13:00,158.726
3/30/2022 14:00,111.708
3/30/2022 15:00,58.89
3/30/2022 16:00,11.547
3/30/2022 17:00,0.001
3/30/2022 18:00,0
3/30/2022 19:00,0
3/30/2022 20:00,0
3/30/2022 21:00,0
3/30/2022 22:00,0
3/30/2022 23:00,0
3/31/2022 0:00,0
3/31/2022 1:00,0
3/31/2022 2:00,0
3/31/2022 3:00,0.502
3/31/2022 4:00,31.017
3/31/2022 5:00,108.339
3/31/2022 6:00,213.108
3/31/2022 7:00,290.27
3/31/2022 8:00,338.166
3/31/2022 9:00,369.601
3/31/2022 10:00,379.709
3/31/2022 11:00,349.566
3/31/2022 12:00,297.496
3/31/2022 13:00,217.699
3/31/2022 14:00,149.403
3/31/2022 15:00,77.831
3/31/2022 16:00,16.046
3/31/2022 17:00,0.007
3/31/2022 18:00,0
3/31/2022 19:00,0
3/31/2022 20:00,0
3/31/2022 21:00,0
3/31/2022 22:00,0
3/31/2022 23:00,0
4/1/2022 0:00,0
4/1/2022 1:00,0
4/1/2022 2:00,0
4/1/2022 3:00,0.963
4/1/2022 4:00,37.653
4/1/2022 5:00,122.102
4/1/2022 6:00,221.296
4/1/2022 7:00,320.454
4/1/2022 8:00,373.013
4/1/2022 9:00,410.711
4/1/2022 10:00,420.644
4/1/2022 11:00,392.674
4/1/2022 12:00,340.938
4/1/2022 13:00,263.243
4/1/2022 14:00,171.486
4/1/2022 15:00,89.522
4/1/2022 16:00,20.755
4/1/2022 17:00,0.024
4/1/2022 18:00,0
4/1/2022 19:00,0
4/1/2022 20:00,0
4/1/2022 21:00,0
4/1/2022 22:00,0
4/1/2022 23:00,0
4/2/2022 0:00,0
4/2/2022 1:00,0
4/2/2022 2:00,0
4/2/2022 3:00,1.625
4/2/2022 4:00,52.026
4/2/2022 5:00,159.261
4/2/2022 6:00,280.7
4/2/2022 7:00,388.372
4/2/2022 8:00,464.305
4/2/2022 9:00,494.885
4/2/2022 10:00,477.52
4/2/2022 11:00,421.839
4/2/2022 12:00,349.624
4/2/2022 13:00,286.079
4/2/2022 14:00,198.568
4/2/2022 15:00,106.397
4/2/2022 16:00,27.599
4/2/2022 17:00,0.061
4/2/2022 18:00,0
4/2/2022 19:00,0
4/2/2022 20:00,0
4/2/2022 21:00,0
4/2/2022 22:00,0
4/2/2022 23:00,0
4/3/2022 0:00,0
4/3/2022 1:00,0
4/3/2022 2:00,0
4/3/2022 3:00,1.663
4/3/2022 4:00,39.867
4/3/2022 5:00,116.145
4/3/2022 6:00,224.292
4/3/2022 7:00,336.307
4/3/2022 8:00,429.165
4/3/2022 9:00,479.605
4/3/2022 10:00,467.689
4/3/2022 11:00,414.857
4/3/2022 12:00,332.816
4/3/2022 13:00,254.928
4/3/2022 14:00,173.518
4/3/2022 15:00,91.788
4/3/2022 16:00,23.155
4/3/2022 17:00,0.088
4/3/2022 18:00,0
4/3/2022 19:00,0
4/3/2022 20:00,0
4/3/2022 21:00,0
4/3/2022 22:00,0
4/3/2022 23:00,0
4/4/2022 0:00,0
4/4/2022 1:00,0
4/4/2022 2:00,0
4/4/2022 3:00,1.508
4/4/2022 4:00,22.535
4/4/2022 5:00,59.418
4/4/2022 6:00,99.574
4/4/2022 7:00,138.4
4/4/2022 8:00,171.687
4/4/2022 9:00,192.795
4/4/2022 10:00,189.986
4/4/2022 11:00,165.915
4/4/2022 12:00,138.333
4/4/2022 13:00,103.79
4/4/2022 14:00,67.046
4/4/2022 15:00,34.251
4/4/2022 16:00,9.173
4/4/2022 17:00,0.101
4/4/2022 18:00,0
4/4/2022 19:00,0
4/4/2022 20:00,0
4/4/2022 21:00,0
4/4/2022 22:00,0
4/4/2022 23:00,0
4/5/2022 0:00,0
4/5/2022 1:00,0
4/5/2022 2:00,0
4/5/2022 3:00,0.896
4/5/2022 4:00,13.925
4/5/2022 5:00,38.63
4/5/2022 6:00,68.708
4/5/2022 7:00,101.311
4/5/2022 8:00,131.943
4/5/2022 9:00,153.358
4/5/2022 10:00,156.081
4/5/2022 11:00,145.875
4/5/2022 12:00,123.019
4/5/2022 13:00,97.956
4/5/2022 14:00,68.258
4/5/2022 15:00,38.599
4/5/2022 16:00,12.216
4/5/2022 17:00,0.187
4/5/2022 18:00,0
4/5/2022 19:00,0
4/5/2022 20:00,0
4/5/2022 21:00,0
4/5/2022 22:00,0
4/5/2022 23:00,0
4/6/2022 0:00,0
4/6/2022 1:00,0
4/6/2022 2:00,0
4/6/2022 3:00,3.18
4/6/2022 4:00,51.801
4/6/2022 5:00,146.813
4/6/2022 6:00,246.632
4/6/2022 7:00,332.879
4/6/2022 8:00,378.75
4/6/2022 9:00,386.953
4/6/2022 10:00,386.102
4/6/2022 11:00,361.94
4/6/2022 12:00,318.283
4/6/2022 13:00,260.612
4/6/2022 14:00,187.283
4/6/2022 15:00,107.417
4/6/2022 16:00,32.748
4/6/2022 17:00,0.503
4/6/2022 18:00,0
4/6/2022 19:00,0
4/6/2022 20:00,0
4/6/2022 21:00,0
4/6/2022 22:00,0
4/6/2022 23:00,0
4/7/2022 0:00,0
4/7/2022 1:00,0
4/7/2022 2:00,0
4/7/2022 3:00,3.319
4/7/2022 4:00,36.483
4/7/2022 5:00,103.32
4/7/2022 6:00,192.018
4/7/2022 7:00,275.783
4/7/2022 8:00,359.863
4/7/2022 9:00,397.312
4/7/2022 10:00,395.64
4/7/2022 11:00,365.651
4/7/2022 12:00,323.326
4/7/2022 13:00,263.364
4/7/2022 14:00,187.977
4/7/2022 15:00,107.276
4/7/2022 16:00,33.716
4/7/2022 17:00,0.733
4/7/2022 18:00,0
4/7/2022 19:00,0
4/7/2022 20:00,0
4/7/2022 21:00,0
4/7/2022 22:00,0
4/7/2022 23:00,0
4/8/2022 0:00,0
4/8/2022 1:00,0
4/8/2022 2:00,0
4/8/2022 3:00,2.267
4/8/2022 4:00,17.085
4/8/2022 5:00,40.328
4/8/2022 6:00,69.66
4/8/2022 7:00,103.235
4/8/2022 8:00,133.258
4/8/2022 9:00,170.67
4/8/2022 10:00,202.22
4/8/2022 11:00,209.099
4/8/2022 12:00,181.273
4/8/2022 13:00,158.723
4/8/2022 14:00,121.173
4/8/2022 15:00,72.323
4/8/2022 16:00,27.245
4/8/2022 17:00,0.86
4/8/2022 18:00,0
4/8/2022 19:00,0
4/8/2022 20:00,0
4/8/2022 21:00,0
4/8/2022 22:00,0
4/8/2022 23:00,0
4/9/2022 0:00,0
4/9/2022 1:00,0
4/9/2022 2:00,0
4/9/2022 3:00,4.293
4/9/2022 4:00,39.121
4/9/2022 5:00,103.605
4/9/2022 6:00,185.038
4/9/2022 7:00,271.86
4/9/2022 8:00,338.483
4/9/2022 9:00,352.54
4/9/2022 10:00,358.22
4/9/2022 11:00,339.757
4/9/2022 12:00,313.459
4/9/2022 13:00,254.372
4/9/2022 14:00,173.773
4/9/2022 15:00,102.561
4/9/2022 16:00,37.212
4/9/2022 17:00,1.338
4/9/2022 18:00,0
4/9/2022 19:00,0
4/9/2022 20:00,0
4/9/2022 21:00,0
4/9/2022 22:00,0
4/9/2022 23:00,0
4/10/2022 0:00,0
4/10/2022 1:00,0
4/10/2022 2:00,0.001
4/10/2022 3:00,6.249
4/10/2022 4:00,41.441
4/10/2022 5:00,88.739
4/10/2022 6:00,138.627
4/10/2022 7:00,182.724
4/10/2022 8:00,220.107
4/10/2022 9:00,275.39
4/10/2022 10:00,314.96
4/10/2022 11:00,331.023
4/10/2022 12:00,303.027
4/10/2022 13:00,238.185
4/10/2022 14:00,175.059
4/10/2022 15:00,90.546
4/10/2022 16:00,27.025
4/10/2022 17:00,1.094
4/10/2022 18:00,0
4/10/2022 19:00,0
4/10/2022 20:00,0
4/10/2022 21:00,0
4/10/2022 22:00,0
4/10/2022 23:00,0
4/11/2022 0:00,0
4/11/2022 1:00,0
4/11/2022 2:00,0.002
4/11/2022 3:00,6.459
4/11/2022 4:00,48.509
4/11/2022 5:00,127.447
4/11/2022 6:00,227.289
4/11/2022 7:00,361.79
4/11/2022 8:00,449.688
4/11/2022 9:00,481.948
4/11/2022 10:00,495.109
4/11/2022 11:00,483.6
4/11/2022 12:00,433.283
4/11/2022 13:00,362.808
4/11/2022 14:00,267.867
4/11/2022 15:00,165.621
4/11/2022 16:00,63.346
4/11/2022 17:00,3.736
4/11/2022 18:00,0
4/11/2022 19:00,0
4/11/2022 20:00,0
4/11/2022 21:00,0
4/11/2022 22:00,0
4/11/2022 23:00,0
4/12/2022 0:00,0
4/12/2022 1:00,0
4/12/2022 2:00,0.009
4/12/2022 3:00,12.574
4/12/2022 4:00,80.164
4/12/2022 5:00,183.142
4/12/2022 6:00,307.272
4/12/2022 7:00,413.943
4/12/2022 8:00,494.31
4/12/2022 9:00,538.699
4/12/2022 10:00,534.456
4/12/2022 11:00,485.564
4/12/2022 12:00,426.112
4/12/2022 13:00,341.847
4/12/2022 14:00,252.279
4/12/2022 15:00,151.271
4/12/2022 16:00,62.854
4/12/2022 17:00,4.831
4/12/2022 18:00,0
4/12/2022 19:00,0
4/12/2022 20:00,0
4/12/2022 21:00,0
4/12/2022 22:00,0
4/12/2022 23:00,0
4/13/2022 0:00,0
4/13/2022 1:00,0
4/13/2022 2:00,0.026
4/13/2022 3:00,17.238
4/13/2022 4:00,102.477
4/13/2022 5:00,225.534
4/13/2022 6:00,350.639
4/13/2022 7:00,457.994
4/13/2022 8:00,536.219
4/13/2022 9:00,574.34
4/13/2022 10:00,584.627
4/13/2022 11:00,549.96
4/13/2022 12:00,470.402
4/13/2022 13:00,366.537
4/13/2022 14:00,240.619
4/13/2022 15:00,121.7
4/13/2022 16:00,42.278
4/13/2022 17:00,3.282
4/13/2022 18:00,0
4/13/2022 19:00,0
4/13/2022 20:00,0
4/13/2022 21:00,0
4/13/2022 22:00,0
4/13/2022 23:00,0
4/14/2022 0:00,0
4/14/2022 1:00,0
4/14/2022 2:00,0.034
4/14/2022 3:00,6.557
4/14/2022 4:00,29.12
4/14/2022 5:00,61.661
4/14/2022 6:00,104.374
4/14/2022 7:00,146.627
4/14/2022 8:00,180.919
4/14/2022 9:00,217.942
4/14/2022 10:00,237.281
4/14/2022 11:00,226.38
4/14/2022 12:00,193.085
4/14/2022 13:00,161.549
4/14/2022 14:00,126.364
4/14/2022 15:00,90.48
4/14/2022 16:00,44.12
4/14/2022 17:00,5.152
4/14/2022 18:00,0
4/14/2022 19:00,0
4/14/2022 20:00,0
4/14/2022 21:00,0
4/14/2022 22:00,0
4/14/2022 23:00,0
4/15/2022 0:00,0
4/15/2022 1:00,0
4/15/2022 2:00,0.068
4/15/2022 3:00,13.81
4/15/2022 4:00,71.7
4/15/2022 5:00,170.11
4/15/2022 6:00,327.604
4/15/2022 7:00,451.832
4/15/2022 8:00,535.051
4/15/2022 9:00,587.637
4/15/2022 10:00,598.726
4/15/2022 11:00,560.945
4/15/2022 12:00,492.253
4/15/2022 13:00,392.089
4/15/2022 14:00,285.601
4/15/2022 15:00,174.52
4/15/2022 16:00,80.874
4/15/2022 17:00,9.675
4/15/2022 18:00,0
4/15/2022 19:00,0
4/15/2022 20:00,0
4/15/2022 21:00,0
4/15/2022 22:00,0
4/15/2022 23:00,0
4/16/2022 0:00,0
4/16/2022 1:00,0
4/16/2022 2:00,0.157
4/16/2022 3:00,21.3
4/16/2022 4:00,97.463
4/16/2022 5:00,215.153
4/16/2022 6:00,318.759
4/16/2022 7:00,406.46
4/16/2022 8:00,465.567
4/16/2022 9:00,507.956
4/16/2022 10:00,505.229
4/16/2022 11:00,461.998
4/16/2022 12:00,417.67
4/16/2022 13:00,343.147
4/16/2022 14:00,261.961
4/16/2022 15:00,170.939
4/16/2022 16:00,77.146
4/16/2022 17:00,10.223
4/16/2022 18:00,0
4/16/2022 19:00,0
4/16/2022 20:00,0
4/16/2022 21:00,0
4/16/2022 22:00,0
4/16/2022 23:00,0
4/17/2022 0:00,0
4/17/2022 1:00,0
4/17/2022 2:00,0.211
4/17/2022 3:00,23.938
4/17/2022 4:00,99.794
4/17/2022 5:00,188.21
4/17/2022 6:00,270.545
4/17/2022 7:00,353.831
4/17/2022 8:00,446.234
4/17/2022 9:00,502.741
4/17/2022 10:00,525.805
4/17/2022 11:00,523.603
4/17/2022 12:00,481.801
4/17/2022 13:00,400.43
4/17/2022 14:00,291.204
4/17/2022 15:00,171.535
4/17/2022 16:00,70.244
4/17/2022 17:00,9.564
4/17/2022 18:00,0.001
4/17/2022 19:00,0
4/17/2022 20:00,0
4/17/2022 21:00,0
4/17/2022 22:00,0
4/17/2022 23:00,0
4/18/2022 0:00,0
4/18/2022 1:00,0
4/18/2022 2:00,0.295
4/18/2022 3:00,17.421
4/18/2022 4:00,70.09
4/18/2022 5:00,150.501
4/18/2022 6:00,259.835
4/18/2022 7:00,377.699
4/18/2022 8:00,455.132
4/18/2022 9:00,463.649
4/18/2022 10:00,457.496
4/18/2022 11:00,437.237
4/18/2022 12:00,395.457
4/18/2022 13:00,324.4
4/18/2022 14:00,252.954
4/18/2022 15:00,170.946
4/18/2022 16:00,82.368
4/18/2022 17:00,13.733
4/18/2022 18:00,0.005
4/18/2022 19:00,0
4/18/2022 20:00,0
4/18/2022 21:00,0
4/18/2022 22:00,0
4/18/2022 23:00,0
4/19/2022 0:00,0
4/19/2022 1:00,0
4/19/2022 2:00,0.353
4/19/2022 3:00,23.078
4/19/2022 4:00,88.64
4/19/2022 5:00,181.033
4/19/2022 6:00,296.471
4/19/2022 7:00,411.933
4/19/2022 8:00,502.688
4/19/2022 9:00,563.611
4/19/2022 10:00,573.34
4/19/2022 11:00,553.891
4/19/2022 12:00,495.781
4/19/2022 13:00,410.229
4/19/2022 14:00,300.923
4/19/2022 15:00,194.944
4/19/2022 16:00,95.082
4/19/2022 17:00,16.782
4/19/2022 18:00,0.011
4/19/2022 19:00,0
4/19/2022 20:00,0
4/19/2022 21:00,0
4/19/2022 22:00,0
4/19/2022 23:00,0
4/20/2022 0:00,0
4/20/2022 1:00,0
4/20/2022 2:00,0.701
4/20/2022 3:00,31.233
4/20/2022 4:00,110.064
4/20/2022 5:00,246.014
4/20/2022 6:00,377.395
4/20/2022 7:00,490.484
4/20/2022 8:00,578.278
4/20/2022 9:00,629.725
4/20/2022 10:00,643.924
4/20/2022 11:00,618.932
4/20/2022 12:00,554.883
4/20/2022 13:00,463.311
4/20/2022 14:00,350.377
4/20/2022 15:00,227.099
4/20/2022 16:00,108.727
4/20/2022 17:00,20.089
4/20/2022 18:00,0.022
4/20/2022 19:00,0
4/20/2022 20:00,0
4/20/2022 21:00,0
4/20/2022 22:00,0
4/20/2022 23:00,0
4/21/2022 0:00,0
4/21/2022 1:00,0
4/21/2022 2:00,0.726
4/21/2022 3:00,28.276
4/21/2022 4:00,95.641
4/21/2022 5:00,200.62
4/21/2022 6:00,314.393
4/21/2022 7:00,432.936
4/21/2022 8:00,542.317
4/21/2022 9:00,621.488
4/21/2022 10:00,650.001
4/21/2022 11:00,628.405
4/21/2022 12:00,568.148
4/21/2022 13:00,479.884
4/21/2022 14:00,366.682
4/21/2022 15:00,241.162
4/21/2022 16:00,118.189
4/21/2022 17:00,23.497
4/21/2022 18:00,0.05
4/21/2022 19:00,0
4/21/2022 20:00,0
4/21/2022 21:00,0
4/21/2022 22:00,0
4/21/2022 23:00,0
4/22/2022 0:00,0
4/22/2022 1:00,0
4/22/2022 2:00,1.306
4/22/2022 3:00,38.03
4/22/2022 4:00,126.81
4/22/2022 5:00,259.4
4/22/2022 6:00,381.515
4/22/2022 7:00,491.856
4/22/2022 8:00,584.656
4/22/2022 9:00,631.255
4/22/2022 10:00,640.534
4/22/2022 11:00,608.633
4/22/2022 12:00,538.03
4/22/2022 13:00,434.619
4/22/2022 14:00,326.834
4/22/2022 15:00,212.133
4/22/2022 16:00,103.641
4/22/2022 17:00,22.131
4/22/2022 18:00,0.097
4/22/2022 19:00,0
4/22/2022 20:00,0
4/22/2022 21:00,0
4/22/2022 22:00,0
4/22/2022 23:00,0
4/23/2022 0:00,0
4/23/2022 1:00,0
4/23/2022 2:00,1.303
4/23/2022 3:00,32.106
4/23/2022 4:00,98.905
4/23/2022 5:00,201.632
4/23/2022 6:00,312.632
4/23/2022 7:00,421.277
4/23/2022 8:00,496.569
4/23/2022 9:00,545.153
4/23/2022 10:00,541.757
4/23/2022 11:00,501.309
4/23/2022 12:00,441.446
4/23/2022 13:00,352.302
4/23/2022 14:00,266.197
4/23/2022 15:00,186.618
4/23/2022 16:00,101.248
4/23/2022 17:00,24.785
4/23/2022 18:00,0.16
4/23/2022 19:00,0
4/23/2022 20:00,0
4/23/2022 21:00,0
4/23/2022 22:00,0
4/23/2022 23:00,0
4/24/2022 0:00,0
4/24/2022 1:00,0
4/24/2022 2:00,2.056
4/24/2022 3:00,35.841
4/24/2022 4:00,117.464
4/24/2022 5:00,247.314
4/24/2022 6:00,395.576
4/24/2022 7:00,513.452
4/24/2022 8:00,600.377
4/24/2022 9:00,648.821
4/24/2022 10:00,660.203
4/24/2022 11:00,633.156
4/24/2022 12:00,569.823
4/24/2022 13:00,477.506
4/24/2022 14:00,367.194
4/24/2022 15:00,245.821
4/24/2022 16:00,126.334
4/24/2022 17:00,31.385
4/24/2022 18:00,0.306
4/24/2022 19:00,0
4/24/2022 20:00,0
4/24/2022 21:00,0
4/24/2022 22:00,0
4/24/2022 23:00,0
4/25/2022 0:00,0
4/25/2022 1:00,0.001
4/25/2022 2:00,2.799
4/25/2022 3:00,37.541
4/25/2022 4:00,108.086
4/25/2022 5:00,221.613
4/25/2022 6:00,330.399
4/25/2022 7:00,430.092
4/25/2022 8:00,510.319
4/25/2022 9:00,566.46
4/25/2022 10:00,603.016
4/25/2022 11:00,597.191
4/25/2022 12:00,545.566
4/25/2022 13:00,454.133
4/25/2022 14:00,344.443
4/25/2022 15:00,227.517
4/25/2022 16:00,114.936
4/25/2022 17:00,28.627
4/25/2022 18:00,0.227
4/25/2022 19:00,0
4/25/2022 20:00,0
4/25/2022 21:00,0
4/25/2022 22:00,0
4/25/2022 23:00,0
4/26/2022 0:00,0
4/26/2022 1:00,0.002
4/26/2022 2:00,2.029
4/26/2022 3:00,28.733
4/26/2022 4:00,76.676
4/26/2022 5:00,144.696
4/26/2022 6:00,259.99
4/26/2022 7:00,397.531
4/26/2022 8:00,515.661
4/26/2022 9:00,568.664
4/26/2022 10:00,558.873
4/26/2022 11:00,526.314
4/26/2022 12:00,471.329
4/26/2022 13:00,391.234
4/26/2022 14:00,296.139
4/26/2022 15:00,193.077
4/26/2022 16:00,108.097
4/26/2022 17:00,30.957
4/26/2022 18:00,0.568
4/26/2022 19:00,0
4/26/2022 20:00,0
4/26/2022 21:00,0
4/26/2022 22:00,0
4/26/2022 23:00,0
4/27/2022 0:00,0
4/27/2022 1:00,0.005
4/27/2022 2:00,5.042
4/27/2022 3:00,63.732
4/27/2022 4:00,168
4/27/2022 5:00,288.244
4/27/2022 6:00,396.76
4/27/2022 7:00,453.758
4/27/2022 8:00,476.909
4/27/2022 9:00,486.257
4/27/2022 10:00,484.83
4/27/2022 11:00,461.311
4/27/2022 12:00,426.441
4/27/2022 13:00,348.826
4/27/2022 14:00,268.953
4/27/2022 15:00,180.897
4/27/2022 16:00,103.763
4/27/2022 17:00,33.041
4/27/2022 18:00,0.846
4/27/2022 19:00,0
4/27/2022 20:00,0
4/27/2022 21:00,0
4/27/2022 22:00,0
4/27/2022 23:00,0
4/28/2022 0:00,0
4/28/2022 1:00,0.007
4/28/2022 2:00,6.167
4/28/2022 3:00,68.04
4/28/2022 4:00,174.03
4/28/2022 5:00,282.76
4/28/2022 6:00,367.703
4/28/2022 7:00,404.99
4/28/2022 8:00,400.545
4/28/2022 9:00,363.933
4/28/2022 10:00,305.628
4/28/2022 11:00,251.302
4/28/2022 12:00,209.932
4/28/2022 13:00,174.029
4/28/2022 14:00,145.807
4/28/2022 15:00,113.683
4/28/2022 16:00,73.98
4/28/2022 17:00,28.438
4/28/2022 18:00,1.11
4/28/2022 19:00,0
4/28/2022 20:00,0
4/28/2022 21:00,0
4/28/2022 22:00,0
4/28/2022 23:00,0
4/29/2022 0:00,0
4/29/2022 1:00,0.012
4/29/2022 2:00,6.75
4/29/2022 3:00,65.987
4/29/2022 4:00,175.944
4/29/2022 5:00,293.721
4/29/2022 6:00,392.419
4/29/2022 7:00,463.229
4/29/2022 8:00,493.802
4/29/2022 9:00,512.095
4/29/2022 10:00,483.036
4/29/2022 11:00,455.077
4/29/2022 12:00,402.971
4/29/2022 13:00,324.624
4/29/2022 14:00,253.436
4/29/2022 15:00,177.925
4/29/2022 16:00,109.605
4/29/2022 17:00,37.471
4/29/2022 18:00,1.498
4/29/2022 19:00,0
4/29/2022 20:00,0
4/29/2022 21:00,0
4/29/2022 22:00,0
4/29/2022 23:00,0
4/30/2022 0:00,0
4/30/2022 1:00,0.017
4/30/2022 2:00,6.699
4/30/2022 3:00,64.109
4/30/2022 4:00,161.18
4/30/2022 5:00,263.294
4/30/2022 6:00,361.141
4/30/2022 7:00,450.294
4/30/2022 8:00,516.155
4/30/2022 9:00,530.68
4/30/2022 10:00,501.106
4/30/2022 11:00,433.097
4/30/2022 12:00,376.074
4/30/2022 13:00,318.242
4/30/2022 14:00,257.742
4/30/2022 15:00,185.926
4/30/2022 16:00,111.099
4/30/2022 17:00,38.587
4/30/2022 18:00,1.878
4/30/2022 19:00,0
4/30/2022 20:00,0
4/30/2022 21:00,0
4/30/2022 22:00,0
4/30/2022 23:00,0
5/1/2022 0:00,0
5/1/2022 1:00,0.039
5/1/2022 2:00,7.089
5/1/2022 3:00,46.358
5/1/2022 4:00,113.526
5/1/2022 5:00,211.091
5/1/2022 6:00,301.972
5/1/2022 7:00,385.798
5/1/2022 8:00,449.175
5/1/2022 9:00,484.91
5/1/2022 10:00,478.653
5/1/2022 11:00,459.327
5/1/2022 12:00,435.42
5/1/2022 13:00,387.416
5/1/2022 14:00,318.673
5/1/2022 15:00,222.583
5/1/2022 16:00,133.917
5/1/2022 17:00,45.542
5/1/2022 18:00,2.221
5/1/2022 19:00,0
5/1/2022 20:00,0
5/1/2022 21:00,0
5/1/2022 22:00,0
5/1/2022 23:00,0
5/2/2022 0:00,0
5/2/2022 1:00,0.017
5/2/2022 2:00,5.467
5/2/2022 3:00,36.074
5/2/2022 4:00,90.334
5/2/2022 5:00,160.868
5/2/2022 6:00,228.469
5/2/2022 7:00,286.968
5/2/2022 8:00,344.958
5/2/2022 9:00,387.892
5/2/2022 10:00,424.231
5/2/2022 11:00,426.571
5/2/2022 12:00,387.917
5/2/2022 13:00,311.898
5/2/2022 14:00,233.836
5/2/2022 15:00,158.581
5/2/2022 16:00,102.587
5/2/2022 17:00,41.504
5/2/2022 18:00,2.82
5/2/2022 19:00,0.001
5/2/2022 20:00,0
5/2/2022 21:00,0
5/2/2022 22:00,0
5/2/2022 23:00,0
5/3/2022 0:00,0
5/3/2022 1:00,0.043
5/3/2022 2:00,10.02
5/3/2022 3:00,70.613
5/3/2022 4:00,174.636
5/3/2022 5:00,284.463
5/3/2022 6:00,383.247
5/3/2022 7:00,461.213
5/3/2022 8:00,518.781
5/3/2022 9:00,535.004
5/3/2022 10:00,534.275
5/3/2022 11:00,500.726
5/3/2022 12:00,455.347
5/3/2022 13:00,375.816
5/3/2022 14:00,291.937
5/3/2022 15:00,208.644
5/3/2022 16:00,126.288
5/3/2022 17:00,47.055
5/3/2022 18:00,3.476
5/3/2022 19:00,0.003
5/3/2022 20:00,0
5/3/2022 21:00,0
5/3/2022 22:00,0
5/3/2022 23:00,0
5/4/2022 0:00,0
5/4/2022 1:00,0.145
5/4/2022 2:00,13.141
5/4/2022 3:00,76.808
5/4/2022 4:00,177.5
5/4/2022 5:00,304.696
5/4/2022 6:00,421.276
5/4/2022 7:00,502.277
5/4/2022 8:00,523.763
5/4/2022 9:00,531.574
5/4/2022 10:00,538.083
5/4/2022 11:00,522.975
5/4/2022 12:00,478.281
5/4/2022 13:00,423.345
5/4/2022 14:00,348.202
5/4/2022 15:00,252.071
5/4/2022 16:00,144.613
5/4/2022 17:00,46.684
5/4/2022 18:00,3.668
5/4/2022 19:00,0.006
5/4/2022 20:00,0
5/4/2022 21:00,0
5/4/2022 22:00,0
5/4/2022 23:00,0
5/5/2022 0:00,0
5/5/2022 1:00,0.215
5/5/2022 2:00,9.124
5/5/2022 3:00,45.401
5/5/2022 4:00,104.739
5/5/2022 5:00,176.888
5/5/2022 6:00,254.831
5/5/2022 7:00,329.182
5/5/2022 8:00,372.055
5/5/2022 9:00,369.777
5/5/2022 10:00,358.967
5/5/2022 11:00,334.569
5/5/2022 12:00,311.956
5/5/2022 13:00,276.7
5/5/2022 14:00,229.189
5/5/2022 15:00,171.199
5/5/2022 16:00,108.22
5/5/2022 17:00,45.224
5/5/2022 18:00,4.457
5/5/2022 19:00,0.004
5/5/2022 20:00,0
5/5/2022 21:00,0
5/5/2022 22:00,0
5/5/2022 23:00,0
5/6/2022 0:00,0
5/6/2022 1:00,0.143
5/6/2022 2:00,9.932
5/6/2022 3:00,52.308
5/6/2022 4:00,142.093
5/6/2022 5:00,263.601
5/6/2022 6:00,389.127
5/6/2022 7:00,503.133
5/6/2022 8:00,602.829
5/6/2022 9:00,673.083
5/6/2022 10:00,673.138
5/6/2022 11:00,617.853
5/6/2022 12:00,544.475
5/6/2022 13:00,457.314
5/6/2022 14:00,365.028
5/6/2022 15:00,258.729
5/6/2022 16:00,155.314
5/6/2022 17:00,65.272
5/6/2022 18:00,7.974
5/6/2022 19:00,0.01
5/6/2022 20:00,0
5/6/2022 21:00,0
5/6/2022 22:00,0
5/6/2022 23:00,0
5/7/2022 0:00,0
5/7/2022 1:00,0.231
5/7/2022 2:00,10.637
5/7/2022 3:00,45.831
5/7/2022 4:00,102.566
5/7/2022 5:00,182.248
5/7/2022 6:00,270.241
5/7/2022 7:00,330.051
5/7/2022 8:00,357.587
5/7/2022 9:00,355.735
5/7/2022 10:00,337.929
5/7/2022 11:00,298.088
5/7/2022 12:00,256.2
5/7/2022 13:00,227.611
5/7/2022 14:00,206.981
5/7/2022 15:00,174.542
5/7/2022 16:00,119.686
5/7/2022 17:00,55.883
5/7/2022 18:00,7.959
5/7/2022 19:00,0.027
5/7/2022 20:00,0
5/7/2022 21:00,0
5/7/2022 22:00,0
5/7/2022 23:00,0
5/8/2022 0:00,0.001
5/8/2022 1:00,0.447
5/8/2022 2:00,20.868
5/8/2022 3:00,96.77
5/8/2022 4:00,221.04
5/8/2022 5:00,354.677
5/8/2022 6:00,474.307
5/8/2022 7:00,566.234
5/8/2022 8:00,622.468
5/8/2022 9:00,634.99
5/8/2022 10:00,616.536
5/8/2022 11:00,563.502
5/8/2022 12:00,505.392
5/8/2022 13:00,441.09
5/8/2022 14:00,348.741
5/8/2022 15:00,255.484
5/8/2022 16:00,161.545
5/8/2022 17:00,71.526
5/8/2022 18:00,9.902
5/8/2022 19:00,0.035
5/8/2022 20:00,0
5/8/2022 21:00,0
5/8/2022 22:00,0
5/8/2022 23:00,0
5/9/2022 0:00,0.001
5/9/2022 1:00,0.545
5/9/2022 2:00,16.261
5/9/2022 3:00,62.649
5/9/2022 4:00,131.201
5/9/2022 5:00,232.247
5/9/2022 6:00,360.449
5/9/2022 7:00,495.644
5/9/2022 8:00,605.574
5/9/2022 9:00,658.461
5/9/2022 10:00,668.025
5/9/2022 11:00,625.864
5/9/2022 12:00,550.885
5/9/2022 13:00,475.714
5/9/2022 14:00,383.934
5/9/2022 15:00,273.168
5/9/2022 16:00,164.798
5/9/2022 17:00,70.25
5/9/2022 18:00,10.261
5/9/2022 19:00,0.023
5/9/2022 20:00,0
5/9/2022 21:00,0
5/9/2022 22:00,0
5/9/2022 23:00,0
5/10/2022 0:00,0
5/10/2022 1:00,0.496
5/10/2022 2:00,16.757
5/10/2022 3:00,61.576
5/10/2022 4:00,127.864
5/10/2022 5:00,202.335
5/10/2022 6:00,300.92
5/10/2022 7:00,421.365
5/10/2022 8:00,521.474
5/10/2022 9:00,581.138
5/10/2022 10:00,604.683
5/10/2022 11:00,595.653
5/10/2022 12:00,544.909
5/10/2022 13:00,479.787
5/10/2022 14:00,383.085
5/10/2022 15:00,262.243
5/10/2022 16:00,150.894
5/10/2022 17:00,58.125
5/10/2022 18:00,7.37
5/10/2022 19:00,0.052
5/10/2022 20:00,0
5/10/2022 21:00,0
5/10/2022 22:00,0
5/10/2022 23:00,0
5/11/2022 0:00,0.001
5/11/2022 1:00,0.298
5/11/2022 2:00,5.945
5/11/2022 3:00,19.37
5/11/2022 4:00,42.083
5/11/2022 5:00,76.761
5/11/2022 6:00,112.759
5/11/2022 7:00,133.607
5/11/2022 8:00,146.697
5/11/2022 9:00,188.838
5/11/2022 10:00,245.836
5/11/2022 11:00,291.855
5/11/2022 12:00,329.409
5/11/2022 13:00,341.36
5/11/2022 14:00,275.55
5/11/2022 15:00,198.969
5/11/2022 16:00,117.838
5/11/2022 17:00,52.336
5/11/2022 18:00,10.652
5/11/2022 19:00,0.104
5/11/2022 20:00,0
5/11/2022 21:00,0
5/11/2022 22:00,0
5/11/2022 23:00,0
5/12/2022 0:00,0.001
5/12/2022 1:00,0.549
5/12/2022 2:00,9.576
5/12/2022 3:00,37.477
5/12/2022 4:00,74.875
5/12/2022 5:00,112.803
5/12/2022 6:00,165.999
5/12/2022 7:00,231.9
5/12/2022 8:00,283.974
5/12/2022 9:00,346.943
5/12/2022 10:00,408.306
5/12/2022 11:00,415.045
5/12/2022 12:00,359.994
5/12/2022 13:00,319.832
5/12/2022 14:00,253.161
5/12/2022 15:00,184.766
5/12/2022 16:00,133.036
5/12/2022 17:00,66.963
5/12/2022 18:00,12.352
5/12/2022 19:00,0.185
5/12/2022 20:00,0
5/12/2022 21:00,0
5/12/2022 22:00,0
5/12/2022 23:00,0
5/13/2022 0:00,0.007
5/13/2022 1:00,0.858
5/13/2022 2:00,18.238
5/13/2022 3:00,73.618
5/13/2022 4:00,158.544
5/13/2022 5:00,276.125
5/13/2022 6:00,415.274
5/13/2022 7:00,549.013
5/13/2022 8:00,656.705
5/13/2022 9:00,710.951
5/13/2022 10:00,717.957
5/13/2022 11:00,688.236
5/13/2022 12:00,624.105
5/13/2022 13:00,526.029
5/13/2022 14:00,417.888
5/13/2022 15:00,302.53
5/13/2022 16:00,194.554
5/13/2022 17:00,94.072
5/13/2022 18:00,19.529
5/13/2022 19:00,0.287
5/13/2022 20:00,0.001
5/13/2022 21:00,0
5/13/2022 22:00,0
5/13/2022 23:00,0
5/14/2022 0:00,0.015
5/14/2022 1:00,2.027
5/14/2022 2:00,29.996
5/14/2022 3:00,91.313
5/14/2022 4:00,183.573
5/14/2022 5:00,270.527
5/14/2022 6:00,353.009
5/14/2022 7:00,441.194
5/14/2022 8:00,520.192
5/14/2022 9:00,557.428
5/14/2022 10:00,552.179
5/14/2022 11:00,511.951
5/14/2022 12:00,448.209
5/14/2022 13:00,360.766
5/14/2022 14:00,265.727
5/14/2022 15:00,193.608
5/14/2022 16:00,122.617
5/14/2022 17:00,55.287
5/14/2022 18:00,12.099
5/14/2022 19:00,0.213
5/14/2022 20:00,0.001
5/14/2022 21:00,0
5/14/2022 22:00,0
5/14/2022 23:00,0
5/15/2022 0:00,0.013
5/15/2022 1:00,1.339
5/15/2022 2:00,25.929
5/15/2022 3:00,84.906
5/15/2022 4:00,194.645
5/15/2022 5:00,326.439
5/15/2022 6:00,447.926
5/15/2022 7:00,545.836
5/15/2022 8:00,607.901
5/15/2022 9:00,637.147
5/15/2022 10:00,637.747
5/15/2022 11:00,594.828
5/15/2022 12:00,517.866
5/15/2022 13:00,424.298
5/15/2022 14:00,341.509
5/15/2022 15:00,262.878
5/15/2022 16:00,174.501
5/15/2022 17:00,86.114
5/15/2022 18:00,19.289
5/15/2022 19:00,0.415
5/15/2022 20:00,0.001
5/15/2022 21:00,0
5/15/2022 22:00,0
5/15/2022 23:00,0
5/16/2022 0:00,0.012
5/16/2022 1:00,2.06
5/16/2022 2:00,33.858
5/16/2022 3:00,110.197
5/16/2022 4:00,216.581
5/16/2022 5:00,338.297
5/16/2022 6:00,451.831
5/16/2022 7:00,545.731
5/16/2022 8:00,598.3
5/16/2022 9:00,610.88
5/16/2022 10:00,599.897
5/16/2022 11:00,559.841
5/16/2022 12:00,499.328
5/16/2022 13:00,408.853
5/16/2022 14:00,322.963
5/16/2022 15:00,249.433
5/16/2022 16:00,163.612
5/16/2022 17:00,80.211
5/16/2022 18:00,18.836
5/16/2022 19:00,0.344
5/16/2022 20:00,0.002
5/16/2022 21:00,0
5/16/2022 22:00,0
5/16/2022 23:00,0
5/17/2022 0:00,0.02
5/17/2022 1:00,1.49
5/17/2022 2:00,28.085
5/17/2022 3:00,92.465
5/17/2022 4:00,187.887
5/17/2022 5:00,307.721
5/17/2022 6:00,405.94
5/17/2022 7:00,485.432
5/17/2022 8:00,530.161
5/17/2022 9:00,573.872
5/17/2022 10:00,589.34
5/17/2022 11:00,584.096
5/17/2022 12:00,548.425
5/17/2022 13:00,488.09
5/17/2022 14:00,399.526
5/17/2022 15:00,299.307
5/17/2022 16:00,185.935
5/17/2022 17:00,91.076
5/17/2022 18:00,21.787
5/17/2022 19:00,0.515
5/17/2022 20:00,0.003
5/17/2022 21:00,0
5/17/2022 22:00,0
5/17/2022 23:00,0
5/18/2022 0:00,0.031
5/18/2022 1:00,2.087
5/18/2022 2:00,28.47
5/18/2022 3:00,92.058
5/18/2022 4:00,202.122
5/18/2022 5:00,340.804
5/18/2022 6:00,479.442
5/18/2022 7:00,590.578
5/18/2022 8:00,672.674
5/18/2022 9:00,715.839
5/18/2022 10:00,721.689
5/18/2022 11:00,689.482
5/18/2022 12:00,619.678
5/18/2022 13:00,518.536
5/18/2022 14:00,384.178
5/18/2022 15:00,264.196
5/18/2022 16:00,156.934
5/18/2022 17:00,74.369
5/18/2022 18:00,19.181
5/18/2022 19:00,0.918
5/18/2022 20:00,0.008
5/18/2022 21:00,0
5/18/2022 22:00,0
5/18/2022 23:00,0.001
5/19/2022 0:00,0.073
5/19/2022 1:00,4.268
5/19/2022 2:00,31.915
5/19/2022 3:00,77.963
5/19/2022 4:00,139.179
5/19/2022 5:00,221.009
5/19/2022 6:00,322.118
5/19/2022 7:00,443.424
5/19/2022 8:00,568.393
5/19/2022 9:00,671.891
5/19/2022 10:00,701.924
5/19/2022 11:00,653.98
5/19/2022 12:00,598.616
5/19/2022 13:00,545.362
5/19/2022 14:00,437.101
5/19/2022 15:00,324.41
5/19/2022 16:00,213.716
5/19/2022 17:00,110.567
5/19/2022 18:00,30.115
5/19/2022 19:00,1.365
5/19/2022 20:00,0.011
5/19/2022 21:00,0
5/19/2022 22:00,0
5/19/2022 23:00,0.002
5/20/2022 0:00,0.1
5/20/2022 1:00,5.468
5/20/2022 2:00,38.715
5/20/2022 3:00,94.256
5/20/2022 4:00,161.923
5/20/2022 5:00,236.301
5/20/2022 6:00,312.905
5/20/2022 7:00,379.187
5/20/2022 8:00,439.675
5/20/2022 9:00,488.536
5/20/2022 10:00,537.205
5/20/2022 11:00,554.157
5/20/2022 12:00,535.232
5/20/2022 13:00,470.666
5/20/2022 14:00,390.002
5/20/2022 15:00,302.829
5/20/2022 16:00,201.588
5/20/2022 17:00,105.466
5/20/2022 18:00,32.014
5/20/2022 19:00,1.581
5/20/2022 20:00,0.01
5/20/2022 21:00,0
5/20/2022 22:00,0
5/20/2022 23:00,0
5/21/2022 0:00,0.09
5/21/2022 1:00,5.501
5/21/2022 2:00,52.165
5/21/2022 3:00,147.563
5/21/2022 4:00,272.814
5/21/2022 5:00,399.585
5/21/2022 6:00,520.921
5/21/2022 7:00,624.588
5/21/2022 8:00,697.564
5/21/2022 9:00,737.083
5/21/2022 10:00,736.717
5/21/2022 11:00,699.663
5/21/2022 12:00,624.492
5/21/2022 13:00,527.468
5/21/2022 14:00,418.934
5/21/2022 15:00,303.43
5/21/2022 16:00,194.591
5/21/2022 17:00,99.518
5/21/2022 18:00,29.845
5/21/2022 19:00,1.373
5/21/2022 20:00,0.011
5/21/2022 21:00,0
5/21/2022 22:00,0
5/21/2022 23:00,0.001
5/22/2022 0:00,0.061
5/22/2022 1:00,5.999
5/22/2022 2:00,48.496
5/22/2022 3:00,122.083
5/22/2022 4:00,218.034
5/22/2022 5:00,321.49
5/22/2022 6:00,424.521
5/22/2022 7:00,521.391
5/22/2022 8:00,606.371
5/22/2022 9:00,674.117
5/22/2022 10:00,702.38
5/22/2022 11:00,686.775
5/22/2022 12:00,630.103
5/22/2022 13:00,541.001
5/22/2022 14:00,430.376
5/22/2022 15:00,310.016
5/22/2022 16:00,199.701
5/22/2022 17:00,101.303
5/22/2022 18:00,30.806
5/22/2022 19:00,1.784
5/22/2022 20:00,0.024
5/22/2022 21:00,0
5/22/2022 22:00,0
5/22/2022 23:00,0.002
5/23/2022 0:00,0.122
5/23/2022 1:00,6.431
5/23/2022 2:00,51.202
5/23/2022 3:00,133.24
5/23/2022 4:00,241.931
5/23/2022 5:00,364.601
5/23/2022 6:00,491.609
5/23/2022 7:00,601.833
5/23/2022 8:00,684.638
5/23/2022 9:00,727.296
5/23/2022 10:00,739.382
5/23/2022 11:00,711.238
5/23/2022 12:00,656.49
5/23/2022 13:00,584.197
5/23/2022 14:00,480.25
5/23/2022 15:00,363.374
5/23/2022 16:00,243.782
5/23/2022 17:00,130.231
5/23/2022 18:00,41.654
5/23/2022 19:00,2.753
5/23/2022 20:00,0.042
5/23/2022 21:00,0.001
5/23/2022 22:00,0
5/23/2022 23:00,0.006
5/24/2022 0:00,0.258
5/24/2022 1:00,9.2
5/24/2022 2:00,66.936
5/24/2022 3:00,169.605
5/24/2022 4:00,294.188
5/24/2022 5:00,422.513
5/24/2022 6:00,543.762
5/24/2022 7:00,647.525
5/24/2022 8:00,725.588
5/24/2022 9:00,772.877
5/24/2022 10:00,783.966
5/24/2022 11:00,759.23
5/24/2022 12:00,699.756
5/24/2022 13:00,611.3
5/24/2022 14:00,500.541
5/24/2022 15:00,372.303
5/24/2022 16:00,244.827
5/24/2022 17:00,130.063
5/24/2022 18:00,40.89
5/24/2022 19:00,2.708
5/24/2022 20:00,0.038
5/24/2022 21:00,0.001
5/24/2022 22:00,0.001
5/24/2022 23:00,0.006
5/25/2022 0:00,0.251
5/25/2022 1:00,9.277
5/25/2022 2:00,64.844
5/25/2022 3:00,161.879
5/25/2022 4:00,281.063
5/25/2022 5:00,402.606
5/25/2022 6:00,517.471
5/25/2022 7:00,615.286
5/25/2022 8:00,688.548
5/25/2022 9:00,723.629
5/25/2022 10:00,719.313
5/25/2022 11:00,675.255
5/25/2022 12:00,589.893
5/25/2022 13:00,461.345
5/25/2022 14:00,330.123
5/25/2022 15:00,221.08
5/25/2022 16:00,142.344
5/25/2022 17:00,76.249
5/25/2022 18:00,26.45
5/25/2022 19:00,2.542
5/25/2022 20:00,0.068
5/25/2022 21:00,0.003
5/25/2022 22:00,0.001
5/25/2022 23:00,0.011
5/26/2022 0:00,0.299
5/26/2022 1:00,6.289
5/26/2022 2:00,31.686
5/26/2022 3:00,76.617
5/26/2022 4:00,141.181
5/26/2022 5:00,207.394
5/26/2022 6:00,259.795
5/26/2022 7:00,294.351
5/26/2022 8:00,317.771
5/26/2022 9:00,327.559
5/26/2022 10:00,329.081
5/26/2022 11:00,322.133
5/26/2022 12:00,286.181
5/26/2022 13:00,245.533
5/26/2022 14:00,209.555
5/26/2022 15:00,167.471
5/26/2022 16:00,117.705
5/26/2022 17:00,65.949
5/26/2022 18:00,24.039
5/26/2022 19:00,2.767
5/26/2022 20:00,0.077
5/26/2022 21:00,0.003
5/26/2022 22:00,0.001
5/26/2022 23:00,0.006
5/27/2022 0:00,0.344
5/27/2022 1:00,7.102
5/27/2022 2:00,31.759
5/27/2022 3:00,71.478
5/27/2022 4:00,125.78
5/27/2022 5:00,194.638
5/27/2022 6:00,252.719
5/27/2022 7:00,312.851
5/27/2022 8:00,366.496
5/27/2022 9:00,385.146
5/27/2022 10:00,376.25
5/27/2022 11:00,341.808
5/27/2022 12:00,294.322
5/27/2022 13:00,238.206
5/27/2022 14:00,183.422
5/27/2022 15:00,135.486
5/27/2022 16:00,94.428
5/27/2022 17:00,52.204
5/27/2022 18:00,18.698
5/27/2022 19:00,1.618
5/27/2022 20:00,0.038
5/27/2022 21:00,0.001
5/27/2022 22:00,0
5/27/2022 23:00,0.002
5/28/2022 0:00,0.213
5/28/2022 1:00,6.158
5/28/2022 2:00,34.196
5/28/2022 3:00,84.905
5/28/2022 4:00,153.689
5/28/2022 5:00,224.013
5/28/2022 6:00,305.815
5/28/2022 7:00,389.191
5/28/2022 8:00,430.89
5/28/2022 9:00,440.57
5/28/2022 10:00,432.331
5/28/2022 11:00,411.845
5/28/2022 12:00,372.275
5/28/2022 13:00,312.913
5/28/2022 14:00,243.651
5/28/2022 15:00,181.803
5/28/2022 16:00,120.142
5/28/2022 17:00,66.595
5/28/2022 18:00,23.03
5/28/2022 19:00,2.526
5/28/2022 20:00,0.082
5/28/2022 21:00,0.005
5/28/2022 22:00,0.002
5/28/2022 23:00,0.016
5/29/2022 0:00,0.407
5/29/2022 1:00,7.28
5/29/2022 2:00,38.17
5/29/2022 3:00,91.079
5/29/2022 4:00,161.852
5/29/2022 5:00,235.944
5/29/2022 6:00,334.057
5/29/2022 7:00,414.074
5/29/2022 8:00,453.643
5/29/2022 9:00,472.205
5/29/2022 10:00,477.304
5/29/2022 11:00,484.746
5/29/2022 12:00,447.992
5/29/2022 13:00,384.365
5/29/2022 14:00,312.698
5/29/2022 15:00,240.934
5/29/2022 16:00,165.458
5/29/2022 17:00,92.649
5/29/2022 18:00,34.294
5/29/2022 19:00,3.687
5/29/2022 20:00,0.091
5/29/2022 21:00,0.006
5/29/2022 22:00,0.004
5/29/2022 23:00,0.017
5/30/2022 0:00,0.437
5/30/2022 1:00,9.798
5/30/2022 2:00,53.261
5/30/2022 3:00,131.227
5/30/2022 4:00,235.23
5/30/2022 5:00,346.744
5/30/2022 6:00,444.565
5/30/2022 7:00,513.215
5/30/2022 8:00,542.364
5/30/2022 9:00,544.62
5/30/2022 10:00,539.615
5/30/2022 11:00,519.176
5/30/2022 12:00,474.098
5/30/2022 13:00,400.241
5/30/2022 14:00,324.062
5/30/2022 15:00,237.534
5/30/2022 16:00,145.116
5/30/2022 17:00,69.562
5/30/2022 18:00,24.962
5/30/2022 19:00,3.305
5/30/2022 20:00,0.179
5/30/2022 21:00,0.014
5/30/2022 22:00,0.007
5/30/2022 23:00,0.036
5/31/2022 0:00,0.719
5/31/2022 1:00,10.187
5/31/2022 2:00,39.883
5/31/2022 3:00,83.749
5/31/2022 4:00,138.863
5/31/2022 5:00,190.77
5/31/2022 6:00,235.451
5/31/2022 7:00,277.537
5/31/2022 8:00,300.347
5/31/2022 9:00,365.261
5/31/2022 10:00,390.274
5/31/2022 11:00,353.147
5/31/2022 12:00,306.211
5/31/2022 13:00,266.717
5/31/2022 14:00,200.79
5/31/2022 15:00,160.246
5/31/2022 16:00,116.203
5/31/2022 17:00,61.537
5/31/2022 18:00,20.678
5/31/2022 19:00,3.139
5/31/2022 20:00,0.201
5/31/2022 21:00,0.018
5/31/2022 22:00,0.009
5/31/2022 23:00,0.045
6/1/2022 0:00,0.67
6/1/2022 1:00,9.128
6/1/2022 2:00,37.105
6/1/2022 3:00,84.613
6/1/2022 4:00,165.866
6/1/2022 5:00,278.799
6/1/2022 6:00,391.025
6/1/2022 7:00,510.392
6/1/2022 8:00,595.325
6/1/2022 9:00,649.59
6/1/2022 10:00,658.842
6/1/2022 11:00,622.245
6/1/2022 12:00,603.462
6/1/2022 13:00,526.245
6/1/2022 14:00,431.79
6/1/2022 15:00,326.027
6/1/2022 16:00,208.606
6/1/2022 17:00,105.107
6/1/2022 18:00,38.686
6/1/2022 19:00,5.935
6/1/2022 20:00,0.24
6/1/2022 21:00,0.017
6/1/2022 22:00,0.009
6/1/2022 23:00,0.05
6/2/2022 0:00,1.007
6/2/2022 1:00,9.107
6/2/2022 2:00,30.598
6/2/2022 3:00,63.254
6/2/2022 4:00,105.638
6/2/2022 5:00,159.757
6/2/2022 6:00,237.851
6/2/2022 7:00,311.848
6/2/2022 8:00,369.441
6/2/2022 9:00,389.609
6/2/2022 10:00,399.272
6/2/2022 11:00,350.498
6/2/2022 12:00,292.866
6/2/2022 13:00,248.244
6/2/2022 14:00,196.181
6/2/2022 15:00,135.46
6/2/2022 16:00,90.831
6/2/2022 17:00,52.776
6/2/2022 18:00,23.491
6/2/2022 19:00,3.913
6/2/2022 20:00,0.147
6/2/2022 21:00,0.009
6/2/2022 22:00,0.004
6/2/2022 23:00,0.029
6/3/2022 0:00,0.764
6/3/2022 1:00,8.124
6/3/2022 2:00,35.14
6/3/2022 3:00,73.037
6/3/2022 4:00,127.551
6/3/2022 5:00,206.371
6/3/2022 6:00,309.368
6/3/2022 7:00,419.818
6/3/2022 8:00,521.252
6/3/2022 9:00,568.876
6/3/2022 10:00,586.287
6/3/2022 11:00,580.15
6/3/2022 12:00,538.656
6/3/2022 13:00,482.373
6/3/2022 14:00,400.631
6/3/2022 15:00,312.008
6/3/2022 16:00,211.88
6/3/2022 17:00,119.779
6/3/2022 18:00,47.426
6/3/2022 19:00,6.551
6/3/2022 20:00,0.233
6/3/2022 21:00,0.017
6/3/2022 22:00,0.009
6/3/2022 23:00,0.051
6/4/2022 0:00,0.733
6/4/2022 1:00,12.806
6/4/2022 2:00,56.343
6/4/2022 3:00,119.868
6/4/2022 4:00,207.818
6/4/2022 5:00,307.658
6/4/2022 6:00,400.693
6/4/2022 7:00,474.568
6/4/2022 8:00,534.88
6/4/2022 9:00,546.497
6/4/2022 10:00,546.645
6/4/2022 11:00,547.671
6/4/2022 12:00,533.06
6/4/2022 13:00,455.731
6/4/2022 14:00,400.068
6/4/2022 15:00,313.913
6/4/2022 16:00,216.001
6/4/2022 17:00,119.444
6/4/2022 18:00,44.765
6/4/2022 19:00,6.243
6/4/2022 20:00,0.352
6/4/2022 21:00,0.026
6/4/2022 22:00,0.014
6/4/2022 23:00,0.077
6/5/2022 0:00,1.201
6/5/2022 1:00,11.448
6/5/2022 2:00,41.459
6/5/2022 3:00,85.921
6/5/2022 4:00,148.136
6/5/2022 5:00,233.548
6/5/2022 6:00,321.963
6/5/2022 7:00,381.407
6/5/2022 8:00,462.912
6/5/2022 9:00,551.188
6/5/2022 10:00,592.291
6/5/2022 11:00,577.965
6/5/2022 12:00,545.975
6/5/2022 13:00,461.846
6/5/2022 14:00,384.037
6/5/2022 15:00,304.387
6/5/2022 16:00,220.275
6/5/2022 17:00,139.342
6/5/2022 18:00,58.965
6/5/2022 19:00,9.514
6/5/2022 20:00,0.417
6/5/2022 21:00,0.033
6/5/2022 22:00,0.018
6/5/2022 23:00,0.092
6/6/2022 0:00,1.643
6/6/2022 1:00,22.673
6/6/2022 2:00,94.374
6/6/2022 3:00,200.864
6/6/2022 4:00,324.125
6/6/2022 5:00,451.09
6/6/2022 6:00,569.152
6/6/2022 7:00,670.685
6/6/2022 8:00,748.217
6/6/2022 9:00,794.015
6/6/2022 10:00,801.96
6/6/2022 11:00,777.301
6/6/2022 12:00,722.129
6/6/2022 13:00,636.658
6/6/2022 14:00,529.773
6/6/2022 15:00,409.152
6/6/2022 16:00,283.989
6/6/2022 17:00,165.347
6/6/2022 18:00,67.535
6/6/2022 19:00,10.648
6/6/2022 20:00,0.497
6/6/2022 21:00,0.029
6/6/2022 22:00,0.014
6/6/2022 23:00,0.067
6/7/2022 0:00,1.486
6/7/2022 1:00,20.534
6/7/2022 2:00,85.426
6/7/2022 3:00,182.349
6/7/2022 4:00,299.739
6/7/2022 5:00,422.107
6/7/2022 6:00,538.23
6/7/2022 7:00,637.42
6/7/2022 8:00,714.858
6/7/2022 9:00,762.236
6/7/2022 10:00,770.555
6/7/2022 11:00,745.36
6/7/2022 12:00,681.708
6/7/2022 13:00,582.334
6/7/2022 14:00,458.115
6/7/2022 15:00,322.742
6/7/2022 16:00,205.365
6/7/2022 17:00,116.295
6/7/2022 18:00,52.695
6/7/2022 19:00,10.19
6/7/2022 20:00,0.642
6/7/2022 21:00,0.053
6/7/2022 22:00,0.03
6/7/2022 23:00,0.145
6/8/2022 0:00,2.035
6/8/2022 1:00,17.667
6/8/2022 2:00,53.823
6/8/2022 3:00,98.518
6/8/2022 4:00,153.724
6/8/2022 5:00,228.588
6/8/2022 6:00,308.201
6/8/2022 7:00,370.814
6/8/2022 8:00,421.208
6/8/2022 9:00,438.963
6/8/2022 10:00,449.272
6/8/2022 11:00,445.158
6/8/2022 12:00,414.092
6/8/2022 13:00,378.961
6/8/2022 14:00,281.981
6/8/2022 15:00,202.816
6/8/2022 16:00,137.08
6/8/2022 17:00,76.769
6/8/2022 18:00,32.322
6/8/2022 19:00,6.865
6/8/2022 20:00,0.51
6/8/2022 21:00,0.055
6/8/2022 22:00,0.034
6/8/2022 23:00,0.132
6/9/2022 0:00,1.224
6/9/2022 1:00,14.956
6/9/2022 2:00,69.814
6/9/2022 3:00,156.531
6/9/2022 4:00,263.965
6/9/2022 5:00,375.614
6/9/2022 6:00,478.281
6/9/2022 7:00,566.277
6/9/2022 8:00,600.761
6/9/2022 9:00,613.926
6/9/2022 10:00,604.584
6/9/2022 11:00,563.094
6/9/2022 12:00,504.43
6/9/2022 13:00,435.4
6/9/2022 14:00,371.193
6/9/2022 15:00,294.313
6/9/2022 16:00,218.183
6/9/2022 17:00,140.066
6/9/2022 18:00,60.912
6/9/2022 19:00,10.873
6/9/2022 20:00,0.648
6/9/2022 21:00,0.067
6/9/2022 22:00,0.034
6/9/2022 23:00,0.158
6/10/2022 0:00,2.211
6/10/2022 1:00,22.756
6/10/2022 2:00,78.676
6/10/2022 3:00,161.605
6/10/2022 4:00,260.513
6/10/2022 5:00,362.18
6/10/2022 6:00,466.349
6/10/2022 7:00,557.507
6/10/2022 8:00,612.812
6/10/2022 9:00,627.694
6/10/2022 10:00,603.708
6/10/2022 11:00,557.973
6/10/2022 12:00,488.086
6/10/2022 13:00,407.36
6/10/2022 14:00,322.525
6/10/2022 15:00,253.953
6/10/2022 16:00,189.918
6/10/2022 17:00,119.592
6/10/2022 18:00,54.87
6/10/2022 19:00,11.237
6/10/2022 20:00,0.846
6/10/2022 21:00,0.083
6/10/2022 22:00,0.047
6/10/2022 23:00,0.205
6/11/2022 0:00,2.597
6/11/2022 1:00,23.729
6/11/2022 2:00,85.826
6/11/2022 3:00,178.703
6/11/2022 4:00,288.366
6/11/2022 5:00,401.055
6/11/2022 6:00,510.013
6/11/2022 7:00,606.211
6/11/2022 8:00,680.452
6/11/2022 9:00,723.905
6/11/2022 10:00,722.33
6/11/2022 11:00,679.555
6/11/2022 12:00,609.214
6/11/2022 13:00,535.374
6/11/2022 14:00,452.882
6/11/2022 15:00,354.922
6/11/2022 16:00,251.73
6/11/2022 17:00,148.683
6/11/2022 18:00,63.73
6/11/2022 19:00,11.394
6/11/2022 20:00,0.642
6/11/2022 21:00,0.054
6/11/2022 22:00,0.024
6/11/2022 23:00,0.134
6/12/2022 0:00,1.996
6/12/2022 1:00,22.555
6/12/2022 2:00,81.522
6/12/2022 3:00,169.747
6/12/2022 4:00,279.147
6/12/2022 5:00,385.788
6/12/2022 6:00,470.819
6/12/2022 7:00,502.531
6/12/2022 8:00,527.607
6/12/2022 9:00,579.417
6/12/2022 10:00,628.689
6/12/2022 11:00,637.528
6/12/2022 12:00,602.723
6/12/2022 13:00,543.227
6/12/2022 14:00,453.415
6/12/2022 15:00,350.981
6/12/2022 16:00,244.352
6/12/2022 17:00,148.029
6/12/2022 18:00,63.714
6/12/2022 19:00,11.703
6/12/2022 20:00,0.756
6/12/2022 21:00,0.076
6/12/2022 22:00,0.041
6/12/2022 23:00,0.165
6/13/2022 0:00,2.236
6/13/2022 1:00,23.104
6/13/2022 2:00,80.826
6/13/2022 3:00,163.597
6/13/2022 4:00,268.009
6/13/2022 5:00,376.662
6/13/2022 6:00,479.43
6/13/2022 7:00,567.008
6/13/2022 8:00,612.984
6/13/2022 9:00,613.013
6/13/2022 10:00,596.752
6/13/2022 11:00,550.963
6/13/2022 12:00,518.672
6/13/2022 13:00,448.503
6/13/2022 14:00,377.748
6/13/2022 15:00,306.381
6/13/2022 16:00,219.872
6/13/2022 17:00,130.076
6/13/2022 18:00,55.292
6/13/2022 19:00,10.177
6/13/2022 20:00,0.64
6/13/2022 21:00,0.06
6/13/2022 22:00,0.031
6/13/2022 23:00,0.15
6/14/2022 0:00,1.83
6/14/2022 1:00,20.904
6/14/2022 2:00,75.064
6/14/2022 3:00,154.533
6/14/2022 4:00,244.418
6/14/2022 5:00,331.159
6/14/2022 6:00,403.692
6/14/2022 7:00,458.158
6/14/2022 8:00,504.795
6/14/2022 9:00,524.951
6/14/2022 10:00,511.27
6/14/2022 11:00,465.315
6/14/2022 12:00,410.319
6/14/2022 13:00,354.353
6/14/2022 14:00,277.929
6/14/2022 15:00,200.891
6/14/2022 16:00,137.3
6/14/2022 17:00,84.293
6/14/2022 18:00,39.9
6/14/2022 19:00,10.029
6/14/2022 20:00,0.778
6/14/2022 21:00,0.048
6/14/2022 22:00,0.02
6/14/2022 23:00,0.142
6/15/2022 0:00,2.003
6/15/2022 1:00,18.359
6/15/2022 2:00,67.385
6/15/2022 3:00,144.323
6/15/2022 4:00,241.775
6/15/2022 5:00,348.919
6/15/2022 6:00,449.024
6/15/2022 7:00,535.88
6/15/2022 8:00,602.85
6/15/2022 9:00,648.046
6/15/2022 10:00,658.758
6/15/2022 11:00,640.695
6/15/2022 12:00,591.895
6/15/2022 13:00,509.058
6/15/2022 14:00,415.769
6/15/2022 15:00,319.575
6/15/2022 16:00,228.289
6/15/2022 17:00,139.722
6/15/2022 18:00,61.45
6/15/2022 19:00,11.33
6/15/2022 20:00,0.427
6/15/2022 21:00,0.04
6/15/2022 22:00,0.022
6/15/2022 23:00,0.068
6/16/2022 0:00,1.015
6/16/2022 1:00,19.373
6/16/2022 2:00,77.062
6/16/2022 3:00,165.01
6/16/2022 4:00,271.021
6/16/2022 5:00,375.028
6/16/2022 6:00,462.964
6/16/2022 7:00,542.162
6/16/2022 8:00,587.748
6/16/2022 9:00,605.74
6/16/2022 10:00,596.857
6/16/2022 11:00,565.887
6/16/2022 12:00,489.244
6/16/2022 13:00,411.807
6/16/2022 14:00,324.883
6/16/2022 15:00,225.173
6/16/2022 16:00,174.416
6/16/2022 17:00,117.992
6/16/2022 18:00,53.646
6/16/2022 19:00,10.559
6/16/2022 20:00,0.589
6/16/2022 21:00,0.064
6/16/2022 22:00,0.036
6/16/2022 23:00,0.176
6/17/2022 0:00,1.769
6/17/2022 1:00,19.734
6/17/2022 2:00,70.489
6/17/2022 3:00,146.11
6/17/2022 4:00,248.642
6/17/2022 5:00,367.709
6/17/2022 6:00,492.965
6/17/2022 7:00,593.389
6/17/2022 8:00,665.384
6/17/2022 9:00,699.734
6/17/2022 10:00,698.93
6/17/2022 11:00,674.784
6/17/2022 12:00,622.101
6/17/2022 13:00,546.575
6/17/2022 14:00,446.992
6/17/2022 15:00,355.183
6/17/2022 16:00,254.307
6/17/2022 17:00,157.412
6/17/2022 18:00,70.434
6/17/2022 19:00,13.936
6/17/2022 20:00,1.02
6/17/2022 21:00,0.103
6/17/2022 22:00,0.056
6/17/2022 23:00,0.231
6/18/2022 0:00,2.539
6/18/2022 1:00,16.553
6/18/2022 2:00,42.987
6/18/2022 3:00,80.305
6/18/2022 4:00,122.714
6/18/2022 5:00,171.832
6/18/2022 6:00,214.048
6/18/2022 7:00,248.654
6/18/2022 8:00,275.203
6/18/2022 9:00,292.439
6/18/2022 10:00,293.604
6/18/2022 11:00,294.59
6/18/2022 12:00,281.93
6/18/2022 13:00,251.95
6/18/2022 14:00,219.729
6/18/2022 15:00,192.446
6/18/2022 16:00,142.436
6/18/2022 17:00,89.687
6/18/2022 18:00,39.34
6/18/2022 19:00,8.154
6/18/2022 20:00,0.454
6/18/2022 21:00,0.075
6/18/2022 22:00,0.048
6/18/2022 23:00,0.14
6/19/2022 0:00,1.191
6/19/2022 1:00,13.526
6/19/2022 2:00,56.158
6/19/2022 3:00,133.442
6/19/2022 4:00,234.155
6/19/2022 5:00,349.798
6/19/2022 6:00,460.571
6/19/2022 7:00,551.163
6/19/2022 8:00,607.127
6/19/2022 9:00,635.222
6/19/2022 10:00,631.519
6/19/2022 11:00,596.062
6/19/2022 12:00,512.339
6/19/2022 13:00,449.5
6/19/2022 14:00,379.299
6/19/2022 15:00,285.133
6/19/2022 16:00,215.598
6/19/2022 17:00,127.002
6/19/2022 18:00,57.212
6/19/2022 19:00,12.23
6/19/2022 20:00,0.966
6/19/2022 21:00,0.094
6/19/2022 22:00,0.053
6/19/2022 23:00,0.247
6/20/2022 0:00,2.816
6/20/2022 1:00,25.786
6/20/2022 2:00,86.499
6/20/2022 3:00,170.108
6/20/2022 4:00,268.253
6/20/2022 5:00,384.525
6/20/2022 6:00,483.795
6/20/2022 7:00,578.425
6/20/2022 8:00,626.134
6/20/2022 9:00,655.542
6/20/2022 10:00,644.907
6/20/2022 11:00,620.032
6/20/2022 12:00,558.674
6/20/2022 13:00,491.338
6/20/2022 14:00,392.213
6/20/2022 15:00,299.776
6/20/2022 16:00,215.775
6/20/2022 17:00,131.759
6/20/2022 18:00,58.548
6/20/2022 19:00,13.434
6/20/2022 20:00,1.062
6/20/2022 21:00,0.11
6/20/2022 22:00,0.059
6/20/2022 23:00,0.255
6/21/2022 0:00,2.954
6/21/2022 1:00,27.345
6/21/2022 2:00,94.077
6/21/2022 3:00,188.833
6/21/2022 4:00,299.225
6/21/2022 5:00,400.657
6/21/2022 6:00,507.625
6/21/2022 7:00,592.298
6/21/2022 8:00,659.552
6/21/2022 9:00,685.188
6/21/2022 10:00,666.36
6/21/2022 11:00,630.454
6/21/2022 12:00,601.652
6/21/2022 13:00,521.883
6/21/2022 14:00,423.335
6/21/2022 15:00,298.201
6/21/2022 16:00,197.683
6/21/2022 17:00,110.645
6/21/2022 18:00,49.599
6/21/2022 19:00,11.22
6/21/2022 20:00,0.603
6/21/2022 21:00,0.043
6/21/2022 22:00,0.022
6/21/2022 23:00,0.104
6/22/2022 0:00,1.818
6/22/2022 1:00,20.113
6/22/2022 2:00,67.368
6/22/2022 3:00,132.077
6/22/2022 4:00,206.852
6/22/2022 5:00,284.846
6/22/2022 6:00,351.139
6/22/2022 7:00,404.776
6/22/2022 8:00,434.202
6/22/2022 9:00,451.823
6/22/2022 10:00,442.113
6/22/2022 11:00,434.246
6/22/2022 12:00,434.407
6/22/2022 13:00,414.207
6/22/2022 14:00,361.075
6/22/2022 15:00,300.993
6/22/2022 16:00,219.688
6/22/2022 17:00,133.643
6/22/2022 18:00,59.574
6/22/2022 19:00,11.909
6/22/2022 20:00,0.707
6/22/2022 21:00,0.068
6/22/2022 22:00,0.041
6/22/2022 23:00,0.143
6/23/2022 0:00,1.771
6/23/2022 1:00,14.866
6/23/2022 2:00,44.653
6/23/2022 3:00,85.953
6/23/2022 4:00,137.55
6/23/2022 5:00,201.591
6/23/2022 6:00,280.409
6/23/2022 7:00,328.105
6/23/2022 8:00,356.031
6/23/2022 9:00,372.882
6/23/2022 10:00,381.457
6/23/2022 11:00,374.677
6/23/2022 12:00,357.882
6/23/2022 13:00,354.136
6/23/2022 14:00,305.102
6/23/2022 15:00,233.992
6/23/2022 16:00,180.694
6/23/2022 17:00,124.857
6/23/2022 18:00,64.871
6/23/2022 19:00,15.289
6/23/2022 20:00,1.128
6/23/2022 21:00,0.122
6/23/2022 22:00,0.066
6/23/2022 23:00,0.273
6/24/2022 0:00,3.036
6/24/2022 1:00,27.977
6/24/2022 2:00,95.365
6/24/2022 3:00,190.391
6/24/2022 4:00,302.462
6/24/2022 5:00,417.404
6/24/2022 6:00,529.808
6/24/2022 7:00,632.797
6/24/2022 8:00,715.492
6/24/2022 9:00,765.298
6/24/2022 10:00,776.447
6/24/2022 11:00,755.153
6/24/2022 12:00,700.093
6/24/2022 13:00,616.401
6/24/2022 14:00,511.347
6/24/2022 15:00,393.652
6/24/2022 16:00,274.123
6/24/2022 17:00,162.352
6/24/2022 18:00,70.421
6/24/2022 19:00,14.111
6/24/2022 20:00,1.058
6/24/2022 21:00,0.124
6/24/2022 22:00,0.071
6/24/2022 23:00,0.291
6/25/2022 0:00,3.003
6/25/2022 1:00,27.991
6/25/2022 2:00,98.995
6/25/2022 3:00,198.501
6/25/2022 4:00,316.006
6/25/2022 5:00,437.432
6/25/2022 6:00,549.717
6/25/2022 7:00,645.116
6/25/2022 8:00,721.576
6/25/2022 9:00,772.251
6/25/2022 10:00,788.198
6/25/2022 11:00,766.327
6/25/2022 12:00,711.885
6/25/2022 13:00,628.984
6/25/2022 14:00,524.304
6/25/2022 15:00,406.019
6/25/2022 16:00,284.467
6/25/2022 17:00,169.521
6/25/2022 18:00,74.567
6/25/2022 19:00,15.124
6/25/2022 20:00,0.97
6/25/2022 21:00,0.077
6/25/2022 22:00,0.04
6/25/2022 23:00,0.188
6/26/2022 0:00,2.546
6/26/2022 1:00,27.435
6/26/2022 2:00,97.172
6/26/2022 3:00,197.5
6/26/2022 4:00,317.107
6/26/2022 5:00,440.561
6/26/2022 6:00,556.127
6/26/2022 7:00,654.372
6/26/2022 8:00,727.705
6/26/2022 9:00,769.93
6/26/2022 10:00,779.241
6/26/2022 11:00,754.495
6/26/2022 12:00,696.591
6/26/2022 13:00,611.774
6/26/2022 14:00,506.873
6/26/2022 15:00,389.866
6/26/2022 16:00,271.512
6/26/2022 17:00,160.222
6/26/2022 18:00,69.216
6/26/2022 19:00,13.694
6/26/2022 20:00,0.843
6/26/2022 21:00,0.096
6/26/2022 22:00,0.06
6/26/2022 23:00,0.241
6/27/2022 0:00,2.719
6/27/2022 1:00,26.214
6/27/2022 2:00,91.783
6/27/2022 3:00,186.471
6/27/2022 4:00,297.63
6/27/2022 5:00,414.204
6/27/2022 6:00,527.281
6/27/2022 7:00,624.633
6/27/2022 8:00,700.129
6/27/2022 9:00,742.672
6/27/2022 10:00,752.953
6/27/2022 11:00,726.149
6/27/2022 12:00,667.839
6/27/2022 13:00,576.287
6/27/2022 14:00,462.459
6/27/2022 15:00,341.026
6/27/2022 16:00,222.541
6/27/2022 17:00,131.053
6/27/2022 18:00,58.054
6/27/2022 19:00,12.524
6/27/2022 20:00,0.826
6/27/2022 21:00,0.068
6/27/2022 22:00,0.036
6/27/2022 23:00,0.191
6/28/2022 0:00,2.46
6/28/2022 1:00,22.055
6/28/2022 2:00,73.852
6/28/2022 3:00,153.213
6/28/2022 4:00,253.199
6/28/2022 5:00,357.602
6/28/2022 6:00,454.322
6/28/2022 7:00,542.685
6/28/2022 8:00,582.352
6/28/2022 9:00,585.171
6/28/2022 10:00,615.611
6/28/2022 11:00,629.467
6/28/2022 12:00,569.269
6/28/2022 13:00,470.396
6/28/2022 14:00,382.201
6/28/2022 15:00,294.503
6/28/2022 16:00,210.398
6/28/2022 17:00,125.616
6/28/2022 18:00,53.093
6/28/2022 19:00,10.993
6/28/2022 20:00,0.886
6/28/2022 21:00,0.104
6/28/2022 22:00,0.06
6/28/2022 23:00,0.25
6/29/2022 0:00,2.778
6/29/2022 1:00,23.353
6/29/2022 2:00,77.643
6/29/2022 3:00,161.51
6/29/2022 4:00,269.411
6/29/2022 5:00,386.537
6/29/2022 6:00,498.763
6/29/2022 7:00,593.76
6/29/2022 8:00,660.598
6/29/2022 9:00,690.467
6/29/2022 10:00,686.051
6/29/2022 11:00,656.026
6/29/2022 12:00,604.456
6/29/2022 13:00,524.782
6/29/2022 14:00,429.918
6/29/2022 15:00,325.876
6/29/2022 16:00,226.19
6/29/2022 17:00,133.961
6/29/2022 18:00,58.751
6/29/2022 19:00,11.965
6/29/2022 20:00,0.903
6/29/2022 21:00,0.088
6/29/2022 22:00,0.048
6/29/2022 23:00,0.219
6/30/2022 0:00,2.787
6/30/2022 1:00,27.2
6/30/2022 2:00,95.176
6/30/2022 3:00,193.83
6/30/2022 4:00,309.224
6/30/2022 5:00,428.512
6/30/2022 6:00,543.327
6/30/2022 7:00,641.216
6/30/2022 8:00,713.452
6/30/2022 9:00,759.539
6/30/2022 10:00,774.413
6/30/2022 11:00,753.169
6/30/2022 12:00,696.033
6/30/2022 13:00,614.009
6/30/2022 14:00,510.851
6/30/2022 15:00,394.043
6/30/2022 16:00,271.731
6/30/2022 17:00,160.51
6/30/2022 18:00,69.327
6/30/2022 19:00,13.766
6/30/2022 20:00,0.872
6/30/2022 21:00,0.084
6/30/2022 22:00,0.048
6/30/2022 23:00,0.205
7/1/2022 0:00,2.661
7/1/2022 1:00,23.597
7/1/2022 2:00,75.426
7/1/2022 3:00,149.561
7/1/2022 4:00,246.745
7/1/2022 5:00,362.827
7/1/2022 6:00,483.389
7/1/2022 7:00,584.043
7/1/2022 8:00,644.442
7/1/2022 9:00,661.13
7/1/2022 10:00,660.159
7/1/2022 11:00,605.694
7/1/2022 12:00,531.09
7/1/2022 13:00,418.007
7/1/2022 14:00,312.732
7/1/2022 15:00,220.989
7/1/2022 16:00,148.809
7/1/2022 17:00,88.404
7/1/2022 18:00,39.917
7/1/2022 19:00,8.881
7/1/2022 20:00,0.72
7/1/2022 21:00,0.062
7/1/2022 22:00,0.035
7/1/2022 23:00,0.173
7/2/2022 0:00,1.806
7/2/2022 1:00,16.834
7/2/2022 2:00,56.213
7/2/2022 3:00,111.414
7/2/2022 4:00,177.137
7/2/2022 5:00,270.559
7/2/2022 6:00,370.516
7/2/2022 7:00,462.58
7/2/2022 8:00,528.856
7/2/2022 9:00,573.178
7/2/2022 10:00,595.809
7/2/2022 11:00,580.54
7/2/2022 12:00,524.628
7/2/2022 13:00,433.92
7/2/2022 14:00,317.226
7/2/2022 15:00,206.6
7/2/2022 16:00,133.426
7/2/2022 17:00,71.949
7/2/2022 18:00,29.918
7/2/2022 19:00,5.916
7/2/2022 20:00,0.447
7/2/2022 21:00,0.041
7/2/2022 22:00,0.019
7/2/2022 23:00,0.095
7/3/2022 0:00,0.836
7/3/2022 1:00,12.689
7/3/2022 2:00,57.986
7/3/2022 3:00,137.264
7/3/2022 4:00,239.214
7/3/2022 5:00,350.256
7/3/2022 6:00,457.281
7/3/2022 7:00,550.753
7/3/2022 8:00,632.989
7/3/2022 9:00,695.873
7/3/2022 10:00,723.986
7/3/2022 11:00,713.948
7/3/2022 12:00,672.127
7/3/2022 13:00,598.029
7/3/2022 14:00,499.19
7/3/2022 15:00,387.823
7/3/2022 16:00,267.731
7/3/2022 17:00,157.914
7/3/2022 18:00,67.079
7/3/2022 19:00,12.409
7/3/2022 20:00,0.782
7/3/2022 21:00,0.07
7/3/2022 22:00,0.038
7/3/2022 23:00,0.174
7/4/2022 0:00,2.248
7/4/2022 1:00,24.681
7/4/2022 2:00,94.728
7/4/2022 3:00,196.936
7/4/2022 4:00,314.792
7/4/2022 5:00,437.549
7/4/2022 6:00,551.958
7/4/2022 7:00,648.215
7/4/2022 8:00,718.957
7/4/2022 9:00,754.384
7/4/2022 10:00,758.582
7/4/2022 11:00,735.141
7/4/2022 12:00,673.482
7/4/2022 13:00,579.221
7/4/2022 14:00,468.746
7/4/2022 15:00,351.893
7/4/2022 16:00,232.791
7/4/2022 17:00,125.309
7/4/2022 18:00,50.109
7/4/2022 19:00,9.392
7/4/2022 20:00,0.593
7/4/2022 21:00,0.059
7/4/2022 22:00,0.033
7/4/2022 23:00,0.14
7/5/2022 0:00,1.56
7/5/2022 1:00,16.793
7/5/2022 2:00,67.63
7/5/2022 3:00,148.293
7/5/2022 4:00,251.345
7/5/2022 5:00,362.839
7/5/2022 6:00,472.618
7/5/2022 7:00,570.903
7/5/2022 8:00,649.995
7/5/2022 9:00,688.379
7/5/2022 10:00,698.164
7/5/2022 11:00,683.635
7/5/2022 12:00,635.687
7/5/2022 13:00,562.457
7/5/2022 14:00,464.912
7/5/2022 15:00,364.762
7/5/2022 16:00,251.53
7/5/2022 17:00,147.097
7/5/2022 18:00,60.854
7/5/2022 19:00,10.328
7/5/2022 20:00,0.542
7/5/2022 21:00,0.049
7/5/2022 22:00,0.028
7/5/2022 23:00,0.113
7/6/2022 0:00,1.828
7/6/2022 1:00,22.033
7/6/2022 2:00,84.921
7/6/2022 3:00,175.951
7/6/2022 4:00,279.977
7/6/2022 5:00,386.95
7/6/2022 6:00,485.701
7/6/2022 7:00,565.176
7/6/2022 8:00,620.928
7/6/2022 9:00,626.737
7/6/2022 10:00,615.674
7/6/2022 11:00,580.605
7/6/2022 12:00,525.668
7/6/2022 13:00,451.436
7/6/2022 14:00,382.82
7/6/2022 15:00,302.991
7/6/2022 16:00,218.571
7/6/2022 17:00,131.093
7/6/2022 18:00,55.706
7/6/2022 19:00,9.378
7/6/2022 20:00,0.427
7/6/2022 21:00,0.026
7/6/2022 22:00,0.015
7/6/2022 23:00,0.074
7/7/2022 0:00,1.582
7/7/2022 1:00,21.124
7/7/2022 2:00,85.345
7/7/2022 3:00,178.655
7/7/2022 4:00,283.993
7/7/2022 5:00,388.941
7/7/2022 6:00,480.797
7/7/2022 7:00,555.857
7/7/2022 8:00,611.806
7/7/2022 9:00,629.764
7/7/2022 10:00,589.778
7/7/2022 11:00,540.726
7/7/2022 12:00,488.743
7/7/2022 13:00,415.529
7/7/2022 14:00,336.291
7/7/2022 15:00,256.563
7/7/2022 16:00,193.398
7/7/2022 17:00,119.209
7/7/2022 18:00,52.023
7/7/2022 19:00,8.98
7/7/2022 20:00,0.403
7/7/2022 21:00,0.032
7/7/2022 22:00,0.018
7/7/2022 23:00,0.077
7/8/2022 0:00,1.42
7/8/2022 1:00,20.668
7/8/2022 2:00,87.349
7/8/2022 3:00,187.175
7/8/2022 4:00,303.468
7/8/2022 5:00,422.685
7/8/2022 6:00,532.86
7/8/2022 7:00,625.984
7/8/2022 8:00,695.206
7/8/2022 9:00,733.388
7/8/2022 10:00,739.563
7/8/2022 11:00,708.389
7/8/2022 12:00,633.76
7/8/2022 13:00,532.012
7/8/2022 14:00,427.78
7/8/2022 15:00,315.084
7/8/2022 16:00,211.553
7/8/2022 17:00,115.009
7/8/2022 18:00,48.314
7/8/2022 19:00,8.294
7/8/2022 20:00,0.387
7/8/2022 21:00,0.033
7/8/2022 22:00,0.018
7/8/2022 23:00,0.08
7/9/2022 0:00,1.269
7/9/2022 1:00,15.799
7/9/2022 2:00,63.552
7/9/2022 3:00,129.371
7/9/2022 4:00,192.976
7/9/2022 5:00,243.97
7/9/2022 6:00,287.156
7/9/2022 7:00,326.891
7/9/2022 8:00,353.217
7/9/2022 9:00,370.696
7/9/2022 10:00,364.5
7/9/2022 11:00,332.959
7/9/2022 12:00,290.543
7/9/2022 13:00,243.251
7/9/2022 14:00,188.026
7/9/2022 15:00,132.348
7/9/2022 16:00,88.923
7/9/2022 17:00,53.311
7/9/2022 18:00,22.277
7/9/2022 19:00,3.647
7/9/2022 20:00,0.173
7/9/2022 21:00,0.018
7/9/2022 22:00,0.01
7/9/2022 23:00,0.044
7/10/2022 0:00,0.663
7/10/2022 1:00,12.481
7/10/2022 2:00,60.11
7/10/2022 3:00,138.66
7/10/2022 4:00,237.556
7/10/2022 5:00,343.094
7/10/2022 6:00,446.056
7/10/2022 7:00,542.428
7/10/2022 8:00,610.253
7/10/2022 9:00,642.914
7/10/2022 10:00,646.414
7/10/2022 11:00,609.213
7/10/2022 12:00,539.835
7/10/2022 13:00,460.72
7/10/2022 14:00,368.515
7/10/2022 15:00,268.924
7/10/2022 16:00,177.422
7/10/2022 17:00,97.23
7/10/2022 18:00,40.78
7/10/2022 19:00,6.478
7/10/2022 20:00,0.231
7/10/2022 21:00,0.01
7/10/2022 22:00,0.004
7/10/2022 23:00,0.034
7/11/2022 0:00,0.708
7/11/2022 1:00,13.454
7/11/2022 2:00,67.685
7/11/2022 3:00,156.153
7/11/2022 4:00,264.846
7/11/2022 5:00,372.543
7/11/2022 6:00,473.407
7/11/2022 7:00,557.06
7/11/2022 8:00,603.186
7/11/2022 9:00,612.424
7/11/2022 10:00,580.644
7/11/2022 11:00,537.143
7/11/2022 12:00,510.947
7/11/2022 13:00,413.245
7/11/2022 14:00,333.174
7/11/2022 15:00,234.178
7/11/2022 16:00,133.522
7/11/2022 17:00,67.203
7/11/2022 18:00,27.372
7/11/2022 19:00,4.635
7/11/2022 20:00,0.178
7/11/2022 21:00,0.012
7/11/2022 22:00,0.006
7/11/2022 23:00,0.034
7/12/2022 0:00,0.868
7/12/2022 1:00,13.02
7/12/2022 2:00,54.157
7/12/2022 3:00,121.185
7/12/2022 4:00,196.174
7/12/2022 5:00,271.671
7/12/2022 6:00,348.2
7/12/2022 7:00,432.621
7/12/2022 8:00,510.957
7/12/2022 9:00,559.438
7/12/2022 10:00,589.768
7/12/2022 11:00,565.813
7/12/2022 12:00,510.239
7/12/2022 13:00,441.084
7/12/2022 14:00,360.09
7/12/2022 15:00,265.594
7/12/2022 16:00,170.404
7/12/2022 17:00,92.673
7/12/2022 18:00,35.976
7/12/2022 19:00,5.066
7/12/2022 20:00,0.202
7/12/2022 21:00,0.017
7/12/2022 22:00,0.009
7/12/2022 23:00,0.038
7/13/2022 0:00,0.568
7/13/2022 1:00,9.537
7/13/2022 2:00,43.896
7/13/2022 3:00,98.335
7/13/2022 4:00,163.889
7/13/2022 5:00,234.978
7/13/2022 6:00,305.729
7/13/2022 7:00,373.021
7/13/2022 8:00,427.609
7/13/2022 9:00,474.118
7/13/2022 10:00,496.376
7/13/2022 11:00,484.886
7/13/2022 12:00,451.656
7/13/2022 13:00,391.25
7/13/2022 14:00,328.046
7/13/2022 15:00,247.364
7/13/2022 16:00,161.067
7/13/2022 17:00,85.029
7/13/2022 18:00,29.625
7/13/2022 19:00,2.96
7/13/2022 20:00,0.087
7/13/2022 21:00,0.003
7/13/2022 22:00,0.002
7/13/2022 23:00,0.014
7/14/2022 0:00,0.459
7/14/2022 1:00,9.842
7/14/2022 2:00,47.723
7/14/2022 3:00,112.236
7/14/2022 4:00,206.511
7/14/2022 5:00,318.103
7/14/2022 6:00,434.07
7/14/2022 7:00,531.312
7/14/2022 8:00,609.323
7/14/2022 9:00,642.066
7/14/2022 10:00,648.229
7/14/2022 11:00,623.232
7/14/2022 12:00,577.543
7/14/2022 13:00,492.963
7/14/2022 14:00,390.179
7/14/2022 15:00,289.733
7/14/2022 16:00,199.612
7/14/2022 17:00,117.95
7/14/2022 18:00,43.192
7/14/2022 19:00,4.503
7/14/2022 20:00,0.096
7/14/2022 21:00,0.006
7/14/2022 22:00,0.003
7/14/2022 23:00,0.024
7/15/2022 0:00,0.6
7/15/2022 1:00,11.274
7/15/2022 2:00,53.28
7/15/2022 3:00,118.311
7/15/2022 4:00,195.733
7/15/2022 5:00,273.057
7/15/2022 6:00,358.577
7/15/2022 7:00,438.974
7/15/2022 8:00,506.462
7/15/2022 9:00,543.772
7/15/2022 10:00,537.85
7/15/2022 11:00,512.516
7/15/2022 12:00,450.607
7/15/2022 13:00,397.118
7/15/2022 14:00,322.449
7/15/2022 15:00,245.895
7/15/2022 16:00,174.783
7/15/2022 17:00,101.373
7/15/2022 18:00,38.096
7/15/2022 19:00,3.565
7/15/2022 20:00,0.062
7/15/2022 21:00,0.004
7/15/2022 22:00,0.001
7/15/2022 23:00,0.01
7/16/2022 0:00,0.427
7/16/2022 1:00,10.562
7/16/2022 2:00,53.733
7/16/2022 3:00,120.872
7/16/2022 4:00,201.068
7/16/2022 5:00,286.564
7/16/2022 6:00,389.959
7/16/2022 7:00,464.54
7/16/2022 8:00,502.035
7/16/2022 9:00,510.343
7/16/2022 10:00,525.515
7/16/2022 11:00,515.991
7/16/2022 12:00,480.783
7/16/2022 13:00,420.984
7/16/2022 14:00,337.853
7/16/2022 15:00,253.571
7/16/2022 16:00,166.705
7/16/2022 17:00,90.258
7/16/2022 18:00,31.567
7/16/2022 19:00,3.155
7/16/2022 20:00,0.081
7/16/2022 21:00,0.002
7/16/2022 22:00,0.001
7/16/2022 23:00,0.011
7/17/2022 0:00,0.493
7/17/2022 1:00,8.52
7/17/2022 2:00,43.045
7/17/2022 3:00,104.984
7/17/2022 4:00,192.941
7/17/2022 5:00,281.598
7/17/2022 6:00,375.884
7/17/2022 7:00,426.477
7/17/2022 8:00,452.342
7/17/2022 9:00,425.061
7/17/2022 10:00,422.172
7/17/2022 11:00,410.731
7/17/2022 12:00,386.711
7/17/2022 13:00,345.934
7/17/2022 14:00,302.711
7/17/2022 15:00,251.796
7/17/2022 16:00,181.734
7/17/2022 17:00,107.909
7/17/2022 18:00,37.966
7/17/2022 19:00,3.423
7/17/2022 20:00,0.057
7/17/2022 21:00,0.002
7/17/2022 22:00,0.001
7/17/2022 23:00,0.01
7/18/2022 0:00,0.342
7/18/2022 1:00,8.218
7/18/2022 2:00,47.308
7/18/2022 3:00,109.659
7/18/2022 4:00,191.972
7/18/2022 5:00,301.379
7/18/2022 6:00,416.114
7/18/2022 7:00,532.779
7/18/2022 8:00,624.947
7/18/2022 9:00,655.371
7/18/2022 10:00,632.268
7/18/2022 11:00,540.999
7/18/2022 12:00,433.271
7/18/2022 13:00,343.959
7/18/2022 14:00,265.53
7/18/2022 15:00,207.586
7/18/2022 16:00,161.778
7/18/2022 17:00,98.313
7/18/2022 18:00,34.867
7/18/2022 19:00,2.776
7/18/2022 20:00,0.057
7/18/2022 21:00,0.002
7/18/2022 22:00,0.001
7/18/2022 23:00,0.009
7/19/2022 0:00,0.253
7/19/2022 1:00,8.648
7/19/2022 2:00,52.684
7/19/2022 3:00,120.245
7/19/2022 4:00,203.227
7/19/2022 5:00,292.064
7/19/2022 6:00,400.981
7/19/2022 7:00,550.88
7/19/2022 8:00,636.779
7/19/2022 9:00,663.816
7/19/2022 10:00,644.963
7/19/2022 11:00,598.312
7/19/2022 12:00,533.935
7/19/2022 13:00,471.399
7/19/2022 14:00,398.256
7/19/2022 15:00,308.144
7/19/2022 16:00,215.781
7/19/2022 17:00,116.808
7/19/2022 18:00,39.083
7/19/2022 19:00,2.987
7/19/2022 20:00,0.049
7/19/2022 21:00,0.001
7/19/2022 22:00,0
7/19/2022 23:00,0.004
7/20/2022 0:00,0.303
7/20/2022 1:00,9.669
7/20/2022 2:00,64.506
7/20/2022 3:00,163.613
7/20/2022 4:00,282.817
7/20/2022 5:00,402.656
7/20/2022 6:00,515.169
7/20/2022 7:00,612.792
7/20/2022 8:00,683.814
7/20/2022 9:00,727.817
7/20/2022 10:00,737.742
7/20/2022 11:00,718.596
7/20/2022 12:00,660.971
7/20/2022 13:00,572.205
7/20/2022 14:00,463.789
7/20/2022 15:00,348.223
7/20/2022 16:00,229.272
7/20/2022 17:00,119.405
7/20/2022 18:00,36.176
7/20/2022 19:00,2.176
7/20/2022 20:00,0.04
7/20/2022 21:00,0.001
7/20/2022 22:00,0.001
7/20/2022 23:00,0.006
7/21/2022 0:00,0.254
7/21/2022 1:00,7.248
7/21/2022 2:00,48.767
7/21/2022 3:00,122.434
7/21/2022 4:00,215.561
7/21/2022 5:00,322.307
7/21/2022 6:00,427.447
7/21/2022 7:00,527.505
7/21/2022 8:00,606.485
7/21/2022 9:00,658.824
7/21/2022 10:00,664.253
7/21/2022 11:00,646.969
7/21/2022 12:00,605.817
7/21/2022 13:00,527.077
7/21/2022 14:00,419.92
7/21/2022 15:00,303.482
7/21/2022 16:00,196.58
7/21/2022 17:00,102.318
7/21/2022 18:00,30.429
7/21/2022 19:00,1.539
7/21/2022 20:00,0.023
7/21/2022 21:00,0.001
7/21/2022 22:00,0
7/21/2022 23:00,0.003
7/22/2022 0:00,0.132
7/22/2022 1:00,4.965
7/22/2022 2:00,36.833
7/22/2022 3:00,95.997
7/22/2022 4:00,185.345
7/22/2022 5:00,293.921
7/22/2022 6:00,400.648
7/22/2022 7:00,497.62
7/22/2022 8:00,567.918
7/22/2022 9:00,610.234
7/22/2022 10:00,620.492
7/22/2022 11:00,601.179
7/22/2022 12:00,550.878
7/22/2022 13:00,469.688
7/22/2022 14:00,367.933
7/22/2022 15:00,258.963
7/22/2022 16:00,161.594
7/22/2022 17:00,79.516
7/22/2022 18:00,22.567
7/22/2022 19:00,1.341
7/22/2022 20:00,0.026
7/22/2022 21:00,0
7/22/2022 22:00,0
7/22/2022 23:00,0.002
7/23/2022 0:00,0.159
7/23/2022 1:00,3.794
7/23/2022 2:00,24.895
7/23/2022 3:00,61.639
7/23/2022 4:00,119.658
7/23/2022 5:00,193.02
7/23/2022 6:00,267.166
7/23/2022 7:00,358.25
7/23/2022 8:00,443.524
7/23/2022 9:00,497.89
7/23/2022 10:00,504.44
7/23/2022 11:00,503.11
7/23/2022 12:00,466.652
7/23/2022 13:00,431.134
7/23/2022 14:00,375.06
7/23/2022 15:00,290.438
7/23/2022 16:00,184.412
7/23/2022 17:00,92.841
7/23/2022 18:00,28.203
7/23/2022 19:00,1.803
7/23/2022 20:00,0.019
7/23/2022 21:00,0
7/23/2022 22:00,0
7/23/2022 23:00,0.002
7/24/2022 0:00,0.146
7/24/2022 1:00,5.297
7/24/2022 2:00,31.533
7/24/2022 3:00,73.446
7/24/2022 4:00,134.631
7/24/2022 5:00,224.252
7/24/2022 6:00,288.016
7/24/2022 7:00,356.852
7/24/2022 8:00,410.605
7/24/2022 9:00,449.402
7/24/2022 10:00,464.79
7/24/2022 11:00,462.688
7/24/2022 12:00,438.239
7/24/2022 13:00,400.272
7/24/2022 14:00,337.657
7/24/2022 15:00,263.312
7/24/2022 16:00,171.853
7/24/2022 17:00,92.186
7/24/2022 18:00,27.797
7/24/2022 19:00,1.387
7/24/2022 20:00,0.011
7/24/2022 21:00,0
7/24/2022 22:00,0
7/24/2022 23:00,0.001
7/25/2022 0:00,0.099
7/25/2022 1:00,4.796
7/25/2022 2:00,41.293
7/25/2022 3:00,118.533
7/25/2022 4:00,229.981
7/25/2022 5:00,339.128
7/25/2022 6:00,424.486
7/25/2022 7:00,494.648
7/25/2022 8:00,533.333
7/25/2022 9:00,578.783
7/25/2022 10:00,612.343
7/25/2022 11:00,577.539
7/25/2022 12:00,501.114
7/25/2022 13:00,382.643
7/25/2022 14:00,260.747
7/25/2022 15:00,172.958
7/25/2022 16:00,108.621
7/25/2022 17:00,56.045
7/25/2022 18:00,16.138
7/25/2022 19:00,0.594
7/25/2022 20:00,0.006
7/25/2022 21:00,0
7/25/2022 22:00,0
7/25/2022 23:00,0.001
7/26/2022 0:00,0.037
7/26/2022 1:00,1.841
7/26/2022 2:00,19.199
7/26/2022 3:00,69.918
7/26/2022 4:00,124.137
7/26/2022 5:00,190.106
7/26/2022 6:00,290.136
7/26/2022 7:00,356.943
7/26/2022 8:00,401.25
7/26/2022 9:00,412.649
7/26/2022 10:00,356.41
7/26/2022 11:00,302.765
7/26/2022 12:00,252.629
7/26/2022 13:00,203.589
7/26/2022 14:00,163.414
7/26/2022 15:00,131.607
7/26/2022 16:00,113.544
7/26/2022 17:00,68.981
7/26/2022 18:00,18.012
7/26/2022 19:00,0.38
7/26/2022 20:00,0.002
7/26/2022 21:00,0
7/26/2022 22:00,0
7/26/2022 23:00,0
7/27/2022 0:00,0.026
7/27/2022 1:00,3.119
7/27/2022 2:00,37.689
7/27/2022 3:00,114.662
7/27/2022 4:00,216.193
7/27/2022 5:00,323.769
7/27/2022 6:00,425.456
7/27/2022 7:00,493.271
7/27/2022 8:00,533.138
7/27/2022 9:00,553.016
7/27/2022 10:00,536.367
7/27/2022 11:00,500.275
7/27/2022 12:00,468.448
7/27/2022 13:00,398.267
7/27/2022 14:00,286.868
7/27/2022 15:00,214.788
7/27/2022 16:00,152.242
7/27/2022 17:00,77.197
7/27/2022 18:00,19.357
7/27/2022 19:00,0.618
7/27/2022 20:00,0.003
7/27/2022 21:00,0
7/27/2022 22:00,0
7/27/2022 23:00,0
7/28/2022 0:00,0.029
7/28/2022 1:00,3.034
7/28/2022 2:00,36.138
7/28/2022 3:00,101.37
7/28/2022 4:00,178.5
7/28/2022 5:00,256.441
7/28/2022 6:00,332.261
7/28/2022 7:00,403.581
7/28/2022 8:00,435.49
7/28/2022 9:00,428.026
7/28/2022 10:00,407.024
7/28/2022 11:00,389.06
7/28/2022 12:00,358.634
7/28/2022 13:00,310.424
7/28/2022 14:00,249.308
7/28/2022 15:00,189.65
7/28/2022 16:00,127.632
7/28/2022 17:00,63.996
7/28/2022 18:00,16.757
7/28/2022 19:00,0.49
7/28/2022 20:00,0.003
7/28/2022 21:00,0
7/28/2022 22:00,0
7/28/2022 23:00,0
7/29/2022 0:00,0.024
7/29/2022 1:00,2.071
7/29/2022 2:00,31.261
7/29/2022 3:00,101.79
7/29/2022 4:00,204.814
7/29/2022 5:00,325.191
7/29/2022 6:00,442.243
7/29/2022 7:00,542.449
7/29/2022 8:00,604.371
7/29/2022 9:00,631.261
7/29/2022 10:00,621.585
7/29/2022 11:00,594.142
7/29/2022 12:00,517.183
7/29/2022 13:00,449.073
7/29/2022 14:00,335.576
7/29/2022 15:00,270.896
7/29/2022 16:00,177.031
7/29/2022 17:00,87.297
7/29/2022 18:00,18.744
7/29/2022 19:00,0.347
7/29/2022 20:00,0.002
7/29/2022 21:00,0
7/29/2022 22:00,0
7/29/2022 23:00,0
7/30/2022 0:00,0.023
7/30/2022 1:00,1.715
7/30/2022 2:00,33.489
7/30/2022 3:00,112.103
7/30/2022 4:00,211.645
7/30/2022 5:00,310.597
7/30/2022 6:00,406.281
7/30/2022 7:00,485.628
7/30/2022 8:00,549.443
7/30/2022 9:00,575.667
7/30/2022 10:00,574.974
7/30/2022 11:00,545.07
7/30/2022 12:00,493.528
7/30/2022 13:00,412.115
7/30/2022 14:00,329.764
7/30/2022 15:00,236.745
7/30/2022 16:00,158.322
7/30/2022 17:00,77.909
7/30/2022 18:00,16.108
7/30/2022 19:00,0.159
7/30/2022 20:00,0
7/30/2022 21:00,0
7/30/2022 22:00,0
7/30/2022 23:00,0
7/31/2022 0:00,0.006
7/31/2022 1:00,1.156
7/31/2022 2:00,28.764
7/31/2022 3:00,100.566
7/31/2022 4:00,200.75
7/31/2022 5:00,316.609
7/31/2022 6:00,433.13
7/31/2022 7:00,524.259
7/31/2022 8:00,574.352
7/31/2022 9:00,607.033
7/31/2022 10:00,617.535
7/31/2022 11:00,612.202
7/31/2022 12:00,577.83
7/31/2022 13:00,491.666
7/31/2022 14:00,394.019
7/31/2022 15:00,283.767
7/31/2022 16:00,175.928
7/31/2022 17:00,83.733
7/31/2022 18:00,17.09
7/31/2022 19:00,0.25
7/31/2022 20:00,0
7/31/2022 21:00,0
7/31/2022 22:00,0
7/31/2022 23:00,0
8/1/2022 0:00,0.008
8/1/2022 1:00,1.63
8/1/2022 2:00,32.939
8/1/2022 3:00,110.724
8/1/2022 4:00,213.134
8/1/2022 5:00,313.411
8/1/2022 6:00,401.875
8/1/2022 7:00,473.875
8/1/2022 8:00,530.451
8/1/2022 9:00,595.847
8/1/2022 10:00,592.999
8/1/2022 11:00,574.516
8/1/2022 12:00,508.51
8/1/2022 13:00,414.241
8/1/2022 14:00,300.323
8/1/2022 15:00,191.738
8/1/2022 16:00,112.325
8/1/2022 17:00,50.526
8/1/2022 18:00,9.676
8/1/2022 19:00,0.156
8/1/2022 20:00,0
8/1/2022 21:00,0
8/1/2022 22:00,0
8/1/2022 23:00,0
8/2/2022 0:00,0.008
8/2/2022 1:00,0.993
8/2/2022 2:00,24.977
8/2/2022 3:00,97.032
8/2/2022 4:00,197.337
8/2/2022 5:00,311.256
8/2/2022 6:00,419.857
8/2/2022 7:00,515.82
8/2/2022 8:00,593.421
8/2/2022 9:00,633.142
8/2/2022 10:00,627.431
8/2/2022 11:00,590.255
8/2/2022 12:00,544.532
8/2/2022 13:00,472.251
8/2/2022 14:00,382.429
8/2/2022 15:00,267.64
8/2/2022 16:00,141.593
8/2/2022 17:00,59.513
8/2/2022 18:00,11.922
8/2/2022 19:00,0.095
8/2/2022 20:00,0
8/2/2022 21:00,0
8/2/2022 22:00,0
8/2/2022 23:00,0
8/3/2022 0:00,0.002
8/3/2022 1:00,1.102
8/3/2022 2:00,20.783
8/3/2022 3:00,68.448
8/3/2022 4:00,135.729
8/3/2022 5:00,218.45
8/3/2022 6:00,348.09
8/3/2022 7:00,454.536
8/3/2022 8:00,533.953
8/3/2022 9:00,589.049
8/3/2022 10:00,598.483
8/3/2022 11:00,579.68
8/3/2022 12:00,523.062
8/3/2022 13:00,448.948
8/3/2022 14:00,365.33
8/3/2022 15:00,267.979
8/3/2022 16:00,164.646
8/3/2022 17:00,70.788
8/3/2022 18:00,10.339
8/3/2022 19:00,0.031
8/3/2022 20:00,0
8/3/2022 21:00,0
8/3/2022 22:00,0
8/3/2022 23:00,0
8/4/2022 0:00,0.001
8/4/2022 1:00,0.53
8/4/2022 2:00,19.127
8/4/2022 3:00,79.844
8/4/2022 4:00,167.509
8/4/2022 5:00,274.774
8/4/2022 6:00,391.751
8/4/2022 7:00,490.146
8/4/2022 8:00,573.428
8/4/2022 9:00,624.701
8/4/2022 10:00,649.806
8/4/2022 11:00,628.419
8/4/2022 12:00,574.312
8/4/2022 13:00,501.959
8/4/2022 14:00,401.821
8/4/2022 15:00,285.249
8/4/2022 16:00,176.474
8/4/2022 17:00,74.994
8/4/2022 18:00,10.916
8/4/2022 19:00,0.06
8/4/2022 20:00,0
8/4/2022 21:00,0
8/4/2022 22:00,0
8/4/2022 23:00,0
8/5/2022 0:00,0.002
8/5/2022 1:00,0.658
8/5/2022 2:00,19.996
8/5/2022 3:00,79.802
8/5/2022 4:00,169.84
8/5/2022 5:00,270.308
8/5/2022 6:00,367.834
8/5/2022 7:00,430.128
8/5/2022 8:00,464.455
8/5/2022 9:00,477.193
8/5/2022 10:00,467.404
8/5/2022 11:00,439.098
8/5/2022 12:00,402.609
8/5/2022 13:00,354.587
8/5/2022 14:00,310.5
8/5/2022 15:00,214.033
8/5/2022 16:00,119.873
8/5/2022 17:00,44.393
8/5/2022 18:00,4.479
8/5/2022 19:00,0.026
8/5/2022 20:00,0
8/5/2022 21:00,0
8/5/2022 22:00,0
8/5/2022 23:00,0
8/6/2022 0:00,0
8/6/2022 1:00,0.229
8/6/2022 2:00,10.343
8/6/2022 3:00,39.235
8/6/2022 4:00,85.085
8/6/2022 5:00,148.952
8/6/2022 6:00,213.925
8/6/2022 7:00,296.991
8/6/2022 8:00,347.305
8/6/2022 9:00,315.135
8/6/2022 10:00,287.419
8/6/2022 11:00,268.417
8/6/2022 12:00,247.638
8/6/2022 13:00,263.583
8/6/2022 14:00,258.55
8/6/2022 15:00,213.008
8/6/2022 16:00,139.915
8/6/2022 17:00,58.812
8/6/2022 18:00,6.67
8/6/2022 19:00,0.01
8/6/2022 20:00,0
8/6/2022 21:00,0
8/6/2022 22:00,0
8/6/2022 23:00,0
8/7/2022 0:00,0
8/7/2022 1:00,0.257
8/7/2022 2:00,19.137
8/7/2022 3:00,95.162
8/7/2022 4:00,199.841
8/7/2022 5:00,321.166
8/7/2022 6:00,441.606
8/7/2022 7:00,545.147
8/7/2022 8:00,620.961
8/7/2022 9:00,660.769
8/7/2022 10:00,676.704
8/7/2022 11:00,648.935
8/7/2022 12:00,595.308
8/7/2022 13:00,500.154
8/7/2022 14:00,391.399
8/7/2022 15:00,266.832
8/7/2022 16:00,156.24
8/7/2022 17:00,63.987
8/7/2022 18:00,7.027
8/7/2022 19:00,0.009
8/7/2022 20:00,0
8/7/2022 21:00,0
8/7/2022 22:00,0
8/7/2022 23:00,0
8/8/2022 0:00,0
8/8/2022 1:00,0.272
8/8/2022 2:00,17.199
8/8/2022 3:00,76.075
8/8/2022 4:00,156.433
8/8/2022 5:00,244.021
8/8/2022 6:00,330.01
8/8/2022 7:00,419.879
8/8/2022 8:00,517.489
8/8/2022 9:00,577.57
8/8/2022 10:00,574.926
8/8/2022 11:00,531.182
8/8/2022 12:00,490.069
8/8/2022 13:00,408.437
8/8/2022 14:00,331.245
8/8/2022 15:00,235.573
8/8/2022 16:00,141.138
8/8/2022 17:00,57.586
8/8/2022 18:00,6.424
8/8/2022 19:00,0.009
8/8/2022 20:00,0
8/8/2022 21:00,0
8/8/2022 22:00,0
8/8/2022 23:00,0
8/9/2022 0:00,0
8/9/2022 1:00,0.251
8/9/2022 2:00,18.754
8/9/2022 3:00,99.764
8/9/2022 4:00,216
8/9/2022 5:00,341.816
8/9/2022 6:00,458.575
8/9/2022 7:00,557.278
8/9/2022 8:00,631.478
8/9/2022 9:00,680.541
8/9/2022 10:00,691.842
8/9/2022 11:00,664.132
8/9/2022 12:00,603.24
8/9/2022 13:00,513.745
8/9/2022 14:00,400.72
8/9/2022 15:00,275.74
8/9/2022 16:00,156.306
8/9/2022 17:00,58.221
8/9/2022 18:00,4.543
8/9/2022 19:00,0.006
8/9/2022 20:00,0
8/9/2022 21:00,0
8/9/2022 22:00,0
8/9/2022 23:00,0
8/10/2022 0:00,0
8/10/2022 1:00,0.134
8/10/2022 2:00,13.862
8/10/2022 3:00,78.742
8/10/2022 4:00,164.589
8/10/2022 5:00,252.299
8/10/2022 6:00,344.309
8/10/2022 7:00,432.153
8/10/2022 8:00,489.316
8/10/2022 9:00,542.431
8/10/2022 10:00,588.802
8/10/2022 11:00,577.658
8/10/2022 12:00,514.165
8/10/2022 13:00,408.682
8/10/2022 14:00,306.336
8/10/2022 15:00,198.816
8/10/2022 16:00,100.949
8/10/2022 17:00,34.343
8/10/2022 18:00,3.206
8/10/2022 19:00,0.002
8/10/2022 20:00,0
8/10/2022 21:00,0
8/10/2022 22:00,0
8/10/2022 23:00,0
8/11/2022 0:00,0
8/11/2022 1:00,0.039
8/11/2022 2:00,9.862
8/11/2022 3:00,62.401
8/11/2022 4:00,147.39
8/11/2022 5:00,250.483
8/11/2022 6:00,349.307
8/11/2022 7:00,443.423
8/11/2022 8:00,502.012
8/11/2022 9:00,507.453
8/11/2022 10:00,490.009
8/11/2022 11:00,447.51
8/11/2022 12:00,407.905
8/11/2022 13:00,372.877
8/11/2022 14:00,316.889
8/11/2022 15:00,245.351
8/11/2022 16:00,142.55
8/11/2022 17:00,53.474
8/11/2022 18:00,3.752
8/11/2022 19:00,0.001
8/11/2022 20:00,0
8/11/2022 21:00,0
8/11/2022 22:00,0
8/11/2022 23:00,0
8/12/2022 0:00,0
8/12/2022 1:00,0.08
8/12/2022 2:00,11.319
8/12/2022 3:00,77.856
8/12/2022 4:00,179.074
8/12/2022 5:00,289.243
8/12/2022 6:00,395.765
8/12/2022 7:00,495.997
8/12/2022 8:00,574.642
8/12/2022 9:00,628.513
8/12/2022 10:00,647.762
8/12/2022 11:00,630.812
8/12/2022 12:00,573.496
8/12/2022 13:00,482.855
8/12/2022 14:00,376.511
8/12/2022 15:00,268.885
8/12/2022 16:00,157.21
8/12/2022 17:00,56.096
8/12/2022 18:00,3.159
8/12/2022 19:00,0.001
8/12/2022 20:00,0
8/12/2022 21:00,0
8/12/2022 22:00,0
8/12/2022 23:00,0
8/13/2022 0:00,0
8/13/2022 1:00,0.051
8/13/2022 2:00,11.551
8/13/2022 3:00,84.377
8/13/2022 4:00,198.725
8/13/2022 5:00,322.909
8/13/2022 6:00,437.285
8/13/2022 7:00,534.416
8/13/2022 8:00,612.401
8/13/2022 9:00,658.389
8/13/2022 10:00,664.834
8/13/2022 11:00,634.622
8/13/2022 12:00,562.72
8/13/2022 13:00,471.597
8/13/2022 14:00,364.238
8/13/2022 15:00,248.491
8/13/2022 16:00,139.284
8/13/2022 17:00,46.408
8/13/2022 18:00,1.904
8/13/2022 19:00,0
8/13/2022 20:00,0
8/13/2022 21:00,0
8/13/2022 22:00,0
8/13/2022 23:00,0
8/14/2022 0:00,0
8/14/2022 1:00,0.024
8/14/2022 2:00,8.717
8/14/2022 3:00,76.446
8/14/2022 4:00,187.544
8/14/2022 5:00,309.13
8/14/2022 6:00,426.385
8/14/2022 7:00,528.409
8/14/2022 8:00,606.343
8/14/2022 9:00,654.342
8/14/2022 10:00,665.723
8/14/2022 11:00,642.412
8/14/2022 12:00,585.188
8/14/2022 13:00,496.253
8/14/2022 14:00,384.293
8/14/2022 15:00,264.624
8/14/2022 16:00,147.605
8/14/2022 17:00,47.591
8/14/2022 18:00,1.812
8/14/2022 19:00,0
8/14/2022 20:00,0
8/14/2022 21:00,0
8/14/2022 22:00,0
8/14/2022 23:00,0
8/15/2022 0:00,0
8/15/2022 1:00,0.016
8/15/2022 2:00,7.749
8/15/2022 3:00,67.169
8/15/2022 4:00,163.965
8/15/2022 5:00,267.522
8/15/2022 6:00,364.495
8/15/2022 7:00,444.559
8/15/2022 8:00,505.097
8/15/2022 9:00,525.996
8/15/2022 10:00,519.568
8/15/2022 11:00,488.854
8/15/2022 12:00,444.047
8/15/2022 13:00,365.079
8/15/2022 14:00,270.096
8/15/2022 15:00,175.687
8/15/2022 16:00,93.306
8/15/2022 17:00,28.995
8/15/2022 18:00,0.992
8/15/2022 19:00,0
8/15/2022 20:00,0
8/15/2022 21:00,0
8/15/2022 22:00,0
8/15/2022 23:00,0
8/16/2022 0:00,0
8/16/2022 1:00,0.009
8/16/2022 2:00,5.171
8/16/2022 3:00,45.11
8/16/2022 4:00,115.581
8/16/2022 5:00,202.641
8/16/2022 6:00,290.392
8/16/2022 7:00,359.616
8/16/2022 8:00,402.45
8/16/2022 9:00,426.564
8/16/2022 10:00,431.25
8/16/2022 11:00,407.698
8/16/2022 12:00,362.959
8/16/2022 13:00,312.606
8/16/2022 14:00,245.445
8/16/2022 15:00,170.32
8/16/2022 16:00,91.269
8/16/2022 17:00,26.481
8/16/2022 18:00,0.564
8/16/2022 19:00,0
8/16/2022 20:00,0
8/16/2022 21:00,0
8/16/2022 22:00,0
8/16/2022 23:00,0
8/17/2022 0:00,0
8/17/2022 1:00,0.006
8/17/2022 2:00,4.075
8/17/2022 3:00,37.377
8/17/2022 4:00,89.957
8/17/2022 5:00,145.131
8/17/2022 6:00,192.455
8/17/2022 7:00,228.387
8/17/2022 8:00,246.644
8/17/2022 9:00,247.923
8/17/2022 10:00,223.931
8/17/2022 11:00,194.37
8/17/2022 12:00,166.067
8/17/2022 13:00,137.248
8/17/2022 14:00,108.985
8/17/2022 15:00,80.83
8/17/2022 16:00,49.947
8/17/2022 17:00,16.753
8/17/2022 18:00,0.283
8/17/2022 19:00,0
8/17/2022 20:00,0
8/17/2022 21:00,0
8/17/2022 22:00,0
8/17/2022 23:00,0
8/18/2022 0:00,0
8/18/2022 1:00,0
8/18/2022 2:00,3.109
8/18/2022 3:00,37.467
8/18/2022 4:00,96.237
8/18/2022 5:00,158.429
8/18/2022 6:00,214.63
8/18/2022 7:00,257.241
8/18/2022 8:00,294.236
8/18/2022 9:00,329.52
8/18/2022 10:00,340.605
8/18/2022 11:00,330.501
8/18/2022 12:00,296.203
8/18/2022 13:00,238.968
8/18/2022 14:00,176.557
8/18/2022 15:00,113.25
8/18/2022 16:00,61.709
8/18/2022 17:00,17.472
8/18/2022 18:00,0.303
8/18/2022 19:00,0
8/18/2022 20:00,0
8/18/2022 21:00,0
8/18/2022 22:00,0
8/18/2022 23:00,0
8/19/2022 0:00,0
8/19/2022 1:00,0.001
8/19/2022 2:00,1.6
8/19/2022 3:00,25.532
8/19/2022 4:00,69.987
8/19/2022 5:00,125.595
8/19/2022 6:00,188.366
8/19/2022 7:00,250.057
8/19/2022 8:00,318.152
8/19/2022 9:00,360.842
8/19/2022 10:00,367.054
8/19/2022 11:00,337.361
8/19/2022 12:00,280.136
8/19/2022 13:00,220.031
8/19/2022 14:00,156.5
8/19/2022 15:00,98.698
8/19/2022 16:00,52.927
8/19/2022 17:00,14.199
8/19/2022 18:00,0.19
8/19/2022 19:00,0
8/19/2022 20:00,0
8/19/2022 21:00,0
8/19/2022 22:00,0
8/19/2022 23:00,0
8/20/2022 0:00,0
8/20/2022 1:00,0.001
8/20/2022 2:00,1.722
8/20/2022 3:00,36.587
8/20/2022 4:00,118.849
8/20/2022 5:00,232.665
8/20/2022 6:00,352.701
8/20/2022 7:00,453.669
8/20/2022 8:00,535.76
8/20/2022 9:00,592.195
8/20/2022 10:00,603.914
8/20/2022 11:00,583.703
8/20/2022 12:00,531.182
8/20/2022 13:00,445.471
8/20/2022 14:00,328.841
8/20/2022 15:00,207.628
8/20/2022 16:00,94.11
8/20/2022 17:00,19.849
8/20/2022 18:00,0.142
8/20/2022 19:00,0
8/20/2022 20:00,0
8/20/2022 21:00,0
8/20/2022 22:00,0
8/20/2022 23:00,0
8/21/2022 0:00,0
8/21/2022 1:00,0
8/21/2022 2:00,1.88
8/21/2022 3:00,40.299
8/21/2022 4:00,123.447
8/21/2022 5:00,227.959
8/21/2022 6:00,340.623
8/21/2022 7:00,432.068
8/21/2022 8:00,499.271
8/21/2022 9:00,535.85
8/21/2022 10:00,536.039
8/21/2022 11:00,503.674
8/21/2022 12:00,434.791
8/21/2022 13:00,335.368
8/21/2022 14:00,235.722
8/21/2022 15:00,145.024
8/21/2022 16:00,66.106
8/21/2022 17:00,13.158
8/21/2022 18:00,0.04
8/21/2022 19:00,0
8/21/2022 20:00,0
8/21/2022 21:00,0
8/21/2022 22:00,0
8/21/2022 23:00,0
8/22/2022 0:00,0
8/22/2022 1:00,0
8/22/2022 2:00,1.126
8/22/2022 3:00,21.377
8/22/2022 4:00,68.457
8/22/2022 5:00,141.812
8/22/2022 6:00,235.569
8/22/2022 7:00,315.3
8/22/2022 8:00,388.194
8/22/2022 9:00,450.171
8/22/2022 10:00,492.143
8/22/2022 11:00,493.108
8/22/2022 12:00,447.825
8/22/2022 13:00,368.274
8/22/2022 14:00,298.669
8/22/2022 15:00,214.396
8/22/2022 16:00,111.559
8/22/2022 17:00,22.759
8/22/2022 18:00,0.063
8/22/2022 19:00,0
8/22/2022 20:00,0
8/22/2022 21:00,0
8/22/2022 22:00,0
8/22/2022 23:00,0
8/23/2022 0:00,0
8/23/2022 1:00,0
8/23/2022 2:00,1.082
8/23/2022 3:00,23.653
8/23/2022 4:00,71.805
8/23/2022 5:00,142.782
8/23/2022 6:00,228.439
8/23/2022 7:00,305.488
8/23/2022 8:00,364.164
8/23/2022 9:00,405.341
8/23/2022 10:00,416.046
8/23/2022 11:00,399.804
8/23/2022 12:00,353.522
8/23/2022 13:00,289.739
8/23/2022 14:00,212.374
8/23/2022 15:00,131.123
8/23/2022 16:00,62.905
8/23/2022 17:00,11.732
8/23/2022 18:00,0.024
8/23/2022 19:00,0
8/23/2022 20:00,0
8/23/2022 21:00,0
8/23/2022 22:00,0
8/23/2022 23:00,0
8/24/2022 0:00,0
8/24/2022 1:00,0
8/24/2022 2:00,0.656
8/24/2022 3:00,18.731
8/24/2022 4:00,60.188
8/24/2022 5:00,116.23
8/24/2022 6:00,181.19
8/24/2022 7:00,233.447
8/24/2022 8:00,273.888
8/24/2022 9:00,305.117
8/24/2022 10:00,305.43
8/24/2022 11:00,278.359
8/24/2022 12:00,239.275
8/24/2022 13:00,192.04
8/24/2022 14:00,144.451
8/24/2022 15:00,101.116
8/24/2022 16:00,53.952
8/24/2022 17:00,11.583
8/24/2022 18:00,0.012
8/24/2022 19:00,0
8/24/2022 20:00,0
8/24/2022 21:00,0
8/24/2022 22:00,0
8/24/2022 23:00,0
8/25/2022 0:00,0
8/25/2022 1:00,0
8/25/2022 2:00,0.615
8/25/2022 3:00,35.755
8/25/2022 4:00,133.912
8/25/2022 5:00,252.638
8/25/2022 6:00,365.958
8/25/2022 7:00,462.63
8/25/2022 8:00,536.53
8/25/2022 9:00,592.005
8/25/2022 10:00,605.224
8/25/2022 11:00,577.963
8/25/2022 12:00,523.227
8/25/2022 13:00,437.685
8/25/2022 14:00,326.005
8/25/2022 15:00,208.974
8/25/2022 16:00,95.935
8/25/2022 17:00,15.241
8/25/2022 18:00,0.004
8/25/2022 19:00,0
8/25/2022 20:00,0
8/25/2022 21:00,0
8/25/2022 22:00,0
8/25/2022 23:00,0
8/26/2022 0:00,0
8/26/2022 1:00,0
8/26/2022 2:00,0.533
8/26/2022 3:00,33.198
8/26/2022 4:00,125.525
8/26/2022 5:00,237.769
8/26/2022 6:00,346.105
8/26/2022 7:00,430.624
8/26/2022 8:00,503.011
8/26/2022 9:00,576.151
8/26/2022 10:00,592.071
8/26/2022 11:00,568.086
8/26/2022 12:00,512.058
8/26/2022 13:00,423.707
8/26/2022 14:00,309.934
8/26/2022 15:00,190.792
8/26/2022 16:00,87.41
8/26/2022 17:00,12.835
8/26/2022 18:00,0.002
8/26/2022 19:00,0
8/26/2022 20:00,0
8/26/2022 21:00,0
8/26/2022 22:00,0
8/26/2022 23:00,0
8/27/2022 0:00,0
8/27/2022 1:00,0
8/27/2022 2:00,0.335
8/27/2022 3:00,27.845
8/27/2022 4:00,116.169
8/27/2022 5:00,226.43
8/27/2022 6:00,336.612
8/27/2022 7:00,431.545
8/27/2022 8:00,502.323
8/27/2022 9:00,535.314
8/27/2022 10:00,545.076
8/27/2022 11:00,517.132
8/27/2022 12:00,456.375
8/27/2022 13:00,366.382
8/27/2022 14:00,255.551
8/27/2022 15:00,156.891
8/27/2022 16:00,67.366
8/27/2022 17:00,7.686
8/27/2022 18:00,0.001
8/27/2022 19:00,0
8/27/2022 20:00,0
8/27/2022 21:00,0
8/27/2022 22:00,0
8/27/2022 23:00,0
8/28/2022 0:00,0
8/28/2022 1:00,0
8/28/2022 2:00,0.176
8/28/2022 3:00,22.579
8/28/2022 4:00,101.565
8/28/2022 5:00,200.894
8/28/2022 6:00,300.907
8/28/2022 7:00,390.525
8/28/2022 8:00,459.02
8/28/2022 9:00,498.455
8/28/2022 10:00,505.951
8/28/2022 11:00,475.601
8/28/2022 12:00,408.558
8/28/2022 13:00,324.547
8/28/2022 14:00,227.994
8/28/2022 15:00,134.325
8/28/2022 16:00,56.614
8/28/2022 17:00,6.572
8/28/2022 18:00,0
8/28/2022 19:00,0
8/28/2022 20:00,0
8/28/2022 21:00,0
8/28/2022 22:00,0
8/28/2022 23:00,0
8/29/2022 0:00,0
8/29/2022 1:00,0
8/29/2022 2:00,0.122
8/29/2022 3:00,17.721
8/29/2022 4:00,80.063
8/29/2022 5:00,163.332
8/29/2022 6:00,243.217
8/29/2022 7:00,297.603
8/29/2022 8:00,338.858
8/29/2022 9:00,372.974
8/29/2022 10:00,398.912
8/29/2022 11:00,405.871
8/29/2022 12:00,378.47
8/29/2022 13:00,316.184
8/29/2022 14:00,225.988
8/29/2022 15:00,136.25
8/29/2022 16:00,58.186
8/29/2022 17:00,6.623
8/29/2022 18:00,0
8/29/2022 19:00,0
8/29/2022 20:00,0
8/29/2022 21:00,0
8/29/2022 22:00,0
8/29/2022 23:00,0
8/30/2022 0:00,0
8/30/2022 1:00,0
8/30/2022 2:00,0.074
8/30/2022 3:00,19.445
8/30/2022 4:00,101.983
8/30/2022 5:00,214.018
8/30/2022 6:00,314.093
8/30/2022 7:00,389.745
8/30/2022 8:00,451.444
8/30/2022 9:00,484.845
8/30/2022 10:00,497.802
8/30/2022 11:00,479.243
8/30/2022 12:00,414.232
8/30/2022 13:00,324.648
8/30/2022 14:00,222.945
8/30/2022 15:00,139.927
8/30/2022 16:00,57.604
8/30/2022 17:00,5.344
8/30/2022 18:00,0
8/30/2022 19:00,0
8/30/2022 20:00,0
8/30/2022 21:00,0
8/30/2022 22:00,0
8/30/2022 23:00,0
8/31/2022 0:00,0
8/31/2022 1:00,0
8/31/2022 2:00,0.025
8/31/2022 3:00,15.418
8/31/2022 4:00,86.32
8/31/2022 5:00,196.505
8/31/2022 6:00,302.629
8/31/2022 7:00,390.595
8/31/2022 8:00,451.958
8/31/2022 9:00,497.787
8/31/2022 10:00,508.247
8/31/2022 11:00,486.934
8/31/2022 12:00,428.359
8/31/2022 13:00,344.794
8/31/2022 14:00,249.187
8/31/2022 15:00,144.18
8/31/2022 16:00,59.995
8/31/2022 17:00,4.8
8/31/2022 18:00,0
8/31/2022 19:00,0
8/31/2022 20:00,0
8/31/2022 21:00,0
8/31/2022 22:00,0
8/31/2022 23:00,0
9/1/2022 0:00,0
9/1/2022 1:00,0
9/1/2022 2:00,0.01
9/1/2022 3:00,10.495
9/1/2022 4:00,68.611
9/1/2022 5:00,177.485
9/1/2022 6:00,289.764
9/1/2022 7:00,384.509
9/1/2022 8:00,451.436
9/1/2022 9:00,480.907
9/1/2022 10:00,485.589
9/1/2022 11:00,464.128
9/1/2022 12:00,415.719
9/1/2022 13:00,327.418
9/1/2022 14:00,229.004
9/1/2022 15:00,135
9/1/2022 16:00,50.277
9/1/2022 17:00,3.282
9/1/2022 18:00,0
9/1/2022 19:00,0
9/1/2022 20:00,0
9/1/2022 21:00,0
9/1/2022 22:00,0
9/1/2022 23:00,0
9/2/2022 0:00,0
9/2/2022 1:00,0
9/2/2022 2:00,0.006
9/2/2022 3:00,9.072
9/2/2022 4:00,64.225
9/2/2022 5:00,171.971
9/2/2022 6:00,289.388
9/2/2022 7:00,392.554
9/2/2022 8:00,475.023
9/2/2022 9:00,526.261
9/2/2022 10:00,526.855
9/2/2022 11:00,490.677
9/2/2022 12:00,425.616
9/2/2022 13:00,339.71
9/2/2022 14:00,244.647
9/2/2022 15:00,146.324
9/2/2022 16:00,54.747
9/2/2022 17:00,2.834
9/2/2022 18:00,0
9/2/2022 19:00,0
9/2/2022 20:00,0
9/2/2022 21:00,0
9/2/2022 22:00,0
9/2/2022 23:00,0
9/3/2022 0:00,0
9/3/2022 1:00,0
9/3/2022 2:00,0.001
9/3/2022 3:00,5.682
9/3/2022 4:00,46.959
9/3/2022 5:00,118.678
9/3/2022 6:00,202.053
9/3/2022 7:00,318.945
9/3/2022 8:00,416.431
9/3/2022 9:00,478.766
9/3/2022 10:00,495.283
9/3/2022 11:00,473.172
9/3/2022 12:00,417.87
9/3/2022 13:00,336.212
9/3/2022 14:00,244.978
9/3/2022 15:00,144.196
9/3/2022 16:00,52.831
9/3/2022 17:00,2.287
9/3/2022 18:00,0
9/3/2022 19:00,0
9/3/2022 20:00,0
9/3/2022 21:00,0
9/3/2022 22:00,0
9/3/2022 23:00,0
9/4/2022 0:00,0
9/4/2022 1:00,0
9/4/2022 2:00,0.001
9/4/2022 3:00,4.658
9/4/2022 4:00,40.621
9/4/2022 5:00,113.505
9/4/2022 6:00,231.927
9/4/2022 7:00,339.978
9/4/2022 8:00,412.078
9/4/2022 9:00,456.867
9/4/2022 10:00,471.636
9/4/2022 11:00,468.253
9/4/2022 12:00,425.001
9/4/2022 13:00,334.21
9/4/2022 14:00,220.626
9/4/2022 15:00,119.225
9/4/2022 16:00,43.635
9/4/2022 17:00,1.64
9/4/2022 18:00,0
9/4/2022 19:00,0
9/4/2022 20:00,0
9/4/2022 21:00,0
9/4/2022 22:00,0
9/4/2022 23:00,0
9/5/2022 0:00,0
9/5/2022 1:00,0
9/5/2022 2:00,0
9/5/2022 3:00,6.098
9/5/2022 4:00,58.976
9/5/2022 5:00,162.128
9/5/2022 6:00,278.208
9/5/2022 7:00,371.343
9/5/2022 8:00,442.678
9/5/2022 9:00,498.102
9/5/2022 10:00,523.931
9/5/2022 11:00,505.579
9/5/2022 12:00,458.641
9/5/2022 13:00,371.806
9/5/2022 14:00,265.747
9/5/2022 15:00,146.367
9/5/2022 16:00,50.793
9/5/2022 17:00,1.309
9/5/2022 18:00,0
9/5/2022 19:00,0
9/5/2022 20:00,0
9/5/2022 21:00,0
9/5/2022 22:00,0
9/5/2022 23:00,0
9/6/2022 0:00,0
9/6/2022 1:00,0
9/6/2022 2:00,0
9/6/2022 3:00,4.418
9/6/2022 4:00,49.448
9/6/2022 5:00,127.228
9/6/2022 6:00,210.943
9/6/2022 7:00,279.506
9/6/2022 8:00,333.856
9/6/2022 9:00,385.693
9/6/2022 10:00,405.975
9/6/2022 11:00,377.334
9/6/2022 12:00,314.701
9/6/2022 13:00,231.014
9/6/2022 14:00,150.362
9/6/2022 15:00,94.018
9/6/2022 16:00,33.356
9/6/2022 17:00,0.79
9/6/2022 18:00,0
9/6/2022 19:00,0
9/6/2022 20:00,0
9/6/2022 21:00,0
9/6/2022 22:00,0
9/6/2022 23:00,0
9/7/2022 0:00,0
9/7/2022 1:00,0
9/7/2022 2:00,0
9/7/2022 3:00,3.243
9/7/2022 4:00,40.782
9/7/2022 5:00,119.494
9/7/2022 6:00,253.715
9/7/2022 7:00,377.535
9/7/2022 8:00,478.094
9/7/2022 9:00,527.433
9/7/2022 10:00,534.999
9/7/2022 11:00,493.817
9/7/2022 12:00,419.982
9/7/2022 13:00,318.934
9/7/2022 14:00,230.277
9/7/2022 15:00,123.079
9/7/2022 16:00,37.989
9/7/2022 17:00,0.521
9/7/2022 18:00,0
9/7/2022 19:00,0
9/7/2022 20:00,0
9/7/2022 21:00,0
9/7/2022 22:00,0
9/7/2022 23:00,0
9/8/2022 0:00,0
9/8/2022 1:00,0
9/8/2022 2:00,0
9/8/2022 3:00,3.814
9/8/2022 4:00,54.615
9/8/2022 5:00,162.118
9/8/2022 6:00,286.318
9/8/2022 7:00,384.658
9/8/2022 8:00,453.524
9/8/2022 9:00,492.522
9/8/2022 10:00,498.222
9/8/2022 11:00,471.427
9/8/2022 12:00,409.647
9/8/2022 13:00,322.536
9/8/2022 14:00,222.592
9/8/2022 15:00,124.711
9/8/2022 16:00,37.642
9/8/2022 17:00,0.36
9/8/2022 18:00,0
9/8/2022 19:00,0
9/8/2022 20:00,0
9/8/2022 21:00,0
9/8/2022 22:00,0
9/8/2022 23:00,0
9/9/2022 0:00,0
9/9/2022 1:00,0
9/9/2022 2:00,0
9/9/2022 3:00,3.551
9/9/2022 4:00,65.76
9/9/2022 5:00,172.969
9/9/2022 6:00,287.855
9/9/2022 7:00,388.517
9/9/2022 8:00,469.167
9/9/2022 9:00,522.239
9/9/2022 10:00,532.948
9/9/2022 11:00,506.763
9/9/2022 12:00,442.034
9/9/2022 13:00,351.683
9/9/2022 14:00,242.616
9/9/2022 15:00,128.674
9/9/2022 16:00,34.32
9/9/2022 17:00,0.183
9/9/2022 18:00,0
9/9/2022 19:00,0
9/9/2022 20:00,0
9/9/2022 21:00,0
9/9/2022 22:00,0
9/9/2022 23:00,0
9/10/2022 0:00,0
9/10/2022 1:00,0
9/10/2022 2:00,0
9/10/2022 3:00,2.183
9/10/2022 4:00,52.475
9/10/2022 5:00,152.695
9/10/2022 6:00,268.745
9/10/2022 7:00,372.855
9/10/2022 8:00,460.366
9/10/2022 9:00,510.543
9/10/2022 10:00,519.824
9/10/2022 11:00,493.9
9/10/2022 12:00,433.457
9/10/2022 13:00,344.61
9/10/2022 14:00,235.271
9/10/2022 15:00,122.563
9/10/2022 16:00,29.769
9/10/2022 17:00,0.078
9/10/2022 18:00,0
9/10/2022 19:00,0
9/10/2022 20:00,0
9/10/2022 21:00,0
9/10/2022 22:00,0
9/10/2022 23:00,0
9/11/2022 0:00,0
9/11/2022 1:00,0
9/11/2022 2:00,0
9/11/2022 3:00,1.775
9/11/2022 4:00,48.793
9/11/2022 5:00,142.129
9/11/2022 6:00,248.773
9/11/2022 7:00,345.718
9/11/2022 8:00,418.086
9/11/2022 9:00,463.639
9/11/2022 10:00,475.812
9/11/2022 11:00,451.912
9/11/2022 12:00,395.382
9/11/2022 13:00,313.42
9/11/2022 14:00,212.244
9/11/2022 15:00,107.903
9/11/2022 16:00,24.569
9/11/2022 17:00,0.035
9/11/2022 18:00,0
9/11/2022 19:00,0
9/11/2022 20:00,0
9/11/2022 21:00,0
9/11/2022 22:00,0
9/11/2022 23:00,0
9/12/2022 0:00,0
9/12/2022 1:00,0
9/12/2022 2:00,0
9/12/2022 3:00,1.127
9/12/2022 4:00,45.275
9/12/2022 5:00,137.292
9/12/2022 6:00,244.161
9/12/2022 7:00,337.839
9/12/2022 8:00,407.723
9/12/2022 9:00,441.281
9/12/2022 10:00,435.433
9/12/2022 11:00,392.906
9/12/2022 12:00,320.11
9/12/2022 13:00,231.96
9/12/2022 14:00,137.195
9/12/2022 15:00,63.347
9/12/2022 16:00,13.839
9/12/2022 17:00,0.009
9/12/2022 18:00,0
9/12/2022 19:00,0
9/12/2022 20:00,0
9/12/2022 21:00,0
9/12/2022 22:00,0
9/12/2022 23:00,0
9/13/2022 0:00,0
9/13/2022 1:00,0
9/13/2022 2:00,0
9/13/2022 3:00,0.44
9/13/2022 4:00,27.728
9/13/2022 5:00,99.543
9/13/2022 6:00,192.692
9/13/2022 7:00,285.854
9/13/2022 8:00,338.728
9/13/2022 9:00,344.376
9/13/2022 10:00,306.181
9/13/2022 11:00,277.969
9/13/2022 12:00,228.358
9/13/2022 13:00,152.653
9/13/2022 14:00,93.703
9/13/2022 15:00,47.305
9/13/2022 16:00,9.901
9/13/2022 17:00,0.001
9/13/2022 18:00,0
9/13/2022 19:00,0
9/13/2022 20:00,0
9/13/2022 21:00,0
9/13/2022 22:00,0
9/13/2022 23:00,0
9/14/2022 0:00,0
9/14/2022 1:00,0
9/14/2022 2:00,0
9/14/2022 3:00,0.48
9/14/2022 4:00,22.533
9/14/2022 5:00,72.384
9/14/2022 6:00,125.596
9/14/2022 7:00,181.44
9/14/2022 8:00,240.473
9/14/2022 9:00,274.466
9/14/2022 10:00,275.712
9/14/2022 11:00,228.946
9/14/2022 12:00,192.229
9/14/2022 13:00,154.029
9/14/2022 14:00,105.043
9/14/2022 15:00,48.253
9/14/2022 16:00,8.636
9/14/2022 17:00,0.001
9/14/2022 18:00,0
9/14/2022 19:00,0
9/14/2022 20:00,0
9/14/2022 21:00,0
9/14/2022 22:00,0
9/14/2022 23:00,0
9/15/2022 0:00,0
9/15/2022 1:00,0
9/15/2022 2:00,0
9/15/2022 3:00,0.172
9/15/2022 4:00,19.463
9/15/2022 5:00,66.499
9/15/2022 6:00,119.274
9/15/2022 7:00,172.552
9/15/2022 8:00,213.772
9/15/2022 9:00,236.75
9/15/2022 10:00,255.151
9/15/2022 11:00,251.949
9/15/2022 12:00,216.261
9/15/2022 13:00,169.934
9/15/2022 14:00,118.275
9/15/2022 15:00,57.068
9/15/2022 16:00,9.282
9/15/2022 17:00,0
9/15/2022 18:00,0
9/15/2022 19:00,0
9/15/2022 20:00,0
9/15/2022 21:00,0
9/15/2022 22:00,0
9/15/2022 23:00,0
9/16/2022 0:00,0
9/16/2022 1:00,0
9/16/2022 2:00,0
9/16/2022 3:00,0.097
9/16/2022 4:00,12.837
9/16/2022 5:00,46.427
9/16/2022 6:00,88.234
9/16/2022 7:00,146.091
9/16/2022 8:00,203.227
9/16/2022 9:00,250.008
9/16/2022 10:00,264.342
9/16/2022 11:00,251.83
9/16/2022 12:00,221.752
9/16/2022 13:00,175.366
9/16/2022 14:00,119.465
9/16/2022 15:00,56.644
9/16/2022 16:00,8.473
9/16/2022 17:00,0
9/16/2022 18:00,0
9/16/2022 19:00,0
9/16/2022 20:00,0
9/16/2022 21:00,0
9/16/2022 22:00,0
9/16/2022 23:00,0
9/17/2022 0:00,0
9/17/2022 1:00,0
9/17/2022 2:00,0
9/17/2022 3:00,0.043
9/17/2022 4:00,14.482
9/17/2022 5:00,60.663
9/17/2022 6:00,119.17
9/17/2022 7:00,181.36
9/17/2022 8:00,233.735
9/17/2022 9:00,275.285
9/17/2022 10:00,288.785
9/17/2022 11:00,262.919
9/17/2022 12:00,229.23
9/17/2022 13:00,168.017
9/17/2022 14:00,104.132
9/17/2022 15:00,48.732
9/17/2022 16:00,6.841
9/17/2022 17:00,0
9/17/2022 18:00,0
9/17/2022 19:00,0
9/17/2022 20:00,0
9/17/2022 21:00,0
9/17/2022 22:00,0
9/17/2022 23:00,0
9/18/2022 0:00,0
9/18/2022 1:00,0
9/18/2022 2:00,0
9/18/2022 3:00,0.05
9/18/2022 4:00,15.075
9/18/2022 5:00,63.948
9/18/2022 6:00,126.315
9/18/2022 7:00,210.529
9/18/2022 8:00,285.056
9/18/2022 9:00,347.071
9/18/2022 10:00,369.283
9/18/2022 11:00,367.262
9/18/2022 12:00,304.466
9/18/2022 13:00,227.825
9/18/2022 14:00,151.821
9/18/2022 15:00,66.97
9/18/2022 16:00,7.523
9/18/2022 17:00,0
9/18/2022 18:00,0
9/18/2022 19:00,0
9/18/2022 20:00,0
9/18/2022 21:00,0
9/18/2022 22:00,0
9/18/2022 23:00,0
9/19/2022 0:00,0
9/19/2022 1:00,0
9/19/2022 2:00,0
9/19/2022 3:00,0.033
9/19/2022 4:00,17.649
9/19/2022 5:00,76.025
9/19/2022 6:00,148.724
9/19/2022 7:00,250.076
9/19/2022 8:00,330.433
9/19/2022 9:00,379.478
9/19/2022 10:00,398.546
9/19/2022 11:00,369.148
9/19/2022 12:00,294.517
9/19/2022 13:00,213.459
9/19/2022 14:00,134.708
9/19/2022 15:00,60.058
9/19/2022 16:00,6.031
9/19/2022 17:00,0
9/19/2022 18:00,0
9/19/2022 19:00,0
9/19/2022 20:00,0
9/19/2022 21:00,0
9/19/2022 22:00,0
9/19/2022 23:00,0
9/20/2022 0:00,0
9/20/2022 1:00,0
9/20/2022 2:00,0
9/20/2022 3:00,0.009
9/20/2022 4:00,10.198
9/20/2022 5:00,53.357
9/20/2022 6:00,111.759
9/20/2022 7:00,195.623
9/20/2022 8:00,268.521
9/20/2022 9:00,313.879
9/20/2022 10:00,328.089
9/20/2022 11:00,302.912
9/20/2022 12:00,243.03
9/20/2022 13:00,173.115
9/20/2022 14:00,108.597
9/20/2022 15:00,48.993
9/20/2022 16:00,4.756
9/20/2022 17:00,0
9/20/2022 18:00,0
9/20/2022 19:00,0
9/20/2022 20:00,0
9/20/2022 21:00,0
9/20/2022 22:00,0
9/20/2022 23:00,0
9/21/2022 0:00,0
9/21/2022 1:00,0
9/21/2022 2:00,0
9/21/2022 3:00,0.004
9/21/2022 4:00,12.004
9/21/2022 5:00,70.382
9/21/2022 6:00,167.572
9/21/2022 7:00,299.225
9/21/2022 8:00,397.312
9/21/2022 9:00,450.469
9/21/2022 10:00,460.881
9/21/2022 11:00,434.261
9/21/2022 12:00,376.721
9/21/2022 13:00,288.785
9/21/2022 14:00,175.721
9/21/2022 15:00,69.275
9/21/2022 16:00,5.502
9/21/2022 17:00,0
9/21/2022 18:00,0
9/21/2022 19:00,0
9/21/2022 20:00,0
9/21/2022 21:00,0
9/21/2022 22:00,0
9/21/2022 23:00,0
9/22/2022 0:00,0
9/22/2022 1:00,0
9/22/2022 2:00,0
9/22/2022 3:00,0.002
9/22/2022 4:00,13.312
9/22/2022 5:00,80.859
9/22/2022 6:00,172.567
9/22/2022 7:00,271.629
9/22/2022 8:00,344.98
9/22/2022 9:00,396.575
9/22/2022 10:00,408.581
9/22/2022 11:00,383.75
9/22/2022 12:00,326.111
9/22/2022 13:00,249.388
9/22/2022 14:00,154.389
9/22/2022 15:00,60.963
9/22/2022 16:00,3.995
9/22/2022 17:00,0
9/22/2022 18:00,0
9/22/2022 19:00,0
9/22/2022 20:00,0
9/22/2022 21:00,0
9/22/2022 22:00,0
9/22/2022 23:00,0
9/23/2022 0:00,0
9/23/2022 1:00,0
9/23/2022 2:00,0
9/23/2022 3:00,0.001
9/23/2022 4:00,12.836
9/23/2022 5:00,86.179
9/23/2022 6:00,182.517
9/23/2022 7:00,278.514
9/23/2022 8:00,349.501
9/23/2022 9:00,376.131
9/23/2022 10:00,380.945
9/23/2022 11:00,356.323
9/23/2022 12:00,305.117
9/23/2022 13:00,226.721
9/23/2022 14:00,136.868
9/23/2022 15:00,50.783
9/23/2022 16:00,2.558
9/23/2022 17:00,0
9/23/2022 18:00,0
9/23/2022 19:00,0
9/23/2022 20:00,0
9/23/2022 21:00,0
9/23/2022 22:00,0
9/23/2022 23:00,0
9/24/2022 0:00,0
9/24/2022 1:00,0
9/24/2022 2:00,0
9/24/2022 3:00,0
9/24/2022 4:00,7.52
9/24/2022 5:00,58.447
9/24/2022 6:00,138.414
9/24/2022 7:00,237.997
9/24/2022 8:00,337.409
9/24/2022 9:00,395.925
9/24/2022 10:00,379.996
9/24/2022 11:00,347.42
9/24/2022 12:00,273.412
9/24/2022 13:00,194.326
9/24/2022 14:00,118.897
9/24/2022 15:00,45.218
9/24/2022 16:00,1.886
9/24/2022 17:00,0
9/24/2022 18:00,0
9/24/2022 19:00,0
9/24/2022 20:00,0
9/24/2022 21:00,0
9/24/2022 22:00,0
9/24/2022 23:00,0
9/25/2022 0:00,0
9/25/2022 1:00,0
9/25/2022 2:00,0
9/25/2022 3:00,0
9/25/2022 4:00,7.049
9/25/2022 5:00,56.328
9/25/2022 6:00,132.536
9/25/2022 7:00,216.713
9/25/2022 8:00,286.903
9/25/2022 9:00,323.429
9/25/2022 10:00,330.516
9/25/2022 11:00,300.973
9/25/2022 12:00,242.873
9/25/2022 13:00,177.313
9/25/2022 14:00,103.555
9/25/2022 15:00,36.019
9/25/2022 16:00,1.388
9/25/2022 17:00,0
9/25/2022 18:00,0
9/25/2022 19:00,0
9/25/2022 20:00,0
9/25/2022 21:00,0
9/25/2022 22:00,0
9/25/2022 23:00,0
9/26/2022 0:00,0
9/26/2022 1:00,0
9/26/2022 2:00,0
9/26/2022 3:00,0
9/26/2022 4:00,3.955
9/26/2022 5:00,39.683
9/26/2022 6:00,100.572
9/26/2022 7:00,181.821
9/26/2022 8:00,260.071
9/26/2022 9:00,308.829
9/26/2022 10:00,320.994
9/26/2022 11:00,300.407
9/26/2022 12:00,244.905
9/26/2022 13:00,180.265
9/26/2022 14:00,110.011
9/26/2022 15:00,41.101
9/26/2022 16:00,1.053
9/26/2022 17:00,0
9/26/2022 18:00,0
9/26/2022 19:00,0
9/26/2022 20:00,0
9/26/2022 21:00,0
9/26/2022 22:00,0
9/26/2022 23:00,0
9/27/2022 0:00,0
9/27/2022 1:00,0
9/27/2022 2:00,0
9/27/2022 3:00,0
9/27/2022 4:00,4.019
9/27/2022 5:00,42.439
9/27/2022 6:00,100.785
9/27/2022 7:00,180.752
9/27/2022 8:00,247.389
9/27/2022 9:00,297.474
9/27/2022 10:00,312.918
9/27/2022 11:00,285.065
9/27/2022 12:00,239.311
9/27/2022 13:00,175.677
9/27/2022 14:00,106.43
9/27/2022 15:00,35.84
9/27/2022 16:00,0.61
9/27/2022 17:00,0
9/27/2022 18:00,0
9/27/2022 19:00,0
9/27/2022 20:00,0
9/27/2022 21:00,0
9/27/2022 22:00,0
9/27/2022 23:00,0
9/28/2022 0:00,0
9/28/2022 1:00,0
9/28/2022 2:00,0
9/28/2022 3:00,0
9/28/2022 4:00,3.4
9/28/2022 5:00,44.387
9/28/2022 6:00,114.153
9/28/2022 7:00,202.235
9/28/2022 8:00,303.018
9/28/2022 9:00,351.52
9/28/2022 10:00,348.562
9/28/2022 11:00,315.158
9/28/2022 12:00,266.461
9/28/2022 13:00,187.156
9/28/2022 14:00,114.544
9/28/2022 15:00,37.609
9/28/2022 16:00,0.457
9/28/2022 17:00,0
9/28/2022 18:00,0
9/28/2022 19:00,0
9/28/2022 20:00,0
9/28/2022 21:00,0
9/28/2022 22:00,0
9/28/2022 23:00,0
9/29/2022 0:00,0
9/29/2022 1:00,0
9/29/2022 2:00,0
9/29/2022 3:00,0
9/29/2022 4:00,1.308
9/29/2022 5:00,20.653
9/29/2022 6:00,57.586
9/29/2022 7:00,103.155
9/29/2022 8:00,147.121
9/29/2022 9:00,172.271
9/29/2022 10:00,192.34
9/29/2022 11:00,183.564
9/29/2022 12:00,154.016
9/29/2022 13:00,110.539
9/29/2022 14:00,63.595
9/29/2022 15:00,18.822
9/29/2022 16:00,0.174
9/29/2022 17:00,0
9/29/2022 18:00,0
9/29/2022 19:00,0
9/29/2022 20:00,0
9/29/2022 21:00,0
9/29/2022 22:00,0
9/29/2022 23:00,0
9/30/2022 0:00,0
9/30/2022 1:00,0
9/30/2022 2:00,0
9/30/2022 3:00,0
9/30/2022 4:00,0.88
9/30/2022 5:00,19.302
9/30/2022 6:00,59.569
9/30/2022 7:00,101.928
9/30/2022 8:00,151.731
9/30/2022 9:00,201.406
9/30/2022 10:00,212.55
9/30/2022 11:00,221.603
9/30/2022 12:00,200.608
9/30/2022 13:00,153.926
9/30/2022 14:00,93.718
9/30/2022 15:00,27.548
9/30/2022 16:00,0.147
9/30/2022 17:00,0
9/30/2022 18:00,0
9/30/2022 19:00,0
9/30/2022 20:00,0
9/30/2022 21:00,0
9/30/2022 22:00,0
9/30/2022 23:00,0
10/1/2022 0:00,0
10/1/2022 1:00,0
10/1/2022 2:00,0
10/1/2022 3:00,0
10/1/2022 4:00,1.185
10/1/2022 5:00,28.925
10/1/2022 6:00,80.214
10/1/2022 7:00,141.103
10/1/2022 8:00,205.864
10/1/2022 9:00,257.884
10/1/2022 10:00,287.071
10/1/2022 11:00,290.41
10/1/2022 12:00,250.53
10/1/2022 13:00,183.879
10/1/2022 14:00,101.572
10/1/2022 15:00,25.275
10/1/2022 16:00,0.066
10/1/2022 17:00,0
10/1/2022 18:00,0
10/1/2022 19:00,0
10/1/2022 20:00,0
10/1/2022 21:00,0
10/1/2022 22:00,0
10/1/2022 23:00,0
10/2/2022 0:00,0
10/2/2022 1:00,0
10/2/2022 2:00,0
10/2/2022 3:00,0
10/2/2022 4:00,1.074
10/2/2022 5:00,31.491
10/2/2022 6:00,83.387
10/2/2022 7:00,143.362
10/2/2022 8:00,209.571
10/2/2022 9:00,264.325
10/2/2022 10:00,287.303
10/2/2022 11:00,272.943
10/2/2022 12:00,221.458
10/2/2022 13:00,149.704
10/2/2022 14:00,75.354
10/2/2022 15:00,17.627
10/2/2022 16:00,0.02
10/2/2022 17:00,0
10/2/2022 18:00,0
10/2/2022 19:00,0
10/2/2022 20:00,0
10/2/2022 21:00,0
10/2/2022 22:00,0
10/2/2022 23:00,0
10/3/2022 0:00,0
10/3/2022 1:00,0
10/3/2022 2:00,0
10/3/2022 3:00,0
10/3/2022 4:00,0.656
10/3/2022 5:00,23.815
10/3/2022 6:00,78.955
10/3/2022 7:00,144.367
10/3/2022 8:00,192.31
10/3/2022 9:00,222.735
10/3/2022 10:00,234.86
10/3/2022 11:00,216.266
10/3/2022 12:00,166.586
10/3/2022 13:00,107.908
10/3/2022 14:00,55.607
10/3/2022 15:00,13.454
10/3/2022 16:00,0.015
10/3/2022 17:00,0
10/3/2022 18:00,0
10/3/2022 19:00,0
10/3/2022 20:00,0
10/3/2022 21:00,0
10/3/2022 22:00,0
10/3/2022 23:00,0
10/4/2022 0:00,0
10/4/2022 1:00,0
10/4/2022 2:00,0
10/4/2022 3:00,0
10/4/2022 4:00,0.202
10/4/2022 5:00,17.632
10/4/2022 6:00,60.708
10/4/2022 7:00,126.849
10/4/2022 8:00,187.994
10/4/2022 9:00,239.877
10/4/2022 10:00,276.078
10/4/2022 11:00,273.521
10/4/2022 12:00,236.062
10/4/2022 13:00,171.455
10/4/2022 14:00,90.77
10/4/2022 15:00,19.519
10/4/2022 16:00,0.005
10/4/2022 17:00,0
10/4/2022 18:00,0
10/4/2022 19:00,0
10/4/2022 20:00,0
10/4/2022 21:00,0
10/4/2022 22:00,0
10/4/2022 23:00,0
10/5/2022 0:00,0
10/5/2022 1:00,0
10/5/2022 2:00,0
10/5/2022 3:00,0
10/5/2022 4:00,0.184
10/5/2022 5:00,16.26
10/5/2022 6:00,56.823
10/5/2022 7:00,100.727
10/5/2022 8:00,134.56
10/5/2022 9:00,156.03
10/5/2022 10:00,161.154
10/5/2022 11:00,130.885
10/5/2022 12:00,102.961
10/5/2022 13:00,79.06
10/5/2022 14:00,37.572
10/5/2022 15:00,6.369
10/5/2022 16:00,0.001
10/5/2022 17:00,0
10/5/2022 18:00,0
10/5/2022 19:00,0
10/5/2022 20:00,0
10/5/2022 21:00,0
10/5/2022 22:00,0
10/5/2022 23:00,0
10/6/2022 0:00,0
10/6/2022 1:00,0
10/6/2022 2:00,0
10/6/2022 3:00,0
10/6/2022 4:00,0.106
10/6/2022 5:00,12.806
10/6/2022 6:00,43.428
10/6/2022 7:00,74.28
10/6/2022 8:00,108.586
10/6/2022 9:00,165.89
10/6/2022 10:00,217.087
10/6/2022 11:00,222.66
10/6/2022 12:00,194.493
10/6/2022 13:00,147.921
10/6/2022 14:00,77.616
10/6/2022 15:00,13.537
10/6/2022 16:00,0.001
10/6/2022 17:00,0
10/6/2022 18:00,0
10/6/2022 19:00,0
10/6/2022 20:00,0
10/6/2022 21:00,0
10/6/2022 22:00,0
10/6/2022 23:00,0
10/7/2022 0:00,0
10/7/2022 1:00,0
10/7/2022 2:00,0
10/7/2022 3:00,0
10/7/2022 4:00,0.084
10/7/2022 5:00,29.588
10/7/2022 6:00,117.942
10/7/2022 7:00,213.15
10/7/2022 8:00,288.694
10/7/2022 9:00,320.401
10/7/2022 10:00,298.297
10/7/2022 11:00,232.136
10/7/2022 12:00,170.434
10/7/2022 13:00,106.485
10/7/2022 14:00,41.681
10/7/2022 15:00,5.067
10/7/2022 16:00,0
10/7/2022 17:00,0
10/7/2022 18:00,0
10/7/2022 19:00,0
10/7/2022 20:00,0
10/7/2022 21:00,0
10/7/2022 22:00,0
10/7/2022 23:00,0
10/8/2022 0:00,0
10/8/2022 1:00,0
10/8/2022 2:00,0
10/8/2022 3:00,0
10/8/2022 4:00,0.018
10/8/2022 5:00,10.345
10/8/2022 6:00,43.995
10/8/2022 7:00,84.259
10/8/2022 8:00,124.377
10/8/2022 9:00,162.841
10/8/2022 10:00,190.814
10/8/2022 11:00,197.274
10/8/2022 12:00,177.784
10/8/2022 13:00,128.479
10/8/2022 14:00,68.069
10/8/2022 15:00,10.391
10/8/2022 16:00,0
10/8/2022 17:00,0
10/8/2022 18:00,0
10/8/2022 19:00,0
10/8/2022 20:00,0
10/8/2022 21:00,0
10/8/2022 22:00,0
10/8/2022 23:00,0
10/9/2022 0:00,0
10/9/2022 1:00,0
10/9/2022 2:00,0
10/9/2022 3:00,0
10/9/2022 4:00,0.017
10/9/2022 5:00,20.638
10/9/2022 6:00,95.968
10/9/2022 7:00,208.229
10/9/2022 8:00,287.213
10/9/2022 9:00,339.917
10/9/2022 10:00,355.877
10/9/2022 11:00,330.922
10/9/2022 12:00,270.312
10/9/2022 13:00,184.09
10/9/2022 14:00,86.709
10/9/2022 15:00,10.751
10/9/2022 16:00,0
10/9/2022 17:00,0
10/9/2022 18:00,0
10/9/2022 19:00,0
10/9/2022 20:00,0
10/9/2022 21:00,0
10/9/2022 22:00,0
10/9/2022 23:00,0
10/10/2022 0:00,0
10/10/2022 1:00,0
10/10/2022 2:00,0
10/10/2022 3:00,0
10/10/2022 4:00,0.008
10/10/2022 5:00,12.613
10/10/2022 6:00,63.39
10/10/2022 7:00,135.361
10/10/2022 8:00,209.882
10/10/2022 9:00,268.494
10/10/2022 10:00,289.186
10/10/2022 11:00,269.963
10/10/2022 12:00,214.358
10/10/2022 13:00,133.512
10/10/2022 14:00,53.548
10/10/2022 15:00,5.405
10/10/2022 16:00,0
10/10/2022 17:00,0
10/10/2022 18:00,0
10/10/2022 19:00,0
10/10/2022 20:00,0
10/10/2022 21:00,0
10/10/2022 22:00,0
10/10/2022 23:00,0
10/11/2022 0:00,0
10/11/2022 1:00,0
10/11/2022 2:00,0
10/11/2022 3:00,0
10/11/2022 4:00,0.001
10/11/2022 5:00,6.803
10/11/2022 6:00,27.727
10/11/2022 7:00,53.516
10/11/2022 8:00,75.029
10/11/2022 9:00,87.583
10/11/2022 10:00,85.813
10/11/2022 11:00,95.502
10/11/2022 12:00,104.72
10/11/2022 13:00,88.525
10/11/2022 14:00,46.134
10/11/2022 15:00,5.177
10/11/2022 16:00,0
10/11/2022 17:00,0
10/11/2022 18:00,0
10/11/2022 19:00,0
10/11/2022 20:00,0
10/11/2022 21:00,0
10/11/2022 22:00,0
10/11/2022 23:00,0
10/12/2022 0:00,0
10/12/2022 1:00,0
10/12/2022 2:00,0
10/12/2022 3:00,0
10/12/2022 4:00,0.001
10/12/2022 5:00,13.428
10/12/2022 6:00,81.685
10/12/2022 7:00,176.495
10/12/2022 8:00,255.863
10/12/2022 9:00,309.567
10/12/2022 10:00,325.69
10/12/2022 11:00,302.424
10/12/2022 12:00,238.503
10/12/2022 13:00,144.086
10/12/2022 14:00,55.906
10/12/2022 15:00,4.742
10/12/2022 16:00,0
10/12/2022 17:00,0
10/12/2022 18:00,0
10/12/2022 19:00,0
10/12/2022 20:00,0
10/12/2022 21:00,0
10/12/2022 22:00,0
10/12/2022 23:00,0
10/13/2022 0:00,0
10/13/2022 1:00,0
10/13/2022 2:00,0
10/13/2022 3:00,0
10/13/2022 4:00,0
10/13/2022 5:00,10.582
10/13/2022 6:00,57.804
10/13/2022 7:00,119.459
10/13/2022 8:00,169.817
10/13/2022 9:00,200.217
10/13/2022 10:00,200.654
10/13/2022 11:00,170.994
10/13/2022 12:00,127.055
10/13/2022 13:00,77.54
10/13/2022 14:00,32.371
10/13/2022 15:00,2.395
10/13/2022 16:00,0
10/13/2022 17:00,0
10/13/2022 18:00,0
10/13/2022 19:00,0
10/13/2022 20:00,0
10/13/2022 21:00,0
10/13/2022 22:00,0
10/13/2022 23:00,0
10/14/2022 0:00,0
10/14/2022 1:00,0
10/14/2022 2:00,0
10/14/2022 3:00,0
10/14/2022 4:00,0
10/14/2022 5:00,3.725
10/14/2022 6:00,23.051
10/14/2022 7:00,49.602
10/14/2022 8:00,73.471
10/14/2022 9:00,98.057
10/14/2022 10:00,118.118
10/14/2022 11:00,122.96
10/14/2022 12:00,107.67
10/14/2022 13:00,74.224
10/14/2022 14:00,31.475
10/14/2022 15:00,1.895
10/14/2022 16:00,0
10/14/2022 17:00,0
10/14/2022 18:00,0
10/14/2022 19:00,0
10/14/2022 20:00,0
10/14/2022 21:00,0
10/14/2022 22:00,0
10/14/2022 23:00,0
10/15/2022 0:00,0
10/15/2022 1:00,0
10/15/2022 2:00,0
10/15/2022 3:00,0
10/15/2022 4:00,0
10/15/2022 5:00,4.085
10/15/2022 6:00,28.201
10/15/2022 7:00,60.719
10/15/2022 8:00,88.471
10/15/2022 9:00,102.491
10/15/2022 10:00,94.376
10/15/2022 11:00,77.339
10/15/2022 12:00,59.962
10/15/2022 13:00,40.083
10/15/2022 14:00,18.16
10/15/2022 15:00,1.199
10/15/2022 16:00,0
10/15/2022 17:00,0
10/15/2022 18:00,0
10/15/2022 19:00,0
10/15/2022 20:00,0
10/15/2022 21:00,0
10/15/2022 22:00,0
10/15/2022 23:00,0
10/16/2022 0:00,0
10/16/2022 1:00,0
10/16/2022 2:00,0
10/16/2022 3:00,0
10/16/2022 4:00,0
10/16/2022 5:00,1.828
10/16/2022 6:00,17.116
10/16/2022 7:00,46.015
10/16/2022 8:00,72.838
10/16/2022 9:00,93.63
10/16/2022 10:00,96.086
10/16/2022 11:00,92.274
10/16/2022 12:00,81.276
10/16/2022 13:00,48.598
10/16/2022 14:00,14.866
10/16/2022 15:00,0.646
10/16/2022 16:00,0
10/16/2022 17:00,0
10/16/2022 18:00,0
10/16/2022 19:00,0
10/16/2022 20:00,0
10/16/2022 21:00,0
10/16/2022 22:00,0
10/16/2022 23:00,0
10/17/2022 0:00,0
10/17/2022 1:00,0
10/17/2022 2:00,0
10/17/2022 3:00,0
10/17/2022 4:00,0
10/17/2022 5:00,2.493
10/17/2022 6:00,33.622
10/17/2022 7:00,82.551
10/17/2022 8:00,127.78
10/17/2022 9:00,192.259
10/17/2022 10:00,235.477
10/17/2022 11:00,219.261
10/17/2022 12:00,178.05
10/17/2022 13:00,113.614
10/17/2022 14:00,37.61
10/17/2022 15:00,0.9
10/17/2022 16:00,0
10/17/2022 17:00,0
10/17/2022 18:00,0
10/17/2022 19:00,0
10/17/2022 20:00,0
10/17/2022 21:00,0
10/17/2022 22:00,0
10/17/2022 23:00,0
10/18/2022 0:00,0
10/18/2022 1:00,0
10/18/2022 2:00,0
10/18/2022 3:00,0
10/18/2022 4:00,0
10/18/2022 5:00,2.027
10/18/2022 6:00,26.124
10/18/2022 7:00,64.759
10/18/2022 8:00,113.46
10/18/2022 9:00,162.682
10/18/2022 10:00,176.751
10/18/2022 11:00,166.697
10/18/2022 12:00,136.016
10/18/2022 13:00,86.564
10/18/2022 14:00,28.721
10/18/2022 15:00,0.644
10/18/2022 16:00,0
10/18/2022 17:00,0
10/18/2022 18:00,0
10/18/2022 19:00,0
10/18/2022 20:00,0
10/18/2022 21:00,0
10/18/2022 22:00,0
10/18/2022 23:00,0
10/19/2022 0:00,0
10/19/2022 1:00,0
10/19/2022 2:00,0
10/19/2022 3:00,0
10/19/2022 4:00,0
10/19/2022 5:00,3.52
10/19/2022 6:00,48.321
10/19/2022 7:00,119.159
10/19/2022 8:00,190.769
10/19/2022 9:00,235.042
10/19/2022 10:00,238.757
10/19/2022 11:00,202.439
10/19/2022 12:00,153.44
10/19/2022 13:00,89.601
10/19/2022 14:00,30.149
10/19/2022 15:00,0.496
10/19/2022 16:00,0
10/19/2022 17:00,0
10/19/2022 18:00,0
10/19/2022 19:00,0
10/19/2022 20:00,0
10/19/2022 21:00,0
10/19/2022 22:00,0
10/19/2022 23:00,0
10/20/2022 0:00,0
10/20/2022 1:00,0
10/20/2022 2:00,0
10/20/2022 3:00,0
10/20/2022 4:00,0
10/20/2022 5:00,1.51
10/20/2022 6:00,28.276
10/20/2022 7:00,70.7
10/20/2022 8:00,122.043
10/20/2022 9:00,176.922
10/20/2022 10:00,210.062
10/20/2022 11:00,215.585
10/20/2022 12:00,173.415
10/20/2022 13:00,99.964
10/20/2022 14:00,30.074
10/20/2022 15:00,0.324
10/20/2022 16:00,0
10/20/2022 17:00,0
10/20/2022 18:00,0
10/20/2022 19:00,0
10/20/2022 20:00,0
10/20/2022 21:00,0
10/20/2022 22:00,0
10/20/2022 23:00,0
10/21/2022 0:00,0
10/21/2022 1:00,0
10/21/2022 2:00,0
10/21/2022 3:00,0
10/21/2022 4:00,0
10/21/2022 5:00,1.182
10/21/2022 6:00,26.757
10/21/2022 7:00,77.799
10/21/2022 8:00,151.537
10/21/2022 9:00,198.659
10/21/2022 10:00,207.884
10/21/2022 11:00,184.032
10/21/2022 12:00,125.253
10/21/2022 13:00,68.255
10/21/2022 14:00,19.183
10/21/2022 15:00,0.116
10/21/2022 16:00,0
10/21/2022 17:00,0
10/21/2022 18:00,0
10/21/2022 19:00,0
10/21/2022 20:00,0
10/21/2022 21:00,0
10/21/2022 22:00,0
10/21/2022 23:00,0
10/22/2022 0:00,0
10/22/2022 1:00,0
10/22/2022 2:00,0
10/22/2022 3:00,0
10/22/2022 4:00,0
10/22/2022 5:00,1.158
10/22/2022 6:00,27.757
10/22/2022 7:00,72.319
10/22/2022 8:00,117.649
10/22/2022 9:00,157.371
10/22/2022 10:00,187.388
10/22/2022 11:00,175.697
10/22/2022 12:00,132.603
10/22/2022 13:00,79.619
10/22/2022 14:00,22.39
10/22/2022 15:00,0.057
10/22/2022 16:00,0
10/22/2022 17:00,0
10/22/2022 18:00,0
10/22/2022 19:00,0
10/22/2022 20:00,0
10/22/2022 21:00,0
10/22/2022 22:00,0
10/22/2022 23:00,0
10/23/2022 0:00,0
10/23/2022 1:00,0
10/23/2022 2:00,0
10/23/2022 3:00,0
10/23/2022 4:00,0
10/23/2022 5:00,0.575
10/23/2022 6:00,21.732
10/23/2022 7:00,62.617
10/23/2022 8:00,113.305
10/23/2022 9:00,156.458
10/23/2022 10:00,177.531
10/23/2022 11:00,168.582
10/23/2022 12:00,133.319
10/23/2022 13:00,78.871
10/23/2022 14:00,19.744
10/23/2022 15:00,0.038
10/23/2022 16:00,0
10/23/2022 17:00,0
10/23/2022 18:00,0
10/23/2022 19:00,0
10/23/2022 20:00,0
10/23/2022 21:00,0
10/23/2022 22:00,0
10/23/2022 23:00,0
10/24/2022 0:00,0
10/24/2022 1:00,0
10/24/2022 2:00,0
10/24/2022 3:00,0
10/24/2022 4:00,0
10/24/2022 5:00,0.952
10/24/2022 6:00,35.547
10/24/2022 7:00,113.923
10/24/2022 8:00,192.656
10/24/2022 9:00,233.615
10/24/2022 10:00,241.236
10/24/2022 11:00,217.821
10/24/2022 12:00,166.119
10/24/2022 13:00,93.859
10/24/2022 14:00,22.526
10/24/2022 15:00,0.023
10/24/2022 16:00,0
10/24/2022 17:00,0
10/24/2022 18:00,0
10/24/2022 19:00,0
10/24/2022 20:00,0
10/24/2022 21:00,0
10/24/2022 22:00,0
10/24/2022 23:00,0
10/25/2022 0:00,0
10/25/2022 1:00,0
10/25/2022 2:00,0
10/25/2022 3:00,0
10/25/2022 4:00,0
10/25/2022 5:00,0.476
10/25/2022 6:00,20.411
10/25/2022 7:00,56.292
10/25/2022 8:00,94.451
10/25/2022 9:00,112.804
10/25/2022 10:00,114.97
10/25/2022 11:00,101.463
10/25/2022 12:00,68.958
10/25/2022 13:00,33.039
10/25/2022 14:00,5.425
10/25/2022 15:00,0.004
10/25/2022 16:00,0
10/25/2022 17:00,0
10/25/2022 18:00,0
10/25/2022 19:00,0
10/25/2022 20:00,0
10/25/2022 21:00,0
10/25/2022 22:00,0
10/25/2022 23:00,0
10/26/2022 0:00,0
10/26/2022 1:00,0
10/26/2022 2:00,0
10/26/2022 3:00,0
10/26/2022 4:00,0
10/26/2022 5:00,0.129
10/26/2022 6:00,10.037
10/26/2022 7:00,33.518
10/26/2022 8:00,57.835
10/26/2022 9:00,76.563
10/26/2022 10:00,88.146
10/26/2022 11:00,85.485
10/26/2022 12:00,67.736
10/26/2022 13:00,36.428
10/26/2022 14:00,6.62
10/26/2022 15:00,0.003
10/26/2022 16:00,0
10/26/2022 17:00,0
10/26/2022 18:00,0
10/26/2022 19:00,0
10/26/2022 20:00,0
10/26/2022 21:00,0
10/26/2022 22:00,0
10/26/2022 23:00,0
10/27/2022 0:00,0
10/27/2022 1:00,0
10/27/2022 2:00,0
10/27/2022 3:00,0
10/27/2022 4:00,0
10/27/2022 5:00,0.13
10/27/2022 6:00,10.75
10/27/2022 7:00,30.476
10/27/2022 8:00,43.284
10/27/2022 9:00,50.157
10/27/2022 10:00,53.378
10/27/2022 11:00,48.306
10/27/2022 12:00,35.941
10/27/2022 13:00,19.061
10/27/2022 14:00,3.551
10/27/2022 15:00,0.002
10/27/2022 16:00,0
10/27/2022 17:00,0
10/27/2022 18:00,0
10/27/2022 19:00,0
10/27/2022 20:00,0
10/27/2022 21:00,0
10/27/2022 22:00,0
10/27/2022 23:00,0
10/28/2022 0:00,0
10/28/2022 1:00,0
10/28/2022 2:00,0
10/28/2022 3:00,0
10/28/2022 4:00,0
10/28/2022 5:00,0.069
10/28/2022 6:00,11.217
10/28/2022 7:00,39.005
10/28/2022 8:00,59.23
10/28/2022 9:00,71.316
10/28/2022 10:00,78.521
10/28/2022 11:00,76.603
10/28/2022 12:00,58.816
10/28/2022 13:00,30.38
10/28/2022 14:00,5.334
10/28/2022 15:00,0.001
10/28/2022 16:00,0
10/28/2022 17:00,0
10/28/2022 18:00,0
10/28/2022 19:00,0
10/28/2022 20:00,0
10/28/2022 21:00,0
10/28/2022 22:00,0
10/28/2022 23:00,0
10/29/2022 0:00,0
10/29/2022 1:00,0
10/29/2022 2:00,0
10/29/2022 3:00,0
10/29/2022 4:00,0
10/29/2022 5:00,0.027
10/29/2022 6:00,6.864
10/29/2022 7:00,19.878
10/29/2022 8:00,27.574
10/29/2022 9:00,37.641
10/29/2022 10:00,57.267
10/29/2022 11:00,82.97
10/29/2022 12:00,84.336
10/29/2022 13:00,54.957
10/29/2022 14:00,9.122
10/29/2022 15:00,0
10/29/2022 16:00,0
10/29/2022 17:00,0
10/29/2022 18:00,0
10/29/2022 19:00,0
10/29/2022 20:00,0
10/29/2022 21:00,0
10/29/2022 22:00,0
10/29/2022 23:00,0
10/30/2022 0:00,0
10/30/2022 1:00,0
10/30/2022 2:00,0
10/30/2022 3:00,0
10/30/2022 4:00,0
10/30/2022 5:00,0.032
10/30/2022 6:00,21.127
10/30/2022 7:00,72.667
10/30/2022 8:00,137.425
10/30/2022 9:00,206.749
10/30/2022 10:00,223.59
10/30/2022 11:00,203.484
10/30/2022 12:00,150.552
10/30/2022 13:00,74.868
10/30/2022 14:00,9.751
10/30/2022 15:00,0
10/30/2022 16:00,0
10/30/2022 17:00,0
10/30/2022 18:00,0
10/30/2022 19:00,0
10/30/2022 20:00,0
10/30/2022 21:00,0
10/30/2022 22:00,0
10/30/2022 23:00,0
10/31/2022 0:00,0
10/31/2022 1:00,0
10/31/2022 2:00,0
10/31/2022 3:00,0
10/31/2022 4:00,0
10/31/2022 5:00,0.015
10/31/2022 6:00,15.999
10/31/2022 7:00,67.318
10/31/2022 8:00,124.389
10/31/2022 9:00,160.61
10/31/2022 10:00,169.638
10/31/2022 11:00,147.364
10/31/2022 12:00,95.288
10/31/2022 13:00,37.035
10/31/2022 14:00,3.381
10/31/2022 15:00,0
10/31/2022 16:00,0
10/31/2022 17:00,0
10/31/2022 18:00,0
10/31/2022 19:00,0
10/31/2022 20:00,0
10/31/2022 21:00,0
10/31/2022 22:00,0
10/31/2022 23:00,0
11/1/2022 0:00,0
11/1/2022 1:00,0
11/1/2022 2:00,0
11/1/2022 3:00,0
11/1/2022 4:00,0
11/1/2022 5:00,0
11/1/2022 6:00,6.936
11/1/2022 7:00,37.827
11/1/2022 8:00,70.896
11/1/2022 9:00,103.311
11/1/2022 10:00,121.757
11/1/2022 11:00,114.295
11/1/2022 12:00,83.77
11/1/2022 13:00,40.17
11/1/2022 14:00,4.569
11/1/2022 15:00,0
11/1/2022 16:00,0
11/1/2022 17:00,0
11/1/2022 18:00,0
11/1/2022 19:00,0
11/1/2022 20:00,0
11/1/2022 21:00,0
11/1/2022 22:00,0
11/1/2022 23:00,0
11/2/2022 0:00,0
11/2/2022 1:00,0
11/2/2022 2:00,0
11/2/2022 3:00,0
11/2/2022 4:00,0
11/2/2022 5:00,0.001
11/2/2022 6:00,5.741
11/2/2022 7:00,29.939
11/2/2022 8:00,56.463
11/2/2022 9:00,77.782
11/2/2022 10:00,80.107
11/2/2022 11:00,71.113
11/2/2022 12:00,50.429
11/2/2022 13:00,21.472
11/2/2022 14:00,1.648
11/2/2022 15:00,0
11/2/2022 16:00,0
11/2/2022 17:00,0
11/2/2022 18:00,0
11/2/2022 19:00,0
11/2/2022 20:00,0
11/2/2022 21:00,0
11/2/2022 22:00,0
11/2/2022 23:00,0
11/3/2022 0:00,0
11/3/2022 1:00,0
11/3/2022 2:00,0
11/3/2022 3:00,0
11/3/2022 4:00,0
11/3/2022 5:00,0
11/3/2022 6:00,4.385
11/3/2022 7:00,26.129
11/3/2022 8:00,52.728
11/3/2022 9:00,73.69
11/3/2022 10:00,76.321
11/3/2022 11:00,61.375
11/3/2022 12:00,39.033
11/3/2022 13:00,16.022
11/3/2022 14:00,1.165
11/3/2022 15:00,0
11/3/2022 16:00,0
11/3/2022 17:00,0
11/3/2022 18:00,0
11/3/2022 19:00,0
11/3/2022 20:00,0
11/3/2022 21:00,0
11/3/2022 22:00,0
11/3/2022 23:00,0
11/4/2022 0:00,0
11/4/2022 1:00,0
11/4/2022 2:00,0
11/4/2022 3:00,0
11/4/2022 4:00,0
11/4/2022 5:00,0
11/4/2022 6:00,4.035
11/4/2022 7:00,25.04
11/4/2022 8:00,50.365
11/4/2022 9:00,72.571
11/4/2022 10:00,81.944
11/4/2022 11:00,74.942
11/4/2022 12:00,54.922
11/4/2022 13:00,24.244
11/4/2022 14:00,1.586
11/4/2022 15:00,0
11/4/2022 16:00,0
11/4/2022 17:00,0
11/4/2022 18:00,0
11/4/2022 19:00,0
11/4/2022 20:00,0
11/4/2022 21:00,0
11/4/2022 22:00,0
11/4/2022 23:00,0
11/5/2022 0:00,0
11/5/2022 1:00,0
11/5/2022 2:00,0
11/5/2022 3:00,0
11/5/2022 4:00,0
11/5/2022 5:00,0
11/5/2022 6:00,7.801
11/5/2022 7:00,52.457
11/5/2022 8:00,109.11
11/5/2022 9:00,151.493
11/5/2022 10:00,166.5
11/5/2022 11:00,147.254
11/5/2022 12:00,92.213
11/5/2022 13:00,31.853
11/5/2022 14:00,1.182
11/5/2022 15:00,0
11/5/2022 16:00,0
11/5/2022 17:00,0
11/5/2022 18:00,0
11/5/2022 19:00,0
11/5/2022 20:00,0
11/5/2022 21:00,0
11/5/2022 22:00,0
11/5/2022 23:00,0
11/6/2022 0:00,0
11/6/2022 1:00,0
11/6/2022 2:00,0
11/6/2022 3:00,0
11/6/2022 4:00,0
11/6/2022 5:00,0
11/6/2022 6:00,1.733
11/6/2022 7:00,18.682
11/6/2022 8:00,42.081
11/6/2022 9:00,57.262
11/6/2022 10:00,68.93
11/6/2022 11:00,64.526
11/6/2022 12:00,43.596
11/6/2022 13:00,15.786
11/6/2022 14:00,0.686
11/6/2022 15:00,0
11/6/2022 16:00,0
11/6/2022 17:00,0
11/6/2022 18:00,0
11/6/2022 19:00,0
11/6/2022 20:00,0
11/6/2022 21:00,0
11/6/2022 22:00,0
11/6/2022 23:00,0
11/7/2022 0:00,0
11/7/2022 1:00,0
11/7/2022 2:00,0
11/7/2022 3:00,0
11/7/2022 4:00,0
11/7/2022 5:00,0
11/7/2022 6:00,1.697
11/7/2022 7:00,12.338
11/7/2022 8:00,21.078
11/7/2022 9:00,28.102
11/7/2022 10:00,32.202
11/7/2022 11:00,31.758
11/7/2022 12:00,22.783
11/7/2022 13:00,8.529
11/7/2022 14:00,0.304
11/7/2022 15:00,0
11/7/2022 16:00,0
11/7/2022 17:00,0
11/7/2022 18:00,0
11/7/2022 19:00,0
11/7/2022 20:00,0
11/7/2022 21:00,0
11/7/2022 22:00,0
11/7/2022 23:00,0
11/8/2022 0:00,0
11/8/2022 1:00,0
11/8/2022 2:00,0
11/8/2022 3:00,0
11/8/2022 4:00,0
11/8/2022 5:00,0
11/8/2022 6:00,1.407
11/8/2022 7:00,20.455
11/8/2022 8:00,47.921
11/8/2022 9:00,70.33
11/8/2022 10:00,80.265
11/8/2022 11:00,67.938
11/8/2022 12:00,43.813
11/8/2022 13:00,15.102
11/8/2022 14:00,0.443
11/8/2022 15:00,0
11/8/2022 16:00,0
11/8/2022 17:00,0
11/8/2022 18:00,0
11/8/2022 19:00,0
11/8/2022 20:00,0
11/8/2022 21:00,0
11/8/2022 22:00,0
11/8/2022 23:00,0
11/9/2022 0:00,0
11/9/2022 1:00,0
11/9/2022 2:00,0
11/9/2022 3:00,0
11/9/2022 4:00,0
11/9/2022 5:00,0
11/9/2022 6:00,0.864
11/9/2022 7:00,11.613
11/9/2022 8:00,26.204
11/9/2022 9:00,39.772
11/9/2022 10:00,52.729
11/9/2022 11:00,51.842
11/9/2022 12:00,37.566
11/9/2022 13:00,14.607
11/9/2022 14:00,0.441
11/9/2022 15:00,0
11/9/2022 16:00,0
11/9/2022 17:00,0
11/9/2022 18:00,0
11/9/2022 19:00,0
11/9/2022 20:00,0
11/9/2022 21:00,0
11/9/2022 22:00,0
11/9/2022 23:00,0
11/10/2022 0:00,0
11/10/2022 1:00,0
11/10/2022 2:00,0
11/10/2022 3:00,0
11/10/2022 4:00,0
11/10/2022 5:00,0
11/10/2022 6:00,1.121
11/10/2022 7:00,16.21
11/10/2022 8:00,39.16
11/10/2022 9:00,57.612
11/10/2022 10:00,66.204
11/10/2022 11:00,60.5
11/10/2022 12:00,38.791
11/10/2022 13:00,12.918
11/10/2022 14:00,0.252
11/10/2022 15:00,0
11/10/2022 16:00,0
11/10/2022 17:00,0
11/10/2022 18:00,0
11/10/2022 19:00,0
11/10/2022 20:00,0
11/10/2022 21:00,0
11/10/2022 22:00,0
11/10/2022 23:00,0
11/11/2022 0:00,0
11/11/2022 1:00,0
11/11/2022 2:00,0
11/11/2022 3:00,0
11/11/2022 4:00,0
11/11/2022 5:00,0
11/11/2022 6:00,0.24
11/11/2022 7:00,3.471
11/11/2022 8:00,9.744
11/11/2022 9:00,18.888
11/11/2022 10:00,32.987
11/11/2022 11:00,38.468
11/11/2022 12:00,29.284
11/11/2022 13:00,11.028
11/11/2022 14:00,0.16
11/11/2022 15:00,0
11/11/2022 16:00,0
11/11/2022 17:00,0
11/11/2022 18:00,0
11/11/2022 19:00,0
11/11/2022 20:00,0
11/11/2022 21:00,0
11/11/2022 22:00,0
11/11/2022 23:00,0
11/12/2022 0:00,0
11/12/2022 1:00,0
11/12/2022 2:00,0
11/12/2022 3:00,0
11/12/2022 4:00,0
11/12/2022 5:00,0
11/12/2022 6:00,1.51
11/12/2022 7:00,37.197
11/12/2022 8:00,95.411
11/12/2022 9:00,136.594
11/12/2022 10:00,150.261
11/12/2022 11:00,132.08
11/12/2022 12:00,83.744
11/12/2022 13:00,24.504
11/12/2022 14:00,0.176
11/12/2022 15:00,0
11/12/2022 16:00,0
11/12/2022 17:00,0
11/12/2022 18:00,0
11/12/2022 19:00,0
11/12/2022 20:00,0
11/12/2022 21:00,0
11/12/2022 22:00,0
11/12/2022 23:00,0
11/13/2022 0:00,0
11/13/2022 1:00,0
11/13/2022 2:00,0
11/13/2022 3:00,0
11/13/2022 4:00,0
11/13/2022 5:00,0
11/13/2022 6:00,1.399
11/13/2022 7:00,26.612
11/13/2022 8:00,62.394
11/13/2022 9:00,107.118
11/13/2022 10:00,123.22
11/13/2022 11:00,108.959
11/13/2022 12:00,70.3
11/13/2022 13:00,20.496
11/13/2022 14:00,0.102
11/13/2022 15:00,0
11/13/2022 16:00,0
11/13/2022 17:00,0
11/13/2022 18:00,0
11/13/2022 19:00,0
11/13/2022 20:00,0
11/13/2022 21:00,0
11/13/2022 22:00,0
11/13/2022 23:00,0
11/14/2022 0:00,0
11/14/2022 1:00,0
11/14/2022 2:00,0
11/14/2022 3:00,0
11/14/2022 4:00,0
11/14/2022 5:00,0
11/14/2022 6:00,0.509
11/14/2022 7:00,11.936
11/14/2022 8:00,28.081
11/14/2022 9:00,40.095
11/14/2022 10:00,43.727
11/14/2022 11:00,37.898
11/14/2022 12:00,24.06
11/14/2022 13:00,6.415
11/14/2022 14:00,0.009
11/14/2022 15:00,0
11/14/2022 16:00,0
11/14/2022 17:00,0
11/14/2022 18:00,0
11/14/2022 19:00,0
11/14/2022 20:00,0
11/14/2022 21:00,0
11/14/2022 22:00,0
11/14/2022 23:00,0
11/15/2022 0:00,0
11/15/2022 1:00,0
11/15/2022 2:00,0
11/15/2022 3:00,0
11/15/2022 4:00,0
11/15/2022 5:00,0
11/15/2022 6:00,0.351
11/15/2022 7:00,16.625
11/15/2022 8:00,50.794
11/15/2022 9:00,79.744
11/15/2022 10:00,89.157
11/15/2022 11:00,76.148
11/15/2022 12:00,46.575
11/15/2022 13:00,11.847
11/15/2022 14:00,0.027
11/15/2022 15:00,0
11/15/2022 16:00,0
11/15/2022 17:00,0
11/15/2022 18:00,0
11/15/2022 19:00,0
11/15/2022 20:00,0
11/15/2022 21:00,0
11/15/2022 22:00,0
11/15/2022 23:00,0
11/16/2022 0:00,0
11/16/2022 1:00,0
11/16/2022 2:00,0
11/16/2022 3:00,0
11/16/2022 4:00,0
11/16/2022 5:00,0
11/16/2022 6:00,0.441
11/16/2022 7:00,20.808
11/16/2022 8:00,60.384
11/16/2022 9:00,90.191
11/16/2022 10:00,100.588
11/16/2022 11:00,87.787
11/16/2022 12:00,52.622
11/16/2022 13:00,12.86
11/16/2022 14:00,0.013
11/16/2022 15:00,0
11/16/2022 16:00,0
11/16/2022 17:00,0
11/16/2022 18:00,0
11/16/2022 19:00,0
11/16/2022 20:00,0
11/16/2022 21:00,0
11/16/2022 22:00,0
11/16/2022 23:00,0
11/17/2022 0:00,0
11/17/2022 1:00,0
11/17/2022 2:00,0
11/17/2022 3:00,0
11/17/2022 4:00,0
11/17/2022 5:00,0
11/17/2022 6:00,0.296
11/17/2022 7:00,19.416
11/17/2022 8:00,60.032
11/17/2022 9:00,83.228
11/17/2022 10:00,90.541
11/17/2022 11:00,76.383
11/17/2022 12:00,45.663
11/17/2022 13:00,10.535
11/17/2022 14:00,0.007
11/17/2022 15:00,0
11/17/2022 16:00,0
11/17/2022 17:00,0
11/17/2022 18:00,0
11/17/2022 19:00,0
11/17/2022 20:00,0
11/17/2022 21:00,0
11/17/2022 22:00,0
11/17/2022 23:00,0
11/18/2022 0:00,0
11/18/2022 1:00,0
11/18/2022 2:00,0
11/18/2022 3:00,0
11/18/2022 4:00,0
11/18/2022 5:00,0
11/18/2022 6:00,0.242
11/18/2022 7:00,20.186
11/18/2022 8:00,59.437
11/18/2022 9:00,90.968
11/18/2022 10:00,107.897
11/18/2022 11:00,96.911
11/18/2022 12:00,58.244
11/18/2022 13:00,12.203
11/18/2022 14:00,0.004
11/18/2022 15:00,0
11/18/2022 16:00,0
11/18/2022 17:00,0
11/18/2022 18:00,0
11/18/2022 19:00,0
11/18/2022 20:00,0
11/18/2022 21:00,0
11/18/2022 22:00,0
11/18/2022 23:00,0
11/19/2022 0:00,0
11/19/2022 1:00,0
11/19/2022 2:00,0
11/19/2022 3:00,0
11/19/2022 4:00,0
11/19/2022 5:00,0
11/19/2022 6:00,0.164
11/19/2022 7:00,20.869
11/19/2022 8:00,65.698
11/19/2022 9:00,92.267
11/19/2022 10:00,102.336
11/19/2022 11:00,83.323
11/19/2022 12:00,46.054
11/19/2022 13:00,8.012
11/19/2022 14:00,0.001
11/19/2022 15:00,0
11/19/2022 16:00,0
11/19/2022 17:00,0
11/19/2022 18:00,0
11/19/2022 19:00,0
11/19/2022 20:00,0
11/19/2022 21:00,0
11/19/2022 22:00,0
11/19/2022 23:00,0
11/20/2022 0:00,0
11/20/2022 1:00,0
11/20/2022 2:00,0
11/20/2022 3:00,0
11/20/2022 4:00,0
11/20/2022 5:00,0
11/20/2022 6:00,0.06
11/20/2022 7:00,12.411
11/20/2022 8:00,45.011
11/20/2022 9:00,72.443
11/20/2022 10:00,78.42
11/20/2022 11:00,62.39
11/20/2022 12:00,31.718
11/20/2022 13:00,4.609
11/20/2022 14:00,0.001
11/20/2022 15:00,0
11/20/2022 16:00,0
11/20/2022 17:00,0
11/20/2022 18:00,0
11/20/2022 19:00,0
11/20/2022 20:00,0
11/20/2022 21:00,0
11/20/2022 22:00,0
11/20/2022 23:00,0
11/21/2022 0:00,0
11/21/2022 1:00,0
11/21/2022 2:00,0
11/21/2022 3:00,0
11/21/2022 4:00,0
11/21/2022 5:00,0
11/21/2022 6:00,0.038
11/21/2022 7:00,10.24
11/21/2022 8:00,35.749
11/21/2022 9:00,55.044
11/21/2022 10:00,60.356
11/21/2022 11:00,47.615
11/21/2022 12:00,23.712
11/21/2022 13:00,3.274
11/21/2022 14:00,0
11/21/2022 15:00,0
11/21/2022 16:00,0
11/21/2022 17:00,0
11/21/2022 18:00,0
11/21/2022 19:00,0
11/21/2022 20:00,0
11/21/2022 21:00,0
11/21/2022 22:00,0
11/21/2022 23:00,0
11/22/2022 0:00,0
11/22/2022 1:00,0
11/22/2022 2:00,0
11/22/2022 3:00,0
11/22/2022 4:00,0
11/22/2022 5:00,0
11/22/2022 6:00,0.021
11/22/2022 7:00,12.586
11/22/2022 8:00,49.342
11/22/2022 9:00,78.987
11/22/2022 10:00,85.924
11/22/2022 11:00,71.696
11/22/2022 12:00,39.415
11/22/2022 13:00,6.079
11/22/2022 14:00,0
11/22/2022 15:00,0
11/22/2022 16:00,0
11/22/2022 17:00,0
11/22/2022 18:00,0
11/22/2022 19:00,0
11/22/2022 20:00,0
11/22/2022 21:00,0
11/22/2022 22:00,0
11/22/2022 23:00,0
11/23/2022 0:00,0
11/23/2022 1:00,0
11/23/2022 2:00,0
11/23/2022 3:00,0
11/23/2022 4:00,0
11/23/2022 5:00,0
11/23/2022 6:00,0.008
11/23/2022 7:00,11.35
11/23/2022 8:00,45.873
11/23/2022 9:00,74.261
11/23/2022 10:00,83.996
11/23/2022 11:00,66.059
11/23/2022 12:00,32.855
11/23/2022 13:00,3.921
11/23/2022 14:00,0
11/23/2022 15:00,0
11/23/2022 16:00,0
11/23/2022 17:00,0
11/23/2022 18:00,0
11/23/2022 19:00,0
11/23/2022 20:00,0
11/23/2022 21:00,0
11/23/2022 22:00,0
11/23/2022 23:00,0
11/24/2022 0:00,0
11/24/2022 1:00,0
11/24/2022 2:00,0
11/24/2022 3:00,0
11/24/2022 4:00,0
11/24/2022 5:00,0
11/24/2022 6:00,0.003
11/24/2022 7:00,6.397
11/24/2022 8:00,26.174
11/24/2022 9:00,39.515
11/24/2022 10:00,43.924
11/24/2022 11:00,36.991
11/24/2022 12:00,20.224
11/24/2022 13:00,2.57
11/24/2022 14:00,0
11/24/2022 15:00,0
11/24/2022 16:00,0
11/24/2022 17:00,0
11/24/2022 18:00,0
11/24/2022 19:00,0
11/24/2022 20:00,0
11/24/2022 21:00,0
11/24/2022 22:00,0
11/24/2022 23:00,0
11/25/2022 0:00,0
11/25/2022 1:00,0
11/25/2022 2:00,0
11/25/2022 3:00,0
11/25/2022 4:00,0
11/25/2022 5:00,0
11/25/2022 6:00,0.001
11/25/2022 7:00,7.473
11/25/2022 8:00,34.165
11/25/2022 9:00,60.046
11/25/2022 10:00,68.009
11/25/2022 11:00,54.838
11/25/2022 12:00,26.392
11/25/2022 13:00,2.973
11/25/2022 14:00,0
11/25/2022 15:00,0
11/25/2022 16:00,0
11/25/2022 17:00,0
11/25/2022 18:00,0
11/25/2022 19:00,0
11/25/2022 20:00,0
11/25/2022 21:00,0
11/25/2022 22:00,0
11/25/2022 23:00,0
11/26/2022 0:00,0
11/26/2022 1:00,0
11/26/2022 2:00,0
11/26/2022 3:00,0
11/26/2022 4:00,0
11/26/2022 5:00,0
11/26/2022 6:00,0
11/26/2022 7:00,6.813
11/26/2022 8:00,32.839
11/26/2022 9:00,54.27
11/26/2022 10:00,59.782
11/26/2022 11:00,49.526
11/26/2022 12:00,23.436
11/26/2022 13:00,2.17
11/26/2022 14:00,0
11/26/2022 15:00,0
11/26/2022 16:00,0
11/26/2022 17:00,0
11/26/2022 18:00,0
11/26/2022 19:00,0
11/26/2022 20:00,0
11/26/2022 21:00,0
11/26/2022 22:00,0
11/26/2022 23:00,0
11/27/2022 0:00,0
11/27/2022 1:00,0
11/27/2022 2:00,0
11/27/2022 3:00,0
11/27/2022 4:00,0
11/27/2022 5:00,0
11/27/2022 6:00,0
11/27/2022 7:00,3.39
11/27/2022 8:00,18.92
11/27/2022 9:00,36.063
11/27/2022 10:00,45.646
11/27/2022 11:00,39.654
11/27/2022 12:00,18.763
11/27/2022 13:00,1.575
11/27/2022 14:00,0
11/27/2022 15:00,0
11/27/2022 16:00,0
11/27/2022 17:00,0
11/27/2022 18:00,0
11/27/2022 19:00,0
11/27/2022 20:00,0
11/27/2022 21:00,0
11/27/2022 22:00,0
11/27/2022 23:00,0
11/28/2022 0:00,0
11/28/2022 1:00,0
11/28/2022 2:00,0
11/28/2022 3:00,0
11/28/2022 4:00,0
11/28/2022 5:00,0
11/28/2022 6:00,0
11/28/2022 7:00,4.609
11/28/2022 8:00,28.467
11/28/2022 9:00,52.264
11/28/2022 10:00,60.66
11/28/2022 11:00,49.167
11/28/2022 12:00,22.535
11/28/2022 13:00,1.79
11/28/2022 14:00,0
11/28/2022 15:00,0
11/28/2022 16:00,0
11/28/2022 17:00,0
11/28/2022 18:00,0
11/28/2022 19:00,0
11/28/2022 20:00,0
11/28/2022 21:00,0
11/28/2022 22:00,0
11/28/2022 23:00,0
11/29/2022 0:00,0
11/29/2022 1:00,0
11/29/2022 2:00,0
11/29/2022 3:00,0
11/29/2022 4:00,0
11/29/2022 5:00,0
11/29/2022 6:00,0
11/29/2022 7:00,5.162
11/29/2022 8:00,30.906
11/29/2022 9:00,53.393
11/29/2022 10:00,57.953
11/29/2022 11:00,45.368
11/29/2022 12:00,20.076
11/29/2022 13:00,1.279
11/29/2022 14:00,0
11/29/2022 15:00,0
11/29/2022 16:00,0
11/29/2022 17:00,0
11/29/2022 18:00,0
11/29/2022 19:00,0
11/29/2022 20:00,0
11/29/2022 21:00,0
11/29/2022 22:00,0
11/29/2022 23:00,0
11/30/2022 0:00,0
11/30/2022 1:00,0
11/30/2022 2:00,0
11/30/2022 3:00,0
11/30/2022 4:00,0
11/30/2022 5:00,0
11/30/2022 6:00,0
11/30/2022 7:00,2.231
11/30/2022 8:00,15.325
11/30/2022 9:00,30.187
11/30/2022 10:00,36.006
11/30/2022 11:00,29.782
11/30/2022 12:00,14.897
11/30/2022 13:00,1.138
11/30/2022 14:00,0
11/30/2022 15:00,0
11/30/2022 16:00,0
11/30/2022 17:00,0
11/30/2022 18:00,0
11/30/2022 19:00,0
11/30/2022 20:00,0
11/30/2022 21:00,0
11/30/2022 22:00,0
11/30/2022 23:00,0
12/1/2022 0:00,0
12/1/2022 1:00,0
12/1/2022 2:00,0
12/1/2022 3:00,0
12/1/2022 4:00,0
12/1/2022 5:00,0
12/1/2022 6:00,0
12/1/2022 7:00,2.95
12/1/2022 8:00,18.475
12/1/2022 9:00,32.523
12/1/2022 10:00,37.284
12/1/2022 11:00,31.127
12/1/2022 12:00,14.401
12/1/2022 13:00,0.854
12/1/2022 14:00,0
12/1/2022 15:00,0
12/1/2022 16:00,0
12/1/2022 17:00,0
12/1/2022 18:00,0
12/1/2022 19:00,0
12/1/2022 20:00,0
12/1/2022 21:00,0
12/1/2022 22:00,0
12/1/2022 23:00,0
12/2/2022 0:00,0
12/2/2022 1:00,0
12/2/2022 2:00,0
12/2/2022 3:00,0
12/2/2022 4:00,0
12/2/2022 5:00,0
12/2/2022 6:00,0
12/2/2022 7:00,2.958
12/2/2022 8:00,21.558
12/2/2022 9:00,41.822
12/2/2022 10:00,51.575
12/2/2022 11:00,43.157
12/2/2022 12:00,19.789
12/2/2022 13:00,1.101
12/2/2022 14:00,0
12/2/2022 15:00,0
12/2/2022 16:00,0
12/2/2022 17:00,0
12/2/2022 18:00,0
12/2/2022 19:00,0
12/2/2022 20:00,0
12/2/2022 21:00,0
12/2/2022 22:00,0
12/2/2022 23:00,0
12/3/2022 0:00,0
12/3/2022 1:00,0
12/3/2022 2:00,0
12/3/2022 3:00,0
12/3/2022 4:00,0
12/3/2022 5:00,0
12/3/2022 6:00,0
12/3/2022 7:00,2.566
12/3/2022 8:00,22.637
12/3/2022 9:00,43.902
12/3/2022 10:00,48.973
12/3/2022 11:00,37.531
12/3/2022 12:00,15.258
12/3/2022 13:00,0.692
12/3/2022 14:00,0
12/3/2022 15:00,0
12/3/2022 16:00,0
12/3/2022 17:00,0
12/3/2022 18:00,0
12/3/2022 19:00,0
12/3/2022 20:00,0
12/3/2022 21:00,0
12/3/2022 22:00,0
12/3/2022 23:00,0
12/4/2022 0:00,0
12/4/2022 1:00,0
12/4/2022 2:00,0
12/4/2022 3:00,0
12/4/2022 4:00,0
12/4/2022 5:00,0
12/4/2022 6:00,0
12/4/2022 7:00,1.834
12/4/2022 8:00,18.395
12/4/2022 9:00,37.011
12/4/2022 10:00,43.571
12/4/2022 11:00,34.585
12/4/2022 12:00,14.854
12/4/2022 13:00,0.655
12/4/2022 14:00,0
12/4/2022 15:00,0
12/4/2022 16:00,0
12/4/2022 17:00,0
12/4/2022 18:00,0
12/4/2022 19:00,0
12/4/2022 20:00,0
12/4/2022 21:00,0
12/4/2022 22:00,0
12/4/2022 23:00,0
12/5/2022 0:00,0
12/5/2022 1:00,0
12/5/2022 2:00,0
12/5/2022 3:00,0
12/5/2022 4:00,0
12/5/2022 5:00,0
12/5/2022 6:00,0
12/5/2022 7:00,2.705
12/5/2022 8:00,23.464
12/5/2022 9:00,44.111
12/5/2022 10:00,50.862
12/5/2022 11:00,39.139
12/5/2022 12:00,15.414
12/5/2022 13:00,0.592
12/5/2022 14:00,0
12/5/2022 15:00,0
12/5/2022 16:00,0
12/5/2022 17:00,0
12/5/2022 18:00,0
12/5/2022 19:00,0
12/5/2022 20:00,0
12/5/2022 21:00,0
12/5/2022 22:00,0
12/5/2022 23:00,0
12/6/2022 0:00,0
12/6/2022 1:00,0
12/6/2022 2:00,0
12/6/2022 3:00,0
12/6/2022 4:00,0
12/6/2022 5:00,0
12/6/2022 6:00,0
12/6/2022 7:00,0.715
12/6/2022 8:00,9.803
12/6/2022 9:00,20.447
12/6/2022 10:00,24.398
12/6/2022 11:00,18.838
12/6/2022 12:00,7.158
12/6/2022 13:00,0.205
12/6/2022 14:00,0
12/6/2022 15:00,0
12/6/2022 16:00,0
12/6/2022 17:00,0
12/6/2022 18:00,0
12/6/2022 19:00,0
12/6/2022 20:00,0
12/6/2022 21:00,0
12/6/2022 22:00,0
12/6/2022 23:00,0
12/7/2022 0:00,0
12/7/2022 1:00,0
12/7/2022 2:00,0
12/7/2022 3:00,0
12/7/2022 4:00,0
12/7/2022 5:00,0
12/7/2022 6:00,0
12/7/2022 7:00,0.829
12/7/2022 8:00,10.833
12/7/2022 9:00,21.623
12/7/2022 10:00,23.354
12/7/2022 11:00,16.179
12/7/2022 12:00,5.375
12/7/2022 13:00,0.127
12/7/2022 14:00,0
12/7/2022 15:00,0
12/7/2022 16:00,0
12/7/2022 17:00,0
12/7/2022 18:00,0
12/7/2022 19:00,0
12/7/2022 20:00,0
12/7/2022 21:00,0
12/7/2022 22:00,0
12/7/2022 23:00,0
12/8/2022 0:00,0
12/8/2022 1:00,0
12/8/2022 2:00,0
12/8/2022 3:00,0
12/8/2022 4:00,0
12/8/2022 5:00,0
12/8/2022 6:00,0
12/8/2022 7:00,0.606
12/8/2022 8:00,8.421
12/8/2022 9:00,18.178
12/8/2022 10:00,22.534
12/8/2022 11:00,18.114
12/8/2022 12:00,6.81
12/8/2022 13:00,0.142
12/8/2022 14:00,0
12/8/2022 15:00,0
12/8/2022 16:00,0
12/8/2022 17:00,0
12/8/2022 18:00,0
12/8/2022 19:00,0
12/8/2022 20:00,0
12/8/2022 21:00,0
12/8/2022 22:00,0
12/8/2022 23:00,0
12/9/2022 0:00,0
12/9/2022 1:00,0
12/9/2022 2:00,0
12/9/2022 3:00,0
12/9/2022 4:00,0
12/9/2022 5:00,0
12/9/2022 6:00,0
12/9/2022 7:00,1.092
12/9/2022 8:00,13.742
12/9/2022 9:00,28.119
12/9/2022 10:00,32.728
12/9/2022 11:00,24.777
12/9/2022 12:00,9.163
12/9/2022 13:00,0.175
12/9/2022 14:00,0
12/9/2022 15:00,0
12/9/2022 16:00,0
12/9/2022 17:00,0
12/9/2022 18:00,0
12/9/2022 19:00,0
12/9/2022 20:00,0
12/9/2022 21:00,0
12/9/2022 22:00,0
12/9/2022 23:00,0
12/10/2022 0:00,0
12/10/2022 1:00,0
12/10/2022 2:00,0
12/10/2022 3:00,0
12/10/2022 4:00,0
12/10/2022 5:00,0
12/10/2022 6:00,0
12/10/2022 7:00,0.405
12/10/2022 8:00,8.128
12/10/2022 9:00,19.297
12/10/2022 10:00,23.172
12/10/2022 11:00,17.013
12/10/2022 12:00,5.601
12/10/2022 13:00,0.089
12/10/2022 14:00,0
12/10/2022 15:00,0
12/10/2022 16:00,0
12/10/2022 17:00,0
12/10/2022 18:00,0
12/10/2022 19:00,0
12/10/2022 20:00,0
12/10/2022 21:00,0
12/10/2022 22:00,0
12/10/2022 23:00,0
12/11/2022 0:00,0
12/11/2022 1:00,0
12/11/2022 2:00,0
12/11/2022 3:00,0
12/11/2022 4:00,0
12/11/2022 5:00,0
12/11/2022 6:00,0
12/11/2022 7:00,0.668
12/11/2022 8:00,10.227
12/11/2022 9:00,23.061
12/11/2022 10:00,31.162
12/11/2022 11:00,25.759
12/11/2022 12:00,9.708
12/11/2022 13:00,0.15
12/11/2022 14:00,0
12/11/2022 15:00,0
12/11/2022 16:00,0
12/11/2022 17:00,0
12/11/2022 18:00,0
12/11/2022 19:00,0
12/11/2022 20:00,0
12/11/2022 21:00,0
12/11/2022 22:00,0
12/11/2022 23:00,0
12/12/2022 0:00,0
12/12/2022 1:00,0
12/12/2022 2:00,0
12/12/2022 3:00,0
12/12/2022 4:00,0
12/12/2022 5:00,0
12/12/2022 6:00,0
12/12/2022 7:00,0.724
12/12/2022 8:00,10.04
12/12/2022 9:00,20.821
12/12/2022 10:00,22.049
12/12/2022 11:00,14.349
12/12/2022 12:00,3.757
12/12/2022 13:00,0.027
12/12/2022 14:00,0
12/12/2022 15:00,0
12/12/2022 16:00,0
12/12/2022 17:00,0
12/12/2022 18:00,0
12/12/2022 19:00,0
12/12/2022 20:00,0
12/12/2022 21:00,0
12/12/2022 22:00,0
12/12/2022 23:00,0
12/13/2022 0:00,0
12/13/2022 1:00,0
12/13/2022 2:00,0
12/13/2022 3:00,0
12/13/2022 4:00,0
12/13/2022 5:00,0
12/13/2022 6:00,0
12/13/2022 7:00,0.466
12/13/2022 8:00,8.866
12/13/2022 9:00,19.324
12/13/2022 10:00,21.138
12/13/2022 11:00,14.28
12/13/2022 12:00,4.252
12/13/2022 13:00,0.04
12/13/2022 14:00,0
12/13/2022 15:00,0
12/13/2022 16:00,0
12/13/2022 17:00,0
12/13/2022 18:00,0
12/13/2022 19:00,0
12/13/2022 20:00,0
12/13/2022 21:00,0
12/13/2022 22:00,0
12/13/2022 23:00,0
12/14/2022 0:00,0
12/14/2022 1:00,0
12/14/2022 2:00,0
12/14/2022 3:00,0
12/14/2022 4:00,0
12/14/2022 5:00,0
12/14/2022 6:00,0
12/14/2022 7:00,0.885
12/14/2022 8:00,15.686
12/14/2022 9:00,35.458
12/14/2022 10:00,36.857
12/14/2022 11:00,24.388
12/14/2022 12:00,6.093
12/14/2022 13:00,0.043
12/14/2022 14:00,0
12/14/2022 15:00,0
12/14/2022 16:00,0
12/14/2022 17:00,0
12/14/2022 18:00,0
12/14/2022 19:00,0
12/14/2022 20:00,0
12/14/2022 21:00,0
12/14/2022 22:00,0
12/14/2022 23:00,0
12/15/2022 0:00,0
12/15/2022 1:00,0
12/15/2022 2:00,0
12/15/2022 3:00,0
12/15/2022 4:00,0
12/15/2022 5:00,0
12/15/2022 6:00,0
12/15/2022 7:00,0.552
12/15/2022 8:00,11.169
12/15/2022 9:00,25.65
12/15/2022 10:00,31.521
12/15/2022 11:00,24.03
12/15/2022 12:00,7.855
12/15/2022 13:00,0.064
12/15/2022 14:00,0
12/15/2022 15:00,0
12/15/2022 16:00,0
12/15/2022 17:00,0
12/15/2022 18:00,0
12/15/2022 19:00,0
12/15/2022 20:00,0
12/15/2022 21:00,0
12/15/2022 22:00,0
12/15/2022 23:00,0
12/16/2022 0:00,0
12/16/2022 1:00,0
12/16/2022 2:00,0
12/16/2022 3:00,0
12/16/2022 4:00,0
12/16/2022 5:00,0
12/16/2022 6:00,0
12/16/2022 7:00,0.691
12/16/2022 8:00,13.996
12/16/2022 9:00,33.927
12/16/2022 10:00,40.872
12/16/2022 11:00,30.292
12/16/2022 12:00,9.367
12/16/2022 13:00,0.078
12/16/2022 14:00,0
12/16/2022 15:00,0
12/16/2022 16:00,0
12/16/2022 17:00,0
12/16/2022 18:00,0
12/16/2022 19:00,0
12/16/2022 20:00,0
12/16/2022 21:00,0
12/16/2022 22:00,0
12/16/2022 23:00,0
12/17/2022 0:00,0
12/17/2022 1:00,0
12/17/2022 2:00,0
12/17/2022 3:00,0
12/17/2022 4:00,0
12/17/2022 5:00,0
12/17/2022 6:00,0
12/17/2022 7:00,0.787
12/17/2022 8:00,16.791
12/17/2022 9:00,37.506
12/17/2022 10:00,42.847
12/17/2022 11:00,31.131
12/17/2022 12:00,9.668
12/17/2022 13:00,0.058
12/17/2022 14:00,0
12/17/2022 15:00,0
12/17/2022 16:00,0
12/17/2022 17:00,0
12/17/2022 18:00,0
12/17/2022 19:00,0
12/17/2022 20:00,0
12/17/2022 21:00,0
12/17/2022 22:00,0
12/17/2022 23:00,0
12/18/2022 0:00,0
12/18/2022 1:00,0
12/18/2022 2:00,0
12/18/2022 3:00,0
12/18/2022 4:00,0
12/18/2022 5:00,0
12/18/2022 6:00,0
12/18/2022 7:00,0.42
12/18/2022 8:00,8.942
12/18/2022 9:00,21.487
12/18/2022 10:00,24.201
12/18/2022 11:00,16.837
12/18/2022 12:00,4.686
12/18/2022 13:00,0.015
12/18/2022 14:00,0
12/18/2022 15:00,0
12/18/2022 16:00,0
12/18/2022 17:00,0
12/18/2022 18:00,0
12/18/2022 19:00,0
12/18/2022 20:00,0
12/18/2022 21:00,0
12/18/2022 22:00,0
12/18/2022 23:00,0
12/19/2022 0:00,0
12/19/2022 1:00,0
12/19/2022 2:00,0
12/19/2022 3:00,0
12/19/2022 4:00,0
12/19/2022 5:00,0
12/19/2022 6:00,0
12/19/2022 7:00,0.554
12/19/2022 8:00,11.123
12/19/2022 9:00,23.999
12/19/2022 10:00,26.821
12/19/2022 11:00,17.932
12/19/2022 12:00,4.518
12/19/2022 13:00,0.032
12/19/2022 14:00,0
12/19/2022 15:00,0
12/19/2022 16:00,0
12/19/2022 17:00,0
12/19/2022 18:00,0
12/19/2022 19:00,0
12/19/2022 20:00,0
12/19/2022 21:00,0
12/19/2022 22:00,0
12/19/2022 23:00,0
12/20/2022 0:00,0
12/20/2022 1:00,0
12/20/2022 2:00,0
12/20/2022 3:00,0
12/20/2022 4:00,0
12/20/2022 5:00,0
12/20/2022 6:00,0
12/20/2022 7:00,0.477
12/20/2022 8:00,7.43
12/20/2022 9:00,15.076
12/20/2022 10:00,19.458
12/20/2022 11:00,13.976
12/20/2022 12:00,3.405
12/20/2022 13:00,0.007
12/20/2022 14:00,0
12/20/2022 15:00,0
12/20/2022 16:00,0
12/20/2022 17:00,0
12/20/2022 18:00,0
12/20/2022 19:00,0
12/20/2022 20:00,0
12/20/2022 21:00,0
12/20/2022 22:00,0
12/20/2022 23:00,0
12/21/2022 0:00,0
12/21/2022 1:00,0
12/21/2022 2:00,0
12/21/2022 3:00,0
12/21/2022 4:00,0
12/21/2022 5:00,0
12/21/2022 6:00,0
12/21/2022 7:00,0.035
12/21/2022 8:00,1.564
12/21/2022 9:00,4.943
12/21/2022 10:00,7.525
12/21/2022 11:00,4.934
12/21/2022 12:00,0.928
12/21/2022 13:00,0.013
12/21/2022 14:00,0
12/21/2022 15:00,0
12/21/2022 16:00,0
12/21/2022 17:00,0
12/21/2022 18:00,0
12/21/2022 19:00,0
12/21/2022 20:00,0
12/21/2022 21:00,0
12/21/2022 22:00,0
12/21/2022 23:00,0
12/22/2022 0:00,0
12/22/2022 1:00,0
12/22/2022 2:00,0
12/22/2022 3:00,0
12/22/2022 4:00,0
12/22/2022 5:00,0
12/22/2022 6:00,0
12/22/2022 7:00,0.11
12/22/2022 8:00,3.671
12/22/2022 9:00,8.896
12/22/2022 10:00,9.964
12/22/2022 11:00,6.71
12/22/2022 12:00,1.673
12/22/2022 13:00,0.017
12/22/2022 14:00,0
12/22/2022 15:00,0
12/22/2022 16:00,0
12/22/2022 17:00,0
12/22/2022 18:00,0
12/22/2022 19:00,0
12/22/2022 20:00,0
12/22/2022 21:00,0
12/22/2022 22:00,0
12/22/2022 23:00,0
12/23/2022 0:00,0
12/23/2022 1:00,0
12/23/2022 2:00,0
12/23/2022 3:00,0
12/23/2022 4:00,0
12/23/2022 5:00,0
12/23/2022 6:00,0
12/23/2022 7:00,0.111
12/23/2022 8:00,4.335
12/23/2022 9:00,11.498
12/23/2022 10:00,14.564
12/23/2022 11:00,10.118
12/23/2022 12:00,2.929
12/23/2022 13:00,0.032
12/23/2022 14:00,0
12/23/2022 15:00,0
12/23/2022 16:00,0
12/23/2022 17:00,0
12/23/2022 18:00,0
12/23/2022 19:00,0
12/23/2022 20:00,0
12/23/2022 21:00,0
12/23/2022 22:00,0
12/23/2022 23:00,0
12/24/2022 0:00,0
12/24/2022 1:00,0
12/24/2022 2:00,0
12/24/2022 3:00,0
12/24/2022 4:00,0
12/24/2022 5:00,0
12/24/2022 6:00,0
12/24/2022 7:00,0.744
12/24/2022 8:00,15.707
12/24/2022 9:00,36.397
12/24/2022 10:00,43.313
12/24/2022 11:00,31.717
12/24/2022 12:00,9.575
12/24/2022 13:00,0.07
12/24/2022 14:00,0
12/24/2022 15:00,0
12/24/2022 16:00,0
12/24/2022 17:00,0
12/24/2022 18:00,0
12/24/2022 19:00,0
12/24/2022 20:00,0
12/24/2022 21:00,0
12/24/2022 22:00,0
12/24/2022 23:00,0
12/25/2022 0:00,0
12/25/2022 1:00,0
12/25/2022 2:00,0
12/25/2022 3:00,0
12/25/2022 4:00,0
12/25/2022 5:00,0
12/25/2022 6:00,0
12/25/2022 7:00,0.763
12/25/2022 8:00,15.915
12/25/2022 9:00,36.877
12/25/2022 10:00,44.138
12/25/2022 11:00,32.1
12/25/2022 12:00,10.05
12/25/2022 13:00,0.078
12/25/2022 14:00,0
12/25/2022 15:00,0
12/25/2022 16:00,0
12/25/2022 17:00,0
12/25/2022 18:00,0
12/25/2022 19:00,0
12/25/2022 20:00,0
12/25/2022 21:00,0
12/25/2022 22:00,0
12/25/2022 23:00,0
12/26/2022 0:00,0
12/26/2022 1:00,0
12/26/2022 2:00,0
12/26/2022 3:00,0
12/26/2022 4:00,0
12/26/2022 5:00,0
12/26/2022 6:00,0
12/26/2022 7:00,0.878
12/26/2022 8:00,16.145
12/26/2022 9:00,37.829
12/26/2022 10:00,46.258
12/26/2022 11:00,35.008
12/26/2022 12:00,11.084
12/26/2022 13:00,0.06
12/26/2022 14:00,0
12/26/2022 15:00,0
12/26/2022 16:00,0
12/26/2022 17:00,0
12/26/2022 18:00,0
12/26/2022 19:00,0
12/26/2022 20:00,0
12/26/2022 21:00,0
12/26/2022 22:00,0
12/26/2022 23:00,0
12/27/2022 0:00,0
12/27/2022 1:00,0
12/27/2022 2:00,0
12/27/2022 3:00,0
12/27/2022 4:00,0
12/27/2022 5:00,0
12/27/2022 6:00,0
12/27/2022 7:00,0.295
12/27/2022 8:00,6.72
12/27/2022 9:00,16.854
12/27/2022 10:00,23.168
12/27/2022 11:00,16.974
12/27/2022 12:00,5.275
12/27/2022 13:00,0.039
12/27/2022 14:00,0
12/27/2022 15:00,0
12/27/2022 16:00,0
12/27/2022 17:00,0
12/27/2022 18:00,0
12/27/2022 19:00,0
12/27/2022 20:00,0
12/27/2022 21:00,0
12/27/2022 22:00,0
12/27/2022 23:00,0
12/28/2022 0:00,0
12/28/2022 1:00,0
12/28/2022 2:00,0
12/28/2022 3:00,0
12/28/2022 4:00,0
12/28/2022 5:00,0
12/28/2022 6:00,0
12/28/2022 7:00,0.862
12/28/2022 8:00,15.997
12/28/2022 9:00,35.681
12/28/2022 10:00,41.994
12/28/2022 11:00,31.383
12/28/2022 12:00,10.035
12/28/2022 13:00,0.092
12/28/2022 14:00,0
12/28/2022 15:00,0
12/28/2022 16:00,0
12/28/2022 17:00,0
12/28/2022 18:00,0
12/28/2022 19:00,0
12/28/2022 20:00,0
12/28/2022 21:00,0
12/28/2022 22:00,0
12/28/2022 23:00,0
12/29/2022 0:00,0
12/29/2022 1:00,0
12/29/2022 2:00,0
12/29/2022 3:00,0
12/29/2022 4:00,0
12/29/2022 5:00,0
12/29/2022 6:00,0
12/29/2022 7:00,0.561
12/29/2022 8:00,10.799
12/29/2022 9:00,23.069
12/29/2022 10:00,24.108
12/29/2022 11:00,15.65
12/29/2022 12:00,4.281
12/29/2022 13:00,0.018
12/29/2022 14:00,0
12/29/2022 15:00,0
12/29/2022 16:00,0
12/29/2022 17:00,0
12/29/2022 18:00,0
12/29/2022 19:00,0
12/29/2022 20:00,0
12/29/2022 21:00,0
12/29/2022 22:00,0
12/29/2022 23:00,0
12/30/2022 0:00,0
12/30/2022 1:00,0
12/30/2022 2:00,0
12/30/2022 3:00,0
12/30/2022 4:00,0
12/30/2022 5:00,0
12/30/2022 6:00,0
12/30/2022 7:00,0.121
12/30/2022 8:00,3.481
12/30/2022 9:00,8.917
12/30/2022 10:00,12.854
12/30/2022 11:00,11.507
12/30/2022 12:00,4.342
12/30/2022 13:00,0.054
12/30/2022 14:00,0
12/30/2022 15:00,0
12/30/2022 16:00,0
12/30/2022 17:00,0
12/30/2022 18:00,0
12/30/2022 19:00,0
12/30/2022 20:00,0
12/30/2022 21:00,0
12/30/2022 22:00,0
12/30/2022 23:00,0
12/31/2022 0:00,0
12/31/2022 1:00,0
12/31/2022 2:00,0
12/31/2022 3:00,0
12/31/2022 4:00,0
12/31/2022 5:00,0
12/31/2022 6:00,0
12/31/2022 7:00,0.178
12/31/2022 8:00,3.382
12/31/2022 9:00,9.252
12/31/2022 10:00,10.595
12/31/2022 11:00,7.806
12/31/2022 12:00,2.874
12/31/2022 13:00,0.033
12/31/2022 14:00,0
12/31/2022 15:00,0
12/31/2022 16:00,0
12/31/2022 17:00,0
12/31/2022 18:00,0
12/31/2022 19:00,0
12/31/2022 20:00,0
12/31/2022 21:00,0
12/31/2022 22:00,0
12/31/2022 23:00,0
