# Renewables.ninja Weather (hourly 1980-2022)  -  Germany  -  renewables_ninja_country_DE_wind-speed_merra-2_pop-wtd.csv  -  Version 1.4,
# License: https://creativecommons.org/licenses/by-nc/4.0/  -  Reference: https://doi.org/10.1038/s41560-023-01341-5,
# Units: time in UTC; other columns are the wind speed at 2 metres above ground in m/s (U2M and V2M in MERRA-2) weighted by population; column names signify country ISO2 code or GADM level1 code.,
,
1/1/2022 0:00,3.667
1/1/2022 1:00,3.504
1/1/2022 2:00,3.379
1/1/2022 3:00,3.255
1/1/2022 4:00,3.07
1/1/2022 5:00,2.907
1/1/2022 6:00,2.772
1/1/2022 7:00,2.676
1/1/2022 8:00,2.93
1/1/2022 9:00,3.097
1/1/2022 10:00,2.98
1/1/2022 11:00,2.895
1/1/2022 12:00,2.735
1/1/2022 13:00,2.353
1/1/2022 14:00,1.929
1/1/2022 15:00,1.974
1/1/2022 16:00,2.195
1/1/2022 17:00,2.349
1/1/2022 18:00,2.518
1/1/2022 19:00,2.669
1/1/2022 20:00,2.763
1/1/2022 21:00,2.822
1/1/2022 22:00,2.883
1/1/2022 23:00,2.913
1/2/2022 0:00,2.938
1/2/2022 1:00,2.995
1/2/2022 2:00,3.018
1/2/2022 3:00,3.045
1/2/2022 4:00,3.051
1/2/2022 5:00,3.1
1/2/2022 6:00,3.21
1/2/2022 7:00,3.382
1/2/2022 8:00,3.731
1/2/2022 9:00,4.094
1/2/2022 10:00,4.36
1/2/2022 11:00,4.617
1/2/2022 12:00,4.867
1/2/2022 13:00,5.004
1/2/2022 14:00,5.037
1/2/2022 15:00,5.053
1/2/2022 16:00,5.034
1/2/2022 17:00,4.973
1/2/2022 18:00,5.002
1/2/2022 19:00,5.089
1/2/2022 20:00,5.126
1/2/2022 21:00,5.179
1/2/2022 22:00,5.196
1/2/2022 23:00,5.3
1/3/2022 0:00,5.498
1/3/2022 1:00,5.705
1/3/2022 2:00,5.787
1/3/2022 3:00,5.729
1/3/2022 4:00,5.619
1/3/2022 5:00,5.486
1/3/2022 6:00,5.319
1/3/2022 7:00,5.232
1/3/2022 8:00,5.384
1/3/2022 9:00,5.551
1/3/2022 10:00,5.754
1/3/2022 11:00,5.86
1/3/2022 12:00,5.773
1/3/2022 13:00,5.5
1/3/2022 14:00,5.128
1/3/2022 15:00,4.843
1/3/2022 16:00,4.697
1/3/2022 17:00,4.572
1/3/2022 18:00,4.451
1/3/2022 19:00,4.296
1/3/2022 20:00,4.123
1/3/2022 21:00,3.982
1/3/2022 22:00,3.842
1/3/2022 23:00,3.726
1/4/2022 0:00,3.601
1/4/2022 1:00,3.437
1/4/2022 2:00,3.308
1/4/2022 3:00,3.225
1/4/2022 4:00,3.147
1/4/2022 5:00,3.077
1/4/2022 6:00,3.046
1/4/2022 7:00,3.04
1/4/2022 8:00,3.216
1/4/2022 9:00,3.5
1/4/2022 10:00,3.65
1/4/2022 11:00,3.679
1/4/2022 12:00,3.729
1/4/2022 13:00,3.804
1/4/2022 14:00,3.692
1/4/2022 15:00,3.526
1/4/2022 16:00,3.312
1/4/2022 17:00,3.08
1/4/2022 18:00,2.86
1/4/2022 19:00,2.744
1/4/2022 20:00,2.742
1/4/2022 21:00,2.761
1/4/2022 22:00,2.803
1/4/2022 23:00,2.868
1/5/2022 0:00,3.12
1/5/2022 1:00,3.348
1/5/2022 2:00,3.649
1/5/2022 3:00,3.862
1/5/2022 4:00,4.177
1/5/2022 5:00,4.456
1/5/2022 6:00,4.657
1/5/2022 7:00,4.861
1/5/2022 8:00,5.291
1/5/2022 9:00,5.734
1/5/2022 10:00,6.11
1/5/2022 11:00,6.283
1/5/2022 12:00,6.221
1/5/2022 13:00,5.993
1/5/2022 14:00,5.604
1/5/2022 15:00,5.348
1/5/2022 16:00,5.305
1/5/2022 17:00,5.13
1/5/2022 18:00,4.868
1/5/2022 19:00,4.743
1/5/2022 20:00,4.657
1/5/2022 21:00,4.535
1/5/2022 22:00,4.392
1/5/2022 23:00,4.187
1/6/2022 0:00,3.92
1/6/2022 1:00,3.596
1/6/2022 2:00,3.335
1/6/2022 3:00,3.126
1/6/2022 4:00,2.977
1/6/2022 5:00,2.785
1/6/2022 6:00,2.632
1/6/2022 7:00,2.551
1/6/2022 8:00,2.862
1/6/2022 9:00,3.04
1/6/2022 10:00,3.012
1/6/2022 11:00,2.95
1/6/2022 12:00,2.753
1/6/2022 13:00,2.21
1/6/2022 14:00,1.282
1/6/2022 15:00,1.286
1/6/2022 16:00,1.464
1/6/2022 17:00,1.655
1/6/2022 18:00,1.853
1/6/2022 19:00,2.068
1/6/2022 20:00,2.272
1/6/2022 21:00,2.425
1/6/2022 22:00,2.553
1/6/2022 23:00,2.715
1/7/2022 0:00,2.916
1/7/2022 1:00,3.14
1/7/2022 2:00,3.356
1/7/2022 3:00,3.535
1/7/2022 4:00,3.678
1/7/2022 5:00,3.827
1/7/2022 6:00,3.916
1/7/2022 7:00,4.021
1/7/2022 8:00,4.159
1/7/2022 9:00,4.355
1/7/2022 10:00,4.564
1/7/2022 11:00,4.561
1/7/2022 12:00,4.391
1/7/2022 13:00,4.157
1/7/2022 14:00,3.916
1/7/2022 15:00,3.803
1/7/2022 16:00,3.772
1/7/2022 17:00,3.682
1/7/2022 18:00,3.645
1/7/2022 19:00,3.554
1/7/2022 20:00,3.446
1/7/2022 21:00,3.282
1/7/2022 22:00,3.109
1/7/2022 23:00,2.908
1/8/2022 0:00,2.752
1/8/2022 1:00,2.7
1/8/2022 2:00,2.632
1/8/2022 3:00,2.663
1/8/2022 4:00,2.863
1/8/2022 5:00,3.054
1/8/2022 6:00,3.192
1/8/2022 7:00,3.304
1/8/2022 8:00,3.541
1/8/2022 9:00,3.816
1/8/2022 10:00,4.095
1/8/2022 11:00,4.257
1/8/2022 12:00,4.329
1/8/2022 13:00,4.128
1/8/2022 14:00,3.885
1/8/2022 15:00,3.855
1/8/2022 16:00,4.112
1/8/2022 17:00,4.402
1/8/2022 18:00,4.609
1/8/2022 19:00,4.876
1/8/2022 20:00,5.097
1/8/2022 21:00,5.247
1/8/2022 22:00,5.273
1/8/2022 23:00,5.212
1/9/2022 0:00,5.03
1/9/2022 1:00,4.932
1/9/2022 2:00,5.061
1/9/2022 3:00,5.239
1/9/2022 4:00,5.345
1/9/2022 5:00,5.344
1/9/2022 6:00,5.182
1/9/2022 7:00,5.048
1/9/2022 8:00,5.001
1/9/2022 9:00,4.881
1/9/2022 10:00,4.695
1/9/2022 11:00,4.479
1/9/2022 12:00,4.106
1/9/2022 13:00,3.66
1/9/2022 14:00,3.137
1/9/2022 15:00,2.749
1/9/2022 16:00,2.671
1/9/2022 17:00,2.505
1/9/2022 18:00,2.3
1/9/2022 19:00,2.157
1/9/2022 20:00,1.988
1/9/2022 21:00,1.868
1/9/2022 22:00,1.762
1/9/2022 23:00,1.711
1/10/2022 0:00,1.666
1/10/2022 1:00,1.602
1/10/2022 2:00,1.524
1/10/2022 3:00,1.467
1/10/2022 4:00,1.388
1/10/2022 5:00,1.348
1/10/2022 6:00,1.322
1/10/2022 7:00,1.329
1/10/2022 8:00,1.506
1/10/2022 9:00,1.571
1/10/2022 10:00,1.568
1/10/2022 11:00,1.598
1/10/2022 12:00,1.586
1/10/2022 13:00,1.394
1/10/2022 14:00,0.947
1/10/2022 15:00,1.009
1/10/2022 16:00,1.087
1/10/2022 17:00,1.154
1/10/2022 18:00,1.205
1/10/2022 19:00,1.237
1/10/2022 20:00,1.262
1/10/2022 21:00,1.271
1/10/2022 22:00,1.306
1/10/2022 23:00,1.371
1/11/2022 0:00,1.443
1/11/2022 1:00,1.476
1/11/2022 2:00,1.516
1/11/2022 3:00,1.553
1/11/2022 4:00,1.555
1/11/2022 5:00,1.608
1/11/2022 6:00,1.689
1/11/2022 7:00,1.824
1/11/2022 8:00,2.145
1/11/2022 9:00,2.255
1/11/2022 10:00,2.258
1/11/2022 11:00,2.261
1/11/2022 12:00,2.163
1/11/2022 13:00,1.769
1/11/2022 14:00,1.225
1/11/2022 15:00,1.309
1/11/2022 16:00,1.432
1/11/2022 17:00,1.521
1/11/2022 18:00,1.609
1/11/2022 19:00,1.694
1/11/2022 20:00,1.758
1/11/2022 21:00,1.773
1/11/2022 22:00,1.734
1/11/2022 23:00,1.725
1/12/2022 0:00,1.743
1/12/2022 1:00,1.745
1/12/2022 2:00,1.732
1/12/2022 3:00,1.7
1/12/2022 4:00,1.628
1/12/2022 5:00,1.526
1/12/2022 6:00,1.458
1/12/2022 7:00,1.461
1/12/2022 8:00,1.735
1/12/2022 9:00,1.902
1/12/2022 10:00,1.864
1/12/2022 11:00,1.796
1/12/2022 12:00,1.812
1/12/2022 13:00,1.781
1/12/2022 14:00,1.433
1/12/2022 15:00,1.356
1/12/2022 16:00,1.517
1/12/2022 17:00,1.584
1/12/2022 18:00,1.643
1/12/2022 19:00,1.747
1/12/2022 20:00,1.906
1/12/2022 21:00,2.025
1/12/2022 22:00,2.104
1/12/2022 23:00,2.155
1/13/2022 0:00,2.209
1/13/2022 1:00,2.277
1/13/2022 2:00,2.34
1/13/2022 3:00,2.359
1/13/2022 4:00,2.384
1/13/2022 5:00,2.41
1/13/2022 6:00,2.449
1/13/2022 7:00,2.505
1/13/2022 8:00,2.633
1/13/2022 9:00,2.792
1/13/2022 10:00,2.931
1/13/2022 11:00,3.017
1/13/2022 12:00,3.024
1/13/2022 13:00,2.902
1/13/2022 14:00,2.543
1/13/2022 15:00,2.43
1/13/2022 16:00,2.5
1/13/2022 17:00,2.561
1/13/2022 18:00,2.597
1/13/2022 19:00,2.611
1/13/2022 20:00,2.638
1/13/2022 21:00,2.671
1/13/2022 22:00,2.684
1/13/2022 23:00,2.679
1/14/2022 0:00,2.644
1/14/2022 1:00,2.639
1/14/2022 2:00,2.668
1/14/2022 3:00,2.683
1/14/2022 4:00,2.74
1/14/2022 5:00,2.788
1/14/2022 6:00,2.824
1/14/2022 7:00,2.882
1/14/2022 8:00,3.075
1/14/2022 9:00,3.221
1/14/2022 10:00,3.201
1/14/2022 11:00,3.164
1/14/2022 12:00,3.004
1/14/2022 13:00,2.71
1/14/2022 14:00,2.279
1/14/2022 15:00,2.129
1/14/2022 16:00,2.044
1/14/2022 17:00,1.817
1/14/2022 18:00,1.643
1/14/2022 19:00,1.494
1/14/2022 20:00,1.388
1/14/2022 21:00,1.365
1/14/2022 22:00,1.366
1/14/2022 23:00,1.391
1/15/2022 0:00,1.431
1/15/2022 1:00,1.414
1/15/2022 2:00,1.434
1/15/2022 3:00,1.47
1/15/2022 4:00,1.518
1/15/2022 5:00,1.55
1/15/2022 6:00,1.578
1/15/2022 7:00,1.616
1/15/2022 8:00,1.898
1/15/2022 9:00,1.969
1/15/2022 10:00,2.066
1/15/2022 11:00,2.049
1/15/2022 12:00,2.002
1/15/2022 13:00,1.843
1/15/2022 14:00,1.391
1/15/2022 15:00,1.22
1/15/2022 16:00,1.449
1/15/2022 17:00,1.665
1/15/2022 18:00,1.802
1/15/2022 19:00,1.88
1/15/2022 20:00,1.892
1/15/2022 21:00,1.878
1/15/2022 22:00,1.845
1/15/2022 23:00,1.883
1/16/2022 0:00,1.945
1/16/2022 1:00,2.081
1/16/2022 2:00,2.24
1/16/2022 3:00,2.416
1/16/2022 4:00,2.624
1/16/2022 5:00,2.835
1/16/2022 6:00,3.043
1/16/2022 7:00,3.323
1/16/2022 8:00,3.778
1/16/2022 9:00,4.069
1/16/2022 10:00,4.378
1/16/2022 11:00,4.538
1/16/2022 12:00,4.581
1/16/2022 13:00,4.441
1/16/2022 14:00,4.206
1/16/2022 15:00,3.956
1/16/2022 16:00,4.022
1/16/2022 17:00,4.115
1/16/2022 18:00,4.166
1/16/2022 19:00,4.172
1/16/2022 20:00,4.201
1/16/2022 21:00,4.319
1/16/2022 22:00,4.442
1/16/2022 23:00,4.633
1/17/2022 0:00,4.804
1/17/2022 1:00,4.951
1/17/2022 2:00,5.048
1/17/2022 3:00,5.156
1/17/2022 4:00,5.363
1/17/2022 5:00,5.562
1/17/2022 6:00,5.696
1/17/2022 7:00,5.824
1/17/2022 8:00,5.978
1/17/2022 9:00,5.949
1/17/2022 10:00,5.939
1/17/2022 11:00,5.9
1/17/2022 12:00,5.714
1/17/2022 13:00,5.299
1/17/2022 14:00,4.776
1/17/2022 15:00,4.328
1/17/2022 16:00,4.039
1/17/2022 17:00,3.613
1/17/2022 18:00,3.203
1/17/2022 19:00,2.882
1/17/2022 20:00,2.621
1/17/2022 21:00,2.493
1/17/2022 22:00,2.406
1/17/2022 23:00,2.312
1/18/2022 0:00,2.177
1/18/2022 1:00,1.996
1/18/2022 2:00,1.913
1/18/2022 3:00,1.814
1/18/2022 4:00,1.705
1/18/2022 5:00,1.585
1/18/2022 6:00,1.48
1/18/2022 7:00,1.439
1/18/2022 8:00,1.767
1/18/2022 9:00,1.913
1/18/2022 10:00,2.002
1/18/2022 11:00,2.086
1/18/2022 12:00,2.054
1/18/2022 13:00,1.762
1/18/2022 14:00,1.268
1/18/2022 15:00,1.205
1/18/2022 16:00,1.295
1/18/2022 17:00,1.421
1/18/2022 18:00,1.539
1/18/2022 19:00,1.652
1/18/2022 20:00,1.743
1/18/2022 21:00,1.802
1/18/2022 22:00,1.843
1/18/2022 23:00,1.868
1/19/2022 0:00,1.891
1/19/2022 1:00,1.916
1/19/2022 2:00,1.962
1/19/2022 3:00,2.022
1/19/2022 4:00,2.116
1/19/2022 5:00,2.277
1/19/2022 6:00,2.443
1/19/2022 7:00,2.708
1/19/2022 8:00,3.326
1/19/2022 9:00,3.645
1/19/2022 10:00,4.054
1/19/2022 11:00,4.444
1/19/2022 12:00,4.619
1/19/2022 13:00,4.447
1/19/2022 14:00,4.011
1/19/2022 15:00,4.045
1/19/2022 16:00,4.494
1/19/2022 17:00,4.782
1/19/2022 18:00,4.946
1/19/2022 19:00,5.029
1/19/2022 20:00,5.028
1/19/2022 21:00,4.946
1/19/2022 22:00,4.799
1/19/2022 23:00,4.615
1/20/2022 0:00,4.53
1/20/2022 1:00,4.541
1/20/2022 2:00,4.598
1/20/2022 3:00,4.751
1/20/2022 4:00,4.891
1/20/2022 5:00,4.928
1/20/2022 6:00,4.833
1/20/2022 7:00,4.843
1/20/2022 8:00,5.021
1/20/2022 9:00,5.269
1/20/2022 10:00,5.594
1/20/2022 11:00,5.838
1/20/2022 12:00,5.867
1/20/2022 13:00,5.627
1/20/2022 14:00,5.167
1/20/2022 15:00,4.737
1/20/2022 16:00,4.605
1/20/2022 17:00,4.466
1/20/2022 18:00,4.284
1/20/2022 19:00,4.055
1/20/2022 20:00,3.853
1/20/2022 21:00,3.708
1/20/2022 22:00,3.632
1/20/2022 23:00,3.519
1/21/2022 0:00,3.458
1/21/2022 1:00,3.332
1/21/2022 2:00,3.231
1/21/2022 3:00,3.136
1/21/2022 4:00,3.077
1/21/2022 5:00,3.015
1/21/2022 6:00,3
1/21/2022 7:00,3.173
1/21/2022 8:00,3.597
1/21/2022 9:00,3.842
1/21/2022 10:00,4.107
1/21/2022 11:00,4.277
1/21/2022 12:00,4.289
1/21/2022 13:00,3.985
1/21/2022 14:00,3.409
1/21/2022 15:00,3.075
1/21/2022 16:00,3.33
1/21/2022 17:00,3.499
1/21/2022 18:00,3.655
1/21/2022 19:00,3.804
1/21/2022 20:00,3.927
1/21/2022 21:00,4.043
1/21/2022 22:00,4.098
1/21/2022 23:00,4.221
1/22/2022 0:00,4.283
1/22/2022 1:00,4.232
1/22/2022 2:00,4.133
1/22/2022 3:00,4.027
1/22/2022 4:00,3.806
1/22/2022 5:00,3.589
1/22/2022 6:00,3.382
1/22/2022 7:00,3.214
1/22/2022 8:00,3.177
1/22/2022 9:00,3.182
1/22/2022 10:00,3.239
1/22/2022 11:00,3.276
1/22/2022 12:00,3.184
1/22/2022 13:00,2.954
1/22/2022 14:00,2.664
1/22/2022 15:00,2.503
1/22/2022 16:00,2.462
1/22/2022 17:00,2.394
1/22/2022 18:00,2.297
1/22/2022 19:00,2.191
1/22/2022 20:00,2.125
1/22/2022 21:00,2.087
1/22/2022 22:00,2.094
1/22/2022 23:00,2.127
1/23/2022 0:00,2.153
1/23/2022 1:00,2.118
1/23/2022 2:00,2.071
1/23/2022 3:00,1.954
1/23/2022 4:00,1.807
1/23/2022 5:00,1.676
1/23/2022 6:00,1.576
1/23/2022 7:00,1.529
1/23/2022 8:00,1.722
1/23/2022 9:00,1.759
1/23/2022 10:00,1.736
1/23/2022 11:00,1.703
1/23/2022 12:00,1.659
1/23/2022 13:00,1.539
1/23/2022 14:00,1.189
1/23/2022 15:00,1.128
1/23/2022 16:00,1.224
1/23/2022 17:00,1.262
1/23/2022 18:00,1.262
1/23/2022 19:00,1.251
1/23/2022 20:00,1.267
1/23/2022 21:00,1.295
1/23/2022 22:00,1.307
1/23/2022 23:00,1.321
1/24/2022 0:00,1.344
1/24/2022 1:00,1.367
1/24/2022 2:00,1.358
1/24/2022 3:00,1.327
1/24/2022 4:00,1.292
1/24/2022 5:00,1.288
1/24/2022 6:00,1.31
1/24/2022 7:00,1.432
1/24/2022 8:00,1.793
1/24/2022 9:00,2.155
1/24/2022 10:00,2.238
1/24/2022 11:00,2.221
1/24/2022 12:00,2.106
1/24/2022 13:00,1.878
1/24/2022 14:00,1.21
1/24/2022 15:00,1.027
1/24/2022 16:00,1.132
1/24/2022 17:00,1.161
1/24/2022 18:00,1.188
1/24/2022 19:00,1.211
1/24/2022 20:00,1.234
1/24/2022 21:00,1.24
1/24/2022 22:00,1.224
1/24/2022 23:00,1.204
1/25/2022 0:00,1.185
1/25/2022 1:00,1.187
1/25/2022 2:00,1.194
1/25/2022 3:00,1.208
1/25/2022 4:00,1.197
1/25/2022 5:00,1.206
1/25/2022 6:00,1.21
1/25/2022 7:00,1.329
1/25/2022 8:00,1.576
1/25/2022 9:00,1.594
1/25/2022 10:00,1.606
1/25/2022 11:00,1.661
1/25/2022 12:00,1.679
1/25/2022 13:00,1.622
1/25/2022 14:00,1.303
1/25/2022 15:00,1.102
1/25/2022 16:00,1.191
1/25/2022 17:00,1.227
1/25/2022 18:00,1.239
1/25/2022 19:00,1.255
1/25/2022 20:00,1.309
1/25/2022 21:00,1.383
1/25/2022 22:00,1.455
1/25/2022 23:00,1.523
1/26/2022 0:00,1.618
1/26/2022 1:00,1.737
1/26/2022 2:00,1.851
1/26/2022 3:00,1.932
1/26/2022 4:00,1.947
1/26/2022 5:00,1.985
1/26/2022 6:00,2.106
1/26/2022 7:00,2.49
1/26/2022 8:00,3.061
1/26/2022 9:00,3.441
1/26/2022 10:00,3.708
1/26/2022 11:00,3.843
1/26/2022 12:00,3.863
1/26/2022 13:00,3.681
1/26/2022 14:00,3.166
1/26/2022 15:00,2.778
1/26/2022 16:00,2.94
1/26/2022 17:00,3.138
1/26/2022 18:00,3.371
1/26/2022 19:00,3.531
1/26/2022 20:00,3.613
1/26/2022 21:00,3.619
1/26/2022 22:00,3.719
1/26/2022 23:00,3.863
1/27/2022 0:00,4.056
1/27/2022 1:00,4.22
1/27/2022 2:00,4.456
1/27/2022 3:00,4.66
1/27/2022 4:00,4.867
1/27/2022 5:00,5.062
1/27/2022 6:00,5.219
1/27/2022 7:00,5.466
1/27/2022 8:00,5.785
1/27/2022 9:00,6.018
1/27/2022 10:00,6.161
1/27/2022 11:00,6.095
1/27/2022 12:00,6.003
1/27/2022 13:00,5.901
1/27/2022 14:00,5.671
1/27/2022 15:00,5.519
1/27/2022 16:00,5.551
1/27/2022 17:00,5.685
1/27/2022 18:00,5.822
1/27/2022 19:00,5.936
1/27/2022 20:00,5.972
1/27/2022 21:00,6.047
1/27/2022 22:00,5.99
1/27/2022 23:00,5.948
1/28/2022 0:00,5.905
1/28/2022 1:00,5.868
1/28/2022 2:00,5.775
1/28/2022 3:00,5.636
1/28/2022 4:00,5.455
1/28/2022 5:00,5.286
1/28/2022 6:00,5.049
1/28/2022 7:00,4.781
1/28/2022 8:00,4.741
1/28/2022 9:00,4.787
1/28/2022 10:00,4.922
1/28/2022 11:00,4.816
1/28/2022 12:00,4.574
1/28/2022 13:00,4.124
1/28/2022 14:00,3.441
1/28/2022 15:00,2.786
1/28/2022 16:00,2.604
1/28/2022 17:00,2.631
1/28/2022 18:00,2.694
1/28/2022 19:00,2.783
1/28/2022 20:00,2.963
1/28/2022 21:00,3.169
1/28/2022 22:00,3.323
1/28/2022 23:00,3.553
1/29/2022 0:00,3.827
1/29/2022 1:00,4.037
1/29/2022 2:00,4.201
1/29/2022 3:00,4.306
1/29/2022 4:00,4.469
1/29/2022 5:00,4.729
1/29/2022 6:00,4.998
1/29/2022 7:00,5.288
1/29/2022 8:00,5.584
1/29/2022 9:00,5.832
1/29/2022 10:00,6.102
1/29/2022 11:00,6.444
1/29/2022 12:00,6.765
1/29/2022 13:00,7.104
1/29/2022 14:00,7.404
1/29/2022 15:00,7.74
1/29/2022 16:00,8.044
1/29/2022 17:00,8.146
1/29/2022 18:00,8.036
1/29/2022 19:00,7.859
1/29/2022 20:00,7.746
1/29/2022 21:00,7.588
1/29/2022 22:00,7.439
1/29/2022 23:00,7.318
1/30/2022 0:00,7.179
1/30/2022 1:00,7.02
1/30/2022 2:00,6.966
1/30/2022 3:00,6.992
1/30/2022 4:00,7.085
1/30/2022 5:00,7.044
1/30/2022 6:00,6.812
1/30/2022 7:00,6.65
1/30/2022 8:00,6.719
1/30/2022 9:00,6.918
1/30/2022 10:00,7.118
1/30/2022 11:00,6.994
1/30/2022 12:00,6.667
1/30/2022 13:00,6.14
1/30/2022 14:00,5.219
1/30/2022 15:00,4.148
1/30/2022 16:00,3.656
1/30/2022 17:00,3.305
1/30/2022 18:00,2.983
1/30/2022 19:00,2.724
1/30/2022 20:00,2.576
1/30/2022 21:00,2.566
1/30/2022 22:00,2.677
1/30/2022 23:00,2.93
1/31/2022 0:00,3.262
1/31/2022 1:00,3.586
1/31/2022 2:00,3.939
1/31/2022 3:00,4.287
1/31/2022 4:00,4.533
1/31/2022 5:00,4.795
1/31/2022 6:00,5.013
1/31/2022 7:00,5.33
1/31/2022 8:00,5.645
1/31/2022 9:00,5.755
1/31/2022 10:00,5.77
1/31/2022 11:00,5.803
1/31/2022 12:00,5.761
1/31/2022 13:00,5.519
1/31/2022 14:00,5.117
1/31/2022 15:00,4.9
1/31/2022 16:00,4.951
1/31/2022 17:00,4.914
1/31/2022 18:00,4.642
1/31/2022 19:00,4.394
1/31/2022 20:00,4.231
1/31/2022 21:00,4.182
1/31/2022 22:00,4.213
1/31/2022 23:00,4.218
2/1/2022 0:00,4.174
2/1/2022 1:00,4.059
2/1/2022 2:00,3.907
2/1/2022 3:00,3.805
2/1/2022 4:00,3.855
2/1/2022 5:00,3.969
2/1/2022 6:00,4.071
2/1/2022 7:00,4.386
2/1/2022 8:00,4.852
2/1/2022 9:00,5.533
2/1/2022 10:00,6.134
2/1/2022 11:00,6.629
2/1/2022 12:00,6.97
2/1/2022 13:00,7.092
2/1/2022 14:00,7.172
2/1/2022 15:00,7.299
2/1/2022 16:00,7.364
2/1/2022 17:00,7.317
2/1/2022 18:00,7.182
2/1/2022 19:00,7.007
2/1/2022 20:00,6.845
2/1/2022 21:00,6.688
2/1/2022 22:00,6.596
2/1/2022 23:00,6.537
2/2/2022 0:00,6.411
2/2/2022 1:00,6.355
2/2/2022 2:00,6.371
2/2/2022 3:00,6.305
2/2/2022 4:00,6.264
2/2/2022 5:00,6.158
2/2/2022 6:00,6.039
2/2/2022 7:00,5.918
2/2/2022 8:00,5.965
2/2/2022 9:00,6.203
2/2/2022 10:00,6.448
2/2/2022 11:00,6.451
2/2/2022 12:00,6.23
2/2/2022 13:00,5.69
2/2/2022 14:00,4.626
2/2/2022 15:00,3.436
2/2/2022 16:00,2.796
2/2/2022 17:00,2.43
2/2/2022 18:00,2.158
2/2/2022 19:00,2.019
2/2/2022 20:00,2.034
2/2/2022 21:00,2.156
2/2/2022 22:00,2.295
2/2/2022 23:00,2.453
2/3/2022 0:00,2.546
2/3/2022 1:00,2.571
2/3/2022 2:00,2.622
2/3/2022 3:00,2.686
2/3/2022 4:00,2.71
2/3/2022 5:00,2.855
2/3/2022 6:00,3.024
2/3/2022 7:00,3.329
2/3/2022 8:00,3.573
2/3/2022 9:00,3.734
2/3/2022 10:00,3.852
2/3/2022 11:00,3.773
2/3/2022 12:00,3.518
2/3/2022 13:00,3.177
2/3/2022 14:00,2.844
2/3/2022 15:00,2.607
2/3/2022 16:00,2.612
2/3/2022 17:00,2.719
2/3/2022 18:00,2.797
2/3/2022 19:00,2.858
2/3/2022 20:00,2.894
2/3/2022 21:00,2.922
2/3/2022 22:00,2.881
2/3/2022 23:00,2.902
2/4/2022 0:00,2.934
2/4/2022 1:00,3.015
2/4/2022 2:00,3.092
2/4/2022 3:00,3.114
2/4/2022 4:00,3.216
2/4/2022 5:00,3.331
2/4/2022 6:00,3.581
2/4/2022 7:00,3.956
2/4/2022 8:00,4.436
2/4/2022 9:00,4.864
2/4/2022 10:00,5.415
2/4/2022 11:00,5.807
2/4/2022 12:00,5.962
2/4/2022 13:00,5.846
2/4/2022 14:00,5.554
2/4/2022 15:00,5.379
2/4/2022 16:00,5.455
2/4/2022 17:00,5.639
2/4/2022 18:00,5.568
2/4/2022 19:00,5.495
2/4/2022 20:00,5.398
2/4/2022 21:00,5.31
2/4/2022 22:00,5.266
2/4/2022 23:00,5.098
2/5/2022 0:00,4.838
2/5/2022 1:00,4.647
2/5/2022 2:00,4.536
2/5/2022 3:00,4.49
2/5/2022 4:00,4.438
2/5/2022 5:00,4.447
2/5/2022 6:00,4.441
2/5/2022 7:00,4.649
2/5/2022 8:00,4.954
2/5/2022 9:00,5.247
2/5/2022 10:00,5.477
2/5/2022 11:00,5.668
2/5/2022 12:00,5.724
2/5/2022 13:00,5.596
2/5/2022 14:00,5.173
2/5/2022 15:00,4.641
2/5/2022 16:00,4.72
2/5/2022 17:00,5.017
2/5/2022 18:00,5.255
2/5/2022 19:00,5.526
2/5/2022 20:00,5.726
2/5/2022 21:00,5.885
2/5/2022 22:00,6.092
2/5/2022 23:00,6.287
2/6/2022 0:00,6.478
2/6/2022 1:00,6.637
2/6/2022 2:00,6.764
2/6/2022 3:00,6.873
2/6/2022 4:00,7.013
2/6/2022 5:00,7.081
2/6/2022 6:00,7.13
2/6/2022 7:00,7.296
2/6/2022 8:00,7.582
2/6/2022 9:00,7.812
2/6/2022 10:00,7.868
2/6/2022 11:00,7.924
2/6/2022 12:00,8.02
2/6/2022 13:00,8.013
2/6/2022 14:00,7.991
2/6/2022 15:00,7.954
2/6/2022 16:00,7.778
2/6/2022 17:00,7.614
2/6/2022 18:00,7.451
2/6/2022 19:00,7.208
2/6/2022 20:00,6.964
2/6/2022 21:00,6.743
2/6/2022 22:00,6.568
2/6/2022 23:00,6.371
2/7/2022 0:00,6.25
2/7/2022 1:00,6.132
2/7/2022 2:00,6.039
2/7/2022 3:00,5.908
2/7/2022 4:00,5.809
2/7/2022 5:00,5.67
2/7/2022 6:00,5.533
2/7/2022 7:00,5.564
2/7/2022 8:00,5.836
2/7/2022 9:00,6.275
2/7/2022 10:00,6.7
2/7/2022 11:00,6.88
2/7/2022 12:00,6.835
2/7/2022 13:00,6.554
2/7/2022 14:00,5.935
2/7/2022 15:00,5.129
2/7/2022 16:00,4.498
2/7/2022 17:00,4.079
2/7/2022 18:00,3.797
2/7/2022 19:00,3.543
2/7/2022 20:00,3.446
2/7/2022 21:00,3.492
2/7/2022 22:00,3.674
2/7/2022 23:00,3.83
2/8/2022 0:00,3.982
2/8/2022 1:00,4.115
2/8/2022 2:00,4.288
2/8/2022 3:00,4.405
2/8/2022 4:00,4.548
2/8/2022 5:00,4.711
2/8/2022 6:00,4.85
2/8/2022 7:00,5.081
2/8/2022 8:00,5.279
2/8/2022 9:00,5.431
2/8/2022 10:00,5.552
2/8/2022 11:00,5.589
2/8/2022 12:00,5.497
2/8/2022 13:00,5.224
2/8/2022 14:00,4.872
2/8/2022 15:00,4.566
2/8/2022 16:00,4.356
2/8/2022 17:00,4.209
2/8/2022 18:00,4.021
2/8/2022 19:00,3.895
2/8/2022 20:00,3.788
2/8/2022 21:00,3.655
2/8/2022 22:00,3.547
2/8/2022 23:00,3.447
2/9/2022 0:00,3.364
2/9/2022 1:00,3.421
2/9/2022 2:00,3.427
2/9/2022 3:00,3.436
2/9/2022 4:00,3.487
2/9/2022 5:00,3.617
2/9/2022 6:00,3.722
2/9/2022 7:00,3.975
2/9/2022 8:00,4.277
2/9/2022 9:00,4.505
2/9/2022 10:00,4.76
2/9/2022 11:00,4.801
2/9/2022 12:00,4.615
2/9/2022 13:00,4.174
2/9/2022 14:00,3.466
2/9/2022 15:00,2.706
2/9/2022 16:00,2.599
2/9/2022 17:00,2.551
2/9/2022 18:00,2.461
2/9/2022 19:00,2.348
2/9/2022 20:00,2.24
2/9/2022 21:00,2.124
2/9/2022 22:00,2.022
2/9/2022 23:00,1.934
2/10/2022 0:00,1.898
2/10/2022 1:00,1.911
2/10/2022 2:00,2.032
2/10/2022 3:00,2.164
2/10/2022 4:00,2.356
2/10/2022 5:00,2.61
2/10/2022 6:00,2.86
2/10/2022 7:00,3.338
2/10/2022 8:00,3.644
2/10/2022 9:00,3.961
2/10/2022 10:00,4.283
2/10/2022 11:00,4.417
2/10/2022 12:00,4.381
2/10/2022 13:00,4.204
2/10/2022 14:00,3.785
2/10/2022 15:00,3.111
2/10/2022 16:00,2.711
2/10/2022 17:00,2.647
2/10/2022 18:00,2.582
2/10/2022 19:00,2.517
2/10/2022 20:00,2.468
2/10/2022 21:00,2.505
2/10/2022 22:00,2.642
2/10/2022 23:00,2.78
2/11/2022 0:00,2.88
2/11/2022 1:00,2.993
2/11/2022 2:00,3.093
2/11/2022 3:00,3.343
2/11/2022 4:00,3.648
2/11/2022 5:00,3.936
2/11/2022 6:00,4.069
2/11/2022 7:00,4.433
2/11/2022 8:00,4.82
2/11/2022 9:00,5.239
2/11/2022 10:00,5.587
2/11/2022 11:00,5.724
2/11/2022 12:00,5.627
2/11/2022 13:00,5.283
2/11/2022 14:00,4.563
2/11/2022 15:00,3.412
2/11/2022 16:00,2.671
2/11/2022 17:00,2.492
2/11/2022 18:00,2.269
2/11/2022 19:00,1.994
2/11/2022 20:00,1.693
2/11/2022 21:00,1.477
2/11/2022 22:00,1.398
2/11/2022 23:00,1.34
2/12/2022 0:00,1.301
2/12/2022 1:00,1.334
2/12/2022 2:00,1.4
2/12/2022 3:00,1.495
2/12/2022 4:00,1.648
2/12/2022 5:00,1.921
2/12/2022 6:00,2.269
2/12/2022 7:00,3.044
2/12/2022 8:00,3.424
2/12/2022 9:00,3.646
2/12/2022 10:00,4.015
2/12/2022 11:00,4.213
2/12/2022 12:00,4.225
2/12/2022 13:00,4.054
2/12/2022 14:00,3.335
2/12/2022 15:00,2.103
2/12/2022 16:00,2.049
2/12/2022 17:00,2.37
2/12/2022 18:00,2.614
2/12/2022 19:00,2.776
2/12/2022 20:00,2.89
2/12/2022 21:00,2.938
2/12/2022 22:00,2.91
2/12/2022 23:00,2.931
2/13/2022 0:00,2.938
2/13/2022 1:00,2.924
2/13/2022 2:00,2.935
2/13/2022 3:00,3.012
2/13/2022 4:00,3.13
2/13/2022 5:00,3.263
2/13/2022 6:00,3.424
2/13/2022 7:00,3.928
2/13/2022 8:00,4.115
2/13/2022 9:00,4.282
2/13/2022 10:00,4.526
2/13/2022 11:00,4.617
2/13/2022 12:00,4.543
2/13/2022 13:00,4.257
2/13/2022 14:00,3.629
2/13/2022 15:00,3.186
2/13/2022 16:00,3.426
2/13/2022 17:00,3.89
2/13/2022 18:00,4.269
2/13/2022 19:00,4.509
2/13/2022 20:00,4.576
2/13/2022 21:00,4.553
2/13/2022 22:00,4.542
2/13/2022 23:00,4.539
2/14/2022 0:00,4.573
2/14/2022 1:00,4.567
2/14/2022 2:00,4.649
2/14/2022 3:00,4.786
2/14/2022 4:00,4.797
2/14/2022 5:00,4.899
2/14/2022 6:00,5.013
2/14/2022 7:00,5.383
2/14/2022 8:00,5.414
2/14/2022 9:00,5.376
2/14/2022 10:00,5.497
2/14/2022 11:00,5.412
2/14/2022 12:00,5.17
2/14/2022 13:00,4.691
2/14/2022 14:00,3.963
2/14/2022 15:00,3.204
2/14/2022 16:00,2.892
2/14/2022 17:00,2.985
2/14/2022 18:00,3.031
2/14/2022 19:00,3.053
2/14/2022 20:00,3.016
2/14/2022 21:00,3.053
2/14/2022 22:00,3.111
2/14/2022 23:00,3.079
2/15/2022 0:00,3.028
2/15/2022 1:00,3.075
2/15/2022 2:00,3.051
2/15/2022 3:00,3.032
2/15/2022 4:00,2.969
2/15/2022 5:00,2.907
2/15/2022 6:00,2.89
2/15/2022 7:00,3.182
2/15/2022 8:00,3.47
2/15/2022 9:00,3.82
2/15/2022 10:00,4.14
2/15/2022 11:00,4.416
2/15/2022 12:00,4.626
2/15/2022 13:00,4.674
2/15/2022 14:00,4.363
2/15/2022 15:00,3.538
2/15/2022 16:00,3.429
2/15/2022 17:00,4.027
2/15/2022 18:00,4.554
2/15/2022 19:00,4.914
2/15/2022 20:00,5.161
2/15/2022 21:00,5.289
2/15/2022 22:00,5.345
2/15/2022 23:00,5.36
2/16/2022 0:00,5.29
2/16/2022 1:00,5.246
2/16/2022 2:00,5.282
2/16/2022 3:00,5.318
2/16/2022 4:00,5.371
2/16/2022 5:00,5.564
2/16/2022 6:00,5.857
2/16/2022 7:00,6.36
2/16/2022 8:00,6.803
2/16/2022 9:00,7.265
2/16/2022 10:00,7.613
2/16/2022 11:00,7.68
2/16/2022 12:00,7.588
2/16/2022 13:00,7.437
2/16/2022 14:00,7.267
2/16/2022 15:00,7.187
2/16/2022 16:00,7.336
2/16/2022 17:00,7.609
2/16/2022 18:00,8.051
2/16/2022 19:00,8.578
2/16/2022 20:00,9.073
2/16/2022 21:00,9.489
2/16/2022 22:00,9.796
2/16/2022 23:00,10.059
2/17/2022 0:00,10.195
2/17/2022 1:00,10.213
2/17/2022 2:00,10.141
2/17/2022 3:00,10.11
2/17/2022 4:00,10.026
2/17/2022 5:00,9.919
2/17/2022 6:00,9.826
2/17/2022 7:00,9.793
2/17/2022 8:00,9.952
2/17/2022 9:00,10.123
2/17/2022 10:00,10.128
2/17/2022 11:00,9.994
2/17/2022 12:00,9.719
2/17/2022 13:00,9.279
2/17/2022 14:00,8.67
2/17/2022 15:00,7.901
2/17/2022 16:00,7.214
2/17/2022 17:00,6.87
2/17/2022 18:00,6.627
2/17/2022 19:00,6.362
2/17/2022 20:00,5.982
2/17/2022 21:00,5.438
2/17/2022 22:00,4.998
2/17/2022 23:00,4.708
2/18/2022 0:00,4.399
2/18/2022 1:00,4.138
2/18/2022 2:00,3.796
2/18/2022 3:00,3.548
2/18/2022 4:00,3.335
2/18/2022 5:00,3.368
2/18/2022 6:00,3.768
2/18/2022 7:00,4.343
2/18/2022 8:00,4.816
2/18/2022 9:00,5.301
2/18/2022 10:00,5.794
2/18/2022 11:00,6.204
2/18/2022 12:00,6.653
2/18/2022 13:00,7.101
2/18/2022 14:00,7.452
2/18/2022 15:00,7.807
2/18/2022 16:00,8.316
2/18/2022 17:00,8.97
2/18/2022 18:00,9.634
2/18/2022 19:00,10.079
2/18/2022 20:00,10.196
2/18/2022 21:00,10.182
2/18/2022 22:00,10.06
2/18/2022 23:00,9.881
2/19/2022 0:00,9.657
2/19/2022 1:00,9.421
2/19/2022 2:00,9.016
2/19/2022 3:00,8.606
2/19/2022 4:00,8.234
2/19/2022 5:00,7.784
2/19/2022 6:00,7.382
2/19/2022 7:00,7.308
2/19/2022 8:00,7.492
2/19/2022 9:00,7.64
2/19/2022 10:00,7.52
2/19/2022 11:00,7.282
2/19/2022 12:00,6.984
2/19/2022 13:00,6.591
2/19/2022 14:00,5.921
2/19/2022 15:00,4.883
2/19/2022 16:00,4.159
2/19/2022 17:00,4.183
2/19/2022 18:00,4.366
2/19/2022 19:00,4.799
2/19/2022 20:00,5.326
2/19/2022 21:00,5.732
2/19/2022 22:00,5.892
2/19/2022 23:00,5.951
2/20/2022 0:00,6.029
2/20/2022 1:00,6.022
2/20/2022 2:00,5.816
2/20/2022 3:00,5.358
2/20/2022 4:00,4.934
2/20/2022 5:00,4.845
2/20/2022 6:00,4.987
2/20/2022 7:00,5.353
2/20/2022 8:00,5.912
2/20/2022 9:00,6.531
2/20/2022 10:00,6.987
2/20/2022 11:00,7.379
2/20/2022 12:00,7.677
2/20/2022 13:00,7.859
2/20/2022 14:00,7.835
2/20/2022 15:00,7.649
2/20/2022 16:00,7.593
2/20/2022 17:00,7.744
2/20/2022 18:00,8.046
2/20/2022 19:00,8.441
2/20/2022 20:00,8.922
2/20/2022 21:00,9.453
2/20/2022 22:00,9.851
2/20/2022 23:00,9.965
2/21/2022 0:00,9.802
2/21/2022 1:00,9.397
2/21/2022 2:00,9.043
2/21/2022 3:00,8.624
2/21/2022 4:00,8.198
2/21/2022 5:00,7.672
2/21/2022 6:00,7.284
2/21/2022 7:00,7.271
2/21/2022 8:00,7.53
2/21/2022 9:00,8.034
2/21/2022 10:00,8.455
2/21/2022 11:00,8.62
2/21/2022 12:00,8.54
2/21/2022 13:00,8.235
2/21/2022 14:00,7.912
2/21/2022 15:00,7.758
2/21/2022 16:00,7.462
2/21/2022 17:00,7.02
2/21/2022 18:00,6.66
2/21/2022 19:00,6.34
2/21/2022 20:00,6.009
2/21/2022 21:00,5.784
2/21/2022 22:00,5.662
2/21/2022 23:00,5.569
2/22/2022 0:00,5.442
2/22/2022 1:00,5.308
2/22/2022 2:00,5.248
2/22/2022 3:00,5.136
2/22/2022 4:00,4.86
2/22/2022 5:00,4.593
2/22/2022 6:00,4.416
2/22/2022 7:00,4.549
2/22/2022 8:00,4.958
2/22/2022 9:00,5.319
2/22/2022 10:00,5.52
2/22/2022 11:00,5.682
2/22/2022 12:00,5.738
2/22/2022 13:00,5.651
2/22/2022 14:00,5.427
2/22/2022 15:00,5.267
2/22/2022 16:00,5.372
2/22/2022 17:00,5.741
2/22/2022 18:00,6.099
2/22/2022 19:00,6.263
2/22/2022 20:00,6.106
2/22/2022 21:00,5.769
2/22/2022 22:00,5.625
2/22/2022 23:00,5.538
2/23/2022 0:00,5.213
2/23/2022 1:00,4.727
2/23/2022 2:00,4.282
2/23/2022 3:00,3.992
2/23/2022 4:00,3.689
2/23/2022 5:00,3.561
2/23/2022 6:00,3.497
2/23/2022 7:00,3.742
2/23/2022 8:00,3.857
2/23/2022 9:00,4.05
2/23/2022 10:00,4.245
2/23/2022 11:00,4.312
2/23/2022 12:00,4.215
2/23/2022 13:00,3.956
2/23/2022 14:00,3.498
2/23/2022 15:00,2.398
2/23/2022 16:00,1.849
2/23/2022 17:00,1.998
2/23/2022 18:00,2.208
2/23/2022 19:00,2.426
2/23/2022 20:00,2.601
2/23/2022 21:00,2.7
2/23/2022 22:00,2.797
2/23/2022 23:00,2.89
2/24/2022 0:00,3.011
2/24/2022 1:00,3.144
2/24/2022 2:00,3.232
2/24/2022 3:00,3.307
2/24/2022 4:00,3.333
2/24/2022 5:00,3.359
2/24/2022 6:00,3.506
2/24/2022 7:00,3.938
2/24/2022 8:00,4.17
2/24/2022 9:00,4.488
2/24/2022 10:00,5.059
2/24/2022 11:00,5.619
2/24/2022 12:00,6.019
2/24/2022 13:00,6.192
2/24/2022 14:00,6.149
2/24/2022 15:00,6.108
2/24/2022 16:00,6.112
2/24/2022 17:00,6.115
2/24/2022 18:00,6.005
2/24/2022 19:00,5.76
2/24/2022 20:00,5.512
2/24/2022 21:00,5.27
2/24/2022 22:00,5.062
2/24/2022 23:00,4.89
2/25/2022 0:00,4.685
2/25/2022 1:00,4.526
2/25/2022 2:00,4.4
2/25/2022 3:00,4.287
2/25/2022 4:00,4.283
2/25/2022 5:00,4.311
2/25/2022 6:00,4.538
2/25/2022 7:00,5.123
2/25/2022 8:00,5.74
2/25/2022 9:00,6.079
2/25/2022 10:00,6.245
2/25/2022 11:00,6.282
2/25/2022 12:00,6.093
2/25/2022 13:00,5.751
2/25/2022 14:00,5.177
2/25/2022 15:00,4.405
2/25/2022 16:00,3.799
2/25/2022 17:00,3.654
2/25/2022 18:00,3.604
2/25/2022 19:00,3.501
2/25/2022 20:00,3.362
2/25/2022 21:00,3.264
2/25/2022 22:00,3.168
2/25/2022 23:00,3.116
2/26/2022 0:00,3.09
2/26/2022 1:00,2.919
2/26/2022 2:00,2.802
2/26/2022 3:00,2.552
2/26/2022 4:00,2.299
2/26/2022 5:00,2.08
2/26/2022 6:00,2.09
2/26/2022 7:00,2.291
2/26/2022 8:00,2.257
2/26/2022 9:00,2.263
2/26/2022 10:00,2.212
2/26/2022 11:00,2.177
2/26/2022 12:00,2.167
2/26/2022 13:00,2.175
2/26/2022 14:00,2.148
2/26/2022 15:00,1.549
2/26/2022 16:00,1.063
2/26/2022 17:00,1.225
2/26/2022 18:00,1.348
2/26/2022 19:00,1.471
2/26/2022 20:00,1.579
2/26/2022 21:00,1.683
2/26/2022 22:00,1.787
2/26/2022 23:00,1.867
2/27/2022 0:00,1.95
2/27/2022 1:00,2.056
2/27/2022 2:00,2.192
2/27/2022 3:00,2.35
2/27/2022 4:00,2.481
2/27/2022 5:00,2.598
2/27/2022 6:00,2.941
2/27/2022 7:00,3.46
2/27/2022 8:00,3.814
2/27/2022 9:00,4.317
2/27/2022 10:00,4.501
2/27/2022 11:00,4.417
2/27/2022 12:00,4.271
2/27/2022 13:00,4.118
2/27/2022 14:00,3.869
2/27/2022 15:00,2.964
2/27/2022 16:00,2.079
2/27/2022 17:00,2.245
2/27/2022 18:00,2.529
2/27/2022 19:00,2.667
2/27/2022 20:00,2.65
2/27/2022 21:00,2.582
2/27/2022 22:00,2.466
2/27/2022 23:00,2.331
2/28/2022 0:00,2.225
2/28/2022 1:00,2.117
2/28/2022 2:00,2.038
2/28/2022 3:00,1.976
2/28/2022 4:00,1.957
2/28/2022 5:00,1.942
2/28/2022 6:00,2.25
2/28/2022 7:00,2.681
2/28/2022 8:00,2.658
2/28/2022 9:00,2.938
2/28/2022 10:00,3.055
2/28/2022 11:00,3.181
2/28/2022 12:00,3.344
2/28/2022 13:00,3.434
2/28/2022 14:00,3.313
2/28/2022 15:00,2.322
2/28/2022 16:00,1.742
2/28/2022 17:00,2.106
2/28/2022 18:00,2.448
2/28/2022 19:00,2.653
2/28/2022 20:00,2.769
2/28/2022 21:00,2.812
2/28/2022 22:00,2.786
2/28/2022 23:00,2.732
3/1/2022 0:00,2.663
3/1/2022 1:00,2.608
3/1/2022 2:00,2.569
3/1/2022 3:00,2.61
3/1/2022 4:00,2.669
3/1/2022 5:00,2.722
3/1/2022 6:00,3.116
3/1/2022 7:00,3.401
3/1/2022 8:00,3.522
3/1/2022 9:00,3.609
3/1/2022 10:00,3.527
3/1/2022 11:00,3.293
3/1/2022 12:00,2.936
3/1/2022 13:00,2.437
3/1/2022 14:00,1.82
3/1/2022 15:00,1.078
3/1/2022 16:00,1.146
3/1/2022 17:00,1.259
3/1/2022 18:00,1.336
3/1/2022 19:00,1.392
3/1/2022 20:00,1.413
3/1/2022 21:00,1.381
3/1/2022 22:00,1.32
3/1/2022 23:00,1.254
3/2/2022 0:00,1.183
3/2/2022 1:00,1.142
3/2/2022 2:00,1.122
3/2/2022 3:00,1.11
3/2/2022 4:00,1.111
3/2/2022 5:00,1.119
3/2/2022 6:00,1.25
3/2/2022 7:00,1.716
3/2/2022 8:00,1.681
3/2/2022 9:00,1.772
3/2/2022 10:00,1.796
3/2/2022 11:00,1.812
3/2/2022 12:00,1.866
3/2/2022 13:00,1.912
3/2/2022 14:00,1.816
3/2/2022 15:00,1.255
3/2/2022 16:00,1.133
3/2/2022 17:00,1.292
3/2/2022 18:00,1.338
3/2/2022 19:00,1.339
3/2/2022 20:00,1.311
3/2/2022 21:00,1.273
3/2/2022 22:00,1.247
3/2/2022 23:00,1.237
3/3/2022 0:00,1.202
3/3/2022 1:00,1.182
3/3/2022 2:00,1.176
3/3/2022 3:00,1.173
3/3/2022 4:00,1.178
3/3/2022 5:00,1.184
3/3/2022 6:00,1.341
3/3/2022 7:00,1.976
3/3/2022 8:00,1.932
3/3/2022 9:00,2.171
3/3/2022 10:00,2.406
3/3/2022 11:00,2.561
3/3/2022 12:00,2.739
3/3/2022 13:00,2.89
3/3/2022 14:00,2.844
3/3/2022 15:00,1.984
3/3/2022 16:00,1.469
3/3/2022 17:00,1.694
3/3/2022 18:00,1.867
3/3/2022 19:00,1.939
3/3/2022 20:00,1.981
3/3/2022 21:00,2.115
3/3/2022 22:00,2.13
3/3/2022 23:00,2.028
3/4/2022 0:00,1.909
3/4/2022 1:00,1.81
3/4/2022 2:00,1.769
3/4/2022 3:00,1.734
3/4/2022 4:00,1.731
3/4/2022 5:00,1.756
3/4/2022 6:00,2.24
3/4/2022 7:00,2.692
3/4/2022 8:00,2.794
3/4/2022 9:00,2.877
3/4/2022 10:00,2.888
3/4/2022 11:00,2.863
3/4/2022 12:00,2.871
3/4/2022 13:00,2.948
3/4/2022 14:00,2.951
3/4/2022 15:00,2.34
3/4/2022 16:00,1.492
3/4/2022 17:00,1.677
3/4/2022 18:00,1.873
3/4/2022 19:00,1.965
3/4/2022 20:00,1.998
3/4/2022 21:00,2.042
3/4/2022 22:00,2.026
3/4/2022 23:00,1.968
3/5/2022 0:00,1.893
3/5/2022 1:00,1.827
3/5/2022 2:00,1.794
3/5/2022 3:00,1.822
3/5/2022 4:00,1.895
3/5/2022 5:00,2.009
3/5/2022 6:00,2.522
3/5/2022 7:00,2.904
3/5/2022 8:00,3.16
3/5/2022 9:00,3.223
3/5/2022 10:00,3.045
3/5/2022 11:00,2.856
3/5/2022 12:00,2.719
3/5/2022 13:00,2.665
3/5/2022 14:00,2.617
3/5/2022 15:00,2.048
3/5/2022 16:00,1.397
3/5/2022 17:00,1.592
3/5/2022 18:00,1.733
3/5/2022 19:00,1.76
3/5/2022 20:00,1.714
3/5/2022 21:00,1.648
3/5/2022 22:00,1.576
3/5/2022 23:00,1.486
3/6/2022 0:00,1.401
3/6/2022 1:00,1.371
3/6/2022 2:00,1.37
3/6/2022 3:00,1.385
3/6/2022 4:00,1.414
3/6/2022 5:00,1.441
3/6/2022 6:00,1.873
3/6/2022 7:00,2.471
3/6/2022 8:00,2.837
3/6/2022 9:00,3.055
3/6/2022 10:00,3.097
3/6/2022 11:00,3.153
3/6/2022 12:00,3.249
3/6/2022 13:00,3.343
3/6/2022 14:00,3.348
3/6/2022 15:00,2.883
3/6/2022 16:00,1.923
3/6/2022 17:00,1.856
3/6/2022 18:00,1.976
3/6/2022 19:00,1.923
3/6/2022 20:00,1.811
3/6/2022 21:00,1.684
3/6/2022 22:00,1.589
3/6/2022 23:00,1.547
3/7/2022 0:00,1.548
3/7/2022 1:00,1.564
3/7/2022 2:00,1.626
3/7/2022 3:00,1.654
3/7/2022 4:00,1.654
3/7/2022 5:00,1.728
3/7/2022 6:00,2.223
3/7/2022 7:00,2.826
3/7/2022 8:00,3.21
3/7/2022 9:00,3.373
3/7/2022 10:00,3.468
3/7/2022 11:00,3.485
3/7/2022 12:00,3.438
3/7/2022 13:00,3.349
3/7/2022 14:00,3.185
3/7/2022 15:00,2.491
3/7/2022 16:00,1.596
3/7/2022 17:00,1.614
3/7/2022 18:00,1.715
3/7/2022 19:00,1.754
3/7/2022 20:00,1.725
3/7/2022 21:00,1.716
3/7/2022 22:00,1.717
3/7/2022 23:00,1.72
3/8/2022 0:00,1.723
3/8/2022 1:00,1.708
3/8/2022 2:00,1.657
3/8/2022 3:00,1.654
3/8/2022 4:00,1.707
3/8/2022 5:00,1.779
3/8/2022 6:00,2.22
3/8/2022 7:00,2.782
3/8/2022 8:00,3.357
3/8/2022 9:00,3.894
3/8/2022 10:00,4.078
3/8/2022 11:00,4.056
3/8/2022 12:00,3.932
3/8/2022 13:00,3.728
3/8/2022 14:00,3.378
3/8/2022 15:00,2.4
3/8/2022 16:00,1.656
3/8/2022 17:00,1.692
3/8/2022 18:00,1.753
3/8/2022 19:00,1.775
3/8/2022 20:00,1.788
3/8/2022 21:00,1.82
3/8/2022 22:00,1.835
3/8/2022 23:00,1.811
3/9/2022 0:00,1.776
3/9/2022 1:00,1.74
3/9/2022 2:00,1.691
3/9/2022 3:00,1.63
3/9/2022 4:00,1.581
3/9/2022 5:00,1.547
3/9/2022 6:00,1.795
3/9/2022 7:00,2.334
3/9/2022 8:00,2.028
3/9/2022 9:00,2.039
3/9/2022 10:00,2.141
3/9/2022 11:00,2.17
3/9/2022 12:00,2.129
3/9/2022 13:00,2.05
3/9/2022 14:00,1.908
3/9/2022 15:00,1.232
3/9/2022 16:00,1.267
3/9/2022 17:00,1.541
3/9/2022 18:00,1.691
3/9/2022 19:00,1.797
3/9/2022 20:00,1.862
3/9/2022 21:00,1.871
3/9/2022 22:00,1.855
3/9/2022 23:00,1.829
3/10/2022 0:00,1.804
3/10/2022 1:00,1.771
3/10/2022 2:00,1.745
3/10/2022 3:00,1.765
3/10/2022 4:00,1.81
3/10/2022 5:00,1.873
3/10/2022 6:00,2.356
3/10/2022 7:00,3.027
3/10/2022 8:00,2.965
3/10/2022 9:00,3.332
3/10/2022 10:00,3.738
3/10/2022 11:00,3.93
3/10/2022 12:00,4.047
3/10/2022 13:00,4.097
3/10/2022 14:00,3.964
3/10/2022 15:00,3.179
3/10/2022 16:00,2.53
3/10/2022 17:00,2.858
3/10/2022 18:00,3.316
3/10/2022 19:00,3.561
3/10/2022 20:00,3.688
3/10/2022 21:00,3.731
3/10/2022 22:00,3.727
3/10/2022 23:00,3.701
3/11/2022 0:00,3.681
3/11/2022 1:00,3.636
3/11/2022 2:00,3.579
3/11/2022 3:00,3.622
3/11/2022 4:00,3.708
3/11/2022 5:00,3.81
3/11/2022 6:00,4.234
3/11/2022 7:00,4.704
3/11/2022 8:00,5.193
3/11/2022 9:00,5.397
3/11/2022 10:00,5.496
3/11/2022 11:00,5.6
3/11/2022 12:00,5.675
3/11/2022 13:00,5.674
3/11/2022 14:00,5.501
3/11/2022 15:00,4.955
3/11/2022 16:00,4.32
3/11/2022 17:00,4.128
3/11/2022 18:00,4.308
3/11/2022 19:00,4.434
3/11/2022 20:00,4.449
3/11/2022 21:00,4.368
3/11/2022 22:00,4.25
3/11/2022 23:00,4.115
3/12/2022 0:00,3.937
3/12/2022 1:00,3.796
3/12/2022 2:00,3.607
3/12/2022 3:00,3.467
3/12/2022 4:00,3.372
3/12/2022 5:00,3.263
3/12/2022 6:00,3.428
3/12/2022 7:00,3.635
3/12/2022 8:00,3.751
3/12/2022 9:00,3.692
3/12/2022 10:00,3.498
3/12/2022 11:00,3.397
3/12/2022 12:00,3.341
3/12/2022 13:00,3.291
3/12/2022 14:00,3.155
3/12/2022 15:00,2.518
3/12/2022 16:00,1.865
3/12/2022 17:00,2.145
3/12/2022 18:00,2.48
3/12/2022 19:00,2.576
3/12/2022 20:00,2.592
3/12/2022 21:00,2.579
3/12/2022 22:00,2.528
3/12/2022 23:00,2.468
3/13/2022 0:00,2.42
3/13/2022 1:00,2.38
3/13/2022 2:00,2.368
3/13/2022 3:00,2.39
3/13/2022 4:00,2.437
3/13/2022 5:00,2.53
3/13/2022 6:00,3.044
3/13/2022 7:00,3.216
3/13/2022 8:00,3.218
3/13/2022 9:00,3.281
3/13/2022 10:00,3.365
3/13/2022 11:00,3.43
3/13/2022 12:00,3.504
3/13/2022 13:00,3.551
3/13/2022 14:00,3.401
3/13/2022 15:00,2.683
3/13/2022 16:00,2.093
3/13/2022 17:00,2.337
3/13/2022 18:00,2.64
3/13/2022 19:00,2.669
3/13/2022 20:00,2.573
3/13/2022 21:00,2.447
3/13/2022 22:00,2.308
3/13/2022 23:00,2.219
3/14/2022 0:00,2.218
3/14/2022 1:00,2.279
3/14/2022 2:00,2.358
3/14/2022 3:00,2.488
3/14/2022 4:00,2.53
3/14/2022 5:00,2.555
3/14/2022 6:00,2.848
3/14/2022 7:00,3.179
3/14/2022 8:00,3.483
3/14/2022 9:00,3.675
3/14/2022 10:00,3.785
3/14/2022 11:00,3.799
3/14/2022 12:00,3.713
3/14/2022 13:00,3.482
3/14/2022 14:00,3.072
3/14/2022 15:00,2.333
3/14/2022 16:00,1.473
3/14/2022 17:00,1.488
3/14/2022 18:00,1.527
3/14/2022 19:00,1.565
3/14/2022 20:00,1.615
3/14/2022 21:00,1.669
3/14/2022 22:00,1.689
3/14/2022 23:00,1.7
3/15/2022 0:00,1.711
3/15/2022 1:00,1.7
3/15/2022 2:00,1.638
3/15/2022 3:00,1.578
3/15/2022 4:00,1.541
3/15/2022 5:00,1.552
3/15/2022 6:00,1.724
3/15/2022 7:00,2.032
3/15/2022 8:00,2.195
3/15/2022 9:00,2.113
3/15/2022 10:00,2.042
3/15/2022 11:00,2.034
3/15/2022 12:00,1.99
3/15/2022 13:00,1.828
3/15/2022 14:00,1.489
3/15/2022 15:00,1.189
3/15/2022 16:00,1.021
3/15/2022 17:00,1.17
3/15/2022 18:00,1.333
3/15/2022 19:00,1.446
3/15/2022 20:00,1.509
3/15/2022 21:00,1.506
3/15/2022 22:00,1.483
3/15/2022 23:00,1.471
3/16/2022 0:00,1.485
3/16/2022 1:00,1.533
3/16/2022 2:00,1.668
3/16/2022 3:00,1.861
3/16/2022 4:00,2.04
3/16/2022 5:00,2.174
3/16/2022 6:00,2.563
3/16/2022 7:00,2.836
3/16/2022 8:00,3.184
3/16/2022 9:00,3.637
3/16/2022 10:00,3.892
3/16/2022 11:00,3.896
3/16/2022 12:00,3.754
3/16/2022 13:00,3.613
3/16/2022 14:00,3.474
3/16/2022 15:00,3.03
3/16/2022 16:00,2.283
3/16/2022 17:00,2.38
3/16/2022 18:00,2.815
3/16/2022 19:00,3.044
3/16/2022 20:00,3.173
3/16/2022 21:00,3.2
3/16/2022 22:00,3.206
3/16/2022 23:00,3.218
3/17/2022 0:00,3.203
3/17/2022 1:00,3.226
3/17/2022 2:00,3.244
3/17/2022 3:00,3.162
3/17/2022 4:00,3.028
3/17/2022 5:00,2.903
3/17/2022 6:00,2.959
3/17/2022 7:00,3.015
3/17/2022 8:00,3.139
3/17/2022 9:00,3.306
3/17/2022 10:00,3.438
3/17/2022 11:00,3.494
3/17/2022 12:00,3.485
3/17/2022 13:00,3.359
3/17/2022 14:00,3.128
3/17/2022 15:00,2.734
3/17/2022 16:00,2.073
3/17/2022 17:00,1.771
3/17/2022 18:00,1.816
3/17/2022 19:00,1.867
3/17/2022 20:00,1.896
3/17/2022 21:00,1.915
3/17/2022 22:00,1.961
3/17/2022 23:00,1.977
3/18/2022 0:00,2.004
3/18/2022 1:00,2.017
3/18/2022 2:00,2.024
3/18/2022 3:00,2.045
3/18/2022 4:00,2.063
3/18/2022 5:00,2.135
3/18/2022 6:00,2.432
3/18/2022 7:00,2.845
3/18/2022 8:00,3.144
3/18/2022 9:00,3.576
3/18/2022 10:00,3.808
3/18/2022 11:00,4.005
3/18/2022 12:00,4.176
3/18/2022 13:00,4.291
3/18/2022 14:00,4.281
3/18/2022 15:00,3.92
3/18/2022 16:00,2.954
3/18/2022 17:00,2.531
3/18/2022 18:00,2.721
3/18/2022 19:00,2.841
3/18/2022 20:00,2.863
3/18/2022 21:00,2.831
3/18/2022 22:00,2.81
3/18/2022 23:00,2.823
3/19/2022 0:00,2.838
3/19/2022 1:00,2.879
3/19/2022 2:00,2.912
3/19/2022 3:00,2.929
3/19/2022 4:00,2.945
3/19/2022 5:00,3.011
3/19/2022 6:00,3.43
3/19/2022 7:00,3.73
3/19/2022 8:00,4.358
3/19/2022 9:00,4.877
3/19/2022 10:00,5.279
3/19/2022 11:00,5.544
3/19/2022 12:00,5.686
3/19/2022 13:00,5.734
3/19/2022 14:00,5.657
3/19/2022 15:00,5.296
3/19/2022 16:00,4.522
3/19/2022 17:00,3.954
3/19/2022 18:00,3.884
3/19/2022 19:00,3.806
3/19/2022 20:00,3.729
3/19/2022 21:00,3.693
3/19/2022 22:00,3.682
3/19/2022 23:00,3.685
3/20/2022 0:00,3.67
3/20/2022 1:00,3.577
3/20/2022 2:00,3.483
3/20/2022 3:00,3.571
3/20/2022 4:00,3.566
3/20/2022 5:00,3.618
3/20/2022 6:00,4.061
3/20/2022 7:00,4.423
3/20/2022 8:00,4.956
3/20/2022 9:00,5.142
3/20/2022 10:00,5.208
3/20/2022 11:00,5.234
3/20/2022 12:00,5.193
3/20/2022 13:00,5.023
3/20/2022 14:00,4.702
3/20/2022 15:00,4.132
3/20/2022 16:00,3.233
3/20/2022 17:00,2.922
3/20/2022 18:00,2.924
3/20/2022 19:00,2.878
3/20/2022 20:00,2.741
3/20/2022 21:00,2.576
3/20/2022 22:00,2.421
3/20/2022 23:00,2.295
3/21/2022 0:00,2.201
3/21/2022 1:00,2.123
3/21/2022 2:00,2.06
3/21/2022 3:00,2.049
3/21/2022 4:00,2.062
3/21/2022 5:00,2.15
3/21/2022 6:00,2.622
3/21/2022 7:00,2.683
3/21/2022 8:00,2.578
3/21/2022 9:00,2.673
3/21/2022 10:00,2.593
3/21/2022 11:00,2.517
3/21/2022 12:00,2.485
3/21/2022 13:00,2.465
3/21/2022 14:00,2.382
3/21/2022 15:00,1.919
3/21/2022 16:00,1.231
3/21/2022 17:00,1.452
3/21/2022 18:00,1.674
3/21/2022 19:00,1.845
3/21/2022 20:00,1.942
3/21/2022 21:00,1.984
3/21/2022 22:00,1.958
3/21/2022 23:00,1.896
3/22/2022 0:00,1.826
3/22/2022 1:00,1.751
3/22/2022 2:00,1.68
3/22/2022 3:00,1.618
3/22/2022 4:00,1.575
3/22/2022 5:00,1.605
3/22/2022 6:00,2.108
3/22/2022 7:00,2.373
3/22/2022 8:00,2.084
3/22/2022 9:00,2.15
3/22/2022 10:00,2.152
3/22/2022 11:00,2.145
3/22/2022 12:00,2.142
3/22/2022 13:00,2.111
3/22/2022 14:00,1.999
3/22/2022 15:00,1.549
3/22/2022 16:00,1.004
3/22/2022 17:00,1.253
3/22/2022 18:00,1.352
3/22/2022 19:00,1.394
3/22/2022 20:00,1.406
3/22/2022 21:00,1.402
3/22/2022 22:00,1.379
3/22/2022 23:00,1.336
3/23/2022 0:00,1.276
3/23/2022 1:00,1.218
3/23/2022 2:00,1.167
3/23/2022 3:00,1.138
3/23/2022 4:00,1.128
3/23/2022 5:00,1.107
3/23/2022 6:00,1.094
3/23/2022 7:00,1.578
3/23/2022 8:00,1.286
3/23/2022 9:00,1.162
3/23/2022 10:00,1.146
3/23/2022 11:00,1.12
3/23/2022 12:00,1.191
3/23/2022 13:00,1.293
3/23/2022 14:00,1.361
3/23/2022 15:00,1.205
3/23/2022 16:00,0.942
3/23/2022 17:00,1.241
3/23/2022 18:00,1.383
3/23/2022 19:00,1.424
3/23/2022 20:00,1.412
3/23/2022 21:00,1.367
3/23/2022 22:00,1.292
3/23/2022 23:00,1.196
3/24/2022 0:00,1.097
3/24/2022 1:00,1.046
3/24/2022 2:00,1.02
3/24/2022 3:00,1.003
3/24/2022 4:00,0.984
3/24/2022 5:00,0.936
3/24/2022 6:00,0.889
3/24/2022 7:00,1.132
3/24/2022 8:00,0.967
3/24/2022 9:00,1.219
3/24/2022 10:00,1.39
3/24/2022 11:00,1.381
3/24/2022 12:00,1.407
3/24/2022 13:00,1.478
3/24/2022 14:00,1.513
3/24/2022 15:00,1.33
3/24/2022 16:00,0.919
3/24/2022 17:00,1.172
3/24/2022 18:00,1.264
3/24/2022 19:00,1.292
3/24/2022 20:00,1.297
3/24/2022 21:00,1.275
3/24/2022 22:00,1.233
3/24/2022 23:00,1.184
3/25/2022 0:00,1.151
3/25/2022 1:00,1.11
3/25/2022 2:00,1.089
3/25/2022 3:00,1.083
3/25/2022 4:00,1.108
3/25/2022 5:00,1.107
3/25/2022 6:00,1.306
3/25/2022 7:00,1.684
3/25/2022 8:00,1.701
3/25/2022 9:00,2.272
3/25/2022 10:00,2.472
3/25/2022 11:00,2.55
3/25/2022 12:00,2.629
3/25/2022 13:00,2.701
3/25/2022 14:00,2.694
3/25/2022 15:00,2.415
3/25/2022 16:00,1.555
3/25/2022 17:00,1.581
3/25/2022 18:00,1.772
3/25/2022 19:00,1.874
3/25/2022 20:00,1.885
3/25/2022 21:00,1.829
3/25/2022 22:00,1.746
3/25/2022 23:00,1.685
3/26/2022 0:00,1.66
3/26/2022 1:00,1.67
3/26/2022 2:00,1.684
3/26/2022 3:00,1.712
3/26/2022 4:00,1.789
3/26/2022 5:00,1.935
3/26/2022 6:00,2.355
3/26/2022 7:00,2.508
3/26/2022 8:00,2.671
3/26/2022 9:00,3.255
3/26/2022 10:00,3.415
3/26/2022 11:00,3.494
3/26/2022 12:00,3.546
3/26/2022 13:00,3.542
3/26/2022 14:00,3.44
3/26/2022 15:00,3.108
3/26/2022 16:00,2.117
3/26/2022 17:00,1.703
3/26/2022 18:00,1.762
3/26/2022 19:00,1.796
3/26/2022 20:00,1.754
3/26/2022 21:00,1.663
3/26/2022 22:00,1.546
3/26/2022 23:00,1.412
3/27/2022 0:00,1.292
3/27/2022 1:00,1.192
3/27/2022 2:00,1.192
3/27/2022 3:00,1.199
3/27/2022 4:00,1.211
3/27/2022 5:00,1.302
3/27/2022 6:00,1.601
3/27/2022 7:00,1.57
3/27/2022 8:00,1.658
3/27/2022 9:00,1.823
3/27/2022 10:00,1.852
3/27/2022 11:00,1.842
3/27/2022 12:00,1.829
3/27/2022 13:00,1.849
3/27/2022 14:00,1.859
3/27/2022 15:00,1.76
3/27/2022 16:00,1.189
3/27/2022 17:00,1.218
3/27/2022 18:00,1.394
3/27/2022 19:00,1.461
3/27/2022 20:00,1.467
3/27/2022 21:00,1.449
3/27/2022 22:00,1.414
3/27/2022 23:00,1.375
3/28/2022 0:00,1.348
3/28/2022 1:00,1.335
3/28/2022 2:00,1.321
3/28/2022 3:00,1.341
3/28/2022 4:00,1.367
3/28/2022 5:00,1.391
3/28/2022 6:00,1.761
3/28/2022 7:00,1.965
3/28/2022 8:00,1.967
3/28/2022 9:00,2.155
3/28/2022 10:00,2.424
3/28/2022 11:00,2.731
3/28/2022 12:00,2.992
3/28/2022 13:00,3.157
3/28/2022 14:00,3.164
3/28/2022 15:00,2.799
3/28/2022 16:00,1.919
3/28/2022 17:00,1.673
3/28/2022 18:00,1.735
3/28/2022 19:00,1.736
3/28/2022 20:00,1.702
3/28/2022 21:00,1.63
3/28/2022 22:00,1.577
3/28/2022 23:00,1.536
3/29/2022 0:00,1.515
3/29/2022 1:00,1.518
3/29/2022 2:00,1.515
3/29/2022 3:00,1.523
3/29/2022 4:00,1.529
3/29/2022 5:00,1.625
3/29/2022 6:00,2.057
3/29/2022 7:00,2.374
3/29/2022 8:00,2.444
3/29/2022 9:00,2.474
3/29/2022 10:00,2.505
3/29/2022 11:00,2.571
3/29/2022 12:00,2.657
3/29/2022 13:00,2.684
3/29/2022 14:00,2.615
3/29/2022 15:00,2.369
3/29/2022 16:00,1.817
3/29/2022 17:00,1.406
3/29/2022 18:00,1.468
3/29/2022 19:00,1.516
3/29/2022 20:00,1.455
3/29/2022 21:00,1.377
3/29/2022 22:00,1.305
3/29/2022 23:00,1.261
3/30/2022 0:00,1.221
3/30/2022 1:00,1.202
3/30/2022 2:00,1.176
3/30/2022 3:00,1.173
3/30/2022 4:00,1.21
3/30/2022 5:00,1.295
3/30/2022 6:00,1.804
3/30/2022 7:00,2.047
3/30/2022 8:00,2.355
3/30/2022 9:00,2.52
3/30/2022 10:00,2.572
3/30/2022 11:00,2.583
3/30/2022 12:00,2.58
3/30/2022 13:00,2.576
3/30/2022 14:00,2.566
3/30/2022 15:00,2.494
3/30/2022 16:00,2.135
3/30/2022 17:00,1.728
3/30/2022 18:00,1.89
3/30/2022 19:00,2.016
3/30/2022 20:00,2.009
3/30/2022 21:00,1.965
3/30/2022 22:00,1.916
3/30/2022 23:00,1.89
3/31/2022 0:00,1.917
3/31/2022 1:00,1.941
3/31/2022 2:00,2.02
3/31/2022 3:00,2.168
3/31/2022 4:00,2.304
3/31/2022 5:00,2.561
3/31/2022 6:00,3.001
3/31/2022 7:00,3.215
3/31/2022 8:00,3.35
3/31/2022 9:00,3.377
3/31/2022 10:00,3.337
3/31/2022 11:00,3.333
3/31/2022 12:00,3.4
3/31/2022 13:00,3.493
3/31/2022 14:00,3.561
3/31/2022 15:00,3.554
3/31/2022 16:00,3.383
3/31/2022 17:00,3.191
3/31/2022 18:00,3.304
3/31/2022 19:00,3.441
3/31/2022 20:00,3.504
3/31/2022 21:00,3.498
3/31/2022 22:00,3.505
3/31/2022 23:00,3.545
4/1/2022 0:00,3.591
4/1/2022 1:00,3.679
4/1/2022 2:00,3.743
4/1/2022 3:00,3.802
4/1/2022 4:00,3.842
4/1/2022 5:00,3.966
4/1/2022 6:00,4.301
4/1/2022 7:00,4.616
4/1/2022 8:00,4.826
4/1/2022 9:00,5.001
4/1/2022 10:00,5.109
4/1/2022 11:00,5.165
4/1/2022 12:00,5.172
4/1/2022 13:00,5.127
4/1/2022 14:00,4.999
4/1/2022 15:00,4.749
4/1/2022 16:00,4.447
4/1/2022 17:00,4.21
4/1/2022 18:00,4.091
4/1/2022 19:00,4.019
4/1/2022 20:00,3.94
4/1/2022 21:00,3.883
4/1/2022 22:00,3.833
4/1/2022 23:00,3.759
4/2/2022 0:00,3.683
4/2/2022 1:00,3.651
4/2/2022 2:00,3.626
4/2/2022 3:00,3.62
4/2/2022 4:00,3.596
4/2/2022 5:00,3.703
4/2/2022 6:00,4.085
4/2/2022 7:00,4.568
4/2/2022 8:00,4.879
4/2/2022 9:00,4.904
4/2/2022 10:00,4.821
4/2/2022 11:00,4.737
4/2/2022 12:00,4.68
4/2/2022 13:00,4.614
4/2/2022 14:00,4.457
4/2/2022 15:00,4.1
4/2/2022 16:00,3.394
4/2/2022 17:00,2.539
4/2/2022 18:00,2.265
4/2/2022 19:00,2.231
4/2/2022 20:00,2.167
4/2/2022 21:00,2.105
4/2/2022 22:00,1.974
4/2/2022 23:00,1.821
4/3/2022 0:00,1.658
4/3/2022 1:00,1.518
4/3/2022 2:00,1.426
4/3/2022 3:00,1.374
4/3/2022 4:00,1.388
4/3/2022 5:00,1.728
4/3/2022 6:00,2.261
4/3/2022 7:00,2.648
4/3/2022 8:00,2.908
4/3/2022 9:00,2.963
4/3/2022 10:00,2.99
4/3/2022 11:00,3.019
4/3/2022 12:00,3.041
4/3/2022 13:00,3.056
4/3/2022 14:00,3.028
4/3/2022 15:00,2.904
4/3/2022 16:00,2.303
4/3/2022 17:00,1.504
4/3/2022 18:00,1.569
4/3/2022 19:00,1.701
4/3/2022 20:00,1.815
4/3/2022 21:00,1.87
4/3/2022 22:00,1.971
4/3/2022 23:00,2.117
4/4/2022 0:00,2.335
4/4/2022 1:00,2.63
4/4/2022 2:00,2.932
4/4/2022 3:00,3.153
4/4/2022 4:00,3.393
4/4/2022 5:00,3.955
4/4/2022 6:00,4.519
4/4/2022 7:00,5.206
4/4/2022 8:00,6.048
4/4/2022 9:00,6.679
4/4/2022 10:00,7.162
4/4/2022 11:00,7.512
4/4/2022 12:00,7.665
4/4/2022 13:00,7.661
4/4/2022 14:00,7.514
4/4/2022 15:00,7.251
4/4/2022 16:00,6.935
4/4/2022 17:00,6.567
4/4/2022 18:00,6.313
4/4/2022 19:00,6.118
4/4/2022 20:00,5.949
4/4/2022 21:00,5.815
4/4/2022 22:00,5.671
4/4/2022 23:00,5.536
4/5/2022 0:00,5.382
4/5/2022 1:00,5.262
4/5/2022 2:00,5.144
4/5/2022 3:00,4.935
4/5/2022 4:00,4.671
4/5/2022 5:00,4.504
4/5/2022 6:00,4.521
4/5/2022 7:00,4.7
4/5/2022 8:00,4.886
4/5/2022 9:00,5.018
4/5/2022 10:00,5.161
4/5/2022 11:00,5.281
4/5/2022 12:00,5.262
4/5/2022 13:00,5.049
4/5/2022 14:00,4.751
4/5/2022 15:00,4.357
4/5/2022 16:00,3.951
4/5/2022 17:00,3.647
4/5/2022 18:00,3.626
4/5/2022 19:00,3.715
4/5/2022 20:00,3.784
4/5/2022 21:00,3.858
4/5/2022 22:00,3.849
4/5/2022 23:00,3.852
4/6/2022 0:00,3.878
4/6/2022 1:00,3.891
4/6/2022 2:00,3.937
4/6/2022 3:00,3.952
4/6/2022 4:00,3.927
4/6/2022 5:00,4.079
4/6/2022 6:00,4.472
4/6/2022 7:00,5.103
4/6/2022 8:00,5.681
4/6/2022 9:00,5.918
4/6/2022 10:00,5.981
4/6/2022 11:00,5.946
4/6/2022 12:00,5.879
4/6/2022 13:00,5.787
4/6/2022 14:00,5.602
4/6/2022 15:00,5.253
4/6/2022 16:00,4.734
4/6/2022 17:00,4.296
4/6/2022 18:00,4.305
4/6/2022 19:00,4.442
4/6/2022 20:00,4.526
4/6/2022 21:00,4.597
4/6/2022 22:00,4.696
4/6/2022 23:00,4.847
4/7/2022 0:00,4.998
4/7/2022 1:00,5.133
4/7/2022 2:00,5.309
4/7/2022 3:00,5.553
4/7/2022 4:00,5.833
4/7/2022 5:00,6.264
4/7/2022 6:00,6.935
4/7/2022 7:00,7.769
4/7/2022 8:00,8.487
4/7/2022 9:00,8.781
4/7/2022 10:00,8.923
4/7/2022 11:00,8.961
4/7/2022 12:00,8.904
4/7/2022 13:00,8.798
4/7/2022 14:00,8.512
4/7/2022 15:00,8.135
4/7/2022 16:00,7.751
4/7/2022 17:00,7.29
4/7/2022 18:00,7.059
4/7/2022 19:00,7.103
4/7/2022 20:00,7.195
4/7/2022 21:00,7.167
4/7/2022 22:00,7.017
4/7/2022 23:00,6.765
4/8/2022 0:00,6.49
4/8/2022 1:00,6.187
4/8/2022 2:00,5.809
4/8/2022 3:00,5.27
4/8/2022 4:00,4.681
4/8/2022 5:00,4.391
4/8/2022 6:00,4.464
4/8/2022 7:00,4.688
4/8/2022 8:00,4.724
4/8/2022 9:00,4.62
4/8/2022 10:00,4.416
4/8/2022 11:00,4.199
4/8/2022 12:00,4.051
4/8/2022 13:00,3.96
4/8/2022 14:00,3.767
4/8/2022 15:00,3.474
4/8/2022 16:00,3.061
4/8/2022 17:00,2.637
4/8/2022 18:00,2.568
4/8/2022 19:00,2.732
4/8/2022 20:00,2.961
4/8/2022 21:00,3.187
4/8/2022 22:00,3.301
4/8/2022 23:00,3.386
4/9/2022 0:00,3.572
4/9/2022 1:00,3.719
4/9/2022 2:00,3.746
4/9/2022 3:00,3.743
4/9/2022 4:00,3.812
4/9/2022 5:00,4.027
4/9/2022 6:00,4.398
4/9/2022 7:00,4.905
4/9/2022 8:00,5.319
4/9/2022 9:00,5.507
4/9/2022 10:00,5.622
4/9/2022 11:00,5.736
4/9/2022 12:00,5.765
4/9/2022 13:00,5.693
4/9/2022 14:00,5.471
4/9/2022 15:00,5.032
4/9/2022 16:00,4.22
4/9/2022 17:00,3.172
4/9/2022 18:00,2.715
4/9/2022 19:00,2.667
4/9/2022 20:00,2.713
4/9/2022 21:00,2.845
4/9/2022 22:00,2.897
4/9/2022 23:00,2.879
4/10/2022 0:00,2.888
4/10/2022 1:00,2.948
4/10/2022 2:00,3.002
4/10/2022 3:00,3.05
4/10/2022 4:00,2.993
4/10/2022 5:00,3.27
4/10/2022 6:00,3.566
4/10/2022 7:00,3.987
4/10/2022 8:00,4.328
4/10/2022 9:00,4.446
4/10/2022 10:00,4.505
4/10/2022 11:00,4.505
4/10/2022 12:00,4.409
4/10/2022 13:00,4.191
4/10/2022 14:00,3.852
4/10/2022 15:00,3.385
4/10/2022 16:00,2.473
4/10/2022 17:00,1.394
4/10/2022 18:00,1.249
4/10/2022 19:00,1.315
4/10/2022 20:00,1.451
4/10/2022 21:00,1.546
4/10/2022 22:00,1.584
4/10/2022 23:00,1.602
4/11/2022 0:00,1.607
4/11/2022 1:00,1.638
4/11/2022 2:00,1.626
4/11/2022 3:00,1.619
4/11/2022 4:00,1.633
4/11/2022 5:00,1.975
4/11/2022 6:00,2.577
4/11/2022 7:00,2.58
4/11/2022 8:00,2.855
4/11/2022 9:00,2.83
4/11/2022 10:00,2.76
4/11/2022 11:00,2.631
4/11/2022 12:00,2.471
4/11/2022 13:00,2.304
4/11/2022 14:00,2.153
4/11/2022 15:00,1.981
4/11/2022 16:00,1.493
4/11/2022 17:00,1.135
4/11/2022 18:00,1.433
4/11/2022 19:00,1.727
4/11/2022 20:00,1.939
4/11/2022 21:00,2.082
4/11/2022 22:00,2.171
4/11/2022 23:00,2.221
4/12/2022 0:00,2.237
4/12/2022 1:00,2.246
4/12/2022 2:00,2.22
4/12/2022 3:00,2.241
4/12/2022 4:00,2.305
4/12/2022 5:00,2.673
4/12/2022 6:00,3.079
4/12/2022 7:00,3.117
4/12/2022 8:00,3.547
4/12/2022 9:00,3.821
4/12/2022 10:00,3.921
4/12/2022 11:00,3.928
4/12/2022 12:00,3.843
4/12/2022 13:00,3.705
4/12/2022 14:00,3.464
4/12/2022 15:00,2.998
4/12/2022 16:00,2.236
4/12/2022 17:00,1.987
4/12/2022 18:00,2.146
4/12/2022 19:00,2.339
4/12/2022 20:00,2.38
4/12/2022 21:00,2.296
4/12/2022 22:00,2.177
4/12/2022 23:00,2.041
4/13/2022 0:00,1.928
4/13/2022 1:00,1.804
4/13/2022 2:00,1.683
4/13/2022 3:00,1.613
4/13/2022 4:00,1.588
4/13/2022 5:00,1.712
4/13/2022 6:00,2.017
4/13/2022 7:00,1.986
4/13/2022 8:00,1.94
4/13/2022 9:00,1.914
4/13/2022 10:00,1.884
4/13/2022 11:00,1.863
4/13/2022 12:00,1.883
4/13/2022 13:00,1.903
4/13/2022 14:00,1.838
4/13/2022 15:00,1.691
4/13/2022 16:00,1.449
4/13/2022 17:00,1.318
4/13/2022 18:00,1.454
4/13/2022 19:00,1.585
4/13/2022 20:00,1.611
4/13/2022 21:00,1.55
4/13/2022 22:00,1.467
4/13/2022 23:00,1.408
4/14/2022 0:00,1.376
4/14/2022 1:00,1.326
4/14/2022 2:00,1.293
4/14/2022 3:00,1.26
4/14/2022 4:00,1.266
4/14/2022 5:00,1.502
4/14/2022 6:00,2.025
4/14/2022 7:00,2.224
4/14/2022 8:00,2.378
4/14/2022 9:00,2.523
4/14/2022 10:00,2.629
4/14/2022 11:00,2.734
4/14/2022 12:00,2.833
4/14/2022 13:00,2.893
4/14/2022 14:00,2.869
4/14/2022 15:00,2.658
4/14/2022 16:00,2.179
4/14/2022 17:00,1.676
4/14/2022 18:00,1.558
4/14/2022 19:00,1.593
4/14/2022 20:00,1.605
4/14/2022 21:00,1.606
4/14/2022 22:00,1.598
4/14/2022 23:00,1.583
4/15/2022 0:00,1.576
4/15/2022 1:00,1.591
4/15/2022 2:00,1.633
4/15/2022 3:00,1.69
4/15/2022 4:00,1.699
4/15/2022 5:00,1.979
4/15/2022 6:00,2.419
4/15/2022 7:00,2.701
4/15/2022 8:00,2.955
4/15/2022 9:00,3.098
4/15/2022 10:00,3.189
4/15/2022 11:00,3.268
4/15/2022 12:00,3.342
4/15/2022 13:00,3.412
4/15/2022 14:00,3.434
4/15/2022 15:00,3.408
4/15/2022 16:00,3.219
4/15/2022 17:00,2.634
4/15/2022 18:00,2.378
4/15/2022 19:00,2.613
4/15/2022 20:00,2.633
4/15/2022 21:00,2.494
4/15/2022 22:00,2.349
4/15/2022 23:00,2.24
4/16/2022 0:00,2.225
4/16/2022 1:00,2.283
4/16/2022 2:00,2.365
4/16/2022 3:00,2.397
4/16/2022 4:00,2.474
4/16/2022 5:00,2.991
4/16/2022 6:00,3.476
4/16/2022 7:00,3.794
4/16/2022 8:00,3.996
4/16/2022 9:00,4.097
4/16/2022 10:00,4.156
4/16/2022 11:00,4.184
4/16/2022 12:00,4.158
4/16/2022 13:00,4.078
4/16/2022 14:00,3.943
4/16/2022 15:00,3.754
4/16/2022 16:00,3.25
4/16/2022 17:00,2.004
4/16/2022 18:00,1.766
4/16/2022 19:00,1.895
4/16/2022 20:00,1.886
4/16/2022 21:00,1.88
4/16/2022 22:00,1.902
4/16/2022 23:00,1.893
4/17/2022 0:00,1.858
4/17/2022 1:00,1.796
4/17/2022 2:00,1.722
4/17/2022 3:00,1.651
4/17/2022 4:00,1.579
4/17/2022 5:00,2.05
4/17/2022 6:00,2.4
4/17/2022 7:00,2.692
4/17/2022 8:00,3.14
4/17/2022 9:00,3.229
4/17/2022 10:00,3.262
4/17/2022 11:00,3.274
4/17/2022 12:00,3.264
4/17/2022 13:00,3.238
4/17/2022 14:00,3.185
4/17/2022 15:00,3.042
4/17/2022 16:00,2.507
4/17/2022 17:00,1.48
4/17/2022 18:00,1.494
4/17/2022 19:00,1.641
4/17/2022 20:00,1.725
4/17/2022 21:00,1.767
4/17/2022 22:00,1.782
4/17/2022 23:00,1.759
4/18/2022 0:00,1.688
4/18/2022 1:00,1.598
4/18/2022 2:00,1.532
4/18/2022 3:00,1.486
4/18/2022 4:00,1.456
4/18/2022 5:00,1.926
4/18/2022 6:00,2.238
4/18/2022 7:00,2.203
4/18/2022 8:00,2.515
4/18/2022 9:00,2.455
4/18/2022 10:00,2.43
4/18/2022 11:00,2.414
4/18/2022 12:00,2.384
4/18/2022 13:00,2.33
4/18/2022 14:00,2.256
4/18/2022 15:00,2.137
4/18/2022 16:00,1.748
4/18/2022 17:00,1.082
4/18/2022 18:00,1.295
4/18/2022 19:00,1.43
4/18/2022 20:00,1.476
4/18/2022 21:00,1.453
4/18/2022 22:00,1.397
4/18/2022 23:00,1.333
4/19/2022 0:00,1.288
4/19/2022 1:00,1.245
4/19/2022 2:00,1.215
4/19/2022 3:00,1.199
4/19/2022 4:00,1.249
4/19/2022 5:00,1.447
4/19/2022 6:00,1.967
4/19/2022 7:00,2.381
4/19/2022 8:00,3.003
4/19/2022 9:00,3.18
4/19/2022 10:00,3.306
4/19/2022 11:00,3.486
4/19/2022 12:00,3.681
4/19/2022 13:00,3.826
4/19/2022 14:00,3.887
4/19/2022 15:00,3.82
4/19/2022 16:00,3.415
4/19/2022 17:00,2.409
4/19/2022 18:00,2.11
4/19/2022 19:00,2.324
4/19/2022 20:00,2.265
4/19/2022 21:00,2.133
4/19/2022 22:00,1.973
4/19/2022 23:00,1.827
4/20/2022 0:00,1.716
4/20/2022 1:00,1.657
4/20/2022 2:00,1.671
4/20/2022 3:00,1.692
4/20/2022 4:00,1.757
4/20/2022 5:00,2.23
4/20/2022 6:00,2.539
4/20/2022 7:00,2.925
4/20/2022 8:00,3.332
4/20/2022 9:00,3.509
4/20/2022 10:00,3.602
4/20/2022 11:00,3.66
4/20/2022 12:00,3.649
4/20/2022 13:00,3.575
4/20/2022 14:00,3.489
4/20/2022 15:00,3.392
4/20/2022 16:00,3.012
4/20/2022 17:00,2.063
4/20/2022 18:00,1.855
4/20/2022 19:00,2.064
4/20/2022 20:00,2.126
4/20/2022 21:00,2.09
4/20/2022 22:00,1.908
4/20/2022 23:00,1.774
4/21/2022 0:00,1.676
4/21/2022 1:00,1.632
4/21/2022 2:00,1.623
4/21/2022 3:00,1.626
4/21/2022 4:00,1.722
4/21/2022 5:00,2.275
4/21/2022 6:00,2.574
4/21/2022 7:00,2.961
4/21/2022 8:00,3.275
4/21/2022 9:00,3.436
4/21/2022 10:00,3.523
4/21/2022 11:00,3.594
4/21/2022 12:00,3.675
4/21/2022 13:00,3.738
4/21/2022 14:00,3.771
4/21/2022 15:00,3.729
4/21/2022 16:00,3.381
4/21/2022 17:00,2.697
4/21/2022 18:00,2.431
4/21/2022 19:00,2.597
4/21/2022 20:00,2.563
4/21/2022 21:00,2.502
4/21/2022 22:00,2.495
4/21/2022 23:00,2.538
4/22/2022 0:00,2.599
4/22/2022 1:00,2.66
4/22/2022 2:00,2.638
4/22/2022 3:00,2.703
4/22/2022 4:00,2.799
4/22/2022 5:00,3.177
4/22/2022 6:00,3.522
4/22/2022 7:00,3.885
4/22/2022 8:00,4.177
4/22/2022 9:00,4.399
4/22/2022 10:00,4.537
4/22/2022 11:00,4.611
4/22/2022 12:00,4.627
4/22/2022 13:00,4.622
4/22/2022 14:00,4.58
4/22/2022 15:00,4.44
4/22/2022 16:00,4.034
4/22/2022 17:00,3.414
4/22/2022 18:00,3.197
4/22/2022 19:00,3.307
4/22/2022 20:00,3.277
4/22/2022 21:00,3.161
4/22/2022 22:00,3.062
4/22/2022 23:00,2.95
4/23/2022 0:00,2.888
4/23/2022 1:00,2.852
4/23/2022 2:00,2.835
4/23/2022 3:00,2.876
4/23/2022 4:00,3.05
4/23/2022 5:00,3.564
4/23/2022 6:00,3.892
4/23/2022 7:00,4.548
4/23/2022 8:00,4.82
4/23/2022 9:00,4.867
4/23/2022 10:00,4.799
4/23/2022 11:00,4.689
4/23/2022 12:00,4.575
4/23/2022 13:00,4.466
4/23/2022 14:00,4.343
4/23/2022 15:00,4.148
4/23/2022 16:00,3.728
4/23/2022 17:00,3.078
4/23/2022 18:00,2.862
4/23/2022 19:00,3.142
4/23/2022 20:00,3.221
4/23/2022 21:00,3.208
4/23/2022 22:00,3.166
4/23/2022 23:00,3.11
4/24/2022 0:00,3.028
4/24/2022 1:00,2.987
4/24/2022 2:00,2.976
4/24/2022 3:00,2.905
4/24/2022 4:00,2.986
4/24/2022 5:00,3.351
4/24/2022 6:00,3.676
4/24/2022 7:00,4.104
4/24/2022 8:00,4.416
4/24/2022 9:00,4.603
4/24/2022 10:00,4.655
4/24/2022 11:00,4.574
4/24/2022 12:00,4.406
4/24/2022 13:00,4.205
4/24/2022 14:00,3.983
4/24/2022 15:00,3.647
4/24/2022 16:00,3.15
4/24/2022 17:00,2.494
4/24/2022 18:00,2.197
4/24/2022 19:00,2.226
4/24/2022 20:00,2.166
4/24/2022 21:00,2.153
4/24/2022 22:00,2.152
4/24/2022 23:00,2.111
4/25/2022 0:00,2.086
4/25/2022 1:00,2.048
4/25/2022 2:00,1.981
4/25/2022 3:00,1.92
4/25/2022 4:00,1.905
4/25/2022 5:00,2.154
4/25/2022 6:00,2.219
4/25/2022 7:00,2.215
4/25/2022 8:00,2.2
4/25/2022 9:00,2.148
4/25/2022 10:00,2.071
4/25/2022 11:00,2.026
4/25/2022 12:00,2.023
4/25/2022 13:00,2.03
4/25/2022 14:00,2.026
4/25/2022 15:00,1.96
4/25/2022 16:00,1.711
4/25/2022 17:00,1.18
4/25/2022 18:00,1.09
4/25/2022 19:00,1.205
4/25/2022 20:00,1.273
4/25/2022 21:00,1.278
4/25/2022 22:00,1.271
4/25/2022 23:00,1.26
4/26/2022 0:00,1.261
4/26/2022 1:00,1.268
4/26/2022 2:00,1.284
4/26/2022 3:00,1.283
4/26/2022 4:00,1.314
4/26/2022 5:00,1.723
4/26/2022 6:00,1.897
4/26/2022 7:00,2.149
4/26/2022 8:00,2.39
4/26/2022 9:00,2.554
4/26/2022 10:00,2.668
4/26/2022 11:00,2.71
4/26/2022 12:00,2.685
4/26/2022 13:00,2.635
4/26/2022 14:00,2.59
4/26/2022 15:00,2.481
4/26/2022 16:00,2.184
4/26/2022 17:00,1.577
4/26/2022 18:00,1.318
4/26/2022 19:00,1.412
4/26/2022 20:00,1.475
4/26/2022 21:00,1.432
4/26/2022 22:00,1.373
4/26/2022 23:00,1.316
4/27/2022 0:00,1.259
4/27/2022 1:00,1.207
4/27/2022 2:00,1.187
4/27/2022 3:00,1.155
4/27/2022 4:00,1.224
4/27/2022 5:00,1.647
4/27/2022 6:00,1.761
4/27/2022 7:00,1.958
4/27/2022 8:00,2.063
4/27/2022 9:00,2.14
4/27/2022 10:00,2.206
4/27/2022 11:00,2.297
4/27/2022 12:00,2.397
4/27/2022 13:00,2.483
4/27/2022 14:00,2.544
4/27/2022 15:00,2.524
4/27/2022 16:00,2.282
4/27/2022 17:00,1.495
4/27/2022 18:00,1.295
4/27/2022 19:00,1.409
4/27/2022 20:00,1.448
4/27/2022 21:00,1.425
4/27/2022 22:00,1.363
4/27/2022 23:00,1.295
4/28/2022 0:00,1.236
4/28/2022 1:00,1.199
4/28/2022 2:00,1.203
4/28/2022 3:00,1.233
4/28/2022 4:00,1.237
4/28/2022 5:00,1.657
4/28/2022 6:00,1.841
4/28/2022 7:00,2.039
4/28/2022 8:00,2.247
4/28/2022 9:00,2.349
4/28/2022 10:00,2.394
4/28/2022 11:00,2.432
4/28/2022 12:00,2.483
4/28/2022 13:00,2.53
4/28/2022 14:00,2.546
4/28/2022 15:00,2.483
4/28/2022 16:00,2.203
4/28/2022 17:00,1.387
4/28/2022 18:00,1.295
4/28/2022 19:00,1.43
4/28/2022 20:00,1.506
4/28/2022 21:00,1.515
4/28/2022 22:00,1.47
4/28/2022 23:00,1.396
4/29/2022 0:00,1.31
4/29/2022 1:00,1.254
4/29/2022 2:00,1.204
4/29/2022 3:00,1.175
4/29/2022 4:00,1.168
4/29/2022 5:00,1.301
4/29/2022 6:00,1.551
4/29/2022 7:00,1.517
4/29/2022 8:00,1.679
4/29/2022 9:00,1.697
4/29/2022 10:00,1.69
4/29/2022 11:00,1.739
4/29/2022 12:00,1.838
4/29/2022 13:00,1.964
4/29/2022 14:00,2.081
4/29/2022 15:00,2.086
4/29/2022 16:00,1.896
4/29/2022 17:00,1.683
4/29/2022 18:00,1.767
4/29/2022 19:00,1.881
4/29/2022 20:00,1.914
4/29/2022 21:00,1.876
4/29/2022 22:00,1.82
4/29/2022 23:00,1.767
4/30/2022 0:00,1.701
4/30/2022 1:00,1.649
4/30/2022 2:00,1.609
4/30/2022 3:00,1.631
4/30/2022 4:00,1.744
4/30/2022 5:00,2.073
4/30/2022 6:00,2.282
4/30/2022 7:00,2.367
4/30/2022 8:00,2.397
4/30/2022 9:00,2.365
4/30/2022 10:00,2.298
4/30/2022 11:00,2.237
4/30/2022 12:00,2.198
4/30/2022 13:00,2.191
4/30/2022 14:00,2.194
4/30/2022 15:00,2.154
4/30/2022 16:00,1.989
4/30/2022 17:00,1.567
4/30/2022 18:00,1.252
4/30/2022 19:00,1.341
4/30/2022 20:00,1.374
4/30/2022 21:00,1.33
4/30/2022 22:00,1.259
4/30/2022 23:00,1.182
5/1/2022 0:00,1.127
5/1/2022 1:00,1.099
5/1/2022 2:00,1.095
5/1/2022 3:00,1.071
5/1/2022 4:00,1.151
5/1/2022 5:00,1.585
5/1/2022 6:00,1.702
5/1/2022 7:00,1.793
5/1/2022 8:00,1.726
5/1/2022 9:00,1.63
5/1/2022 10:00,1.554
5/1/2022 11:00,1.524
5/1/2022 12:00,1.565
5/1/2022 13:00,1.654
5/1/2022 14:00,1.764
5/1/2022 15:00,1.842
5/1/2022 16:00,1.743
5/1/2022 17:00,1.252
5/1/2022 18:00,1.102
5/1/2022 19:00,1.235
5/1/2022 20:00,1.288
5/1/2022 21:00,1.274
5/1/2022 22:00,1.229
5/1/2022 23:00,1.181
5/2/2022 0:00,1.127
5/2/2022 1:00,1.082
5/2/2022 2:00,1.047
5/2/2022 3:00,1.011
5/2/2022 4:00,1.007
5/2/2022 5:00,1.528
5/2/2022 6:00,1.637
5/2/2022 7:00,1.858
5/2/2022 8:00,1.957
5/2/2022 9:00,1.93
5/2/2022 10:00,1.856
5/2/2022 11:00,1.816
5/2/2022 12:00,1.858
5/2/2022 13:00,1.953
5/2/2022 14:00,2.024
5/2/2022 15:00,2.057
5/2/2022 16:00,1.904
5/2/2022 17:00,1.348
5/2/2022 18:00,1.27
5/2/2022 19:00,1.45
5/2/2022 20:00,1.565
5/2/2022 21:00,1.547
5/2/2022 22:00,1.444
5/2/2022 23:00,1.339
5/3/2022 0:00,1.255
5/3/2022 1:00,1.183
5/3/2022 2:00,1.122
5/3/2022 3:00,1.088
5/3/2022 4:00,1.101
5/3/2022 5:00,1.7
5/3/2022 6:00,1.766
5/3/2022 7:00,2.073
5/3/2022 8:00,2.194
5/3/2022 9:00,2.244
5/3/2022 10:00,2.297
5/3/2022 11:00,2.371
5/3/2022 12:00,2.454
5/3/2022 13:00,2.508
5/3/2022 14:00,2.504
5/3/2022 15:00,2.427
5/3/2022 16:00,2.194
5/3/2022 17:00,1.626
5/3/2022 18:00,1.261
5/3/2022 19:00,1.303
5/3/2022 20:00,1.342
5/3/2022 21:00,1.299
5/3/2022 22:00,1.203
5/3/2022 23:00,1.109
5/4/2022 0:00,1.042
5/4/2022 1:00,0.981
5/4/2022 2:00,0.932
5/4/2022 3:00,0.895
5/4/2022 4:00,0.948
5/4/2022 5:00,1.358
5/4/2022 6:00,1.354
5/4/2022 7:00,1.348
5/4/2022 8:00,1.326
5/4/2022 9:00,1.349
5/4/2022 10:00,1.393
5/4/2022 11:00,1.458
5/4/2022 12:00,1.528
5/4/2022 13:00,1.572
5/4/2022 14:00,1.585
5/4/2022 15:00,1.576
5/4/2022 16:00,1.462
5/4/2022 17:00,1.101
5/4/2022 18:00,0.967
5/4/2022 19:00,1.078
5/4/2022 20:00,1.137
5/4/2022 21:00,1.1
5/4/2022 22:00,1.033
5/4/2022 23:00,0.982
5/5/2022 0:00,0.936
5/5/2022 1:00,0.912
5/5/2022 2:00,0.936
5/5/2022 3:00,0.941
5/5/2022 4:00,0.993
5/5/2022 5:00,1.389
5/5/2022 6:00,1.501
5/5/2022 7:00,1.622
5/5/2022 8:00,1.609
5/5/2022 9:00,1.575
5/5/2022 10:00,1.608
5/5/2022 11:00,1.719
5/5/2022 12:00,1.87
5/5/2022 13:00,2.022
5/5/2022 14:00,2.149
5/5/2022 15:00,2.164
5/5/2022 16:00,1.938
5/5/2022 17:00,1.36
5/5/2022 18:00,1.164
5/5/2022 19:00,1.286
5/5/2022 20:00,1.33
5/5/2022 21:00,1.319
5/5/2022 22:00,1.281
5/5/2022 23:00,1.236
5/6/2022 0:00,1.166
5/6/2022 1:00,1.095
5/6/2022 2:00,1.06
5/6/2022 3:00,1.026
5/6/2022 4:00,1.019
5/6/2022 5:00,1.446
5/6/2022 6:00,1.696
5/6/2022 7:00,2.022
5/6/2022 8:00,2.292
5/6/2022 9:00,2.358
5/6/2022 10:00,2.338
5/6/2022 11:00,2.301
5/6/2022 12:00,2.279
5/6/2022 13:00,2.267
5/6/2022 14:00,2.228
5/6/2022 15:00,2.112
5/6/2022 16:00,1.795
5/6/2022 17:00,1.118
5/6/2022 18:00,0.887
5/6/2022 19:00,0.927
5/6/2022 20:00,0.92
5/6/2022 21:00,0.927
5/6/2022 22:00,0.923
5/6/2022 23:00,0.901
5/7/2022 0:00,0.904
5/7/2022 1:00,0.974
5/7/2022 2:00,1.032
5/7/2022 3:00,1.068
5/7/2022 4:00,1.1
5/7/2022 5:00,1.553
5/7/2022 6:00,1.719
5/7/2022 7:00,1.816
5/7/2022 8:00,1.981
5/7/2022 9:00,2.069
5/7/2022 10:00,2.113
5/7/2022 11:00,2.153
5/7/2022 12:00,2.22
5/7/2022 13:00,2.316
5/7/2022 14:00,2.401
5/7/2022 15:00,2.432
5/7/2022 16:00,2.259
5/7/2022 17:00,1.765
5/7/2022 18:00,1.518
5/7/2022 19:00,1.568
5/7/2022 20:00,1.593
5/7/2022 21:00,1.565
5/7/2022 22:00,1.571
5/7/2022 23:00,1.597
5/8/2022 0:00,1.656
5/8/2022 1:00,1.709
5/8/2022 2:00,1.748
5/8/2022 3:00,1.783
5/8/2022 4:00,2.015
5/8/2022 5:00,2.562
5/8/2022 6:00,2.741
5/8/2022 7:00,2.926
5/8/2022 8:00,3.009
5/8/2022 9:00,3.04
5/8/2022 10:00,3.061
5/8/2022 11:00,3.089
5/8/2022 12:00,3.123
5/8/2022 13:00,3.141
5/8/2022 14:00,3.119
5/8/2022 15:00,3.019
5/8/2022 16:00,2.734
5/8/2022 17:00,1.974
5/8/2022 18:00,1.49
5/8/2022 19:00,1.618
5/8/2022 20:00,1.701
5/8/2022 21:00,1.665
5/8/2022 22:00,1.59
5/8/2022 23:00,1.51
5/9/2022 0:00,1.457
5/9/2022 1:00,1.42
5/9/2022 2:00,1.398
5/9/2022 3:00,1.42
5/9/2022 4:00,1.659
5/9/2022 5:00,2.284
5/9/2022 6:00,2.279
5/9/2022 7:00,2.53
5/9/2022 8:00,2.594
5/9/2022 9:00,2.533
5/9/2022 10:00,2.424
5/9/2022 11:00,2.277
5/9/2022 12:00,2.128
5/9/2022 13:00,2.01
5/9/2022 14:00,1.928
5/9/2022 15:00,1.863
5/9/2022 16:00,1.624
5/9/2022 17:00,1.091
5/9/2022 18:00,1.045
5/9/2022 19:00,1.274
5/9/2022 20:00,1.425
5/9/2022 21:00,1.542
5/9/2022 22:00,1.649
5/9/2022 23:00,1.741
5/10/2022 0:00,1.779
5/10/2022 1:00,1.765
5/10/2022 2:00,1.709
5/10/2022 3:00,1.645
5/10/2022 4:00,1.729
5/10/2022 5:00,2.257
5/10/2022 6:00,2.417
5/10/2022 7:00,2.422
5/10/2022 8:00,2.751
5/10/2022 9:00,2.995
5/10/2022 10:00,3.123
5/10/2022 11:00,3.233
5/10/2022 12:00,3.306
5/10/2022 13:00,3.269
5/10/2022 14:00,3.134
5/10/2022 15:00,2.844
5/10/2022 16:00,2.347
5/10/2022 17:00,1.824
5/10/2022 18:00,1.653
5/10/2022 19:00,1.617
5/10/2022 20:00,1.59
5/10/2022 21:00,1.521
5/10/2022 22:00,1.445
5/10/2022 23:00,1.368
5/11/2022 0:00,1.331
5/11/2022 1:00,1.381
5/11/2022 2:00,1.49
5/11/2022 3:00,1.662
5/11/2022 4:00,2.063
5/11/2022 5:00,2.789
5/11/2022 6:00,3.01
5/11/2022 7:00,3.575
5/11/2022 8:00,4.128
5/11/2022 9:00,4.502
5/11/2022 10:00,4.804
5/11/2022 11:00,5.04
5/11/2022 12:00,5.179
5/11/2022 13:00,5.178
5/11/2022 14:00,5.006
5/11/2022 15:00,4.588
5/11/2022 16:00,3.798
5/11/2022 17:00,2.894
5/11/2022 18:00,2.316
5/11/2022 19:00,2.214
5/11/2022 20:00,2.393
5/11/2022 21:00,2.605
5/11/2022 22:00,2.881
5/11/2022 23:00,3.138
5/12/2022 0:00,3.258
5/12/2022 1:00,3.283
5/12/2022 2:00,3.235
5/12/2022 3:00,3.049
5/12/2022 4:00,3.162
5/12/2022 5:00,3.6
5/12/2022 6:00,3.828
5/12/2022 7:00,4.003
5/12/2022 8:00,4.123
5/12/2022 9:00,4.129
5/12/2022 10:00,4.062
5/12/2022 11:00,4.037
5/12/2022 12:00,4.05
5/12/2022 13:00,3.99
5/12/2022 14:00,3.792
5/12/2022 15:00,3.459
5/12/2022 16:00,2.873
5/12/2022 17:00,2.011
5/12/2022 18:00,1.347
5/12/2022 19:00,1.187
5/12/2022 20:00,1.185
5/12/2022 21:00,1.21
5/12/2022 22:00,1.219
5/12/2022 23:00,1.249
5/13/2022 0:00,1.317
5/13/2022 1:00,1.4
5/13/2022 2:00,1.493
5/13/2022 3:00,1.629
5/13/2022 4:00,2.089
5/13/2022 5:00,2.799
5/13/2022 6:00,3.153
5/13/2022 7:00,3.7
5/13/2022 8:00,4.2
5/13/2022 9:00,4.526
5/13/2022 10:00,4.706
5/13/2022 11:00,4.814
5/13/2022 12:00,4.826
5/13/2022 13:00,4.726
5/13/2022 14:00,4.532
5/13/2022 15:00,4.223
5/13/2022 16:00,3.734
5/13/2022 17:00,2.716
5/13/2022 18:00,1.746
5/13/2022 19:00,1.534
5/13/2022 20:00,1.449
5/13/2022 21:00,1.42
5/13/2022 22:00,1.479
5/13/2022 23:00,1.55
5/14/2022 0:00,1.621
5/14/2022 1:00,1.697
5/14/2022 2:00,1.797
5/14/2022 3:00,1.855
5/14/2022 4:00,2.048
5/14/2022 5:00,2.428
5/14/2022 6:00,2.502
5/14/2022 7:00,2.629
5/14/2022 8:00,2.717
5/14/2022 9:00,2.881
5/14/2022 10:00,3.006
5/14/2022 11:00,3.059
5/14/2022 12:00,3.056
5/14/2022 13:00,2.997
5/14/2022 14:00,2.882
5/14/2022 15:00,2.719
5/14/2022 16:00,2.417
5/14/2022 17:00,1.795
5/14/2022 18:00,1.246
5/14/2022 19:00,1.287
5/14/2022 20:00,1.329
5/14/2022 21:00,1.336
5/14/2022 22:00,1.313
5/14/2022 23:00,1.284
5/15/2022 0:00,1.252
5/15/2022 1:00,1.22
5/15/2022 2:00,1.198
5/15/2022 3:00,1.173
5/15/2022 4:00,1.239
5/15/2022 5:00,1.955
5/15/2022 6:00,1.968
5/15/2022 7:00,2.117
5/15/2022 8:00,2.301
5/15/2022 9:00,2.342
5/15/2022 10:00,2.286
5/15/2022 11:00,2.133
5/15/2022 12:00,1.961
5/15/2022 13:00,1.847
5/15/2022 14:00,1.837
5/15/2022 15:00,1.92
5/15/2022 16:00,1.923
5/15/2022 17:00,1.583
5/15/2022 18:00,1.433
5/15/2022 19:00,1.658
5/15/2022 20:00,1.847
5/15/2022 21:00,1.941
5/15/2022 22:00,1.956
5/15/2022 23:00,1.941
5/16/2022 0:00,1.944
5/16/2022 1:00,1.947
5/16/2022 2:00,1.956
5/16/2022 3:00,1.963
5/16/2022 4:00,2.317
5/16/2022 5:00,2.699
5/16/2022 6:00,2.722
5/16/2022 7:00,2.904
5/16/2022 8:00,2.992
5/16/2022 9:00,3.018
5/16/2022 10:00,3.093
5/16/2022 11:00,3.219
5/16/2022 12:00,3.343
5/16/2022 13:00,3.389
5/16/2022 14:00,3.322
5/16/2022 15:00,3.114
5/16/2022 16:00,2.805
5/16/2022 17:00,2.385
5/16/2022 18:00,2.056
5/16/2022 19:00,1.956
5/16/2022 20:00,1.89
5/16/2022 21:00,1.802
5/16/2022 22:00,1.717
5/16/2022 23:00,1.663
5/17/2022 0:00,1.647
5/17/2022 1:00,1.599
5/17/2022 2:00,1.554
5/17/2022 3:00,1.453
5/17/2022 4:00,1.482
5/17/2022 5:00,1.774
5/17/2022 6:00,1.873
5/17/2022 7:00,1.921
5/17/2022 8:00,1.989
5/17/2022 9:00,2.016
5/17/2022 10:00,2.035
5/17/2022 11:00,2.048
5/17/2022 12:00,2.029
5/17/2022 13:00,1.963
5/17/2022 14:00,1.852
5/17/2022 15:00,1.736
5/17/2022 16:00,1.558
5/17/2022 17:00,1.237
5/17/2022 18:00,1.023
5/17/2022 19:00,1.301
5/17/2022 20:00,1.558
5/17/2022 21:00,1.733
5/17/2022 22:00,1.86
5/17/2022 23:00,1.967
5/18/2022 0:00,2.026
5/18/2022 1:00,2.048
5/18/2022 2:00,2.051
5/18/2022 3:00,2.074
5/18/2022 4:00,2.363
5/18/2022 5:00,2.757
5/18/2022 6:00,2.703
5/18/2022 7:00,2.817
5/18/2022 8:00,2.784
5/18/2022 9:00,2.702
5/18/2022 10:00,2.679
5/18/2022 11:00,2.666
5/18/2022 12:00,2.626
5/18/2022 13:00,2.547
5/18/2022 14:00,2.425
5/18/2022 15:00,2.256
5/18/2022 16:00,1.983
5/18/2022 17:00,1.575
5/18/2022 18:00,1.33
5/18/2022 19:00,1.66
5/18/2022 20:00,1.99
5/18/2022 21:00,2.198
5/18/2022 22:00,2.28
5/18/2022 23:00,2.306
5/19/2022 0:00,2.309
5/19/2022 1:00,2.308
5/19/2022 2:00,2.325
5/19/2022 3:00,2.387
5/19/2022 4:00,2.739
5/19/2022 5:00,2.873
5/19/2022 6:00,2.688
5/19/2022 7:00,2.81
5/19/2022 8:00,3.017
5/19/2022 9:00,3.069
5/19/2022 10:00,3.022
5/19/2022 11:00,2.927
5/19/2022 12:00,2.853
5/19/2022 13:00,2.773
5/19/2022 14:00,2.587
5/19/2022 15:00,2.393
5/19/2022 16:00,2.097
5/19/2022 17:00,1.773
5/19/2022 18:00,1.738
5/19/2022 19:00,1.803
5/19/2022 20:00,1.942
5/19/2022 21:00,2.024
5/19/2022 22:00,1.954
5/19/2022 23:00,1.871
5/20/2022 0:00,1.79
5/20/2022 1:00,1.682
5/20/2022 2:00,1.573
5/20/2022 3:00,1.478
5/20/2022 4:00,1.64
5/20/2022 5:00,2.059
5/20/2022 6:00,2.115
5/20/2022 7:00,2.255
5/20/2022 8:00,2.483
5/20/2022 9:00,2.541
5/20/2022 10:00,2.502
5/20/2022 11:00,2.534
5/20/2022 12:00,2.656
5/20/2022 13:00,2.911
5/20/2022 14:00,3.268
5/20/2022 15:00,3.497
5/20/2022 16:00,3.708
5/20/2022 17:00,4.008
5/20/2022 18:00,4.242
5/20/2022 19:00,4.273
5/20/2022 20:00,4.394
5/20/2022 21:00,4.529
5/20/2022 22:00,4.627
5/20/2022 23:00,4.65
5/21/2022 0:00,4.532
5/21/2022 1:00,4.343
5/21/2022 2:00,4.069
5/21/2022 3:00,3.733
5/21/2022 4:00,3.81
5/21/2022 5:00,4.133
5/21/2022 6:00,4.417
5/21/2022 7:00,4.636
5/21/2022 8:00,4.865
5/21/2022 9:00,5.062
5/21/2022 10:00,5.145
5/21/2022 11:00,5.141
5/21/2022 12:00,5.055
5/21/2022 13:00,4.871
5/21/2022 14:00,4.59
5/21/2022 15:00,4.171
5/21/2022 16:00,3.631
5/21/2022 17:00,2.79
5/21/2022 18:00,1.83
5/21/2022 19:00,1.548
5/21/2022 20:00,1.447
5/21/2022 21:00,1.388
5/21/2022 22:00,1.347
5/21/2022 23:00,1.287
5/22/2022 0:00,1.216
5/22/2022 1:00,1.128
5/22/2022 2:00,1.069
5/22/2022 3:00,1.067
5/22/2022 4:00,1.132
5/22/2022 5:00,1.548
5/22/2022 6:00,1.479
5/22/2022 7:00,1.395
5/22/2022 8:00,1.305
5/22/2022 9:00,1.269
5/22/2022 10:00,1.395
5/22/2022 11:00,1.499
5/22/2022 12:00,1.544
5/22/2022 13:00,1.557
5/22/2022 14:00,1.582
5/22/2022 15:00,1.673
5/22/2022 16:00,1.685
5/22/2022 17:00,1.407
5/22/2022 18:00,1.042
5/22/2022 19:00,1.269
5/22/2022 20:00,1.524
5/22/2022 21:00,1.694
5/22/2022 22:00,1.842
5/22/2022 23:00,1.941
5/23/2022 0:00,1.927
5/23/2022 1:00,1.942
5/23/2022 2:00,2.007
5/23/2022 3:00,2.141
5/23/2022 4:00,2.609
5/23/2022 5:00,2.77
5/23/2022 6:00,3.011
5/23/2022 7:00,3.383
5/23/2022 8:00,3.716
5/23/2022 9:00,3.931
5/23/2022 10:00,4.008
5/23/2022 11:00,3.975
5/23/2022 12:00,3.916
5/23/2022 13:00,3.833
5/23/2022 14:00,3.77
5/23/2022 15:00,3.658
5/23/2022 16:00,3.389
5/23/2022 17:00,3.056
5/23/2022 18:00,2.876
5/23/2022 19:00,3.105
5/23/2022 20:00,3.498
5/23/2022 21:00,3.86
5/23/2022 22:00,3.85
5/23/2022 23:00,3.586
5/24/2022 0:00,3.197
5/24/2022 1:00,2.903
5/24/2022 2:00,2.767
5/24/2022 3:00,2.72
5/24/2022 4:00,3.017
5/24/2022 5:00,3.419
5/24/2022 6:00,3.954
5/24/2022 7:00,4.359
5/24/2022 8:00,4.601
5/24/2022 9:00,4.672
5/24/2022 10:00,4.669
5/24/2022 11:00,4.642
5/24/2022 12:00,4.549
5/24/2022 13:00,4.403
5/24/2022 14:00,4.168
5/24/2022 15:00,3.818
5/24/2022 16:00,3.276
5/24/2022 17:00,2.454
5/24/2022 18:00,1.45
5/24/2022 19:00,1.151
5/24/2022 20:00,1.136
5/24/2022 21:00,1.14
5/24/2022 22:00,1.173
5/24/2022 23:00,1.218
5/25/2022 0:00,1.282
5/25/2022 1:00,1.343
5/25/2022 2:00,1.356
5/25/2022 3:00,1.344
5/25/2022 4:00,1.743
5/25/2022 5:00,2.046
5/25/2022 6:00,2.312
5/25/2022 7:00,2.687
5/25/2022 8:00,3.018
5/25/2022 9:00,3.294
5/25/2022 10:00,3.522
5/25/2022 11:00,3.714
5/25/2022 12:00,3.864
5/25/2022 13:00,3.964
5/25/2022 14:00,3.985
5/25/2022 15:00,3.912
5/25/2022 16:00,3.627
5/25/2022 17:00,2.924
5/25/2022 18:00,2.189
5/25/2022 19:00,2.037
5/25/2022 20:00,2.246
5/25/2022 21:00,2.442
5/25/2022 22:00,2.638
5/25/2022 23:00,2.82
5/26/2022 0:00,2.908
5/26/2022 1:00,2.967
5/26/2022 2:00,3.003
5/26/2022 3:00,3.047
5/26/2022 4:00,3.35
5/26/2022 5:00,3.728
5/26/2022 6:00,4.216
5/26/2022 7:00,4.557
5/26/2022 8:00,4.81
5/26/2022 9:00,4.961
5/26/2022 10:00,5.013
5/26/2022 11:00,5.037
5/26/2022 12:00,5.037
5/26/2022 13:00,4.944
5/26/2022 14:00,4.742
5/26/2022 15:00,4.428
5/26/2022 16:00,4.013
5/26/2022 17:00,3.358
5/26/2022 18:00,2.615
5/26/2022 19:00,2.45
5/26/2022 20:00,2.662
5/26/2022 21:00,2.939
5/26/2022 22:00,3.242
5/26/2022 23:00,3.39
5/27/2022 0:00,3.477
5/27/2022 1:00,3.401
5/27/2022 2:00,3.323
5/27/2022 3:00,3.303
5/27/2022 4:00,3.501
5/27/2022 5:00,3.732
5/27/2022 6:00,4.215
5/27/2022 7:00,4.662
5/27/2022 8:00,5.059
5/27/2022 9:00,5.391
5/27/2022 10:00,5.673
5/27/2022 11:00,5.883
5/27/2022 12:00,6.005
5/27/2022 13:00,6.04
5/27/2022 14:00,5.956
5/27/2022 15:00,5.767
5/27/2022 16:00,5.433
5/27/2022 17:00,4.828
5/27/2022 18:00,3.967
5/27/2022 19:00,3.256
5/27/2022 20:00,3.064
5/27/2022 21:00,2.977
5/27/2022 22:00,3.029
5/27/2022 23:00,3.112
5/28/2022 0:00,3.173
5/28/2022 1:00,3.206
5/28/2022 2:00,3.203
5/28/2022 3:00,3.196
5/28/2022 4:00,3.558
5/28/2022 5:00,4.01
5/28/2022 6:00,4.584
5/28/2022 7:00,4.8
5/28/2022 8:00,4.861
5/28/2022 9:00,4.88
5/28/2022 10:00,4.883
5/28/2022 11:00,4.882
5/28/2022 12:00,4.854
5/28/2022 13:00,4.781
5/28/2022 14:00,4.646
5/28/2022 15:00,4.455
5/28/2022 16:00,4.175
5/28/2022 17:00,3.639
5/28/2022 18:00,2.701
5/28/2022 19:00,2.172
5/28/2022 20:00,2.067
5/28/2022 21:00,2.037
5/28/2022 22:00,2.003
5/28/2022 23:00,1.955
5/29/2022 0:00,1.879
5/29/2022 1:00,1.834
5/29/2022 2:00,1.836
5/29/2022 3:00,1.889
5/29/2022 4:00,2.306
5/29/2022 5:00,2.491
5/29/2022 6:00,2.691
5/29/2022 7:00,2.781
5/29/2022 8:00,2.82
5/29/2022 9:00,2.825
5/29/2022 10:00,2.81
5/29/2022 11:00,2.795
5/29/2022 12:00,2.749
5/29/2022 13:00,2.702
5/29/2022 14:00,2.652
5/29/2022 15:00,2.581
5/29/2022 16:00,2.461
5/29/2022 17:00,2.198
5/29/2022 18:00,1.629
5/29/2022 19:00,1.315
5/29/2022 20:00,1.314
5/29/2022 21:00,1.293
5/29/2022 22:00,1.243
5/29/2022 23:00,1.189
5/30/2022 0:00,1.138
5/30/2022 1:00,1.093
5/30/2022 2:00,1.064
5/30/2022 3:00,1.12
5/30/2022 4:00,1.388
5/30/2022 5:00,1.654
5/30/2022 6:00,1.839
5/30/2022 7:00,1.869
5/30/2022 8:00,1.822
5/30/2022 9:00,1.755
5/30/2022 10:00,1.718
5/30/2022 11:00,1.748
5/30/2022 12:00,1.853
5/30/2022 13:00,1.961
5/30/2022 14:00,1.983
5/30/2022 15:00,1.891
5/30/2022 16:00,1.704
5/30/2022 17:00,1.413
5/30/2022 18:00,0.899
5/30/2022 19:00,0.971
5/30/2022 20:00,1.062
5/30/2022 21:00,1.121
5/30/2022 22:00,1.198
5/30/2022 23:00,1.274
5/31/2022 0:00,1.308
5/31/2022 1:00,1.292
5/31/2022 2:00,1.273
5/31/2022 3:00,1.26
5/31/2022 4:00,1.716
5/31/2022 5:00,2.044
5/31/2022 6:00,1.918
5/31/2022 7:00,1.936
5/31/2022 8:00,1.833
5/31/2022 9:00,1.786
5/31/2022 10:00,1.834
5/31/2022 11:00,1.986
5/31/2022 12:00,2.115
5/31/2022 13:00,2.17
5/31/2022 14:00,2.133
5/31/2022 15:00,2.015
5/31/2022 16:00,1.821
5/31/2022 17:00,1.395
5/31/2022 18:00,0.915
5/31/2022 19:00,0.893
5/31/2022 20:00,0.906
5/31/2022 21:00,0.925
5/31/2022 22:00,0.943
5/31/2022 23:00,0.992
6/1/2022 0:00,1.144
6/1/2022 1:00,1.299
6/1/2022 2:00,1.455
6/1/2022 3:00,1.562
6/1/2022 4:00,1.971
6/1/2022 5:00,2.3
6/1/2022 6:00,2.561
6/1/2022 7:00,2.894
6/1/2022 8:00,3.177
6/1/2022 9:00,3.415
6/1/2022 10:00,3.628
6/1/2022 11:00,3.781
6/1/2022 12:00,3.847
6/1/2022 13:00,3.822
6/1/2022 14:00,3.679
6/1/2022 15:00,3.436
6/1/2022 16:00,3.115
6/1/2022 17:00,2.512
6/1/2022 18:00,1.679
6/1/2022 19:00,1.364
6/1/2022 20:00,1.395
6/1/2022 21:00,1.407
6/1/2022 22:00,1.378
6/1/2022 23:00,1.353
6/2/2022 0:00,1.329
6/2/2022 1:00,1.328
6/2/2022 2:00,1.316
6/2/2022 3:00,1.338
6/2/2022 4:00,1.659
6/2/2022 5:00,1.97
6/2/2022 6:00,2.298
6/2/2022 7:00,2.275
6/2/2022 8:00,2.126
6/2/2022 9:00,2.107
6/2/2022 10:00,2.142
6/2/2022 11:00,2.179
6/2/2022 12:00,2.187
6/2/2022 13:00,2.16
6/2/2022 14:00,2.1
6/2/2022 15:00,2.043
6/2/2022 16:00,1.966
6/2/2022 17:00,1.722
6/2/2022 18:00,1.139
6/2/2022 19:00,1.241
6/2/2022 20:00,1.425
6/2/2022 21:00,1.507
6/2/2022 22:00,1.508
6/2/2022 23:00,1.48
6/3/2022 0:00,1.443
6/3/2022 1:00,1.402
6/3/2022 2:00,1.35
6/3/2022 3:00,1.331
6/3/2022 4:00,1.81
6/3/2022 5:00,2.143
6/3/2022 6:00,2.063
6/3/2022 7:00,2.209
6/3/2022 8:00,2.328
6/3/2022 9:00,2.331
6/3/2022 10:00,2.22
6/3/2022 11:00,2.012
6/3/2022 12:00,1.803
6/3/2022 13:00,1.637
6/3/2022 14:00,1.544
6/3/2022 15:00,1.49
6/3/2022 16:00,1.494
6/3/2022 17:00,1.448
6/3/2022 18:00,1.469
6/3/2022 19:00,1.674
6/3/2022 20:00,1.831
6/3/2022 21:00,1.809
6/3/2022 22:00,1.698
6/3/2022 23:00,1.633
6/4/2022 0:00,1.569
6/4/2022 1:00,1.553
6/4/2022 2:00,1.581
6/4/2022 3:00,1.664
6/4/2022 4:00,1.878
6/4/2022 5:00,2.077
6/4/2022 6:00,2.135
6/4/2022 7:00,2.257
6/4/2022 8:00,2.331
6/4/2022 9:00,2.384
6/4/2022 10:00,2.395
6/4/2022 11:00,2.414
6/4/2022 12:00,2.479
6/4/2022 13:00,2.544
6/4/2022 14:00,2.556
6/4/2022 15:00,2.498
6/4/2022 16:00,2.368
6/4/2022 17:00,2.05
6/4/2022 18:00,1.481
6/4/2022 19:00,1.519
6/4/2022 20:00,1.813
6/4/2022 21:00,1.988
6/4/2022 22:00,2.059
6/4/2022 23:00,2.099
6/5/2022 0:00,2.159
6/5/2022 1:00,2.176
6/5/2022 2:00,2.131
6/5/2022 3:00,2.234
6/5/2022 4:00,2.67
6/5/2022 5:00,2.764
6/5/2022 6:00,3.009
6/5/2022 7:00,3.26
6/5/2022 8:00,3.285
6/5/2022 9:00,3.243
6/5/2022 10:00,3.235
6/5/2022 11:00,3.302
6/5/2022 12:00,3.385
6/5/2022 13:00,3.423
6/5/2022 14:00,3.349
6/5/2022 15:00,3.176
6/5/2022 16:00,3.097
6/5/2022 17:00,3.11
6/5/2022 18:00,3.225
6/5/2022 19:00,3.311
6/5/2022 20:00,3.437
6/5/2022 21:00,3.405
6/5/2022 22:00,3.321
6/5/2022 23:00,3.188
6/6/2022 0:00,3.08
6/6/2022 1:00,2.925
6/6/2022 2:00,2.789
6/6/2022 3:00,2.742
6/6/2022 4:00,3.069
6/6/2022 5:00,3.419
6/6/2022 6:00,3.806
6/6/2022 7:00,4.032
6/6/2022 8:00,4.194
6/6/2022 9:00,4.31
6/6/2022 10:00,4.386
6/6/2022 11:00,4.376
6/6/2022 12:00,4.298
6/6/2022 13:00,4.172
6/6/2022 14:00,4.022
6/6/2022 15:00,3.838
6/6/2022 16:00,3.525
6/6/2022 17:00,2.915
6/6/2022 18:00,2.035
6/6/2022 19:00,1.598
6/6/2022 20:00,1.498
6/6/2022 21:00,1.437
6/6/2022 22:00,1.397
6/6/2022 23:00,1.417
6/7/2022 0:00,1.508
6/7/2022 1:00,1.64
6/7/2022 2:00,1.786
6/7/2022 3:00,1.902
6/7/2022 4:00,2.409
6/7/2022 5:00,2.647
6/7/2022 6:00,3.064
6/7/2022 7:00,3.397
6/7/2022 8:00,3.608
6/7/2022 9:00,3.72
6/7/2022 10:00,3.78
6/7/2022 11:00,3.799
6/7/2022 12:00,3.755
6/7/2022 13:00,3.637
6/7/2022 14:00,3.458
6/7/2022 15:00,3.215
6/7/2022 16:00,2.856
6/7/2022 17:00,2.268
6/7/2022 18:00,1.46
6/7/2022 19:00,1.147
6/7/2022 20:00,1.173
6/7/2022 21:00,1.191
6/7/2022 22:00,1.185
6/7/2022 23:00,1.162
6/8/2022 0:00,1.146
6/8/2022 1:00,1.153
6/8/2022 2:00,1.153
6/8/2022 3:00,1.17
6/8/2022 4:00,1.775
6/8/2022 5:00,2.042
6/8/2022 6:00,2.211
6/8/2022 7:00,2.446
6/8/2022 8:00,2.627
6/8/2022 9:00,2.764
6/8/2022 10:00,2.874
6/8/2022 11:00,2.929
6/8/2022 12:00,2.913
6/8/2022 13:00,2.872
6/8/2022 14:00,2.782
6/8/2022 15:00,2.652
6/8/2022 16:00,2.371
6/8/2022 17:00,1.948
6/8/2022 18:00,1.583
6/8/2022 19:00,1.457
6/8/2022 20:00,1.559
6/8/2022 21:00,1.694
6/8/2022 22:00,1.836
6/8/2022 23:00,1.905
6/9/2022 0:00,1.929
6/9/2022 1:00,1.983
6/9/2022 2:00,2.052
6/9/2022 3:00,2.219
6/9/2022 4:00,2.663
6/9/2022 5:00,2.974
6/9/2022 6:00,3.31
6/9/2022 7:00,3.466
6/9/2022 8:00,3.528
6/9/2022 9:00,3.563
6/9/2022 10:00,3.603
6/9/2022 11:00,3.646
6/9/2022 12:00,3.677
6/9/2022 13:00,3.677
6/9/2022 14:00,3.626
6/9/2022 15:00,3.478
6/9/2022 16:00,3.172
6/9/2022 17:00,2.643
6/9/2022 18:00,1.691
6/9/2022 19:00,1.301
6/9/2022 20:00,1.335
6/9/2022 21:00,1.36
6/9/2022 22:00,1.365
6/9/2022 23:00,1.354
6/10/2022 0:00,1.328
6/10/2022 1:00,1.278
6/10/2022 2:00,1.229
6/10/2022 3:00,1.244
6/10/2022 4:00,1.656
6/10/2022 5:00,1.979
6/10/2022 6:00,2.198
6/10/2022 7:00,2.561
6/10/2022 8:00,2.728
6/10/2022 9:00,2.78
6/10/2022 10:00,2.768
6/10/2022 11:00,2.734
6/10/2022 12:00,2.678
6/10/2022 13:00,2.598
6/10/2022 14:00,2.486
6/10/2022 15:00,2.329
6/10/2022 16:00,2.075
6/10/2022 17:00,1.569
6/10/2022 18:00,0.875
6/10/2022 19:00,0.871
6/10/2022 20:00,0.926
6/10/2022 21:00,0.99
6/10/2022 22:00,1.064
6/10/2022 23:00,1.123
6/11/2022 0:00,1.174
6/11/2022 1:00,1.217
6/11/2022 2:00,1.216
6/11/2022 3:00,1.214
6/11/2022 4:00,1.478
6/11/2022 5:00,1.883
6/11/2022 6:00,1.99
6/11/2022 7:00,2.239
6/11/2022 8:00,2.453
6/11/2022 9:00,2.581
6/11/2022 10:00,2.674
6/11/2022 11:00,2.764
6/11/2022 12:00,2.811
6/11/2022 13:00,2.805
6/11/2022 14:00,2.741
6/11/2022 15:00,2.626
6/11/2022 16:00,2.365
6/11/2022 17:00,1.863
6/11/2022 18:00,1.062
6/11/2022 19:00,0.889
6/11/2022 20:00,0.892
6/11/2022 21:00,0.902
6/11/2022 22:00,0.905
6/11/2022 23:00,0.919
6/12/2022 0:00,0.946
6/12/2022 1:00,0.985
6/12/2022 2:00,1.032
6/12/2022 3:00,1.059
6/12/2022 4:00,1.418
6/12/2022 5:00,1.802
6/12/2022 6:00,1.919
6/12/2022 7:00,2.206
6/12/2022 8:00,2.502
6/12/2022 9:00,2.747
6/12/2022 10:00,2.935
6/12/2022 11:00,3.056
6/12/2022 12:00,3.12
6/12/2022 13:00,3.13
6/12/2022 14:00,3.142
6/12/2022 15:00,3.114
6/12/2022 16:00,2.937
6/12/2022 17:00,2.585
6/12/2022 18:00,2.029
6/12/2022 19:00,1.766
6/12/2022 20:00,1.808
6/12/2022 21:00,1.789
6/12/2022 22:00,1.633
6/12/2022 23:00,1.488
6/13/2022 0:00,1.384
6/13/2022 1:00,1.33
6/13/2022 2:00,1.405
6/13/2022 3:00,1.689
6/13/2022 4:00,2.346
6/13/2022 5:00,2.686
6/13/2022 6:00,3.062
6/13/2022 7:00,3.444
6/13/2022 8:00,3.783
6/13/2022 9:00,4.071
6/13/2022 10:00,4.306
6/13/2022 11:00,4.455
6/13/2022 12:00,4.521
6/13/2022 13:00,4.484
6/13/2022 14:00,4.334
6/13/2022 15:00,4.11
6/13/2022 16:00,3.787
6/13/2022 17:00,3.254
6/13/2022 18:00,2.34
6/13/2022 19:00,1.615
6/13/2022 20:00,1.524
6/13/2022 21:00,1.463
6/13/2022 22:00,1.375
6/13/2022 23:00,1.309
6/14/2022 0:00,1.282
6/14/2022 1:00,1.236
6/14/2022 2:00,1.17
6/14/2022 3:00,1.174
6/14/2022 4:00,1.442
6/14/2022 5:00,1.678
6/14/2022 6:00,1.791
6/14/2022 7:00,1.796
6/14/2022 8:00,1.849
6/14/2022 9:00,1.92
6/14/2022 10:00,1.971
6/14/2022 11:00,1.997
6/14/2022 12:00,2
6/14/2022 13:00,1.98
6/14/2022 14:00,1.939
6/14/2022 15:00,1.885
6/14/2022 16:00,1.798
6/14/2022 17:00,1.58
6/14/2022 18:00,1.062
6/14/2022 19:00,1.108
6/14/2022 20:00,1.245
6/14/2022 21:00,1.298
6/14/2022 22:00,1.279
6/14/2022 23:00,1.239
6/15/2022 0:00,1.203
6/15/2022 1:00,1.178
6/15/2022 2:00,1.149
6/15/2022 3:00,1.114
6/15/2022 4:00,1.507
6/15/2022 5:00,1.689
6/15/2022 6:00,1.528
6/15/2022 7:00,1.651
6/15/2022 8:00,1.562
6/15/2022 9:00,1.405
6/15/2022 10:00,1.283
6/15/2022 11:00,1.232
6/15/2022 12:00,1.278
6/15/2022 13:00,1.402
6/15/2022 14:00,1.497
6/15/2022 15:00,1.573
6/15/2022 16:00,1.58
6/15/2022 17:00,1.507
6/15/2022 18:00,1.228
6/15/2022 19:00,1.395
6/15/2022 20:00,1.6
6/15/2022 21:00,1.575
6/15/2022 22:00,1.482
6/15/2022 23:00,1.43
6/16/2022 0:00,1.399
6/16/2022 1:00,1.37
6/16/2022 2:00,1.392
6/16/2022 3:00,1.507
6/16/2022 4:00,1.88
6/16/2022 5:00,2.236
6/16/2022 6:00,2.599
6/16/2022 7:00,2.896
6/16/2022 8:00,3.062
6/16/2022 9:00,3.141
6/16/2022 10:00,3.207
6/16/2022 11:00,3.308
6/16/2022 12:00,3.419
6/16/2022 13:00,3.519
6/16/2022 14:00,3.583
6/16/2022 15:00,3.59
6/16/2022 16:00,3.405
6/16/2022 17:00,2.911
6/16/2022 18:00,2.008
6/16/2022 19:00,1.513
6/16/2022 20:00,1.511
6/16/2022 21:00,1.454
6/16/2022 22:00,1.359
6/16/2022 23:00,1.259
6/17/2022 0:00,1.165
6/17/2022 1:00,1.098
6/17/2022 2:00,1.082
6/17/2022 3:00,1.123
6/17/2022 4:00,1.522
6/17/2022 5:00,1.896
6/17/2022 6:00,1.883
6/17/2022 7:00,1.875
6/17/2022 8:00,1.867
6/17/2022 9:00,1.866
6/17/2022 10:00,1.843
6/17/2022 11:00,1.791
6/17/2022 12:00,1.75
6/17/2022 13:00,1.744
6/17/2022 14:00,1.733
6/17/2022 15:00,1.65
6/17/2022 16:00,1.47
6/17/2022 17:00,1.12
6/17/2022 18:00,0.814
6/17/2022 19:00,1.019
6/17/2022 20:00,1.222
6/17/2022 21:00,1.425
6/17/2022 22:00,1.574
6/17/2022 23:00,1.724
6/18/2022 0:00,1.872
6/18/2022 1:00,1.983
6/18/2022 2:00,2.016
6/18/2022 3:00,2.061
6/18/2022 4:00,2.287
6/18/2022 5:00,2.656
6/18/2022 6:00,2.664
6/18/2022 7:00,2.737
6/18/2022 8:00,2.745
6/18/2022 9:00,2.753
6/18/2022 10:00,2.74
6/18/2022 11:00,2.725
6/18/2022 12:00,2.741
6/18/2022 13:00,2.777
6/18/2022 14:00,2.778
6/18/2022 15:00,2.682
6/18/2022 16:00,2.532
6/18/2022 17:00,2.127
6/18/2022 18:00,1.662
6/18/2022 19:00,1.722
6/18/2022 20:00,1.932
6/18/2022 21:00,1.961
6/18/2022 22:00,1.898
6/18/2022 23:00,1.92
6/19/2022 0:00,2.024
6/19/2022 1:00,2.111
6/19/2022 2:00,2.142
6/19/2022 3:00,2.211
6/19/2022 4:00,2.544
6/19/2022 5:00,2.756
6/19/2022 6:00,3.13
6/19/2022 7:00,3.759
6/19/2022 8:00,4.149
6/19/2022 9:00,4.229
6/19/2022 10:00,4.119
6/19/2022 11:00,3.908
6/19/2022 12:00,3.7
6/19/2022 13:00,3.6
6/19/2022 14:00,3.565
6/19/2022 15:00,3.454
6/19/2022 16:00,3.304
6/19/2022 17:00,2.991
6/19/2022 18:00,2.521
6/19/2022 19:00,2.238
6/19/2022 20:00,2.222
6/19/2022 21:00,2.154
6/19/2022 22:00,2.002
6/19/2022 23:00,1.86
6/20/2022 0:00,1.764
6/20/2022 1:00,1.66
6/20/2022 2:00,1.511
6/20/2022 3:00,1.605
6/20/2022 4:00,1.837
6/20/2022 5:00,1.994
6/20/2022 6:00,2.31
6/20/2022 7:00,2.865
6/20/2022 8:00,3.304
6/20/2022 9:00,3.517
6/20/2022 10:00,3.702
6/20/2022 11:00,3.985
6/20/2022 12:00,4.242
6/20/2022 13:00,4.381
6/20/2022 14:00,4.381
6/20/2022 15:00,4.245
6/20/2022 16:00,4.016
6/20/2022 17:00,3.632
6/20/2022 18:00,2.792
6/20/2022 19:00,1.868
6/20/2022 20:00,1.714
6/20/2022 21:00,1.665
6/20/2022 22:00,1.635
6/20/2022 23:00,1.604
6/21/2022 0:00,1.567
6/21/2022 1:00,1.534
6/21/2022 2:00,1.504
6/21/2022 3:00,1.565
6/21/2022 4:00,2.179
6/21/2022 5:00,2.422
6/21/2022 6:00,2.371
6/21/2022 7:00,2.24
6/21/2022 8:00,2.142
6/21/2022 9:00,2.086
6/21/2022 10:00,2.045
6/21/2022 11:00,1.967
6/21/2022 12:00,1.842
6/21/2022 13:00,1.661
6/21/2022 14:00,1.463
6/21/2022 15:00,1.346
6/21/2022 16:00,1.309
6/21/2022 17:00,1.26
6/21/2022 18:00,0.988
6/21/2022 19:00,1.098
6/21/2022 20:00,1.258
6/21/2022 21:00,1.296
6/21/2022 22:00,1.184
6/21/2022 23:00,1.056
6/22/2022 0:00,0.975
6/22/2022 1:00,0.929
6/22/2022 2:00,0.891
6/22/2022 3:00,0.867
6/22/2022 4:00,1.233
6/22/2022 5:00,1.548
6/22/2022 6:00,1.491
6/22/2022 7:00,1.661
6/22/2022 8:00,1.65
6/22/2022 9:00,1.571
6/22/2022 10:00,1.509
6/22/2022 11:00,1.511
6/22/2022 12:00,1.571
6/22/2022 13:00,1.627
6/22/2022 14:00,1.656
6/22/2022 15:00,1.648
6/22/2022 16:00,1.599
6/22/2022 17:00,1.397
6/22/2022 18:00,1.076
6/22/2022 19:00,1.124
6/22/2022 20:00,1.277
6/22/2022 21:00,1.344
6/22/2022 22:00,1.311
6/22/2022 23:00,1.234
6/23/2022 0:00,1.186
6/23/2022 1:00,1.162
6/23/2022 2:00,1.147
6/23/2022 3:00,1.193
6/23/2022 4:00,1.6
6/23/2022 5:00,1.812
6/23/2022 6:00,1.941
6/23/2022 7:00,2.205
6/23/2022 8:00,2.387
6/23/2022 9:00,2.474
6/23/2022 10:00,2.475
6/23/2022 11:00,2.408
6/23/2022 12:00,2.336
6/23/2022 13:00,2.29
6/23/2022 14:00,2.263
6/23/2022 15:00,2.234
6/23/2022 16:00,2.115
6/23/2022 17:00,1.836
6/23/2022 18:00,1.302
6/23/2022 19:00,1.419
6/23/2022 20:00,1.63
6/23/2022 21:00,1.737
6/23/2022 22:00,1.815
6/23/2022 23:00,1.945
6/24/2022 0:00,2.188
6/24/2022 1:00,2.369
6/24/2022 2:00,2.373
6/24/2022 3:00,2.266
6/24/2022 4:00,2.524
6/24/2022 5:00,2.717
6/24/2022 6:00,2.845
6/24/2022 7:00,2.958
6/24/2022 8:00,3.031
6/24/2022 9:00,3.072
6/24/2022 10:00,3.093
6/24/2022 11:00,3.077
6/24/2022 12:00,3.012
6/24/2022 13:00,2.926
6/24/2022 14:00,2.803
6/24/2022 15:00,2.638
6/24/2022 16:00,2.4
6/24/2022 17:00,2.107
6/24/2022 18:00,1.696
6/24/2022 19:00,1.559
6/24/2022 20:00,1.664
6/24/2022 21:00,1.711
6/24/2022 22:00,1.767
6/24/2022 23:00,1.826
6/25/2022 0:00,1.891
6/25/2022 1:00,1.902
6/25/2022 2:00,1.838
6/25/2022 3:00,1.792
6/25/2022 4:00,2.17
6/25/2022 5:00,2.106
6/25/2022 6:00,2.053
6/25/2022 7:00,2.052
6/25/2022 8:00,2.183
6/25/2022 9:00,2.249
6/25/2022 10:00,2.196
6/25/2022 11:00,2.089
6/25/2022 12:00,1.952
6/25/2022 13:00,1.822
6/25/2022 14:00,1.719
6/25/2022 15:00,1.603
6/25/2022 16:00,1.437
6/25/2022 17:00,1.13
6/25/2022 18:00,0.712
6/25/2022 19:00,0.799
6/25/2022 20:00,0.916
6/25/2022 21:00,1.023
6/25/2022 22:00,1.103
6/25/2022 23:00,1.208
6/26/2022 0:00,1.34
6/26/2022 1:00,1.46
6/26/2022 2:00,1.398
6/26/2022 3:00,1.296
6/26/2022 4:00,1.798
6/26/2022 5:00,1.939
6/26/2022 6:00,1.936
6/26/2022 7:00,1.832
6/26/2022 8:00,1.732
6/26/2022 9:00,1.843
6/26/2022 10:00,1.916
6/26/2022 11:00,1.939
6/26/2022 12:00,1.89
6/26/2022 13:00,1.791
6/26/2022 14:00,1.678
6/26/2022 15:00,1.641
6/26/2022 16:00,1.66
6/26/2022 17:00,1.626
6/26/2022 18:00,1.377
6/26/2022 19:00,1.36
6/26/2022 20:00,1.469
6/26/2022 21:00,1.536
6/26/2022 22:00,1.55
6/26/2022 23:00,1.584
6/27/2022 0:00,1.61
6/27/2022 1:00,1.537
6/27/2022 2:00,1.344
6/27/2022 3:00,1.352
6/27/2022 4:00,1.668
6/27/2022 5:00,1.724
6/27/2022 6:00,1.769
6/27/2022 7:00,1.917
6/27/2022 8:00,2.092
6/27/2022 9:00,2.23
6/27/2022 10:00,2.382
6/27/2022 11:00,2.606
6/27/2022 12:00,2.855
6/27/2022 13:00,3.063
6/27/2022 14:00,3.205
6/27/2022 15:00,3.261
6/27/2022 16:00,3.21
6/27/2022 17:00,2.966
6/27/2022 18:00,2.516
6/27/2022 19:00,2.073
6/27/2022 20:00,2.034
6/27/2022 21:00,2.01
6/27/2022 22:00,1.918
6/27/2022 23:00,1.853
6/28/2022 0:00,1.778
6/28/2022 1:00,1.702
6/28/2022 2:00,1.528
6/28/2022 3:00,1.431
6/28/2022 4:00,1.756
6/28/2022 5:00,1.923
6/28/2022 6:00,2.023
6/28/2022 7:00,2.181
6/28/2022 8:00,2.299
6/28/2022 9:00,2.313
6/28/2022 10:00,2.255
6/28/2022 11:00,2.141
6/28/2022 12:00,2.041
6/28/2022 13:00,1.946
6/28/2022 14:00,1.87
6/28/2022 15:00,1.815
6/28/2022 16:00,1.749
6/28/2022 17:00,1.589
6/28/2022 18:00,1.085
6/28/2022 19:00,1.156
6/28/2022 20:00,1.402
6/28/2022 21:00,1.541
6/28/2022 22:00,1.597
6/28/2022 23:00,1.611
6/29/2022 0:00,1.594
6/29/2022 1:00,1.551
6/29/2022 2:00,1.472
6/29/2022 3:00,1.522
6/29/2022 4:00,1.816
6/29/2022 5:00,2.084
6/29/2022 6:00,2.175
6/29/2022 7:00,2.291
6/29/2022 8:00,2.283
6/29/2022 9:00,2.204
6/29/2022 10:00,2.105
6/29/2022 11:00,1.999
6/29/2022 12:00,1.929
6/29/2022 13:00,1.895
6/29/2022 14:00,1.875
6/29/2022 15:00,1.826
6/29/2022 16:00,1.759
6/29/2022 17:00,1.574
6/29/2022 18:00,1.188
6/29/2022 19:00,1.209
6/29/2022 20:00,1.311
6/29/2022 21:00,1.328
6/29/2022 22:00,1.299
6/29/2022 23:00,1.242
6/30/2022 0:00,1.207
6/30/2022 1:00,1.203
6/30/2022 2:00,1.186
6/30/2022 3:00,1.207
6/30/2022 4:00,1.325
6/30/2022 5:00,1.496
6/30/2022 6:00,1.443
6/30/2022 7:00,1.487
6/30/2022 8:00,1.651
6/30/2022 9:00,1.782
6/30/2022 10:00,1.715
6/30/2022 11:00,1.56
6/30/2022 12:00,1.482
6/30/2022 13:00,1.562
6/30/2022 14:00,1.722
6/30/2022 15:00,1.921
6/30/2022 16:00,2.087
6/30/2022 17:00,2.103
6/30/2022 18:00,1.952
6/30/2022 19:00,2.187
6/30/2022 20:00,2.592
6/30/2022 21:00,2.919
6/30/2022 22:00,3.036
6/30/2022 23:00,2.985
7/1/2022 0:00,2.957
7/1/2022 1:00,2.957
7/1/2022 2:00,2.934
7/1/2022 3:00,2.927
7/1/2022 4:00,3.051
7/1/2022 5:00,3.204
7/1/2022 6:00,3.332
7/1/2022 7:00,3.354
7/1/2022 8:00,3.355
7/1/2022 9:00,3.373
7/1/2022 10:00,3.433
7/1/2022 11:00,3.5
7/1/2022 12:00,3.528
7/1/2022 13:00,3.467
7/1/2022 14:00,3.322
7/1/2022 15:00,3.116
7/1/2022 16:00,2.874
7/1/2022 17:00,2.434
7/1/2022 18:00,1.525
7/1/2022 19:00,1.153
7/1/2022 20:00,1.156
7/1/2022 21:00,1.153
7/1/2022 22:00,1.145
7/1/2022 23:00,1.19
7/2/2022 0:00,1.237
7/2/2022 1:00,1.221
7/2/2022 2:00,1.174
7/2/2022 3:00,1.187
7/2/2022 4:00,1.513
7/2/2022 5:00,1.821
7/2/2022 6:00,2.095
7/2/2022 7:00,2.463
7/2/2022 8:00,2.679
7/2/2022 9:00,2.748
7/2/2022 10:00,2.716
7/2/2022 11:00,2.647
7/2/2022 12:00,2.565
7/2/2022 13:00,2.484
7/2/2022 14:00,2.412
7/2/2022 15:00,2.281
7/2/2022 16:00,2.063
7/2/2022 17:00,1.649
7/2/2022 18:00,0.946
7/2/2022 19:00,1.054
7/2/2022 20:00,1.215
7/2/2022 21:00,1.353
7/2/2022 22:00,1.441
7/2/2022 23:00,1.506
7/3/2022 0:00,1.524
7/3/2022 1:00,1.502
7/3/2022 2:00,1.474
7/3/2022 3:00,1.492
7/3/2022 4:00,1.79
7/3/2022 5:00,2.138
7/3/2022 6:00,2.262
7/3/2022 7:00,2.421
7/3/2022 8:00,2.528
7/3/2022 9:00,2.633
7/3/2022 10:00,2.733
7/3/2022 11:00,2.825
7/3/2022 12:00,2.907
7/3/2022 13:00,2.977
7/3/2022 14:00,3.02
7/3/2022 15:00,3.009
7/3/2022 16:00,2.888
7/3/2022 17:00,2.597
7/3/2022 18:00,2.003
7/3/2022 19:00,1.674
7/3/2022 20:00,1.685
7/3/2022 21:00,1.686
7/3/2022 22:00,1.599
7/3/2022 23:00,1.512
7/4/2022 0:00,1.468
7/4/2022 1:00,1.47
7/4/2022 2:00,1.489
7/4/2022 3:00,1.565
7/4/2022 4:00,1.975
7/4/2022 5:00,2.221
7/4/2022 6:00,2.299
7/4/2022 7:00,2.343
7/4/2022 8:00,2.403
7/4/2022 9:00,2.518
7/4/2022 10:00,2.684
7/4/2022 11:00,2.852
7/4/2022 12:00,2.955
7/4/2022 13:00,2.976
7/4/2022 14:00,2.929
7/4/2022 15:00,2.85
7/4/2022 16:00,2.699
7/4/2022 17:00,2.371
7/4/2022 18:00,1.576
7/4/2022 19:00,1.27
7/4/2022 20:00,1.308
7/4/2022 21:00,1.308
7/4/2022 22:00,1.219
7/4/2022 23:00,1.118
7/5/2022 0:00,1.049
7/5/2022 1:00,1.001
7/5/2022 2:00,0.948
7/5/2022 3:00,0.918
7/5/2022 4:00,1.189
7/5/2022 5:00,1.432
7/5/2022 6:00,1.682
7/5/2022 7:00,2.078
7/5/2022 8:00,2.394
7/5/2022 9:00,2.611
7/5/2022 10:00,2.796
7/5/2022 11:00,2.986
7/5/2022 12:00,3.153
7/5/2022 13:00,3.26
7/5/2022 14:00,3.297
7/5/2022 15:00,3.272
7/5/2022 16:00,3.186
7/5/2022 17:00,2.968
7/5/2022 18:00,2.396
7/5/2022 19:00,2.076
7/5/2022 20:00,2.063
7/5/2022 21:00,1.993
7/5/2022 22:00,1.851
7/5/2022 23:00,1.741
7/6/2022 0:00,1.692
7/6/2022 1:00,1.662
7/6/2022 2:00,1.628
7/6/2022 3:00,1.719
7/6/2022 4:00,2.291
7/6/2022 5:00,2.739
7/6/2022 6:00,2.946
7/6/2022 7:00,2.989
7/6/2022 8:00,3.108
7/6/2022 9:00,3.285
7/6/2022 10:00,3.433
7/6/2022 11:00,3.567
7/6/2022 12:00,3.641
7/6/2022 13:00,3.643
7/6/2022 14:00,3.57
7/6/2022 15:00,3.421
7/6/2022 16:00,3.19
7/6/2022 17:00,2.813
7/6/2022 18:00,2.004
7/6/2022 19:00,1.534
7/6/2022 20:00,1.605
7/6/2022 21:00,1.61
7/6/2022 22:00,1.645
7/6/2022 23:00,1.809
7/7/2022 0:00,2.065
7/7/2022 1:00,2.352
7/7/2022 2:00,2.532
7/7/2022 3:00,2.682
7/7/2022 4:00,3.018
7/7/2022 5:00,3.354
7/7/2022 6:00,3.745
7/7/2022 7:00,4.138
7/7/2022 8:00,4.406
7/7/2022 9:00,4.598
7/7/2022 10:00,4.748
7/7/2022 11:00,4.894
7/7/2022 12:00,5.035
7/7/2022 13:00,5.094
7/7/2022 14:00,5.064
7/7/2022 15:00,4.936
7/7/2022 16:00,4.723
7/7/2022 17:00,4.321
7/7/2022 18:00,3.763
7/7/2022 19:00,3.44
7/7/2022 20:00,3.398
7/7/2022 21:00,3.332
7/7/2022 22:00,3.181
7/7/2022 23:00,3.017
7/8/2022 0:00,2.873
7/8/2022 1:00,2.652
7/8/2022 2:00,2.388
7/8/2022 3:00,2.256
7/8/2022 4:00,2.71
7/8/2022 5:00,3.159
7/8/2022 6:00,3.223
7/8/2022 7:00,3.165
7/8/2022 8:00,3.16
7/8/2022 9:00,3.202
7/8/2022 10:00,3.285
7/8/2022 11:00,3.405
7/8/2022 12:00,3.517
7/8/2022 13:00,3.585
7/8/2022 14:00,3.568
7/8/2022 15:00,3.469
7/8/2022 16:00,3.258
7/8/2022 17:00,2.822
7/8/2022 18:00,1.895
7/8/2022 19:00,1.334
7/8/2022 20:00,1.346
7/8/2022 21:00,1.39
7/8/2022 22:00,1.417
7/8/2022 23:00,1.424
7/9/2022 0:00,1.425
7/9/2022 1:00,1.412
7/9/2022 2:00,1.396
7/9/2022 3:00,1.438
7/9/2022 4:00,1.683
7/9/2022 5:00,2.066
7/9/2022 6:00,2.388
7/9/2022 7:00,2.764
7/9/2022 8:00,3.049
7/9/2022 9:00,3.28
7/9/2022 10:00,3.508
7/9/2022 11:00,3.745
7/9/2022 12:00,3.958
7/9/2022 13:00,4.106
7/9/2022 14:00,4.174
7/9/2022 15:00,4.203
7/9/2022 16:00,4.134
7/9/2022 17:00,3.839
7/9/2022 18:00,3.254
7/9/2022 19:00,2.874
7/9/2022 20:00,2.731
7/9/2022 21:00,2.653
7/9/2022 22:00,2.613
7/9/2022 23:00,2.588
7/10/2022 0:00,2.567
7/10/2022 1:00,2.55
7/10/2022 2:00,2.501
7/10/2022 3:00,2.507
7/10/2022 4:00,2.999
7/10/2022 5:00,3.477
7/10/2022 6:00,3.77
7/10/2022 7:00,3.97
7/10/2022 8:00,4.098
7/10/2022 9:00,4.178
7/10/2022 10:00,4.25
7/10/2022 11:00,4.32
7/10/2022 12:00,4.353
7/10/2022 13:00,4.317
7/10/2022 14:00,4.197
7/10/2022 15:00,4.029
7/10/2022 16:00,3.749
7/10/2022 17:00,3.247
7/10/2022 18:00,2.399
7/10/2022 19:00,1.608
7/10/2022 20:00,1.47
7/10/2022 21:00,1.405
7/10/2022 22:00,1.347
7/10/2022 23:00,1.302
7/11/2022 0:00,1.263
7/11/2022 1:00,1.223
7/11/2022 2:00,1.198
7/11/2022 3:00,1.212
7/11/2022 4:00,1.72
7/11/2022 5:00,2.079
7/11/2022 6:00,2.343
7/11/2022 7:00,2.469
7/11/2022 8:00,2.582
7/11/2022 9:00,2.66
7/11/2022 10:00,2.733
7/11/2022 11:00,2.821
7/11/2022 12:00,2.885
7/11/2022 13:00,2.897
7/11/2022 14:00,2.864
7/11/2022 15:00,2.79
7/11/2022 16:00,2.633
7/11/2022 17:00,2.3
7/11/2022 18:00,1.502
7/11/2022 19:00,1.07
7/11/2022 20:00,1.077
7/11/2022 21:00,1.056
7/11/2022 22:00,1.017
7/11/2022 23:00,0.983
7/12/2022 0:00,0.948
7/12/2022 1:00,0.921
7/12/2022 2:00,0.913
7/12/2022 3:00,0.931
7/12/2022 4:00,1.266
7/12/2022 5:00,1.537
7/12/2022 6:00,1.541
7/12/2022 7:00,1.69
7/12/2022 8:00,1.854
7/12/2022 9:00,1.939
7/12/2022 10:00,1.981
7/12/2022 11:00,2.031
7/12/2022 12:00,2.123
7/12/2022 13:00,2.214
7/12/2022 14:00,2.249
7/12/2022 15:00,2.168
7/12/2022 16:00,1.986
7/12/2022 17:00,1.502
7/12/2022 18:00,0.925
7/12/2022 19:00,0.899
7/12/2022 20:00,0.895
7/12/2022 21:00,0.919
7/12/2022 22:00,0.977
7/12/2022 23:00,1.031
7/13/2022 0:00,1.105
7/13/2022 1:00,1.209
7/13/2022 2:00,1.332
7/13/2022 3:00,1.458
7/13/2022 4:00,1.795
7/13/2022 5:00,2.218
7/13/2022 6:00,2.367
7/13/2022 7:00,2.659
7/13/2022 8:00,3.055
7/13/2022 9:00,3.297
7/13/2022 10:00,3.469
7/13/2022 11:00,3.635
7/13/2022 12:00,3.761
7/13/2022 13:00,3.822
7/13/2022 14:00,3.841
7/13/2022 15:00,3.771
7/13/2022 16:00,3.506
7/13/2022 17:00,3.033
7/13/2022 18:00,2.527
7/13/2022 19:00,2.125
7/13/2022 20:00,1.999
7/13/2022 21:00,1.819
7/13/2022 22:00,1.628
7/13/2022 23:00,1.53
7/14/2022 0:00,1.474
7/14/2022 1:00,1.421
7/14/2022 2:00,1.38
7/14/2022 3:00,1.427
7/14/2022 4:00,1.783
7/14/2022 5:00,2.007
7/14/2022 6:00,1.981
7/14/2022 7:00,2.102
7/14/2022 8:00,2.423
7/14/2022 9:00,2.817
7/14/2022 10:00,3.24
7/14/2022 11:00,3.706
7/14/2022 12:00,4.121
7/14/2022 13:00,4.412
7/14/2022 14:00,4.55
7/14/2022 15:00,4.531
7/14/2022 16:00,4.408
7/14/2022 17:00,4.112
7/14/2022 18:00,3.511
7/14/2022 19:00,2.763
7/14/2022 20:00,2.438
7/14/2022 21:00,2.201
7/14/2022 22:00,1.961
7/14/2022 23:00,1.771
7/15/2022 0:00,1.65
7/15/2022 1:00,1.574
7/15/2022 2:00,1.529
7/15/2022 3:00,1.569
7/15/2022 4:00,2.187
7/15/2022 5:00,2.621
7/15/2022 6:00,2.77
7/15/2022 7:00,2.854
7/15/2022 8:00,2.978
7/15/2022 9:00,3.086
7/15/2022 10:00,3.186
7/15/2022 11:00,3.277
7/15/2022 12:00,3.331
7/15/2022 13:00,3.309
7/15/2022 14:00,3.246
7/15/2022 15:00,3.164
7/15/2022 16:00,3.001
7/15/2022 17:00,2.679
7/15/2022 18:00,1.771
7/15/2022 19:00,1.265
7/15/2022 20:00,1.266
7/15/2022 21:00,1.267
7/15/2022 22:00,1.306
7/15/2022 23:00,1.407
7/16/2022 0:00,1.55
7/16/2022 1:00,1.73
7/16/2022 2:00,1.873
7/16/2022 3:00,2.047
7/16/2022 4:00,2.349
7/16/2022 5:00,2.814
7/16/2022 6:00,3.425
7/16/2022 7:00,3.849
7/16/2022 8:00,4.07
7/16/2022 9:00,4.255
7/16/2022 10:00,4.412
7/16/2022 11:00,4.509
7/16/2022 12:00,4.502
7/16/2022 13:00,4.38
7/16/2022 14:00,4.185
7/16/2022 15:00,3.97
7/16/2022 16:00,3.712
7/16/2022 17:00,3.315
7/16/2022 18:00,2.334
7/16/2022 19:00,1.723
7/16/2022 20:00,1.727
7/16/2022 21:00,1.662
7/16/2022 22:00,1.523
7/16/2022 23:00,1.393
7/17/2022 0:00,1.28
7/17/2022 1:00,1.204
7/17/2022 2:00,1.151
7/17/2022 3:00,1.173
7/17/2022 4:00,1.558
7/17/2022 5:00,1.862
7/17/2022 6:00,1.772
7/17/2022 7:00,1.859
7/17/2022 8:00,1.907
7/17/2022 9:00,1.973
7/17/2022 10:00,2.075
7/17/2022 11:00,2.16
7/17/2022 12:00,2.197
7/17/2022 13:00,2.198
7/17/2022 14:00,2.192
7/17/2022 15:00,2.143
7/17/2022 16:00,2.012
7/17/2022 17:00,1.589
7/17/2022 18:00,0.979
7/17/2022 19:00,1.051
7/17/2022 20:00,1.077
7/17/2022 21:00,1.084
7/17/2022 22:00,1.1
7/17/2022 23:00,1.119
7/18/2022 0:00,1.128
7/18/2022 1:00,1.161
7/18/2022 2:00,1.193
7/18/2022 3:00,1.198
7/18/2022 4:00,1.248
7/18/2022 5:00,1.766
7/18/2022 6:00,1.563
7/18/2022 7:00,1.415
7/18/2022 8:00,1.451
7/18/2022 9:00,1.492
7/18/2022 10:00,1.492
7/18/2022 11:00,1.469
7/18/2022 12:00,1.458
7/18/2022 13:00,1.476
7/18/2022 14:00,1.456
7/18/2022 15:00,1.361
7/18/2022 16:00,1.178
7/18/2022 17:00,0.866
7/18/2022 18:00,0.824
7/18/2022 19:00,1.036
7/18/2022 20:00,1.129
7/18/2022 21:00,1.199
7/18/2022 22:00,1.268
7/18/2022 23:00,1.312
7/19/2022 0:00,1.325
7/19/2022 1:00,1.316
7/19/2022 2:00,1.306
7/19/2022 3:00,1.284
7/19/2022 4:00,1.308
7/19/2022 5:00,1.819
7/19/2022 6:00,1.88
7/19/2022 7:00,1.932
7/19/2022 8:00,2.185
7/19/2022 9:00,2.313
7/19/2022 10:00,2.343
7/19/2022 11:00,2.313
7/19/2022 12:00,2.265
7/19/2022 13:00,2.256
7/19/2022 14:00,2.299
7/19/2022 15:00,2.344
7/19/2022 16:00,2.348
7/19/2022 17:00,1.765
7/19/2022 18:00,1.531
7/19/2022 19:00,1.822
7/19/2022 20:00,2.09
7/19/2022 21:00,2.195
7/19/2022 22:00,2.225
7/19/2022 23:00,2.242
7/20/2022 0:00,2.245
7/20/2022 1:00,2.2
7/20/2022 2:00,2.105
7/20/2022 3:00,1.989
7/20/2022 4:00,2.217
7/20/2022 5:00,2.588
7/20/2022 6:00,2.522
7/20/2022 7:00,2.633
7/20/2022 8:00,2.651
7/20/2022 9:00,2.558
7/20/2022 10:00,2.53
7/20/2022 11:00,2.61
7/20/2022 12:00,2.646
7/20/2022 13:00,2.583
7/20/2022 14:00,2.519
7/20/2022 15:00,2.473
7/20/2022 16:00,2.373
7/20/2022 17:00,2.161
7/20/2022 18:00,1.909
7/20/2022 19:00,1.816
7/20/2022 20:00,2.064
7/20/2022 21:00,2.341
7/20/2022 22:00,2.407
7/20/2022 23:00,2.347
7/21/2022 0:00,2.228
7/21/2022 1:00,2.219
7/21/2022 2:00,2.237
7/21/2022 3:00,2.233
7/21/2022 4:00,2.551
7/21/2022 5:00,2.828
7/21/2022 6:00,3.045
7/21/2022 7:00,3.289
7/21/2022 8:00,3.529
7/21/2022 9:00,3.704
7/21/2022 10:00,3.809
7/21/2022 11:00,3.853
7/21/2022 12:00,3.812
7/21/2022 13:00,3.702
7/21/2022 14:00,3.551
7/21/2022 15:00,3.378
7/21/2022 16:00,3.115
7/21/2022 17:00,2.663
7/21/2022 18:00,1.873
7/21/2022 19:00,1.636
7/21/2022 20:00,1.74
7/21/2022 21:00,1.807
7/21/2022 22:00,1.851
7/21/2022 23:00,1.813
7/22/2022 0:00,1.735
7/22/2022 1:00,1.643
7/22/2022 2:00,1.553
7/22/2022 3:00,1.498
7/22/2022 4:00,1.896
7/22/2022 5:00,2.144
7/22/2022 6:00,2.158
7/22/2022 7:00,2.137
7/22/2022 8:00,2.115
7/22/2022 9:00,2.13
7/22/2022 10:00,2.182
7/22/2022 11:00,2.169
7/22/2022 12:00,2.09
7/22/2022 13:00,1.97
7/22/2022 14:00,1.891
7/22/2022 15:00,1.898
7/22/2022 16:00,1.935
7/22/2022 17:00,1.761
7/22/2022 18:00,1.454
7/22/2022 19:00,1.361
7/22/2022 20:00,1.449
7/22/2022 21:00,1.392
7/22/2022 22:00,1.359
7/22/2022 23:00,1.233
7/23/2022 0:00,1.108
7/23/2022 1:00,1.047
7/23/2022 2:00,1.047
7/23/2022 3:00,1.036
7/23/2022 4:00,1.355
7/23/2022 5:00,1.78
7/23/2022 6:00,2.109
7/23/2022 7:00,2.335
7/23/2022 8:00,2.525
7/23/2022 9:00,2.813
7/23/2022 10:00,3.084
7/23/2022 11:00,3.243
7/23/2022 12:00,3.286
7/23/2022 13:00,3.243
7/23/2022 14:00,3.131
7/23/2022 15:00,2.966
7/23/2022 16:00,2.746
7/23/2022 17:00,2.313
7/23/2022 18:00,1.408
7/23/2022 19:00,1.193
7/23/2022 20:00,1.213
7/23/2022 21:00,1.174
7/23/2022 22:00,1.106
7/23/2022 23:00,1.058
7/24/2022 0:00,1.024
7/24/2022 1:00,1.034
7/24/2022 2:00,1.069
7/24/2022 3:00,1.112
7/24/2022 4:00,1.485
7/24/2022 5:00,1.893
7/24/2022 6:00,1.791
7/24/2022 7:00,1.85
7/24/2022 8:00,1.986
7/24/2022 9:00,2.069
7/24/2022 10:00,2.064
7/24/2022 11:00,2.005
7/24/2022 12:00,1.898
7/24/2022 13:00,1.75
7/24/2022 14:00,1.579
7/24/2022 15:00,1.431
7/24/2022 16:00,1.234
7/24/2022 17:00,0.953
7/24/2022 18:00,0.659
7/24/2022 19:00,0.846
7/24/2022 20:00,1.043
7/24/2022 21:00,1.226
7/24/2022 22:00,1.416
7/24/2022 23:00,1.615
7/25/2022 0:00,1.772
7/25/2022 1:00,1.844
7/25/2022 2:00,1.895
7/25/2022 3:00,1.974
7/25/2022 4:00,2.419
7/25/2022 5:00,2.88
7/25/2022 6:00,2.873
7/25/2022 7:00,3.324
7/25/2022 8:00,3.635
7/25/2022 9:00,3.797
7/25/2022 10:00,3.953
7/25/2022 11:00,4.109
7/25/2022 12:00,4.254
7/25/2022 13:00,4.396
7/25/2022 14:00,4.455
7/25/2022 15:00,4.411
7/25/2022 16:00,4.206
7/25/2022 17:00,3.818
7/25/2022 18:00,3.378
7/25/2022 19:00,3.022
7/25/2022 20:00,2.887
7/25/2022 21:00,2.697
7/25/2022 22:00,2.546
7/25/2022 23:00,2.341
7/26/2022 0:00,2.155
7/26/2022 1:00,2.018
7/26/2022 2:00,2.012
7/26/2022 3:00,2.086
7/26/2022 4:00,2.528
7/26/2022 5:00,3.089
7/26/2022 6:00,3.557
7/26/2022 7:00,3.897
7/26/2022 8:00,4.13
7/26/2022 9:00,4.22
7/26/2022 10:00,4.221
7/26/2022 11:00,4.172
7/26/2022 12:00,4.071
7/26/2022 13:00,3.945
7/26/2022 14:00,3.801
7/26/2022 15:00,3.64
7/26/2022 16:00,3.399
7/26/2022 17:00,3.017
7/26/2022 18:00,2.336
7/26/2022 19:00,1.899
7/26/2022 20:00,1.851
7/26/2022 21:00,1.817
7/26/2022 22:00,1.772
7/26/2022 23:00,1.724
7/27/2022 0:00,1.705
7/27/2022 1:00,1.675
7/27/2022 2:00,1.67
7/27/2022 3:00,1.729
7/27/2022 4:00,2.116
7/27/2022 5:00,2.52
7/27/2022 6:00,2.736
7/27/2022 7:00,2.803
7/27/2022 8:00,2.777
7/27/2022 9:00,2.802
7/27/2022 10:00,2.885
7/27/2022 11:00,3.015
7/27/2022 12:00,3.128
7/27/2022 13:00,3.172
7/27/2022 14:00,3.142
7/27/2022 15:00,3.055
7/27/2022 16:00,2.899
7/27/2022 17:00,2.591
7/27/2022 18:00,1.781
7/27/2022 19:00,1.551
7/27/2022 20:00,1.722
7/27/2022 21:00,1.81
7/27/2022 22:00,1.845
7/27/2022 23:00,1.888
7/28/2022 0:00,1.876
7/28/2022 1:00,1.844
7/28/2022 2:00,1.836
7/28/2022 3:00,1.818
7/28/2022 4:00,2.158
7/28/2022 5:00,2.438
7/28/2022 6:00,2.75
7/28/2022 7:00,2.718
7/28/2022 8:00,2.521
7/28/2022 9:00,2.371
7/28/2022 10:00,2.237
7/28/2022 11:00,2.1
7/28/2022 12:00,2.015
7/28/2022 13:00,2.002
7/28/2022 14:00,2.057
7/28/2022 15:00,2.16
7/28/2022 16:00,2.232
7/28/2022 17:00,1.987
7/28/2022 18:00,1.758
7/28/2022 19:00,2.012
7/28/2022 20:00,2.216
7/28/2022 21:00,2.166
7/28/2022 22:00,2.03
7/28/2022 23:00,1.915
7/29/2022 0:00,1.852
7/29/2022 1:00,1.831
7/29/2022 2:00,1.797
7/29/2022 3:00,1.753
7/29/2022 4:00,1.925
7/29/2022 5:00,2.102
7/29/2022 6:00,2.052
7/29/2022 7:00,2.084
7/29/2022 8:00,2.153
7/29/2022 9:00,2.227
7/29/2022 10:00,2.267
7/29/2022 11:00,2.288
7/29/2022 12:00,2.29
7/29/2022 13:00,2.253
7/29/2022 14:00,2.193
7/29/2022 15:00,2.158
7/29/2022 16:00,2.126
7/29/2022 17:00,1.863
7/29/2022 18:00,1.599
7/29/2022 19:00,1.685
7/29/2022 20:00,1.807
7/29/2022 21:00,1.7
7/29/2022 22:00,1.554
7/29/2022 23:00,1.445
7/30/2022 0:00,1.37
7/30/2022 1:00,1.334
7/30/2022 2:00,1.322
7/30/2022 3:00,1.297
7/30/2022 4:00,1.604
7/30/2022 5:00,2.031
7/30/2022 6:00,2.302
7/30/2022 7:00,2.527
7/30/2022 8:00,2.653
7/30/2022 9:00,2.753
7/30/2022 10:00,2.859
7/30/2022 11:00,2.974
7/30/2022 12:00,3.057
7/30/2022 13:00,3.076
7/30/2022 14:00,3.019
7/30/2022 15:00,2.853
7/30/2022 16:00,2.57
7/30/2022 17:00,1.953
7/30/2022 18:00,1.154
7/30/2022 19:00,1.038
7/30/2022 20:00,1.03
7/30/2022 21:00,0.985
7/30/2022 22:00,0.931
7/30/2022 23:00,0.884
7/31/2022 0:00,0.864
7/31/2022 1:00,0.887
7/31/2022 2:00,0.97
7/31/2022 3:00,1.093
7/31/2022 4:00,1.353
7/31/2022 5:00,1.991
7/31/2022 6:00,2.207
7/31/2022 7:00,2.536
7/31/2022 8:00,2.783
7/31/2022 9:00,2.952
7/31/2022 10:00,3.08
7/31/2022 11:00,3.193
7/31/2022 12:00,3.267
7/31/2022 13:00,3.319
7/31/2022 14:00,3.323
7/31/2022 15:00,3.299
7/31/2022 16:00,3.151
7/31/2022 17:00,2.579
7/31/2022 18:00,1.932
7/31/2022 19:00,1.893
7/31/2022 20:00,2.027
7/31/2022 21:00,2.061
7/31/2022 22:00,2.06
7/31/2022 23:00,2.026
8/1/2022 0:00,2.034
8/1/2022 1:00,2.042
8/1/2022 2:00,2.029
8/1/2022 3:00,1.979
8/1/2022 4:00,2.267
8/1/2022 5:00,2.709
8/1/2022 6:00,2.831
8/1/2022 7:00,2.945
8/1/2022 8:00,3.11
8/1/2022 9:00,3.232
8/1/2022 10:00,3.338
8/1/2022 11:00,3.442
8/1/2022 12:00,3.511
8/1/2022 13:00,3.486
8/1/2022 14:00,3.338
8/1/2022 15:00,3.091
8/1/2022 16:00,2.781
8/1/2022 17:00,2.3
8/1/2022 18:00,1.464
8/1/2022 19:00,1.266
8/1/2022 20:00,1.28
8/1/2022 21:00,1.204
8/1/2022 22:00,1.078
8/1/2022 23:00,0.956
8/2/2022 0:00,0.884
8/2/2022 1:00,0.841
8/2/2022 2:00,0.837
8/2/2022 3:00,0.839
8/2/2022 4:00,0.972
8/2/2022 5:00,1.394
8/2/2022 6:00,1.476
8/2/2022 7:00,1.695
8/2/2022 8:00,1.951
8/2/2022 9:00,2.171
8/2/2022 10:00,2.306
8/2/2022 11:00,2.349
8/2/2022 12:00,2.311
8/2/2022 13:00,2.207
8/2/2022 14:00,2.05
8/2/2022 15:00,1.838
8/2/2022 16:00,1.554
8/2/2022 17:00,1.026
8/2/2022 18:00,0.782
8/2/2022 19:00,0.884
8/2/2022 20:00,0.933
8/2/2022 21:00,0.961
8/2/2022 22:00,0.991
8/2/2022 23:00,1.029
8/3/2022 0:00,1.074
8/3/2022 1:00,1.123
8/3/2022 2:00,1.172
8/3/2022 3:00,1.202
8/3/2022 4:00,1.295
8/3/2022 5:00,2.017
8/3/2022 6:00,1.922
8/3/2022 7:00,2.094
8/3/2022 8:00,2.238
8/3/2022 9:00,2.268
8/3/2022 10:00,2.203
8/3/2022 11:00,2.094
8/3/2022 12:00,1.956
8/3/2022 13:00,1.788
8/3/2022 14:00,1.593
8/3/2022 15:00,1.404
8/3/2022 16:00,1.151
8/3/2022 17:00,0.828
8/3/2022 18:00,0.821
8/3/2022 19:00,0.991
8/3/2022 20:00,1.058
8/3/2022 21:00,1.103
8/3/2022 22:00,1.149
8/3/2022 23:00,1.199
8/4/2022 0:00,1.254
8/4/2022 1:00,1.306
8/4/2022 2:00,1.349
8/4/2022 3:00,1.373
8/4/2022 4:00,1.53
8/4/2022 5:00,2.108
8/4/2022 6:00,2.083
8/4/2022 7:00,2.09
8/4/2022 8:00,2.236
8/4/2022 9:00,2.377
8/4/2022 10:00,2.486
8/4/2022 11:00,2.548
8/4/2022 12:00,2.532
8/4/2022 13:00,2.474
8/4/2022 14:00,2.436
8/4/2022 15:00,2.368
8/4/2022 16:00,2.227
8/4/2022 17:00,1.813
8/4/2022 18:00,1.651
8/4/2022 19:00,1.782
8/4/2022 20:00,2.004
8/4/2022 21:00,2.09
8/4/2022 22:00,2.103
8/4/2022 23:00,2.027
8/5/2022 0:00,1.896
8/5/2022 1:00,1.709
8/5/2022 2:00,1.614
8/5/2022 3:00,1.609
8/5/2022 4:00,1.753
8/5/2022 5:00,2.029
8/5/2022 6:00,2.208
8/5/2022 7:00,2.602
8/5/2022 8:00,2.914
8/5/2022 9:00,3.026
8/5/2022 10:00,3.083
8/5/2022 11:00,3.217
8/5/2022 12:00,3.419
8/5/2022 13:00,3.612
8/5/2022 14:00,3.742
8/5/2022 15:00,3.813
8/5/2022 16:00,3.823
8/5/2022 17:00,3.618
8/5/2022 18:00,3.172
8/5/2022 19:00,2.913
8/5/2022 20:00,2.885
8/5/2022 21:00,2.721
8/5/2022 22:00,2.497
8/5/2022 23:00,2.354
8/6/2022 0:00,2.234
8/6/2022 1:00,2.109
8/6/2022 2:00,2.01
8/6/2022 3:00,1.959
8/6/2022 4:00,2.214
8/6/2022 5:00,2.769
8/6/2022 6:00,3.102
8/6/2022 7:00,3.115
8/6/2022 8:00,2.989
8/6/2022 9:00,2.873
8/6/2022 10:00,2.802
8/6/2022 11:00,2.791
8/6/2022 12:00,2.824
8/6/2022 13:00,2.872
8/6/2022 14:00,2.908
8/6/2022 15:00,2.888
8/6/2022 16:00,2.749
8/6/2022 17:00,2.292
8/6/2022 18:00,1.38
8/6/2022 19:00,1.444
8/6/2022 20:00,1.602
8/6/2022 21:00,1.579
8/6/2022 22:00,1.501
8/6/2022 23:00,1.423
8/7/2022 0:00,1.418
8/7/2022 1:00,1.411
8/7/2022 2:00,1.362
8/7/2022 3:00,1.323
8/7/2022 4:00,1.546
8/7/2022 5:00,2.105
8/7/2022 6:00,2.225
8/7/2022 7:00,2.347
8/7/2022 8:00,2.321
8/7/2022 9:00,2.279
8/7/2022 10:00,2.221
8/7/2022 11:00,2.218
8/7/2022 12:00,2.285
8/7/2022 13:00,2.373
8/7/2022 14:00,2.427
8/7/2022 15:00,2.427
8/7/2022 16:00,2.35
8/7/2022 17:00,1.869
8/7/2022 18:00,1.319
8/7/2022 19:00,1.454
8/7/2022 20:00,1.561
8/7/2022 21:00,1.508
8/7/2022 22:00,1.394
8/7/2022 23:00,1.282
8/8/2022 0:00,1.193
8/8/2022 1:00,1.133
8/8/2022 2:00,1.088
8/8/2022 3:00,1.044
8/8/2022 4:00,1.084
8/8/2022 5:00,1.711
8/8/2022 6:00,1.639
8/8/2022 7:00,2.055
8/8/2022 8:00,2.157
8/8/2022 9:00,2.148
8/8/2022 10:00,2.128
8/8/2022 11:00,2.172
8/8/2022 12:00,2.28
8/8/2022 13:00,2.413
8/8/2022 14:00,2.534
8/8/2022 15:00,2.637
8/8/2022 16:00,2.643
8/8/2022 17:00,2.193
8/8/2022 18:00,1.639
8/8/2022 19:00,1.828
8/8/2022 20:00,1.985
8/8/2022 21:00,1.921
8/8/2022 22:00,1.794
8/8/2022 23:00,1.671
8/9/2022 0:00,1.564
8/9/2022 1:00,1.498
8/9/2022 2:00,1.453
8/9/2022 3:00,1.445
8/9/2022 4:00,1.693
8/9/2022 5:00,2.241
8/9/2022 6:00,2.257
8/9/2022 7:00,2.687
8/9/2022 8:00,2.797
8/9/2022 9:00,2.813
8/9/2022 10:00,2.799
8/9/2022 11:00,2.823
8/9/2022 12:00,2.891
8/9/2022 13:00,2.975
8/9/2022 14:00,3.058
8/9/2022 15:00,3.125
8/9/2022 16:00,3.075
8/9/2022 17:00,2.505
8/9/2022 18:00,1.849
8/9/2022 19:00,2.048
8/9/2022 20:00,2.174
8/9/2022 21:00,2.141
8/9/2022 22:00,2.015
8/9/2022 23:00,1.868
8/10/2022 0:00,1.731
8/10/2022 1:00,1.649
8/10/2022 2:00,1.592
8/10/2022 3:00,1.515
8/10/2022 4:00,1.678
8/10/2022 5:00,2.332
8/10/2022 6:00,2.411
8/10/2022 7:00,2.82
8/10/2022 8:00,3.007
8/10/2022 9:00,3.081
8/10/2022 10:00,3.082
8/10/2022 11:00,3.077
8/10/2022 12:00,3.085
8/10/2022 13:00,3.093
8/10/2022 14:00,3.095
8/10/2022 15:00,3.064
8/10/2022 16:00,2.888
8/10/2022 17:00,2.185
8/10/2022 18:00,1.594
8/10/2022 19:00,1.776
8/10/2022 20:00,1.897
8/10/2022 21:00,1.914
8/10/2022 22:00,1.88
8/10/2022 23:00,1.804
8/11/2022 0:00,1.712
8/11/2022 1:00,1.628
8/11/2022 2:00,1.56
8/11/2022 3:00,1.486
8/11/2022 4:00,1.546
8/11/2022 5:00,2.245
8/11/2022 6:00,2.227
8/11/2022 7:00,2.688
8/11/2022 8:00,2.993
8/11/2022 9:00,3.081
8/11/2022 10:00,3.059
8/11/2022 11:00,3.005
8/11/2022 12:00,2.978
8/11/2022 13:00,2.997
8/11/2022 14:00,3.033
8/11/2022 15:00,3.044
8/11/2022 16:00,2.893
8/11/2022 17:00,2.096
8/11/2022 18:00,1.638
8/11/2022 19:00,1.807
8/11/2022 20:00,1.867
8/11/2022 21:00,1.84
8/11/2022 22:00,1.789
8/11/2022 23:00,1.725
8/12/2022 0:00,1.669
8/12/2022 1:00,1.629
8/12/2022 2:00,1.598
8/12/2022 3:00,1.515
8/12/2022 4:00,1.571
8/12/2022 5:00,2.274
8/12/2022 6:00,2.45
8/12/2022 7:00,3.013
8/12/2022 8:00,3.35
8/12/2022 9:00,3.509
8/12/2022 10:00,3.541
8/12/2022 11:00,3.511
8/12/2022 12:00,3.486
8/12/2022 13:00,3.5
8/12/2022 14:00,3.518
8/12/2022 15:00,3.477
8/12/2022 16:00,3.227
8/12/2022 17:00,2.387
8/12/2022 18:00,1.614
8/12/2022 19:00,1.671
8/12/2022 20:00,1.763
8/12/2022 21:00,1.833
8/12/2022 22:00,1.83
8/12/2022 23:00,1.762
8/13/2022 0:00,1.656
8/13/2022 1:00,1.538
8/13/2022 2:00,1.431
8/13/2022 3:00,1.33
8/13/2022 4:00,1.338
8/13/2022 5:00,1.954
8/13/2022 6:00,2.101
8/13/2022 7:00,2.594
8/13/2022 8:00,2.852
8/13/2022 9:00,2.904
8/13/2022 10:00,2.841
8/13/2022 11:00,2.755
8/13/2022 12:00,2.699
8/13/2022 13:00,2.69
8/13/2022 14:00,2.699
8/13/2022 15:00,2.666
8/13/2022 16:00,2.466
8/13/2022 17:00,1.846
8/13/2022 18:00,1.449
8/13/2022 19:00,1.551
8/13/2022 20:00,1.611
8/13/2022 21:00,1.619
8/13/2022 22:00,1.631
8/13/2022 23:00,1.614
8/14/2022 0:00,1.558
8/14/2022 1:00,1.49
8/14/2022 2:00,1.429
8/14/2022 3:00,1.398
8/14/2022 4:00,1.584
8/14/2022 5:00,2.298
8/14/2022 6:00,2.44
8/14/2022 7:00,2.699
8/14/2022 8:00,2.796
8/14/2022 9:00,2.822
8/14/2022 10:00,2.819
8/14/2022 11:00,2.723
8/14/2022 12:00,2.57
8/14/2022 13:00,2.429
8/14/2022 14:00,2.306
8/14/2022 15:00,2.202
8/14/2022 16:00,2.016
8/14/2022 17:00,1.463
8/14/2022 18:00,1.398
8/14/2022 19:00,1.581
8/14/2022 20:00,1.65
8/14/2022 21:00,1.628
8/14/2022 22:00,1.559
8/14/2022 23:00,1.536
8/15/2022 0:00,1.518
8/15/2022 1:00,1.566
8/15/2022 2:00,1.697
8/15/2022 3:00,1.769
8/15/2022 4:00,2.011
8/15/2022 5:00,2.561
8/15/2022 6:00,2.754
8/15/2022 7:00,2.905
8/15/2022 8:00,2.918
8/15/2022 9:00,2.826
8/15/2022 10:00,2.731
8/15/2022 11:00,2.668
8/15/2022 12:00,2.602
8/15/2022 13:00,2.524
8/15/2022 14:00,2.429
8/15/2022 15:00,2.33
8/15/2022 16:00,2.124
8/15/2022 17:00,1.669
8/15/2022 18:00,1.169
8/15/2022 19:00,1.264
8/15/2022 20:00,1.426
8/15/2022 21:00,1.429
8/15/2022 22:00,1.393
8/15/2022 23:00,1.403
8/16/2022 0:00,1.44
8/16/2022 1:00,1.485
8/16/2022 2:00,1.52
8/16/2022 3:00,1.53
8/16/2022 4:00,1.703
8/16/2022 5:00,2.298
8/16/2022 6:00,2.24
8/16/2022 7:00,2.275
8/16/2022 8:00,2.307
8/16/2022 9:00,2.359
8/16/2022 10:00,2.403
8/16/2022 11:00,2.406
8/16/2022 12:00,2.35
8/16/2022 13:00,2.204
8/16/2022 14:00,1.963
8/16/2022 15:00,1.657
8/16/2022 16:00,1.287
8/16/2022 17:00,0.723
8/16/2022 18:00,0.674
8/16/2022 19:00,0.787
8/16/2022 20:00,0.872
8/16/2022 21:00,0.941
8/16/2022 22:00,0.993
8/16/2022 23:00,1.016
8/17/2022 0:00,1.018
8/17/2022 1:00,1.008
8/17/2022 2:00,0.992
8/17/2022 3:00,0.969
8/17/2022 4:00,0.948
8/17/2022 5:00,1.399
8/17/2022 6:00,1.49
8/17/2022 7:00,1.502
8/17/2022 8:00,1.606
8/17/2022 9:00,1.66
8/17/2022 10:00,1.676
8/17/2022 11:00,1.66
8/17/2022 12:00,1.636
8/17/2022 13:00,1.604
8/17/2022 14:00,1.593
8/17/2022 15:00,1.554
8/17/2022 16:00,1.406
8/17/2022 17:00,1.147
8/17/2022 18:00,1.11
8/17/2022 19:00,1.259
8/17/2022 20:00,1.307
8/17/2022 21:00,1.252
8/17/2022 22:00,1.176
8/17/2022 23:00,1.16
8/18/2022 0:00,1.184
8/18/2022 1:00,1.16
8/18/2022 2:00,1.109
8/18/2022 3:00,1.125
8/18/2022 4:00,1.252
8/18/2022 5:00,1.775
8/18/2022 6:00,1.875
8/18/2022 7:00,1.923
8/18/2022 8:00,1.917
8/18/2022 9:00,1.931
8/18/2022 10:00,1.979
8/18/2022 11:00,2.106
8/18/2022 12:00,2.285
8/18/2022 13:00,2.404
8/18/2022 14:00,2.364
8/18/2022 15:00,2.25
8/18/2022 16:00,2.156
8/18/2022 17:00,1.98
8/18/2022 18:00,1.707
8/18/2022 19:00,1.818
8/18/2022 20:00,1.855
8/18/2022 21:00,1.765
8/18/2022 22:00,1.639
8/18/2022 23:00,1.522
8/19/2022 0:00,1.465
8/19/2022 1:00,1.457
8/19/2022 2:00,1.487
8/19/2022 3:00,1.548
8/19/2022 4:00,1.702
8/19/2022 5:00,2.273
8/19/2022 6:00,2.56
8/19/2022 7:00,2.792
8/19/2022 8:00,2.855
8/19/2022 9:00,2.884
8/19/2022 10:00,2.951
8/19/2022 11:00,3.038
8/19/2022 12:00,3.097
8/19/2022 13:00,3.099
8/19/2022 14:00,2.988
8/19/2022 15:00,2.772
8/19/2022 16:00,2.434
8/19/2022 17:00,1.869
8/19/2022 18:00,1.456
8/19/2022 19:00,1.54
8/19/2022 20:00,1.678
8/19/2022 21:00,1.728
8/19/2022 22:00,1.703
8/19/2022 23:00,1.659
8/20/2022 0:00,1.666
8/20/2022 1:00,1.669
8/20/2022 2:00,1.666
8/20/2022 3:00,1.692
8/20/2022 4:00,1.744
8/20/2022 5:00,2.1
8/20/2022 6:00,2.32
8/20/2022 7:00,2.484
8/20/2022 8:00,2.615
8/20/2022 9:00,2.745
8/20/2022 10:00,2.894
8/20/2022 11:00,3.02
8/20/2022 12:00,3.073
8/20/2022 13:00,3.046
8/20/2022 14:00,2.914
8/20/2022 15:00,2.693
8/20/2022 16:00,2.302
8/20/2022 17:00,1.501
8/20/2022 18:00,1.096
8/20/2022 19:00,1.132
8/20/2022 20:00,1.158
8/20/2022 21:00,1.148
8/20/2022 22:00,1.135
8/20/2022 23:00,1.124
8/21/2022 0:00,1.107
8/21/2022 1:00,1.073
8/21/2022 2:00,1.059
8/21/2022 3:00,1.045
8/21/2022 4:00,1.038
8/21/2022 5:00,1.501
8/21/2022 6:00,1.668
8/21/2022 7:00,1.871
8/21/2022 8:00,2.103
8/21/2022 9:00,2.233
8/21/2022 10:00,2.304
8/21/2022 11:00,2.33
8/21/2022 12:00,2.339
8/21/2022 13:00,2.317
8/21/2022 14:00,2.245
8/21/2022 15:00,2.142
8/21/2022 16:00,1.882
8/21/2022 17:00,1.225
8/21/2022 18:00,1.114
8/21/2022 19:00,1.216
8/21/2022 20:00,1.255
8/21/2022 21:00,1.236
8/21/2022 22:00,1.183
8/21/2022 23:00,1.119
8/22/2022 0:00,1.039
8/22/2022 1:00,0.983
8/22/2022 2:00,0.958
8/22/2022 3:00,0.945
8/22/2022 4:00,0.934
8/22/2022 5:00,1.413
8/22/2022 6:00,1.58
8/22/2022 7:00,1.803
8/22/2022 8:00,1.807
8/22/2022 9:00,1.767
8/22/2022 10:00,1.748
8/22/2022 11:00,1.716
8/22/2022 12:00,1.683
8/22/2022 13:00,1.664
8/22/2022 14:00,1.683
8/22/2022 15:00,1.733
8/22/2022 16:00,1.707
8/22/2022 17:00,1.292
8/22/2022 18:00,1.391
8/22/2022 19:00,1.658
8/22/2022 20:00,1.753
8/22/2022 21:00,1.736
8/22/2022 22:00,1.675
8/22/2022 23:00,1.614
8/23/2022 0:00,1.521
8/23/2022 1:00,1.485
8/23/2022 2:00,1.477
8/23/2022 3:00,1.459
8/23/2022 4:00,1.475
8/23/2022 5:00,1.882
8/23/2022 6:00,2.039
8/23/2022 7:00,2.209
8/23/2022 8:00,2.37
8/23/2022 9:00,2.383
8/23/2022 10:00,2.347
8/23/2022 11:00,2.303
8/23/2022 12:00,2.244
8/23/2022 13:00,2.168
8/23/2022 14:00,2.085
8/23/2022 15:00,1.984
8/23/2022 16:00,1.767
8/23/2022 17:00,1.205
8/23/2022 18:00,1.241
8/23/2022 19:00,1.407
8/23/2022 20:00,1.481
8/23/2022 21:00,1.494
8/23/2022 22:00,1.466
8/23/2022 23:00,1.412
8/24/2022 0:00,1.355
8/24/2022 1:00,1.297
8/24/2022 2:00,1.233
8/24/2022 3:00,1.186
8/24/2022 4:00,1.17
8/24/2022 5:00,1.532
8/24/2022 6:00,1.729
8/24/2022 7:00,1.748
8/24/2022 8:00,1.852
8/24/2022 9:00,1.858
8/24/2022 10:00,1.864
8/24/2022 11:00,1.896
8/24/2022 12:00,1.97
8/24/2022 13:00,2.082
8/24/2022 14:00,2.222
8/24/2022 15:00,2.318
8/24/2022 16:00,2.218
8/24/2022 17:00,1.484
8/24/2022 18:00,1.422
8/24/2022 19:00,1.644
8/24/2022 20:00,1.738
8/24/2022 21:00,1.813
8/24/2022 22:00,1.881
8/24/2022 23:00,1.909
8/25/2022 0:00,1.874
8/25/2022 1:00,1.774
8/25/2022 2:00,1.633
8/25/2022 3:00,1.519
8/25/2022 4:00,1.535
8/25/2022 5:00,2.305
8/25/2022 6:00,2.468
8/25/2022 7:00,2.814
8/25/2022 8:00,2.993
8/25/2022 9:00,2.96
8/25/2022 10:00,2.828
8/25/2022 11:00,2.672
8/25/2022 12:00,2.523
8/25/2022 13:00,2.386
8/25/2022 14:00,2.259
8/25/2022 15:00,2.156
8/25/2022 16:00,1.909
8/25/2022 17:00,1.277
8/25/2022 18:00,1.299
8/25/2022 19:00,1.487
8/25/2022 20:00,1.531
8/25/2022 21:00,1.473
8/25/2022 22:00,1.369
8/25/2022 23:00,1.282
8/26/2022 0:00,1.235
8/26/2022 1:00,1.165
8/26/2022 2:00,1.119
8/26/2022 3:00,1.082
8/26/2022 4:00,1.045
8/26/2022 5:00,1.499
8/26/2022 6:00,1.522
8/26/2022 7:00,1.691
8/26/2022 8:00,1.826
8/26/2022 9:00,1.879
8/26/2022 10:00,1.909
8/26/2022 11:00,1.949
8/26/2022 12:00,2.018
8/26/2022 13:00,2.102
8/26/2022 14:00,2.163
8/26/2022 15:00,2.153
8/26/2022 16:00,2.066
8/26/2022 17:00,1.9
8/26/2022 18:00,1.876
8/26/2022 19:00,1.972
8/26/2022 20:00,2.065
8/26/2022 21:00,2.079
8/26/2022 22:00,2.084
8/26/2022 23:00,2.067
8/27/2022 0:00,2.028
8/27/2022 1:00,1.968
8/27/2022 2:00,1.947
8/27/2022 3:00,1.961
8/27/2022 4:00,1.981
8/27/2022 5:00,2.283
8/27/2022 6:00,2.471
8/27/2022 7:00,2.565
8/27/2022 8:00,2.58
8/27/2022 9:00,2.594
8/27/2022 10:00,2.633
8/27/2022 11:00,2.691
8/27/2022 12:00,2.743
8/27/2022 13:00,2.768
8/27/2022 14:00,2.748
8/27/2022 15:00,2.688
8/27/2022 16:00,2.514
8/27/2022 17:00,2.03
8/27/2022 18:00,1.728
8/27/2022 19:00,1.921
8/27/2022 20:00,1.988
8/27/2022 21:00,1.961
8/27/2022 22:00,1.907
8/27/2022 23:00,1.863
8/28/2022 0:00,1.836
8/28/2022 1:00,1.841
8/28/2022 2:00,1.849
8/28/2022 3:00,1.861
8/28/2022 4:00,1.89
8/28/2022 5:00,2.45
8/28/2022 6:00,2.835
8/28/2022 7:00,3.035
8/28/2022 8:00,3.103
8/28/2022 9:00,3.175
8/28/2022 10:00,3.232
8/28/2022 11:00,3.278
8/28/2022 12:00,3.308
8/28/2022 13:00,3.311
8/28/2022 14:00,3.26
8/28/2022 15:00,3.142
8/28/2022 16:00,2.887
8/28/2022 17:00,2.103
8/28/2022 18:00,1.641
8/28/2022 19:00,1.762
8/28/2022 20:00,1.743
8/28/2022 21:00,1.668
8/28/2022 22:00,1.598
8/28/2022 23:00,1.541
8/29/2022 0:00,1.473
8/29/2022 1:00,1.419
8/29/2022 2:00,1.406
8/29/2022 3:00,1.395
8/29/2022 4:00,1.432
8/29/2022 5:00,1.925
8/29/2022 6:00,2.105
8/29/2022 7:00,2.263
8/29/2022 8:00,2.225
8/29/2022 9:00,2.125
8/29/2022 10:00,2.018
8/29/2022 11:00,1.956
8/29/2022 12:00,1.949
8/29/2022 13:00,1.973
8/29/2022 14:00,2.002
8/29/2022 15:00,2.021
8/29/2022 16:00,1.934
8/29/2022 17:00,1.305
8/29/2022 18:00,1.28
8/29/2022 19:00,1.463
8/29/2022 20:00,1.544
8/29/2022 21:00,1.509
8/29/2022 22:00,1.406
8/29/2022 23:00,1.311
8/30/2022 0:00,1.213
8/30/2022 1:00,1.136
8/30/2022 2:00,1.092
8/30/2022 3:00,1.08
8/30/2022 4:00,1.1
8/30/2022 5:00,1.723
8/30/2022 6:00,2.052
8/30/2022 7:00,2.286
8/30/2022 8:00,2.419
8/30/2022 9:00,2.352
8/30/2022 10:00,2.24
8/30/2022 11:00,2.169
8/30/2022 12:00,2.227
8/30/2022 13:00,2.419
8/30/2022 14:00,2.619
8/30/2022 15:00,2.727
8/30/2022 16:00,2.633
8/30/2022 17:00,2.142
8/30/2022 18:00,2.188
8/30/2022 19:00,2.499
8/30/2022 20:00,2.57
8/30/2022 21:00,2.474
8/30/2022 22:00,2.327
8/30/2022 23:00,2.19
8/31/2022 0:00,2.048
8/31/2022 1:00,1.923
8/31/2022 2:00,1.877
8/31/2022 3:00,1.883
8/31/2022 4:00,1.912
8/31/2022 5:00,2.236
8/31/2022 6:00,2.525
8/31/2022 7:00,2.832
8/31/2022 8:00,3.002
8/31/2022 9:00,3.069
8/31/2022 10:00,3.087
8/31/2022 11:00,3.085
8/31/2022 12:00,3.076
8/31/2022 13:00,3.057
8/31/2022 14:00,3.017
8/31/2022 15:00,2.928
8/31/2022 16:00,2.62
8/31/2022 17:00,1.763
8/31/2022 18:00,1.634
8/31/2022 19:00,1.911
8/31/2022 20:00,2.004
8/31/2022 21:00,1.998
8/31/2022 22:00,1.917
8/31/2022 23:00,1.793
9/1/2022 0:00,1.672
9/1/2022 1:00,1.586
9/1/2022 2:00,1.557
9/1/2022 3:00,1.554
9/1/2022 4:00,1.546
9/1/2022 5:00,2.267
9/1/2022 6:00,2.607
9/1/2022 7:00,3.099
9/1/2022 8:00,3.314
9/1/2022 9:00,3.34
9/1/2022 10:00,3.28
9/1/2022 11:00,3.187
9/1/2022 12:00,3.112
9/1/2022 13:00,3.063
9/1/2022 14:00,3.031
9/1/2022 15:00,3.009
9/1/2022 16:00,2.751
9/1/2022 17:00,1.795
9/1/2022 18:00,1.773
9/1/2022 19:00,2.096
9/1/2022 20:00,2.238
9/1/2022 21:00,2.291
9/1/2022 22:00,2.264
9/1/2022 23:00,2.207
9/2/2022 0:00,2.134
9/2/2022 1:00,2.058
9/2/2022 2:00,1.999
9/2/2022 3:00,1.936
9/2/2022 4:00,1.923
9/2/2022 5:00,2.654
9/2/2022 6:00,2.909
9/2/2022 7:00,3.387
9/2/2022 8:00,3.677
9/2/2022 9:00,3.709
9/2/2022 10:00,3.63
9/2/2022 11:00,3.539
9/2/2022 12:00,3.466
9/2/2022 13:00,3.392
9/2/2022 14:00,3.326
9/2/2022 15:00,3.253
9/2/2022 16:00,2.908
9/2/2022 17:00,1.997
9/2/2022 18:00,2.096
9/2/2022 19:00,2.48
9/2/2022 20:00,2.679
9/2/2022 21:00,2.734
9/2/2022 22:00,2.684
9/2/2022 23:00,2.609
9/3/2022 0:00,2.539
9/3/2022 1:00,2.503
9/3/2022 2:00,2.497
9/3/2022 3:00,2.448
9/3/2022 4:00,2.47
9/3/2022 5:00,2.892
9/3/2022 6:00,2.97
9/3/2022 7:00,3.213
9/3/2022 8:00,3.334
9/3/2022 9:00,3.323
9/3/2022 10:00,3.27
9/3/2022 11:00,3.187
9/3/2022 12:00,3.102
9/3/2022 13:00,2.99
9/3/2022 14:00,2.835
9/3/2022 15:00,2.647
9/3/2022 16:00,2.21
9/3/2022 17:00,1.513
9/3/2022 18:00,1.557
9/3/2022 19:00,1.737
9/3/2022 20:00,1.788
9/3/2022 21:00,1.76
9/3/2022 22:00,1.688
9/3/2022 23:00,1.641
9/4/2022 0:00,1.6
9/4/2022 1:00,1.537
9/4/2022 2:00,1.49
9/4/2022 3:00,1.454
9/4/2022 4:00,1.44
9/4/2022 5:00,1.825
9/4/2022 6:00,2.117
9/4/2022 7:00,2.141
9/4/2022 8:00,2.308
9/4/2022 9:00,2.341
9/4/2022 10:00,2.253
9/4/2022 11:00,2.092
9/4/2022 12:00,1.89
9/4/2022 13:00,1.694
9/4/2022 14:00,1.534
9/4/2022 15:00,1.413
9/4/2022 16:00,1.241
9/4/2022 17:00,1.123
9/4/2022 18:00,1.487
9/4/2022 19:00,1.681
9/4/2022 20:00,1.736
9/4/2022 21:00,1.784
9/4/2022 22:00,1.81
9/4/2022 23:00,1.81
9/5/2022 0:00,1.788
9/5/2022 1:00,1.769
9/5/2022 2:00,1.761
9/5/2022 3:00,1.748
9/5/2022 4:00,1.741
9/5/2022 5:00,1.99
9/5/2022 6:00,2.418
9/5/2022 7:00,2.413
9/5/2022 8:00,2.504
9/5/2022 9:00,2.472
9/5/2022 10:00,2.376
9/5/2022 11:00,2.244
9/5/2022 12:00,2.096
9/5/2022 13:00,1.959
9/5/2022 14:00,1.883
9/5/2022 15:00,1.859
9/5/2022 16:00,1.729
9/5/2022 17:00,1.555
9/5/2022 18:00,1.878
9/5/2022 19:00,2.061
9/5/2022 20:00,2.129
9/5/2022 21:00,2.128
9/5/2022 22:00,2.101
9/5/2022 23:00,2.097
9/6/2022 0:00,2.035
9/6/2022 1:00,1.989
9/6/2022 2:00,1.938
9/6/2022 3:00,1.884
9/6/2022 4:00,1.879
9/6/2022 5:00,2.125
9/6/2022 6:00,2.634
9/6/2022 7:00,2.682
9/6/2022 8:00,2.734
9/6/2022 9:00,2.711
9/6/2022 10:00,2.663
9/6/2022 11:00,2.611
9/6/2022 12:00,2.508
9/6/2022 13:00,2.333
9/6/2022 14:00,2.12
9/6/2022 15:00,1.885
9/6/2022 16:00,1.502
9/6/2022 17:00,1.23
9/6/2022 18:00,1.467
9/6/2022 19:00,1.68
9/6/2022 20:00,1.825
9/6/2022 21:00,1.906
9/6/2022 22:00,1.98
9/6/2022 23:00,2.009
9/7/2022 0:00,1.922
9/7/2022 1:00,1.8
9/7/2022 2:00,1.723
9/7/2022 3:00,1.698
9/7/2022 4:00,1.72
9/7/2022 5:00,2.145
9/7/2022 6:00,2.559
9/7/2022 7:00,2.73
9/7/2022 8:00,2.896
9/7/2022 9:00,2.948
9/7/2022 10:00,2.864
9/7/2022 11:00,2.689
9/7/2022 12:00,2.411
9/7/2022 13:00,2.096
9/7/2022 14:00,1.87
9/7/2022 15:00,1.692
9/7/2022 16:00,1.22
9/7/2022 17:00,0.865
9/7/2022 18:00,0.952
9/7/2022 19:00,1.027
9/7/2022 20:00,1.065
9/7/2022 21:00,1.077
9/7/2022 22:00,1.127
9/7/2022 23:00,1.262
9/8/2022 0:00,1.331
9/8/2022 1:00,1.376
9/8/2022 2:00,1.482
9/8/2022 3:00,1.548
9/8/2022 4:00,1.616
9/8/2022 5:00,1.93
9/8/2022 6:00,2.449
9/8/2022 7:00,2.843
9/8/2022 8:00,3.3
9/8/2022 9:00,3.583
9/8/2022 10:00,3.669
9/8/2022 11:00,3.743
9/8/2022 12:00,3.805
9/8/2022 13:00,3.799
9/8/2022 14:00,3.733
9/8/2022 15:00,3.493
9/8/2022 16:00,2.88
9/8/2022 17:00,1.894
9/8/2022 18:00,1.6
9/8/2022 19:00,1.667
9/8/2022 20:00,1.787
9/8/2022 21:00,1.872
9/8/2022 22:00,1.926
9/8/2022 23:00,1.988
9/9/2022 0:00,2.007
9/9/2022 1:00,2.051
9/9/2022 2:00,2.059
9/9/2022 3:00,2.067
9/9/2022 4:00,2.122
9/9/2022 5:00,2.541
9/9/2022 6:00,2.984
9/9/2022 7:00,3.348
9/9/2022 8:00,3.817
9/9/2022 9:00,4.016
9/9/2022 10:00,4.096
9/9/2022 11:00,4.089
9/9/2022 12:00,4.01
9/9/2022 13:00,3.889
9/9/2022 14:00,3.689
9/9/2022 15:00,3.353
9/9/2022 16:00,2.631
9/9/2022 17:00,2.015
9/9/2022 18:00,2.02
9/9/2022 19:00,2.109
9/9/2022 20:00,2.161
9/9/2022 21:00,2.166
9/9/2022 22:00,2.18
9/9/2022 23:00,2.197
9/10/2022 0:00,2.175
9/10/2022 1:00,2.184
9/10/2022 2:00,2.147
9/10/2022 3:00,2.13
9/10/2022 4:00,2.119
9/10/2022 5:00,2.427
9/10/2022 6:00,2.752
9/10/2022 7:00,2.96
9/10/2022 8:00,3.226
9/10/2022 9:00,3.377
9/10/2022 10:00,3.383
9/10/2022 11:00,3.306
9/10/2022 12:00,3.239
9/10/2022 13:00,3.156
9/10/2022 14:00,2.981
9/10/2022 15:00,2.608
9/10/2022 16:00,2.023
9/10/2022 17:00,1.664
9/10/2022 18:00,1.746
9/10/2022 19:00,1.896
9/10/2022 20:00,2.004
9/10/2022 21:00,1.963
9/10/2022 22:00,1.868
9/10/2022 23:00,1.82
9/11/2022 0:00,1.79
9/11/2022 1:00,1.759
9/11/2022 2:00,1.737
9/11/2022 3:00,1.711
9/11/2022 4:00,1.667
9/11/2022 5:00,1.819
9/11/2022 6:00,2.285
9/11/2022 7:00,2.387
9/11/2022 8:00,2.454
9/11/2022 9:00,2.455
9/11/2022 10:00,2.465
9/11/2022 11:00,2.491
9/11/2022 12:00,2.484
9/11/2022 13:00,2.414
9/11/2022 14:00,2.255
9/11/2022 15:00,1.99
9/11/2022 16:00,1.406
9/11/2022 17:00,0.802
9/11/2022 18:00,0.869
9/11/2022 19:00,0.877
9/11/2022 20:00,0.868
9/11/2022 21:00,0.874
9/11/2022 22:00,0.881
9/11/2022 23:00,0.897
9/12/2022 0:00,0.915
9/12/2022 1:00,0.936
9/12/2022 2:00,0.952
9/12/2022 3:00,0.972
9/12/2022 4:00,0.992
9/12/2022 5:00,1.02
9/12/2022 6:00,1.781
9/12/2022 7:00,1.688
9/12/2022 8:00,1.831
9/12/2022 9:00,1.853
9/12/2022 10:00,1.831
9/12/2022 11:00,1.78
9/12/2022 12:00,1.689
9/12/2022 13:00,1.575
9/12/2022 14:00,1.469
9/12/2022 15:00,1.344
9/12/2022 16:00,0.95
9/12/2022 17:00,0.913
9/12/2022 18:00,1.207
9/12/2022 19:00,1.472
9/12/2022 20:00,1.715
9/12/2022 21:00,1.869
9/12/2022 22:00,1.966
9/12/2022 23:00,2.036
9/13/2022 0:00,2.015
9/13/2022 1:00,1.912
9/13/2022 2:00,1.851
9/13/2022 3:00,1.861
9/13/2022 4:00,1.905
9/13/2022 5:00,2.01
9/13/2022 6:00,2.393
9/13/2022 7:00,2.433
9/13/2022 8:00,2.539
9/13/2022 9:00,2.741
9/13/2022 10:00,2.86
9/13/2022 11:00,2.931
9/13/2022 12:00,2.956
9/13/2022 13:00,2.859
9/13/2022 14:00,2.699
9/13/2022 15:00,2.389
9/13/2022 16:00,1.768
9/13/2022 17:00,1.365
9/13/2022 18:00,1.332
9/13/2022 19:00,1.321
9/13/2022 20:00,1.273
9/13/2022 21:00,1.216
9/13/2022 22:00,1.168
9/13/2022 23:00,1.143
9/14/2022 0:00,1.141
9/14/2022 1:00,1.172
9/14/2022 2:00,1.194
9/14/2022 3:00,1.223
9/14/2022 4:00,1.246
9/14/2022 5:00,1.351
9/14/2022 6:00,1.696
9/14/2022 7:00,1.831
9/14/2022 8:00,2.042
9/14/2022 9:00,2.304
9/14/2022 10:00,2.465
9/14/2022 11:00,2.525
9/14/2022 12:00,2.54
9/14/2022 13:00,2.528
9/14/2022 14:00,2.401
9/14/2022 15:00,2.055
9/14/2022 16:00,1.613
9/14/2022 17:00,1.398
9/14/2022 18:00,1.565
9/14/2022 19:00,1.698
9/14/2022 20:00,1.74
9/14/2022 21:00,1.705
9/14/2022 22:00,1.655
9/14/2022 23:00,1.74
9/15/2022 0:00,1.929
9/15/2022 1:00,1.982
9/15/2022 2:00,2.04
9/15/2022 3:00,2.172
9/15/2022 4:00,2.24
9/15/2022 5:00,2.469
9/15/2022 6:00,2.907
9/15/2022 7:00,3.256
9/15/2022 8:00,3.728
9/15/2022 9:00,4.068
9/15/2022 10:00,4.25
9/15/2022 11:00,4.338
9/15/2022 12:00,4.399
9/15/2022 13:00,4.416
9/15/2022 14:00,4.34
9/15/2022 15:00,4.095
9/15/2022 16:00,3.382
9/15/2022 17:00,2.426
9/15/2022 18:00,2.261
9/15/2022 19:00,2.262
9/15/2022 20:00,2.247
9/15/2022 21:00,2.207
9/15/2022 22:00,2.166
9/15/2022 23:00,2.206
9/16/2022 0:00,2.271
9/16/2022 1:00,2.34
9/16/2022 2:00,2.447
9/16/2022 3:00,2.467
9/16/2022 4:00,2.418
9/16/2022 5:00,2.588
9/16/2022 6:00,3.145
9/16/2022 7:00,3.656
9/16/2022 8:00,4.156
9/16/2022 9:00,4.478
9/16/2022 10:00,4.714
9/16/2022 11:00,4.92
9/16/2022 12:00,5.059
9/16/2022 13:00,5.096
9/16/2022 14:00,5.02
9/16/2022 15:00,4.811
9/16/2022 16:00,4.194
9/16/2022 17:00,3.375
9/16/2022 18:00,3.307
9/16/2022 19:00,3.46
9/16/2022 20:00,3.634
9/16/2022 21:00,3.702
9/16/2022 22:00,3.716
9/16/2022 23:00,3.642
9/17/2022 0:00,3.552
9/17/2022 1:00,3.573
9/17/2022 2:00,3.659
9/17/2022 3:00,3.671
9/17/2022 4:00,3.677
9/17/2022 5:00,3.729
9/17/2022 6:00,4.134
9/17/2022 7:00,4.6
9/17/2022 8:00,5.049
9/17/2022 9:00,5.27
9/17/2022 10:00,5.359
9/17/2022 11:00,5.375
9/17/2022 12:00,5.42
9/17/2022 13:00,5.44
9/17/2022 14:00,5.381
9/17/2022 15:00,5.103
9/17/2022 16:00,4.55
9/17/2022 17:00,4.002
9/17/2022 18:00,3.932
9/17/2022 19:00,3.935
9/17/2022 20:00,3.863
9/17/2022 21:00,3.848
9/17/2022 22:00,3.87
9/17/2022 23:00,3.889
9/18/2022 0:00,3.894
9/18/2022 1:00,3.895
9/18/2022 2:00,3.862
9/18/2022 3:00,3.822
9/18/2022 4:00,3.82
9/18/2022 5:00,3.869
9/18/2022 6:00,4.115
9/18/2022 7:00,4.472
9/18/2022 8:00,4.876
9/18/2022 9:00,5.161
9/18/2022 10:00,5.357
9/18/2022 11:00,5.49
9/18/2022 12:00,5.484
9/18/2022 13:00,5.295
9/18/2022 14:00,5.022
9/18/2022 15:00,4.604
9/18/2022 16:00,4.077
9/18/2022 17:00,3.674
9/18/2022 18:00,3.619
9/18/2022 19:00,3.626
9/18/2022 20:00,3.641
9/18/2022 21:00,3.656
9/18/2022 22:00,3.645
9/18/2022 23:00,3.625
9/19/2022 0:00,3.562
9/19/2022 1:00,3.553
9/19/2022 2:00,3.53
9/19/2022 3:00,3.462
9/19/2022 4:00,3.34
9/19/2022 5:00,3.294
9/19/2022 6:00,3.515
9/19/2022 7:00,3.709
9/19/2022 8:00,3.999
9/19/2022 9:00,4.282
9/19/2022 10:00,4.351
9/19/2022 11:00,4.364
9/19/2022 12:00,4.381
9/19/2022 13:00,4.348
9/19/2022 14:00,4.186
9/19/2022 15:00,3.799
9/19/2022 16:00,2.967
9/19/2022 17:00,2.284
9/19/2022 18:00,2.228
9/19/2022 19:00,2.165
9/19/2022 20:00,2.106
9/19/2022 21:00,2.031
9/19/2022 22:00,1.971
9/19/2022 23:00,1.909
9/20/2022 0:00,1.865
9/20/2022 1:00,1.843
9/20/2022 2:00,1.833
9/20/2022 3:00,1.823
9/20/2022 4:00,1.796
9/20/2022 5:00,1.853
9/20/2022 6:00,2.303
9/20/2022 7:00,2.514
9/20/2022 8:00,2.788
9/20/2022 9:00,2.934
9/20/2022 10:00,2.987
9/20/2022 11:00,3.014
9/20/2022 12:00,3.036
9/20/2022 13:00,3.018
9/20/2022 14:00,2.889
9/20/2022 15:00,2.603
9/20/2022 16:00,1.689
9/20/2022 17:00,1.039
9/20/2022 18:00,1.05
9/20/2022 19:00,1.033
9/20/2022 20:00,1.021
9/20/2022 21:00,0.993
9/20/2022 22:00,0.959
9/20/2022 23:00,0.919
9/21/2022 0:00,0.884
9/21/2022 1:00,0.864
9/21/2022 2:00,0.863
9/21/2022 3:00,0.873
9/21/2022 4:00,0.895
9/21/2022 5:00,0.97
9/21/2022 6:00,1.392
9/21/2022 7:00,1.486
9/21/2022 8:00,1.661
9/21/2022 9:00,1.727
9/21/2022 10:00,1.727
9/21/2022 11:00,1.736
9/21/2022 12:00,1.755
9/21/2022 13:00,1.773
9/21/2022 14:00,1.77
9/21/2022 15:00,1.691
9/21/2022 16:00,1.05
9/21/2022 17:00,0.942
9/21/2022 18:00,1.031
9/21/2022 19:00,1.038
9/21/2022 20:00,1.021
9/21/2022 21:00,1.015
9/21/2022 22:00,1.013
9/21/2022 23:00,1.018
9/22/2022 0:00,1.024
9/22/2022 1:00,1.024
9/22/2022 2:00,1.022
9/22/2022 3:00,1.021
9/22/2022 4:00,1.035
9/22/2022 5:00,1.028
9/22/2022 6:00,1.647
9/22/2022 7:00,1.724
9/22/2022 8:00,1.884
9/22/2022 9:00,1.961
9/22/2022 10:00,1.94
9/22/2022 11:00,1.893
9/22/2022 12:00,1.826
9/22/2022 13:00,1.759
9/22/2022 14:00,1.698
9/22/2022 15:00,1.61
9/22/2022 16:00,0.936
9/22/2022 17:00,1.051
9/22/2022 18:00,1.2
9/22/2022 19:00,1.308
9/22/2022 20:00,1.41
9/22/2022 21:00,1.502
9/22/2022 22:00,1.561
9/22/2022 23:00,1.591
9/23/2022 0:00,1.603
9/23/2022 1:00,1.597
9/23/2022 2:00,1.591
9/23/2022 3:00,1.563
9/23/2022 4:00,1.541
9/23/2022 5:00,1.591
9/23/2022 6:00,2.231
9/23/2022 7:00,2.179
9/23/2022 8:00,2.173
9/23/2022 9:00,2.242
9/23/2022 10:00,2.281
9/23/2022 11:00,2.265
9/23/2022 12:00,2.199
9/23/2022 13:00,2.054
9/23/2022 14:00,1.773
9/23/2022 15:00,1.238
9/23/2022 16:00,0.72
9/23/2022 17:00,0.835
9/23/2022 18:00,0.872
9/23/2022 19:00,0.914
9/23/2022 20:00,0.939
9/23/2022 21:00,0.96
9/23/2022 22:00,0.984
9/23/2022 23:00,1.006
9/24/2022 0:00,1.011
9/24/2022 1:00,1.024
9/24/2022 2:00,1.028
9/24/2022 3:00,1.013
9/24/2022 4:00,0.99
9/24/2022 5:00,0.973
9/24/2022 6:00,1.172
9/24/2022 7:00,1.463
9/24/2022 8:00,1.525
9/24/2022 9:00,1.595
9/24/2022 10:00,1.649
9/24/2022 11:00,1.656
9/24/2022 12:00,1.582
9/24/2022 13:00,1.439
9/24/2022 14:00,1.257
9/24/2022 15:00,1.029
9/24/2022 16:00,0.686
9/24/2022 17:00,0.766
9/24/2022 18:00,0.851
9/24/2022 19:00,0.906
9/24/2022 20:00,0.952
9/24/2022 21:00,0.974
9/24/2022 22:00,0.987
9/24/2022 23:00,1.01
9/25/2022 0:00,1.048
9/25/2022 1:00,1.108
9/25/2022 2:00,1.133
9/25/2022 3:00,1.15
9/25/2022 4:00,1.148
9/25/2022 5:00,1.175
9/25/2022 6:00,1.585
9/25/2022 7:00,1.713
9/25/2022 8:00,1.844
9/25/2022 9:00,1.914
9/25/2022 10:00,1.958
9/25/2022 11:00,2.086
9/25/2022 12:00,2.308
9/25/2022 13:00,2.476
9/25/2022 14:00,2.506
9/25/2022 15:00,2.293
9/25/2022 16:00,1.469
9/25/2022 17:00,1.073
9/25/2022 18:00,1.115
9/25/2022 19:00,1.128
9/25/2022 20:00,1.134
9/25/2022 21:00,1.178
9/25/2022 22:00,1.274
9/25/2022 23:00,1.462
9/26/2022 0:00,1.747
9/26/2022 1:00,2.009
9/26/2022 2:00,2.162
9/26/2022 3:00,2.207
9/26/2022 4:00,2.292
9/26/2022 5:00,2.524
9/26/2022 6:00,3.079
9/26/2022 7:00,3.389
9/26/2022 8:00,3.96
9/26/2022 9:00,4.485
9/26/2022 10:00,4.797
9/26/2022 11:00,5.046
9/26/2022 12:00,5.206
9/26/2022 13:00,5.22
9/26/2022 14:00,5.054
9/26/2022 15:00,4.696
9/26/2022 16:00,3.991
9/26/2022 17:00,3.643
9/26/2022 18:00,3.692
9/26/2022 19:00,3.6
9/26/2022 20:00,3.532
9/26/2022 21:00,3.461
9/26/2022 22:00,3.402
9/26/2022 23:00,3.39
9/27/2022 0:00,3.377
9/27/2022 1:00,3.443
9/27/2022 2:00,3.513
9/27/2022 3:00,3.546
9/27/2022 4:00,3.563
9/27/2022 5:00,3.58
9/27/2022 6:00,3.747
9/27/2022 7:00,4.087
9/27/2022 8:00,4.424
9/27/2022 9:00,4.585
9/27/2022 10:00,4.66
9/27/2022 11:00,4.668
9/27/2022 12:00,4.611
9/27/2022 13:00,4.479
9/27/2022 14:00,4.142
9/27/2022 15:00,3.609
9/27/2022 16:00,2.958
9/27/2022 17:00,2.636
9/27/2022 18:00,2.761
9/27/2022 19:00,2.807
9/27/2022 20:00,2.806
9/27/2022 21:00,2.745
9/27/2022 22:00,2.662
9/27/2022 23:00,2.551
9/28/2022 0:00,2.46
9/28/2022 1:00,2.37
9/28/2022 2:00,2.309
9/28/2022 3:00,2.242
9/28/2022 4:00,2.175
9/28/2022 5:00,2.181
9/28/2022 6:00,2.38
9/28/2022 7:00,2.537
9/28/2022 8:00,2.715
9/28/2022 9:00,2.834
9/28/2022 10:00,2.887
9/28/2022 11:00,2.921
9/28/2022 12:00,2.897
9/28/2022 13:00,2.784
9/28/2022 14:00,2.581
9/28/2022 15:00,2.196
9/28/2022 16:00,1.136
9/28/2022 17:00,0.88
9/28/2022 18:00,0.924
9/28/2022 19:00,0.975
9/28/2022 20:00,1.028
9/28/2022 21:00,1.079
9/28/2022 22:00,1.103
9/28/2022 23:00,1.099
9/29/2022 0:00,1.089
9/29/2022 1:00,1.096
9/29/2022 2:00,1.122
9/29/2022 3:00,1.169
9/29/2022 4:00,1.203
9/29/2022 5:00,1.248
9/29/2022 6:00,1.427
9/29/2022 7:00,1.536
9/29/2022 8:00,1.563
9/29/2022 9:00,1.575
9/29/2022 10:00,1.495
9/29/2022 11:00,1.393
9/29/2022 12:00,1.294
9/29/2022 13:00,1.201
9/29/2022 14:00,1.133
9/29/2022 15:00,0.994
9/29/2022 16:00,0.637
9/29/2022 17:00,0.748
9/29/2022 18:00,0.794
9/29/2022 19:00,0.799
9/29/2022 20:00,0.795
9/29/2022 21:00,0.788
9/29/2022 22:00,0.831
9/29/2022 23:00,0.877
9/30/2022 0:00,0.908
9/30/2022 1:00,0.926
9/30/2022 2:00,0.939
9/30/2022 3:00,0.958
9/30/2022 4:00,0.988
9/30/2022 5:00,1.017
9/30/2022 6:00,1.394
9/30/2022 7:00,1.781
9/30/2022 8:00,1.839
9/30/2022 9:00,2.075
9/30/2022 10:00,2.214
9/30/2022 11:00,2.373
9/30/2022 12:00,2.506
9/30/2022 13:00,2.583
9/30/2022 14:00,2.552
9/30/2022 15:00,2.192
9/30/2022 16:00,1.337
9/30/2022 17:00,1.393
9/30/2022 18:00,1.724
9/30/2022 19:00,2.054
9/30/2022 20:00,2.311
9/30/2022 21:00,2.472
9/30/2022 22:00,2.647
9/30/2022 23:00,2.827
10/1/2022 0:00,3.062
10/1/2022 1:00,3.444
10/1/2022 2:00,3.807
10/1/2022 3:00,4.14
10/1/2022 4:00,4.499
10/1/2022 5:00,4.693
10/1/2022 6:00,4.855
10/1/2022 7:00,4.921
10/1/2022 8:00,4.989
10/1/2022 9:00,5.296
10/1/2022 10:00,5.674
10/1/2022 11:00,5.773
10/1/2022 12:00,5.769
10/1/2022 13:00,5.621
10/1/2022 14:00,5.196
10/1/2022 15:00,4.513
10/1/2022 16:00,3.902
10/1/2022 17:00,3.634
10/1/2022 18:00,3.574
10/1/2022 19:00,3.474
10/1/2022 20:00,3.39
10/1/2022 21:00,3.371
10/1/2022 22:00,3.406
10/1/2022 23:00,3.367
10/2/2022 0:00,3.376
10/2/2022 1:00,3.339
10/2/2022 2:00,3.301
10/2/2022 3:00,3.256
10/2/2022 4:00,3.221
10/2/2022 5:00,3.249
10/2/2022 6:00,3.444
10/2/2022 7:00,3.682
10/2/2022 8:00,3.881
10/2/2022 9:00,4.22
10/2/2022 10:00,4.419
10/2/2022 11:00,4.424
10/2/2022 12:00,4.327
10/2/2022 13:00,4.164
10/2/2022 14:00,3.842
10/2/2022 15:00,3.281
10/2/2022 16:00,2.413
10/2/2022 17:00,2.179
10/2/2022 18:00,2.323
10/2/2022 19:00,2.293
10/2/2022 20:00,2.25
10/2/2022 21:00,2.207
10/2/2022 22:00,2.195
10/2/2022 23:00,2.215
10/3/2022 0:00,2.241
10/3/2022 1:00,2.237
10/3/2022 2:00,2.22
10/3/2022 3:00,2.166
10/3/2022 4:00,2.14
10/3/2022 5:00,2.112
10/3/2022 6:00,2.419
10/3/2022 7:00,2.704
10/3/2022 8:00,2.968
10/3/2022 9:00,3.238
10/3/2022 10:00,3.315
10/3/2022 11:00,3.329
10/3/2022 12:00,3.29
10/3/2022 13:00,3.16
10/3/2022 14:00,2.892
10/3/2022 15:00,2.281
10/3/2022 16:00,1.43
10/3/2022 17:00,1.356
10/3/2022 18:00,1.394
10/3/2022 19:00,1.431
10/3/2022 20:00,1.485
10/3/2022 21:00,1.497
10/3/2022 22:00,1.47
10/3/2022 23:00,1.427
10/4/2022 0:00,1.395
10/4/2022 1:00,1.363
10/4/2022 2:00,1.376
10/4/2022 3:00,1.391
10/4/2022 4:00,1.399
10/4/2022 5:00,1.48
10/4/2022 6:00,1.992
10/4/2022 7:00,2.379
10/4/2022 8:00,2.454
10/4/2022 9:00,2.767
10/4/2022 10:00,2.791
10/4/2022 11:00,2.777
10/4/2022 12:00,2.776
10/4/2022 13:00,2.77
10/4/2022 14:00,2.703
10/4/2022 15:00,2.078
10/4/2022 16:00,1.18
10/4/2022 17:00,1.392
10/4/2022 18:00,1.64
10/4/2022 19:00,1.875
10/4/2022 20:00,2.07
10/4/2022 21:00,2.137
10/4/2022 22:00,2.201
10/4/2022 23:00,2.285
10/5/2022 0:00,2.356
10/5/2022 1:00,2.431
10/5/2022 2:00,2.42
10/5/2022 3:00,2.474
10/5/2022 4:00,2.518
10/5/2022 5:00,2.632
10/5/2022 6:00,3.059
10/5/2022 7:00,3.418
10/5/2022 8:00,3.691
10/5/2022 9:00,4.224
10/5/2022 10:00,4.558
10/5/2022 11:00,4.731
10/5/2022 12:00,4.793
10/5/2022 13:00,4.749
10/5/2022 14:00,4.519
10/5/2022 15:00,3.836
10/5/2022 16:00,3.162
10/5/2022 17:00,3.148
10/5/2022 18:00,3.327
10/5/2022 19:00,3.456
10/5/2022 20:00,3.57
10/5/2022 21:00,3.696
10/5/2022 22:00,3.783
10/5/2022 23:00,3.736
10/6/2022 0:00,3.615
10/6/2022 1:00,3.456
10/6/2022 2:00,3.337
10/6/2022 3:00,3.205
10/6/2022 4:00,3.029
10/6/2022 5:00,2.833
10/6/2022 6:00,3.062
10/6/2022 7:00,3.574
10/6/2022 8:00,3.941
10/6/2022 9:00,3.958
10/6/2022 10:00,3.799
10/6/2022 11:00,3.656
10/6/2022 12:00,3.514
10/6/2022 13:00,3.302
10/6/2022 14:00,2.991
10/6/2022 15:00,2.343
10/6/2022 16:00,1.391
10/6/2022 17:00,1.338
10/6/2022 18:00,1.336
10/6/2022 19:00,1.331
10/6/2022 20:00,1.343
10/6/2022 21:00,1.34
10/6/2022 22:00,1.354
10/6/2022 23:00,1.387
10/7/2022 0:00,1.446
10/7/2022 1:00,1.518
10/7/2022 2:00,1.592
10/7/2022 3:00,1.673
10/7/2022 4:00,1.744
10/7/2022 5:00,1.789
10/7/2022 6:00,2.179
10/7/2022 7:00,2.529
10/7/2022 8:00,2.392
10/7/2022 9:00,2.873
10/7/2022 10:00,2.941
10/7/2022 11:00,2.92
10/7/2022 12:00,2.901
10/7/2022 13:00,2.844
10/7/2022 14:00,2.695
10/7/2022 15:00,1.993
10/7/2022 16:00,1.251
10/7/2022 17:00,1.326
10/7/2022 18:00,1.464
10/7/2022 19:00,1.594
10/7/2022 20:00,1.721
10/7/2022 21:00,1.851
10/7/2022 22:00,1.973
10/7/2022 23:00,2.069
10/8/2022 0:00,2.13
10/8/2022 1:00,2.209
10/8/2022 2:00,2.356
10/8/2022 3:00,2.456
10/8/2022 4:00,2.455
10/8/2022 5:00,2.409
10/8/2022 6:00,2.633
10/8/2022 7:00,3.003
10/8/2022 8:00,3.323
10/8/2022 9:00,3.848
10/8/2022 10:00,4.116
10/8/2022 11:00,4.214
10/8/2022 12:00,4.226
10/8/2022 13:00,4.13
10/8/2022 14:00,3.87
10/8/2022 15:00,3.227
10/8/2022 16:00,1.93
10/8/2022 17:00,1.66
10/8/2022 18:00,1.662
10/8/2022 19:00,1.589
10/8/2022 20:00,1.504
10/8/2022 21:00,1.434
10/8/2022 22:00,1.357
10/8/2022 23:00,1.33
10/9/2022 0:00,1.396
10/9/2022 1:00,1.481
10/9/2022 2:00,1.56
10/9/2022 3:00,1.59
10/9/2022 4:00,1.615
10/9/2022 5:00,1.677
10/9/2022 6:00,2.032
10/9/2022 7:00,2.571
10/9/2022 8:00,2.686
10/9/2022 9:00,3.197
10/9/2022 10:00,3.339
10/9/2022 11:00,3.383
10/9/2022 12:00,3.354
10/9/2022 13:00,3.277
10/9/2022 14:00,3.141
10/9/2022 15:00,2.454
10/9/2022 16:00,1.608
10/9/2022 17:00,1.742
10/9/2022 18:00,2.007
10/9/2022 19:00,2.188
10/9/2022 20:00,2.3
10/9/2022 21:00,2.331
10/9/2022 22:00,2.306
10/9/2022 23:00,2.281
10/10/2022 0:00,2.25
10/10/2022 1:00,2.228
10/10/2022 2:00,2.195
10/10/2022 3:00,2.187
10/10/2022 4:00,2.234
10/10/2022 5:00,2.307
10/10/2022 6:00,2.62
10/10/2022 7:00,2.92
10/10/2022 8:00,2.982
10/10/2022 9:00,3.251
10/10/2022 10:00,3.469
10/10/2022 11:00,3.635
10/10/2022 12:00,3.712
10/10/2022 13:00,3.642
10/10/2022 14:00,3.341
10/10/2022 15:00,2.358
10/10/2022 16:00,1.8
10/10/2022 17:00,1.898
10/10/2022 18:00,1.991
10/10/2022 19:00,1.991
10/10/2022 20:00,1.923
10/10/2022 21:00,1.863
10/10/2022 22:00,1.81
10/10/2022 23:00,1.749
10/11/2022 0:00,1.667
10/11/2022 1:00,1.585
10/11/2022 2:00,1.533
10/11/2022 3:00,1.52
10/11/2022 4:00,1.549
10/11/2022 5:00,1.561
10/11/2022 6:00,1.752
10/11/2022 7:00,1.961
10/11/2022 8:00,2.072
10/11/2022 9:00,2.163
10/11/2022 10:00,2.135
10/11/2022 11:00,2.058
10/11/2022 12:00,1.985
10/11/2022 13:00,1.937
10/11/2022 14:00,1.85
10/11/2022 15:00,1.36
10/11/2022 16:00,0.908
10/11/2022 17:00,1.016
10/11/2022 18:00,1.072
10/11/2022 19:00,1.097
10/11/2022 20:00,1.108
10/11/2022 21:00,1.095
10/11/2022 22:00,1.076
10/11/2022 23:00,1.063
10/12/2022 0:00,1.051
10/12/2022 1:00,1.04
10/12/2022 2:00,1.023
10/12/2022 3:00,1.007
10/12/2022 4:00,1.006
10/12/2022 5:00,1.034
10/12/2022 6:00,1.156
10/12/2022 7:00,1.885
10/12/2022 8:00,1.789
10/12/2022 9:00,1.978
10/12/2022 10:00,2.034
10/12/2022 11:00,1.983
10/12/2022 12:00,1.896
10/12/2022 13:00,1.771
10/12/2022 14:00,1.542
10/12/2022 15:00,0.9
10/12/2022 16:00,0.823
10/12/2022 17:00,0.96
10/12/2022 18:00,1.041
10/12/2022 19:00,1.164
10/12/2022 20:00,1.298
10/12/2022 21:00,1.409
10/12/2022 22:00,1.475
10/12/2022 23:00,1.501
10/13/2022 0:00,1.52
10/13/2022 1:00,1.537
10/13/2022 2:00,1.542
10/13/2022 3:00,1.538
10/13/2022 4:00,1.568
10/13/2022 5:00,1.644
10/13/2022 6:00,1.895
10/13/2022 7:00,2.273
10/13/2022 8:00,2.436
10/13/2022 9:00,2.52
10/13/2022 10:00,2.71
10/13/2022 11:00,2.849
10/13/2022 12:00,2.849
10/13/2022 13:00,2.664
10/13/2022 14:00,2.106
10/13/2022 15:00,1.385
10/13/2022 16:00,1.179
10/13/2022 17:00,1.291
10/13/2022 18:00,1.431
10/13/2022 19:00,1.552
10/13/2022 20:00,1.635
10/13/2022 21:00,1.601
10/13/2022 22:00,1.502
10/13/2022 23:00,1.411
10/14/2022 0:00,1.34
10/14/2022 1:00,1.286
10/14/2022 2:00,1.245
10/14/2022 3:00,1.221
10/14/2022 4:00,1.252
10/14/2022 5:00,1.353
10/14/2022 6:00,1.673
10/14/2022 7:00,2.314
10/14/2022 8:00,2.49
10/14/2022 9:00,2.7
10/14/2022 10:00,2.835
10/14/2022 11:00,2.942
10/14/2022 12:00,3.006
10/14/2022 13:00,2.952
10/14/2022 14:00,2.694
10/14/2022 15:00,2.122
10/14/2022 16:00,1.878
10/14/2022 17:00,2.068
10/14/2022 18:00,2.308
10/14/2022 19:00,2.401
10/14/2022 20:00,2.365
10/14/2022 21:00,2.252
10/14/2022 22:00,2.143
10/14/2022 23:00,2.06
10/15/2022 0:00,2.039
10/15/2022 1:00,2.048
10/15/2022 2:00,2.065
10/15/2022 3:00,2.056
10/15/2022 4:00,2.037
10/15/2022 5:00,2.053
10/15/2022 6:00,2.238
10/15/2022 7:00,2.875
10/15/2022 8:00,3.126
10/15/2022 9:00,3.539
10/15/2022 10:00,3.925
10/15/2022 11:00,4.181
10/15/2022 12:00,4.284
10/15/2022 13:00,4.234
10/15/2022 14:00,3.822
10/15/2022 15:00,2.938
10/15/2022 16:00,2.59
10/15/2022 17:00,2.787
10/15/2022 18:00,2.806
10/15/2022 19:00,2.683
10/15/2022 20:00,2.561
10/15/2022 21:00,2.458
10/15/2022 22:00,2.355
10/15/2022 23:00,2.257
10/16/2022 0:00,2.198
10/16/2022 1:00,2.211
10/16/2022 2:00,2.283
10/16/2022 3:00,2.277
10/16/2022 4:00,2.278
10/16/2022 5:00,2.297
10/16/2022 6:00,2.507
10/16/2022 7:00,2.955
10/16/2022 8:00,3.108
10/16/2022 9:00,3.268
10/16/2022 10:00,3.594
10/16/2022 11:00,3.612
10/16/2022 12:00,3.402
10/16/2022 13:00,3.061
10/16/2022 14:00,2.54
10/16/2022 15:00,1.48
10/16/2022 16:00,1.096
10/16/2022 17:00,1.162
10/16/2022 18:00,1.205
10/16/2022 19:00,1.287
10/16/2022 20:00,1.435
10/16/2022 21:00,1.574
10/16/2022 22:00,1.721
10/16/2022 23:00,1.868
10/17/2022 0:00,2.034
10/17/2022 1:00,2.188
10/17/2022 2:00,2.331
10/17/2022 3:00,2.472
10/17/2022 4:00,2.581
10/17/2022 5:00,2.657
10/17/2022 6:00,2.78
10/17/2022 7:00,3.163
10/17/2022 8:00,3.238
10/17/2022 9:00,3.254
10/17/2022 10:00,3.406
10/17/2022 11:00,3.586
10/17/2022 12:00,3.521
10/17/2022 13:00,3.177
10/17/2022 14:00,2.536
10/17/2022 15:00,1.695
10/17/2022 16:00,1.52
10/17/2022 17:00,1.712
10/17/2022 18:00,1.74
10/17/2022 19:00,1.649
10/17/2022 20:00,1.541
10/17/2022 21:00,1.425
10/17/2022 22:00,1.309
10/17/2022 23:00,1.21
10/18/2022 0:00,1.128
10/18/2022 1:00,1.049
10/18/2022 2:00,0.984
10/18/2022 3:00,0.955
10/18/2022 4:00,0.949
10/18/2022 5:00,0.976
10/18/2022 6:00,1.039
10/18/2022 7:00,1.444
10/18/2022 8:00,1.825
10/18/2022 9:00,2.111
10/18/2022 10:00,2.412
10/18/2022 11:00,2.731
10/18/2022 12:00,2.99
10/18/2022 13:00,3.055
10/18/2022 14:00,2.857
10/18/2022 15:00,2.057
10/18/2022 16:00,1.414
10/18/2022 17:00,1.445
10/18/2022 18:00,1.451
10/18/2022 19:00,1.429
10/18/2022 20:00,1.41
10/18/2022 21:00,1.425
10/18/2022 22:00,1.437
10/18/2022 23:00,1.433
10/19/2022 0:00,1.429
10/19/2022 1:00,1.446
10/19/2022 2:00,1.466
10/19/2022 3:00,1.464
10/19/2022 4:00,1.444
10/19/2022 5:00,1.412
10/19/2022 6:00,1.53
10/19/2022 7:00,2.206
10/19/2022 8:00,2.483
10/19/2022 9:00,2.73
10/19/2022 10:00,2.754
10/19/2022 11:00,2.722
10/19/2022 12:00,2.695
10/19/2022 13:00,2.696
10/19/2022 14:00,2.641
10/19/2022 15:00,1.936
10/19/2022 16:00,1.613
10/19/2022 17:00,2.075
10/19/2022 18:00,2.382
10/19/2022 19:00,2.521
10/19/2022 20:00,2.623
10/19/2022 21:00,2.711
10/19/2022 22:00,2.807
10/19/2022 23:00,2.87
10/20/2022 0:00,2.92
10/20/2022 1:00,2.932
10/20/2022 2:00,2.933
10/20/2022 3:00,3.023
10/20/2022 4:00,3.123
10/20/2022 5:00,3.226
10/20/2022 6:00,3.426
10/20/2022 7:00,3.746
10/20/2022 8:00,3.886
10/20/2022 9:00,3.987
10/20/2022 10:00,3.863
10/20/2022 11:00,3.674
10/20/2022 12:00,3.515
10/20/2022 13:00,3.328
10/20/2022 14:00,3.022
10/20/2022 15:00,2.727
10/20/2022 16:00,2.694
10/20/2022 17:00,2.886
10/20/2022 18:00,2.951
10/20/2022 19:00,2.917
10/20/2022 20:00,2.855
10/20/2022 21:00,2.824
10/20/2022 22:00,2.766
10/20/2022 23:00,2.722
10/21/2022 0:00,2.687
10/21/2022 1:00,2.658
10/21/2022 2:00,2.618
10/21/2022 3:00,2.589
10/21/2022 4:00,2.556
10/21/2022 5:00,2.492
10/21/2022 6:00,2.551
10/21/2022 7:00,2.861
10/21/2022 8:00,2.926
10/21/2022 9:00,2.965
10/21/2022 10:00,2.992
10/21/2022 11:00,3.052
10/21/2022 12:00,3.093
10/21/2022 13:00,3.021
10/21/2022 14:00,2.67
10/21/2022 15:00,1.971
10/21/2022 16:00,1.741
10/21/2022 17:00,1.918
10/21/2022 18:00,2.048
10/21/2022 19:00,2.072
10/21/2022 20:00,1.966
10/21/2022 21:00,1.723
10/21/2022 22:00,1.599
10/21/2022 23:00,1.603
10/22/2022 0:00,1.565
10/22/2022 1:00,1.529
10/22/2022 2:00,1.577
10/22/2022 3:00,1.688
10/22/2022 4:00,1.808
10/22/2022 5:00,1.941
10/22/2022 6:00,2.131
10/22/2022 7:00,2.76
10/22/2022 8:00,2.976
10/22/2022 9:00,3.249
10/22/2022 10:00,3.531
10/22/2022 11:00,3.643
10/22/2022 12:00,3.593
10/22/2022 13:00,3.387
10/22/2022 14:00,2.818
10/22/2022 15:00,1.65
10/22/2022 16:00,1.31
10/22/2022 17:00,1.426
10/22/2022 18:00,1.533
10/22/2022 19:00,1.572
10/22/2022 20:00,1.56
10/22/2022 21:00,1.552
10/22/2022 22:00,1.526
10/22/2022 23:00,1.51
10/23/2022 0:00,1.523
10/23/2022 1:00,1.552
10/23/2022 2:00,1.592
10/23/2022 3:00,1.616
10/23/2022 4:00,1.682
10/23/2022 5:00,1.795
10/23/2022 6:00,1.977
10/23/2022 7:00,2.626
10/23/2022 8:00,2.848
10/23/2022 9:00,2.859
10/23/2022 10:00,3.053
10/23/2022 11:00,3.242
10/23/2022 12:00,3.32
10/23/2022 13:00,3.239
10/23/2022 14:00,2.782
10/23/2022 15:00,2.416
10/23/2022 16:00,2.627
10/23/2022 17:00,3.08
10/23/2022 18:00,3.289
10/23/2022 19:00,3.452
10/23/2022 20:00,3.463
10/23/2022 21:00,3.475
10/23/2022 22:00,3.402
10/23/2022 23:00,3.278
10/24/2022 0:00,3.256
10/24/2022 1:00,3.298
10/24/2022 2:00,3.381
10/24/2022 3:00,3.465
10/24/2022 4:00,3.453
10/24/2022 5:00,3.52
10/24/2022 6:00,3.631
10/24/2022 7:00,3.856
10/24/2022 8:00,4.025
10/24/2022 9:00,4.293
10/24/2022 10:00,4.73
10/24/2022 11:00,4.946
10/24/2022 12:00,4.926
10/24/2022 13:00,4.756
10/24/2022 14:00,4.378
10/24/2022 15:00,3.818
10/24/2022 16:00,3.343
10/24/2022 17:00,3.26
10/24/2022 18:00,3.237
10/24/2022 19:00,3.145
10/24/2022 20:00,3.149
10/24/2022 21:00,3.082
10/24/2022 22:00,3.06
10/24/2022 23:00,3.008
10/25/2022 0:00,3.01
10/25/2022 1:00,2.992
10/25/2022 2:00,2.976
10/25/2022 3:00,2.993
10/25/2022 4:00,2.96
10/25/2022 5:00,2.933
10/25/2022 6:00,2.978
10/25/2022 7:00,3.339
10/25/2022 8:00,3.567
10/25/2022 9:00,4.067
10/25/2022 10:00,4.219
10/25/2022 11:00,4.124
10/25/2022 12:00,3.913
10/25/2022 13:00,3.553
10/25/2022 14:00,2.919
10/25/2022 15:00,1.592
10/25/2022 16:00,1.18
10/25/2022 17:00,1.234
10/25/2022 18:00,1.334
10/25/2022 19:00,1.406
10/25/2022 20:00,1.493
10/25/2022 21:00,1.549
10/25/2022 22:00,1.584
10/25/2022 23:00,1.639
10/26/2022 0:00,1.707
10/26/2022 1:00,1.74
10/26/2022 2:00,1.709
10/26/2022 3:00,1.725
10/26/2022 4:00,1.829
10/26/2022 5:00,1.98
10/26/2022 6:00,2.143
10/26/2022 7:00,2.748
10/26/2022 8:00,2.92
10/26/2022 9:00,3.084
10/26/2022 10:00,3.349
10/26/2022 11:00,3.468
10/26/2022 12:00,3.463
10/26/2022 13:00,3.3
10/26/2022 14:00,2.663
10/26/2022 15:00,1.537
10/26/2022 16:00,1.376
10/26/2022 17:00,1.499
10/26/2022 18:00,1.596
10/26/2022 19:00,1.657
10/26/2022 20:00,1.675
10/26/2022 21:00,1.669
10/26/2022 22:00,1.644
10/26/2022 23:00,1.593
10/27/2022 0:00,1.512
10/27/2022 1:00,1.447
10/27/2022 2:00,1.433
10/27/2022 3:00,1.45
10/27/2022 4:00,1.494
10/27/2022 5:00,1.602
10/27/2022 6:00,1.734
10/27/2022 7:00,2.496
10/27/2022 8:00,2.788
10/27/2022 9:00,2.779
10/27/2022 10:00,3.084
10/27/2022 11:00,3.148
10/27/2022 12:00,3.055
10/27/2022 13:00,2.82
10/27/2022 14:00,2.211
10/27/2022 15:00,1.706
10/27/2022 16:00,1.982
10/27/2022 17:00,2.325
10/27/2022 18:00,2.544
10/27/2022 19:00,2.65
10/27/2022 20:00,2.686
10/27/2022 21:00,2.649
10/27/2022 22:00,2.571
10/27/2022 23:00,2.523
10/28/2022 0:00,2.441
10/28/2022 1:00,2.415
10/28/2022 2:00,2.412
10/28/2022 3:00,2.394
10/28/2022 4:00,2.372
10/28/2022 5:00,2.451
10/28/2022 6:00,2.542
10/28/2022 7:00,2.986
10/28/2022 8:00,3.296
10/28/2022 9:00,3.298
10/28/2022 10:00,3.463
10/28/2022 11:00,3.602
10/28/2022 12:00,3.472
10/28/2022 13:00,3.089
10/28/2022 14:00,2.526
10/28/2022 15:00,2.187
10/28/2022 16:00,2.236
10/28/2022 17:00,2.399
10/28/2022 18:00,2.416
10/28/2022 19:00,2.341
10/28/2022 20:00,2.206
10/28/2022 21:00,2.04
10/28/2022 22:00,1.862
10/28/2022 23:00,1.695
10/29/2022 0:00,1.546
10/29/2022 1:00,1.42
10/29/2022 2:00,1.323
10/29/2022 3:00,1.236
10/29/2022 4:00,1.25
10/29/2022 5:00,1.339
10/29/2022 6:00,1.482
10/29/2022 7:00,1.975
10/29/2022 8:00,2.45
10/29/2022 9:00,2.368
10/29/2022 10:00,2.332
10/29/2022 11:00,2.318
10/29/2022 12:00,2.217
10/29/2022 13:00,2.003
10/29/2022 14:00,1.49
10/29/2022 15:00,1.323
10/29/2022 16:00,1.556
10/29/2022 17:00,1.789
10/29/2022 18:00,1.999
10/29/2022 19:00,2.261
10/29/2022 20:00,2.325
10/29/2022 21:00,2.345
10/29/2022 22:00,2.373
10/29/2022 23:00,2.198
10/30/2022 0:00,1.947
10/30/2022 1:00,1.769
10/30/2022 2:00,1.701
10/30/2022 3:00,1.701
10/30/2022 4:00,1.626
10/30/2022 5:00,1.516
10/30/2022 6:00,1.484
10/30/2022 7:00,1.88
10/30/2022 8:00,2.233
10/30/2022 9:00,1.991
10/30/2022 10:00,1.872
10/30/2022 11:00,1.827
10/30/2022 12:00,1.883
10/30/2022 13:00,1.744
10/30/2022 14:00,1.225
10/30/2022 15:00,1.06
10/30/2022 16:00,1.239
10/30/2022 17:00,1.398
10/30/2022 18:00,1.459
10/30/2022 19:00,1.447
10/30/2022 20:00,1.417
10/30/2022 21:00,1.391
10/30/2022 22:00,1.354
10/30/2022 23:00,1.298
10/31/2022 0:00,1.235
10/31/2022 1:00,1.175
10/31/2022 2:00,1.098
10/31/2022 3:00,1.013
10/31/2022 4:00,1.026
10/31/2022 5:00,1.015
10/31/2022 6:00,1.015
10/31/2022 7:00,1.292
10/31/2022 8:00,1.755
10/31/2022 9:00,1.663
10/31/2022 10:00,1.662
10/31/2022 11:00,1.681
10/31/2022 12:00,1.713
10/31/2022 13:00,1.653
10/31/2022 14:00,1.456
10/31/2022 15:00,1.486
10/31/2022 16:00,1.69
10/31/2022 17:00,1.953
10/31/2022 18:00,2.099
10/31/2022 19:00,2.194
10/31/2022 20:00,2.262
10/31/2022 21:00,2.332
10/31/2022 22:00,2.397
10/31/2022 23:00,2.505
11/1/2022 0:00,2.603
11/1/2022 1:00,2.691
11/1/2022 2:00,2.873
11/1/2022 3:00,3.043
11/1/2022 4:00,3.109
11/1/2022 5:00,3.276
11/1/2022 6:00,3.481
11/1/2022 7:00,3.751
11/1/2022 8:00,4.102
11/1/2022 9:00,4.372
11/1/2022 10:00,4.589
11/1/2022 11:00,4.634
11/1/2022 12:00,4.454
11/1/2022 13:00,4.052
11/1/2022 14:00,3.285
11/1/2022 15:00,2.303
11/1/2022 16:00,2.072
11/1/2022 17:00,2.196
11/1/2022 18:00,2.317
11/1/2022 19:00,2.455
11/1/2022 20:00,2.559
11/1/2022 21:00,2.646
11/1/2022 22:00,2.772
11/1/2022 23:00,2.967
11/2/2022 0:00,3.118
11/2/2022 1:00,3.304
11/2/2022 2:00,3.419
11/2/2022 3:00,3.485
11/2/2022 4:00,3.607
11/2/2022 5:00,3.716
11/2/2022 6:00,3.764
11/2/2022 7:00,4.114
11/2/2022 8:00,4.455
11/2/2022 9:00,5.018
11/2/2022 10:00,5.202
11/2/2022 11:00,5.036
11/2/2022 12:00,4.731
11/2/2022 13:00,4.278
11/2/2022 14:00,3.517
11/2/2022 15:00,2.18
11/2/2022 16:00,1.779
11/2/2022 17:00,1.824
11/2/2022 18:00,1.996
11/2/2022 19:00,2.153
11/2/2022 20:00,2.296
11/2/2022 21:00,2.369
11/2/2022 22:00,2.449
11/2/2022 23:00,2.554
11/3/2022 0:00,2.67
11/3/2022 1:00,2.809
11/3/2022 2:00,2.926
11/3/2022 3:00,2.969
11/3/2022 4:00,3.036
11/3/2022 5:00,3.087
11/3/2022 6:00,3.193
11/3/2022 7:00,3.472
11/3/2022 8:00,3.565
11/3/2022 9:00,3.674
11/3/2022 10:00,3.783
11/3/2022 11:00,3.764
11/3/2022 12:00,3.66
11/3/2022 13:00,3.449
11/3/2022 14:00,3.148
11/3/2022 15:00,3.202
11/3/2022 16:00,3.482
11/3/2022 17:00,3.634
11/3/2022 18:00,3.668
11/3/2022 19:00,3.656
11/3/2022 20:00,3.298
11/3/2022 21:00,3.093
11/3/2022 22:00,3.157
11/3/2022 23:00,3.367
11/4/2022 0:00,3.487
11/4/2022 1:00,3.475
11/4/2022 2:00,3.416
11/4/2022 3:00,3.294
11/4/2022 4:00,3.108
11/4/2022 5:00,2.847
11/4/2022 6:00,2.61
11/4/2022 7:00,2.624
11/4/2022 8:00,2.741
11/4/2022 9:00,2.707
11/4/2022 10:00,2.633
11/4/2022 11:00,2.468
11/4/2022 12:00,2.211
11/4/2022 13:00,1.911
11/4/2022 14:00,1.481
11/4/2022 15:00,1.043
11/4/2022 16:00,1.06
11/4/2022 17:00,1.145
11/4/2022 18:00,1.242
11/4/2022 19:00,1.311
11/4/2022 20:00,1.352
11/4/2022 21:00,1.398
11/4/2022 22:00,1.502
11/4/2022 23:00,1.689
11/5/2022 0:00,1.814
11/5/2022 1:00,1.859
11/5/2022 2:00,1.873
11/5/2022 3:00,1.871
11/5/2022 4:00,1.905
11/5/2022 5:00,1.932
11/5/2022 6:00,1.972
11/5/2022 7:00,2.313
11/5/2022 8:00,2.592
11/5/2022 9:00,2.809
11/5/2022 10:00,3.023
11/5/2022 11:00,3.202
11/5/2022 12:00,3.266
11/5/2022 13:00,3.173
11/5/2022 14:00,2.721
11/5/2022 15:00,1.769
11/5/2022 16:00,1.648
11/5/2022 17:00,1.937
11/5/2022 18:00,2.113
11/5/2022 19:00,2.195
11/5/2022 20:00,2.267
11/5/2022 21:00,2.318
11/5/2022 22:00,2.381
11/5/2022 23:00,2.477
11/6/2022 0:00,2.565
11/6/2022 1:00,2.66
11/6/2022 2:00,2.761
11/6/2022 3:00,2.817
11/6/2022 4:00,2.91
11/6/2022 5:00,3.079
11/6/2022 6:00,3.161
11/6/2022 7:00,3.462
11/6/2022 8:00,3.692
11/6/2022 9:00,3.973
11/6/2022 10:00,4.209
11/6/2022 11:00,4.248
11/6/2022 12:00,4.187
11/6/2022 13:00,3.971
11/6/2022 14:00,3.327
11/6/2022 15:00,2.6
11/6/2022 16:00,2.786
11/6/2022 17:00,3.147
11/6/2022 18:00,3.419
11/6/2022 19:00,3.676
11/6/2022 20:00,3.805
11/6/2022 21:00,3.861
11/6/2022 22:00,3.924
11/6/2022 23:00,3.893
11/7/2022 0:00,3.901
11/7/2022 1:00,3.889
11/7/2022 2:00,3.866
11/7/2022 3:00,3.793
11/7/2022 4:00,3.749
11/7/2022 5:00,3.769
11/7/2022 6:00,3.773
11/7/2022 7:00,4.006
11/7/2022 8:00,4.305
11/7/2022 9:00,4.643
11/7/2022 10:00,4.974
11/7/2022 11:00,5.018
11/7/2022 12:00,4.85
11/7/2022 13:00,4.455
11/7/2022 14:00,3.665
11/7/2022 15:00,2.968
11/7/2022 16:00,2.918
11/7/2022 17:00,2.955
11/7/2022 18:00,2.927
11/7/2022 19:00,2.922
11/7/2022 20:00,2.892
11/7/2022 21:00,2.776
11/7/2022 22:00,2.681
11/7/2022 23:00,2.654
11/8/2022 0:00,2.653
11/8/2022 1:00,2.663
11/8/2022 2:00,2.689
11/8/2022 3:00,2.785
11/8/2022 4:00,2.905
11/8/2022 5:00,3.064
11/8/2022 6:00,3.237
11/8/2022 7:00,3.629
11/8/2022 8:00,3.903
11/8/2022 9:00,4.072
11/8/2022 10:00,4.325
11/8/2022 11:00,4.414
11/8/2022 12:00,4.265
11/8/2022 13:00,3.897
11/8/2022 14:00,3.31
11/8/2022 15:00,3.05
11/8/2022 16:00,3.253
11/8/2022 17:00,3.489
11/8/2022 18:00,3.558
11/8/2022 19:00,3.576
11/8/2022 20:00,3.608
11/8/2022 21:00,3.472
11/8/2022 22:00,3.356
11/8/2022 23:00,3.303
11/9/2022 0:00,3.238
11/9/2022 1:00,3.21
11/9/2022 2:00,3.183
11/9/2022 3:00,3.189
11/9/2022 4:00,3.216
11/9/2022 5:00,3.202
11/9/2022 6:00,3.189
11/9/2022 7:00,3.35
11/9/2022 8:00,3.599
11/9/2022 9:00,3.813
11/9/2022 10:00,4.125
11/9/2022 11:00,4.262
11/9/2022 12:00,4.234
11/9/2022 13:00,3.976
11/9/2022 14:00,3.488
11/9/2022 15:00,3.023
11/9/2022 16:00,2.996
11/9/2022 17:00,3.052
11/9/2022 18:00,3.034
11/9/2022 19:00,3.076
11/9/2022 20:00,3.061
11/9/2022 21:00,2.94
11/9/2022 22:00,2.897
11/9/2022 23:00,2.869
11/10/2022 0:00,2.792
11/10/2022 1:00,2.762
11/10/2022 2:00,2.733
11/10/2022 3:00,2.717
11/10/2022 4:00,2.719
11/10/2022 5:00,2.748
11/10/2022 6:00,2.732
11/10/2022 7:00,2.915
11/10/2022 8:00,3.219
11/10/2022 9:00,3.512
11/10/2022 10:00,3.82
11/10/2022 11:00,3.987
11/10/2022 12:00,3.975
11/10/2022 13:00,3.7
11/10/2022 14:00,2.967
11/10/2022 15:00,2.17
11/10/2022 16:00,2.148
11/10/2022 17:00,2.369
11/10/2022 18:00,2.527
11/10/2022 19:00,2.667
11/10/2022 20:00,2.708
11/10/2022 21:00,2.643
11/10/2022 22:00,2.583
11/10/2022 23:00,2.551
11/11/2022 0:00,2.496
11/11/2022 1:00,2.485
11/11/2022 2:00,2.545
11/11/2022 3:00,2.597
11/11/2022 4:00,2.621
11/11/2022 5:00,2.633
11/11/2022 6:00,2.675
11/11/2022 7:00,2.907
11/11/2022 8:00,3.064
11/11/2022 9:00,3.049
11/11/2022 10:00,3.099
11/11/2022 11:00,3.097
11/11/2022 12:00,2.99
11/11/2022 13:00,2.683
11/11/2022 14:00,1.902
11/11/2022 15:00,1.499
11/11/2022 16:00,1.611
11/11/2022 17:00,1.762
11/11/2022 18:00,1.869
11/11/2022 19:00,1.897
11/11/2022 20:00,1.886
11/11/2022 21:00,1.858
11/11/2022 22:00,1.811
11/11/2022 23:00,1.782
11/12/2022 0:00,1.74
11/12/2022 1:00,1.706
11/12/2022 2:00,1.656
11/12/2022 3:00,1.546
11/12/2022 4:00,1.467
11/12/2022 5:00,1.456
11/12/2022 6:00,1.508
11/12/2022 7:00,1.608
11/12/2022 8:00,1.874
11/12/2022 9:00,1.835
11/12/2022 10:00,1.693
11/12/2022 11:00,1.591
11/12/2022 12:00,1.473
11/12/2022 13:00,1.339
11/12/2022 14:00,0.892
11/12/2022 15:00,0.905
11/12/2022 16:00,1.113
11/12/2022 17:00,1.269
11/12/2022 18:00,1.42
11/12/2022 19:00,1.56
11/12/2022 20:00,1.644
11/12/2022 21:00,1.652
11/12/2022 22:00,1.622
11/12/2022 23:00,1.605
11/13/2022 0:00,1.581
11/13/2022 1:00,1.573
11/13/2022 2:00,1.579
11/13/2022 3:00,1.651
11/13/2022 4:00,1.735
11/13/2022 5:00,1.818
11/13/2022 6:00,1.888
11/13/2022 7:00,2.11
11/13/2022 8:00,2.475
11/13/2022 9:00,2.594
11/13/2022 10:00,2.638
11/13/2022 11:00,2.759
11/13/2022 12:00,2.821
11/13/2022 13:00,2.682
11/13/2022 14:00,1.949
11/13/2022 15:00,1.654
11/13/2022 16:00,2.028
11/13/2022 17:00,2.245
11/13/2022 18:00,2.328
11/13/2022 19:00,2.372
11/13/2022 20:00,2.41
11/13/2022 21:00,2.449
11/13/2022 22:00,2.421
11/13/2022 23:00,2.427
11/14/2022 0:00,2.506
11/14/2022 1:00,2.552
11/14/2022 2:00,2.639
11/14/2022 3:00,2.704
11/14/2022 4:00,2.77
11/14/2022 5:00,2.873
11/14/2022 6:00,2.929
11/14/2022 7:00,3.072
11/14/2022 8:00,3.413
11/14/2022 9:00,3.612
11/14/2022 10:00,3.653
11/14/2022 11:00,3.692
11/14/2022 12:00,3.661
11/14/2022 13:00,3.452
11/14/2022 14:00,2.715
11/14/2022 15:00,2.229
11/14/2022 16:00,2.488
11/14/2022 17:00,2.75
11/14/2022 18:00,2.835
11/14/2022 19:00,2.903
11/14/2022 20:00,2.89
11/14/2022 21:00,2.861
11/14/2022 22:00,2.735
11/14/2022 23:00,2.59
11/15/2022 0:00,2.479
11/15/2022 1:00,2.438
11/15/2022 2:00,2.476
11/15/2022 3:00,2.418
11/15/2022 4:00,2.378
11/15/2022 5:00,2.359
11/15/2022 6:00,2.32
11/15/2022 7:00,2.4
11/15/2022 8:00,2.744
11/15/2022 9:00,2.774
11/15/2022 10:00,2.848
11/15/2022 11:00,2.895
11/15/2022 12:00,2.843
11/15/2022 13:00,2.654
11/15/2022 14:00,2.047
11/15/2022 15:00,1.906
11/15/2022 16:00,2.252
11/15/2022 17:00,2.608
11/15/2022 18:00,2.831
11/15/2022 19:00,2.942
11/15/2022 20:00,2.994
11/15/2022 21:00,2.991
11/15/2022 22:00,2.981
11/15/2022 23:00,2.987
11/16/2022 0:00,3.023
11/16/2022 1:00,3.011
11/16/2022 2:00,2.983
11/16/2022 3:00,2.947
11/16/2022 4:00,2.899
11/16/2022 5:00,2.872
11/16/2022 6:00,2.817
11/16/2022 7:00,2.805
11/16/2022 8:00,3.089
11/16/2022 9:00,3.297
11/16/2022 10:00,3.454
11/16/2022 11:00,3.468
11/16/2022 12:00,3.341
11/16/2022 13:00,3.043
11/16/2022 14:00,2.348
11/16/2022 15:00,1.949
11/16/2022 16:00,2.117
11/16/2022 17:00,2.355
11/16/2022 18:00,2.507
11/16/2022 19:00,2.668
11/16/2022 20:00,2.892
11/16/2022 21:00,3.117
11/16/2022 22:00,3.376
11/16/2022 23:00,3.66
11/17/2022 0:00,3.976
11/17/2022 1:00,4.405
11/17/2022 2:00,4.667
11/17/2022 3:00,4.879
11/17/2022 4:00,4.999
11/17/2022 5:00,5.043
11/17/2022 6:00,5.08
11/17/2022 7:00,5.095
11/17/2022 8:00,5.244
11/17/2022 9:00,5.386
11/17/2022 10:00,5.388
11/17/2022 11:00,5.327
11/17/2022 12:00,5.123
11/17/2022 13:00,4.674
11/17/2022 14:00,3.999
11/17/2022 15:00,3.314
11/17/2022 16:00,3.101
11/17/2022 17:00,3.027
11/17/2022 18:00,2.892
11/17/2022 19:00,2.756
11/17/2022 20:00,2.614
11/17/2022 21:00,2.516
11/17/2022 22:00,2.421
11/17/2022 23:00,2.336
11/18/2022 0:00,2.289
11/18/2022 1:00,2.256
11/18/2022 2:00,2.264
11/18/2022 3:00,2.323
11/18/2022 4:00,2.42
11/18/2022 5:00,2.563
11/18/2022 6:00,2.704
11/18/2022 7:00,2.898
11/18/2022 8:00,3.213
11/18/2022 9:00,3.502
11/18/2022 10:00,3.722
11/18/2022 11:00,3.813
11/18/2022 12:00,3.74
11/18/2022 13:00,3.5
11/18/2022 14:00,2.912
11/18/2022 15:00,2.349
11/18/2022 16:00,2.305
11/18/2022 17:00,2.363
11/18/2022 18:00,2.37
11/18/2022 19:00,2.318
11/18/2022 20:00,2.221
11/18/2022 21:00,2.126
11/18/2022 22:00,2.075
11/18/2022 23:00,2.064
11/19/2022 0:00,2.073
11/19/2022 1:00,2.082
11/19/2022 2:00,2.106
11/19/2022 3:00,2.143
11/19/2022 4:00,2.158
11/19/2022 5:00,2.181
11/19/2022 6:00,2.233
11/19/2022 7:00,2.339
11/19/2022 8:00,2.55
11/19/2022 9:00,2.666
11/19/2022 10:00,2.726
11/19/2022 11:00,2.696
11/19/2022 12:00,2.618
11/19/2022 13:00,2.435
11/19/2022 14:00,1.973
11/19/2022 15:00,1.523
11/19/2022 16:00,1.517
11/19/2022 17:00,1.51
11/19/2022 18:00,1.448
11/19/2022 19:00,1.398
11/19/2022 20:00,1.377
11/19/2022 21:00,1.423
11/19/2022 22:00,1.446
11/19/2022 23:00,1.454
11/20/2022 0:00,1.467
11/20/2022 1:00,1.481
11/20/2022 2:00,1.509
11/20/2022 3:00,1.532
11/20/2022 4:00,1.572
11/20/2022 5:00,1.66
11/20/2022 6:00,1.751
11/20/2022 7:00,1.99
11/20/2022 8:00,2.404
11/20/2022 9:00,2.641
11/20/2022 10:00,2.795
11/20/2022 11:00,2.888
11/20/2022 12:00,2.81
11/20/2022 13:00,2.493
11/20/2022 14:00,1.877
11/20/2022 15:00,1.696
11/20/2022 16:00,1.949
11/20/2022 17:00,2.257
11/20/2022 18:00,2.477
11/20/2022 19:00,2.69
11/20/2022 20:00,2.947
11/20/2022 21:00,3.165
11/20/2022 22:00,3.336
11/20/2022 23:00,3.409
11/21/2022 0:00,3.289
11/21/2022 1:00,3.086
11/21/2022 2:00,2.804
11/21/2022 3:00,2.595
11/21/2022 4:00,2.448
11/21/2022 5:00,2.35
11/21/2022 6:00,2.312
11/21/2022 7:00,2.399
11/21/2022 8:00,2.717
11/21/2022 9:00,2.885
11/21/2022 10:00,2.865
11/21/2022 11:00,2.759
11/21/2022 12:00,2.552
11/21/2022 13:00,2.172
11/21/2022 14:00,1.441
11/21/2022 15:00,1.545
11/21/2022 16:00,1.955
11/21/2022 17:00,2.398
11/21/2022 18:00,2.738
11/21/2022 19:00,2.947
11/21/2022 20:00,3.095
11/21/2022 21:00,3.187
11/21/2022 22:00,3.226
11/21/2022 23:00,3.218
11/22/2022 0:00,3.116
11/22/2022 1:00,3.051
11/22/2022 2:00,3.054
11/22/2022 3:00,3.027
11/22/2022 4:00,2.972
11/22/2022 5:00,2.829
11/22/2022 6:00,2.611
11/22/2022 7:00,2.576
11/22/2022 8:00,2.956
11/22/2022 9:00,3.241
11/22/2022 10:00,3.415
11/22/2022 11:00,3.514
11/22/2022 12:00,3.433
11/22/2022 13:00,3.052
11/22/2022 14:00,2.709
11/22/2022 15:00,2.702
11/22/2022 16:00,2.948
11/22/2022 17:00,3.05
11/22/2022 18:00,3.067
11/22/2022 19:00,3.027
11/22/2022 20:00,3.02
11/22/2022 21:00,2.988
11/22/2022 22:00,2.93
11/22/2022 23:00,2.91
11/23/2022 0:00,2.907
11/23/2022 1:00,2.899
11/23/2022 2:00,2.85
11/23/2022 3:00,2.767
11/23/2022 4:00,2.716
11/23/2022 5:00,2.715
11/23/2022 6:00,2.727
11/23/2022 7:00,2.798
11/23/2022 8:00,3.073
11/23/2022 9:00,3.144
11/23/2022 10:00,3.22
11/23/2022 11:00,3.302
11/23/2022 12:00,3.322
11/23/2022 13:00,3.157
11/23/2022 14:00,2.584
11/23/2022 15:00,2.328
11/23/2022 16:00,2.59
11/23/2022 17:00,2.843
11/23/2022 18:00,2.937
11/23/2022 19:00,2.998
11/23/2022 20:00,3.031
11/23/2022 21:00,3.147
11/23/2022 22:00,3.194
11/23/2022 23:00,3.219
11/24/2022 0:00,3.252
11/24/2022 1:00,3.289
11/24/2022 2:00,3.332
11/24/2022 3:00,3.289
11/24/2022 4:00,3.209
11/24/2022 5:00,3.171
11/24/2022 6:00,3.086
11/24/2022 7:00,3.04
11/24/2022 8:00,3.156
11/24/2022 9:00,3.303
11/24/2022 10:00,3.489
11/24/2022 11:00,3.654
11/24/2022 12:00,3.549
11/24/2022 13:00,3.046
11/24/2022 14:00,2.153
11/24/2022 15:00,1.563
11/24/2022 16:00,1.637
11/24/2022 17:00,1.727
11/24/2022 18:00,1.792
11/24/2022 19:00,1.851
11/24/2022 20:00,1.924
11/24/2022 21:00,1.934
11/24/2022 22:00,1.97
11/24/2022 23:00,2.029
11/25/2022 0:00,2.137
11/25/2022 1:00,2.307
11/25/2022 2:00,2.511
11/25/2022 3:00,2.615
11/25/2022 4:00,2.706
11/25/2022 5:00,2.729
11/25/2022 6:00,2.661
11/25/2022 7:00,2.587
11/25/2022 8:00,2.76
11/25/2022 9:00,2.852
11/25/2022 10:00,2.871
11/25/2022 11:00,2.962
11/25/2022 12:00,2.891
11/25/2022 13:00,2.52
11/25/2022 14:00,1.897
11/25/2022 15:00,1.752
11/25/2022 16:00,1.972
11/25/2022 17:00,2.132
11/25/2022 18:00,2.224
11/25/2022 19:00,2.214
11/25/2022 20:00,2.168
11/25/2022 21:00,2.122
11/25/2022 22:00,2.089
11/25/2022 23:00,2.101
11/26/2022 0:00,2.112
11/26/2022 1:00,2.102
11/26/2022 2:00,2.116
11/26/2022 3:00,2.087
11/26/2022 4:00,2.076
11/26/2022 5:00,2.076
11/26/2022 6:00,2.1
11/26/2022 7:00,2.151
11/26/2022 8:00,2.441
11/26/2022 9:00,2.572
11/26/2022 10:00,2.621
11/26/2022 11:00,2.611
11/26/2022 12:00,2.489
11/26/2022 13:00,2.201
11/26/2022 14:00,1.565
11/26/2022 15:00,1.296
11/26/2022 16:00,1.456
11/26/2022 17:00,1.569
11/26/2022 18:00,1.649
11/26/2022 19:00,1.794
11/26/2022 20:00,1.908
11/26/2022 21:00,1.998
11/26/2022 22:00,2.067
11/26/2022 23:00,2.16
11/27/2022 0:00,2.235
11/27/2022 1:00,2.306
11/27/2022 2:00,2.328
11/27/2022 3:00,2.399
11/27/2022 4:00,2.49
11/27/2022 5:00,2.529
11/27/2022 6:00,2.64
11/27/2022 7:00,2.878
11/27/2022 8:00,3.167
11/27/2022 9:00,3.281
11/27/2022 10:00,3.36
11/27/2022 11:00,3.348
11/27/2022 12:00,3.256
11/27/2022 13:00,3.023
11/27/2022 14:00,2.629
11/27/2022 15:00,2.631
11/27/2022 16:00,2.909
11/27/2022 17:00,3.08
11/27/2022 18:00,3.137
11/27/2022 19:00,3.137
11/27/2022 20:00,3.133
11/27/2022 21:00,3.17
11/27/2022 22:00,3.173
11/27/2022 23:00,3.152
11/28/2022 0:00,3.147
11/28/2022 1:00,3.143
11/28/2022 2:00,3.105
11/28/2022 3:00,3.1
11/28/2022 4:00,3.101
11/28/2022 5:00,3.011
11/28/2022 6:00,2.913
11/28/2022 7:00,2.872
11/28/2022 8:00,2.869
11/28/2022 9:00,2.887
11/28/2022 10:00,2.837
11/28/2022 11:00,2.693
11/28/2022 12:00,2.485
11/28/2022 13:00,2.153
11/28/2022 14:00,1.799
11/28/2022 15:00,1.718
11/28/2022 16:00,1.823
11/28/2022 17:00,1.857
11/28/2022 18:00,1.825
11/28/2022 19:00,1.785
11/28/2022 20:00,1.736
11/28/2022 21:00,1.639
11/28/2022 22:00,1.543
11/28/2022 23:00,1.463
11/29/2022 0:00,1.39
11/29/2022 1:00,1.327
11/29/2022 2:00,1.281
11/29/2022 3:00,1.287
11/29/2022 4:00,1.311
11/29/2022 5:00,1.356
11/29/2022 6:00,1.393
11/29/2022 7:00,1.444
11/29/2022 8:00,1.676
11/29/2022 9:00,1.838
11/29/2022 10:00,1.89
11/29/2022 11:00,1.916
11/29/2022 12:00,1.864
11/29/2022 13:00,1.654
11/29/2022 14:00,1.247
11/29/2022 15:00,1.138
11/29/2022 16:00,1.262
11/29/2022 17:00,1.32
11/29/2022 18:00,1.308
11/29/2022 19:00,1.246
11/29/2022 20:00,1.193
11/29/2022 21:00,1.14
11/29/2022 22:00,1.138
11/29/2022 23:00,1.183
11/30/2022 0:00,1.235
11/30/2022 1:00,1.249
11/30/2022 2:00,1.274
11/30/2022 3:00,1.285
11/30/2022 4:00,1.287
11/30/2022 5:00,1.311
11/30/2022 6:00,1.319
11/30/2022 7:00,1.375
11/30/2022 8:00,1.644
11/30/2022 9:00,1.801
11/30/2022 10:00,1.895
11/30/2022 11:00,1.974
11/30/2022 12:00,2.028
11/30/2022 13:00,2.012
11/30/2022 14:00,1.588
11/30/2022 15:00,1.381
11/30/2022 16:00,1.547
11/30/2022 17:00,1.6
11/30/2022 18:00,1.54
11/30/2022 19:00,1.474
11/30/2022 20:00,1.443
11/30/2022 21:00,1.42
11/30/2022 22:00,1.405
11/30/2022 23:00,1.428
12/1/2022 0:00,1.471
12/1/2022 1:00,1.508
12/1/2022 2:00,1.538
12/1/2022 3:00,1.562
12/1/2022 4:00,1.58
12/1/2022 5:00,1.625
12/1/2022 6:00,1.649
12/1/2022 7:00,1.777
12/1/2022 8:00,2.164
12/1/2022 9:00,2.339
12/1/2022 10:00,2.389
12/1/2022 11:00,2.381
12/1/2022 12:00,2.384
12/1/2022 13:00,2.357
12/1/2022 14:00,1.929
12/1/2022 15:00,1.523
12/1/2022 16:00,1.71
12/1/2022 17:00,1.822
12/1/2022 18:00,1.785
12/1/2022 19:00,1.674
12/1/2022 20:00,1.575
12/1/2022 21:00,1.502
12/1/2022 22:00,1.459
12/1/2022 23:00,1.463
12/2/2022 0:00,1.523
12/2/2022 1:00,1.611
12/2/2022 2:00,1.678
12/2/2022 3:00,1.752
12/2/2022 4:00,1.815
12/2/2022 5:00,1.884
12/2/2022 6:00,1.922
12/2/2022 7:00,2.033
12/2/2022 8:00,2.51
12/2/2022 9:00,2.735
12/2/2022 10:00,2.906
12/2/2022 11:00,3.004
12/2/2022 12:00,3.074
12/2/2022 13:00,2.994
12/2/2022 14:00,2.676
12/2/2022 15:00,2.495
12/2/2022 16:00,2.686
12/2/2022 17:00,2.75
12/2/2022 18:00,2.732
12/2/2022 19:00,2.673
12/2/2022 20:00,2.605
12/2/2022 21:00,2.567
12/2/2022 22:00,2.547
12/2/2022 23:00,2.512
12/3/2022 0:00,2.485
12/3/2022 1:00,2.464
12/3/2022 2:00,2.44
12/3/2022 3:00,2.378
12/3/2022 4:00,2.304
12/3/2022 5:00,2.251
12/3/2022 6:00,2.196
12/3/2022 7:00,2.217
12/3/2022 8:00,2.632
12/3/2022 9:00,2.874
12/3/2022 10:00,2.923
12/3/2022 11:00,2.872
12/3/2022 12:00,2.847
12/3/2022 13:00,2.767
12/3/2022 14:00,2.28
12/3/2022 15:00,1.818
12/3/2022 16:00,2.101
12/3/2022 17:00,2.246
12/3/2022 18:00,2.241
12/3/2022 19:00,2.177
12/3/2022 20:00,2.112
12/3/2022 21:00,2.098
12/3/2022 22:00,2.145
12/3/2022 23:00,2.201
12/4/2022 0:00,2.256
12/4/2022 1:00,2.315
12/4/2022 2:00,2.349
12/4/2022 3:00,2.371
12/4/2022 4:00,2.386
12/4/2022 5:00,2.387
12/4/2022 6:00,2.368
12/4/2022 7:00,2.424
12/4/2022 8:00,2.718
12/4/2022 9:00,2.882
12/4/2022 10:00,2.932
12/4/2022 11:00,2.912
12/4/2022 12:00,2.841
12/4/2022 13:00,2.611
12/4/2022 14:00,2.302
12/4/2022 15:00,2.249
12/4/2022 16:00,2.472
12/4/2022 17:00,2.505
12/4/2022 18:00,2.414
12/4/2022 19:00,2.305
12/4/2022 20:00,2.205
12/4/2022 21:00,2.108
12/4/2022 22:00,2.042
12/4/2022 23:00,2.024
12/5/2022 0:00,1.992
12/5/2022 1:00,1.928
12/5/2022 2:00,1.819
12/5/2022 3:00,1.741
12/5/2022 4:00,1.643
12/5/2022 5:00,1.502
12/5/2022 6:00,1.405
12/5/2022 7:00,1.357
12/5/2022 8:00,1.521
12/5/2022 9:00,1.68
12/5/2022 10:00,1.718
12/5/2022 11:00,1.719
12/5/2022 12:00,1.684
12/5/2022 13:00,1.494
12/5/2022 14:00,1.042
12/5/2022 15:00,0.981
12/5/2022 16:00,1.067
12/5/2022 17:00,1.121
12/5/2022 18:00,1.172
12/5/2022 19:00,1.215
12/5/2022 20:00,1.225
12/5/2022 21:00,1.226
12/5/2022 22:00,1.227
12/5/2022 23:00,1.253
12/6/2022 0:00,1.319
12/6/2022 1:00,1.392
12/6/2022 2:00,1.439
12/6/2022 3:00,1.432
12/6/2022 4:00,1.395
12/6/2022 5:00,1.388
12/6/2022 6:00,1.407
12/6/2022 7:00,1.501
12/6/2022 8:00,1.859
12/6/2022 9:00,2.027
12/6/2022 10:00,2.085
12/6/2022 11:00,2.197
12/6/2022 12:00,2.238
12/6/2022 13:00,2.056
12/6/2022 14:00,1.585
12/6/2022 15:00,1.542
12/6/2022 16:00,1.656
12/6/2022 17:00,1.716
12/6/2022 18:00,1.756
12/6/2022 19:00,1.833
12/6/2022 20:00,1.906
12/6/2022 21:00,1.981
12/6/2022 22:00,2.024
12/6/2022 23:00,2.055
12/7/2022 0:00,2.145
12/7/2022 1:00,2.263
12/7/2022 2:00,2.397
12/7/2022 3:00,2.485
12/7/2022 4:00,2.55
12/7/2022 5:00,2.634
12/7/2022 6:00,2.684
12/7/2022 7:00,2.774
12/7/2022 8:00,3.02
12/7/2022 9:00,3.15
12/7/2022 10:00,3.204
12/7/2022 11:00,3.245
12/7/2022 12:00,3.223
12/7/2022 13:00,2.999
12/7/2022 14:00,2.493
12/7/2022 15:00,2.245
12/7/2022 16:00,2.22
12/7/2022 17:00,2.171
12/7/2022 18:00,2.119
12/7/2022 19:00,2.118
12/7/2022 20:00,2.112
12/7/2022 21:00,2.11
12/7/2022 22:00,2.114
12/7/2022 23:00,2.186
12/8/2022 0:00,2.273
12/8/2022 1:00,2.394
12/8/2022 2:00,2.518
12/8/2022 3:00,2.614
12/8/2022 4:00,2.66
12/8/2022 5:00,2.728
12/8/2022 6:00,2.78
12/8/2022 7:00,2.793
12/8/2022 8:00,2.857
12/8/2022 9:00,2.833
12/8/2022 10:00,2.841
12/8/2022 11:00,2.799
12/8/2022 12:00,2.633
12/8/2022 13:00,2.287
12/8/2022 14:00,1.733
12/8/2022 15:00,1.518
12/8/2022 16:00,1.438
12/8/2022 17:00,1.343
12/8/2022 18:00,1.307
12/8/2022 19:00,1.258
12/8/2022 20:00,1.182
12/8/2022 21:00,1.116
12/8/2022 22:00,1.064
12/8/2022 23:00,0.996
12/9/2022 0:00,0.94
12/9/2022 1:00,0.932
12/9/2022 2:00,0.955
12/9/2022 3:00,0.965
12/9/2022 4:00,0.975
12/9/2022 5:00,1.011
12/9/2022 6:00,1.083
12/9/2022 7:00,1.202
12/9/2022 8:00,1.551
12/9/2022 9:00,1.765
12/9/2022 10:00,1.82
12/9/2022 11:00,1.793
12/9/2022 12:00,1.762
12/9/2022 13:00,1.611
12/9/2022 14:00,1.102
12/9/2022 15:00,1.109
12/9/2022 16:00,1.186
12/9/2022 17:00,1.195
12/9/2022 18:00,1.177
12/9/2022 19:00,1.146
12/9/2022 20:00,1.122
12/9/2022 21:00,1.086
12/9/2022 22:00,1.029
12/9/2022 23:00,1.004
12/10/2022 0:00,1.025
12/10/2022 1:00,1.091
12/10/2022 2:00,1.129
12/10/2022 3:00,1.169
12/10/2022 4:00,1.184
12/10/2022 5:00,1.194
12/10/2022 6:00,1.208
12/10/2022 7:00,1.289
12/10/2022 8:00,1.574
12/10/2022 9:00,1.718
12/10/2022 10:00,1.751
12/10/2022 11:00,1.784
12/10/2022 12:00,1.844
12/10/2022 13:00,1.781
12/10/2022 14:00,1.229
12/10/2022 15:00,1.081
12/10/2022 16:00,1.185
12/10/2022 17:00,1.236
12/10/2022 18:00,1.232
12/10/2022 19:00,1.22
12/10/2022 20:00,1.233
12/10/2022 21:00,1.258
12/10/2022 22:00,1.286
12/10/2022 23:00,1.332
12/11/2022 0:00,1.38
12/11/2022 1:00,1.375
12/11/2022 2:00,1.342
12/11/2022 3:00,1.288
12/11/2022 4:00,1.217
12/11/2022 5:00,1.186
12/11/2022 6:00,1.166
12/11/2022 7:00,1.211
12/11/2022 8:00,1.536
12/11/2022 9:00,1.752
12/11/2022 10:00,1.829
12/11/2022 11:00,1.85
12/11/2022 12:00,1.799
12/11/2022 13:00,1.59
12/11/2022 14:00,1.118
12/11/2022 15:00,0.917
12/11/2022 16:00,0.968
12/11/2022 17:00,1.007
12/11/2022 18:00,1.039
12/11/2022 19:00,1.07
12/11/2022 20:00,1.118
12/11/2022 21:00,1.162
12/11/2022 22:00,1.181
12/11/2022 23:00,1.203
12/12/2022 0:00,1.228
12/12/2022 1:00,1.246
12/12/2022 2:00,1.272
12/12/2022 3:00,1.293
12/12/2022 4:00,1.301
12/12/2022 5:00,1.324
12/12/2022 6:00,1.319
12/12/2022 7:00,1.336
12/12/2022 8:00,1.514
12/12/2022 9:00,1.571
12/12/2022 10:00,1.506
12/12/2022 11:00,1.468
12/12/2022 12:00,1.41
12/12/2022 13:00,1.209
12/12/2022 14:00,0.954
12/12/2022 15:00,0.992
12/12/2022 16:00,1.081
12/12/2022 17:00,1.143
12/12/2022 18:00,1.199
12/12/2022 19:00,1.265
12/12/2022 20:00,1.341
12/12/2022 21:00,1.42
12/12/2022 22:00,1.486
12/12/2022 23:00,1.539
12/13/2022 0:00,1.581
12/13/2022 1:00,1.624
12/13/2022 2:00,1.675
12/13/2022 3:00,1.714
12/13/2022 4:00,1.749
12/13/2022 5:00,1.787
12/13/2022 6:00,1.831
12/13/2022 7:00,1.948
12/13/2022 8:00,2.31
12/13/2022 9:00,2.486
12/13/2022 10:00,2.604
12/13/2022 11:00,2.615
12/13/2022 12:00,2.511
12/13/2022 13:00,2.252
12/13/2022 14:00,1.619
12/13/2022 15:00,1.503
12/13/2022 16:00,1.792
12/13/2022 17:00,2.055
12/13/2022 18:00,2.253
12/13/2022 19:00,2.365
12/13/2022 20:00,2.385
12/13/2022 21:00,2.349
12/13/2022 22:00,2.31
12/13/2022 23:00,2.297
12/14/2022 0:00,2.293
12/14/2022 1:00,2.23
12/14/2022 2:00,2.178
12/14/2022 3:00,2.169
12/14/2022 4:00,2.112
12/14/2022 5:00,2.042
12/14/2022 6:00,1.947
12/14/2022 7:00,1.9
12/14/2022 8:00,1.98
12/14/2022 9:00,2.134
12/14/2022 10:00,2.062
12/14/2022 11:00,1.831
12/14/2022 12:00,1.632
12/14/2022 13:00,1.428
12/14/2022 14:00,1.161
12/14/2022 15:00,1.06
12/14/2022 16:00,1.096
12/14/2022 17:00,1.117
12/14/2022 18:00,1.145
12/14/2022 19:00,1.167
12/14/2022 20:00,1.186
12/14/2022 21:00,1.217
12/14/2022 22:00,1.243
12/14/2022 23:00,1.293
12/15/2022 0:00,1.345
12/15/2022 1:00,1.394
12/15/2022 2:00,1.46
12/15/2022 3:00,1.493
12/15/2022 4:00,1.514
12/15/2022 5:00,1.584
12/15/2022 6:00,1.652
12/15/2022 7:00,1.741
12/15/2022 8:00,2.008
12/15/2022 9:00,2.323
12/15/2022 10:00,2.403
12/15/2022 11:00,2.381
12/15/2022 12:00,2.324
12/15/2022 13:00,2.129
12/15/2022 14:00,1.679
12/15/2022 15:00,1.66
12/15/2022 16:00,1.795
12/15/2022 17:00,1.927
12/15/2022 18:00,2.034
12/15/2022 19:00,1.997
12/15/2022 20:00,1.931
12/15/2022 21:00,1.833
12/15/2022 22:00,1.768
12/15/2022 23:00,1.737
12/16/2022 0:00,1.736
12/16/2022 1:00,1.744
12/16/2022 2:00,1.753
12/16/2022 3:00,1.691
12/16/2022 4:00,1.613
12/16/2022 5:00,1.55
12/16/2022 6:00,1.502
12/16/2022 7:00,1.464
12/16/2022 8:00,1.554
12/16/2022 9:00,1.691
12/16/2022 10:00,1.729
12/16/2022 11:00,1.714
12/16/2022 12:00,1.665
12/16/2022 13:00,1.504
12/16/2022 14:00,1.077
12/16/2022 15:00,1.047
12/16/2022 16:00,1.114
12/16/2022 17:00,1.106
12/16/2022 18:00,1.059
12/16/2022 19:00,1.025
12/16/2022 20:00,1.013
12/16/2022 21:00,1.003
12/16/2022 22:00,1.02
12/16/2022 23:00,1.115
12/17/2022 0:00,1.177
12/17/2022 1:00,1.187
12/17/2022 2:00,1.21
12/17/2022 3:00,1.24
12/17/2022 4:00,1.299
12/17/2022 5:00,1.325
12/17/2022 6:00,1.375
12/17/2022 7:00,1.448
12/17/2022 8:00,1.602
12/17/2022 9:00,1.77
12/17/2022 10:00,1.808
12/17/2022 11:00,1.789
12/17/2022 12:00,1.766
12/17/2022 13:00,1.629
12/17/2022 14:00,1.239
12/17/2022 15:00,1.213
12/17/2022 16:00,1.401
12/17/2022 17:00,1.555
12/17/2022 18:00,1.692
12/17/2022 19:00,1.827
12/17/2022 20:00,1.992
12/17/2022 21:00,2.153
12/17/2022 22:00,2.253
12/17/2022 23:00,2.339
12/18/2022 0:00,2.377
12/18/2022 1:00,2.414
12/18/2022 2:00,2.45
12/18/2022 3:00,2.49
12/18/2022 4:00,2.563
12/18/2022 5:00,2.69
12/18/2022 6:00,2.8
12/18/2022 7:00,2.925
12/18/2022 8:00,3.308
12/18/2022 9:00,3.505
12/18/2022 10:00,3.614
12/18/2022 11:00,3.677
12/18/2022 12:00,3.552
12/18/2022 13:00,3.252
12/18/2022 14:00,3.027
12/18/2022 15:00,3.237
12/18/2022 16:00,3.599
12/18/2022 17:00,3.79
12/18/2022 18:00,3.872
12/18/2022 19:00,3.892
12/18/2022 20:00,3.89
12/18/2022 21:00,3.845
12/18/2022 22:00,3.809
12/18/2022 23:00,3.824
12/19/2022 0:00,3.878
12/19/2022 1:00,3.882
12/19/2022 2:00,3.947
12/19/2022 3:00,4.088
12/19/2022 4:00,4.181
12/19/2022 5:00,4.229
12/19/2022 6:00,4.262
12/19/2022 7:00,4.292
12/19/2022 8:00,4.335
12/19/2022 9:00,4.352
12/19/2022 10:00,4.273
12/19/2022 11:00,4.203
12/19/2022 12:00,4.114
12/19/2022 13:00,4.04
12/19/2022 14:00,4.05
12/19/2022 15:00,4.096
12/19/2022 16:00,4.11
12/19/2022 17:00,4.075
12/19/2022 18:00,4.068
12/19/2022 19:00,3.987
12/19/2022 20:00,3.932
12/19/2022 21:00,3.877
12/19/2022 22:00,3.82
12/19/2022 23:00,3.828
12/20/2022 0:00,3.728
12/20/2022 1:00,3.691
12/20/2022 2:00,3.685
12/20/2022 3:00,3.718
12/20/2022 4:00,3.755
12/20/2022 5:00,3.757
12/20/2022 6:00,3.776
12/20/2022 7:00,3.821
12/20/2022 8:00,3.884
12/20/2022 9:00,3.911
12/20/2022 10:00,3.874
12/20/2022 11:00,3.778
12/20/2022 12:00,3.571
12/20/2022 13:00,3.417
12/20/2022 14:00,3.332
12/20/2022 15:00,3.342
12/20/2022 16:00,3.404
12/20/2022 17:00,3.403
12/20/2022 18:00,3.413
12/20/2022 19:00,3.386
12/20/2022 20:00,3.215
12/20/2022 21:00,3.048
12/20/2022 22:00,2.906
12/20/2022 23:00,2.826
12/21/2022 0:00,2.757
12/21/2022 1:00,2.663
12/21/2022 2:00,2.507
12/21/2022 3:00,2.395
12/21/2022 4:00,2.332
12/21/2022 5:00,2.296
12/21/2022 6:00,2.304
12/21/2022 7:00,2.381
12/21/2022 8:00,2.554
12/21/2022 9:00,2.825
12/21/2022 10:00,2.931
12/21/2022 11:00,2.935
12/21/2022 12:00,2.896
12/21/2022 13:00,2.736
12/21/2022 14:00,2.52
12/21/2022 15:00,2.452
12/21/2022 16:00,2.58
12/21/2022 17:00,2.72
12/21/2022 18:00,2.819
12/21/2022 19:00,2.95
12/21/2022 20:00,3.066
12/21/2022 21:00,3.102
12/21/2022 22:00,3.041
12/21/2022 23:00,3.066
12/22/2022 0:00,3.138
12/22/2022 1:00,3.18
12/22/2022 2:00,3.129
12/22/2022 3:00,3.155
12/22/2022 4:00,3.232
12/22/2022 5:00,3.354
12/22/2022 6:00,3.486
12/22/2022 7:00,3.622
12/22/2022 8:00,3.847
12/22/2022 9:00,4.118
12/22/2022 10:00,4.331
12/22/2022 11:00,4.43
12/22/2022 12:00,4.37
12/22/2022 13:00,4.05
12/22/2022 14:00,3.556
12/22/2022 15:00,3.232
12/22/2022 16:00,3.219
12/22/2022 17:00,3.18
12/22/2022 18:00,3.107
12/22/2022 19:00,3.114
12/22/2022 20:00,3.178
12/22/2022 21:00,2.997
12/22/2022 22:00,2.841
12/22/2022 23:00,2.85
12/23/2022 0:00,2.914
12/23/2022 1:00,2.985
12/23/2022 2:00,3.027
12/23/2022 3:00,3.008
12/23/2022 4:00,2.967
12/23/2022 5:00,2.853
12/23/2022 6:00,2.664
12/23/2022 7:00,2.351
12/23/2022 8:00,2.373
12/23/2022 9:00,2.361
12/23/2022 10:00,2.285
12/23/2022 11:00,2.234
12/23/2022 12:00,2.266
12/23/2022 13:00,2.334
12/23/2022 14:00,2.728
12/23/2022 15:00,3.226
12/23/2022 16:00,3.765
12/23/2022 17:00,4.163
12/23/2022 18:00,4.499
12/23/2022 19:00,4.622
12/23/2022 20:00,4.631
12/23/2022 21:00,4.718
12/23/2022 22:00,4.769
12/23/2022 23:00,4.771
12/24/2022 0:00,4.706
12/24/2022 1:00,4.528
12/24/2022 2:00,4.265
12/24/2022 3:00,4.087
12/24/2022 4:00,3.953
12/24/2022 5:00,3.809
12/24/2022 6:00,3.694
12/24/2022 7:00,3.567
12/24/2022 8:00,3.595
12/24/2022 9:00,3.702
12/24/2022 10:00,3.847
12/24/2022 11:00,3.929
12/24/2022 12:00,3.805
12/24/2022 13:00,3.377
12/24/2022 14:00,2.73
12/24/2022 15:00,2.345
12/24/2022 16:00,2.27
12/24/2022 17:00,2.172
12/24/2022 18:00,2.089
12/24/2022 19:00,2.007
12/24/2022 20:00,1.931
12/24/2022 21:00,1.894
12/24/2022 22:00,1.87
12/24/2022 23:00,1.84
12/25/2022 0:00,1.802
12/25/2022 1:00,1.787
12/25/2022 2:00,1.816
12/25/2022 3:00,1.829
12/25/2022 4:00,1.853
12/25/2022 5:00,1.932
12/25/2022 6:00,2.038
12/25/2022 7:00,2.178
12/25/2022 8:00,2.639
12/25/2022 9:00,2.941
12/25/2022 10:00,2.996
12/25/2022 11:00,2.944
12/25/2022 12:00,2.755
12/25/2022 13:00,2.579
12/25/2022 14:00,2.583
12/25/2022 15:00,2.876
12/25/2022 16:00,3.148
12/25/2022 17:00,3.342
12/25/2022 18:00,3.427
12/25/2022 19:00,3.454
12/25/2022 20:00,3.368
12/25/2022 21:00,3.362
12/25/2022 22:00,3.376
12/25/2022 23:00,3.416
12/26/2022 0:00,3.523
12/26/2022 1:00,3.52
12/26/2022 2:00,3.552
12/26/2022 3:00,3.609
12/26/2022 4:00,3.588
12/26/2022 5:00,3.569
12/26/2022 6:00,3.53
12/26/2022 7:00,3.588
12/26/2022 8:00,3.838
12/26/2022 9:00,4.046
12/26/2022 10:00,4.248
12/26/2022 11:00,4.468
12/26/2022 12:00,4.601
12/26/2022 13:00,4.629
12/26/2022 14:00,4.55
12/26/2022 15:00,4.398
12/26/2022 16:00,4.281
12/26/2022 17:00,4.128
12/26/2022 18:00,4.095
12/26/2022 19:00,4.134
12/26/2022 20:00,4.168
12/26/2022 21:00,4.134
12/26/2022 22:00,4.014
12/26/2022 23:00,3.979
12/27/2022 0:00,3.951
12/27/2022 1:00,3.915
12/27/2022 2:00,3.867
12/27/2022 3:00,3.977
12/27/2022 4:00,3.987
12/27/2022 5:00,3.964
12/27/2022 6:00,3.906
12/27/2022 7:00,3.869
12/27/2022 8:00,4.016
12/27/2022 9:00,4.085
12/27/2022 10:00,4.16
12/27/2022 11:00,4.18
12/27/2022 12:00,4.03
12/27/2022 13:00,3.633
12/27/2022 14:00,3.08
12/27/2022 15:00,2.919
12/27/2022 16:00,2.999
12/27/2022 17:00,3.038
12/27/2022 18:00,3.164
12/27/2022 19:00,3.235
12/27/2022 20:00,3.307
12/27/2022 21:00,3.387
12/27/2022 22:00,3.439
12/27/2022 23:00,3.631
12/28/2022 0:00,3.819
12/28/2022 1:00,4.035
12/28/2022 2:00,4.215
12/28/2022 3:00,4.419
12/28/2022 4:00,4.578
12/28/2022 5:00,4.731
12/28/2022 6:00,4.801
12/28/2022 7:00,4.87
12/28/2022 8:00,4.981
12/28/2022 9:00,4.943
12/28/2022 10:00,4.856
12/28/2022 11:00,4.834
12/28/2022 12:00,4.679
12/28/2022 13:00,4.453
12/28/2022 14:00,4.327
12/28/2022 15:00,4.348
12/28/2022 16:00,4.455
12/28/2022 17:00,4.599
12/28/2022 18:00,4.851
12/28/2022 19:00,5.095
12/28/2022 20:00,5.266
12/28/2022 21:00,5.397
12/28/2022 22:00,5.543
12/28/2022 23:00,5.504
12/29/2022 0:00,5.545
12/29/2022 1:00,5.615
12/29/2022 2:00,5.829
12/29/2022 3:00,5.863
12/29/2022 4:00,5.749
12/29/2022 5:00,5.769
12/29/2022 6:00,5.815
12/29/2022 7:00,5.835
12/29/2022 8:00,6.001
12/29/2022 9:00,6.182
12/29/2022 10:00,6.307
12/29/2022 11:00,6.406
12/29/2022 12:00,6.337
12/29/2022 13:00,5.885
12/29/2022 14:00,5.225
12/29/2022 15:00,4.775
12/29/2022 16:00,4.546
12/29/2022 17:00,4.36
12/29/2022 18:00,4.267
12/29/2022 19:00,4.246
12/29/2022 20:00,4.183
12/29/2022 21:00,4.144
12/29/2022 22:00,4.117
12/29/2022 23:00,4.089
12/30/2022 0:00,3.913
12/30/2022 1:00,3.657
12/30/2022 2:00,3.457
12/30/2022 3:00,3.416
12/30/2022 4:00,3.415
12/30/2022 5:00,3.394
12/30/2022 6:00,3.455
12/30/2022 7:00,3.565
12/30/2022 8:00,3.927
12/30/2022 9:00,4.176
12/30/2022 10:00,4.402
12/30/2022 11:00,4.535
12/30/2022 12:00,4.664
12/30/2022 13:00,4.879
12/30/2022 14:00,5.256
12/30/2022 15:00,5.757
12/30/2022 16:00,6.053
12/30/2022 17:00,6.246
12/30/2022 18:00,6.348
12/30/2022 19:00,6.412
12/30/2022 20:00,6.311
12/30/2022 21:00,6.155
12/30/2022 22:00,5.872
12/30/2022 23:00,5.726
12/31/2022 0:00,5.629
12/31/2022 1:00,5.518
12/31/2022 2:00,5.384
12/31/2022 3:00,5.387
12/31/2022 4:00,5.569
12/31/2022 5:00,5.741
12/31/2022 6:00,5.803
12/31/2022 7:00,5.975
12/31/2022 8:00,6.268
12/31/2022 9:00,6.46
12/31/2022 10:00,6.49
12/31/2022 11:00,6.436
12/31/2022 12:00,6.198
12/31/2022 13:00,5.693
12/31/2022 14:00,5.253
12/31/2022 15:00,5.148
12/31/2022 16:00,5.32
12/31/2022 17:00,5.492
12/31/2022 18:00,5.572
12/31/2022 19:00,5.582
12/31/2022 20:00,5.578
12/31/2022 21:00,5.539
12/31/2022 22:00,5.538
12/31/2022 23:00,5.544
