# Renewables.ninja Weather (hourly 1980-2022)  -  Greece  -  renewables_ninja_country_GR_irradiance-surface_merra-2_pop-wtd.csv  -  Version 1.4,
# License: https://creativecommons.org/licenses/by-nc/4.0/  -  Reference: https://doi.org/10.1038/s41560-023-01341-5,
# Units: time in UTC; other columns are the irradiance at ground level in W/m^2 (SWGDN in MERRA-2) weighted by population; column names signify country ISO2 code or GADM level1 code.,
,
1/1/2022 0:00,0
1/1/2022 1:00,0
1/1/2022 2:00,0
1/1/2022 3:00,0
1/1/2022 4:00,0
1/1/2022 5:00,2.861
1/1/2022 6:00,86.572
1/1/2022 7:00,222.426
1/1/2022 8:00,339.255
1/1/2022 9:00,413.658
1/1/2022 10:00,384.834
1/1/2022 11:00,344.715
1/1/2022 12:00,272.335
1/1/2022 13:00,184.535
1/1/2022 14:00,72.569
1/1/2022 15:00,0.804
1/1/2022 16:00,0
1/1/2022 17:00,0
1/1/2022 18:00,0
1/1/2022 19:00,0
1/1/2022 20:00,0
1/1/2022 21:00,0
1/1/2022 22:00,0
1/1/2022 23:00,0
1/2/2022 0:00,0
1/2/2022 1:00,0
1/2/2022 2:00,0
1/2/2022 3:00,0
1/2/2022 4:00,0
1/2/2022 5:00,2.967
1/2/2022 6:00,93.129
1/2/2022 7:00,245.776
1/2/2022 8:00,372.592
1/2/2022 9:00,455.473
1/2/2022 10:00,481.842
1/2/2022 11:00,448.038
1/2/2022 12:00,361.153
1/2/2022 13:00,229.409
1/2/2022 14:00,77.833
1/2/2022 15:00,0.869
1/2/2022 16:00,0
1/2/2022 17:00,0
1/2/2022 18:00,0
1/2/2022 19:00,0
1/2/2022 20:00,0
1/2/2022 21:00,0
1/2/2022 22:00,0
1/2/2022 23:00,0
1/3/2022 0:00,0
1/3/2022 1:00,0
1/3/2022 2:00,0
1/3/2022 3:00,0
1/3/2022 4:00,0
1/3/2022 5:00,3.351
1/3/2022 6:00,92.829
1/3/2022 7:00,238.994
1/3/2022 8:00,363.014
1/3/2022 9:00,449.225
1/3/2022 10:00,471.818
1/3/2022 11:00,445.591
1/3/2022 12:00,362.307
1/3/2022 13:00,230.352
1/3/2022 14:00,76.368
1/3/2022 15:00,0.746
1/3/2022 16:00,0
1/3/2022 17:00,0
1/3/2022 18:00,0
1/3/2022 19:00,0
1/3/2022 20:00,0
1/3/2022 21:00,0
1/3/2022 22:00,0
1/3/2022 23:00,0
1/4/2022 0:00,0
1/4/2022 1:00,0
1/4/2022 2:00,0
1/4/2022 3:00,0
1/4/2022 4:00,0
1/4/2022 5:00,2.694
1/4/2022 6:00,80.708
1/4/2022 7:00,222.35
1/4/2022 8:00,348.463
1/4/2022 9:00,429.179
1/4/2022 10:00,455.306
1/4/2022 11:00,425.402
1/4/2022 12:00,337.494
1/4/2022 13:00,208.286
1/4/2022 14:00,66.31
1/4/2022 15:00,0.693
1/4/2022 16:00,0
1/4/2022 17:00,0
1/4/2022 18:00,0
1/4/2022 19:00,0
1/4/2022 20:00,0
1/4/2022 21:00,0
1/4/2022 22:00,0
1/4/2022 23:00,0
1/5/2022 0:00,0
1/5/2022 1:00,0
1/5/2022 2:00,0
1/5/2022 3:00,0
1/5/2022 4:00,0
1/5/2022 5:00,2.504
1/5/2022 6:00,77.83
1/5/2022 7:00,202.36
1/5/2022 8:00,315.049
1/5/2022 9:00,392.872
1/5/2022 10:00,421.619
1/5/2022 11:00,397.872
1/5/2022 12:00,322.09
1/5/2022 13:00,203.412
1/5/2022 14:00,68.902
1/5/2022 15:00,0.737
1/5/2022 16:00,0
1/5/2022 17:00,0
1/5/2022 18:00,0
1/5/2022 19:00,0
1/5/2022 20:00,0
1/5/2022 21:00,0
1/5/2022 22:00,0
1/5/2022 23:00,0
1/6/2022 0:00,0
1/6/2022 1:00,0
1/6/2022 2:00,0
1/6/2022 3:00,0
1/6/2022 4:00,0
1/6/2022 5:00,2.776
1/6/2022 6:00,72.554
1/6/2022 7:00,191.271
1/6/2022 8:00,307.373
1/6/2022 9:00,396.171
1/6/2022 10:00,427.445
1/6/2022 11:00,391.974
1/6/2022 12:00,297.138
1/6/2022 13:00,171.367
1/6/2022 14:00,52.235
1/6/2022 15:00,0.735
1/6/2022 16:00,0
1/6/2022 17:00,0
1/6/2022 18:00,0
1/6/2022 19:00,0
1/6/2022 20:00,0
1/6/2022 21:00,0
1/6/2022 22:00,0
1/6/2022 23:00,0
1/7/2022 0:00,0
1/7/2022 1:00,0
1/7/2022 2:00,0
1/7/2022 3:00,0
1/7/2022 4:00,0
1/7/2022 5:00,2.708
1/7/2022 6:00,66.941
1/7/2022 7:00,167.865
1/7/2022 8:00,235.976
1/7/2022 9:00,253.741
1/7/2022 10:00,263.001
1/7/2022 11:00,237.618
1/7/2022 12:00,181.004
1/7/2022 13:00,108.174
1/7/2022 14:00,34.603
1/7/2022 15:00,0.552
1/7/2022 16:00,0
1/7/2022 17:00,0
1/7/2022 18:00,0
1/7/2022 19:00,0
1/7/2022 20:00,0
1/7/2022 21:00,0
1/7/2022 22:00,0
1/7/2022 23:00,0
1/8/2022 0:00,0
1/8/2022 1:00,0
1/8/2022 2:00,0
1/8/2022 3:00,0
1/8/2022 4:00,0
1/8/2022 5:00,1.379
1/8/2022 6:00,27.367
1/8/2022 7:00,72.744
1/8/2022 8:00,122.091
1/8/2022 9:00,161.954
1/8/2022 10:00,175.687
1/8/2022 11:00,169.489
1/8/2022 12:00,146.819
1/8/2022 13:00,94.987
1/8/2022 14:00,31.886
1/8/2022 15:00,0.511
1/8/2022 16:00,0
1/8/2022 17:00,0
1/8/2022 18:00,0
1/8/2022 19:00,0
1/8/2022 20:00,0
1/8/2022 21:00,0
1/8/2022 22:00,0
1/8/2022 23:00,0
1/9/2022 0:00,0
1/9/2022 1:00,0
1/9/2022 2:00,0
1/9/2022 3:00,0
1/9/2022 4:00,0
1/9/2022 5:00,1.259
1/9/2022 6:00,32.067
1/9/2022 7:00,100.86
1/9/2022 8:00,182.672
1/9/2022 9:00,230.325
1/9/2022 10:00,245.747
1/9/2022 11:00,230.986
1/9/2022 12:00,187.43
1/9/2022 13:00,117.976
1/9/2022 14:00,41.762
1/9/2022 15:00,0.762
1/9/2022 16:00,0
1/9/2022 17:00,0
1/9/2022 18:00,0
1/9/2022 19:00,0
1/9/2022 20:00,0
1/9/2022 21:00,0
1/9/2022 22:00,0
1/9/2022 23:00,0
1/10/2022 0:00,0
1/10/2022 1:00,0
1/10/2022 2:00,0
1/10/2022 3:00,0
1/10/2022 4:00,0
1/10/2022 5:00,2.216
1/10/2022 6:00,43.198
1/10/2022 7:00,93.755
1/10/2022 8:00,142.807
1/10/2022 9:00,196.265
1/10/2022 10:00,205.84
1/10/2022 11:00,172.546
1/10/2022 12:00,137.72
1/10/2022 13:00,92.376
1/10/2022 14:00,31.049
1/10/2022 15:00,0.764
1/10/2022 16:00,0
1/10/2022 17:00,0
1/10/2022 18:00,0
1/10/2022 19:00,0
1/10/2022 20:00,0
1/10/2022 21:00,0
1/10/2022 22:00,0
1/10/2022 23:00,0
1/11/2022 0:00,0
1/11/2022 1:00,0
1/11/2022 2:00,0
1/11/2022 3:00,0
1/11/2022 4:00,0
1/11/2022 5:00,1.725
1/11/2022 6:00,34.425
1/11/2022 7:00,95.759
1/11/2022 8:00,171.742
1/11/2022 9:00,224.649
1/11/2022 10:00,230.31
1/11/2022 11:00,199.14
1/11/2022 12:00,151.157
1/11/2022 13:00,82.546
1/11/2022 14:00,28.444
1/11/2022 15:00,0.651
1/11/2022 16:00,0
1/11/2022 17:00,0
1/11/2022 18:00,0
1/11/2022 19:00,0
1/11/2022 20:00,0
1/11/2022 21:00,0
1/11/2022 22:00,0
1/11/2022 23:00,0
1/12/2022 0:00,0
1/12/2022 1:00,0
1/12/2022 2:00,0
1/12/2022 3:00,0
1/12/2022 4:00,0
1/12/2022 5:00,1.377
1/12/2022 6:00,43.087
1/12/2022 7:00,129.853
1/12/2022 8:00,220.733
1/12/2022 9:00,293.204
1/12/2022 10:00,324.413
1/12/2022 11:00,316.218
1/12/2022 12:00,267.847
1/12/2022 13:00,181.621
1/12/2022 14:00,66.694
1/12/2022 15:00,1.536
1/12/2022 16:00,0
1/12/2022 17:00,0
1/12/2022 18:00,0
1/12/2022 19:00,0
1/12/2022 20:00,0
1/12/2022 21:00,0
1/12/2022 22:00,0
1/12/2022 23:00,0
1/13/2022 0:00,0
1/13/2022 1:00,0
1/13/2022 2:00,0
1/13/2022 3:00,0
1/13/2022 4:00,0
1/13/2022 5:00,4.896
1/13/2022 6:00,107.346
1/13/2022 7:00,266.761
1/13/2022 8:00,402.49
1/13/2022 9:00,481.87
1/13/2022 10:00,512.107
1/13/2022 11:00,481.553
1/13/2022 12:00,393.373
1/13/2022 13:00,258.171
1/13/2022 14:00,96.687
1/13/2022 15:00,2.33
1/13/2022 16:00,0
1/13/2022 17:00,0
1/13/2022 18:00,0
1/13/2022 19:00,0
1/13/2022 20:00,0
1/13/2022 21:00,0
1/13/2022 22:00,0
1/13/2022 23:00,0
1/14/2022 0:00,0
1/14/2022 1:00,0
1/14/2022 2:00,0
1/14/2022 3:00,0
1/14/2022 4:00,0
1/14/2022 5:00,6.439
1/14/2022 6:00,119.758
1/14/2022 7:00,284.849
1/14/2022 8:00,419.653
1/14/2022 9:00,503.149
1/14/2022 10:00,530.325
1/14/2022 11:00,496.7
1/14/2022 12:00,404.767
1/14/2022 13:00,265.825
1/14/2022 14:00,101.298
1/14/2022 15:00,2.7
1/14/2022 16:00,0
1/14/2022 17:00,0
1/14/2022 18:00,0
1/14/2022 19:00,0
1/14/2022 20:00,0
1/14/2022 21:00,0
1/14/2022 22:00,0
1/14/2022 23:00,0
1/15/2022 0:00,0
1/15/2022 1:00,0
1/15/2022 2:00,0
1/15/2022 3:00,0
1/15/2022 4:00,0
1/15/2022 5:00,6.96
1/15/2022 6:00,120.771
1/15/2022 7:00,283.006
1/15/2022 8:00,415.868
1/15/2022 9:00,499.751
1/15/2022 10:00,525.313
1/15/2022 11:00,490.045
1/15/2022 12:00,392.004
1/15/2022 13:00,246.862
1/15/2022 14:00,91.244
1/15/2022 15:00,2.639
1/15/2022 16:00,0
1/15/2022 17:00,0
1/15/2022 18:00,0
1/15/2022 19:00,0
1/15/2022 20:00,0
1/15/2022 21:00,0
1/15/2022 22:00,0
1/15/2022 23:00,0
1/16/2022 0:00,0
1/16/2022 1:00,0
1/16/2022 2:00,0
1/16/2022 3:00,0
1/16/2022 4:00,0
1/16/2022 5:00,7.405
1/16/2022 6:00,121.269
1/16/2022 7:00,283.799
1/16/2022 8:00,419.313
1/16/2022 9:00,503.138
1/16/2022 10:00,531.668
1/16/2022 11:00,497.903
1/16/2022 12:00,405.183
1/16/2022 13:00,266.373
1/16/2022 14:00,102.984
1/16/2022 15:00,3.084
1/16/2022 16:00,0
1/16/2022 17:00,0
1/16/2022 18:00,0
1/16/2022 19:00,0
1/16/2022 20:00,0
1/16/2022 21:00,0
1/16/2022 22:00,0
1/16/2022 23:00,0
1/17/2022 0:00,0
1/17/2022 1:00,0
1/17/2022 2:00,0
1/17/2022 3:00,0
1/17/2022 4:00,0
1/17/2022 5:00,7.215
1/17/2022 6:00,106.753
1/17/2022 7:00,246.744
1/17/2022 8:00,363.011
1/17/2022 9:00,442.748
1/17/2022 10:00,455.467
1/17/2022 11:00,415.629
1/17/2022 12:00,315.414
1/17/2022 13:00,181.932
1/17/2022 14:00,65.109
1/17/2022 15:00,1.835
1/17/2022 16:00,0
1/17/2022 17:00,0
1/17/2022 18:00,0
1/17/2022 19:00,0
1/17/2022 20:00,0
1/17/2022 21:00,0
1/17/2022 22:00,0
1/17/2022 23:00,0
1/18/2022 0:00,0
1/18/2022 1:00,0
1/18/2022 2:00,0
1/18/2022 3:00,0
1/18/2022 4:00,0
1/18/2022 5:00,6.374
1/18/2022 6:00,112.048
1/18/2022 7:00,272.735
1/18/2022 8:00,414.227
1/18/2022 9:00,502.658
1/18/2022 10:00,530.989
1/18/2022 11:00,499.158
1/18/2022 12:00,412.226
1/18/2022 13:00,276.887
1/18/2022 14:00,111.35
1/18/2022 15:00,4.037
1/18/2022 16:00,0
1/18/2022 17:00,0
1/18/2022 18:00,0
1/18/2022 19:00,0
1/18/2022 20:00,0
1/18/2022 21:00,0
1/18/2022 22:00,0
1/18/2022 23:00,0
1/19/2022 0:00,0
1/19/2022 1:00,0
1/19/2022 2:00,0
1/19/2022 3:00,0
1/19/2022 4:00,0
1/19/2022 5:00,8.315
1/19/2022 6:00,127.063
1/19/2022 7:00,291.55
1/19/2022 8:00,420.428
1/19/2022 9:00,498.253
1/19/2022 10:00,533.716
1/19/2022 11:00,501.297
1/19/2022 12:00,413.905
1/19/2022 13:00,276.763
1/19/2022 14:00,110.084
1/19/2022 15:00,4.258
1/19/2022 16:00,0
1/19/2022 17:00,0
1/19/2022 18:00,0
1/19/2022 19:00,0
1/19/2022 20:00,0
1/19/2022 21:00,0
1/19/2022 22:00,0
1/19/2022 23:00,0
1/20/2022 0:00,0
1/20/2022 1:00,0
1/20/2022 2:00,0
1/20/2022 3:00,0
1/20/2022 4:00,0
1/20/2022 5:00,9.442
1/20/2022 6:00,127.184
1/20/2022 7:00,285.584
1/20/2022 8:00,415.807
1/20/2022 9:00,503.26
1/20/2022 10:00,533.785
1/20/2022 11:00,501.679
1/20/2022 12:00,410.977
1/20/2022 13:00,272.105
1/20/2022 14:00,108.132
1/20/2022 15:00,4.113
1/20/2022 16:00,0
1/20/2022 17:00,0
1/20/2022 18:00,0
1/20/2022 19:00,0
1/20/2022 20:00,0
1/20/2022 21:00,0
1/20/2022 22:00,0
1/20/2022 23:00,0
1/21/2022 0:00,0
1/21/2022 1:00,0
1/21/2022 2:00,0
1/21/2022 3:00,0
1/21/2022 4:00,0
1/21/2022 5:00,6.517
1/21/2022 6:00,81.004
1/21/2022 7:00,184.232
1/21/2022 8:00,265.9
1/21/2022 9:00,309.406
1/21/2022 10:00,355.951
1/21/2022 11:00,341.564
1/21/2022 12:00,279.585
1/21/2022 13:00,180.501
1/21/2022 14:00,68.401
1/21/2022 15:00,2.977
1/21/2022 16:00,0
1/21/2022 17:00,0
1/21/2022 18:00,0
1/21/2022 19:00,0
1/21/2022 20:00,0
1/21/2022 21:00,0
1/21/2022 22:00,0
1/21/2022 23:00,0
1/22/2022 0:00,0
1/22/2022 1:00,0
1/22/2022 2:00,0
1/22/2022 3:00,0
1/22/2022 4:00,0
1/22/2022 5:00,5.207
1/22/2022 6:00,80.369
1/22/2022 7:00,198.353
1/22/2022 8:00,309.84
1/22/2022 9:00,383.726
1/22/2022 10:00,413.787
1/22/2022 11:00,418.4
1/22/2022 12:00,367.091
1/22/2022 13:00,261.373
1/22/2022 14:00,111.573
1/22/2022 15:00,5.622
1/22/2022 16:00,0
1/22/2022 17:00,0
1/22/2022 18:00,0
1/22/2022 19:00,0
1/22/2022 20:00,0
1/22/2022 21:00,0
1/22/2022 22:00,0
1/22/2022 23:00,0
1/23/2022 0:00,0
1/23/2022 1:00,0
1/23/2022 2:00,0
1/23/2022 3:00,0
1/23/2022 4:00,0
1/23/2022 5:00,8.735
1/23/2022 6:00,105.717
1/23/2022 7:00,229.918
1/23/2022 8:00,339.254
1/23/2022 9:00,402.987
1/23/2022 10:00,434.693
1/23/2022 11:00,417.464
1/23/2022 12:00,355.775
1/23/2022 13:00,235.708
1/23/2022 14:00,101.039
1/23/2022 15:00,5.809
1/23/2022 16:00,0
1/23/2022 17:00,0
1/23/2022 18:00,0
1/23/2022 19:00,0
1/23/2022 20:00,0
1/23/2022 21:00,0
1/23/2022 22:00,0
1/23/2022 23:00,0
1/24/2022 0:00,0
1/24/2022 1:00,0
1/24/2022 2:00,0
1/24/2022 3:00,0
1/24/2022 4:00,0
1/24/2022 5:00,6.204
1/24/2022 6:00,75.472
1/24/2022 7:00,176.401
1/24/2022 8:00,228.069
1/24/2022 9:00,240.716
1/24/2022 10:00,245.87
1/24/2022 11:00,236.053
1/24/2022 12:00,197.614
1/24/2022 13:00,134.772
1/24/2022 14:00,50.461
1/24/2022 15:00,2.564
1/24/2022 16:00,0
1/24/2022 17:00,0
1/24/2022 18:00,0
1/24/2022 19:00,0
1/24/2022 20:00,0
1/24/2022 21:00,0
1/24/2022 22:00,0
1/24/2022 23:00,0
1/25/2022 0:00,0
1/25/2022 1:00,0
1/25/2022 2:00,0
1/25/2022 3:00,0
1/25/2022 4:00,0
1/25/2022 5:00,6.975
1/25/2022 6:00,93.253
1/25/2022 7:00,227.02
1/25/2022 8:00,366.617
1/25/2022 9:00,467.468
1/25/2022 10:00,482.653
1/25/2022 11:00,448.317
1/25/2022 12:00,373.999
1/25/2022 13:00,249.654
1/25/2022 14:00,105.565
1/25/2022 15:00,6.258
1/25/2022 16:00,0
1/25/2022 17:00,0
1/25/2022 18:00,0
1/25/2022 19:00,0
1/25/2022 20:00,0
1/25/2022 21:00,0
1/25/2022 22:00,0
1/25/2022 23:00,0
1/26/2022 0:00,0
1/26/2022 1:00,0
1/26/2022 2:00,0
1/26/2022 3:00,0
1/26/2022 4:00,0
1/26/2022 5:00,13.151
1/26/2022 6:00,138.391
1/26/2022 7:00,293.577
1/26/2022 8:00,420.173
1/26/2022 9:00,504.453
1/26/2022 10:00,552.497
1/26/2022 11:00,523.487
1/26/2022 12:00,429.693
1/26/2022 13:00,291.724
1/26/2022 14:00,126.213
1/26/2022 15:00,8.073
1/26/2022 16:00,0
1/26/2022 17:00,0
1/26/2022 18:00,0
1/26/2022 19:00,0
1/26/2022 20:00,0
1/26/2022 21:00,0
1/26/2022 22:00,0
1/26/2022 23:00,0
1/27/2022 0:00,0
1/27/2022 1:00,0
1/27/2022 2:00,0
1/27/2022 3:00,0
1/27/2022 4:00,0
1/27/2022 5:00,13.971
1/27/2022 6:00,143.046
1/27/2022 7:00,310.615
1/27/2022 8:00,440.714
1/27/2022 9:00,510.146
1/27/2022 10:00,524.511
1/27/2022 11:00,491.008
1/27/2022 12:00,410.771
1/27/2022 13:00,283.358
1/27/2022 14:00,126.607
1/27/2022 15:00,8.646
1/27/2022 16:00,0
1/27/2022 17:00,0
1/27/2022 18:00,0
1/27/2022 19:00,0
1/27/2022 20:00,0
1/27/2022 21:00,0
1/27/2022 22:00,0
1/27/2022 23:00,0
1/28/2022 0:00,0
1/28/2022 1:00,0
1/28/2022 2:00,0
1/28/2022 3:00,0
1/28/2022 4:00,0
1/28/2022 5:00,16.019
1/28/2022 6:00,152.265
1/28/2022 7:00,322.842
1/28/2022 8:00,462.788
1/28/2022 9:00,548.943
1/28/2022 10:00,576.316
1/28/2022 11:00,540.225
1/28/2022 12:00,443.801
1/28/2022 13:00,296.841
1/28/2022 14:00,126.586
1/28/2022 15:00,8.22
1/28/2022 16:00,0
1/28/2022 17:00,0
1/28/2022 18:00,0
1/28/2022 19:00,0
1/28/2022 20:00,0
1/28/2022 21:00,0
1/28/2022 22:00,0
1/28/2022 23:00,0
1/29/2022 0:00,0
1/29/2022 1:00,0
1/29/2022 2:00,0
1/29/2022 3:00,0
1/29/2022 4:00,0
1/29/2022 5:00,5.788
1/29/2022 6:00,47.998
1/29/2022 7:00,106.332
1/29/2022 8:00,156.064
1/29/2022 9:00,185.36
1/29/2022 10:00,192.147
1/29/2022 11:00,180.763
1/29/2022 12:00,152.591
1/29/2022 13:00,103.674
1/29/2022 14:00,43.39
1/29/2022 15:00,3.359
1/29/2022 16:00,0
1/29/2022 17:00,0
1/29/2022 18:00,0
1/29/2022 19:00,0
1/29/2022 20:00,0
1/29/2022 21:00,0
1/29/2022 22:00,0
1/29/2022 23:00,0
1/30/2022 0:00,0
1/30/2022 1:00,0
1/30/2022 2:00,0
1/30/2022 3:00,0
1/30/2022 4:00,0
1/30/2022 5:00,15.013
1/30/2022 6:00,141.053
1/30/2022 7:00,292.824
1/30/2022 8:00,429.849
1/30/2022 9:00,517.845
1/30/2022 10:00,542.662
1/30/2022 11:00,511.186
1/30/2022 12:00,433.267
1/30/2022 13:00,300.441
1/30/2022 14:00,134.84
1/30/2022 15:00,10.688
1/30/2022 16:00,0
1/30/2022 17:00,0
1/30/2022 18:00,0
1/30/2022 19:00,0
1/30/2022 20:00,0
1/30/2022 21:00,0
1/30/2022 22:00,0
1/30/2022 23:00,0
1/31/2022 0:00,0
1/31/2022 1:00,0
1/31/2022 2:00,0
1/31/2022 3:00,0
1/31/2022 4:00,0
1/31/2022 5:00,19.801
1/31/2022 6:00,168.202
1/31/2022 7:00,342.591
1/31/2022 8:00,483.099
1/31/2022 9:00,570.684
1/31/2022 10:00,599.154
1/31/2022 11:00,564.486
1/31/2022 12:00,470.094
1/31/2022 13:00,323.386
1/31/2022 14:00,143.134
1/31/2022 15:00,10.872
1/31/2022 16:00,0
1/31/2022 17:00,0
1/31/2022 18:00,0
1/31/2022 19:00,0
1/31/2022 20:00,0
1/31/2022 21:00,0
1/31/2022 22:00,0
1/31/2022 23:00,0
2/1/2022 0:00,0
2/1/2022 1:00,0
2/1/2022 2:00,0
2/1/2022 3:00,0
2/1/2022 4:00,0
2/1/2022 5:00,12.392
2/1/2022 6:00,94.471
2/1/2022 7:00,193.881
2/1/2022 8:00,273.86
2/1/2022 9:00,317.505
2/1/2022 10:00,327.591
2/1/2022 11:00,298.164
2/1/2022 12:00,225.078
2/1/2022 13:00,139.148
2/1/2022 14:00,60.198
2/1/2022 15:00,5.498
2/1/2022 16:00,0
2/1/2022 17:00,0
2/1/2022 18:00,0
2/1/2022 19:00,0
2/1/2022 20:00,0
2/1/2022 21:00,0
2/1/2022 22:00,0
2/1/2022 23:00,0
2/2/2022 0:00,0
2/2/2022 1:00,0
2/2/2022 2:00,0
2/2/2022 3:00,0
2/2/2022 4:00,0
2/2/2022 5:00,5.819
2/2/2022 6:00,40.835
2/2/2022 7:00,98.117
2/2/2022 8:00,179.702
2/2/2022 9:00,292.561
2/2/2022 10:00,305.722
2/2/2022 11:00,251.302
2/2/2022 12:00,171.665
2/2/2022 13:00,105.978
2/2/2022 14:00,47.507
2/2/2022 15:00,4.811
2/2/2022 16:00,0
2/2/2022 17:00,0
2/2/2022 18:00,0
2/2/2022 19:00,0
2/2/2022 20:00,0
2/2/2022 21:00,0
2/2/2022 22:00,0
2/2/2022 23:00,0
2/3/2022 0:00,0
2/3/2022 1:00,0
2/3/2022 2:00,0
2/3/2022 3:00,0
2/3/2022 4:00,0
2/3/2022 5:00,11.55
2/3/2022 6:00,101.757
2/3/2022 7:00,212.764
2/3/2022 8:00,303.39
2/3/2022 9:00,352.518
2/3/2022 10:00,371.551
2/3/2022 11:00,350.232
2/3/2022 12:00,294.031
2/3/2022 13:00,224.631
2/3/2022 14:00,104.421
2/3/2022 15:00,11.652
2/3/2022 16:00,0
2/3/2022 17:00,0
2/3/2022 18:00,0
2/3/2022 19:00,0
2/3/2022 20:00,0
2/3/2022 21:00,0
2/3/2022 22:00,0
2/3/2022 23:00,0
2/4/2022 0:00,0
2/4/2022 1:00,0
2/4/2022 2:00,0
2/4/2022 3:00,0
2/4/2022 4:00,0.001
2/4/2022 5:00,23.522
2/4/2022 6:00,177.791
2/4/2022 7:00,352.529
2/4/2022 8:00,493.544
2/4/2022 9:00,581.645
2/4/2022 10:00,608.204
2/4/2022 11:00,573.653
2/4/2022 12:00,479.417
2/4/2022 13:00,337.844
2/4/2022 14:00,160.335
2/4/2022 15:00,17.108
2/4/2022 16:00,0
2/4/2022 17:00,0
2/4/2022 18:00,0
2/4/2022 19:00,0
2/4/2022 20:00,0
2/4/2022 21:00,0
2/4/2022 22:00,0
2/4/2022 23:00,0
2/5/2022 0:00,0
2/5/2022 1:00,0
2/5/2022 2:00,0
2/5/2022 3:00,0
2/5/2022 4:00,0.001
2/5/2022 5:00,25.851
2/5/2022 6:00,164.245
2/5/2022 7:00,317.733
2/5/2022 8:00,443.206
2/5/2022 9:00,527.862
2/5/2022 10:00,561.874
2/5/2022 11:00,536.874
2/5/2022 12:00,451.003
2/5/2022 13:00,311.168
2/5/2022 14:00,136.712
2/5/2022 15:00,13.424
2/5/2022 16:00,0
2/5/2022 17:00,0
2/5/2022 18:00,0
2/5/2022 19:00,0
2/5/2022 20:00,0
2/5/2022 21:00,0
2/5/2022 22:00,0
2/5/2022 23:00,0
2/6/2022 0:00,0
2/6/2022 1:00,0
2/6/2022 2:00,0
2/6/2022 3:00,0
2/6/2022 4:00,0.001
2/6/2022 5:00,20.389
2/6/2022 6:00,146.106
2/6/2022 7:00,309.285
2/6/2022 8:00,442.826
2/6/2022 9:00,519.988
2/6/2022 10:00,565.572
2/6/2022 11:00,546.863
2/6/2022 12:00,456.782
2/6/2022 13:00,315.694
2/6/2022 14:00,147.671
2/6/2022 15:00,16.71
2/6/2022 16:00,0
2/6/2022 17:00,0
2/6/2022 18:00,0
2/6/2022 19:00,0
2/6/2022 20:00,0
2/6/2022 21:00,0
2/6/2022 22:00,0
2/6/2022 23:00,0
2/7/2022 0:00,0
2/7/2022 1:00,0
2/7/2022 2:00,0
2/7/2022 3:00,0
2/7/2022 4:00,0.003
2/7/2022 5:00,20.727
2/7/2022 6:00,127.652
2/7/2022 7:00,269.97
2/7/2022 8:00,410.464
2/7/2022 9:00,502.183
2/7/2022 10:00,540.804
2/7/2022 11:00,490.966
2/7/2022 12:00,383.834
2/7/2022 13:00,221.215
2/7/2022 14:00,90.765
2/7/2022 15:00,9.886
2/7/2022 16:00,0
2/7/2022 17:00,0
2/7/2022 18:00,0
2/7/2022 19:00,0
2/7/2022 20:00,0
2/7/2022 21:00,0
2/7/2022 22:00,0
2/7/2022 23:00,0
2/8/2022 0:00,0
2/8/2022 1:00,0
2/8/2022 2:00,0
2/8/2022 3:00,0
2/8/2022 4:00,0.002
2/8/2022 5:00,20.978
2/8/2022 6:00,121.19
2/8/2022 7:00,234.884
2/8/2022 8:00,331.934
2/8/2022 9:00,354.558
2/8/2022 10:00,324.049
2/8/2022 11:00,289.703
2/8/2022 12:00,242.967
2/8/2022 13:00,175.218
2/8/2022 14:00,86.949
2/8/2022 15:00,12.064
2/8/2022 16:00,0
2/8/2022 17:00,0
2/8/2022 18:00,0
2/8/2022 19:00,0
2/8/2022 20:00,0
2/8/2022 21:00,0
2/8/2022 22:00,0
2/8/2022 23:00,0
2/9/2022 0:00,0
2/9/2022 1:00,0
2/9/2022 2:00,0
2/9/2022 3:00,0
2/9/2022 4:00,0.004
2/9/2022 5:00,35.296
2/9/2022 6:00,201.361
2/9/2022 7:00,377.154
2/9/2022 8:00,518.951
2/9/2022 9:00,606.121
2/9/2022 10:00,633.805
2/9/2022 11:00,599.522
2/9/2022 12:00,503.512
2/9/2022 13:00,358.453
2/9/2022 14:00,181.254
2/9/2022 15:00,24.963
2/9/2022 16:00,0
2/9/2022 17:00,0
2/9/2022 18:00,0
2/9/2022 19:00,0
2/9/2022 20:00,0
2/9/2022 21:00,0
2/9/2022 22:00,0
2/9/2022 23:00,0
2/10/2022 0:00,0
2/10/2022 1:00,0
2/10/2022 2:00,0
2/10/2022 3:00,0
2/10/2022 4:00,0.01
2/10/2022 5:00,37.547
2/10/2022 6:00,203.345
2/10/2022 7:00,378.021
2/10/2022 8:00,513.99
2/10/2022 9:00,594.8
2/10/2022 10:00,609.61
2/10/2022 11:00,599.866
2/10/2022 12:00,509.465
2/10/2022 13:00,363.722
2/10/2022 14:00,185.822
2/10/2022 15:00,27.135
2/10/2022 16:00,0
2/10/2022 17:00,0
2/10/2022 18:00,0
2/10/2022 19:00,0
2/10/2022 20:00,0
2/10/2022 21:00,0
2/10/2022 22:00,0
2/10/2022 23:00,0
2/11/2022 0:00,0
2/11/2022 1:00,0
2/11/2022 2:00,0
2/11/2022 3:00,0
2/11/2022 4:00,0.014
2/11/2022 5:00,42.145
2/11/2022 6:00,215.002
2/11/2022 7:00,395.265
2/11/2022 8:00,539.987
2/11/2022 9:00,630.108
2/11/2022 10:00,658.306
2/11/2022 11:00,622.5
2/11/2022 12:00,525.283
2/11/2022 13:00,377.303
2/11/2022 14:00,194.938
2/11/2022 15:00,29.886
2/11/2022 16:00,0
2/11/2022 17:00,0
2/11/2022 18:00,0
2/11/2022 19:00,0
2/11/2022 20:00,0
2/11/2022 21:00,0
2/11/2022 22:00,0
2/11/2022 23:00,0
2/12/2022 0:00,0
2/12/2022 1:00,0
2/12/2022 2:00,0
2/12/2022 3:00,0
2/12/2022 4:00,0.018
2/12/2022 5:00,37.579
2/12/2022 6:00,189.423
2/12/2022 7:00,362.231
2/12/2022 8:00,496.762
2/12/2022 9:00,576.027
2/12/2022 10:00,586.727
2/12/2022 11:00,510.258
2/12/2022 12:00,382.157
2/12/2022 13:00,265.515
2/12/2022 14:00,124.528
2/12/2022 15:00,16.847
2/12/2022 16:00,0
2/12/2022 17:00,0
2/12/2022 18:00,0
2/12/2022 19:00,0
2/12/2022 20:00,0
2/12/2022 21:00,0
2/12/2022 22:00,0
2/12/2022 23:00,0
2/13/2022 0:00,0
2/13/2022 1:00,0
2/13/2022 2:00,0
2/13/2022 3:00,0
2/13/2022 4:00,0.015
2/13/2022 5:00,19.82
2/13/2022 6:00,102.677
2/13/2022 7:00,220.243
2/13/2022 8:00,329.33
2/13/2022 9:00,400.995
2/13/2022 10:00,439.13
2/13/2022 11:00,424.155
2/13/2022 12:00,351.378
2/13/2022 13:00,247.905
2/13/2022 14:00,133.652
2/13/2022 15:00,21.448
2/13/2022 16:00,0
2/13/2022 17:00,0
2/13/2022 18:00,0
2/13/2022 19:00,0
2/13/2022 20:00,0
2/13/2022 21:00,0
2/13/2022 22:00,0
2/13/2022 23:00,0
2/14/2022 0:00,0
2/14/2022 1:00,0
2/14/2022 2:00,0
2/14/2022 3:00,0
2/14/2022 4:00,0.025
2/14/2022 5:00,33.411
2/14/2022 6:00,162.875
2/14/2022 7:00,319.975
2/14/2022 8:00,451.718
2/14/2022 9:00,528.579
2/14/2022 10:00,532.92
2/14/2022 11:00,514.744
2/14/2022 12:00,434.837
2/14/2022 13:00,301.946
2/14/2022 14:00,147.234
2/14/2022 15:00,24.341
2/14/2022 16:00,0
2/14/2022 17:00,0
2/14/2022 18:00,0
2/14/2022 19:00,0
2/14/2022 20:00,0
2/14/2022 21:00,0
2/14/2022 22:00,0
2/14/2022 23:00,0
2/15/2022 0:00,0
2/15/2022 1:00,0
2/15/2022 2:00,0
2/15/2022 3:00,0
2/15/2022 4:00,0.039
2/15/2022 5:00,38.547
2/15/2022 6:00,174.439
2/15/2022 7:00,325.801
2/15/2022 8:00,468.948
2/15/2022 9:00,566.055
2/15/2022 10:00,610.702
2/15/2022 11:00,578.251
2/15/2022 12:00,487.936
2/15/2022 13:00,346.291
2/15/2022 14:00,173.212
2/15/2022 15:00,28.144
2/15/2022 16:00,0
2/15/2022 17:00,0
2/15/2022 18:00,0
2/15/2022 19:00,0
2/15/2022 20:00,0
2/15/2022 21:00,0
2/15/2022 22:00,0
2/15/2022 23:00,0
2/16/2022 0:00,0
2/16/2022 1:00,0
2/16/2022 2:00,0
2/16/2022 3:00,0
2/16/2022 4:00,0.049
2/16/2022 5:00,28.349
2/16/2022 6:00,111.439
2/16/2022 7:00,217.173
2/16/2022 8:00,351.875
2/16/2022 9:00,425.582
2/16/2022 10:00,441.554
2/16/2022 11:00,415.453
2/16/2022 12:00,326.244
2/16/2022 13:00,205.716
2/16/2022 14:00,94.268
2/16/2022 15:00,15.231
2/16/2022 16:00,0
2/16/2022 17:00,0
2/16/2022 18:00,0
2/16/2022 19:00,0
2/16/2022 20:00,0
2/16/2022 21:00,0
2/16/2022 22:00,0
2/16/2022 23:00,0
2/17/2022 0:00,0
2/17/2022 1:00,0
2/17/2022 2:00,0
2/17/2022 3:00,0
2/17/2022 4:00,0.032
2/17/2022 5:00,23.76
2/17/2022 6:00,110.097
2/17/2022 7:00,235.089
2/17/2022 8:00,364.2
2/17/2022 9:00,440.419
2/17/2022 10:00,475.109
2/17/2022 11:00,480.163
2/17/2022 12:00,441.989
2/17/2022 13:00,327.754
2/17/2022 14:00,177.351
2/17/2022 15:00,34.582
2/17/2022 16:00,0
2/17/2022 17:00,0
2/17/2022 18:00,0
2/17/2022 19:00,0
2/17/2022 20:00,0
2/17/2022 21:00,0
2/17/2022 22:00,0
2/17/2022 23:00,0
2/18/2022 0:00,0
2/18/2022 1:00,0
2/18/2022 2:00,0
2/18/2022 3:00,0
2/18/2022 4:00,0.062
2/18/2022 5:00,48.541
2/18/2022 6:00,206.622
2/18/2022 7:00,387.868
2/18/2022 8:00,541.708
2/18/2022 9:00,641.25
2/18/2022 10:00,671.956
2/18/2022 11:00,639.181
2/18/2022 12:00,546.503
2/18/2022 13:00,400.43
2/18/2022 14:00,219.639
2/18/2022 15:00,44.691
2/18/2022 16:00,0
2/18/2022 17:00,0
2/18/2022 18:00,0
2/18/2022 19:00,0
2/18/2022 20:00,0
2/18/2022 21:00,0
2/18/2022 22:00,0
2/18/2022 23:00,0
2/19/2022 0:00,0
2/19/2022 1:00,0
2/19/2022 2:00,0
2/19/2022 3:00,0
2/19/2022 4:00,0.115
2/19/2022 5:00,62.722
2/19/2022 6:00,246.138
2/19/2022 7:00,426.266
2/19/2022 8:00,568.522
2/19/2022 9:00,657.394
2/19/2022 10:00,685.376
2/19/2022 11:00,649.968
2/19/2022 12:00,554.644
2/19/2022 13:00,407.51
2/19/2022 14:00,224.741
2/19/2022 15:00,46.551
2/19/2022 16:00,0.001
2/19/2022 17:00,0
2/19/2022 18:00,0
2/19/2022 19:00,0
2/19/2022 20:00,0
2/19/2022 21:00,0
2/19/2022 22:00,0
2/19/2022 23:00,0
2/20/2022 0:00,0
2/20/2022 1:00,0
2/20/2022 2:00,0
2/20/2022 3:00,0
2/20/2022 4:00,0.1
2/20/2022 5:00,39.261
2/20/2022 6:00,145.86
2/20/2022 7:00,264.317
2/20/2022 8:00,350.583
2/20/2022 9:00,369.049
2/20/2022 10:00,356.352
2/20/2022 11:00,287.716
2/20/2022 12:00,189.315
2/20/2022 13:00,128.679
2/20/2022 14:00,68.944
2/20/2022 15:00,17.001
2/20/2022 16:00,0.001
2/20/2022 17:00,0
2/20/2022 18:00,0
2/20/2022 19:00,0
2/20/2022 20:00,0
2/20/2022 21:00,0
2/20/2022 22:00,0
2/20/2022 23:00,0
2/21/2022 0:00,0
2/21/2022 1:00,0
2/21/2022 2:00,0
2/21/2022 3:00,0
2/21/2022 4:00,0.099
2/21/2022 5:00,39.328
2/21/2022 6:00,158.814
2/21/2022 7:00,337.138
2/21/2022 8:00,506.622
2/21/2022 9:00,619.428
2/21/2022 10:00,657.989
2/21/2022 11:00,623.305
2/21/2022 12:00,523.726
2/21/2022 13:00,378.959
2/21/2022 14:00,202.929
2/21/2022 15:00,42.094
2/21/2022 16:00,0.004
2/21/2022 17:00,0
2/21/2022 18:00,0
2/21/2022 19:00,0
2/21/2022 20:00,0
2/21/2022 21:00,0
2/21/2022 22:00,0
2/21/2022 23:00,0
2/22/2022 0:00,0
2/22/2022 1:00,0
2/22/2022 2:00,0
2/22/2022 3:00,0
2/22/2022 4:00,0.14
2/22/2022 5:00,52.743
2/22/2022 6:00,191.582
2/22/2022 7:00,334.565
2/22/2022 8:00,461.097
2/22/2022 9:00,546
2/22/2022 10:00,553.774
2/22/2022 11:00,507.891
2/22/2022 12:00,403.459
2/22/2022 13:00,269.572
2/22/2022 14:00,128.744
2/22/2022 15:00,27.195
2/22/2022 16:00,0.005
2/22/2022 17:00,0
2/22/2022 18:00,0
2/22/2022 19:00,0
2/22/2022 20:00,0
2/22/2022 21:00,0
2/22/2022 22:00,0
2/22/2022 23:00,0
2/23/2022 0:00,0
2/23/2022 1:00,0
2/23/2022 2:00,0
2/23/2022 3:00,0
2/23/2022 4:00,0.095
2/23/2022 5:00,33.829
2/23/2022 6:00,128.287
2/23/2022 7:00,234.184
2/23/2022 8:00,329.665
2/23/2022 9:00,405.633
2/23/2022 10:00,446.66
2/23/2022 11:00,435.725
2/23/2022 12:00,377.185
2/23/2022 13:00,271.251
2/23/2022 14:00,146.382
2/23/2022 15:00,33.841
2/23/2022 16:00,0.016
2/23/2022 17:00,0
2/23/2022 18:00,0
2/23/2022 19:00,0
2/23/2022 20:00,0
2/23/2022 21:00,0
2/23/2022 22:00,0
2/23/2022 23:00,0
2/24/2022 0:00,0
2/24/2022 1:00,0
2/24/2022 2:00,0
2/24/2022 3:00,0
2/24/2022 4:00,0.166
2/24/2022 5:00,62.991
2/24/2022 6:00,231.527
2/24/2022 7:00,400.799
2/24/2022 8:00,531.186
2/24/2022 9:00,603.58
2/24/2022 10:00,631.847
2/24/2022 11:00,592.312
2/24/2022 12:00,497.479
2/24/2022 13:00,364.114
2/24/2022 14:00,206.705
2/24/2022 15:00,50.429
2/24/2022 16:00,0.033
2/24/2022 17:00,0
2/24/2022 18:00,0
2/24/2022 19:00,0
2/24/2022 20:00,0
2/24/2022 21:00,0
2/24/2022 22:00,0
2/24/2022 23:00,0
2/25/2022 0:00,0
2/25/2022 1:00,0
2/25/2022 2:00,0
2/25/2022 3:00,0
2/25/2022 4:00,0.421
2/25/2022 5:00,79.433
2/25/2022 6:00,266.403
2/25/2022 7:00,441.518
2/25/2022 8:00,583.66
2/25/2022 9:00,677.976
2/25/2022 10:00,713.491
2/25/2022 11:00,680.848
2/25/2022 12:00,583.915
2/25/2022 13:00,431.436
2/25/2022 14:00,242.63
2/25/2022 15:00,59.552
2/25/2022 16:00,0.046
2/25/2022 17:00,0
2/25/2022 18:00,0
2/25/2022 19:00,0
2/25/2022 20:00,0
2/25/2022 21:00,0
2/25/2022 22:00,0
2/25/2022 23:00,0
2/26/2022 0:00,0
2/26/2022 1:00,0
2/26/2022 2:00,0
2/26/2022 3:00,0
2/26/2022 4:00,0.535
2/26/2022 5:00,57.398
2/26/2022 6:00,193.311
2/26/2022 7:00,371.351
2/26/2022 8:00,527.24
2/26/2022 9:00,621.515
2/26/2022 10:00,626.259
2/26/2022 11:00,572.802
2/26/2022 12:00,458.346
2/26/2022 13:00,282.829
2/26/2022 14:00,154.445
2/26/2022 15:00,40.239
2/26/2022 16:00,0.015
2/26/2022 17:00,0
2/26/2022 18:00,0
2/26/2022 19:00,0
2/26/2022 20:00,0
2/26/2022 21:00,0
2/26/2022 22:00,0
2/26/2022 23:00,0
2/27/2022 0:00,0
2/27/2022 1:00,0
2/27/2022 2:00,0
2/27/2022 3:00,0
2/27/2022 4:00,0.412
2/27/2022 5:00,35.493
2/27/2022 6:00,134.137
2/27/2022 7:00,226.906
2/27/2022 8:00,296.003
2/27/2022 9:00,302.857
2/27/2022 10:00,327.107
2/27/2022 11:00,353.087
2/27/2022 12:00,410.116
2/27/2022 13:00,305.698
2/27/2022 14:00,172.392
2/27/2022 15:00,44.894
2/27/2022 16:00,0.063
2/27/2022 17:00,0
2/27/2022 18:00,0
2/27/2022 19:00,0
2/27/2022 20:00,0
2/27/2022 21:00,0
2/27/2022 22:00,0
2/27/2022 23:00,0
2/28/2022 0:00,0
2/28/2022 1:00,0
2/28/2022 2:00,0
2/28/2022 3:00,0
2/28/2022 4:00,0.454
2/28/2022 5:00,46.549
2/28/2022 6:00,147.575
2/28/2022 7:00,249.93
2/28/2022 8:00,335.056
2/28/2022 9:00,385.087
2/28/2022 10:00,379.975
2/28/2022 11:00,346.636
2/28/2022 12:00,300.471
2/28/2022 13:00,219.512
2/28/2022 14:00,116.124
2/28/2022 15:00,27.062
2/28/2022 16:00,0.075
2/28/2022 17:00,0
2/28/2022 18:00,0
2/28/2022 19:00,0
2/28/2022 20:00,0
2/28/2022 21:00,0
2/28/2022 22:00,0
2/28/2022 23:00,0
3/1/2022 0:00,0
3/1/2022 1:00,0
3/1/2022 2:00,0
3/1/2022 3:00,0
3/1/2022 4:00,0.571
3/1/2022 5:00,39.37
3/1/2022 6:00,126.636
3/1/2022 7:00,216.306
3/1/2022 8:00,296.922
3/1/2022 9:00,357.983
3/1/2022 10:00,405.153
3/1/2022 11:00,380.746
3/1/2022 12:00,329.7
3/1/2022 13:00,231.948
3/1/2022 14:00,124.633
3/1/2022 15:00,33.311
3/1/2022 16:00,0.084
3/1/2022 17:00,0
3/1/2022 18:00,0
3/1/2022 19:00,0
3/1/2022 20:00,0
3/1/2022 21:00,0
3/1/2022 22:00,0
3/1/2022 23:00,0
3/2/2022 0:00,0
3/2/2022 1:00,0
3/2/2022 2:00,0
3/2/2022 3:00,0
3/2/2022 4:00,0.742
3/2/2022 5:00,48.45
3/2/2022 6:00,159.028
3/2/2022 7:00,288.389
3/2/2022 8:00,382.784
3/2/2022 9:00,438.121
3/2/2022 10:00,467.564
3/2/2022 11:00,464.035
3/2/2022 12:00,402.303
3/2/2022 13:00,304.383
3/2/2022 14:00,176.107
3/2/2022 15:00,52.713
3/2/2022 16:00,0.264
3/2/2022 17:00,0
3/2/2022 18:00,0
3/2/2022 19:00,0
3/2/2022 20:00,0
3/2/2022 21:00,0
3/2/2022 22:00,0
3/2/2022 23:00,0
3/3/2022 0:00,0
3/3/2022 1:00,0
3/3/2022 2:00,0
3/3/2022 3:00,0
3/3/2022 4:00,1.693
3/3/2022 5:00,97.734
3/3/2022 6:00,290.421
3/3/2022 7:00,473.136
3/3/2022 8:00,614.768
3/3/2022 9:00,690.801
3/3/2022 10:00,720.241
3/3/2022 11:00,688.737
3/3/2022 12:00,594.291
3/3/2022 13:00,446.476
3/3/2022 14:00,258.567
3/3/2022 15:00,73.476
3/3/2022 16:00,0.292
3/3/2022 17:00,0
3/3/2022 18:00,0
3/3/2022 19:00,0
3/3/2022 20:00,0
3/3/2022 21:00,0
3/3/2022 22:00,0
3/3/2022 23:00,0
3/4/2022 0:00,0
3/4/2022 1:00,0
3/4/2022 2:00,0
3/4/2022 3:00,0
3/4/2022 4:00,1.158
3/4/2022 5:00,44.533
3/4/2022 6:00,143.803
3/4/2022 7:00,302.069
3/4/2022 8:00,432.001
3/4/2022 9:00,490.336
3/4/2022 10:00,511.855
3/4/2022 11:00,470.554
3/4/2022 12:00,381.708
3/4/2022 13:00,276.51
3/4/2022 14:00,153.518
3/4/2022 15:00,44.893
3/4/2022 16:00,0.299
3/4/2022 17:00,0
3/4/2022 18:00,0
3/4/2022 19:00,0
3/4/2022 20:00,0
3/4/2022 21:00,0
3/4/2022 22:00,0
3/4/2022 23:00,0
3/5/2022 0:00,0
3/5/2022 1:00,0
3/5/2022 2:00,0
3/5/2022 3:00,0
3/5/2022 4:00,1.202
3/5/2022 5:00,43.891
3/5/2022 6:00,139.319
3/5/2022 7:00,224.085
3/5/2022 8:00,276.272
3/5/2022 9:00,293.789
3/5/2022 10:00,294.932
3/5/2022 11:00,283.237
3/5/2022 12:00,247.923
3/5/2022 13:00,201.06
3/5/2022 14:00,113.637
3/5/2022 15:00,30.747
3/5/2022 16:00,0.217
3/5/2022 17:00,0
3/5/2022 18:00,0
3/5/2022 19:00,0
3/5/2022 20:00,0
3/5/2022 21:00,0
3/5/2022 22:00,0
3/5/2022 23:00,0
3/6/2022 0:00,0
3/6/2022 1:00,0
3/6/2022 2:00,0
3/6/2022 3:00,0
3/6/2022 4:00,1.067
3/6/2022 5:00,46.967
3/6/2022 6:00,145.968
3/6/2022 7:00,266.734
3/6/2022 8:00,362.198
3/6/2022 9:00,448.151
3/6/2022 10:00,497.229
3/6/2022 11:00,497.939
3/6/2022 12:00,437.193
3/6/2022 13:00,310.557
3/6/2022 14:00,173.212
3/6/2022 15:00,52.145
3/6/2022 16:00,0.733
3/6/2022 17:00,0
3/6/2022 18:00,0
3/6/2022 19:00,0
3/6/2022 20:00,0
3/6/2022 21:00,0
3/6/2022 22:00,0
3/6/2022 23:00,0
3/7/2022 0:00,0
3/7/2022 1:00,0
3/7/2022 2:00,0
3/7/2022 3:00,0
3/7/2022 4:00,2.645
3/7/2022 5:00,83.958
3/7/2022 6:00,233.891
3/7/2022 7:00,384.391
3/7/2022 8:00,500.652
3/7/2022 9:00,565.623
3/7/2022 10:00,578.24
3/7/2022 11:00,546.111
3/7/2022 12:00,462.123
3/7/2022 13:00,338.761
3/7/2022 14:00,190.984
3/7/2022 15:00,62.702
3/7/2022 16:00,0.801
3/7/2022 17:00,0
3/7/2022 18:00,0
3/7/2022 19:00,0
3/7/2022 20:00,0
3/7/2022 21:00,0
3/7/2022 22:00,0
3/7/2022 23:00,0
3/8/2022 0:00,0
3/8/2022 1:00,0
3/8/2022 2:00,0
3/8/2022 3:00,0
3/8/2022 4:00,2.789
3/8/2022 5:00,74.336
3/8/2022 6:00,202.801
3/8/2022 7:00,328.962
3/8/2022 8:00,417.806
3/8/2022 9:00,472.702
3/8/2022 10:00,485.478
3/8/2022 11:00,439.824
3/8/2022 12:00,371.726
3/8/2022 13:00,267.023
3/8/2022 14:00,153.577
3/8/2022 15:00,52.93
3/8/2022 16:00,0.915
3/8/2022 17:00,0
3/8/2022 18:00,0
3/8/2022 19:00,0
3/8/2022 20:00,0
3/8/2022 21:00,0
3/8/2022 22:00,0
3/8/2022 23:00,0
3/9/2022 0:00,0
3/9/2022 1:00,0
3/9/2022 2:00,0
3/9/2022 3:00,0
3/9/2022 4:00,3.008
3/9/2022 5:00,63.303
3/9/2022 6:00,157.535
3/9/2022 7:00,246.685
3/9/2022 8:00,316.888
3/9/2022 9:00,362.245
3/9/2022 10:00,373.382
3/9/2022 11:00,344.552
3/9/2022 12:00,297.978
3/9/2022 13:00,216.957
3/9/2022 14:00,130.318
3/9/2022 15:00,45.204
3/9/2022 16:00,0.908
3/9/2022 17:00,0
3/9/2022 18:00,0
3/9/2022 19:00,0
3/9/2022 20:00,0
3/9/2022 21:00,0
3/9/2022 22:00,0
3/9/2022 23:00,0
3/10/2022 0:00,0
3/10/2022 1:00,0
3/10/2022 2:00,0
3/10/2022 3:00,0
3/10/2022 4:00,3.252
3/10/2022 5:00,82.529
3/10/2022 6:00,226.477
3/10/2022 7:00,349.183
3/10/2022 8:00,436.238
3/10/2022 9:00,461.068
3/10/2022 10:00,447.936
3/10/2022 11:00,427.724
3/10/2022 12:00,361.004
3/10/2022 13:00,272.16
3/10/2022 14:00,170.253
3/10/2022 15:00,62.286
3/10/2022 16:00,1.503
3/10/2022 17:00,0
3/10/2022 18:00,0
3/10/2022 19:00,0
3/10/2022 20:00,0
3/10/2022 21:00,0
3/10/2022 22:00,0
3/10/2022 23:00,0
3/11/2022 0:00,0
3/11/2022 1:00,0
3/11/2022 2:00,0
3/11/2022 3:00,0
3/11/2022 4:00,5.251
3/11/2022 5:00,115.71
3/11/2022 6:00,291.041
3/11/2022 7:00,437.448
3/11/2022 8:00,524.847
3/11/2022 9:00,573.564
3/11/2022 10:00,566.232
3/11/2022 11:00,521.615
3/11/2022 12:00,456.494
3/11/2022 13:00,329.714
3/11/2022 14:00,195.959
3/11/2022 15:00,80.555
3/11/2022 16:00,2.303
3/11/2022 17:00,0
3/11/2022 18:00,0
3/11/2022 19:00,0
3/11/2022 20:00,0
3/11/2022 21:00,0
3/11/2022 22:00,0
3/11/2022 23:00,0
3/12/2022 0:00,0
3/12/2022 1:00,0
3/12/2022 2:00,0
3/12/2022 3:00,0
3/12/2022 4:00,5.492
3/12/2022 5:00,105.489
3/12/2022 6:00,263.961
3/12/2022 7:00,396.22
3/12/2022 8:00,496.579
3/12/2022 9:00,531.064
3/12/2022 10:00,530.762
3/12/2022 11:00,469.7
3/12/2022 12:00,376.332
3/12/2022 13:00,290.552
3/12/2022 14:00,187.783
3/12/2022 15:00,71.61
3/12/2022 16:00,2.513
3/12/2022 17:00,0
3/12/2022 18:00,0
3/12/2022 19:00,0
3/12/2022 20:00,0
3/12/2022 21:00,0
3/12/2022 22:00,0
3/12/2022 23:00,0
3/13/2022 0:00,0
3/13/2022 1:00,0
3/13/2022 2:00,0
3/13/2022 3:00,0
3/13/2022 4:00,8.423
3/13/2022 5:00,142.541
3/13/2022 6:00,342.14
3/13/2022 7:00,519.371
3/13/2022 8:00,650.317
3/13/2022 9:00,728.255
3/13/2022 10:00,749.295
3/13/2022 11:00,691.724
3/13/2022 12:00,570.391
3/13/2022 13:00,442.392
3/13/2022 14:00,265.143
3/13/2022 15:00,95.105
3/13/2022 16:00,3.722
3/13/2022 17:00,0
3/13/2022 18:00,0
3/13/2022 19:00,0
3/13/2022 20:00,0
3/13/2022 21:00,0
3/13/2022 22:00,0
3/13/2022 23:00,0
3/14/2022 0:00,0
3/14/2022 1:00,0
3/14/2022 2:00,0
3/14/2022 3:00,0
3/14/2022 4:00,8.438
3/14/2022 5:00,134.774
3/14/2022 6:00,321.093
3/14/2022 7:00,478.333
3/14/2022 8:00,589.994
3/14/2022 9:00,657.296
3/14/2022 10:00,670.423
3/14/2022 11:00,635.648
3/14/2022 12:00,549.705
3/14/2022 13:00,417.529
3/14/2022 14:00,265.902
3/14/2022 15:00,108.918
3/14/2022 16:00,4.529
3/14/2022 17:00,0
3/14/2022 18:00,0
3/14/2022 19:00,0
3/14/2022 20:00,0
3/14/2022 21:00,0
3/14/2022 22:00,0
3/14/2022 23:00,0
3/15/2022 0:00,0
3/15/2022 1:00,0
3/15/2022 2:00,0
3/15/2022 3:00,0
3/15/2022 4:00,9.832
3/15/2022 5:00,137.151
3/15/2022 6:00,332.845
3/15/2022 7:00,525.194
3/15/2022 8:00,666.602
3/15/2022 9:00,772.992
3/15/2022 10:00,814.732
3/15/2022 11:00,786.346
3/15/2022 12:00,687.755
3/15/2022 13:00,533.485
3/15/2022 14:00,339.529
3/15/2022 15:00,133.019
3/15/2022 16:00,5.799
3/15/2022 17:00,0
3/15/2022 18:00,0
3/15/2022 19:00,0
3/15/2022 20:00,0
3/15/2022 21:00,0
3/15/2022 22:00,0
3/15/2022 23:00,0
3/16/2022 0:00,0
3/16/2022 1:00,0
3/16/2022 2:00,0
3/16/2022 3:00,0
3/16/2022 4:00,9.182
3/16/2022 5:00,106.75
3/16/2022 6:00,251.647
3/16/2022 7:00,451.64
3/16/2022 8:00,645.953
3/16/2022 9:00,729.684
3/16/2022 10:00,756.882
3/16/2022 11:00,716.724
3/16/2022 12:00,604.773
3/16/2022 13:00,448.54
3/16/2022 14:00,271.572
3/16/2022 15:00,103.402
3/16/2022 16:00,4.888
3/16/2022 17:00,0
3/16/2022 18:00,0
3/16/2022 19:00,0
3/16/2022 20:00,0
3/16/2022 21:00,0
3/16/2022 22:00,0
3/16/2022 23:00,0
3/17/2022 0:00,0
3/17/2022 1:00,0
3/17/2022 2:00,0
3/17/2022 3:00,0
3/17/2022 4:00,8.319
3/17/2022 5:00,107.977
3/17/2022 6:00,275.075
3/17/2022 7:00,447.639
3/17/2022 8:00,572.505
3/17/2022 9:00,651.967
3/17/2022 10:00,639.34
3/17/2022 11:00,563.871
3/17/2022 12:00,442.466
3/17/2022 13:00,295.547
3/17/2022 14:00,165.376
3/17/2022 15:00,67.023
3/17/2022 16:00,3.521
3/17/2022 17:00,0
3/17/2022 18:00,0
3/17/2022 19:00,0
3/17/2022 20:00,0
3/17/2022 21:00,0
3/17/2022 22:00,0
3/17/2022 23:00,0
3/18/2022 0:00,0
3/18/2022 1:00,0
3/18/2022 2:00,0
3/18/2022 3:00,0
3/18/2022 4:00,9.641
3/18/2022 5:00,103.973
3/18/2022 6:00,258.211
3/18/2022 7:00,418.091
3/18/2022 8:00,539.348
3/18/2022 9:00,606.558
3/18/2022 10:00,708.967
3/18/2022 11:00,675.044
3/18/2022 12:00,583.066
3/18/2022 13:00,452.221
3/18/2022 14:00,286.149
3/18/2022 15:00,112.608
3/18/2022 16:00,6.54
3/18/2022 17:00,0
3/18/2022 18:00,0
3/18/2022 19:00,0
3/18/2022 20:00,0
3/18/2022 21:00,0
3/18/2022 22:00,0
3/18/2022 23:00,0
3/19/2022 0:00,0
3/19/2022 1:00,0
3/19/2022 2:00,0
3/19/2022 3:00,0
3/19/2022 4:00,13.707
3/19/2022 5:00,148.955
3/19/2022 6:00,332.592
3/19/2022 7:00,501.592
3/19/2022 8:00,611.687
3/19/2022 9:00,680.573
3/19/2022 10:00,729.191
3/19/2022 11:00,701.3
3/19/2022 12:00,592.288
3/19/2022 13:00,444.367
3/19/2022 14:00,280.674
3/19/2022 15:00,112.986
3/19/2022 16:00,7.237
3/19/2022 17:00,0
3/19/2022 18:00,0
3/19/2022 19:00,0
3/19/2022 20:00,0
3/19/2022 21:00,0
3/19/2022 22:00,0
3/19/2022 23:00,0
3/20/2022 0:00,0
3/20/2022 1:00,0
3/20/2022 2:00,0
3/20/2022 3:00,0
3/20/2022 4:00,12.367
3/20/2022 5:00,129.294
3/20/2022 6:00,301.416
3/20/2022 7:00,461.275
3/20/2022 8:00,586.147
3/20/2022 9:00,665.331
3/20/2022 10:00,708.024
3/20/2022 11:00,685.226
3/20/2022 12:00,586.551
3/20/2022 13:00,452.732
3/20/2022 14:00,282.774
3/20/2022 15:00,114.551
3/20/2022 16:00,8.284
3/20/2022 17:00,0
3/20/2022 18:00,0
3/20/2022 19:00,0
3/20/2022 20:00,0
3/20/2022 21:00,0
3/20/2022 22:00,0
3/20/2022 23:00,0
3/21/2022 0:00,0
3/21/2022 1:00,0
3/21/2022 2:00,0
3/21/2022 3:00,0
3/21/2022 4:00,16.512
3/21/2022 5:00,156.867
3/21/2022 6:00,344.841
3/21/2022 7:00,505.424
3/21/2022 8:00,623.066
3/21/2022 9:00,687.496
3/21/2022 10:00,719.731
3/21/2022 11:00,684.209
3/21/2022 12:00,592.85
3/21/2022 13:00,455.308
3/21/2022 14:00,291.953
3/21/2022 15:00,121.224
3/21/2022 16:00,8.81
3/21/2022 17:00,0
3/21/2022 18:00,0
3/21/2022 19:00,0
3/21/2022 20:00,0
3/21/2022 21:00,0
3/21/2022 22:00,0
3/21/2022 23:00,0
3/22/2022 0:00,0
3/22/2022 1:00,0
3/22/2022 2:00,0
3/22/2022 3:00,0
3/22/2022 4:00,16.287
3/22/2022 5:00,159.719
3/22/2022 6:00,366.686
3/22/2022 7:00,548.153
3/22/2022 8:00,693.11
3/22/2022 9:00,783.44
3/22/2022 10:00,809.693
3/22/2022 11:00,775.839
3/22/2022 12:00,664.779
3/22/2022 13:00,487.033
3/22/2022 14:00,266.056
3/22/2022 15:00,100.694
3/22/2022 16:00,7.87
3/22/2022 17:00,0
3/22/2022 18:00,0
3/22/2022 19:00,0
3/22/2022 20:00,0
3/22/2022 21:00,0
3/22/2022 22:00,0
3/22/2022 23:00,0
3/23/2022 0:00,0
3/23/2022 1:00,0
3/23/2022 2:00,0
3/23/2022 3:00,0
3/23/2022 4:00,17.017
3/23/2022 5:00,151.047
3/23/2022 6:00,335.366
3/23/2022 7:00,483.863
3/23/2022 8:00,605.96
3/23/2022 9:00,696.503
3/23/2022 10:00,728.87
3/23/2022 11:00,686.161
3/23/2022 12:00,605.079
3/23/2022 13:00,491.202
3/23/2022 14:00,325.78
3/23/2022 15:00,153.19
3/23/2022 16:00,14.089
3/23/2022 17:00,0
3/23/2022 18:00,0
3/23/2022 19:00,0
3/23/2022 20:00,0
3/23/2022 21:00,0
3/23/2022 22:00,0
3/23/2022 23:00,0
3/24/2022 0:00,0
3/24/2022 1:00,0
3/24/2022 2:00,0
3/24/2022 3:00,0
3/24/2022 4:00,23.778
3/24/2022 5:00,190.946
3/24/2022 6:00,400.078
3/24/2022 7:00,589.699
3/24/2022 8:00,738.381
3/24/2022 9:00,832.084
3/24/2022 10:00,862.041
3/24/2022 11:00,825.608
3/24/2022 12:00,725.676
3/24/2022 13:00,571.961
3/24/2022 14:00,378.7
3/24/2022 15:00,169.468
3/24/2022 16:00,15.954
3/24/2022 17:00,0
3/24/2022 18:00,0
3/24/2022 19:00,0
3/24/2022 20:00,0
3/24/2022 21:00,0
3/24/2022 22:00,0
3/24/2022 23:00,0
3/25/2022 0:00,0
3/25/2022 1:00,0
3/25/2022 2:00,0
3/25/2022 3:00,0
3/25/2022 4:00,25.273
3/25/2022 5:00,190.462
3/25/2022 6:00,396.786
3/25/2022 7:00,588.173
3/25/2022 8:00,743.446
3/25/2022 9:00,834.668
3/25/2022 10:00,862.203
3/25/2022 11:00,824.243
3/25/2022 12:00,723.823
3/25/2022 13:00,568.807
3/25/2022 14:00,374.274
3/25/2022 15:00,167.374
3/25/2022 16:00,16.611
3/25/2022 17:00,0
3/25/2022 18:00,0
3/25/2022 19:00,0
3/25/2022 20:00,0
3/25/2022 21:00,0
3/25/2022 22:00,0
3/25/2022 23:00,0
3/26/2022 0:00,0
3/26/2022 1:00,0
3/26/2022 2:00,0
3/26/2022 3:00,0
3/26/2022 4:00,26.649
3/26/2022 5:00,193.99
3/26/2022 6:00,403.14
3/26/2022 7:00,593.434
3/26/2022 8:00,741.917
3/26/2022 9:00,834.652
3/26/2022 10:00,863.292
3/26/2022 11:00,824.228
3/26/2022 12:00,719.977
3/26/2022 13:00,565.709
3/26/2022 14:00,373.909
3/26/2022 15:00,168.214
3/26/2022 16:00,17.279
3/26/2022 17:00,0
3/26/2022 18:00,0
3/26/2022 19:00,0
3/26/2022 20:00,0
3/26/2022 21:00,0
3/26/2022 22:00,0
3/26/2022 23:00,0
3/27/2022 0:00,0
3/27/2022 1:00,0
3/27/2022 2:00,0
3/27/2022 3:00,0
3/27/2022 4:00,27.136
3/27/2022 5:00,189.357
3/27/2022 6:00,396.981
3/27/2022 7:00,587.671
3/27/2022 8:00,733.957
3/27/2022 9:00,819.575
3/27/2022 10:00,843.225
3/27/2022 11:00,799.743
3/27/2022 12:00,694.667
3/27/2022 13:00,531.17
3/27/2022 14:00,340.99
3/27/2022 15:00,144.598
3/27/2022 16:00,14.43
3/27/2022 17:00,0
3/27/2022 18:00,0
3/27/2022 19:00,0
3/27/2022 20:00,0
3/27/2022 21:00,0
3/27/2022 22:00,0
3/27/2022 23:00,0
3/28/2022 0:00,0
3/28/2022 1:00,0
3/28/2022 2:00,0
3/28/2022 3:00,0
3/28/2022 4:00,14.775
3/28/2022 5:00,81.322
3/28/2022 6:00,175.159
3/28/2022 7:00,278.722
3/28/2022 8:00,363.319
3/28/2022 9:00,487.981
3/28/2022 10:00,572.879
3/28/2022 11:00,452.419
3/28/2022 12:00,409.488
3/28/2022 13:00,364.617
3/28/2022 14:00,231.358
3/28/2022 15:00,93.89
3/28/2022 16:00,10.102
3/28/2022 17:00,0
3/28/2022 18:00,0
3/28/2022 19:00,0
3/28/2022 20:00,0
3/28/2022 21:00,0
3/28/2022 22:00,0
3/28/2022 23:00,0
3/29/2022 0:00,0
3/29/2022 1:00,0
3/29/2022 2:00,0
3/29/2022 3:00,0
3/29/2022 4:00,17.272
3/29/2022 5:00,121.717
3/29/2022 6:00,288.627
3/29/2022 7:00,476.202
3/29/2022 8:00,635.034
3/29/2022 9:00,752.828
3/29/2022 10:00,784.689
3/29/2022 11:00,741.02
3/29/2022 12:00,629.98
3/29/2022 13:00,482.852
3/29/2022 14:00,310.098
3/29/2022 15:00,137.018
3/29/2022 16:00,16.437
3/29/2022 17:00,0
3/29/2022 18:00,0
3/29/2022 19:00,0
3/29/2022 20:00,0
3/29/2022 21:00,0
3/29/2022 22:00,0
3/29/2022 23:00,0
3/30/2022 0:00,0
3/30/2022 1:00,0
3/30/2022 2:00,0
3/30/2022 3:00,0.001
3/30/2022 4:00,26.747
3/30/2022 5:00,167.56
3/30/2022 6:00,350.502
3/30/2022 7:00,529.722
3/30/2022 8:00,640.163
3/30/2022 9:00,701.316
3/30/2022 10:00,685.08
3/30/2022 11:00,745.777
3/30/2022 12:00,653.245
3/30/2022 13:00,499.621
3/30/2022 14:00,312.503
3/30/2022 15:00,135.224
3/30/2022 16:00,14.96
3/30/2022 17:00,0
3/30/2022 18:00,0
3/30/2022 19:00,0
3/30/2022 20:00,0
3/30/2022 21:00,0
3/30/2022 22:00,0
3/30/2022 23:00,0
3/31/2022 0:00,0
3/31/2022 1:00,0
3/31/2022 2:00,0
3/31/2022 3:00,0.002
3/31/2022 4:00,12.943
3/31/2022 5:00,68.418
3/31/2022 6:00,171.566
3/31/2022 7:00,324.549
3/31/2022 8:00,461.666
3/31/2022 9:00,558.47
3/31/2022 10:00,501.549
3/31/2022 11:00,352.484
3/31/2022 12:00,227.41
3/31/2022 13:00,194.094
3/31/2022 14:00,193.451
3/31/2022 15:00,83.735
3/31/2022 16:00,11.67
3/31/2022 17:00,0
3/31/2022 18:00,0
3/31/2022 19:00,0
3/31/2022 20:00,0
3/31/2022 21:00,0
3/31/2022 22:00,0
3/31/2022 23:00,0
4/1/2022 0:00,0
4/1/2022 1:00,0
4/1/2022 2:00,0
4/1/2022 3:00,0.002
4/1/2022 4:00,20.846
4/1/2022 5:00,121.537
4/1/2022 6:00,285.25
4/1/2022 7:00,435.135
4/1/2022 8:00,613.255
4/1/2022 9:00,731.95
4/1/2022 10:00,759.353
4/1/2022 11:00,748.834
4/1/2022 12:00,663.828
4/1/2022 13:00,513.431
4/1/2022 14:00,338.733
4/1/2022 15:00,155.39
4/1/2022 16:00,21.675
4/1/2022 17:00,0
4/1/2022 18:00,0
4/1/2022 19:00,0
4/1/2022 20:00,0
4/1/2022 21:00,0
4/1/2022 22:00,0
4/1/2022 23:00,0
4/2/2022 0:00,0
4/2/2022 1:00,0
4/2/2022 2:00,0
4/2/2022 3:00,0.004
4/2/2022 4:00,38.541
4/2/2022 5:00,210.034
4/2/2022 6:00,420.711
4/2/2022 7:00,602.802
4/2/2022 8:00,720.34
4/2/2022 9:00,760.216
4/2/2022 10:00,733.027
4/2/2022 11:00,664.62
4/2/2022 12:00,550.599
4/2/2022 13:00,465.754
4/2/2022 14:00,352.669
4/2/2022 15:00,172.928
4/2/2022 16:00,25.797
4/2/2022 17:00,0
4/2/2022 18:00,0
4/2/2022 19:00,0
4/2/2022 20:00,0
4/2/2022 21:00,0
4/2/2022 22:00,0
4/2/2022 23:00,0
4/3/2022 0:00,0
4/3/2022 1:00,0
4/3/2022 2:00,0
4/3/2022 3:00,0.007
4/3/2022 4:00,40.353
4/3/2022 5:00,209.913
4/3/2022 6:00,411.98
4/3/2022 7:00,592.375
4/3/2022 8:00,706.719
4/3/2022 9:00,745.054
4/3/2022 10:00,733.312
4/3/2022 11:00,671.417
4/3/2022 12:00,562.439
4/3/2022 13:00,434.404
4/3/2022 14:00,270.913
4/3/2022 15:00,121.154
4/3/2022 16:00,21.879
4/3/2022 17:00,0
4/3/2022 18:00,0
4/3/2022 19:00,0
4/3/2022 20:00,0
4/3/2022 21:00,0
4/3/2022 22:00,0
4/3/2022 23:00,0
4/4/2022 0:00,0
4/4/2022 1:00,0
4/4/2022 2:00,0
4/4/2022 3:00,0.011
4/4/2022 4:00,31.203
4/4/2022 5:00,146.71
4/4/2022 6:00,240.973
4/4/2022 7:00,354.729
4/4/2022 8:00,496.784
4/4/2022 9:00,576.912
4/4/2022 10:00,572.995
4/4/2022 11:00,520.409
4/4/2022 12:00,426.943
4/4/2022 13:00,305.332
4/4/2022 14:00,186.136
4/4/2022 15:00,79.994
4/4/2022 16:00,13.186
4/4/2022 17:00,0
4/4/2022 18:00,0
4/4/2022 19:00,0
4/4/2022 20:00,0
4/4/2022 21:00,0
4/4/2022 22:00,0
4/4/2022 23:00,0
4/5/2022 0:00,0
4/5/2022 1:00,0
4/5/2022 2:00,0
4/5/2022 3:00,0.011
4/5/2022 4:00,20.826
4/5/2022 5:00,107.694
4/5/2022 6:00,270.583
4/5/2022 7:00,458.384
4/5/2022 8:00,608.879
4/5/2022 9:00,721.986
4/5/2022 10:00,750.793
4/5/2022 11:00,716.554
4/5/2022 12:00,626.36
4/5/2022 13:00,493.923
4/5/2022 14:00,334.109
4/5/2022 15:00,163.3
4/5/2022 16:00,27.421
4/5/2022 17:00,0
4/5/2022 18:00,0
4/5/2022 19:00,0
4/5/2022 20:00,0
4/5/2022 21:00,0
4/5/2022 22:00,0
4/5/2022 23:00,0
4/6/2022 0:00,0
4/6/2022 1:00,0
4/6/2022 2:00,0
4/6/2022 3:00,0.024
4/6/2022 4:00,41.036
4/6/2022 5:00,201.239
4/6/2022 6:00,399.978
4/6/2022 7:00,586.445
4/6/2022 8:00,734.391
4/6/2022 9:00,826.868
4/6/2022 10:00,854.145
4/6/2022 11:00,814.324
4/6/2022 12:00,710.586
4/6/2022 13:00,551.623
4/6/2022 14:00,358.517
4/6/2022 15:00,164.33
4/6/2022 16:00,26.571
4/6/2022 17:00,0
4/6/2022 18:00,0
4/6/2022 19:00,0
4/6/2022 20:00,0
4/6/2022 21:00,0
4/6/2022 22:00,0
4/6/2022 23:00,0
4/7/2022 0:00,0
4/7/2022 1:00,0
4/7/2022 2:00,0
4/7/2022 3:00,0.017
4/7/2022 4:00,26.437
4/7/2022 5:00,129.082
4/7/2022 6:00,271.839
4/7/2022 7:00,460.619
4/7/2022 8:00,623.953
4/7/2022 9:00,727.961
4/7/2022 10:00,726.315
4/7/2022 11:00,714.93
4/7/2022 12:00,656.278
4/7/2022 13:00,544.336
4/7/2022 14:00,381.061
4/7/2022 15:00,193.068
4/7/2022 16:00,34.715
4/7/2022 17:00,0
4/7/2022 18:00,0
4/7/2022 19:00,0
4/7/2022 20:00,0
4/7/2022 21:00,0
4/7/2022 22:00,0
4/7/2022 23:00,0
4/8/2022 0:00,0
4/8/2022 1:00,0
4/8/2022 2:00,0
4/8/2022 3:00,0.051
4/8/2022 4:00,52.713
4/8/2022 5:00,235.817
4/8/2022 6:00,448.656
4/8/2022 7:00,641
4/8/2022 8:00,788.258
4/8/2022 9:00,878.819
4/8/2022 10:00,904.246
4/8/2022 11:00,869.757
4/8/2022 12:00,772.168
4/8/2022 13:00,622.225
4/8/2022 14:00,437.256
4/8/2022 15:00,228.587
4/8/2022 16:00,45.37
4/8/2022 17:00,0.002
4/8/2022 18:00,0
4/8/2022 19:00,0
4/8/2022 20:00,0
4/8/2022 21:00,0
4/8/2022 22:00,0
4/8/2022 23:00,0
4/9/2022 0:00,0
4/9/2022 1:00,0
4/9/2022 2:00,0
4/9/2022 3:00,0.073
4/9/2022 4:00,62.386
4/9/2022 5:00,256.091
4/9/2022 6:00,465.201
4/9/2022 7:00,650.894
4/9/2022 8:00,794.412
4/9/2022 9:00,877.437
4/9/2022 10:00,886.882
4/9/2022 11:00,841.588
4/9/2022 12:00,746.773
4/9/2022 13:00,605.425
4/9/2022 14:00,416.774
4/9/2022 15:00,222.141
4/9/2022 16:00,46.126
4/9/2022 17:00,0.004
4/9/2022 18:00,0
4/9/2022 19:00,0
4/9/2022 20:00,0
4/9/2022 21:00,0
4/9/2022 22:00,0
4/9/2022 23:00,0
4/10/2022 0:00,0
4/10/2022 1:00,0
4/10/2022 2:00,0
4/10/2022 3:00,0.092
4/10/2022 4:00,57.882
4/10/2022 5:00,232.267
4/10/2022 6:00,414.21
4/10/2022 7:00,572.907
4/10/2022 8:00,702.604
4/10/2022 9:00,775.915
4/10/2022 10:00,801.053
4/10/2022 11:00,759.311
4/10/2022 12:00,675.164
4/10/2022 13:00,550.536
4/10/2022 14:00,391.521
4/10/2022 15:00,203.377
4/10/2022 16:00,42.732
4/10/2022 17:00,0.007
4/10/2022 18:00,0
4/10/2022 19:00,0
4/10/2022 20:00,0
4/10/2022 21:00,0
4/10/2022 22:00,0
4/10/2022 23:00,0
4/11/2022 0:00,0
4/11/2022 1:00,0
4/11/2022 2:00,0
4/11/2022 3:00,0.105
4/11/2022 4:00,62.918
4/11/2022 5:00,247.741
4/11/2022 6:00,459.743
4/11/2022 7:00,650.412
4/11/2022 8:00,794.603
4/11/2022 9:00,884.364
4/11/2022 10:00,911.707
4/11/2022 11:00,875.38
4/11/2022 12:00,782.518
4/11/2022 13:00,638.71
4/11/2022 14:00,451.905
4/11/2022 15:00,243.867
4/11/2022 16:00,54.908
4/11/2022 17:00,0.016
4/11/2022 18:00,0
4/11/2022 19:00,0
4/11/2022 20:00,0
4/11/2022 21:00,0
4/11/2022 22:00,0
4/11/2022 23:00,0
4/12/2022 0:00,0
4/12/2022 1:00,0
4/12/2022 2:00,0
4/12/2022 3:00,0.19
4/12/2022 4:00,74.569
4/12/2022 5:00,274.994
4/12/2022 6:00,486.669
4/12/2022 7:00,674.186
4/12/2022 8:00,819.215
4/12/2022 9:00,909.724
4/12/2022 10:00,937.996
4/12/2022 11:00,901.64
4/12/2022 12:00,803.738
4/12/2022 13:00,652.742
4/12/2022 14:00,461.234
4/12/2022 15:00,248.838
4/12/2022 16:00,57.128
4/12/2022 17:00,0.026
4/12/2022 18:00,0
4/12/2022 19:00,0
4/12/2022 20:00,0
4/12/2022 21:00,0
4/12/2022 22:00,0
4/12/2022 23:00,0
4/13/2022 0:00,0
4/13/2022 1:00,0
4/13/2022 2:00,0
4/13/2022 3:00,0.258
4/13/2022 4:00,74.127
4/13/2022 5:00,267.334
4/13/2022 6:00,475.428
4/13/2022 7:00,660.156
4/13/2022 8:00,801.634
4/13/2022 9:00,887.783
4/13/2022 10:00,908.565
4/13/2022 11:00,862.597
4/13/2022 12:00,754.324
4/13/2022 13:00,602.24
4/13/2022 14:00,418.314
4/13/2022 15:00,219.644
4/13/2022 16:00,50.726
4/13/2022 17:00,0.039
4/13/2022 18:00,0
4/13/2022 19:00,0
4/13/2022 20:00,0
4/13/2022 21:00,0
4/13/2022 22:00,0
4/13/2022 23:00,0
4/14/2022 0:00,0
4/14/2022 1:00,0
4/14/2022 2:00,0
4/14/2022 3:00,0.341
4/14/2022 4:00,74.074
4/14/2022 5:00,266.402
4/14/2022 6:00,478.397
4/14/2022 7:00,671.573
4/14/2022 8:00,816.65
4/14/2022 9:00,906.759
4/14/2022 10:00,930.958
4/14/2022 11:00,891.945
4/14/2022 12:00,794.354
4/14/2022 13:00,646.079
4/14/2022 14:00,457.669
4/14/2022 15:00,247.715
4/14/2022 16:00,59.727
4/14/2022 17:00,0.06
4/14/2022 18:00,0
4/14/2022 19:00,0
4/14/2022 20:00,0
4/14/2022 21:00,0
4/14/2022 22:00,0
4/14/2022 23:00,0
4/15/2022 0:00,0
4/15/2022 1:00,0
4/15/2022 2:00,0
4/15/2022 3:00,0.446
4/15/2022 4:00,77.258
4/15/2022 5:00,270.754
4/15/2022 6:00,482.974
4/15/2022 7:00,670.527
4/15/2022 8:00,813.613
4/15/2022 9:00,903.761
4/15/2022 10:00,932.402
4/15/2022 11:00,895.327
4/15/2022 12:00,791.497
4/15/2022 13:00,639
4/15/2022 14:00,446.094
4/15/2022 15:00,235.132
4/15/2022 16:00,55.741
4/15/2022 17:00,0.088
4/15/2022 18:00,0
4/15/2022 19:00,0
4/15/2022 20:00,0
4/15/2022 21:00,0
4/15/2022 22:00,0
4/15/2022 23:00,0
4/16/2022 0:00,0
4/16/2022 1:00,0
4/16/2022 2:00,0
4/16/2022 3:00,0.386
4/16/2022 4:00,40.555
4/16/2022 5:00,148.332
4/16/2022 6:00,285.976
4/16/2022 7:00,433.773
4/16/2022 8:00,568.216
4/16/2022 9:00,663.669
4/16/2022 10:00,693.751
4/16/2022 11:00,664.65
4/16/2022 12:00,589.374
4/16/2022 13:00,469.485
4/16/2022 14:00,312.288
4/16/2022 15:00,153.084
4/16/2022 16:00,34.635
4/16/2022 17:00,0.063
4/16/2022 18:00,0
4/16/2022 19:00,0
4/16/2022 20:00,0
4/16/2022 21:00,0
4/16/2022 22:00,0
4/16/2022 23:00,0
4/17/2022 0:00,0
4/17/2022 1:00,0
4/17/2022 2:00,0
4/17/2022 3:00,0.265
4/17/2022 4:00,34.787
4/17/2022 5:00,132.631
4/17/2022 6:00,233.552
4/17/2022 7:00,312.446
4/17/2022 8:00,393.65
4/17/2022 9:00,474.802
4/17/2022 10:00,501.593
4/17/2022 11:00,522.828
4/17/2022 12:00,420.543
4/17/2022 13:00,282.438
4/17/2022 14:00,194.428
4/17/2022 15:00,94.95
4/17/2022 16:00,21.62
4/17/2022 17:00,0.043
4/17/2022 18:00,0
4/17/2022 19:00,0
4/17/2022 20:00,0
4/17/2022 21:00,0
4/17/2022 22:00,0
4/17/2022 23:00,0
4/18/2022 0:00,0
4/18/2022 1:00,0
4/18/2022 2:00,0
4/18/2022 3:00,0.382
4/18/2022 4:00,34.438
4/18/2022 5:00,125.511
4/18/2022 6:00,226.339
4/18/2022 7:00,328.438
4/18/2022 8:00,387.798
4/18/2022 9:00,420.903
4/18/2022 10:00,399.81
4/18/2022 11:00,352.082
4/18/2022 12:00,298.147
4/18/2022 13:00,241.858
4/18/2022 14:00,165.977
4/18/2022 15:00,85.89
4/18/2022 16:00,20.798
4/18/2022 17:00,0.062
4/18/2022 18:00,0
4/18/2022 19:00,0
4/18/2022 20:00,0
4/18/2022 21:00,0
4/18/2022 22:00,0
4/18/2022 23:00,0
4/19/2022 0:00,0
4/19/2022 1:00,0
4/19/2022 2:00,0
4/19/2022 3:00,0.579
4/19/2022 4:00,44.218
4/19/2022 5:00,174.763
4/19/2022 6:00,342.205
4/19/2022 7:00,518.214
4/19/2022 8:00,657.348
4/19/2022 9:00,761.019
4/19/2022 10:00,793.491
4/19/2022 11:00,758.657
4/19/2022 12:00,669.835
4/19/2022 13:00,537.844
4/19/2022 14:00,381.052
4/19/2022 15:00,189.986
4/19/2022 16:00,51.278
4/19/2022 17:00,0.294
4/19/2022 18:00,0
4/19/2022 19:00,0
4/19/2022 20:00,0
4/19/2022 21:00,0
4/19/2022 22:00,0
4/19/2022 23:00,0
4/20/2022 0:00,0
4/20/2022 1:00,0
4/20/2022 2:00,0
4/20/2022 3:00,1.222
4/20/2022 4:00,81.526
4/20/2022 5:00,253.258
4/20/2022 6:00,454.529
4/20/2022 7:00,643.285
4/20/2022 8:00,787.685
4/20/2022 9:00,869.947
4/20/2022 10:00,892.577
4/20/2022 11:00,854.181
4/20/2022 12:00,765.248
4/20/2022 13:00,622.451
4/20/2022 14:00,444.393
4/20/2022 15:00,250.457
4/20/2022 16:00,70.196
4/20/2022 17:00,0.33
4/20/2022 18:00,0
4/20/2022 19:00,0
4/20/2022 20:00,0
4/20/2022 21:00,0
4/20/2022 22:00,0
4/20/2022 23:00,0
4/21/2022 0:00,0
4/21/2022 1:00,0
4/21/2022 2:00,0
4/21/2022 3:00,1.66
4/21/2022 4:00,90.907
4/21/2022 5:00,277.919
4/21/2022 6:00,466.996
4/21/2022 7:00,628.655
4/21/2022 8:00,735.225
4/21/2022 9:00,786.823
4/21/2022 10:00,781.204
4/21/2022 11:00,771.734
4/21/2022 12:00,695.652
4/21/2022 13:00,560.783
4/21/2022 14:00,379.12
4/21/2022 15:00,185.933
4/21/2022 16:00,51.988
4/21/2022 17:00,0.438
4/21/2022 18:00,0
4/21/2022 19:00,0
4/21/2022 20:00,0
4/21/2022 21:00,0
4/21/2022 22:00,0
4/21/2022 23:00,0
4/22/2022 0:00,0
4/22/2022 1:00,0
4/22/2022 2:00,0
4/22/2022 3:00,1.47
4/22/2022 4:00,67.777
4/22/2022 5:00,205.853
4/22/2022 6:00,346.107
4/22/2022 7:00,564.723
4/22/2022 8:00,763.496
4/22/2022 9:00,848.41
4/22/2022 10:00,869.897
4/22/2022 11:00,818.527
4/22/2022 12:00,704.251
4/22/2022 13:00,539.527
4/22/2022 14:00,365.434
4/22/2022 15:00,202.555
4/22/2022 16:00,59.679
4/22/2022 17:00,0.654
4/22/2022 18:00,0
4/22/2022 19:00,0
4/22/2022 20:00,0
4/22/2022 21:00,0
4/22/2022 22:00,0
4/22/2022 23:00,0
4/23/2022 0:00,0
4/23/2022 1:00,0
4/23/2022 2:00,0
4/23/2022 3:00,1.823
4/23/2022 4:00,77.239
4/23/2022 5:00,252.862
4/23/2022 6:00,459.932
4/23/2022 7:00,647.793
4/23/2022 8:00,782.522
4/23/2022 9:00,875.958
4/23/2022 10:00,908.206
4/23/2022 11:00,884.647
4/23/2022 12:00,795.213
4/23/2022 13:00,644.935
4/23/2022 14:00,456.03
4/23/2022 15:00,253.467
4/23/2022 16:00,74.184
4/23/2022 17:00,0.823
4/23/2022 18:00,0
4/23/2022 19:00,0
4/23/2022 20:00,0
4/23/2022 21:00,0
4/23/2022 22:00,0
4/23/2022 23:00,0
4/24/2022 0:00,0
4/24/2022 1:00,0
4/24/2022 2:00,0
4/24/2022 3:00,2.585
4/24/2022 4:00,99.052
4/24/2022 5:00,293.992
4/24/2022 6:00,500.702
4/24/2022 7:00,683.593
4/24/2022 8:00,824.966
4/24/2022 9:00,918.703
4/24/2022 10:00,943.97
4/24/2022 11:00,904.231
4/24/2022 12:00,808.338
4/24/2022 13:00,662.161
4/24/2022 14:00,476.592
4/24/2022 15:00,271.61
4/24/2022 16:00,82.806
4/24/2022 17:00,1.051
4/24/2022 18:00,0
4/24/2022 19:00,0
4/24/2022 20:00,0
4/24/2022 21:00,0
4/24/2022 22:00,0
4/24/2022 23:00,0
4/25/2022 0:00,0
4/25/2022 1:00,0
4/25/2022 2:00,0
4/25/2022 3:00,2.83
4/25/2022 4:00,80.206
4/25/2022 5:00,245.699
4/25/2022 6:00,463.179
4/25/2022 7:00,649.32
4/25/2022 8:00,792.718
4/25/2022 9:00,878.961
4/25/2022 10:00,909.535
4/25/2022 11:00,873.481
4/25/2022 12:00,782.369
4/25/2022 13:00,646.18
4/25/2022 14:00,465.297
4/25/2022 15:00,266.467
4/25/2022 16:00,82.415
4/25/2022 17:00,1.374
4/25/2022 18:00,0
4/25/2022 19:00,0
4/25/2022 20:00,0
4/25/2022 21:00,0
4/25/2022 22:00,0
4/25/2022 23:00,0
4/26/2022 0:00,0
4/26/2022 1:00,0
4/26/2022 2:00,0
4/26/2022 3:00,3.496
4/26/2022 4:00,109.125
4/26/2022 5:00,307.471
4/26/2022 6:00,512.444
4/26/2022 7:00,693.257
4/26/2022 8:00,828.242
4/26/2022 9:00,909.001
4/26/2022 10:00,934.533
4/26/2022 11:00,901.78
4/26/2022 12:00,806.353
4/26/2022 13:00,664.503
4/26/2022 14:00,485.496
4/26/2022 15:00,283.147
4/26/2022 16:00,92.689
4/26/2022 17:00,1.78
4/26/2022 18:00,0
4/26/2022 19:00,0
4/26/2022 20:00,0
4/26/2022 21:00,0
4/26/2022 22:00,0
4/26/2022 23:00,0
4/27/2022 0:00,0
4/27/2022 1:00,0
4/27/2022 2:00,0
4/27/2022 3:00,3.827
4/27/2022 4:00,106.267
4/27/2022 5:00,305.546
4/27/2022 6:00,515.912
4/27/2022 7:00,700.442
4/27/2022 8:00,840.704
4/27/2022 9:00,932.365
4/27/2022 10:00,959.411
4/27/2022 11:00,924.183
4/27/2022 12:00,829.348
4/27/2022 13:00,683.125
4/27/2022 14:00,498.03
4/27/2022 15:00,292.655
4/27/2022 16:00,96.902
4/27/2022 17:00,2.017
4/27/2022 18:00,0
4/27/2022 19:00,0
4/27/2022 20:00,0
4/27/2022 21:00,0
4/27/2022 22:00,0
4/27/2022 23:00,0
4/28/2022 0:00,0
4/28/2022 1:00,0
4/28/2022 2:00,0
4/28/2022 3:00,4.691
4/28/2022 4:00,115.009
4/28/2022 5:00,313.03
4/28/2022 6:00,518.399
4/28/2022 7:00,698.985
4/28/2022 8:00,836.565
4/28/2022 9:00,923.251
4/28/2022 10:00,945.602
4/28/2022 11:00,903.722
4/28/2022 12:00,797.737
4/28/2022 13:00,637.408
4/28/2022 14:00,446.916
4/28/2022 15:00,260.765
4/28/2022 16:00,85.846
4/28/2022 17:00,1.916
4/28/2022 18:00,0
4/28/2022 19:00,0
4/28/2022 20:00,0
4/28/2022 21:00,0
4/28/2022 22:00,0
4/28/2022 23:00,0
4/29/2022 0:00,0
4/29/2022 1:00,0
4/29/2022 2:00,0
4/29/2022 3:00,3.701
4/29/2022 4:00,74.525
4/29/2022 5:00,213.765
4/29/2022 6:00,379.77
4/29/2022 7:00,561.27
4/29/2022 8:00,707.161
4/29/2022 9:00,772.797
4/29/2022 10:00,765.617
4/29/2022 11:00,714.272
4/29/2022 12:00,617.339
4/29/2022 13:00,491.004
4/29/2022 14:00,334.145
4/29/2022 15:00,176.117
4/29/2022 16:00,54.535
4/29/2022 17:00,1.557
4/29/2022 18:00,0
4/29/2022 19:00,0
4/29/2022 20:00,0
4/29/2022 21:00,0
4/29/2022 22:00,0
4/29/2022 23:00,0
4/30/2022 0:00,0
4/30/2022 1:00,0
4/30/2022 2:00,0
4/30/2022 3:00,3.58
4/30/2022 4:00,73.353
4/30/2022 5:00,223.471
4/30/2022 6:00,403.751
4/30/2022 7:00,570.09
4/30/2022 8:00,682.782
4/30/2022 9:00,742.06
4/30/2022 10:00,774.611
4/30/2022 11:00,728.75
4/30/2022 12:00,631.281
4/30/2022 13:00,506.587
4/30/2022 14:00,359.275
4/30/2022 15:00,213.132
4/30/2022 16:00,71.851
4/30/2022 17:00,2.113
4/30/2022 18:00,0
4/30/2022 19:00,0
4/30/2022 20:00,0
4/30/2022 21:00,0
4/30/2022 22:00,0
4/30/2022 23:00,0
5/1/2022 0:00,0
5/1/2022 1:00,0
5/1/2022 2:00,0
5/1/2022 3:00,4.594
5/1/2022 4:00,79.684
5/1/2022 5:00,235.958
5/1/2022 6:00,427.75
5/1/2022 7:00,567.835
5/1/2022 8:00,677.15
5/1/2022 9:00,600.045
5/1/2022 10:00,568.792
5/1/2022 11:00,542.58
5/1/2022 12:00,497.179
5/1/2022 13:00,536.073
5/1/2022 14:00,333.316
5/1/2022 15:00,212.619
5/1/2022 16:00,60.826
5/1/2022 17:00,1.835
5/1/2022 18:00,0
5/1/2022 19:00,0
5/1/2022 20:00,0
5/1/2022 21:00,0
5/1/2022 22:00,0
5/1/2022 23:00,0
5/2/2022 0:00,0
5/2/2022 1:00,0
5/2/2022 2:00,0
5/2/2022 3:00,3.884
5/2/2022 4:00,69.305
5/2/2022 5:00,112.239
5/2/2022 6:00,167.328
5/2/2022 7:00,254.269
5/2/2022 8:00,371.652
5/2/2022 9:00,459.481
5/2/2022 10:00,495.443
5/2/2022 11:00,473.762
5/2/2022 12:00,451.043
5/2/2022 13:00,394.047
5/2/2022 14:00,308.173
5/2/2022 15:00,187.847
5/2/2022 16:00,64.299
5/2/2022 17:00,2.428
5/2/2022 18:00,0
5/2/2022 19:00,0
5/2/2022 20:00,0
5/2/2022 21:00,0
5/2/2022 22:00,0
5/2/2022 23:00,0
5/3/2022 0:00,0
5/3/2022 1:00,0
5/3/2022 2:00,0
5/3/2022 3:00,5.327
5/3/2022 4:00,95.472
5/3/2022 5:00,258.545
5/3/2022 6:00,450.842
5/3/2022 7:00,611.165
5/3/2022 8:00,739.362
5/3/2022 9:00,816.33
5/3/2022 10:00,842.294
5/3/2022 11:00,811.337
5/3/2022 12:00,722.218
5/3/2022 13:00,588.12
5/3/2022 14:00,404.211
5/3/2022 15:00,216.202
5/3/2022 16:00,74.844
5/3/2022 17:00,2.678
5/3/2022 18:00,0
5/3/2022 19:00,0
5/3/2022 20:00,0
5/3/2022 21:00,0
5/3/2022 22:00,0
5/3/2022 23:00,0
5/4/2022 0:00,0
5/4/2022 1:00,0
5/4/2022 2:00,0
5/4/2022 3:00,5.17
5/4/2022 4:00,85.77
5/4/2022 5:00,237.475
5/4/2022 6:00,421.282
5/4/2022 7:00,572.46
5/4/2022 8:00,745.494
5/4/2022 9:00,852.279
5/4/2022 10:00,843.161
5/4/2022 11:00,764.381
5/4/2022 12:00,673.085
5/4/2022 13:00,556.646
5/4/2022 14:00,392.843
5/4/2022 15:00,250.442
5/4/2022 16:00,93.634
5/4/2022 17:00,4.436
5/4/2022 18:00,0
5/4/2022 19:00,0
5/4/2022 20:00,0
5/4/2022 21:00,0
5/4/2022 22:00,0
5/4/2022 23:00,0
5/5/2022 0:00,0
5/5/2022 1:00,0
5/5/2022 2:00,0
5/5/2022 3:00,9.365
5/5/2022 4:00,134.298
5/5/2022 5:00,333.642
5/5/2022 6:00,536.358
5/5/2022 7:00,714.981
5/5/2022 8:00,847.853
5/5/2022 9:00,926.836
5/5/2022 10:00,941.47
5/5/2022 11:00,904.986
5/5/2022 12:00,812.492
5/5/2022 13:00,668.831
5/5/2022 14:00,486.805
5/5/2022 15:00,285.054
5/5/2022 16:00,100.768
5/5/2022 17:00,4.602
5/5/2022 18:00,0
5/5/2022 19:00,0
5/5/2022 20:00,0
5/5/2022 21:00,0
5/5/2022 22:00,0
5/5/2022 23:00,0
5/6/2022 0:00,0
5/6/2022 1:00,0
5/6/2022 2:00,0
5/6/2022 3:00,9.026
5/6/2022 4:00,117.063
5/6/2022 5:00,292.479
5/6/2022 6:00,452.9
5/6/2022 7:00,623.878
5/6/2022 8:00,722.147
5/6/2022 9:00,710.83
5/6/2022 10:00,677.831
5/6/2022 11:00,663.848
5/6/2022 12:00,575.046
5/6/2022 13:00,437.367
5/6/2022 14:00,377.633
5/6/2022 15:00,233.023
5/6/2022 16:00,61.151
5/6/2022 17:00,3.886
5/6/2022 18:00,0
5/6/2022 19:00,0
5/6/2022 20:00,0
5/6/2022 21:00,0
5/6/2022 22:00,0
5/6/2022 23:00,0
5/7/2022 0:00,0
5/7/2022 1:00,0
5/7/2022 2:00,0
5/7/2022 3:00,9.504
5/7/2022 4:00,124.62
5/7/2022 5:00,318.969
5/7/2022 6:00,523.247
5/7/2022 7:00,704.61
5/7/2022 8:00,845.302
5/7/2022 9:00,938.819
5/7/2022 10:00,962.269
5/7/2022 11:00,924.008
5/7/2022 12:00,827.717
5/7/2022 13:00,679.877
5/7/2022 14:00,491.285
5/7/2022 15:00,290.224
5/7/2022 16:00,105.84
5/7/2022 17:00,5.724
5/7/2022 18:00,0
5/7/2022 19:00,0
5/7/2022 20:00,0
5/7/2022 21:00,0
5/7/2022 22:00,0
5/7/2022 23:00,0
5/8/2022 0:00,0
5/8/2022 1:00,0
5/8/2022 2:00,0
5/8/2022 3:00,8.132
5/8/2022 4:00,101.621
5/8/2022 5:00,263.844
5/8/2022 6:00,440.664
5/8/2022 7:00,603.96
5/8/2022 8:00,743.803
5/8/2022 9:00,827.87
5/8/2022 10:00,823.685
5/8/2022 11:00,781.964
5/8/2022 12:00,690.14
5/8/2022 13:00,537.925
5/8/2022 14:00,366.234
5/8/2022 15:00,192.885
5/8/2022 16:00,68.266
5/8/2022 17:00,4.397
5/8/2022 18:00,0
5/8/2022 19:00,0
5/8/2022 20:00,0
5/8/2022 21:00,0
5/8/2022 22:00,0
5/8/2022 23:00,0
5/9/2022 0:00,0
5/9/2022 1:00,0
5/9/2022 2:00,0
5/9/2022 3:00,9.34
5/9/2022 4:00,106.469
5/9/2022 5:00,277.176
5/9/2022 6:00,474.091
5/9/2022 7:00,661.491
5/9/2022 8:00,807.282
5/9/2022 9:00,909.487
5/9/2022 10:00,941.021
5/9/2022 11:00,911.767
5/9/2022 12:00,824.351
5/9/2022 13:00,688.255
5/9/2022 14:00,513.743
5/9/2022 15:00,317.24
5/9/2022 16:00,124.44
5/9/2022 17:00,7.854
5/9/2022 18:00,0
5/9/2022 19:00,0
5/9/2022 20:00,0
5/9/2022 21:00,0
5/9/2022 22:00,0
5/9/2022 23:00,0
5/10/2022 0:00,0
5/10/2022 1:00,0
5/10/2022 2:00,0
5/10/2022 3:00,14.099
5/10/2022 4:00,149.263
5/10/2022 5:00,345.21
5/10/2022 6:00,540.333
5/10/2022 7:00,704.447
5/10/2022 8:00,824.444
5/10/2022 9:00,894.887
5/10/2022 10:00,909.186
5/10/2022 11:00,868.248
5/10/2022 12:00,774.337
5/10/2022 13:00,637.138
5/10/2022 14:00,469.798
5/10/2022 15:00,289.435
5/10/2022 16:00,113.55
5/10/2022 17:00,7.772
5/10/2022 18:00,0
5/10/2022 19:00,0
5/10/2022 20:00,0
5/10/2022 21:00,0
5/10/2022 22:00,0
5/10/2022 23:00,0
5/11/2022 0:00,0
5/11/2022 1:00,0
5/11/2022 2:00,0
5/11/2022 3:00,14.789
5/11/2022 4:00,154.161
5/11/2022 5:00,357.512
5/11/2022 6:00,560.73
5/11/2022 7:00,738.781
5/11/2022 8:00,874.24
5/11/2022 9:00,956.891
5/11/2022 10:00,975.312
5/11/2022 11:00,931.897
5/11/2022 12:00,828.729
5/11/2022 13:00,675.607
5/11/2022 14:00,492.464
5/11/2022 15:00,300.637
5/11/2022 16:00,119.921
5/11/2022 17:00,8.417
5/11/2022 18:00,0
5/11/2022 19:00,0
5/11/2022 20:00,0
5/11/2022 21:00,0
5/11/2022 22:00,0
5/11/2022 23:00,0
5/12/2022 0:00,0
5/12/2022 1:00,0
5/12/2022 2:00,0
5/12/2022 3:00,15.305
5/12/2022 4:00,150.227
5/12/2022 5:00,347.18
5/12/2022 6:00,550.255
5/12/2022 7:00,726.677
5/12/2022 8:00,860.153
5/12/2022 9:00,945.861
5/12/2022 10:00,967.51
5/12/2022 11:00,927.417
5/12/2022 12:00,825
5/12/2022 13:00,682.902
5/12/2022 14:00,508.483
5/12/2022 15:00,315.024
5/12/2022 16:00,126.336
5/12/2022 17:00,9.298
5/12/2022 18:00,0
5/12/2022 19:00,0
5/12/2022 20:00,0
5/12/2022 21:00,0
5/12/2022 22:00,0
5/12/2022 23:00,0
5/13/2022 0:00,0
5/13/2022 1:00,0
5/13/2022 2:00,0
5/13/2022 3:00,11.169
5/13/2022 4:00,102.684
5/13/2022 5:00,252.579
5/13/2022 6:00,444.087
5/13/2022 7:00,623
5/13/2022 8:00,776.7
5/13/2022 9:00,867.506
5/13/2022 10:00,893.789
5/13/2022 11:00,861.644
5/13/2022 12:00,761.796
5/13/2022 13:00,620.647
5/13/2022 14:00,450.041
5/13/2022 15:00,262.773
5/13/2022 16:00,102.012
5/13/2022 17:00,8.09
5/13/2022 18:00,0
5/13/2022 19:00,0
5/13/2022 20:00,0
5/13/2022 21:00,0
5/13/2022 22:00,0
5/13/2022 23:00,0
5/14/2022 0:00,0
5/14/2022 1:00,0
5/14/2022 2:00,0
5/14/2022 3:00,15.38
5/14/2022 4:00,139.487
5/14/2022 5:00,326.228
5/14/2022 6:00,528.968
5/14/2022 7:00,704.546
5/14/2022 8:00,833.683
5/14/2022 9:00,916.964
5/14/2022 10:00,932.669
5/14/2022 11:00,889.973
5/14/2022 12:00,778.61
5/14/2022 13:00,620.998
5/14/2022 14:00,434.427
5/14/2022 15:00,248.581
5/14/2022 16:00,93.057
5/14/2022 17:00,7.691
5/14/2022 18:00,0
5/14/2022 19:00,0
5/14/2022 20:00,0
5/14/2022 21:00,0
5/14/2022 22:00,0
5/14/2022 23:00,0
5/15/2022 0:00,0
5/15/2022 1:00,0
5/15/2022 2:00,0
5/15/2022 3:00,16.704
5/15/2022 4:00,147.405
5/15/2022 5:00,334.451
5/15/2022 6:00,526.238
5/15/2022 7:00,693.358
5/15/2022 8:00,813.129
5/15/2022 9:00,878.214
5/15/2022 10:00,869.764
5/15/2022 11:00,800.648
5/15/2022 12:00,696.061
5/15/2022 13:00,545.277
5/15/2022 14:00,347.475
5/15/2022 15:00,195.527
5/15/2022 16:00,81.459
5/15/2022 17:00,8.347
5/15/2022 18:00,0
5/15/2022 19:00,0
5/15/2022 20:00,0
5/15/2022 21:00,0
5/15/2022 22:00,0
5/15/2022 23:00,0
5/16/2022 0:00,0
5/16/2022 1:00,0
5/16/2022 2:00,0
5/16/2022 3:00,18.272
5/16/2022 4:00,155.606
5/16/2022 5:00,350.649
5/16/2022 6:00,544.183
5/16/2022 7:00,705.616
5/16/2022 8:00,821.204
5/16/2022 9:00,882.521
5/16/2022 10:00,879.468
5/16/2022 11:00,815.407
5/16/2022 12:00,708.811
5/16/2022 13:00,573.224
5/16/2022 14:00,431.84
5/16/2022 15:00,275.308
5/16/2022 16:00,114.008
5/16/2022 17:00,10.936
5/16/2022 18:00,0
5/16/2022 19:00,0
5/16/2022 20:00,0
5/16/2022 21:00,0
5/16/2022 22:00,0
5/16/2022 23:00,0
5/17/2022 0:00,0
5/17/2022 1:00,0
5/17/2022 2:00,0
5/17/2022 3:00,20.157
5/17/2022 4:00,164.116
5/17/2022 5:00,362.137
5/17/2022 6:00,560.131
5/17/2022 7:00,734.279
5/17/2022 8:00,867.584
5/17/2022 9:00,949.806
5/17/2022 10:00,966.777
5/17/2022 11:00,919.191
5/17/2022 12:00,813.121
5/17/2022 13:00,644.402
5/17/2022 14:00,463.696
5/17/2022 15:00,284.557
5/17/2022 16:00,118.933
5/17/2022 17:00,11.176
5/17/2022 18:00,0
5/17/2022 19:00,0
5/17/2022 20:00,0
5/17/2022 21:00,0
5/17/2022 22:00,0
5/17/2022 23:00,0
5/18/2022 0:00,0
5/18/2022 1:00,0
5/18/2022 2:00,0
5/18/2022 3:00,18.796
5/18/2022 4:00,149.748
5/18/2022 5:00,333.516
5/18/2022 6:00,523.408
5/18/2022 7:00,689.877
5/18/2022 8:00,812.454
5/18/2022 9:00,889.7
5/18/2022 10:00,888.713
5/18/2022 11:00,826.022
5/18/2022 12:00,697.113
5/18/2022 13:00,565.337
5/18/2022 14:00,385.018
5/18/2022 15:00,231.613
5/18/2022 16:00,88.98
5/18/2022 17:00,7.862
5/18/2022 18:00,0
5/18/2022 19:00,0
5/18/2022 20:00,0
5/18/2022 21:00,0
5/18/2022 22:00,0
5/18/2022 23:00,0
5/19/2022 0:00,0
5/19/2022 1:00,0
5/19/2022 2:00,0
5/19/2022 3:00,14.186
5/19/2022 4:00,106.831
5/19/2022 5:00,247.624
5/19/2022 6:00,431.906
5/19/2022 7:00,714.991
5/19/2022 8:00,873.252
5/19/2022 9:00,968.593
5/19/2022 10:00,1006.136
5/19/2022 11:00,976.967
5/19/2022 12:00,885.685
5/19/2022 13:00,744.002
5/19/2022 14:00,564.091
5/19/2022 15:00,361.236
5/19/2022 16:00,158.872
5/19/2022 17:00,16.756
5/19/2022 18:00,0
5/19/2022 19:00,0
5/19/2022 20:00,0
5/19/2022 21:00,0
5/19/2022 22:00,0
5/19/2022 23:00,0
5/20/2022 0:00,0
5/20/2022 1:00,0
5/20/2022 2:00,0
5/20/2022 3:00,25.329
5/20/2022 4:00,181.9
5/20/2022 5:00,386.404
5/20/2022 6:00,587.368
5/20/2022 7:00,763.375
5/20/2022 8:00,898.641
5/20/2022 9:00,982.216
5/20/2022 10:00,1005.951
5/20/2022 11:00,969.11
5/20/2022 12:00,874.052
5/20/2022 13:00,731.989
5/20/2022 14:00,552.093
5/20/2022 15:00,354.91
5/20/2022 16:00,157.794
5/20/2022 17:00,17.388
5/20/2022 18:00,0
5/20/2022 19:00,0
5/20/2022 20:00,0
5/20/2022 21:00,0
5/20/2022 22:00,0
5/20/2022 23:00,0
5/21/2022 0:00,0
5/21/2022 1:00,0
5/21/2022 2:00,0
5/21/2022 3:00,26.393
5/21/2022 4:00,183.273
5/21/2022 5:00,385.911
5/21/2022 6:00,584.364
5/21/2022 7:00,758.221
5/21/2022 8:00,892.529
5/21/2022 9:00,974.944
5/21/2022 10:00,997.285
5/21/2022 11:00,960.879
5/21/2022 12:00,865.046
5/21/2022 13:00,720.506
5/21/2022 14:00,544.835
5/21/2022 15:00,351.174
5/21/2022 16:00,156.269
5/21/2022 17:00,18.092
5/21/2022 18:00,0
5/21/2022 19:00,0
5/21/2022 20:00,0
5/21/2022 21:00,0
5/21/2022 22:00,0
5/21/2022 23:00,0
5/22/2022 0:00,0
5/22/2022 1:00,0
5/22/2022 2:00,0
5/22/2022 3:00,25.24
5/22/2022 4:00,172.829
5/22/2022 5:00,352.79
5/22/2022 6:00,528.781
5/22/2022 7:00,721.281
5/22/2022 8:00,872.283
5/22/2022 9:00,945.322
5/22/2022 10:00,943.549
5/22/2022 11:00,870.026
5/22/2022 12:00,739.088
5/22/2022 13:00,580.947
5/22/2022 14:00,429.127
5/22/2022 15:00,289.533
5/22/2022 16:00,126.654
5/22/2022 17:00,13.894
5/22/2022 18:00,0
5/22/2022 19:00,0
5/22/2022 20:00,0
5/22/2022 21:00,0
5/22/2022 22:00,0
5/22/2022 23:00,0
5/23/2022 0:00,0
5/23/2022 1:00,0
5/23/2022 2:00,0
5/23/2022 3:00,24.885
5/23/2022 4:00,169.927
5/23/2022 5:00,365.965
5/23/2022 6:00,561.38
5/23/2022 7:00,733.277
5/23/2022 8:00,864.113
5/23/2022 9:00,940.196
5/23/2022 10:00,943.169
5/23/2022 11:00,869.229
5/23/2022 12:00,739.458
5/23/2022 13:00,596.64
5/23/2022 14:00,441.889
5/23/2022 15:00,283.19
5/23/2022 16:00,118.261
5/23/2022 17:00,12.772
5/23/2022 18:00,0
5/23/2022 19:00,0
5/23/2022 20:00,0
5/23/2022 21:00,0
5/23/2022 22:00,0
5/23/2022 23:00,0
5/24/2022 0:00,0
5/24/2022 1:00,0
5/24/2022 2:00,0
5/24/2022 3:00,23.775
5/24/2022 4:00,161.554
5/24/2022 5:00,350.069
5/24/2022 6:00,539.298
5/24/2022 7:00,704.049
5/24/2022 8:00,831.609
5/24/2022 9:00,930.44
5/24/2022 10:00,965.07
5/24/2022 11:00,933.271
5/24/2022 12:00,831.246
5/24/2022 13:00,690.858
5/24/2022 14:00,519.074
5/24/2022 15:00,324.576
5/24/2022 16:00,141.248
5/24/2022 17:00,16.259
5/24/2022 18:00,0
5/24/2022 19:00,0
5/24/2022 20:00,0
5/24/2022 21:00,0
5/24/2022 22:00,0
5/24/2022 23:00,0
5/25/2022 0:00,0
5/25/2022 1:00,0
5/25/2022 2:00,0.001
5/25/2022 3:00,26.023
5/25/2022 4:00,171.809
5/25/2022 5:00,367.405
5/25/2022 6:00,563.084
5/25/2022 7:00,735.799
5/25/2022 8:00,869.531
5/25/2022 9:00,958.612
5/25/2022 10:00,984.728
5/25/2022 11:00,952.079
5/25/2022 12:00,858.831
5/25/2022 13:00,719.96
5/25/2022 14:00,542.657
5/25/2022 15:00,345.71
5/25/2022 16:00,153.276
5/25/2022 17:00,18.764
5/25/2022 18:00,0
5/25/2022 19:00,0
5/25/2022 20:00,0
5/25/2022 21:00,0
5/25/2022 22:00,0
5/25/2022 23:00,0
5/26/2022 0:00,0
5/26/2022 1:00,0
5/26/2022 2:00,0.001
5/26/2022 3:00,26.707
5/26/2022 4:00,167.976
5/26/2022 5:00,358.101
5/26/2022 6:00,548.549
5/26/2022 7:00,717.413
5/26/2022 8:00,852.463
5/26/2022 9:00,936.264
5/26/2022 10:00,948.866
5/26/2022 11:00,878.378
5/26/2022 12:00,715.915
5/26/2022 13:00,579.524
5/26/2022 14:00,444.25
5/26/2022 15:00,300.109
5/26/2022 16:00,140.301
5/26/2022 17:00,18.387
5/26/2022 18:00,0
5/26/2022 19:00,0
5/26/2022 20:00,0
5/26/2022 21:00,0
5/26/2022 22:00,0
5/26/2022 23:00,0
5/27/2022 0:00,0
5/27/2022 1:00,0
5/27/2022 2:00,0.002
5/27/2022 3:00,27.805
5/27/2022 4:00,173.17
5/27/2022 5:00,368.223
5/27/2022 6:00,564.116
5/27/2022 7:00,735.118
5/27/2022 8:00,865.545
5/27/2022 9:00,953.876
5/27/2022 10:00,974.202
5/27/2022 11:00,935.719
5/27/2022 12:00,831.303
5/27/2022 13:00,684.63
5/27/2022 14:00,509.677
5/27/2022 15:00,322.287
5/27/2022 16:00,142.208
5/27/2022 17:00,18.373
5/27/2022 18:00,0
5/27/2022 19:00,0
5/27/2022 20:00,0
5/27/2022 21:00,0
5/27/2022 22:00,0
5/27/2022 23:00,0
5/28/2022 0:00,0
5/28/2022 1:00,0
5/28/2022 2:00,0.002
5/28/2022 3:00,27.574
5/28/2022 4:00,161.111
5/28/2022 5:00,336.554
5/28/2022 6:00,518.042
5/28/2022 7:00,667.676
5/28/2022 8:00,788.117
5/28/2022 9:00,876.107
5/28/2022 10:00,898.206
5/28/2022 11:00,857.912
5/28/2022 12:00,731.517
5/28/2022 13:00,669.489
5/28/2022 14:00,511.819
5/28/2022 15:00,320.534
5/28/2022 16:00,139.582
5/28/2022 17:00,17.602
5/28/2022 18:00,0
5/28/2022 19:00,0
5/28/2022 20:00,0
5/28/2022 21:00,0
5/28/2022 22:00,0
5/28/2022 23:00,0
5/29/2022 0:00,0
5/29/2022 1:00,0
5/29/2022 2:00,0.001
5/29/2022 3:00,24.384
5/29/2022 4:00,147.493
5/29/2022 5:00,338.313
5/29/2022 6:00,532.651
5/29/2022 7:00,699.111
5/29/2022 8:00,820.843
5/29/2022 9:00,885.232
5/29/2022 10:00,882.613
5/29/2022 11:00,833.305
5/29/2022 12:00,741.056
5/29/2022 13:00,597.286
5/29/2022 14:00,414.356
5/29/2022 15:00,249.89
5/29/2022 16:00,112.824
5/29/2022 17:00,16.225
5/29/2022 18:00,0
5/29/2022 19:00,0
5/29/2022 20:00,0
5/29/2022 21:00,0
5/29/2022 22:00,0
5/29/2022 23:00,0
5/30/2022 0:00,0
5/30/2022 1:00,0
5/30/2022 2:00,0.004
5/30/2022 3:00,31.378
5/30/2022 4:00,184.405
5/30/2022 5:00,381.704
5/30/2022 6:00,576.78
5/30/2022 7:00,748.781
5/30/2022 8:00,882.239
5/30/2022 9:00,970.707
5/30/2022 10:00,993.759
5/30/2022 11:00,955.705
5/30/2022 12:00,866.613
5/30/2022 13:00,728.597
5/30/2022 14:00,552.055
5/30/2022 15:00,354.374
5/30/2022 16:00,162.433
5/30/2022 17:00,22.784
5/30/2022 18:00,0
5/30/2022 19:00,0
5/30/2022 20:00,0
5/30/2022 21:00,0
5/30/2022 22:00,0
5/30/2022 23:00,0
5/31/2022 0:00,0
5/31/2022 1:00,0
5/31/2022 2:00,0.006
5/31/2022 3:00,33.259
5/31/2022 4:00,184.657
5/31/2022 5:00,373.077
5/31/2022 6:00,558.92
5/31/2022 7:00,725.973
5/31/2022 8:00,808.815
5/31/2022 9:00,885.083
5/31/2022 10:00,935.124
5/31/2022 11:00,905.239
5/31/2022 12:00,816.547
5/31/2022 13:00,685.001
5/31/2022 14:00,510.332
5/31/2022 15:00,319.283
5/31/2022 16:00,139.084
5/31/2022 17:00,18.035
5/31/2022 18:00,0
5/31/2022 19:00,0
5/31/2022 20:00,0
5/31/2022 21:00,0
5/31/2022 22:00,0
5/31/2022 23:00,0
6/1/2022 0:00,0
6/1/2022 1:00,0
6/1/2022 2:00,0.007
6/1/2022 3:00,32.193
6/1/2022 4:00,180.229
6/1/2022 5:00,373.862
6/1/2022 6:00,565.355
6/1/2022 7:00,734.803
6/1/2022 8:00,867.067
6/1/2022 9:00,958.979
6/1/2022 10:00,980.897
6/1/2022 11:00,938.95
6/1/2022 12:00,844.547
6/1/2022 13:00,704.218
6/1/2022 14:00,531.964
6/1/2022 15:00,343.014
6/1/2022 16:00,158.804
6/1/2022 17:00,23.42
6/1/2022 18:00,0
6/1/2022 19:00,0
6/1/2022 20:00,0
6/1/2022 21:00,0
6/1/2022 22:00,0
6/1/2022 23:00,0
6/2/2022 0:00,0
6/2/2022 1:00,0
6/2/2022 2:00,0.009
6/2/2022 3:00,34.552
6/2/2022 4:00,189.261
6/2/2022 5:00,384.518
6/2/2022 6:00,577.274
6/2/2022 7:00,746.545
6/2/2022 8:00,876.798
6/2/2022 9:00,960.538
6/2/2022 10:00,985.063
6/2/2022 11:00,946.704
6/2/2022 12:00,848.616
6/2/2022 13:00,692.19
6/2/2022 14:00,504.374
6/2/2022 15:00,318.558
6/2/2022 16:00,148.662
6/2/2022 17:00,22.281
6/2/2022 18:00,0
6/2/2022 19:00,0
6/2/2022 20:00,0
6/2/2022 21:00,0
6/2/2022 22:00,0
6/2/2022 23:00,0
6/3/2022 0:00,0
6/3/2022 1:00,0
6/3/2022 2:00,0.011
6/3/2022 3:00,35.346
6/3/2022 4:00,191.183
6/3/2022 5:00,387.986
6/3/2022 6:00,581.588
6/3/2022 7:00,750.183
6/3/2022 8:00,879.793
6/3/2022 9:00,962.934
6/3/2022 10:00,987.959
6/3/2022 11:00,955.475
6/3/2022 12:00,865.943
6/3/2022 13:00,724.678
6/3/2022 14:00,542.944
6/3/2022 15:00,343.11
6/3/2022 16:00,151.668
6/3/2022 17:00,21.905
6/3/2022 18:00,0
6/3/2022 19:00,0
6/3/2022 20:00,0
6/3/2022 21:00,0
6/3/2022 22:00,0
6/3/2022 23:00,0
6/4/2022 0:00,0
6/4/2022 1:00,0
6/4/2022 2:00,0.014
6/4/2022 3:00,33.184
6/4/2022 4:00,180.622
6/4/2022 5:00,376.679
6/4/2022 6:00,568.365
6/4/2022 7:00,735.352
6/4/2022 8:00,864.691
6/4/2022 9:00,946.495
6/4/2022 10:00,964.084
6/4/2022 11:00,921.109
6/4/2022 12:00,831.511
6/4/2022 13:00,694.337
6/4/2022 14:00,522.159
6/4/2022 15:00,330.96
6/4/2022 16:00,153.515
6/4/2022 17:00,23.955
6/4/2022 18:00,0
6/4/2022 19:00,0
6/4/2022 20:00,0
6/4/2022 21:00,0
6/4/2022 22:00,0
6/4/2022 23:00,0
6/5/2022 0:00,0
6/5/2022 1:00,0
6/5/2022 2:00,0.016
6/5/2022 3:00,35.476
6/5/2022 4:00,188.276
6/5/2022 5:00,381.35
6/5/2022 6:00,573.089
6/5/2022 7:00,741.378
6/5/2022 8:00,870.227
6/5/2022 9:00,953.048
6/5/2022 10:00,971.251
6/5/2022 11:00,937.113
6/5/2022 12:00,841.564
6/5/2022 13:00,700.936
6/5/2022 14:00,530.719
6/5/2022 15:00,336.496
6/5/2022 16:00,153.313
6/5/2022 17:00,23.852
6/5/2022 18:00,0
6/5/2022 19:00,0
6/5/2022 20:00,0
6/5/2022 21:00,0
6/5/2022 22:00,0
6/5/2022 23:00,0
6/6/2022 0:00,0
6/6/2022 1:00,0
6/6/2022 2:00,0.018
6/6/2022 3:00,35.031
6/6/2022 4:00,179.853
6/6/2022 5:00,353.77
6/6/2022 6:00,525.796
6/6/2022 7:00,676.973
6/6/2022 8:00,793.2
6/6/2022 9:00,844.78
6/6/2022 10:00,839.687
6/6/2022 11:00,808.114
6/6/2022 12:00,745.112
6/6/2022 13:00,647.889
6/6/2022 14:00,489.237
6/6/2022 15:00,305.792
6/6/2022 16:00,137.606
6/6/2022 17:00,20.443
6/6/2022 18:00,0
6/6/2022 19:00,0
6/6/2022 20:00,0
6/6/2022 21:00,0
6/6/2022 22:00,0
6/6/2022 23:00,0
6/7/2022 0:00,0
6/7/2022 1:00,0
6/7/2022 2:00,0.021
6/7/2022 3:00,34.825
6/7/2022 4:00,182.998
6/7/2022 5:00,373.134
6/7/2022 6:00,560.95
6/7/2022 7:00,723.685
6/7/2022 8:00,844.561
6/7/2022 9:00,923.045
6/7/2022 10:00,934.324
6/7/2022 11:00,883.389
6/7/2022 12:00,774.8
6/7/2022 13:00,629.083
6/7/2022 14:00,466.809
6/7/2022 15:00,298.275
6/7/2022 16:00,140.013
6/7/2022 17:00,21.84
6/7/2022 18:00,0
6/7/2022 19:00,0
6/7/2022 20:00,0
6/7/2022 21:00,0
6/7/2022 22:00,0
6/7/2022 23:00,0
6/8/2022 0:00,0
6/8/2022 1:00,0
6/8/2022 2:00,0.024
6/8/2022 3:00,26.24
6/8/2022 4:00,128.837
6/8/2022 5:00,262.341
6/8/2022 6:00,415.755
6/8/2022 7:00,586.361
6/8/2022 8:00,772.275
6/8/2022 9:00,866.932
6/8/2022 10:00,857.832
6/8/2022 11:00,766.576
6/8/2022 12:00,655.207
6/8/2022 13:00,547.926
6/8/2022 14:00,400.155
6/8/2022 15:00,260.458
6/8/2022 16:00,123.854
6/8/2022 17:00,19.768
6/8/2022 18:00,0
6/8/2022 19:00,0
6/8/2022 20:00,0
6/8/2022 21:00,0
6/8/2022 22:00,0
6/8/2022 23:00,0
6/9/2022 0:00,0
6/9/2022 1:00,0
6/9/2022 2:00,0.015
6/9/2022 3:00,30.564
6/9/2022 4:00,150.228
6/9/2022 5:00,297.435
6/9/2022 6:00,416.286
6/9/2022 7:00,577.152
6/9/2022 8:00,709.112
6/9/2022 9:00,789.421
6/9/2022 10:00,791.135
6/9/2022 11:00,756.354
6/9/2022 12:00,675.027
6/9/2022 13:00,548.844
6/9/2022 14:00,379.17
6/9/2022 15:00,245.061
6/9/2022 16:00,112.068
6/9/2022 17:00,16.792
6/9/2022 18:00,0
6/9/2022 19:00,0
6/9/2022 20:00,0
6/9/2022 21:00,0
6/9/2022 22:00,0
6/9/2022 23:00,0
6/10/2022 0:00,0
6/10/2022 1:00,0
6/10/2022 2:00,0.015
6/10/2022 3:00,16.731
6/10/2022 4:00,93.527
6/10/2022 5:00,204.332
6/10/2022 6:00,333.825
6/10/2022 7:00,475.554
6/10/2022 8:00,576.188
6/10/2022 9:00,604.436
6/10/2022 10:00,616.364
6/10/2022 11:00,590.823
6/10/2022 12:00,546.31
6/10/2022 13:00,498.076
6/10/2022 14:00,393.491
6/10/2022 15:00,260.499
6/10/2022 16:00,123.138
6/10/2022 17:00,19.31
6/10/2022 18:00,0
6/10/2022 19:00,0
6/10/2022 20:00,0
6/10/2022 21:00,0
6/10/2022 22:00,0
6/10/2022 23:00,0
6/11/2022 0:00,0
6/11/2022 1:00,0
6/11/2022 2:00,0.02
6/11/2022 3:00,22.988
6/11/2022 4:00,101.726
6/11/2022 5:00,198.308
6/11/2022 6:00,304.555
6/11/2022 7:00,416.405
6/11/2022 8:00,533.537
6/11/2022 9:00,630.812
6/11/2022 10:00,717.582
6/11/2022 11:00,738.651
6/11/2022 12:00,673.92
6/11/2022 13:00,546.512
6/11/2022 14:00,400.469
6/11/2022 15:00,249.665
6/11/2022 16:00,126.979
6/11/2022 17:00,22.504
6/11/2022 18:00,0.001
6/11/2022 19:00,0
6/11/2022 20:00,0
6/11/2022 21:00,0
6/11/2022 22:00,0
6/11/2022 23:00,0
6/12/2022 0:00,0
6/12/2022 1:00,0
6/12/2022 2:00,0.023
6/12/2022 3:00,37.732
6/12/2022 4:00,185.208
6/12/2022 5:00,366.332
6/12/2022 6:00,544.466
6/12/2022 7:00,702.015
6/12/2022 8:00,809.579
6/12/2022 9:00,848.666
6/12/2022 10:00,840.635
6/12/2022 11:00,773.004
6/12/2022 12:00,660.245
6/12/2022 13:00,547.775
6/12/2022 14:00,411.073
6/12/2022 15:00,266.147
6/12/2022 16:00,126.325
6/12/2022 17:00,20.462
6/12/2022 18:00,0.001
6/12/2022 19:00,0
6/12/2022 20:00,0
6/12/2022 21:00,0
6/12/2022 22:00,0
6/12/2022 23:00,0
6/13/2022 0:00,0
6/13/2022 1:00,0
6/13/2022 2:00,0.032
6/13/2022 3:00,24.092
6/13/2022 4:00,108.618
6/13/2022 5:00,220.695
6/13/2022 6:00,347.803
6/13/2022 7:00,504.138
6/13/2022 8:00,649.333
6/13/2022 9:00,774.245
6/13/2022 10:00,843.429
6/13/2022 11:00,845.614
6/13/2022 12:00,766.435
6/13/2022 13:00,644.312
6/13/2022 14:00,481.492
6/13/2022 15:00,308.139
6/13/2022 16:00,147.264
6/13/2022 17:00,25.302
6/13/2022 18:00,0.001
6/13/2022 19:00,0
6/13/2022 20:00,0
6/13/2022 21:00,0
6/13/2022 22:00,0
6/13/2022 23:00,0
6/14/2022 0:00,0
6/14/2022 1:00,0
6/14/2022 2:00,0.04
6/14/2022 3:00,37.104
6/14/2022 4:00,184.345
6/14/2022 5:00,372.464
6/14/2022 6:00,562.016
6/14/2022 7:00,727.52
6/14/2022 8:00,841.825
6/14/2022 9:00,900.705
6/14/2022 10:00,883.96
6/14/2022 11:00,800.06
6/14/2022 12:00,683.751
6/14/2022 13:00,562.275
6/14/2022 14:00,421.027
6/14/2022 15:00,272.225
6/14/2022 16:00,127.983
6/14/2022 17:00,21.412
6/14/2022 18:00,0.001
6/14/2022 19:00,0
6/14/2022 20:00,0
6/14/2022 21:00,0
6/14/2022 22:00,0
6/14/2022 23:00,0
6/15/2022 0:00,0
6/15/2022 1:00,0
6/15/2022 2:00,0.038
6/15/2022 3:00,36.712
6/15/2022 4:00,173.684
6/15/2022 5:00,350.659
6/15/2022 6:00,532.972
6/15/2022 7:00,687.948
6/15/2022 8:00,806.387
6/15/2022 9:00,868.198
6/15/2022 10:00,866.661
6/15/2022 11:00,816.767
6/15/2022 12:00,723.627
6/15/2022 13:00,594.875
6/15/2022 14:00,448.097
6/15/2022 15:00,288.684
6/15/2022 16:00,137.462
6/15/2022 17:00,24.121
6/15/2022 18:00,0.001
6/15/2022 19:00,0
6/15/2022 20:00,0
6/15/2022 21:00,0
6/15/2022 22:00,0
6/15/2022 23:00,0
6/16/2022 0:00,0
6/16/2022 1:00,0
6/16/2022 2:00,0.036
6/16/2022 3:00,37.84
6/16/2022 4:00,183.504
6/16/2022 5:00,367.628
6/16/2022 6:00,544.26
6/16/2022 7:00,693.424
6/16/2022 8:00,787.835
6/16/2022 9:00,833.626
6/16/2022 10:00,834.401
6/16/2022 11:00,802.94
6/16/2022 12:00,723.281
6/16/2022 13:00,614.214
6/16/2022 14:00,474.633
6/16/2022 15:00,316.432
6/16/2022 16:00,154.552
6/16/2022 17:00,27.14
6/16/2022 18:00,0.002
6/16/2022 19:00,0
6/16/2022 20:00,0
6/16/2022 21:00,0
6/16/2022 22:00,0
6/16/2022 23:00,0
6/17/2022 0:00,0
6/17/2022 1:00,0
6/17/2022 2:00,0.05
6/17/2022 3:00,41.504
6/17/2022 4:00,193.596
6/17/2022 5:00,375.662
6/17/2022 6:00,565.738
6/17/2022 7:00,741.874
6/17/2022 8:00,875.283
6/17/2022 9:00,962.685
6/17/2022 10:00,984.732
6/17/2022 11:00,941.205
6/17/2022 12:00,848.335
6/17/2022 13:00,710.709
6/17/2022 14:00,531.025
6/17/2022 15:00,344.028
6/17/2022 16:00,161.494
6/17/2022 17:00,27.21
6/17/2022 18:00,0.002
6/17/2022 19:00,0
6/17/2022 20:00,0
6/17/2022 21:00,0
6/17/2022 22:00,0
6/17/2022 23:00,0
6/18/2022 0:00,0
6/18/2022 1:00,0
6/18/2022 2:00,0.05
6/18/2022 3:00,38.304
6/18/2022 4:00,169.111
6/18/2022 5:00,323.004
6/18/2022 6:00,490.129
6/18/2022 7:00,650.844
6/18/2022 8:00,790.402
6/18/2022 9:00,875.428
6/18/2022 10:00,879.084
6/18/2022 11:00,806.185
6/18/2022 12:00,702.428
6/18/2022 13:00,573.354
6/18/2022 14:00,436.238
6/18/2022 15:00,291.836
6/18/2022 16:00,141.343
6/18/2022 17:00,22.997
6/18/2022 18:00,0.001
6/18/2022 19:00,0
6/18/2022 20:00,0
6/18/2022 21:00,0
6/18/2022 22:00,0
6/18/2022 23:00,0
6/19/2022 0:00,0
6/19/2022 1:00,0
6/19/2022 2:00,0.052
6/19/2022 3:00,41.805
6/19/2022 4:00,194.275
6/19/2022 5:00,383.546
6/19/2022 6:00,570.517
6/19/2022 7:00,736.34
6/19/2022 8:00,868.09
6/19/2022 9:00,952.038
6/19/2022 10:00,977.29
6/19/2022 11:00,939.309
6/19/2022 12:00,846.049
6/19/2022 13:00,704.106
6/19/2022 14:00,531.728
6/19/2022 15:00,346.139
6/19/2022 16:00,167.806
6/19/2022 17:00,29.904
6/19/2022 18:00,0.002
6/19/2022 19:00,0
6/19/2022 20:00,0
6/19/2022 21:00,0
6/19/2022 22:00,0
6/19/2022 23:00,0
6/20/2022 0:00,0
6/20/2022 1:00,0
6/20/2022 2:00,0.056
6/20/2022 3:00,44.039
6/20/2022 4:00,205.278
6/20/2022 5:00,400.441
6/20/2022 6:00,592.453
6/20/2022 7:00,761.814
6/20/2022 8:00,891.302
6/20/2022 9:00,973.127
6/20/2022 10:00,990.526
6/20/2022 11:00,952.815
6/20/2022 12:00,854.058
6/20/2022 13:00,713.74
6/20/2022 14:00,531.642
6/20/2022 15:00,343.217
6/20/2022 16:00,166.951
6/20/2022 17:00,30.04
6/20/2022 18:00,0.002
6/20/2022 19:00,0
6/20/2022 20:00,0
6/20/2022 21:00,0
6/20/2022 22:00,0
6/20/2022 23:00,0
6/21/2022 0:00,0
6/21/2022 1:00,0
6/21/2022 2:00,0.053
6/21/2022 3:00,43.15
6/21/2022 4:00,201.665
6/21/2022 5:00,398.653
6/21/2022 6:00,590.204
6/21/2022 7:00,757.806
6/21/2022 8:00,886.921
6/21/2022 9:00,974.855
6/21/2022 10:00,999.43
6/21/2022 11:00,966.977
6/21/2022 12:00,878.383
6/21/2022 13:00,742.311
6/21/2022 14:00,569.744
6/21/2022 15:00,376.243
6/21/2022 16:00,182.846
6/21/2022 17:00,32.374
6/21/2022 18:00,0.002
6/21/2022 19:00,0
6/21/2022 20:00,0
6/21/2022 21:00,0
6/21/2022 22:00,0
6/21/2022 23:00,0
6/22/2022 0:00,0
6/22/2022 1:00,0
6/22/2022 2:00,0.05
6/22/2022 3:00,41.301
6/22/2022 4:00,196.309
6/22/2022 5:00,388.811
6/22/2022 6:00,578.641
6/22/2022 7:00,744.332
6/22/2022 8:00,871.186
6/22/2022 9:00,955.096
6/22/2022 10:00,977.939
6/22/2022 11:00,941.783
6/22/2022 12:00,838.001
6/22/2022 13:00,701.245
6/22/2022 14:00,532.176
6/22/2022 15:00,344.368
6/22/2022 16:00,161.999
6/22/2022 17:00,27.779
6/22/2022 18:00,0.002
6/22/2022 19:00,0
6/22/2022 20:00,0
6/22/2022 21:00,0
6/22/2022 22:00,0
6/22/2022 23:00,0
6/23/2022 0:00,0
6/23/2022 1:00,0
6/23/2022 2:00,0.05
6/23/2022 3:00,34.705
6/23/2022 4:00,170.114
6/23/2022 5:00,351.965
6/23/2022 6:00,539.993
6/23/2022 7:00,706.836
6/23/2022 8:00,833.636
6/23/2022 9:00,931.367
6/23/2022 10:00,950.45
6/23/2022 11:00,912.814
6/23/2022 12:00,808.66
6/23/2022 13:00,674.698
6/23/2022 14:00,498.654
6/23/2022 15:00,304.855
6/23/2022 16:00,131.376
6/23/2022 17:00,21.34
6/23/2022 18:00,0.001
6/23/2022 19:00,0
6/23/2022 20:00,0
6/23/2022 21:00,0
6/23/2022 22:00,0
6/23/2022 23:00,0
6/24/2022 0:00,0
6/24/2022 1:00,0
6/24/2022 2:00,0.042
6/24/2022 3:00,32.555
6/24/2022 4:00,163.439
6/24/2022 5:00,332.311
6/24/2022 6:00,499.705
6/24/2022 7:00,677.155
6/24/2022 8:00,811.998
6/24/2022 9:00,902.978
6/24/2022 10:00,931.398
6/24/2022 11:00,908.43
6/24/2022 12:00,831.45
6/24/2022 13:00,697.805
6/24/2022 14:00,532.381
6/24/2022 15:00,348.369
6/24/2022 16:00,164.666
6/24/2022 17:00,26.206
6/24/2022 18:00,0.002
6/24/2022 19:00,0
6/24/2022 20:00,0
6/24/2022 21:00,0
6/24/2022 22:00,0
6/24/2022 23:00,0
6/25/2022 0:00,0
6/25/2022 1:00,0
6/25/2022 2:00,0.051
6/25/2022 3:00,39.765
6/25/2022 4:00,187.887
6/25/2022 5:00,373.839
6/25/2022 6:00,559.03
6/25/2022 7:00,724.488
6/25/2022 8:00,844.367
6/25/2022 9:00,929.442
6/25/2022 10:00,951.77
6/25/2022 11:00,931.164
6/25/2022 12:00,835.705
6/25/2022 13:00,699.033
6/25/2022 14:00,518.929
6/25/2022 15:00,332.536
6/25/2022 16:00,152.528
6/25/2022 17:00,24.692
6/25/2022 18:00,0.002
6/25/2022 19:00,0
6/25/2022 20:00,0
6/25/2022 21:00,0
6/25/2022 22:00,0
6/25/2022 23:00,0
6/26/2022 0:00,0
6/26/2022 1:00,0
6/26/2022 2:00,0.031
6/26/2022 3:00,38.345
6/26/2022 4:00,188.211
6/26/2022 5:00,380.186
6/26/2022 6:00,573.427
6/26/2022 7:00,742.093
6/26/2022 8:00,871.979
6/26/2022 9:00,963.079
6/26/2022 10:00,979.755
6/26/2022 11:00,939.891
6/26/2022 12:00,842.738
6/26/2022 13:00,712.104
6/26/2022 14:00,546.152
6/26/2022 15:00,354.224
6/26/2022 16:00,170.5
6/26/2022 17:00,29.936
6/26/2022 18:00,0.002
6/26/2022 19:00,0
6/26/2022 20:00,0
6/26/2022 21:00,0
6/26/2022 22:00,0
6/26/2022 23:00,0
6/27/2022 0:00,0
6/27/2022 1:00,0
6/27/2022 2:00,0.045
6/27/2022 3:00,42.759
6/27/2022 4:00,201.985
6/27/2022 5:00,394.905
6/27/2022 6:00,584.208
6/27/2022 7:00,750.187
6/27/2022 8:00,877.535
6/27/2022 9:00,957.896
6/27/2022 10:00,979.83
6/27/2022 11:00,940.257
6/27/2022 12:00,845.596
6/27/2022 13:00,698.401
6/27/2022 14:00,522.647
6/27/2022 15:00,338.972
6/27/2022 16:00,163.173
6/27/2022 17:00,28.516
6/27/2022 18:00,0.002
6/27/2022 19:00,0
6/27/2022 20:00,0
6/27/2022 21:00,0
6/27/2022 22:00,0
6/27/2022 23:00,0
6/28/2022 0:00,0
6/28/2022 1:00,0
6/28/2022 2:00,0.044
6/28/2022 3:00,42.078
6/28/2022 4:00,200.035
6/28/2022 5:00,392.613
6/28/2022 6:00,582.071
6/28/2022 7:00,748.367
6/28/2022 8:00,876.512
6/28/2022 9:00,962.009
6/28/2022 10:00,982.791
6/28/2022 11:00,944.548
6/28/2022 12:00,849.519
6/28/2022 13:00,712.94
6/28/2022 14:00,539.789
6/28/2022 15:00,355.944
6/28/2022 16:00,169.782
6/28/2022 17:00,28.393
6/28/2022 18:00,0.001
6/28/2022 19:00,0
6/28/2022 20:00,0
6/28/2022 21:00,0
6/28/2022 22:00,0
6/28/2022 23:00,0
6/29/2022 0:00,0
6/29/2022 1:00,0
6/29/2022 2:00,0.042
6/29/2022 3:00,37.008
6/29/2022 4:00,185.65
6/29/2022 5:00,374.63
6/29/2022 6:00,563.206
6/29/2022 7:00,729.505
6/29/2022 8:00,859.287
6/29/2022 9:00,951.741
6/29/2022 10:00,977.81
6/29/2022 11:00,947.148
6/29/2022 12:00,858.274
6/29/2022 13:00,725.171
6/29/2022 14:00,556.961
6/29/2022 15:00,367.771
6/29/2022 16:00,178.027
6/29/2022 17:00,30.797
6/29/2022 18:00,0.001
6/29/2022 19:00,0
6/29/2022 20:00,0
6/29/2022 21:00,0
6/29/2022 22:00,0
6/29/2022 23:00,0
6/30/2022 0:00,0
6/30/2022 1:00,0
6/30/2022 2:00,0.041
6/30/2022 3:00,42.28
6/30/2022 4:00,201.923
6/30/2022 5:00,395.788
6/30/2022 6:00,586.034
6/30/2022 7:00,752.556
6/30/2022 8:00,880.493
6/30/2022 9:00,963.536
6/30/2022 10:00,986.852
6/30/2022 11:00,953.013
6/30/2022 12:00,860.337
6/30/2022 13:00,721.913
6/30/2022 14:00,541.953
6/30/2022 15:00,352.803
6/30/2022 16:00,169.047
6/30/2022 17:00,28.688
6/30/2022 18:00,0.001
6/30/2022 19:00,0
6/30/2022 20:00,0
6/30/2022 21:00,0
6/30/2022 22:00,0
6/30/2022 23:00,0
7/1/2022 0:00,0
7/1/2022 1:00,0
7/1/2022 2:00,0.04
7/1/2022 3:00,41.574
7/1/2022 4:00,196.975
7/1/2022 5:00,387.948
7/1/2022 6:00,576.426
7/1/2022 7:00,739.384
7/1/2022 8:00,861.122
7/1/2022 9:00,929.789
7/1/2022 10:00,938.328
7/1/2022 11:00,885.037
7/1/2022 12:00,775.381
7/1/2022 13:00,644.58
7/1/2022 14:00,484.539
7/1/2022 15:00,320.512
7/1/2022 16:00,157.174
7/1/2022 17:00,27.121
7/1/2022 18:00,0.001
7/1/2022 19:00,0
7/1/2022 20:00,0
7/1/2022 21:00,0
7/1/2022 22:00,0
7/1/2022 23:00,0
7/2/2022 0:00,0
7/2/2022 1:00,0
7/2/2022 2:00,0.035
7/2/2022 3:00,39.476
7/2/2022 4:00,193.771
7/2/2022 5:00,385.4
7/2/2022 6:00,572.307
7/2/2022 7:00,734.363
7/2/2022 8:00,856.476
7/2/2022 9:00,934.594
7/2/2022 10:00,952.614
7/2/2022 11:00,916.254
7/2/2022 12:00,820.836
7/2/2022 13:00,688.338
7/2/2022 14:00,518.157
7/2/2022 15:00,337.341
7/2/2022 16:00,163.816
7/2/2022 17:00,27.945
7/2/2022 18:00,0.001
7/2/2022 19:00,0
7/2/2022 20:00,0
7/2/2022 21:00,0
7/2/2022 22:00,0
7/2/2022 23:00,0
7/3/2022 0:00,0
7/3/2022 1:00,0
7/3/2022 2:00,0.035
7/3/2022 3:00,41.85
7/3/2022 4:00,203.147
7/3/2022 5:00,398.746
7/3/2022 6:00,591.984
7/3/2022 7:00,762.048
7/3/2022 8:00,893.105
7/3/2022 9:00,978.024
7/3/2022 10:00,1003.588
7/3/2022 11:00,969.954
7/3/2022 12:00,880.016
7/3/2022 13:00,742.405
7/3/2022 14:00,569.235
7/3/2022 15:00,376.341
7/3/2022 16:00,181.759
7/3/2022 17:00,30.385
7/3/2022 18:00,0
7/3/2022 19:00,0
7/3/2022 20:00,0
7/3/2022 21:00,0
7/3/2022 22:00,0
7/3/2022 23:00,0
7/4/2022 0:00,0
7/4/2022 1:00,0
7/4/2022 2:00,0.032
7/4/2022 3:00,42.329
7/4/2022 4:00,205.517
7/4/2022 5:00,403.201
7/4/2022 6:00,596.99
7/4/2022 7:00,766.746
7/4/2022 8:00,897.713
7/4/2022 9:00,981.092
7/4/2022 10:00,1003.661
7/4/2022 11:00,967.452
7/4/2022 12:00,876.334
7/4/2022 13:00,740.653
7/4/2022 14:00,568.927
7/4/2022 15:00,375.108
7/4/2022 16:00,180.666
7/4/2022 17:00,29.891
7/4/2022 18:00,0
7/4/2022 19:00,0
7/4/2022 20:00,0
7/4/2022 21:00,0
7/4/2022 22:00,0
7/4/2022 23:00,0
7/5/2022 0:00,0
7/5/2022 1:00,0
7/5/2022 2:00,0.028
7/5/2022 3:00,41.802
7/5/2022 4:00,204.579
7/5/2022 5:00,401.459
7/5/2022 6:00,594.517
7/5/2022 7:00,763.703
7/5/2022 8:00,893.715
7/5/2022 9:00,975.94
7/5/2022 10:00,999.286
7/5/2022 11:00,964.547
7/5/2022 12:00,871.604
7/5/2022 13:00,731.424
7/5/2022 14:00,556.067
7/5/2022 15:00,362.444
7/5/2022 16:00,174.34
7/5/2022 17:00,28.391
7/5/2022 18:00,0
7/5/2022 19:00,0
7/5/2022 20:00,0
7/5/2022 21:00,0
7/5/2022 22:00,0
7/5/2022 23:00,0
7/6/2022 0:00,0
7/6/2022 1:00,0
7/6/2022 2:00,0.024
7/6/2022 3:00,37.592
7/6/2022 4:00,189.069
7/6/2022 5:00,377.774
7/6/2022 6:00,566.484
7/6/2022 7:00,734.017
7/6/2022 8:00,863.362
7/6/2022 9:00,946.765
7/6/2022 10:00,965.653
7/6/2022 11:00,924.469
7/6/2022 12:00,819.873
7/6/2022 13:00,675.991
7/6/2022 14:00,508.09
7/6/2022 15:00,329.446
7/6/2022 16:00,151.765
7/6/2022 17:00,22.846
7/6/2022 18:00,0
7/6/2022 19:00,0
7/6/2022 20:00,0
7/6/2022 21:00,0
7/6/2022 22:00,0
7/6/2022 23:00,0
7/7/2022 0:00,0
7/7/2022 1:00,0
7/7/2022 2:00,0.014
7/7/2022 3:00,33.045
7/7/2022 4:00,173.817
7/7/2022 5:00,357.383
7/7/2022 6:00,564.297
7/7/2022 7:00,739.92
7/7/2022 8:00,870.577
7/7/2022 9:00,957.818
7/7/2022 10:00,979.648
7/7/2022 11:00,944.88
7/7/2022 12:00,849.927
7/7/2022 13:00,705.559
7/7/2022 14:00,530.08
7/7/2022 15:00,341.539
7/7/2022 16:00,159.013
7/7/2022 17:00,24.667
7/7/2022 18:00,0
7/7/2022 19:00,0
7/7/2022 20:00,0
7/7/2022 21:00,0
7/7/2022 22:00,0
7/7/2022 23:00,0
7/8/2022 0:00,0
7/8/2022 1:00,0
7/8/2022 2:00,0.012
7/8/2022 3:00,34.157
7/8/2022 4:00,176.444
7/8/2022 5:00,352.537
7/8/2022 6:00,524.918
7/8/2022 7:00,682.55
7/8/2022 8:00,811.993
7/8/2022 9:00,887.174
7/8/2022 10:00,889.156
7/8/2022 11:00,817.266
7/8/2022 12:00,695.521
7/8/2022 13:00,548.601
7/8/2022 14:00,406.554
7/8/2022 15:00,255.847
7/8/2022 16:00,115.832
7/8/2022 17:00,17.271
7/8/2022 18:00,0
7/8/2022 19:00,0
7/8/2022 20:00,0
7/8/2022 21:00,0
7/8/2022 22:00,0
7/8/2022 23:00,0
7/9/2022 0:00,0
7/9/2022 1:00,0
7/9/2022 2:00,0.013
7/9/2022 3:00,17.299
7/9/2022 4:00,102.004
7/9/2022 5:00,249.999
7/9/2022 6:00,389.251
7/9/2022 7:00,509.77
7/9/2022 8:00,608.355
7/9/2022 9:00,666.271
7/9/2022 10:00,676.705
7/9/2022 11:00,664.027
7/9/2022 12:00,588.478
7/9/2022 13:00,476.767
7/9/2022 14:00,365.587
7/9/2022 15:00,247.884
7/9/2022 16:00,119.014
7/9/2022 17:00,17.19
7/9/2022 18:00,0
7/9/2022 19:00,0
7/9/2022 20:00,0
7/9/2022 21:00,0
7/9/2022 22:00,0
7/9/2022 23:00,0
7/10/2022 0:00,0
7/10/2022 1:00,0
7/10/2022 2:00,0.011
7/10/2022 3:00,29.213
7/10/2022 4:00,168.947
7/10/2022 5:00,366.753
7/10/2022 6:00,562.949
7/10/2022 7:00,735.725
7/10/2022 8:00,863.335
7/10/2022 9:00,940.785
7/10/2022 10:00,945.99
7/10/2022 11:00,888.61
7/10/2022 12:00,788.18
7/10/2022 13:00,645.8
7/10/2022 14:00,486.995
7/10/2022 15:00,309.111
7/10/2022 16:00,147.404
7/10/2022 17:00,22.006
7/10/2022 18:00,0
7/10/2022 19:00,0
7/10/2022 20:00,0
7/10/2022 21:00,0
7/10/2022 22:00,0
7/10/2022 23:00,0
7/11/2022 0:00,0
7/11/2022 1:00,0
7/11/2022 2:00,0.007
7/11/2022 3:00,35.271
7/11/2022 4:00,189.589
7/11/2022 5:00,383.955
7/11/2022 6:00,575.768
7/11/2022 7:00,744.115
7/11/2022 8:00,872.288
7/11/2022 9:00,951.979
7/11/2022 10:00,963.278
7/11/2022 11:00,907.939
7/11/2022 12:00,807.322
7/11/2022 13:00,676.428
7/11/2022 14:00,519.339
7/11/2022 15:00,339.508
7/11/2022 16:00,159.392
7/11/2022 17:00,23.561
7/11/2022 18:00,0
7/11/2022 19:00,0
7/11/2022 20:00,0
7/11/2022 21:00,0
7/11/2022 22:00,0
7/11/2022 23:00,0
7/12/2022 0:00,0
7/12/2022 1:00,0
7/12/2022 2:00,0.009
7/12/2022 3:00,31.792
7/12/2022 4:00,183.733
7/12/2022 5:00,382.479
7/12/2022 6:00,577.201
7/12/2022 7:00,746.656
7/12/2022 8:00,880.121
7/12/2022 9:00,961.735
7/12/2022 10:00,984.207
7/12/2022 11:00,950.111
7/12/2022 12:00,864.009
7/12/2022 13:00,729.067
7/12/2022 14:00,557.23
7/12/2022 15:00,363.55
7/12/2022 16:00,170.859
7/12/2022 17:00,25.411
7/12/2022 18:00,0
7/12/2022 19:00,0
7/12/2022 20:00,0
7/12/2022 21:00,0
7/12/2022 22:00,0
7/12/2022 23:00,0
7/13/2022 0:00,0
7/13/2022 1:00,0
7/13/2022 2:00,0.006
7/13/2022 3:00,31.963
7/13/2022 4:00,183.198
7/13/2022 5:00,381.067
7/13/2022 6:00,576.79
7/13/2022 7:00,748.289
7/13/2022 8:00,879.366
7/13/2022 9:00,961.843
7/13/2022 10:00,982.885
7/13/2022 11:00,945.586
7/13/2022 12:00,844.859
7/13/2022 13:00,703.326
7/13/2022 14:00,533.055
7/13/2022 15:00,345.226
7/13/2022 16:00,160.158
7/13/2022 17:00,23.445
7/13/2022 18:00,0
7/13/2022 19:00,0
7/13/2022 20:00,0
7/13/2022 21:00,0
7/13/2022 22:00,0
7/13/2022 23:00,0
7/14/2022 0:00,0
7/14/2022 1:00,0
7/14/2022 2:00,0.005
7/14/2022 3:00,34.775
7/14/2022 4:00,193.133
7/14/2022 5:00,390.498
7/14/2022 6:00,584.578
7/14/2022 7:00,754.964
7/14/2022 8:00,886.334
7/14/2022 9:00,970.866
7/14/2022 10:00,995.616
7/14/2022 11:00,962.687
7/14/2022 12:00,874.007
7/14/2022 13:00,736.921
7/14/2022 14:00,563.103
7/14/2022 15:00,367.872
7/14/2022 16:00,172.345
7/14/2022 17:00,24.819
7/14/2022 18:00,0
7/14/2022 19:00,0
7/14/2022 20:00,0
7/14/2022 21:00,0
7/14/2022 22:00,0
7/14/2022 23:00,0
7/15/2022 0:00,0
7/15/2022 1:00,0
7/15/2022 2:00,0.004
7/15/2022 3:00,34.778
7/15/2022 4:00,195.093
7/15/2022 5:00,392.606
7/15/2022 6:00,585.795
7/15/2022 7:00,754.743
7/15/2022 8:00,884.733
7/15/2022 9:00,965.49
7/15/2022 10:00,989.93
7/15/2022 11:00,956.941
7/15/2022 12:00,866.541
7/15/2022 13:00,729.575
7/15/2022 14:00,558.827
7/15/2022 15:00,363.696
7/15/2022 16:00,169.017
7/15/2022 17:00,23.456
7/15/2022 18:00,0
7/15/2022 19:00,0
7/15/2022 20:00,0
7/15/2022 21:00,0
7/15/2022 22:00,0
7/15/2022 23:00,0
7/16/2022 0:00,0
7/16/2022 1:00,0
7/16/2022 2:00,0.003
7/16/2022 3:00,32.431
7/16/2022 4:00,188.532
7/16/2022 5:00,384.721
7/16/2022 6:00,578.007
7/16/2022 7:00,747.365
7/16/2022 8:00,878.133
7/16/2022 9:00,962.525
7/16/2022 10:00,987.112
7/16/2022 11:00,954.308
7/16/2022 12:00,864.724
7/16/2022 13:00,725.938
7/16/2022 14:00,552.435
7/16/2022 15:00,356.797
7/16/2022 16:00,163.845
7/16/2022 17:00,22.011
7/16/2022 18:00,0
7/16/2022 19:00,0
7/16/2022 20:00,0
7/16/2022 21:00,0
7/16/2022 22:00,0
7/16/2022 23:00,0
7/17/2022 0:00,0
7/17/2022 1:00,0
7/17/2022 2:00,0.002
7/17/2022 3:00,30.366
7/17/2022 4:00,181.651
7/17/2022 5:00,375.112
7/17/2022 6:00,566.913
7/17/2022 7:00,735.427
7/17/2022 8:00,865.356
7/17/2022 9:00,944.393
7/17/2022 10:00,964.238
7/17/2022 11:00,914.505
7/17/2022 12:00,815.518
7/17/2022 13:00,676.136
7/17/2022 14:00,508.99
7/17/2022 15:00,323.892
7/17/2022 16:00,144.301
7/17/2022 17:00,18.345
7/17/2022 18:00,0
7/17/2022 19:00,0
7/17/2022 20:00,0
7/17/2022 21:00,0
7/17/2022 22:00,0
7/17/2022 23:00,0
7/18/2022 0:00,0
7/18/2022 1:00,0
7/18/2022 2:00,0.002
7/18/2022 3:00,29.188
7/18/2022 4:00,178.793
7/18/2022 5:00,373.265
7/18/2022 6:00,565.987
7/18/2022 7:00,736.492
7/18/2022 8:00,862.35
7/18/2022 9:00,944.233
7/18/2022 10:00,962.247
7/18/2022 11:00,924.399
7/18/2022 12:00,831.701
7/18/2022 13:00,694.97
7/18/2022 14:00,527.3
7/18/2022 15:00,339.965
7/18/2022 16:00,154.416
7/18/2022 17:00,19.465
7/18/2022 18:00,0
7/18/2022 19:00,0
7/18/2022 20:00,0
7/18/2022 21:00,0
7/18/2022 22:00,0
7/18/2022 23:00,0
7/19/2022 0:00,0
7/19/2022 1:00,0
7/19/2022 2:00,0.001
7/19/2022 3:00,27.866
7/19/2022 4:00,176.614
7/19/2022 5:00,373.21
7/19/2022 6:00,569.595
7/19/2022 7:00,742.147
7/19/2022 8:00,875.539
7/19/2022 9:00,963.147
7/19/2022 10:00,988.843
7/19/2022 11:00,955.899
7/19/2022 12:00,868.237
7/19/2022 13:00,726.432
7/19/2022 14:00,552.324
7/19/2022 15:00,358.07
7/19/2022 16:00,162.701
7/19/2022 17:00,20.283
7/19/2022 18:00,0
7/19/2022 19:00,0
7/19/2022 20:00,0
7/19/2022 21:00,0
7/19/2022 22:00,0
7/19/2022 23:00,0
7/20/2022 0:00,0
7/20/2022 1:00,0
7/20/2022 2:00,0.001
7/20/2022 3:00,29.119
7/20/2022 4:00,183.916
7/20/2022 5:00,382.156
7/20/2022 6:00,577.642
7/20/2022 7:00,748.825
7/20/2022 8:00,880.41
7/20/2022 9:00,964.614
7/20/2022 10:00,983.732
7/20/2022 11:00,948.52
7/20/2022 12:00,868.729
7/20/2022 13:00,723.09
7/20/2022 14:00,549.993
7/20/2022 15:00,356
7/20/2022 16:00,160.786
7/20/2022 17:00,19.542
7/20/2022 18:00,0
7/20/2022 19:00,0
7/20/2022 20:00,0
7/20/2022 21:00,0
7/20/2022 22:00,0
7/20/2022 23:00,0
7/21/2022 0:00,0
7/21/2022 1:00,0
7/21/2022 2:00,0
7/21/2022 3:00,27.859
7/21/2022 4:00,180.831
7/21/2022 5:00,378.158
7/21/2022 6:00,573.021
7/21/2022 7:00,744.166
7/21/2022 8:00,876.375
7/21/2022 9:00,962.241
7/21/2022 10:00,987.356
7/21/2022 11:00,954.092
7/21/2022 12:00,861.266
7/21/2022 13:00,723.248
7/21/2022 14:00,547.858
7/21/2022 15:00,351.757
7/21/2022 16:00,156.951
7/21/2022 17:00,18.448
7/21/2022 18:00,0
7/21/2022 19:00,0
7/21/2022 20:00,0
7/21/2022 21:00,0
7/21/2022 22:00,0
7/21/2022 23:00,0
7/22/2022 0:00,0
7/22/2022 1:00,0
7/22/2022 2:00,0
7/22/2022 3:00,25.914
7/22/2022 4:00,174.905
7/22/2022 5:00,370.453
7/22/2022 6:00,564.683
7/22/2022 7:00,735.662
7/22/2022 8:00,868.003
7/22/2022 9:00,951.526
7/22/2022 10:00,976.953
7/22/2022 11:00,943.941
7/22/2022 12:00,853.662
7/22/2022 13:00,716.105
7/22/2022 14:00,541.623
7/22/2022 15:00,346.104
7/22/2022 16:00,152.713
7/22/2022 17:00,17.202
7/22/2022 18:00,0
7/22/2022 19:00,0
7/22/2022 20:00,0
7/22/2022 21:00,0
7/22/2022 22:00,0
7/22/2022 23:00,0
7/23/2022 0:00,0
7/23/2022 1:00,0
7/23/2022 2:00,0
7/23/2022 3:00,24.54
7/23/2022 4:00,170.986
7/23/2022 5:00,366.126
7/23/2022 6:00,561.15
7/23/2022 7:00,733.559
7/23/2022 8:00,867.127
7/23/2022 9:00,951.502
7/23/2022 10:00,978.325
7/23/2022 11:00,946.2
7/23/2022 12:00,851.12
7/23/2022 13:00,712.396
7/23/2022 14:00,538.065
7/23/2022 15:00,342.682
7/23/2022 16:00,149.922
7/23/2022 17:00,16.17
7/23/2022 18:00,0
7/23/2022 19:00,0
7/23/2022 20:00,0
7/23/2022 21:00,0
7/23/2022 22:00,0
7/23/2022 23:00,0
7/24/2022 0:00,0
7/24/2022 1:00,0
7/24/2022 2:00,0
7/24/2022 3:00,23.6
7/24/2022 4:00,168.785
7/24/2022 5:00,363.2
7/24/2022 6:00,557.272
7/24/2022 7:00,728.734
7/24/2022 8:00,862.111
7/24/2022 9:00,948.214
7/24/2022 10:00,973.303
7/24/2022 11:00,939.071
7/24/2022 12:00,844.617
7/24/2022 13:00,704.324
7/24/2022 14:00,527.981
7/24/2022 15:00,331.754
7/24/2022 16:00,141.826
7/24/2022 17:00,14.492
7/24/2022 18:00,0
7/24/2022 19:00,0
7/24/2022 20:00,0
7/24/2022 21:00,0
7/24/2022 22:00,0
7/24/2022 23:00,0
7/25/2022 0:00,0
7/25/2022 1:00,0
7/25/2022 2:00,0
7/25/2022 3:00,19.887
7/25/2022 4:00,151.666
7/25/2022 5:00,337.209
7/25/2022 6:00,527.556
7/25/2022 7:00,698.147
7/25/2022 8:00,830.336
7/25/2022 9:00,916.787
7/25/2022 10:00,940.899
7/25/2022 11:00,901.163
7/25/2022 12:00,799.626
7/25/2022 13:00,657.543
7/25/2022 14:00,487.304
7/25/2022 15:00,302.36
7/25/2022 16:00,127.616
7/25/2022 17:00,12.823
7/25/2022 18:00,0
7/25/2022 19:00,0
7/25/2022 20:00,0
7/25/2022 21:00,0
7/25/2022 22:00,0
7/25/2022 23:00,0
7/26/2022 0:00,0
7/26/2022 1:00,0
7/26/2022 2:00,0
7/26/2022 3:00,19.896
7/26/2022 4:00,155.791
7/26/2022 5:00,348.008
7/26/2022 6:00,542.841
7/26/2022 7:00,715.579
7/26/2022 8:00,849.537
7/26/2022 9:00,937.183
7/26/2022 10:00,963.112
7/26/2022 11:00,931.591
7/26/2022 12:00,841.769
7/26/2022 13:00,704.321
7/26/2022 14:00,532.156
7/26/2022 15:00,336.268
7/26/2022 16:00,142.749
7/26/2022 17:00,13.61
7/26/2022 18:00,0
7/26/2022 19:00,0
7/26/2022 20:00,0
7/26/2022 21:00,0
7/26/2022 22:00,0
7/26/2022 23:00,0
7/27/2022 0:00,0
7/27/2022 1:00,0
7/27/2022 2:00,0
7/27/2022 3:00,20.808
7/27/2022 4:00,163.452
7/27/2022 5:00,358.645
7/27/2022 6:00,553.326
7/27/2022 7:00,724.738
7/27/2022 8:00,857.06
7/27/2022 9:00,938.163
7/27/2022 10:00,960.178
7/27/2022 11:00,922.6
7/27/2022 12:00,813.908
7/27/2022 13:00,673.05
7/27/2022 14:00,500.425
7/27/2022 15:00,312.207
7/27/2022 16:00,130.612
7/27/2022 17:00,11.781
7/27/2022 18:00,0
7/27/2022 19:00,0
7/27/2022 20:00,0
7/27/2022 21:00,0
7/27/2022 22:00,0
7/27/2022 23:00,0
7/28/2022 0:00,0
7/28/2022 1:00,0
7/28/2022 2:00,0
7/28/2022 3:00,19.847
7/28/2022 4:00,160.411
7/28/2022 5:00,354.585
7/28/2022 6:00,548.592
7/28/2022 7:00,719.299
7/28/2022 8:00,851.52
7/28/2022 9:00,933.881
7/28/2022 10:00,952.74
7/28/2022 11:00,909.503
7/28/2022 12:00,814.498
7/28/2022 13:00,674.014
7/28/2022 14:00,505.067
7/28/2022 15:00,316.981
7/28/2022 16:00,132.582
7/28/2022 17:00,11.554
7/28/2022 18:00,0
7/28/2022 19:00,0
7/28/2022 20:00,0
7/28/2022 21:00,0
7/28/2022 22:00,0
7/28/2022 23:00,0
7/29/2022 0:00,0
7/29/2022 1:00,0
7/29/2022 2:00,0
7/29/2022 3:00,18.722
7/29/2022 4:00,158.771
7/29/2022 5:00,354.433
7/29/2022 6:00,550.666
7/29/2022 7:00,723.867
7/29/2022 8:00,857.876
7/29/2022 9:00,944.817
7/29/2022 10:00,970.825
7/29/2022 11:00,937.552
7/29/2022 12:00,845.795
7/29/2022 13:00,704.456
7/29/2022 14:00,524.721
7/29/2022 15:00,326.286
7/29/2022 16:00,135.772
7/29/2022 17:00,11.53
7/29/2022 18:00,0
7/29/2022 19:00,0
7/29/2022 20:00,0
7/29/2022 21:00,0
7/29/2022 22:00,0
7/29/2022 23:00,0
7/30/2022 0:00,0
7/30/2022 1:00,0
7/30/2022 2:00,0
7/30/2022 3:00,18.135
7/30/2022 4:00,158.956
7/30/2022 5:00,355.871
7/30/2022 6:00,552.152
7/30/2022 7:00,725.085
7/30/2022 8:00,858.757
7/30/2022 9:00,943.961
7/30/2022 10:00,968.694
7/30/2022 11:00,931.563
7/30/2022 12:00,832.666
7/30/2022 13:00,686.876
7/30/2022 14:00,508.629
7/30/2022 15:00,315.106
7/30/2022 16:00,130.579
7/30/2022 17:00,10.605
7/30/2022 18:00,0
7/30/2022 19:00,0
7/30/2022 20:00,0
7/30/2022 21:00,0
7/30/2022 22:00,0
7/30/2022 23:00,0
7/31/2022 0:00,0
7/31/2022 1:00,0
7/31/2022 2:00,0
7/31/2022 3:00,16.761
7/31/2022 4:00,153.74
7/31/2022 5:00,347.114
7/31/2022 6:00,540.803
7/31/2022 7:00,710.855
7/31/2022 8:00,843.342
7/31/2022 9:00,928.526
7/31/2022 10:00,950.864
7/31/2022 11:00,901.778
7/31/2022 12:00,801.86
7/31/2022 13:00,662.969
7/31/2022 14:00,490.213
7/31/2022 15:00,301.233
7/31/2022 16:00,121.149
7/31/2022 17:00,9.167
7/31/2022 18:00,0
7/31/2022 19:00,0
7/31/2022 20:00,0
7/31/2022 21:00,0
7/31/2022 22:00,0
7/31/2022 23:00,0
8/1/2022 0:00,0
8/1/2022 1:00,0
8/1/2022 2:00,0
8/1/2022 3:00,14.299
8/1/2022 4:00,140.968
8/1/2022 5:00,330.768
8/1/2022 6:00,526.813
8/1/2022 7:00,700.136
8/1/2022 8:00,834.773
8/1/2022 9:00,913.89
8/1/2022 10:00,939.774
8/1/2022 11:00,905.171
8/1/2022 12:00,805.994
8/1/2022 13:00,666.168
8/1/2022 14:00,497.309
8/1/2022 15:00,306.966
8/1/2022 16:00,122.707
8/1/2022 17:00,8.946
8/1/2022 18:00,0
8/1/2022 19:00,0
8/1/2022 20:00,0
8/1/2022 21:00,0
8/1/2022 22:00,0
8/1/2022 23:00,0
8/2/2022 0:00,0
8/2/2022 1:00,0
8/2/2022 2:00,0
8/2/2022 3:00,15.027
8/2/2022 4:00,148.313
8/2/2022 5:00,341.33
8/2/2022 6:00,537.051
8/2/2022 7:00,709.498
8/2/2022 8:00,841.247
8/2/2022 9:00,926.319
8/2/2022 10:00,949.431
8/2/2022 11:00,913.76
8/2/2022 12:00,817.531
8/2/2022 13:00,673.015
8/2/2022 14:00,496.955
8/2/2022 15:00,310.482
8/2/2022 16:00,125.427
8/2/2022 17:00,8.772
8/2/2022 18:00,0
8/2/2022 19:00,0
8/2/2022 20:00,0
8/2/2022 21:00,0
8/2/2022 22:00,0
8/2/2022 23:00,0
8/3/2022 0:00,0
8/3/2022 1:00,0
8/3/2022 2:00,0
8/3/2022 3:00,14.063
8/3/2022 4:00,146.958
8/3/2022 5:00,340.218
8/3/2022 6:00,535.119
8/3/2022 7:00,708.438
8/3/2022 8:00,836.557
8/3/2022 9:00,899.789
8/3/2022 10:00,906.1
8/3/2022 11:00,844.264
8/3/2022 12:00,752.736
8/3/2022 13:00,620.427
8/3/2022 14:00,453.941
8/3/2022 15:00,279.409
8/3/2022 16:00,110.868
8/3/2022 17:00,6.954
8/3/2022 18:00,0
8/3/2022 19:00,0
8/3/2022 20:00,0
8/3/2022 21:00,0
8/3/2022 22:00,0
8/3/2022 23:00,0
8/4/2022 0:00,0
8/4/2022 1:00,0
8/4/2022 2:00,0
8/4/2022 3:00,12.744
8/4/2022 4:00,138.953
8/4/2022 5:00,324.688
8/4/2022 6:00,512.045
8/4/2022 7:00,684.593
8/4/2022 8:00,828.755
8/4/2022 9:00,915.573
8/4/2022 10:00,931.401
8/4/2022 11:00,882.598
8/4/2022 12:00,771.177
8/4/2022 13:00,630.884
8/4/2022 14:00,470.294
8/4/2022 15:00,291.606
8/4/2022 16:00,115.15
8/4/2022 17:00,7.026
8/4/2022 18:00,0
8/4/2022 19:00,0
8/4/2022 20:00,0
8/4/2022 21:00,0
8/4/2022 22:00,0
8/4/2022 23:00,0
8/5/2022 0:00,0
8/5/2022 1:00,0
8/5/2022 2:00,0
8/5/2022 3:00,12.283
8/5/2022 4:00,139.895
8/5/2022 5:00,332.106
8/5/2022 6:00,529.861
8/5/2022 7:00,709.531
8/5/2022 8:00,845.093
8/5/2022 9:00,925.391
8/5/2022 10:00,946.117
8/5/2022 11:00,904.834
8/5/2022 12:00,809.461
8/5/2022 13:00,668.04
8/5/2022 14:00,491.669
8/5/2022 15:00,299.538
8/5/2022 16:00,114.686
8/5/2022 17:00,6.484
8/5/2022 18:00,0
8/5/2022 19:00,0
8/5/2022 20:00,0
8/5/2022 21:00,0
8/5/2022 22:00,0
8/5/2022 23:00,0
8/6/2022 0:00,0
8/6/2022 1:00,0
8/6/2022 2:00,0
8/6/2022 3:00,10.312
8/6/2022 4:00,125.376
8/6/2022 5:00,304.256
8/6/2022 6:00,494.06
8/6/2022 7:00,674.08
8/6/2022 8:00,814.386
8/6/2022 9:00,894.773
8/6/2022 10:00,897.706
8/6/2022 11:00,824.513
8/6/2022 12:00,725.258
8/6/2022 13:00,595.188
8/6/2022 14:00,432.825
8/6/2022 15:00,260.33
8/6/2022 16:00,97.807
8/6/2022 17:00,4.919
8/6/2022 18:00,0
8/6/2022 19:00,0
8/6/2022 20:00,0
8/6/2022 21:00,0
8/6/2022 22:00,0
8/6/2022 23:00,0
8/7/2022 0:00,0
8/7/2022 1:00,0
8/7/2022 2:00,0
8/7/2022 3:00,10.123
8/7/2022 4:00,130.411
8/7/2022 5:00,320.023
8/7/2022 6:00,515.261
8/7/2022 7:00,686.929
8/7/2022 8:00,817.966
8/7/2022 9:00,873.556
8/7/2022 10:00,862.726
8/7/2022 11:00,787.447
8/7/2022 12:00,689.432
8/7/2022 13:00,555.49
8/7/2022 14:00,411.668
8/7/2022 15:00,251.044
8/7/2022 16:00,93.961
8/7/2022 17:00,4.284
8/7/2022 18:00,0
8/7/2022 19:00,0
8/7/2022 20:00,0
8/7/2022 21:00,0
8/7/2022 22:00,0
8/7/2022 23:00,0
8/8/2022 0:00,0
8/8/2022 1:00,0
8/8/2022 2:00,0
8/8/2022 3:00,10.114
8/8/2022 4:00,136.464
8/8/2022 5:00,330.92
8/8/2022 6:00,527.129
8/8/2022 7:00,701.693
8/8/2022 8:00,837.802
8/8/2022 9:00,922.987
8/8/2022 10:00,946.552
8/8/2022 11:00,909.592
8/8/2022 12:00,812.65
8/8/2022 13:00,668.1
8/8/2022 14:00,489.228
8/8/2022 15:00,288.219
8/8/2022 16:00,103.029
8/8/2022 17:00,4.572
8/8/2022 18:00,0
8/8/2022 19:00,0
8/8/2022 20:00,0
8/8/2022 21:00,0
8/8/2022 22:00,0
8/8/2022 23:00,0
8/9/2022 0:00,0
8/9/2022 1:00,0
8/9/2022 2:00,0
8/9/2022 3:00,8.904
8/9/2022 4:00,128.952
8/9/2022 5:00,319.808
8/9/2022 6:00,517.013
8/9/2022 7:00,695.364
8/9/2022 8:00,832.615
8/9/2022 9:00,917.622
8/9/2022 10:00,939.441
8/9/2022 11:00,901.979
8/9/2022 12:00,811.355
8/9/2022 13:00,666.691
8/9/2022 14:00,485.757
8/9/2022 15:00,291.869
8/9/2022 16:00,106.115
8/9/2022 17:00,4.348
8/9/2022 18:00,0
8/9/2022 19:00,0
8/9/2022 20:00,0
8/9/2022 21:00,0
8/9/2022 22:00,0
8/9/2022 23:00,0
8/10/2022 0:00,0
8/10/2022 1:00,0
8/10/2022 2:00,0
8/10/2022 3:00,7.741
8/10/2022 4:00,118.059
8/10/2022 5:00,296.276
8/10/2022 6:00,480.229
8/10/2022 7:00,654.388
8/10/2022 8:00,796.995
8/10/2022 9:00,895.597
8/10/2022 10:00,915.593
8/10/2022 11:00,872
8/10/2022 12:00,757.884
8/10/2022 13:00,608.234
8/10/2022 14:00,434.958
8/10/2022 15:00,250.509
8/10/2022 16:00,86.62
8/10/2022 17:00,3.066
8/10/2022 18:00,0
8/10/2022 19:00,0
8/10/2022 20:00,0
8/10/2022 21:00,0
8/10/2022 22:00,0
8/10/2022 23:00,0
8/11/2022 0:00,0
8/11/2022 1:00,0
8/11/2022 2:00,0
8/11/2022 3:00,6.567
8/11/2022 4:00,111.021
8/11/2022 5:00,291.484
8/11/2022 6:00,483.121
8/11/2022 7:00,650.253
8/11/2022 8:00,773.12
8/11/2022 9:00,845.304
8/11/2022 10:00,842.597
8/11/2022 11:00,777.678
8/11/2022 12:00,675.106
8/11/2022 13:00,541.281
8/11/2022 14:00,384.616
8/11/2022 15:00,226.541
8/11/2022 16:00,80.215
8/11/2022 17:00,2.785
8/11/2022 18:00,0
8/11/2022 19:00,0
8/11/2022 20:00,0
8/11/2022 21:00,0
8/11/2022 22:00,0
8/11/2022 23:00,0
8/12/2022 0:00,0
8/12/2022 1:00,0
8/12/2022 2:00,0
8/12/2022 3:00,6.272
8/12/2022 4:00,109.652
8/12/2022 5:00,284.094
8/12/2022 6:00,465.817
8/12/2022 7:00,623.311
8/12/2022 8:00,739.88
8/12/2022 9:00,807.967
8/12/2022 10:00,819.866
8/12/2022 11:00,779.664
8/12/2022 12:00,676.992
8/12/2022 13:00,537.924
8/12/2022 14:00,380.002
8/12/2022 15:00,215.365
8/12/2022 16:00,72.893
8/12/2022 17:00,2.033
8/12/2022 18:00,0
8/12/2022 19:00,0
8/12/2022 20:00,0
8/12/2022 21:00,0
8/12/2022 22:00,0
8/12/2022 23:00,0
8/13/2022 0:00,0
8/13/2022 1:00,0
8/13/2022 2:00,0
8/13/2022 3:00,4.074
8/13/2022 4:00,72.238
8/13/2022 5:00,187.392
8/13/2022 6:00,330.848
8/13/2022 7:00,519.877
8/13/2022 8:00,664.657
8/13/2022 9:00,755.022
8/13/2022 10:00,777.045
8/13/2022 11:00,745.954
8/13/2022 12:00,673.206
8/13/2022 13:00,547.688
8/13/2022 14:00,375.058
8/13/2022 15:00,223.144
8/13/2022 16:00,79.719
8/13/2022 17:00,2.424
8/13/2022 18:00,0
8/13/2022 19:00,0
8/13/2022 20:00,0
8/13/2022 21:00,0
8/13/2022 22:00,0
8/13/2022 23:00,0
8/14/2022 0:00,0
8/14/2022 1:00,0
8/14/2022 2:00,0
8/14/2022 3:00,4.634
8/14/2022 4:00,99.632
8/14/2022 5:00,272.887
8/14/2022 6:00,456.032
8/14/2022 7:00,628.257
8/14/2022 8:00,753.702
8/14/2022 9:00,815.485
8/14/2022 10:00,810.312
8/14/2022 11:00,761.693
8/14/2022 12:00,669.737
8/14/2022 13:00,549.886
8/14/2022 14:00,394.309
8/14/2022 15:00,234.237
8/14/2022 16:00,77.501
8/14/2022 17:00,1.945
8/14/2022 18:00,0
8/14/2022 19:00,0
8/14/2022 20:00,0
8/14/2022 21:00,0
8/14/2022 22:00,0
8/14/2022 23:00,0
8/15/2022 0:00,0
8/15/2022 1:00,0
8/15/2022 2:00,0
8/15/2022 3:00,4.746
8/15/2022 4:00,110.925
8/15/2022 5:00,301.698
8/15/2022 6:00,499.849
8/15/2022 7:00,676.512
8/15/2022 8:00,814.065
8/15/2022 9:00,908.971
8/15/2022 10:00,936.424
8/15/2022 11:00,901.949
8/15/2022 12:00,808.709
8/15/2022 13:00,666.514
8/15/2022 14:00,487.599
8/15/2022 15:00,287.444
8/15/2022 16:00,96.743
8/15/2022 17:00,2.291
8/15/2022 18:00,0
8/15/2022 19:00,0
8/15/2022 20:00,0
8/15/2022 21:00,0
8/15/2022 22:00,0
8/15/2022 23:00,0
8/16/2022 0:00,0
8/16/2022 1:00,0
8/16/2022 2:00,0
8/16/2022 3:00,4.638
8/16/2022 4:00,106.92
8/16/2022 5:00,283.255
8/16/2022 6:00,465.747
8/16/2022 7:00,627.024
8/16/2022 8:00,739.738
8/16/2022 9:00,822.797
8/16/2022 10:00,851.574
8/16/2022 11:00,820.851
8/16/2022 12:00,718.006
8/16/2022 13:00,579.58
8/16/2022 14:00,407.953
8/16/2022 15:00,233.676
8/16/2022 16:00,76.034
8/16/2022 17:00,1.522
8/16/2022 18:00,0
8/16/2022 19:00,0
8/16/2022 20:00,0
8/16/2022 21:00,0
8/16/2022 22:00,0
8/16/2022 23:00,0
8/17/2022 0:00,0
8/17/2022 1:00,0
8/17/2022 2:00,0
8/17/2022 3:00,3.853
8/17/2022 4:00,103.697
8/17/2022 5:00,289.941
8/17/2022 6:00,483.556
8/17/2022 7:00,656.663
8/17/2022 8:00,791.655
8/17/2022 9:00,889.137
8/17/2022 10:00,921.216
8/17/2022 11:00,889.29
8/17/2022 12:00,796.569
8/17/2022 13:00,650.869
8/17/2022 14:00,470.114
8/17/2022 15:00,271.504
8/17/2022 16:00,87.818
8/17/2022 17:00,1.609
8/17/2022 18:00,0
8/17/2022 19:00,0
8/17/2022 20:00,0
8/17/2022 21:00,0
8/17/2022 22:00,0
8/17/2022 23:00,0
8/18/2022 0:00,0
8/18/2022 1:00,0
8/18/2022 2:00,0
8/18/2022 3:00,3.612
8/18/2022 4:00,108.322
8/18/2022 5:00,301.891
8/18/2022 6:00,500.904
8/18/2022 7:00,677.304
8/18/2022 8:00,814.157
8/18/2022 9:00,901.803
8/18/2022 10:00,927.377
8/18/2022 11:00,892.873
8/18/2022 12:00,801.789
8/18/2022 13:00,658.961
8/18/2022 14:00,478.426
8/18/2022 15:00,278.561
8/18/2022 16:00,88.783
8/18/2022 17:00,1.352
8/18/2022 18:00,0
8/18/2022 19:00,0
8/18/2022 20:00,0
8/18/2022 21:00,0
8/18/2022 22:00,0
8/18/2022 23:00,0
8/19/2022 0:00,0
8/19/2022 1:00,0
8/19/2022 2:00,0
8/19/2022 3:00,3.117
8/19/2022 4:00,102.846
8/19/2022 5:00,293.007
8/19/2022 6:00,489.984
8/19/2022 7:00,665.137
8/19/2022 8:00,801.012
8/19/2022 9:00,879.063
8/19/2022 10:00,904.358
8/19/2022 11:00,869.378
8/19/2022 12:00,758.252
8/19/2022 13:00,614.131
8/19/2022 14:00,435.12
8/19/2022 15:00,241.341
8/19/2022 16:00,69.786
8/19/2022 17:00,0.953
8/19/2022 18:00,0
8/19/2022 19:00,0
8/19/2022 20:00,0
8/19/2022 21:00,0
8/19/2022 22:00,0
8/19/2022 23:00,0
8/20/2022 0:00,0
8/20/2022 1:00,0
8/20/2022 2:00,0
8/20/2022 3:00,2.425
8/20/2022 4:00,82.432
8/20/2022 5:00,250.862
8/20/2022 6:00,438.224
8/20/2022 7:00,609.788
8/20/2022 8:00,736.98
8/20/2022 9:00,805.996
8/20/2022 10:00,817.397
8/20/2022 11:00,782.762
8/20/2022 12:00,695.436
8/20/2022 13:00,562.149
8/20/2022 14:00,398.273
8/20/2022 15:00,220.16
8/20/2022 16:00,62.942
8/20/2022 17:00,0.719
8/20/2022 18:00,0
8/20/2022 19:00,0
8/20/2022 20:00,0
8/20/2022 21:00,0
8/20/2022 22:00,0
8/20/2022 23:00,0
8/21/2022 0:00,0
8/21/2022 1:00,0
8/21/2022 2:00,0
8/21/2022 3:00,1.858
8/21/2022 4:00,77.715
8/21/2022 5:00,238.869
8/21/2022 6:00,407.752
8/21/2022 7:00,564.957
8/21/2022 8:00,686.595
8/21/2022 9:00,750.182
8/21/2022 10:00,760.902
8/21/2022 11:00,704.678
8/21/2022 12:00,631.665
8/21/2022 13:00,524.709
8/21/2022 14:00,361.248
8/21/2022 15:00,211.781
8/21/2022 16:00,59.673
8/21/2022 17:00,0.595
8/21/2022 18:00,0
8/21/2022 19:00,0
8/21/2022 20:00,0
8/21/2022 21:00,0
8/21/2022 22:00,0
8/21/2022 23:00,0
8/22/2022 0:00,0
8/22/2022 1:00,0
8/22/2022 2:00,0
8/22/2022 3:00,1.651
8/22/2022 4:00,79.197
8/22/2022 5:00,250.656
8/22/2022 6:00,443.675
8/22/2022 7:00,613.941
8/22/2022 8:00,736.798
8/22/2022 9:00,794.988
8/22/2022 10:00,786.154
8/22/2022 11:00,701.126
8/22/2022 12:00,601.922
8/22/2022 13:00,442.796
8/22/2022 14:00,270.547
8/22/2022 15:00,141.727
8/22/2022 16:00,41.82
8/22/2022 17:00,0.34
8/22/2022 18:00,0
8/22/2022 19:00,0
8/22/2022 20:00,0
8/22/2022 21:00,0
8/22/2022 22:00,0
8/22/2022 23:00,0
8/23/2022 0:00,0
8/23/2022 1:00,0
8/23/2022 2:00,0
8/23/2022 3:00,1.064
8/23/2022 4:00,59.688
8/23/2022 5:00,175.831
8/23/2022 6:00,293.654
8/23/2022 7:00,423.757
8/23/2022 8:00,505.743
8/23/2022 9:00,534.209
8/23/2022 10:00,513.165
8/23/2022 11:00,470.609
8/23/2022 12:00,404.565
8/23/2022 13:00,314.2
8/23/2022 14:00,217.148
8/23/2022 15:00,117.809
8/23/2022 16:00,32.43
8/23/2022 17:00,0.22
8/23/2022 18:00,0
8/23/2022 19:00,0
8/23/2022 20:00,0
8/23/2022 21:00,0
8/23/2022 22:00,0
8/23/2022 23:00,0
8/24/2022 0:00,0
8/24/2022 1:00,0
8/24/2022 2:00,0
8/24/2022 3:00,0.543
8/24/2022 4:00,32.967
8/24/2022 5:00,111.335
8/24/2022 6:00,199.213
8/24/2022 7:00,281.656
8/24/2022 8:00,347.68
8/24/2022 9:00,404.942
8/24/2022 10:00,428.967
8/24/2022 11:00,412.906
8/24/2022 12:00,371.059
8/24/2022 13:00,306.941
8/24/2022 14:00,218.541
8/24/2022 15:00,121.95
8/24/2022 16:00,33.612
8/24/2022 17:00,0.167
8/24/2022 18:00,0
8/24/2022 19:00,0
8/24/2022 20:00,0
8/24/2022 21:00,0
8/24/2022 22:00,0
8/24/2022 23:00,0
8/25/2022 0:00,0
8/25/2022 1:00,0
8/25/2022 2:00,0
8/25/2022 3:00,0.755
8/25/2022 4:00,55.414
8/25/2022 5:00,179.995
8/25/2022 6:00,313.112
8/25/2022 7:00,437.411
8/25/2022 8:00,541.985
8/25/2022 9:00,618.168
8/25/2022 10:00,646.449
8/25/2022 11:00,624.631
8/25/2022 12:00,546.51
8/25/2022 13:00,425.102
8/25/2022 14:00,280.175
8/25/2022 15:00,144.794
8/25/2022 16:00,36.804
8/25/2022 17:00,0.149
8/25/2022 18:00,0
8/25/2022 19:00,0
8/25/2022 20:00,0
8/25/2022 21:00,0
8/25/2022 22:00,0
8/25/2022 23:00,0
8/26/2022 0:00,0
8/26/2022 1:00,0
8/26/2022 2:00,0
8/26/2022 3:00,0.619
8/26/2022 4:00,56.85
8/26/2022 5:00,197.002
8/26/2022 6:00,366.785
8/26/2022 7:00,537.978
8/26/2022 8:00,673.467
8/26/2022 9:00,751.444
8/26/2022 10:00,760.961
8/26/2022 11:00,716.131
8/26/2022 12:00,632.714
8/26/2022 13:00,517.333
8/26/2022 14:00,360.002
8/26/2022 15:00,205.071
8/26/2022 16:00,53.741
8/26/2022 17:00,0.159
8/26/2022 18:00,0
8/26/2022 19:00,0
8/26/2022 20:00,0
8/26/2022 21:00,0
8/26/2022 22:00,0
8/26/2022 23:00,0
8/27/2022 0:00,0
8/27/2022 1:00,0
8/27/2022 2:00,0
8/27/2022 3:00,0.651
8/27/2022 4:00,71.222
8/27/2022 5:00,245.618
8/27/2022 6:00,438.351
8/27/2022 7:00,612.07
8/27/2022 8:00,747.892
8/27/2022 9:00,840.64
8/27/2022 10:00,863.789
8/27/2022 11:00,821.137
8/27/2022 12:00,723.03
8/27/2022 13:00,586.805
8/27/2022 14:00,413.845
8/27/2022 15:00,224.887
8/27/2022 16:00,56.249
8/27/2022 17:00,0.113
8/27/2022 18:00,0
8/27/2022 19:00,0
8/27/2022 20:00,0
8/27/2022 21:00,0
8/27/2022 22:00,0
8/27/2022 23:00,0
8/28/2022 0:00,0
8/28/2022 1:00,0
8/28/2022 2:00,0
8/28/2022 3:00,0.537
8/28/2022 4:00,74.38
8/28/2022 5:00,255.337
8/28/2022 6:00,447.138
8/28/2022 7:00,615.384
8/28/2022 8:00,742.387
8/28/2022 9:00,826.387
8/28/2022 10:00,843.459
8/28/2022 11:00,804.01
8/28/2022 12:00,703.607
8/28/2022 13:00,553.992
8/28/2022 14:00,378.85
8/28/2022 15:00,200.867
8/28/2022 16:00,48.584
8/28/2022 17:00,0.071
8/28/2022 18:00,0
8/28/2022 19:00,0
8/28/2022 20:00,0
8/28/2022 21:00,0
8/28/2022 22:00,0
8/28/2022 23:00,0
8/29/2022 0:00,0
8/29/2022 1:00,0
8/29/2022 2:00,0
8/29/2022 3:00,0.412
8/29/2022 4:00,67.033
8/29/2022 5:00,234.433
8/29/2022 6:00,419.363
8/29/2022 7:00,587.393
8/29/2022 8:00,721.004
8/29/2022 9:00,805.848
8/29/2022 10:00,827.187
8/29/2022 11:00,788.373
8/29/2022 12:00,694.012
8/29/2022 13:00,546.763
8/29/2022 14:00,374.001
8/29/2022 15:00,195.79
8/29/2022 16:00,45.105
8/29/2022 17:00,0.049
8/29/2022 18:00,0
8/29/2022 19:00,0
8/29/2022 20:00,0
8/29/2022 21:00,0
8/29/2022 22:00,0
8/29/2022 23:00,0
8/30/2022 0:00,0
8/30/2022 1:00,0
8/30/2022 2:00,0
8/30/2022 3:00,0.31
8/30/2022 4:00,65.326
8/30/2022 5:00,234.687
8/30/2022 6:00,420.338
8/30/2022 7:00,586.477
8/30/2022 8:00,717.591
8/30/2022 9:00,799.504
8/30/2022 10:00,806.905
8/30/2022 11:00,753.895
8/30/2022 12:00,640.965
8/30/2022 13:00,498.81
8/30/2022 14:00,341.865
8/30/2022 15:00,176.174
8/30/2022 16:00,39.869
8/30/2022 17:00,0.032
8/30/2022 18:00,0
8/30/2022 19:00,0
8/30/2022 20:00,0
8/30/2022 21:00,0
8/30/2022 22:00,0
8/30/2022 23:00,0
8/31/2022 0:00,0
8/31/2022 1:00,0
8/31/2022 2:00,0
8/31/2022 3:00,0.204
8/31/2022 4:00,56.634
8/31/2022 5:00,213.887
8/31/2022 6:00,396.708
8/31/2022 7:00,564.024
8/31/2022 8:00,690.777
8/31/2022 9:00,748.728
8/31/2022 10:00,755.092
8/31/2022 11:00,693.499
8/31/2022 12:00,592.248
8/31/2022 13:00,472.116
8/31/2022 14:00,325.9
8/31/2022 15:00,174.098
8/31/2022 16:00,39.256
8/31/2022 17:00,0.021
8/31/2022 18:00,0
8/31/2022 19:00,0
8/31/2022 20:00,0
8/31/2022 21:00,0
8/31/2022 22:00,0
8/31/2022 23:00,0
9/1/2022 0:00,0
9/1/2022 1:00,0
9/1/2022 2:00,0
9/1/2022 3:00,0.166
9/1/2022 4:00,62.025
9/1/2022 5:00,237.914
9/1/2022 6:00,433.387
9/1/2022 7:00,612.707
9/1/2022 8:00,751.441
9/1/2022 9:00,841.752
9/1/2022 10:00,864.133
9/1/2022 11:00,818.848
9/1/2022 12:00,710.703
9/1/2022 13:00,552.941
9/1/2022 14:00,372.025
9/1/2022 15:00,192.154
9/1/2022 16:00,40.234
9/1/2022 17:00,0.01
9/1/2022 18:00,0
9/1/2022 19:00,0
9/1/2022 20:00,0
9/1/2022 21:00,0
9/1/2022 22:00,0
9/1/2022 23:00,0
9/2/2022 0:00,0
9/2/2022 1:00,0
9/2/2022 2:00,0
9/2/2022 3:00,0.108
9/2/2022 4:00,44.972
9/2/2022 5:00,179.826
9/2/2022 6:00,337.135
9/2/2022 7:00,489.063
9/2/2022 8:00,614.126
9/2/2022 9:00,706.231
9/2/2022 10:00,735.965
9/2/2022 11:00,711.823
9/2/2022 12:00,628.23
9/2/2022 13:00,507.65
9/2/2022 14:00,359.277
9/2/2022 15:00,191.912
9/2/2022 16:00,40.918
9/2/2022 17:00,0.008
9/2/2022 18:00,0
9/2/2022 19:00,0
9/2/2022 20:00,0
9/2/2022 21:00,0
9/2/2022 22:00,0
9/2/2022 23:00,0
9/3/2022 0:00,0
9/3/2022 1:00,0
9/3/2022 2:00,0
9/3/2022 3:00,0.094
9/3/2022 4:00,56.243
9/3/2022 5:00,230.484
9/3/2022 6:00,429.216
9/3/2022 7:00,610.099
9/3/2022 8:00,748.912
9/3/2022 9:00,839.961
9/3/2022 10:00,861.949
9/3/2022 11:00,819.496
9/3/2022 12:00,714.562
9/3/2022 13:00,573.36
9/3/2022 14:00,397.786
9/3/2022 15:00,208.638
9/3/2022 16:00,41.948
9/3/2022 17:00,0.005
9/3/2022 18:00,0
9/3/2022 19:00,0
9/3/2022 20:00,0
9/3/2022 21:00,0
9/3/2022 22:00,0
9/3/2022 23:00,0
9/4/2022 0:00,0
9/4/2022 1:00,0
9/4/2022 2:00,0
9/4/2022 3:00,0.07
9/4/2022 4:00,53.58
9/4/2022 5:00,228.429
9/4/2022 6:00,423.545
9/4/2022 7:00,600.169
9/4/2022 8:00,732.113
9/4/2022 9:00,810.11
9/4/2022 10:00,822.544
9/4/2022 11:00,778.647
9/4/2022 12:00,666.963
9/4/2022 13:00,507.4
9/4/2022 14:00,338.365
9/4/2022 15:00,168.386
9/4/2022 16:00,31.562
9/4/2022 17:00,0.002
9/4/2022 18:00,0
9/4/2022 19:00,0
9/4/2022 20:00,0
9/4/2022 21:00,0
9/4/2022 22:00,0
9/4/2022 23:00,0
9/5/2022 0:00,0
9/5/2022 1:00,0
9/5/2022 2:00,0
9/5/2022 3:00,0.044
9/5/2022 4:00,38.748
9/5/2022 5:00,171.101
9/5/2022 6:00,323.333
9/5/2022 7:00,452.895
9/5/2022 8:00,559.399
9/5/2022 9:00,658.434
9/5/2022 10:00,726.666
9/5/2022 11:00,737.734
9/5/2022 12:00,679.261
9/5/2022 13:00,559.279
9/5/2022 14:00,395.512
9/5/2022 15:00,205.857
9/5/2022 16:00,39.427
9/5/2022 17:00,0.001
9/5/2022 18:00,0
9/5/2022 19:00,0
9/5/2022 20:00,0
9/5/2022 21:00,0
9/5/2022 22:00,0
9/5/2022 23:00,0
9/6/2022 0:00,0
9/6/2022 1:00,0
9/6/2022 2:00,0
9/6/2022 3:00,0.042
9/6/2022 4:00,54.144
9/6/2022 5:00,235.807
9/6/2022 6:00,437.228
9/6/2022 7:00,617.723
9/6/2022 8:00,755.424
9/6/2022 9:00,836.778
9/6/2022 10:00,858.32
9/6/2022 11:00,816.568
9/6/2022 12:00,713.216
9/6/2022 13:00,569.09
9/6/2022 14:00,389.951
9/6/2022 15:00,200.281
9/6/2022 16:00,36.432
9/6/2022 17:00,0
9/6/2022 18:00,0
9/6/2022 19:00,0
9/6/2022 20:00,0
9/6/2022 21:00,0
9/6/2022 22:00,0
9/6/2022 23:00,0
9/7/2022 0:00,0
9/7/2022 1:00,0
9/7/2022 2:00,0
9/7/2022 3:00,0.031
9/7/2022 4:00,49.749
9/7/2022 5:00,228.879
9/7/2022 6:00,433.397
9/7/2022 7:00,615.264
9/7/2022 8:00,755.052
9/7/2022 9:00,841.226
9/7/2022 10:00,866.953
9/7/2022 11:00,831.888
9/7/2022 12:00,737.43
9/7/2022 13:00,589.618
9/7/2022 14:00,407.638
9/7/2022 15:00,208.138
9/7/2022 16:00,37.036
9/7/2022 17:00,0
9/7/2022 18:00,0
9/7/2022 19:00,0
9/7/2022 20:00,0
9/7/2022 21:00,0
9/7/2022 22:00,0
9/7/2022 23:00,0
9/8/2022 0:00,0
9/8/2022 1:00,0
9/8/2022 2:00,0
9/8/2022 3:00,0.021
9/8/2022 4:00,50.576
9/8/2022 5:00,230.903
9/8/2022 6:00,431.195
9/8/2022 7:00,611.32
9/8/2022 8:00,753.154
9/8/2022 9:00,843.481
9/8/2022 10:00,870.653
9/8/2022 11:00,834.38
9/8/2022 12:00,738.822
9/8/2022 13:00,592.012
9/8/2022 14:00,407.116
9/8/2022 15:00,205.277
9/8/2022 16:00,35.161
9/8/2022 17:00,0
9/8/2022 18:00,0
9/8/2022 19:00,0
9/8/2022 20:00,0
9/8/2022 21:00,0
9/8/2022 22:00,0
9/8/2022 23:00,0
9/9/2022 0:00,0
9/9/2022 1:00,0
9/9/2022 2:00,0
9/9/2022 3:00,0.015
9/9/2022 4:00,45.946
9/9/2022 5:00,217.888
9/9/2022 6:00,410.469
9/9/2022 7:00,583.021
9/9/2022 8:00,716.624
9/9/2022 9:00,804.696
9/9/2022 10:00,836.202
9/9/2022 11:00,806.852
9/9/2022 12:00,713.123
9/9/2022 13:00,566.079
9/9/2022 14:00,381.97
9/9/2022 15:00,185.204
9/9/2022 16:00,28.537
9/9/2022 17:00,0
9/9/2022 18:00,0
9/9/2022 19:00,0
9/9/2022 20:00,0
9/9/2022 21:00,0
9/9/2022 22:00,0
9/9/2022 23:00,0
9/10/2022 0:00,0
9/10/2022 1:00,0
9/10/2022 2:00,0
9/10/2022 3:00,0.01
9/10/2022 4:00,38.115
9/10/2022 5:00,193.932
9/10/2022 6:00,378.851
9/10/2022 7:00,548.847
9/10/2022 8:00,682.305
9/10/2022 9:00,768.975
9/10/2022 10:00,796.93
9/10/2022 11:00,764.527
9/10/2022 12:00,676.612
9/10/2022 13:00,536.743
9/10/2022 14:00,361.965
9/10/2022 15:00,172.735
9/10/2022 16:00,26.448
9/10/2022 17:00,0
9/10/2022 18:00,0
9/10/2022 19:00,0
9/10/2022 20:00,0
9/10/2022 21:00,0
9/10/2022 22:00,0
9/10/2022 23:00,0
9/11/2022 0:00,0
9/11/2022 1:00,0
9/11/2022 2:00,0
9/11/2022 3:00,0.006
9/11/2022 4:00,38.477
9/11/2022 5:00,205.42
9/11/2022 6:00,402.981
9/11/2022 7:00,585.02
9/11/2022 8:00,727.032
9/11/2022 9:00,815.922
9/11/2022 10:00,841.803
9/11/2022 11:00,800.685
9/11/2022 12:00,699.172
9/11/2022 13:00,548.87
9/11/2022 14:00,368.647
9/11/2022 15:00,175.829
9/11/2022 16:00,25.057
9/11/2022 17:00,0
9/11/2022 18:00,0
9/11/2022 19:00,0
9/11/2022 20:00,0
9/11/2022 21:00,0
9/11/2022 22:00,0
9/11/2022 23:00,0
9/12/2022 0:00,0
9/12/2022 1:00,0
9/12/2022 2:00,0
9/12/2022 3:00,0.003
9/12/2022 4:00,38.035
9/12/2022 5:00,207.63
9/12/2022 6:00,410.246
9/12/2022 7:00,590.652
9/12/2022 8:00,730.392
9/12/2022 9:00,819.716
9/12/2022 10:00,847.533
9/12/2022 11:00,813.544
9/12/2022 12:00,721.01
9/12/2022 13:00,577.429
9/12/2022 14:00,391.854
9/12/2022 15:00,190.649
9/12/2022 16:00,27.22
9/12/2022 17:00,0
9/12/2022 18:00,0
9/12/2022 19:00,0
9/12/2022 20:00,0
9/12/2022 21:00,0
9/12/2022 22:00,0
9/12/2022 23:00,0
9/13/2022 0:00,0
9/13/2022 1:00,0
9/13/2022 2:00,0
9/13/2022 3:00,0.002
9/13/2022 4:00,34.863
9/13/2022 5:00,196.737
9/13/2022 6:00,398.523
9/13/2022 7:00,592.691
9/13/2022 8:00,733.88
9/13/2022 9:00,822.698
9/13/2022 10:00,838.498
9/13/2022 11:00,792.003
9/13/2022 12:00,699.121
9/13/2022 13:00,553.588
9/13/2022 14:00,372.271
9/13/2022 15:00,179.208
9/13/2022 16:00,24.046
9/13/2022 17:00,0
9/13/2022 18:00,0
9/13/2022 19:00,0
9/13/2022 20:00,0
9/13/2022 21:00,0
9/13/2022 22:00,0
9/13/2022 23:00,0
9/14/2022 0:00,0
9/14/2022 1:00,0
9/14/2022 2:00,0
9/14/2022 3:00,0.001
9/14/2022 4:00,36.927
9/14/2022 5:00,212.852
9/14/2022 6:00,416.858
9/14/2022 7:00,599.969
9/14/2022 8:00,742.443
9/14/2022 9:00,832.483
9/14/2022 10:00,859.585
9/14/2022 11:00,823.274
9/14/2022 12:00,726.488
9/14/2022 13:00,576.881
9/14/2022 14:00,389.251
9/14/2022 15:00,185.259
9/14/2022 16:00,23.852
9/14/2022 17:00,0
9/14/2022 18:00,0
9/14/2022 19:00,0
9/14/2022 20:00,0
9/14/2022 21:00,0
9/14/2022 22:00,0
9/14/2022 23:00,0
9/15/2022 0:00,0
9/15/2022 1:00,0
9/15/2022 2:00,0
9/15/2022 3:00,0.001
9/15/2022 4:00,32.052
9/15/2022 5:00,195.76
9/15/2022 6:00,393.33
9/15/2022 7:00,574.358
9/15/2022 8:00,716.155
9/15/2022 9:00,811.405
9/15/2022 10:00,834.952
9/15/2022 11:00,797.36
9/15/2022 12:00,695.143
9/15/2022 13:00,548.46
9/15/2022 14:00,364.389
9/15/2022 15:00,170.288
9/15/2022 16:00,20.775
9/15/2022 17:00,0
9/15/2022 18:00,0
9/15/2022 19:00,0
9/15/2022 20:00,0
9/15/2022 21:00,0
9/15/2022 22:00,0
9/15/2022 23:00,0
9/16/2022 0:00,0
9/16/2022 1:00,0
9/16/2022 2:00,0
9/16/2022 3:00,0
9/16/2022 4:00,28.093
9/16/2022 5:00,176.353
9/16/2022 6:00,360.069
9/16/2022 7:00,528.972
9/16/2022 8:00,660.411
9/16/2022 9:00,745.734
9/16/2022 10:00,770.418
9/16/2022 11:00,736.349
9/16/2022 12:00,640.593
9/16/2022 13:00,498.445
9/16/2022 14:00,317.832
9/16/2022 15:00,139.666
9/16/2022 16:00,15.42
9/16/2022 17:00,0
9/16/2022 18:00,0
9/16/2022 19:00,0
9/16/2022 20:00,0
9/16/2022 21:00,0
9/16/2022 22:00,0
9/16/2022 23:00,0
9/17/2022 0:00,0
9/17/2022 1:00,0
9/17/2022 2:00,0
9/17/2022 3:00,0
9/17/2022 4:00,24.645
9/17/2022 5:00,167.886
9/17/2022 6:00,350.915
9/17/2022 7:00,524.491
9/17/2022 8:00,659.969
9/17/2022 9:00,752.338
9/17/2022 10:00,775.187
9/17/2022 11:00,733.784
9/17/2022 12:00,635.789
9/17/2022 13:00,488.751
9/17/2022 14:00,312.78
9/17/2022 15:00,138.816
9/17/2022 16:00,14.67
9/17/2022 17:00,0
9/17/2022 18:00,0
9/17/2022 19:00,0
9/17/2022 20:00,0
9/17/2022 21:00,0
9/17/2022 22:00,0
9/17/2022 23:00,0
9/18/2022 0:00,0
9/18/2022 1:00,0
9/18/2022 2:00,0
9/18/2022 3:00,0
9/18/2022 4:00,19.097
9/18/2022 5:00,137.815
9/18/2022 6:00,309.259
9/18/2022 7:00,500.748
9/18/2022 8:00,673.306
9/18/2022 9:00,790.397
9/18/2022 10:00,826.394
9/18/2022 11:00,792.479
9/18/2022 12:00,697.834
9/18/2022 13:00,552.623
9/18/2022 14:00,370.676
9/18/2022 15:00,170.841
9/18/2022 16:00,18.025
9/18/2022 17:00,0
9/18/2022 18:00,0
9/18/2022 19:00,0
9/18/2022 20:00,0
9/18/2022 21:00,0
9/18/2022 22:00,0
9/18/2022 23:00,0
9/19/2022 0:00,0
9/19/2022 1:00,0
9/19/2022 2:00,0
9/19/2022 3:00,0
9/19/2022 4:00,26.013
9/19/2022 5:00,190.848
9/19/2022 6:00,393.016
9/19/2022 7:00,576.504
9/19/2022 8:00,719.937
9/19/2022 9:00,811.154
9/19/2022 10:00,838.915
9/19/2022 11:00,803.715
9/19/2022 12:00,708.349
9/19/2022 13:00,559.838
9/19/2022 14:00,372.55
9/19/2022 15:00,168.886
9/19/2022 16:00,16.379
9/19/2022 17:00,0
9/19/2022 18:00,0
9/19/2022 19:00,0
9/19/2022 20:00,0
9/19/2022 21:00,0
9/19/2022 22:00,0
9/19/2022 23:00,0
9/20/2022 0:00,0
9/20/2022 1:00,0
9/20/2022 2:00,0
9/20/2022 3:00,0
9/20/2022 4:00,24.034
9/20/2022 5:00,183.056
9/20/2022 6:00,383.889
9/20/2022 7:00,567.801
9/20/2022 8:00,706.691
9/20/2022 9:00,794.594
9/20/2022 10:00,819.371
9/20/2022 11:00,776.585
9/20/2022 12:00,661.139
9/20/2022 13:00,499.927
9/20/2022 14:00,330.009
9/20/2022 15:00,155.492
9/20/2022 16:00,13.692
9/20/2022 17:00,0
9/20/2022 18:00,0
9/20/2022 19:00,0
9/20/2022 20:00,0
9/20/2022 21:00,0
9/20/2022 22:00,0
9/20/2022 23:00,0
9/21/2022 0:00,0
9/21/2022 1:00,0
9/21/2022 2:00,0
9/21/2022 3:00,0
9/21/2022 4:00,14.571
9/21/2022 5:00,119.864
9/21/2022 6:00,274.759
9/21/2022 7:00,453.253
9/21/2022 8:00,569.514
9/21/2022 9:00,606.669
9/21/2022 10:00,543.484
9/21/2022 11:00,531.213
9/21/2022 12:00,472.66
9/21/2022 13:00,364.981
9/21/2022 14:00,235.291
9/21/2022 15:00,103.773
9/21/2022 16:00,9.53
9/21/2022 17:00,0
9/21/2022 18:00,0
9/21/2022 19:00,0
9/21/2022 20:00,0
9/21/2022 21:00,0
9/21/2022 22:00,0
9/21/2022 23:00,0
9/22/2022 0:00,0
9/22/2022 1:00,0
9/22/2022 2:00,0
9/22/2022 3:00,0
9/22/2022 4:00,17.942
9/22/2022 5:00,164.751
9/22/2022 6:00,362.659
9/22/2022 7:00,539.886
9/22/2022 8:00,670.848
9/22/2022 9:00,742.991
9/22/2022 10:00,741.446
9/22/2022 11:00,670.531
9/22/2022 12:00,620.813
9/22/2022 13:00,508.646
9/22/2022 14:00,336.33
9/22/2022 15:00,147.112
9/22/2022 16:00,11.6
9/22/2022 17:00,0
9/22/2022 18:00,0
9/22/2022 19:00,0
9/22/2022 20:00,0
9/22/2022 21:00,0
9/22/2022 22:00,0
9/22/2022 23:00,0
9/23/2022 0:00,0
9/23/2022 1:00,0
9/23/2022 2:00,0
9/23/2022 3:00,0
9/23/2022 4:00,16.651
9/23/2022 5:00,153.76
9/23/2022 6:00,341.467
9/23/2022 7:00,508.02
9/23/2022 8:00,630.999
9/23/2022 9:00,701.928
9/23/2022 10:00,715.765
9/23/2022 11:00,616.482
9/23/2022 12:00,505.591
9/23/2022 13:00,417.478
9/23/2022 14:00,277.258
9/23/2022 15:00,114.56
9/23/2022 16:00,8.978
9/23/2022 17:00,0
9/23/2022 18:00,0
9/23/2022 19:00,0
9/23/2022 20:00,0
9/23/2022 21:00,0
9/23/2022 22:00,0
9/23/2022 23:00,0
9/24/2022 0:00,0
9/24/2022 1:00,0
9/24/2022 2:00,0
9/24/2022 3:00,0
9/24/2022 4:00,18.151
9/24/2022 5:00,173.91
9/24/2022 6:00,377.542
9/24/2022 7:00,562.612
9/24/2022 8:00,707.004
9/24/2022 9:00,797.759
9/24/2022 10:00,826.56
9/24/2022 11:00,791.037
9/24/2022 12:00,694.277
9/24/2022 13:00,544.367
9/24/2022 14:00,355.604
9/24/2022 15:00,151.529
9/24/2022 16:00,10.454
9/24/2022 17:00,0
9/24/2022 18:00,0
9/24/2022 19:00,0
9/24/2022 20:00,0
9/24/2022 21:00,0
9/24/2022 22:00,0
9/24/2022 23:00,0
9/25/2022 0:00,0
9/25/2022 1:00,0
9/25/2022 2:00,0
9/25/2022 3:00,0
9/25/2022 4:00,16.672
9/25/2022 5:00,166.273
9/25/2022 6:00,370.045
9/25/2022 7:00,554.492
9/25/2022 8:00,699.123
9/25/2022 9:00,790.675
9/25/2022 10:00,819.338
9/25/2022 11:00,783.12
9/25/2022 12:00,679.818
9/25/2022 13:00,514.92
9/25/2022 14:00,317.02
9/25/2022 15:00,128.868
9/25/2022 16:00,8.26
9/25/2022 17:00,0
9/25/2022 18:00,0
9/25/2022 19:00,0
9/25/2022 20:00,0
9/25/2022 21:00,0
9/25/2022 22:00,0
9/25/2022 23:00,0
9/26/2022 0:00,0
9/26/2022 1:00,0
9/26/2022 2:00,0
9/26/2022 3:00,0
9/26/2022 4:00,13.585
9/26/2022 5:00,129.118
9/26/2022 6:00,289.591
9/26/2022 7:00,465.913
9/26/2022 8:00,593.748
9/26/2022 9:00,710.591
9/26/2022 10:00,737.018
9/26/2022 11:00,697.939
9/26/2022 12:00,611.488
9/26/2022 13:00,439.273
9/26/2022 14:00,228.934
9/26/2022 15:00,73.877
9/26/2022 16:00,5.428
9/26/2022 17:00,0
9/26/2022 18:00,0
9/26/2022 19:00,0
9/26/2022 20:00,0
9/26/2022 21:00,0
9/26/2022 22:00,0
9/26/2022 23:00,0
9/27/2022 0:00,0
9/27/2022 1:00,0
9/27/2022 2:00,0
9/27/2022 3:00,0
9/27/2022 4:00,5.759
9/27/2022 5:00,59.48
9/27/2022 6:00,160.368
9/27/2022 7:00,323.741
9/27/2022 8:00,515.683
9/27/2022 9:00,594.111
9/27/2022 10:00,582.917
9/27/2022 11:00,520.697
9/27/2022 12:00,466.345
9/27/2022 13:00,390.287
9/27/2022 14:00,257.065
9/27/2022 15:00,90.695
9/27/2022 16:00,4.261
9/27/2022 17:00,0
9/27/2022 18:00,0
9/27/2022 19:00,0
9/27/2022 20:00,0
9/27/2022 21:00,0
9/27/2022 22:00,0
9/27/2022 23:00,0
9/28/2022 0:00,0
9/28/2022 1:00,0
9/28/2022 2:00,0
9/28/2022 3:00,0
9/28/2022 4:00,10.112
9/28/2022 5:00,136.13
9/28/2022 6:00,324.286
9/28/2022 7:00,500.691
9/28/2022 8:00,641.267
9/28/2022 9:00,727.669
9/28/2022 10:00,749.678
9/28/2022 11:00,710.944
9/28/2022 12:00,618.02
9/28/2022 13:00,467.998
9/28/2022 14:00,290.782
9/28/2022 15:00,111.622
9/28/2022 16:00,5.097
9/28/2022 17:00,0
9/28/2022 18:00,0
9/28/2022 19:00,0
9/28/2022 20:00,0
9/28/2022 21:00,0
9/28/2022 22:00,0
9/28/2022 23:00,0
9/29/2022 0:00,0
9/29/2022 1:00,0
9/29/2022 2:00,0
9/29/2022 3:00,0
9/29/2022 4:00,10.024
9/29/2022 5:00,133.463
9/29/2022 6:00,302.847
9/29/2022 7:00,476.885
9/29/2022 8:00,623.434
9/29/2022 9:00,720.272
9/29/2022 10:00,753.438
9/29/2022 11:00,718.71
9/29/2022 12:00,626.055
9/29/2022 13:00,482.618
9/29/2022 14:00,302.786
9/29/2022 15:00,118.386
9/29/2022 16:00,4.955
9/29/2022 17:00,0
9/29/2022 18:00,0
9/29/2022 19:00,0
9/29/2022 20:00,0
9/29/2022 21:00,0
9/29/2022 22:00,0
9/29/2022 23:00,0
9/30/2022 0:00,0
9/30/2022 1:00,0
9/30/2022 2:00,0
9/30/2022 3:00,0
9/30/2022 4:00,9.243
9/30/2022 5:00,138.989
9/30/2022 6:00,334.665
9/30/2022 7:00,517.012
9/30/2022 8:00,658.966
9/30/2022 9:00,751.125
9/30/2022 10:00,778.043
9/30/2022 11:00,736.287
9/30/2022 12:00,628.37
9/30/2022 13:00,471.497
9/30/2022 14:00,249.014
9/30/2022 15:00,87.173
9/30/2022 16:00,3.294
9/30/2022 17:00,0
9/30/2022 18:00,0
9/30/2022 19:00,0
9/30/2022 20:00,0
9/30/2022 21:00,0
9/30/2022 22:00,0
9/30/2022 23:00,0
10/1/2022 0:00,0
10/1/2022 1:00,0
10/1/2022 2:00,0
10/1/2022 3:00,0
10/1/2022 4:00,5.358
10/1/2022 5:00,83.337
10/1/2022 6:00,210.101
10/1/2022 7:00,352.499
10/1/2022 8:00,507.82
10/1/2022 9:00,611.155
10/1/2022 10:00,624.416
10/1/2022 11:00,583.167
10/1/2022 12:00,487.682
10/1/2022 13:00,362.895
10/1/2022 14:00,231.276
10/1/2022 15:00,80.449
10/1/2022 16:00,2.688
10/1/2022 17:00,0
10/1/2022 18:00,0
10/1/2022 19:00,0
10/1/2022 20:00,0
10/1/2022 21:00,0
10/1/2022 22:00,0
10/1/2022 23:00,0
10/2/2022 0:00,0
10/2/2022 1:00,0
10/2/2022 2:00,0
10/2/2022 3:00,0
10/2/2022 4:00,6.948
10/2/2022 5:00,129.725
10/2/2022 6:00,323.185
10/2/2022 7:00,502.873
10/2/2022 8:00,645.723
10/2/2022 9:00,742.164
10/2/2022 10:00,774.986
10/2/2022 11:00,741.893
10/2/2022 12:00,646.94
10/2/2022 13:00,500.178
10/2/2022 14:00,315.698
10/2/2022 15:00,118.623
10/2/2022 16:00,3.558
10/2/2022 17:00,0
10/2/2022 18:00,0
10/2/2022 19:00,0
10/2/2022 20:00,0
10/2/2022 21:00,0
10/2/2022 22:00,0
10/2/2022 23:00,0
10/3/2022 0:00,0
10/3/2022 1:00,0
10/3/2022 2:00,0
10/3/2022 3:00,0
10/3/2022 4:00,7.302
10/3/2022 5:00,135.823
10/3/2022 6:00,328.329
10/3/2022 7:00,499.964
10/3/2022 8:00,644.689
10/3/2022 9:00,736.384
10/3/2022 10:00,766.694
10/3/2022 11:00,722.647
10/3/2022 12:00,616.274
10/3/2022 13:00,464.113
10/3/2022 14:00,283.061
10/3/2022 15:00,100.334
10/3/2022 16:00,2.613
10/3/2022 17:00,0
10/3/2022 18:00,0
10/3/2022 19:00,0
10/3/2022 20:00,0
10/3/2022 21:00,0
10/3/2022 22:00,0
10/3/2022 23:00,0
10/4/2022 0:00,0
10/4/2022 1:00,0
10/4/2022 2:00,0
10/4/2022 3:00,0
10/4/2022 4:00,5.715
10/4/2022 5:00,124.301
10/4/2022 6:00,320.86
10/4/2022 7:00,506.029
10/4/2022 8:00,647.571
10/4/2022 9:00,734.614
10/4/2022 10:00,762.79
10/4/2022 11:00,726.043
10/4/2022 12:00,625.969
10/4/2022 13:00,477.202
10/4/2022 14:00,295.471
10/4/2022 15:00,105.026
10/4/2022 16:00,2.352
10/4/2022 17:00,0
10/4/2022 18:00,0
10/4/2022 19:00,0
10/4/2022 20:00,0
10/4/2022 21:00,0
10/4/2022 22:00,0
10/4/2022 23:00,0
10/5/2022 0:00,0
10/5/2022 1:00,0
10/5/2022 2:00,0
10/5/2022 3:00,0
10/5/2022 4:00,5.262
10/5/2022 5:00,121.703
10/5/2022 6:00,314.315
10/5/2022 7:00,494.689
10/5/2022 8:00,633.497
10/5/2022 9:00,718.1
10/5/2022 10:00,743.561
10/5/2022 11:00,705.594
10/5/2022 12:00,608.562
10/5/2022 13:00,465.598
10/5/2022 14:00,284.15
10/5/2022 15:00,97.026
10/5/2022 16:00,1.755
10/5/2022 17:00,0
10/5/2022 18:00,0
10/5/2022 19:00,0
10/5/2022 20:00,0
10/5/2022 21:00,0
10/5/2022 22:00,0
10/5/2022 23:00,0
10/6/2022 0:00,0
10/6/2022 1:00,0
10/6/2022 2:00,0
10/6/2022 3:00,0
10/6/2022 4:00,4.678
10/6/2022 5:00,118.736
10/6/2022 6:00,303.438
10/6/2022 7:00,470.334
10/6/2022 8:00,606.351
10/6/2022 9:00,672.924
10/6/2022 10:00,669.346
10/6/2022 11:00,617.411
10/6/2022 12:00,511.575
10/6/2022 13:00,369.704
10/6/2022 14:00,225.044
10/6/2022 15:00,71.26
10/6/2022 16:00,1.159
10/6/2022 17:00,0
10/6/2022 18:00,0
10/6/2022 19:00,0
10/6/2022 20:00,0
10/6/2022 21:00,0
10/6/2022 22:00,0
10/6/2022 23:00,0
10/7/2022 0:00,0
10/7/2022 1:00,0
10/7/2022 2:00,0
10/7/2022 3:00,0
10/7/2022 4:00,3.726
10/7/2022 5:00,114.272
10/7/2022 6:00,303.898
10/7/2022 7:00,481.372
10/7/2022 8:00,618.677
10/7/2022 9:00,708.167
10/7/2022 10:00,742.557
10/7/2022 11:00,709.362
10/7/2022 12:00,615.597
10/7/2022 13:00,469.053
10/7/2022 14:00,285.892
10/7/2022 15:00,95.431
10/7/2022 16:00,1.27
10/7/2022 17:00,0
10/7/2022 18:00,0
10/7/2022 19:00,0
10/7/2022 20:00,0
10/7/2022 21:00,0
10/7/2022 22:00,0
10/7/2022 23:00,0
10/8/2022 0:00,0
10/8/2022 1:00,0
10/8/2022 2:00,0
10/8/2022 3:00,0
10/8/2022 4:00,3.436
10/8/2022 5:00,114.592
10/8/2022 6:00,306.913
10/8/2022 7:00,487.473
10/8/2022 8:00,630.581
10/8/2022 9:00,719.551
10/8/2022 10:00,746.202
10/8/2022 11:00,709.771
10/8/2022 12:00,614.19
10/8/2022 13:00,466.354
10/8/2022 14:00,281.809
10/8/2022 15:00,91.665
10/8/2022 16:00,0.984
10/8/2022 17:00,0
10/8/2022 18:00,0
10/8/2022 19:00,0
10/8/2022 20:00,0
10/8/2022 21:00,0
10/8/2022 22:00,0
10/8/2022 23:00,0
10/9/2022 0:00,0
10/9/2022 1:00,0
10/9/2022 2:00,0
10/9/2022 3:00,0
10/9/2022 4:00,2.825
10/9/2022 5:00,100.121
10/9/2022 6:00,281.899
10/9/2022 7:00,456.001
10/9/2022 8:00,592.545
10/9/2022 9:00,671.801
10/9/2022 10:00,694.778
10/9/2022 11:00,648.228
10/9/2022 12:00,535.404
10/9/2022 13:00,394.172
10/9/2022 14:00,231.416
10/9/2022 15:00,72.444
10/9/2022 16:00,0.672
10/9/2022 17:00,0
10/9/2022 18:00,0
10/9/2022 19:00,0
10/9/2022 20:00,0
10/9/2022 21:00,0
10/9/2022 22:00,0
10/9/2022 23:00,0
10/10/2022 0:00,0
10/10/2022 1:00,0
10/10/2022 2:00,0
10/10/2022 3:00,0
10/10/2022 4:00,2.292
10/10/2022 5:00,81.219
10/10/2022 6:00,228.437
10/10/2022 7:00,415.693
10/10/2022 8:00,575.724
10/10/2022 9:00,664.689
10/10/2022 10:00,686.58
10/10/2022 11:00,649.127
10/10/2022 12:00,553.412
10/10/2022 13:00,407.202
10/10/2022 14:00,233.097
10/10/2022 15:00,68.085
10/10/2022 16:00,0.383
10/10/2022 17:00,0
10/10/2022 18:00,0
10/10/2022 19:00,0
10/10/2022 20:00,0
10/10/2022 21:00,0
10/10/2022 22:00,0
10/10/2022 23:00,0
10/11/2022 0:00,0
10/11/2022 1:00,0
10/11/2022 2:00,0
10/11/2022 3:00,0
10/11/2022 4:00,1.215
10/11/2022 5:00,53.271
10/11/2022 6:00,182.692
10/11/2022 7:00,325.227
10/11/2022 8:00,463.722
10/11/2022 9:00,556.132
10/11/2022 10:00,593.73
10/11/2022 11:00,565.804
10/11/2022 12:00,481.498
10/11/2022 13:00,353.369
10/11/2022 14:00,202.715
10/11/2022 15:00,57.114
10/11/2022 16:00,0.239
10/11/2022 17:00,0
10/11/2022 18:00,0
10/11/2022 19:00,0
10/11/2022 20:00,0
10/11/2022 21:00,0
10/11/2022 22:00,0
10/11/2022 23:00,0
10/12/2022 0:00,0
10/12/2022 1:00,0
10/12/2022 2:00,0
10/12/2022 3:00,0
10/12/2022 4:00,1.404
10/12/2022 5:00,78.177
10/12/2022 6:00,240.49
10/12/2022 7:00,409.807
10/12/2022 8:00,548.379
10/12/2022 9:00,637.477
10/12/2022 10:00,653.228
10/12/2022 11:00,611.236
10/12/2022 12:00,502.416
10/12/2022 13:00,374.315
10/12/2022 14:00,221.091
10/12/2022 15:00,62.935
10/12/2022 16:00,0.224
10/12/2022 17:00,0
10/12/2022 18:00,0
10/12/2022 19:00,0
10/12/2022 20:00,0
10/12/2022 21:00,0
10/12/2022 22:00,0
10/12/2022 23:00,0
10/13/2022 0:00,0
10/13/2022 1:00,0
10/13/2022 2:00,0
10/13/2022 3:00,0
10/13/2022 4:00,1.29
10/13/2022 5:00,66.611
10/13/2022 6:00,207.647
10/13/2022 7:00,349.719
10/13/2022 8:00,455.585
10/13/2022 9:00,607.659
10/13/2022 10:00,651.336
10/13/2022 11:00,597.407
10/13/2022 12:00,491.779
10/13/2022 13:00,329.922
10/13/2022 14:00,176.055
10/13/2022 15:00,48.133
10/13/2022 16:00,0.064
10/13/2022 17:00,0
10/13/2022 18:00,0
10/13/2022 19:00,0
10/13/2022 20:00,0
10/13/2022 21:00,0
10/13/2022 22:00,0
10/13/2022 23:00,0
10/14/2022 0:00,0
10/14/2022 1:00,0
10/14/2022 2:00,0
10/14/2022 3:00,0
10/14/2022 4:00,0.594
10/14/2022 5:00,29.738
10/14/2022 6:00,77.812
10/14/2022 7:00,121.056
10/14/2022 8:00,192.859
10/14/2022 9:00,248.957
10/14/2022 10:00,288.633
10/14/2022 11:00,281.502
10/14/2022 12:00,227.927
10/14/2022 13:00,159.254
10/14/2022 14:00,89.901
10/14/2022 15:00,24.557
10/14/2022 16:00,0.057
10/14/2022 17:00,0
10/14/2022 18:00,0
10/14/2022 19:00,0
10/14/2022 20:00,0
10/14/2022 21:00,0
10/14/2022 22:00,0
10/14/2022 23:00,0
10/15/2022 0:00,0
10/15/2022 1:00,0
10/15/2022 2:00,0
10/15/2022 3:00,0
10/15/2022 4:00,0.308
10/15/2022 5:00,38.949
10/15/2022 6:00,144.548
10/15/2022 7:00,278.129
10/15/2022 8:00,386.568
10/15/2022 9:00,462.634
10/15/2022 10:00,502.953
10/15/2022 11:00,512.039
10/15/2022 12:00,455.835
10/15/2022 13:00,356.5
10/15/2022 14:00,192.758
10/15/2022 15:00,50.372
10/15/2022 16:00,0.098
10/15/2022 17:00,0
10/15/2022 18:00,0
10/15/2022 19:00,0
10/15/2022 20:00,0
10/15/2022 21:00,0
10/15/2022 22:00,0
10/15/2022 23:00,0
10/16/2022 0:00,0
10/16/2022 1:00,0
10/16/2022 2:00,0
10/16/2022 3:00,0
10/16/2022 4:00,0.503
10/16/2022 5:00,73.996
10/16/2022 6:00,255.83
10/16/2022 7:00,437.861
10/16/2022 8:00,577.796
10/16/2022 9:00,666.012
10/16/2022 10:00,694.863
10/16/2022 11:00,661.62
10/16/2022 12:00,567.641
10/16/2022 13:00,423.804
10/16/2022 14:00,244.582
10/16/2022 15:00,64.301
10/16/2022 16:00,0.071
10/16/2022 17:00,0
10/16/2022 18:00,0
10/16/2022 19:00,0
10/16/2022 20:00,0
10/16/2022 21:00,0
10/16/2022 22:00,0
10/16/2022 23:00,0
10/17/2022 0:00,0
10/17/2022 1:00,0
10/17/2022 2:00,0
10/17/2022 3:00,0
10/17/2022 4:00,0.531
10/17/2022 5:00,81.672
10/17/2022 6:00,268.468
10/17/2022 7:00,449.719
10/17/2022 8:00,592.651
10/17/2022 9:00,682.06
10/17/2022 10:00,710.098
10/17/2022 11:00,673.523
10/17/2022 12:00,574.537
10/17/2022 13:00,424.309
10/17/2022 14:00,243.616
10/17/2022 15:00,62.101
10/17/2022 16:00,0.048
10/17/2022 17:00,0
10/17/2022 18:00,0
10/17/2022 19:00,0
10/17/2022 20:00,0
10/17/2022 21:00,0
10/17/2022 22:00,0
10/17/2022 23:00,0
10/18/2022 0:00,0
10/18/2022 1:00,0
10/18/2022 2:00,0
10/18/2022 3:00,0
10/18/2022 4:00,0.336
10/18/2022 5:00,65.333
10/18/2022 6:00,242.024
10/18/2022 7:00,414.222
10/18/2022 8:00,544.037
10/18/2022 9:00,630.671
10/18/2022 10:00,662.081
10/18/2022 11:00,628.412
10/18/2022 12:00,537.053
10/18/2022 13:00,398.051
10/18/2022 14:00,223.663
10/18/2022 15:00,53.934
10/18/2022 16:00,0.029
10/18/2022 17:00,0
10/18/2022 18:00,0
10/18/2022 19:00,0
10/18/2022 20:00,0
10/18/2022 21:00,0
10/18/2022 22:00,0
10/18/2022 23:00,0
10/19/2022 0:00,0
10/19/2022 1:00,0
10/19/2022 2:00,0
10/19/2022 3:00,0
10/19/2022 4:00,0.265
10/19/2022 5:00,67.699
10/19/2022 6:00,249.25
10/19/2022 7:00,427.897
10/19/2022 8:00,569.028
10/19/2022 9:00,658.837
10/19/2022 10:00,688.304
10/19/2022 11:00,654.608
10/19/2022 12:00,560.386
10/19/2022 13:00,416.832
10/19/2022 14:00,236.347
10/19/2022 15:00,57.043
10/19/2022 16:00,0.017
10/19/2022 17:00,0
10/19/2022 18:00,0
10/19/2022 19:00,0
10/19/2022 20:00,0
10/19/2022 21:00,0
10/19/2022 22:00,0
10/19/2022 23:00,0
10/20/2022 0:00,0
10/20/2022 1:00,0
10/20/2022 2:00,0
10/20/2022 3:00,0
10/20/2022 4:00,0.24
10/20/2022 5:00,71.134
10/20/2022 6:00,253.356
10/20/2022 7:00,432.698
10/20/2022 8:00,574.222
10/20/2022 9:00,662.666
10/20/2022 10:00,689.996
10/20/2022 11:00,653.785
10/20/2022 12:00,556.938
10/20/2022 13:00,409.98
10/20/2022 14:00,228.817
10/20/2022 15:00,52.815
10/20/2022 16:00,0.009
10/20/2022 17:00,0
10/20/2022 18:00,0
10/20/2022 19:00,0
10/20/2022 20:00,0
10/20/2022 21:00,0
10/20/2022 22:00,0
10/20/2022 23:00,0
10/21/2022 0:00,0
10/21/2022 1:00,0
10/21/2022 2:00,0
10/21/2022 3:00,0
10/21/2022 4:00,0.196
10/21/2022 5:00,64.208
10/21/2022 6:00,235.574
10/21/2022 7:00,409.609
10/21/2022 8:00,554.847
10/21/2022 9:00,642.645
10/21/2022 10:00,675.71
10/21/2022 11:00,646.081
10/21/2022 12:00,551.927
10/21/2022 13:00,406.674
10/21/2022 14:00,225.557
10/21/2022 15:00,50.059
10/21/2022 16:00,0.005
10/21/2022 17:00,0
10/21/2022 18:00,0
10/21/2022 19:00,0
10/21/2022 20:00,0
10/21/2022 21:00,0
10/21/2022 22:00,0
10/21/2022 23:00,0
10/22/2022 0:00,0
10/22/2022 1:00,0
10/22/2022 2:00,0
10/22/2022 3:00,0
10/22/2022 4:00,0.168
10/22/2022 5:00,62.976
10/22/2022 6:00,235.983
10/22/2022 7:00,415.407
10/22/2022 8:00,560
10/22/2022 9:00,648.305
10/22/2022 10:00,674.887
10/22/2022 11:00,638.292
10/22/2022 12:00,542.673
10/22/2022 13:00,396.315
10/22/2022 14:00,216.857
10/22/2022 15:00,45.872
10/22/2022 16:00,0.002
10/22/2022 17:00,0
10/22/2022 18:00,0
10/22/2022 19:00,0
10/22/2022 20:00,0
10/22/2022 21:00,0
10/22/2022 22:00,0
10/22/2022 23:00,0
10/23/2022 0:00,0
10/23/2022 1:00,0
10/23/2022 2:00,0
10/23/2022 3:00,0
10/23/2022 4:00,0.133
10/23/2022 5:00,56.698
10/23/2022 6:00,224.134
10/23/2022 7:00,394.424
10/23/2022 8:00,536.468
10/23/2022 9:00,625.86
10/23/2022 10:00,653.296
10/23/2022 11:00,619.118
10/23/2022 12:00,526.325
10/23/2022 13:00,383.15
10/23/2022 14:00,206.981
10/23/2022 15:00,41.268
10/23/2022 16:00,0.001
10/23/2022 17:00,0
10/23/2022 18:00,0
10/23/2022 19:00,0
10/23/2022 20:00,0
10/23/2022 21:00,0
10/23/2022 22:00,0
10/23/2022 23:00,0
10/24/2022 0:00,0
10/24/2022 1:00,0
10/24/2022 2:00,0
10/24/2022 3:00,0
10/24/2022 4:00,0.098
10/24/2022 5:00,51.528
10/24/2022 6:00,214.601
10/24/2022 7:00,384.902
10/24/2022 8:00,522.404
10/24/2022 9:00,609.572
10/24/2022 10:00,637.182
10/24/2022 11:00,602.753
10/24/2022 12:00,514.575
10/24/2022 13:00,372.409
10/24/2022 14:00,198.125
10/24/2022 15:00,37.972
10/24/2022 16:00,0
10/24/2022 17:00,0
10/24/2022 18:00,0
10/24/2022 19:00,0
10/24/2022 20:00,0
10/24/2022 21:00,0
10/24/2022 22:00,0
10/24/2022 23:00,0
10/25/2022 0:00,0
10/25/2022 1:00,0
10/25/2022 2:00,0
10/25/2022 3:00,0
10/25/2022 4:00,0.081
10/25/2022 5:00,52.416
10/25/2022 6:00,221.739
10/25/2022 7:00,395.178
10/25/2022 8:00,533.194
10/25/2022 9:00,619.615
10/25/2022 10:00,646.454
10/25/2022 11:00,611.81
10/25/2022 12:00,528.946
10/25/2022 13:00,386.339
10/25/2022 14:00,208.209
10/25/2022 15:00,40.023
10/25/2022 16:00,0
10/25/2022 17:00,0
10/25/2022 18:00,0
10/25/2022 19:00,0
10/25/2022 20:00,0
10/25/2022 21:00,0
10/25/2022 22:00,0
10/25/2022 23:00,0
10/26/2022 0:00,0
10/26/2022 1:00,0
10/26/2022 2:00,0
10/26/2022 3:00,0
10/26/2022 4:00,0.065
10/26/2022 5:00,50.931
10/26/2022 6:00,219.31
10/26/2022 7:00,391.267
10/26/2022 8:00,528.098
10/26/2022 9:00,613.643
10/26/2022 10:00,640.173
10/26/2022 11:00,604.424
10/26/2022 12:00,513.702
10/26/2022 13:00,369.915
10/26/2022 14:00,194.893
10/26/2022 15:00,35.301
10/26/2022 16:00,0
10/26/2022 17:00,0
10/26/2022 18:00,0
10/26/2022 19:00,0
10/26/2022 20:00,0
10/26/2022 21:00,0
10/26/2022 22:00,0
10/26/2022 23:00,0
10/27/2022 0:00,0
10/27/2022 1:00,0
10/27/2022 2:00,0
10/27/2022 3:00,0
10/27/2022 4:00,0.047
10/27/2022 5:00,45.218
10/27/2022 6:00,206.696
10/27/2022 7:00,376.79
10/27/2022 8:00,513.417
10/27/2022 9:00,599.788
10/27/2022 10:00,625.576
10/27/2022 11:00,588.525
10/27/2022 12:00,488.675
10/27/2022 13:00,347.482
10/27/2022 14:00,175.654
10/27/2022 15:00,29.55
10/27/2022 16:00,0
10/27/2022 17:00,0
10/27/2022 18:00,0
10/27/2022 19:00,0
10/27/2022 20:00,0
10/27/2022 21:00,0
10/27/2022 22:00,0
10/27/2022 23:00,0
10/28/2022 0:00,0
10/28/2022 1:00,0
10/28/2022 2:00,0
10/28/2022 3:00,0
10/28/2022 4:00,0.036
10/28/2022 5:00,45.365
10/28/2022 6:00,211.657
10/28/2022 7:00,384.103
10/28/2022 8:00,520.531
10/28/2022 9:00,591.346
10/28/2022 10:00,619.297
10/28/2022 11:00,596.007
10/28/2022 12:00,504.529
10/28/2022 13:00,361.119
10/28/2022 14:00,187.623
10/28/2022 15:00,32.011
10/28/2022 16:00,0
10/28/2022 17:00,0
10/28/2022 18:00,0
10/28/2022 19:00,0
10/28/2022 20:00,0
10/28/2022 21:00,0
10/28/2022 22:00,0
10/28/2022 23:00,0
10/29/2022 0:00,0
10/29/2022 1:00,0
10/29/2022 2:00,0
10/29/2022 3:00,0
10/29/2022 4:00,0.027
10/29/2022 5:00,45.229
10/29/2022 6:00,213.524
10/29/2022 7:00,388.619
10/29/2022 8:00,527.578
10/29/2022 9:00,615.202
10/29/2022 10:00,643.019
10/29/2022 11:00,608.54
10/29/2022 12:00,513.88
10/29/2022 13:00,369.958
10/29/2022 14:00,192.866
10/29/2022 15:00,31.709
10/29/2022 16:00,0
10/29/2022 17:00,0
10/29/2022 18:00,0
10/29/2022 19:00,0
10/29/2022 20:00,0
10/29/2022 21:00,0
10/29/2022 22:00,0
10/29/2022 23:00,0
10/30/2022 0:00,0
10/30/2022 1:00,0
10/30/2022 2:00,0
10/30/2022 3:00,0
10/30/2022 4:00,0.021
10/30/2022 5:00,43.455
10/30/2022 6:00,211.991
10/30/2022 7:00,387.057
10/30/2022 8:00,525.969
10/30/2022 9:00,613.123
10/30/2022 10:00,640.42
10/30/2022 11:00,605.375
10/30/2022 12:00,510.916
10/30/2022 13:00,366.549
10/30/2022 14:00,189.828
10/30/2022 15:00,30.091
10/30/2022 16:00,0
10/30/2022 17:00,0
10/30/2022 18:00,0
10/30/2022 19:00,0
10/30/2022 20:00,0
10/30/2022 21:00,0
10/30/2022 22:00,0
10/30/2022 23:00,0
10/31/2022 0:00,0
10/31/2022 1:00,0
10/31/2022 2:00,0
10/31/2022 3:00,0
10/31/2022 4:00,0.016
10/31/2022 5:00,39.109
10/31/2022 6:00,196.247
10/31/2022 7:00,363.675
10/31/2022 8:00,499.002
10/31/2022 9:00,586.583
10/31/2022 10:00,618.176
10/31/2022 11:00,582.53
10/31/2022 12:00,482.619
10/31/2022 13:00,344.161
10/31/2022 14:00,171.557
10/31/2022 15:00,24.912
10/31/2022 16:00,0
10/31/2022 17:00,0
10/31/2022 18:00,0
10/31/2022 19:00,0
10/31/2022 20:00,0
10/31/2022 21:00,0
10/31/2022 22:00,0
10/31/2022 23:00,0
11/1/2022 0:00,0
11/1/2022 1:00,0
11/1/2022 2:00,0
11/1/2022 3:00,0
11/1/2022 4:00,0.012
11/1/2022 5:00,37.201
11/1/2022 6:00,197.223
11/1/2022 7:00,368.469
11/1/2022 8:00,505.673
11/1/2022 9:00,592.346
11/1/2022 10:00,619.863
11/1/2022 11:00,585.783
11/1/2022 12:00,494.718
11/1/2022 13:00,352.34
11/1/2022 14:00,178.384
11/1/2022 15:00,25.607
11/1/2022 16:00,0
11/1/2022 17:00,0
11/1/2022 18:00,0
11/1/2022 19:00,0
11/1/2022 20:00,0
11/1/2022 21:00,0
11/1/2022 22:00,0
11/1/2022 23:00,0
11/2/2022 0:00,0
11/2/2022 1:00,0
11/2/2022 2:00,0
11/2/2022 3:00,0
11/2/2022 4:00,0.01
11/2/2022 5:00,36.156
11/2/2022 6:00,196.258
11/2/2022 7:00,366.988
11/2/2022 8:00,503.364
11/2/2022 9:00,589.197
11/2/2022 10:00,616.358
11/2/2022 11:00,582.227
11/2/2022 12:00,489.374
11/2/2022 13:00,347.325
11/2/2022 14:00,173.558
11/2/2022 15:00,23.573
11/2/2022 16:00,0
11/2/2022 17:00,0
11/2/2022 18:00,0
11/2/2022 19:00,0
11/2/2022 20:00,0
11/2/2022 21:00,0
11/2/2022 22:00,0
11/2/2022 23:00,0
11/3/2022 0:00,0
11/3/2022 1:00,0
11/3/2022 2:00,0
11/3/2022 3:00,0
11/3/2022 4:00,0.007
11/3/2022 5:00,31.537
11/3/2022 6:00,177.834
11/3/2022 7:00,339.206
11/3/2022 8:00,470.037
11/3/2022 9:00,548.965
11/3/2022 10:00,576.464
11/3/2022 11:00,540.896
11/3/2022 12:00,437.597
11/3/2022 13:00,288.199
11/3/2022 14:00,134.746
11/3/2022 15:00,17.829
11/3/2022 16:00,0
11/3/2022 17:00,0
11/3/2022 18:00,0
11/3/2022 19:00,0
11/3/2022 20:00,0
11/3/2022 21:00,0
11/3/2022 22:00,0
11/3/2022 23:00,0
11/4/2022 0:00,0
11/4/2022 1:00,0
11/4/2022 2:00,0
11/4/2022 3:00,0
11/4/2022 4:00,0.005
11/4/2022 5:00,30.223
11/4/2022 6:00,179.794
11/4/2022 7:00,349.748
11/4/2022 8:00,489.098
11/4/2022 9:00,575.614
11/4/2022 10:00,602.038
11/4/2022 11:00,565.797
11/4/2022 12:00,470.96
11/4/2022 13:00,322.415
11/4/2022 14:00,150.733
11/4/2022 15:00,18.595
11/4/2022 16:00,0
11/4/2022 17:00,0
11/4/2022 18:00,0
11/4/2022 19:00,0
11/4/2022 20:00,0
11/4/2022 21:00,0
11/4/2022 22:00,0
11/4/2022 23:00,0
11/5/2022 0:00,0
11/5/2022 1:00,0
11/5/2022 2:00,0
11/5/2022 3:00,0
11/5/2022 4:00,0.003
11/5/2022 5:00,28.476
11/5/2022 6:00,172.722
11/5/2022 7:00,333.704
11/5/2022 8:00,462.56
11/5/2022 9:00,534.152
11/5/2022 10:00,544.136
11/5/2022 11:00,499.508
11/5/2022 12:00,402.203
11/5/2022 13:00,238.119
11/5/2022 14:00,126.88
11/5/2022 15:00,14.384
11/5/2022 16:00,0
11/5/2022 17:00,0
11/5/2022 18:00,0
11/5/2022 19:00,0
11/5/2022 20:00,0
11/5/2022 21:00,0
11/5/2022 22:00,0
11/5/2022 23:00,0
11/6/2022 0:00,0
11/6/2022 1:00,0
11/6/2022 2:00,0
11/6/2022 3:00,0
11/6/2022 4:00,0.002
11/6/2022 5:00,7.583
11/6/2022 6:00,42.122
11/6/2022 7:00,92.463
11/6/2022 8:00,160.111
11/6/2022 9:00,173.458
11/6/2022 10:00,176.425
11/6/2022 11:00,167.905
11/6/2022 12:00,150.967
11/6/2022 13:00,112.42
11/6/2022 14:00,52.104
11/6/2022 15:00,6.009
11/6/2022 16:00,0
11/6/2022 17:00,0
11/6/2022 18:00,0
11/6/2022 19:00,0
11/6/2022 20:00,0
11/6/2022 21:00,0
11/6/2022 22:00,0
11/6/2022 23:00,0
11/7/2022 0:00,0
11/7/2022 1:00,0
11/7/2022 2:00,0
11/7/2022 3:00,0
11/7/2022 4:00,0
11/7/2022 5:00,18.12
11/7/2022 6:00,133.212
11/7/2022 7:00,284.315
11/7/2022 8:00,428.088
11/7/2022 9:00,509.39
11/7/2022 10:00,529.342
11/7/2022 11:00,501.751
11/7/2022 12:00,421.053
11/7/2022 13:00,296.717
11/7/2022 14:00,139.702
11/7/2022 15:00,14.423
11/7/2022 16:00,0
11/7/2022 17:00,0
11/7/2022 18:00,0
11/7/2022 19:00,0
11/7/2022 20:00,0
11/7/2022 21:00,0
11/7/2022 22:00,0
11/7/2022 23:00,0
11/8/2022 0:00,0
11/8/2022 1:00,0
11/8/2022 2:00,0
11/8/2022 3:00,0
11/8/2022 4:00,0.001
11/8/2022 5:00,21.059
11/8/2022 6:00,150.277
11/8/2022 7:00,308.977
11/8/2022 8:00,448.598
11/8/2022 9:00,535.931
11/8/2022 10:00,566.984
11/8/2022 11:00,532.124
11/8/2022 12:00,441.024
11/8/2022 13:00,304.586
11/8/2022 14:00,139.901
11/8/2022 15:00,14.083
11/8/2022 16:00,0
11/8/2022 17:00,0
11/8/2022 18:00,0
11/8/2022 19:00,0
11/8/2022 20:00,0
11/8/2022 21:00,0
11/8/2022 22:00,0
11/8/2022 23:00,0
11/9/2022 0:00,0
11/9/2022 1:00,0
11/9/2022 2:00,0
11/9/2022 3:00,0
11/9/2022 4:00,0
11/9/2022 5:00,21.909
11/9/2022 6:00,158.29
11/9/2022 7:00,318.085
11/9/2022 8:00,452.844
11/9/2022 9:00,538.38
11/9/2022 10:00,567.544
11/9/2022 11:00,530.327
11/9/2022 12:00,438.721
11/9/2022 13:00,302.963
11/9/2022 14:00,139.485
11/9/2022 15:00,13.522
11/9/2022 16:00,0
11/9/2022 17:00,0
11/9/2022 18:00,0
11/9/2022 19:00,0
11/9/2022 20:00,0
11/9/2022 21:00,0
11/9/2022 22:00,0
11/9/2022 23:00,0
11/10/2022 0:00,0
11/10/2022 1:00,0
11/10/2022 2:00,0
11/10/2022 3:00,0
11/10/2022 4:00,0
11/10/2022 5:00,18.893
11/10/2022 6:00,137.119
11/10/2022 7:00,277.166
11/10/2022 8:00,428.338
11/10/2022 9:00,525.465
11/10/2022 10:00,565.861
11/10/2022 11:00,535.138
11/10/2022 12:00,443.755
11/10/2022 13:00,304.977
11/10/2022 14:00,139
11/10/2022 15:00,12.502
11/10/2022 16:00,0
11/10/2022 17:00,0
11/10/2022 18:00,0
11/10/2022 19:00,0
11/10/2022 20:00,0
11/10/2022 21:00,0
11/10/2022 22:00,0
11/10/2022 23:00,0
11/11/2022 0:00,0
11/11/2022 1:00,0
11/11/2022 2:00,0
11/11/2022 3:00,0
11/11/2022 4:00,0
11/11/2022 5:00,19.179
11/11/2022 6:00,150.007
11/11/2022 7:00,307.42
11/11/2022 8:00,429.936
11/11/2022 9:00,494.762
11/11/2022 10:00,496.688
11/11/2022 11:00,456.334
11/11/2022 12:00,309.981
11/11/2022 13:00,200.631
11/11/2022 14:00,93.908
11/11/2022 15:00,8.986
11/11/2022 16:00,0
11/11/2022 17:00,0
11/11/2022 18:00,0
11/11/2022 19:00,0
11/11/2022 20:00,0
11/11/2022 21:00,0
11/11/2022 22:00,0
11/11/2022 23:00,0
11/12/2022 0:00,0
11/12/2022 1:00,0
11/12/2022 2:00,0
11/12/2022 3:00,0
11/12/2022 4:00,0
11/12/2022 5:00,11.046
11/12/2022 6:00,76.972
11/12/2022 7:00,155.746
11/12/2022 8:00,217.385
11/12/2022 9:00,252.223
11/12/2022 10:00,267.357
11/12/2022 11:00,249.631
11/12/2022 12:00,185.483
11/12/2022 13:00,119.513
11/12/2022 14:00,52.402
11/12/2022 15:00,4.046
11/12/2022 16:00,0
11/12/2022 17:00,0
11/12/2022 18:00,0
11/12/2022 19:00,0
11/12/2022 20:00,0
11/12/2022 21:00,0
11/12/2022 22:00,0
11/12/2022 23:00,0
11/13/2022 0:00,0
11/13/2022 1:00,0
11/13/2022 2:00,0
11/13/2022 3:00,0
11/13/2022 4:00,0
11/13/2022 5:00,13.898
11/13/2022 6:00,114.334
11/13/2022 7:00,251.979
11/13/2022 8:00,369.558
11/13/2022 9:00,451.586
11/13/2022 10:00,485.004
11/13/2022 11:00,470.218
11/13/2022 12:00,393.146
11/13/2022 13:00,267.953
11/13/2022 14:00,115.56
11/13/2022 15:00,8.433
11/13/2022 16:00,0
11/13/2022 17:00,0
11/13/2022 18:00,0
11/13/2022 19:00,0
11/13/2022 20:00,0
11/13/2022 21:00,0
11/13/2022 22:00,0
11/13/2022 23:00,0
11/14/2022 0:00,0
11/14/2022 1:00,0
11/14/2022 2:00,0
11/14/2022 3:00,0
11/14/2022 4:00,0
11/14/2022 5:00,15.449
11/14/2022 6:00,135.221
11/14/2022 7:00,284.293
11/14/2022 8:00,420.077
11/14/2022 9:00,506.189
11/14/2022 10:00,535.892
11/14/2022 11:00,498.467
11/14/2022 12:00,409.632
11/14/2022 13:00,273.827
11/14/2022 14:00,117.268
11/14/2022 15:00,8.055
11/14/2022 16:00,0
11/14/2022 17:00,0
11/14/2022 18:00,0
11/14/2022 19:00,0
11/14/2022 20:00,0
11/14/2022 21:00,0
11/14/2022 22:00,0
11/14/2022 23:00,0
11/15/2022 0:00,0
11/15/2022 1:00,0
11/15/2022 2:00,0
11/15/2022 3:00,0
11/15/2022 4:00,0
11/15/2022 5:00,13.785
11/15/2022 6:00,125.741
11/15/2022 7:00,271.695
11/15/2022 8:00,407.998
11/15/2022 9:00,486.567
11/15/2022 10:00,510.678
11/15/2022 11:00,474.422
11/15/2022 12:00,385.864
11/15/2022 13:00,256.683
11/15/2022 14:00,107.464
11/15/2022 15:00,6.8
11/15/2022 16:00,0
11/15/2022 17:00,0
11/15/2022 18:00,0
11/15/2022 19:00,0
11/15/2022 20:00,0
11/15/2022 21:00,0
11/15/2022 22:00,0
11/15/2022 23:00,0
11/16/2022 0:00,0
11/16/2022 1:00,0
11/16/2022 2:00,0
11/16/2022 3:00,0
11/16/2022 4:00,0
11/16/2022 5:00,9.833
11/16/2022 6:00,107.826
11/16/2022 7:00,255.557
11/16/2022 8:00,396.748
11/16/2022 9:00,490.817
11/16/2022 10:00,510.487
11/16/2022 11:00,472.523
11/16/2022 12:00,379.695
11/16/2022 13:00,252.204
11/16/2022 14:00,104.837
11/16/2022 15:00,6.18
11/16/2022 16:00,0
11/16/2022 17:00,0
11/16/2022 18:00,0
11/16/2022 19:00,0
11/16/2022 20:00,0
11/16/2022 21:00,0
11/16/2022 22:00,0
11/16/2022 23:00,0
11/17/2022 0:00,0
11/17/2022 1:00,0
11/17/2022 2:00,0
11/17/2022 3:00,0
11/17/2022 4:00,0
11/17/2022 5:00,8.646
11/17/2022 6:00,69.799
11/17/2022 7:00,178.628
11/17/2022 8:00,292.026
11/17/2022 9:00,365.062
11/17/2022 10:00,356.774
11/17/2022 11:00,345.295
11/17/2022 12:00,293.797
11/17/2022 13:00,199.62
11/17/2022 14:00,84.119
11/17/2022 15:00,5.475
11/17/2022 16:00,0
11/17/2022 17:00,0
11/17/2022 18:00,0
11/17/2022 19:00,0
11/17/2022 20:00,0
11/17/2022 21:00,0
11/17/2022 22:00,0
11/17/2022 23:00,0
11/18/2022 0:00,0
11/18/2022 1:00,0
11/18/2022 2:00,0
11/18/2022 3:00,0
11/18/2022 4:00,0
11/18/2022 5:00,10.447
11/18/2022 6:00,119.613
11/18/2022 7:00,266.256
11/18/2022 8:00,396.829
11/18/2022 9:00,478.457
11/18/2022 10:00,507.166
11/18/2022 11:00,480.187
11/18/2022 12:00,395.472
11/18/2022 13:00,262.44
11/18/2022 14:00,108.744
11/18/2022 15:00,5.779
11/18/2022 16:00,0
11/18/2022 17:00,0
11/18/2022 18:00,0
11/18/2022 19:00,0
11/18/2022 20:00,0
11/18/2022 21:00,0
11/18/2022 22:00,0
11/18/2022 23:00,0
11/19/2022 0:00,0
11/19/2022 1:00,0
11/19/2022 2:00,0
11/19/2022 3:00,0
11/19/2022 4:00,0
11/19/2022 5:00,11.414
11/19/2022 6:00,130.223
11/19/2022 7:00,288.372
11/19/2022 8:00,424.677
11/19/2022 9:00,505.542
11/19/2022 10:00,529.756
11/19/2022 11:00,489.443
11/19/2022 12:00,389.511
11/19/2022 13:00,248.828
11/19/2022 14:00,96.326
11/19/2022 15:00,4.954
11/19/2022 16:00,0
11/19/2022 17:00,0
11/19/2022 18:00,0
11/19/2022 19:00,0
11/19/2022 20:00,0
11/19/2022 21:00,0
11/19/2022 22:00,0
11/19/2022 23:00,0
11/20/2022 0:00,0
11/20/2022 1:00,0
11/20/2022 2:00,0
11/20/2022 3:00,0
11/20/2022 4:00,0
11/20/2022 5:00,5.543
11/20/2022 6:00,55.888
11/20/2022 7:00,116.623
11/20/2022 8:00,156.707
11/20/2022 9:00,177.908
11/20/2022 10:00,192.425
11/20/2022 11:00,169.419
11/20/2022 12:00,132.6
11/20/2022 13:00,87.768
11/20/2022 14:00,37.213
11/20/2022 15:00,2.134
11/20/2022 16:00,0
11/20/2022 17:00,0
11/20/2022 18:00,0
11/20/2022 19:00,0
11/20/2022 20:00,0
11/20/2022 21:00,0
11/20/2022 22:00,0
11/20/2022 23:00,0
11/21/2022 0:00,0
11/21/2022 1:00,0
11/21/2022 2:00,0
11/21/2022 3:00,0
11/21/2022 4:00,0
11/21/2022 5:00,8.526
11/21/2022 6:00,105.049
11/21/2022 7:00,233.701
11/21/2022 8:00,339.431
11/21/2022 9:00,403.98
11/21/2022 10:00,406.471
11/21/2022 11:00,369.453
11/21/2022 12:00,297.118
11/21/2022 13:00,201.419
11/21/2022 14:00,87.412
11/21/2022 15:00,4.307
11/21/2022 16:00,0
11/21/2022 17:00,0
11/21/2022 18:00,0
11/21/2022 19:00,0
11/21/2022 20:00,0
11/21/2022 21:00,0
11/21/2022 22:00,0
11/21/2022 23:00,0
11/22/2022 0:00,0
11/22/2022 1:00,0
11/22/2022 2:00,0
11/22/2022 3:00,0
11/22/2022 4:00,0
11/22/2022 5:00,8.621
11/22/2022 6:00,91.06
11/22/2022 7:00,192.301
11/22/2022 8:00,273.763
11/22/2022 9:00,398.727
11/22/2022 10:00,421.482
11/22/2022 11:00,390.254
11/22/2022 12:00,325.592
11/22/2022 13:00,205.254
11/22/2022 14:00,76.049
11/22/2022 15:00,2.431
11/22/2022 16:00,0
11/22/2022 17:00,0
11/22/2022 18:00,0
11/22/2022 19:00,0
11/22/2022 20:00,0
11/22/2022 21:00,0
11/22/2022 22:00,0
11/22/2022 23:00,0
11/23/2022 0:00,0
11/23/2022 1:00,0
11/23/2022 2:00,0
11/23/2022 3:00,0
11/23/2022 4:00,0
11/23/2022 5:00,2.544
11/23/2022 6:00,37.045
11/23/2022 7:00,94.279
11/23/2022 8:00,157.207
11/23/2022 9:00,220.657
11/23/2022 10:00,285.228
11/23/2022 11:00,317.198
11/23/2022 12:00,255.648
11/23/2022 13:00,169.866
11/23/2022 14:00,67.806
11/23/2022 15:00,2.373
11/23/2022 16:00,0
11/23/2022 17:00,0
11/23/2022 18:00,0
11/23/2022 19:00,0
11/23/2022 20:00,0
11/23/2022 21:00,0
11/23/2022 22:00,0
11/23/2022 23:00,0
11/24/2022 0:00,0
11/24/2022 1:00,0
11/24/2022 2:00,0
11/24/2022 3:00,0
11/24/2022 4:00,0
11/24/2022 5:00,7.707
11/24/2022 6:00,118.322
11/24/2022 7:00,275.296
11/24/2022 8:00,408.177
11/24/2022 9:00,492.392
11/24/2022 10:00,516.034
11/24/2022 11:00,477.06
11/24/2022 12:00,387.656
11/24/2022 13:00,258.243
11/24/2022 14:00,103.589
11/24/2022 15:00,3.903
11/24/2022 16:00,0
11/24/2022 17:00,0
11/24/2022 18:00,0
11/24/2022 19:00,0
11/24/2022 20:00,0
11/24/2022 21:00,0
11/24/2022 22:00,0
11/24/2022 23:00,0
11/25/2022 0:00,0
11/25/2022 1:00,0
11/25/2022 2:00,0
11/25/2022 3:00,0
11/25/2022 4:00,0
11/25/2022 5:00,7.941
11/25/2022 6:00,122.476
11/25/2022 7:00,282.876
11/25/2022 8:00,415.119
11/25/2022 9:00,498.985
11/25/2022 10:00,527.066
11/25/2022 11:00,495.27
11/25/2022 12:00,406.482
11/25/2022 13:00,269.664
11/25/2022 14:00,106.737
11/25/2022 15:00,3.725
11/25/2022 16:00,0
11/25/2022 17:00,0
11/25/2022 18:00,0
11/25/2022 19:00,0
11/25/2022 20:00,0
11/25/2022 21:00,0
11/25/2022 22:00,0
11/25/2022 23:00,0
11/26/2022 0:00,0
11/26/2022 1:00,0
11/26/2022 2:00,0
11/26/2022 3:00,0
11/26/2022 4:00,0
11/26/2022 5:00,7.088
11/26/2022 6:00,110.743
11/26/2022 7:00,256.624
11/26/2022 8:00,375.577
11/26/2022 9:00,449.461
11/26/2022 10:00,443.787
11/26/2022 11:00,378.821
11/26/2022 12:00,289.516
11/26/2022 13:00,163.73
11/26/2022 14:00,49.289
11/26/2022 15:00,1.256
11/26/2022 16:00,0
11/26/2022 17:00,0
11/26/2022 18:00,0
11/26/2022 19:00,0
11/26/2022 20:00,0
11/26/2022 21:00,0
11/26/2022 22:00,0
11/26/2022 23:00,0
11/27/2022 0:00,0
11/27/2022 1:00,0
11/27/2022 2:00,0
11/27/2022 3:00,0
11/27/2022 4:00,0
11/27/2022 5:00,5.017
11/27/2022 6:00,80.491
11/27/2022 7:00,198.512
11/27/2022 8:00,288.687
11/27/2022 9:00,347.423
11/27/2022 10:00,335.266
11/27/2022 11:00,291.553
11/27/2022 12:00,226.456
11/27/2022 13:00,136.974
11/27/2022 14:00,46.115
11/27/2022 15:00,1.311
11/27/2022 16:00,0
11/27/2022 17:00,0
11/27/2022 18:00,0
11/27/2022 19:00,0
11/27/2022 20:00,0
11/27/2022 21:00,0
11/27/2022 22:00,0
11/27/2022 23:00,0
11/28/2022 0:00,0
11/28/2022 1:00,0
11/28/2022 2:00,0
11/28/2022 3:00,0
11/28/2022 4:00,0
11/28/2022 5:00,2.93
11/28/2022 6:00,48.827
11/28/2022 7:00,126.296
11/28/2022 8:00,206.879
11/28/2022 9:00,280.361
11/28/2022 10:00,295.814
11/28/2022 11:00,279.182
11/28/2022 12:00,226.9
11/28/2022 13:00,145.854
11/28/2022 14:00,56.701
11/28/2022 15:00,1.771
11/28/2022 16:00,0
11/28/2022 17:00,0
11/28/2022 18:00,0
11/28/2022 19:00,0
11/28/2022 20:00,0
11/28/2022 21:00,0
11/28/2022 22:00,0
11/28/2022 23:00,0
11/29/2022 0:00,0
11/29/2022 1:00,0
11/29/2022 2:00,0
11/29/2022 3:00,0
11/29/2022 4:00,0
11/29/2022 5:00,3.393
11/29/2022 6:00,62.575
11/29/2022 7:00,160.45
11/29/2022 8:00,275.81
11/29/2022 9:00,295.846
11/29/2022 10:00,322.57
11/29/2022 11:00,294.124
11/29/2022 12:00,238.798
11/29/2022 13:00,141.777
11/29/2022 14:00,44.597
11/29/2022 15:00,1.447
11/29/2022 16:00,0
11/29/2022 17:00,0
11/29/2022 18:00,0
11/29/2022 19:00,0
11/29/2022 20:00,0
11/29/2022 21:00,0
11/29/2022 22:00,0
11/29/2022 23:00,0
11/30/2022 0:00,0
11/30/2022 1:00,0
11/30/2022 2:00,0
11/30/2022 3:00,0
11/30/2022 4:00,0
11/30/2022 5:00,2.003
11/30/2022 6:00,32.512
11/30/2022 7:00,83.915
11/30/2022 8:00,135.775
11/30/2022 9:00,158.591
11/30/2022 10:00,145.667
11/30/2022 11:00,127.306
11/30/2022 12:00,100.798
11/30/2022 13:00,61.308
11/30/2022 14:00,21.798
11/30/2022 15:00,0.637
11/30/2022 16:00,0
11/30/2022 17:00,0
11/30/2022 18:00,0
11/30/2022 19:00,0
11/30/2022 20:00,0
11/30/2022 21:00,0
11/30/2022 22:00,0
11/30/2022 23:00,0
12/1/2022 0:00,0
12/1/2022 1:00,0
12/1/2022 2:00,0
12/1/2022 3:00,0
12/1/2022 4:00,0
12/1/2022 5:00,2.089
12/1/2022 6:00,36.53
12/1/2022 7:00,102.767
12/1/2022 8:00,193.46
12/1/2022 9:00,237.678
12/1/2022 10:00,204.987
12/1/2022 11:00,171.138
12/1/2022 12:00,153.919
12/1/2022 13:00,110.219
12/1/2022 14:00,49.051
12/1/2022 15:00,1.243
12/1/2022 16:00,0
12/1/2022 17:00,0
12/1/2022 18:00,0
12/1/2022 19:00,0
12/1/2022 20:00,0
12/1/2022 21:00,0
12/1/2022 22:00,0
12/1/2022 23:00,0
12/2/2022 0:00,0
12/2/2022 1:00,0
12/2/2022 2:00,0
12/2/2022 3:00,0
12/2/2022 4:00,0
12/2/2022 5:00,4.059
12/2/2022 6:00,75.651
12/2/2022 7:00,187.966
12/2/2022 8:00,316.451
12/2/2022 9:00,418.205
12/2/2022 10:00,450.246
12/2/2022 11:00,424.7
12/2/2022 12:00,335.026
12/2/2022 13:00,214.655
12/2/2022 14:00,69.509
12/2/2022 15:00,1.408
12/2/2022 16:00,0
12/2/2022 17:00,0
12/2/2022 18:00,0
12/2/2022 19:00,0
12/2/2022 20:00,0
12/2/2022 21:00,0
12/2/2022 22:00,0
12/2/2022 23:00,0
12/3/2022 0:00,0
12/3/2022 1:00,0
12/3/2022 2:00,0
12/3/2022 3:00,0
12/3/2022 4:00,0
12/3/2022 5:00,2.405
12/3/2022 6:00,42.399
12/3/2022 7:00,110.567
12/3/2022 8:00,192.42
12/3/2022 9:00,250.1
12/3/2022 10:00,302.866
12/3/2022 11:00,287.681
12/3/2022 12:00,218.446
12/3/2022 13:00,134.648
12/3/2022 14:00,43.469
12/3/2022 15:00,0.78
12/3/2022 16:00,0
12/3/2022 17:00,0
12/3/2022 18:00,0
12/3/2022 19:00,0
12/3/2022 20:00,0
12/3/2022 21:00,0
12/3/2022 22:00,0
12/3/2022 23:00,0
12/4/2022 0:00,0
12/4/2022 1:00,0
12/4/2022 2:00,0
12/4/2022 3:00,0
12/4/2022 4:00,0
12/4/2022 5:00,3.468
12/4/2022 6:00,68.14
12/4/2022 7:00,181.495
12/4/2022 8:00,288.581
12/4/2022 9:00,356.393
12/4/2022 10:00,380.264
12/4/2022 11:00,346.083
12/4/2022 12:00,256.409
12/4/2022 13:00,145.737
12/4/2022 14:00,50.664
12/4/2022 15:00,0.9
12/4/2022 16:00,0
12/4/2022 17:00,0
12/4/2022 18:00,0
12/4/2022 19:00,0
12/4/2022 20:00,0
12/4/2022 21:00,0
12/4/2022 22:00,0
12/4/2022 23:00,0
12/5/2022 0:00,0
12/5/2022 1:00,0
12/5/2022 2:00,0
12/5/2022 3:00,0
12/5/2022 4:00,0
12/5/2022 5:00,2.713
12/5/2022 6:00,55.456
12/5/2022 7:00,141.832
12/5/2022 8:00,230.345
12/5/2022 9:00,306.174
12/5/2022 10:00,337.016
12/5/2022 11:00,332.612
12/5/2022 12:00,248.097
12/5/2022 13:00,163.308
12/5/2022 14:00,57.627
12/5/2022 15:00,0.902
12/5/2022 16:00,0
12/5/2022 17:00,0
12/5/2022 18:00,0
12/5/2022 19:00,0
12/5/2022 20:00,0
12/5/2022 21:00,0
12/5/2022 22:00,0
12/5/2022 23:00,0
12/6/2022 0:00,0
12/6/2022 1:00,0
12/6/2022 2:00,0
12/6/2022 3:00,0
12/6/2022 4:00,0
12/6/2022 5:00,3.358
12/6/2022 6:00,76.422
12/6/2022 7:00,195.205
12/6/2022 8:00,292.111
12/6/2022 9:00,349.854
12/6/2022 10:00,375.419
12/6/2022 11:00,372.828
12/6/2022 12:00,306.728
12/6/2022 13:00,188.319
12/6/2022 14:00,60.36
12/6/2022 15:00,0.938
12/6/2022 16:00,0
12/6/2022 17:00,0
12/6/2022 18:00,0
12/6/2022 19:00,0
12/6/2022 20:00,0
12/6/2022 21:00,0
12/6/2022 22:00,0
12/6/2022 23:00,0
12/7/2022 0:00,0
12/7/2022 1:00,0
12/7/2022 2:00,0
12/7/2022 3:00,0
12/7/2022 4:00,0
12/7/2022 5:00,2.189
12/7/2022 6:00,48.234
12/7/2022 7:00,129.732
12/7/2022 8:00,227.89
12/7/2022 9:00,299.29
12/7/2022 10:00,324.543
12/7/2022 11:00,305.559
12/7/2022 12:00,235.38
12/7/2022 13:00,149.982
12/7/2022 14:00,51.367
12/7/2022 15:00,0.659
12/7/2022 16:00,0
12/7/2022 17:00,0
12/7/2022 18:00,0
12/7/2022 19:00,0
12/7/2022 20:00,0
12/7/2022 21:00,0
12/7/2022 22:00,0
12/7/2022 23:00,0
12/8/2022 0:00,0
12/8/2022 1:00,0
12/8/2022 2:00,0
12/8/2022 3:00,0
12/8/2022 4:00,0
12/8/2022 5:00,2.366
12/8/2022 6:00,61.272
12/8/2022 7:00,165.131
12/8/2022 8:00,260.135
12/8/2022 9:00,317.593
12/8/2022 10:00,338.211
12/8/2022 11:00,325.241
12/8/2022 12:00,237.304
12/8/2022 13:00,141.514
12/8/2022 14:00,46.447
12/8/2022 15:00,0.695
12/8/2022 16:00,0
12/8/2022 17:00,0
12/8/2022 18:00,0
12/8/2022 19:00,0
12/8/2022 20:00,0
12/8/2022 21:00,0
12/8/2022 22:00,0
12/8/2022 23:00,0
12/9/2022 0:00,0
12/9/2022 1:00,0
12/9/2022 2:00,0
12/9/2022 3:00,0
12/9/2022 4:00,0
12/9/2022 5:00,2.743
12/9/2022 6:00,75.433
12/9/2022 7:00,204.386
12/9/2022 8:00,322.167
12/9/2022 9:00,389.441
12/9/2022 10:00,415.399
12/9/2022 11:00,382.347
12/9/2022 12:00,293.429
12/9/2022 13:00,174.951
12/9/2022 14:00,52.199
12/9/2022 15:00,0.688
12/9/2022 16:00,0
12/9/2022 17:00,0
12/9/2022 18:00,0
12/9/2022 19:00,0
12/9/2022 20:00,0
12/9/2022 21:00,0
12/9/2022 22:00,0
12/9/2022 23:00,0
12/10/2022 0:00,0
12/10/2022 1:00,0
12/10/2022 2:00,0
12/10/2022 3:00,0
12/10/2022 4:00,0
12/10/2022 5:00,2.37
12/10/2022 6:00,68.79
12/10/2022 7:00,191.084
12/10/2022 8:00,292.432
12/10/2022 9:00,329.559
12/10/2022 10:00,313.363
12/10/2022 11:00,294.916
12/10/2022 12:00,232.261
12/10/2022 13:00,124.426
12/10/2022 14:00,34.309
12/10/2022 15:00,0.398
12/10/2022 16:00,0
12/10/2022 17:00,0
12/10/2022 18:00,0
12/10/2022 19:00,0
12/10/2022 20:00,0
12/10/2022 21:00,0
12/10/2022 22:00,0
12/10/2022 23:00,0
12/11/2022 0:00,0
12/11/2022 1:00,0
12/11/2022 2:00,0
12/11/2022 3:00,0
12/11/2022 4:00,0
12/11/2022 5:00,0.595
12/11/2022 6:00,22.625
12/11/2022 7:00,69.22
12/11/2022 8:00,115.269
12/11/2022 9:00,146.034
12/11/2022 10:00,161.054
12/11/2022 11:00,157.955
12/11/2022 12:00,161.964
12/11/2022 13:00,118.614
12/11/2022 14:00,41.964
12/11/2022 15:00,0.604
12/11/2022 16:00,0
12/11/2022 17:00,0
12/11/2022 18:00,0
12/11/2022 19:00,0
12/11/2022 20:00,0
12/11/2022 21:00,0
12/11/2022 22:00,0
12/11/2022 23:00,0
12/12/2022 0:00,0
12/12/2022 1:00,0
12/12/2022 2:00,0
12/12/2022 3:00,0
12/12/2022 4:00,0
12/12/2022 5:00,1.748
12/12/2022 6:00,43.482
12/12/2022 7:00,124.636
12/12/2022 8:00,229.588
12/12/2022 9:00,319.286
12/12/2022 10:00,345.556
12/12/2022 11:00,328.206
12/12/2022 12:00,265.734
12/12/2022 13:00,173.231
12/12/2022 14:00,55.803
12/12/2022 15:00,0.529
12/12/2022 16:00,0
12/12/2022 17:00,0
12/12/2022 18:00,0
12/12/2022 19:00,0
12/12/2022 20:00,0
12/12/2022 21:00,0
12/12/2022 22:00,0
12/12/2022 23:00,0
12/13/2022 0:00,0
12/13/2022 1:00,0
12/13/2022 2:00,0
12/13/2022 3:00,0
12/13/2022 4:00,0
12/13/2022 5:00,2.146
12/13/2022 6:00,31.203
12/13/2022 7:00,70.121
12/13/2022 8:00,102.431
12/13/2022 9:00,147.85
12/13/2022 10:00,200.816
12/13/2022 11:00,214.534
12/13/2022 12:00,175.322
12/13/2022 13:00,94.227
12/13/2022 14:00,29.448
12/13/2022 15:00,0.235
12/13/2022 16:00,0
12/13/2022 17:00,0
12/13/2022 18:00,0
12/13/2022 19:00,0
12/13/2022 20:00,0
12/13/2022 21:00,0
12/13/2022 22:00,0
12/13/2022 23:00,0
12/14/2022 0:00,0
12/14/2022 1:00,0
12/14/2022 2:00,0
12/14/2022 3:00,0
12/14/2022 4:00,0
12/14/2022 5:00,1.497
12/14/2022 6:00,47.226
12/14/2022 7:00,135.53
12/14/2022 8:00,219.293
12/14/2022 9:00,281.208
12/14/2022 10:00,255.18
12/14/2022 11:00,230.959
12/14/2022 12:00,191.769
12/14/2022 13:00,120.796
12/14/2022 14:00,41.176
12/14/2022 15:00,0.375
12/14/2022 16:00,0
12/14/2022 17:00,0
12/14/2022 18:00,0
12/14/2022 19:00,0
12/14/2022 20:00,0
12/14/2022 21:00,0
12/14/2022 22:00,0
12/14/2022 23:00,0
12/15/2022 0:00,0
12/15/2022 1:00,0
12/15/2022 2:00,0
12/15/2022 3:00,0
12/15/2022 4:00,0
12/15/2022 5:00,2.395
12/15/2022 6:00,76.878
12/15/2022 7:00,214.015
12/15/2022 8:00,338.573
12/15/2022 9:00,418.015
12/15/2022 10:00,445.365
12/15/2022 11:00,416.022
12/15/2022 12:00,332.269
12/15/2022 13:00,206.767
12/15/2022 14:00,66.639
12/15/2022 15:00,0.594
12/15/2022 16:00,0
12/15/2022 17:00,0
12/15/2022 18:00,0
12/15/2022 19:00,0
12/15/2022 20:00,0
12/15/2022 21:00,0
12/15/2022 22:00,0
12/15/2022 23:00,0
12/16/2022 0:00,0
12/16/2022 1:00,0
12/16/2022 2:00,0
12/16/2022 3:00,0
12/16/2022 4:00,0
12/16/2022 5:00,2.456
12/16/2022 6:00,76.339
12/16/2022 7:00,209.82
12/16/2022 8:00,330.967
12/16/2022 9:00,417.832
12/16/2022 10:00,442.273
12/16/2022 11:00,410.976
12/16/2022 12:00,326.41
12/16/2022 13:00,201.083
12/16/2022 14:00,63.197
12/16/2022 15:00,0.598
12/16/2022 16:00,0
12/16/2022 17:00,0
12/16/2022 18:00,0
12/16/2022 19:00,0
12/16/2022 20:00,0
12/16/2022 21:00,0
12/16/2022 22:00,0
12/16/2022 23:00,0
12/17/2022 0:00,0
12/17/2022 1:00,0
12/17/2022 2:00,0
12/17/2022 3:00,0
12/17/2022 4:00,0
12/17/2022 5:00,2.354
12/17/2022 6:00,78.946
12/17/2022 7:00,215.718
12/17/2022 8:00,337.449
12/17/2022 9:00,419.108
12/17/2022 10:00,440.733
12/17/2022 11:00,404.011
12/17/2022 12:00,316.247
12/17/2022 13:00,194.116
12/17/2022 14:00,60.549
12/17/2022 15:00,0.517
12/17/2022 16:00,0
12/17/2022 17:00,0
12/17/2022 18:00,0
12/17/2022 19:00,0
12/17/2022 20:00,0
12/17/2022 21:00,0
12/17/2022 22:00,0
12/17/2022 23:00,0
12/18/2022 0:00,0
12/18/2022 1:00,0
12/18/2022 2:00,0
12/18/2022 3:00,0
12/18/2022 4:00,0
12/18/2022 5:00,2.37
12/18/2022 6:00,69.387
12/18/2022 7:00,183.209
12/18/2022 8:00,283.187
12/18/2022 9:00,341.989
12/18/2022 10:00,358.008
12/18/2022 11:00,322.669
12/18/2022 12:00,238.634
12/18/2022 13:00,139.098
12/18/2022 14:00,44.564
12/18/2022 15:00,0.493
12/18/2022 16:00,0
12/18/2022 17:00,0
12/18/2022 18:00,0
12/18/2022 19:00,0
12/18/2022 20:00,0
12/18/2022 21:00,0
12/18/2022 22:00,0
12/18/2022 23:00,0
12/19/2022 0:00,0
12/19/2022 1:00,0
12/19/2022 2:00,0
12/19/2022 3:00,0
12/19/2022 4:00,0
12/19/2022 5:00,1.834
12/19/2022 6:00,60.031
12/19/2022 7:00,170.696
12/19/2022 8:00,269.867
12/19/2022 9:00,330.248
12/19/2022 10:00,354.116
12/19/2022 11:00,330.651
12/19/2022 12:00,272.353
12/19/2022 13:00,169.071
12/19/2022 14:00,57.62
12/19/2022 15:00,0.476
12/19/2022 16:00,0
12/19/2022 17:00,0
12/19/2022 18:00,0
12/19/2022 19:00,0
12/19/2022 20:00,0
12/19/2022 21:00,0
12/19/2022 22:00,0
12/19/2022 23:00,0
12/20/2022 0:00,0
12/20/2022 1:00,0
12/20/2022 2:00,0
12/20/2022 3:00,0
12/20/2022 4:00,0
12/20/2022 5:00,2.425
12/20/2022 6:00,87.017
12/20/2022 7:00,239.812
12/20/2022 8:00,370.251
12/20/2022 9:00,446.581
12/20/2022 10:00,479.846
12/20/2022 11:00,450.316
12/20/2022 12:00,361.404
12/20/2022 13:00,228.143
12/20/2022 14:00,72.952
12/20/2022 15:00,0.581
12/20/2022 16:00,0
12/20/2022 17:00,0
12/20/2022 18:00,0
12/20/2022 19:00,0
12/20/2022 20:00,0
12/20/2022 21:00,0
12/20/2022 22:00,0
12/20/2022 23:00,0
12/21/2022 0:00,0
12/21/2022 1:00,0
12/21/2022 2:00,0
12/21/2022 3:00,0
12/21/2022 4:00,0
12/21/2022 5:00,2.166
12/21/2022 6:00,84.197
12/21/2022 7:00,235.439
12/21/2022 8:00,368.632
12/21/2022 9:00,455.318
12/21/2022 10:00,482.361
12/21/2022 11:00,450.197
12/21/2022 12:00,360.88
12/21/2022 13:00,227.234
12/21/2022 14:00,73.622
12/21/2022 15:00,0.547
12/21/2022 16:00,0
12/21/2022 17:00,0
12/21/2022 18:00,0
12/21/2022 19:00,0
12/21/2022 20:00,0
12/21/2022 21:00,0
12/21/2022 22:00,0
12/21/2022 23:00,0
12/22/2022 0:00,0
12/22/2022 1:00,0
12/22/2022 2:00,0
12/22/2022 3:00,0
12/22/2022 4:00,0
12/22/2022 5:00,2.136
12/22/2022 6:00,82.506
12/22/2022 7:00,221.451
12/22/2022 8:00,342.522
12/22/2022 9:00,422.993
12/22/2022 10:00,457.678
12/22/2022 11:00,430.122
12/22/2022 12:00,344.218
12/22/2022 13:00,212.002
12/22/2022 14:00,66.043
12/22/2022 15:00,0.465
12/22/2022 16:00,0
12/22/2022 17:00,0
12/22/2022 18:00,0
12/22/2022 19:00,0
12/22/2022 20:00,0
12/22/2022 21:00,0
12/22/2022 22:00,0
12/22/2022 23:00,0
12/23/2022 0:00,0
12/23/2022 1:00,0
12/23/2022 2:00,0
12/23/2022 3:00,0
12/23/2022 4:00,0
12/23/2022 5:00,1.888
12/23/2022 6:00,66.931
12/23/2022 7:00,191.01
12/23/2022 8:00,313.434
12/23/2022 9:00,413.268
12/23/2022 10:00,447.443
12/23/2022 11:00,420.4
12/23/2022 12:00,331.39
12/23/2022 13:00,202.669
12/23/2022 14:00,63.11
12/23/2022 15:00,0.449
12/23/2022 16:00,0
12/23/2022 17:00,0
12/23/2022 18:00,0
12/23/2022 19:00,0
12/23/2022 20:00,0
12/23/2022 21:00,0
12/23/2022 22:00,0
12/23/2022 23:00,0
12/24/2022 0:00,0
12/24/2022 1:00,0
12/24/2022 2:00,0
12/24/2022 3:00,0
12/24/2022 4:00,0
12/24/2022 5:00,2.096
12/24/2022 6:00,79.627
12/24/2022 7:00,217.627
12/24/2022 8:00,336.82
12/24/2022 9:00,416.014
12/24/2022 10:00,456.841
12/24/2022 11:00,431.845
12/24/2022 12:00,348.619
12/24/2022 13:00,217.165
12/24/2022 14:00,68.473
12/24/2022 15:00,0.553
12/24/2022 16:00,0
12/24/2022 17:00,0
12/24/2022 18:00,0
12/24/2022 19:00,0
12/24/2022 20:00,0
12/24/2022 21:00,0
12/24/2022 22:00,0
12/24/2022 23:00,0
12/25/2022 0:00,0
12/25/2022 1:00,0
12/25/2022 2:00,0
12/25/2022 3:00,0
12/25/2022 4:00,0
12/25/2022 5:00,2.083
12/25/2022 6:00,83.704
12/25/2022 7:00,233.445
12/25/2022 8:00,365.891
12/25/2022 9:00,450.771
12/25/2022 10:00,478.356
12/25/2022 11:00,447.126
12/25/2022 12:00,360.274
12/25/2022 13:00,228.135
12/25/2022 14:00,75.046
12/25/2022 15:00,0.595
12/25/2022 16:00,0
12/25/2022 17:00,0
12/25/2022 18:00,0
12/25/2022 19:00,0
12/25/2022 20:00,0
12/25/2022 21:00,0
12/25/2022 22:00,0
12/25/2022 23:00,0
12/26/2022 0:00,0
12/26/2022 1:00,0
12/26/2022 2:00,0
12/26/2022 3:00,0
12/26/2022 4:00,0
12/26/2022 5:00,2.689
12/26/2022 6:00,91.854
12/26/2022 7:00,241.731
12/26/2022 8:00,362.854
12/26/2022 9:00,449.853
12/26/2022 10:00,479.217
12/26/2022 11:00,448.232
12/26/2022 12:00,359.52
12/26/2022 13:00,226.572
12/26/2022 14:00,73.97
12/26/2022 15:00,0.587
12/26/2022 16:00,0
12/26/2022 17:00,0
12/26/2022 18:00,0
12/26/2022 19:00,0
12/26/2022 20:00,0
12/26/2022 21:00,0
12/26/2022 22:00,0
12/26/2022 23:00,0
12/27/2022 0:00,0
12/27/2022 1:00,0
12/27/2022 2:00,0
12/27/2022 3:00,0
12/27/2022 4:00,0
12/27/2022 5:00,2.546
12/27/2022 6:00,77.174
12/27/2022 7:00,212.749
12/27/2022 8:00,342.567
12/27/2022 9:00,441.067
12/27/2022 10:00,477.224
12/27/2022 11:00,445.688
12/27/2022 12:00,359.164
12/27/2022 13:00,226.862
12/27/2022 14:00,73.959
12/27/2022 15:00,0.599
12/27/2022 16:00,0
12/27/2022 17:00,0
12/27/2022 18:00,0
12/27/2022 19:00,0
12/27/2022 20:00,0
12/27/2022 21:00,0
12/27/2022 22:00,0
12/27/2022 23:00,0
12/28/2022 0:00,0
12/28/2022 1:00,0
12/28/2022 2:00,0
12/28/2022 3:00,0
12/28/2022 4:00,0
12/28/2022 5:00,2.376
12/28/2022 6:00,79.765
12/28/2022 7:00,210.319
12/28/2022 8:00,321.426
12/28/2022 9:00,383.317
12/28/2022 10:00,396.617
12/28/2022 11:00,369.226
12/28/2022 12:00,293.625
12/28/2022 13:00,171.586
12/28/2022 14:00,52.91
12/28/2022 15:00,0.525
12/28/2022 16:00,0
12/28/2022 17:00,0
12/28/2022 18:00,0
12/28/2022 19:00,0
12/28/2022 20:00,0
12/28/2022 21:00,0
12/28/2022 22:00,0
12/28/2022 23:00,0
12/29/2022 0:00,0
12/29/2022 1:00,0
12/29/2022 2:00,0
12/29/2022 3:00,0
12/29/2022 4:00,0
12/29/2022 5:00,1.886
12/29/2022 6:00,61.275
12/29/2022 7:00,166.276
12/29/2022 8:00,274.014
12/29/2022 9:00,344.682
12/29/2022 10:00,408.034
12/29/2022 11:00,392.745
12/29/2022 12:00,317.175
12/29/2022 13:00,197.058
12/29/2022 14:00,64.201
12/29/2022 15:00,0.574
12/29/2022 16:00,0
12/29/2022 17:00,0
12/29/2022 18:00,0
12/29/2022 19:00,0
12/29/2022 20:00,0
12/29/2022 21:00,0
12/29/2022 22:00,0
12/29/2022 23:00,0
12/30/2022 0:00,0
12/30/2022 1:00,0
12/30/2022 2:00,0
12/30/2022 3:00,0
12/30/2022 4:00,0
12/30/2022 5:00,2.437
12/30/2022 6:00,76.784
12/30/2022 7:00,205.703
12/30/2022 8:00,330.684
12/30/2022 9:00,424.422
12/30/2022 10:00,462.99
12/30/2022 11:00,432.815
12/30/2022 12:00,340.76
12/30/2022 13:00,213.313
12/30/2022 14:00,67.794
12/30/2022 15:00,0.607
12/30/2022 16:00,0
12/30/2022 17:00,0
12/30/2022 18:00,0
12/30/2022 19:00,0
12/30/2022 20:00,0
12/30/2022 21:00,0
12/30/2022 22:00,0
12/30/2022 23:00,0
12/31/2022 0:00,0
12/31/2022 1:00,0
12/31/2022 2:00,0
12/31/2022 3:00,0
12/31/2022 4:00,0
12/31/2022 5:00,2.617
12/31/2022 6:00,80.965
12/31/2022 7:00,223.349
12/31/2022 8:00,359.978
12/31/2022 9:00,444.333
12/31/2022 10:00,470.103
12/31/2022 11:00,437.338
12/31/2022 12:00,350.893
12/31/2022 13:00,221.246
12/31/2022 14:00,72.523
12/31/2022 15:00,0.667
12/31/2022 16:00,0
12/31/2022 17:00,0
12/31/2022 18:00,0
12/31/2022 19:00,0
12/31/2022 20:00,0
12/31/2022 21:00,0
12/31/2022 22:00,0
12/31/2022 23:00,0
