# Renewables.ninja Weather (hourly 1980-2022)  -  Greece  -  renewables_ninja_country_GR_wind-speed_merra-2_pop-wtd.csv  -  Version 1.4,
# License: https://creativecommons.org/licenses/by-nc/4.0/  -  Reference: https://doi.org/10.1038/s41560-023-01341-5,
# Units: time in UTC; other columns are the wind speed at 2 metres above ground in m/s (U2M and V2M in MERRA-2) weighted by population; column names signify country ISO2 code or GADM level1 code.,
,
1/1/2022 0:00,2.379
1/1/2022 1:00,2.313
1/1/2022 2:00,2.269
1/1/2022 3:00,2.191
1/1/2022 4:00,2.073
1/1/2022 5:00,1.928
1/1/2022 6:00,1.762
1/1/2022 7:00,1.892
1/1/2022 8:00,1.829
1/1/2022 9:00,1.913
1/1/2022 10:00,2.099
1/1/2022 11:00,2.209
1/1/2022 12:00,2.133
1/1/2022 13:00,1.865
1/1/2022 14:00,1.54
1/1/2022 15:00,1.688
1/1/2022 16:00,1.907
1/1/2022 17:00,2.114
1/1/2022 18:00,2.219
1/1/2022 19:00,2.254
1/1/2022 20:00,2.307
1/1/2022 21:00,2.379
1/1/2022 22:00,2.503
1/1/2022 23:00,2.637
1/2/2022 0:00,2.761
1/2/2022 1:00,2.86
1/2/2022 2:00,2.908
1/2/2022 3:00,2.895
1/2/2022 4:00,2.826
1/2/2022 5:00,2.74
1/2/2022 6:00,2.685
1/2/2022 7:00,3.223
1/2/2022 8:00,3.496
1/2/2022 9:00,3.402
1/2/2022 10:00,3.101
1/2/2022 11:00,2.897
1/2/2022 12:00,2.699
1/2/2022 13:00,2.359
1/2/2022 14:00,1.757
1/2/2022 15:00,1.687
1/2/2022 16:00,1.668
1/2/2022 17:00,1.64
1/2/2022 18:00,1.615
1/2/2022 19:00,1.595
1/2/2022 20:00,1.578
1/2/2022 21:00,1.564
1/2/2022 22:00,1.533
1/2/2022 23:00,1.507
1/3/2022 0:00,1.525
1/3/2022 1:00,1.613
1/3/2022 2:00,1.713
1/3/2022 3:00,1.784
1/3/2022 4:00,1.854
1/3/2022 5:00,1.927
1/3/2022 6:00,1.93
1/3/2022 7:00,2.45
1/3/2022 8:00,2.835
1/3/2022 9:00,3.028
1/3/2022 10:00,3.128
1/3/2022 11:00,3.129
1/3/2022 12:00,3.014
1/3/2022 13:00,2.608
1/3/2022 14:00,1.954
1/3/2022 15:00,1.969
1/3/2022 16:00,2.101
1/3/2022 17:00,2.257
1/3/2022 18:00,2.402
1/3/2022 19:00,2.535
1/3/2022 20:00,2.561
1/3/2022 21:00,2.554
1/3/2022 22:00,2.554
1/3/2022 23:00,2.531
1/4/2022 0:00,2.486
1/4/2022 1:00,2.435
1/4/2022 2:00,2.38
1/4/2022 3:00,2.323
1/4/2022 4:00,2.248
1/4/2022 5:00,2.178
1/4/2022 6:00,2.044
1/4/2022 7:00,2.499
1/4/2022 8:00,2.52
1/4/2022 9:00,2.328
1/4/2022 10:00,2.122
1/4/2022 11:00,2.11
1/4/2022 12:00,2.174
1/4/2022 13:00,2.083
1/4/2022 14:00,1.752
1/4/2022 15:00,1.817
1/4/2022 16:00,1.909
1/4/2022 17:00,2.025
1/4/2022 18:00,2.122
1/4/2022 19:00,2.177
1/4/2022 20:00,2.212
1/4/2022 21:00,2.189
1/4/2022 22:00,2.145
1/4/2022 23:00,2.146
1/5/2022 0:00,2.152
1/5/2022 1:00,2.173
1/5/2022 2:00,2.183
1/5/2022 3:00,2.203
1/5/2022 4:00,2.227
1/5/2022 5:00,2.236
1/5/2022 6:00,2.194
1/5/2022 7:00,2.619
1/5/2022 8:00,2.994
1/5/2022 9:00,3.14
1/5/2022 10:00,3.195
1/5/2022 11:00,3.176
1/5/2022 12:00,3.085
1/5/2022 13:00,2.838
1/5/2022 14:00,2.322
1/5/2022 15:00,2.424
1/5/2022 16:00,2.597
1/5/2022 17:00,2.748
1/5/2022 18:00,2.843
1/5/2022 19:00,2.877
1/5/2022 20:00,2.896
1/5/2022 21:00,2.916
1/5/2022 22:00,2.904
1/5/2022 23:00,2.859
1/6/2022 0:00,2.806
1/6/2022 1:00,2.72
1/6/2022 2:00,2.639
1/6/2022 3:00,2.561
1/6/2022 4:00,2.487
1/6/2022 5:00,2.432
1/6/2022 6:00,2.454
1/6/2022 7:00,2.939
1/6/2022 8:00,3.403
1/6/2022 9:00,3.757
1/6/2022 10:00,4.008
1/6/2022 11:00,4.143
1/6/2022 12:00,4.072
1/6/2022 13:00,3.652
1/6/2022 14:00,2.912
1/6/2022 15:00,2.578
1/6/2022 16:00,2.435
1/6/2022 17:00,2.339
1/6/2022 18:00,2.29
1/6/2022 19:00,2.239
1/6/2022 20:00,2.186
1/6/2022 21:00,2.18
1/6/2022 22:00,2.131
1/6/2022 23:00,2.061
1/7/2022 0:00,2.014
1/7/2022 1:00,2.001
1/7/2022 2:00,2.001
1/7/2022 3:00,1.993
1/7/2022 4:00,1.947
1/7/2022 5:00,1.932
1/7/2022 6:00,1.913
1/7/2022 7:00,1.99
1/7/2022 8:00,1.999
1/7/2022 9:00,1.962
1/7/2022 10:00,2.007
1/7/2022 11:00,2.046
1/7/2022 12:00,2.055
1/7/2022 13:00,1.968
1/7/2022 14:00,1.804
1/7/2022 15:00,1.903
1/7/2022 16:00,2.001
1/7/2022 17:00,2.083
1/7/2022 18:00,2.174
1/7/2022 19:00,2.212
1/7/2022 20:00,2.234
1/7/2022 21:00,2.302
1/7/2022 22:00,2.371
1/7/2022 23:00,2.412
1/8/2022 0:00,2.445
1/8/2022 1:00,2.468
1/8/2022 2:00,2.453
1/8/2022 3:00,2.396
1/8/2022 4:00,2.338
1/8/2022 5:00,2.264
1/8/2022 6:00,2.207
1/8/2022 7:00,2.334
1/8/2022 8:00,2.648
1/8/2022 9:00,2.909
1/8/2022 10:00,2.882
1/8/2022 11:00,2.781
1/8/2022 12:00,2.69
1/8/2022 13:00,2.443
1/8/2022 14:00,1.884
1/8/2022 15:00,1.718
1/8/2022 16:00,1.716
1/8/2022 17:00,1.787
1/8/2022 18:00,1.921
1/8/2022 19:00,2.052
1/8/2022 20:00,2.113
1/8/2022 21:00,2.178
1/8/2022 22:00,2.215
1/8/2022 23:00,2.24
1/9/2022 0:00,2.296
1/9/2022 1:00,2.302
1/9/2022 2:00,2.276
1/9/2022 3:00,2.164
1/9/2022 4:00,2.02
1/9/2022 5:00,1.935
1/9/2022 6:00,1.879
1/9/2022 7:00,2.085
1/9/2022 8:00,2.324
1/9/2022 9:00,2.35
1/9/2022 10:00,2.32
1/9/2022 11:00,2.271
1/9/2022 12:00,2.198
1/9/2022 13:00,2.004
1/9/2022 14:00,1.616
1/9/2022 15:00,1.454
1/9/2022 16:00,1.346
1/9/2022 17:00,1.266
1/9/2022 18:00,1.241
1/9/2022 19:00,1.171
1/9/2022 20:00,1.069
1/9/2022 21:00,1.291
1/9/2022 22:00,1.545
1/9/2022 23:00,1.723
1/10/2022 0:00,1.8
1/10/2022 1:00,1.811
1/10/2022 2:00,1.757
1/10/2022 3:00,1.758
1/10/2022 4:00,1.828
1/10/2022 5:00,1.958
1/10/2022 6:00,2.226
1/10/2022 7:00,2.765
1/10/2022 8:00,3.348
1/10/2022 9:00,3.71
1/10/2022 10:00,3.876
1/10/2022 11:00,3.849
1/10/2022 12:00,3.727
1/10/2022 13:00,3.514
1/10/2022 14:00,3.046
1/10/2022 15:00,2.897
1/10/2022 16:00,2.965
1/10/2022 17:00,3.077
1/10/2022 18:00,3.273
1/10/2022 19:00,3.579
1/10/2022 20:00,3.939
1/10/2022 21:00,4.412
1/10/2022 22:00,4.995
1/10/2022 23:00,5.746
1/11/2022 0:00,5.919
1/11/2022 1:00,5.752
1/11/2022 2:00,5.527
1/11/2022 3:00,5.359
1/11/2022 4:00,5.134
1/11/2022 5:00,4.915
1/11/2022 6:00,4.85
1/11/2022 7:00,5.044
1/11/2022 8:00,5.173
1/11/2022 9:00,5.295
1/11/2022 10:00,5.38
1/11/2022 11:00,5.376
1/11/2022 12:00,5.356
1/11/2022 13:00,5.231
1/11/2022 14:00,5.009
1/11/2022 15:00,4.741
1/11/2022 16:00,4.718
1/11/2022 17:00,4.833
1/11/2022 18:00,5.095
1/11/2022 19:00,5.508
1/11/2022 20:00,5.925
1/11/2022 21:00,6.142
1/11/2022 22:00,6.188
1/11/2022 23:00,6.163
1/12/2022 0:00,6.186
1/12/2022 1:00,6.386
1/12/2022 2:00,6.644
1/12/2022 3:00,6.96
1/12/2022 4:00,7.247
1/12/2022 5:00,7.428
1/12/2022 6:00,7.609
1/12/2022 7:00,7.947
1/12/2022 8:00,8.159
1/12/2022 9:00,8.154
1/12/2022 10:00,7.967
1/12/2022 11:00,7.791
1/12/2022 12:00,7.623
1/12/2022 13:00,7.432
1/12/2022 14:00,6.994
1/12/2022 15:00,6.694
1/12/2022 16:00,6.682
1/12/2022 17:00,6.716
1/12/2022 18:00,6.708
1/12/2022 19:00,6.645
1/12/2022 20:00,6.59
1/12/2022 21:00,6.56
1/12/2022 22:00,6.513
1/12/2022 23:00,6.476
1/13/2022 0:00,6.445
1/13/2022 1:00,6.445
1/13/2022 2:00,6.497
1/13/2022 3:00,6.514
1/13/2022 4:00,6.52
1/13/2022 5:00,6.47
1/13/2022 6:00,6.641
1/13/2022 7:00,7.02
1/13/2022 8:00,7.101
1/13/2022 9:00,7.085
1/13/2022 10:00,7.082
1/13/2022 11:00,7.073
1/13/2022 12:00,6.99
1/13/2022 13:00,6.772
1/13/2022 14:00,6.161
1/13/2022 15:00,5.7
1/13/2022 16:00,5.635
1/13/2022 17:00,5.571
1/13/2022 18:00,5.444
1/13/2022 19:00,5.33
1/13/2022 20:00,5.236
1/13/2022 21:00,5.135
1/13/2022 22:00,4.963
1/13/2022 23:00,4.674
1/14/2022 0:00,4.437
1/14/2022 1:00,4.363
1/14/2022 2:00,4.325
1/14/2022 3:00,4.303
1/14/2022 4:00,4.285
1/14/2022 5:00,4.284
1/14/2022 6:00,4.676
1/14/2022 7:00,5.106
1/14/2022 8:00,5.091
1/14/2022 9:00,4.849
1/14/2022 10:00,4.631
1/14/2022 11:00,4.444
1/14/2022 12:00,4.22
1/14/2022 13:00,3.804
1/14/2022 14:00,3.032
1/14/2022 15:00,2.83
1/14/2022 16:00,2.812
1/14/2022 17:00,2.76
1/14/2022 18:00,2.694
1/14/2022 19:00,2.644
1/14/2022 20:00,2.608
1/14/2022 21:00,2.648
1/14/2022 22:00,2.711
1/14/2022 23:00,2.766
1/15/2022 0:00,2.837
1/15/2022 1:00,2.932
1/15/2022 2:00,3.012
1/15/2022 3:00,3.003
1/15/2022 4:00,2.993
1/15/2022 5:00,3.024
1/15/2022 6:00,3.269
1/15/2022 7:00,4.018
1/15/2022 8:00,4.441
1/15/2022 9:00,4.853
1/15/2022 10:00,5.066
1/15/2022 11:00,5.111
1/15/2022 12:00,4.965
1/15/2022 13:00,4.626
1/15/2022 14:00,4.041
1/15/2022 15:00,3.666
1/15/2022 16:00,3.59
1/15/2022 17:00,3.585
1/15/2022 18:00,3.562
1/15/2022 19:00,3.514
1/15/2022 20:00,3.48
1/15/2022 21:00,3.493
1/15/2022 22:00,3.535
1/15/2022 23:00,3.538
1/16/2022 0:00,3.505
1/16/2022 1:00,3.441
1/16/2022 2:00,3.4
1/16/2022 3:00,3.369
1/16/2022 4:00,3.336
1/16/2022 5:00,3.277
1/16/2022 6:00,3.335
1/16/2022 7:00,3.958
1/16/2022 8:00,3.965
1/16/2022 9:00,3.71
1/16/2022 10:00,3.492
1/16/2022 11:00,3.241
1/16/2022 12:00,2.999
1/16/2022 13:00,2.724
1/16/2022 14:00,2.187
1/16/2022 15:00,2.102
1/16/2022 16:00,2.086
1/16/2022 17:00,2.034
1/16/2022 18:00,1.941
1/16/2022 19:00,1.796
1/16/2022 20:00,1.616
1/16/2022 21:00,1.419
1/16/2022 22:00,1.229
1/16/2022 23:00,1.148
1/17/2022 0:00,1.273
1/17/2022 1:00,1.424
1/17/2022 2:00,1.54
1/17/2022 3:00,1.608
1/17/2022 4:00,1.663
1/17/2022 5:00,1.726
1/17/2022 6:00,1.769
1/17/2022 7:00,2.174
1/17/2022 8:00,2.575
1/17/2022 9:00,2.857
1/17/2022 10:00,3.013
1/17/2022 11:00,3.046
1/17/2022 12:00,2.909
1/17/2022 13:00,2.465
1/17/2022 14:00,1.88
1/17/2022 15:00,1.852
1/17/2022 16:00,1.915
1/17/2022 17:00,2.058
1/17/2022 18:00,2.227
1/17/2022 19:00,2.379
1/17/2022 20:00,2.533
1/17/2022 21:00,2.671
1/17/2022 22:00,2.754
1/17/2022 23:00,2.869
1/18/2022 0:00,3.159
1/18/2022 1:00,3.435
1/18/2022 2:00,3.651
1/18/2022 3:00,3.676
1/18/2022 4:00,3.623
1/18/2022 5:00,3.885
1/18/2022 6:00,4.639
1/18/2022 7:00,5.634
1/18/2022 8:00,6.19
1/18/2022 9:00,6.274
1/18/2022 10:00,6.157
1/18/2022 11:00,5.897
1/18/2022 12:00,5.542
1/18/2022 13:00,5.065
1/18/2022 14:00,4.15
1/18/2022 15:00,3.583
1/18/2022 16:00,3.577
1/18/2022 17:00,3.605
1/18/2022 18:00,3.636
1/18/2022 19:00,3.572
1/18/2022 20:00,3.529
1/18/2022 21:00,3.658
1/18/2022 22:00,3.979
1/18/2022 23:00,4.324
1/19/2022 0:00,4.371
1/19/2022 1:00,4.24
1/19/2022 2:00,4.113
1/19/2022 3:00,3.957
1/19/2022 4:00,3.866
1/19/2022 5:00,3.562
1/19/2022 6:00,3.708
1/19/2022 7:00,4.335
1/19/2022 8:00,4.225
1/19/2022 9:00,3.822
1/19/2022 10:00,3.412
1/19/2022 11:00,3.043
1/19/2022 12:00,2.714
1/19/2022 13:00,2.399
1/19/2022 14:00,1.779
1/19/2022 15:00,1.637
1/19/2022 16:00,1.604
1/19/2022 17:00,1.528
1/19/2022 18:00,1.412
1/19/2022 19:00,1.303
1/19/2022 20:00,1.228
1/19/2022 21:00,1.238
1/19/2022 22:00,1.361
1/19/2022 23:00,1.525
1/20/2022 0:00,1.694
1/20/2022 1:00,1.826
1/20/2022 2:00,1.921
1/20/2022 3:00,2.001
1/20/2022 4:00,2.106
1/20/2022 5:00,2.179
1/20/2022 6:00,2.215
1/20/2022 7:00,2.933
1/20/2022 8:00,3.415
1/20/2022 9:00,3.642
1/20/2022 10:00,3.68
1/20/2022 11:00,3.596
1/20/2022 12:00,3.405
1/20/2022 13:00,2.974
1/20/2022 14:00,2.153
1/20/2022 15:00,2.039
1/20/2022 16:00,2.124
1/20/2022 17:00,2.222
1/20/2022 18:00,2.338
1/20/2022 19:00,2.449
1/20/2022 20:00,2.524
1/20/2022 21:00,2.596
1/20/2022 22:00,2.685
1/20/2022 23:00,2.732
1/21/2022 0:00,2.748
1/21/2022 1:00,2.783
1/21/2022 2:00,2.856
1/21/2022 3:00,2.867
1/21/2022 4:00,2.842
1/21/2022 5:00,2.901
1/21/2022 6:00,3.058
1/21/2022 7:00,3.633
1/21/2022 8:00,4.231
1/21/2022 9:00,4.675
1/21/2022 10:00,4.903
1/21/2022 11:00,4.883
1/21/2022 12:00,4.682
1/21/2022 13:00,4.166
1/21/2022 14:00,3.247
1/21/2022 15:00,2.882
1/21/2022 16:00,2.803
1/21/2022 17:00,2.731
1/21/2022 18:00,2.674
1/21/2022 19:00,2.648
1/21/2022 20:00,2.725
1/21/2022 21:00,2.984
1/21/2022 22:00,3.505
1/21/2022 23:00,4.033
1/22/2022 0:00,4.443
1/22/2022 1:00,4.595
1/22/2022 2:00,4.651
1/22/2022 3:00,4.631
1/22/2022 4:00,4.522
1/22/2022 5:00,4.395
1/22/2022 6:00,4.684
1/22/2022 7:00,5.092
1/22/2022 8:00,5.252
1/22/2022 9:00,5.341
1/22/2022 10:00,5.414
1/22/2022 11:00,5.486
1/22/2022 12:00,5.592
1/22/2022 13:00,5.536
1/22/2022 14:00,4.896
1/22/2022 15:00,4.298
1/22/2022 16:00,4.174
1/22/2022 17:00,4.04
1/22/2022 18:00,3.861
1/22/2022 19:00,3.696
1/22/2022 20:00,3.566
1/22/2022 21:00,3.588
1/22/2022 22:00,3.719
1/22/2022 23:00,3.892
1/23/2022 0:00,4.088
1/23/2022 1:00,4.479
1/23/2022 2:00,5.019
1/23/2022 3:00,5.237
1/23/2022 4:00,5.132
1/23/2022 5:00,5.01
1/23/2022 6:00,5.325
1/23/2022 7:00,5.848
1/23/2022 8:00,6.011
1/23/2022 9:00,5.81
1/23/2022 10:00,5.548
1/23/2022 11:00,5.306
1/23/2022 12:00,5.017
1/23/2022 13:00,4.578
1/23/2022 14:00,3.707
1/23/2022 15:00,2.99
1/23/2022 16:00,2.913
1/23/2022 17:00,2.878
1/23/2022 18:00,2.838
1/23/2022 19:00,2.773
1/23/2022 20:00,2.679
1/23/2022 21:00,2.601
1/23/2022 22:00,2.577
1/23/2022 23:00,2.662
1/24/2022 0:00,2.871
1/24/2022 1:00,3.116
1/24/2022 2:00,3.301
1/24/2022 3:00,3.505
1/24/2022 4:00,3.679
1/24/2022 5:00,3.914
1/24/2022 6:00,4.474
1/24/2022 7:00,5.055
1/24/2022 8:00,5.393
1/24/2022 9:00,5.759
1/24/2022 10:00,6.093
1/24/2022 11:00,6.272
1/24/2022 12:00,6.288
1/24/2022 13:00,6.14
1/24/2022 14:00,5.746
1/24/2022 15:00,5.461
1/24/2022 16:00,5.616
1/24/2022 17:00,5.798
1/24/2022 18:00,5.968
1/24/2022 19:00,6.089
1/24/2022 20:00,6.175
1/24/2022 21:00,6.195
1/24/2022 22:00,6.129
1/24/2022 23:00,6.076
1/25/2022 0:00,6.156
1/25/2022 1:00,6.267
1/25/2022 2:00,6.36
1/25/2022 3:00,6.387
1/25/2022 4:00,6.362
1/25/2022 5:00,6.251
1/25/2022 6:00,6.426
1/25/2022 7:00,6.625
1/25/2022 8:00,6.541
1/25/2022 9:00,6.321
1/25/2022 10:00,6.129
1/25/2022 11:00,6.022
1/25/2022 12:00,5.898
1/25/2022 13:00,5.67
1/25/2022 14:00,5.011
1/25/2022 15:00,4.365
1/25/2022 16:00,4.193
1/25/2022 17:00,4.042
1/25/2022 18:00,3.922
1/25/2022 19:00,3.865
1/25/2022 20:00,3.812
1/25/2022 21:00,3.809
1/25/2022 22:00,3.836
1/25/2022 23:00,3.909
1/26/2022 0:00,4.048
1/26/2022 1:00,4.161
1/26/2022 2:00,4.246
1/26/2022 3:00,4.151
1/26/2022 4:00,3.964
1/26/2022 5:00,3.849
1/26/2022 6:00,4.127
1/26/2022 7:00,4.445
1/26/2022 8:00,4.493
1/26/2022 9:00,4.454
1/26/2022 10:00,4.397
1/26/2022 11:00,4.349
1/26/2022 12:00,4.245
1/26/2022 13:00,3.964
1/26/2022 14:00,3.218
1/26/2022 15:00,2.867
1/26/2022 16:00,2.874
1/26/2022 17:00,2.868
1/26/2022 18:00,2.854
1/26/2022 19:00,2.799
1/26/2022 20:00,2.733
1/26/2022 21:00,2.664
1/26/2022 22:00,2.618
1/26/2022 23:00,2.596
1/27/2022 0:00,2.585
1/27/2022 1:00,2.609
1/27/2022 2:00,2.646
1/27/2022 3:00,2.665
1/27/2022 4:00,2.633
1/27/2022 5:00,2.569
1/27/2022 6:00,2.695
1/27/2022 7:00,3.154
1/27/2022 8:00,3.083
1/27/2022 9:00,2.943
1/27/2022 10:00,2.848
1/27/2022 11:00,2.804
1/27/2022 12:00,2.733
1/27/2022 13:00,2.514
1/27/2022 14:00,1.914
1/27/2022 15:00,1.864
1/27/2022 16:00,1.846
1/27/2022 17:00,1.794
1/27/2022 18:00,1.734
1/27/2022 19:00,1.674
1/27/2022 20:00,1.638
1/27/2022 21:00,1.68
1/27/2022 22:00,1.758
1/27/2022 23:00,1.817
1/28/2022 0:00,1.87
1/28/2022 1:00,1.932
1/28/2022 2:00,1.984
1/28/2022 3:00,1.983
1/28/2022 4:00,1.968
1/28/2022 5:00,1.925
1/28/2022 6:00,1.771
1/28/2022 7:00,2.192
1/28/2022 8:00,2.358
1/28/2022 9:00,2.541
1/28/2022 10:00,2.641
1/28/2022 11:00,2.693
1/28/2022 12:00,2.632
1/28/2022 13:00,2.253
1/28/2022 14:00,1.715
1/28/2022 15:00,1.728
1/28/2022 16:00,1.742
1/28/2022 17:00,1.766
1/28/2022 18:00,1.85
1/28/2022 19:00,1.93
1/28/2022 20:00,1.969
1/28/2022 21:00,2.009
1/28/2022 22:00,2.062
1/28/2022 23:00,2.11
1/29/2022 0:00,2.14
1/29/2022 1:00,2.119
1/29/2022 2:00,2.088
1/29/2022 3:00,2.098
1/29/2022 4:00,2.171
1/29/2022 5:00,2.25
1/29/2022 6:00,2.357
1/29/2022 7:00,2.662
1/29/2022 8:00,3.014
1/29/2022 9:00,3.284
1/29/2022 10:00,3.484
1/29/2022 11:00,3.685
1/29/2022 12:00,3.985
1/29/2022 13:00,4.227
1/29/2022 14:00,4.348
1/29/2022 15:00,4.477
1/29/2022 16:00,4.818
1/29/2022 17:00,5.241
1/29/2022 18:00,5.438
1/29/2022 19:00,5.509
1/29/2022 20:00,5.464
1/29/2022 21:00,5.34
1/29/2022 22:00,5.223
1/29/2022 23:00,5.068
1/30/2022 0:00,4.896
1/30/2022 1:00,4.664
1/30/2022 2:00,4.394
1/30/2022 3:00,4.183
1/30/2022 4:00,3.94
1/30/2022 5:00,3.718
1/30/2022 6:00,3.973
1/30/2022 7:00,4.402
1/30/2022 8:00,4.378
1/30/2022 9:00,4.145
1/30/2022 10:00,3.797
1/30/2022 11:00,3.541
1/30/2022 12:00,3.4
1/30/2022 13:00,3.064
1/30/2022 14:00,2.239
1/30/2022 15:00,1.924
1/30/2022 16:00,1.877
1/30/2022 17:00,1.806
1/30/2022 18:00,1.837
1/30/2022 19:00,2.002
1/30/2022 20:00,2.163
1/30/2022 21:00,2.302
1/30/2022 22:00,2.495
1/30/2022 23:00,2.691
1/31/2022 0:00,2.948
1/31/2022 1:00,3.245
1/31/2022 2:00,3.425
1/31/2022 3:00,3.364
1/31/2022 4:00,3.217
1/31/2022 5:00,3.089
1/31/2022 6:00,3.212
1/31/2022 7:00,3.778
1/31/2022 8:00,3.878
1/31/2022 9:00,3.477
1/31/2022 10:00,2.997
1/31/2022 11:00,2.678
1/31/2022 12:00,2.364
1/31/2022 13:00,1.85
1/31/2022 14:00,1.171
1/31/2022 15:00,1.208
1/31/2022 16:00,1.586
1/31/2022 17:00,1.87
1/31/2022 18:00,2.178
1/31/2022 19:00,2.516
1/31/2022 20:00,2.784
1/31/2022 21:00,2.924
1/31/2022 22:00,3.028
1/31/2022 23:00,3.12
2/1/2022 0:00,3.242
2/1/2022 1:00,3.501
2/1/2022 2:00,3.918
2/1/2022 3:00,4.27
2/1/2022 4:00,4.412
2/1/2022 5:00,4.409
2/1/2022 6:00,4.559
2/1/2022 7:00,4.834
2/1/2022 8:00,5.166
2/1/2022 9:00,5.287
2/1/2022 10:00,5.316
2/1/2022 11:00,5.296
2/1/2022 12:00,5.087
2/1/2022 13:00,4.671
2/1/2022 14:00,4.311
2/1/2022 15:00,4.179
2/1/2022 16:00,4.145
2/1/2022 17:00,4.07
2/1/2022 18:00,4.023
2/1/2022 19:00,4.161
2/1/2022 20:00,4.289
2/1/2022 21:00,4.457
2/1/2022 22:00,4.702
2/1/2022 23:00,4.785
2/2/2022 0:00,4.653
2/2/2022 1:00,4.556
2/2/2022 2:00,4.541
2/2/2022 3:00,4.479
2/2/2022 4:00,4.358
2/2/2022 5:00,4.223
2/2/2022 6:00,4.306
2/2/2022 7:00,4.435
2/2/2022 8:00,4.552
2/2/2022 9:00,4.707
2/2/2022 10:00,4.739
2/2/2022 11:00,4.594
2/2/2022 12:00,4.273
2/2/2022 13:00,3.785
2/2/2022 14:00,3.651
2/2/2022 15:00,4.177
2/2/2022 16:00,4.928
2/2/2022 17:00,5.235
2/2/2022 18:00,5.198
2/2/2022 19:00,5.167
2/2/2022 20:00,5.26
2/2/2022 21:00,5.202
2/2/2022 22:00,5.07
2/2/2022 23:00,4.971
2/3/2022 0:00,4.939
2/3/2022 1:00,4.95
2/3/2022 2:00,4.98
2/3/2022 3:00,5.015
2/3/2022 4:00,5.069
2/3/2022 5:00,5.139
2/3/2022 6:00,5.625
2/3/2022 7:00,6.333
2/3/2022 8:00,6.926
2/3/2022 9:00,7.192
2/3/2022 10:00,7.304
2/3/2022 11:00,7.356
2/3/2022 12:00,7.311
2/3/2022 13:00,7.081
2/3/2022 14:00,6.398
2/3/2022 15:00,5.702
2/3/2022 16:00,5.623
2/3/2022 17:00,5.758
2/3/2022 18:00,5.783
2/3/2022 19:00,5.661
2/3/2022 20:00,5.471
2/3/2022 21:00,5.159
2/3/2022 22:00,4.779
2/3/2022 23:00,4.411
2/4/2022 0:00,4.138
2/4/2022 1:00,3.991
2/4/2022 2:00,3.847
2/4/2022 3:00,3.795
2/4/2022 4:00,3.693
2/4/2022 5:00,3.568
2/4/2022 6:00,3.845
2/4/2022 7:00,3.96
2/4/2022 8:00,3.715
2/4/2022 9:00,3.455
2/4/2022 10:00,3.232
2/4/2022 11:00,3.078
2/4/2022 12:00,2.899
2/4/2022 13:00,2.649
2/4/2022 14:00,2.186
2/4/2022 15:00,1.911
2/4/2022 16:00,1.862
2/4/2022 17:00,1.66
2/4/2022 18:00,1.445
2/4/2022 19:00,1.435
2/4/2022 20:00,1.618
2/4/2022 21:00,1.754
2/4/2022 22:00,1.828
2/4/2022 23:00,1.87
2/5/2022 0:00,1.888
2/5/2022 1:00,1.9
2/5/2022 2:00,1.886
2/5/2022 3:00,1.825
2/5/2022 4:00,1.757
2/5/2022 5:00,1.713
2/5/2022 6:00,1.71
2/5/2022 7:00,2.129
2/5/2022 8:00,2.384
2/5/2022 9:00,2.601
2/5/2022 10:00,2.69
2/5/2022 11:00,2.615
2/5/2022 12:00,2.379
2/5/2022 13:00,1.968
2/5/2022 14:00,1.285
2/5/2022 15:00,0.892
2/5/2022 16:00,1.053
2/5/2022 17:00,1.125
2/5/2022 18:00,1.161
2/5/2022 19:00,1.22
2/5/2022 20:00,1.242
2/5/2022 21:00,1.19
2/5/2022 22:00,1.07
2/5/2022 23:00,1.061
2/6/2022 0:00,1.271
2/6/2022 1:00,1.473
2/6/2022 2:00,1.676
2/6/2022 3:00,1.776
2/6/2022 4:00,1.814
2/6/2022 5:00,1.777
2/6/2022 6:00,1.734
2/6/2022 7:00,2.095
2/6/2022 8:00,1.901
2/6/2022 9:00,1.705
2/6/2022 10:00,1.57
2/6/2022 11:00,1.501
2/6/2022 12:00,1.512
2/6/2022 13:00,1.501
2/6/2022 14:00,1.272
2/6/2022 15:00,1.339
2/6/2022 16:00,1.501
2/6/2022 17:00,1.57
2/6/2022 18:00,1.596
2/6/2022 19:00,1.592
2/6/2022 20:00,1.584
2/6/2022 21:00,1.613
2/6/2022 22:00,1.667
2/6/2022 23:00,1.724
2/7/2022 0:00,1.81
2/7/2022 1:00,1.952
2/7/2022 2:00,2.097
2/7/2022 3:00,2.273
2/7/2022 4:00,2.43
2/7/2022 5:00,2.545
2/7/2022 6:00,2.952
2/7/2022 7:00,3.771
2/7/2022 8:00,4.32
2/7/2022 9:00,4.564
2/7/2022 10:00,4.692
2/7/2022 11:00,4.705
2/7/2022 12:00,4.52
2/7/2022 13:00,4.1
2/7/2022 14:00,3.702
2/7/2022 15:00,3.689
2/7/2022 16:00,3.889
2/7/2022 17:00,4.03
2/7/2022 18:00,4.204
2/7/2022 19:00,4.419
2/7/2022 20:00,4.905
2/7/2022 21:00,5.436
2/7/2022 22:00,5.817
2/7/2022 23:00,6.04
2/8/2022 0:00,5.982
2/8/2022 1:00,6.14
2/8/2022 2:00,6.546
2/8/2022 3:00,6.796
2/8/2022 4:00,6.749
2/8/2022 5:00,6.931
2/8/2022 6:00,7.397
2/8/2022 7:00,7.971
2/8/2022 8:00,8.225
2/8/2022 9:00,8.182
2/8/2022 10:00,7.967
2/8/2022 11:00,7.83
2/8/2022 12:00,7.723
2/8/2022 13:00,7.487
2/8/2022 14:00,7.027
2/8/2022 15:00,6.366
2/8/2022 16:00,6.017
2/8/2022 17:00,5.797
2/8/2022 18:00,5.584
2/8/2022 19:00,5.382
2/8/2022 20:00,5.129
2/8/2022 21:00,4.951
2/8/2022 22:00,4.839
2/8/2022 23:00,4.82
2/9/2022 0:00,4.896
2/9/2022 1:00,5.051
2/9/2022 2:00,4.996
2/9/2022 3:00,4.703
2/9/2022 4:00,4.517
2/9/2022 5:00,4.466
2/9/2022 6:00,5.027
2/9/2022 7:00,5.645
2/9/2022 8:00,5.936
2/9/2022 9:00,5.924
2/9/2022 10:00,5.833
2/9/2022 11:00,5.739
2/9/2022 12:00,5.593
2/9/2022 13:00,5.283
2/9/2022 14:00,4.392
2/9/2022 15:00,3.414
2/9/2022 16:00,3.272
2/9/2022 17:00,3.165
2/9/2022 18:00,3.062
2/9/2022 19:00,2.981
2/9/2022 20:00,2.962
2/9/2022 21:00,2.964
2/9/2022 22:00,2.962
2/9/2022 23:00,2.973
2/10/2022 0:00,3.007
2/10/2022 1:00,3.035
2/10/2022 2:00,3.047
2/10/2022 3:00,3.049
2/10/2022 4:00,3.004
2/10/2022 5:00,2.944
2/10/2022 6:00,3.279
2/10/2022 7:00,3.798
2/10/2022 8:00,3.779
2/10/2022 9:00,3.6
2/10/2022 10:00,3.428
2/10/2022 11:00,3.332
2/10/2022 12:00,3.26
2/10/2022 13:00,3.145
2/10/2022 14:00,2.781
2/10/2022 15:00,2.347
2/10/2022 16:00,2.341
2/10/2022 17:00,2.3
2/10/2022 18:00,2.195
2/10/2022 19:00,2.073
2/10/2022 20:00,1.952
2/10/2022 21:00,1.859
2/10/2022 22:00,1.808
2/10/2022 23:00,1.78
2/11/2022 0:00,1.763
2/11/2022 1:00,1.733
2/11/2022 2:00,1.703
2/11/2022 3:00,1.71
2/11/2022 4:00,1.685
2/11/2022 5:00,1.594
2/11/2022 6:00,1.51
2/11/2022 7:00,1.642
2/11/2022 8:00,1.494
2/11/2022 9:00,1.388
2/11/2022 10:00,1.307
2/11/2022 11:00,1.351
2/11/2022 12:00,1.408
2/11/2022 13:00,1.516
2/11/2022 14:00,1.408
2/11/2022 15:00,1.399
2/11/2022 16:00,1.606
2/11/2022 17:00,1.682
2/11/2022 18:00,1.7
2/11/2022 19:00,1.695
2/11/2022 20:00,1.669
2/11/2022 21:00,1.605
2/11/2022 22:00,1.628
2/11/2022 23:00,1.655
2/12/2022 0:00,1.659
2/12/2022 1:00,1.651
2/12/2022 2:00,1.654
2/12/2022 3:00,1.662
2/12/2022 4:00,1.683
2/12/2022 5:00,1.685
2/12/2022 6:00,1.848
2/12/2022 7:00,2.406
2/12/2022 8:00,2.555
2/12/2022 9:00,2.491
2/12/2022 10:00,2.385
2/12/2022 11:00,2.311
2/12/2022 12:00,2.258
2/12/2022 13:00,2.148
2/12/2022 14:00,1.686
2/12/2022 15:00,1.411
2/12/2022 16:00,1.493
2/12/2022 17:00,1.579
2/12/2022 18:00,1.67
2/12/2022 19:00,1.738
2/12/2022 20:00,1.804
2/12/2022 21:00,2.005
2/12/2022 22:00,2.242
2/12/2022 23:00,2.419
2/13/2022 0:00,2.559
2/13/2022 1:00,2.631
2/13/2022 2:00,2.701
2/13/2022 3:00,2.761
2/13/2022 4:00,2.797
2/13/2022 5:00,2.898
2/13/2022 6:00,3.416
2/13/2022 7:00,4.059
2/13/2022 8:00,4.218
2/13/2022 9:00,4.19
2/13/2022 10:00,4.134
2/13/2022 11:00,4.099
2/13/2022 12:00,4.096
2/13/2022 13:00,4.058
2/13/2022 14:00,3.805
2/13/2022 15:00,3.135
2/13/2022 16:00,2.935
2/13/2022 17:00,2.896
2/13/2022 18:00,2.828
2/13/2022 19:00,2.744
2/13/2022 20:00,2.649
2/13/2022 21:00,2.53
2/13/2022 22:00,2.449
2/13/2022 23:00,2.417
2/14/2022 0:00,2.415
2/14/2022 1:00,2.422
2/14/2022 2:00,2.419
2/14/2022 3:00,2.369
2/14/2022 4:00,2.252
2/14/2022 5:00,2.124
2/14/2022 6:00,2.385
2/14/2022 7:00,2.395
2/14/2022 8:00,2.128
2/14/2022 9:00,1.96
2/14/2022 10:00,1.954
2/14/2022 11:00,1.992
2/14/2022 12:00,1.952
2/14/2022 13:00,1.834
2/14/2022 14:00,1.539
2/14/2022 15:00,1.265
2/14/2022 16:00,1.394
2/14/2022 17:00,1.464
2/14/2022 18:00,1.517
2/14/2022 19:00,1.519
2/14/2022 20:00,1.477
2/14/2022 21:00,1.43
2/14/2022 22:00,1.382
2/14/2022 23:00,1.347
2/15/2022 0:00,1.318
2/15/2022 1:00,1.309
2/15/2022 2:00,1.285
2/15/2022 3:00,1.248
2/15/2022 4:00,1.224
2/15/2022 5:00,1.217
2/15/2022 6:00,1.351
2/15/2022 7:00,1.577
2/15/2022 8:00,1.785
2/15/2022 9:00,1.917
2/15/2022 10:00,2.11
2/15/2022 11:00,2.279
2/15/2022 12:00,2.32
2/15/2022 13:00,2.28
2/15/2022 14:00,1.983
2/15/2022 15:00,1.66
2/15/2022 16:00,1.804
2/15/2022 17:00,1.834
2/15/2022 18:00,1.828
2/15/2022 19:00,1.806
2/15/2022 20:00,1.764
2/15/2022 21:00,1.723
2/15/2022 22:00,1.684
2/15/2022 23:00,1.658
2/16/2022 0:00,1.618
2/16/2022 1:00,1.554
2/16/2022 2:00,1.514
2/16/2022 3:00,1.492
2/16/2022 4:00,1.462
2/16/2022 5:00,1.455
2/16/2022 6:00,1.659
2/16/2022 7:00,2.102
2/16/2022 8:00,2.492
2/16/2022 9:00,2.934
2/16/2022 10:00,3.356
2/16/2022 11:00,3.74
2/16/2022 12:00,3.985
2/16/2022 13:00,3.978
2/16/2022 14:00,3.497
2/16/2022 15:00,2.927
2/16/2022 16:00,2.739
2/16/2022 17:00,2.672
2/16/2022 18:00,2.677
2/16/2022 19:00,2.68
2/16/2022 20:00,2.564
2/16/2022 21:00,2.418
2/16/2022 22:00,2.241
2/16/2022 23:00,2.057
2/17/2022 0:00,1.901
2/17/2022 1:00,1.788
2/17/2022 2:00,1.675
2/17/2022 3:00,1.595
2/17/2022 4:00,1.562
2/17/2022 5:00,1.56
2/17/2022 6:00,1.812
2/17/2022 7:00,2.195
2/17/2022 8:00,2.296
2/17/2022 9:00,2.32
2/17/2022 10:00,2.306
2/17/2022 11:00,2.162
2/17/2022 12:00,1.852
2/17/2022 13:00,1.504
2/17/2022 14:00,1.336
2/17/2022 15:00,1.297
2/17/2022 16:00,1.516
2/17/2022 17:00,1.606
2/17/2022 18:00,1.656
2/17/2022 19:00,1.704
2/17/2022 20:00,1.738
2/17/2022 21:00,1.843
2/17/2022 22:00,1.954
2/17/2022 23:00,2.041
2/18/2022 0:00,2.153
2/18/2022 1:00,2.311
2/18/2022 2:00,2.51
2/18/2022 3:00,2.721
2/18/2022 4:00,2.932
2/18/2022 5:00,3.054
2/18/2022 6:00,3.667
2/18/2022 7:00,4.189
2/18/2022 8:00,4.659
2/18/2022 9:00,4.764
2/18/2022 10:00,4.746
2/18/2022 11:00,4.643
2/18/2022 12:00,4.442
2/18/2022 13:00,4.119
2/18/2022 14:00,3.312
2/18/2022 15:00,2.431
2/18/2022 16:00,2.352
2/18/2022 17:00,2.229
2/18/2022 18:00,2.139
2/18/2022 19:00,2.118
2/18/2022 20:00,2.127
2/18/2022 21:00,2.181
2/18/2022 22:00,2.226
2/18/2022 23:00,2.194
2/19/2022 0:00,2.117
2/19/2022 1:00,2.023
2/19/2022 2:00,1.906
2/19/2022 3:00,1.8
2/19/2022 4:00,1.703
2/19/2022 5:00,1.553
2/19/2022 6:00,1.626
2/19/2022 7:00,2.165
2/19/2022 8:00,2.405
2/19/2022 9:00,2.432
2/19/2022 10:00,2.48
2/19/2022 11:00,2.51
2/19/2022 12:00,2.519
2/19/2022 13:00,2.521
2/19/2022 14:00,2.33
2/19/2022 15:00,1.845
2/19/2022 16:00,1.95
2/19/2022 17:00,1.991
2/19/2022 18:00,1.991
2/19/2022 19:00,1.968
2/19/2022 20:00,1.952
2/19/2022 21:00,1.926
2/19/2022 22:00,1.86
2/19/2022 23:00,1.823
2/20/2022 0:00,1.819
2/20/2022 1:00,1.829
2/20/2022 2:00,1.864
2/20/2022 3:00,1.896
2/20/2022 4:00,1.929
2/20/2022 5:00,1.895
2/20/2022 6:00,2.077
2/20/2022 7:00,2.356
2/20/2022 8:00,2.386
2/20/2022 9:00,2.441
2/20/2022 10:00,2.481
2/20/2022 11:00,2.477
2/20/2022 12:00,2.181
2/20/2022 13:00,1.888
2/20/2022 14:00,1.523
2/20/2022 15:00,1.427
2/20/2022 16:00,1.468
2/20/2022 17:00,1.52
2/20/2022 18:00,1.63
2/20/2022 19:00,1.657
2/20/2022 20:00,1.681
2/20/2022 21:00,1.735
2/20/2022 22:00,1.759
2/20/2022 23:00,1.712
2/21/2022 0:00,1.607
2/21/2022 1:00,1.585
2/21/2022 2:00,1.577
2/21/2022 3:00,1.593
2/21/2022 4:00,1.606
2/21/2022 5:00,1.556
2/21/2022 6:00,1.784
2/21/2022 7:00,1.969
2/21/2022 8:00,1.867
2/21/2022 9:00,1.847
2/21/2022 10:00,2.051
2/21/2022 11:00,2.278
2/21/2022 12:00,2.462
2/21/2022 13:00,2.577
2/21/2022 14:00,2.421
2/21/2022 15:00,1.956
2/21/2022 16:00,2.061
2/21/2022 17:00,2.093
2/21/2022 18:00,2.063
2/21/2022 19:00,2.146
2/21/2022 20:00,2.285
2/21/2022 21:00,2.322
2/21/2022 22:00,2.285
2/21/2022 23:00,2.231
2/22/2022 0:00,2.195
2/22/2022 1:00,2.226
2/22/2022 2:00,2.242
2/22/2022 3:00,2.248
2/22/2022 4:00,2.278
2/22/2022 5:00,2.27
2/22/2022 6:00,2.742
2/22/2022 7:00,3.064
2/22/2022 8:00,3.195
2/22/2022 9:00,3.167
2/22/2022 10:00,3.1
2/22/2022 11:00,3.14
2/22/2022 12:00,3.121
2/22/2022 13:00,3.02
2/22/2022 14:00,2.646
2/22/2022 15:00,2.165
2/22/2022 16:00,2.187
2/22/2022 17:00,2.317
2/22/2022 18:00,2.425
2/22/2022 19:00,2.613
2/22/2022 20:00,2.839
2/22/2022 21:00,3.074
2/22/2022 22:00,3.08
2/22/2022 23:00,2.999
2/23/2022 0:00,2.908
2/23/2022 1:00,2.855
2/23/2022 2:00,2.895
2/23/2022 3:00,2.93
2/23/2022 4:00,2.964
2/23/2022 5:00,3.126
2/23/2022 6:00,3.716
2/23/2022 7:00,4.074
2/23/2022 8:00,4.285
2/23/2022 9:00,4.413
2/23/2022 10:00,4.639
2/23/2022 11:00,4.937
2/23/2022 12:00,5.23
2/23/2022 13:00,5.338
2/23/2022 14:00,5.189
2/23/2022 15:00,4.624
2/23/2022 16:00,4.482
2/23/2022 17:00,4.564
2/23/2022 18:00,4.681
2/23/2022 19:00,4.82
2/23/2022 20:00,4.894
2/23/2022 21:00,4.947
2/23/2022 22:00,5.051
2/23/2022 23:00,5.118
2/24/2022 0:00,5.22
2/24/2022 1:00,5.213
2/24/2022 2:00,5.136
2/24/2022 3:00,4.995
2/24/2022 4:00,4.801
2/24/2022 5:00,4.926
2/24/2022 6:00,5.75
2/24/2022 7:00,6.565
2/24/2022 8:00,6.895
2/24/2022 9:00,6.969
2/24/2022 10:00,6.922
2/24/2022 11:00,6.842
2/24/2022 12:00,6.717
2/24/2022 13:00,6.518
2/24/2022 14:00,6.013
2/24/2022 15:00,4.985
2/24/2022 16:00,4.605
2/24/2022 17:00,4.497
2/24/2022 18:00,4.417
2/24/2022 19:00,4.305
2/24/2022 20:00,4.252
2/24/2022 21:00,4.224
2/24/2022 22:00,4.226
2/24/2022 23:00,4.144
2/25/2022 0:00,4.039
2/25/2022 1:00,3.946
2/25/2022 2:00,3.881
2/25/2022 3:00,3.685
2/25/2022 4:00,3.364
2/25/2022 5:00,3.255
2/25/2022 6:00,3.632
2/25/2022 7:00,3.585
2/25/2022 8:00,3.454
2/25/2022 9:00,3.334
2/25/2022 10:00,3.204
2/25/2022 11:00,3.103
2/25/2022 12:00,2.962
2/25/2022 13:00,2.725
2/25/2022 14:00,2.32
2/25/2022 15:00,1.731
2/25/2022 16:00,1.748
2/25/2022 17:00,1.798
2/25/2022 18:00,1.81
2/25/2022 19:00,1.797
2/25/2022 20:00,1.741
2/25/2022 21:00,1.676
2/25/2022 22:00,1.597
2/25/2022 23:00,1.543
2/26/2022 0:00,1.52
2/26/2022 1:00,1.481
2/26/2022 2:00,1.409
2/26/2022 3:00,1.328
2/26/2022 4:00,1.331
2/26/2022 5:00,1.334
2/26/2022 6:00,1.558
2/26/2022 7:00,1.854
2/26/2022 8:00,2.001
2/26/2022 9:00,2.091
2/26/2022 10:00,2.15
2/26/2022 11:00,2.252
2/26/2022 12:00,2.387
2/26/2022 13:00,2.548
2/26/2022 14:00,2.615
2/26/2022 15:00,2.173
2/26/2022 16:00,2.152
2/26/2022 17:00,2.226
2/26/2022 18:00,2.308
2/26/2022 19:00,2.429
2/26/2022 20:00,2.566
2/26/2022 21:00,2.71
2/26/2022 22:00,2.85
2/26/2022 23:00,3.077
2/27/2022 0:00,3.378
2/27/2022 1:00,3.647
2/27/2022 2:00,3.896
2/27/2022 3:00,4.283
2/27/2022 4:00,4.641
2/27/2022 5:00,5.111
2/27/2022 6:00,5.793
2/27/2022 7:00,6.39
2/27/2022 8:00,6.673
2/27/2022 9:00,6.476
2/27/2022 10:00,6.02
2/27/2022 11:00,5.611
2/27/2022 12:00,5.306
2/27/2022 13:00,4.947
2/27/2022 14:00,4.46
2/27/2022 15:00,3.554
2/27/2022 16:00,3.169
2/27/2022 17:00,3.049
2/27/2022 18:00,2.971
2/27/2022 19:00,2.879
2/27/2022 20:00,2.832
2/27/2022 21:00,2.725
2/27/2022 22:00,2.63
2/27/2022 23:00,2.539
2/28/2022 0:00,2.439
2/28/2022 1:00,2.323
2/28/2022 2:00,2.265
2/28/2022 3:00,2.339
2/28/2022 4:00,2.483
2/28/2022 5:00,2.701
2/28/2022 6:00,3.267
2/28/2022 7:00,3.478
2/28/2022 8:00,3.388
2/28/2022 9:00,3.141
2/28/2022 10:00,2.863
2/28/2022 11:00,2.757
2/28/2022 12:00,2.876
2/28/2022 13:00,3.038
2/28/2022 14:00,3.107
2/28/2022 15:00,2.843
2/28/2022 16:00,2.676
2/28/2022 17:00,2.694
2/28/2022 18:00,2.684
2/28/2022 19:00,2.662
2/28/2022 20:00,2.611
2/28/2022 21:00,2.51
2/28/2022 22:00,2.461
2/28/2022 23:00,2.437
3/1/2022 0:00,2.523
3/1/2022 1:00,2.689
3/1/2022 2:00,2.861
3/1/2022 3:00,2.969
3/1/2022 4:00,3.001
3/1/2022 5:00,3.172
3/1/2022 6:00,3.686
3/1/2022 7:00,3.928
3/1/2022 8:00,3.922
3/1/2022 9:00,3.736
3/1/2022 10:00,3.475
3/1/2022 11:00,3.233
3/1/2022 12:00,3.079
3/1/2022 13:00,2.96
3/1/2022 14:00,2.78
3/1/2022 15:00,2.353
3/1/2022 16:00,2.325
3/1/2022 17:00,2.555
3/1/2022 18:00,2.76
3/1/2022 19:00,2.946
3/1/2022 20:00,3.186
3/1/2022 21:00,3.388
3/1/2022 22:00,3.617
3/1/2022 23:00,3.822
3/2/2022 0:00,3.924
3/2/2022 1:00,4.041
3/2/2022 2:00,4.388
3/2/2022 3:00,4.82
3/2/2022 4:00,4.936
3/2/2022 5:00,5.076
3/2/2022 6:00,5.86
3/2/2022 7:00,6.189
3/2/2022 8:00,6.317
3/2/2022 9:00,6.316
3/2/2022 10:00,6.158
3/2/2022 11:00,5.987
3/2/2022 12:00,5.906
3/2/2022 13:00,5.893
3/2/2022 14:00,5.757
3/2/2022 15:00,5.072
3/2/2022 16:00,4.667
3/2/2022 17:00,4.475
3/2/2022 18:00,4.252
3/2/2022 19:00,4.035
3/2/2022 20:00,3.824
3/2/2022 21:00,3.655
3/2/2022 22:00,3.505
3/2/2022 23:00,3.366
3/3/2022 0:00,3.275
3/3/2022 1:00,3.273
3/3/2022 2:00,3.281
3/3/2022 3:00,3.25
3/3/2022 4:00,3.189
3/3/2022 5:00,3.412
3/3/2022 6:00,4.084
3/3/2022 7:00,4.166
3/3/2022 8:00,3.942
3/3/2022 9:00,3.706
3/3/2022 10:00,3.579
3/3/2022 11:00,3.466
3/3/2022 12:00,3.332
3/3/2022 13:00,3.126
3/3/2022 14:00,2.663
3/3/2022 15:00,1.618
3/3/2022 16:00,1.27
3/3/2022 17:00,1.257
3/3/2022 18:00,1.323
3/3/2022 19:00,1.318
3/3/2022 20:00,1.35
3/3/2022 21:00,1.432
3/3/2022 22:00,1.456
3/3/2022 23:00,1.477
3/4/2022 0:00,1.51
3/4/2022 1:00,1.542
3/4/2022 2:00,1.53
3/4/2022 3:00,1.463
3/4/2022 4:00,1.371
3/4/2022 5:00,1.239
3/4/2022 6:00,1.367
3/4/2022 7:00,1.649
3/4/2022 8:00,1.871
3/4/2022 9:00,2.06
3/4/2022 10:00,2.213
3/4/2022 11:00,2.312
3/4/2022 12:00,2.315
3/4/2022 13:00,2.241
3/4/2022 14:00,2.026
3/4/2022 15:00,1.603
3/4/2022 16:00,1.6
3/4/2022 17:00,1.615
3/4/2022 18:00,1.613
3/4/2022 19:00,1.611
3/4/2022 20:00,1.624
3/4/2022 21:00,1.642
3/4/2022 22:00,1.65
3/4/2022 23:00,1.659
3/5/2022 0:00,1.698
3/5/2022 1:00,1.741
3/5/2022 2:00,1.758
3/5/2022 3:00,1.746
3/5/2022 4:00,1.76
3/5/2022 5:00,1.856
3/5/2022 6:00,2.189
3/5/2022 7:00,2.529
3/5/2022 8:00,2.736
3/5/2022 9:00,2.943
3/5/2022 10:00,3.138
3/5/2022 11:00,3.295
3/5/2022 12:00,3.4
3/5/2022 13:00,3.392
3/5/2022 14:00,3.144
3/5/2022 15:00,2.543
3/5/2022 16:00,2.41
3/5/2022 17:00,2.528
3/5/2022 18:00,2.624
3/5/2022 19:00,2.725
3/5/2022 20:00,2.845
3/5/2022 21:00,2.906
3/5/2022 22:00,2.975
3/5/2022 23:00,2.966
3/6/2022 0:00,2.879
3/6/2022 1:00,2.816
3/6/2022 2:00,2.799
3/6/2022 3:00,2.79
3/6/2022 4:00,2.765
3/6/2022 5:00,2.714
3/6/2022 6:00,2.958
3/6/2022 7:00,3.304
3/6/2022 8:00,3.428
3/6/2022 9:00,3.414
3/6/2022 10:00,3.377
3/6/2022 11:00,3.38
3/6/2022 12:00,3.367
3/6/2022 13:00,3.234
3/6/2022 14:00,2.941
3/6/2022 15:00,2.293
3/6/2022 16:00,2.004
3/6/2022 17:00,1.995
3/6/2022 18:00,2.012
3/6/2022 19:00,2.043
3/6/2022 20:00,2.031
3/6/2022 21:00,2.021
3/6/2022 22:00,2.004
3/6/2022 23:00,2.001
3/7/2022 0:00,2.003
3/7/2022 1:00,2.005
3/7/2022 2:00,2.011
3/7/2022 3:00,1.997
3/7/2022 4:00,1.965
3/7/2022 5:00,1.952
3/7/2022 6:00,2.456
3/7/2022 7:00,2.557
3/7/2022 8:00,2.615
3/7/2022 9:00,2.589
3/7/2022 10:00,2.512
3/7/2022 11:00,2.445
3/7/2022 12:00,2.341
3/7/2022 13:00,2.173
3/7/2022 14:00,1.897
3/7/2022 15:00,1.297
3/7/2022 16:00,1.224
3/7/2022 17:00,1.371
3/7/2022 18:00,1.446
3/7/2022 19:00,1.515
3/7/2022 20:00,1.52
3/7/2022 21:00,1.525
3/7/2022 22:00,1.613
3/7/2022 23:00,1.799
3/8/2022 0:00,2.029
3/8/2022 1:00,2.194
3/8/2022 2:00,2.278
3/8/2022 3:00,2.348
3/8/2022 4:00,2.507
3/8/2022 5:00,2.758
3/8/2022 6:00,3.349
3/8/2022 7:00,3.505
3/8/2022 8:00,3.748
3/8/2022 9:00,3.885
3/8/2022 10:00,3.749
3/8/2022 11:00,3.545
3/8/2022 12:00,3.477
3/8/2022 13:00,3.411
3/8/2022 14:00,3.318
3/8/2022 15:00,3.031
3/8/2022 16:00,2.846
3/8/2022 17:00,2.997
3/8/2022 18:00,3.025
3/8/2022 19:00,2.939
3/8/2022 20:00,2.879
3/8/2022 21:00,2.887
3/8/2022 22:00,2.929
3/8/2022 23:00,3.003
3/9/2022 0:00,3.08
3/9/2022 1:00,3.181
3/9/2022 2:00,3.371
3/9/2022 3:00,3.581
3/9/2022 4:00,3.73
3/9/2022 5:00,4.073
3/9/2022 6:00,4.683
3/9/2022 7:00,4.916
3/9/2022 8:00,4.77
3/9/2022 9:00,4.621
3/9/2022 10:00,4.612
3/9/2022 11:00,4.67
3/9/2022 12:00,4.717
3/9/2022 13:00,4.703
3/9/2022 14:00,4.538
3/9/2022 15:00,4.065
3/9/2022 16:00,3.86
3/9/2022 17:00,4.031
3/9/2022 18:00,4.172
3/9/2022 19:00,4.215
3/9/2022 20:00,4.19
3/9/2022 21:00,4.039
3/9/2022 22:00,3.876
3/9/2022 23:00,3.814
3/10/2022 0:00,3.778
3/10/2022 1:00,3.784
3/10/2022 2:00,3.847
3/10/2022 3:00,3.995
3/10/2022 4:00,4.12
3/10/2022 5:00,4.527
3/10/2022 6:00,5.086
3/10/2022 7:00,5.194
3/10/2022 8:00,5.233
3/10/2022 9:00,5.289
3/10/2022 10:00,5.33
3/10/2022 11:00,5.424
3/10/2022 12:00,5.522
3/10/2022 13:00,5.581
3/10/2022 14:00,5.48
3/10/2022 15:00,4.969
3/10/2022 16:00,4.531
3/10/2022 17:00,4.462
3/10/2022 18:00,4.417
3/10/2022 19:00,4.379
3/10/2022 20:00,4.369
3/10/2022 21:00,4.294
3/10/2022 22:00,4.129
3/10/2022 23:00,4.005
3/11/2022 0:00,3.882
3/11/2022 1:00,3.791
3/11/2022 2:00,3.667
3/11/2022 3:00,3.641
3/11/2022 4:00,3.665
3/11/2022 5:00,4.081
3/11/2022 6:00,4.515
3/11/2022 7:00,4.376
3/11/2022 8:00,4.13
3/11/2022 9:00,3.891
3/11/2022 10:00,3.726
3/11/2022 11:00,3.667
3/11/2022 12:00,3.687
3/11/2022 13:00,3.686
3/11/2022 14:00,3.571
3/11/2022 15:00,3.056
3/11/2022 16:00,2.586
3/11/2022 17:00,2.51
3/11/2022 18:00,2.451
3/11/2022 19:00,2.417
3/11/2022 20:00,2.409
3/11/2022 21:00,2.393
3/11/2022 22:00,2.381
3/11/2022 23:00,2.369
3/12/2022 0:00,2.336
3/12/2022 1:00,2.287
3/12/2022 2:00,2.246
3/12/2022 3:00,2.236
3/12/2022 4:00,2.286
3/12/2022 5:00,2.62
3/12/2022 6:00,3.401
3/12/2022 7:00,3.62
3/12/2022 8:00,3.664
3/12/2022 9:00,3.636
3/12/2022 10:00,3.573
3/12/2022 11:00,3.581
3/12/2022 12:00,3.668
3/12/2022 13:00,3.817
3/12/2022 14:00,3.919
3/12/2022 15:00,3.707
3/12/2022 16:00,3.479
3/12/2022 17:00,3.425
3/12/2022 18:00,3.318
3/12/2022 19:00,3.179
3/12/2022 20:00,3.057
3/12/2022 21:00,2.97
3/12/2022 22:00,2.855
3/12/2022 23:00,2.75
3/13/2022 0:00,2.675
3/13/2022 1:00,2.621
3/13/2022 2:00,2.564
3/13/2022 3:00,2.484
3/13/2022 4:00,2.404
3/13/2022 5:00,2.499
3/13/2022 6:00,2.966
3/13/2022 7:00,2.919
3/13/2022 8:00,2.707
3/13/2022 9:00,2.377
3/13/2022 10:00,2.047
3/13/2022 11:00,1.787
3/13/2022 12:00,1.607
3/13/2022 13:00,1.515
3/13/2022 14:00,1.415
3/13/2022 15:00,1.246
3/13/2022 16:00,1.403
3/13/2022 17:00,1.509
3/13/2022 18:00,1.474
3/13/2022 19:00,1.391
3/13/2022 20:00,1.29
3/13/2022 21:00,1.156
3/13/2022 22:00,1.02
3/13/2022 23:00,0.968
3/14/2022 0:00,1.137
3/14/2022 1:00,1.408
3/14/2022 2:00,1.72
3/14/2022 3:00,1.981
3/14/2022 4:00,2.163
3/14/2022 5:00,2.359
3/14/2022 6:00,3.206
3/14/2022 7:00,3.475
3/14/2022 8:00,3.553
3/14/2022 9:00,3.561
3/14/2022 10:00,3.597
3/14/2022 11:00,3.693
3/14/2022 12:00,3.822
3/14/2022 13:00,3.907
3/14/2022 14:00,3.841
3/14/2022 15:00,3.308
3/14/2022 16:00,2.872
3/14/2022 17:00,2.901
3/14/2022 18:00,2.914
3/14/2022 19:00,2.889
3/14/2022 20:00,2.835
3/14/2022 21:00,2.773
3/14/2022 22:00,2.733
3/14/2022 23:00,2.681
3/15/2022 0:00,2.608
3/15/2022 1:00,2.533
3/15/2022 2:00,2.476
3/15/2022 3:00,2.44
3/15/2022 4:00,2.393
3/15/2022 5:00,2.519
3/15/2022 6:00,3.026
3/15/2022 7:00,3.04
3/15/2022 8:00,3.055
3/15/2022 9:00,3.088
3/15/2022 10:00,3.103
3/15/2022 11:00,3.086
3/15/2022 12:00,3.012
3/15/2022 13:00,2.948
3/15/2022 14:00,2.829
3/15/2022 15:00,2.331
3/15/2022 16:00,2.212
3/15/2022 17:00,2.235
3/15/2022 18:00,2.166
3/15/2022 19:00,1.989
3/15/2022 20:00,1.702
3/15/2022 21:00,1.462
3/15/2022 22:00,1.384
3/15/2022 23:00,1.353
3/16/2022 0:00,1.321
3/16/2022 1:00,1.265
3/16/2022 2:00,1.22
3/16/2022 3:00,1.164
3/16/2022 4:00,1.116
3/16/2022 5:00,1.124
3/16/2022 6:00,1.435
3/16/2022 7:00,1.816
3/16/2022 8:00,2.166
3/16/2022 9:00,2.443
3/16/2022 10:00,2.669
3/16/2022 11:00,2.813
3/16/2022 12:00,2.801
3/16/2022 13:00,2.654
3/16/2022 14:00,2.446
3/16/2022 15:00,1.972
3/16/2022 16:00,1.936
3/16/2022 17:00,2.009
3/16/2022 18:00,2.021
3/16/2022 19:00,1.964
3/16/2022 20:00,1.871
3/16/2022 21:00,1.78
3/16/2022 22:00,1.761
3/16/2022 23:00,1.84
3/17/2022 0:00,1.915
3/17/2022 1:00,1.962
3/17/2022 2:00,1.995
3/17/2022 3:00,2.012
3/17/2022 4:00,1.986
3/17/2022 5:00,2.038
3/17/2022 6:00,2.789
3/17/2022 7:00,3.063
3/17/2022 8:00,3.099
3/17/2022 9:00,3.057
3/17/2022 10:00,3.081
3/17/2022 11:00,3.285
3/17/2022 12:00,3.505
3/17/2022 13:00,3.75
3/17/2022 14:00,3.964
3/17/2022 15:00,3.86
3/17/2022 16:00,3.484
3/17/2022 17:00,3.547
3/17/2022 18:00,3.772
3/17/2022 19:00,3.951
3/17/2022 20:00,4.25
3/17/2022 21:00,4.476
3/17/2022 22:00,4.631
3/17/2022 23:00,4.693
3/18/2022 0:00,4.649
3/18/2022 1:00,4.702
3/18/2022 2:00,4.814
3/18/2022 3:00,5.037
3/18/2022 4:00,5.386
3/18/2022 5:00,6.105
3/18/2022 6:00,6.704
3/18/2022 7:00,6.987
3/18/2022 8:00,6.998
3/18/2022 9:00,6.767
3/18/2022 10:00,6.453
3/18/2022 11:00,6.243
3/18/2022 12:00,6.194
3/18/2022 13:00,6.237
3/18/2022 14:00,6.25
3/18/2022 15:00,6.02
3/18/2022 16:00,5.506
3/18/2022 17:00,5.382
3/18/2022 18:00,5.274
3/18/2022 19:00,5.286
3/18/2022 20:00,5.52
3/18/2022 21:00,5.653
3/18/2022 22:00,5.703
3/18/2022 23:00,5.723
3/19/2022 0:00,5.725
3/19/2022 1:00,5.733
3/19/2022 2:00,5.727
3/19/2022 3:00,5.669
3/19/2022 4:00,5.596
3/19/2022 5:00,6.027
3/19/2022 6:00,6.635
3/19/2022 7:00,6.856
3/19/2022 8:00,6.865
3/19/2022 9:00,6.795
3/19/2022 10:00,6.637
3/19/2022 11:00,6.471
3/19/2022 12:00,6.337
3/19/2022 13:00,6.218
3/19/2022 14:00,6.116
3/19/2022 15:00,5.68
3/19/2022 16:00,4.931
3/19/2022 17:00,4.734
3/19/2022 18:00,4.625
3/19/2022 19:00,4.605
3/19/2022 20:00,4.642
3/19/2022 21:00,4.812
3/19/2022 22:00,4.945
3/19/2022 23:00,5.042
3/20/2022 0:00,5.216
3/20/2022 1:00,5.259
3/20/2022 2:00,5.247
3/20/2022 3:00,5.263
3/20/2022 4:00,5.327
3/20/2022 5:00,5.812
3/20/2022 6:00,6.412
3/20/2022 7:00,6.629
3/20/2022 8:00,6.674
3/20/2022 9:00,6.695
3/20/2022 10:00,6.734
3/20/2022 11:00,6.748
3/20/2022 12:00,6.726
3/20/2022 13:00,6.633
3/20/2022 14:00,6.387
3/20/2022 15:00,5.667
3/20/2022 16:00,4.982
3/20/2022 17:00,4.835
3/20/2022 18:00,4.885
3/20/2022 19:00,4.984
3/20/2022 20:00,5.199
3/20/2022 21:00,5.335
3/20/2022 22:00,5.477
3/20/2022 23:00,5.526
3/21/2022 0:00,5.508
3/21/2022 1:00,5.494
3/21/2022 2:00,5.493
3/21/2022 3:00,5.391
3/21/2022 4:00,5.299
3/21/2022 5:00,5.699
3/21/2022 6:00,6.462
3/21/2022 7:00,6.819
3/21/2022 8:00,6.88
3/21/2022 9:00,6.788
3/21/2022 10:00,6.681
3/21/2022 11:00,6.602
3/21/2022 12:00,6.525
3/21/2022 13:00,6.433
3/21/2022 14:00,6.163
3/21/2022 15:00,5.352
3/21/2022 16:00,4.498
3/21/2022 17:00,4.245
3/21/2022 18:00,4.249
3/21/2022 19:00,4.234
3/21/2022 20:00,4.256
3/21/2022 21:00,4.258
3/21/2022 22:00,4.525
3/21/2022 23:00,4.684
3/22/2022 0:00,4.881
3/22/2022 1:00,5.092
3/22/2022 2:00,5.204
3/22/2022 3:00,5.193
3/22/2022 4:00,5.17
3/22/2022 5:00,5.651
3/22/2022 6:00,6.345
3/22/2022 7:00,6.745
3/22/2022 8:00,6.848
3/22/2022 9:00,6.888
3/22/2022 10:00,6.82
3/22/2022 11:00,6.735
3/22/2022 12:00,6.647
3/22/2022 13:00,6.457
3/22/2022 14:00,5.928
3/22/2022 15:00,5.01
3/22/2022 16:00,4.477
3/22/2022 17:00,4.466
3/22/2022 18:00,4.641
3/22/2022 19:00,4.882
3/22/2022 20:00,4.94
3/22/2022 21:00,4.878
3/22/2022 22:00,4.81
3/22/2022 23:00,4.793
3/23/2022 0:00,4.832
3/23/2022 1:00,4.863
3/23/2022 2:00,4.811
3/23/2022 3:00,4.748
3/23/2022 4:00,4.816
3/23/2022 5:00,5.27
3/23/2022 6:00,6.175
3/23/2022 7:00,6.578
3/23/2022 8:00,6.645
3/23/2022 9:00,6.582
3/23/2022 10:00,6.434
3/23/2022 11:00,6.298
3/23/2022 12:00,6.213
3/23/2022 13:00,6.107
3/23/2022 14:00,5.846
3/23/2022 15:00,4.949
3/23/2022 16:00,3.947
3/23/2022 17:00,3.59
3/23/2022 18:00,3.555
3/23/2022 19:00,3.513
3/23/2022 20:00,3.399
3/23/2022 21:00,3.273
3/23/2022 22:00,3.249
3/23/2022 23:00,3.324
3/24/2022 0:00,3.416
3/24/2022 1:00,3.51
3/24/2022 2:00,3.601
3/24/2022 3:00,3.642
3/24/2022 4:00,3.557
3/24/2022 5:00,3.954
3/24/2022 6:00,4.658
3/24/2022 7:00,5.009
3/24/2022 8:00,5.029
3/24/2022 9:00,4.82
3/24/2022 10:00,4.61
3/24/2022 11:00,4.446
3/24/2022 12:00,4.294
3/24/2022 13:00,4.072
3/24/2022 14:00,3.649
3/24/2022 15:00,2.461
3/24/2022 16:00,2.095
3/24/2022 17:00,1.904
3/24/2022 18:00,1.863
3/24/2022 19:00,2.111
3/24/2022 20:00,2.29
3/24/2022 21:00,2.401
3/24/2022 22:00,2.49
3/24/2022 23:00,2.577
3/25/2022 0:00,2.691
3/25/2022 1:00,2.819
3/25/2022 2:00,2.936
3/25/2022 3:00,3
3/25/2022 4:00,3.002
3/25/2022 5:00,3.29
3/25/2022 6:00,3.801
3/25/2022 7:00,3.742
3/25/2022 8:00,3.913
3/25/2022 9:00,3.986
3/25/2022 10:00,3.906
3/25/2022 11:00,3.838
3/25/2022 12:00,3.753
3/25/2022 13:00,3.59
3/25/2022 14:00,3.067
3/25/2022 15:00,2.219
3/25/2022 16:00,1.978
3/25/2022 17:00,2.16
3/25/2022 18:00,2.378
3/25/2022 19:00,2.594
3/25/2022 20:00,2.762
3/25/2022 21:00,2.843
3/25/2022 22:00,2.86
3/25/2022 23:00,2.809
3/26/2022 0:00,2.747
3/26/2022 1:00,2.696
3/26/2022 2:00,2.689
3/26/2022 3:00,2.741
3/26/2022 4:00,2.706
3/26/2022 5:00,2.978
3/26/2022 6:00,3.596
3/26/2022 7:00,3.632
3/26/2022 8:00,3.381
3/26/2022 9:00,3.062
3/26/2022 10:00,2.795
3/26/2022 11:00,2.582
3/26/2022 12:00,2.511
3/26/2022 13:00,2.52
3/26/2022 14:00,2.524
3/26/2022 15:00,2.331
3/26/2022 16:00,2.144
3/26/2022 17:00,2.071
3/26/2022 18:00,1.807
3/26/2022 19:00,1.545
3/26/2022 20:00,1.427
3/26/2022 21:00,1.424
3/26/2022 22:00,1.417
3/26/2022 23:00,1.366
3/27/2022 0:00,1.297
3/27/2022 1:00,1.256
3/27/2022 2:00,1.285
3/27/2022 3:00,1.358
3/27/2022 4:00,1.424
3/27/2022 5:00,1.465
3/27/2022 6:00,1.884
3/27/2022 7:00,1.801
3/27/2022 8:00,1.709
3/27/2022 9:00,1.676
3/27/2022 10:00,1.717
3/27/2022 11:00,1.784
3/27/2022 12:00,1.761
3/27/2022 13:00,1.629
3/27/2022 14:00,1.562
3/27/2022 15:00,1.324
3/27/2022 16:00,1.413
3/27/2022 17:00,1.496
3/27/2022 18:00,1.487
3/27/2022 19:00,1.487
3/27/2022 20:00,1.585
3/27/2022 21:00,1.612
3/27/2022 22:00,1.533
3/27/2022 23:00,1.28
3/28/2022 0:00,1.301
3/28/2022 1:00,1.394
3/28/2022 2:00,1.423
3/28/2022 3:00,1.439
3/28/2022 4:00,1.426
3/28/2022 5:00,1.357
3/28/2022 6:00,1.785
3/28/2022 7:00,2.181
3/28/2022 8:00,2.407
3/28/2022 9:00,2.458
3/28/2022 10:00,2.315
3/28/2022 11:00,2.139
3/28/2022 12:00,2.107
3/28/2022 13:00,2.105
3/28/2022 14:00,1.979
3/28/2022 15:00,1.622
3/28/2022 16:00,1.526
3/28/2022 17:00,1.64
3/28/2022 18:00,1.657
3/28/2022 19:00,1.743
3/28/2022 20:00,1.831
3/28/2022 21:00,1.807
3/28/2022 22:00,1.743
3/28/2022 23:00,1.682
3/29/2022 0:00,1.676
3/29/2022 1:00,1.749
3/29/2022 2:00,1.847
3/29/2022 3:00,1.955
3/29/2022 4:00,1.998
3/29/2022 5:00,2.183
3/29/2022 6:00,2.472
3/29/2022 7:00,2.514
3/29/2022 8:00,2.396
3/29/2022 9:00,2.188
3/29/2022 10:00,2.125
3/29/2022 11:00,2.105
3/29/2022 12:00,2.052
3/29/2022 13:00,1.95
3/29/2022 14:00,1.826
3/29/2022 15:00,1.541
3/29/2022 16:00,1.346
3/29/2022 17:00,1.481
3/29/2022 18:00,1.566
3/29/2022 19:00,1.568
3/29/2022 20:00,1.43
3/29/2022 21:00,1.351
3/29/2022 22:00,1.13
3/29/2022 23:00,0.986
3/30/2022 0:00,1.055
3/30/2022 1:00,1.103
3/30/2022 2:00,1.137
3/30/2022 3:00,1.207
3/30/2022 4:00,1.105
3/30/2022 5:00,1.077
3/30/2022 6:00,1.362
3/30/2022 7:00,1.421
3/30/2022 8:00,1.65
3/30/2022 9:00,2.007
3/30/2022 10:00,2.305
3/30/2022 11:00,2.563
3/30/2022 12:00,2.783
3/30/2022 13:00,3.001
3/30/2022 14:00,3.164
3/30/2022 15:00,2.887
3/30/2022 16:00,2.338
3/30/2022 17:00,2.357
3/30/2022 18:00,2.486
3/30/2022 19:00,2.546
3/30/2022 20:00,2.538
3/30/2022 21:00,2.531
3/30/2022 22:00,2.47
3/30/2022 23:00,2.558
3/31/2022 0:00,2.496
3/31/2022 1:00,2.522
3/31/2022 2:00,2.564
3/31/2022 3:00,2.604
3/31/2022 4:00,2.825
3/31/2022 5:00,3.308
3/31/2022 6:00,4.054
3/31/2022 7:00,4.795
3/31/2022 8:00,5.356
3/31/2022 9:00,5.893
3/31/2022 10:00,6.081
3/31/2022 11:00,5.962
3/31/2022 12:00,5.726
3/31/2022 13:00,5.883
3/31/2022 14:00,5.966
3/31/2022 15:00,5.499
3/31/2022 16:00,5.241
3/31/2022 17:00,5.562
3/31/2022 18:00,5.674
3/31/2022 19:00,5.32
3/31/2022 20:00,4.964
3/31/2022 21:00,4.981
3/31/2022 22:00,4.656
3/31/2022 23:00,4.325
4/1/2022 0:00,4.21
4/1/2022 1:00,4.154
4/1/2022 2:00,4.036
4/1/2022 3:00,3.95
4/1/2022 4:00,4.054
4/1/2022 5:00,4.493
4/1/2022 6:00,4.946
4/1/2022 7:00,5.537
4/1/2022 8:00,5.592
4/1/2022 9:00,5.926
4/1/2022 10:00,6.29
4/1/2022 11:00,6.416
4/1/2022 12:00,6.38
4/1/2022 13:00,6.137
4/1/2022 14:00,5.629
4/1/2022 15:00,4.868
4/1/2022 16:00,3.996
4/1/2022 17:00,3.786
4/1/2022 18:00,3.758
4/1/2022 19:00,3.743
4/1/2022 20:00,3.673
4/1/2022 21:00,3.451
4/1/2022 22:00,3.22
4/1/2022 23:00,3.11
4/2/2022 0:00,3.043
4/2/2022 1:00,2.967
4/2/2022 2:00,2.866
4/2/2022 3:00,2.734
4/2/2022 4:00,2.701
4/2/2022 5:00,3.389
4/2/2022 6:00,4.092
4/2/2022 7:00,4.486
4/2/2022 8:00,4.676
4/2/2022 9:00,4.937
4/2/2022 10:00,5.163
4/2/2022 11:00,5.314
4/2/2022 12:00,5.425
4/2/2022 13:00,5.475
4/2/2022 14:00,5.305
4/2/2022 15:00,4.688
4/2/2022 16:00,3.801
4/2/2022 17:00,3.551
4/2/2022 18:00,3.46
4/2/2022 19:00,3.398
4/2/2022 20:00,3.309
4/2/2022 21:00,3.159
4/2/2022 22:00,3.014
4/2/2022 23:00,2.911
4/3/2022 0:00,2.936
4/3/2022 1:00,2.933
4/3/2022 2:00,2.857
4/3/2022 3:00,2.819
4/3/2022 4:00,2.783
4/3/2022 5:00,3.41
4/3/2022 6:00,4.256
4/3/2022 7:00,4.546
4/3/2022 8:00,4.579
4/3/2022 9:00,4.536
4/3/2022 10:00,4.355
4/3/2022 11:00,4.155
4/3/2022 12:00,3.96
4/3/2022 13:00,3.681
4/3/2022 14:00,3.217
4/3/2022 15:00,2.292
4/3/2022 16:00,1.653
4/3/2022 17:00,1.661
4/3/2022 18:00,1.851
4/3/2022 19:00,2.007
4/3/2022 20:00,2.091
4/3/2022 21:00,2.048
4/3/2022 22:00,1.96
4/3/2022 23:00,1.853
4/4/2022 0:00,1.77
4/4/2022 1:00,1.685
4/4/2022 2:00,1.643
4/4/2022 3:00,1.663
4/4/2022 4:00,1.692
4/4/2022 5:00,2.009
4/4/2022 6:00,2.187
4/4/2022 7:00,2.223
4/4/2022 8:00,2.142
4/4/2022 9:00,2.011
4/4/2022 10:00,1.821
4/4/2022 11:00,1.668
4/4/2022 12:00,1.616
4/4/2022 13:00,1.643
4/4/2022 14:00,1.692
4/4/2022 15:00,1.684
4/4/2022 16:00,1.678
4/4/2022 17:00,1.796
4/4/2022 18:00,1.838
4/4/2022 19:00,1.857
4/4/2022 20:00,1.912
4/4/2022 21:00,2.011
4/4/2022 22:00,2.131
4/4/2022 23:00,2.296
4/5/2022 0:00,2.533
4/5/2022 1:00,2.834
4/5/2022 2:00,3.074
4/5/2022 3:00,3.192
4/5/2022 4:00,3.445
4/5/2022 5:00,3.932
4/5/2022 6:00,4.244
4/5/2022 7:00,4.179
4/5/2022 8:00,3.908
4/5/2022 9:00,3.571
4/5/2022 10:00,3.223
4/5/2022 11:00,2.965
4/5/2022 12:00,2.888
4/5/2022 13:00,2.902
4/5/2022 14:00,2.963
4/5/2022 15:00,2.903
4/5/2022 16:00,2.42
4/5/2022 17:00,2.21
4/5/2022 18:00,2.081
4/5/2022 19:00,1.913
4/5/2022 20:00,1.833
4/5/2022 21:00,1.799
4/5/2022 22:00,1.808
4/5/2022 23:00,1.85
4/6/2022 0:00,1.874
4/6/2022 1:00,1.856
4/6/2022 2:00,1.811
4/6/2022 3:00,1.773
4/6/2022 4:00,1.713
4/6/2022 5:00,2.037
4/6/2022 6:00,2.106
4/6/2022 7:00,2.06
4/6/2022 8:00,1.93
4/6/2022 9:00,1.793
4/6/2022 10:00,1.754
4/6/2022 11:00,1.711
4/6/2022 12:00,1.776
4/6/2022 13:00,1.944
4/6/2022 14:00,2.027
4/6/2022 15:00,1.939
4/6/2022 16:00,1.59
4/6/2022 17:00,1.776
4/6/2022 18:00,1.857
4/6/2022 19:00,1.835
4/6/2022 20:00,1.832
4/6/2022 21:00,1.807
4/6/2022 22:00,1.79
4/6/2022 23:00,1.775
4/7/2022 0:00,1.798
4/7/2022 1:00,1.932
4/7/2022 2:00,2.035
4/7/2022 3:00,2.194
4/7/2022 4:00,2.549
4/7/2022 5:00,3.264
4/7/2022 6:00,3.854
4/7/2022 7:00,4.144
4/7/2022 8:00,4.261
4/7/2022 9:00,4.356
4/7/2022 10:00,4.361
4/7/2022 11:00,4.537
4/7/2022 12:00,4.864
4/7/2022 13:00,5.017
4/7/2022 14:00,4.928
4/7/2022 15:00,4.396
4/7/2022 16:00,3.483
4/7/2022 17:00,3.373
4/7/2022 18:00,3.474
4/7/2022 19:00,3.491
4/7/2022 20:00,3.589
4/7/2022 21:00,3.747
4/7/2022 22:00,3.959
4/7/2022 23:00,4.17
4/8/2022 0:00,4.304
4/8/2022 1:00,4.154
4/8/2022 2:00,3.928
4/8/2022 3:00,3.65
4/8/2022 4:00,3.451
4/8/2022 5:00,4.008
4/8/2022 6:00,4.102
4/8/2022 7:00,3.69
4/8/2022 8:00,3.245
4/8/2022 9:00,3.293
4/8/2022 10:00,3.463
4/8/2022 11:00,3.551
4/8/2022 12:00,3.554
4/8/2022 13:00,3.48
4/8/2022 14:00,3.279
4/8/2022 15:00,2.571
4/8/2022 16:00,1.702
4/8/2022 17:00,1.651
4/8/2022 18:00,1.677
4/8/2022 19:00,1.668
4/8/2022 20:00,1.623
4/8/2022 21:00,1.613
4/8/2022 22:00,1.707
4/8/2022 23:00,1.773
4/9/2022 0:00,1.794
4/9/2022 1:00,1.779
4/9/2022 2:00,1.775
4/9/2022 3:00,1.783
4/9/2022 4:00,1.773
4/9/2022 5:00,2.246
4/9/2022 6:00,2.407
4/9/2022 7:00,2.376
4/9/2022 8:00,2.495
4/9/2022 9:00,2.774
4/9/2022 10:00,3.083
4/9/2022 11:00,3.316
4/9/2022 12:00,3.355
4/9/2022 13:00,3.354
4/9/2022 14:00,3.285
4/9/2022 15:00,2.833
4/9/2022 16:00,2.035
4/9/2022 17:00,1.932
4/9/2022 18:00,1.974
4/9/2022 19:00,2.012
4/9/2022 20:00,2.018
4/9/2022 21:00,2.097
4/9/2022 22:00,2.139
4/9/2022 23:00,2.116
4/10/2022 0:00,2.065
4/10/2022 1:00,2.021
4/10/2022 2:00,2.018
4/10/2022 3:00,2.078
4/10/2022 4:00,2.105
4/10/2022 5:00,2.701
4/10/2022 6:00,3.119
4/10/2022 7:00,3.383
4/10/2022 8:00,3.69
4/10/2022 9:00,3.939
4/10/2022 10:00,4.285
4/10/2022 11:00,4.679
4/10/2022 12:00,5.036
4/10/2022 13:00,5.288
4/10/2022 14:00,5.627
4/10/2022 15:00,5.832
4/10/2022 16:00,5.304
4/10/2022 17:00,4.864
4/10/2022 18:00,4.764
4/10/2022 19:00,4.875
4/10/2022 20:00,4.97
4/10/2022 21:00,4.975
4/10/2022 22:00,4.996
4/10/2022 23:00,4.996
4/11/2022 0:00,5.243
4/11/2022 1:00,5.391
4/11/2022 2:00,5.31
4/11/2022 3:00,5.086
4/11/2022 4:00,5.109
4/11/2022 5:00,5.856
4/11/2022 6:00,6.39
4/11/2022 7:00,6.425
4/11/2022 8:00,6.226
4/11/2022 9:00,6.011
4/11/2022 10:00,5.791
4/11/2022 11:00,5.547
4/11/2022 12:00,5.283
4/11/2022 13:00,4.987
4/11/2022 14:00,4.633
4/11/2022 15:00,4.09
4/11/2022 16:00,2.775
4/11/2022 17:00,2.394
4/11/2022 18:00,2.295
4/11/2022 19:00,2.198
4/11/2022 20:00,2.091
4/11/2022 21:00,1.952
4/11/2022 22:00,1.862
4/11/2022 23:00,1.846
4/12/2022 0:00,1.885
4/12/2022 1:00,1.942
4/12/2022 2:00,1.994
4/12/2022 3:00,2.056
4/12/2022 4:00,2.004
4/12/2022 5:00,2.476
4/12/2022 6:00,2.6
4/12/2022 7:00,2.471
4/12/2022 8:00,2.307
4/12/2022 9:00,2.158
4/12/2022 10:00,2.104
4/12/2022 11:00,2.071
4/12/2022 12:00,1.97
4/12/2022 13:00,1.864
4/12/2022 14:00,1.753
4/12/2022 15:00,1.739
4/12/2022 16:00,1.638
4/12/2022 17:00,1.76
4/12/2022 18:00,1.72
4/12/2022 19:00,1.614
4/12/2022 20:00,1.522
4/12/2022 21:00,1.425
4/12/2022 22:00,1.314
4/12/2022 23:00,1.261
4/13/2022 0:00,1.263
4/13/2022 1:00,1.232
4/13/2022 2:00,1.179
4/13/2022 3:00,1.145
4/13/2022 4:00,1.113
4/13/2022 5:00,1.323
4/13/2022 6:00,1.425
4/13/2022 7:00,1.579
4/13/2022 8:00,1.708
4/13/2022 9:00,1.76
4/13/2022 10:00,1.798
4/13/2022 11:00,1.917
4/13/2022 12:00,2.052
4/13/2022 13:00,2.178
4/13/2022 14:00,2.313
4/13/2022 15:00,2.406
4/13/2022 16:00,2.102
4/13/2022 17:00,1.918
4/13/2022 18:00,1.772
4/13/2022 19:00,1.604
4/13/2022 20:00,1.462
4/13/2022 21:00,1.337
4/13/2022 22:00,1.239
4/13/2022 23:00,1.154
4/14/2022 0:00,1.082
4/14/2022 1:00,1.178
4/14/2022 2:00,1.433
4/14/2022 3:00,1.601
4/14/2022 4:00,1.595
4/14/2022 5:00,2.07
4/14/2022 6:00,2.199
4/14/2022 7:00,2.303
4/14/2022 8:00,2.335
4/14/2022 9:00,2.335
4/14/2022 10:00,2.294
4/14/2022 11:00,2.288
4/14/2022 12:00,2.329
4/14/2022 13:00,2.42
4/14/2022 14:00,2.441
4/14/2022 15:00,2.341
4/14/2022 16:00,1.773
4/14/2022 17:00,1.84
4/14/2022 18:00,1.8
4/14/2022 19:00,1.722
4/14/2022 20:00,1.675
4/14/2022 21:00,1.696
4/14/2022 22:00,1.822
4/14/2022 23:00,1.978
4/15/2022 0:00,2.087
4/15/2022 1:00,2.189
4/15/2022 2:00,2.294
4/15/2022 3:00,2.374
4/15/2022 4:00,2.477
4/15/2022 5:00,3.218
4/15/2022 6:00,3.481
4/15/2022 7:00,3.606
4/15/2022 8:00,3.497
4/15/2022 9:00,3.373
4/15/2022 10:00,3.23
4/15/2022 11:00,3.109
4/15/2022 12:00,3.023
4/15/2022 13:00,2.89
4/15/2022 14:00,2.599
4/15/2022 15:00,2.226
4/15/2022 16:00,1.558
4/15/2022 17:00,1.747
4/15/2022 18:00,1.9
4/15/2022 19:00,1.807
4/15/2022 20:00,1.693
4/15/2022 21:00,1.641
4/15/2022 22:00,1.602
4/15/2022 23:00,1.559
4/16/2022 0:00,1.511
4/16/2022 1:00,1.533
4/16/2022 2:00,1.588
4/16/2022 3:00,1.649
4/16/2022 4:00,1.679
4/16/2022 5:00,2.03
4/16/2022 6:00,2.298
4/16/2022 7:00,2.234
4/16/2022 8:00,2.186
4/16/2022 9:00,2.203
4/16/2022 10:00,2.19
4/16/2022 11:00,2.323
4/16/2022 12:00,2.411
4/16/2022 13:00,2.269
4/16/2022 14:00,2.078
4/16/2022 15:00,1.929
4/16/2022 16:00,1.553
4/16/2022 17:00,1.736
4/16/2022 18:00,2.021
4/16/2022 19:00,2.396
4/16/2022 20:00,2.332
4/16/2022 21:00,2.3
4/16/2022 22:00,2.682
4/16/2022 23:00,3.014
4/17/2022 0:00,3.325
4/17/2022 1:00,3.668
4/17/2022 2:00,3.933
4/17/2022 3:00,4.101
4/17/2022 4:00,4.415
4/17/2022 5:00,4.883
4/17/2022 6:00,5.348
4/17/2022 7:00,6.059
4/17/2022 8:00,6.152
4/17/2022 9:00,6.143
4/17/2022 10:00,6.043
4/17/2022 11:00,5.743
4/17/2022 12:00,5.284
4/17/2022 13:00,5.006
4/17/2022 14:00,5.075
4/17/2022 15:00,4.985
4/17/2022 16:00,4.615
4/17/2022 17:00,4.373
4/17/2022 18:00,4.371
4/17/2022 19:00,4.383
4/17/2022 20:00,4.392
4/17/2022 21:00,4.38
4/17/2022 22:00,4.352
4/17/2022 23:00,4.249
4/18/2022 0:00,4.212
4/18/2022 1:00,4.233
4/18/2022 2:00,4.207
4/18/2022 3:00,4.194
4/18/2022 4:00,4.342
4/18/2022 5:00,4.684
4/18/2022 6:00,4.808
4/18/2022 7:00,4.78
4/18/2022 8:00,4.601
4/18/2022 9:00,4.323
4/18/2022 10:00,4.002
4/18/2022 11:00,3.75
4/18/2022 12:00,3.617
4/18/2022 13:00,3.516
4/18/2022 14:00,3.436
4/18/2022 15:00,3.287
4/18/2022 16:00,2.926
4/18/2022 17:00,2.704
4/18/2022 18:00,2.723
4/18/2022 19:00,2.68
4/18/2022 20:00,2.666
4/18/2022 21:00,2.593
4/18/2022 22:00,2.491
4/18/2022 23:00,2.473
4/19/2022 0:00,2.474
4/19/2022 1:00,2.469
4/19/2022 2:00,2.484
4/19/2022 3:00,2.486
4/19/2022 4:00,2.614
4/19/2022 5:00,2.89
4/19/2022 6:00,2.83
4/19/2022 7:00,2.803
4/19/2022 8:00,2.824
4/19/2022 9:00,2.721
4/19/2022 10:00,2.581
4/19/2022 11:00,2.484
4/19/2022 12:00,2.367
4/19/2022 13:00,2.18
4/19/2022 14:00,2.092
4/19/2022 15:00,2.266
4/19/2022 16:00,2.094
4/19/2022 17:00,1.987
4/19/2022 18:00,2.008
4/19/2022 19:00,1.929
4/19/2022 20:00,1.818
4/19/2022 21:00,1.727
4/19/2022 22:00,1.665
4/19/2022 23:00,1.621
4/20/2022 0:00,1.598
4/20/2022 1:00,1.561
4/20/2022 2:00,1.501
4/20/2022 3:00,1.425
4/20/2022 4:00,1.385
4/20/2022 5:00,1.895
4/20/2022 6:00,2.307
4/20/2022 7:00,2.82
4/20/2022 8:00,3.397
4/20/2022 9:00,3.872
4/20/2022 10:00,4.169
4/20/2022 11:00,4.316
4/20/2022 12:00,4.387
4/20/2022 13:00,4.391
4/20/2022 14:00,4.208
4/20/2022 15:00,3.703
4/20/2022 16:00,2.643
4/20/2022 17:00,2.075
4/20/2022 18:00,1.973
4/20/2022 19:00,1.941
4/20/2022 20:00,1.979
4/20/2022 21:00,1.973
4/20/2022 22:00,1.897
4/20/2022 23:00,1.771
4/21/2022 0:00,1.68
4/21/2022 1:00,1.62
4/21/2022 2:00,1.544
4/21/2022 3:00,1.431
4/21/2022 4:00,1.265
4/21/2022 5:00,1.447
4/21/2022 6:00,1.381
4/21/2022 7:00,1.749
4/21/2022 8:00,2.016
4/21/2022 9:00,2.264
4/21/2022 10:00,2.401
4/21/2022 11:00,2.467
4/21/2022 12:00,2.528
4/21/2022 13:00,2.583
4/21/2022 14:00,2.61
4/21/2022 15:00,2.51
4/21/2022 16:00,2.17
4/21/2022 17:00,1.97
4/21/2022 18:00,1.974
4/21/2022 19:00,1.907
4/21/2022 20:00,1.837
4/21/2022 21:00,1.807
4/21/2022 22:00,1.835
4/21/2022 23:00,1.925
4/22/2022 0:00,2.067
4/22/2022 1:00,2.243
4/22/2022 2:00,2.318
4/22/2022 3:00,2.37
4/22/2022 4:00,2.553
4/22/2022 5:00,3.466
4/22/2022 6:00,3.926
4/22/2022 7:00,4.188
4/22/2022 8:00,4.385
4/22/2022 9:00,4.574
4/22/2022 10:00,4.676
4/22/2022 11:00,4.705
4/22/2022 12:00,4.625
4/22/2022 13:00,4.408
4/22/2022 14:00,4.128
4/22/2022 15:00,3.667
4/22/2022 16:00,2.786
4/22/2022 17:00,2.334
4/22/2022 18:00,2.43
4/22/2022 19:00,2.388
4/22/2022 20:00,2.316
4/22/2022 21:00,2.221
4/22/2022 22:00,2.099
4/22/2022 23:00,1.907
4/23/2022 0:00,1.725
4/23/2022 1:00,1.599
4/23/2022 2:00,1.443
4/23/2022 3:00,1.292
4/23/2022 4:00,1.273
4/23/2022 5:00,1.732
4/23/2022 6:00,1.785
4/23/2022 7:00,1.622
4/23/2022 8:00,1.536
4/23/2022 9:00,1.593
4/23/2022 10:00,1.703
4/23/2022 11:00,1.839
4/23/2022 12:00,1.981
4/23/2022 13:00,2.058
4/23/2022 14:00,2.033
4/23/2022 15:00,1.879
4/23/2022 16:00,1.41
4/23/2022 17:00,1.367
4/23/2022 18:00,1.378
4/23/2022 19:00,1.261
4/23/2022 20:00,1.183
4/23/2022 21:00,1.209
4/23/2022 22:00,1.333
4/23/2022 23:00,1.467
4/24/2022 0:00,1.57
4/24/2022 1:00,1.642
4/24/2022 2:00,1.701
4/24/2022 3:00,1.717
4/24/2022 4:00,1.691
4/24/2022 5:00,2.214
4/24/2022 6:00,1.89
4/24/2022 7:00,1.843
4/24/2022 8:00,1.867
4/24/2022 9:00,1.897
4/24/2022 10:00,1.872
4/24/2022 11:00,1.828
4/24/2022 12:00,1.832
4/24/2022 13:00,1.916
4/24/2022 14:00,2.003
4/24/2022 15:00,2.023
4/24/2022 16:00,1.686
4/24/2022 17:00,1.559
4/24/2022 18:00,1.578
4/24/2022 19:00,1.529
4/24/2022 20:00,1.507
4/24/2022 21:00,1.456
4/24/2022 22:00,1.408
4/24/2022 23:00,1.393
4/25/2022 0:00,1.436
4/25/2022 1:00,1.496
4/25/2022 2:00,1.531
4/25/2022 3:00,1.516
4/25/2022 4:00,1.411
4/25/2022 5:00,1.779
4/25/2022 6:00,1.682
4/25/2022 7:00,1.5
4/25/2022 8:00,1.455
4/25/2022 9:00,1.793
4/25/2022 10:00,2.129
4/25/2022 11:00,2.389
4/25/2022 12:00,2.584
4/25/2022 13:00,2.673
4/25/2022 14:00,2.634
4/25/2022 15:00,2.34
4/25/2022 16:00,1.599
4/25/2022 17:00,1.44
4/25/2022 18:00,1.43
4/25/2022 19:00,1.41
4/25/2022 20:00,1.415
4/25/2022 21:00,1.49
4/25/2022 22:00,1.588
4/25/2022 23:00,1.66
4/26/2022 0:00,1.727
4/26/2022 1:00,1.785
4/26/2022 2:00,1.828
4/26/2022 3:00,1.911
4/26/2022 4:00,2.051
4/26/2022 5:00,2.6
4/26/2022 6:00,2.351
4/26/2022 7:00,2.111
4/26/2022 8:00,1.82
4/26/2022 9:00,1.522
4/26/2022 10:00,1.319
4/26/2022 11:00,1.335
4/26/2022 12:00,1.378
4/26/2022 13:00,1.363
4/26/2022 14:00,1.312
4/26/2022 15:00,1.262
4/26/2022 16:00,1.071
4/26/2022 17:00,1.17
4/26/2022 18:00,1.212
4/26/2022 19:00,1.247
4/26/2022 20:00,1.242
4/26/2022 21:00,1.187
4/26/2022 22:00,1.211
4/26/2022 23:00,1.29
4/27/2022 0:00,1.398
4/27/2022 1:00,1.505
4/27/2022 2:00,1.577
4/27/2022 3:00,1.632
4/27/2022 4:00,1.671
4/27/2022 5:00,2.172
4/27/2022 6:00,1.988
4/27/2022 7:00,1.924
4/27/2022 8:00,1.91
4/27/2022 9:00,1.937
4/27/2022 10:00,2.008
4/27/2022 11:00,2.099
4/27/2022 12:00,2.167
4/27/2022 13:00,2.193
4/27/2022 14:00,2.201
4/27/2022 15:00,2.13
4/27/2022 16:00,1.614
4/27/2022 17:00,1.453
4/27/2022 18:00,1.379
4/27/2022 19:00,1.292
4/27/2022 20:00,1.296
4/27/2022 21:00,1.371
4/27/2022 22:00,1.42
4/27/2022 23:00,1.501
4/28/2022 0:00,1.611
4/28/2022 1:00,1.711
4/28/2022 2:00,1.795
4/28/2022 3:00,1.898
4/28/2022 4:00,2.03
4/28/2022 5:00,2.529
4/28/2022 6:00,2.555
4/28/2022 7:00,2.393
4/28/2022 8:00,2.415
4/28/2022 9:00,2.483
4/28/2022 10:00,2.57
4/28/2022 11:00,2.702
4/28/2022 12:00,2.838
4/28/2022 13:00,2.927
4/28/2022 14:00,2.961
4/28/2022 15:00,2.849
4/28/2022 16:00,2.252
4/28/2022 17:00,1.848
4/28/2022 18:00,1.977
4/28/2022 19:00,2.043
4/28/2022 20:00,2.185
4/28/2022 21:00,2.49
4/28/2022 22:00,2.771
4/28/2022 23:00,2.819
4/29/2022 0:00,2.948
4/29/2022 1:00,3.187
4/29/2022 2:00,3.433
4/29/2022 3:00,3.646
4/29/2022 4:00,4.094
4/29/2022 5:00,4.9
4/29/2022 6:00,5.275
4/29/2022 7:00,5.397
4/29/2022 8:00,5.347
4/29/2022 9:00,5.202
4/29/2022 10:00,5.057
4/29/2022 11:00,5.001
4/29/2022 12:00,4.888
4/29/2022 13:00,4.673
4/29/2022 14:00,4.416
4/29/2022 15:00,4.016
4/29/2022 16:00,3.312
4/29/2022 17:00,2.866
4/29/2022 18:00,2.836
4/29/2022 19:00,2.898
4/29/2022 20:00,2.954
4/29/2022 21:00,3.121
4/29/2022 22:00,3.273
4/29/2022 23:00,3.434
4/30/2022 0:00,3.582
4/30/2022 1:00,3.677
4/30/2022 2:00,3.67
4/30/2022 3:00,3.64
4/30/2022 4:00,3.829
4/30/2022 5:00,4.487
4/30/2022 6:00,4.852
4/30/2022 7:00,4.99
4/30/2022 8:00,4.932
4/30/2022 9:00,4.714
4/30/2022 10:00,4.477
4/30/2022 11:00,4.279
4/30/2022 12:00,4.107
4/30/2022 13:00,3.9
4/30/2022 14:00,3.666
4/30/2022 15:00,3.438
4/30/2022 16:00,2.923
4/30/2022 17:00,2.198
4/30/2022 18:00,2.092
4/30/2022 19:00,2.079
4/30/2022 20:00,2.076
4/30/2022 21:00,2.115
4/30/2022 22:00,2.252
4/30/2022 23:00,2.328
5/1/2022 0:00,2.357
5/1/2022 1:00,2.412
5/1/2022 2:00,2.485
5/1/2022 3:00,2.672
5/1/2022 4:00,3.261
5/1/2022 5:00,3.987
5/1/2022 6:00,4.174
5/1/2022 7:00,4.145
5/1/2022 8:00,4.018
5/1/2022 9:00,3.836
5/1/2022 10:00,3.647
5/1/2022 11:00,3.434
5/1/2022 12:00,3.703
5/1/2022 13:00,3.786
5/1/2022 14:00,3.921
5/1/2022 15:00,3.499
5/1/2022 16:00,2.988
5/1/2022 17:00,2.704
5/1/2022 18:00,2.244
5/1/2022 19:00,2.729
5/1/2022 20:00,2.839
5/1/2022 21:00,2.685
5/1/2022 22:00,2.826
5/1/2022 23:00,3.14
5/2/2022 0:00,2.939
5/2/2022 1:00,3.181
5/2/2022 2:00,3.57
5/2/2022 3:00,4.224
5/2/2022 4:00,4.19
5/2/2022 5:00,3.162
5/2/2022 6:00,4.578
5/2/2022 7:00,5.168
5/2/2022 8:00,5.162
5/2/2022 9:00,4.896
5/2/2022 10:00,4.502
5/2/2022 11:00,4.151
5/2/2022 12:00,3.978
5/2/2022 13:00,3.875
5/2/2022 14:00,3.714
5/2/2022 15:00,3.54
5/2/2022 16:00,3.027
5/2/2022 17:00,2.43
5/2/2022 18:00,2.4
5/2/2022 19:00,2.384
5/2/2022 20:00,2.37
5/2/2022 21:00,2.304
5/2/2022 22:00,2.24
5/2/2022 23:00,2.189
5/3/2022 0:00,2.149
5/3/2022 1:00,2.117
5/3/2022 2:00,2.082
5/3/2022 3:00,2.052
5/3/2022 4:00,2.305
5/3/2022 5:00,2.891
5/3/2022 6:00,3.062
5/3/2022 7:00,3.056
5/3/2022 8:00,2.93
5/3/2022 9:00,2.74
5/3/2022 10:00,2.651
5/3/2022 11:00,2.643
5/3/2022 12:00,2.697
5/3/2022 13:00,2.765
5/3/2022 14:00,2.784
5/3/2022 15:00,2.746
5/3/2022 16:00,2.578
5/3/2022 17:00,2.194
5/3/2022 18:00,2.111
5/3/2022 19:00,2.017
5/3/2022 20:00,1.998
5/3/2022 21:00,1.904
5/3/2022 22:00,1.737
5/3/2022 23:00,1.716
5/4/2022 0:00,1.768
5/4/2022 1:00,1.739
5/4/2022 2:00,1.742
5/4/2022 3:00,1.763
5/4/2022 4:00,2.14
5/4/2022 5:00,2.509
5/4/2022 6:00,2.625
5/4/2022 7:00,2.64
5/4/2022 8:00,2.623
5/4/2022 9:00,2.569
5/4/2022 10:00,2.546
5/4/2022 11:00,2.525
5/4/2022 12:00,2.531
5/4/2022 13:00,2.502
5/4/2022 14:00,2.374
5/4/2022 15:00,2.134
5/4/2022 16:00,1.681
5/4/2022 17:00,1.558
5/4/2022 18:00,1.698
5/4/2022 19:00,1.679
5/4/2022 20:00,1.584
5/4/2022 21:00,1.518
5/4/2022 22:00,1.509
5/4/2022 23:00,1.534
5/5/2022 0:00,1.558
5/5/2022 1:00,1.554
5/5/2022 2:00,1.547
5/5/2022 3:00,1.45
5/5/2022 4:00,1.373
5/5/2022 5:00,1.512
5/5/2022 6:00,1.371
5/5/2022 7:00,1.372
5/5/2022 8:00,1.448
5/5/2022 9:00,1.514
5/5/2022 10:00,1.564
5/5/2022 11:00,1.676
5/5/2022 12:00,1.742
5/5/2022 13:00,1.769
5/5/2022 14:00,1.838
5/5/2022 15:00,1.929
5/5/2022 16:00,1.789
5/5/2022 17:00,1.625
5/5/2022 18:00,1.7
5/5/2022 19:00,1.559
5/5/2022 20:00,1.465
5/5/2022 21:00,1.413
5/5/2022 22:00,1.308
5/5/2022 23:00,1.156
5/6/2022 0:00,1.3
5/6/2022 1:00,1.457
5/6/2022 2:00,1.615
5/6/2022 3:00,1.739
5/6/2022 4:00,1.985
5/6/2022 5:00,2.841
5/6/2022 6:00,3.146
5/6/2022 7:00,2.939
5/6/2022 8:00,2.764
5/6/2022 9:00,3.205
5/6/2022 10:00,3.56
5/6/2022 11:00,3.852
5/6/2022 12:00,3.978
5/6/2022 13:00,3.751
5/6/2022 14:00,3.378
5/6/2022 15:00,3.303
5/6/2022 16:00,3.238
5/6/2022 17:00,2.413
5/6/2022 18:00,2.122
5/6/2022 19:00,2.163
5/6/2022 20:00,2.306
5/6/2022 21:00,2.486
5/6/2022 22:00,2.642
5/6/2022 23:00,2.773
5/7/2022 0:00,2.873
5/7/2022 1:00,2.964
5/7/2022 2:00,3.043
5/7/2022 3:00,3.018
5/7/2022 4:00,3.489
5/7/2022 5:00,4.394
5/7/2022 6:00,4.704
5/7/2022 7:00,4.731
5/7/2022 8:00,4.62
5/7/2022 9:00,4.477
5/7/2022 10:00,4.329
5/7/2022 11:00,4.224
5/7/2022 12:00,4.163
5/7/2022 13:00,4.094
5/7/2022 14:00,3.995
5/7/2022 15:00,3.874
5/7/2022 16:00,3.392
5/7/2022 17:00,2.479
5/7/2022 18:00,2.293
5/7/2022 19:00,2.405
5/7/2022 20:00,2.476
5/7/2022 21:00,2.621
5/7/2022 22:00,2.79
5/7/2022 23:00,2.882
5/8/2022 0:00,2.811
5/8/2022 1:00,2.748
5/8/2022 2:00,2.862
5/8/2022 3:00,2.956
5/8/2022 4:00,3.414
5/8/2022 5:00,4.024
5/8/2022 6:00,4.181
5/8/2022 7:00,4.063
5/8/2022 8:00,3.787
5/8/2022 9:00,3.551
5/8/2022 10:00,3.407
5/8/2022 11:00,3.331
5/8/2022 12:00,3.282
5/8/2022 13:00,3.252
5/8/2022 14:00,3.24
5/8/2022 15:00,3.233
5/8/2022 16:00,2.926
5/8/2022 17:00,2.747
5/8/2022 18:00,2.73
5/8/2022 19:00,2.658
5/8/2022 20:00,2.555
5/8/2022 21:00,2.47
5/8/2022 22:00,2.53
5/8/2022 23:00,2.613
5/9/2022 0:00,2.641
5/9/2022 1:00,2.578
5/9/2022 2:00,2.5
5/9/2022 3:00,2.466
5/9/2022 4:00,2.865
5/9/2022 5:00,3.579
5/9/2022 6:00,3.882
5/9/2022 7:00,3.972
5/9/2022 8:00,3.978
5/9/2022 9:00,3.955
5/9/2022 10:00,3.911
5/9/2022 11:00,3.908
5/9/2022 12:00,3.902
5/9/2022 13:00,3.865
5/9/2022 14:00,3.789
5/9/2022 15:00,3.614
5/9/2022 16:00,3.019
5/9/2022 17:00,2.257
5/9/2022 18:00,2.113
5/9/2022 19:00,2.045
5/9/2022 20:00,1.99
5/9/2022 21:00,1.994
5/9/2022 22:00,2.073
5/9/2022 23:00,2.164
5/10/2022 0:00,2.234
5/10/2022 1:00,2.289
5/10/2022 2:00,2.347
5/10/2022 3:00,2.373
5/10/2022 4:00,2.766
5/10/2022 5:00,3.496
5/10/2022 6:00,3.819
5/10/2022 7:00,3.906
5/10/2022 8:00,3.849
5/10/2022 9:00,3.769
5/10/2022 10:00,3.682
5/10/2022 11:00,3.643
5/10/2022 12:00,3.602
5/10/2022 13:00,3.547
5/10/2022 14:00,3.467
5/10/2022 15:00,3.332
5/10/2022 16:00,2.758
5/10/2022 17:00,2.082
5/10/2022 18:00,1.95
5/10/2022 19:00,1.825
5/10/2022 20:00,1.758
5/10/2022 21:00,1.758
5/10/2022 22:00,1.804
5/10/2022 23:00,1.868
5/11/2022 0:00,1.925
5/11/2022 1:00,1.957
5/11/2022 2:00,1.975
5/11/2022 3:00,1.959
5/11/2022 4:00,2.137
5/11/2022 5:00,2.936
5/11/2022 6:00,3.349
5/11/2022 7:00,3.42
5/11/2022 8:00,3.353
5/11/2022 9:00,3.24
5/11/2022 10:00,3.137
5/11/2022 11:00,3.106
5/11/2022 12:00,3.063
5/11/2022 13:00,2.941
5/11/2022 14:00,2.772
5/11/2022 15:00,2.573
5/11/2022 16:00,1.937
5/11/2022 17:00,1.431
5/11/2022 18:00,1.379
5/11/2022 19:00,1.302
5/11/2022 20:00,1.283
5/11/2022 21:00,1.227
5/11/2022 22:00,1.183
5/11/2022 23:00,1.181
5/12/2022 0:00,1.206
5/12/2022 1:00,1.243
5/12/2022 2:00,1.279
5/12/2022 3:00,1.272
5/12/2022 4:00,1.254
5/12/2022 5:00,1.523
5/12/2022 6:00,1.233
5/12/2022 7:00,1.409
5/12/2022 8:00,1.654
5/12/2022 9:00,1.889
5/12/2022 10:00,2.002
5/12/2022 11:00,2.029
5/12/2022 12:00,2.046
5/12/2022 13:00,2.041
5/12/2022 14:00,1.998
5/12/2022 15:00,1.971
5/12/2022 16:00,1.662
5/12/2022 17:00,1.307
5/12/2022 18:00,1.275
5/12/2022 19:00,1.206
5/12/2022 20:00,1.19
5/12/2022 21:00,1.179
5/12/2022 22:00,1.126
5/12/2022 23:00,1.053
5/13/2022 0:00,0.999
5/13/2022 1:00,0.955
5/13/2022 2:00,0.924
5/13/2022 3:00,0.95
5/13/2022 4:00,0.951
5/13/2022 5:00,1.121
5/13/2022 6:00,0.882
5/13/2022 7:00,1.039
5/13/2022 8:00,1.236
5/13/2022 9:00,1.477
5/13/2022 10:00,1.733
5/13/2022 11:00,1.956
5/13/2022 12:00,2.126
5/13/2022 13:00,2.234
5/13/2022 14:00,2.285
5/13/2022 15:00,2.249
5/13/2022 16:00,1.993
5/13/2022 17:00,1.608
5/13/2022 18:00,1.531
5/13/2022 19:00,1.385
5/13/2022 20:00,1.3
5/13/2022 21:00,1.278
5/13/2022 22:00,1.274
5/13/2022 23:00,1.287
5/14/2022 0:00,1.283
5/14/2022 1:00,1.253
5/14/2022 2:00,1.217
5/14/2022 3:00,1.166
5/14/2022 4:00,1.246
5/14/2022 5:00,1.534
5/14/2022 6:00,1.462
5/14/2022 7:00,1.363
5/14/2022 8:00,1.408
5/14/2022 9:00,1.472
5/14/2022 10:00,1.515
5/14/2022 11:00,1.646
5/14/2022 12:00,1.752
5/14/2022 13:00,1.809
5/14/2022 14:00,1.812
5/14/2022 15:00,1.794
5/14/2022 16:00,1.726
5/14/2022 17:00,1.623
5/14/2022 18:00,1.466
5/14/2022 19:00,1.273
5/14/2022 20:00,1.166
5/14/2022 21:00,1.092
5/14/2022 22:00,1.103
5/14/2022 23:00,1.252
5/15/2022 0:00,1.424
5/15/2022 1:00,1.567
5/15/2022 2:00,1.667
5/15/2022 3:00,1.66
5/15/2022 4:00,1.867
5/15/2022 5:00,2.045
5/15/2022 6:00,2.012
5/15/2022 7:00,1.796
5/15/2022 8:00,1.643
5/15/2022 9:00,1.504
5/15/2022 10:00,1.392
5/15/2022 11:00,1.342
5/15/2022 12:00,1.338
5/15/2022 13:00,1.428
5/15/2022 14:00,1.473
5/15/2022 15:00,1.452
5/15/2022 16:00,1.355
5/15/2022 17:00,1.21
5/15/2022 18:00,1.265
5/15/2022 19:00,1.25
5/15/2022 20:00,1.175
5/15/2022 21:00,1.097
5/15/2022 22:00,1.057
5/15/2022 23:00,1.028
5/16/2022 0:00,1.038
5/16/2022 1:00,1.087
5/16/2022 2:00,1.148
5/16/2022 3:00,1.181
5/16/2022 4:00,1.304
5/16/2022 5:00,1.296
5/16/2022 6:00,0.909
5/16/2022 7:00,0.854
5/16/2022 8:00,0.8
5/16/2022 9:00,0.966
5/16/2022 10:00,1.171
5/16/2022 11:00,1.358
5/16/2022 12:00,1.505
5/16/2022 13:00,1.603
5/16/2022 14:00,1.65
5/16/2022 15:00,1.667
5/16/2022 16:00,1.572
5/16/2022 17:00,1.327
5/16/2022 18:00,1.346
5/16/2022 19:00,1.192
5/16/2022 20:00,1.101
5/16/2022 21:00,1.071
5/16/2022 22:00,1.054
5/16/2022 23:00,1.033
5/17/2022 0:00,1.024
5/17/2022 1:00,1.011
5/17/2022 2:00,1.012
5/17/2022 3:00,1.068
5/17/2022 4:00,1.208
5/17/2022 5:00,1.24
5/17/2022 6:00,1.103
5/17/2022 7:00,1.203
5/17/2022 8:00,1.31
5/17/2022 9:00,1.461
5/17/2022 10:00,1.654
5/17/2022 11:00,1.841
5/17/2022 12:00,2.016
5/17/2022 13:00,2.137
5/17/2022 14:00,2.222
5/17/2022 15:00,2.225
5/17/2022 16:00,2.025
5/17/2022 17:00,1.514
5/17/2022 18:00,1.432
5/17/2022 19:00,1.359
5/17/2022 20:00,1.256
5/17/2022 21:00,1.205
5/17/2022 22:00,1.19
5/17/2022 23:00,1.182
5/18/2022 0:00,1.179
5/18/2022 1:00,1.21
5/18/2022 2:00,1.268
5/18/2022 3:00,1.3
5/18/2022 4:00,1.667
5/18/2022 5:00,1.984
5/18/2022 6:00,2.227
5/18/2022 7:00,2.249
5/18/2022 8:00,2.179
5/18/2022 9:00,2.147
5/18/2022 10:00,2.212
5/18/2022 11:00,2.316
5/18/2022 12:00,2.391
5/18/2022 13:00,2.433
5/18/2022 14:00,2.481
5/18/2022 15:00,2.595
5/18/2022 16:00,2.632
5/18/2022 17:00,2.649
5/18/2022 18:00,3.503
5/18/2022 19:00,4.84
5/18/2022 20:00,5.457
5/18/2022 21:00,5.571
5/18/2022 22:00,5.791
5/18/2022 23:00,6.088
5/19/2022 0:00,6.263
5/19/2022 1:00,6.264
5/19/2022 2:00,6.152
5/19/2022 3:00,5.948
5/19/2022 4:00,5.979
5/19/2022 5:00,6.161
5/19/2022 6:00,6.452
5/19/2022 7:00,6.655
5/19/2022 8:00,6.656
5/19/2022 9:00,6.566
5/19/2022 10:00,6.452
5/19/2022 11:00,6.322
5/19/2022 12:00,6.182
5/19/2022 13:00,6.003
5/19/2022 14:00,5.809
5/19/2022 15:00,5.564
5/19/2022 16:00,4.997
5/19/2022 17:00,4.094
5/19/2022 18:00,3.705
5/19/2022 19:00,3.511
5/19/2022 20:00,3.387
5/19/2022 21:00,3.229
5/19/2022 22:00,3.097
5/19/2022 23:00,3.063
5/20/2022 0:00,3.088
5/20/2022 1:00,3.128
5/20/2022 2:00,3.187
5/20/2022 3:00,3.239
5/20/2022 4:00,3.835
5/20/2022 5:00,4.677
5/20/2022 6:00,5.254
5/20/2022 7:00,5.599
5/20/2022 8:00,5.721
5/20/2022 9:00,5.729
5/20/2022 10:00,5.679
5/20/2022 11:00,5.636
5/20/2022 12:00,5.574
5/20/2022 13:00,5.436
5/20/2022 14:00,5.201
5/20/2022 15:00,4.83
5/20/2022 16:00,4.093
5/20/2022 17:00,3.056
5/20/2022 18:00,2.617
5/20/2022 19:00,2.484
5/20/2022 20:00,2.465
5/20/2022 21:00,2.412
5/20/2022 22:00,2.348
5/20/2022 23:00,2.279
5/21/2022 0:00,2.226
5/21/2022 1:00,2.208
5/21/2022 2:00,2.217
5/21/2022 3:00,2.241
5/21/2022 4:00,2.573
5/21/2022 5:00,3.029
5/21/2022 6:00,3.034
5/21/2022 7:00,2.893
5/21/2022 8:00,2.78
5/21/2022 9:00,2.694
5/21/2022 10:00,2.639
5/21/2022 11:00,2.612
5/21/2022 12:00,2.582
5/21/2022 13:00,2.548
5/21/2022 14:00,2.486
5/21/2022 15:00,2.375
5/21/2022 16:00,1.922
5/21/2022 17:00,1.486
5/21/2022 18:00,1.405
5/21/2022 19:00,1.331
5/21/2022 20:00,1.412
5/21/2022 21:00,1.525
5/21/2022 22:00,1.543
5/21/2022 23:00,1.561
5/22/2022 0:00,1.572
5/22/2022 1:00,1.604
5/22/2022 2:00,1.709
5/22/2022 3:00,1.757
5/22/2022 4:00,1.972
5/22/2022 5:00,2.397
5/22/2022 6:00,2.412
5/22/2022 7:00,2.563
5/22/2022 8:00,2.596
5/22/2022 9:00,2.572
5/22/2022 10:00,2.556
5/22/2022 11:00,2.645
5/22/2022 12:00,2.78
5/22/2022 13:00,2.801
5/22/2022 14:00,2.625
5/22/2022 15:00,2.375
5/22/2022 16:00,2.072
5/22/2022 17:00,1.813
5/22/2022 18:00,1.677
5/22/2022 19:00,1.312
5/22/2022 20:00,1.173
5/22/2022 21:00,1.22
5/22/2022 22:00,1.295
5/22/2022 23:00,1.377
5/23/2022 0:00,1.456
5/23/2022 1:00,1.514
5/23/2022 2:00,1.584
5/23/2022 3:00,1.62
5/23/2022 4:00,2.073
5/23/2022 5:00,2.067
5/23/2022 6:00,2.185
5/23/2022 7:00,2.227
5/23/2022 8:00,2.202
5/23/2022 9:00,2.113
5/23/2022 10:00,1.966
5/23/2022 11:00,1.771
5/23/2022 12:00,2.098
5/23/2022 13:00,2.379
5/23/2022 14:00,2.589
5/23/2022 15:00,2.646
5/23/2022 16:00,2.414
5/23/2022 17:00,2.027
5/23/2022 18:00,1.894
5/23/2022 19:00,1.712
5/23/2022 20:00,1.462
5/23/2022 21:00,1.18
5/23/2022 22:00,1.16
5/23/2022 23:00,1.223
5/24/2022 0:00,1.283
5/24/2022 1:00,1.335
5/24/2022 2:00,1.35
5/24/2022 3:00,1.321
5/24/2022 4:00,1.623
5/24/2022 5:00,1.6
5/24/2022 6:00,1.399
5/24/2022 7:00,1.269
5/24/2022 8:00,1.197
5/24/2022 9:00,1.206
5/24/2022 10:00,1.466
5/24/2022 11:00,1.847
5/24/2022 12:00,2.197
5/24/2022 13:00,2.481
5/24/2022 14:00,2.688
5/24/2022 15:00,2.766
5/24/2022 16:00,2.601
5/24/2022 17:00,2.009
5/24/2022 18:00,1.757
5/24/2022 19:00,1.458
5/24/2022 20:00,1.136
5/24/2022 21:00,0.978
5/24/2022 22:00,0.871
5/24/2022 23:00,0.862
5/25/2022 0:00,0.933
5/25/2022 1:00,0.979
5/25/2022 2:00,1.011
5/25/2022 3:00,1.007
5/25/2022 4:00,1.095
5/25/2022 5:00,1.112
5/25/2022 6:00,1.177
5/25/2022 7:00,1.402
5/25/2022 8:00,1.673
5/25/2022 9:00,1.956
5/25/2022 10:00,2.196
5/25/2022 11:00,2.394
5/25/2022 12:00,2.524
5/25/2022 13:00,2.581
5/25/2022 14:00,2.576
5/25/2022 15:00,2.529
5/25/2022 16:00,2.246
5/25/2022 17:00,1.619
5/25/2022 18:00,1.432
5/25/2022 19:00,1.268
5/25/2022 20:00,1.18
5/25/2022 21:00,1.157
5/25/2022 22:00,1.149
5/25/2022 23:00,1.167
5/26/2022 0:00,1.17
5/26/2022 1:00,1.207
5/26/2022 2:00,1.234
5/26/2022 3:00,1.201
5/26/2022 4:00,1.26
5/26/2022 5:00,1.373
5/26/2022 6:00,1.233
5/26/2022 7:00,1.218
5/26/2022 8:00,1.21
5/26/2022 9:00,1.221
5/26/2022 10:00,1.394
5/26/2022 11:00,1.608
5/26/2022 12:00,1.805
5/26/2022 13:00,1.931
5/26/2022 14:00,2.044
5/26/2022 15:00,2.1
5/26/2022 16:00,1.921
5/26/2022 17:00,1.492
5/26/2022 18:00,1.339
5/26/2022 19:00,1.192
5/26/2022 20:00,1.107
5/26/2022 21:00,1.048
5/26/2022 22:00,1.013
5/26/2022 23:00,0.994
5/27/2022 0:00,1.058
5/27/2022 1:00,1.203
5/27/2022 2:00,1.367
5/27/2022 3:00,1.544
5/27/2022 4:00,2.09
5/27/2022 5:00,2.179
5/27/2022 6:00,2.129
5/27/2022 7:00,2.177
5/27/2022 8:00,2.224
5/27/2022 9:00,2.27
5/27/2022 10:00,2.328
5/27/2022 11:00,2.408
5/27/2022 12:00,2.487
5/27/2022 13:00,2.519
5/27/2022 14:00,2.491
5/27/2022 15:00,2.394
5/27/2022 16:00,2.098
5/27/2022 17:00,1.367
5/27/2022 18:00,1.213
5/27/2022 19:00,1.081
5/27/2022 20:00,0.935
5/27/2022 21:00,0.828
5/27/2022 22:00,0.767
5/27/2022 23:00,0.719
5/28/2022 0:00,0.701
5/28/2022 1:00,0.694
5/28/2022 2:00,0.764
5/28/2022 3:00,0.817
5/28/2022 4:00,0.949
5/28/2022 5:00,1.021
5/28/2022 6:00,1.201
5/28/2022 7:00,1.478
5/28/2022 8:00,1.828
5/28/2022 9:00,2.148
5/28/2022 10:00,2.318
5/28/2022 11:00,2.368
5/28/2022 12:00,2.515
5/28/2022 13:00,2.774
5/28/2022 14:00,2.953
5/28/2022 15:00,2.966
5/28/2022 16:00,2.584
5/28/2022 17:00,1.879
5/28/2022 18:00,1.983
5/28/2022 19:00,1.867
5/28/2022 20:00,1.639
5/28/2022 21:00,1.793
5/28/2022 22:00,1.786
5/28/2022 23:00,1.814
5/29/2022 0:00,1.883
5/29/2022 1:00,1.85
5/29/2022 2:00,1.743
5/29/2022 3:00,1.731
5/29/2022 4:00,2.305
5/29/2022 5:00,2.797
5/29/2022 6:00,3.137
5/29/2022 7:00,3.496
5/29/2022 8:00,3.8
5/29/2022 9:00,4.025
5/29/2022 10:00,4.219
5/29/2022 11:00,4.343
5/29/2022 12:00,4.374
5/29/2022 13:00,4.279
5/29/2022 14:00,4.092
5/29/2022 15:00,3.762
5/29/2022 16:00,3.089
5/29/2022 17:00,1.849
5/29/2022 18:00,1.414
5/29/2022 19:00,1.324
5/29/2022 20:00,1.329
5/29/2022 21:00,1.399
5/29/2022 22:00,1.454
5/29/2022 23:00,1.465
5/30/2022 0:00,1.473
5/30/2022 1:00,1.505
5/30/2022 2:00,1.531
5/30/2022 3:00,1.555
5/30/2022 4:00,2.243
5/30/2022 5:00,2.494
5/30/2022 6:00,2.377
5/30/2022 7:00,2.226
5/30/2022 8:00,2.132
5/30/2022 9:00,1.988
5/30/2022 10:00,1.774
5/30/2022 11:00,1.567
5/30/2022 12:00,1.516
5/30/2022 13:00,1.759
5/30/2022 14:00,2.036
5/30/2022 15:00,2.219
5/30/2022 16:00,2.314
5/30/2022 17:00,2.025
5/30/2022 18:00,1.966
5/30/2022 19:00,1.722
5/30/2022 20:00,1.499
5/30/2022 21:00,1.411
5/30/2022 22:00,1.401
5/30/2022 23:00,1.426
5/31/2022 0:00,1.444
5/31/2022 1:00,1.453
5/31/2022 2:00,1.512
5/31/2022 3:00,1.579
5/31/2022 4:00,2.112
5/31/2022 5:00,2.107
5/31/2022 6:00,2.094
5/31/2022 7:00,2.035
5/31/2022 8:00,1.997
5/31/2022 9:00,1.962
5/31/2022 10:00,1.987
5/31/2022 11:00,2.044
5/31/2022 12:00,2.093
5/31/2022 13:00,2.116
5/31/2022 14:00,2.11
5/31/2022 15:00,2.112
5/31/2022 16:00,2.045
5/31/2022 17:00,1.689
5/31/2022 18:00,1.667
5/31/2022 19:00,1.411
5/31/2022 20:00,1.19
5/31/2022 21:00,1.139
5/31/2022 22:00,1.173
5/31/2022 23:00,1.19
6/1/2022 0:00,1.33
6/1/2022 1:00,1.514
6/1/2022 2:00,1.679
6/1/2022 3:00,1.745
6/1/2022 4:00,2.215
6/1/2022 5:00,2.162
6/1/2022 6:00,2.143
6/1/2022 7:00,2.135
6/1/2022 8:00,2.178
6/1/2022 9:00,2.277
6/1/2022 10:00,2.428
6/1/2022 11:00,2.61
6/1/2022 12:00,2.788
6/1/2022 13:00,2.905
6/1/2022 14:00,2.939
6/1/2022 15:00,2.869
6/1/2022 16:00,2.602
6/1/2022 17:00,1.749
6/1/2022 18:00,1.436
6/1/2022 19:00,1.34
6/1/2022 20:00,1.337
6/1/2022 21:00,1.443
6/1/2022 22:00,1.635
6/1/2022 23:00,1.838
6/2/2022 0:00,2.04
6/2/2022 1:00,2.281
6/2/2022 2:00,2.425
6/2/2022 3:00,2.526
6/2/2022 4:00,3.064
6/2/2022 5:00,3.396
6/2/2022 6:00,3.654
6/2/2022 7:00,3.89
6/2/2022 8:00,4.062
6/2/2022 9:00,4.167
6/2/2022 10:00,4.256
6/2/2022 11:00,4.314
6/2/2022 12:00,4.331
6/2/2022 13:00,4.299
6/2/2022 14:00,4.209
6/2/2022 15:00,3.992
6/2/2022 16:00,3.427
6/2/2022 17:00,2.295
6/2/2022 18:00,1.856
6/2/2022 19:00,1.81
6/2/2022 20:00,1.867
6/2/2022 21:00,1.962
6/2/2022 22:00,2.123
6/2/2022 23:00,2.284
6/3/2022 0:00,2.42
6/3/2022 1:00,2.548
6/3/2022 2:00,2.672
6/3/2022 3:00,2.866
6/3/2022 4:00,3.549
6/3/2022 5:00,4.232
6/3/2022 6:00,4.889
6/3/2022 7:00,5.219
6/3/2022 8:00,5.339
6/3/2022 9:00,5.376
6/3/2022 10:00,5.34
6/3/2022 11:00,5.263
6/3/2022 12:00,5.125
6/3/2022 13:00,4.923
6/3/2022 14:00,4.658
6/3/2022 15:00,4.292
6/3/2022 16:00,3.564
6/3/2022 17:00,2.444
6/3/2022 18:00,2.046
6/3/2022 19:00,1.914
6/3/2022 20:00,1.904
6/3/2022 21:00,2.072
6/3/2022 22:00,2.32
6/3/2022 23:00,2.53
6/4/2022 0:00,2.669
6/4/2022 1:00,2.809
6/4/2022 2:00,2.962
6/4/2022 3:00,3.135
6/4/2022 4:00,3.766
6/4/2022 5:00,4.311
6/4/2022 6:00,4.557
6/4/2022 7:00,4.715
6/4/2022 8:00,4.78
6/4/2022 9:00,4.778
6/4/2022 10:00,4.71
6/4/2022 11:00,4.599
6/4/2022 12:00,4.441
6/4/2022 13:00,4.25
6/4/2022 14:00,4.026
6/4/2022 15:00,3.736
6/4/2022 16:00,3.167
6/4/2022 17:00,2.076
6/4/2022 18:00,1.798
6/4/2022 19:00,1.709
6/4/2022 20:00,1.637
6/4/2022 21:00,1.619
6/4/2022 22:00,1.619
6/4/2022 23:00,1.723
6/5/2022 0:00,1.848
6/5/2022 1:00,1.948
6/5/2022 2:00,2.007
6/5/2022 3:00,2.066
6/5/2022 4:00,2.587
6/5/2022 5:00,2.969
6/5/2022 6:00,3.356
6/5/2022 7:00,3.554
6/5/2022 8:00,3.651
6/5/2022 9:00,3.642
6/5/2022 10:00,3.587
6/5/2022 11:00,3.541
6/5/2022 12:00,3.482
6/5/2022 13:00,3.389
6/5/2022 14:00,3.262
6/5/2022 15:00,3.1
6/5/2022 16:00,2.58
6/5/2022 17:00,1.475
6/5/2022 18:00,1.206
6/5/2022 19:00,1.019
6/5/2022 20:00,0.919
6/5/2022 21:00,0.982
6/5/2022 22:00,1.057
6/5/2022 23:00,1.099
6/6/2022 0:00,1.133
6/6/2022 1:00,1.192
6/6/2022 2:00,1.222
6/6/2022 3:00,1.212
6/6/2022 4:00,1.656
6/6/2022 5:00,1.871
6/6/2022 6:00,2.153
6/6/2022 7:00,2.355
6/6/2022 8:00,2.524
6/6/2022 9:00,2.577
6/6/2022 10:00,2.813
6/6/2022 11:00,3.158
6/6/2022 12:00,3.092
6/6/2022 13:00,2.728
6/6/2022 14:00,2.457
6/6/2022 15:00,2.286
6/6/2022 16:00,1.85
6/6/2022 17:00,1.502
6/6/2022 18:00,1.662
6/6/2022 19:00,1.735
6/6/2022 20:00,1.703
6/6/2022 21:00,1.801
6/6/2022 22:00,1.807
6/6/2022 23:00,1.76
6/7/2022 0:00,1.863
6/7/2022 1:00,2.046
6/7/2022 2:00,2.261
6/7/2022 3:00,2.635
6/7/2022 4:00,3.471
6/7/2022 5:00,3.97
6/7/2022 6:00,4.005
6/7/2022 7:00,3.843
6/7/2022 8:00,3.676
6/7/2022 9:00,3.571
6/7/2022 10:00,3.524
6/7/2022 11:00,3.537
6/7/2022 12:00,3.545
6/7/2022 13:00,3.527
6/7/2022 14:00,3.471
6/7/2022 15:00,3.369
6/7/2022 16:00,3.157
6/7/2022 17:00,2.524
6/7/2022 18:00,2.062
6/7/2022 19:00,1.934
6/7/2022 20:00,1.718
6/7/2022 21:00,1.518
6/7/2022 22:00,1.417
6/7/2022 23:00,1.404
6/8/2022 0:00,1.405
6/8/2022 1:00,1.421
6/8/2022 2:00,1.433
6/8/2022 3:00,1.474
6/8/2022 4:00,1.934
6/8/2022 5:00,1.999
6/8/2022 6:00,1.867
6/8/2022 7:00,1.672
6/8/2022 8:00,1.556
6/8/2022 9:00,1.728
6/8/2022 10:00,2.003
6/8/2022 11:00,2.339
6/8/2022 12:00,2.679
6/8/2022 13:00,2.929
6/8/2022 14:00,3.094
6/8/2022 15:00,3.088
6/8/2022 16:00,2.896
6/8/2022 17:00,2.435
6/8/2022 18:00,2.066
6/8/2022 19:00,1.841
6/8/2022 20:00,1.641
6/8/2022 21:00,1.488
6/8/2022 22:00,1.397
6/8/2022 23:00,1.353
6/9/2022 0:00,1.329
6/9/2022 1:00,1.324
6/9/2022 2:00,1.329
6/9/2022 3:00,1.319
6/9/2022 4:00,1.696
6/9/2022 5:00,1.532
6/9/2022 6:00,1.677
6/9/2022 7:00,2.006
6/9/2022 8:00,2.407
6/9/2022 9:00,2.836
6/9/2022 10:00,3.234
6/9/2022 11:00,3.547
6/9/2022 12:00,3.758
6/9/2022 13:00,3.903
6/9/2022 14:00,4.009
6/9/2022 15:00,3.918
6/9/2022 16:00,3.324
6/9/2022 17:00,2.423
6/9/2022 18:00,1.912
6/9/2022 19:00,1.944
6/9/2022 20:00,1.939
6/9/2022 21:00,1.873
6/9/2022 22:00,1.966
6/9/2022 23:00,2.186
6/10/2022 0:00,2.169
6/10/2022 1:00,2.179
6/10/2022 2:00,2.346
6/10/2022 3:00,2.582
6/10/2022 4:00,3.137
6/10/2022 5:00,3.413
6/10/2022 6:00,3.578
6/10/2022 7:00,3.785
6/10/2022 8:00,4.023
6/10/2022 9:00,4.227
6/10/2022 10:00,4.422
6/10/2022 11:00,4.571
6/10/2022 12:00,4.608
6/10/2022 13:00,4.523
6/10/2022 14:00,4.372
6/10/2022 15:00,4.124
6/10/2022 16:00,3.697
6/10/2022 17:00,3.029
6/10/2022 18:00,2.612
6/10/2022 19:00,2.212
6/10/2022 20:00,1.894
6/10/2022 21:00,1.627
6/10/2022 22:00,1.358
6/10/2022 23:00,1.378
6/11/2022 0:00,1.493
6/11/2022 1:00,1.583
6/11/2022 2:00,1.679
6/11/2022 3:00,1.859
6/11/2022 4:00,2.491
6/11/2022 5:00,2.813
6/11/2022 6:00,2.921
6/11/2022 7:00,2.974
6/11/2022 8:00,3.078
6/11/2022 9:00,3.23
6/11/2022 10:00,3.298
6/11/2022 11:00,3.319
6/11/2022 12:00,3.365
6/11/2022 13:00,3.397
6/11/2022 14:00,3.35
6/11/2022 15:00,3.233
6/11/2022 16:00,3.005
6/11/2022 17:00,2.356
6/11/2022 18:00,2.06
6/11/2022 19:00,2.015
6/11/2022 20:00,1.965
6/11/2022 21:00,2.013
6/11/2022 22:00,2.124
6/11/2022 23:00,2.259
6/12/2022 0:00,2.341
6/12/2022 1:00,2.385
6/12/2022 2:00,2.418
6/12/2022 3:00,2.561
6/12/2022 4:00,3.463
6/12/2022 5:00,4.12
6/12/2022 6:00,4.266
6/12/2022 7:00,4.205
6/12/2022 8:00,4.076
6/12/2022 9:00,3.916
6/12/2022 10:00,3.797
6/12/2022 11:00,3.775
6/12/2022 12:00,3.824
6/12/2022 13:00,3.885
6/12/2022 14:00,3.888
6/12/2022 15:00,3.723
6/12/2022 16:00,3.349
6/12/2022 17:00,2.497
6/12/2022 18:00,1.962
6/12/2022 19:00,1.898
6/12/2022 20:00,1.922
6/12/2022 21:00,2.035
6/12/2022 22:00,2.178
6/12/2022 23:00,2.331
6/13/2022 0:00,2.566
6/13/2022 1:00,2.877
6/13/2022 2:00,3.172
6/13/2022 3:00,3.369
6/13/2022 4:00,3.688
6/13/2022 5:00,3.989
6/13/2022 6:00,4.355
6/13/2022 7:00,4.32
6/13/2022 8:00,4.068
6/13/2022 9:00,3.774
6/13/2022 10:00,3.559
6/13/2022 11:00,3.431
6/13/2022 12:00,3.356
6/13/2022 13:00,3.363
6/13/2022 14:00,3.384
6/13/2022 15:00,3.365
6/13/2022 16:00,3.099
6/13/2022 17:00,2.189
6/13/2022 18:00,1.868
6/13/2022 19:00,1.845
6/13/2022 20:00,1.935
6/13/2022 21:00,2.081
6/13/2022 22:00,2.232
6/13/2022 23:00,2.328
6/14/2022 0:00,2.352
6/14/2022 1:00,2.335
6/14/2022 2:00,2.324
6/14/2022 3:00,2.398
6/14/2022 4:00,3.071
6/14/2022 5:00,3.291
6/14/2022 6:00,3.269
6/14/2022 7:00,3.211
6/14/2022 8:00,3.184
6/14/2022 9:00,3.134
6/14/2022 10:00,3.074
6/14/2022 11:00,3.019
6/14/2022 12:00,2.976
6/14/2022 13:00,2.954
6/14/2022 14:00,2.927
6/14/2022 15:00,2.83
6/14/2022 16:00,2.522
6/14/2022 17:00,1.776
6/14/2022 18:00,1.497
6/14/2022 19:00,1.447
6/14/2022 20:00,1.473
6/14/2022 21:00,1.576
6/14/2022 22:00,1.713
6/14/2022 23:00,1.892
6/15/2022 0:00,2.058
6/15/2022 1:00,2.164
6/15/2022 2:00,2.227
6/15/2022 3:00,2.372
6/15/2022 4:00,3.16
6/15/2022 5:00,3.477
6/15/2022 6:00,3.501
6/15/2022 7:00,3.43
6/15/2022 8:00,3.368
6/15/2022 9:00,3.299
6/15/2022 10:00,3.223
6/15/2022 11:00,3.188
6/15/2022 12:00,3.186
6/15/2022 13:00,3.194
6/15/2022 14:00,3.179
6/15/2022 15:00,3.12
6/15/2022 16:00,2.93
6/15/2022 17:00,2.41
6/15/2022 18:00,2.12
6/15/2022 19:00,2.038
6/15/2022 20:00,1.976
6/15/2022 21:00,1.928
6/15/2022 22:00,1.957
6/15/2022 23:00,2.083
6/16/2022 0:00,2.223
6/16/2022 1:00,2.334
6/16/2022 2:00,2.41
6/16/2022 3:00,2.576
6/16/2022 4:00,3.303
6/16/2022 5:00,3.63
6/16/2022 6:00,3.65
6/16/2022 7:00,3.511
6/16/2022 8:00,3.406
6/16/2022 9:00,3.437
6/16/2022 10:00,3.539
6/16/2022 11:00,3.627
6/16/2022 12:00,3.673
6/16/2022 13:00,3.664
6/16/2022 14:00,3.598
6/16/2022 15:00,3.454
6/16/2022 16:00,3.189
6/16/2022 17:00,2.486
6/16/2022 18:00,2.064
6/16/2022 19:00,1.956
6/16/2022 20:00,1.869
6/16/2022 21:00,1.825
6/16/2022 22:00,1.793
6/16/2022 23:00,1.834
6/17/2022 0:00,1.894
6/17/2022 1:00,1.945
6/17/2022 2:00,1.972
6/17/2022 3:00,1.986
6/17/2022 4:00,2.713
6/17/2022 5:00,3.011
6/17/2022 6:00,2.97
6/17/2022 7:00,2.91
6/17/2022 8:00,3.013
6/17/2022 9:00,3.127
6/17/2022 10:00,3.255
6/17/2022 11:00,3.391
6/17/2022 12:00,3.502
6/17/2022 13:00,3.54
6/17/2022 14:00,3.506
6/17/2022 15:00,3.397
6/17/2022 16:00,3.135
6/17/2022 17:00,2.285
6/17/2022 18:00,1.786
6/17/2022 19:00,1.632
6/17/2022 20:00,1.562
6/17/2022 21:00,1.568
6/17/2022 22:00,1.716
6/17/2022 23:00,1.925
6/18/2022 0:00,2.128
6/18/2022 1:00,2.322
6/18/2022 2:00,2.516
6/18/2022 3:00,2.786
6/18/2022 4:00,3.801
6/18/2022 5:00,4.388
6/18/2022 6:00,4.496
6/18/2022 7:00,4.365
6/18/2022 8:00,4.232
6/18/2022 9:00,4.228
6/18/2022 10:00,4.346
6/18/2022 11:00,4.493
6/18/2022 12:00,4.62
6/18/2022 13:00,4.712
6/18/2022 14:00,4.75
6/18/2022 15:00,4.657
6/18/2022 16:00,4.336
6/18/2022 17:00,3.518
6/18/2022 18:00,3.036
6/18/2022 19:00,3.089
6/18/2022 20:00,3.262
6/18/2022 21:00,3.326
6/18/2022 22:00,3.233
6/18/2022 23:00,3.212
6/19/2022 0:00,3.424
6/19/2022 1:00,3.538
6/19/2022 2:00,3.598
6/19/2022 3:00,3.803
6/19/2022 4:00,4.7
6/19/2022 5:00,5.24
6/19/2022 6:00,5.563
6/19/2022 7:00,5.631
6/19/2022 8:00,5.548
6/19/2022 9:00,5.417
6/19/2022 10:00,5.25
6/19/2022 11:00,5.045
6/19/2022 12:00,4.841
6/19/2022 13:00,4.631
6/19/2022 14:00,4.366
6/19/2022 15:00,4.115
6/19/2022 16:00,3.789
6/19/2022 17:00,3.046
6/19/2022 18:00,2.51
6/19/2022 19:00,2.25
6/19/2022 20:00,2.179
6/19/2022 21:00,2.157
6/19/2022 22:00,2.127
6/19/2022 23:00,2.092
6/20/2022 0:00,2.064
6/20/2022 1:00,2.04
6/20/2022 2:00,2.02
6/20/2022 3:00,1.986
6/20/2022 4:00,2.614
6/20/2022 5:00,2.926
6/20/2022 6:00,3.036
6/20/2022 7:00,3.106
6/20/2022 8:00,3.124
6/20/2022 9:00,3.093
6/20/2022 10:00,3.046
6/20/2022 11:00,2.996
6/20/2022 12:00,2.962
6/20/2022 13:00,2.887
6/20/2022 14:00,2.764
6/20/2022 15:00,2.584
6/20/2022 16:00,2.299
6/20/2022 17:00,1.871
6/20/2022 18:00,1.819
6/20/2022 19:00,1.914
6/20/2022 20:00,1.933
6/20/2022 21:00,1.843
6/20/2022 22:00,1.78
6/20/2022 23:00,1.835
6/21/2022 0:00,1.959
6/21/2022 1:00,2.122
6/21/2022 2:00,2.216
6/21/2022 3:00,2.297
6/21/2022 4:00,3.052
6/21/2022 5:00,3.08
6/21/2022 6:00,3.033
6/21/2022 7:00,2.884
6/21/2022 8:00,2.79
6/21/2022 9:00,2.723
6/21/2022 10:00,2.721
6/21/2022 11:00,2.765
6/21/2022 12:00,2.791
6/21/2022 13:00,2.762
6/21/2022 14:00,2.676
6/21/2022 15:00,2.622
6/21/2022 16:00,2.431
6/21/2022 17:00,2.093
6/21/2022 18:00,2.073
6/21/2022 19:00,1.957
6/21/2022 20:00,1.696
6/21/2022 21:00,1.538
6/21/2022 22:00,1.528
6/21/2022 23:00,1.567
6/22/2022 0:00,1.597
6/22/2022 1:00,1.603
6/22/2022 2:00,1.59
6/22/2022 3:00,1.543
6/22/2022 4:00,2.058
6/22/2022 5:00,1.916
6/22/2022 6:00,1.844
6/22/2022 7:00,1.74
6/22/2022 8:00,1.681
6/22/2022 9:00,1.692
6/22/2022 10:00,1.743
6/22/2022 11:00,1.877
6/22/2022 12:00,2.144
6/22/2022 13:00,2.455
6/22/2022 14:00,2.764
6/22/2022 15:00,2.953
6/22/2022 16:00,2.859
6/22/2022 17:00,2.333
6/22/2022 18:00,1.966
6/22/2022 19:00,1.666
6/22/2022 20:00,1.452
6/22/2022 21:00,1.338
6/22/2022 22:00,1.297
6/22/2022 23:00,1.314
6/23/2022 0:00,1.394
6/23/2022 1:00,1.547
6/23/2022 2:00,1.732
6/23/2022 3:00,1.832
6/23/2022 4:00,2.018
6/23/2022 5:00,1.841
6/23/2022 6:00,1.897
6/23/2022 7:00,1.756
6/23/2022 8:00,1.542
6/23/2022 9:00,1.975
6/23/2022 10:00,2.584
6/23/2022 11:00,3.046
6/23/2022 12:00,3.325
6/23/2022 13:00,3.437
6/23/2022 14:00,3.513
6/23/2022 15:00,3.488
6/23/2022 16:00,2.902
6/23/2022 17:00,2.173
6/23/2022 18:00,1.96
6/23/2022 19:00,2.213
6/23/2022 20:00,2.594
6/23/2022 21:00,2.851
6/23/2022 22:00,2.957
6/23/2022 23:00,3.049
6/24/2022 0:00,3.04
6/24/2022 1:00,2.829
6/24/2022 2:00,2.763
6/24/2022 3:00,2.856
6/24/2022 4:00,3.295
6/24/2022 5:00,3.305
6/24/2022 6:00,3.142
6/24/2022 7:00,2.971
6/24/2022 8:00,2.948
6/24/2022 9:00,3.011
6/24/2022 10:00,3.172
6/24/2022 11:00,3.438
6/24/2022 12:00,3.824
6/24/2022 13:00,4.173
6/24/2022 14:00,4.246
6/24/2022 15:00,4.068
6/24/2022 16:00,3.678
6/24/2022 17:00,2.968
6/24/2022 18:00,2.407
6/24/2022 19:00,2.026
6/24/2022 20:00,1.62
6/24/2022 21:00,1.385
6/24/2022 22:00,1.364
6/24/2022 23:00,1.332
6/25/2022 0:00,1.293
6/25/2022 1:00,1.267
6/25/2022 2:00,1.194
6/25/2022 3:00,1.1
6/25/2022 4:00,1.387
6/25/2022 5:00,1.571
6/25/2022 6:00,1.687
6/25/2022 7:00,1.818
6/25/2022 8:00,1.937
6/25/2022 9:00,2.014
6/25/2022 10:00,2.068
6/25/2022 11:00,2.149
6/25/2022 12:00,2.286
6/25/2022 13:00,2.464
6/25/2022 14:00,2.683
6/25/2022 15:00,2.908
6/25/2022 16:00,3.012
6/25/2022 17:00,2.777
6/25/2022 18:00,2.309
6/25/2022 19:00,1.932
6/25/2022 20:00,1.636
6/25/2022 21:00,1.391
6/25/2022 22:00,1.149
6/25/2022 23:00,1.084
6/26/2022 0:00,1.074
6/26/2022 1:00,1.173
6/26/2022 2:00,1.288
6/26/2022 3:00,1.416
6/26/2022 4:00,2.07
6/26/2022 5:00,2.573
6/26/2022 6:00,3.026
6/26/2022 7:00,3.209
6/26/2022 8:00,3.369
6/26/2022 9:00,3.539
6/26/2022 10:00,3.683
6/26/2022 11:00,3.787
6/26/2022 12:00,3.856
6/26/2022 13:00,3.91
6/26/2022 14:00,3.895
6/26/2022 15:00,3.748
6/26/2022 16:00,3.397
6/26/2022 17:00,2.645
6/26/2022 18:00,2.095
6/26/2022 19:00,1.832
6/26/2022 20:00,1.623
6/26/2022 21:00,1.528
6/26/2022 22:00,1.504
6/26/2022 23:00,1.53
6/27/2022 0:00,1.599
6/27/2022 1:00,1.691
6/27/2022 2:00,1.778
6/27/2022 3:00,1.994
6/27/2022 4:00,2.776
6/27/2022 5:00,3.151
6/27/2022 6:00,3.29
6/27/2022 7:00,3.297
6/27/2022 8:00,3.354
6/27/2022 9:00,3.434
6/27/2022 10:00,3.551
6/27/2022 11:00,3.685
6/27/2022 12:00,3.8
6/27/2022 13:00,3.846
6/27/2022 14:00,3.8
6/27/2022 15:00,3.682
6/27/2022 16:00,3.386
6/27/2022 17:00,2.635
6/27/2022 18:00,1.979
6/27/2022 19:00,1.731
6/27/2022 20:00,1.523
6/27/2022 21:00,1.457
6/27/2022 22:00,1.545
6/27/2022 23:00,1.709
6/28/2022 0:00,1.878
6/28/2022 1:00,2.011
6/28/2022 2:00,2.112
6/28/2022 3:00,2.202
6/28/2022 4:00,2.956
6/28/2022 5:00,3.354
6/28/2022 6:00,3.449
6/28/2022 7:00,3.477
6/28/2022 8:00,3.552
6/28/2022 9:00,3.672
6/28/2022 10:00,3.803
6/28/2022 11:00,3.968
6/28/2022 12:00,4.163
6/28/2022 13:00,4.277
6/28/2022 14:00,4.261
6/28/2022 15:00,4.106
6/28/2022 16:00,3.762
6/28/2022 17:00,2.863
6/28/2022 18:00,2.106
6/28/2022 19:00,1.818
6/28/2022 20:00,1.654
6/28/2022 21:00,1.602
6/28/2022 22:00,1.67
6/28/2022 23:00,1.781
6/29/2022 0:00,1.984
6/29/2022 1:00,2.153
6/29/2022 2:00,2.284
6/29/2022 3:00,2.479
6/29/2022 4:00,3.209
6/29/2022 5:00,3.747
6/29/2022 6:00,3.837
6/29/2022 7:00,3.744
6/29/2022 8:00,3.7
6/29/2022 9:00,3.757
6/29/2022 10:00,3.873
6/29/2022 11:00,4.013
6/29/2022 12:00,4.173
6/29/2022 13:00,4.322
6/29/2022 14:00,4.349
6/29/2022 15:00,4.225
6/29/2022 16:00,3.846
6/29/2022 17:00,2.803
6/29/2022 18:00,2.02
6/29/2022 19:00,1.793
6/29/2022 20:00,1.719
6/29/2022 21:00,1.719
6/29/2022 22:00,1.772
6/29/2022 23:00,1.849
6/30/2022 0:00,1.933
6/30/2022 1:00,2.002
6/30/2022 2:00,2.059
6/30/2022 3:00,2.117
6/30/2022 4:00,2.798
6/30/2022 5:00,2.978
6/30/2022 6:00,3.093
6/30/2022 7:00,3.149
6/30/2022 8:00,3.265
6/30/2022 9:00,3.426
6/30/2022 10:00,3.624
6/30/2022 11:00,3.811
6/30/2022 12:00,3.95
6/30/2022 13:00,4.024
6/30/2022 14:00,4.008
6/30/2022 15:00,3.886
6/30/2022 16:00,3.563
6/30/2022 17:00,2.615
6/30/2022 18:00,1.943
6/30/2022 19:00,1.769
6/30/2022 20:00,1.697
6/30/2022 21:00,1.703
6/30/2022 22:00,1.808
6/30/2022 23:00,1.95
7/1/2022 0:00,2.09
7/1/2022 1:00,2.191
7/1/2022 2:00,2.266
7/1/2022 3:00,2.45
7/1/2022 4:00,3.208
7/1/2022 5:00,3.606
7/1/2022 6:00,3.702
7/1/2022 7:00,3.739
7/1/2022 8:00,3.8
7/1/2022 9:00,3.788
7/1/2022 10:00,3.77
7/1/2022 11:00,3.767
7/1/2022 12:00,3.75
7/1/2022 13:00,3.681
7/1/2022 14:00,3.545
7/1/2022 15:00,3.365
7/1/2022 16:00,3.077
7/1/2022 17:00,2.261
7/1/2022 18:00,1.859
7/1/2022 19:00,1.741
7/1/2022 20:00,1.709
7/1/2022 21:00,1.732
7/1/2022 22:00,1.763
7/1/2022 23:00,1.818
7/2/2022 0:00,1.894
7/2/2022 1:00,1.964
7/2/2022 2:00,2.026
7/2/2022 3:00,2.149
7/2/2022 4:00,2.949
7/2/2022 5:00,3.323
7/2/2022 6:00,3.603
7/2/2022 7:00,3.838
7/2/2022 8:00,4.071
7/2/2022 9:00,4.235
7/2/2022 10:00,4.331
7/2/2022 11:00,4.416
7/2/2022 12:00,4.49
7/2/2022 13:00,4.542
7/2/2022 14:00,4.526
7/2/2022 15:00,4.406
7/2/2022 16:00,4.091
7/2/2022 17:00,3.246
7/2/2022 18:00,2.582
7/2/2022 19:00,2.491
7/2/2022 20:00,2.576
7/2/2022 21:00,2.822
7/2/2022 22:00,3.068
7/2/2022 23:00,3.277
7/3/2022 0:00,3.392
7/3/2022 1:00,3.527
7/3/2022 2:00,3.702
7/3/2022 3:00,3.93
7/3/2022 4:00,4.78
7/3/2022 5:00,5.696
7/3/2022 6:00,6.136
7/3/2022 7:00,6.191
7/3/2022 8:00,6.112
7/3/2022 9:00,6.027
7/3/2022 10:00,5.936
7/3/2022 11:00,5.839
7/3/2022 12:00,5.73
7/3/2022 13:00,5.588
7/3/2022 14:00,5.394
7/3/2022 15:00,5.12
7/3/2022 16:00,4.703
7/3/2022 17:00,3.705
7/3/2022 18:00,3.19
7/3/2022 19:00,3.104
7/3/2022 20:00,3.103
7/3/2022 21:00,3.299
7/3/2022 22:00,3.495
7/3/2022 23:00,3.622
7/4/2022 0:00,3.744
7/4/2022 1:00,3.881
7/4/2022 2:00,3.994
7/4/2022 3:00,4.118
7/4/2022 4:00,4.812
7/4/2022 5:00,5.309
7/4/2022 6:00,5.556
7/4/2022 7:00,5.661
7/4/2022 8:00,5.693
7/4/2022 9:00,5.674
7/4/2022 10:00,5.581
7/4/2022 11:00,5.449
7/4/2022 12:00,5.312
7/4/2022 13:00,5.16
7/4/2022 14:00,4.986
7/4/2022 15:00,4.754
7/4/2022 16:00,4.312
7/4/2022 17:00,3.172
7/4/2022 18:00,2.666
7/4/2022 19:00,2.536
7/4/2022 20:00,2.489
7/4/2022 21:00,2.495
7/4/2022 22:00,2.57
7/4/2022 23:00,2.692
7/5/2022 0:00,2.795
7/5/2022 1:00,2.866
7/5/2022 2:00,2.937
7/5/2022 3:00,3.165
7/5/2022 4:00,4.017
7/5/2022 5:00,4.715
7/5/2022 6:00,5.043
7/5/2022 7:00,5.217
7/5/2022 8:00,5.283
7/5/2022 9:00,5.244
7/5/2022 10:00,5.131
7/5/2022 11:00,5.011
7/5/2022 12:00,4.904
7/5/2022 13:00,4.776
7/5/2022 14:00,4.6
7/5/2022 15:00,4.368
7/5/2022 16:00,3.977
7/5/2022 17:00,2.91
7/5/2022 18:00,2.313
7/5/2022 19:00,2.157
7/5/2022 20:00,2.04
7/5/2022 21:00,2.027
7/5/2022 22:00,2.034
7/5/2022 23:00,2.05
7/6/2022 0:00,2.101
7/6/2022 1:00,2.175
7/6/2022 2:00,2.231
7/6/2022 3:00,2.319
7/6/2022 4:00,3.037
7/6/2022 5:00,3.421
7/6/2022 6:00,3.65
7/6/2022 7:00,3.705
7/6/2022 8:00,3.751
7/6/2022 9:00,3.759
7/6/2022 10:00,3.796
7/6/2022 11:00,3.877
7/6/2022 12:00,3.934
7/6/2022 13:00,3.92
7/6/2022 14:00,3.841
7/6/2022 15:00,3.677
7/6/2022 16:00,3.318
7/6/2022 17:00,2.311
7/6/2022 18:00,1.713
7/6/2022 19:00,1.554
7/6/2022 20:00,1.578
7/6/2022 21:00,1.688
7/6/2022 22:00,1.811
7/6/2022 23:00,1.893
7/7/2022 0:00,1.954
7/7/2022 1:00,2.009
7/7/2022 2:00,2.069
7/7/2022 3:00,2.261
7/7/2022 4:00,3.386
7/7/2022 5:00,4.05
7/7/2022 6:00,3.925
7/7/2022 7:00,3.609
7/7/2022 8:00,3.429
7/7/2022 9:00,3.377
7/7/2022 10:00,3.367
7/7/2022 11:00,3.383
7/7/2022 12:00,3.378
7/7/2022 13:00,3.329
7/7/2022 14:00,3.265
7/7/2022 15:00,3.185
7/7/2022 16:00,2.934
7/7/2022 17:00,2.04
7/7/2022 18:00,1.549
7/7/2022 19:00,1.368
7/7/2022 20:00,1.35
7/7/2022 21:00,1.404
7/7/2022 22:00,1.389
7/7/2022 23:00,1.363
7/8/2022 0:00,1.388
7/8/2022 1:00,1.438
7/8/2022 2:00,1.499
7/8/2022 3:00,1.547
7/8/2022 4:00,1.986
7/8/2022 5:00,2.115
7/8/2022 6:00,2.156
7/8/2022 7:00,2.215
7/8/2022 8:00,2.361
7/8/2022 9:00,2.603
7/8/2022 10:00,2.906
7/8/2022 11:00,3.178
7/8/2022 12:00,3.341
7/8/2022 13:00,3.344
7/8/2022 14:00,3.201
7/8/2022 15:00,2.918
7/8/2022 16:00,2.588
7/8/2022 17:00,2.081
7/8/2022 18:00,1.75
7/8/2022 19:00,1.682
7/8/2022 20:00,1.645
7/8/2022 21:00,1.653
7/8/2022 22:00,1.729
7/8/2022 23:00,1.822
7/9/2022 0:00,1.925
7/9/2022 1:00,2.095
7/9/2022 2:00,2.395
7/9/2022 3:00,2.829
7/9/2022 4:00,3.486
7/9/2022 5:00,3.889
7/9/2022 6:00,4.019
7/9/2022 7:00,4.045
7/9/2022 8:00,4.064
7/9/2022 9:00,4.043
7/9/2022 10:00,4.034
7/9/2022 11:00,4.128
7/9/2022 12:00,4.363
7/9/2022 13:00,4.646
7/9/2022 14:00,4.883
7/9/2022 15:00,4.971
7/9/2022 16:00,4.894
7/9/2022 17:00,4.632
7/9/2022 18:00,4.505
7/9/2022 19:00,4.518
7/9/2022 20:00,4.491
7/9/2022 21:00,4.43
7/9/2022 22:00,4.42
7/9/2022 23:00,4.467
7/10/2022 0:00,4.524
7/10/2022 1:00,4.477
7/10/2022 2:00,4.299
7/10/2022 3:00,4.375
7/10/2022 4:00,4.912
7/10/2022 5:00,5.246
7/10/2022 6:00,5.192
7/10/2022 7:00,4.957
7/10/2022 8:00,4.697
7/10/2022 9:00,4.434
7/10/2022 10:00,4.206
7/10/2022 11:00,4.003
7/10/2022 12:00,3.8
7/10/2022 13:00,3.62
7/10/2022 14:00,3.439
7/10/2022 15:00,3.264
7/10/2022 16:00,2.966
7/10/2022 17:00,2.19
7/10/2022 18:00,1.989
7/10/2022 19:00,1.951
7/10/2022 20:00,1.947
7/10/2022 21:00,1.945
7/10/2022 22:00,1.973
7/10/2022 23:00,2.026
7/11/2022 0:00,2.067
7/11/2022 1:00,2.095
7/11/2022 2:00,2.129
7/11/2022 3:00,2.231
7/11/2022 4:00,3.111
7/11/2022 5:00,3.886
7/11/2022 6:00,3.966
7/11/2022 7:00,3.738
7/11/2022 8:00,3.529
7/11/2022 9:00,3.42
7/11/2022 10:00,3.392
7/11/2022 11:00,3.422
7/11/2022 12:00,3.457
7/11/2022 13:00,3.478
7/11/2022 14:00,3.449
7/11/2022 15:00,3.376
7/11/2022 16:00,3.144
7/11/2022 17:00,2.348
7/11/2022 18:00,2.041
7/11/2022 19:00,1.881
7/11/2022 20:00,1.746
7/11/2022 21:00,1.746
7/11/2022 22:00,1.869
7/11/2022 23:00,2.007
7/12/2022 0:00,2.097
7/12/2022 1:00,2.178
7/12/2022 2:00,2.236
7/12/2022 3:00,2.357
7/12/2022 4:00,3.16
7/12/2022 5:00,3.598
7/12/2022 6:00,3.575
7/12/2022 7:00,3.42
7/12/2022 8:00,3.393
7/12/2022 9:00,3.467
7/12/2022 10:00,3.582
7/12/2022 11:00,3.692
7/12/2022 12:00,3.767
7/12/2022 13:00,3.833
7/12/2022 14:00,3.877
7/12/2022 15:00,3.839
7/12/2022 16:00,3.534
7/12/2022 17:00,2.609
7/12/2022 18:00,2.074
7/12/2022 19:00,1.873
7/12/2022 20:00,1.849
7/12/2022 21:00,1.982
7/12/2022 22:00,2.135
7/12/2022 23:00,2.24
7/13/2022 0:00,2.301
7/13/2022 1:00,2.32
7/13/2022 2:00,2.338
7/13/2022 3:00,2.399
7/13/2022 4:00,3.256
7/13/2022 5:00,3.996
7/13/2022 6:00,4.055
7/13/2022 7:00,3.912
7/13/2022 8:00,3.776
7/13/2022 9:00,3.693
7/13/2022 10:00,3.727
7/13/2022 11:00,3.817
7/13/2022 12:00,3.929
7/13/2022 13:00,4.034
7/13/2022 14:00,4.097
7/13/2022 15:00,4.135
7/13/2022 16:00,3.937
7/13/2022 17:00,3.078
7/13/2022 18:00,2.635
7/13/2022 19:00,2.57
7/13/2022 20:00,2.65
7/13/2022 21:00,2.706
7/13/2022 22:00,2.706
7/13/2022 23:00,2.736
7/14/2022 0:00,2.736
7/14/2022 1:00,2.756
7/14/2022 2:00,2.782
7/14/2022 3:00,2.946
7/14/2022 4:00,3.923
7/14/2022 5:00,4.768
7/14/2022 6:00,5.257
7/14/2022 7:00,5.497
7/14/2022 8:00,5.542
7/14/2022 9:00,5.538
7/14/2022 10:00,5.534
7/14/2022 11:00,5.526
7/14/2022 12:00,5.514
7/14/2022 13:00,5.495
7/14/2022 14:00,5.413
7/14/2022 15:00,5.245
7/14/2022 16:00,4.786
7/14/2022 17:00,3.825
7/14/2022 18:00,3.439
7/14/2022 19:00,3.315
7/14/2022 20:00,3.308
7/14/2022 21:00,3.39
7/14/2022 22:00,3.504
7/14/2022 23:00,3.569
7/15/2022 0:00,3.596
7/15/2022 1:00,3.573
7/15/2022 2:00,3.518
7/15/2022 3:00,3.639
7/15/2022 4:00,4.297
7/15/2022 5:00,4.817
7/15/2022 6:00,5.144
7/15/2022 7:00,5.263
7/15/2022 8:00,5.225
7/15/2022 9:00,5.027
7/15/2022 10:00,4.777
7/15/2022 11:00,4.64
7/15/2022 12:00,4.596
7/15/2022 13:00,4.549
7/15/2022 14:00,4.431
7/15/2022 15:00,4.259
7/15/2022 16:00,3.837
7/15/2022 17:00,2.64
7/15/2022 18:00,2.241
7/15/2022 19:00,2.134
7/15/2022 20:00,2.053
7/15/2022 21:00,2.018
7/15/2022 22:00,1.986
7/15/2022 23:00,1.966
7/16/2022 0:00,2.074
7/16/2022 1:00,2.186
7/16/2022 2:00,2.29
7/16/2022 3:00,2.365
7/16/2022 4:00,2.954
7/16/2022 5:00,3.272
7/16/2022 6:00,3.501
7/16/2022 7:00,3.57
7/16/2022 8:00,3.612
7/16/2022 9:00,3.612
7/16/2022 10:00,3.587
7/16/2022 11:00,3.662
7/16/2022 12:00,3.76
7/16/2022 13:00,3.826
7/16/2022 14:00,3.821
7/16/2022 15:00,3.694
7/16/2022 16:00,3.275
7/16/2022 17:00,2.168
7/16/2022 18:00,1.855
7/16/2022 19:00,1.733
7/16/2022 20:00,1.701
7/16/2022 21:00,1.729
7/16/2022 22:00,1.786
7/16/2022 23:00,1.883
7/17/2022 0:00,1.979
7/17/2022 1:00,2.085
7/17/2022 2:00,2.195
7/17/2022 3:00,2.349
7/17/2022 4:00,3.031
7/17/2022 5:00,3.393
7/17/2022 6:00,3.692
7/17/2022 7:00,3.918
7/17/2022 8:00,4.089
7/17/2022 9:00,4.17
7/17/2022 10:00,4.215
7/17/2022 11:00,4.274
7/17/2022 12:00,4.31
7/17/2022 13:00,4.291
7/17/2022 14:00,4.197
7/17/2022 15:00,4.015
7/17/2022 16:00,3.565
7/17/2022 17:00,2.546
7/17/2022 18:00,2.204
7/17/2022 19:00,2.257
7/17/2022 20:00,2.372
7/17/2022 21:00,2.486
7/17/2022 22:00,2.631
7/17/2022 23:00,2.828
7/18/2022 0:00,2.956
7/18/2022 1:00,2.968
7/18/2022 2:00,2.952
7/18/2022 3:00,3.113
7/18/2022 4:00,3.943
7/18/2022 5:00,4.608
7/18/2022 6:00,4.939
7/18/2022 7:00,5.055
7/18/2022 8:00,5.067
7/18/2022 9:00,5.079
7/18/2022 10:00,5.113
7/18/2022 11:00,5.203
7/18/2022 12:00,5.342
7/18/2022 13:00,5.467
7/18/2022 14:00,5.52
7/18/2022 15:00,5.407
7/18/2022 16:00,5.101
7/18/2022 17:00,4.304
7/18/2022 18:00,3.812
7/18/2022 19:00,3.701
7/18/2022 20:00,3.617
7/18/2022 21:00,3.712
7/18/2022 22:00,3.869
7/18/2022 23:00,3.916
7/19/2022 0:00,3.95
7/19/2022 1:00,4.033
7/19/2022 2:00,4.115
7/19/2022 3:00,4.296
7/19/2022 4:00,5.179
7/19/2022 5:00,5.893
7/19/2022 6:00,6.25
7/19/2022 7:00,6.373
7/19/2022 8:00,6.361
7/19/2022 9:00,6.259
7/19/2022 10:00,6.098
7/19/2022 11:00,5.916
7/19/2022 12:00,5.755
7/19/2022 13:00,5.606
7/19/2022 14:00,5.439
7/19/2022 15:00,5.263
7/19/2022 16:00,4.95
7/19/2022 17:00,4.044
7/19/2022 18:00,3.672
7/19/2022 19:00,3.562
7/19/2022 20:00,3.442
7/19/2022 21:00,3.528
7/19/2022 22:00,3.759
7/19/2022 23:00,3.899
7/20/2022 0:00,3.975
7/20/2022 1:00,4.044
7/20/2022 2:00,4.078
7/20/2022 3:00,4.168
7/20/2022 4:00,4.836
7/20/2022 5:00,5.581
7/20/2022 6:00,6.04
7/20/2022 7:00,6.222
7/20/2022 8:00,6.193
7/20/2022 9:00,6.034
7/20/2022 10:00,5.836
7/20/2022 11:00,5.641
7/20/2022 12:00,5.49
7/20/2022 13:00,5.333
7/20/2022 14:00,5.134
7/20/2022 15:00,4.865
7/20/2022 16:00,4.394
7/20/2022 17:00,3.365
7/20/2022 18:00,2.966
7/20/2022 19:00,2.906
7/20/2022 20:00,2.796
7/20/2022 21:00,2.743
7/20/2022 22:00,2.75
7/20/2022 23:00,2.825
7/21/2022 0:00,2.898
7/21/2022 1:00,2.951
7/21/2022 2:00,2.98
7/21/2022 3:00,3.023
7/21/2022 4:00,3.621
7/21/2022 5:00,4.131
7/21/2022 6:00,4.443
7/21/2022 7:00,4.57
7/21/2022 8:00,4.575
7/21/2022 9:00,4.449
7/21/2022 10:00,4.281
7/21/2022 11:00,4.132
7/21/2022 12:00,4.011
7/21/2022 13:00,3.905
7/21/2022 14:00,3.77
7/21/2022 15:00,3.591
7/21/2022 16:00,3.17
7/21/2022 17:00,2.164
7/21/2022 18:00,1.887
7/21/2022 19:00,1.742
7/21/2022 20:00,1.652
7/21/2022 21:00,1.651
7/21/2022 22:00,1.691
7/21/2022 23:00,1.744
7/22/2022 0:00,1.832
7/22/2022 1:00,1.905
7/22/2022 2:00,1.938
7/22/2022 3:00,1.933
7/22/2022 4:00,2.353
7/22/2022 5:00,2.437
7/22/2022 6:00,2.511
7/22/2022 7:00,2.637
7/22/2022 8:00,2.774
7/22/2022 9:00,2.893
7/22/2022 10:00,3.033
7/22/2022 11:00,3.187
7/22/2022 12:00,3.316
7/22/2022 13:00,3.394
7/22/2022 14:00,3.386
7/22/2022 15:00,3.288
7/22/2022 16:00,2.986
7/22/2022 17:00,2.077
7/22/2022 18:00,1.813
7/22/2022 19:00,1.697
7/22/2022 20:00,1.629
7/22/2022 21:00,1.612
7/22/2022 22:00,1.6
7/22/2022 23:00,1.645
7/23/2022 0:00,1.742
7/23/2022 1:00,1.827
7/23/2022 2:00,1.885
7/23/2022 3:00,1.903
7/23/2022 4:00,2.405
7/23/2022 5:00,2.489
7/23/2022 6:00,2.672
7/23/2022 7:00,2.938
7/23/2022 8:00,3.161
7/23/2022 9:00,3.283
7/23/2022 10:00,3.412
7/23/2022 11:00,3.532
7/23/2022 12:00,3.619
7/23/2022 13:00,3.63
7/23/2022 14:00,3.54
7/23/2022 15:00,3.374
7/23/2022 16:00,2.944
7/23/2022 17:00,1.925
7/23/2022 18:00,1.734
7/23/2022 19:00,1.622
7/23/2022 20:00,1.563
7/23/2022 21:00,1.564
7/23/2022 22:00,1.552
7/23/2022 23:00,1.589
7/24/2022 0:00,1.655
7/24/2022 1:00,1.694
7/24/2022 2:00,1.694
7/24/2022 3:00,1.675
7/24/2022 4:00,1.861
7/24/2022 5:00,1.899
7/24/2022 6:00,1.957
7/24/2022 7:00,2.159
7/24/2022 8:00,2.388
7/24/2022 9:00,2.583
7/24/2022 10:00,2.855
7/24/2022 11:00,3.162
7/24/2022 12:00,3.418
7/24/2022 13:00,3.541
7/24/2022 14:00,3.511
7/24/2022 15:00,3.386
7/24/2022 16:00,3.01
7/24/2022 17:00,2.04
7/24/2022 18:00,1.776
7/24/2022 19:00,1.601
7/24/2022 20:00,1.434
7/24/2022 21:00,1.335
7/24/2022 22:00,1.455
7/24/2022 23:00,1.657
7/25/2022 0:00,1.81
7/25/2022 1:00,1.933
7/25/2022 2:00,2.044
7/25/2022 3:00,2.201
7/25/2022 4:00,2.982
7/25/2022 5:00,3.285
7/25/2022 6:00,3.386
7/25/2022 7:00,3.421
7/25/2022 8:00,3.608
7/25/2022 9:00,3.684
7/25/2022 10:00,3.652
7/25/2022 11:00,3.64
7/25/2022 12:00,3.655
7/25/2022 13:00,3.683
7/25/2022 14:00,3.619
7/25/2022 15:00,3.432
7/25/2022 16:00,3.092
7/25/2022 17:00,2.3
7/25/2022 18:00,1.985
7/25/2022 19:00,1.903
7/25/2022 20:00,1.916
7/25/2022 21:00,1.748
7/25/2022 22:00,1.656
7/25/2022 23:00,1.613
7/26/2022 0:00,1.645
7/26/2022 1:00,1.733
7/26/2022 2:00,1.838
7/26/2022 3:00,1.988
7/26/2022 4:00,2.682
7/26/2022 5:00,3.091
7/26/2022 6:00,3.298
7/26/2022 7:00,3.369
7/26/2022 8:00,3.425
7/26/2022 9:00,3.454
7/26/2022 10:00,3.505
7/26/2022 11:00,3.561
7/26/2022 12:00,3.606
7/26/2022 13:00,3.632
7/26/2022 14:00,3.618
7/26/2022 15:00,3.518
7/26/2022 16:00,3.244
7/26/2022 17:00,2.244
7/26/2022 18:00,1.721
7/26/2022 19:00,1.433
7/26/2022 20:00,1.247
7/26/2022 21:00,1.276
7/26/2022 22:00,1.365
7/26/2022 23:00,1.416
7/27/2022 0:00,1.518
7/27/2022 1:00,1.637
7/27/2022 2:00,1.733
7/27/2022 3:00,1.808
7/27/2022 4:00,2.334
7/27/2022 5:00,2.541
7/27/2022 6:00,2.74
7/27/2022 7:00,2.889
7/27/2022 8:00,3.046
7/27/2022 9:00,3.276
7/27/2022 10:00,3.487
7/27/2022 11:00,3.649
7/27/2022 12:00,3.738
7/27/2022 13:00,3.724
7/27/2022 14:00,3.639
7/27/2022 15:00,3.452
7/27/2022 16:00,3.067
7/27/2022 17:00,1.968
7/27/2022 18:00,1.599
7/27/2022 19:00,1.464
7/27/2022 20:00,1.402
7/27/2022 21:00,1.444
7/27/2022 22:00,1.512
7/27/2022 23:00,1.642
7/28/2022 0:00,1.777
7/28/2022 1:00,1.889
7/28/2022 2:00,1.981
7/28/2022 3:00,2.084
7/28/2022 4:00,2.745
7/28/2022 5:00,3.406
7/28/2022 6:00,3.866
7/28/2022 7:00,4.061
7/28/2022 8:00,4.202
7/28/2022 9:00,4.214
7/28/2022 10:00,4.149
7/28/2022 11:00,4.059
7/28/2022 12:00,3.96
7/28/2022 13:00,3.814
7/28/2022 14:00,3.627
7/28/2022 15:00,3.445
7/28/2022 16:00,3.18
7/28/2022 17:00,2.293
7/28/2022 18:00,2.084
7/28/2022 19:00,2.144
7/28/2022 20:00,2.295
7/28/2022 21:00,2.482
7/28/2022 22:00,2.643
7/28/2022 23:00,2.768
7/29/2022 0:00,2.792
7/29/2022 1:00,2.857
7/29/2022 2:00,2.911
7/29/2022 3:00,2.975
7/29/2022 4:00,3.807
7/29/2022 5:00,4.4
7/29/2022 6:00,4.554
7/29/2022 7:00,4.533
7/29/2022 8:00,4.503
7/29/2022 9:00,4.507
7/29/2022 10:00,4.482
7/29/2022 11:00,4.411
7/29/2022 12:00,4.311
7/29/2022 13:00,4.182
7/29/2022 14:00,4.011
7/29/2022 15:00,3.794
7/29/2022 16:00,3.443
7/29/2022 17:00,2.51
7/29/2022 18:00,2.171
7/29/2022 19:00,2.044
7/29/2022 20:00,1.978
7/29/2022 21:00,1.985
7/29/2022 22:00,1.993
7/29/2022 23:00,2.052
7/30/2022 0:00,2.134
7/30/2022 1:00,2.21
7/30/2022 2:00,2.266
7/30/2022 3:00,2.33
7/30/2022 4:00,3.015
7/30/2022 5:00,3.755
7/30/2022 6:00,3.979
7/30/2022 7:00,3.986
7/30/2022 8:00,4.019
7/30/2022 9:00,4.061
7/30/2022 10:00,4.062
7/30/2022 11:00,4.037
7/30/2022 12:00,4.001
7/30/2022 13:00,3.918
7/30/2022 14:00,3.779
7/30/2022 15:00,3.556
7/30/2022 16:00,3.183
7/30/2022 17:00,2.155
7/30/2022 18:00,1.774
7/30/2022 19:00,1.525
7/30/2022 20:00,1.366
7/30/2022 21:00,1.341
7/30/2022 22:00,1.39
7/30/2022 23:00,1.493
7/31/2022 0:00,1.605
7/31/2022 1:00,1.698
7/31/2022 2:00,1.761
7/31/2022 3:00,1.783
7/31/2022 4:00,2.234
7/31/2022 5:00,2.478
7/31/2022 6:00,2.367
7/31/2022 7:00,2.322
7/31/2022 8:00,2.392
7/31/2022 9:00,2.535
7/31/2022 10:00,2.707
7/31/2022 11:00,2.889
7/31/2022 12:00,3.037
7/31/2022 13:00,3.118
7/31/2022 14:00,3.12
7/31/2022 15:00,3.033
7/31/2022 16:00,2.849
7/31/2022 17:00,2.058
7/31/2022 18:00,1.757
7/31/2022 19:00,1.639
7/31/2022 20:00,1.562
7/31/2022 21:00,1.69
7/31/2022 22:00,1.852
7/31/2022 23:00,2.016
8/1/2022 0:00,2.189
8/1/2022 1:00,2.314
8/1/2022 2:00,2.403
8/1/2022 3:00,2.516
8/1/2022 4:00,3.508
8/1/2022 5:00,4.302
8/1/2022 6:00,4.31
8/1/2022 7:00,4.122
8/1/2022 8:00,3.953
8/1/2022 9:00,3.798
8/1/2022 10:00,3.657
8/1/2022 11:00,3.572
8/1/2022 12:00,3.561
8/1/2022 13:00,3.557
8/1/2022 14:00,3.505
8/1/2022 15:00,3.422
8/1/2022 16:00,3.199
8/1/2022 17:00,2.369
8/1/2022 18:00,1.998
8/1/2022 19:00,1.849
8/1/2022 20:00,1.877
8/1/2022 21:00,1.938
8/1/2022 22:00,1.972
8/1/2022 23:00,2.025
8/2/2022 0:00,2.092
8/2/2022 1:00,2.149
8/2/2022 2:00,2.221
8/2/2022 3:00,2.298
8/2/2022 4:00,3.094
8/2/2022 5:00,3.667
8/2/2022 6:00,3.574
8/2/2022 7:00,3.33
8/2/2022 8:00,3.2
8/2/2022 9:00,3.22
8/2/2022 10:00,3.366
8/2/2022 11:00,3.56
8/2/2022 12:00,3.741
8/2/2022 13:00,3.875
8/2/2022 14:00,3.939
8/2/2022 15:00,3.944
8/2/2022 16:00,3.745
8/2/2022 17:00,2.896
8/2/2022 18:00,2.408
8/2/2022 19:00,2.204
8/2/2022 20:00,2.11
8/2/2022 21:00,2.057
8/2/2022 22:00,2.06
8/2/2022 23:00,2.12
8/3/2022 0:00,2.216
8/3/2022 1:00,2.334
8/3/2022 2:00,2.438
8/3/2022 3:00,2.58
8/3/2022 4:00,3.341
8/3/2022 5:00,4.008
8/3/2022 6:00,4.42
8/3/2022 7:00,4.612
8/3/2022 8:00,4.733
8/3/2022 9:00,4.837
8/3/2022 10:00,4.926
8/3/2022 11:00,4.991
8/3/2022 12:00,4.996
8/3/2022 13:00,4.92
8/3/2022 14:00,4.763
8/3/2022 15:00,4.502
8/3/2022 16:00,4.069
8/3/2022 17:00,3.17
8/3/2022 18:00,2.788
8/3/2022 19:00,2.546
8/3/2022 20:00,2.362
8/3/2022 21:00,2.376
8/3/2022 22:00,2.502
8/3/2022 23:00,2.634
8/4/2022 0:00,2.771
8/4/2022 1:00,2.9
8/4/2022 2:00,3.02
8/4/2022 3:00,3.071
8/4/2022 4:00,3.772
8/4/2022 5:00,4.448
8/4/2022 6:00,4.741
8/4/2022 7:00,4.905
8/4/2022 8:00,4.972
8/4/2022 9:00,4.962
8/4/2022 10:00,4.922
8/4/2022 11:00,4.888
8/4/2022 12:00,4.85
8/4/2022 13:00,4.746
8/4/2022 14:00,4.564
8/4/2022 15:00,4.331
8/4/2022 16:00,3.877
8/4/2022 17:00,2.826
8/4/2022 18:00,2.494
8/4/2022 19:00,2.247
8/4/2022 20:00,2.125
8/4/2022 21:00,2.075
8/4/2022 22:00,2.059
8/4/2022 23:00,2.1
8/5/2022 0:00,2.192
8/5/2022 1:00,2.304
8/5/2022 2:00,2.426
8/5/2022 3:00,2.516
8/5/2022 4:00,3.142
8/5/2022 5:00,3.787
8/5/2022 6:00,4.202
8/5/2022 7:00,4.398
8/5/2022 8:00,4.503
8/5/2022 9:00,4.565
8/5/2022 10:00,4.614
8/5/2022 11:00,4.688
8/5/2022 12:00,4.722
8/5/2022 13:00,4.667
8/5/2022 14:00,4.518
8/5/2022 15:00,4.266
8/5/2022 16:00,3.755
8/5/2022 17:00,2.585
8/5/2022 18:00,2.179
8/5/2022 19:00,2.047
8/5/2022 20:00,1.971
8/5/2022 21:00,1.92
8/5/2022 22:00,1.926
8/5/2022 23:00,1.998
8/6/2022 0:00,2.112
8/6/2022 1:00,2.249
8/6/2022 2:00,2.369
8/6/2022 3:00,2.542
8/6/2022 4:00,3.228
8/6/2022 5:00,3.997
8/6/2022 6:00,4.488
8/6/2022 7:00,4.749
8/6/2022 8:00,4.896
8/6/2022 9:00,4.911
8/6/2022 10:00,4.836
8/6/2022 11:00,4.73
8/6/2022 12:00,4.595
8/6/2022 13:00,4.422
8/6/2022 14:00,4.218
8/6/2022 15:00,4.012
8/6/2022 16:00,3.565
8/6/2022 17:00,2.502
8/6/2022 18:00,2.145
8/6/2022 19:00,2.076
8/6/2022 20:00,2.028
8/6/2022 21:00,2.035
8/6/2022 22:00,2.11
8/6/2022 23:00,2.197
8/7/2022 0:00,2.338
8/7/2022 1:00,2.508
8/7/2022 2:00,2.738
8/7/2022 3:00,3.012
8/7/2022 4:00,3.728
8/7/2022 5:00,4.61
8/7/2022 6:00,5.124
8/7/2022 7:00,5.405
8/7/2022 8:00,5.563
8/7/2022 9:00,5.605
8/7/2022 10:00,5.555
8/7/2022 11:00,5.438
8/7/2022 12:00,5.258
8/7/2022 13:00,5.014
8/7/2022 14:00,4.74
8/7/2022 15:00,4.4
8/7/2022 16:00,3.818
8/7/2022 17:00,2.802
8/7/2022 18:00,2.633
8/7/2022 19:00,2.744
8/7/2022 20:00,2.709
8/7/2022 21:00,2.79
8/7/2022 22:00,2.918
8/7/2022 23:00,3.014
8/8/2022 0:00,3.355
8/8/2022 1:00,3.699
8/8/2022 2:00,3.786
8/8/2022 3:00,3.896
8/8/2022 4:00,4.639
8/8/2022 5:00,5.617
8/8/2022 6:00,6.254
8/8/2022 7:00,6.509
8/8/2022 8:00,6.521
8/8/2022 9:00,6.364
8/8/2022 10:00,6.106
8/8/2022 11:00,5.791
8/8/2022 12:00,5.467
8/8/2022 13:00,5.161
8/8/2022 14:00,4.891
8/8/2022 15:00,4.644
8/8/2022 16:00,4.162
8/8/2022 17:00,3.168
8/8/2022 18:00,2.831
8/8/2022 19:00,2.684
8/8/2022 20:00,2.729
8/8/2022 21:00,2.781
8/8/2022 22:00,2.797
8/8/2022 23:00,2.839
8/9/2022 0:00,3.043
8/9/2022 1:00,3.181
8/9/2022 2:00,3.286
8/9/2022 3:00,3.52
8/9/2022 4:00,4.188
8/9/2022 5:00,5.235
8/9/2022 6:00,5.879
8/9/2022 7:00,6.099
8/9/2022 8:00,6.103
8/9/2022 9:00,5.928
8/9/2022 10:00,5.641
8/9/2022 11:00,5.342
8/9/2022 12:00,5.06
8/9/2022 13:00,4.771
8/9/2022 14:00,4.465
8/9/2022 15:00,4.085
8/9/2022 16:00,3.294
8/9/2022 17:00,2.165
8/9/2022 18:00,2.066
8/9/2022 19:00,2.113
8/9/2022 20:00,2.205
8/9/2022 21:00,2.339
8/9/2022 22:00,2.454
8/9/2022 23:00,2.529
8/10/2022 0:00,2.595
8/10/2022 1:00,2.671
8/10/2022 2:00,2.736
8/10/2022 3:00,2.872
8/10/2022 4:00,3.53
8/10/2022 5:00,4.106
8/10/2022 6:00,4.636
8/10/2022 7:00,4.914
8/10/2022 8:00,5.085
8/10/2022 9:00,5.054
8/10/2022 10:00,4.965
8/10/2022 11:00,4.911
8/10/2022 12:00,4.865
8/10/2022 13:00,4.799
8/10/2022 14:00,4.65
8/10/2022 15:00,4.415
8/10/2022 16:00,3.818
8/10/2022 17:00,2.748
8/10/2022 18:00,2.597
8/10/2022 19:00,2.561
8/10/2022 20:00,2.57
8/10/2022 21:00,2.676
8/10/2022 22:00,2.839
8/10/2022 23:00,2.959
8/11/2022 0:00,3.11
8/11/2022 1:00,3.24
8/11/2022 2:00,3.315
8/11/2022 3:00,3.38
8/11/2022 4:00,3.999
8/11/2022 5:00,4.787
8/11/2022 6:00,4.802
8/11/2022 7:00,4.57
8/11/2022 8:00,4.316
8/11/2022 9:00,4.155
8/11/2022 10:00,4.057
8/11/2022 11:00,3.958
8/11/2022 12:00,3.879
8/11/2022 13:00,3.789
8/11/2022 14:00,3.647
8/11/2022 15:00,3.44
8/11/2022 16:00,3.093
8/11/2022 17:00,2.384
8/11/2022 18:00,2.184
8/11/2022 19:00,2.107
8/11/2022 20:00,2.062
8/11/2022 21:00,2.016
8/11/2022 22:00,2.013
8/11/2022 23:00,2.11
8/12/2022 0:00,2.216
8/12/2022 1:00,2.322
8/12/2022 2:00,2.419
8/12/2022 3:00,2.541
8/12/2022 4:00,3.276
8/12/2022 5:00,4.007
8/12/2022 6:00,4.311
8/12/2022 7:00,4.362
8/12/2022 8:00,4.281
8/12/2022 9:00,4.121
8/12/2022 10:00,3.945
8/12/2022 11:00,3.811
8/12/2022 12:00,3.725
8/12/2022 13:00,3.616
8/12/2022 14:00,3.451
8/12/2022 15:00,3.205
8/12/2022 16:00,2.756
8/12/2022 17:00,1.899
8/12/2022 18:00,1.673
8/12/2022 19:00,1.623
8/12/2022 20:00,1.648
8/12/2022 21:00,1.745
8/12/2022 22:00,1.87
8/12/2022 23:00,1.988
8/13/2022 0:00,2.065
8/13/2022 1:00,2.078
8/13/2022 2:00,2.061
8/13/2022 3:00,2.005
8/13/2022 4:00,2.317
8/13/2022 5:00,2.68
8/13/2022 6:00,2.772
8/13/2022 7:00,2.663
8/13/2022 8:00,2.478
8/13/2022 9:00,2.361
8/13/2022 10:00,2.258
8/13/2022 11:00,2.165
8/13/2022 12:00,2.078
8/13/2022 13:00,1.984
8/13/2022 14:00,1.874
8/13/2022 15:00,1.79
8/13/2022 16:00,1.756
8/13/2022 17:00,1.507
8/13/2022 18:00,1.651
8/13/2022 19:00,1.601
8/13/2022 20:00,1.496
8/13/2022 21:00,1.445
8/13/2022 22:00,1.427
8/13/2022 23:00,1.445
8/14/2022 0:00,1.488
8/14/2022 1:00,1.523
8/14/2022 2:00,1.559
8/14/2022 3:00,1.589
8/14/2022 4:00,1.927
8/14/2022 5:00,2.264
8/14/2022 6:00,2.187
8/14/2022 7:00,2.122
8/14/2022 8:00,2.157
8/14/2022 9:00,2.337
8/14/2022 10:00,2.568
8/14/2022 11:00,2.754
8/14/2022 12:00,2.9
8/14/2022 13:00,2.997
8/14/2022 14:00,3.032
8/14/2022 15:00,2.896
8/14/2022 16:00,2.419
8/14/2022 17:00,1.672
8/14/2022 18:00,1.589
8/14/2022 19:00,1.662
8/14/2022 20:00,1.782
8/14/2022 21:00,1.953
8/14/2022 22:00,2.123
8/14/2022 23:00,2.209
8/15/2022 0:00,2.234
8/15/2022 1:00,2.192
8/15/2022 2:00,2.134
8/15/2022 3:00,2.076
8/15/2022 4:00,2.532
8/15/2022 5:00,3.006
8/15/2022 6:00,2.997
8/15/2022 7:00,2.858
8/15/2022 8:00,2.632
8/15/2022 9:00,2.498
8/15/2022 10:00,2.391
8/15/2022 11:00,2.244
8/15/2022 12:00,2.09
8/15/2022 13:00,2.093
8/15/2022 14:00,2.299
8/15/2022 15:00,2.53
8/15/2022 16:00,2.684
8/15/2022 17:00,2.594
8/15/2022 18:00,2.484
8/15/2022 19:00,2.124
8/15/2022 20:00,1.764
8/15/2022 21:00,1.591
8/15/2022 22:00,1.496
8/15/2022 23:00,1.434
8/16/2022 0:00,1.404
8/16/2022 1:00,1.402
8/16/2022 2:00,1.377
8/16/2022 3:00,1.303
8/16/2022 4:00,1.287
8/16/2022 5:00,1.513
8/16/2022 6:00,1.356
8/16/2022 7:00,1.27
8/16/2022 8:00,1.264
8/16/2022 9:00,1.392
8/16/2022 10:00,1.627
8/16/2022 11:00,1.936
8/16/2022 12:00,2.25
8/16/2022 13:00,2.499
8/16/2022 14:00,2.666
8/16/2022 15:00,2.834
8/16/2022 16:00,2.823
8/16/2022 17:00,2.494
8/16/2022 18:00,2.124
8/16/2022 19:00,1.703
8/16/2022 20:00,1.484
8/16/2022 21:00,1.43
8/16/2022 22:00,1.486
8/16/2022 23:00,1.597
8/17/2022 0:00,1.731
8/17/2022 1:00,1.872
8/17/2022 2:00,1.987
8/17/2022 3:00,2.047
8/17/2022 4:00,2.515
8/17/2022 5:00,3.202
8/17/2022 6:00,3.33
8/17/2022 7:00,2.994
8/17/2022 8:00,2.793
8/17/2022 9:00,2.753
8/17/2022 10:00,2.794
8/17/2022 11:00,2.859
8/17/2022 12:00,2.921
8/17/2022 13:00,2.983
8/17/2022 14:00,3.026
8/17/2022 15:00,2.958
8/17/2022 16:00,2.366
8/17/2022 17:00,1.577
8/17/2022 18:00,1.358
8/17/2022 19:00,1.215
8/17/2022 20:00,1.403
8/17/2022 21:00,1.61
8/17/2022 22:00,1.786
8/17/2022 23:00,1.948
8/18/2022 0:00,2.104
8/18/2022 1:00,2.234
8/18/2022 2:00,2.322
8/18/2022 3:00,2.36
8/18/2022 4:00,2.797
8/18/2022 5:00,3.33
8/18/2022 6:00,3.494
8/18/2022 7:00,3.381
8/18/2022 8:00,3.318
8/18/2022 9:00,3.321
8/18/2022 10:00,3.38
8/18/2022 11:00,3.489
8/18/2022 12:00,3.594
8/18/2022 13:00,3.633
8/18/2022 14:00,3.567
8/18/2022 15:00,3.381
8/18/2022 16:00,2.555
8/18/2022 17:00,1.776
8/18/2022 18:00,1.591
8/18/2022 19:00,1.5
8/18/2022 20:00,1.527
8/18/2022 21:00,1.624
8/18/2022 22:00,1.781
8/18/2022 23:00,1.905
8/19/2022 0:00,1.97
8/19/2022 1:00,1.984
8/19/2022 2:00,1.964
8/19/2022 3:00,1.95
8/19/2022 4:00,2.128
8/19/2022 5:00,2.528
8/19/2022 6:00,2.305
8/19/2022 7:00,2.228
8/19/2022 8:00,2.233
8/19/2022 9:00,2.233
8/19/2022 10:00,2.184
8/19/2022 11:00,2.168
8/19/2022 12:00,2.231
8/19/2022 13:00,2.311
8/19/2022 14:00,2.384
8/19/2022 15:00,2.46
8/19/2022 16:00,2.21
8/19/2022 17:00,1.77
8/19/2022 18:00,1.658
8/19/2022 19:00,1.484
8/19/2022 20:00,1.347
8/19/2022 21:00,1.228
8/19/2022 22:00,1.118
8/19/2022 23:00,1.138
8/20/2022 0:00,1.236
8/20/2022 1:00,1.333
8/20/2022 2:00,1.404
8/20/2022 3:00,1.463
8/20/2022 4:00,1.668
8/20/2022 5:00,2.092
8/20/2022 6:00,2.359
8/20/2022 7:00,2.548
8/20/2022 8:00,2.688
8/20/2022 9:00,2.8
8/20/2022 10:00,2.912
8/20/2022 11:00,3.036
8/20/2022 12:00,3.128
8/20/2022 13:00,3.196
8/20/2022 14:00,3.213
8/20/2022 15:00,3.132
8/20/2022 16:00,2.793
8/20/2022 17:00,2.023
8/20/2022 18:00,1.815
8/20/2022 19:00,1.665
8/20/2022 20:00,1.506
8/20/2022 21:00,1.375
8/20/2022 22:00,1.288
8/20/2022 23:00,1.116
8/21/2022 0:00,1.4
8/21/2022 1:00,1.6
8/21/2022 2:00,1.692
8/21/2022 3:00,1.707
8/21/2022 4:00,2.097
8/21/2022 5:00,2.445
8/21/2022 6:00,2.391
8/21/2022 7:00,2.366
8/21/2022 8:00,2.436
8/21/2022 9:00,2.535
8/21/2022 10:00,2.634
8/21/2022 11:00,2.73
8/21/2022 12:00,2.763
8/21/2022 13:00,2.734
8/21/2022 14:00,2.668
8/21/2022 15:00,2.573
8/21/2022 16:00,2.374
8/21/2022 17:00,2.026
8/21/2022 18:00,2.021
8/21/2022 19:00,1.851
8/21/2022 20:00,1.664
8/21/2022 21:00,1.603
8/21/2022 22:00,1.63
8/21/2022 23:00,1.692
8/22/2022 0:00,1.76
8/22/2022 1:00,1.818
8/22/2022 2:00,1.844
8/22/2022 3:00,1.772
8/22/2022 4:00,2.056
8/22/2022 5:00,2.315
8/22/2022 6:00,2.269
8/22/2022 7:00,2.135
8/22/2022 8:00,1.991
8/22/2022 9:00,1.979
8/22/2022 10:00,2.025
8/22/2022 11:00,2.078
8/22/2022 12:00,2.092
8/22/2022 13:00,2.114
8/22/2022 14:00,2.13
8/22/2022 15:00,2.084
8/22/2022 16:00,1.857
8/22/2022 17:00,1.539
8/22/2022 18:00,1.418
8/22/2022 19:00,1.359
8/22/2022 20:00,1.355
8/22/2022 21:00,1.348
8/22/2022 22:00,1.305
8/22/2022 23:00,1.25
8/23/2022 0:00,1.209
8/23/2022 1:00,1.184
8/23/2022 2:00,1.169
8/23/2022 3:00,1.156
8/23/2022 4:00,1.267
8/23/2022 5:00,1.462
8/23/2022 6:00,1.479
8/23/2022 7:00,1.515
8/23/2022 8:00,1.571
8/23/2022 9:00,1.639
8/23/2022 10:00,1.733
8/23/2022 11:00,1.832
8/23/2022 12:00,1.908
8/23/2022 13:00,1.93
8/23/2022 14:00,1.872
8/23/2022 15:00,1.681
8/23/2022 16:00,1.332
8/23/2022 17:00,1.14
8/23/2022 18:00,1.115
8/23/2022 19:00,1.098
8/23/2022 20:00,1.125
8/23/2022 21:00,1.26
8/23/2022 22:00,1.424
8/23/2022 23:00,1.588
8/24/2022 0:00,1.717
8/24/2022 1:00,1.8
8/24/2022 2:00,1.823
8/24/2022 3:00,1.779
8/24/2022 4:00,1.836
8/24/2022 5:00,2.144
8/24/2022 6:00,2.147
8/24/2022 7:00,2.045
8/24/2022 8:00,1.84
8/24/2022 9:00,1.58
8/24/2022 10:00,1.365
8/24/2022 11:00,1.371
8/24/2022 12:00,1.517
8/24/2022 13:00,1.619
8/24/2022 14:00,1.738
8/24/2022 15:00,1.758
8/24/2022 16:00,1.608
8/24/2022 17:00,1.569
8/24/2022 18:00,1.625
8/24/2022 19:00,1.592
8/24/2022 20:00,1.519
8/24/2022 21:00,1.501
8/24/2022 22:00,1.571
8/24/2022 23:00,1.64
8/25/2022 0:00,1.67
8/25/2022 1:00,1.678
8/25/2022 2:00,1.698
8/25/2022 3:00,1.682
8/25/2022 4:00,1.946
8/25/2022 5:00,2.425
8/25/2022 6:00,2.53
8/25/2022 7:00,2.488
8/25/2022 8:00,2.394
8/25/2022 9:00,2.254
8/25/2022 10:00,2.083
8/25/2022 11:00,1.904
8/25/2022 12:00,1.777
8/25/2022 13:00,1.72
8/25/2022 14:00,1.663
8/25/2022 15:00,1.578
8/25/2022 16:00,1.351
8/25/2022 17:00,1.18
8/25/2022 18:00,1.21
8/25/2022 19:00,1.213
8/25/2022 20:00,1.215
8/25/2022 21:00,1.193
8/25/2022 22:00,1.176
8/25/2022 23:00,1.18
8/26/2022 0:00,1.209
8/26/2022 1:00,1.265
8/26/2022 2:00,1.316
8/26/2022 3:00,1.382
8/26/2022 4:00,1.563
8/26/2022 5:00,2.063
8/26/2022 6:00,2.221
8/26/2022 7:00,2.279
8/26/2022 8:00,2.216
8/26/2022 9:00,2.109
8/26/2022 10:00,1.992
8/26/2022 11:00,1.876
8/26/2022 12:00,1.798
8/26/2022 13:00,1.732
8/26/2022 14:00,1.673
8/26/2022 15:00,1.591
8/26/2022 16:00,1.315
8/26/2022 17:00,1.347
8/26/2022 18:00,1.325
8/26/2022 19:00,1.207
8/26/2022 20:00,1.088
8/26/2022 21:00,1.011
8/26/2022 22:00,1.023
8/26/2022 23:00,1.072
8/27/2022 0:00,1.135
8/27/2022 1:00,1.194
8/27/2022 2:00,1.29
8/27/2022 3:00,1.336
8/27/2022 4:00,1.395
8/27/2022 5:00,1.898
8/27/2022 6:00,1.837
8/27/2022 7:00,1.865
8/27/2022 8:00,1.862
8/27/2022 9:00,1.857
8/27/2022 10:00,1.909
8/27/2022 11:00,1.981
8/27/2022 12:00,2.055
8/27/2022 13:00,2.082
8/27/2022 14:00,2.047
8/27/2022 15:00,1.95
8/27/2022 16:00,1.457
8/27/2022 17:00,1.362
8/27/2022 18:00,1.355
8/27/2022 19:00,1.235
8/27/2022 20:00,1.145
8/27/2022 21:00,1.109
8/27/2022 22:00,1.065
8/27/2022 23:00,1.015
8/28/2022 0:00,1.011
8/28/2022 1:00,1.088
8/28/2022 2:00,1.197
8/28/2022 3:00,1.261
8/28/2022 4:00,1.256
8/28/2022 5:00,1.668
8/28/2022 6:00,1.651
8/28/2022 7:00,1.648
8/28/2022 8:00,1.538
8/28/2022 9:00,1.579
8/28/2022 10:00,1.706
8/28/2022 11:00,1.868
8/28/2022 12:00,2.03
8/28/2022 13:00,2.125
8/28/2022 14:00,2.163
8/28/2022 15:00,2.061
8/28/2022 16:00,1.632
8/28/2022 17:00,1.589
8/28/2022 18:00,1.546
8/28/2022 19:00,1.413
8/28/2022 20:00,1.311
8/28/2022 21:00,1.247
8/28/2022 22:00,1.21
8/28/2022 23:00,1.194
8/29/2022 0:00,1.265
8/29/2022 1:00,1.358
8/29/2022 2:00,1.433
8/29/2022 3:00,1.504
8/29/2022 4:00,1.561
8/29/2022 5:00,2.148
8/29/2022 6:00,2.058
8/29/2022 7:00,1.897
8/29/2022 8:00,1.878
8/29/2022 9:00,1.954
8/29/2022 10:00,2.11
8/29/2022 11:00,2.254
8/29/2022 12:00,2.368
8/29/2022 13:00,2.433
8/29/2022 14:00,2.42
8/29/2022 15:00,2.246
8/29/2022 16:00,1.617
8/29/2022 17:00,1.365
8/29/2022 18:00,1.223
8/29/2022 19:00,1.072
8/29/2022 20:00,0.924
8/29/2022 21:00,1.126
8/29/2022 22:00,1.345
8/29/2022 23:00,1.532
8/30/2022 0:00,1.672
8/30/2022 1:00,1.78
8/30/2022 2:00,1.867
8/30/2022 3:00,1.885
8/30/2022 4:00,1.939
8/30/2022 5:00,2.493
8/30/2022 6:00,2.497
8/30/2022 7:00,2.356
8/30/2022 8:00,2.304
8/30/2022 9:00,2.339
8/30/2022 10:00,2.378
8/30/2022 11:00,2.394
8/30/2022 12:00,2.366
8/30/2022 13:00,2.295
8/30/2022 14:00,2.182
8/30/2022 15:00,2.019
8/30/2022 16:00,1.504
8/30/2022 17:00,1.322
8/30/2022 18:00,1.37
8/30/2022 19:00,1.37
8/30/2022 20:00,1.406
8/30/2022 21:00,1.464
8/30/2022 22:00,1.563
8/30/2022 23:00,1.646
8/31/2022 0:00,1.702
8/31/2022 1:00,1.751
8/31/2022 2:00,1.805
8/31/2022 3:00,1.794
8/31/2022 4:00,1.859
8/31/2022 5:00,2.429
8/31/2022 6:00,2.4
8/31/2022 7:00,2.122
8/31/2022 8:00,1.964
8/31/2022 9:00,1.936
8/31/2022 10:00,1.954
8/31/2022 11:00,1.991
8/31/2022 12:00,2.033
8/31/2022 13:00,2.082
8/31/2022 14:00,2.097
8/31/2022 15:00,1.987
8/31/2022 16:00,1.509
8/31/2022 17:00,1.391
8/31/2022 18:00,1.389
8/31/2022 19:00,1.267
8/31/2022 20:00,1.189
8/31/2022 21:00,1.189
8/31/2022 22:00,1.233
8/31/2022 23:00,1.281
9/1/2022 0:00,1.329
9/1/2022 1:00,1.371
9/1/2022 2:00,1.419
9/1/2022 3:00,1.438
9/1/2022 4:00,1.469
9/1/2022 5:00,1.916
9/1/2022 6:00,1.758
9/1/2022 7:00,1.723
9/1/2022 8:00,1.687
9/1/2022 9:00,1.809
9/1/2022 10:00,1.972
9/1/2022 11:00,2.136
9/1/2022 12:00,2.273
9/1/2022 13:00,2.384
9/1/2022 14:00,2.471
9/1/2022 15:00,2.495
9/1/2022 16:00,2.241
9/1/2022 17:00,1.982
9/1/2022 18:00,1.762
9/1/2022 19:00,1.545
9/1/2022 20:00,1.395
9/1/2022 21:00,1.306
9/1/2022 22:00,1.262
9/1/2022 23:00,1.243
9/2/2022 0:00,1.241
9/2/2022 1:00,1.246
9/2/2022 2:00,1.249
9/2/2022 3:00,1.24
9/2/2022 4:00,1.306
9/2/2022 5:00,1.612
9/2/2022 6:00,1.771
9/2/2022 7:00,2.009
9/2/2022 8:00,2.17
9/2/2022 9:00,2.337
9/2/2022 10:00,2.465
9/2/2022 11:00,2.509
9/2/2022 12:00,2.492
9/2/2022 13:00,2.437
9/2/2022 14:00,2.372
9/2/2022 15:00,2.29
9/2/2022 16:00,2.019
9/2/2022 17:00,1.841
9/2/2022 18:00,1.742
9/2/2022 19:00,1.559
9/2/2022 20:00,1.404
9/2/2022 21:00,1.287
9/2/2022 22:00,1.312
9/2/2022 23:00,1.525
9/3/2022 0:00,1.671
9/3/2022 1:00,1.752
9/3/2022 2:00,1.794
9/3/2022 3:00,1.787
9/3/2022 4:00,2.017
9/3/2022 5:00,2.601
9/3/2022 6:00,2.585
9/3/2022 7:00,2.402
9/3/2022 8:00,2.2
9/3/2022 9:00,1.986
9/3/2022 10:00,1.856
9/3/2022 11:00,1.853
9/3/2022 12:00,1.861
9/3/2022 13:00,1.898
9/3/2022 14:00,1.998
9/3/2022 15:00,2.105
9/3/2022 16:00,1.943
9/3/2022 17:00,1.894
9/3/2022 18:00,1.779
9/3/2022 19:00,1.477
9/3/2022 20:00,1.279
9/3/2022 21:00,1.13
9/3/2022 22:00,1.21
9/3/2022 23:00,1.363
9/4/2022 0:00,1.512
9/4/2022 1:00,1.65
9/4/2022 2:00,1.792
9/4/2022 3:00,1.912
9/4/2022 4:00,2.201
9/4/2022 5:00,2.902
9/4/2022 6:00,2.954
9/4/2022 7:00,2.831
9/4/2022 8:00,2.734
9/4/2022 9:00,2.681
9/4/2022 10:00,2.813
9/4/2022 11:00,2.986
9/4/2022 12:00,3.158
9/4/2022 13:00,3.31
9/4/2022 14:00,3.46
9/4/2022 15:00,3.566
9/4/2022 16:00,3.384
9/4/2022 17:00,3.092
9/4/2022 18:00,2.855
9/4/2022 19:00,2.569
9/4/2022 20:00,2.314
9/4/2022 21:00,2.2
9/4/2022 22:00,2.245
9/4/2022 23:00,2.393
9/5/2022 0:00,2.536
9/5/2022 1:00,2.663
9/5/2022 2:00,2.795
9/5/2022 3:00,3.032
9/5/2022 4:00,3.494
9/5/2022 5:00,4.194
9/5/2022 6:00,4.568
9/5/2022 7:00,4.882
9/5/2022 8:00,5.115
9/5/2022 9:00,5.294
9/5/2022 10:00,5.42
9/5/2022 11:00,5.501
9/5/2022 12:00,5.611
9/5/2022 13:00,5.661
9/5/2022 14:00,5.597
9/5/2022 15:00,5.411
9/5/2022 16:00,4.833
9/5/2022 17:00,4.372
9/5/2022 18:00,4.145
9/5/2022 19:00,4.064
9/5/2022 20:00,4.112
9/5/2022 21:00,4.338
9/5/2022 22:00,4.515
9/5/2022 23:00,4.498
9/6/2022 0:00,4.457
9/6/2022 1:00,4.432
9/6/2022 2:00,4.432
9/6/2022 3:00,4.449
9/6/2022 4:00,4.611
9/6/2022 5:00,5.405
9/6/2022 6:00,5.685
9/6/2022 7:00,5.641
9/6/2022 8:00,5.579
9/6/2022 9:00,5.485
9/6/2022 10:00,5.372
9/6/2022 11:00,5.312
9/6/2022 12:00,5.295
9/6/2022 13:00,5.264
9/6/2022 14:00,5.147
9/6/2022 15:00,4.922
9/6/2022 16:00,4.231
9/6/2022 17:00,3.704
9/6/2022 18:00,3.412
9/6/2022 19:00,3.183
9/6/2022 20:00,3.113
9/6/2022 21:00,3.25
9/6/2022 22:00,3.329
9/6/2022 23:00,3.598
9/7/2022 0:00,3.769
9/7/2022 1:00,3.894
9/7/2022 2:00,3.98
9/7/2022 3:00,4.011
9/7/2022 4:00,4.137
9/7/2022 5:00,4.899
9/7/2022 6:00,5.257
9/7/2022 7:00,5.363
9/7/2022 8:00,5.4
9/7/2022 9:00,5.377
9/7/2022 10:00,5.373
9/7/2022 11:00,5.379
9/7/2022 12:00,5.374
9/7/2022 13:00,5.307
9/7/2022 14:00,5.156
9/7/2022 15:00,4.883
9/7/2022 16:00,4.113
9/7/2022 17:00,3.53
9/7/2022 18:00,3.272
9/7/2022 19:00,3.105
9/7/2022 20:00,2.953
9/7/2022 21:00,2.932
9/7/2022 22:00,2.972
9/7/2022 23:00,3.068
9/8/2022 0:00,3.111
9/8/2022 1:00,3.14
9/8/2022 2:00,3.138
9/8/2022 3:00,3.108
9/8/2022 4:00,3.256
9/8/2022 5:00,4.159
9/8/2022 6:00,4.56
9/8/2022 7:00,4.573
9/8/2022 8:00,4.469
9/8/2022 9:00,4.362
9/8/2022 10:00,4.302
9/8/2022 11:00,4.272
9/8/2022 12:00,4.231
9/8/2022 13:00,4.15
9/8/2022 14:00,4.055
9/8/2022 15:00,3.848
9/8/2022 16:00,2.974
9/8/2022 17:00,2.49
9/8/2022 18:00,2.243
9/8/2022 19:00,1.976
9/8/2022 20:00,1.775
9/8/2022 21:00,1.66
9/8/2022 22:00,1.631
9/8/2022 23:00,1.659
9/9/2022 0:00,1.717
9/9/2022 1:00,1.77
9/9/2022 2:00,1.809
9/9/2022 3:00,1.8
9/9/2022 4:00,1.739
9/9/2022 5:00,2.126
9/9/2022 6:00,2.185
9/9/2022 7:00,2.094
9/9/2022 8:00,1.965
9/9/2022 9:00,1.918
9/9/2022 10:00,2.029
9/9/2022 11:00,2.135
9/9/2022 12:00,2.242
9/9/2022 13:00,2.403
9/9/2022 14:00,2.582
9/9/2022 15:00,2.644
9/9/2022 16:00,2.169
9/9/2022 17:00,2.026
9/9/2022 18:00,1.789
9/9/2022 19:00,1.586
9/9/2022 20:00,1.462
9/9/2022 21:00,1.401
9/9/2022 22:00,1.383
9/9/2022 23:00,1.396
9/10/2022 0:00,1.405
9/10/2022 1:00,1.411
9/10/2022 2:00,1.43
9/10/2022 3:00,1.44
9/10/2022 4:00,1.398
9/10/2022 5:00,1.809
9/10/2022 6:00,1.952
9/10/2022 7:00,1.85
9/10/2022 8:00,1.759
9/10/2022 9:00,1.756
9/10/2022 10:00,1.949
9/10/2022 11:00,2.214
9/10/2022 12:00,2.461
9/10/2022 13:00,2.676
9/10/2022 14:00,2.823
9/10/2022 15:00,2.787
9/10/2022 16:00,2.331
9/10/2022 17:00,2.022
9/10/2022 18:00,1.657
9/10/2022 19:00,1.444
9/10/2022 20:00,1.441
9/10/2022 21:00,1.564
9/10/2022 22:00,1.669
9/10/2022 23:00,1.75
9/11/2022 0:00,1.845
9/11/2022 1:00,1.934
9/11/2022 2:00,1.98
9/11/2022 3:00,1.989
9/11/2022 4:00,1.999
9/11/2022 5:00,2.682
9/11/2022 6:00,2.739
9/11/2022 7:00,2.617
9/11/2022 8:00,2.311
9/11/2022 9:00,2.08
9/11/2022 10:00,1.928
9/11/2022 11:00,1.77
9/11/2022 12:00,1.836
9/11/2022 13:00,2.261
9/11/2022 14:00,2.671
9/11/2022 15:00,2.881
9/11/2022 16:00,2.525
9/11/2022 17:00,2.222
9/11/2022 18:00,1.811
9/11/2022 19:00,1.496
9/11/2022 20:00,1.397
9/11/2022 21:00,1.544
9/11/2022 22:00,1.865
9/11/2022 23:00,2.17
9/12/2022 0:00,2.408
9/12/2022 1:00,2.627
9/12/2022 2:00,2.892
9/12/2022 3:00,3.134
9/12/2022 4:00,3.535
9/12/2022 5:00,4.624
9/12/2022 6:00,5.02
9/12/2022 7:00,4.914
9/12/2022 8:00,4.696
9/12/2022 9:00,4.496
9/12/2022 10:00,4.345
9/12/2022 11:00,4.279
9/12/2022 12:00,4.267
9/12/2022 13:00,4.302
9/12/2022 14:00,4.352
9/12/2022 15:00,4.313
9/12/2022 16:00,3.673
9/12/2022 17:00,3.268
9/12/2022 18:00,3.024
9/12/2022 19:00,2.657
9/12/2022 20:00,2.355
9/12/2022 21:00,2.226
9/12/2022 22:00,2.212
9/12/2022 23:00,2.279
9/13/2022 0:00,2.372
9/13/2022 1:00,2.505
9/13/2022 2:00,2.655
9/13/2022 3:00,2.787
9/13/2022 4:00,3.085
9/13/2022 5:00,4.061
9/13/2022 6:00,4.305
9/13/2022 7:00,4.008
9/13/2022 8:00,3.643
9/13/2022 9:00,3.385
9/13/2022 10:00,3.323
9/13/2022 11:00,3.396
9/13/2022 12:00,3.516
9/13/2022 13:00,3.624
9/13/2022 14:00,3.689
9/13/2022 15:00,3.578
9/13/2022 16:00,3.016
9/13/2022 17:00,2.788
9/13/2022 18:00,2.531
9/13/2022 19:00,2.14
9/13/2022 20:00,1.919
9/13/2022 21:00,1.76
9/13/2022 22:00,1.663
9/13/2022 23:00,1.683
9/14/2022 0:00,1.72
9/14/2022 1:00,1.757
9/14/2022 2:00,1.794
9/14/2022 3:00,1.8
9/14/2022 4:00,1.781
9/14/2022 5:00,2.157
9/14/2022 6:00,2.292
9/14/2022 7:00,2.256
9/14/2022 8:00,2.208
9/14/2022 9:00,2.138
9/14/2022 10:00,2.125
9/14/2022 11:00,2.086
9/14/2022 12:00,2.068
9/14/2022 13:00,2.154
9/14/2022 14:00,2.197
9/14/2022 15:00,2.09
9/14/2022 16:00,1.811
9/14/2022 17:00,1.786
9/14/2022 18:00,1.69
9/14/2022 19:00,1.586
9/14/2022 20:00,1.534
9/14/2022 21:00,1.54
9/14/2022 22:00,1.548
9/14/2022 23:00,1.534
9/15/2022 0:00,1.484
9/15/2022 1:00,1.399
9/15/2022 2:00,1.306
9/15/2022 3:00,1.225
9/15/2022 4:00,1.124
9/15/2022 5:00,1.234
9/15/2022 6:00,1.244
9/15/2022 7:00,1.257
9/15/2022 8:00,1.516
9/15/2022 9:00,1.782
9/15/2022 10:00,2.008
9/15/2022 11:00,2.264
9/15/2022 12:00,2.511
9/15/2022 13:00,2.704
9/15/2022 14:00,2.875
9/15/2022 15:00,2.845
9/15/2022 16:00,2.442
9/15/2022 17:00,2.258
9/15/2022 18:00,2.042
9/15/2022 19:00,1.842
9/15/2022 20:00,1.719
9/15/2022 21:00,1.673
9/15/2022 22:00,1.672
9/15/2022 23:00,1.653
9/16/2022 0:00,1.624
9/16/2022 1:00,1.583
9/16/2022 2:00,1.556
9/16/2022 3:00,1.535
9/16/2022 4:00,1.511
9/16/2022 5:00,1.89
9/16/2022 6:00,2.088
9/16/2022 7:00,2.154
9/16/2022 8:00,2.219
9/16/2022 9:00,2.291
9/16/2022 10:00,2.333
9/16/2022 11:00,2.408
9/16/2022 12:00,2.496
9/16/2022 13:00,2.581
9/16/2022 14:00,2.634
9/16/2022 15:00,2.593
9/16/2022 16:00,2.356
9/16/2022 17:00,2.183
9/16/2022 18:00,1.965
9/16/2022 19:00,1.809
9/16/2022 20:00,1.635
9/16/2022 21:00,1.544
9/16/2022 22:00,1.503
9/16/2022 23:00,1.487
9/17/2022 0:00,1.509
9/17/2022 1:00,1.542
9/17/2022 2:00,1.563
9/17/2022 3:00,1.575
9/17/2022 4:00,1.56
9/17/2022 5:00,2.016
9/17/2022 6:00,2.21
9/17/2022 7:00,2.281
9/17/2022 8:00,2.358
9/17/2022 9:00,2.485
9/17/2022 10:00,2.731
9/17/2022 11:00,3.04
9/17/2022 12:00,3.342
9/17/2022 13:00,3.545
9/17/2022 14:00,3.622
9/17/2022 15:00,3.454
9/17/2022 16:00,2.851
9/17/2022 17:00,2.483
9/17/2022 18:00,2.137
9/17/2022 19:00,1.998
9/17/2022 20:00,2.077
9/17/2022 21:00,2.262
9/17/2022 22:00,2.364
9/17/2022 23:00,2.387
9/18/2022 0:00,2.345
9/18/2022 1:00,2.325
9/18/2022 2:00,2.328
9/18/2022 3:00,2.336
9/18/2022 4:00,2.374
9/18/2022 5:00,3.161
9/18/2022 6:00,3.966
9/18/2022 7:00,4.477
9/18/2022 8:00,4.662
9/18/2022 9:00,4.698
9/18/2022 10:00,4.664
9/18/2022 11:00,4.597
9/18/2022 12:00,4.525
9/18/2022 13:00,4.417
9/18/2022 14:00,4.272
9/18/2022 15:00,3.893
9/18/2022 16:00,2.968
9/18/2022 17:00,2.963
9/18/2022 18:00,3.074
9/18/2022 19:00,3.09
9/18/2022 20:00,3.086
9/18/2022 21:00,2.993
9/18/2022 22:00,2.964
9/18/2022 23:00,2.95
9/19/2022 0:00,2.913
9/19/2022 1:00,2.814
9/19/2022 2:00,2.717
9/19/2022 3:00,2.616
9/19/2022 4:00,2.596
9/19/2022 5:00,3.227
9/19/2022 6:00,3.078
9/19/2022 7:00,2.711
9/19/2022 8:00,2.481
9/19/2022 9:00,2.359
9/19/2022 10:00,2.316
9/19/2022 11:00,2.291
9/19/2022 12:00,2.247
9/19/2022 13:00,2.328
9/19/2022 14:00,2.634
9/19/2022 15:00,2.902
9/19/2022 16:00,2.473
9/19/2022 17:00,2.288
9/19/2022 18:00,2.095
9/19/2022 19:00,1.892
9/19/2022 20:00,1.724
9/19/2022 21:00,1.572
9/19/2022 22:00,1.434
9/19/2022 23:00,1.349
9/20/2022 0:00,1.427
9/20/2022 1:00,1.622
9/20/2022 2:00,1.835
9/20/2022 3:00,1.993
9/20/2022 4:00,2.122
9/20/2022 5:00,2.868
9/20/2022 6:00,3.3
9/20/2022 7:00,3.254
9/20/2022 8:00,3.124
9/20/2022 9:00,3.011
9/20/2022 10:00,2.986
9/20/2022 11:00,3.073
9/20/2022 12:00,3.231
9/20/2022 13:00,3.4
9/20/2022 14:00,3.566
9/20/2022 15:00,3.493
9/20/2022 16:00,2.96
9/20/2022 17:00,2.7
9/20/2022 18:00,2.414
9/20/2022 19:00,2.115
9/20/2022 20:00,1.887
9/20/2022 21:00,1.794
9/20/2022 22:00,1.805
9/20/2022 23:00,1.864
9/21/2022 0:00,1.923
9/21/2022 1:00,1.968
9/21/2022 2:00,1.993
9/21/2022 3:00,1.989
9/21/2022 4:00,1.991
9/21/2022 5:00,2.582
9/21/2022 6:00,2.733
9/21/2022 7:00,2.49
9/21/2022 8:00,2.222
9/21/2022 9:00,2.109
9/21/2022 10:00,2.279
9/21/2022 11:00,2.618
9/21/2022 12:00,3.072
9/21/2022 13:00,3.553
9/21/2022 14:00,3.969
9/21/2022 15:00,4.186
9/21/2022 16:00,3.956
9/21/2022 17:00,3.924
9/21/2022 18:00,3.974
9/21/2022 19:00,4.042
9/21/2022 20:00,4.153
9/21/2022 21:00,4.224
9/21/2022 22:00,4.185
9/21/2022 23:00,4.077
9/22/2022 0:00,4.02
9/22/2022 1:00,4.109
9/22/2022 2:00,4.194
9/22/2022 3:00,4.145
9/22/2022 4:00,4.108
9/22/2022 5:00,4.771
9/22/2022 6:00,4.922
9/22/2022 7:00,4.606
9/22/2022 8:00,4.194
9/22/2022 9:00,3.875
9/22/2022 10:00,3.701
9/22/2022 11:00,3.646
9/22/2022 12:00,3.605
9/22/2022 13:00,3.535
9/22/2022 14:00,3.468
9/22/2022 15:00,3.335
9/22/2022 16:00,2.813
9/22/2022 17:00,2.775
9/22/2022 18:00,2.687
9/22/2022 19:00,2.499
9/22/2022 20:00,2.393
9/22/2022 21:00,2.308
9/22/2022 22:00,2.194
9/22/2022 23:00,2.092
9/23/2022 0:00,2.107
9/23/2022 1:00,2.202
9/23/2022 2:00,2.294
9/23/2022 3:00,2.311
9/23/2022 4:00,2.309
9/23/2022 5:00,2.855
9/23/2022 6:00,3.245
9/23/2022 7:00,3.144
9/23/2022 8:00,2.956
9/23/2022 9:00,2.874
9/23/2022 10:00,2.725
9/23/2022 11:00,2.559
9/23/2022 12:00,2.792
9/23/2022 13:00,3.032
9/23/2022 14:00,3.117
9/23/2022 15:00,3.024
9/23/2022 16:00,2.584
9/23/2022 17:00,2.543
9/23/2022 18:00,2.4
9/23/2022 19:00,2.249
9/23/2022 20:00,2.179
9/23/2022 21:00,2.118
9/23/2022 22:00,2.042
9/23/2022 23:00,1.991
9/24/2022 0:00,1.992
9/24/2022 1:00,2.016
9/24/2022 2:00,2.049
9/24/2022 3:00,2.041
9/24/2022 4:00,1.997
9/24/2022 5:00,2.238
9/24/2022 6:00,2.504
9/24/2022 7:00,2.422
9/24/2022 8:00,2.417
9/24/2022 9:00,2.374
9/24/2022 10:00,2.363
9/24/2022 11:00,2.368
9/24/2022 12:00,2.355
9/24/2022 13:00,2.358
9/24/2022 14:00,2.444
9/24/2022 15:00,2.423
9/24/2022 16:00,2.138
9/24/2022 17:00,2.176
9/24/2022 18:00,2.064
9/24/2022 19:00,1.863
9/24/2022 20:00,1.672
9/24/2022 21:00,1.51
9/24/2022 22:00,1.392
9/24/2022 23:00,1.346
9/25/2022 0:00,1.362
9/25/2022 1:00,1.376
9/25/2022 2:00,1.38
9/25/2022 3:00,1.334
9/25/2022 4:00,1.284
9/25/2022 5:00,1.372
9/25/2022 6:00,1.599
9/25/2022 7:00,1.496
9/25/2022 8:00,1.487
9/25/2022 9:00,1.747
9/25/2022 10:00,2.11
9/25/2022 11:00,2.476
9/25/2022 12:00,2.778
9/25/2022 13:00,2.961
9/25/2022 14:00,3.015
9/25/2022 15:00,2.76
9/25/2022 16:00,2.12
9/25/2022 17:00,1.999
9/25/2022 18:00,1.899
9/25/2022 19:00,1.828
9/25/2022 20:00,1.776
9/25/2022 21:00,1.736
9/25/2022 22:00,1.695
9/25/2022 23:00,1.628
9/26/2022 0:00,1.547
9/26/2022 1:00,1.463
9/26/2022 2:00,1.411
9/26/2022 3:00,1.387
9/26/2022 4:00,1.365
9/26/2022 5:00,1.366
9/26/2022 6:00,1.74
9/26/2022 7:00,1.932
9/26/2022 8:00,2.258
9/26/2022 9:00,2.591
9/26/2022 10:00,2.974
9/26/2022 11:00,3.393
9/26/2022 12:00,3.749
9/26/2022 13:00,4.05
9/26/2022 14:00,4.206
9/26/2022 15:00,4.059
9/26/2022 16:00,3.433
9/26/2022 17:00,2.995
9/26/2022 18:00,2.8
9/26/2022 19:00,2.712
9/26/2022 20:00,2.584
9/26/2022 21:00,2.52
9/26/2022 22:00,2.528
9/26/2022 23:00,2.562
9/27/2022 0:00,2.621
9/27/2022 1:00,2.669
9/27/2022 2:00,2.757
9/27/2022 3:00,2.8
9/27/2022 4:00,2.808
9/27/2022 5:00,3.094
9/27/2022 6:00,3.977
9/27/2022 7:00,4.73
9/27/2022 8:00,5.262
9/27/2022 9:00,5.477
9/27/2022 10:00,5.492
9/27/2022 11:00,5.398
9/27/2022 12:00,5.225
9/27/2022 13:00,5.069
9/27/2022 14:00,4.812
9/27/2022 15:00,3.925
9/27/2022 16:00,2.838
9/27/2022 17:00,2.651
9/27/2022 18:00,2.559
9/27/2022 19:00,2.475
9/27/2022 20:00,2.407
9/27/2022 21:00,2.331
9/27/2022 22:00,2.234
9/27/2022 23:00,2.167
9/28/2022 0:00,2.072
9/28/2022 1:00,1.931
9/28/2022 2:00,1.853
9/28/2022 3:00,1.822
9/28/2022 4:00,1.788
9/28/2022 5:00,2.08
9/28/2022 6:00,2.823
9/28/2022 7:00,3.272
9/28/2022 8:00,3.381
9/28/2022 9:00,3.39
9/28/2022 10:00,3.408
9/28/2022 11:00,3.534
9/28/2022 12:00,3.741
9/28/2022 13:00,3.943
9/28/2022 14:00,4.004
9/28/2022 15:00,3.523
9/28/2022 16:00,2.644
9/28/2022 17:00,2.374
9/28/2022 18:00,2.339
9/28/2022 19:00,2.411
9/28/2022 20:00,2.473
9/28/2022 21:00,2.389
9/28/2022 22:00,2.228
9/28/2022 23:00,2.088
9/29/2022 0:00,1.995
9/29/2022 1:00,1.916
9/29/2022 2:00,1.853
9/29/2022 3:00,1.89
9/29/2022 4:00,1.944
9/29/2022 5:00,2.416
9/29/2022 6:00,3.197
9/29/2022 7:00,3.573
9/29/2022 8:00,3.714
9/29/2022 9:00,3.739
9/29/2022 10:00,3.757
9/29/2022 11:00,3.797
9/29/2022 12:00,3.846
9/29/2022 13:00,3.879
9/29/2022 14:00,3.811
9/29/2022 15:00,3.363
9/29/2022 16:00,2.354
9/29/2022 17:00,2.173
9/29/2022 18:00,2.035
9/29/2022 19:00,1.904
9/29/2022 20:00,1.826
9/29/2022 21:00,1.805
9/29/2022 22:00,1.776
9/29/2022 23:00,1.717
9/30/2022 0:00,1.641
9/30/2022 1:00,1.556
9/30/2022 2:00,1.485
9/30/2022 3:00,1.387
9/30/2022 4:00,1.3
9/30/2022 5:00,1.339
9/30/2022 6:00,1.602
9/30/2022 7:00,1.304
9/30/2022 8:00,1.165
9/30/2022 9:00,1.471
9/30/2022 10:00,1.768
9/30/2022 11:00,2
9/30/2022 12:00,2.109
9/30/2022 13:00,2.099
9/30/2022 14:00,2.009
9/30/2022 15:00,1.66
9/30/2022 16:00,1.525
9/30/2022 17:00,1.526
9/30/2022 18:00,1.458
9/30/2022 19:00,1.413
9/30/2022 20:00,1.407
9/30/2022 21:00,1.418
9/30/2022 22:00,1.415
9/30/2022 23:00,1.397
10/1/2022 0:00,1.4
10/1/2022 1:00,1.375
10/1/2022 2:00,1.3
10/1/2022 3:00,1.212
10/1/2022 4:00,1.235
10/1/2022 5:00,1.296
10/1/2022 6:00,1.478
10/1/2022 7:00,1.969
10/1/2022 8:00,2.27
10/1/2022 9:00,2.601
10/1/2022 10:00,2.975
10/1/2022 11:00,3.278
10/1/2022 12:00,3.513
10/1/2022 13:00,3.61
10/1/2022 14:00,3.553
10/1/2022 15:00,3.106
10/1/2022 16:00,2.649
10/1/2022 17:00,2.72
10/1/2022 18:00,2.793
10/1/2022 19:00,2.846
10/1/2022 20:00,2.88
10/1/2022 21:00,2.958
10/1/2022 22:00,2.962
10/1/2022 23:00,2.902
10/2/2022 0:00,2.996
10/2/2022 1:00,3.298
10/2/2022 2:00,3.543
10/2/2022 3:00,3.783
10/2/2022 4:00,3.958
10/2/2022 5:00,4.616
10/2/2022 6:00,5.532
10/2/2022 7:00,6.392
10/2/2022 8:00,6.579
10/2/2022 9:00,6.573
10/2/2022 10:00,6.491
10/2/2022 11:00,6.374
10/2/2022 12:00,6.199
10/2/2022 13:00,5.978
10/2/2022 14:00,5.64
10/2/2022 15:00,4.753
10/2/2022 16:00,3.44
10/2/2022 17:00,3.092
10/2/2022 18:00,2.947
10/2/2022 19:00,2.824
10/2/2022 20:00,2.723
10/2/2022 21:00,2.685
10/2/2022 22:00,2.666
10/2/2022 23:00,2.584
10/3/2022 0:00,2.432
10/3/2022 1:00,2.248
10/3/2022 2:00,2.107
10/3/2022 3:00,1.937
10/3/2022 4:00,1.799
10/3/2022 5:00,1.783
10/3/2022 6:00,2.001
10/3/2022 7:00,1.974
10/3/2022 8:00,2.007
10/3/2022 9:00,2.072
10/3/2022 10:00,2.243
10/3/2022 11:00,2.519
10/3/2022 12:00,2.816
10/3/2022 13:00,3.161
10/3/2022 14:00,3.555
10/3/2022 15:00,3.692
10/3/2022 16:00,3.05
10/3/2022 17:00,2.852
10/3/2022 18:00,2.839
10/3/2022 19:00,3.018
10/3/2022 20:00,3.363
10/3/2022 21:00,3.661
10/3/2022 22:00,3.852
10/3/2022 23:00,3.963
10/4/2022 0:00,3.962
10/4/2022 1:00,4.081
10/4/2022 2:00,4.267
10/4/2022 3:00,4.357
10/4/2022 4:00,4.246
10/4/2022 5:00,4.81
10/4/2022 6:00,5.455
10/4/2022 7:00,5.364
10/4/2022 8:00,4.995
10/4/2022 9:00,4.623
10/4/2022 10:00,4.352
10/4/2022 11:00,4.238
10/4/2022 12:00,4.172
10/4/2022 13:00,4.142
10/4/2022 14:00,4.11
10/4/2022 15:00,3.812
10/4/2022 16:00,3.333
10/4/2022 17:00,3.286
10/4/2022 18:00,3.24
10/4/2022 19:00,3.176
10/4/2022 20:00,3.085
10/4/2022 21:00,2.92
10/4/2022 22:00,2.793
10/4/2022 23:00,2.771
10/5/2022 0:00,2.832
10/5/2022 1:00,2.909
10/5/2022 2:00,2.978
10/5/2022 3:00,3.067
10/5/2022 4:00,3.17
10/5/2022 5:00,3.793
10/5/2022 6:00,4.618
10/5/2022 7:00,4.672
10/5/2022 8:00,4.671
10/5/2022 9:00,4.624
10/5/2022 10:00,4.572
10/5/2022 11:00,4.497
10/5/2022 12:00,4.419
10/5/2022 13:00,4.394
10/5/2022 14:00,4.388
10/5/2022 15:00,4.186
10/5/2022 16:00,3.719
10/5/2022 17:00,3.584
10/5/2022 18:00,3.499
10/5/2022 19:00,3.411
10/5/2022 20:00,3.368
10/5/2022 21:00,3.403
10/5/2022 22:00,3.461
10/5/2022 23:00,3.628
10/6/2022 0:00,3.764
10/6/2022 1:00,3.898
10/6/2022 2:00,3.984
10/6/2022 3:00,3.975
10/6/2022 4:00,3.933
10/6/2022 5:00,4.432
10/6/2022 6:00,5.292
10/6/2022 7:00,5.486
10/6/2022 8:00,5.546
10/6/2022 9:00,5.537
10/6/2022 10:00,5.554
10/6/2022 11:00,5.606
10/6/2022 12:00,5.611
10/6/2022 13:00,5.516
10/6/2022 14:00,5.33
10/6/2022 15:00,4.842
10/6/2022 16:00,4.335
10/6/2022 17:00,4.139
10/6/2022 18:00,4.023
10/6/2022 19:00,3.92
10/6/2022 20:00,3.853
10/6/2022 21:00,3.802
10/6/2022 22:00,3.972
10/6/2022 23:00,4.124
10/7/2022 0:00,4.254
10/7/2022 1:00,4.353
10/7/2022 2:00,4.456
10/7/2022 3:00,4.525
10/7/2022 4:00,4.562
10/7/2022 5:00,4.972
10/7/2022 6:00,5.788
10/7/2022 7:00,6.028
10/7/2022 8:00,6.013
10/7/2022 9:00,5.878
10/7/2022 10:00,5.701
10/7/2022 11:00,5.549
10/7/2022 12:00,5.453
10/7/2022 13:00,5.362
10/7/2022 14:00,5.177
10/7/2022 15:00,4.533
10/7/2022 16:00,3.807
10/7/2022 17:00,3.527
10/7/2022 18:00,3.33
10/7/2022 19:00,3.127
10/7/2022 20:00,3.132
10/7/2022 21:00,3.036
10/7/2022 22:00,2.915
10/7/2022 23:00,2.91
10/8/2022 0:00,2.934
10/8/2022 1:00,2.985
10/8/2022 2:00,3.025
10/8/2022 3:00,3.071
10/8/2022 4:00,3.116
10/8/2022 5:00,3.537
10/8/2022 6:00,4.252
10/8/2022 7:00,4.285
10/8/2022 8:00,4.293
10/8/2022 9:00,4.184
10/8/2022 10:00,3.962
10/8/2022 11:00,3.791
10/8/2022 12:00,3.707
10/8/2022 13:00,3.663
10/8/2022 14:00,3.591
10/8/2022 15:00,3.011
10/8/2022 16:00,2.422
10/8/2022 17:00,2.239
10/8/2022 18:00,2.004
10/8/2022 19:00,1.795
10/8/2022 20:00,1.659
10/8/2022 21:00,1.58
10/8/2022 22:00,1.552
10/8/2022 23:00,1.571
10/9/2022 0:00,1.642
10/9/2022 1:00,1.722
10/9/2022 2:00,1.771
10/9/2022 3:00,1.771
10/9/2022 4:00,1.739
10/9/2022 5:00,1.656
10/9/2022 6:00,2.067
10/9/2022 7:00,1.907
10/9/2022 8:00,1.886
10/9/2022 9:00,1.893
10/9/2022 10:00,1.916
10/9/2022 11:00,1.929
10/9/2022 12:00,1.99
10/9/2022 13:00,2.092
10/9/2022 14:00,2.122
10/9/2022 15:00,1.974
10/9/2022 16:00,1.773
10/9/2022 17:00,1.728
10/9/2022 18:00,1.571
10/9/2022 19:00,1.422
10/9/2022 20:00,1.271
10/9/2022 21:00,1.086
10/9/2022 22:00,1.071
10/9/2022 23:00,1.276
10/10/2022 0:00,1.531
10/10/2022 1:00,1.74
10/10/2022 2:00,1.894
10/10/2022 3:00,1.996
10/10/2022 4:00,2.031
10/10/2022 5:00,2.138
10/10/2022 6:00,2.933
10/10/2022 7:00,3.349
10/10/2022 8:00,3.626
10/10/2022 9:00,3.694
10/10/2022 10:00,3.647
10/10/2022 11:00,3.598
10/10/2022 12:00,3.565
10/10/2022 13:00,3.531
10/10/2022 14:00,3.419
10/10/2022 15:00,2.974
10/10/2022 16:00,2.43
10/10/2022 17:00,2.381
10/10/2022 18:00,2.152
10/10/2022 19:00,1.897
10/10/2022 20:00,1.798
10/10/2022 21:00,1.83
10/10/2022 22:00,1.883
10/10/2022 23:00,1.915
10/11/2022 0:00,1.939
10/11/2022 1:00,1.953
10/11/2022 2:00,1.984
10/11/2022 3:00,1.979
10/11/2022 4:00,1.949
10/11/2022 5:00,1.981
10/11/2022 6:00,2.502
10/11/2022 7:00,2.536
10/11/2022 8:00,2.421
10/11/2022 9:00,2.304
10/11/2022 10:00,2.211
10/11/2022 11:00,2.098
10/11/2022 12:00,1.96
10/11/2022 13:00,1.83
10/11/2022 14:00,1.902
10/11/2022 15:00,1.727
10/11/2022 16:00,1.6
10/11/2022 17:00,1.623
10/11/2022 18:00,1.571
10/11/2022 19:00,1.513
10/11/2022 20:00,1.465
10/11/2022 21:00,1.471
10/11/2022 22:00,1.539
10/11/2022 23:00,1.648
10/12/2022 0:00,1.763
10/12/2022 1:00,1.855
10/12/2022 2:00,1.916
10/12/2022 3:00,1.958
10/12/2022 4:00,1.998
10/12/2022 5:00,2.227
10/12/2022 6:00,2.919
10/12/2022 7:00,3.073
10/12/2022 8:00,3.106
10/12/2022 9:00,3.115
10/12/2022 10:00,3.151
10/12/2022 11:00,3.216
10/12/2022 12:00,3.295
10/12/2022 13:00,3.35
10/12/2022 14:00,3.327
10/12/2022 15:00,3.011
10/12/2022 16:00,2.716
10/12/2022 17:00,2.651
10/12/2022 18:00,2.513
10/12/2022 19:00,2.35
10/12/2022 20:00,2.195
10/12/2022 21:00,2.152
10/12/2022 22:00,2.156
10/12/2022 23:00,2.207
10/13/2022 0:00,2.299
10/13/2022 1:00,2.378
10/13/2022 2:00,2.438
10/13/2022 3:00,2.488
10/13/2022 4:00,2.513
10/13/2022 5:00,2.753
10/13/2022 6:00,3.367
10/13/2022 7:00,3.435
10/13/2022 8:00,3.397
10/13/2022 9:00,3.394
10/13/2022 10:00,3.35
10/13/2022 11:00,3.326
10/13/2022 12:00,3.326
10/13/2022 13:00,3.286
10/13/2022 14:00,3.207
10/13/2022 15:00,2.794
10/13/2022 16:00,2.479
10/13/2022 17:00,2.541
10/13/2022 18:00,2.351
10/13/2022 19:00,2.031
10/13/2022 20:00,1.84
10/13/2022 21:00,1.751
10/13/2022 22:00,1.764
10/13/2022 23:00,1.872
10/14/2022 0:00,2.033
10/14/2022 1:00,2.202
10/14/2022 2:00,2.378
10/14/2022 3:00,2.513
10/14/2022 4:00,2.62
10/14/2022 5:00,2.959
10/14/2022 6:00,3.313
10/14/2022 7:00,3.632
10/14/2022 8:00,3.979
10/14/2022 9:00,3.902
10/14/2022 10:00,3.656
10/14/2022 11:00,3.484
10/14/2022 12:00,3.318
10/14/2022 13:00,3.232
10/14/2022 14:00,3.144
10/14/2022 15:00,2.934
10/14/2022 16:00,3.038
10/14/2022 17:00,3.346
10/14/2022 18:00,3.468
10/14/2022 19:00,3.476
10/14/2022 20:00,3.482
10/14/2022 21:00,3.478
10/14/2022 22:00,3.411
10/14/2022 23:00,3.409
10/15/2022 0:00,3.457
10/15/2022 1:00,3.488
10/15/2022 2:00,3.583
10/15/2022 3:00,3.75
10/15/2022 4:00,3.957
10/15/2022 5:00,4.349
10/15/2022 6:00,5.206
10/15/2022 7:00,5.9
10/15/2022 8:00,6.218
10/15/2022 9:00,6.252
10/15/2022 10:00,6.153
10/15/2022 11:00,6.041
10/15/2022 12:00,5.956
10/15/2022 13:00,5.874
10/15/2022 14:00,5.664
10/15/2022 15:00,4.982
10/15/2022 16:00,4.438
10/15/2022 17:00,4.279
10/15/2022 18:00,4.189
10/15/2022 19:00,4.165
10/15/2022 20:00,4.195
10/15/2022 21:00,4.314
10/15/2022 22:00,4.495
10/15/2022 23:00,4.647
10/16/2022 0:00,4.761
10/16/2022 1:00,4.883
10/16/2022 2:00,4.946
10/16/2022 3:00,4.877
10/16/2022 4:00,4.743
10/16/2022 5:00,4.814
10/16/2022 6:00,5.436
10/16/2022 7:00,5.602
10/16/2022 8:00,5.587
10/16/2022 9:00,5.492
10/16/2022 10:00,5.4
10/16/2022 11:00,5.356
10/16/2022 12:00,5.36
10/16/2022 13:00,5.337
10/16/2022 14:00,5.209
10/16/2022 15:00,4.624
10/16/2022 16:00,4.233
10/16/2022 17:00,4.132
10/16/2022 18:00,3.968
10/16/2022 19:00,3.925
10/16/2022 20:00,3.989
10/16/2022 21:00,4.195
10/16/2022 22:00,4.335
10/16/2022 23:00,4.425
10/17/2022 0:00,4.432
10/17/2022 1:00,4.508
10/17/2022 2:00,4.608
10/17/2022 3:00,4.685
10/17/2022 4:00,4.758
10/17/2022 5:00,5.067
10/17/2022 6:00,5.885
10/17/2022 7:00,6.306
10/17/2022 8:00,6.432
10/17/2022 9:00,6.383
10/17/2022 10:00,6.264
10/17/2022 11:00,6.162
10/17/2022 12:00,6.073
10/17/2022 13:00,5.949
10/17/2022 14:00,5.688
10/17/2022 15:00,5.005
10/17/2022 16:00,4.73
10/17/2022 17:00,4.66
10/17/2022 18:00,4.649
10/17/2022 19:00,4.832
10/17/2022 20:00,5.026
10/17/2022 21:00,5.109
10/17/2022 22:00,5.146
10/17/2022 23:00,5.149
10/18/2022 0:00,5.096
10/18/2022 1:00,5.069
10/18/2022 2:00,5.061
10/18/2022 3:00,5.065
10/18/2022 4:00,5.047
10/18/2022 5:00,5.178
10/18/2022 6:00,5.729
10/18/2022 7:00,5.897
10/18/2022 8:00,5.905
10/18/2022 9:00,5.775
10/18/2022 10:00,5.605
10/18/2022 11:00,5.441
10/18/2022 12:00,5.28
10/18/2022 13:00,5.082
10/18/2022 14:00,4.765
10/18/2022 15:00,4.06
10/18/2022 16:00,3.661
10/18/2022 17:00,3.457
10/18/2022 18:00,3.258
10/18/2022 19:00,3.147
10/18/2022 20:00,3.172
10/18/2022 21:00,3.208
10/18/2022 22:00,3.2
10/18/2022 23:00,3.176
10/19/2022 0:00,3.254
10/19/2022 1:00,3.363
10/19/2022 2:00,3.372
10/19/2022 3:00,3.332
10/19/2022 4:00,3.184
10/19/2022 5:00,3.178
10/19/2022 6:00,3.565
10/19/2022 7:00,3.474
10/19/2022 8:00,3.356
10/19/2022 9:00,3.248
10/19/2022 10:00,3.128
10/19/2022 11:00,3.029
10/19/2022 12:00,2.949
10/19/2022 13:00,2.864
10/19/2022 14:00,2.648
10/19/2022 15:00,2.036
10/19/2022 16:00,1.971
10/19/2022 17:00,1.883
10/19/2022 18:00,1.689
10/19/2022 19:00,1.525
10/19/2022 20:00,1.479
10/19/2022 21:00,1.645
10/19/2022 22:00,1.877
10/19/2022 23:00,2.074
10/20/2022 0:00,2.21
10/20/2022 1:00,2.314
10/20/2022 2:00,2.391
10/20/2022 3:00,2.45
10/20/2022 4:00,2.497
10/20/2022 5:00,2.606
10/20/2022 6:00,3.687
10/20/2022 7:00,4.233
10/20/2022 8:00,4.282
10/20/2022 9:00,4.218
10/20/2022 10:00,4.133
10/20/2022 11:00,4.06
10/20/2022 12:00,3.994
10/20/2022 13:00,3.899
10/20/2022 14:00,3.713
10/20/2022 15:00,3.067
10/20/2022 16:00,2.811
10/20/2022 17:00,2.844
10/20/2022 18:00,2.792
10/20/2022 19:00,2.764
10/20/2022 20:00,2.83
10/20/2022 21:00,2.816
10/20/2022 22:00,2.902
10/20/2022 23:00,3.034
10/21/2022 0:00,3.183
10/21/2022 1:00,3.252
10/21/2022 2:00,3.323
10/21/2022 3:00,3.382
10/21/2022 4:00,3.398
10/21/2022 5:00,3.706
10/21/2022 6:00,4.648
10/21/2022 7:00,4.979
10/21/2022 8:00,4.868
10/21/2022 9:00,4.688
10/21/2022 10:00,4.565
10/21/2022 11:00,4.539
10/21/2022 12:00,4.556
10/21/2022 13:00,4.557
10/21/2022 14:00,4.474
10/21/2022 15:00,3.891
10/21/2022 16:00,3.586
10/21/2022 17:00,3.435
10/21/2022 18:00,3.246
10/21/2022 19:00,3.058
10/21/2022 20:00,2.924
10/21/2022 21:00,2.862
10/21/2022 22:00,2.857
10/21/2022 23:00,2.859
10/22/2022 0:00,2.878
10/22/2022 1:00,2.904
10/22/2022 2:00,2.905
10/22/2022 3:00,2.817
10/22/2022 4:00,2.685
10/22/2022 5:00,2.676
10/22/2022 6:00,3.2
10/22/2022 7:00,3.034
10/22/2022 8:00,2.886
10/22/2022 9:00,2.807
10/22/2022 10:00,2.714
10/22/2022 11:00,2.597
10/22/2022 12:00,2.421
10/22/2022 13:00,2.181
10/22/2022 14:00,1.882
10/22/2022 15:00,1.48
10/22/2022 16:00,1.609
10/22/2022 17:00,1.606
10/22/2022 18:00,1.536
10/22/2022 19:00,1.503
10/22/2022 20:00,1.516
10/22/2022 21:00,1.54
10/22/2022 22:00,1.547
10/22/2022 23:00,1.547
10/23/2022 0:00,1.55
10/23/2022 1:00,1.563
10/23/2022 2:00,1.575
10/23/2022 3:00,1.578
10/23/2022 4:00,1.58
10/23/2022 5:00,1.547
10/23/2022 6:00,1.826
10/23/2022 7:00,2.032
10/23/2022 8:00,2.164
10/23/2022 9:00,2.263
10/23/2022 10:00,2.323
10/23/2022 11:00,2.49
10/23/2022 12:00,2.676
10/23/2022 13:00,2.751
10/23/2022 14:00,2.253
10/23/2022 15:00,1.467
10/23/2022 16:00,1.388
10/23/2022 17:00,1.311
10/23/2022 18:00,1.198
10/23/2022 19:00,1.1
10/23/2022 20:00,1.168
10/23/2022 21:00,1.297
10/23/2022 22:00,1.401
10/23/2022 23:00,1.479
10/24/2022 0:00,1.552
10/24/2022 1:00,1.613
10/24/2022 2:00,1.655
10/24/2022 3:00,1.677
10/24/2022 4:00,1.682
10/24/2022 5:00,1.628
10/24/2022 6:00,1.911
10/24/2022 7:00,1.792
10/24/2022 8:00,1.618
10/24/2022 9:00,1.588
10/24/2022 10:00,1.7
10/24/2022 11:00,1.798
10/24/2022 12:00,1.854
10/24/2022 13:00,1.838
10/24/2022 14:00,1.592
10/24/2022 15:00,1.341
10/24/2022 16:00,1.399
10/24/2022 17:00,1.444
10/24/2022 18:00,1.351
10/24/2022 19:00,1.244
10/24/2022 20:00,1.153
10/24/2022 21:00,1.095
10/24/2022 22:00,1.077
10/24/2022 23:00,1.066
10/25/2022 0:00,1.039
10/25/2022 1:00,1.007
10/25/2022 2:00,0.974
10/25/2022 3:00,0.927
10/25/2022 4:00,0.873
10/25/2022 5:00,0.811
10/25/2022 6:00,0.932
10/25/2022 7:00,1.038
10/25/2022 8:00,1.141
10/25/2022 9:00,1.201
10/25/2022 10:00,1.244
10/25/2022 11:00,1.292
10/25/2022 12:00,1.331
10/25/2022 13:00,1.346
10/25/2022 14:00,1.262
10/25/2022 15:00,1.125
10/25/2022 16:00,1.263
10/25/2022 17:00,1.196
10/25/2022 18:00,1.127
10/25/2022 19:00,1.065
10/25/2022 20:00,1.004
10/25/2022 21:00,1.012
10/25/2022 22:00,1.123
10/25/2022 23:00,1.262
10/26/2022 0:00,1.419
10/26/2022 1:00,1.566
10/26/2022 2:00,1.666
10/26/2022 3:00,1.699
10/26/2022 4:00,1.706
10/26/2022 5:00,1.671
10/26/2022 6:00,2.016
10/26/2022 7:00,2.083
10/26/2022 8:00,2.066
10/26/2022 9:00,2.004
10/26/2022 10:00,1.955
10/26/2022 11:00,1.969
10/26/2022 12:00,2.013
10/26/2022 13:00,2.067
10/26/2022 14:00,1.977
10/26/2022 15:00,1.495
10/26/2022 16:00,1.554
10/26/2022 17:00,1.526
10/26/2022 18:00,1.404
10/26/2022 19:00,1.352
10/26/2022 20:00,1.373
10/26/2022 21:00,1.512
10/26/2022 22:00,1.698
10/26/2022 23:00,1.85
10/27/2022 0:00,1.98
10/27/2022 1:00,2.086
10/27/2022 2:00,2.181
10/27/2022 3:00,2.256
10/27/2022 4:00,2.319
10/27/2022 5:00,2.404
10/27/2022 6:00,3.268
10/27/2022 7:00,3.46
10/27/2022 8:00,3.496
10/27/2022 9:00,3.441
10/27/2022 10:00,3.331
10/27/2022 11:00,3.318
10/27/2022 12:00,3.416
10/27/2022 13:00,3.536
10/27/2022 14:00,3.5
10/27/2022 15:00,2.803
10/27/2022 16:00,2.733
10/27/2022 17:00,2.807
10/27/2022 18:00,2.767
10/27/2022 19:00,2.707
10/27/2022 20:00,2.618
10/27/2022 21:00,2.552
10/27/2022 22:00,2.65
10/27/2022 23:00,2.821
10/28/2022 0:00,2.991
10/28/2022 1:00,3.169
10/28/2022 2:00,3.361
10/28/2022 3:00,3.409
10/28/2022 4:00,3.388
10/28/2022 5:00,3.515
10/28/2022 6:00,4.469
10/28/2022 7:00,5.205
10/28/2022 8:00,5.59
10/28/2022 9:00,5.657
10/28/2022 10:00,5.543
10/28/2022 11:00,5.447
10/28/2022 12:00,5.406
10/28/2022 13:00,5.363
10/28/2022 14:00,5.181
10/28/2022 15:00,4.545
10/28/2022 16:00,4.309
10/28/2022 17:00,4.192
10/28/2022 18:00,4.079
10/28/2022 19:00,4.022
10/28/2022 20:00,3.99
10/28/2022 21:00,4.033
10/28/2022 22:00,4.131
10/28/2022 23:00,4.17
10/29/2022 0:00,4.199
10/29/2022 1:00,4.175
10/29/2022 2:00,4.189
10/29/2022 3:00,4.156
10/29/2022 4:00,4.117
10/29/2022 5:00,4.241
10/29/2022 6:00,5.027
10/29/2022 7:00,5.476
10/29/2022 8:00,5.637
10/29/2022 9:00,5.566
10/29/2022 10:00,5.406
10/29/2022 11:00,5.245
10/29/2022 12:00,5.1
10/29/2022 13:00,4.939
10/29/2022 14:00,4.587
10/29/2022 15:00,3.819
10/29/2022 16:00,3.47
10/29/2022 17:00,3.297
10/29/2022 18:00,3.12
10/29/2022 19:00,2.952
10/29/2022 20:00,2.882
10/29/2022 21:00,2.889
10/29/2022 22:00,2.98
10/29/2022 23:00,3.126
10/30/2022 0:00,3.229
10/30/2022 1:00,3.253
10/30/2022 2:00,3.298
10/30/2022 3:00,3.334
10/30/2022 4:00,3.299
10/30/2022 5:00,3.386
10/30/2022 6:00,4.207
10/30/2022 7:00,4.549
10/30/2022 8:00,4.568
10/30/2022 9:00,4.433
10/30/2022 10:00,4.264
10/30/2022 11:00,4.097
10/30/2022 12:00,3.938
10/30/2022 13:00,3.758
10/30/2022 14:00,3.39
10/30/2022 15:00,2.642
10/30/2022 16:00,2.354
10/30/2022 17:00,2.234
10/30/2022 18:00,2.153
10/30/2022 19:00,2.089
10/30/2022 20:00,2.042
10/30/2022 21:00,2.053
10/30/2022 22:00,2.093
10/30/2022 23:00,2.134
10/31/2022 0:00,2.186
10/31/2022 1:00,2.249
10/31/2022 2:00,2.309
10/31/2022 3:00,2.309
10/31/2022 4:00,2.274
10/31/2022 5:00,2.229
10/31/2022 6:00,2.681
10/31/2022 7:00,3.082
10/31/2022 8:00,3.391
10/31/2022 9:00,3.302
10/31/2022 10:00,3.199
10/31/2022 11:00,3.164
10/31/2022 12:00,3.213
10/31/2022 13:00,3.275
10/31/2022 14:00,3.029
10/31/2022 15:00,2.196
10/31/2022 16:00,2.078
10/31/2022 17:00,1.994
10/31/2022 18:00,1.996
10/31/2022 19:00,1.993
10/31/2022 20:00,2.015
10/31/2022 21:00,2.061
10/31/2022 22:00,2.172
10/31/2022 23:00,2.258
11/1/2022 0:00,2.327
11/1/2022 1:00,2.412
11/1/2022 2:00,2.521
11/1/2022 3:00,2.567
11/1/2022 4:00,2.586
11/1/2022 5:00,2.659
11/1/2022 6:00,3.331
11/1/2022 7:00,3.804
11/1/2022 8:00,3.959
11/1/2022 9:00,3.987
11/1/2022 10:00,3.899
11/1/2022 11:00,3.846
11/1/2022 12:00,3.829
11/1/2022 13:00,3.789
11/1/2022 14:00,3.516
11/1/2022 15:00,2.67
11/1/2022 16:00,2.375
11/1/2022 17:00,2.279
11/1/2022 18:00,2.175
11/1/2022 19:00,2.096
11/1/2022 20:00,2.041
11/1/2022 21:00,2.018
11/1/2022 22:00,2.014
11/1/2022 23:00,2.035
11/2/2022 0:00,2.056
11/2/2022 1:00,2.073
11/2/2022 2:00,2.076
11/2/2022 3:00,2.06
11/2/2022 4:00,2.019
11/2/2022 5:00,1.933
11/2/2022 6:00,2.156
11/2/2022 7:00,2.294
11/2/2022 8:00,2.322
11/2/2022 9:00,2.188
11/2/2022 10:00,2.046
11/2/2022 11:00,1.996
11/2/2022 12:00,1.949
11/2/2022 13:00,1.853
11/2/2022 14:00,1.374
11/2/2022 15:00,1.186
11/2/2022 16:00,1.187
11/2/2022 17:00,1.174
11/2/2022 18:00,1.206
11/2/2022 19:00,1.223
11/2/2022 20:00,1.216
11/2/2022 21:00,1.262
11/2/2022 22:00,1.378
11/2/2022 23:00,1.511
11/3/2022 0:00,1.6
11/3/2022 1:00,1.659
11/3/2022 2:00,1.707
11/3/2022 3:00,1.727
11/3/2022 4:00,1.711
11/3/2022 5:00,1.641
11/3/2022 6:00,1.605
11/3/2022 7:00,1.746
11/3/2022 8:00,1.363
11/3/2022 9:00,1.257
11/3/2022 10:00,1.236
11/3/2022 11:00,1.247
11/3/2022 12:00,1.311
11/3/2022 13:00,1.407
11/3/2022 14:00,1.327
11/3/2022 15:00,1.325
11/3/2022 16:00,1.466
11/3/2022 17:00,1.401
11/3/2022 18:00,1.312
11/3/2022 19:00,1.263
11/3/2022 20:00,1.255
11/3/2022 21:00,1.232
11/3/2022 22:00,1.189
11/3/2022 23:00,1.135
11/4/2022 0:00,1.091
11/4/2022 1:00,1.039
11/4/2022 2:00,1.015
11/4/2022 3:00,1.036
11/4/2022 4:00,1.065
11/4/2022 5:00,1.079
11/4/2022 6:00,1.263
11/4/2022 7:00,1.35
11/4/2022 8:00,1.535
11/4/2022 9:00,1.83
11/4/2022 10:00,1.961
11/4/2022 11:00,2.212
11/4/2022 12:00,2.45
11/4/2022 13:00,2.6
11/4/2022 14:00,2.479
11/4/2022 15:00,2.01
11/4/2022 16:00,1.977
11/4/2022 17:00,1.859
11/4/2022 18:00,1.772
11/4/2022 19:00,1.755
11/4/2022 20:00,1.765
11/4/2022 21:00,1.781
11/4/2022 22:00,1.804
11/4/2022 23:00,1.846
11/5/2022 0:00,1.889
11/5/2022 1:00,1.934
11/5/2022 2:00,1.984
11/5/2022 3:00,2.009
11/5/2022 4:00,2.033
11/5/2022 5:00,2.043
11/5/2022 6:00,2.512
11/5/2022 7:00,3.131
11/5/2022 8:00,3.524
11/5/2022 9:00,3.966
11/5/2022 10:00,4.392
11/5/2022 11:00,4.723
11/5/2022 12:00,4.929
11/5/2022 13:00,4.93
11/5/2022 14:00,4.611
11/5/2022 15:00,3.771
11/5/2022 16:00,3.438
11/5/2022 17:00,3.617
11/5/2022 18:00,3.767
11/5/2022 19:00,3.79
11/5/2022 20:00,3.646
11/5/2022 21:00,3.689
11/5/2022 22:00,3.978
11/5/2022 23:00,4.093
11/6/2022 0:00,4.313
11/6/2022 1:00,4.806
11/6/2022 2:00,4.99
11/6/2022 3:00,4.67
11/6/2022 4:00,4.359
11/6/2022 5:00,4.397
11/6/2022 6:00,4.341
11/6/2022 7:00,4.1
11/6/2022 8:00,3.86
11/6/2022 9:00,3.533
11/6/2022 10:00,3.399
11/6/2022 11:00,3.404
11/6/2022 12:00,3.438
11/6/2022 13:00,3.334
11/6/2022 14:00,2.98
11/6/2022 15:00,2.571
11/6/2022 16:00,2.347
11/6/2022 17:00,2.155
11/6/2022 18:00,2.002
11/6/2022 19:00,1.857
11/6/2022 20:00,1.738
11/6/2022 21:00,1.672
11/6/2022 22:00,1.764
11/6/2022 23:00,1.917
11/7/2022 0:00,2.072
11/7/2022 1:00,2.185
11/7/2022 2:00,2.314
11/7/2022 3:00,2.421
11/7/2022 4:00,2.528
11/7/2022 5:00,2.649
11/7/2022 6:00,3.219
11/7/2022 7:00,3.674
11/7/2022 8:00,3.795
11/7/2022 9:00,3.78
11/7/2022 10:00,3.719
11/7/2022 11:00,3.71
11/7/2022 12:00,3.748
11/7/2022 13:00,3.728
11/7/2022 14:00,3.452
11/7/2022 15:00,2.934
11/7/2022 16:00,2.789
11/7/2022 17:00,2.701
11/7/2022 18:00,2.597
11/7/2022 19:00,2.485
11/7/2022 20:00,2.373
11/7/2022 21:00,2.293
11/7/2022 22:00,2.225
11/7/2022 23:00,2.194
11/8/2022 0:00,2.203
11/8/2022 1:00,2.239
11/8/2022 2:00,2.285
11/8/2022 3:00,2.314
11/8/2022 4:00,2.309
11/8/2022 5:00,2.313
11/8/2022 6:00,2.814
11/8/2022 7:00,3.035
11/8/2022 8:00,3
11/8/2022 9:00,2.957
11/8/2022 10:00,2.96
11/8/2022 11:00,3.004
11/8/2022 12:00,3.057
11/8/2022 13:00,3.065
11/8/2022 14:00,2.827
11/8/2022 15:00,2.368
11/8/2022 16:00,2.397
11/8/2022 17:00,2.357
11/8/2022 18:00,2.254
11/8/2022 19:00,2.164
11/8/2022 20:00,2.081
11/8/2022 21:00,1.981
11/8/2022 22:00,1.925
11/8/2022 23:00,1.943
11/9/2022 0:00,2.021
11/9/2022 1:00,2.114
11/9/2022 2:00,2.194
11/9/2022 3:00,2.249
11/9/2022 4:00,2.276
11/9/2022 5:00,2.27
11/9/2022 6:00,2.612
11/9/2022 7:00,3.027
11/9/2022 8:00,3.034
11/9/2022 9:00,2.93
11/9/2022 10:00,2.847
11/9/2022 11:00,2.836
11/9/2022 12:00,2.87
11/9/2022 13:00,2.918
11/9/2022 14:00,2.78
11/9/2022 15:00,2.406
11/9/2022 16:00,2.526
11/9/2022 17:00,2.481
11/9/2022 18:00,2.326
11/9/2022 19:00,2.192
11/9/2022 20:00,2.093
11/9/2022 21:00,1.98
11/9/2022 22:00,1.899
11/9/2022 23:00,1.888
11/10/2022 0:00,1.918
11/10/2022 1:00,1.962
11/10/2022 2:00,2.013
11/10/2022 3:00,2.084
11/10/2022 4:00,2.16
11/10/2022 5:00,2.205
11/10/2022 6:00,2.727
11/10/2022 7:00,3.062
11/10/2022 8:00,2.982
11/10/2022 9:00,2.857
11/10/2022 10:00,2.723
11/10/2022 11:00,2.634
11/10/2022 12:00,2.591
11/10/2022 13:00,2.553
11/10/2022 14:00,2.32
11/10/2022 15:00,1.976
11/10/2022 16:00,2.055
11/10/2022 17:00,2.033
11/10/2022 18:00,1.968
11/10/2022 19:00,1.958
11/10/2022 20:00,2.006
11/10/2022 21:00,2.063
11/10/2022 22:00,2.12
11/10/2022 23:00,2.191
11/11/2022 0:00,2.264
11/11/2022 1:00,2.322
11/11/2022 2:00,2.374
11/11/2022 3:00,2.395
11/11/2022 4:00,2.41
11/11/2022 5:00,2.423
11/11/2022 6:00,2.973
11/11/2022 7:00,3.619
11/11/2022 8:00,3.719
11/11/2022 9:00,3.629
11/11/2022 10:00,3.562
11/11/2022 11:00,3.511
11/11/2022 12:00,3.408
11/11/2022 13:00,3.277
11/11/2022 14:00,2.888
11/11/2022 15:00,2.465
11/11/2022 16:00,2.484
11/11/2022 17:00,2.598
11/11/2022 18:00,2.723
11/11/2022 19:00,2.795
11/11/2022 20:00,2.821
11/11/2022 21:00,2.85
11/11/2022 22:00,2.967
11/11/2022 23:00,3.149
11/12/2022 0:00,3.467
11/12/2022 1:00,3.689
11/12/2022 2:00,3.812
11/12/2022 3:00,3.835
11/12/2022 4:00,3.865
11/12/2022 5:00,3.864
11/12/2022 6:00,4.112
11/12/2022 7:00,4.405
11/12/2022 8:00,4.587
11/12/2022 9:00,4.519
11/12/2022 10:00,4.37
11/12/2022 11:00,4.281
11/12/2022 12:00,4.124
11/12/2022 13:00,3.917
11/12/2022 14:00,3.534
11/12/2022 15:00,3.02
11/12/2022 16:00,2.976
11/12/2022 17:00,2.929
11/12/2022 18:00,2.872
11/12/2022 19:00,2.823
11/12/2022 20:00,2.764
11/12/2022 21:00,2.761
11/12/2022 22:00,2.818
11/12/2022 23:00,2.819
11/13/2022 0:00,2.793
11/13/2022 1:00,2.78
11/13/2022 2:00,2.772
11/13/2022 3:00,2.752
11/13/2022 4:00,2.65
11/13/2022 5:00,2.556
11/13/2022 6:00,2.627
11/13/2022 7:00,3.029
11/13/2022 8:00,3.024
11/13/2022 9:00,2.891
11/13/2022 10:00,2.756
11/13/2022 11:00,2.697
11/13/2022 12:00,2.711
11/13/2022 13:00,2.742
11/13/2022 14:00,2.435
11/13/2022 15:00,2.119
11/13/2022 16:00,2.262
11/13/2022 17:00,2.363
11/13/2022 18:00,2.434
11/13/2022 19:00,2.477
11/13/2022 20:00,2.501
11/13/2022 21:00,2.489
11/13/2022 22:00,2.462
11/13/2022 23:00,2.448
11/14/2022 0:00,2.438
11/14/2022 1:00,2.439
11/14/2022 2:00,2.449
11/14/2022 3:00,2.451
11/14/2022 4:00,2.463
11/14/2022 5:00,2.484
11/14/2022 6:00,2.999
11/14/2022 7:00,3.478
11/14/2022 8:00,3.446
11/14/2022 9:00,3.345
11/14/2022 10:00,3.232
11/14/2022 11:00,3.179
11/14/2022 12:00,3.22
11/14/2022 13:00,3.251
11/14/2022 14:00,3.02
11/14/2022 15:00,2.558
11/14/2022 16:00,2.535
11/14/2022 17:00,2.488
11/14/2022 18:00,2.419
11/14/2022 19:00,2.387
11/14/2022 20:00,2.384
11/14/2022 21:00,2.364
11/14/2022 22:00,2.321
11/14/2022 23:00,2.284
11/15/2022 0:00,2.283
11/15/2022 1:00,2.309
11/15/2022 2:00,2.352
11/15/2022 3:00,2.382
11/15/2022 4:00,2.389
11/15/2022 5:00,2.395
11/15/2022 6:00,2.799
11/15/2022 7:00,3.123
11/15/2022 8:00,2.972
11/15/2022 9:00,2.827
11/15/2022 10:00,2.691
11/15/2022 11:00,2.58
11/15/2022 12:00,2.46
11/15/2022 13:00,2.281
11/15/2022 14:00,1.842
11/15/2022 15:00,1.584
11/15/2022 16:00,1.612
11/15/2022 17:00,1.525
11/15/2022 18:00,1.393
11/15/2022 19:00,1.282
11/15/2022 20:00,1.217
11/15/2022 21:00,1.203
11/15/2022 22:00,1.224
11/15/2022 23:00,1.235
11/16/2022 0:00,1.24
11/16/2022 1:00,1.248
11/16/2022 2:00,1.25
11/16/2022 3:00,1.287
11/16/2022 4:00,1.352
11/16/2022 5:00,1.41
11/16/2022 6:00,1.575
11/16/2022 7:00,2.196
11/16/2022 8:00,2.387
11/16/2022 9:00,2.561
11/16/2022 10:00,2.808
11/16/2022 11:00,2.954
11/16/2022 12:00,2.966
11/16/2022 13:00,2.864
11/16/2022 14:00,2.235
11/16/2022 15:00,2.014
11/16/2022 16:00,2.113
11/16/2022 17:00,2.187
11/16/2022 18:00,2.23
11/16/2022 19:00,2.27
11/16/2022 20:00,2.356
11/16/2022 21:00,2.446
11/16/2022 22:00,2.554
11/16/2022 23:00,2.629
11/17/2022 0:00,2.706
11/17/2022 1:00,2.785
11/17/2022 2:00,2.845
11/17/2022 3:00,2.881
11/17/2022 4:00,2.91
11/17/2022 5:00,2.959
11/17/2022 6:00,3.169
11/17/2022 7:00,3.898
11/17/2022 8:00,4.649
11/17/2022 9:00,5.101
11/17/2022 10:00,5.203
11/17/2022 11:00,5.128
11/17/2022 12:00,4.902
11/17/2022 13:00,4.411
11/17/2022 14:00,3.341
11/17/2022 15:00,2.629
11/17/2022 16:00,2.527
11/17/2022 17:00,2.496
11/17/2022 18:00,2.466
11/17/2022 19:00,2.433
11/17/2022 20:00,2.428
11/17/2022 21:00,2.399
11/17/2022 22:00,2.341
11/17/2022 23:00,2.301
11/18/2022 0:00,2.27
11/18/2022 1:00,2.237
11/18/2022 2:00,2.183
11/18/2022 3:00,2.125
11/18/2022 4:00,2.078
11/18/2022 5:00,2.07
11/18/2022 6:00,2.251
11/18/2022 7:00,3.035
11/18/2022 8:00,3.69
11/18/2022 9:00,4.071
11/18/2022 10:00,4.275
11/18/2022 11:00,4.412
11/18/2022 12:00,4.488
11/18/2022 13:00,4.395
11/18/2022 14:00,3.607
11/18/2022 15:00,3.026
11/18/2022 16:00,3.144
11/18/2022 17:00,3.194
11/18/2022 18:00,3.206
11/18/2022 19:00,3.207
11/18/2022 20:00,3.168
11/18/2022 21:00,3.156
11/18/2022 22:00,3.135
11/18/2022 23:00,3.068
11/19/2022 0:00,2.973
11/19/2022 1:00,2.875
11/19/2022 2:00,2.773
11/19/2022 3:00,2.64
11/19/2022 4:00,2.533
11/19/2022 5:00,2.464
11/19/2022 6:00,2.721
11/19/2022 7:00,3.478
11/19/2022 8:00,3.886
11/19/2022 9:00,4.165
11/19/2022 10:00,4.38
11/19/2022 11:00,4.543
11/19/2022 12:00,4.62
11/19/2022 13:00,4.497
11/19/2022 14:00,3.84
11/19/2022 15:00,3.34
11/19/2022 16:00,3.393
11/19/2022 17:00,3.406
11/19/2022 18:00,3.448
11/19/2022 19:00,3.462
11/19/2022 20:00,3.459
11/19/2022 21:00,3.602
11/19/2022 22:00,3.795
11/19/2022 23:00,3.809
11/20/2022 0:00,3.689
11/20/2022 1:00,3.551
11/20/2022 2:00,3.448
11/20/2022 3:00,3.351
11/20/2022 4:00,3.283
11/20/2022 5:00,3.278
11/20/2022 6:00,3.551
11/20/2022 7:00,3.886
11/20/2022 8:00,4.185
11/20/2022 9:00,4.576
11/20/2022 10:00,4.867
11/20/2022 11:00,4.836
11/20/2022 12:00,4.548
11/20/2022 13:00,4.11
11/20/2022 14:00,3.739
11/20/2022 15:00,3.85
11/20/2022 16:00,4.47
11/20/2022 17:00,4.827
11/20/2022 18:00,5.025
11/20/2022 19:00,5.357
11/20/2022 20:00,5.721
11/20/2022 21:00,5.943
11/20/2022 22:00,6.072
11/20/2022 23:00,5.913
11/21/2022 0:00,5.552
11/21/2022 1:00,5.293
11/21/2022 2:00,5.141
11/21/2022 3:00,4.86
11/21/2022 4:00,4.44
11/21/2022 5:00,4.054
11/21/2022 6:00,4.209
11/21/2022 7:00,4.784
11/21/2022 8:00,5.154
11/21/2022 9:00,5.34
11/21/2022 10:00,5.438
11/21/2022 11:00,5.427
11/21/2022 12:00,5.299
11/21/2022 13:00,4.965
11/21/2022 14:00,4.21
11/21/2022 15:00,3.476
11/21/2022 16:00,3.367
11/21/2022 17:00,3.461
11/21/2022 18:00,3.53
11/21/2022 19:00,3.4
11/21/2022 20:00,3.253
11/21/2022 21:00,3.183
11/21/2022 22:00,3.122
11/21/2022 23:00,2.973
11/22/2022 0:00,2.77
11/22/2022 1:00,2.532
11/22/2022 2:00,2.307
11/22/2022 3:00,2.091
11/22/2022 4:00,1.833
11/22/2022 5:00,1.531
11/22/2022 6:00,1.308
11/22/2022 7:00,1.674
11/22/2022 8:00,2.266
11/22/2022 9:00,2.998
11/22/2022 10:00,3.71
11/22/2022 11:00,4.303
11/22/2022 12:00,4.768
11/22/2022 13:00,4.911
11/22/2022 14:00,4.606
11/22/2022 15:00,4.563
11/22/2022 16:00,5.233
11/22/2022 17:00,5.621
11/22/2022 18:00,5.774
11/22/2022 19:00,5.925
11/22/2022 20:00,6.015
11/22/2022 21:00,6.038
11/22/2022 22:00,5.933
11/22/2022 23:00,5.694
11/23/2022 0:00,5.41
11/23/2022 1:00,5.123
11/23/2022 2:00,4.796
11/23/2022 3:00,4.316
11/23/2022 4:00,3.799
11/23/2022 5:00,3.514
11/23/2022 6:00,3.529
11/23/2022 7:00,3.875
11/23/2022 8:00,4.289
11/23/2022 9:00,4.576
11/23/2022 10:00,4.766
11/23/2022 11:00,4.785
11/23/2022 12:00,4.609
11/23/2022 13:00,4.196
11/23/2022 14:00,3.116
11/23/2022 15:00,2.644
11/23/2022 16:00,2.527
11/23/2022 17:00,2.463
11/23/2022 18:00,2.433
11/23/2022 19:00,2.425
11/23/2022 20:00,2.42
11/23/2022 21:00,2.446
11/23/2022 22:00,2.462
11/23/2022 23:00,2.449
11/24/2022 0:00,2.401
11/24/2022 1:00,2.344
11/24/2022 2:00,2.285
11/24/2022 3:00,2.229
11/24/2022 4:00,2.162
11/24/2022 5:00,2.116
11/24/2022 6:00,2.178
11/24/2022 7:00,3.025
11/24/2022 8:00,3.503
11/24/2022 9:00,3.707
11/24/2022 10:00,3.789
11/24/2022 11:00,3.852
11/24/2022 12:00,3.853
11/24/2022 13:00,3.727
11/24/2022 14:00,2.901
11/24/2022 15:00,2.509
11/24/2022 16:00,2.66
11/24/2022 17:00,2.756
11/24/2022 18:00,2.807
11/24/2022 19:00,2.842
11/24/2022 20:00,2.895
11/24/2022 21:00,3.058
11/24/2022 22:00,3.307
11/24/2022 23:00,3.589
11/25/2022 0:00,3.89
11/25/2022 1:00,4.167
11/25/2022 2:00,4.437
11/25/2022 3:00,4.283
11/25/2022 4:00,3.985
11/25/2022 5:00,3.922
11/25/2022 6:00,4.305
11/25/2022 7:00,5.05
11/25/2022 8:00,5.536
11/25/2022 9:00,5.74
11/25/2022 10:00,5.803
11/25/2022 11:00,5.765
11/25/2022 12:00,5.659
11/25/2022 13:00,5.399
11/25/2022 14:00,4.462
11/25/2022 15:00,3.493
11/25/2022 16:00,3.214
11/25/2022 17:00,3.051
11/25/2022 18:00,2.919
11/25/2022 19:00,2.775
11/25/2022 20:00,2.616
11/25/2022 21:00,2.516
11/25/2022 22:00,2.497
11/25/2022 23:00,2.503
11/26/2022 0:00,2.512
11/26/2022 1:00,2.526
11/26/2022 2:00,2.526
11/26/2022 3:00,2.517
11/26/2022 4:00,2.505
11/26/2022 5:00,2.494
11/26/2022 6:00,2.56
11/26/2022 7:00,3.196
11/26/2022 8:00,3.212
11/26/2022 9:00,3.002
11/26/2022 10:00,2.741
11/26/2022 11:00,2.476
11/26/2022 12:00,2.374
11/26/2022 13:00,2.435
11/26/2022 14:00,2.133
11/26/2022 15:00,2.339
11/26/2022 16:00,2.678
11/26/2022 17:00,2.936
11/26/2022 18:00,3.179
11/26/2022 19:00,3.353
11/26/2022 20:00,3.482
11/26/2022 21:00,3.566
11/26/2022 22:00,3.626
11/26/2022 23:00,3.889
11/27/2022 0:00,4.233
11/27/2022 1:00,4.454
11/27/2022 2:00,4.569
11/27/2022 3:00,4.669
11/27/2022 4:00,4.747
11/27/2022 5:00,4.829
11/27/2022 6:00,5.28
11/27/2022 7:00,5.914
11/27/2022 8:00,6.233
11/27/2022 9:00,6.174
11/27/2022 10:00,5.891
11/27/2022 11:00,5.643
11/27/2022 12:00,5.491
11/27/2022 13:00,5.342
11/27/2022 14:00,4.949
11/27/2022 15:00,4.69
11/27/2022 16:00,4.731
11/27/2022 17:00,4.699
11/27/2022 18:00,4.625
11/27/2022 19:00,4.513
11/27/2022 20:00,4.432
11/27/2022 21:00,4.316
11/27/2022 22:00,4.212
11/27/2022 23:00,4.162
11/28/2022 0:00,4.086
11/28/2022 1:00,3.975
11/28/2022 2:00,3.836
11/28/2022 3:00,3.686
11/28/2022 4:00,3.516
11/28/2022 5:00,3.412
11/28/2022 6:00,3.687
11/28/2022 7:00,4.146
11/28/2022 8:00,4.388
11/28/2022 9:00,4.415
11/28/2022 10:00,4.285
11/28/2022 11:00,4.154
11/28/2022 12:00,4.063
11/28/2022 13:00,3.943
11/28/2022 14:00,3.559
11/28/2022 15:00,3.215
11/28/2022 16:00,3.32
11/28/2022 17:00,3.397
11/28/2022 18:00,3.375
11/28/2022 19:00,3.322
11/28/2022 20:00,3.243
11/28/2022 21:00,3.177
11/28/2022 22:00,3.133
11/28/2022 23:00,3.121
11/29/2022 0:00,3.157
11/29/2022 1:00,3.21
11/29/2022 2:00,3.228
11/29/2022 3:00,3.124
11/29/2022 4:00,3.043
11/29/2022 5:00,2.937
11/29/2022 6:00,3.177
11/29/2022 7:00,3.667
11/29/2022 8:00,3.788
11/29/2022 9:00,3.72
11/29/2022 10:00,3.557
11/29/2022 11:00,3.411
11/29/2022 12:00,3.331
11/29/2022 13:00,3.189
11/29/2022 14:00,2.846
11/29/2022 15:00,2.616
11/29/2022 16:00,2.695
11/29/2022 17:00,2.717
11/29/2022 18:00,2.674
11/29/2022 19:00,2.631
11/29/2022 20:00,2.686
11/29/2022 21:00,2.739
11/29/2022 22:00,2.767
11/29/2022 23:00,2.798
11/30/2022 0:00,2.853
11/30/2022 1:00,2.929
11/30/2022 2:00,3.08
11/30/2022 3:00,3.254
11/30/2022 4:00,3.369
11/30/2022 5:00,3.529
11/30/2022 6:00,3.88
11/30/2022 7:00,4.355
11/30/2022 8:00,4.724
11/30/2022 9:00,4.994
11/30/2022 10:00,5.048
11/30/2022 11:00,4.982
11/30/2022 12:00,4.77
11/30/2022 13:00,4.356
11/30/2022 14:00,3.938
11/30/2022 15:00,3.677
11/30/2022 16:00,3.64
11/30/2022 17:00,3.695
11/30/2022 18:00,3.834
11/30/2022 19:00,3.983
11/30/2022 20:00,4.079
11/30/2022 21:00,4.247
11/30/2022 22:00,4.457
11/30/2022 23:00,4.847
12/1/2022 0:00,5.056
12/1/2022 1:00,5.157
12/1/2022 2:00,4.867
12/1/2022 3:00,4.226
12/1/2022 4:00,3.686
12/1/2022 5:00,3.385
12/1/2022 6:00,3.215
12/1/2022 7:00,3.266
12/1/2022 8:00,3.764
12/1/2022 9:00,4.161
12/1/2022 10:00,4.279
12/1/2022 11:00,4.057
12/1/2022 12:00,3.76
12/1/2022 13:00,3.322
12/1/2022 14:00,2.73
12/1/2022 15:00,2.503
12/1/2022 16:00,2.446
12/1/2022 17:00,2.41
12/1/2022 18:00,2.419
12/1/2022 19:00,2.407
12/1/2022 20:00,2.381
12/1/2022 21:00,2.314
12/1/2022 22:00,2.264
12/1/2022 23:00,2.222
12/2/2022 0:00,2.154
12/2/2022 1:00,2.081
12/2/2022 2:00,2.017
12/2/2022 3:00,1.968
12/2/2022 4:00,1.903
12/2/2022 5:00,1.833
12/2/2022 6:00,1.797
12/2/2022 7:00,2.268
12/2/2022 8:00,2.325
12/2/2022 9:00,2.279
12/2/2022 10:00,2.12
12/2/2022 11:00,1.959
12/2/2022 12:00,1.804
12/2/2022 13:00,1.693
12/2/2022 14:00,1.47
12/2/2022 15:00,1.627
12/2/2022 16:00,1.769
12/2/2022 17:00,1.794
12/2/2022 18:00,1.746
12/2/2022 19:00,1.712
12/2/2022 20:00,1.709
12/2/2022 21:00,1.72
12/2/2022 22:00,1.763
12/2/2022 23:00,1.821
12/3/2022 0:00,1.863
12/3/2022 1:00,1.87
12/3/2022 2:00,1.874
12/3/2022 3:00,1.905
12/3/2022 4:00,1.966
12/3/2022 5:00,2.047
12/3/2022 6:00,2.205
12/3/2022 7:00,2.769
12/3/2022 8:00,3.04
12/3/2022 9:00,2.967
12/3/2022 10:00,2.853
12/3/2022 11:00,2.819
12/3/2022 12:00,2.851
12/3/2022 13:00,2.877
12/3/2022 14:00,2.47
12/3/2022 15:00,2.348
12/3/2022 16:00,2.47
12/3/2022 17:00,2.509
12/3/2022 18:00,2.498
12/3/2022 19:00,2.461
12/3/2022 20:00,2.448
12/3/2022 21:00,2.424
12/3/2022 22:00,2.436
12/3/2022 23:00,2.472
12/4/2022 0:00,2.535
12/4/2022 1:00,2.59
12/4/2022 2:00,2.647
12/4/2022 3:00,2.676
12/4/2022 4:00,2.715
12/4/2022 5:00,2.76
12/4/2022 6:00,2.985
12/4/2022 7:00,3.699
12/4/2022 8:00,3.836
12/4/2022 9:00,3.708
12/4/2022 10:00,3.467
12/4/2022 11:00,3.308
12/4/2022 12:00,3.241
12/4/2022 13:00,3.137
12/4/2022 14:00,2.684
12/4/2022 15:00,2.492
12/4/2022 16:00,2.622
12/4/2022 17:00,2.666
12/4/2022 18:00,2.647
12/4/2022 19:00,2.589
12/4/2022 20:00,2.521
12/4/2022 21:00,2.42
12/4/2022 22:00,2.335
12/4/2022 23:00,2.334
12/5/2022 0:00,2.366
12/5/2022 1:00,2.374
12/5/2022 2:00,2.367
12/5/2022 3:00,2.368
12/5/2022 4:00,2.365
12/5/2022 5:00,2.323
12/5/2022 6:00,2.455
12/5/2022 7:00,2.894
12/5/2022 8:00,2.869
12/5/2022 9:00,2.786
12/5/2022 10:00,2.752
12/5/2022 11:00,2.77
12/5/2022 12:00,2.795
12/5/2022 13:00,2.764
12/5/2022 14:00,2.345
12/5/2022 15:00,2.09
12/5/2022 16:00,2.113
12/5/2022 17:00,2.08
12/5/2022 18:00,2.026
12/5/2022 19:00,1.967
12/5/2022 20:00,1.916
12/5/2022 21:00,1.885
12/5/2022 22:00,1.875
12/5/2022 23:00,1.88
12/6/2022 0:00,1.889
12/6/2022 1:00,1.9
12/6/2022 2:00,1.909
12/6/2022 3:00,1.914
12/6/2022 4:00,1.922
12/6/2022 5:00,1.922
12/6/2022 6:00,1.878
12/6/2022 7:00,2.348
12/6/2022 8:00,2.309
12/6/2022 9:00,2.044
12/6/2022 10:00,1.774
12/6/2022 11:00,1.655
12/6/2022 12:00,1.598
12/6/2022 13:00,1.512
12/6/2022 14:00,1.245
12/6/2022 15:00,1.443
12/6/2022 16:00,1.563
12/6/2022 17:00,1.611
12/6/2022 18:00,1.611
12/6/2022 19:00,1.583
12/6/2022 20:00,1.538
12/6/2022 21:00,1.523
12/6/2022 22:00,1.517
12/6/2022 23:00,1.541
12/7/2022 0:00,1.591
12/7/2022 1:00,1.643
12/7/2022 2:00,1.698
12/7/2022 3:00,1.716
12/7/2022 4:00,1.717
12/7/2022 5:00,1.737
12/7/2022 6:00,1.796
12/7/2022 7:00,2.367
12/7/2022 8:00,2.81
12/7/2022 9:00,2.985
12/7/2022 10:00,3.048
12/7/2022 11:00,3.028
12/7/2022 12:00,2.926
12/7/2022 13:00,2.678
12/7/2022 14:00,1.96
12/7/2022 15:00,1.807
12/7/2022 16:00,1.809
12/7/2022 17:00,1.818
12/7/2022 18:00,1.822
12/7/2022 19:00,1.803
12/7/2022 20:00,1.754
12/7/2022 21:00,1.738
12/7/2022 22:00,1.744
12/7/2022 23:00,1.706
12/8/2022 0:00,1.649
12/8/2022 1:00,1.593
12/8/2022 2:00,1.528
12/8/2022 3:00,1.463
12/8/2022 4:00,1.467
12/8/2022 5:00,1.552
12/8/2022 6:00,1.611
12/8/2022 7:00,2.108
12/8/2022 8:00,2.501
12/8/2022 9:00,2.711
12/8/2022 10:00,2.818
12/8/2022 11:00,2.826
12/8/2022 12:00,2.729
12/8/2022 13:00,2.441
12/8/2022 14:00,1.78
12/8/2022 15:00,1.779
12/8/2022 16:00,1.828
12/8/2022 17:00,1.849
12/8/2022 18:00,1.865
12/8/2022 19:00,1.894
12/8/2022 20:00,1.908
12/8/2022 21:00,1.878
12/8/2022 22:00,1.832
12/8/2022 23:00,1.802
12/9/2022 0:00,1.76
12/9/2022 1:00,1.686
12/9/2022 2:00,1.603
12/9/2022 3:00,1.593
12/9/2022 4:00,1.624
12/9/2022 5:00,1.664
12/9/2022 6:00,1.722
12/9/2022 7:00,2.288
12/9/2022 8:00,2.802
12/9/2022 9:00,3.181
12/9/2022 10:00,3.49
12/9/2022 11:00,3.683
12/9/2022 12:00,3.697
12/9/2022 13:00,3.353
12/9/2022 14:00,2.491
12/9/2022 15:00,2.194
12/9/2022 16:00,2.261
12/9/2022 17:00,2.372
12/9/2022 18:00,2.473
12/9/2022 19:00,2.517
12/9/2022 20:00,2.515
12/9/2022 21:00,2.552
12/9/2022 22:00,2.623
12/9/2022 23:00,2.672
12/10/2022 0:00,2.698
12/10/2022 1:00,2.798
12/10/2022 2:00,2.947
12/10/2022 3:00,3.012
12/10/2022 4:00,3.022
12/10/2022 5:00,3.09
12/10/2022 6:00,3.447
12/10/2022 7:00,4.204
12/10/2022 8:00,4.831
12/10/2022 9:00,5.203
12/10/2022 10:00,5.325
12/10/2022 11:00,5.347
12/10/2022 12:00,5.148
12/10/2022 13:00,4.82
12/10/2022 14:00,4.393
12/10/2022 15:00,4.402
12/10/2022 16:00,4.877
12/10/2022 17:00,5.294
12/10/2022 18:00,5.692
12/10/2022 19:00,5.991
12/10/2022 20:00,6.134
12/10/2022 21:00,6.261
12/10/2022 22:00,6.109
12/10/2022 23:00,5.892
12/11/2022 0:00,5.707
12/11/2022 1:00,5.518
12/11/2022 2:00,5.468
12/11/2022 3:00,5.656
12/11/2022 4:00,5.54
12/11/2022 5:00,5.276
12/11/2022 6:00,5.008
12/11/2022 7:00,4.929
12/11/2022 8:00,4.998
12/11/2022 9:00,5.167
12/11/2022 10:00,5.414
12/11/2022 11:00,5.459
12/11/2022 12:00,5.245
12/11/2022 13:00,4.841
12/11/2022 14:00,4.241
12/11/2022 15:00,3.751
12/11/2022 16:00,3.711
12/11/2022 17:00,3.782
12/11/2022 18:00,3.863
12/11/2022 19:00,3.76
12/11/2022 20:00,3.592
12/11/2022 21:00,3.422
12/11/2022 22:00,3.201
12/11/2022 23:00,2.999
12/12/2022 0:00,2.824
12/12/2022 1:00,2.664
12/12/2022 2:00,2.485
12/12/2022 3:00,2.368
12/12/2022 4:00,2.298
12/12/2022 5:00,2.263
12/12/2022 6:00,2.267
12/12/2022 7:00,2.561
12/12/2022 8:00,3.085
12/12/2022 9:00,3.327
12/12/2022 10:00,3.369
12/12/2022 11:00,3.323
12/12/2022 12:00,3.162
12/12/2022 13:00,2.704
12/12/2022 14:00,1.998
12/12/2022 15:00,2
12/12/2022 16:00,2.159
12/12/2022 17:00,2.35
12/12/2022 18:00,2.562
12/12/2022 19:00,2.735
12/12/2022 20:00,2.868
12/12/2022 21:00,2.912
12/12/2022 22:00,2.833
12/12/2022 23:00,2.776
12/13/2022 0:00,2.773
12/13/2022 1:00,2.732
12/13/2022 2:00,2.582
12/13/2022 3:00,2.456
12/13/2022 4:00,2.284
12/13/2022 5:00,2.08
12/13/2022 6:00,2.22
12/13/2022 7:00,2.828
12/13/2022 8:00,3.422
12/13/2022 9:00,3.553
12/13/2022 10:00,3.37
12/13/2022 11:00,3.055
12/13/2022 12:00,2.663
12/13/2022 13:00,2.224
12/13/2022 14:00,1.963
12/13/2022 15:00,2.08
12/13/2022 16:00,2.206
12/13/2022 17:00,2.416
12/13/2022 18:00,2.707
12/13/2022 19:00,2.906
12/13/2022 20:00,2.845
12/13/2022 21:00,2.729
12/13/2022 22:00,2.672
12/13/2022 23:00,2.727
12/14/2022 0:00,2.765
12/14/2022 1:00,2.768
12/14/2022 2:00,2.799
12/14/2022 3:00,2.798
12/14/2022 4:00,2.764
12/14/2022 5:00,2.66
12/14/2022 6:00,2.741
12/14/2022 7:00,3.129
12/14/2022 8:00,3.138
12/14/2022 9:00,2.928
12/14/2022 10:00,2.61
12/14/2022 11:00,2.351
12/14/2022 12:00,2.266
12/14/2022 13:00,2.315
12/14/2022 14:00,2.165
12/14/2022 15:00,2.191
12/14/2022 16:00,2.359
12/14/2022 17:00,2.516
12/14/2022 18:00,2.671
12/14/2022 19:00,2.793
12/14/2022 20:00,2.918
12/14/2022 21:00,3.053
12/14/2022 22:00,3.189
12/14/2022 23:00,3.234
12/15/2022 0:00,3.2
12/15/2022 1:00,3.18
12/15/2022 2:00,3.119
12/15/2022 3:00,3.064
12/15/2022 4:00,3.012
12/15/2022 5:00,2.905
12/15/2022 6:00,2.893
12/15/2022 7:00,3.332
12/15/2022 8:00,3.469
12/15/2022 9:00,3.373
12/15/2022 10:00,3.209
12/15/2022 11:00,2.946
12/15/2022 12:00,2.623
12/15/2022 13:00,2.263
12/15/2022 14:00,1.583
12/15/2022 15:00,1.563
12/15/2022 16:00,1.655
12/15/2022 17:00,1.705
12/15/2022 18:00,1.731
12/15/2022 19:00,1.76
12/15/2022 20:00,1.82
12/15/2022 21:00,1.859
12/15/2022 22:00,1.872
12/15/2022 23:00,1.885
12/16/2022 0:00,1.898
12/16/2022 1:00,1.899
12/16/2022 2:00,1.893
12/16/2022 3:00,1.863
12/16/2022 4:00,1.846
12/16/2022 5:00,1.846
12/16/2022 6:00,1.81
12/16/2022 7:00,2.256
12/16/2022 8:00,2.443
12/16/2022 9:00,2.652
12/16/2022 10:00,2.814
12/16/2022 11:00,2.957
12/16/2022 12:00,3.024
12/16/2022 13:00,2.868
12/16/2022 14:00,2.12
12/16/2022 15:00,1.972
12/16/2022 16:00,2.013
12/16/2022 17:00,2.076
12/16/2022 18:00,2.147
12/16/2022 19:00,2.209
12/16/2022 20:00,2.257
12/16/2022 21:00,2.278
12/16/2022 22:00,2.276
12/16/2022 23:00,2.274
12/17/2022 0:00,2.273
12/17/2022 1:00,2.259
12/17/2022 2:00,2.271
12/17/2022 3:00,2.267
12/17/2022 4:00,2.255
12/17/2022 5:00,2.272
12/17/2022 6:00,2.294
12/17/2022 7:00,2.962
12/17/2022 8:00,3.317
12/17/2022 9:00,3.537
12/17/2022 10:00,3.554
12/17/2022 11:00,3.451
12/17/2022 12:00,3.235
12/17/2022 13:00,2.837
12/17/2022 14:00,1.999
12/17/2022 15:00,1.783
12/17/2022 16:00,1.781
12/17/2022 17:00,1.801
12/17/2022 18:00,1.826
12/17/2022 19:00,1.842
12/17/2022 20:00,1.839
12/17/2022 21:00,1.799
12/17/2022 22:00,1.73
12/17/2022 23:00,1.677
12/18/2022 0:00,1.65
12/18/2022 1:00,1.608
12/18/2022 2:00,1.538
12/18/2022 3:00,1.473
12/18/2022 4:00,1.413
12/18/2022 5:00,1.429
12/18/2022 6:00,1.469
12/18/2022 7:00,1.857
12/18/2022 8:00,2.064
12/18/2022 9:00,2.038
12/18/2022 10:00,2.04
12/18/2022 11:00,2.036
12/18/2022 12:00,2.009
12/18/2022 13:00,1.915
12/18/2022 14:00,1.673
12/18/2022 15:00,1.837
12/18/2022 16:00,2.218
12/18/2022 17:00,2.555
12/18/2022 18:00,2.746
12/18/2022 19:00,3.116
12/18/2022 20:00,3.448
12/18/2022 21:00,3.619
12/18/2022 22:00,3.871
12/18/2022 23:00,4.183
12/19/2022 0:00,4.572
12/19/2022 1:00,4.869
12/19/2022 2:00,4.981
12/19/2022 3:00,5.002
12/19/2022 4:00,5.033
12/19/2022 5:00,5.136
12/19/2022 6:00,5.549
12/19/2022 7:00,6.116
12/19/2022 8:00,6.372
12/19/2022 9:00,6.369
12/19/2022 10:00,6.285
12/19/2022 11:00,6.258
12/19/2022 12:00,6.266
12/19/2022 13:00,6.198
12/19/2022 14:00,5.802
12/19/2022 15:00,5.504
12/19/2022 16:00,5.657
12/19/2022 17:00,5.788
12/19/2022 18:00,5.876
12/19/2022 19:00,5.889
12/19/2022 20:00,5.858
12/19/2022 21:00,5.8
12/19/2022 22:00,5.748
12/19/2022 23:00,5.688
12/20/2022 0:00,5.617
12/20/2022 1:00,5.531
12/20/2022 2:00,5.525
12/20/2022 3:00,5.534
12/20/2022 4:00,5.579
12/20/2022 5:00,5.635
12/20/2022 6:00,5.903
12/20/2022 7:00,6.443
12/20/2022 8:00,6.555
12/20/2022 9:00,6.444
12/20/2022 10:00,6.286
12/20/2022 11:00,6.172
12/20/2022 12:00,6.032
12/20/2022 13:00,5.783
12/20/2022 14:00,5.114
12/20/2022 15:00,4.657
12/20/2022 16:00,4.58
12/20/2022 17:00,4.519
12/20/2022 18:00,4.412
12/20/2022 19:00,4.307
12/20/2022 20:00,4.31
12/20/2022 21:00,4.277
12/20/2022 22:00,4.173
12/20/2022 23:00,4.079
12/21/2022 0:00,4.01
12/21/2022 1:00,3.928
12/21/2022 2:00,3.834
12/21/2022 3:00,3.805
12/21/2022 4:00,3.771
12/21/2022 5:00,3.637
12/21/2022 6:00,3.767
12/21/2022 7:00,4.173
12/21/2022 8:00,4.056
12/21/2022 9:00,3.735
12/21/2022 10:00,3.416
12/21/2022 11:00,3.178
12/21/2022 12:00,2.983
12/21/2022 13:00,2.791
12/21/2022 14:00,2.293
12/21/2022 15:00,2.112
12/21/2022 16:00,2.14
12/21/2022 17:00,2.08
12/21/2022 18:00,1.964
12/21/2022 19:00,1.827
12/21/2022 20:00,1.701
12/21/2022 21:00,1.603
12/21/2022 22:00,1.537
12/21/2022 23:00,1.523
12/22/2022 0:00,1.56
12/22/2022 1:00,1.607
12/22/2022 2:00,1.641
12/22/2022 3:00,1.638
12/22/2022 4:00,1.58
12/22/2022 5:00,1.482
12/22/2022 6:00,1.275
12/22/2022 7:00,1.367
12/22/2022 8:00,1.123
12/22/2022 9:00,0.894
12/22/2022 10:00,0.997
12/22/2022 11:00,1.201
12/22/2022 12:00,1.319
12/22/2022 13:00,1.302
12/22/2022 14:00,1.015
12/22/2022 15:00,0.988
12/22/2022 16:00,0.855
12/22/2022 17:00,0.74
12/22/2022 18:00,0.784
12/22/2022 19:00,0.894
12/22/2022 20:00,0.969
12/22/2022 21:00,1.008
12/22/2022 22:00,1.041
12/22/2022 23:00,1.054
12/23/2022 0:00,1.063
12/23/2022 1:00,1.107
12/23/2022 2:00,1.184
12/23/2022 3:00,1.245
12/23/2022 4:00,1.28
12/23/2022 5:00,1.351
12/23/2022 6:00,1.401
12/23/2022 7:00,1.728
12/23/2022 8:00,1.914
12/23/2022 9:00,2.029
12/23/2022 10:00,2.099
12/23/2022 11:00,2.068
12/23/2022 12:00,1.986
12/23/2022 13:00,1.741
12/23/2022 14:00,1.26
12/23/2022 15:00,1.289
12/23/2022 16:00,1.264
12/23/2022 17:00,1.252
12/23/2022 18:00,1.224
12/23/2022 19:00,1.284
12/23/2022 20:00,1.356
12/23/2022 21:00,1.426
12/23/2022 22:00,1.534
12/23/2022 23:00,1.569
12/24/2022 0:00,1.579
12/24/2022 1:00,1.654
12/24/2022 2:00,1.752
12/24/2022 3:00,1.797
12/24/2022 4:00,1.803
12/24/2022 5:00,1.769
12/24/2022 6:00,1.653
12/24/2022 7:00,1.675
12/24/2022 8:00,1.612
12/24/2022 9:00,1.548
12/24/2022 10:00,1.576
12/24/2022 11:00,1.579
12/24/2022 12:00,1.64
12/24/2022 13:00,1.601
12/24/2022 14:00,1.42
12/24/2022 15:00,1.553
12/24/2022 16:00,1.595
12/24/2022 17:00,1.661
12/24/2022 18:00,1.73
12/24/2022 19:00,1.774
12/24/2022 20:00,1.8
12/24/2022 21:00,1.875
12/24/2022 22:00,2.004
12/24/2022 23:00,2.125
12/25/2022 0:00,2.245
12/25/2022 1:00,2.385
12/25/2022 2:00,2.53
12/25/2022 3:00,2.619
12/25/2022 4:00,2.633
12/25/2022 5:00,2.626
12/25/2022 6:00,2.731
12/25/2022 7:00,3.49
12/25/2022 8:00,4.007
12/25/2022 9:00,4.113
12/25/2022 10:00,3.995
12/25/2022 11:00,3.844
12/25/2022 12:00,3.647
12/25/2022 13:00,3.126
12/25/2022 14:00,2.221
12/25/2022 15:00,2.172
12/25/2022 16:00,2.177
12/25/2022 17:00,2.175
12/25/2022 18:00,2.16
12/25/2022 19:00,2.128
12/25/2022 20:00,2.083
12/25/2022 21:00,1.997
12/25/2022 22:00,1.928
12/25/2022 23:00,1.892
12/26/2022 0:00,1.859
12/26/2022 1:00,1.829
12/26/2022 2:00,1.789
12/26/2022 3:00,1.748
12/26/2022 4:00,1.711
12/26/2022 5:00,1.66
12/26/2022 6:00,1.568
12/26/2022 7:00,1.69
12/26/2022 8:00,1.552
12/26/2022 9:00,1.554
12/26/2022 10:00,1.728
12/26/2022 11:00,1.916
12/26/2022 12:00,2.027
12/26/2022 13:00,1.948
12/26/2022 14:00,1.543
12/26/2022 15:00,1.681
12/26/2022 16:00,1.741
12/26/2022 17:00,1.752
12/26/2022 18:00,1.748
12/26/2022 19:00,1.734
12/26/2022 20:00,1.719
12/26/2022 21:00,1.674
12/26/2022 22:00,1.617
12/26/2022 23:00,1.606
12/27/2022 0:00,1.647
12/27/2022 1:00,1.686
12/27/2022 2:00,1.738
12/27/2022 3:00,1.82
12/27/2022 4:00,1.86
12/27/2022 5:00,1.845
12/27/2022 6:00,1.81
12/27/2022 7:00,2.057
12/27/2022 8:00,1.991
12/27/2022 9:00,1.908
12/27/2022 10:00,1.892
12/27/2022 11:00,1.89
12/27/2022 12:00,1.802
12/27/2022 13:00,1.553
12/27/2022 14:00,1.09
12/27/2022 15:00,1.066
12/27/2022 16:00,1.181
12/27/2022 17:00,1.336
12/27/2022 18:00,1.48
12/27/2022 19:00,1.566
12/27/2022 20:00,1.612
12/27/2022 21:00,1.63
12/27/2022 22:00,1.622
12/27/2022 23:00,1.611
12/28/2022 0:00,1.627
12/28/2022 1:00,1.673
12/28/2022 2:00,1.719
12/28/2022 3:00,1.754
12/28/2022 4:00,1.78
12/28/2022 5:00,1.8
12/28/2022 6:00,1.756
12/28/2022 7:00,2.201
12/28/2022 8:00,2.266
12/28/2022 9:00,2.159
12/28/2022 10:00,2.089
12/28/2022 11:00,2.067
12/28/2022 12:00,2.031
12/28/2022 13:00,1.909
12/28/2022 14:00,1.459
12/28/2022 15:00,1.518
12/28/2022 16:00,1.57
12/28/2022 17:00,1.575
12/28/2022 18:00,1.54
12/28/2022 19:00,1.487
12/28/2022 20:00,1.442
12/28/2022 21:00,1.385
12/28/2022 22:00,1.351
12/28/2022 23:00,1.375
12/29/2022 0:00,1.423
12/29/2022 1:00,1.475
12/29/2022 2:00,1.512
12/29/2022 3:00,1.541
12/29/2022 4:00,1.551
12/29/2022 5:00,1.534
12/29/2022 6:00,1.443
12/29/2022 7:00,1.788
12/29/2022 8:00,1.666
12/29/2022 9:00,1.507
12/29/2022 10:00,1.453
12/29/2022 11:00,1.479
12/29/2022 12:00,1.434
12/29/2022 13:00,1.28
12/29/2022 14:00,0.964
12/29/2022 15:00,1.116
12/29/2022 16:00,1.249
12/29/2022 17:00,1.312
12/29/2022 18:00,1.297
12/29/2022 19:00,1.246
12/29/2022 20:00,1.172
12/29/2022 21:00,1.108
12/29/2022 22:00,1.12
12/29/2022 23:00,1.167
12/30/2022 0:00,1.166
12/30/2022 1:00,1.128
12/30/2022 2:00,1.084
12/30/2022 3:00,1.063
12/30/2022 4:00,1.071
12/30/2022 5:00,1.09
12/30/2022 6:00,1.088
12/30/2022 7:00,1.448
12/30/2022 8:00,1.69
12/30/2022 9:00,1.805
12/30/2022 10:00,1.858
12/30/2022 11:00,1.88
12/30/2022 12:00,1.837
12/30/2022 13:00,1.65
12/30/2022 14:00,1.156
12/30/2022 15:00,1.289
12/30/2022 16:00,1.389
12/30/2022 17:00,1.431
12/30/2022 18:00,1.429
12/30/2022 19:00,1.4
12/30/2022 20:00,1.347
12/30/2022 21:00,1.273
12/30/2022 22:00,1.25
12/30/2022 23:00,1.316
12/31/2022 0:00,1.389
12/31/2022 1:00,1.454
12/31/2022 2:00,1.527
12/31/2022 3:00,1.598
12/31/2022 4:00,1.624
12/31/2022 5:00,1.653
12/31/2022 6:00,1.611
12/31/2022 7:00,1.989
12/31/2022 8:00,1.925
12/31/2022 9:00,1.664
12/31/2022 10:00,1.435
12/31/2022 11:00,1.348
12/31/2022 12:00,1.357
12/31/2022 13:00,1.328
12/31/2022 14:00,1.111
12/31/2022 15:00,1.287
12/31/2022 16:00,1.384
12/31/2022 17:00,1.469
12/31/2022 18:00,1.542
12/31/2022 19:00,1.6
12/31/2022 20:00,1.647
12/31/2022 21:00,1.697
12/31/2022 22:00,1.783
12/31/2022 23:00,1.881
