# Renewables.ninja Weather (hourly 1980-2022)  -  Indonesia  -  renewables_ninja_country_ID_wind-speed_merra-2_pop-wtd.csv  -  Version 1.4,
# License: https://creativecommons.org/licenses/by-nc/4.0/  -  Reference: https://doi.org/10.1038/s41560-023-01341-5,
# Units: time in UTC; other columns are the wind speed at 2 metres above ground in m/s (U2M and V2M in MERRA-2) weighted by population; column names signify country ISO2 code or GADM level1 code.,
,
1/1/2022 0:00,1.832
1/1/2022 1:00,1.984
1/1/2022 2:00,2.074
1/1/2022 3:00,2.122
1/1/2022 4:00,2.162
1/1/2022 5:00,2.212
1/1/2022 6:00,2.225
1/1/2022 7:00,2.162
1/1/2022 8:00,2.015
1/1/2022 9:00,1.831
1/1/2022 10:00,1.533
1/1/2022 11:00,1.355
1/1/2022 12:00,1.364
1/1/2022 13:00,1.39
1/1/2022 14:00,1.418
1/1/2022 15:00,1.423
1/1/2022 16:00,1.427
1/1/2022 17:00,1.438
1/1/2022 18:00,1.455
1/1/2022 19:00,1.46
1/1/2022 20:00,1.448
1/1/2022 21:00,1.449
1/1/2022 22:00,1.465
1/1/2022 23:00,1.812
1/2/2022 0:00,2.087
1/2/2022 1:00,2.166
1/2/2022 2:00,2.158
1/2/2022 3:00,2.112
1/2/2022 4:00,2.064
1/2/2022 5:00,2.046
1/2/2022 6:00,2.039
1/2/2022 7:00,2.012
1/2/2022 8:00,1.928
1/2/2022 9:00,1.778
1/2/2022 10:00,1.541
1/2/2022 11:00,1.345
1/2/2022 12:00,1.35
1/2/2022 13:00,1.37
1/2/2022 14:00,1.43
1/2/2022 15:00,1.478
1/2/2022 16:00,1.526
1/2/2022 17:00,1.589
1/2/2022 18:00,1.634
1/2/2022 19:00,1.639
1/2/2022 20:00,1.58
1/2/2022 21:00,1.518
1/2/2022 22:00,1.518
1/2/2022 23:00,1.848
1/3/2022 0:00,2.21
1/3/2022 1:00,2.316
1/3/2022 2:00,2.291
1/3/2022 3:00,2.229
1/3/2022 4:00,2.145
1/3/2022 5:00,2.086
1/3/2022 6:00,2.048
1/3/2022 7:00,2.014
1/3/2022 8:00,1.933
1/3/2022 9:00,1.739
1/3/2022 10:00,1.428
1/3/2022 11:00,1.26
1/3/2022 12:00,1.293
1/3/2022 13:00,1.346
1/3/2022 14:00,1.397
1/3/2022 15:00,1.438
1/3/2022 16:00,1.465
1/3/2022 17:00,1.477
1/3/2022 18:00,1.476
1/3/2022 19:00,1.482
1/3/2022 20:00,1.483
1/3/2022 21:00,1.407
1/3/2022 22:00,1.315
1/3/2022 23:00,1.574
1/4/2022 0:00,1.664
1/4/2022 1:00,1.581
1/4/2022 2:00,1.478
1/4/2022 3:00,1.478
1/4/2022 4:00,1.509
1/4/2022 5:00,1.523
1/4/2022 6:00,1.572
1/4/2022 7:00,1.628
1/4/2022 8:00,1.611
1/4/2022 9:00,1.486
1/4/2022 10:00,1.298
1/4/2022 11:00,1.102
1/4/2022 12:00,1.07
1/4/2022 13:00,1.029
1/4/2022 14:00,0.991
1/4/2022 15:00,1.003
1/4/2022 16:00,1.022
1/4/2022 17:00,1.029
1/4/2022 18:00,1.037
1/4/2022 19:00,1.049
1/4/2022 20:00,1.057
1/4/2022 21:00,1.041
1/4/2022 22:00,1.029
1/4/2022 23:00,1.217
1/5/2022 0:00,1.31
1/5/2022 1:00,1.373
1/5/2022 2:00,1.478
1/5/2022 3:00,1.526
1/5/2022 4:00,1.603
1/5/2022 5:00,1.814
1/5/2022 6:00,1.958
1/5/2022 7:00,2.003
1/5/2022 8:00,1.953
1/5/2022 9:00,1.772
1/5/2022 10:00,1.514
1/5/2022 11:00,1.281
1/5/2022 12:00,1.231
1/5/2022 13:00,1.195
1/5/2022 14:00,1.186
1/5/2022 15:00,1.201
1/5/2022 16:00,1.211
1/5/2022 17:00,1.218
1/5/2022 18:00,1.201
1/5/2022 19:00,1.161
1/5/2022 20:00,1.124
1/5/2022 21:00,1.103
1/5/2022 22:00,1.108
1/5/2022 23:00,1.305
1/6/2022 0:00,1.408
1/6/2022 1:00,1.358
1/6/2022 2:00,1.418
1/6/2022 3:00,1.561
1/6/2022 4:00,1.7
1/6/2022 5:00,1.851
1/6/2022 6:00,1.967
1/6/2022 7:00,1.99
1/6/2022 8:00,1.908
1/6/2022 9:00,1.734
1/6/2022 10:00,1.522
1/6/2022 11:00,1.33
1/6/2022 12:00,1.358
1/6/2022 13:00,1.411
1/6/2022 14:00,1.483
1/6/2022 15:00,1.549
1/6/2022 16:00,1.572
1/6/2022 17:00,1.548
1/6/2022 18:00,1.489
1/6/2022 19:00,1.435
1/6/2022 20:00,1.419
1/6/2022 21:00,1.396
1/6/2022 22:00,1.385
1/6/2022 23:00,1.659
1/7/2022 0:00,1.885
1/7/2022 1:00,1.915
1/7/2022 2:00,1.893
1/7/2022 3:00,1.907
1/7/2022 4:00,1.926
1/7/2022 5:00,1.928
1/7/2022 6:00,1.922
1/7/2022 7:00,1.872
1/7/2022 8:00,1.757
1/7/2022 9:00,1.629
1/7/2022 10:00,1.421
1/7/2022 11:00,1.319
1/7/2022 12:00,1.366
1/7/2022 13:00,1.417
1/7/2022 14:00,1.467
1/7/2022 15:00,1.453
1/7/2022 16:00,1.383
1/7/2022 17:00,1.31
1/7/2022 18:00,1.252
1/7/2022 19:00,1.201
1/7/2022 20:00,1.151
1/7/2022 21:00,1.086
1/7/2022 22:00,1.031
1/7/2022 23:00,1.209
1/8/2022 0:00,1.314
1/8/2022 1:00,1.335
1/8/2022 2:00,1.392
1/8/2022 3:00,1.453
1/8/2022 4:00,1.525
1/8/2022 5:00,1.655
1/8/2022 6:00,1.783
1/8/2022 7:00,1.858
1/8/2022 8:00,1.836
1/8/2022 9:00,1.664
1/8/2022 10:00,1.414
1/8/2022 11:00,1.182
1/8/2022 12:00,1.142
1/8/2022 13:00,1.11
1/8/2022 14:00,1.111
1/8/2022 15:00,1.136
1/8/2022 16:00,1.176
1/8/2022 17:00,1.217
1/8/2022 18:00,1.235
1/8/2022 19:00,1.233
1/8/2022 20:00,1.226
1/8/2022 21:00,1.212
1/8/2022 22:00,1.23
1/8/2022 23:00,1.544
1/9/2022 0:00,1.663
1/9/2022 1:00,1.65
1/9/2022 2:00,1.737
1/9/2022 3:00,1.85
1/9/2022 4:00,1.954
1/9/2022 5:00,2.047
1/9/2022 6:00,2.109
1/9/2022 7:00,2.116
1/9/2022 8:00,2.015
1/9/2022 9:00,1.794
1/9/2022 10:00,1.481
1/9/2022 11:00,1.283
1/9/2022 12:00,1.276
1/9/2022 13:00,1.271
1/9/2022 14:00,1.278
1/9/2022 15:00,1.299
1/9/2022 16:00,1.331
1/9/2022 17:00,1.358
1/9/2022 18:00,1.384
1/9/2022 19:00,1.404
1/9/2022 20:00,1.394
1/9/2022 21:00,1.301
1/9/2022 22:00,1.172
1/9/2022 23:00,1.274
1/10/2022 0:00,1.439
1/10/2022 1:00,1.492
1/10/2022 2:00,1.567
1/10/2022 3:00,1.678
1/10/2022 4:00,1.794
1/10/2022 5:00,1.906
1/10/2022 6:00,1.999
1/10/2022 7:00,2.036
1/10/2022 8:00,1.985
1/10/2022 9:00,1.822
1/10/2022 10:00,1.586
1/10/2022 11:00,1.406
1/10/2022 12:00,1.406
1/10/2022 13:00,1.402
1/10/2022 14:00,1.401
1/10/2022 15:00,1.361
1/10/2022 16:00,1.319
1/10/2022 17:00,1.296
1/10/2022 18:00,1.287
1/10/2022 19:00,1.295
1/10/2022 20:00,1.318
1/10/2022 21:00,1.36
1/10/2022 22:00,1.393
1/10/2022 23:00,1.646
1/11/2022 0:00,1.919
1/11/2022 1:00,2.138
1/11/2022 2:00,2.319
1/11/2022 3:00,2.45
1/11/2022 4:00,2.536
1/11/2022 5:00,2.589
1/11/2022 6:00,2.599
1/11/2022 7:00,2.539
1/11/2022 8:00,2.392
1/11/2022 9:00,2.188
1/11/2022 10:00,1.928
1/11/2022 11:00,1.768
1/11/2022 12:00,1.779
1/11/2022 13:00,1.806
1/11/2022 14:00,1.812
1/11/2022 15:00,1.767
1/11/2022 16:00,1.713
1/11/2022 17:00,1.668
1/11/2022 18:00,1.615
1/11/2022 19:00,1.55
1/11/2022 20:00,1.5
1/11/2022 21:00,1.474
1/11/2022 22:00,1.473
1/11/2022 23:00,1.675
1/12/2022 0:00,1.985
1/12/2022 1:00,2.261
1/12/2022 2:00,2.562
1/12/2022 3:00,2.794
1/12/2022 4:00,2.944
1/12/2022 5:00,3.014
1/12/2022 6:00,3.001
1/12/2022 7:00,2.9
1/12/2022 8:00,2.699
1/12/2022 9:00,2.419
1/12/2022 10:00,2.027
1/12/2022 11:00,1.854
1/12/2022 12:00,1.832
1/12/2022 13:00,1.812
1/12/2022 14:00,1.798
1/12/2022 15:00,1.752
1/12/2022 16:00,1.707
1/12/2022 17:00,1.68
1/12/2022 18:00,1.67
1/12/2022 19:00,1.666
1/12/2022 20:00,1.672
1/12/2022 21:00,1.655
1/12/2022 22:00,1.64
1/12/2022 23:00,1.903
1/13/2022 0:00,2.307
1/13/2022 1:00,2.599
1/13/2022 2:00,2.777
1/13/2022 3:00,2.869
1/13/2022 4:00,2.916
1/13/2022 5:00,2.909
1/13/2022 6:00,2.828
1/13/2022 7:00,2.669
1/13/2022 8:00,2.441
1/13/2022 9:00,2.176
1/13/2022 10:00,1.812
1/13/2022 11:00,1.572
1/13/2022 12:00,1.571
1/13/2022 13:00,1.584
1/13/2022 14:00,1.614
1/13/2022 15:00,1.631
1/13/2022 16:00,1.651
1/13/2022 17:00,1.691
1/13/2022 18:00,1.723
1/13/2022 19:00,1.737
1/13/2022 20:00,1.744
1/13/2022 21:00,1.737
1/13/2022 22:00,1.735
1/13/2022 23:00,2.065
1/14/2022 0:00,2.487
1/14/2022 1:00,2.781
1/14/2022 2:00,2.984
1/14/2022 3:00,3.119
1/14/2022 4:00,3.204
1/14/2022 5:00,3.232
1/14/2022 6:00,3.182
1/14/2022 7:00,3.032
1/14/2022 8:00,2.797
1/14/2022 9:00,2.441
1/14/2022 10:00,1.96
1/14/2022 11:00,1.655
1/14/2022 12:00,1.613
1/14/2022 13:00,1.599
1/14/2022 14:00,1.604
1/14/2022 15:00,1.598
1/14/2022 16:00,1.609
1/14/2022 17:00,1.638
1/14/2022 18:00,1.65
1/14/2022 19:00,1.648
1/14/2022 20:00,1.648
1/14/2022 21:00,1.668
1/14/2022 22:00,1.717
1/14/2022 23:00,2.065
1/15/2022 0:00,2.456
1/15/2022 1:00,2.733
1/15/2022 2:00,2.921
1/15/2022 3:00,3.019
1/15/2022 4:00,3.046
1/15/2022 5:00,3.04
1/15/2022 6:00,2.992
1/15/2022 7:00,2.886
1/15/2022 8:00,2.685
1/15/2022 9:00,2.393
1/15/2022 10:00,2.007
1/15/2022 11:00,1.751
1/15/2022 12:00,1.695
1/15/2022 13:00,1.657
1/15/2022 14:00,1.645
1/15/2022 15:00,1.628
1/15/2022 16:00,1.62
1/15/2022 17:00,1.624
1/15/2022 18:00,1.629
1/15/2022 19:00,1.619
1/15/2022 20:00,1.603
1/15/2022 21:00,1.601
1/15/2022 22:00,1.609
1/15/2022 23:00,1.877
1/16/2022 0:00,2.203
1/16/2022 1:00,2.47
1/16/2022 2:00,2.669
1/16/2022 3:00,2.791
1/16/2022 4:00,2.876
1/16/2022 5:00,2.922
1/16/2022 6:00,2.923
1/16/2022 7:00,2.862
1/16/2022 8:00,2.711
1/16/2022 9:00,2.416
1/16/2022 10:00,1.958
1/16/2022 11:00,1.66
1/16/2022 12:00,1.574
1/16/2022 13:00,1.522
1/16/2022 14:00,1.494
1/16/2022 15:00,1.496
1/16/2022 16:00,1.523
1/16/2022 17:00,1.549
1/16/2022 18:00,1.567
1/16/2022 19:00,1.576
1/16/2022 20:00,1.583
1/16/2022 21:00,1.576
1/16/2022 22:00,1.58
1/16/2022 23:00,1.832
1/17/2022 0:00,2.139
1/17/2022 1:00,2.36
1/17/2022 2:00,2.514
1/17/2022 3:00,2.614
1/17/2022 4:00,2.67
1/17/2022 5:00,2.677
1/17/2022 6:00,2.634
1/17/2022 7:00,2.529
1/17/2022 8:00,2.362
1/17/2022 9:00,2.092
1/17/2022 10:00,1.732
1/17/2022 11:00,1.514
1/17/2022 12:00,1.486
1/17/2022 13:00,1.459
1/17/2022 14:00,1.443
1/17/2022 15:00,1.455
1/17/2022 16:00,1.485
1/17/2022 17:00,1.516
1/17/2022 18:00,1.536
1/17/2022 19:00,1.548
1/17/2022 20:00,1.555
1/17/2022 21:00,1.542
1/17/2022 22:00,1.536
1/17/2022 23:00,1.763
1/18/2022 0:00,2.127
1/18/2022 1:00,2.441
1/18/2022 2:00,2.712
1/18/2022 3:00,2.902
1/18/2022 4:00,3.036
1/18/2022 5:00,3.097
1/18/2022 6:00,3.087
1/18/2022 7:00,3.004
1/18/2022 8:00,2.838
1/18/2022 9:00,2.56
1/18/2022 10:00,2.151
1/18/2022 11:00,1.868
1/18/2022 12:00,1.78
1/18/2022 13:00,1.698
1/18/2022 14:00,1.649
1/18/2022 15:00,1.646
1/18/2022 16:00,1.689
1/18/2022 17:00,1.741
1/18/2022 18:00,1.75
1/18/2022 19:00,1.731
1/18/2022 20:00,1.706
1/18/2022 21:00,1.683
1/18/2022 22:00,1.687
1/18/2022 23:00,2.013
1/19/2022 0:00,2.406
1/19/2022 1:00,2.718
1/19/2022 2:00,2.927
1/19/2022 3:00,3.089
1/19/2022 4:00,3.193
1/19/2022 5:00,3.245
1/19/2022 6:00,3.207
1/19/2022 7:00,3.068
1/19/2022 8:00,2.829
1/19/2022 9:00,2.466
1/19/2022 10:00,2.013
1/19/2022 11:00,1.724
1/19/2022 12:00,1.666
1/19/2022 13:00,1.63
1/19/2022 14:00,1.621
1/19/2022 15:00,1.642
1/19/2022 16:00,1.676
1/19/2022 17:00,1.706
1/19/2022 18:00,1.722
1/19/2022 19:00,1.71
1/19/2022 20:00,1.669
1/19/2022 21:00,1.61
1/19/2022 22:00,1.574
1/19/2022 23:00,1.76
1/20/2022 0:00,2.123
1/20/2022 1:00,2.465
1/20/2022 2:00,2.692
1/20/2022 3:00,2.777
1/20/2022 4:00,2.797
1/20/2022 5:00,2.766
1/20/2022 6:00,2.688
1/20/2022 7:00,2.543
1/20/2022 8:00,2.324
1/20/2022 9:00,2.07
1/20/2022 10:00,1.792
1/20/2022 11:00,1.637
1/20/2022 12:00,1.643
1/20/2022 13:00,1.645
1/20/2022 14:00,1.662
1/20/2022 15:00,1.636
1/20/2022 16:00,1.588
1/20/2022 17:00,1.554
1/20/2022 18:00,1.509
1/20/2022 19:00,1.451
1/20/2022 20:00,1.382
1/20/2022 21:00,1.319
1/20/2022 22:00,1.29
1/20/2022 23:00,1.476
1/21/2022 0:00,1.714
1/21/2022 1:00,1.851
1/21/2022 2:00,1.982
1/21/2022 3:00,2.101
1/21/2022 4:00,2.238
1/21/2022 5:00,2.378
1/21/2022 6:00,2.464
1/21/2022 7:00,2.451
1/21/2022 8:00,2.303
1/21/2022 9:00,2.047
1/21/2022 10:00,1.726
1/21/2022 11:00,1.471
1/21/2022 12:00,1.415
1/21/2022 13:00,1.367
1/21/2022 14:00,1.335
1/21/2022 15:00,1.337
1/21/2022 16:00,1.357
1/21/2022 17:00,1.37
1/21/2022 18:00,1.378
1/21/2022 19:00,1.392
1/21/2022 20:00,1.417
1/21/2022 21:00,1.419
1/21/2022 22:00,1.434
1/21/2022 23:00,1.735
1/22/2022 0:00,1.966
1/22/2022 1:00,2.19
1/22/2022 2:00,2.46
1/22/2022 3:00,2.624
1/22/2022 4:00,2.688
1/22/2022 5:00,2.712
1/22/2022 6:00,2.691
1/22/2022 7:00,2.592
1/22/2022 8:00,2.403
1/22/2022 9:00,2.098
1/22/2022 10:00,1.706
1/22/2022 11:00,1.425
1/22/2022 12:00,1.371
1/22/2022 13:00,1.336
1/22/2022 14:00,1.32
1/22/2022 15:00,1.326
1/22/2022 16:00,1.35
1/22/2022 17:00,1.387
1/22/2022 18:00,1.432
1/22/2022 19:00,1.487
1/22/2022 20:00,1.53
1/22/2022 21:00,1.502
1/22/2022 22:00,1.473
1/22/2022 23:00,1.826
1/23/2022 0:00,2.115
1/23/2022 1:00,2.248
1/23/2022 2:00,2.366
1/23/2022 3:00,2.478
1/23/2022 4:00,2.559
1/23/2022 5:00,2.615
1/23/2022 6:00,2.623
1/23/2022 7:00,2.562
1/23/2022 8:00,2.403
1/23/2022 9:00,2.175
1/23/2022 10:00,1.854
1/23/2022 11:00,1.667
1/23/2022 12:00,1.684
1/23/2022 13:00,1.691
1/23/2022 14:00,1.697
1/23/2022 15:00,1.682
1/23/2022 16:00,1.651
1/23/2022 17:00,1.637
1/23/2022 18:00,1.637
1/23/2022 19:00,1.618
1/23/2022 20:00,1.564
1/23/2022 21:00,1.52
1/23/2022 22:00,1.508
1/23/2022 23:00,1.869
1/24/2022 0:00,2.223
1/24/2022 1:00,2.4
1/24/2022 2:00,2.553
1/24/2022 3:00,2.717
1/24/2022 4:00,2.861
1/24/2022 5:00,2.988
1/24/2022 6:00,3.066
1/24/2022 7:00,3.05
1/24/2022 8:00,2.894
1/24/2022 9:00,2.577
1/24/2022 10:00,2.123
1/24/2022 11:00,1.878
1/24/2022 12:00,1.872
1/24/2022 13:00,1.853
1/24/2022 14:00,1.811
1/24/2022 15:00,1.811
1/24/2022 16:00,1.844
1/24/2022 17:00,1.867
1/24/2022 18:00,1.875
1/24/2022 19:00,1.855
1/24/2022 20:00,1.833
1/24/2022 21:00,1.777
1/24/2022 22:00,1.721
1/24/2022 23:00,2.065
1/25/2022 0:00,2.459
1/25/2022 1:00,2.693
1/25/2022 2:00,2.815
1/25/2022 3:00,2.909
1/25/2022 4:00,2.984
1/25/2022 5:00,3.042
1/25/2022 6:00,3.06
1/25/2022 7:00,2.985
1/25/2022 8:00,2.774
1/25/2022 9:00,2.423
1/25/2022 10:00,1.949
1/25/2022 11:00,1.698
1/25/2022 12:00,1.646
1/25/2022 13:00,1.601
1/25/2022 14:00,1.572
1/25/2022 15:00,1.553
1/25/2022 16:00,1.559
1/25/2022 17:00,1.575
1/25/2022 18:00,1.595
1/25/2022 19:00,1.613
1/25/2022 20:00,1.606
1/25/2022 21:00,1.581
1/25/2022 22:00,1.588
1/25/2022 23:00,1.864
1/26/2022 0:00,2.233
1/26/2022 1:00,2.492
1/26/2022 2:00,2.719
1/26/2022 3:00,2.895
1/26/2022 4:00,2.98
1/26/2022 5:00,3.003
1/26/2022 6:00,2.964
1/26/2022 7:00,2.865
1/26/2022 8:00,2.681
1/26/2022 9:00,2.38
1/26/2022 10:00,1.951
1/26/2022 11:00,1.69
1/26/2022 12:00,1.611
1/26/2022 13:00,1.568
1/26/2022 14:00,1.573
1/26/2022 15:00,1.564
1/26/2022 16:00,1.551
1/26/2022 17:00,1.558
1/26/2022 18:00,1.573
1/26/2022 19:00,1.582
1/26/2022 20:00,1.586
1/26/2022 21:00,1.594
1/26/2022 22:00,1.607
1/26/2022 23:00,1.848
1/27/2022 0:00,2.159
1/27/2022 1:00,2.41
1/27/2022 2:00,2.629
1/27/2022 3:00,2.731
1/27/2022 4:00,2.741
1/27/2022 5:00,2.711
1/27/2022 6:00,2.622
1/27/2022 7:00,2.476
1/27/2022 8:00,2.269
1/27/2022 9:00,1.965
1/27/2022 10:00,1.631
1/27/2022 11:00,1.476
1/27/2022 12:00,1.496
1/27/2022 13:00,1.475
1/27/2022 14:00,1.412
1/27/2022 15:00,1.374
1/27/2022 16:00,1.348
1/27/2022 17:00,1.326
1/27/2022 18:00,1.303
1/27/2022 19:00,1.291
1/27/2022 20:00,1.292
1/27/2022 21:00,1.299
1/27/2022 22:00,1.321
1/27/2022 23:00,1.559
1/28/2022 0:00,1.904
1/28/2022 1:00,2.085
1/28/2022 2:00,2.23
1/28/2022 3:00,2.329
1/28/2022 4:00,2.389
1/28/2022 5:00,2.415
1/28/2022 6:00,2.382
1/28/2022 7:00,2.272
1/28/2022 8:00,2.069
1/28/2022 9:00,1.788
1/28/2022 10:00,1.438
1/28/2022 11:00,1.23
1/28/2022 12:00,1.174
1/28/2022 13:00,1.105
1/28/2022 14:00,1.039
1/28/2022 15:00,0.989
1/28/2022 16:00,0.972
1/28/2022 17:00,0.97
1/28/2022 18:00,0.959
1/28/2022 19:00,0.947
1/28/2022 20:00,0.936
1/28/2022 21:00,0.941
1/28/2022 22:00,0.964
1/28/2022 23:00,1.06
1/29/2022 0:00,1.267
1/29/2022 1:00,1.393
1/29/2022 2:00,1.597
1/29/2022 3:00,1.741
1/29/2022 4:00,1.881
1/29/2022 5:00,2.02
1/29/2022 6:00,2.103
1/29/2022 7:00,2.089
1/29/2022 8:00,1.946
1/29/2022 9:00,1.719
1/29/2022 10:00,1.412
1/29/2022 11:00,1.204
1/29/2022 12:00,1.168
1/29/2022 13:00,1.139
1/29/2022 14:00,1.122
1/29/2022 15:00,1.108
1/29/2022 16:00,1.108
1/29/2022 17:00,1.129
1/29/2022 18:00,1.155
1/29/2022 19:00,1.171
1/29/2022 20:00,1.179
1/29/2022 21:00,1.168
1/29/2022 22:00,1.149
1/29/2022 23:00,1.267
1/30/2022 0:00,1.446
1/30/2022 1:00,1.394
1/30/2022 2:00,1.322
1/30/2022 3:00,1.595
1/30/2022 4:00,1.829
1/30/2022 5:00,1.994
1/30/2022 6:00,2.081
1/30/2022 7:00,2.072
1/30/2022 8:00,1.932
1/30/2022 9:00,1.737
1/30/2022 10:00,1.461
1/30/2022 11:00,1.266
1/30/2022 12:00,1.233
1/30/2022 13:00,1.212
1/30/2022 14:00,1.211
1/30/2022 15:00,1.208
1/30/2022 16:00,1.226
1/30/2022 17:00,1.265
1/30/2022 18:00,1.289
1/30/2022 19:00,1.286
1/30/2022 20:00,1.283
1/30/2022 21:00,1.289
1/30/2022 22:00,1.3
1/30/2022 23:00,1.511
1/31/2022 0:00,1.713
1/31/2022 1:00,1.893
1/31/2022 2:00,2.117
1/31/2022 3:00,2.289
1/31/2022 4:00,2.384
1/31/2022 5:00,2.435
1/31/2022 6:00,2.425
1/31/2022 7:00,2.351
1/31/2022 8:00,2.179
1/31/2022 9:00,1.91
1/31/2022 10:00,1.592
1/31/2022 11:00,1.422
1/31/2022 12:00,1.437
1/31/2022 13:00,1.443
1/31/2022 14:00,1.428
1/31/2022 15:00,1.401
1/31/2022 16:00,1.391
1/31/2022 17:00,1.42
1/31/2022 18:00,1.451
1/31/2022 19:00,1.453
1/31/2022 20:00,1.438
1/31/2022 21:00,1.403
1/31/2022 22:00,1.375
1/31/2022 23:00,1.561
2/1/2022 0:00,1.834
2/1/2022 1:00,2.043
2/1/2022 2:00,2.2
2/1/2022 3:00,2.285
2/1/2022 4:00,2.318
2/1/2022 5:00,2.332
2/1/2022 6:00,2.315
2/1/2022 7:00,2.252
2/1/2022 8:00,2.125
2/1/2022 9:00,1.892
2/1/2022 10:00,1.624
2/1/2022 11:00,1.466
2/1/2022 12:00,1.473
2/1/2022 13:00,1.462
2/1/2022 14:00,1.436
2/1/2022 15:00,1.396
2/1/2022 16:00,1.369
2/1/2022 17:00,1.371
2/1/2022 18:00,1.382
2/1/2022 19:00,1.38
2/1/2022 20:00,1.343
2/1/2022 21:00,1.296
2/1/2022 22:00,1.275
2/1/2022 23:00,1.503
2/2/2022 0:00,1.773
2/2/2022 1:00,1.943
2/2/2022 2:00,2.083
2/2/2022 3:00,2.2
2/2/2022 4:00,2.268
2/2/2022 5:00,2.284
2/2/2022 6:00,2.247
2/2/2022 7:00,2.157
2/2/2022 8:00,1.983
2/2/2022 9:00,1.705
2/2/2022 10:00,1.386
2/2/2022 11:00,1.211
2/2/2022 12:00,1.206
2/2/2022 13:00,1.212
2/2/2022 14:00,1.209
2/2/2022 15:00,1.178
2/2/2022 16:00,1.156
2/2/2022 17:00,1.157
2/2/2022 18:00,1.15
2/2/2022 19:00,1.135
2/2/2022 20:00,1.11
2/2/2022 21:00,1.103
2/2/2022 22:00,1.114
2/2/2022 23:00,1.309
2/3/2022 0:00,1.564
2/3/2022 1:00,1.821
2/3/2022 2:00,2.016
2/3/2022 3:00,2.088
2/3/2022 4:00,2.088
2/3/2022 5:00,2.063
2/3/2022 6:00,2.017
2/3/2022 7:00,1.958
2/3/2022 8:00,1.852
2/3/2022 9:00,1.692
2/3/2022 10:00,1.469
2/3/2022 11:00,1.294
2/3/2022 12:00,1.292
2/3/2022 13:00,1.299
2/3/2022 14:00,1.291
2/3/2022 15:00,1.278
2/3/2022 16:00,1.256
2/3/2022 17:00,1.263
2/3/2022 18:00,1.309
2/3/2022 19:00,1.345
2/3/2022 20:00,1.363
2/3/2022 21:00,1.354
2/3/2022 22:00,1.313
2/3/2022 23:00,1.469
2/4/2022 0:00,1.626
2/4/2022 1:00,1.624
2/4/2022 2:00,1.683
2/4/2022 3:00,1.796
2/4/2022 4:00,1.916
2/4/2022 5:00,2.003
2/4/2022 6:00,2.05
2/4/2022 7:00,2.069
2/4/2022 8:00,2.028
2/4/2022 9:00,1.844
2/4/2022 10:00,1.588
2/4/2022 11:00,1.409
2/4/2022 12:00,1.42
2/4/2022 13:00,1.421
2/4/2022 14:00,1.413
2/4/2022 15:00,1.418
2/4/2022 16:00,1.435
2/4/2022 17:00,1.44
2/4/2022 18:00,1.432
2/4/2022 19:00,1.429
2/4/2022 20:00,1.431
2/4/2022 21:00,1.412
2/4/2022 22:00,1.408
2/4/2022 23:00,1.663
2/5/2022 0:00,1.983
2/5/2022 1:00,2.236
2/5/2022 2:00,2.447
2/5/2022 3:00,2.603
2/5/2022 4:00,2.726
2/5/2022 5:00,2.832
2/5/2022 6:00,2.881
2/5/2022 7:00,2.847
2/5/2022 8:00,2.699
2/5/2022 9:00,2.417
2/5/2022 10:00,2.013
2/5/2022 11:00,1.781
2/5/2022 12:00,1.726
2/5/2022 13:00,1.675
2/5/2022 14:00,1.644
2/5/2022 15:00,1.614
2/5/2022 16:00,1.612
2/5/2022 17:00,1.64
2/5/2022 18:00,1.668
2/5/2022 19:00,1.687
2/5/2022 20:00,1.69
2/5/2022 21:00,1.655
2/5/2022 22:00,1.639
2/5/2022 23:00,1.933
2/6/2022 0:00,2.34
2/6/2022 1:00,2.675
2/6/2022 2:00,2.887
2/6/2022 3:00,2.987
2/6/2022 4:00,2.986
2/6/2022 5:00,2.926
2/6/2022 6:00,2.83
2/6/2022 7:00,2.688
2/6/2022 8:00,2.482
2/6/2022 9:00,2.189
2/6/2022 10:00,1.793
2/6/2022 11:00,1.588
2/6/2022 12:00,1.583
2/6/2022 13:00,1.558
2/6/2022 14:00,1.542
2/6/2022 15:00,1.56
2/6/2022 16:00,1.619
2/6/2022 17:00,1.722
2/6/2022 18:00,1.815
2/6/2022 19:00,1.906
2/6/2022 20:00,1.926
2/6/2022 21:00,1.92
2/6/2022 22:00,1.952
2/6/2022 23:00,2.314
2/7/2022 0:00,2.706
2/7/2022 1:00,3.096
2/7/2022 2:00,3.356
2/7/2022 3:00,3.435
2/7/2022 4:00,3.411
2/7/2022 5:00,3.359
2/7/2022 6:00,3.257
2/7/2022 7:00,3.083
2/7/2022 8:00,2.82
2/7/2022 9:00,2.475
2/7/2022 10:00,1.994
2/7/2022 11:00,1.727
2/7/2022 12:00,1.652
2/7/2022 13:00,1.604
2/7/2022 14:00,1.571
2/7/2022 15:00,1.524
2/7/2022 16:00,1.478
2/7/2022 17:00,1.429
2/7/2022 18:00,1.378
2/7/2022 19:00,1.323
2/7/2022 20:00,1.268
2/7/2022 21:00,1.259
2/7/2022 22:00,1.294
2/7/2022 23:00,1.598
2/8/2022 0:00,2.003
2/8/2022 1:00,2.308
2/8/2022 2:00,2.545
2/8/2022 3:00,2.8
2/8/2022 4:00,2.955
2/8/2022 5:00,3.011
2/8/2022 6:00,3.009
2/8/2022 7:00,2.916
2/8/2022 8:00,2.714
2/8/2022 9:00,2.288
2/8/2022 10:00,1.684
2/8/2022 11:00,1.358
2/8/2022 12:00,1.283
2/8/2022 13:00,1.225
2/8/2022 14:00,1.201
2/8/2022 15:00,1.186
2/8/2022 16:00,1.194
2/8/2022 17:00,1.224
2/8/2022 18:00,1.248
2/8/2022 19:00,1.251
2/8/2022 20:00,1.228
2/8/2022 21:00,1.203
2/8/2022 22:00,1.206
2/8/2022 23:00,1.407
2/9/2022 0:00,1.769
2/9/2022 1:00,2.092
2/9/2022 2:00,2.355
2/9/2022 3:00,2.493
2/9/2022 4:00,2.54
2/9/2022 5:00,2.57
2/9/2022 6:00,2.577
2/9/2022 7:00,2.547
2/9/2022 8:00,2.446
2/9/2022 9:00,2.282
2/9/2022 10:00,2.027
2/9/2022 11:00,1.924
2/9/2022 12:00,1.844
2/9/2022 13:00,1.716
2/9/2022 14:00,1.694
2/9/2022 15:00,1.781
2/9/2022 16:00,1.828
2/9/2022 17:00,1.854
2/9/2022 18:00,1.891
2/9/2022 19:00,1.904
2/9/2022 20:00,1.905
2/9/2022 21:00,1.865
2/9/2022 22:00,1.813
2/9/2022 23:00,2.016
2/10/2022 0:00,2.33
2/10/2022 1:00,2.597
2/10/2022 2:00,2.757
2/10/2022 3:00,2.849
2/10/2022 4:00,2.918
2/10/2022 5:00,2.955
2/10/2022 6:00,2.933
2/10/2022 7:00,2.817
2/10/2022 8:00,2.577
2/10/2022 9:00,2.244
2/10/2022 10:00,1.827
2/10/2022 11:00,1.615
2/10/2022 12:00,1.576
2/10/2022 13:00,1.537
2/10/2022 14:00,1.518
2/10/2022 15:00,1.491
2/10/2022 16:00,1.474
2/10/2022 17:00,1.47
2/10/2022 18:00,1.45
2/10/2022 19:00,1.405
2/10/2022 20:00,1.346
2/10/2022 21:00,1.292
2/10/2022 22:00,1.265
2/10/2022 23:00,1.375
2/11/2022 0:00,1.651
2/11/2022 1:00,1.904
2/11/2022 2:00,2.051
2/11/2022 3:00,2.122
2/11/2022 4:00,2.186
2/11/2022 5:00,2.253
2/11/2022 6:00,2.291
2/11/2022 7:00,2.275
2/11/2022 8:00,2.143
2/11/2022 9:00,1.899
2/11/2022 10:00,1.551
2/11/2022 11:00,1.332
2/11/2022 12:00,1.312
2/11/2022 13:00,1.312
2/11/2022 14:00,1.317
2/11/2022 15:00,1.298
2/11/2022 16:00,1.288
2/11/2022 17:00,1.295
2/11/2022 18:00,1.301
2/11/2022 19:00,1.293
2/11/2022 20:00,1.269
2/11/2022 21:00,1.253
2/11/2022 22:00,1.257
2/11/2022 23:00,1.477
2/12/2022 0:00,1.854
2/12/2022 1:00,2.133
2/12/2022 2:00,2.288
2/12/2022 3:00,2.353
2/12/2022 4:00,2.383
2/12/2022 5:00,2.384
2/12/2022 6:00,2.334
2/12/2022 7:00,2.221
2/12/2022 8:00,2.036
2/12/2022 9:00,1.802
2/12/2022 10:00,1.506
2/12/2022 11:00,1.333
2/12/2022 12:00,1.331
2/12/2022 13:00,1.327
2/12/2022 14:00,1.314
2/12/2022 15:00,1.298
2/12/2022 16:00,1.286
2/12/2022 17:00,1.285
2/12/2022 18:00,1.289
2/12/2022 19:00,1.286
2/12/2022 20:00,1.278
2/12/2022 21:00,1.237
2/12/2022 22:00,1.193
2/12/2022 23:00,1.301
2/13/2022 0:00,1.587
2/13/2022 1:00,1.809
2/13/2022 2:00,1.96
2/13/2022 3:00,2.053
2/13/2022 4:00,2.117
2/13/2022 5:00,2.17
2/13/2022 6:00,2.184
2/13/2022 7:00,2.134
2/13/2022 8:00,2.017
2/13/2022 9:00,1.804
2/13/2022 10:00,1.45
2/13/2022 11:00,1.234
2/13/2022 12:00,1.19
2/13/2022 13:00,1.164
2/13/2022 14:00,1.135
2/13/2022 15:00,1.089
2/13/2022 16:00,1.049
2/13/2022 17:00,1.024
2/13/2022 18:00,1.003
2/13/2022 19:00,0.993
2/13/2022 20:00,0.996
2/13/2022 21:00,0.981
2/13/2022 22:00,0.957
2/13/2022 23:00,1.037
2/14/2022 0:00,1.245
2/14/2022 1:00,1.262
2/14/2022 2:00,1.239
2/14/2022 3:00,1.226
2/14/2022 4:00,1.235
2/14/2022 5:00,1.277
2/14/2022 6:00,1.331
2/14/2022 7:00,1.388
2/14/2022 8:00,1.421
2/14/2022 9:00,1.399
2/14/2022 10:00,1.296
2/14/2022 11:00,1.224
2/14/2022 12:00,1.291
2/14/2022 13:00,1.332
2/14/2022 14:00,1.356
2/14/2022 15:00,1.382
2/14/2022 16:00,1.398
2/14/2022 17:00,1.409
2/14/2022 18:00,1.437
2/14/2022 19:00,1.468
2/14/2022 20:00,1.49
2/14/2022 21:00,1.439
2/14/2022 22:00,1.366
2/14/2022 23:00,1.625
2/15/2022 0:00,1.798
2/15/2022 1:00,1.803
2/15/2022 2:00,1.731
2/15/2022 3:00,1.642
2/15/2022 4:00,1.553
2/15/2022 5:00,1.505
2/15/2022 6:00,1.509
2/15/2022 7:00,1.507
2/15/2022 8:00,1.465
2/15/2022 9:00,1.37
2/15/2022 10:00,1.192
2/15/2022 11:00,1.029
2/15/2022 12:00,1.021
2/15/2022 13:00,1.011
2/15/2022 14:00,1.009
2/15/2022 15:00,1.035
2/15/2022 16:00,1.072
2/15/2022 17:00,1.113
2/15/2022 18:00,1.172
2/15/2022 19:00,1.236
2/15/2022 20:00,1.279
2/15/2022 21:00,1.243
2/15/2022 22:00,1.188
2/15/2022 23:00,1.436
2/16/2022 0:00,1.592
2/16/2022 1:00,1.651
2/16/2022 2:00,1.691
2/16/2022 3:00,1.717
2/16/2022 4:00,1.714
2/16/2022 5:00,1.711
2/16/2022 6:00,1.73
2/16/2022 7:00,1.76
2/16/2022 8:00,1.764
2/16/2022 9:00,1.627
2/16/2022 10:00,1.417
2/16/2022 11:00,1.239
2/16/2022 12:00,1.234
2/16/2022 13:00,1.239
2/16/2022 14:00,1.237
2/16/2022 15:00,1.211
2/16/2022 16:00,1.186
2/16/2022 17:00,1.165
2/16/2022 18:00,1.146
2/16/2022 19:00,1.113
2/16/2022 20:00,1.07
2/16/2022 21:00,1.06
2/16/2022 22:00,1.075
2/16/2022 23:00,1.322
2/17/2022 0:00,1.646
2/17/2022 1:00,1.912
2/17/2022 2:00,2.12
2/17/2022 3:00,2.246
2/17/2022 4:00,2.23
2/17/2022 5:00,2.172
2/17/2022 6:00,2.144
2/17/2022 7:00,2.154
2/17/2022 8:00,2.116
2/17/2022 9:00,1.926
2/17/2022 10:00,1.507
2/17/2022 11:00,1.229
2/17/2022 12:00,1.16
2/17/2022 13:00,1.112
2/17/2022 14:00,1.072
2/17/2022 15:00,1.062
2/17/2022 16:00,1.069
2/17/2022 17:00,1.06
2/17/2022 18:00,1.043
2/17/2022 19:00,1.032
2/17/2022 20:00,1.037
2/17/2022 21:00,1.046
2/17/2022 22:00,1.055
2/17/2022 23:00,1.265
2/18/2022 0:00,1.54
2/18/2022 1:00,1.71
2/18/2022 2:00,1.855
2/18/2022 3:00,1.987
2/18/2022 4:00,2.109
2/18/2022 5:00,2.191
2/18/2022 6:00,2.203
2/18/2022 7:00,2.165
2/18/2022 8:00,2.091
2/18/2022 9:00,1.88
2/18/2022 10:00,1.512
2/18/2022 11:00,1.228
2/18/2022 12:00,1.108
2/18/2022 13:00,1.015
2/18/2022 14:00,0.929
2/18/2022 15:00,0.866
2/18/2022 16:00,0.836
2/18/2022 17:00,0.846
2/18/2022 18:00,0.865
2/18/2022 19:00,0.891
2/18/2022 20:00,0.901
2/18/2022 21:00,0.873
2/18/2022 22:00,0.825
2/18/2022 23:00,0.853
2/19/2022 0:00,0.999
2/19/2022 1:00,1.156
2/19/2022 2:00,1.334
2/19/2022 3:00,1.512
2/19/2022 4:00,1.666
2/19/2022 5:00,1.784
2/19/2022 6:00,1.851
2/19/2022 7:00,1.874
2/19/2022 8:00,1.8
2/19/2022 9:00,1.62
2/19/2022 10:00,1.323
2/19/2022 11:00,1.093
2/19/2022 12:00,1.065
2/19/2022 13:00,1.055
2/19/2022 14:00,1.066
2/19/2022 15:00,1.069
2/19/2022 16:00,1.063
2/19/2022 17:00,1.04
2/19/2022 18:00,1.022
2/19/2022 19:00,1.069
2/19/2022 20:00,1.156
2/19/2022 21:00,1.211
2/19/2022 22:00,1.216
2/19/2022 23:00,1.343
2/20/2022 0:00,1.486
2/20/2022 1:00,1.418
2/20/2022 2:00,1.595
2/20/2022 3:00,1.853
2/20/2022 4:00,2.039
2/20/2022 5:00,2.182
2/20/2022 6:00,2.251
2/20/2022 7:00,2.235
2/20/2022 8:00,2.123
2/20/2022 9:00,1.885
2/20/2022 10:00,1.558
2/20/2022 11:00,1.345
2/20/2022 12:00,1.305
2/20/2022 13:00,1.268
2/20/2022 14:00,1.23
2/20/2022 15:00,1.228
2/20/2022 16:00,1.278
2/20/2022 17:00,1.298
2/20/2022 18:00,1.308
2/20/2022 19:00,1.312
2/20/2022 20:00,1.294
2/20/2022 21:00,1.251
2/20/2022 22:00,1.244
2/20/2022 23:00,1.38
2/21/2022 0:00,1.561
2/21/2022 1:00,1.72
2/21/2022 2:00,1.909
2/21/2022 3:00,2.045
2/21/2022 4:00,2.125
2/21/2022 5:00,2.179
2/21/2022 6:00,2.198
2/21/2022 7:00,2.151
2/21/2022 8:00,2.008
2/21/2022 9:00,1.786
2/21/2022 10:00,1.486
2/21/2022 11:00,1.319
2/21/2022 12:00,1.3
2/21/2022 13:00,1.3
2/21/2022 14:00,1.32
2/21/2022 15:00,1.344
2/21/2022 16:00,1.38
2/21/2022 17:00,1.422
2/21/2022 18:00,1.461
2/21/2022 19:00,1.489
2/21/2022 20:00,1.489
2/21/2022 21:00,1.463
2/21/2022 22:00,1.447
2/21/2022 23:00,1.617
2/22/2022 0:00,1.873
2/22/2022 1:00,2.023
2/22/2022 2:00,2.25
2/22/2022 3:00,2.385
2/22/2022 4:00,2.437
2/22/2022 5:00,2.45
2/22/2022 6:00,2.422
2/22/2022 7:00,2.328
2/22/2022 8:00,2.15
2/22/2022 9:00,1.956
2/22/2022 10:00,1.606
2/22/2022 11:00,1.434
2/22/2022 12:00,1.438
2/22/2022 13:00,1.444
2/22/2022 14:00,1.45
2/22/2022 15:00,1.431
2/22/2022 16:00,1.42
2/22/2022 17:00,1.429
2/22/2022 18:00,1.435
2/22/2022 19:00,1.42
2/22/2022 20:00,1.407
2/22/2022 21:00,1.386
2/22/2022 22:00,1.373
2/22/2022 23:00,1.657
2/23/2022 0:00,1.917
2/23/2022 1:00,2.073
2/23/2022 2:00,2.249
2/23/2022 3:00,2.407
2/23/2022 4:00,2.539
2/23/2022 5:00,2.637
2/23/2022 6:00,2.661
2/23/2022 7:00,2.598
2/23/2022 8:00,2.436
2/23/2022 9:00,2.159
2/23/2022 10:00,1.759
2/23/2022 11:00,1.533
2/23/2022 12:00,1.519
2/23/2022 13:00,1.491
2/23/2022 14:00,1.48
2/23/2022 15:00,1.529
2/23/2022 16:00,1.61
2/23/2022 17:00,1.691
2/23/2022 18:00,1.746
2/23/2022 19:00,1.764
2/23/2022 20:00,1.733
2/23/2022 21:00,1.66
2/23/2022 22:00,1.604
2/23/2022 23:00,1.827
2/24/2022 0:00,2.142
2/24/2022 1:00,2.322
2/24/2022 2:00,2.439
2/24/2022 3:00,2.482
2/24/2022 4:00,2.529
2/24/2022 5:00,2.573
2/24/2022 6:00,2.573
2/24/2022 7:00,2.504
2/24/2022 8:00,2.335
2/24/2022 9:00,2.048
2/24/2022 10:00,1.66
2/24/2022 11:00,1.418
2/24/2022 12:00,1.407
2/24/2022 13:00,1.411
2/24/2022 14:00,1.43
2/24/2022 15:00,1.424
2/24/2022 16:00,1.408
2/24/2022 17:00,1.394
2/24/2022 18:00,1.38
2/24/2022 19:00,1.368
2/24/2022 20:00,1.347
2/24/2022 21:00,1.354
2/24/2022 22:00,1.411
2/24/2022 23:00,1.783
2/25/2022 0:00,2.157
2/25/2022 1:00,2.406
2/25/2022 2:00,2.612
2/25/2022 3:00,2.76
2/25/2022 4:00,2.849
2/25/2022 5:00,2.882
2/25/2022 6:00,2.878
2/25/2022 7:00,2.826
2/25/2022 8:00,2.673
2/25/2022 9:00,2.403
2/25/2022 10:00,2.037
2/25/2022 11:00,1.849
2/25/2022 12:00,1.872
2/25/2022 13:00,1.88
2/25/2022 14:00,1.849
2/25/2022 15:00,1.841
2/25/2022 16:00,1.849
2/25/2022 17:00,1.804
2/25/2022 18:00,1.748
2/25/2022 19:00,1.699
2/25/2022 20:00,1.637
2/25/2022 21:00,1.537
2/25/2022 22:00,1.471
2/25/2022 23:00,1.672
2/26/2022 0:00,1.968
2/26/2022 1:00,2.139
2/26/2022 2:00,2.279
2/26/2022 3:00,2.412
2/26/2022 4:00,2.529
2/26/2022 5:00,2.606
2/26/2022 6:00,2.604
2/26/2022 7:00,2.509
2/26/2022 8:00,2.327
2/26/2022 9:00,2.071
2/26/2022 10:00,1.732
2/26/2022 11:00,1.567
2/26/2022 12:00,1.583
2/26/2022 13:00,1.596
2/26/2022 14:00,1.609
2/26/2022 15:00,1.615
2/26/2022 16:00,1.609
2/26/2022 17:00,1.588
2/26/2022 18:00,1.571
2/26/2022 19:00,1.547
2/26/2022 20:00,1.518
2/26/2022 21:00,1.502
2/26/2022 22:00,1.503
2/26/2022 23:00,1.772
2/27/2022 0:00,2.179
2/27/2022 1:00,2.477
2/27/2022 2:00,2.686
2/27/2022 3:00,2.844
2/27/2022 4:00,2.981
2/27/2022 5:00,3.07
2/27/2022 6:00,3.097
2/27/2022 7:00,3.075
2/27/2022 8:00,2.953
2/27/2022 9:00,2.637
2/27/2022 10:00,2.113
2/27/2022 11:00,1.824
2/27/2022 12:00,1.759
2/27/2022 13:00,1.714
2/27/2022 14:00,1.67
2/27/2022 15:00,1.643
2/27/2022 16:00,1.64
2/27/2022 17:00,1.658
2/27/2022 18:00,1.699
2/27/2022 19:00,1.739
2/27/2022 20:00,1.744
2/27/2022 21:00,1.725
2/27/2022 22:00,1.745
2/27/2022 23:00,2.124
2/28/2022 0:00,2.585
2/28/2022 1:00,2.958
2/28/2022 2:00,3.191
2/28/2022 3:00,3.312
2/28/2022 4:00,3.333
2/28/2022 5:00,3.303
2/28/2022 6:00,3.22
2/28/2022 7:00,3.062
2/28/2022 8:00,2.81
2/28/2022 9:00,2.426
2/28/2022 10:00,1.947
2/28/2022 11:00,1.712
2/28/2022 12:00,1.693
2/28/2022 13:00,1.678
2/28/2022 14:00,1.659
2/28/2022 15:00,1.653
2/28/2022 16:00,1.666
2/28/2022 17:00,1.694
2/28/2022 18:00,1.712
2/28/2022 19:00,1.717
2/28/2022 20:00,1.705
2/28/2022 21:00,1.678
2/28/2022 22:00,1.675
2/28/2022 23:00,1.998
3/1/2022 0:00,2.442
3/1/2022 1:00,2.731
3/1/2022 2:00,2.926
3/1/2022 3:00,3.05
3/1/2022 4:00,3.154
3/1/2022 5:00,3.213
3/1/2022 6:00,3.183
3/1/2022 7:00,3.057
3/1/2022 8:00,2.84
3/1/2022 9:00,2.541
3/1/2022 10:00,2.096
3/1/2022 11:00,1.907
3/1/2022 12:00,1.914
3/1/2022 13:00,1.883
3/1/2022 14:00,1.845
3/1/2022 15:00,1.778
3/1/2022 16:00,1.721
3/1/2022 17:00,1.678
3/1/2022 18:00,1.647
3/1/2022 19:00,1.638
3/1/2022 20:00,1.628
3/1/2022 21:00,1.612
3/1/2022 22:00,1.603
3/1/2022 23:00,1.955
3/2/2022 0:00,2.372
3/2/2022 1:00,2.623
3/2/2022 2:00,2.78
3/2/2022 3:00,2.884
3/2/2022 4:00,2.948
3/2/2022 5:00,2.978
3/2/2022 6:00,2.969
3/2/2022 7:00,2.896
3/2/2022 8:00,2.739
3/2/2022 9:00,2.465
3/2/2022 10:00,2.039
3/2/2022 11:00,1.842
3/2/2022 12:00,1.872
3/2/2022 13:00,1.908
3/2/2022 14:00,1.886
3/2/2022 15:00,1.812
3/2/2022 16:00,1.772
3/2/2022 17:00,1.766
3/2/2022 18:00,1.75
3/2/2022 19:00,1.697
3/2/2022 20:00,1.622
3/2/2022 21:00,1.566
3/2/2022 22:00,1.567
3/2/2022 23:00,1.848
3/3/2022 0:00,2.167
3/3/2022 1:00,2.3
3/3/2022 2:00,2.372
3/3/2022 3:00,2.432
3/3/2022 4:00,2.492
3/3/2022 5:00,2.538
3/3/2022 6:00,2.538
3/3/2022 7:00,2.467
3/3/2022 8:00,2.309
3/3/2022 9:00,2.045
3/3/2022 10:00,1.689
3/3/2022 11:00,1.5
3/3/2022 12:00,1.461
3/3/2022 13:00,1.43
3/3/2022 14:00,1.416
3/3/2022 15:00,1.411
3/3/2022 16:00,1.403
3/3/2022 17:00,1.389
3/3/2022 18:00,1.37
3/3/2022 19:00,1.348
3/3/2022 20:00,1.316
3/3/2022 21:00,1.266
3/3/2022 22:00,1.227
3/3/2022 23:00,1.454
3/4/2022 0:00,1.699
3/4/2022 1:00,1.782
3/4/2022 2:00,1.9
3/4/2022 3:00,2.003
3/4/2022 4:00,2.084
3/4/2022 5:00,2.137
3/4/2022 6:00,2.119
3/4/2022 7:00,2.016
3/4/2022 8:00,1.81
3/4/2022 9:00,1.563
3/4/2022 10:00,1.257
3/4/2022 11:00,1.107
3/4/2022 12:00,1.131
3/4/2022 13:00,1.177
3/4/2022 14:00,1.229
3/4/2022 15:00,1.251
3/4/2022 16:00,1.259
3/4/2022 17:00,1.274
3/4/2022 18:00,1.289
3/4/2022 19:00,1.31
3/4/2022 20:00,1.327
3/4/2022 21:00,1.307
3/4/2022 22:00,1.273
3/4/2022 23:00,1.475
3/5/2022 0:00,1.747
3/5/2022 1:00,1.871
3/5/2022 2:00,1.991
3/5/2022 3:00,2.062
3/5/2022 4:00,2.09
3/5/2022 5:00,2.095
3/5/2022 6:00,2.051
3/5/2022 7:00,1.949
3/5/2022 8:00,1.776
3/5/2022 9:00,1.607
3/5/2022 10:00,1.344
3/5/2022 11:00,1.213
3/5/2022 12:00,1.231
3/5/2022 13:00,1.258
3/5/2022 14:00,1.275
3/5/2022 15:00,1.282
3/5/2022 16:00,1.301
3/5/2022 17:00,1.336
3/5/2022 18:00,1.355
3/5/2022 19:00,1.35
3/5/2022 20:00,1.334
3/5/2022 21:00,1.307
3/5/2022 22:00,1.297
3/5/2022 23:00,1.543
3/6/2022 0:00,1.856
3/6/2022 1:00,2.085
3/6/2022 2:00,2.237
3/6/2022 3:00,2.285
3/6/2022 4:00,2.319
3/6/2022 5:00,2.385
3/6/2022 6:00,2.444
3/6/2022 7:00,2.459
3/6/2022 8:00,2.39
3/6/2022 9:00,2.197
3/6/2022 10:00,1.847
3/6/2022 11:00,1.703
3/6/2022 12:00,1.681
3/6/2022 13:00,1.629
3/6/2022 14:00,1.567
3/6/2022 15:00,1.507
3/6/2022 16:00,1.451
3/6/2022 17:00,1.444
3/6/2022 18:00,1.5
3/6/2022 19:00,1.525
3/6/2022 20:00,1.501
3/6/2022 21:00,1.451
3/6/2022 22:00,1.417
3/6/2022 23:00,1.615
3/7/2022 0:00,1.886
3/7/2022 1:00,2.072
3/7/2022 2:00,2.111
3/7/2022 3:00,2.011
3/7/2022 4:00,1.909
3/7/2022 5:00,1.862
3/7/2022 6:00,1.866
3/7/2022 7:00,1.86
3/7/2022 8:00,1.806
3/7/2022 9:00,1.71
3/7/2022 10:00,1.524
3/7/2022 11:00,1.435
3/7/2022 12:00,1.382
3/7/2022 13:00,1.32
3/7/2022 14:00,1.313
3/7/2022 15:00,1.316
3/7/2022 16:00,1.315
3/7/2022 17:00,1.325
3/7/2022 18:00,1.325
3/7/2022 19:00,1.295
3/7/2022 20:00,1.262
3/7/2022 21:00,1.222
3/7/2022 22:00,1.183
3/7/2022 23:00,1.298
3/8/2022 0:00,1.449
3/8/2022 1:00,1.424
3/8/2022 2:00,1.369
3/8/2022 3:00,1.325
3/8/2022 4:00,1.307
3/8/2022 5:00,1.299
3/8/2022 6:00,1.321
3/8/2022 7:00,1.372
3/8/2022 8:00,1.385
3/8/2022 9:00,1.335
3/8/2022 10:00,1.2
3/8/2022 11:00,1.083
3/8/2022 12:00,1.083
3/8/2022 13:00,1.083
3/8/2022 14:00,1.085
3/8/2022 15:00,1.072
3/8/2022 16:00,1.058
3/8/2022 17:00,1.071
3/8/2022 18:00,1.088
3/8/2022 19:00,1.104
3/8/2022 20:00,1.13
3/8/2022 21:00,1.121
3/8/2022 22:00,1.077
3/8/2022 23:00,1.252
3/9/2022 0:00,1.368
3/9/2022 1:00,1.28
3/9/2022 2:00,1.205
3/9/2022 3:00,1.158
3/9/2022 4:00,1.134
3/9/2022 5:00,1.173
3/9/2022 6:00,1.258
3/9/2022 7:00,1.363
3/9/2022 8:00,1.413
3/9/2022 9:00,1.339
3/9/2022 10:00,1.18
3/9/2022 11:00,1.06
3/9/2022 12:00,1.043
3/9/2022 13:00,1.021
3/9/2022 14:00,0.994
3/9/2022 15:00,0.981
3/9/2022 16:00,0.98
3/9/2022 17:00,0.992
3/9/2022 18:00,1.017
3/9/2022 19:00,1.025
3/9/2022 20:00,1.024
3/9/2022 21:00,1.015
3/9/2022 22:00,1.02
3/9/2022 23:00,1.14
3/10/2022 0:00,1.326
3/10/2022 1:00,1.343
3/10/2022 2:00,1.345
3/10/2022 3:00,1.319
3/10/2022 4:00,1.288
3/10/2022 5:00,1.307
3/10/2022 6:00,1.362
3/10/2022 7:00,1.398
3/10/2022 8:00,1.396
3/10/2022 9:00,1.285
3/10/2022 10:00,1.111
3/10/2022 11:00,1.007
3/10/2022 12:00,1.006
3/10/2022 13:00,0.999
3/10/2022 14:00,0.985
3/10/2022 15:00,0.985
3/10/2022 16:00,1.004
3/10/2022 17:00,1.039
3/10/2022 18:00,1.065
3/10/2022 19:00,1.074
3/10/2022 20:00,1.078
3/10/2022 21:00,1.086
3/10/2022 22:00,1.077
3/10/2022 23:00,1.156
3/11/2022 0:00,1.323
3/11/2022 1:00,1.434
3/11/2022 2:00,1.462
3/11/2022 3:00,1.536
3/11/2022 4:00,1.734
3/11/2022 5:00,1.94
3/11/2022 6:00,2.096
3/11/2022 7:00,2.166
3/11/2022 8:00,2.123
3/11/2022 9:00,1.929
3/11/2022 10:00,1.628
3/11/2022 11:00,1.483
3/11/2022 12:00,1.492
3/11/2022 13:00,1.517
3/11/2022 14:00,1.527
3/11/2022 15:00,1.466
3/11/2022 16:00,1.389
3/11/2022 17:00,1.325
3/11/2022 18:00,1.274
3/11/2022 19:00,1.223
3/11/2022 20:00,1.171
3/11/2022 21:00,1.141
3/11/2022 22:00,1.145
3/11/2022 23:00,1.317
3/12/2022 0:00,1.655
3/12/2022 1:00,1.901
3/12/2022 2:00,2.104
3/12/2022 3:00,2.228
3/12/2022 4:00,2.294
3/12/2022 5:00,2.331
3/12/2022 6:00,2.313
3/12/2022 7:00,2.221
3/12/2022 8:00,2.054
3/12/2022 9:00,1.846
3/12/2022 10:00,1.554
3/12/2022 11:00,1.396
3/12/2022 12:00,1.387
3/12/2022 13:00,1.381
3/12/2022 14:00,1.377
3/12/2022 15:00,1.372
3/12/2022 16:00,1.376
3/12/2022 17:00,1.363
3/12/2022 18:00,1.316
3/12/2022 19:00,1.268
3/12/2022 20:00,1.24
3/12/2022 21:00,1.193
3/12/2022 22:00,1.141
3/12/2022 23:00,1.184
3/13/2022 0:00,1.363
3/13/2022 1:00,1.433
3/13/2022 2:00,1.516
3/13/2022 3:00,1.613
3/13/2022 4:00,1.68
3/13/2022 5:00,1.723
3/13/2022 6:00,1.742
3/13/2022 7:00,1.733
3/13/2022 8:00,1.662
3/13/2022 9:00,1.483
3/13/2022 10:00,1.225
3/13/2022 11:00,1.057
3/13/2022 12:00,1.039
3/13/2022 13:00,1.014
3/13/2022 14:00,0.985
3/13/2022 15:00,0.963
3/13/2022 16:00,0.934
3/13/2022 17:00,0.897
3/13/2022 18:00,0.849
3/13/2022 19:00,0.811
3/13/2022 20:00,0.808
3/13/2022 21:00,0.818
3/13/2022 22:00,0.829
3/13/2022 23:00,0.92
3/14/2022 0:00,1.088
3/14/2022 1:00,1.057
3/14/2022 2:00,1.037
3/14/2022 3:00,1.101
3/14/2022 4:00,1.211
3/14/2022 5:00,1.319
3/14/2022 6:00,1.395
3/14/2022 7:00,1.439
3/14/2022 8:00,1.419
3/14/2022 9:00,1.304
3/14/2022 10:00,1.106
3/14/2022 11:00,0.967
3/14/2022 12:00,0.949
3/14/2022 13:00,0.942
3/14/2022 14:00,0.953
3/14/2022 15:00,0.948
3/14/2022 16:00,0.932
3/14/2022 17:00,0.94
3/14/2022 18:00,0.971
3/14/2022 19:00,1.031
3/14/2022 20:00,1.114
3/14/2022 21:00,1.216
3/14/2022 22:00,1.328
3/14/2022 23:00,1.549
3/15/2022 0:00,1.866
3/15/2022 1:00,2.006
3/15/2022 2:00,1.99
3/15/2022 3:00,1.893
3/15/2022 4:00,1.732
3/15/2022 5:00,1.539
3/15/2022 6:00,1.428
3/15/2022 7:00,1.375
3/15/2022 8:00,1.31
3/15/2022 9:00,1.194
3/15/2022 10:00,0.983
3/15/2022 11:00,0.878
3/15/2022 12:00,0.875
3/15/2022 13:00,0.884
3/15/2022 14:00,0.915
3/15/2022 15:00,0.924
3/15/2022 16:00,0.931
3/15/2022 17:00,0.945
3/15/2022 18:00,0.962
3/15/2022 19:00,0.983
3/15/2022 20:00,1.019
3/15/2022 21:00,1.018
3/15/2022 22:00,0.995
3/15/2022 23:00,1.12
3/16/2022 0:00,1.249
3/16/2022 1:00,1.332
3/16/2022 2:00,1.439
3/16/2022 3:00,1.533
3/16/2022 4:00,1.6
3/16/2022 5:00,1.679
3/16/2022 6:00,1.754
3/16/2022 7:00,1.789
3/16/2022 8:00,1.712
3/16/2022 9:00,1.499
3/16/2022 10:00,1.17
3/16/2022 11:00,0.956
3/16/2022 12:00,0.889
3/16/2022 13:00,0.838
3/16/2022 14:00,0.792
3/16/2022 15:00,0.758
3/16/2022 16:00,0.74
3/16/2022 17:00,0.763
3/16/2022 18:00,0.813
3/16/2022 19:00,0.855
3/16/2022 20:00,0.879
3/16/2022 21:00,0.882
3/16/2022 22:00,0.878
3/16/2022 23:00,0.952
3/17/2022 0:00,1.134
3/17/2022 1:00,1.284
3/17/2022 2:00,1.411
3/17/2022 3:00,1.514
3/17/2022 4:00,1.584
3/17/2022 5:00,1.634
3/17/2022 6:00,1.655
3/17/2022 7:00,1.647
3/17/2022 8:00,1.581
3/17/2022 9:00,1.399
3/17/2022 10:00,1.146
3/17/2022 11:00,0.965
3/17/2022 12:00,0.928
3/17/2022 13:00,0.903
3/17/2022 14:00,0.873
3/17/2022 15:00,0.846
3/17/2022 16:00,0.877
3/17/2022 17:00,0.94
3/17/2022 18:00,1.003
3/17/2022 19:00,1.054
3/17/2022 20:00,1.121
3/17/2022 21:00,1.152
3/17/2022 22:00,1.134
3/17/2022 23:00,1.248
3/18/2022 0:00,1.521
3/18/2022 1:00,1.68
3/18/2022 2:00,1.767
3/18/2022 3:00,1.806
3/18/2022 4:00,1.826
3/18/2022 5:00,1.816
3/18/2022 6:00,1.763
3/18/2022 7:00,1.684
3/18/2022 8:00,1.603
3/18/2022 9:00,1.457
3/18/2022 10:00,1.257
3/18/2022 11:00,1.169
3/18/2022 12:00,1.194
3/18/2022 13:00,1.212
3/18/2022 14:00,1.24
3/18/2022 15:00,1.276
3/18/2022 16:00,1.302
3/18/2022 17:00,1.317
3/18/2022 18:00,1.323
3/18/2022 19:00,1.34
3/18/2022 20:00,1.367
3/18/2022 21:00,1.375
3/18/2022 22:00,1.383
3/18/2022 23:00,1.559
3/19/2022 0:00,1.861
3/19/2022 1:00,1.969
3/19/2022 2:00,2.039
3/19/2022 3:00,2.068
3/19/2022 4:00,2.119
3/19/2022 5:00,2.174
3/19/2022 6:00,2.196
3/19/2022 7:00,2.167
3/19/2022 8:00,2.07
3/19/2022 9:00,1.907
3/19/2022 10:00,1.626
3/19/2022 11:00,1.517
3/19/2022 12:00,1.513
3/19/2022 13:00,1.466
3/19/2022 14:00,1.419
3/19/2022 15:00,1.377
3/19/2022 16:00,1.363
3/19/2022 17:00,1.369
3/19/2022 18:00,1.368
3/19/2022 19:00,1.354
3/19/2022 20:00,1.347
3/19/2022 21:00,1.341
3/19/2022 22:00,1.331
3/19/2022 23:00,1.491
3/20/2022 0:00,1.82
3/20/2022 1:00,1.92
3/20/2022 2:00,1.998
3/20/2022 3:00,2.084
3/20/2022 4:00,2.169
3/20/2022 5:00,2.273
3/20/2022 6:00,2.348
3/20/2022 7:00,2.342
3/20/2022 8:00,2.205
3/20/2022 9:00,1.991
3/20/2022 10:00,1.736
3/20/2022 11:00,1.66
3/20/2022 12:00,1.689
3/20/2022 13:00,1.67
3/20/2022 14:00,1.63
3/20/2022 15:00,1.579
3/20/2022 16:00,1.548
3/20/2022 17:00,1.55
3/20/2022 18:00,1.572
3/20/2022 19:00,1.591
3/20/2022 20:00,1.612
3/20/2022 21:00,1.554
3/20/2022 22:00,1.46
3/20/2022 23:00,1.507
3/21/2022 0:00,1.758
3/21/2022 1:00,1.903
3/21/2022 2:00,1.993
3/21/2022 3:00,2.123
3/21/2022 4:00,2.231
3/21/2022 5:00,2.294
3/21/2022 6:00,2.321
3/21/2022 7:00,2.3
3/21/2022 8:00,2.191
3/21/2022 9:00,1.995
3/21/2022 10:00,1.662
3/21/2022 11:00,1.503
3/21/2022 12:00,1.506
3/21/2022 13:00,1.511
3/21/2022 14:00,1.517
3/21/2022 15:00,1.521
3/21/2022 16:00,1.514
3/21/2022 17:00,1.451
3/21/2022 18:00,1.377
3/21/2022 19:00,1.3
3/21/2022 20:00,1.253
3/21/2022 21:00,1.209
3/21/2022 22:00,1.177
3/21/2022 23:00,1.34
3/22/2022 0:00,1.658
3/22/2022 1:00,1.809
3/22/2022 2:00,1.983
3/22/2022 3:00,2.122
3/22/2022 4:00,2.204
3/22/2022 5:00,2.267
3/22/2022 6:00,2.301
3/22/2022 7:00,2.285
3/22/2022 8:00,2.152
3/22/2022 9:00,1.927
3/22/2022 10:00,1.587
3/22/2022 11:00,1.434
3/22/2022 12:00,1.429
3/22/2022 13:00,1.42
3/22/2022 14:00,1.418
3/22/2022 15:00,1.395
3/22/2022 16:00,1.375
3/22/2022 17:00,1.371
3/22/2022 18:00,1.381
3/22/2022 19:00,1.391
3/22/2022 20:00,1.382
3/22/2022 21:00,1.352
3/22/2022 22:00,1.335
3/22/2022 23:00,1.478
3/23/2022 0:00,1.766
3/23/2022 1:00,1.939
3/23/2022 2:00,2.09
3/23/2022 3:00,2.214
3/23/2022 4:00,2.321
3/23/2022 5:00,2.423
3/23/2022 6:00,2.485
3/23/2022 7:00,2.461
3/23/2022 8:00,2.296
3/23/2022 9:00,2.03
3/23/2022 10:00,1.608
3/23/2022 11:00,1.399
3/23/2022 12:00,1.366
3/23/2022 13:00,1.347
3/23/2022 14:00,1.354
3/23/2022 15:00,1.31
3/23/2022 16:00,1.24
3/23/2022 17:00,1.174
3/23/2022 18:00,1.105
3/23/2022 19:00,1.041
3/23/2022 20:00,0.982
3/23/2022 21:00,0.929
3/23/2022 22:00,0.893
3/23/2022 23:00,0.892
3/24/2022 0:00,1.084
3/24/2022 1:00,1.285
3/24/2022 2:00,1.518
3/24/2022 3:00,1.665
3/24/2022 4:00,1.739
3/24/2022 5:00,1.793
3/24/2022 6:00,1.813
3/24/2022 7:00,1.774
3/24/2022 8:00,1.646
3/24/2022 9:00,1.447
3/24/2022 10:00,1.159
3/24/2022 11:00,0.995
3/24/2022 12:00,0.966
3/24/2022 13:00,0.941
3/24/2022 14:00,0.925
3/24/2022 15:00,0.903
3/24/2022 16:00,0.866
3/24/2022 17:00,0.827
3/24/2022 18:00,0.792
3/24/2022 19:00,0.833
3/24/2022 20:00,0.903
3/24/2022 21:00,0.892
3/24/2022 22:00,0.835
3/24/2022 23:00,0.86
3/25/2022 0:00,0.962
3/25/2022 1:00,0.979
3/25/2022 2:00,1.21
3/25/2022 3:00,1.403
3/25/2022 4:00,1.481
3/25/2022 5:00,1.512
3/25/2022 6:00,1.518
3/25/2022 7:00,1.496
3/25/2022 8:00,1.425
3/25/2022 9:00,1.274
3/25/2022 10:00,1.054
3/25/2022 11:00,0.936
3/25/2022 12:00,0.919
3/25/2022 13:00,0.904
3/25/2022 14:00,0.905
3/25/2022 15:00,0.897
3/25/2022 16:00,0.865
3/25/2022 17:00,0.815
3/25/2022 18:00,0.774
3/25/2022 19:00,0.766
3/25/2022 20:00,0.798
3/25/2022 21:00,0.831
3/25/2022 22:00,0.85
3/25/2022 23:00,0.905
3/26/2022 0:00,1.05
3/26/2022 1:00,1.092
3/26/2022 2:00,1.131
3/26/2022 3:00,1.214
3/26/2022 4:00,1.374
3/26/2022 5:00,1.54
3/26/2022 6:00,1.649
3/26/2022 7:00,1.663
3/26/2022 8:00,1.591
3/26/2022 9:00,1.437
3/26/2022 10:00,1.182
3/26/2022 11:00,1.055
3/26/2022 12:00,1.057
3/26/2022 13:00,1.075
3/26/2022 14:00,1.099
3/26/2022 15:00,1.129
3/26/2022 16:00,1.18
3/26/2022 17:00,1.236
3/26/2022 18:00,1.276
3/26/2022 19:00,1.304
3/26/2022 20:00,1.318
3/26/2022 21:00,1.26
3/26/2022 22:00,1.184
3/26/2022 23:00,1.299
3/27/2022 0:00,1.559
3/27/2022 1:00,1.651
3/27/2022 2:00,1.758
3/27/2022 3:00,1.86
3/27/2022 4:00,1.936
3/27/2022 5:00,2.004
3/27/2022 6:00,2.035
3/27/2022 7:00,2.004
3/27/2022 8:00,1.858
3/27/2022 9:00,1.616
3/27/2022 10:00,1.31
3/27/2022 11:00,1.131
3/27/2022 12:00,1.09
3/27/2022 13:00,1.054
3/27/2022 14:00,1.043
3/27/2022 15:00,1.043
3/27/2022 16:00,1.053
3/27/2022 17:00,1.062
3/27/2022 18:00,1.06
3/27/2022 19:00,1.042
3/27/2022 20:00,1.008
3/27/2022 21:00,0.989
3/27/2022 22:00,0.99
3/27/2022 23:00,1.043
3/28/2022 0:00,1.312
3/28/2022 1:00,1.56
3/28/2022 2:00,1.804
3/28/2022 3:00,1.978
3/28/2022 4:00,2.103
3/28/2022 5:00,2.202
3/28/2022 6:00,2.263
3/28/2022 7:00,2.248
3/28/2022 8:00,2.116
3/28/2022 9:00,1.831
3/28/2022 10:00,1.419
3/28/2022 11:00,1.198
3/28/2022 12:00,1.14
3/28/2022 13:00,1.106
3/28/2022 14:00,1.092
3/28/2022 15:00,1.097
3/28/2022 16:00,1.114
3/28/2022 17:00,1.128
3/28/2022 18:00,1.122
3/28/2022 19:00,1.094
3/28/2022 20:00,1.073
3/28/2022 21:00,1.041
3/28/2022 22:00,1.021
3/28/2022 23:00,1.106
3/29/2022 0:00,1.345
3/29/2022 1:00,1.504
3/29/2022 2:00,1.719
3/29/2022 3:00,1.874
3/29/2022 4:00,1.949
3/29/2022 5:00,1.975
3/29/2022 6:00,1.925
3/29/2022 7:00,1.803
3/29/2022 8:00,1.589
3/29/2022 9:00,1.357
3/29/2022 10:00,1.057
3/29/2022 11:00,0.923
3/29/2022 12:00,0.88
3/29/2022 13:00,0.859
3/29/2022 14:00,0.846
3/29/2022 15:00,0.829
3/29/2022 16:00,0.835
3/29/2022 17:00,0.871
3/29/2022 18:00,0.933
3/29/2022 19:00,1.005
3/29/2022 20:00,1.062
3/29/2022 21:00,1.075
3/29/2022 22:00,1.065
3/29/2022 23:00,1.156
3/30/2022 0:00,1.293
3/30/2022 1:00,1.162
3/30/2022 2:00,1.162
3/30/2022 3:00,1.234
3/30/2022 4:00,1.353
3/30/2022 5:00,1.484
3/30/2022 6:00,1.57
3/30/2022 7:00,1.6
3/30/2022 8:00,1.531
3/30/2022 9:00,1.346
3/30/2022 10:00,1.105
3/30/2022 11:00,0.956
3/30/2022 12:00,0.915
3/30/2022 13:00,0.881
3/30/2022 14:00,0.857
3/30/2022 15:00,0.842
3/30/2022 16:00,0.852
3/30/2022 17:00,0.877
3/30/2022 18:00,0.91
3/30/2022 19:00,0.955
3/30/2022 20:00,0.989
3/30/2022 21:00,0.997
3/30/2022 22:00,1.003
3/30/2022 23:00,1.083
3/31/2022 0:00,1.353
3/31/2022 1:00,1.342
3/31/2022 2:00,1.254
3/31/2022 3:00,1.187
3/31/2022 4:00,1.169
3/31/2022 5:00,1.193
3/31/2022 6:00,1.263
3/31/2022 7:00,1.343
3/31/2022 8:00,1.35
3/31/2022 9:00,1.32
3/31/2022 10:00,1.175
3/31/2022 11:00,1.123
3/31/2022 12:00,1.16
3/31/2022 13:00,1.185
3/31/2022 14:00,1.205
3/31/2022 15:00,1.188
3/31/2022 16:00,1.162
3/31/2022 17:00,1.141
3/31/2022 18:00,1.103
3/31/2022 19:00,1.06
3/31/2022 20:00,1.03
3/31/2022 21:00,1.027
3/31/2022 22:00,1.033
3/31/2022 23:00,1.075
4/1/2022 0:00,1.206
4/1/2022 1:00,1.138
4/1/2022 2:00,1.118
4/1/2022 3:00,1.134
4/1/2022 4:00,1.187
4/1/2022 5:00,1.282
4/1/2022 6:00,1.383
4/1/2022 7:00,1.434
4/1/2022 8:00,1.369
4/1/2022 9:00,1.223
4/1/2022 10:00,1.031
4/1/2022 11:00,0.895
4/1/2022 12:00,0.869
4/1/2022 13:00,0.856
4/1/2022 14:00,0.861
4/1/2022 15:00,0.858
4/1/2022 16:00,0.857
4/1/2022 17:00,0.872
4/1/2022 18:00,0.887
4/1/2022 19:00,0.899
4/1/2022 20:00,0.908
4/1/2022 21:00,0.919
4/1/2022 22:00,0.93
4/1/2022 23:00,1.022
4/2/2022 0:00,1.152
4/2/2022 1:00,1.09
4/2/2022 2:00,1.074
4/2/2022 3:00,1.105
4/2/2022 4:00,1.161
4/2/2022 5:00,1.234
4/2/2022 6:00,1.288
4/2/2022 7:00,1.32
4/2/2022 8:00,1.298
4/2/2022 9:00,1.183
4/2/2022 10:00,1.046
4/2/2022 11:00,0.957
4/2/2022 12:00,0.97
4/2/2022 13:00,0.981
4/2/2022 14:00,1.012
4/2/2022 15:00,1.011
4/2/2022 16:00,0.997
4/2/2022 17:00,0.997
4/2/2022 18:00,1.006
4/2/2022 19:00,1.029
4/2/2022 20:00,1.064
4/2/2022 21:00,1.057
4/2/2022 22:00,1.028
4/2/2022 23:00,1.141
4/3/2022 0:00,1.37
4/3/2022 1:00,1.434
4/3/2022 2:00,1.491
4/3/2022 3:00,1.573
4/3/2022 4:00,1.7
4/3/2022 5:00,1.863
4/3/2022 6:00,2.028
4/3/2022 7:00,2.126
4/3/2022 8:00,2.096
4/3/2022 9:00,1.909
4/3/2022 10:00,1.558
4/3/2022 11:00,1.367
4/3/2022 12:00,1.334
4/3/2022 13:00,1.338
4/3/2022 14:00,1.352
4/3/2022 15:00,1.332
4/3/2022 16:00,1.279
4/3/2022 17:00,1.225
4/3/2022 18:00,1.209
4/3/2022 19:00,1.19
4/3/2022 20:00,1.158
4/3/2022 21:00,1.108
4/3/2022 22:00,1.058
4/3/2022 23:00,1.119
4/4/2022 0:00,1.339
4/4/2022 1:00,1.36
4/4/2022 2:00,1.386
4/4/2022 3:00,1.399
4/4/2022 4:00,1.395
4/4/2022 5:00,1.4
4/4/2022 6:00,1.429
4/4/2022 7:00,1.476
4/4/2022 8:00,1.485
4/4/2022 9:00,1.424
4/4/2022 10:00,1.296
4/4/2022 11:00,1.206
4/4/2022 12:00,1.251
4/4/2022 13:00,1.291
4/4/2022 14:00,1.311
4/4/2022 15:00,1.265
4/4/2022 16:00,1.196
4/4/2022 17:00,1.15
4/4/2022 18:00,1.122
4/4/2022 19:00,1.103
4/4/2022 20:00,1.083
4/4/2022 21:00,1.069
4/4/2022 22:00,1.071
4/4/2022 23:00,1.239
4/5/2022 0:00,1.431
4/5/2022 1:00,1.418
4/5/2022 2:00,1.386
4/5/2022 3:00,1.362
4/5/2022 4:00,1.348
4/5/2022 5:00,1.369
4/5/2022 6:00,1.416
4/5/2022 7:00,1.471
4/5/2022 8:00,1.489
4/5/2022 9:00,1.417
4/5/2022 10:00,1.269
4/5/2022 11:00,1.158
4/5/2022 12:00,1.156
4/5/2022 13:00,1.134
4/5/2022 14:00,1.133
4/5/2022 15:00,1.145
4/5/2022 16:00,1.157
4/5/2022 17:00,1.187
4/5/2022 18:00,1.222
4/5/2022 19:00,1.24
4/5/2022 20:00,1.247
4/5/2022 21:00,1.24
4/5/2022 22:00,1.244
4/5/2022 23:00,1.461
4/6/2022 0:00,1.724
4/6/2022 1:00,1.767
4/6/2022 2:00,1.747
4/6/2022 3:00,1.758
4/6/2022 4:00,1.78
4/6/2022 5:00,1.791
4/6/2022 6:00,1.804
4/6/2022 7:00,1.796
4/6/2022 8:00,1.75
4/6/2022 9:00,1.675
4/6/2022 10:00,1.451
4/6/2022 11:00,1.414
4/6/2022 12:00,1.477
4/6/2022 13:00,1.502
4/6/2022 14:00,1.519
4/6/2022 15:00,1.542
4/6/2022 16:00,1.56
4/6/2022 17:00,1.575
4/6/2022 18:00,1.586
4/6/2022 19:00,1.597
4/6/2022 20:00,1.593
4/6/2022 21:00,1.495
4/6/2022 22:00,1.389
4/6/2022 23:00,1.594
4/7/2022 0:00,1.838
4/7/2022 1:00,1.802
4/7/2022 2:00,1.7
4/7/2022 3:00,1.629
4/7/2022 4:00,1.575
4/7/2022 5:00,1.559
4/7/2022 6:00,1.571
4/7/2022 7:00,1.575
4/7/2022 8:00,1.557
4/7/2022 9:00,1.522
4/7/2022 10:00,1.398
4/7/2022 11:00,1.384
4/7/2022 12:00,1.484
4/7/2022 13:00,1.569
4/7/2022 14:00,1.635
4/7/2022 15:00,1.605
4/7/2022 16:00,1.554
4/7/2022 17:00,1.529
4/7/2022 18:00,1.488
4/7/2022 19:00,1.438
4/7/2022 20:00,1.391
4/7/2022 21:00,1.369
4/7/2022 22:00,1.38
4/7/2022 23:00,1.64
4/8/2022 0:00,1.973
4/8/2022 1:00,2.051
4/8/2022 2:00,2.02
4/8/2022 3:00,1.938
4/8/2022 4:00,1.824
4/8/2022 5:00,1.726
4/8/2022 6:00,1.657
4/8/2022 7:00,1.588
4/8/2022 8:00,1.507
4/8/2022 9:00,1.446
4/8/2022 10:00,1.322
4/8/2022 11:00,1.3
4/8/2022 12:00,1.385
4/8/2022 13:00,1.453
4/8/2022 14:00,1.481
4/8/2022 15:00,1.41
4/8/2022 16:00,1.328
4/8/2022 17:00,1.281
4/8/2022 18:00,1.246
4/8/2022 19:00,1.217
4/8/2022 20:00,1.195
4/8/2022 21:00,1.156
4/8/2022 22:00,1.126
4/8/2022 23:00,1.263
4/9/2022 0:00,1.488
4/9/2022 1:00,1.451
4/9/2022 2:00,1.353
4/9/2022 3:00,1.287
4/9/2022 4:00,1.217
4/9/2022 5:00,1.203
4/9/2022 6:00,1.236
4/9/2022 7:00,1.298
4/9/2022 8:00,1.316
4/9/2022 9:00,1.222
4/9/2022 10:00,1.026
4/9/2022 11:00,0.934
4/9/2022 12:00,0.93
4/9/2022 13:00,0.921
4/9/2022 14:00,0.895
4/9/2022 15:00,0.866
4/9/2022 16:00,0.858
4/9/2022 17:00,0.872
4/9/2022 18:00,0.886
4/9/2022 19:00,0.9
4/9/2022 20:00,0.917
4/9/2022 21:00,0.914
4/9/2022 22:00,0.908
4/9/2022 23:00,1.009
4/10/2022 0:00,1.196
4/10/2022 1:00,1.222
4/10/2022 2:00,1.25
4/10/2022 3:00,1.323
4/10/2022 4:00,1.409
4/10/2022 5:00,1.48
4/10/2022 6:00,1.533
4/10/2022 7:00,1.557
4/10/2022 8:00,1.511
4/10/2022 9:00,1.366
4/10/2022 10:00,1.154
4/10/2022 11:00,1.062
4/10/2022 12:00,1.046
4/10/2022 13:00,1.022
4/10/2022 14:00,1.004
4/10/2022 15:00,0.996
4/10/2022 16:00,0.998
4/10/2022 17:00,1.005
4/10/2022 18:00,1.008
4/10/2022 19:00,1.008
4/10/2022 20:00,1.016
4/10/2022 21:00,1.031
4/10/2022 22:00,1.059
4/10/2022 23:00,1.191
4/11/2022 0:00,1.451
4/11/2022 1:00,1.533
4/11/2022 2:00,1.549
4/11/2022 3:00,1.552
4/11/2022 4:00,1.554
4/11/2022 5:00,1.569
4/11/2022 6:00,1.593
4/11/2022 7:00,1.593
4/11/2022 8:00,1.539
4/11/2022 9:00,1.361
4/11/2022 10:00,1.149
4/11/2022 11:00,1.041
4/11/2022 12:00,1.031
4/11/2022 13:00,1.017
4/11/2022 14:00,1.01
4/11/2022 15:00,1.022
4/11/2022 16:00,1.032
4/11/2022 17:00,1.046
4/11/2022 18:00,1.069
4/11/2022 19:00,1.105
4/11/2022 20:00,1.148
4/11/2022 21:00,1.173
4/11/2022 22:00,1.184
4/11/2022 23:00,1.38
4/12/2022 0:00,1.675
4/12/2022 1:00,1.77
4/12/2022 2:00,1.78
4/12/2022 3:00,1.758
4/12/2022 4:00,1.716
4/12/2022 5:00,1.683
4/12/2022 6:00,1.681
4/12/2022 7:00,1.692
4/12/2022 8:00,1.67
4/12/2022 9:00,1.507
4/12/2022 10:00,1.237
4/12/2022 11:00,1.106
4/12/2022 12:00,1.077
4/12/2022 13:00,1.041
4/12/2022 14:00,1.01
4/12/2022 15:00,0.98
4/12/2022 16:00,0.964
4/12/2022 17:00,0.963
4/12/2022 18:00,0.977
4/12/2022 19:00,1.004
4/12/2022 20:00,1.038
4/12/2022 21:00,1.062
4/12/2022 22:00,1.087
4/12/2022 23:00,1.272
4/13/2022 0:00,1.588
4/13/2022 1:00,1.661
4/13/2022 2:00,1.608
4/13/2022 3:00,1.539
4/13/2022 4:00,1.507
4/13/2022 5:00,1.515
4/13/2022 6:00,1.549
4/13/2022 7:00,1.597
4/13/2022 8:00,1.623
4/13/2022 9:00,1.489
4/13/2022 10:00,1.26
4/13/2022 11:00,1.083
4/13/2022 12:00,1.056
4/13/2022 13:00,1.042
4/13/2022 14:00,1.028
4/13/2022 15:00,1.006
4/13/2022 16:00,0.979
4/13/2022 17:00,0.975
4/13/2022 18:00,1.012
4/13/2022 19:00,1.078
4/13/2022 20:00,1.134
4/13/2022 21:00,1.139
4/13/2022 22:00,1.116
4/13/2022 23:00,1.289
4/14/2022 0:00,1.557
4/14/2022 1:00,1.672
4/14/2022 2:00,1.69
4/14/2022 3:00,1.68
4/14/2022 4:00,1.675
4/14/2022 5:00,1.688
4/14/2022 6:00,1.7
4/14/2022 7:00,1.698
4/14/2022 8:00,1.639
4/14/2022 9:00,1.478
4/14/2022 10:00,1.261
4/14/2022 11:00,1.146
4/14/2022 12:00,1.15
4/14/2022 13:00,1.142
4/14/2022 14:00,1.12
4/14/2022 15:00,1.091
4/14/2022 16:00,1.049
4/14/2022 17:00,1.01
4/14/2022 18:00,0.989
4/14/2022 19:00,0.981
4/14/2022 20:00,0.985
4/14/2022 21:00,0.985
4/14/2022 22:00,0.984
4/14/2022 23:00,1.059
4/15/2022 0:00,1.254
4/15/2022 1:00,1.35
4/15/2022 2:00,1.324
4/15/2022 3:00,1.272
4/15/2022 4:00,1.261
4/15/2022 5:00,1.297
4/15/2022 6:00,1.379
4/15/2022 7:00,1.462
4/15/2022 8:00,1.509
4/15/2022 9:00,1.421
4/15/2022 10:00,1.255
4/15/2022 11:00,1.166
4/15/2022 12:00,1.187
4/15/2022 13:00,1.185
4/15/2022 14:00,1.168
4/15/2022 15:00,1.137
4/15/2022 16:00,1.098
4/15/2022 17:00,1.065
4/15/2022 18:00,1.046
4/15/2022 19:00,1.005
4/15/2022 20:00,0.963
4/15/2022 21:00,0.937
4/15/2022 22:00,0.939
4/15/2022 23:00,1.01
4/16/2022 0:00,1.153
4/16/2022 1:00,1.185
4/16/2022 2:00,1.148
4/16/2022 3:00,1.15
4/16/2022 4:00,1.213
4/16/2022 5:00,1.276
4/16/2022 6:00,1.341
4/16/2022 7:00,1.39
4/16/2022 8:00,1.403
4/16/2022 9:00,1.271
4/16/2022 10:00,1.085
4/16/2022 11:00,0.965
4/16/2022 12:00,0.965
4/16/2022 13:00,0.963
4/16/2022 14:00,0.959
4/16/2022 15:00,0.952
4/16/2022 16:00,0.928
4/16/2022 17:00,0.889
4/16/2022 18:00,0.858
4/16/2022 19:00,0.839
4/16/2022 20:00,0.835
4/16/2022 21:00,0.862
4/16/2022 22:00,0.906
4/16/2022 23:00,1.031
4/17/2022 0:00,1.289
4/17/2022 1:00,1.4
4/17/2022 2:00,1.45
4/17/2022 3:00,1.476
4/17/2022 4:00,1.49
4/17/2022 5:00,1.516
4/17/2022 6:00,1.563
4/17/2022 7:00,1.629
4/17/2022 8:00,1.669
4/17/2022 9:00,1.577
4/17/2022 10:00,1.39
4/17/2022 11:00,1.283
4/17/2022 12:00,1.292
4/17/2022 13:00,1.287
4/17/2022 14:00,1.259
4/17/2022 15:00,1.236
4/17/2022 16:00,1.212
4/17/2022 17:00,1.18
4/17/2022 18:00,1.159
4/17/2022 19:00,1.174
4/17/2022 20:00,1.217
4/17/2022 21:00,1.217
4/17/2022 22:00,1.195
4/17/2022 23:00,1.324
4/18/2022 0:00,1.639
4/18/2022 1:00,1.727
4/18/2022 2:00,1.649
4/18/2022 3:00,1.503
4/18/2022 4:00,1.388
4/18/2022 5:00,1.356
4/18/2022 6:00,1.334
4/18/2022 7:00,1.312
4/18/2022 8:00,1.286
4/18/2022 9:00,1.171
4/18/2022 10:00,1.026
4/18/2022 11:00,0.934
4/18/2022 12:00,0.944
4/18/2022 13:00,0.949
4/18/2022 14:00,0.959
4/18/2022 15:00,0.949
4/18/2022 16:00,0.914
4/18/2022 17:00,0.879
4/18/2022 18:00,0.853
4/18/2022 19:00,0.852
4/18/2022 20:00,0.876
4/18/2022 21:00,0.928
4/18/2022 22:00,1.032
4/18/2022 23:00,1.148
4/19/2022 0:00,1.325
4/19/2022 1:00,1.374
4/19/2022 2:00,1.441
4/19/2022 3:00,1.503
4/19/2022 4:00,1.552
4/19/2022 5:00,1.634
4/19/2022 6:00,1.717
4/19/2022 7:00,1.724
4/19/2022 8:00,1.636
4/19/2022 9:00,1.476
4/19/2022 10:00,1.275
4/19/2022 11:00,1.19
4/19/2022 12:00,1.174
4/19/2022 13:00,1.15
4/19/2022 14:00,1.115
4/19/2022 15:00,1.055
4/19/2022 16:00,1
4/19/2022 17:00,0.969
4/19/2022 18:00,0.942
4/19/2022 19:00,0.904
4/19/2022 20:00,0.877
4/19/2022 21:00,0.867
4/19/2022 22:00,0.86
4/19/2022 23:00,0.898
4/20/2022 0:00,1.105
4/20/2022 1:00,1.213
4/20/2022 2:00,1.323
4/20/2022 3:00,1.408
4/20/2022 4:00,1.497
4/20/2022 5:00,1.601
4/20/2022 6:00,1.697
4/20/2022 7:00,1.76
4/20/2022 8:00,1.728
4/20/2022 9:00,1.583
4/20/2022 10:00,1.382
4/20/2022 11:00,1.311
4/20/2022 12:00,1.339
4/20/2022 13:00,1.352
4/20/2022 14:00,1.333
4/20/2022 15:00,1.3
4/20/2022 16:00,1.269
4/20/2022 17:00,1.254
4/20/2022 18:00,1.242
4/20/2022 19:00,1.23
4/20/2022 20:00,1.224
4/20/2022 21:00,1.209
4/20/2022 22:00,1.185
4/20/2022 23:00,1.28
4/21/2022 0:00,1.506
4/21/2022 1:00,1.534
4/21/2022 2:00,1.498
4/21/2022 3:00,1.477
4/21/2022 4:00,1.547
4/21/2022 5:00,1.623
4/21/2022 6:00,1.675
4/21/2022 7:00,1.685
4/21/2022 8:00,1.606
4/21/2022 9:00,1.364
4/21/2022 10:00,1.016
4/21/2022 11:00,0.862
4/21/2022 12:00,0.812
4/21/2022 13:00,0.763
4/21/2022 14:00,0.72
4/21/2022 15:00,0.72
4/21/2022 16:00,0.75
4/21/2022 17:00,0.773
4/21/2022 18:00,0.818
4/21/2022 19:00,0.872
4/21/2022 20:00,0.926
4/21/2022 21:00,0.956
4/21/2022 22:00,0.99
4/21/2022 23:00,1.141
4/22/2022 0:00,1.403
4/22/2022 1:00,1.571
4/22/2022 2:00,1.683
4/22/2022 3:00,1.753
4/22/2022 4:00,1.826
4/22/2022 5:00,1.914
4/22/2022 6:00,1.985
4/22/2022 7:00,2.003
4/22/2022 8:00,1.912
4/22/2022 9:00,1.683
4/22/2022 10:00,1.333
4/22/2022 11:00,1.179
4/22/2022 12:00,1.143
4/22/2022 13:00,1.082
4/22/2022 14:00,1.031
4/22/2022 15:00,1.006
4/22/2022 16:00,0.99
4/22/2022 17:00,0.97
4/22/2022 18:00,0.947
4/22/2022 19:00,0.946
4/22/2022 20:00,0.969
4/22/2022 21:00,0.976
4/22/2022 22:00,0.989
4/22/2022 23:00,1.069
4/23/2022 0:00,1.228
4/23/2022 1:00,1.269
4/23/2022 2:00,1.316
4/23/2022 3:00,1.331
4/23/2022 4:00,1.347
4/23/2022 5:00,1.373
4/23/2022 6:00,1.413
4/23/2022 7:00,1.439
4/23/2022 8:00,1.409
4/23/2022 9:00,1.303
4/23/2022 10:00,1.087
4/23/2022 11:00,0.967
4/23/2022 12:00,0.956
4/23/2022 13:00,0.962
4/23/2022 14:00,0.982
4/23/2022 15:00,0.997
4/23/2022 16:00,0.987
4/23/2022 17:00,0.971
4/23/2022 18:00,0.96
4/23/2022 19:00,0.984
4/23/2022 20:00,1.016
4/23/2022 21:00,1.022
4/23/2022 22:00,1.031
4/23/2022 23:00,1.118
4/24/2022 0:00,1.381
4/24/2022 1:00,1.385
4/24/2022 2:00,1.349
4/24/2022 3:00,1.321
4/24/2022 4:00,1.308
4/24/2022 5:00,1.318
4/24/2022 6:00,1.348
4/24/2022 7:00,1.372
4/24/2022 8:00,1.344
4/24/2022 9:00,1.33
4/24/2022 10:00,1.215
4/24/2022 11:00,1.244
4/24/2022 12:00,1.338
4/24/2022 13:00,1.409
4/24/2022 14:00,1.453
4/24/2022 15:00,1.488
4/24/2022 16:00,1.512
4/24/2022 17:00,1.527
4/24/2022 18:00,1.538
4/24/2022 19:00,1.547
4/24/2022 20:00,1.55
4/24/2022 21:00,1.501
4/24/2022 22:00,1.452
4/24/2022 23:00,1.641
4/25/2022 0:00,1.957
4/25/2022 1:00,1.948
4/25/2022 2:00,1.867
4/25/2022 3:00,1.84
4/25/2022 4:00,1.816
4/25/2022 5:00,1.763
4/25/2022 6:00,1.707
4/25/2022 7:00,1.671
4/25/2022 8:00,1.639
4/25/2022 9:00,1.523
4/25/2022 10:00,1.29
4/25/2022 11:00,1.192
4/25/2022 12:00,1.209
4/25/2022 13:00,1.209
4/25/2022 14:00,1.2
4/25/2022 15:00,1.187
4/25/2022 16:00,1.189
4/25/2022 17:00,1.201
4/25/2022 18:00,1.205
4/25/2022 19:00,1.201
4/25/2022 20:00,1.187
4/25/2022 21:00,1.182
4/25/2022 22:00,1.182
4/25/2022 23:00,1.278
4/26/2022 0:00,1.532
4/26/2022 1:00,1.622
4/26/2022 2:00,1.686
4/26/2022 3:00,1.747
4/26/2022 4:00,1.834
4/26/2022 5:00,1.94
4/26/2022 6:00,1.998
4/26/2022 7:00,1.953
4/26/2022 8:00,1.802
4/26/2022 9:00,1.522
4/26/2022 10:00,1.191
4/26/2022 11:00,1.063
4/26/2022 12:00,1.019
4/26/2022 13:00,0.99
4/26/2022 14:00,0.969
4/26/2022 15:00,0.948
4/26/2022 16:00,0.934
4/26/2022 17:00,0.952
4/26/2022 18:00,0.975
4/26/2022 19:00,0.968
4/26/2022 20:00,0.943
4/26/2022 21:00,0.892
4/26/2022 22:00,0.85
4/26/2022 23:00,0.875
4/27/2022 0:00,1.02
4/27/2022 1:00,1.205
4/27/2022 2:00,1.424
4/27/2022 3:00,1.557
4/27/2022 4:00,1.612
4/27/2022 5:00,1.652
4/27/2022 6:00,1.675
4/27/2022 7:00,1.654
4/27/2022 8:00,1.547
4/27/2022 9:00,1.367
4/27/2022 10:00,1.114
4/27/2022 11:00,1.009
4/27/2022 12:00,1
4/27/2022 13:00,0.991
4/27/2022 14:00,0.983
4/27/2022 15:00,0.97
4/27/2022 16:00,0.957
4/27/2022 17:00,0.948
4/27/2022 18:00,0.946
4/27/2022 19:00,0.95
4/27/2022 20:00,0.962
4/27/2022 21:00,0.978
4/27/2022 22:00,0.996
4/27/2022 23:00,1.054
4/28/2022 0:00,1.374
4/28/2022 1:00,1.607
4/28/2022 2:00,1.794
4/28/2022 3:00,1.897
4/28/2022 4:00,1.956
4/28/2022 5:00,1.975
4/28/2022 6:00,1.916
4/28/2022 7:00,1.81
4/28/2022 8:00,1.643
4/28/2022 9:00,1.465
4/28/2022 10:00,1.191
4/28/2022 11:00,1.122
4/28/2022 12:00,1.126
4/28/2022 13:00,1.123
4/28/2022 14:00,1.12
4/28/2022 15:00,1.092
4/28/2022 16:00,1.052
4/28/2022 17:00,1.026
4/28/2022 18:00,1.014
4/28/2022 19:00,1.023
4/28/2022 20:00,1.047
4/28/2022 21:00,1.055
4/28/2022 22:00,1.057
4/28/2022 23:00,1.135
4/29/2022 0:00,1.404
4/29/2022 1:00,1.464
4/29/2022 2:00,1.509
4/29/2022 3:00,1.525
4/29/2022 4:00,1.547
4/29/2022 5:00,1.602
4/29/2022 6:00,1.645
4/29/2022 7:00,1.633
4/29/2022 8:00,1.517
4/29/2022 9:00,1.359
4/29/2022 10:00,1.119
4/29/2022 11:00,1.052
4/29/2022 12:00,1.087
4/29/2022 13:00,1.128
4/29/2022 14:00,1.179
4/29/2022 15:00,1.186
4/29/2022 16:00,1.16
4/29/2022 17:00,1.122
4/29/2022 18:00,1.084
4/29/2022 19:00,1.05
4/29/2022 20:00,1.03
4/29/2022 21:00,1.025
4/29/2022 22:00,1.03
4/29/2022 23:00,1.08
4/30/2022 0:00,1.337
4/30/2022 1:00,1.459
4/30/2022 2:00,1.551
4/30/2022 3:00,1.613
4/30/2022 4:00,1.64
4/30/2022 5:00,1.656
4/30/2022 6:00,1.674
4/30/2022 7:00,1.68
4/30/2022 8:00,1.612
4/30/2022 9:00,1.449
4/30/2022 10:00,1.201
4/30/2022 11:00,1.134
4/30/2022 12:00,1.156
4/30/2022 13:00,1.177
4/30/2022 14:00,1.2
4/30/2022 15:00,1.191
4/30/2022 16:00,1.169
4/30/2022 17:00,1.156
4/30/2022 18:00,1.138
4/30/2022 19:00,1.112
4/30/2022 20:00,1.094
4/30/2022 21:00,1.1
4/30/2022 22:00,1.124
4/30/2022 23:00,1.249
5/1/2022 0:00,1.578
5/1/2022 1:00,1.719
5/1/2022 2:00,1.773
5/1/2022 3:00,1.75
5/1/2022 4:00,1.7
5/1/2022 5:00,1.677
5/1/2022 6:00,1.635
5/1/2022 7:00,1.578
5/1/2022 8:00,1.482
5/1/2022 9:00,1.371
5/1/2022 10:00,1.197
5/1/2022 11:00,1.179
5/1/2022 12:00,1.229
5/1/2022 13:00,1.256
5/1/2022 14:00,1.265
5/1/2022 15:00,1.256
5/1/2022 16:00,1.245
5/1/2022 17:00,1.237
5/1/2022 18:00,1.239
5/1/2022 19:00,1.25
5/1/2022 20:00,1.26
5/1/2022 21:00,1.257
5/1/2022 22:00,1.244
5/1/2022 23:00,1.308
5/2/2022 0:00,1.58
5/2/2022 1:00,1.764
5/2/2022 2:00,1.836
5/2/2022 3:00,1.841
5/2/2022 4:00,1.822
5/2/2022 5:00,1.807
5/2/2022 6:00,1.799
5/2/2022 7:00,1.776
5/2/2022 8:00,1.689
5/2/2022 9:00,1.555
5/2/2022 10:00,1.331
5/2/2022 11:00,1.238
5/2/2022 12:00,1.251
5/2/2022 13:00,1.245
5/2/2022 14:00,1.222
5/2/2022 15:00,1.183
5/2/2022 16:00,1.148
5/2/2022 17:00,1.149
5/2/2022 18:00,1.184
5/2/2022 19:00,1.24
5/2/2022 20:00,1.299
5/2/2022 21:00,1.325
5/2/2022 22:00,1.337
5/2/2022 23:00,1.483
5/3/2022 0:00,1.86
5/3/2022 1:00,2.065
5/3/2022 2:00,2.163
5/3/2022 3:00,2.206
5/3/2022 4:00,2.212
5/3/2022 5:00,2.191
5/3/2022 6:00,2.148
5/3/2022 7:00,2.062
5/3/2022 8:00,1.918
5/3/2022 9:00,1.686
5/3/2022 10:00,1.37
5/3/2022 11:00,1.254
5/3/2022 12:00,1.249
5/3/2022 13:00,1.238
5/3/2022 14:00,1.222
5/3/2022 15:00,1.204
5/3/2022 16:00,1.19
5/3/2022 17:00,1.195
5/3/2022 18:00,1.217
5/3/2022 19:00,1.266
5/3/2022 20:00,1.341
5/3/2022 21:00,1.41
5/3/2022 22:00,1.481
5/3/2022 23:00,1.677
5/4/2022 0:00,1.987
5/4/2022 1:00,1.955
5/4/2022 2:00,1.835
5/4/2022 3:00,1.84
5/4/2022 4:00,1.838
5/4/2022 5:00,1.863
5/4/2022 6:00,1.864
5/4/2022 7:00,1.832
5/4/2022 8:00,1.718
5/4/2022 9:00,1.542
5/4/2022 10:00,1.271
5/4/2022 11:00,1.163
5/4/2022 12:00,1.131
5/4/2022 13:00,1.103
5/4/2022 14:00,1.072
5/4/2022 15:00,1.04
5/4/2022 16:00,1.012
5/4/2022 17:00,0.984
5/4/2022 18:00,1.007
5/4/2022 19:00,1.084
5/4/2022 20:00,1.171
5/4/2022 21:00,1.223
5/4/2022 22:00,1.214
5/4/2022 23:00,1.268
5/5/2022 0:00,1.51
5/5/2022 1:00,1.633
5/5/2022 2:00,1.677
5/5/2022 3:00,1.666
5/5/2022 4:00,1.666
5/5/2022 5:00,1.683
5/5/2022 6:00,1.683
5/5/2022 7:00,1.664
5/5/2022 8:00,1.598
5/5/2022 9:00,1.494
5/5/2022 10:00,1.341
5/5/2022 11:00,1.318
5/5/2022 12:00,1.357
5/5/2022 13:00,1.382
5/5/2022 14:00,1.376
5/5/2022 15:00,1.366
5/5/2022 16:00,1.344
5/5/2022 17:00,1.308
5/5/2022 18:00,1.303
5/5/2022 19:00,1.34
5/5/2022 20:00,1.355
5/5/2022 21:00,1.337
5/5/2022 22:00,1.316
5/5/2022 23:00,1.422
5/6/2022 0:00,1.698
5/6/2022 1:00,1.809
5/6/2022 2:00,1.92
5/6/2022 3:00,1.9
5/6/2022 4:00,1.84
5/6/2022 5:00,1.767
5/6/2022 6:00,1.709
5/6/2022 7:00,1.687
5/6/2022 8:00,1.656
5/6/2022 9:00,1.522
5/6/2022 10:00,1.327
5/6/2022 11:00,1.272
5/6/2022 12:00,1.282
5/6/2022 13:00,1.286
5/6/2022 14:00,1.275
5/6/2022 15:00,1.255
5/6/2022 16:00,1.213
5/6/2022 17:00,1.113
5/6/2022 18:00,1.031
5/6/2022 19:00,1.038
5/6/2022 20:00,1.111
5/6/2022 21:00,1.157
5/6/2022 22:00,1.153
5/6/2022 23:00,1.187
5/7/2022 0:00,1.442
5/7/2022 1:00,1.545
5/7/2022 2:00,1.571
5/7/2022 3:00,1.555
5/7/2022 4:00,1.573
5/7/2022 5:00,1.608
5/7/2022 6:00,1.653
5/7/2022 7:00,1.69
5/7/2022 8:00,1.672
5/7/2022 9:00,1.55
5/7/2022 10:00,1.363
5/7/2022 11:00,1.317
5/7/2022 12:00,1.357
5/7/2022 13:00,1.353
5/7/2022 14:00,1.331
5/7/2022 15:00,1.318
5/7/2022 16:00,1.329
5/7/2022 17:00,1.371
5/7/2022 18:00,1.406
5/7/2022 19:00,1.433
5/7/2022 20:00,1.462
5/7/2022 21:00,1.444
5/7/2022 22:00,1.412
5/7/2022 23:00,1.528
5/8/2022 0:00,1.811
5/8/2022 1:00,1.924
5/8/2022 2:00,1.969
5/8/2022 3:00,1.952
5/8/2022 4:00,1.889
5/8/2022 5:00,1.781
5/8/2022 6:00,1.621
5/8/2022 7:00,1.46
5/8/2022 8:00,1.321
5/8/2022 9:00,1.213
5/8/2022 10:00,1.047
5/8/2022 11:00,1.022
5/8/2022 12:00,1.025
5/8/2022 13:00,1.035
5/8/2022 14:00,1.062
5/8/2022 15:00,1.1
5/8/2022 16:00,1.14
5/8/2022 17:00,1.187
5/8/2022 18:00,1.217
5/8/2022 19:00,1.246
5/8/2022 20:00,1.272
5/8/2022 21:00,1.211
5/8/2022 22:00,1.139
5/8/2022 23:00,1.154
5/9/2022 0:00,1.343
5/9/2022 1:00,1.482
5/9/2022 2:00,1.65
5/9/2022 3:00,1.744
5/9/2022 4:00,1.766
5/9/2022 5:00,1.779
5/9/2022 6:00,1.777
5/9/2022 7:00,1.761
5/9/2022 8:00,1.677
5/9/2022 9:00,1.527
5/9/2022 10:00,1.289
5/9/2022 11:00,1.191
5/9/2022 12:00,1.188
5/9/2022 13:00,1.194
5/9/2022 14:00,1.195
5/9/2022 15:00,1.153
5/9/2022 16:00,1.065
5/9/2022 17:00,1.037
5/9/2022 18:00,1.016
5/9/2022 19:00,1.001
5/9/2022 20:00,1.007
5/9/2022 21:00,1.023
5/9/2022 22:00,1.064
5/9/2022 23:00,1.144
5/10/2022 0:00,1.407
5/10/2022 1:00,1.521
5/10/2022 2:00,1.6
5/10/2022 3:00,1.612
5/10/2022 4:00,1.582
5/10/2022 5:00,1.538
5/10/2022 6:00,1.506
5/10/2022 7:00,1.481
5/10/2022 8:00,1.424
5/10/2022 9:00,1.299
5/10/2022 10:00,1.124
5/10/2022 11:00,1.065
5/10/2022 12:00,1.048
5/10/2022 13:00,1.03
5/10/2022 14:00,1.037
5/10/2022 15:00,1.03
5/10/2022 16:00,1.011
5/10/2022 17:00,0.987
5/10/2022 18:00,0.959
5/10/2022 19:00,0.946
5/10/2022 20:00,0.947
5/10/2022 21:00,0.94
5/10/2022 22:00,0.942
5/10/2022 23:00,0.995
5/11/2022 0:00,1.196
5/11/2022 1:00,1.287
5/11/2022 2:00,1.367
5/11/2022 3:00,1.422
5/11/2022 4:00,1.458
5/11/2022 5:00,1.517
5/11/2022 6:00,1.586
5/11/2022 7:00,1.625
5/11/2022 8:00,1.573
5/11/2022 9:00,1.419
5/11/2022 10:00,1.174
5/11/2022 11:00,1.063
5/11/2022 12:00,1.035
5/11/2022 13:00,1.023
5/11/2022 14:00,1.043
5/11/2022 15:00,1.086
5/11/2022 16:00,1.139
5/11/2022 17:00,1.203
5/11/2022 18:00,1.293
5/11/2022 19:00,1.413
5/11/2022 20:00,1.55
5/11/2022 21:00,1.556
5/11/2022 22:00,1.472
5/11/2022 23:00,1.517
5/12/2022 0:00,1.734
5/12/2022 1:00,1.76
5/12/2022 2:00,1.765
5/12/2022 3:00,1.764
5/12/2022 4:00,1.77
5/12/2022 5:00,1.769
5/12/2022 6:00,1.751
5/12/2022 7:00,1.712
5/12/2022 8:00,1.627
5/12/2022 9:00,1.515
5/12/2022 10:00,1.282
5/12/2022 11:00,1.213
5/12/2022 12:00,1.201
5/12/2022 13:00,1.212
5/12/2022 14:00,1.236
5/12/2022 15:00,1.245
5/12/2022 16:00,1.262
5/12/2022 17:00,1.296
5/12/2022 18:00,1.311
5/12/2022 19:00,1.302
5/12/2022 20:00,1.275
5/12/2022 21:00,1.268
5/12/2022 22:00,1.208
5/12/2022 23:00,1.222
5/13/2022 0:00,1.382
5/13/2022 1:00,1.386
5/13/2022 2:00,1.356
5/13/2022 3:00,1.326
5/13/2022 4:00,1.331
5/13/2022 5:00,1.34
5/13/2022 6:00,1.325
5/13/2022 7:00,1.276
5/13/2022 8:00,1.14
5/13/2022 9:00,1.009
5/13/2022 10:00,0.851
5/13/2022 11:00,0.825
5/13/2022 12:00,0.857
5/13/2022 13:00,0.895
5/13/2022 14:00,0.919
5/13/2022 15:00,0.907
5/13/2022 16:00,0.869
5/13/2022 17:00,0.835
5/13/2022 18:00,0.819
5/13/2022 19:00,0.819
5/13/2022 20:00,0.831
5/13/2022 21:00,0.839
5/13/2022 22:00,0.855
5/13/2022 23:00,0.896
5/14/2022 0:00,1.083
5/14/2022 1:00,1.008
5/14/2022 2:00,0.954
5/14/2022 3:00,0.963
5/14/2022 4:00,1.054
5/14/2022 5:00,1.163
5/14/2022 6:00,1.262
5/14/2022 7:00,1.331
5/14/2022 8:00,1.327
5/14/2022 9:00,1.219
5/14/2022 10:00,1.015
5/14/2022 11:00,0.928
5/14/2022 12:00,0.919
5/14/2022 13:00,0.917
5/14/2022 14:00,0.916
5/14/2022 15:00,0.903
5/14/2022 16:00,0.886
5/14/2022 17:00,0.878
5/14/2022 18:00,0.877
5/14/2022 19:00,0.882
5/14/2022 20:00,0.89
5/14/2022 21:00,0.893
5/14/2022 22:00,0.909
5/14/2022 23:00,0.943
5/15/2022 0:00,1.123
5/15/2022 1:00,1.208
5/15/2022 2:00,1.259
5/15/2022 3:00,1.281
5/15/2022 4:00,1.25
5/15/2022 5:00,1.208
5/15/2022 6:00,1.227
5/15/2022 7:00,1.29
5/15/2022 8:00,1.293
5/15/2022 9:00,1.196
5/15/2022 10:00,1.033
5/15/2022 11:00,0.998
5/15/2022 12:00,1.039
5/15/2022 13:00,1.069
5/15/2022 14:00,1.079
5/15/2022 15:00,1.071
5/15/2022 16:00,1.063
5/15/2022 17:00,1.069
5/15/2022 18:00,1.097
5/15/2022 19:00,1.13
5/15/2022 20:00,1.159
5/15/2022 21:00,1.158
5/15/2022 22:00,1.154
5/15/2022 23:00,1.24
5/16/2022 0:00,1.501
5/16/2022 1:00,1.497
5/16/2022 2:00,1.407
5/16/2022 3:00,1.311
5/16/2022 4:00,1.237
5/16/2022 5:00,1.175
5/16/2022 6:00,1.124
5/16/2022 7:00,1.099
5/16/2022 8:00,1.058
5/16/2022 9:00,0.998
5/16/2022 10:00,0.868
5/16/2022 11:00,0.861
5/16/2022 12:00,0.879
5/16/2022 13:00,0.885
5/16/2022 14:00,0.902
5/16/2022 15:00,0.907
5/16/2022 16:00,0.91
5/16/2022 17:00,0.913
5/16/2022 18:00,0.923
5/16/2022 19:00,0.943
5/16/2022 20:00,0.965
5/16/2022 21:00,0.98
5/16/2022 22:00,1.004
5/16/2022 23:00,1.062
5/17/2022 0:00,1.29
5/17/2022 1:00,1.304
5/17/2022 2:00,1.269
5/17/2022 3:00,1.217
5/17/2022 4:00,1.165
5/17/2022 5:00,1.178
5/17/2022 6:00,1.247
5/17/2022 7:00,1.323
5/17/2022 8:00,1.344
5/17/2022 9:00,1.276
5/17/2022 10:00,1.109
5/17/2022 11:00,1.046
5/17/2022 12:00,1.062
5/17/2022 13:00,1.067
5/17/2022 14:00,1.061
5/17/2022 15:00,1.044
5/17/2022 16:00,1.028
5/17/2022 17:00,1.019
5/17/2022 18:00,1.021
5/17/2022 19:00,1.027
5/17/2022 20:00,1.037
5/17/2022 21:00,1.046
5/17/2022 22:00,1.058
5/17/2022 23:00,1.113
5/18/2022 0:00,1.361
5/18/2022 1:00,1.455
5/18/2022 2:00,1.459
5/18/2022 3:00,1.435
5/18/2022 4:00,1.402
5/18/2022 5:00,1.37
5/18/2022 6:00,1.35
5/18/2022 7:00,1.352
5/18/2022 8:00,1.337
5/18/2022 9:00,1.265
5/18/2022 10:00,1.111
5/18/2022 11:00,1.049
5/18/2022 12:00,1.058
5/18/2022 13:00,1.088
5/18/2022 14:00,1.114
5/18/2022 15:00,1.12
5/18/2022 16:00,1.109
5/18/2022 17:00,1.102
5/18/2022 18:00,1.101
5/18/2022 19:00,1.104
5/18/2022 20:00,1.113
5/18/2022 21:00,1.137
5/18/2022 22:00,1.179
5/18/2022 23:00,1.28
5/19/2022 0:00,1.426
5/19/2022 1:00,1.491
5/19/2022 2:00,1.539
5/19/2022 3:00,1.574
5/19/2022 4:00,1.583
5/19/2022 5:00,1.55
5/19/2022 6:00,1.52
5/19/2022 7:00,1.474
5/19/2022 8:00,1.367
5/19/2022 9:00,1.196
5/19/2022 10:00,1.026
5/19/2022 11:00,0.959
5/19/2022 12:00,0.945
5/19/2022 13:00,0.945
5/19/2022 14:00,0.947
5/19/2022 15:00,0.935
5/19/2022 16:00,0.908
5/19/2022 17:00,0.907
5/19/2022 18:00,0.942
5/19/2022 19:00,0.992
5/19/2022 20:00,1.047
5/19/2022 21:00,1.076
5/19/2022 22:00,1.099
5/19/2022 23:00,1.196
5/20/2022 0:00,1.493
5/20/2022 1:00,1.623
5/20/2022 2:00,1.72
5/20/2022 3:00,1.769
5/20/2022 4:00,1.784
5/20/2022 5:00,1.79
5/20/2022 6:00,1.791
5/20/2022 7:00,1.784
5/20/2022 8:00,1.722
5/20/2022 9:00,1.554
5/20/2022 10:00,1.346
5/20/2022 11:00,1.224
5/20/2022 12:00,1.183
5/20/2022 13:00,1.143
5/20/2022 14:00,1.088
5/20/2022 15:00,1.038
5/20/2022 16:00,1.012
5/20/2022 17:00,1.002
5/20/2022 18:00,1.004
5/20/2022 19:00,1.017
5/20/2022 20:00,1.027
5/20/2022 21:00,1.047
5/20/2022 22:00,1.08
5/20/2022 23:00,1.161
5/21/2022 0:00,1.406
5/21/2022 1:00,1.545
5/21/2022 2:00,1.58
5/21/2022 3:00,1.54
5/21/2022 4:00,1.494
5/21/2022 5:00,1.517
5/21/2022 6:00,1.536
5/21/2022 7:00,1.531
5/21/2022 8:00,1.47
5/21/2022 9:00,1.33
5/21/2022 10:00,1.117
5/21/2022 11:00,1.034
5/21/2022 12:00,1.025
5/21/2022 13:00,1.035
5/21/2022 14:00,1.066
5/21/2022 15:00,1.094
5/21/2022 16:00,1.106
5/21/2022 17:00,1.111
5/21/2022 18:00,1.105
5/21/2022 19:00,1.1
5/21/2022 20:00,1.094
5/21/2022 21:00,1.095
5/21/2022 22:00,1.111
5/21/2022 23:00,1.267
5/22/2022 0:00,1.642
5/22/2022 1:00,1.891
5/22/2022 2:00,2.096
5/22/2022 3:00,2.201
5/22/2022 4:00,2.222
5/22/2022 5:00,2.203
5/22/2022 6:00,2.157
5/22/2022 7:00,2.068
5/22/2022 8:00,1.907
5/22/2022 9:00,1.666
5/22/2022 10:00,1.352
5/22/2022 11:00,1.297
5/22/2022 12:00,1.304
5/22/2022 13:00,1.299
5/22/2022 14:00,1.292
5/22/2022 15:00,1.272
5/22/2022 16:00,1.247
5/22/2022 17:00,1.24
5/22/2022 18:00,1.241
5/22/2022 19:00,1.245
5/22/2022 20:00,1.251
5/22/2022 21:00,1.267
5/22/2022 22:00,1.304
5/22/2022 23:00,1.423
5/23/2022 0:00,1.753
5/23/2022 1:00,1.979
5/23/2022 2:00,2.14
5/23/2022 3:00,2.203
5/23/2022 4:00,2.177
5/23/2022 5:00,2.128
5/23/2022 6:00,2.089
5/23/2022 7:00,2.029
5/23/2022 8:00,1.89
5/23/2022 9:00,1.662
5/23/2022 10:00,1.388
5/23/2022 11:00,1.363
5/23/2022 12:00,1.409
5/23/2022 13:00,1.452
5/23/2022 14:00,1.49
5/23/2022 15:00,1.499
5/23/2022 16:00,1.477
5/23/2022 17:00,1.461
5/23/2022 18:00,1.431
5/23/2022 19:00,1.414
5/23/2022 20:00,1.403
5/23/2022 21:00,1.405
5/23/2022 22:00,1.426
5/23/2022 23:00,1.604
5/24/2022 0:00,2.017
5/24/2022 1:00,2.221
5/24/2022 2:00,2.278
5/24/2022 3:00,2.263
5/24/2022 4:00,2.187
5/24/2022 5:00,2.071
5/24/2022 6:00,1.942
5/24/2022 7:00,1.814
5/24/2022 8:00,1.667
5/24/2022 9:00,1.49
5/24/2022 10:00,1.254
5/24/2022 11:00,1.251
5/24/2022 12:00,1.282
5/24/2022 13:00,1.302
5/24/2022 14:00,1.303
5/24/2022 15:00,1.298
5/24/2022 16:00,1.285
5/24/2022 17:00,1.274
5/24/2022 18:00,1.264
5/24/2022 19:00,1.26
5/24/2022 20:00,1.258
5/24/2022 21:00,1.245
5/24/2022 22:00,1.236
5/24/2022 23:00,1.254
5/25/2022 0:00,1.502
5/25/2022 1:00,1.618
5/25/2022 2:00,1.704
5/25/2022 3:00,1.737
5/25/2022 4:00,1.729
5/25/2022 5:00,1.685
5/25/2022 6:00,1.62
5/25/2022 7:00,1.521
5/25/2022 8:00,1.386
5/25/2022 9:00,1.198
5/25/2022 10:00,0.939
5/25/2022 11:00,0.894
5/25/2022 12:00,0.93
5/25/2022 13:00,1.015
5/25/2022 14:00,1.122
5/25/2022 15:00,1.204
5/25/2022 16:00,1.226
5/25/2022 17:00,1.212
5/25/2022 18:00,1.231
5/25/2022 19:00,1.243
5/25/2022 20:00,1.245
5/25/2022 21:00,1.213
5/25/2022 22:00,1.182
5/25/2022 23:00,1.199
5/26/2022 0:00,1.357
5/26/2022 1:00,1.421
5/26/2022 2:00,1.557
5/26/2022 3:00,1.695
5/26/2022 4:00,1.777
5/26/2022 5:00,1.793
5/26/2022 6:00,1.771
5/26/2022 7:00,1.704
5/26/2022 8:00,1.566
5/26/2022 9:00,1.323
5/26/2022 10:00,1.075
5/26/2022 11:00,1.037
5/26/2022 12:00,1.06
5/26/2022 13:00,1.085
5/26/2022 14:00,1.113
5/26/2022 15:00,1.122
5/26/2022 16:00,1.117
5/26/2022 17:00,1.124
5/26/2022 18:00,1.122
5/26/2022 19:00,1.105
5/26/2022 20:00,1.081
5/26/2022 21:00,1.017
5/26/2022 22:00,0.963
5/26/2022 23:00,1.044
5/27/2022 0:00,1.292
5/27/2022 1:00,1.439
5/27/2022 2:00,1.56
5/27/2022 3:00,1.598
5/27/2022 4:00,1.564
5/27/2022 5:00,1.519
5/27/2022 6:00,1.484
5/27/2022 7:00,1.448
5/27/2022 8:00,1.394
5/27/2022 9:00,1.261
5/27/2022 10:00,1.079
5/27/2022 11:00,0.993
5/27/2022 12:00,0.983
5/27/2022 13:00,0.976
5/27/2022 14:00,0.987
5/27/2022 15:00,1.013
5/27/2022 16:00,1.033
5/27/2022 17:00,1.033
5/27/2022 18:00,1.014
5/27/2022 19:00,0.987
5/27/2022 20:00,0.965
5/27/2022 21:00,0.953
5/27/2022 22:00,0.952
5/27/2022 23:00,0.981
5/28/2022 0:00,1.164
5/28/2022 1:00,1.172
5/28/2022 2:00,1.192
5/28/2022 3:00,1.276
5/28/2022 4:00,1.451
5/28/2022 5:00,1.625
5/28/2022 6:00,1.736
5/28/2022 7:00,1.782
5/28/2022 8:00,1.699
5/28/2022 9:00,1.472
5/28/2022 10:00,1.164
5/28/2022 11:00,1.033
5/28/2022 12:00,1.01
5/28/2022 13:00,1.007
5/28/2022 14:00,1.014
5/28/2022 15:00,1.032
5/28/2022 16:00,1.053
5/28/2022 17:00,1.071
5/28/2022 18:00,1.088
5/28/2022 19:00,1.099
5/28/2022 20:00,1.106
5/28/2022 21:00,1.086
5/28/2022 22:00,1.061
5/28/2022 23:00,1.094
5/29/2022 0:00,1.386
5/29/2022 1:00,1.538
5/29/2022 2:00,1.689
5/29/2022 3:00,1.833
5/29/2022 4:00,1.972
5/29/2022 5:00,2.076
5/29/2022 6:00,2.113
5/29/2022 7:00,2.053
5/29/2022 8:00,1.861
5/29/2022 9:00,1.571
5/29/2022 10:00,1.204
5/29/2022 11:00,1.081
5/29/2022 12:00,1.059
5/29/2022 13:00,1.044
5/29/2022 14:00,1.036
5/29/2022 15:00,1.035
5/29/2022 16:00,1.041
5/29/2022 17:00,1.054
5/29/2022 18:00,1.061
5/29/2022 19:00,1.058
5/29/2022 20:00,1.055
5/29/2022 21:00,1.065
5/29/2022 22:00,1.079
5/29/2022 23:00,1.154
5/30/2022 0:00,1.428
5/30/2022 1:00,1.613
5/30/2022 2:00,1.765
5/30/2022 3:00,1.881
5/30/2022 4:00,1.977
5/30/2022 5:00,2.031
5/30/2022 6:00,2.029
5/30/2022 7:00,1.965
5/30/2022 8:00,1.805
5/30/2022 9:00,1.47
5/30/2022 10:00,1.087
5/30/2022 11:00,0.966
5/30/2022 12:00,0.919
5/30/2022 13:00,0.883
5/30/2022 14:00,0.86
5/30/2022 15:00,0.855
5/30/2022 16:00,0.856
5/30/2022 17:00,0.862
5/30/2022 18:00,0.869
5/30/2022 19:00,0.881
5/30/2022 20:00,0.888
5/30/2022 21:00,0.891
5/30/2022 22:00,0.908
5/30/2022 23:00,1.005
5/31/2022 0:00,1.334
5/31/2022 1:00,1.462
5/31/2022 2:00,1.508
5/31/2022 3:00,1.395
5/31/2022 4:00,1.398
5/31/2022 5:00,1.432
5/31/2022 6:00,1.424
5/31/2022 7:00,1.419
5/31/2022 8:00,1.369
5/31/2022 9:00,1.23
5/31/2022 10:00,1.035
5/31/2022 11:00,0.979
5/31/2022 12:00,0.965
5/31/2022 13:00,0.939
5/31/2022 14:00,0.911
5/31/2022 15:00,0.868
5/31/2022 16:00,0.822
5/31/2022 17:00,0.814
5/31/2022 18:00,0.864
5/31/2022 19:00,0.899
5/31/2022 20:00,0.933
5/31/2022 21:00,0.943
5/31/2022 22:00,0.945
5/31/2022 23:00,0.987
6/1/2022 0:00,1.244
6/1/2022 1:00,1.327
6/1/2022 2:00,1.438
6/1/2022 3:00,1.508
6/1/2022 4:00,1.544
6/1/2022 5:00,1.565
6/1/2022 6:00,1.555
6/1/2022 7:00,1.526
6/1/2022 8:00,1.462
6/1/2022 9:00,1.328
6/1/2022 10:00,1.11
6/1/2022 11:00,1.113
6/1/2022 12:00,1.178
6/1/2022 13:00,1.218
6/1/2022 14:00,1.228
6/1/2022 15:00,1.23
6/1/2022 16:00,1.232
6/1/2022 17:00,1.25
6/1/2022 18:00,1.281
6/1/2022 19:00,1.304
6/1/2022 20:00,1.316
6/1/2022 21:00,1.29
6/1/2022 22:00,1.276
6/1/2022 23:00,1.408
6/2/2022 0:00,1.748
6/2/2022 1:00,1.779
6/2/2022 2:00,1.768
6/2/2022 3:00,1.757
6/2/2022 4:00,1.751
6/2/2022 5:00,1.735
6/2/2022 6:00,1.714
6/2/2022 7:00,1.682
6/2/2022 8:00,1.611
6/2/2022 9:00,1.52
6/2/2022 10:00,1.306
6/2/2022 11:00,1.292
6/2/2022 12:00,1.361
6/2/2022 13:00,1.411
6/2/2022 14:00,1.43
6/2/2022 15:00,1.367
6/2/2022 16:00,1.27
6/2/2022 17:00,1.212
6/2/2022 18:00,1.197
6/2/2022 19:00,1.205
6/2/2022 20:00,1.217
6/2/2022 21:00,1.229
6/2/2022 22:00,1.249
6/2/2022 23:00,1.349
6/3/2022 0:00,1.607
6/3/2022 1:00,1.607
6/3/2022 2:00,1.487
6/3/2022 3:00,1.366
6/3/2022 4:00,1.281
6/3/2022 5:00,1.219
6/3/2022 6:00,1.184
6/3/2022 7:00,1.191
6/3/2022 8:00,1.168
6/3/2022 9:00,1.092
6/3/2022 10:00,0.946
6/3/2022 11:00,0.922
6/3/2022 12:00,0.937
6/3/2022 13:00,0.954
6/3/2022 14:00,0.983
6/3/2022 15:00,1.003
6/3/2022 16:00,1.013
6/3/2022 17:00,1.026
6/3/2022 18:00,1.042
6/3/2022 19:00,1.052
6/3/2022 20:00,1.057
6/3/2022 21:00,1.051
6/3/2022 22:00,1.054
6/3/2022 23:00,1.102
6/4/2022 0:00,1.331
6/4/2022 1:00,1.298
6/4/2022 2:00,1.209
6/4/2022 3:00,1.148
6/4/2022 4:00,1.158
6/4/2022 5:00,1.231
6/4/2022 6:00,1.332
6/4/2022 7:00,1.41
6/4/2022 8:00,1.393
6/4/2022 9:00,1.277
6/4/2022 10:00,1.058
6/4/2022 11:00,0.992
6/4/2022 12:00,0.982
6/4/2022 13:00,0.966
6/4/2022 14:00,0.948
6/4/2022 15:00,0.934
6/4/2022 16:00,0.923
6/4/2022 17:00,0.91
6/4/2022 18:00,0.907
6/4/2022 19:00,0.918
6/4/2022 20:00,0.948
6/4/2022 21:00,0.971
6/4/2022 22:00,0.978
6/4/2022 23:00,0.999
6/5/2022 0:00,1.228
6/5/2022 1:00,1.29
6/5/2022 2:00,1.294
6/5/2022 3:00,1.27
6/5/2022 4:00,1.252
6/5/2022 5:00,1.241
6/5/2022 6:00,1.238
6/5/2022 7:00,1.228
6/5/2022 8:00,1.17
6/5/2022 9:00,1.08
6/5/2022 10:00,0.927
6/5/2022 11:00,0.92
6/5/2022 12:00,0.961
6/5/2022 13:00,0.988
6/5/2022 14:00,0.993
6/5/2022 15:00,0.989
6/5/2022 16:00,0.989
6/5/2022 17:00,0.982
6/5/2022 18:00,0.973
6/5/2022 19:00,0.974
6/5/2022 20:00,0.99
6/5/2022 21:00,0.992
6/5/2022 22:00,0.99
6/5/2022 23:00,1.005
6/6/2022 0:00,1.233
6/6/2022 1:00,1.333
6/6/2022 2:00,1.42
6/6/2022 3:00,1.476
6/6/2022 4:00,1.512
6/6/2022 5:00,1.536
6/6/2022 6:00,1.536
6/6/2022 7:00,1.503
6/6/2022 8:00,1.42
6/6/2022 9:00,1.242
6/6/2022 10:00,1.002
6/6/2022 11:00,0.934
6/6/2022 12:00,0.955
6/6/2022 13:00,0.99
6/6/2022 14:00,1.028
6/6/2022 15:00,1.052
6/6/2022 16:00,1.072
6/6/2022 17:00,1.11
6/6/2022 18:00,1.16
6/6/2022 19:00,1.225
6/6/2022 20:00,1.281
6/6/2022 21:00,1.29
6/6/2022 22:00,1.287
6/6/2022 23:00,1.381
6/7/2022 0:00,1.747
6/7/2022 1:00,1.946
6/7/2022 2:00,2.036
6/7/2022 3:00,2.039
6/7/2022 4:00,2.035
6/7/2022 5:00,2.037
6/7/2022 6:00,2.012
6/7/2022 7:00,1.925
6/7/2022 8:00,1.75
6/7/2022 9:00,1.532
6/7/2022 10:00,1.262
6/7/2022 11:00,1.213
6/7/2022 12:00,1.215
6/7/2022 13:00,1.207
6/7/2022 14:00,1.186
6/7/2022 15:00,1.157
6/7/2022 16:00,1.128
6/7/2022 17:00,1.106
6/7/2022 18:00,1.096
6/7/2022 19:00,1.096
6/7/2022 20:00,1.111
6/7/2022 21:00,1.116
6/7/2022 22:00,1.11
6/7/2022 23:00,1.159
6/8/2022 0:00,1.427
6/8/2022 1:00,1.513
6/8/2022 2:00,1.53
6/8/2022 3:00,1.528
6/8/2022 4:00,1.533
6/8/2022 5:00,1.546
6/8/2022 6:00,1.58
6/8/2022 7:00,1.58
6/8/2022 8:00,1.484
6/8/2022 9:00,1.33
6/8/2022 10:00,1.114
6/8/2022 11:00,1.11
6/8/2022 12:00,1.169
6/8/2022 13:00,1.216
6/8/2022 14:00,1.245
6/8/2022 15:00,1.234
6/8/2022 16:00,1.214
6/8/2022 17:00,1.2
6/8/2022 18:00,1.185
6/8/2022 19:00,1.177
6/8/2022 20:00,1.181
6/8/2022 21:00,1.204
6/8/2022 22:00,1.25
6/8/2022 23:00,1.324
6/9/2022 0:00,1.674
6/9/2022 1:00,1.769
6/9/2022 2:00,1.715
6/9/2022 3:00,1.626
6/9/2022 4:00,1.642
6/9/2022 5:00,1.736
6/9/2022 6:00,1.807
6/9/2022 7:00,1.824
6/9/2022 8:00,1.756
6/9/2022 9:00,1.554
6/9/2022 10:00,1.193
6/9/2022 11:00,1.054
6/9/2022 12:00,0.993
6/9/2022 13:00,0.957
6/9/2022 14:00,0.926
6/9/2022 15:00,0.885
6/9/2022 16:00,0.844
6/9/2022 17:00,0.819
6/9/2022 18:00,0.826
6/9/2022 19:00,0.861
6/9/2022 20:00,0.908
6/9/2022 21:00,0.932
6/9/2022 22:00,0.976
6/9/2022 23:00,1.062
6/10/2022 0:00,1.331
6/10/2022 1:00,1.522
6/10/2022 2:00,1.695
6/10/2022 3:00,1.773
6/10/2022 4:00,1.759
6/10/2022 5:00,1.707
6/10/2022 6:00,1.663
6/10/2022 7:00,1.641
6/10/2022 8:00,1.597
6/10/2022 9:00,1.481
6/10/2022 10:00,1.286
6/10/2022 11:00,1.21
6/10/2022 12:00,1.213
6/10/2022 13:00,1.209
6/10/2022 14:00,1.189
6/10/2022 15:00,1.161
6/10/2022 16:00,1.134
6/10/2022 17:00,1.115
6/10/2022 18:00,1.129
6/10/2022 19:00,1.156
6/10/2022 20:00,1.179
6/10/2022 21:00,1.182
6/10/2022 22:00,1.176
6/10/2022 23:00,1.207
6/11/2022 0:00,1.512
6/11/2022 1:00,1.682
6/11/2022 2:00,1.767
6/11/2022 3:00,1.758
6/11/2022 4:00,1.712
6/11/2022 5:00,1.677
6/11/2022 6:00,1.649
6/11/2022 7:00,1.624
6/11/2022 8:00,1.558
6/11/2022 9:00,1.405
6/11/2022 10:00,1.175
6/11/2022 11:00,1.106
6/11/2022 12:00,1.09
6/11/2022 13:00,1.059
6/11/2022 14:00,1.02
6/11/2022 15:00,0.98
6/11/2022 16:00,0.942
6/11/2022 17:00,0.914
6/11/2022 18:00,0.912
6/11/2022 19:00,0.937
6/11/2022 20:00,0.978
6/11/2022 21:00,1.01
6/11/2022 22:00,1.044
6/11/2022 23:00,1.092
6/12/2022 0:00,1.328
6/12/2022 1:00,1.385
6/12/2022 2:00,1.377
6/12/2022 3:00,1.322
6/12/2022 4:00,1.294
6/12/2022 5:00,1.34
6/12/2022 6:00,1.387
6/12/2022 7:00,1.414
6/12/2022 8:00,1.367
6/12/2022 9:00,1.251
6/12/2022 10:00,1.038
6/12/2022 11:00,0.986
6/12/2022 12:00,0.977
6/12/2022 13:00,0.957
6/12/2022 14:00,0.937
6/12/2022 15:00,0.926
6/12/2022 16:00,0.926
6/12/2022 17:00,0.934
6/12/2022 18:00,0.953
6/12/2022 19:00,0.981
6/12/2022 20:00,1.007
6/12/2022 21:00,1.022
6/12/2022 22:00,1.055
6/12/2022 23:00,1.147
6/13/2022 0:00,1.446
6/13/2022 1:00,1.527
6/13/2022 2:00,1.592
6/13/2022 3:00,1.602
6/13/2022 4:00,1.58
6/13/2022 5:00,1.565
6/13/2022 6:00,1.555
6/13/2022 7:00,1.526
6/13/2022 8:00,1.445
6/13/2022 9:00,1.29
6/13/2022 10:00,1.079
6/13/2022 11:00,1.023
6/13/2022 12:00,1.027
6/13/2022 13:00,1.021
6/13/2022 14:00,1.004
6/13/2022 15:00,0.992
6/13/2022 16:00,0.986
6/13/2022 17:00,0.981
6/13/2022 18:00,0.969
6/13/2022 19:00,0.956
6/13/2022 20:00,0.962
6/13/2022 21:00,0.983
6/13/2022 22:00,1.023
6/13/2022 23:00,1.102
6/14/2022 0:00,1.403
6/14/2022 1:00,1.534
6/14/2022 2:00,1.601
6/14/2022 3:00,1.613
6/14/2022 4:00,1.617
6/14/2022 5:00,1.63
6/14/2022 6:00,1.639
6/14/2022 7:00,1.634
6/14/2022 8:00,1.57
6/14/2022 9:00,1.43
6/14/2022 10:00,1.217
6/14/2022 11:00,1.173
6/14/2022 12:00,1.203
6/14/2022 13:00,1.224
6/14/2022 14:00,1.229
6/14/2022 15:00,1.205
6/14/2022 16:00,1.173
6/14/2022 17:00,1.142
6/14/2022 18:00,1.116
6/14/2022 19:00,1.102
6/14/2022 20:00,1.102
6/14/2022 21:00,1.131
6/14/2022 22:00,1.189
6/14/2022 23:00,1.296
6/15/2022 0:00,1.629
6/15/2022 1:00,1.826
6/15/2022 2:00,1.968
6/15/2022 3:00,2.03
6/15/2022 4:00,2.058
6/15/2022 5:00,2.067
6/15/2022 6:00,2.046
6/15/2022 7:00,1.986
6/15/2022 8:00,1.846
6/15/2022 9:00,1.582
6/15/2022 10:00,1.263
6/15/2022 11:00,1.201
6/15/2022 12:00,1.218
6/15/2022 13:00,1.23
6/15/2022 14:00,1.234
6/15/2022 15:00,1.229
6/15/2022 16:00,1.22
6/15/2022 17:00,1.224
6/15/2022 18:00,1.239
6/15/2022 19:00,1.264
6/15/2022 20:00,1.294
6/15/2022 21:00,1.309
6/15/2022 22:00,1.323
6/15/2022 23:00,1.377
6/16/2022 0:00,1.671
6/16/2022 1:00,1.879
6/16/2022 2:00,2.049
6/16/2022 3:00,2.118
6/16/2022 4:00,2.122
6/16/2022 5:00,2.096
6/16/2022 6:00,2.056
6/16/2022 7:00,1.968
6/16/2022 8:00,1.805
6/16/2022 9:00,1.628
6/16/2022 10:00,1.348
6/16/2022 11:00,1.287
6/16/2022 12:00,1.297
6/16/2022 13:00,1.299
6/16/2022 14:00,1.274
6/16/2022 15:00,1.23
6/16/2022 16:00,1.176
6/16/2022 17:00,1.109
6/16/2022 18:00,1.051
6/16/2022 19:00,1.014
6/16/2022 20:00,0.997
6/16/2022 21:00,0.993
6/16/2022 22:00,1.013
6/16/2022 23:00,1.065
6/17/2022 0:00,1.323
6/17/2022 1:00,1.443
6/17/2022 2:00,1.521
6/17/2022 3:00,1.529
6/17/2022 4:00,1.507
6/17/2022 5:00,1.466
6/17/2022 6:00,1.403
6/17/2022 7:00,1.323
6/17/2022 8:00,1.211
6/17/2022 9:00,1.086
6/17/2022 10:00,0.937
6/17/2022 11:00,0.919
6/17/2022 12:00,0.939
6/17/2022 13:00,0.943
6/17/2022 14:00,0.938
6/17/2022 15:00,0.944
6/17/2022 16:00,0.953
6/17/2022 17:00,0.96
6/17/2022 18:00,0.949
6/17/2022 19:00,0.949
6/17/2022 20:00,0.943
6/17/2022 21:00,0.912
6/17/2022 22:00,0.863
6/17/2022 23:00,0.859
6/18/2022 0:00,0.997
6/18/2022 1:00,1.108
6/18/2022 2:00,1.129
6/18/2022 3:00,1.124
6/18/2022 4:00,1.16
6/18/2022 5:00,1.206
6/18/2022 6:00,1.26
6/18/2022 7:00,1.315
6/18/2022 8:00,1.31
6/18/2022 9:00,1.177
6/18/2022 10:00,0.993
6/18/2022 11:00,0.915
6/18/2022 12:00,0.913
6/18/2022 13:00,0.895
6/18/2022 14:00,0.874
6/18/2022 15:00,0.889
6/18/2022 16:00,0.959
6/18/2022 17:00,1.015
6/18/2022 18:00,1.07
6/18/2022 19:00,1.125
6/18/2022 20:00,1.19
6/18/2022 21:00,1.206
6/18/2022 22:00,1.208
6/18/2022 23:00,1.308
6/19/2022 0:00,1.653
6/19/2022 1:00,1.797
6/19/2022 2:00,1.826
6/19/2022 3:00,1.838
6/19/2022 4:00,1.834
6/19/2022 5:00,1.815
6/19/2022 6:00,1.802
6/19/2022 7:00,1.776
6/19/2022 8:00,1.686
6/19/2022 9:00,1.507
6/19/2022 10:00,1.278
6/19/2022 11:00,1.216
6/19/2022 12:00,1.246
6/19/2022 13:00,1.277
6/19/2022 14:00,1.304
6/19/2022 15:00,1.316
6/19/2022 16:00,1.312
6/19/2022 17:00,1.297
6/19/2022 18:00,1.285
6/19/2022 19:00,1.288
6/19/2022 20:00,1.307
6/19/2022 21:00,1.315
6/19/2022 22:00,1.33
6/19/2022 23:00,1.448
6/20/2022 0:00,1.83
6/20/2022 1:00,2.081
6/20/2022 2:00,2.199
6/20/2022 3:00,2.207
6/20/2022 4:00,2.163
6/20/2022 5:00,2.092
6/20/2022 6:00,1.998
6/20/2022 7:00,1.893
6/20/2022 8:00,1.744
6/20/2022 9:00,1.538
6/20/2022 10:00,1.285
6/20/2022 11:00,1.23
6/20/2022 12:00,1.249
6/20/2022 13:00,1.256
6/20/2022 14:00,1.252
6/20/2022 15:00,1.247
6/20/2022 16:00,1.237
6/20/2022 17:00,1.215
6/20/2022 18:00,1.205
6/20/2022 19:00,1.22
6/20/2022 20:00,1.262
6/20/2022 21:00,1.289
6/20/2022 22:00,1.311
6/20/2022 23:00,1.411
6/21/2022 0:00,1.75
6/21/2022 1:00,1.953
6/21/2022 2:00,2.059
6/21/2022 3:00,2.128
6/21/2022 4:00,2.165
6/21/2022 5:00,2.152
6/21/2022 6:00,2.14
6/21/2022 7:00,2.1
6/21/2022 8:00,1.983
6/21/2022 9:00,1.764
6/21/2022 10:00,1.472
6/21/2022 11:00,1.415
6/21/2022 12:00,1.429
6/21/2022 13:00,1.43
6/21/2022 14:00,1.424
6/21/2022 15:00,1.426
6/21/2022 16:00,1.442
6/21/2022 17:00,1.488
6/21/2022 18:00,1.543
6/21/2022 19:00,1.596
6/21/2022 20:00,1.661
6/21/2022 21:00,1.666
6/21/2022 22:00,1.659
6/21/2022 23:00,1.819
6/22/2022 0:00,2.239
6/22/2022 1:00,2.454
6/22/2022 2:00,2.497
6/22/2022 3:00,2.502
6/22/2022 4:00,2.504
6/22/2022 5:00,2.491
6/22/2022 6:00,2.471
6/22/2022 7:00,2.428
6/22/2022 8:00,2.309
6/22/2022 9:00,2.083
6/22/2022 10:00,1.752
6/22/2022 11:00,1.72
6/22/2022 12:00,1.748
6/22/2022 13:00,1.764
6/22/2022 14:00,1.746
6/22/2022 15:00,1.655
6/22/2022 16:00,1.555
6/22/2022 17:00,1.477
6/22/2022 18:00,1.438
6/22/2022 19:00,1.431
6/22/2022 20:00,1.452
6/22/2022 21:00,1.479
6/22/2022 22:00,1.522
6/22/2022 23:00,1.7
6/23/2022 0:00,2.178
6/23/2022 1:00,2.429
6/23/2022 2:00,2.566
6/23/2022 3:00,2.598
6/23/2022 4:00,2.558
6/23/2022 5:00,2.486
6/23/2022 6:00,2.387
6/23/2022 7:00,2.273
6/23/2022 8:00,2.109
6/23/2022 9:00,1.909
6/23/2022 10:00,1.643
6/23/2022 11:00,1.595
6/23/2022 12:00,1.609
6/23/2022 13:00,1.595
6/23/2022 14:00,1.572
6/23/2022 15:00,1.55
6/23/2022 16:00,1.525
6/23/2022 17:00,1.512
6/23/2022 18:00,1.503
6/23/2022 19:00,1.522
6/23/2022 20:00,1.537
6/23/2022 21:00,1.527
6/23/2022 22:00,1.52
6/23/2022 23:00,1.608
6/24/2022 0:00,1.907
6/24/2022 1:00,2.157
6/24/2022 2:00,2.281
6/24/2022 3:00,2.327
6/24/2022 4:00,2.33
6/24/2022 5:00,2.273
6/24/2022 6:00,2.178
6/24/2022 7:00,2.09
6/24/2022 8:00,1.96
6/24/2022 9:00,1.728
6/24/2022 10:00,1.423
6/24/2022 11:00,1.356
6/24/2022 12:00,1.348
6/24/2022 13:00,1.334
6/24/2022 14:00,1.315
6/24/2022 15:00,1.277
6/24/2022 16:00,1.232
6/24/2022 17:00,1.193
6/24/2022 18:00,1.165
6/24/2022 19:00,1.153
6/24/2022 20:00,1.157
6/24/2022 21:00,1.165
6/24/2022 22:00,1.188
6/24/2022 23:00,1.292
6/25/2022 0:00,1.628
6/25/2022 1:00,1.785
6/25/2022 2:00,1.849
6/25/2022 3:00,1.843
6/25/2022 4:00,1.815
6/25/2022 5:00,1.796
6/25/2022 6:00,1.805
6/25/2022 7:00,1.809
6/25/2022 8:00,1.758
6/25/2022 9:00,1.6
6/25/2022 10:00,1.363
6/25/2022 11:00,1.307
6/25/2022 12:00,1.301
6/25/2022 13:00,1.282
6/25/2022 14:00,1.263
6/25/2022 15:00,1.256
6/25/2022 16:00,1.269
6/25/2022 17:00,1.267
6/25/2022 18:00,1.253
6/25/2022 19:00,1.23
6/25/2022 20:00,1.195
6/25/2022 21:00,1.25
6/25/2022 22:00,1.291
6/25/2022 23:00,1.437
6/26/2022 0:00,1.776
6/26/2022 1:00,1.931
6/26/2022 2:00,2.003
6/26/2022 3:00,2.004
6/26/2022 4:00,1.991
6/26/2022 5:00,1.965
6/26/2022 6:00,1.918
6/26/2022 7:00,1.837
6/26/2022 8:00,1.678
6/26/2022 9:00,1.52
6/26/2022 10:00,1.323
6/26/2022 11:00,1.312
6/26/2022 12:00,1.335
6/26/2022 13:00,1.336
6/26/2022 14:00,1.355
6/26/2022 15:00,1.347
6/26/2022 16:00,1.333
6/26/2022 17:00,1.349
6/26/2022 18:00,1.39
6/26/2022 19:00,1.443
6/26/2022 20:00,1.499
6/26/2022 21:00,1.521
6/26/2022 22:00,1.548
6/26/2022 23:00,1.797
6/27/2022 0:00,2.234
6/27/2022 1:00,2.359
6/27/2022 2:00,2.31
6/27/2022 3:00,2.216
6/27/2022 4:00,2.129
6/27/2022 5:00,2.065
6/27/2022 6:00,2.039
6/27/2022 7:00,2.038
6/27/2022 8:00,2.004
6/27/2022 9:00,1.874
6/27/2022 10:00,1.675
6/27/2022 11:00,1.652
6/27/2022 12:00,1.672
6/27/2022 13:00,1.681
6/27/2022 14:00,1.673
6/27/2022 15:00,1.683
6/27/2022 16:00,1.678
6/27/2022 17:00,1.701
6/27/2022 18:00,1.749
6/27/2022 19:00,1.787
6/27/2022 20:00,1.815
6/27/2022 21:00,1.742
6/27/2022 22:00,1.658
6/27/2022 23:00,1.786
6/28/2022 0:00,2.216
6/28/2022 1:00,2.372
6/28/2022 2:00,2.274
6/28/2022 3:00,2.15
6/28/2022 4:00,2.036
6/28/2022 5:00,1.897
6/28/2022 6:00,1.843
6/28/2022 7:00,1.815
6/28/2022 8:00,1.75
6/28/2022 9:00,1.616
6/28/2022 10:00,1.407
6/28/2022 11:00,1.384
6/28/2022 12:00,1.427
6/28/2022 13:00,1.46
6/28/2022 14:00,1.483
6/28/2022 15:00,1.486
6/28/2022 16:00,1.495
6/28/2022 17:00,1.557
6/28/2022 18:00,1.637
6/28/2022 19:00,1.714
6/28/2022 20:00,1.784
6/28/2022 21:00,1.76
6/28/2022 22:00,1.751
6/28/2022 23:00,1.937
6/29/2022 0:00,2.343
6/29/2022 1:00,2.444
6/29/2022 2:00,2.276
6/29/2022 3:00,2.055
6/29/2022 4:00,1.924
6/29/2022 5:00,1.844
6/29/2022 6:00,1.822
6/29/2022 7:00,1.826
6/29/2022 8:00,1.796
6/29/2022 9:00,1.688
6/29/2022 10:00,1.465
6/29/2022 11:00,1.436
6/29/2022 12:00,1.466
6/29/2022 13:00,1.476
6/29/2022 14:00,1.483
6/29/2022 15:00,1.49
6/29/2022 16:00,1.497
6/29/2022 17:00,1.512
6/29/2022 18:00,1.55
6/29/2022 19:00,1.582
6/29/2022 20:00,1.602
6/29/2022 21:00,1.571
6/29/2022 22:00,1.523
6/29/2022 23:00,1.605
6/30/2022 0:00,1.942
6/30/2022 1:00,1.992
6/30/2022 2:00,1.939
6/30/2022 3:00,1.912
6/30/2022 4:00,1.905
6/30/2022 5:00,1.881
6/30/2022 6:00,1.845
6/30/2022 7:00,1.815
6/30/2022 8:00,1.763
6/30/2022 9:00,1.61
6/30/2022 10:00,1.365
6/30/2022 11:00,1.317
6/30/2022 12:00,1.322
6/30/2022 13:00,1.324
6/30/2022 14:00,1.324
6/30/2022 15:00,1.308
6/30/2022 16:00,1.312
6/30/2022 17:00,1.352
6/30/2022 18:00,1.414
6/30/2022 19:00,1.486
6/30/2022 20:00,1.554
6/30/2022 21:00,1.601
6/30/2022 22:00,1.626
6/30/2022 23:00,1.826
7/1/2022 0:00,2.324
7/1/2022 1:00,2.6
7/1/2022 2:00,2.727
7/1/2022 3:00,2.756
7/1/2022 4:00,2.753
7/1/2022 5:00,2.719
7/1/2022 6:00,2.668
7/1/2022 7:00,2.583
7/1/2022 8:00,2.424
7/1/2022 9:00,2.148
7/1/2022 10:00,1.762
7/1/2022 11:00,1.681
7/1/2022 12:00,1.698
7/1/2022 13:00,1.699
7/1/2022 14:00,1.692
7/1/2022 15:00,1.664
7/1/2022 16:00,1.622
7/1/2022 17:00,1.596
7/1/2022 18:00,1.571
7/1/2022 19:00,1.543
7/1/2022 20:00,1.519
7/1/2022 21:00,1.491
7/1/2022 22:00,1.479
7/1/2022 23:00,1.669
7/2/2022 0:00,2.115
7/2/2022 1:00,2.255
7/2/2022 2:00,2.229
7/2/2022 3:00,2.179
7/2/2022 4:00,2.149
7/2/2022 5:00,2.109
7/2/2022 6:00,2.064
7/2/2022 7:00,2.02
7/2/2022 8:00,1.936
7/2/2022 9:00,1.766
7/2/2022 10:00,1.487
7/2/2022 11:00,1.404
7/2/2022 12:00,1.407
7/2/2022 13:00,1.387
7/2/2022 14:00,1.36
7/2/2022 15:00,1.334
7/2/2022 16:00,1.309
7/2/2022 17:00,1.289
7/2/2022 18:00,1.268
7/2/2022 19:00,1.25
7/2/2022 20:00,1.234
7/2/2022 21:00,1.243
7/2/2022 22:00,1.26
7/2/2022 23:00,1.33
7/3/2022 0:00,1.616
7/3/2022 1:00,1.75
7/3/2022 2:00,1.753
7/3/2022 3:00,1.738
7/3/2022 4:00,1.736
7/3/2022 5:00,1.726
7/3/2022 6:00,1.716
7/3/2022 7:00,1.684
7/3/2022 8:00,1.589
7/3/2022 9:00,1.451
7/3/2022 10:00,1.268
7/3/2022 11:00,1.255
7/3/2022 12:00,1.29
7/3/2022 13:00,1.301
7/3/2022 14:00,1.284
7/3/2022 15:00,1.259
7/3/2022 16:00,1.251
7/3/2022 17:00,1.249
7/3/2022 18:00,1.254
7/3/2022 19:00,1.26
7/3/2022 20:00,1.272
7/3/2022 21:00,1.277
7/3/2022 22:00,1.291
7/3/2022 23:00,1.394
7/4/2022 0:00,1.789
7/4/2022 1:00,1.977
7/4/2022 2:00,2.124
7/4/2022 3:00,2.197
7/4/2022 4:00,2.239
7/4/2022 5:00,2.267
7/4/2022 6:00,2.257
7/4/2022 7:00,2.183
7/4/2022 8:00,2.001
7/4/2022 9:00,1.674
7/4/2022 10:00,1.289
7/4/2022 11:00,1.2
7/4/2022 12:00,1.175
7/4/2022 13:00,1.148
7/4/2022 14:00,1.114
7/4/2022 15:00,1.097
7/4/2022 16:00,1.092
7/4/2022 17:00,1.097
7/4/2022 18:00,1.121
7/4/2022 19:00,1.155
7/4/2022 20:00,1.191
7/4/2022 21:00,1.204
7/4/2022 22:00,1.203
7/4/2022 23:00,1.241
7/5/2022 0:00,1.458
7/5/2022 1:00,1.503
7/5/2022 2:00,1.507
7/5/2022 3:00,1.482
7/5/2022 4:00,1.448
7/5/2022 5:00,1.406
7/5/2022 6:00,1.379
7/5/2022 7:00,1.384
7/5/2022 8:00,1.387
7/5/2022 9:00,1.304
7/5/2022 10:00,1.154
7/5/2022 11:00,1.148
7/5/2022 12:00,1.171
7/5/2022 13:00,1.174
7/5/2022 14:00,1.164
7/5/2022 15:00,1.145
7/5/2022 16:00,1.131
7/5/2022 17:00,1.124
7/5/2022 18:00,1.129
7/5/2022 19:00,1.161
7/5/2022 20:00,1.218
7/5/2022 21:00,1.242
7/5/2022 22:00,1.25
7/5/2022 23:00,1.408
7/6/2022 0:00,1.705
7/6/2022 1:00,1.787
7/6/2022 2:00,1.766
7/6/2022 3:00,1.723
7/6/2022 4:00,1.673
7/6/2022 5:00,1.64
7/6/2022 6:00,1.633
7/6/2022 7:00,1.644
7/6/2022 8:00,1.613
7/6/2022 9:00,1.479
7/6/2022 10:00,1.261
7/6/2022 11:00,1.227
7/6/2022 12:00,1.267
7/6/2022 13:00,1.284
7/6/2022 14:00,1.278
7/6/2022 15:00,1.266
7/6/2022 16:00,1.266
7/6/2022 17:00,1.295
7/6/2022 18:00,1.341
7/6/2022 19:00,1.399
7/6/2022 20:00,1.458
7/6/2022 21:00,1.461
7/6/2022 22:00,1.446
7/6/2022 23:00,1.631
7/7/2022 0:00,2.026
7/7/2022 1:00,2.118
7/7/2022 2:00,2.058
7/7/2022 3:00,2.017
7/7/2022 4:00,2
7/7/2022 5:00,1.98
7/7/2022 6:00,1.973
7/7/2022 7:00,1.97
7/7/2022 8:00,1.931
7/7/2022 9:00,1.779
7/7/2022 10:00,1.515
7/7/2022 11:00,1.477
7/7/2022 12:00,1.488
7/7/2022 13:00,1.472
7/7/2022 14:00,1.457
7/7/2022 15:00,1.471
7/7/2022 16:00,1.486
7/7/2022 17:00,1.513
7/7/2022 18:00,1.547
7/7/2022 19:00,1.587
7/7/2022 20:00,1.623
7/7/2022 21:00,1.62
7/7/2022 22:00,1.628
7/7/2022 23:00,1.906
7/8/2022 0:00,2.378
7/8/2022 1:00,2.53
7/8/2022 2:00,2.461
7/8/2022 3:00,2.357
7/8/2022 4:00,2.255
7/8/2022 5:00,2.159
7/8/2022 6:00,2.098
7/8/2022 7:00,2.042
7/8/2022 8:00,1.965
7/8/2022 9:00,1.819
7/8/2022 10:00,1.569
7/8/2022 11:00,1.528
7/8/2022 12:00,1.539
7/8/2022 13:00,1.534
7/8/2022 14:00,1.508
7/8/2022 15:00,1.477
7/8/2022 16:00,1.465
7/8/2022 17:00,1.477
7/8/2022 18:00,1.508
7/8/2022 19:00,1.531
7/8/2022 20:00,1.551
7/8/2022 21:00,1.538
7/8/2022 22:00,1.534
7/8/2022 23:00,1.756
7/9/2022 0:00,2.247
7/9/2022 1:00,2.394
7/9/2022 2:00,2.362
7/9/2022 3:00,2.297
7/9/2022 4:00,2.197
7/9/2022 5:00,2.064
7/9/2022 6:00,1.958
7/9/2022 7:00,1.891
7/9/2022 8:00,1.842
7/9/2022 9:00,1.703
7/9/2022 10:00,1.465
7/9/2022 11:00,1.438
7/9/2022 12:00,1.484
7/9/2022 13:00,1.483
7/9/2022 14:00,1.467
7/9/2022 15:00,1.449
7/9/2022 16:00,1.449
7/9/2022 17:00,1.454
7/9/2022 18:00,1.457
7/9/2022 19:00,1.464
7/9/2022 20:00,1.47
7/9/2022 21:00,1.472
7/9/2022 22:00,1.503
7/9/2022 23:00,1.742
7/10/2022 0:00,2.247
7/10/2022 1:00,2.476
7/10/2022 2:00,2.509
7/10/2022 3:00,2.443
7/10/2022 4:00,2.353
7/10/2022 5:00,2.262
7/10/2022 6:00,2.193
7/10/2022 7:00,2.129
7/10/2022 8:00,2.017
7/10/2022 9:00,1.781
7/10/2022 10:00,1.471
7/10/2022 11:00,1.401
7/10/2022 12:00,1.429
7/10/2022 13:00,1.442
7/10/2022 14:00,1.443
7/10/2022 15:00,1.425
7/10/2022 16:00,1.4
7/10/2022 17:00,1.4
7/10/2022 18:00,1.423
7/10/2022 19:00,1.447
7/10/2022 20:00,1.463
7/10/2022 21:00,1.476
7/10/2022 22:00,1.51
7/10/2022 23:00,1.758
7/11/2022 0:00,2.224
7/11/2022 1:00,2.363
7/11/2022 2:00,2.368
7/11/2022 3:00,2.311
7/11/2022 4:00,2.23
7/11/2022 5:00,2.161
7/11/2022 6:00,2.11
7/11/2022 7:00,2.07
7/11/2022 8:00,1.988
7/11/2022 9:00,1.824
7/11/2022 10:00,1.572
7/11/2022 11:00,1.547
7/11/2022 12:00,1.584
7/11/2022 13:00,1.6
7/11/2022 14:00,1.613
7/11/2022 15:00,1.614
7/11/2022 16:00,1.613
7/11/2022 17:00,1.609
7/11/2022 18:00,1.616
7/11/2022 19:00,1.633
7/11/2022 20:00,1.646
7/11/2022 21:00,1.635
7/11/2022 22:00,1.629
7/11/2022 23:00,1.792
7/12/2022 0:00,2.158
7/12/2022 1:00,2.408
7/12/2022 2:00,2.473
7/12/2022 3:00,2.413
7/12/2022 4:00,2.346
7/12/2022 5:00,2.292
7/12/2022 6:00,2.239
7/12/2022 7:00,2.174
7/12/2022 8:00,2.056
7/12/2022 9:00,1.864
7/12/2022 10:00,1.59
7/12/2022 11:00,1.542
7/12/2022 12:00,1.53
7/12/2022 13:00,1.496
7/12/2022 14:00,1.456
7/12/2022 15:00,1.405
7/12/2022 16:00,1.368
7/12/2022 17:00,1.348
7/12/2022 18:00,1.343
7/12/2022 19:00,1.349
7/12/2022 20:00,1.348
7/12/2022 21:00,1.339
7/12/2022 22:00,1.346
7/12/2022 23:00,1.463
7/13/2022 0:00,1.726
7/13/2022 1:00,1.829
7/13/2022 2:00,1.8
7/13/2022 3:00,1.785
7/13/2022 4:00,1.824
7/13/2022 5:00,1.864
7/13/2022 6:00,1.89
7/13/2022 7:00,1.884
7/13/2022 8:00,1.827
7/13/2022 9:00,1.719
7/13/2022 10:00,1.458
7/13/2022 11:00,1.421
7/13/2022 12:00,1.448
7/13/2022 13:00,1.465
7/13/2022 14:00,1.468
7/13/2022 15:00,1.449
7/13/2022 16:00,1.425
7/13/2022 17:00,1.416
7/13/2022 18:00,1.422
7/13/2022 19:00,1.445
7/13/2022 20:00,1.472
7/13/2022 21:00,1.481
7/13/2022 22:00,1.495
7/13/2022 23:00,1.669
7/14/2022 0:00,2.046
7/14/2022 1:00,2.212
7/14/2022 2:00,2.26
7/14/2022 3:00,2.242
7/14/2022 4:00,2.195
7/14/2022 5:00,2.136
7/14/2022 6:00,2.088
7/14/2022 7:00,2.044
7/14/2022 8:00,1.935
7/14/2022 9:00,1.781
7/14/2022 10:00,1.53
7/14/2022 11:00,1.495
7/14/2022 12:00,1.53
7/14/2022 13:00,1.545
7/14/2022 14:00,1.544
7/14/2022 15:00,1.534
7/14/2022 16:00,1.531
7/14/2022 17:00,1.543
7/14/2022 18:00,1.569
7/14/2022 19:00,1.596
7/14/2022 20:00,1.623
7/14/2022 21:00,1.633
7/14/2022 22:00,1.641
7/14/2022 23:00,1.851
7/15/2022 0:00,2.244
7/15/2022 1:00,2.391
7/15/2022 2:00,2.325
7/15/2022 3:00,2.159
7/15/2022 4:00,2.057
7/15/2022 5:00,2.003
7/15/2022 6:00,1.991
7/15/2022 7:00,1.998
7/15/2022 8:00,1.953
7/15/2022 9:00,1.83
7/15/2022 10:00,1.649
7/15/2022 11:00,1.661
7/15/2022 12:00,1.707
7/15/2022 13:00,1.695
7/15/2022 14:00,1.667
7/15/2022 15:00,1.658
7/15/2022 16:00,1.644
7/15/2022 17:00,1.63
7/15/2022 18:00,1.626
7/15/2022 19:00,1.638
7/15/2022 20:00,1.657
7/15/2022 21:00,1.673
7/15/2022 22:00,1.699
7/15/2022 23:00,1.904
7/16/2022 0:00,2.226
7/16/2022 1:00,2.356
7/16/2022 2:00,2.383
7/16/2022 3:00,2.396
7/16/2022 4:00,2.437
7/16/2022 5:00,2.464
7/16/2022 6:00,2.468
7/16/2022 7:00,2.466
7/16/2022 8:00,2.382
7/16/2022 9:00,2.105
7/16/2022 10:00,1.732
7/16/2022 11:00,1.665
7/16/2022 12:00,1.716
7/16/2022 13:00,1.775
7/16/2022 14:00,1.789
7/16/2022 15:00,1.738
7/16/2022 16:00,1.67
7/16/2022 17:00,1.624
7/16/2022 18:00,1.607
7/16/2022 19:00,1.592
7/16/2022 20:00,1.586
7/16/2022 21:00,1.587
7/16/2022 22:00,1.544
7/16/2022 23:00,1.626
7/17/2022 0:00,1.92
7/17/2022 1:00,2.099
7/17/2022 2:00,2.138
7/17/2022 3:00,2.05
7/17/2022 4:00,1.908
7/17/2022 5:00,1.801
7/17/2022 6:00,1.761
7/17/2022 7:00,1.737
7/17/2022 8:00,1.657
7/17/2022 9:00,1.506
7/17/2022 10:00,1.295
7/17/2022 11:00,1.293
7/17/2022 12:00,1.328
7/17/2022 13:00,1.337
7/17/2022 14:00,1.338
7/17/2022 15:00,1.35
7/17/2022 16:00,1.372
7/17/2022 17:00,1.396
7/17/2022 18:00,1.426
7/17/2022 19:00,1.445
7/17/2022 20:00,1.456
7/17/2022 21:00,1.446
7/17/2022 22:00,1.445
7/17/2022 23:00,1.64
7/18/2022 0:00,2.038
7/18/2022 1:00,2.134
7/18/2022 2:00,2.06
7/18/2022 3:00,2.02
7/18/2022 4:00,2.007
7/18/2022 5:00,2.013
7/18/2022 6:00,2.041
7/18/2022 7:00,2.076
7/18/2022 8:00,2.074
7/18/2022 9:00,1.911
7/18/2022 10:00,1.619
7/18/2022 11:00,1.539
7/18/2022 12:00,1.537
7/18/2022 13:00,1.52
7/18/2022 14:00,1.514
7/18/2022 15:00,1.496
7/18/2022 16:00,1.468
7/18/2022 17:00,1.435
7/18/2022 18:00,1.432
7/18/2022 19:00,1.456
7/18/2022 20:00,1.483
7/18/2022 21:00,1.499
7/18/2022 22:00,1.523
7/18/2022 23:00,1.806
7/19/2022 0:00,2.262
7/19/2022 1:00,2.342
7/19/2022 2:00,2.274
7/19/2022 3:00,2.157
7/19/2022 4:00,2.045
7/19/2022 5:00,1.975
7/19/2022 6:00,1.94
7/19/2022 7:00,1.923
7/19/2022 8:00,1.897
7/19/2022 9:00,1.768
7/19/2022 10:00,1.562
7/19/2022 11:00,1.557
7/19/2022 12:00,1.616
7/19/2022 13:00,1.638
7/19/2022 14:00,1.644
7/19/2022 15:00,1.648
7/19/2022 16:00,1.644
7/19/2022 17:00,1.63
7/19/2022 18:00,1.612
7/19/2022 19:00,1.578
7/19/2022 20:00,1.539
7/19/2022 21:00,1.505
7/19/2022 22:00,1.493
7/19/2022 23:00,1.689
7/20/2022 0:00,2.07
7/20/2022 1:00,2.129
7/20/2022 2:00,2.039
7/20/2022 3:00,1.941
7/20/2022 4:00,1.862
7/20/2022 5:00,1.814
7/20/2022 6:00,1.796
7/20/2022 7:00,1.793
7/20/2022 8:00,1.751
7/20/2022 9:00,1.597
7/20/2022 10:00,1.35
7/20/2022 11:00,1.297
7/20/2022 12:00,1.322
7/20/2022 13:00,1.365
7/20/2022 14:00,1.434
7/20/2022 15:00,1.489
7/20/2022 16:00,1.529
7/20/2022 17:00,1.579
7/20/2022 18:00,1.635
7/20/2022 19:00,1.695
7/20/2022 20:00,1.742
7/20/2022 21:00,1.751
7/20/2022 22:00,1.768
7/20/2022 23:00,2.072
7/21/2022 0:00,2.522
7/21/2022 1:00,2.609
7/21/2022 2:00,2.528
7/21/2022 3:00,2.417
7/21/2022 4:00,2.321
7/21/2022 5:00,2.254
7/21/2022 6:00,2.212
7/21/2022 7:00,2.197
7/21/2022 8:00,2.182
7/21/2022 9:00,2.062
7/21/2022 10:00,1.765
7/21/2022 11:00,1.697
7/21/2022 12:00,1.729
7/21/2022 13:00,1.77
7/21/2022 14:00,1.802
7/21/2022 15:00,1.829
7/21/2022 16:00,1.856
7/21/2022 17:00,1.873
7/21/2022 18:00,1.888
7/21/2022 19:00,1.914
7/21/2022 20:00,1.955
7/21/2022 21:00,1.921
7/21/2022 22:00,1.877
7/21/2022 23:00,2.128
7/22/2022 0:00,2.538
7/22/2022 1:00,2.588
7/22/2022 2:00,2.486
7/22/2022 3:00,2.421
7/22/2022 4:00,2.373
7/22/2022 5:00,2.334
7/22/2022 6:00,2.307
7/22/2022 7:00,2.28
7/22/2022 8:00,2.199
7/22/2022 9:00,1.994
7/22/2022 10:00,1.649
7/22/2022 11:00,1.561
7/22/2022 12:00,1.578
7/22/2022 13:00,1.586
7/22/2022 14:00,1.564
7/22/2022 15:00,1.517
7/22/2022 16:00,1.481
7/22/2022 17:00,1.469
7/22/2022 18:00,1.471
7/22/2022 19:00,1.472
7/22/2022 20:00,1.464
7/22/2022 21:00,1.456
7/22/2022 22:00,1.461
7/22/2022 23:00,1.715
7/23/2022 0:00,2.063
7/23/2022 1:00,2.044
7/23/2022 2:00,1.945
7/23/2022 3:00,1.869
7/23/2022 4:00,1.834
7/23/2022 5:00,1.843
7/23/2022 6:00,1.903
7/23/2022 7:00,2.003
7/23/2022 8:00,2.059
7/23/2022 9:00,1.958
7/23/2022 10:00,1.748
7/23/2022 11:00,1.69
7/23/2022 12:00,1.688
7/23/2022 13:00,1.651
7/23/2022 14:00,1.606
7/23/2022 15:00,1.58
7/23/2022 16:00,1.562
7/23/2022 17:00,1.568
7/23/2022 18:00,1.591
7/23/2022 19:00,1.642
7/23/2022 20:00,1.706
7/23/2022 21:00,1.721
7/23/2022 22:00,1.707
7/23/2022 23:00,1.943
7/24/2022 0:00,2.351
7/24/2022 1:00,2.496
7/24/2022 2:00,2.445
7/24/2022 3:00,2.355
7/24/2022 4:00,2.29
7/24/2022 5:00,2.258
7/24/2022 6:00,2.262
7/24/2022 7:00,2.282
7/24/2022 8:00,2.256
7/24/2022 9:00,2.074
7/24/2022 10:00,1.789
7/24/2022 11:00,1.759
7/24/2022 12:00,1.812
7/24/2022 13:00,1.835
7/24/2022 14:00,1.843
7/24/2022 15:00,1.86
7/24/2022 16:00,1.894
7/24/2022 17:00,1.929
7/24/2022 18:00,1.983
7/24/2022 19:00,2.03
7/24/2022 20:00,2.036
7/24/2022 21:00,1.943
7/24/2022 22:00,1.885
7/24/2022 23:00,2.16
7/25/2022 0:00,2.626
7/25/2022 1:00,2.759
7/25/2022 2:00,2.644
7/25/2022 3:00,2.517
7/25/2022 4:00,2.398
7/25/2022 5:00,2.322
7/25/2022 6:00,2.238
7/25/2022 7:00,2.162
7/25/2022 8:00,2.08
7/25/2022 9:00,1.89
7/25/2022 10:00,1.602
7/25/2022 11:00,1.559
7/25/2022 12:00,1.585
7/25/2022 13:00,1.595
7/25/2022 14:00,1.605
7/25/2022 15:00,1.612
7/25/2022 16:00,1.616
7/25/2022 17:00,1.646
7/25/2022 18:00,1.681
7/25/2022 19:00,1.705
7/25/2022 20:00,1.699
7/25/2022 21:00,1.66
7/25/2022 22:00,1.647
7/25/2022 23:00,1.895
7/26/2022 0:00,2.344
7/26/2022 1:00,2.448
7/26/2022 2:00,2.348
7/26/2022 3:00,2.217
7/26/2022 4:00,2.098
7/26/2022 5:00,2.035
7/26/2022 6:00,2.03
7/26/2022 7:00,2.059
7/26/2022 8:00,2.068
7/26/2022 9:00,1.907
7/26/2022 10:00,1.603
7/26/2022 11:00,1.524
7/26/2022 12:00,1.524
7/26/2022 13:00,1.508
7/26/2022 14:00,1.472
7/26/2022 15:00,1.43
7/26/2022 16:00,1.4
7/26/2022 17:00,1.401
7/26/2022 18:00,1.426
7/26/2022 19:00,1.469
7/26/2022 20:00,1.527
7/26/2022 21:00,1.57
7/26/2022 22:00,1.612
7/26/2022 23:00,1.909
7/27/2022 0:00,2.328
7/27/2022 1:00,2.402
7/27/2022 2:00,2.324
7/27/2022 3:00,2.211
7/27/2022 4:00,2.121
7/27/2022 5:00,2.065
7/27/2022 6:00,2.034
7/27/2022 7:00,2.016
7/27/2022 8:00,1.959
7/27/2022 9:00,1.788
7/27/2022 10:00,1.529
7/27/2022 11:00,1.489
7/27/2022 12:00,1.529
7/27/2022 13:00,1.556
7/27/2022 14:00,1.568
7/27/2022 15:00,1.547
7/27/2022 16:00,1.525
7/27/2022 17:00,1.519
7/27/2022 18:00,1.527
7/27/2022 19:00,1.544
7/27/2022 20:00,1.56
7/27/2022 21:00,1.575
7/27/2022 22:00,1.614
7/27/2022 23:00,1.895
7/28/2022 0:00,2.369
7/28/2022 1:00,2.526
7/28/2022 2:00,2.537
7/28/2022 3:00,2.484
7/28/2022 4:00,2.411
7/28/2022 5:00,2.354
7/28/2022 6:00,2.302
7/28/2022 7:00,2.239
7/28/2022 8:00,2.115
7/28/2022 9:00,1.907
7/28/2022 10:00,1.604
7/28/2022 11:00,1.547
7/28/2022 12:00,1.579
7/28/2022 13:00,1.59
7/28/2022 14:00,1.583
7/28/2022 15:00,1.551
7/28/2022 16:00,1.509
7/28/2022 17:00,1.479
7/28/2022 18:00,1.465
7/28/2022 19:00,1.469
7/28/2022 20:00,1.492
7/28/2022 21:00,1.519
7/28/2022 22:00,1.56
7/28/2022 23:00,1.826
7/29/2022 0:00,2.214
7/29/2022 1:00,2.245
7/29/2022 2:00,2.226
7/29/2022 3:00,2.199
7/29/2022 4:00,2.157
7/29/2022 5:00,2.115
7/29/2022 6:00,2.072
7/29/2022 7:00,2.019
7/29/2022 8:00,1.945
7/29/2022 9:00,1.789
7/29/2022 10:00,1.556
7/29/2022 11:00,1.513
7/29/2022 12:00,1.544
7/29/2022 13:00,1.55
7/29/2022 14:00,1.539
7/29/2022 15:00,1.497
7/29/2022 16:00,1.452
7/29/2022 17:00,1.433
7/29/2022 18:00,1.433
7/29/2022 19:00,1.444
7/29/2022 20:00,1.467
7/29/2022 21:00,1.481
7/29/2022 22:00,1.495
7/29/2022 23:00,1.715
7/30/2022 0:00,2.054
7/30/2022 1:00,2.1
7/30/2022 2:00,1.998
7/30/2022 3:00,1.912
7/30/2022 4:00,1.853
7/30/2022 5:00,1.809
7/30/2022 6:00,1.797
7/30/2022 7:00,1.803
7/30/2022 8:00,1.785
7/30/2022 9:00,1.627
7/30/2022 10:00,1.389
7/30/2022 11:00,1.31
7/30/2022 12:00,1.298
7/30/2022 13:00,1.267
7/30/2022 14:00,1.254
7/30/2022 15:00,1.291
7/30/2022 16:00,1.329
7/30/2022 17:00,1.382
7/30/2022 18:00,1.424
7/30/2022 19:00,1.446
7/30/2022 20:00,1.457
7/30/2022 21:00,1.453
7/30/2022 22:00,1.461
7/30/2022 23:00,1.689
7/31/2022 0:00,2.04
7/31/2022 1:00,2.042
7/31/2022 2:00,1.981
7/31/2022 3:00,1.97
7/31/2022 4:00,1.983
7/31/2022 5:00,2.023
7/31/2022 6:00,2.052
7/31/2022 7:00,2.043
7/31/2022 8:00,1.953
7/31/2022 9:00,1.757
7/31/2022 10:00,1.493
7/31/2022 11:00,1.43
7/31/2022 12:00,1.453
7/31/2022 13:00,1.463
7/31/2022 14:00,1.448
7/31/2022 15:00,1.402
7/31/2022 16:00,1.343
7/31/2022 17:00,1.281
7/31/2022 18:00,1.252
7/31/2022 19:00,1.248
7/31/2022 20:00,1.252
7/31/2022 21:00,1.253
7/31/2022 22:00,1.272
7/31/2022 23:00,1.428
8/1/2022 0:00,1.725
8/1/2022 1:00,1.758
8/1/2022 2:00,1.771
8/1/2022 3:00,1.792
8/1/2022 4:00,1.782
8/1/2022 5:00,1.775
8/1/2022 6:00,1.772
8/1/2022 7:00,1.771
8/1/2022 8:00,1.746
8/1/2022 9:00,1.576
8/1/2022 10:00,1.33
8/1/2022 11:00,1.256
8/1/2022 12:00,1.244
8/1/2022 13:00,1.257
8/1/2022 14:00,1.255
8/1/2022 15:00,1.251
8/1/2022 16:00,1.256
8/1/2022 17:00,1.274
8/1/2022 18:00,1.31
8/1/2022 19:00,1.347
8/1/2022 20:00,1.371
8/1/2022 21:00,1.377
8/1/2022 22:00,1.401
8/1/2022 23:00,1.607
8/2/2022 0:00,1.944
8/2/2022 1:00,1.998
8/2/2022 2:00,2.004
8/2/2022 3:00,2.011
8/2/2022 4:00,1.994
8/2/2022 5:00,1.965
8/2/2022 6:00,1.918
8/2/2022 7:00,1.859
8/2/2022 8:00,1.746
8/2/2022 9:00,1.565
8/2/2022 10:00,1.329
8/2/2022 11:00,1.283
8/2/2022 12:00,1.285
8/2/2022 13:00,1.248
8/2/2022 14:00,1.195
8/2/2022 15:00,1.15
8/2/2022 16:00,1.123
8/2/2022 17:00,1.109
8/2/2022 18:00,1.107
8/2/2022 19:00,1.111
8/2/2022 20:00,1.126
8/2/2022 21:00,1.147
8/2/2022 22:00,1.2
8/2/2022 23:00,1.41
8/3/2022 0:00,1.737
8/3/2022 1:00,1.865
8/3/2022 2:00,1.906
8/3/2022 3:00,1.864
8/3/2022 4:00,1.788
8/3/2022 5:00,1.731
8/3/2022 6:00,1.704
8/3/2022 7:00,1.686
8/3/2022 8:00,1.654
8/3/2022 9:00,1.543
8/3/2022 10:00,1.345
8/3/2022 11:00,1.313
8/3/2022 12:00,1.34
8/3/2022 13:00,1.364
8/3/2022 14:00,1.385
8/3/2022 15:00,1.389
8/3/2022 16:00,1.419
8/3/2022 17:00,1.461
8/3/2022 18:00,1.512
8/3/2022 19:00,1.569
8/3/2022 20:00,1.617
8/3/2022 21:00,1.637
8/3/2022 22:00,1.62
8/3/2022 23:00,1.885
8/4/2022 0:00,2.226
8/4/2022 1:00,2.304
8/4/2022 2:00,2.274
8/4/2022 3:00,2.232
8/4/2022 4:00,2.223
8/4/2022 5:00,2.244
8/4/2022 6:00,2.271
8/4/2022 7:00,2.264
8/4/2022 8:00,2.18
8/4/2022 9:00,1.935
8/4/2022 10:00,1.546
8/4/2022 11:00,1.447
8/4/2022 12:00,1.492
8/4/2022 13:00,1.524
8/4/2022 14:00,1.539
8/4/2022 15:00,1.566
8/4/2022 16:00,1.575
8/4/2022 17:00,1.554
8/4/2022 18:00,1.537
8/4/2022 19:00,1.534
8/4/2022 20:00,1.543
8/4/2022 21:00,1.509
8/4/2022 22:00,1.469
8/4/2022 23:00,1.659
8/5/2022 0:00,1.96
8/5/2022 1:00,1.875
8/5/2022 2:00,1.664
8/5/2022 3:00,1.522
8/5/2022 4:00,1.475
8/5/2022 5:00,1.465
8/5/2022 6:00,1.481
8/5/2022 7:00,1.509
8/5/2022 8:00,1.518
8/5/2022 9:00,1.411
8/5/2022 10:00,1.23
8/5/2022 11:00,1.198
8/5/2022 12:00,1.193
8/5/2022 13:00,1.169
8/5/2022 14:00,1.138
8/5/2022 15:00,1.114
8/5/2022 16:00,1.125
8/5/2022 17:00,1.161
8/5/2022 18:00,1.22
8/5/2022 19:00,1.283
8/5/2022 20:00,1.336
8/5/2022 21:00,1.35
8/5/2022 22:00,1.351
8/5/2022 23:00,1.518
8/6/2022 0:00,1.822
8/6/2022 1:00,1.763
8/6/2022 2:00,1.631
8/6/2022 3:00,1.596
8/6/2022 4:00,1.585
8/6/2022 5:00,1.575
8/6/2022 6:00,1.588
8/6/2022 7:00,1.626
8/6/2022 8:00,1.629
8/6/2022 9:00,1.531
8/6/2022 10:00,1.34
8/6/2022 11:00,1.341
8/6/2022 12:00,1.368
8/6/2022 13:00,1.362
8/6/2022 14:00,1.355
8/6/2022 15:00,1.355
8/6/2022 16:00,1.367
8/6/2022 17:00,1.39
8/6/2022 18:00,1.433
8/6/2022 19:00,1.48
8/6/2022 20:00,1.529
8/6/2022 21:00,1.521
8/6/2022 22:00,1.499
8/6/2022 23:00,1.77
8/7/2022 0:00,2.217
8/7/2022 1:00,2.376
8/7/2022 2:00,2.334
8/7/2022 3:00,2.288
8/7/2022 4:00,2.237
8/7/2022 5:00,2.186
8/7/2022 6:00,2.158
8/7/2022 7:00,2.143
8/7/2022 8:00,2.064
8/7/2022 9:00,1.857
8/7/2022 10:00,1.525
8/7/2022 11:00,1.435
8/7/2022 12:00,1.435
8/7/2022 13:00,1.43
8/7/2022 14:00,1.425
8/7/2022 15:00,1.425
8/7/2022 16:00,1.438
8/7/2022 17:00,1.463
8/7/2022 18:00,1.487
8/7/2022 19:00,1.511
8/7/2022 20:00,1.535
8/7/2022 21:00,1.545
8/7/2022 22:00,1.569
8/7/2022 23:00,1.931
8/8/2022 0:00,2.385
8/8/2022 1:00,2.502
8/8/2022 2:00,2.472
8/8/2022 3:00,2.396
8/8/2022 4:00,2.302
8/8/2022 5:00,2.213
8/8/2022 6:00,2.157
8/8/2022 7:00,2.146
8/8/2022 8:00,2.125
8/8/2022 9:00,1.98
8/8/2022 10:00,1.7
8/8/2022 11:00,1.644
8/8/2022 12:00,1.664
8/8/2022 13:00,1.653
8/8/2022 14:00,1.624
8/8/2022 15:00,1.586
8/8/2022 16:00,1.549
8/8/2022 17:00,1.528
8/8/2022 18:00,1.524
8/8/2022 19:00,1.53
8/8/2022 20:00,1.519
8/8/2022 21:00,1.477
8/8/2022 22:00,1.456
8/8/2022 23:00,1.755
8/9/2022 0:00,2.125
8/9/2022 1:00,2.195
8/9/2022 2:00,2.134
8/9/2022 3:00,2.084
8/9/2022 4:00,2.034
8/9/2022 5:00,2.002
8/9/2022 6:00,1.997
8/9/2022 7:00,2.007
8/9/2022 8:00,1.984
8/9/2022 9:00,1.849
8/9/2022 10:00,1.646
8/9/2022 11:00,1.655
8/9/2022 12:00,1.729
8/9/2022 13:00,1.761
8/9/2022 14:00,1.765
8/9/2022 15:00,1.759
8/9/2022 16:00,1.75
8/9/2022 17:00,1.75
8/9/2022 18:00,1.752
8/9/2022 19:00,1.74
8/9/2022 20:00,1.718
8/9/2022 21:00,1.661
8/9/2022 22:00,1.603
8/9/2022 23:00,1.895
8/10/2022 0:00,2.299
8/10/2022 1:00,2.425
8/10/2022 2:00,2.365
8/10/2022 3:00,2.299
8/10/2022 4:00,2.224
8/10/2022 5:00,2.167
8/10/2022 6:00,2.131
8/10/2022 7:00,2.093
8/10/2022 8:00,2.023
8/10/2022 9:00,1.834
8/10/2022 10:00,1.552
8/10/2022 11:00,1.475
8/10/2022 12:00,1.488
8/10/2022 13:00,1.488
8/10/2022 14:00,1.472
8/10/2022 15:00,1.44
8/10/2022 16:00,1.399
8/10/2022 17:00,1.373
8/10/2022 18:00,1.363
8/10/2022 19:00,1.367
8/10/2022 20:00,1.382
8/10/2022 21:00,1.394
8/10/2022 22:00,1.421
8/10/2022 23:00,1.634
8/11/2022 0:00,1.983
8/11/2022 1:00,2.132
8/11/2022 2:00,2.103
8/11/2022 3:00,2.019
8/11/2022 4:00,1.947
8/11/2022 5:00,1.922
8/11/2022 6:00,1.917
8/11/2022 7:00,1.918
8/11/2022 8:00,1.879
8/11/2022 9:00,1.697
8/11/2022 10:00,1.429
8/11/2022 11:00,1.35
8/11/2022 12:00,1.365
8/11/2022 13:00,1.391
8/11/2022 14:00,1.419
8/11/2022 15:00,1.444
8/11/2022 16:00,1.45
8/11/2022 17:00,1.434
8/11/2022 18:00,1.42
8/11/2022 19:00,1.404
8/11/2022 20:00,1.381
8/11/2022 21:00,1.336
8/11/2022 22:00,1.304
8/11/2022 23:00,1.468
8/12/2022 0:00,1.714
8/12/2022 1:00,1.745
8/12/2022 2:00,1.629
8/12/2022 3:00,1.572
8/12/2022 4:00,1.584
8/12/2022 5:00,1.613
8/12/2022 6:00,1.645
8/12/2022 7:00,1.682
8/12/2022 8:00,1.675
8/12/2022 9:00,1.516
8/12/2022 10:00,1.274
8/12/2022 11:00,1.222
8/12/2022 12:00,1.251
8/12/2022 13:00,1.253
8/12/2022 14:00,1.24
8/12/2022 15:00,1.215
8/12/2022 16:00,1.188
8/12/2022 17:00,1.2
8/12/2022 18:00,1.179
8/12/2022 19:00,1.157
8/12/2022 20:00,1.172
8/12/2022 21:00,1.191
8/12/2022 22:00,1.233
8/12/2022 23:00,1.426
8/13/2022 0:00,1.7
8/13/2022 1:00,1.754
8/13/2022 2:00,1.696
8/13/2022 3:00,1.613
8/13/2022 4:00,1.544
8/13/2022 5:00,1.521
8/13/2022 6:00,1.541
8/13/2022 7:00,1.582
8/13/2022 8:00,1.592
8/13/2022 9:00,1.482
8/13/2022 10:00,1.302
8/13/2022 11:00,1.229
8/13/2022 12:00,1.216
8/13/2022 13:00,1.18
8/13/2022 14:00,1.131
8/13/2022 15:00,1.074
8/13/2022 16:00,1.034
8/13/2022 17:00,1.023
8/13/2022 18:00,1.031
8/13/2022 19:00,1.012
8/13/2022 20:00,1.008
8/13/2022 21:00,1.045
8/13/2022 22:00,1.093
8/13/2022 23:00,1.21
8/14/2022 0:00,1.466
8/14/2022 1:00,1.573
8/14/2022 2:00,1.613
8/14/2022 3:00,1.645
8/14/2022 4:00,1.675
8/14/2022 5:00,1.717
8/14/2022 6:00,1.779
8/14/2022 7:00,1.812
8/14/2022 8:00,1.766
8/14/2022 9:00,1.616
8/14/2022 10:00,1.319
8/14/2022 11:00,1.221
8/14/2022 12:00,1.187
8/14/2022 13:00,1.145
8/14/2022 14:00,1.096
8/14/2022 15:00,1.06
8/14/2022 16:00,1.045
8/14/2022 17:00,1.058
8/14/2022 18:00,1.09
8/14/2022 19:00,1.149
8/14/2022 20:00,1.2
8/14/2022 21:00,1.216
8/14/2022 22:00,1.231
8/14/2022 23:00,1.35
8/15/2022 0:00,1.621
8/15/2022 1:00,1.71
8/15/2022 2:00,1.714
8/15/2022 3:00,1.679
8/15/2022 4:00,1.617
8/15/2022 5:00,1.554
8/15/2022 6:00,1.508
8/15/2022 7:00,1.48
8/15/2022 8:00,1.442
8/15/2022 9:00,1.339
8/15/2022 10:00,1.147
8/15/2022 11:00,1.111
8/15/2022 12:00,1.147
8/15/2022 13:00,1.164
8/15/2022 14:00,1.164
8/15/2022 15:00,1.144
8/15/2022 16:00,1.139
8/15/2022 17:00,1.161
8/15/2022 18:00,1.199
8/15/2022 19:00,1.249
8/15/2022 20:00,1.273
8/15/2022 21:00,1.244
8/15/2022 22:00,1.222
8/15/2022 23:00,1.339
8/16/2022 0:00,1.607
8/16/2022 1:00,1.692
8/16/2022 2:00,1.711
8/16/2022 3:00,1.712
8/16/2022 4:00,1.676
8/16/2022 5:00,1.644
8/16/2022 6:00,1.673
8/16/2022 7:00,1.707
8/16/2022 8:00,1.694
8/16/2022 9:00,1.584
8/16/2022 10:00,1.388
8/16/2022 11:00,1.371
8/16/2022 12:00,1.43
8/16/2022 13:00,1.477
8/16/2022 14:00,1.516
8/16/2022 15:00,1.547
8/16/2022 16:00,1.589
8/16/2022 17:00,1.636
8/16/2022 18:00,1.682
8/16/2022 19:00,1.752
8/16/2022 20:00,1.794
8/16/2022 21:00,1.795
8/16/2022 22:00,1.759
8/16/2022 23:00,1.973
8/17/2022 0:00,2.38
8/17/2022 1:00,2.57
8/17/2022 2:00,2.585
8/17/2022 3:00,2.518
8/17/2022 4:00,2.432
8/17/2022 5:00,2.376
8/17/2022 6:00,2.364
8/17/2022 7:00,2.369
8/17/2022 8:00,2.345
8/17/2022 9:00,2.226
8/17/2022 10:00,1.975
8/17/2022 11:00,1.954
8/17/2022 12:00,2.008
8/17/2022 13:00,2.019
8/17/2022 14:00,2.002
8/17/2022 15:00,2.006
8/17/2022 16:00,1.974
8/17/2022 17:00,1.963
8/17/2022 18:00,1.962
8/17/2022 19:00,1.961
8/17/2022 20:00,1.949
8/17/2022 21:00,1.919
8/17/2022 22:00,1.894
8/17/2022 23:00,2.198
8/18/2022 0:00,2.716
8/18/2022 1:00,2.953
8/18/2022 2:00,2.966
8/18/2022 3:00,2.926
8/18/2022 4:00,2.871
8/18/2022 5:00,2.849
8/18/2022 6:00,2.881
8/18/2022 7:00,2.903
8/18/2022 8:00,2.841
8/18/2022 9:00,2.611
8/18/2022 10:00,2.22
8/18/2022 11:00,2.108
8/18/2022 12:00,2.131
8/18/2022 13:00,2.13
8/18/2022 14:00,2.095
8/18/2022 15:00,2.048
8/18/2022 16:00,2.021
8/18/2022 17:00,2.012
8/18/2022 18:00,2.014
8/18/2022 19:00,2.015
8/18/2022 20:00,2.033
8/18/2022 21:00,1.973
8/18/2022 22:00,1.929
8/18/2022 23:00,2.328
8/19/2022 0:00,2.823
8/19/2022 1:00,2.994
8/19/2022 2:00,3.019
8/19/2022 3:00,3.021
8/19/2022 4:00,2.992
8/19/2022 5:00,2.952
8/19/2022 6:00,2.914
8/19/2022 7:00,2.873
8/19/2022 8:00,2.788
8/19/2022 9:00,2.554
8/19/2022 10:00,2.149
8/19/2022 11:00,2.086
8/19/2022 12:00,2.16
8/19/2022 13:00,2.205
8/19/2022 14:00,2.213
8/19/2022 15:00,2.225
8/19/2022 16:00,2.207
8/19/2022 17:00,2.2
8/19/2022 18:00,2.205
8/19/2022 19:00,2.221
8/19/2022 20:00,2.26
8/19/2022 21:00,2.224
8/19/2022 22:00,2.204
8/19/2022 23:00,2.536
8/20/2022 0:00,3.033
8/20/2022 1:00,3.17
8/20/2022 2:00,3.07
8/20/2022 3:00,2.964
8/20/2022 4:00,2.863
8/20/2022 5:00,2.752
8/20/2022 6:00,2.631
8/20/2022 7:00,2.518
8/20/2022 8:00,2.382
8/20/2022 9:00,2.185
8/20/2022 10:00,1.912
8/20/2022 11:00,1.887
8/20/2022 12:00,1.902
8/20/2022 13:00,1.893
8/20/2022 14:00,1.891
8/20/2022 15:00,1.896
8/20/2022 16:00,1.886
8/20/2022 17:00,1.879
8/20/2022 18:00,1.882
8/20/2022 19:00,1.887
8/20/2022 20:00,1.903
8/20/2022 21:00,1.865
8/20/2022 22:00,1.81
8/20/2022 23:00,2.111
8/21/2022 0:00,2.525
8/21/2022 1:00,2.606
8/21/2022 2:00,2.475
8/21/2022 3:00,2.302
8/21/2022 4:00,2.141
8/21/2022 5:00,2.01
8/21/2022 6:00,1.954
8/21/2022 7:00,1.984
8/21/2022 8:00,2.008
8/21/2022 9:00,1.921
8/21/2022 10:00,1.714
8/21/2022 11:00,1.674
8/21/2022 12:00,1.708
8/21/2022 13:00,1.718
8/21/2022 14:00,1.719
8/21/2022 15:00,1.682
8/21/2022 16:00,1.628
8/21/2022 17:00,1.606
8/21/2022 18:00,1.602
8/21/2022 19:00,1.623
8/21/2022 20:00,1.673
8/21/2022 21:00,1.712
8/21/2022 22:00,1.77
8/21/2022 23:00,2.168
8/22/2022 0:00,2.585
8/22/2022 1:00,2.717
8/22/2022 2:00,2.685
8/22/2022 3:00,2.615
8/22/2022 4:00,2.557
8/22/2022 5:00,2.539
8/22/2022 6:00,2.547
8/22/2022 7:00,2.547
8/22/2022 8:00,2.49
8/22/2022 9:00,2.278
8/22/2022 10:00,1.92
8/22/2022 11:00,1.82
8/22/2022 12:00,1.832
8/22/2022 13:00,1.805
8/22/2022 14:00,1.77
8/22/2022 15:00,1.733
8/22/2022 16:00,1.699
8/22/2022 17:00,1.676
8/22/2022 18:00,1.659
8/22/2022 19:00,1.648
8/22/2022 20:00,1.626
8/22/2022 21:00,1.619
8/22/2022 22:00,1.662
8/22/2022 23:00,2.063
8/23/2022 0:00,2.506
8/23/2022 1:00,2.598
8/23/2022 2:00,2.59
8/23/2022 3:00,2.554
8/23/2022 4:00,2.507
8/23/2022 5:00,2.485
8/23/2022 6:00,2.481
8/23/2022 7:00,2.476
8/23/2022 8:00,2.426
8/23/2022 9:00,2.281
8/23/2022 10:00,1.994
8/23/2022 11:00,1.916
8/23/2022 12:00,1.918
8/23/2022 13:00,1.897
8/23/2022 14:00,1.87
8/23/2022 15:00,1.848
8/23/2022 16:00,1.832
8/23/2022 17:00,1.843
8/23/2022 18:00,1.885
8/23/2022 19:00,1.943
8/23/2022 20:00,1.999
8/23/2022 21:00,1.951
8/23/2022 22:00,1.896
8/23/2022 23:00,2.238
8/24/2022 0:00,2.671
8/24/2022 1:00,2.69
8/24/2022 2:00,2.512
8/24/2022 3:00,2.389
8/24/2022 4:00,2.329
8/24/2022 5:00,2.317
8/24/2022 6:00,2.342
8/24/2022 7:00,2.382
8/24/2022 8:00,2.393
8/24/2022 9:00,2.295
8/24/2022 10:00,2.022
8/24/2022 11:00,2.002
8/24/2022 12:00,2.056
8/24/2022 13:00,2.072
8/24/2022 14:00,2.066
8/24/2022 15:00,2.028
8/24/2022 16:00,1.982
8/24/2022 17:00,1.973
8/24/2022 18:00,1.987
8/24/2022 19:00,2.011
8/24/2022 20:00,2.016
8/24/2022 21:00,2.005
8/24/2022 22:00,2.032
8/24/2022 23:00,2.511
8/25/2022 0:00,2.996
8/25/2022 1:00,3.086
8/25/2022 2:00,2.965
8/25/2022 3:00,2.789
8/25/2022 4:00,2.6
8/25/2022 5:00,2.447
8/25/2022 6:00,2.343
8/25/2022 7:00,2.277
8/25/2022 8:00,2.219
8/25/2022 9:00,2.084
8/25/2022 10:00,1.836
8/25/2022 11:00,1.799
8/25/2022 12:00,1.85
8/25/2022 13:00,1.85
8/25/2022 14:00,1.834
8/25/2022 15:00,1.803
8/25/2022 16:00,1.738
8/25/2022 17:00,1.696
8/25/2022 18:00,1.667
8/25/2022 19:00,1.648
8/25/2022 20:00,1.624
8/25/2022 21:00,1.608
8/25/2022 22:00,1.631
8/25/2022 23:00,2.008
8/26/2022 0:00,2.332
8/26/2022 1:00,2.322
8/26/2022 2:00,2.328
8/26/2022 3:00,2.29
8/26/2022 4:00,2.202
8/26/2022 5:00,2.132
8/26/2022 6:00,2.124
8/26/2022 7:00,2.132
8/26/2022 8:00,2.105
8/26/2022 9:00,1.976
8/26/2022 10:00,1.712
8/26/2022 11:00,1.622
8/26/2022 12:00,1.636
8/26/2022 13:00,1.638
8/26/2022 14:00,1.63
8/26/2022 15:00,1.612
8/26/2022 16:00,1.602
8/26/2022 17:00,1.617
8/26/2022 18:00,1.645
8/26/2022 19:00,1.683
8/26/2022 20:00,1.718
8/26/2022 21:00,1.7
8/26/2022 22:00,1.687
8/26/2022 23:00,2.025
8/27/2022 0:00,2.347
8/27/2022 1:00,2.405
8/27/2022 2:00,2.342
8/27/2022 3:00,2.259
8/27/2022 4:00,2.181
8/27/2022 5:00,2.15
8/27/2022 6:00,2.163
8/27/2022 7:00,2.199
8/27/2022 8:00,2.196
8/27/2022 9:00,2.076
8/27/2022 10:00,1.822
8/27/2022 11:00,1.738
8/27/2022 12:00,1.734
8/27/2022 13:00,1.723
8/27/2022 14:00,1.696
8/27/2022 15:00,1.661
8/27/2022 16:00,1.66
8/27/2022 17:00,1.673
8/27/2022 18:00,1.676
8/27/2022 19:00,1.682
8/27/2022 20:00,1.705
8/27/2022 21:00,1.674
8/27/2022 22:00,1.649
8/27/2022 23:00,1.968
8/28/2022 0:00,2.238
8/28/2022 1:00,2.205
8/28/2022 2:00,2.038
8/28/2022 3:00,1.92
8/28/2022 4:00,1.888
8/28/2022 5:00,1.915
8/28/2022 6:00,1.971
8/28/2022 7:00,2.057
8/28/2022 8:00,2.107
8/28/2022 9:00,1.999
8/28/2022 10:00,1.71
8/28/2022 11:00,1.632
8/28/2022 12:00,1.661
8/28/2022 13:00,1.68
8/28/2022 14:00,1.667
8/28/2022 15:00,1.651
8/28/2022 16:00,1.64
8/28/2022 17:00,1.613
8/28/2022 18:00,1.577
8/28/2022 19:00,1.545
8/28/2022 20:00,1.522
8/28/2022 21:00,1.498
8/28/2022 22:00,1.511
8/28/2022 23:00,1.872
8/29/2022 0:00,2.121
8/29/2022 1:00,2.083
8/29/2022 2:00,2.012
8/29/2022 3:00,1.937
8/29/2022 4:00,1.876
8/29/2022 5:00,1.877
8/29/2022 6:00,1.937
8/29/2022 7:00,2.024
8/29/2022 8:00,2.063
8/29/2022 9:00,1.997
8/29/2022 10:00,1.825
8/29/2022 11:00,1.776
8/29/2022 12:00,1.819
8/29/2022 13:00,1.837
8/29/2022 14:00,1.821
8/29/2022 15:00,1.789
8/29/2022 16:00,1.76
8/29/2022 17:00,1.739
8/29/2022 18:00,1.712
8/29/2022 19:00,1.681
8/29/2022 20:00,1.656
8/29/2022 21:00,1.585
8/29/2022 22:00,1.544
8/29/2022 23:00,1.921
8/30/2022 0:00,2.249
8/30/2022 1:00,2.204
8/30/2022 2:00,1.976
8/30/2022 3:00,1.899
8/30/2022 4:00,1.85
8/30/2022 5:00,1.809
8/30/2022 6:00,1.81
8/30/2022 7:00,1.837
8/30/2022 8:00,1.861
8/30/2022 9:00,1.801
8/30/2022 10:00,1.532
8/30/2022 11:00,1.41
8/30/2022 12:00,1.358
8/30/2022 13:00,1.297
8/30/2022 14:00,1.27
8/30/2022 15:00,1.249
8/30/2022 16:00,1.247
8/30/2022 17:00,1.257
8/30/2022 18:00,1.273
8/30/2022 19:00,1.289
8/30/2022 20:00,1.283
8/30/2022 21:00,1.249
8/30/2022 22:00,1.224
8/30/2022 23:00,1.442
8/31/2022 0:00,1.714
8/31/2022 1:00,1.801
8/31/2022 2:00,1.828
8/31/2022 3:00,1.853
8/31/2022 4:00,1.884
8/31/2022 5:00,1.928
8/31/2022 6:00,1.964
8/31/2022 7:00,1.967
8/31/2022 8:00,1.912
8/31/2022 9:00,1.76
8/31/2022 10:00,1.506
8/31/2022 11:00,1.413
8/31/2022 12:00,1.442
8/31/2022 13:00,1.455
8/31/2022 14:00,1.435
8/31/2022 15:00,1.407
8/31/2022 16:00,1.388
8/31/2022 17:00,1.38
8/31/2022 18:00,1.389
8/31/2022 19:00,1.412
8/31/2022 20:00,1.437
8/31/2022 21:00,1.455
8/31/2022 22:00,1.497
8/31/2022 23:00,1.843
9/1/2022 0:00,2.225
9/1/2022 1:00,2.425
9/1/2022 2:00,2.507
9/1/2022 3:00,2.49
9/1/2022 4:00,2.428
9/1/2022 5:00,2.381
9/1/2022 6:00,2.354
9/1/2022 7:00,2.299
9/1/2022 8:00,2.216
9/1/2022 9:00,2.049
9/1/2022 10:00,1.704
9/1/2022 11:00,1.569
9/1/2022 12:00,1.547
9/1/2022 13:00,1.511
9/1/2022 14:00,1.483
9/1/2022 15:00,1.464
9/1/2022 16:00,1.46
9/1/2022 17:00,1.459
9/1/2022 18:00,1.499
9/1/2022 19:00,1.555
9/1/2022 20:00,1.618
9/1/2022 21:00,1.611
9/1/2022 22:00,1.614
9/1/2022 23:00,1.992
9/2/2022 0:00,2.352
9/2/2022 1:00,2.397
9/2/2022 2:00,2.327
9/2/2022 3:00,2.254
9/2/2022 4:00,2.175
9/2/2022 5:00,2.116
9/2/2022 6:00,2.105
9/2/2022 7:00,2.116
9/2/2022 8:00,2.069
9/2/2022 9:00,1.911
9/2/2022 10:00,1.607
9/2/2022 11:00,1.457
9/2/2022 12:00,1.395
9/2/2022 13:00,1.332
9/2/2022 14:00,1.285
9/2/2022 15:00,1.27
9/2/2022 16:00,1.302
9/2/2022 17:00,1.39
9/2/2022 18:00,1.491
9/2/2022 19:00,1.584
9/2/2022 20:00,1.669
9/2/2022 21:00,1.649
9/2/2022 22:00,1.624
9/2/2022 23:00,1.988
9/3/2022 0:00,2.281
9/3/2022 1:00,2.218
9/3/2022 2:00,2.061
9/3/2022 3:00,1.956
9/3/2022 4:00,1.906
9/3/2022 5:00,1.899
9/3/2022 6:00,1.966
9/3/2022 7:00,2.037
9/3/2022 8:00,2.056
9/3/2022 9:00,1.98
9/3/2022 10:00,1.759
9/3/2022 11:00,1.738
9/3/2022 12:00,1.823
9/3/2022 13:00,1.835
9/3/2022 14:00,1.81
9/3/2022 15:00,1.714
9/3/2022 16:00,1.696
9/3/2022 17:00,1.736
9/3/2022 18:00,1.763
9/3/2022 19:00,1.785
9/3/2022 20:00,1.782
9/3/2022 21:00,1.8
9/3/2022 22:00,1.812
9/3/2022 23:00,2.158
9/4/2022 0:00,2.405
9/4/2022 1:00,2.309
9/4/2022 2:00,2.096
9/4/2022 3:00,1.886
9/4/2022 4:00,1.72
9/4/2022 5:00,1.626
9/4/2022 6:00,1.62
9/4/2022 7:00,1.67
9/4/2022 8:00,1.708
9/4/2022 9:00,1.664
9/4/2022 10:00,1.515
9/4/2022 11:00,1.479
9/4/2022 12:00,1.523
9/4/2022 13:00,1.524
9/4/2022 14:00,1.52
9/4/2022 15:00,1.514
9/4/2022 16:00,1.506
9/4/2022 17:00,1.488
9/4/2022 18:00,1.45
9/4/2022 19:00,1.406
9/4/2022 20:00,1.395
9/4/2022 21:00,1.356
9/4/2022 22:00,1.297
9/4/2022 23:00,1.518
9/5/2022 0:00,1.759
9/5/2022 1:00,1.679
9/5/2022 2:00,1.521
9/5/2022 3:00,1.461
9/5/2022 4:00,1.475
9/5/2022 5:00,1.529
9/5/2022 6:00,1.62
9/5/2022 7:00,1.715
9/5/2022 8:00,1.761
9/5/2022 9:00,1.656
9/5/2022 10:00,1.434
9/5/2022 11:00,1.294
9/5/2022 12:00,1.252
9/5/2022 13:00,1.215
9/5/2022 14:00,1.178
9/5/2022 15:00,1.142
9/5/2022 16:00,1.108
9/5/2022 17:00,1.082
9/5/2022 18:00,1.071
9/5/2022 19:00,1.089
9/5/2022 20:00,1.126
9/5/2022 21:00,1.16
9/5/2022 22:00,1.206
9/5/2022 23:00,1.528
9/6/2022 0:00,1.841
9/6/2022 1:00,1.937
9/6/2022 2:00,1.944
9/6/2022 3:00,1.939
9/6/2022 4:00,1.946
9/6/2022 5:00,1.969
9/6/2022 6:00,1.991
9/6/2022 7:00,2.006
9/6/2022 8:00,1.981
9/6/2022 9:00,1.841
9/6/2022 10:00,1.544
9/6/2022 11:00,1.43
9/6/2022 12:00,1.408
9/6/2022 13:00,1.374
9/6/2022 14:00,1.354
9/6/2022 15:00,1.318
9/6/2022 16:00,1.28
9/6/2022 17:00,1.252
9/6/2022 18:00,1.232
9/6/2022 19:00,1.232
9/6/2022 20:00,1.254
9/6/2022 21:00,1.282
9/6/2022 22:00,1.318
9/6/2022 23:00,1.592
9/7/2022 0:00,1.871
9/7/2022 1:00,1.951
9/7/2022 2:00,1.925
9/7/2022 3:00,1.854
9/7/2022 4:00,1.769
9/7/2022 5:00,1.743
9/7/2022 6:00,1.796
9/7/2022 7:00,1.856
9/7/2022 8:00,1.86
9/7/2022 9:00,1.732
9/7/2022 10:00,1.526
9/7/2022 11:00,1.445
9/7/2022 12:00,1.473
9/7/2022 13:00,1.481
9/7/2022 14:00,1.465
9/7/2022 15:00,1.431
9/7/2022 16:00,1.386
9/7/2022 17:00,1.367
9/7/2022 18:00,1.408
9/7/2022 19:00,1.458
9/7/2022 20:00,1.466
9/7/2022 21:00,1.432
9/7/2022 22:00,1.394
9/7/2022 23:00,1.606
9/8/2022 0:00,1.81
9/8/2022 1:00,1.82
9/8/2022 2:00,1.76
9/8/2022 3:00,1.737
9/8/2022 4:00,1.773
9/8/2022 5:00,1.769
9/8/2022 6:00,1.748
9/8/2022 7:00,1.723
9/8/2022 8:00,1.657
9/8/2022 9:00,1.47
9/8/2022 10:00,1.211
9/8/2022 11:00,1.129
9/8/2022 12:00,1.113
9/8/2022 13:00,1.091
9/8/2022 14:00,1.068
9/8/2022 15:00,1.044
9/8/2022 16:00,1.034
9/8/2022 17:00,1.054
9/8/2022 18:00,1.089
9/8/2022 19:00,1.113
9/8/2022 20:00,1.12
9/8/2022 21:00,1.092
9/8/2022 22:00,1.067
9/8/2022 23:00,1.215
9/9/2022 0:00,1.412
9/9/2022 1:00,1.508
9/9/2022 2:00,1.59
9/9/2022 3:00,1.64
9/9/2022 4:00,1.664
9/9/2022 5:00,1.7
9/9/2022 6:00,1.735
9/9/2022 7:00,1.744
9/9/2022 8:00,1.716
9/9/2022 9:00,1.584
9/9/2022 10:00,1.323
9/9/2022 11:00,1.165
9/9/2022 12:00,1.114
9/9/2022 13:00,1.065
9/9/2022 14:00,1.033
9/9/2022 15:00,1.021
9/9/2022 16:00,1.02
9/9/2022 17:00,1.024
9/9/2022 18:00,1.032
9/9/2022 19:00,1.041
9/9/2022 20:00,1.057
9/9/2022 21:00,1.049
9/9/2022 22:00,1.046
9/9/2022 23:00,1.199
9/10/2022 0:00,1.452
9/10/2022 1:00,1.579
9/10/2022 2:00,1.615
9/10/2022 3:00,1.607
9/10/2022 4:00,1.603
9/10/2022 5:00,1.646
9/10/2022 6:00,1.685
9/10/2022 7:00,1.707
9/10/2022 8:00,1.708
9/10/2022 9:00,1.593
9/10/2022 10:00,1.367
9/10/2022 11:00,1.249
9/10/2022 12:00,1.231
9/10/2022 13:00,1.216
9/10/2022 14:00,1.202
9/10/2022 15:00,1.174
9/10/2022 16:00,1.148
9/10/2022 17:00,1.128
9/10/2022 18:00,1.108
9/10/2022 19:00,1.103
9/10/2022 20:00,1.128
9/10/2022 21:00,1.141
9/10/2022 22:00,1.149
9/10/2022 23:00,1.328
9/11/2022 0:00,1.599
9/11/2022 1:00,1.697
9/11/2022 2:00,1.663
9/11/2022 3:00,1.651
9/11/2022 4:00,1.685
9/11/2022 5:00,1.74
9/11/2022 6:00,1.805
9/11/2022 7:00,1.854
9/11/2022 8:00,1.856
9/11/2022 9:00,1.76
9/11/2022 10:00,1.513
9/11/2022 11:00,1.393
9/11/2022 12:00,1.354
9/11/2022 13:00,1.316
9/11/2022 14:00,1.281
9/11/2022 15:00,1.251
9/11/2022 16:00,1.236
9/11/2022 17:00,1.231
9/11/2022 18:00,1.257
9/11/2022 19:00,1.272
9/11/2022 20:00,1.237
9/11/2022 21:00,1.174
9/11/2022 22:00,1.13
9/11/2022 23:00,1.339
9/12/2022 0:00,1.617
9/12/2022 1:00,1.741
9/12/2022 2:00,1.837
9/12/2022 3:00,1.857
9/12/2022 4:00,1.826
9/12/2022 5:00,1.811
9/12/2022 6:00,1.813
9/12/2022 7:00,1.819
9/12/2022 8:00,1.787
9/12/2022 9:00,1.669
9/12/2022 10:00,1.414
9/12/2022 11:00,1.279
9/12/2022 12:00,1.274
9/12/2022 13:00,1.269
9/12/2022 14:00,1.272
9/12/2022 15:00,1.276
9/12/2022 16:00,1.291
9/12/2022 17:00,1.32
9/12/2022 18:00,1.342
9/12/2022 19:00,1.352
9/12/2022 20:00,1.381
9/12/2022 21:00,1.388
9/12/2022 22:00,1.408
9/12/2022 23:00,1.74
9/13/2022 0:00,2.011
9/13/2022 1:00,2.066
9/13/2022 2:00,2.097
9/13/2022 3:00,2.126
9/13/2022 4:00,2.152
9/13/2022 5:00,2.193
9/13/2022 6:00,2.227
9/13/2022 7:00,2.224
9/13/2022 8:00,2.173
9/13/2022 9:00,2.021
9/13/2022 10:00,1.72
9/13/2022 11:00,1.594
9/13/2022 12:00,1.576
9/13/2022 13:00,1.554
9/13/2022 14:00,1.567
9/13/2022 15:00,1.583
9/13/2022 16:00,1.603
9/13/2022 17:00,1.624
9/13/2022 18:00,1.635
9/13/2022 19:00,1.637
9/13/2022 20:00,1.645
9/13/2022 21:00,1.643
9/13/2022 22:00,1.678
9/13/2022 23:00,2.014
9/14/2022 0:00,2.408
9/14/2022 1:00,2.504
9/14/2022 2:00,2.476
9/14/2022 3:00,2.428
9/14/2022 4:00,2.377
9/14/2022 5:00,2.351
9/14/2022 6:00,2.367
9/14/2022 7:00,2.366
9/14/2022 8:00,2.276
9/14/2022 9:00,2.102
9/14/2022 10:00,1.789
9/14/2022 11:00,1.62
9/14/2022 12:00,1.57
9/14/2022 13:00,1.56
9/14/2022 14:00,1.599
9/14/2022 15:00,1.572
9/14/2022 16:00,1.534
9/14/2022 17:00,1.538
9/14/2022 18:00,1.609
9/14/2022 19:00,1.719
9/14/2022 20:00,1.807
9/14/2022 21:00,1.803
9/14/2022 22:00,1.79
9/14/2022 23:00,2.176
9/15/2022 0:00,2.585
9/15/2022 1:00,2.719
9/15/2022 2:00,2.712
9/15/2022 3:00,2.66
9/15/2022 4:00,2.591
9/15/2022 5:00,2.506
9/15/2022 6:00,2.436
9/15/2022 7:00,2.381
9/15/2022 8:00,2.297
9/15/2022 9:00,2.128
9/15/2022 10:00,1.849
9/15/2022 11:00,1.709
9/15/2022 12:00,1.67
9/15/2022 13:00,1.622
9/15/2022 14:00,1.553
9/15/2022 15:00,1.472
9/15/2022 16:00,1.414
9/15/2022 17:00,1.382
9/15/2022 18:00,1.397
9/15/2022 19:00,1.459
9/15/2022 20:00,1.546
9/15/2022 21:00,1.597
9/15/2022 22:00,1.637
9/15/2022 23:00,1.923
9/16/2022 0:00,2.249
9/16/2022 1:00,2.356
9/16/2022 2:00,2.281
9/16/2022 3:00,2.218
9/16/2022 4:00,2.189
9/16/2022 5:00,2.186
9/16/2022 6:00,2.208
9/16/2022 7:00,2.214
9/16/2022 8:00,2.147
9/16/2022 9:00,1.963
9/16/2022 10:00,1.657
9/16/2022 11:00,1.497
9/16/2022 12:00,1.487
9/16/2022 13:00,1.466
9/16/2022 14:00,1.432
9/16/2022 15:00,1.413
9/16/2022 16:00,1.425
9/16/2022 17:00,1.455
9/16/2022 18:00,1.498
9/16/2022 19:00,1.529
9/16/2022 20:00,1.559
9/16/2022 21:00,1.522
9/16/2022 22:00,1.493
9/16/2022 23:00,1.771
9/17/2022 0:00,2.052
9/17/2022 1:00,2.156
9/17/2022 2:00,2.186
9/17/2022 3:00,2.184
9/17/2022 4:00,2.124
9/17/2022 5:00,2.063
9/17/2022 6:00,2.032
9/17/2022 7:00,2.025
9/17/2022 8:00,2.003
9/17/2022 9:00,1.892
9/17/2022 10:00,1.649
9/17/2022 11:00,1.588
9/17/2022 12:00,1.617
9/17/2022 13:00,1.616
9/17/2022 14:00,1.606
9/17/2022 15:00,1.565
9/17/2022 16:00,1.496
9/17/2022 17:00,1.446
9/17/2022 18:00,1.401
9/17/2022 19:00,1.416
9/17/2022 20:00,1.483
9/17/2022 21:00,1.482
9/17/2022 22:00,1.473
9/17/2022 23:00,1.825
9/18/2022 0:00,2.166
9/18/2022 1:00,2.278
9/18/2022 2:00,2.266
9/18/2022 3:00,2.227
9/18/2022 4:00,2.162
9/18/2022 5:00,2.116
9/18/2022 6:00,2.1
9/18/2022 7:00,2.081
9/18/2022 8:00,2.039
9/18/2022 9:00,1.893
9/18/2022 10:00,1.621
9/18/2022 11:00,1.509
9/18/2022 12:00,1.48
9/18/2022 13:00,1.448
9/18/2022 14:00,1.415
9/18/2022 15:00,1.378
9/18/2022 16:00,1.346
9/18/2022 17:00,1.331
9/18/2022 18:00,1.303
9/18/2022 19:00,1.279
9/18/2022 20:00,1.279
9/18/2022 21:00,1.28
9/18/2022 22:00,1.309
9/18/2022 23:00,1.682
9/19/2022 0:00,1.964
9/19/2022 1:00,2.031
9/19/2022 2:00,2.067
9/19/2022 3:00,2.054
9/19/2022 4:00,2.023
9/19/2022 5:00,2.023
9/19/2022 6:00,2.046
9/19/2022 7:00,2.067
9/19/2022 8:00,2.036
9/19/2022 9:00,1.885
9/19/2022 10:00,1.647
9/19/2022 11:00,1.533
9/19/2022 12:00,1.53
9/19/2022 13:00,1.525
9/19/2022 14:00,1.54
9/19/2022 15:00,1.539
9/19/2022 16:00,1.545
9/19/2022 17:00,1.59
9/19/2022 18:00,1.629
9/19/2022 19:00,1.65
9/19/2022 20:00,1.639
9/19/2022 21:00,1.581
9/19/2022 22:00,1.554
9/19/2022 23:00,1.878
9/20/2022 0:00,2.224
9/20/2022 1:00,2.293
9/20/2022 2:00,2.2
9/20/2022 3:00,2.101
9/20/2022 4:00,2.047
9/20/2022 5:00,2.014
9/20/2022 6:00,1.997
9/20/2022 7:00,1.985
9/20/2022 8:00,1.941
9/20/2022 9:00,1.836
9/20/2022 10:00,1.64
9/20/2022 11:00,1.541
9/20/2022 12:00,1.52
9/20/2022 13:00,1.463
9/20/2022 14:00,1.391
9/20/2022 15:00,1.333
9/20/2022 16:00,1.278
9/20/2022 17:00,1.251
9/20/2022 18:00,1.254
9/20/2022 19:00,1.273
9/20/2022 20:00,1.29
9/20/2022 21:00,1.282
9/20/2022 22:00,1.286
9/20/2022 23:00,1.544
9/21/2022 0:00,1.831
9/21/2022 1:00,1.901
9/21/2022 2:00,1.828
9/21/2022 3:00,1.739
9/21/2022 4:00,1.673
9/21/2022 5:00,1.618
9/21/2022 6:00,1.578
9/21/2022 7:00,1.569
9/21/2022 8:00,1.574
9/21/2022 9:00,1.493
9/21/2022 10:00,1.346
9/21/2022 11:00,1.29
9/21/2022 12:00,1.317
9/21/2022 13:00,1.336
9/21/2022 14:00,1.355
9/21/2022 15:00,1.399
9/21/2022 16:00,1.446
9/21/2022 17:00,1.487
9/21/2022 18:00,1.529
9/21/2022 19:00,1.555
9/21/2022 20:00,1.557
9/21/2022 21:00,1.536
9/21/2022 22:00,1.515
9/21/2022 23:00,1.785
9/22/2022 0:00,2.133
9/22/2022 1:00,2.257
9/22/2022 2:00,2.175
9/22/2022 3:00,2.057
9/22/2022 4:00,1.96
9/22/2022 5:00,1.894
9/22/2022 6:00,1.895
9/22/2022 7:00,1.9
9/22/2022 8:00,1.868
9/22/2022 9:00,1.736
9/22/2022 10:00,1.515
9/22/2022 11:00,1.432
9/22/2022 12:00,1.445
9/22/2022 13:00,1.436
9/22/2022 14:00,1.399
9/22/2022 15:00,1.356
9/22/2022 16:00,1.303
9/22/2022 17:00,1.271
9/22/2022 18:00,1.255
9/22/2022 19:00,1.248
9/22/2022 20:00,1.241
9/22/2022 21:00,1.218
9/22/2022 22:00,1.211
9/22/2022 23:00,1.438
9/23/2022 0:00,1.695
9/23/2022 1:00,1.774
9/23/2022 2:00,1.756
9/23/2022 3:00,1.761
9/23/2022 4:00,1.774
9/23/2022 5:00,1.807
9/23/2022 6:00,1.828
9/23/2022 7:00,1.816
9/23/2022 8:00,1.768
9/23/2022 9:00,1.63
9/23/2022 10:00,1.411
9/23/2022 11:00,1.347
9/23/2022 12:00,1.359
9/23/2022 13:00,1.36
9/23/2022 14:00,1.362
9/23/2022 15:00,1.331
9/23/2022 16:00,1.319
9/23/2022 17:00,1.35
9/23/2022 18:00,1.414
9/23/2022 19:00,1.474
9/23/2022 20:00,1.443
9/23/2022 21:00,1.356
9/23/2022 22:00,1.306
9/23/2022 23:00,1.573
9/24/2022 0:00,1.81
9/24/2022 1:00,1.823
9/24/2022 2:00,1.802
9/24/2022 3:00,1.848
9/24/2022 4:00,1.903
9/24/2022 5:00,1.94
9/24/2022 6:00,1.988
9/24/2022 7:00,2.018
9/24/2022 8:00,1.99
9/24/2022 9:00,1.85
9/24/2022 10:00,1.587
9/24/2022 11:00,1.42
9/24/2022 12:00,1.378
9/24/2022 13:00,1.331
9/24/2022 14:00,1.313
9/24/2022 15:00,1.367
9/24/2022 16:00,1.438
9/24/2022 17:00,1.514
9/24/2022 18:00,1.584
9/24/2022 19:00,1.638
9/24/2022 20:00,1.672
9/24/2022 21:00,1.646
9/24/2022 22:00,1.653
9/24/2022 23:00,2.099
9/25/2022 0:00,2.522
9/25/2022 1:00,2.651
9/25/2022 2:00,2.672
9/25/2022 3:00,2.644
9/25/2022 4:00,2.59
9/25/2022 5:00,2.543
9/25/2022 6:00,2.483
9/25/2022 7:00,2.4
9/25/2022 8:00,2.273
9/25/2022 9:00,2.088
9/25/2022 10:00,1.832
9/25/2022 11:00,1.721
9/25/2022 12:00,1.729
9/25/2022 13:00,1.693
9/25/2022 14:00,1.63
9/25/2022 15:00,1.58
9/25/2022 16:00,1.552
9/25/2022 17:00,1.59
9/25/2022 18:00,1.688
9/25/2022 19:00,1.822
9/25/2022 20:00,1.973
9/25/2022 21:00,1.942
9/25/2022 22:00,1.885
9/25/2022 23:00,2.281
9/26/2022 0:00,2.677
9/26/2022 1:00,2.677
9/26/2022 2:00,2.517
9/26/2022 3:00,2.428
9/26/2022 4:00,2.381
9/26/2022 5:00,2.345
9/26/2022 6:00,2.332
9/26/2022 7:00,2.32
9/26/2022 8:00,2.289
9/26/2022 9:00,2.181
9/26/2022 10:00,1.964
9/26/2022 11:00,1.852
9/26/2022 12:00,1.876
9/26/2022 13:00,1.891
9/26/2022 14:00,1.875
9/26/2022 15:00,1.844
9/26/2022 16:00,1.811
9/26/2022 17:00,1.783
9/26/2022 18:00,1.784
9/26/2022 19:00,1.812
9/26/2022 20:00,1.828
9/26/2022 21:00,1.744
9/26/2022 22:00,1.664
9/26/2022 23:00,2.056
9/27/2022 0:00,2.423
9/27/2022 1:00,2.505
9/27/2022 2:00,2.407
9/27/2022 3:00,2.318
9/27/2022 4:00,2.244
9/27/2022 5:00,2.192
9/27/2022 6:00,2.179
9/27/2022 7:00,2.188
9/27/2022 8:00,2.178
9/27/2022 9:00,2.064
9/27/2022 10:00,1.834
9/27/2022 11:00,1.705
9/27/2022 12:00,1.659
9/27/2022 13:00,1.606
9/27/2022 14:00,1.574
9/27/2022 15:00,1.547
9/27/2022 16:00,1.523
9/27/2022 17:00,1.516
9/27/2022 18:00,1.548
9/27/2022 19:00,1.596
9/27/2022 20:00,1.632
9/27/2022 21:00,1.633
9/27/2022 22:00,1.648
9/27/2022 23:00,2.096
9/28/2022 0:00,2.414
9/28/2022 1:00,2.37
9/28/2022 2:00,2.206
9/28/2022 3:00,2.103
9/28/2022 4:00,2.053
9/28/2022 5:00,2.027
9/28/2022 6:00,2.036
9/28/2022 7:00,2.071
9/28/2022 8:00,2.101
9/28/2022 9:00,2.047
9/28/2022 10:00,1.865
9/28/2022 11:00,1.752
9/28/2022 12:00,1.711
9/28/2022 13:00,1.647
9/28/2022 14:00,1.603
9/28/2022 15:00,1.557
9/28/2022 16:00,1.509
9/28/2022 17:00,1.485
9/28/2022 18:00,1.496
9/28/2022 19:00,1.545
9/28/2022 20:00,1.559
9/28/2022 21:00,1.49
9/28/2022 22:00,1.45
9/28/2022 23:00,1.809
9/29/2022 0:00,1.973
9/29/2022 1:00,1.877
9/29/2022 2:00,1.828
9/29/2022 3:00,1.843
9/29/2022 4:00,1.873
9/29/2022 5:00,1.925
9/29/2022 6:00,1.991
9/29/2022 7:00,2.056
9/29/2022 8:00,2.093
9/29/2022 9:00,2.037
9/29/2022 10:00,1.784
9/29/2022 11:00,1.628
9/29/2022 12:00,1.599
9/29/2022 13:00,1.585
9/29/2022 14:00,1.603
9/29/2022 15:00,1.566
9/29/2022 16:00,1.504
9/29/2022 17:00,1.475
9/29/2022 18:00,1.48
9/29/2022 19:00,1.49
9/29/2022 20:00,1.492
9/29/2022 21:00,1.464
9/29/2022 22:00,1.467
9/29/2022 23:00,1.793
9/30/2022 0:00,2.097
9/30/2022 1:00,2.225
9/30/2022 2:00,2.286
9/30/2022 3:00,2.333
9/30/2022 4:00,2.369
9/30/2022 5:00,2.424
9/30/2022 6:00,2.482
9/30/2022 7:00,2.491
9/30/2022 8:00,2.412
9/30/2022 9:00,2.177
9/30/2022 10:00,1.795
9/30/2022 11:00,1.58
9/30/2022 12:00,1.541
9/30/2022 13:00,1.503
9/30/2022 14:00,1.469
9/30/2022 15:00,1.414
9/30/2022 16:00,1.347
9/30/2022 17:00,1.298
9/30/2022 18:00,1.276
9/30/2022 19:00,1.267
9/30/2022 20:00,1.257
9/30/2022 21:00,1.248
9/30/2022 22:00,1.256
9/30/2022 23:00,1.559
10/1/2022 0:00,1.762
10/1/2022 1:00,1.774
10/1/2022 2:00,1.709
10/1/2022 3:00,1.666
10/1/2022 4:00,1.674
10/1/2022 5:00,1.725
10/1/2022 6:00,1.815
10/1/2022 7:00,1.901
10/1/2022 8:00,1.914
10/1/2022 9:00,1.762
10/1/2022 10:00,1.436
10/1/2022 11:00,1.217
10/1/2022 12:00,1.145
10/1/2022 13:00,1.079
10/1/2022 14:00,1.023
10/1/2022 15:00,0.991
10/1/2022 16:00,0.988
10/1/2022 17:00,0.985
10/1/2022 18:00,0.987
10/1/2022 19:00,0.993
10/1/2022 20:00,1.01
10/1/2022 21:00,1.023
10/1/2022 22:00,1.046
10/1/2022 23:00,1.297
10/2/2022 0:00,1.355
10/2/2022 1:00,1.266
10/2/2022 2:00,1.39
10/2/2022 3:00,1.556
10/2/2022 4:00,1.721
10/2/2022 5:00,1.882
10/2/2022 6:00,2.029
10/2/2022 7:00,2.115
10/2/2022 8:00,2.084
10/2/2022 9:00,1.911
10/2/2022 10:00,1.605
10/2/2022 11:00,1.416
10/2/2022 12:00,1.354
10/2/2022 13:00,1.297
10/2/2022 14:00,1.264
10/2/2022 15:00,1.245
10/2/2022 16:00,1.24
10/2/2022 17:00,1.255
10/2/2022 18:00,1.292
10/2/2022 19:00,1.341
10/2/2022 20:00,1.401
10/2/2022 21:00,1.403
10/2/2022 22:00,1.404
10/2/2022 23:00,1.719
10/3/2022 0:00,1.935
10/3/2022 1:00,1.835
10/3/2022 2:00,1.591
10/3/2022 3:00,1.415
10/3/2022 4:00,1.425
10/3/2022 5:00,1.537
10/3/2022 6:00,1.653
10/3/2022 7:00,1.722
10/3/2022 8:00,1.712
10/3/2022 9:00,1.579
10/3/2022 10:00,1.373
10/3/2022 11:00,1.284
10/3/2022 12:00,1.362
10/3/2022 13:00,1.435
10/3/2022 14:00,1.485
10/3/2022 15:00,1.478
10/3/2022 16:00,1.44
10/3/2022 17:00,1.408
10/3/2022 18:00,1.396
10/3/2022 19:00,1.4
10/3/2022 20:00,1.425
10/3/2022 21:00,1.426
10/3/2022 22:00,1.425
10/3/2022 23:00,1.718
10/4/2022 0:00,1.979
10/4/2022 1:00,1.977
10/4/2022 2:00,1.822
10/4/2022 3:00,1.674
10/4/2022 4:00,1.611
10/4/2022 5:00,1.613
10/4/2022 6:00,1.644
10/4/2022 7:00,1.686
10/4/2022 8:00,1.698
10/4/2022 9:00,1.597
10/4/2022 10:00,1.39
10/4/2022 11:00,1.28
10/4/2022 12:00,1.29
10/4/2022 13:00,1.291
10/4/2022 14:00,1.311
10/4/2022 15:00,1.345
10/4/2022 16:00,1.39
10/4/2022 17:00,1.426
10/4/2022 18:00,1.443
10/4/2022 19:00,1.448
10/4/2022 20:00,1.462
10/4/2022 21:00,1.431
10/4/2022 22:00,1.413
10/4/2022 23:00,1.657
10/5/2022 0:00,1.803
10/5/2022 1:00,1.725
10/5/2022 2:00,1.548
10/5/2022 3:00,1.446
10/5/2022 4:00,1.443
10/5/2022 5:00,1.498
10/5/2022 6:00,1.576
10/5/2022 7:00,1.649
10/5/2022 8:00,1.679
10/5/2022 9:00,1.594
10/5/2022 10:00,1.379
10/5/2022 11:00,1.231
10/5/2022 12:00,1.19
10/5/2022 13:00,1.144
10/5/2022 14:00,1.114
10/5/2022 15:00,1.109
10/5/2022 16:00,1.122
10/5/2022 17:00,1.164
10/5/2022 18:00,1.25
10/5/2022 19:00,1.364
10/5/2022 20:00,1.461
10/5/2022 21:00,1.468
10/5/2022 22:00,1.456
10/5/2022 23:00,1.696
10/6/2022 0:00,1.968
10/6/2022 1:00,2.053
10/6/2022 2:00,2.006
10/6/2022 3:00,1.953
10/6/2022 4:00,1.931
10/6/2022 5:00,1.95
10/6/2022 6:00,1.981
10/6/2022 7:00,1.999
10/6/2022 8:00,1.982
10/6/2022 9:00,1.875
10/6/2022 10:00,1.659
10/6/2022 11:00,1.547
10/6/2022 12:00,1.525
10/6/2022 13:00,1.448
10/6/2022 14:00,1.33
10/6/2022 15:00,1.183
10/6/2022 16:00,1.053
10/6/2022 17:00,0.98
10/6/2022 18:00,0.979
10/6/2022 19:00,1.025
10/6/2022 20:00,1.075
10/6/2022 21:00,1.076
10/6/2022 22:00,1.065
10/6/2022 23:00,1.22
10/7/2022 0:00,1.367
10/7/2022 1:00,1.418
10/7/2022 2:00,1.513
10/7/2022 3:00,1.597
10/7/2022 4:00,1.652
10/7/2022 5:00,1.714
10/7/2022 6:00,1.761
10/7/2022 7:00,1.776
10/7/2022 8:00,1.734
10/7/2022 9:00,1.598
10/7/2022 10:00,1.423
10/7/2022 11:00,1.379
10/7/2022 12:00,1.432
10/7/2022 13:00,1.479
10/7/2022 14:00,1.51
10/7/2022 15:00,1.544
10/7/2022 16:00,1.587
10/7/2022 17:00,1.671
10/7/2022 18:00,1.781
10/7/2022 19:00,1.913
10/7/2022 20:00,2.03
10/7/2022 21:00,2.005
10/7/2022 22:00,1.873
10/7/2022 23:00,2.048
10/8/2022 0:00,2.288
10/8/2022 1:00,2.349
10/8/2022 2:00,2.257
10/8/2022 3:00,2.156
10/8/2022 4:00,2.072
10/8/2022 5:00,1.98
10/8/2022 6:00,1.902
10/8/2022 7:00,1.84
10/8/2022 8:00,1.748
10/8/2022 9:00,1.619
10/8/2022 10:00,1.374
10/8/2022 11:00,1.283
10/8/2022 12:00,1.294
10/8/2022 13:00,1.316
10/8/2022 14:00,1.357
10/8/2022 15:00,1.375
10/8/2022 16:00,1.408
10/8/2022 17:00,1.476
10/8/2022 18:00,1.539
10/8/2022 19:00,1.586
10/8/2022 20:00,1.611
10/8/2022 21:00,1.573
10/8/2022 22:00,1.515
10/8/2022 23:00,1.719
10/9/2022 0:00,1.923
10/9/2022 1:00,1.882
10/9/2022 2:00,1.698
10/9/2022 3:00,1.513
10/9/2022 4:00,1.399
10/9/2022 5:00,1.374
10/9/2022 6:00,1.377
10/9/2022 7:00,1.396
10/9/2022 8:00,1.4
10/9/2022 9:00,1.339
10/9/2022 10:00,1.205
10/9/2022 11:00,1.146
10/9/2022 12:00,1.144
10/9/2022 13:00,1.109
10/9/2022 14:00,1.069
10/9/2022 15:00,1.032
10/9/2022 16:00,1.043
10/9/2022 17:00,1.092
10/9/2022 18:00,1.164
10/9/2022 19:00,1.227
10/9/2022 20:00,1.258
10/9/2022 21:00,1.237
10/9/2022 22:00,1.199
10/9/2022 23:00,1.35
10/10/2022 0:00,1.552
10/10/2022 1:00,1.548
10/10/2022 2:00,1.52
10/10/2022 3:00,1.544
10/10/2022 4:00,1.582
10/10/2022 5:00,1.623
10/10/2022 6:00,1.643
10/10/2022 7:00,1.641
10/10/2022 8:00,1.592
10/10/2022 9:00,1.439
10/10/2022 10:00,1.167
10/10/2022 11:00,1.031
10/10/2022 12:00,0.993
10/10/2022 13:00,0.955
10/10/2022 14:00,0.913
10/10/2022 15:00,0.899
10/10/2022 16:00,0.922
10/10/2022 17:00,0.96
10/10/2022 18:00,1.013
10/10/2022 19:00,1.067
10/10/2022 20:00,1.115
10/10/2022 21:00,1.1
10/10/2022 22:00,1.063
10/10/2022 23:00,1.201
10/11/2022 0:00,1.507
10/11/2022 1:00,1.659
10/11/2022 2:00,1.732
10/11/2022 3:00,1.762
10/11/2022 4:00,1.777
10/11/2022 5:00,1.794
10/11/2022 6:00,1.824
10/11/2022 7:00,1.832
10/11/2022 8:00,1.774
10/11/2022 9:00,1.594
10/11/2022 10:00,1.324
10/11/2022 11:00,1.152
10/11/2022 12:00,1.13
10/11/2022 13:00,1.123
10/11/2022 14:00,1.13
10/11/2022 15:00,1.14
10/11/2022 16:00,1.153
10/11/2022 17:00,1.181
10/11/2022 18:00,1.219
10/11/2022 19:00,1.262
10/11/2022 20:00,1.298
10/11/2022 21:00,1.276
10/11/2022 22:00,1.257
10/11/2022 23:00,1.549
10/12/2022 0:00,1.816
10/12/2022 1:00,1.933
10/12/2022 2:00,1.963
10/12/2022 3:00,1.976
10/12/2022 4:00,1.968
10/12/2022 5:00,1.949
10/12/2022 6:00,1.925
10/12/2022 7:00,1.911
10/12/2022 8:00,1.869
10/12/2022 9:00,1.719
10/12/2022 10:00,1.453
10/12/2022 11:00,1.306
10/12/2022 12:00,1.284
10/12/2022 13:00,1.26
10/12/2022 14:00,1.255
10/12/2022 15:00,1.267
10/12/2022 16:00,1.307
10/12/2022 17:00,1.354
10/12/2022 18:00,1.422
10/12/2022 19:00,1.505
10/12/2022 20:00,1.585
10/12/2022 21:00,1.587
10/12/2022 22:00,1.598
10/12/2022 23:00,1.91
10/13/2022 0:00,2.213
10/13/2022 1:00,2.227
10/13/2022 2:00,2.073
10/13/2022 3:00,1.939
10/13/2022 4:00,1.83
10/13/2022 5:00,1.746
10/13/2022 6:00,1.708
10/13/2022 7:00,1.717
10/13/2022 8:00,1.729
10/13/2022 9:00,1.651
10/13/2022 10:00,1.495
10/13/2022 11:00,1.392
10/13/2022 12:00,1.42
10/13/2022 13:00,1.46
10/13/2022 14:00,1.499
10/13/2022 15:00,1.497
10/13/2022 16:00,1.471
10/13/2022 17:00,1.462
10/13/2022 18:00,1.443
10/13/2022 19:00,1.411
10/13/2022 20:00,1.374
10/13/2022 21:00,1.282
10/13/2022 22:00,1.247
10/13/2022 23:00,1.597
10/14/2022 0:00,1.931
10/14/2022 1:00,1.993
10/14/2022 2:00,1.877
10/14/2022 3:00,1.773
10/14/2022 4:00,1.778
10/14/2022 5:00,1.836
10/14/2022 6:00,1.887
10/14/2022 7:00,1.936
10/14/2022 8:00,1.959
10/14/2022 9:00,1.868
10/14/2022 10:00,1.611
10/14/2022 11:00,1.484
10/14/2022 12:00,1.482
10/14/2022 13:00,1.476
10/14/2022 14:00,1.477
10/14/2022 15:00,1.481
10/14/2022 16:00,1.493
10/14/2022 17:00,1.536
10/14/2022 18:00,1.593
10/14/2022 19:00,1.656
10/14/2022 20:00,1.711
10/14/2022 21:00,1.71
10/14/2022 22:00,1.702
10/14/2022 23:00,1.936
10/15/2022 0:00,2.147
10/15/2022 1:00,2.171
10/15/2022 2:00,2.06
10/15/2022 3:00,1.901
10/15/2022 4:00,1.742
10/15/2022 5:00,1.628
10/15/2022 6:00,1.63
10/15/2022 7:00,1.687
10/15/2022 8:00,1.69
10/15/2022 9:00,1.601
10/15/2022 10:00,1.45
10/15/2022 11:00,1.383
10/15/2022 12:00,1.411
10/15/2022 13:00,1.425
10/15/2022 14:00,1.44
10/15/2022 15:00,1.404
10/15/2022 16:00,1.336
10/15/2022 17:00,1.298
10/15/2022 18:00,1.296
10/15/2022 19:00,1.314
10/15/2022 20:00,1.351
10/15/2022 21:00,1.367
10/15/2022 22:00,1.382
10/15/2022 23:00,1.693
10/16/2022 0:00,1.995
10/16/2022 1:00,2.101
10/16/2022 2:00,2.073
10/16/2022 3:00,2.03
10/16/2022 4:00,1.988
10/16/2022 5:00,1.938
10/16/2022 6:00,1.916
10/16/2022 7:00,1.9
10/16/2022 8:00,1.866
10/16/2022 9:00,1.751
10/16/2022 10:00,1.53
10/16/2022 11:00,1.434
10/16/2022 12:00,1.467
10/16/2022 13:00,1.48
10/16/2022 14:00,1.497
10/16/2022 15:00,1.512
10/16/2022 16:00,1.524
10/16/2022 17:00,1.536
10/16/2022 18:00,1.545
10/16/2022 19:00,1.564
10/16/2022 20:00,1.583
10/16/2022 21:00,1.557
10/16/2022 22:00,1.534
10/16/2022 23:00,1.881
10/17/2022 0:00,2.175
10/17/2022 1:00,2.202
10/17/2022 2:00,2.065
10/17/2022 3:00,1.934
10/17/2022 4:00,1.85
10/17/2022 5:00,1.807
10/17/2022 6:00,1.812
10/17/2022 7:00,1.832
10/17/2022 8:00,1.823
10/17/2022 9:00,1.723
10/17/2022 10:00,1.508
10/17/2022 11:00,1.355
10/17/2022 12:00,1.329
10/17/2022 13:00,1.293
10/17/2022 14:00,1.242
10/17/2022 15:00,1.196
10/17/2022 16:00,1.187
10/17/2022 17:00,1.191
10/17/2022 18:00,1.206
10/17/2022 19:00,1.23
10/17/2022 20:00,1.248
10/17/2022 21:00,1.228
10/17/2022 22:00,1.212
10/17/2022 23:00,1.412
10/18/2022 0:00,1.64
10/18/2022 1:00,1.669
10/18/2022 2:00,1.639
10/18/2022 3:00,1.676
10/18/2022 4:00,1.739
10/18/2022 5:00,1.804
10/18/2022 6:00,1.854
10/18/2022 7:00,1.881
10/18/2022 8:00,1.862
10/18/2022 9:00,1.719
10/18/2022 10:00,1.451
10/18/2022 11:00,1.289
10/18/2022 12:00,1.252
10/18/2022 13:00,1.206
10/18/2022 14:00,1.144
10/18/2022 15:00,1.085
10/18/2022 16:00,1.034
10/18/2022 17:00,1.003
10/18/2022 18:00,0.997
10/18/2022 19:00,1.017
10/18/2022 20:00,1.064
10/18/2022 21:00,1.08
10/18/2022 22:00,1.073
10/18/2022 23:00,1.271
10/19/2022 0:00,1.495
10/19/2022 1:00,1.537
10/19/2022 2:00,1.5
10/19/2022 3:00,1.494
10/19/2022 4:00,1.535
10/19/2022 5:00,1.594
10/19/2022 6:00,1.672
10/19/2022 7:00,1.725
10/19/2022 8:00,1.729
10/19/2022 9:00,1.624
10/19/2022 10:00,1.398
10/19/2022 11:00,1.263
10/19/2022 12:00,1.238
10/19/2022 13:00,1.23
10/19/2022 14:00,1.216
10/19/2022 15:00,1.175
10/19/2022 16:00,1.152
10/19/2022 17:00,1.145
10/19/2022 18:00,1.143
10/19/2022 19:00,1.142
10/19/2022 20:00,1.134
10/19/2022 21:00,1.104
10/19/2022 22:00,1.092
10/19/2022 23:00,1.289
10/20/2022 0:00,1.511
10/20/2022 1:00,1.598
10/20/2022 2:00,1.648
10/20/2022 3:00,1.704
10/20/2022 4:00,1.751
10/20/2022 5:00,1.813
10/20/2022 6:00,1.886
10/20/2022 7:00,1.918
10/20/2022 8:00,1.872
10/20/2022 9:00,1.714
10/20/2022 10:00,1.409
10/20/2022 11:00,1.208
10/20/2022 12:00,1.175
10/20/2022 13:00,1.15
10/20/2022 14:00,1.138
10/20/2022 15:00,1.14
10/20/2022 16:00,1.14
10/20/2022 17:00,1.141
10/20/2022 18:00,1.123
10/20/2022 19:00,1.109
10/20/2022 20:00,1.128
10/20/2022 21:00,1.142
10/20/2022 22:00,1.134
10/20/2022 23:00,1.254
10/21/2022 0:00,1.463
10/21/2022 1:00,1.559
10/21/2022 2:00,1.638
10/21/2022 3:00,1.681
10/21/2022 4:00,1.695
10/21/2022 5:00,1.692
10/21/2022 6:00,1.663
10/21/2022 7:00,1.592
10/21/2022 8:00,1.463
10/21/2022 9:00,1.268
10/21/2022 10:00,1.039
10/21/2022 11:00,0.941
10/21/2022 12:00,0.969
10/21/2022 13:00,1.009
10/21/2022 14:00,1.06
10/21/2022 15:00,1.08
10/21/2022 16:00,1.069
10/21/2022 17:00,1.053
10/21/2022 18:00,1.03
10/21/2022 19:00,1.009
10/21/2022 20:00,0.984
10/21/2022 21:00,0.957
10/21/2022 22:00,0.924
10/21/2022 23:00,1.059
10/22/2022 0:00,1.141
10/22/2022 1:00,1.015
10/22/2022 2:00,1.014
10/22/2022 3:00,1.132
10/22/2022 4:00,1.257
10/22/2022 5:00,1.388
10/22/2022 6:00,1.491
10/22/2022 7:00,1.561
10/22/2022 8:00,1.569
10/22/2022 9:00,1.438
10/22/2022 10:00,1.212
10/22/2022 11:00,1.059
10/22/2022 12:00,1.041
10/22/2022 13:00,1.022
10/22/2022 14:00,1.011
10/22/2022 15:00,1.006
10/22/2022 16:00,1.011
10/22/2022 17:00,1.036
10/22/2022 18:00,1.079
10/22/2022 19:00,1.154
10/22/2022 20:00,1.206
10/22/2022 21:00,1.233
10/22/2022 22:00,1.259
10/22/2022 23:00,1.46
10/23/2022 0:00,1.697
10/23/2022 1:00,1.775
10/23/2022 2:00,1.8
10/23/2022 3:00,1.8
10/23/2022 4:00,1.843
10/23/2022 5:00,1.934
10/23/2022 6:00,2.035
10/23/2022 7:00,2.096
10/23/2022 8:00,2.081
10/23/2022 9:00,1.93
10/23/2022 10:00,1.668
10/23/2022 11:00,1.541
10/23/2022 12:00,1.561
10/23/2022 13:00,1.565
10/23/2022 14:00,1.56
10/23/2022 15:00,1.563
10/23/2022 16:00,1.567
10/23/2022 17:00,1.587
10/23/2022 18:00,1.606
10/23/2022 19:00,1.563
10/23/2022 20:00,1.481
10/23/2022 21:00,1.42
10/23/2022 22:00,1.4
10/23/2022 23:00,1.689
10/24/2022 0:00,1.927
10/24/2022 1:00,1.955
10/24/2022 2:00,1.959
10/24/2022 3:00,2.047
10/24/2022 4:00,2.185
10/24/2022 5:00,2.332
10/24/2022 6:00,2.44
10/24/2022 7:00,2.462
10/24/2022 8:00,2.389
10/24/2022 9:00,2.143
10/24/2022 10:00,1.747
10/24/2022 11:00,1.535
10/24/2022 12:00,1.541
10/24/2022 13:00,1.555
10/24/2022 14:00,1.564
10/24/2022 15:00,1.567
10/24/2022 16:00,1.552
10/24/2022 17:00,1.533
10/24/2022 18:00,1.506
10/24/2022 19:00,1.455
10/24/2022 20:00,1.394
10/24/2022 21:00,1.323
10/24/2022 22:00,1.278
10/24/2022 23:00,1.548
10/25/2022 0:00,1.692
10/25/2022 1:00,1.784
10/25/2022 2:00,1.987
10/25/2022 3:00,2.186
10/25/2022 4:00,2.36
10/25/2022 5:00,2.497
10/25/2022 6:00,2.587
10/25/2022 7:00,2.591
10/25/2022 8:00,2.5
10/25/2022 9:00,2.233
10/25/2022 10:00,1.828
10/25/2022 11:00,1.609
10/25/2022 12:00,1.611
10/25/2022 13:00,1.61
10/25/2022 14:00,1.605
10/25/2022 15:00,1.581
10/25/2022 16:00,1.54
10/25/2022 17:00,1.492
10/25/2022 18:00,1.427
10/25/2022 19:00,1.362
10/25/2022 20:00,1.298
10/25/2022 21:00,1.29
10/25/2022 22:00,1.332
10/25/2022 23:00,1.639
10/26/2022 0:00,1.896
10/26/2022 1:00,1.99
10/26/2022 2:00,2.049
10/26/2022 3:00,2.12
10/26/2022 4:00,2.213
10/26/2022 5:00,2.299
10/26/2022 6:00,2.348
10/26/2022 7:00,2.367
10/26/2022 8:00,2.347
10/26/2022 9:00,2.209
10/26/2022 10:00,1.927
10/26/2022 11:00,1.781
10/26/2022 12:00,1.79
10/26/2022 13:00,1.814
10/26/2022 14:00,1.84
10/26/2022 15:00,1.87
10/26/2022 16:00,1.879
10/26/2022 17:00,1.833
10/26/2022 18:00,1.743
10/26/2022 19:00,1.645
10/26/2022 20:00,1.565
10/26/2022 21:00,1.506
10/26/2022 22:00,1.494
10/26/2022 23:00,1.866
10/27/2022 0:00,2.172
10/27/2022 1:00,2.182
10/27/2022 2:00,2.057
10/27/2022 3:00,1.976
10/27/2022 4:00,2.01
10/27/2022 5:00,2.077
10/27/2022 6:00,2.135
10/27/2022 7:00,2.166
10/27/2022 8:00,2.132
10/27/2022 9:00,1.995
10/27/2022 10:00,1.73
10/27/2022 11:00,1.569
10/27/2022 12:00,1.557
10/27/2022 13:00,1.533
10/27/2022 14:00,1.559
10/27/2022 15:00,1.639
10/27/2022 16:00,1.739
10/27/2022 17:00,1.778
10/27/2022 18:00,1.796
10/27/2022 19:00,1.843
10/27/2022 20:00,1.904
10/27/2022 21:00,1.823
10/27/2022 22:00,1.772
10/27/2022 23:00,2.168
10/28/2022 0:00,2.483
10/28/2022 1:00,2.543
10/28/2022 2:00,2.465
10/28/2022 3:00,2.408
10/28/2022 4:00,2.405
10/28/2022 5:00,2.436
10/28/2022 6:00,2.462
10/28/2022 7:00,2.45
10/28/2022 8:00,2.372
10/28/2022 9:00,2.201
10/28/2022 10:00,1.867
10/28/2022 11:00,1.674
10/28/2022 12:00,1.68
10/28/2022 13:00,1.631
10/28/2022 14:00,1.577
10/28/2022 15:00,1.554
10/28/2022 16:00,1.528
10/28/2022 17:00,1.522
10/28/2022 18:00,1.548
10/28/2022 19:00,1.592
10/28/2022 20:00,1.642
10/28/2022 21:00,1.626
10/28/2022 22:00,1.606
10/28/2022 23:00,2.014
10/29/2022 0:00,2.202
10/29/2022 1:00,2.073
10/29/2022 2:00,1.867
10/29/2022 3:00,1.777
10/29/2022 4:00,1.795
10/29/2022 5:00,1.874
10/29/2022 6:00,1.975
10/29/2022 7:00,2.051
10/29/2022 8:00,2.077
10/29/2022 9:00,2.015
10/29/2022 10:00,1.809
10/29/2022 11:00,1.666
10/29/2022 12:00,1.683
10/29/2022 13:00,1.686
10/29/2022 14:00,1.683
10/29/2022 15:00,1.721
10/29/2022 16:00,1.768
10/29/2022 17:00,1.787
10/29/2022 18:00,1.782
10/29/2022 19:00,1.766
10/29/2022 20:00,1.814
10/29/2022 21:00,1.859
10/29/2022 22:00,1.913
10/29/2022 23:00,2.411
10/30/2022 0:00,2.725
10/30/2022 1:00,2.679
10/30/2022 2:00,2.444
10/30/2022 3:00,2.211
10/30/2022 4:00,2.136
10/30/2022 5:00,2.143
10/30/2022 6:00,2.17
10/30/2022 7:00,2.188
10/30/2022 8:00,2.189
10/30/2022 9:00,2.128
10/30/2022 10:00,1.927
10/30/2022 11:00,1.793
10/30/2022 12:00,1.801
10/30/2022 13:00,1.795
10/30/2022 14:00,1.767
10/30/2022 15:00,1.752
10/30/2022 16:00,1.742
10/30/2022 17:00,1.728
10/30/2022 18:00,1.727
10/30/2022 19:00,1.733
10/30/2022 20:00,1.74
10/30/2022 21:00,1.721
10/30/2022 22:00,1.692
10/30/2022 23:00,2.134
10/31/2022 0:00,2.368
10/31/2022 1:00,2.283
10/31/2022 2:00,2.081
10/31/2022 3:00,1.937
10/31/2022 4:00,1.869
10/31/2022 5:00,1.865
10/31/2022 6:00,1.91
10/31/2022 7:00,1.993
10/31/2022 8:00,2.04
10/31/2022 9:00,1.978
10/31/2022 10:00,1.724
10/31/2022 11:00,1.544
10/31/2022 12:00,1.511
10/31/2022 13:00,1.442
10/31/2022 14:00,1.355
10/31/2022 15:00,1.31
10/31/2022 16:00,1.292
10/31/2022 17:00,1.274
10/31/2022 18:00,1.265
10/31/2022 19:00,1.272
10/31/2022 20:00,1.297
10/31/2022 21:00,1.288
10/31/2022 22:00,1.276
10/31/2022 23:00,1.581
11/1/2022 0:00,1.782
11/1/2022 1:00,1.732
11/1/2022 2:00,1.593
11/1/2022 3:00,1.555
11/1/2022 4:00,1.628
11/1/2022 5:00,1.729
11/1/2022 6:00,1.833
11/1/2022 7:00,1.904
11/1/2022 8:00,1.946
11/1/2022 9:00,1.901
11/1/2022 10:00,1.69
11/1/2022 11:00,1.549
11/1/2022 12:00,1.563
11/1/2022 13:00,1.563
11/1/2022 14:00,1.559
11/1/2022 15:00,1.55
11/1/2022 16:00,1.545
11/1/2022 17:00,1.531
11/1/2022 18:00,1.536
11/1/2022 19:00,1.54
11/1/2022 20:00,1.515
11/1/2022 21:00,1.46
11/1/2022 22:00,1.417
11/1/2022 23:00,1.764
11/2/2022 0:00,2.056
11/2/2022 1:00,2.064
11/2/2022 2:00,1.877
11/2/2022 3:00,1.703
11/2/2022 4:00,1.652
11/2/2022 5:00,1.667
11/2/2022 6:00,1.724
11/2/2022 7:00,1.786
11/2/2022 8:00,1.815
11/2/2022 9:00,1.699
11/2/2022 10:00,1.48
11/2/2022 11:00,1.327
11/2/2022 12:00,1.315
11/2/2022 13:00,1.287
11/2/2022 14:00,1.261
11/2/2022 15:00,1.241
11/2/2022 16:00,1.226
11/2/2022 17:00,1.21
11/2/2022 18:00,1.188
11/2/2022 19:00,1.165
11/2/2022 20:00,1.15
11/2/2022 21:00,1.112
11/2/2022 22:00,1.057
11/2/2022 23:00,1.197
11/3/2022 0:00,1.334
11/3/2022 1:00,1.32
11/3/2022 2:00,1.292
11/3/2022 3:00,1.296
11/3/2022 4:00,1.341
11/3/2022 5:00,1.403
11/3/2022 6:00,1.469
11/3/2022 7:00,1.51
11/3/2022 8:00,1.497
11/3/2022 9:00,1.378
11/3/2022 10:00,1.185
11/3/2022 11:00,1.069
11/3/2022 12:00,1.075
11/3/2022 13:00,1.092
11/3/2022 14:00,1.119
11/3/2022 15:00,1.131
11/3/2022 16:00,1.141
11/3/2022 17:00,1.152
11/3/2022 18:00,1.173
11/3/2022 19:00,1.229
11/3/2022 20:00,1.316
11/3/2022 21:00,1.369
11/3/2022 22:00,1.35
11/3/2022 23:00,1.469
11/4/2022 0:00,1.638
11/4/2022 1:00,1.661
11/4/2022 2:00,1.581
11/4/2022 3:00,1.567
11/4/2022 4:00,1.602
11/4/2022 5:00,1.615
11/4/2022 6:00,1.592
11/4/2022 7:00,1.547
11/4/2022 8:00,1.46
11/4/2022 9:00,1.309
11/4/2022 10:00,1.101
11/4/2022 11:00,1.013
11/4/2022 12:00,1.022
11/4/2022 13:00,1.043
11/4/2022 14:00,1.075
11/4/2022 15:00,1.13
11/4/2022 16:00,1.213
11/4/2022 17:00,1.279
11/4/2022 18:00,1.329
11/4/2022 19:00,1.367
11/4/2022 20:00,1.339
11/4/2022 21:00,1.22
11/4/2022 22:00,1.099
11/4/2022 23:00,1.259
11/5/2022 0:00,1.422
11/5/2022 1:00,1.444
11/5/2022 2:00,1.458
11/5/2022 3:00,1.469
11/5/2022 4:00,1.48
11/5/2022 5:00,1.493
11/5/2022 6:00,1.523
11/5/2022 7:00,1.562
11/5/2022 8:00,1.542
11/5/2022 9:00,1.382
11/5/2022 10:00,1.156
11/5/2022 11:00,1.028
11/5/2022 12:00,1.01
11/5/2022 13:00,0.991
11/5/2022 14:00,0.978
11/5/2022 15:00,0.971
11/5/2022 16:00,0.972
11/5/2022 17:00,0.98
11/5/2022 18:00,0.991
11/5/2022 19:00,1.009
11/5/2022 20:00,1.053
11/5/2022 21:00,1.099
11/5/2022 22:00,1.129
11/5/2022 23:00,1.301
11/6/2022 0:00,1.418
11/6/2022 1:00,1.387
11/6/2022 2:00,1.37
11/6/2022 3:00,1.424
11/6/2022 4:00,1.55
11/6/2022 5:00,1.696
11/6/2022 6:00,1.798
11/6/2022 7:00,1.838
11/6/2022 8:00,1.775
11/6/2022 9:00,1.555
11/6/2022 10:00,1.214
11/6/2022 11:00,1.008
11/6/2022 12:00,0.97
11/6/2022 13:00,0.947
11/6/2022 14:00,0.934
11/6/2022 15:00,0.917
11/6/2022 16:00,0.915
11/6/2022 17:00,0.915
11/6/2022 18:00,0.918
11/6/2022 19:00,0.926
11/6/2022 20:00,0.938
11/6/2022 21:00,0.948
11/6/2022 22:00,0.952
11/6/2022 23:00,1.128
11/7/2022 0:00,1.348
11/7/2022 1:00,1.437
11/7/2022 2:00,1.489
11/7/2022 3:00,1.503
11/7/2022 4:00,1.494
11/7/2022 5:00,1.475
11/7/2022 6:00,1.471
11/7/2022 7:00,1.468
11/7/2022 8:00,1.442
11/7/2022 9:00,1.326
11/7/2022 10:00,1.127
11/7/2022 11:00,0.962
11/7/2022 12:00,0.967
11/7/2022 13:00,0.987
11/7/2022 14:00,1.007
11/7/2022 15:00,1.017
11/7/2022 16:00,1.012
11/7/2022 17:00,0.985
11/7/2022 18:00,0.928
11/7/2022 19:00,0.874
11/7/2022 20:00,0.867
11/7/2022 21:00,0.875
11/7/2022 22:00,0.882
11/7/2022 23:00,1.061
11/8/2022 0:00,1.257
11/8/2022 1:00,1.359
11/8/2022 2:00,1.401
11/8/2022 3:00,1.394
11/8/2022 4:00,1.368
11/8/2022 5:00,1.367
11/8/2022 6:00,1.391
11/8/2022 7:00,1.418
11/8/2022 8:00,1.416
11/8/2022 9:00,1.293
11/8/2022 10:00,1.107
11/8/2022 11:00,0.943
11/8/2022 12:00,0.916
11/8/2022 13:00,0.896
11/8/2022 14:00,0.881
11/8/2022 15:00,0.874
11/8/2022 16:00,0.876
11/8/2022 17:00,0.879
11/8/2022 18:00,0.885
11/8/2022 19:00,0.9
11/8/2022 20:00,0.92
11/8/2022 21:00,0.935
11/8/2022 22:00,0.949
11/8/2022 23:00,1.137
11/9/2022 0:00,1.355
11/9/2022 1:00,1.428
11/9/2022 2:00,1.476
11/9/2022 3:00,1.566
11/9/2022 4:00,1.693
11/9/2022 5:00,1.81
11/9/2022 6:00,1.88
11/9/2022 7:00,1.899
11/9/2022 8:00,1.852
11/9/2022 9:00,1.683
11/9/2022 10:00,1.383
11/9/2022 11:00,1.188
11/9/2022 12:00,1.152
11/9/2022 13:00,1.11
11/9/2022 14:00,1.052
11/9/2022 15:00,0.999
11/9/2022 16:00,0.979
11/9/2022 17:00,1.002
11/9/2022 18:00,1.033
11/9/2022 19:00,1.057
11/9/2022 20:00,1.067
11/9/2022 21:00,1.045
11/9/2022 22:00,1.018
11/9/2022 23:00,1.142
11/10/2022 0:00,1.279
11/10/2022 1:00,1.373
11/10/2022 2:00,1.478
11/10/2022 3:00,1.556
11/10/2022 4:00,1.63
11/10/2022 5:00,1.692
11/10/2022 6:00,1.745
11/10/2022 7:00,1.756
11/10/2022 8:00,1.678
11/10/2022 9:00,1.538
11/10/2022 10:00,1.327
11/10/2022 11:00,1.178
11/10/2022 12:00,1.21
11/10/2022 13:00,1.245
11/10/2022 14:00,1.299
11/10/2022 15:00,1.355
11/10/2022 16:00,1.391
11/10/2022 17:00,1.422
11/10/2022 18:00,1.44
11/10/2022 19:00,1.451
11/10/2022 20:00,1.467
11/10/2022 21:00,1.396
11/10/2022 22:00,1.32
11/10/2022 23:00,1.557
11/11/2022 0:00,1.778
11/11/2022 1:00,1.9
11/11/2022 2:00,1.989
11/11/2022 3:00,2.059
11/11/2022 4:00,2.112
11/11/2022 5:00,2.146
11/11/2022 6:00,2.187
11/11/2022 7:00,2.214
11/11/2022 8:00,2.175
11/11/2022 9:00,2.041
11/11/2022 10:00,1.786
11/11/2022 11:00,1.6
11/11/2022 12:00,1.607
11/11/2022 13:00,1.597
11/11/2022 14:00,1.557
11/11/2022 15:00,1.462
11/11/2022 16:00,1.389
11/11/2022 17:00,1.357
11/11/2022 18:00,1.326
11/11/2022 19:00,1.283
11/11/2022 20:00,1.237
11/11/2022 21:00,1.208
11/11/2022 22:00,1.191
11/11/2022 23:00,1.417
11/12/2022 0:00,1.603
11/12/2022 1:00,1.605
11/12/2022 2:00,1.549
11/12/2022 3:00,1.477
11/12/2022 4:00,1.456
11/12/2022 5:00,1.545
11/12/2022 6:00,1.64
11/12/2022 7:00,1.695
11/12/2022 8:00,1.688
11/12/2022 9:00,1.543
11/12/2022 10:00,1.339
11/12/2022 11:00,1.209
11/12/2022 12:00,1.212
11/12/2022 13:00,1.189
11/12/2022 14:00,1.147
11/12/2022 15:00,1.104
11/12/2022 16:00,1.065
11/12/2022 17:00,1.05
11/12/2022 18:00,1.055
11/12/2022 19:00,1.06
11/12/2022 20:00,1.078
11/12/2022 21:00,1.09
11/12/2022 22:00,1.09
11/12/2022 23:00,1.201
11/13/2022 0:00,1.389
11/13/2022 1:00,1.509
11/13/2022 2:00,1.558
11/13/2022 3:00,1.586
11/13/2022 4:00,1.604
11/13/2022 5:00,1.596
11/13/2022 6:00,1.587
11/13/2022 7:00,1.563
11/13/2022 8:00,1.507
11/13/2022 9:00,1.38
11/13/2022 10:00,1.196
11/13/2022 11:00,1.12
11/13/2022 12:00,1.135
11/13/2022 13:00,1.14
11/13/2022 14:00,1.139
11/13/2022 15:00,1.134
11/13/2022 16:00,1.13
11/13/2022 17:00,1.135
11/13/2022 18:00,1.188
11/13/2022 19:00,1.269
11/13/2022 20:00,1.324
11/13/2022 21:00,1.3
11/13/2022 22:00,1.216
11/13/2022 23:00,1.288
11/14/2022 0:00,1.457
11/14/2022 1:00,1.56
11/14/2022 2:00,1.61
11/14/2022 3:00,1.62
11/14/2022 4:00,1.598
11/14/2022 5:00,1.592
11/14/2022 6:00,1.607
11/14/2022 7:00,1.586
11/14/2022 8:00,1.524
11/14/2022 9:00,1.425
11/14/2022 10:00,1.263
11/14/2022 11:00,1.149
11/14/2022 12:00,1.179
11/14/2022 13:00,1.208
11/14/2022 14:00,1.251
11/14/2022 15:00,1.281
11/14/2022 16:00,1.317
11/14/2022 17:00,1.354
11/14/2022 18:00,1.386
11/14/2022 19:00,1.383
11/14/2022 20:00,1.374
11/14/2022 21:00,1.384
11/14/2022 22:00,1.393
11/14/2022 23:00,1.54
11/15/2022 0:00,1.752
11/15/2022 1:00,1.877
11/15/2022 2:00,1.955
11/15/2022 3:00,2.02
11/15/2022 4:00,2.098
11/15/2022 5:00,2.178
11/15/2022 6:00,2.212
11/15/2022 7:00,2.184
11/15/2022 8:00,2.06
11/15/2022 9:00,1.827
11/15/2022 10:00,1.537
11/15/2022 11:00,1.384
11/15/2022 12:00,1.329
11/15/2022 13:00,1.277
11/15/2022 14:00,1.252
11/15/2022 15:00,1.232
11/15/2022 16:00,1.223
11/15/2022 17:00,1.21
11/15/2022 18:00,1.189
11/15/2022 19:00,1.168
11/15/2022 20:00,1.15
11/15/2022 21:00,1.128
11/15/2022 22:00,1.115
11/15/2022 23:00,1.227
11/16/2022 0:00,1.438
11/16/2022 1:00,1.576
11/16/2022 2:00,1.695
11/16/2022 3:00,1.833
11/16/2022 4:00,2.018
11/16/2022 5:00,2.146
11/16/2022 6:00,2.17
11/16/2022 7:00,2.083
11/16/2022 8:00,1.888
11/16/2022 9:00,1.594
11/16/2022 10:00,1.238
11/16/2022 11:00,1.05
11/16/2022 12:00,1.027
11/16/2022 13:00,1.013
11/16/2022 14:00,1.005
11/16/2022 15:00,1.001
11/16/2022 16:00,0.999
11/16/2022 17:00,0.999
11/16/2022 18:00,1.007
11/16/2022 19:00,1.021
11/16/2022 20:00,1.027
11/16/2022 21:00,1
11/16/2022 22:00,0.948
11/16/2022 23:00,1.012
11/17/2022 0:00,1.158
11/17/2022 1:00,1.261
11/17/2022 2:00,1.517
11/17/2022 3:00,1.777
11/17/2022 4:00,1.968
11/17/2022 5:00,2.105
11/17/2022 6:00,2.183
11/17/2022 7:00,2.171
11/17/2022 8:00,2.041
11/17/2022 9:00,1.798
11/17/2022 10:00,1.488
11/17/2022 11:00,1.286
11/17/2022 12:00,1.271
11/17/2022 13:00,1.263
11/17/2022 14:00,1.271
11/17/2022 15:00,1.251
11/17/2022 16:00,1.222
11/17/2022 17:00,1.21
11/17/2022 18:00,1.195
11/17/2022 19:00,1.171
11/17/2022 20:00,1.149
11/17/2022 21:00,1.16
11/17/2022 22:00,1.217
11/17/2022 23:00,1.443
11/18/2022 0:00,1.8
11/18/2022 1:00,2.053
11/18/2022 2:00,2.228
11/18/2022 3:00,2.304
11/18/2022 4:00,2.354
11/18/2022 5:00,2.402
11/18/2022 6:00,2.428
11/18/2022 7:00,2.377
11/18/2022 8:00,2.217
11/18/2022 9:00,1.99
11/18/2022 10:00,1.684
11/18/2022 11:00,1.536
11/18/2022 12:00,1.551
11/18/2022 13:00,1.573
11/18/2022 14:00,1.615
11/18/2022 15:00,1.62
11/18/2022 16:00,1.617
11/18/2022 17:00,1.627
11/18/2022 18:00,1.626
11/18/2022 19:00,1.642
11/18/2022 20:00,1.666
11/18/2022 21:00,1.656
11/18/2022 22:00,1.65
11/18/2022 23:00,1.85
11/19/2022 0:00,2.137
11/19/2022 1:00,2.345
11/19/2022 2:00,2.507
11/19/2022 3:00,2.612
11/19/2022 4:00,2.677
11/19/2022 5:00,2.717
11/19/2022 6:00,2.709
11/19/2022 7:00,2.634
11/19/2022 8:00,2.462
11/19/2022 9:00,2.174
11/19/2022 10:00,1.729
11/19/2022 11:00,1.47
11/19/2022 12:00,1.473
11/19/2022 13:00,1.466
11/19/2022 14:00,1.468
11/19/2022 15:00,1.441
11/19/2022 16:00,1.414
11/19/2022 17:00,1.42
11/19/2022 18:00,1.442
11/19/2022 19:00,1.443
11/19/2022 20:00,1.412
11/19/2022 21:00,1.392
11/19/2022 22:00,1.383
11/19/2022 23:00,1.689
11/20/2022 0:00,2.054
11/20/2022 1:00,2.24
11/20/2022 2:00,2.344
11/20/2022 3:00,2.444
11/20/2022 4:00,2.543
11/20/2022 5:00,2.625
11/20/2022 6:00,2.667
11/20/2022 7:00,2.679
11/20/2022 8:00,2.605
11/20/2022 9:00,2.389
11/20/2022 10:00,2.019
11/20/2022 11:00,1.82
11/20/2022 12:00,1.815
11/20/2022 13:00,1.756
11/20/2022 14:00,1.716
11/20/2022 15:00,1.701
11/20/2022 16:00,1.708
11/20/2022 17:00,1.706
11/20/2022 18:00,1.712
11/20/2022 19:00,1.707
11/20/2022 20:00,1.705
11/20/2022 21:00,1.654
11/20/2022 22:00,1.577
11/20/2022 23:00,1.8
11/21/2022 0:00,2.019
11/21/2022 1:00,2.089
11/21/2022 2:00,2.128
11/21/2022 3:00,2.229
11/21/2022 4:00,2.339
11/21/2022 5:00,2.421
11/21/2022 6:00,2.455
11/21/2022 7:00,2.434
11/21/2022 8:00,2.342
11/21/2022 9:00,2.149
11/21/2022 10:00,1.799
11/21/2022 11:00,1.571
11/21/2022 12:00,1.587
11/21/2022 13:00,1.584
11/21/2022 14:00,1.583
11/21/2022 15:00,1.581
11/21/2022 16:00,1.556
11/21/2022 17:00,1.528
11/21/2022 18:00,1.504
11/21/2022 19:00,1.495
11/21/2022 20:00,1.491
11/21/2022 21:00,1.47
11/21/2022 22:00,1.476
11/21/2022 23:00,1.829
11/22/2022 0:00,2.18
11/22/2022 1:00,2.334
11/22/2022 2:00,2.369
11/22/2022 3:00,2.393
11/22/2022 4:00,2.442
11/22/2022 5:00,2.491
11/22/2022 6:00,2.508
11/22/2022 7:00,2.469
11/22/2022 8:00,2.341
11/22/2022 9:00,2.161
11/22/2022 10:00,1.844
11/22/2022 11:00,1.648
11/22/2022 12:00,1.669
11/22/2022 13:00,1.679
11/22/2022 14:00,1.677
11/22/2022 15:00,1.664
11/22/2022 16:00,1.661
11/22/2022 17:00,1.669
11/22/2022 18:00,1.674
11/22/2022 19:00,1.646
11/22/2022 20:00,1.623
11/22/2022 21:00,1.563
11/22/2022 22:00,1.467
11/22/2022 23:00,1.642
11/23/2022 0:00,1.746
11/23/2022 1:00,1.635
11/23/2022 2:00,1.615
11/23/2022 3:00,1.706
11/23/2022 4:00,1.813
11/23/2022 5:00,1.921
11/23/2022 6:00,2.008
11/23/2022 7:00,2.03
11/23/2022 8:00,1.959
11/23/2022 9:00,1.756
11/23/2022 10:00,1.476
11/23/2022 11:00,1.322
11/23/2022 12:00,1.345
11/23/2022 13:00,1.359
11/23/2022 14:00,1.357
11/23/2022 15:00,1.333
11/23/2022 16:00,1.31
11/23/2022 17:00,1.334
11/23/2022 18:00,1.362
11/23/2022 19:00,1.367
11/23/2022 20:00,1.366
11/23/2022 21:00,1.325
11/23/2022 22:00,1.256
11/23/2022 23:00,1.416
11/24/2022 0:00,1.584
11/24/2022 1:00,1.711
11/24/2022 2:00,1.801
11/24/2022 3:00,1.843
11/24/2022 4:00,1.863
11/24/2022 5:00,1.883
11/24/2022 6:00,1.904
11/24/2022 7:00,1.916
11/24/2022 8:00,1.893
11/24/2022 9:00,1.774
11/24/2022 10:00,1.579
11/24/2022 11:00,1.43
11/24/2022 12:00,1.433
11/24/2022 13:00,1.438
11/24/2022 14:00,1.447
11/24/2022 15:00,1.437
11/24/2022 16:00,1.411
11/24/2022 17:00,1.38
11/24/2022 18:00,1.347
11/24/2022 19:00,1.298
11/24/2022 20:00,1.259
11/24/2022 21:00,1.227
11/24/2022 22:00,1.201
11/24/2022 23:00,1.354
11/25/2022 0:00,1.592
11/25/2022 1:00,1.701
11/25/2022 2:00,1.806
11/25/2022 3:00,1.834
11/25/2022 4:00,1.794
11/25/2022 5:00,1.719
11/25/2022 6:00,1.654
11/25/2022 7:00,1.603
11/25/2022 8:00,1.537
11/25/2022 9:00,1.422
11/25/2022 10:00,1.234
11/25/2022 11:00,1.052
11/25/2022 12:00,1.054
11/25/2022 13:00,1.071
11/25/2022 14:00,1.109
11/25/2022 15:00,1.135
11/25/2022 16:00,1.161
11/25/2022 17:00,1.204
11/25/2022 18:00,1.254
11/25/2022 19:00,1.293
11/25/2022 20:00,1.309
11/25/2022 21:00,1.299
11/25/2022 22:00,1.286
11/25/2022 23:00,1.563
11/26/2022 0:00,1.814
11/26/2022 1:00,1.923
11/26/2022 2:00,1.956
11/26/2022 3:00,1.943
11/26/2022 4:00,1.938
11/26/2022 5:00,1.952
11/26/2022 6:00,1.964
11/26/2022 7:00,1.947
11/26/2022 8:00,1.878
11/26/2022 9:00,1.697
11/26/2022 10:00,1.448
11/26/2022 11:00,1.272
11/26/2022 12:00,1.268
11/26/2022 13:00,1.252
11/26/2022 14:00,1.233
11/26/2022 15:00,1.201
11/26/2022 16:00,1.175
11/26/2022 17:00,1.166
11/26/2022 18:00,1.166
11/26/2022 19:00,1.177
11/26/2022 20:00,1.183
11/26/2022 21:00,1.145
11/26/2022 22:00,1.095
11/26/2022 23:00,1.31
11/27/2022 0:00,1.388
11/27/2022 1:00,1.354
11/27/2022 2:00,1.317
11/27/2022 3:00,1.313
11/27/2022 4:00,1.309
11/27/2022 5:00,1.326
11/27/2022 6:00,1.389
11/27/2022 7:00,1.456
11/27/2022 8:00,1.458
11/27/2022 9:00,1.33
11/27/2022 10:00,1.139
11/27/2022 11:00,0.991
11/27/2022 12:00,0.977
11/27/2022 13:00,0.969
11/27/2022 14:00,0.971
11/27/2022 15:00,0.973
11/27/2022 16:00,0.971
11/27/2022 17:00,0.971
11/27/2022 18:00,0.971
11/27/2022 19:00,0.956
11/27/2022 20:00,0.949
11/27/2022 21:00,0.92
11/27/2022 22:00,0.889
11/27/2022 23:00,0.993
11/28/2022 0:00,1.112
11/28/2022 1:00,1.117
11/28/2022 2:00,1.116
11/28/2022 3:00,1.164
11/28/2022 4:00,1.278
11/28/2022 5:00,1.388
11/28/2022 6:00,1.469
11/28/2022 7:00,1.513
11/28/2022 8:00,1.502
11/28/2022 9:00,1.443
11/28/2022 10:00,1.302
11/28/2022 11:00,1.179
11/28/2022 12:00,1.177
11/28/2022 13:00,1.163
11/28/2022 14:00,1.157
11/28/2022 15:00,1.176
11/28/2022 16:00,1.221
11/28/2022 17:00,1.295
11/28/2022 18:00,1.392
11/28/2022 19:00,1.489
11/28/2022 20:00,1.55
11/28/2022 21:00,1.508
11/28/2022 22:00,1.448
11/28/2022 23:00,1.616
11/29/2022 0:00,1.841
11/29/2022 1:00,1.924
11/29/2022 2:00,1.905
11/29/2022 3:00,1.811
11/29/2022 4:00,1.695
11/29/2022 5:00,1.677
11/29/2022 6:00,1.706
11/29/2022 7:00,1.691
11/29/2022 8:00,1.612
11/29/2022 9:00,1.493
11/29/2022 10:00,1.293
11/29/2022 11:00,1.184
11/29/2022 12:00,1.204
11/29/2022 13:00,1.223
11/29/2022 14:00,1.239
11/29/2022 15:00,1.259
11/29/2022 16:00,1.269
11/29/2022 17:00,1.281
11/29/2022 18:00,1.319
11/29/2022 19:00,1.382
11/29/2022 20:00,1.448
11/29/2022 21:00,1.456
11/29/2022 22:00,1.458
11/29/2022 23:00,1.7
11/30/2022 0:00,1.935
11/30/2022 1:00,1.95
11/30/2022 2:00,1.851
11/30/2022 3:00,1.739
11/30/2022 4:00,1.636
11/30/2022 5:00,1.542
11/30/2022 6:00,1.532
11/30/2022 7:00,1.534
11/30/2022 8:00,1.527
11/30/2022 9:00,1.445
11/30/2022 10:00,1.275
11/30/2022 11:00,1.153
11/30/2022 12:00,1.175
11/30/2022 13:00,1.209
11/30/2022 14:00,1.263
11/30/2022 15:00,1.305
11/30/2022 16:00,1.339
11/30/2022 17:00,1.377
11/30/2022 18:00,1.404
11/30/2022 19:00,1.42
11/30/2022 20:00,1.438
11/30/2022 21:00,1.394
11/30/2022 22:00,1.347
11/30/2022 23:00,1.613
12/1/2022 0:00,1.788
12/1/2022 1:00,1.753
12/1/2022 2:00,1.629
12/1/2022 3:00,1.558
12/1/2022 4:00,1.521
12/1/2022 5:00,1.502
12/1/2022 6:00,1.575
12/1/2022 7:00,1.673
12/1/2022 8:00,1.703
12/1/2022 9:00,1.605
12/1/2022 10:00,1.387
12/1/2022 11:00,1.182
12/1/2022 12:00,1.144
12/1/2022 13:00,1.134
12/1/2022 14:00,1.149
12/1/2022 15:00,1.19
12/1/2022 16:00,1.254
12/1/2022 17:00,1.332
12/1/2022 18:00,1.401
12/1/2022 19:00,1.458
12/1/2022 20:00,1.515
12/1/2022 21:00,1.479
12/1/2022 22:00,1.404
12/1/2022 23:00,1.676
12/2/2022 0:00,1.855
12/2/2022 1:00,1.792
12/2/2022 2:00,1.638
12/2/2022 3:00,1.563
12/2/2022 4:00,1.55
12/2/2022 5:00,1.578
12/2/2022 6:00,1.632
12/2/2022 7:00,1.668
12/2/2022 8:00,1.653
12/2/2022 9:00,1.562
12/2/2022 10:00,1.409
12/2/2022 11:00,1.313
12/2/2022 12:00,1.363
12/2/2022 13:00,1.376
12/2/2022 14:00,1.377
12/2/2022 15:00,1.37
12/2/2022 16:00,1.363
12/2/2022 17:00,1.366
12/2/2022 18:00,1.383
12/2/2022 19:00,1.401
12/2/2022 20:00,1.415
12/2/2022 21:00,1.393
12/2/2022 22:00,1.379
12/2/2022 23:00,1.715
12/3/2022 0:00,1.889
12/3/2022 1:00,1.83
12/3/2022 2:00,1.654
12/3/2022 3:00,1.547
12/3/2022 4:00,1.51
12/3/2022 5:00,1.525
12/3/2022 6:00,1.574
12/3/2022 7:00,1.629
12/3/2022 8:00,1.639
12/3/2022 9:00,1.541
12/3/2022 10:00,1.333
12/3/2022 11:00,1.179
12/3/2022 12:00,1.175
12/3/2022 13:00,1.164
12/3/2022 14:00,1.145
12/3/2022 15:00,1.13
12/3/2022 16:00,1.125
12/3/2022 17:00,1.125
12/3/2022 18:00,1.115
12/3/2022 19:00,1.113
12/3/2022 20:00,1.126
12/3/2022 21:00,1.121
12/3/2022 22:00,1.084
12/3/2022 23:00,1.241
12/4/2022 0:00,1.388
12/4/2022 1:00,1.401
12/4/2022 2:00,1.408
12/4/2022 3:00,1.436
12/4/2022 4:00,1.474
12/4/2022 5:00,1.508
12/4/2022 6:00,1.548
12/4/2022 7:00,1.569
12/4/2022 8:00,1.556
12/4/2022 9:00,1.477
12/4/2022 10:00,1.314
12/4/2022 11:00,1.186
12/4/2022 12:00,1.127
12/4/2022 13:00,1.044
12/4/2022 14:00,0.976
12/4/2022 15:00,0.941
12/4/2022 16:00,0.918
12/4/2022 17:00,0.901
12/4/2022 18:00,0.896
12/4/2022 19:00,0.894
12/4/2022 20:00,0.902
12/4/2022 21:00,0.906
12/4/2022 22:00,0.909
12/4/2022 23:00,1.043
12/5/2022 0:00,1.259
12/5/2022 1:00,1.371
12/5/2022 2:00,1.458
12/5/2022 3:00,1.52
12/5/2022 4:00,1.568
12/5/2022 5:00,1.625
12/5/2022 6:00,1.664
12/5/2022 7:00,1.675
12/5/2022 8:00,1.661
12/5/2022 9:00,1.523
12/5/2022 10:00,1.288
12/5/2022 11:00,1.133
12/5/2022 12:00,1.136
12/5/2022 13:00,1.121
12/5/2022 14:00,1.039
12/5/2022 15:00,0.953
12/5/2022 16:00,0.954
12/5/2022 17:00,0.988
12/5/2022 18:00,0.987
12/5/2022 19:00,0.967
12/5/2022 20:00,0.948
12/5/2022 21:00,0.906
12/5/2022 22:00,0.859
12/5/2022 23:00,0.955
12/6/2022 0:00,1.149
12/6/2022 1:00,1.224
12/6/2022 2:00,1.262
12/6/2022 3:00,1.301
12/6/2022 4:00,1.359
12/6/2022 5:00,1.425
12/6/2022 6:00,1.493
12/6/2022 7:00,1.531
12/6/2022 8:00,1.515
12/6/2022 9:00,1.387
12/6/2022 10:00,1.184
12/6/2022 11:00,1.03
12/6/2022 12:00,1.007
12/6/2022 13:00,0.968
12/6/2022 14:00,0.94
12/6/2022 15:00,0.927
12/6/2022 16:00,0.935
12/6/2022 17:00,0.944
12/6/2022 18:00,0.96
12/6/2022 19:00,0.976
12/6/2022 20:00,0.989
12/6/2022 21:00,1.013
12/6/2022 22:00,1.027
12/6/2022 23:00,1.164
12/7/2022 0:00,1.371
12/7/2022 1:00,1.425
12/7/2022 2:00,1.447
12/7/2022 3:00,1.524
12/7/2022 4:00,1.615
12/7/2022 5:00,1.677
12/7/2022 6:00,1.684
12/7/2022 7:00,1.64
12/7/2022 8:00,1.582
12/7/2022 9:00,1.455
12/7/2022 10:00,1.235
12/7/2022 11:00,1.079
12/7/2022 12:00,1.065
12/7/2022 13:00,1.038
12/7/2022 14:00,1.02
12/7/2022 15:00,1.015
12/7/2022 16:00,1.037
12/7/2022 17:00,1.09
12/7/2022 18:00,1.151
12/7/2022 19:00,1.188
12/7/2022 20:00,1.229
12/7/2022 21:00,1.214
12/7/2022 22:00,1.164
12/7/2022 23:00,1.27
12/8/2022 0:00,1.41
12/8/2022 1:00,1.45
12/8/2022 2:00,1.475
12/8/2022 3:00,1.479
12/8/2022 4:00,1.503
12/8/2022 5:00,1.548
12/8/2022 6:00,1.585
12/8/2022 7:00,1.582
12/8/2022 8:00,1.534
12/8/2022 9:00,1.411
12/8/2022 10:00,1.237
12/8/2022 11:00,1.114
12/8/2022 12:00,1.137
12/8/2022 13:00,1.165
12/8/2022 14:00,1.198
12/8/2022 15:00,1.231
12/8/2022 16:00,1.264
12/8/2022 17:00,1.294
12/8/2022 18:00,1.317
12/8/2022 19:00,1.336
12/8/2022 20:00,1.368
12/8/2022 21:00,1.358
12/8/2022 22:00,1.342
12/8/2022 23:00,1.591
12/9/2022 0:00,1.805
12/9/2022 1:00,1.836
12/9/2022 2:00,1.948
12/9/2022 3:00,2.094
12/9/2022 4:00,2.144
12/9/2022 5:00,2.131
12/9/2022 6:00,2.107
12/9/2022 7:00,2.093
12/9/2022 8:00,2.019
12/9/2022 9:00,1.854
12/9/2022 10:00,1.59
12/9/2022 11:00,1.387
12/9/2022 12:00,1.382
12/9/2022 13:00,1.385
12/9/2022 14:00,1.418
12/9/2022 15:00,1.434
12/9/2022 16:00,1.432
12/9/2022 17:00,1.44
12/9/2022 18:00,1.452
12/9/2022 19:00,1.464
12/9/2022 20:00,1.468
12/9/2022 21:00,1.447
12/9/2022 22:00,1.423
12/9/2022 23:00,1.776
12/10/2022 0:00,2.012
12/10/2022 1:00,2.019
12/10/2022 2:00,1.997
12/10/2022 3:00,2.018
12/10/2022 4:00,2.038
12/10/2022 5:00,2.057
12/10/2022 6:00,2.089
12/10/2022 7:00,2.126
12/10/2022 8:00,2.129
12/10/2022 9:00,2.02
12/10/2022 10:00,1.768
12/10/2022 11:00,1.594
12/10/2022 12:00,1.645
12/10/2022 13:00,1.682
12/10/2022 14:00,1.708
12/10/2022 15:00,1.675
12/10/2022 16:00,1.61
12/10/2022 17:00,1.552
12/10/2022 18:00,1.487
12/10/2022 19:00,1.436
12/10/2022 20:00,1.403
12/10/2022 21:00,1.379
12/10/2022 22:00,1.384
12/10/2022 23:00,1.753
12/11/2022 0:00,1.992
12/11/2022 1:00,1.98
12/11/2022 2:00,1.901
12/11/2022 3:00,1.862
12/11/2022 4:00,1.865
12/11/2022 5:00,1.903
12/11/2022 6:00,1.977
12/11/2022 7:00,2.052
12/11/2022 8:00,2.075
12/11/2022 9:00,1.997
12/11/2022 10:00,1.835
12/11/2022 11:00,1.709
12/11/2022 12:00,1.761
12/11/2022 13:00,1.792
12/11/2022 14:00,1.771
12/11/2022 15:00,1.705
12/11/2022 16:00,1.625
12/11/2022 17:00,1.577
12/11/2022 18:00,1.551
12/11/2022 19:00,1.527
12/11/2022 20:00,1.51
12/11/2022 21:00,1.453
12/11/2022 22:00,1.406
12/11/2022 23:00,1.723
12/12/2022 0:00,1.911
12/12/2022 1:00,1.928
12/12/2022 2:00,1.853
12/12/2022 3:00,1.8
12/12/2022 4:00,1.787
12/12/2022 5:00,1.801
12/12/2022 6:00,1.816
12/12/2022 7:00,1.809
12/12/2022 8:00,1.776
12/12/2022 9:00,1.676
12/12/2022 10:00,1.54
12/12/2022 11:00,1.417
12/12/2022 12:00,1.428
12/12/2022 13:00,1.42
12/12/2022 14:00,1.408
12/12/2022 15:00,1.399
12/12/2022 16:00,1.397
12/12/2022 17:00,1.372
12/12/2022 18:00,1.362
12/12/2022 19:00,1.381
12/12/2022 20:00,1.386
12/12/2022 21:00,1.35
12/12/2022 22:00,1.302
12/12/2022 23:00,1.52
12/13/2022 0:00,1.724
12/13/2022 1:00,1.827
12/13/2022 2:00,1.808
12/13/2022 3:00,1.761
12/13/2022 4:00,1.724
12/13/2022 5:00,1.696
12/13/2022 6:00,1.675
12/13/2022 7:00,1.666
12/13/2022 8:00,1.636
12/13/2022 9:00,1.558
12/13/2022 10:00,1.393
12/13/2022 11:00,1.284
12/13/2022 12:00,1.308
12/13/2022 13:00,1.318
12/13/2022 14:00,1.33
12/13/2022 15:00,1.367
12/13/2022 16:00,1.419
12/13/2022 17:00,1.452
12/13/2022 18:00,1.454
12/13/2022 19:00,1.407
12/13/2022 20:00,1.35
12/13/2022 21:00,1.288
12/13/2022 22:00,1.237
12/13/2022 23:00,1.393
12/14/2022 0:00,1.568
12/14/2022 1:00,1.628
12/14/2022 2:00,1.658
12/14/2022 3:00,1.69
12/14/2022 4:00,1.724
12/14/2022 5:00,1.775
12/14/2022 6:00,1.811
12/14/2022 7:00,1.811
12/14/2022 8:00,1.748
12/14/2022 9:00,1.606
12/14/2022 10:00,1.373
12/14/2022 11:00,1.226
12/14/2022 12:00,1.216
12/14/2022 13:00,1.212
12/14/2022 14:00,1.221
12/14/2022 15:00,1.212
12/14/2022 16:00,1.203
12/14/2022 17:00,1.205
12/14/2022 18:00,1.212
12/14/2022 19:00,1.225
12/14/2022 20:00,1.236
12/14/2022 21:00,1.226
12/14/2022 22:00,1.209
12/14/2022 23:00,1.385
12/15/2022 0:00,1.598
12/15/2022 1:00,1.731
12/15/2022 2:00,1.875
12/15/2022 3:00,1.933
12/15/2022 4:00,1.932
12/15/2022 5:00,1.916
12/15/2022 6:00,1.897
12/15/2022 7:00,1.888
12/15/2022 8:00,1.847
12/15/2022 9:00,1.725
12/15/2022 10:00,1.514
12/15/2022 11:00,1.327
12/15/2022 12:00,1.297
12/15/2022 13:00,1.282
12/15/2022 14:00,1.265
12/15/2022 15:00,1.225
12/15/2022 16:00,1.208
12/15/2022 17:00,1.21
12/15/2022 18:00,1.222
12/15/2022 19:00,1.237
12/15/2022 20:00,1.239
12/15/2022 21:00,1.216
12/15/2022 22:00,1.216
12/15/2022 23:00,1.392
12/16/2022 0:00,1.617
12/16/2022 1:00,1.805
12/16/2022 2:00,1.888
12/16/2022 3:00,1.865
12/16/2022 4:00,1.853
12/16/2022 5:00,1.875
12/16/2022 6:00,1.888
12/16/2022 7:00,1.866
12/16/2022 8:00,1.766
12/16/2022 9:00,1.58
12/16/2022 10:00,1.33
12/16/2022 11:00,1.137
12/16/2022 12:00,1.095
12/16/2022 13:00,1.058
12/16/2022 14:00,1.031
12/16/2022 15:00,1.035
12/16/2022 16:00,1.054
12/16/2022 17:00,1.059
12/16/2022 18:00,1.043
12/16/2022 19:00,1.024
12/16/2022 20:00,1.038
12/16/2022 21:00,1.049
12/16/2022 22:00,1.046
12/16/2022 23:00,1.216
12/17/2022 0:00,1.367
12/17/2022 1:00,1.469
12/17/2022 2:00,1.631
12/17/2022 3:00,1.719
12/17/2022 4:00,1.747
12/17/2022 5:00,1.784
12/17/2022 6:00,1.828
12/17/2022 7:00,1.852
12/17/2022 8:00,1.809
12/17/2022 9:00,1.698
12/17/2022 10:00,1.49
12/17/2022 11:00,1.265
12/17/2022 12:00,1.231
12/17/2022 13:00,1.203
12/17/2022 14:00,1.203
12/17/2022 15:00,1.189
12/17/2022 16:00,1.172
12/17/2022 17:00,1.174
12/17/2022 18:00,1.193
12/17/2022 19:00,1.212
12/17/2022 20:00,1.234
12/17/2022 21:00,1.227
12/17/2022 22:00,1.232
12/17/2022 23:00,1.539
12/18/2022 0:00,1.597
12/18/2022 1:00,1.486
12/18/2022 2:00,1.463
12/18/2022 3:00,1.476
12/18/2022 4:00,1.504
12/18/2022 5:00,1.571
12/18/2022 6:00,1.653
12/18/2022 7:00,1.721
12/18/2022 8:00,1.735
12/18/2022 9:00,1.609
12/18/2022 10:00,1.409
12/18/2022 11:00,1.185
12/18/2022 12:00,1.157
12/18/2022 13:00,1.12
12/18/2022 14:00,1.089
12/18/2022 15:00,1.068
12/18/2022 16:00,1.056
12/18/2022 17:00,1.057
12/18/2022 18:00,1.053
12/18/2022 19:00,1.057
12/18/2022 20:00,1.073
12/18/2022 21:00,1.076
12/18/2022 22:00,1.077
12/18/2022 23:00,1.264
12/19/2022 0:00,1.379
12/19/2022 1:00,1.429
12/19/2022 2:00,1.47
12/19/2022 3:00,1.52
12/19/2022 4:00,1.568
12/19/2022 5:00,1.623
12/19/2022 6:00,1.668
12/19/2022 7:00,1.675
12/19/2022 8:00,1.64
12/19/2022 9:00,1.499
12/19/2022 10:00,1.285
12/19/2022 11:00,1.082
12/19/2022 12:00,1.049
12/19/2022 13:00,1.012
12/19/2022 14:00,0.982
12/19/2022 15:00,0.958
12/19/2022 16:00,0.945
12/19/2022 17:00,0.947
12/19/2022 18:00,0.95
12/19/2022 19:00,0.946
12/19/2022 20:00,0.94
12/19/2022 21:00,0.923
12/19/2022 22:00,0.929
12/19/2022 23:00,1.078
12/20/2022 0:00,1.131
12/20/2022 1:00,1.198
12/20/2022 2:00,1.298
12/20/2022 3:00,1.412
12/20/2022 4:00,1.543
12/20/2022 5:00,1.679
12/20/2022 6:00,1.792
12/20/2022 7:00,1.845
12/20/2022 8:00,1.808
12/20/2022 9:00,1.645
12/20/2022 10:00,1.409
12/20/2022 11:00,1.16
12/20/2022 12:00,1.124
12/20/2022 13:00,1.099
12/20/2022 14:00,1.101
12/20/2022 15:00,1.096
12/20/2022 16:00,1.083
12/20/2022 17:00,1.08
12/20/2022 18:00,1.081
12/20/2022 19:00,1.076
12/20/2022 20:00,1.068
12/20/2022 21:00,1.064
12/20/2022 22:00,1.09
12/20/2022 23:00,1.352
12/21/2022 0:00,1.501
12/21/2022 1:00,1.596
12/21/2022 2:00,1.746
12/21/2022 3:00,1.922
12/21/2022 4:00,2.094
12/21/2022 5:00,2.254
12/21/2022 6:00,2.373
12/21/2022 7:00,2.414
12/21/2022 8:00,2.341
12/21/2022 9:00,2.15
12/21/2022 10:00,1.829
12/21/2022 11:00,1.588
12/21/2022 12:00,1.561
12/21/2022 13:00,1.541
12/21/2022 14:00,1.551
12/21/2022 15:00,1.576
12/21/2022 16:00,1.593
12/21/2022 17:00,1.633
12/21/2022 18:00,1.682
12/21/2022 19:00,1.706
12/21/2022 20:00,1.708
12/21/2022 21:00,1.684
12/21/2022 22:00,1.698
12/21/2022 23:00,2.045
12/22/2022 0:00,2.445
12/22/2022 1:00,2.755
12/22/2022 2:00,3.051
12/22/2022 3:00,3.258
12/22/2022 4:00,3.345
12/22/2022 5:00,3.384
12/22/2022 6:00,3.325
12/22/2022 7:00,3.143
12/22/2022 8:00,2.861
12/22/2022 9:00,2.555
12/22/2022 10:00,2.193
12/22/2022 11:00,2.015
12/22/2022 12:00,2.079
12/22/2022 13:00,2.127
12/22/2022 14:00,2.196
12/22/2022 15:00,2.099
12/22/2022 16:00,2.025
12/22/2022 17:00,1.974
12/22/2022 18:00,1.912
12/22/2022 19:00,1.847
12/22/2022 20:00,1.765
12/22/2022 21:00,1.731
12/22/2022 22:00,1.773
12/22/2022 23:00,2.101
12/23/2022 0:00,2.538
12/23/2022 1:00,2.945
12/23/2022 2:00,3.255
12/23/2022 3:00,3.458
12/23/2022 4:00,3.598
12/23/2022 5:00,3.671
12/23/2022 6:00,3.63
12/23/2022 7:00,3.473
12/23/2022 8:00,3.206
12/23/2022 9:00,2.837
12/23/2022 10:00,2.347
12/23/2022 11:00,2.081
12/23/2022 12:00,2.051
12/23/2022 13:00,2.035
12/23/2022 14:00,2.02
12/23/2022 15:00,1.957
12/23/2022 16:00,1.867
12/23/2022 17:00,1.806
12/23/2022 18:00,1.757
12/23/2022 19:00,1.694
12/23/2022 20:00,1.619
12/23/2022 21:00,1.606
12/23/2022 22:00,1.643
12/23/2022 23:00,1.927
12/24/2022 0:00,2.344
12/24/2022 1:00,2.719
12/24/2022 2:00,3.042
12/24/2022 3:00,3.244
12/24/2022 4:00,3.344
12/24/2022 5:00,3.37
12/24/2022 6:00,3.329
12/24/2022 7:00,3.232
12/24/2022 8:00,3.033
12/24/2022 9:00,2.651
12/24/2022 10:00,2.093
12/24/2022 11:00,1.776
12/24/2022 12:00,1.701
12/24/2022 13:00,1.669
12/24/2022 14:00,1.681
12/24/2022 15:00,1.717
12/24/2022 16:00,1.77
12/24/2022 17:00,1.826
12/24/2022 18:00,1.872
12/24/2022 19:00,1.901
12/24/2022 20:00,1.909
12/24/2022 21:00,1.893
12/24/2022 22:00,1.904
12/24/2022 23:00,2.185
12/25/2022 0:00,2.619
12/25/2022 1:00,3.016
12/25/2022 2:00,3.284
12/25/2022 3:00,3.406
12/25/2022 4:00,3.438
12/25/2022 5:00,3.426
12/25/2022 6:00,3.361
12/25/2022 7:00,3.226
12/25/2022 8:00,3.002
12/25/2022 9:00,2.702
12/25/2022 10:00,2.274
12/25/2022 11:00,1.97
12/25/2022 12:00,1.932
12/25/2022 13:00,1.927
12/25/2022 14:00,1.949
12/25/2022 15:00,1.911
12/25/2022 16:00,1.845
12/25/2022 17:00,1.8
12/25/2022 18:00,1.763
12/25/2022 19:00,1.735
12/25/2022 20:00,1.704
12/25/2022 21:00,1.702
12/25/2022 22:00,1.72
12/25/2022 23:00,2.119
12/26/2022 0:00,2.568
12/26/2022 1:00,2.98
12/26/2022 2:00,3.286
12/26/2022 3:00,3.426
12/26/2022 4:00,3.443
12/26/2022 5:00,3.423
12/26/2022 6:00,3.327
12/26/2022 7:00,3.169
12/26/2022 8:00,2.921
12/26/2022 9:00,2.595
12/26/2022 10:00,2.17
12/26/2022 11:00,1.911
12/26/2022 12:00,1.881
12/26/2022 13:00,1.857
12/26/2022 14:00,1.836
12/26/2022 15:00,1.777
12/26/2022 16:00,1.727
12/26/2022 17:00,1.713
12/26/2022 18:00,1.716
12/26/2022 19:00,1.718
12/26/2022 20:00,1.704
12/26/2022 21:00,1.712
12/26/2022 22:00,1.749
12/26/2022 23:00,2.057
12/27/2022 0:00,2.491
12/27/2022 1:00,2.835
12/27/2022 2:00,3.108
12/27/2022 3:00,3.238
12/27/2022 4:00,3.276
12/27/2022 5:00,3.251
12/27/2022 6:00,3.168
12/27/2022 7:00,3.031
12/27/2022 8:00,2.815
12/27/2022 9:00,2.486
12/27/2022 10:00,2.031
12/27/2022 11:00,1.772
12/27/2022 12:00,1.749
12/27/2022 13:00,1.73
12/27/2022 14:00,1.725
12/27/2022 15:00,1.753
12/27/2022 16:00,1.823
12/27/2022 17:00,1.87
12/27/2022 18:00,1.912
12/27/2022 19:00,1.959
12/27/2022 20:00,1.999
12/27/2022 21:00,1.919
12/27/2022 22:00,1.833
12/27/2022 23:00,2.164
12/28/2022 0:00,2.554
12/28/2022 1:00,2.893
12/28/2022 2:00,3.153
12/28/2022 3:00,3.376
12/28/2022 4:00,3.552
12/28/2022 5:00,3.657
12/28/2022 6:00,3.69
12/28/2022 7:00,3.604
12/28/2022 8:00,3.369
12/28/2022 9:00,2.935
12/28/2022 10:00,2.375
12/28/2022 11:00,2.093
12/28/2022 12:00,2.101
12/28/2022 13:00,2.168
12/28/2022 14:00,2.233
12/28/2022 15:00,2.247
12/28/2022 16:00,2.265
12/28/2022 17:00,2.343
12/28/2022 18:00,2.401
12/28/2022 19:00,2.409
12/28/2022 20:00,2.416
12/28/2022 21:00,2.375
12/28/2022 22:00,2.273
12/28/2022 23:00,2.49
12/29/2022 0:00,2.84
12/29/2022 1:00,3.162
12/29/2022 2:00,3.404
12/29/2022 3:00,3.611
12/29/2022 4:00,3.755
12/29/2022 5:00,3.764
12/29/2022 6:00,3.66
12/29/2022 7:00,3.458
12/29/2022 8:00,3.136
12/29/2022 9:00,2.723
12/29/2022 10:00,2.241
12/29/2022 11:00,1.996
12/29/2022 12:00,1.973
12/29/2022 13:00,2.004
12/29/2022 14:00,2.044
12/29/2022 15:00,2.059
12/29/2022 16:00,2.079
12/29/2022 17:00,2.094
12/29/2022 18:00,2.091
12/29/2022 19:00,2.072
12/29/2022 20:00,2.051
12/29/2022 21:00,2.057
12/29/2022 22:00,2.093
12/29/2022 23:00,2.388
12/30/2022 0:00,2.824
12/30/2022 1:00,3.247
12/30/2022 2:00,3.625
12/30/2022 3:00,3.887
12/30/2022 4:00,4.043
12/30/2022 5:00,4.087
12/30/2022 6:00,3.999
12/30/2022 7:00,3.834
12/30/2022 8:00,3.591
12/30/2022 9:00,3.202
12/30/2022 10:00,2.712
12/30/2022 11:00,2.448
12/30/2022 12:00,2.381
12/30/2022 13:00,2.333
12/30/2022 14:00,2.305
12/30/2022 15:00,2.271
12/30/2022 16:00,2.28
12/30/2022 17:00,2.342
12/30/2022 18:00,2.43
12/30/2022 19:00,2.499
12/30/2022 20:00,2.551
12/30/2022 21:00,2.614
12/30/2022 22:00,2.765
12/30/2022 23:00,3.019
12/31/2022 0:00,3.358
12/31/2022 1:00,3.753
12/31/2022 2:00,4.082
12/31/2022 3:00,4.189
12/31/2022 4:00,4.15
12/31/2022 5:00,4.052
12/31/2022 6:00,3.899
12/31/2022 7:00,3.638
12/31/2022 8:00,3.259
12/31/2022 9:00,2.837
12/31/2022 10:00,2.4
12/31/2022 11:00,2.187
12/31/2022 12:00,2.166
12/31/2022 13:00,2.209
12/31/2022 14:00,2.248
12/31/2022 15:00,2.225
12/31/2022 16:00,2.186
12/31/2022 17:00,2.171
12/31/2022 18:00,2.143
12/31/2022 19:00,2.084
12/31/2022 20:00,2.015
12/31/2022 21:00,1.968
12/31/2022 22:00,1.958
12/31/2022 23:00,2.179
