# Renewables.ninja Weather (hourly 1980-2022)  -  Latvia  -  renewables_ninja_country_LV_irradiance-surface_merra-2_pop-wtd.csv  -  Version 1.4,
# License: https://creativecommons.org/licenses/by-nc/4.0/  -  Reference: https://doi.org/10.1038/s41560-023-01341-5,
# Units: time in UTC; other columns are the irradiance at ground level in W/m^2 (SWGDN in MERRA-2) weighted by population; column names signify country ISO2 code or GADM level1 code.,
,
1/1/2022 0:00,0
1/1/2022 1:00,0
1/1/2022 2:00,0
1/1/2022 3:00,0
1/1/2022 4:00,0
1/1/2022 5:00,0
1/1/2022 6:00,0.002
1/1/2022 7:00,3.992
1/1/2022 8:00,25.158
1/1/2022 9:00,64.412
1/1/2022 10:00,91.099
1/1/2022 11:00,88.52
1/1/2022 12:00,51.294
1/1/2022 13:00,8.573
1/1/2022 14:00,0
1/1/2022 15:00,0
1/1/2022 16:00,0
1/1/2022 17:00,0
1/1/2022 18:00,0
1/1/2022 19:00,0
1/1/2022 20:00,0
1/1/2022 21:00,0
1/1/2022 22:00,0
1/1/2022 23:00,0
1/2/2022 0:00,0
1/2/2022 1:00,0
1/2/2022 2:00,0
1/2/2022 3:00,0
1/2/2022 4:00,0
1/2/2022 5:00,0
1/2/2022 6:00,0.02
1/2/2022 7:00,4.125
1/2/2022 8:00,14.837
1/2/2022 9:00,28.888
1/2/2022 10:00,31.598
1/2/2022 11:00,24.109
1/2/2022 12:00,11.688
1/2/2022 13:00,1.402
1/2/2022 14:00,0
1/2/2022 15:00,0
1/2/2022 16:00,0
1/2/2022 17:00,0
1/2/2022 18:00,0
1/2/2022 19:00,0
1/2/2022 20:00,0
1/2/2022 21:00,0
1/2/2022 22:00,0
1/2/2022 23:00,0
1/3/2022 0:00,0
1/3/2022 1:00,0
1/3/2022 2:00,0
1/3/2022 3:00,0
1/3/2022 4:00,0
1/3/2022 5:00,0
1/3/2022 6:00,0.024
1/3/2022 7:00,4.798
1/3/2022 8:00,16.461
1/3/2022 9:00,25.554
1/3/2022 10:00,29.804
1/3/2022 11:00,26.066
1/3/2022 12:00,13.832
1/3/2022 13:00,2.124
1/3/2022 14:00,0
1/3/2022 15:00,0
1/3/2022 16:00,0
1/3/2022 17:00,0
1/3/2022 18:00,0
1/3/2022 19:00,0
1/3/2022 20:00,0
1/3/2022 21:00,0
1/3/2022 22:00,0
1/3/2022 23:00,0
1/4/2022 0:00,0
1/4/2022 1:00,0
1/4/2022 2:00,0
1/4/2022 3:00,0
1/4/2022 4:00,0
1/4/2022 5:00,0
1/4/2022 6:00,0.013
1/4/2022 7:00,3.263
1/4/2022 8:00,10.856
1/4/2022 9:00,18.296
1/4/2022 10:00,29.095
1/4/2022 11:00,30.666
1/4/2022 12:00,18.512
1/4/2022 13:00,2.963
1/4/2022 14:00,0
1/4/2022 15:00,0
1/4/2022 16:00,0
1/4/2022 17:00,0
1/4/2022 18:00,0
1/4/2022 19:00,0
1/4/2022 20:00,0
1/4/2022 21:00,0
1/4/2022 22:00,0
1/4/2022 23:00,0
1/5/2022 0:00,0
1/5/2022 1:00,0
1/5/2022 2:00,0
1/5/2022 3:00,0
1/5/2022 4:00,0
1/5/2022 5:00,0
1/5/2022 6:00,0.032
1/5/2022 7:00,11.411
1/5/2022 8:00,45.712
1/5/2022 9:00,70.303
1/5/2022 10:00,75.334
1/5/2022 11:00,63.527
1/5/2022 12:00,35.33
1/5/2022 13:00,5.821
1/5/2022 14:00,0
1/5/2022 15:00,0
1/5/2022 16:00,0
1/5/2022 17:00,0
1/5/2022 18:00,0
1/5/2022 19:00,0
1/5/2022 20:00,0
1/5/2022 21:00,0
1/5/2022 22:00,0
1/5/2022 23:00,0
1/6/2022 0:00,0
1/6/2022 1:00,0
1/6/2022 2:00,0
1/6/2022 3:00,0
1/6/2022 4:00,0
1/6/2022 5:00,0
1/6/2022 6:00,0.045
1/6/2022 7:00,10.778
1/6/2022 8:00,41.751
1/6/2022 9:00,70.252
1/6/2022 10:00,91.454
1/6/2022 11:00,85.937
1/6/2022 12:00,55.834
1/6/2022 13:00,11.275
1/6/2022 14:00,0
1/6/2022 15:00,0
1/6/2022 16:00,0
1/6/2022 17:00,0
1/6/2022 18:00,0
1/6/2022 19:00,0
1/6/2022 20:00,0
1/6/2022 21:00,0
1/6/2022 22:00,0
1/6/2022 23:00,0
1/7/2022 0:00,0
1/7/2022 1:00,0
1/7/2022 2:00,0
1/7/2022 3:00,0
1/7/2022 4:00,0
1/7/2022 5:00,0
1/7/2022 6:00,0.138
1/7/2022 7:00,22.408
1/7/2022 8:00,75.405
1/7/2022 9:00,115.899
1/7/2022 10:00,134.062
1/7/2022 11:00,116.567
1/7/2022 12:00,70.43
1/7/2022 13:00,13.948
1/7/2022 14:00,0
1/7/2022 15:00,0
1/7/2022 16:00,0
1/7/2022 17:00,0
1/7/2022 18:00,0
1/7/2022 19:00,0
1/7/2022 20:00,0
1/7/2022 21:00,0
1/7/2022 22:00,0
1/7/2022 23:00,0
1/8/2022 0:00,0
1/8/2022 1:00,0
1/8/2022 2:00,0
1/8/2022 3:00,0
1/8/2022 4:00,0
1/8/2022 5:00,0
1/8/2022 6:00,0.148
1/8/2022 7:00,10.321
1/8/2022 8:00,27.23
1/8/2022 9:00,36.446
1/8/2022 10:00,39.083
1/8/2022 11:00,35.655
1/8/2022 12:00,24.291
1/8/2022 13:00,5.431
1/8/2022 14:00,0
1/8/2022 15:00,0
1/8/2022 16:00,0
1/8/2022 17:00,0
1/8/2022 18:00,0
1/8/2022 19:00,0
1/8/2022 20:00,0
1/8/2022 21:00,0
1/8/2022 22:00,0
1/8/2022 23:00,0
1/9/2022 0:00,0
1/9/2022 1:00,0
1/9/2022 2:00,0
1/9/2022 3:00,0
1/9/2022 4:00,0
1/9/2022 5:00,0
1/9/2022 6:00,0.216
1/9/2022 7:00,17.521
1/9/2022 8:00,52.537
1/9/2022 9:00,75.075
1/9/2022 10:00,91.732
1/9/2022 11:00,86.525
1/9/2022 12:00,55.753
1/9/2022 13:00,12.151
1/9/2022 14:00,0.002
1/9/2022 15:00,0
1/9/2022 16:00,0
1/9/2022 17:00,0
1/9/2022 18:00,0
1/9/2022 19:00,0
1/9/2022 20:00,0
1/9/2022 21:00,0
1/9/2022 22:00,0
1/9/2022 23:00,0
1/10/2022 0:00,0
1/10/2022 1:00,0
1/10/2022 2:00,0
1/10/2022 3:00,0
1/10/2022 4:00,0
1/10/2022 5:00,0
1/10/2022 6:00,0.206
1/10/2022 7:00,20.885
1/10/2022 8:00,63.489
1/10/2022 9:00,96.563
1/10/2022 10:00,111.029
1/10/2022 11:00,95.194
1/10/2022 12:00,56.532
1/10/2022 13:00,12.538
1/10/2022 14:00,0.004
1/10/2022 15:00,0
1/10/2022 16:00,0
1/10/2022 17:00,0
1/10/2022 18:00,0
1/10/2022 19:00,0
1/10/2022 20:00,0
1/10/2022 21:00,0
1/10/2022 22:00,0
1/10/2022 23:00,0
1/11/2022 0:00,0
1/11/2022 1:00,0
1/11/2022 2:00,0
1/11/2022 3:00,0
1/11/2022 4:00,0
1/11/2022 5:00,0
1/11/2022 6:00,0.469
1/11/2022 7:00,33.881
1/11/2022 8:00,96.351
1/11/2022 9:00,140.902
1/11/2022 10:00,163.357
1/11/2022 11:00,145.668
1/11/2022 12:00,92.047
1/11/2022 13:00,22.008
1/11/2022 14:00,0.01
1/11/2022 15:00,0
1/11/2022 16:00,0
1/11/2022 17:00,0
1/11/2022 18:00,0
1/11/2022 19:00,0
1/11/2022 20:00,0
1/11/2022 21:00,0
1/11/2022 22:00,0
1/11/2022 23:00,0
1/12/2022 0:00,0
1/12/2022 1:00,0
1/12/2022 2:00,0
1/12/2022 3:00,0
1/12/2022 4:00,0
1/12/2022 5:00,0
1/12/2022 6:00,0.501
1/12/2022 7:00,24.66
1/12/2022 8:00,68.019
1/12/2022 9:00,99.72
1/12/2022 10:00,113.341
1/12/2022 11:00,97.89
1/12/2022 12:00,57.21
1/12/2022 13:00,12.341
1/12/2022 14:00,0.005
1/12/2022 15:00,0
1/12/2022 16:00,0
1/12/2022 17:00,0
1/12/2022 18:00,0
1/12/2022 19:00,0
1/12/2022 20:00,0
1/12/2022 21:00,0
1/12/2022 22:00,0
1/12/2022 23:00,0
1/13/2022 0:00,0
1/13/2022 1:00,0
1/13/2022 2:00,0
1/13/2022 3:00,0
1/13/2022 4:00,0
1/13/2022 5:00,0
1/13/2022 6:00,0.036
1/13/2022 7:00,7.097
1/13/2022 8:00,29.082
1/13/2022 9:00,59.506
1/13/2022 10:00,61.067
1/13/2022 11:00,47.307
1/13/2022 12:00,25.43
1/13/2022 13:00,6.183
1/13/2022 14:00,0.014
1/13/2022 15:00,0
1/13/2022 16:00,0
1/13/2022 17:00,0
1/13/2022 18:00,0
1/13/2022 19:00,0
1/13/2022 20:00,0
1/13/2022 21:00,0
1/13/2022 22:00,0
1/13/2022 23:00,0
1/14/2022 0:00,0
1/14/2022 1:00,0
1/14/2022 2:00,0
1/14/2022 3:00,0
1/14/2022 4:00,0
1/14/2022 5:00,0
1/14/2022 6:00,0.222
1/14/2022 7:00,25.606
1/14/2022 8:00,72.767
1/14/2022 9:00,90.058
1/14/2022 10:00,83.229
1/14/2022 11:00,74.874
1/14/2022 12:00,55.947
1/14/2022 13:00,10.37
1/14/2022 14:00,0.032
1/14/2022 15:00,0
1/14/2022 16:00,0
1/14/2022 17:00,0
1/14/2022 18:00,0
1/14/2022 19:00,0
1/14/2022 20:00,0
1/14/2022 21:00,0
1/14/2022 22:00,0
1/14/2022 23:00,0
1/15/2022 0:00,0
1/15/2022 1:00,0
1/15/2022 2:00,0
1/15/2022 3:00,0
1/15/2022 4:00,0
1/15/2022 5:00,0
1/15/2022 6:00,0.547
1/15/2022 7:00,31.947
1/15/2022 8:00,92.22
1/15/2022 9:00,137.317
1/15/2022 10:00,156.022
1/15/2022 11:00,133.204
1/15/2022 12:00,82.182
1/15/2022 13:00,21.616
1/15/2022 14:00,0.042
1/15/2022 15:00,0
1/15/2022 16:00,0
1/15/2022 17:00,0
1/15/2022 18:00,0
1/15/2022 19:00,0
1/15/2022 20:00,0
1/15/2022 21:00,0
1/15/2022 22:00,0
1/15/2022 23:00,0
1/16/2022 0:00,0
1/16/2022 1:00,0
1/16/2022 2:00,0
1/16/2022 3:00,0
1/16/2022 4:00,0
1/16/2022 5:00,0
1/16/2022 6:00,0.929
1/16/2022 7:00,24.398
1/16/2022 8:00,53.466
1/16/2022 9:00,61.884
1/16/2022 10:00,61.445
1/16/2022 11:00,48.038
1/16/2022 12:00,24.951
1/16/2022 13:00,5.818
1/16/2022 14:00,0.007
1/16/2022 15:00,0
1/16/2022 16:00,0
1/16/2022 17:00,0
1/16/2022 18:00,0
1/16/2022 19:00,0
1/16/2022 20:00,0
1/16/2022 21:00,0
1/16/2022 22:00,0
1/16/2022 23:00,0
1/17/2022 0:00,0
1/17/2022 1:00,0
1/17/2022 2:00,0
1/17/2022 3:00,0
1/17/2022 4:00,0
1/17/2022 5:00,0
1/17/2022 6:00,0.339
1/17/2022 7:00,22.789
1/17/2022 8:00,63.865
1/17/2022 9:00,78.45
1/17/2022 10:00,63.351
1/17/2022 11:00,49.991
1/17/2022 12:00,37.665
1/17/2022 13:00,16.256
1/17/2022 14:00,0.09
1/17/2022 15:00,0
1/17/2022 16:00,0
1/17/2022 17:00,0
1/17/2022 18:00,0
1/17/2022 19:00,0
1/17/2022 20:00,0
1/17/2022 21:00,0
1/17/2022 22:00,0
1/17/2022 23:00,0
1/18/2022 0:00,0
1/18/2022 1:00,0
1/18/2022 2:00,0
1/18/2022 3:00,0
1/18/2022 4:00,0
1/18/2022 5:00,0
1/18/2022 6:00,2.251
1/18/2022 7:00,54.641
1/18/2022 8:00,130.034
1/18/2022 9:00,179.377
1/18/2022 10:00,193.725
1/18/2022 11:00,167.58
1/18/2022 12:00,108.039
1/18/2022 13:00,32.387
1/18/2022 14:00,0.161
1/18/2022 15:00,0
1/18/2022 16:00,0
1/18/2022 17:00,0
1/18/2022 18:00,0
1/18/2022 19:00,0
1/18/2022 20:00,0
1/18/2022 21:00,0
1/18/2022 22:00,0
1/18/2022 23:00,0
1/19/2022 0:00,0
1/19/2022 1:00,0
1/19/2022 2:00,0
1/19/2022 3:00,0
1/19/2022 4:00,0
1/19/2022 5:00,0
1/19/2022 6:00,0.776
1/19/2022 7:00,14.303
1/19/2022 8:00,33.92
1/19/2022 9:00,50.207
1/19/2022 10:00,68.242
1/19/2022 11:00,73.306
1/19/2022 12:00,51.441
1/19/2022 13:00,19.186
1/19/2022 14:00,0.166
1/19/2022 15:00,0
1/19/2022 16:00,0
1/19/2022 17:00,0
1/19/2022 18:00,0
1/19/2022 19:00,0
1/19/2022 20:00,0
1/19/2022 21:00,0
1/19/2022 22:00,0
1/19/2022 23:00,0
1/20/2022 0:00,0
1/20/2022 1:00,0
1/20/2022 2:00,0
1/20/2022 3:00,0
1/20/2022 4:00,0
1/20/2022 5:00,0
1/20/2022 6:00,0.715
1/20/2022 7:00,19.304
1/20/2022 8:00,47.377
1/20/2022 9:00,66.092
1/20/2022 10:00,71.901
1/20/2022 11:00,56.937
1/20/2022 12:00,37.073
1/20/2022 13:00,10.89
1/20/2022 14:00,0.032
1/20/2022 15:00,0
1/20/2022 16:00,0
1/20/2022 17:00,0
1/20/2022 18:00,0
1/20/2022 19:00,0
1/20/2022 20:00,0
1/20/2022 21:00,0
1/20/2022 22:00,0
1/20/2022 23:00,0
1/21/2022 0:00,0
1/21/2022 1:00,0
1/21/2022 2:00,0
1/21/2022 3:00,0
1/21/2022 4:00,0
1/21/2022 5:00,0
1/21/2022 6:00,1.172
1/21/2022 7:00,18.456
1/21/2022 8:00,46.538
1/21/2022 9:00,73.627
1/21/2022 10:00,88.834
1/21/2022 11:00,87.045
1/21/2022 12:00,53.802
1/21/2022 13:00,16.449
1/21/2022 14:00,0.219
1/21/2022 15:00,0
1/21/2022 16:00,0
1/21/2022 17:00,0
1/21/2022 18:00,0
1/21/2022 19:00,0
1/21/2022 20:00,0
1/21/2022 21:00,0
1/21/2022 22:00,0
1/21/2022 23:00,0
1/22/2022 0:00,0
1/22/2022 1:00,0
1/22/2022 2:00,0
1/22/2022 3:00,0
1/22/2022 4:00,0
1/22/2022 5:00,0
1/22/2022 6:00,3.596
1/22/2022 7:00,51.27
1/22/2022 8:00,115.357
1/22/2022 9:00,157.876
1/22/2022 10:00,167.481
1/22/2022 11:00,129.013
1/22/2022 12:00,78.909
1/22/2022 13:00,27.459
1/22/2022 14:00,0.422
1/22/2022 15:00,0
1/22/2022 16:00,0
1/22/2022 17:00,0
1/22/2022 18:00,0
1/22/2022 19:00,0
1/22/2022 20:00,0
1/22/2022 21:00,0
1/22/2022 22:00,0
1/22/2022 23:00,0
1/23/2022 0:00,0
1/23/2022 1:00,0
1/23/2022 2:00,0
1/23/2022 3:00,0
1/23/2022 4:00,0
1/23/2022 5:00,0
1/23/2022 6:00,4.104
1/23/2022 7:00,47.676
1/23/2022 8:00,97.662
1/23/2022 9:00,116.046
1/23/2022 10:00,131.785
1/23/2022 11:00,109.035
1/23/2022 12:00,72.962
1/23/2022 13:00,30.63
1/23/2022 14:00,0.535
1/23/2022 15:00,0
1/23/2022 16:00,0
1/23/2022 17:00,0
1/23/2022 18:00,0
1/23/2022 19:00,0
1/23/2022 20:00,0
1/23/2022 21:00,0
1/23/2022 22:00,0
1/23/2022 23:00,0
1/24/2022 0:00,0
1/24/2022 1:00,0
1/24/2022 2:00,0
1/24/2022 3:00,0
1/24/2022 4:00,0
1/24/2022 5:00,0
1/24/2022 6:00,3.627
1/24/2022 7:00,35.076
1/24/2022 8:00,66.233
1/24/2022 9:00,84.078
1/24/2022 10:00,78.755
1/24/2022 11:00,61.613
1/24/2022 12:00,35.112
1/24/2022 13:00,10.674
1/24/2022 14:00,0.207
1/24/2022 15:00,0
1/24/2022 16:00,0
1/24/2022 17:00,0
1/24/2022 18:00,0
1/24/2022 19:00,0
1/24/2022 20:00,0
1/24/2022 21:00,0
1/24/2022 22:00,0
1/24/2022 23:00,0
1/25/2022 0:00,0
1/25/2022 1:00,0
1/25/2022 2:00,0
1/25/2022 3:00,0
1/25/2022 4:00,0
1/25/2022 5:00,0
1/25/2022 6:00,1.443
1/25/2022 7:00,19.261
1/25/2022 8:00,55.311
1/25/2022 9:00,97.704
1/25/2022 10:00,118.783
1/25/2022 11:00,109.894
1/25/2022 12:00,85.075
1/25/2022 13:00,38.397
1/25/2022 14:00,1.351
1/25/2022 15:00,0
1/25/2022 16:00,0
1/25/2022 17:00,0
1/25/2022 18:00,0
1/25/2022 19:00,0
1/25/2022 20:00,0
1/25/2022 21:00,0
1/25/2022 22:00,0
1/25/2022 23:00,0
1/26/2022 0:00,0
1/26/2022 1:00,0
1/26/2022 2:00,0
1/26/2022 3:00,0
1/26/2022 4:00,0
1/26/2022 5:00,0
1/26/2022 6:00,5.987
1/26/2022 7:00,47.763
1/26/2022 8:00,88.184
1/26/2022 9:00,115.06
1/26/2022 10:00,139.04
1/26/2022 11:00,134.847
1/26/2022 12:00,94.815
1/26/2022 13:00,36.76
1/26/2022 14:00,1.027
1/26/2022 15:00,0
1/26/2022 16:00,0
1/26/2022 17:00,0
1/26/2022 18:00,0
1/26/2022 19:00,0
1/26/2022 20:00,0
1/26/2022 21:00,0
1/26/2022 22:00,0
1/26/2022 23:00,0
1/27/2022 0:00,0
1/27/2022 1:00,0
1/27/2022 2:00,0
1/27/2022 3:00,0
1/27/2022 4:00,0
1/27/2022 5:00,0
1/27/2022 6:00,2.696
1/27/2022 7:00,17.914
1/27/2022 8:00,35.345
1/27/2022 9:00,47.408
1/27/2022 10:00,61.146
1/27/2022 11:00,62.804
1/27/2022 12:00,46.08
1/27/2022 13:00,15.886
1/27/2022 14:00,0.471
1/27/2022 15:00,0
1/27/2022 16:00,0
1/27/2022 17:00,0
1/27/2022 18:00,0
1/27/2022 19:00,0
1/27/2022 20:00,0
1/27/2022 21:00,0
1/27/2022 22:00,0
1/27/2022 23:00,0
1/28/2022 0:00,0
1/28/2022 1:00,0
1/28/2022 2:00,0
1/28/2022 3:00,0
1/28/2022 4:00,0
1/28/2022 5:00,0
1/28/2022 6:00,3.129
1/28/2022 7:00,28.43
1/28/2022 8:00,60.018
1/28/2022 9:00,85.958
1/28/2022 10:00,94.762
1/28/2022 11:00,86.434
1/28/2022 12:00,61.782
1/28/2022 13:00,25.619
1/28/2022 14:00,1.418
1/28/2022 15:00,0
1/28/2022 16:00,0
1/28/2022 17:00,0
1/28/2022 18:00,0
1/28/2022 19:00,0
1/28/2022 20:00,0
1/28/2022 21:00,0
1/28/2022 22:00,0
1/28/2022 23:00,0
1/29/2022 0:00,0
1/29/2022 1:00,0
1/29/2022 2:00,0
1/29/2022 3:00,0
1/29/2022 4:00,0
1/29/2022 5:00,0
1/29/2022 6:00,11.216
1/29/2022 7:00,65.851
1/29/2022 8:00,124.826
1/29/2022 9:00,165.264
1/29/2022 10:00,169.11
1/29/2022 11:00,124.998
1/29/2022 12:00,65.557
1/29/2022 13:00,21.617
1/29/2022 14:00,0.835
1/29/2022 15:00,0
1/29/2022 16:00,0
1/29/2022 17:00,0
1/29/2022 18:00,0
1/29/2022 19:00,0
1/29/2022 20:00,0
1/29/2022 21:00,0
1/29/2022 22:00,0
1/29/2022 23:00,0
1/30/2022 0:00,0
1/30/2022 1:00,0
1/30/2022 2:00,0
1/30/2022 3:00,0
1/30/2022 4:00,0
1/30/2022 5:00,0
1/30/2022 6:00,6.697
1/30/2022 7:00,40.565
1/30/2022 8:00,67.504
1/30/2022 9:00,78.819
1/30/2022 10:00,78.658
1/30/2022 11:00,66.807
1/30/2022 12:00,49.571
1/30/2022 13:00,21.062
1/30/2022 14:00,1.29
1/30/2022 15:00,0
1/30/2022 16:00,0
1/30/2022 17:00,0
1/30/2022 18:00,0
1/30/2022 19:00,0
1/30/2022 20:00,0
1/30/2022 21:00,0
1/30/2022 22:00,0
1/30/2022 23:00,0
1/31/2022 0:00,0
1/31/2022 1:00,0
1/31/2022 2:00,0
1/31/2022 3:00,0
1/31/2022 4:00,0
1/31/2022 5:00,0
1/31/2022 6:00,5.51
1/31/2022 7:00,37.891
1/31/2022 8:00,71.49
1/31/2022 9:00,92.924
1/31/2022 10:00,96.076
1/31/2022 11:00,82.316
1/31/2022 12:00,55.211
1/31/2022 13:00,26.029
1/31/2022 14:00,2.405
1/31/2022 15:00,0
1/31/2022 16:00,0
1/31/2022 17:00,0
1/31/2022 18:00,0
1/31/2022 19:00,0
1/31/2022 20:00,0
1/31/2022 21:00,0
1/31/2022 22:00,0
1/31/2022 23:00,0
2/1/2022 0:00,0
2/1/2022 1:00,0
2/1/2022 2:00,0
2/1/2022 3:00,0
2/1/2022 4:00,0
2/1/2022 5:00,0
2/1/2022 6:00,8.379
2/1/2022 7:00,45.662
2/1/2022 8:00,80.225
2/1/2022 9:00,98.473
2/1/2022 10:00,102.884
2/1/2022 11:00,87.674
2/1/2022 12:00,62.255
2/1/2022 13:00,30.293
2/1/2022 14:00,2.816
2/1/2022 15:00,0
2/1/2022 16:00,0
2/1/2022 17:00,0
2/1/2022 18:00,0
2/1/2022 19:00,0
2/1/2022 20:00,0
2/1/2022 21:00,0
2/1/2022 22:00,0
2/1/2022 23:00,0
2/2/2022 0:00,0
2/2/2022 1:00,0
2/2/2022 2:00,0
2/2/2022 3:00,0
2/2/2022 4:00,0
2/2/2022 5:00,0
2/2/2022 6:00,12.666
2/2/2022 7:00,68.602
2/2/2022 8:00,130.636
2/2/2022 9:00,176.926
2/2/2022 10:00,195.289
2/2/2022 11:00,181.232
2/2/2022 12:00,127.463
2/2/2022 13:00,59.703
2/2/2022 14:00,6.09
2/2/2022 15:00,0
2/2/2022 16:00,0
2/2/2022 17:00,0
2/2/2022 18:00,0
2/2/2022 19:00,0
2/2/2022 20:00,0
2/2/2022 21:00,0
2/2/2022 22:00,0
2/2/2022 23:00,0
2/3/2022 0:00,0
2/3/2022 1:00,0
2/3/2022 2:00,0
2/3/2022 3:00,0
2/3/2022 4:00,0
2/3/2022 5:00,0.003
2/3/2022 6:00,14.553
2/3/2022 7:00,71.19
2/3/2022 8:00,123.674
2/3/2022 9:00,149.943
2/3/2022 10:00,166.564
2/3/2022 11:00,146.103
2/3/2022 12:00,105.517
2/3/2022 13:00,49.329
2/3/2022 14:00,5.245
2/3/2022 15:00,0
2/3/2022 16:00,0
2/3/2022 17:00,0
2/3/2022 18:00,0
2/3/2022 19:00,0
2/3/2022 20:00,0
2/3/2022 21:00,0
2/3/2022 22:00,0
2/3/2022 23:00,0
2/4/2022 0:00,0
2/4/2022 1:00,0
2/4/2022 2:00,0
2/4/2022 3:00,0
2/4/2022 4:00,0
2/4/2022 5:00,0.008
2/4/2022 6:00,18.832
2/4/2022 7:00,86.485
2/4/2022 8:00,167.974
2/4/2022 9:00,227.94
2/4/2022 10:00,237.556
2/4/2022 11:00,199.416
2/4/2022 12:00,132.541
2/4/2022 13:00,55.389
2/4/2022 14:00,4.835
2/4/2022 15:00,0
2/4/2022 16:00,0
2/4/2022 17:00,0
2/4/2022 18:00,0
2/4/2022 19:00,0
2/4/2022 20:00,0
2/4/2022 21:00,0
2/4/2022 22:00,0
2/4/2022 23:00,0
2/5/2022 0:00,0
2/5/2022 1:00,0
2/5/2022 2:00,0
2/5/2022 3:00,0
2/5/2022 4:00,0
2/5/2022 5:00,0.004
2/5/2022 6:00,5.393
2/5/2022 7:00,22.801
2/5/2022 8:00,43.53
2/5/2022 9:00,61.39
2/5/2022 10:00,69.493
2/5/2022 11:00,69.616
2/5/2022 12:00,57.692
2/5/2022 13:00,32.455
2/5/2022 14:00,5.369
2/5/2022 15:00,0
2/5/2022 16:00,0
2/5/2022 17:00,0
2/5/2022 18:00,0
2/5/2022 19:00,0
2/5/2022 20:00,0
2/5/2022 21:00,0
2/5/2022 22:00,0
2/5/2022 23:00,0
2/6/2022 0:00,0
2/6/2022 1:00,0
2/6/2022 2:00,0
2/6/2022 3:00,0
2/6/2022 4:00,0
2/6/2022 5:00,0.018
2/6/2022 6:00,11.038
2/6/2022 7:00,35.566
2/6/2022 8:00,53.15
2/6/2022 9:00,62.678
2/6/2022 10:00,74.761
2/6/2022 11:00,73.332
2/6/2022 12:00,49.11
2/6/2022 13:00,22.786
2/6/2022 14:00,3.81
2/6/2022 15:00,0
2/6/2022 16:00,0
2/6/2022 17:00,0
2/6/2022 18:00,0
2/6/2022 19:00,0
2/6/2022 20:00,0
2/6/2022 21:00,0
2/6/2022 22:00,0
2/6/2022 23:00,0
2/7/2022 0:00,0
2/7/2022 1:00,0
2/7/2022 2:00,0
2/7/2022 3:00,0
2/7/2022 4:00,0
2/7/2022 5:00,0.004
2/7/2022 6:00,12.436
2/7/2022 7:00,53.374
2/7/2022 8:00,93.614
2/7/2022 9:00,125.029
2/7/2022 10:00,134.587
2/7/2022 11:00,122.263
2/7/2022 12:00,95.357
2/7/2022 13:00,51.472
2/7/2022 14:00,9.085
2/7/2022 15:00,0
2/7/2022 16:00,0
2/7/2022 17:00,0
2/7/2022 18:00,0
2/7/2022 19:00,0
2/7/2022 20:00,0
2/7/2022 21:00,0
2/7/2022 22:00,0
2/7/2022 23:00,0
2/8/2022 0:00,0
2/8/2022 1:00,0
2/8/2022 2:00,0
2/8/2022 3:00,0
2/8/2022 4:00,0
2/8/2022 5:00,0.06
2/8/2022 6:00,24.058
2/8/2022 7:00,87.697
2/8/2022 8:00,150.728
2/8/2022 9:00,166.131
2/8/2022 10:00,150.303
2/8/2022 11:00,114.782
2/8/2022 12:00,74.003
2/8/2022 13:00,32.072
2/8/2022 14:00,4.848
2/8/2022 15:00,0
2/8/2022 16:00,0
2/8/2022 17:00,0
2/8/2022 18:00,0
2/8/2022 19:00,0
2/8/2022 20:00,0
2/8/2022 21:00,0
2/8/2022 22:00,0
2/8/2022 23:00,0
2/9/2022 0:00,0
2/9/2022 1:00,0
2/9/2022 2:00,0
2/9/2022 3:00,0
2/9/2022 4:00,0
2/9/2022 5:00,0.115
2/9/2022 6:00,15.265
2/9/2022 7:00,55.39
2/9/2022 8:00,95.217
2/9/2022 9:00,122.233
2/9/2022 10:00,123.717
2/9/2022 11:00,107.31
2/9/2022 12:00,71.207
2/9/2022 13:00,34.286
2/9/2022 14:00,6.172
2/9/2022 15:00,0
2/9/2022 16:00,0
2/9/2022 17:00,0
2/9/2022 18:00,0
2/9/2022 19:00,0
2/9/2022 20:00,0
2/9/2022 21:00,0
2/9/2022 22:00,0
2/9/2022 23:00,0
2/10/2022 0:00,0
2/10/2022 1:00,0
2/10/2022 2:00,0
2/10/2022 3:00,0
2/10/2022 4:00,0
2/10/2022 5:00,0.193
2/10/2022 6:00,26.68
2/10/2022 7:00,80.287
2/10/2022 8:00,115.008
2/10/2022 9:00,132.457
2/10/2022 10:00,144.715
2/10/2022 11:00,138.812
2/10/2022 12:00,102.393
2/10/2022 13:00,55.759
2/10/2022 14:00,11.582
2/10/2022 15:00,0.001
2/10/2022 16:00,0
2/10/2022 17:00,0
2/10/2022 18:00,0
2/10/2022 19:00,0
2/10/2022 20:00,0
2/10/2022 21:00,0
2/10/2022 22:00,0
2/10/2022 23:00,0
2/11/2022 0:00,0
2/11/2022 1:00,0
2/11/2022 2:00,0
2/11/2022 3:00,0
2/11/2022 4:00,0
2/11/2022 5:00,0.287
2/11/2022 6:00,20.83
2/11/2022 7:00,68.22
2/11/2022 8:00,118.561
2/11/2022 9:00,151.19
2/11/2022 10:00,170.549
2/11/2022 11:00,158.867
2/11/2022 12:00,123.37
2/11/2022 13:00,67.001
2/11/2022 14:00,13.021
2/11/2022 15:00,0.007
2/11/2022 16:00,0
2/11/2022 17:00,0
2/11/2022 18:00,0
2/11/2022 19:00,0
2/11/2022 20:00,0
2/11/2022 21:00,0
2/11/2022 22:00,0
2/11/2022 23:00,0
2/12/2022 0:00,0
2/12/2022 1:00,0
2/12/2022 2:00,0
2/12/2022 3:00,0
2/12/2022 4:00,0
2/12/2022 5:00,0.587
2/12/2022 6:00,35.548
2/12/2022 7:00,123.063
2/12/2022 8:00,206.08
2/12/2022 9:00,260.745
2/12/2022 10:00,278.72
2/12/2022 11:00,258.67
2/12/2022 12:00,188.149
2/12/2022 13:00,87.273
2/12/2022 14:00,18.982
2/12/2022 15:00,0.02
2/12/2022 16:00,0
2/12/2022 17:00,0
2/12/2022 18:00,0
2/12/2022 19:00,0
2/12/2022 20:00,0
2/12/2022 21:00,0
2/12/2022 22:00,0
2/12/2022 23:00,0
2/13/2022 0:00,0
2/13/2022 1:00,0
2/13/2022 2:00,0
2/13/2022 3:00,0
2/13/2022 4:00,0
2/13/2022 5:00,0.883
2/13/2022 6:00,34.021
2/13/2022 7:00,101.628
2/13/2022 8:00,154.981
2/13/2022 9:00,161.963
2/13/2022 10:00,157.744
2/13/2022 11:00,146.686
2/13/2022 12:00,110.172
2/13/2022 13:00,60.092
2/13/2022 14:00,13.92
2/13/2022 15:00,0.02
2/13/2022 16:00,0
2/13/2022 17:00,0
2/13/2022 18:00,0
2/13/2022 19:00,0
2/13/2022 20:00,0
2/13/2022 21:00,0
2/13/2022 22:00,0
2/13/2022 23:00,0
2/14/2022 0:00,0
2/14/2022 1:00,0
2/14/2022 2:00,0
2/14/2022 3:00,0
2/14/2022 4:00,0
2/14/2022 5:00,0.814
2/14/2022 6:00,31.296
2/14/2022 7:00,109.8
2/14/2022 8:00,184.497
2/14/2022 9:00,217.124
2/14/2022 10:00,221.077
2/14/2022 11:00,192.325
2/14/2022 12:00,147.746
2/14/2022 13:00,85.336
2/14/2022 14:00,23.914
2/14/2022 15:00,0.077
2/14/2022 16:00,0
2/14/2022 17:00,0
2/14/2022 18:00,0
2/14/2022 19:00,0
2/14/2022 20:00,0
2/14/2022 21:00,0
2/14/2022 22:00,0
2/14/2022 23:00,0
2/15/2022 0:00,0
2/15/2022 1:00,0
2/15/2022 2:00,0
2/15/2022 3:00,0
2/15/2022 4:00,0
2/15/2022 5:00,1.579
2/15/2022 6:00,42.815
2/15/2022 7:00,119.626
2/15/2022 8:00,197.524
2/15/2022 9:00,233.776
2/15/2022 10:00,250.093
2/15/2022 11:00,227.091
2/15/2022 12:00,167.432
2/15/2022 13:00,83.591
2/15/2022 14:00,21.019
2/15/2022 15:00,0.059
2/15/2022 16:00,0
2/15/2022 17:00,0
2/15/2022 18:00,0
2/15/2022 19:00,0
2/15/2022 20:00,0
2/15/2022 21:00,0
2/15/2022 22:00,0
2/15/2022 23:00,0
2/16/2022 0:00,0
2/16/2022 1:00,0
2/16/2022 2:00,0
2/16/2022 3:00,0
2/16/2022 4:00,0
2/16/2022 5:00,0.556
2/16/2022 6:00,15.773
2/16/2022 7:00,49.883
2/16/2022 8:00,78.342
2/16/2022 9:00,85.362
2/16/2022 10:00,80.776
2/16/2022 11:00,69.635
2/16/2022 12:00,47.903
2/16/2022 13:00,25.696
2/16/2022 14:00,6.992
2/16/2022 15:00,0.029
2/16/2022 16:00,0
2/16/2022 17:00,0
2/16/2022 18:00,0
2/16/2022 19:00,0
2/16/2022 20:00,0
2/16/2022 21:00,0
2/16/2022 22:00,0
2/16/2022 23:00,0
2/17/2022 0:00,0
2/17/2022 1:00,0
2/17/2022 2:00,0
2/17/2022 3:00,0
2/17/2022 4:00,0
2/17/2022 5:00,0.342
2/17/2022 6:00,11.04
2/17/2022 7:00,36.299
2/17/2022 8:00,61.6
2/17/2022 9:00,85.96
2/17/2022 10:00,118.408
2/17/2022 11:00,121.685
2/17/2022 12:00,93.599
2/17/2022 13:00,47.476
2/17/2022 14:00,12.2
2/17/2022 15:00,0.176
2/17/2022 16:00,0
2/17/2022 17:00,0
2/17/2022 18:00,0
2/17/2022 19:00,0
2/17/2022 20:00,0
2/17/2022 21:00,0
2/17/2022 22:00,0
2/17/2022 23:00,0
2/18/2022 0:00,0
2/18/2022 1:00,0
2/18/2022 2:00,0
2/18/2022 3:00,0
2/18/2022 4:00,0
2/18/2022 5:00,2.721
2/18/2022 6:00,41.843
2/18/2022 7:00,88.982
2/18/2022 8:00,129.304
2/18/2022 9:00,165.922
2/18/2022 10:00,204.672
2/18/2022 11:00,188.899
2/18/2022 12:00,161.797
2/18/2022 13:00,98.277
2/18/2022 14:00,33.49
2/18/2022 15:00,0.457
2/18/2022 16:00,0
2/18/2022 17:00,0
2/18/2022 18:00,0
2/18/2022 19:00,0
2/18/2022 20:00,0
2/18/2022 21:00,0
2/18/2022 22:00,0
2/18/2022 23:00,0
2/19/2022 0:00,0
2/19/2022 1:00,0
2/19/2022 2:00,0
2/19/2022 3:00,0
2/19/2022 4:00,0
2/19/2022 5:00,1.416
2/19/2022 6:00,19.938
2/19/2022 7:00,50.311
2/19/2022 8:00,80.462
2/19/2022 9:00,102.052
2/19/2022 10:00,100.623
2/19/2022 11:00,84.948
2/19/2022 12:00,69.246
2/19/2022 13:00,48.952
2/19/2022 14:00,16.861
2/19/2022 15:00,0.297
2/19/2022 16:00,0
2/19/2022 17:00,0
2/19/2022 18:00,0
2/19/2022 19:00,0
2/19/2022 20:00,0
2/19/2022 21:00,0
2/19/2022 22:00,0
2/19/2022 23:00,0
2/20/2022 0:00,0
2/20/2022 1:00,0
2/20/2022 2:00,0
2/20/2022 3:00,0
2/20/2022 4:00,0
2/20/2022 5:00,2.692
2/20/2022 6:00,33.158
2/20/2022 7:00,78.954
2/20/2022 8:00,122.589
2/20/2022 9:00,154.194
2/20/2022 10:00,180.115
2/20/2022 11:00,165.555
2/20/2022 12:00,137.622
2/20/2022 13:00,94.405
2/20/2022 14:00,35.683
2/20/2022 15:00,0.901
2/20/2022 16:00,0
2/20/2022 17:00,0
2/20/2022 18:00,0
2/20/2022 19:00,0
2/20/2022 20:00,0
2/20/2022 21:00,0
2/20/2022 22:00,0
2/20/2022 23:00,0
2/21/2022 0:00,0
2/21/2022 1:00,0
2/21/2022 2:00,0
2/21/2022 3:00,0
2/21/2022 4:00,0
2/21/2022 5:00,3.306
2/21/2022 6:00,21.035
2/21/2022 7:00,34.895
2/21/2022 8:00,44.612
2/21/2022 9:00,54.606
2/21/2022 10:00,58.315
2/21/2022 11:00,60.18
2/21/2022 12:00,54.956
2/21/2022 13:00,38.806
2/21/2022 14:00,19.671
2/21/2022 15:00,0.669
2/21/2022 16:00,0
2/21/2022 17:00,0
2/21/2022 18:00,0
2/21/2022 19:00,0
2/21/2022 20:00,0
2/21/2022 21:00,0
2/21/2022 22:00,0
2/21/2022 23:00,0
2/22/2022 0:00,0
2/22/2022 1:00,0
2/22/2022 2:00,0
2/22/2022 3:00,0
2/22/2022 4:00,0
2/22/2022 5:00,3.559
2/22/2022 6:00,45.343
2/22/2022 7:00,105.134
2/22/2022 8:00,151.249
2/22/2022 9:00,180.549
2/22/2022 10:00,169.475
2/22/2022 11:00,153.411
2/22/2022 12:00,120.091
2/22/2022 13:00,81.365
2/22/2022 14:00,33.618
2/22/2022 15:00,1.457
2/22/2022 16:00,0
2/22/2022 17:00,0
2/22/2022 18:00,0
2/22/2022 19:00,0
2/22/2022 20:00,0
2/22/2022 21:00,0
2/22/2022 22:00,0
2/22/2022 23:00,0
2/23/2022 0:00,0
2/23/2022 1:00,0
2/23/2022 2:00,0
2/23/2022 3:00,0
2/23/2022 4:00,0
2/23/2022 5:00,7.439
2/23/2022 6:00,54.291
2/23/2022 7:00,111.094
2/23/2022 8:00,157.911
2/23/2022 9:00,175.662
2/23/2022 10:00,165.778
2/23/2022 11:00,145.596
2/23/2022 12:00,115.679
2/23/2022 13:00,78.24
2/23/2022 14:00,33.695
2/23/2022 15:00,2.078
2/23/2022 16:00,0
2/23/2022 17:00,0
2/23/2022 18:00,0
2/23/2022 19:00,0
2/23/2022 20:00,0
2/23/2022 21:00,0
2/23/2022 22:00,0
2/23/2022 23:00,0
2/24/2022 0:00,0
2/24/2022 1:00,0
2/24/2022 2:00,0
2/24/2022 3:00,0
2/24/2022 4:00,0
2/24/2022 5:00,9.361
2/24/2022 6:00,61.513
2/24/2022 7:00,138.419
2/24/2022 8:00,232.453
2/24/2022 9:00,330.053
2/24/2022 10:00,369.47
2/24/2022 11:00,340.843
2/24/2022 12:00,267.105
2/24/2022 13:00,158.511
2/24/2022 14:00,55.923
2/24/2022 15:00,2.899
2/24/2022 16:00,0
2/24/2022 17:00,0
2/24/2022 18:00,0
2/24/2022 19:00,0
2/24/2022 20:00,0
2/24/2022 21:00,0
2/24/2022 22:00,0
2/24/2022 23:00,0
2/25/2022 0:00,0
2/25/2022 1:00,0
2/25/2022 2:00,0
2/25/2022 3:00,0
2/25/2022 4:00,0
2/25/2022 5:00,4.509
2/25/2022 6:00,29.736
2/25/2022 7:00,78.625
2/25/2022 8:00,131.827
2/25/2022 9:00,198.236
2/25/2022 10:00,240.139
2/25/2022 11:00,246.977
2/25/2022 12:00,219.49
2/25/2022 13:00,157.433
2/25/2022 14:00,63.799
2/25/2022 15:00,3.366
2/25/2022 16:00,0
2/25/2022 17:00,0
2/25/2022 18:00,0
2/25/2022 19:00,0
2/25/2022 20:00,0
2/25/2022 21:00,0
2/25/2022 22:00,0
2/25/2022 23:00,0
2/26/2022 0:00,0
2/26/2022 1:00,0
2/26/2022 2:00,0
2/26/2022 3:00,0
2/26/2022 4:00,0
2/26/2022 5:00,10.468
2/26/2022 6:00,64.043
2/26/2022 7:00,133.399
2/26/2022 8:00,256.212
2/26/2022 9:00,358.002
2/26/2022 10:00,388.61
2/26/2022 11:00,372.264
2/26/2022 12:00,309.082
2/26/2022 13:00,210.844
2/26/2022 14:00,94.177
2/26/2022 15:00,7.552
2/26/2022 16:00,0
2/26/2022 17:00,0
2/26/2022 18:00,0
2/26/2022 19:00,0
2/26/2022 20:00,0
2/26/2022 21:00,0
2/26/2022 22:00,0
2/26/2022 23:00,0
2/27/2022 0:00,0
2/27/2022 1:00,0
2/27/2022 2:00,0
2/27/2022 3:00,0
2/27/2022 4:00,0
2/27/2022 5:00,19.179
2/27/2022 6:00,109.816
2/27/2022 7:00,234.402
2/27/2022 8:00,342.974
2/27/2022 9:00,392.457
2/27/2022 10:00,403.125
2/27/2022 11:00,371.969
2/27/2022 12:00,302.539
2/27/2022 13:00,208.185
2/27/2022 14:00,96.563
2/27/2022 15:00,8.718
2/27/2022 16:00,0
2/27/2022 17:00,0
2/27/2022 18:00,0
2/27/2022 19:00,0
2/27/2022 20:00,0
2/27/2022 21:00,0
2/27/2022 22:00,0
2/27/2022 23:00,0
2/28/2022 0:00,0
2/28/2022 1:00,0
2/28/2022 2:00,0
2/28/2022 3:00,0
2/28/2022 4:00,0
2/28/2022 5:00,24.65
2/28/2022 6:00,132.198
2/28/2022 7:00,258.125
2/28/2022 8:00,357.344
2/28/2022 9:00,417.789
2/28/2022 10:00,435.416
2/28/2022 11:00,407.688
2/28/2022 12:00,338.934
2/28/2022 13:00,234.837
2/28/2022 14:00,110.757
2/28/2022 15:00,11.748
2/28/2022 16:00,0
2/28/2022 17:00,0
2/28/2022 18:00,0
2/28/2022 19:00,0
2/28/2022 20:00,0
2/28/2022 21:00,0
2/28/2022 22:00,0
2/28/2022 23:00,0
3/1/2022 0:00,0
3/1/2022 1:00,0
3/1/2022 2:00,0
3/1/2022 3:00,0
3/1/2022 4:00,0.002
3/1/2022 5:00,21.851
3/1/2022 6:00,110.324
3/1/2022 7:00,235.264
3/1/2022 8:00,350.715
3/1/2022 9:00,421.253
3/1/2022 10:00,441.543
3/1/2022 11:00,413.339
3/1/2022 12:00,343.829
3/1/2022 13:00,239.459
3/1/2022 14:00,115.029
3/1/2022 15:00,13.53
3/1/2022 16:00,0
3/1/2022 17:00,0
3/1/2022 18:00,0
3/1/2022 19:00,0
3/1/2022 20:00,0
3/1/2022 21:00,0
3/1/2022 22:00,0
3/1/2022 23:00,0
3/2/2022 0:00,0
3/2/2022 1:00,0
3/2/2022 2:00,0
3/2/2022 3:00,0
3/2/2022 4:00,0.01
3/2/2022 5:00,30.608
3/2/2022 6:00,129.126
3/2/2022 7:00,241.408
3/2/2022 8:00,351.836
3/2/2022 9:00,414.74
3/2/2022 10:00,433.458
3/2/2022 11:00,401.396
3/2/2022 12:00,325.485
3/2/2022 13:00,222.092
3/2/2022 14:00,106.316
3/2/2022 15:00,13.856
3/2/2022 16:00,0
3/2/2022 17:00,0
3/2/2022 18:00,0
3/2/2022 19:00,0
3/2/2022 20:00,0
3/2/2022 21:00,0
3/2/2022 22:00,0
3/2/2022 23:00,0
3/3/2022 0:00,0
3/3/2022 1:00,0
3/3/2022 2:00,0
3/3/2022 3:00,0
3/3/2022 4:00,0.019
3/3/2022 5:00,28.992
3/3/2022 6:00,125.114
3/3/2022 7:00,230.016
3/3/2022 8:00,331.546
3/3/2022 9:00,389.057
3/3/2022 10:00,400.002
3/3/2022 11:00,336.652
3/3/2022 12:00,257.335
3/3/2022 13:00,170.317
3/3/2022 14:00,83.468
3/3/2022 15:00,10.807
3/3/2022 16:00,0
3/3/2022 17:00,0
3/3/2022 18:00,0
3/3/2022 19:00,0
3/3/2022 20:00,0
3/3/2022 21:00,0
3/3/2022 22:00,0
3/3/2022 23:00,0
3/4/2022 0:00,0
3/4/2022 1:00,0
3/4/2022 2:00,0
3/4/2022 3:00,0
3/4/2022 4:00,0.034
3/4/2022 5:00,25.288
3/4/2022 6:00,100.897
3/4/2022 7:00,188.908
3/4/2022 8:00,264.284
3/4/2022 9:00,335.999
3/4/2022 10:00,389.757
3/4/2022 11:00,378.896
3/4/2022 12:00,315.299
3/4/2022 13:00,223.361
3/4/2022 14:00,112.857
3/4/2022 15:00,18.079
3/4/2022 16:00,0
3/4/2022 17:00,0
3/4/2022 18:00,0
3/4/2022 19:00,0
3/4/2022 20:00,0
3/4/2022 21:00,0
3/4/2022 22:00,0
3/4/2022 23:00,0
3/5/2022 0:00,0
3/5/2022 1:00,0
3/5/2022 2:00,0
3/5/2022 3:00,0
3/5/2022 4:00,0.108
3/5/2022 5:00,40.983
3/5/2022 6:00,161.219
3/5/2022 7:00,289.374
3/5/2022 8:00,392.655
3/5/2022 9:00,452.753
3/5/2022 10:00,474.622
3/5/2022 11:00,447.537
3/5/2022 12:00,377.243
3/5/2022 13:00,271.053
3/5/2022 14:00,142.09
3/5/2022 15:00,24.99
3/5/2022 16:00,0
3/5/2022 17:00,0
3/5/2022 18:00,0
3/5/2022 19:00,0
3/5/2022 20:00,0
3/5/2022 21:00,0
3/5/2022 22:00,0
3/5/2022 23:00,0
3/6/2022 0:00,0
3/6/2022 1:00,0
3/6/2022 2:00,0
3/6/2022 3:00,0
3/6/2022 4:00,0.21
3/6/2022 5:00,35.941
3/6/2022 6:00,134.363
3/6/2022 7:00,248.442
3/6/2022 8:00,338.888
3/6/2022 9:00,390.488
3/6/2022 10:00,397.417
3/6/2022 11:00,352.429
3/6/2022 12:00,282.64
3/6/2022 13:00,199.486
3/6/2022 14:00,117.437
3/6/2022 15:00,24.437
3/6/2022 16:00,0
3/6/2022 17:00,0
3/6/2022 18:00,0
3/6/2022 19:00,0
3/6/2022 20:00,0
3/6/2022 21:00,0
3/6/2022 22:00,0
3/6/2022 23:00,0
3/7/2022 0:00,0
3/7/2022 1:00,0
3/7/2022 2:00,0
3/7/2022 3:00,0
3/7/2022 4:00,0.092
3/7/2022 5:00,29.304
3/7/2022 6:00,105.92
3/7/2022 7:00,196.056
3/7/2022 8:00,290.786
3/7/2022 9:00,345.861
3/7/2022 10:00,382.521
3/7/2022 11:00,356.913
3/7/2022 12:00,300.434
3/7/2022 13:00,185.3
3/7/2022 14:00,105.441
3/7/2022 15:00,22.514
3/7/2022 16:00,0.003
3/7/2022 17:00,0
3/7/2022 18:00,0
3/7/2022 19:00,0
3/7/2022 20:00,0
3/7/2022 21:00,0
3/7/2022 22:00,0
3/7/2022 23:00,0
3/8/2022 0:00,0
3/8/2022 1:00,0
3/8/2022 2:00,0
3/8/2022 3:00,0
3/8/2022 4:00,0.518
3/8/2022 5:00,40.073
3/8/2022 6:00,119.665
3/8/2022 7:00,181.278
3/8/2022 8:00,236.482
3/8/2022 9:00,277.672
3/8/2022 10:00,247.203
3/8/2022 11:00,195.297
3/8/2022 12:00,162.625
3/8/2022 13:00,110.113
3/8/2022 14:00,52.73
3/8/2022 15:00,10.352
3/8/2022 16:00,0.006
3/8/2022 17:00,0
3/8/2022 18:00,0
3/8/2022 19:00,0
3/8/2022 20:00,0
3/8/2022 21:00,0
3/8/2022 22:00,0
3/8/2022 23:00,0
3/9/2022 0:00,0
3/9/2022 1:00,0
3/9/2022 2:00,0
3/9/2022 3:00,0
3/9/2022 4:00,0.799
3/9/2022 5:00,48.045
3/9/2022 6:00,155.428
3/9/2022 7:00,276.62
3/9/2022 8:00,380.331
3/9/2022 9:00,454.38
3/9/2022 10:00,479.32
3/9/2022 11:00,457.474
3/9/2022 12:00,388.19
3/9/2022 13:00,285.793
3/9/2022 14:00,158.987
3/9/2022 15:00,37.063
3/9/2022 16:00,0.02
3/9/2022 17:00,0
3/9/2022 18:00,0
3/9/2022 19:00,0
3/9/2022 20:00,0
3/9/2022 21:00,0
3/9/2022 22:00,0
3/9/2022 23:00,0
3/10/2022 0:00,0
3/10/2022 1:00,0
3/10/2022 2:00,0
3/10/2022 3:00,0
3/10/2022 4:00,1.431
3/10/2022 5:00,71.27
3/10/2022 6:00,208.083
3/10/2022 7:00,337.057
3/10/2022 8:00,437.886
3/10/2022 9:00,498.226
3/10/2022 10:00,515.118
3/10/2022 11:00,486.065
3/10/2022 12:00,413.536
3/10/2022 13:00,304.416
3/10/2022 14:00,170.935
3/10/2022 15:00,41.43
3/10/2022 16:00,0.057
3/10/2022 17:00,0
3/10/2022 18:00,0
3/10/2022 19:00,0
3/10/2022 20:00,0
3/10/2022 21:00,0
3/10/2022 22:00,0
3/10/2022 23:00,0
3/11/2022 0:00,0
3/11/2022 1:00,0
3/11/2022 2:00,0
3/11/2022 3:00,0
3/11/2022 4:00,2.166
3/11/2022 5:00,78.142
3/11/2022 6:00,213.299
3/11/2022 7:00,331.965
3/11/2022 8:00,413.049
3/11/2022 9:00,440.749
3/11/2022 10:00,397.89
3/11/2022 11:00,354.844
3/11/2022 12:00,295.832
3/11/2022 13:00,220.583
3/11/2022 14:00,134.831
3/11/2022 15:00,38.509
3/11/2022 16:00,0.108
3/11/2022 17:00,0
3/11/2022 18:00,0
3/11/2022 19:00,0
3/11/2022 20:00,0
3/11/2022 21:00,0
3/11/2022 22:00,0
3/11/2022 23:00,0
3/12/2022 0:00,0
3/12/2022 1:00,0
3/12/2022 2:00,0
3/12/2022 3:00,0
3/12/2022 4:00,1.86
3/12/2022 5:00,46.612
3/12/2022 6:00,126.255
3/12/2022 7:00,241.895
3/12/2022 8:00,368.842
3/12/2022 9:00,432.703
3/12/2022 10:00,465.673
3/12/2022 11:00,458.318
3/12/2022 12:00,398.503
3/12/2022 13:00,298.609
3/12/2022 14:00,173.117
3/12/2022 15:00,48.984
3/12/2022 16:00,0.211
3/12/2022 17:00,0
3/12/2022 18:00,0
3/12/2022 19:00,0
3/12/2022 20:00,0
3/12/2022 21:00,0
3/12/2022 22:00,0
3/12/2022 23:00,0
3/13/2022 0:00,0
3/13/2022 1:00,0
3/13/2022 2:00,0
3/13/2022 3:00,0
3/13/2022 4:00,2.294
3/13/2022 5:00,54.799
3/13/2022 6:00,153.669
3/13/2022 7:00,291.125
3/13/2022 8:00,421.012
3/13/2022 9:00,491.623
3/13/2022 10:00,512.826
3/13/2022 11:00,486.167
3/13/2022 12:00,414.699
3/13/2022 13:00,306.193
3/13/2022 14:00,174.251
3/13/2022 15:00,47.497
3/13/2022 16:00,0.329
3/13/2022 17:00,0
3/13/2022 18:00,0
3/13/2022 19:00,0
3/13/2022 20:00,0
3/13/2022 21:00,0
3/13/2022 22:00,0
3/13/2022 23:00,0
3/14/2022 0:00,0
3/14/2022 1:00,0
3/14/2022 2:00,0
3/14/2022 3:00,0
3/14/2022 4:00,3.921
3/14/2022 5:00,75.916
3/14/2022 6:00,208.403
3/14/2022 7:00,348.086
3/14/2022 8:00,449.921
3/14/2022 9:00,510.303
3/14/2022 10:00,526.092
3/14/2022 11:00,497.154
3/14/2022 12:00,426.134
3/14/2022 13:00,319.003
3/14/2022 14:00,188.29
3/14/2022 15:00,57.761
3/14/2022 16:00,0.573
3/14/2022 17:00,0
3/14/2022 18:00,0
3/14/2022 19:00,0
3/14/2022 20:00,0
3/14/2022 21:00,0
3/14/2022 22:00,0
3/14/2022 23:00,0
3/15/2022 0:00,0
3/15/2022 1:00,0
3/15/2022 2:00,0
3/15/2022 3:00,0
3/15/2022 4:00,5.535
3/15/2022 5:00,87.445
3/15/2022 6:00,220.378
3/15/2022 7:00,350.951
3/15/2022 8:00,455.105
3/15/2022 9:00,518.86
3/15/2022 10:00,535.901
3/15/2022 11:00,507.146
3/15/2022 12:00,434.912
3/15/2022 13:00,327.49
3/15/2022 14:00,195.751
3/15/2022 15:00,63.117
3/15/2022 16:00,0.853
3/15/2022 17:00,0
3/15/2022 18:00,0
3/15/2022 19:00,0
3/15/2022 20:00,0
3/15/2022 21:00,0
3/15/2022 22:00,0
3/15/2022 23:00,0
3/16/2022 0:00,0
3/16/2022 1:00,0
3/16/2022 2:00,0
3/16/2022 3:00,0
3/16/2022 4:00,5.442
3/16/2022 5:00,74.087
3/16/2022 6:00,188.876
3/16/2022 7:00,337.489
3/16/2022 8:00,457.633
3/16/2022 9:00,519.089
3/16/2022 10:00,535.591
3/16/2022 11:00,506.561
3/16/2022 12:00,439
3/16/2022 13:00,332.287
3/16/2022 14:00,201.406
3/16/2022 15:00,68.378
3/16/2022 16:00,1.344
3/16/2022 17:00,0
3/16/2022 18:00,0
3/16/2022 19:00,0
3/16/2022 20:00,0
3/16/2022 21:00,0
3/16/2022 22:00,0
3/16/2022 23:00,0
3/17/2022 0:00,0
3/17/2022 1:00,0
3/17/2022 2:00,0
3/17/2022 3:00,0
3/17/2022 4:00,8.85
3/17/2022 5:00,106.778
3/17/2022 6:00,245.985
3/17/2022 7:00,374.36
3/17/2022 8:00,474.472
3/17/2022 9:00,535.368
3/17/2022 10:00,552.802
3/17/2022 11:00,524.603
3/17/2022 12:00,454.669
3/17/2022 13:00,346.88
3/17/2022 14:00,213.671
3/17/2022 15:00,76.249
3/17/2022 16:00,1.996
3/17/2022 17:00,0
3/17/2022 18:00,0
3/17/2022 19:00,0
3/17/2022 20:00,0
3/17/2022 21:00,0
3/17/2022 22:00,0
3/17/2022 23:00,0
3/18/2022 0:00,0
3/18/2022 1:00,0
3/18/2022 2:00,0
3/18/2022 3:00,0
3/18/2022 4:00,10.554
3/18/2022 5:00,111.598
3/18/2022 6:00,252.35
3/18/2022 7:00,381.13
3/18/2022 8:00,480.075
3/18/2022 9:00,536.854
3/18/2022 10:00,552.093
3/18/2022 11:00,520.09
3/18/2022 12:00,446.457
3/18/2022 13:00,337.786
3/18/2022 14:00,205.154
3/18/2022 15:00,71.719
3/18/2022 16:00,2.054
3/18/2022 17:00,0
3/18/2022 18:00,0
3/18/2022 19:00,0
3/18/2022 20:00,0
3/18/2022 21:00,0
3/18/2022 22:00,0
3/18/2022 23:00,0
3/19/2022 0:00,0
3/19/2022 1:00,0
3/19/2022 2:00,0
3/19/2022 3:00,0
3/19/2022 4:00,8.805
3/19/2022 5:00,72.257
3/19/2022 6:00,142.221
3/19/2022 7:00,188.212
3/19/2022 8:00,229.595
3/19/2022 9:00,267.222
3/19/2022 10:00,328.675
3/19/2022 11:00,358.112
3/19/2022 12:00,350.663
3/19/2022 13:00,280.598
3/19/2022 14:00,172.448
3/19/2022 15:00,63.903
3/19/2022 16:00,2.723
3/19/2022 17:00,0
3/19/2022 18:00,0
3/19/2022 19:00,0
3/19/2022 20:00,0
3/19/2022 21:00,0
3/19/2022 22:00,0
3/19/2022 23:00,0
3/20/2022 0:00,0
3/20/2022 1:00,0
3/20/2022 2:00,0
3/20/2022 3:00,0
3/20/2022 4:00,8.145
3/20/2022 5:00,67.857
3/20/2022 6:00,166.293
3/20/2022 7:00,317.061
3/20/2022 8:00,448.829
3/20/2022 9:00,532.285
3/20/2022 10:00,553.721
3/20/2022 11:00,529.053
3/20/2022 12:00,461.062
3/20/2022 13:00,356.933
3/20/2022 14:00,227.036
3/20/2022 15:00,89.878
3/20/2022 16:00,4.492
3/20/2022 17:00,0
3/20/2022 18:00,0
3/20/2022 19:00,0
3/20/2022 20:00,0
3/20/2022 21:00,0
3/20/2022 22:00,0
3/20/2022 23:00,0
3/21/2022 0:00,0
3/21/2022 1:00,0
3/21/2022 2:00,0
3/21/2022 3:00,0
3/21/2022 4:00,10.921
3/21/2022 5:00,84.214
3/21/2022 6:00,204.958
3/21/2022 7:00,364.837
3/21/2022 8:00,481.378
3/21/2022 9:00,545.14
3/21/2022 10:00,574.303
3/21/2022 11:00,547.717
3/21/2022 12:00,477.13
3/21/2022 13:00,369.103
3/21/2022 14:00,235.611
3/21/2022 15:00,95.6
3/21/2022 16:00,5.702
3/21/2022 17:00,0
3/21/2022 18:00,0
3/21/2022 19:00,0
3/21/2022 20:00,0
3/21/2022 21:00,0
3/21/2022 22:00,0
3/21/2022 23:00,0
3/22/2022 0:00,0
3/22/2022 1:00,0
3/22/2022 2:00,0
3/22/2022 3:00,0
3/22/2022 4:00,16.746
3/22/2022 5:00,118.9
3/22/2022 6:00,254.634
3/22/2022 7:00,396.557
3/22/2022 8:00,496.812
3/22/2022 9:00,557.255
3/22/2022 10:00,575.064
3/22/2022 11:00,547.523
3/22/2022 12:00,474.355
3/22/2022 13:00,366.567
3/22/2022 14:00,233.298
3/22/2022 15:00,94.659
3/22/2022 16:00,6.325
3/22/2022 17:00,0
3/22/2022 18:00,0
3/22/2022 19:00,0
3/22/2022 20:00,0
3/22/2022 21:00,0
3/22/2022 22:00,0
3/22/2022 23:00,0
3/23/2022 0:00,0
3/23/2022 1:00,0
3/23/2022 2:00,0
3/23/2022 3:00,0
3/23/2022 4:00,16.651
3/23/2022 5:00,103.144
3/23/2022 6:00,237.619
3/23/2022 7:00,363.928
3/23/2022 8:00,469.23
3/23/2022 9:00,530.305
3/23/2022 10:00,555.238
3/23/2022 11:00,528.88
3/23/2022 12:00,453.382
3/23/2022 13:00,345.46
3/23/2022 14:00,194.108
3/23/2022 15:00,70.262
3/23/2022 16:00,5.666
3/23/2022 17:00,0
3/23/2022 18:00,0
3/23/2022 19:00,0
3/23/2022 20:00,0
3/23/2022 21:00,0
3/23/2022 22:00,0
3/23/2022 23:00,0
3/24/2022 0:00,0
3/24/2022 1:00,0
3/24/2022 2:00,0
3/24/2022 3:00,0
3/24/2022 4:00,12.219
3/24/2022 5:00,74.144
3/24/2022 6:00,169.527
3/24/2022 7:00,294.822
3/24/2022 8:00,426.145
3/24/2022 9:00,524.749
3/24/2022 10:00,562.536
3/24/2022 11:00,536.795
3/24/2022 12:00,466.805
3/24/2022 13:00,358.45
3/24/2022 14:00,228.093
3/24/2022 15:00,96.254
3/24/2022 16:00,9.106
3/24/2022 17:00,0
3/24/2022 18:00,0
3/24/2022 19:00,0
3/24/2022 20:00,0
3/24/2022 21:00,0
3/24/2022 22:00,0
3/24/2022 23:00,0
3/25/2022 0:00,0
3/25/2022 1:00,0
3/25/2022 2:00,0
3/25/2022 3:00,0
3/25/2022 4:00,11.718
3/25/2022 5:00,73.415
3/25/2022 6:00,195.494
3/25/2022 7:00,341.891
3/25/2022 8:00,462.222
3/25/2022 9:00,532.038
3/25/2022 10:00,550.126
3/25/2022 11:00,462.584
3/25/2022 12:00,308.631
3/25/2022 13:00,209.078
3/25/2022 14:00,155.84
3/25/2022 15:00,75.674
3/25/2022 16:00,8.867
3/25/2022 17:00,0
3/25/2022 18:00,0
3/25/2022 19:00,0
3/25/2022 20:00,0
3/25/2022 21:00,0
3/25/2022 22:00,0
3/25/2022 23:00,0
3/26/2022 0:00,0
3/26/2022 1:00,0
3/26/2022 2:00,0
3/26/2022 3:00,0
3/26/2022 4:00,15.837
3/26/2022 5:00,113.291
3/26/2022 6:00,241.004
3/26/2022 7:00,362.468
3/26/2022 8:00,431.369
3/26/2022 9:00,463.461
3/26/2022 10:00,474.287
3/26/2022 11:00,437.245
3/26/2022 12:00,346.089
3/26/2022 13:00,272.201
3/26/2022 14:00,165.068
3/26/2022 15:00,66.245
3/26/2022 16:00,7.501
3/26/2022 17:00,0
3/26/2022 18:00,0
3/26/2022 19:00,0
3/26/2022 20:00,0
3/26/2022 21:00,0
3/26/2022 22:00,0
3/26/2022 23:00,0
3/27/2022 0:00,0
3/27/2022 1:00,0
3/27/2022 2:00,0
3/27/2022 3:00,0.008
3/27/2022 4:00,24.963
3/27/2022 5:00,104.492
3/27/2022 6:00,208.602
3/27/2022 7:00,322.278
3/27/2022 8:00,450.009
3/27/2022 9:00,521.116
3/27/2022 10:00,571.308
3/27/2022 11:00,547.675
3/27/2022 12:00,453.286
3/27/2022 13:00,299.975
3/27/2022 14:00,132.474
3/27/2022 15:00,48.433
3/27/2022 16:00,7.388
3/27/2022 17:00,0
3/27/2022 18:00,0
3/27/2022 19:00,0
3/27/2022 20:00,0
3/27/2022 21:00,0
3/27/2022 22:00,0
3/27/2022 23:00,0
3/28/2022 0:00,0
3/28/2022 1:00,0
3/28/2022 2:00,0
3/28/2022 3:00,0.018
3/28/2022 4:00,15.364
3/28/2022 5:00,62.56
3/28/2022 6:00,163.576
3/28/2022 7:00,312.941
3/28/2022 8:00,492.826
3/28/2022 9:00,574.934
3/28/2022 10:00,586.344
3/28/2022 11:00,518.846
3/28/2022 12:00,404.932
3/28/2022 13:00,311.852
3/28/2022 14:00,211.146
3/28/2022 15:00,105.263
3/28/2022 16:00,15.932
3/28/2022 17:00,0
3/28/2022 18:00,0
3/28/2022 19:00,0
3/28/2022 20:00,0
3/28/2022 21:00,0
3/28/2022 22:00,0
3/28/2022 23:00,0
3/29/2022 0:00,0
3/29/2022 1:00,0
3/29/2022 2:00,0
3/29/2022 3:00,0.022
3/29/2022 4:00,22.884
3/29/2022 5:00,110.181
3/29/2022 6:00,207.718
3/29/2022 7:00,282.159
3/29/2022 8:00,349.042
3/29/2022 9:00,379.528
3/29/2022 10:00,370.056
3/29/2022 11:00,333.647
3/29/2022 12:00,282.592
3/29/2022 13:00,223.639
3/29/2022 14:00,152.755
3/29/2022 15:00,75.31
3/29/2022 16:00,12.581
3/29/2022 17:00,0
3/29/2022 18:00,0
3/29/2022 19:00,0
3/29/2022 20:00,0
3/29/2022 21:00,0
3/29/2022 22:00,0
3/29/2022 23:00,0
3/30/2022 0:00,0
3/30/2022 1:00,0
3/30/2022 2:00,0
3/30/2022 3:00,0.073
3/30/2022 4:00,34.031
3/30/2022 5:00,142.165
3/30/2022 6:00,252.762
3/30/2022 7:00,348.413
3/30/2022 8:00,418.559
3/30/2022 9:00,443.104
3/30/2022 10:00,446.288
3/30/2022 11:00,393.687
3/30/2022 12:00,326.295
3/30/2022 13:00,267.454
3/30/2022 14:00,191.033
3/30/2022 15:00,98.04
3/30/2022 16:00,17.667
3/30/2022 17:00,0
3/30/2022 18:00,0
3/30/2022 19:00,0
3/30/2022 20:00,0
3/30/2022 21:00,0
3/30/2022 22:00,0
3/30/2022 23:00,0
3/31/2022 0:00,0
3/31/2022 1:00,0
3/31/2022 2:00,0
3/31/2022 3:00,0.235
3/31/2022 4:00,49.241
3/31/2022 5:00,175.383
3/31/2022 6:00,311.519
3/31/2022 7:00,407.241
3/31/2022 8:00,471.28
3/31/2022 9:00,492.767
3/31/2022 10:00,500.624
3/31/2022 11:00,476.469
3/31/2022 12:00,400.698
3/31/2022 13:00,316.883
3/31/2022 14:00,217.098
3/31/2022 15:00,121.867
3/31/2022 16:00,23.142
3/31/2022 17:00,0
3/31/2022 18:00,0
3/31/2022 19:00,0
3/31/2022 20:00,0
3/31/2022 21:00,0
3/31/2022 22:00,0
3/31/2022 23:00,0
4/1/2022 0:00,0
4/1/2022 1:00,0
4/1/2022 2:00,0
4/1/2022 3:00,0.357
4/1/2022 4:00,45.88
4/1/2022 5:00,161.507
4/1/2022 6:00,284.672
4/1/2022 7:00,364.54
4/1/2022 8:00,423.343
4/1/2022 9:00,467.272
4/1/2022 10:00,495.061
4/1/2022 11:00,496.412
4/1/2022 12:00,456.77
4/1/2022 13:00,381.411
4/1/2022 14:00,263.116
4/1/2022 15:00,128.106
4/1/2022 16:00,24.166
4/1/2022 17:00,0.003
4/1/2022 18:00,0
4/1/2022 19:00,0
4/1/2022 20:00,0
4/1/2022 21:00,0
4/1/2022 22:00,0
4/1/2022 23:00,0
4/2/2022 0:00,0
4/2/2022 1:00,0
4/2/2022 2:00,0
4/2/2022 3:00,0.384
4/2/2022 4:00,43.005
4/2/2022 5:00,157.048
4/2/2022 6:00,296.224
4/2/2022 7:00,425.531
4/2/2022 8:00,521.525
4/2/2022 9:00,586.521
4/2/2022 10:00,607.014
4/2/2022 11:00,585.224
4/2/2022 12:00,516.737
4/2/2022 13:00,407.488
4/2/2022 14:00,279.737
4/2/2022 15:00,136.397
4/2/2022 16:00,27.159
4/2/2022 17:00,0.011
4/2/2022 18:00,0
4/2/2022 19:00,0
4/2/2022 20:00,0
4/2/2022 21:00,0
4/2/2022 22:00,0
4/2/2022 23:00,0
4/3/2022 0:00,0
4/3/2022 1:00,0
4/3/2022 2:00,0
4/3/2022 3:00,0.912
4/3/2022 4:00,63.805
4/3/2022 5:00,206.675
4/3/2022 6:00,352.518
4/3/2022 7:00,476.881
4/3/2022 8:00,563.071
4/3/2022 9:00,581.984
4/3/2022 10:00,531.235
4/3/2022 11:00,471.046
4/3/2022 12:00,407.03
4/3/2022 13:00,322.141
4/3/2022 14:00,216.996
4/3/2022 15:00,114.014
4/3/2022 16:00,25.392
4/3/2022 17:00,0.027
4/3/2022 18:00,0
4/3/2022 19:00,0
4/3/2022 20:00,0
4/3/2022 21:00,0
4/3/2022 22:00,0
4/3/2022 23:00,0
4/4/2022 0:00,0
4/4/2022 1:00,0
4/4/2022 2:00,0
4/4/2022 3:00,0.982
4/4/2022 4:00,51.112
4/4/2022 5:00,173.731
4/4/2022 6:00,283.118
4/4/2022 7:00,338.162
4/4/2022 8:00,345.972
4/4/2022 9:00,310.551
4/4/2022 10:00,246.25
4/4/2022 11:00,198.919
4/4/2022 12:00,154.803
4/4/2022 13:00,113.29
4/4/2022 14:00,76.652
4/4/2022 15:00,38.647
4/4/2022 16:00,8.287
4/4/2022 17:00,0.004
4/4/2022 18:00,0
4/4/2022 19:00,0
4/4/2022 20:00,0
4/4/2022 21:00,0
4/4/2022 22:00,0
4/4/2022 23:00,0
4/5/2022 0:00,0
4/5/2022 1:00,0
4/5/2022 2:00,0
4/5/2022 3:00,0.323
4/5/2022 4:00,15.184
4/5/2022 5:00,57.855
4/5/2022 6:00,131.993
4/5/2022 7:00,206.798
4/5/2022 8:00,249.169
4/5/2022 9:00,263.133
4/5/2022 10:00,285.264
4/5/2022 11:00,302.292
4/5/2022 12:00,270.774
4/5/2022 13:00,217.79
4/5/2022 14:00,153.539
4/5/2022 15:00,86.703
4/5/2022 16:00,27.811
4/5/2022 17:00,0.081
4/5/2022 18:00,0
4/5/2022 19:00,0
4/5/2022 20:00,0
4/5/2022 21:00,0
4/5/2022 22:00,0
4/5/2022 23:00,0
4/6/2022 0:00,0
4/6/2022 1:00,0
4/6/2022 2:00,0
4/6/2022 3:00,1.247
4/6/2022 4:00,57.946
4/6/2022 5:00,186.894
4/6/2022 6:00,349.776
4/6/2022 7:00,468.353
4/6/2022 8:00,555.047
4/6/2022 9:00,577.824
4/6/2022 10:00,584.33
4/6/2022 11:00,513.51
4/6/2022 12:00,385.301
4/6/2022 13:00,255.895
4/6/2022 14:00,142.242
4/6/2022 15:00,62.982
4/6/2022 16:00,13.962
4/6/2022 17:00,0.048
4/6/2022 18:00,0
4/6/2022 19:00,0
4/6/2022 20:00,0
4/6/2022 21:00,0
4/6/2022 22:00,0
4/6/2022 23:00,0
4/7/2022 0:00,0
4/7/2022 1:00,0
4/7/2022 2:00,0
4/7/2022 3:00,0.296
4/7/2022 4:00,9.56
4/7/2022 5:00,25.305
4/7/2022 6:00,45.768
4/7/2022 7:00,87.898
4/7/2022 8:00,121.427
4/7/2022 9:00,144.955
4/7/2022 10:00,240.042
4/7/2022 11:00,266.702
4/7/2022 12:00,224.864
4/7/2022 13:00,186.417
4/7/2022 14:00,147.246
4/7/2022 15:00,87.109
4/7/2022 16:00,26.916
4/7/2022 17:00,0.191
4/7/2022 18:00,0
4/7/2022 19:00,0
4/7/2022 20:00,0
4/7/2022 21:00,0
4/7/2022 22:00,0
4/7/2022 23:00,0
4/8/2022 0:00,0
4/8/2022 1:00,0
4/8/2022 2:00,0
4/8/2022 3:00,0.795
4/8/2022 4:00,16.992
4/8/2022 5:00,54.374
4/8/2022 6:00,120.931
4/8/2022 7:00,250.554
4/8/2022 8:00,347.623
4/8/2022 9:00,365.206
4/8/2022 10:00,372.51
4/8/2022 11:00,376.669
4/8/2022 12:00,327.215
4/8/2022 13:00,250.908
4/8/2022 14:00,205.514
4/8/2022 15:00,107.143
4/8/2022 16:00,31.348
4/8/2022 17:00,0.288
4/8/2022 18:00,0
4/8/2022 19:00,0
4/8/2022 20:00,0
4/8/2022 21:00,0
4/8/2022 22:00,0
4/8/2022 23:00,0
4/9/2022 0:00,0
4/9/2022 1:00,0
4/9/2022 2:00,0
4/9/2022 3:00,2.832
4/9/2022 4:00,42.393
4/9/2022 5:00,116.689
4/9/2022 6:00,217.892
4/9/2022 7:00,314.764
4/9/2022 8:00,429.371
4/9/2022 9:00,486.438
4/9/2022 10:00,445.204
4/9/2022 11:00,431.157
4/9/2022 12:00,380.347
4/9/2022 13:00,295.645
4/9/2022 14:00,207.535
4/9/2022 15:00,122.425
4/9/2022 16:00,42.765
4/9/2022 17:00,0.654
4/9/2022 18:00,0
4/9/2022 19:00,0
4/9/2022 20:00,0
4/9/2022 21:00,0
4/9/2022 22:00,0
4/9/2022 23:00,0
4/10/2022 0:00,0
4/10/2022 1:00,0
4/10/2022 2:00,0
4/10/2022 3:00,3.377
4/10/2022 4:00,36.766
4/10/2022 5:00,94.137
4/10/2022 6:00,151.232
4/10/2022 7:00,245.276
4/10/2022 8:00,367.256
4/10/2022 9:00,427.749
4/10/2022 10:00,484.407
4/10/2022 11:00,447.85
4/10/2022 12:00,401.7
4/10/2022 13:00,324.498
4/10/2022 14:00,235.191
4/10/2022 15:00,138.512
4/10/2022 16:00,46.935
4/10/2022 17:00,1.067
4/10/2022 18:00,0
4/10/2022 19:00,0
4/10/2022 20:00,0
4/10/2022 21:00,0
4/10/2022 22:00,0
4/10/2022 23:00,0
4/11/2022 0:00,0
4/11/2022 1:00,0
4/11/2022 2:00,0
4/11/2022 3:00,3.165
4/11/2022 4:00,40.657
4/11/2022 5:00,125.657
4/11/2022 6:00,243.17
4/11/2022 7:00,388.357
4/11/2022 8:00,534.997
4/11/2022 9:00,596.631
4/11/2022 10:00,572.052
4/11/2022 11:00,523.011
4/11/2022 12:00,419.599
4/11/2022 13:00,292.147
4/11/2022 14:00,204.968
4/11/2022 15:00,120.882
4/11/2022 16:00,45.169
4/11/2022 17:00,1.36
4/11/2022 18:00,0
4/11/2022 19:00,0
4/11/2022 20:00,0
4/11/2022 21:00,0
4/11/2022 22:00,0
4/11/2022 23:00,0
4/12/2022 0:00,0
4/12/2022 1:00,0
4/12/2022 2:00,0
4/12/2022 3:00,4.287
4/12/2022 4:00,50.523
4/12/2022 5:00,145.962
4/12/2022 6:00,280.628
4/12/2022 7:00,439.463
4/12/2022 8:00,584.433
4/12/2022 9:00,659.664
4/12/2022 10:00,677.922
4/12/2022 11:00,638.936
4/12/2022 12:00,547.708
4/12/2022 13:00,438.351
4/12/2022 14:00,309.359
4/12/2022 15:00,181.799
4/12/2022 16:00,66.67
4/12/2022 17:00,2.175
4/12/2022 18:00,0
4/12/2022 19:00,0
4/12/2022 20:00,0
4/12/2022 21:00,0
4/12/2022 22:00,0
4/12/2022 23:00,0
4/13/2022 0:00,0
4/13/2022 1:00,0
4/13/2022 2:00,0
4/13/2022 3:00,9.322
4/13/2022 4:00,81.056
4/13/2022 5:00,206.064
4/13/2022 6:00,376.472
4/13/2022 7:00,516.403
4/13/2022 8:00,611.972
4/13/2022 9:00,661.075
4/13/2022 10:00,657.817
4/13/2022 11:00,599.445
4/13/2022 12:00,542.522
4/13/2022 13:00,475.777
4/13/2022 14:00,339.941
4/13/2022 15:00,181.4
4/13/2022 16:00,60.26
4/13/2022 17:00,2.559
4/13/2022 18:00,0
4/13/2022 19:00,0
4/13/2022 20:00,0
4/13/2022 21:00,0
4/13/2022 22:00,0
4/13/2022 23:00,0
4/14/2022 0:00,0
4/14/2022 1:00,0
4/14/2022 2:00,0
4/14/2022 3:00,8.07
4/14/2022 4:00,74.886
4/14/2022 5:00,174.043
4/14/2022 6:00,278.869
4/14/2022 7:00,365.464
4/14/2022 8:00,444.465
4/14/2022 9:00,464.453
4/14/2022 10:00,386.262
4/14/2022 11:00,282.987
4/14/2022 12:00,247.922
4/14/2022 13:00,179.777
4/14/2022 14:00,102.402
4/14/2022 15:00,50.629
4/14/2022 16:00,14.085
4/14/2022 17:00,0.418
4/14/2022 18:00,0
4/14/2022 19:00,0
4/14/2022 20:00,0
4/14/2022 21:00,0
4/14/2022 22:00,0
4/14/2022 23:00,0
4/15/2022 0:00,0
4/15/2022 1:00,0
4/15/2022 2:00,0
4/15/2022 3:00,4.807
4/15/2022 4:00,44.446
4/15/2022 5:00,96.262
4/15/2022 6:00,146.833
4/15/2022 7:00,215.337
4/15/2022 8:00,283.347
4/15/2022 9:00,406.447
4/15/2022 10:00,476.52
4/15/2022 11:00,474.807
4/15/2022 12:00,447.366
4/15/2022 13:00,363.773
4/15/2022 14:00,269.7
4/15/2022 15:00,158.615
4/15/2022 16:00,64.571
4/15/2022 17:00,4.237
4/15/2022 18:00,0
4/15/2022 19:00,0
4/15/2022 20:00,0
4/15/2022 21:00,0
4/15/2022 22:00,0
4/15/2022 23:00,0
4/16/2022 0:00,0
4/16/2022 1:00,0
4/16/2022 2:00,0
4/16/2022 3:00,12.182
4/16/2022 4:00,92.65
4/16/2022 5:00,225.701
4/16/2022 6:00,379.344
4/16/2022 7:00,460.595
4/16/2022 8:00,545.974
4/16/2022 9:00,599.643
4/16/2022 10:00,609.939
4/16/2022 11:00,581.832
4/16/2022 12:00,524.584
4/16/2022 13:00,440.562
4/16/2022 14:00,327.112
4/16/2022 15:00,200.817
4/16/2022 16:00,79.846
4/16/2022 17:00,5.633
4/16/2022 18:00,0
4/16/2022 19:00,0
4/16/2022 20:00,0
4/16/2022 21:00,0
4/16/2022 22:00,0
4/16/2022 23:00,0
4/17/2022 0:00,0
4/17/2022 1:00,0
4/17/2022 2:00,0
4/17/2022 3:00,15.175
4/17/2022 4:00,112.917
4/17/2022 5:00,266.179
4/17/2022 6:00,422.082
4/17/2022 7:00,556.69
4/17/2022 8:00,653.196
4/17/2022 9:00,698.504
4/17/2022 10:00,683.33
4/17/2022 11:00,602.728
4/17/2022 12:00,531.006
4/17/2022 13:00,486.536
4/17/2022 14:00,382.277
4/17/2022 15:00,237.727
4/17/2022 16:00,96.136
4/17/2022 17:00,7.22
4/17/2022 18:00,0
4/17/2022 19:00,0
4/17/2022 20:00,0
4/17/2022 21:00,0
4/17/2022 22:00,0
4/17/2022 23:00,0
4/18/2022 0:00,0
4/18/2022 1:00,0
4/18/2022 2:00,0
4/18/2022 3:00,19.186
4/18/2022 4:00,109.956
4/18/2022 5:00,216.716
4/18/2022 6:00,311.112
4/18/2022 7:00,389.09
4/18/2022 8:00,473.624
4/18/2022 9:00,584.646
4/18/2022 10:00,649.874
4/18/2022 11:00,628.019
4/18/2022 12:00,554.532
4/18/2022 13:00,449.079
4/18/2022 14:00,327.608
4/18/2022 15:00,198.468
4/18/2022 16:00,80.531
4/18/2022 17:00,6.717
4/18/2022 18:00,0
4/18/2022 19:00,0
4/18/2022 20:00,0
4/18/2022 21:00,0
4/18/2022 22:00,0
4/18/2022 23:00,0
4/19/2022 0:00,0
4/19/2022 1:00,0
4/19/2022 2:00,0
4/19/2022 3:00,17.773
4/19/2022 4:00,107.861
4/19/2022 5:00,259.461
4/19/2022 6:00,409.753
4/19/2022 7:00,535.962
4/19/2022 8:00,630.214
4/19/2022 9:00,687.098
4/19/2022 10:00,699.282
4/19/2022 11:00,662.865
4/19/2022 12:00,583.638
4/19/2022 13:00,469.29
4/19/2022 14:00,331.862
4/19/2022 15:00,193.537
4/19/2022 16:00,77.713
4/19/2022 17:00,7.93
4/19/2022 18:00,0
4/19/2022 19:00,0
4/19/2022 20:00,0
4/19/2022 21:00,0
4/19/2022 22:00,0
4/19/2022 23:00,0
4/20/2022 0:00,0
4/20/2022 1:00,0
4/20/2022 2:00,0.001
4/20/2022 3:00,18.173
4/20/2022 4:00,110.289
4/20/2022 5:00,273.293
4/20/2022 6:00,422.084
4/20/2022 7:00,553.474
4/20/2022 8:00,650.014
4/20/2022 9:00,706.607
4/20/2022 10:00,718.053
4/20/2022 11:00,692.046
4/20/2022 12:00,623.846
4/20/2022 13:00,517.285
4/20/2022 14:00,386.76
4/20/2022 15:00,242.35
4/20/2022 16:00,104.947
4/20/2022 17:00,11.631
4/20/2022 18:00,0
4/20/2022 19:00,0
4/20/2022 20:00,0
4/20/2022 21:00,0
4/20/2022 22:00,0
4/20/2022 23:00,0
4/21/2022 0:00,0
4/21/2022 1:00,0
4/21/2022 2:00,0.003
4/21/2022 3:00,16.77
4/21/2022 4:00,97.792
4/21/2022 5:00,208.606
4/21/2022 6:00,409.327
4/21/2022 7:00,563.671
4/21/2022 8:00,664.016
4/21/2022 9:00,723.287
4/21/2022 10:00,735.001
4/21/2022 11:00,694.014
4/21/2022 12:00,613.326
4/21/2022 13:00,504.982
4/21/2022 14:00,372.179
4/21/2022 15:00,235.466
4/21/2022 16:00,100.892
4/21/2022 17:00,11.971
4/21/2022 18:00,0
4/21/2022 19:00,0
4/21/2022 20:00,0
4/21/2022 21:00,0
4/21/2022 22:00,0
4/21/2022 23:00,0
4/22/2022 0:00,0
4/22/2022 1:00,0
4/22/2022 2:00,0.003
4/22/2022 3:00,11.762
4/22/2022 4:00,51.612
4/22/2022 5:00,111.917
4/22/2022 6:00,206.444
4/22/2022 7:00,381.265
4/22/2022 8:00,585.855
4/22/2022 9:00,717.297
4/22/2022 10:00,739.51
4/22/2022 11:00,712.137
4/22/2022 12:00,642.852
4/22/2022 13:00,536.507
4/22/2022 14:00,400.374
4/22/2022 15:00,254.445
4/22/2022 16:00,112.804
4/22/2022 17:00,14.591
4/22/2022 18:00,0
4/22/2022 19:00,0
4/22/2022 20:00,0
4/22/2022 21:00,0
4/22/2022 22:00,0
4/22/2022 23:00,0
4/23/2022 0:00,0
4/23/2022 1:00,0
4/23/2022 2:00,0.031
4/23/2022 3:00,30.518
4/23/2022 4:00,138.109
4/23/2022 5:00,273.811
4/23/2022 6:00,404.912
4/23/2022 7:00,517.408
4/23/2022 8:00,584.622
4/23/2022 9:00,594.926
4/23/2022 10:00,578.58
4/23/2022 11:00,529.626
4/23/2022 12:00,430.785
4/23/2022 13:00,323.026
4/23/2022 14:00,210.281
4/23/2022 15:00,111.983
4/23/2022 16:00,44.438
4/23/2022 17:00,6.294
4/23/2022 18:00,0
4/23/2022 19:00,0
4/23/2022 20:00,0
4/23/2022 21:00,0
4/23/2022 22:00,0
4/23/2022 23:00,0
4/24/2022 0:00,0
4/24/2022 1:00,0
4/24/2022 2:00,0.007
4/24/2022 3:00,5.851
4/24/2022 4:00,25.624
4/24/2022 5:00,55.472
4/24/2022 6:00,88.741
4/24/2022 7:00,111.308
4/24/2022 8:00,124.204
4/24/2022 9:00,118.487
4/24/2022 10:00,143.96
4/24/2022 11:00,154.515
4/24/2022 12:00,150.532
4/24/2022 13:00,135.582
4/24/2022 14:00,119.29
4/24/2022 15:00,86.194
4/24/2022 16:00,45.18
4/24/2022 17:00,7.218
4/24/2022 18:00,0
4/24/2022 19:00,0
4/24/2022 20:00,0
4/24/2022 21:00,0
4/24/2022 22:00,0
4/24/2022 23:00,0
4/25/2022 0:00,0
4/25/2022 1:00,0
4/25/2022 2:00,0.052
4/25/2022 3:00,11.028
4/25/2022 4:00,39.833
4/25/2022 5:00,82.285
4/25/2022 6:00,138.56
4/25/2022 7:00,243.118
4/25/2022 8:00,308.288
4/25/2022 9:00,380.736
4/25/2022 10:00,441.432
4/25/2022 11:00,463.677
4/25/2022 12:00,422.522
4/25/2022 13:00,350.747
4/25/2022 14:00,258.424
4/25/2022 15:00,172.657
4/25/2022 16:00,82.796
4/25/2022 17:00,15.657
4/25/2022 18:00,0
4/25/2022 19:00,0
4/25/2022 20:00,0
4/25/2022 21:00,0
4/25/2022 22:00,0
4/25/2022 23:00,0
4/26/2022 0:00,0
4/26/2022 1:00,0
4/26/2022 2:00,0.063
4/26/2022 3:00,22.362
4/26/2022 4:00,113.36
4/26/2022 5:00,266.271
4/26/2022 6:00,422.126
4/26/2022 7:00,552.56
4/26/2022 8:00,638.354
4/26/2022 9:00,677.485
4/26/2022 10:00,660.894
4/26/2022 11:00,603.295
4/26/2022 12:00,533.409
4/26/2022 13:00,444.132
4/26/2022 14:00,343.63
4/26/2022 15:00,228.265
4/26/2022 16:00,118.771
4/26/2022 17:00,22.953
4/26/2022 18:00,0.001
4/26/2022 19:00,0
4/26/2022 20:00,0
4/26/2022 21:00,0
4/26/2022 22:00,0
4/26/2022 23:00,0
4/27/2022 0:00,0
4/27/2022 1:00,0
4/27/2022 2:00,0.274
4/27/2022 3:00,40.188
4/27/2022 4:00,153.364
4/27/2022 5:00,317.668
4/27/2022 6:00,435.588
4/27/2022 7:00,514.073
4/27/2022 8:00,576.641
4/27/2022 9:00,624.478
4/27/2022 10:00,620.49
4/27/2022 11:00,581.579
4/27/2022 12:00,534.146
4/27/2022 13:00,471.087
4/27/2022 14:00,377.277
4/27/2022 15:00,258.6
4/27/2022 16:00,128.595
4/27/2022 17:00,25.709
4/27/2022 18:00,0.004
4/27/2022 19:00,0
4/27/2022 20:00,0
4/27/2022 21:00,0
4/27/2022 22:00,0
4/27/2022 23:00,0
4/28/2022 0:00,0
4/28/2022 1:00,0
4/28/2022 2:00,0.503
4/28/2022 3:00,41.866
4/28/2022 4:00,149.215
4/28/2022 5:00,286.534
4/28/2022 6:00,416.252
4/28/2022 7:00,492.441
4/28/2022 8:00,598.442
4/28/2022 9:00,639.79
4/28/2022 10:00,672.577
4/28/2022 11:00,654.871
4/28/2022 12:00,577.328
4/28/2022 13:00,479.112
4/28/2022 14:00,344.104
4/28/2022 15:00,186.807
4/28/2022 16:00,90.827
4/28/2022 17:00,19.546
4/28/2022 18:00,0.004
4/28/2022 19:00,0
4/28/2022 20:00,0
4/28/2022 21:00,0
4/28/2022 22:00,0
4/28/2022 23:00,0
4/29/2022 0:00,0
4/29/2022 1:00,0
4/29/2022 2:00,0.317
4/29/2022 3:00,28.299
4/29/2022 4:00,102.214
4/29/2022 5:00,240.63
4/29/2022 6:00,424.275
4/29/2022 7:00,561.678
4/29/2022 8:00,637.755
4/29/2022 9:00,676.607
4/29/2022 10:00,670.689
4/29/2022 11:00,646.418
4/29/2022 12:00,587.581
4/29/2022 13:00,485.513
4/29/2022 14:00,364.858
4/29/2022 15:00,222.271
4/29/2022 16:00,116.249
4/29/2022 17:00,26.214
4/29/2022 18:00,0.019
4/29/2022 19:00,0
4/29/2022 20:00,0
4/29/2022 21:00,0
4/29/2022 22:00,0
4/29/2022 23:00,0
4/30/2022 0:00,0
4/30/2022 1:00,0
4/30/2022 2:00,1.067
4/30/2022 3:00,55.682
4/30/2022 4:00,184.262
4/30/2022 5:00,338.828
4/30/2022 6:00,485.931
4/30/2022 7:00,610.967
4/30/2022 8:00,704.835
4/30/2022 9:00,762.226
4/30/2022 10:00,778.673
4/30/2022 11:00,746.547
4/30/2022 12:00,664.01
4/30/2022 13:00,544.287
4/30/2022 14:00,402.729
4/30/2022 15:00,253.431
4/30/2022 16:00,119.748
4/30/2022 17:00,26.582
4/30/2022 18:00,0.043
4/30/2022 19:00,0
4/30/2022 20:00,0
4/30/2022 21:00,0
4/30/2022 22:00,0
4/30/2022 23:00,0
5/1/2022 0:00,0
5/1/2022 1:00,0
5/1/2022 2:00,1.405
5/1/2022 3:00,51.035
5/1/2022 4:00,150.256
5/1/2022 5:00,259.298
5/1/2022 6:00,355.606
5/1/2022 7:00,431.068
5/1/2022 8:00,490.383
5/1/2022 9:00,512.725
5/1/2022 10:00,506.729
5/1/2022 11:00,453.003
5/1/2022 12:00,381.637
5/1/2022 13:00,298.342
5/1/2022 14:00,226.626
5/1/2022 15:00,157.988
5/1/2022 16:00,83.689
5/1/2022 17:00,21.252
5/1/2022 18:00,0.087
5/1/2022 19:00,0
5/1/2022 20:00,0
5/1/2022 21:00,0
5/1/2022 22:00,0
5/1/2022 23:00,0
5/2/2022 0:00,0
5/2/2022 1:00,0
5/2/2022 2:00,1.342
5/2/2022 3:00,43.294
5/2/2022 4:00,146.407
5/2/2022 5:00,287.056
5/2/2022 6:00,430.015
5/2/2022 7:00,551.087
5/2/2022 8:00,653.872
5/2/2022 9:00,724.5
5/2/2022 10:00,738.799
5/2/2022 11:00,693.809
5/2/2022 12:00,599.173
5/2/2022 13:00,509.243
5/2/2022 14:00,406.399
5/2/2022 15:00,281.421
5/2/2022 16:00,146.986
5/2/2022 17:00,35.912
5/2/2022 18:00,0.156
5/2/2022 19:00,0
5/2/2022 20:00,0
5/2/2022 21:00,0
5/2/2022 22:00,0
5/2/2022 23:00,0
5/3/2022 0:00,0
5/3/2022 1:00,0
5/3/2022 2:00,1.474
5/3/2022 3:00,35.035
5/3/2022 4:00,98.301
5/3/2022 5:00,172.257
5/3/2022 6:00,271.916
5/3/2022 7:00,405.846
5/3/2022 8:00,520.524
5/3/2022 9:00,598.755
5/3/2022 10:00,665.88
5/3/2022 11:00,662.728
5/3/2022 12:00,644.581
5/3/2022 13:00,566.747
5/3/2022 14:00,450.236
5/3/2022 15:00,307.344
5/3/2022 16:00,166.424
5/3/2022 17:00,44.629
5/3/2022 18:00,0.287
5/3/2022 19:00,0
5/3/2022 20:00,0
5/3/2022 21:00,0
5/3/2022 22:00,0
5/3/2022 23:00,0
5/4/2022 0:00,0
5/4/2022 1:00,0
5/4/2022 2:00,3.063
5/4/2022 3:00,70.978
5/4/2022 4:00,204.188
5/4/2022 5:00,352.48
5/4/2022 6:00,492.051
5/4/2022 7:00,597.075
5/4/2022 8:00,666.526
5/4/2022 9:00,707.819
5/4/2022 10:00,719.329
5/4/2022 11:00,689.541
5/4/2022 12:00,647.264
5/4/2022 13:00,559.706
5/4/2022 14:00,440.827
5/4/2022 15:00,301.863
5/4/2022 16:00,166.469
5/4/2022 17:00,46.02
5/4/2022 18:00,0.421
5/4/2022 19:00,0
5/4/2022 20:00,0
5/4/2022 21:00,0
5/4/2022 22:00,0
5/4/2022 23:00,0
5/5/2022 0:00,0
5/5/2022 1:00,0
5/5/2022 2:00,2.078
5/5/2022 3:00,30.323
5/5/2022 4:00,81.34
5/5/2022 5:00,147.724
5/5/2022 6:00,222.382
5/5/2022 7:00,297.139
5/5/2022 8:00,361.531
5/5/2022 9:00,405.391
5/5/2022 10:00,439.019
5/5/2022 11:00,455.02
5/5/2022 12:00,408.122
5/5/2022 13:00,315.078
5/5/2022 14:00,228.265
5/5/2022 15:00,148.184
5/5/2022 16:00,80.334
5/5/2022 17:00,23.135
5/5/2022 18:00,0.349
5/5/2022 19:00,0
5/5/2022 20:00,0
5/5/2022 21:00,0
5/5/2022 22:00,0
5/5/2022 23:00,0
5/6/2022 0:00,0
5/6/2022 1:00,0
5/6/2022 2:00,2.014
5/6/2022 3:00,31.725
5/6/2022 4:00,96.568
5/6/2022 5:00,197.976
5/6/2022 6:00,382.449
5/6/2022 7:00,515.399
5/6/2022 8:00,643.978
5/6/2022 9:00,720.4
5/6/2022 10:00,735.503
5/6/2022 11:00,696.025
5/6/2022 12:00,591.442
5/6/2022 13:00,512.35
5/6/2022 14:00,398.502
5/6/2022 15:00,252.33
5/6/2022 16:00,125.514
5/6/2022 17:00,39.405
5/6/2022 18:00,0.74
5/6/2022 19:00,0
5/6/2022 20:00,0
5/6/2022 21:00,0
5/6/2022 22:00,0
5/6/2022 23:00,0
5/7/2022 0:00,0
5/7/2022 1:00,0
5/7/2022 2:00,3.919
5/7/2022 3:00,43.66
5/7/2022 4:00,107.947
5/7/2022 5:00,222.328
5/7/2022 6:00,324.681
5/7/2022 7:00,459.125
5/7/2022 8:00,649.495
5/7/2022 9:00,683.286
5/7/2022 10:00,664.151
5/7/2022 11:00,572.689
5/7/2022 12:00,428.438
5/7/2022 13:00,303.026
5/7/2022 14:00,208.794
5/7/2022 15:00,129.703
5/7/2022 16:00,64.489
5/7/2022 17:00,18.867
5/7/2022 18:00,0.343
5/7/2022 19:00,0
5/7/2022 20:00,0
5/7/2022 21:00,0
5/7/2022 22:00,0
5/7/2022 23:00,0
5/8/2022 0:00,0
5/8/2022 1:00,0
5/8/2022 2:00,4.921
5/8/2022 3:00,60.827
5/8/2022 4:00,156.582
5/8/2022 5:00,273.195
5/8/2022 6:00,400.766
5/8/2022 7:00,520.201
5/8/2022 8:00,637.469
5/8/2022 9:00,718.382
5/8/2022 10:00,740.803
5/8/2022 11:00,719.529
5/8/2022 12:00,652.555
5/8/2022 13:00,576.949
5/8/2022 14:00,470.309
5/8/2022 15:00,334.63
5/8/2022 16:00,190.866
5/8/2022 17:00,62.25
5/8/2022 18:00,1.686
5/8/2022 19:00,0
5/8/2022 20:00,0
5/8/2022 21:00,0
5/8/2022 22:00,0
5/8/2022 23:00,0
5/9/2022 0:00,0
5/9/2022 1:00,0
5/9/2022 2:00,7.926
5/9/2022 3:00,92.308
5/9/2022 4:00,231.141
5/9/2022 5:00,381.63
5/9/2022 6:00,524.365
5/9/2022 7:00,641.518
5/9/2022 8:00,729.575
5/9/2022 9:00,783.657
5/9/2022 10:00,804.27
5/9/2022 11:00,775.204
5/9/2022 12:00,701.849
5/9/2022 13:00,585.725
5/9/2022 14:00,447.348
5/9/2022 15:00,311.277
5/9/2022 16:00,182.105
5/9/2022 17:00,62.797
5/9/2022 18:00,2.073
5/9/2022 19:00,0
5/9/2022 20:00,0
5/9/2022 21:00,0
5/9/2022 22:00,0
5/9/2022 23:00,0
5/10/2022 0:00,0
5/10/2022 1:00,0
5/10/2022 2:00,8.967
5/10/2022 3:00,91.371
5/10/2022 4:00,226.411
5/10/2022 5:00,361.401
5/10/2022 6:00,476.836
5/10/2022 7:00,621.85
5/10/2022 8:00,723.93
5/10/2022 9:00,778.209
5/10/2022 10:00,770.175
5/10/2022 11:00,688.095
5/10/2022 12:00,558.367
5/10/2022 13:00,443.076
5/10/2022 14:00,379.977
5/10/2022 15:00,281.95
5/10/2022 16:00,159.262
5/10/2022 17:00,52.01
5/10/2022 18:00,2.038
5/10/2022 19:00,0
5/10/2022 20:00,0
5/10/2022 21:00,0
5/10/2022 22:00,0
5/10/2022 23:00,0
5/11/2022 0:00,0
5/11/2022 1:00,0
5/11/2022 2:00,4.88
5/11/2022 3:00,38.02
5/11/2022 4:00,100.322
5/11/2022 5:00,167.391
5/11/2022 6:00,188.389
5/11/2022 7:00,199.172
5/11/2022 8:00,249.106
5/11/2022 9:00,363.634
5/11/2022 10:00,428.969
5/11/2022 11:00,471.485
5/11/2022 12:00,375.79
5/11/2022 13:00,256.635
5/11/2022 14:00,160.878
5/11/2022 15:00,114.265
5/11/2022 16:00,87.177
5/11/2022 17:00,36.542
5/11/2022 18:00,2.408
5/11/2022 19:00,0
5/11/2022 20:00,0
5/11/2022 21:00,0
5/11/2022 22:00,0
5/11/2022 23:00,0
5/12/2022 0:00,0
5/12/2022 1:00,0
5/12/2022 2:00,2.803
5/12/2022 3:00,24.397
5/12/2022 4:00,72.654
5/12/2022 5:00,127.088
5/12/2022 6:00,224.253
5/12/2022 7:00,290.703
5/12/2022 8:00,316.424
5/12/2022 9:00,453.073
5/12/2022 10:00,457.505
5/12/2022 11:00,422.746
5/12/2022 12:00,453.742
5/12/2022 13:00,466.384
5/12/2022 14:00,416.378
5/12/2022 15:00,307.683
5/12/2022 16:00,163.137
5/12/2022 17:00,53.401
5/12/2022 18:00,2.673
5/12/2022 19:00,0
5/12/2022 20:00,0
5/12/2022 21:00,0
5/12/2022 22:00,0
5/12/2022 23:00,0
5/13/2022 0:00,0
5/13/2022 1:00,0
5/13/2022 2:00,9.017
5/13/2022 3:00,77.107
5/13/2022 4:00,206.568
5/13/2022 5:00,360.116
5/13/2022 6:00,500.016
5/13/2022 7:00,607.608
5/13/2022 8:00,658.784
5/13/2022 9:00,697.669
5/13/2022 10:00,688.392
5/13/2022 11:00,631.685
5/13/2022 12:00,574.133
5/13/2022 13:00,500.019
5/13/2022 14:00,387.706
5/13/2022 15:00,267.11
5/13/2022 16:00,136.291
5/13/2022 17:00,47.674
5/13/2022 18:00,3.608
5/13/2022 19:00,0
5/13/2022 20:00,0
5/13/2022 21:00,0
5/13/2022 22:00,0
5/13/2022 23:00,0
5/14/2022 0:00,0
5/14/2022 1:00,0
5/14/2022 2:00,3.848
5/14/2022 3:00,23.966
5/14/2022 4:00,58.544
5/14/2022 5:00,104.256
5/14/2022 6:00,151.383
5/14/2022 7:00,184.242
5/14/2022 8:00,207.518
5/14/2022 9:00,246.545
5/14/2022 10:00,295.386
5/14/2022 11:00,308.295
5/14/2022 12:00,256.006
5/14/2022 13:00,210.224
5/14/2022 14:00,204.262
5/14/2022 15:00,190.41
5/14/2022 16:00,110.939
5/14/2022 17:00,45.739
5/14/2022 18:00,3.264
5/14/2022 19:00,0
5/14/2022 20:00,0
5/14/2022 21:00,0
5/14/2022 22:00,0
5/14/2022 23:00,0
5/15/2022 0:00,0
5/15/2022 1:00,0
5/15/2022 2:00,9.238
5/15/2022 3:00,65.985
5/15/2022 4:00,194.81
5/15/2022 5:00,359.617
5/15/2022 6:00,501.114
5/15/2022 7:00,618.839
5/15/2022 8:00,695.391
5/15/2022 9:00,717.055
5/15/2022 10:00,688.578
5/15/2022 11:00,606.267
5/15/2022 12:00,548.075
5/15/2022 13:00,506.838
5/15/2022 14:00,437.325
5/15/2022 15:00,331.46
5/15/2022 16:00,206.267
5/15/2022 17:00,82.396
5/15/2022 18:00,6.334
5/15/2022 19:00,0
5/15/2022 20:00,0
5/15/2022 21:00,0
5/15/2022 22:00,0
5/15/2022 23:00,0
5/16/2022 0:00,0
5/16/2022 1:00,0
5/16/2022 2:00,13.692
5/16/2022 3:00,87.135
5/16/2022 4:00,226.392
5/16/2022 5:00,378.746
5/16/2022 6:00,531.665
5/16/2022 7:00,651.58
5/16/2022 8:00,724.639
5/16/2022 9:00,771.977
5/16/2022 10:00,790.304
5/16/2022 11:00,770.702
5/16/2022 12:00,709.876
5/16/2022 13:00,612.266
5/16/2022 14:00,483.494
5/16/2022 15:00,346.541
5/16/2022 16:00,208.668
5/16/2022 17:00,82.754
5/16/2022 18:00,6.966
5/16/2022 19:00,0
5/16/2022 20:00,0
5/16/2022 21:00,0
5/16/2022 22:00,0
5/16/2022 23:00,0
5/17/2022 0:00,0
5/17/2022 1:00,0
5/17/2022 2:00,11.67
5/17/2022 3:00,70.461
5/17/2022 4:00,166.652
5/17/2022 5:00,270.537
5/17/2022 6:00,355.656
5/17/2022 7:00,432.458
5/17/2022 8:00,510.656
5/17/2022 9:00,541.12
5/17/2022 10:00,580.058
5/17/2022 11:00,595.723
5/17/2022 12:00,553.061
5/17/2022 13:00,492.983
5/17/2022 14:00,403.515
5/17/2022 15:00,292.478
5/17/2022 16:00,168.614
5/17/2022 17:00,71.213
5/17/2022 18:00,6.999
5/17/2022 19:00,0
5/17/2022 20:00,0
5/17/2022 21:00,0
5/17/2022 22:00,0
5/17/2022 23:00,0
5/18/2022 0:00,0
5/18/2022 1:00,0.001
5/18/2022 2:00,14.503
5/18/2022 3:00,83.68
5/18/2022 4:00,214.718
5/18/2022 5:00,373.682
5/18/2022 6:00,514.247
5/18/2022 7:00,630.668
5/18/2022 8:00,726.236
5/18/2022 9:00,793.269
5/18/2022 10:00,821.948
5/18/2022 11:00,807.522
5/18/2022 12:00,743.291
5/18/2022 13:00,643.886
5/18/2022 14:00,517.607
5/18/2022 15:00,374.553
5/18/2022 16:00,226.853
5/18/2022 17:00,92.591
5/18/2022 18:00,9.115
5/18/2022 19:00,0
5/18/2022 20:00,0
5/18/2022 21:00,0
5/18/2022 22:00,0
5/18/2022 23:00,0
5/19/2022 0:00,0
5/19/2022 1:00,0.001
5/19/2022 2:00,11.388
5/19/2022 3:00,43.571
5/19/2022 4:00,99.975
5/19/2022 5:00,211.162
5/19/2022 6:00,330.526
5/19/2022 7:00,399.349
5/19/2022 8:00,503.127
5/19/2022 9:00,560.008
5/19/2022 10:00,570.741
5/19/2022 11:00,439.783
5/19/2022 12:00,262.792
5/19/2022 13:00,191.372
5/19/2022 14:00,178.085
5/19/2022 15:00,141.328
5/19/2022 16:00,88.865
5/19/2022 17:00,42.285
5/19/2022 18:00,5.565
5/19/2022 19:00,0
5/19/2022 20:00,0
5/19/2022 21:00,0
5/19/2022 22:00,0
5/19/2022 23:00,0
5/20/2022 0:00,0
5/20/2022 1:00,0.002
5/20/2022 2:00,7.436
5/20/2022 3:00,33.086
5/20/2022 4:00,61.193
5/20/2022 5:00,88.873
5/20/2022 6:00,139.237
5/20/2022 7:00,200.809
5/20/2022 8:00,248.946
5/20/2022 9:00,285.404
5/20/2022 10:00,299.119
5/20/2022 11:00,297.754
5/20/2022 12:00,247.742
5/20/2022 13:00,188.715
5/20/2022 14:00,150.865
5/20/2022 15:00,106.716
5/20/2022 16:00,67.76
5/20/2022 17:00,27.761
5/20/2022 18:00,2.546
5/20/2022 19:00,0
5/20/2022 20:00,0
5/20/2022 21:00,0
5/20/2022 22:00,0
5/20/2022 23:00,0
5/21/2022 0:00,0
5/21/2022 1:00,0.004
5/21/2022 2:00,9.241
5/21/2022 3:00,46.816
5/21/2022 4:00,111.531
5/21/2022 5:00,173.774
5/21/2022 6:00,198.81
5/21/2022 7:00,204.481
5/21/2022 8:00,201.41
5/21/2022 9:00,192.297
5/21/2022 10:00,187.24
5/21/2022 11:00,160.191
5/21/2022 12:00,133.86
5/21/2022 13:00,109.542
5/21/2022 14:00,80.876
5/21/2022 15:00,56.438
5/21/2022 16:00,34.228
5/21/2022 17:00,14.382
5/21/2022 18:00,1.827
5/21/2022 19:00,0
5/21/2022 20:00,0
5/21/2022 21:00,0
5/21/2022 22:00,0
5/21/2022 23:00,0
5/22/2022 0:00,0
5/22/2022 1:00,0.023
5/22/2022 2:00,15.865
5/22/2022 3:00,72.487
5/22/2022 4:00,172.771
5/22/2022 5:00,287.538
5/22/2022 6:00,401.366
5/22/2022 7:00,495.769
5/22/2022 8:00,545.36
5/22/2022 9:00,557.74
5/22/2022 10:00,547.129
5/22/2022 11:00,524.849
5/22/2022 12:00,476.166
5/22/2022 13:00,400.182
5/22/2022 14:00,301.007
5/22/2022 15:00,195.515
5/22/2022 16:00,111.414
5/22/2022 17:00,46.491
5/22/2022 18:00,6.494
5/22/2022 19:00,0
5/22/2022 20:00,0
5/22/2022 21:00,0
5/22/2022 22:00,0
5/22/2022 23:00,0
5/23/2022 0:00,0
5/23/2022 1:00,0.042
5/23/2022 2:00,22.554
5/23/2022 3:00,100.59
5/23/2022 4:00,226.094
5/23/2022 5:00,385.315
5/23/2022 6:00,543.881
5/23/2022 7:00,674.602
5/23/2022 8:00,769.093
5/23/2022 9:00,824.147
5/23/2022 10:00,837.084
5/23/2022 11:00,805.031
5/23/2022 12:00,734.169
5/23/2022 13:00,634.713
5/23/2022 14:00,511.765
5/23/2022 15:00,374.078
5/23/2022 16:00,232.077
5/23/2022 17:00,102.561
5/23/2022 18:00,14.384
5/23/2022 19:00,0
5/23/2022 20:00,0
5/23/2022 21:00,0
5/23/2022 22:00,0
5/23/2022 23:00,0
5/24/2022 0:00,0
5/24/2022 1:00,0.064
5/24/2022 2:00,31.317
5/24/2022 3:00,136.971
5/24/2022 4:00,275.428
5/24/2022 5:00,421.835
5/24/2022 6:00,561.149
5/24/2022 7:00,680.971
5/24/2022 8:00,771.874
5/24/2022 9:00,826.982
5/24/2022 10:00,841.483
5/24/2022 11:00,814.548
5/24/2022 12:00,748.741
5/24/2022 13:00,648.656
5/24/2022 14:00,519.409
5/24/2022 15:00,374.374
5/24/2022 16:00,227.996
5/24/2022 17:00,102.375
5/24/2022 18:00,15.064
5/24/2022 19:00,0
5/24/2022 20:00,0
5/24/2022 21:00,0
5/24/2022 22:00,0
5/24/2022 23:00,0
5/25/2022 0:00,0
5/25/2022 1:00,0.099
5/25/2022 2:00,29.471
5/25/2022 3:00,112.918
5/25/2022 4:00,213.751
5/25/2022 5:00,306.974
5/25/2022 6:00,388.252
5/25/2022 7:00,453.95
5/25/2022 8:00,505.303
5/25/2022 9:00,536.682
5/25/2022 10:00,564.325
5/25/2022 11:00,525.904
5/25/2022 12:00,430.041
5/25/2022 13:00,309.922
5/25/2022 14:00,216.784
5/25/2022 15:00,143.494
5/25/2022 16:00,68.043
5/25/2022 17:00,23.714
5/25/2022 18:00,3.083
5/25/2022 19:00,0
5/25/2022 20:00,0
5/25/2022 21:00,0
5/25/2022 22:00,0
5/25/2022 23:00,0
5/26/2022 0:00,0
5/26/2022 1:00,0.009
5/26/2022 2:00,9.539
5/26/2022 3:00,58.031
5/26/2022 4:00,157.724
5/26/2022 5:00,293.579
5/26/2022 6:00,442.284
5/26/2022 7:00,570.322
5/26/2022 8:00,663.023
5/26/2022 9:00,686.568
5/26/2022 10:00,649.696
5/26/2022 11:00,575.667
5/26/2022 12:00,460.046
5/26/2022 13:00,350.518
5/26/2022 14:00,222.039
5/26/2022 15:00,167.39
5/26/2022 16:00,112.313
5/26/2022 17:00,51.551
5/26/2022 18:00,7.477
5/26/2022 19:00,0
5/26/2022 20:00,0
5/26/2022 21:00,0
5/26/2022 22:00,0
5/26/2022 23:00,0
5/27/2022 0:00,0
5/27/2022 1:00,0.061
5/27/2022 2:00,14.064
5/27/2022 3:00,65.236
5/27/2022 4:00,176.003
5/27/2022 5:00,319.362
5/27/2022 6:00,425.908
5/27/2022 7:00,524.249
5/27/2022 8:00,616.949
5/27/2022 9:00,692.042
5/27/2022 10:00,734.65
5/27/2022 11:00,725.016
5/27/2022 12:00,676.232
5/27/2022 13:00,584.66
5/27/2022 14:00,465.588
5/27/2022 15:00,313.934
5/27/2022 16:00,181.322
5/27/2022 17:00,78.099
5/27/2022 18:00,14.99
5/27/2022 19:00,0.001
5/27/2022 20:00,0
5/27/2022 21:00,0
5/27/2022 22:00,0
5/27/2022 23:00,0
5/28/2022 0:00,0
5/28/2022 1:00,0.123
5/28/2022 2:00,16.073
5/28/2022 3:00,68.203
5/28/2022 4:00,177.626
5/28/2022 5:00,330.477
5/28/2022 6:00,463.418
5/28/2022 7:00,527.971
5/28/2022 8:00,572.482
5/28/2022 9:00,587.952
5/28/2022 10:00,543.359
5/28/2022 11:00,478.289
5/28/2022 12:00,407.183
5/28/2022 13:00,352.414
5/28/2022 14:00,287.435
5/28/2022 15:00,227.827
5/28/2022 16:00,136.983
5/28/2022 17:00,61.303
5/28/2022 18:00,10.071
5/28/2022 19:00,0.001
5/28/2022 20:00,0
5/28/2022 21:00,0
5/28/2022 22:00,0
5/28/2022 23:00,0
5/29/2022 0:00,0
5/29/2022 1:00,0.197
5/29/2022 2:00,22.148
5/29/2022 3:00,70.823
5/29/2022 4:00,142.562
5/29/2022 5:00,270.954
5/29/2022 6:00,414.216
5/29/2022 7:00,552.371
5/29/2022 8:00,634.174
5/29/2022 9:00,676.425
5/29/2022 10:00,646.782
5/29/2022 11:00,555.974
5/29/2022 12:00,505.541
5/29/2022 13:00,434.456
5/29/2022 14:00,342.798
5/29/2022 15:00,225.93
5/29/2022 16:00,134.853
5/29/2022 17:00,65.153
5/29/2022 18:00,12.852
5/29/2022 19:00,0.007
5/29/2022 20:00,0
5/29/2022 21:00,0
5/29/2022 22:00,0
5/29/2022 23:00,0
5/30/2022 0:00,0
5/30/2022 1:00,0.408
5/30/2022 2:00,32.997
5/30/2022 3:00,105.311
5/30/2022 4:00,199.284
5/30/2022 5:00,311.634
5/30/2022 6:00,369.213
5/30/2022 7:00,445.819
5/30/2022 8:00,560.525
5/30/2022 9:00,480.513
5/30/2022 10:00,362.592
5/30/2022 11:00,312.525
5/30/2022 12:00,261.554
5/30/2022 13:00,197.269
5/30/2022 14:00,144.077
5/30/2022 15:00,97.352
5/30/2022 16:00,60.536
5/30/2022 17:00,27.664
5/30/2022 18:00,5.117
5/30/2022 19:00,0.002
5/30/2022 20:00,0
5/30/2022 21:00,0
5/30/2022 22:00,0
5/30/2022 23:00,0
5/31/2022 0:00,0
5/31/2022 1:00,0.129
5/31/2022 2:00,9.303
5/31/2022 3:00,30.504
5/31/2022 4:00,68.578
5/31/2022 5:00,125.592
5/31/2022 6:00,195.406
5/31/2022 7:00,286.856
5/31/2022 8:00,356.392
5/31/2022 9:00,399.336
5/31/2022 10:00,443.685
5/31/2022 11:00,485.437
5/31/2022 12:00,482.931
5/31/2022 13:00,444
5/31/2022 14:00,367.125
5/31/2022 15:00,280.479
5/31/2022 16:00,179.138
5/31/2022 17:00,85.504
5/31/2022 18:00,18.954
5/31/2022 19:00,0.015
5/31/2022 20:00,0
5/31/2022 21:00,0
5/31/2022 22:00,0
5/31/2022 23:00,0
6/1/2022 0:00,0
6/1/2022 1:00,0.607
6/1/2022 2:00,29.912
6/1/2022 3:00,87.749
6/1/2022 4:00,172.681
6/1/2022 5:00,280.609
6/1/2022 6:00,432.999
6/1/2022 7:00,550.345
6/1/2022 8:00,609.793
6/1/2022 9:00,602.026
6/1/2022 10:00,596.035
6/1/2022 11:00,548.988
6/1/2022 12:00,421.604
6/1/2022 13:00,306.636
6/1/2022 14:00,218.176
6/1/2022 15:00,151.853
6/1/2022 16:00,86.542
6/1/2022 17:00,33.49
6/1/2022 18:00,5.631
6/1/2022 19:00,0.004
6/1/2022 20:00,0
6/1/2022 21:00,0
6/1/2022 22:00,0
6/1/2022 23:00,0
6/2/2022 0:00,0
6/2/2022 1:00,0.742
6/2/2022 2:00,29.607
6/2/2022 3:00,89.783
6/2/2022 4:00,195.101
6/2/2022 5:00,365.372
6/2/2022 6:00,497.41
6/2/2022 7:00,604.661
6/2/2022 8:00,671.853
6/2/2022 9:00,709.152
6/2/2022 10:00,694.236
6/2/2022 11:00,642.836
6/2/2022 12:00,539.186
6/2/2022 13:00,425.555
6/2/2022 14:00,328.309
6/2/2022 15:00,230.674
6/2/2022 16:00,162.705
6/2/2022 17:00,88.571
6/2/2022 18:00,19.874
6/2/2022 19:00,0.015
6/2/2022 20:00,0
6/2/2022 21:00,0
6/2/2022 22:00,0
6/2/2022 23:00,0
6/3/2022 0:00,0
6/3/2022 1:00,0.609
6/3/2022 2:00,30.339
6/3/2022 3:00,110.94
6/3/2022 4:00,208.613
6/3/2022 5:00,314.512
6/3/2022 6:00,454.984
6/3/2022 7:00,582.319
6/3/2022 8:00,643.062
6/3/2022 9:00,656.57
6/3/2022 10:00,656.219
6/3/2022 11:00,559.108
6/3/2022 12:00,420.796
6/3/2022 13:00,339.723
6/3/2022 14:00,242.298
6/3/2022 15:00,165.893
6/3/2022 16:00,114.617
6/3/2022 17:00,61.518
6/3/2022 18:00,13.083
6/3/2022 19:00,0.029
6/3/2022 20:00,0
6/3/2022 21:00,0
6/3/2022 22:00,0
6/3/2022 23:00,0
6/4/2022 0:00,0
6/4/2022 1:00,0.839
6/4/2022 2:00,27.879
6/4/2022 3:00,94.977
6/4/2022 4:00,206.218
6/4/2022 5:00,347.787
6/4/2022 6:00,511.304
6/4/2022 7:00,651.073
6/4/2022 8:00,748.958
6/4/2022 9:00,794.884
6/4/2022 10:00,779.456
6/4/2022 11:00,716.581
6/4/2022 12:00,636.062
6/4/2022 13:00,568.941
6/4/2022 14:00,473.74
6/4/2022 15:00,335.227
6/4/2022 16:00,202.642
6/4/2022 17:00,107.446
6/4/2022 18:00,26.679
6/4/2022 19:00,0.073
6/4/2022 20:00,0
6/4/2022 21:00,0
6/4/2022 22:00,0
6/4/2022 23:00,0
6/5/2022 0:00,0
6/5/2022 1:00,1.089
6/5/2022 2:00,33.317
6/5/2022 3:00,108.672
6/5/2022 4:00,269.079
6/5/2022 5:00,424.763
6/5/2022 6:00,560.106
6/5/2022 7:00,681.107
6/5/2022 8:00,767.419
6/5/2022 9:00,815.123
6/5/2022 10:00,821.631
6/5/2022 11:00,789.942
6/5/2022 12:00,716.159
6/5/2022 13:00,615.05
6/5/2022 14:00,494.625
6/5/2022 15:00,342.069
6/5/2022 16:00,219.893
6/5/2022 17:00,106.481
6/5/2022 18:00,25.824
6/5/2022 19:00,0.1
6/5/2022 20:00,0
6/5/2022 21:00,0
6/5/2022 22:00,0
6/5/2022 23:00,0
6/6/2022 0:00,0
6/6/2022 1:00,1.445
6/6/2022 2:00,41.593
6/6/2022 3:00,121.445
6/6/2022 4:00,202.532
6/6/2022 5:00,291.637
6/6/2022 6:00,394.4
6/6/2022 7:00,536.366
6/6/2022 8:00,664.552
6/6/2022 9:00,749.81
6/6/2022 10:00,765.042
6/6/2022 11:00,708.289
6/6/2022 12:00,563.632
6/6/2022 13:00,402.546
6/6/2022 14:00,270.375
6/6/2022 15:00,166.714
6/6/2022 16:00,97.073
6/6/2022 17:00,46.355
6/6/2022 18:00,11.807
6/6/2022 19:00,0.045
6/6/2022 20:00,0
6/6/2022 21:00,0
6/6/2022 22:00,0
6/6/2022 23:00,0
6/7/2022 0:00,0
6/7/2022 1:00,0.818
6/7/2022 2:00,27.443
6/7/2022 3:00,80.591
6/7/2022 4:00,183.331
6/7/2022 5:00,320.856
6/7/2022 6:00,429.254
6/7/2022 7:00,508.672
6/7/2022 8:00,584.471
6/7/2022 9:00,650.173
6/7/2022 10:00,699.126
6/7/2022 11:00,701.132
6/7/2022 12:00,634.312
6/7/2022 13:00,514.26
6/7/2022 14:00,385.06
6/7/2022 15:00,254.802
6/7/2022 16:00,162.079
6/7/2022 17:00,66.005
6/7/2022 18:00,11.457
6/7/2022 19:00,0.063
6/7/2022 20:00,0
6/7/2022 21:00,0
6/7/2022 22:00,0
6/7/2022 23:00,0
6/8/2022 0:00,0
6/8/2022 1:00,0.756
6/8/2022 2:00,19.434
6/8/2022 3:00,58.841
6/8/2022 4:00,111.096
6/8/2022 5:00,181.684
6/8/2022 6:00,256.047
6/8/2022 7:00,284.368
6/8/2022 8:00,296.014
6/8/2022 9:00,299.889
6/8/2022 10:00,293.102
6/8/2022 11:00,256.108
6/8/2022 12:00,209.832
6/8/2022 13:00,167.263
6/8/2022 14:00,136.427
6/8/2022 15:00,125.526
6/8/2022 16:00,95.909
6/8/2022 17:00,60.855
6/8/2022 18:00,19.797
6/8/2022 19:00,0.172
6/8/2022 20:00,0
6/8/2022 21:00,0
6/8/2022 22:00,0
6/8/2022 23:00,0
6/9/2022 0:00,0
6/9/2022 1:00,1.656
6/9/2022 2:00,42.44
6/9/2022 3:00,138.437
6/9/2022 4:00,267.841
6/9/2022 5:00,399.551
6/9/2022 6:00,511.103
6/9/2022 7:00,611.647
6/9/2022 8:00,693.294
6/9/2022 9:00,755.465
6/9/2022 10:00,777.027
6/9/2022 11:00,732.22
6/9/2022 12:00,669.479
6/9/2022 13:00,556.014
6/9/2022 14:00,449.425
6/9/2022 15:00,337.226
6/9/2022 16:00,212.782
6/9/2022 17:00,100.906
6/9/2022 18:00,22.434
6/9/2022 19:00,0.141
6/9/2022 20:00,0
6/9/2022 21:00,0
6/9/2022 22:00,0
6/9/2022 23:00,0
6/10/2022 0:00,0
6/10/2022 1:00,1.18
6/10/2022 2:00,21.693
6/10/2022 3:00,61.951
6/10/2022 4:00,114.893
6/10/2022 5:00,176.129
6/10/2022 6:00,246.357
6/10/2022 7:00,314.488
6/10/2022 8:00,379.542
6/10/2022 9:00,431.237
6/10/2022 10:00,519.373
6/10/2022 11:00,542.015
6/10/2022 12:00,486.652
6/10/2022 13:00,371.5
6/10/2022 14:00,237.99
6/10/2022 15:00,136.065
6/10/2022 16:00,71.919
6/10/2022 17:00,33.533
6/10/2022 18:00,7.592
6/10/2022 19:00,0.083
6/10/2022 20:00,0
6/10/2022 21:00,0
6/10/2022 22:00,0
6/10/2022 23:00,0
6/11/2022 0:00,0
6/11/2022 1:00,1.228
6/11/2022 2:00,36.392
6/11/2022 3:00,125.029
6/11/2022 4:00,246.57
6/11/2022 5:00,382.556
6/11/2022 6:00,510.931
6/11/2022 7:00,625.491
6/11/2022 8:00,710.234
6/11/2022 9:00,733.507
6/11/2022 10:00,748.4
6/11/2022 11:00,689.592
6/11/2022 12:00,628.239
6/11/2022 13:00,515.694
6/11/2022 14:00,391.077
6/11/2022 15:00,275.833
6/11/2022 16:00,183.746
6/11/2022 17:00,98.931
6/11/2022 18:00,27.234
6/11/2022 19:00,0.275
6/11/2022 20:00,0
6/11/2022 21:00,0
6/11/2022 22:00,0
6/11/2022 23:00,0
6/12/2022 0:00,0
6/12/2022 1:00,2.273
6/12/2022 2:00,47.996
6/12/2022 3:00,143.461
6/12/2022 4:00,273.355
6/12/2022 5:00,417.694
6/12/2022 6:00,554.824
6/12/2022 7:00,664.554
6/12/2022 8:00,741.83
6/12/2022 9:00,768.675
6/12/2022 10:00,695.113
6/12/2022 11:00,630.409
6/12/2022 12:00,546.79
6/12/2022 13:00,449.441
6/12/2022 14:00,391.454
6/12/2022 15:00,296.364
6/12/2022 16:00,199.274
6/12/2022 17:00,109.502
6/12/2022 18:00,29.336
6/12/2022 19:00,0.311
6/12/2022 20:00,0
6/12/2022 21:00,0
6/12/2022 22:00,0
6/12/2022 23:00,0
6/13/2022 0:00,0
6/13/2022 1:00,2.381
6/13/2022 2:00,50.673
6/13/2022 3:00,153.216
6/13/2022 4:00,279.682
6/13/2022 5:00,421.969
6/13/2022 6:00,573.144
6/13/2022 7:00,682.932
6/13/2022 8:00,754.747
6/13/2022 9:00,784.097
6/13/2022 10:00,764.178
6/13/2022 11:00,736.288
6/13/2022 12:00,651.677
6/13/2022 13:00,507.993
6/13/2022 14:00,303.019
6/13/2022 15:00,178.942
6/13/2022 16:00,94.583
6/13/2022 17:00,42.753
6/13/2022 18:00,11.719
6/13/2022 19:00,0.179
6/13/2022 20:00,0
6/13/2022 21:00,0
6/13/2022 22:00,0
6/13/2022 23:00,0
6/14/2022 0:00,0
6/14/2022 1:00,0.564
6/14/2022 2:00,13.348
6/14/2022 3:00,41.414
6/14/2022 4:00,82.891
6/14/2022 5:00,136.05
6/14/2022 6:00,191.757
6/14/2022 7:00,246.271
6/14/2022 8:00,294.655
6/14/2022 9:00,322.347
6/14/2022 10:00,329.694
6/14/2022 11:00,342.135
6/14/2022 12:00,330.523
6/14/2022 13:00,296.669
6/14/2022 14:00,250.71
6/14/2022 15:00,175.335
6/14/2022 16:00,115.386
6/14/2022 17:00,61.104
6/14/2022 18:00,18.318
6/14/2022 19:00,0.316
6/14/2022 20:00,0
6/14/2022 21:00,0
6/14/2022 22:00,0
6/14/2022 23:00,0
6/15/2022 0:00,0
6/15/2022 1:00,1.946
6/15/2022 2:00,48.049
6/15/2022 3:00,152.029
6/15/2022 4:00,285.03
6/15/2022 5:00,432.186
6/15/2022 6:00,572.53
6/15/2022 7:00,690.592
6/15/2022 8:00,777.126
6/15/2022 9:00,828.834
6/15/2022 10:00,842.029
6/15/2022 11:00,817.717
6/15/2022 12:00,753.607
6/15/2022 13:00,659.68
6/15/2022 14:00,541.184
6/15/2022 15:00,399.607
6/15/2022 16:00,263.804
6/15/2022 17:00,137.966
6/15/2022 18:00,37.589
6/15/2022 19:00,0.445
6/15/2022 20:00,0
6/15/2022 21:00,0
6/15/2022 22:00,0
6/15/2022 23:00,0
6/16/2022 0:00,0
6/16/2022 1:00,2.946
6/16/2022 2:00,40.944
6/16/2022 3:00,95.519
6/16/2022 4:00,159.981
6/16/2022 5:00,242.715
6/16/2022 6:00,352.669
6/16/2022 7:00,471.261
6/16/2022 8:00,564.1
6/16/2022 9:00,631.334
6/16/2022 10:00,711.955
6/16/2022 11:00,732.524
6/16/2022 12:00,684.873
6/16/2022 13:00,583.392
6/16/2022 14:00,467.1
6/16/2022 15:00,299.647
6/16/2022 16:00,183.515
6/16/2022 17:00,100.751
6/16/2022 18:00,29.085
6/16/2022 19:00,0.392
6/16/2022 20:00,0
6/16/2022 21:00,0
6/16/2022 22:00,0
6/16/2022 23:00,0
6/17/2022 0:00,0
6/17/2022 1:00,2.725
6/17/2022 2:00,51.59
6/17/2022 3:00,156.706
6/17/2022 4:00,302.767
6/17/2022 5:00,452.337
6/17/2022 6:00,588.553
6/17/2022 7:00,703.808
6/17/2022 8:00,790.427
6/17/2022 9:00,839.653
6/17/2022 10:00,847.426
6/17/2022 11:00,814.936
6/17/2022 12:00,747.997
6/17/2022 13:00,652.44
6/17/2022 14:00,534.087
6/17/2022 15:00,402.335
6/17/2022 16:00,266.36
6/17/2022 17:00,136.929
6/17/2022 18:00,36.707
6/17/2022 19:00,0.442
6/17/2022 20:00,0
6/17/2022 21:00,0
6/17/2022 22:00,0
6/17/2022 23:00,0
6/18/2022 0:00,0
6/18/2022 1:00,2.077
6/18/2022 2:00,31.454
6/18/2022 3:00,84.994
6/18/2022 4:00,130.206
6/18/2022 5:00,168.257
6/18/2022 6:00,196.13
6/18/2022 7:00,301.962
6/18/2022 8:00,412.892
6/18/2022 9:00,445.912
6/18/2022 10:00,410.932
6/18/2022 11:00,335.69
6/18/2022 12:00,278.656
6/18/2022 13:00,242.304
6/18/2022 14:00,214.106
6/18/2022 15:00,187.32
6/18/2022 16:00,137.091
6/18/2022 17:00,75.438
6/18/2022 18:00,24.045
6/18/2022 19:00,0.471
6/18/2022 20:00,0
6/18/2022 21:00,0
6/18/2022 22:00,0
6/18/2022 23:00,0
6/19/2022 0:00,0
6/19/2022 1:00,2.622
6/19/2022 2:00,39.091
6/19/2022 3:00,107.279
6/19/2022 4:00,254.011
6/19/2022 5:00,410.214
6/19/2022 6:00,541.069
6/19/2022 7:00,602.283
6/19/2022 8:00,579.315
6/19/2022 9:00,480.343
6/19/2022 10:00,388.242
6/19/2022 11:00,328.766
6/19/2022 12:00,239.601
6/19/2022 13:00,204.362
6/19/2022 14:00,152.526
6/19/2022 15:00,109.695
6/19/2022 16:00,64.822
6/19/2022 17:00,28.464
6/19/2022 18:00,9.891
6/19/2022 19:00,0.287
6/19/2022 20:00,0
6/19/2022 21:00,0
6/19/2022 22:00,0
6/19/2022 23:00,0
6/20/2022 0:00,0
6/20/2022 1:00,3.107
6/20/2022 2:00,55.726
6/20/2022 3:00,165.716
6/20/2022 4:00,304.1
6/20/2022 5:00,449.708
6/20/2022 6:00,586.398
6/20/2022 7:00,703.622
6/20/2022 8:00,789.79
6/20/2022 9:00,831.551
6/20/2022 10:00,812.921
6/20/2022 11:00,790.745
6/20/2022 12:00,749.736
6/20/2022 13:00,654.919
6/20/2022 14:00,524.548
6/20/2022 15:00,341.627
6/20/2022 16:00,214.947
6/20/2022 17:00,85.218
6/20/2022 18:00,12.238
6/20/2022 19:00,0.217
6/20/2022 20:00,0
6/20/2022 21:00,0
6/20/2022 22:00,0
6/20/2022 23:00,0
6/21/2022 0:00,0
6/21/2022 1:00,3.056
6/21/2022 2:00,48.242
6/21/2022 3:00,135.812
6/21/2022 4:00,245.281
6/21/2022 5:00,356.858
6/21/2022 6:00,461.789
6/21/2022 7:00,549.15
6/21/2022 8:00,632.733
6/21/2022 9:00,697.688
6/21/2022 10:00,697.506
6/21/2022 11:00,636.042
6/21/2022 12:00,570.974
6/21/2022 13:00,465.7
6/21/2022 14:00,381.845
6/21/2022 15:00,301.673
6/21/2022 16:00,219.017
6/21/2022 17:00,117.359
6/21/2022 18:00,32.808
6/21/2022 19:00,0.521
6/21/2022 20:00,0
6/21/2022 21:00,0
6/21/2022 22:00,0
6/21/2022 23:00,0
6/22/2022 0:00,0
6/22/2022 1:00,3.573
6/22/2022 2:00,62.002
6/22/2022 3:00,174.613
6/22/2022 4:00,309.934
6/22/2022 5:00,447.66
6/22/2022 6:00,576.827
6/22/2022 7:00,687.194
6/22/2022 8:00,774.29
6/22/2022 9:00,827.995
6/22/2022 10:00,837.536
6/22/2022 11:00,801.93
6/22/2022 12:00,705.398
6/22/2022 13:00,575.114
6/22/2022 14:00,435.862
6/22/2022 15:00,299.472
6/22/2022 16:00,179.247
6/22/2022 17:00,85.742
6/22/2022 18:00,24.59
6/22/2022 19:00,0.46
6/22/2022 20:00,0
6/22/2022 21:00,0
6/22/2022 22:00,0
6/22/2022 23:00,0
6/23/2022 0:00,0
6/23/2022 1:00,3.496
6/23/2022 2:00,59.738
6/23/2022 3:00,167.966
6/23/2022 4:00,305.041
6/23/2022 5:00,447.781
6/23/2022 6:00,580.923
6/23/2022 7:00,688.367
6/23/2022 8:00,763.788
6/23/2022 9:00,826.309
6/23/2022 10:00,846.521
6/23/2022 11:00,816.808
6/23/2022 12:00,739.499
6/23/2022 13:00,607.649
6/23/2022 14:00,451.697
6/23/2022 15:00,306.698
6/23/2022 16:00,194.05
6/23/2022 17:00,99.722
6/23/2022 18:00,28.945
6/23/2022 19:00,0.518
6/23/2022 20:00,0
6/23/2022 21:00,0
6/23/2022 22:00,0
6/23/2022 23:00,0
6/24/2022 0:00,0
6/24/2022 1:00,2.718
6/24/2022 2:00,45.716
6/24/2022 3:00,137.169
6/24/2022 4:00,267.061
6/24/2022 5:00,413.07
6/24/2022 6:00,553.596
6/24/2022 7:00,673.055
6/24/2022 8:00,760.578
6/24/2022 9:00,816.09
6/24/2022 10:00,831.109
6/24/2022 11:00,807.692
6/24/2022 12:00,743.963
6/24/2022 13:00,649.588
6/24/2022 14:00,530.22
6/24/2022 15:00,395.784
6/24/2022 16:00,258.335
6/24/2022 17:00,132.137
6/24/2022 18:00,35.992
6/24/2022 19:00,0.489
6/24/2022 20:00,0
6/24/2022 21:00,0
6/24/2022 22:00,0
6/24/2022 23:00,0
6/25/2022 0:00,0
6/25/2022 1:00,3.301
6/25/2022 2:00,59.268
6/25/2022 3:00,169.808
6/25/2022 4:00,304.157
6/25/2022 5:00,444.719
6/25/2022 6:00,578.123
6/25/2022 7:00,692.795
6/25/2022 8:00,779.515
6/25/2022 9:00,828.738
6/25/2022 10:00,841.396
6/25/2022 11:00,814.612
6/25/2022 12:00,750.677
6/25/2022 13:00,654.233
6/25/2022 14:00,532.982
6/25/2022 15:00,397.379
6/25/2022 16:00,259.12
6/25/2022 17:00,132.083
6/25/2022 18:00,35.469
6/25/2022 19:00,0.471
6/25/2022 20:00,0
6/25/2022 21:00,0
6/25/2022 22:00,0
6/25/2022 23:00,0
6/26/2022 0:00,0
6/26/2022 1:00,3.17
6/26/2022 2:00,55.761
6/26/2022 3:00,160.542
6/26/2022 4:00,292.493
6/26/2022 5:00,431.257
6/26/2022 6:00,563.285
6/26/2022 7:00,676.59
6/26/2022 8:00,762.945
6/26/2022 9:00,806.599
6/26/2022 10:00,771.069
6/26/2022 11:00,732.251
6/26/2022 12:00,624.682
6/26/2022 13:00,546.615
6/26/2022 14:00,445.28
6/26/2022 15:00,313.939
6/26/2022 16:00,213.023
6/26/2022 17:00,112.844
6/26/2022 18:00,31.273
6/26/2022 19:00,0.459
6/26/2022 20:00,0
6/26/2022 21:00,0
6/26/2022 22:00,0
6/26/2022 23:00,0
6/27/2022 0:00,0
6/27/2022 1:00,3.003
6/27/2022 2:00,54.065
6/27/2022 3:00,156.405
6/27/2022 4:00,285.296
6/27/2022 5:00,423.397
6/27/2022 6:00,556.266
6/27/2022 7:00,671.077
6/27/2022 8:00,756.427
6/27/2022 9:00,798.968
6/27/2022 10:00,799.322
6/27/2022 11:00,777.051
6/27/2022 12:00,716.213
6/27/2022 13:00,611.207
6/27/2022 14:00,473.358
6/27/2022 15:00,345.701
6/27/2022 16:00,220.657
6/27/2022 17:00,105.231
6/27/2022 18:00,29.205
6/27/2022 19:00,0.401
6/27/2022 20:00,0
6/27/2022 21:00,0
6/27/2022 22:00,0
6/27/2022 23:00,0
6/28/2022 0:00,0
6/28/2022 1:00,2.166
6/28/2022 2:00,36.23
6/28/2022 3:00,110.471
6/28/2022 4:00,219.194
6/28/2022 5:00,357.61
6/28/2022 6:00,491.385
6/28/2022 7:00,576.328
6/28/2022 8:00,637.879
6/28/2022 9:00,673.731
6/28/2022 10:00,681.108
6/28/2022 11:00,650.109
6/28/2022 12:00,581.976
6/28/2022 13:00,499.542
6/28/2022 14:00,412.517
6/28/2022 15:00,313.658
6/28/2022 16:00,205.066
6/28/2022 17:00,104.7
6/28/2022 18:00,28.425
6/28/2022 19:00,0.37
6/28/2022 20:00,0
6/28/2022 21:00,0
6/28/2022 22:00,0
6/28/2022 23:00,0
6/29/2022 0:00,0
6/29/2022 1:00,2.305
6/29/2022 2:00,46.136
6/29/2022 3:00,141.263
6/29/2022 4:00,263.138
6/29/2022 5:00,388.39
6/29/2022 6:00,498.411
6/29/2022 7:00,586.172
6/29/2022 8:00,648.273
6/29/2022 9:00,651.496
6/29/2022 10:00,618.875
6/29/2022 11:00,564.495
6/29/2022 12:00,488.082
6/29/2022 13:00,407.452
6/29/2022 14:00,300.472
6/29/2022 15:00,205.451
6/29/2022 16:00,128.664
6/29/2022 17:00,63.506
6/29/2022 18:00,18.437
6/29/2022 19:00,0.237
6/29/2022 20:00,0
6/29/2022 21:00,0
6/29/2022 22:00,0
6/29/2022 23:00,0
6/30/2022 0:00,0
6/30/2022 1:00,2.177
6/30/2022 2:00,37.874
6/30/2022 3:00,110.147
6/30/2022 4:00,207.168
6/30/2022 5:00,309.133
6/30/2022 6:00,394.672
6/30/2022 7:00,458.13
6/30/2022 8:00,495.57
6/30/2022 9:00,494.929
6/30/2022 10:00,472.25
6/30/2022 11:00,431.974
6/30/2022 12:00,366.239
6/30/2022 13:00,300.542
6/30/2022 14:00,226.278
6/30/2022 15:00,150.73
6/30/2022 16:00,88.322
6/30/2022 17:00,42.397
6/30/2022 18:00,11.146
6/30/2022 19:00,0.093
6/30/2022 20:00,0
6/30/2022 21:00,0
6/30/2022 22:00,0
6/30/2022 23:00,0
7/1/2022 0:00,0
7/1/2022 1:00,1.745
7/1/2022 2:00,25.571
7/1/2022 3:00,68.155
7/1/2022 4:00,123.448
7/1/2022 5:00,196.508
7/1/2022 6:00,273.514
7/1/2022 7:00,342.263
7/1/2022 8:00,376.312
7/1/2022 9:00,384.569
7/1/2022 10:00,382.71
7/1/2022 11:00,362.281
7/1/2022 12:00,328.144
7/1/2022 13:00,275.179
7/1/2022 14:00,212.124
7/1/2022 15:00,143.125
7/1/2022 16:00,86.007
7/1/2022 17:00,43.135
7/1/2022 18:00,10.694
7/1/2022 19:00,0.067
7/1/2022 20:00,0
7/1/2022 21:00,0
7/1/2022 22:00,0
7/1/2022 23:00,0
7/2/2022 0:00,0
7/2/2022 1:00,2.028
7/2/2022 2:00,37.943
7/2/2022 3:00,105.578
7/2/2022 4:00,192.859
7/2/2022 5:00,277.782
7/2/2022 6:00,362.998
7/2/2022 7:00,458.455
7/2/2022 8:00,549.249
7/2/2022 9:00,604.391
7/2/2022 10:00,641.532
7/2/2022 11:00,646.799
7/2/2022 12:00,596.604
7/2/2022 13:00,497.649
7/2/2022 14:00,364.96
7/2/2022 15:00,254.3
7/2/2022 16:00,157.498
7/2/2022 17:00,69.776
7/2/2022 18:00,15.353
7/2/2022 19:00,0.128
7/2/2022 20:00,0
7/2/2022 21:00,0
7/2/2022 22:00,0
7/2/2022 23:00,0
7/3/2022 0:00,0
7/3/2022 1:00,1.143
7/3/2022 2:00,31.911
7/3/2022 3:00,115.118
7/3/2022 4:00,234.726
7/3/2022 5:00,371.347
7/3/2022 6:00,486.883
7/3/2022 7:00,600.206
7/3/2022 8:00,686.909
7/3/2022 9:00,745.898
7/3/2022 10:00,778.639
7/3/2022 11:00,763.908
7/3/2022 12:00,694.382
7/3/2022 13:00,610.281
7/3/2022 14:00,498.245
7/3/2022 15:00,370.164
7/3/2022 16:00,239.761
7/3/2022 17:00,122.254
7/3/2022 18:00,31.777
7/3/2022 19:00,0.242
7/3/2022 20:00,0
7/3/2022 21:00,0
7/3/2022 22:00,0
7/3/2022 23:00,0
7/4/2022 0:00,0
7/4/2022 1:00,2.058
7/4/2022 2:00,48.714
7/4/2022 3:00,147.925
7/4/2022 4:00,271.171
7/4/2022 5:00,398.508
7/4/2022 6:00,503.342
7/4/2022 7:00,570.98
7/4/2022 8:00,609.614
7/4/2022 9:00,630.684
7/4/2022 10:00,610.189
7/4/2022 11:00,574.8
7/4/2022 12:00,547.218
7/4/2022 13:00,482.53
7/4/2022 14:00,360.019
7/4/2022 15:00,228.635
7/4/2022 16:00,146.985
7/4/2022 17:00,66.199
7/4/2022 18:00,19.208
7/4/2022 19:00,0.181
7/4/2022 20:00,0
7/4/2022 21:00,0
7/4/2022 22:00,0
7/4/2022 23:00,0
7/5/2022 0:00,0
7/5/2022 1:00,1.875
7/5/2022 2:00,50.931
7/5/2022 3:00,156.469
7/5/2022 4:00,293.708
7/5/2022 5:00,435.895
7/5/2022 6:00,569.434
7/5/2022 7:00,682.399
7/5/2022 8:00,763.792
7/5/2022 9:00,812.542
7/5/2022 10:00,824.888
7/5/2022 11:00,788.72
7/5/2022 12:00,709.87
7/5/2022 13:00,619.61
7/5/2022 14:00,508.777
7/5/2022 15:00,364.981
7/5/2022 16:00,234.563
7/5/2022 17:00,118.875
7/5/2022 18:00,29.927
7/5/2022 19:00,0.152
7/5/2022 20:00,0
7/5/2022 21:00,0
7/5/2022 22:00,0
7/5/2022 23:00,0
7/6/2022 0:00,0
7/6/2022 1:00,1.683
7/6/2022 2:00,38.106
7/6/2022 3:00,82.95
7/6/2022 4:00,137.461
7/6/2022 5:00,219.69
7/6/2022 6:00,305.368
7/6/2022 7:00,328.728
7/6/2022 8:00,353.491
7/6/2022 9:00,363.821
7/6/2022 10:00,364.706
7/6/2022 11:00,360.21
7/6/2022 12:00,340.446
7/6/2022 13:00,285.896
7/6/2022 14:00,237.042
7/6/2022 15:00,200.084
7/6/2022 16:00,163.941
7/6/2022 17:00,96.186
7/6/2022 18:00,23.548
7/6/2022 19:00,0.132
7/6/2022 20:00,0
7/6/2022 21:00,0
7/6/2022 22:00,0
7/6/2022 23:00,0
7/7/2022 0:00,0
7/7/2022 1:00,1.524
7/7/2022 2:00,49.157
7/7/2022 3:00,157.717
7/7/2022 4:00,293.478
7/7/2022 5:00,432.624
7/7/2022 6:00,560.318
7/7/2022 7:00,664.188
7/7/2022 8:00,724.532
7/7/2022 9:00,693.347
7/7/2022 10:00,611.912
7/7/2022 11:00,661.61
7/7/2022 12:00,613.894
7/7/2022 13:00,479.684
7/7/2022 14:00,380.84
7/7/2022 15:00,289.952
7/7/2022 16:00,179.711
7/7/2022 17:00,75.042
7/7/2022 18:00,18.52
7/7/2022 19:00,0.061
7/7/2022 20:00,0
7/7/2022 21:00,0
7/7/2022 22:00,0
7/7/2022 23:00,0
7/8/2022 0:00,0
7/8/2022 1:00,1.236
7/8/2022 2:00,33.732
7/8/2022 3:00,111.572
7/8/2022 4:00,217.148
7/8/2022 5:00,335.029
7/8/2022 6:00,437.795
7/8/2022 7:00,540.047
7/8/2022 8:00,608.5
7/8/2022 9:00,583.784
7/8/2022 10:00,555.1
7/8/2022 11:00,518.795
7/8/2022 12:00,451.751
7/8/2022 13:00,376.6
7/8/2022 14:00,284.654
7/8/2022 15:00,217.376
7/8/2022 16:00,133.778
7/8/2022 17:00,64.021
7/8/2022 18:00,16.351
7/8/2022 19:00,0.076
7/8/2022 20:00,0
7/8/2022 21:00,0
7/8/2022 22:00,0
7/8/2022 23:00,0
7/9/2022 0:00,0
7/9/2022 1:00,0.976
7/9/2022 2:00,40.855
7/9/2022 3:00,135.049
7/9/2022 4:00,259.073
7/9/2022 5:00,394.822
7/9/2022 6:00,518.039
7/9/2022 7:00,613.549
7/9/2022 8:00,671.585
7/9/2022 9:00,685.217
7/9/2022 10:00,646.865
7/9/2022 11:00,573.126
7/9/2022 12:00,453.363
7/9/2022 13:00,361.573
7/9/2022 14:00,252.131
7/9/2022 15:00,177.813
7/9/2022 16:00,114.99
7/9/2022 17:00,56.582
7/9/2022 18:00,14.123
7/9/2022 19:00,0.056
7/9/2022 20:00,0
7/9/2022 21:00,0
7/9/2022 22:00,0
7/9/2022 23:00,0
7/10/2022 0:00,0
7/10/2022 1:00,0.883
7/10/2022 2:00,37.495
7/10/2022 3:00,126.66
7/10/2022 4:00,252.72
7/10/2022 5:00,395.567
7/10/2022 6:00,518.717
7/10/2022 7:00,619.247
7/10/2022 8:00,691.724
7/10/2022 9:00,720.552
7/10/2022 10:00,707.695
7/10/2022 11:00,670.826
7/10/2022 12:00,611.012
7/10/2022 13:00,516.819
7/10/2022 14:00,406.693
7/10/2022 15:00,294.586
7/10/2022 16:00,162.394
7/10/2022 17:00,66.987
7/10/2022 18:00,14.172
7/10/2022 19:00,0.027
7/10/2022 20:00,0
7/10/2022 21:00,0
7/10/2022 22:00,0
7/10/2022 23:00,0
7/11/2022 0:00,0
7/11/2022 1:00,0.77
7/11/2022 2:00,36.48
7/11/2022 3:00,128.079
7/11/2022 4:00,252.886
7/11/2022 5:00,376.901
7/11/2022 6:00,485.272
7/11/2022 7:00,577.354
7/11/2022 8:00,661.054
7/11/2022 9:00,702.921
7/11/2022 10:00,681.98
7/11/2022 11:00,612.347
7/11/2022 12:00,501.584
7/11/2022 13:00,368.402
7/11/2022 14:00,263.541
7/11/2022 15:00,181.04
7/11/2022 16:00,114.472
7/11/2022 17:00,56.066
7/11/2022 18:00,12.106
7/11/2022 19:00,0.028
7/11/2022 20:00,0
7/11/2022 21:00,0
7/11/2022 22:00,0
7/11/2022 23:00,0
7/12/2022 0:00,0
7/12/2022 1:00,0.128
7/12/2022 2:00,8.643
7/12/2022 3:00,29.536
7/12/2022 4:00,58.645
7/12/2022 5:00,94.123
7/12/2022 6:00,138.196
7/12/2022 7:00,192.454
7/12/2022 8:00,231.946
7/12/2022 9:00,278.175
7/12/2022 10:00,333.657
7/12/2022 11:00,340.864
7/12/2022 12:00,295.147
7/12/2022 13:00,258.493
7/12/2022 14:00,211.272
7/12/2022 15:00,150.084
7/12/2022 16:00,91.898
7/12/2022 17:00,43.78
7/12/2022 18:00,8.935
7/12/2022 19:00,0.007
7/12/2022 20:00,0
7/12/2022 21:00,0
7/12/2022 22:00,0
7/12/2022 23:00,0
7/13/2022 0:00,0
7/13/2022 1:00,0.667
7/13/2022 2:00,36.203
7/13/2022 3:00,128.381
7/13/2022 4:00,250.665
7/13/2022 5:00,379.607
7/13/2022 6:00,506.051
7/13/2022 7:00,620.463
7/13/2022 8:00,713.826
7/13/2022 9:00,770.165
7/13/2022 10:00,789.612
7/13/2022 11:00,758.872
7/13/2022 12:00,696.489
7/13/2022 13:00,601.185
7/13/2022 14:00,488.403
7/13/2022 15:00,345.415
7/13/2022 16:00,217.331
7/13/2022 17:00,95.897
7/13/2022 18:00,17.06
7/13/2022 19:00,0.012
7/13/2022 20:00,0
7/13/2022 21:00,0
7/13/2022 22:00,0
7/13/2022 23:00,0
7/14/2022 0:00,0
7/14/2022 1:00,0.291
7/14/2022 2:00,24.568
7/14/2022 3:00,99.22
7/14/2022 4:00,219.729
7/14/2022 5:00,350.664
7/14/2022 6:00,478
7/14/2022 7:00,594.849
7/14/2022 8:00,686.609
7/14/2022 9:00,739.675
7/14/2022 10:00,734.956
7/14/2022 11:00,675.759
7/14/2022 12:00,624.192
7/14/2022 13:00,509.067
7/14/2022 14:00,379.286
7/14/2022 15:00,270.088
7/14/2022 16:00,157.293
7/14/2022 17:00,72.2
7/14/2022 18:00,13.51
7/14/2022 19:00,0.007
7/14/2022 20:00,0
7/14/2022 21:00,0
7/14/2022 22:00,0
7/14/2022 23:00,0
7/15/2022 0:00,0
7/15/2022 1:00,0.361
7/15/2022 2:00,29.705
7/15/2022 3:00,109.956
7/15/2022 4:00,218.317
7/15/2022 5:00,329.93
7/15/2022 6:00,435.275
7/15/2022 7:00,532.574
7/15/2022 8:00,592.581
7/15/2022 9:00,581.177
7/15/2022 10:00,530.947
7/15/2022 11:00,434.005
7/15/2022 12:00,323.166
7/15/2022 13:00,287.204
7/15/2022 14:00,258.875
7/15/2022 15:00,221.129
7/15/2022 16:00,164.464
7/15/2022 17:00,80.905
7/15/2022 18:00,15.464
7/15/2022 19:00,0.005
7/15/2022 20:00,0
7/15/2022 21:00,0
7/15/2022 22:00,0
7/15/2022 23:00,0
7/16/2022 0:00,0
7/16/2022 1:00,0.3
7/16/2022 2:00,34.231
7/16/2022 3:00,128.795
7/16/2022 4:00,251.421
7/16/2022 5:00,373.442
7/16/2022 6:00,481.042
7/16/2022 7:00,574.458
7/16/2022 8:00,636.806
7/16/2022 9:00,665.835
7/16/2022 10:00,661.67
7/16/2022 11:00,631.836
7/16/2022 12:00,578.795
7/16/2022 13:00,504.502
7/16/2022 14:00,396.216
7/16/2022 15:00,281.803
7/16/2022 16:00,157.419
7/16/2022 17:00,68.502
7/16/2022 18:00,11.952
7/16/2022 19:00,0.003
7/16/2022 20:00,0
7/16/2022 21:00,0
7/16/2022 22:00,0
7/16/2022 23:00,0
7/17/2022 0:00,0
7/17/2022 1:00,0.207
7/17/2022 2:00,31.576
7/17/2022 3:00,126.856
7/17/2022 4:00,251.843
7/17/2022 5:00,383.046
7/17/2022 6:00,505.182
7/17/2022 7:00,596.494
7/17/2022 8:00,616.936
7/17/2022 9:00,634.012
7/17/2022 10:00,636.727
7/17/2022 11:00,588.005
7/17/2022 12:00,535.63
7/17/2022 13:00,451.004
7/17/2022 14:00,365.933
7/17/2022 15:00,262.217
7/17/2022 16:00,158.936
7/17/2022 17:00,74.769
7/17/2022 18:00,13.945
7/17/2022 19:00,0.001
7/17/2022 20:00,0
7/17/2022 21:00,0
7/17/2022 22:00,0
7/17/2022 23:00,0
7/18/2022 0:00,0
7/18/2022 1:00,0.18
7/18/2022 2:00,18.83
7/18/2022 3:00,59.84
7/18/2022 4:00,108.613
7/18/2022 5:00,166.74
7/18/2022 6:00,262.606
7/18/2022 7:00,398.686
7/18/2022 8:00,525.44
7/18/2022 9:00,603.952
7/18/2022 10:00,632.002
7/18/2022 11:00,604.501
7/18/2022 12:00,511.775
7/18/2022 13:00,401.135
7/18/2022 14:00,258.202
7/18/2022 15:00,161.004
7/18/2022 16:00,107.006
7/18/2022 17:00,57.259
7/18/2022 18:00,12.667
7/18/2022 19:00,0.001
7/18/2022 20:00,0
7/18/2022 21:00,0
7/18/2022 22:00,0
7/18/2022 23:00,0
7/19/2022 0:00,0
7/19/2022 1:00,0.111
7/19/2022 2:00,21.518
7/19/2022 3:00,77.301
7/19/2022 4:00,147.211
7/19/2022 5:00,230.225
7/19/2022 6:00,370.974
7/19/2022 7:00,557.969
7/19/2022 8:00,663.801
7/19/2022 9:00,707.389
7/19/2022 10:00,689.862
7/19/2022 11:00,615.767
7/19/2022 12:00,582.707
7/19/2022 13:00,474.009
7/19/2022 14:00,332.681
7/19/2022 15:00,235.245
7/19/2022 16:00,196.184
7/19/2022 17:00,94.69
7/19/2022 18:00,15.072
7/19/2022 19:00,0
7/19/2022 20:00,0
7/19/2022 21:00,0
7/19/2022 22:00,0
7/19/2022 23:00,0
7/20/2022 0:00,0
7/20/2022 1:00,0.091
7/20/2022 2:00,29.424
7/20/2022 3:00,125.89
7/20/2022 4:00,259.1
7/20/2022 5:00,389.499
7/20/2022 6:00,510.707
7/20/2022 7:00,650.156
7/20/2022 8:00,741.426
7/20/2022 9:00,800.141
7/20/2022 10:00,814.575
7/20/2022 11:00,788.258
7/20/2022 12:00,722.292
7/20/2022 13:00,625.174
7/20/2022 14:00,502.339
7/20/2022 15:00,362.57
7/20/2022 16:00,223.751
7/20/2022 17:00,97.456
7/20/2022 18:00,13.713
7/20/2022 19:00,0
7/20/2022 20:00,0
7/20/2022 21:00,0
7/20/2022 22:00,0
7/20/2022 23:00,0
7/21/2022 0:00,0
7/21/2022 1:00,0.062
7/21/2022 2:00,24.942
7/21/2022 3:00,109.427
7/21/2022 4:00,222.313
7/21/2022 5:00,342.511
7/21/2022 6:00,467.085
7/21/2022 7:00,573.786
7/21/2022 8:00,650.222
7/21/2022 9:00,705.706
7/21/2022 10:00,715.772
7/21/2022 11:00,708.819
7/21/2022 12:00,677.525
7/21/2022 13:00,594.595
7/21/2022 14:00,469.405
7/21/2022 15:00,331.703
7/21/2022 16:00,199.063
7/21/2022 17:00,85.114
7/21/2022 18:00,11.651
7/21/2022 19:00,0
7/21/2022 20:00,0
7/21/2022 21:00,0
7/21/2022 22:00,0
7/21/2022 23:00,0
7/22/2022 0:00,0
7/22/2022 1:00,0.037
7/22/2022 2:00,24.72
7/22/2022 3:00,115.677
7/22/2022 4:00,240.144
7/22/2022 5:00,377.431
7/22/2022 6:00,511.341
7/22/2022 7:00,623.498
7/22/2022 8:00,707.059
7/22/2022 9:00,762.353
7/22/2022 10:00,775.027
7/22/2022 11:00,747.926
7/22/2022 12:00,683.126
7/22/2022 13:00,588.217
7/22/2022 14:00,469.056
7/22/2022 15:00,335.199
7/22/2022 16:00,200.771
7/22/2022 17:00,83.46
7/22/2022 18:00,10.369
7/22/2022 19:00,0
7/22/2022 20:00,0
7/22/2022 21:00,0
7/22/2022 22:00,0
7/22/2022 23:00,0
7/23/2022 0:00,0
7/23/2022 1:00,0.022
7/23/2022 2:00,22.354
7/23/2022 3:00,109.825
7/23/2022 4:00,234.513
7/23/2022 5:00,368.782
7/23/2022 6:00,492.401
7/23/2022 7:00,600.296
7/23/2022 8:00,680.916
7/23/2022 9:00,735.5
7/23/2022 10:00,740.68
7/23/2022 11:00,708.422
7/23/2022 12:00,639.157
7/23/2022 13:00,516.279
7/23/2022 14:00,396.216
7/23/2022 15:00,291.568
7/23/2022 16:00,167.726
7/23/2022 17:00,61.346
7/23/2022 18:00,6.878
7/23/2022 19:00,0
7/23/2022 20:00,0
7/23/2022 21:00,0
7/23/2022 22:00,0
7/23/2022 23:00,0
7/24/2022 0:00,0
7/24/2022 1:00,0.003
7/24/2022 2:00,8.215
7/24/2022 3:00,62.767
7/24/2022 4:00,178.267
7/24/2022 5:00,322.801
7/24/2022 6:00,418.077
7/24/2022 7:00,457.146
7/24/2022 8:00,521.692
7/24/2022 9:00,569.89
7/24/2022 10:00,600.046
7/24/2022 11:00,624.776
7/24/2022 12:00,592.518
7/24/2022 13:00,495.23
7/24/2022 14:00,402.818
7/24/2022 15:00,294.177
7/24/2022 16:00,182.866
7/24/2022 17:00,81.215
7/24/2022 18:00,9.537
7/24/2022 19:00,0
7/24/2022 20:00,0
7/24/2022 21:00,0
7/24/2022 22:00,0
7/24/2022 23:00,0
7/25/2022 0:00,0
7/25/2022 1:00,0.003
7/25/2022 2:00,17.125
7/25/2022 3:00,101.838
7/25/2022 4:00,226.823
7/25/2022 5:00,360.106
7/25/2022 6:00,486.629
7/25/2022 7:00,603.914
7/25/2022 8:00,691.386
7/25/2022 9:00,746.808
7/25/2022 10:00,772.274
7/25/2022 11:00,752.846
7/25/2022 12:00,687.119
7/25/2022 13:00,590.668
7/25/2022 14:00,447.353
7/25/2022 15:00,299.981
7/25/2022 16:00,179.133
7/25/2022 17:00,72.712
7/25/2022 18:00,7.565
7/25/2022 19:00,0
7/25/2022 20:00,0
7/25/2022 21:00,0
7/25/2022 22:00,0
7/25/2022 23:00,0
7/26/2022 0:00,0
7/26/2022 1:00,0.003
7/26/2022 2:00,18.846
7/26/2022 3:00,98.69
7/26/2022 4:00,189.443
7/26/2022 5:00,264.991
7/26/2022 6:00,346.621
7/26/2022 7:00,426.807
7/26/2022 8:00,479.52
7/26/2022 9:00,545.887
7/26/2022 10:00,607.461
7/26/2022 11:00,629.139
7/26/2022 12:00,546.641
7/26/2022 13:00,423.752
7/26/2022 14:00,324.653
7/26/2022 15:00,216.958
7/26/2022 16:00,112.368
7/26/2022 17:00,36.848
7/26/2022 18:00,3.465
7/26/2022 19:00,0
7/26/2022 20:00,0
7/26/2022 21:00,0
7/26/2022 22:00,0
7/26/2022 23:00,0
7/27/2022 0:00,0
7/27/2022 1:00,0
7/27/2022 2:00,8.595
7/27/2022 3:00,57.236
7/27/2022 4:00,137.929
7/27/2022 5:00,245.775
7/27/2022 6:00,377.268
7/27/2022 7:00,488.886
7/27/2022 8:00,557.117
7/27/2022 9:00,568.174
7/27/2022 10:00,557.093
7/27/2022 11:00,538.256
7/27/2022 12:00,443.546
7/27/2022 13:00,375.163
7/27/2022 14:00,298.554
7/27/2022 15:00,221.931
7/27/2022 16:00,141.141
7/27/2022 17:00,56.141
7/27/2022 18:00,5.01
7/27/2022 19:00,0
7/27/2022 20:00,0
7/27/2022 21:00,0
7/27/2022 22:00,0
7/27/2022 23:00,0
7/28/2022 0:00,0
7/28/2022 1:00,0
7/28/2022 2:00,14.66
7/28/2022 3:00,87.843
7/28/2022 4:00,188.816
7/28/2022 5:00,302.781
7/28/2022 6:00,429.549
7/28/2022 7:00,481.274
7/28/2022 8:00,544.605
7/28/2022 9:00,553.752
7/28/2022 10:00,593.882
7/28/2022 11:00,578.797
7/28/2022 12:00,523.377
7/28/2022 13:00,488.931
7/28/2022 14:00,389.718
7/28/2022 15:00,270.405
7/28/2022 16:00,143.935
7/28/2022 17:00,60.571
7/28/2022 18:00,5.173
7/28/2022 19:00,0
7/28/2022 20:00,0
7/28/2022 21:00,0
7/28/2022 22:00,0
7/28/2022 23:00,0
7/29/2022 0:00,0
7/29/2022 1:00,0
7/29/2022 2:00,13.724
7/29/2022 3:00,95.857
7/29/2022 4:00,222.694
7/29/2022 5:00,370.734
7/29/2022 6:00,503.079
7/29/2022 7:00,618.849
7/29/2022 8:00,718.309
7/29/2022 9:00,780.388
7/29/2022 10:00,796.033
7/29/2022 11:00,771.223
7/29/2022 12:00,706.51
7/29/2022 13:00,606.369
7/29/2022 14:00,476.703
7/29/2022 15:00,322.877
7/29/2022 16:00,181.48
7/29/2022 17:00,73.549
7/29/2022 18:00,5.814
7/29/2022 19:00,0
7/29/2022 20:00,0
7/29/2022 21:00,0
7/29/2022 22:00,0
7/29/2022 23:00,0
7/30/2022 0:00,0
7/30/2022 1:00,0
7/30/2022 2:00,16.166
7/30/2022 3:00,111.461
7/30/2022 4:00,246.869
7/30/2022 5:00,391.22
7/30/2022 6:00,528.491
7/30/2022 7:00,646.838
7/30/2022 8:00,733.866
7/30/2022 9:00,785.017
7/30/2022 10:00,797.34
7/30/2022 11:00,775.02
7/30/2022 12:00,703.142
7/30/2022 13:00,609.332
7/30/2022 14:00,483.4
7/30/2022 15:00,342.179
7/30/2022 16:00,200.25
7/30/2022 17:00,73.92
7/30/2022 18:00,4.816
7/30/2022 19:00,0
7/30/2022 20:00,0
7/30/2022 21:00,0
7/30/2022 22:00,0
7/30/2022 23:00,0
7/31/2022 0:00,0
7/31/2022 1:00,0
7/31/2022 2:00,13.645
7/31/2022 3:00,93.889
7/31/2022 4:00,202.926
7/31/2022 5:00,345.907
7/31/2022 6:00,467.26
7/31/2022 7:00,544.021
7/31/2022 8:00,562.386
7/31/2022 9:00,535.593
7/31/2022 10:00,457.792
7/31/2022 11:00,382.466
7/31/2022 12:00,306.346
7/31/2022 13:00,224.803
7/31/2022 14:00,158.486
7/31/2022 15:00,101.002
7/31/2022 16:00,54.522
7/31/2022 17:00,18.367
7/31/2022 18:00,1.156
7/31/2022 19:00,0
7/31/2022 20:00,0
7/31/2022 21:00,0
7/31/2022 22:00,0
7/31/2022 23:00,0
8/1/2022 0:00,0
8/1/2022 1:00,0
8/1/2022 2:00,2.232
8/1/2022 3:00,21.805
8/1/2022 4:00,61.586
8/1/2022 5:00,126.721
8/1/2022 6:00,205.77
8/1/2022 7:00,279.75
8/1/2022 8:00,328.682
8/1/2022 9:00,376.613
8/1/2022 10:00,393.424
8/1/2022 11:00,390.842
8/1/2022 12:00,368.7
8/1/2022 13:00,324.689
8/1/2022 14:00,251.341
8/1/2022 15:00,176.276
8/1/2022 16:00,106.031
8/1/2022 17:00,42.302
8/1/2022 18:00,2.619
8/1/2022 19:00,0
8/1/2022 20:00,0
8/1/2022 21:00,0
8/1/2022 22:00,0
8/1/2022 23:00,0
8/2/2022 0:00,0
8/2/2022 1:00,0
8/2/2022 2:00,7.928
8/2/2022 3:00,73.742
8/2/2022 4:00,187.139
8/2/2022 5:00,321.57
8/2/2022 6:00,463.942
8/2/2022 7:00,581.599
8/2/2022 8:00,676.877
8/2/2022 9:00,717.749
8/2/2022 10:00,738.473
8/2/2022 11:00,719.404
8/2/2022 12:00,655.599
8/2/2022 13:00,534.306
8/2/2022 14:00,410.446
8/2/2022 15:00,276.188
8/2/2022 16:00,146.798
8/2/2022 17:00,46.129
8/2/2022 18:00,1.913
8/2/2022 19:00,0
8/2/2022 20:00,0
8/2/2022 21:00,0
8/2/2022 22:00,0
8/2/2022 23:00,0
8/3/2022 0:00,0
8/3/2022 1:00,0
8/3/2022 2:00,4.998
8/3/2022 3:00,46.204
8/3/2022 4:00,129.45
8/3/2022 5:00,247.051
8/3/2022 6:00,387.16
8/3/2022 7:00,522.66
8/3/2022 8:00,626.219
8/3/2022 9:00,690.93
8/3/2022 10:00,711.742
8/3/2022 11:00,697.684
8/3/2022 12:00,654.838
8/3/2022 13:00,573.988
8/3/2022 14:00,463.953
8/3/2022 15:00,327.418
8/3/2022 16:00,185.333
8/3/2022 17:00,61.9
8/3/2022 18:00,2.325
8/3/2022 19:00,0
8/3/2022 20:00,0
8/3/2022 21:00,0
8/3/2022 22:00,0
8/3/2022 23:00,0
8/4/2022 0:00,0
8/4/2022 1:00,0
8/4/2022 2:00,7.304
8/4/2022 3:00,70.503
8/4/2022 4:00,181.275
8/4/2022 5:00,322.919
8/4/2022 6:00,469.922
8/4/2022 7:00,595.125
8/4/2022 8:00,684.671
8/4/2022 9:00,737.35
8/4/2022 10:00,752.741
8/4/2022 11:00,728.203
8/4/2022 12:00,662.855
8/4/2022 13:00,565.72
8/4/2022 14:00,446.192
8/4/2022 15:00,310.282
8/4/2022 16:00,174.69
8/4/2022 17:00,57.936
8/4/2022 18:00,1.781
8/4/2022 19:00,0
8/4/2022 20:00,0
8/4/2022 21:00,0
8/4/2022 22:00,0
8/4/2022 23:00,0
8/5/2022 0:00,0
8/5/2022 1:00,0
8/5/2022 2:00,7.737
8/5/2022 3:00,84.748
8/5/2022 4:00,204.228
8/5/2022 5:00,330.521
8/5/2022 6:00,453.079
8/5/2022 7:00,540.67
8/5/2022 8:00,602.216
8/5/2022 9:00,646.095
8/5/2022 10:00,661.593
8/5/2022 11:00,624.861
8/5/2022 12:00,561.471
8/5/2022 13:00,492.452
8/5/2022 14:00,384.952
8/5/2022 15:00,262.628
8/5/2022 16:00,145.186
8/5/2022 17:00,45.773
8/5/2022 18:00,1.158
8/5/2022 19:00,0
8/5/2022 20:00,0
8/5/2022 21:00,0
8/5/2022 22:00,0
8/5/2022 23:00,0
8/6/2022 0:00,0
8/6/2022 1:00,0
8/6/2022 2:00,4.727
8/6/2022 3:00,54.616
8/6/2022 4:00,137.138
8/6/2022 5:00,234.659
8/6/2022 6:00,290.336
8/6/2022 7:00,307.74
8/6/2022 8:00,313.558
8/6/2022 9:00,309.19
8/6/2022 10:00,337.727
8/6/2022 11:00,350.997
8/6/2022 12:00,382.466
8/6/2022 13:00,300.257
8/6/2022 14:00,223.861
8/6/2022 15:00,152.865
8/6/2022 16:00,88.863
8/6/2022 17:00,35.436
8/6/2022 18:00,1.081
8/6/2022 19:00,0
8/6/2022 20:00,0
8/6/2022 21:00,0
8/6/2022 22:00,0
8/6/2022 23:00,0
8/7/2022 0:00,0
8/7/2022 1:00,0
8/7/2022 2:00,5.854
8/7/2022 3:00,83.657
8/7/2022 4:00,215.658
8/7/2022 5:00,360.681
8/7/2022 6:00,498.87
8/7/2022 7:00,617.701
8/7/2022 8:00,707.044
8/7/2022 9:00,760.605
8/7/2022 10:00,772.485
8/7/2022 11:00,729.676
8/7/2022 12:00,629.228
8/7/2022 13:00,477.148
8/7/2022 14:00,307.626
8/7/2022 15:00,203.374
8/7/2022 16:00,106.72
8/7/2022 17:00,27.735
8/7/2022 18:00,0.41
8/7/2022 19:00,0
8/7/2022 20:00,0
8/7/2022 21:00,0
8/7/2022 22:00,0
8/7/2022 23:00,0
8/8/2022 0:00,0
8/8/2022 1:00,0
8/8/2022 2:00,2.815
8/8/2022 3:00,44.712
8/8/2022 4:00,126.251
8/8/2022 5:00,222.452
8/8/2022 6:00,330.719
8/8/2022 7:00,426.84
8/8/2022 8:00,509.54
8/8/2022 9:00,565.696
8/8/2022 10:00,534.478
8/8/2022 11:00,529.81
8/8/2022 12:00,445.757
8/8/2022 13:00,398.007
8/8/2022 14:00,314.664
8/8/2022 15:00,212.079
8/8/2022 16:00,124.558
8/8/2022 17:00,36.673
8/8/2022 18:00,0.464
8/8/2022 19:00,0
8/8/2022 20:00,0
8/8/2022 21:00,0
8/8/2022 22:00,0
8/8/2022 23:00,0
8/9/2022 0:00,0
8/9/2022 1:00,0
8/9/2022 2:00,3.505
8/9/2022 3:00,67.083
8/9/2022 4:00,184.975
8/9/2022 5:00,321.282
8/9/2022 6:00,453.035
8/9/2022 7:00,564.868
8/9/2022 8:00,615.717
8/9/2022 9:00,652.849
8/9/2022 10:00,679.804
8/9/2022 11:00,665.741
8/9/2022 12:00,582.182
8/9/2022 13:00,512.457
8/9/2022 14:00,405.619
8/9/2022 15:00,271.525
8/9/2022 16:00,150.108
8/9/2022 17:00,42.819
8/9/2022 18:00,0.38
8/9/2022 19:00,0
8/9/2022 20:00,0
8/9/2022 21:00,0
8/9/2022 22:00,0
8/9/2022 23:00,0
8/10/2022 0:00,0
8/10/2022 1:00,0
8/10/2022 2:00,3.113
8/10/2022 3:00,69.472
8/10/2022 4:00,196.794
8/10/2022 5:00,340.635
8/10/2022 6:00,478.925
8/10/2022 7:00,598.366
8/10/2022 8:00,685.479
8/10/2022 9:00,734.67
8/10/2022 10:00,743.154
8/10/2022 11:00,710.816
8/10/2022 12:00,643.702
8/10/2022 13:00,543.853
8/10/2022 14:00,426.024
8/10/2022 15:00,292.816
8/10/2022 16:00,158.765
8/10/2022 17:00,42.624
8/10/2022 18:00,0.254
8/10/2022 19:00,0
8/10/2022 20:00,0
8/10/2022 21:00,0
8/10/2022 22:00,0
8/10/2022 23:00,0
8/11/2022 0:00,0
8/11/2022 1:00,0
8/11/2022 2:00,2.665
8/11/2022 3:00,68.828
8/11/2022 4:00,196.324
8/11/2022 5:00,339.588
8/11/2022 6:00,478.153
8/11/2022 7:00,597.708
8/11/2022 8:00,687.618
8/11/2022 9:00,740.524
8/11/2022 10:00,752.297
8/11/2022 11:00,720.6
8/11/2022 12:00,648.953
8/11/2022 13:00,546.845
8/11/2022 14:00,421.686
8/11/2022 15:00,283.02
8/11/2022 16:00,148.227
8/11/2022 17:00,37.568
8/11/2022 18:00,0.155
8/11/2022 19:00,0
8/11/2022 20:00,0
8/11/2022 21:00,0
8/11/2022 22:00,0
8/11/2022 23:00,0
8/12/2022 0:00,0
8/12/2022 1:00,0
8/12/2022 2:00,2.015
8/12/2022 3:00,61.57
8/12/2022 4:00,178.442
8/12/2022 5:00,307.042
8/12/2022 6:00,431.497
8/12/2022 7:00,537.358
8/12/2022 8:00,620.791
8/12/2022 9:00,682.248
8/12/2022 10:00,732.247
8/12/2022 11:00,723.905
8/12/2022 12:00,661.803
8/12/2022 13:00,562.604
8/12/2022 14:00,437.214
8/12/2022 15:00,296.463
8/12/2022 16:00,154.775
8/12/2022 17:00,37.518
8/12/2022 18:00,0.088
8/12/2022 19:00,0
8/12/2022 20:00,0
8/12/2022 21:00,0
8/12/2022 22:00,0
8/12/2022 23:00,0
8/13/2022 0:00,0
8/13/2022 1:00,0
8/13/2022 2:00,1.57
8/13/2022 3:00,56.328
8/13/2022 4:00,173.041
8/13/2022 5:00,306.608
8/13/2022 6:00,438.454
8/13/2022 7:00,555.995
8/13/2022 8:00,648.789
8/13/2022 9:00,706.535
8/13/2022 10:00,719.706
8/13/2022 11:00,691.045
8/13/2022 12:00,619.394
8/13/2022 13:00,505.793
8/13/2022 14:00,371.666
8/13/2022 15:00,236.466
8/13/2022 16:00,117.843
8/13/2022 17:00,26.878
8/13/2022 18:00,0.041
8/13/2022 19:00,0
8/13/2022 20:00,0
8/13/2022 21:00,0
8/13/2022 22:00,0
8/13/2022 23:00,0
8/14/2022 0:00,0
8/14/2022 1:00,0
8/14/2022 2:00,1.026
8/14/2022 3:00,49.937
8/14/2022 4:00,160.568
8/14/2022 5:00,292.497
8/14/2022 6:00,431.068
8/14/2022 7:00,557.007
8/14/2022 8:00,655.357
8/14/2022 9:00,713.479
8/14/2022 10:00,725.126
8/14/2022 11:00,693.685
8/14/2022 12:00,622.616
8/14/2022 13:00,516.595
8/14/2022 14:00,382.82
8/14/2022 15:00,239.026
8/14/2022 16:00,112.206
8/14/2022 17:00,22.752
8/14/2022 18:00,0.012
8/14/2022 19:00,0
8/14/2022 20:00,0
8/14/2022 21:00,0
8/14/2022 22:00,0
8/14/2022 23:00,0
8/15/2022 0:00,0
8/15/2022 1:00,0
8/15/2022 2:00,0.362
8/15/2022 3:00,21.204
8/15/2022 4:00,74.796
8/15/2022 5:00,139.957
8/15/2022 6:00,194.725
8/15/2022 7:00,254.783
8/15/2022 8:00,309.967
8/15/2022 9:00,370.09
8/15/2022 10:00,384.817
8/15/2022 11:00,343.949
8/15/2022 12:00,266.937
8/15/2022 13:00,200.165
8/15/2022 14:00,130.249
8/15/2022 15:00,77.747
8/15/2022 16:00,36.043
8/15/2022 17:00,7.075
8/15/2022 18:00,0.004
8/15/2022 19:00,0
8/15/2022 20:00,0
8/15/2022 21:00,0
8/15/2022 22:00,0
8/15/2022 23:00,0
8/16/2022 0:00,0
8/16/2022 1:00,0
8/16/2022 2:00,0.295
8/16/2022 3:00,25.424
8/16/2022 4:00,100.724
8/16/2022 5:00,204.556
8/16/2022 6:00,309.13
8/16/2022 7:00,378.04
8/16/2022 8:00,431.754
8/16/2022 9:00,456.147
8/16/2022 10:00,440.971
8/16/2022 11:00,373.202
8/16/2022 12:00,282.882
8/16/2022 13:00,192.424
8/16/2022 14:00,124.035
8/16/2022 15:00,70.825
8/16/2022 16:00,33.02
8/16/2022 17:00,6.282
8/16/2022 18:00,0.001
8/16/2022 19:00,0
8/16/2022 20:00,0
8/16/2022 21:00,0
8/16/2022 22:00,0
8/16/2022 23:00,0
8/17/2022 0:00,0
8/17/2022 1:00,0
8/17/2022 2:00,0.15
8/17/2022 3:00,12.895
8/17/2022 4:00,52.209
8/17/2022 5:00,114.076
8/17/2022 6:00,186.735
8/17/2022 7:00,262.152
8/17/2022 8:00,331.228
8/17/2022 9:00,386.972
8/17/2022 10:00,405.512
8/17/2022 11:00,404.563
8/17/2022 12:00,373.52
8/17/2022 13:00,312.517
8/17/2022 14:00,238.865
8/17/2022 15:00,171.799
8/17/2022 16:00,89.086
8/17/2022 17:00,17.813
8/17/2022 18:00,0.001
8/17/2022 19:00,0
8/17/2022 20:00,0
8/17/2022 21:00,0
8/17/2022 22:00,0
8/17/2022 23:00,0
8/18/2022 0:00,0
8/18/2022 1:00,0
8/18/2022 2:00,0.219
8/18/2022 3:00,33.996
8/18/2022 4:00,125.489
8/18/2022 5:00,248.45
8/18/2022 6:00,374.618
8/18/2022 7:00,477.041
8/18/2022 8:00,555.308
8/18/2022 9:00,605.446
8/18/2022 10:00,635.349
8/18/2022 11:00,618.258
8/18/2022 12:00,560.701
8/18/2022 13:00,472.108
8/18/2022 14:00,354.425
8/18/2022 15:00,221.509
8/18/2022 16:00,99.785
8/18/2022 17:00,15.576
8/18/2022 18:00,0
8/18/2022 19:00,0
8/18/2022 20:00,0
8/18/2022 21:00,0
8/18/2022 22:00,0
8/18/2022 23:00,0
8/19/2022 0:00,0
8/19/2022 1:00,0
8/19/2022 2:00,0.122
8/19/2022 3:00,23.727
8/19/2022 4:00,88.724
8/19/2022 5:00,178.214
8/19/2022 6:00,295.642
8/19/2022 7:00,414.623
8/19/2022 8:00,510.251
8/19/2022 9:00,572.618
8/19/2022 10:00,588.436
8/19/2022 11:00,569.057
8/19/2022 12:00,522.329
8/19/2022 13:00,440.799
8/19/2022 14:00,335.791
8/19/2022 15:00,216.947
8/19/2022 16:00,101.525
8/19/2022 17:00,15.564
8/19/2022 18:00,0
8/19/2022 19:00,0
8/19/2022 20:00,0
8/19/2022 21:00,0
8/19/2022 22:00,0
8/19/2022 23:00,0
8/20/2022 0:00,0
8/20/2022 1:00,0
8/20/2022 2:00,0.067
8/20/2022 3:00,31.266
8/20/2022 4:00,132.896
8/20/2022 5:00,258.842
8/20/2022 6:00,388.022
8/20/2022 7:00,496.872
8/20/2022 8:00,576.642
8/20/2022 9:00,629.997
8/20/2022 10:00,640.474
8/20/2022 11:00,617.626
8/20/2022 12:00,549.978
8/20/2022 13:00,440.288
8/20/2022 14:00,310.23
8/20/2022 15:00,198.297
8/20/2022 16:00,90.851
8/20/2022 17:00,12.622
8/20/2022 18:00,0
8/20/2022 19:00,0
8/20/2022 20:00,0
8/20/2022 21:00,0
8/20/2022 22:00,0
8/20/2022 23:00,0
8/21/2022 0:00,0
8/21/2022 1:00,0
8/21/2022 2:00,0.032
8/21/2022 3:00,27.556
8/21/2022 4:00,123.921
8/21/2022 5:00,243.481
8/21/2022 6:00,353.52
8/21/2022 7:00,441.327
8/21/2022 8:00,512.726
8/21/2022 9:00,583.996
8/21/2022 10:00,588.111
8/21/2022 11:00,547.647
8/21/2022 12:00,468.229
8/21/2022 13:00,373.595
8/21/2022 14:00,257.746
8/21/2022 15:00,166.257
8/21/2022 16:00,76.68
8/21/2022 17:00,9.191
8/21/2022 18:00,0
8/21/2022 19:00,0
8/21/2022 20:00,0
8/21/2022 21:00,0
8/21/2022 22:00,0
8/21/2022 23:00,0
8/22/2022 0:00,0
8/22/2022 1:00,0
8/22/2022 2:00,0.013
8/22/2022 3:00,15.048
8/22/2022 4:00,71.562
8/22/2022 5:00,149.456
8/22/2022 6:00,239.43
8/22/2022 7:00,341.643
8/22/2022 8:00,448.601
8/22/2022 9:00,523.334
8/22/2022 10:00,529.653
8/22/2022 11:00,530.927
8/22/2022 12:00,479.019
8/22/2022 13:00,399.785
8/22/2022 14:00,271.959
8/22/2022 15:00,169.636
8/22/2022 16:00,69.548
8/22/2022 17:00,8.146
8/22/2022 18:00,0
8/22/2022 19:00,0
8/22/2022 20:00,0
8/22/2022 21:00,0
8/22/2022 22:00,0
8/22/2022 23:00,0
8/23/2022 0:00,0
8/23/2022 1:00,0
8/23/2022 2:00,0.006
8/23/2022 3:00,24.674
8/23/2022 4:00,126.401
8/23/2022 5:00,260.233
8/23/2022 6:00,395.425
8/23/2022 7:00,514.551
8/23/2022 8:00,605.118
8/23/2022 9:00,660.881
8/23/2022 10:00,668.017
8/23/2022 11:00,638.134
8/23/2022 12:00,565.996
8/23/2022 13:00,467.87
8/23/2022 14:00,342.94
8/23/2022 15:00,210.081
8/23/2022 16:00,87.232
8/23/2022 17:00,9.006
8/23/2022 18:00,0
8/23/2022 19:00,0
8/23/2022 20:00,0
8/23/2022 21:00,0
8/23/2022 22:00,0
8/23/2022 23:00,0
8/24/2022 0:00,0
8/24/2022 1:00,0
8/24/2022 2:00,0.001
8/24/2022 3:00,20.149
8/24/2022 4:00,107.231
8/24/2022 5:00,225.373
8/24/2022 6:00,345.25
8/24/2022 7:00,436.43
8/24/2022 8:00,484.014
8/24/2022 9:00,486.422
8/24/2022 10:00,499.265
8/24/2022 11:00,491.071
8/24/2022 12:00,442.268
8/24/2022 13:00,369.023
8/24/2022 14:00,275.999
8/24/2022 15:00,166.497
8/24/2022 16:00,65.409
8/24/2022 17:00,6.399
8/24/2022 18:00,0
8/24/2022 19:00,0
8/24/2022 20:00,0
8/24/2022 21:00,0
8/24/2022 22:00,0
8/24/2022 23:00,0
8/25/2022 0:00,0
8/25/2022 1:00,0
8/25/2022 2:00,0
8/25/2022 3:00,14.278
8/25/2022 4:00,90.642
8/25/2022 5:00,203.441
8/25/2022 6:00,319.315
8/25/2022 7:00,426.454
8/25/2022 8:00,500.707
8/25/2022 9:00,544.572
8/25/2022 10:00,553.474
8/25/2022 11:00,530.105
8/25/2022 12:00,466.148
8/25/2022 13:00,386.167
8/25/2022 14:00,285.117
8/25/2022 15:00,173.255
8/25/2022 16:00,71.788
8/25/2022 17:00,6.642
8/25/2022 18:00,0
8/25/2022 19:00,0
8/25/2022 20:00,0
8/25/2022 21:00,0
8/25/2022 22:00,0
8/25/2022 23:00,0
8/26/2022 0:00,0
8/26/2022 1:00,0
8/26/2022 2:00,0
8/26/2022 3:00,16.373
8/26/2022 4:00,106.317
8/26/2022 5:00,232.761
8/26/2022 6:00,365.531
8/26/2022 7:00,486.347
8/26/2022 8:00,578.678
8/26/2022 9:00,643.625
8/26/2022 10:00,664.952
8/26/2022 11:00,639.232
8/26/2022 12:00,574.814
8/26/2022 13:00,474.289
8/26/2022 14:00,347.54
8/26/2022 15:00,210.163
8/26/2022 16:00,84.36
8/26/2022 17:00,6.442
8/26/2022 18:00,0
8/26/2022 19:00,0
8/26/2022 20:00,0
8/26/2022 21:00,0
8/26/2022 22:00,0
8/26/2022 23:00,0
8/27/2022 0:00,0
8/27/2022 1:00,0
8/27/2022 2:00,0
8/27/2022 3:00,16.025
8/27/2022 4:00,110.833
8/27/2022 5:00,243.193
8/27/2022 6:00,379.142
8/27/2022 7:00,497.922
8/27/2022 8:00,583.463
8/27/2022 9:00,630.466
8/27/2022 10:00,639.627
8/27/2022 11:00,608.207
8/27/2022 12:00,540.654
8/27/2022 13:00,444.595
8/27/2022 14:00,327.471
8/27/2022 15:00,199.688
8/27/2022 16:00,76.501
8/27/2022 17:00,5.205
8/27/2022 18:00,0
8/27/2022 19:00,0
8/27/2022 20:00,0
8/27/2022 21:00,0
8/27/2022 22:00,0
8/27/2022 23:00,0
8/28/2022 0:00,0
8/28/2022 1:00,0
8/28/2022 2:00,0
8/28/2022 3:00,14.578
8/28/2022 4:00,107.302
8/28/2022 5:00,237.368
8/28/2022 6:00,368.102
8/28/2022 7:00,485.641
8/28/2022 8:00,574.522
8/28/2022 9:00,632.538
8/28/2022 10:00,649.435
8/28/2022 11:00,625.459
8/28/2022 12:00,561.699
8/28/2022 13:00,463.218
8/28/2022 14:00,337.044
8/28/2022 15:00,200.832
8/28/2022 16:00,75.35
8/28/2022 17:00,4.4
8/28/2022 18:00,0
8/28/2022 19:00,0
8/28/2022 20:00,0
8/28/2022 21:00,0
8/28/2022 22:00,0
8/28/2022 23:00,0
8/29/2022 0:00,0
8/29/2022 1:00,0
8/29/2022 2:00,0
8/29/2022 3:00,12.346
8/29/2022 4:00,89.097
8/29/2022 5:00,190.782
8/29/2022 6:00,286.362
8/29/2022 7:00,379.585
8/29/2022 8:00,450.992
8/29/2022 9:00,491.862
8/29/2022 10:00,514.718
8/29/2022 11:00,513.549
8/29/2022 12:00,471.46
8/29/2022 13:00,385.967
8/29/2022 14:00,262.879
8/29/2022 15:00,135.504
8/29/2022 16:00,44.222
8/29/2022 17:00,1.713
8/29/2022 18:00,0
8/29/2022 19:00,0
8/29/2022 20:00,0
8/29/2022 21:00,0
8/29/2022 22:00,0
8/29/2022 23:00,0
8/30/2022 0:00,0
8/30/2022 1:00,0
8/30/2022 2:00,0
8/30/2022 3:00,4.789
8/30/2022 4:00,43.307
8/30/2022 5:00,108.028
8/30/2022 6:00,179.908
8/30/2022 7:00,249.737
8/30/2022 8:00,285.26
8/30/2022 9:00,286.644
8/30/2022 10:00,273.073
8/30/2022 11:00,238.275
8/30/2022 12:00,196.333
8/30/2022 13:00,171.657
8/30/2022 14:00,134.141
8/30/2022 15:00,84.421
8/30/2022 16:00,36.93
8/30/2022 17:00,2.268
8/30/2022 18:00,0
8/30/2022 19:00,0
8/30/2022 20:00,0
8/30/2022 21:00,0
8/30/2022 22:00,0
8/30/2022 23:00,0
8/31/2022 0:00,0
8/31/2022 1:00,0
8/31/2022 2:00,0
8/31/2022 3:00,8.962
8/31/2022 4:00,82.054
8/31/2022 5:00,206.198
8/31/2022 6:00,343.791
8/31/2022 7:00,457.693
8/31/2022 8:00,539.16
8/31/2022 9:00,575.074
8/31/2022 10:00,610.418
8/31/2022 11:00,608.74
8/31/2022 12:00,546.241
8/31/2022 13:00,422.241
8/31/2022 14:00,276.588
8/31/2022 15:00,162.525
8/31/2022 16:00,59.167
8/31/2022 17:00,1.772
8/31/2022 18:00,0
8/31/2022 19:00,0
8/31/2022 20:00,0
8/31/2022 21:00,0
8/31/2022 22:00,0
8/31/2022 23:00,0
9/1/2022 0:00,0
9/1/2022 1:00,0
9/1/2022 2:00,0
9/1/2022 3:00,6.858
9/1/2022 4:00,79.408
9/1/2022 5:00,209.469
9/1/2022 6:00,338.108
9/1/2022 7:00,457.857
9/1/2022 8:00,544.965
9/1/2022 9:00,595.34
9/1/2022 10:00,605.663
9/1/2022 11:00,581.01
9/1/2022 12:00,510.505
9/1/2022 13:00,414.396
9/1/2022 14:00,302.046
9/1/2022 15:00,176.014
9/1/2022 16:00,61.465
9/1/2022 17:00,1.688
9/1/2022 18:00,0
9/1/2022 19:00,0
9/1/2022 20:00,0
9/1/2022 21:00,0
9/1/2022 22:00,0
9/1/2022 23:00,0
9/2/2022 0:00,0
9/2/2022 1:00,0
9/2/2022 2:00,0
9/2/2022 3:00,5.438
9/2/2022 4:00,60.951
9/2/2022 5:00,136.738
9/2/2022 6:00,211.585
9/2/2022 7:00,277.433
9/2/2022 8:00,349.621
9/2/2022 9:00,357.569
9/2/2022 10:00,430.643
9/2/2022 11:00,452.977
9/2/2022 12:00,440.334
9/2/2022 13:00,384.949
9/2/2022 14:00,288.07
9/2/2022 15:00,173.102
9/2/2022 16:00,60.176
9/2/2022 17:00,1.319
9/2/2022 18:00,0
9/2/2022 19:00,0
9/2/2022 20:00,0
9/2/2022 21:00,0
9/2/2022 22:00,0
9/2/2022 23:00,0
9/3/2022 0:00,0
9/3/2022 1:00,0
9/3/2022 2:00,0
9/3/2022 3:00,6.957
9/3/2022 4:00,95.286
9/3/2022 5:00,230.929
9/3/2022 6:00,366.229
9/3/2022 7:00,474.773
9/3/2022 8:00,559.336
9/3/2022 9:00,602.924
9/3/2022 10:00,608.061
9/3/2022 11:00,560.088
9/3/2022 12:00,488.911
9/3/2022 13:00,401.644
9/3/2022 14:00,294.96
9/3/2022 15:00,173.75
9/3/2022 16:00,53.062
9/3/2022 17:00,0.897
9/3/2022 18:00,0
9/3/2022 19:00,0
9/3/2022 20:00,0
9/3/2022 21:00,0
9/3/2022 22:00,0
9/3/2022 23:00,0
9/4/2022 0:00,0
9/4/2022 1:00,0
9/4/2022 2:00,0
9/4/2022 3:00,5.459
9/4/2022 4:00,87.858
9/4/2022 5:00,220.999
9/4/2022 6:00,355.025
9/4/2022 7:00,469.639
9/4/2022 8:00,547.549
9/4/2022 9:00,583.244
9/4/2022 10:00,582.563
9/4/2022 11:00,537.743
9/4/2022 12:00,469.84
9/4/2022 13:00,369.734
9/4/2022 14:00,259.709
9/4/2022 15:00,145.357
9/4/2022 16:00,46.326
9/4/2022 17:00,0.528
9/4/2022 18:00,0
9/4/2022 19:00,0
9/4/2022 20:00,0
9/4/2022 21:00,0
9/4/2022 22:00,0
9/4/2022 23:00,0
9/5/2022 0:00,0
9/5/2022 1:00,0
9/5/2022 2:00,0
9/5/2022 3:00,2.785
9/5/2022 4:00,56.39
9/5/2022 5:00,152.152
9/5/2022 6:00,277.226
9/5/2022 7:00,412.492
9/5/2022 8:00,504.778
9/5/2022 9:00,560.462
9/5/2022 10:00,571.205
9/5/2022 11:00,536.041
9/5/2022 12:00,473.896
9/5/2022 13:00,380.33
9/5/2022 14:00,271.512
9/5/2022 15:00,146.502
9/5/2022 16:00,40.775
9/5/2022 17:00,0.331
9/5/2022 18:00,0
9/5/2022 19:00,0
9/5/2022 20:00,0
9/5/2022 21:00,0
9/5/2022 22:00,0
9/5/2022 23:00,0
9/6/2022 0:00,0
9/6/2022 1:00,0
9/6/2022 2:00,0
9/6/2022 3:00,3.066
9/6/2022 4:00,67.201
9/6/2022 5:00,177.498
9/6/2022 6:00,324.15
9/6/2022 7:00,446.566
9/6/2022 8:00,538.708
9/6/2022 9:00,618.33
9/6/2022 10:00,654.568
9/6/2022 11:00,630.43
9/6/2022 12:00,558.339
9/6/2022 13:00,445.804
9/6/2022 14:00,306.08
9/6/2022 15:00,156.971
9/6/2022 16:00,43.554
9/6/2022 17:00,0.251
9/6/2022 18:00,0
9/6/2022 19:00,0
9/6/2022 20:00,0
9/6/2022 21:00,0
9/6/2022 22:00,0
9/6/2022 23:00,0
9/7/2022 0:00,0
9/7/2022 1:00,0
9/7/2022 2:00,0
9/7/2022 3:00,1.394
9/7/2022 4:00,41.476
9/7/2022 5:00,125.638
9/7/2022 6:00,199.813
9/7/2022 7:00,279.72
9/7/2022 8:00,369.97
9/7/2022 9:00,425.221
9/7/2022 10:00,444.722
9/7/2022 11:00,438.671
9/7/2022 12:00,379.693
9/7/2022 13:00,286.098
9/7/2022 14:00,177.286
9/7/2022 15:00,83.071
9/7/2022 16:00,22
9/7/2022 17:00,0.111
9/7/2022 18:00,0
9/7/2022 19:00,0
9/7/2022 20:00,0
9/7/2022 21:00,0
9/7/2022 22:00,0
9/7/2022 23:00,0
9/8/2022 0:00,0
9/8/2022 1:00,0
9/8/2022 2:00,0
9/8/2022 3:00,1.385
9/8/2022 4:00,48.096
9/8/2022 5:00,150.15
9/8/2022 6:00,301.615
9/8/2022 7:00,426.639
9/8/2022 8:00,549.878
9/8/2022 9:00,615.317
9/8/2022 10:00,635.932
9/8/2022 11:00,617.106
9/8/2022 12:00,549.275
9/8/2022 13:00,447.531
9/8/2022 14:00,317.245
9/8/2022 15:00,173.292
9/8/2022 16:00,43.116
9/8/2022 17:00,0.074
9/8/2022 18:00,0
9/8/2022 19:00,0
9/8/2022 20:00,0
9/8/2022 21:00,0
9/8/2022 22:00,0
9/8/2022 23:00,0
9/9/2022 0:00,0
9/9/2022 1:00,0
9/9/2022 2:00,0
9/9/2022 3:00,1.457
9/9/2022 4:00,66.804
9/9/2022 5:00,207.544
9/9/2022 6:00,352.525
9/9/2022 7:00,477.961
9/9/2022 8:00,573.686
9/9/2022 9:00,631.711
9/9/2022 10:00,647.277
9/9/2022 11:00,618.582
9/9/2022 12:00,546.715
9/9/2022 13:00,440.877
9/9/2022 14:00,303.453
9/9/2022 15:00,160.332
9/9/2022 16:00,36.673
9/9/2022 17:00,0.026
9/9/2022 18:00,0
9/9/2022 19:00,0
9/9/2022 20:00,0
9/9/2022 21:00,0
9/9/2022 22:00,0
9/9/2022 23:00,0
9/10/2022 0:00,0
9/10/2022 1:00,0
9/10/2022 2:00,0
9/10/2022 3:00,1.065
9/10/2022 4:00,57.564
9/10/2022 5:00,190.587
9/10/2022 6:00,330.433
9/10/2022 7:00,450.216
9/10/2022 8:00,544.279
9/10/2022 9:00,604.193
9/10/2022 10:00,623.463
9/10/2022 11:00,598.553
9/10/2022 12:00,530.725
9/10/2022 13:00,425.794
9/10/2022 14:00,290.187
9/10/2022 15:00,146.142
9/10/2022 16:00,31.271
9/10/2022 17:00,0.014
9/10/2022 18:00,0
9/10/2022 19:00,0
9/10/2022 20:00,0
9/10/2022 21:00,0
9/10/2022 22:00,0
9/10/2022 23:00,0
9/11/2022 0:00,0
9/11/2022 1:00,0
9/11/2022 2:00,0
9/11/2022 3:00,0.49
9/11/2022 4:00,42.487
9/11/2022 5:00,122.143
9/11/2022 6:00,220.449
9/11/2022 7:00,326.255
9/11/2022 8:00,407.36
9/11/2022 9:00,448.718
9/11/2022 10:00,452.004
9/11/2022 11:00,415.634
9/11/2022 12:00,339.774
9/11/2022 13:00,241.772
9/11/2022 14:00,144.952
9/11/2022 15:00,66.674
9/11/2022 16:00,14.47
9/11/2022 17:00,0.005
9/11/2022 18:00,0
9/11/2022 19:00,0
9/11/2022 20:00,0
9/11/2022 21:00,0
9/11/2022 22:00,0
9/11/2022 23:00,0
9/12/2022 0:00,0
9/12/2022 1:00,0
9/12/2022 2:00,0
9/12/2022 3:00,0.174
9/12/2022 4:00,29.367
9/12/2022 5:00,104.268
9/12/2022 6:00,210.021
9/12/2022 7:00,314.227
9/12/2022 8:00,375.696
9/12/2022 9:00,400.532
9/12/2022 10:00,416.127
9/12/2022 11:00,365.411
9/12/2022 12:00,300.241
9/12/2022 13:00,244.933
9/12/2022 14:00,157.083
9/12/2022 15:00,83.178
9/12/2022 16:00,17.998
9/12/2022 17:00,0.001
9/12/2022 18:00,0
9/12/2022 19:00,0
9/12/2022 20:00,0
9/12/2022 21:00,0
9/12/2022 22:00,0
9/12/2022 23:00,0
9/13/2022 0:00,0
9/13/2022 1:00,0
9/13/2022 2:00,0
9/13/2022 3:00,0.137
9/13/2022 4:00,26.015
9/13/2022 5:00,104.499
9/13/2022 6:00,222.656
9/13/2022 7:00,338.009
9/13/2022 8:00,384.909
9/13/2022 9:00,365.831
9/13/2022 10:00,363.663
9/13/2022 11:00,297.737
9/13/2022 12:00,241.377
9/13/2022 13:00,166.924
9/13/2022 14:00,105.833
9/13/2022 15:00,51.291
9/13/2022 16:00,8.499
9/13/2022 17:00,0
9/13/2022 18:00,0
9/13/2022 19:00,0
9/13/2022 20:00,0
9/13/2022 21:00,0
9/13/2022 22:00,0
9/13/2022 23:00,0
9/14/2022 0:00,0
9/14/2022 1:00,0
9/14/2022 2:00,0
9/14/2022 3:00,0.09
9/14/2022 4:00,23.862
9/14/2022 5:00,104.1
9/14/2022 6:00,202.98
9/14/2022 7:00,285.276
9/14/2022 8:00,338.949
9/14/2022 9:00,400.56
9/14/2022 10:00,421.22
9/14/2022 11:00,359.794
9/14/2022 12:00,287.536
9/14/2022 13:00,236.986
9/14/2022 14:00,168.5
9/14/2022 15:00,83.899
9/14/2022 16:00,15.266
9/14/2022 17:00,0
9/14/2022 18:00,0
9/14/2022 19:00,0
9/14/2022 20:00,0
9/14/2022 21:00,0
9/14/2022 22:00,0
9/14/2022 23:00,0
9/15/2022 0:00,0
9/15/2022 1:00,0
9/15/2022 2:00,0
9/15/2022 3:00,0.055
9/15/2022 4:00,20.3
9/15/2022 5:00,92.081
9/15/2022 6:00,198.735
9/15/2022 7:00,295.151
9/15/2022 8:00,378.43
9/15/2022 9:00,425.962
9/15/2022 10:00,361.908
9/15/2022 11:00,307.807
9/15/2022 12:00,274.86
9/15/2022 13:00,238.342
9/15/2022 14:00,178.284
9/15/2022 15:00,93.838
9/15/2022 16:00,14.862
9/15/2022 17:00,0
9/15/2022 18:00,0
9/15/2022 19:00,0
9/15/2022 20:00,0
9/15/2022 21:00,0
9/15/2022 22:00,0
9/15/2022 23:00,0
9/16/2022 0:00,0
9/16/2022 1:00,0
9/16/2022 2:00,0
9/16/2022 3:00,0.025
9/16/2022 4:00,19.081
9/16/2022 5:00,76.135
9/16/2022 6:00,140.813
9/16/2022 7:00,233.143
9/16/2022 8:00,307.618
9/16/2022 9:00,329.156
9/16/2022 10:00,291.108
9/16/2022 11:00,265.506
9/16/2022 12:00,261.887
9/16/2022 13:00,186.845
9/16/2022 14:00,116.641
9/16/2022 15:00,49.505
9/16/2022 16:00,6.01
9/16/2022 17:00,0
9/16/2022 18:00,0
9/16/2022 19:00,0
9/16/2022 20:00,0
9/16/2022 21:00,0
9/16/2022 22:00,0
9/16/2022 23:00,0
9/17/2022 0:00,0
9/17/2022 1:00,0
9/17/2022 2:00,0
9/17/2022 3:00,0.004
9/17/2022 4:00,12.322
9/17/2022 5:00,59.923
9/17/2022 6:00,127.207
9/17/2022 7:00,214.287
9/17/2022 8:00,312.837
9/17/2022 9:00,365.735
9/17/2022 10:00,382.628
9/17/2022 11:00,385.13
9/17/2022 12:00,332.262
9/17/2022 13:00,238.555
9/17/2022 14:00,149.283
9/17/2022 15:00,68.495
9/17/2022 16:00,8.021
9/17/2022 17:00,0
9/17/2022 18:00,0
9/17/2022 19:00,0
9/17/2022 20:00,0
9/17/2022 21:00,0
9/17/2022 22:00,0
9/17/2022 23:00,0
9/18/2022 0:00,0
9/18/2022 1:00,0
9/18/2022 2:00,0
9/18/2022 3:00,0.002
9/18/2022 4:00,15.448
9/18/2022 5:00,78.999
9/18/2022 6:00,160.129
9/18/2022 7:00,239.439
9/18/2022 8:00,303.234
9/18/2022 9:00,359.992
9/18/2022 10:00,399.113
9/18/2022 11:00,386.014
9/18/2022 12:00,316.473
9/18/2022 13:00,239.217
9/18/2022 14:00,146.89
9/18/2022 15:00,60.263
9/18/2022 16:00,7.5
9/18/2022 17:00,0
9/18/2022 18:00,0
9/18/2022 19:00,0
9/18/2022 20:00,0
9/18/2022 21:00,0
9/18/2022 22:00,0
9/18/2022 23:00,0
9/19/2022 0:00,0
9/19/2022 1:00,0
9/19/2022 2:00,0
9/19/2022 3:00,0
9/19/2022 4:00,12.133
9/19/2022 5:00,64.962
9/19/2022 6:00,128.829
9/19/2022 7:00,229.987
9/19/2022 8:00,333.078
9/19/2022 9:00,417.134
9/19/2022 10:00,446.705
9/19/2022 11:00,433.796
9/19/2022 12:00,373.158
9/19/2022 13:00,282.767
9/19/2022 14:00,170.486
9/19/2022 15:00,80.569
9/19/2022 16:00,8.732
9/19/2022 17:00,0
9/19/2022 18:00,0
9/19/2022 19:00,0
9/19/2022 20:00,0
9/19/2022 21:00,0
9/19/2022 22:00,0
9/19/2022 23:00,0
9/20/2022 0:00,0
9/20/2022 1:00,0
9/20/2022 2:00,0
9/20/2022 3:00,0
9/20/2022 4:00,10.969
9/20/2022 5:00,61.955
9/20/2022 6:00,128.352
9/20/2022 7:00,205.702
9/20/2022 8:00,308.411
9/20/2022 9:00,363.49
9/20/2022 10:00,370.485
9/20/2022 11:00,371.216
9/20/2022 12:00,330.14
9/20/2022 13:00,252.139
9/20/2022 14:00,163.09
9/20/2022 15:00,70.199
9/20/2022 16:00,6.416
9/20/2022 17:00,0
9/20/2022 18:00,0
9/20/2022 19:00,0
9/20/2022 20:00,0
9/20/2022 21:00,0
9/20/2022 22:00,0
9/20/2022 23:00,0
9/21/2022 0:00,0
9/21/2022 1:00,0
9/21/2022 2:00,0
9/21/2022 3:00,0
9/21/2022 4:00,12.701
9/21/2022 5:00,77.065
9/21/2022 6:00,165.911
9/21/2022 7:00,261.923
9/21/2022 8:00,381.724
9/21/2022 9:00,427.137
9/21/2022 10:00,397.496
9/21/2022 11:00,362.577
9/21/2022 12:00,317.654
9/21/2022 13:00,240.601
9/21/2022 14:00,154.655
9/21/2022 15:00,65.294
9/21/2022 16:00,5.115
9/21/2022 17:00,0
9/21/2022 18:00,0
9/21/2022 19:00,0
9/21/2022 20:00,0
9/21/2022 21:00,0
9/21/2022 22:00,0
9/21/2022 23:00,0
9/22/2022 0:00,0
9/22/2022 1:00,0
9/22/2022 2:00,0
9/22/2022 3:00,0
9/22/2022 4:00,9.805
9/22/2022 5:00,69.2
9/22/2022 6:00,153.041
9/22/2022 7:00,281.089
9/22/2022 8:00,421.079
9/22/2022 9:00,498.828
9/22/2022 10:00,504.193
9/22/2022 11:00,477.349
9/22/2022 12:00,406.42
9/22/2022 13:00,296.314
9/22/2022 14:00,161.797
9/22/2022 15:00,57.638
9/22/2022 16:00,4.22
9/22/2022 17:00,0
9/22/2022 18:00,0
9/22/2022 19:00,0
9/22/2022 20:00,0
9/22/2022 21:00,0
9/22/2022 22:00,0
9/22/2022 23:00,0
9/23/2022 0:00,0
9/23/2022 1:00,0
9/23/2022 2:00,0
9/23/2022 3:00,0
9/23/2022 4:00,8.462
9/23/2022 5:00,66.497
9/23/2022 6:00,164.177
9/23/2022 7:00,265.088
9/23/2022 8:00,353.409
9/23/2022 9:00,395.077
9/23/2022 10:00,430.92
9/23/2022 11:00,432.872
9/23/2022 12:00,376.793
9/23/2022 13:00,290.779
9/23/2022 14:00,172.849
9/23/2022 15:00,68.439
9/23/2022 16:00,3.991
9/23/2022 17:00,0
9/23/2022 18:00,0
9/23/2022 19:00,0
9/23/2022 20:00,0
9/23/2022 21:00,0
9/23/2022 22:00,0
9/23/2022 23:00,0
9/24/2022 0:00,0
9/24/2022 1:00,0
9/24/2022 2:00,0
9/24/2022 3:00,0
9/24/2022 4:00,9.069
9/24/2022 5:00,71.402
9/24/2022 6:00,163.416
9/24/2022 7:00,282.852
9/24/2022 8:00,417.217
9/24/2022 9:00,482.857
9/24/2022 10:00,488.534
9/24/2022 11:00,442.069
9/24/2022 12:00,390.535
9/24/2022 13:00,298.599
9/24/2022 14:00,182.424
9/24/2022 15:00,68.085
9/24/2022 16:00,3.251
9/24/2022 17:00,0
9/24/2022 18:00,0
9/24/2022 19:00,0
9/24/2022 20:00,0
9/24/2022 21:00,0
9/24/2022 22:00,0
9/24/2022 23:00,0
9/25/2022 0:00,0
9/25/2022 1:00,0
9/25/2022 2:00,0
9/25/2022 3:00,0
9/25/2022 4:00,9.024
9/25/2022 5:00,83.921
9/25/2022 6:00,201.248
9/25/2022 7:00,335.532
9/25/2022 8:00,434.612
9/25/2022 9:00,481.928
9/25/2022 10:00,489.963
9/25/2022 11:00,456.146
9/25/2022 12:00,390.082
9/25/2022 13:00,261.773
9/25/2022 14:00,132.792
9/25/2022 15:00,50.023
9/25/2022 16:00,1.808
9/25/2022 17:00,0
9/25/2022 18:00,0
9/25/2022 19:00,0
9/25/2022 20:00,0
9/25/2022 21:00,0
9/25/2022 22:00,0
9/25/2022 23:00,0
9/26/2022 0:00,0
9/26/2022 1:00,0
9/26/2022 2:00,0
9/26/2022 3:00,0
9/26/2022 4:00,6.473
9/26/2022 5:00,69.128
9/26/2022 6:00,178.313
9/26/2022 7:00,311.926
9/26/2022 8:00,413.798
9/26/2022 9:00,462.887
9/26/2022 10:00,470.775
9/26/2022 11:00,431.828
9/26/2022 12:00,365.444
9/26/2022 13:00,268.637
9/26/2022 14:00,157.511
9/26/2022 15:00,55.311
9/26/2022 16:00,1.252
9/26/2022 17:00,0
9/26/2022 18:00,0
9/26/2022 19:00,0
9/26/2022 20:00,0
9/26/2022 21:00,0
9/26/2022 22:00,0
9/26/2022 23:00,0
9/27/2022 0:00,0
9/27/2022 1:00,0
9/27/2022 2:00,0
9/27/2022 3:00,0
9/27/2022 4:00,5.397
9/27/2022 5:00,61.432
9/27/2022 6:00,170.757
9/27/2022 7:00,315.972
9/27/2022 8:00,418.3
9/27/2022 9:00,486.817
9/27/2022 10:00,507.148
9/27/2022 11:00,480.938
9/27/2022 12:00,411.819
9/27/2022 13:00,312.604
9/27/2022 14:00,187.814
9/27/2022 15:00,64.632
9/27/2022 16:00,1.468
9/27/2022 17:00,0
9/27/2022 18:00,0
9/27/2022 19:00,0
9/27/2022 20:00,0
9/27/2022 21:00,0
9/27/2022 22:00,0
9/27/2022 23:00,0
9/28/2022 0:00,0
9/28/2022 1:00,0
9/28/2022 2:00,0
9/28/2022 3:00,0
9/28/2022 4:00,4.336
9/28/2022 5:00,60.855
9/28/2022 6:00,164.8
9/28/2022 7:00,290.652
9/28/2022 8:00,391.682
9/28/2022 9:00,461.485
9/28/2022 10:00,479.863
9/28/2022 11:00,455.757
9/28/2022 12:00,390.435
9/28/2022 13:00,289.225
9/28/2022 14:00,162.95
9/28/2022 15:00,48.997
9/28/2022 16:00,0.871
9/28/2022 17:00,0
9/28/2022 18:00,0
9/28/2022 19:00,0
9/28/2022 20:00,0
9/28/2022 21:00,0
9/28/2022 22:00,0
9/28/2022 23:00,0
9/29/2022 0:00,0
9/29/2022 1:00,0
9/29/2022 2:00,0
9/29/2022 3:00,0
9/29/2022 4:00,1.996
9/29/2022 5:00,27.842
9/29/2022 6:00,71.04
9/29/2022 7:00,117.51
9/29/2022 8:00,152.728
9/29/2022 9:00,181.422
9/29/2022 10:00,190.044
9/29/2022 11:00,181.599
9/29/2022 12:00,146.48
9/29/2022 13:00,106.266
9/29/2022 14:00,61.756
9/29/2022 15:00,20.91
9/29/2022 16:00,0.308
9/29/2022 17:00,0
9/29/2022 18:00,0
9/29/2022 19:00,0
9/29/2022 20:00,0
9/29/2022 21:00,0
9/29/2022 22:00,0
9/29/2022 23:00,0
9/30/2022 0:00,0
9/30/2022 1:00,0
9/30/2022 2:00,0
9/30/2022 3:00,0
9/30/2022 4:00,2.035
9/30/2022 5:00,42.418
9/30/2022 6:00,106.823
9/30/2022 7:00,176.665
9/30/2022 8:00,237.569
9/30/2022 9:00,289.505
9/30/2022 10:00,364.194
9/30/2022 11:00,400.578
9/30/2022 12:00,369.154
9/30/2022 13:00,282.94
9/30/2022 14:00,163.005
9/30/2022 15:00,47.712
9/30/2022 16:00,0.44
9/30/2022 17:00,0
9/30/2022 18:00,0
9/30/2022 19:00,0
9/30/2022 20:00,0
9/30/2022 21:00,0
9/30/2022 22:00,0
9/30/2022 23:00,0
10/1/2022 0:00,0
10/1/2022 1:00,0
10/1/2022 2:00,0
10/1/2022 3:00,0
10/1/2022 4:00,1.05
10/1/2022 5:00,22.982
10/1/2022 6:00,58.47
10/1/2022 7:00,103.049
10/1/2022 8:00,162.863
10/1/2022 9:00,241.7
10/1/2022 10:00,311.732
10/1/2022 11:00,324.924
10/1/2022 12:00,270.884
10/1/2022 13:00,201.756
10/1/2022 14:00,95.273
10/1/2022 15:00,26.982
10/1/2022 16:00,0.189
10/1/2022 17:00,0
10/1/2022 18:00,0
10/1/2022 19:00,0
10/1/2022 20:00,0
10/1/2022 21:00,0
10/1/2022 22:00,0
10/1/2022 23:00,0
10/2/2022 0:00,0
10/2/2022 1:00,0
10/2/2022 2:00,0
10/2/2022 3:00,0
10/2/2022 4:00,1.077
10/2/2022 5:00,26.567
10/2/2022 6:00,80.081
10/2/2022 7:00,160.599
10/2/2022 8:00,265.885
10/2/2022 9:00,335.943
10/2/2022 10:00,362.914
10/2/2022 11:00,318.304
10/2/2022 12:00,222.691
10/2/2022 13:00,132.971
10/2/2022 14:00,64.119
10/2/2022 15:00,16.068
10/2/2022 16:00,0.055
10/2/2022 17:00,0
10/2/2022 18:00,0
10/2/2022 19:00,0
10/2/2022 20:00,0
10/2/2022 21:00,0
10/2/2022 22:00,0
10/2/2022 23:00,0
10/3/2022 0:00,0
10/3/2022 1:00,0
10/3/2022 2:00,0
10/3/2022 3:00,0
10/3/2022 4:00,0.393
10/3/2022 5:00,18.242
10/3/2022 6:00,57.453
10/3/2022 7:00,121.174
10/3/2022 8:00,224.744
10/3/2022 9:00,259.119
10/3/2022 10:00,231.066
10/3/2022 11:00,178.639
10/3/2022 12:00,130.162
10/3/2022 13:00,79.958
10/3/2022 14:00,41.215
10/3/2022 15:00,10.998
10/3/2022 16:00,0.061
10/3/2022 17:00,0
10/3/2022 18:00,0
10/3/2022 19:00,0
10/3/2022 20:00,0
10/3/2022 21:00,0
10/3/2022 22:00,0
10/3/2022 23:00,0
10/4/2022 0:00,0
10/4/2022 1:00,0
10/4/2022 2:00,0
10/4/2022 3:00,0
10/4/2022 4:00,0.349
10/4/2022 5:00,20.076
10/4/2022 6:00,70.76
10/4/2022 7:00,151.423
10/4/2022 8:00,220.272
10/4/2022 9:00,277.294
10/4/2022 10:00,319.499
10/4/2022 11:00,305.733
10/4/2022 12:00,278.889
10/4/2022 13:00,217.866
10/4/2022 14:00,122.806
10/4/2022 15:00,29.544
10/4/2022 16:00,0.034
10/4/2022 17:00,0
10/4/2022 18:00,0
10/4/2022 19:00,0
10/4/2022 20:00,0
10/4/2022 21:00,0
10/4/2022 22:00,0
10/4/2022 23:00,0
10/5/2022 0:00,0
10/5/2022 1:00,0
10/5/2022 2:00,0
10/5/2022 3:00,0
10/5/2022 4:00,0.203
10/5/2022 5:00,12.99
10/5/2022 6:00,40.006
10/5/2022 7:00,70.897
10/5/2022 8:00,117.475
10/5/2022 9:00,146.975
10/5/2022 10:00,127.77
10/5/2022 11:00,106.385
10/5/2022 12:00,96.395
10/5/2022 13:00,76.678
10/5/2022 14:00,48.777
10/5/2022 15:00,13.301
10/5/2022 16:00,0.01
10/5/2022 17:00,0
10/5/2022 18:00,0
10/5/2022 19:00,0
10/5/2022 20:00,0
10/5/2022 21:00,0
10/5/2022 22:00,0
10/5/2022 23:00,0
10/6/2022 0:00,0
10/6/2022 1:00,0
10/6/2022 2:00,0
10/6/2022 3:00,0
10/6/2022 4:00,0.528
10/6/2022 5:00,27.705
10/6/2022 6:00,85.864
10/6/2022 7:00,155.914
10/6/2022 8:00,182.856
10/6/2022 9:00,230.331
10/6/2022 10:00,309.853
10/6/2022 11:00,306.203
10/6/2022 12:00,280.613
10/6/2022 13:00,217.889
10/6/2022 14:00,131.649
10/6/2022 15:00,29.552
10/6/2022 16:00,0.007
10/6/2022 17:00,0
10/6/2022 18:00,0
10/6/2022 19:00,0
10/6/2022 20:00,0
10/6/2022 21:00,0
10/6/2022 22:00,0
10/6/2022 23:00,0
10/7/2022 0:00,0
10/7/2022 1:00,0
10/7/2022 2:00,0
10/7/2022 3:00,0
10/7/2022 4:00,0.253
10/7/2022 5:00,37.745
10/7/2022 6:00,127.89
10/7/2022 7:00,211.21
10/7/2022 8:00,308.407
10/7/2022 9:00,388.579
10/7/2022 10:00,419.058
10/7/2022 11:00,397.8
10/7/2022 12:00,328.962
10/7/2022 13:00,231.416
10/7/2022 14:00,124.631
10/7/2022 15:00,25.731
10/7/2022 16:00,0.002
10/7/2022 17:00,0
10/7/2022 18:00,0
10/7/2022 19:00,0
10/7/2022 20:00,0
10/7/2022 21:00,0
10/7/2022 22:00,0
10/7/2022 23:00,0
10/8/2022 0:00,0
10/8/2022 1:00,0
10/8/2022 2:00,0
10/8/2022 3:00,0
10/8/2022 4:00,0.238
10/8/2022 5:00,28.946
10/8/2022 6:00,107.209
10/8/2022 7:00,172.087
10/8/2022 8:00,216.233
10/8/2022 9:00,273.056
10/8/2022 10:00,276.889
10/8/2022 11:00,226.024
10/8/2022 12:00,166.884
10/8/2022 13:00,116.601
10/8/2022 14:00,64.85
10/8/2022 15:00,13.724
10/8/2022 16:00,0
10/8/2022 17:00,0
10/8/2022 18:00,0
10/8/2022 19:00,0
10/8/2022 20:00,0
10/8/2022 21:00,0
10/8/2022 22:00,0
10/8/2022 23:00,0
10/9/2022 0:00,0
10/9/2022 1:00,0
10/9/2022 2:00,0
10/9/2022 3:00,0
10/9/2022 4:00,0.134
10/9/2022 5:00,26.285
10/9/2022 6:00,99.209
10/9/2022 7:00,206.999
10/9/2022 8:00,316.039
10/9/2022 9:00,384.249
10/9/2022 10:00,413.962
10/9/2022 11:00,400.044
10/9/2022 12:00,345.375
10/9/2022 13:00,252.097
10/9/2022 14:00,130.996
10/9/2022 15:00,22.654
10/9/2022 16:00,0
10/9/2022 17:00,0
10/9/2022 18:00,0
10/9/2022 19:00,0
10/9/2022 20:00,0
10/9/2022 21:00,0
10/9/2022 22:00,0
10/9/2022 23:00,0
10/10/2022 0:00,0
10/10/2022 1:00,0
10/10/2022 2:00,0
10/10/2022 3:00,0
10/10/2022 4:00,0.023
10/10/2022 5:00,10.906
10/10/2022 6:00,43.901
10/10/2022 7:00,88.496
10/10/2022 8:00,143.83
10/10/2022 9:00,187.633
10/10/2022 10:00,277.487
10/10/2022 11:00,321.475
10/10/2022 12:00,321.59
10/10/2022 13:00,238.412
10/10/2022 14:00,123.369
10/10/2022 15:00,19.812
10/10/2022 16:00,0
10/10/2022 17:00,0
10/10/2022 18:00,0
10/10/2022 19:00,0
10/10/2022 20:00,0
10/10/2022 21:00,0
10/10/2022 22:00,0
10/10/2022 23:00,0
10/11/2022 0:00,0
10/11/2022 1:00,0
10/11/2022 2:00,0
10/11/2022 3:00,0
10/11/2022 4:00,0.042
10/11/2022 5:00,20.443
10/11/2022 6:00,67.699
10/11/2022 7:00,104.948
10/11/2022 8:00,140.11
10/11/2022 9:00,161.747
10/11/2022 10:00,182.607
10/11/2022 11:00,196.957
10/11/2022 12:00,185.819
10/11/2022 13:00,152.903
10/11/2022 14:00,79.659
10/11/2022 15:00,10.889
10/11/2022 16:00,0
10/11/2022 17:00,0
10/11/2022 18:00,0
10/11/2022 19:00,0
10/11/2022 20:00,0
10/11/2022 21:00,0
10/11/2022 22:00,0
10/11/2022 23:00,0
10/12/2022 0:00,0
10/12/2022 1:00,0
10/12/2022 2:00,0
10/12/2022 3:00,0
10/12/2022 4:00,0.003
10/12/2022 5:00,18.587
10/12/2022 6:00,93.027
10/12/2022 7:00,189.607
10/12/2022 8:00,291.903
10/12/2022 9:00,350.638
10/12/2022 10:00,380.437
10/12/2022 11:00,372.914
10/12/2022 12:00,317.742
10/12/2022 13:00,224.884
10/12/2022 14:00,107.408
10/12/2022 15:00,13.023
10/12/2022 16:00,0
10/12/2022 17:00,0
10/12/2022 18:00,0
10/12/2022 19:00,0
10/12/2022 20:00,0
10/12/2022 21:00,0
10/12/2022 22:00,0
10/12/2022 23:00,0
10/13/2022 0:00,0
10/13/2022 1:00,0
10/13/2022 2:00,0
10/13/2022 3:00,0
10/13/2022 4:00,0.002
10/13/2022 5:00,8.328
10/13/2022 6:00,37.67
10/13/2022 7:00,74.158
10/13/2022 8:00,117.456
10/13/2022 9:00,147.906
10/13/2022 10:00,185.061
10/13/2022 11:00,192.349
10/13/2022 12:00,167.1
10/13/2022 13:00,125.272
10/13/2022 14:00,55.03
10/13/2022 15:00,6.284
10/13/2022 16:00,0
10/13/2022 17:00,0
10/13/2022 18:00,0
10/13/2022 19:00,0
10/13/2022 20:00,0
10/13/2022 21:00,0
10/13/2022 22:00,0
10/13/2022 23:00,0
10/14/2022 0:00,0
10/14/2022 1:00,0
10/14/2022 2:00,0
10/14/2022 3:00,0
10/14/2022 4:00,0
10/14/2022 5:00,9.148
10/14/2022 6:00,44.611
10/14/2022 7:00,94.367
10/14/2022 8:00,148.999
10/14/2022 9:00,204.566
10/14/2022 10:00,228.749
10/14/2022 11:00,209.43
10/14/2022 12:00,165.075
10/14/2022 13:00,107.67
10/14/2022 14:00,53.36
10/14/2022 15:00,6.739
10/14/2022 16:00,0
10/14/2022 17:00,0
10/14/2022 18:00,0
10/14/2022 19:00,0
10/14/2022 20:00,0
10/14/2022 21:00,0
10/14/2022 22:00,0
10/14/2022 23:00,0
10/15/2022 0:00,0
10/15/2022 1:00,0
10/15/2022 2:00,0
10/15/2022 3:00,0
10/15/2022 4:00,0
10/15/2022 5:00,5.981
10/15/2022 6:00,40.066
10/15/2022 7:00,93.757
10/15/2022 8:00,153.99
10/15/2022 9:00,213.925
10/15/2022 10:00,241.741
10/15/2022 11:00,244.582
10/15/2022 12:00,196.053
10/15/2022 13:00,133.936
10/15/2022 14:00,60.322
10/15/2022 15:00,5.918
10/15/2022 16:00,0
10/15/2022 17:00,0
10/15/2022 18:00,0
10/15/2022 19:00,0
10/15/2022 20:00,0
10/15/2022 21:00,0
10/15/2022 22:00,0
10/15/2022 23:00,0
10/16/2022 0:00,0
10/16/2022 1:00,0
10/16/2022 2:00,0
10/16/2022 3:00,0
10/16/2022 4:00,0
10/16/2022 5:00,5.93
10/16/2022 6:00,35.182
10/16/2022 7:00,70.734
10/16/2022 8:00,144.926
10/16/2022 9:00,202.935
10/16/2022 10:00,205.447
10/16/2022 11:00,179.748
10/16/2022 12:00,129.25
10/16/2022 13:00,75.068
10/16/2022 14:00,27.504
10/16/2022 15:00,2.9
10/16/2022 16:00,0
10/16/2022 17:00,0
10/16/2022 18:00,0
10/16/2022 19:00,0
10/16/2022 20:00,0
10/16/2022 21:00,0
10/16/2022 22:00,0
10/16/2022 23:00,0
10/17/2022 0:00,0
10/17/2022 1:00,0
10/17/2022 2:00,0
10/17/2022 3:00,0
10/17/2022 4:00,0
10/17/2022 5:00,15.334
10/17/2022 6:00,94.098
10/17/2022 7:00,180.728
10/17/2022 8:00,271.052
10/17/2022 9:00,342.183
10/17/2022 10:00,356.09
10/17/2022 11:00,329.357
10/17/2022 12:00,237.62
10/17/2022 13:00,130.866
10/17/2022 14:00,49.79
10/17/2022 15:00,3.193
10/17/2022 16:00,0
10/17/2022 17:00,0
10/17/2022 18:00,0
10/17/2022 19:00,0
10/17/2022 20:00,0
10/17/2022 21:00,0
10/17/2022 22:00,0
10/17/2022 23:00,0
10/18/2022 0:00,0
10/18/2022 1:00,0
10/18/2022 2:00,0
10/18/2022 3:00,0
10/18/2022 4:00,0
10/18/2022 5:00,6.038
10/18/2022 6:00,43.478
10/18/2022 7:00,84.598
10/18/2022 8:00,145.472
10/18/2022 9:00,202.909
10/18/2022 10:00,181.204
10/18/2022 11:00,140.41
10/18/2022 12:00,113.694
10/18/2022 13:00,79.792
10/18/2022 14:00,34.919
10/18/2022 15:00,2.221
10/18/2022 16:00,0
10/18/2022 17:00,0
10/18/2022 18:00,0
10/18/2022 19:00,0
10/18/2022 20:00,0
10/18/2022 21:00,0
10/18/2022 22:00,0
10/18/2022 23:00,0
10/19/2022 0:00,0
10/19/2022 1:00,0
10/19/2022 2:00,0
10/19/2022 3:00,0
10/19/2022 4:00,0
10/19/2022 5:00,8.721
10/19/2022 6:00,81.624
10/19/2022 7:00,178.894
10/19/2022 8:00,268.68
10/19/2022 9:00,323.076
10/19/2022 10:00,344.847
10/19/2022 11:00,324.27
10/19/2022 12:00,266.765
10/19/2022 13:00,179.791
10/19/2022 14:00,76.197
10/19/2022 15:00,3.805
10/19/2022 16:00,0
10/19/2022 17:00,0
10/19/2022 18:00,0
10/19/2022 19:00,0
10/19/2022 20:00,0
10/19/2022 21:00,0
10/19/2022 22:00,0
10/19/2022 23:00,0
10/20/2022 0:00,0
10/20/2022 1:00,0
10/20/2022 2:00,0
10/20/2022 3:00,0
10/20/2022 4:00,0
10/20/2022 5:00,6.037
10/20/2022 6:00,53.844
10/20/2022 7:00,121.313
10/20/2022 8:00,182.866
10/20/2022 9:00,246.641
10/20/2022 10:00,275.509
10/20/2022 11:00,267.475
10/20/2022 12:00,216.079
10/20/2022 13:00,124.022
10/20/2022 14:00,50.82
10/20/2022 15:00,2.323
10/20/2022 16:00,0
10/20/2022 17:00,0
10/20/2022 18:00,0
10/20/2022 19:00,0
10/20/2022 20:00,0
10/20/2022 21:00,0
10/20/2022 22:00,0
10/20/2022 23:00,0
10/21/2022 0:00,0
10/21/2022 1:00,0
10/21/2022 2:00,0
10/21/2022 3:00,0
10/21/2022 4:00,0
10/21/2022 5:00,2.166
10/21/2022 6:00,20.033
10/21/2022 7:00,41.881
10/21/2022 8:00,62.043
10/21/2022 9:00,78.434
10/21/2022 10:00,87.768
10/21/2022 11:00,83.474
10/21/2022 12:00,66.674
10/21/2022 13:00,42.312
10/21/2022 14:00,17.342
10/21/2022 15:00,0.747
10/21/2022 16:00,0
10/21/2022 17:00,0
10/21/2022 18:00,0
10/21/2022 19:00,0
10/21/2022 20:00,0
10/21/2022 21:00,0
10/21/2022 22:00,0
10/21/2022 23:00,0
10/22/2022 0:00,0
10/22/2022 1:00,0
10/22/2022 2:00,0
10/22/2022 3:00,0
10/22/2022 4:00,0
10/22/2022 5:00,6.674
10/22/2022 6:00,67.127
10/22/2022 7:00,189.02
10/22/2022 8:00,282.31
10/22/2022 9:00,336.234
10/22/2022 10:00,346.142
10/22/2022 11:00,310.556
10/22/2022 12:00,236.054
10/22/2022 13:00,137.401
10/22/2022 14:00,43.846
10/22/2022 15:00,0.974
10/22/2022 16:00,0
10/22/2022 17:00,0
10/22/2022 18:00,0
10/22/2022 19:00,0
10/22/2022 20:00,0
10/22/2022 21:00,0
10/22/2022 22:00,0
10/22/2022 23:00,0
10/23/2022 0:00,0
10/23/2022 1:00,0
10/23/2022 2:00,0
10/23/2022 3:00,0
10/23/2022 4:00,0
10/23/2022 5:00,0.74
10/23/2022 6:00,12.701
10/23/2022 7:00,34.389
10/23/2022 8:00,55.578
10/23/2022 9:00,80.444
10/23/2022 10:00,97.499
10/23/2022 11:00,103.798
10/23/2022 12:00,98.585
10/23/2022 13:00,60.943
10/23/2022 14:00,19.034
10/23/2022 15:00,0.229
10/23/2022 16:00,0
10/23/2022 17:00,0
10/23/2022 18:00,0
10/23/2022 19:00,0
10/23/2022 20:00,0
10/23/2022 21:00,0
10/23/2022 22:00,0
10/23/2022 23:00,0
10/24/2022 0:00,0
10/24/2022 1:00,0
10/24/2022 2:00,0
10/24/2022 3:00,0
10/24/2022 4:00,0
10/24/2022 5:00,2.614
10/24/2022 6:00,35.981
10/24/2022 7:00,88.5
10/24/2022 8:00,140.023
10/24/2022 9:00,179.795
10/24/2022 10:00,184.112
10/24/2022 11:00,160.764
10/24/2022 12:00,112.656
10/24/2022 13:00,64.537
10/24/2022 14:00,20.641
10/24/2022 15:00,0.215
10/24/2022 16:00,0
10/24/2022 17:00,0
10/24/2022 18:00,0
10/24/2022 19:00,0
10/24/2022 20:00,0
10/24/2022 21:00,0
10/24/2022 22:00,0
10/24/2022 23:00,0
10/25/2022 0:00,0
10/25/2022 1:00,0
10/25/2022 2:00,0
10/25/2022 3:00,0
10/25/2022 4:00,0
10/25/2022 5:00,1.406
10/25/2022 6:00,21.439
10/25/2022 7:00,53.729
10/25/2022 8:00,88.555
10/25/2022 9:00,116.216
10/25/2022 10:00,146.448
10/25/2022 11:00,149.782
10/25/2022 12:00,132.276
10/25/2022 13:00,87.281
10/25/2022 14:00,30.034
10/25/2022 15:00,0.378
10/25/2022 16:00,0
10/25/2022 17:00,0
10/25/2022 18:00,0
10/25/2022 19:00,0
10/25/2022 20:00,0
10/25/2022 21:00,0
10/25/2022 22:00,0
10/25/2022 23:00,0
10/26/2022 0:00,0
10/26/2022 1:00,0
10/26/2022 2:00,0
10/26/2022 3:00,0
10/26/2022 4:00,0
10/26/2022 5:00,1.517
10/26/2022 6:00,28.406
10/26/2022 7:00,65.326
10/26/2022 8:00,95.987
10/26/2022 9:00,115.308
10/26/2022 10:00,123.537
10/26/2022 11:00,116.687
10/26/2022 12:00,92.618
10/26/2022 13:00,53.562
10/26/2022 14:00,16.307
10/26/2022 15:00,0.103
10/26/2022 16:00,0
10/26/2022 17:00,0
10/26/2022 18:00,0
10/26/2022 19:00,0
10/26/2022 20:00,0
10/26/2022 21:00,0
10/26/2022 22:00,0
10/26/2022 23:00,0
10/27/2022 0:00,0
10/27/2022 1:00,0
10/27/2022 2:00,0
10/27/2022 3:00,0
10/27/2022 4:00,0
10/27/2022 5:00,0.823
10/27/2022 6:00,25.514
10/27/2022 7:00,76.449
10/27/2022 8:00,137.533
10/27/2022 9:00,201.613
10/27/2022 10:00,226.292
10/27/2022 11:00,218.774
10/27/2022 12:00,161.658
10/27/2022 13:00,91.048
10/27/2022 14:00,25.125
10/27/2022 15:00,0.112
10/27/2022 16:00,0
10/27/2022 17:00,0
10/27/2022 18:00,0
10/27/2022 19:00,0
10/27/2022 20:00,0
10/27/2022 21:00,0
10/27/2022 22:00,0
10/27/2022 23:00,0
10/28/2022 0:00,0
10/28/2022 1:00,0
10/28/2022 2:00,0
10/28/2022 3:00,0
10/28/2022 4:00,0
10/28/2022 5:00,1.131
10/28/2022 6:00,31.207
10/28/2022 7:00,70.022
10/28/2022 8:00,94.665
10/28/2022 9:00,110.117
10/28/2022 10:00,108.903
10/28/2022 11:00,84.141
10/28/2022 12:00,55.533
10/28/2022 13:00,36.156
10/28/2022 14:00,16.514
10/28/2022 15:00,0.077
10/28/2022 16:00,0
10/28/2022 17:00,0
10/28/2022 18:00,0
10/28/2022 19:00,0
10/28/2022 20:00,0
10/28/2022 21:00,0
10/28/2022 22:00,0
10/28/2022 23:00,0
10/29/2022 0:00,0
10/29/2022 1:00,0
10/29/2022 2:00,0
10/29/2022 3:00,0
10/29/2022 4:00,0
10/29/2022 5:00,0.661
10/29/2022 6:00,15.597
10/29/2022 7:00,52.488
10/29/2022 8:00,114.453
10/29/2022 9:00,164.417
10/29/2022 10:00,216.346
10/29/2022 11:00,194.937
10/29/2022 12:00,139.074
10/29/2022 13:00,64.158
10/29/2022 14:00,13.718
10/29/2022 15:00,0.023
10/29/2022 16:00,0
10/29/2022 17:00,0
10/29/2022 18:00,0
10/29/2022 19:00,0
10/29/2022 20:00,0
10/29/2022 21:00,0
10/29/2022 22:00,0
10/29/2022 23:00,0
10/30/2022 0:00,0
10/30/2022 1:00,0
10/30/2022 2:00,0
10/30/2022 3:00,0
10/30/2022 4:00,0
10/30/2022 5:00,0.964
10/30/2022 6:00,33.942
10/30/2022 7:00,91.847
10/30/2022 8:00,176.383
10/30/2022 9:00,244.917
10/30/2022 10:00,230.668
10/30/2022 11:00,183.847
10/30/2022 12:00,134.407
10/30/2022 13:00,82.727
10/30/2022 14:00,22.904
10/30/2022 15:00,0.031
10/30/2022 16:00,0
10/30/2022 17:00,0
10/30/2022 18:00,0
10/30/2022 19:00,0
10/30/2022 20:00,0
10/30/2022 21:00,0
10/30/2022 22:00,0
10/30/2022 23:00,0
10/31/2022 0:00,0
10/31/2022 1:00,0
10/31/2022 2:00,0
10/31/2022 3:00,0
10/31/2022 4:00,0
10/31/2022 5:00,0.578
10/31/2022 6:00,40.109
10/31/2022 7:00,125.84
10/31/2022 8:00,220.075
10/31/2022 9:00,277.106
10/31/2022 10:00,299.96
10/31/2022 11:00,274.36
10/31/2022 12:00,208.671
10/31/2022 13:00,114.369
10/31/2022 14:00,24.489
10/31/2022 15:00,0.005
10/31/2022 16:00,0
10/31/2022 17:00,0
10/31/2022 18:00,0
10/31/2022 19:00,0
10/31/2022 20:00,0
10/31/2022 21:00,0
10/31/2022 22:00,0
10/31/2022 23:00,0
11/1/2022 0:00,0
11/1/2022 1:00,0
11/1/2022 2:00,0
11/1/2022 3:00,0
11/1/2022 4:00,0
11/1/2022 5:00,0.126
11/1/2022 6:00,17.443
11/1/2022 7:00,62.992
11/1/2022 8:00,115.288
11/1/2022 9:00,152.693
11/1/2022 10:00,169.755
11/1/2022 11:00,168.788
11/1/2022 12:00,129.995
11/1/2022 13:00,73.261
11/1/2022 14:00,15.352
11/1/2022 15:00,0.003
11/1/2022 16:00,0
11/1/2022 17:00,0
11/1/2022 18:00,0
11/1/2022 19:00,0
11/1/2022 20:00,0
11/1/2022 21:00,0
11/1/2022 22:00,0
11/1/2022 23:00,0
11/2/2022 0:00,0
11/2/2022 1:00,0
11/2/2022 2:00,0
11/2/2022 3:00,0
11/2/2022 4:00,0
11/2/2022 5:00,0.146
11/2/2022 6:00,11.848
11/2/2022 7:00,37.383
11/2/2022 8:00,64.637
11/2/2022 9:00,83.172
11/2/2022 10:00,88.049
11/2/2022 11:00,82.498
11/2/2022 12:00,62.365
11/2/2022 13:00,35.07
11/2/2022 14:00,7.356
11/2/2022 15:00,0.001
11/2/2022 16:00,0
11/2/2022 17:00,0
11/2/2022 18:00,0
11/2/2022 19:00,0
11/2/2022 20:00,0
11/2/2022 21:00,0
11/2/2022 22:00,0
11/2/2022 23:00,0
11/3/2022 0:00,0
11/3/2022 1:00,0
11/3/2022 2:00,0
11/3/2022 3:00,0
11/3/2022 4:00,0
11/3/2022 5:00,0.043
11/3/2022 6:00,13.603
11/3/2022 7:00,45.754
11/3/2022 8:00,74.053
11/3/2022 9:00,94.15
11/3/2022 10:00,119.639
11/3/2022 11:00,136.712
11/3/2022 12:00,116.522
11/3/2022 13:00,66.291
11/3/2022 14:00,12.014
11/3/2022 15:00,0
11/3/2022 16:00,0
11/3/2022 17:00,0
11/3/2022 18:00,0
11/3/2022 19:00,0
11/3/2022 20:00,0
11/3/2022 21:00,0
11/3/2022 22:00,0
11/3/2022 23:00,0
11/4/2022 0:00,0
11/4/2022 1:00,0
11/4/2022 2:00,0
11/4/2022 3:00,0
11/4/2022 4:00,0
11/4/2022 5:00,0.038
11/4/2022 6:00,14.761
11/4/2022 7:00,59.656
11/4/2022 8:00,119.426
11/4/2022 9:00,178.242
11/4/2022 10:00,204.327
11/4/2022 11:00,197.684
11/4/2022 12:00,147.873
11/4/2022 13:00,80.439
11/4/2022 14:00,13.474
11/4/2022 15:00,0
11/4/2022 16:00,0
11/4/2022 17:00,0
11/4/2022 18:00,0
11/4/2022 19:00,0
11/4/2022 20:00,0
11/4/2022 21:00,0
11/4/2022 22:00,0
11/4/2022 23:00,0
11/5/2022 0:00,0
11/5/2022 1:00,0
11/5/2022 2:00,0
11/5/2022 3:00,0
11/5/2022 4:00,0
11/5/2022 5:00,0.064
11/5/2022 6:00,16.009
11/5/2022 7:00,56.417
11/5/2022 8:00,81.509
11/5/2022 9:00,87.498
11/5/2022 10:00,91.428
11/5/2022 11:00,75.137
11/5/2022 12:00,48.357
11/5/2022 13:00,22.266
11/5/2022 14:00,2.949
11/5/2022 15:00,0
11/5/2022 16:00,0
11/5/2022 17:00,0
11/5/2022 18:00,0
11/5/2022 19:00,0
11/5/2022 20:00,0
11/5/2022 21:00,0
11/5/2022 22:00,0
11/5/2022 23:00,0
11/6/2022 0:00,0
11/6/2022 1:00,0
11/6/2022 2:00,0
11/6/2022 3:00,0
11/6/2022 4:00,0
11/6/2022 5:00,0.001
11/6/2022 6:00,10.317
11/6/2022 7:00,43.124
11/6/2022 8:00,82.147
11/6/2022 9:00,123.872
11/6/2022 10:00,166.968
11/6/2022 11:00,155.587
11/6/2022 12:00,103.609
11/6/2022 13:00,44.529
11/6/2022 14:00,6.811
11/6/2022 15:00,0
11/6/2022 16:00,0
11/6/2022 17:00,0
11/6/2022 18:00,0
11/6/2022 19:00,0
11/6/2022 20:00,0
11/6/2022 21:00,0
11/6/2022 22:00,0
11/6/2022 23:00,0
11/7/2022 0:00,0
11/7/2022 1:00,0
11/7/2022 2:00,0
11/7/2022 3:00,0
11/7/2022 4:00,0
11/7/2022 5:00,0.003
11/7/2022 6:00,5.532
11/7/2022 7:00,28.21
11/7/2022 8:00,59.19
11/7/2022 9:00,77.405
11/7/2022 10:00,106.552
11/7/2022 11:00,87.285
11/7/2022 12:00,57.325
11/7/2022 13:00,21.606
11/7/2022 14:00,2.022
11/7/2022 15:00,0
11/7/2022 16:00,0
11/7/2022 17:00,0
11/7/2022 18:00,0
11/7/2022 19:00,0
11/7/2022 20:00,0
11/7/2022 21:00,0
11/7/2022 22:00,0
11/7/2022 23:00,0
11/8/2022 0:00,0
11/8/2022 1:00,0
11/8/2022 2:00,0
11/8/2022 3:00,0
11/8/2022 4:00,0
11/8/2022 5:00,0.003
11/8/2022 6:00,14.492
11/8/2022 7:00,70.305
11/8/2022 8:00,119.024
11/8/2022 9:00,157.288
11/8/2022 10:00,166.185
11/8/2022 11:00,149.563
11/8/2022 12:00,101.194
11/8/2022 13:00,43.785
11/8/2022 14:00,4.066
11/8/2022 15:00,0
11/8/2022 16:00,0
11/8/2022 17:00,0
11/8/2022 18:00,0
11/8/2022 19:00,0
11/8/2022 20:00,0
11/8/2022 21:00,0
11/8/2022 22:00,0
11/8/2022 23:00,0
11/9/2022 0:00,0
11/9/2022 1:00,0
11/9/2022 2:00,0
11/9/2022 3:00,0
11/9/2022 4:00,0
11/9/2022 5:00,0.001
11/9/2022 6:00,9.44
11/9/2022 7:00,40.915
11/9/2022 8:00,93.67
11/9/2022 9:00,138.185
11/9/2022 10:00,168.792
11/9/2022 11:00,150.063
11/9/2022 12:00,109.749
11/9/2022 13:00,50.395
11/9/2022 14:00,3.782
11/9/2022 15:00,0
11/9/2022 16:00,0
11/9/2022 17:00,0
11/9/2022 18:00,0
11/9/2022 19:00,0
11/9/2022 20:00,0
11/9/2022 21:00,0
11/9/2022 22:00,0
11/9/2022 23:00,0
11/10/2022 0:00,0
11/10/2022 1:00,0
11/10/2022 2:00,0
11/10/2022 3:00,0
11/10/2022 4:00,0
11/10/2022 5:00,0
11/10/2022 6:00,3.28
11/10/2022 7:00,20.937
11/10/2022 8:00,41.884
11/10/2022 9:00,60.198
11/10/2022 10:00,71.549
11/10/2022 11:00,70.02
11/10/2022 12:00,57.694
11/10/2022 13:00,32.622
11/10/2022 14:00,3.927
11/10/2022 15:00,0
11/10/2022 16:00,0
11/10/2022 17:00,0
11/10/2022 18:00,0
11/10/2022 19:00,0
11/10/2022 20:00,0
11/10/2022 21:00,0
11/10/2022 22:00,0
11/10/2022 23:00,0
11/11/2022 0:00,0
11/11/2022 1:00,0
11/11/2022 2:00,0
11/11/2022 3:00,0
11/11/2022 4:00,0
11/11/2022 5:00,0
11/11/2022 6:00,2.726
11/11/2022 7:00,14.777
11/11/2022 8:00,26.199
11/11/2022 9:00,30.631
11/11/2022 10:00,47.061
11/11/2022 11:00,54.891
11/11/2022 12:00,55.039
11/11/2022 13:00,28.513
11/11/2022 14:00,2.883
11/11/2022 15:00,0
11/11/2022 16:00,0
11/11/2022 17:00,0
11/11/2022 18:00,0
11/11/2022 19:00,0
11/11/2022 20:00,0
11/11/2022 21:00,0
11/11/2022 22:00,0
11/11/2022 23:00,0
11/12/2022 0:00,0
11/12/2022 1:00,0
11/12/2022 2:00,0
11/12/2022 3:00,0
11/12/2022 4:00,0
11/12/2022 5:00,0
11/12/2022 6:00,10.68
11/12/2022 7:00,62.094
11/12/2022 8:00,104.682
11/12/2022 9:00,115.084
11/12/2022 10:00,116.866
11/12/2022 11:00,109.553
11/12/2022 12:00,91.878
11/12/2022 13:00,49.514
11/12/2022 14:00,4.412
11/12/2022 15:00,0
11/12/2022 16:00,0
11/12/2022 17:00,0
11/12/2022 18:00,0
11/12/2022 19:00,0
11/12/2022 20:00,0
11/12/2022 21:00,0
11/12/2022 22:00,0
11/12/2022 23:00,0
11/13/2022 0:00,0
11/13/2022 1:00,0
11/13/2022 2:00,0
11/13/2022 3:00,0
11/13/2022 4:00,0
11/13/2022 5:00,0
11/13/2022 6:00,8.396
11/13/2022 7:00,52.743
11/13/2022 8:00,104.479
11/13/2022 9:00,125.754
11/13/2022 10:00,115.012
11/13/2022 11:00,120.171
11/13/2022 12:00,131.028
11/13/2022 13:00,67.434
11/13/2022 14:00,4.526
11/13/2022 15:00,0
11/13/2022 16:00,0
11/13/2022 17:00,0
11/13/2022 18:00,0
11/13/2022 19:00,0
11/13/2022 20:00,0
11/13/2022 21:00,0
11/13/2022 22:00,0
11/13/2022 23:00,0
11/14/2022 0:00,0
11/14/2022 1:00,0
11/14/2022 2:00,0
11/14/2022 3:00,0
11/14/2022 4:00,0
11/14/2022 5:00,0
11/14/2022 6:00,4.575
11/14/2022 7:00,32.338
11/14/2022 8:00,66.526
11/14/2022 9:00,98.718
11/14/2022 10:00,115.765
11/14/2022 11:00,109.978
11/14/2022 12:00,82.004
11/14/2022 13:00,37.136
11/14/2022 14:00,2.288
11/14/2022 15:00,0
11/14/2022 16:00,0
11/14/2022 17:00,0
11/14/2022 18:00,0
11/14/2022 19:00,0
11/14/2022 20:00,0
11/14/2022 21:00,0
11/14/2022 22:00,0
11/14/2022 23:00,0
11/15/2022 0:00,0
11/15/2022 1:00,0
11/15/2022 2:00,0
11/15/2022 3:00,0
11/15/2022 4:00,0
11/15/2022 5:00,0
11/15/2022 6:00,2.864
11/15/2022 7:00,22.828
11/15/2022 8:00,46.388
11/15/2022 9:00,65.159
11/15/2022 10:00,81.219
11/15/2022 11:00,88.423
11/15/2022 12:00,74.344
11/15/2022 13:00,34.41
11/15/2022 14:00,1.777
11/15/2022 15:00,0
11/15/2022 16:00,0
11/15/2022 17:00,0
11/15/2022 18:00,0
11/15/2022 19:00,0
11/15/2022 20:00,0
11/15/2022 21:00,0
11/15/2022 22:00,0
11/15/2022 23:00,0
11/16/2022 0:00,0
11/16/2022 1:00,0
11/16/2022 2:00,0
11/16/2022 3:00,0
11/16/2022 4:00,0
11/16/2022 5:00,0
11/16/2022 6:00,7.243
11/16/2022 7:00,59.032
11/16/2022 8:00,123.928
11/16/2022 9:00,179.923
11/16/2022 10:00,210.599
11/16/2022 11:00,194.765
11/16/2022 12:00,137.517
11/16/2022 13:00,55.737
11/16/2022 14:00,2.384
11/16/2022 15:00,0
11/16/2022 16:00,0
11/16/2022 17:00,0
11/16/2022 18:00,0
11/16/2022 19:00,0
11/16/2022 20:00,0
11/16/2022 21:00,0
11/16/2022 22:00,0
11/16/2022 23:00,0
11/17/2022 0:00,0
11/17/2022 1:00,0
11/17/2022 2:00,0
11/17/2022 3:00,0
11/17/2022 4:00,0
11/17/2022 5:00,0
11/17/2022 6:00,5.778
11/17/2022 7:00,50.93
11/17/2022 8:00,100.807
11/17/2022 9:00,130.202
11/17/2022 10:00,149.021
11/17/2022 11:00,126.337
11/17/2022 12:00,91.138
11/17/2022 13:00,36.723
11/17/2022 14:00,1.271
11/17/2022 15:00,0
11/17/2022 16:00,0
11/17/2022 17:00,0
11/17/2022 18:00,0
11/17/2022 19:00,0
11/17/2022 20:00,0
11/17/2022 21:00,0
11/17/2022 22:00,0
11/17/2022 23:00,0
11/18/2022 0:00,0
11/18/2022 1:00,0
11/18/2022 2:00,0
11/18/2022 3:00,0
11/18/2022 4:00,0
11/18/2022 5:00,0
11/18/2022 6:00,4.813
11/18/2022 7:00,51.95
11/18/2022 8:00,111.323
11/18/2022 9:00,139.825
11/18/2022 10:00,121.822
11/18/2022 11:00,83.372
11/18/2022 12:00,56.58
11/18/2022 13:00,25.787
11/18/2022 14:00,0.727
11/18/2022 15:00,0
11/18/2022 16:00,0
11/18/2022 17:00,0
11/18/2022 18:00,0
11/18/2022 19:00,0
11/18/2022 20:00,0
11/18/2022 21:00,0
11/18/2022 22:00,0
11/18/2022 23:00,0
11/19/2022 0:00,0
11/19/2022 1:00,0
11/19/2022 2:00,0
11/19/2022 3:00,0
11/19/2022 4:00,0
11/19/2022 5:00,0
11/19/2022 6:00,3.954
11/19/2022 7:00,42.034
11/19/2022 8:00,81.915
11/19/2022 9:00,105.867
11/19/2022 10:00,118.602
11/19/2022 11:00,100.467
11/19/2022 12:00,58.412
11/19/2022 13:00,18.602
11/19/2022 14:00,0.468
11/19/2022 15:00,0
11/19/2022 16:00,0
11/19/2022 17:00,0
11/19/2022 18:00,0
11/19/2022 19:00,0
11/19/2022 20:00,0
11/19/2022 21:00,0
11/19/2022 22:00,0
11/19/2022 23:00,0
11/20/2022 0:00,0
11/20/2022 1:00,0
11/20/2022 2:00,0
11/20/2022 3:00,0
11/20/2022 4:00,0
11/20/2022 5:00,0
11/20/2022 6:00,2.648
11/20/2022 7:00,32.665
11/20/2022 8:00,76.96
11/20/2022 9:00,131.297
11/20/2022 10:00,166.446
11/20/2022 11:00,159.386
11/20/2022 12:00,102.873
11/20/2022 13:00,36.136
11/20/2022 14:00,0.625
11/20/2022 15:00,0
11/20/2022 16:00,0
11/20/2022 17:00,0
11/20/2022 18:00,0
11/20/2022 19:00,0
11/20/2022 20:00,0
11/20/2022 21:00,0
11/20/2022 22:00,0
11/20/2022 23:00,0
11/21/2022 0:00,0
11/21/2022 1:00,0
11/21/2022 2:00,0
11/21/2022 3:00,0
11/21/2022 4:00,0
11/21/2022 5:00,0
11/21/2022 6:00,1.911
11/21/2022 7:00,32.611
11/21/2022 8:00,80.19
11/21/2022 9:00,114.805
11/21/2022 10:00,127.711
11/21/2022 11:00,119.271
11/21/2022 12:00,82.865
11/21/2022 13:00,28.802
11/21/2022 14:00,0.395
11/21/2022 15:00,0
11/21/2022 16:00,0
11/21/2022 17:00,0
11/21/2022 18:00,0
11/21/2022 19:00,0
11/21/2022 20:00,0
11/21/2022 21:00,0
11/21/2022 22:00,0
11/21/2022 23:00,0
11/22/2022 0:00,0
11/22/2022 1:00,0
11/22/2022 2:00,0
11/22/2022 3:00,0
11/22/2022 4:00,0
11/22/2022 5:00,0
11/22/2022 6:00,2.566
11/22/2022 7:00,42.289
11/22/2022 8:00,103.82
11/22/2022 9:00,151.363
11/22/2022 10:00,174.644
11/22/2022 11:00,151.432
11/22/2022 12:00,96.878
11/22/2022 13:00,32.315
11/22/2022 14:00,0.332
11/22/2022 15:00,0
11/22/2022 16:00,0
11/22/2022 17:00,0
11/22/2022 18:00,0
11/22/2022 19:00,0
11/22/2022 20:00,0
11/22/2022 21:00,0
11/22/2022 22:00,0
11/22/2022 23:00,0
11/23/2022 0:00,0
11/23/2022 1:00,0
11/23/2022 2:00,0
11/23/2022 3:00,0
11/23/2022 4:00,0
11/23/2022 5:00,0
11/23/2022 6:00,2.468
11/23/2022 7:00,44.985
11/23/2022 8:00,104.366
11/23/2022 9:00,146.653
11/23/2022 10:00,160.485
11/23/2022 11:00,137.678
11/23/2022 12:00,88.972
11/23/2022 13:00,28.431
11/23/2022 14:00,0.249
11/23/2022 15:00,0
11/23/2022 16:00,0
11/23/2022 17:00,0
11/23/2022 18:00,0
11/23/2022 19:00,0
11/23/2022 20:00,0
11/23/2022 21:00,0
11/23/2022 22:00,0
11/23/2022 23:00,0
11/24/2022 0:00,0
11/24/2022 1:00,0
11/24/2022 2:00,0
11/24/2022 3:00,0
11/24/2022 4:00,0
11/24/2022 5:00,0
11/24/2022 6:00,1.818
11/24/2022 7:00,34.705
11/24/2022 8:00,84.284
11/24/2022 9:00,126.294
11/24/2022 10:00,141.145
11/24/2022 11:00,124.645
11/24/2022 12:00,79.669
11/24/2022 13:00,23.658
11/24/2022 14:00,0.099
11/24/2022 15:00,0
11/24/2022 16:00,0
11/24/2022 17:00,0
11/24/2022 18:00,0
11/24/2022 19:00,0
11/24/2022 20:00,0
11/24/2022 21:00,0
11/24/2022 22:00,0
11/24/2022 23:00,0
11/25/2022 0:00,0
11/25/2022 1:00,0
11/25/2022 2:00,0
11/25/2022 3:00,0
11/25/2022 4:00,0
11/25/2022 5:00,0
11/25/2022 6:00,0.758
11/25/2022 7:00,18.744
11/25/2022 8:00,52.142
11/25/2022 9:00,86.46
11/25/2022 10:00,99.356
11/25/2022 11:00,84.495
11/25/2022 12:00,52.236
11/25/2022 13:00,15.142
11/25/2022 14:00,0.078
11/25/2022 15:00,0
11/25/2022 16:00,0
11/25/2022 17:00,0
11/25/2022 18:00,0
11/25/2022 19:00,0
11/25/2022 20:00,0
11/25/2022 21:00,0
11/25/2022 22:00,0
11/25/2022 23:00,0
11/26/2022 0:00,0
11/26/2022 1:00,0
11/26/2022 2:00,0
11/26/2022 3:00,0
11/26/2022 4:00,0
11/26/2022 5:00,0
11/26/2022 6:00,0.391
11/26/2022 7:00,12.656
11/26/2022 8:00,34.388
11/26/2022 9:00,54.776
11/26/2022 10:00,59.598
11/26/2022 11:00,48.647
11/26/2022 12:00,29.759
11/26/2022 13:00,8.606
11/26/2022 14:00,0.039
11/26/2022 15:00,0
11/26/2022 16:00,0
11/26/2022 17:00,0
11/26/2022 18:00,0
11/26/2022 19:00,0
11/26/2022 20:00,0
11/26/2022 21:00,0
11/26/2022 22:00,0
11/26/2022 23:00,0
11/27/2022 0:00,0
11/27/2022 1:00,0
11/27/2022 2:00,0
11/27/2022 3:00,0
11/27/2022 4:00,0
11/27/2022 5:00,0
11/27/2022 6:00,0.799
11/27/2022 7:00,23.885
11/27/2022 8:00,63.985
11/27/2022 9:00,98.552
11/27/2022 10:00,117.777
11/27/2022 11:00,106.038
11/27/2022 12:00,66.553
11/27/2022 13:00,17.472
11/27/2022 14:00,0.027
11/27/2022 15:00,0
11/27/2022 16:00,0
11/27/2022 17:00,0
11/27/2022 18:00,0
11/27/2022 19:00,0
11/27/2022 20:00,0
11/27/2022 21:00,0
11/27/2022 22:00,0
11/27/2022 23:00,0
11/28/2022 0:00,0
11/28/2022 1:00,0
11/28/2022 2:00,0
11/28/2022 3:00,0
11/28/2022 4:00,0
11/28/2022 5:00,0
11/28/2022 6:00,0.757
11/28/2022 7:00,29.027
11/28/2022 8:00,77.882
11/28/2022 9:00,112.189
11/28/2022 10:00,123.412
11/28/2022 11:00,108.71
11/28/2022 12:00,71.101
11/28/2022 13:00,19.035
11/28/2022 14:00,0.026
11/28/2022 15:00,0
11/28/2022 16:00,0
11/28/2022 17:00,0
11/28/2022 18:00,0
11/28/2022 19:00,0
11/28/2022 20:00,0
11/28/2022 21:00,0
11/28/2022 22:00,0
11/28/2022 23:00,0
11/29/2022 0:00,0
11/29/2022 1:00,0
11/29/2022 2:00,0
11/29/2022 3:00,0
11/29/2022 4:00,0
11/29/2022 5:00,0
11/29/2022 6:00,0.407
11/29/2022 7:00,21.333
11/29/2022 8:00,56.286
11/29/2022 9:00,76.585
11/29/2022 10:00,93.998
11/29/2022 11:00,87.563
11/29/2022 12:00,57.007
11/29/2022 13:00,15.684
11/29/2022 14:00,0.027
11/29/2022 15:00,0
11/29/2022 16:00,0
11/29/2022 17:00,0
11/29/2022 18:00,0
11/29/2022 19:00,0
11/29/2022 20:00,0
11/29/2022 21:00,0
11/29/2022 22:00,0
11/29/2022 23:00,0
11/30/2022 0:00,0
11/30/2022 1:00,0
11/30/2022 2:00,0
11/30/2022 3:00,0
11/30/2022 4:00,0
11/30/2022 5:00,0
11/30/2022 6:00,0.48
11/30/2022 7:00,27.394
11/30/2022 8:00,78.456
11/30/2022 9:00,118.294
11/30/2022 10:00,134.257
11/30/2022 11:00,117.82
11/30/2022 12:00,73.452
11/30/2022 13:00,18.232
11/30/2022 14:00,0.014
11/30/2022 15:00,0
11/30/2022 16:00,0
11/30/2022 17:00,0
11/30/2022 18:00,0
11/30/2022 19:00,0
11/30/2022 20:00,0
11/30/2022 21:00,0
11/30/2022 22:00,0
11/30/2022 23:00,0
12/1/2022 0:00,0
12/1/2022 1:00,0
12/1/2022 2:00,0
12/1/2022 3:00,0
12/1/2022 4:00,0
12/1/2022 5:00,0
12/1/2022 6:00,0.612
12/1/2022 7:00,33.26
12/1/2022 8:00,84.215
12/1/2022 9:00,114.292
12/1/2022 10:00,120.198
12/1/2022 11:00,101.905
12/1/2022 12:00,62.604
12/1/2022 13:00,15.509
12/1/2022 14:00,0.01
12/1/2022 15:00,0
12/1/2022 16:00,0
12/1/2022 17:00,0
12/1/2022 18:00,0
12/1/2022 19:00,0
12/1/2022 20:00,0
12/1/2022 21:00,0
12/1/2022 22:00,0
12/1/2022 23:00,0
12/2/2022 0:00,0
12/2/2022 1:00,0
12/2/2022 2:00,0
12/2/2022 3:00,0
12/2/2022 4:00,0
12/2/2022 5:00,0
12/2/2022 6:00,0.431
12/2/2022 7:00,28.586
12/2/2022 8:00,83.491
12/2/2022 9:00,124.516
12/2/2022 10:00,135.326
12/2/2022 11:00,113.834
12/2/2022 12:00,66.604
12/2/2022 13:00,14.637
12/2/2022 14:00,0.006
12/2/2022 15:00,0
12/2/2022 16:00,0
12/2/2022 17:00,0
12/2/2022 18:00,0
12/2/2022 19:00,0
12/2/2022 20:00,0
12/2/2022 21:00,0
12/2/2022 22:00,0
12/2/2022 23:00,0
12/3/2022 0:00,0
12/3/2022 1:00,0
12/3/2022 2:00,0
12/3/2022 3:00,0
12/3/2022 4:00,0
12/3/2022 5:00,0
12/3/2022 6:00,0.365
12/3/2022 7:00,25.416
12/3/2022 8:00,73.844
12/3/2022 9:00,111.704
12/3/2022 10:00,119.124
12/3/2022 11:00,99.355
12/3/2022 12:00,57.249
12/3/2022 13:00,12.374
12/3/2022 14:00,0.001
12/3/2022 15:00,0
12/3/2022 16:00,0
12/3/2022 17:00,0
12/3/2022 18:00,0
12/3/2022 19:00,0
12/3/2022 20:00,0
12/3/2022 21:00,0
12/3/2022 22:00,0
12/3/2022 23:00,0
12/4/2022 0:00,0
12/4/2022 1:00,0
12/4/2022 2:00,0
12/4/2022 3:00,0
12/4/2022 4:00,0
12/4/2022 5:00,0
12/4/2022 6:00,0.168
12/4/2022 7:00,15.088
12/4/2022 8:00,42.075
12/4/2022 9:00,58.696
12/4/2022 10:00,59.705
12/4/2022 11:00,45.423
12/4/2022 12:00,23.931
12/4/2022 13:00,4.677
12/4/2022 14:00,0
12/4/2022 15:00,0
12/4/2022 16:00,0
12/4/2022 17:00,0
12/4/2022 18:00,0
12/4/2022 19:00,0
12/4/2022 20:00,0
12/4/2022 21:00,0
12/4/2022 22:00,0
12/4/2022 23:00,0
12/5/2022 0:00,0
12/5/2022 1:00,0
12/5/2022 2:00,0
12/5/2022 3:00,0
12/5/2022 4:00,0
12/5/2022 5:00,0
12/5/2022 6:00,0.079
12/5/2022 7:00,19.927
12/5/2022 8:00,65.033
12/5/2022 9:00,96.179
12/5/2022 10:00,98.521
12/5/2022 11:00,78.824
12/5/2022 12:00,43.213
12/5/2022 13:00,8.645
12/5/2022 14:00,0.001
12/5/2022 15:00,0
12/5/2022 16:00,0
12/5/2022 17:00,0
12/5/2022 18:00,0
12/5/2022 19:00,0
12/5/2022 20:00,0
12/5/2022 21:00,0
12/5/2022 22:00,0
12/5/2022 23:00,0
12/6/2022 0:00,0
12/6/2022 1:00,0
12/6/2022 2:00,0
12/6/2022 3:00,0
12/6/2022 4:00,0
12/6/2022 5:00,0
12/6/2022 6:00,0.037
12/6/2022 7:00,8.479
12/6/2022 8:00,24.813
12/6/2022 9:00,35.952
12/6/2022 10:00,41.611
12/6/2022 11:00,39.414
12/6/2022 12:00,26.207
12/6/2022 13:00,5.594
12/6/2022 14:00,0
12/6/2022 15:00,0
12/6/2022 16:00,0
12/6/2022 17:00,0
12/6/2022 18:00,0
12/6/2022 19:00,0
12/6/2022 20:00,0
12/6/2022 21:00,0
12/6/2022 22:00,0
12/6/2022 23:00,0
12/7/2022 0:00,0
12/7/2022 1:00,0
12/7/2022 2:00,0
12/7/2022 3:00,0
12/7/2022 4:00,0
12/7/2022 5:00,0
12/7/2022 6:00,0.041
12/7/2022 7:00,6.165
12/7/2022 8:00,21.057
12/7/2022 9:00,34.287
12/7/2022 10:00,41.002
12/7/2022 11:00,38.011
12/7/2022 12:00,23.641
12/7/2022 13:00,4.248
12/7/2022 14:00,0
12/7/2022 15:00,0
12/7/2022 16:00,0
12/7/2022 17:00,0
12/7/2022 18:00,0
12/7/2022 19:00,0
12/7/2022 20:00,0
12/7/2022 21:00,0
12/7/2022 22:00,0
12/7/2022 23:00,0
12/8/2022 0:00,0
12/8/2022 1:00,0
12/8/2022 2:00,0
12/8/2022 3:00,0
12/8/2022 4:00,0
12/8/2022 5:00,0
12/8/2022 6:00,0.057
12/8/2022 7:00,9.461
12/8/2022 8:00,36.63
12/8/2022 9:00,63.607
12/8/2022 10:00,75.486
12/8/2022 11:00,69.37
12/8/2022 12:00,41.922
12/8/2022 13:00,6.696
12/8/2022 14:00,0
12/8/2022 15:00,0
12/8/2022 16:00,0
12/8/2022 17:00,0
12/8/2022 18:00,0
12/8/2022 19:00,0
12/8/2022 20:00,0
12/8/2022 21:00,0
12/8/2022 22:00,0
12/8/2022 23:00,0
12/9/2022 0:00,0
12/9/2022 1:00,0
12/9/2022 2:00,0
12/9/2022 3:00,0
12/9/2022 4:00,0
12/9/2022 5:00,0
12/9/2022 6:00,0.023
12/9/2022 7:00,15.941
12/9/2022 8:00,63.034
12/9/2022 9:00,102.069
12/9/2022 10:00,118.212
12/9/2022 11:00,104.326
12/9/2022 12:00,60.693
12/9/2022 13:00,10.653
12/9/2022 14:00,0
12/9/2022 15:00,0
12/9/2022 16:00,0
12/9/2022 17:00,0
12/9/2022 18:00,0
12/9/2022 19:00,0
12/9/2022 20:00,0
12/9/2022 21:00,0
12/9/2022 22:00,0
12/9/2022 23:00,0
12/10/2022 0:00,0
12/10/2022 1:00,0
12/10/2022 2:00,0
12/10/2022 3:00,0
12/10/2022 4:00,0
12/10/2022 5:00,0
12/10/2022 6:00,0.071
12/10/2022 7:00,18.198
12/10/2022 8:00,62.939
12/10/2022 9:00,92.895
12/10/2022 10:00,106.652
12/10/2022 11:00,91.813
12/10/2022 12:00,52.95
12/10/2022 13:00,8.775
12/10/2022 14:00,0
12/10/2022 15:00,0
12/10/2022 16:00,0
12/10/2022 17:00,0
12/10/2022 18:00,0
12/10/2022 19:00,0
12/10/2022 20:00,0
12/10/2022 21:00,0
12/10/2022 22:00,0
12/10/2022 23:00,0
12/11/2022 0:00,0
12/11/2022 1:00,0
12/11/2022 2:00,0
12/11/2022 3:00,0
12/11/2022 4:00,0
12/11/2022 5:00,0
12/11/2022 6:00,0.047
12/11/2022 7:00,15.017
12/11/2022 8:00,51.642
12/11/2022 9:00,75.582
12/11/2022 10:00,82.685
12/11/2022 11:00,67.924
12/11/2022 12:00,37.443
12/11/2022 13:00,6.045
12/11/2022 14:00,0
12/11/2022 15:00,0
12/11/2022 16:00,0
12/11/2022 17:00,0
12/11/2022 18:00,0
12/11/2022 19:00,0
12/11/2022 20:00,0
12/11/2022 21:00,0
12/11/2022 22:00,0
12/11/2022 23:00,0
12/12/2022 0:00,0
12/12/2022 1:00,0
12/12/2022 2:00,0
12/12/2022 3:00,0
12/12/2022 4:00,0
12/12/2022 5:00,0
12/12/2022 6:00,0.013
12/12/2022 7:00,6.1
12/12/2022 8:00,22.893
12/12/2022 9:00,36.482
12/12/2022 10:00,43.149
12/12/2022 11:00,32.081
12/12/2022 12:00,18.137
12/12/2022 13:00,3.065
12/12/2022 14:00,0
12/12/2022 15:00,0
12/12/2022 16:00,0
12/12/2022 17:00,0
12/12/2022 18:00,0
12/12/2022 19:00,0
12/12/2022 20:00,0
12/12/2022 21:00,0
12/12/2022 22:00,0
12/12/2022 23:00,0
12/13/2022 0:00,0
12/13/2022 1:00,0
12/13/2022 2:00,0
12/13/2022 3:00,0
12/13/2022 4:00,0
12/13/2022 5:00,0
12/13/2022 6:00,0.028
12/13/2022 7:00,8.754
12/13/2022 8:00,33.637
12/13/2022 9:00,53.517
12/13/2022 10:00,53.384
12/13/2022 11:00,40.43
12/13/2022 12:00,21.499
12/13/2022 13:00,2.974
12/13/2022 14:00,0
12/13/2022 15:00,0
12/13/2022 16:00,0
12/13/2022 17:00,0
12/13/2022 18:00,0
12/13/2022 19:00,0
12/13/2022 20:00,0
12/13/2022 21:00,0
12/13/2022 22:00,0
12/13/2022 23:00,0
12/14/2022 0:00,0
12/14/2022 1:00,0
12/14/2022 2:00,0
12/14/2022 3:00,0
12/14/2022 4:00,0
12/14/2022 5:00,0
12/14/2022 6:00,0.036
12/14/2022 7:00,14.837
12/14/2022 8:00,53.997
12/14/2022 9:00,78.382
12/14/2022 10:00,84.211
12/14/2022 11:00,62.106
12/14/2022 12:00,33.91
12/14/2022 13:00,5.272
12/14/2022 14:00,0
12/14/2022 15:00,0
12/14/2022 16:00,0
12/14/2022 17:00,0
12/14/2022 18:00,0
12/14/2022 19:00,0
12/14/2022 20:00,0
12/14/2022 21:00,0
12/14/2022 22:00,0
12/14/2022 23:00,0
12/15/2022 0:00,0
12/15/2022 1:00,0
12/15/2022 2:00,0
12/15/2022 3:00,0
12/15/2022 4:00,0
12/15/2022 5:00,0
12/15/2022 6:00,0.026
12/15/2022 7:00,12.844
12/15/2022 8:00,47.638
12/15/2022 9:00,73.331
12/15/2022 10:00,82.185
12/15/2022 11:00,72.24
12/15/2022 12:00,43.028
12/15/2022 13:00,6.228
12/15/2022 14:00,0
12/15/2022 15:00,0
12/15/2022 16:00,0
12/15/2022 17:00,0
12/15/2022 18:00,0
12/15/2022 19:00,0
12/15/2022 20:00,0
12/15/2022 21:00,0
12/15/2022 22:00,0
12/15/2022 23:00,0
12/16/2022 0:00,0
12/16/2022 1:00,0
12/16/2022 2:00,0
12/16/2022 3:00,0
12/16/2022 4:00,0
12/16/2022 5:00,0
12/16/2022 6:00,0.022
12/16/2022 7:00,9.923
12/16/2022 8:00,40.518
12/16/2022 9:00,65.929
12/16/2022 10:00,80.336
12/16/2022 11:00,69.239
12/16/2022 12:00,39.494
12/16/2022 13:00,6.092
12/16/2022 14:00,0
12/16/2022 15:00,0
12/16/2022 16:00,0
12/16/2022 17:00,0
12/16/2022 18:00,0
12/16/2022 19:00,0
12/16/2022 20:00,0
12/16/2022 21:00,0
12/16/2022 22:00,0
12/16/2022 23:00,0
12/17/2022 0:00,0
12/17/2022 1:00,0
12/17/2022 2:00,0
12/17/2022 3:00,0
12/17/2022 4:00,0
12/17/2022 5:00,0
12/17/2022 6:00,0.029
12/17/2022 7:00,15.09
12/17/2022 8:00,59.063
12/17/2022 9:00,93.651
12/17/2022 10:00,105.199
12/17/2022 11:00,89.379
12/17/2022 12:00,49.39
12/17/2022 13:00,7.063
12/17/2022 14:00,0
12/17/2022 15:00,0
12/17/2022 16:00,0
12/17/2022 17:00,0
12/17/2022 18:00,0
12/17/2022 19:00,0
12/17/2022 20:00,0
12/17/2022 21:00,0
12/17/2022 22:00,0
12/17/2022 23:00,0
12/18/2022 0:00,0
12/18/2022 1:00,0
12/18/2022 2:00,0
12/18/2022 3:00,0
12/18/2022 4:00,0
12/18/2022 5:00,0
12/18/2022 6:00,0.025
12/18/2022 7:00,14.89
12/18/2022 8:00,61.709
12/18/2022 9:00,100.366
12/18/2022 10:00,111.499
12/18/2022 11:00,91.774
12/18/2022 12:00,48.356
12/18/2022 13:00,6.268
12/18/2022 14:00,0
12/18/2022 15:00,0
12/18/2022 16:00,0
12/18/2022 17:00,0
12/18/2022 18:00,0
12/18/2022 19:00,0
12/18/2022 20:00,0
12/18/2022 21:00,0
12/18/2022 22:00,0
12/18/2022 23:00,0
12/19/2022 0:00,0
12/19/2022 1:00,0
12/19/2022 2:00,0
12/19/2022 3:00,0
12/19/2022 4:00,0
12/19/2022 5:00,0
12/19/2022 6:00,0.016
12/19/2022 7:00,10.829
12/19/2022 8:00,42.404
12/19/2022 9:00,67.463
12/19/2022 10:00,81.259
12/19/2022 11:00,78.112
12/19/2022 12:00,51.734
12/19/2022 13:00,8.463
12/19/2022 14:00,0
12/19/2022 15:00,0
12/19/2022 16:00,0
12/19/2022 17:00,0
12/19/2022 18:00,0
12/19/2022 19:00,0
12/19/2022 20:00,0
12/19/2022 21:00,0
12/19/2022 22:00,0
12/19/2022 23:00,0
12/20/2022 0:00,0
12/20/2022 1:00,0
12/20/2022 2:00,0
12/20/2022 3:00,0
12/20/2022 4:00,0
12/20/2022 5:00,0
12/20/2022 6:00,0.005
12/20/2022 7:00,3.792
12/20/2022 8:00,14.388
12/20/2022 9:00,20.981
12/20/2022 10:00,26.386
12/20/2022 11:00,20.792
12/20/2022 12:00,9.145
12/20/2022 13:00,0.679
12/20/2022 14:00,0
12/20/2022 15:00,0
12/20/2022 16:00,0
12/20/2022 17:00,0
12/20/2022 18:00,0
12/20/2022 19:00,0
12/20/2022 20:00,0
12/20/2022 21:00,0
12/20/2022 22:00,0
12/20/2022 23:00,0
12/21/2022 0:00,0
12/21/2022 1:00,0
12/21/2022 2:00,0
12/21/2022 3:00,0
12/21/2022 4:00,0
12/21/2022 5:00,0
12/21/2022 6:00,0.001
12/21/2022 7:00,2.273
12/21/2022 8:00,9.064
12/21/2022 9:00,16.079
12/21/2022 10:00,21.416
12/21/2022 11:00,21.713
12/21/2022 12:00,9.685
12/21/2022 13:00,1.087
12/21/2022 14:00,0
12/21/2022 15:00,0
12/21/2022 16:00,0
12/21/2022 17:00,0
12/21/2022 18:00,0
12/21/2022 19:00,0
12/21/2022 20:00,0
12/21/2022 21:00,0
12/21/2022 22:00,0
12/21/2022 23:00,0
12/22/2022 0:00,0
12/22/2022 1:00,0
12/22/2022 2:00,0
12/22/2022 3:00,0
12/22/2022 4:00,0
12/22/2022 5:00,0
12/22/2022 6:00,0.004
12/22/2022 7:00,2.638
12/22/2022 8:00,12.606
12/22/2022 9:00,21.073
12/22/2022 10:00,28.75
12/22/2022 11:00,29.437
12/22/2022 12:00,17.385
12/22/2022 13:00,2.155
12/22/2022 14:00,0
12/22/2022 15:00,0
12/22/2022 16:00,0
12/22/2022 17:00,0
12/22/2022 18:00,0
12/22/2022 19:00,0
12/22/2022 20:00,0
12/22/2022 21:00,0
12/22/2022 22:00,0
12/22/2022 23:00,0
12/23/2022 0:00,0
12/23/2022 1:00,0
12/23/2022 2:00,0
12/23/2022 3:00,0
12/23/2022 4:00,0
12/23/2022 5:00,0
12/23/2022 6:00,0.001
12/23/2022 7:00,1.237
12/23/2022 8:00,8.095
12/23/2022 9:00,15.497
12/23/2022 10:00,27.774
12/23/2022 11:00,28.435
12/23/2022 12:00,14.982
12/23/2022 13:00,1.654
12/23/2022 14:00,0
12/23/2022 15:00,0
12/23/2022 16:00,0
12/23/2022 17:00,0
12/23/2022 18:00,0
12/23/2022 19:00,0
12/23/2022 20:00,0
12/23/2022 21:00,0
12/23/2022 22:00,0
12/23/2022 23:00,0
12/24/2022 0:00,0
12/24/2022 1:00,0
12/24/2022 2:00,0
12/24/2022 3:00,0
12/24/2022 4:00,0
12/24/2022 5:00,0
12/24/2022 6:00,0.02
12/24/2022 7:00,19.376
12/24/2022 8:00,78.178
12/24/2022 9:00,123.908
12/24/2022 10:00,139.947
12/24/2022 11:00,118.83
12/24/2022 12:00,64.974
12/24/2022 13:00,8.742
12/24/2022 14:00,0
12/24/2022 15:00,0
12/24/2022 16:00,0
12/24/2022 17:00,0
12/24/2022 18:00,0
12/24/2022 19:00,0
12/24/2022 20:00,0
12/24/2022 21:00,0
12/24/2022 22:00,0
12/24/2022 23:00,0
12/25/2022 0:00,0
12/25/2022 1:00,0
12/25/2022 2:00,0
12/25/2022 3:00,0
12/25/2022 4:00,0
12/25/2022 5:00,0
12/25/2022 6:00,0.017
12/25/2022 7:00,10.525
12/25/2022 8:00,43.026
12/25/2022 9:00,75.103
12/25/2022 10:00,100.105
12/25/2022 11:00,95.776
12/25/2022 12:00,55.598
12/25/2022 13:00,7.982
12/25/2022 14:00,0
12/25/2022 15:00,0
12/25/2022 16:00,0
12/25/2022 17:00,0
12/25/2022 18:00,0
12/25/2022 19:00,0
12/25/2022 20:00,0
12/25/2022 21:00,0
12/25/2022 22:00,0
12/25/2022 23:00,0
12/26/2022 0:00,0
12/26/2022 1:00,0
12/26/2022 2:00,0
12/26/2022 3:00,0
12/26/2022 4:00,0
12/26/2022 5:00,0
12/26/2022 6:00,0.023
12/26/2022 7:00,14.371
12/26/2022 8:00,50.981
12/26/2022 9:00,73.113
12/26/2022 10:00,81.602
12/26/2022 11:00,64.876
12/26/2022 12:00,32.007
12/26/2022 13:00,3.59
12/26/2022 14:00,0
12/26/2022 15:00,0
12/26/2022 16:00,0
12/26/2022 17:00,0
12/26/2022 18:00,0
12/26/2022 19:00,0
12/26/2022 20:00,0
12/26/2022 21:00,0
12/26/2022 22:00,0
12/26/2022 23:00,0
12/27/2022 0:00,0
12/27/2022 1:00,0
12/27/2022 2:00,0
12/27/2022 3:00,0
12/27/2022 4:00,0
12/27/2022 5:00,0
12/27/2022 6:00,0.008
12/27/2022 7:00,8.47
12/27/2022 8:00,40.954
12/27/2022 9:00,71.009
12/27/2022 10:00,72.564
12/27/2022 11:00,56.097
12/27/2022 12:00,29.093
12/27/2022 13:00,3.937
12/27/2022 14:00,0
12/27/2022 15:00,0
12/27/2022 16:00,0
12/27/2022 17:00,0
12/27/2022 18:00,0
12/27/2022 19:00,0
12/27/2022 20:00,0
12/27/2022 21:00,0
12/27/2022 22:00,0
12/27/2022 23:00,0
12/28/2022 0:00,0
12/28/2022 1:00,0
12/28/2022 2:00,0
12/28/2022 3:00,0
12/28/2022 4:00,0
12/28/2022 5:00,0
12/28/2022 6:00,0.016
12/28/2022 7:00,10.009
12/28/2022 8:00,42.476
12/28/2022 9:00,66.208
12/28/2022 10:00,65.227
12/28/2022 11:00,44.745
12/28/2022 12:00,19.966
12/28/2022 13:00,1.798
12/28/2022 14:00,0
12/28/2022 15:00,0
12/28/2022 16:00,0
12/28/2022 17:00,0
12/28/2022 18:00,0
12/28/2022 19:00,0
12/28/2022 20:00,0
12/28/2022 21:00,0
12/28/2022 22:00,0
12/28/2022 23:00,0
12/29/2022 0:00,0
12/29/2022 1:00,0
12/29/2022 2:00,0
12/29/2022 3:00,0
12/29/2022 4:00,0
12/29/2022 5:00,0
12/29/2022 6:00,0.016
12/29/2022 7:00,4.956
12/29/2022 8:00,17.253
12/29/2022 9:00,26.899
12/29/2022 10:00,39.308
12/29/2022 11:00,41.206
12/29/2022 12:00,24.608
12/29/2022 13:00,3.185
12/29/2022 14:00,0
12/29/2022 15:00,0
12/29/2022 16:00,0
12/29/2022 17:00,0
12/29/2022 18:00,0
12/29/2022 19:00,0
12/29/2022 20:00,0
12/29/2022 21:00,0
12/29/2022 22:00,0
12/29/2022 23:00,0
12/30/2022 0:00,0
12/30/2022 1:00,0
12/30/2022 2:00,0
12/30/2022 3:00,0
12/30/2022 4:00,0
12/30/2022 5:00,0
12/30/2022 6:00,0.01
12/30/2022 7:00,3.057
12/30/2022 8:00,10.638
12/30/2022 9:00,15.029
12/30/2022 10:00,19.291
12/30/2022 11:00,17.885
12/30/2022 12:00,11.77
12/30/2022 13:00,1.848
12/30/2022 14:00,0
12/30/2022 15:00,0
12/30/2022 16:00,0
12/30/2022 17:00,0
12/30/2022 18:00,0
12/30/2022 19:00,0
12/30/2022 20:00,0
12/30/2022 21:00,0
12/30/2022 22:00,0
12/30/2022 23:00,0
12/31/2022 0:00,0
12/31/2022 1:00,0
12/31/2022 2:00,0
12/31/2022 3:00,0
12/31/2022 4:00,0
12/31/2022 5:00,0
12/31/2022 6:00,0.011
12/31/2022 7:00,4.533
12/31/2022 8:00,14.596
12/31/2022 9:00,20.478
12/31/2022 10:00,22.195
12/31/2022 11:00,18.79
12/31/2022 12:00,7.715
12/31/2022 13:00,0.788
12/31/2022 14:00,0
12/31/2022 15:00,0
12/31/2022 16:00,0
12/31/2022 17:00,0
12/31/2022 18:00,0
12/31/2022 19:00,0
12/31/2022 20:00,0
12/31/2022 21:00,0
12/31/2022 22:00,0
12/31/2022 23:00,0
