# Renewables.ninja Weather (hourly 1980-2022)  -  Latvia  -  renewables_ninja_country_LV_wind-speed_merra-2_pop-wtd.csv  -  Version 1.4,
# License: https://creativecommons.org/licenses/by-nc/4.0/  -  Reference: https://doi.org/10.1038/s41560-023-01341-5,
# Units: time in UTC; other columns are the wind speed at 2 metres above ground in m/s (U2M and V2M in MERRA-2) weighted by population; column names signify country ISO2 code or GADM level1 code.,
,
1/1/2022 0:00,1.67
1/1/2022 1:00,2.031
1/1/2022 2:00,2.529
1/1/2022 3:00,2.99
1/1/2022 4:00,3.393
1/1/2022 5:00,3.815
1/1/2022 6:00,4.087
1/1/2022 7:00,4.301
1/1/2022 8:00,5.004
1/1/2022 9:00,5.593
1/1/2022 10:00,5.702
1/1/2022 11:00,5.546
1/1/2022 12:00,5.106
1/1/2022 13:00,4.553
1/1/2022 14:00,4.111
1/1/2022 15:00,3.506
1/1/2022 16:00,2.843
1/1/2022 17:00,2.408
1/1/2022 18:00,2.071
1/1/2022 19:00,1.766
1/1/2022 20:00,1.495
1/1/2022 21:00,1.234
1/1/2022 22:00,1.019
1/1/2022 23:00,1.243
1/2/2022 0:00,1.614
1/2/2022 1:00,1.985
1/2/2022 2:00,2.435
1/2/2022 3:00,3.055
1/2/2022 4:00,3.755
1/2/2022 5:00,4.18
1/2/2022 6:00,4.444
1/2/2022 7:00,4.711
1/2/2022 8:00,5.032
1/2/2022 9:00,5.221
1/2/2022 10:00,5.214
1/2/2022 11:00,5.071
1/2/2022 12:00,4.867
1/2/2022 13:00,4.316
1/2/2022 14:00,3.827
1/2/2022 15:00,3.432
1/2/2022 16:00,2.936
1/2/2022 17:00,2.52
1/2/2022 18:00,2.17
1/2/2022 19:00,1.894
1/2/2022 20:00,1.664
1/2/2022 21:00,1.5
1/2/2022 22:00,1.419
1/2/2022 23:00,1.412
1/3/2022 0:00,1.358
1/3/2022 1:00,1.314
1/3/2022 2:00,1.199
1/3/2022 3:00,1.075
1/3/2022 4:00,0.977
1/3/2022 5:00,0.91
1/3/2022 6:00,1.095
1/3/2022 7:00,1.451
1/3/2022 8:00,1.935
1/3/2022 9:00,2.225
1/3/2022 10:00,2.418
1/3/2022 11:00,2.617
1/3/2022 12:00,2.873
1/3/2022 13:00,2.907
1/3/2022 14:00,2.878
1/3/2022 15:00,2.849
1/3/2022 16:00,2.719
1/3/2022 17:00,2.536
1/3/2022 18:00,2.396
1/3/2022 19:00,2.36
1/3/2022 20:00,2.365
1/3/2022 21:00,2.291
1/3/2022 22:00,2.289
1/3/2022 23:00,2.446
1/4/2022 0:00,2.709
1/4/2022 1:00,2.995
1/4/2022 2:00,3.246
1/4/2022 3:00,3.355
1/4/2022 4:00,3.59
1/4/2022 5:00,3.842
1/4/2022 6:00,3.936
1/4/2022 7:00,4.211
1/4/2022 8:00,4.28
1/4/2022 9:00,4.285
1/4/2022 10:00,4.22
1/4/2022 11:00,3.914
1/4/2022 12:00,3.666
1/4/2022 13:00,3.166
1/4/2022 14:00,3.056
1/4/2022 15:00,2.949
1/4/2022 16:00,2.977
1/4/2022 17:00,3.173
1/4/2022 18:00,3.452
1/4/2022 19:00,3.665
1/4/2022 20:00,3.719
1/4/2022 21:00,3.533
1/4/2022 22:00,3.284
1/4/2022 23:00,3.196
1/5/2022 0:00,3.21
1/5/2022 1:00,3.262
1/5/2022 2:00,3.257
1/5/2022 3:00,3.343
1/5/2022 4:00,3.457
1/5/2022 5:00,3.633
1/5/2022 6:00,3.78
1/5/2022 7:00,3.792
1/5/2022 8:00,3.943
1/5/2022 9:00,4.156
1/5/2022 10:00,4.07
1/5/2022 11:00,3.971
1/5/2022 12:00,3.998
1/5/2022 13:00,4.046
1/5/2022 14:00,4.364
1/5/2022 15:00,4.595
1/5/2022 16:00,4.836
1/5/2022 17:00,4.75
1/5/2022 18:00,4.732
1/5/2022 19:00,4.491
1/5/2022 20:00,4.213
1/5/2022 21:00,3.819
1/5/2022 22:00,3.472
1/5/2022 23:00,3.178
1/6/2022 0:00,2.849
1/6/2022 1:00,2.613
1/6/2022 2:00,2.639
1/6/2022 3:00,2.835
1/6/2022 4:00,3.11
1/6/2022 5:00,3.295
1/6/2022 6:00,3.533
1/6/2022 7:00,3.965
1/6/2022 8:00,4.548
1/6/2022 9:00,4.908
1/6/2022 10:00,5.115
1/6/2022 11:00,5.145
1/6/2022 12:00,5.05
1/6/2022 13:00,4.692
1/6/2022 14:00,4.255
1/6/2022 15:00,3.638
1/6/2022 16:00,3.155
1/6/2022 17:00,2.868
1/6/2022 18:00,2.884
1/6/2022 19:00,3.093
1/6/2022 20:00,3.414
1/6/2022 21:00,3.779
1/6/2022 22:00,4.052
1/6/2022 23:00,4.279
1/7/2022 0:00,4.6
1/7/2022 1:00,4.775
1/7/2022 2:00,4.729
1/7/2022 3:00,4.821
1/7/2022 4:00,4.839
1/7/2022 5:00,4.833
1/7/2022 6:00,4.675
1/7/2022 7:00,4.533
1/7/2022 8:00,4.392
1/7/2022 9:00,4.229
1/7/2022 10:00,3.94
1/7/2022 11:00,3.58
1/7/2022 12:00,3.031
1/7/2022 13:00,2.485
1/7/2022 14:00,2.205
1/7/2022 15:00,1.998
1/7/2022 16:00,1.844
1/7/2022 17:00,1.784
1/7/2022 18:00,1.854
1/7/2022 19:00,1.948
1/7/2022 20:00,2.097
1/7/2022 21:00,2.291
1/7/2022 22:00,2.512
1/7/2022 23:00,2.68
1/8/2022 0:00,2.885
1/8/2022 1:00,3.047
1/8/2022 2:00,3.192
1/8/2022 3:00,3.238
1/8/2022 4:00,3.293
1/8/2022 5:00,3.437
1/8/2022 6:00,3.578
1/8/2022 7:00,3.761
1/8/2022 8:00,3.957
1/8/2022 9:00,4.095
1/8/2022 10:00,4.2
1/8/2022 11:00,4.244
1/8/2022 12:00,4.2
1/8/2022 13:00,4.18
1/8/2022 14:00,4.273
1/8/2022 15:00,4.357
1/8/2022 16:00,4.381
1/8/2022 17:00,4.281
1/8/2022 18:00,4.254
1/8/2022 19:00,4.194
1/8/2022 20:00,4.166
1/8/2022 21:00,4.234
1/8/2022 22:00,4.235
1/8/2022 23:00,4.236
1/9/2022 0:00,4.31
1/9/2022 1:00,4.303
1/9/2022 2:00,4.288
1/9/2022 3:00,4.388
1/9/2022 4:00,4.386
1/9/2022 5:00,4.19
1/9/2022 6:00,4.146
1/9/2022 7:00,3.98
1/9/2022 8:00,3.849
1/9/2022 9:00,3.686
1/9/2022 10:00,3.465
1/9/2022 11:00,3.107
1/9/2022 12:00,2.588
1/9/2022 13:00,2.179
1/9/2022 14:00,1.989
1/9/2022 15:00,1.885
1/9/2022 16:00,1.826
1/9/2022 17:00,1.779
1/9/2022 18:00,1.7
1/9/2022 19:00,1.573
1/9/2022 20:00,1.387
1/9/2022 21:00,1.169
1/9/2022 22:00,0.902
1/9/2022 23:00,0.721
1/10/2022 0:00,0.678
1/10/2022 1:00,0.712
1/10/2022 2:00,0.8
1/10/2022 3:00,0.973
1/10/2022 4:00,1.095
1/10/2022 5:00,1.129
1/10/2022 6:00,1.187
1/10/2022 7:00,1.25
1/10/2022 8:00,1.339
1/10/2022 9:00,1.524
1/10/2022 10:00,1.815
1/10/2022 11:00,2.096
1/10/2022 12:00,2.131
1/10/2022 13:00,2.173
1/10/2022 14:00,2.365
1/10/2022 15:00,2.691
1/10/2022 16:00,2.865
1/10/2022 17:00,2.833
1/10/2022 18:00,2.68
1/10/2022 19:00,2.469
1/10/2022 20:00,2.266
1/10/2022 21:00,2.023
1/10/2022 22:00,1.894
1/10/2022 23:00,1.855
1/11/2022 0:00,1.84
1/11/2022 1:00,1.869
1/11/2022 2:00,1.887
1/11/2022 3:00,1.897
1/11/2022 4:00,1.903
1/11/2022 5:00,1.891
1/11/2022 6:00,1.873
1/11/2022 7:00,1.893
1/11/2022 8:00,1.985
1/11/2022 9:00,1.77
1/11/2022 10:00,1.521
1/11/2022 11:00,1.29
1/11/2022 12:00,1.131
1/11/2022 13:00,1.091
1/11/2022 14:00,1.27
1/11/2022 15:00,1.434
1/11/2022 16:00,1.58
1/11/2022 17:00,1.708
1/11/2022 18:00,1.828
1/11/2022 19:00,1.94
1/11/2022 20:00,2.036
1/11/2022 21:00,2.099
1/11/2022 22:00,2.171
1/11/2022 23:00,2.27
1/12/2022 0:00,2.376
1/12/2022 1:00,2.472
1/12/2022 2:00,2.544
1/12/2022 3:00,2.65
1/12/2022 4:00,2.773
1/12/2022 5:00,3.022
1/12/2022 6:00,3.284
1/12/2022 7:00,3.541
1/12/2022 8:00,3.788
1/12/2022 9:00,3.874
1/12/2022 10:00,3.931
1/12/2022 11:00,4.021
1/12/2022 12:00,4.014
1/12/2022 13:00,3.975
1/12/2022 14:00,4.091
1/12/2022 15:00,4.359
1/12/2022 16:00,4.402
1/12/2022 17:00,4.249
1/12/2022 18:00,4.17
1/12/2022 19:00,4.191
1/12/2022 20:00,4.325
1/12/2022 21:00,4.256
1/12/2022 22:00,4.293
1/12/2022 23:00,4.597
1/13/2022 0:00,4.799
1/13/2022 1:00,4.979
1/13/2022 2:00,5.039
1/13/2022 3:00,4.958
1/13/2022 4:00,4.988
1/13/2022 5:00,4.922
1/13/2022 6:00,4.944
1/13/2022 7:00,5.033
1/13/2022 8:00,5.052
1/13/2022 9:00,5.169
1/13/2022 10:00,5.188
1/13/2022 11:00,5.14
1/13/2022 12:00,5.159
1/13/2022 13:00,5.206
1/13/2022 14:00,5.274
1/13/2022 15:00,5.325
1/13/2022 16:00,5.419
1/13/2022 17:00,5.531
1/13/2022 18:00,5.641
1/13/2022 19:00,5.76
1/13/2022 20:00,5.869
1/13/2022 21:00,5.964
1/13/2022 22:00,6.067
1/13/2022 23:00,6.177
1/14/2022 0:00,6.341
1/14/2022 1:00,6.539
1/14/2022 2:00,7.324
1/14/2022 3:00,7.745
1/14/2022 4:00,7.725
1/14/2022 5:00,7.163
1/14/2022 6:00,7.141
1/14/2022 7:00,7.618
1/14/2022 8:00,8.479
1/14/2022 9:00,9.088
1/14/2022 10:00,9.348
1/14/2022 11:00,9.424
1/14/2022 12:00,9.557
1/14/2022 13:00,9.585
1/14/2022 14:00,9.34
1/14/2022 15:00,9
1/14/2022 16:00,8.713
1/14/2022 17:00,8.406
1/14/2022 18:00,8.162
1/14/2022 19:00,8.019
1/14/2022 20:00,7.968
1/14/2022 21:00,7.981
1/14/2022 22:00,8.069
1/14/2022 23:00,8.128
1/15/2022 0:00,8.119
1/15/2022 1:00,8.005
1/15/2022 2:00,7.822
1/15/2022 3:00,7.523
1/15/2022 4:00,7.184
1/15/2022 5:00,6.823
1/15/2022 6:00,6.457
1/15/2022 7:00,6.11
1/15/2022 8:00,5.832
1/15/2022 9:00,5.633
1/15/2022 10:00,5.514
1/15/2022 11:00,5.458
1/15/2022 12:00,5.327
1/15/2022 13:00,5.098
1/15/2022 14:00,4.9
1/15/2022 15:00,4.725
1/15/2022 16:00,4.379
1/15/2022 17:00,4.019
1/15/2022 18:00,3.715
1/15/2022 19:00,3.428
1/15/2022 20:00,3.189
1/15/2022 21:00,3.051
1/15/2022 22:00,3.06
1/15/2022 23:00,3.1
1/16/2022 0:00,3.095
1/16/2022 1:00,3.116
1/16/2022 2:00,3.241
1/16/2022 3:00,3.574
1/16/2022 4:00,3.878
1/16/2022 5:00,4.159
1/16/2022 6:00,4.479
1/16/2022 7:00,4.788
1/16/2022 8:00,4.903
1/16/2022 9:00,5.139
1/16/2022 10:00,5.372
1/16/2022 11:00,5.597
1/16/2022 12:00,5.748
1/16/2022 13:00,5.963
1/16/2022 14:00,6.319
1/16/2022 15:00,6.77
1/16/2022 16:00,7.015
1/16/2022 17:00,7.058
1/16/2022 18:00,7.148
1/16/2022 19:00,6.891
1/16/2022 20:00,6.392
1/16/2022 21:00,5.924
1/16/2022 22:00,5.581
1/16/2022 23:00,5.639
1/17/2022 0:00,5.671
1/17/2022 1:00,6.021
1/17/2022 2:00,6.272
1/17/2022 3:00,6.592
1/17/2022 4:00,6.624
1/17/2022 5:00,7.364
1/17/2022 6:00,7.762
1/17/2022 7:00,7.756
1/17/2022 8:00,8.196
1/17/2022 9:00,8.632
1/17/2022 10:00,8.604
1/17/2022 11:00,9.406
1/17/2022 12:00,10.285
1/17/2022 13:00,10.206
1/17/2022 14:00,9.713
1/17/2022 15:00,9.031
1/17/2022 16:00,7.92
1/17/2022 17:00,6.953
1/17/2022 18:00,6.383
1/17/2022 19:00,6.048
1/17/2022 20:00,5.918
1/17/2022 21:00,5.985
1/17/2022 22:00,6.173
1/17/2022 23:00,6.287
1/18/2022 0:00,6.38
1/18/2022 1:00,5.84
1/18/2022 2:00,5.276
1/18/2022 3:00,4.842
1/18/2022 4:00,4.38
1/18/2022 5:00,3.948
1/18/2022 6:00,3.683
1/18/2022 7:00,3.708
1/18/2022 8:00,3.83
1/18/2022 9:00,3.644
1/18/2022 10:00,3.566
1/18/2022 11:00,3.488
1/18/2022 12:00,2.752
1/18/2022 13:00,2.181
1/18/2022 14:00,1.938
1/18/2022 15:00,1.87
1/18/2022 16:00,2.019
1/18/2022 17:00,2.464
1/18/2022 18:00,3.034
1/18/2022 19:00,3.655
1/18/2022 20:00,4.156
1/18/2022 21:00,4.472
1/18/2022 22:00,4.587
1/18/2022 23:00,4.46
1/19/2022 0:00,4.416
1/19/2022 1:00,4.329
1/19/2022 2:00,3.994
1/19/2022 3:00,3.953
1/19/2022 4:00,4.005
1/19/2022 5:00,4.043
1/19/2022 6:00,4.08
1/19/2022 7:00,4.245
1/19/2022 8:00,4.572
1/19/2022 9:00,4.781
1/19/2022 10:00,4.939
1/19/2022 11:00,4.922
1/19/2022 12:00,4.891
1/19/2022 13:00,4.981
1/19/2022 14:00,5.151
1/19/2022 15:00,5.265
1/19/2022 16:00,5.264
1/19/2022 17:00,5.279
1/19/2022 18:00,5.365
1/19/2022 19:00,5.447
1/19/2022 20:00,5.57
1/19/2022 21:00,5.691
1/19/2022 22:00,5.994
1/19/2022 23:00,6.315
1/20/2022 0:00,6.523
1/20/2022 1:00,6.707
1/20/2022 2:00,6.735
1/20/2022 3:00,6.735
1/20/2022 4:00,6.586
1/20/2022 5:00,6.415
1/20/2022 6:00,6.354
1/20/2022 7:00,6.436
1/20/2022 8:00,6.567
1/20/2022 9:00,6.538
1/20/2022 10:00,6.563
1/20/2022 11:00,6.728
1/20/2022 12:00,6.884
1/20/2022 13:00,6.968
1/20/2022 14:00,6.924
1/20/2022 15:00,6.889
1/20/2022 16:00,6.777
1/20/2022 17:00,6.806
1/20/2022 18:00,7.168
1/20/2022 19:00,7.665
1/20/2022 20:00,7.833
1/20/2022 21:00,7.751
1/20/2022 22:00,7.645
1/20/2022 23:00,7.557
1/21/2022 0:00,7.506
1/21/2022 1:00,7.436
1/21/2022 2:00,7.378
1/21/2022 3:00,7.277
1/21/2022 4:00,7.152
1/21/2022 5:00,7.182
1/21/2022 6:00,7.236
1/21/2022 7:00,7.324
1/21/2022 8:00,7.512
1/21/2022 9:00,7.603
1/21/2022 10:00,7.602
1/21/2022 11:00,7.55
1/21/2022 12:00,7.387
1/21/2022 13:00,7.136
1/21/2022 14:00,6.843
1/21/2022 15:00,6.645
1/21/2022 16:00,6.502
1/21/2022 17:00,6.344
1/21/2022 18:00,6.193
1/21/2022 19:00,6.062
1/21/2022 20:00,5.945
1/21/2022 21:00,5.8
1/21/2022 22:00,5.545
1/21/2022 23:00,5.355
1/22/2022 0:00,5.179
1/22/2022 1:00,5.069
1/22/2022 2:00,4.811
1/22/2022 3:00,4.575
1/22/2022 4:00,4.626
1/22/2022 5:00,4.463
1/22/2022 6:00,4.195
1/22/2022 7:00,4.185
1/22/2022 8:00,4.317
1/22/2022 9:00,4.376
1/22/2022 10:00,4.451
1/22/2022 11:00,4.531
1/22/2022 12:00,4.485
1/22/2022 13:00,4.159
1/22/2022 14:00,3.962
1/22/2022 15:00,3.94
1/22/2022 16:00,3.89
1/22/2022 17:00,3.536
1/22/2022 18:00,3.11
1/22/2022 19:00,2.687
1/22/2022 20:00,2.251
1/22/2022 21:00,1.921
1/22/2022 22:00,1.729
1/22/2022 23:00,1.559
1/23/2022 0:00,1.446
1/23/2022 1:00,1.231
1/23/2022 2:00,1.032
1/23/2022 3:00,0.902
1/23/2022 4:00,0.664
1/23/2022 5:00,0.628
1/23/2022 6:00,0.925
1/23/2022 7:00,1.246
1/23/2022 8:00,1.64
1/23/2022 9:00,2.214
1/23/2022 10:00,2.543
1/23/2022 11:00,2.666
1/23/2022 12:00,2.698
1/23/2022 13:00,2.615
1/23/2022 14:00,2.712
1/23/2022 15:00,3.039
1/23/2022 16:00,3.276
1/23/2022 17:00,3.433
1/23/2022 18:00,3.495
1/23/2022 19:00,3.621
1/23/2022 20:00,3.763
1/23/2022 21:00,3.939
1/23/2022 22:00,4.157
1/23/2022 23:00,4.327
1/24/2022 0:00,4.404
1/24/2022 1:00,4.315
1/24/2022 2:00,4.383
1/24/2022 3:00,4.486
1/24/2022 4:00,4.609
1/24/2022 5:00,4.726
1/24/2022 6:00,4.842
1/24/2022 7:00,5.037
1/24/2022 8:00,5.186
1/24/2022 9:00,5.271
1/24/2022 10:00,5.301
1/24/2022 11:00,5.328
1/24/2022 12:00,5.324
1/24/2022 13:00,5.059
1/24/2022 14:00,4.795
1/24/2022 15:00,4.692
1/24/2022 16:00,4.533
1/24/2022 17:00,4.23
1/24/2022 18:00,4.261
1/24/2022 19:00,4.079
1/24/2022 20:00,4.003
1/24/2022 21:00,3.949
1/24/2022 22:00,3.891
1/24/2022 23:00,3.832
1/25/2022 0:00,3.776
1/25/2022 1:00,3.658
1/25/2022 2:00,3.565
1/25/2022 3:00,3.456
1/25/2022 4:00,3.221
1/25/2022 5:00,2.983
1/25/2022 6:00,2.781
1/25/2022 7:00,2.679
1/25/2022 8:00,2.639
1/25/2022 9:00,2.685
1/25/2022 10:00,2.802
1/25/2022 11:00,2.863
1/25/2022 12:00,2.772
1/25/2022 13:00,2.572
1/25/2022 14:00,2.469
1/25/2022 15:00,2.493
1/25/2022 16:00,2.534
1/25/2022 17:00,2.403
1/25/2022 18:00,2.246
1/25/2022 19:00,1.9
1/25/2022 20:00,1.543
1/25/2022 21:00,1.182
1/25/2022 22:00,0.879
1/25/2022 23:00,0.803
1/26/2022 0:00,0.821
1/26/2022 1:00,0.959
1/26/2022 2:00,1.103
1/26/2022 3:00,1.299
1/26/2022 4:00,1.549
1/26/2022 5:00,1.866
1/26/2022 6:00,2.233
1/26/2022 7:00,2.784
1/26/2022 8:00,3.496
1/26/2022 9:00,3.753
1/26/2022 10:00,3.968
1/26/2022 11:00,4.081
1/26/2022 12:00,4.014
1/26/2022 13:00,3.935
1/26/2022 14:00,4.18
1/26/2022 15:00,4.61
1/26/2022 16:00,4.673
1/26/2022 17:00,4.56
1/26/2022 18:00,4.431
1/26/2022 19:00,4.221
1/26/2022 20:00,3.967
1/26/2022 21:00,3.702
1/26/2022 22:00,3.576
1/26/2022 23:00,3.624
1/27/2022 0:00,3.722
1/27/2022 1:00,3.706
1/27/2022 2:00,3.623
1/27/2022 3:00,3.695
1/27/2022 4:00,3.728
1/27/2022 5:00,3.698
1/27/2022 6:00,3.916
1/27/2022 7:00,4.09
1/27/2022 8:00,4.239
1/27/2022 9:00,4.307
1/27/2022 10:00,4.535
1/27/2022 11:00,4.678
1/27/2022 12:00,4.949
1/27/2022 13:00,5.29
1/27/2022 14:00,5.425
1/27/2022 15:00,5.416
1/27/2022 16:00,5.372
1/27/2022 17:00,5.296
1/27/2022 18:00,5.05
1/27/2022 19:00,4.859
1/27/2022 20:00,4.624
1/27/2022 21:00,4.231
1/27/2022 22:00,3.918
1/27/2022 23:00,3.655
1/28/2022 0:00,3.36
1/28/2022 1:00,2.99
1/28/2022 2:00,2.672
1/28/2022 3:00,2.638
1/28/2022 4:00,3.222
1/28/2022 5:00,3.949
1/28/2022 6:00,4.678
1/28/2022 7:00,5.207
1/28/2022 8:00,5.594
1/28/2022 9:00,6.093
1/28/2022 10:00,6.477
1/28/2022 11:00,6.795
1/28/2022 12:00,6.917
1/28/2022 13:00,6.883
1/28/2022 14:00,6.752
1/28/2022 15:00,6.674
1/28/2022 16:00,6.58
1/28/2022 17:00,6.364
1/28/2022 18:00,6.055
1/28/2022 19:00,5.715
1/28/2022 20:00,5.395
1/28/2022 21:00,5.072
1/28/2022 22:00,4.794
1/28/2022 23:00,4.315
1/29/2022 0:00,3.682
1/29/2022 1:00,2.989
1/29/2022 2:00,2.41
1/29/2022 3:00,2.105
1/29/2022 4:00,2.103
1/29/2022 5:00,2.418
1/29/2022 6:00,2.795
1/29/2022 7:00,3.399
1/29/2022 8:00,3.988
1/29/2022 9:00,4.383
1/29/2022 10:00,4.687
1/29/2022 11:00,4.966
1/29/2022 12:00,5.393
1/29/2022 13:00,6.035
1/29/2022 14:00,6.614
1/29/2022 15:00,7.285
1/29/2022 16:00,7.725
1/29/2022 17:00,8.061
1/29/2022 18:00,8.5
1/29/2022 19:00,8.414
1/29/2022 20:00,8.231
1/29/2022 21:00,7.869
1/29/2022 22:00,7.769
1/29/2022 23:00,7.334
1/30/2022 0:00,7.025
1/30/2022 1:00,6.807
1/30/2022 2:00,6.545
1/30/2022 3:00,6.243
1/30/2022 4:00,5.814
1/30/2022 5:00,5.387
1/30/2022 6:00,5.287
1/30/2022 7:00,5.282
1/30/2022 8:00,5.326
1/30/2022 9:00,5.266
1/30/2022 10:00,4.999
1/30/2022 11:00,4.435
1/30/2022 12:00,3.724
1/30/2022 13:00,3.341
1/30/2022 14:00,3.9
1/30/2022 15:00,4.41
1/30/2022 16:00,4.863
1/30/2022 17:00,5.144
1/30/2022 18:00,5.26
1/30/2022 19:00,5.486
1/30/2022 20:00,5.882
1/30/2022 21:00,5.94
1/30/2022 22:00,5.898
1/30/2022 23:00,5.806
1/31/2022 0:00,5.691
1/31/2022 1:00,5.609
1/31/2022 2:00,5.533
1/31/2022 3:00,5.423
1/31/2022 4:00,5.218
1/31/2022 5:00,4.98
1/31/2022 6:00,4.686
1/31/2022 7:00,4.505
1/31/2022 8:00,4.528
1/31/2022 9:00,4.682
1/31/2022 10:00,4.725
1/31/2022 11:00,4.673
1/31/2022 12:00,4.545
1/31/2022 13:00,4.354
1/31/2022 14:00,4.172
1/31/2022 15:00,4.084
1/31/2022 16:00,4.043
1/31/2022 17:00,3.921
1/31/2022 18:00,3.826
1/31/2022 19:00,3.729
1/31/2022 20:00,3.538
1/31/2022 21:00,3.447
1/31/2022 22:00,3.318
1/31/2022 23:00,3.149
2/1/2022 0:00,3.206
2/1/2022 1:00,3.444
2/1/2022 2:00,3.535
2/1/2022 3:00,3.355
2/1/2022 4:00,2.889
2/1/2022 5:00,2.483
2/1/2022 6:00,2.374
2/1/2022 7:00,2.476
2/1/2022 8:00,2.687
2/1/2022 9:00,2.906
2/1/2022 10:00,2.956
2/1/2022 11:00,2.876
2/1/2022 12:00,2.636
2/1/2022 13:00,2.184
2/1/2022 14:00,1.806
2/1/2022 15:00,1.613
2/1/2022 16:00,1.462
2/1/2022 17:00,1.379
2/1/2022 18:00,1.378
2/1/2022 19:00,1.434
2/1/2022 20:00,1.52
2/1/2022 21:00,1.571
2/1/2022 22:00,1.593
2/1/2022 23:00,1.665
2/2/2022 0:00,1.741
2/2/2022 1:00,1.784
2/2/2022 2:00,1.816
2/2/2022 3:00,1.835
2/2/2022 4:00,1.869
2/2/2022 5:00,1.92
2/2/2022 6:00,1.986
2/2/2022 7:00,2.139
2/2/2022 8:00,2.469
2/2/2022 9:00,2.523
2/2/2022 10:00,2.463
2/2/2022 11:00,2.368
2/2/2022 12:00,2.092
2/2/2022 13:00,1.613
2/2/2022 14:00,1.51
2/2/2022 15:00,1.565
2/2/2022 16:00,1.525
2/2/2022 17:00,1.427
2/2/2022 18:00,1.328
2/2/2022 19:00,1.22
2/2/2022 20:00,1.107
2/2/2022 21:00,1.036
2/2/2022 22:00,1.024
2/2/2022 23:00,1.156
2/3/2022 0:00,1.384
2/3/2022 1:00,1.544
2/3/2022 2:00,1.595
2/3/2022 3:00,1.586
2/3/2022 4:00,1.556
2/3/2022 5:00,1.5
2/3/2022 6:00,1.462
2/3/2022 7:00,1.479
2/3/2022 8:00,1.638
2/3/2022 9:00,1.754
2/3/2022 10:00,1.727
2/3/2022 11:00,1.586
2/3/2022 12:00,1.295
2/3/2022 13:00,1.153
2/3/2022 14:00,1.349
2/3/2022 15:00,1.608
2/3/2022 16:00,1.745
2/3/2022 17:00,1.806
2/3/2022 18:00,1.805
2/3/2022 19:00,1.777
2/3/2022 20:00,1.857
2/3/2022 21:00,1.983
2/3/2022 22:00,1.968
2/3/2022 23:00,1.955
2/4/2022 0:00,2.196
2/4/2022 1:00,2.636
2/4/2022 2:00,3.086
2/4/2022 3:00,3.42
2/4/2022 4:00,3.764
2/4/2022 5:00,4.14
2/4/2022 6:00,4.459
2/4/2022 7:00,4.854
2/4/2022 8:00,5.076
2/4/2022 9:00,5.162
2/4/2022 10:00,5.23
2/4/2022 11:00,5.3
2/4/2022 12:00,5.221
2/4/2022 13:00,5.115
2/4/2022 14:00,5
2/4/2022 15:00,5
2/4/2022 16:00,5.032
2/4/2022 17:00,5.164
2/4/2022 18:00,5.268
2/4/2022 19:00,5.464
2/4/2022 20:00,5.373
2/4/2022 21:00,5.48
2/4/2022 22:00,5.663
2/4/2022 23:00,5.661
2/5/2022 0:00,5.606
2/5/2022 1:00,5.63
2/5/2022 2:00,5.483
2/5/2022 3:00,5.581
2/5/2022 4:00,5.384
2/5/2022 5:00,5.08
2/5/2022 6:00,4.934
2/5/2022 7:00,4.714
2/5/2022 8:00,4.347
2/5/2022 9:00,4.032
2/5/2022 10:00,4.075
2/5/2022 11:00,4.296
2/5/2022 12:00,4.578
2/5/2022 13:00,4.708
2/5/2022 14:00,4.84
2/5/2022 15:00,4.73
2/5/2022 16:00,4.56
2/5/2022 17:00,4.547
2/5/2022 18:00,4.51
2/5/2022 19:00,4.504
2/5/2022 20:00,4.432
2/5/2022 21:00,4.41
2/5/2022 22:00,4.29
2/5/2022 23:00,4.325
2/6/2022 0:00,4.352
2/6/2022 1:00,4.424
2/6/2022 2:00,4.549
2/6/2022 3:00,4.633
2/6/2022 4:00,4.927
2/6/2022 5:00,5.402
2/6/2022 6:00,5.804
2/6/2022 7:00,6.013
2/6/2022 8:00,6.147
2/6/2022 9:00,6.197
2/6/2022 10:00,6.063
2/6/2022 11:00,5.854
2/6/2022 12:00,5.677
2/6/2022 13:00,5.451
2/6/2022 14:00,5.217
2/6/2022 15:00,4.889
2/6/2022 16:00,4.677
2/6/2022 17:00,4.352
2/6/2022 18:00,3.98
2/6/2022 19:00,3.659
2/6/2022 20:00,3.534
2/6/2022 21:00,3.426
2/6/2022 22:00,3.182
2/6/2022 23:00,2.995
2/7/2022 0:00,2.895
2/7/2022 1:00,2.699
2/7/2022 2:00,2.489
2/7/2022 3:00,2.354
2/7/2022 4:00,2.465
2/7/2022 5:00,2.808
2/7/2022 6:00,3.132
2/7/2022 7:00,3.525
2/7/2022 8:00,3.761
2/7/2022 9:00,3.812
2/7/2022 10:00,3.878
2/7/2022 11:00,4
2/7/2022 12:00,4.084
2/7/2022 13:00,4.061
2/7/2022 14:00,3.873
2/7/2022 15:00,3.763
2/7/2022 16:00,3.603
2/7/2022 17:00,3.543
2/7/2022 18:00,3.558
2/7/2022 19:00,3.645
2/7/2022 20:00,3.791
2/7/2022 21:00,3.857
2/7/2022 22:00,3.884
2/7/2022 23:00,3.851
2/8/2022 0:00,3.755
2/8/2022 1:00,3.818
2/8/2022 2:00,3.813
2/8/2022 3:00,3.576
2/8/2022 4:00,3.181
2/8/2022 5:00,2.978
2/8/2022 6:00,3.001
2/8/2022 7:00,3.512
2/8/2022 8:00,3.895
2/8/2022 9:00,4.087
2/8/2022 10:00,4.319
2/8/2022 11:00,4.457
2/8/2022 12:00,4.755
2/8/2022 13:00,5.117
2/8/2022 14:00,5.146
2/8/2022 15:00,5.031
2/8/2022 16:00,4.876
2/8/2022 17:00,4.965
2/8/2022 18:00,5.105
2/8/2022 19:00,5.05
2/8/2022 20:00,5.048
2/8/2022 21:00,5.032
2/8/2022 22:00,4.833
2/8/2022 23:00,4.6
2/9/2022 0:00,4.382
2/9/2022 1:00,4.022
2/9/2022 2:00,3.677
2/9/2022 3:00,3.605
2/9/2022 4:00,3.596
2/9/2022 5:00,3.543
2/9/2022 6:00,3.609
2/9/2022 7:00,3.891
2/9/2022 8:00,4.115
2/9/2022 9:00,4.38
2/9/2022 10:00,4.54
2/9/2022 11:00,4.652
2/9/2022 12:00,4.685
2/9/2022 13:00,4.762
2/9/2022 14:00,4.953
2/9/2022 15:00,5.14
2/9/2022 16:00,5.214
2/9/2022 17:00,5.378
2/9/2022 18:00,5.508
2/9/2022 19:00,5.561
2/9/2022 20:00,5.587
2/9/2022 21:00,5.906
2/9/2022 22:00,6.201
2/9/2022 23:00,6.152
2/10/2022 0:00,6.007
2/10/2022 1:00,5.743
2/10/2022 2:00,5.433
2/10/2022 3:00,5.031
2/10/2022 4:00,4.75
2/10/2022 5:00,4.805
2/10/2022 6:00,5.069
2/10/2022 7:00,5.142
2/10/2022 8:00,5.273
2/10/2022 9:00,5.475
2/10/2022 10:00,5.714
2/10/2022 11:00,5.828
2/10/2022 12:00,5.778
2/10/2022 13:00,5.529
2/10/2022 14:00,5.308
2/10/2022 15:00,5.194
2/10/2022 16:00,4.973
2/10/2022 17:00,4.801
2/10/2022 18:00,4.572
2/10/2022 19:00,4.38
2/10/2022 20:00,4.224
2/10/2022 21:00,4.123
2/10/2022 22:00,3.919
2/10/2022 23:00,3.886
2/11/2022 0:00,3.898
2/11/2022 1:00,3.952
2/11/2022 2:00,3.898
2/11/2022 3:00,3.88
2/11/2022 4:00,3.894
2/11/2022 5:00,3.853
2/11/2022 6:00,3.843
2/11/2022 7:00,4.027
2/11/2022 8:00,4.209
2/11/2022 9:00,4.062
2/11/2022 10:00,3.856
2/11/2022 11:00,3.596
2/11/2022 12:00,3.31
2/11/2022 13:00,3.019
2/11/2022 14:00,2.769
2/11/2022 15:00,2.58
2/11/2022 16:00,2.435
2/11/2022 17:00,2.332
2/11/2022 18:00,2.344
2/11/2022 19:00,2.535
2/11/2022 20:00,2.674
2/11/2022 21:00,2.766
2/11/2022 22:00,2.804
2/11/2022 23:00,2.848
2/12/2022 0:00,2.925
2/12/2022 1:00,2.935
2/12/2022 2:00,2.902
2/12/2022 3:00,2.997
2/12/2022 4:00,3.334
2/12/2022 5:00,3.888
2/12/2022 6:00,4.645
2/12/2022 7:00,5.229
2/12/2022 8:00,5.792
2/12/2022 9:00,6.397
2/12/2022 10:00,6.488
2/12/2022 11:00,6.561
2/12/2022 12:00,6.58
2/12/2022 13:00,6.482
2/12/2022 14:00,6.482
2/12/2022 15:00,6.606
2/12/2022 16:00,6.672
2/12/2022 17:00,6.721
2/12/2022 18:00,6.747
2/12/2022 19:00,6.676
2/12/2022 20:00,6.639
2/12/2022 21:00,6.518
2/12/2022 22:00,6.262
2/12/2022 23:00,5.995
2/13/2022 0:00,5.548
2/13/2022 1:00,5.178
2/13/2022 2:00,5.145
2/13/2022 3:00,5.329
2/13/2022 4:00,5.566
2/13/2022 5:00,5.671
2/13/2022 6:00,5.767
2/13/2022 7:00,5.992
2/13/2022 8:00,6.168
2/13/2022 9:00,6.207
2/13/2022 10:00,6.227
2/13/2022 11:00,6.24
2/13/2022 12:00,6.218
2/13/2022 13:00,6.115
2/13/2022 14:00,6.038
2/13/2022 15:00,6.068
2/13/2022 16:00,6.019
2/13/2022 17:00,5.959
2/13/2022 18:00,5.91
2/13/2022 19:00,5.788
2/13/2022 20:00,5.392
2/13/2022 21:00,5.188
2/13/2022 22:00,5.123
2/13/2022 23:00,4.912
2/14/2022 0:00,4.659
2/14/2022 1:00,4.581
2/14/2022 2:00,4.599
2/14/2022 3:00,4.674
2/14/2022 4:00,4.804
2/14/2022 5:00,4.934
2/14/2022 6:00,5.188
2/14/2022 7:00,5.368
2/14/2022 8:00,5.444
2/14/2022 9:00,5.521
2/14/2022 10:00,5.273
2/14/2022 11:00,5.186
2/14/2022 12:00,5.193
2/14/2022 13:00,5.22
2/14/2022 14:00,5.253
2/14/2022 15:00,5.392
2/14/2022 16:00,5.535
2/14/2022 17:00,5.579
2/14/2022 18:00,5.523
2/14/2022 19:00,5.434
2/14/2022 20:00,5.348
2/14/2022 21:00,5.194
2/14/2022 22:00,4.887
2/14/2022 23:00,4.538
2/15/2022 0:00,4.335
2/15/2022 1:00,4.254
2/15/2022 2:00,4.2
2/15/2022 3:00,4.273
2/15/2022 4:00,4.557
2/15/2022 5:00,4.793
2/15/2022 6:00,5.175
2/15/2022 7:00,5.394
2/15/2022 8:00,5.601
2/15/2022 9:00,5.635
2/15/2022 10:00,5.468
2/15/2022 11:00,5.23
2/15/2022 12:00,4.956
2/15/2022 13:00,4.83
2/15/2022 14:00,4.85
2/15/2022 15:00,4.884
2/15/2022 16:00,5.004
2/15/2022 17:00,5.168
2/15/2022 18:00,5.081
2/15/2022 19:00,5.207
2/15/2022 20:00,5.216
2/15/2022 21:00,5.038
2/15/2022 22:00,4.813
2/15/2022 23:00,4.491
2/16/2022 0:00,4.186
2/16/2022 1:00,3.888
2/16/2022 2:00,3.709
2/16/2022 3:00,3.966
2/16/2022 4:00,4.428
2/16/2022 5:00,4.837
2/16/2022 6:00,5.32
2/16/2022 7:00,5.402
2/16/2022 8:00,5.688
2/16/2022 9:00,5.712
2/16/2022 10:00,5.496
2/16/2022 11:00,5.31
2/16/2022 12:00,5.231
2/16/2022 13:00,4.969
2/16/2022 14:00,4.702
2/16/2022 15:00,4.51
2/16/2022 16:00,4.503
2/16/2022 17:00,4.8
2/16/2022 18:00,5.306
2/16/2022 19:00,5.902
2/16/2022 20:00,6.409
2/16/2022 21:00,6.872
2/16/2022 22:00,7.004
2/16/2022 23:00,7.125
2/17/2022 0:00,7.041
2/17/2022 1:00,6.731
2/17/2022 2:00,6.426
2/17/2022 3:00,6.154
2/17/2022 4:00,6.297
2/17/2022 5:00,6.813
2/17/2022 6:00,7.257
2/17/2022 7:00,7.142
2/17/2022 8:00,6.752
2/17/2022 9:00,6.471
2/17/2022 10:00,6.268
2/17/2022 11:00,6.356
2/17/2022 12:00,6.168
2/17/2022 13:00,6.022
2/17/2022 14:00,6.555
2/17/2022 15:00,7.331
2/17/2022 16:00,8.034
2/17/2022 17:00,8.381
2/17/2022 18:00,8.388
2/17/2022 19:00,8.041
2/17/2022 20:00,7.422
2/17/2022 21:00,6.805
2/17/2022 22:00,6.239
2/17/2022 23:00,5.841
2/18/2022 0:00,5.532
2/18/2022 1:00,5.242
2/18/2022 2:00,4.898
2/18/2022 3:00,4.67
2/18/2022 4:00,4.606
2/18/2022 5:00,4.584
2/18/2022 6:00,4.683
2/18/2022 7:00,4.822
2/18/2022 8:00,5.074
2/18/2022 9:00,5.178
2/18/2022 10:00,5.39
2/18/2022 11:00,5.349
2/18/2022 12:00,5.15
2/18/2022 13:00,4.932
2/18/2022 14:00,4.91
2/18/2022 15:00,4.891
2/18/2022 16:00,4.958
2/18/2022 17:00,5.135
2/18/2022 18:00,4.973
2/18/2022 19:00,4.841
2/18/2022 20:00,4.695
2/18/2022 21:00,4.604
2/18/2022 22:00,4.837
2/18/2022 23:00,5.326
2/19/2022 0:00,5.747
2/19/2022 1:00,6.002
2/19/2022 2:00,5.779
2/19/2022 3:00,5.634
2/19/2022 4:00,5.777
2/19/2022 5:00,6.127
2/19/2022 6:00,6.057
2/19/2022 7:00,6.184
2/19/2022 8:00,6.594
2/19/2022 9:00,6.509
2/19/2022 10:00,6.235
2/19/2022 11:00,5.843
2/19/2022 12:00,5.624
2/19/2022 13:00,5.537
2/19/2022 14:00,5.663
2/19/2022 15:00,6.208
2/19/2022 16:00,6.688
2/19/2022 17:00,7.011
2/19/2022 18:00,6.768
2/19/2022 19:00,6.257
2/19/2022 20:00,5.56
2/19/2022 21:00,5.028
2/19/2022 22:00,4.505
2/19/2022 23:00,4.057
2/20/2022 0:00,3.803
2/20/2022 1:00,3.774
2/20/2022 2:00,3.894
2/20/2022 3:00,4.238
2/20/2022 4:00,4.673
2/20/2022 5:00,4.952
2/20/2022 6:00,5.239
2/20/2022 7:00,5.71
2/20/2022 8:00,5.971
2/20/2022 9:00,6.102
2/20/2022 10:00,5.766
2/20/2022 11:00,5.331
2/20/2022 12:00,4.84
2/20/2022 13:00,4.358
2/20/2022 14:00,3.896
2/20/2022 15:00,3.497
2/20/2022 16:00,3.411
2/20/2022 17:00,3.18
2/20/2022 18:00,3.005
2/20/2022 19:00,3.047
2/20/2022 20:00,3.063
2/20/2022 21:00,3.023
2/20/2022 22:00,3.043
2/20/2022 23:00,3.299
2/21/2022 0:00,3.718
2/21/2022 1:00,4.115
2/21/2022 2:00,4.601
2/21/2022 3:00,5.001
2/21/2022 4:00,5.339
2/21/2022 5:00,5.842
2/21/2022 6:00,6.124
2/21/2022 7:00,6.084
2/21/2022 8:00,5.904
2/21/2022 9:00,5.799
2/21/2022 10:00,5.715
2/21/2022 11:00,5.449
2/21/2022 12:00,5.617
2/21/2022 13:00,5.962
2/21/2022 14:00,6.421
2/21/2022 15:00,6.769
2/21/2022 16:00,6.928
2/21/2022 17:00,7.111
2/21/2022 18:00,7.293
2/21/2022 19:00,7.347
2/21/2022 20:00,7.285
2/21/2022 21:00,7.097
2/21/2022 22:00,6.865
2/21/2022 23:00,6.42
2/22/2022 0:00,5.957
2/22/2022 1:00,5.408
2/22/2022 2:00,5.051
2/22/2022 3:00,4.779
2/22/2022 4:00,4.4
2/22/2022 5:00,4.216
2/22/2022 6:00,4.75
2/22/2022 7:00,5.205
2/22/2022 8:00,5.873
2/22/2022 9:00,6.358
2/22/2022 10:00,6.536
2/22/2022 11:00,6.731
2/22/2022 12:00,6.825
2/22/2022 13:00,6.554
2/22/2022 14:00,6.211
2/22/2022 15:00,5.927
2/22/2022 16:00,5.675
2/22/2022 17:00,5.494
2/22/2022 18:00,5.04
2/22/2022 19:00,4.705
2/22/2022 20:00,4.328
2/22/2022 21:00,3.827
2/22/2022 22:00,3.288
2/22/2022 23:00,2.859
2/23/2022 0:00,2.43
2/23/2022 1:00,2.033
2/23/2022 2:00,1.666
2/23/2022 3:00,1.458
2/23/2022 4:00,1.412
2/23/2022 5:00,1.586
2/23/2022 6:00,1.954
2/23/2022 7:00,2.296
2/23/2022 8:00,2.533
2/23/2022 9:00,2.443
2/23/2022 10:00,2.185
2/23/2022 11:00,1.849
2/23/2022 12:00,1.515
2/23/2022 13:00,1.089
2/23/2022 14:00,0.728
2/23/2022 15:00,0.679
2/23/2022 16:00,0.558
2/23/2022 17:00,0.643
2/23/2022 18:00,0.948
2/23/2022 19:00,1.364
2/23/2022 20:00,1.827
2/23/2022 21:00,2.247
2/23/2022 22:00,2.583
2/23/2022 23:00,2.962
2/24/2022 0:00,3.38
2/24/2022 1:00,3.82
2/24/2022 2:00,4.274
2/24/2022 3:00,4.747
2/24/2022 4:00,5.174
2/24/2022 5:00,5.458
2/24/2022 6:00,5.849
2/24/2022 7:00,6.309
2/24/2022 8:00,6.546
2/24/2022 9:00,6.834
2/24/2022 10:00,6.9
2/24/2022 11:00,6.876
2/24/2022 12:00,6.709
2/24/2022 13:00,6.369
2/24/2022 14:00,6.06
2/24/2022 15:00,5.895
2/24/2022 16:00,5.778
2/24/2022 17:00,5.873
2/24/2022 18:00,5.978
2/24/2022 19:00,6.044
2/24/2022 20:00,6.029
2/24/2022 21:00,6.039
2/24/2022 22:00,6.07
2/24/2022 23:00,6.053
2/25/2022 0:00,6.136
2/25/2022 1:00,6.116
2/25/2022 2:00,6.212
2/25/2022 3:00,6.496
2/25/2022 4:00,6.643
2/25/2022 5:00,6.496
2/25/2022 6:00,6.603
2/25/2022 7:00,6.886
2/25/2022 8:00,7.117
2/25/2022 9:00,7.408
2/25/2022 10:00,7.575
2/25/2022 11:00,7.649
2/25/2022 12:00,7.554
2/25/2022 13:00,7.166
2/25/2022 14:00,6.518
2/25/2022 15:00,6.117
2/25/2022 16:00,5.85
2/25/2022 17:00,5.605
2/25/2022 18:00,5.395
2/25/2022 19:00,5.123
2/25/2022 20:00,4.785
2/25/2022 21:00,4.44
2/25/2022 22:00,4.052
2/25/2022 23:00,3.816
2/26/2022 0:00,3.715
2/26/2022 1:00,3.619
2/26/2022 2:00,3.479
2/26/2022 3:00,3.316
2/26/2022 4:00,3.119
2/26/2022 5:00,3.142
2/26/2022 6:00,3.551
2/26/2022 7:00,4
2/26/2022 8:00,4.288
2/26/2022 9:00,4.239
2/26/2022 10:00,4.158
2/26/2022 11:00,4.056
2/26/2022 12:00,3.952
2/26/2022 13:00,3.787
2/26/2022 14:00,3.181
2/26/2022 15:00,2.577
2/26/2022 16:00,2.644
2/26/2022 17:00,2.563
2/26/2022 18:00,2.313
2/26/2022 19:00,2.096
2/26/2022 20:00,1.956
2/26/2022 21:00,1.889
2/26/2022 22:00,1.795
2/26/2022 23:00,1.648
2/27/2022 0:00,1.519
2/27/2022 1:00,1.407
2/27/2022 2:00,1.224
2/27/2022 3:00,1.175
2/27/2022 4:00,1.091
2/27/2022 5:00,1.021
2/27/2022 6:00,1.034
2/27/2022 7:00,0.958
2/27/2022 8:00,0.921
2/27/2022 9:00,0.864
2/27/2022 10:00,0.74
2/27/2022 11:00,0.808
2/27/2022 12:00,0.972
2/27/2022 13:00,1.038
2/27/2022 14:00,0.761
2/27/2022 15:00,0.849
2/27/2022 16:00,0.861
2/27/2022 17:00,0.856
2/27/2022 18:00,0.981
2/27/2022 19:00,1.189
2/27/2022 20:00,1.371
2/27/2022 21:00,1.548
2/27/2022 22:00,1.725
2/27/2022 23:00,1.863
2/28/2022 0:00,1.944
2/28/2022 1:00,2.004
2/28/2022 2:00,2.077
2/28/2022 3:00,2.232
2/28/2022 4:00,2.396
2/28/2022 5:00,2.654
2/28/2022 6:00,3.265
2/28/2022 7:00,3.413
2/28/2022 8:00,3.462
2/28/2022 9:00,3.3
2/28/2022 10:00,3.13
2/28/2022 11:00,3.032
2/28/2022 12:00,2.901
2/28/2022 13:00,2.494
2/28/2022 14:00,1.881
2/28/2022 15:00,1.893
2/28/2022 16:00,2.032
2/28/2022 17:00,2.146
2/28/2022 18:00,2.148
2/28/2022 19:00,2.082
2/28/2022 20:00,2.063
2/28/2022 21:00,2.206
2/28/2022 22:00,2.349
2/28/2022 23:00,2.2
3/1/2022 0:00,2.205
3/1/2022 1:00,2.152
3/1/2022 2:00,2.104
3/1/2022 3:00,2.144
3/1/2022 4:00,2.182
3/1/2022 5:00,2.262
3/1/2022 6:00,2.483
3/1/2022 7:00,2.467
3/1/2022 8:00,2.46
3/1/2022 9:00,2.305
3/1/2022 10:00,2.205
3/1/2022 11:00,2.139
3/1/2022 12:00,2.031
3/1/2022 13:00,1.638
3/1/2022 14:00,1.393
3/1/2022 15:00,1.551
3/1/2022 16:00,1.662
3/1/2022 17:00,1.724
3/1/2022 18:00,1.779
3/1/2022 19:00,1.771
3/1/2022 20:00,1.75
3/1/2022 21:00,1.736
3/1/2022 22:00,1.781
3/1/2022 23:00,1.853
3/2/2022 0:00,1.929
3/2/2022 1:00,1.979
3/2/2022 2:00,1.984
3/2/2022 3:00,2.003
3/2/2022 4:00,2.004
3/2/2022 5:00,2.026
3/2/2022 6:00,2.492
3/2/2022 7:00,2.736
3/2/2022 8:00,2.97
3/2/2022 9:00,3.046
3/2/2022 10:00,3.051
3/2/2022 11:00,3.003
3/2/2022 12:00,2.899
3/2/2022 13:00,2.528
3/2/2022 14:00,1.702
3/2/2022 15:00,1.535
3/2/2022 16:00,1.479
3/2/2022 17:00,1.383
3/2/2022 18:00,1.339
3/2/2022 19:00,1.319
3/2/2022 20:00,1.314
3/2/2022 21:00,1.291
3/2/2022 22:00,1.25
3/2/2022 23:00,1.183
3/3/2022 0:00,1.116
3/3/2022 1:00,1.117
3/3/2022 2:00,1.142
3/3/2022 3:00,1.196
3/3/2022 4:00,1.296
3/3/2022 5:00,1.388
3/3/2022 6:00,1.76
3/3/2022 7:00,1.889
3/3/2022 8:00,1.97
3/3/2022 9:00,2.19
3/3/2022 10:00,2.431
3/3/2022 11:00,2.61
3/3/2022 12:00,2.721
3/3/2022 13:00,2.757
3/3/2022 14:00,2.643
3/3/2022 15:00,2.493
3/3/2022 16:00,2.574
3/3/2022 17:00,2.625
3/3/2022 18:00,2.57
3/3/2022 19:00,2.498
3/3/2022 20:00,2.515
3/3/2022 21:00,2.603
3/3/2022 22:00,2.684
3/3/2022 23:00,2.738
3/4/2022 0:00,2.821
3/4/2022 1:00,2.955
3/4/2022 2:00,3.069
3/4/2022 3:00,3.085
3/4/2022 4:00,3.225
3/4/2022 5:00,3.535
3/4/2022 6:00,3.989
3/4/2022 7:00,4.156
3/4/2022 8:00,4.203
3/4/2022 9:00,4.175
3/4/2022 10:00,4.152
3/4/2022 11:00,4.155
3/4/2022 12:00,4.175
3/4/2022 13:00,4.135
3/4/2022 14:00,3.803
3/4/2022 15:00,3.295
3/4/2022 16:00,3.296
3/4/2022 17:00,3.215
3/4/2022 18:00,3.051
3/4/2022 19:00,2.909
3/4/2022 20:00,2.691
3/4/2022 21:00,2.369
3/4/2022 22:00,2.011
3/4/2022 23:00,1.712
3/5/2022 0:00,1.639
3/5/2022 1:00,1.648
3/5/2022 2:00,1.631
3/5/2022 3:00,1.569
3/5/2022 4:00,1.645
3/5/2022 5:00,1.667
3/5/2022 6:00,1.816
3/5/2022 7:00,1.914
3/5/2022 8:00,1.949
3/5/2022 9:00,1.749
3/5/2022 10:00,1.408
3/5/2022 11:00,1.14
3/5/2022 12:00,1.187
3/5/2022 13:00,1.345
3/5/2022 14:00,1.01
3/5/2022 15:00,0.915
3/5/2022 16:00,0.949
3/5/2022 17:00,1.015
3/5/2022 18:00,1.201
3/5/2022 19:00,1.42
3/5/2022 20:00,1.695
3/5/2022 21:00,1.908
3/5/2022 22:00,2.028
3/5/2022 23:00,2.179
3/6/2022 0:00,2.385
3/6/2022 1:00,2.622
3/6/2022 2:00,2.849
3/6/2022 3:00,3.072
3/6/2022 4:00,3.405
3/6/2022 5:00,3.718
3/6/2022 6:00,3.969
3/6/2022 7:00,4.019
3/6/2022 8:00,4.261
3/6/2022 9:00,4.192
3/6/2022 10:00,3.981
3/6/2022 11:00,3.719
3/6/2022 12:00,3.439
3/6/2022 13:00,3.078
3/6/2022 14:00,2.342
3/6/2022 15:00,1.959
3/6/2022 16:00,2.329
3/6/2022 17:00,2.792
3/6/2022 18:00,3.152
3/6/2022 19:00,3.461
3/6/2022 20:00,3.722
3/6/2022 21:00,3.615
3/6/2022 22:00,3.665
3/6/2022 23:00,3.749
3/7/2022 0:00,3.763
3/7/2022 1:00,3.764
3/7/2022 2:00,3.823
3/7/2022 3:00,4.05
3/7/2022 4:00,3.691
3/7/2022 5:00,3.926
3/7/2022 6:00,4.114
3/7/2022 7:00,4.332
3/7/2022 8:00,4.581
3/7/2022 9:00,4.496
3/7/2022 10:00,4.236
3/7/2022 11:00,4.048
3/7/2022 12:00,3.912
3/7/2022 13:00,3.626
3/7/2022 14:00,3.135
3/7/2022 15:00,2.552
3/7/2022 16:00,2.543
3/7/2022 17:00,2.557
3/7/2022 18:00,2.406
3/7/2022 19:00,2.163
3/7/2022 20:00,2.002
3/7/2022 21:00,1.762
3/7/2022 22:00,1.537
3/7/2022 23:00,1.478
3/8/2022 0:00,1.447
3/8/2022 1:00,1.301
3/8/2022 2:00,1.157
3/8/2022 3:00,1.295
3/8/2022 4:00,1.332
3/8/2022 5:00,1.428
3/8/2022 6:00,1.744
3/8/2022 7:00,1.902
3/8/2022 8:00,2.031
3/8/2022 9:00,2.078
3/8/2022 10:00,1.919
3/8/2022 11:00,1.892
3/8/2022 12:00,1.977
3/8/2022 13:00,1.96
3/8/2022 14:00,1.673
3/8/2022 15:00,1.625
3/8/2022 16:00,1.755
3/8/2022 17:00,1.813
3/8/2022 18:00,1.791
3/8/2022 19:00,1.756
3/8/2022 20:00,1.716
3/8/2022 21:00,1.649
3/8/2022 22:00,1.601
3/8/2022 23:00,1.593
3/9/2022 0:00,1.613
3/9/2022 1:00,1.759
3/9/2022 2:00,1.936
3/9/2022 3:00,2.151
3/9/2022 4:00,2.306
3/9/2022 5:00,2.535
3/9/2022 6:00,2.825
3/9/2022 7:00,3.065
3/9/2022 8:00,3.154
3/9/2022 9:00,3.178
3/9/2022 10:00,3.14
3/9/2022 11:00,3.074
3/9/2022 12:00,3.012
3/9/2022 13:00,2.977
3/9/2022 14:00,2.835
3/9/2022 15:00,2.469
3/9/2022 16:00,2.729
3/9/2022 17:00,3.104
3/9/2022 18:00,3.232
3/9/2022 19:00,3.221
3/9/2022 20:00,3.134
3/9/2022 21:00,2.908
3/9/2022 22:00,2.682
3/9/2022 23:00,2.462
3/10/2022 0:00,2.247
3/10/2022 1:00,1.996
3/10/2022 2:00,1.756
3/10/2022 3:00,1.683
3/10/2022 4:00,1.705
3/10/2022 5:00,2.07
3/10/2022 6:00,2.294
3/10/2022 7:00,2.352
3/10/2022 8:00,2.478
3/10/2022 9:00,2.513
3/10/2022 10:00,2.497
3/10/2022 11:00,2.445
3/10/2022 12:00,2.317
3/10/2022 13:00,2.131
3/10/2022 14:00,1.687
3/10/2022 15:00,1.384
3/10/2022 16:00,1.646
3/10/2022 17:00,1.86
3/10/2022 18:00,2.025
3/10/2022 19:00,2.145
3/10/2022 20:00,2.283
3/10/2022 21:00,2.415
3/10/2022 22:00,2.475
3/10/2022 23:00,2.453
3/11/2022 0:00,2.452
3/11/2022 1:00,2.41
3/11/2022 2:00,2.34
3/11/2022 3:00,2.394
3/11/2022 4:00,2.487
3/11/2022 5:00,2.874
3/11/2022 6:00,3.43
3/11/2022 7:00,3.536
3/11/2022 8:00,3.969
3/11/2022 9:00,4.071
3/11/2022 10:00,3.827
3/11/2022 11:00,3.637
3/11/2022 12:00,3.51
3/11/2022 13:00,3.268
3/11/2022 14:00,2.787
3/11/2022 15:00,2.522
3/11/2022 16:00,2.646
3/11/2022 17:00,2.864
3/11/2022 18:00,2.888
3/11/2022 19:00,2.866
3/11/2022 20:00,2.896
3/11/2022 21:00,2.91
3/11/2022 22:00,2.938
3/11/2022 23:00,3.025
3/12/2022 0:00,3.016
3/12/2022 1:00,2.88
3/12/2022 2:00,2.752
3/12/2022 3:00,2.751
3/12/2022 4:00,2.692
3/12/2022 5:00,2.941
3/12/2022 6:00,3.127
3/12/2022 7:00,3.119
3/12/2022 8:00,3.041
3/12/2022 9:00,2.816
3/12/2022 10:00,2.726
3/12/2022 11:00,2.715
3/12/2022 12:00,2.673
3/12/2022 13:00,2.45
3/12/2022 14:00,1.604
3/12/2022 15:00,1.224
3/12/2022 16:00,1.197
3/12/2022 17:00,1.116
3/12/2022 18:00,1.024
3/12/2022 19:00,0.924
3/12/2022 20:00,0.809
3/12/2022 21:00,0.688
3/12/2022 22:00,0.651
3/12/2022 23:00,0.696
3/13/2022 0:00,0.726
3/13/2022 1:00,0.754
3/13/2022 2:00,0.818
3/13/2022 3:00,0.968
3/13/2022 4:00,1.249
3/13/2022 5:00,1.571
3/13/2022 6:00,1.831
3/13/2022 7:00,1.963
3/13/2022 8:00,1.983
3/13/2022 9:00,1.892
3/13/2022 10:00,1.804
3/13/2022 11:00,1.739
3/13/2022 12:00,1.622
3/13/2022 13:00,1.34
3/13/2022 14:00,0.844
3/13/2022 15:00,0.961
3/13/2022 16:00,0.937
3/13/2022 17:00,0.874
3/13/2022 18:00,0.894
3/13/2022 19:00,0.953
3/13/2022 20:00,1.025
3/13/2022 21:00,1.09
3/13/2022 22:00,1.142
3/13/2022 23:00,1.195
3/14/2022 0:00,1.26
3/14/2022 1:00,1.346
3/14/2022 2:00,1.471
3/14/2022 3:00,1.625
3/14/2022 4:00,1.712
3/14/2022 5:00,1.957
3/14/2022 6:00,2.307
3/14/2022 7:00,2.057
3/14/2022 8:00,1.964
3/14/2022 9:00,1.803
3/14/2022 10:00,1.723
3/14/2022 11:00,1.701
3/14/2022 12:00,1.636
3/14/2022 13:00,1.369
3/14/2022 14:00,0.902
3/14/2022 15:00,0.965
3/14/2022 16:00,0.994
3/14/2022 17:00,0.97
3/14/2022 18:00,0.951
3/14/2022 19:00,0.924
3/14/2022 20:00,0.865
3/14/2022 21:00,0.777
3/14/2022 22:00,0.875
3/14/2022 23:00,1.044
3/15/2022 0:00,1.167
3/15/2022 1:00,1.255
3/15/2022 2:00,1.32
3/15/2022 3:00,1.363
3/15/2022 4:00,1.368
3/15/2022 5:00,1.292
3/15/2022 6:00,1.603
3/15/2022 7:00,1.363
3/15/2022 8:00,1.406
3/15/2022 9:00,1.687
3/15/2022 10:00,1.777
3/15/2022 11:00,1.844
3/15/2022 12:00,1.87
3/15/2022 13:00,1.615
3/15/2022 14:00,1.183
3/15/2022 15:00,1.398
3/15/2022 16:00,1.531
3/15/2022 17:00,1.554
3/15/2022 18:00,1.564
3/15/2022 19:00,1.568
3/15/2022 20:00,1.558
3/15/2022 21:00,1.57
3/15/2022 22:00,1.622
3/15/2022 23:00,1.782
3/16/2022 0:00,1.972
3/16/2022 1:00,2.118
3/16/2022 2:00,2.27
3/16/2022 3:00,2.396
3/16/2022 4:00,2.556
3/16/2022 5:00,2.851
3/16/2022 6:00,3.003
3/16/2022 7:00,2.894
3/16/2022 8:00,2.622
3/16/2022 9:00,2.474
3/16/2022 10:00,2.468
3/16/2022 11:00,2.425
3/16/2022 12:00,2.332
3/16/2022 13:00,2.096
3/16/2022 14:00,1.411
3/16/2022 15:00,1.427
3/16/2022 16:00,1.6
3/16/2022 17:00,1.743
3/16/2022 18:00,1.892
3/16/2022 19:00,2.047
3/16/2022 20:00,2.191
3/16/2022 21:00,2.215
3/16/2022 22:00,2.15
3/16/2022 23:00,2.058
3/17/2022 0:00,1.96
3/17/2022 1:00,1.88
3/17/2022 2:00,1.837
3/17/2022 3:00,1.829
3/17/2022 4:00,1.888
3/17/2022 5:00,2.547
3/17/2022 6:00,2.508
3/17/2022 7:00,2.496
3/17/2022 8:00,2.89
3/17/2022 9:00,3.029
3/17/2022 10:00,3.154
3/17/2022 11:00,3.214
3/17/2022 12:00,3.17
3/17/2022 13:00,2.978
3/17/2022 14:00,2.168
3/17/2022 15:00,1.756
3/17/2022 16:00,1.936
3/17/2022 17:00,2.266
3/17/2022 18:00,2.61
3/17/2022 19:00,2.85
3/17/2022 20:00,2.982
3/17/2022 21:00,3.079
3/17/2022 22:00,3.13
3/17/2022 23:00,3.14
3/18/2022 0:00,3.149
3/18/2022 1:00,3.175
3/18/2022 2:00,3.212
3/18/2022 3:00,3.351
3/18/2022 4:00,3.515
3/18/2022 5:00,3.897
3/18/2022 6:00,3.935
3/18/2022 7:00,4.282
3/18/2022 8:00,4.642
3/18/2022 9:00,4.635
3/18/2022 10:00,4.532
3/18/2022 11:00,4.399
3/18/2022 12:00,4.19
3/18/2022 13:00,3.836
3/18/2022 14:00,2.986
3/18/2022 15:00,2.288
3/18/2022 16:00,2.264
3/18/2022 17:00,2.291
3/18/2022 18:00,2.216
3/18/2022 19:00,2.061
3/18/2022 20:00,1.883
3/18/2022 21:00,1.514
3/18/2022 22:00,1.108
3/18/2022 23:00,0.909
3/19/2022 0:00,0.859
3/19/2022 1:00,0.865
3/19/2022 2:00,0.91
3/19/2022 3:00,0.93
3/19/2022 4:00,0.955
3/19/2022 5:00,1.244
3/19/2022 6:00,1.497
3/19/2022 7:00,1.583
3/19/2022 8:00,1.587
3/19/2022 9:00,1.425
3/19/2022 10:00,1.452
3/19/2022 11:00,1.574
3/19/2022 12:00,1.641
3/19/2022 13:00,1.632
3/19/2022 14:00,1.492
3/19/2022 15:00,1.083
3/19/2022 16:00,1.151
3/19/2022 17:00,1.152
3/19/2022 18:00,1.098
3/19/2022 19:00,0.958
3/19/2022 20:00,0.825
3/19/2022 21:00,0.646
3/19/2022 22:00,0.699
3/19/2022 23:00,0.916
3/20/2022 0:00,1.113
3/20/2022 1:00,1.292
3/20/2022 2:00,1.467
3/20/2022 3:00,1.675
3/20/2022 4:00,1.957
3/20/2022 5:00,2.266
3/20/2022 6:00,2.429
3/20/2022 7:00,2.588
3/20/2022 8:00,2.601
3/20/2022 9:00,2.644
3/20/2022 10:00,2.733
3/20/2022 11:00,2.819
3/20/2022 12:00,2.889
3/20/2022 13:00,2.826
3/20/2022 14:00,2.389
3/20/2022 15:00,1.56
3/20/2022 16:00,1.563
3/20/2022 17:00,1.649
3/20/2022 18:00,1.66
3/20/2022 19:00,1.622
3/20/2022 20:00,1.617
3/20/2022 21:00,1.588
3/20/2022 22:00,1.631
3/20/2022 23:00,1.661
3/21/2022 0:00,1.635
3/21/2022 1:00,1.628
3/21/2022 2:00,1.669
3/21/2022 3:00,1.646
3/21/2022 4:00,1.622
3/21/2022 5:00,1.715
3/21/2022 6:00,1.579
3/21/2022 7:00,1.578
3/21/2022 8:00,1.565
3/21/2022 9:00,1.672
3/21/2022 10:00,1.824
3/21/2022 11:00,1.885
3/21/2022 12:00,1.873
3/21/2022 13:00,1.748
3/21/2022 14:00,1.434
3/21/2022 15:00,0.986
3/21/2022 16:00,1.116
3/21/2022 17:00,1.082
3/21/2022 18:00,1.009
3/21/2022 19:00,0.936
3/21/2022 20:00,0.849
3/21/2022 21:00,0.767
3/21/2022 22:00,0.699
3/21/2022 23:00,0.66
3/22/2022 0:00,0.807
3/22/2022 1:00,0.934
3/22/2022 2:00,1.051
3/22/2022 3:00,1.176
3/22/2022 4:00,1.252
3/22/2022 5:00,1.446
3/22/2022 6:00,1.773
3/22/2022 7:00,1.52
3/22/2022 8:00,1.516
3/22/2022 9:00,1.698
3/22/2022 10:00,1.975
3/22/2022 11:00,2.213
3/22/2022 12:00,2.343
3/22/2022 13:00,2.287
3/22/2022 14:00,1.581
3/22/2022 15:00,1.401
3/22/2022 16:00,1.635
3/22/2022 17:00,1.712
3/22/2022 18:00,1.753
3/22/2022 19:00,1.783
3/22/2022 20:00,1.838
3/22/2022 21:00,1.937
3/22/2022 22:00,2.099
3/22/2022 23:00,2.257
3/23/2022 0:00,2.344
3/23/2022 1:00,2.395
3/23/2022 2:00,2.43
3/23/2022 3:00,2.456
3/23/2022 4:00,2.526
3/23/2022 5:00,2.974
3/23/2022 6:00,2.852
3/23/2022 7:00,2.902
3/23/2022 8:00,3.212
3/23/2022 9:00,3.637
3/23/2022 10:00,4.107
3/23/2022 11:00,4.534
3/23/2022 12:00,4.819
3/23/2022 13:00,4.946
3/23/2022 14:00,4.745
3/23/2022 15:00,4.068
3/23/2022 16:00,3.438
3/23/2022 17:00,3.52
3/23/2022 18:00,3.591
3/23/2022 19:00,3.463
3/23/2022 20:00,3.256
3/23/2022 21:00,3.175
3/23/2022 22:00,2.948
3/23/2022 23:00,2.772
3/24/2022 0:00,2.526
3/24/2022 1:00,2.261
3/24/2022 2:00,1.979
3/24/2022 3:00,1.751
3/24/2022 4:00,1.699
3/24/2022 5:00,1.794
3/24/2022 6:00,1.784
3/24/2022 7:00,1.908
3/24/2022 8:00,2.081
3/24/2022 9:00,2.212
3/24/2022 10:00,2.343
3/24/2022 11:00,2.514
3/24/2022 12:00,2.674
3/24/2022 13:00,2.723
3/24/2022 14:00,2.347
3/24/2022 15:00,1.538
3/24/2022 16:00,1.583
3/24/2022 17:00,1.683
3/24/2022 18:00,1.74
3/24/2022 19:00,1.772
3/24/2022 20:00,1.825
3/24/2022 21:00,1.945
3/24/2022 22:00,2.025
3/24/2022 23:00,2.017
3/25/2022 0:00,1.943
3/25/2022 1:00,2.088
3/25/2022 2:00,2.127
3/25/2022 3:00,2.172
3/25/2022 4:00,2.473
3/25/2022 5:00,2.816
3/25/2022 6:00,3.085
3/25/2022 7:00,3.367
3/25/2022 8:00,3.632
3/25/2022 9:00,4.019
3/25/2022 10:00,4.39
3/25/2022 11:00,4.627
3/25/2022 12:00,4.606
3/25/2022 13:00,4.489
3/25/2022 14:00,4.615
3/25/2022 15:00,4.689
3/25/2022 16:00,4.625
3/25/2022 17:00,4.495
3/25/2022 18:00,4.449
3/25/2022 19:00,4.451
3/25/2022 20:00,4.468
3/25/2022 21:00,4.736
3/25/2022 22:00,5.004
3/25/2022 23:00,5.073
3/26/2022 0:00,5.099
3/26/2022 1:00,4.962
3/26/2022 2:00,4.914
3/26/2022 3:00,5.067
3/26/2022 4:00,5.336
3/26/2022 5:00,5.965
3/26/2022 6:00,6.923
3/26/2022 7:00,8.108
3/26/2022 8:00,8.961
3/26/2022 9:00,9.482
3/26/2022 10:00,9.849
3/26/2022 11:00,10.114
3/26/2022 12:00,10.148
3/26/2022 13:00,10.028
3/26/2022 14:00,9.646
3/26/2022 15:00,9.056
3/26/2022 16:00,8.462
3/26/2022 17:00,7.983
3/26/2022 18:00,7.57
3/26/2022 19:00,7.164
3/26/2022 20:00,6.855
3/26/2022 21:00,6.541
3/26/2022 22:00,6.118
3/26/2022 23:00,5.761
3/27/2022 0:00,5.279
3/27/2022 1:00,4.905
3/27/2022 2:00,4.712
3/27/2022 3:00,4.409
3/27/2022 4:00,4.251
3/27/2022 5:00,4.513
3/27/2022 6:00,4.996
3/27/2022 7:00,5.034
3/27/2022 8:00,4.984
3/27/2022 9:00,4.845
3/27/2022 10:00,4.635
3/27/2022 11:00,4.311
3/27/2022 12:00,4.007
3/27/2022 13:00,3.616
3/27/2022 14:00,2.905
3/27/2022 15:00,1.886
3/27/2022 16:00,1.816
3/27/2022 17:00,2.542
3/27/2022 18:00,3.421
3/27/2022 19:00,4.015
3/27/2022 20:00,4.393
3/27/2022 21:00,4.634
3/27/2022 22:00,4.807
3/27/2022 23:00,4.96
3/28/2022 0:00,5.176
3/28/2022 1:00,5.254
3/28/2022 2:00,5.373
3/28/2022 3:00,5.475
3/28/2022 4:00,5.532
3/28/2022 5:00,5.843
3/28/2022 6:00,5.775
3/28/2022 7:00,6.045
3/28/2022 8:00,6.533
3/28/2022 9:00,6.994
3/28/2022 10:00,7.289
3/28/2022 11:00,7.399
3/28/2022 12:00,7.233
3/28/2022 13:00,6.811
3/28/2022 14:00,6.128
3/28/2022 15:00,5.072
3/28/2022 16:00,4.559
3/28/2022 17:00,4.278
3/28/2022 18:00,4.389
3/28/2022 19:00,4.005
3/28/2022 20:00,3.731
3/28/2022 21:00,3.709
3/28/2022 22:00,3.797
3/28/2022 23:00,3.833
3/29/2022 0:00,3.85
3/29/2022 1:00,3.929
3/29/2022 2:00,3.742
3/29/2022 3:00,3.514
3/29/2022 4:00,3.505
3/29/2022 5:00,3.668
3/29/2022 6:00,3.971
3/29/2022 7:00,3.852
3/29/2022 8:00,3.797
3/29/2022 9:00,3.923
3/29/2022 10:00,4.055
3/29/2022 11:00,4.101
3/29/2022 12:00,4.074
3/29/2022 13:00,3.953
3/29/2022 14:00,3.714
3/29/2022 15:00,3.118
3/29/2022 16:00,1.984
3/29/2022 17:00,1.611
3/29/2022 18:00,1.52
3/29/2022 19:00,1.458
3/29/2022 20:00,1.43
3/29/2022 21:00,1.495
3/29/2022 22:00,1.629
3/29/2022 23:00,1.763
3/30/2022 0:00,1.825
3/30/2022 1:00,1.849
3/30/2022 2:00,1.798
3/30/2022 3:00,1.742
3/30/2022 4:00,1.857
3/30/2022 5:00,2.125
3/30/2022 6:00,2.141
3/30/2022 7:00,2.139
3/30/2022 8:00,2.21
3/30/2022 9:00,2.3
3/30/2022 10:00,2.39
3/30/2022 11:00,2.461
3/30/2022 12:00,2.47
3/30/2022 13:00,2.407
3/30/2022 14:00,2.243
3/30/2022 15:00,1.799
3/30/2022 16:00,1.214
3/30/2022 17:00,1.208
3/30/2022 18:00,1.213
3/30/2022 19:00,1.228
3/30/2022 20:00,1.256
3/30/2022 21:00,1.275
3/30/2022 22:00,1.272
3/30/2022 23:00,1.252
3/31/2022 0:00,1.222
3/31/2022 1:00,1.196
3/31/2022 2:00,1.189
3/31/2022 3:00,1.229
3/31/2022 4:00,1.465
3/31/2022 5:00,1.879
3/31/2022 6:00,1.889
3/31/2022 7:00,1.842
3/31/2022 8:00,1.819
3/31/2022 9:00,1.731
3/31/2022 10:00,1.608
3/31/2022 11:00,1.521
3/31/2022 12:00,1.432
3/31/2022 13:00,1.396
3/31/2022 14:00,1.442
3/31/2022 15:00,1.152
3/31/2022 16:00,1.127
3/31/2022 17:00,1.287
3/31/2022 18:00,1.331
3/31/2022 19:00,1.352
3/31/2022 20:00,1.357
3/31/2022 21:00,1.374
3/31/2022 22:00,1.405
3/31/2022 23:00,1.445
4/1/2022 0:00,1.479
4/1/2022 1:00,1.516
4/1/2022 2:00,1.563
4/1/2022 3:00,1.693
4/1/2022 4:00,2.05
4/1/2022 5:00,2.742
4/1/2022 6:00,3.165
4/1/2022 7:00,3.617
4/1/2022 8:00,3.845
4/1/2022 9:00,3.921
4/1/2022 10:00,3.972
4/1/2022 11:00,4.067
4/1/2022 12:00,4.189
4/1/2022 13:00,4.319
4/1/2022 14:00,4.315
4/1/2022 15:00,3.943
4/1/2022 16:00,3.51
4/1/2022 17:00,3.51
4/1/2022 18:00,3.53
4/1/2022 19:00,3.404
4/1/2022 20:00,3.266
4/1/2022 21:00,3.23
4/1/2022 22:00,3.345
4/1/2022 23:00,3.528
4/2/2022 0:00,3.653
4/2/2022 1:00,3.742
4/2/2022 2:00,3.84
4/2/2022 3:00,4.026
4/2/2022 4:00,4.356
4/2/2022 5:00,4.72
4/2/2022 6:00,5.093
4/2/2022 7:00,5.591
4/2/2022 8:00,5.659
4/2/2022 9:00,5.509
4/2/2022 10:00,5.401
4/2/2022 11:00,5.384
4/2/2022 12:00,5.419
4/2/2022 13:00,5.412
4/2/2022 14:00,5.223
4/2/2022 15:00,4.574
4/2/2022 16:00,3.802
4/2/2022 17:00,3.628
4/2/2022 18:00,3.495
4/2/2022 19:00,3.261
4/2/2022 20:00,3.003
4/2/2022 21:00,2.761
4/2/2022 22:00,2.549
4/2/2022 23:00,2.354
4/3/2022 0:00,2.129
4/3/2022 1:00,1.891
4/3/2022 2:00,1.714
4/3/2022 3:00,1.586
4/3/2022 4:00,1.64
4/3/2022 5:00,2.216
4/3/2022 6:00,2.574
4/3/2022 7:00,2.767
4/3/2022 8:00,2.952
4/3/2022 9:00,3.113
4/3/2022 10:00,3.251
4/3/2022 11:00,3.394
4/3/2022 12:00,3.499
4/3/2022 13:00,3.493
4/3/2022 14:00,3.121
4/3/2022 15:00,2.18
4/3/2022 16:00,1.922
4/3/2022 17:00,2.146
4/3/2022 18:00,2.461
4/3/2022 19:00,2.659
4/3/2022 20:00,2.816
4/3/2022 21:00,3.017
4/3/2022 22:00,3.223
4/3/2022 23:00,3.47
4/4/2022 0:00,3.739
4/4/2022 1:00,3.809
4/4/2022 2:00,3.933
4/4/2022 3:00,3.922
4/4/2022 4:00,4.262
4/4/2022 5:00,4.66
4/4/2022 6:00,5.31
4/4/2022 7:00,5.724
4/4/2022 8:00,5.914
4/4/2022 9:00,6.034
4/4/2022 10:00,6.083
4/4/2022 11:00,5.999
4/4/2022 12:00,5.866
4/4/2022 13:00,5.749
4/4/2022 14:00,5.586
4/4/2022 15:00,5.526
4/4/2022 16:00,5.724
4/4/2022 17:00,6.143
4/4/2022 18:00,6.755
4/4/2022 19:00,7.302
4/4/2022 20:00,7.471
4/4/2022 21:00,7.754
4/4/2022 22:00,7.958
4/4/2022 23:00,8.076
4/5/2022 0:00,7.867
4/5/2022 1:00,7.587
4/5/2022 2:00,7.281
4/5/2022 3:00,6.753
4/5/2022 4:00,6.286
4/5/2022 5:00,6.236
4/5/2022 6:00,6.459
4/5/2022 7:00,6.737
4/5/2022 8:00,6.948
4/5/2022 9:00,7.189
4/5/2022 10:00,7.297
4/5/2022 11:00,7.308
4/5/2022 12:00,7.205
4/5/2022 13:00,6.909
4/5/2022 14:00,6.347
4/5/2022 15:00,5.49
4/5/2022 16:00,4.613
4/5/2022 17:00,3.957
4/5/2022 18:00,3.778
4/5/2022 19:00,3.9
4/5/2022 20:00,4.17
4/5/2022 21:00,4.231
4/5/2022 22:00,4.405
4/5/2022 23:00,4.531
4/6/2022 0:00,4.779
4/6/2022 1:00,4.654
4/6/2022 2:00,4.466
4/6/2022 3:00,4.273
4/6/2022 4:00,4.346
4/6/2022 5:00,4.601
4/6/2022 6:00,5.296
4/6/2022 7:00,5.586
4/6/2022 8:00,5.803
4/6/2022 9:00,5.938
4/6/2022 10:00,5.867
4/6/2022 11:00,5.564
4/6/2022 12:00,5.031
4/6/2022 13:00,4.233
4/6/2022 14:00,3.139
4/6/2022 15:00,2.403
4/6/2022 16:00,2.544
4/6/2022 17:00,3.039
4/6/2022 18:00,3.429
4/6/2022 19:00,3.649
4/6/2022 20:00,3.892
4/6/2022 21:00,4.019
4/6/2022 22:00,4.139
4/6/2022 23:00,4.469
4/7/2022 0:00,4.562
4/7/2022 1:00,4.355
4/7/2022 2:00,4.435
4/7/2022 3:00,4.165
4/7/2022 4:00,4.396
4/7/2022 5:00,4.633
4/7/2022 6:00,4.667
4/7/2022 7:00,5.007
4/7/2022 8:00,5.076
4/7/2022 9:00,4.738
4/7/2022 10:00,4.801
4/7/2022 11:00,4.463
4/7/2022 12:00,3.778
4/7/2022 13:00,3.119
4/7/2022 14:00,2.654
4/7/2022 15:00,2.572
4/7/2022 16:00,2.897
4/7/2022 17:00,3.59
4/7/2022 18:00,4.378
4/7/2022 19:00,4.925
4/7/2022 20:00,5.244
4/7/2022 21:00,5.246
4/7/2022 22:00,5.158
4/7/2022 23:00,4.825
4/8/2022 0:00,4.609
4/8/2022 1:00,4.543
4/8/2022 2:00,4.322
4/8/2022 3:00,4.322
4/8/2022 4:00,4.392
4/8/2022 5:00,4.763
4/8/2022 6:00,5.306
4/8/2022 7:00,5.844
4/8/2022 8:00,6.163
4/8/2022 9:00,6.306
4/8/2022 10:00,6.447
4/8/2022 11:00,6.684
4/8/2022 12:00,6.851
4/8/2022 13:00,6.7
4/8/2022 14:00,6.329
4/8/2022 15:00,5.587
4/8/2022 16:00,5.036
4/8/2022 17:00,5.098
4/8/2022 18:00,5.419
4/8/2022 19:00,5.616
4/8/2022 20:00,5.516
4/8/2022 21:00,5.235
4/8/2022 22:00,4.9
4/8/2022 23:00,4.688
4/9/2022 0:00,4.389
4/9/2022 1:00,4.147
4/9/2022 2:00,3.85
4/9/2022 3:00,3.992
4/9/2022 4:00,4.19
4/9/2022 5:00,4.431
4/9/2022 6:00,4.811
4/9/2022 7:00,5.15
4/9/2022 8:00,5.451
4/9/2022 9:00,5.622
4/9/2022 10:00,5.64
4/9/2022 11:00,5.706
4/9/2022 12:00,5.694
4/9/2022 13:00,5.427
4/9/2022 14:00,5.041
4/9/2022 15:00,4.657
4/9/2022 16:00,4.139
4/9/2022 17:00,3.79
4/9/2022 18:00,3.597
4/9/2022 19:00,3.799
4/9/2022 20:00,4.128
4/9/2022 21:00,4.266
4/9/2022 22:00,4.319
4/9/2022 23:00,4.37
4/10/2022 0:00,4.32
4/10/2022 1:00,4.316
4/10/2022 2:00,4.341
4/10/2022 3:00,4.383
4/10/2022 4:00,4.515
4/10/2022 5:00,4.676
4/10/2022 6:00,5.165
4/10/2022 7:00,5.537
4/10/2022 8:00,5.679
4/10/2022 9:00,5.694
4/10/2022 10:00,5.681
4/10/2022 11:00,5.552
4/10/2022 12:00,5.387
4/10/2022 13:00,5.101
4/10/2022 14:00,4.598
4/10/2022 15:00,3.931
4/10/2022 16:00,3.273
4/10/2022 17:00,3.019
4/10/2022 18:00,3.27
4/10/2022 19:00,3.285
4/10/2022 20:00,3.322
4/10/2022 21:00,3.491
4/10/2022 22:00,3.533
4/10/2022 23:00,3.53
4/11/2022 0:00,3.3
4/11/2022 1:00,3.122
4/11/2022 2:00,3.002
4/11/2022 3:00,2.965
4/11/2022 4:00,3.172
4/11/2022 5:00,3.341
4/11/2022 6:00,3.421
4/11/2022 7:00,3.549
4/11/2022 8:00,3.601
4/11/2022 9:00,3.48
4/11/2022 10:00,3.331
4/11/2022 11:00,3.248
4/11/2022 12:00,3.155
4/11/2022 13:00,2.992
4/11/2022 14:00,2.766
4/11/2022 15:00,2.236
4/11/2022 16:00,1.756
4/11/2022 17:00,1.615
4/11/2022 18:00,1.756
4/11/2022 19:00,1.933
4/11/2022 20:00,2.142
4/11/2022 21:00,2.145
4/11/2022 22:00,1.945
4/11/2022 23:00,1.77
4/12/2022 0:00,1.838
4/12/2022 1:00,1.864
4/12/2022 2:00,1.718
4/12/2022 3:00,1.567
4/12/2022 4:00,1.666
4/12/2022 5:00,1.697
4/12/2022 6:00,1.694
4/12/2022 7:00,1.669
4/12/2022 8:00,1.696
4/12/2022 9:00,1.868
4/12/2022 10:00,2.011
4/12/2022 11:00,2.083
4/12/2022 12:00,2.1
4/12/2022 13:00,2.043
4/12/2022 14:00,1.911
4/12/2022 15:00,1.57
4/12/2022 16:00,1.01
4/12/2022 17:00,1.027
4/12/2022 18:00,1.058
4/12/2022 19:00,1.052
4/12/2022 20:00,1.02
4/12/2022 21:00,0.982
4/12/2022 22:00,0.946
4/12/2022 23:00,0.904
4/13/2022 0:00,0.871
4/13/2022 1:00,0.883
4/13/2022 2:00,0.934
4/13/2022 3:00,0.989
4/13/2022 4:00,1.206
4/13/2022 5:00,1.163
4/13/2022 6:00,1.018
4/13/2022 7:00,0.925
4/13/2022 8:00,1
4/13/2022 9:00,1.153
4/13/2022 10:00,1.324
4/13/2022 11:00,1.302
4/13/2022 12:00,1.182
4/13/2022 13:00,1.119
4/13/2022 14:00,1.074
4/13/2022 15:00,0.989
4/13/2022 16:00,0.885
4/13/2022 17:00,1.122
4/13/2022 18:00,1.25
4/13/2022 19:00,1.339
4/13/2022 20:00,1.384
4/13/2022 21:00,1.464
4/13/2022 22:00,1.601
4/13/2022 23:00,1.773
4/14/2022 0:00,1.963
4/14/2022 1:00,2.023
4/14/2022 2:00,1.944
4/14/2022 3:00,1.897
4/14/2022 4:00,2.237
4/14/2022 5:00,2.472
4/14/2022 6:00,2.339
4/14/2022 7:00,2.437
4/14/2022 8:00,2.669
4/14/2022 9:00,2.751
4/14/2022 10:00,2.632
4/14/2022 11:00,2.367
4/14/2022 12:00,2.286
4/14/2022 13:00,2.173
4/14/2022 14:00,1.663
4/14/2022 15:00,1.473
4/14/2022 16:00,1.524
4/14/2022 17:00,1.494
4/14/2022 18:00,1.457
4/14/2022 19:00,1.341
4/14/2022 20:00,1.267
4/14/2022 21:00,1.298
4/14/2022 22:00,1.354
4/14/2022 23:00,1.435
4/15/2022 0:00,1.602
4/15/2022 1:00,1.993
4/15/2022 2:00,2.512
4/15/2022 3:00,3.008
4/15/2022 4:00,3.516
4/15/2022 5:00,4.066
4/15/2022 6:00,4.516
4/15/2022 7:00,4.898
4/15/2022 8:00,5.086
4/15/2022 9:00,5.071
4/15/2022 10:00,5.027
4/15/2022 11:00,5.072
4/15/2022 12:00,5.243
4/15/2022 13:00,5.379
4/15/2022 14:00,5.367
4/15/2022 15:00,5.094
4/15/2022 16:00,4.522
4/15/2022 17:00,4.038
4/15/2022 18:00,3.733
4/15/2022 19:00,3.506
4/15/2022 20:00,3.289
4/15/2022 21:00,3.211
4/15/2022 22:00,3.181
4/15/2022 23:00,3.019
4/16/2022 0:00,2.882
4/16/2022 1:00,2.851
4/16/2022 2:00,2.986
4/16/2022 3:00,3.309
4/16/2022 4:00,3.818
4/16/2022 5:00,4.112
4/16/2022 6:00,4.553
4/16/2022 7:00,4.759
4/16/2022 8:00,4.675
4/16/2022 9:00,4.465
4/16/2022 10:00,4.285
4/16/2022 11:00,4.208
4/16/2022 12:00,4.202
4/16/2022 13:00,4.144
4/16/2022 14:00,3.958
4/16/2022 15:00,3.532
4/16/2022 16:00,2.565
4/16/2022 17:00,2.059
4/16/2022 18:00,2.184
4/16/2022 19:00,2.156
4/16/2022 20:00,2.016
4/16/2022 21:00,1.896
4/16/2022 22:00,1.801
4/16/2022 23:00,1.713
4/17/2022 0:00,1.632
4/17/2022 1:00,1.581
4/17/2022 2:00,1.572
4/17/2022 3:00,1.728
4/17/2022 4:00,2.285
4/17/2022 5:00,2.395
4/17/2022 6:00,2.81
4/17/2022 7:00,2.986
4/17/2022 8:00,2.942
4/17/2022 9:00,2.879
4/17/2022 10:00,2.805
4/17/2022 11:00,2.766
4/17/2022 12:00,2.773
4/17/2022 13:00,2.786
4/17/2022 14:00,2.764
4/17/2022 15:00,2.535
4/17/2022 16:00,1.743
4/17/2022 17:00,1.594
4/17/2022 18:00,1.77
4/17/2022 19:00,1.792
4/17/2022 20:00,1.747
4/17/2022 21:00,1.686
4/17/2022 22:00,1.623
4/17/2022 23:00,1.541
4/18/2022 0:00,1.44
4/18/2022 1:00,1.35
4/18/2022 2:00,1.267
4/18/2022 3:00,1.157
4/18/2022 4:00,1.127
4/18/2022 5:00,1.296
4/18/2022 6:00,1.235
4/18/2022 7:00,1.8
4/18/2022 8:00,2.221
4/18/2022 9:00,2.521
4/18/2022 10:00,2.701
4/18/2022 11:00,2.936
4/18/2022 12:00,3.21
4/18/2022 13:00,3.373
4/18/2022 14:00,3.34
4/18/2022 15:00,2.979
4/18/2022 16:00,2.263
4/18/2022 17:00,1.997
4/18/2022 18:00,2.038
4/18/2022 19:00,2
4/18/2022 20:00,1.954
4/18/2022 21:00,2.003
4/18/2022 22:00,2.12
4/18/2022 23:00,2.233
4/19/2022 0:00,2.319
4/19/2022 1:00,2.346
4/19/2022 2:00,2.368
4/19/2022 3:00,2.379
4/19/2022 4:00,2.859
4/19/2022 5:00,2.902
4/19/2022 6:00,2.938
4/19/2022 7:00,3.322
4/19/2022 8:00,3.829
4/19/2022 9:00,4.007
4/19/2022 10:00,4.03
4/19/2022 11:00,4.01
4/19/2022 12:00,4.035
4/19/2022 13:00,4.051
4/19/2022 14:00,3.913
4/19/2022 15:00,3.495
4/19/2022 16:00,3.052
4/19/2022 17:00,2.866
4/19/2022 18:00,3.071
4/19/2022 19:00,3.187
4/19/2022 20:00,3.222
4/19/2022 21:00,3.155
4/19/2022 22:00,3.154
4/19/2022 23:00,3.319
4/20/2022 0:00,3.549
4/20/2022 1:00,3.719
4/20/2022 2:00,3.819
4/20/2022 3:00,3.887
4/20/2022 4:00,4.139
4/20/2022 5:00,4.274
4/20/2022 6:00,4.42
4/20/2022 7:00,4.612
4/20/2022 8:00,5.017
4/20/2022 9:00,5.234
4/20/2022 10:00,5.293
4/20/2022 11:00,5.303
4/20/2022 12:00,5.279
4/20/2022 13:00,5.161
4/20/2022 14:00,4.888
4/20/2022 15:00,4.366
4/20/2022 16:00,3.775
4/20/2022 17:00,3.544
4/20/2022 18:00,3.651
4/20/2022 19:00,3.682
4/20/2022 20:00,3.664
4/20/2022 21:00,3.616
4/20/2022 22:00,3.628
4/20/2022 23:00,3.685
4/21/2022 0:00,3.593
4/21/2022 1:00,3.542
4/21/2022 2:00,3.668
4/21/2022 3:00,3.801
4/21/2022 4:00,3.923
4/21/2022 5:00,4.213
4/21/2022 6:00,4.57
4/21/2022 7:00,4.789
4/21/2022 8:00,5.112
4/21/2022 9:00,5.39
4/21/2022 10:00,5.441
4/21/2022 11:00,5.321
4/21/2022 12:00,5.12
4/21/2022 13:00,4.865
4/21/2022 14:00,4.515
4/21/2022 15:00,3.867
4/21/2022 16:00,3.189
4/21/2022 17:00,2.95
4/21/2022 18:00,3.103
4/21/2022 19:00,3
4/21/2022 20:00,2.702
4/21/2022 21:00,2.413
4/21/2022 22:00,2.131
4/21/2022 23:00,1.888
4/22/2022 0:00,1.907
4/22/2022 1:00,2.109
4/22/2022 2:00,2.224
4/22/2022 3:00,2.192
4/22/2022 4:00,2.273
4/22/2022 5:00,2.255
4/22/2022 6:00,2.158
4/22/2022 7:00,2.123
4/22/2022 8:00,2.146
4/22/2022 9:00,2.04
4/22/2022 10:00,1.833
4/22/2022 11:00,1.674
4/22/2022 12:00,1.648
4/22/2022 13:00,1.766
4/22/2022 14:00,1.868
4/22/2022 15:00,1.711
4/22/2022 16:00,1.237
4/22/2022 17:00,1.349
4/22/2022 18:00,1.436
4/22/2022 19:00,1.423
4/22/2022 20:00,1.371
4/22/2022 21:00,1.337
4/22/2022 22:00,1.324
4/22/2022 23:00,1.327
4/23/2022 0:00,1.353
4/23/2022 1:00,1.403
4/23/2022 2:00,1.473
4/23/2022 3:00,1.597
4/23/2022 4:00,2.325
4/23/2022 5:00,2.558
4/23/2022 6:00,2.593
4/23/2022 7:00,3.163
4/23/2022 8:00,3.473
4/23/2022 9:00,3.575
4/23/2022 10:00,3.638
4/23/2022 11:00,3.692
4/23/2022 12:00,3.731
4/23/2022 13:00,3.739
4/23/2022 14:00,3.597
4/23/2022 15:00,3.273
4/23/2022 16:00,3.018
4/23/2022 17:00,3.002
4/23/2022 18:00,3.113
4/23/2022 19:00,3.154
4/23/2022 20:00,3.269
4/23/2022 21:00,3.541
4/23/2022 22:00,3.734
4/23/2022 23:00,3.891
4/24/2022 0:00,3.921
4/24/2022 1:00,4.073
4/24/2022 2:00,4.313
4/24/2022 3:00,4.589
4/24/2022 4:00,5.02
4/24/2022 5:00,5.37
4/24/2022 6:00,5.525
4/24/2022 7:00,5.61
4/24/2022 8:00,5.509
4/24/2022 9:00,5.26
4/24/2022 10:00,5.012
4/24/2022 11:00,4.685
4/24/2022 12:00,4.312
4/24/2022 13:00,3.923
4/24/2022 14:00,3.646
4/24/2022 15:00,3.295
4/24/2022 16:00,2.835
4/24/2022 17:00,2.602
4/24/2022 18:00,2.42
4/24/2022 19:00,2.202
4/24/2022 20:00,2.011
4/24/2022 21:00,1.883
4/24/2022 22:00,1.842
4/24/2022 23:00,1.828
4/25/2022 0:00,1.897
4/25/2022 1:00,1.944
4/25/2022 2:00,1.916
4/25/2022 3:00,1.842
4/25/2022 4:00,1.854
4/25/2022 5:00,1.876
4/25/2022 6:00,1.896
4/25/2022 7:00,1.828
4/25/2022 8:00,1.748
4/25/2022 9:00,1.681
4/25/2022 10:00,1.721
4/25/2022 11:00,1.915
4/25/2022 12:00,2.196
4/25/2022 13:00,2.454
4/25/2022 14:00,2.613
4/25/2022 15:00,2.64
4/25/2022 16:00,2.32
4/25/2022 17:00,1.534
4/25/2022 18:00,1.359
4/25/2022 19:00,1.339
4/25/2022 20:00,1.396
4/25/2022 21:00,1.606
4/25/2022 22:00,1.905
4/25/2022 23:00,2.259
4/26/2022 0:00,2.571
4/26/2022 1:00,2.637
4/26/2022 2:00,2.232
4/26/2022 3:00,2.446
4/26/2022 4:00,2.691
4/26/2022 5:00,2.673
4/26/2022 6:00,2.829
4/26/2022 7:00,3.072
4/26/2022 8:00,3.32
4/26/2022 9:00,3.492
4/26/2022 10:00,3.664
4/26/2022 11:00,3.785
4/26/2022 12:00,3.842
4/26/2022 13:00,3.836
4/26/2022 14:00,3.733
4/26/2022 15:00,3.491
4/26/2022 16:00,2.846
4/26/2022 17:00,2.112
4/26/2022 18:00,2.256
4/26/2022 19:00,2.418
4/26/2022 20:00,2.46
4/26/2022 21:00,2.37
4/26/2022 22:00,2.273
4/26/2022 23:00,2.266
4/27/2022 0:00,2.292
4/27/2022 1:00,2.352
4/27/2022 2:00,2.363
4/27/2022 3:00,2.751
4/27/2022 4:00,3.326
4/27/2022 5:00,3.85
4/27/2022 6:00,4.3
4/27/2022 7:00,4.544
4/27/2022 8:00,4.563
4/27/2022 9:00,4.402
4/27/2022 10:00,4.176
4/27/2022 11:00,3.989
4/27/2022 12:00,3.85
4/27/2022 13:00,3.705
4/27/2022 14:00,3.491
4/27/2022 15:00,3.161
4/27/2022 16:00,2.434
4/27/2022 17:00,1.524
4/27/2022 18:00,1.429
4/27/2022 19:00,1.356
4/27/2022 20:00,1.292
4/27/2022 21:00,1.275
4/27/2022 22:00,1.297
4/27/2022 23:00,1.335
4/28/2022 0:00,1.379
4/28/2022 1:00,1.412
4/28/2022 2:00,1.411
4/28/2022 3:00,1.329
4/28/2022 4:00,1.702
4/28/2022 5:00,1.83
4/28/2022 6:00,1.741
4/28/2022 7:00,1.7
4/28/2022 8:00,1.732
4/28/2022 9:00,1.88
4/28/2022 10:00,2.04
4/28/2022 11:00,2.181
4/28/2022 12:00,2.309
4/28/2022 13:00,2.438
4/28/2022 14:00,2.514
4/28/2022 15:00,2.398
4/28/2022 16:00,1.886
4/28/2022 17:00,1.687
4/28/2022 18:00,1.986
4/28/2022 19:00,2.365
4/28/2022 20:00,2.63
4/28/2022 21:00,2.803
4/28/2022 22:00,2.715
4/28/2022 23:00,2.507
4/29/2022 0:00,2.28
4/29/2022 1:00,2.091
4/29/2022 2:00,1.96
4/29/2022 3:00,2.072
4/29/2022 4:00,2.291
4/29/2022 5:00,2.437
4/29/2022 6:00,2.616
4/29/2022 7:00,2.713
4/29/2022 8:00,2.726
4/29/2022 9:00,2.718
4/29/2022 10:00,2.732
4/29/2022 11:00,2.775
4/29/2022 12:00,2.821
4/29/2022 13:00,2.836
4/29/2022 14:00,2.775
4/29/2022 15:00,2.498
4/29/2022 16:00,1.776
4/29/2022 17:00,1.302
4/29/2022 18:00,1.444
4/29/2022 19:00,1.472
4/29/2022 20:00,1.428
4/29/2022 21:00,1.426
4/29/2022 22:00,1.49
4/29/2022 23:00,1.508
4/30/2022 0:00,1.507
4/30/2022 1:00,1.521
4/30/2022 2:00,1.533
4/30/2022 3:00,1.567
4/30/2022 4:00,2.105
4/30/2022 5:00,2.422
4/30/2022 6:00,2.51
4/30/2022 7:00,2.478
4/30/2022 8:00,2.327
4/30/2022 9:00,2.17
4/30/2022 10:00,2.095
4/30/2022 11:00,2.031
4/30/2022 12:00,1.988
4/30/2022 13:00,1.983
4/30/2022 14:00,1.948
4/30/2022 15:00,1.749
4/30/2022 16:00,1.149
4/30/2022 17:00,0.755
4/30/2022 18:00,0.752
4/30/2022 19:00,0.745
4/30/2022 20:00,0.816
4/30/2022 21:00,1.007
4/30/2022 22:00,1.253
4/30/2022 23:00,1.47
5/1/2022 0:00,1.634
5/1/2022 1:00,1.757
5/1/2022 2:00,1.855
5/1/2022 3:00,1.991
5/1/2022 4:00,2.481
5/1/2022 5:00,2.302
5/1/2022 6:00,2.072
5/1/2022 7:00,2.146
5/1/2022 8:00,2.036
5/1/2022 9:00,1.996
5/1/2022 10:00,1.986
5/1/2022 11:00,1.891
5/1/2022 12:00,1.738
5/1/2022 13:00,1.595
5/1/2022 14:00,1.399
5/1/2022 15:00,1.137
5/1/2022 16:00,0.715
5/1/2022 17:00,0.492
5/1/2022 18:00,0.512
5/1/2022 19:00,0.649
5/1/2022 20:00,0.728
5/1/2022 21:00,0.753
5/1/2022 22:00,0.729
5/1/2022 23:00,0.701
5/2/2022 0:00,0.682
5/2/2022 1:00,0.684
5/2/2022 2:00,0.743
5/2/2022 3:00,0.884
5/2/2022 4:00,1.382
5/2/2022 5:00,1.592
5/2/2022 6:00,1.688
5/2/2022 7:00,1.862
5/2/2022 8:00,2.194
5/2/2022 9:00,2.556
5/2/2022 10:00,2.934
5/2/2022 11:00,3.287
5/2/2022 12:00,3.569
5/2/2022 13:00,3.812
5/2/2022 14:00,4.002
5/2/2022 15:00,3.942
5/2/2022 16:00,3.53
5/2/2022 17:00,3.16
5/2/2022 18:00,3.248
5/2/2022 19:00,3.621
5/2/2022 20:00,3.854
5/2/2022 21:00,4.072
5/2/2022 22:00,4.178
5/2/2022 23:00,4.191
5/3/2022 0:00,3.886
5/3/2022 1:00,3.568
5/3/2022 2:00,3.077
5/3/2022 3:00,2.794
5/3/2022 4:00,2.68
5/3/2022 5:00,2.618
5/3/2022 6:00,2.704
5/3/2022 7:00,2.987
5/3/2022 8:00,3.503
5/3/2022 9:00,4.099
5/3/2022 10:00,4.725
5/3/2022 11:00,5.238
5/3/2022 12:00,5.472
5/3/2022 13:00,5.485
5/3/2022 14:00,5.375
5/3/2022 15:00,5.11
5/3/2022 16:00,4.587
5/3/2022 17:00,3.573
5/3/2022 18:00,2.713
5/3/2022 19:00,2.536
5/3/2022 20:00,2.483
5/3/2022 21:00,2.434
5/3/2022 22:00,2.37
5/3/2022 23:00,2.306
5/4/2022 0:00,2.223
5/4/2022 1:00,2.127
5/4/2022 2:00,2.011
5/4/2022 3:00,1.996
5/4/2022 4:00,2.46
5/4/2022 5:00,2.704
5/4/2022 6:00,2.816
5/4/2022 7:00,2.854
5/4/2022 8:00,2.865
5/4/2022 9:00,2.844
5/4/2022 10:00,2.844
5/4/2022 11:00,2.858
5/4/2022 12:00,2.828
5/4/2022 13:00,2.75
5/4/2022 14:00,2.563
5/4/2022 15:00,2.234
5/4/2022 16:00,1.551
5/4/2022 17:00,1.005
5/4/2022 18:00,1.013
5/4/2022 19:00,0.948
5/4/2022 20:00,0.989
5/4/2022 21:00,1.21
5/4/2022 22:00,1.506
5/4/2022 23:00,1.745
5/5/2022 0:00,1.863
5/5/2022 1:00,1.913
5/5/2022 2:00,1.944
5/5/2022 3:00,2.065
5/5/2022 4:00,2.483
5/5/2022 5:00,2.65
5/5/2022 6:00,2.657
5/5/2022 7:00,2.962
5/5/2022 8:00,3.32
5/5/2022 9:00,3.506
5/5/2022 10:00,3.613
5/5/2022 11:00,3.663
5/5/2022 12:00,3.571
5/5/2022 13:00,3.292
5/5/2022 14:00,2.818
5/5/2022 15:00,2.266
5/5/2022 16:00,1.868
5/5/2022 17:00,1.724
5/5/2022 18:00,1.775
5/5/2022 19:00,1.798
5/5/2022 20:00,1.764
5/5/2022 21:00,1.799
5/5/2022 22:00,1.776
5/5/2022 23:00,1.699
5/6/2022 0:00,1.631
5/6/2022 1:00,1.675
5/6/2022 2:00,1.582
5/6/2022 3:00,1.603
5/6/2022 4:00,1.79
5/6/2022 5:00,1.822
5/6/2022 6:00,2.009
5/6/2022 7:00,2.131
5/6/2022 8:00,2.282
5/6/2022 9:00,2.237
5/6/2022 10:00,2.192
5/6/2022 11:00,2.165
5/6/2022 12:00,2.101
5/6/2022 13:00,2.061
5/6/2022 14:00,2.007
5/6/2022 15:00,1.786
5/6/2022 16:00,1.354
5/6/2022 17:00,1.22
5/6/2022 18:00,1.379
5/6/2022 19:00,1.643
5/6/2022 20:00,1.934
5/6/2022 21:00,2.105
5/6/2022 22:00,2.049
5/6/2022 23:00,1.944
5/7/2022 0:00,1.96
5/7/2022 1:00,2.062
5/7/2022 2:00,2.257
5/7/2022 3:00,2.765
5/7/2022 4:00,2.98
5/7/2022 5:00,3.153
5/7/2022 6:00,3.371
5/7/2022 7:00,3.583
5/7/2022 8:00,3.824
5/7/2022 9:00,3.841
5/7/2022 10:00,3.834
5/7/2022 11:00,3.878
5/7/2022 12:00,3.862
5/7/2022 13:00,3.774
5/7/2022 14:00,3.526
5/7/2022 15:00,3.25
5/7/2022 16:00,2.931
5/7/2022 17:00,2.722
5/7/2022 18:00,2.697
5/7/2022 19:00,2.674
5/7/2022 20:00,2.696
5/7/2022 21:00,2.77
5/7/2022 22:00,2.888
5/7/2022 23:00,2.877
5/8/2022 0:00,2.693
5/8/2022 1:00,2.421
5/8/2022 2:00,2.285
5/8/2022 3:00,2.517
5/8/2022 4:00,2.649
5/8/2022 5:00,2.678
5/8/2022 6:00,2.774
5/8/2022 7:00,2.803
5/8/2022 8:00,2.938
5/8/2022 9:00,3.225
5/8/2022 10:00,3.601
5/8/2022 11:00,3.958
5/8/2022 12:00,4.208
5/8/2022 13:00,4.343
5/8/2022 14:00,4.389
5/8/2022 15:00,4.363
5/8/2022 16:00,4.094
5/8/2022 17:00,3.334
5/8/2022 18:00,2.634
5/8/2022 19:00,2.488
5/8/2022 20:00,2.311
5/8/2022 21:00,2.117
5/8/2022 22:00,1.895
5/8/2022 23:00,1.702
5/9/2022 0:00,1.563
5/9/2022 1:00,1.481
5/9/2022 2:00,1.422
5/9/2022 3:00,1.412
5/9/2022 4:00,1.926
5/9/2022 5:00,2.15
5/9/2022 6:00,2.3
5/9/2022 7:00,2.356
5/9/2022 8:00,2.387
5/9/2022 9:00,2.48
5/9/2022 10:00,2.615
5/9/2022 11:00,2.704
5/9/2022 12:00,2.708
5/9/2022 13:00,2.635
5/9/2022 14:00,2.488
5/9/2022 15:00,2.201
5/9/2022 16:00,1.616
5/9/2022 17:00,0.88
5/9/2022 18:00,0.903
5/9/2022 19:00,0.891
5/9/2022 20:00,1.013
5/9/2022 21:00,1.243
5/9/2022 22:00,1.484
5/9/2022 23:00,1.693
5/10/2022 0:00,1.887
5/10/2022 1:00,2.059
5/10/2022 2:00,2.186
5/10/2022 3:00,2.385
5/10/2022 4:00,2.868
5/10/2022 5:00,2.645
5/10/2022 6:00,2.988
5/10/2022 7:00,3.159
5/10/2022 8:00,3.08
5/10/2022 9:00,2.985
5/10/2022 10:00,2.932
5/10/2022 11:00,2.888
5/10/2022 12:00,2.793
5/10/2022 13:00,2.678
5/10/2022 14:00,2.553
5/10/2022 15:00,2.357
5/10/2022 16:00,1.805
5/10/2022 17:00,1.692
5/10/2022 18:00,1.931
5/10/2022 19:00,2.297
5/10/2022 20:00,2.628
5/10/2022 21:00,2.838
5/10/2022 22:00,3.05
5/10/2022 23:00,3.25
5/11/2022 0:00,3.324
5/11/2022 1:00,3.41
5/11/2022 2:00,3.658
5/11/2022 3:00,3.963
5/11/2022 4:00,4.123
5/11/2022 5:00,3.903
5/11/2022 6:00,3.607
5/11/2022 7:00,3.65
5/11/2022 8:00,3.802
5/11/2022 9:00,3.769
5/11/2022 10:00,3.648
5/11/2022 11:00,3.594
5/11/2022 12:00,3.462
5/11/2022 13:00,3.206
5/11/2022 14:00,2.799
5/11/2022 15:00,2.536
5/11/2022 16:00,2.225
5/11/2022 17:00,1.727
5/11/2022 18:00,1.525
5/11/2022 19:00,1.607
5/11/2022 20:00,1.794
5/11/2022 21:00,2.056
5/11/2022 22:00,2.372
5/11/2022 23:00,2.562
5/12/2022 0:00,2.684
5/12/2022 1:00,2.703
5/12/2022 2:00,2.596
5/12/2022 3:00,2.537
5/12/2022 4:00,2.432
5/12/2022 5:00,2.518
5/12/2022 6:00,3.114
5/12/2022 7:00,3.831
5/12/2022 8:00,4.231
5/12/2022 9:00,4.629
5/12/2022 10:00,5.174
5/12/2022 11:00,5.584
5/12/2022 12:00,5.882
5/12/2022 13:00,6.096
5/12/2022 14:00,6.041
5/12/2022 15:00,5.652
5/12/2022 16:00,5.044
5/12/2022 17:00,4.583
5/12/2022 18:00,4.595
5/12/2022 19:00,4.786
5/12/2022 20:00,4.763
5/12/2022 21:00,4.591
5/12/2022 22:00,4.419
5/12/2022 23:00,4.317
5/13/2022 0:00,4.235
5/13/2022 1:00,4.114
5/13/2022 2:00,4.002
5/13/2022 3:00,4.245
5/13/2022 4:00,4.379
5/13/2022 5:00,4.725
5/13/2022 6:00,4.852
5/13/2022 7:00,4.835
5/13/2022 8:00,4.912
5/13/2022 9:00,4.953
5/13/2022 10:00,4.916
5/13/2022 11:00,4.859
5/13/2022 12:00,4.778
5/13/2022 13:00,4.671
5/13/2022 14:00,4.49
5/13/2022 15:00,4.182
5/13/2022 16:00,3.662
5/13/2022 17:00,3.034
5/13/2022 18:00,2.571
5/13/2022 19:00,2.527
5/13/2022 20:00,2.538
5/13/2022 21:00,2.701
5/13/2022 22:00,2.787
5/13/2022 23:00,2.838
5/14/2022 0:00,3.023
5/14/2022 1:00,2.977
5/14/2022 2:00,3.002
5/14/2022 3:00,3.025
5/14/2022 4:00,3.147
5/14/2022 5:00,3.245
5/14/2022 6:00,3.351
5/14/2022 7:00,3.543
5/14/2022 8:00,3.724
5/14/2022 9:00,3.825
5/14/2022 10:00,3.866
5/14/2022 11:00,3.833
5/14/2022 12:00,3.605
5/14/2022 13:00,3.3
5/14/2022 14:00,3.211
5/14/2022 15:00,3.211
5/14/2022 16:00,2.924
5/14/2022 17:00,2.473
5/14/2022 18:00,2.313
5/14/2022 19:00,2.534
5/14/2022 20:00,2.706
5/14/2022 21:00,2.735
5/14/2022 22:00,2.713
5/14/2022 23:00,2.637
5/15/2022 0:00,2.612
5/15/2022 1:00,2.521
5/15/2022 2:00,2.692
5/15/2022 3:00,2.978
5/15/2022 4:00,2.942
5/15/2022 5:00,2.974
5/15/2022 6:00,3.2
5/15/2022 7:00,3.545
5/15/2022 8:00,3.905
5/15/2022 9:00,4.226
5/15/2022 10:00,4.54
5/15/2022 11:00,4.703
5/15/2022 12:00,4.673
5/15/2022 13:00,4.555
5/15/2022 14:00,4.468
5/15/2022 15:00,4.302
5/15/2022 16:00,3.885
5/15/2022 17:00,2.995
5/15/2022 18:00,2.266
5/15/2022 19:00,2.251
5/15/2022 20:00,2.425
5/15/2022 21:00,2.622
5/15/2022 22:00,2.739
5/15/2022 23:00,2.791
5/16/2022 0:00,2.824
5/16/2022 1:00,2.867
5/16/2022 2:00,2.896
5/16/2022 3:00,3.166
5/16/2022 4:00,3.214
5/16/2022 5:00,3.354
5/16/2022 6:00,3.623
5/16/2022 7:00,3.93
5/16/2022 8:00,4.224
5/16/2022 9:00,4.458
5/16/2022 10:00,4.629
5/16/2022 11:00,4.747
5/16/2022 12:00,4.803
5/16/2022 13:00,4.792
5/16/2022 14:00,4.686
5/16/2022 15:00,4.495
5/16/2022 16:00,4.153
5/16/2022 17:00,3.483
5/16/2022 18:00,2.821
5/16/2022 19:00,2.987
5/16/2022 20:00,3.09
5/16/2022 21:00,3.19
5/16/2022 22:00,3.221
5/16/2022 23:00,3.35
5/17/2022 0:00,3.445
5/17/2022 1:00,3.616
5/17/2022 2:00,3.682
5/17/2022 3:00,3.891
5/17/2022 4:00,4.123
5/17/2022 5:00,4.591
5/17/2022 6:00,4.865
5/17/2022 7:00,5.048
5/17/2022 8:00,5.257
5/17/2022 9:00,5.425
5/17/2022 10:00,5.504
5/17/2022 11:00,5.53
5/17/2022 12:00,5.487
5/17/2022 13:00,5.36
5/17/2022 14:00,5.164
5/17/2022 15:00,4.818
5/17/2022 16:00,4.301
5/17/2022 17:00,3.595
5/17/2022 18:00,2.846
5/17/2022 19:00,2.623
5/17/2022 20:00,2.6
5/17/2022 21:00,2.642
5/17/2022 22:00,2.66
5/17/2022 23:00,2.625
5/18/2022 0:00,2.619
5/18/2022 1:00,2.612
5/18/2022 2:00,2.653
5/18/2022 3:00,2.975
5/18/2022 4:00,3.251
5/18/2022 5:00,3.465
5/18/2022 6:00,3.582
5/18/2022 7:00,3.655
5/18/2022 8:00,3.692
5/18/2022 9:00,3.731
5/18/2022 10:00,3.75
5/18/2022 11:00,3.74
5/18/2022 12:00,3.697
5/18/2022 13:00,3.664
5/18/2022 14:00,3.635
5/18/2022 15:00,3.524
5/18/2022 16:00,3.074
5/18/2022 17:00,2.327
5/18/2022 18:00,2.115
5/18/2022 19:00,2.402
5/18/2022 20:00,2.687
5/18/2022 21:00,2.845
5/18/2022 22:00,2.868
5/18/2022 23:00,2.945
5/19/2022 0:00,2.971
5/19/2022 1:00,3.094
5/19/2022 2:00,2.94
5/19/2022 3:00,3.014
5/19/2022 4:00,3.161
5/19/2022 5:00,3.238
5/19/2022 6:00,3.241
5/19/2022 7:00,3.2
5/19/2022 8:00,3.19
5/19/2022 9:00,3.226
5/19/2022 10:00,3.431
5/19/2022 11:00,3.78
5/19/2022 12:00,3.735
5/19/2022 13:00,3.459
5/19/2022 14:00,3.214
5/19/2022 15:00,2.829
5/19/2022 16:00,2.297
5/19/2022 17:00,1.719
5/19/2022 18:00,1.117
5/19/2022 19:00,0.89
5/19/2022 20:00,0.737
5/19/2022 21:00,0.703
5/19/2022 22:00,0.83
5/19/2022 23:00,1.047
5/20/2022 0:00,1.23
5/20/2022 1:00,1.244
5/20/2022 2:00,1.307
5/20/2022 3:00,1.726
5/20/2022 4:00,2.162
5/20/2022 5:00,2.352
5/20/2022 6:00,2.492
5/20/2022 7:00,2.636
5/20/2022 8:00,2.77
5/20/2022 9:00,2.848
5/20/2022 10:00,2.81
5/20/2022 11:00,2.686
5/20/2022 12:00,2.606
5/20/2022 13:00,2.588
5/20/2022 14:00,2.718
5/20/2022 15:00,2.922
5/20/2022 16:00,2.979
5/20/2022 17:00,2.827
5/20/2022 18:00,2.476
5/20/2022 19:00,2.3
5/20/2022 20:00,1.977
5/20/2022 21:00,1.777
5/20/2022 22:00,1.909
5/20/2022 23:00,2.109
5/21/2022 0:00,2.123
5/21/2022 1:00,2.223
5/21/2022 2:00,2.377
5/21/2022 3:00,2.538
5/21/2022 4:00,2.734
5/21/2022 5:00,3.022
5/21/2022 6:00,3.059
5/21/2022 7:00,2.932
5/21/2022 8:00,2.81
5/21/2022 9:00,2.755
5/21/2022 10:00,2.662
5/21/2022 11:00,2.522
5/21/2022 12:00,2.436
5/21/2022 13:00,2.329
5/21/2022 14:00,2.161
5/21/2022 15:00,2.002
5/21/2022 16:00,1.915
5/21/2022 17:00,1.986
5/21/2022 18:00,2.215
5/21/2022 19:00,2.486
5/21/2022 20:00,2.776
5/21/2022 21:00,2.919
5/21/2022 22:00,2.956
5/21/2022 23:00,2.957
5/22/2022 0:00,2.931
5/22/2022 1:00,2.868
5/22/2022 2:00,2.885
5/22/2022 3:00,3.014
5/22/2022 4:00,2.942
5/22/2022 5:00,2.89
5/22/2022 6:00,2.926
5/22/2022 7:00,3.028
5/22/2022 8:00,3.099
5/22/2022 9:00,3.02
5/22/2022 10:00,2.868
5/22/2022 11:00,2.737
5/22/2022 12:00,2.633
5/22/2022 13:00,2.564
5/22/2022 14:00,2.474
5/22/2022 15:00,2.323
5/22/2022 16:00,2.073
5/22/2022 17:00,1.81
5/22/2022 18:00,1.652
5/22/2022 19:00,1.581
5/22/2022 20:00,1.533
5/22/2022 21:00,1.551
5/22/2022 22:00,1.551
5/22/2022 23:00,1.499
5/23/2022 0:00,1.428
5/23/2022 1:00,1.363
5/23/2022 2:00,1.314
5/23/2022 3:00,1.562
5/23/2022 4:00,1.288
5/23/2022 5:00,1.138
5/23/2022 6:00,1.296
5/23/2022 7:00,1.462
5/23/2022 8:00,1.581
5/23/2022 9:00,1.56
5/23/2022 10:00,1.481
5/23/2022 11:00,1.384
5/23/2022 12:00,1.323
5/23/2022 13:00,1.283
5/23/2022 14:00,1.245
5/23/2022 15:00,1.197
5/23/2022 16:00,1.002
5/23/2022 17:00,0.83
5/23/2022 18:00,1.031
5/23/2022 19:00,1.132
5/23/2022 20:00,1.147
5/23/2022 21:00,1.131
5/23/2022 22:00,1.1
5/23/2022 23:00,1.11
5/24/2022 0:00,1.157
5/24/2022 1:00,1.233
5/24/2022 2:00,1.294
5/24/2022 3:00,1.381
5/24/2022 4:00,1.846
5/24/2022 5:00,1.647
5/24/2022 6:00,1.973
5/24/2022 7:00,2.312
5/24/2022 8:00,2.419
5/24/2022 9:00,2.366
5/24/2022 10:00,2.257
5/24/2022 11:00,2.151
5/24/2022 12:00,2.09
5/24/2022 13:00,2.065
5/24/2022 14:00,2.029
5/24/2022 15:00,1.896
5/24/2022 16:00,1.582
5/24/2022 17:00,1.316
5/24/2022 18:00,1.48
5/24/2022 19:00,1.624
5/24/2022 20:00,1.742
5/24/2022 21:00,1.9
5/24/2022 22:00,2.074
5/24/2022 23:00,2.213
5/25/2022 0:00,2.314
5/25/2022 1:00,2.336
5/25/2022 2:00,2.396
5/25/2022 3:00,2.682
5/25/2022 4:00,2.542
5/25/2022 5:00,2.233
5/25/2022 6:00,2.125
5/25/2022 7:00,2.202
5/25/2022 8:00,2.285
5/25/2022 9:00,2.386
5/25/2022 10:00,2.529
5/25/2022 11:00,2.625
5/25/2022 12:00,2.588
5/25/2022 13:00,2.377
5/25/2022 14:00,2.019
5/25/2022 15:00,1.693
5/25/2022 16:00,1.378
5/25/2022 17:00,1.402
5/25/2022 18:00,1.856
5/25/2022 19:00,2.46
5/25/2022 20:00,2.853
5/25/2022 21:00,2.827
5/25/2022 22:00,2.538
5/25/2022 23:00,2.279
5/26/2022 0:00,2.122
5/26/2022 1:00,2.078
5/26/2022 2:00,2.262
5/26/2022 3:00,2.727
5/26/2022 4:00,2.949
5/26/2022 5:00,3.078
5/26/2022 6:00,3.173
5/26/2022 7:00,3.32
5/26/2022 8:00,3.412
5/26/2022 9:00,3.532
5/26/2022 10:00,3.647
5/26/2022 11:00,3.727
5/26/2022 12:00,3.793
5/26/2022 13:00,3.97
5/26/2022 14:00,4.015
5/26/2022 15:00,3.993
5/26/2022 16:00,3.826
5/26/2022 17:00,3.607
5/26/2022 18:00,3.669
5/26/2022 19:00,3.916
5/26/2022 20:00,4.02
5/26/2022 21:00,4.16
5/26/2022 22:00,4.194
5/26/2022 23:00,4.128
5/27/2022 0:00,4.127
5/27/2022 1:00,4.3
5/27/2022 2:00,4.302
5/27/2022 3:00,4.408
5/27/2022 4:00,4.79
5/27/2022 5:00,5.233
5/27/2022 6:00,5.42
5/27/2022 7:00,5.557
5/27/2022 8:00,5.681
5/27/2022 9:00,5.722
5/27/2022 10:00,5.632
5/27/2022 11:00,5.422
5/27/2022 12:00,5.144
5/27/2022 13:00,4.855
5/27/2022 14:00,4.563
5/27/2022 15:00,4.131
5/27/2022 16:00,3.552
5/27/2022 17:00,2.836
5/27/2022 18:00,2.372
5/27/2022 19:00,2.545
5/27/2022 20:00,2.843
5/27/2022 21:00,2.998
5/27/2022 22:00,3.135
5/27/2022 23:00,3.213
5/28/2022 0:00,3.227
5/28/2022 1:00,3.173
5/28/2022 2:00,3.137
5/28/2022 3:00,3.341
5/28/2022 4:00,3.42
5/28/2022 5:00,3.494
5/28/2022 6:00,3.643
5/28/2022 7:00,3.796
5/28/2022 8:00,3.811
5/28/2022 9:00,3.661
5/28/2022 10:00,3.444
5/28/2022 11:00,3.245
5/28/2022 12:00,3.072
5/28/2022 13:00,2.949
5/28/2022 14:00,2.827
5/28/2022 15:00,2.668
5/28/2022 16:00,2.305
5/28/2022 17:00,1.774
5/28/2022 18:00,1.609
5/28/2022 19:00,1.683
5/28/2022 20:00,1.733
5/28/2022 21:00,1.705
5/28/2022 22:00,1.64
5/28/2022 23:00,1.576
5/29/2022 0:00,1.523
5/29/2022 1:00,1.58
5/29/2022 2:00,1.93
5/29/2022 3:00,2.224
5/29/2022 4:00,2.361
5/29/2022 5:00,2.51
5/29/2022 6:00,2.631
5/29/2022 7:00,2.618
5/29/2022 8:00,2.505
5/29/2022 9:00,2.394
5/29/2022 10:00,2.256
5/29/2022 11:00,2.068
5/29/2022 12:00,1.905
5/29/2022 13:00,1.734
5/29/2022 14:00,1.537
5/29/2022 15:00,1.283
5/29/2022 16:00,0.939
5/29/2022 17:00,0.623
5/29/2022 18:00,0.515
5/29/2022 19:00,0.523
5/29/2022 20:00,0.547
5/29/2022 21:00,0.633
5/29/2022 22:00,0.785
5/29/2022 23:00,0.944
5/30/2022 0:00,1.039
5/30/2022 1:00,1.057
5/30/2022 2:00,1.041
5/30/2022 3:00,1.3
5/30/2022 4:00,1.522
5/30/2022 5:00,1.559
5/30/2022 6:00,1.536
5/30/2022 7:00,1.65
5/30/2022 8:00,1.815
5/30/2022 9:00,1.89
5/30/2022 10:00,1.916
5/30/2022 11:00,1.938
5/30/2022 12:00,1.972
5/30/2022 13:00,1.968
5/30/2022 14:00,1.954
5/30/2022 15:00,1.985
5/30/2022 16:00,2.175
5/30/2022 17:00,2.509
5/30/2022 18:00,2.931
5/30/2022 19:00,3.346
5/30/2022 20:00,3.641
5/30/2022 21:00,3.842
5/30/2022 22:00,3.769
5/30/2022 23:00,3.342
5/31/2022 0:00,2.688
5/31/2022 1:00,2.166
5/31/2022 2:00,2.046
5/31/2022 3:00,2.84
5/31/2022 4:00,3.659
5/31/2022 5:00,4.367
5/31/2022 6:00,4.951
5/31/2022 7:00,5.334
5/31/2022 8:00,5.587
5/31/2022 9:00,5.668
5/31/2022 10:00,5.657
5/31/2022 11:00,5.532
5/31/2022 12:00,5.277
5/31/2022 13:00,4.988
5/31/2022 14:00,4.587
5/31/2022 15:00,4.152
5/31/2022 16:00,3.582
5/31/2022 17:00,2.816
5/31/2022 18:00,2.258
5/31/2022 19:00,2.245
5/31/2022 20:00,2.339
5/31/2022 21:00,2.314
5/31/2022 22:00,2.223
5/31/2022 23:00,2.164
6/1/2022 0:00,2.104
6/1/2022 1:00,2.063
6/1/2022 2:00,2.264
6/1/2022 3:00,2.649
6/1/2022 4:00,2.719
6/1/2022 5:00,2.637
6/1/2022 6:00,2.726
6/1/2022 7:00,2.994
6/1/2022 8:00,3.211
6/1/2022 9:00,3.346
6/1/2022 10:00,3.566
6/1/2022 11:00,3.748
6/1/2022 12:00,3.702
6/1/2022 13:00,3.533
6/1/2022 14:00,3.343
6/1/2022 15:00,3.3
6/1/2022 16:00,3.143
6/1/2022 17:00,2.966
6/1/2022 18:00,3.009
6/1/2022 19:00,3.156
6/1/2022 20:00,3.048
6/1/2022 21:00,2.942
6/1/2022 22:00,3.177
6/1/2022 23:00,3.519
6/2/2022 0:00,3.628
6/2/2022 1:00,3.674
6/2/2022 2:00,3.775
6/2/2022 3:00,3.972
6/2/2022 4:00,4.437
6/2/2022 5:00,5.073
6/2/2022 6:00,5.596
6/2/2022 7:00,5.883
6/2/2022 8:00,6.029
6/2/2022 9:00,5.984
6/2/2022 10:00,5.784
6/2/2022 11:00,5.534
6/2/2022 12:00,5.274
6/2/2022 13:00,4.932
6/2/2022 14:00,4.563
6/2/2022 15:00,4.106
6/2/2022 16:00,3.613
6/2/2022 17:00,3.067
6/2/2022 18:00,2.753
6/2/2022 19:00,2.826
6/2/2022 20:00,2.929
6/2/2022 21:00,3.016
6/2/2022 22:00,3.094
6/2/2022 23:00,3.109
6/3/2022 0:00,3.127
6/3/2022 1:00,3.181
6/3/2022 2:00,3.317
6/3/2022 3:00,3.484
6/3/2022 4:00,3.593
6/3/2022 5:00,3.741
6/3/2022 6:00,3.814
6/3/2022 7:00,3.864
6/3/2022 8:00,3.909
6/3/2022 9:00,4.005
6/3/2022 10:00,4.156
6/3/2022 11:00,4.296
6/3/2022 12:00,4.338
6/3/2022 13:00,4.28
6/3/2022 14:00,4.059
6/3/2022 15:00,3.784
6/3/2022 16:00,3.507
6/3/2022 17:00,3.163
6/3/2022 18:00,2.85
6/3/2022 19:00,2.768
6/3/2022 20:00,2.763
6/3/2022 21:00,2.6
6/3/2022 22:00,2.451
6/3/2022 23:00,2.378
6/4/2022 0:00,2.363
6/4/2022 1:00,2.374
6/4/2022 2:00,2.523
6/4/2022 3:00,2.781
6/4/2022 4:00,2.906
6/4/2022 5:00,2.918
6/4/2022 6:00,2.935
6/4/2022 7:00,3.006
6/4/2022 8:00,3.026
6/4/2022 9:00,2.989
6/4/2022 10:00,2.974
6/4/2022 11:00,2.96
6/4/2022 12:00,2.913
6/4/2022 13:00,2.818
6/4/2022 14:00,2.677
6/4/2022 15:00,2.536
6/4/2022 16:00,2.246
6/4/2022 17:00,1.812
6/4/2022 18:00,1.429
6/4/2022 19:00,1.475
6/4/2022 20:00,1.573
6/4/2022 21:00,1.637
6/4/2022 22:00,1.72
6/4/2022 23:00,1.804
6/5/2022 0:00,1.829
6/5/2022 1:00,1.754
6/5/2022 2:00,1.732
6/5/2022 3:00,2
6/5/2022 4:00,1.804
6/5/2022 5:00,1.688
6/5/2022 6:00,1.708
6/5/2022 7:00,1.772
6/5/2022 8:00,1.84
6/5/2022 9:00,1.856
6/5/2022 10:00,1.88
6/5/2022 11:00,1.96
6/5/2022 12:00,2.039
6/5/2022 13:00,2.062
6/5/2022 14:00,1.989
6/5/2022 15:00,1.803
6/5/2022 16:00,1.484
6/5/2022 17:00,1.127
6/5/2022 18:00,1.094
6/5/2022 19:00,1.148
6/5/2022 20:00,1.145
6/5/2022 21:00,1.201
6/5/2022 22:00,1.309
6/5/2022 23:00,1.364
6/6/2022 0:00,1.316
6/6/2022 1:00,1.205
6/6/2022 2:00,1.03
6/6/2022 3:00,1.212
6/6/2022 4:00,0.998
6/6/2022 5:00,0.749
6/6/2022 6:00,0.697
6/6/2022 7:00,0.754
6/6/2022 8:00,0.889
6/6/2022 9:00,0.862
6/6/2022 10:00,0.834
6/6/2022 11:00,0.844
6/6/2022 12:00,0.879
6/6/2022 13:00,0.971
6/6/2022 14:00,1.064
6/6/2022 15:00,1.143
6/6/2022 16:00,1.195
6/6/2022 17:00,1.166
6/6/2022 18:00,1.352
6/6/2022 19:00,1.496
6/6/2022 20:00,1.58
6/6/2022 21:00,1.654
6/6/2022 22:00,1.739
6/6/2022 23:00,1.7
6/7/2022 0:00,1.594
6/7/2022 1:00,1.504
6/7/2022 2:00,1.553
6/7/2022 3:00,1.947
6/7/2022 4:00,2.031
6/7/2022 5:00,2.033
6/7/2022 6:00,2.168
6/7/2022 7:00,2.319
6/7/2022 8:00,2.409
6/7/2022 9:00,2.382
6/7/2022 10:00,2.279
6/7/2022 11:00,2.167
6/7/2022 12:00,2.075
6/7/2022 13:00,1.999
6/7/2022 14:00,1.867
6/7/2022 15:00,1.681
6/7/2022 16:00,1.533
6/7/2022 17:00,1.137
6/7/2022 18:00,1.141
6/7/2022 19:00,1.233
6/7/2022 20:00,1.343
6/7/2022 21:00,1.467
6/7/2022 22:00,1.534
6/7/2022 23:00,1.468
6/8/2022 0:00,1.362
6/8/2022 1:00,1.286
6/8/2022 2:00,1.328
6/8/2022 3:00,1.51
6/8/2022 4:00,1.399
6/8/2022 5:00,1.112
6/8/2022 6:00,1.039
6/8/2022 7:00,1.053
6/8/2022 8:00,1.101
6/8/2022 9:00,0.972
6/8/2022 10:00,0.84
6/8/2022 11:00,0.733
6/8/2022 12:00,0.929
6/8/2022 13:00,1.201
6/8/2022 14:00,1.397
6/8/2022 15:00,1.464
6/8/2022 16:00,1.43
6/8/2022 17:00,1.233
6/8/2022 18:00,0.979
6/8/2022 19:00,0.929
6/8/2022 20:00,0.961
6/8/2022 21:00,1.028
6/8/2022 22:00,1.077
6/8/2022 23:00,1.098
6/9/2022 0:00,1.084
6/9/2022 1:00,1.027
6/9/2022 2:00,0.919
6/9/2022 3:00,1.031
6/9/2022 4:00,1.146
6/9/2022 5:00,1.116
6/9/2022 6:00,1.117
6/9/2022 7:00,1.137
6/9/2022 8:00,1.166
6/9/2022 9:00,1.228
6/9/2022 10:00,1.307
6/9/2022 11:00,1.296
6/9/2022 12:00,1.208
6/9/2022 13:00,1.104
6/9/2022 14:00,1.016
6/9/2022 15:00,0.992
6/9/2022 16:00,0.925
6/9/2022 17:00,0.837
6/9/2022 18:00,0.875
6/9/2022 19:00,1.026
6/9/2022 20:00,1.083
6/9/2022 21:00,1.092
6/9/2022 22:00,1.085
6/9/2022 23:00,1.078
6/10/2022 0:00,1.079
6/10/2022 1:00,1.051
6/10/2022 2:00,1.045
6/10/2022 3:00,1.199
6/10/2022 4:00,1.293
6/10/2022 5:00,1.175
6/10/2022 6:00,1.108
6/10/2022 7:00,1.098
6/10/2022 8:00,1.173
6/10/2022 9:00,1.291
6/10/2022 10:00,1.323
6/10/2022 11:00,1.252
6/10/2022 12:00,1.211
6/10/2022 13:00,1.278
6/10/2022 14:00,1.511
6/10/2022 15:00,1.776
6/10/2022 16:00,1.933
6/10/2022 17:00,1.982
6/10/2022 18:00,1.855
6/10/2022 19:00,1.659
6/10/2022 20:00,1.481
6/10/2022 21:00,1.361
6/10/2022 22:00,1.352
6/10/2022 23:00,1.404
6/11/2022 0:00,1.449
6/11/2022 1:00,1.405
6/11/2022 2:00,1.443
6/11/2022 3:00,1.73
6/11/2022 4:00,1.69
6/11/2022 5:00,1.595
6/11/2022 6:00,1.554
6/11/2022 7:00,1.579
6/11/2022 8:00,1.657
6/11/2022 9:00,1.764
6/11/2022 10:00,1.835
6/11/2022 11:00,1.873
6/11/2022 12:00,1.924
6/11/2022 13:00,1.966
6/11/2022 14:00,1.982
6/11/2022 15:00,1.979
6/11/2022 16:00,1.876
6/11/2022 17:00,1.595
6/11/2022 18:00,1.246
6/11/2022 19:00,1.257
6/11/2022 20:00,1.345
6/11/2022 21:00,1.426
6/11/2022 22:00,1.534
6/11/2022 23:00,1.668
6/12/2022 0:00,1.795
6/12/2022 1:00,1.91
6/12/2022 2:00,2.225
6/12/2022 3:00,2.574
6/12/2022 4:00,2.483
6/12/2022 5:00,2.673
6/12/2022 6:00,2.713
6/12/2022 7:00,2.744
6/12/2022 8:00,2.808
6/12/2022 9:00,2.914
6/12/2022 10:00,3.027
6/12/2022 11:00,3.147
6/12/2022 12:00,3.294
6/12/2022 13:00,3.434
6/12/2022 14:00,3.531
6/12/2022 15:00,3.454
6/12/2022 16:00,3.229
6/12/2022 17:00,2.879
6/12/2022 18:00,2.416
6/12/2022 19:00,2.242
6/12/2022 20:00,2.32
6/12/2022 21:00,2.307
6/12/2022 22:00,2.289
6/12/2022 23:00,2.302
6/13/2022 0:00,2.339
6/13/2022 1:00,2.373
6/13/2022 2:00,2.729
6/13/2022 3:00,3.055
6/13/2022 4:00,3.087
6/13/2022 5:00,3.327
6/13/2022 6:00,3.375
6/13/2022 7:00,3.328
6/13/2022 8:00,3.297
6/13/2022 9:00,3.239
6/13/2022 10:00,3.082
6/13/2022 11:00,2.879
6/13/2022 12:00,2.636
6/13/2022 13:00,2.442
6/13/2022 14:00,2.126
6/13/2022 15:00,1.883
6/13/2022 16:00,1.668
6/13/2022 17:00,1.349
6/13/2022 18:00,1.213
6/13/2022 19:00,1.26
6/13/2022 20:00,1.276
6/13/2022 21:00,1.235
6/13/2022 22:00,1.208
6/13/2022 23:00,1.23
6/14/2022 0:00,1.243
6/14/2022 1:00,1.291
6/14/2022 2:00,1.477
6/14/2022 3:00,1.873
6/14/2022 4:00,2.252
6/14/2022 5:00,2.521
6/14/2022 6:00,2.789
6/14/2022 7:00,3.054
6/14/2022 8:00,3.265
6/14/2022 9:00,3.477
6/14/2022 10:00,3.661
6/14/2022 11:00,3.751
6/14/2022 12:00,3.703
6/14/2022 13:00,3.669
6/14/2022 14:00,3.693
6/14/2022 15:00,3.738
6/14/2022 16:00,3.734
6/14/2022 17:00,3.663
6/14/2022 18:00,3.591
6/14/2022 19:00,3.702
6/14/2022 20:00,3.817
6/14/2022 21:00,3.834
6/14/2022 22:00,3.863
6/14/2022 23:00,3.924
6/15/2022 0:00,3.955
6/15/2022 1:00,3.929
6/15/2022 2:00,3.998
6/15/2022 3:00,4.097
6/15/2022 4:00,4.274
6/15/2022 5:00,4.411
6/15/2022 6:00,4.525
6/15/2022 7:00,4.701
6/15/2022 8:00,4.86
6/15/2022 9:00,4.961
6/15/2022 10:00,5.02
6/15/2022 11:00,5.043
6/15/2022 12:00,5.01
6/15/2022 13:00,4.868
6/15/2022 14:00,4.592
6/15/2022 15:00,4.187
6/15/2022 16:00,3.607
6/15/2022 17:00,2.811
6/15/2022 18:00,2.075
6/15/2022 19:00,1.985
6/15/2022 20:00,2.215
6/15/2022 21:00,2.349
6/15/2022 22:00,2.364
6/15/2022 23:00,2.348
6/16/2022 0:00,2.306
6/16/2022 1:00,2.278
6/16/2022 2:00,2.426
6/16/2022 3:00,2.637
6/16/2022 4:00,2.642
6/16/2022 5:00,2.768
6/16/2022 6:00,2.873
6/16/2022 7:00,2.874
6/16/2022 8:00,2.888
6/16/2022 9:00,2.97
6/16/2022 10:00,3.055
6/16/2022 11:00,3.069
6/16/2022 12:00,3.006
6/16/2022 13:00,2.856
6/16/2022 14:00,2.625
6/16/2022 15:00,2.223
6/16/2022 16:00,1.797
6/16/2022 17:00,1.368
6/16/2022 18:00,1.12
6/16/2022 19:00,1.229
6/16/2022 20:00,1.328
6/16/2022 21:00,1.406
6/16/2022 22:00,1.447
6/16/2022 23:00,1.462
6/17/2022 0:00,1.482
6/17/2022 1:00,1.502
6/17/2022 2:00,1.625
6/17/2022 3:00,2.171
6/17/2022 4:00,2.231
6/17/2022 5:00,2.385
6/17/2022 6:00,2.495
6/17/2022 7:00,2.565
6/17/2022 8:00,2.637
6/17/2022 9:00,2.724
6/17/2022 10:00,2.797
6/17/2022 11:00,2.846
6/17/2022 12:00,2.896
6/17/2022 13:00,2.952
6/17/2022 14:00,2.9
6/17/2022 15:00,2.731
6/17/2022 16:00,2.446
6/17/2022 17:00,1.85
6/17/2022 18:00,1.493
6/17/2022 19:00,1.602
6/17/2022 20:00,1.738
6/17/2022 21:00,1.791
6/17/2022 22:00,1.773
6/17/2022 23:00,1.805
6/18/2022 0:00,1.852
6/18/2022 1:00,1.975
6/18/2022 2:00,2.311
6/18/2022 3:00,2.913
6/18/2022 4:00,3.076
6/18/2022 5:00,3.233
6/18/2022 6:00,3.645
6/18/2022 7:00,3.984
6/18/2022 8:00,4.208
6/18/2022 9:00,4.407
6/18/2022 10:00,4.698
6/18/2022 11:00,4.777
6/18/2022 12:00,4.567
6/18/2022 13:00,4.329
6/18/2022 14:00,4.136
6/18/2022 15:00,4.037
6/18/2022 16:00,3.892
6/18/2022 17:00,3.709
6/18/2022 18:00,3.503
6/18/2022 19:00,3.276
6/18/2022 20:00,3.193
6/18/2022 21:00,3.032
6/18/2022 22:00,3.084
6/18/2022 23:00,3.065
6/19/2022 0:00,3.201
6/19/2022 1:00,3.205
6/19/2022 2:00,3.422
6/19/2022 3:00,3.57
6/19/2022 4:00,3.842
6/19/2022 5:00,4.297
6/19/2022 6:00,4.483
6/19/2022 7:00,4.534
6/19/2022 8:00,4.698
6/19/2022 9:00,4.678
6/19/2022 10:00,4.401
6/19/2022 11:00,3.828
6/19/2022 12:00,3.383
6/19/2022 13:00,3.08
6/19/2022 14:00,2.633
6/19/2022 15:00,1.982
6/19/2022 16:00,1.6
6/19/2022 17:00,1.287
6/19/2022 18:00,0.847
6/19/2022 19:00,0.729
6/19/2022 20:00,0.624
6/19/2022 21:00,0.595
6/19/2022 22:00,0.635
6/19/2022 23:00,0.831
6/20/2022 0:00,1.141
6/20/2022 1:00,1.4
6/20/2022 2:00,1.537
6/20/2022 3:00,2.073
6/20/2022 4:00,2.241
6/20/2022 5:00,2.202
6/20/2022 6:00,2.037
6/20/2022 7:00,1.947
6/20/2022 8:00,1.834
6/20/2022 9:00,1.714
6/20/2022 10:00,1.583
6/20/2022 11:00,1.482
6/20/2022 12:00,1.361
6/20/2022 13:00,1.363
6/20/2022 14:00,1.364
6/20/2022 15:00,1.073
6/20/2022 16:00,1.055
6/20/2022 17:00,0.911
6/20/2022 18:00,0.938
6/20/2022 19:00,1.168
6/20/2022 20:00,1.323
6/20/2022 21:00,1.306
6/20/2022 22:00,1.267
6/20/2022 23:00,1.318
6/21/2022 0:00,1.383
6/21/2022 1:00,1.405
6/21/2022 2:00,1.516
6/21/2022 3:00,2.174
6/21/2022 4:00,2.323
6/21/2022 5:00,2.649
6/21/2022 6:00,2.954
6/21/2022 7:00,3.248
6/21/2022 8:00,3.492
6/21/2022 9:00,3.666
6/21/2022 10:00,3.811
6/21/2022 11:00,3.93
6/21/2022 12:00,3.925
6/21/2022 13:00,3.718
6/21/2022 14:00,3.463
6/21/2022 15:00,3.248
6/21/2022 16:00,2.977
6/21/2022 17:00,2.519
6/21/2022 18:00,2.125
6/21/2022 19:00,2.053
6/21/2022 20:00,2.111
6/21/2022 21:00,2.026
6/21/2022 22:00,1.86
6/21/2022 23:00,1.739
6/22/2022 0:00,1.606
6/22/2022 1:00,1.497
6/22/2022 2:00,1.454
6/22/2022 3:00,1.799
6/22/2022 4:00,1.682
6/22/2022 5:00,1.896
6/22/2022 6:00,1.944
6/22/2022 7:00,1.929
6/22/2022 8:00,1.95
6/22/2022 9:00,1.878
6/22/2022 10:00,1.766
6/22/2022 11:00,1.698
6/22/2022 12:00,1.639
6/22/2022 13:00,1.569
6/22/2022 14:00,1.49
6/22/2022 15:00,1.347
6/22/2022 16:00,1.132
6/22/2022 17:00,0.878
6/22/2022 18:00,0.865
6/22/2022 19:00,0.906
6/22/2022 20:00,0.855
6/22/2022 21:00,0.702
6/22/2022 22:00,0.62
6/22/2022 23:00,0.909
6/23/2022 0:00,1.135
6/23/2022 1:00,1.259
6/23/2022 2:00,1.234
6/23/2022 3:00,1.305
6/23/2022 4:00,1.298
6/23/2022 5:00,1.403
6/23/2022 6:00,1.766
6/23/2022 7:00,2.101
6/23/2022 8:00,2.314
6/23/2022 9:00,2.393
6/23/2022 10:00,2.439
6/23/2022 11:00,2.504
6/23/2022 12:00,2.52
6/23/2022 13:00,2.452
6/23/2022 14:00,2.29
6/23/2022 15:00,2.02
6/23/2022 16:00,1.732
6/23/2022 17:00,1.278
6/23/2022 18:00,1.111
6/23/2022 19:00,1.141
6/23/2022 20:00,1.188
6/23/2022 21:00,1.211
6/23/2022 22:00,1.147
6/23/2022 23:00,1.04
6/24/2022 0:00,0.889
6/24/2022 1:00,0.71
6/24/2022 2:00,0.7
6/24/2022 3:00,0.991
6/24/2022 4:00,1.294
6/24/2022 5:00,1.67
6/24/2022 6:00,1.87
6/24/2022 7:00,1.886
6/24/2022 8:00,1.807
6/24/2022 9:00,1.69
6/24/2022 10:00,1.572
6/24/2022 11:00,1.398
6/24/2022 12:00,1.172
6/24/2022 13:00,0.922
6/24/2022 14:00,0.705
6/24/2022 15:00,0.634
6/24/2022 16:00,0.694
6/24/2022 17:00,0.75
6/24/2022 18:00,0.832
6/24/2022 19:00,1.012
6/24/2022 20:00,1.084
6/24/2022 21:00,1.165
6/24/2022 22:00,1.264
6/24/2022 23:00,1.363
6/25/2022 0:00,1.447
6/25/2022 1:00,1.49
6/25/2022 2:00,1.392
6/25/2022 3:00,1.565
6/25/2022 4:00,1.756
6/25/2022 5:00,1.405
6/25/2022 6:00,1.391
6/25/2022 7:00,1.525
6/25/2022 8:00,1.536
6/25/2022 9:00,1.522
6/25/2022 10:00,1.457
6/25/2022 11:00,1.41
6/25/2022 12:00,1.414
6/25/2022 13:00,1.432
6/25/2022 14:00,1.408
6/25/2022 15:00,1.261
6/25/2022 16:00,1.283
6/25/2022 17:00,1.034
6/25/2022 18:00,0.941
6/25/2022 19:00,1.073
6/25/2022 20:00,1.103
6/25/2022 21:00,1.136
6/25/2022 22:00,1.161
6/25/2022 23:00,1.181
6/26/2022 0:00,1.187
6/26/2022 1:00,1.183
6/26/2022 2:00,1.081
6/26/2022 3:00,1.438
6/26/2022 4:00,1.369
6/26/2022 5:00,1.243
6/26/2022 6:00,1.381
6/26/2022 7:00,1.597
6/26/2022 8:00,1.728
6/26/2022 9:00,1.771
6/26/2022 10:00,1.722
6/26/2022 11:00,1.635
6/26/2022 12:00,1.512
6/26/2022 13:00,1.391
6/26/2022 14:00,1.232
6/26/2022 15:00,1.123
6/26/2022 16:00,1.15
6/26/2022 17:00,0.919
6/26/2022 18:00,0.814
6/26/2022 19:00,0.937
6/26/2022 20:00,0.965
6/26/2022 21:00,1.006
6/26/2022 22:00,1.049
6/26/2022 23:00,1.077
6/27/2022 0:00,1.096
6/27/2022 1:00,1.098
6/27/2022 2:00,1.005
6/27/2022 3:00,1.236
6/27/2022 4:00,1.412
6/27/2022 5:00,1.187
6/27/2022 6:00,1.172
6/27/2022 7:00,1.334
6/27/2022 8:00,1.434
6/27/2022 9:00,1.451
6/27/2022 10:00,1.432
6/27/2022 11:00,1.389
6/27/2022 12:00,1.308
6/27/2022 13:00,1.215
6/27/2022 14:00,1.119
6/27/2022 15:00,1.02
6/27/2022 16:00,1.052
6/27/2022 17:00,0.913
6/27/2022 18:00,0.807
6/27/2022 19:00,0.907
6/27/2022 20:00,0.951
6/27/2022 21:00,1.005
6/27/2022 22:00,1.045
6/27/2022 23:00,1.074
6/28/2022 0:00,1.114
6/28/2022 1:00,1.179
6/28/2022 2:00,1.234
6/28/2022 3:00,1.509
6/28/2022 4:00,1.817
6/28/2022 5:00,1.862
6/28/2022 6:00,1.908
6/28/2022 7:00,2.069
6/28/2022 8:00,2.189
6/28/2022 9:00,2.206
6/28/2022 10:00,2.147
6/28/2022 11:00,2.098
6/28/2022 12:00,2.062
6/28/2022 13:00,2.012
6/28/2022 14:00,1.927
6/28/2022 15:00,1.861
6/28/2022 16:00,1.742
6/28/2022 17:00,1.311
6/28/2022 18:00,1.155
6/28/2022 19:00,1.199
6/28/2022 20:00,1.175
6/28/2022 21:00,1.164
6/28/2022 22:00,1.146
6/28/2022 23:00,1.115
6/29/2022 0:00,1.079
6/29/2022 1:00,1.034
6/29/2022 2:00,0.794
6/29/2022 3:00,0.947
6/29/2022 4:00,1.082
6/29/2022 5:00,1.199
6/29/2022 6:00,1.396
6/29/2022 7:00,1.601
6/29/2022 8:00,1.774
6/29/2022 9:00,1.742
6/29/2022 10:00,1.59
6/29/2022 11:00,1.45
6/29/2022 12:00,1.352
6/29/2022 13:00,1.323
6/29/2022 14:00,1.343
6/29/2022 15:00,1.429
6/29/2022 16:00,1.398
6/29/2022 17:00,1.286
6/29/2022 18:00,1.281
6/29/2022 19:00,1.53
6/29/2022 20:00,1.852
6/29/2022 21:00,1.956
6/29/2022 22:00,1.894
6/29/2022 23:00,1.82
6/30/2022 0:00,1.72
6/30/2022 1:00,1.703
6/30/2022 2:00,1.97
6/30/2022 3:00,2.205
6/30/2022 4:00,2.199
6/30/2022 5:00,2.345
6/30/2022 6:00,2.392
6/30/2022 7:00,2.302
6/30/2022 8:00,2.164
6/30/2022 9:00,2.086
6/30/2022 10:00,2.111
6/30/2022 11:00,2.089
6/30/2022 12:00,1.951
6/30/2022 13:00,1.776
6/30/2022 14:00,1.59
6/30/2022 15:00,1.399
6/30/2022 16:00,1.216
6/30/2022 17:00,1.172
6/30/2022 18:00,1.334
6/30/2022 19:00,1.652
6/30/2022 20:00,2.007
6/30/2022 21:00,2.323
6/30/2022 22:00,2.53
6/30/2022 23:00,2.627
7/1/2022 0:00,2.657
7/1/2022 1:00,2.585
7/1/2022 2:00,2.579
7/1/2022 3:00,2.533
7/1/2022 4:00,2.531
7/1/2022 5:00,2.694
7/1/2022 6:00,2.86
7/1/2022 7:00,2.873
7/1/2022 8:00,2.781
7/1/2022 9:00,2.592
7/1/2022 10:00,2.494
7/1/2022 11:00,2.448
7/1/2022 12:00,2.391
7/1/2022 13:00,2.299
7/1/2022 14:00,2.146
7/1/2022 15:00,2.168
7/1/2022 16:00,2.249
7/1/2022 17:00,2.33
7/1/2022 18:00,2.469
7/1/2022 19:00,2.587
7/1/2022 20:00,2.61
7/1/2022 21:00,2.693
7/1/2022 22:00,2.957
7/1/2022 23:00,3.179
7/2/2022 0:00,2.917
7/2/2022 1:00,2.689
7/2/2022 2:00,2.773
7/2/2022 3:00,2.865
7/2/2022 4:00,2.848
7/2/2022 5:00,2.833
7/2/2022 6:00,2.832
7/2/2022 7:00,2.887
7/2/2022 8:00,2.91
7/2/2022 9:00,2.901
7/2/2022 10:00,2.891
7/2/2022 11:00,2.852
7/2/2022 12:00,2.748
7/2/2022 13:00,2.537
7/2/2022 14:00,2.29
7/2/2022 15:00,2.284
7/2/2022 16:00,2.441
7/2/2022 17:00,2.729
7/2/2022 18:00,3.046
7/2/2022 19:00,3.159
7/2/2022 20:00,3.006
7/2/2022 21:00,2.938
7/2/2022 22:00,2.983
7/2/2022 23:00,2.923
7/3/2022 0:00,2.718
7/3/2022 1:00,2.419
7/3/2022 2:00,2.257
7/3/2022 3:00,2.33
7/3/2022 4:00,2.366
7/3/2022 5:00,2.367
7/3/2022 6:00,2.187
7/3/2022 7:00,2.072
7/3/2022 8:00,2.063
7/3/2022 9:00,2.127
7/3/2022 10:00,2.179
7/3/2022 11:00,2.184
7/3/2022 12:00,2.132
7/3/2022 13:00,2.042
7/3/2022 14:00,1.946
7/3/2022 15:00,1.803
7/3/2022 16:00,1.547
7/3/2022 17:00,1.18
7/3/2022 18:00,0.856
7/3/2022 19:00,0.87
7/3/2022 20:00,0.858
7/3/2022 21:00,0.892
7/3/2022 22:00,0.938
7/3/2022 23:00,0.988
7/4/2022 0:00,1.055
7/4/2022 1:00,1.15
7/4/2022 2:00,1.232
7/4/2022 3:00,1.688
7/4/2022 4:00,1.677
7/4/2022 5:00,1.448
7/4/2022 6:00,1.286
7/4/2022 7:00,1.239
7/4/2022 8:00,1.214
7/4/2022 9:00,1.198
7/4/2022 10:00,1.256
7/4/2022 11:00,1.308
7/4/2022 12:00,1.278
7/4/2022 13:00,1.232
7/4/2022 14:00,1.3
7/4/2022 15:00,1.389
7/4/2022 16:00,1.378
7/4/2022 17:00,1.314
7/4/2022 18:00,1.217
7/4/2022 19:00,1.371
7/4/2022 20:00,1.601
7/4/2022 21:00,1.825
7/4/2022 22:00,2.045
7/4/2022 23:00,2.22
7/5/2022 0:00,2.294
7/5/2022 1:00,2.344
7/5/2022 2:00,2.739
7/5/2022 3:00,3.131
7/5/2022 4:00,3.452
7/5/2022 5:00,3.816
7/5/2022 6:00,3.982
7/5/2022 7:00,4.089
7/5/2022 8:00,4.136
7/5/2022 9:00,4.211
7/5/2022 10:00,4.313
7/5/2022 11:00,4.394
7/5/2022 12:00,4.398
7/5/2022 13:00,4.33
7/5/2022 14:00,4.195
7/5/2022 15:00,3.93
7/5/2022 16:00,3.55
7/5/2022 17:00,3.004
7/5/2022 18:00,2.471
7/5/2022 19:00,2.324
7/5/2022 20:00,2.311
7/5/2022 21:00,2.233
7/5/2022 22:00,2.066
7/5/2022 23:00,1.934
7/6/2022 0:00,1.901
7/6/2022 1:00,1.968
7/6/2022 2:00,2.12
7/6/2022 3:00,2.424
7/6/2022 4:00,2.435
7/6/2022 5:00,2.639
7/6/2022 6:00,2.758
7/6/2022 7:00,2.692
7/6/2022 8:00,2.672
7/6/2022 9:00,2.646
7/6/2022 10:00,2.619
7/6/2022 11:00,2.547
7/6/2022 12:00,2.411
7/6/2022 13:00,2.308
7/6/2022 14:00,2.238
7/6/2022 15:00,2.157
7/6/2022 16:00,2.07
7/6/2022 17:00,1.735
7/6/2022 18:00,1.469
7/6/2022 19:00,1.588
7/6/2022 20:00,1.761
7/6/2022 21:00,1.905
7/6/2022 22:00,1.976
7/6/2022 23:00,1.981
7/7/2022 0:00,1.929
7/7/2022 1:00,1.894
7/7/2022 2:00,2.096
7/7/2022 3:00,2.547
7/7/2022 4:00,2.631
7/7/2022 5:00,2.954
7/7/2022 6:00,2.984
7/7/2022 7:00,3.033
7/7/2022 8:00,3.108
7/7/2022 9:00,3.159
7/7/2022 10:00,3.226
7/7/2022 11:00,3.369
7/7/2022 12:00,3.394
7/7/2022 13:00,3.298
7/7/2022 14:00,3.121
7/7/2022 15:00,2.891
7/7/2022 16:00,2.517
7/7/2022 17:00,1.919
7/7/2022 18:00,1.658
7/7/2022 19:00,1.67
7/7/2022 20:00,1.68
7/7/2022 21:00,1.645
7/7/2022 22:00,1.602
7/7/2022 23:00,1.586
7/8/2022 0:00,1.637
7/8/2022 1:00,1.794
7/8/2022 2:00,2.114
7/8/2022 3:00,2.547
7/8/2022 4:00,2.462
7/8/2022 5:00,2.544
7/8/2022 6:00,2.749
7/8/2022 7:00,2.949
7/8/2022 8:00,3.147
7/8/2022 9:00,3.218
7/8/2022 10:00,3.207
7/8/2022 11:00,3.184
7/8/2022 12:00,3.15
7/8/2022 13:00,3.076
7/8/2022 14:00,2.9
7/8/2022 15:00,2.721
7/8/2022 16:00,2.416
7/8/2022 17:00,2.039
7/8/2022 18:00,1.775
7/8/2022 19:00,1.694
7/8/2022 20:00,1.841
7/8/2022 21:00,1.996
7/8/2022 22:00,2.085
7/8/2022 23:00,2.192
7/9/2022 0:00,2.345
7/9/2022 1:00,2.496
7/9/2022 2:00,2.669
7/9/2022 3:00,2.864
7/9/2022 4:00,2.946
7/9/2022 5:00,3.012
7/9/2022 6:00,3.066
7/9/2022 7:00,3.214
7/9/2022 8:00,3.36
7/9/2022 9:00,3.44
7/9/2022 10:00,3.471
7/9/2022 11:00,3.449
7/9/2022 12:00,3.367
7/9/2022 13:00,3.181
7/9/2022 14:00,2.859
7/9/2022 15:00,2.521
7/9/2022 16:00,2.23
7/9/2022 17:00,1.895
7/9/2022 18:00,1.672
7/9/2022 19:00,1.729
7/9/2022 20:00,1.773
7/9/2022 21:00,1.71
7/9/2022 22:00,1.61
7/9/2022 23:00,1.474
7/10/2022 0:00,1.377
7/10/2022 1:00,1.311
7/10/2022 2:00,1.325
7/10/2022 3:00,1.752
7/10/2022 4:00,1.85
7/10/2022 5:00,1.946
7/10/2022 6:00,1.958
7/10/2022 7:00,1.884
7/10/2022 8:00,1.737
7/10/2022 9:00,1.501
7/10/2022 10:00,1.26
7/10/2022 11:00,1.084
7/10/2022 12:00,0.994
7/10/2022 13:00,0.984
7/10/2022 14:00,1.025
7/10/2022 15:00,1.065
7/10/2022 16:00,1.008
7/10/2022 17:00,0.926
7/10/2022 18:00,0.832
7/10/2022 19:00,0.922
7/10/2022 20:00,0.953
7/10/2022 21:00,0.99
7/10/2022 22:00,1.023
7/10/2022 23:00,1.053
7/11/2022 0:00,1.054
7/11/2022 1:00,1.036
7/11/2022 2:00,0.888
7/11/2022 3:00,0.843
7/11/2022 4:00,0.974
7/11/2022 5:00,1.018
7/11/2022 6:00,1.011
7/11/2022 7:00,1.061
7/11/2022 8:00,1.288
7/11/2022 9:00,1.571
7/11/2022 10:00,1.74
7/11/2022 11:00,1.877
7/11/2022 12:00,1.928
7/11/2022 13:00,1.96
7/11/2022 14:00,2.004
7/11/2022 15:00,2.087
7/11/2022 16:00,2.09
7/11/2022 17:00,1.976
7/11/2022 18:00,2.031
7/11/2022 19:00,2.256
7/11/2022 20:00,2.608
7/11/2022 21:00,2.93
7/11/2022 22:00,3.047
7/11/2022 23:00,3.112
7/12/2022 0:00,3.341
7/12/2022 1:00,3.61
7/12/2022 2:00,4.005
7/12/2022 3:00,4.392
7/12/2022 4:00,4.811
7/12/2022 5:00,5.266
7/12/2022 6:00,5.727
7/12/2022 7:00,6.152
7/12/2022 8:00,6.511
7/12/2022 9:00,6.666
7/12/2022 10:00,6.575
7/12/2022 11:00,6.297
7/12/2022 12:00,6.02
7/12/2022 13:00,5.724
7/12/2022 14:00,5.416
7/12/2022 15:00,5.239
7/12/2022 16:00,4.942
7/12/2022 17:00,4.634
7/12/2022 18:00,4.245
7/12/2022 19:00,3.636
7/12/2022 20:00,3.096
7/12/2022 21:00,2.561
7/12/2022 22:00,2.201
7/12/2022 23:00,1.995
7/13/2022 0:00,1.868
7/13/2022 1:00,1.77
7/13/2022 2:00,1.864
7/13/2022 3:00,2.135
7/13/2022 4:00,2.147
7/13/2022 5:00,2.191
7/13/2022 6:00,2.232
7/13/2022 7:00,2.257
7/13/2022 8:00,2.172
7/13/2022 9:00,1.9
7/13/2022 10:00,1.599
7/13/2022 11:00,1.503
7/13/2022 12:00,1.535
7/13/2022 13:00,1.607
7/13/2022 14:00,1.691
7/13/2022 15:00,1.729
7/13/2022 16:00,1.619
7/13/2022 17:00,1.41
7/13/2022 18:00,1.339
7/13/2022 19:00,1.644
7/13/2022 20:00,2.004
7/13/2022 21:00,2.1
7/13/2022 22:00,2.036
7/13/2022 23:00,2.053
7/14/2022 0:00,2.117
7/14/2022 1:00,2.088
7/14/2022 2:00,2.102
7/14/2022 3:00,2.366
7/14/2022 4:00,2.651
7/14/2022 5:00,3.123
7/14/2022 6:00,3.551
7/14/2022 7:00,3.908
7/14/2022 8:00,4.138
7/14/2022 9:00,4.227
7/14/2022 10:00,4.242
7/14/2022 11:00,4.243
7/14/2022 12:00,4.193
7/14/2022 13:00,4.023
7/14/2022 14:00,3.696
7/14/2022 15:00,3.361
7/14/2022 16:00,2.975
7/14/2022 17:00,2.604
7/14/2022 18:00,2.414
7/14/2022 19:00,2.61
7/14/2022 20:00,2.852
7/14/2022 21:00,2.781
7/14/2022 22:00,2.709
7/14/2022 23:00,2.579
7/15/2022 0:00,2.371
7/15/2022 1:00,2.369
7/15/2022 2:00,2.685
7/15/2022 3:00,3.138
7/15/2022 4:00,3.506
7/15/2022 5:00,3.902
7/15/2022 6:00,4.321
7/15/2022 7:00,4.551
7/15/2022 8:00,4.65
7/15/2022 9:00,4.698
7/15/2022 10:00,4.665
7/15/2022 11:00,4.51
7/15/2022 12:00,4.202
7/15/2022 13:00,3.995
7/15/2022 14:00,3.907
7/15/2022 15:00,3.727
7/15/2022 16:00,3.455
7/15/2022 17:00,3.013
7/15/2022 18:00,2.542
7/15/2022 19:00,2.487
7/15/2022 20:00,2.507
7/15/2022 21:00,2.476
7/15/2022 22:00,2.486
7/15/2022 23:00,2.581
7/16/2022 0:00,2.636
7/16/2022 1:00,2.615
7/16/2022 2:00,2.73
7/16/2022 3:00,3.026
7/16/2022 4:00,3.067
7/16/2022 5:00,3.219
7/16/2022 6:00,3.413
7/16/2022 7:00,3.502
7/16/2022 8:00,3.544
7/16/2022 9:00,3.528
7/16/2022 10:00,3.464
7/16/2022 11:00,3.355
7/16/2022 12:00,3.219
7/16/2022 13:00,3.078
7/16/2022 14:00,2.914
7/16/2022 15:00,2.688
7/16/2022 16:00,2.269
7/16/2022 17:00,1.722
7/16/2022 18:00,1.523
7/16/2022 19:00,1.602
7/16/2022 20:00,1.693
7/16/2022 21:00,1.733
7/16/2022 22:00,1.667
7/16/2022 23:00,1.694
7/17/2022 0:00,1.741
7/17/2022 1:00,1.806
7/17/2022 2:00,1.958
7/17/2022 3:00,2.483
7/17/2022 4:00,2.729
7/17/2022 5:00,3.042
7/17/2022 6:00,3.26
7/17/2022 7:00,3.432
7/17/2022 8:00,3.551
7/17/2022 9:00,3.646
7/17/2022 10:00,3.688
7/17/2022 11:00,3.654
7/17/2022 12:00,3.605
7/17/2022 13:00,3.533
7/17/2022 14:00,3.461
7/17/2022 15:00,3.331
7/17/2022 16:00,2.992
7/17/2022 17:00,2.435
7/17/2022 18:00,2.017
7/17/2022 19:00,2.001
7/17/2022 20:00,2.08
7/17/2022 21:00,2.152
7/17/2022 22:00,2.17
7/17/2022 23:00,2.218
7/18/2022 0:00,2.237
7/18/2022 1:00,2.254
7/18/2022 2:00,2.35
7/18/2022 3:00,2.535
7/18/2022 4:00,2.558
7/18/2022 5:00,2.496
7/18/2022 6:00,2.558
7/18/2022 7:00,2.495
7/18/2022 8:00,2.38
7/18/2022 9:00,2.262
7/18/2022 10:00,2.227
7/18/2022 11:00,2.236
7/18/2022 12:00,2.214
7/18/2022 13:00,2.187
7/18/2022 14:00,2.057
7/18/2022 15:00,1.848
7/18/2022 16:00,1.692
7/18/2022 17:00,1.438
7/18/2022 18:00,1.36
7/18/2022 19:00,1.441
7/18/2022 20:00,1.515
7/18/2022 21:00,1.599
7/18/2022 22:00,1.692
7/18/2022 23:00,1.777
7/19/2022 0:00,1.864
7/19/2022 1:00,1.959
7/19/2022 2:00,2.156
7/19/2022 3:00,2.567
7/19/2022 4:00,2.62
7/19/2022 5:00,2.729
7/19/2022 6:00,3.008
7/19/2022 7:00,3.26
7/19/2022 8:00,3.394
7/19/2022 9:00,3.348
7/19/2022 10:00,3.164
7/19/2022 11:00,2.972
7/19/2022 12:00,2.88
7/19/2022 13:00,2.804
7/19/2022 14:00,2.601
7/19/2022 15:00,2.491
7/19/2022 16:00,2.544
7/19/2022 17:00,2.233
7/19/2022 18:00,1.97
7/19/2022 19:00,2.146
7/19/2022 20:00,2.348
7/19/2022 21:00,2.467
7/19/2022 22:00,2.48
7/19/2022 23:00,2.577
7/20/2022 0:00,2.638
7/20/2022 1:00,2.523
7/20/2022 2:00,2.682
7/20/2022 3:00,2.952
7/20/2022 4:00,3.213
7/20/2022 5:00,3.637
7/20/2022 6:00,3.622
7/20/2022 7:00,3.467
7/20/2022 8:00,3.359
7/20/2022 9:00,3.414
7/20/2022 10:00,3.491
7/20/2022 11:00,3.589
7/20/2022 12:00,3.702
7/20/2022 13:00,3.75
7/20/2022 14:00,3.654
7/20/2022 15:00,3.287
7/20/2022 16:00,2.654
7/20/2022 17:00,1.809
7/20/2022 18:00,1.47
7/20/2022 19:00,1.507
7/20/2022 20:00,1.574
7/20/2022 21:00,1.616
7/20/2022 22:00,1.534
7/20/2022 23:00,1.461
7/21/2022 0:00,1.507
7/21/2022 1:00,1.592
7/21/2022 2:00,1.618
7/21/2022 3:00,1.74
7/21/2022 4:00,2
7/21/2022 5:00,1.87
7/21/2022 6:00,1.911
7/21/2022 7:00,2.025
7/21/2022 8:00,2.091
7/21/2022 9:00,2.055
7/21/2022 10:00,1.983
7/21/2022 11:00,1.935
7/21/2022 12:00,1.828
7/21/2022 13:00,1.657
7/21/2022 14:00,1.478
7/21/2022 15:00,1.251
7/21/2022 16:00,0.999
7/21/2022 17:00,0.687
7/21/2022 18:00,0.724
7/21/2022 19:00,0.815
7/21/2022 20:00,0.935
7/21/2022 21:00,1.079
7/21/2022 22:00,1.276
7/21/2022 23:00,1.44
7/22/2022 0:00,1.536
7/22/2022 1:00,1.588
7/22/2022 2:00,1.546
7/22/2022 3:00,1.606
7/22/2022 4:00,1.991
7/22/2022 5:00,1.812
7/22/2022 6:00,1.79
7/22/2022 7:00,1.814
7/22/2022 8:00,1.79
7/22/2022 9:00,1.704
7/22/2022 10:00,1.583
7/22/2022 11:00,1.483
7/22/2022 12:00,1.414
7/22/2022 13:00,1.383
7/22/2022 14:00,1.343
7/22/2022 15:00,1.211
7/22/2022 16:00,1.213
7/22/2022 17:00,1
7/22/2022 18:00,1.005
7/22/2022 19:00,0.989
7/22/2022 20:00,1.002
7/22/2022 21:00,1.101
7/22/2022 22:00,1.295
7/22/2022 23:00,1.576
7/23/2022 0:00,1.739
7/23/2022 1:00,1.817
7/23/2022 2:00,1.975
7/23/2022 3:00,2.378
7/23/2022 4:00,2.598
7/23/2022 5:00,2.924
7/23/2022 6:00,3.206
7/23/2022 7:00,3.355
7/23/2022 8:00,3.405
7/23/2022 9:00,3.442
7/23/2022 10:00,3.492
7/23/2022 11:00,3.558
7/23/2022 12:00,3.54
7/23/2022 13:00,3.363
7/23/2022 14:00,3.167
7/23/2022 15:00,3.005
7/23/2022 16:00,2.668
7/23/2022 17:00,2.192
7/23/2022 18:00,1.934
7/23/2022 19:00,1.851
7/23/2022 20:00,1.783
7/23/2022 21:00,1.788
7/23/2022 22:00,1.792
7/23/2022 23:00,1.823
7/24/2022 0:00,2.053
7/24/2022 1:00,2.171
7/24/2022 2:00,2.033
7/24/2022 3:00,2.378
7/24/2022 4:00,2.764
7/24/2022 5:00,3.068
7/24/2022 6:00,3.068
7/24/2022 7:00,2.913
7/24/2022 8:00,2.851
7/24/2022 9:00,2.963
7/24/2022 10:00,3.198
7/24/2022 11:00,3.474
7/24/2022 12:00,3.718
7/24/2022 13:00,3.908
7/24/2022 14:00,4.029
7/24/2022 15:00,3.986
7/24/2022 16:00,3.751
7/24/2022 17:00,3.266
7/24/2022 18:00,2.8
7/24/2022 19:00,2.746
7/24/2022 20:00,2.707
7/24/2022 21:00,2.668
7/24/2022 22:00,2.632
7/24/2022 23:00,2.508
7/25/2022 0:00,2.358
7/25/2022 1:00,2.249
7/25/2022 2:00,2.205
7/25/2022 3:00,2.616
7/25/2022 4:00,2.788
7/25/2022 5:00,2.853
7/25/2022 6:00,2.753
7/25/2022 7:00,2.654
7/25/2022 8:00,2.593
7/25/2022 9:00,2.56
7/25/2022 10:00,2.369
7/25/2022 11:00,2.077
7/25/2022 12:00,1.834
7/25/2022 13:00,1.673
7/25/2022 14:00,1.501
7/25/2022 15:00,1.244
7/25/2022 16:00,0.936
7/25/2022 17:00,0.818
7/25/2022 18:00,1.064
7/25/2022 19:00,1.309
7/25/2022 20:00,1.598
7/25/2022 21:00,1.981
7/25/2022 22:00,2.326
7/25/2022 23:00,2.527
7/26/2022 0:00,2.651
7/26/2022 1:00,2.821
7/26/2022 2:00,2.998
7/26/2022 3:00,3.16
7/26/2022 4:00,3.163
7/26/2022 5:00,3.3
7/26/2022 6:00,3.768
7/26/2022 7:00,4.095
7/26/2022 8:00,4.278
7/26/2022 9:00,4.208
7/26/2022 10:00,4.081
7/26/2022 11:00,3.963
7/26/2022 12:00,3.771
7/26/2022 13:00,3.525
7/26/2022 14:00,3.315
7/26/2022 15:00,3.203
7/26/2022 16:00,2.978
7/26/2022 17:00,2.711
7/26/2022 18:00,2.454
7/26/2022 19:00,2.359
7/26/2022 20:00,2.344
7/26/2022 21:00,2.406
7/26/2022 22:00,2.467
7/26/2022 23:00,2.49
7/27/2022 0:00,2.471
7/27/2022 1:00,2.454
7/27/2022 2:00,2.561
7/27/2022 3:00,2.837
7/27/2022 4:00,3.086
7/27/2022 5:00,3.488
7/27/2022 6:00,3.724
7/27/2022 7:00,3.829
7/27/2022 8:00,3.888
7/27/2022 9:00,3.906
7/27/2022 10:00,3.902
7/27/2022 11:00,3.928
7/27/2022 12:00,3.871
7/27/2022 13:00,3.763
7/27/2022 14:00,3.581
7/27/2022 15:00,3.333
7/27/2022 16:00,2.99
7/27/2022 17:00,2.567
7/27/2022 18:00,2.33
7/27/2022 19:00,2.305
7/27/2022 20:00,2.261
7/27/2022 21:00,2.264
7/27/2022 22:00,2.216
7/27/2022 23:00,2.123
7/28/2022 0:00,2.122
7/28/2022 1:00,2.204
7/28/2022 2:00,2.296
7/28/2022 3:00,2.616
7/28/2022 4:00,2.755
7/28/2022 5:00,2.852
7/28/2022 6:00,2.849
7/28/2022 7:00,2.737
7/28/2022 8:00,2.667
7/28/2022 9:00,2.679
7/28/2022 10:00,2.791
7/28/2022 11:00,2.998
7/28/2022 12:00,3.191
7/28/2022 13:00,3.353
7/28/2022 14:00,3.386
7/28/2022 15:00,3.244
7/28/2022 16:00,2.886
7/28/2022 17:00,2.346
7/28/2022 18:00,2.009
7/28/2022 19:00,2.087
7/28/2022 20:00,2.153
7/28/2022 21:00,2.178
7/28/2022 22:00,2.205
7/28/2022 23:00,2.195
7/29/2022 0:00,2.226
7/29/2022 1:00,2.209
7/29/2022 2:00,2.157
7/29/2022 3:00,2.428
7/29/2022 4:00,2.835
7/29/2022 5:00,3.136
7/29/2022 6:00,3.23
7/29/2022 7:00,3.295
7/29/2022 8:00,3.347
7/29/2022 9:00,3.375
7/29/2022 10:00,3.358
7/29/2022 11:00,3.307
7/29/2022 12:00,3.245
7/29/2022 13:00,3.168
7/29/2022 14:00,3.047
7/29/2022 15:00,2.823
7/29/2022 16:00,2.434
7/29/2022 17:00,1.728
7/29/2022 18:00,1.498
7/29/2022 19:00,1.429
7/29/2022 20:00,1.353
7/29/2022 21:00,1.321
7/29/2022 22:00,1.32
7/29/2022 23:00,1.333
7/30/2022 0:00,1.363
7/30/2022 1:00,1.393
7/30/2022 2:00,1.404
7/30/2022 3:00,1.303
7/30/2022 4:00,1.624
7/30/2022 5:00,1.709
7/30/2022 6:00,1.655
7/30/2022 7:00,1.559
7/30/2022 8:00,1.491
7/30/2022 9:00,1.506
7/30/2022 10:00,1.555
7/30/2022 11:00,1.622
7/30/2022 12:00,1.7
7/30/2022 13:00,1.751
7/30/2022 14:00,1.74
7/30/2022 15:00,1.629
7/30/2022 16:00,1.349
7/30/2022 17:00,1.043
7/30/2022 18:00,1.107
7/30/2022 19:00,1.088
7/30/2022 20:00,1.011
7/30/2022 21:00,0.935
7/30/2022 22:00,0.866
7/30/2022 23:00,0.814
7/31/2022 0:00,0.794
7/31/2022 1:00,0.797
7/31/2022 2:00,0.817
7/31/2022 3:00,0.829
7/31/2022 4:00,1.204
7/31/2022 5:00,1.257
7/31/2022 6:00,1.499
7/31/2022 7:00,1.742
7/31/2022 8:00,1.964
7/31/2022 9:00,2.104
7/31/2022 10:00,2.212
7/31/2022 11:00,2.202
7/31/2022 12:00,2.074
7/31/2022 13:00,1.848
7/31/2022 14:00,1.658
7/31/2022 15:00,1.515
7/31/2022 16:00,1.519
7/31/2022 17:00,1.722
7/31/2022 18:00,2.026
7/31/2022 19:00,2.312
7/31/2022 20:00,2.555
7/31/2022 21:00,2.809
7/31/2022 22:00,3.211
7/31/2022 23:00,3.796
8/1/2022 0:00,4.191
8/1/2022 1:00,4.238
8/1/2022 2:00,4.08
8/1/2022 3:00,3.972
8/1/2022 4:00,3.777
8/1/2022 5:00,3.509
8/1/2022 6:00,3.227
8/1/2022 7:00,3.034
8/1/2022 8:00,2.743
8/1/2022 9:00,2.569
8/1/2022 10:00,2.476
8/1/2022 11:00,2.48
8/1/2022 12:00,2.559
8/1/2022 13:00,2.766
8/1/2022 14:00,2.988
8/1/2022 15:00,3.056
8/1/2022 16:00,2.941
8/1/2022 17:00,2.67
8/1/2022 18:00,2.414
8/1/2022 19:00,2.469
8/1/2022 20:00,2.566
8/1/2022 21:00,2.539
8/1/2022 22:00,2.463
8/1/2022 23:00,2.319
8/2/2022 0:00,2.205
8/2/2022 1:00,2.129
8/2/2022 2:00,2.047
8/2/2022 3:00,2.193
8/2/2022 4:00,2.351
8/2/2022 5:00,2.355
8/2/2022 6:00,2.284
8/2/2022 7:00,2.236
8/2/2022 8:00,2.285
8/2/2022 9:00,2.356
8/2/2022 10:00,2.407
8/2/2022 11:00,2.425
8/2/2022 12:00,2.387
8/2/2022 13:00,2.287
8/2/2022 14:00,2.129
8/2/2022 15:00,1.892
8/2/2022 16:00,1.58
8/2/2022 17:00,1.265
8/2/2022 18:00,1.394
8/2/2022 19:00,1.743
8/2/2022 20:00,2.023
8/2/2022 21:00,2.038
8/2/2022 22:00,1.958
8/2/2022 23:00,1.803
8/3/2022 0:00,1.723
8/3/2022 1:00,1.733
8/3/2022 2:00,1.725
8/3/2022 3:00,1.879
8/3/2022 4:00,2.147
8/3/2022 5:00,2.19
8/3/2022 6:00,2.262
8/3/2022 7:00,2.338
8/3/2022 8:00,2.42
8/3/2022 9:00,2.445
8/3/2022 10:00,2.423
8/3/2022 11:00,2.357
8/3/2022 12:00,2.216
8/3/2022 13:00,2.026
8/3/2022 14:00,1.809
8/3/2022 15:00,1.528
8/3/2022 16:00,1.31
8/3/2022 17:00,1.064
8/3/2022 18:00,1.324
8/3/2022 19:00,1.55
8/3/2022 20:00,1.757
8/3/2022 21:00,1.944
8/3/2022 22:00,2.076
8/3/2022 23:00,2.119
8/4/2022 0:00,2.099
8/4/2022 1:00,2.058
8/4/2022 2:00,2.041
8/4/2022 3:00,2.297
8/4/2022 4:00,2.634
8/4/2022 5:00,2.512
8/4/2022 6:00,2.453
8/4/2022 7:00,2.42
8/4/2022 8:00,2.471
8/4/2022 9:00,2.505
8/4/2022 10:00,2.561
8/4/2022 11:00,2.582
8/4/2022 12:00,2.53
8/4/2022 13:00,2.417
8/4/2022 14:00,2.265
8/4/2022 15:00,2.052
8/4/2022 16:00,1.841
8/4/2022 17:00,1.679
8/4/2022 18:00,1.91
8/4/2022 19:00,2.169
8/4/2022 20:00,2.252
8/4/2022 21:00,2.237
8/4/2022 22:00,2.217
8/4/2022 23:00,2.21
8/5/2022 0:00,2.237
8/5/2022 1:00,2.303
8/5/2022 2:00,2.45
8/5/2022 3:00,2.839
8/5/2022 4:00,3.043
8/5/2022 5:00,2.793
8/5/2022 6:00,2.694
8/5/2022 7:00,2.805
8/5/2022 8:00,2.831
8/5/2022 9:00,2.811
8/5/2022 10:00,2.843
8/5/2022 11:00,2.799
8/5/2022 12:00,2.668
8/5/2022 13:00,2.643
8/5/2022 14:00,2.586
8/5/2022 15:00,2.334
8/5/2022 16:00,1.987
8/5/2022 17:00,1.87
8/5/2022 18:00,2.132
8/5/2022 19:00,2.579
8/5/2022 20:00,2.83
8/5/2022 21:00,2.965
8/5/2022 22:00,2.997
8/5/2022 23:00,3.011
8/6/2022 0:00,3.055
8/6/2022 1:00,3.111
8/6/2022 2:00,3.085
8/6/2022 3:00,3.199
8/6/2022 4:00,3.122
8/6/2022 5:00,2.997
8/6/2022 6:00,3.199
8/6/2022 7:00,3.754
8/6/2022 8:00,4.614
8/6/2022 9:00,4.932
8/6/2022 10:00,4.339
8/6/2022 11:00,3.756
8/6/2022 12:00,3.627
8/6/2022 13:00,3.517
8/6/2022 14:00,3.243
8/6/2022 15:00,2.908
8/6/2022 16:00,2.631
8/6/2022 17:00,2.299
8/6/2022 18:00,2.164
8/6/2022 19:00,2.217
8/6/2022 20:00,2.112
8/6/2022 21:00,1.925
8/6/2022 22:00,1.767
8/6/2022 23:00,1.67
8/7/2022 0:00,1.626
8/7/2022 1:00,1.646
8/7/2022 2:00,1.698
8/7/2022 3:00,1.942
8/7/2022 4:00,2.31
8/7/2022 5:00,2.21
8/7/2022 6:00,2.274
8/7/2022 7:00,2.129
8/7/2022 8:00,2.033
8/7/2022 9:00,2.063
8/7/2022 10:00,2.162
8/7/2022 11:00,2.289
8/7/2022 12:00,2.376
8/7/2022 13:00,2.362
8/7/2022 14:00,2.234
8/7/2022 15:00,2.172
8/7/2022 16:00,1.985
8/7/2022 17:00,1.605
8/7/2022 18:00,1.578
8/7/2022 19:00,1.668
8/7/2022 20:00,1.72
8/7/2022 21:00,1.734
8/7/2022 22:00,1.717
8/7/2022 23:00,1.683
8/8/2022 0:00,1.657
8/8/2022 1:00,1.635
8/8/2022 2:00,1.615
8/8/2022 3:00,1.942
8/8/2022 4:00,2.214
8/8/2022 5:00,2.299
8/8/2022 6:00,2.366
8/8/2022 7:00,2.324
8/8/2022 8:00,2.3
8/8/2022 9:00,2.312
8/8/2022 10:00,2.303
8/8/2022 11:00,2.272
8/8/2022 12:00,2.193
8/8/2022 13:00,2.114
8/8/2022 14:00,2.012
8/8/2022 15:00,1.809
8/8/2022 16:00,1.473
8/8/2022 17:00,1.074
8/8/2022 18:00,1.133
8/8/2022 19:00,1.127
8/8/2022 20:00,1.11
8/8/2022 21:00,1.069
8/8/2022 22:00,1.011
8/8/2022 23:00,0.977
8/9/2022 0:00,0.97
8/9/2022 1:00,0.989
8/9/2022 2:00,1.021
8/9/2022 3:00,0.969
8/9/2022 4:00,1.293
8/9/2022 5:00,1.46
8/9/2022 6:00,1.544
8/9/2022 7:00,1.55
8/9/2022 8:00,1.563
8/9/2022 9:00,1.648
8/9/2022 10:00,1.753
8/9/2022 11:00,1.823
8/9/2022 12:00,1.87
8/9/2022 13:00,1.931
8/9/2022 14:00,1.973
8/9/2022 15:00,1.891
8/9/2022 16:00,1.617
8/9/2022 17:00,1.208
8/9/2022 18:00,1.22
8/9/2022 19:00,1.164
8/9/2022 20:00,1.096
8/9/2022 21:00,1.054
8/9/2022 22:00,1.058
8/9/2022 23:00,1.077
8/10/2022 0:00,1.093
8/10/2022 1:00,1.088
8/10/2022 2:00,1.054
8/10/2022 3:00,0.934
8/10/2022 4:00,1.132
8/10/2022 5:00,1.266
8/10/2022 6:00,1.359
8/10/2022 7:00,1.411
8/10/2022 8:00,1.42
8/10/2022 9:00,1.402
8/10/2022 10:00,1.398
8/10/2022 11:00,1.46
8/10/2022 12:00,1.479
8/10/2022 13:00,1.466
8/10/2022 14:00,1.435
8/10/2022 15:00,1.34
8/10/2022 16:00,1.117
8/10/2022 17:00,0.878
8/10/2022 18:00,0.941
8/10/2022 19:00,0.863
8/10/2022 20:00,0.788
8/10/2022 21:00,0.79
8/10/2022 22:00,0.928
8/10/2022 23:00,1.07
8/11/2022 0:00,1.151
8/11/2022 1:00,1.253
8/11/2022 2:00,1.345
8/11/2022 3:00,1.279
8/11/2022 4:00,1.785
8/11/2022 5:00,1.95
8/11/2022 6:00,2.2
8/11/2022 7:00,2.397
8/11/2022 8:00,2.409
8/11/2022 9:00,2.329
8/11/2022 10:00,2.207
8/11/2022 11:00,2.12
8/11/2022 12:00,2.051
8/11/2022 13:00,1.937
8/11/2022 14:00,1.78
8/11/2022 15:00,1.552
8/11/2022 16:00,1.308
8/11/2022 17:00,1.142
8/11/2022 18:00,1.339
8/11/2022 19:00,1.5
8/11/2022 20:00,1.556
8/11/2022 21:00,1.552
8/11/2022 22:00,1.527
8/11/2022 23:00,1.504
8/12/2022 0:00,1.492
8/12/2022 1:00,1.513
8/12/2022 2:00,1.565
8/12/2022 3:00,1.609
8/12/2022 4:00,2.102
8/12/2022 5:00,2.114
8/12/2022 6:00,2.299
8/12/2022 7:00,2.635
8/12/2022 8:00,2.741
8/12/2022 9:00,2.642
8/12/2022 10:00,2.419
8/12/2022 11:00,2.164
8/12/2022 12:00,1.925
8/12/2022 13:00,1.696
8/12/2022 14:00,1.441
8/12/2022 15:00,1.08
8/12/2022 16:00,0.817
8/12/2022 17:00,0.671
8/12/2022 18:00,0.711
8/12/2022 19:00,0.793
8/12/2022 20:00,0.877
8/12/2022 21:00,0.975
8/12/2022 22:00,1.008
8/12/2022 23:00,1.036
8/13/2022 0:00,1.06
8/13/2022 1:00,1.071
8/13/2022 2:00,1.085
8/13/2022 3:00,0.934
8/13/2022 4:00,0.995
8/13/2022 5:00,1.041
8/13/2022 6:00,0.876
8/13/2022 7:00,1.09
8/13/2022 8:00,1.234
8/13/2022 9:00,1.262
8/13/2022 10:00,1.221
8/13/2022 11:00,1.261
8/13/2022 12:00,1.357
8/13/2022 13:00,1.445
8/13/2022 14:00,1.441
8/13/2022 15:00,1.394
8/13/2022 16:00,1.26
8/13/2022 17:00,1.228
8/13/2022 18:00,1.325
8/13/2022 19:00,1.363
8/13/2022 20:00,1.383
8/13/2022 21:00,1.366
8/13/2022 22:00,1.331
8/13/2022 23:00,1.304
8/14/2022 0:00,1.295
8/14/2022 1:00,1.319
8/14/2022 2:00,1.377
8/14/2022 3:00,1.509
8/14/2022 4:00,2.178
8/14/2022 5:00,2.093
8/14/2022 6:00,2.11
8/14/2022 7:00,2.64
8/14/2022 8:00,2.723
8/14/2022 9:00,2.644
8/14/2022 10:00,2.519
8/14/2022 11:00,2.401
8/14/2022 12:00,2.288
8/14/2022 13:00,2.183
8/14/2022 14:00,2.057
8/14/2022 15:00,1.823
8/14/2022 16:00,1.474
8/14/2022 17:00,1.473
8/14/2022 18:00,1.738
8/14/2022 19:00,1.972
8/14/2022 20:00,2.039
8/14/2022 21:00,2.051
8/14/2022 22:00,1.973
8/14/2022 23:00,1.962
8/15/2022 0:00,2.033
8/15/2022 1:00,2.14
8/15/2022 2:00,2.235
8/15/2022 3:00,2.408
8/15/2022 4:00,2.583
8/15/2022 5:00,2.566
8/15/2022 6:00,2.525
8/15/2022 7:00,2.607
8/15/2022 8:00,2.719
8/15/2022 9:00,2.774
8/15/2022 10:00,2.807
8/15/2022 11:00,2.779
8/15/2022 12:00,2.627
8/15/2022 13:00,2.481
8/15/2022 14:00,2.368
8/15/2022 15:00,2.448
8/15/2022 16:00,2.544
8/15/2022 17:00,2.631
8/15/2022 18:00,2.768
8/15/2022 19:00,2.86
8/15/2022 20:00,2.764
8/15/2022 21:00,2.657
8/15/2022 22:00,2.525
8/15/2022 23:00,2.394
8/16/2022 0:00,2.358
8/16/2022 1:00,2.371
8/16/2022 2:00,2.364
8/16/2022 3:00,2.51
8/16/2022 4:00,2.744
8/16/2022 5:00,2.697
8/16/2022 6:00,2.63
8/16/2022 7:00,2.697
8/16/2022 8:00,2.777
8/16/2022 9:00,2.833
8/16/2022 10:00,2.783
8/16/2022 11:00,2.622
8/16/2022 12:00,2.408
8/16/2022 13:00,2.143
8/16/2022 14:00,1.891
8/16/2022 15:00,1.741
8/16/2022 16:00,1.675
8/16/2022 17:00,1.641
8/16/2022 18:00,1.684
8/16/2022 19:00,1.639
8/16/2022 20:00,1.504
8/16/2022 21:00,1.417
8/16/2022 22:00,1.43
8/16/2022 23:00,1.628
8/17/2022 0:00,1.905
8/17/2022 1:00,2.065
8/17/2022 2:00,2.132
8/17/2022 3:00,2.25
8/17/2022 4:00,2.309
8/17/2022 5:00,2.233
8/17/2022 6:00,2.115
8/17/2022 7:00,2.147
8/17/2022 8:00,2.24
8/17/2022 9:00,2.294
8/17/2022 10:00,2.169
8/17/2022 11:00,1.93
8/17/2022 12:00,1.69
8/17/2022 13:00,1.525
8/17/2022 14:00,1.358
8/17/2022 15:00,1.128
8/17/2022 16:00,0.872
8/17/2022 17:00,0.952
8/17/2022 18:00,1.028
8/17/2022 19:00,1.074
8/17/2022 20:00,1.096
8/17/2022 21:00,1.098
8/17/2022 22:00,1.112
8/17/2022 23:00,1.161
8/18/2022 0:00,1.183
8/18/2022 1:00,1.19
8/18/2022 2:00,1.204
8/18/2022 3:00,1.222
8/18/2022 4:00,1.702
8/18/2022 5:00,1.558
8/18/2022 6:00,1.369
8/18/2022 7:00,1.661
8/18/2022 8:00,1.899
8/18/2022 9:00,2.04
8/18/2022 10:00,2.113
8/18/2022 11:00,2.102
8/18/2022 12:00,2.045
8/18/2022 13:00,1.968
8/18/2022 14:00,1.799
8/18/2022 15:00,1.662
8/18/2022 16:00,1.214
8/18/2022 17:00,1.204
8/18/2022 18:00,1.498
8/18/2022 19:00,1.857
8/18/2022 20:00,2.16
8/18/2022 21:00,2.279
8/18/2022 22:00,2.321
8/18/2022 23:00,2.329
8/19/2022 0:00,2.33
8/19/2022 1:00,2.364
8/19/2022 2:00,2.43
8/19/2022 3:00,2.652
8/19/2022 4:00,2.954
8/19/2022 5:00,3.035
8/19/2022 6:00,3.057
8/19/2022 7:00,3.192
8/19/2022 8:00,3.286
8/19/2022 9:00,3.395
8/19/2022 10:00,3.483
8/19/2022 11:00,3.51
8/19/2022 12:00,3.452
8/19/2022 13:00,3.295
8/19/2022 14:00,3.011
8/19/2022 15:00,2.74
8/19/2022 16:00,2.518
8/19/2022 17:00,2.648
8/19/2022 18:00,3.069
8/19/2022 19:00,3.25
8/19/2022 20:00,3.286
8/19/2022 21:00,3.295
8/19/2022 22:00,3.358
8/19/2022 23:00,3.443
8/20/2022 0:00,3.481
8/20/2022 1:00,3.404
8/20/2022 2:00,3.337
8/20/2022 3:00,3.479
8/20/2022 4:00,3.701
8/20/2022 5:00,3.958
8/20/2022 6:00,4.095
8/20/2022 7:00,4.195
8/20/2022 8:00,4.27
8/20/2022 9:00,4.249
8/20/2022 10:00,4.131
8/20/2022 11:00,3.974
8/20/2022 12:00,3.826
8/20/2022 13:00,3.685
8/20/2022 14:00,3.485
8/20/2022 15:00,3.159
8/20/2022 16:00,2.752
8/20/2022 17:00,2.549
8/20/2022 18:00,2.769
8/20/2022 19:00,2.768
8/20/2022 20:00,2.73
8/20/2022 21:00,2.764
8/20/2022 22:00,2.846
8/20/2022 23:00,2.82
8/21/2022 0:00,2.761
8/21/2022 1:00,2.719
8/21/2022 2:00,2.714
8/21/2022 3:00,2.927
8/21/2022 4:00,3.247
8/21/2022 5:00,3.49
8/21/2022 6:00,3.553
8/21/2022 7:00,3.625
8/21/2022 8:00,3.657
8/21/2022 9:00,3.56
8/21/2022 10:00,3.344
8/21/2022 11:00,3.068
8/21/2022 12:00,2.778
8/21/2022 13:00,2.501
8/21/2022 14:00,2.202
8/21/2022 15:00,1.848
8/21/2022 16:00,1.322
8/21/2022 17:00,1.138
8/21/2022 18:00,1.304
8/21/2022 19:00,1.501
8/21/2022 20:00,1.641
8/21/2022 21:00,1.733
8/21/2022 22:00,1.802
8/21/2022 23:00,1.815
8/22/2022 0:00,1.811
8/22/2022 1:00,1.766
8/22/2022 2:00,1.728
8/22/2022 3:00,1.738
8/22/2022 4:00,1.868
8/22/2022 5:00,1.767
8/22/2022 6:00,1.639
8/22/2022 7:00,1.601
8/22/2022 8:00,1.587
8/22/2022 9:00,1.467
8/22/2022 10:00,1.345
8/22/2022 11:00,1.327
8/22/2022 12:00,1.404
8/22/2022 13:00,1.592
8/22/2022 14:00,1.832
8/22/2022 15:00,2.002
8/22/2022 16:00,1.964
8/22/2022 17:00,1.867
8/22/2022 18:00,1.94
8/22/2022 19:00,1.947
8/22/2022 20:00,1.918
8/22/2022 21:00,1.902
8/22/2022 22:00,1.876
8/22/2022 23:00,1.853
8/23/2022 0:00,1.851
8/23/2022 1:00,1.834
8/23/2022 2:00,1.815
8/23/2022 3:00,1.891
8/23/2022 4:00,2.417
8/23/2022 5:00,2.341
8/23/2022 6:00,2.374
8/23/2022 7:00,2.589
8/23/2022 8:00,2.565
8/23/2022 9:00,2.394
8/23/2022 10:00,2.197
8/23/2022 11:00,2.026
8/23/2022 12:00,1.867
8/23/2022 13:00,1.711
8/23/2022 14:00,1.495
8/23/2022 15:00,1.329
8/23/2022 16:00,0.996
8/23/2022 17:00,1.016
8/23/2022 18:00,1.181
8/23/2022 19:00,1.307
8/23/2022 20:00,1.367
8/23/2022 21:00,1.426
8/23/2022 22:00,1.465
8/23/2022 23:00,1.454
8/24/2022 0:00,1.417
8/24/2022 1:00,1.36
8/24/2022 2:00,1.338
8/24/2022 3:00,1.481
8/24/2022 4:00,2.024
8/24/2022 5:00,2.047
8/24/2022 6:00,1.995
8/24/2022 7:00,1.975
8/24/2022 8:00,1.967
8/24/2022 9:00,1.913
8/24/2022 10:00,1.821
8/24/2022 11:00,1.713
8/24/2022 12:00,1.506
8/24/2022 13:00,1.247
8/24/2022 14:00,1.071
8/24/2022 15:00,1.026
8/24/2022 16:00,0.96
8/24/2022 17:00,1.253
8/24/2022 18:00,1.683
8/24/2022 19:00,1.866
8/24/2022 20:00,1.879
8/24/2022 21:00,1.908
8/24/2022 22:00,2.038
8/24/2022 23:00,2.172
8/25/2022 0:00,2.297
8/25/2022 1:00,2.392
8/25/2022 2:00,2.465
8/25/2022 3:00,2.506
8/25/2022 4:00,2.751
8/25/2022 5:00,2.892
8/25/2022 6:00,2.897
8/25/2022 7:00,2.761
8/25/2022 8:00,2.538
8/25/2022 9:00,2.368
8/25/2022 10:00,2.258
8/25/2022 11:00,2.205
8/25/2022 12:00,2.201
8/25/2022 13:00,2.218
8/25/2022 14:00,2.21
8/25/2022 15:00,2.115
8/25/2022 16:00,1.873
8/25/2022 17:00,1.662
8/25/2022 18:00,1.776
8/25/2022 19:00,1.766
8/25/2022 20:00,1.73
8/25/2022 21:00,1.737
8/25/2022 22:00,1.709
8/25/2022 23:00,1.683
8/26/2022 0:00,1.659
8/26/2022 1:00,1.643
8/26/2022 2:00,1.649
8/26/2022 3:00,1.729
8/26/2022 4:00,2.3
8/26/2022 5:00,2.326
8/26/2022 6:00,2.337
8/26/2022 7:00,2.298
8/26/2022 8:00,2.252
8/26/2022 9:00,2.155
8/26/2022 10:00,2.04
8/26/2022 11:00,1.928
8/26/2022 12:00,1.827
8/26/2022 13:00,1.716
8/26/2022 14:00,1.564
8/26/2022 15:00,1.317
8/26/2022 16:00,0.965
8/26/2022 17:00,1.018
8/26/2022 18:00,1.197
8/26/2022 19:00,1.385
8/26/2022 20:00,1.541
8/26/2022 21:00,1.592
8/26/2022 22:00,1.559
8/26/2022 23:00,1.513
8/27/2022 0:00,1.451
8/27/2022 1:00,1.388
8/27/2022 2:00,1.327
8/27/2022 3:00,1.323
8/27/2022 4:00,1.896
8/27/2022 5:00,1.808
8/27/2022 6:00,1.574
8/27/2022 7:00,1.696
8/27/2022 8:00,1.721
8/27/2022 9:00,1.669
8/27/2022 10:00,1.644
8/27/2022 11:00,1.632
8/27/2022 12:00,1.592
8/27/2022 13:00,1.505
8/27/2022 14:00,1.372
8/27/2022 15:00,1.248
8/27/2022 16:00,0.904
8/27/2022 17:00,1.045
8/27/2022 18:00,1.147
8/27/2022 19:00,1.28
8/27/2022 20:00,1.441
8/27/2022 21:00,1.652
8/27/2022 22:00,1.775
8/27/2022 23:00,1.776
8/28/2022 0:00,1.748
8/28/2022 1:00,1.7
8/28/2022 2:00,1.668
8/28/2022 3:00,1.632
8/28/2022 4:00,2.092
8/28/2022 5:00,2.107
8/28/2022 6:00,1.853
8/28/2022 7:00,1.795
8/28/2022 8:00,1.855
8/28/2022 9:00,1.856
8/28/2022 10:00,1.815
8/28/2022 11:00,1.717
8/28/2022 12:00,1.551
8/28/2022 13:00,1.331
8/28/2022 14:00,1.064
8/28/2022 15:00,0.938
8/28/2022 16:00,0.762
8/28/2022 17:00,0.918
8/28/2022 18:00,1.005
8/28/2022 19:00,1.034
8/28/2022 20:00,1.033
8/28/2022 21:00,1.021
8/28/2022 22:00,0.994
8/28/2022 23:00,0.951
8/29/2022 0:00,0.933
8/29/2022 1:00,0.909
8/29/2022 2:00,0.857
8/29/2022 3:00,0.716
8/29/2022 4:00,0.476
8/29/2022 5:00,0.572
8/29/2022 6:00,0.604
8/29/2022 7:00,0.621
8/29/2022 8:00,0.643
8/29/2022 9:00,0.666
8/29/2022 10:00,0.797
8/29/2022 11:00,0.962
8/29/2022 12:00,1.15
8/29/2022 13:00,1.344
8/29/2022 14:00,1.445
8/29/2022 15:00,1.525
8/29/2022 16:00,1.514
8/29/2022 17:00,1.778
8/29/2022 18:00,1.941
8/29/2022 19:00,1.982
8/29/2022 20:00,2.057
8/29/2022 21:00,2.173
8/29/2022 22:00,2.213
8/29/2022 23:00,2.195
8/30/2022 0:00,2.109
8/30/2022 1:00,2.039
8/30/2022 2:00,1.934
8/30/2022 3:00,1.831
8/30/2022 4:00,1.862
8/30/2022 5:00,1.963
8/30/2022 6:00,2.326
8/30/2022 7:00,2.886
8/30/2022 8:00,3.527
8/30/2022 9:00,4.056
8/30/2022 10:00,4.416
8/30/2022 11:00,4.629
8/30/2022 12:00,4.752
8/30/2022 13:00,4.77
8/30/2022 14:00,4.726
8/30/2022 15:00,4.611
8/30/2022 16:00,4.386
8/30/2022 17:00,4.038
8/30/2022 18:00,3.633
8/30/2022 19:00,3.239
8/30/2022 20:00,2.938
8/30/2022 21:00,2.707
8/30/2022 22:00,2.605
8/30/2022 23:00,2.568
8/31/2022 0:00,2.58
8/31/2022 1:00,2.619
8/31/2022 2:00,2.681
8/31/2022 3:00,2.774
8/31/2022 4:00,3.101
8/31/2022 5:00,3.453
8/31/2022 6:00,3.9
8/31/2022 7:00,4.178
8/31/2022 8:00,4.41
8/31/2022 9:00,4.606
8/31/2022 10:00,4.781
8/31/2022 11:00,4.907
8/31/2022 12:00,4.945
8/31/2022 13:00,4.903
8/31/2022 14:00,4.745
8/31/2022 15:00,4.324
8/31/2022 16:00,3.549
8/31/2022 17:00,2.912
8/31/2022 18:00,2.786
8/31/2022 19:00,2.647
8/31/2022 20:00,2.527
8/31/2022 21:00,2.454
8/31/2022 22:00,2.355
8/31/2022 23:00,2.301
9/1/2022 0:00,2.303
9/1/2022 1:00,2.33
9/1/2022 2:00,2.343
9/1/2022 3:00,2.425
9/1/2022 4:00,2.86
9/1/2022 5:00,3.374
9/1/2022 6:00,3.732
9/1/2022 7:00,3.875
9/1/2022 8:00,3.996
9/1/2022 9:00,4.158
9/1/2022 10:00,4.334
9/1/2022 11:00,4.451
9/1/2022 12:00,4.468
9/1/2022 13:00,4.384
9/1/2022 14:00,4.178
9/1/2022 15:00,3.736
9/1/2022 16:00,2.825
9/1/2022 17:00,2.174
9/1/2022 18:00,1.994
9/1/2022 19:00,1.797
9/1/2022 20:00,1.618
9/1/2022 21:00,1.513
9/1/2022 22:00,1.472
9/1/2022 23:00,1.463
9/2/2022 0:00,1.478
9/2/2022 1:00,1.515
9/2/2022 2:00,1.585
9/2/2022 3:00,1.698
9/2/2022 4:00,1.925
9/2/2022 5:00,2.243
9/2/2022 6:00,2.466
9/2/2022 7:00,2.584
9/2/2022 8:00,2.651
9/2/2022 9:00,2.633
9/2/2022 10:00,2.646
9/2/2022 11:00,2.635
9/2/2022 12:00,2.673
9/2/2022 13:00,2.731
9/2/2022 14:00,2.683
9/2/2022 15:00,2.415
9/2/2022 16:00,1.715
9/2/2022 17:00,1.559
9/2/2022 18:00,1.491
9/2/2022 19:00,1.408
9/2/2022 20:00,1.341
9/2/2022 21:00,1.284
9/2/2022 22:00,1.239
9/2/2022 23:00,1.217
9/3/2022 0:00,1.225
9/3/2022 1:00,1.231
9/3/2022 2:00,1.241
9/3/2022 3:00,1.272
9/3/2022 4:00,1.14
9/3/2022 5:00,1.578
9/3/2022 6:00,1.877
9/3/2022 7:00,1.913
9/3/2022 8:00,1.899
9/3/2022 9:00,1.896
9/3/2022 10:00,1.925
9/3/2022 11:00,2.002
9/3/2022 12:00,2.103
9/3/2022 13:00,2.174
9/3/2022 14:00,2.157
9/3/2022 15:00,1.899
9/3/2022 16:00,1.288
9/3/2022 17:00,1.333
9/3/2022 18:00,1.342
9/3/2022 19:00,1.333
9/3/2022 20:00,1.326
9/3/2022 21:00,1.309
9/3/2022 22:00,1.288
9/3/2022 23:00,1.256
9/4/2022 0:00,1.215
9/4/2022 1:00,1.181
9/4/2022 2:00,1.194
9/4/2022 3:00,1.212
9/4/2022 4:00,1.138
9/4/2022 5:00,1.492
9/4/2022 6:00,1.881
9/4/2022 7:00,2.039
9/4/2022 8:00,2.206
9/4/2022 9:00,2.395
9/4/2022 10:00,2.591
9/4/2022 11:00,2.77
9/4/2022 12:00,2.935
9/4/2022 13:00,3.043
9/4/2022 14:00,3.036
9/4/2022 15:00,2.688
9/4/2022 16:00,1.974
9/4/2022 17:00,1.881
9/4/2022 18:00,1.929
9/4/2022 19:00,1.924
9/4/2022 20:00,1.842
9/4/2022 21:00,1.713
9/4/2022 22:00,1.568
9/4/2022 23:00,1.451
9/5/2022 0:00,1.383
9/5/2022 1:00,1.377
9/5/2022 2:00,1.418
9/5/2022 3:00,1.444
9/5/2022 4:00,1.501
9/5/2022 5:00,1.942
9/5/2022 6:00,2.313
9/5/2022 7:00,2.618
9/5/2022 8:00,2.684
9/5/2022 9:00,2.665
9/5/2022 10:00,2.688
9/5/2022 11:00,2.766
9/5/2022 12:00,2.867
9/5/2022 13:00,2.917
9/5/2022 14:00,2.845
9/5/2022 15:00,2.44
9/5/2022 16:00,1.68
9/5/2022 17:00,1.518
9/5/2022 18:00,1.466
9/5/2022 19:00,1.408
9/5/2022 20:00,1.368
9/5/2022 21:00,1.34
9/5/2022 22:00,1.3
9/5/2022 23:00,1.25
9/6/2022 0:00,1.181
9/6/2022 1:00,1.105
9/6/2022 2:00,1.044
9/6/2022 3:00,0.987
9/6/2022 4:00,0.875
9/6/2022 5:00,1.112
9/6/2022 6:00,1.487
9/6/2022 7:00,1.739
9/6/2022 8:00,1.901
9/6/2022 9:00,2.079
9/6/2022 10:00,2.278
9/6/2022 11:00,2.468
9/6/2022 12:00,2.601
9/6/2022 13:00,2.643
9/6/2022 14:00,2.579
9/6/2022 15:00,2.217
9/6/2022 16:00,1.669
9/6/2022 17:00,1.775
9/6/2022 18:00,1.97
9/6/2022 19:00,2.174
9/6/2022 20:00,2.409
9/6/2022 21:00,2.673
9/6/2022 22:00,2.865
9/6/2022 23:00,3.013
9/7/2022 0:00,3.229
9/7/2022 1:00,3.364
9/7/2022 2:00,3.421
9/7/2022 3:00,3.282
9/7/2022 4:00,3.225
9/7/2022 5:00,3.357
9/7/2022 6:00,3.333
9/7/2022 7:00,3.382
9/7/2022 8:00,3.394
9/7/2022 9:00,3.339
9/7/2022 10:00,3.258
9/7/2022 11:00,3.163
9/7/2022 12:00,3.072
9/7/2022 13:00,2.977
9/7/2022 14:00,2.779
9/7/2022 15:00,2.246
9/7/2022 16:00,1.785
9/7/2022 17:00,1.757
9/7/2022 18:00,1.808
9/7/2022 19:00,1.834
9/7/2022 20:00,1.877
9/7/2022 21:00,1.906
9/7/2022 22:00,1.905
9/7/2022 23:00,1.878
9/8/2022 0:00,1.849
9/8/2022 1:00,1.803
9/8/2022 2:00,1.767
9/8/2022 3:00,1.826
9/8/2022 4:00,2.233
9/8/2022 5:00,2.572
9/8/2022 6:00,2.767
9/8/2022 7:00,2.96
9/8/2022 8:00,3.021
9/8/2022 9:00,2.983
9/8/2022 10:00,2.868
9/8/2022 11:00,2.773
9/8/2022 12:00,2.796
9/8/2022 13:00,2.92
9/8/2022 14:00,3.013
9/8/2022 15:00,2.781
9/8/2022 16:00,2.093
9/8/2022 17:00,2.178
9/8/2022 18:00,2.47
9/8/2022 19:00,2.759
9/8/2022 20:00,2.929
9/8/2022 21:00,2.939
9/8/2022 22:00,2.886
9/8/2022 23:00,2.772
9/9/2022 0:00,2.651
9/9/2022 1:00,2.614
9/9/2022 2:00,2.626
9/9/2022 3:00,2.695
9/9/2022 4:00,3.166
9/9/2022 5:00,3.355
9/9/2022 6:00,3.666
9/9/2022 7:00,4.056
9/9/2022 8:00,4.18
9/9/2022 9:00,4.166
9/9/2022 10:00,4.162
9/9/2022 11:00,4.156
9/9/2022 12:00,4.097
9/9/2022 13:00,3.972
9/9/2022 14:00,3.72
9/9/2022 15:00,2.958
9/9/2022 16:00,2.347
9/9/2022 17:00,2.456
9/9/2022 18:00,2.649
9/9/2022 19:00,2.734
9/9/2022 20:00,2.778
9/9/2022 21:00,2.83
9/9/2022 22:00,2.867
9/9/2022 23:00,2.834
9/10/2022 0:00,2.749
9/10/2022 1:00,2.694
9/10/2022 2:00,2.697
9/10/2022 3:00,2.676
9/10/2022 4:00,3.029
9/10/2022 5:00,3.121
9/10/2022 6:00,3.099
9/10/2022 7:00,3.416
9/10/2022 8:00,3.691
9/10/2022 9:00,3.818
9/10/2022 10:00,3.794
9/10/2022 11:00,3.667
9/10/2022 12:00,3.498
9/10/2022 13:00,3.296
9/10/2022 14:00,2.997
9/10/2022 15:00,2.207
9/10/2022 16:00,1.716
9/10/2022 17:00,1.836
9/10/2022 18:00,1.999
9/10/2022 19:00,2.157
9/10/2022 20:00,2.191
9/10/2022 21:00,2.1
9/10/2022 22:00,2.043
9/10/2022 23:00,2.051
9/11/2022 0:00,2.134
9/11/2022 1:00,2.259
9/11/2022 2:00,2.343
9/11/2022 3:00,2.484
9/11/2022 4:00,2.977
9/11/2022 5:00,3.411
9/11/2022 6:00,3.536
9/11/2022 7:00,4.187
9/11/2022 8:00,4.549
9/11/2022 9:00,4.678
9/11/2022 10:00,4.663
9/11/2022 11:00,4.559
9/11/2022 12:00,4.392
9/11/2022 13:00,4.186
9/11/2022 14:00,3.866
9/11/2022 15:00,3.432
9/11/2022 16:00,3.012
9/11/2022 17:00,2.802
9/11/2022 18:00,2.671
9/11/2022 19:00,2.534
9/11/2022 20:00,2.363
9/11/2022 21:00,2.236
9/11/2022 22:00,2.225
9/11/2022 23:00,2.2
9/12/2022 0:00,2.14
9/12/2022 1:00,2.062
9/12/2022 2:00,2.013
9/12/2022 3:00,2.041
9/12/2022 4:00,2.31
9/12/2022 5:00,2.729
9/12/2022 6:00,2.928
9/12/2022 7:00,2.997
9/12/2022 8:00,2.964
9/12/2022 9:00,2.868
9/12/2022 10:00,2.766
9/12/2022 11:00,2.678
9/12/2022 12:00,2.588
9/12/2022 13:00,2.467
9/12/2022 14:00,2.259
9/12/2022 15:00,1.857
9/12/2022 16:00,1.2
9/12/2022 17:00,1.174
9/12/2022 18:00,1.175
9/12/2022 19:00,1.165
9/12/2022 20:00,1.163
9/12/2022 21:00,1.164
9/12/2022 22:00,1.166
9/12/2022 23:00,1.165
9/13/2022 0:00,1.214
9/13/2022 1:00,1.231
9/13/2022 2:00,1.271
9/13/2022 3:00,1.337
9/13/2022 4:00,1.544
9/13/2022 5:00,2.011
9/13/2022 6:00,2.293
9/13/2022 7:00,2.669
9/13/2022 8:00,2.896
9/13/2022 9:00,3.076
9/13/2022 10:00,3.239
9/13/2022 11:00,3.333
9/13/2022 12:00,3.389
9/13/2022 13:00,3.307
9/13/2022 14:00,3.134
9/13/2022 15:00,2.995
9/13/2022 16:00,3.069
9/13/2022 17:00,3.378
9/13/2022 18:00,3.517
9/13/2022 19:00,3.59
9/13/2022 20:00,3.685
9/13/2022 21:00,3.648
9/13/2022 22:00,3.587
9/13/2022 23:00,3.614
9/14/2022 0:00,3.552
9/14/2022 1:00,3.45
9/14/2022 2:00,3.294
9/14/2022 3:00,3.2
9/14/2022 4:00,3.327
9/14/2022 5:00,3.495
9/14/2022 6:00,3.527
9/14/2022 7:00,3.66
9/14/2022 8:00,3.766
9/14/2022 9:00,3.808
9/14/2022 10:00,3.716
9/14/2022 11:00,3.549
9/14/2022 12:00,3.308
9/14/2022 13:00,3.092
9/14/2022 14:00,2.821
9/14/2022 15:00,2.441
9/14/2022 16:00,2.181
9/14/2022 17:00,2.428
9/14/2022 18:00,2.684
9/14/2022 19:00,2.727
9/14/2022 20:00,2.841
9/14/2022 21:00,2.923
9/14/2022 22:00,3.068
9/14/2022 23:00,3.134
9/15/2022 0:00,3.234
9/15/2022 1:00,3.329
9/15/2022 2:00,3.443
9/15/2022 3:00,3.536
9/15/2022 4:00,3.588
9/15/2022 5:00,3.708
9/15/2022 6:00,4.011
9/15/2022 7:00,4.235
9/15/2022 8:00,4.418
9/15/2022 9:00,4.657
9/15/2022 10:00,4.571
9/15/2022 11:00,4.333
9/15/2022 12:00,4.235
9/15/2022 13:00,4.218
9/15/2022 14:00,4.171
9/15/2022 15:00,3.933
9/15/2022 16:00,3.596
9/15/2022 17:00,3.543
9/15/2022 18:00,3.785
9/15/2022 19:00,3.912
9/15/2022 20:00,3.927
9/15/2022 21:00,3.918
9/15/2022 22:00,3.812
9/15/2022 23:00,3.796
9/16/2022 0:00,3.78
9/16/2022 1:00,3.771
9/16/2022 2:00,3.835
9/16/2022 3:00,3.888
9/16/2022 4:00,3.92
9/16/2022 5:00,4.083
9/16/2022 6:00,4.259
9/16/2022 7:00,4.612
9/16/2022 8:00,4.894
9/16/2022 9:00,4.964
9/16/2022 10:00,4.917
9/16/2022 11:00,4.817
9/16/2022 12:00,4.794
9/16/2022 13:00,4.705
9/16/2022 14:00,4.476
9/16/2022 15:00,4.252
9/16/2022 16:00,4.194
9/16/2022 17:00,4.209
9/16/2022 18:00,4.004
9/16/2022 19:00,3.862
9/16/2022 20:00,3.722
9/16/2022 21:00,3.485
9/16/2022 22:00,3.358
9/16/2022 23:00,3.25
9/17/2022 0:00,3.295
9/17/2022 1:00,3.204
9/17/2022 2:00,3.158
9/17/2022 3:00,3.21
9/17/2022 4:00,3.375
9/17/2022 5:00,3.544
9/17/2022 6:00,3.808
9/17/2022 7:00,4.223
9/17/2022 8:00,4.501
9/17/2022 9:00,4.613
9/17/2022 10:00,4.701
9/17/2022 11:00,4.779
9/17/2022 12:00,4.765
9/17/2022 13:00,4.521
9/17/2022 14:00,4.127
9/17/2022 15:00,3.713
9/17/2022 16:00,3.37
9/17/2022 17:00,3.368
9/17/2022 18:00,3.28
9/17/2022 19:00,3.174
9/17/2022 20:00,3.022
9/17/2022 21:00,2.795
9/17/2022 22:00,2.537
9/17/2022 23:00,2.365
9/18/2022 0:00,2.236
9/18/2022 1:00,2.102
9/18/2022 2:00,1.913
9/18/2022 3:00,1.784
9/18/2022 4:00,1.756
9/18/2022 5:00,1.977
9/18/2022 6:00,1.998
9/18/2022 7:00,1.998
9/18/2022 8:00,1.966
9/18/2022 9:00,1.781
9/18/2022 10:00,1.575
9/18/2022 11:00,1.445
9/18/2022 12:00,1.334
9/18/2022 13:00,1.348
9/18/2022 14:00,1.364
9/18/2022 15:00,1.041
9/18/2022 16:00,1.093
9/18/2022 17:00,1.192
9/18/2022 18:00,1.273
9/18/2022 19:00,1.414
9/18/2022 20:00,1.568
9/18/2022 21:00,1.687
9/18/2022 22:00,1.811
9/18/2022 23:00,1.996
9/19/2022 0:00,2.199
9/19/2022 1:00,2.304
9/19/2022 2:00,2.333
9/19/2022 3:00,2.317
9/19/2022 4:00,2.416
9/19/2022 5:00,2.938
9/19/2022 6:00,3.275
9/19/2022 7:00,3.675
9/19/2022 8:00,3.847
9/19/2022 9:00,3.959
9/19/2022 10:00,4.016
9/19/2022 11:00,4.052
9/19/2022 12:00,4.03
9/19/2022 13:00,3.934
9/19/2022 14:00,3.626
9/19/2022 15:00,3.07
9/19/2022 16:00,2.415
9/19/2022 17:00,2.37
9/19/2022 18:00,2.399
9/19/2022 19:00,2.357
9/19/2022 20:00,2.3
9/19/2022 21:00,2.233
9/19/2022 22:00,2.158
9/19/2022 23:00,2.096
9/20/2022 0:00,2.05
9/20/2022 1:00,2.026
9/20/2022 2:00,1.955
9/20/2022 3:00,1.857
9/20/2022 4:00,1.744
9/20/2022 5:00,1.895
9/20/2022 6:00,2.004
9/20/2022 7:00,1.963
9/20/2022 8:00,1.845
9/20/2022 9:00,1.86
9/20/2022 10:00,2.002
9/20/2022 11:00,2.193
9/20/2022 12:00,2.392
9/20/2022 13:00,2.531
9/20/2022 14:00,2.501
9/20/2022 15:00,2.104
9/20/2022 16:00,1.877
9/20/2022 17:00,1.926
9/20/2022 18:00,1.914
9/20/2022 19:00,1.862
9/20/2022 20:00,1.815
9/20/2022 21:00,1.736
9/20/2022 22:00,1.652
9/20/2022 23:00,1.593
9/21/2022 0:00,1.553
9/21/2022 1:00,1.56
9/21/2022 2:00,1.578
9/21/2022 3:00,1.621
9/21/2022 4:00,1.791
9/21/2022 5:00,2.262
9/21/2022 6:00,2.486
9/21/2022 7:00,2.684
9/21/2022 8:00,2.841
9/21/2022 9:00,2.792
9/21/2022 10:00,2.784
9/21/2022 11:00,2.872
9/21/2022 12:00,2.972
9/21/2022 13:00,2.994
9/21/2022 14:00,2.794
9/21/2022 15:00,2.251
9/21/2022 16:00,1.96
9/21/2022 17:00,2.005
9/21/2022 18:00,1.958
9/21/2022 19:00,1.887
9/21/2022 20:00,1.833
9/21/2022 21:00,1.785
9/21/2022 22:00,1.721
9/21/2022 23:00,1.696
9/22/2022 0:00,1.732
9/22/2022 1:00,1.778
9/22/2022 2:00,1.857
9/22/2022 3:00,1.916
9/22/2022 4:00,1.926
9/22/2022 5:00,2.05
9/22/2022 6:00,2.225
9/22/2022 7:00,2.299
9/22/2022 8:00,2.398
9/22/2022 9:00,2.279
9/22/2022 10:00,2.156
9/22/2022 11:00,2.227
9/22/2022 12:00,2.381
9/22/2022 13:00,2.449
9/22/2022 14:00,2.261
9/22/2022 15:00,1.698
9/22/2022 16:00,1.478
9/22/2022 17:00,1.462
9/22/2022 18:00,1.388
9/22/2022 19:00,1.305
9/22/2022 20:00,1.234
9/22/2022 21:00,1.163
9/22/2022 22:00,1.097
9/22/2022 23:00,1.063
9/23/2022 0:00,1.04
9/23/2022 1:00,1.043
9/23/2022 2:00,1.027
9/23/2022 3:00,1.028
9/23/2022 4:00,1.029
9/23/2022 5:00,0.996
9/23/2022 6:00,1.276
9/23/2022 7:00,1.411
9/23/2022 8:00,1.345
9/23/2022 9:00,1.167
9/23/2022 10:00,1.019
9/23/2022 11:00,1.003
9/23/2022 12:00,1.072
9/23/2022 13:00,1.128
9/23/2022 14:00,1.065
9/23/2022 15:00,0.719
9/23/2022 16:00,0.866
9/23/2022 17:00,0.924
9/23/2022 18:00,0.943
9/23/2022 19:00,0.97
9/23/2022 20:00,0.981
9/23/2022 21:00,0.965
9/23/2022 22:00,0.941
9/23/2022 23:00,0.892
9/24/2022 0:00,0.801
9/24/2022 1:00,0.708
9/24/2022 2:00,0.654
9/24/2022 3:00,0.623
9/24/2022 4:00,0.612
9/24/2022 5:00,0.631
9/24/2022 6:00,0.688
9/24/2022 7:00,0.681
9/24/2022 8:00,0.71
9/24/2022 9:00,0.726
9/24/2022 10:00,1.144
9/24/2022 11:00,1.54
9/24/2022 12:00,1.85
9/24/2022 13:00,2.077
9/24/2022 14:00,2.063
9/24/2022 15:00,1.417
9/24/2022 16:00,1.355
9/24/2022 17:00,1.397
9/24/2022 18:00,1.392
9/24/2022 19:00,1.36
9/24/2022 20:00,1.315
9/24/2022 21:00,1.273
9/24/2022 22:00,1.264
9/24/2022 23:00,1.308
9/25/2022 0:00,1.377
9/25/2022 1:00,1.458
9/25/2022 2:00,1.539
9/25/2022 3:00,1.62
9/25/2022 4:00,1.624
9/25/2022 5:00,1.659
9/25/2022 6:00,2.105
9/25/2022 7:00,2.293
9/25/2022 8:00,2.348
9/25/2022 9:00,2.354
9/25/2022 10:00,2.444
9/25/2022 11:00,2.582
9/25/2022 12:00,2.653
9/25/2022 13:00,2.535
9/25/2022 14:00,2.03
9/25/2022 15:00,1.249
9/25/2022 16:00,1.118
9/25/2022 17:00,1.028
9/25/2022 18:00,0.896
9/25/2022 19:00,0.829
9/25/2022 20:00,0.895
9/25/2022 21:00,1.055
9/25/2022 22:00,1.18
9/25/2022 23:00,1.262
9/26/2022 0:00,1.317
9/26/2022 1:00,1.347
9/26/2022 2:00,1.364
9/26/2022 3:00,1.392
9/26/2022 4:00,1.407
9/26/2022 5:00,1.856
9/26/2022 6:00,2.188
9/26/2022 7:00,2.384
9/26/2022 8:00,2.746
9/26/2022 9:00,2.931
9/26/2022 10:00,3
9/26/2022 11:00,2.981
9/26/2022 12:00,2.902
9/26/2022 13:00,2.771
9/26/2022 14:00,2.372
9/26/2022 15:00,1.857
9/26/2022 16:00,2.053
9/26/2022 17:00,2.427
9/26/2022 18:00,2.613
9/26/2022 19:00,2.617
9/26/2022 20:00,2.569
9/26/2022 21:00,2.546
9/26/2022 22:00,2.503
9/26/2022 23:00,2.527
9/27/2022 0:00,2.585
9/27/2022 1:00,2.641
9/27/2022 2:00,2.748
9/27/2022 3:00,2.908
9/27/2022 4:00,3.017
9/27/2022 5:00,3.364
9/27/2022 6:00,3.569
9/27/2022 7:00,3.669
9/27/2022 8:00,3.715
9/27/2022 9:00,3.697
9/27/2022 10:00,3.534
9/27/2022 11:00,3.306
9/27/2022 12:00,3.143
9/27/2022 13:00,3.061
9/27/2022 14:00,2.768
9/27/2022 15:00,2.15
9/27/2022 16:00,2.351
9/27/2022 17:00,2.907
9/27/2022 18:00,3.119
9/27/2022 19:00,3.054
9/27/2022 20:00,3.037
9/27/2022 21:00,3.024
9/27/2022 22:00,3.008
9/27/2022 23:00,2.99
9/28/2022 0:00,3.101
9/28/2022 1:00,3.199
9/28/2022 2:00,3.268
9/28/2022 3:00,3.285
9/28/2022 4:00,3.342
9/28/2022 5:00,3.666
9/28/2022 6:00,3.885
9/28/2022 7:00,4.045
9/28/2022 8:00,4.216
9/28/2022 9:00,4.387
9/28/2022 10:00,4.464
9/28/2022 11:00,4.447
9/28/2022 12:00,4.456
9/28/2022 13:00,4.444
9/28/2022 14:00,4.25
9/28/2022 15:00,3.659
9/28/2022 16:00,3.284
9/28/2022 17:00,3.495
9/28/2022 18:00,3.522
9/28/2022 19:00,3.507
9/28/2022 20:00,3.303
9/28/2022 21:00,3.109
9/28/2022 22:00,2.909
9/28/2022 23:00,2.703
9/29/2022 0:00,2.602
9/29/2022 1:00,2.469
9/29/2022 2:00,2.407
9/29/2022 3:00,2.365
9/29/2022 4:00,2.306
9/29/2022 5:00,2.415
9/29/2022 6:00,2.474
9/29/2022 7:00,2.367
9/29/2022 8:00,2.2
9/29/2022 9:00,1.997
9/29/2022 10:00,1.776
9/29/2022 11:00,1.629
9/29/2022 12:00,1.523
9/29/2022 13:00,1.347
9/29/2022 14:00,0.999
9/29/2022 15:00,0.867
9/29/2022 16:00,0.934
9/29/2022 17:00,1.038
9/29/2022 18:00,1.2
9/29/2022 19:00,1.425
9/29/2022 20:00,1.578
9/29/2022 21:00,1.69
9/29/2022 22:00,1.7
9/29/2022 23:00,1.664
9/30/2022 0:00,1.66
9/30/2022 1:00,1.636
9/30/2022 2:00,1.573
9/30/2022 3:00,1.6
9/30/2022 4:00,1.719
9/30/2022 5:00,2.074
9/30/2022 6:00,2.412
9/30/2022 7:00,2.648
9/30/2022 8:00,2.863
9/30/2022 9:00,2.985
9/30/2022 10:00,3.038
9/30/2022 11:00,2.997
9/30/2022 12:00,2.854
9/30/2022 13:00,2.558
9/30/2022 14:00,1.845
9/30/2022 15:00,1.152
9/30/2022 16:00,1.155
9/30/2022 17:00,1.043
9/30/2022 18:00,0.966
9/30/2022 19:00,0.938
9/30/2022 20:00,0.973
9/30/2022 21:00,1.052
9/30/2022 22:00,1.178
9/30/2022 23:00,1.281
10/1/2022 0:00,1.371
10/1/2022 1:00,1.489
10/1/2022 2:00,1.638
10/1/2022 3:00,1.649
10/1/2022 4:00,1.612
10/1/2022 5:00,1.825
10/1/2022 6:00,2.058
10/1/2022 7:00,2.144
10/1/2022 8:00,2.27
10/1/2022 9:00,2.369
10/1/2022 10:00,2.393
10/1/2022 11:00,2.349
10/1/2022 12:00,2.346
10/1/2022 13:00,2.321
10/1/2022 14:00,2.134
10/1/2022 15:00,1.724
10/1/2022 16:00,1.821
10/1/2022 17:00,2.006
10/1/2022 18:00,2.081
10/1/2022 19:00,2.051
10/1/2022 20:00,2.147
10/1/2022 21:00,2.235
10/1/2022 22:00,2.372
10/1/2022 23:00,2.427
10/2/2022 0:00,2.431
10/2/2022 1:00,2.494
10/2/2022 2:00,2.518
10/2/2022 3:00,2.598
10/2/2022 4:00,2.626
10/2/2022 5:00,2.829
10/2/2022 6:00,2.959
10/2/2022 7:00,3.098
10/2/2022 8:00,3.167
10/2/2022 9:00,3.204
10/2/2022 10:00,3.226
10/2/2022 11:00,3.233
10/2/2022 12:00,3.201
10/2/2022 13:00,3.067
10/2/2022 14:00,2.732
10/2/2022 15:00,2.595
10/2/2022 16:00,2.681
10/2/2022 17:00,2.695
10/2/2022 18:00,2.68
10/2/2022 19:00,2.65
10/2/2022 20:00,2.588
10/2/2022 21:00,2.531
10/2/2022 22:00,2.497
10/2/2022 23:00,2.485
10/3/2022 0:00,2.572
10/3/2022 1:00,2.721
10/3/2022 2:00,3.031
10/3/2022 3:00,3.406
10/3/2022 4:00,3.941
10/3/2022 5:00,4.391
10/3/2022 6:00,4.996
10/3/2022 7:00,5.717
10/3/2022 8:00,6.527
10/3/2022 9:00,6.955
10/3/2022 10:00,7.079
10/3/2022 11:00,7.11
10/3/2022 12:00,7.016
10/3/2022 13:00,6.89
10/3/2022 14:00,6.747
10/3/2022 15:00,6.651
10/3/2022 16:00,6.557
10/3/2022 17:00,6.476
10/3/2022 18:00,6.324
10/3/2022 19:00,6.146
10/3/2022 20:00,5.978
10/3/2022 21:00,5.793
10/3/2022 22:00,5.72
10/3/2022 23:00,5.714
10/4/2022 0:00,5.655
10/4/2022 1:00,5.546
10/4/2022 2:00,5.379
10/4/2022 3:00,5.176
10/4/2022 4:00,4.95
10/4/2022 5:00,4.912
10/4/2022 6:00,5.038
10/4/2022 7:00,5.231
10/4/2022 8:00,5.37
10/4/2022 9:00,5.545
10/4/2022 10:00,5.686
10/4/2022 11:00,5.7
10/4/2022 12:00,5.508
10/4/2022 13:00,5.171
10/4/2022 14:00,4.696
10/4/2022 15:00,3.959
10/4/2022 16:00,3.455
10/4/2022 17:00,3.274
10/4/2022 18:00,3.012
10/4/2022 19:00,2.854
10/4/2022 20:00,2.801
10/4/2022 21:00,2.665
10/4/2022 22:00,2.37
10/4/2022 23:00,2.343
10/5/2022 0:00,2.516
10/5/2022 1:00,2.63
10/5/2022 2:00,2.495
10/5/2022 3:00,2.422
10/5/2022 4:00,2.591
10/5/2022 5:00,2.994
10/5/2022 6:00,3.27
10/5/2022 7:00,3.456
10/5/2022 8:00,3.727
10/5/2022 9:00,3.878
10/5/2022 10:00,3.788
10/5/2022 11:00,3.643
10/5/2022 12:00,3.638
10/5/2022 13:00,3.528
10/5/2022 14:00,3.359
10/5/2022 15:00,3.296
10/5/2022 16:00,3.426
10/5/2022 17:00,3.494
10/5/2022 18:00,3.514
10/5/2022 19:00,3.493
10/5/2022 20:00,3.487
10/5/2022 21:00,3.467
10/5/2022 22:00,3.492
10/5/2022 23:00,3.597
10/6/2022 0:00,3.707
10/6/2022 1:00,3.797
10/6/2022 2:00,3.932
10/6/2022 3:00,4.102
10/6/2022 4:00,4.282
10/6/2022 5:00,4.595
10/6/2022 6:00,4.887
10/6/2022 7:00,5.155
10/6/2022 8:00,5.399
10/6/2022 9:00,5.829
10/6/2022 10:00,6.445
10/6/2022 11:00,6.961
10/6/2022 12:00,6.971
10/6/2022 13:00,6.707
10/6/2022 14:00,6.282
10/6/2022 15:00,5.783
10/6/2022 16:00,5.548
10/6/2022 17:00,5.639
10/6/2022 18:00,5.691
10/6/2022 19:00,5.533
10/6/2022 20:00,5.256
10/6/2022 21:00,5.05
10/6/2022 22:00,4.97
10/6/2022 23:00,4.913
10/7/2022 0:00,4.855
10/7/2022 1:00,4.799
10/7/2022 2:00,4.716
10/7/2022 3:00,4.554
10/7/2022 4:00,4.426
10/7/2022 5:00,4.525
10/7/2022 6:00,4.708
10/7/2022 7:00,5.109
10/7/2022 8:00,5.462
10/7/2022 9:00,5.523
10/7/2022 10:00,5.606
10/7/2022 11:00,5.648
10/7/2022 12:00,5.512
10/7/2022 13:00,5.079
10/7/2022 14:00,4.457
10/7/2022 15:00,3.876
10/7/2022 16:00,3.789
10/7/2022 17:00,3.848
10/7/2022 18:00,3.732
10/7/2022 19:00,3.719
10/7/2022 20:00,3.837
10/7/2022 21:00,3.919
10/7/2022 22:00,3.969
10/7/2022 23:00,3.966
10/8/2022 0:00,4.001
10/8/2022 1:00,4.01
10/8/2022 2:00,3.943
10/8/2022 3:00,3.888
10/8/2022 4:00,3.928
10/8/2022 5:00,4.071
10/8/2022 6:00,4.072
10/8/2022 7:00,4.226
10/8/2022 8:00,4.341
10/8/2022 9:00,4.473
10/8/2022 10:00,4.473
10/8/2022 11:00,4.364
10/8/2022 12:00,4.145
10/8/2022 13:00,3.867
10/8/2022 14:00,3.554
10/8/2022 15:00,3.343
10/8/2022 16:00,3.41
10/8/2022 17:00,3.441
10/8/2022 18:00,3.347
10/8/2022 19:00,3.136
10/8/2022 20:00,2.934
10/8/2022 21:00,2.784
10/8/2022 22:00,2.601
10/8/2022 23:00,2.513
10/9/2022 0:00,2.55
10/9/2022 1:00,2.639
10/9/2022 2:00,2.678
10/9/2022 3:00,2.768
10/9/2022 4:00,2.866
10/9/2022 5:00,3
10/9/2022 6:00,3.286
10/9/2022 7:00,3.428
10/9/2022 8:00,3.827
10/9/2022 9:00,4.011
10/9/2022 10:00,3.944
10/9/2022 11:00,3.689
10/9/2022 12:00,3.448
10/9/2022 13:00,3.2
10/9/2022 14:00,2.427
10/9/2022 15:00,1.739
10/9/2022 16:00,1.796
10/9/2022 17:00,1.91
10/9/2022 18:00,1.974
10/9/2022 19:00,1.997
10/9/2022 20:00,2.009
10/9/2022 21:00,2.119
10/9/2022 22:00,2.309
10/9/2022 23:00,2.482
10/10/2022 0:00,2.55
10/10/2022 1:00,2.567
10/10/2022 2:00,2.609
10/10/2022 3:00,2.689
10/10/2022 4:00,2.81
10/10/2022 5:00,2.945
10/10/2022 6:00,3.074
10/10/2022 7:00,3.175
10/10/2022 8:00,3.368
10/10/2022 9:00,3.416
10/10/2022 10:00,3.445
10/10/2022 11:00,3.456
10/10/2022 12:00,3.462
10/10/2022 13:00,3.415
10/10/2022 14:00,2.967
10/10/2022 15:00,2.749
10/10/2022 16:00,3.136
10/10/2022 17:00,3.411
10/10/2022 18:00,3.53
10/10/2022 19:00,3.632
10/10/2022 20:00,3.822
10/10/2022 21:00,4.01
10/10/2022 22:00,4.093
10/10/2022 23:00,4.258
10/11/2022 0:00,4.343
10/11/2022 1:00,4.435
10/11/2022 2:00,4.503
10/11/2022 3:00,4.445
10/11/2022 4:00,4.391
10/11/2022 5:00,4.464
10/11/2022 6:00,4.524
10/11/2022 7:00,4.672
10/11/2022 8:00,4.756
10/11/2022 9:00,4.667
10/11/2022 10:00,4.432
10/11/2022 11:00,4.198
10/11/2022 12:00,4.103
10/11/2022 13:00,4.018
10/11/2022 14:00,3.768
10/11/2022 15:00,3.483
10/11/2022 16:00,3.462
10/11/2022 17:00,3.354
10/11/2022 18:00,3.29
10/11/2022 19:00,3.082
10/11/2022 20:00,2.929
10/11/2022 21:00,2.734
10/11/2022 22:00,2.59
10/11/2022 23:00,2.506
10/12/2022 0:00,2.47
10/12/2022 1:00,2.452
10/12/2022 2:00,2.363
10/12/2022 3:00,2.264
10/12/2022 4:00,2.164
10/12/2022 5:00,2.187
10/12/2022 6:00,2.614
10/12/2022 7:00,2.722
10/12/2022 8:00,2.878
10/12/2022 9:00,2.918
10/12/2022 10:00,2.859
10/12/2022 11:00,2.752
10/12/2022 12:00,2.617
10/12/2022 13:00,2.376
10/12/2022 14:00,1.533
10/12/2022 15:00,1.382
10/12/2022 16:00,1.5
10/12/2022 17:00,1.552
10/12/2022 18:00,1.556
10/12/2022 19:00,1.539
10/12/2022 20:00,1.521
10/12/2022 21:00,1.489
10/12/2022 22:00,1.497
10/12/2022 23:00,1.542
10/13/2022 0:00,1.598
10/13/2022 1:00,1.754
10/13/2022 2:00,1.788
10/13/2022 3:00,1.999
10/13/2022 4:00,2.014
10/13/2022 5:00,2.09
10/13/2022 6:00,2.32
10/13/2022 7:00,2.417
10/13/2022 8:00,2.514
10/13/2022 9:00,2.613
10/13/2022 10:00,2.705
10/13/2022 11:00,2.753
10/13/2022 12:00,2.694
10/13/2022 13:00,2.478
10/13/2022 14:00,1.879
10/13/2022 15:00,1.791
10/13/2022 16:00,2.115
10/13/2022 17:00,2.342
10/13/2022 18:00,2.46
10/13/2022 19:00,2.569
10/13/2022 20:00,2.727
10/13/2022 21:00,2.873
10/13/2022 22:00,3.025
10/13/2022 23:00,3.136
10/14/2022 0:00,3.241
10/14/2022 1:00,3.356
10/14/2022 2:00,3.414
10/14/2022 3:00,3.419
10/14/2022 4:00,3.4
10/14/2022 5:00,3.448
10/14/2022 6:00,3.574
10/14/2022 7:00,3.586
10/14/2022 8:00,3.781
10/14/2022 9:00,3.841
10/14/2022 10:00,3.94
10/14/2022 11:00,3.919
10/14/2022 12:00,3.756
10/14/2022 13:00,3.417
10/14/2022 14:00,3.056
10/14/2022 15:00,2.748
10/14/2022 16:00,2.8
10/14/2022 17:00,2.811
10/14/2022 18:00,2.775
10/14/2022 19:00,2.821
10/14/2022 20:00,2.892
10/14/2022 21:00,2.869
10/14/2022 22:00,2.812
10/14/2022 23:00,2.81
10/15/2022 0:00,2.777
10/15/2022 1:00,2.756
10/15/2022 2:00,2.81
10/15/2022 3:00,2.94
10/15/2022 4:00,3.061
10/15/2022 5:00,3.249
10/15/2022 6:00,3.507
10/15/2022 7:00,3.685
10/15/2022 8:00,3.837
10/15/2022 9:00,3.965
10/15/2022 10:00,4.032
10/15/2022 11:00,4.009
10/15/2022 12:00,3.874
10/15/2022 13:00,3.607
10/15/2022 14:00,3.256
10/15/2022 15:00,3.238
10/15/2022 16:00,3.478
10/15/2022 17:00,3.635
10/15/2022 18:00,3.702
10/15/2022 19:00,3.72
10/15/2022 20:00,3.734
10/15/2022 21:00,3.664
10/15/2022 22:00,3.624
10/15/2022 23:00,3.686
10/16/2022 0:00,3.549
10/16/2022 1:00,3.534
10/16/2022 2:00,3.457
10/16/2022 3:00,3.432
10/16/2022 4:00,3.445
10/16/2022 5:00,3.557
10/16/2022 6:00,3.836
10/16/2022 7:00,3.997
10/16/2022 8:00,4.178
10/16/2022 9:00,4.455
10/16/2022 10:00,4.564
10/16/2022 11:00,4.521
10/16/2022 12:00,4.392
10/16/2022 13:00,4.122
10/16/2022 14:00,3.851
10/16/2022 15:00,3.774
10/16/2022 16:00,3.934
10/16/2022 17:00,4.052
10/16/2022 18:00,3.926
10/16/2022 19:00,4.003
10/16/2022 20:00,4.224
10/16/2022 21:00,4.452
10/16/2022 22:00,4.49
10/16/2022 23:00,4.457
10/17/2022 0:00,4.57
10/17/2022 1:00,4.642
10/17/2022 2:00,4.699
10/17/2022 3:00,4.785
10/17/2022 4:00,4.704
10/17/2022 5:00,4.716
10/17/2022 6:00,4.82
10/17/2022 7:00,5.071
10/17/2022 8:00,5.337
10/17/2022 9:00,5.309
10/17/2022 10:00,5.036
10/17/2022 11:00,4.675
10/17/2022 12:00,4.112
10/17/2022 13:00,3.267
10/17/2022 14:00,2.333
10/17/2022 15:00,1.937
10/17/2022 16:00,1.995
10/17/2022 17:00,2.11
10/17/2022 18:00,2.137
10/17/2022 19:00,1.909
10/17/2022 20:00,1.311
10/17/2022 21:00,1.631
10/17/2022 22:00,2.323
10/17/2022 23:00,2.615
10/18/2022 0:00,3.009
10/18/2022 1:00,3.637
10/18/2022 2:00,3.918
10/18/2022 3:00,4.273
10/18/2022 4:00,4.497
10/18/2022 5:00,4.335
10/18/2022 6:00,4.064
10/18/2022 7:00,3.868
10/18/2022 8:00,3.858
10/18/2022 9:00,4.078
10/18/2022 10:00,4.142
10/18/2022 11:00,4.023
10/18/2022 12:00,3.829
10/18/2022 13:00,3.619
10/18/2022 14:00,3.342
10/18/2022 15:00,3.028
10/18/2022 16:00,2.834
10/18/2022 17:00,2.603
10/18/2022 18:00,2.404
10/18/2022 19:00,2.107
10/18/2022 20:00,1.922
10/18/2022 21:00,1.781
10/18/2022 22:00,1.685
10/18/2022 23:00,2.081
10/19/2022 0:00,3.067
10/19/2022 1:00,3.771
10/19/2022 2:00,3.981
10/19/2022 3:00,4.253
10/19/2022 4:00,4.4
10/19/2022 5:00,4.25
10/19/2022 6:00,4.273
10/19/2022 7:00,4.707
10/19/2022 8:00,5.155
10/19/2022 9:00,5.321
10/19/2022 10:00,5.388
10/19/2022 11:00,5.393
10/19/2022 12:00,5.283
10/19/2022 13:00,4.92
10/19/2022 14:00,4.155
10/19/2022 15:00,3.386
10/19/2022 16:00,3.291
10/19/2022 17:00,3.139
10/19/2022 18:00,2.819
10/19/2022 19:00,2.516
10/19/2022 20:00,2.275
10/19/2022 21:00,2.172
10/19/2022 22:00,2.153
10/19/2022 23:00,2.191
10/20/2022 0:00,2.271
10/20/2022 1:00,2.358
10/20/2022 2:00,2.432
10/20/2022 3:00,2.444
10/20/2022 4:00,2.368
10/20/2022 5:00,2.398
10/20/2022 6:00,2.773
10/20/2022 7:00,3.064
10/20/2022 8:00,3.262
10/20/2022 9:00,3.54
10/20/2022 10:00,3.658
10/20/2022 11:00,3.624
10/20/2022 12:00,3.39
10/20/2022 13:00,2.815
10/20/2022 14:00,1.985
10/20/2022 15:00,1.686
10/20/2022 16:00,1.736
10/20/2022 17:00,1.709
10/20/2022 18:00,1.634
10/20/2022 19:00,1.554
10/20/2022 20:00,1.524
10/20/2022 21:00,1.513
10/20/2022 22:00,1.523
10/20/2022 23:00,1.649
10/21/2022 0:00,2.026
10/21/2022 1:00,2.371
10/21/2022 2:00,2.394
10/21/2022 3:00,2.358
10/21/2022 4:00,2.204
10/21/2022 5:00,2.093
10/21/2022 6:00,2.268
10/21/2022 7:00,2.434
10/21/2022 8:00,2.542
10/21/2022 9:00,2.606
10/21/2022 10:00,2.529
10/21/2022 11:00,2.376
10/21/2022 12:00,2.079
10/21/2022 13:00,1.662
10/21/2022 14:00,1.642
10/21/2022 15:00,1.873
10/21/2022 16:00,2.148
10/21/2022 17:00,2.269
10/21/2022 18:00,2.288
10/21/2022 19:00,2.343
10/21/2022 20:00,2.443
10/21/2022 21:00,2.499
10/21/2022 22:00,2.425
10/21/2022 23:00,2.383
10/22/2022 0:00,2.393
10/22/2022 1:00,2.483
10/22/2022 2:00,2.529
10/22/2022 3:00,2.627
10/22/2022 4:00,2.759
10/22/2022 5:00,2.736
10/22/2022 6:00,3.069
10/22/2022 7:00,3.057
10/22/2022 8:00,2.951
10/22/2022 9:00,2.866
10/22/2022 10:00,2.742
10/22/2022 11:00,2.59
10/22/2022 12:00,2.425
10/22/2022 13:00,1.954
10/22/2022 14:00,1.415
10/22/2022 15:00,1.534
10/22/2022 16:00,1.621
10/22/2022 17:00,1.658
10/22/2022 18:00,1.635
10/22/2022 19:00,1.601
10/22/2022 20:00,1.621
10/22/2022 21:00,1.701
10/22/2022 22:00,1.832
10/22/2022 23:00,1.82
10/23/2022 0:00,1.865
10/23/2022 1:00,1.916
10/23/2022 2:00,2.01
10/23/2022 3:00,2.095
10/23/2022 4:00,2.171
10/23/2022 5:00,2.279
10/23/2022 6:00,2.527
10/23/2022 7:00,2.905
10/23/2022 8:00,3.209
10/23/2022 9:00,3.5
10/23/2022 10:00,3.671
10/23/2022 11:00,3.642
10/23/2022 12:00,3.405
10/23/2022 13:00,2.959
10/23/2022 14:00,2.491
10/23/2022 15:00,2.244
10/23/2022 16:00,2.032
10/23/2022 17:00,1.892
10/23/2022 18:00,1.726
10/23/2022 19:00,1.541
10/23/2022 20:00,1.41
10/23/2022 21:00,1.333
10/23/2022 22:00,1.277
10/23/2022 23:00,1.209
10/24/2022 0:00,1.114
10/24/2022 1:00,0.983
10/24/2022 2:00,0.835
10/24/2022 3:00,0.625
10/24/2022 4:00,0.644
10/24/2022 5:00,0.783
10/24/2022 6:00,1.035
10/24/2022 7:00,1.446
10/24/2022 8:00,1.636
10/24/2022 9:00,1.796
10/24/2022 10:00,1.945
10/24/2022 11:00,2.063
10/24/2022 12:00,2.087
10/24/2022 13:00,1.953
10/24/2022 14:00,1.693
10/24/2022 15:00,1.907
10/24/2022 16:00,2.211
10/24/2022 17:00,2.396
10/24/2022 18:00,2.516
10/24/2022 19:00,2.659
10/24/2022 20:00,2.787
10/24/2022 21:00,2.945
10/24/2022 22:00,3.004
10/24/2022 23:00,3.085
10/25/2022 0:00,3.152
10/25/2022 1:00,3.241
10/25/2022 2:00,3.278
10/25/2022 3:00,3.244
10/25/2022 4:00,3.168
10/25/2022 5:00,3.158
10/25/2022 6:00,3.147
10/25/2022 7:00,3.053
10/25/2022 8:00,2.825
10/25/2022 9:00,2.654
10/25/2022 10:00,2.567
10/25/2022 11:00,2.516
10/25/2022 12:00,2.408
10/25/2022 13:00,2.043
10/25/2022 14:00,1.625
10/25/2022 15:00,1.685
10/25/2022 16:00,1.993
10/25/2022 17:00,2.283
10/25/2022 18:00,2.502
10/25/2022 19:00,2.526
10/25/2022 20:00,2.571
10/25/2022 21:00,2.498
10/25/2022 22:00,2.412
10/25/2022 23:00,2.465
10/26/2022 0:00,2.605
10/26/2022 1:00,2.663
10/26/2022 2:00,2.681
10/26/2022 3:00,2.713
10/26/2022 4:00,2.767
10/26/2022 5:00,2.75
10/26/2022 6:00,2.89
10/26/2022 7:00,3.06
10/26/2022 8:00,3.186
10/26/2022 9:00,3.375
10/26/2022 10:00,3.569
10/26/2022 11:00,3.603
10/26/2022 12:00,3.479
10/26/2022 13:00,3.391
10/26/2022 14:00,3.437
10/26/2022 15:00,3.368
10/26/2022 16:00,3.277
10/26/2022 17:00,3.239
10/26/2022 18:00,3.211
10/26/2022 19:00,3.106
10/26/2022 20:00,3.04
10/26/2022 21:00,3.02
10/26/2022 22:00,3.01
10/26/2022 23:00,2.969
10/27/2022 0:00,2.764
10/27/2022 1:00,2.712
10/27/2022 2:00,2.56
10/27/2022 3:00,2.42
10/27/2022 4:00,2.201
10/27/2022 5:00,1.94
10/27/2022 6:00,1.958
10/27/2022 7:00,2.26
10/27/2022 8:00,2.394
10/27/2022 9:00,2.704
10/27/2022 10:00,3.044
10/27/2022 11:00,3.288
10/27/2022 12:00,3.232
10/27/2022 13:00,2.919
10/27/2022 14:00,2.584
10/27/2022 15:00,2.769
10/27/2022 16:00,3.144
10/27/2022 17:00,3.32
10/27/2022 18:00,3.245
10/27/2022 19:00,3.241
10/27/2022 20:00,3.026
10/27/2022 21:00,2.818
10/27/2022 22:00,2.704
10/27/2022 23:00,2.593
10/28/2022 0:00,2.614
10/28/2022 1:00,2.728
10/28/2022 2:00,2.749
10/28/2022 3:00,2.813
10/28/2022 4:00,2.856
10/28/2022 5:00,2.868
10/28/2022 6:00,3.073
10/28/2022 7:00,3.096
10/28/2022 8:00,3.047
10/28/2022 9:00,2.932
10/28/2022 10:00,2.743
10/28/2022 11:00,2.544
10/28/2022 12:00,2.478
10/28/2022 13:00,2.682
10/28/2022 14:00,2.943
10/28/2022 15:00,3.23
10/28/2022 16:00,3.157
10/28/2022 17:00,3.298
10/28/2022 18:00,3.294
10/28/2022 19:00,3.234
10/28/2022 20:00,3.219
10/28/2022 21:00,3.14
10/28/2022 22:00,3.195
10/28/2022 23:00,3.203
10/29/2022 0:00,3.099
10/29/2022 1:00,3.043
10/29/2022 2:00,2.951
10/29/2022 3:00,2.877
10/29/2022 4:00,2.935
10/29/2022 5:00,3.163
10/29/2022 6:00,3.323
10/29/2022 7:00,3.495
10/29/2022 8:00,3.752
10/29/2022 9:00,4.14
10/29/2022 10:00,4.807
10/29/2022 11:00,5.254
10/29/2022 12:00,5.618
10/29/2022 13:00,5.565
10/29/2022 14:00,5.203
10/29/2022 15:00,5.118
10/29/2022 16:00,5.105
10/29/2022 17:00,5.032
10/29/2022 18:00,5.039
10/29/2022 19:00,4.925
10/29/2022 20:00,4.788
10/29/2022 21:00,4.529
10/29/2022 22:00,4.29
10/29/2022 23:00,4.012
10/30/2022 0:00,3.721
10/30/2022 1:00,3.405
10/30/2022 2:00,3.288
10/30/2022 3:00,3.21
10/30/2022 4:00,3.249
10/30/2022 5:00,3.394
10/30/2022 6:00,3.57
10/30/2022 7:00,3.797
10/30/2022 8:00,4.001
10/30/2022 9:00,4.662
10/30/2022 10:00,5.096
10/30/2022 11:00,5.067
10/30/2022 12:00,4.937
10/30/2022 13:00,4.647
10/30/2022 14:00,4.11
10/30/2022 15:00,3.735
10/30/2022 16:00,3.306
10/30/2022 17:00,2.899
10/30/2022 18:00,2.557
10/30/2022 19:00,2.294
10/30/2022 20:00,2.097
10/30/2022 21:00,1.953
10/30/2022 22:00,1.847
10/30/2022 23:00,1.854
10/31/2022 0:00,1.902
10/31/2022 1:00,1.914
10/31/2022 2:00,1.894
10/31/2022 3:00,1.852
10/31/2022 4:00,1.778
10/31/2022 5:00,1.681
10/31/2022 6:00,1.531
10/31/2022 7:00,1.654
10/31/2022 8:00,1.629
10/31/2022 9:00,1.611
10/31/2022 10:00,1.808
10/31/2022 11:00,2.008
10/31/2022 12:00,2.094
10/31/2022 13:00,1.607
10/31/2022 14:00,1.384
10/31/2022 15:00,1.552
10/31/2022 16:00,1.682
10/31/2022 17:00,1.833
10/31/2022 18:00,1.929
10/31/2022 19:00,2.002
10/31/2022 20:00,2.068
10/31/2022 21:00,2.007
10/31/2022 22:00,1.994
10/31/2022 23:00,2.026
11/1/2022 0:00,2.042
11/1/2022 1:00,1.969
11/1/2022 2:00,1.853
11/1/2022 3:00,1.744
11/1/2022 4:00,1.593
11/1/2022 5:00,1.517
11/1/2022 6:00,1.701
11/1/2022 7:00,2.007
11/1/2022 8:00,1.999
11/1/2022 9:00,1.79
11/1/2022 10:00,1.501
11/1/2022 11:00,1.183
11/1/2022 12:00,0.894
11/1/2022 13:00,0.552
11/1/2022 14:00,0.618
11/1/2022 15:00,0.73
11/1/2022 16:00,0.812
11/1/2022 17:00,0.926
11/1/2022 18:00,1.033
11/1/2022 19:00,1.116
11/1/2022 20:00,1.162
11/1/2022 21:00,1.182
11/1/2022 22:00,1.197
11/1/2022 23:00,1.195
11/2/2022 0:00,1.194
11/2/2022 1:00,1.215
11/2/2022 2:00,1.3
11/2/2022 3:00,1.435
11/2/2022 4:00,1.548
11/2/2022 5:00,1.621
11/2/2022 6:00,1.76
11/2/2022 7:00,1.965
11/2/2022 8:00,2.008
11/2/2022 9:00,2.006
11/2/2022 10:00,2.016
11/2/2022 11:00,1.984
11/2/2022 12:00,1.871
11/2/2022 13:00,1.581
11/2/2022 14:00,1.297
11/2/2022 15:00,1.298
11/2/2022 16:00,1.338
11/2/2022 17:00,1.325
11/2/2022 18:00,1.331
11/2/2022 19:00,1.361
11/2/2022 20:00,1.401
11/2/2022 21:00,1.466
11/2/2022 22:00,1.498
11/2/2022 23:00,1.556
11/3/2022 0:00,1.635
11/3/2022 1:00,1.684
11/3/2022 2:00,1.66
11/3/2022 3:00,1.644
11/3/2022 4:00,1.629
11/3/2022 5:00,1.625
11/3/2022 6:00,1.705
11/3/2022 7:00,1.968
11/3/2022 8:00,2.118
11/3/2022 9:00,2.235
11/3/2022 10:00,2.296
11/3/2022 11:00,2.201
11/3/2022 12:00,1.939
11/3/2022 13:00,1.315
11/3/2022 14:00,0.944
11/3/2022 15:00,0.89
11/3/2022 16:00,0.777
11/3/2022 17:00,0.676
11/3/2022 18:00,0.639
11/3/2022 19:00,0.647
11/3/2022 20:00,0.688
11/3/2022 21:00,0.75
11/3/2022 22:00,0.781
11/3/2022 23:00,0.766
11/4/2022 0:00,0.69
11/4/2022 1:00,0.6
11/4/2022 2:00,0.713
11/4/2022 3:00,0.897
11/4/2022 4:00,1.059
11/4/2022 5:00,1.25
11/4/2022 6:00,1.512
11/4/2022 7:00,2.075
11/4/2022 8:00,2.289
11/4/2022 9:00,2.455
11/4/2022 10:00,2.631
11/4/2022 11:00,2.751
11/4/2022 12:00,2.788
11/4/2022 13:00,2.495
11/4/2022 14:00,2.147
11/4/2022 15:00,2.564
11/4/2022 16:00,2.979
11/4/2022 17:00,3.21
11/4/2022 18:00,3.363
11/4/2022 19:00,3.469
11/4/2022 20:00,3.479
11/4/2022 21:00,3.358
11/4/2022 22:00,3.301
11/4/2022 23:00,3.304
11/5/2022 0:00,3.441
11/5/2022 1:00,3.681
11/5/2022 2:00,3.894
11/5/2022 3:00,4.152
11/5/2022 4:00,4.364
11/5/2022 5:00,4.521
11/5/2022 6:00,4.706
11/5/2022 7:00,4.942
11/5/2022 8:00,5.1
11/5/2022 9:00,5.071
11/5/2022 10:00,5.04
11/5/2022 11:00,5.008
11/5/2022 12:00,4.935
11/5/2022 13:00,4.86
11/5/2022 14:00,4.793
11/5/2022 15:00,4.781
11/5/2022 16:00,4.727
11/5/2022 17:00,4.536
11/5/2022 18:00,4.333
11/5/2022 19:00,4.139
11/5/2022 20:00,3.905
11/5/2022 21:00,3.81
11/5/2022 22:00,3.639
11/5/2022 23:00,3.438
11/6/2022 0:00,3.26
11/6/2022 1:00,3.118
11/6/2022 2:00,3.084
11/6/2022 3:00,3.017
11/6/2022 4:00,2.931
11/6/2022 5:00,2.878
11/6/2022 6:00,2.937
11/6/2022 7:00,3.114
11/6/2022 8:00,3.132
11/6/2022 9:00,3.182
11/6/2022 10:00,3.376
11/6/2022 11:00,3.411
11/6/2022 12:00,3.186
11/6/2022 13:00,2.849
11/6/2022 14:00,2.976
11/6/2022 15:00,3.266
11/6/2022 16:00,3.428
11/6/2022 17:00,3.598
11/6/2022 18:00,3.931
11/6/2022 19:00,4.039
11/6/2022 20:00,4.085
11/6/2022 21:00,4.156
11/6/2022 22:00,4.143
11/6/2022 23:00,4.031
11/7/2022 0:00,3.93
11/7/2022 1:00,4.039
11/7/2022 2:00,4.095
11/7/2022 3:00,4.142
11/7/2022 4:00,4.221
11/7/2022 5:00,4.301
11/7/2022 6:00,4.394
11/7/2022 7:00,4.532
11/7/2022 8:00,4.592
11/7/2022 9:00,4.693
11/7/2022 10:00,4.851
11/7/2022 11:00,4.84
11/7/2022 12:00,4.65
11/7/2022 13:00,4.392
11/7/2022 14:00,4.21
11/7/2022 15:00,4.157
11/7/2022 16:00,4.125
11/7/2022 17:00,4.004
11/7/2022 18:00,4.027
11/7/2022 19:00,4.1
11/7/2022 20:00,4.287
11/7/2022 21:00,4.407
11/7/2022 22:00,4.577
11/7/2022 23:00,4.714
11/8/2022 0:00,4.81
11/8/2022 1:00,4.959
11/8/2022 2:00,5.106
11/8/2022 3:00,5.124
11/8/2022 4:00,5.179
11/8/2022 5:00,5.07
11/8/2022 6:00,5.004
11/8/2022 7:00,5.143
11/8/2022 8:00,5.056
11/8/2022 9:00,4.819
11/8/2022 10:00,4.624
11/8/2022 11:00,4.368
11/8/2022 12:00,3.914
11/8/2022 13:00,3.348
11/8/2022 14:00,3.07
11/8/2022 15:00,3.143
11/8/2022 16:00,3.22
11/8/2022 17:00,3.164
11/8/2022 18:00,3.324
11/8/2022 19:00,3.551
11/8/2022 20:00,3.781
11/8/2022 21:00,4.013
11/8/2022 22:00,3.989
11/8/2022 23:00,3.873
11/9/2022 0:00,3.871
11/9/2022 1:00,3.771
11/9/2022 2:00,3.683
11/9/2022 3:00,3.733
11/9/2022 4:00,3.89
11/9/2022 5:00,3.939
11/9/2022 6:00,4.015
11/9/2022 7:00,4.341
11/9/2022 8:00,4.337
11/9/2022 9:00,4.538
11/9/2022 10:00,4.441
11/9/2022 11:00,4.164
11/9/2022 12:00,3.759
11/9/2022 13:00,3.4
11/9/2022 14:00,3.223
11/9/2022 15:00,3.415
11/9/2022 16:00,3.443
11/9/2022 17:00,3.432
11/9/2022 18:00,3.371
11/9/2022 19:00,3.385
11/9/2022 20:00,3.482
11/9/2022 21:00,3.46
11/9/2022 22:00,3.358
11/9/2022 23:00,3.17
11/10/2022 0:00,3.021
11/10/2022 1:00,2.989
11/10/2022 2:00,3.016
11/10/2022 3:00,3.012
11/10/2022 4:00,2.981
11/10/2022 5:00,2.931
11/10/2022 6:00,2.902
11/10/2022 7:00,2.972
11/10/2022 8:00,2.996
11/10/2022 9:00,2.877
11/10/2022 10:00,2.763
11/10/2022 11:00,2.613
11/10/2022 12:00,2.425
11/10/2022 13:00,2.172
11/10/2022 14:00,2.058
11/10/2022 15:00,2.452
11/10/2022 16:00,2.668
11/10/2022 17:00,2.576
11/10/2022 18:00,2.568
11/10/2022 19:00,2.7
11/10/2022 20:00,2.862
11/10/2022 21:00,2.921
11/10/2022 22:00,3.02
11/10/2022 23:00,3.127
11/11/2022 0:00,3.405
11/11/2022 1:00,3.678
11/11/2022 2:00,3.74
11/11/2022 3:00,4.134
11/11/2022 4:00,4.421
11/11/2022 5:00,4.636
11/11/2022 6:00,4.92
11/11/2022 7:00,5.224
11/11/2022 8:00,5.276
11/11/2022 9:00,5.158
11/11/2022 10:00,5.108
11/11/2022 11:00,5.188
11/11/2022 12:00,5.313
11/11/2022 13:00,5.206
11/11/2022 14:00,5.122
11/11/2022 15:00,5.109
11/11/2022 16:00,5.108
11/11/2022 17:00,5.159
11/11/2022 18:00,5.285
11/11/2022 19:00,5.304
11/11/2022 20:00,5.153
11/11/2022 21:00,5.063
11/11/2022 22:00,5.086
11/11/2022 23:00,5.135
11/12/2022 0:00,5.307
11/12/2022 1:00,5.439
11/12/2022 2:00,5.548
11/12/2022 3:00,5.592
11/12/2022 4:00,5.718
11/12/2022 5:00,5.848
11/12/2022 6:00,5.918
11/12/2022 7:00,5.921
11/12/2022 8:00,5.876
11/12/2022 9:00,5.759
11/12/2022 10:00,5.505
11/12/2022 11:00,5.054
11/12/2022 12:00,4.483
11/12/2022 13:00,3.873
11/12/2022 14:00,3.035
11/12/2022 15:00,2.982
11/12/2022 16:00,3.099
11/12/2022 17:00,3.141
11/12/2022 18:00,3.125
11/12/2022 19:00,3.12
11/12/2022 20:00,3.037
11/12/2022 21:00,2.997
11/12/2022 22:00,3.006
11/12/2022 23:00,2.985
11/13/2022 0:00,2.88
11/13/2022 1:00,2.786
11/13/2022 2:00,2.673
11/13/2022 3:00,2.548
11/13/2022 4:00,2.41
11/13/2022 5:00,2.297
11/13/2022 6:00,2.203
11/13/2022 7:00,2.336
11/13/2022 8:00,2.429
11/13/2022 9:00,2.368
11/13/2022 10:00,2.308
11/13/2022 11:00,2.279
11/13/2022 12:00,2.124
11/13/2022 13:00,1.446
11/13/2022 14:00,1.338
11/13/2022 15:00,1.378
11/13/2022 16:00,1.375
11/13/2022 17:00,1.294
11/13/2022 18:00,1.256
11/13/2022 19:00,1.12
11/13/2022 20:00,0.998
11/13/2022 21:00,0.78
11/13/2022 22:00,0.608
11/13/2022 23:00,0.565
11/14/2022 0:00,0.681
11/14/2022 1:00,0.776
11/14/2022 2:00,0.828
11/14/2022 3:00,0.928
11/14/2022 4:00,1.076
11/14/2022 5:00,1.246
11/14/2022 6:00,1.506
11/14/2022 7:00,1.79
11/14/2022 8:00,2.022
11/14/2022 9:00,2.14
11/14/2022 10:00,2.231
11/14/2022 11:00,2.287
11/14/2022 12:00,2.314
11/14/2022 13:00,2.23
11/14/2022 14:00,2.226
11/14/2022 15:00,2.497
11/14/2022 16:00,2.663
11/14/2022 17:00,2.755
11/14/2022 18:00,2.781
11/14/2022 19:00,2.799
11/14/2022 20:00,2.75
11/14/2022 21:00,2.694
11/14/2022 22:00,2.657
11/14/2022 23:00,2.635
11/15/2022 0:00,2.604
11/15/2022 1:00,2.432
11/15/2022 2:00,2.227
11/15/2022 3:00,2.118
11/15/2022 4:00,2.036
11/15/2022 5:00,2.024
11/15/2022 6:00,2.203
11/15/2022 7:00,2.603
11/15/2022 8:00,2.793
11/15/2022 9:00,2.927
11/15/2022 10:00,3.177
11/15/2022 11:00,3.441
11/15/2022 12:00,3.504
11/15/2022 13:00,3.279
11/15/2022 14:00,3.244
11/15/2022 15:00,3.615
11/15/2022 16:00,3.911
11/15/2022 17:00,4.21
11/15/2022 18:00,4.244
11/15/2022 19:00,4.195
11/15/2022 20:00,4.151
11/15/2022 21:00,4.102
11/15/2022 22:00,4.011
11/15/2022 23:00,3.938
11/16/2022 0:00,3.956
11/16/2022 1:00,3.774
11/16/2022 2:00,3.658
11/16/2022 3:00,3.545
11/16/2022 4:00,3.461
11/16/2022 5:00,3.402
11/16/2022 6:00,3.293
11/16/2022 7:00,3.544
11/16/2022 8:00,3.67
11/16/2022 9:00,3.609
11/16/2022 10:00,3.546
11/16/2022 11:00,3.478
11/16/2022 12:00,3.328
11/16/2022 13:00,2.68
11/16/2022 14:00,2.276
11/16/2022 15:00,2.508
11/16/2022 16:00,2.683
11/16/2022 17:00,2.694
11/16/2022 18:00,2.648
11/16/2022 19:00,2.606
11/16/2022 20:00,2.411
11/16/2022 21:00,2.058
11/16/2022 22:00,1.654
11/16/2022 23:00,1.419
11/17/2022 0:00,1.295
11/17/2022 1:00,1.222
11/17/2022 2:00,1.2
11/17/2022 3:00,1.358
11/17/2022 4:00,1.6
11/17/2022 5:00,1.702
11/17/2022 6:00,1.786
11/17/2022 7:00,2.049
11/17/2022 8:00,2.121
11/17/2022 9:00,2.128
11/17/2022 10:00,2.239
11/17/2022 11:00,2.42
11/17/2022 12:00,2.419
11/17/2022 13:00,2.187
11/17/2022 14:00,2.586
11/17/2022 15:00,3.259
11/17/2022 16:00,3.689
11/17/2022 17:00,4.171
11/17/2022 18:00,4.308
11/17/2022 19:00,4.446
11/17/2022 20:00,4.439
11/17/2022 21:00,4.431
11/17/2022 22:00,4.407
11/17/2022 23:00,4.457
11/18/2022 0:00,4.503
11/18/2022 1:00,4.535
11/18/2022 2:00,4.659
11/18/2022 3:00,4.607
11/18/2022 4:00,4.484
11/18/2022 5:00,4.337
11/18/2022 6:00,4.27
11/18/2022 7:00,4.367
11/18/2022 8:00,4.485
11/18/2022 9:00,4.447
11/18/2022 10:00,4.344
11/18/2022 11:00,4.227
11/18/2022 12:00,4.107
11/18/2022 13:00,3.821
11/18/2022 14:00,3.479
11/18/2022 15:00,3.53
11/18/2022 16:00,3.452
11/18/2022 17:00,3.268
11/18/2022 18:00,3.069
11/18/2022 19:00,2.984
11/18/2022 20:00,2.935
11/18/2022 21:00,2.93
11/18/2022 22:00,2.949
11/18/2022 23:00,3.006
11/19/2022 0:00,3.071
11/19/2022 1:00,3.084
11/19/2022 2:00,3.027
11/19/2022 3:00,3.011
11/19/2022 4:00,3.012
11/19/2022 5:00,3.262
11/19/2022 6:00,3.472
11/19/2022 7:00,3.745
11/19/2022 8:00,3.841
11/19/2022 9:00,3.735
11/19/2022 10:00,3.604
11/19/2022 11:00,3.512
11/19/2022 12:00,3.392
11/19/2022 13:00,3.221
11/19/2022 14:00,3.032
11/19/2022 15:00,2.977
11/19/2022 16:00,2.867
11/19/2022 17:00,2.654
11/19/2022 18:00,2.386
11/19/2022 19:00,2.072
11/19/2022 20:00,1.695
11/19/2022 21:00,1.335
11/19/2022 22:00,1.026
11/19/2022 23:00,0.822
11/20/2022 0:00,0.896
11/20/2022 1:00,1.161
11/20/2022 2:00,1.457
11/20/2022 3:00,1.774
11/20/2022 4:00,2.087
11/20/2022 5:00,2.386
11/20/2022 6:00,2.691
11/20/2022 7:00,3.135
11/20/2022 8:00,3.632
11/20/2022 9:00,3.917
11/20/2022 10:00,4.096
11/20/2022 11:00,4.139
11/20/2022 12:00,4.073
11/20/2022 13:00,3.863
11/20/2022 14:00,4.044
11/20/2022 15:00,4.406
11/20/2022 16:00,4.43
11/20/2022 17:00,4.51
11/20/2022 18:00,4.602
11/20/2022 19:00,4.591
11/20/2022 20:00,4.627
11/20/2022 21:00,4.64
11/20/2022 22:00,4.585
11/20/2022 23:00,4.591
11/21/2022 0:00,4.572
11/21/2022 1:00,4.516
11/21/2022 2:00,4.399
11/21/2022 3:00,4.292
11/21/2022 4:00,4.174
11/21/2022 5:00,4.051
11/21/2022 6:00,3.933
11/21/2022 7:00,3.873
11/21/2022 8:00,3.984
11/21/2022 9:00,4.002
11/21/2022 10:00,3.866
11/21/2022 11:00,3.697
11/21/2022 12:00,3.454
11/21/2022 13:00,3.024
11/21/2022 14:00,2.869
11/21/2022 15:00,3.018
11/21/2022 16:00,3.05
11/21/2022 17:00,2.998
11/21/2022 18:00,2.954
11/21/2022 19:00,2.908
11/21/2022 20:00,2.809
11/21/2022 21:00,2.651
11/21/2022 22:00,2.474
11/21/2022 23:00,2.279
11/22/2022 0:00,2.147
11/22/2022 1:00,2.059
11/22/2022 2:00,1.986
11/22/2022 3:00,1.93
11/22/2022 4:00,1.884
11/22/2022 5:00,1.879
11/22/2022 6:00,1.917
11/22/2022 7:00,2.016
11/22/2022 8:00,2.131
11/22/2022 9:00,2.253
11/22/2022 10:00,2.215
11/22/2022 11:00,2.213
11/22/2022 12:00,2.203
11/22/2022 13:00,2.066
11/22/2022 14:00,2
11/22/2022 15:00,2.167
11/22/2022 16:00,2.215
11/22/2022 17:00,2.165
11/22/2022 18:00,2.034
11/22/2022 19:00,1.909
11/22/2022 20:00,1.824
11/22/2022 21:00,1.771
11/22/2022 22:00,1.728
11/22/2022 23:00,1.695
11/23/2022 0:00,1.643
11/23/2022 1:00,1.628
11/23/2022 2:00,1.671
11/23/2022 3:00,1.709
11/23/2022 4:00,1.697
11/23/2022 5:00,1.671
11/23/2022 6:00,1.644
11/23/2022 7:00,1.694
11/23/2022 8:00,1.729
11/23/2022 9:00,1.766
11/23/2022 10:00,1.586
11/23/2022 11:00,1.374
11/23/2022 12:00,1.208
11/23/2022 13:00,1.183
11/23/2022 14:00,1.307
11/23/2022 15:00,1.511
11/23/2022 16:00,1.659
11/23/2022 17:00,1.77
11/23/2022 18:00,1.862
11/23/2022 19:00,1.897
11/23/2022 20:00,1.898
11/23/2022 21:00,1.857
11/23/2022 22:00,1.815
11/23/2022 23:00,1.828
11/24/2022 0:00,1.861
11/24/2022 1:00,1.875
11/24/2022 2:00,1.886
11/24/2022 3:00,1.893
11/24/2022 4:00,1.895
11/24/2022 5:00,1.917
11/24/2022 6:00,1.946
11/24/2022 7:00,2.076
11/24/2022 8:00,2.321
11/24/2022 9:00,2.501
11/24/2022 10:00,2.551
11/24/2022 11:00,2.582
11/24/2022 12:00,2.44
11/24/2022 13:00,2.114
11/24/2022 14:00,2.174
11/24/2022 15:00,2.314
11/24/2022 16:00,2.295
11/24/2022 17:00,2.193
11/24/2022 18:00,2.121
11/24/2022 19:00,2.014
11/24/2022 20:00,1.957
11/24/2022 21:00,2.02
11/24/2022 22:00,2.142
11/24/2022 23:00,2.255
11/25/2022 0:00,2.359
11/25/2022 1:00,2.425
11/25/2022 2:00,2.483
11/25/2022 3:00,2.455
11/25/2022 4:00,2.364
11/25/2022 5:00,2.329
11/25/2022 6:00,2.36
11/25/2022 7:00,2.512
11/25/2022 8:00,2.739
11/25/2022 9:00,2.892
11/25/2022 10:00,2.866
11/25/2022 11:00,2.772
11/25/2022 12:00,2.518
11/25/2022 13:00,2.186
11/25/2022 14:00,2.125
11/25/2022 15:00,2.164
11/25/2022 16:00,2.138
11/25/2022 17:00,2.12
11/25/2022 18:00,2.113
11/25/2022 19:00,2.085
11/25/2022 20:00,2.033
11/25/2022 21:00,1.934
11/25/2022 22:00,1.83
11/25/2022 23:00,1.767
11/26/2022 0:00,1.704
11/26/2022 1:00,1.618
11/26/2022 2:00,1.574
11/26/2022 3:00,1.55
11/26/2022 4:00,1.572
11/26/2022 5:00,1.607
11/26/2022 6:00,1.604
11/26/2022 7:00,1.588
11/26/2022 8:00,1.51
11/26/2022 9:00,1.502
11/26/2022 10:00,1.465
11/26/2022 11:00,1.353
11/26/2022 12:00,1.234
11/26/2022 13:00,1.197
11/26/2022 14:00,1.239
11/26/2022 15:00,1.331
11/26/2022 16:00,1.372
11/26/2022 17:00,1.372
11/26/2022 18:00,1.351
11/26/2022 19:00,1.298
11/26/2022 20:00,1.228
11/26/2022 21:00,1.143
11/26/2022 22:00,1.108
11/26/2022 23:00,1.087
11/27/2022 0:00,1.092
11/27/2022 1:00,1.15
11/27/2022 2:00,1.208
11/27/2022 3:00,1.24
11/27/2022 4:00,1.221
11/27/2022 5:00,1.202
11/27/2022 6:00,1.181
11/27/2022 7:00,1.221
11/27/2022 8:00,1.26
11/27/2022 9:00,1.4
11/27/2022 10:00,1.637
11/27/2022 11:00,1.709
11/27/2022 12:00,1.605
11/27/2022 13:00,1.465
11/27/2022 14:00,1.488
11/27/2022 15:00,1.639
11/27/2022 16:00,1.733
11/27/2022 17:00,1.766
11/27/2022 18:00,1.786
11/27/2022 19:00,1.799
11/27/2022 20:00,1.816
11/27/2022 21:00,1.81
11/27/2022 22:00,1.781
11/27/2022 23:00,1.761
11/28/2022 0:00,1.744
11/28/2022 1:00,1.732
11/28/2022 2:00,1.753
11/28/2022 3:00,1.801
11/28/2022 4:00,1.85
11/28/2022 5:00,1.918
11/28/2022 6:00,1.972
11/28/2022 7:00,2.082
11/28/2022 8:00,2.335
11/28/2022 9:00,2.643
11/28/2022 10:00,2.759
11/28/2022 11:00,2.714
11/28/2022 12:00,2.477
11/28/2022 13:00,2.223
11/28/2022 14:00,2.408
11/28/2022 15:00,2.686
11/28/2022 16:00,2.773
11/28/2022 17:00,2.794
11/28/2022 18:00,2.776
11/28/2022 19:00,2.761
11/28/2022 20:00,2.736
11/28/2022 21:00,2.64
11/28/2022 22:00,2.586
11/28/2022 23:00,2.624
11/29/2022 0:00,2.701
11/29/2022 1:00,2.79
11/29/2022 2:00,2.854
11/29/2022 3:00,2.913
11/29/2022 4:00,2.992
11/29/2022 5:00,2.98
11/29/2022 6:00,2.861
11/29/2022 7:00,2.886
11/29/2022 8:00,2.994
11/29/2022 9:00,2.932
11/29/2022 10:00,2.805
11/29/2022 11:00,2.611
11/29/2022 12:00,2.36
11/29/2022 13:00,2.232
11/29/2022 14:00,2.346
11/29/2022 15:00,2.537
11/29/2022 16:00,2.614
11/29/2022 17:00,2.575
11/29/2022 18:00,2.506
11/29/2022 19:00,2.453
11/29/2022 20:00,2.346
11/29/2022 21:00,2.235
11/29/2022 22:00,2.172
11/29/2022 23:00,2.12
11/30/2022 0:00,2.053
11/30/2022 1:00,1.981
11/30/2022 2:00,1.941
11/30/2022 3:00,1.917
11/30/2022 4:00,1.898
11/30/2022 5:00,1.879
11/30/2022 6:00,1.861
11/30/2022 7:00,1.912
11/30/2022 8:00,1.992
11/30/2022 9:00,2.028
11/30/2022 10:00,1.882
11/30/2022 11:00,1.677
11/30/2022 12:00,1.403
11/30/2022 13:00,1.25
11/30/2022 14:00,1.392
11/30/2022 15:00,1.522
11/30/2022 16:00,1.599
11/30/2022 17:00,1.608
11/30/2022 18:00,1.601
11/30/2022 19:00,1.589
11/30/2022 20:00,1.554
11/30/2022 21:00,1.548
11/30/2022 22:00,1.567
11/30/2022 23:00,1.638
12/1/2022 0:00,1.713
12/1/2022 1:00,1.768
12/1/2022 2:00,1.778
12/1/2022 3:00,1.79
12/1/2022 4:00,1.79
12/1/2022 5:00,1.798
12/1/2022 6:00,1.848
12/1/2022 7:00,1.939
12/1/2022 8:00,1.952
12/1/2022 9:00,1.926
12/1/2022 10:00,1.903
12/1/2022 11:00,1.805
12/1/2022 12:00,1.769
12/1/2022 13:00,1.798
12/1/2022 14:00,1.956
12/1/2022 15:00,2.176
12/1/2022 16:00,2.315
12/1/2022 17:00,2.364
12/1/2022 18:00,2.34
12/1/2022 19:00,2.277
12/1/2022 20:00,2.207
12/1/2022 21:00,2.136
12/1/2022 22:00,2.088
12/1/2022 23:00,2.101
12/2/2022 0:00,2.146
12/2/2022 1:00,2.187
12/2/2022 2:00,2.187
12/2/2022 3:00,2.133
12/2/2022 4:00,2.054
12/2/2022 5:00,1.985
12/2/2022 6:00,1.923
12/2/2022 7:00,1.898
12/2/2022 8:00,1.82
12/2/2022 9:00,1.905
12/2/2022 10:00,1.923
12/2/2022 11:00,1.812
12/2/2022 12:00,1.596
12/2/2022 13:00,1.554
12/2/2022 14:00,1.619
12/2/2022 15:00,1.718
12/2/2022 16:00,1.756
12/2/2022 17:00,1.757
12/2/2022 18:00,1.735
12/2/2022 19:00,1.717
12/2/2022 20:00,1.696
12/2/2022 21:00,1.673
12/2/2022 22:00,1.641
12/2/2022 23:00,1.621
12/3/2022 0:00,1.6
12/3/2022 1:00,1.611
12/3/2022 2:00,1.62
12/3/2022 3:00,1.641
12/3/2022 4:00,1.646
12/3/2022 5:00,1.694
12/3/2022 6:00,1.771
12/3/2022 7:00,1.886
12/3/2022 8:00,1.98
12/3/2022 9:00,2.078
12/3/2022 10:00,2.025
12/3/2022 11:00,1.882
12/3/2022 12:00,1.721
12/3/2022 13:00,1.688
12/3/2022 14:00,1.825
12/3/2022 15:00,1.973
12/3/2022 16:00,2.056
12/3/2022 17:00,2.088
12/3/2022 18:00,2.092
12/3/2022 19:00,2.077
12/3/2022 20:00,2.071
12/3/2022 21:00,2.008
12/3/2022 22:00,1.964
12/3/2022 23:00,1.99
12/4/2022 0:00,2.04
12/4/2022 1:00,2.037
12/4/2022 2:00,2.036
12/4/2022 3:00,2.078
12/4/2022 4:00,2.107
12/4/2022 5:00,2.089
12/4/2022 6:00,2.114
12/4/2022 7:00,2.201
12/4/2022 8:00,2.454
12/4/2022 9:00,2.633
12/4/2022 10:00,2.609
12/4/2022 11:00,2.472
12/4/2022 12:00,2.363
12/4/2022 13:00,2.318
12/4/2022 14:00,2.415
12/4/2022 15:00,2.553
12/4/2022 16:00,2.571
12/4/2022 17:00,2.504
12/4/2022 18:00,2.378
12/4/2022 19:00,2.244
12/4/2022 20:00,2.129
12/4/2022 21:00,2.04
12/4/2022 22:00,2.025
12/4/2022 23:00,2.046
12/5/2022 0:00,2.039
12/5/2022 1:00,1.991
12/5/2022 2:00,1.922
12/5/2022 3:00,1.881
12/5/2022 4:00,1.882
12/5/2022 5:00,1.953
12/5/2022 6:00,2.05
12/5/2022 7:00,2.174
12/5/2022 8:00,2.325
12/5/2022 9:00,2.551
12/5/2022 10:00,2.572
12/5/2022 11:00,2.461
12/5/2022 12:00,2.361
12/5/2022 13:00,2.247
12/5/2022 14:00,2.343
12/5/2022 15:00,2.534
12/5/2022 16:00,2.65
12/5/2022 17:00,2.734
12/5/2022 18:00,2.809
12/5/2022 19:00,2.844
12/5/2022 20:00,2.842
12/5/2022 21:00,2.774
12/5/2022 22:00,2.718
12/5/2022 23:00,2.696
12/6/2022 0:00,2.69
12/6/2022 1:00,2.726
12/6/2022 2:00,2.698
12/6/2022 3:00,2.682
12/6/2022 4:00,2.684
12/6/2022 5:00,2.619
12/6/2022 6:00,2.503
12/6/2022 7:00,2.436
12/6/2022 8:00,2.467
12/6/2022 9:00,2.548
12/6/2022 10:00,2.649
12/6/2022 11:00,2.678
12/6/2022 12:00,2.564
12/6/2022 13:00,2.43
12/6/2022 14:00,2.377
12/6/2022 15:00,2.397
12/6/2022 16:00,2.464
12/6/2022 17:00,2.577
12/6/2022 18:00,2.696
12/6/2022 19:00,2.809
12/6/2022 20:00,2.876
12/6/2022 21:00,2.799
12/6/2022 22:00,2.835
12/6/2022 23:00,2.916
12/7/2022 0:00,2.951
12/7/2022 1:00,2.965
12/7/2022 2:00,2.994
12/7/2022 3:00,2.963
12/7/2022 4:00,2.994
12/7/2022 5:00,3.049
12/7/2022 6:00,3.094
12/7/2022 7:00,3.227
12/7/2022 8:00,3.383
12/7/2022 9:00,3.507
12/7/2022 10:00,3.607
12/7/2022 11:00,3.659
12/7/2022 12:00,3.626
12/7/2022 13:00,3.555
12/7/2022 14:00,3.527
12/7/2022 15:00,3.487
12/7/2022 16:00,3.382
12/7/2022 17:00,3.335
12/7/2022 18:00,3.257
12/7/2022 19:00,3.119
12/7/2022 20:00,3.04
12/7/2022 21:00,3.066
12/7/2022 22:00,3.144
12/7/2022 23:00,3.28
12/8/2022 0:00,3.505
12/8/2022 1:00,3.907
12/8/2022 2:00,3.892
12/8/2022 3:00,3.956
12/8/2022 4:00,3.798
12/8/2022 5:00,3.569
12/8/2022 6:00,3.498
12/8/2022 7:00,3.649
12/8/2022 8:00,3.837
12/8/2022 9:00,3.845
12/8/2022 10:00,3.743
12/8/2022 11:00,3.648
12/8/2022 12:00,3.495
12/8/2022 13:00,3.289
12/8/2022 14:00,3.127
12/8/2022 15:00,3.099
12/8/2022 16:00,3.088
12/8/2022 17:00,3.151
12/8/2022 18:00,3.334
12/8/2022 19:00,3.562
12/8/2022 20:00,3.496
12/8/2022 21:00,3.313
12/8/2022 22:00,3.133
12/8/2022 23:00,2.773
12/9/2022 0:00,2.343
12/9/2022 1:00,2.012
12/9/2022 2:00,1.744
12/9/2022 3:00,1.573
12/9/2022 4:00,1.512
12/9/2022 5:00,1.514
12/9/2022 6:00,1.538
12/9/2022 7:00,1.587
12/9/2022 8:00,1.628
12/9/2022 9:00,1.622
12/9/2022 10:00,1.571
12/9/2022 11:00,1.5
12/9/2022 12:00,1.386
12/9/2022 13:00,1.478
12/9/2022 14:00,1.602
12/9/2022 15:00,1.687
12/9/2022 16:00,1.748
12/9/2022 17:00,1.796
12/9/2022 18:00,1.806
12/9/2022 19:00,1.806
12/9/2022 20:00,1.798
12/9/2022 21:00,1.807
12/9/2022 22:00,1.84
12/9/2022 23:00,1.859
12/10/2022 0:00,1.861
12/10/2022 1:00,1.805
12/10/2022 2:00,1.725
12/10/2022 3:00,1.657
12/10/2022 4:00,1.631
12/10/2022 5:00,1.662
12/10/2022 6:00,1.767
12/10/2022 7:00,1.921
12/10/2022 8:00,2.277
12/10/2022 9:00,2.345
12/10/2022 10:00,2.144
12/10/2022 11:00,1.868
12/10/2022 12:00,1.421
12/10/2022 13:00,1.206
12/10/2022 14:00,1.277
12/10/2022 15:00,1.342
12/10/2022 16:00,1.38
12/10/2022 17:00,1.404
12/10/2022 18:00,1.423
12/10/2022 19:00,1.432
12/10/2022 20:00,1.403
12/10/2022 21:00,1.301
12/10/2022 22:00,1.164
12/10/2022 23:00,1.115
12/11/2022 0:00,1.154
12/11/2022 1:00,1.226
12/11/2022 2:00,1.332
12/11/2022 3:00,1.461
12/11/2022 4:00,1.57
12/11/2022 5:00,1.667
12/11/2022 6:00,1.736
12/11/2022 7:00,1.86
12/11/2022 8:00,2.263
12/11/2022 9:00,2.547
12/11/2022 10:00,2.694
12/11/2022 11:00,2.825
12/11/2022 12:00,2.966
12/11/2022 13:00,3.268
12/11/2022 14:00,3.736
12/11/2022 15:00,4.15
12/11/2022 16:00,4.354
12/11/2022 17:00,4.496
12/11/2022 18:00,4.959
12/11/2022 19:00,5.157
12/11/2022 20:00,5.482
12/11/2022 21:00,5.975
12/11/2022 22:00,6.093
12/11/2022 23:00,6.318
12/12/2022 0:00,6.575
12/12/2022 1:00,6.632
12/12/2022 2:00,6.641
12/12/2022 3:00,6.434
12/12/2022 4:00,6.371
12/12/2022 5:00,6.414
12/12/2022 6:00,6.272
12/12/2022 7:00,6.032
12/12/2022 8:00,5.83
12/12/2022 9:00,5.443
12/12/2022 10:00,4.877
12/12/2022 11:00,4.407
12/12/2022 12:00,3.832
12/12/2022 13:00,3.22
12/12/2022 14:00,2.671
12/12/2022 15:00,2.329
12/12/2022 16:00,2.092
12/12/2022 17:00,1.842
12/12/2022 18:00,1.684
12/12/2022 19:00,1.627
12/12/2022 20:00,1.615
12/12/2022 21:00,1.701
12/12/2022 22:00,1.966
12/12/2022 23:00,2.278
12/13/2022 0:00,2.484
12/13/2022 1:00,2.545
12/13/2022 2:00,2.625
12/13/2022 3:00,2.776
12/13/2022 4:00,2.98
12/13/2022 5:00,3.25
12/13/2022 6:00,3.556
12/13/2022 7:00,3.847
12/13/2022 8:00,4.103
12/13/2022 9:00,4.237
12/13/2022 10:00,4.319
12/13/2022 11:00,4.392
12/13/2022 12:00,4.413
12/13/2022 13:00,4.397
12/13/2022 14:00,4.434
12/13/2022 15:00,4.476
12/13/2022 16:00,4.46
12/13/2022 17:00,4.374
12/13/2022 18:00,4.321
12/13/2022 19:00,4.222
12/13/2022 20:00,4.049
12/13/2022 21:00,3.849
12/13/2022 22:00,3.542
12/13/2022 23:00,3.39
12/14/2022 0:00,3.251
12/14/2022 1:00,2.991
12/14/2022 2:00,2.88
12/14/2022 3:00,2.782
12/14/2022 4:00,2.68
12/14/2022 5:00,2.59
12/14/2022 6:00,2.646
12/14/2022 7:00,2.93
12/14/2022 8:00,3.538
12/14/2022 9:00,4.025
12/14/2022 10:00,4.369
12/14/2022 11:00,4.693
12/14/2022 12:00,5.001
12/14/2022 13:00,5.243
12/14/2022 14:00,5.474
12/14/2022 15:00,5.617
12/14/2022 16:00,5.637
12/14/2022 17:00,5.645
12/14/2022 18:00,5.594
12/14/2022 19:00,5.494
12/14/2022 20:00,5.301
12/14/2022 21:00,5.119
12/14/2022 22:00,5.01
12/14/2022 23:00,4.897
12/15/2022 0:00,4.747
12/15/2022 1:00,4.603
12/15/2022 2:00,4.395
12/15/2022 3:00,4.195
12/15/2022 4:00,4.026
12/15/2022 5:00,3.828
12/15/2022 6:00,3.592
12/15/2022 7:00,3.333
12/15/2022 8:00,3.188
12/15/2022 9:00,2.909
12/15/2022 10:00,2.617
12/15/2022 11:00,2.293
12/15/2022 12:00,1.817
12/15/2022 13:00,1.669
12/15/2022 14:00,1.876
12/15/2022 15:00,2.08
12/15/2022 16:00,2.168
12/15/2022 17:00,2.252
12/15/2022 18:00,2.413
12/15/2022 19:00,2.622
12/15/2022 20:00,2.919
12/15/2022 21:00,3.285
12/15/2022 22:00,3.415
12/15/2022 23:00,3.479
12/16/2022 0:00,3.541
12/16/2022 1:00,3.569
12/16/2022 2:00,3.593
12/16/2022 3:00,3.778
12/16/2022 4:00,3.74
12/16/2022 5:00,3.624
12/16/2022 6:00,3.422
12/16/2022 7:00,3.2
12/16/2022 8:00,3.268
12/16/2022 9:00,3.28
12/16/2022 10:00,3.252
12/16/2022 11:00,3.056
12/16/2022 12:00,2.665
12/16/2022 13:00,2.175
12/16/2022 14:00,1.883
12/16/2022 15:00,1.723
12/16/2022 16:00,1.595
12/16/2022 17:00,1.506
12/16/2022 18:00,1.439
12/16/2022 19:00,1.366
12/16/2022 20:00,1.265
12/16/2022 21:00,1.121
12/16/2022 22:00,1.039
12/16/2022 23:00,1.056
12/17/2022 0:00,1.164
12/17/2022 1:00,1.239
12/17/2022 2:00,1.273
12/17/2022 3:00,1.288
12/17/2022 4:00,1.282
12/17/2022 5:00,1.266
12/17/2022 6:00,1.268
12/17/2022 7:00,1.28
12/17/2022 8:00,1.423
12/17/2022 9:00,1.632
12/17/2022 10:00,1.652
12/17/2022 11:00,1.668
12/17/2022 12:00,1.418
12/17/2022 13:00,1.282
12/17/2022 14:00,1.341
12/17/2022 15:00,1.355
12/17/2022 16:00,1.286
12/17/2022 17:00,1.164
12/17/2022 18:00,1.01
12/17/2022 19:00,0.923
12/17/2022 20:00,0.945
12/17/2022 21:00,0.994
12/17/2022 22:00,1.038
12/17/2022 23:00,1.129
12/18/2022 0:00,1.323
12/18/2022 1:00,1.583
12/18/2022 2:00,1.788
12/18/2022 3:00,1.986
12/18/2022 4:00,2.271
12/18/2022 5:00,2.478
12/18/2022 6:00,2.671
12/18/2022 7:00,2.909
12/18/2022 8:00,3.239
12/18/2022 9:00,3.59
12/18/2022 10:00,3.808
12/18/2022 11:00,3.96
12/18/2022 12:00,4.168
12/18/2022 13:00,4.444
12/18/2022 14:00,4.824
12/18/2022 15:00,5.094
12/18/2022 16:00,5.334
12/18/2022 17:00,5.621
12/18/2022 18:00,5.783
12/18/2022 19:00,5.812
12/18/2022 20:00,5.824
12/18/2022 21:00,5.771
12/18/2022 22:00,5.865
12/18/2022 23:00,5.738
12/19/2022 0:00,5.602
12/19/2022 1:00,5.392
12/19/2022 2:00,5.259
12/19/2022 3:00,5.08
12/19/2022 4:00,4.872
12/19/2022 5:00,4.763
12/19/2022 6:00,4.731
12/19/2022 7:00,4.783
12/19/2022 8:00,4.775
12/19/2022 9:00,4.666
12/19/2022 10:00,4.563
12/19/2022 11:00,4.425
12/19/2022 12:00,4.296
12/19/2022 13:00,4.261
12/19/2022 14:00,4.384
12/19/2022 15:00,4.503
12/19/2022 16:00,4.545
12/19/2022 17:00,4.552
12/19/2022 18:00,4.515
12/19/2022 19:00,4.423
12/19/2022 20:00,4.41
12/19/2022 21:00,4.216
12/19/2022 22:00,4.016
12/19/2022 23:00,3.771
12/20/2022 0:00,3.57
12/20/2022 1:00,3.463
12/20/2022 2:00,3.489
12/20/2022 3:00,3.705
12/20/2022 4:00,3.658
12/20/2022 5:00,3.452
12/20/2022 6:00,3.356
12/20/2022 7:00,3.344
12/20/2022 8:00,3.307
12/20/2022 9:00,3.2
12/20/2022 10:00,3.309
12/20/2022 11:00,3.35
12/20/2022 12:00,3.297
12/20/2022 13:00,3.225
12/20/2022 14:00,3.264
12/20/2022 15:00,3.428
12/20/2022 16:00,3.426
12/20/2022 17:00,3.582
12/20/2022 18:00,3.742
12/20/2022 19:00,3.816
12/20/2022 20:00,3.758
12/20/2022 21:00,3.699
12/20/2022 22:00,3.814
12/20/2022 23:00,3.938
12/21/2022 0:00,3.959
12/21/2022 1:00,4.002
12/21/2022 2:00,4.05
12/21/2022 3:00,4.064
12/21/2022 4:00,4.136
12/21/2022 5:00,4.069
12/21/2022 6:00,4.022
12/21/2022 7:00,3.938
12/21/2022 8:00,3.813
12/21/2022 9:00,3.742
12/21/2022 10:00,3.64
12/21/2022 11:00,3.539
12/21/2022 12:00,3.383
12/21/2022 13:00,3.184
12/21/2022 14:00,3.156
12/21/2022 15:00,3.176
12/21/2022 16:00,3.208
12/21/2022 17:00,3.259
12/21/2022 18:00,3.315
12/21/2022 19:00,3.34
12/21/2022 20:00,3.358
12/21/2022 21:00,3.281
12/21/2022 22:00,3.303
12/21/2022 23:00,3.369
12/22/2022 0:00,3.381
12/22/2022 1:00,3.398
12/22/2022 2:00,3.456
12/22/2022 3:00,3.526
12/22/2022 4:00,3.572
12/22/2022 5:00,3.654
12/22/2022 6:00,3.631
12/22/2022 7:00,3.647
12/22/2022 8:00,3.732
12/22/2022 9:00,3.689
12/22/2022 10:00,3.681
12/22/2022 11:00,3.604
12/22/2022 12:00,3.405
12/22/2022 13:00,3.28
12/22/2022 14:00,3.198
12/22/2022 15:00,3.152
12/22/2022 16:00,3.164
12/22/2022 17:00,3.224
12/22/2022 18:00,3.21
12/22/2022 19:00,3.145
12/22/2022 20:00,3.175
12/22/2022 21:00,3.092
12/22/2022 22:00,2.829
12/22/2022 23:00,2.509
12/23/2022 0:00,2.393
12/23/2022 1:00,2.364
12/23/2022 2:00,2.396
12/23/2022 3:00,2.642
12/23/2022 4:00,2.834
12/23/2022 5:00,3.08
12/23/2022 6:00,3.299
12/23/2022 7:00,3.59
12/23/2022 8:00,3.859
12/23/2022 9:00,3.901
12/23/2022 10:00,4.113
12/23/2022 11:00,4.218
12/23/2022 12:00,4.135
12/23/2022 13:00,4.008
12/23/2022 14:00,3.896
12/23/2022 15:00,3.813
12/23/2022 16:00,3.745
12/23/2022 17:00,3.634
12/23/2022 18:00,3.409
12/23/2022 19:00,3.289
12/23/2022 20:00,3.253
12/23/2022 21:00,3.215
12/23/2022 22:00,3.097
12/23/2022 23:00,2.997
12/24/2022 0:00,2.721
12/24/2022 1:00,2.411
12/24/2022 2:00,2.149
12/24/2022 3:00,1.927
12/24/2022 4:00,1.777
12/24/2022 5:00,1.672
12/24/2022 6:00,1.584
12/24/2022 7:00,1.587
12/24/2022 8:00,1.625
12/24/2022 9:00,1.635
12/24/2022 10:00,1.68
12/24/2022 11:00,1.651
12/24/2022 12:00,1.631
12/24/2022 13:00,1.715
12/24/2022 14:00,1.798
12/24/2022 15:00,1.822
12/24/2022 16:00,1.802
12/24/2022 17:00,1.777
12/24/2022 18:00,1.736
12/24/2022 19:00,1.698
12/24/2022 20:00,1.663
12/24/2022 21:00,1.742
12/24/2022 22:00,1.973
12/24/2022 23:00,2.123
12/25/2022 0:00,2.108
12/25/2022 1:00,2.102
12/25/2022 2:00,2.109
12/25/2022 3:00,2.134
12/25/2022 4:00,2.145
12/25/2022 5:00,2.096
12/25/2022 6:00,2.023
12/25/2022 7:00,1.993
12/25/2022 8:00,2.072
12/25/2022 9:00,2.154
12/25/2022 10:00,2.213
12/25/2022 11:00,2.106
12/25/2022 12:00,1.962
12/25/2022 13:00,1.976
12/25/2022 14:00,2.183
12/25/2022 15:00,2.42
12/25/2022 16:00,2.609
12/25/2022 17:00,2.634
12/25/2022 18:00,2.632
12/25/2022 19:00,2.723
12/25/2022 20:00,2.879
12/25/2022 21:00,3.054
12/25/2022 22:00,3.237
12/25/2022 23:00,3.318
12/26/2022 0:00,3.446
12/26/2022 1:00,3.7
12/26/2022 2:00,3.968
12/26/2022 3:00,4.214
12/26/2022 4:00,4.392
12/26/2022 5:00,4.503
12/26/2022 6:00,4.572
12/26/2022 7:00,4.691
12/26/2022 8:00,4.882
12/26/2022 9:00,4.94
12/26/2022 10:00,5.007
12/26/2022 11:00,5.217
12/26/2022 12:00,5.352
12/26/2022 13:00,5.563
12/26/2022 14:00,5.762
12/26/2022 15:00,6.003
12/26/2022 16:00,6.039
12/26/2022 17:00,5.99
12/26/2022 18:00,5.847
12/26/2022 19:00,5.647
12/26/2022 20:00,5.323
12/26/2022 21:00,5.078
12/26/2022 22:00,4.761
12/26/2022 23:00,4.391
12/27/2022 0:00,4.04
12/27/2022 1:00,3.892
12/27/2022 2:00,3.916
12/27/2022 3:00,4.097
12/27/2022 4:00,4.328
12/27/2022 5:00,4.485
12/27/2022 6:00,4.489
12/27/2022 7:00,4.421
12/27/2022 8:00,4.339
12/27/2022 9:00,4.339
12/27/2022 10:00,4.367
12/27/2022 11:00,4.41
12/27/2022 12:00,4.443
12/27/2022 13:00,4.473
12/27/2022 14:00,4.523
12/27/2022 15:00,4.553
12/27/2022 16:00,4.607
12/27/2022 17:00,4.706
12/27/2022 18:00,4.829
12/27/2022 19:00,4.896
12/27/2022 20:00,4.998
12/27/2022 21:00,4.892
12/27/2022 22:00,4.723
12/27/2022 23:00,4.567
12/28/2022 0:00,4.401
12/28/2022 1:00,4.49
12/28/2022 2:00,4.394
12/28/2022 3:00,4.126
12/28/2022 4:00,4.105
12/28/2022 5:00,3.915
12/28/2022 6:00,3.693
12/28/2022 7:00,3.557
12/28/2022 8:00,3.718
12/28/2022 9:00,3.618
12/28/2022 10:00,3.408
12/28/2022 11:00,3.195
12/28/2022 12:00,3.042
12/28/2022 13:00,3.034
12/28/2022 14:00,3.139
12/28/2022 15:00,3.333
12/28/2022 16:00,3.417
12/28/2022 17:00,3.353
12/28/2022 18:00,3.291
12/28/2022 19:00,3.22
12/28/2022 20:00,3.159
12/28/2022 21:00,3.062
12/28/2022 22:00,3.006
12/28/2022 23:00,2.9
12/29/2022 0:00,2.842
12/29/2022 1:00,2.796
12/29/2022 2:00,2.754
12/29/2022 3:00,2.792
12/29/2022 4:00,2.847
12/29/2022 5:00,2.99
12/29/2022 6:00,3.181
12/29/2022 7:00,3.344
12/29/2022 8:00,3.465
12/29/2022 9:00,3.596
12/29/2022 10:00,3.612
12/29/2022 11:00,3.568
12/29/2022 12:00,3.622
12/29/2022 13:00,3.789
12/29/2022 14:00,4.057
12/29/2022 15:00,4.187
12/29/2022 16:00,4.315
12/29/2022 17:00,4.33
12/29/2022 18:00,4.273
12/29/2022 19:00,4.41
12/29/2022 20:00,4.492
12/29/2022 21:00,4.439
12/29/2022 22:00,4.297
12/29/2022 23:00,4.316
12/30/2022 0:00,4.394
12/30/2022 1:00,4.363
12/30/2022 2:00,4.321
12/30/2022 3:00,4.333
12/30/2022 4:00,4.053
12/30/2022 5:00,3.845
12/30/2022 6:00,3.839
12/30/2022 7:00,3.944
12/30/2022 8:00,3.908
12/30/2022 9:00,3.783
12/30/2022 10:00,3.704
12/30/2022 11:00,3.824
12/30/2022 12:00,3.828
12/30/2022 13:00,3.839
12/30/2022 14:00,3.97
12/30/2022 15:00,4.293
12/30/2022 16:00,4.198
12/30/2022 17:00,3.879
12/30/2022 18:00,3.678
12/30/2022 19:00,3.647
12/30/2022 20:00,3.902
12/30/2022 21:00,3.928
12/30/2022 22:00,3.917
12/30/2022 23:00,4.007
12/31/2022 0:00,4.168
12/31/2022 1:00,4.467
12/31/2022 2:00,4.832
12/31/2022 3:00,5.196
12/31/2022 4:00,5.547
12/31/2022 5:00,5.78
12/31/2022 6:00,5.943
12/31/2022 7:00,5.954
12/31/2022 8:00,5.648
12/31/2022 9:00,5.586
12/31/2022 10:00,5.385
12/31/2022 11:00,5.088
12/31/2022 12:00,4.803
12/31/2022 13:00,4.462
12/31/2022 14:00,4.269
12/31/2022 15:00,4.244
12/31/2022 16:00,4.208
12/31/2022 17:00,4.056
12/31/2022 18:00,3.923
12/31/2022 19:00,4.044
12/31/2022 20:00,4.133
12/31/2022 21:00,4.04
12/31/2022 22:00,4.071
12/31/2022 23:00,3.711
