# Renewables.ninja Weather (hourly 1980-2022)  -  Norway  -  renewables_ninja_country_NO_wind-speed_merra-2_pop-wtd.csv  -  Version 1.4,
# License: https://creativecommons.org/licenses/by-nc/4.0/  -  Reference: https://doi.org/10.1038/s41560-023-01341-5,
# Units: time in UTC; other columns are the wind speed at 2 metres above ground in m/s (U2M and V2M in MERRA-2) weighted by population; column names signify country ISO2 code or GADM level1 code.,
,
1/1/2022 0:00,1.19
1/1/2022 1:00,1.164
1/1/2022 2:00,1.15
1/1/2022 3:00,1.146
1/1/2022 4:00,1.196
1/1/2022 5:00,1.294
1/1/2022 6:00,1.41
1/1/2022 7:00,1.59
1/1/2022 8:00,1.746
1/1/2022 9:00,1.811
1/1/2022 10:00,1.834
1/1/2022 11:00,1.947
1/1/2022 12:00,2.098
1/1/2022 13:00,2.224
1/1/2022 14:00,2.338
1/1/2022 15:00,2.437
1/1/2022 16:00,2.504
1/1/2022 17:00,2.467
1/1/2022 18:00,2.384
1/1/2022 19:00,2.289
1/1/2022 20:00,2.238
1/1/2022 21:00,2.18
1/1/2022 22:00,2.149
1/1/2022 23:00,2.143
1/2/2022 0:00,2.165
1/2/2022 1:00,2.239
1/2/2022 2:00,2.228
1/2/2022 3:00,2.141
1/2/2022 4:00,1.987
1/2/2022 5:00,1.949
1/2/2022 6:00,1.936
1/2/2022 7:00,1.932
1/2/2022 8:00,1.945
1/2/2022 9:00,1.974
1/2/2022 10:00,2.012
1/2/2022 11:00,2.043
1/2/2022 12:00,2.086
1/2/2022 13:00,2.111
1/2/2022 14:00,2.115
1/2/2022 15:00,2.117
1/2/2022 16:00,2.172
1/2/2022 17:00,2.2
1/2/2022 18:00,2.17
1/2/2022 19:00,2.112
1/2/2022 20:00,2.063
1/2/2022 21:00,2.023
1/2/2022 22:00,1.993
1/2/2022 23:00,1.967
1/3/2022 0:00,1.971
1/3/2022 1:00,1.973
1/3/2022 2:00,1.969
1/3/2022 3:00,1.952
1/3/2022 4:00,1.981
1/3/2022 5:00,2.02
1/3/2022 6:00,2.044
1/3/2022 7:00,2.037
1/3/2022 8:00,2.014
1/3/2022 9:00,2.028
1/3/2022 10:00,2.072
1/3/2022 11:00,2.199
1/3/2022 12:00,2.334
1/3/2022 13:00,2.361
1/3/2022 14:00,2.264
1/3/2022 15:00,2.168
1/3/2022 16:00,2.132
1/3/2022 17:00,2.135
1/3/2022 18:00,2.16
1/3/2022 19:00,2.237
1/3/2022 20:00,2.318
1/3/2022 21:00,2.344
1/3/2022 22:00,2.371
1/3/2022 23:00,2.38
1/4/2022 0:00,2.425
1/4/2022 1:00,2.434
1/4/2022 2:00,2.449
1/4/2022 3:00,2.434
1/4/2022 4:00,2.352
1/4/2022 5:00,2.294
1/4/2022 6:00,2.258
1/4/2022 7:00,2.231
1/4/2022 8:00,2.185
1/4/2022 9:00,2.151
1/4/2022 10:00,2.116
1/4/2022 11:00,2.078
1/4/2022 12:00,2.057
1/4/2022 13:00,2
1/4/2022 14:00,1.925
1/4/2022 15:00,1.828
1/4/2022 16:00,1.75
1/4/2022 17:00,1.708
1/4/2022 18:00,1.67
1/4/2022 19:00,1.661
1/4/2022 20:00,1.67
1/4/2022 21:00,1.653
1/4/2022 22:00,1.649
1/4/2022 23:00,1.68
1/5/2022 0:00,1.667
1/5/2022 1:00,1.673
1/5/2022 2:00,1.703
1/5/2022 3:00,1.756
1/5/2022 4:00,1.804
1/5/2022 5:00,1.88
1/5/2022 6:00,1.958
1/5/2022 7:00,2.02
1/5/2022 8:00,2.063
1/5/2022 9:00,2.105
1/5/2022 10:00,2.155
1/5/2022 11:00,2.183
1/5/2022 12:00,2.21
1/5/2022 13:00,2.203
1/5/2022 14:00,2.19
1/5/2022 15:00,2.18
1/5/2022 16:00,2.151
1/5/2022 17:00,2.142
1/5/2022 18:00,2.097
1/5/2022 19:00,2.049
1/5/2022 20:00,1.992
1/5/2022 21:00,1.934
1/5/2022 22:00,1.846
1/5/2022 23:00,1.772
1/6/2022 0:00,1.693
1/6/2022 1:00,1.609
1/6/2022 2:00,1.533
1/6/2022 3:00,1.444
1/6/2022 4:00,1.335
1/6/2022 5:00,1.225
1/6/2022 6:00,1.102
1/6/2022 7:00,1.096
1/6/2022 8:00,1.283
1/6/2022 9:00,1.344
1/6/2022 10:00,1.296
1/6/2022 11:00,1.266
1/6/2022 12:00,1.318
1/6/2022 13:00,1.449
1/6/2022 14:00,1.579
1/6/2022 15:00,1.631
1/6/2022 16:00,1.625
1/6/2022 17:00,1.665
1/6/2022 18:00,1.71
1/6/2022 19:00,1.762
1/6/2022 20:00,1.846
1/6/2022 21:00,1.896
1/6/2022 22:00,1.974
1/6/2022 23:00,2.021
1/7/2022 0:00,2.031
1/7/2022 1:00,2.035
1/7/2022 2:00,2.011
1/7/2022 3:00,1.933
1/7/2022 4:00,1.866
1/7/2022 5:00,1.801
1/7/2022 6:00,1.763
1/7/2022 7:00,1.756
1/7/2022 8:00,1.749
1/7/2022 9:00,1.719
1/7/2022 10:00,1.698
1/7/2022 11:00,1.669
1/7/2022 12:00,1.623
1/7/2022 13:00,1.572
1/7/2022 14:00,1.554
1/7/2022 15:00,1.52
1/7/2022 16:00,1.499
1/7/2022 17:00,1.515
1/7/2022 18:00,1.514
1/7/2022 19:00,1.484
1/7/2022 20:00,1.438
1/7/2022 21:00,1.397
1/7/2022 22:00,1.348
1/7/2022 23:00,1.312
1/8/2022 0:00,1.298
1/8/2022 1:00,1.291
1/8/2022 2:00,1.282
1/8/2022 3:00,1.268
1/8/2022 4:00,1.242
1/8/2022 5:00,1.24
1/8/2022 6:00,1.252
1/8/2022 7:00,1.268
1/8/2022 8:00,1.286
1/8/2022 9:00,1.304
1/8/2022 10:00,1.332
1/8/2022 11:00,1.378
1/8/2022 12:00,1.415
1/8/2022 13:00,1.487
1/8/2022 14:00,1.599
1/8/2022 15:00,1.711
1/8/2022 16:00,1.786
1/8/2022 17:00,1.818
1/8/2022 18:00,1.848
1/8/2022 19:00,1.889
1/8/2022 20:00,1.931
1/8/2022 21:00,1.939
1/8/2022 22:00,1.945
1/8/2022 23:00,1.945
1/9/2022 0:00,1.985
1/9/2022 1:00,1.996
1/9/2022 2:00,1.978
1/9/2022 3:00,1.948
1/9/2022 4:00,1.93
1/9/2022 5:00,1.915
1/9/2022 6:00,1.894
1/9/2022 7:00,1.857
1/9/2022 8:00,1.815
1/9/2022 9:00,1.784
1/9/2022 10:00,1.756
1/9/2022 11:00,1.731
1/9/2022 12:00,1.71
1/9/2022 13:00,1.691
1/9/2022 14:00,1.713
1/9/2022 15:00,1.698
1/9/2022 16:00,1.682
1/9/2022 17:00,1.673
1/9/2022 18:00,1.676
1/9/2022 19:00,1.689
1/9/2022 20:00,1.712
1/9/2022 21:00,1.745
1/9/2022 22:00,1.733
1/9/2022 23:00,1.72
1/10/2022 0:00,1.731
1/10/2022 1:00,1.753
1/10/2022 2:00,1.75
1/10/2022 3:00,1.799
1/10/2022 4:00,1.891
1/10/2022 5:00,1.893
1/10/2022 6:00,1.9
1/10/2022 7:00,1.957
1/10/2022 8:00,2.119
1/10/2022 9:00,2.174
1/10/2022 10:00,2.128
1/10/2022 11:00,2.093
1/10/2022 12:00,2.121
1/10/2022 13:00,2.169
1/10/2022 14:00,2.278
1/10/2022 15:00,2.396
1/10/2022 16:00,2.46
1/10/2022 17:00,2.565
1/10/2022 18:00,2.656
1/10/2022 19:00,2.743
1/10/2022 20:00,2.839
1/10/2022 21:00,2.924
1/10/2022 22:00,2.975
1/10/2022 23:00,2.994
1/11/2022 0:00,3.009
1/11/2022 1:00,3.012
1/11/2022 2:00,2.975
1/11/2022 3:00,2.893
1/11/2022 4:00,2.779
1/11/2022 5:00,2.628
1/11/2022 6:00,2.426
1/11/2022 7:00,2.212
1/11/2022 8:00,2.088
1/11/2022 9:00,2.018
1/11/2022 10:00,1.992
1/11/2022 11:00,1.97
1/11/2022 12:00,1.926
1/11/2022 13:00,1.904
1/11/2022 14:00,1.866
1/11/2022 15:00,1.849
1/11/2022 16:00,1.893
1/11/2022 17:00,1.899
1/11/2022 18:00,1.95
1/11/2022 19:00,2.068
1/11/2022 20:00,2.172
1/11/2022 21:00,2.335
1/11/2022 22:00,2.474
1/11/2022 23:00,2.571
1/12/2022 0:00,2.671
1/12/2022 1:00,2.759
1/12/2022 2:00,2.836
1/12/2022 3:00,2.848
1/12/2022 4:00,2.849
1/12/2022 5:00,2.889
1/12/2022 6:00,2.899
1/12/2022 7:00,2.883
1/12/2022 8:00,2.891
1/12/2022 9:00,2.936
1/12/2022 10:00,2.999
1/12/2022 11:00,2.992
1/12/2022 12:00,2.923
1/12/2022 13:00,2.854
1/12/2022 14:00,2.893
1/12/2022 15:00,2.92
1/12/2022 16:00,2.889
1/12/2022 17:00,2.889
1/12/2022 18:00,2.909
1/12/2022 19:00,2.886
1/12/2022 20:00,2.899
1/12/2022 21:00,2.923
1/12/2022 22:00,2.953
1/12/2022 23:00,2.977
1/13/2022 0:00,2.993
1/13/2022 1:00,2.994
1/13/2022 2:00,2.983
1/13/2022 3:00,2.968
1/13/2022 4:00,2.966
1/13/2022 5:00,2.95
1/13/2022 6:00,2.944
1/13/2022 7:00,2.942
1/13/2022 8:00,2.971
1/13/2022 9:00,2.996
1/13/2022 10:00,3.007
1/13/2022 11:00,3.048
1/13/2022 12:00,3.071
1/13/2022 13:00,3.111
1/13/2022 14:00,3.15
1/13/2022 15:00,3.182
1/13/2022 16:00,3.211
1/13/2022 17:00,3.28
1/13/2022 18:00,3.348
1/13/2022 19:00,3.366
1/13/2022 20:00,3.394
1/13/2022 21:00,3.509
1/13/2022 22:00,3.593
1/13/2022 23:00,3.606
1/14/2022 0:00,3.614
1/14/2022 1:00,3.638
1/14/2022 2:00,3.632
1/14/2022 3:00,3.505
1/14/2022 4:00,3.389
1/14/2022 5:00,3.304
1/14/2022 6:00,3.204
1/14/2022 7:00,3.084
1/14/2022 8:00,2.956
1/14/2022 9:00,2.825
1/14/2022 10:00,2.711
1/14/2022 11:00,2.628
1/14/2022 12:00,2.556
1/14/2022 13:00,2.487
1/14/2022 14:00,2.41
1/14/2022 15:00,2.34
1/14/2022 16:00,2.245
1/14/2022 17:00,2.14
1/14/2022 18:00,2.049
1/14/2022 19:00,1.966
1/14/2022 20:00,1.889
1/14/2022 21:00,1.814
1/14/2022 22:00,1.759
1/14/2022 23:00,1.714
1/15/2022 0:00,1.668
1/15/2022 1:00,1.599
1/15/2022 2:00,1.524
1/15/2022 3:00,1.579
1/15/2022 4:00,1.635
1/15/2022 5:00,1.681
1/15/2022 6:00,1.715
1/15/2022 7:00,1.77
1/15/2022 8:00,1.858
1/15/2022 9:00,1.893
1/15/2022 10:00,1.852
1/15/2022 11:00,1.831
1/15/2022 12:00,1.839
1/15/2022 13:00,1.883
1/15/2022 14:00,1.957
1/15/2022 15:00,2.006
1/15/2022 16:00,2.031
1/15/2022 17:00,2.037
1/15/2022 18:00,2.026
1/15/2022 19:00,2.006
1/15/2022 20:00,2.001
1/15/2022 21:00,1.996
1/15/2022 22:00,2.019
1/15/2022 23:00,2.044
1/16/2022 0:00,2.047
1/16/2022 1:00,2.077
1/16/2022 2:00,2.163
1/16/2022 3:00,2.209
1/16/2022 4:00,2.233
1/16/2022 5:00,2.275
1/16/2022 6:00,2.285
1/16/2022 7:00,2.388
1/16/2022 8:00,2.582
1/16/2022 9:00,2.709
1/16/2022 10:00,2.761
1/16/2022 11:00,2.77
1/16/2022 12:00,2.712
1/16/2022 13:00,2.708
1/16/2022 14:00,2.826
1/16/2022 15:00,3.02
1/16/2022 16:00,3.233
1/16/2022 17:00,3.535
1/16/2022 18:00,3.794
1/16/2022 19:00,3.794
1/16/2022 20:00,3.68
1/16/2022 21:00,3.673
1/16/2022 22:00,3.692
1/16/2022 23:00,3.654
1/17/2022 0:00,3.582
1/17/2022 1:00,3.485
1/17/2022 2:00,3.358
1/17/2022 3:00,3.275
1/17/2022 4:00,3.191
1/17/2022 5:00,3.092
1/17/2022 6:00,2.984
1/17/2022 7:00,2.863
1/17/2022 8:00,2.689
1/17/2022 9:00,2.55
1/17/2022 10:00,2.38
1/17/2022 11:00,2.278
1/17/2022 12:00,2.167
1/17/2022 13:00,2.058
1/17/2022 14:00,1.972
1/17/2022 15:00,1.845
1/17/2022 16:00,1.736
1/17/2022 17:00,1.666
1/17/2022 18:00,1.626
1/17/2022 19:00,1.605
1/17/2022 20:00,1.595
1/17/2022 21:00,1.632
1/17/2022 22:00,1.665
1/17/2022 23:00,1.719
1/18/2022 0:00,1.736
1/18/2022 1:00,1.765
1/18/2022 2:00,1.788
1/18/2022 3:00,1.809
1/18/2022 4:00,1.851
1/18/2022 5:00,1.947
1/18/2022 6:00,2.115
1/18/2022 7:00,2.251
1/18/2022 8:00,2.336
1/18/2022 9:00,2.339
1/18/2022 10:00,2.302
1/18/2022 11:00,2.304
1/18/2022 12:00,2.281
1/18/2022 13:00,2.226
1/18/2022 14:00,2.192
1/18/2022 15:00,2.23
1/18/2022 16:00,2.31
1/18/2022 17:00,2.39
1/18/2022 18:00,2.448
1/18/2022 19:00,2.507
1/18/2022 20:00,2.527
1/18/2022 21:00,2.519
1/18/2022 22:00,2.551
1/18/2022 23:00,2.604
1/19/2022 0:00,2.646
1/19/2022 1:00,2.677
1/19/2022 2:00,2.619
1/19/2022 3:00,2.59
1/19/2022 4:00,2.546
1/19/2022 5:00,2.563
1/19/2022 6:00,2.585
1/19/2022 7:00,2.556
1/19/2022 8:00,2.512
1/19/2022 9:00,2.541
1/19/2022 10:00,2.781
1/19/2022 11:00,3.164
1/19/2022 12:00,3.346
1/19/2022 13:00,3.392
1/19/2022 14:00,3.345
1/19/2022 15:00,3.392
1/19/2022 16:00,3.583
1/19/2022 17:00,3.705
1/19/2022 18:00,3.722
1/19/2022 19:00,3.747
1/19/2022 20:00,3.755
1/19/2022 21:00,3.761
1/19/2022 22:00,3.751
1/19/2022 23:00,3.672
1/20/2022 0:00,3.623
1/20/2022 1:00,3.613
1/20/2022 2:00,3.645
1/20/2022 3:00,3.615
1/20/2022 4:00,3.564
1/20/2022 5:00,3.522
1/20/2022 6:00,3.445
1/20/2022 7:00,3.355
1/20/2022 8:00,3.271
1/20/2022 9:00,3.227
1/20/2022 10:00,3.224
1/20/2022 11:00,3.197
1/20/2022 12:00,3.11
1/20/2022 13:00,2.97
1/20/2022 14:00,2.846
1/20/2022 15:00,2.758
1/20/2022 16:00,2.676
1/20/2022 17:00,2.553
1/20/2022 18:00,2.445
1/20/2022 19:00,2.337
1/20/2022 20:00,2.21
1/20/2022 21:00,2.075
1/20/2022 22:00,1.985
1/20/2022 23:00,1.889
1/21/2022 0:00,1.784
1/21/2022 1:00,1.657
1/21/2022 2:00,1.553
1/21/2022 3:00,1.507
1/21/2022 4:00,1.467
1/21/2022 5:00,1.435
1/21/2022 6:00,1.412
1/21/2022 7:00,1.393
1/21/2022 8:00,1.407
1/21/2022 9:00,1.413
1/21/2022 10:00,1.356
1/21/2022 11:00,1.342
1/21/2022 12:00,1.335
1/21/2022 13:00,1.353
1/21/2022 14:00,1.356
1/21/2022 15:00,1.387
1/21/2022 16:00,1.425
1/21/2022 17:00,1.491
1/21/2022 18:00,1.527
1/21/2022 19:00,1.529
1/21/2022 20:00,1.455
1/21/2022 21:00,1.441
1/21/2022 22:00,1.546
1/21/2022 23:00,1.622
1/22/2022 0:00,1.695
1/22/2022 1:00,1.777
1/22/2022 2:00,1.857
1/22/2022 3:00,1.879
1/22/2022 4:00,1.834
1/22/2022 5:00,1.769
1/22/2022 6:00,1.735
1/22/2022 7:00,1.7
1/22/2022 8:00,1.655
1/22/2022 9:00,1.606
1/22/2022 10:00,1.578
1/22/2022 11:00,1.591
1/22/2022 12:00,1.616
1/22/2022 13:00,1.695
1/22/2022 14:00,1.828
1/22/2022 15:00,1.939
1/22/2022 16:00,2.038
1/22/2022 17:00,2.11
1/22/2022 18:00,2.206
1/22/2022 19:00,2.258
1/22/2022 20:00,2.263
1/22/2022 21:00,2.235
1/22/2022 22:00,2.166
1/22/2022 23:00,2.095
1/23/2022 0:00,2.062
1/23/2022 1:00,2.051
1/23/2022 2:00,2.049
1/23/2022 3:00,2.032
1/23/2022 4:00,1.997
1/23/2022 5:00,1.983
1/23/2022 6:00,2.014
1/23/2022 7:00,2.058
1/23/2022 8:00,2.113
1/23/2022 9:00,2.131
1/23/2022 10:00,2.108
1/23/2022 11:00,2.097
1/23/2022 12:00,2.183
1/23/2022 13:00,2.277
1/23/2022 14:00,2.389
1/23/2022 15:00,2.511
1/23/2022 16:00,2.564
1/23/2022 17:00,2.633
1/23/2022 18:00,2.709
1/23/2022 19:00,2.794
1/23/2022 20:00,2.908
1/23/2022 21:00,3.002
1/23/2022 22:00,3.042
1/23/2022 23:00,3.023
1/24/2022 0:00,2.963
1/24/2022 1:00,2.914
1/24/2022 2:00,2.858
1/24/2022 3:00,2.778
1/24/2022 4:00,2.688
1/24/2022 5:00,2.602
1/24/2022 6:00,2.503
1/24/2022 7:00,2.425
1/24/2022 8:00,2.358
1/24/2022 9:00,2.328
1/24/2022 10:00,2.293
1/24/2022 11:00,2.283
1/24/2022 12:00,2.256
1/24/2022 13:00,2.216
1/24/2022 14:00,2.15
1/24/2022 15:00,2.093
1/24/2022 16:00,2.088
1/24/2022 17:00,2.101
1/24/2022 18:00,2.096
1/24/2022 19:00,2.086
1/24/2022 20:00,2.072
1/24/2022 21:00,2.066
1/24/2022 22:00,2.059
1/24/2022 23:00,2.04
1/25/2022 0:00,1.978
1/25/2022 1:00,1.907
1/25/2022 2:00,1.844
1/25/2022 3:00,1.752
1/25/2022 4:00,1.641
1/25/2022 5:00,1.635
1/25/2022 6:00,1.719
1/25/2022 7:00,1.784
1/25/2022 8:00,1.778
1/25/2022 9:00,1.693
1/25/2022 10:00,1.603
1/25/2022 11:00,1.547
1/25/2022 12:00,1.556
1/25/2022 13:00,1.636
1/25/2022 14:00,1.735
1/25/2022 15:00,1.933
1/25/2022 16:00,2.075
1/25/2022 17:00,2.118
1/25/2022 18:00,2.083
1/25/2022 19:00,2.052
1/25/2022 20:00,2.043
1/25/2022 21:00,2.069
1/25/2022 22:00,2.086
1/25/2022 23:00,2.144
1/26/2022 0:00,2.181
1/26/2022 1:00,2.205
1/26/2022 2:00,2.241
1/26/2022 3:00,2.28
1/26/2022 4:00,2.273
1/26/2022 5:00,2.3
1/26/2022 6:00,2.303
1/26/2022 7:00,2.259
1/26/2022 8:00,2.198
1/26/2022 9:00,2.166
1/26/2022 10:00,2.123
1/26/2022 11:00,2.125
1/26/2022 12:00,2.097
1/26/2022 13:00,2.043
1/26/2022 14:00,1.955
1/26/2022 15:00,1.869
1/26/2022 16:00,1.825
1/26/2022 17:00,1.855
1/26/2022 18:00,1.918
1/26/2022 19:00,1.999
1/26/2022 20:00,2.052
1/26/2022 21:00,2.046
1/26/2022 22:00,2.048
1/26/2022 23:00,2.117
1/27/2022 0:00,2.124
1/27/2022 1:00,2.124
1/27/2022 2:00,2.121
1/27/2022 3:00,2.101
1/27/2022 4:00,2.171
1/27/2022 5:00,2.384
1/27/2022 6:00,2.611
1/27/2022 7:00,2.616
1/27/2022 8:00,2.528
1/27/2022 9:00,2.477
1/27/2022 10:00,2.504
1/27/2022 11:00,2.627
1/27/2022 12:00,2.795
1/27/2022 13:00,2.919
1/27/2022 14:00,2.981
1/27/2022 15:00,3.016
1/27/2022 16:00,3.038
1/27/2022 17:00,3.052
1/27/2022 18:00,3.062
1/27/2022 19:00,3.038
1/27/2022 20:00,2.933
1/27/2022 21:00,2.803
1/27/2022 22:00,2.673
1/27/2022 23:00,2.54
1/28/2022 0:00,2.401
1/28/2022 1:00,2.283
1/28/2022 2:00,2.184
1/28/2022 3:00,2.033
1/28/2022 4:00,1.838
1/28/2022 5:00,1.671
1/28/2022 6:00,1.539
1/28/2022 7:00,1.525
1/28/2022 8:00,1.493
1/28/2022 9:00,1.502
1/28/2022 10:00,1.581
1/28/2022 11:00,1.689
1/28/2022 12:00,1.795
1/28/2022 13:00,1.888
1/28/2022 14:00,1.992
1/28/2022 15:00,2.065
1/28/2022 16:00,2.102
1/28/2022 17:00,2.183
1/28/2022 18:00,2.323
1/28/2022 19:00,2.455
1/28/2022 20:00,2.556
1/28/2022 21:00,2.568
1/28/2022 22:00,2.525
1/28/2022 23:00,2.494
1/29/2022 0:00,2.481
1/29/2022 1:00,2.426
1/29/2022 2:00,2.331
1/29/2022 3:00,2.283
1/29/2022 4:00,2.295
1/29/2022 5:00,2.336
1/29/2022 6:00,2.418
1/29/2022 7:00,2.532
1/29/2022 8:00,2.633
1/29/2022 9:00,2.745
1/29/2022 10:00,2.892
1/29/2022 11:00,2.985
1/29/2022 12:00,3.066
1/29/2022 13:00,3.31
1/29/2022 14:00,3.472
1/29/2022 15:00,3.45
1/29/2022 16:00,3.516
1/29/2022 17:00,3.675
1/29/2022 18:00,3.811
1/29/2022 19:00,3.888
1/29/2022 20:00,3.982
1/29/2022 21:00,4.122
1/29/2022 22:00,4.219
1/29/2022 23:00,4.209
1/30/2022 0:00,4.174
1/30/2022 1:00,4.09
1/30/2022 2:00,3.948
1/30/2022 3:00,3.769
1/30/2022 4:00,3.602
1/30/2022 5:00,3.408
1/30/2022 6:00,3.151
1/30/2022 7:00,2.897
1/30/2022 8:00,2.697
1/30/2022 9:00,2.516
1/30/2022 10:00,2.397
1/30/2022 11:00,2.295
1/30/2022 12:00,2.164
1/30/2022 13:00,1.979
1/30/2022 14:00,1.749
1/30/2022 15:00,1.517
1/30/2022 16:00,1.315
1/30/2022 17:00,1.104
1/30/2022 18:00,1.007
1/30/2022 19:00,1.13
1/30/2022 20:00,1.224
1/30/2022 21:00,1.261
1/30/2022 22:00,1.314
1/30/2022 23:00,1.385
1/31/2022 0:00,1.435
1/31/2022 1:00,1.485
1/31/2022 2:00,1.543
1/31/2022 3:00,1.562
1/31/2022 4:00,1.514
1/31/2022 5:00,1.443
1/31/2022 6:00,1.368
1/31/2022 7:00,1.292
1/31/2022 8:00,1.181
1/31/2022 9:00,1.074
1/31/2022 10:00,1.052
1/31/2022 11:00,1.104
1/31/2022 12:00,1.235
1/31/2022 13:00,1.463
1/31/2022 14:00,1.699
1/31/2022 15:00,1.82
1/31/2022 16:00,1.797
1/31/2022 17:00,1.812
1/31/2022 18:00,1.79
1/31/2022 19:00,1.74
1/31/2022 20:00,1.597
1/31/2022 21:00,1.49
1/31/2022 22:00,1.409
1/31/2022 23:00,1.343
2/1/2022 0:00,1.365
2/1/2022 1:00,1.459
2/1/2022 2:00,1.587
2/1/2022 3:00,1.723
2/1/2022 4:00,1.869
2/1/2022 5:00,2.007
2/1/2022 6:00,1.931
2/1/2022 7:00,1.902
2/1/2022 8:00,2.205
2/1/2022 9:00,2.285
2/1/2022 10:00,2.342
2/1/2022 11:00,2.368
2/1/2022 12:00,2.354
2/1/2022 13:00,2.294
2/1/2022 14:00,2.239
2/1/2022 15:00,2.237
2/1/2022 16:00,2.28
2/1/2022 17:00,2.333
2/1/2022 18:00,2.371
2/1/2022 19:00,2.378
2/1/2022 20:00,2.378
2/1/2022 21:00,2.318
2/1/2022 22:00,2.191
2/1/2022 23:00,2.043
2/2/2022 0:00,2.018
2/2/2022 1:00,2.04
2/2/2022 2:00,2.079
2/2/2022 3:00,2.143
2/2/2022 4:00,2.168
2/2/2022 5:00,2.046
2/2/2022 6:00,1.833
2/2/2022 7:00,1.662
2/2/2022 8:00,1.592
2/2/2022 9:00,1.486
2/2/2022 10:00,1.387
2/2/2022 11:00,1.439
2/2/2022 12:00,1.48
2/2/2022 13:00,1.479
2/2/2022 14:00,1.508
2/2/2022 15:00,1.624
2/2/2022 16:00,1.611
2/2/2022 17:00,1.55
2/2/2022 18:00,1.485
2/2/2022 19:00,1.399
2/2/2022 20:00,1.327
2/2/2022 21:00,1.31
2/2/2022 22:00,1.364
2/2/2022 23:00,1.467
2/3/2022 0:00,1.549
2/3/2022 1:00,1.637
2/3/2022 2:00,1.718
2/3/2022 3:00,1.744
2/3/2022 4:00,1.742
2/3/2022 5:00,1.774
2/3/2022 6:00,1.828
2/3/2022 7:00,1.886
2/3/2022 8:00,1.835
2/3/2022 9:00,1.761
2/3/2022 10:00,1.715
2/3/2022 11:00,1.717
2/3/2022 12:00,1.755
2/3/2022 13:00,1.808
2/3/2022 14:00,1.914
2/3/2022 15:00,2.032
2/3/2022 16:00,2.187
2/3/2022 17:00,2.333
2/3/2022 18:00,2.508
2/3/2022 19:00,2.701
2/3/2022 20:00,2.873
2/3/2022 21:00,3.023
2/3/2022 22:00,3.124
2/3/2022 23:00,3.103
2/4/2022 0:00,2.975
2/4/2022 1:00,2.88
2/4/2022 2:00,2.886
2/4/2022 3:00,2.856
2/4/2022 4:00,2.808
2/4/2022 5:00,2.756
2/4/2022 6:00,2.725
2/4/2022 7:00,2.693
2/4/2022 8:00,2.68
2/4/2022 9:00,2.686
2/4/2022 10:00,2.735
2/4/2022 11:00,2.803
2/4/2022 12:00,2.818
2/4/2022 13:00,2.799
2/4/2022 14:00,2.776
2/4/2022 15:00,2.77
2/4/2022 16:00,2.77
2/4/2022 17:00,2.756
2/4/2022 18:00,2.741
2/4/2022 19:00,2.738
2/4/2022 20:00,2.749
2/4/2022 21:00,2.734
2/4/2022 22:00,2.727
2/4/2022 23:00,2.718
2/5/2022 0:00,2.746
2/5/2022 1:00,2.79
2/5/2022 2:00,2.793
2/5/2022 3:00,2.769
2/5/2022 4:00,2.74
2/5/2022 5:00,2.705
2/5/2022 6:00,2.683
2/5/2022 7:00,2.66
2/5/2022 8:00,2.629
2/5/2022 9:00,2.654
2/5/2022 10:00,2.737
2/5/2022 11:00,2.791
2/5/2022 12:00,2.807
2/5/2022 13:00,2.832
2/5/2022 14:00,2.86
2/5/2022 15:00,2.833
2/5/2022 16:00,2.801
2/5/2022 17:00,2.881
2/5/2022 18:00,3.003
2/5/2022 19:00,3.007
2/5/2022 20:00,2.935
2/5/2022 21:00,2.873
2/5/2022 22:00,2.859
2/5/2022 23:00,2.852
2/6/2022 0:00,2.836
2/6/2022 1:00,2.792
2/6/2022 2:00,2.726
2/6/2022 3:00,2.672
2/6/2022 4:00,2.62
2/6/2022 5:00,2.553
2/6/2022 6:00,2.504
2/6/2022 7:00,2.5
2/6/2022 8:00,2.501
2/6/2022 9:00,2.45
2/6/2022 10:00,2.359
2/6/2022 11:00,2.253
2/6/2022 12:00,2.127
2/6/2022 13:00,2.009
2/6/2022 14:00,1.918
2/6/2022 15:00,1.872
2/6/2022 16:00,1.857
2/6/2022 17:00,1.868
2/6/2022 18:00,1.93
2/6/2022 19:00,1.997
2/6/2022 20:00,2.068
2/6/2022 21:00,2.133
2/6/2022 22:00,2.223
2/6/2022 23:00,2.303
2/7/2022 0:00,2.407
2/7/2022 1:00,2.504
2/7/2022 2:00,2.535
2/7/2022 3:00,2.492
2/7/2022 4:00,2.423
2/7/2022 5:00,2.373
2/7/2022 6:00,2.313
2/7/2022 7:00,2.171
2/7/2022 8:00,1.999
2/7/2022 9:00,1.823
2/7/2022 10:00,1.695
2/7/2022 11:00,1.637
2/7/2022 12:00,1.592
2/7/2022 13:00,1.543
2/7/2022 14:00,1.534
2/7/2022 15:00,1.635
2/7/2022 16:00,1.753
2/7/2022 17:00,1.881
2/7/2022 18:00,2.081
2/7/2022 19:00,2.276
2/7/2022 20:00,2.458
2/7/2022 21:00,2.594
2/7/2022 22:00,2.565
2/7/2022 23:00,2.528
2/8/2022 0:00,2.551
2/8/2022 1:00,2.537
2/8/2022 2:00,2.494
2/8/2022 3:00,2.488
2/8/2022 4:00,2.519
2/8/2022 5:00,2.564
2/8/2022 6:00,2.588
2/8/2022 7:00,2.62
2/8/2022 8:00,2.652
2/8/2022 9:00,2.66
2/8/2022 10:00,2.626
2/8/2022 11:00,2.61
2/8/2022 12:00,2.576
2/8/2022 13:00,2.545
2/8/2022 14:00,2.51
2/8/2022 15:00,2.483
2/8/2022 16:00,2.481
2/8/2022 17:00,2.529
2/8/2022 18:00,2.562
2/8/2022 19:00,2.566
2/8/2022 20:00,2.589
2/8/2022 21:00,2.621
2/8/2022 22:00,2.646
2/8/2022 23:00,2.658
2/9/2022 0:00,2.685
2/9/2022 1:00,2.685
2/9/2022 2:00,2.689
2/9/2022 3:00,2.724
2/9/2022 4:00,2.735
2/9/2022 5:00,2.743
2/9/2022 6:00,2.774
2/9/2022 7:00,2.821
2/9/2022 8:00,2.894
2/9/2022 9:00,2.946
2/9/2022 10:00,3.018
2/9/2022 11:00,3.096
2/9/2022 12:00,3.158
2/9/2022 13:00,3.164
2/9/2022 14:00,3.104
2/9/2022 15:00,3.059
2/9/2022 16:00,2.996
2/9/2022 17:00,2.972
2/9/2022 18:00,2.988
2/9/2022 19:00,3
2/9/2022 20:00,3.005
2/9/2022 21:00,2.995
2/9/2022 22:00,2.943
2/9/2022 23:00,2.864
2/10/2022 0:00,2.778
2/10/2022 1:00,2.661
2/10/2022 2:00,2.575
2/10/2022 3:00,2.527
2/10/2022 4:00,2.471
2/10/2022 5:00,2.402
2/10/2022 6:00,2.346
2/10/2022 7:00,2.283
2/10/2022 8:00,2.218
2/10/2022 9:00,2.178
2/10/2022 10:00,2.15
2/10/2022 11:00,2.135
2/10/2022 12:00,2.084
2/10/2022 13:00,1.974
2/10/2022 14:00,1.885
2/10/2022 15:00,1.846
2/10/2022 16:00,1.826
2/10/2022 17:00,1.808
2/10/2022 18:00,1.836
2/10/2022 19:00,1.913
2/10/2022 20:00,1.987
2/10/2022 21:00,2.051
2/10/2022 22:00,2.071
2/10/2022 23:00,2.051
2/11/2022 0:00,2.037
2/11/2022 1:00,2.043
2/11/2022 2:00,2.067
2/11/2022 3:00,2.066
2/11/2022 4:00,2.04
2/11/2022 5:00,2.001
2/11/2022 6:00,1.948
2/11/2022 7:00,1.859
2/11/2022 8:00,1.739
2/11/2022 9:00,1.67
2/11/2022 10:00,1.71
2/11/2022 11:00,1.799
2/11/2022 12:00,1.888
2/11/2022 13:00,1.959
2/11/2022 14:00,2.051
2/11/2022 15:00,2.134
2/11/2022 16:00,2.198
2/11/2022 17:00,2.198
2/11/2022 18:00,2.188
2/11/2022 19:00,2.205
2/11/2022 20:00,2.241
2/11/2022 21:00,2.306
2/11/2022 22:00,2.353
2/11/2022 23:00,2.396
2/12/2022 0:00,2.417
2/12/2022 1:00,2.394
2/12/2022 2:00,2.366
2/12/2022 3:00,2.312
2/12/2022 4:00,2.297
2/12/2022 5:00,2.288
2/12/2022 6:00,2.284
2/12/2022 7:00,2.301
2/12/2022 8:00,2.328
2/12/2022 9:00,2.351
2/12/2022 10:00,2.378
2/12/2022 11:00,2.402
2/12/2022 12:00,2.417
2/12/2022 13:00,2.438
2/12/2022 14:00,2.465
2/12/2022 15:00,2.489
2/12/2022 16:00,2.533
2/12/2022 17:00,2.576
2/12/2022 18:00,2.617
2/12/2022 19:00,2.643
2/12/2022 20:00,2.627
2/12/2022 21:00,2.603
2/12/2022 22:00,2.576
2/12/2022 23:00,2.501
2/13/2022 0:00,2.42
2/13/2022 1:00,2.335
2/13/2022 2:00,2.287
2/13/2022 3:00,2.258
2/13/2022 4:00,2.196
2/13/2022 5:00,2.141
2/13/2022 6:00,2.144
2/13/2022 7:00,2.148
2/13/2022 8:00,2.143
2/13/2022 9:00,2.102
2/13/2022 10:00,2.054
2/13/2022 11:00,1.987
2/13/2022 12:00,1.928
2/13/2022 13:00,1.858
2/13/2022 14:00,1.7
2/13/2022 15:00,1.582
2/13/2022 16:00,1.528
2/13/2022 17:00,1.548
2/13/2022 18:00,1.563
2/13/2022 19:00,1.597
2/13/2022 20:00,1.643
2/13/2022 21:00,1.672
2/13/2022 22:00,1.676
2/13/2022 23:00,1.666
2/14/2022 0:00,1.665
2/14/2022 1:00,1.66
2/14/2022 2:00,1.629
2/14/2022 3:00,1.551
2/14/2022 4:00,1.481
2/14/2022 5:00,1.445
2/14/2022 6:00,1.445
2/14/2022 7:00,1.432
2/14/2022 8:00,1.404
2/14/2022 9:00,1.423
2/14/2022 10:00,1.478
2/14/2022 11:00,1.509
2/14/2022 12:00,1.522
2/14/2022 13:00,1.556
2/14/2022 14:00,1.583
2/14/2022 15:00,1.605
2/14/2022 16:00,1.622
2/14/2022 17:00,1.647
2/14/2022 18:00,1.689
2/14/2022 19:00,1.705
2/14/2022 20:00,1.702
2/14/2022 21:00,1.666
2/14/2022 22:00,1.634
2/14/2022 23:00,1.647
2/15/2022 0:00,1.67
2/15/2022 1:00,1.688
2/15/2022 2:00,1.724
2/15/2022 3:00,1.728
2/15/2022 4:00,1.763
2/15/2022 5:00,1.796
2/15/2022 6:00,1.835
2/15/2022 7:00,1.831
2/15/2022 8:00,1.802
2/15/2022 9:00,1.786
2/15/2022 10:00,1.825
2/15/2022 11:00,1.879
2/15/2022 12:00,1.864
2/15/2022 13:00,1.847
2/15/2022 14:00,1.882
2/15/2022 15:00,1.916
2/15/2022 16:00,1.933
2/15/2022 17:00,1.895
2/15/2022 18:00,1.836
2/15/2022 19:00,1.782
2/15/2022 20:00,1.815
2/15/2022 21:00,1.883
2/15/2022 22:00,1.877
2/15/2022 23:00,1.879
2/16/2022 0:00,1.884
2/16/2022 1:00,1.92
2/16/2022 2:00,1.954
2/16/2022 3:00,1.961
2/16/2022 4:00,1.905
2/16/2022 5:00,1.849
2/16/2022 6:00,1.821
2/16/2022 7:00,1.796
2/16/2022 8:00,1.732
2/16/2022 9:00,1.617
2/16/2022 10:00,1.556
2/16/2022 11:00,1.498
2/16/2022 12:00,1.43
2/16/2022 13:00,1.352
2/16/2022 14:00,1.329
2/16/2022 15:00,1.401
2/16/2022 16:00,1.512
2/16/2022 17:00,1.564
2/16/2022 18:00,1.591
2/16/2022 19:00,1.58
2/16/2022 20:00,1.535
2/16/2022 21:00,1.506
2/16/2022 22:00,1.454
2/16/2022 23:00,1.411
2/17/2022 0:00,1.398
2/17/2022 1:00,1.406
2/17/2022 2:00,1.438
2/17/2022 3:00,1.423
2/17/2022 4:00,1.381
2/17/2022 5:00,1.379
2/17/2022 6:00,1.388
2/17/2022 7:00,1.417
2/17/2022 8:00,1.464
2/17/2022 9:00,1.526
2/17/2022 10:00,1.624
2/17/2022 11:00,1.693
2/17/2022 12:00,1.701
2/17/2022 13:00,1.69
2/17/2022 14:00,1.707
2/17/2022 15:00,1.781
2/17/2022 16:00,1.886
2/17/2022 17:00,1.972
2/17/2022 18:00,2.046
2/17/2022 19:00,2.074
2/17/2022 20:00,2.091
2/17/2022 21:00,2.145
2/17/2022 22:00,2.138
2/17/2022 23:00,2.146
2/18/2022 0:00,2.132
2/18/2022 1:00,2.037
2/18/2022 2:00,1.904
2/18/2022 3:00,1.799
2/18/2022 4:00,1.689
2/18/2022 5:00,1.594
2/18/2022 6:00,1.499
2/18/2022 7:00,1.445
2/18/2022 8:00,1.429
2/18/2022 9:00,1.428
2/18/2022 10:00,1.378
2/18/2022 11:00,1.232
2/18/2022 12:00,1.027
2/18/2022 13:00,0.978
2/18/2022 14:00,1.095
2/18/2022 15:00,1.414
2/18/2022 16:00,1.619
2/18/2022 17:00,1.692
2/18/2022 18:00,1.651
2/18/2022 19:00,1.661
2/18/2022 20:00,1.72
2/18/2022 21:00,1.803
2/18/2022 22:00,1.84
2/18/2022 23:00,1.837
2/19/2022 0:00,1.817
2/19/2022 1:00,1.78
2/19/2022 2:00,1.74
2/19/2022 3:00,1.648
2/19/2022 4:00,1.536
2/19/2022 5:00,1.433
2/19/2022 6:00,1.353
2/19/2022 7:00,1.264
2/19/2022 8:00,1.151
2/19/2022 9:00,1.155
2/19/2022 10:00,1.228
2/19/2022 11:00,1.289
2/19/2022 12:00,1.31
2/19/2022 13:00,1.288
2/19/2022 14:00,1.382
2/19/2022 15:00,1.528
2/19/2022 16:00,1.639
2/19/2022 17:00,1.662
2/19/2022 18:00,1.652
2/19/2022 19:00,1.639
2/19/2022 20:00,1.642
2/19/2022 21:00,1.659
2/19/2022 22:00,1.687
2/19/2022 23:00,1.669
2/20/2022 0:00,1.645
2/20/2022 1:00,1.562
2/20/2022 2:00,1.517
2/20/2022 3:00,1.535
2/20/2022 4:00,1.618
2/20/2022 5:00,1.745
2/20/2022 6:00,1.89
2/20/2022 7:00,2.051
2/20/2022 8:00,2.001
2/20/2022 9:00,2.018
2/20/2022 10:00,2.181
2/20/2022 11:00,2.258
2/20/2022 12:00,2.289
2/20/2022 13:00,2.296
2/20/2022 14:00,2.168
2/20/2022 15:00,2.029
2/20/2022 16:00,1.901
2/20/2022 17:00,1.833
2/20/2022 18:00,1.726
2/20/2022 19:00,1.606
2/20/2022 20:00,1.539
2/20/2022 21:00,1.496
2/20/2022 22:00,1.503
2/20/2022 23:00,1.577
2/21/2022 0:00,1.661
2/21/2022 1:00,1.712
2/21/2022 2:00,1.744
2/21/2022 3:00,1.76
2/21/2022 4:00,1.756
2/21/2022 5:00,1.733
2/21/2022 6:00,1.727
2/21/2022 7:00,1.74
2/21/2022 8:00,1.746
2/21/2022 9:00,1.775
2/21/2022 10:00,1.822
2/21/2022 11:00,1.892
2/21/2022 12:00,1.99
2/21/2022 13:00,2.09
2/21/2022 14:00,2.125
2/21/2022 15:00,2.127
2/21/2022 16:00,2.155
2/21/2022 17:00,2.146
2/21/2022 18:00,2.087
2/21/2022 19:00,2.007
2/21/2022 20:00,1.896
2/21/2022 21:00,1.765
2/21/2022 22:00,1.613
2/21/2022 23:00,1.49
2/22/2022 0:00,1.359
2/22/2022 1:00,1.201
2/22/2022 2:00,1.046
2/22/2022 3:00,0.965
2/22/2022 4:00,0.93
2/22/2022 5:00,1.108
2/22/2022 6:00,1.334
2/22/2022 7:00,1.493
2/22/2022 8:00,1.478
2/22/2022 9:00,1.553
2/22/2022 10:00,1.728
2/22/2022 11:00,1.959
2/22/2022 12:00,2.079
2/22/2022 13:00,2.009
2/22/2022 14:00,1.752
2/22/2022 15:00,1.555
2/22/2022 16:00,1.636
2/22/2022 17:00,1.676
2/22/2022 18:00,1.699
2/22/2022 19:00,1.747
2/22/2022 20:00,1.922
2/22/2022 21:00,1.997
2/22/2022 22:00,1.991
2/22/2022 23:00,1.992
2/23/2022 0:00,2.053
2/23/2022 1:00,2.122
2/23/2022 2:00,2.142
2/23/2022 3:00,2.072
2/23/2022 4:00,2.022
2/23/2022 5:00,2.043
2/23/2022 6:00,2.177
2/23/2022 7:00,2.336
2/23/2022 8:00,2.499
2/23/2022 9:00,2.735
2/23/2022 10:00,2.94
2/23/2022 11:00,3.069
2/23/2022 12:00,3.174
2/23/2022 13:00,3.291
2/23/2022 14:00,3.368
2/23/2022 15:00,3.428
2/23/2022 16:00,3.422
2/23/2022 17:00,3.437
2/23/2022 18:00,3.406
2/23/2022 19:00,3.292
2/23/2022 20:00,3.202
2/23/2022 21:00,3.151
2/23/2022 22:00,3.075
2/23/2022 23:00,2.98
2/24/2022 0:00,2.878
2/24/2022 1:00,2.764
2/24/2022 2:00,2.74
2/24/2022 3:00,2.799
2/24/2022 4:00,2.842
2/24/2022 5:00,2.837
2/24/2022 6:00,2.839
2/24/2022 7:00,2.81
2/24/2022 8:00,2.793
2/24/2022 9:00,2.786
2/24/2022 10:00,2.762
2/24/2022 11:00,2.678
2/24/2022 12:00,2.573
2/24/2022 13:00,2.445
2/24/2022 14:00,2.308
2/24/2022 15:00,2.195
2/24/2022 16:00,2.121
2/24/2022 17:00,2.094
2/24/2022 18:00,2.044
2/24/2022 19:00,1.963
2/24/2022 20:00,1.903
2/24/2022 21:00,1.89
2/24/2022 22:00,1.93
2/24/2022 23:00,1.953
2/25/2022 0:00,1.921
2/25/2022 1:00,1.873
2/25/2022 2:00,1.861
2/25/2022 3:00,1.913
2/25/2022 4:00,2.036
2/25/2022 5:00,2.185
2/25/2022 6:00,2.363
2/25/2022 7:00,2.468
2/25/2022 8:00,2.482
2/25/2022 9:00,2.505
2/25/2022 10:00,2.431
2/25/2022 11:00,2.381
2/25/2022 12:00,2.368
2/25/2022 13:00,2.307
2/25/2022 14:00,2.206
2/25/2022 15:00,2.049
2/25/2022 16:00,1.844
2/25/2022 17:00,1.667
2/25/2022 18:00,1.483
2/25/2022 19:00,1.284
2/25/2022 20:00,1.176
2/25/2022 21:00,1.199
2/25/2022 22:00,1.247
2/25/2022 23:00,1.311
2/26/2022 0:00,1.408
2/26/2022 1:00,1.504
2/26/2022 2:00,1.616
2/26/2022 3:00,1.775
2/26/2022 4:00,1.904
2/26/2022 5:00,1.937
2/26/2022 6:00,1.997
2/26/2022 7:00,2.139
2/26/2022 8:00,2.248
2/26/2022 9:00,2.352
2/26/2022 10:00,2.502
2/26/2022 11:00,2.584
2/26/2022 12:00,2.637
2/26/2022 13:00,2.67
2/26/2022 14:00,2.722
2/26/2022 15:00,2.762
2/26/2022 16:00,2.803
2/26/2022 17:00,2.838
2/26/2022 18:00,2.859
2/26/2022 19:00,2.86
2/26/2022 20:00,2.864
2/26/2022 21:00,2.856
2/26/2022 22:00,2.842
2/26/2022 23:00,2.854
2/27/2022 0:00,2.89
2/27/2022 1:00,2.92
2/27/2022 2:00,2.95
2/27/2022 3:00,2.961
2/27/2022 4:00,2.979
2/27/2022 5:00,3.005
2/27/2022 6:00,3.015
2/27/2022 7:00,3.018
2/27/2022 8:00,3.05
2/27/2022 9:00,3.083
2/27/2022 10:00,3.065
2/27/2022 11:00,3.069
2/27/2022 12:00,3.054
2/27/2022 13:00,3.047
2/27/2022 14:00,2.999
2/27/2022 15:00,2.943
2/27/2022 16:00,2.885
2/27/2022 17:00,2.834
2/27/2022 18:00,2.81
2/27/2022 19:00,2.809
2/27/2022 20:00,2.819
2/27/2022 21:00,2.855
2/27/2022 22:00,2.884
2/27/2022 23:00,2.899
2/28/2022 0:00,2.866
2/28/2022 1:00,2.831
2/28/2022 2:00,2.807
2/28/2022 3:00,2.734
2/28/2022 4:00,2.669
2/28/2022 5:00,2.626
2/28/2022 6:00,2.601
2/28/2022 7:00,2.598
2/28/2022 8:00,2.628
2/28/2022 9:00,2.659
2/28/2022 10:00,2.68
2/28/2022 11:00,2.664
2/28/2022 12:00,2.653
2/28/2022 13:00,2.647
2/28/2022 14:00,2.618
2/28/2022 15:00,2.644
2/28/2022 16:00,2.701
2/28/2022 17:00,2.741
2/28/2022 18:00,2.764
2/28/2022 19:00,2.796
2/28/2022 20:00,2.793
2/28/2022 21:00,2.73
2/28/2022 22:00,2.618
2/28/2022 23:00,2.47
3/1/2022 0:00,2.268
3/1/2022 1:00,2.097
3/1/2022 2:00,1.971
3/1/2022 3:00,1.888
3/1/2022 4:00,1.864
3/1/2022 5:00,1.874
3/1/2022 6:00,1.867
3/1/2022 7:00,1.863
3/1/2022 8:00,1.898
3/1/2022 9:00,1.97
3/1/2022 10:00,2.025
3/1/2022 11:00,2.071
3/1/2022 12:00,2.079
3/1/2022 13:00,2.078
3/1/2022 14:00,2.076
3/1/2022 15:00,2.074
3/1/2022 16:00,2.108
3/1/2022 17:00,2.186
3/1/2022 18:00,2.226
3/1/2022 19:00,2.244
3/1/2022 20:00,2.241
3/1/2022 21:00,2.235
3/1/2022 22:00,2.226
3/1/2022 23:00,2.222
3/2/2022 0:00,2.283
3/2/2022 1:00,2.313
3/2/2022 2:00,2.297
3/2/2022 3:00,2.186
3/2/2022 4:00,2.07
3/2/2022 5:00,1.943
3/2/2022 6:00,1.842
3/2/2022 7:00,1.711
3/2/2022 8:00,1.573
3/2/2022 9:00,1.497
3/2/2022 10:00,1.444
3/2/2022 11:00,1.403
3/2/2022 12:00,1.382
3/2/2022 13:00,1.356
3/2/2022 14:00,1.312
3/2/2022 15:00,1.237
3/2/2022 16:00,1.22
3/2/2022 17:00,1.236
3/2/2022 18:00,1.275
3/2/2022 19:00,1.345
3/2/2022 20:00,1.389
3/2/2022 21:00,1.448
3/2/2022 22:00,1.514
3/2/2022 23:00,1.571
3/3/2022 0:00,1.61
3/3/2022 1:00,1.637
3/3/2022 2:00,1.655
3/3/2022 3:00,1.647
3/3/2022 4:00,1.636
3/3/2022 5:00,1.655
3/3/2022 6:00,1.686
3/3/2022 7:00,1.643
3/3/2022 8:00,1.575
3/3/2022 9:00,1.509
3/3/2022 10:00,1.473
3/3/2022 11:00,1.391
3/3/2022 12:00,1.317
3/3/2022 13:00,1.231
3/3/2022 14:00,1.144
3/3/2022 15:00,1.288
3/3/2022 16:00,1.485
3/3/2022 17:00,1.573
3/3/2022 18:00,1.59
3/3/2022 19:00,1.598
3/3/2022 20:00,1.59
3/3/2022 21:00,1.606
3/3/2022 22:00,1.642
3/3/2022 23:00,1.661
3/4/2022 0:00,1.681
3/4/2022 1:00,1.694
3/4/2022 2:00,1.663
3/4/2022 3:00,1.634
3/4/2022 4:00,1.629
3/4/2022 5:00,1.636
3/4/2022 6:00,1.636
3/4/2022 7:00,1.56
3/4/2022 8:00,1.493
3/4/2022 9:00,1.479
3/4/2022 10:00,1.512
3/4/2022 11:00,1.546
3/4/2022 12:00,1.545
3/4/2022 13:00,1.509
3/4/2022 14:00,1.465
3/4/2022 15:00,1.464
3/4/2022 16:00,1.617
3/4/2022 17:00,1.692
3/4/2022 18:00,1.734
3/4/2022 19:00,1.761
3/4/2022 20:00,1.791
3/4/2022 21:00,1.838
3/4/2022 22:00,1.849
3/4/2022 23:00,1.824
3/5/2022 0:00,1.761
3/5/2022 1:00,1.748
3/5/2022 2:00,1.716
3/5/2022 3:00,1.686
3/5/2022 4:00,1.662
3/5/2022 5:00,1.605
3/5/2022 6:00,1.525
3/5/2022 7:00,1.41
3/5/2022 8:00,1.358
3/5/2022 9:00,1.36
3/5/2022 10:00,1.362
3/5/2022 11:00,1.333
3/5/2022 12:00,1.33
3/5/2022 13:00,1.335
3/5/2022 14:00,1.325
3/5/2022 15:00,1.395
3/5/2022 16:00,1.526
3/5/2022 17:00,1.561
3/5/2022 18:00,1.522
3/5/2022 19:00,1.502
3/5/2022 20:00,1.522
3/5/2022 21:00,1.56
3/5/2022 22:00,1.57
3/5/2022 23:00,1.58
3/6/2022 0:00,1.591
3/6/2022 1:00,1.588
3/6/2022 2:00,1.586
3/6/2022 3:00,1.59
3/6/2022 4:00,1.59
3/6/2022 5:00,1.581
3/6/2022 6:00,1.56
3/6/2022 7:00,1.491
3/6/2022 8:00,1.476
3/6/2022 9:00,1.503
3/6/2022 10:00,1.513
3/6/2022 11:00,1.444
3/6/2022 12:00,1.353
3/6/2022 13:00,1.273
3/6/2022 14:00,1.215
3/6/2022 15:00,1.201
3/6/2022 16:00,1.319
3/6/2022 17:00,1.309
3/6/2022 18:00,1.22
3/6/2022 19:00,1.183
3/6/2022 20:00,1.171
3/6/2022 21:00,1.169
3/6/2022 22:00,1.218
3/6/2022 23:00,1.277
3/7/2022 0:00,1.313
3/7/2022 1:00,1.353
3/7/2022 2:00,1.381
3/7/2022 3:00,1.389
3/7/2022 4:00,1.413
3/7/2022 5:00,1.462
3/7/2022 6:00,1.464
3/7/2022 7:00,1.403
3/7/2022 8:00,1.364
3/7/2022 9:00,1.34
3/7/2022 10:00,1.311
3/7/2022 11:00,1.265
3/7/2022 12:00,1.241
3/7/2022 13:00,1.229
3/7/2022 14:00,1.236
3/7/2022 15:00,1.333
3/7/2022 16:00,1.413
3/7/2022 17:00,1.437
3/7/2022 18:00,1.422
3/7/2022 19:00,1.389
3/7/2022 20:00,1.365
3/7/2022 21:00,1.359
3/7/2022 22:00,1.345
3/7/2022 23:00,1.279
3/8/2022 0:00,1.226
3/8/2022 1:00,1.217
3/8/2022 2:00,1.243
3/8/2022 3:00,1.242
3/8/2022 4:00,1.254
3/8/2022 5:00,1.265
3/8/2022 6:00,1.24
3/8/2022 7:00,1.156
3/8/2022 8:00,1.091
3/8/2022 9:00,1.043
3/8/2022 10:00,1.028
3/8/2022 11:00,1.033
3/8/2022 12:00,1.027
3/8/2022 13:00,1.025
3/8/2022 14:00,1.08
3/8/2022 15:00,1.28
3/8/2022 16:00,1.464
3/8/2022 17:00,1.589
3/8/2022 18:00,1.653
3/8/2022 19:00,1.715
3/8/2022 20:00,1.774
3/8/2022 21:00,1.839
3/8/2022 22:00,1.912
3/8/2022 23:00,1.966
3/9/2022 0:00,1.975
3/9/2022 1:00,1.98
3/9/2022 2:00,2.028
3/9/2022 3:00,2.056
3/9/2022 4:00,2.072
3/9/2022 5:00,2.106
3/9/2022 6:00,2.113
3/9/2022 7:00,2.056
3/9/2022 8:00,2.048
3/9/2022 9:00,2.121
3/9/2022 10:00,2.181
3/9/2022 11:00,2.23
3/9/2022 12:00,2.232
3/9/2022 13:00,2.248
3/9/2022 14:00,2.275
3/9/2022 15:00,2.315
3/9/2022 16:00,2.451
3/9/2022 17:00,2.575
3/9/2022 18:00,2.649
3/9/2022 19:00,2.687
3/9/2022 20:00,2.645
3/9/2022 21:00,2.6
3/9/2022 22:00,2.607
3/9/2022 23:00,2.611
3/10/2022 0:00,2.608
3/10/2022 1:00,2.614
3/10/2022 2:00,2.623
3/10/2022 3:00,2.632
3/10/2022 4:00,2.655
3/10/2022 5:00,2.667
3/10/2022 6:00,2.632
3/10/2022 7:00,2.575
3/10/2022 8:00,2.561
3/10/2022 9:00,2.54
3/10/2022 10:00,2.51
3/10/2022 11:00,2.457
3/10/2022 12:00,2.427
3/10/2022 13:00,2.416
3/10/2022 14:00,2.4
3/10/2022 15:00,2.399
3/10/2022 16:00,2.431
3/10/2022 17:00,2.466
3/10/2022 18:00,2.497
3/10/2022 19:00,2.51
3/10/2022 20:00,2.492
3/10/2022 21:00,2.495
3/10/2022 22:00,2.496
3/10/2022 23:00,2.491
3/11/2022 0:00,2.469
3/11/2022 1:00,2.438
3/11/2022 2:00,2.398
3/11/2022 3:00,2.361
3/11/2022 4:00,2.332
3/11/2022 5:00,2.318
3/11/2022 6:00,2.295
3/11/2022 7:00,2.264
3/11/2022 8:00,2.269
3/11/2022 9:00,2.258
3/11/2022 10:00,2.196
3/11/2022 11:00,2.121
3/11/2022 12:00,2.097
3/11/2022 13:00,2.089
3/11/2022 14:00,2.084
3/11/2022 15:00,2.118
3/11/2022 16:00,2.378
3/11/2022 17:00,2.553
3/11/2022 18:00,2.643
3/11/2022 19:00,2.682
3/11/2022 20:00,2.686
3/11/2022 21:00,2.727
3/11/2022 22:00,2.742
3/11/2022 23:00,2.732
3/12/2022 0:00,2.73
3/12/2022 1:00,2.698
3/12/2022 2:00,2.706
3/12/2022 3:00,2.677
3/12/2022 4:00,2.602
3/12/2022 5:00,2.585
3/12/2022 6:00,2.54
3/12/2022 7:00,2.512
3/12/2022 8:00,2.507
3/12/2022 9:00,2.486
3/12/2022 10:00,2.448
3/12/2022 11:00,2.397
3/12/2022 12:00,2.365
3/12/2022 13:00,2.324
3/12/2022 14:00,2.31
3/12/2022 15:00,2.321
3/12/2022 16:00,2.459
3/12/2022 17:00,2.559
3/12/2022 18:00,2.575
3/12/2022 19:00,2.551
3/12/2022 20:00,2.501
3/12/2022 21:00,2.479
3/12/2022 22:00,2.403
3/12/2022 23:00,2.304
3/13/2022 0:00,2.249
3/13/2022 1:00,2.086
3/13/2022 2:00,2.008
3/13/2022 3:00,1.97
3/13/2022 4:00,1.952
3/13/2022 5:00,1.945
3/13/2022 6:00,1.958
3/13/2022 7:00,1.97
3/13/2022 8:00,2.008
3/13/2022 9:00,2.032
3/13/2022 10:00,1.94
3/13/2022 11:00,1.858
3/13/2022 12:00,1.828
3/13/2022 13:00,1.807
3/13/2022 14:00,1.802
3/13/2022 15:00,1.834
3/13/2022 16:00,1.937
3/13/2022 17:00,2.074
3/13/2022 18:00,2.128
3/13/2022 19:00,2.145
3/13/2022 20:00,2.16
3/13/2022 21:00,2.187
3/13/2022 22:00,2.214
3/13/2022 23:00,2.202
3/14/2022 0:00,2.173
3/14/2022 1:00,2.112
3/14/2022 2:00,2.051
3/14/2022 3:00,1.988
3/14/2022 4:00,1.957
3/14/2022 5:00,1.92
3/14/2022 6:00,1.881
3/14/2022 7:00,1.804
3/14/2022 8:00,1.743
3/14/2022 9:00,1.649
3/14/2022 10:00,1.548
3/14/2022 11:00,1.458
3/14/2022 12:00,1.374
3/14/2022 13:00,1.317
3/14/2022 14:00,1.286
3/14/2022 15:00,1.424
3/14/2022 16:00,1.571
3/14/2022 17:00,1.65
3/14/2022 18:00,1.618
3/14/2022 19:00,1.524
3/14/2022 20:00,1.438
3/14/2022 21:00,1.425
3/14/2022 22:00,1.52
3/14/2022 23:00,1.555
3/15/2022 0:00,1.565
3/15/2022 1:00,1.608
3/15/2022 2:00,1.582
3/15/2022 3:00,1.543
3/15/2022 4:00,1.529
3/15/2022 5:00,1.567
3/15/2022 6:00,1.57
3/15/2022 7:00,1.521
3/15/2022 8:00,1.439
3/15/2022 9:00,1.424
3/15/2022 10:00,1.39
3/15/2022 11:00,1.315
3/15/2022 12:00,1.233
3/15/2022 13:00,1.14
3/15/2022 14:00,1.129
3/15/2022 15:00,1.203
3/15/2022 16:00,1.311
3/15/2022 17:00,1.435
3/15/2022 18:00,1.536
3/15/2022 19:00,1.64
3/15/2022 20:00,1.738
3/15/2022 21:00,1.768
3/15/2022 22:00,1.769
3/15/2022 23:00,1.766
3/16/2022 0:00,1.805
3/16/2022 1:00,1.868
3/16/2022 2:00,1.939
3/16/2022 3:00,1.987
3/16/2022 4:00,2.024
3/16/2022 5:00,2.071
3/16/2022 6:00,2.075
3/16/2022 7:00,2.064
3/16/2022 8:00,2.075
3/16/2022 9:00,2.101
3/16/2022 10:00,2.095
3/16/2022 11:00,2.067
3/16/2022 12:00,2.024
3/16/2022 13:00,1.989
3/16/2022 14:00,1.933
3/16/2022 15:00,1.902
3/16/2022 16:00,1.924
3/16/2022 17:00,1.982
3/16/2022 18:00,2.007
3/16/2022 19:00,2.036
3/16/2022 20:00,2.053
3/16/2022 21:00,2.082
3/16/2022 22:00,2.074
3/16/2022 23:00,2.046
3/17/2022 0:00,2.05
3/17/2022 1:00,2.051
3/17/2022 2:00,2.073
3/17/2022 3:00,2.037
3/17/2022 4:00,2.019
3/17/2022 5:00,2.038
3/17/2022 6:00,2.113
3/17/2022 7:00,2.227
3/17/2022 8:00,2.353
3/17/2022 9:00,2.438
3/17/2022 10:00,2.44
3/17/2022 11:00,2.352
3/17/2022 12:00,2.128
3/17/2022 13:00,1.94
3/17/2022 14:00,1.85
3/17/2022 15:00,1.844
3/17/2022 16:00,1.799
3/17/2022 17:00,1.756
3/17/2022 18:00,1.81
3/17/2022 19:00,1.944
3/17/2022 20:00,1.983
3/17/2022 21:00,2.03
3/17/2022 22:00,2.065
3/17/2022 23:00,2.105
3/18/2022 0:00,2.082
3/18/2022 1:00,2.047
3/18/2022 2:00,1.983
3/18/2022 3:00,1.961
3/18/2022 4:00,1.972
3/18/2022 5:00,1.986
3/18/2022 6:00,2.023
3/18/2022 7:00,2.01
3/18/2022 8:00,1.91
3/18/2022 9:00,1.883
3/18/2022 10:00,1.903
3/18/2022 11:00,1.913
3/18/2022 12:00,1.893
3/18/2022 13:00,1.847
3/18/2022 14:00,1.776
3/18/2022 15:00,1.714
3/18/2022 16:00,1.846
3/18/2022 17:00,2.079
3/18/2022 18:00,2.21
3/18/2022 19:00,2.303
3/18/2022 20:00,2.371
3/18/2022 21:00,2.442
3/18/2022 22:00,2.497
3/18/2022 23:00,2.536
3/19/2022 0:00,2.551
3/19/2022 1:00,2.623
3/19/2022 2:00,2.706
3/19/2022 3:00,2.768
3/19/2022 4:00,2.774
3/19/2022 5:00,2.725
3/19/2022 6:00,2.542
3/19/2022 7:00,2.329
3/19/2022 8:00,2.159
3/19/2022 9:00,2.021
3/19/2022 10:00,1.876
3/19/2022 11:00,1.781
3/19/2022 12:00,1.705
3/19/2022 13:00,1.638
3/19/2022 14:00,1.588
3/19/2022 15:00,1.564
3/19/2022 16:00,1.637
3/19/2022 17:00,1.709
3/19/2022 18:00,1.717
3/19/2022 19:00,1.677
3/19/2022 20:00,1.63
3/19/2022 21:00,1.626
3/19/2022 22:00,1.679
3/19/2022 23:00,1.712
3/20/2022 0:00,1.746
3/20/2022 1:00,1.771
3/20/2022 2:00,1.763
3/20/2022 3:00,1.748
3/20/2022 4:00,1.725
3/20/2022 5:00,1.732
3/20/2022 6:00,1.72
3/20/2022 7:00,1.676
3/20/2022 8:00,1.568
3/20/2022 9:00,1.479
3/20/2022 10:00,1.444
3/20/2022 11:00,1.433
3/20/2022 12:00,1.421
3/20/2022 13:00,1.4
3/20/2022 14:00,1.369
3/20/2022 15:00,1.362
3/20/2022 16:00,1.54
3/20/2022 17:00,1.733
3/20/2022 18:00,1.831
3/20/2022 19:00,1.902
3/20/2022 20:00,1.943
3/20/2022 21:00,1.994
3/20/2022 22:00,2.048
3/20/2022 23:00,2.091
3/21/2022 0:00,2.096
3/21/2022 1:00,2.083
3/21/2022 2:00,2.103
3/21/2022 3:00,2.206
3/21/2022 4:00,2.267
3/21/2022 5:00,2.266
3/21/2022 6:00,2.082
3/21/2022 7:00,1.922
3/21/2022 8:00,1.796
3/21/2022 9:00,1.715
3/21/2022 10:00,1.667
3/21/2022 11:00,1.617
3/21/2022 12:00,1.586
3/21/2022 13:00,1.539
3/21/2022 14:00,1.486
3/21/2022 15:00,1.426
3/21/2022 16:00,1.457
3/21/2022 17:00,1.663
3/21/2022 18:00,1.719
3/21/2022 19:00,1.774
3/21/2022 20:00,1.824
3/21/2022 21:00,1.839
3/21/2022 22:00,1.808
3/21/2022 23:00,1.747
3/22/2022 0:00,1.655
3/22/2022 1:00,1.583
3/22/2022 2:00,1.494
3/22/2022 3:00,1.412
3/22/2022 4:00,1.299
3/22/2022 5:00,1.201
3/22/2022 6:00,1.104
3/22/2022 7:00,1.102
3/22/2022 8:00,1.113
3/22/2022 9:00,1.12
3/22/2022 10:00,1.098
3/22/2022 11:00,1.073
3/22/2022 12:00,1.066
3/22/2022 13:00,1.043
3/22/2022 14:00,1.008
3/22/2022 15:00,0.966
3/22/2022 16:00,1.009
3/22/2022 17:00,1.154
3/22/2022 18:00,1.246
3/22/2022 19:00,1.231
3/22/2022 20:00,1.223
3/22/2022 21:00,1.315
3/22/2022 22:00,1.429
3/22/2022 23:00,1.5
3/23/2022 0:00,1.555
3/23/2022 1:00,1.605
3/23/2022 2:00,1.64
3/23/2022 3:00,1.679
3/23/2022 4:00,1.697
3/23/2022 5:00,1.688
3/23/2022 6:00,1.601
3/23/2022 7:00,1.484
3/23/2022 8:00,1.434
3/23/2022 9:00,1.4
3/23/2022 10:00,1.375
3/23/2022 11:00,1.358
3/23/2022 12:00,1.335
3/23/2022 13:00,1.31
3/23/2022 14:00,1.302
3/23/2022 15:00,1.328
3/23/2022 16:00,1.451
3/23/2022 17:00,1.598
3/23/2022 18:00,1.617
3/23/2022 19:00,1.561
3/23/2022 20:00,1.545
3/23/2022 21:00,1.518
3/23/2022 22:00,1.513
3/23/2022 23:00,1.508
3/24/2022 0:00,1.496
3/24/2022 1:00,1.482
3/24/2022 2:00,1.457
3/24/2022 3:00,1.409
3/24/2022 4:00,1.365
3/24/2022 5:00,1.325
3/24/2022 6:00,1.262
3/24/2022 7:00,1.199
3/24/2022 8:00,1.156
3/24/2022 9:00,1.14
3/24/2022 10:00,1.137
3/24/2022 11:00,1.118
3/24/2022 12:00,1.101
3/24/2022 13:00,1.091
3/24/2022 14:00,1.101
3/24/2022 15:00,1.107
3/24/2022 16:00,1.25
3/24/2022 17:00,1.312
3/24/2022 18:00,1.273
3/24/2022 19:00,1.237
3/24/2022 20:00,1.247
3/24/2022 21:00,1.273
3/24/2022 22:00,1.293
3/24/2022 23:00,1.341
3/25/2022 0:00,1.401
3/25/2022 1:00,1.442
3/25/2022 2:00,1.51
3/25/2022 3:00,1.596
3/25/2022 4:00,1.648
3/25/2022 5:00,1.67
3/25/2022 6:00,1.66
3/25/2022 7:00,1.638
3/25/2022 8:00,1.621
3/25/2022 9:00,1.692
3/25/2022 10:00,1.776
3/25/2022 11:00,1.845
3/25/2022 12:00,1.918
3/25/2022 13:00,1.976
3/25/2022 14:00,2.007
3/25/2022 15:00,2
3/25/2022 16:00,2.001
3/25/2022 17:00,2.031
3/25/2022 18:00,2.127
3/25/2022 19:00,2.152
3/25/2022 20:00,2.108
3/25/2022 21:00,2.089
3/25/2022 22:00,2.103
3/25/2022 23:00,2.11
3/26/2022 0:00,2.113
3/26/2022 1:00,2.103
3/26/2022 2:00,2.082
3/26/2022 3:00,2.052
3/26/2022 4:00,1.996
3/26/2022 5:00,1.889
3/26/2022 6:00,1.708
3/26/2022 7:00,1.564
3/26/2022 8:00,1.495
3/26/2022 9:00,1.384
3/26/2022 10:00,1.242
3/26/2022 11:00,1.136
3/26/2022 12:00,1.054
3/26/2022 13:00,1.001
3/26/2022 14:00,0.966
3/26/2022 15:00,0.894
3/26/2022 16:00,0.871
3/26/2022 17:00,0.952
3/26/2022 18:00,1.085
3/26/2022 19:00,1.171
3/26/2022 20:00,1.253
3/26/2022 21:00,1.248
3/26/2022 22:00,1.181
3/26/2022 23:00,1.225
3/27/2022 0:00,1.337
3/27/2022 1:00,1.512
3/27/2022 2:00,1.603
3/27/2022 3:00,1.7
3/27/2022 4:00,1.742
3/27/2022 5:00,1.692
3/27/2022 6:00,1.713
3/27/2022 7:00,1.72
3/27/2022 8:00,1.715
3/27/2022 9:00,1.772
3/27/2022 10:00,1.84
3/27/2022 11:00,1.914
3/27/2022 12:00,1.98
3/27/2022 13:00,2.02
3/27/2022 14:00,2.05
3/27/2022 15:00,2.074
3/27/2022 16:00,2.114
3/27/2022 17:00,2.177
3/27/2022 18:00,2.22
3/27/2022 19:00,2.261
3/27/2022 20:00,2.328
3/27/2022 21:00,2.393
3/27/2022 22:00,2.413
3/27/2022 23:00,2.448
3/28/2022 0:00,2.5
3/28/2022 1:00,2.555
3/28/2022 2:00,2.625
3/28/2022 3:00,2.646
3/28/2022 4:00,2.68
3/28/2022 5:00,2.669
3/28/2022 6:00,2.612
3/28/2022 7:00,2.579
3/28/2022 8:00,2.56
3/28/2022 9:00,2.565
3/28/2022 10:00,2.542
3/28/2022 11:00,2.5
3/28/2022 12:00,2.431
3/28/2022 13:00,2.343
3/28/2022 14:00,2.231
3/28/2022 15:00,2.103
3/28/2022 16:00,1.972
3/28/2022 17:00,1.86
3/28/2022 18:00,1.804
3/28/2022 19:00,1.788
3/28/2022 20:00,1.763
3/28/2022 21:00,1.713
3/28/2022 22:00,1.641
3/28/2022 23:00,1.604
3/29/2022 0:00,1.576
3/29/2022 1:00,1.562
3/29/2022 2:00,1.534
3/29/2022 3:00,1.486
3/29/2022 4:00,1.451
3/29/2022 5:00,1.435
3/29/2022 6:00,1.384
3/29/2022 7:00,1.408
3/29/2022 8:00,1.498
3/29/2022 9:00,1.547
3/29/2022 10:00,1.591
3/29/2022 11:00,1.648
3/29/2022 12:00,1.699
3/29/2022 13:00,1.722
3/29/2022 14:00,1.708
3/29/2022 15:00,1.657
3/29/2022 16:00,1.614
3/29/2022 17:00,1.713
3/29/2022 18:00,1.714
3/29/2022 19:00,1.672
3/29/2022 20:00,1.639
3/29/2022 21:00,1.617
3/29/2022 22:00,1.585
3/29/2022 23:00,1.561
3/30/2022 0:00,1.524
3/30/2022 1:00,1.524
3/30/2022 2:00,1.538
3/30/2022 3:00,1.541
3/30/2022 4:00,1.543
3/30/2022 5:00,1.516
3/30/2022 6:00,1.463
3/30/2022 7:00,1.485
3/30/2022 8:00,1.521
3/30/2022 9:00,1.47
3/30/2022 10:00,1.414
3/30/2022 11:00,1.364
3/30/2022 12:00,1.342
3/30/2022 13:00,1.375
3/30/2022 14:00,1.385
3/30/2022 15:00,1.341
3/30/2022 16:00,1.266
3/30/2022 17:00,1.28
3/30/2022 18:00,1.323
3/30/2022 19:00,1.355
3/30/2022 20:00,1.379
3/30/2022 21:00,1.375
3/30/2022 22:00,1.348
3/30/2022 23:00,1.32
3/31/2022 0:00,1.307
3/31/2022 1:00,1.297
3/31/2022 2:00,1.296
3/31/2022 3:00,1.296
3/31/2022 4:00,1.283
3/31/2022 5:00,1.235
3/31/2022 6:00,1.12
3/31/2022 7:00,1.068
3/31/2022 8:00,1.045
3/31/2022 9:00,1.009
3/31/2022 10:00,1.005
3/31/2022 11:00,1.027
3/31/2022 12:00,1.07
3/31/2022 13:00,1.122
3/31/2022 14:00,1.145
3/31/2022 15:00,1.11
3/31/2022 16:00,1.053
3/31/2022 17:00,1.113
3/31/2022 18:00,1.166
3/31/2022 19:00,1.158
3/31/2022 20:00,1.135
3/31/2022 21:00,1.144
3/31/2022 22:00,1.125
3/31/2022 23:00,1.102
4/1/2022 0:00,1.077
4/1/2022 1:00,1.065
4/1/2022 2:00,1.071
4/1/2022 3:00,1.078
4/1/2022 4:00,1.079
4/1/2022 5:00,0.995
4/1/2022 6:00,0.887
4/1/2022 7:00,0.857
4/1/2022 8:00,0.861
4/1/2022 9:00,0.816
4/1/2022 10:00,0.795
4/1/2022 11:00,0.814
4/1/2022 12:00,0.852
4/1/2022 13:00,0.9
4/1/2022 14:00,0.939
4/1/2022 15:00,0.942
4/1/2022 16:00,0.946
4/1/2022 17:00,1.165
4/1/2022 18:00,1.242
4/1/2022 19:00,1.231
4/1/2022 20:00,1.193
4/1/2022 21:00,1.174
4/1/2022 22:00,1.206
4/1/2022 23:00,1.26
4/2/2022 0:00,1.305
4/2/2022 1:00,1.312
4/2/2022 2:00,1.274
4/2/2022 3:00,1.272
4/2/2022 4:00,1.23
4/2/2022 5:00,1.132
4/2/2022 6:00,1.076
4/2/2022 7:00,1.135
4/2/2022 8:00,1.248
4/2/2022 9:00,1.333
4/2/2022 10:00,1.405
4/2/2022 11:00,1.427
4/2/2022 12:00,1.433
4/2/2022 13:00,1.432
4/2/2022 14:00,1.426
4/2/2022 15:00,1.407
4/2/2022 16:00,1.498
4/2/2022 17:00,1.577
4/2/2022 18:00,1.542
4/2/2022 19:00,1.47
4/2/2022 20:00,1.415
4/2/2022 21:00,1.41
4/2/2022 22:00,1.424
4/2/2022 23:00,1.446
4/3/2022 0:00,1.451
4/3/2022 1:00,1.456
4/3/2022 2:00,1.451
4/3/2022 3:00,1.443
4/3/2022 4:00,1.438
4/3/2022 5:00,1.398
4/3/2022 6:00,1.321
4/3/2022 7:00,1.387
4/3/2022 8:00,1.54
4/3/2022 9:00,1.667
4/3/2022 10:00,1.752
4/3/2022 11:00,1.808
4/3/2022 12:00,1.819
4/3/2022 13:00,1.799
4/3/2022 14:00,1.74
4/3/2022 15:00,1.64
4/3/2022 16:00,1.577
4/3/2022 17:00,1.585
4/3/2022 18:00,1.658
4/3/2022 19:00,1.718
4/3/2022 20:00,1.734
4/3/2022 21:00,1.757
4/3/2022 22:00,1.756
4/3/2022 23:00,1.789
4/4/2022 0:00,1.813
4/4/2022 1:00,1.733
4/4/2022 2:00,1.546
4/4/2022 3:00,1.396
4/4/2022 4:00,1.38
4/4/2022 5:00,1.499
4/4/2022 6:00,1.599
4/4/2022 7:00,1.699
4/4/2022 8:00,1.843
4/4/2022 9:00,1.975
4/4/2022 10:00,2.133
4/4/2022 11:00,2.298
4/4/2022 12:00,2.412
4/4/2022 13:00,2.464
4/4/2022 14:00,2.454
4/4/2022 15:00,2.406
4/4/2022 16:00,2.351
4/4/2022 17:00,2.293
4/4/2022 18:00,2.187
4/4/2022 19:00,2.053
4/4/2022 20:00,1.943
4/4/2022 21:00,1.879
4/4/2022 22:00,1.839
4/4/2022 23:00,1.824
4/5/2022 0:00,1.861
4/5/2022 1:00,1.877
4/5/2022 2:00,1.871
4/5/2022 3:00,1.815
4/5/2022 4:00,1.774
4/5/2022 5:00,1.763
4/5/2022 6:00,1.754
4/5/2022 7:00,1.856
4/5/2022 8:00,1.951
4/5/2022 9:00,1.97
4/5/2022 10:00,1.97
4/5/2022 11:00,1.951
4/5/2022 12:00,1.932
4/5/2022 13:00,1.907
4/5/2022 14:00,1.867
4/5/2022 15:00,1.802
4/5/2022 16:00,1.686
4/5/2022 17:00,1.625
4/5/2022 18:00,1.626
4/5/2022 19:00,1.557
4/5/2022 20:00,1.46
4/5/2022 21:00,1.387
4/5/2022 22:00,1.378
4/5/2022 23:00,1.381
4/6/2022 0:00,1.407
4/6/2022 1:00,1.443
4/6/2022 2:00,1.474
4/6/2022 3:00,1.473
4/6/2022 4:00,1.479
4/6/2022 5:00,1.471
4/6/2022 6:00,1.456
4/6/2022 7:00,1.498
4/6/2022 8:00,1.578
4/6/2022 9:00,1.61
4/6/2022 10:00,1.626
4/6/2022 11:00,1.621
4/6/2022 12:00,1.586
4/6/2022 13:00,1.534
4/6/2022 14:00,1.477
4/6/2022 15:00,1.387
4/6/2022 16:00,1.317
4/6/2022 17:00,1.462
4/6/2022 18:00,1.551
4/6/2022 19:00,1.541
4/6/2022 20:00,1.517
4/6/2022 21:00,1.524
4/6/2022 22:00,1.577
4/6/2022 23:00,1.624
4/7/2022 0:00,1.652
4/7/2022 1:00,1.696
4/7/2022 2:00,1.712
4/7/2022 3:00,1.729
4/7/2022 4:00,1.746
4/7/2022 5:00,1.761
4/7/2022 6:00,1.797
4/7/2022 7:00,1.905
4/7/2022 8:00,2.021
4/7/2022 9:00,2.054
4/7/2022 10:00,2.03
4/7/2022 11:00,1.978
4/7/2022 12:00,1.949
4/7/2022 13:00,1.949
4/7/2022 14:00,1.96
4/7/2022 15:00,1.977
4/7/2022 16:00,1.971
4/7/2022 17:00,1.968
4/7/2022 18:00,1.982
4/7/2022 19:00,1.979
4/7/2022 20:00,1.948
4/7/2022 21:00,1.91
4/7/2022 22:00,1.86
4/7/2022 23:00,1.836
4/8/2022 0:00,1.836
4/8/2022 1:00,1.874
4/8/2022 2:00,1.901
4/8/2022 3:00,1.887
4/8/2022 4:00,1.874
4/8/2022 5:00,1.868
4/8/2022 6:00,1.844
4/8/2022 7:00,1.92
4/8/2022 8:00,1.998
4/8/2022 9:00,2.073
4/8/2022 10:00,2.192
4/8/2022 11:00,2.329
4/8/2022 12:00,2.445
4/8/2022 13:00,2.516
4/8/2022 14:00,2.541
4/8/2022 15:00,2.517
4/8/2022 16:00,2.467
4/8/2022 17:00,2.453
4/8/2022 18:00,2.449
4/8/2022 19:00,2.423
4/8/2022 20:00,2.407
4/8/2022 21:00,2.375
4/8/2022 22:00,2.346
4/8/2022 23:00,2.331
4/9/2022 0:00,2.34
4/9/2022 1:00,2.367
4/9/2022 2:00,2.39
4/9/2022 3:00,2.407
4/9/2022 4:00,2.437
4/9/2022 5:00,2.435
4/9/2022 6:00,2.455
4/9/2022 7:00,2.499
4/9/2022 8:00,2.519
4/9/2022 9:00,2.527
4/9/2022 10:00,2.491
4/9/2022 11:00,2.465
4/9/2022 12:00,2.452
4/9/2022 13:00,2.47
4/9/2022 14:00,2.503
4/9/2022 15:00,2.543
4/9/2022 16:00,2.571
4/9/2022 17:00,2.593
4/9/2022 18:00,2.583
4/9/2022 19:00,2.565
4/9/2022 20:00,2.547
4/9/2022 21:00,2.533
4/9/2022 22:00,2.526
4/9/2022 23:00,2.53
4/10/2022 0:00,2.559
4/10/2022 1:00,2.587
4/10/2022 2:00,2.6
4/10/2022 3:00,2.577
4/10/2022 4:00,2.55
4/10/2022 5:00,2.536
4/10/2022 6:00,2.558
4/10/2022 7:00,2.572
4/10/2022 8:00,2.586
4/10/2022 9:00,2.588
4/10/2022 10:00,2.581
4/10/2022 11:00,2.567
4/10/2022 12:00,2.541
4/10/2022 13:00,2.516
4/10/2022 14:00,2.465
4/10/2022 15:00,2.382
4/10/2022 16:00,2.266
4/10/2022 17:00,2.179
4/10/2022 18:00,2.161
4/10/2022 19:00,2.117
4/10/2022 20:00,2.067
4/10/2022 21:00,2.017
4/10/2022 22:00,1.984
4/10/2022 23:00,1.945
4/11/2022 0:00,1.937
4/11/2022 1:00,1.913
4/11/2022 2:00,1.888
4/11/2022 3:00,1.842
4/11/2022 4:00,1.807
4/11/2022 5:00,1.732
4/11/2022 6:00,1.656
4/11/2022 7:00,1.742
4/11/2022 8:00,1.712
4/11/2022 9:00,1.604
4/11/2022 10:00,1.508
4/11/2022 11:00,1.445
4/11/2022 12:00,1.402
4/11/2022 13:00,1.364
4/11/2022 14:00,1.323
4/11/2022 15:00,1.267
4/11/2022 16:00,1.192
4/11/2022 17:00,1.24
4/11/2022 18:00,1.305
4/11/2022 19:00,1.267
4/11/2022 20:00,1.184
4/11/2022 21:00,1.155
4/11/2022 22:00,1.162
4/11/2022 23:00,1.212
4/12/2022 0:00,1.253
4/12/2022 1:00,1.263
4/12/2022 2:00,1.249
4/12/2022 3:00,1.231
4/12/2022 4:00,1.243
4/12/2022 5:00,1.193
4/12/2022 6:00,1.103
4/12/2022 7:00,1.097
4/12/2022 8:00,1.106
4/12/2022 9:00,1.111
4/12/2022 10:00,1.106
4/12/2022 11:00,1.112
4/12/2022 12:00,1.091
4/12/2022 13:00,1.031
4/12/2022 14:00,0.992
4/12/2022 15:00,0.896
4/12/2022 16:00,0.85
4/12/2022 17:00,1.087
4/12/2022 18:00,1.327
4/12/2022 19:00,1.422
4/12/2022 20:00,1.503
4/12/2022 21:00,1.559
4/12/2022 22:00,1.618
4/12/2022 23:00,1.681
4/13/2022 0:00,1.747
4/13/2022 1:00,1.746
4/13/2022 2:00,1.693
4/13/2022 3:00,1.642
4/13/2022 4:00,1.659
4/13/2022 5:00,1.629
4/13/2022 6:00,1.622
4/13/2022 7:00,1.624
4/13/2022 8:00,1.664
4/13/2022 9:00,1.676
4/13/2022 10:00,1.683
4/13/2022 11:00,1.625
4/13/2022 12:00,1.52
4/13/2022 13:00,1.441
4/13/2022 14:00,1.375
4/13/2022 15:00,1.31
4/13/2022 16:00,1.249
4/13/2022 17:00,1.212
4/13/2022 18:00,1.2
4/13/2022 19:00,1.185
4/13/2022 20:00,1.149
4/13/2022 21:00,1.14
4/13/2022 22:00,1.133
4/13/2022 23:00,1.105
4/14/2022 0:00,1.089
4/14/2022 1:00,1.074
4/14/2022 2:00,1.044
4/14/2022 3:00,1.028
4/14/2022 4:00,1.01
4/14/2022 5:00,0.955
4/14/2022 6:00,0.916
4/14/2022 7:00,0.966
4/14/2022 8:00,0.996
4/14/2022 9:00,1.016
4/14/2022 10:00,0.992
4/14/2022 11:00,0.93
4/14/2022 12:00,0.888
4/14/2022 13:00,0.858
4/14/2022 14:00,0.821
4/14/2022 15:00,0.766
4/14/2022 16:00,0.701
4/14/2022 17:00,0.701
4/14/2022 18:00,0.833
4/14/2022 19:00,0.911
4/14/2022 20:00,0.931
4/14/2022 21:00,0.962
4/14/2022 22:00,0.982
4/14/2022 23:00,1.005
4/15/2022 0:00,1.034
4/15/2022 1:00,1.078
4/15/2022 2:00,1.134
4/15/2022 3:00,1.22
4/15/2022 4:00,1.229
4/15/2022 5:00,1.145
4/15/2022 6:00,1.086
4/15/2022 7:00,1.024
4/15/2022 8:00,0.936
4/15/2022 9:00,0.848
4/15/2022 10:00,0.786
4/15/2022 11:00,0.737
4/15/2022 12:00,0.69
4/15/2022 13:00,0.645
4/15/2022 14:00,0.601
4/15/2022 15:00,0.565
4/15/2022 16:00,0.556
4/15/2022 17:00,0.739
4/15/2022 18:00,0.914
4/15/2022 19:00,0.947
4/15/2022 20:00,0.975
4/15/2022 21:00,1.057
4/15/2022 22:00,1.177
4/15/2022 23:00,1.294
4/16/2022 0:00,1.378
4/16/2022 1:00,1.442
4/16/2022 2:00,1.472
4/16/2022 3:00,1.506
4/16/2022 4:00,1.544
4/16/2022 5:00,1.468
4/16/2022 6:00,1.365
4/16/2022 7:00,1.344
4/16/2022 8:00,1.314
4/16/2022 9:00,1.268
4/16/2022 10:00,1.266
4/16/2022 11:00,1.272
4/16/2022 12:00,1.29
4/16/2022 13:00,1.297
4/16/2022 14:00,1.28
4/16/2022 15:00,1.262
4/16/2022 16:00,1.239
4/16/2022 17:00,1.271
4/16/2022 18:00,1.46
4/16/2022 19:00,1.529
4/16/2022 20:00,1.561
4/16/2022 21:00,1.537
4/16/2022 22:00,1.511
4/16/2022 23:00,1.509
4/17/2022 0:00,1.483
4/17/2022 1:00,1.455
4/17/2022 2:00,1.397
4/17/2022 3:00,1.374
4/17/2022 4:00,1.371
4/17/2022 5:00,1.338
4/17/2022 6:00,1.297
4/17/2022 7:00,1.281
4/17/2022 8:00,1.216
4/17/2022 9:00,1.116
4/17/2022 10:00,1.051
4/17/2022 11:00,1.019
4/17/2022 12:00,0.995
4/17/2022 13:00,0.961
4/17/2022 14:00,0.925
4/17/2022 15:00,0.897
4/17/2022 16:00,0.875
4/17/2022 17:00,0.917
4/17/2022 18:00,1.071
4/17/2022 19:00,1.201
4/17/2022 20:00,1.335
4/17/2022 21:00,1.459
4/17/2022 22:00,1.52
4/17/2022 23:00,1.52
4/18/2022 0:00,1.5
4/18/2022 1:00,1.483
4/18/2022 2:00,1.453
4/18/2022 3:00,1.372
4/18/2022 4:00,1.37
4/18/2022 5:00,1.329
4/18/2022 6:00,1.258
4/18/2022 7:00,1.182
4/18/2022 8:00,1.146
4/18/2022 9:00,1.121
4/18/2022 10:00,1.101
4/18/2022 11:00,1.101
4/18/2022 12:00,1.104
4/18/2022 13:00,1.097
4/18/2022 14:00,1.068
4/18/2022 15:00,1.03
4/18/2022 16:00,1.011
4/18/2022 17:00,1.091
4/18/2022 18:00,1.425
4/18/2022 19:00,1.569
4/18/2022 20:00,1.633
4/18/2022 21:00,1.654
4/18/2022 22:00,1.619
4/18/2022 23:00,1.518
4/19/2022 0:00,1.386
4/19/2022 1:00,1.35
4/19/2022 2:00,1.41
4/19/2022 3:00,1.462
4/19/2022 4:00,1.483
4/19/2022 5:00,1.233
4/19/2022 6:00,1.002
4/19/2022 7:00,0.862
4/19/2022 8:00,0.802
4/19/2022 9:00,0.747
4/19/2022 10:00,0.72
4/19/2022 11:00,0.703
4/19/2022 12:00,0.68
4/19/2022 13:00,0.641
4/19/2022 14:00,0.591
4/19/2022 15:00,0.545
4/19/2022 16:00,0.513
4/19/2022 17:00,0.667
4/19/2022 18:00,0.771
4/19/2022 19:00,0.799
4/19/2022 20:00,0.824
4/19/2022 21:00,0.835
4/19/2022 22:00,0.894
4/19/2022 23:00,0.981
4/20/2022 0:00,1.051
4/20/2022 1:00,1.115
4/20/2022 2:00,1.176
4/20/2022 3:00,1.195
4/20/2022 4:00,1.15
4/20/2022 5:00,0.952
4/20/2022 6:00,0.785
4/20/2022 7:00,0.655
4/20/2022 8:00,0.595
4/20/2022 9:00,0.569
4/20/2022 10:00,0.557
4/20/2022 11:00,0.555
4/20/2022 12:00,0.55
4/20/2022 13:00,0.536
4/20/2022 14:00,0.522
4/20/2022 15:00,0.495
4/20/2022 16:00,0.487
4/20/2022 17:00,0.682
4/20/2022 18:00,1.009
4/20/2022 19:00,1.098
4/20/2022 20:00,1.064
4/20/2022 21:00,1.086
4/20/2022 22:00,1.132
4/20/2022 23:00,1.158
4/21/2022 0:00,1.177
4/21/2022 1:00,1.204
4/21/2022 2:00,1.249
4/21/2022 3:00,1.268
4/21/2022 4:00,1.136
4/21/2022 5:00,1.011
4/21/2022 6:00,0.958
4/21/2022 7:00,0.91
4/21/2022 8:00,0.905
4/21/2022 9:00,0.93
4/21/2022 10:00,0.948
4/21/2022 11:00,0.956
4/21/2022 12:00,0.969
4/21/2022 13:00,0.98
4/21/2022 14:00,0.988
4/21/2022 15:00,0.986
4/21/2022 16:00,0.968
4/21/2022 17:00,0.993
4/21/2022 18:00,1.162
4/21/2022 19:00,1.265
4/21/2022 20:00,1.303
4/21/2022 21:00,1.328
4/21/2022 22:00,1.346
4/21/2022 23:00,1.36
4/22/2022 0:00,1.394
4/22/2022 1:00,1.415
4/22/2022 2:00,1.443
4/22/2022 3:00,1.417
4/22/2022 4:00,1.384
4/22/2022 5:00,1.312
4/22/2022 6:00,1.24
4/22/2022 7:00,1.189
4/22/2022 8:00,1.188
4/22/2022 9:00,1.191
4/22/2022 10:00,1.168
4/22/2022 11:00,1.141
4/22/2022 12:00,1.115
4/22/2022 13:00,1.092
4/22/2022 14:00,1.065
4/22/2022 15:00,1.025
4/22/2022 16:00,1.001
4/22/2022 17:00,1.013
4/22/2022 18:00,1.079
4/22/2022 19:00,1.145
4/22/2022 20:00,1.172
4/22/2022 21:00,1.213
4/22/2022 22:00,1.239
4/22/2022 23:00,1.25
4/23/2022 0:00,1.249
4/23/2022 1:00,1.246
4/23/2022 2:00,1.259
4/23/2022 3:00,1.288
4/23/2022 4:00,1.28
4/23/2022 5:00,1.263
4/23/2022 6:00,1.255
4/23/2022 7:00,1.282
4/23/2022 8:00,1.278
4/23/2022 9:00,1.219
4/23/2022 10:00,1.128
4/23/2022 11:00,1.038
4/23/2022 12:00,0.999
4/23/2022 13:00,1.037
4/23/2022 14:00,1.088
4/23/2022 15:00,1.117
4/23/2022 16:00,1.1
4/23/2022 17:00,1.075
4/23/2022 18:00,1.116
4/23/2022 19:00,1.186
4/23/2022 20:00,1.2
4/23/2022 21:00,1.246
4/23/2022 22:00,1.32
4/23/2022 23:00,1.388
4/24/2022 0:00,1.458
4/24/2022 1:00,1.489
4/24/2022 2:00,1.503
4/24/2022 3:00,1.499
4/24/2022 4:00,1.471
4/24/2022 5:00,1.417
4/24/2022 6:00,1.433
4/24/2022 7:00,1.437
4/24/2022 8:00,1.302
4/24/2022 9:00,1.132
4/24/2022 10:00,0.98
4/24/2022 11:00,0.887
4/24/2022 12:00,0.86
4/24/2022 13:00,0.877
4/24/2022 14:00,0.911
4/24/2022 15:00,0.942
4/24/2022 16:00,0.953
4/24/2022 17:00,1.014
4/24/2022 18:00,1.32
4/24/2022 19:00,1.371
4/24/2022 20:00,1.295
4/24/2022 21:00,1.209
4/24/2022 22:00,1.142
4/24/2022 23:00,1.097
4/25/2022 0:00,1.106
4/25/2022 1:00,1.136
4/25/2022 2:00,1.158
4/25/2022 3:00,1.151
4/25/2022 4:00,1.08
4/25/2022 5:00,0.897
4/25/2022 6:00,0.866
4/25/2022 7:00,0.949
4/25/2022 8:00,0.998
4/25/2022 9:00,1.044
4/25/2022 10:00,1.108
4/25/2022 11:00,1.177
4/25/2022 12:00,1.26
4/25/2022 13:00,1.346
4/25/2022 14:00,1.429
4/25/2022 15:00,1.496
4/25/2022 16:00,1.534
4/25/2022 17:00,1.545
4/25/2022 18:00,1.558
4/25/2022 19:00,1.575
4/25/2022 20:00,1.588
4/25/2022 21:00,1.531
4/25/2022 22:00,1.536
4/25/2022 23:00,1.571
4/26/2022 0:00,1.624
4/26/2022 1:00,1.666
4/26/2022 2:00,1.658
4/26/2022 3:00,1.629
4/26/2022 4:00,1.625
4/26/2022 5:00,1.654
4/26/2022 6:00,1.695
4/26/2022 7:00,1.7
4/26/2022 8:00,1.671
4/26/2022 9:00,1.644
4/26/2022 10:00,1.612
4/26/2022 11:00,1.602
4/26/2022 12:00,1.574
4/26/2022 13:00,1.534
4/26/2022 14:00,1.503
4/26/2022 15:00,1.483
4/26/2022 16:00,1.464
4/26/2022 17:00,1.407
4/26/2022 18:00,1.36
4/26/2022 19:00,1.354
4/26/2022 20:00,1.322
4/26/2022 21:00,1.313
4/26/2022 22:00,1.332
4/26/2022 23:00,1.351
4/27/2022 0:00,1.35
4/27/2022 1:00,1.336
4/27/2022 2:00,1.329
4/27/2022 3:00,1.307
4/27/2022 4:00,1.259
4/27/2022 5:00,1.227
4/27/2022 6:00,1.249
4/27/2022 7:00,1.268
4/27/2022 8:00,1.281
4/27/2022 9:00,1.305
4/27/2022 10:00,1.329
4/27/2022 11:00,1.371
4/27/2022 12:00,1.443
4/27/2022 13:00,1.516
4/27/2022 14:00,1.559
4/27/2022 15:00,1.584
4/27/2022 16:00,1.59
4/27/2022 17:00,1.581
4/27/2022 18:00,1.605
4/27/2022 19:00,1.65
4/27/2022 20:00,1.73
4/27/2022 21:00,1.726
4/27/2022 22:00,1.707
4/27/2022 23:00,1.681
4/28/2022 0:00,1.693
4/28/2022 1:00,1.727
4/28/2022 2:00,1.735
4/28/2022 3:00,1.71
4/28/2022 4:00,1.638
4/28/2022 5:00,1.575
4/28/2022 6:00,1.572
4/28/2022 7:00,1.646
4/28/2022 8:00,1.628
4/28/2022 9:00,1.561
4/28/2022 10:00,1.55
4/28/2022 11:00,1.575
4/28/2022 12:00,1.619
4/28/2022 13:00,1.653
4/28/2022 14:00,1.656
4/28/2022 15:00,1.62
4/28/2022 16:00,1.545
4/28/2022 17:00,1.467
4/28/2022 18:00,1.431
4/28/2022 19:00,1.399
4/28/2022 20:00,1.35
4/28/2022 21:00,1.331
4/28/2022 22:00,1.343
4/28/2022 23:00,1.367
4/29/2022 0:00,1.376
4/29/2022 1:00,1.375
4/29/2022 2:00,1.353
4/29/2022 3:00,1.332
4/29/2022 4:00,1.232
4/29/2022 5:00,1.11
4/29/2022 6:00,1.115
4/29/2022 7:00,1.124
4/29/2022 8:00,1.115
4/29/2022 9:00,1.103
4/29/2022 10:00,1.116
4/29/2022 11:00,1.138
4/29/2022 12:00,1.162
4/29/2022 13:00,1.185
4/29/2022 14:00,1.212
4/29/2022 15:00,1.242
4/29/2022 16:00,1.267
4/29/2022 17:00,1.304
4/29/2022 18:00,1.445
4/29/2022 19:00,1.523
4/29/2022 20:00,1.527
4/29/2022 21:00,1.498
4/29/2022 22:00,1.454
4/29/2022 23:00,1.408
4/30/2022 0:00,1.427
4/30/2022 1:00,1.429
4/30/2022 2:00,1.396
4/30/2022 3:00,1.325
4/30/2022 4:00,1.237
4/30/2022 5:00,1.152
4/30/2022 6:00,1.142
4/30/2022 7:00,1.142
4/30/2022 8:00,1.076
4/30/2022 9:00,1.023
4/30/2022 10:00,0.998
4/30/2022 11:00,1.01
4/30/2022 12:00,1.045
4/30/2022 13:00,1.074
4/30/2022 14:00,1.077
4/30/2022 15:00,1.051
4/30/2022 16:00,1.014
4/30/2022 17:00,0.959
4/30/2022 18:00,1.023
4/30/2022 19:00,1.103
4/30/2022 20:00,1.112
4/30/2022 21:00,1.095
4/30/2022 22:00,1.098
4/30/2022 23:00,1.203
5/1/2022 0:00,1.331
5/1/2022 1:00,1.408
5/1/2022 2:00,1.435
5/1/2022 3:00,1.393
5/1/2022 4:00,1.227
5/1/2022 5:00,1.034
5/1/2022 6:00,0.956
5/1/2022 7:00,0.903
5/1/2022 8:00,0.82
5/1/2022 9:00,0.78
5/1/2022 10:00,0.802
5/1/2022 11:00,0.877
5/1/2022 12:00,0.978
5/1/2022 13:00,1.078
5/1/2022 14:00,1.162
5/1/2022 15:00,1.216
5/1/2022 16:00,1.242
5/1/2022 17:00,1.274
5/1/2022 18:00,1.33
5/1/2022 19:00,1.439
5/1/2022 20:00,1.485
5/1/2022 21:00,1.52
5/1/2022 22:00,1.553
5/1/2022 23:00,1.599
5/2/2022 0:00,1.634
5/2/2022 1:00,1.635
5/2/2022 2:00,1.673
5/2/2022 3:00,1.7
5/2/2022 4:00,1.688
5/2/2022 5:00,1.698
5/2/2022 6:00,1.787
5/2/2022 7:00,1.888
5/2/2022 8:00,1.975
5/2/2022 9:00,2.076
5/2/2022 10:00,2.182
5/2/2022 11:00,2.29
5/2/2022 12:00,2.411
5/2/2022 13:00,2.488
5/2/2022 14:00,2.497
5/2/2022 15:00,2.447
5/2/2022 16:00,2.364
5/2/2022 17:00,2.246
5/2/2022 18:00,2.135
5/2/2022 19:00,2.09
5/2/2022 20:00,2.034
5/2/2022 21:00,1.966
5/2/2022 22:00,1.891
5/2/2022 23:00,1.827
5/3/2022 0:00,1.768
5/3/2022 1:00,1.722
5/3/2022 2:00,1.663
5/3/2022 3:00,1.592
5/3/2022 4:00,1.488
5/3/2022 5:00,1.398
5/3/2022 6:00,1.431
5/3/2022 7:00,1.391
5/3/2022 8:00,1.311
5/3/2022 9:00,1.243
5/3/2022 10:00,1.223
5/3/2022 11:00,1.242
5/3/2022 12:00,1.266
5/3/2022 13:00,1.287
5/3/2022 14:00,1.305
5/3/2022 15:00,1.315
5/3/2022 16:00,1.3
5/3/2022 17:00,1.245
5/3/2022 18:00,1.243
5/3/2022 19:00,1.31
5/3/2022 20:00,1.28
5/3/2022 21:00,1.223
5/3/2022 22:00,1.18
5/3/2022 23:00,1.203
5/4/2022 0:00,1.241
5/4/2022 1:00,1.258
5/4/2022 2:00,1.228
5/4/2022 3:00,1.183
5/4/2022 4:00,1.147
5/4/2022 5:00,1.112
5/4/2022 6:00,1.18
5/4/2022 7:00,1.287
5/4/2022 8:00,1.393
5/4/2022 9:00,1.488
5/4/2022 10:00,1.549
5/4/2022 11:00,1.591
5/4/2022 12:00,1.617
5/4/2022 13:00,1.624
5/4/2022 14:00,1.619
5/4/2022 15:00,1.607
5/4/2022 16:00,1.589
5/4/2022 17:00,1.589
5/4/2022 18:00,1.634
5/4/2022 19:00,1.707
5/4/2022 20:00,1.743
5/4/2022 21:00,1.72
5/4/2022 22:00,1.667
5/4/2022 23:00,1.613
5/5/2022 0:00,1.558
5/5/2022 1:00,1.554
5/5/2022 2:00,1.57
5/5/2022 3:00,1.541
5/5/2022 4:00,1.478
5/5/2022 5:00,1.459
5/5/2022 6:00,1.501
5/5/2022 7:00,1.551
5/5/2022 8:00,1.577
5/5/2022 9:00,1.611
5/5/2022 10:00,1.644
5/5/2022 11:00,1.662
5/5/2022 12:00,1.646
5/5/2022 13:00,1.616
5/5/2022 14:00,1.574
5/5/2022 15:00,1.539
5/5/2022 16:00,1.504
5/5/2022 17:00,1.463
5/5/2022 18:00,1.523
5/5/2022 19:00,1.666
5/5/2022 20:00,1.746
5/5/2022 21:00,1.852
5/5/2022 22:00,1.921
5/5/2022 23:00,1.937
5/6/2022 0:00,1.935
5/6/2022 1:00,1.987
5/6/2022 2:00,2.014
5/6/2022 3:00,2.001
5/6/2022 4:00,1.82
5/6/2022 5:00,1.688
5/6/2022 6:00,1.716
5/6/2022 7:00,1.774
5/6/2022 8:00,1.79
5/6/2022 9:00,1.806
5/6/2022 10:00,1.821
5/6/2022 11:00,1.843
5/6/2022 12:00,1.843
5/6/2022 13:00,1.798
5/6/2022 14:00,1.739
5/6/2022 15:00,1.666
5/6/2022 16:00,1.611
5/6/2022 17:00,1.592
5/6/2022 18:00,1.655
5/6/2022 19:00,1.703
5/6/2022 20:00,1.768
5/6/2022 21:00,1.844
5/6/2022 22:00,1.939
5/6/2022 23:00,2.04
5/7/2022 0:00,2.127
5/7/2022 1:00,2.158
5/7/2022 2:00,2.161
5/7/2022 3:00,2.16
5/7/2022 4:00,2.166
5/7/2022 5:00,2.175
5/7/2022 6:00,2.298
5/7/2022 7:00,2.374
5/7/2022 8:00,2.347
5/7/2022 9:00,2.297
5/7/2022 10:00,2.254
5/7/2022 11:00,2.225
5/7/2022 12:00,2.198
5/7/2022 13:00,2.169
5/7/2022 14:00,2.14
5/7/2022 15:00,2.123
5/7/2022 16:00,2.079
5/7/2022 17:00,2.028
5/7/2022 18:00,1.996
5/7/2022 19:00,2
5/7/2022 20:00,2.024
5/7/2022 21:00,1.998
5/7/2022 22:00,1.949
5/7/2022 23:00,1.869
5/8/2022 0:00,1.794
5/8/2022 1:00,1.721
5/8/2022 2:00,1.651
5/8/2022 3:00,1.55
5/8/2022 4:00,1.407
5/8/2022 5:00,1.335
5/8/2022 6:00,1.381
5/8/2022 7:00,1.358
5/8/2022 8:00,1.294
5/8/2022 9:00,1.22
5/8/2022 10:00,1.146
5/8/2022 11:00,1.09
5/8/2022 12:00,1.045
5/8/2022 13:00,1.03
5/8/2022 14:00,1.031
5/8/2022 15:00,1.036
5/8/2022 16:00,1.047
5/8/2022 17:00,1.038
5/8/2022 18:00,1.058
5/8/2022 19:00,1.135
5/8/2022 20:00,1.168
5/8/2022 21:00,1.189
5/8/2022 22:00,1.253
5/8/2022 23:00,1.305
5/9/2022 0:00,1.363
5/9/2022 1:00,1.421
5/9/2022 2:00,1.468
5/9/2022 3:00,1.55
5/9/2022 4:00,1.486
5/9/2022 5:00,1.44
5/9/2022 6:00,1.521
5/9/2022 7:00,1.625
5/9/2022 8:00,1.665
5/9/2022 9:00,1.713
5/9/2022 10:00,1.752
5/9/2022 11:00,1.786
5/9/2022 12:00,1.794
5/9/2022 13:00,1.78
5/9/2022 14:00,1.777
5/9/2022 15:00,1.772
5/9/2022 16:00,1.732
5/9/2022 17:00,1.75
5/9/2022 18:00,1.803
5/9/2022 19:00,1.891
5/9/2022 20:00,1.965
5/9/2022 21:00,1.998
5/9/2022 22:00,2.038
5/9/2022 23:00,2.095
5/10/2022 0:00,2.178
5/10/2022 1:00,2.23
5/10/2022 2:00,2.236
5/10/2022 3:00,2.234
5/10/2022 4:00,2.196
5/10/2022 5:00,2.147
5/10/2022 6:00,2.092
5/10/2022 7:00,2.019
5/10/2022 8:00,1.926
5/10/2022 9:00,1.82
5/10/2022 10:00,1.764
5/10/2022 11:00,1.713
5/10/2022 12:00,1.667
5/10/2022 13:00,1.638
5/10/2022 14:00,1.6
5/10/2022 15:00,1.546
5/10/2022 16:00,1.492
5/10/2022 17:00,1.426
5/10/2022 18:00,1.378
5/10/2022 19:00,1.431
5/10/2022 20:00,1.488
5/10/2022 21:00,1.51
5/10/2022 22:00,1.529
5/10/2022 23:00,1.556
5/11/2022 0:00,1.59
5/11/2022 1:00,1.582
5/11/2022 2:00,1.568
5/11/2022 3:00,1.536
5/11/2022 4:00,1.533
5/11/2022 5:00,1.576
5/11/2022 6:00,1.676
5/11/2022 7:00,1.765
5/11/2022 8:00,1.845
5/11/2022 9:00,1.866
5/11/2022 10:00,1.885
5/11/2022 11:00,1.864
5/11/2022 12:00,1.814
5/11/2022 13:00,1.75
5/11/2022 14:00,1.691
5/11/2022 15:00,1.626
5/11/2022 16:00,1.579
5/11/2022 17:00,1.563
5/11/2022 18:00,1.55
5/11/2022 19:00,1.536
5/11/2022 20:00,1.559
5/11/2022 21:00,1.59
5/11/2022 22:00,1.628
5/11/2022 23:00,1.67
5/12/2022 0:00,1.693
5/12/2022 1:00,1.705
5/12/2022 2:00,1.739
5/12/2022 3:00,1.749
5/12/2022 4:00,1.749
5/12/2022 5:00,1.755
5/12/2022 6:00,1.815
5/12/2022 7:00,1.843
5/12/2022 8:00,1.866
5/12/2022 9:00,1.898
5/12/2022 10:00,1.918
5/12/2022 11:00,1.91
5/12/2022 12:00,1.891
5/12/2022 13:00,1.87
5/12/2022 14:00,1.855
5/12/2022 15:00,1.803
5/12/2022 16:00,1.716
5/12/2022 17:00,1.621
5/12/2022 18:00,1.557
5/12/2022 19:00,1.536
5/12/2022 20:00,1.578
5/12/2022 21:00,1.602
5/12/2022 22:00,1.643
5/12/2022 23:00,1.69
5/13/2022 0:00,1.727
5/13/2022 1:00,1.715
5/13/2022 2:00,1.685
5/13/2022 3:00,1.661
5/13/2022 4:00,1.602
5/13/2022 5:00,1.602
5/13/2022 6:00,1.638
5/13/2022 7:00,1.683
5/13/2022 8:00,1.741
5/13/2022 9:00,1.796
5/13/2022 10:00,1.819
5/13/2022 11:00,1.826
5/13/2022 12:00,1.838
5/13/2022 13:00,1.802
5/13/2022 14:00,1.748
5/13/2022 15:00,1.687
5/13/2022 16:00,1.632
5/13/2022 17:00,1.624
5/13/2022 18:00,1.614
5/13/2022 19:00,1.556
5/13/2022 20:00,1.523
5/13/2022 21:00,1.614
5/13/2022 22:00,1.702
5/13/2022 23:00,1.757
5/14/2022 0:00,1.779
5/14/2022 1:00,1.764
5/14/2022 2:00,1.733
5/14/2022 3:00,1.718
5/14/2022 4:00,1.745
5/14/2022 5:00,1.773
5/14/2022 6:00,1.862
5/14/2022 7:00,1.885
5/14/2022 8:00,1.844
5/14/2022 9:00,1.795
5/14/2022 10:00,1.765
5/14/2022 11:00,1.748
5/14/2022 12:00,1.729
5/14/2022 13:00,1.697
5/14/2022 14:00,1.66
5/14/2022 15:00,1.613
5/14/2022 16:00,1.552
5/14/2022 17:00,1.469
5/14/2022 18:00,1.432
5/14/2022 19:00,1.462
5/14/2022 20:00,1.505
5/14/2022 21:00,1.551
5/14/2022 22:00,1.538
5/14/2022 23:00,1.506
5/15/2022 0:00,1.474
5/15/2022 1:00,1.436
5/15/2022 2:00,1.404
5/15/2022 3:00,1.328
5/15/2022 4:00,1.204
5/15/2022 5:00,1.1
5/15/2022 6:00,1.071
5/15/2022 7:00,1.036
5/15/2022 8:00,1.036
5/15/2022 9:00,1.053
5/15/2022 10:00,1.089
5/15/2022 11:00,1.126
5/15/2022 12:00,1.164
5/15/2022 13:00,1.207
5/15/2022 14:00,1.237
5/15/2022 15:00,1.249
5/15/2022 16:00,1.244
5/15/2022 17:00,1.215
5/15/2022 18:00,1.211
5/15/2022 19:00,1.219
5/15/2022 20:00,1.188
5/15/2022 21:00,1.203
5/15/2022 22:00,1.197
5/15/2022 23:00,1.237
5/16/2022 0:00,1.311
5/16/2022 1:00,1.378
5/16/2022 2:00,1.458
5/16/2022 3:00,1.516
5/16/2022 4:00,1.516
5/16/2022 5:00,1.581
5/16/2022 6:00,1.529
5/16/2022 7:00,1.484
5/16/2022 8:00,1.44
5/16/2022 9:00,1.403
5/16/2022 10:00,1.346
5/16/2022 11:00,1.276
5/16/2022 12:00,1.224
5/16/2022 13:00,1.201
5/16/2022 14:00,1.184
5/16/2022 15:00,1.157
5/16/2022 16:00,1.103
5/16/2022 17:00,1.018
5/16/2022 18:00,0.969
5/16/2022 19:00,1.122
5/16/2022 20:00,1.185
5/16/2022 21:00,1.153
5/16/2022 22:00,1.146
5/16/2022 23:00,1.117
5/17/2022 0:00,1.158
5/17/2022 1:00,1.218
5/17/2022 2:00,1.273
5/17/2022 3:00,1.292
5/17/2022 4:00,1.282
5/17/2022 5:00,1.349
5/17/2022 6:00,1.307
5/17/2022 7:00,1.232
5/17/2022 8:00,1.17
5/17/2022 9:00,1.121
5/17/2022 10:00,1.075
5/17/2022 11:00,1.043
5/17/2022 12:00,1.031
5/17/2022 13:00,1.033
5/17/2022 14:00,1.047
5/17/2022 15:00,1.054
5/17/2022 16:00,1.04
5/17/2022 17:00,1.021
5/17/2022 18:00,1.057
5/17/2022 19:00,1.217
5/17/2022 20:00,1.342
5/17/2022 21:00,1.417
5/17/2022 22:00,1.517
5/17/2022 23:00,1.611
5/18/2022 0:00,1.718
5/18/2022 1:00,1.805
5/18/2022 2:00,1.911
5/18/2022 3:00,1.872
5/18/2022 4:00,1.725
5/18/2022 5:00,1.627
5/18/2022 6:00,1.626
5/18/2022 7:00,1.623
5/18/2022 8:00,1.619
5/18/2022 9:00,1.576
5/18/2022 10:00,1.554
5/18/2022 11:00,1.533
5/18/2022 12:00,1.436
5/18/2022 13:00,1.331
5/18/2022 14:00,1.235
5/18/2022 15:00,1.137
5/18/2022 16:00,1.046
5/18/2022 17:00,0.953
5/18/2022 18:00,0.87
5/18/2022 19:00,0.865
5/18/2022 20:00,0.902
5/18/2022 21:00,0.897
5/18/2022 22:00,0.881
5/18/2022 23:00,0.872
5/19/2022 0:00,0.913
5/19/2022 1:00,0.928
5/19/2022 2:00,0.978
5/19/2022 3:00,1.005
5/19/2022 4:00,0.996
5/19/2022 5:00,1.006
5/19/2022 6:00,0.914
5/19/2022 7:00,0.832
5/19/2022 8:00,0.816
5/19/2022 9:00,0.889
5/19/2022 10:00,0.998
5/19/2022 11:00,1.054
5/19/2022 12:00,1.052
5/19/2022 13:00,1.005
5/19/2022 14:00,0.934
5/19/2022 15:00,0.834
5/19/2022 16:00,0.717
5/19/2022 17:00,0.695
5/19/2022 18:00,0.786
5/19/2022 19:00,0.786
5/19/2022 20:00,0.845
5/19/2022 21:00,0.897
5/19/2022 22:00,0.928
5/19/2022 23:00,0.947
5/20/2022 0:00,0.905
5/20/2022 1:00,0.868
5/20/2022 2:00,0.918
5/20/2022 3:00,0.884
5/20/2022 4:00,0.754
5/20/2022 5:00,0.71
5/20/2022 6:00,0.722
5/20/2022 7:00,0.739
5/20/2022 8:00,0.749
5/20/2022 9:00,0.771
5/20/2022 10:00,0.795
5/20/2022 11:00,0.816
5/20/2022 12:00,0.845
5/20/2022 13:00,0.849
5/20/2022 14:00,0.829
5/20/2022 15:00,0.792
5/20/2022 16:00,0.814
5/20/2022 17:00,0.879
5/20/2022 18:00,0.882
5/20/2022 19:00,0.896
5/20/2022 20:00,0.935
5/20/2022 21:00,0.968
5/20/2022 22:00,1.012
5/20/2022 23:00,1.026
5/21/2022 0:00,0.999
5/21/2022 1:00,0.971
5/21/2022 2:00,0.94
5/21/2022 3:00,0.878
5/21/2022 4:00,0.796
5/21/2022 5:00,0.738
5/21/2022 6:00,0.724
5/21/2022 7:00,0.725
5/21/2022 8:00,0.734
5/21/2022 9:00,0.735
5/21/2022 10:00,0.732
5/21/2022 11:00,0.72
5/21/2022 12:00,0.705
5/21/2022 13:00,0.709
5/21/2022 14:00,0.707
5/21/2022 15:00,0.703
5/21/2022 16:00,0.697
5/21/2022 17:00,0.697
5/21/2022 18:00,0.719
5/21/2022 19:00,0.808
5/21/2022 20:00,0.882
5/21/2022 21:00,0.92
5/21/2022 22:00,0.928
5/21/2022 23:00,0.924
5/22/2022 0:00,0.899
5/22/2022 1:00,0.852
5/22/2022 2:00,0.782
5/22/2022 3:00,0.756
5/22/2022 4:00,0.712
5/22/2022 5:00,0.754
5/22/2022 6:00,0.77
5/22/2022 7:00,0.737
5/22/2022 8:00,0.768
5/22/2022 9:00,0.809
5/22/2022 10:00,0.873
5/22/2022 11:00,0.938
5/22/2022 12:00,0.994
5/22/2022 13:00,1.026
5/22/2022 14:00,1.037
5/22/2022 15:00,1.046
5/22/2022 16:00,1.058
5/22/2022 17:00,1.052
5/22/2022 18:00,1.075
5/22/2022 19:00,1.169
5/22/2022 20:00,1.291
5/22/2022 21:00,1.349
5/22/2022 22:00,1.403
5/22/2022 23:00,1.463
5/23/2022 0:00,1.508
5/23/2022 1:00,1.549
5/23/2022 2:00,1.577
5/23/2022 3:00,1.636
5/23/2022 4:00,1.686
5/23/2022 5:00,1.747
5/23/2022 6:00,1.823
5/23/2022 7:00,1.914
5/23/2022 8:00,1.936
5/23/2022 9:00,1.932
5/23/2022 10:00,1.922
5/23/2022 11:00,1.915
5/23/2022 12:00,1.91
5/23/2022 13:00,1.855
5/23/2022 14:00,1.793
5/23/2022 15:00,1.715
5/23/2022 16:00,1.625
5/23/2022 17:00,1.507
5/23/2022 18:00,1.423
5/23/2022 19:00,1.412
5/23/2022 20:00,1.479
5/23/2022 21:00,1.535
5/23/2022 22:00,1.561
5/23/2022 23:00,1.586
5/24/2022 0:00,1.658
5/24/2022 1:00,1.729
5/24/2022 2:00,1.805
5/24/2022 3:00,1.785
5/24/2022 4:00,1.757
5/24/2022 5:00,1.778
5/24/2022 6:00,1.81
5/24/2022 7:00,1.85
5/24/2022 8:00,1.84
5/24/2022 9:00,1.801
5/24/2022 10:00,1.771
5/24/2022 11:00,1.748
5/24/2022 12:00,1.726
5/24/2022 13:00,1.674
5/24/2022 14:00,1.652
5/24/2022 15:00,1.659
5/24/2022 16:00,1.659
5/24/2022 17:00,1.651
5/24/2022 18:00,1.66
5/24/2022 19:00,1.674
5/24/2022 20:00,1.679
5/24/2022 21:00,1.691
5/24/2022 22:00,1.712
5/24/2022 23:00,1.724
5/25/2022 0:00,1.74
5/25/2022 1:00,1.759
5/25/2022 2:00,1.754
5/25/2022 3:00,1.707
5/25/2022 4:00,1.621
5/25/2022 5:00,1.605
5/25/2022 6:00,1.674
5/25/2022 7:00,1.751
5/25/2022 8:00,1.836
5/25/2022 9:00,1.898
5/25/2022 10:00,1.924
5/25/2022 11:00,1.92
5/25/2022 12:00,1.895
5/25/2022 13:00,1.853
5/25/2022 14:00,1.808
5/25/2022 15:00,1.764
5/25/2022 16:00,1.716
5/25/2022 17:00,1.655
5/25/2022 18:00,1.607
5/25/2022 19:00,1.593
5/25/2022 20:00,1.565
5/25/2022 21:00,1.487
5/25/2022 22:00,1.402
5/25/2022 23:00,1.411
5/26/2022 0:00,1.511
5/26/2022 1:00,1.601
5/26/2022 2:00,1.659
5/26/2022 3:00,1.632
5/26/2022 4:00,1.603
5/26/2022 5:00,1.572
5/26/2022 6:00,1.594
5/26/2022 7:00,1.626
5/26/2022 8:00,1.647
5/26/2022 9:00,1.649
5/26/2022 10:00,1.68
5/26/2022 11:00,1.702
5/26/2022 12:00,1.703
5/26/2022 13:00,1.676
5/26/2022 14:00,1.642
5/26/2022 15:00,1.596
5/26/2022 16:00,1.525
5/26/2022 17:00,1.453
5/26/2022 18:00,1.393
5/26/2022 19:00,1.342
5/26/2022 20:00,1.333
5/26/2022 21:00,1.297
5/26/2022 22:00,1.268
5/26/2022 23:00,1.278
5/27/2022 0:00,1.299
5/27/2022 1:00,1.312
5/27/2022 2:00,1.31
5/27/2022 3:00,1.279
5/27/2022 4:00,1.195
5/27/2022 5:00,1.161
5/27/2022 6:00,1.174
5/27/2022 7:00,1.241
5/27/2022 8:00,1.349
5/27/2022 9:00,1.465
5/27/2022 10:00,1.569
5/27/2022 11:00,1.665
5/27/2022 12:00,1.756
5/27/2022 13:00,1.845
5/27/2022 14:00,1.926
5/27/2022 15:00,1.981
5/27/2022 16:00,2.024
5/27/2022 17:00,2.064
5/27/2022 18:00,2.091
5/27/2022 19:00,2.103
5/27/2022 20:00,2.147
5/27/2022 21:00,2.179
5/27/2022 22:00,2.201
5/27/2022 23:00,2.207
5/28/2022 0:00,2.206
5/28/2022 1:00,2.181
5/28/2022 2:00,2.188
5/28/2022 3:00,2.19
5/28/2022 4:00,2.21
5/28/2022 5:00,2.236
5/28/2022 6:00,2.284
5/28/2022 7:00,2.31
5/28/2022 8:00,2.278
5/28/2022 9:00,2.225
5/28/2022 10:00,2.167
5/28/2022 11:00,2.143
5/28/2022 12:00,2.117
5/28/2022 13:00,2.093
5/28/2022 14:00,2.056
5/28/2022 15:00,2.009
5/28/2022 16:00,1.962
5/28/2022 17:00,1.924
5/28/2022 18:00,1.871
5/28/2022 19:00,1.831
5/28/2022 20:00,1.823
5/28/2022 21:00,1.809
5/28/2022 22:00,1.778
5/28/2022 23:00,1.748
5/29/2022 0:00,1.73
5/29/2022 1:00,1.695
5/29/2022 2:00,1.658
5/29/2022 3:00,1.596
5/29/2022 4:00,1.514
5/29/2022 5:00,1.501
5/29/2022 6:00,1.461
5/29/2022 7:00,1.342
5/29/2022 8:00,1.233
5/29/2022 9:00,1.212
5/29/2022 10:00,1.193
5/29/2022 11:00,1.172
5/29/2022 12:00,1.158
5/29/2022 13:00,1.146
5/29/2022 14:00,1.134
5/29/2022 15:00,1.12
5/29/2022 16:00,1.104
5/29/2022 17:00,1.082
5/29/2022 18:00,1.103
5/29/2022 19:00,1.149
5/29/2022 20:00,1.156
5/29/2022 21:00,1.113
5/29/2022 22:00,1.058
5/29/2022 23:00,1.023
5/30/2022 0:00,0.983
5/30/2022 1:00,0.971
5/30/2022 2:00,0.971
5/30/2022 3:00,0.937
5/30/2022 4:00,0.88
5/30/2022 5:00,0.914
5/30/2022 6:00,0.969
5/30/2022 7:00,1.002
5/30/2022 8:00,1.033
5/30/2022 9:00,1.05
5/30/2022 10:00,1.051
5/30/2022 11:00,1.038
5/30/2022 12:00,1.006
5/30/2022 13:00,0.939
5/30/2022 14:00,0.868
5/30/2022 15:00,0.802
5/30/2022 16:00,0.734
5/30/2022 17:00,0.675
5/30/2022 18:00,0.67
5/30/2022 19:00,0.652
5/30/2022 20:00,0.779
5/30/2022 21:00,0.864
5/30/2022 22:00,0.886
5/30/2022 23:00,0.89
5/31/2022 0:00,0.904
5/31/2022 1:00,0.894
5/31/2022 2:00,0.841
5/31/2022 3:00,0.759
5/31/2022 4:00,0.693
5/31/2022 5:00,0.663
5/31/2022 6:00,0.633
5/31/2022 7:00,0.625
5/31/2022 8:00,0.637
5/31/2022 9:00,0.672
5/31/2022 10:00,0.711
5/31/2022 11:00,0.757
5/31/2022 12:00,0.813
5/31/2022 13:00,0.863
5/31/2022 14:00,0.893
5/31/2022 15:00,0.886
5/31/2022 16:00,0.872
5/31/2022 17:00,0.868
5/31/2022 18:00,0.879
5/31/2022 19:00,0.943
5/31/2022 20:00,1.036
5/31/2022 21:00,1.075
5/31/2022 22:00,1.102
5/31/2022 23:00,1.107
6/1/2022 0:00,1.11
6/1/2022 1:00,1.126
6/1/2022 2:00,1.152
6/1/2022 3:00,1.066
6/1/2022 4:00,0.909
6/1/2022 5:00,0.91
6/1/2022 6:00,0.933
6/1/2022 7:00,0.958
6/1/2022 8:00,0.984
6/1/2022 9:00,1.029
6/1/2022 10:00,1.062
6/1/2022 11:00,1.107
6/1/2022 12:00,1.143
6/1/2022 13:00,1.156
6/1/2022 14:00,1.148
6/1/2022 15:00,1.141
6/1/2022 16:00,1.144
6/1/2022 17:00,1.148
6/1/2022 18:00,1.142
6/1/2022 19:00,1.14
6/1/2022 20:00,1.153
6/1/2022 21:00,1.167
6/1/2022 22:00,1.178
6/1/2022 23:00,1.197
6/2/2022 0:00,1.207
6/2/2022 1:00,1.238
6/2/2022 2:00,1.265
6/2/2022 3:00,1.246
6/2/2022 4:00,1.24
6/2/2022 5:00,1.246
6/2/2022 6:00,1.27
6/2/2022 7:00,1.281
6/2/2022 8:00,1.273
6/2/2022 9:00,1.251
6/2/2022 10:00,1.228
6/2/2022 11:00,1.207
6/2/2022 12:00,1.185
6/2/2022 13:00,1.171
6/2/2022 14:00,1.161
6/2/2022 15:00,1.154
6/2/2022 16:00,1.149
6/2/2022 17:00,1.144
6/2/2022 18:00,1.188
6/2/2022 19:00,1.279
6/2/2022 20:00,1.361
6/2/2022 21:00,1.375
6/2/2022 22:00,1.374
6/2/2022 23:00,1.368
6/3/2022 0:00,1.391
6/3/2022 1:00,1.396
6/3/2022 2:00,1.39
6/3/2022 3:00,1.318
6/3/2022 4:00,1.281
6/3/2022 5:00,1.294
6/3/2022 6:00,1.315
6/3/2022 7:00,1.302
6/3/2022 8:00,1.278
6/3/2022 9:00,1.26
6/3/2022 10:00,1.248
6/3/2022 11:00,1.239
6/3/2022 12:00,1.235
6/3/2022 13:00,1.24
6/3/2022 14:00,1.245
6/3/2022 15:00,1.261
6/3/2022 16:00,1.27
6/3/2022 17:00,1.266
6/3/2022 18:00,1.295
6/3/2022 19:00,1.41
6/3/2022 20:00,1.483
6/3/2022 21:00,1.482
6/3/2022 22:00,1.432
6/3/2022 23:00,1.391
6/4/2022 0:00,1.352
6/4/2022 1:00,1.372
6/4/2022 2:00,1.379
6/4/2022 3:00,1.329
6/4/2022 4:00,1.246
6/4/2022 5:00,1.183
6/4/2022 6:00,1.166
6/4/2022 7:00,1.164
6/4/2022 8:00,1.216
6/4/2022 9:00,1.261
6/4/2022 10:00,1.282
6/4/2022 11:00,1.32
6/4/2022 12:00,1.386
6/4/2022 13:00,1.474
6/4/2022 14:00,1.556
6/4/2022 15:00,1.606
6/4/2022 16:00,1.628
6/4/2022 17:00,1.602
6/4/2022 18:00,1.552
6/4/2022 19:00,1.505
6/4/2022 20:00,1.458
6/4/2022 21:00,1.412
6/4/2022 22:00,1.373
6/4/2022 23:00,1.364
6/5/2022 0:00,1.36
6/5/2022 1:00,1.374
6/5/2022 2:00,1.386
6/5/2022 3:00,1.368
6/5/2022 4:00,1.356
6/5/2022 5:00,1.356
6/5/2022 6:00,1.351
6/5/2022 7:00,1.272
6/5/2022 8:00,1.19
6/5/2022 9:00,1.152
6/5/2022 10:00,1.138
6/5/2022 11:00,1.149
6/5/2022 12:00,1.174
6/5/2022 13:00,1.197
6/5/2022 14:00,1.22
6/5/2022 15:00,1.237
6/5/2022 16:00,1.244
6/5/2022 17:00,1.221
6/5/2022 18:00,1.196
6/5/2022 19:00,1.283
6/5/2022 20:00,1.425
6/5/2022 21:00,1.403
6/5/2022 22:00,1.343
6/5/2022 23:00,1.311
6/6/2022 0:00,1.306
6/6/2022 1:00,1.287
6/6/2022 2:00,1.26
6/6/2022 3:00,1.181
6/6/2022 4:00,1.081
6/6/2022 5:00,1.028
6/6/2022 6:00,0.973
6/6/2022 7:00,0.932
6/6/2022 8:00,0.926
6/6/2022 9:00,0.937
6/6/2022 10:00,0.941
6/6/2022 11:00,0.938
6/6/2022 12:00,0.978
6/6/2022 13:00,1.045
6/6/2022 14:00,1.109
6/6/2022 15:00,1.15
6/6/2022 16:00,1.164
6/6/2022 17:00,1.145
6/6/2022 18:00,1.111
6/6/2022 19:00,1.086
6/6/2022 20:00,1.111
6/6/2022 21:00,1.12
6/6/2022 22:00,1.149
6/6/2022 23:00,1.182
6/7/2022 0:00,1.224
6/7/2022 1:00,1.287
6/7/2022 2:00,1.281
6/7/2022 3:00,1.192
6/7/2022 4:00,1.107
6/7/2022 5:00,1.092
6/7/2022 6:00,1.104
6/7/2022 7:00,1.127
6/7/2022 8:00,1.135
6/7/2022 9:00,1.132
6/7/2022 10:00,1.126
6/7/2022 11:00,1.111
6/7/2022 12:00,1.079
6/7/2022 13:00,1.042
6/7/2022 14:00,1.034
6/7/2022 15:00,1.029
6/7/2022 16:00,1.01
6/7/2022 17:00,0.989
6/7/2022 18:00,0.96
6/7/2022 19:00,0.938
6/7/2022 20:00,0.967
6/7/2022 21:00,0.979
6/7/2022 22:00,1.011
6/7/2022 23:00,1.062
6/8/2022 0:00,1.118
6/8/2022 1:00,1.141
6/8/2022 2:00,1.159
6/8/2022 3:00,1.129
6/8/2022 4:00,1.092
6/8/2022 5:00,1.047
6/8/2022 6:00,1.016
6/8/2022 7:00,0.998
6/8/2022 8:00,0.983
6/8/2022 9:00,0.992
6/8/2022 10:00,1.025
6/8/2022 11:00,1.075
6/8/2022 12:00,1.128
6/8/2022 13:00,1.163
6/8/2022 14:00,1.173
6/8/2022 15:00,1.16
6/8/2022 16:00,1.139
6/8/2022 17:00,1.125
6/8/2022 18:00,1.109
6/8/2022 19:00,1.122
6/8/2022 20:00,1.151
6/8/2022 21:00,1.138
6/8/2022 22:00,1.087
6/8/2022 23:00,1.077
6/9/2022 0:00,1.096
6/9/2022 1:00,1.106
6/9/2022 2:00,1.09
6/9/2022 3:00,0.973
6/9/2022 4:00,0.838
6/9/2022 5:00,0.784
6/9/2022 6:00,0.739
6/9/2022 7:00,0.726
6/9/2022 8:00,0.756
6/9/2022 9:00,0.807
6/9/2022 10:00,0.858
6/9/2022 11:00,0.906
6/9/2022 12:00,0.937
6/9/2022 13:00,0.938
6/9/2022 14:00,0.915
6/9/2022 15:00,0.871
6/9/2022 16:00,0.83
6/9/2022 17:00,0.793
6/9/2022 18:00,0.769
6/9/2022 19:00,0.764
6/9/2022 20:00,0.805
6/9/2022 21:00,0.849
6/9/2022 22:00,0.858
6/9/2022 23:00,0.918
6/10/2022 0:00,0.98
6/10/2022 1:00,1.015
6/10/2022 2:00,1.032
6/10/2022 3:00,0.986
6/10/2022 4:00,0.967
6/10/2022 5:00,1.009
6/10/2022 6:00,1.075
6/10/2022 7:00,1.164
6/10/2022 8:00,1.245
6/10/2022 9:00,1.311
6/10/2022 10:00,1.386
6/10/2022 11:00,1.469
6/10/2022 12:00,1.517
6/10/2022 13:00,1.529
6/10/2022 14:00,1.507
6/10/2022 15:00,1.451
6/10/2022 16:00,1.396
6/10/2022 17:00,1.344
6/10/2022 18:00,1.288
6/10/2022 19:00,1.259
6/10/2022 20:00,1.287
6/10/2022 21:00,1.329
6/10/2022 22:00,1.374
6/10/2022 23:00,1.446
6/11/2022 0:00,1.499
6/11/2022 1:00,1.505
6/11/2022 2:00,1.508
6/11/2022 3:00,1.498
6/11/2022 4:00,1.512
6/11/2022 5:00,1.52
6/11/2022 6:00,1.56
6/11/2022 7:00,1.611
6/11/2022 8:00,1.661
6/11/2022 9:00,1.736
6/11/2022 10:00,1.803
6/11/2022 11:00,1.841
6/11/2022 12:00,1.858
6/11/2022 13:00,1.879
6/11/2022 14:00,1.895
6/11/2022 15:00,1.892
6/11/2022 16:00,1.85
6/11/2022 17:00,1.803
6/11/2022 18:00,1.773
6/11/2022 19:00,1.765
6/11/2022 20:00,1.791
6/11/2022 21:00,1.786
6/11/2022 22:00,1.766
6/11/2022 23:00,1.753
6/12/2022 0:00,1.766
6/12/2022 1:00,1.747
6/12/2022 2:00,1.732
6/12/2022 3:00,1.716
6/12/2022 4:00,1.722
6/12/2022 5:00,1.781
6/12/2022 6:00,1.794
6/12/2022 7:00,1.813
6/12/2022 8:00,1.839
6/12/2022 9:00,1.867
6/12/2022 10:00,1.884
6/12/2022 11:00,1.889
6/12/2022 12:00,1.883
6/12/2022 13:00,1.852
6/12/2022 14:00,1.799
6/12/2022 15:00,1.741
6/12/2022 16:00,1.674
6/12/2022 17:00,1.602
6/12/2022 18:00,1.527
6/12/2022 19:00,1.495
6/12/2022 20:00,1.488
6/12/2022 21:00,1.482
6/12/2022 22:00,1.483
6/12/2022 23:00,1.498
6/13/2022 0:00,1.5
6/13/2022 1:00,1.481
6/13/2022 2:00,1.463
6/13/2022 3:00,1.422
6/13/2022 4:00,1.406
6/13/2022 5:00,1.453
6/13/2022 6:00,1.486
6/13/2022 7:00,1.495
6/13/2022 8:00,1.496
6/13/2022 9:00,1.501
6/13/2022 10:00,1.508
6/13/2022 11:00,1.514
6/13/2022 12:00,1.53
6/13/2022 13:00,1.556
6/13/2022 14:00,1.569
6/13/2022 15:00,1.558
6/13/2022 16:00,1.526
6/13/2022 17:00,1.484
6/13/2022 18:00,1.451
6/13/2022 19:00,1.449
6/13/2022 20:00,1.448
6/13/2022 21:00,1.412
6/13/2022 22:00,1.39
6/13/2022 23:00,1.371
6/14/2022 0:00,1.337
6/14/2022 1:00,1.294
6/14/2022 2:00,1.261
6/14/2022 3:00,1.212
6/14/2022 4:00,1.155
6/14/2022 5:00,1.148
6/14/2022 6:00,1.134
6/14/2022 7:00,1.089
6/14/2022 8:00,1.021
6/14/2022 9:00,0.993
6/14/2022 10:00,0.992
6/14/2022 11:00,1.012
6/14/2022 12:00,1.026
6/14/2022 13:00,1.04
6/14/2022 14:00,1.059
6/14/2022 15:00,1.066
6/14/2022 16:00,1.038
6/14/2022 17:00,0.986
6/14/2022 18:00,0.957
6/14/2022 19:00,0.988
6/14/2022 20:00,1.03
6/14/2022 21:00,1.043
6/14/2022 22:00,1.027
6/14/2022 23:00,0.953
6/15/2022 0:00,0.946
6/15/2022 1:00,0.97
6/15/2022 2:00,0.971
6/15/2022 3:00,0.91
6/15/2022 4:00,0.864
6/15/2022 5:00,0.835
6/15/2022 6:00,0.803
6/15/2022 7:00,0.776
6/15/2022 8:00,0.792
6/15/2022 9:00,0.788
6/15/2022 10:00,0.814
6/15/2022 11:00,0.896
6/15/2022 12:00,0.964
6/15/2022 13:00,0.966
6/15/2022 14:00,0.926
6/15/2022 15:00,0.897
6/15/2022 16:00,0.871
6/15/2022 17:00,0.841
6/15/2022 18:00,0.816
6/15/2022 19:00,0.871
6/15/2022 20:00,1.014
6/15/2022 21:00,1.067
6/15/2022 22:00,1.037
6/15/2022 23:00,0.987
6/16/2022 0:00,0.937
6/16/2022 1:00,0.883
6/16/2022 2:00,0.821
6/16/2022 3:00,0.788
6/16/2022 4:00,0.73
6/16/2022 5:00,0.748
6/16/2022 6:00,0.752
6/16/2022 7:00,0.728
6/16/2022 8:00,0.706
6/16/2022 9:00,0.713
6/16/2022 10:00,0.735
6/16/2022 11:00,0.765
6/16/2022 12:00,0.811
6/16/2022 13:00,0.832
6/16/2022 14:00,0.826
6/16/2022 15:00,0.828
6/16/2022 16:00,0.805
6/16/2022 17:00,0.747
6/16/2022 18:00,0.73
6/16/2022 19:00,0.76
6/16/2022 20:00,0.815
6/16/2022 21:00,0.805
6/16/2022 22:00,0.854
6/16/2022 23:00,0.869
6/17/2022 0:00,0.971
6/17/2022 1:00,1.115
6/17/2022 2:00,1.149
6/17/2022 3:00,1.051
6/17/2022 4:00,0.992
6/17/2022 5:00,0.98
6/17/2022 6:00,1.012
6/17/2022 7:00,1.094
6/17/2022 8:00,1.211
6/17/2022 9:00,1.366
6/17/2022 10:00,1.517
6/17/2022 11:00,1.626
6/17/2022 12:00,1.702
6/17/2022 13:00,1.761
6/17/2022 14:00,1.784
6/17/2022 15:00,1.825
6/17/2022 16:00,1.848
6/17/2022 17:00,1.778
6/17/2022 18:00,1.696
6/17/2022 19:00,1.573
6/17/2022 20:00,1.469
6/17/2022 21:00,1.444
6/17/2022 22:00,1.446
6/17/2022 23:00,1.426
6/18/2022 0:00,1.432
6/18/2022 1:00,1.426
6/18/2022 2:00,1.446
6/18/2022 3:00,1.43
6/18/2022 4:00,1.476
6/18/2022 5:00,1.622
6/18/2022 6:00,1.765
6/18/2022 7:00,1.859
6/18/2022 8:00,1.916
6/18/2022 9:00,1.97
6/18/2022 10:00,1.996
6/18/2022 11:00,1.993
6/18/2022 12:00,1.992
6/18/2022 13:00,1.985
6/18/2022 14:00,1.957
6/18/2022 15:00,1.91
6/18/2022 16:00,1.844
6/18/2022 17:00,1.728
6/18/2022 18:00,1.636
6/18/2022 19:00,1.575
6/18/2022 20:00,1.559
6/18/2022 21:00,1.567
6/18/2022 22:00,1.637
6/18/2022 23:00,1.689
6/19/2022 0:00,1.651
6/19/2022 1:00,1.587
6/19/2022 2:00,1.505
6/19/2022 3:00,1.323
6/19/2022 4:00,1.198
6/19/2022 5:00,1.168
6/19/2022 6:00,1.153
6/19/2022 7:00,1.172
6/19/2022 8:00,1.156
6/19/2022 9:00,1.115
6/19/2022 10:00,1.064
6/19/2022 11:00,1.023
6/19/2022 12:00,0.98
6/19/2022 13:00,0.935
6/19/2022 14:00,0.881
6/19/2022 15:00,0.827
6/19/2022 16:00,0.802
6/19/2022 17:00,0.828
6/19/2022 18:00,0.895
6/19/2022 19:00,0.985
6/19/2022 20:00,1.112
6/19/2022 21:00,1.184
6/19/2022 22:00,1.213
6/19/2022 23:00,1.228
6/20/2022 0:00,1.181
6/20/2022 1:00,1.107
6/20/2022 2:00,1.05
6/20/2022 3:00,0.944
6/20/2022 4:00,0.803
6/20/2022 5:00,0.736
6/20/2022 6:00,0.695
6/20/2022 7:00,0.717
6/20/2022 8:00,0.746
6/20/2022 9:00,0.783
6/20/2022 10:00,0.844
6/20/2022 11:00,0.905
6/20/2022 12:00,0.97
6/20/2022 13:00,1.032
6/20/2022 14:00,1.107
6/20/2022 15:00,1.173
6/20/2022 16:00,1.222
6/20/2022 17:00,1.227
6/20/2022 18:00,1.216
6/20/2022 19:00,1.255
6/20/2022 20:00,1.348
6/20/2022 21:00,1.443
6/20/2022 22:00,1.503
6/20/2022 23:00,1.493
6/21/2022 0:00,1.447
6/21/2022 1:00,1.469
6/21/2022 2:00,1.482
6/21/2022 3:00,1.393
6/21/2022 4:00,1.29
6/21/2022 5:00,1.248
6/21/2022 6:00,1.221
6/21/2022 7:00,1.204
6/21/2022 8:00,1.202
6/21/2022 9:00,1.237
6/21/2022 10:00,1.265
6/21/2022 11:00,1.262
6/21/2022 12:00,1.23
6/21/2022 13:00,1.183
6/21/2022 14:00,1.135
6/21/2022 15:00,1.101
6/21/2022 16:00,1.094
6/21/2022 17:00,1.097
6/21/2022 18:00,1.135
6/21/2022 19:00,1.202
6/21/2022 20:00,1.306
6/21/2022 21:00,1.314
6/21/2022 22:00,1.266
6/21/2022 23:00,1.222
6/22/2022 0:00,1.145
6/22/2022 1:00,1.063
6/22/2022 2:00,1.08
6/22/2022 3:00,0.985
6/22/2022 4:00,0.93
6/22/2022 5:00,0.95
6/22/2022 6:00,0.984
6/22/2022 7:00,1.019
6/22/2022 8:00,1.073
6/22/2022 9:00,1.161
6/22/2022 10:00,1.24
6/22/2022 11:00,1.298
6/22/2022 12:00,1.361
6/22/2022 13:00,1.433
6/22/2022 14:00,1.505
6/22/2022 15:00,1.553
6/22/2022 16:00,1.562
6/22/2022 17:00,1.538
6/22/2022 18:00,1.508
6/22/2022 19:00,1.515
6/22/2022 20:00,1.548
6/22/2022 21:00,1.584
6/22/2022 22:00,1.605
6/22/2022 23:00,1.618
6/23/2022 0:00,1.62
6/23/2022 1:00,1.606
6/23/2022 2:00,1.597
6/23/2022 3:00,1.579
6/23/2022 4:00,1.554
6/23/2022 5:00,1.531
6/23/2022 6:00,1.521
6/23/2022 7:00,1.537
6/23/2022 8:00,1.566
6/23/2022 9:00,1.598
6/23/2022 10:00,1.618
6/23/2022 11:00,1.631
6/23/2022 12:00,1.653
6/23/2022 13:00,1.663
6/23/2022 14:00,1.654
6/23/2022 15:00,1.625
6/23/2022 16:00,1.579
6/23/2022 17:00,1.513
6/23/2022 18:00,1.413
6/23/2022 19:00,1.309
6/23/2022 20:00,1.287
6/23/2022 21:00,1.308
6/23/2022 22:00,1.319
6/23/2022 23:00,1.326
6/24/2022 0:00,1.34
6/24/2022 1:00,1.367
6/24/2022 2:00,1.37
6/24/2022 3:00,1.225
6/24/2022 4:00,1.142
6/24/2022 5:00,1.109
6/24/2022 6:00,1.082
6/24/2022 7:00,1.075
6/24/2022 8:00,1.053
6/24/2022 9:00,1.012
6/24/2022 10:00,0.978
6/24/2022 11:00,0.962
6/24/2022 12:00,0.943
6/24/2022 13:00,0.937
6/24/2022 14:00,0.941
6/24/2022 15:00,0.954
6/24/2022 16:00,0.974
6/24/2022 17:00,0.985
6/24/2022 18:00,0.986
6/24/2022 19:00,1.082
6/24/2022 20:00,1.203
6/24/2022 21:00,1.256
6/24/2022 22:00,1.268
6/24/2022 23:00,1.264
6/25/2022 0:00,1.233
6/25/2022 1:00,1.231
6/25/2022 2:00,1.233
6/25/2022 3:00,1.154
6/25/2022 4:00,1.067
6/25/2022 5:00,1.031
6/25/2022 6:00,1.066
6/25/2022 7:00,1.119
6/25/2022 8:00,1.141
6/25/2022 9:00,1.137
6/25/2022 10:00,1.109
6/25/2022 11:00,1.065
6/25/2022 12:00,1.002
6/25/2022 13:00,0.933
6/25/2022 14:00,0.875
6/25/2022 15:00,0.821
6/25/2022 16:00,0.762
6/25/2022 17:00,0.7
6/25/2022 18:00,0.667
6/25/2022 19:00,0.781
6/25/2022 20:00,0.928
6/25/2022 21:00,0.983
6/25/2022 22:00,1.006
6/25/2022 23:00,1.002
6/26/2022 0:00,0.96
6/26/2022 1:00,0.916
6/26/2022 2:00,0.93
6/26/2022 3:00,0.852
6/26/2022 4:00,0.731
6/26/2022 5:00,0.709
6/26/2022 6:00,0.708
6/26/2022 7:00,0.747
6/26/2022 8:00,0.763
6/26/2022 9:00,0.773
6/26/2022 10:00,0.814
6/26/2022 11:00,0.87
6/26/2022 12:00,0.896
6/26/2022 13:00,0.879
6/26/2022 14:00,0.865
6/26/2022 15:00,0.879
6/26/2022 16:00,0.901
6/26/2022 17:00,0.864
6/26/2022 18:00,0.834
6/26/2022 19:00,0.886
6/26/2022 20:00,1.019
6/26/2022 21:00,1.14
6/26/2022 22:00,1.166
6/26/2022 23:00,1.13
6/27/2022 0:00,1.113
6/27/2022 1:00,1.122
6/27/2022 2:00,1.119
6/27/2022 3:00,1.002
6/27/2022 4:00,0.938
6/27/2022 5:00,1.044
6/27/2022 6:00,1.138
6/27/2022 7:00,1.169
6/27/2022 8:00,1.153
6/27/2022 9:00,1.089
6/27/2022 10:00,1.026
6/27/2022 11:00,0.941
6/27/2022 12:00,0.867
6/27/2022 13:00,0.84
6/27/2022 14:00,0.81
6/27/2022 15:00,0.838
6/27/2022 16:00,0.866
6/27/2022 17:00,0.87
6/27/2022 18:00,0.868
6/27/2022 19:00,0.904
6/27/2022 20:00,0.976
6/27/2022 21:00,1.047
6/27/2022 22:00,1.095
6/27/2022 23:00,1.101
6/28/2022 0:00,1.147
6/28/2022 1:00,1.141
6/28/2022 2:00,1.139
6/28/2022 3:00,1.118
6/28/2022 4:00,1.063
6/28/2022 5:00,1.106
6/28/2022 6:00,1.149
6/28/2022 7:00,1.133
6/28/2022 8:00,1.111
6/28/2022 9:00,1.114
6/28/2022 10:00,1.146
6/28/2022 11:00,1.156
6/28/2022 12:00,1.128
6/28/2022 13:00,1.111
6/28/2022 14:00,1.121
6/28/2022 15:00,1.105
6/28/2022 16:00,1.074
6/28/2022 17:00,1.053
6/28/2022 18:00,1.029
6/28/2022 19:00,1.009
6/28/2022 20:00,1.057
6/28/2022 21:00,1.096
6/28/2022 22:00,1.108
6/28/2022 23:00,1.129
6/29/2022 0:00,1.163
6/29/2022 1:00,1.151
6/29/2022 2:00,1.106
6/29/2022 3:00,1.006
6/29/2022 4:00,0.921
6/29/2022 5:00,0.902
6/29/2022 6:00,0.918
6/29/2022 7:00,0.935
6/29/2022 8:00,0.934
6/29/2022 9:00,0.935
6/29/2022 10:00,0.925
6/29/2022 11:00,0.907
6/29/2022 12:00,0.892
6/29/2022 13:00,0.872
6/29/2022 14:00,0.857
6/29/2022 15:00,0.844
6/29/2022 16:00,0.828
6/29/2022 17:00,0.795
6/29/2022 18:00,0.78
6/29/2022 19:00,0.866
6/29/2022 20:00,1.042
6/29/2022 21:00,1.101
6/29/2022 22:00,1.122
6/29/2022 23:00,1.152
6/30/2022 0:00,1.222
6/30/2022 1:00,1.309
6/30/2022 2:00,1.377
6/30/2022 3:00,1.261
6/30/2022 4:00,0.97
6/30/2022 5:00,0.873
6/30/2022 6:00,0.792
6/30/2022 7:00,0.769
6/30/2022 8:00,0.777
6/30/2022 9:00,0.767
6/30/2022 10:00,0.757
6/30/2022 11:00,0.743
6/30/2022 12:00,0.741
6/30/2022 13:00,0.757
6/30/2022 14:00,0.767
6/30/2022 15:00,0.745
6/30/2022 16:00,0.688
6/30/2022 17:00,0.643
6/30/2022 18:00,0.641
6/30/2022 19:00,0.704
6/30/2022 20:00,0.773
6/30/2022 21:00,0.866
6/30/2022 22:00,0.958
6/30/2022 23:00,0.964
7/1/2022 0:00,0.977
7/1/2022 1:00,0.981
7/1/2022 2:00,0.969
7/1/2022 3:00,0.949
7/1/2022 4:00,0.864
7/1/2022 5:00,0.781
7/1/2022 6:00,0.699
7/1/2022 7:00,0.676
7/1/2022 8:00,0.676
7/1/2022 9:00,0.691
7/1/2022 10:00,0.705
7/1/2022 11:00,0.707
7/1/2022 12:00,0.726
7/1/2022 13:00,0.762
7/1/2022 14:00,0.803
7/1/2022 15:00,0.866
7/1/2022 16:00,0.939
7/1/2022 17:00,0.997
7/1/2022 18:00,1.073
7/1/2022 19:00,1.161
7/1/2022 20:00,1.282
7/1/2022 21:00,1.383
7/1/2022 22:00,1.427
7/1/2022 23:00,1.459
7/2/2022 0:00,1.498
7/2/2022 1:00,1.484
7/2/2022 2:00,1.439
7/2/2022 3:00,1.432
7/2/2022 4:00,1.438
7/2/2022 5:00,1.457
7/2/2022 6:00,1.502
7/2/2022 7:00,1.557
7/2/2022 8:00,1.591
7/2/2022 9:00,1.618
7/2/2022 10:00,1.644
7/2/2022 11:00,1.679
7/2/2022 12:00,1.708
7/2/2022 13:00,1.731
7/2/2022 14:00,1.762
7/2/2022 15:00,1.738
7/2/2022 16:00,1.666
7/2/2022 17:00,1.611
7/2/2022 18:00,1.613
7/2/2022 19:00,1.619
7/2/2022 20:00,1.645
7/2/2022 21:00,1.667
7/2/2022 22:00,1.676
7/2/2022 23:00,1.699
7/3/2022 0:00,1.699
7/3/2022 1:00,1.694
7/3/2022 2:00,1.71
7/3/2022 3:00,1.716
7/3/2022 4:00,1.72
7/3/2022 5:00,1.733
7/3/2022 6:00,1.722
7/3/2022 7:00,1.694
7/3/2022 8:00,1.638
7/3/2022 9:00,1.578
7/3/2022 10:00,1.555
7/3/2022 11:00,1.548
7/3/2022 12:00,1.53
7/3/2022 13:00,1.499
7/3/2022 14:00,1.458
7/3/2022 15:00,1.376
7/3/2022 16:00,1.278
7/3/2022 17:00,1.178
7/3/2022 18:00,1.109
7/3/2022 19:00,1.057
7/3/2022 20:00,1.088
7/3/2022 21:00,1.124
7/3/2022 22:00,1.158
7/3/2022 23:00,1.181
7/4/2022 0:00,1.208
7/4/2022 1:00,1.238
7/4/2022 2:00,1.258
7/4/2022 3:00,1.233
7/4/2022 4:00,1.207
7/4/2022 5:00,1.247
7/4/2022 6:00,1.271
7/4/2022 7:00,1.278
7/4/2022 8:00,1.296
7/4/2022 9:00,1.341
7/4/2022 10:00,1.402
7/4/2022 11:00,1.457
7/4/2022 12:00,1.49
7/4/2022 13:00,1.514
7/4/2022 14:00,1.524
7/4/2022 15:00,1.52
7/4/2022 16:00,1.509
7/4/2022 17:00,1.498
7/4/2022 18:00,1.47
7/4/2022 19:00,1.438
7/4/2022 20:00,1.437
7/4/2022 21:00,1.438
7/4/2022 22:00,1.429
7/4/2022 23:00,1.428
7/5/2022 0:00,1.414
7/5/2022 1:00,1.409
7/5/2022 2:00,1.403
7/5/2022 3:00,1.391
7/5/2022 4:00,1.383
7/5/2022 5:00,1.401
7/5/2022 6:00,1.419
7/5/2022 7:00,1.454
7/5/2022 8:00,1.523
7/5/2022 9:00,1.61
7/5/2022 10:00,1.691
7/5/2022 11:00,1.762
7/5/2022 12:00,1.821
7/5/2022 13:00,1.873
7/5/2022 14:00,1.904
7/5/2022 15:00,1.906
7/5/2022 16:00,1.873
7/5/2022 17:00,1.826
7/5/2022 18:00,1.789
7/5/2022 19:00,1.758
7/5/2022 20:00,1.74
7/5/2022 21:00,1.761
7/5/2022 22:00,1.769
7/5/2022 23:00,1.751
7/6/2022 0:00,1.751
7/6/2022 1:00,1.752
7/6/2022 2:00,1.723
7/6/2022 3:00,1.677
7/6/2022 4:00,1.671
7/6/2022 5:00,1.743
7/6/2022 6:00,1.798
7/6/2022 7:00,1.843
7/6/2022 8:00,1.897
7/6/2022 9:00,1.996
7/6/2022 10:00,2.088
7/6/2022 11:00,2.111
7/6/2022 12:00,2.061
7/6/2022 13:00,1.972
7/6/2022 14:00,1.843
7/6/2022 15:00,1.739
7/6/2022 16:00,1.658
7/6/2022 17:00,1.582
7/6/2022 18:00,1.516
7/6/2022 19:00,1.461
7/6/2022 20:00,1.459
7/6/2022 21:00,1.472
7/6/2022 22:00,1.502
7/6/2022 23:00,1.56
7/7/2022 0:00,1.657
7/7/2022 1:00,1.751
7/7/2022 2:00,1.829
7/7/2022 3:00,1.901
7/7/2022 4:00,1.984
7/7/2022 5:00,2.065
7/7/2022 6:00,2.116
7/7/2022 7:00,2.113
7/7/2022 8:00,2.082
7/7/2022 9:00,2.001
7/7/2022 10:00,1.888
7/7/2022 11:00,1.769
7/7/2022 12:00,1.654
7/7/2022 13:00,1.558
7/7/2022 14:00,1.48
7/7/2022 15:00,1.428
7/7/2022 16:00,1.412
7/7/2022 17:00,1.407
7/7/2022 18:00,1.422
7/7/2022 19:00,1.519
7/7/2022 20:00,1.576
7/7/2022 21:00,1.553
7/7/2022 22:00,1.508
7/7/2022 23:00,1.506
7/8/2022 0:00,1.529
7/8/2022 1:00,1.59
7/8/2022 2:00,1.635
7/8/2022 3:00,1.602
7/8/2022 4:00,1.562
7/8/2022 5:00,1.611
7/8/2022 6:00,1.618
7/8/2022 7:00,1.584
7/8/2022 8:00,1.566
7/8/2022 9:00,1.546
7/8/2022 10:00,1.507
7/8/2022 11:00,1.51
7/8/2022 12:00,1.55
7/8/2022 13:00,1.585
7/8/2022 14:00,1.624
7/8/2022 15:00,1.667
7/8/2022 16:00,1.688
7/8/2022 17:00,1.678
7/8/2022 18:00,1.682
7/8/2022 19:00,1.702
7/8/2022 20:00,1.715
7/8/2022 21:00,1.748
7/8/2022 22:00,1.759
7/8/2022 23:00,1.781
7/9/2022 0:00,1.796
7/9/2022 1:00,1.807
7/9/2022 2:00,1.802
7/9/2022 3:00,1.79
7/9/2022 4:00,1.803
7/9/2022 5:00,1.867
7/9/2022 6:00,1.925
7/9/2022 7:00,1.96
7/9/2022 8:00,1.978
7/9/2022 9:00,1.976
7/9/2022 10:00,1.954
7/9/2022 11:00,1.927
7/9/2022 12:00,1.912
7/9/2022 13:00,1.892
7/9/2022 14:00,1.862
7/9/2022 15:00,1.83
7/9/2022 16:00,1.808
7/9/2022 17:00,1.808
7/9/2022 18:00,1.817
7/9/2022 19:00,1.786
7/9/2022 20:00,1.733
7/9/2022 21:00,1.675
7/9/2022 22:00,1.643
7/9/2022 23:00,1.599
7/10/2022 0:00,1.557
7/10/2022 1:00,1.499
7/10/2022 2:00,1.471
7/10/2022 3:00,1.416
7/10/2022 4:00,1.346
7/10/2022 5:00,1.34
7/10/2022 6:00,1.306
7/10/2022 7:00,1.259
7/10/2022 8:00,1.223
7/10/2022 9:00,1.192
7/10/2022 10:00,1.167
7/10/2022 11:00,1.148
7/10/2022 12:00,1.13
7/10/2022 13:00,1.098
7/10/2022 14:00,1.073
7/10/2022 15:00,1.043
7/10/2022 16:00,1.013
7/10/2022 17:00,0.982
7/10/2022 18:00,0.932
7/10/2022 19:00,1.012
7/10/2022 20:00,1.087
7/10/2022 21:00,1.092
7/10/2022 22:00,1.027
7/10/2022 23:00,1.009
7/11/2022 0:00,1.04
7/11/2022 1:00,1.069
7/11/2022 2:00,1.051
7/11/2022 3:00,0.955
7/11/2022 4:00,0.852
7/11/2022 5:00,0.746
7/11/2022 6:00,0.681
7/11/2022 7:00,0.632
7/11/2022 8:00,0.625
7/11/2022 9:00,0.652
7/11/2022 10:00,0.672
7/11/2022 11:00,0.673
7/11/2022 12:00,0.681
7/11/2022 13:00,0.697
7/11/2022 14:00,0.703
7/11/2022 15:00,0.715
7/11/2022 16:00,0.72
7/11/2022 17:00,0.732
7/11/2022 18:00,0.776
7/11/2022 19:00,0.937
7/11/2022 20:00,1.121
7/11/2022 21:00,1.213
7/11/2022 22:00,1.351
7/11/2022 23:00,1.475
7/12/2022 0:00,1.543
7/12/2022 1:00,1.564
7/12/2022 2:00,1.576
7/12/2022 3:00,1.526
7/12/2022 4:00,1.322
7/12/2022 5:00,1.27
7/12/2022 6:00,1.287
7/12/2022 7:00,1.321
7/12/2022 8:00,1.347
7/12/2022 9:00,1.357
7/12/2022 10:00,1.358
7/12/2022 11:00,1.353
7/12/2022 12:00,1.344
7/12/2022 13:00,1.319
7/12/2022 14:00,1.272
7/12/2022 15:00,1.208
7/12/2022 16:00,1.158
7/12/2022 17:00,1.12
7/12/2022 18:00,1.089
7/12/2022 19:00,1.06
7/12/2022 20:00,1.066
7/12/2022 21:00,1.108
7/12/2022 22:00,1.179
7/12/2022 23:00,1.204
7/13/2022 0:00,1.182
7/13/2022 1:00,1.148
7/13/2022 2:00,1.149
7/13/2022 3:00,1.106
7/13/2022 4:00,1.078
7/13/2022 5:00,1.115
7/13/2022 6:00,1.201
7/13/2022 7:00,1.363
7/13/2022 8:00,1.514
7/13/2022 9:00,1.611
7/13/2022 10:00,1.683
7/13/2022 11:00,1.744
7/13/2022 12:00,1.809
7/13/2022 13:00,1.86
7/13/2022 14:00,1.871
7/13/2022 15:00,1.863
7/13/2022 16:00,1.849
7/13/2022 17:00,1.81
7/13/2022 18:00,1.759
7/13/2022 19:00,1.72
7/13/2022 20:00,1.707
7/13/2022 21:00,1.714
7/13/2022 22:00,1.7
7/13/2022 23:00,1.662
7/14/2022 0:00,1.625
7/14/2022 1:00,1.586
7/14/2022 2:00,1.563
7/14/2022 3:00,1.549
7/14/2022 4:00,1.543
7/14/2022 5:00,1.572
7/14/2022 6:00,1.619
7/14/2022 7:00,1.641
7/14/2022 8:00,1.657
7/14/2022 9:00,1.686
7/14/2022 10:00,1.724
7/14/2022 11:00,1.76
7/14/2022 12:00,1.791
7/14/2022 13:00,1.819
7/14/2022 14:00,1.821
7/14/2022 15:00,1.816
7/14/2022 16:00,1.813
7/14/2022 17:00,1.833
7/14/2022 18:00,1.842
7/14/2022 19:00,1.809
7/14/2022 20:00,1.767
7/14/2022 21:00,1.717
7/14/2022 22:00,1.658
7/14/2022 23:00,1.629
7/15/2022 0:00,1.585
7/15/2022 1:00,1.547
7/15/2022 2:00,1.515
7/15/2022 3:00,1.468
7/15/2022 4:00,1.417
7/15/2022 5:00,1.391
7/15/2022 6:00,1.391
7/15/2022 7:00,1.382
7/15/2022 8:00,1.394
7/15/2022 9:00,1.441
7/15/2022 10:00,1.507
7/15/2022 11:00,1.57
7/15/2022 12:00,1.619
7/15/2022 13:00,1.641
7/15/2022 14:00,1.629
7/15/2022 15:00,1.598
7/15/2022 16:00,1.569
7/15/2022 17:00,1.541
7/15/2022 18:00,1.535
7/15/2022 19:00,1.574
7/15/2022 20:00,1.612
7/15/2022 21:00,1.638
7/15/2022 22:00,1.608
7/15/2022 23:00,1.638
7/16/2022 0:00,1.654
7/16/2022 1:00,1.627
7/16/2022 2:00,1.609
7/16/2022 3:00,1.574
7/16/2022 4:00,1.522
7/16/2022 5:00,1.503
7/16/2022 6:00,1.512
7/16/2022 7:00,1.524
7/16/2022 8:00,1.537
7/16/2022 9:00,1.522
7/16/2022 10:00,1.472
7/16/2022 11:00,1.447
7/16/2022 12:00,1.459
7/16/2022 13:00,1.486
7/16/2022 14:00,1.532
7/16/2022 15:00,1.541
7/16/2022 16:00,1.504
7/16/2022 17:00,1.444
7/16/2022 18:00,1.412
7/16/2022 19:00,1.351
7/16/2022 20:00,1.306
7/16/2022 21:00,1.34
7/16/2022 22:00,1.371
7/16/2022 23:00,1.352
7/17/2022 0:00,1.351
7/17/2022 1:00,1.357
7/17/2022 2:00,1.356
7/17/2022 3:00,1.312
7/17/2022 4:00,1.271
7/17/2022 5:00,1.274
7/17/2022 6:00,1.259
7/17/2022 7:00,1.264
7/17/2022 8:00,1.276
7/17/2022 9:00,1.292
7/17/2022 10:00,1.297
7/17/2022 11:00,1.279
7/17/2022 12:00,1.26
7/17/2022 13:00,1.275
7/17/2022 14:00,1.261
7/17/2022 15:00,1.236
7/17/2022 16:00,1.211
7/17/2022 17:00,1.197
7/17/2022 18:00,1.162
7/17/2022 19:00,1.16
7/17/2022 20:00,1.233
7/17/2022 21:00,1.282
7/17/2022 22:00,1.296
7/17/2022 23:00,1.303
7/18/2022 0:00,1.297
7/18/2022 1:00,1.302
7/18/2022 2:00,1.299
7/18/2022 3:00,1.256
7/18/2022 4:00,1.185
7/18/2022 5:00,1.129
7/18/2022 6:00,1.09
7/18/2022 7:00,1.056
7/18/2022 8:00,1.03
7/18/2022 9:00,1.048
7/18/2022 10:00,1.073
7/18/2022 11:00,1.09
7/18/2022 12:00,1.105
7/18/2022 13:00,1.104
7/18/2022 14:00,1.078
7/18/2022 15:00,1.033
7/18/2022 16:00,0.982
7/18/2022 17:00,0.923
7/18/2022 18:00,0.845
7/18/2022 19:00,0.788
7/18/2022 20:00,0.786
7/18/2022 21:00,0.845
7/18/2022 22:00,0.909
7/18/2022 23:00,0.963
7/19/2022 0:00,1.01
7/19/2022 1:00,1.024
7/19/2022 2:00,1.036
7/19/2022 3:00,1.033
7/19/2022 4:00,0.973
7/19/2022 5:00,0.881
7/19/2022 6:00,0.805
7/19/2022 7:00,0.739
7/19/2022 8:00,0.725
7/19/2022 9:00,0.765
7/19/2022 10:00,0.827
7/19/2022 11:00,0.877
7/19/2022 12:00,0.913
7/19/2022 13:00,0.946
7/19/2022 14:00,0.952
7/19/2022 15:00,0.955
7/19/2022 16:00,1
7/19/2022 17:00,1.05
7/19/2022 18:00,1.091
7/19/2022 19:00,1.152
7/19/2022 20:00,1.233
7/19/2022 21:00,1.319
7/19/2022 22:00,1.371
7/19/2022 23:00,1.369
7/20/2022 0:00,1.381
7/20/2022 1:00,1.471
7/20/2022 2:00,1.413
7/20/2022 3:00,1.272
7/20/2022 4:00,1.144
7/20/2022 5:00,1.069
7/20/2022 6:00,1.037
7/20/2022 7:00,1.023
7/20/2022 8:00,1.005
7/20/2022 9:00,0.991
7/20/2022 10:00,0.954
7/20/2022 11:00,0.894
7/20/2022 12:00,0.833
7/20/2022 13:00,0.783
7/20/2022 14:00,0.75
7/20/2022 15:00,0.768
7/20/2022 16:00,0.814
7/20/2022 17:00,0.859
7/20/2022 18:00,0.882
7/20/2022 19:00,0.898
7/20/2022 20:00,0.89
7/20/2022 21:00,0.948
7/20/2022 22:00,1.029
7/20/2022 23:00,1.035
7/21/2022 0:00,1.002
7/21/2022 1:00,1.001
7/21/2022 2:00,0.94
7/21/2022 3:00,0.998
7/21/2022 4:00,0.9
7/21/2022 5:00,0.891
7/21/2022 6:00,0.929
7/21/2022 7:00,0.971
7/21/2022 8:00,1.025
7/21/2022 9:00,1.09
7/21/2022 10:00,1.157
7/21/2022 11:00,1.199
7/21/2022 12:00,1.23
7/21/2022 13:00,1.305
7/21/2022 14:00,1.384
7/21/2022 15:00,1.433
7/21/2022 16:00,1.475
7/21/2022 17:00,1.503
7/21/2022 18:00,1.538
7/21/2022 19:00,1.601
7/21/2022 20:00,1.586
7/21/2022 21:00,1.519
7/21/2022 22:00,1.537
7/21/2022 23:00,1.534
7/22/2022 0:00,1.541
7/22/2022 1:00,1.565
7/22/2022 2:00,1.587
7/22/2022 3:00,1.582
7/22/2022 4:00,1.613
7/22/2022 5:00,1.639
7/22/2022 6:00,1.638
7/22/2022 7:00,1.611
7/22/2022 8:00,1.561
7/22/2022 9:00,1.514
7/22/2022 10:00,1.487
7/22/2022 11:00,1.484
7/22/2022 12:00,1.498
7/22/2022 13:00,1.528
7/22/2022 14:00,1.546
7/22/2022 15:00,1.543
7/22/2022 16:00,1.525
7/22/2022 17:00,1.475
7/22/2022 18:00,1.399
7/22/2022 19:00,1.374
7/22/2022 20:00,1.345
7/22/2022 21:00,1.282
7/22/2022 22:00,1.263
7/22/2022 23:00,1.265
7/23/2022 0:00,1.261
7/23/2022 1:00,1.239
7/23/2022 2:00,1.231
7/23/2022 3:00,1.194
7/23/2022 4:00,1.097
7/23/2022 5:00,1.111
7/23/2022 6:00,1.138
7/23/2022 7:00,1.131
7/23/2022 8:00,1.107
7/23/2022 9:00,1.079
7/23/2022 10:00,1.038
7/23/2022 11:00,1.002
7/23/2022 12:00,0.968
7/23/2022 13:00,0.978
7/23/2022 14:00,1.053
7/23/2022 15:00,1.131
7/23/2022 16:00,1.163
7/23/2022 17:00,1.154
7/23/2022 18:00,1.133
7/23/2022 19:00,1.114
7/23/2022 20:00,1.105
7/23/2022 21:00,1.052
7/23/2022 22:00,1.067
7/23/2022 23:00,1.115
7/24/2022 0:00,1.117
7/24/2022 1:00,1.108
7/24/2022 2:00,1.156
7/24/2022 3:00,1.163
7/24/2022 4:00,1.139
7/24/2022 5:00,1.18
7/24/2022 6:00,1.252
7/24/2022 7:00,1.348
7/24/2022 8:00,1.438
7/24/2022 9:00,1.507
7/24/2022 10:00,1.597
7/24/2022 11:00,1.642
7/24/2022 12:00,1.713
7/24/2022 13:00,1.747
7/24/2022 14:00,1.776
7/24/2022 15:00,1.782
7/24/2022 16:00,1.763
7/24/2022 17:00,1.703
7/24/2022 18:00,1.636
7/24/2022 19:00,1.605
7/24/2022 20:00,1.614
7/24/2022 21:00,1.61
7/24/2022 22:00,1.607
7/24/2022 23:00,1.611
7/25/2022 0:00,1.6
7/25/2022 1:00,1.639
7/25/2022 2:00,1.677
7/25/2022 3:00,1.687
7/25/2022 4:00,1.682
7/25/2022 5:00,1.661
7/25/2022 6:00,1.649
7/25/2022 7:00,1.651
7/25/2022 8:00,1.706
7/25/2022 9:00,1.71
7/25/2022 10:00,1.683
7/25/2022 11:00,1.638
7/25/2022 12:00,1.582
7/25/2022 13:00,1.527
7/25/2022 14:00,1.468
7/25/2022 15:00,1.415
7/25/2022 16:00,1.386
7/25/2022 17:00,1.424
7/25/2022 18:00,1.475
7/25/2022 19:00,1.511
7/25/2022 20:00,1.555
7/25/2022 21:00,1.571
7/25/2022 22:00,1.593
7/25/2022 23:00,1.618
7/26/2022 0:00,1.648
7/26/2022 1:00,1.682
7/26/2022 2:00,1.723
7/26/2022 3:00,1.744
7/26/2022 4:00,1.749
7/26/2022 5:00,1.775
7/26/2022 6:00,1.841
7/26/2022 7:00,1.893
7/26/2022 8:00,1.937
7/26/2022 9:00,1.982
7/26/2022 10:00,2.032
7/26/2022 11:00,2.065
7/26/2022 12:00,2.089
7/26/2022 13:00,2.111
7/26/2022 14:00,2.122
7/26/2022 15:00,2.109
7/26/2022 16:00,2.095
7/26/2022 17:00,2.087
7/26/2022 18:00,2.071
7/26/2022 19:00,2.062
7/26/2022 20:00,2.041
7/26/2022 21:00,2.009
7/26/2022 22:00,2.004
7/26/2022 23:00,1.974
7/27/2022 0:00,1.943
7/27/2022 1:00,1.894
7/27/2022 2:00,1.833
7/27/2022 3:00,1.79
7/27/2022 4:00,1.739
7/27/2022 5:00,1.73
7/27/2022 6:00,1.737
7/27/2022 7:00,1.709
7/27/2022 8:00,1.653
7/27/2022 9:00,1.593
7/27/2022 10:00,1.545
7/27/2022 11:00,1.506
7/27/2022 12:00,1.469
7/27/2022 13:00,1.439
7/27/2022 14:00,1.431
7/27/2022 15:00,1.443
7/27/2022 16:00,1.472
7/27/2022 17:00,1.492
7/27/2022 18:00,1.487
7/27/2022 19:00,1.515
7/27/2022 20:00,1.479
7/27/2022 21:00,1.422
7/27/2022 22:00,1.362
7/27/2022 23:00,1.333
7/28/2022 0:00,1.326
7/28/2022 1:00,1.326
7/28/2022 2:00,1.307
7/28/2022 3:00,1.272
7/28/2022 4:00,1.188
7/28/2022 5:00,1.116
7/28/2022 6:00,1.072
7/28/2022 7:00,1.022
7/28/2022 8:00,0.968
7/28/2022 9:00,0.914
7/28/2022 10:00,0.879
7/28/2022 11:00,0.867
7/28/2022 12:00,0.876
7/28/2022 13:00,0.881
7/28/2022 14:00,0.877
7/28/2022 15:00,0.852
7/28/2022 16:00,0.832
7/28/2022 17:00,0.836
7/28/2022 18:00,0.888
7/28/2022 19:00,1.028
7/28/2022 20:00,1.105
7/28/2022 21:00,1.076
7/28/2022 22:00,1.006
7/28/2022 23:00,0.973
7/29/2022 0:00,0.972
7/29/2022 1:00,0.919
7/29/2022 2:00,0.822
7/29/2022 3:00,0.734
7/29/2022 4:00,0.605
7/29/2022 5:00,0.582
7/29/2022 6:00,0.588
7/29/2022 7:00,0.581
7/29/2022 8:00,0.568
7/29/2022 9:00,0.573
7/29/2022 10:00,0.615
7/29/2022 11:00,0.655
7/29/2022 12:00,0.684
7/29/2022 13:00,0.699
7/29/2022 14:00,0.701
7/29/2022 15:00,0.691
7/29/2022 16:00,0.671
7/29/2022 17:00,0.656
7/29/2022 18:00,0.645
7/29/2022 19:00,0.725
7/29/2022 20:00,0.785
7/29/2022 21:00,0.797
7/29/2022 22:00,0.962
7/29/2022 23:00,1.115
7/30/2022 0:00,1.212
7/30/2022 1:00,1.243
7/30/2022 2:00,1.259
7/30/2022 3:00,1.226
7/30/2022 4:00,1.023
7/30/2022 5:00,0.933
7/30/2022 6:00,0.985
7/30/2022 7:00,1.063
7/30/2022 8:00,1.131
7/30/2022 9:00,1.208
7/30/2022 10:00,1.265
7/30/2022 11:00,1.294
7/30/2022 12:00,1.29
7/30/2022 13:00,1.257
7/30/2022 14:00,1.213
7/30/2022 15:00,1.162
7/30/2022 16:00,1.122
7/30/2022 17:00,1.088
7/30/2022 18:00,1.088
7/30/2022 19:00,1.162
7/30/2022 20:00,1.205
7/30/2022 21:00,1.222
7/30/2022 22:00,1.228
7/30/2022 23:00,1.232
7/31/2022 0:00,1.206
7/31/2022 1:00,1.159
7/31/2022 2:00,1.114
7/31/2022 3:00,1.026
7/31/2022 4:00,0.891
7/31/2022 5:00,0.792
7/31/2022 6:00,0.771
7/31/2022 7:00,0.729
7/31/2022 8:00,0.722
7/31/2022 9:00,0.782
7/31/2022 10:00,0.89
7/31/2022 11:00,0.998
7/31/2022 12:00,1.08
7/31/2022 13:00,1.133
7/31/2022 14:00,1.152
7/31/2022 15:00,1.152
7/31/2022 16:00,1.169
7/31/2022 17:00,1.185
7/31/2022 18:00,1.201
7/31/2022 19:00,1.215
7/31/2022 20:00,1.246
7/31/2022 21:00,1.272
7/31/2022 22:00,1.284
7/31/2022 23:00,1.289
8/1/2022 0:00,1.304
8/1/2022 1:00,1.328
8/1/2022 2:00,1.311
8/1/2022 3:00,1.264
8/1/2022 4:00,1.237
8/1/2022 5:00,1.257
8/1/2022 6:00,1.282
8/1/2022 7:00,1.279
8/1/2022 8:00,1.262
8/1/2022 9:00,1.244
8/1/2022 10:00,1.224
8/1/2022 11:00,1.194
8/1/2022 12:00,1.171
8/1/2022 13:00,1.16
8/1/2022 14:00,1.155
8/1/2022 15:00,1.138
8/1/2022 16:00,1.11
8/1/2022 17:00,1.067
8/1/2022 18:00,1.051
8/1/2022 19:00,1.187
8/1/2022 20:00,1.264
8/1/2022 21:00,1.315
8/1/2022 22:00,1.351
8/1/2022 23:00,1.357
8/2/2022 0:00,1.384
8/2/2022 1:00,1.416
8/2/2022 2:00,1.426
8/2/2022 3:00,1.42
8/2/2022 4:00,1.397
8/2/2022 5:00,1.467
8/2/2022 6:00,1.597
8/2/2022 7:00,1.773
8/2/2022 8:00,1.956
8/2/2022 9:00,2.098
8/2/2022 10:00,2.142
8/2/2022 11:00,2.109
8/2/2022 12:00,2.058
8/2/2022 13:00,1.977
8/2/2022 14:00,1.918
8/2/2022 15:00,1.873
8/2/2022 16:00,1.81
8/2/2022 17:00,1.758
8/2/2022 18:00,1.681
8/2/2022 19:00,1.626
8/2/2022 20:00,1.576
8/2/2022 21:00,1.566
8/2/2022 22:00,1.578
8/2/2022 23:00,1.596
8/3/2022 0:00,1.605
8/3/2022 1:00,1.619
8/3/2022 2:00,1.657
8/3/2022 3:00,1.673
8/3/2022 4:00,1.704
8/3/2022 5:00,1.729
8/3/2022 6:00,1.718
8/3/2022 7:00,1.797
8/3/2022 8:00,1.81
8/3/2022 9:00,1.795
8/3/2022 10:00,1.801
8/3/2022 11:00,1.793
8/3/2022 12:00,1.787
8/3/2022 13:00,1.763
8/3/2022 14:00,1.745
8/3/2022 15:00,1.721
8/3/2022 16:00,1.671
8/3/2022 17:00,1.59
8/3/2022 18:00,1.5
8/3/2022 19:00,1.448
8/3/2022 20:00,1.444
8/3/2022 21:00,1.404
8/3/2022 22:00,1.358
8/3/2022 23:00,1.321
8/4/2022 0:00,1.282
8/4/2022 1:00,1.251
8/4/2022 2:00,1.239
8/4/2022 3:00,1.229
8/4/2022 4:00,1.206
8/4/2022 5:00,1.183
8/4/2022 6:00,1.189
8/4/2022 7:00,1.213
8/4/2022 8:00,1.23
8/4/2022 9:00,1.237
8/4/2022 10:00,1.249
8/4/2022 11:00,1.274
8/4/2022 12:00,1.31
8/4/2022 13:00,1.302
8/4/2022 14:00,1.254
8/4/2022 15:00,1.195
8/4/2022 16:00,1.157
8/4/2022 17:00,1.125
8/4/2022 18:00,1.132
8/4/2022 19:00,1.174
8/4/2022 20:00,1.201
8/4/2022 21:00,1.19
8/4/2022 22:00,1.163
8/4/2022 23:00,1.141
8/5/2022 0:00,1.128
8/5/2022 1:00,1.145
8/5/2022 2:00,1.156
8/5/2022 3:00,1.165
8/5/2022 4:00,1.161
8/5/2022 5:00,1.173
8/5/2022 6:00,1.227
8/5/2022 7:00,1.277
8/5/2022 8:00,1.317
8/5/2022 9:00,1.346
8/5/2022 10:00,1.311
8/5/2022 11:00,1.326
8/5/2022 12:00,1.378
8/5/2022 13:00,1.431
8/5/2022 14:00,1.485
8/5/2022 15:00,1.541
8/5/2022 16:00,1.58
8/5/2022 17:00,1.574
8/5/2022 18:00,1.591
8/5/2022 19:00,1.639
8/5/2022 20:00,1.667
8/5/2022 21:00,1.705
8/5/2022 22:00,1.723
8/5/2022 23:00,1.719
8/6/2022 0:00,1.716
8/6/2022 1:00,1.716
8/6/2022 2:00,1.712
8/6/2022 3:00,1.694
8/6/2022 4:00,1.685
8/6/2022 5:00,1.681
8/6/2022 6:00,1.705
8/6/2022 7:00,1.738
8/6/2022 8:00,1.741
8/6/2022 9:00,1.737
8/6/2022 10:00,1.723
8/6/2022 11:00,1.699
8/6/2022 12:00,1.658
8/6/2022 13:00,1.599
8/6/2022 14:00,1.532
8/6/2022 15:00,1.482
8/6/2022 16:00,1.447
8/6/2022 17:00,1.421
8/6/2022 18:00,1.41
8/6/2022 19:00,1.437
8/6/2022 20:00,1.442
8/6/2022 21:00,1.466
8/6/2022 22:00,1.474
8/6/2022 23:00,1.469
8/7/2022 0:00,1.46
8/7/2022 1:00,1.441
8/7/2022 2:00,1.432
8/7/2022 3:00,1.42
8/7/2022 4:00,1.391
8/7/2022 5:00,1.377
8/7/2022 6:00,1.374
8/7/2022 7:00,1.375
8/7/2022 8:00,1.379
8/7/2022 9:00,1.372
8/7/2022 10:00,1.352
8/7/2022 11:00,1.325
8/7/2022 12:00,1.308
8/7/2022 13:00,1.308
8/7/2022 14:00,1.303
8/7/2022 15:00,1.271
8/7/2022 16:00,1.218
8/7/2022 17:00,1.15
8/7/2022 18:00,1.113
8/7/2022 19:00,1.14
8/7/2022 20:00,1.15
8/7/2022 21:00,1.153
8/7/2022 22:00,1.21
8/7/2022 23:00,1.251
8/8/2022 0:00,1.248
8/8/2022 1:00,1.221
8/8/2022 2:00,1.222
8/8/2022 3:00,1.191
8/8/2022 4:00,0.969
8/8/2022 5:00,0.856
8/8/2022 6:00,0.83
8/8/2022 7:00,0.817
8/8/2022 8:00,0.829
8/8/2022 9:00,0.851
8/8/2022 10:00,0.884
8/8/2022 11:00,0.922
8/8/2022 12:00,0.952
8/8/2022 13:00,0.97
8/8/2022 14:00,0.975
8/8/2022 15:00,0.972
8/8/2022 16:00,0.963
8/8/2022 17:00,0.948
8/8/2022 18:00,1.001
8/8/2022 19:00,1.119
8/8/2022 20:00,1.108
8/8/2022 21:00,1.072
8/8/2022 22:00,1.061
8/8/2022 23:00,1.044
8/9/2022 0:00,1.044
8/9/2022 1:00,1.085
8/9/2022 2:00,1.12
8/9/2022 3:00,1.124
8/9/2022 4:00,1.064
8/9/2022 5:00,1.016
8/9/2022 6:00,1.01
8/9/2022 7:00,1.012
8/9/2022 8:00,1.034
8/9/2022 9:00,1.061
8/9/2022 10:00,1.098
8/9/2022 11:00,1.131
8/9/2022 12:00,1.172
8/9/2022 13:00,1.201
8/9/2022 14:00,1.211
8/9/2022 15:00,1.211
8/9/2022 16:00,1.197
8/9/2022 17:00,1.147
8/9/2022 18:00,1.166
8/9/2022 19:00,1.274
8/9/2022 20:00,1.339
8/9/2022 21:00,1.376
8/9/2022 22:00,1.409
8/9/2022 23:00,1.43
8/10/2022 0:00,1.437
8/10/2022 1:00,1.435
8/10/2022 2:00,1.445
8/10/2022 3:00,1.492
8/10/2022 4:00,1.462
8/10/2022 5:00,1.441
8/10/2022 6:00,1.441
8/10/2022 7:00,1.464
8/10/2022 8:00,1.471
8/10/2022 9:00,1.505
8/10/2022 10:00,1.544
8/10/2022 11:00,1.575
8/10/2022 12:00,1.605
8/10/2022 13:00,1.628
8/10/2022 14:00,1.634
8/10/2022 15:00,1.642
8/10/2022 16:00,1.655
8/10/2022 17:00,1.66
8/10/2022 18:00,1.655
8/10/2022 19:00,1.653
8/10/2022 20:00,1.647
8/10/2022 21:00,1.65
8/10/2022 22:00,1.634
8/10/2022 23:00,1.608
8/11/2022 0:00,1.588
8/11/2022 1:00,1.575
8/11/2022 2:00,1.55
8/11/2022 3:00,1.529
8/11/2022 4:00,1.496
8/11/2022 5:00,1.435
8/11/2022 6:00,1.414
8/11/2022 7:00,1.418
8/11/2022 8:00,1.42
8/11/2022 9:00,1.473
8/11/2022 10:00,1.519
8/11/2022 11:00,1.537
8/11/2022 12:00,1.545
8/11/2022 13:00,1.543
8/11/2022 14:00,1.525
8/11/2022 15:00,1.492
8/11/2022 16:00,1.447
8/11/2022 17:00,1.387
8/11/2022 18:00,1.33
8/11/2022 19:00,1.306
8/11/2022 20:00,1.278
8/11/2022 21:00,1.246
8/11/2022 22:00,1.226
8/11/2022 23:00,1.204
8/12/2022 0:00,1.187
8/12/2022 1:00,1.152
8/12/2022 2:00,1.12
8/12/2022 3:00,1.103
8/12/2022 4:00,1.055
8/12/2022 5:00,0.943
8/12/2022 6:00,0.861
8/12/2022 7:00,0.827
8/12/2022 8:00,0.798
8/12/2022 9:00,0.842
8/12/2022 10:00,0.899
8/12/2022 11:00,0.935
8/12/2022 12:00,0.959
8/12/2022 13:00,0.973
8/12/2022 14:00,0.974
8/12/2022 15:00,0.956
8/12/2022 16:00,0.926
8/12/2022 17:00,0.902
8/12/2022 18:00,0.941
8/12/2022 19:00,1.042
8/12/2022 20:00,1.055
8/12/2022 21:00,1.05
8/12/2022 22:00,1.022
8/12/2022 23:00,1.032
8/13/2022 0:00,1.039
8/13/2022 1:00,1.042
8/13/2022 2:00,1.041
8/13/2022 3:00,1.014
8/13/2022 4:00,0.876
8/13/2022 5:00,0.69
8/13/2022 6:00,0.649
8/13/2022 7:00,0.646
8/13/2022 8:00,0.667
8/13/2022 9:00,0.713
8/13/2022 10:00,0.777
8/13/2022 11:00,0.832
8/13/2022 12:00,0.868
8/13/2022 13:00,0.89
8/13/2022 14:00,0.892
8/13/2022 15:00,0.865
8/13/2022 16:00,0.834
8/13/2022 17:00,0.816
8/13/2022 18:00,0.844
8/13/2022 19:00,0.947
8/13/2022 20:00,0.969
8/13/2022 21:00,1.014
8/13/2022 22:00,1.047
8/13/2022 23:00,1.108
8/14/2022 0:00,1.109
8/14/2022 1:00,1.096
8/14/2022 2:00,1.099
8/14/2022 3:00,1.083
8/14/2022 4:00,0.925
8/14/2022 5:00,0.736
8/14/2022 6:00,0.701
8/14/2022 7:00,0.659
8/14/2022 8:00,0.662
8/14/2022 9:00,0.687
8/14/2022 10:00,0.705
8/14/2022 11:00,0.71
8/14/2022 12:00,0.7
8/14/2022 13:00,0.673
8/14/2022 14:00,0.635
8/14/2022 15:00,0.628
8/14/2022 16:00,0.663
8/14/2022 17:00,0.71
8/14/2022 18:00,0.863
8/14/2022 19:00,0.997
8/14/2022 20:00,1.052
8/14/2022 21:00,1.114
8/14/2022 22:00,1.139
8/14/2022 23:00,1.131
8/15/2022 0:00,1.147
8/15/2022 1:00,1.166
8/15/2022 2:00,1.177
8/15/2022 3:00,1.219
8/15/2022 4:00,1.221
8/15/2022 5:00,1.149
8/15/2022 6:00,1.116
8/15/2022 7:00,1.046
8/15/2022 8:00,1.01
8/15/2022 9:00,0.97
8/15/2022 10:00,0.93
8/15/2022 11:00,0.907
8/15/2022 12:00,0.912
8/15/2022 13:00,0.891
8/15/2022 14:00,0.854
8/15/2022 15:00,0.82
8/15/2022 16:00,0.776
8/15/2022 17:00,0.737
8/15/2022 18:00,0.75
8/15/2022 19:00,0.773
8/15/2022 20:00,0.787
8/15/2022 21:00,0.794
8/15/2022 22:00,0.807
8/15/2022 23:00,0.824
8/16/2022 0:00,0.843
8/16/2022 1:00,0.855
8/16/2022 2:00,0.876
8/16/2022 3:00,0.875
8/16/2022 4:00,0.832
8/16/2022 5:00,0.782
8/16/2022 6:00,0.744
8/16/2022 7:00,0.72
8/16/2022 8:00,0.718
8/16/2022 9:00,0.705
8/16/2022 10:00,0.704
8/16/2022 11:00,0.734
8/16/2022 12:00,0.765
8/16/2022 13:00,0.785
8/16/2022 14:00,0.796
8/16/2022 15:00,0.806
8/16/2022 16:00,0.832
8/16/2022 17:00,0.876
8/16/2022 18:00,0.961
8/16/2022 19:00,1.076
8/16/2022 20:00,1.184
8/16/2022 21:00,1.283
8/16/2022 22:00,1.384
8/16/2022 23:00,1.473
8/17/2022 0:00,1.543
8/17/2022 1:00,1.59
8/17/2022 2:00,1.645
8/17/2022 3:00,1.673
8/17/2022 4:00,1.672
8/17/2022 5:00,1.666
8/17/2022 6:00,1.673
8/17/2022 7:00,1.716
8/17/2022 8:00,1.742
8/17/2022 9:00,1.733
8/17/2022 10:00,1.715
8/17/2022 11:00,1.701
8/17/2022 12:00,1.663
8/17/2022 13:00,1.614
8/17/2022 14:00,1.579
8/17/2022 15:00,1.551
8/17/2022 16:00,1.524
8/17/2022 17:00,1.501
8/17/2022 18:00,1.474
8/17/2022 19:00,1.438
8/17/2022 20:00,1.359
8/17/2022 21:00,1.27
8/17/2022 22:00,1.149
8/17/2022 23:00,1.102
8/18/2022 0:00,1.097
8/18/2022 1:00,1.089
8/18/2022 2:00,1.049
8/18/2022 3:00,0.983
8/18/2022 4:00,0.925
8/18/2022 5:00,0.856
8/18/2022 6:00,0.858
8/18/2022 7:00,0.929
8/18/2022 8:00,1.011
8/18/2022 9:00,1.057
8/18/2022 10:00,1.06
8/18/2022 11:00,1.046
8/18/2022 12:00,1.044
8/18/2022 13:00,1.065
8/18/2022 14:00,1.081
8/18/2022 15:00,1.084
8/18/2022 16:00,1.075
8/18/2022 17:00,1.07
8/18/2022 18:00,1.101
8/18/2022 19:00,1.182
8/18/2022 20:00,1.259
8/18/2022 21:00,1.319
8/18/2022 22:00,1.343
8/18/2022 23:00,1.367
8/19/2022 0:00,1.436
8/19/2022 1:00,1.486
8/19/2022 2:00,1.518
8/19/2022 3:00,1.54
8/19/2022 4:00,1.577
8/19/2022 5:00,1.593
8/19/2022 6:00,1.625
8/19/2022 7:00,1.634
8/19/2022 8:00,1.587
8/19/2022 9:00,1.503
8/19/2022 10:00,1.401
8/19/2022 11:00,1.272
8/19/2022 12:00,1.166
8/19/2022 13:00,1.059
8/19/2022 14:00,0.957
8/19/2022 15:00,0.88
8/19/2022 16:00,0.818
8/19/2022 17:00,0.836
8/19/2022 18:00,0.994
8/19/2022 19:00,1.024
8/19/2022 20:00,1.04
8/19/2022 21:00,1.067
8/19/2022 22:00,1.078
8/19/2022 23:00,1.076
8/20/2022 0:00,1.103
8/20/2022 1:00,1.147
8/20/2022 2:00,1.179
8/20/2022 3:00,1.191
8/20/2022 4:00,1.13
8/20/2022 5:00,1.034
8/20/2022 6:00,1.068
8/20/2022 7:00,1.131
8/20/2022 8:00,1.222
8/20/2022 9:00,1.288
8/20/2022 10:00,1.351
8/20/2022 11:00,1.41
8/20/2022 12:00,1.463
8/20/2022 13:00,1.501
8/20/2022 14:00,1.529
8/20/2022 15:00,1.55
8/20/2022 16:00,1.573
8/20/2022 17:00,1.589
8/20/2022 18:00,1.593
8/20/2022 19:00,1.591
8/20/2022 20:00,1.544
8/20/2022 21:00,1.475
8/20/2022 22:00,1.413
8/20/2022 23:00,1.377
8/21/2022 0:00,1.363
8/21/2022 1:00,1.368
8/21/2022 2:00,1.381
8/21/2022 3:00,1.381
8/21/2022 4:00,1.324
8/21/2022 5:00,1.245
8/21/2022 6:00,1.281
8/21/2022 7:00,1.312
8/21/2022 8:00,1.353
8/21/2022 9:00,1.42
8/21/2022 10:00,1.5
8/21/2022 11:00,1.57
8/21/2022 12:00,1.625
8/21/2022 13:00,1.658
8/21/2022 14:00,1.66
8/21/2022 15:00,1.642
8/21/2022 16:00,1.599
8/21/2022 17:00,1.54
8/21/2022 18:00,1.479
8/21/2022 19:00,1.443
8/21/2022 20:00,1.417
8/21/2022 21:00,1.398
8/21/2022 22:00,1.39
8/21/2022 23:00,1.387
8/22/2022 0:00,1.397
8/22/2022 1:00,1.4
8/22/2022 2:00,1.394
8/22/2022 3:00,1.383
8/22/2022 4:00,1.356
8/22/2022 5:00,1.279
8/22/2022 6:00,1.228
8/22/2022 7:00,1.188
8/22/2022 8:00,1.158
8/22/2022 9:00,1.175
8/22/2022 10:00,1.217
8/22/2022 11:00,1.254
8/22/2022 12:00,1.268
8/22/2022 13:00,1.249
8/22/2022 14:00,1.204
8/22/2022 15:00,1.143
8/22/2022 16:00,1.071
8/22/2022 17:00,1.009
8/22/2022 18:00,1.027
8/22/2022 19:00,1.056
8/22/2022 20:00,1.113
8/22/2022 21:00,1.245
8/22/2022 22:00,1.405
8/22/2022 23:00,1.476
8/23/2022 0:00,1.5
8/23/2022 1:00,1.508
8/23/2022 2:00,1.576
8/23/2022 3:00,1.703
8/23/2022 4:00,1.709
8/23/2022 5:00,1.479
8/23/2022 6:00,1.458
8/23/2022 7:00,1.433
8/23/2022 8:00,1.408
8/23/2022 9:00,1.37
8/23/2022 10:00,1.337
8/23/2022 11:00,1.304
8/23/2022 12:00,1.266
8/23/2022 13:00,1.225
8/23/2022 14:00,1.179
8/23/2022 15:00,1.124
8/23/2022 16:00,1.088
8/23/2022 17:00,1.146
8/23/2022 18:00,1.472
8/23/2022 19:00,1.586
8/23/2022 20:00,1.628
8/23/2022 21:00,1.62
8/23/2022 22:00,1.592
8/23/2022 23:00,1.577
8/24/2022 0:00,1.512
8/24/2022 1:00,1.482
8/24/2022 2:00,1.469
8/24/2022 3:00,1.475
8/24/2022 4:00,1.436
8/24/2022 5:00,1.373
8/24/2022 6:00,1.297
8/24/2022 7:00,1.287
8/24/2022 8:00,1.301
8/24/2022 9:00,1.258
8/24/2022 10:00,1.234
8/24/2022 11:00,1.254
8/24/2022 12:00,1.251
8/24/2022 13:00,1.253
8/24/2022 14:00,1.255
8/24/2022 15:00,1.267
8/24/2022 16:00,1.268
8/24/2022 17:00,1.309
8/24/2022 18:00,1.552
8/24/2022 19:00,1.625
8/24/2022 20:00,1.651
8/24/2022 21:00,1.686
8/24/2022 22:00,1.69
8/24/2022 23:00,1.63
8/25/2022 0:00,1.571
8/25/2022 1:00,1.553
8/25/2022 2:00,1.492
8/25/2022 3:00,1.409
8/25/2022 4:00,1.318
8/25/2022 5:00,1.119
8/25/2022 6:00,0.985
8/25/2022 7:00,0.924
8/25/2022 8:00,0.899
8/25/2022 9:00,0.895
8/25/2022 10:00,0.921
8/25/2022 11:00,0.949
8/25/2022 12:00,0.964
8/25/2022 13:00,0.962
8/25/2022 14:00,0.943
8/25/2022 15:00,0.907
8/25/2022 16:00,0.876
8/25/2022 17:00,0.89
8/25/2022 18:00,1.012
8/25/2022 19:00,1.143
8/25/2022 20:00,1.219
8/25/2022 21:00,1.259
8/25/2022 22:00,1.308
8/25/2022 23:00,1.33
8/26/2022 0:00,1.333
8/26/2022 1:00,1.309
8/26/2022 2:00,1.223
8/26/2022 3:00,1.128
8/26/2022 4:00,1.035
8/26/2022 5:00,0.911
8/26/2022 6:00,0.926
8/26/2022 7:00,0.99
8/26/2022 8:00,1.066
8/26/2022 9:00,1.122
8/26/2022 10:00,1.152
8/26/2022 11:00,1.166
8/26/2022 12:00,1.173
8/26/2022 13:00,1.168
8/26/2022 14:00,1.137
8/26/2022 15:00,1.098
8/26/2022 16:00,1.073
8/26/2022 17:00,1.063
8/26/2022 18:00,1.106
8/26/2022 19:00,1.143
8/26/2022 20:00,1.164
8/26/2022 21:00,1.173
8/26/2022 22:00,1.164
8/26/2022 23:00,1.182
8/27/2022 0:00,1.215
8/27/2022 1:00,1.234
8/27/2022 2:00,1.268
8/27/2022 3:00,1.264
8/27/2022 4:00,1.218
8/27/2022 5:00,1.149
8/27/2022 6:00,1.145
8/27/2022 7:00,1.212
8/27/2022 8:00,1.247
8/27/2022 9:00,1.266
8/27/2022 10:00,1.256
8/27/2022 11:00,1.247
8/27/2022 12:00,1.26
8/27/2022 13:00,1.296
8/27/2022 14:00,1.334
8/27/2022 15:00,1.361
8/27/2022 16:00,1.374
8/27/2022 17:00,1.396
8/27/2022 18:00,1.56
8/27/2022 19:00,1.598
8/27/2022 20:00,1.589
8/27/2022 21:00,1.579
8/27/2022 22:00,1.57
8/27/2022 23:00,1.536
8/28/2022 0:00,1.538
8/28/2022 1:00,1.546
8/28/2022 2:00,1.549
8/28/2022 3:00,1.544
8/28/2022 4:00,1.547
8/28/2022 5:00,1.527
8/28/2022 6:00,1.544
8/28/2022 7:00,1.594
8/28/2022 8:00,1.611
8/28/2022 9:00,1.597
8/28/2022 10:00,1.568
8/28/2022 11:00,1.554
8/28/2022 12:00,1.561
8/28/2022 13:00,1.576
8/28/2022 14:00,1.588
8/28/2022 15:00,1.581
8/28/2022 16:00,1.545
8/28/2022 17:00,1.502
8/28/2022 18:00,1.542
8/28/2022 19:00,1.547
8/28/2022 20:00,1.49
8/28/2022 21:00,1.443
8/28/2022 22:00,1.382
8/28/2022 23:00,1.343
8/29/2022 0:00,1.314
8/29/2022 1:00,1.291
8/29/2022 2:00,1.271
8/29/2022 3:00,1.226
8/29/2022 4:00,1.164
8/29/2022 5:00,1.034
8/29/2022 6:00,0.954
8/29/2022 7:00,0.944
8/29/2022 8:00,0.967
8/29/2022 9:00,0.971
8/29/2022 10:00,0.976
8/29/2022 11:00,0.976
8/29/2022 12:00,0.968
8/29/2022 13:00,0.953
8/29/2022 14:00,0.933
8/29/2022 15:00,0.916
8/29/2022 16:00,0.904
8/29/2022 17:00,0.986
8/29/2022 18:00,1.236
8/29/2022 19:00,1.244
8/29/2022 20:00,1.176
8/29/2022 21:00,1.105
8/29/2022 22:00,1.062
8/29/2022 23:00,1.002
8/30/2022 0:00,0.964
8/30/2022 1:00,0.953
8/30/2022 2:00,0.957
8/30/2022 3:00,0.958
8/30/2022 4:00,0.925
8/30/2022 5:00,0.868
8/30/2022 6:00,0.787
8/30/2022 7:00,0.8
8/30/2022 8:00,0.821
8/30/2022 9:00,0.854
8/30/2022 10:00,0.899
8/30/2022 11:00,0.948
8/30/2022 12:00,1.005
8/30/2022 13:00,1.055
8/30/2022 14:00,1.084
8/30/2022 15:00,1.076
8/30/2022 16:00,1.039
8/30/2022 17:00,1.042
8/30/2022 18:00,1.219
8/30/2022 19:00,1.255
8/30/2022 20:00,1.227
8/30/2022 21:00,1.179
8/30/2022 22:00,1.186
8/30/2022 23:00,1.192
8/31/2022 0:00,1.188
8/31/2022 1:00,1.175
8/31/2022 2:00,1.177
8/31/2022 3:00,1.141
8/31/2022 4:00,1.099
8/31/2022 5:00,0.985
8/31/2022 6:00,0.845
8/31/2022 7:00,0.799
8/31/2022 8:00,0.781
8/31/2022 9:00,0.776
8/31/2022 10:00,0.781
8/31/2022 11:00,0.795
8/31/2022 12:00,0.812
8/31/2022 13:00,0.832
8/31/2022 14:00,0.873
8/31/2022 15:00,0.894
8/31/2022 16:00,0.903
8/31/2022 17:00,1.043
8/31/2022 18:00,1.103
8/31/2022 19:00,1.063
8/31/2022 20:00,1.05
8/31/2022 21:00,1.102
8/31/2022 22:00,1.159
8/31/2022 23:00,1.124
9/1/2022 0:00,1.022
9/1/2022 1:00,0.961
9/1/2022 2:00,0.951
9/1/2022 3:00,0.948
9/1/2022 4:00,0.95
9/1/2022 5:00,0.849
9/1/2022 6:00,0.736
9/1/2022 7:00,0.684
9/1/2022 8:00,0.677
9/1/2022 9:00,0.696
9/1/2022 10:00,0.719
9/1/2022 11:00,0.747
9/1/2022 12:00,0.781
9/1/2022 13:00,0.818
9/1/2022 14:00,0.866
9/1/2022 15:00,0.903
9/1/2022 16:00,0.915
9/1/2022 17:00,0.961
9/1/2022 18:00,1.086
9/1/2022 19:00,1.049
9/1/2022 20:00,1.02
9/1/2022 21:00,0.993
9/1/2022 22:00,0.957
9/1/2022 23:00,0.931
9/2/2022 0:00,0.918
9/2/2022 1:00,0.911
9/2/2022 2:00,0.91
9/2/2022 3:00,0.904
9/2/2022 4:00,0.892
9/2/2022 5:00,0.861
9/2/2022 6:00,0.825
9/2/2022 7:00,0.81
9/2/2022 8:00,0.796
9/2/2022 9:00,0.786
9/2/2022 10:00,0.793
9/2/2022 11:00,0.806
9/2/2022 12:00,0.815
9/2/2022 13:00,0.828
9/2/2022 14:00,0.836
9/2/2022 15:00,0.826
9/2/2022 16:00,0.814
9/2/2022 17:00,0.831
9/2/2022 18:00,0.935
9/2/2022 19:00,1
9/2/2022 20:00,1.038
9/2/2022 21:00,1.076
9/2/2022 22:00,1.106
9/2/2022 23:00,1.122
9/3/2022 0:00,1.133
9/3/2022 1:00,1.137
9/3/2022 2:00,1.15
9/3/2022 3:00,1.16
9/3/2022 4:00,1.178
9/3/2022 5:00,1.143
9/3/2022 6:00,1.059
9/3/2022 7:00,0.992
9/3/2022 8:00,0.937
9/3/2022 9:00,0.849
9/3/2022 10:00,0.79
9/3/2022 11:00,0.764
9/3/2022 12:00,0.751
9/3/2022 13:00,0.747
9/3/2022 14:00,0.756
9/3/2022 15:00,0.794
9/3/2022 16:00,0.822
9/3/2022 17:00,0.908
9/3/2022 18:00,1.131
9/3/2022 19:00,1.174
9/3/2022 20:00,1.188
9/3/2022 21:00,1.153
9/3/2022 22:00,1.12
9/3/2022 23:00,1.118
9/4/2022 0:00,1.125
9/4/2022 1:00,1.136
9/4/2022 2:00,1.133
9/4/2022 3:00,1.104
9/4/2022 4:00,1.062
9/4/2022 5:00,1.043
9/4/2022 6:00,1.014
9/4/2022 7:00,1
9/4/2022 8:00,1
9/4/2022 9:00,0.97
9/4/2022 10:00,0.916
9/4/2022 11:00,0.87
9/4/2022 12:00,0.825
9/4/2022 13:00,0.788
9/4/2022 14:00,0.757
9/4/2022 15:00,0.751
9/4/2022 16:00,0.775
9/4/2022 17:00,0.917
9/4/2022 18:00,1.152
9/4/2022 19:00,1.209
9/4/2022 20:00,1.242
9/4/2022 21:00,1.262
9/4/2022 22:00,1.284
9/4/2022 23:00,1.325
9/5/2022 0:00,1.346
9/5/2022 1:00,1.355
9/5/2022 2:00,1.372
9/5/2022 3:00,1.36
9/5/2022 4:00,1.355
9/5/2022 5:00,1.294
9/5/2022 6:00,1.211
9/5/2022 7:00,1.217
9/5/2022 8:00,1.21
9/5/2022 9:00,1.195
9/5/2022 10:00,1.183
9/5/2022 11:00,1.165
9/5/2022 12:00,1.147
9/5/2022 13:00,1.125
9/5/2022 14:00,1.096
9/5/2022 15:00,1.06
9/5/2022 16:00,1.036
9/5/2022 17:00,1.199
9/5/2022 18:00,1.402
9/5/2022 19:00,1.44
9/5/2022 20:00,1.457
9/5/2022 21:00,1.449
9/5/2022 22:00,1.488
9/5/2022 23:00,1.533
9/6/2022 0:00,1.557
9/6/2022 1:00,1.558
9/6/2022 2:00,1.55
9/6/2022 3:00,1.541
9/6/2022 4:00,1.524
9/6/2022 5:00,1.343
9/6/2022 6:00,1.168
9/6/2022 7:00,1.105
9/6/2022 8:00,1.111
9/6/2022 9:00,1.104
9/6/2022 10:00,1.076
9/6/2022 11:00,1.032
9/6/2022 12:00,0.986
9/6/2022 13:00,0.966
9/6/2022 14:00,0.981
9/6/2022 15:00,0.999
9/6/2022 16:00,1.012
9/6/2022 17:00,1.113
9/6/2022 18:00,1.238
9/6/2022 19:00,1.251
9/6/2022 20:00,1.297
9/6/2022 21:00,1.31
9/6/2022 22:00,1.387
9/6/2022 23:00,1.479
9/7/2022 0:00,1.515
9/7/2022 1:00,1.507
9/7/2022 2:00,1.504
9/7/2022 3:00,1.502
9/7/2022 4:00,1.515
9/7/2022 5:00,1.355
9/7/2022 6:00,1.147
9/7/2022 7:00,1.127
9/7/2022 8:00,1.156
9/7/2022 9:00,1.161
9/7/2022 10:00,1.133
9/7/2022 11:00,1.067
9/7/2022 12:00,0.982
9/7/2022 13:00,0.931
9/7/2022 14:00,0.928
9/7/2022 15:00,0.948
9/7/2022 16:00,1
9/7/2022 17:00,1.124
9/7/2022 18:00,1.29
9/7/2022 19:00,1.347
9/7/2022 20:00,1.34
9/7/2022 21:00,1.334
9/7/2022 22:00,1.317
9/7/2022 23:00,1.308
9/8/2022 0:00,1.331
9/8/2022 1:00,1.365
9/8/2022 2:00,1.38
9/8/2022 3:00,1.396
9/8/2022 4:00,1.377
9/8/2022 5:00,1.373
9/8/2022 6:00,1.409
9/8/2022 7:00,1.443
9/8/2022 8:00,1.435
9/8/2022 9:00,1.443
9/8/2022 10:00,1.427
9/8/2022 11:00,1.38
9/8/2022 12:00,1.327
9/8/2022 13:00,1.27
9/8/2022 14:00,1.216
9/8/2022 15:00,1.188
9/8/2022 16:00,1.191
9/8/2022 17:00,1.295
9/8/2022 18:00,1.413
9/8/2022 19:00,1.463
9/8/2022 20:00,1.489
9/8/2022 21:00,1.486
9/8/2022 22:00,1.485
9/8/2022 23:00,1.474
9/9/2022 0:00,1.473
9/9/2022 1:00,1.482
9/9/2022 2:00,1.495
9/9/2022 3:00,1.503
9/9/2022 4:00,1.518
9/9/2022 5:00,1.51
9/9/2022 6:00,1.481
9/9/2022 7:00,1.497
9/9/2022 8:00,1.52
9/9/2022 9:00,1.534
9/9/2022 10:00,1.517
9/9/2022 11:00,1.469
9/9/2022 12:00,1.408
9/9/2022 13:00,1.335
9/9/2022 14:00,1.266
9/9/2022 15:00,1.201
9/9/2022 16:00,1.19
9/9/2022 17:00,1.238
9/9/2022 18:00,1.314
9/9/2022 19:00,1.317
9/9/2022 20:00,1.289
9/9/2022 21:00,1.267
9/9/2022 22:00,1.249
9/9/2022 23:00,1.224
9/10/2022 0:00,1.212
9/10/2022 1:00,1.201
9/10/2022 2:00,1.186
9/10/2022 3:00,1.165
9/10/2022 4:00,1.137
9/10/2022 5:00,1.063
9/10/2022 6:00,0.964
9/10/2022 7:00,0.901
9/10/2022 8:00,0.815
9/10/2022 9:00,0.748
9/10/2022 10:00,0.698
9/10/2022 11:00,0.681
9/10/2022 12:00,0.742
9/10/2022 13:00,0.804
9/10/2022 14:00,0.837
9/10/2022 15:00,0.842
9/10/2022 16:00,0.855
9/10/2022 17:00,1.029
9/10/2022 18:00,1.165
9/10/2022 19:00,1.138
9/10/2022 20:00,1.058
9/10/2022 21:00,0.982
9/10/2022 22:00,0.972
9/10/2022 23:00,1.015
9/11/2022 0:00,1.052
9/11/2022 1:00,1.047
9/11/2022 2:00,0.99
9/11/2022 3:00,0.922
9/11/2022 4:00,0.887
9/11/2022 5:00,0.792
9/11/2022 6:00,0.585
9/11/2022 7:00,0.566
9/11/2022 8:00,0.572
9/11/2022 9:00,0.611
9/11/2022 10:00,0.668
9/11/2022 11:00,0.743
9/11/2022 12:00,0.813
9/11/2022 13:00,0.877
9/11/2022 14:00,0.913
9/11/2022 15:00,0.914
9/11/2022 16:00,0.913
9/11/2022 17:00,1.009
9/11/2022 18:00,1.125
9/11/2022 19:00,1.186
9/11/2022 20:00,1.217
9/11/2022 21:00,1.257
9/11/2022 22:00,1.289
9/11/2022 23:00,1.316
9/12/2022 0:00,1.35
9/12/2022 1:00,1.387
9/12/2022 2:00,1.482
9/12/2022 3:00,1.543
9/12/2022 4:00,1.567
9/12/2022 5:00,1.574
9/12/2022 6:00,1.526
9/12/2022 7:00,1.583
9/12/2022 8:00,1.677
9/12/2022 9:00,1.764
9/12/2022 10:00,1.849
9/12/2022 11:00,1.916
9/12/2022 12:00,1.922
9/12/2022 13:00,1.855
9/12/2022 14:00,1.746
9/12/2022 15:00,1.627
9/12/2022 16:00,1.558
9/12/2022 17:00,1.603
9/12/2022 18:00,1.668
9/12/2022 19:00,1.695
9/12/2022 20:00,1.675
9/12/2022 21:00,1.648
9/12/2022 22:00,1.632
9/12/2022 23:00,1.635
9/13/2022 0:00,1.678
9/13/2022 1:00,1.584
9/13/2022 2:00,1.476
9/13/2022 3:00,1.445
9/13/2022 4:00,1.429
9/13/2022 5:00,1.415
9/13/2022 6:00,1.404
9/13/2022 7:00,1.407
9/13/2022 8:00,1.444
9/13/2022 9:00,1.506
9/13/2022 10:00,1.587
9/13/2022 11:00,1.684
9/13/2022 12:00,1.772
9/13/2022 13:00,1.822
9/13/2022 14:00,1.85
9/13/2022 15:00,1.883
9/13/2022 16:00,1.921
9/13/2022 17:00,1.962
9/13/2022 18:00,1.974
9/13/2022 19:00,1.92
9/13/2022 20:00,1.877
9/13/2022 21:00,1.854
9/13/2022 22:00,1.832
9/13/2022 23:00,1.792
9/14/2022 0:00,1.737
9/14/2022 1:00,1.713
9/14/2022 2:00,1.668
9/14/2022 3:00,1.627
9/14/2022 4:00,1.59
9/14/2022 5:00,1.551
9/14/2022 6:00,1.477
9/14/2022 7:00,1.445
9/14/2022 8:00,1.44
9/14/2022 9:00,1.41
9/14/2022 10:00,1.385
9/14/2022 11:00,1.39
9/14/2022 12:00,1.425
9/14/2022 13:00,1.473
9/14/2022 14:00,1.51
9/14/2022 15:00,1.54
9/14/2022 16:00,1.568
9/14/2022 17:00,1.766
9/14/2022 18:00,1.811
9/14/2022 19:00,1.8
9/14/2022 20:00,1.78
9/14/2022 21:00,1.763
9/14/2022 22:00,1.788
9/14/2022 23:00,1.811
9/15/2022 0:00,1.837
9/15/2022 1:00,1.867
9/15/2022 2:00,1.874
9/15/2022 3:00,1.877
9/15/2022 4:00,1.873
9/15/2022 5:00,1.857
9/15/2022 6:00,1.843
9/15/2022 7:00,1.869
9/15/2022 8:00,1.95
9/15/2022 9:00,1.98
9/15/2022 10:00,1.993
9/15/2022 11:00,2.007
9/15/2022 12:00,2.026
9/15/2022 13:00,2.042
9/15/2022 14:00,2.04
9/15/2022 15:00,2.026
9/15/2022 16:00,2.04
9/15/2022 17:00,2.09
9/15/2022 18:00,2.114
9/15/2022 19:00,2.1
9/15/2022 20:00,2.076
9/15/2022 21:00,2.027
9/15/2022 22:00,1.997
9/15/2022 23:00,1.977
9/16/2022 0:00,1.964
9/16/2022 1:00,1.939
9/16/2022 2:00,1.926
9/16/2022 3:00,1.907
9/16/2022 4:00,1.907
9/16/2022 5:00,1.919
9/16/2022 6:00,1.925
9/16/2022 7:00,1.975
9/16/2022 8:00,2.059
9/16/2022 9:00,2.11
9/16/2022 10:00,2.128
9/16/2022 11:00,2.132
9/16/2022 12:00,2.152
9/16/2022 13:00,2.167
9/16/2022 14:00,2.178
9/16/2022 15:00,2.185
9/16/2022 16:00,2.191
9/16/2022 17:00,2.205
9/16/2022 18:00,2.187
9/16/2022 19:00,2.171
9/16/2022 20:00,2.147
9/16/2022 21:00,2.117
9/16/2022 22:00,2.092
9/16/2022 23:00,2.073
9/17/2022 0:00,2.06
9/17/2022 1:00,2.03
9/17/2022 2:00,2.006
9/17/2022 3:00,1.97
9/17/2022 4:00,1.948
9/17/2022 5:00,1.93
9/17/2022 6:00,1.91
9/17/2022 7:00,1.92
9/17/2022 8:00,2.004
9/17/2022 9:00,2.026
9/17/2022 10:00,2.027
9/17/2022 11:00,2.03
9/17/2022 12:00,2.029
9/17/2022 13:00,2.024
9/17/2022 14:00,2.011
9/17/2022 15:00,1.972
9/17/2022 16:00,1.942
9/17/2022 17:00,1.946
9/17/2022 18:00,1.953
9/17/2022 19:00,1.956
9/17/2022 20:00,1.935
9/17/2022 21:00,1.917
9/17/2022 22:00,1.898
9/17/2022 23:00,1.874
9/18/2022 0:00,1.874
9/18/2022 1:00,1.887
9/18/2022 2:00,1.892
9/18/2022 3:00,1.863
9/18/2022 4:00,1.846
9/18/2022 5:00,1.832
9/18/2022 6:00,1.82
9/18/2022 7:00,1.82
9/18/2022 8:00,1.817
9/18/2022 9:00,1.832
9/18/2022 10:00,1.826
9/18/2022 11:00,1.823
9/18/2022 12:00,1.825
9/18/2022 13:00,1.822
9/18/2022 14:00,1.795
9/18/2022 15:00,1.748
9/18/2022 16:00,1.717
9/18/2022 17:00,1.731
9/18/2022 18:00,1.759
9/18/2022 19:00,1.757
9/18/2022 20:00,1.731
9/18/2022 21:00,1.715
9/18/2022 22:00,1.711
9/18/2022 23:00,1.698
9/19/2022 0:00,1.693
9/19/2022 1:00,1.699
9/19/2022 2:00,1.684
9/19/2022 3:00,1.667
9/19/2022 4:00,1.641
9/19/2022 5:00,1.652
9/19/2022 6:00,1.612
9/19/2022 7:00,1.605
9/19/2022 8:00,1.676
9/19/2022 9:00,1.692
9/19/2022 10:00,1.689
9/19/2022 11:00,1.685
9/19/2022 12:00,1.686
9/19/2022 13:00,1.7
9/19/2022 14:00,1.706
9/19/2022 15:00,1.688
9/19/2022 16:00,1.635
9/19/2022 17:00,1.648
9/19/2022 18:00,1.64
9/19/2022 19:00,1.589
9/19/2022 20:00,1.542
9/19/2022 21:00,1.5
9/19/2022 22:00,1.44
9/19/2022 23:00,1.383
9/20/2022 0:00,1.363
9/20/2022 1:00,1.34
9/20/2022 2:00,1.301
9/20/2022 3:00,1.251
9/20/2022 4:00,1.191
9/20/2022 5:00,1.11
9/20/2022 6:00,0.949
9/20/2022 7:00,0.866
9/20/2022 8:00,0.846
9/20/2022 9:00,0.793
9/20/2022 10:00,0.761
9/20/2022 11:00,0.748
9/20/2022 12:00,0.739
9/20/2022 13:00,0.728
9/20/2022 14:00,0.745
9/20/2022 15:00,0.748
9/20/2022 16:00,0.823
9/20/2022 17:00,1.043
9/20/2022 18:00,1.202
9/20/2022 19:00,1.318
9/20/2022 20:00,1.406
9/20/2022 21:00,1.459
9/20/2022 22:00,1.455
9/20/2022 23:00,1.405
9/21/2022 0:00,1.328
9/21/2022 1:00,1.259
9/21/2022 2:00,1.285
9/21/2022 3:00,1.328
9/21/2022 4:00,1.354
9/21/2022 5:00,1.325
9/21/2022 6:00,1.133
9/21/2022 7:00,1.08
9/21/2022 8:00,1.083
9/21/2022 9:00,1.107
9/21/2022 10:00,1.157
9/21/2022 11:00,1.207
9/21/2022 12:00,1.249
9/21/2022 13:00,1.27
9/21/2022 14:00,1.274
9/21/2022 15:00,1.269
9/21/2022 16:00,1.32
9/21/2022 17:00,1.522
9/21/2022 18:00,1.554
9/21/2022 19:00,1.54
9/21/2022 20:00,1.546
9/21/2022 21:00,1.544
9/21/2022 22:00,1.532
9/21/2022 23:00,1.497
9/22/2022 0:00,1.449
9/22/2022 1:00,1.443
9/22/2022 2:00,1.453
9/22/2022 3:00,1.474
9/22/2022 4:00,1.51
9/22/2022 5:00,1.523
9/22/2022 6:00,1.544
9/22/2022 7:00,1.573
9/22/2022 8:00,1.634
9/22/2022 9:00,1.681
9/22/2022 10:00,1.742
9/22/2022 11:00,1.772
9/22/2022 12:00,1.798
9/22/2022 13:00,1.808
9/22/2022 14:00,1.77
9/22/2022 15:00,1.75
9/22/2022 16:00,1.731
9/22/2022 17:00,1.699
9/22/2022 18:00,1.648
9/22/2022 19:00,1.601
9/22/2022 20:00,1.548
9/22/2022 21:00,1.475
9/22/2022 22:00,1.395
9/22/2022 23:00,1.316
9/23/2022 0:00,1.266
9/23/2022 1:00,1.246
9/23/2022 2:00,1.254
9/23/2022 3:00,1.263
9/23/2022 4:00,1.272
9/23/2022 5:00,1.283
9/23/2022 6:00,1.257
9/23/2022 7:00,1.229
9/23/2022 8:00,1.223
9/23/2022 9:00,1.216
9/23/2022 10:00,1.213
9/23/2022 11:00,1.213
9/23/2022 12:00,1.209
9/23/2022 13:00,1.203
9/23/2022 14:00,1.192
9/23/2022 15:00,1.166
9/23/2022 16:00,1.13
9/23/2022 17:00,1.153
9/23/2022 18:00,1.182
9/23/2022 19:00,1.219
9/23/2022 20:00,1.246
9/23/2022 21:00,1.22
9/23/2022 22:00,1.194
9/23/2022 23:00,1.153
9/24/2022 0:00,1.122
9/24/2022 1:00,1.075
9/24/2022 2:00,1.088
9/24/2022 3:00,1.12
9/24/2022 4:00,1.12
9/24/2022 5:00,1.112
9/24/2022 6:00,1.09
9/24/2022 7:00,1.066
9/24/2022 8:00,1.055
9/24/2022 9:00,1.074
9/24/2022 10:00,1.082
9/24/2022 11:00,1.091
9/24/2022 12:00,1.107
9/24/2022 13:00,1.133
9/24/2022 14:00,1.162
9/24/2022 15:00,1.161
9/24/2022 16:00,1.166
9/24/2022 17:00,1.305
9/24/2022 18:00,1.303
9/24/2022 19:00,1.27
9/24/2022 20:00,1.237
9/24/2022 21:00,1.186
9/24/2022 22:00,1.194
9/24/2022 23:00,1.199
9/25/2022 0:00,1.21
9/25/2022 1:00,1.208
9/25/2022 2:00,1.168
9/25/2022 3:00,1.153
9/25/2022 4:00,1.154
9/25/2022 5:00,1.153
9/25/2022 6:00,1.102
9/25/2022 7:00,1.071
9/25/2022 8:00,1.091
9/25/2022 9:00,1.173
9/25/2022 10:00,1.34
9/25/2022 11:00,1.514
9/25/2022 12:00,1.664
9/25/2022 13:00,1.79
9/25/2022 14:00,1.889
9/25/2022 15:00,1.992
9/25/2022 16:00,2.105
9/25/2022 17:00,2.205
9/25/2022 18:00,2.256
9/25/2022 19:00,2.258
9/25/2022 20:00,2.251
9/25/2022 21:00,2.218
9/25/2022 22:00,2.176
9/25/2022 23:00,2.112
9/26/2022 0:00,2.02
9/26/2022 1:00,1.908
9/26/2022 2:00,1.782
9/26/2022 3:00,1.672
9/26/2022 4:00,1.597
9/26/2022 5:00,1.568
9/26/2022 6:00,1.604
9/26/2022 7:00,1.653
9/26/2022 8:00,1.67
9/26/2022 9:00,1.68
9/26/2022 10:00,1.693
9/26/2022 11:00,1.691
9/26/2022 12:00,1.675
9/26/2022 13:00,1.659
9/26/2022 14:00,1.653
9/26/2022 15:00,1.654
9/26/2022 16:00,1.662
9/26/2022 17:00,1.677
9/26/2022 18:00,1.679
9/26/2022 19:00,1.665
9/26/2022 20:00,1.631
9/26/2022 21:00,1.598
9/26/2022 22:00,1.583
9/26/2022 23:00,1.567
9/27/2022 0:00,1.548
9/27/2022 1:00,1.516
9/27/2022 2:00,1.478
9/27/2022 3:00,1.44
9/27/2022 4:00,1.401
9/27/2022 5:00,1.382
9/27/2022 6:00,1.349
9/27/2022 7:00,1.284
9/27/2022 8:00,1.228
9/27/2022 9:00,1.203
9/27/2022 10:00,1.201
9/27/2022 11:00,1.178
9/27/2022 12:00,1.148
9/27/2022 13:00,1.155
9/27/2022 14:00,1.185
9/27/2022 15:00,1.226
9/27/2022 16:00,1.28
9/27/2022 17:00,1.347
9/27/2022 18:00,1.389
9/27/2022 19:00,1.422
9/27/2022 20:00,1.444
9/27/2022 21:00,1.469
9/27/2022 22:00,1.487
9/27/2022 23:00,1.515
9/28/2022 0:00,1.553
9/28/2022 1:00,1.584
9/28/2022 2:00,1.608
9/28/2022 3:00,1.617
9/28/2022 4:00,1.634
9/28/2022 5:00,1.664
9/28/2022 6:00,1.674
9/28/2022 7:00,1.657
9/28/2022 8:00,1.644
9/28/2022 9:00,1.597
9/28/2022 10:00,1.518
9/28/2022 11:00,1.45
9/28/2022 12:00,1.393
9/28/2022 13:00,1.357
9/28/2022 14:00,1.306
9/28/2022 15:00,1.284
9/28/2022 16:00,1.307
9/28/2022 17:00,1.388
9/28/2022 18:00,1.434
9/28/2022 19:00,1.457
9/28/2022 20:00,1.462
9/28/2022 21:00,1.454
9/28/2022 22:00,1.469
9/28/2022 23:00,1.485
9/29/2022 0:00,1.48
9/29/2022 1:00,1.482
9/29/2022 2:00,1.471
9/29/2022 3:00,1.453
9/29/2022 4:00,1.429
9/29/2022 5:00,1.419
9/29/2022 6:00,1.383
9/29/2022 7:00,1.319
9/29/2022 8:00,1.278
9/29/2022 9:00,1.181
9/29/2022 10:00,1.045
9/29/2022 11:00,0.936
9/29/2022 12:00,0.886
9/29/2022 13:00,0.868
9/29/2022 14:00,0.86
9/29/2022 15:00,0.843
9/29/2022 16:00,0.992
9/29/2022 17:00,1.171
9/29/2022 18:00,1.169
9/29/2022 19:00,1.174
9/29/2022 20:00,1.186
9/29/2022 21:00,1.215
9/29/2022 22:00,1.264
9/29/2022 23:00,1.262
9/30/2022 0:00,1.232
9/30/2022 1:00,1.267
9/30/2022 2:00,1.318
9/30/2022 3:00,1.362
9/30/2022 4:00,1.405
9/30/2022 5:00,1.417
9/30/2022 6:00,1.374
9/30/2022 7:00,1.333
9/30/2022 8:00,1.457
9/30/2022 9:00,1.603
9/30/2022 10:00,1.705
9/30/2022 11:00,1.778
9/30/2022 12:00,1.828
9/30/2022 13:00,1.847
9/30/2022 14:00,1.858
9/30/2022 15:00,1.909
9/30/2022 16:00,2.027
9/30/2022 17:00,2.145
9/30/2022 18:00,2.23
9/30/2022 19:00,2.271
9/30/2022 20:00,2.323
9/30/2022 21:00,2.366
9/30/2022 22:00,2.392
9/30/2022 23:00,2.401
10/1/2022 0:00,2.395
10/1/2022 1:00,2.34
10/1/2022 2:00,2.244
10/1/2022 3:00,2.085
10/1/2022 4:00,1.905
10/1/2022 5:00,1.759
10/1/2022 6:00,1.673
10/1/2022 7:00,1.613
10/1/2022 8:00,1.553
10/1/2022 9:00,1.47
10/1/2022 10:00,1.393
10/1/2022 11:00,1.325
10/1/2022 12:00,1.261
10/1/2022 13:00,1.199
10/1/2022 14:00,1.151
10/1/2022 15:00,1.126
10/1/2022 16:00,1.099
10/1/2022 17:00,1.105
10/1/2022 18:00,1.089
10/1/2022 19:00,1.067
10/1/2022 20:00,1.049
10/1/2022 21:00,1.037
10/1/2022 22:00,1.033
10/1/2022 23:00,1.033
10/2/2022 0:00,1.021
10/2/2022 1:00,1.018
10/2/2022 2:00,1.023
10/2/2022 3:00,1.025
10/2/2022 4:00,1.034
10/2/2022 5:00,1.05
10/2/2022 6:00,1.044
10/2/2022 7:00,1.02
10/2/2022 8:00,1.03
10/2/2022 9:00,1.067
10/2/2022 10:00,1.097
10/2/2022 11:00,1.124
10/2/2022 12:00,1.138
10/2/2022 13:00,1.157
10/2/2022 14:00,1.159
10/2/2022 15:00,1.178
10/2/2022 16:00,1.248
10/2/2022 17:00,1.339
10/2/2022 18:00,1.426
10/2/2022 19:00,1.481
10/2/2022 20:00,1.513
10/2/2022 21:00,1.513
10/2/2022 22:00,1.537
10/2/2022 23:00,1.57
10/3/2022 0:00,1.548
10/3/2022 1:00,1.475
10/3/2022 2:00,1.435
10/3/2022 3:00,1.397
10/3/2022 4:00,1.357
10/3/2022 5:00,1.336
10/3/2022 6:00,1.277
10/3/2022 7:00,1.184
10/3/2022 8:00,1.163
10/3/2022 9:00,1.185
10/3/2022 10:00,1.131
10/3/2022 11:00,1.042
10/3/2022 12:00,0.976
10/3/2022 13:00,0.915
10/3/2022 14:00,0.843
10/3/2022 15:00,0.88
10/3/2022 16:00,1.17
10/3/2022 17:00,1.3
10/3/2022 18:00,1.392
10/3/2022 19:00,1.467
10/3/2022 20:00,1.511
10/3/2022 21:00,1.528
10/3/2022 22:00,1.548
10/3/2022 23:00,1.547
10/4/2022 0:00,1.497
10/4/2022 1:00,1.482
10/4/2022 2:00,1.579
10/4/2022 3:00,1.72
10/4/2022 4:00,1.76
10/4/2022 5:00,1.846
10/4/2022 6:00,1.885
10/4/2022 7:00,1.861
10/4/2022 8:00,1.918
10/4/2022 9:00,2.037
10/4/2022 10:00,2.121
10/4/2022 11:00,2.147
10/4/2022 12:00,2.133
10/4/2022 13:00,2.133
10/4/2022 14:00,2.122
10/4/2022 15:00,2.084
10/4/2022 16:00,2.029
10/4/2022 17:00,1.952
10/4/2022 18:00,1.851
10/4/2022 19:00,1.753
10/4/2022 20:00,1.682
10/4/2022 21:00,1.606
10/4/2022 22:00,1.507
10/4/2022 23:00,1.393
10/5/2022 0:00,1.269
10/5/2022 1:00,1.284
10/5/2022 2:00,1.346
10/5/2022 3:00,1.412
10/5/2022 4:00,1.447
10/5/2022 5:00,1.491
10/5/2022 6:00,1.523
10/5/2022 7:00,1.595
10/5/2022 8:00,1.722
10/5/2022 9:00,1.845
10/5/2022 10:00,1.952
10/5/2022 11:00,2.043
10/5/2022 12:00,2.045
10/5/2022 13:00,1.993
10/5/2022 14:00,1.955
10/5/2022 15:00,1.971
10/5/2022 16:00,1.962
10/5/2022 17:00,1.943
10/5/2022 18:00,1.916
10/5/2022 19:00,1.921
10/5/2022 20:00,1.926
10/5/2022 21:00,1.921
10/5/2022 22:00,1.965
10/5/2022 23:00,2.047
10/6/2022 0:00,2.142
10/6/2022 1:00,2.251
10/6/2022 2:00,2.323
10/6/2022 3:00,2.379
10/6/2022 4:00,2.4
10/6/2022 5:00,2.374
10/6/2022 6:00,2.352
10/6/2022 7:00,2.382
10/6/2022 8:00,2.455
10/6/2022 9:00,2.582
10/6/2022 10:00,2.692
10/6/2022 11:00,2.752
10/6/2022 12:00,2.775
10/6/2022 13:00,2.797
10/6/2022 14:00,2.778
10/6/2022 15:00,2.711
10/6/2022 16:00,2.645
10/6/2022 17:00,2.586
10/6/2022 18:00,2.546
10/6/2022 19:00,2.479
10/6/2022 20:00,2.399
10/6/2022 21:00,2.335
10/6/2022 22:00,2.322
10/6/2022 23:00,2.321
10/7/2022 0:00,2.315
10/7/2022 1:00,2.354
10/7/2022 2:00,2.373
10/7/2022 3:00,2.429
10/7/2022 4:00,2.527
10/7/2022 5:00,2.602
10/7/2022 6:00,2.599
10/7/2022 7:00,2.602
10/7/2022 8:00,2.563
10/7/2022 9:00,2.529
10/7/2022 10:00,2.469
10/7/2022 11:00,2.382
10/7/2022 12:00,2.318
10/7/2022 13:00,2.252
10/7/2022 14:00,2.204
10/7/2022 15:00,2.159
10/7/2022 16:00,2.104
10/7/2022 17:00,2.038
10/7/2022 18:00,1.957
10/7/2022 19:00,1.869
10/7/2022 20:00,1.818
10/7/2022 21:00,1.801
10/7/2022 22:00,1.781
10/7/2022 23:00,1.76
10/8/2022 0:00,1.736
10/8/2022 1:00,1.709
10/8/2022 2:00,1.671
10/8/2022 3:00,1.619
10/8/2022 4:00,1.586
10/8/2022 5:00,1.581
10/8/2022 6:00,1.584
10/8/2022 7:00,1.596
10/8/2022 8:00,1.618
10/8/2022 9:00,1.669
10/8/2022 10:00,1.698
10/8/2022 11:00,1.7
10/8/2022 12:00,1.712
10/8/2022 13:00,1.706
10/8/2022 14:00,1.669
10/8/2022 15:00,1.621
10/8/2022 16:00,1.604
10/8/2022 17:00,1.63
10/8/2022 18:00,1.592
10/8/2022 19:00,1.575
10/8/2022 20:00,1.617
10/8/2022 21:00,1.665
10/8/2022 22:00,1.706
10/8/2022 23:00,1.744
10/9/2022 0:00,1.779
10/9/2022 1:00,1.808
10/9/2022 2:00,1.872
10/9/2022 3:00,1.978
10/9/2022 4:00,1.996
10/9/2022 5:00,1.96
10/9/2022 6:00,1.912
10/9/2022 7:00,1.923
10/9/2022 8:00,1.976
10/9/2022 9:00,2.135
10/9/2022 10:00,2.225
10/9/2022 11:00,2.276
10/9/2022 12:00,2.305
10/9/2022 13:00,2.311
10/9/2022 14:00,2.319
10/9/2022 15:00,2.345
10/9/2022 16:00,2.383
10/9/2022 17:00,2.421
10/9/2022 18:00,2.459
10/9/2022 19:00,2.478
10/9/2022 20:00,2.525
10/9/2022 21:00,2.586
10/9/2022 22:00,2.643
10/9/2022 23:00,2.683
10/10/2022 0:00,2.701
10/10/2022 1:00,2.692
10/10/2022 2:00,2.652
10/10/2022 3:00,2.56
10/10/2022 4:00,2.452
10/10/2022 5:00,2.308
10/10/2022 6:00,2.156
10/10/2022 7:00,2.045
10/10/2022 8:00,1.976
10/10/2022 9:00,1.952
10/10/2022 10:00,1.967
10/10/2022 11:00,1.983
10/10/2022 12:00,1.999
10/10/2022 13:00,2.001
10/10/2022 14:00,1.975
10/10/2022 15:00,1.926
10/10/2022 16:00,1.901
10/10/2022 17:00,1.942
10/10/2022 18:00,1.972
10/10/2022 19:00,1.998
10/10/2022 20:00,2.025
10/10/2022 21:00,2.051
10/10/2022 22:00,2.084
10/10/2022 23:00,2.1
10/11/2022 0:00,2.125
10/11/2022 1:00,2.133
10/11/2022 2:00,2.146
10/11/2022 3:00,2.157
10/11/2022 4:00,2.137
10/11/2022 5:00,2.093
10/11/2022 6:00,2.031
10/11/2022 7:00,1.966
10/11/2022 8:00,1.908
10/11/2022 9:00,1.934
10/11/2022 10:00,1.944
10/11/2022 11:00,1.921
10/11/2022 12:00,1.875
10/11/2022 13:00,1.801
10/11/2022 14:00,1.711
10/11/2022 15:00,1.624
10/11/2022 16:00,1.557
10/11/2022 17:00,1.541
10/11/2022 18:00,1.517
10/11/2022 19:00,1.515
10/11/2022 20:00,1.553
10/11/2022 21:00,1.584
10/11/2022 22:00,1.598
10/11/2022 23:00,1.623
10/12/2022 0:00,1.72
10/12/2022 1:00,1.816
10/12/2022 2:00,1.875
10/12/2022 3:00,1.884
10/12/2022 4:00,1.871
10/12/2022 5:00,1.882
10/12/2022 6:00,1.871
10/12/2022 7:00,1.655
10/12/2022 8:00,1.66
10/12/2022 9:00,1.776
10/12/2022 10:00,1.886
10/12/2022 11:00,1.928
10/12/2022 12:00,1.927
10/12/2022 13:00,1.909
10/12/2022 14:00,1.888
10/12/2022 15:00,1.904
10/12/2022 16:00,1.935
10/12/2022 17:00,1.98
10/12/2022 18:00,2.027
10/12/2022 19:00,2.07
10/12/2022 20:00,2.109
10/12/2022 21:00,2.088
10/12/2022 22:00,1.967
10/12/2022 23:00,1.776
10/13/2022 0:00,1.583
10/13/2022 1:00,1.517
10/13/2022 2:00,1.524
10/13/2022 3:00,1.556
10/13/2022 4:00,1.549
10/13/2022 5:00,1.491
10/13/2022 6:00,1.408
10/13/2022 7:00,1.304
10/13/2022 8:00,1.202
10/13/2022 9:00,1.129
10/13/2022 10:00,1.074
10/13/2022 11:00,1.055
10/13/2022 12:00,1.046
10/13/2022 13:00,1.031
10/13/2022 14:00,0.987
10/13/2022 15:00,1.008
10/13/2022 16:00,1.19
10/13/2022 17:00,1.236
10/13/2022 18:00,1.264
10/13/2022 19:00,1.29
10/13/2022 20:00,1.311
10/13/2022 21:00,1.327
10/13/2022 22:00,1.335
10/13/2022 23:00,1.319
10/14/2022 0:00,1.393
10/14/2022 1:00,1.434
10/14/2022 2:00,1.457
10/14/2022 3:00,1.488
10/14/2022 4:00,1.553
10/14/2022 5:00,1.613
10/14/2022 6:00,1.699
10/14/2022 7:00,1.748
10/14/2022 8:00,1.817
10/14/2022 9:00,1.874
10/14/2022 10:00,1.879
10/14/2022 11:00,1.841
10/14/2022 12:00,1.723
10/14/2022 13:00,1.596
10/14/2022 14:00,1.495
10/14/2022 15:00,1.465
10/14/2022 16:00,1.449
10/14/2022 17:00,1.467
10/14/2022 18:00,1.476
10/14/2022 19:00,1.476
10/14/2022 20:00,1.473
10/14/2022 21:00,1.45
10/14/2022 22:00,1.421
10/14/2022 23:00,1.422
10/15/2022 0:00,1.434
10/15/2022 1:00,1.417
10/15/2022 2:00,1.387
10/15/2022 3:00,1.335
10/15/2022 4:00,1.244
10/15/2022 5:00,1.171
10/15/2022 6:00,1.143
10/15/2022 7:00,1.127
10/15/2022 8:00,1.163
10/15/2022 9:00,1.199
10/15/2022 10:00,1.233
10/15/2022 11:00,1.286
10/15/2022 12:00,1.366
10/15/2022 13:00,1.441
10/15/2022 14:00,1.514
10/15/2022 15:00,1.739
10/15/2022 16:00,1.925
10/15/2022 17:00,2.003
10/15/2022 18:00,2.034
10/15/2022 19:00,1.986
10/15/2022 20:00,1.936
10/15/2022 21:00,1.832
10/15/2022 22:00,1.736
10/15/2022 23:00,1.691
10/16/2022 0:00,1.701
10/16/2022 1:00,1.737
10/16/2022 2:00,1.748
10/16/2022 3:00,1.746
10/16/2022 4:00,1.752
10/16/2022 5:00,1.759
10/16/2022 6:00,1.817
10/16/2022 7:00,1.868
10/16/2022 8:00,1.89
10/16/2022 9:00,1.874
10/16/2022 10:00,1.832
10/16/2022 11:00,1.814
10/16/2022 12:00,1.83
10/16/2022 13:00,1.818
10/16/2022 14:00,1.816
10/16/2022 15:00,1.853
10/16/2022 16:00,1.887
10/16/2022 17:00,1.879
10/16/2022 18:00,1.823
10/16/2022 19:00,1.767
10/16/2022 20:00,1.708
10/16/2022 21:00,1.639
10/16/2022 22:00,1.597
10/16/2022 23:00,1.568
10/17/2022 0:00,1.489
10/17/2022 1:00,1.396
10/17/2022 2:00,1.319
10/17/2022 3:00,1.265
10/17/2022 4:00,1.287
10/17/2022 5:00,1.362
10/17/2022 6:00,1.417
10/17/2022 7:00,1.44
10/17/2022 8:00,1.435
10/17/2022 9:00,1.47
10/17/2022 10:00,1.55
10/17/2022 11:00,1.64
10/17/2022 12:00,1.646
10/17/2022 13:00,1.598
10/17/2022 14:00,1.51
10/17/2022 15:00,1.414
10/17/2022 16:00,1.358
10/17/2022 17:00,1.359
10/17/2022 18:00,1.302
10/17/2022 19:00,1.281
10/17/2022 20:00,1.303
10/17/2022 21:00,1.328
10/17/2022 22:00,1.379
10/17/2022 23:00,1.311
10/18/2022 0:00,1.299
10/18/2022 1:00,1.265
10/18/2022 2:00,1.226
10/18/2022 3:00,1.27
10/18/2022 4:00,1.327
10/18/2022 5:00,1.373
10/18/2022 6:00,1.412
10/18/2022 7:00,1.386
10/18/2022 8:00,1.405
10/18/2022 9:00,1.496
10/18/2022 10:00,1.617
10/18/2022 11:00,1.699
10/18/2022 12:00,1.751
10/18/2022 13:00,1.763
10/18/2022 14:00,1.725
10/18/2022 15:00,1.674
10/18/2022 16:00,1.662
10/18/2022 17:00,1.621
10/18/2022 18:00,1.572
10/18/2022 19:00,1.544
10/18/2022 20:00,1.526
10/18/2022 21:00,1.506
10/18/2022 22:00,1.495
10/18/2022 23:00,1.479
10/19/2022 0:00,1.457
10/19/2022 1:00,1.442
10/19/2022 2:00,1.44
10/19/2022 3:00,1.442
10/19/2022 4:00,1.454
10/19/2022 5:00,1.45
10/19/2022 6:00,1.434
10/19/2022 7:00,1.315
10/19/2022 8:00,1.157
10/19/2022 9:00,1.067
10/19/2022 10:00,1.006
10/19/2022 11:00,1.035
10/19/2022 12:00,1.085
10/19/2022 13:00,1.113
10/19/2022 14:00,1.097
10/19/2022 15:00,1.279
10/19/2022 16:00,1.505
10/19/2022 17:00,1.507
10/19/2022 18:00,1.489
10/19/2022 19:00,1.442
10/19/2022 20:00,1.356
10/19/2022 21:00,1.2
10/19/2022 22:00,1.097
10/19/2022 23:00,1.034
10/20/2022 0:00,1.006
10/20/2022 1:00,1.002
10/20/2022 2:00,0.974
10/20/2022 3:00,0.953
10/20/2022 4:00,0.943
10/20/2022 5:00,0.966
10/20/2022 6:00,0.991
10/20/2022 7:00,0.972
10/20/2022 8:00,0.962
10/20/2022 9:00,0.953
10/20/2022 10:00,0.952
10/20/2022 11:00,0.963
10/20/2022 12:00,0.962
10/20/2022 13:00,0.958
10/20/2022 14:00,0.943
10/20/2022 15:00,1.086
10/20/2022 16:00,1.311
10/20/2022 17:00,1.371
10/20/2022 18:00,1.374
10/20/2022 19:00,1.363
10/20/2022 20:00,1.463
10/20/2022 21:00,1.421
10/20/2022 22:00,1.403
10/20/2022 23:00,1.428
10/21/2022 0:00,1.472
10/21/2022 1:00,1.516
10/21/2022 2:00,1.554
10/21/2022 3:00,1.572
10/21/2022 4:00,1.61
10/21/2022 5:00,1.656
10/21/2022 6:00,1.673
10/21/2022 7:00,1.67
10/21/2022 8:00,1.648
10/21/2022 9:00,1.64
10/21/2022 10:00,1.607
10/21/2022 11:00,1.544
10/21/2022 12:00,1.469
10/21/2022 13:00,1.405
10/21/2022 14:00,1.366
10/21/2022 15:00,1.411
10/21/2022 16:00,1.488
10/21/2022 17:00,1.51
10/21/2022 18:00,1.473
10/21/2022 19:00,1.432
10/21/2022 20:00,1.407
10/21/2022 21:00,1.399
10/21/2022 22:00,1.415
10/21/2022 23:00,1.416
10/22/2022 0:00,1.398
10/22/2022 1:00,1.368
10/22/2022 2:00,1.346
10/22/2022 3:00,1.334
10/22/2022 4:00,1.312
10/22/2022 5:00,1.298
10/22/2022 6:00,1.292
10/22/2022 7:00,1.265
10/22/2022 8:00,1.191
10/22/2022 9:00,1.121
10/22/2022 10:00,1.066
10/22/2022 11:00,1.007
10/22/2022 12:00,0.956
10/22/2022 13:00,0.919
10/22/2022 14:00,0.941
10/22/2022 15:00,1.163
10/22/2022 16:00,1.324
10/22/2022 17:00,1.423
10/22/2022 18:00,1.499
10/22/2022 19:00,1.556
10/22/2022 20:00,1.566
10/22/2022 21:00,1.509
10/22/2022 22:00,1.432
10/22/2022 23:00,1.359
10/23/2022 0:00,1.253
10/23/2022 1:00,1.29
10/23/2022 2:00,1.317
10/23/2022 3:00,1.284
10/23/2022 4:00,1.267
10/23/2022 5:00,1.244
10/23/2022 6:00,1.239
10/23/2022 7:00,1.214
10/23/2022 8:00,1.14
10/23/2022 9:00,1.095
10/23/2022 10:00,1.078
10/23/2022 11:00,1.061
10/23/2022 12:00,1.035
10/23/2022 13:00,1.001
10/23/2022 14:00,1.017
10/23/2022 15:00,1.121
10/23/2022 16:00,1.249
10/23/2022 17:00,1.299
10/23/2022 18:00,1.3
10/23/2022 19:00,1.279
10/23/2022 20:00,1.284
10/23/2022 21:00,1.291
10/23/2022 22:00,1.311
10/23/2022 23:00,1.341
10/24/2022 0:00,1.38
10/24/2022 1:00,1.41
10/24/2022 2:00,1.466
10/24/2022 3:00,1.514
10/24/2022 4:00,1.567
10/24/2022 5:00,1.629
10/24/2022 6:00,1.684
10/24/2022 7:00,1.712
10/24/2022 8:00,1.698
10/24/2022 9:00,1.687
10/24/2022 10:00,1.673
10/24/2022 11:00,1.62
10/24/2022 12:00,1.574
10/24/2022 13:00,1.533
10/24/2022 14:00,1.512
10/24/2022 15:00,1.521
10/24/2022 16:00,1.532
10/24/2022 17:00,1.518
10/24/2022 18:00,1.472
10/24/2022 19:00,1.402
10/24/2022 20:00,1.319
10/24/2022 21:00,1.242
10/24/2022 22:00,1.194
10/24/2022 23:00,1.176
10/25/2022 0:00,1.192
10/25/2022 1:00,1.162
10/25/2022 2:00,1.138
10/25/2022 3:00,1.103
10/25/2022 4:00,1.074
10/25/2022 5:00,1.077
10/25/2022 6:00,1.105
10/25/2022 7:00,1.121
10/25/2022 8:00,1.107
10/25/2022 9:00,1.104
10/25/2022 10:00,1.08
10/25/2022 11:00,1.046
10/25/2022 12:00,1.01
10/25/2022 13:00,0.98
10/25/2022 14:00,0.952
10/25/2022 15:00,0.978
10/25/2022 16:00,1.054
10/25/2022 17:00,1.112
10/25/2022 18:00,1.181
10/25/2022 19:00,1.211
10/25/2022 20:00,1.195
10/25/2022 21:00,1.156
10/25/2022 22:00,1.123
10/25/2022 23:00,1.102
10/26/2022 0:00,1.093
10/26/2022 1:00,1.074
10/26/2022 2:00,1.084
10/26/2022 3:00,1.115
10/26/2022 4:00,1.139
10/26/2022 5:00,1.137
10/26/2022 6:00,1.166
10/26/2022 7:00,1.094
10/26/2022 8:00,0.965
10/26/2022 9:00,0.935
10/26/2022 10:00,0.945
10/26/2022 11:00,0.996
10/26/2022 12:00,1.06
10/26/2022 13:00,1.17
10/26/2022 14:00,1.297
10/26/2022 15:00,1.412
10/26/2022 16:00,1.515
10/26/2022 17:00,1.569
10/26/2022 18:00,1.615
10/26/2022 19:00,1.584
10/26/2022 20:00,1.53
10/26/2022 21:00,1.507
10/26/2022 22:00,1.509
10/26/2022 23:00,1.525
10/27/2022 0:00,1.515
10/27/2022 1:00,1.48
10/27/2022 2:00,1.486
10/27/2022 3:00,1.509
10/27/2022 4:00,1.534
10/27/2022 5:00,1.5
10/27/2022 6:00,1.511
10/27/2022 7:00,1.506
10/27/2022 8:00,1.48
10/27/2022 9:00,1.488
10/27/2022 10:00,1.485
10/27/2022 11:00,1.478
10/27/2022 12:00,1.464
10/27/2022 13:00,1.448
10/27/2022 14:00,1.445
10/27/2022 15:00,1.45
10/27/2022 16:00,1.462
10/27/2022 17:00,1.469
10/27/2022 18:00,1.461
10/27/2022 19:00,1.44
10/27/2022 20:00,1.429
10/27/2022 21:00,1.411
10/27/2022 22:00,1.387
10/27/2022 23:00,1.34
10/28/2022 0:00,1.303
10/28/2022 1:00,1.255
10/28/2022 2:00,1.255
10/28/2022 3:00,1.22
10/28/2022 4:00,1.163
10/28/2022 5:00,1.147
10/28/2022 6:00,1.125
10/28/2022 7:00,1.079
10/28/2022 8:00,0.984
10/28/2022 9:00,0.966
10/28/2022 10:00,0.979
10/28/2022 11:00,1.045
10/28/2022 12:00,1.099
10/28/2022 13:00,1.179
10/28/2022 14:00,1.251
10/28/2022 15:00,1.319
10/28/2022 16:00,1.302
10/28/2022 17:00,1.334
10/28/2022 18:00,1.39
10/28/2022 19:00,1.489
10/28/2022 20:00,1.621
10/28/2022 21:00,1.691
10/28/2022 22:00,1.706
10/28/2022 23:00,1.725
10/29/2022 0:00,1.769
10/29/2022 1:00,1.83
10/29/2022 2:00,1.84
10/29/2022 3:00,1.803
10/29/2022 4:00,1.796
10/29/2022 5:00,1.82
10/29/2022 6:00,1.805
10/29/2022 7:00,1.754
10/29/2022 8:00,1.681
10/29/2022 9:00,1.598
10/29/2022 10:00,1.539
10/29/2022 11:00,1.494
10/29/2022 12:00,1.426
10/29/2022 13:00,1.351
10/29/2022 14:00,1.267
10/29/2022 15:00,1.192
10/29/2022 16:00,1.18
10/29/2022 17:00,1.208
10/29/2022 18:00,1.251
10/29/2022 19:00,1.299
10/29/2022 20:00,1.326
10/29/2022 21:00,1.35
10/29/2022 22:00,1.406
10/29/2022 23:00,1.473
10/30/2022 0:00,1.525
10/30/2022 1:00,1.549
10/30/2022 2:00,1.568
10/30/2022 3:00,1.555
10/30/2022 4:00,1.535
10/30/2022 5:00,1.498
10/30/2022 6:00,1.444
10/30/2022 7:00,1.391
10/30/2022 8:00,1.307
10/30/2022 9:00,1.268
10/30/2022 10:00,1.23
10/30/2022 11:00,1.201
10/30/2022 12:00,1.198
10/30/2022 13:00,1.148
10/30/2022 14:00,1.153
10/30/2022 15:00,1.271
10/30/2022 16:00,1.261
10/30/2022 17:00,1.23
10/30/2022 18:00,1.241
10/30/2022 19:00,1.273
10/30/2022 20:00,1.335
10/30/2022 21:00,1.36
10/30/2022 22:00,1.353
10/30/2022 23:00,1.378
10/31/2022 0:00,1.424
10/31/2022 1:00,1.452
10/31/2022 2:00,1.466
10/31/2022 3:00,1.44
10/31/2022 4:00,1.396
10/31/2022 5:00,1.402
10/31/2022 6:00,1.409
10/31/2022 7:00,1.394
10/31/2022 8:00,1.342
10/31/2022 9:00,1.31
10/31/2022 10:00,1.299
10/31/2022 11:00,1.289
10/31/2022 12:00,1.284
10/31/2022 13:00,1.272
10/31/2022 14:00,1.268
10/31/2022 15:00,1.303
10/31/2022 16:00,1.35
10/31/2022 17:00,1.371
10/31/2022 18:00,1.458
10/31/2022 19:00,1.499
10/31/2022 20:00,1.503
10/31/2022 21:00,1.508
10/31/2022 22:00,1.528
10/31/2022 23:00,1.581
11/1/2022 0:00,1.616
11/1/2022 1:00,1.616
11/1/2022 2:00,1.596
11/1/2022 3:00,1.608
11/1/2022 4:00,1.661
11/1/2022 5:00,1.71
11/1/2022 6:00,1.774
11/1/2022 7:00,1.91
11/1/2022 8:00,2.018
11/1/2022 9:00,2.114
11/1/2022 10:00,2.157
11/1/2022 11:00,2.189
11/1/2022 12:00,2.254
11/1/2022 13:00,2.292
11/1/2022 14:00,2.294
11/1/2022 15:00,2.313
11/1/2022 16:00,2.343
11/1/2022 17:00,2.316
11/1/2022 18:00,2.251
11/1/2022 19:00,2.171
11/1/2022 20:00,2.065
11/1/2022 21:00,2.012
11/1/2022 22:00,1.983
11/1/2022 23:00,1.955
11/2/2022 0:00,1.901
11/2/2022 1:00,1.828
11/2/2022 2:00,1.738
11/2/2022 3:00,1.62
11/2/2022 4:00,1.507
11/2/2022 5:00,1.412
11/2/2022 6:00,1.364
11/2/2022 7:00,1.337
11/2/2022 8:00,1.282
11/2/2022 9:00,1.261
11/2/2022 10:00,1.258
11/2/2022 11:00,1.287
11/2/2022 12:00,1.312
11/2/2022 13:00,1.303
11/2/2022 14:00,1.283
11/2/2022 15:00,1.326
11/2/2022 16:00,1.393
11/2/2022 17:00,1.459
11/2/2022 18:00,1.557
11/2/2022 19:00,1.692
11/2/2022 20:00,1.819
11/2/2022 21:00,1.948
11/2/2022 22:00,2.049
11/2/2022 23:00,2.114
11/3/2022 0:00,2.198
11/3/2022 1:00,2.265
11/3/2022 2:00,2.295
11/3/2022 3:00,2.31
11/3/2022 4:00,2.339
11/3/2022 5:00,2.386
11/3/2022 6:00,2.365
11/3/2022 7:00,2.31
11/3/2022 8:00,2.229
11/3/2022 9:00,2.151
11/3/2022 10:00,2.046
11/3/2022 11:00,1.92
11/3/2022 12:00,1.796
11/3/2022 13:00,1.686
11/3/2022 14:00,1.613
11/3/2022 15:00,1.566
11/3/2022 16:00,1.543
11/3/2022 17:00,1.518
11/3/2022 18:00,1.48
11/3/2022 19:00,1.444
11/3/2022 20:00,1.404
11/3/2022 21:00,1.373
11/3/2022 22:00,1.316
11/3/2022 23:00,1.249
11/4/2022 0:00,1.185
11/4/2022 1:00,1.156
11/4/2022 2:00,1.178
11/4/2022 3:00,1.191
11/4/2022 4:00,1.221
11/4/2022 5:00,1.231
11/4/2022 6:00,1.233
11/4/2022 7:00,1.253
11/4/2022 8:00,1.272
11/4/2022 9:00,1.275
11/4/2022 10:00,1.277
11/4/2022 11:00,1.298
11/4/2022 12:00,1.312
11/4/2022 13:00,1.318
11/4/2022 14:00,1.331
11/4/2022 15:00,1.322
11/4/2022 16:00,1.287
11/4/2022 17:00,1.259
11/4/2022 18:00,1.223
11/4/2022 19:00,1.203
11/4/2022 20:00,1.202
11/4/2022 21:00,1.211
11/4/2022 22:00,1.216
11/4/2022 23:00,1.227
11/5/2022 0:00,1.25
11/5/2022 1:00,1.277
11/5/2022 2:00,1.289
11/5/2022 3:00,1.296
11/5/2022 4:00,1.273
11/5/2022 5:00,1.263
11/5/2022 6:00,1.287
11/5/2022 7:00,1.355
11/5/2022 8:00,1.404
11/5/2022 9:00,1.434
11/5/2022 10:00,1.444
11/5/2022 11:00,1.434
11/5/2022 12:00,1.39
11/5/2022 13:00,1.37
11/5/2022 14:00,1.382
11/5/2022 15:00,1.449
11/5/2022 16:00,1.418
11/5/2022 17:00,1.402
11/5/2022 18:00,1.399
11/5/2022 19:00,1.415
11/5/2022 20:00,1.427
11/5/2022 21:00,1.448
11/5/2022 22:00,1.459
11/5/2022 23:00,1.458
11/6/2022 0:00,1.454
11/6/2022 1:00,1.422
11/6/2022 2:00,1.373
11/6/2022 3:00,1.307
11/6/2022 4:00,1.257
11/6/2022 5:00,1.241
11/6/2022 6:00,1.257
11/6/2022 7:00,1.268
11/6/2022 8:00,1.237
11/6/2022 9:00,1.199
11/6/2022 10:00,1.155
11/6/2022 11:00,1.134
11/6/2022 12:00,1.06
11/6/2022 13:00,0.987
11/6/2022 14:00,1.067
11/6/2022 15:00,1.145
11/6/2022 16:00,1.14
11/6/2022 17:00,1.171
11/6/2022 18:00,1.231
11/6/2022 19:00,1.281
11/6/2022 20:00,1.326
11/6/2022 21:00,1.361
11/6/2022 22:00,1.414
11/6/2022 23:00,1.543
11/7/2022 0:00,1.64
11/7/2022 1:00,1.634
11/7/2022 2:00,1.581
11/7/2022 3:00,1.493
11/7/2022 4:00,1.398
11/7/2022 5:00,1.328
11/7/2022 6:00,1.268
11/7/2022 7:00,1.238
11/7/2022 8:00,1.23
11/7/2022 9:00,1.197
11/7/2022 10:00,1.179
11/7/2022 11:00,1.175
11/7/2022 12:00,1.163
11/7/2022 13:00,1.153
11/7/2022 14:00,1.158
11/7/2022 15:00,1.214
11/7/2022 16:00,1.237
11/7/2022 17:00,1.268
11/7/2022 18:00,1.299
11/7/2022 19:00,1.315
11/7/2022 20:00,1.323
11/7/2022 21:00,1.344
11/7/2022 22:00,1.366
11/7/2022 23:00,1.423
11/8/2022 0:00,1.424
11/8/2022 1:00,1.393
11/8/2022 2:00,1.331
11/8/2022 3:00,1.374
11/8/2022 4:00,1.411
11/8/2022 5:00,1.497
11/8/2022 6:00,1.546
11/8/2022 7:00,1.54
11/8/2022 8:00,1.544
11/8/2022 9:00,1.572
11/8/2022 10:00,1.645
11/8/2022 11:00,1.666
11/8/2022 12:00,1.645
11/8/2022 13:00,1.66
11/8/2022 14:00,1.689
11/8/2022 15:00,1.717
11/8/2022 16:00,1.697
11/8/2022 17:00,1.651
11/8/2022 18:00,1.621
11/8/2022 19:00,1.598
11/8/2022 20:00,1.574
11/8/2022 21:00,1.585
11/8/2022 22:00,1.627
11/8/2022 23:00,1.678
11/9/2022 0:00,1.705
11/9/2022 1:00,1.681
11/9/2022 2:00,1.694
11/9/2022 3:00,1.723
11/9/2022 4:00,1.754
11/9/2022 5:00,1.76
11/9/2022 6:00,1.748
11/9/2022 7:00,1.754
11/9/2022 8:00,1.756
11/9/2022 9:00,1.738
11/9/2022 10:00,1.715
11/9/2022 11:00,1.69
11/9/2022 12:00,1.64
11/9/2022 13:00,1.575
11/9/2022 14:00,1.536
11/9/2022 15:00,1.522
11/9/2022 16:00,1.516
11/9/2022 17:00,1.506
11/9/2022 18:00,1.498
11/9/2022 19:00,1.504
11/9/2022 20:00,1.507
11/9/2022 21:00,1.511
11/9/2022 22:00,1.517
11/9/2022 23:00,1.527
11/10/2022 0:00,1.524
11/10/2022 1:00,1.536
11/10/2022 2:00,1.54
11/10/2022 3:00,1.562
11/10/2022 4:00,1.609
11/10/2022 5:00,1.688
11/10/2022 6:00,1.804
11/10/2022 7:00,1.904
11/10/2022 8:00,2.01
11/10/2022 9:00,2.085
11/10/2022 10:00,2.117
11/10/2022 11:00,2.127
11/10/2022 12:00,2.149
11/10/2022 13:00,2.203
11/10/2022 14:00,2.271
11/10/2022 15:00,2.304
11/10/2022 16:00,2.386
11/10/2022 17:00,2.46
11/10/2022 18:00,2.507
11/10/2022 19:00,2.576
11/10/2022 20:00,2.666
11/10/2022 21:00,2.735
11/10/2022 22:00,2.773
11/10/2022 23:00,2.79
11/11/2022 0:00,2.756
11/11/2022 1:00,2.653
11/11/2022 2:00,2.54
11/11/2022 3:00,2.411
11/11/2022 4:00,2.277
11/11/2022 5:00,2.196
11/11/2022 6:00,2.171
11/11/2022 7:00,2.148
11/11/2022 8:00,2.142
11/11/2022 9:00,2.148
11/11/2022 10:00,2.193
11/11/2022 11:00,2.261
11/11/2022 12:00,2.296
11/11/2022 13:00,2.289
11/11/2022 14:00,2.263
11/11/2022 15:00,2.248
11/11/2022 16:00,2.257
11/11/2022 17:00,2.287
11/11/2022 18:00,2.296
11/11/2022 19:00,2.314
11/11/2022 20:00,2.306
11/11/2022 21:00,2.272
11/11/2022 22:00,2.218
11/11/2022 23:00,2.129
11/12/2022 0:00,2.044
11/12/2022 1:00,1.928
11/12/2022 2:00,1.825
11/12/2022 3:00,1.738
11/12/2022 4:00,1.673
11/12/2022 5:00,1.6
11/12/2022 6:00,1.525
11/12/2022 7:00,1.443
11/12/2022 8:00,1.37
11/12/2022 9:00,1.323
11/12/2022 10:00,1.304
11/12/2022 11:00,1.265
11/12/2022 12:00,1.204
11/12/2022 13:00,1.16
11/12/2022 14:00,1.189
11/12/2022 15:00,1.325
11/12/2022 16:00,1.381
11/12/2022 17:00,1.415
11/12/2022 18:00,1.432
11/12/2022 19:00,1.411
11/12/2022 20:00,1.363
11/12/2022 21:00,1.337
11/12/2022 22:00,1.334
11/12/2022 23:00,1.326
11/13/2022 0:00,1.291
11/13/2022 1:00,1.29
11/13/2022 2:00,1.277
11/13/2022 3:00,1.28
11/13/2022 4:00,1.285
11/13/2022 5:00,1.292
11/13/2022 6:00,1.328
11/13/2022 7:00,1.338
11/13/2022 8:00,1.284
11/13/2022 9:00,1.181
11/13/2022 10:00,1.122
11/13/2022 11:00,1.109
11/13/2022 12:00,1.103
11/13/2022 13:00,1.131
11/13/2022 14:00,1.206
11/13/2022 15:00,1.266
11/13/2022 16:00,1.286
11/13/2022 17:00,1.299
11/13/2022 18:00,1.27
11/13/2022 19:00,1.251
11/13/2022 20:00,1.248
11/13/2022 21:00,1.206
11/13/2022 22:00,1.187
11/13/2022 23:00,1.208
11/14/2022 0:00,1.196
11/14/2022 1:00,1.177
11/14/2022 2:00,1.172
11/14/2022 3:00,1.181
11/14/2022 4:00,1.213
11/14/2022 5:00,1.231
11/14/2022 6:00,1.243
11/14/2022 7:00,1.251
11/14/2022 8:00,1.236
11/14/2022 9:00,1.204
11/14/2022 10:00,1.174
11/14/2022 11:00,1.154
11/14/2022 12:00,1.143
11/14/2022 13:00,1.156
11/14/2022 14:00,1.221
11/14/2022 15:00,1.271
11/14/2022 16:00,1.288
11/14/2022 17:00,1.317
11/14/2022 18:00,1.359
11/14/2022 19:00,1.382
11/14/2022 20:00,1.389
11/14/2022 21:00,1.412
11/14/2022 22:00,1.448
11/14/2022 23:00,1.488
11/15/2022 0:00,1.524
11/15/2022 1:00,1.595
11/15/2022 2:00,1.675
11/15/2022 3:00,1.725
11/15/2022 4:00,1.767
11/15/2022 5:00,1.807
11/15/2022 6:00,1.849
11/15/2022 7:00,1.913
11/15/2022 8:00,2
11/15/2022 9:00,2.138
11/15/2022 10:00,2.2
11/15/2022 11:00,2.252
11/15/2022 12:00,2.356
11/15/2022 13:00,2.432
11/15/2022 14:00,2.526
11/15/2022 15:00,2.625
11/15/2022 16:00,2.736
11/15/2022 17:00,2.828
11/15/2022 18:00,2.865
11/15/2022 19:00,2.875
11/15/2022 20:00,2.861
11/15/2022 21:00,2.893
11/15/2022 22:00,2.927
11/15/2022 23:00,2.911
11/16/2022 0:00,2.897
11/16/2022 1:00,2.888
11/16/2022 2:00,2.884
11/16/2022 3:00,2.849
11/16/2022 4:00,2.829
11/16/2022 5:00,2.828
11/16/2022 6:00,2.841
11/16/2022 7:00,2.858
11/16/2022 8:00,2.857
11/16/2022 9:00,2.843
11/16/2022 10:00,2.834
11/16/2022 11:00,2.822
11/16/2022 12:00,2.816
11/16/2022 13:00,2.816
11/16/2022 14:00,2.824
11/16/2022 15:00,2.823
11/16/2022 16:00,2.805
11/16/2022 17:00,2.767
11/16/2022 18:00,2.728
11/16/2022 19:00,2.68
11/16/2022 20:00,2.631
11/16/2022 21:00,2.616
11/16/2022 22:00,2.61
11/16/2022 23:00,2.592
11/17/2022 0:00,2.558
11/17/2022 1:00,2.515
11/17/2022 2:00,2.482
11/17/2022 3:00,2.415
11/17/2022 4:00,2.365
11/17/2022 5:00,2.347
11/17/2022 6:00,2.347
11/17/2022 7:00,2.348
11/17/2022 8:00,2.341
11/17/2022 9:00,2.339
11/17/2022 10:00,2.342
11/17/2022 11:00,2.325
11/17/2022 12:00,2.29
11/17/2022 13:00,2.253
11/17/2022 14:00,2.24
11/17/2022 15:00,2.249
11/17/2022 16:00,2.246
11/17/2022 17:00,2.246
11/17/2022 18:00,2.241
11/17/2022 19:00,2.225
11/17/2022 20:00,2.205
11/17/2022 21:00,2.214
11/17/2022 22:00,2.231
11/17/2022 23:00,2.236
11/18/2022 0:00,2.227
11/18/2022 1:00,2.219
11/18/2022 2:00,2.208
11/18/2022 3:00,2.178
11/18/2022 4:00,2.155
11/18/2022 5:00,2.148
11/18/2022 6:00,2.139
11/18/2022 7:00,2.133
11/18/2022 8:00,2.118
11/18/2022 9:00,2.095
11/18/2022 10:00,2.073
11/18/2022 11:00,2.043
11/18/2022 12:00,1.989
11/18/2022 13:00,1.941
11/18/2022 14:00,1.948
11/18/2022 15:00,1.953
11/18/2022 16:00,1.92
11/18/2022 17:00,1.884
11/18/2022 18:00,1.85
11/18/2022 19:00,1.808
11/18/2022 20:00,1.754
11/18/2022 21:00,1.726
11/18/2022 22:00,1.711
11/18/2022 23:00,1.688
11/19/2022 0:00,1.657
11/19/2022 1:00,1.638
11/19/2022 2:00,1.637
11/19/2022 3:00,1.627
11/19/2022 4:00,1.612
11/19/2022 5:00,1.598
11/19/2022 6:00,1.596
11/19/2022 7:00,1.58
11/19/2022 8:00,1.539
11/19/2022 9:00,1.499
11/19/2022 10:00,1.459
11/19/2022 11:00,1.396
11/19/2022 12:00,1.311
11/19/2022 13:00,1.235
11/19/2022 14:00,1.225
11/19/2022 15:00,1.258
11/19/2022 16:00,1.288
11/19/2022 17:00,1.337
11/19/2022 18:00,1.408
11/19/2022 19:00,1.49
11/19/2022 20:00,1.591
11/19/2022 21:00,1.672
11/19/2022 22:00,1.726
11/19/2022 23:00,1.774
11/20/2022 0:00,1.798
11/20/2022 1:00,1.805
11/20/2022 2:00,1.807
11/20/2022 3:00,1.793
11/20/2022 4:00,1.777
11/20/2022 5:00,1.763
11/20/2022 6:00,1.731
11/20/2022 7:00,1.707
11/20/2022 8:00,1.679
11/20/2022 9:00,1.643
11/20/2022 10:00,1.615
11/20/2022 11:00,1.554
11/20/2022 12:00,1.476
11/20/2022 13:00,1.397
11/20/2022 14:00,1.372
11/20/2022 15:00,1.376
11/20/2022 16:00,1.373
11/20/2022 17:00,1.372
11/20/2022 18:00,1.373
11/20/2022 19:00,1.385
11/20/2022 20:00,1.394
11/20/2022 21:00,1.407
11/20/2022 22:00,1.41
11/20/2022 23:00,1.4
11/21/2022 0:00,1.397
11/21/2022 1:00,1.398
11/21/2022 2:00,1.416
11/21/2022 3:00,1.445
11/21/2022 4:00,1.485
11/21/2022 5:00,1.526
11/21/2022 6:00,1.579
11/21/2022 7:00,1.643
11/21/2022 8:00,1.719
11/21/2022 9:00,1.79
11/21/2022 10:00,1.826
11/21/2022 11:00,1.82
11/21/2022 12:00,1.782
11/21/2022 13:00,1.73
11/21/2022 14:00,1.722
11/21/2022 15:00,1.771
11/21/2022 16:00,1.835
11/21/2022 17:00,1.882
11/21/2022 18:00,1.906
11/21/2022 19:00,1.908
11/21/2022 20:00,1.895
11/21/2022 21:00,1.877
11/21/2022 22:00,1.86
11/21/2022 23:00,1.836
11/22/2022 0:00,1.806
11/22/2022 1:00,1.769
11/22/2022 2:00,1.732
11/22/2022 3:00,1.694
11/22/2022 4:00,1.676
11/22/2022 5:00,1.693
11/22/2022 6:00,1.738
11/22/2022 7:00,1.797
11/22/2022 8:00,1.836
11/22/2022 9:00,1.813
11/22/2022 10:00,1.817
11/22/2022 11:00,1.868
11/22/2022 12:00,1.897
11/22/2022 13:00,1.93
11/22/2022 14:00,1.981
11/22/2022 15:00,2.043
11/22/2022 16:00,2.11
11/22/2022 17:00,2.178
11/22/2022 18:00,2.262
11/22/2022 19:00,2.334
11/22/2022 20:00,2.395
11/22/2022 21:00,2.438
11/22/2022 22:00,2.461
11/22/2022 23:00,2.46
11/23/2022 0:00,2.444
11/23/2022 1:00,2.416
11/23/2022 2:00,2.387
11/23/2022 3:00,2.373
11/23/2022 4:00,2.357
11/23/2022 5:00,2.341
11/23/2022 6:00,2.343
11/23/2022 7:00,2.358
11/23/2022 8:00,2.371
11/23/2022 9:00,2.364
11/23/2022 10:00,2.34
11/23/2022 11:00,2.33
11/23/2022 12:00,2.338
11/23/2022 13:00,2.353
11/23/2022 14:00,2.389
11/23/2022 15:00,2.452
11/23/2022 16:00,2.496
11/23/2022 17:00,2.55
11/23/2022 18:00,2.589
11/23/2022 19:00,2.616
11/23/2022 20:00,2.633
11/23/2022 21:00,2.665
11/23/2022 22:00,2.704
11/23/2022 23:00,2.704
11/24/2022 0:00,2.69
11/24/2022 1:00,2.678
11/24/2022 2:00,2.651
11/24/2022 3:00,2.615
11/24/2022 4:00,2.593
11/24/2022 5:00,2.556
11/24/2022 6:00,2.515
11/24/2022 7:00,2.48
11/24/2022 8:00,2.445
11/24/2022 9:00,2.419
11/24/2022 10:00,2.383
11/24/2022 11:00,2.319
11/24/2022 12:00,2.266
11/24/2022 13:00,2.194
11/24/2022 14:00,2.138
11/24/2022 15:00,2.104
11/24/2022 16:00,2.098
11/24/2022 17:00,2.117
11/24/2022 18:00,2.121
11/24/2022 19:00,2.141
11/24/2022 20:00,2.156
11/24/2022 21:00,2.195
11/24/2022 22:00,2.241
11/24/2022 23:00,2.29
11/25/2022 0:00,2.353
11/25/2022 1:00,2.418
11/25/2022 2:00,2.477
11/25/2022 3:00,2.513
11/25/2022 4:00,2.516
11/25/2022 5:00,2.506
11/25/2022 6:00,2.451
11/25/2022 7:00,2.407
11/25/2022 8:00,2.351
11/25/2022 9:00,2.317
11/25/2022 10:00,2.283
11/25/2022 11:00,2.249
11/25/2022 12:00,2.209
11/25/2022 13:00,2.166
11/25/2022 14:00,2.114
11/25/2022 15:00,2.095
11/25/2022 16:00,2.078
11/25/2022 17:00,2.057
11/25/2022 18:00,2.026
11/25/2022 19:00,1.976
11/25/2022 20:00,1.921
11/25/2022 21:00,1.869
11/25/2022 22:00,1.82
11/25/2022 23:00,1.781
11/26/2022 0:00,1.742
11/26/2022 1:00,1.707
11/26/2022 2:00,1.682
11/26/2022 3:00,1.646
11/26/2022 4:00,1.616
11/26/2022 5:00,1.607
11/26/2022 6:00,1.609
11/26/2022 7:00,1.606
11/26/2022 8:00,1.615
11/26/2022 9:00,1.602
11/26/2022 10:00,1.579
11/26/2022 11:00,1.574
11/26/2022 12:00,1.546
11/26/2022 13:00,1.543
11/26/2022 14:00,1.575
11/26/2022 15:00,1.635
11/26/2022 16:00,1.697
11/26/2022 17:00,1.757
11/26/2022 18:00,1.787
11/26/2022 19:00,1.847
11/26/2022 20:00,1.899
11/26/2022 21:00,1.94
11/26/2022 22:00,2.008
11/26/2022 23:00,2.06
11/27/2022 0:00,2.129
11/27/2022 1:00,2.202
11/27/2022 2:00,2.283
11/27/2022 3:00,2.377
11/27/2022 4:00,2.474
11/27/2022 5:00,2.573
11/27/2022 6:00,2.633
11/27/2022 7:00,2.679
11/27/2022 8:00,2.711
11/27/2022 9:00,2.731
11/27/2022 10:00,2.727
11/27/2022 11:00,2.699
11/27/2022 12:00,2.65
11/27/2022 13:00,2.572
11/27/2022 14:00,2.482
11/27/2022 15:00,2.404
11/27/2022 16:00,2.316
11/27/2022 17:00,2.246
11/27/2022 18:00,2.196
11/27/2022 19:00,2.175
11/27/2022 20:00,2.161
11/27/2022 21:00,2.166
11/27/2022 22:00,2.175
11/27/2022 23:00,2.186
11/28/2022 0:00,2.161
11/28/2022 1:00,2.133
11/28/2022 2:00,2.113
11/28/2022 3:00,2.084
11/28/2022 4:00,2.067
11/28/2022 5:00,2.053
11/28/2022 6:00,2.038
11/28/2022 7:00,2.032
11/28/2022 8:00,2.029
11/28/2022 9:00,2.056
11/28/2022 10:00,2.083
11/28/2022 11:00,2.083
11/28/2022 12:00,2.065
11/28/2022 13:00,2.061
11/28/2022 14:00,2.07
11/28/2022 15:00,2.062
11/28/2022 16:00,2.058
11/28/2022 17:00,2.068
11/28/2022 18:00,2.064
11/28/2022 19:00,2.037
11/28/2022 20:00,2.012
11/28/2022 21:00,1.989
11/28/2022 22:00,1.967
11/28/2022 23:00,1.939
11/29/2022 0:00,1.903
11/29/2022 1:00,1.863
11/29/2022 2:00,1.841
11/29/2022 3:00,1.804
11/29/2022 4:00,1.77
11/29/2022 5:00,1.744
11/29/2022 6:00,1.718
11/29/2022 7:00,1.693
11/29/2022 8:00,1.664
11/29/2022 9:00,1.64
11/29/2022 10:00,1.618
11/29/2022 11:00,1.572
11/29/2022 12:00,1.518
11/29/2022 13:00,1.477
11/29/2022 14:00,1.455
11/29/2022 15:00,1.443
11/29/2022 16:00,1.429
11/29/2022 17:00,1.422
11/29/2022 18:00,1.412
11/29/2022 19:00,1.404
11/29/2022 20:00,1.384
11/29/2022 21:00,1.363
11/29/2022 22:00,1.346
11/29/2022 23:00,1.322
11/30/2022 0:00,1.293
11/30/2022 1:00,1.278
11/30/2022 2:00,1.278
11/30/2022 3:00,1.291
11/30/2022 4:00,1.297
11/30/2022 5:00,1.324
11/30/2022 6:00,1.361
11/30/2022 7:00,1.378
11/30/2022 8:00,1.39
11/30/2022 9:00,1.354
11/30/2022 10:00,1.259
11/30/2022 11:00,1.151
11/30/2022 12:00,1.118
11/30/2022 13:00,1.172
11/30/2022 14:00,1.313
11/30/2022 15:00,1.405
11/30/2022 16:00,1.444
11/30/2022 17:00,1.463
11/30/2022 18:00,1.477
11/30/2022 19:00,1.486
11/30/2022 20:00,1.485
11/30/2022 21:00,1.475
11/30/2022 22:00,1.436
11/30/2022 23:00,1.386
12/1/2022 0:00,1.339
12/1/2022 1:00,1.279
12/1/2022 2:00,1.271
12/1/2022 3:00,1.272
12/1/2022 4:00,1.28
12/1/2022 5:00,1.286
12/1/2022 6:00,1.289
12/1/2022 7:00,1.303
12/1/2022 8:00,1.359
12/1/2022 9:00,1.286
12/1/2022 10:00,1.218
12/1/2022 11:00,1.176
12/1/2022 12:00,1.161
12/1/2022 13:00,1.181
12/1/2022 14:00,1.229
12/1/2022 15:00,1.255
12/1/2022 16:00,1.262
12/1/2022 17:00,1.281
12/1/2022 18:00,1.306
12/1/2022 19:00,1.338
12/1/2022 20:00,1.386
12/1/2022 21:00,1.406
12/1/2022 22:00,1.407
12/1/2022 23:00,1.408
12/2/2022 0:00,1.408
12/2/2022 1:00,1.414
12/2/2022 2:00,1.412
12/2/2022 3:00,1.406
12/2/2022 4:00,1.415
12/2/2022 5:00,1.418
12/2/2022 6:00,1.429
12/2/2022 7:00,1.446
12/2/2022 8:00,1.464
12/2/2022 9:00,1.453
12/2/2022 10:00,1.412
12/2/2022 11:00,1.381
12/2/2022 12:00,1.361
12/2/2022 13:00,1.357
12/2/2022 14:00,1.383
12/2/2022 15:00,1.402
12/2/2022 16:00,1.414
12/2/2022 17:00,1.422
12/2/2022 18:00,1.424
12/2/2022 19:00,1.42
12/2/2022 20:00,1.422
12/2/2022 21:00,1.438
12/2/2022 22:00,1.46
12/2/2022 23:00,1.464
12/3/2022 0:00,1.463
12/3/2022 1:00,1.464
12/3/2022 2:00,1.462
12/3/2022 3:00,1.458
12/3/2022 4:00,1.445
12/3/2022 5:00,1.443
12/3/2022 6:00,1.438
12/3/2022 7:00,1.446
12/3/2022 8:00,1.462
12/3/2022 9:00,1.463
12/3/2022 10:00,1.444
12/3/2022 11:00,1.42
12/3/2022 12:00,1.4
12/3/2022 13:00,1.408
12/3/2022 14:00,1.429
12/3/2022 15:00,1.474
12/3/2022 16:00,1.511
12/3/2022 17:00,1.532
12/3/2022 18:00,1.554
12/3/2022 19:00,1.598
12/3/2022 20:00,1.612
12/3/2022 21:00,1.61
12/3/2022 22:00,1.585
12/3/2022 23:00,1.527
12/4/2022 0:00,1.471
12/4/2022 1:00,1.458
12/4/2022 2:00,1.438
12/4/2022 3:00,1.414
12/4/2022 4:00,1.387
12/4/2022 5:00,1.378
12/4/2022 6:00,1.372
12/4/2022 7:00,1.374
12/4/2022 8:00,1.378
12/4/2022 9:00,1.36
12/4/2022 10:00,1.305
12/4/2022 11:00,1.255
12/4/2022 12:00,1.224
12/4/2022 13:00,1.231
12/4/2022 14:00,1.306
12/4/2022 15:00,1.395
12/4/2022 16:00,1.454
12/4/2022 17:00,1.492
12/4/2022 18:00,1.511
12/4/2022 19:00,1.512
12/4/2022 20:00,1.494
12/4/2022 21:00,1.481
12/4/2022 22:00,1.453
12/4/2022 23:00,1.434
12/5/2022 0:00,1.442
12/5/2022 1:00,1.455
12/5/2022 2:00,1.544
12/5/2022 3:00,1.61
12/5/2022 4:00,1.636
12/5/2022 5:00,1.621
12/5/2022 6:00,1.602
12/5/2022 7:00,1.581
12/5/2022 8:00,1.547
12/5/2022 9:00,1.477
12/5/2022 10:00,1.357
12/5/2022 11:00,1.226
12/5/2022 12:00,1.207
12/5/2022 13:00,1.291
12/5/2022 14:00,1.418
12/5/2022 15:00,1.456
12/5/2022 16:00,1.486
12/5/2022 17:00,1.541
12/5/2022 18:00,1.553
12/5/2022 19:00,1.57
12/5/2022 20:00,1.602
12/5/2022 21:00,1.597
12/5/2022 22:00,1.613
12/5/2022 23:00,1.632
12/6/2022 0:00,1.649
12/6/2022 1:00,1.675
12/6/2022 2:00,1.707
12/6/2022 3:00,1.724
12/6/2022 4:00,1.725
12/6/2022 5:00,1.741
12/6/2022 6:00,1.747
12/6/2022 7:00,1.724
12/6/2022 8:00,1.685
12/6/2022 9:00,1.616
12/6/2022 10:00,1.566
12/6/2022 11:00,1.535
12/6/2022 12:00,1.547
12/6/2022 13:00,1.593
12/6/2022 14:00,1.689
12/6/2022 15:00,1.711
12/6/2022 16:00,1.686
12/6/2022 17:00,1.663
12/6/2022 18:00,1.658
12/6/2022 19:00,1.642
12/6/2022 20:00,1.642
12/6/2022 21:00,1.653
12/6/2022 22:00,1.655
12/6/2022 23:00,1.65
12/7/2022 0:00,1.639
12/7/2022 1:00,1.648
12/7/2022 2:00,1.661
12/7/2022 3:00,1.661
12/7/2022 4:00,1.63
12/7/2022 5:00,1.591
12/7/2022 6:00,1.551
12/7/2022 7:00,1.517
12/7/2022 8:00,1.491
12/7/2022 9:00,1.433
12/7/2022 10:00,1.365
12/7/2022 11:00,1.332
12/7/2022 12:00,1.343
12/7/2022 13:00,1.388
12/7/2022 14:00,1.444
12/7/2022 15:00,1.432
12/7/2022 16:00,1.365
12/7/2022 17:00,1.296
12/7/2022 18:00,1.221
12/7/2022 19:00,1.182
12/7/2022 20:00,1.183
12/7/2022 21:00,1.192
12/7/2022 22:00,1.203
12/7/2022 23:00,1.195
12/8/2022 0:00,1.182
12/8/2022 1:00,1.199
12/8/2022 2:00,1.28
12/8/2022 3:00,1.357
12/8/2022 4:00,1.432
12/8/2022 5:00,1.519
12/8/2022 6:00,1.611
12/8/2022 7:00,1.682
12/8/2022 8:00,1.686
12/8/2022 9:00,1.614
12/8/2022 10:00,1.533
12/8/2022 11:00,1.471
12/8/2022 12:00,1.398
12/8/2022 13:00,1.324
12/8/2022 14:00,1.305
12/8/2022 15:00,1.324
12/8/2022 16:00,1.328
12/8/2022 17:00,1.369
12/8/2022 18:00,1.452
12/8/2022 19:00,1.546
12/8/2022 20:00,1.611
12/8/2022 21:00,1.671
12/8/2022 22:00,1.714
12/8/2022 23:00,1.75
12/9/2022 0:00,1.812
12/9/2022 1:00,1.861
12/9/2022 2:00,1.888
12/9/2022 3:00,1.88
12/9/2022 4:00,1.869
12/9/2022 5:00,1.866
12/9/2022 6:00,1.867
12/9/2022 7:00,1.869
12/9/2022 8:00,1.87
12/9/2022 9:00,1.864
12/9/2022 10:00,1.845
12/9/2022 11:00,1.811
12/9/2022 12:00,1.787
12/9/2022 13:00,1.771
12/9/2022 14:00,1.78
12/9/2022 15:00,1.773
12/9/2022 16:00,1.749
12/9/2022 17:00,1.724
12/9/2022 18:00,1.709
12/9/2022 19:00,1.683
12/9/2022 20:00,1.66
12/9/2022 21:00,1.652
12/9/2022 22:00,1.663
12/9/2022 23:00,1.672
12/10/2022 0:00,1.664
12/10/2022 1:00,1.65
12/10/2022 2:00,1.642
12/10/2022 3:00,1.618
12/10/2022 4:00,1.591
12/10/2022 5:00,1.572
12/10/2022 6:00,1.543
12/10/2022 7:00,1.506
12/10/2022 8:00,1.477
12/10/2022 9:00,1.418
12/10/2022 10:00,1.361
12/10/2022 11:00,1.302
12/10/2022 12:00,1.271
12/10/2022 13:00,1.289
12/10/2022 14:00,1.362
12/10/2022 15:00,1.463
12/10/2022 16:00,1.52
12/10/2022 17:00,1.557
12/10/2022 18:00,1.584
12/10/2022 19:00,1.602
12/10/2022 20:00,1.625
12/10/2022 21:00,1.65
12/10/2022 22:00,1.669
12/10/2022 23:00,1.684
12/11/2022 0:00,1.683
12/11/2022 1:00,1.679
12/11/2022 2:00,1.655
12/11/2022 3:00,1.632
12/11/2022 4:00,1.628
12/11/2022 5:00,1.631
12/11/2022 6:00,1.593
12/11/2022 7:00,1.624
12/11/2022 8:00,1.661
12/11/2022 9:00,1.666
12/11/2022 10:00,1.655
12/11/2022 11:00,1.647
12/11/2022 12:00,1.644
12/11/2022 13:00,1.663
12/11/2022 14:00,1.698
12/11/2022 15:00,1.738
12/11/2022 16:00,1.756
12/11/2022 17:00,1.755
12/11/2022 18:00,1.746
12/11/2022 19:00,1.756
12/11/2022 20:00,1.749
12/11/2022 21:00,1.738
12/11/2022 22:00,1.725
12/11/2022 23:00,1.715
12/12/2022 0:00,1.714
12/12/2022 1:00,1.722
12/12/2022 2:00,1.732
12/12/2022 3:00,1.729
12/12/2022 4:00,1.719
12/12/2022 5:00,1.713
12/12/2022 6:00,1.708
12/12/2022 7:00,1.711
12/12/2022 8:00,1.71
12/12/2022 9:00,1.703
12/12/2022 10:00,1.674
12/12/2022 11:00,1.638
12/12/2022 12:00,1.613
12/12/2022 13:00,1.616
12/12/2022 14:00,1.643
12/12/2022 15:00,1.659
12/12/2022 16:00,1.666
12/12/2022 17:00,1.671
12/12/2022 18:00,1.663
12/12/2022 19:00,1.638
12/12/2022 20:00,1.628
12/12/2022 21:00,1.625
12/12/2022 22:00,1.624
12/12/2022 23:00,1.616
12/13/2022 0:00,1.604
12/13/2022 1:00,1.617
12/13/2022 2:00,1.661
12/13/2022 3:00,1.745
12/13/2022 4:00,1.765
12/13/2022 5:00,1.759
12/13/2022 6:00,1.701
12/13/2022 7:00,1.652
12/13/2022 8:00,1.6
12/13/2022 9:00,1.517
12/13/2022 10:00,1.392
12/13/2022 11:00,1.311
12/13/2022 12:00,1.261
12/13/2022 13:00,1.312
12/13/2022 14:00,1.442
12/13/2022 15:00,1.53
12/13/2022 16:00,1.538
12/13/2022 17:00,1.509
12/13/2022 18:00,1.458
12/13/2022 19:00,1.416
12/13/2022 20:00,1.362
12/13/2022 21:00,1.297
12/13/2022 22:00,1.255
12/13/2022 23:00,1.275
12/14/2022 0:00,1.291
12/14/2022 1:00,1.308
12/14/2022 2:00,1.288
12/14/2022 3:00,1.251
12/14/2022 4:00,1.21
12/14/2022 5:00,1.197
12/14/2022 6:00,1.201
12/14/2022 7:00,1.188
12/14/2022 8:00,1.164
12/14/2022 9:00,1.12
12/14/2022 10:00,1.035
12/14/2022 11:00,1.006
12/14/2022 12:00,1.008
12/14/2022 13:00,1.136
12/14/2022 14:00,1.391
12/14/2022 15:00,1.517
12/14/2022 16:00,1.579
12/14/2022 17:00,1.631
12/14/2022 18:00,1.642
12/14/2022 19:00,1.607
12/14/2022 20:00,1.533
12/14/2022 21:00,1.422
12/14/2022 22:00,1.346
12/14/2022 23:00,1.283
12/15/2022 0:00,1.249
12/15/2022 1:00,1.292
12/15/2022 2:00,1.347
12/15/2022 3:00,1.346
12/15/2022 4:00,1.403
12/15/2022 5:00,1.428
12/15/2022 6:00,1.434
12/15/2022 7:00,1.431
12/15/2022 8:00,1.402
12/15/2022 9:00,1.352
12/15/2022 10:00,1.262
12/15/2022 11:00,1.162
12/15/2022 12:00,1.14
12/15/2022 13:00,1.155
12/15/2022 14:00,1.169
12/15/2022 15:00,1.161
12/15/2022 16:00,1.144
12/15/2022 17:00,1.143
12/15/2022 18:00,1.148
12/15/2022 19:00,1.183
12/15/2022 20:00,1.225
12/15/2022 21:00,1.249
12/15/2022 22:00,1.269
12/15/2022 23:00,1.308
12/16/2022 0:00,1.38
12/16/2022 1:00,1.447
12/16/2022 2:00,1.498
12/16/2022 3:00,1.548
12/16/2022 4:00,1.632
12/16/2022 5:00,1.656
12/16/2022 6:00,1.646
12/16/2022 7:00,1.612
12/16/2022 8:00,1.618
12/16/2022 9:00,1.596
12/16/2022 10:00,1.49
12/16/2022 11:00,1.319
12/16/2022 12:00,1.268
12/16/2022 13:00,1.328
12/16/2022 14:00,1.381
12/16/2022 15:00,1.395
12/16/2022 16:00,1.413
12/16/2022 17:00,1.439
12/16/2022 18:00,1.464
12/16/2022 19:00,1.489
12/16/2022 20:00,1.514
12/16/2022 21:00,1.555
12/16/2022 22:00,1.574
12/16/2022 23:00,1.589
12/17/2022 0:00,1.627
12/17/2022 1:00,1.641
12/17/2022 2:00,1.647
12/17/2022 3:00,1.662
12/17/2022 4:00,1.669
12/17/2022 5:00,1.647
12/17/2022 6:00,1.624
12/17/2022 7:00,1.61
12/17/2022 8:00,1.605
12/17/2022 9:00,1.634
12/17/2022 10:00,1.636
12/17/2022 11:00,1.671
12/17/2022 12:00,1.719
12/17/2022 13:00,1.764
12/17/2022 14:00,1.821
12/17/2022 15:00,1.867
12/17/2022 16:00,1.908
12/17/2022 17:00,1.953
12/17/2022 18:00,1.982
12/17/2022 19:00,2.051
12/17/2022 20:00,2.102
12/17/2022 21:00,2.198
12/17/2022 22:00,2.314
12/17/2022 23:00,2.351
12/18/2022 0:00,2.314
12/18/2022 1:00,2.341
12/18/2022 2:00,2.369
12/18/2022 3:00,2.35
12/18/2022 4:00,2.321
12/18/2022 5:00,2.268
12/18/2022 6:00,2.164
12/18/2022 7:00,2.014
12/18/2022 8:00,1.903
12/18/2022 9:00,1.824
12/18/2022 10:00,1.715
12/18/2022 11:00,1.565
12/18/2022 12:00,1.466
12/18/2022 13:00,1.497
12/18/2022 14:00,1.558
12/18/2022 15:00,1.61
12/18/2022 16:00,1.627
12/18/2022 17:00,1.628
12/18/2022 18:00,1.709
12/18/2022 19:00,1.792
12/18/2022 20:00,1.869
12/18/2022 21:00,1.929
12/18/2022 22:00,1.918
12/18/2022 23:00,2.029
12/19/2022 0:00,2.159
12/19/2022 1:00,2.204
12/19/2022 2:00,2.218
12/19/2022 3:00,2.22
12/19/2022 4:00,2.224
12/19/2022 5:00,2.269
12/19/2022 6:00,2.203
12/19/2022 7:00,2.187
12/19/2022 8:00,2.195
12/19/2022 9:00,2.221
12/19/2022 10:00,2.267
12/19/2022 11:00,2.255
12/19/2022 12:00,2.194
12/19/2022 13:00,2.188
12/19/2022 14:00,2.19
12/19/2022 15:00,2.139
12/19/2022 16:00,2.096
12/19/2022 17:00,2.061
12/19/2022 18:00,1.982
12/19/2022 19:00,1.937
12/19/2022 20:00,1.948
12/19/2022 21:00,1.956
12/19/2022 22:00,1.967
12/19/2022 23:00,1.932
12/20/2022 0:00,1.924
12/20/2022 1:00,1.9
12/20/2022 2:00,1.888
12/20/2022 3:00,1.846
12/20/2022 4:00,1.786
12/20/2022 5:00,1.812
12/20/2022 6:00,1.82
12/20/2022 7:00,1.806
12/20/2022 8:00,1.776
12/20/2022 9:00,1.74
12/20/2022 10:00,1.681
12/20/2022 11:00,1.578
12/20/2022 12:00,1.519
12/20/2022 13:00,1.47
12/20/2022 14:00,1.533
12/20/2022 15:00,1.537
12/20/2022 16:00,1.592
12/20/2022 17:00,1.632
12/20/2022 18:00,1.616
12/20/2022 19:00,1.612
12/20/2022 20:00,1.654
12/20/2022 21:00,1.705
12/20/2022 22:00,1.69
12/20/2022 23:00,1.74
12/21/2022 0:00,1.818
12/21/2022 1:00,1.86
12/21/2022 2:00,1.882
12/21/2022 3:00,1.857
12/21/2022 4:00,1.818
12/21/2022 5:00,1.832
12/21/2022 6:00,1.869
12/21/2022 7:00,1.863
12/21/2022 8:00,1.791
12/21/2022 9:00,1.75
12/21/2022 10:00,1.644
12/21/2022 11:00,1.545
12/21/2022 12:00,1.519
12/21/2022 13:00,1.537
12/21/2022 14:00,1.525
12/21/2022 15:00,1.52
12/21/2022 16:00,1.51
12/21/2022 17:00,1.507
12/21/2022 18:00,1.513
12/21/2022 19:00,1.54
12/21/2022 20:00,1.557
12/21/2022 21:00,1.526
12/21/2022 22:00,1.49
12/21/2022 23:00,1.47
12/22/2022 0:00,1.412
12/22/2022 1:00,1.349
12/22/2022 2:00,1.297
12/22/2022 3:00,1.293
12/22/2022 4:00,1.289
12/22/2022 5:00,1.221
12/22/2022 6:00,1.213
12/22/2022 7:00,1.156
12/22/2022 8:00,1.151
12/22/2022 9:00,1.17
12/22/2022 10:00,1.229
12/22/2022 11:00,1.341
12/22/2022 12:00,1.402
12/22/2022 13:00,1.443
12/22/2022 14:00,1.46
12/22/2022 15:00,1.452
12/22/2022 16:00,1.473
12/22/2022 17:00,1.531
12/22/2022 18:00,1.581
12/22/2022 19:00,1.604
12/22/2022 20:00,1.608
12/22/2022 21:00,1.605
12/22/2022 22:00,1.589
12/22/2022 23:00,1.577
12/23/2022 0:00,1.558
12/23/2022 1:00,1.563
12/23/2022 2:00,1.541
12/23/2022 3:00,1.533
12/23/2022 4:00,1.508
12/23/2022 5:00,1.48
12/23/2022 6:00,1.456
12/23/2022 7:00,1.435
12/23/2022 8:00,1.392
12/23/2022 9:00,1.341
12/23/2022 10:00,1.283
12/23/2022 11:00,1.263
12/23/2022 12:00,1.312
12/23/2022 13:00,1.415
12/23/2022 14:00,1.504
12/23/2022 15:00,1.51
12/23/2022 16:00,1.474
12/23/2022 17:00,1.432
12/23/2022 18:00,1.386
12/23/2022 19:00,1.349
12/23/2022 20:00,1.324
12/23/2022 21:00,1.314
12/23/2022 22:00,1.332
12/23/2022 23:00,1.336
12/24/2022 0:00,1.341
12/24/2022 1:00,1.349
12/24/2022 2:00,1.348
12/24/2022 3:00,1.335
12/24/2022 4:00,1.329
12/24/2022 5:00,1.345
12/24/2022 6:00,1.374
12/24/2022 7:00,1.4
12/24/2022 8:00,1.422
12/24/2022 9:00,1.422
12/24/2022 10:00,1.371
12/24/2022 11:00,1.313
12/24/2022 12:00,1.309
12/24/2022 13:00,1.352
12/24/2022 14:00,1.42
12/24/2022 15:00,1.473
12/24/2022 16:00,1.518
12/24/2022 17:00,1.577
12/24/2022 18:00,1.67
12/24/2022 19:00,1.732
12/24/2022 20:00,1.799
12/24/2022 21:00,1.842
12/24/2022 22:00,1.879
12/24/2022 23:00,1.936
12/25/2022 0:00,1.975
12/25/2022 1:00,2.045
12/25/2022 2:00,2.164
12/25/2022 3:00,2.242
12/25/2022 4:00,2.273
12/25/2022 5:00,2.303
12/25/2022 6:00,2.336
12/25/2022 7:00,2.32
12/25/2022 8:00,2.31
12/25/2022 9:00,2.302
12/25/2022 10:00,2.256
12/25/2022 11:00,2.235
12/25/2022 12:00,2.198
12/25/2022 13:00,2.211
12/25/2022 14:00,2.235
12/25/2022 15:00,2.345
12/25/2022 16:00,2.364
12/25/2022 17:00,2.351
12/25/2022 18:00,2.347
12/25/2022 19:00,2.314
12/25/2022 20:00,2.246
12/25/2022 21:00,2.186
12/25/2022 22:00,2.08
12/25/2022 23:00,1.991
12/26/2022 0:00,1.915
12/26/2022 1:00,1.881
12/26/2022 2:00,1.92
12/26/2022 3:00,1.96
12/26/2022 4:00,1.962
12/26/2022 5:00,2.012
12/26/2022 6:00,2.054
12/26/2022 7:00,1.973
12/26/2022 8:00,1.866
12/26/2022 9:00,1.889
12/26/2022 10:00,1.925
12/26/2022 11:00,1.951
12/26/2022 12:00,1.975
12/26/2022 13:00,2.025
12/26/2022 14:00,2.088
12/26/2022 15:00,2.133
12/26/2022 16:00,2.181
12/26/2022 17:00,2.223
12/26/2022 18:00,2.316
12/26/2022 19:00,2.409
12/26/2022 20:00,2.462
12/26/2022 21:00,2.513
12/26/2022 22:00,2.571
12/26/2022 23:00,2.641
12/27/2022 0:00,2.749
12/27/2022 1:00,2.878
12/27/2022 2:00,2.962
12/27/2022 3:00,2.947
12/27/2022 4:00,2.87
12/27/2022 5:00,2.786
12/27/2022 6:00,2.713
12/27/2022 7:00,2.65
12/27/2022 8:00,2.588
12/27/2022 9:00,2.528
12/27/2022 10:00,2.467
12/27/2022 11:00,2.404
12/27/2022 12:00,2.349
12/27/2022 13:00,2.265
12/27/2022 14:00,2.154
12/27/2022 15:00,2.022
12/27/2022 16:00,1.867
12/27/2022 17:00,1.683
12/27/2022 18:00,1.476
12/27/2022 19:00,1.56
12/27/2022 20:00,1.637
12/27/2022 21:00,1.693
12/27/2022 22:00,1.734
12/27/2022 23:00,1.89
12/28/2022 0:00,2.061
12/28/2022 1:00,2.291
12/28/2022 2:00,2.389
12/28/2022 3:00,2.274
12/28/2022 4:00,2.137
12/28/2022 5:00,2.086
12/28/2022 6:00,2.045
12/28/2022 7:00,2.01
12/28/2022 8:00,2.056
12/28/2022 9:00,2.083
12/28/2022 10:00,2.071
12/28/2022 11:00,2.064
12/28/2022 12:00,2.065
12/28/2022 13:00,2.083
12/28/2022 14:00,2.107
12/28/2022 15:00,2.151
12/28/2022 16:00,2.192
12/28/2022 17:00,2.219
12/28/2022 18:00,2.262
12/28/2022 19:00,2.287
12/28/2022 20:00,2.313
12/28/2022 21:00,2.387
12/28/2022 22:00,2.457
12/28/2022 23:00,2.529
12/29/2022 0:00,2.625
12/29/2022 1:00,2.616
12/29/2022 2:00,2.608
12/29/2022 3:00,2.708
12/29/2022 4:00,2.633
12/29/2022 5:00,2.581
12/29/2022 6:00,2.574
12/29/2022 7:00,2.564
12/29/2022 8:00,2.616
12/29/2022 9:00,2.643
12/29/2022 10:00,2.661
12/29/2022 11:00,2.673
12/29/2022 12:00,2.712
12/29/2022 13:00,2.77
12/29/2022 14:00,2.816
12/29/2022 15:00,2.857
12/29/2022 16:00,2.856
12/29/2022 17:00,2.814
12/29/2022 18:00,2.725
12/29/2022 19:00,2.652
12/29/2022 20:00,2.588
12/29/2022 21:00,2.494
12/29/2022 22:00,2.424
12/29/2022 23:00,2.349
12/30/2022 0:00,2.277
12/30/2022 1:00,2.287
12/30/2022 2:00,2.3
12/30/2022 3:00,2.315
12/30/2022 4:00,2.313
12/30/2022 5:00,2.281
12/30/2022 6:00,2.158
12/30/2022 7:00,2.083
12/30/2022 8:00,2.154
12/30/2022 9:00,2.262
12/30/2022 10:00,2.42
12/30/2022 11:00,2.6
12/30/2022 12:00,2.802
12/30/2022 13:00,2.994
12/30/2022 14:00,3.173
12/30/2022 15:00,3.368
12/30/2022 16:00,3.496
12/30/2022 17:00,3.579
12/30/2022 18:00,3.631
12/30/2022 19:00,3.618
12/30/2022 20:00,3.518
12/30/2022 21:00,3.34
12/30/2022 22:00,3.267
12/30/2022 23:00,3.214
12/31/2022 0:00,3.225
12/31/2022 1:00,3.294
12/31/2022 2:00,3.378
12/31/2022 3:00,3.42
12/31/2022 4:00,3.362
12/31/2022 5:00,3.221
12/31/2022 6:00,3.179
12/31/2022 7:00,3.137
12/31/2022 8:00,3.015
12/31/2022 9:00,2.814
12/31/2022 10:00,2.595
12/31/2022 11:00,2.377
12/31/2022 12:00,2.196
12/31/2022 13:00,2.022
12/31/2022 14:00,1.865
12/31/2022 15:00,1.749
12/31/2022 16:00,1.695
12/31/2022 17:00,1.681
12/31/2022 18:00,1.701
12/31/2022 19:00,1.698
12/31/2022 20:00,1.757
12/31/2022 21:00,1.759
12/31/2022 22:00,1.705
12/31/2022 23:00,1.667
