# Renewables.ninja Weather (hourly 1980-2022)  -  Singapore  -  renewables_ninja_country_SG_irradiance-surface_merra-2_pop-wtd.csv  -  Version 1.4,
# License: https://creativecommons.org/licenses/by-nc/4.0/  -  Reference: https://doi.org/10.1038/s41560-023-01341-5,
# Units: time in UTC; other columns are the irradiance at ground level in W/m^2 (SWGDN in MERRA-2) weighted by population; column names signify country ISO2 code or GADM level1 code.,
,
1/1/2022 0:00,109.375
1/1/2022 1:00,220.812
1/1/2022 2:00,325.125
1/1/2022 3:00,354.625
1/1/2022 4:00,370.625
1/1/2022 5:00,347.625
1/1/2022 6:00,310.375
1/1/2022 7:00,251.5
1/1/2022 8:00,177.812
1/1/2022 9:00,90.781
1/1/2022 10:00,24.344
1/1/2022 11:00,0.013
1/1/2022 12:00,0
1/1/2022 13:00,0
1/1/2022 14:00,0
1/1/2022 15:00,0
1/1/2022 16:00,0
1/1/2022 17:00,0
1/1/2022 18:00,0
1/1/2022 19:00,0
1/1/2022 20:00,0
1/1/2022 21:00,0
1/1/2022 22:00,0
1/1/2022 23:00,21.773
1/2/2022 0:00,107.781
1/2/2022 1:00,241.125
1/2/2022 2:00,344.25
1/2/2022 3:00,411.75
1/2/2022 4:00,485.25
1/2/2022 5:00,538.5
1/2/2022 6:00,551.5
1/2/2022 7:00,451.375
1/2/2022 8:00,292
1/2/2022 9:00,158.938
1/2/2022 10:00,43.641
1/2/2022 11:00,0.029
1/2/2022 12:00,0
1/2/2022 13:00,0
1/2/2022 14:00,0
1/2/2022 15:00,0
1/2/2022 16:00,0
1/2/2022 17:00,0
1/2/2022 18:00,0
1/2/2022 19:00,0
1/2/2022 20:00,0
1/2/2022 21:00,0
1/2/2022 22:00,0
1/2/2022 23:00,26.461
1/3/2022 0:00,94.688
1/3/2022 1:00,158.938
1/3/2022 2:00,232.75
1/3/2022 3:00,284.125
1/3/2022 4:00,336.5
1/3/2022 5:00,383.125
1/3/2022 6:00,383
1/3/2022 7:00,318.375
1/3/2022 8:00,219.25
1/3/2022 9:00,122.312
1/3/2022 10:00,34.719
1/3/2022 11:00,0.027
1/3/2022 12:00,0
1/3/2022 13:00,0
1/3/2022 14:00,0
1/3/2022 15:00,0
1/3/2022 16:00,0
1/3/2022 17:00,0
1/3/2022 18:00,0
1/3/2022 19:00,0
1/3/2022 20:00,0
1/3/2022 21:00,0
1/3/2022 22:00,0
1/3/2022 23:00,48.984
1/4/2022 0:00,220
1/4/2022 1:00,350.625
1/4/2022 2:00,467.125
1/4/2022 3:00,595.25
1/4/2022 4:00,693.25
1/4/2022 5:00,672
1/4/2022 6:00,549.5
1/4/2022 7:00,350.875
1/4/2022 8:00,170.438
1/4/2022 9:00,77
1/4/2022 10:00,22.164
1/4/2022 11:00,0.02
1/4/2022 12:00,0
1/4/2022 13:00,0
1/4/2022 14:00,0
1/4/2022 15:00,0
1/4/2022 16:00,0
1/4/2022 17:00,0
1/4/2022 18:00,0
1/4/2022 19:00,0
1/4/2022 20:00,0
1/4/2022 21:00,0
1/4/2022 22:00,0
1/4/2022 23:00,38.906
1/5/2022 0:00,192.625
1/5/2022 1:00,358.25
1/5/2022 2:00,487.25
1/5/2022 3:00,581
1/5/2022 4:00,504.25
1/5/2022 5:00,485.875
1/5/2022 6:00,388.5
1/5/2022 7:00,278.125
1/5/2022 8:00,179.25
1/5/2022 9:00,87.094
1/5/2022 10:00,23.961
1/5/2022 11:00,0.019
1/5/2022 12:00,0
1/5/2022 13:00,0
1/5/2022 14:00,0
1/5/2022 15:00,0
1/5/2022 16:00,0
1/5/2022 17:00,0
1/5/2022 18:00,0
1/5/2022 19:00,0
1/5/2022 20:00,0
1/5/2022 21:00,0
1/5/2022 22:00,0
1/5/2022 23:00,34.984
1/6/2022 0:00,146.438
1/6/2022 1:00,263.5
1/6/2022 2:00,371.625
1/6/2022 3:00,459.625
1/6/2022 4:00,542.75
1/6/2022 5:00,549.25
1/6/2022 6:00,511.625
1/6/2022 7:00,346.625
1/6/2022 8:00,223.875
1/6/2022 9:00,118.875
1/6/2022 10:00,31.844
1/6/2022 11:00,0.026
1/6/2022 12:00,0
1/6/2022 13:00,0
1/6/2022 14:00,0
1/6/2022 15:00,0
1/6/2022 16:00,0
1/6/2022 17:00,0
1/6/2022 18:00,0
1/6/2022 19:00,0
1/6/2022 20:00,0
1/6/2022 21:00,0
1/6/2022 22:00,0
1/6/2022 23:00,29.836
1/7/2022 0:00,144.875
1/7/2022 1:00,279.875
1/7/2022 2:00,423.5
1/7/2022 3:00,521.5
1/7/2022 4:00,583
1/7/2022 5:00,599.75
1/7/2022 6:00,540.75
1/7/2022 7:00,426.25
1/7/2022 8:00,275.875
1/7/2022 9:00,151.688
1/7/2022 10:00,46.203
1/7/2022 11:00,0.029
1/7/2022 12:00,0
1/7/2022 13:00,0
1/7/2022 14:00,0
1/7/2022 15:00,0
1/7/2022 16:00,0
1/7/2022 17:00,0
1/7/2022 18:00,0
1/7/2022 19:00,0
1/7/2022 20:00,0
1/7/2022 21:00,0
1/7/2022 22:00,0
1/7/2022 23:00,28.102
1/8/2022 0:00,126
1/8/2022 1:00,234.938
1/8/2022 2:00,335.625
1/8/2022 3:00,412.5
1/8/2022 4:00,444.875
1/8/2022 5:00,448
1/8/2022 6:00,405.875
1/8/2022 7:00,321.25
1/8/2022 8:00,225.125
1/8/2022 9:00,117.031
1/8/2022 10:00,26.43
1/8/2022 11:00,0.022
1/8/2022 12:00,0
1/8/2022 13:00,0
1/8/2022 14:00,0
1/8/2022 15:00,0
1/8/2022 16:00,0
1/8/2022 17:00,0
1/8/2022 18:00,0
1/8/2022 19:00,0
1/8/2022 20:00,0
1/8/2022 21:00,0
1/8/2022 22:00,0
1/8/2022 23:00,26.102
1/9/2022 0:00,128.875
1/9/2022 1:00,254.625
1/9/2022 2:00,396.625
1/9/2022 3:00,543.75
1/9/2022 4:00,651.5
1/9/2022 5:00,694.25
1/9/2022 6:00,624.5
1/9/2022 7:00,511.125
1/9/2022 8:00,393.375
1/9/2022 9:00,243.688
1/9/2022 10:00,71.281
1/9/2022 11:00,0.065
1/9/2022 12:00,0
1/9/2022 13:00,0
1/9/2022 14:00,0
1/9/2022 15:00,0
1/9/2022 16:00,0
1/9/2022 17:00,0
1/9/2022 18:00,0
1/9/2022 19:00,0
1/9/2022 20:00,0
1/9/2022 21:00,0
1/9/2022 22:00,0
1/9/2022 23:00,52.375
1/10/2022 0:00,247.812
1/10/2022 1:00,474.125
1/10/2022 2:00,673.75
1/10/2022 3:00,819.5
1/10/2022 4:00,891.75
1/10/2022 5:00,910.75
1/10/2022 6:00,835
1/10/2022 7:00,681.5
1/10/2022 8:00,491.375
1/10/2022 9:00,250.312
1/10/2022 10:00,74.906
1/10/2022 11:00,0.073
1/10/2022 12:00,0
1/10/2022 13:00,0
1/10/2022 14:00,0
1/10/2022 15:00,0
1/10/2022 16:00,0
1/10/2022 17:00,0
1/10/2022 18:00,0
1/10/2022 19:00,0
1/10/2022 20:00,0
1/10/2022 21:00,0
1/10/2022 22:00,0
1/10/2022 23:00,50.016
1/11/2022 0:00,235.062
1/11/2022 1:00,435.75
1/11/2022 2:00,636.25
1/11/2022 3:00,801.25
1/11/2022 4:00,886
1/11/2022 5:00,851.25
1/11/2022 6:00,763.75
1/11/2022 7:00,618
1/11/2022 8:00,407.625
1/11/2022 9:00,216.125
1/11/2022 10:00,61.25
1/11/2022 11:00,0.047
1/11/2022 12:00,0
1/11/2022 13:00,0
1/11/2022 14:00,0
1/11/2022 15:00,0
1/11/2022 16:00,0
1/11/2022 17:00,0
1/11/2022 18:00,0
1/11/2022 19:00,0
1/11/2022 20:00,0
1/11/2022 21:00,0
1/11/2022 22:00,0
1/11/2022 23:00,39.125
1/12/2022 0:00,190.625
1/12/2022 1:00,398.375
1/12/2022 2:00,604
1/12/2022 3:00,734.75
1/12/2022 4:00,795.75
1/12/2022 5:00,815.25
1/12/2022 6:00,740.5
1/12/2022 7:00,599
1/12/2022 8:00,379.25
1/12/2022 9:00,208.25
1/12/2022 10:00,49.734
1/12/2022 11:00,0.047
1/12/2022 12:00,0
1/12/2022 13:00,0
1/12/2022 14:00,0
1/12/2022 15:00,0
1/12/2022 16:00,0
1/12/2022 17:00,0
1/12/2022 18:00,0
1/12/2022 19:00,0
1/12/2022 20:00,0
1/12/2022 21:00,0
1/12/2022 22:00,0
1/12/2022 23:00,48.156
1/13/2022 0:00,224.812
1/13/2022 1:00,432.875
1/13/2022 2:00,624
1/13/2022 3:00,781
1/13/2022 4:00,846
1/13/2022 5:00,853
1/13/2022 6:00,796.5
1/13/2022 7:00,663.5
1/13/2022 8:00,462.125
1/13/2022 9:00,229.688
1/13/2022 10:00,63.016
1/13/2022 11:00,0.059
1/13/2022 12:00,0
1/13/2022 13:00,0
1/13/2022 14:00,0
1/13/2022 15:00,0
1/13/2022 16:00,0
1/13/2022 17:00,0
1/13/2022 18:00,0
1/13/2022 19:00,0
1/13/2022 20:00,0
1/13/2022 21:00,0
1/13/2022 22:00,0
1/13/2022 23:00,40.234
1/14/2022 0:00,180.812
1/14/2022 1:00,347.5
1/14/2022 2:00,491
1/14/2022 3:00,566.25
1/14/2022 4:00,585.25
1/14/2022 5:00,569.75
1/14/2022 6:00,487
1/14/2022 7:00,401.25
1/14/2022 8:00,278.875
1/14/2022 9:00,159.375
1/14/2022 10:00,44.469
1/14/2022 11:00,0.035
1/14/2022 12:00,0
1/14/2022 13:00,0
1/14/2022 14:00,0
1/14/2022 15:00,0
1/14/2022 16:00,0
1/14/2022 17:00,0
1/14/2022 18:00,0
1/14/2022 19:00,0
1/14/2022 20:00,0
1/14/2022 21:00,0
1/14/2022 22:00,0
1/14/2022 23:00,46.203
1/15/2022 0:00,217
1/15/2022 1:00,439.75
1/15/2022 2:00,641.5
1/15/2022 3:00,755
1/15/2022 4:00,804.25
1/15/2022 5:00,805
1/15/2022 6:00,756.25
1/15/2022 7:00,593.75
1/15/2022 8:00,393.5
1/15/2022 9:00,216.312
1/15/2022 10:00,70.125
1/15/2022 11:00,0.063
1/15/2022 12:00,0
1/15/2022 13:00,0
1/15/2022 14:00,0
1/15/2022 15:00,0
1/15/2022 16:00,0
1/15/2022 17:00,0
1/15/2022 18:00,0
1/15/2022 19:00,0
1/15/2022 20:00,0
1/15/2022 21:00,0
1/15/2022 22:00,0
1/15/2022 23:00,36.203
1/16/2022 0:00,168.188
1/16/2022 1:00,322.5
1/16/2022 2:00,453.125
1/16/2022 3:00,554.25
1/16/2022 4:00,628.75
1/16/2022 5:00,657.5
1/16/2022 6:00,612
1/16/2022 7:00,521.5
1/16/2022 8:00,358.5
1/16/2022 9:00,212.438
1/16/2022 10:00,56.953
1/16/2022 11:00,0.046
1/16/2022 12:00,0
1/16/2022 13:00,0
1/16/2022 14:00,0
1/16/2022 15:00,0
1/16/2022 16:00,0
1/16/2022 17:00,0
1/16/2022 18:00,0
1/16/2022 19:00,0
1/16/2022 20:00,0
1/16/2022 21:00,0
1/16/2022 22:00,0
1/16/2022 23:00,33.125
1/17/2022 0:00,155.062
1/17/2022 1:00,296.875
1/17/2022 2:00,455.875
1/17/2022 3:00,588.25
1/17/2022 4:00,642.75
1/17/2022 5:00,617
1/17/2022 6:00,516.25
1/17/2022 7:00,377.625
1/17/2022 8:00,239
1/17/2022 9:00,131.438
1/17/2022 10:00,37.641
1/17/2022 11:00,0.042
1/17/2022 12:00,0
1/17/2022 13:00,0
1/17/2022 14:00,0
1/17/2022 15:00,0
1/17/2022 16:00,0
1/17/2022 17:00,0
1/17/2022 18:00,0
1/17/2022 19:00,0
1/17/2022 20:00,0
1/17/2022 21:00,0
1/17/2022 22:00,0
1/17/2022 23:00,44.875
1/18/2022 0:00,220
1/18/2022 1:00,441.375
1/18/2022 2:00,630.25
1/18/2022 3:00,774.5
1/18/2022 4:00,833.5
1/18/2022 5:00,820
1/18/2022 6:00,642.5
1/18/2022 7:00,380.75
1/18/2022 8:00,196.062
1/18/2022 9:00,89.875
1/18/2022 10:00,27.406
1/18/2022 11:00,0.029
1/18/2022 12:00,0
1/18/2022 13:00,0
1/18/2022 14:00,0
1/18/2022 15:00,0
1/18/2022 16:00,0
1/18/2022 17:00,0
1/18/2022 18:00,0
1/18/2022 19:00,0
1/18/2022 20:00,0
1/18/2022 21:00,0
1/18/2022 22:00,0
1/18/2022 23:00,37.359
1/19/2022 0:00,151
1/19/2022 1:00,258.75
1/19/2022 2:00,371
1/19/2022 3:00,466
1/19/2022 4:00,489.625
1/19/2022 5:00,448.875
1/19/2022 6:00,353.125
1/19/2022 7:00,227.438
1/19/2022 8:00,141.25
1/19/2022 9:00,74
1/19/2022 10:00,21.016
1/19/2022 11:00,0.019
1/19/2022 12:00,0
1/19/2022 13:00,0
1/19/2022 14:00,0
1/19/2022 15:00,0
1/19/2022 16:00,0
1/19/2022 17:00,0
1/19/2022 18:00,0
1/19/2022 19:00,0
1/19/2022 20:00,0
1/19/2022 21:00,0
1/19/2022 22:00,0
1/19/2022 23:00,18.898
1/20/2022 0:00,93.562
1/20/2022 1:00,199.375
1/20/2022 2:00,313.25
1/20/2022 3:00,405.625
1/20/2022 4:00,496.125
1/20/2022 5:00,599
1/20/2022 6:00,675.25
1/20/2022 7:00,635.75
1/20/2022 8:00,460.625
1/20/2022 9:00,231.188
1/20/2022 10:00,63.859
1/20/2022 11:00,0.068
1/20/2022 12:00,0
1/20/2022 13:00,0
1/20/2022 14:00,0
1/20/2022 15:00,0
1/20/2022 16:00,0
1/20/2022 17:00,0
1/20/2022 18:00,0
1/20/2022 19:00,0
1/20/2022 20:00,0
1/20/2022 21:00,0
1/20/2022 22:00,0
1/20/2022 23:00,57.344
1/21/2022 0:00,255.25
1/21/2022 1:00,470.375
1/21/2022 2:00,657.5
1/21/2022 3:00,771.75
1/21/2022 4:00,866
1/21/2022 5:00,905.5
1/21/2022 6:00,842.25
1/21/2022 7:00,679.25
1/21/2022 8:00,510.125
1/21/2022 9:00,272.875
1/21/2022 10:00,79.219
1/21/2022 11:00,0.084
1/21/2022 12:00,0
1/21/2022 13:00,0
1/21/2022 14:00,0
1/21/2022 15:00,0
1/21/2022 16:00,0
1/21/2022 17:00,0
1/21/2022 18:00,0
1/21/2022 19:00,0
1/21/2022 20:00,0
1/21/2022 21:00,0
1/21/2022 22:00,0
1/21/2022 23:00,55.156
1/22/2022 0:00,253.688
1/22/2022 1:00,458.25
1/22/2022 2:00,625.75
1/22/2022 3:00,734
1/22/2022 4:00,782
1/22/2022 5:00,786.25
1/22/2022 6:00,732.75
1/22/2022 7:00,635.25
1/22/2022 8:00,486.125
1/22/2022 9:00,256.875
1/22/2022 10:00,70.469
1/22/2022 11:00,0.066
1/22/2022 12:00,0
1/22/2022 13:00,0
1/22/2022 14:00,0
1/22/2022 15:00,0
1/22/2022 16:00,0
1/22/2022 17:00,0
1/22/2022 18:00,0
1/22/2022 19:00,0
1/22/2022 20:00,0
1/22/2022 21:00,0
1/22/2022 22:00,0
1/22/2022 23:00,55.641
1/23/2022 0:00,266.875
1/23/2022 1:00,507.75
1/23/2022 2:00,719.75
1/23/2022 3:00,861.25
1/23/2022 4:00,935.5
1/23/2022 5:00,941.75
1/23/2022 6:00,845.75
1/23/2022 7:00,685.25
1/23/2022 8:00,458.25
1/23/2022 9:00,257.875
1/23/2022 10:00,69.469
1/23/2022 11:00,0.078
1/23/2022 12:00,0
1/23/2022 13:00,0
1/23/2022 14:00,0
1/23/2022 15:00,0
1/23/2022 16:00,0
1/23/2022 17:00,0
1/23/2022 18:00,0
1/23/2022 19:00,0
1/23/2022 20:00,0
1/23/2022 21:00,0
1/23/2022 22:00,0
1/23/2022 23:00,61.062
1/24/2022 0:00,280.5
1/24/2022 1:00,518.75
1/24/2022 2:00,721.75
1/24/2022 3:00,869.5
1/24/2022 4:00,945.75
1/24/2022 5:00,934
1/24/2022 6:00,843.5
1/24/2022 7:00,676
1/24/2022 8:00,450.5
1/24/2022 9:00,238.5
1/24/2022 10:00,57.312
1/24/2022 11:00,0.056
1/24/2022 12:00,0
1/24/2022 13:00,0
1/24/2022 14:00,0
1/24/2022 15:00,0
1/24/2022 16:00,0
1/24/2022 17:00,0
1/24/2022 18:00,0
1/24/2022 19:00,0
1/24/2022 20:00,0
1/24/2022 21:00,0
1/24/2022 22:00,0
1/24/2022 23:00,37.062
1/25/2022 0:00,194.062
1/25/2022 1:00,435
1/25/2022 2:00,674.5
1/25/2022 3:00,845
1/25/2022 4:00,936.75
1/25/2022 5:00,952.75
1/25/2022 6:00,888.75
1/25/2022 7:00,750.75
1/25/2022 8:00,553.5
1/25/2022 9:00,310.75
1/25/2022 10:00,83.062
1/25/2022 11:00,0.093
1/25/2022 12:00,0
1/25/2022 13:00,0
1/25/2022 14:00,0
1/25/2022 15:00,0
1/25/2022 16:00,0
1/25/2022 17:00,0
1/25/2022 18:00,0
1/25/2022 19:00,0
1/25/2022 20:00,0
1/25/2022 21:00,0
1/25/2022 22:00,0
1/25/2022 23:00,57.609
1/26/2022 0:00,265.25
1/26/2022 1:00,502.375
1/26/2022 2:00,716
1/26/2022 3:00,865.25
1/26/2022 4:00,939.5
1/26/2022 5:00,920.5
1/26/2022 6:00,806.25
1/26/2022 7:00,638.25
1/26/2022 8:00,444.125
1/26/2022 9:00,250.062
1/26/2022 10:00,72.656
1/26/2022 11:00,0.101
1/26/2022 12:00,0
1/26/2022 13:00,0
1/26/2022 14:00,0
1/26/2022 15:00,0
1/26/2022 16:00,0
1/26/2022 17:00,0
1/26/2022 18:00,0
1/26/2022 19:00,0
1/26/2022 20:00,0
1/26/2022 21:00,0
1/26/2022 22:00,0
1/26/2022 23:00,46.016
1/27/2022 0:00,220.375
1/27/2022 1:00,409.25
1/27/2022 2:00,589.5
1/27/2022 3:00,824.5
1/27/2022 4:00,922
1/27/2022 5:00,975.5
1/27/2022 6:00,898.75
1/27/2022 7:00,751.25
1/27/2022 8:00,489.875
1/27/2022 9:00,212.5
1/27/2022 10:00,51.984
1/27/2022 11:00,0.073
1/27/2022 12:00,0
1/27/2022 13:00,0
1/27/2022 14:00,0
1/27/2022 15:00,0
1/27/2022 16:00,0
1/27/2022 17:00,0
1/27/2022 18:00,0
1/27/2022 19:00,0
1/27/2022 20:00,0
1/27/2022 21:00,0
1/27/2022 22:00,0
1/27/2022 23:00,56.797
1/28/2022 0:00,274.625
1/28/2022 1:00,521
1/28/2022 2:00,743.5
1/28/2022 3:00,892.5
1/28/2022 4:00,975.25
1/28/2022 5:00,978.25
1/28/2022 6:00,898.25
1/28/2022 7:00,742.5
1/28/2022 8:00,526.75
1/28/2022 9:00,261.75
1/28/2022 10:00,80.875
1/28/2022 11:00,0.092
1/28/2022 12:00,0
1/28/2022 13:00,0
1/28/2022 14:00,0
1/28/2022 15:00,0
1/28/2022 16:00,0
1/28/2022 17:00,0
1/28/2022 18:00,0
1/28/2022 19:00,0
1/28/2022 20:00,0
1/28/2022 21:00,0
1/28/2022 22:00,0
1/28/2022 23:00,59.328
1/29/2022 0:00,278.625
1/29/2022 1:00,517
1/29/2022 2:00,714.75
1/29/2022 3:00,884
1/29/2022 4:00,972.5
1/29/2022 5:00,979.25
1/29/2022 6:00,900.5
1/29/2022 7:00,745.25
1/29/2022 8:00,496.625
1/29/2022 9:00,227.938
1/29/2022 10:00,52.109
1/29/2022 11:00,0.072
1/29/2022 12:00,0
1/29/2022 13:00,0
1/29/2022 14:00,0
1/29/2022 15:00,0
1/29/2022 16:00,0
1/29/2022 17:00,0
1/29/2022 18:00,0
1/29/2022 19:00,0
1/29/2022 20:00,0
1/29/2022 21:00,0
1/29/2022 22:00,0
1/29/2022 23:00,59.234
1/30/2022 0:00,275.375
1/30/2022 1:00,516.5
1/30/2022 2:00,732
1/30/2022 3:00,852.5
1/30/2022 4:00,931
1/30/2022 5:00,916
1/30/2022 6:00,832.75
1/30/2022 7:00,668
1/30/2022 8:00,405.5
1/30/2022 9:00,230.625
1/30/2022 10:00,56.75
1/30/2022 11:00,0.067
1/30/2022 12:00,0
1/30/2022 13:00,0
1/30/2022 14:00,0
1/30/2022 15:00,0
1/30/2022 16:00,0
1/30/2022 17:00,0
1/30/2022 18:00,0
1/30/2022 19:00,0
1/30/2022 20:00,0
1/30/2022 21:00,0
1/30/2022 22:00,0
1/30/2022 23:00,42.359
1/31/2022 0:00,217.625
1/31/2022 1:00,432.875
1/31/2022 2:00,594.75
1/31/2022 3:00,728.75
1/31/2022 4:00,848.75
1/31/2022 5:00,868.25
1/31/2022 6:00,752.25
1/31/2022 7:00,636.25
1/31/2022 8:00,412.5
1/31/2022 9:00,239.25
1/31/2022 10:00,68
1/31/2022 11:00,0.079
1/31/2022 12:00,0
1/31/2022 13:00,0
1/31/2022 14:00,0
1/31/2022 15:00,0
1/31/2022 16:00,0
1/31/2022 17:00,0
1/31/2022 18:00,0
1/31/2022 19:00,0
1/31/2022 20:00,0
1/31/2022 21:00,0
1/31/2022 22:00,0
1/31/2022 23:00,50.344
2/1/2022 0:00,241.438
2/1/2022 1:00,465
2/1/2022 2:00,695.25
2/1/2022 3:00,852
2/1/2022 4:00,927.5
2/1/2022 5:00,910.75
2/1/2022 6:00,821.5
2/1/2022 7:00,658.5
2/1/2022 8:00,456.25
2/1/2022 9:00,242.688
2/1/2022 10:00,74.312
2/1/2022 11:00,0.079
2/1/2022 12:00,0
2/1/2022 13:00,0
2/1/2022 14:00,0
2/1/2022 15:00,0
2/1/2022 16:00,0
2/1/2022 17:00,0
2/1/2022 18:00,0
2/1/2022 19:00,0
2/1/2022 20:00,0
2/1/2022 21:00,0
2/1/2022 22:00,0
2/1/2022 23:00,55.281
2/2/2022 0:00,259.25
2/2/2022 1:00,519
2/2/2022 2:00,713
2/2/2022 3:00,828.25
2/2/2022 4:00,899.5
2/2/2022 5:00,913.5
2/2/2022 6:00,841.75
2/2/2022 7:00,699.75
2/2/2022 8:00,489.875
2/2/2022 9:00,270
2/2/2022 10:00,77.469
2/2/2022 11:00,0.093
2/2/2022 12:00,0
2/2/2022 13:00,0
2/2/2022 14:00,0
2/2/2022 15:00,0
2/2/2022 16:00,0
2/2/2022 17:00,0
2/2/2022 18:00,0
2/2/2022 19:00,0
2/2/2022 20:00,0
2/2/2022 21:00,0
2/2/2022 22:00,0
2/2/2022 23:00,28.594
2/3/2022 0:00,142.562
2/3/2022 1:00,300.625
2/3/2022 2:00,455.625
2/3/2022 3:00,603
2/3/2022 4:00,702.5
2/3/2022 5:00,699.75
2/3/2022 6:00,618
2/3/2022 7:00,506.125
2/3/2022 8:00,342
2/3/2022 9:00,154.125
2/3/2022 10:00,39.172
2/3/2022 11:00,0.046
2/3/2022 12:00,0
2/3/2022 13:00,0
2/3/2022 14:00,0
2/3/2022 15:00,0
2/3/2022 16:00,0
2/3/2022 17:00,0
2/3/2022 18:00,0
2/3/2022 19:00,0
2/3/2022 20:00,0
2/3/2022 21:00,0
2/3/2022 22:00,0
2/3/2022 23:00,21.609
2/4/2022 0:00,105.125
2/4/2022 1:00,216.062
2/4/2022 2:00,338
2/4/2022 3:00,470.375
2/4/2022 4:00,522.5
2/4/2022 5:00,528
2/4/2022 6:00,503.5
2/4/2022 7:00,424.5
2/4/2022 8:00,296.625
2/4/2022 9:00,153.375
2/4/2022 10:00,44.766
2/4/2022 11:00,0.065
2/4/2022 12:00,0
2/4/2022 13:00,0
2/4/2022 14:00,0
2/4/2022 15:00,0
2/4/2022 16:00,0
2/4/2022 17:00,0
2/4/2022 18:00,0
2/4/2022 19:00,0
2/4/2022 20:00,0
2/4/2022 21:00,0
2/4/2022 22:00,0
2/4/2022 23:00,23.898
2/5/2022 0:00,147.062
2/5/2022 1:00,292.75
2/5/2022 2:00,460.125
2/5/2022 3:00,490.875
2/5/2022 4:00,582.5
2/5/2022 5:00,595
2/5/2022 6:00,535
2/5/2022 7:00,411.625
2/5/2022 8:00,265.25
2/5/2022 9:00,139.25
2/5/2022 10:00,37.766
2/5/2022 11:00,0.045
2/5/2022 12:00,0
2/5/2022 13:00,0
2/5/2022 14:00,0
2/5/2022 15:00,0
2/5/2022 16:00,0
2/5/2022 17:00,0
2/5/2022 18:00,0
2/5/2022 19:00,0
2/5/2022 20:00,0
2/5/2022 21:00,0
2/5/2022 22:00,0
2/5/2022 23:00,16.172
2/6/2022 0:00,81.75
2/6/2022 1:00,162.062
2/6/2022 2:00,236.062
2/6/2022 3:00,283.5
2/6/2022 4:00,303.75
2/6/2022 5:00,291.625
2/6/2022 6:00,253.938
2/6/2022 7:00,207.5
2/6/2022 8:00,144.812
2/6/2022 9:00,78.281
2/6/2022 10:00,21.68
2/6/2022 11:00,0.024
2/6/2022 12:00,0
2/6/2022 13:00,0
2/6/2022 14:00,0
2/6/2022 15:00,0
2/6/2022 16:00,0
2/6/2022 17:00,0
2/6/2022 18:00,0
2/6/2022 19:00,0
2/6/2022 20:00,0
2/6/2022 21:00,0
2/6/2022 22:00,0
2/6/2022 23:00,12.066
2/7/2022 0:00,61.172
2/7/2022 1:00,116.156
2/7/2022 2:00,179.125
2/7/2022 3:00,242.812
2/7/2022 4:00,283
2/7/2022 5:00,285.875
2/7/2022 6:00,245.625
2/7/2022 7:00,194.438
2/7/2022 8:00,132.875
2/7/2022 9:00,71.75
2/7/2022 10:00,21.281
2/7/2022 11:00,0.035
2/7/2022 12:00,0
2/7/2022 13:00,0
2/7/2022 14:00,0
2/7/2022 15:00,0
2/7/2022 16:00,0
2/7/2022 17:00,0
2/7/2022 18:00,0
2/7/2022 19:00,0
2/7/2022 20:00,0
2/7/2022 21:00,0
2/7/2022 22:00,0
2/7/2022 23:00,20.445
2/8/2022 0:00,95.031
2/8/2022 1:00,183.688
2/8/2022 2:00,257.25
2/8/2022 3:00,301
2/8/2022 4:00,318.875
2/8/2022 5:00,315.875
2/8/2022 6:00,307.25
2/8/2022 7:00,255.188
2/8/2022 8:00,173.438
2/8/2022 9:00,100.031
2/8/2022 10:00,28.727
2/8/2022 11:00,0.04
2/8/2022 12:00,0
2/8/2022 13:00,0
2/8/2022 14:00,0
2/8/2022 15:00,0
2/8/2022 16:00,0
2/8/2022 17:00,0
2/8/2022 18:00,0
2/8/2022 19:00,0
2/8/2022 20:00,0
2/8/2022 21:00,0
2/8/2022 22:00,0
2/8/2022 23:00,29.188
2/9/2022 0:00,113.469
2/9/2022 1:00,177.938
2/9/2022 2:00,215.812
2/9/2022 3:00,261.25
2/9/2022 4:00,310.25
2/9/2022 5:00,333.5
2/9/2022 6:00,310.375
2/9/2022 7:00,257.125
2/9/2022 8:00,179
2/9/2022 9:00,94.5
2/9/2022 10:00,26.086
2/9/2022 11:00,0.031
2/9/2022 12:00,0
2/9/2022 13:00,0
2/9/2022 14:00,0
2/9/2022 15:00,0
2/9/2022 16:00,0
2/9/2022 17:00,0
2/9/2022 18:00,0
2/9/2022 19:00,0
2/9/2022 20:00,0
2/9/2022 21:00,0
2/9/2022 22:00,0
2/9/2022 23:00,20.336
2/10/2022 0:00,90.062
2/10/2022 1:00,160.375
2/10/2022 2:00,203.625
2/10/2022 3:00,246.312
2/10/2022 4:00,290.125
2/10/2022 5:00,322.625
2/10/2022 6:00,294.875
2/10/2022 7:00,240.5
2/10/2022 8:00,147.312
2/10/2022 9:00,66.656
2/10/2022 10:00,17.812
2/10/2022 11:00,0.022
2/10/2022 12:00,0
2/10/2022 13:00,0
2/10/2022 14:00,0
2/10/2022 15:00,0
2/10/2022 16:00,0
2/10/2022 17:00,0
2/10/2022 18:00,0
2/10/2022 19:00,0
2/10/2022 20:00,0
2/10/2022 21:00,0
2/10/2022 22:00,0
2/10/2022 23:00,22.102
2/11/2022 0:00,103.438
2/11/2022 1:00,189.75
2/11/2022 2:00,269.625
2/11/2022 3:00,325.5
2/11/2022 4:00,382.75
2/11/2022 5:00,401
2/11/2022 6:00,347.375
2/11/2022 7:00,249.562
2/11/2022 8:00,180.188
2/11/2022 9:00,101.719
2/11/2022 10:00,28.273
2/11/2022 11:00,0.043
2/11/2022 12:00,0
2/11/2022 13:00,0
2/11/2022 14:00,0
2/11/2022 15:00,0
2/11/2022 16:00,0
2/11/2022 17:00,0
2/11/2022 18:00,0
2/11/2022 19:00,0
2/11/2022 20:00,0
2/11/2022 21:00,0
2/11/2022 22:00,0
2/11/2022 23:00,23.234
2/12/2022 0:00,112.156
2/12/2022 1:00,230.938
2/12/2022 2:00,414
2/12/2022 3:00,622.75
2/12/2022 4:00,790
2/12/2022 5:00,857.5
2/12/2022 6:00,799.25
2/12/2022 7:00,648
2/12/2022 8:00,473.25
2/12/2022 9:00,265.625
2/12/2022 10:00,76.938
2/12/2022 11:00,0.127
2/12/2022 12:00,0
2/12/2022 13:00,0
2/12/2022 14:00,0
2/12/2022 15:00,0
2/12/2022 16:00,0
2/12/2022 17:00,0
2/12/2022 18:00,0
2/12/2022 19:00,0
2/12/2022 20:00,0
2/12/2022 21:00,0
2/12/2022 22:00,0
2/12/2022 23:00,37.422
2/13/2022 0:00,164.562
2/13/2022 1:00,321.125
2/13/2022 2:00,439
2/13/2022 3:00,611.75
2/13/2022 4:00,755
2/13/2022 5:00,784
2/13/2022 6:00,725.5
2/13/2022 7:00,624.25
2/13/2022 8:00,422.375
2/13/2022 9:00,215.312
2/13/2022 10:00,58.438
2/13/2022 11:00,0.113
2/13/2022 12:00,0
2/13/2022 13:00,0
2/13/2022 14:00,0
2/13/2022 15:00,0
2/13/2022 16:00,0
2/13/2022 17:00,0
2/13/2022 18:00,0
2/13/2022 19:00,0
2/13/2022 20:00,0
2/13/2022 21:00,0
2/13/2022 22:00,0
2/13/2022 23:00,39.203
2/14/2022 0:00,187.562
2/14/2022 1:00,366.625
2/14/2022 2:00,533.25
2/14/2022 3:00,624.25
2/14/2022 4:00,661
2/14/2022 5:00,675.75
2/14/2022 6:00,639.5
2/14/2022 7:00,523
2/14/2022 8:00,333.375
2/14/2022 9:00,170.25
2/14/2022 10:00,43.516
2/14/2022 11:00,0.072
2/14/2022 12:00,0
2/14/2022 13:00,0
2/14/2022 14:00,0
2/14/2022 15:00,0
2/14/2022 16:00,0
2/14/2022 17:00,0
2/14/2022 18:00,0
2/14/2022 19:00,0
2/14/2022 20:00,0
2/14/2022 21:00,0
2/14/2022 22:00,0
2/14/2022 23:00,24.609
2/15/2022 0:00,100.688
2/15/2022 1:00,193.625
2/15/2022 2:00,292.125
2/15/2022 3:00,381
2/15/2022 4:00,446.75
2/15/2022 5:00,471.875
2/15/2022 6:00,429.875
2/15/2022 7:00,349.25
2/15/2022 8:00,229.188
2/15/2022 9:00,114.719
2/15/2022 10:00,29.164
2/15/2022 11:00,0.043
2/15/2022 12:00,0
2/15/2022 13:00,0
2/15/2022 14:00,0
2/15/2022 15:00,0
2/15/2022 16:00,0
2/15/2022 17:00,0
2/15/2022 18:00,0
2/15/2022 19:00,0
2/15/2022 20:00,0
2/15/2022 21:00,0
2/15/2022 22:00,0
2/15/2022 23:00,37.234
2/16/2022 0:00,168.625
2/16/2022 1:00,309.75
2/16/2022 2:00,415
2/16/2022 3:00,495.5
2/16/2022 4:00,526.75
2/16/2022 5:00,500.5
2/16/2022 6:00,468.25
2/16/2022 7:00,404.375
2/16/2022 8:00,305.75
2/16/2022 9:00,168.875
2/16/2022 10:00,50.719
2/16/2022 11:00,0.098
2/16/2022 12:00,0
2/16/2022 13:00,0
2/16/2022 14:00,0
2/16/2022 15:00,0
2/16/2022 16:00,0
2/16/2022 17:00,0
2/16/2022 18:00,0
2/16/2022 19:00,0
2/16/2022 20:00,0
2/16/2022 21:00,0
2/16/2022 22:00,0
2/16/2022 23:00,49.016
2/17/2022 0:00,242.062
2/17/2022 1:00,463.625
2/17/2022 2:00,655.25
2/17/2022 3:00,786.5
2/17/2022 4:00,811
2/17/2022 5:00,693.5
2/17/2022 6:00,582
2/17/2022 7:00,461.375
2/17/2022 8:00,319.25
2/17/2022 9:00,172.812
2/17/2022 10:00,50.703
2/17/2022 11:00,0.08
2/17/2022 12:00,0
2/17/2022 13:00,0
2/17/2022 14:00,0
2/17/2022 15:00,0
2/17/2022 16:00,0
2/17/2022 17:00,0
2/17/2022 18:00,0
2/17/2022 19:00,0
2/17/2022 20:00,0
2/17/2022 21:00,0
2/17/2022 22:00,0
2/17/2022 23:00,43.734
2/18/2022 0:00,211
2/18/2022 1:00,394.625
2/18/2022 2:00,529.25
2/18/2022 3:00,605.75
2/18/2022 4:00,638.5
2/18/2022 5:00,615.25
2/18/2022 6:00,577.75
2/18/2022 7:00,511.875
2/18/2022 8:00,371.75
2/18/2022 9:00,192.75
2/18/2022 10:00,47.516
2/18/2022 11:00,0.069
2/18/2022 12:00,0
2/18/2022 13:00,0
2/18/2022 14:00,0
2/18/2022 15:00,0
2/18/2022 16:00,0
2/18/2022 17:00,0
2/18/2022 18:00,0
2/18/2022 19:00,0
2/18/2022 20:00,0
2/18/2022 21:00,0
2/18/2022 22:00,0
2/18/2022 23:00,29.844
2/19/2022 0:00,137.625
2/19/2022 1:00,246.5
2/19/2022 2:00,351.5
2/19/2022 3:00,439.125
2/19/2022 4:00,452.375
2/19/2022 5:00,432.125
2/19/2022 6:00,385.875
2/19/2022 7:00,333.75
2/19/2022 8:00,248.438
2/19/2022 9:00,138.938
2/19/2022 10:00,39.219
2/19/2022 11:00,0.068
2/19/2022 12:00,0
2/19/2022 13:00,0
2/19/2022 14:00,0
2/19/2022 15:00,0
2/19/2022 16:00,0
2/19/2022 17:00,0
2/19/2022 18:00,0
2/19/2022 19:00,0
2/19/2022 20:00,0
2/19/2022 21:00,0
2/19/2022 22:00,0
2/19/2022 23:00,28.219
2/20/2022 0:00,163.312
2/20/2022 1:00,260.375
2/20/2022 2:00,348.625
2/20/2022 3:00,411.625
2/20/2022 4:00,441
2/20/2022 5:00,427.875
2/20/2022 6:00,380.375
2/20/2022 7:00,304.125
2/20/2022 8:00,216.562
2/20/2022 9:00,123.312
2/20/2022 10:00,35.234
2/20/2022 11:00,0.057
2/20/2022 12:00,0
2/20/2022 13:00,0
2/20/2022 14:00,0
2/20/2022 15:00,0
2/20/2022 16:00,0
2/20/2022 17:00,0
2/20/2022 18:00,0
2/20/2022 19:00,0
2/20/2022 20:00,0
2/20/2022 21:00,0
2/20/2022 22:00,0
2/20/2022 23:00,30.117
2/21/2022 0:00,145.188
2/21/2022 1:00,298.125
2/21/2022 2:00,438.875
2/21/2022 3:00,542.5
2/21/2022 4:00,600.75
2/21/2022 5:00,607.75
2/21/2022 6:00,555.5
2/21/2022 7:00,448.625
2/21/2022 8:00,307.625
2/21/2022 9:00,159.688
2/21/2022 10:00,43.969
2/21/2022 11:00,0.088
2/21/2022 12:00,0
2/21/2022 13:00,0
2/21/2022 14:00,0
2/21/2022 15:00,0
2/21/2022 16:00,0
2/21/2022 17:00,0
2/21/2022 18:00,0
2/21/2022 19:00,0
2/21/2022 20:00,0
2/21/2022 21:00,0
2/21/2022 22:00,0
2/21/2022 23:00,44.969
2/22/2022 0:00,205.438
2/22/2022 1:00,370.875
2/22/2022 2:00,489.875
2/22/2022 3:00,570.25
2/22/2022 4:00,587.75
2/22/2022 5:00,550.75
2/22/2022 6:00,496.875
2/22/2022 7:00,419.25
2/22/2022 8:00,312.125
2/22/2022 9:00,177.438
2/22/2022 10:00,49.516
2/22/2022 11:00,0.092
2/22/2022 12:00,0
2/22/2022 13:00,0
2/22/2022 14:00,0
2/22/2022 15:00,0
2/22/2022 16:00,0
2/22/2022 17:00,0
2/22/2022 18:00,0
2/22/2022 19:00,0
2/22/2022 20:00,0
2/22/2022 21:00,0
2/22/2022 22:00,0
2/22/2022 23:00,16.648
2/23/2022 0:00,76.438
2/23/2022 1:00,146.938
2/23/2022 2:00,212.25
2/23/2022 3:00,265.25
2/23/2022 4:00,334.75
2/23/2022 5:00,317.625
2/23/2022 6:00,288.625
2/23/2022 7:00,223.625
2/23/2022 8:00,163.125
2/23/2022 9:00,90.562
2/23/2022 10:00,27.406
2/23/2022 11:00,0.041
2/23/2022 12:00,0
2/23/2022 13:00,0
2/23/2022 14:00,0
2/23/2022 15:00,0
2/23/2022 16:00,0
2/23/2022 17:00,0
2/23/2022 18:00,0
2/23/2022 19:00,0
2/23/2022 20:00,0
2/23/2022 21:00,0
2/23/2022 22:00,0
2/23/2022 23:00,20.234
2/24/2022 0:00,88.219
2/24/2022 1:00,164.312
2/24/2022 2:00,242.625
2/24/2022 3:00,291
2/24/2022 4:00,294.125
2/24/2022 5:00,289.375
2/24/2022 6:00,272.25
2/24/2022 7:00,222.562
2/24/2022 8:00,154.625
2/24/2022 9:00,84.469
2/24/2022 10:00,24.117
2/24/2022 11:00,0.043
2/24/2022 12:00,0
2/24/2022 13:00,0
2/24/2022 14:00,0
2/24/2022 15:00,0
2/24/2022 16:00,0
2/24/2022 17:00,0
2/24/2022 18:00,0
2/24/2022 19:00,0
2/24/2022 20:00,0
2/24/2022 21:00,0
2/24/2022 22:00,0
2/24/2022 23:00,25.828
2/25/2022 0:00,131.625
2/25/2022 1:00,267.625
2/25/2022 2:00,357.5
2/25/2022 3:00,404.125
2/25/2022 4:00,436
2/25/2022 5:00,452.625
2/25/2022 6:00,417.125
2/25/2022 7:00,324
2/25/2022 8:00,221.688
2/25/2022 9:00,114.031
2/25/2022 10:00,31.859
2/25/2022 11:00,0.055
2/25/2022 12:00,0
2/25/2022 13:00,0
2/25/2022 14:00,0
2/25/2022 15:00,0
2/25/2022 16:00,0
2/25/2022 17:00,0
2/25/2022 18:00,0
2/25/2022 19:00,0
2/25/2022 20:00,0
2/25/2022 21:00,0
2/25/2022 22:00,0
2/25/2022 23:00,25.695
2/26/2022 0:00,117.469
2/26/2022 1:00,214.875
2/26/2022 2:00,284.375
2/26/2022 3:00,323.625
2/26/2022 4:00,365
2/26/2022 5:00,395.5
2/26/2022 6:00,423
2/26/2022 7:00,417.375
2/26/2022 8:00,387.75
2/26/2022 9:00,232.375
2/26/2022 10:00,62.172
2/26/2022 11:00,0.123
2/26/2022 12:00,0
2/26/2022 13:00,0
2/26/2022 14:00,0
2/26/2022 15:00,0
2/26/2022 16:00,0
2/26/2022 17:00,0
2/26/2022 18:00,0
2/26/2022 19:00,0
2/26/2022 20:00,0
2/26/2022 21:00,0
2/26/2022 22:00,0
2/26/2022 23:00,25.109
2/27/2022 0:00,109.188
2/27/2022 1:00,208.25
2/27/2022 2:00,295.125
2/27/2022 3:00,358.875
2/27/2022 4:00,429.75
2/27/2022 5:00,455.375
2/27/2022 6:00,437
2/27/2022 7:00,334.375
2/27/2022 8:00,254.188
2/27/2022 9:00,170.25
2/27/2022 10:00,58.781
2/27/2022 11:00,0.12
2/27/2022 12:00,0
2/27/2022 13:00,0
2/27/2022 14:00,0
2/27/2022 15:00,0
2/27/2022 16:00,0
2/27/2022 17:00,0
2/27/2022 18:00,0
2/27/2022 19:00,0
2/27/2022 20:00,0
2/27/2022 21:00,0
2/27/2022 22:00,0
2/27/2022 23:00,26.461
2/28/2022 0:00,131.688
2/28/2022 1:00,265.375
2/28/2022 2:00,414.25
2/28/2022 3:00,499.5
2/28/2022 4:00,558.25
2/28/2022 5:00,585
2/28/2022 6:00,547.25
2/28/2022 7:00,456.5
2/28/2022 8:00,353.125
2/28/2022 9:00,225.812
2/28/2022 10:00,65.25
2/28/2022 11:00,0.14
2/28/2022 12:00,0
2/28/2022 13:00,0
2/28/2022 14:00,0
2/28/2022 15:00,0
2/28/2022 16:00,0
2/28/2022 17:00,0
2/28/2022 18:00,0
2/28/2022 19:00,0
2/28/2022 20:00,0
2/28/2022 21:00,0
2/28/2022 22:00,0
2/28/2022 23:00,53.219
3/1/2022 0:00,249.875
3/1/2022 1:00,474
3/1/2022 2:00,666.5
3/1/2022 3:00,799.75
3/1/2022 4:00,886.25
3/1/2022 5:00,884
3/1/2022 6:00,790
3/1/2022 7:00,631.75
3/1/2022 8:00,441.875
3/1/2022 9:00,215.5
3/1/2022 10:00,57.094
3/1/2022 11:00,0.124
3/1/2022 12:00,0
3/1/2022 13:00,0
3/1/2022 14:00,0
3/1/2022 15:00,0
3/1/2022 16:00,0
3/1/2022 17:00,0
3/1/2022 18:00,0
3/1/2022 19:00,0
3/1/2022 20:00,0
3/1/2022 21:00,0
3/1/2022 22:00,0
3/1/2022 23:00,39.062
3/2/2022 0:00,186.438
3/2/2022 1:00,383.5
3/2/2022 2:00,594
3/2/2022 3:00,738.75
3/2/2022 4:00,813.25
3/2/2022 5:00,785.75
3/2/2022 6:00,731.25
3/2/2022 7:00,604
3/2/2022 8:00,387.375
3/2/2022 9:00,189.5
3/2/2022 10:00,45.594
3/2/2022 11:00,0.095
3/2/2022 12:00,0
3/2/2022 13:00,0
3/2/2022 14:00,0
3/2/2022 15:00,0
3/2/2022 16:00,0
3/2/2022 17:00,0
3/2/2022 18:00,0
3/2/2022 19:00,0
3/2/2022 20:00,0
3/2/2022 21:00,0
3/2/2022 22:00,0
3/2/2022 23:00,26.672
3/3/2022 0:00,121.344
3/3/2022 1:00,226.188
3/3/2022 2:00,327.625
3/3/2022 3:00,377.875
3/3/2022 4:00,447
3/3/2022 5:00,470.625
3/3/2022 6:00,451.5
3/3/2022 7:00,414.625
3/3/2022 8:00,306.625
3/3/2022 9:00,174.812
3/3/2022 10:00,50.141
3/3/2022 11:00,0.086
3/3/2022 12:00,0
3/3/2022 13:00,0
3/3/2022 14:00,0
3/3/2022 15:00,0
3/3/2022 16:00,0
3/3/2022 17:00,0
3/3/2022 18:00,0
3/3/2022 19:00,0
3/3/2022 20:00,0
3/3/2022 21:00,0
3/3/2022 22:00,0
3/3/2022 23:00,29.641
3/4/2022 0:00,131.875
3/4/2022 1:00,253.438
3/4/2022 2:00,384.625
3/4/2022 3:00,519.25
3/4/2022 4:00,613.5
3/4/2022 5:00,539.25
3/4/2022 6:00,426.75
3/4/2022 7:00,282.5
3/4/2022 8:00,197.875
3/4/2022 9:00,110.719
3/4/2022 10:00,32.141
3/4/2022 11:00,0.066
3/4/2022 12:00,0
3/4/2022 13:00,0
3/4/2022 14:00,0
3/4/2022 15:00,0
3/4/2022 16:00,0
3/4/2022 17:00,0
3/4/2022 18:00,0
3/4/2022 19:00,0
3/4/2022 20:00,0
3/4/2022 21:00,0
3/4/2022 22:00,0
3/4/2022 23:00,24.375
3/5/2022 0:00,103.844
3/5/2022 1:00,196.938
3/5/2022 2:00,291.25
3/5/2022 3:00,354
3/5/2022 4:00,393.375
3/5/2022 5:00,409.5
3/5/2022 6:00,388.625
3/5/2022 7:00,337.125
3/5/2022 8:00,239.688
3/5/2022 9:00,143.125
3/5/2022 10:00,50.016
3/5/2022 11:00,0.118
3/5/2022 12:00,0
3/5/2022 13:00,0
3/5/2022 14:00,0
3/5/2022 15:00,0
3/5/2022 16:00,0
3/5/2022 17:00,0
3/5/2022 18:00,0
3/5/2022 19:00,0
3/5/2022 20:00,0
3/5/2022 21:00,0
3/5/2022 22:00,0
3/5/2022 23:00,26.805
3/6/2022 0:00,119.469
3/6/2022 1:00,238.375
3/6/2022 2:00,350.375
3/6/2022 3:00,429.75
3/6/2022 4:00,465.25
3/6/2022 5:00,465.875
3/6/2022 6:00,399.875
3/6/2022 7:00,331.75
3/6/2022 8:00,227.438
3/6/2022 9:00,111.531
3/6/2022 10:00,33.672
3/6/2022 11:00,0.086
3/6/2022 12:00,0
3/6/2022 13:00,0
3/6/2022 14:00,0
3/6/2022 15:00,0
3/6/2022 16:00,0
3/6/2022 17:00,0
3/6/2022 18:00,0
3/6/2022 19:00,0
3/6/2022 20:00,0
3/6/2022 21:00,0
3/6/2022 22:00,0
3/6/2022 23:00,49.891
3/7/2022 0:00,218.438
3/7/2022 1:00,387.875
3/7/2022 2:00,517.75
3/7/2022 3:00,568.25
3/7/2022 4:00,557.25
3/7/2022 5:00,536.75
3/7/2022 6:00,446.625
3/7/2022 7:00,331
3/7/2022 8:00,234
3/7/2022 9:00,142.625
3/7/2022 10:00,34.531
3/7/2022 11:00,0.071
3/7/2022 12:00,0
3/7/2022 13:00,0
3/7/2022 14:00,0
3/7/2022 15:00,0
3/7/2022 16:00,0
3/7/2022 17:00,0
3/7/2022 18:00,0
3/7/2022 19:00,0
3/7/2022 20:00,0
3/7/2022 21:00,0
3/7/2022 22:00,0
3/7/2022 23:00,45.828
3/8/2022 0:00,205.562
3/8/2022 1:00,428.625
3/8/2022 2:00,606
3/8/2022 3:00,797
3/8/2022 4:00,888.5
3/8/2022 5:00,905.5
3/8/2022 6:00,826.25
3/8/2022 7:00,676
3/8/2022 8:00,480.125
3/8/2022 9:00,247.625
3/8/2022 10:00,63.859
3/8/2022 11:00,0.149
3/8/2022 12:00,0
3/8/2022 13:00,0
3/8/2022 14:00,0
3/8/2022 15:00,0
3/8/2022 16:00,0
3/8/2022 17:00,0
3/8/2022 18:00,0
3/8/2022 19:00,0
3/8/2022 20:00,0
3/8/2022 21:00,0
3/8/2022 22:00,0
3/8/2022 23:00,46.125
3/9/2022 0:00,196
3/9/2022 1:00,362.375
3/9/2022 2:00,521.25
3/9/2022 3:00,635.25
3/9/2022 4:00,691
3/9/2022 5:00,667.75
3/9/2022 6:00,592
3/9/2022 7:00,494.625
3/9/2022 8:00,354
3/9/2022 9:00,192.688
3/9/2022 10:00,58.609
3/9/2022 11:00,0.131
3/9/2022 12:00,0
3/9/2022 13:00,0
3/9/2022 14:00,0
3/9/2022 15:00,0
3/9/2022 16:00,0
3/9/2022 17:00,0
3/9/2022 18:00,0
3/9/2022 19:00,0
3/9/2022 20:00,0
3/9/2022 21:00,0
3/9/2022 22:00,0
3/9/2022 23:00,22.031
3/10/2022 0:00,97.812
3/10/2022 1:00,188.688
3/10/2022 2:00,276.625
3/10/2022 3:00,369
3/10/2022 4:00,433.625
3/10/2022 5:00,432.125
3/10/2022 6:00,390.375
3/10/2022 7:00,328.75
3/10/2022 8:00,231.375
3/10/2022 9:00,128.938
3/10/2022 10:00,36.672
3/10/2022 11:00,0.096
3/10/2022 12:00,0
3/10/2022 13:00,0
3/10/2022 14:00,0
3/10/2022 15:00,0
3/10/2022 16:00,0
3/10/2022 17:00,0
3/10/2022 18:00,0
3/10/2022 19:00,0
3/10/2022 20:00,0
3/10/2022 21:00,0
3/10/2022 22:00,0
3/10/2022 23:00,40.062
3/11/2022 0:00,192.812
3/11/2022 1:00,379.5
3/11/2022 2:00,565.5
3/11/2022 3:00,716.25
3/11/2022 4:00,832
3/11/2022 5:00,895.5
3/11/2022 6:00,849.5
3/11/2022 7:00,710.75
3/11/2022 8:00,483.625
3/11/2022 9:00,247.375
3/11/2022 10:00,72.594
3/11/2022 11:00,0.204
3/11/2022 12:00,0
3/11/2022 13:00,0
3/11/2022 14:00,0
3/11/2022 15:00,0
3/11/2022 16:00,0
3/11/2022 17:00,0
3/11/2022 18:00,0
3/11/2022 19:00,0
3/11/2022 20:00,0
3/11/2022 21:00,0
3/11/2022 22:00,0
3/11/2022 23:00,66.219
3/12/2022 0:00,300.75
3/12/2022 1:00,549.5
3/12/2022 2:00,756.5
3/12/2022 3:00,873
3/12/2022 4:00,955.75
3/12/2022 5:00,963.75
3/12/2022 6:00,892.25
3/12/2022 7:00,744.75
3/12/2022 8:00,512.25
3/12/2022 9:00,267.875
3/12/2022 10:00,74.312
3/12/2022 11:00,0.201
3/12/2022 12:00,0
3/12/2022 13:00,0
3/12/2022 14:00,0
3/12/2022 15:00,0
3/12/2022 16:00,0
3/12/2022 17:00,0
3/12/2022 18:00,0
3/12/2022 19:00,0
3/12/2022 20:00,0
3/12/2022 21:00,0
3/12/2022 22:00,0
3/12/2022 23:00,63.203
3/13/2022 0:00,283.625
3/13/2022 1:00,526.75
3/13/2022 2:00,723.75
3/13/2022 3:00,868.5
3/13/2022 4:00,943.25
3/13/2022 5:00,938.75
3/13/2022 6:00,821.5
3/13/2022 7:00,666.5
3/13/2022 8:00,482.5
3/13/2022 9:00,279.125
3/13/2022 10:00,71.25
3/13/2022 11:00,0.211
3/13/2022 12:00,0
3/13/2022 13:00,0
3/13/2022 14:00,0
3/13/2022 15:00,0
3/13/2022 16:00,0
3/13/2022 17:00,0
3/13/2022 18:00,0
3/13/2022 19:00,0
3/13/2022 20:00,0
3/13/2022 21:00,0
3/13/2022 22:00,0
3/13/2022 23:00,49.188
3/14/2022 0:00,218.75
3/14/2022 1:00,378.75
3/14/2022 2:00,540
3/14/2022 3:00,669
3/14/2022 4:00,715
3/14/2022 5:00,735.25
3/14/2022 6:00,678
3/14/2022 7:00,580.75
3/14/2022 8:00,426.25
3/14/2022 9:00,216.312
3/14/2022 10:00,63.375
3/14/2022 11:00,0.149
3/14/2022 12:00,0
3/14/2022 13:00,0
3/14/2022 14:00,0
3/14/2022 15:00,0
3/14/2022 16:00,0
3/14/2022 17:00,0
3/14/2022 18:00,0
3/14/2022 19:00,0
3/14/2022 20:00,0
3/14/2022 21:00,0
3/14/2022 22:00,0
3/14/2022 23:00,24.609
3/15/2022 0:00,123.844
3/15/2022 1:00,277.75
3/15/2022 2:00,412.25
3/15/2022 3:00,522.75
3/15/2022 4:00,588.5
3/15/2022 5:00,595
3/15/2022 6:00,502.5
3/15/2022 7:00,387.5
3/15/2022 8:00,268.375
3/15/2022 9:00,137.5
3/15/2022 10:00,35
3/15/2022 11:00,0.079
3/15/2022 12:00,0
3/15/2022 13:00,0
3/15/2022 14:00,0
3/15/2022 15:00,0
3/15/2022 16:00,0
3/15/2022 17:00,0
3/15/2022 18:00,0
3/15/2022 19:00,0
3/15/2022 20:00,0
3/15/2022 21:00,0
3/15/2022 22:00,0
3/15/2022 23:00,31.711
3/16/2022 0:00,144.125
3/16/2022 1:00,292.75
3/16/2022 2:00,431.375
3/16/2022 3:00,549.25
3/16/2022 4:00,636
3/16/2022 5:00,638.5
3/16/2022 6:00,597.5
3/16/2022 7:00,523
3/16/2022 8:00,363.875
3/16/2022 9:00,184.312
3/16/2022 10:00,51.25
3/16/2022 11:00,0.157
3/16/2022 12:00,0
3/16/2022 13:00,0
3/16/2022 14:00,0
3/16/2022 15:00,0
3/16/2022 16:00,0
3/16/2022 17:00,0
3/16/2022 18:00,0
3/16/2022 19:00,0
3/16/2022 20:00,0
3/16/2022 21:00,0
3/16/2022 22:00,0
3/16/2022 23:00,34.812
3/17/2022 0:00,150.125
3/17/2022 1:00,280
3/17/2022 2:00,413.875
3/17/2022 3:00,430.125
3/17/2022 4:00,487.125
3/17/2022 5:00,493.25
3/17/2022 6:00,437.625
3/17/2022 7:00,335.5
3/17/2022 8:00,210
3/17/2022 9:00,102.031
3/17/2022 10:00,27.844
3/17/2022 11:00,0.074
3/17/2022 12:00,0
3/17/2022 13:00,0
3/17/2022 14:00,0
3/17/2022 15:00,0
3/17/2022 16:00,0
3/17/2022 17:00,0
3/17/2022 18:00,0
3/17/2022 19:00,0
3/17/2022 20:00,0
3/17/2022 21:00,0
3/17/2022 22:00,0
3/17/2022 23:00,17.773
3/18/2022 0:00,75.031
3/18/2022 1:00,150.062
3/18/2022 2:00,234.5
3/18/2022 3:00,307.25
3/18/2022 4:00,355.75
3/18/2022 5:00,380.375
3/18/2022 6:00,373.375
3/18/2022 7:00,324.625
3/18/2022 8:00,225.5
3/18/2022 9:00,106.875
3/18/2022 10:00,24.961
3/18/2022 11:00,0.06
3/18/2022 12:00,0
3/18/2022 13:00,0
3/18/2022 14:00,0
3/18/2022 15:00,0
3/18/2022 16:00,0
3/18/2022 17:00,0
3/18/2022 18:00,0
3/18/2022 19:00,0
3/18/2022 20:00,0
3/18/2022 21:00,0
3/18/2022 22:00,0
3/18/2022 23:00,34.469
3/19/2022 0:00,149.312
3/19/2022 1:00,257.5
3/19/2022 2:00,356.125
3/19/2022 3:00,418.875
3/19/2022 4:00,453.125
3/19/2022 5:00,409.625
3/19/2022 6:00,355
3/19/2022 7:00,309
3/19/2022 8:00,230.188
3/19/2022 9:00,123.812
3/19/2022 10:00,37.578
3/19/2022 11:00,0.114
3/19/2022 12:00,0
3/19/2022 13:00,0
3/19/2022 14:00,0
3/19/2022 15:00,0
3/19/2022 16:00,0
3/19/2022 17:00,0
3/19/2022 18:00,0
3/19/2022 19:00,0
3/19/2022 20:00,0
3/19/2022 21:00,0
3/19/2022 22:00,0
3/19/2022 23:00,19.148
3/20/2022 0:00,100.75
3/20/2022 1:00,200.375
3/20/2022 2:00,321
3/20/2022 3:00,467.5
3/20/2022 4:00,568.25
3/20/2022 5:00,550
3/20/2022 6:00,479.25
3/20/2022 7:00,390.25
3/20/2022 8:00,279
3/20/2022 9:00,144.25
3/20/2022 10:00,41.969
3/20/2022 11:00,0.12
3/20/2022 12:00,0
3/20/2022 13:00,0
3/20/2022 14:00,0
3/20/2022 15:00,0
3/20/2022 16:00,0
3/20/2022 17:00,0
3/20/2022 18:00,0
3/20/2022 19:00,0
3/20/2022 20:00,0
3/20/2022 21:00,0
3/20/2022 22:00,0
3/20/2022 23:00,30.156
3/21/2022 0:00,145.188
3/21/2022 1:00,294
3/21/2022 2:00,466.875
3/21/2022 3:00,555.5
3/21/2022 4:00,546.75
3/21/2022 5:00,496.75
3/21/2022 6:00,527.25
3/21/2022 7:00,530.25
3/21/2022 8:00,368.5
3/21/2022 9:00,147.75
3/21/2022 10:00,46.984
3/21/2022 11:00,0.138
3/21/2022 12:00,0
3/21/2022 13:00,0
3/21/2022 14:00,0
3/21/2022 15:00,0
3/21/2022 16:00,0
3/21/2022 17:00,0
3/21/2022 18:00,0
3/21/2022 19:00,0
3/21/2022 20:00,0
3/21/2022 21:00,0
3/21/2022 22:00,0
3/21/2022 23:00,29.508
3/22/2022 0:00,127.25
3/22/2022 1:00,252.375
3/22/2022 2:00,368.625
3/22/2022 3:00,438.875
3/22/2022 4:00,447.375
3/22/2022 5:00,431.375
3/22/2022 6:00,392.125
3/22/2022 7:00,303.625
3/22/2022 8:00,218.875
3/22/2022 9:00,122.594
3/22/2022 10:00,36.484
3/22/2022 11:00,0.116
3/22/2022 12:00,0
3/22/2022 13:00,0
3/22/2022 14:00,0
3/22/2022 15:00,0
3/22/2022 16:00,0
3/22/2022 17:00,0
3/22/2022 18:00,0
3/22/2022 19:00,0
3/22/2022 20:00,0
3/22/2022 21:00,0
3/22/2022 22:00,0
3/22/2022 23:00,34.703
3/23/2022 0:00,166.688
3/23/2022 1:00,333.625
3/23/2022 2:00,383.375
3/23/2022 3:00,469.625
3/23/2022 4:00,575.25
3/23/2022 5:00,652
3/23/2022 6:00,628
3/23/2022 7:00,540.5
3/23/2022 8:00,342.125
3/23/2022 9:00,173.812
3/23/2022 10:00,51.734
3/23/2022 11:00,0.165
3/23/2022 12:00,0
3/23/2022 13:00,0
3/23/2022 14:00,0
3/23/2022 15:00,0
3/23/2022 16:00,0
3/23/2022 17:00,0
3/23/2022 18:00,0
3/23/2022 19:00,0
3/23/2022 20:00,0
3/23/2022 21:00,0
3/23/2022 22:00,0
3/23/2022 23:00,48.266
3/24/2022 0:00,215.625
3/24/2022 1:00,411.875
3/24/2022 2:00,607
3/24/2022 3:00,742
3/24/2022 4:00,832.5
3/24/2022 5:00,849.75
3/24/2022 6:00,747
3/24/2022 7:00,524.5
3/24/2022 8:00,313.375
3/24/2022 9:00,164.375
3/24/2022 10:00,58.125
3/24/2022 11:00,0.184
3/24/2022 12:00,0
3/24/2022 13:00,0
3/24/2022 14:00,0
3/24/2022 15:00,0
3/24/2022 16:00,0
3/24/2022 17:00,0
3/24/2022 18:00,0
3/24/2022 19:00,0
3/24/2022 20:00,0
3/24/2022 21:00,0
3/24/2022 22:00,0
3/24/2022 23:00,47.016
3/25/2022 0:00,205.562
3/25/2022 1:00,363.625
3/25/2022 2:00,501
3/25/2022 3:00,630.25
3/25/2022 4:00,706.5
3/25/2022 5:00,707
3/25/2022 6:00,600.25
3/25/2022 7:00,449
3/25/2022 8:00,286.75
3/25/2022 9:00,151.375
3/25/2022 10:00,38.844
3/25/2022 11:00,0.129
3/25/2022 12:00,0
3/25/2022 13:00,0
3/25/2022 14:00,0
3/25/2022 15:00,0
3/25/2022 16:00,0
3/25/2022 17:00,0
3/25/2022 18:00,0
3/25/2022 19:00,0
3/25/2022 20:00,0
3/25/2022 21:00,0
3/25/2022 22:00,0
3/25/2022 23:00,41.203
3/26/2022 0:00,165.438
3/26/2022 1:00,297.625
3/26/2022 2:00,405
3/26/2022 3:00,474
3/26/2022 4:00,470.375
3/26/2022 5:00,426.5
3/26/2022 6:00,385.5
3/26/2022 7:00,293.875
3/26/2022 8:00,220.25
3/26/2022 9:00,125.688
3/26/2022 10:00,44.344
3/26/2022 11:00,0.151
3/26/2022 12:00,0
3/26/2022 13:00,0
3/26/2022 14:00,0
3/26/2022 15:00,0
3/26/2022 16:00,0
3/26/2022 17:00,0
3/26/2022 18:00,0
3/26/2022 19:00,0
3/26/2022 20:00,0
3/26/2022 21:00,0
3/26/2022 22:00,0
3/26/2022 23:00,28.562
3/27/2022 0:00,133.5
3/27/2022 1:00,253.125
3/27/2022 2:00,416
3/27/2022 3:00,571.5
3/27/2022 4:00,707.25
3/27/2022 5:00,724.5
3/27/2022 6:00,640.75
3/27/2022 7:00,503.375
3/27/2022 8:00,369.5
3/27/2022 9:00,212.625
3/27/2022 10:00,63.031
3/27/2022 11:00,0.215
3/27/2022 12:00,0
3/27/2022 13:00,0
3/27/2022 14:00,0
3/27/2022 15:00,0
3/27/2022 16:00,0
3/27/2022 17:00,0
3/27/2022 18:00,0
3/27/2022 19:00,0
3/27/2022 20:00,0
3/27/2022 21:00,0
3/27/2022 22:00,0
3/27/2022 23:00,37.312
3/28/2022 0:00,180.812
3/28/2022 1:00,374.375
3/28/2022 2:00,531
3/28/2022 3:00,649.75
3/28/2022 4:00,743.75
3/28/2022 5:00,763
3/28/2022 6:00,707.25
3/28/2022 7:00,578.25
3/28/2022 8:00,361
3/28/2022 9:00,177.188
3/28/2022 10:00,47.031
3/28/2022 11:00,0.168
3/28/2022 12:00,0
3/28/2022 13:00,0
3/28/2022 14:00,0
3/28/2022 15:00,0
3/28/2022 16:00,0
3/28/2022 17:00,0
3/28/2022 18:00,0
3/28/2022 19:00,0
3/28/2022 20:00,0
3/28/2022 21:00,0
3/28/2022 22:00,0
3/28/2022 23:00,30.953
3/29/2022 0:00,152.312
3/29/2022 1:00,306
3/29/2022 2:00,445.375
3/29/2022 3:00,613.5
3/29/2022 4:00,650
3/29/2022 5:00,594.25
3/29/2022 6:00,530.25
3/29/2022 7:00,456
3/29/2022 8:00,266.375
3/29/2022 9:00,139.25
3/29/2022 10:00,44.047
3/29/2022 11:00,0.149
3/29/2022 12:00,0
3/29/2022 13:00,0
3/29/2022 14:00,0
3/29/2022 15:00,0
3/29/2022 16:00,0
3/29/2022 17:00,0
3/29/2022 18:00,0
3/29/2022 19:00,0
3/29/2022 20:00,0
3/29/2022 21:00,0
3/29/2022 22:00,0
3/29/2022 23:00,25.141
3/30/2022 0:00,116.094
3/30/2022 1:00,248.688
3/30/2022 2:00,397.25
3/30/2022 3:00,498.5
3/30/2022 4:00,558.75
3/30/2022 5:00,562.5
3/30/2022 6:00,533.75
3/30/2022 7:00,467.25
3/30/2022 8:00,360.25
3/30/2022 9:00,202.25
3/30/2022 10:00,56.672
3/30/2022 11:00,0.192
3/30/2022 12:00,0
3/30/2022 13:00,0
3/30/2022 14:00,0
3/30/2022 15:00,0
3/30/2022 16:00,0
3/30/2022 17:00,0
3/30/2022 18:00,0
3/30/2022 19:00,0
3/30/2022 20:00,0
3/30/2022 21:00,0
3/30/2022 22:00,0
3/30/2022 23:00,26.914
3/31/2022 0:00,120.375
3/31/2022 1:00,232
3/31/2022 2:00,345.5
3/31/2022 3:00,459.5
3/31/2022 4:00,502.375
3/31/2022 5:00,525.5
3/31/2022 6:00,576.5
3/31/2022 7:00,490.25
3/31/2022 8:00,370.625
3/31/2022 9:00,212.062
3/31/2022 10:00,60.953
3/31/2022 11:00,0.206
3/31/2022 12:00,0
3/31/2022 13:00,0
3/31/2022 14:00,0
3/31/2022 15:00,0
3/31/2022 16:00,0
3/31/2022 17:00,0
3/31/2022 18:00,0
3/31/2022 19:00,0
3/31/2022 20:00,0
3/31/2022 21:00,0
3/31/2022 22:00,0
3/31/2022 23:00,45.375
4/1/2022 0:00,181.125
4/1/2022 1:00,328.375
4/1/2022 2:00,474.5
4/1/2022 3:00,615.75
4/1/2022 4:00,733.75
4/1/2022 5:00,756.75
4/1/2022 6:00,738.5
4/1/2022 7:00,567
4/1/2022 8:00,380
4/1/2022 9:00,183.312
4/1/2022 10:00,50.641
4/1/2022 11:00,0.184
4/1/2022 12:00,0
4/1/2022 13:00,0
4/1/2022 14:00,0
4/1/2022 15:00,0
4/1/2022 16:00,0
4/1/2022 17:00,0
4/1/2022 18:00,0
4/1/2022 19:00,0
4/1/2022 20:00,0
4/1/2022 21:00,0
4/1/2022 22:00,0
4/1/2022 23:00,30.844
4/2/2022 0:00,125.375
4/2/2022 1:00,212.5
4/2/2022 2:00,321.75
4/2/2022 3:00,426.375
4/2/2022 4:00,517.25
4/2/2022 5:00,542
4/2/2022 6:00,466.875
4/2/2022 7:00,380.125
4/2/2022 8:00,259.875
4/2/2022 9:00,142.438
4/2/2022 10:00,39.203
4/2/2022 11:00,0.14
4/2/2022 12:00,0
4/2/2022 13:00,0
4/2/2022 14:00,0
4/2/2022 15:00,0
4/2/2022 16:00,0
4/2/2022 17:00,0
4/2/2022 18:00,0
4/2/2022 19:00,0
4/2/2022 20:00,0
4/2/2022 21:00,0
4/2/2022 22:00,0
4/2/2022 23:00,21.344
4/3/2022 0:00,108.625
4/3/2022 1:00,215.312
4/3/2022 2:00,324.5
4/3/2022 3:00,416.375
4/3/2022 4:00,490
4/3/2022 5:00,519.25
4/3/2022 6:00,498.25
4/3/2022 7:00,426.375
4/3/2022 8:00,312.125
4/3/2022 9:00,169.5
4/3/2022 10:00,48.266
4/3/2022 11:00,0.18
4/3/2022 12:00,0
4/3/2022 13:00,0
4/3/2022 14:00,0
4/3/2022 15:00,0
4/3/2022 16:00,0
4/3/2022 17:00,0
4/3/2022 18:00,0
4/3/2022 19:00,0
4/3/2022 20:00,0
4/3/2022 21:00,0
4/3/2022 22:00,0
4/3/2022 23:00,24.375
4/4/2022 0:00,113.281
4/4/2022 1:00,237.875
4/4/2022 2:00,398.75
4/4/2022 3:00,556.75
4/4/2022 4:00,648
4/4/2022 5:00,643
4/4/2022 6:00,568.5
4/4/2022 7:00,463.125
4/4/2022 8:00,304.875
4/4/2022 9:00,139.438
4/4/2022 10:00,40.266
4/4/2022 11:00,0.189
4/4/2022 12:00,0
4/4/2022 13:00,0
4/4/2022 14:00,0
4/4/2022 15:00,0
4/4/2022 16:00,0
4/4/2022 17:00,0
4/4/2022 18:00,0
4/4/2022 19:00,0
4/4/2022 20:00,0
4/4/2022 21:00,0
4/4/2022 22:00,0
4/4/2022 23:00,38.484
4/5/2022 0:00,154.125
4/5/2022 1:00,288.875
4/5/2022 2:00,410.5
4/5/2022 3:00,503.5
4/5/2022 4:00,520.25
4/5/2022 5:00,536.75
4/5/2022 6:00,501.5
4/5/2022 7:00,414
4/5/2022 8:00,268.875
4/5/2022 9:00,125
4/5/2022 10:00,33.516
4/5/2022 11:00,0.112
4/5/2022 12:00,0
4/5/2022 13:00,0
4/5/2022 14:00,0
4/5/2022 15:00,0
4/5/2022 16:00,0
4/5/2022 17:00,0
4/5/2022 18:00,0
4/5/2022 19:00,0
4/5/2022 20:00,0
4/5/2022 21:00,0
4/5/2022 22:00,0
4/5/2022 23:00,39.969
4/6/2022 0:00,158.625
4/6/2022 1:00,276.375
4/6/2022 2:00,403.25
4/6/2022 3:00,500
4/6/2022 4:00,582.25
4/6/2022 5:00,582.25
4/6/2022 6:00,514
4/6/2022 7:00,379
4/6/2022 8:00,274.125
4/6/2022 9:00,157.562
4/6/2022 10:00,49.734
4/6/2022 11:00,0.185
4/6/2022 12:00,0
4/6/2022 13:00,0
4/6/2022 14:00,0
4/6/2022 15:00,0
4/6/2022 16:00,0
4/6/2022 17:00,0
4/6/2022 18:00,0
4/6/2022 19:00,0
4/6/2022 20:00,0
4/6/2022 21:00,0
4/6/2022 22:00,0
4/6/2022 23:00,18.82
4/7/2022 0:00,86.5
4/7/2022 1:00,171.062
4/7/2022 2:00,254.812
4/7/2022 3:00,337.25
4/7/2022 4:00,390.5
4/7/2022 5:00,410.875
4/7/2022 6:00,394.875
4/7/2022 7:00,338.625
4/7/2022 8:00,247.812
4/7/2022 9:00,138
4/7/2022 10:00,40.047
4/7/2022 11:00,0.165
4/7/2022 12:00,0
4/7/2022 13:00,0
4/7/2022 14:00,0
4/7/2022 15:00,0
4/7/2022 16:00,0
4/7/2022 17:00,0
4/7/2022 18:00,0
4/7/2022 19:00,0
4/7/2022 20:00,0
4/7/2022 21:00,0
4/7/2022 22:00,0
4/7/2022 23:00,42.703
4/8/2022 0:00,181
4/8/2022 1:00,337.625
4/8/2022 2:00,480.5
4/8/2022 3:00,597.25
4/8/2022 4:00,658.75
4/8/2022 5:00,678.5
4/8/2022 6:00,632.75
4/8/2022 7:00,544
4/8/2022 8:00,411.125
4/8/2022 9:00,237.812
4/8/2022 10:00,64.969
4/8/2022 11:00,0.235
4/8/2022 12:00,0
4/8/2022 13:00,0
4/8/2022 14:00,0
4/8/2022 15:00,0
4/8/2022 16:00,0
4/8/2022 17:00,0
4/8/2022 18:00,0
4/8/2022 19:00,0
4/8/2022 20:00,0
4/8/2022 21:00,0
4/8/2022 22:00,0
4/8/2022 23:00,31.32
4/9/2022 0:00,131.5
4/9/2022 1:00,234.312
4/9/2022 2:00,342.125
4/9/2022 3:00,430.5
4/9/2022 4:00,517.5
4/9/2022 5:00,557.75
4/9/2022 6:00,526.5
4/9/2022 7:00,466.5
4/9/2022 8:00,342.875
4/9/2022 9:00,195.25
4/9/2022 10:00,51.688
4/9/2022 11:00,0.182
4/9/2022 12:00,0
4/9/2022 13:00,0
4/9/2022 14:00,0
4/9/2022 15:00,0
4/9/2022 16:00,0
4/9/2022 17:00,0
4/9/2022 18:00,0
4/9/2022 19:00,0
4/9/2022 20:00,0
4/9/2022 21:00,0
4/9/2022 22:00,0
4/9/2022 23:00,39.828
4/10/2022 0:00,168.688
4/10/2022 1:00,312.75
4/10/2022 2:00,428.75
4/10/2022 3:00,526.75
4/10/2022 4:00,563.75
4/10/2022 5:00,541.75
4/10/2022 6:00,490.625
4/10/2022 7:00,394
4/10/2022 8:00,295.875
4/10/2022 9:00,141.688
4/10/2022 10:00,38.844
4/10/2022 11:00,0.173
4/10/2022 12:00,0
4/10/2022 13:00,0
4/10/2022 14:00,0
4/10/2022 15:00,0
4/10/2022 16:00,0
4/10/2022 17:00,0
4/10/2022 18:00,0
4/10/2022 19:00,0
4/10/2022 20:00,0
4/10/2022 21:00,0
4/10/2022 22:00,0
4/10/2022 23:00,30.594
4/11/2022 0:00,133
4/11/2022 1:00,263.25
4/11/2022 2:00,421
4/11/2022 3:00,519.25
4/11/2022 4:00,560
4/11/2022 5:00,599.75
4/11/2022 6:00,561.25
4/11/2022 7:00,467.375
4/11/2022 8:00,301
4/11/2022 9:00,150.438
4/11/2022 10:00,39.375
4/11/2022 11:00,0.162
4/11/2022 12:00,0
4/11/2022 13:00,0
4/11/2022 14:00,0
4/11/2022 15:00,0
4/11/2022 16:00,0
4/11/2022 17:00,0
4/11/2022 18:00,0
4/11/2022 19:00,0
4/11/2022 20:00,0
4/11/2022 21:00,0
4/11/2022 22:00,0
4/11/2022 23:00,49.125
4/12/2022 0:00,218.938
4/12/2022 1:00,406.375
4/12/2022 2:00,579.25
4/12/2022 3:00,732.25
4/12/2022 4:00,825
4/12/2022 5:00,835.25
4/12/2022 6:00,755.75
4/12/2022 7:00,644.5
4/12/2022 8:00,463.25
4/12/2022 9:00,260
4/12/2022 10:00,67.625
4/12/2022 11:00,0.349
4/12/2022 12:00,0
4/12/2022 13:00,0
4/12/2022 14:00,0
4/12/2022 15:00,0
4/12/2022 16:00,0
4/12/2022 17:00,0
4/12/2022 18:00,0
4/12/2022 19:00,0
4/12/2022 20:00,0
4/12/2022 21:00,0
4/12/2022 22:00,0
4/12/2022 23:00,40.938
4/13/2022 0:00,161.688
4/13/2022 1:00,321.125
4/13/2022 2:00,516.25
4/13/2022 3:00,583.75
4/13/2022 4:00,581.5
4/13/2022 5:00,518.75
4/13/2022 6:00,436.125
4/13/2022 7:00,360.625
4/13/2022 8:00,262.5
4/13/2022 9:00,151.5
4/13/2022 10:00,45.422
4/13/2022 11:00,0.202
4/13/2022 12:00,0
4/13/2022 13:00,0
4/13/2022 14:00,0
4/13/2022 15:00,0
4/13/2022 16:00,0
4/13/2022 17:00,0
4/13/2022 18:00,0
4/13/2022 19:00,0
4/13/2022 20:00,0
4/13/2022 21:00,0
4/13/2022 22:00,0
4/13/2022 23:00,58.641
4/14/2022 0:00,232.938
4/14/2022 1:00,435.625
4/14/2022 2:00,630.5
4/14/2022 3:00,776.25
4/14/2022 4:00,825.5
4/14/2022 5:00,789.75
4/14/2022 6:00,677.75
4/14/2022 7:00,552.5
4/14/2022 8:00,392.125
4/14/2022 9:00,216.688
4/14/2022 10:00,65.562
4/14/2022 11:00,0.323
4/14/2022 12:00,0
4/14/2022 13:00,0
4/14/2022 14:00,0
4/14/2022 15:00,0
4/14/2022 16:00,0
4/14/2022 17:00,0
4/14/2022 18:00,0
4/14/2022 19:00,0
4/14/2022 20:00,0
4/14/2022 21:00,0
4/14/2022 22:00,0
4/14/2022 23:00,19.539
4/15/2022 0:00,85.438
4/15/2022 1:00,165.125
4/15/2022 2:00,239.25
4/15/2022 3:00,282.125
4/15/2022 4:00,327
4/15/2022 5:00,329.875
4/15/2022 6:00,313.25
4/15/2022 7:00,254.25
4/15/2022 8:00,175.938
4/15/2022 9:00,98.906
4/15/2022 10:00,31.008
4/15/2022 11:00,0.164
4/15/2022 12:00,0
4/15/2022 13:00,0
4/15/2022 14:00,0
4/15/2022 15:00,0
4/15/2022 16:00,0
4/15/2022 17:00,0
4/15/2022 18:00,0
4/15/2022 19:00,0
4/15/2022 20:00,0
4/15/2022 21:00,0
4/15/2022 22:00,0
4/15/2022 23:00,29.688
4/16/2022 0:00,135.938
4/16/2022 1:00,257.125
4/16/2022 2:00,368.375
4/16/2022 3:00,486.25
4/16/2022 4:00,568.25
4/16/2022 5:00,554.25
4/16/2022 6:00,493.5
4/16/2022 7:00,396.5
4/16/2022 8:00,275.375
4/16/2022 9:00,157.312
4/16/2022 10:00,47.094
4/16/2022 11:00,0.232
4/16/2022 12:00,0
4/16/2022 13:00,0
4/16/2022 14:00,0
4/16/2022 15:00,0
4/16/2022 16:00,0
4/16/2022 17:00,0
4/16/2022 18:00,0
4/16/2022 19:00,0
4/16/2022 20:00,0
4/16/2022 21:00,0
4/16/2022 22:00,0
4/16/2022 23:00,46.859
4/17/2022 0:00,201.688
4/17/2022 1:00,368.125
4/17/2022 2:00,568.75
4/17/2022 3:00,704.25
4/17/2022 4:00,782.5
4/17/2022 5:00,789
4/17/2022 6:00,747.25
4/17/2022 7:00,627.75
4/17/2022 8:00,410.375
4/17/2022 9:00,214.125
4/17/2022 10:00,56.656
4/17/2022 11:00,0.267
4/17/2022 12:00,0
4/17/2022 13:00,0
4/17/2022 14:00,0
4/17/2022 15:00,0
4/17/2022 16:00,0
4/17/2022 17:00,0
4/17/2022 18:00,0
4/17/2022 19:00,0
4/17/2022 20:00,0
4/17/2022 21:00,0
4/17/2022 22:00,0
4/17/2022 23:00,25.734
4/18/2022 0:00,118
4/18/2022 1:00,235
4/18/2022 2:00,354.375
4/18/2022 3:00,442.125
4/18/2022 4:00,502.375
4/18/2022 5:00,478.625
4/18/2022 6:00,449.125
4/18/2022 7:00,367.5
4/18/2022 8:00,265
4/18/2022 9:00,147.625
4/18/2022 10:00,45.562
4/18/2022 11:00,0.259
4/18/2022 12:00,0
4/18/2022 13:00,0
4/18/2022 14:00,0
4/18/2022 15:00,0
4/18/2022 16:00,0
4/18/2022 17:00,0
4/18/2022 18:00,0
4/18/2022 19:00,0
4/18/2022 20:00,0
4/18/2022 21:00,0
4/18/2022 22:00,0
4/18/2022 23:00,42.578
4/19/2022 0:00,182.375
4/19/2022 1:00,365.75
4/19/2022 2:00,517.75
4/19/2022 3:00,631
4/19/2022 4:00,648
4/19/2022 5:00,591
4/19/2022 6:00,497.625
4/19/2022 7:00,404.25
4/19/2022 8:00,271.875
4/19/2022 9:00,141.625
4/19/2022 10:00,42.609
4/19/2022 11:00,0.183
4/19/2022 12:00,0
4/19/2022 13:00,0
4/19/2022 14:00,0
4/19/2022 15:00,0
4/19/2022 16:00,0
4/19/2022 17:00,0
4/19/2022 18:00,0
4/19/2022 19:00,0
4/19/2022 20:00,0
4/19/2022 21:00,0
4/19/2022 22:00,0
4/19/2022 23:00,52.406
4/20/2022 0:00,196.625
4/20/2022 1:00,327
4/20/2022 2:00,485.375
4/20/2022 3:00,625.5
4/20/2022 4:00,679.75
4/20/2022 5:00,658.25
4/20/2022 6:00,577.25
4/20/2022 7:00,450.625
4/20/2022 8:00,295.75
4/20/2022 9:00,140.688
4/20/2022 10:00,37.438
4/20/2022 11:00,0.185
4/20/2022 12:00,0
4/20/2022 13:00,0
4/20/2022 14:00,0
4/20/2022 15:00,0
4/20/2022 16:00,0
4/20/2022 17:00,0
4/20/2022 18:00,0
4/20/2022 19:00,0
4/20/2022 20:00,0
4/20/2022 21:00,0
4/20/2022 22:00,0
4/20/2022 23:00,26.539
4/21/2022 0:00,112.344
4/21/2022 1:00,212.438
4/21/2022 2:00,309.25
4/21/2022 3:00,389.25
4/21/2022 4:00,435.75
4/21/2022 5:00,462
4/21/2022 6:00,429.875
4/21/2022 7:00,347.5
4/21/2022 8:00,232.562
4/21/2022 9:00,124.031
4/21/2022 10:00,37.422
4/21/2022 11:00,0.188
4/21/2022 12:00,0
4/21/2022 13:00,0
4/21/2022 14:00,0
4/21/2022 15:00,0
4/21/2022 16:00,0
4/21/2022 17:00,0
4/21/2022 18:00,0
4/21/2022 19:00,0
4/21/2022 20:00,0
4/21/2022 21:00,0
4/21/2022 22:00,0
4/21/2022 23:00,42.641
4/22/2022 0:00,187.688
4/22/2022 1:00,373.5
4/22/2022 2:00,574
4/22/2022 3:00,726.5
4/22/2022 4:00,805.75
4/22/2022 5:00,808
4/22/2022 6:00,710.5
4/22/2022 7:00,531.75
4/22/2022 8:00,328.25
4/22/2022 9:00,171.25
4/22/2022 10:00,47.141
4/22/2022 11:00,0.195
4/22/2022 12:00,0
4/22/2022 13:00,0
4/22/2022 14:00,0
4/22/2022 15:00,0
4/22/2022 16:00,0
4/22/2022 17:00,0
4/22/2022 18:00,0
4/22/2022 19:00,0
4/22/2022 20:00,0
4/22/2022 21:00,0
4/22/2022 22:00,0
4/22/2022 23:00,27.391
4/23/2022 0:00,127.062
4/23/2022 1:00,266.875
4/23/2022 2:00,416.875
4/23/2022 3:00,579.25
4/23/2022 4:00,689.25
4/23/2022 5:00,719
4/23/2022 6:00,664
4/23/2022 7:00,541
4/23/2022 8:00,382.875
4/23/2022 9:00,209.312
4/23/2022 10:00,58.188
4/23/2022 11:00,0.262
4/23/2022 12:00,0
4/23/2022 13:00,0
4/23/2022 14:00,0
4/23/2022 15:00,0
4/23/2022 16:00,0
4/23/2022 17:00,0
4/23/2022 18:00,0
4/23/2022 19:00,0
4/23/2022 20:00,0
4/23/2022 21:00,0
4/23/2022 22:00,0
4/23/2022 23:00,35.906
4/24/2022 0:00,154.188
4/24/2022 1:00,282
4/24/2022 2:00,408.25
4/24/2022 3:00,524
4/24/2022 4:00,582
4/24/2022 5:00,599.25
4/24/2022 6:00,565
4/24/2022 7:00,471.25
4/24/2022 8:00,338.875
4/24/2022 9:00,183.375
4/24/2022 10:00,54.469
4/24/2022 11:00,0.278
4/24/2022 12:00,0
4/24/2022 13:00,0
4/24/2022 14:00,0
4/24/2022 15:00,0
4/24/2022 16:00,0
4/24/2022 17:00,0
4/24/2022 18:00,0
4/24/2022 19:00,0
4/24/2022 20:00,0
4/24/2022 21:00,0
4/24/2022 22:00,0
4/24/2022 23:00,23.188
4/25/2022 0:00,103.25
4/25/2022 1:00,190.312
4/25/2022 2:00,266.375
4/25/2022 3:00,334.25
4/25/2022 4:00,390.25
4/25/2022 5:00,402
4/25/2022 6:00,354.25
4/25/2022 7:00,299.5
4/25/2022 8:00,228.562
4/25/2022 9:00,131.25
4/25/2022 10:00,41.391
4/25/2022 11:00,0.187
4/25/2022 12:00,0
4/25/2022 13:00,0
4/25/2022 14:00,0
4/25/2022 15:00,0
4/25/2022 16:00,0
4/25/2022 17:00,0
4/25/2022 18:00,0
4/25/2022 19:00,0
4/25/2022 20:00,0
4/25/2022 21:00,0
4/25/2022 22:00,0
4/25/2022 23:00,28.828
4/26/2022 0:00,122.125
4/26/2022 1:00,227.312
4/26/2022 2:00,311.25
4/26/2022 3:00,427.75
4/26/2022 4:00,503.125
4/26/2022 5:00,512.75
4/26/2022 6:00,470.125
4/26/2022 7:00,392.625
4/26/2022 8:00,252.75
4/26/2022 9:00,154
4/26/2022 10:00,42.312
4/26/2022 11:00,0.199
4/26/2022 12:00,0
4/26/2022 13:00,0
4/26/2022 14:00,0
4/26/2022 15:00,0
4/26/2022 16:00,0
4/26/2022 17:00,0
4/26/2022 18:00,0
4/26/2022 19:00,0
4/26/2022 20:00,0
4/26/2022 21:00,0
4/26/2022 22:00,0
4/26/2022 23:00,37.406
4/27/2022 0:00,162.812
4/27/2022 1:00,311.125
4/27/2022 2:00,447.625
4/27/2022 3:00,514
4/27/2022 4:00,555.75
4/27/2022 5:00,541
4/27/2022 6:00,516.25
4/27/2022 7:00,450.75
4/27/2022 8:00,368.125
4/27/2022 9:00,212.062
4/27/2022 10:00,63.5
4/27/2022 11:00,0.292
4/27/2022 12:00,0
4/27/2022 13:00,0
4/27/2022 14:00,0
4/27/2022 15:00,0
4/27/2022 16:00,0
4/27/2022 17:00,0
4/27/2022 18:00,0
4/27/2022 19:00,0
4/27/2022 20:00,0
4/27/2022 21:00,0
4/27/2022 22:00,0
4/27/2022 23:00,38.781
4/28/2022 0:00,173.25
4/28/2022 1:00,330.625
4/28/2022 2:00,407.75
4/28/2022 3:00,529
4/28/2022 4:00,516.25
4/28/2022 5:00,509.75
4/28/2022 6:00,475.5
4/28/2022 7:00,389.125
4/28/2022 8:00,239.625
4/28/2022 9:00,113.969
4/28/2022 10:00,31.125
4/28/2022 11:00,0.154
4/28/2022 12:00,0
4/28/2022 13:00,0
4/28/2022 14:00,0
4/28/2022 15:00,0
4/28/2022 16:00,0
4/28/2022 17:00,0
4/28/2022 18:00,0
4/28/2022 19:00,0
4/28/2022 20:00,0
4/28/2022 21:00,0
4/28/2022 22:00,0
4/28/2022 23:00,39.406
4/29/2022 0:00,162.5
4/29/2022 1:00,310.5
4/29/2022 2:00,448.75
4/29/2022 3:00,513
4/29/2022 4:00,526.75
4/29/2022 5:00,497.75
4/29/2022 6:00,455.125
4/29/2022 7:00,431.625
4/29/2022 8:00,354.625
4/29/2022 9:00,207
4/29/2022 10:00,58.688
4/29/2022 11:00,0.302
4/29/2022 12:00,0
4/29/2022 13:00,0
4/29/2022 14:00,0
4/29/2022 15:00,0
4/29/2022 16:00,0
4/29/2022 17:00,0
4/29/2022 18:00,0
4/29/2022 19:00,0
4/29/2022 20:00,0
4/29/2022 21:00,0
4/29/2022 22:00,0
4/29/2022 23:00,23.25
4/30/2022 0:00,99.156
4/30/2022 1:00,218.625
4/30/2022 2:00,303.75
4/30/2022 3:00,341
4/30/2022 4:00,372.875
4/30/2022 5:00,384.5
4/30/2022 6:00,358
4/30/2022 7:00,288.5
4/30/2022 8:00,199.688
4/30/2022 9:00,107.844
4/30/2022 10:00,32.156
4/30/2022 11:00,0.153
4/30/2022 12:00,0
4/30/2022 13:00,0
4/30/2022 14:00,0
4/30/2022 15:00,0
4/30/2022 16:00,0
4/30/2022 17:00,0
4/30/2022 18:00,0
4/30/2022 19:00,0
4/30/2022 20:00,0
4/30/2022 21:00,0
4/30/2022 22:00,0
4/30/2022 23:00,22.977
5/1/2022 0:00,110.594
5/1/2022 1:00,225.125
5/1/2022 2:00,320.625
5/1/2022 3:00,378.375
5/1/2022 4:00,443.5
5/1/2022 5:00,433.75
5/1/2022 6:00,409.5
5/1/2022 7:00,334.25
5/1/2022 8:00,229.375
5/1/2022 9:00,126
5/1/2022 10:00,38.625
5/1/2022 11:00,0.188
5/1/2022 12:00,0
5/1/2022 13:00,0
5/1/2022 14:00,0
5/1/2022 15:00,0
5/1/2022 16:00,0
5/1/2022 17:00,0
5/1/2022 18:00,0
5/1/2022 19:00,0
5/1/2022 20:00,0
5/1/2022 21:00,0
5/1/2022 22:00,0
5/1/2022 23:00,22.125
5/2/2022 0:00,96.469
5/2/2022 1:00,163.062
5/2/2022 2:00,241.688
5/2/2022 3:00,304.25
5/2/2022 4:00,358.375
5/2/2022 5:00,371.875
5/2/2022 6:00,341.75
5/2/2022 7:00,281.25
5/2/2022 8:00,198.375
5/2/2022 9:00,104.5
5/2/2022 10:00,33.344
5/2/2022 11:00,0.152
5/2/2022 12:00,0
5/2/2022 13:00,0
5/2/2022 14:00,0
5/2/2022 15:00,0
5/2/2022 16:00,0
5/2/2022 17:00,0
5/2/2022 18:00,0
5/2/2022 19:00,0
5/2/2022 20:00,0
5/2/2022 21:00,0
5/2/2022 22:00,0
5/2/2022 23:00,32.656
5/3/2022 0:00,129.812
5/3/2022 1:00,245.812
5/3/2022 2:00,360.125
5/3/2022 3:00,444
5/3/2022 4:00,491.875
5/3/2022 5:00,501.75
5/3/2022 6:00,463.625
5/3/2022 7:00,392.875
5/3/2022 8:00,269.125
5/3/2022 9:00,142.375
5/3/2022 10:00,41.969
5/3/2022 11:00,0.224
5/3/2022 12:00,0
5/3/2022 13:00,0
5/3/2022 14:00,0
5/3/2022 15:00,0
5/3/2022 16:00,0
5/3/2022 17:00,0
5/3/2022 18:00,0
5/3/2022 19:00,0
5/3/2022 20:00,0
5/3/2022 21:00,0
5/3/2022 22:00,0
5/3/2022 23:00,36.203
5/4/2022 0:00,156.062
5/4/2022 1:00,283.875
5/4/2022 2:00,406.625
5/4/2022 3:00,505.75
5/4/2022 4:00,544
5/4/2022 5:00,517.5
5/4/2022 6:00,463.5
5/4/2022 7:00,397
5/4/2022 8:00,304.5
5/4/2022 9:00,174.312
5/4/2022 10:00,50.484
5/4/2022 11:00,0.234
5/4/2022 12:00,0
5/4/2022 13:00,0
5/4/2022 14:00,0
5/4/2022 15:00,0
5/4/2022 16:00,0
5/4/2022 17:00,0
5/4/2022 18:00,0
5/4/2022 19:00,0
5/4/2022 20:00,0
5/4/2022 21:00,0
5/4/2022 22:00,0
5/4/2022 23:00,38.031
5/5/2022 0:00,162.375
5/5/2022 1:00,311.25
5/5/2022 2:00,442.5
5/5/2022 3:00,561
5/5/2022 4:00,618.25
5/5/2022 5:00,586.25
5/5/2022 6:00,541.25
5/5/2022 7:00,451.375
5/5/2022 8:00,342.25
5/5/2022 9:00,187.5
5/5/2022 10:00,54.031
5/5/2022 11:00,0.298
5/5/2022 12:00,0
5/5/2022 13:00,0
5/5/2022 14:00,0
5/5/2022 15:00,0
5/5/2022 16:00,0
5/5/2022 17:00,0
5/5/2022 18:00,0
5/5/2022 19:00,0
5/5/2022 20:00,0
5/5/2022 21:00,0
5/5/2022 22:00,0
5/5/2022 23:00,31.555
5/6/2022 0:00,134.75
5/6/2022 1:00,251.562
5/6/2022 2:00,366.875
5/6/2022 3:00,452.125
5/6/2022 4:00,493.375
5/6/2022 5:00,484.25
5/6/2022 6:00,427
5/6/2022 7:00,332.5
5/6/2022 8:00,216.812
5/6/2022 9:00,112.781
5/6/2022 10:00,31.461
5/6/2022 11:00,0.148
5/6/2022 12:00,0
5/6/2022 13:00,0
5/6/2022 14:00,0
5/6/2022 15:00,0
5/6/2022 16:00,0
5/6/2022 17:00,0
5/6/2022 18:00,0
5/6/2022 19:00,0
5/6/2022 20:00,0
5/6/2022 21:00,0
5/6/2022 22:00,0
5/6/2022 23:00,20.805
5/7/2022 0:00,88.25
5/7/2022 1:00,164.25
5/7/2022 2:00,232.688
5/7/2022 3:00,283.375
5/7/2022 4:00,315.25
5/7/2022 5:00,345.625
5/7/2022 6:00,338.125
5/7/2022 7:00,281.875
5/7/2022 8:00,195.625
5/7/2022 9:00,100.25
5/7/2022 10:00,27.461
5/7/2022 11:00,0.142
5/7/2022 12:00,0
5/7/2022 13:00,0
5/7/2022 14:00,0
5/7/2022 15:00,0
5/7/2022 16:00,0
5/7/2022 17:00,0
5/7/2022 18:00,0
5/7/2022 19:00,0
5/7/2022 20:00,0
5/7/2022 21:00,0
5/7/2022 22:00,0
5/7/2022 23:00,25.445
5/8/2022 0:00,111.781
5/8/2022 1:00,224.688
5/8/2022 2:00,335.75
5/8/2022 3:00,437.5
5/8/2022 4:00,505.5
5/8/2022 5:00,536.25
5/8/2022 6:00,498.5
5/8/2022 7:00,439.5
5/8/2022 8:00,331.875
5/8/2022 9:00,197.188
5/8/2022 10:00,61.922
5/8/2022 11:00,0.36
5/8/2022 12:00,0
5/8/2022 13:00,0
5/8/2022 14:00,0
5/8/2022 15:00,0
5/8/2022 16:00,0
5/8/2022 17:00,0
5/8/2022 18:00,0
5/8/2022 19:00,0
5/8/2022 20:00,0
5/8/2022 21:00,0
5/8/2022 22:00,0
5/8/2022 23:00,26.117
5/9/2022 0:00,117.031
5/9/2022 1:00,225.188
5/9/2022 2:00,306.375
5/9/2022 3:00,371.625
5/9/2022 4:00,398.75
5/9/2022 5:00,390.125
5/9/2022 6:00,360.375
5/9/2022 7:00,278.75
5/9/2022 8:00,202.562
5/9/2022 9:00,131.5
5/9/2022 10:00,41.688
5/9/2022 11:00,0.21
5/9/2022 12:00,0
5/9/2022 13:00,0
5/9/2022 14:00,0
5/9/2022 15:00,0
5/9/2022 16:00,0
5/9/2022 17:00,0
5/9/2022 18:00,0
5/9/2022 19:00,0
5/9/2022 20:00,0
5/9/2022 21:00,0
5/9/2022 22:00,0
5/9/2022 23:00,29.133
5/10/2022 0:00,132.125
5/10/2022 1:00,264
5/10/2022 2:00,388
5/10/2022 3:00,502.75
5/10/2022 4:00,538.25
5/10/2022 5:00,584.25
5/10/2022 6:00,563.75
5/10/2022 7:00,494.625
5/10/2022 8:00,363.875
5/10/2022 9:00,208.688
5/10/2022 10:00,62.297
5/10/2022 11:00,0.3
5/10/2022 12:00,0
5/10/2022 13:00,0
5/10/2022 14:00,0
5/10/2022 15:00,0
5/10/2022 16:00,0
5/10/2022 17:00,0
5/10/2022 18:00,0
5/10/2022 19:00,0
5/10/2022 20:00,0
5/10/2022 21:00,0
5/10/2022 22:00,0
5/10/2022 23:00,26.242
5/11/2022 0:00,124.469
5/11/2022 1:00,239.062
5/11/2022 2:00,352.125
5/11/2022 3:00,425
5/11/2022 4:00,472.625
5/11/2022 5:00,491.25
5/11/2022 6:00,445.375
5/11/2022 7:00,403.25
5/11/2022 8:00,307.625
5/11/2022 9:00,165.75
5/11/2022 10:00,48.047
5/11/2022 11:00,0.267
5/11/2022 12:00,0
5/11/2022 13:00,0
5/11/2022 14:00,0
5/11/2022 15:00,0
5/11/2022 16:00,0
5/11/2022 17:00,0
5/11/2022 18:00,0
5/11/2022 19:00,0
5/11/2022 20:00,0
5/11/2022 21:00,0
5/11/2022 22:00,0
5/11/2022 23:00,36.516
5/12/2022 0:00,163.312
5/12/2022 1:00,313.375
5/12/2022 2:00,451.75
5/12/2022 3:00,571.5
5/12/2022 4:00,708.75
5/12/2022 5:00,744.5
5/12/2022 6:00,696.75
5/12/2022 7:00,589.25
5/12/2022 8:00,435.125
5/12/2022 9:00,228
5/12/2022 10:00,63.328
5/12/2022 11:00,0.338
5/12/2022 12:00,0
5/12/2022 13:00,0
5/12/2022 14:00,0
5/12/2022 15:00,0
5/12/2022 16:00,0
5/12/2022 17:00,0
5/12/2022 18:00,0
5/12/2022 19:00,0
5/12/2022 20:00,0
5/12/2022 21:00,0
5/12/2022 22:00,0
5/12/2022 23:00,26.445
5/13/2022 0:00,114.875
5/13/2022 1:00,215
5/13/2022 2:00,333.375
5/13/2022 3:00,416.875
5/13/2022 4:00,461.875
5/13/2022 5:00,441.25
5/13/2022 6:00,411.25
5/13/2022 7:00,332.625
5/13/2022 8:00,228.25
5/13/2022 9:00,122.906
5/13/2022 10:00,38.094
5/13/2022 11:00,0.252
5/13/2022 12:00,0
5/13/2022 13:00,0
5/13/2022 14:00,0
5/13/2022 15:00,0
5/13/2022 16:00,0
5/13/2022 17:00,0
5/13/2022 18:00,0
5/13/2022 19:00,0
5/13/2022 20:00,0
5/13/2022 21:00,0
5/13/2022 22:00,0
5/13/2022 23:00,20.07
5/14/2022 0:00,89.375
5/14/2022 1:00,166.812
5/14/2022 2:00,240.438
5/14/2022 3:00,296.125
5/14/2022 4:00,330.375
5/14/2022 5:00,331
5/14/2022 6:00,297.75
5/14/2022 7:00,217.188
5/14/2022 8:00,158.25
5/14/2022 9:00,86
5/14/2022 10:00,23.102
5/14/2022 11:00,0.108
5/14/2022 12:00,0
5/14/2022 13:00,0
5/14/2022 14:00,0
5/14/2022 15:00,0
5/14/2022 16:00,0
5/14/2022 17:00,0
5/14/2022 18:00,0
5/14/2022 19:00,0
5/14/2022 20:00,0
5/14/2022 21:00,0
5/14/2022 22:00,0
5/14/2022 23:00,23.617
5/15/2022 0:00,103.344
5/15/2022 1:00,183.625
5/15/2022 2:00,288.25
5/15/2022 3:00,367.375
5/15/2022 4:00,381.25
5/15/2022 5:00,402.125
5/15/2022 6:00,377.5
5/15/2022 7:00,318.75
5/15/2022 8:00,226.25
5/15/2022 9:00,124.781
5/15/2022 10:00,41.031
5/15/2022 11:00,0.279
5/15/2022 12:00,0
5/15/2022 13:00,0
5/15/2022 14:00,0
5/15/2022 15:00,0
5/15/2022 16:00,0
5/15/2022 17:00,0
5/15/2022 18:00,0
5/15/2022 19:00,0
5/15/2022 20:00,0
5/15/2022 21:00,0
5/15/2022 22:00,0
5/15/2022 23:00,21.352
5/16/2022 0:00,87.812
5/16/2022 1:00,146.375
5/16/2022 2:00,208.312
5/16/2022 3:00,267.625
5/16/2022 4:00,319.75
5/16/2022 5:00,311.75
5/16/2022 6:00,293.875
5/16/2022 7:00,238.062
5/16/2022 8:00,156.188
5/16/2022 9:00,78.875
5/16/2022 10:00,20.703
5/16/2022 11:00,0.125
5/16/2022 12:00,0
5/16/2022 13:00,0
5/16/2022 14:00,0
5/16/2022 15:00,0
5/16/2022 16:00,0
5/16/2022 17:00,0
5/16/2022 18:00,0
5/16/2022 19:00,0
5/16/2022 20:00,0
5/16/2022 21:00,0
5/16/2022 22:00,0
5/16/2022 23:00,31.211
5/17/2022 0:00,142
5/17/2022 1:00,294
5/17/2022 2:00,457
5/17/2022 3:00,582.25
5/17/2022 4:00,639.25
5/17/2022 5:00,641.75
5/17/2022 6:00,600.5
5/17/2022 7:00,503.875
5/17/2022 8:00,360.375
5/17/2022 9:00,197.125
5/17/2022 10:00,57.375
5/17/2022 11:00,0.362
5/17/2022 12:00,0
5/17/2022 13:00,0
5/17/2022 14:00,0
5/17/2022 15:00,0
5/17/2022 16:00,0
5/17/2022 17:00,0
5/17/2022 18:00,0
5/17/2022 19:00,0
5/17/2022 20:00,0
5/17/2022 21:00,0
5/17/2022 22:00,0
5/17/2022 23:00,30.016
5/18/2022 0:00,131.062
5/18/2022 1:00,261.875
5/18/2022 2:00,388
5/18/2022 3:00,506.25
5/18/2022 4:00,581.75
5/18/2022 5:00,590.25
5/18/2022 6:00,548.5
5/18/2022 7:00,481.5
5/18/2022 8:00,351.75
5/18/2022 9:00,199.562
5/18/2022 10:00,59.609
5/18/2022 11:00,0.306
5/18/2022 12:00,0
5/18/2022 13:00,0
5/18/2022 14:00,0
5/18/2022 15:00,0
5/18/2022 16:00,0
5/18/2022 17:00,0
5/18/2022 18:00,0
5/18/2022 19:00,0
5/18/2022 20:00,0
5/18/2022 21:00,0
5/18/2022 22:00,0
5/18/2022 23:00,19.742
5/19/2022 0:00,84.688
5/19/2022 1:00,165.125
5/19/2022 2:00,260.5
5/19/2022 3:00,355.75
5/19/2022 4:00,428.875
5/19/2022 5:00,483.75
5/19/2022 6:00,468.125
5/19/2022 7:00,388
5/19/2022 8:00,291.375
5/19/2022 9:00,157.875
5/19/2022 10:00,43.062
5/19/2022 11:00,0.237
5/19/2022 12:00,0
5/19/2022 13:00,0
5/19/2022 14:00,0
5/19/2022 15:00,0
5/19/2022 16:00,0
5/19/2022 17:00,0
5/19/2022 18:00,0
5/19/2022 19:00,0
5/19/2022 20:00,0
5/19/2022 21:00,0
5/19/2022 22:00,0
5/19/2022 23:00,23.781
5/20/2022 0:00,112.188
5/20/2022 1:00,202
5/20/2022 2:00,286.125
5/20/2022 3:00,362.75
5/20/2022 4:00,431.625
5/20/2022 5:00,459
5/20/2022 6:00,429.75
5/20/2022 7:00,378.125
5/20/2022 8:00,289.375
5/20/2022 9:00,173.25
5/20/2022 10:00,48.016
5/20/2022 11:00,0.316
5/20/2022 12:00,0
5/20/2022 13:00,0
5/20/2022 14:00,0
5/20/2022 15:00,0
5/20/2022 16:00,0
5/20/2022 17:00,0
5/20/2022 18:00,0
5/20/2022 19:00,0
5/20/2022 20:00,0
5/20/2022 21:00,0
5/20/2022 22:00,0
5/20/2022 23:00,15.875
5/21/2022 0:00,71.156
5/21/2022 1:00,149.375
5/21/2022 2:00,206.375
5/21/2022 3:00,258.125
5/21/2022 4:00,309.25
5/21/2022 5:00,288.875
5/21/2022 6:00,268.25
5/21/2022 7:00,230.438
5/21/2022 8:00,176.25
5/21/2022 9:00,100.25
5/21/2022 10:00,31.305
5/21/2022 11:00,0.195
5/21/2022 12:00,0
5/21/2022 13:00,0
5/21/2022 14:00,0
5/21/2022 15:00,0
5/21/2022 16:00,0
5/21/2022 17:00,0
5/21/2022 18:00,0
5/21/2022 19:00,0
5/21/2022 20:00,0
5/21/2022 21:00,0
5/21/2022 22:00,0
5/21/2022 23:00,22.695
5/22/2022 0:00,102.344
5/22/2022 1:00,220.625
5/22/2022 2:00,343.75
5/22/2022 3:00,435.625
5/22/2022 4:00,499
5/22/2022 5:00,487.375
5/22/2022 6:00,420.75
5/22/2022 7:00,292
5/22/2022 8:00,191.688
5/22/2022 9:00,105.25
5/22/2022 10:00,31.172
5/22/2022 11:00,0.182
5/22/2022 12:00,0
5/22/2022 13:00,0
5/22/2022 14:00,0
5/22/2022 15:00,0
5/22/2022 16:00,0
5/22/2022 17:00,0
5/22/2022 18:00,0
5/22/2022 19:00,0
5/22/2022 20:00,0
5/22/2022 21:00,0
5/22/2022 22:00,0
5/22/2022 23:00,23.039
5/23/2022 0:00,103
5/23/2022 1:00,217
5/23/2022 2:00,315.625
5/23/2022 3:00,414.375
5/23/2022 4:00,451.75
5/23/2022 5:00,441.5
5/23/2022 6:00,401.375
5/23/2022 7:00,324.375
5/23/2022 8:00,218.688
5/23/2022 9:00,114.719
5/23/2022 10:00,30.094
5/23/2022 11:00,0.194
5/23/2022 12:00,0
5/23/2022 13:00,0
5/23/2022 14:00,0
5/23/2022 15:00,0
5/23/2022 16:00,0
5/23/2022 17:00,0
5/23/2022 18:00,0
5/23/2022 19:00,0
5/23/2022 20:00,0
5/23/2022 21:00,0
5/23/2022 22:00,0
5/23/2022 23:00,19.688
5/24/2022 0:00,94.375
5/24/2022 1:00,215.688
5/24/2022 2:00,354.625
5/24/2022 3:00,476.75
5/24/2022 4:00,501.125
5/24/2022 5:00,526.5
5/24/2022 6:00,473.125
5/24/2022 7:00,375.5
5/24/2022 8:00,254.688
5/24/2022 9:00,123.812
5/24/2022 10:00,35.797
5/24/2022 11:00,0.247
5/24/2022 12:00,0
5/24/2022 13:00,0
5/24/2022 14:00,0
5/24/2022 15:00,0
5/24/2022 16:00,0
5/24/2022 17:00,0
5/24/2022 18:00,0
5/24/2022 19:00,0
5/24/2022 20:00,0
5/24/2022 21:00,0
5/24/2022 22:00,0
5/24/2022 23:00,12.586
5/25/2022 0:00,54.156
5/25/2022 1:00,100.031
5/25/2022 2:00,154.562
5/25/2022 3:00,225.062
5/25/2022 4:00,393.75
5/25/2022 5:00,399.375
5/25/2022 6:00,298.625
5/25/2022 7:00,230.375
5/25/2022 8:00,190.062
5/25/2022 9:00,117.5
5/25/2022 10:00,30.633
5/25/2022 11:00,0.174
5/25/2022 12:00,0
5/25/2022 13:00,0
5/25/2022 14:00,0
5/25/2022 15:00,0
5/25/2022 16:00,0
5/25/2022 17:00,0
5/25/2022 18:00,0
5/25/2022 19:00,0
5/25/2022 20:00,0
5/25/2022 21:00,0
5/25/2022 22:00,0
5/25/2022 23:00,21.523
5/26/2022 0:00,105.906
5/26/2022 1:00,218.938
5/26/2022 2:00,359.5
5/26/2022 3:00,543
5/26/2022 4:00,657.25
5/26/2022 5:00,683.75
5/26/2022 6:00,609
5/26/2022 7:00,474.75
5/26/2022 8:00,304.5
5/26/2022 9:00,139.125
5/26/2022 10:00,47.578
5/26/2022 11:00,0.341
5/26/2022 12:00,0
5/26/2022 13:00,0
5/26/2022 14:00,0
5/26/2022 15:00,0
5/26/2022 16:00,0
5/26/2022 17:00,0
5/26/2022 18:00,0
5/26/2022 19:00,0
5/26/2022 20:00,0
5/26/2022 21:00,0
5/26/2022 22:00,0
5/26/2022 23:00,27.82
5/27/2022 0:00,117.562
5/27/2022 1:00,229.062
5/27/2022 2:00,324.25
5/27/2022 3:00,410.75
5/27/2022 4:00,469.625
5/27/2022 5:00,483.625
5/27/2022 6:00,447.75
5/27/2022 7:00,350.25
5/27/2022 8:00,213.625
5/27/2022 9:00,110.375
5/27/2022 10:00,32.594
5/27/2022 11:00,0.2
5/27/2022 12:00,0
5/27/2022 13:00,0
5/27/2022 14:00,0
5/27/2022 15:00,0
5/27/2022 16:00,0
5/27/2022 17:00,0
5/27/2022 18:00,0
5/27/2022 19:00,0
5/27/2022 20:00,0
5/27/2022 21:00,0
5/27/2022 22:00,0
5/27/2022 23:00,32.078
5/28/2022 0:00,126.625
5/28/2022 1:00,248.312
5/28/2022 2:00,421.375
5/28/2022 3:00,579.75
5/28/2022 4:00,670
5/28/2022 5:00,687.25
5/28/2022 6:00,648
5/28/2022 7:00,541
5/28/2022 8:00,381.25
5/28/2022 9:00,202.562
5/28/2022 10:00,61.469
5/28/2022 11:00,0.386
5/28/2022 12:00,0
5/28/2022 13:00,0
5/28/2022 14:00,0
5/28/2022 15:00,0
5/28/2022 16:00,0
5/28/2022 17:00,0
5/28/2022 18:00,0
5/28/2022 19:00,0
5/28/2022 20:00,0
5/28/2022 21:00,0
5/28/2022 22:00,0
5/28/2022 23:00,29.203
5/29/2022 0:00,118.781
5/29/2022 1:00,251.75
5/29/2022 2:00,420.25
5/29/2022 3:00,564.5
5/29/2022 4:00,686
5/29/2022 5:00,735.75
5/29/2022 6:00,687.75
5/29/2022 7:00,536.5
5/29/2022 8:00,335.875
5/29/2022 9:00,160.125
5/29/2022 10:00,45.828
5/29/2022 11:00,0.307
5/29/2022 12:00,0
5/29/2022 13:00,0
5/29/2022 14:00,0
5/29/2022 15:00,0
5/29/2022 16:00,0
5/29/2022 17:00,0
5/29/2022 18:00,0
5/29/2022 19:00,0
5/29/2022 20:00,0
5/29/2022 21:00,0
5/29/2022 22:00,0
5/29/2022 23:00,26.969
5/30/2022 0:00,114.844
5/30/2022 1:00,269.375
5/30/2022 2:00,491.875
5/30/2022 3:00,539
5/30/2022 4:00,507.875
5/30/2022 5:00,477.125
5/30/2022 6:00,428.25
5/30/2022 7:00,345.875
5/30/2022 8:00,233.375
5/30/2022 9:00,128
5/30/2022 10:00,37.812
5/30/2022 11:00,0.217
5/30/2022 12:00,0
5/30/2022 13:00,0
5/30/2022 14:00,0
5/30/2022 15:00,0
5/30/2022 16:00,0
5/30/2022 17:00,0
5/30/2022 18:00,0
5/30/2022 19:00,0
5/30/2022 20:00,0
5/30/2022 21:00,0
5/30/2022 22:00,0
5/30/2022 23:00,23.344
5/31/2022 0:00,104.531
5/31/2022 1:00,208.938
5/31/2022 2:00,298.125
5/31/2022 3:00,409.375
5/31/2022 4:00,483.375
5/31/2022 5:00,522
5/31/2022 6:00,482.375
5/31/2022 7:00,400.25
5/31/2022 8:00,294
5/31/2022 9:00,159.25
5/31/2022 10:00,50.781
5/31/2022 11:00,0.352
5/31/2022 12:00,0
5/31/2022 13:00,0
5/31/2022 14:00,0
5/31/2022 15:00,0
5/31/2022 16:00,0
5/31/2022 17:00,0
5/31/2022 18:00,0
5/31/2022 19:00,0
5/31/2022 20:00,0
5/31/2022 21:00,0
5/31/2022 22:00,0
5/31/2022 23:00,29.203
6/1/2022 0:00,134.125
6/1/2022 1:00,293.75
6/1/2022 2:00,418.25
6/1/2022 3:00,510.875
6/1/2022 4:00,616
6/1/2022 5:00,592.75
6/1/2022 6:00,516
6/1/2022 7:00,432.75
6/1/2022 8:00,272.375
6/1/2022 9:00,146
6/1/2022 10:00,47.703
6/1/2022 11:00,0.328
6/1/2022 12:00,0
6/1/2022 13:00,0
6/1/2022 14:00,0
6/1/2022 15:00,0
6/1/2022 16:00,0
6/1/2022 17:00,0
6/1/2022 18:00,0
6/1/2022 19:00,0
6/1/2022 20:00,0
6/1/2022 21:00,0
6/1/2022 22:00,0
6/1/2022 23:00,26.547
6/2/2022 0:00,105
6/2/2022 1:00,177.562
6/2/2022 2:00,232.375
6/2/2022 3:00,292.25
6/2/2022 4:00,318.625
6/2/2022 5:00,321.625
6/2/2022 6:00,298.625
6/2/2022 7:00,245.375
6/2/2022 8:00,180.562
6/2/2022 9:00,107.812
6/2/2022 10:00,32.891
6/2/2022 11:00,0.195
6/2/2022 12:00,0
6/2/2022 13:00,0
6/2/2022 14:00,0
6/2/2022 15:00,0
6/2/2022 16:00,0
6/2/2022 17:00,0
6/2/2022 18:00,0
6/2/2022 19:00,0
6/2/2022 20:00,0
6/2/2022 21:00,0
6/2/2022 22:00,0
6/2/2022 23:00,28.625
6/3/2022 0:00,115.312
6/3/2022 1:00,211.812
6/3/2022 2:00,299.625
6/3/2022 3:00,364
6/3/2022 4:00,392.75
6/3/2022 5:00,388.5
6/3/2022 6:00,378.875
6/3/2022 7:00,340.25
6/3/2022 8:00,261.25
6/3/2022 9:00,159.312
6/3/2022 10:00,51.5
6/3/2022 11:00,0.311
6/3/2022 12:00,0
6/3/2022 13:00,0
6/3/2022 14:00,0
6/3/2022 15:00,0
6/3/2022 16:00,0
6/3/2022 17:00,0
6/3/2022 18:00,0
6/3/2022 19:00,0
6/3/2022 20:00,0
6/3/2022 21:00,0
6/3/2022 22:00,0
6/3/2022 23:00,31.156
6/4/2022 0:00,127.688
6/4/2022 1:00,232.5
6/4/2022 2:00,335.375
6/4/2022 3:00,415.75
6/4/2022 4:00,470
6/4/2022 5:00,489.125
6/4/2022 6:00,480
6/4/2022 7:00,436.375
6/4/2022 8:00,313.375
6/4/2022 9:00,176.938
6/4/2022 10:00,51.266
6/4/2022 11:00,0.307
6/4/2022 12:00,0
6/4/2022 13:00,0
6/4/2022 14:00,0
6/4/2022 15:00,0
6/4/2022 16:00,0
6/4/2022 17:00,0
6/4/2022 18:00,0
6/4/2022 19:00,0
6/4/2022 20:00,0
6/4/2022 21:00,0
6/4/2022 22:00,0
6/4/2022 23:00,43.828
6/5/2022 0:00,188.375
6/5/2022 1:00,340.25
6/5/2022 2:00,478.625
6/5/2022 3:00,564.25
6/5/2022 4:00,599.25
6/5/2022 5:00,578.75
6/5/2022 6:00,498.5
6/5/2022 7:00,397.125
6/5/2022 8:00,271.875
6/5/2022 9:00,141.938
6/5/2022 10:00,38.938
6/5/2022 11:00,0.252
6/5/2022 12:00,0
6/5/2022 13:00,0
6/5/2022 14:00,0
6/5/2022 15:00,0
6/5/2022 16:00,0
6/5/2022 17:00,0
6/5/2022 18:00,0
6/5/2022 19:00,0
6/5/2022 20:00,0
6/5/2022 21:00,0
6/5/2022 22:00,0
6/5/2022 23:00,26.719
6/6/2022 0:00,99.375
6/6/2022 1:00,175.312
6/6/2022 2:00,235.5
6/6/2022 3:00,277.75
6/6/2022 4:00,328.5
6/6/2022 5:00,369.375
6/6/2022 6:00,341.875
6/6/2022 7:00,283.5
6/6/2022 8:00,201.812
6/6/2022 9:00,117
6/6/2022 10:00,34.562
6/6/2022 11:00,0.246
6/6/2022 12:00,0
6/6/2022 13:00,0
6/6/2022 14:00,0
6/6/2022 15:00,0
6/6/2022 16:00,0
6/6/2022 17:00,0
6/6/2022 18:00,0
6/6/2022 19:00,0
6/6/2022 20:00,0
6/6/2022 21:00,0
6/6/2022 22:00,0
6/6/2022 23:00,32.578
6/7/2022 0:00,138.375
6/7/2022 1:00,252.5
6/7/2022 2:00,318.875
6/7/2022 3:00,357.375
6/7/2022 4:00,388.875
6/7/2022 5:00,383.5
6/7/2022 6:00,342.5
6/7/2022 7:00,287
6/7/2022 8:00,205.875
6/7/2022 9:00,116.125
6/7/2022 10:00,34.938
6/7/2022 11:00,0.228
6/7/2022 12:00,0
6/7/2022 13:00,0
6/7/2022 14:00,0
6/7/2022 15:00,0
6/7/2022 16:00,0
6/7/2022 17:00,0
6/7/2022 18:00,0
6/7/2022 19:00,0
6/7/2022 20:00,0
6/7/2022 21:00,0
6/7/2022 22:00,0
6/7/2022 23:00,28.227
6/8/2022 0:00,124.906
6/8/2022 1:00,268.375
6/8/2022 2:00,400.75
6/8/2022 3:00,527.5
6/8/2022 4:00,578.25
6/8/2022 5:00,608.25
6/8/2022 6:00,610.25
6/8/2022 7:00,513.75
6/8/2022 8:00,363.375
6/8/2022 9:00,207.188
6/8/2022 10:00,57.766
6/8/2022 11:00,0.409
6/8/2022 12:00,0
6/8/2022 13:00,0
6/8/2022 14:00,0
6/8/2022 15:00,0
6/8/2022 16:00,0
6/8/2022 17:00,0
6/8/2022 18:00,0
6/8/2022 19:00,0
6/8/2022 20:00,0
6/8/2022 21:00,0
6/8/2022 22:00,0
6/8/2022 23:00,30.578
6/9/2022 0:00,131.688
6/9/2022 1:00,260.75
6/9/2022 2:00,399.375
6/9/2022 3:00,525.5
6/9/2022 4:00,602.5
6/9/2022 5:00,626
6/9/2022 6:00,588.25
6/9/2022 7:00,481.75
6/9/2022 8:00,332.375
6/9/2022 9:00,196.25
6/9/2022 10:00,61.047
6/9/2022 11:00,0.384
6/9/2022 12:00,0
6/9/2022 13:00,0
6/9/2022 14:00,0
6/9/2022 15:00,0
6/9/2022 16:00,0
6/9/2022 17:00,0
6/9/2022 18:00,0
6/9/2022 19:00,0
6/9/2022 20:00,0
6/9/2022 21:00,0
6/9/2022 22:00,0
6/9/2022 23:00,36.656
6/10/2022 0:00,145.188
6/10/2022 1:00,254.5
6/10/2022 2:00,330.125
6/10/2022 3:00,355.25
6/10/2022 4:00,429.375
6/10/2022 5:00,479.875
6/10/2022 6:00,493
6/10/2022 7:00,443.625
6/10/2022 8:00,351.25
6/10/2022 9:00,200.188
6/10/2022 10:00,58.766
6/10/2022 11:00,0.431
6/10/2022 12:00,0
6/10/2022 13:00,0
6/10/2022 14:00,0
6/10/2022 15:00,0
6/10/2022 16:00,0
6/10/2022 17:00,0
6/10/2022 18:00,0
6/10/2022 19:00,0
6/10/2022 20:00,0
6/10/2022 21:00,0
6/10/2022 22:00,0
6/10/2022 23:00,58.094
6/11/2022 0:00,238.875
6/11/2022 1:00,448.625
6/11/2022 2:00,626.75
6/11/2022 3:00,738
6/11/2022 4:00,758
6/11/2022 5:00,689.75
6/11/2022 6:00,625.75
6/11/2022 7:00,481
6/11/2022 8:00,297
6/11/2022 9:00,169.875
6/11/2022 10:00,46.891
6/11/2022 11:00,0.283
6/11/2022 12:00,0
6/11/2022 13:00,0
6/11/2022 14:00,0
6/11/2022 15:00,0
6/11/2022 16:00,0
6/11/2022 17:00,0
6/11/2022 18:00,0
6/11/2022 19:00,0
6/11/2022 20:00,0
6/11/2022 21:00,0
6/11/2022 22:00,0
6/11/2022 23:00,19.414
6/12/2022 0:00,88.344
6/12/2022 1:00,157.5
6/12/2022 2:00,227.375
6/12/2022 3:00,301.75
6/12/2022 4:00,354.75
6/12/2022 5:00,348.875
6/12/2022 6:00,305.625
6/12/2022 7:00,251.5
6/12/2022 8:00,171.062
6/12/2022 9:00,92.781
6/12/2022 10:00,27.68
6/12/2022 11:00,0.163
6/12/2022 12:00,0
6/12/2022 13:00,0
6/12/2022 14:00,0
6/12/2022 15:00,0
6/12/2022 16:00,0
6/12/2022 17:00,0
6/12/2022 18:00,0
6/12/2022 19:00,0
6/12/2022 20:00,0
6/12/2022 21:00,0
6/12/2022 22:00,0
6/12/2022 23:00,43.156
6/13/2022 0:00,189.625
6/13/2022 1:00,385.5
6/13/2022 2:00,550.5
6/13/2022 3:00,683.75
6/13/2022 4:00,751.75
6/13/2022 5:00,746.75
6/13/2022 6:00,681
6/13/2022 7:00,545.25
6/13/2022 8:00,368.875
6/13/2022 9:00,188
6/13/2022 10:00,50.984
6/13/2022 11:00,0.326
6/13/2022 12:00,0
6/13/2022 13:00,0
6/13/2022 14:00,0
6/13/2022 15:00,0
6/13/2022 16:00,0
6/13/2022 17:00,0
6/13/2022 18:00,0
6/13/2022 19:00,0
6/13/2022 20:00,0
6/13/2022 21:00,0
6/13/2022 22:00,0
6/13/2022 23:00,19.898
6/14/2022 0:00,103.5
6/14/2022 1:00,227.312
6/14/2022 2:00,343.625
6/14/2022 3:00,434.5
6/14/2022 4:00,464.875
6/14/2022 5:00,498.875
6/14/2022 6:00,469.625
6/14/2022 7:00,400.875
6/14/2022 8:00,291.875
6/14/2022 9:00,159.312
6/14/2022 10:00,49.906
6/14/2022 11:00,0.347
6/14/2022 12:00,0
6/14/2022 13:00,0
6/14/2022 14:00,0
6/14/2022 15:00,0
6/14/2022 16:00,0
6/14/2022 17:00,0
6/14/2022 18:00,0
6/14/2022 19:00,0
6/14/2022 20:00,0
6/14/2022 21:00,0
6/14/2022 22:00,0
6/14/2022 23:00,27
6/15/2022 0:00,114
6/15/2022 1:00,215.875
6/15/2022 2:00,297.625
6/15/2022 3:00,383
6/15/2022 4:00,459.125
6/15/2022 5:00,487.625
6/15/2022 6:00,468.5
6/15/2022 7:00,406.375
6/15/2022 8:00,290.75
6/15/2022 9:00,159.562
6/15/2022 10:00,45.781
6/15/2022 11:00,0.347
6/15/2022 12:00,0
6/15/2022 13:00,0
6/15/2022 14:00,0
6/15/2022 15:00,0
6/15/2022 16:00,0
6/15/2022 17:00,0
6/15/2022 18:00,0
6/15/2022 19:00,0
6/15/2022 20:00,0
6/15/2022 21:00,0
6/15/2022 22:00,0
6/15/2022 23:00,25.562
6/16/2022 0:00,105.219
6/16/2022 1:00,186.438
6/16/2022 2:00,265.25
6/16/2022 3:00,335.125
6/16/2022 4:00,392.875
6/16/2022 5:00,398
6/16/2022 6:00,353.875
6/16/2022 7:00,304.75
6/16/2022 8:00,200.562
6/16/2022 9:00,109.906
6/16/2022 10:00,31.086
6/16/2022 11:00,0.21
6/16/2022 12:00,0
6/16/2022 13:00,0
6/16/2022 14:00,0
6/16/2022 15:00,0
6/16/2022 16:00,0
6/16/2022 17:00,0
6/16/2022 18:00,0
6/16/2022 19:00,0
6/16/2022 20:00,0
6/16/2022 21:00,0
6/16/2022 22:00,0
6/16/2022 23:00,31.719
6/17/2022 0:00,117.094
6/17/2022 1:00,224.938
6/17/2022 2:00,346
6/17/2022 3:00,468.25
6/17/2022 4:00,510
6/17/2022 5:00,483.125
6/17/2022 6:00,463.875
6/17/2022 7:00,438.5
6/17/2022 8:00,327.125
6/17/2022 9:00,177.75
6/17/2022 10:00,50.469
6/17/2022 11:00,0.312
6/17/2022 12:00,0
6/17/2022 13:00,0
6/17/2022 14:00,0
6/17/2022 15:00,0
6/17/2022 16:00,0
6/17/2022 17:00,0
6/17/2022 18:00,0
6/17/2022 19:00,0
6/17/2022 20:00,0
6/17/2022 21:00,0
6/17/2022 22:00,0
6/17/2022 23:00,53.031
6/18/2022 0:00,184.312
6/18/2022 1:00,304.25
6/18/2022 2:00,409.875
6/18/2022 3:00,493.625
6/18/2022 4:00,497.625
6/18/2022 5:00,454.5
6/18/2022 6:00,412.875
6/18/2022 7:00,302.125
6/18/2022 8:00,194.5
6/18/2022 9:00,100.844
6/18/2022 10:00,34.984
6/18/2022 11:00,0.236
6/18/2022 12:00,0
6/18/2022 13:00,0
6/18/2022 14:00,0
6/18/2022 15:00,0
6/18/2022 16:00,0
6/18/2022 17:00,0
6/18/2022 18:00,0
6/18/2022 19:00,0
6/18/2022 20:00,0
6/18/2022 21:00,0
6/18/2022 22:00,0
6/18/2022 23:00,40.141
6/19/2022 0:00,173.375
6/19/2022 1:00,330.625
6/19/2022 2:00,494.25
6/19/2022 3:00,621
6/19/2022 4:00,672.5
6/19/2022 5:00,699
6/19/2022 6:00,654
6/19/2022 7:00,544.25
6/19/2022 8:00,362.75
6/19/2022 9:00,177.625
6/19/2022 10:00,55.656
6/19/2022 11:00,0.344
6/19/2022 12:00,0
6/19/2022 13:00,0
6/19/2022 14:00,0
6/19/2022 15:00,0
6/19/2022 16:00,0
6/19/2022 17:00,0
6/19/2022 18:00,0
6/19/2022 19:00,0
6/19/2022 20:00,0
6/19/2022 21:00,0
6/19/2022 22:00,0
6/19/2022 23:00,20.688
6/20/2022 0:00,83.25
6/20/2022 1:00,154.812
6/20/2022 2:00,216.125
6/20/2022 3:00,275.375
6/20/2022 4:00,325.75
6/20/2022 5:00,345
6/20/2022 6:00,315.25
6/20/2022 7:00,261.5
6/20/2022 8:00,185.438
6/20/2022 9:00,104.5
6/20/2022 10:00,31.352
6/20/2022 11:00,0.212
6/20/2022 12:00,0
6/20/2022 13:00,0
6/20/2022 14:00,0
6/20/2022 15:00,0
6/20/2022 16:00,0
6/20/2022 17:00,0
6/20/2022 18:00,0
6/20/2022 19:00,0
6/20/2022 20:00,0
6/20/2022 21:00,0
6/20/2022 22:00,0
6/20/2022 23:00,21.906
6/21/2022 0:00,92.406
6/21/2022 1:00,185
6/21/2022 2:00,281.5
6/21/2022 3:00,370.75
6/21/2022 4:00,421
6/21/2022 5:00,429.75
6/21/2022 6:00,368.5
6/21/2022 7:00,285.375
6/21/2022 8:00,197.75
6/21/2022 9:00,104.188
6/21/2022 10:00,28.539
6/21/2022 11:00,0.17
6/21/2022 12:00,0
6/21/2022 13:00,0
6/21/2022 14:00,0
6/21/2022 15:00,0
6/21/2022 16:00,0
6/21/2022 17:00,0
6/21/2022 18:00,0
6/21/2022 19:00,0
6/21/2022 20:00,0
6/21/2022 21:00,0
6/21/2022 22:00,0
6/21/2022 23:00,19.023
6/22/2022 0:00,77.188
6/22/2022 1:00,153.812
6/22/2022 2:00,228.562
6/22/2022 3:00,300.5
6/22/2022 4:00,345.5
6/22/2022 5:00,359.75
6/22/2022 6:00,328.25
6/22/2022 7:00,264.25
6/22/2022 8:00,186.5
6/22/2022 9:00,105.531
6/22/2022 10:00,31.547
6/22/2022 11:00,0.207
6/22/2022 12:00,0
6/22/2022 13:00,0
6/22/2022 14:00,0
6/22/2022 15:00,0
6/22/2022 16:00,0
6/22/2022 17:00,0
6/22/2022 18:00,0
6/22/2022 19:00,0
6/22/2022 20:00,0
6/22/2022 21:00,0
6/22/2022 22:00,0
6/22/2022 23:00,30.008
6/23/2022 0:00,119.312
6/23/2022 1:00,203.875
6/23/2022 2:00,279.5
6/23/2022 3:00,333.625
6/23/2022 4:00,369.625
6/23/2022 5:00,374
6/23/2022 6:00,338.25
6/23/2022 7:00,280.375
6/23/2022 8:00,197.25
6/23/2022 9:00,109.812
6/23/2022 10:00,34.234
6/23/2022 11:00,0.22
6/23/2022 12:00,0
6/23/2022 13:00,0
6/23/2022 14:00,0
6/23/2022 15:00,0
6/23/2022 16:00,0
6/23/2022 17:00,0
6/23/2022 18:00,0
6/23/2022 19:00,0
6/23/2022 20:00,0
6/23/2022 21:00,0
6/23/2022 22:00,0
6/23/2022 23:00,32.453
6/24/2022 0:00,127.344
6/24/2022 1:00,235
6/24/2022 2:00,323.125
6/24/2022 3:00,385.5
6/24/2022 4:00,409.625
6/24/2022 5:00,397.25
6/24/2022 6:00,364.75
6/24/2022 7:00,296.25
6/24/2022 8:00,208.375
6/24/2022 9:00,124.625
6/24/2022 10:00,38.391
6/24/2022 11:00,0.271
6/24/2022 12:00,0
6/24/2022 13:00,0
6/24/2022 14:00,0
6/24/2022 15:00,0
6/24/2022 16:00,0
6/24/2022 17:00,0
6/24/2022 18:00,0
6/24/2022 19:00,0
6/24/2022 20:00,0
6/24/2022 21:00,0
6/24/2022 22:00,0
6/24/2022 23:00,24.531
6/25/2022 0:00,98.594
6/25/2022 1:00,190.125
6/25/2022 2:00,285.375
6/25/2022 3:00,379.75
6/25/2022 4:00,439.125
6/25/2022 5:00,472.5
6/25/2022 6:00,453.875
6/25/2022 7:00,356.625
6/25/2022 8:00,208.688
6/25/2022 9:00,91.406
6/25/2022 10:00,29.766
6/25/2022 11:00,0.228
6/25/2022 12:00,0
6/25/2022 13:00,0
6/25/2022 14:00,0
6/25/2022 15:00,0
6/25/2022 16:00,0
6/25/2022 17:00,0
6/25/2022 18:00,0
6/25/2022 19:00,0
6/25/2022 20:00,0
6/25/2022 21:00,0
6/25/2022 22:00,0
6/25/2022 23:00,23.742
6/26/2022 0:00,98.594
6/26/2022 1:00,190.875
6/26/2022 2:00,273.25
6/26/2022 3:00,348.125
6/26/2022 4:00,395.5
6/26/2022 5:00,392.5
6/26/2022 6:00,356.5
6/26/2022 7:00,282.875
6/26/2022 8:00,202.938
6/26/2022 9:00,112.219
6/26/2022 10:00,34.875
6/26/2022 11:00,0.22
6/26/2022 12:00,0
6/26/2022 13:00,0
6/26/2022 14:00,0
6/26/2022 15:00,0
6/26/2022 16:00,0
6/26/2022 17:00,0
6/26/2022 18:00,0
6/26/2022 19:00,0
6/26/2022 20:00,0
6/26/2022 21:00,0
6/26/2022 22:00,0
6/26/2022 23:00,44.328
6/27/2022 0:00,190.125
6/27/2022 1:00,359
6/27/2022 2:00,538.5
6/27/2022 3:00,679.25
6/27/2022 4:00,739.5
6/27/2022 5:00,734.75
6/27/2022 6:00,683
6/27/2022 7:00,586
6/27/2022 8:00,437.625
6/27/2022 9:00,258.75
6/27/2022 10:00,80.375
6/27/2022 11:00,0.572
6/27/2022 12:00,0
6/27/2022 13:00,0
6/27/2022 14:00,0
6/27/2022 15:00,0
6/27/2022 16:00,0
6/27/2022 17:00,0
6/27/2022 18:00,0
6/27/2022 19:00,0
6/27/2022 20:00,0
6/27/2022 21:00,0
6/27/2022 22:00,0
6/27/2022 23:00,33.531
6/28/2022 0:00,143.438
6/28/2022 1:00,240.188
6/28/2022 2:00,366
6/28/2022 3:00,439.625
6/28/2022 4:00,469.125
6/28/2022 5:00,474
6/28/2022 6:00,399.625
6/28/2022 7:00,343.25
6/28/2022 8:00,232.812
6/28/2022 9:00,136
6/28/2022 10:00,39.156
6/28/2022 11:00,0.262
6/28/2022 12:00,0
6/28/2022 13:00,0
6/28/2022 14:00,0
6/28/2022 15:00,0
6/28/2022 16:00,0
6/28/2022 17:00,0
6/28/2022 18:00,0
6/28/2022 19:00,0
6/28/2022 20:00,0
6/28/2022 21:00,0
6/28/2022 22:00,0
6/28/2022 23:00,24.289
6/29/2022 0:00,101.719
6/29/2022 1:00,186.062
6/29/2022 2:00,253.375
6/29/2022 3:00,320.875
6/29/2022 4:00,354.625
6/29/2022 5:00,366.25
6/29/2022 6:00,348.375
6/29/2022 7:00,297.625
6/29/2022 8:00,218.062
6/29/2022 9:00,127.375
6/29/2022 10:00,39.172
6/29/2022 11:00,0.269
6/29/2022 12:00,0
6/29/2022 13:00,0
6/29/2022 14:00,0
6/29/2022 15:00,0
6/29/2022 16:00,0
6/29/2022 17:00,0
6/29/2022 18:00,0
6/29/2022 19:00,0
6/29/2022 20:00,0
6/29/2022 21:00,0
6/29/2022 22:00,0
6/29/2022 23:00,24.305
6/30/2022 0:00,96.25
6/30/2022 1:00,195.062
6/30/2022 2:00,324.125
6/30/2022 3:00,438.75
6/30/2022 4:00,514.25
6/30/2022 5:00,572.75
6/30/2022 6:00,561.5
6/30/2022 7:00,460.5
6/30/2022 8:00,301.25
6/30/2022 9:00,158.938
6/30/2022 10:00,45.391
6/30/2022 11:00,0.282
6/30/2022 12:00,0
6/30/2022 13:00,0
6/30/2022 14:00,0
6/30/2022 15:00,0
6/30/2022 16:00,0
6/30/2022 17:00,0
6/30/2022 18:00,0
6/30/2022 19:00,0
6/30/2022 20:00,0
6/30/2022 21:00,0
6/30/2022 22:00,0
6/30/2022 23:00,49.391
7/1/2022 0:00,199.562
7/1/2022 1:00,385.375
7/1/2022 2:00,564.5
7/1/2022 3:00,705.75
7/1/2022 4:00,792.5
7/1/2022 5:00,782.5
7/1/2022 6:00,682.25
7/1/2022 7:00,550.75
7/1/2022 8:00,361.375
7/1/2022 9:00,192.938
7/1/2022 10:00,57.188
7/1/2022 11:00,0.384
7/1/2022 12:00,0
7/1/2022 13:00,0
7/1/2022 14:00,0
7/1/2022 15:00,0
7/1/2022 16:00,0
7/1/2022 17:00,0
7/1/2022 18:00,0
7/1/2022 19:00,0
7/1/2022 20:00,0
7/1/2022 21:00,0
7/1/2022 22:00,0
7/1/2022 23:00,34.594
7/2/2022 0:00,139.438
7/2/2022 1:00,311.75
7/2/2022 2:00,534.75
7/2/2022 3:00,700.5
7/2/2022 4:00,794.75
7/2/2022 5:00,815
7/2/2022 6:00,759.25
7/2/2022 7:00,630.25
7/2/2022 8:00,433.25
7/2/2022 9:00,230.5
7/2/2022 10:00,64.25
7/2/2022 11:00,0.413
7/2/2022 12:00,0
7/2/2022 13:00,0
7/2/2022 14:00,0
7/2/2022 15:00,0
7/2/2022 16:00,0
7/2/2022 17:00,0
7/2/2022 18:00,0
7/2/2022 19:00,0
7/2/2022 20:00,0
7/2/2022 21:00,0
7/2/2022 22:00,0
7/2/2022 23:00,25
7/3/2022 0:00,109.844
7/3/2022 1:00,246.25
7/3/2022 2:00,379.875
7/3/2022 3:00,446.125
7/3/2022 4:00,478.25
7/3/2022 5:00,440.375
7/3/2022 6:00,413
7/3/2022 7:00,363.625
7/3/2022 8:00,258.375
7/3/2022 9:00,130.062
7/3/2022 10:00,36.234
7/3/2022 11:00,0.305
7/3/2022 12:00,0
7/3/2022 13:00,0
7/3/2022 14:00,0
7/3/2022 15:00,0
7/3/2022 16:00,0
7/3/2022 17:00,0
7/3/2022 18:00,0
7/3/2022 19:00,0
7/3/2022 20:00,0
7/3/2022 21:00,0
7/3/2022 22:00,0
7/3/2022 23:00,29.078
7/4/2022 0:00,115.281
7/4/2022 1:00,214.438
7/4/2022 2:00,297.125
7/4/2022 3:00,363.375
7/4/2022 4:00,412.375
7/4/2022 5:00,418.125
7/4/2022 6:00,387
7/4/2022 7:00,305.125
7/4/2022 8:00,220.688
7/4/2022 9:00,115.469
7/4/2022 10:00,35.203
7/4/2022 11:00,0.213
7/4/2022 12:00,0
7/4/2022 13:00,0
7/4/2022 14:00,0
7/4/2022 15:00,0
7/4/2022 16:00,0
7/4/2022 17:00,0
7/4/2022 18:00,0
7/4/2022 19:00,0
7/4/2022 20:00,0
7/4/2022 21:00,0
7/4/2022 22:00,0
7/4/2022 23:00,16.219
7/5/2022 0:00,67.312
7/5/2022 1:00,149.688
7/5/2022 2:00,266.25
7/5/2022 3:00,407.25
7/5/2022 4:00,482.75
7/5/2022 5:00,466.875
7/5/2022 6:00,405.125
7/5/2022 7:00,327.625
7/5/2022 8:00,228
7/5/2022 9:00,120.938
7/5/2022 10:00,33.344
7/5/2022 11:00,0.207
7/5/2022 12:00,0
7/5/2022 13:00,0
7/5/2022 14:00,0
7/5/2022 15:00,0
7/5/2022 16:00,0
7/5/2022 17:00,0
7/5/2022 18:00,0
7/5/2022 19:00,0
7/5/2022 20:00,0
7/5/2022 21:00,0
7/5/2022 22:00,0
7/5/2022 23:00,31.477
7/6/2022 0:00,138
7/6/2022 1:00,274.625
7/6/2022 2:00,410.125
7/6/2022 3:00,523.5
7/6/2022 4:00,591.5
7/6/2022 5:00,628.25
7/6/2022 6:00,591
7/6/2022 7:00,481.875
7/6/2022 8:00,340
7/6/2022 9:00,182.75
7/6/2022 10:00,50.328
7/6/2022 11:00,0.348
7/6/2022 12:00,0
7/6/2022 13:00,0
7/6/2022 14:00,0
7/6/2022 15:00,0
7/6/2022 16:00,0
7/6/2022 17:00,0
7/6/2022 18:00,0
7/6/2022 19:00,0
7/6/2022 20:00,0
7/6/2022 21:00,0
7/6/2022 22:00,0
7/6/2022 23:00,34.031
7/7/2022 0:00,168.688
7/7/2022 1:00,322.75
7/7/2022 2:00,421.125
7/7/2022 3:00,578.25
7/7/2022 4:00,705.25
7/7/2022 5:00,638
7/7/2022 6:00,543
7/7/2022 7:00,441.25
7/7/2022 8:00,307.75
7/7/2022 9:00,170.125
7/7/2022 10:00,58.844
7/7/2022 11:00,0.399
7/7/2022 12:00,0
7/7/2022 13:00,0
7/7/2022 14:00,0
7/7/2022 15:00,0
7/7/2022 16:00,0
7/7/2022 17:00,0
7/7/2022 18:00,0
7/7/2022 19:00,0
7/7/2022 20:00,0
7/7/2022 21:00,0
7/7/2022 22:00,0
7/7/2022 23:00,27.125
7/8/2022 0:00,106.594
7/8/2022 1:00,193.438
7/8/2022 2:00,248.375
7/8/2022 3:00,301.375
7/8/2022 4:00,336.75
7/8/2022 5:00,338
7/8/2022 6:00,314
7/8/2022 7:00,268.625
7/8/2022 8:00,189.625
7/8/2022 9:00,107.875
7/8/2022 10:00,34.5
7/8/2022 11:00,0.239
7/8/2022 12:00,0
7/8/2022 13:00,0
7/8/2022 14:00,0
7/8/2022 15:00,0
7/8/2022 16:00,0
7/8/2022 17:00,0
7/8/2022 18:00,0
7/8/2022 19:00,0
7/8/2022 20:00,0
7/8/2022 21:00,0
7/8/2022 22:00,0
7/8/2022 23:00,29.016
7/9/2022 0:00,102.312
7/9/2022 1:00,173.75
7/9/2022 2:00,241.875
7/9/2022 3:00,297.75
7/9/2022 4:00,374.25
7/9/2022 5:00,424.625
7/9/2022 6:00,436.5
7/9/2022 7:00,325.625
7/9/2022 8:00,230.688
7/9/2022 9:00,127.75
7/9/2022 10:00,36.609
7/9/2022 11:00,0.219
7/9/2022 12:00,0
7/9/2022 13:00,0
7/9/2022 14:00,0
7/9/2022 15:00,0
7/9/2022 16:00,0
7/9/2022 17:00,0
7/9/2022 18:00,0
7/9/2022 19:00,0
7/9/2022 20:00,0
7/9/2022 21:00,0
7/9/2022 22:00,0
7/9/2022 23:00,28.094
7/10/2022 0:00,118.469
7/10/2022 1:00,207.938
7/10/2022 2:00,287
7/10/2022 3:00,363.5
7/10/2022 4:00,384.875
7/10/2022 5:00,400.625
7/10/2022 6:00,377.75
7/10/2022 7:00,330.75
7/10/2022 8:00,252.625
7/10/2022 9:00,151.375
7/10/2022 10:00,46.266
7/10/2022 11:00,0.314
7/10/2022 12:00,0
7/10/2022 13:00,0
7/10/2022 14:00,0
7/10/2022 15:00,0
7/10/2022 16:00,0
7/10/2022 17:00,0
7/10/2022 18:00,0
7/10/2022 19:00,0
7/10/2022 20:00,0
7/10/2022 21:00,0
7/10/2022 22:00,0
7/10/2022 23:00,32.578
7/11/2022 0:00,126.094
7/11/2022 1:00,225.312
7/11/2022 2:00,308
7/11/2022 3:00,371.625
7/11/2022 4:00,431
7/11/2022 5:00,446.625
7/11/2022 6:00,439.75
7/11/2022 7:00,376.25
7/11/2022 8:00,281
7/11/2022 9:00,173.938
7/11/2022 10:00,52.703
7/11/2022 11:00,0.361
7/11/2022 12:00,0
7/11/2022 13:00,0
7/11/2022 14:00,0
7/11/2022 15:00,0
7/11/2022 16:00,0
7/11/2022 17:00,0
7/11/2022 18:00,0
7/11/2022 19:00,0
7/11/2022 20:00,0
7/11/2022 21:00,0
7/11/2022 22:00,0
7/11/2022 23:00,27.586
7/12/2022 0:00,122.344
7/12/2022 1:00,272.875
7/12/2022 2:00,410.75
7/12/2022 3:00,553.75
7/12/2022 4:00,675
7/12/2022 5:00,733.25
7/12/2022 6:00,675.5
7/12/2022 7:00,556.75
7/12/2022 8:00,388.125
7/12/2022 9:00,226.75
7/12/2022 10:00,70.594
7/12/2022 11:00,0.382
7/12/2022 12:00,0
7/12/2022 13:00,0
7/12/2022 14:00,0
7/12/2022 15:00,0
7/12/2022 16:00,0
7/12/2022 17:00,0
7/12/2022 18:00,0
7/12/2022 19:00,0
7/12/2022 20:00,0
7/12/2022 21:00,0
7/12/2022 22:00,0
7/12/2022 23:00,21.742
7/13/2022 0:00,85.25
7/13/2022 1:00,153.688
7/13/2022 2:00,224.375
7/13/2022 3:00,291.625
7/13/2022 4:00,333.75
7/13/2022 5:00,346.25
7/13/2022 6:00,327.25
7/13/2022 7:00,266.25
7/13/2022 8:00,180.625
7/13/2022 9:00,94.156
7/13/2022 10:00,26.984
7/13/2022 11:00,0.152
7/13/2022 12:00,0
7/13/2022 13:00,0
7/13/2022 14:00,0
7/13/2022 15:00,0
7/13/2022 16:00,0
7/13/2022 17:00,0
7/13/2022 18:00,0
7/13/2022 19:00,0
7/13/2022 20:00,0
7/13/2022 21:00,0
7/13/2022 22:00,0
7/13/2022 23:00,28.211
7/14/2022 0:00,127.625
7/14/2022 1:00,239.312
7/14/2022 2:00,334.75
7/14/2022 3:00,414
7/14/2022 4:00,472.125
7/14/2022 5:00,478.125
7/14/2022 6:00,427.25
7/14/2022 7:00,317.5
7/14/2022 8:00,205.625
7/14/2022 9:00,98.938
7/14/2022 10:00,30.109
7/14/2022 11:00,0.202
7/14/2022 12:00,0
7/14/2022 13:00,0
7/14/2022 14:00,0
7/14/2022 15:00,0
7/14/2022 16:00,0
7/14/2022 17:00,0
7/14/2022 18:00,0
7/14/2022 19:00,0
7/14/2022 20:00,0
7/14/2022 21:00,0
7/14/2022 22:00,0
7/14/2022 23:00,32.516
7/15/2022 0:00,136.25
7/15/2022 1:00,254.812
7/15/2022 2:00,393.25
7/15/2022 3:00,476.125
7/15/2022 4:00,523.25
7/15/2022 5:00,549.5
7/15/2022 6:00,521
7/15/2022 7:00,435.75
7/15/2022 8:00,290.75
7/15/2022 9:00,161.688
7/15/2022 10:00,46.719
7/15/2022 11:00,0.328
7/15/2022 12:00,0
7/15/2022 13:00,0
7/15/2022 14:00,0
7/15/2022 15:00,0
7/15/2022 16:00,0
7/15/2022 17:00,0
7/15/2022 18:00,0
7/15/2022 19:00,0
7/15/2022 20:00,0
7/15/2022 21:00,0
7/15/2022 22:00,0
7/15/2022 23:00,32.125
7/16/2022 0:00,145.938
7/16/2022 1:00,260.375
7/16/2022 2:00,355.75
7/16/2022 3:00,445.875
7/16/2022 4:00,521
7/16/2022 5:00,535.25
7/16/2022 6:00,470.625
7/16/2022 7:00,377.625
7/16/2022 8:00,267.125
7/16/2022 9:00,159.375
7/16/2022 10:00,48.297
7/16/2022 11:00,0.334
7/16/2022 12:00,0
7/16/2022 13:00,0
7/16/2022 14:00,0
7/16/2022 15:00,0
7/16/2022 16:00,0
7/16/2022 17:00,0
7/16/2022 18:00,0
7/16/2022 19:00,0
7/16/2022 20:00,0
7/16/2022 21:00,0
7/16/2022 22:00,0
7/16/2022 23:00,26.008
7/17/2022 0:00,127.094
7/17/2022 1:00,285.125
7/17/2022 2:00,450
7/17/2022 3:00,573.75
7/17/2022 4:00,637.75
7/17/2022 5:00,615.5
7/17/2022 6:00,523.75
7/17/2022 7:00,438
7/17/2022 8:00,333
7/17/2022 9:00,207
7/17/2022 10:00,60.719
7/17/2022 11:00,0.359
7/17/2022 12:00,0
7/17/2022 13:00,0
7/17/2022 14:00,0
7/17/2022 15:00,0
7/17/2022 16:00,0
7/17/2022 17:00,0
7/17/2022 18:00,0
7/17/2022 19:00,0
7/17/2022 20:00,0
7/17/2022 21:00,0
7/17/2022 22:00,0
7/17/2022 23:00,37.344
7/18/2022 0:00,155.375
7/18/2022 1:00,309.25
7/18/2022 2:00,406.75
7/18/2022 3:00,559.75
7/18/2022 4:00,669.25
7/18/2022 5:00,697.25
7/18/2022 6:00,655
7/18/2022 7:00,550.25
7/18/2022 8:00,378.375
7/18/2022 9:00,191.5
7/18/2022 10:00,56.453
7/18/2022 11:00,0.42
7/18/2022 12:00,0
7/18/2022 13:00,0
7/18/2022 14:00,0
7/18/2022 15:00,0
7/18/2022 16:00,0
7/18/2022 17:00,0
7/18/2022 18:00,0
7/18/2022 19:00,0
7/18/2022 20:00,0
7/18/2022 21:00,0
7/18/2022 22:00,0
7/18/2022 23:00,41.969
7/19/2022 0:00,171
7/19/2022 1:00,309.125
7/19/2022 2:00,397.125
7/19/2022 3:00,487.375
7/19/2022 4:00,553
7/19/2022 5:00,606.5
7/19/2022 6:00,599.75
7/19/2022 7:00,501.875
7/19/2022 8:00,371.875
7/19/2022 9:00,205.5
7/19/2022 10:00,59.016
7/19/2022 11:00,0.343
7/19/2022 12:00,0
7/19/2022 13:00,0
7/19/2022 14:00,0
7/19/2022 15:00,0
7/19/2022 16:00,0
7/19/2022 17:00,0
7/19/2022 18:00,0
7/19/2022 19:00,0
7/19/2022 20:00,0
7/19/2022 21:00,0
7/19/2022 22:00,0
7/19/2022 23:00,21.656
7/20/2022 0:00,94.031
7/20/2022 1:00,213.938
7/20/2022 2:00,341.375
7/20/2022 3:00,365.875
7/20/2022 4:00,340
7/20/2022 5:00,289.25
7/20/2022 6:00,278
7/20/2022 7:00,239.188
7/20/2022 8:00,171.625
7/20/2022 9:00,100.781
7/20/2022 10:00,32.016
7/20/2022 11:00,0.188
7/20/2022 12:00,0
7/20/2022 13:00,0
7/20/2022 14:00,0
7/20/2022 15:00,0
7/20/2022 16:00,0
7/20/2022 17:00,0
7/20/2022 18:00,0
7/20/2022 19:00,0
7/20/2022 20:00,0
7/20/2022 21:00,0
7/20/2022 22:00,0
7/20/2022 23:00,25.914
7/21/2022 0:00,133.875
7/21/2022 1:00,282.125
7/21/2022 2:00,397.125
7/21/2022 3:00,478.75
7/21/2022 4:00,492.5
7/21/2022 5:00,441.375
7/21/2022 6:00,380
7/21/2022 7:00,308.375
7/21/2022 8:00,215.75
7/21/2022 9:00,125.219
7/21/2022 10:00,35.969
7/21/2022 11:00,0.231
7/21/2022 12:00,0
7/21/2022 13:00,0
7/21/2022 14:00,0
7/21/2022 15:00,0
7/21/2022 16:00,0
7/21/2022 17:00,0
7/21/2022 18:00,0
7/21/2022 19:00,0
7/21/2022 20:00,0
7/21/2022 21:00,0
7/21/2022 22:00,0
7/21/2022 23:00,22.398
7/22/2022 0:00,90.844
7/22/2022 1:00,174.438
7/22/2022 2:00,273.375
7/22/2022 3:00,334.75
7/22/2022 4:00,386.5
7/22/2022 5:00,379.375
7/22/2022 6:00,328
7/22/2022 7:00,239.562
7/22/2022 8:00,167.75
7/22/2022 9:00,90
7/22/2022 10:00,27.477
7/22/2022 11:00,0.155
7/22/2022 12:00,0
7/22/2022 13:00,0
7/22/2022 14:00,0
7/22/2022 15:00,0
7/22/2022 16:00,0
7/22/2022 17:00,0
7/22/2022 18:00,0
7/22/2022 19:00,0
7/22/2022 20:00,0
7/22/2022 21:00,0
7/22/2022 22:00,0
7/22/2022 23:00,43.281
7/23/2022 0:00,179.562
7/23/2022 1:00,342.125
7/23/2022 2:00,493.75
7/23/2022 3:00,608
7/23/2022 4:00,667.75
7/23/2022 5:00,679.25
7/23/2022 6:00,630.75
7/23/2022 7:00,513.5
7/23/2022 8:00,348
7/23/2022 9:00,177.75
7/23/2022 10:00,47.75
7/23/2022 11:00,0.293
7/23/2022 12:00,0
7/23/2022 13:00,0
7/23/2022 14:00,0
7/23/2022 15:00,0
7/23/2022 16:00,0
7/23/2022 17:00,0
7/23/2022 18:00,0
7/23/2022 19:00,0
7/23/2022 20:00,0
7/23/2022 21:00,0
7/23/2022 22:00,0
7/23/2022 23:00,32.875
7/24/2022 0:00,142.688
7/24/2022 1:00,306
7/24/2022 2:00,459.125
7/24/2022 3:00,557.75
7/24/2022 4:00,591
7/24/2022 5:00,561.75
7/24/2022 6:00,521.5
7/24/2022 7:00,401
7/24/2022 8:00,255.938
7/24/2022 9:00,120.844
7/24/2022 10:00,34.75
7/24/2022 11:00,0.218
7/24/2022 12:00,0
7/24/2022 13:00,0
7/24/2022 14:00,0
7/24/2022 15:00,0
7/24/2022 16:00,0
7/24/2022 17:00,0
7/24/2022 18:00,0
7/24/2022 19:00,0
7/24/2022 20:00,0
7/24/2022 21:00,0
7/24/2022 22:00,0
7/24/2022 23:00,33.734
7/25/2022 0:00,125
7/25/2022 1:00,227.75
7/25/2022 2:00,277.125
7/25/2022 3:00,331.125
7/25/2022 4:00,363.625
7/25/2022 5:00,371.625
7/25/2022 6:00,343.875
7/25/2022 7:00,275.875
7/25/2022 8:00,198.188
7/25/2022 9:00,125.469
7/25/2022 10:00,39.391
7/25/2022 11:00,0.263
7/25/2022 12:00,0
7/25/2022 13:00,0
7/25/2022 14:00,0
7/25/2022 15:00,0
7/25/2022 16:00,0
7/25/2022 17:00,0
7/25/2022 18:00,0
7/25/2022 19:00,0
7/25/2022 20:00,0
7/25/2022 21:00,0
7/25/2022 22:00,0
7/25/2022 23:00,19.5
7/26/2022 0:00,87.719
7/26/2022 1:00,193.812
7/26/2022 2:00,282
7/26/2022 3:00,337.75
7/26/2022 4:00,375.375
7/26/2022 5:00,370.625
7/26/2022 6:00,335.375
7/26/2022 7:00,261.5
7/26/2022 8:00,195.062
7/26/2022 9:00,116.562
7/26/2022 10:00,31.43
7/26/2022 11:00,0.179
7/26/2022 12:00,0
7/26/2022 13:00,0
7/26/2022 14:00,0
7/26/2022 15:00,0
7/26/2022 16:00,0
7/26/2022 17:00,0
7/26/2022 18:00,0
7/26/2022 19:00,0
7/26/2022 20:00,0
7/26/2022 21:00,0
7/26/2022 22:00,0
7/26/2022 23:00,32.359
7/27/2022 0:00,143.625
7/27/2022 1:00,286.25
7/27/2022 2:00,404.875
7/27/2022 3:00,520.75
7/27/2022 4:00,593.75
7/27/2022 5:00,596.5
7/27/2022 6:00,520.25
7/27/2022 7:00,452.875
7/27/2022 8:00,313.5
7/27/2022 9:00,180.688
7/27/2022 10:00,55.297
7/27/2022 11:00,0.257
7/27/2022 12:00,0
7/27/2022 13:00,0
7/27/2022 14:00,0
7/27/2022 15:00,0
7/27/2022 16:00,0
7/27/2022 17:00,0
7/27/2022 18:00,0
7/27/2022 19:00,0
7/27/2022 20:00,0
7/27/2022 21:00,0
7/27/2022 22:00,0
7/27/2022 23:00,25.688
7/28/2022 0:00,105.25
7/28/2022 1:00,200.188
7/28/2022 2:00,279.5
7/28/2022 3:00,330.25
7/28/2022 4:00,355.25
7/28/2022 5:00,359.75
7/28/2022 6:00,343.375
7/28/2022 7:00,294
7/28/2022 8:00,208.875
7/28/2022 9:00,128.188
7/28/2022 10:00,41.703
7/28/2022 11:00,0.22
7/28/2022 12:00,0
7/28/2022 13:00,0
7/28/2022 14:00,0
7/28/2022 15:00,0
7/28/2022 16:00,0
7/28/2022 17:00,0
7/28/2022 18:00,0
7/28/2022 19:00,0
7/28/2022 20:00,0
7/28/2022 21:00,0
7/28/2022 22:00,0
7/28/2022 23:00,26.984
7/29/2022 0:00,122.594
7/29/2022 1:00,234.188
7/29/2022 2:00,342.375
7/29/2022 3:00,455.625
7/29/2022 4:00,519.25
7/29/2022 5:00,550.75
7/29/2022 6:00,505.25
7/29/2022 7:00,395.75
7/29/2022 8:00,275.75
7/29/2022 9:00,156.125
7/29/2022 10:00,44.234
7/29/2022 11:00,0.259
7/29/2022 12:00,0
7/29/2022 13:00,0
7/29/2022 14:00,0
7/29/2022 15:00,0
7/29/2022 16:00,0
7/29/2022 17:00,0
7/29/2022 18:00,0
7/29/2022 19:00,0
7/29/2022 20:00,0
7/29/2022 21:00,0
7/29/2022 22:00,0
7/29/2022 23:00,28.828
7/30/2022 0:00,117.406
7/30/2022 1:00,221.938
7/30/2022 2:00,306.375
7/30/2022 3:00,436.25
7/30/2022 4:00,581.25
7/30/2022 5:00,700
7/30/2022 6:00,615.25
7/30/2022 7:00,420.5
7/30/2022 8:00,244.25
7/30/2022 9:00,173.812
7/30/2022 10:00,66.906
7/30/2022 11:00,0.344
7/30/2022 12:00,0
7/30/2022 13:00,0
7/30/2022 14:00,0
7/30/2022 15:00,0
7/30/2022 16:00,0
7/30/2022 17:00,0
7/30/2022 18:00,0
7/30/2022 19:00,0
7/30/2022 20:00,0
7/30/2022 21:00,0
7/30/2022 22:00,0
7/30/2022 23:00,52.344
7/31/2022 0:00,206.25
7/31/2022 1:00,356
7/31/2022 2:00,526.75
7/31/2022 3:00,676.5
7/31/2022 4:00,732.25
7/31/2022 5:00,684.25
7/31/2022 6:00,608.75
7/31/2022 7:00,528
7/31/2022 8:00,416.625
7/31/2022 9:00,235
7/31/2022 10:00,69.188
7/31/2022 11:00,0.365
7/31/2022 12:00,0
7/31/2022 13:00,0
7/31/2022 14:00,0
7/31/2022 15:00,0
7/31/2022 16:00,0
7/31/2022 17:00,0
7/31/2022 18:00,0
7/31/2022 19:00,0
7/31/2022 20:00,0
7/31/2022 21:00,0
7/31/2022 22:00,0
7/31/2022 23:00,39.234
8/1/2022 0:00,173.875
8/1/2022 1:00,352.125
8/1/2022 2:00,549.5
8/1/2022 3:00,669.5
8/1/2022 4:00,730
8/1/2022 5:00,695.25
8/1/2022 6:00,676.25
8/1/2022 7:00,561
8/1/2022 8:00,403.375
8/1/2022 9:00,224.438
8/1/2022 10:00,63.25
8/1/2022 11:00,0.333
8/1/2022 12:00,0
8/1/2022 13:00,0
8/1/2022 14:00,0
8/1/2022 15:00,0
8/1/2022 16:00,0
8/1/2022 17:00,0
8/1/2022 18:00,0
8/1/2022 19:00,0
8/1/2022 20:00,0
8/1/2022 21:00,0
8/1/2022 22:00,0
8/1/2022 23:00,22.609
8/2/2022 0:00,105.656
8/2/2022 1:00,208
8/2/2022 2:00,348.375
8/2/2022 3:00,463.875
8/2/2022 4:00,543.75
8/2/2022 5:00,535.25
8/2/2022 6:00,475.25
8/2/2022 7:00,357.5
8/2/2022 8:00,221.688
8/2/2022 9:00,108.875
8/2/2022 10:00,34.391
8/2/2022 11:00,0.207
8/2/2022 12:00,0
8/2/2022 13:00,0
8/2/2022 14:00,0
8/2/2022 15:00,0
8/2/2022 16:00,0
8/2/2022 17:00,0
8/2/2022 18:00,0
8/2/2022 19:00,0
8/2/2022 20:00,0
8/2/2022 21:00,0
8/2/2022 22:00,0
8/2/2022 23:00,20.609
8/3/2022 0:00,93.375
8/3/2022 1:00,209.812
8/3/2022 2:00,330.625
8/3/2022 3:00,402.25
8/3/2022 4:00,453.125
8/3/2022 5:00,431
8/3/2022 6:00,391.875
8/3/2022 7:00,321.625
8/3/2022 8:00,230.562
8/3/2022 9:00,124.094
8/3/2022 10:00,32.281
8/3/2022 11:00,0.151
8/3/2022 12:00,0
8/3/2022 13:00,0
8/3/2022 14:00,0
8/3/2022 15:00,0
8/3/2022 16:00,0
8/3/2022 17:00,0
8/3/2022 18:00,0
8/3/2022 19:00,0
8/3/2022 20:00,0
8/3/2022 21:00,0
8/3/2022 22:00,0
8/3/2022 23:00,24.828
8/4/2022 0:00,117.75
8/4/2022 1:00,239.938
8/4/2022 2:00,370.5
8/4/2022 3:00,446.5
8/4/2022 4:00,459.75
8/4/2022 5:00,407.625
8/4/2022 6:00,349.25
8/4/2022 7:00,275.375
8/4/2022 8:00,193.375
8/4/2022 9:00,106.281
8/4/2022 10:00,31.422
8/4/2022 11:00,0.144
8/4/2022 12:00,0
8/4/2022 13:00,0
8/4/2022 14:00,0
8/4/2022 15:00,0
8/4/2022 16:00,0
8/4/2022 17:00,0
8/4/2022 18:00,0
8/4/2022 19:00,0
8/4/2022 20:00,0
8/4/2022 21:00,0
8/4/2022 22:00,0
8/4/2022 23:00,40.172
8/5/2022 0:00,187.688
8/5/2022 1:00,319.25
8/5/2022 2:00,382.125
8/5/2022 3:00,426.75
8/5/2022 4:00,459.125
8/5/2022 5:00,476.75
8/5/2022 6:00,467.375
8/5/2022 7:00,371.75
8/5/2022 8:00,214
8/5/2022 9:00,105.719
8/5/2022 10:00,29.859
8/5/2022 11:00,0.163
8/5/2022 12:00,0
8/5/2022 13:00,0
8/5/2022 14:00,0
8/5/2022 15:00,0
8/5/2022 16:00,0
8/5/2022 17:00,0
8/5/2022 18:00,0
8/5/2022 19:00,0
8/5/2022 20:00,0
8/5/2022 21:00,0
8/5/2022 22:00,0
8/5/2022 23:00,42.844
8/6/2022 0:00,207.25
8/6/2022 1:00,413
8/6/2022 2:00,593
8/6/2022 3:00,722.25
8/6/2022 4:00,790
8/6/2022 5:00,799
8/6/2022 6:00,743.5
8/6/2022 7:00,621
8/6/2022 8:00,440.375
8/6/2022 9:00,235.312
8/6/2022 10:00,65.594
8/6/2022 11:00,0.343
8/6/2022 12:00,0
8/6/2022 13:00,0
8/6/2022 14:00,0
8/6/2022 15:00,0
8/6/2022 16:00,0
8/6/2022 17:00,0
8/6/2022 18:00,0
8/6/2022 19:00,0
8/6/2022 20:00,0
8/6/2022 21:00,0
8/6/2022 22:00,0
8/6/2022 23:00,27.625
8/7/2022 0:00,114.312
8/7/2022 1:00,213.375
8/7/2022 2:00,297.375
8/7/2022 3:00,378.5
8/7/2022 4:00,438.625
8/7/2022 5:00,510
8/7/2022 6:00,514
8/7/2022 7:00,452.125
8/7/2022 8:00,320.125
8/7/2022 9:00,165.188
8/7/2022 10:00,42.734
8/7/2022 11:00,0.219
8/7/2022 12:00,0
8/7/2022 13:00,0
8/7/2022 14:00,0
8/7/2022 15:00,0
8/7/2022 16:00,0
8/7/2022 17:00,0
8/7/2022 18:00,0
8/7/2022 19:00,0
8/7/2022 20:00,0
8/7/2022 21:00,0
8/7/2022 22:00,0
8/7/2022 23:00,40.266
8/8/2022 0:00,165.188
8/8/2022 1:00,312.375
8/8/2022 2:00,455
8/8/2022 3:00,572.25
8/8/2022 4:00,675.25
8/8/2022 5:00,672
8/8/2022 6:00,618.5
8/8/2022 7:00,493.5
8/8/2022 8:00,321.375
8/8/2022 9:00,186.562
8/8/2022 10:00,63.047
8/8/2022 11:00,0.367
8/8/2022 12:00,0
8/8/2022 13:00,0
8/8/2022 14:00,0
8/8/2022 15:00,0
8/8/2022 16:00,0
8/8/2022 17:00,0
8/8/2022 18:00,0
8/8/2022 19:00,0
8/8/2022 20:00,0
8/8/2022 21:00,0
8/8/2022 22:00,0
8/8/2022 23:00,48.797
8/9/2022 0:00,199
8/9/2022 1:00,315.25
8/9/2022 2:00,431.75
8/9/2022 3:00,540
8/9/2022 4:00,682
8/9/2022 5:00,735
8/9/2022 6:00,682.25
8/9/2022 7:00,552
8/9/2022 8:00,362.5
8/9/2022 9:00,197.188
8/9/2022 10:00,63.422
8/9/2022 11:00,0.324
8/9/2022 12:00,0
8/9/2022 13:00,0
8/9/2022 14:00,0
8/9/2022 15:00,0
8/9/2022 16:00,0
8/9/2022 17:00,0
8/9/2022 18:00,0
8/9/2022 19:00,0
8/9/2022 20:00,0
8/9/2022 21:00,0
8/9/2022 22:00,0
8/9/2022 23:00,32.828
8/10/2022 0:00,123.156
8/10/2022 1:00,224.688
8/10/2022 2:00,328.375
8/10/2022 3:00,408.875
8/10/2022 4:00,460.875
8/10/2022 5:00,460.25
8/10/2022 6:00,387.375
8/10/2022 7:00,307.75
8/10/2022 8:00,212.938
8/10/2022 9:00,123.188
8/10/2022 10:00,38.031
8/10/2022 11:00,0.194
8/10/2022 12:00,0
8/10/2022 13:00,0
8/10/2022 14:00,0
8/10/2022 15:00,0
8/10/2022 16:00,0
8/10/2022 17:00,0
8/10/2022 18:00,0
8/10/2022 19:00,0
8/10/2022 20:00,0
8/10/2022 21:00,0
8/10/2022 22:00,0
8/10/2022 23:00,30.023
8/11/2022 0:00,136.5
8/11/2022 1:00,251.438
8/11/2022 2:00,363.25
8/11/2022 3:00,519.5
8/11/2022 4:00,640.25
8/11/2022 5:00,705
8/11/2022 6:00,649.25
8/11/2022 7:00,518.75
8/11/2022 8:00,370.25
8/11/2022 9:00,179.188
8/11/2022 10:00,47.234
8/11/2022 11:00,0.223
8/11/2022 12:00,0
8/11/2022 13:00,0
8/11/2022 14:00,0
8/11/2022 15:00,0
8/11/2022 16:00,0
8/11/2022 17:00,0
8/11/2022 18:00,0
8/11/2022 19:00,0
8/11/2022 20:00,0
8/11/2022 21:00,0
8/11/2022 22:00,0
8/11/2022 23:00,28.289
8/12/2022 0:00,119.594
8/12/2022 1:00,218.625
8/12/2022 2:00,270.5
8/12/2022 3:00,308.75
8/12/2022 4:00,351.75
8/12/2022 5:00,381.375
8/12/2022 6:00,364.625
8/12/2022 7:00,298.625
8/12/2022 8:00,194.312
8/12/2022 9:00,96.344
8/12/2022 10:00,27.156
8/12/2022 11:00,0.126
8/12/2022 12:00,0
8/12/2022 13:00,0
8/12/2022 14:00,0
8/12/2022 15:00,0
8/12/2022 16:00,0
8/12/2022 17:00,0
8/12/2022 18:00,0
8/12/2022 19:00,0
8/12/2022 20:00,0
8/12/2022 21:00,0
8/12/2022 22:00,0
8/12/2022 23:00,22.312
8/13/2022 0:00,100.938
8/13/2022 1:00,188.812
8/13/2022 2:00,309.875
8/13/2022 3:00,391.625
8/13/2022 4:00,453.75
8/13/2022 5:00,454.375
8/13/2022 6:00,421
8/13/2022 7:00,347.25
8/13/2022 8:00,233.062
8/13/2022 9:00,139.375
8/13/2022 10:00,50.875
8/13/2022 11:00,0.272
8/13/2022 12:00,0
8/13/2022 13:00,0
8/13/2022 14:00,0
8/13/2022 15:00,0
8/13/2022 16:00,0
8/13/2022 17:00,0
8/13/2022 18:00,0
8/13/2022 19:00,0
8/13/2022 20:00,0
8/13/2022 21:00,0
8/13/2022 22:00,0
8/13/2022 23:00,60.312
8/14/2022 0:00,246.875
8/14/2022 1:00,430.125
8/14/2022 2:00,605.75
8/14/2022 3:00,733.25
8/14/2022 4:00,809.25
8/14/2022 5:00,804.75
8/14/2022 6:00,745.5
8/14/2022 7:00,596.5
8/14/2022 8:00,412.75
8/14/2022 9:00,226.812
8/14/2022 10:00,63.688
8/14/2022 11:00,0.302
8/14/2022 12:00,0
8/14/2022 13:00,0
8/14/2022 14:00,0
8/14/2022 15:00,0
8/14/2022 16:00,0
8/14/2022 17:00,0
8/14/2022 18:00,0
8/14/2022 19:00,0
8/14/2022 20:00,0
8/14/2022 21:00,0
8/14/2022 22:00,0
8/14/2022 23:00,27.312
8/15/2022 0:00,120.562
8/15/2022 1:00,230.5
8/15/2022 2:00,381
8/15/2022 3:00,514.5
8/15/2022 4:00,576
8/15/2022 5:00,583.75
8/15/2022 6:00,490.125
8/15/2022 7:00,338.375
8/15/2022 8:00,226.125
8/15/2022 9:00,128.562
8/15/2022 10:00,42.422
8/15/2022 11:00,0.19
8/15/2022 12:00,0
8/15/2022 13:00,0
8/15/2022 14:00,0
8/15/2022 15:00,0
8/15/2022 16:00,0
8/15/2022 17:00,0
8/15/2022 18:00,0
8/15/2022 19:00,0
8/15/2022 20:00,0
8/15/2022 21:00,0
8/15/2022 22:00,0
8/15/2022 23:00,24.305
8/16/2022 0:00,100.031
8/16/2022 1:00,199.625
8/16/2022 2:00,326
8/16/2022 3:00,435.875
8/16/2022 4:00,519
8/16/2022 5:00,570.75
8/16/2022 6:00,559
8/16/2022 7:00,453.75
8/16/2022 8:00,300.75
8/16/2022 9:00,148.438
8/16/2022 10:00,39.234
8/16/2022 11:00,0.184
8/16/2022 12:00,0
8/16/2022 13:00,0
8/16/2022 14:00,0
8/16/2022 15:00,0
8/16/2022 16:00,0
8/16/2022 17:00,0
8/16/2022 18:00,0
8/16/2022 19:00,0
8/16/2022 20:00,0
8/16/2022 21:00,0
8/16/2022 22:00,0
8/16/2022 23:00,29.539
8/17/2022 0:00,146.188
8/17/2022 1:00,306.5
8/17/2022 2:00,441.625
8/17/2022 3:00,573.25
8/17/2022 4:00,628.25
8/17/2022 5:00,582
8/17/2022 6:00,467.5
8/17/2022 7:00,388.5
8/17/2022 8:00,275.375
8/17/2022 9:00,149.062
8/17/2022 10:00,42.297
8/17/2022 11:00,0.165
8/17/2022 12:00,0
8/17/2022 13:00,0
8/17/2022 14:00,0
8/17/2022 15:00,0
8/17/2022 16:00,0
8/17/2022 17:00,0
8/17/2022 18:00,0
8/17/2022 19:00,0
8/17/2022 20:00,0
8/17/2022 21:00,0
8/17/2022 22:00,0
8/17/2022 23:00,34.688
8/18/2022 0:00,157.812
8/18/2022 1:00,325.5
8/18/2022 2:00,470.25
8/18/2022 3:00,597.5
8/18/2022 4:00,623.5
8/18/2022 5:00,598
8/18/2022 6:00,552.25
8/18/2022 7:00,475.25
8/18/2022 8:00,360.875
8/18/2022 9:00,213.812
8/18/2022 10:00,60.297
8/18/2022 11:00,0.218
8/18/2022 12:00,0
8/18/2022 13:00,0
8/18/2022 14:00,0
8/18/2022 15:00,0
8/18/2022 16:00,0
8/18/2022 17:00,0
8/18/2022 18:00,0
8/18/2022 19:00,0
8/18/2022 20:00,0
8/18/2022 21:00,0
8/18/2022 22:00,0
8/18/2022 23:00,31.328
8/19/2022 0:00,146.812
8/19/2022 1:00,303.875
8/19/2022 2:00,449.75
8/19/2022 3:00,547
8/19/2022 4:00,525
8/19/2022 5:00,476.125
8/19/2022 6:00,387.75
8/19/2022 7:00,320.375
8/19/2022 8:00,254.125
8/19/2022 9:00,148.062
8/19/2022 10:00,43.25
8/19/2022 11:00,0.212
8/19/2022 12:00,0
8/19/2022 13:00,0
8/19/2022 14:00,0
8/19/2022 15:00,0
8/19/2022 16:00,0
8/19/2022 17:00,0
8/19/2022 18:00,0
8/19/2022 19:00,0
8/19/2022 20:00,0
8/19/2022 21:00,0
8/19/2022 22:00,0
8/19/2022 23:00,23.062
8/20/2022 0:00,117.219
8/20/2022 1:00,237
8/20/2022 2:00,325.75
8/20/2022 3:00,391.875
8/20/2022 4:00,424
8/20/2022 5:00,461.375
8/20/2022 6:00,454.125
8/20/2022 7:00,452
8/20/2022 8:00,309.875
8/20/2022 9:00,145.312
8/20/2022 10:00,33.922
8/20/2022 11:00,0.135
8/20/2022 12:00,0
8/20/2022 13:00,0
8/20/2022 14:00,0
8/20/2022 15:00,0
8/20/2022 16:00,0
8/20/2022 17:00,0
8/20/2022 18:00,0
8/20/2022 19:00,0
8/20/2022 20:00,0
8/20/2022 21:00,0
8/20/2022 22:00,0
8/20/2022 23:00,27.883
8/21/2022 0:00,127.406
8/21/2022 1:00,255.438
8/21/2022 2:00,437.875
8/21/2022 3:00,573.25
8/21/2022 4:00,627.75
8/21/2022 5:00,617
8/21/2022 6:00,570.75
8/21/2022 7:00,506.625
8/21/2022 8:00,373.25
8/21/2022 9:00,214.5
8/21/2022 10:00,64.781
8/21/2022 11:00,0.272
8/21/2022 12:00,0
8/21/2022 13:00,0
8/21/2022 14:00,0
8/21/2022 15:00,0
8/21/2022 16:00,0
8/21/2022 17:00,0
8/21/2022 18:00,0
8/21/2022 19:00,0
8/21/2022 20:00,0
8/21/2022 21:00,0
8/21/2022 22:00,0
8/21/2022 23:00,23.734
8/22/2022 0:00,105.562
8/22/2022 1:00,205
8/22/2022 2:00,305.625
8/22/2022 3:00,378.75
8/22/2022 4:00,465.25
8/22/2022 5:00,515
8/22/2022 6:00,516.5
8/22/2022 7:00,454.75
8/22/2022 8:00,344.125
8/22/2022 9:00,191.5
8/22/2022 10:00,61.266
8/22/2022 11:00,0.26
8/22/2022 12:00,0
8/22/2022 13:00,0
8/22/2022 14:00,0
8/22/2022 15:00,0
8/22/2022 16:00,0
8/22/2022 17:00,0
8/22/2022 18:00,0
8/22/2022 19:00,0
8/22/2022 20:00,0
8/22/2022 21:00,0
8/22/2022 22:00,0
8/22/2022 23:00,35.625
8/23/2022 0:00,156.062
8/23/2022 1:00,291.625
8/23/2022 2:00,413.125
8/23/2022 3:00,492.875
8/23/2022 4:00,544.75
8/23/2022 5:00,526.75
8/23/2022 6:00,411
8/23/2022 7:00,317
8/23/2022 8:00,214.938
8/23/2022 9:00,117.875
8/23/2022 10:00,35.406
8/23/2022 11:00,0.172
8/23/2022 12:00,0
8/23/2022 13:00,0
8/23/2022 14:00,0
8/23/2022 15:00,0
8/23/2022 16:00,0
8/23/2022 17:00,0
8/23/2022 18:00,0
8/23/2022 19:00,0
8/23/2022 20:00,0
8/23/2022 21:00,0
8/23/2022 22:00,0
8/23/2022 23:00,34.125
8/24/2022 0:00,159.25
8/24/2022 1:00,297
8/24/2022 2:00,408.125
8/24/2022 3:00,461
8/24/2022 4:00,497.5
8/24/2022 5:00,510
8/24/2022 6:00,479.375
8/24/2022 7:00,416.25
8/24/2022 8:00,304.75
8/24/2022 9:00,172.375
8/24/2022 10:00,48.531
8/24/2022 11:00,0.197
8/24/2022 12:00,0
8/24/2022 13:00,0
8/24/2022 14:00,0
8/24/2022 15:00,0
8/24/2022 16:00,0
8/24/2022 17:00,0
8/24/2022 18:00,0
8/24/2022 19:00,0
8/24/2022 20:00,0
8/24/2022 21:00,0
8/24/2022 22:00,0
8/24/2022 23:00,25.867
8/25/2022 0:00,99.781
8/25/2022 1:00,185
8/25/2022 2:00,264.375
8/25/2022 3:00,278.875
8/25/2022 4:00,300.25
8/25/2022 5:00,316.875
8/25/2022 6:00,319.875
8/25/2022 7:00,240.562
8/25/2022 8:00,196.125
8/25/2022 9:00,135.875
8/25/2022 10:00,45.422
8/25/2022 11:00,0.193
8/25/2022 12:00,0
8/25/2022 13:00,0
8/25/2022 14:00,0
8/25/2022 15:00,0
8/25/2022 16:00,0
8/25/2022 17:00,0
8/25/2022 18:00,0
8/25/2022 19:00,0
8/25/2022 20:00,0
8/25/2022 21:00,0
8/25/2022 22:00,0
8/25/2022 23:00,30.484
8/26/2022 0:00,138.125
8/26/2022 1:00,270
8/26/2022 2:00,385.625
8/26/2022 3:00,489.875
8/26/2022 4:00,519.5
8/26/2022 5:00,467.875
8/26/2022 6:00,383.5
8/26/2022 7:00,306.25
8/26/2022 8:00,210.75
8/26/2022 9:00,139.688
8/26/2022 10:00,44.844
8/26/2022 11:00,0.227
8/26/2022 12:00,0
8/26/2022 13:00,0
8/26/2022 14:00,0
8/26/2022 15:00,0
8/26/2022 16:00,0
8/26/2022 17:00,0
8/26/2022 18:00,0
8/26/2022 19:00,0
8/26/2022 20:00,0
8/26/2022 21:00,0
8/26/2022 22:00,0
8/26/2022 23:00,19.5
8/27/2022 0:00,93.719
8/27/2022 1:00,193
8/27/2022 2:00,300.625
8/27/2022 3:00,384.625
8/27/2022 4:00,426.875
8/27/2022 5:00,432.875
8/27/2022 6:00,419
8/27/2022 7:00,421.5
8/27/2022 8:00,337.25
8/27/2022 9:00,192.438
8/27/2022 10:00,42.875
8/27/2022 11:00,0.133
8/27/2022 12:00,0
8/27/2022 13:00,0
8/27/2022 14:00,0
8/27/2022 15:00,0
8/27/2022 16:00,0
8/27/2022 17:00,0
8/27/2022 18:00,0
8/27/2022 19:00,0
8/27/2022 20:00,0
8/27/2022 21:00,0
8/27/2022 22:00,0
8/27/2022 23:00,42.625
8/28/2022 0:00,215.188
8/28/2022 1:00,418.625
8/28/2022 2:00,589
8/28/2022 3:00,697.25
8/28/2022 4:00,727
8/28/2022 5:00,740.25
8/28/2022 6:00,678
8/28/2022 7:00,546.75
8/28/2022 8:00,412.375
8/28/2022 9:00,216.625
8/28/2022 10:00,60.75
8/28/2022 11:00,0.255
8/28/2022 12:00,0
8/28/2022 13:00,0
8/28/2022 14:00,0
8/28/2022 15:00,0
8/28/2022 16:00,0
8/28/2022 17:00,0
8/28/2022 18:00,0
8/28/2022 19:00,0
8/28/2022 20:00,0
8/28/2022 21:00,0
8/28/2022 22:00,0
8/28/2022 23:00,31.766
8/29/2022 0:00,131.438
8/29/2022 1:00,244.25
8/29/2022 2:00,347.5
8/29/2022 3:00,409.375
8/29/2022 4:00,433.25
8/29/2022 5:00,410.625
8/29/2022 6:00,356.875
8/29/2022 7:00,264
8/29/2022 8:00,182.188
8/29/2022 9:00,102.969
8/29/2022 10:00,30.188
8/29/2022 11:00,0.138
8/29/2022 12:00,0
8/29/2022 13:00,0
8/29/2022 14:00,0
8/29/2022 15:00,0
8/29/2022 16:00,0
8/29/2022 17:00,0
8/29/2022 18:00,0
8/29/2022 19:00,0
8/29/2022 20:00,0
8/29/2022 21:00,0
8/29/2022 22:00,0
8/29/2022 23:00,32.062
8/30/2022 0:00,133.625
8/30/2022 1:00,241.438
8/30/2022 2:00,328.125
8/30/2022 3:00,418.625
8/30/2022 4:00,472.75
8/30/2022 5:00,472.625
8/30/2022 6:00,437.625
8/30/2022 7:00,339.25
8/30/2022 8:00,219.75
8/30/2022 9:00,112.344
8/30/2022 10:00,29.531
8/30/2022 11:00,0.109
8/30/2022 12:00,0
8/30/2022 13:00,0
8/30/2022 14:00,0
8/30/2022 15:00,0
8/30/2022 16:00,0
8/30/2022 17:00,0
8/30/2022 18:00,0
8/30/2022 19:00,0
8/30/2022 20:00,0
8/30/2022 21:00,0
8/30/2022 22:00,0
8/30/2022 23:00,32.766
8/31/2022 0:00,144.75
8/31/2022 1:00,269.625
8/31/2022 2:00,397.75
8/31/2022 3:00,493.75
8/31/2022 4:00,535.75
8/31/2022 5:00,533
8/31/2022 6:00,490.625
8/31/2022 7:00,368.25
8/31/2022 8:00,220.375
8/31/2022 9:00,127.344
8/31/2022 10:00,40.234
8/31/2022 11:00,0.178
8/31/2022 12:00,0
8/31/2022 13:00,0
8/31/2022 14:00,0
8/31/2022 15:00,0
8/31/2022 16:00,0
8/31/2022 17:00,0
8/31/2022 18:00,0
8/31/2022 19:00,0
8/31/2022 20:00,0
8/31/2022 21:00,0
8/31/2022 22:00,0
8/31/2022 23:00,28.328
9/1/2022 0:00,131.875
9/1/2022 1:00,264.25
9/1/2022 2:00,411.25
9/1/2022 3:00,558.5
9/1/2022 4:00,621.25
9/1/2022 5:00,594.75
9/1/2022 6:00,533.75
9/1/2022 7:00,430
9/1/2022 8:00,299
9/1/2022 9:00,163.188
9/1/2022 10:00,45.797
9/1/2022 11:00,0.231
9/1/2022 12:00,0
9/1/2022 13:00,0
9/1/2022 14:00,0
9/1/2022 15:00,0
9/1/2022 16:00,0
9/1/2022 17:00,0
9/1/2022 18:00,0
9/1/2022 19:00,0
9/1/2022 20:00,0
9/1/2022 21:00,0
9/1/2022 22:00,0
9/1/2022 23:00,36.812
9/2/2022 0:00,178.062
9/2/2022 1:00,364.5
9/2/2022 2:00,556.25
9/2/2022 3:00,701.5
9/2/2022 4:00,807.25
9/2/2022 5:00,823
9/2/2022 6:00,773.75
9/2/2022 7:00,644.25
9/2/2022 8:00,435.5
9/2/2022 9:00,253.625
9/2/2022 10:00,77.969
9/2/2022 11:00,0.323
9/2/2022 12:00,0
9/2/2022 13:00,0
9/2/2022 14:00,0
9/2/2022 15:00,0
9/2/2022 16:00,0
9/2/2022 17:00,0
9/2/2022 18:00,0
9/2/2022 19:00,0
9/2/2022 20:00,0
9/2/2022 21:00,0
9/2/2022 22:00,0
9/2/2022 23:00,53.672
9/3/2022 0:00,215.75
9/3/2022 1:00,381.375
9/3/2022 2:00,562
9/3/2022 3:00,704.75
9/3/2022 4:00,744.5
9/3/2022 5:00,712.25
9/3/2022 6:00,600.25
9/3/2022 7:00,409.75
9/3/2022 8:00,270.625
9/3/2022 9:00,149.312
9/3/2022 10:00,39.516
9/3/2022 11:00,0.135
9/3/2022 12:00,0
9/3/2022 13:00,0
9/3/2022 14:00,0
9/3/2022 15:00,0
9/3/2022 16:00,0
9/3/2022 17:00,0
9/3/2022 18:00,0
9/3/2022 19:00,0
9/3/2022 20:00,0
9/3/2022 21:00,0
9/3/2022 22:00,0
9/3/2022 23:00,26.672
9/4/2022 0:00,136.25
9/4/2022 1:00,291.375
9/4/2022 2:00,423.625
9/4/2022 3:00,524
9/4/2022 4:00,612.5
9/4/2022 5:00,631.75
9/4/2022 6:00,576
9/4/2022 7:00,473.875
9/4/2022 8:00,331.625
9/4/2022 9:00,165.375
9/4/2022 10:00,40.219
9/4/2022 11:00,0.125
9/4/2022 12:00,0
9/4/2022 13:00,0
9/4/2022 14:00,0
9/4/2022 15:00,0
9/4/2022 16:00,0
9/4/2022 17:00,0
9/4/2022 18:00,0
9/4/2022 19:00,0
9/4/2022 20:00,0
9/4/2022 21:00,0
9/4/2022 22:00,0
9/4/2022 23:00,28.641
9/5/2022 0:00,123.25
9/5/2022 1:00,243.062
9/5/2022 2:00,388
9/5/2022 3:00,495.375
9/5/2022 4:00,561.5
9/5/2022 5:00,558.75
9/5/2022 6:00,506.75
9/5/2022 7:00,430.125
9/5/2022 8:00,310.5
9/5/2022 9:00,163.25
9/5/2022 10:00,48.641
9/5/2022 11:00,0.197
9/5/2022 12:00,0
9/5/2022 13:00,0
9/5/2022 14:00,0
9/5/2022 15:00,0
9/5/2022 16:00,0
9/5/2022 17:00,0
9/5/2022 18:00,0
9/5/2022 19:00,0
9/5/2022 20:00,0
9/5/2022 21:00,0
9/5/2022 22:00,0
9/5/2022 23:00,26.414
9/6/2022 0:00,124.375
9/6/2022 1:00,255
9/6/2022 2:00,357.25
9/6/2022 3:00,457
9/6/2022 4:00,549.5
9/6/2022 5:00,582.5
9/6/2022 6:00,577.25
9/6/2022 7:00,527.25
9/6/2022 8:00,402.875
9/6/2022 9:00,227.188
9/6/2022 10:00,59
9/6/2022 11:00,0.218
9/6/2022 12:00,0
9/6/2022 13:00,0
9/6/2022 14:00,0
9/6/2022 15:00,0
9/6/2022 16:00,0
9/6/2022 17:00,0
9/6/2022 18:00,0
9/6/2022 19:00,0
9/6/2022 20:00,0
9/6/2022 21:00,0
9/6/2022 22:00,0
9/6/2022 23:00,48.375
9/7/2022 0:00,209.688
9/7/2022 1:00,360.625
9/7/2022 2:00,534.75
9/7/2022 3:00,688.75
9/7/2022 4:00,752.25
9/7/2022 5:00,696.5
9/7/2022 6:00,621
9/7/2022 7:00,455.875
9/7/2022 8:00,287.125
9/7/2022 9:00,167.75
9/7/2022 10:00,52.219
9/7/2022 11:00,0.169
9/7/2022 12:00,0
9/7/2022 13:00,0
9/7/2022 14:00,0
9/7/2022 15:00,0
9/7/2022 16:00,0
9/7/2022 17:00,0
9/7/2022 18:00,0
9/7/2022 19:00,0
9/7/2022 20:00,0
9/7/2022 21:00,0
9/7/2022 22:00,0
9/7/2022 23:00,22.219
9/8/2022 0:00,87.156
9/8/2022 1:00,167.375
9/8/2022 2:00,267.375
9/8/2022 3:00,370.75
9/8/2022 4:00,425.75
9/8/2022 5:00,402.875
9/8/2022 6:00,333.75
9/8/2022 7:00,267.25
9/8/2022 8:00,195.125
9/8/2022 9:00,116.031
9/8/2022 10:00,35.484
9/8/2022 11:00,0.147
9/8/2022 12:00,0
9/8/2022 13:00,0
9/8/2022 14:00,0
9/8/2022 15:00,0
9/8/2022 16:00,0
9/8/2022 17:00,0
9/8/2022 18:00,0
9/8/2022 19:00,0
9/8/2022 20:00,0
9/8/2022 21:00,0
9/8/2022 22:00,0
9/8/2022 23:00,23.742
9/9/2022 0:00,116.562
9/9/2022 1:00,243.75
9/9/2022 2:00,346.625
9/9/2022 3:00,437.875
9/9/2022 4:00,472.25
9/9/2022 5:00,419.375
9/9/2022 6:00,337.5
9/9/2022 7:00,255.062
9/9/2022 8:00,181.938
9/9/2022 9:00,102.938
9/9/2022 10:00,29.414
9/9/2022 11:00,0.099
9/9/2022 12:00,0
9/9/2022 13:00,0
9/9/2022 14:00,0
9/9/2022 15:00,0
9/9/2022 16:00,0
9/9/2022 17:00,0
9/9/2022 18:00,0
9/9/2022 19:00,0
9/9/2022 20:00,0
9/9/2022 21:00,0
9/9/2022 22:00,0
9/9/2022 23:00,35.875
9/10/2022 0:00,148.312
9/10/2022 1:00,277.625
9/10/2022 2:00,433.875
9/10/2022 3:00,564
9/10/2022 4:00,640.75
9/10/2022 5:00,676.25
9/10/2022 6:00,615.75
9/10/2022 7:00,553
9/10/2022 8:00,411.875
9/10/2022 9:00,225.188
9/10/2022 10:00,66.781
9/10/2022 11:00,0.231
9/10/2022 12:00,0
9/10/2022 13:00,0
9/10/2022 14:00,0
9/10/2022 15:00,0
9/10/2022 16:00,0
9/10/2022 17:00,0
9/10/2022 18:00,0
9/10/2022 19:00,0
9/10/2022 20:00,0
9/10/2022 21:00,0
9/10/2022 22:00,0
9/10/2022 23:00,23.68
9/11/2022 0:00,119.031
9/11/2022 1:00,240.562
9/11/2022 2:00,352.875
9/11/2022 3:00,494.5
9/11/2022 4:00,582.5
9/11/2022 5:00,577
9/11/2022 6:00,491.125
9/11/2022 7:00,391
9/11/2022 8:00,267.5
9/11/2022 9:00,142.375
9/11/2022 10:00,41.172
9/11/2022 11:00,0.156
9/11/2022 12:00,0
9/11/2022 13:00,0
9/11/2022 14:00,0
9/11/2022 15:00,0
9/11/2022 16:00,0
9/11/2022 17:00,0
9/11/2022 18:00,0
9/11/2022 19:00,0
9/11/2022 20:00,0
9/11/2022 21:00,0
9/11/2022 22:00,0
9/11/2022 23:00,42.5
9/12/2022 0:00,183.312
9/12/2022 1:00,346
9/12/2022 2:00,487.875
9/12/2022 3:00,621.5
9/12/2022 4:00,723.25
9/12/2022 5:00,710.25
9/12/2022 6:00,623.75
9/12/2022 7:00,531.25
9/12/2022 8:00,409.625
9/12/2022 9:00,235.438
9/12/2022 10:00,69.594
9/12/2022 11:00,0.249
9/12/2022 12:00,0
9/12/2022 13:00,0
9/12/2022 14:00,0
9/12/2022 15:00,0
9/12/2022 16:00,0
9/12/2022 17:00,0
9/12/2022 18:00,0
9/12/2022 19:00,0
9/12/2022 20:00,0
9/12/2022 21:00,0
9/12/2022 22:00,0
9/12/2022 23:00,31.742
9/13/2022 0:00,130.5
9/13/2022 1:00,247.75
9/13/2022 2:00,362
9/13/2022 3:00,423.75
9/13/2022 4:00,434.125
9/13/2022 5:00,422.375
9/13/2022 6:00,364.125
9/13/2022 7:00,280
9/13/2022 8:00,181.625
9/13/2022 9:00,98.812
9/13/2022 10:00,28.75
9/13/2022 11:00,0.098
9/13/2022 12:00,0
9/13/2022 13:00,0
9/13/2022 14:00,0
9/13/2022 15:00,0
9/13/2022 16:00,0
9/13/2022 17:00,0
9/13/2022 18:00,0
9/13/2022 19:00,0
9/13/2022 20:00,0
9/13/2022 21:00,0
9/13/2022 22:00,0
9/13/2022 23:00,24.078
9/14/2022 0:00,104.781
9/14/2022 1:00,222.375
9/14/2022 2:00,364.5
9/14/2022 3:00,557
9/14/2022 4:00,669.25
9/14/2022 5:00,613
9/14/2022 6:00,455.25
9/14/2022 7:00,302.625
9/14/2022 8:00,211.938
9/14/2022 9:00,136.375
9/14/2022 10:00,44.922
9/14/2022 11:00,0.139
9/14/2022 12:00,0
9/14/2022 13:00,0
9/14/2022 14:00,0
9/14/2022 15:00,0
9/14/2022 16:00,0
9/14/2022 17:00,0
9/14/2022 18:00,0
9/14/2022 19:00,0
9/14/2022 20:00,0
9/14/2022 21:00,0
9/14/2022 22:00,0
9/14/2022 23:00,24.602
9/15/2022 0:00,101.969
9/15/2022 1:00,192.938
9/15/2022 2:00,282
9/15/2022 3:00,351.875
9/15/2022 4:00,409.25
9/15/2022 5:00,400.125
9/15/2022 6:00,369.625
9/15/2022 7:00,289.625
9/15/2022 8:00,188.25
9/15/2022 9:00,109.844
9/15/2022 10:00,31.07
9/15/2022 11:00,0.096
9/15/2022 12:00,0
9/15/2022 13:00,0
9/15/2022 14:00,0
9/15/2022 15:00,0
9/15/2022 16:00,0
9/15/2022 17:00,0
9/15/2022 18:00,0
9/15/2022 19:00,0
9/15/2022 20:00,0
9/15/2022 21:00,0
9/15/2022 22:00,0
9/15/2022 23:00,34.844
9/16/2022 0:00,159.688
9/16/2022 1:00,334.375
9/16/2022 2:00,494.875
9/16/2022 3:00,594.5
9/16/2022 4:00,638
9/16/2022 5:00,653.5
9/16/2022 6:00,603.75
9/16/2022 7:00,496.25
9/16/2022 8:00,349.375
9/16/2022 9:00,187.938
9/16/2022 10:00,53.016
9/16/2022 11:00,0.139
9/16/2022 12:00,0
9/16/2022 13:00,0
9/16/2022 14:00,0
9/16/2022 15:00,0
9/16/2022 16:00,0
9/16/2022 17:00,0
9/16/2022 18:00,0
9/16/2022 19:00,0
9/16/2022 20:00,0
9/16/2022 21:00,0
9/16/2022 22:00,0
9/16/2022 23:00,28.055
9/17/2022 0:00,126.844
9/17/2022 1:00,236.062
9/17/2022 2:00,331.875
9/17/2022 3:00,406.875
9/17/2022 4:00,458.125
9/17/2022 5:00,450.75
9/17/2022 6:00,417.375
9/17/2022 7:00,351.375
9/17/2022 8:00,268.375
9/17/2022 9:00,164.062
9/17/2022 10:00,49.984
9/17/2022 11:00,0.146
9/17/2022 12:00,0
9/17/2022 13:00,0
9/17/2022 14:00,0
9/17/2022 15:00,0
9/17/2022 16:00,0
9/17/2022 17:00,0
9/17/2022 18:00,0
9/17/2022 19:00,0
9/17/2022 20:00,0
9/17/2022 21:00,0
9/17/2022 22:00,0
9/17/2022 23:00,28.531
9/18/2022 0:00,131.062
9/18/2022 1:00,284.375
9/18/2022 2:00,431.75
9/18/2022 3:00,525.75
9/18/2022 4:00,549.25
9/18/2022 5:00,458.125
9/18/2022 6:00,361.5
9/18/2022 7:00,272.125
9/18/2022 8:00,193.375
9/18/2022 9:00,106.344
9/18/2022 10:00,31.508
9/18/2022 11:00,0.091
9/18/2022 12:00,0
9/18/2022 13:00,0
9/18/2022 14:00,0
9/18/2022 15:00,0
9/18/2022 16:00,0
9/18/2022 17:00,0
9/18/2022 18:00,0
9/18/2022 19:00,0
9/18/2022 20:00,0
9/18/2022 21:00,0
9/18/2022 22:00,0
9/18/2022 23:00,25.539
9/19/2022 0:00,125.719
9/19/2022 1:00,281.25
9/19/2022 2:00,421.125
9/19/2022 3:00,535
9/19/2022 4:00,597
9/19/2022 5:00,632.75
9/19/2022 6:00,601
9/19/2022 7:00,475.125
9/19/2022 8:00,306
9/19/2022 9:00,162.562
9/19/2022 10:00,45.891
9/19/2022 11:00,0.149
9/19/2022 12:00,0
9/19/2022 13:00,0
9/19/2022 14:00,0
9/19/2022 15:00,0
9/19/2022 16:00,0
9/19/2022 17:00,0
9/19/2022 18:00,0
9/19/2022 19:00,0
9/19/2022 20:00,0
9/19/2022 21:00,0
9/19/2022 22:00,0
9/19/2022 23:00,30.062
9/20/2022 0:00,136.5
9/20/2022 1:00,279
9/20/2022 2:00,436.75
9/20/2022 3:00,570.5
9/20/2022 4:00,635.5
9/20/2022 5:00,641.75
9/20/2022 6:00,568
9/20/2022 7:00,449.625
9/20/2022 8:00,301.375
9/20/2022 9:00,163.188
9/20/2022 10:00,44.391
9/20/2022 11:00,0.14
9/20/2022 12:00,0
9/20/2022 13:00,0
9/20/2022 14:00,0
9/20/2022 15:00,0
9/20/2022 16:00,0
9/20/2022 17:00,0
9/20/2022 18:00,0
9/20/2022 19:00,0
9/20/2022 20:00,0
9/20/2022 21:00,0
9/20/2022 22:00,0
9/20/2022 23:00,41.672
9/21/2022 0:00,196.938
9/21/2022 1:00,372.75
9/21/2022 2:00,504.875
9/21/2022 3:00,613
9/21/2022 4:00,692.5
9/21/2022 5:00,658.5
9/21/2022 6:00,607
9/21/2022 7:00,498.25
9/21/2022 8:00,360.875
9/21/2022 9:00,204.5
9/21/2022 10:00,52.547
9/21/2022 11:00,0.134
9/21/2022 12:00,0
9/21/2022 13:00,0
9/21/2022 14:00,0
9/21/2022 15:00,0
9/21/2022 16:00,0
9/21/2022 17:00,0
9/21/2022 18:00,0
9/21/2022 19:00,0
9/21/2022 20:00,0
9/21/2022 21:00,0
9/21/2022 22:00,0
9/21/2022 23:00,38.25
9/22/2022 0:00,166.312
9/22/2022 1:00,297.25
9/22/2022 2:00,409.25
9/22/2022 3:00,470.125
9/22/2022 4:00,487.875
9/22/2022 5:00,445.375
9/22/2022 6:00,413.625
9/22/2022 7:00,337.25
9/22/2022 8:00,249.5
9/22/2022 9:00,142.938
9/22/2022 10:00,46.156
9/22/2022 11:00,0.168
9/22/2022 12:00,0
9/22/2022 13:00,0
9/22/2022 14:00,0
9/22/2022 15:00,0
9/22/2022 16:00,0
9/22/2022 17:00,0
9/22/2022 18:00,0
9/22/2022 19:00,0
9/22/2022 20:00,0
9/22/2022 21:00,0
9/22/2022 22:00,0
9/22/2022 23:00,21.328
9/23/2022 0:00,104.844
9/23/2022 1:00,209.938
9/23/2022 2:00,326.125
9/23/2022 3:00,426.75
9/23/2022 4:00,470.75
9/23/2022 5:00,492.875
9/23/2022 6:00,436.75
9/23/2022 7:00,360.625
9/23/2022 8:00,233.938
9/23/2022 9:00,115.5
9/23/2022 10:00,30.305
9/23/2022 11:00,0.071
9/23/2022 12:00,0
9/23/2022 13:00,0
9/23/2022 14:00,0
9/23/2022 15:00,0
9/23/2022 16:00,0
9/23/2022 17:00,0
9/23/2022 18:00,0
9/23/2022 19:00,0
9/23/2022 20:00,0
9/23/2022 21:00,0
9/23/2022 22:00,0
9/23/2022 23:00,29.211
9/24/2022 0:00,136.125
9/24/2022 1:00,283.75
9/24/2022 2:00,400.75
9/24/2022 3:00,505
9/24/2022 4:00,601
9/24/2022 5:00,646.5
9/24/2022 6:00,606.75
9/24/2022 7:00,493.75
9/24/2022 8:00,339
9/24/2022 9:00,181.688
9/24/2022 10:00,53.141
9/24/2022 11:00,0.152
9/24/2022 12:00,0
9/24/2022 13:00,0
9/24/2022 14:00,0
9/24/2022 15:00,0
9/24/2022 16:00,0
9/24/2022 17:00,0
9/24/2022 18:00,0
9/24/2022 19:00,0
9/24/2022 20:00,0
9/24/2022 21:00,0
9/24/2022 22:00,0
9/24/2022 23:00,27.188
9/25/2022 0:00,127.625
9/25/2022 1:00,233.312
9/25/2022 2:00,319.625
9/25/2022 3:00,371.75
9/25/2022 4:00,410.125
9/25/2022 5:00,406.875
9/25/2022 6:00,383.375
9/25/2022 7:00,331.75
9/25/2022 8:00,245.375
9/25/2022 9:00,137.375
9/25/2022 10:00,39.172
9/25/2022 11:00,0.119
9/25/2022 12:00,0
9/25/2022 13:00,0
9/25/2022 14:00,0
9/25/2022 15:00,0
9/25/2022 16:00,0
9/25/2022 17:00,0
9/25/2022 18:00,0
9/25/2022 19:00,0
9/25/2022 20:00,0
9/25/2022 21:00,0
9/25/2022 22:00,0
9/25/2022 23:00,26.453
9/26/2022 0:00,116.312
9/26/2022 1:00,228.375
9/26/2022 2:00,338.5
9/26/2022 3:00,410.25
9/26/2022 4:00,440.75
9/26/2022 5:00,434
9/26/2022 6:00,379.125
9/26/2022 7:00,339.625
9/26/2022 8:00,242.125
9/26/2022 9:00,136.688
9/26/2022 10:00,41.281
9/26/2022 11:00,0.121
9/26/2022 12:00,0
9/26/2022 13:00,0
9/26/2022 14:00,0
9/26/2022 15:00,0
9/26/2022 16:00,0
9/26/2022 17:00,0
9/26/2022 18:00,0
9/26/2022 19:00,0
9/26/2022 20:00,0
9/26/2022 21:00,0
9/26/2022 22:00,0
9/26/2022 23:00,27.242
9/27/2022 0:00,128.812
9/27/2022 1:00,256.5
9/27/2022 2:00,403.875
9/27/2022 3:00,493
9/27/2022 4:00,563.75
9/27/2022 5:00,573.75
9/27/2022 6:00,541.25
9/27/2022 7:00,468.75
9/27/2022 8:00,320.75
9/27/2022 9:00,168.812
9/27/2022 10:00,39.516
9/27/2022 11:00,0.103
9/27/2022 12:00,0
9/27/2022 13:00,0
9/27/2022 14:00,0
9/27/2022 15:00,0
9/27/2022 16:00,0
9/27/2022 17:00,0
9/27/2022 18:00,0
9/27/2022 19:00,0
9/27/2022 20:00,0
9/27/2022 21:00,0
9/27/2022 22:00,0
9/27/2022 23:00,38.672
9/28/2022 0:00,177.188
9/28/2022 1:00,351.125
9/28/2022 2:00,504
9/28/2022 3:00,610.25
9/28/2022 4:00,662.25
9/28/2022 5:00,656.5
9/28/2022 6:00,592.25
9/28/2022 7:00,512.25
9/28/2022 8:00,380.75
9/28/2022 9:00,211.438
9/28/2022 10:00,59.641
9/28/2022 11:00,0.176
9/28/2022 12:00,0
9/28/2022 13:00,0
9/28/2022 14:00,0
9/28/2022 15:00,0
9/28/2022 16:00,0
9/28/2022 17:00,0
9/28/2022 18:00,0
9/28/2022 19:00,0
9/28/2022 20:00,0
9/28/2022 21:00,0
9/28/2022 22:00,0
9/28/2022 23:00,26.797
9/29/2022 0:00,122.094
9/29/2022 1:00,229.375
9/29/2022 2:00,313.375
9/29/2022 3:00,393.375
9/29/2022 4:00,428.5
9/29/2022 5:00,484.375
9/29/2022 6:00,519
9/29/2022 7:00,443.375
9/29/2022 8:00,316.375
9/29/2022 9:00,174.688
9/29/2022 10:00,51.109
9/29/2022 11:00,0.125
9/29/2022 12:00,0
9/29/2022 13:00,0
9/29/2022 14:00,0
9/29/2022 15:00,0
9/29/2022 16:00,0
9/29/2022 17:00,0
9/29/2022 18:00,0
9/29/2022 19:00,0
9/29/2022 20:00,0
9/29/2022 21:00,0
9/29/2022 22:00,0
9/29/2022 23:00,30.266
9/30/2022 0:00,129.875
9/30/2022 1:00,256.75
9/30/2022 2:00,373.625
9/30/2022 3:00,438.375
9/30/2022 4:00,473.5
9/30/2022 5:00,553.5
9/30/2022 6:00,606.75
9/30/2022 7:00,513.5
9/30/2022 8:00,339.125
9/30/2022 9:00,176.938
9/30/2022 10:00,51.953
9/30/2022 11:00,0.13
9/30/2022 12:00,0
9/30/2022 13:00,0
9/30/2022 14:00,0
9/30/2022 15:00,0
9/30/2022 16:00,0
9/30/2022 17:00,0
9/30/2022 18:00,0
9/30/2022 19:00,0
9/30/2022 20:00,0
9/30/2022 21:00,0
9/30/2022 22:00,0
9/30/2022 23:00,36.078
10/1/2022 0:00,150.5
10/1/2022 1:00,268.75
10/1/2022 2:00,377.625
10/1/2022 3:00,447.5
10/1/2022 4:00,452.125
10/1/2022 5:00,425.625
10/1/2022 6:00,385.5
10/1/2022 7:00,284.625
10/1/2022 8:00,197.938
10/1/2022 9:00,98.469
10/1/2022 10:00,28.094
10/1/2022 11:00,0.064
10/1/2022 12:00,0
10/1/2022 13:00,0
10/1/2022 14:00,0
10/1/2022 15:00,0
10/1/2022 16:00,0
10/1/2022 17:00,0
10/1/2022 18:00,0
10/1/2022 19:00,0
10/1/2022 20:00,0
10/1/2022 21:00,0
10/1/2022 22:00,0
10/1/2022 23:00,15.477
10/2/2022 0:00,79.312
10/2/2022 1:00,162.438
10/2/2022 2:00,261.375
10/2/2022 3:00,363.875
10/2/2022 4:00,430.5
10/2/2022 5:00,411.875
10/2/2022 6:00,392.5
10/2/2022 7:00,341.25
10/2/2022 8:00,253.312
10/2/2022 9:00,148.25
10/2/2022 10:00,41.219
10/2/2022 11:00,0.11
10/2/2022 12:00,0
10/2/2022 13:00,0
10/2/2022 14:00,0
10/2/2022 15:00,0
10/2/2022 16:00,0
10/2/2022 17:00,0
10/2/2022 18:00,0
10/2/2022 19:00,0
10/2/2022 20:00,0
10/2/2022 21:00,0
10/2/2022 22:00,0
10/2/2022 23:00,34.391
10/3/2022 0:00,154.25
10/3/2022 1:00,277
10/3/2022 2:00,404.125
10/3/2022 3:00,526.25
10/3/2022 4:00,565.75
10/3/2022 5:00,558.25
10/3/2022 6:00,482.375
10/3/2022 7:00,390.125
10/3/2022 8:00,240.312
10/3/2022 9:00,135.25
10/3/2022 10:00,38.078
10/3/2022 11:00,0.093
10/3/2022 12:00,0
10/3/2022 13:00,0
10/3/2022 14:00,0
10/3/2022 15:00,0
10/3/2022 16:00,0
10/3/2022 17:00,0
10/3/2022 18:00,0
10/3/2022 19:00,0
10/3/2022 20:00,0
10/3/2022 21:00,0
10/3/2022 22:00,0
10/3/2022 23:00,56.953
10/4/2022 0:00,264.125
10/4/2022 1:00,476.25
10/4/2022 2:00,686
10/4/2022 3:00,810.25
10/4/2022 4:00,863.75
10/4/2022 5:00,855.75
10/4/2022 6:00,791
10/4/2022 7:00,669.25
10/4/2022 8:00,460.125
10/4/2022 9:00,245.688
10/4/2022 10:00,69.906
10/4/2022 11:00,0.196
10/4/2022 12:00,0
10/4/2022 13:00,0
10/4/2022 14:00,0
10/4/2022 15:00,0
10/4/2022 16:00,0
10/4/2022 17:00,0
10/4/2022 18:00,0
10/4/2022 19:00,0
10/4/2022 20:00,0
10/4/2022 21:00,0
10/4/2022 22:00,0
10/4/2022 23:00,47.797
10/5/2022 0:00,212.688
10/5/2022 1:00,336.375
10/5/2022 2:00,435.25
10/5/2022 3:00,527
10/5/2022 4:00,595
10/5/2022 5:00,574.25
10/5/2022 6:00,496.125
10/5/2022 7:00,370
10/5/2022 8:00,258.875
10/5/2022 9:00,149.812
10/5/2022 10:00,44.766
10/5/2022 11:00,0.098
10/5/2022 12:00,0
10/5/2022 13:00,0
10/5/2022 14:00,0
10/5/2022 15:00,0
10/5/2022 16:00,0
10/5/2022 17:00,0
10/5/2022 18:00,0
10/5/2022 19:00,0
10/5/2022 20:00,0
10/5/2022 21:00,0
10/5/2022 22:00,0
10/5/2022 23:00,46.641
10/6/2022 0:00,205.75
10/6/2022 1:00,388.75
10/6/2022 2:00,547
10/6/2022 3:00,646
10/6/2022 4:00,687.75
10/6/2022 5:00,649.75
10/6/2022 6:00,551
10/6/2022 7:00,418.5
10/6/2022 8:00,276.875
10/6/2022 9:00,146.562
10/6/2022 10:00,40.359
10/6/2022 11:00,0.089
10/6/2022 12:00,0
10/6/2022 13:00,0
10/6/2022 14:00,0
10/6/2022 15:00,0
10/6/2022 16:00,0
10/6/2022 17:00,0
10/6/2022 18:00,0
10/6/2022 19:00,0
10/6/2022 20:00,0
10/6/2022 21:00,0
10/6/2022 22:00,0
10/6/2022 23:00,29.469
10/7/2022 0:00,137.5
10/7/2022 1:00,244.75
10/7/2022 2:00,330.5
10/7/2022 3:00,405.125
10/7/2022 4:00,431
10/7/2022 5:00,401.625
10/7/2022 6:00,349.875
10/7/2022 7:00,280.75
10/7/2022 8:00,197.062
10/7/2022 9:00,118.062
10/7/2022 10:00,34.984
10/7/2022 11:00,0.073
10/7/2022 12:00,0
10/7/2022 13:00,0
10/7/2022 14:00,0
10/7/2022 15:00,0
10/7/2022 16:00,0
10/7/2022 17:00,0
10/7/2022 18:00,0
10/7/2022 19:00,0
10/7/2022 20:00,0
10/7/2022 21:00,0
10/7/2022 22:00,0
10/7/2022 23:00,35.234
10/8/2022 0:00,174.938
10/8/2022 1:00,336.75
10/8/2022 2:00,469.625
10/8/2022 3:00,563
10/8/2022 4:00,585
10/8/2022 5:00,585
10/8/2022 6:00,521.75
10/8/2022 7:00,417
10/8/2022 8:00,282.25
10/8/2022 9:00,151.188
10/8/2022 10:00,42.016
10/8/2022 11:00,0.083
10/8/2022 12:00,0
10/8/2022 13:00,0
10/8/2022 14:00,0
10/8/2022 15:00,0
10/8/2022 16:00,0
10/8/2022 17:00,0
10/8/2022 18:00,0
10/8/2022 19:00,0
10/8/2022 20:00,0
10/8/2022 21:00,0
10/8/2022 22:00,0
10/8/2022 23:00,25.484
10/9/2022 0:00,120.75
10/9/2022 1:00,243.938
10/9/2022 2:00,396.5
10/9/2022 3:00,580.5
10/9/2022 4:00,725
10/9/2022 5:00,772.75
10/9/2022 6:00,754.75
10/9/2022 7:00,654
10/9/2022 8:00,453
10/9/2022 9:00,211.875
10/9/2022 10:00,45.891
10/9/2022 11:00,0.097
10/9/2022 12:00,0
10/9/2022 13:00,0
10/9/2022 14:00,0
10/9/2022 15:00,0
10/9/2022 16:00,0
10/9/2022 17:00,0
10/9/2022 18:00,0
10/9/2022 19:00,0
10/9/2022 20:00,0
10/9/2022 21:00,0
10/9/2022 22:00,0
10/9/2022 23:00,20.125
10/10/2022 0:00,89.125
10/10/2022 1:00,177.875
10/10/2022 2:00,272.25
10/10/2022 3:00,345.5
10/10/2022 4:00,432.25
10/10/2022 5:00,497.25
10/10/2022 6:00,528.25
10/10/2022 7:00,492.125
10/10/2022 8:00,348.625
10/10/2022 9:00,189.875
10/10/2022 10:00,52.516
10/10/2022 11:00,0.126
10/10/2022 12:00,0
10/10/2022 13:00,0
10/10/2022 14:00,0
10/10/2022 15:00,0
10/10/2022 16:00,0
10/10/2022 17:00,0
10/10/2022 18:00,0
10/10/2022 19:00,0
10/10/2022 20:00,0
10/10/2022 21:00,0
10/10/2022 22:00,0
10/10/2022 23:00,40.578
10/11/2022 0:00,168.062
10/11/2022 1:00,327.25
10/11/2022 2:00,419.5
10/11/2022 3:00,490.375
10/11/2022 4:00,500
10/11/2022 5:00,483.875
10/11/2022 6:00,434.625
10/11/2022 7:00,342.375
10/11/2022 8:00,258.375
10/11/2022 9:00,179.812
10/11/2022 10:00,49.109
10/11/2022 11:00,0.095
10/11/2022 12:00,0
10/11/2022 13:00,0
10/11/2022 14:00,0
10/11/2022 15:00,0
10/11/2022 16:00,0
10/11/2022 17:00,0
10/11/2022 18:00,0
10/11/2022 19:00,0
10/11/2022 20:00,0
10/11/2022 21:00,0
10/11/2022 22:00,0
10/11/2022 23:00,29.07
10/12/2022 0:00,132.5
10/12/2022 1:00,250.688
10/12/2022 2:00,353.25
10/12/2022 3:00,451.875
10/12/2022 4:00,581.25
10/12/2022 5:00,643.75
10/12/2022 6:00,598.25
10/12/2022 7:00,478.25
10/12/2022 8:00,295.625
10/12/2022 9:00,157.938
10/12/2022 10:00,43.375
10/12/2022 11:00,0.086
10/12/2022 12:00,0
10/12/2022 13:00,0
10/12/2022 14:00,0
10/12/2022 15:00,0
10/12/2022 16:00,0
10/12/2022 17:00,0
10/12/2022 18:00,0
10/12/2022 19:00,0
10/12/2022 20:00,0
10/12/2022 21:00,0
10/12/2022 22:00,0
10/12/2022 23:00,53.344
10/13/2022 0:00,236.25
10/13/2022 1:00,427.375
10/13/2022 2:00,612
10/13/2022 3:00,764
10/13/2022 4:00,841.75
10/13/2022 5:00,842.5
10/13/2022 6:00,773.5
10/13/2022 7:00,630.5
10/13/2022 8:00,454.75
10/13/2022 9:00,230.125
10/13/2022 10:00,56.797
10/13/2022 11:00,0.113
10/13/2022 12:00,0
10/13/2022 13:00,0
10/13/2022 14:00,0
10/13/2022 15:00,0
10/13/2022 16:00,0
10/13/2022 17:00,0
10/13/2022 18:00,0
10/13/2022 19:00,0
10/13/2022 20:00,0
10/13/2022 21:00,0
10/13/2022 22:00,0
10/13/2022 23:00,46.359
10/14/2022 0:00,204.312
10/14/2022 1:00,350.75
10/14/2022 2:00,450.75
10/14/2022 3:00,451.375
10/14/2022 4:00,362.25
10/14/2022 5:00,346.125
10/14/2022 6:00,345
10/14/2022 7:00,335.875
10/14/2022 8:00,294.375
10/14/2022 9:00,176.875
10/14/2022 10:00,56.297
10/14/2022 11:00,0.127
10/14/2022 12:00,0
10/14/2022 13:00,0
10/14/2022 14:00,0
10/14/2022 15:00,0
10/14/2022 16:00,0
10/14/2022 17:00,0
10/14/2022 18:00,0
10/14/2022 19:00,0
10/14/2022 20:00,0
10/14/2022 21:00,0
10/14/2022 22:00,0
10/14/2022 23:00,38.094
10/15/2022 0:00,146.625
10/15/2022 1:00,265.625
10/15/2022 2:00,368.875
10/15/2022 3:00,456.875
10/15/2022 4:00,487.75
10/15/2022 5:00,498.375
10/15/2022 6:00,487
10/15/2022 7:00,424.625
10/15/2022 8:00,313.875
10/15/2022 9:00,176.188
10/15/2022 10:00,49.281
10/15/2022 11:00,0.1
10/15/2022 12:00,0
10/15/2022 13:00,0
10/15/2022 14:00,0
10/15/2022 15:00,0
10/15/2022 16:00,0
10/15/2022 17:00,0
10/15/2022 18:00,0
10/15/2022 19:00,0
10/15/2022 20:00,0
10/15/2022 21:00,0
10/15/2022 22:00,0
10/15/2022 23:00,26.102
10/16/2022 0:00,113.562
10/16/2022 1:00,212.438
10/16/2022 2:00,301
10/16/2022 3:00,353.25
10/16/2022 4:00,380
10/16/2022 5:00,330.25
10/16/2022 6:00,311.25
10/16/2022 7:00,281.125
10/16/2022 8:00,215.812
10/16/2022 9:00,127.438
10/16/2022 10:00,38.062
10/16/2022 11:00,0.081
10/16/2022 12:00,0
10/16/2022 13:00,0
10/16/2022 14:00,0
10/16/2022 15:00,0
10/16/2022 16:00,0
10/16/2022 17:00,0
10/16/2022 18:00,0
10/16/2022 19:00,0
10/16/2022 20:00,0
10/16/2022 21:00,0
10/16/2022 22:00,0
10/16/2022 23:00,26
10/17/2022 0:00,116.812
10/17/2022 1:00,232.938
10/17/2022 2:00,346.5
10/17/2022 3:00,437.5
10/17/2022 4:00,492.5
10/17/2022 5:00,513.5
10/17/2022 6:00,502.625
10/17/2022 7:00,431.125
10/17/2022 8:00,308.625
10/17/2022 9:00,168.375
10/17/2022 10:00,45.547
10/17/2022 11:00,0.093
10/17/2022 12:00,0
10/17/2022 13:00,0
10/17/2022 14:00,0
10/17/2022 15:00,0
10/17/2022 16:00,0
10/17/2022 17:00,0
10/17/2022 18:00,0
10/17/2022 19:00,0
10/17/2022 20:00,0
10/17/2022 21:00,0
10/17/2022 22:00,0
10/17/2022 23:00,28.195
10/18/2022 0:00,130.75
10/18/2022 1:00,249
10/18/2022 2:00,334.625
10/18/2022 3:00,399.5
10/18/2022 4:00,433.125
10/18/2022 5:00,463.75
10/18/2022 6:00,455.25
10/18/2022 7:00,389.5
10/18/2022 8:00,273.375
10/18/2022 9:00,150.25
10/18/2022 10:00,38.797
10/18/2022 11:00,0.076
10/18/2022 12:00,0
10/18/2022 13:00,0
10/18/2022 14:00,0
10/18/2022 15:00,0
10/18/2022 16:00,0
10/18/2022 17:00,0
10/18/2022 18:00,0
10/18/2022 19:00,0
10/18/2022 20:00,0
10/18/2022 21:00,0
10/18/2022 22:00,0
10/18/2022 23:00,24.57
10/19/2022 0:00,119.812
10/19/2022 1:00,257.375
10/19/2022 2:00,376.75
10/19/2022 3:00,510
10/19/2022 4:00,570.5
10/19/2022 5:00,556.25
10/19/2022 6:00,519.5
10/19/2022 7:00,429.625
10/19/2022 8:00,302
10/19/2022 9:00,172.688
10/19/2022 10:00,49.266
10/19/2022 11:00,0.112
10/19/2022 12:00,0
10/19/2022 13:00,0
10/19/2022 14:00,0
10/19/2022 15:00,0
10/19/2022 16:00,0
10/19/2022 17:00,0
10/19/2022 18:00,0
10/19/2022 19:00,0
10/19/2022 20:00,0
10/19/2022 21:00,0
10/19/2022 22:00,0
10/19/2022 23:00,22.172
10/20/2022 0:00,99.312
10/20/2022 1:00,174
10/20/2022 2:00,249.688
10/20/2022 3:00,323.5
10/20/2022 4:00,393.625
10/20/2022 5:00,416.75
10/20/2022 6:00,388.125
10/20/2022 7:00,323.875
10/20/2022 8:00,226.75
10/20/2022 9:00,125.375
10/20/2022 10:00,37.156
10/20/2022 11:00,0.074
10/20/2022 12:00,0
10/20/2022 13:00,0
10/20/2022 14:00,0
10/20/2022 15:00,0
10/20/2022 16:00,0
10/20/2022 17:00,0
10/20/2022 18:00,0
10/20/2022 19:00,0
10/20/2022 20:00,0
10/20/2022 21:00,0
10/20/2022 22:00,0
10/20/2022 23:00,45.047
10/21/2022 0:00,211.75
10/21/2022 1:00,406.375
10/21/2022 2:00,529.75
10/21/2022 3:00,616.25
10/21/2022 4:00,653.5
10/21/2022 5:00,627.5
10/21/2022 6:00,589.5
10/21/2022 7:00,533.25
10/21/2022 8:00,410.25
10/21/2022 9:00,227
10/21/2022 10:00,59.25
10/21/2022 11:00,0.119
10/21/2022 12:00,0
10/21/2022 13:00,0
10/21/2022 14:00,0
10/21/2022 15:00,0
10/21/2022 16:00,0
10/21/2022 17:00,0
10/21/2022 18:00,0
10/21/2022 19:00,0
10/21/2022 20:00,0
10/21/2022 21:00,0
10/21/2022 22:00,0
10/21/2022 23:00,20.953
10/22/2022 0:00,100.219
10/22/2022 1:00,186.125
10/22/2022 2:00,278.625
10/22/2022 3:00,336.125
10/22/2022 4:00,368.5
10/22/2022 5:00,366.625
10/22/2022 6:00,373.625
10/22/2022 7:00,351
10/22/2022 8:00,281.5
10/22/2022 9:00,154.562
10/22/2022 10:00,39.203
10/22/2022 11:00,0.061
10/22/2022 12:00,0
10/22/2022 13:00,0
10/22/2022 14:00,0
10/22/2022 15:00,0
10/22/2022 16:00,0
10/22/2022 17:00,0
10/22/2022 18:00,0
10/22/2022 19:00,0
10/22/2022 20:00,0
10/22/2022 21:00,0
10/22/2022 22:00,0
10/22/2022 23:00,31.469
10/23/2022 0:00,152.375
10/23/2022 1:00,292
10/23/2022 2:00,397.5
10/23/2022 3:00,468
10/23/2022 4:00,538
10/23/2022 5:00,531.25
10/23/2022 6:00,495.625
10/23/2022 7:00,411.625
10/23/2022 8:00,301.5
10/23/2022 9:00,161.188
10/23/2022 10:00,41.516
10/23/2022 11:00,0.068
10/23/2022 12:00,0
10/23/2022 13:00,0
10/23/2022 14:00,0
10/23/2022 15:00,0
10/23/2022 16:00,0
10/23/2022 17:00,0
10/23/2022 18:00,0
10/23/2022 19:00,0
10/23/2022 20:00,0
10/23/2022 21:00,0
10/23/2022 22:00,0
10/23/2022 23:00,18.977
10/24/2022 0:00,92.906
10/24/2022 1:00,187.75
10/24/2022 2:00,295.875
10/24/2022 3:00,399.375
10/24/2022 4:00,482.625
10/24/2022 5:00,519.75
10/24/2022 6:00,468.25
10/24/2022 7:00,375.75
10/24/2022 8:00,242.875
10/24/2022 9:00,103.906
10/24/2022 10:00,25.891
10/24/2022 11:00,0.043
10/24/2022 12:00,0
10/24/2022 13:00,0
10/24/2022 14:00,0
10/24/2022 15:00,0
10/24/2022 16:00,0
10/24/2022 17:00,0
10/24/2022 18:00,0
10/24/2022 19:00,0
10/24/2022 20:00,0
10/24/2022 21:00,0
10/24/2022 22:00,0
10/24/2022 23:00,34.25
10/25/2022 0:00,174.375
10/25/2022 1:00,339.125
10/25/2022 2:00,459.5
10/25/2022 3:00,529.25
10/25/2022 4:00,555
10/25/2022 5:00,514.75
10/25/2022 6:00,435.25
10/25/2022 7:00,329
10/25/2022 8:00,196.812
10/25/2022 9:00,98.719
10/25/2022 10:00,26.516
10/25/2022 11:00,0.04
10/25/2022 12:00,0
10/25/2022 13:00,0
10/25/2022 14:00,0
10/25/2022 15:00,0
10/25/2022 16:00,0
10/25/2022 17:00,0
10/25/2022 18:00,0
10/25/2022 19:00,0
10/25/2022 20:00,0
10/25/2022 21:00,0
10/25/2022 22:00,0
10/25/2022 23:00,10.797
10/26/2022 0:00,49.859
10/26/2022 1:00,106.031
10/26/2022 2:00,167.625
10/26/2022 3:00,231.75
10/26/2022 4:00,285.75
10/26/2022 5:00,301.75
10/26/2022 6:00,278
10/26/2022 7:00,216
10/26/2022 8:00,138.125
10/26/2022 9:00,74.719
10/26/2022 10:00,23.305
10/26/2022 11:00,0.035
10/26/2022 12:00,0
10/26/2022 13:00,0
10/26/2022 14:00,0
10/26/2022 15:00,0
10/26/2022 16:00,0
10/26/2022 17:00,0
10/26/2022 18:00,0
10/26/2022 19:00,0
10/26/2022 20:00,0
10/26/2022 21:00,0
10/26/2022 22:00,0
10/26/2022 23:00,30.414
10/27/2022 0:00,147.625
10/27/2022 1:00,291.5
10/27/2022 2:00,461.25
10/27/2022 3:00,668
10/27/2022 4:00,803.25
10/27/2022 5:00,823.75
10/27/2022 6:00,784
10/27/2022 7:00,667
10/27/2022 8:00,474.375
10/27/2022 9:00,238.25
10/27/2022 10:00,64.344
10/27/2022 11:00,0.105
10/27/2022 12:00,0
10/27/2022 13:00,0
10/27/2022 14:00,0
10/27/2022 15:00,0
10/27/2022 16:00,0
10/27/2022 17:00,0
10/27/2022 18:00,0
10/27/2022 19:00,0
10/27/2022 20:00,0
10/27/2022 21:00,0
10/27/2022 22:00,0
10/27/2022 23:00,37.125
10/28/2022 0:00,179.375
10/28/2022 1:00,357.25
10/28/2022 2:00,548
10/28/2022 3:00,663.75
10/28/2022 4:00,701
10/28/2022 5:00,666.25
10/28/2022 6:00,613.75
10/28/2022 7:00,511.25
10/28/2022 8:00,352.25
10/28/2022 9:00,186.125
10/28/2022 10:00,53.828
10/28/2022 11:00,0.084
10/28/2022 12:00,0
10/28/2022 13:00,0
10/28/2022 14:00,0
10/28/2022 15:00,0
10/28/2022 16:00,0
10/28/2022 17:00,0
10/28/2022 18:00,0
10/28/2022 19:00,0
10/28/2022 20:00,0
10/28/2022 21:00,0
10/28/2022 22:00,0
10/28/2022 23:00,29.758
10/29/2022 0:00,120.562
10/29/2022 1:00,220.938
10/29/2022 2:00,299.75
10/29/2022 3:00,366
10/29/2022 4:00,427.375
10/29/2022 5:00,474.625
10/29/2022 6:00,498.5
10/29/2022 7:00,489.75
10/29/2022 8:00,412.25
10/29/2022 9:00,250
10/29/2022 10:00,68.188
10/29/2022 11:00,0.109
10/29/2022 12:00,0
10/29/2022 13:00,0
10/29/2022 14:00,0
10/29/2022 15:00,0
10/29/2022 16:00,0
10/29/2022 17:00,0
10/29/2022 18:00,0
10/29/2022 19:00,0
10/29/2022 20:00,0
10/29/2022 21:00,0
10/29/2022 22:00,0
10/29/2022 23:00,29.336
10/30/2022 0:00,137.375
10/30/2022 1:00,278.625
10/30/2022 2:00,412.5
10/30/2022 3:00,521.5
10/30/2022 4:00,611.5
10/30/2022 5:00,617
10/30/2022 6:00,575.25
10/30/2022 7:00,480.125
10/30/2022 8:00,341.75
10/30/2022 9:00,186.125
10/30/2022 10:00,49.938
10/30/2022 11:00,0.082
10/30/2022 12:00,0
10/30/2022 13:00,0
10/30/2022 14:00,0
10/30/2022 15:00,0
10/30/2022 16:00,0
10/30/2022 17:00,0
10/30/2022 18:00,0
10/30/2022 19:00,0
10/30/2022 20:00,0
10/30/2022 21:00,0
10/30/2022 22:00,0
10/30/2022 23:00,16.266
10/31/2022 0:00,81.469
10/31/2022 1:00,161.25
10/31/2022 2:00,251.625
10/31/2022 3:00,351.25
10/31/2022 4:00,458
10/31/2022 5:00,537.25
10/31/2022 6:00,540.25
10/31/2022 7:00,457.25
10/31/2022 8:00,319.375
10/31/2022 9:00,179.438
10/31/2022 10:00,50.391
10/31/2022 11:00,0.081
10/31/2022 12:00,0
10/31/2022 13:00,0
10/31/2022 14:00,0
10/31/2022 15:00,0
10/31/2022 16:00,0
10/31/2022 17:00,0
10/31/2022 18:00,0
10/31/2022 19:00,0
10/31/2022 20:00,0
10/31/2022 21:00,0
10/31/2022 22:00,0
10/31/2022 23:00,25.633
11/1/2022 0:00,112.75
11/1/2022 1:00,205.125
11/1/2022 2:00,288.5
11/1/2022 3:00,347.875
11/1/2022 4:00,380.5
11/1/2022 5:00,411.625
11/1/2022 6:00,378.625
11/1/2022 7:00,296.5
11/1/2022 8:00,216.5
11/1/2022 9:00,127.719
11/1/2022 10:00,38.812
11/1/2022 11:00,0.055
11/1/2022 12:00,0
11/1/2022 13:00,0
11/1/2022 14:00,0
11/1/2022 15:00,0
11/1/2022 16:00,0
11/1/2022 17:00,0
11/1/2022 18:00,0
11/1/2022 19:00,0
11/1/2022 20:00,0
11/1/2022 21:00,0
11/1/2022 22:00,0
11/1/2022 23:00,48.969
11/2/2022 0:00,230.625
11/2/2022 1:00,451.25
11/2/2022 2:00,630
11/2/2022 3:00,723.25
11/2/2022 4:00,794
11/2/2022 5:00,804
11/2/2022 6:00,728
11/2/2022 7:00,604
11/2/2022 8:00,433.25
11/2/2022 9:00,239.5
11/2/2022 10:00,65.062
11/2/2022 11:00,0.103
11/2/2022 12:00,0
11/2/2022 13:00,0
11/2/2022 14:00,0
11/2/2022 15:00,0
11/2/2022 16:00,0
11/2/2022 17:00,0
11/2/2022 18:00,0
11/2/2022 19:00,0
11/2/2022 20:00,0
11/2/2022 21:00,0
11/2/2022 22:00,0
11/2/2022 23:00,50.172
11/3/2022 0:00,233.312
11/3/2022 1:00,422.125
11/3/2022 2:00,593.25
11/3/2022 3:00,713.75
11/3/2022 4:00,764
11/3/2022 5:00,757
11/3/2022 6:00,668
11/3/2022 7:00,564.25
11/3/2022 8:00,370.125
11/3/2022 9:00,184.938
11/3/2022 10:00,50.812
11/3/2022 11:00,0.093
11/3/2022 12:00,0
11/3/2022 13:00,0
11/3/2022 14:00,0
11/3/2022 15:00,0
11/3/2022 16:00,0
11/3/2022 17:00,0
11/3/2022 18:00,0
11/3/2022 19:00,0
11/3/2022 20:00,0
11/3/2022 21:00,0
11/3/2022 22:00,0
11/3/2022 23:00,28.461
11/4/2022 0:00,127.062
11/4/2022 1:00,236.562
11/4/2022 2:00,322.375
11/4/2022 3:00,366.375
11/4/2022 4:00,422.25
11/4/2022 5:00,458.625
11/4/2022 6:00,480.75
11/4/2022 7:00,433.5
11/4/2022 8:00,309.625
11/4/2022 9:00,156.562
11/4/2022 10:00,39.156
11/4/2022 11:00,0.051
11/4/2022 12:00,0
11/4/2022 13:00,0
11/4/2022 14:00,0
11/4/2022 15:00,0
11/4/2022 16:00,0
11/4/2022 17:00,0
11/4/2022 18:00,0
11/4/2022 19:00,0
11/4/2022 20:00,0
11/4/2022 21:00,0
11/4/2022 22:00,0
11/4/2022 23:00,18.695
11/5/2022 0:00,98.219
11/5/2022 1:00,186.75
11/5/2022 2:00,268.125
11/5/2022 3:00,328.75
11/5/2022 4:00,354.25
11/5/2022 5:00,330.25
11/5/2022 6:00,266.75
11/5/2022 7:00,213.188
11/5/2022 8:00,152.438
11/5/2022 9:00,82.938
11/5/2022 10:00,23.289
11/5/2022 11:00,0.032
11/5/2022 12:00,0
11/5/2022 13:00,0
11/5/2022 14:00,0
11/5/2022 15:00,0
11/5/2022 16:00,0
11/5/2022 17:00,0
11/5/2022 18:00,0
11/5/2022 19:00,0
11/5/2022 20:00,0
11/5/2022 21:00,0
11/5/2022 22:00,0
11/5/2022 23:00,23.672
11/6/2022 0:00,112.406
11/6/2022 1:00,223.812
11/6/2022 2:00,338
11/6/2022 3:00,410
11/6/2022 4:00,412.75
11/6/2022 5:00,389.125
11/6/2022 6:00,355.625
11/6/2022 7:00,307.25
11/6/2022 8:00,219
11/6/2022 9:00,125.781
11/6/2022 10:00,32.266
11/6/2022 11:00,0.039
11/6/2022 12:00,0
11/6/2022 13:00,0
11/6/2022 14:00,0
11/6/2022 15:00,0
11/6/2022 16:00,0
11/6/2022 17:00,0
11/6/2022 18:00,0
11/6/2022 19:00,0
11/6/2022 20:00,0
11/6/2022 21:00,0
11/6/2022 22:00,0
11/6/2022 23:00,25.094
11/7/2022 0:00,135.375
11/7/2022 1:00,263.75
11/7/2022 2:00,384
11/7/2022 3:00,522
11/7/2022 4:00,598.5
11/7/2022 5:00,636.5
11/7/2022 6:00,587
11/7/2022 7:00,471.375
11/7/2022 8:00,327.625
11/7/2022 9:00,183.875
11/7/2022 10:00,42.719
11/7/2022 11:00,0.052
11/7/2022 12:00,0
11/7/2022 13:00,0
11/7/2022 14:00,0
11/7/2022 15:00,0
11/7/2022 16:00,0
11/7/2022 17:00,0
11/7/2022 18:00,0
11/7/2022 19:00,0
11/7/2022 20:00,0
11/7/2022 21:00,0
11/7/2022 22:00,0
11/7/2022 23:00,19.758
11/8/2022 0:00,94.375
11/8/2022 1:00,189.125
11/8/2022 2:00,275.25
11/8/2022 3:00,364.625
11/8/2022 4:00,430.875
11/8/2022 5:00,406.875
11/8/2022 6:00,352.5
11/8/2022 7:00,281.625
11/8/2022 8:00,198.125
11/8/2022 9:00,108.438
11/8/2022 10:00,29.273
11/8/2022 11:00,0.032
11/8/2022 12:00,0
11/8/2022 13:00,0
11/8/2022 14:00,0
11/8/2022 15:00,0
11/8/2022 16:00,0
11/8/2022 17:00,0
11/8/2022 18:00,0
11/8/2022 19:00,0
11/8/2022 20:00,0
11/8/2022 21:00,0
11/8/2022 22:00,0
11/8/2022 23:00,29.547
11/9/2022 0:00,133.188
11/9/2022 1:00,246.562
11/9/2022 2:00,352.75
11/9/2022 3:00,411.25
11/9/2022 4:00,426.625
11/9/2022 5:00,396
11/9/2022 6:00,348.875
11/9/2022 7:00,275.875
11/9/2022 8:00,191.562
11/9/2022 9:00,98.938
11/9/2022 10:00,26.039
11/9/2022 11:00,0.03
11/9/2022 12:00,0
11/9/2022 13:00,0
11/9/2022 14:00,0
11/9/2022 15:00,0
11/9/2022 16:00,0
11/9/2022 17:00,0
11/9/2022 18:00,0
11/9/2022 19:00,0
11/9/2022 20:00,0
11/9/2022 21:00,0
11/9/2022 22:00,0
11/9/2022 23:00,20.68
11/10/2022 0:00,94.125
11/10/2022 1:00,181.562
11/10/2022 2:00,271.75
11/10/2022 3:00,342.25
11/10/2022 4:00,392.375
11/10/2022 5:00,400.625
11/10/2022 6:00,377.125
11/10/2022 7:00,324.375
11/10/2022 8:00,235.25
11/10/2022 9:00,131.125
11/10/2022 10:00,37.094
11/10/2022 11:00,0.042
11/10/2022 12:00,0
11/10/2022 13:00,0
11/10/2022 14:00,0
11/10/2022 15:00,0
11/10/2022 16:00,0
11/10/2022 17:00,0
11/10/2022 18:00,0
11/10/2022 19:00,0
11/10/2022 20:00,0
11/10/2022 21:00,0
11/10/2022 22:00,0
11/10/2022 23:00,39.469
11/11/2022 0:00,186.312
11/11/2022 1:00,354.75
11/11/2022 2:00,476.25
11/11/2022 3:00,597
11/11/2022 4:00,617.5
11/11/2022 5:00,567.75
11/11/2022 6:00,497.875
11/11/2022 7:00,363.5
11/11/2022 8:00,217.125
11/11/2022 9:00,106.125
11/11/2022 10:00,32.375
11/11/2022 11:00,0.044
11/11/2022 12:00,0
11/11/2022 13:00,0
11/11/2022 14:00,0
11/11/2022 15:00,0
11/11/2022 16:00,0
11/11/2022 17:00,0
11/11/2022 18:00,0
11/11/2022 19:00,0
11/11/2022 20:00,0
11/11/2022 21:00,0
11/11/2022 22:00,0
11/11/2022 23:00,29.031
11/12/2022 0:00,126.281
11/12/2022 1:00,224.25
11/12/2022 2:00,294
11/12/2022 3:00,348.25
11/12/2022 4:00,363.375
11/12/2022 5:00,336.375
11/12/2022 6:00,282
11/12/2022 7:00,208.188
11/12/2022 8:00,139.062
11/12/2022 9:00,75.875
11/12/2022 10:00,20.07
11/12/2022 11:00,0.019
11/12/2022 12:00,0
11/12/2022 13:00,0
11/12/2022 14:00,0
11/12/2022 15:00,0
11/12/2022 16:00,0
11/12/2022 17:00,0
11/12/2022 18:00,0
11/12/2022 19:00,0
11/12/2022 20:00,0
11/12/2022 21:00,0
11/12/2022 22:00,0
11/12/2022 23:00,24.891
11/13/2022 0:00,116
11/13/2022 1:00,211.812
11/13/2022 2:00,312.125
11/13/2022 3:00,402.875
11/13/2022 4:00,456.375
11/13/2022 5:00,470.125
11/13/2022 6:00,395.25
11/13/2022 7:00,307.625
11/13/2022 8:00,218.75
11/13/2022 9:00,115.344
11/13/2022 10:00,29.469
11/13/2022 11:00,0.028
11/13/2022 12:00,0
11/13/2022 13:00,0
11/13/2022 14:00,0
11/13/2022 15:00,0
11/13/2022 16:00,0
11/13/2022 17:00,0
11/13/2022 18:00,0
11/13/2022 19:00,0
11/13/2022 20:00,0
11/13/2022 21:00,0
11/13/2022 22:00,0
11/13/2022 23:00,23.57
11/14/2022 0:00,128.375
11/14/2022 1:00,239.812
11/14/2022 2:00,331.75
11/14/2022 3:00,418.125
11/14/2022 4:00,474.125
11/14/2022 5:00,489.875
11/14/2022 6:00,453.625
11/14/2022 7:00,374.375
11/14/2022 8:00,269.875
11/14/2022 9:00,164.625
11/14/2022 10:00,53.25
11/14/2022 11:00,0.071
11/14/2022 12:00,0
11/14/2022 13:00,0
11/14/2022 14:00,0
11/14/2022 15:00,0
11/14/2022 16:00,0
11/14/2022 17:00,0
11/14/2022 18:00,0
11/14/2022 19:00,0
11/14/2022 20:00,0
11/14/2022 21:00,0
11/14/2022 22:00,0
11/14/2022 23:00,37.891
11/15/2022 0:00,151.5
11/15/2022 1:00,279.375
11/15/2022 2:00,390.75
11/15/2022 3:00,495.125
11/15/2022 4:00,557.5
11/15/2022 5:00,572.25
11/15/2022 6:00,514.75
11/15/2022 7:00,419.125
11/15/2022 8:00,286.625
11/15/2022 9:00,154.5
11/15/2022 10:00,41.391
11/15/2022 11:00,0.045
11/15/2022 12:00,0
11/15/2022 13:00,0
11/15/2022 14:00,0
11/15/2022 15:00,0
11/15/2022 16:00,0
11/15/2022 17:00,0
11/15/2022 18:00,0
11/15/2022 19:00,0
11/15/2022 20:00,0
11/15/2022 21:00,0
11/15/2022 22:00,0
11/15/2022 23:00,20.203
11/16/2022 0:00,93.531
11/16/2022 1:00,181.875
11/16/2022 2:00,276.25
11/16/2022 3:00,394.625
11/16/2022 4:00,480.5
11/16/2022 5:00,515.25
11/16/2022 6:00,486.375
11/16/2022 7:00,385.75
11/16/2022 8:00,250.5
11/16/2022 9:00,125.188
11/16/2022 10:00,34.125
11/16/2022 11:00,0.037
11/16/2022 12:00,0
11/16/2022 13:00,0
11/16/2022 14:00,0
11/16/2022 15:00,0
11/16/2022 16:00,0
11/16/2022 17:00,0
11/16/2022 18:00,0
11/16/2022 19:00,0
11/16/2022 20:00,0
11/16/2022 21:00,0
11/16/2022 22:00,0
11/16/2022 23:00,17.156
11/17/2022 0:00,73.156
11/17/2022 1:00,138
11/17/2022 2:00,210.062
11/17/2022 3:00,275.75
11/17/2022 4:00,299
11/17/2022 5:00,296.125
11/17/2022 6:00,292.375
11/17/2022 7:00,275.875
11/17/2022 8:00,218.875
11/17/2022 9:00,123.156
11/17/2022 10:00,33.797
11/17/2022 11:00,0.035
11/17/2022 12:00,0
11/17/2022 13:00,0
11/17/2022 14:00,0
11/17/2022 15:00,0
11/17/2022 16:00,0
11/17/2022 17:00,0
11/17/2022 18:00,0
11/17/2022 19:00,0
11/17/2022 20:00,0
11/17/2022 21:00,0
11/17/2022 22:00,0
11/17/2022 23:00,18.242
11/18/2022 0:00,85.75
11/18/2022 1:00,161.5
11/18/2022 2:00,254.875
11/18/2022 3:00,341.5
11/18/2022 4:00,393
11/18/2022 5:00,425.375
11/18/2022 6:00,377
11/18/2022 7:00,287.875
11/18/2022 8:00,195.125
11/18/2022 9:00,105.5
11/18/2022 10:00,28.727
11/18/2022 11:00,0.027
11/18/2022 12:00,0
11/18/2022 13:00,0
11/18/2022 14:00,0
11/18/2022 15:00,0
11/18/2022 16:00,0
11/18/2022 17:00,0
11/18/2022 18:00,0
11/18/2022 19:00,0
11/18/2022 20:00,0
11/18/2022 21:00,0
11/18/2022 22:00,0
11/18/2022 23:00,15.5
11/19/2022 0:00,77.75
11/19/2022 1:00,151.75
11/19/2022 2:00,219.875
11/19/2022 3:00,266.5
11/19/2022 4:00,277.75
11/19/2022 5:00,307.875
11/19/2022 6:00,307.375
11/19/2022 7:00,312.5
11/19/2022 8:00,209.125
11/19/2022 9:00,118.969
11/19/2022 10:00,33.422
11/19/2022 11:00,0.034
11/19/2022 12:00,0
11/19/2022 13:00,0
11/19/2022 14:00,0
11/19/2022 15:00,0
11/19/2022 16:00,0
11/19/2022 17:00,0
11/19/2022 18:00,0
11/19/2022 19:00,0
11/19/2022 20:00,0
11/19/2022 21:00,0
11/19/2022 22:00,0
11/19/2022 23:00,26.312
11/20/2022 0:00,121.062
11/20/2022 1:00,235.188
11/20/2022 2:00,338.875
11/20/2022 3:00,412.375
11/20/2022 4:00,469.625
11/20/2022 5:00,494
11/20/2022 6:00,471.5
11/20/2022 7:00,392.125
11/20/2022 8:00,258.375
11/20/2022 9:00,139.438
11/20/2022 10:00,47
11/20/2022 11:00,0.042
11/20/2022 12:00,0
11/20/2022 13:00,0
11/20/2022 14:00,0
11/20/2022 15:00,0
11/20/2022 16:00,0
11/20/2022 17:00,0
11/20/2022 18:00,0
11/20/2022 19:00,0
11/20/2022 20:00,0
11/20/2022 21:00,0
11/20/2022 22:00,0
11/20/2022 23:00,25.961
11/21/2022 0:00,128.312
11/21/2022 1:00,271
11/21/2022 2:00,408.75
11/21/2022 3:00,502.75
11/21/2022 4:00,569
11/21/2022 5:00,562.75
11/21/2022 6:00,496.25
11/21/2022 7:00,392.75
11/21/2022 8:00,275.125
11/21/2022 9:00,151.625
11/21/2022 10:00,40.531
11/21/2022 11:00,0.037
11/21/2022 12:00,0
11/21/2022 13:00,0
11/21/2022 14:00,0
11/21/2022 15:00,0
11/21/2022 16:00,0
11/21/2022 17:00,0
11/21/2022 18:00,0
11/21/2022 19:00,0
11/21/2022 20:00,0
11/21/2022 21:00,0
11/21/2022 22:00,0
11/21/2022 23:00,20.156
11/22/2022 0:00,99.656
11/22/2022 1:00,210.125
11/22/2022 2:00,337.875
11/22/2022 3:00,466
11/22/2022 4:00,543
11/22/2022 5:00,559.25
11/22/2022 6:00,520.75
11/22/2022 7:00,466.5
11/22/2022 8:00,311.625
11/22/2022 9:00,170.312
11/22/2022 10:00,48.5
11/22/2022 11:00,0.051
11/22/2022 12:00,0
11/22/2022 13:00,0
11/22/2022 14:00,0
11/22/2022 15:00,0
11/22/2022 16:00,0
11/22/2022 17:00,0
11/22/2022 18:00,0
11/22/2022 19:00,0
11/22/2022 20:00,0
11/22/2022 21:00,0
11/22/2022 22:00,0
11/22/2022 23:00,27.859
11/23/2022 0:00,116.906
11/23/2022 1:00,223.312
11/23/2022 2:00,325.875
11/23/2022 3:00,436.5
11/23/2022 4:00,512
11/23/2022 5:00,538.75
11/23/2022 6:00,529.5
11/23/2022 7:00,467.5
11/23/2022 8:00,358.625
11/23/2022 9:00,213.25
11/23/2022 10:00,63.406
11/23/2022 11:00,0.062
11/23/2022 12:00,0
11/23/2022 13:00,0
11/23/2022 14:00,0
11/23/2022 15:00,0
11/23/2022 16:00,0
11/23/2022 17:00,0
11/23/2022 18:00,0
11/23/2022 19:00,0
11/23/2022 20:00,0
11/23/2022 21:00,0
11/23/2022 22:00,0
11/23/2022 23:00,26.711
11/24/2022 0:00,132.312
11/24/2022 1:00,258.5
11/24/2022 2:00,372.625
11/24/2022 3:00,485.875
11/24/2022 4:00,549.5
11/24/2022 5:00,548.75
11/24/2022 6:00,477.375
11/24/2022 7:00,375.5
11/24/2022 8:00,271.625
11/24/2022 9:00,158.938
11/24/2022 10:00,46.391
11/24/2022 11:00,0.044
11/24/2022 12:00,0
11/24/2022 13:00,0
11/24/2022 14:00,0
11/24/2022 15:00,0
11/24/2022 16:00,0
11/24/2022 17:00,0
11/24/2022 18:00,0
11/24/2022 19:00,0
11/24/2022 20:00,0
11/24/2022 21:00,0
11/24/2022 22:00,0
11/24/2022 23:00,25.273
11/25/2022 0:00,121.5
11/25/2022 1:00,235.875
11/25/2022 2:00,351.375
11/25/2022 3:00,458.75
11/25/2022 4:00,555.5
11/25/2022 5:00,606.25
11/25/2022 6:00,589.5
11/25/2022 7:00,503.375
11/25/2022 8:00,363.625
11/25/2022 9:00,198.125
11/25/2022 10:00,52.594
11/25/2022 11:00,0.056
11/25/2022 12:00,0
11/25/2022 13:00,0
11/25/2022 14:00,0
11/25/2022 15:00,0
11/25/2022 16:00,0
11/25/2022 17:00,0
11/25/2022 18:00,0
11/25/2022 19:00,0
11/25/2022 20:00,0
11/25/2022 21:00,0
11/25/2022 22:00,0
11/25/2022 23:00,37.547
11/26/2022 0:00,166.312
11/26/2022 1:00,303.5
11/26/2022 2:00,415.625
11/26/2022 3:00,466.25
11/26/2022 4:00,523.5
11/26/2022 5:00,555.5
11/26/2022 6:00,565
11/26/2022 7:00,534
11/26/2022 8:00,414.375
11/26/2022 9:00,212.625
11/26/2022 10:00,49.75
11/26/2022 11:00,0.042
11/26/2022 12:00,0
11/26/2022 13:00,0
11/26/2022 14:00,0
11/26/2022 15:00,0
11/26/2022 16:00,0
11/26/2022 17:00,0
11/26/2022 18:00,0
11/26/2022 19:00,0
11/26/2022 20:00,0
11/26/2022 21:00,0
11/26/2022 22:00,0
11/26/2022 23:00,19.039
11/27/2022 0:00,98.375
11/27/2022 1:00,202.438
11/27/2022 2:00,319.5
11/27/2022 3:00,396.75
11/27/2022 4:00,466
11/27/2022 5:00,461.125
11/27/2022 6:00,409.75
11/27/2022 7:00,331.875
11/27/2022 8:00,239.75
11/27/2022 9:00,124.781
11/27/2022 10:00,31.422
11/27/2022 11:00,0.031
11/27/2022 12:00,0
11/27/2022 13:00,0
11/27/2022 14:00,0
11/27/2022 15:00,0
11/27/2022 16:00,0
11/27/2022 17:00,0
11/27/2022 18:00,0
11/27/2022 19:00,0
11/27/2022 20:00,0
11/27/2022 21:00,0
11/27/2022 22:00,0
11/27/2022 23:00,29.93
11/28/2022 0:00,134.312
11/28/2022 1:00,256.625
11/28/2022 2:00,379.625
11/28/2022 3:00,475.375
11/28/2022 4:00,545.25
11/28/2022 5:00,562.75
11/28/2022 6:00,539.25
11/28/2022 7:00,402.5
11/28/2022 8:00,280.5
11/28/2022 9:00,151.625
11/28/2022 10:00,42.797
11/28/2022 11:00,0.04
11/28/2022 12:00,0
11/28/2022 13:00,0
11/28/2022 14:00,0
11/28/2022 15:00,0
11/28/2022 16:00,0
11/28/2022 17:00,0
11/28/2022 18:00,0
11/28/2022 19:00,0
11/28/2022 20:00,0
11/28/2022 21:00,0
11/28/2022 22:00,0
11/28/2022 23:00,32.188
11/29/2022 0:00,138.25
11/29/2022 1:00,259.125
11/29/2022 2:00,372.625
11/29/2022 3:00,464.5
11/29/2022 4:00,530.25
11/29/2022 5:00,540.25
11/29/2022 6:00,493.125
11/29/2022 7:00,343.5
11/29/2022 8:00,236.062
11/29/2022 9:00,119.344
11/29/2022 10:00,30.602
11/29/2022 11:00,0.03
11/29/2022 12:00,0
11/29/2022 13:00,0
11/29/2022 14:00,0
11/29/2022 15:00,0
11/29/2022 16:00,0
11/29/2022 17:00,0
11/29/2022 18:00,0
11/29/2022 19:00,0
11/29/2022 20:00,0
11/29/2022 21:00,0
11/29/2022 22:00,0
11/29/2022 23:00,25.766
11/30/2022 0:00,121.656
11/30/2022 1:00,252.938
11/30/2022 2:00,404
11/30/2022 3:00,555.25
11/30/2022 4:00,629.25
11/30/2022 5:00,547
11/30/2022 6:00,457.25
11/30/2022 7:00,329.625
11/30/2022 8:00,207.875
11/30/2022 9:00,76.781
11/30/2022 10:00,18.055
11/30/2022 11:00,0.014
11/30/2022 12:00,0
11/30/2022 13:00,0
11/30/2022 14:00,0
11/30/2022 15:00,0
11/30/2022 16:00,0
11/30/2022 17:00,0
11/30/2022 18:00,0
11/30/2022 19:00,0
11/30/2022 20:00,0
11/30/2022 21:00,0
11/30/2022 22:00,0
11/30/2022 23:00,21.492
12/1/2022 0:00,116.875
12/1/2022 1:00,235.938
12/1/2022 2:00,357.625
12/1/2022 3:00,464.5
12/1/2022 4:00,526.75
12/1/2022 5:00,516.5
12/1/2022 6:00,427.5
12/1/2022 7:00,310.75
12/1/2022 8:00,191.125
12/1/2022 9:00,91.375
12/1/2022 10:00,22.844
12/1/2022 11:00,0.017
12/1/2022 12:00,0
12/1/2022 13:00,0
12/1/2022 14:00,0
12/1/2022 15:00,0
12/1/2022 16:00,0
12/1/2022 17:00,0
12/1/2022 18:00,0
12/1/2022 19:00,0
12/1/2022 20:00,0
12/1/2022 21:00,0
12/1/2022 22:00,0
12/1/2022 23:00,25.594
12/2/2022 0:00,126.344
12/2/2022 1:00,260
12/2/2022 2:00,388.875
12/2/2022 3:00,458.125
12/2/2022 4:00,455.125
12/2/2022 5:00,430.375
12/2/2022 6:00,390.875
12/2/2022 7:00,325.625
12/2/2022 8:00,242.25
12/2/2022 9:00,135.375
12/2/2022 10:00,37.766
12/2/2022 11:00,0.041
12/2/2022 12:00,0
12/2/2022 13:00,0
12/2/2022 14:00,0
12/2/2022 15:00,0
12/2/2022 16:00,0
12/2/2022 17:00,0
12/2/2022 18:00,0
12/2/2022 19:00,0
12/2/2022 20:00,0
12/2/2022 21:00,0
12/2/2022 22:00,0
12/2/2022 23:00,19.578
12/3/2022 0:00,100.75
12/3/2022 1:00,226.125
12/3/2022 2:00,351.125
12/3/2022 3:00,467.25
12/3/2022 4:00,569.75
12/3/2022 5:00,588
12/3/2022 6:00,554.5
12/3/2022 7:00,464.25
12/3/2022 8:00,334.125
12/3/2022 9:00,191
12/3/2022 10:00,51.375
12/3/2022 11:00,0.047
12/3/2022 12:00,0
12/3/2022 13:00,0
12/3/2022 14:00,0
12/3/2022 15:00,0
12/3/2022 16:00,0
12/3/2022 17:00,0
12/3/2022 18:00,0
12/3/2022 19:00,0
12/3/2022 20:00,0
12/3/2022 21:00,0
12/3/2022 22:00,0
12/3/2022 23:00,33.016
12/4/2022 0:00,158.375
12/4/2022 1:00,304.75
12/4/2022 2:00,443.625
12/4/2022 3:00,536.75
12/4/2022 4:00,556.75
12/4/2022 5:00,518
12/4/2022 6:00,442.25
12/4/2022 7:00,341
12/4/2022 8:00,241.125
12/4/2022 9:00,143.188
12/4/2022 10:00,43.047
12/4/2022 11:00,0.035
12/4/2022 12:00,0
12/4/2022 13:00,0
12/4/2022 14:00,0
12/4/2022 15:00,0
12/4/2022 16:00,0
12/4/2022 17:00,0
12/4/2022 18:00,0
12/4/2022 19:00,0
12/4/2022 20:00,0
12/4/2022 21:00,0
12/4/2022 22:00,0
12/4/2022 23:00,28.102
12/5/2022 0:00,122.688
12/5/2022 1:00,220.062
12/5/2022 2:00,271.5
12/5/2022 3:00,324
12/5/2022 4:00,368.5
12/5/2022 5:00,379.5
12/5/2022 6:00,370.375
12/5/2022 7:00,313.875
12/5/2022 8:00,198.25
12/5/2022 9:00,99.594
12/5/2022 10:00,26.875
12/5/2022 11:00,0.023
12/5/2022 12:00,0
12/5/2022 13:00,0
12/5/2022 14:00,0
12/5/2022 15:00,0
12/5/2022 16:00,0
12/5/2022 17:00,0
12/5/2022 18:00,0
12/5/2022 19:00,0
12/5/2022 20:00,0
12/5/2022 21:00,0
12/5/2022 22:00,0
12/5/2022 23:00,23.258
12/6/2022 0:00,114.75
12/6/2022 1:00,236.375
12/6/2022 2:00,361.625
12/6/2022 3:00,456.75
12/6/2022 4:00,524.25
12/6/2022 5:00,508
12/6/2022 6:00,471.375
12/6/2022 7:00,364.125
12/6/2022 8:00,255.312
12/6/2022 9:00,137.5
12/6/2022 10:00,36.141
12/6/2022 11:00,0.034
12/6/2022 12:00,0
12/6/2022 13:00,0
12/6/2022 14:00,0
12/6/2022 15:00,0
12/6/2022 16:00,0
12/6/2022 17:00,0
12/6/2022 18:00,0
12/6/2022 19:00,0
12/6/2022 20:00,0
12/6/2022 21:00,0
12/6/2022 22:00,0
12/6/2022 23:00,30.586
12/7/2022 0:00,144.125
12/7/2022 1:00,265
12/7/2022 2:00,373.875
12/7/2022 3:00,431.375
12/7/2022 4:00,414.25
12/7/2022 5:00,385.5
12/7/2022 6:00,328
12/7/2022 7:00,260.5
12/7/2022 8:00,188.562
12/7/2022 9:00,98.5
12/7/2022 10:00,26.594
12/7/2022 11:00,0.021
12/7/2022 12:00,0
12/7/2022 13:00,0
12/7/2022 14:00,0
12/7/2022 15:00,0
12/7/2022 16:00,0
12/7/2022 17:00,0
12/7/2022 18:00,0
12/7/2022 19:00,0
12/7/2022 20:00,0
12/7/2022 21:00,0
12/7/2022 22:00,0
12/7/2022 23:00,17.922
12/8/2022 0:00,85.438
12/8/2022 1:00,171.312
12/8/2022 2:00,243.125
12/8/2022 3:00,290.75
12/8/2022 4:00,298.5
12/8/2022 5:00,270.625
12/8/2022 6:00,231.188
12/8/2022 7:00,191.688
12/8/2022 8:00,140.25
12/8/2022 9:00,71.156
12/8/2022 10:00,20.586
12/8/2022 11:00,0.019
12/8/2022 12:00,0
12/8/2022 13:00,0
12/8/2022 14:00,0
12/8/2022 15:00,0
12/8/2022 16:00,0
12/8/2022 17:00,0
12/8/2022 18:00,0
12/8/2022 19:00,0
12/8/2022 20:00,0
12/8/2022 21:00,0
12/8/2022 22:00,0
12/8/2022 23:00,18.523
12/9/2022 0:00,100.062
12/9/2022 1:00,233.625
12/9/2022 2:00,336.75
12/9/2022 3:00,438.875
12/9/2022 4:00,481.125
12/9/2022 5:00,433.25
12/9/2022 6:00,348.625
12/9/2022 7:00,270.125
12/9/2022 8:00,166.312
12/9/2022 9:00,84.188
12/9/2022 10:00,24.258
12/9/2022 11:00,0.024
12/9/2022 12:00,0
12/9/2022 13:00,0
12/9/2022 14:00,0
12/9/2022 15:00,0
12/9/2022 16:00,0
12/9/2022 17:00,0
12/9/2022 18:00,0
12/9/2022 19:00,0
12/9/2022 20:00,0
12/9/2022 21:00,0
12/9/2022 22:00,0
12/9/2022 23:00,31.625
12/10/2022 0:00,162.875
12/10/2022 1:00,337.5
12/10/2022 2:00,482.75
12/10/2022 3:00,578.5
12/10/2022 4:00,629.75
12/10/2022 5:00,582.75
12/10/2022 6:00,478.625
12/10/2022 7:00,330.75
12/10/2022 8:00,204.75
12/10/2022 9:00,116.812
12/10/2022 10:00,33.016
12/10/2022 11:00,0.028
12/10/2022 12:00,0
12/10/2022 13:00,0
12/10/2022 14:00,0
12/10/2022 15:00,0
12/10/2022 16:00,0
12/10/2022 17:00,0
12/10/2022 18:00,0
12/10/2022 19:00,0
12/10/2022 20:00,0
12/10/2022 21:00,0
12/10/2022 22:00,0
12/10/2022 23:00,30.977
12/11/2022 0:00,140.562
12/11/2022 1:00,247.875
12/11/2022 2:00,297.5
12/11/2022 3:00,333
12/11/2022 4:00,354.125
12/11/2022 5:00,350.125
12/11/2022 6:00,322.75
12/11/2022 7:00,279.625
12/11/2022 8:00,199.312
12/11/2022 9:00,106.031
12/11/2022 10:00,28.422
12/11/2022 11:00,0.023
12/11/2022 12:00,0
12/11/2022 13:00,0
12/11/2022 14:00,0
12/11/2022 15:00,0
12/11/2022 16:00,0
12/11/2022 17:00,0
12/11/2022 18:00,0
12/11/2022 19:00,0
12/11/2022 20:00,0
12/11/2022 21:00,0
12/11/2022 22:00,0
12/11/2022 23:00,14.406
12/12/2022 0:00,57.047
12/12/2022 1:00,102.656
12/12/2022 2:00,146.562
12/12/2022 3:00,181.625
12/12/2022 4:00,217.562
12/12/2022 5:00,228.938
12/12/2022 6:00,232
12/12/2022 7:00,203.688
12/12/2022 8:00,155.438
12/12/2022 9:00,88.812
12/12/2022 10:00,24.914
12/12/2022 11:00,0.019
12/12/2022 12:00,0
12/12/2022 13:00,0
12/12/2022 14:00,0
12/12/2022 15:00,0
12/12/2022 16:00,0
12/12/2022 17:00,0
12/12/2022 18:00,0
12/12/2022 19:00,0
12/12/2022 20:00,0
12/12/2022 21:00,0
12/12/2022 22:00,0
12/12/2022 23:00,26.312
12/13/2022 0:00,126.906
12/13/2022 1:00,244.875
12/13/2022 2:00,315.875
12/13/2022 3:00,351.75
12/13/2022 4:00,363.875
12/13/2022 5:00,340.875
12/13/2022 6:00,287.625
12/13/2022 7:00,221.875
12/13/2022 8:00,148.188
12/13/2022 9:00,80.25
12/13/2022 10:00,22.281
12/13/2022 11:00,0.018
12/13/2022 12:00,0
12/13/2022 13:00,0
12/13/2022 14:00,0
12/13/2022 15:00,0
12/13/2022 16:00,0
12/13/2022 17:00,0
12/13/2022 18:00,0
12/13/2022 19:00,0
12/13/2022 20:00,0
12/13/2022 21:00,0
12/13/2022 22:00,0
12/13/2022 23:00,12.777
12/14/2022 0:00,68.844
12/14/2022 1:00,118.156
12/14/2022 2:00,172.188
12/14/2022 3:00,216.062
12/14/2022 4:00,254.062
12/14/2022 5:00,280.5
12/14/2022 6:00,272.875
12/14/2022 7:00,225.438
12/14/2022 8:00,158.562
12/14/2022 9:00,83.469
12/14/2022 10:00,22.664
12/14/2022 11:00,0.015
12/14/2022 12:00,0
12/14/2022 13:00,0
12/14/2022 14:00,0
12/14/2022 15:00,0
12/14/2022 16:00,0
12/14/2022 17:00,0
12/14/2022 18:00,0
12/14/2022 19:00,0
12/14/2022 20:00,0
12/14/2022 21:00,0
12/14/2022 22:00,0
12/14/2022 23:00,22.195
12/15/2022 0:00,97.875
12/15/2022 1:00,176.75
12/15/2022 2:00,249
12/15/2022 3:00,281.75
12/15/2022 4:00,282.75
12/15/2022 5:00,283.625
12/15/2022 6:00,276.875
12/15/2022 7:00,257.875
12/15/2022 8:00,217.188
12/15/2022 9:00,150.938
12/15/2022 10:00,43.969
12/15/2022 11:00,0.033
12/15/2022 12:00,0
12/15/2022 13:00,0
12/15/2022 14:00,0
12/15/2022 15:00,0
12/15/2022 16:00,0
12/15/2022 17:00,0
12/15/2022 18:00,0
12/15/2022 19:00,0
12/15/2022 20:00,0
12/15/2022 21:00,0
12/15/2022 22:00,0
12/15/2022 23:00,48.391
12/16/2022 0:00,241.625
12/16/2022 1:00,469.75
12/16/2022 2:00,672
12/16/2022 3:00,794.75
12/16/2022 4:00,832
12/16/2022 5:00,806.5
12/16/2022 6:00,718
12/16/2022 7:00,545
12/16/2022 8:00,370.5
12/16/2022 9:00,199.125
12/16/2022 10:00,60.031
12/16/2022 11:00,0.04
12/16/2022 12:00,0
12/16/2022 13:00,0
12/16/2022 14:00,0
12/16/2022 15:00,0
12/16/2022 16:00,0
12/16/2022 17:00,0
12/16/2022 18:00,0
12/16/2022 19:00,0
12/16/2022 20:00,0
12/16/2022 21:00,0
12/16/2022 22:00,0
12/16/2022 23:00,20.555
12/17/2022 0:00,101.281
12/17/2022 1:00,201.125
12/17/2022 2:00,296.25
12/17/2022 3:00,393.375
12/17/2022 4:00,455.75
12/17/2022 5:00,494.25
12/17/2022 6:00,469.375
12/17/2022 7:00,371
12/17/2022 8:00,243.125
12/17/2022 9:00,123.656
12/17/2022 10:00,33.812
12/17/2022 11:00,0.025
12/17/2022 12:00,0
12/17/2022 13:00,0
12/17/2022 14:00,0
12/17/2022 15:00,0
12/17/2022 16:00,0
12/17/2022 17:00,0
12/17/2022 18:00,0
12/17/2022 19:00,0
12/17/2022 20:00,0
12/17/2022 21:00,0
12/17/2022 22:00,0
12/17/2022 23:00,30.047
12/18/2022 0:00,149.5
12/18/2022 1:00,308.625
12/18/2022 2:00,458.75
12/18/2022 3:00,590.5
12/18/2022 4:00,683.75
12/18/2022 5:00,697.5
12/18/2022 6:00,632
12/18/2022 7:00,483.375
12/18/2022 8:00,334.75
12/18/2022 9:00,180.375
12/18/2022 10:00,50.875
12/18/2022 11:00,0.042
12/18/2022 12:00,0
12/18/2022 13:00,0
12/18/2022 14:00,0
12/18/2022 15:00,0
12/18/2022 16:00,0
12/18/2022 17:00,0
12/18/2022 18:00,0
12/18/2022 19:00,0
12/18/2022 20:00,0
12/18/2022 21:00,0
12/18/2022 22:00,0
12/18/2022 23:00,26.25
12/19/2022 0:00,121.594
12/19/2022 1:00,218.75
12/19/2022 2:00,294
12/19/2022 3:00,358.375
12/19/2022 4:00,372
12/19/2022 5:00,387.5
12/19/2022 6:00,340.625
12/19/2022 7:00,263.875
12/19/2022 8:00,195.875
12/19/2022 9:00,109.625
12/19/2022 10:00,29.344
12/19/2022 11:00,0.019
12/19/2022 12:00,0
12/19/2022 13:00,0
12/19/2022 14:00,0
12/19/2022 15:00,0
12/19/2022 16:00,0
12/19/2022 17:00,0
12/19/2022 18:00,0
12/19/2022 19:00,0
12/19/2022 20:00,0
12/19/2022 21:00,0
12/19/2022 22:00,0
12/19/2022 23:00,21.992
12/20/2022 0:00,110.031
12/20/2022 1:00,226.812
12/20/2022 2:00,335.125
12/20/2022 3:00,399
12/20/2022 4:00,417.125
12/20/2022 5:00,399.75
12/20/2022 6:00,365.75
12/20/2022 7:00,289.75
12/20/2022 8:00,216
12/20/2022 9:00,123.125
12/20/2022 10:00,38.812
12/20/2022 11:00,0.029
12/20/2022 12:00,0
12/20/2022 13:00,0
12/20/2022 14:00,0
12/20/2022 15:00,0
12/20/2022 16:00,0
12/20/2022 17:00,0
12/20/2022 18:00,0
12/20/2022 19:00,0
12/20/2022 20:00,0
12/20/2022 21:00,0
12/20/2022 22:00,0
12/20/2022 23:00,21.164
12/21/2022 0:00,104.531
12/21/2022 1:00,214.5
12/21/2022 2:00,308.625
12/21/2022 3:00,374.625
12/21/2022 4:00,405.125
12/21/2022 5:00,400.875
12/21/2022 6:00,351.375
12/21/2022 7:00,257.25
12/21/2022 8:00,151.312
12/21/2022 9:00,71.25
12/21/2022 10:00,18.742
12/21/2022 11:00,0.012
12/21/2022 12:00,0
12/21/2022 13:00,0
12/21/2022 14:00,0
12/21/2022 15:00,0
12/21/2022 16:00,0
12/21/2022 17:00,0
12/21/2022 18:00,0
12/21/2022 19:00,0
12/21/2022 20:00,0
12/21/2022 21:00,0
12/21/2022 22:00,0
12/21/2022 23:00,19.992
12/22/2022 0:00,101.625
12/22/2022 1:00,203.688
12/22/2022 2:00,297.375
12/22/2022 3:00,361.625
12/22/2022 4:00,411.25
12/22/2022 5:00,415.25
12/22/2022 6:00,356.375
12/22/2022 7:00,292.875
12/22/2022 8:00,198.562
12/22/2022 9:00,99.031
12/22/2022 10:00,23.969
12/22/2022 11:00,0.015
12/22/2022 12:00,0
12/22/2022 13:00,0
12/22/2022 14:00,0
12/22/2022 15:00,0
12/22/2022 16:00,0
12/22/2022 17:00,0
12/22/2022 18:00,0
12/22/2022 19:00,0
12/22/2022 20:00,0
12/22/2022 21:00,0
12/22/2022 22:00,0
12/22/2022 23:00,14.691
12/23/2022 0:00,70.656
12/23/2022 1:00,142.562
12/23/2022 2:00,245.125
12/23/2022 3:00,348.625
12/23/2022 4:00,438.875
12/23/2022 5:00,512.25
12/23/2022 6:00,501.625
12/23/2022 7:00,424.625
12/23/2022 8:00,296.5
12/23/2022 9:00,153.688
12/23/2022 10:00,39.75
12/23/2022 11:00,0.032
12/23/2022 12:00,0
12/23/2022 13:00,0
12/23/2022 14:00,0
12/23/2022 15:00,0
12/23/2022 16:00,0
12/23/2022 17:00,0
12/23/2022 18:00,0
12/23/2022 19:00,0
12/23/2022 20:00,0
12/23/2022 21:00,0
12/23/2022 22:00,0
12/23/2022 23:00,41.578
12/24/2022 0:00,212.812
12/24/2022 1:00,416.5
12/24/2022 2:00,606.75
12/24/2022 3:00,748
12/24/2022 4:00,799.25
12/24/2022 5:00,774.75
12/24/2022 6:00,715.75
12/24/2022 7:00,635.75
12/24/2022 8:00,439.875
12/24/2022 9:00,259
12/24/2022 10:00,75
12/24/2022 11:00,0.058
12/24/2022 12:00,0
12/24/2022 13:00,0
12/24/2022 14:00,0
12/24/2022 15:00,0
12/24/2022 16:00,0
12/24/2022 17:00,0
12/24/2022 18:00,0
12/24/2022 19:00,0
12/24/2022 20:00,0
12/24/2022 21:00,0
12/24/2022 22:00,0
12/24/2022 23:00,31.484
12/25/2022 0:00,178.375
12/25/2022 1:00,387.25
12/25/2022 2:00,602.75
12/25/2022 3:00,778.75
12/25/2022 4:00,892.25
12/25/2022 5:00,899
12/25/2022 6:00,821.25
12/25/2022 7:00,667
12/25/2022 8:00,447.625
12/25/2022 9:00,209.625
12/25/2022 10:00,59.875
12/25/2022 11:00,0.055
12/25/2022 12:00,0
12/25/2022 13:00,0
12/25/2022 14:00,0
12/25/2022 15:00,0
12/25/2022 16:00,0
12/25/2022 17:00,0
12/25/2022 18:00,0
12/25/2022 19:00,0
12/25/2022 20:00,0
12/25/2022 21:00,0
12/25/2022 22:00,0
12/25/2022 23:00,39.641
12/26/2022 0:00,224.125
12/26/2022 1:00,452.875
12/26/2022 2:00,651.5
12/26/2022 3:00,805.75
12/26/2022 4:00,872.5
12/26/2022 5:00,798
12/26/2022 6:00,590.75
12/26/2022 7:00,360.375
12/26/2022 8:00,203.375
12/26/2022 9:00,157.562
12/26/2022 10:00,49.672
12/26/2022 11:00,0.034
12/26/2022 12:00,0
12/26/2022 13:00,0
12/26/2022 14:00,0
12/26/2022 15:00,0
12/26/2022 16:00,0
12/26/2022 17:00,0
12/26/2022 18:00,0
12/26/2022 19:00,0
12/26/2022 20:00,0
12/26/2022 21:00,0
12/26/2022 22:00,0
12/26/2022 23:00,47.281
12/27/2022 0:00,223.562
12/27/2022 1:00,373
12/27/2022 2:00,505.125
12/27/2022 3:00,578.25
12/27/2022 4:00,617.75
12/27/2022 5:00,581.25
12/27/2022 6:00,509.375
12/27/2022 7:00,428.25
12/27/2022 8:00,268.625
12/27/2022 9:00,153
12/27/2022 10:00,46
12/27/2022 11:00,0.045
12/27/2022 12:00,0
12/27/2022 13:00,0
12/27/2022 14:00,0
12/27/2022 15:00,0
12/27/2022 16:00,0
12/27/2022 17:00,0
12/27/2022 18:00,0
12/27/2022 19:00,0
12/27/2022 20:00,0
12/27/2022 21:00,0
12/27/2022 22:00,0
12/27/2022 23:00,37.703
12/28/2022 0:00,168.938
12/28/2022 1:00,347
12/28/2022 2:00,595
12/28/2022 3:00,761.75
12/28/2022 4:00,798.75
12/28/2022 5:00,761
12/28/2022 6:00,680.25
12/28/2022 7:00,645.75
12/28/2022 8:00,433.5
12/28/2022 9:00,241
12/28/2022 10:00,64.156
12/28/2022 11:00,0.043
12/28/2022 12:00,0
12/28/2022 13:00,0
12/28/2022 14:00,0
12/28/2022 15:00,0
12/28/2022 16:00,0
12/28/2022 17:00,0
12/28/2022 18:00,0
12/28/2022 19:00,0
12/28/2022 20:00,0
12/28/2022 21:00,0
12/28/2022 22:00,0
12/28/2022 23:00,28.008
12/29/2022 0:00,133.062
12/29/2022 1:00,255.562
12/29/2022 2:00,321.625
12/29/2022 3:00,384.25
12/29/2022 4:00,453.625
12/29/2022 5:00,462.5
12/29/2022 6:00,423
12/29/2022 7:00,345
12/29/2022 8:00,236.688
12/29/2022 9:00,124.969
12/29/2022 10:00,33.281
12/29/2022 11:00,0.022
12/29/2022 12:00,0
12/29/2022 13:00,0
12/29/2022 14:00,0
12/29/2022 15:00,0
12/29/2022 16:00,0
12/29/2022 17:00,0
12/29/2022 18:00,0
12/29/2022 19:00,0
12/29/2022 20:00,0
12/29/2022 21:00,0
12/29/2022 22:00,0
12/29/2022 23:00,52.078
12/30/2022 0:00,261.25
12/30/2022 1:00,499.875
12/30/2022 2:00,706.25
12/30/2022 3:00,845
12/30/2022 4:00,914.75
12/30/2022 5:00,913.25
12/30/2022 6:00,830.75
12/30/2022 7:00,675.25
12/30/2022 8:00,430
12/30/2022 9:00,218.562
12/30/2022 10:00,50.453
12/30/2022 11:00,0.031
12/30/2022 12:00,0
12/30/2022 13:00,0
12/30/2022 14:00,0
12/30/2022 15:00,0
12/30/2022 16:00,0
12/30/2022 17:00,0
12/30/2022 18:00,0
12/30/2022 19:00,0
12/30/2022 20:00,0
12/30/2022 21:00,0
12/30/2022 22:00,0
12/30/2022 23:00,35.359
12/31/2022 0:00,159.25
12/31/2022 1:00,288.25
12/31/2022 2:00,393
12/31/2022 3:00,469.875
12/31/2022 4:00,539.5
12/31/2022 5:00,586
12/31/2022 6:00,549.25
12/31/2022 7:00,438
12/31/2022 8:00,252.938
12/31/2022 9:00,149.438
12/31/2022 10:00,45.172
12/31/2022 11:00,0.038
12/31/2022 12:00,0
12/31/2022 13:00,0
12/31/2022 14:00,0
12/31/2022 15:00,0
12/31/2022 16:00,0
12/31/2022 17:00,0
12/31/2022 18:00,0
12/31/2022 19:00,0
12/31/2022 20:00,0
12/31/2022 21:00,0
12/31/2022 22:00,0
12/31/2022 23:00,36.109
