# Renewables.ninja Weather (hourly 1980-2022)  -  South Africa  -  renewables_ninja_country_ZA_irradiance-surface_merra-2_pop-wtd.csv  -  Version 1.4,
# License: https://creativecommons.org/licenses/by-nc/4.0/  -  Reference: https://doi.org/10.1038/s41560-023-01341-5,
# Units: time in UTC; other columns are the irradiance at ground level in W/m^2 (SWGDN in MERRA-2) weighted by population; column names signify country ISO2 code or GADM level1 code.,
,
1/1/2022 0:00,0
1/1/2022 1:00,0
1/1/2022 2:00,0.001
1/1/2022 3:00,30.825
1/1/2022 4:00,179.501
1/1/2022 5:00,405.991
1/1/2022 6:00,636.427
1/1/2022 7:00,819.603
1/1/2022 8:00,947.452
1/1/2022 9:00,1021.989
1/1/2022 10:00,1040.328
1/1/2022 11:00,978.887
1/1/2022 12:00,862.414
1/1/2022 13:00,694.734
1/1/2022 14:00,494.661
1/1/2022 15:00,275.071
1/1/2022 16:00,81.977
1/1/2022 17:00,5.996
1/1/2022 18:00,0
1/1/2022 19:00,0
1/1/2022 20:00,0
1/1/2022 21:00,0
1/1/2022 22:00,0
1/1/2022 23:00,0
1/2/2022 0:00,0
1/2/2022 1:00,0
1/2/2022 2:00,0
1/2/2022 3:00,32.835
1/2/2022 4:00,203.645
1/2/2022 5:00,424.553
1/2/2022 6:00,636.728
1/2/2022 7:00,822.18
1/2/2022 8:00,952.175
1/2/2022 9:00,1030.192
1/2/2022 10:00,1031.877
1/2/2022 11:00,969.499
1/2/2022 12:00,841.427
1/2/2022 13:00,665.582
1/2/2022 14:00,461.745
1/2/2022 15:00,253.437
1/2/2022 16:00,68.223
1/2/2022 17:00,3.753
1/2/2022 18:00,0
1/2/2022 19:00,0
1/2/2022 20:00,0
1/2/2022 21:00,0
1/2/2022 22:00,0
1/2/2022 23:00,0
1/3/2022 0:00,0
1/3/2022 1:00,0
1/3/2022 2:00,0
1/3/2022 3:00,28.046
1/3/2022 4:00,175.699
1/3/2022 5:00,401.583
1/3/2022 6:00,627.591
1/3/2022 7:00,807.729
1/3/2022 8:00,930.132
1/3/2022 9:00,984.924
1/3/2022 10:00,972.811
1/3/2022 11:00,913.477
1/3/2022 12:00,796.633
1/3/2022 13:00,630.203
1/3/2022 14:00,439.959
1/3/2022 15:00,242.008
1/3/2022 16:00,64.823
1/3/2022 17:00,2.961
1/3/2022 18:00,0
1/3/2022 19:00,0
1/3/2022 20:00,0
1/3/2022 21:00,0
1/3/2022 22:00,0
1/3/2022 23:00,0
1/4/2022 0:00,0
1/4/2022 1:00,0
1/4/2022 2:00,0
1/4/2022 3:00,26.577
1/4/2022 4:00,185.71
1/4/2022 5:00,407.242
1/4/2022 6:00,613.65
1/4/2022 7:00,786.796
1/4/2022 8:00,911.778
1/4/2022 9:00,978.53
1/4/2022 10:00,967.747
1/4/2022 11:00,888.197
1/4/2022 12:00,760.188
1/4/2022 13:00,600.827
1/4/2022 14:00,419.889
1/4/2022 15:00,237.774
1/4/2022 16:00,69.887
1/4/2022 17:00,5.442
1/4/2022 18:00,0
1/4/2022 19:00,0
1/4/2022 20:00,0
1/4/2022 21:00,0
1/4/2022 22:00,0
1/4/2022 23:00,0
1/5/2022 0:00,0
1/5/2022 1:00,0
1/5/2022 2:00,0
1/5/2022 3:00,26.15
1/5/2022 4:00,172.079
1/5/2022 5:00,383.918
1/5/2022 6:00,594.499
1/5/2022 7:00,788.005
1/5/2022 8:00,922.693
1/5/2022 9:00,975.191
1/5/2022 10:00,980.179
1/5/2022 11:00,935.872
1/5/2022 12:00,826.571
1/5/2022 13:00,670.693
1/5/2022 14:00,471.629
1/5/2022 15:00,260.04
1/5/2022 16:00,73.528
1/5/2022 17:00,5.392
1/5/2022 18:00,0
1/5/2022 19:00,0
1/5/2022 20:00,0
1/5/2022 21:00,0
1/5/2022 22:00,0
1/5/2022 23:00,0
1/6/2022 0:00,0
1/6/2022 1:00,0
1/6/2022 2:00,0
1/6/2022 3:00,26.423
1/6/2022 4:00,167.985
1/6/2022 5:00,366.258
1/6/2022 6:00,565.241
1/6/2022 7:00,734.499
1/6/2022 8:00,843.587
1/6/2022 9:00,860.553
1/6/2022 10:00,811.603
1/6/2022 11:00,713.751
1/6/2022 12:00,577.456
1/6/2022 13:00,436.066
1/6/2022 14:00,290.397
1/6/2022 15:00,161.158
1/6/2022 16:00,52.632
1/6/2022 17:00,4.913
1/6/2022 18:00,0
1/6/2022 19:00,0
1/6/2022 20:00,0
1/6/2022 21:00,0
1/6/2022 22:00,0
1/6/2022 23:00,0
1/7/2022 0:00,0
1/7/2022 1:00,0
1/7/2022 2:00,0
1/7/2022 3:00,20.581
1/7/2022 4:00,139.236
1/7/2022 5:00,321.584
1/7/2022 6:00,527.472
1/7/2022 7:00,714.83
1/7/2022 8:00,847.236
1/7/2022 9:00,919.415
1/7/2022 10:00,928.957
1/7/2022 11:00,860.866
1/7/2022 12:00,731.004
1/7/2022 13:00,574.012
1/7/2022 14:00,389.212
1/7/2022 15:00,207.214
1/7/2022 16:00,61.558
1/7/2022 17:00,5.054
1/7/2022 18:00,0
1/7/2022 19:00,0
1/7/2022 20:00,0
1/7/2022 21:00,0
1/7/2022 22:00,0
1/7/2022 23:00,0
1/8/2022 0:00,0
1/8/2022 1:00,0
1/8/2022 2:00,0
1/8/2022 3:00,20.136
1/8/2022 4:00,146.314
1/8/2022 5:00,345.025
1/8/2022 6:00,569.648
1/8/2022 7:00,766.533
1/8/2022 8:00,889.992
1/8/2022 9:00,944.058
1/8/2022 10:00,913.973
1/8/2022 11:00,821.695
1/8/2022 12:00,699.817
1/8/2022 13:00,549.207
1/8/2022 14:00,381.018
1/8/2022 15:00,207.663
1/8/2022 16:00,61.29
1/8/2022 17:00,4.718
1/8/2022 18:00,0
1/8/2022 19:00,0
1/8/2022 20:00,0
1/8/2022 21:00,0
1/8/2022 22:00,0
1/8/2022 23:00,0
1/9/2022 0:00,0
1/9/2022 1:00,0
1/9/2022 2:00,0
1/9/2022 3:00,27.85
1/9/2022 4:00,182.929
1/9/2022 5:00,417.154
1/9/2022 6:00,636.958
1/9/2022 7:00,822.712
1/9/2022 8:00,954.254
1/9/2022 9:00,1018.966
1/9/2022 10:00,952.1
1/9/2022 11:00,857.382
1/9/2022 12:00,702.488
1/9/2022 13:00,547.594
1/9/2022 14:00,375.301
1/9/2022 15:00,200.875
1/9/2022 16:00,49.67
1/9/2022 17:00,2.631
1/9/2022 18:00,0
1/9/2022 19:00,0
1/9/2022 20:00,0
1/9/2022 21:00,0
1/9/2022 22:00,0
1/9/2022 23:00,0
1/10/2022 0:00,0
1/10/2022 1:00,0
1/10/2022 2:00,0
1/10/2022 3:00,27.36
1/10/2022 4:00,174.398
1/10/2022 5:00,402.002
1/10/2022 6:00,625.004
1/10/2022 7:00,817.722
1/10/2022 8:00,954.494
1/10/2022 9:00,1001.257
1/10/2022 10:00,979.502
1/10/2022 11:00,891.945
1/10/2022 12:00,754.563
1/10/2022 13:00,590.423
1/10/2022 14:00,407.278
1/10/2022 15:00,211.967
1/10/2022 16:00,59.164
1/10/2022 17:00,4.049
1/10/2022 18:00,0
1/10/2022 19:00,0
1/10/2022 20:00,0
1/10/2022 21:00,0
1/10/2022 22:00,0
1/10/2022 23:00,0
1/11/2022 0:00,0
1/11/2022 1:00,0
1/11/2022 2:00,0
1/11/2022 3:00,26.207
1/11/2022 4:00,184.623
1/11/2022 5:00,401.107
1/11/2022 6:00,618.263
1/11/2022 7:00,800.553
1/11/2022 8:00,916.578
1/11/2022 9:00,960.629
1/11/2022 10:00,940.113
1/11/2022 11:00,856.878
1/11/2022 12:00,713.602
1/11/2022 13:00,551.507
1/11/2022 14:00,365.085
1/11/2022 15:00,199.382
1/11/2022 16:00,55.855
1/11/2022 17:00,3.987
1/11/2022 18:00,0
1/11/2022 19:00,0
1/11/2022 20:00,0
1/11/2022 21:00,0
1/11/2022 22:00,0
1/11/2022 23:00,0
1/12/2022 0:00,0
1/12/2022 1:00,0
1/12/2022 2:00,0
1/12/2022 3:00,16.367
1/12/2022 4:00,122.592
1/12/2022 5:00,286.794
1/12/2022 6:00,470.758
1/12/2022 7:00,640.634
1/12/2022 8:00,767.115
1/12/2022 9:00,825.431
1/12/2022 10:00,814.649
1/12/2022 11:00,751.187
1/12/2022 12:00,631.833
1/12/2022 13:00,487.808
1/12/2022 14:00,335.697
1/12/2022 15:00,183.121
1/12/2022 16:00,52.061
1/12/2022 17:00,3.635
1/12/2022 18:00,0
1/12/2022 19:00,0
1/12/2022 20:00,0
1/12/2022 21:00,0
1/12/2022 22:00,0
1/12/2022 23:00,0
1/13/2022 0:00,0
1/13/2022 1:00,0
1/13/2022 2:00,0
1/13/2022 3:00,23.298
1/13/2022 4:00,166.731
1/13/2022 5:00,393.551
1/13/2022 6:00,616.323
1/13/2022 7:00,796.776
1/13/2022 8:00,914.9
1/13/2022 9:00,968.013
1/13/2022 10:00,939.51
1/13/2022 11:00,852.571
1/13/2022 12:00,717.995
1/13/2022 13:00,543.321
1/13/2022 14:00,326.544
1/13/2022 15:00,156.699
1/13/2022 16:00,39.212
1/13/2022 17:00,1.903
1/13/2022 18:00,0
1/13/2022 19:00,0
1/13/2022 20:00,0
1/13/2022 21:00,0
1/13/2022 22:00,0
1/13/2022 23:00,0
1/14/2022 0:00,0
1/14/2022 1:00,0
1/14/2022 2:00,0
1/14/2022 3:00,19.884
1/14/2022 4:00,151.145
1/14/2022 5:00,360.144
1/14/2022 6:00,568.797
1/14/2022 7:00,749.214
1/14/2022 8:00,884.863
1/14/2022 9:00,943.458
1/14/2022 10:00,935.033
1/14/2022 11:00,883.953
1/14/2022 12:00,763.736
1/14/2022 13:00,600.358
1/14/2022 14:00,411.996
1/14/2022 15:00,218.806
1/14/2022 16:00,60.747
1/14/2022 17:00,3.762
1/14/2022 18:00,0
1/14/2022 19:00,0
1/14/2022 20:00,0
1/14/2022 21:00,0
1/14/2022 22:00,0
1/14/2022 23:00,0
1/15/2022 0:00,0
1/15/2022 1:00,0
1/15/2022 2:00,0
1/15/2022 3:00,23.145
1/15/2022 4:00,156.162
1/15/2022 5:00,367.794
1/15/2022 6:00,591.513
1/15/2022 7:00,794.764
1/15/2022 8:00,930.95
1/15/2022 9:00,997.13
1/15/2022 10:00,986.768
1/15/2022 11:00,897.318
1/15/2022 12:00,737.998
1/15/2022 13:00,551.456
1/15/2022 14:00,367.841
1/15/2022 15:00,191.391
1/15/2022 16:00,51.206
1/15/2022 17:00,3.674
1/15/2022 18:00,0
1/15/2022 19:00,0
1/15/2022 20:00,0
1/15/2022 21:00,0
1/15/2022 22:00,0
1/15/2022 23:00,0
1/16/2022 0:00,0
1/16/2022 1:00,0
1/16/2022 2:00,0
1/16/2022 3:00,15.753
1/16/2022 4:00,124.247
1/16/2022 5:00,312.551
1/16/2022 6:00,498.399
1/16/2022 7:00,659.284
1/16/2022 8:00,768.37
1/16/2022 9:00,818.845
1/16/2022 10:00,803.602
1/16/2022 11:00,719.848
1/16/2022 12:00,609.041
1/16/2022 13:00,468
1/16/2022 14:00,327.047
1/16/2022 15:00,182.68
1/16/2022 16:00,55.728
1/16/2022 17:00,4.149
1/16/2022 18:00,0
1/16/2022 19:00,0
1/16/2022 20:00,0
1/16/2022 21:00,0
1/16/2022 22:00,0
1/16/2022 23:00,0
1/17/2022 0:00,0
1/17/2022 1:00,0
1/17/2022 2:00,0
1/17/2022 3:00,16.844
1/17/2022 4:00,136.768
1/17/2022 5:00,316.414
1/17/2022 6:00,511.702
1/17/2022 7:00,705.361
1/17/2022 8:00,853.476
1/17/2022 9:00,932.819
1/17/2022 10:00,939.784
1/17/2022 11:00,889.784
1/17/2022 12:00,758.787
1/17/2022 13:00,606.975
1/17/2022 14:00,425.502
1/17/2022 15:00,222.349
1/17/2022 16:00,60.489
1/17/2022 17:00,3.944
1/17/2022 18:00,0
1/17/2022 19:00,0
1/17/2022 20:00,0
1/17/2022 21:00,0
1/17/2022 22:00,0
1/17/2022 23:00,0
1/18/2022 0:00,0
1/18/2022 1:00,0
1/18/2022 2:00,0
1/18/2022 3:00,23.16
1/18/2022 4:00,162.338
1/18/2022 5:00,358.779
1/18/2022 6:00,554.006
1/18/2022 7:00,712.409
1/18/2022 8:00,823.935
1/18/2022 9:00,880.023
1/18/2022 10:00,893.338
1/18/2022 11:00,863.105
1/18/2022 12:00,791.393
1/18/2022 13:00,653.643
1/18/2022 14:00,468.261
1/18/2022 15:00,246.016
1/18/2022 16:00,63.277
1/18/2022 17:00,3.198
1/18/2022 18:00,0
1/18/2022 19:00,0
1/18/2022 20:00,0
1/18/2022 21:00,0
1/18/2022 22:00,0
1/18/2022 23:00,0
1/19/2022 0:00,0
1/19/2022 1:00,0
1/19/2022 2:00,0
1/19/2022 3:00,17.893
1/19/2022 4:00,151.456
1/19/2022 5:00,359.961
1/19/2022 6:00,579.823
1/19/2022 7:00,775.567
1/19/2022 8:00,894.855
1/19/2022 9:00,936.118
1/19/2022 10:00,923.625
1/19/2022 11:00,858.487
1/19/2022 12:00,732.864
1/19/2022 13:00,547.548
1/19/2022 14:00,372.706
1/19/2022 15:00,199.387
1/19/2022 16:00,56.584
1/19/2022 17:00,3.927
1/19/2022 18:00,0
1/19/2022 19:00,0
1/19/2022 20:00,0
1/19/2022 21:00,0
1/19/2022 22:00,0
1/19/2022 23:00,0
1/20/2022 0:00,0
1/20/2022 1:00,0
1/20/2022 2:00,0
1/20/2022 3:00,20.551
1/20/2022 4:00,161.463
1/20/2022 5:00,386.789
1/20/2022 6:00,624.441
1/20/2022 7:00,833.284
1/20/2022 8:00,981.063
1/20/2022 9:00,1064.575
1/20/2022 10:00,1074.733
1/20/2022 11:00,1019.66
1/20/2022 12:00,892.474
1/20/2022 13:00,706.129
1/20/2022 14:00,481.566
1/20/2022 15:00,248.477
1/20/2022 16:00,63.569
1/20/2022 17:00,3.899
1/20/2022 18:00,0
1/20/2022 19:00,0
1/20/2022 20:00,0
1/20/2022 21:00,0
1/20/2022 22:00,0
1/20/2022 23:00,0
1/21/2022 0:00,0
1/21/2022 1:00,0
1/21/2022 2:00,0
1/21/2022 3:00,25.357
1/21/2022 4:00,193.112
1/21/2022 5:00,427.702
1/21/2022 6:00,663.617
1/21/2022 7:00,862.554
1/21/2022 8:00,1008.187
1/21/2022 9:00,1088.439
1/21/2022 10:00,1097.317
1/21/2022 11:00,1034.494
1/21/2022 12:00,909.199
1/21/2022 13:00,728.235
1/21/2022 14:00,508.261
1/21/2022 15:00,271.743
1/21/2022 16:00,67.241
1/21/2022 17:00,3.579
1/21/2022 18:00,0
1/21/2022 19:00,0
1/21/2022 20:00,0
1/21/2022 21:00,0
1/21/2022 22:00,0
1/21/2022 23:00,0
1/22/2022 0:00,0
1/22/2022 1:00,0
1/22/2022 2:00,0
1/22/2022 3:00,20.097
1/22/2022 4:00,166.246
1/22/2022 5:00,415.639
1/22/2022 6:00,647.183
1/22/2022 7:00,839.768
1/22/2022 8:00,984.903
1/22/2022 9:00,1066.966
1/22/2022 10:00,1078.264
1/22/2022 11:00,1015.029
1/22/2022 12:00,889.635
1/22/2022 13:00,709.658
1/22/2022 14:00,484.523
1/22/2022 15:00,246.341
1/22/2022 16:00,57.439
1/22/2022 17:00,2.723
1/22/2022 18:00,0
1/22/2022 19:00,0
1/22/2022 20:00,0
1/22/2022 21:00,0
1/22/2022 22:00,0
1/22/2022 23:00,0
1/23/2022 0:00,0
1/23/2022 1:00,0
1/23/2022 2:00,0
1/23/2022 3:00,20.887
1/23/2022 4:00,169.376
1/23/2022 5:00,422.855
1/23/2022 6:00,654.14
1/23/2022 7:00,858.859
1/23/2022 8:00,1005.081
1/23/2022 9:00,1085.433
1/23/2022 10:00,1096.148
1/23/2022 11:00,1032.749
1/23/2022 12:00,910.693
1/23/2022 13:00,729.197
1/23/2022 14:00,507.708
1/23/2022 15:00,270.267
1/23/2022 16:00,65.655
1/23/2022 17:00,2.921
1/23/2022 18:00,0
1/23/2022 19:00,0
1/23/2022 20:00,0
1/23/2022 21:00,0
1/23/2022 22:00,0
1/23/2022 23:00,0
1/24/2022 0:00,0
1/24/2022 1:00,0
1/24/2022 2:00,0
1/24/2022 3:00,22.498
1/24/2022 4:00,183.869
1/24/2022 5:00,427.878
1/24/2022 6:00,656.986
1/24/2022 7:00,853.26
1/24/2022 8:00,994.138
1/24/2022 9:00,1072.904
1/24/2022 10:00,1080.302
1/24/2022 11:00,1013.3
1/24/2022 12:00,883.23
1/24/2022 13:00,683.625
1/24/2022 14:00,464.492
1/24/2022 15:00,249.138
1/24/2022 16:00,60.464
1/24/2022 17:00,2.886
1/24/2022 18:00,0
1/24/2022 19:00,0
1/24/2022 20:00,0
1/24/2022 21:00,0
1/24/2022 22:00,0
1/24/2022 23:00,0
1/25/2022 0:00,0
1/25/2022 1:00,0
1/25/2022 2:00,0
1/25/2022 3:00,21.28
1/25/2022 4:00,179.033
1/25/2022 5:00,396.438
1/25/2022 6:00,615.626
1/25/2022 7:00,807.73
1/25/2022 8:00,948.783
1/25/2022 9:00,1017.803
1/25/2022 10:00,1028.321
1/25/2022 11:00,949.023
1/25/2022 12:00,789.614
1/25/2022 13:00,594.083
1/25/2022 14:00,402.488
1/25/2022 15:00,203.59
1/25/2022 16:00,50.065
1/25/2022 17:00,2.827
1/25/2022 18:00,0
1/25/2022 19:00,0
1/25/2022 20:00,0
1/25/2022 21:00,0
1/25/2022 22:00,0
1/25/2022 23:00,0
1/26/2022 0:00,0
1/26/2022 1:00,0
1/26/2022 2:00,0
1/26/2022 3:00,16.65
1/26/2022 4:00,152.566
1/26/2022 5:00,383.725
1/26/2022 6:00,617.845
1/26/2022 7:00,816.517
1/26/2022 8:00,952.97
1/26/2022 9:00,1020.767
1/26/2022 10:00,1017.455
1/26/2022 11:00,944.188
1/26/2022 12:00,806.692
1/26/2022 13:00,635.847
1/26/2022 14:00,436.686
1/26/2022 15:00,226.774
1/26/2022 16:00,52.676
1/26/2022 17:00,2.606
1/26/2022 18:00,0
1/26/2022 19:00,0
1/26/2022 20:00,0
1/26/2022 21:00,0
1/26/2022 22:00,0
1/26/2022 23:00,0
1/27/2022 0:00,0
1/27/2022 1:00,0
1/27/2022 2:00,0
1/27/2022 3:00,16.248
1/27/2022 4:00,155.807
1/27/2022 5:00,379.757
1/27/2022 6:00,608.527
1/27/2022 7:00,792.833
1/27/2022 8:00,918.198
1/27/2022 9:00,970.759
1/27/2022 10:00,953.612
1/27/2022 11:00,866.769
1/27/2022 12:00,721.476
1/27/2022 13:00,550.8
1/27/2022 14:00,368.623
1/27/2022 15:00,187.433
1/27/2022 16:00,47.776
1/27/2022 17:00,2.787
1/27/2022 18:00,0
1/27/2022 19:00,0
1/27/2022 20:00,0
1/27/2022 21:00,0
1/27/2022 22:00,0
1/27/2022 23:00,0
1/28/2022 0:00,0
1/28/2022 1:00,0
1/28/2022 2:00,0
1/28/2022 3:00,14.956
1/28/2022 4:00,141.448
1/28/2022 5:00,347.282
1/28/2022 6:00,563.977
1/28/2022 7:00,755.25
1/28/2022 8:00,891.585
1/28/2022 9:00,947.05
1/28/2022 10:00,905.252
1/28/2022 11:00,798.356
1/28/2022 12:00,648.171
1/28/2022 13:00,482.28
1/28/2022 14:00,320.675
1/28/2022 15:00,166.629
1/28/2022 16:00,44.053
1/28/2022 17:00,2.701
1/28/2022 18:00,0
1/28/2022 19:00,0
1/28/2022 20:00,0
1/28/2022 21:00,0
1/28/2022 22:00,0
1/28/2022 23:00,0
1/29/2022 0:00,0
1/29/2022 1:00,0
1/29/2022 2:00,0
1/29/2022 3:00,14.033
1/29/2022 4:00,143.296
1/29/2022 5:00,332.258
1/29/2022 6:00,529.65
1/29/2022 7:00,702.811
1/29/2022 8:00,834.072
1/29/2022 9:00,884.757
1/29/2022 10:00,834.118
1/29/2022 11:00,757.219
1/29/2022 12:00,649.199
1/29/2022 13:00,508.396
1/29/2022 14:00,343.523
1/29/2022 15:00,176.503
1/29/2022 16:00,44.754
1/29/2022 17:00,2.434
1/29/2022 18:00,0
1/29/2022 19:00,0
1/29/2022 20:00,0
1/29/2022 21:00,0
1/29/2022 22:00,0
1/29/2022 23:00,0
1/30/2022 0:00,0
1/30/2022 1:00,0
1/30/2022 2:00,0
1/30/2022 3:00,13.804
1/30/2022 4:00,129.769
1/30/2022 5:00,322.288
1/30/2022 6:00,518.016
1/30/2022 7:00,686.548
1/30/2022 8:00,804.067
1/30/2022 9:00,858.815
1/30/2022 10:00,847.801
1/30/2022 11:00,776.646
1/30/2022 12:00,668.841
1/30/2022 13:00,516.414
1/30/2022 14:00,342.327
1/30/2022 15:00,168.653
1/30/2022 16:00,41.837
1/30/2022 17:00,2.23
1/30/2022 18:00,0
1/30/2022 19:00,0
1/30/2022 20:00,0
1/30/2022 21:00,0
1/30/2022 22:00,0
1/30/2022 23:00,0
1/31/2022 0:00,0
1/31/2022 1:00,0
1/31/2022 2:00,0
1/31/2022 3:00,10.468
1/31/2022 4:00,114.583
1/31/2022 5:00,292.975
1/31/2022 6:00,507.746
1/31/2022 7:00,716.327
1/31/2022 8:00,868.119
1/31/2022 9:00,955.035
1/31/2022 10:00,964.882
1/31/2022 11:00,907.652
1/31/2022 12:00,788.303
1/31/2022 13:00,610.88
1/31/2022 14:00,410.528
1/31/2022 15:00,204.624
1/31/2022 16:00,44.143
1/31/2022 17:00,1.859
1/31/2022 18:00,0
1/31/2022 19:00,0
1/31/2022 20:00,0
1/31/2022 21:00,0
1/31/2022 22:00,0
1/31/2022 23:00,0
2/1/2022 0:00,0
2/1/2022 1:00,0
2/1/2022 2:00,0
2/1/2022 3:00,12.557
2/1/2022 4:00,133.093
2/1/2022 5:00,340.386
2/1/2022 6:00,551.822
2/1/2022 7:00,724.575
2/1/2022 8:00,864.533
2/1/2022 9:00,950.692
2/1/2022 10:00,969.173
2/1/2022 11:00,918.353
2/1/2022 12:00,798.444
2/1/2022 13:00,632.586
2/1/2022 14:00,425.702
2/1/2022 15:00,215.114
2/1/2022 16:00,45.573
2/1/2022 17:00,1.729
2/1/2022 18:00,0
2/1/2022 19:00,0
2/1/2022 20:00,0
2/1/2022 21:00,0
2/1/2022 22:00,0
2/1/2022 23:00,0
2/2/2022 0:00,0
2/2/2022 1:00,0
2/2/2022 2:00,0
2/2/2022 3:00,14.14
2/2/2022 4:00,153.511
2/2/2022 5:00,392.372
2/2/2022 6:00,618.57
2/2/2022 7:00,817.093
2/2/2022 8:00,954.987
2/2/2022 9:00,1034.302
2/2/2022 10:00,1035.307
2/2/2022 11:00,957.296
2/2/2022 12:00,820.405
2/2/2022 13:00,637.602
2/2/2022 14:00,429.666
2/2/2022 15:00,212.434
2/2/2022 16:00,42.877
2/2/2022 17:00,1.477
2/2/2022 18:00,0
2/2/2022 19:00,0
2/2/2022 20:00,0
2/2/2022 21:00,0
2/2/2022 22:00,0
2/2/2022 23:00,0
2/3/2022 0:00,0
2/3/2022 1:00,0
2/3/2022 2:00,0
2/3/2022 3:00,15.174
2/3/2022 4:00,168.214
2/3/2022 5:00,392.469
2/3/2022 6:00,613.006
2/3/2022 7:00,798.152
2/3/2022 8:00,927.205
2/3/2022 9:00,1001.157
2/3/2022 10:00,1004.624
2/3/2022 11:00,930.711
2/3/2022 12:00,812.629
2/3/2022 13:00,640.314
2/3/2022 14:00,433.097
2/3/2022 15:00,214.848
2/3/2022 16:00,43.508
2/3/2022 17:00,1.778
2/3/2022 18:00,0
2/3/2022 19:00,0
2/3/2022 20:00,0
2/3/2022 21:00,0
2/3/2022 22:00,0
2/3/2022 23:00,0
2/4/2022 0:00,0
2/4/2022 1:00,0
2/4/2022 2:00,0
2/4/2022 3:00,8.773
2/4/2022 4:00,120.688
2/4/2022 5:00,316.55
2/4/2022 6:00,516.282
2/4/2022 7:00,672.03
2/4/2022 8:00,778.769
2/4/2022 9:00,837.079
2/4/2022 10:00,846.147
2/4/2022 11:00,791.556
2/4/2022 12:00,670.187
2/4/2022 13:00,508.873
2/4/2022 14:00,326.753
2/4/2022 15:00,158.099
2/4/2022 16:00,36.549
2/4/2022 17:00,1.712
2/4/2022 18:00,0
2/4/2022 19:00,0
2/4/2022 20:00,0
2/4/2022 21:00,0
2/4/2022 22:00,0
2/4/2022 23:00,0
2/5/2022 0:00,0
2/5/2022 1:00,0
2/5/2022 2:00,0
2/5/2022 3:00,6.845
2/5/2022 4:00,92.538
2/5/2022 5:00,243.403
2/5/2022 6:00,416.29
2/5/2022 7:00,593.052
2/5/2022 8:00,732.609
2/5/2022 9:00,821.193
2/5/2022 10:00,845.012
2/5/2022 11:00,811.903
2/5/2022 12:00,718.526
2/5/2022 13:00,569.616
2/5/2022 14:00,382.551
2/5/2022 15:00,184.414
2/5/2022 16:00,39.416
2/5/2022 17:00,1.558
2/5/2022 18:00,0
2/5/2022 19:00,0
2/5/2022 20:00,0
2/5/2022 21:00,0
2/5/2022 22:00,0
2/5/2022 23:00,0
2/6/2022 0:00,0
2/6/2022 1:00,0
2/6/2022 2:00,0
2/6/2022 3:00,10.522
2/6/2022 4:00,136.402
2/6/2022 5:00,348.44
2/6/2022 6:00,572.163
2/6/2022 7:00,771.363
2/6/2022 8:00,921.323
2/6/2022 9:00,1012.908
2/6/2022 10:00,1036.714
2/6/2022 11:00,975.793
2/6/2022 12:00,845.782
2/6/2022 13:00,663.542
2/6/2022 14:00,448.742
2/6/2022 15:00,220.568
2/6/2022 16:00,43.49
2/6/2022 17:00,1.452
2/6/2022 18:00,0
2/6/2022 19:00,0
2/6/2022 20:00,0
2/6/2022 21:00,0
2/6/2022 22:00,0
2/6/2022 23:00,0
2/7/2022 0:00,0
2/7/2022 1:00,0
2/7/2022 2:00,0
2/7/2022 3:00,10.865
2/7/2022 4:00,144.277
2/7/2022 5:00,383.784
2/7/2022 6:00,624.009
2/7/2022 7:00,825.029
2/7/2022 8:00,965.675
2/7/2022 9:00,1040.838
2/7/2022 10:00,1045.623
2/7/2022 11:00,973.873
2/7/2022 12:00,844.503
2/7/2022 13:00,653.169
2/7/2022 14:00,430.383
2/7/2022 15:00,207.971
2/7/2022 16:00,40.516
2/7/2022 17:00,1.355
2/7/2022 18:00,0
2/7/2022 19:00,0
2/7/2022 20:00,0
2/7/2022 21:00,0
2/7/2022 22:00,0
2/7/2022 23:00,0
2/8/2022 0:00,0
2/8/2022 1:00,0
2/8/2022 2:00,0
2/8/2022 3:00,10.753
2/8/2022 4:00,146.5
2/8/2022 5:00,383.59
2/8/2022 6:00,624.971
2/8/2022 7:00,826.13
2/8/2022 8:00,971.471
2/8/2022 9:00,1051.56
2/8/2022 10:00,1048.928
2/8/2022 11:00,978.639
2/8/2022 12:00,843.392
2/8/2022 13:00,648.211
2/8/2022 14:00,432.55
2/8/2022 15:00,204.756
2/8/2022 16:00,35.252
2/8/2022 17:00,0.887
2/8/2022 18:00,0
2/8/2022 19:00,0
2/8/2022 20:00,0
2/8/2022 21:00,0
2/8/2022 22:00,0
2/8/2022 23:00,0
2/9/2022 0:00,0
2/9/2022 1:00,0
2/9/2022 2:00,0
2/9/2022 3:00,11.069
2/9/2022 4:00,154.482
2/9/2022 5:00,388.787
2/9/2022 6:00,623.829
2/9/2022 7:00,824.482
2/9/2022 8:00,966.45
2/9/2022 9:00,1047.714
2/9/2022 10:00,1059.129
2/9/2022 11:00,992.328
2/9/2022 12:00,859.928
2/9/2022 13:00,670.612
2/9/2022 14:00,446.334
2/9/2022 15:00,207.121
2/9/2022 16:00,39.093
2/9/2022 17:00,1.105
2/9/2022 18:00,0
2/9/2022 19:00,0
2/9/2022 20:00,0
2/9/2022 21:00,0
2/9/2022 22:00,0
2/9/2022 23:00,0
2/10/2022 0:00,0
2/10/2022 1:00,0
2/10/2022 2:00,0
2/10/2022 3:00,8.929
2/10/2022 4:00,133.304
2/10/2022 5:00,347.196
2/10/2022 6:00,581.927
2/10/2022 7:00,788.216
2/10/2022 8:00,944.315
2/10/2022 9:00,1027.805
2/10/2022 10:00,1019.367
2/10/2022 11:00,938.826
2/10/2022 12:00,802.929
2/10/2022 13:00,617.301
2/10/2022 14:00,397.127
2/10/2022 15:00,191.252
2/10/2022 16:00,36.374
2/10/2022 17:00,1.036
2/10/2022 18:00,0
2/10/2022 19:00,0
2/10/2022 20:00,0
2/10/2022 21:00,0
2/10/2022 22:00,0
2/10/2022 23:00,0
2/11/2022 0:00,0
2/11/2022 1:00,0
2/11/2022 2:00,0
2/11/2022 3:00,8.416
2/11/2022 4:00,134.874
2/11/2022 5:00,361.527
2/11/2022 6:00,602.96
2/11/2022 7:00,811.586
2/11/2022 8:00,954.125
2/11/2022 9:00,1019.858
2/11/2022 10:00,1017.963
2/11/2022 11:00,951.058
2/11/2022 12:00,818.556
2/11/2022 13:00,639.306
2/11/2022 14:00,430.316
2/11/2022 15:00,210.693
2/11/2022 16:00,38.425
2/11/2022 17:00,0.989
2/11/2022 18:00,0
2/11/2022 19:00,0
2/11/2022 20:00,0
2/11/2022 21:00,0
2/11/2022 22:00,0
2/11/2022 23:00,0
2/12/2022 0:00,0
2/12/2022 1:00,0
2/12/2022 2:00,0
2/12/2022 3:00,9.266
2/12/2022 4:00,149.921
2/12/2022 5:00,382.427
2/12/2022 6:00,615.32
2/12/2022 7:00,807.605
2/12/2022 8:00,945.496
2/12/2022 9:00,1013.212
2/12/2022 10:00,1021.688
2/12/2022 11:00,955.109
2/12/2022 12:00,813.128
2/12/2022 13:00,620.677
2/12/2022 14:00,398.815
2/12/2022 15:00,182.19
2/12/2022 16:00,26.979
2/12/2022 17:00,0.525
2/12/2022 18:00,0
2/12/2022 19:00,0
2/12/2022 20:00,0
2/12/2022 21:00,0
2/12/2022 22:00,0
2/12/2022 23:00,0
2/13/2022 0:00,0
2/13/2022 1:00,0
2/13/2022 2:00,0
2/13/2022 3:00,8.601
2/13/2022 4:00,132.347
2/13/2022 5:00,343.662
2/13/2022 6:00,567.877
2/13/2022 7:00,768.488
2/13/2022 8:00,921.56
2/13/2022 9:00,1004.037
2/13/2022 10:00,1012.252
2/13/2022 11:00,943.672
2/13/2022 12:00,804.4
2/13/2022 13:00,607.639
2/13/2022 14:00,381.232
2/13/2022 15:00,169.891
2/13/2022 16:00,30.296
2/13/2022 17:00,0.698
2/13/2022 18:00,0
2/13/2022 19:00,0
2/13/2022 20:00,0
2/13/2022 21:00,0
2/13/2022 22:00,0
2/13/2022 23:00,0
2/14/2022 0:00,0
2/14/2022 1:00,0
2/14/2022 2:00,0
2/14/2022 3:00,5.627
2/14/2022 4:00,115.173
2/14/2022 5:00,318.503
2/14/2022 6:00,531.563
2/14/2022 7:00,721.074
2/14/2022 8:00,868.97
2/14/2022 9:00,947.09
2/14/2022 10:00,932.047
2/14/2022 11:00,856.788
2/14/2022 12:00,711.368
2/14/2022 13:00,541.225
2/14/2022 14:00,345.489
2/14/2022 15:00,162.492
2/14/2022 16:00,28.452
2/14/2022 17:00,0.623
2/14/2022 18:00,0
2/14/2022 19:00,0
2/14/2022 20:00,0
2/14/2022 21:00,0
2/14/2022 22:00,0
2/14/2022 23:00,0
2/15/2022 0:00,0
2/15/2022 1:00,0
2/15/2022 2:00,0
2/15/2022 3:00,5.996
2/15/2022 4:00,118.265
2/15/2022 5:00,334.771
2/15/2022 6:00,555.342
2/15/2022 7:00,743.067
2/15/2022 8:00,884.41
2/15/2022 9:00,963.104
2/15/2022 10:00,971.752
2/15/2022 11:00,906.671
2/15/2022 12:00,781.673
2/15/2022 13:00,604.189
2/15/2022 14:00,394.405
2/15/2022 15:00,178.039
2/15/2022 16:00,27.237
2/15/2022 17:00,0.523
2/15/2022 18:00,0
2/15/2022 19:00,0
2/15/2022 20:00,0
2/15/2022 21:00,0
2/15/2022 22:00,0
2/15/2022 23:00,0
2/16/2022 0:00,0
2/16/2022 1:00,0
2/16/2022 2:00,0
2/16/2022 3:00,6.085
2/16/2022 4:00,111.578
2/16/2022 5:00,329.29
2/16/2022 6:00,567.73
2/16/2022 7:00,772.813
2/16/2022 8:00,918.947
2/16/2022 9:00,983.599
2/16/2022 10:00,976.852
2/16/2022 11:00,899.609
2/16/2022 12:00,763.374
2/16/2022 13:00,581.387
2/16/2022 14:00,365.153
2/16/2022 15:00,163.663
2/16/2022 16:00,28.203
2/16/2022 17:00,0.587
2/16/2022 18:00,0
2/16/2022 19:00,0
2/16/2022 20:00,0
2/16/2022 21:00,0
2/16/2022 22:00,0
2/16/2022 23:00,0
2/17/2022 0:00,0
2/17/2022 1:00,0
2/17/2022 2:00,0
2/17/2022 3:00,4.906
2/17/2022 4:00,113.741
2/17/2022 5:00,322.153
2/17/2022 6:00,543.208
2/17/2022 7:00,733.126
2/17/2022 8:00,868.173
2/17/2022 9:00,929.465
2/17/2022 10:00,913.765
2/17/2022 11:00,839.858
2/17/2022 12:00,703.093
2/17/2022 13:00,535.462
2/17/2022 14:00,350.379
2/17/2022 15:00,163.551
2/17/2022 16:00,27.662
2/17/2022 17:00,0.485
2/17/2022 18:00,0
2/17/2022 19:00,0
2/17/2022 20:00,0
2/17/2022 21:00,0
2/17/2022 22:00,0
2/17/2022 23:00,0
2/18/2022 0:00,0
2/18/2022 1:00,0
2/18/2022 2:00,0
2/18/2022 3:00,4.11
2/18/2022 4:00,100.669
2/18/2022 5:00,299.706
2/18/2022 6:00,510.854
2/18/2022 7:00,697.412
2/18/2022 8:00,843.507
2/18/2022 9:00,910.621
2/18/2022 10:00,904.298
2/18/2022 11:00,834.381
2/18/2022 12:00,690.706
2/18/2022 13:00,514.844
2/18/2022 14:00,330.95
2/18/2022 15:00,153.156
2/18/2022 16:00,26.244
2/18/2022 17:00,0.411
2/18/2022 18:00,0
2/18/2022 19:00,0
2/18/2022 20:00,0
2/18/2022 21:00,0
2/18/2022 22:00,0
2/18/2022 23:00,0
2/19/2022 0:00,0
2/19/2022 1:00,0
2/19/2022 2:00,0
2/19/2022 3:00,4.453
2/19/2022 4:00,107.093
2/19/2022 5:00,319.754
2/19/2022 6:00,544.175
2/19/2022 7:00,741.611
2/19/2022 8:00,887.611
2/19/2022 9:00,964.737
2/19/2022 10:00,959.792
2/19/2022 11:00,883.361
2/19/2022 12:00,753.949
2/19/2022 13:00,577.363
2/19/2022 14:00,367.098
2/19/2022 15:00,164.236
2/19/2022 16:00,26.039
2/19/2022 17:00,0.294
2/19/2022 18:00,0
2/19/2022 19:00,0
2/19/2022 20:00,0
2/19/2022 21:00,0
2/19/2022 22:00,0
2/19/2022 23:00,0
2/20/2022 0:00,0
2/20/2022 1:00,0
2/20/2022 2:00,0
2/20/2022 3:00,5.062
2/20/2022 4:00,129.797
2/20/2022 5:00,359.583
2/20/2022 6:00,593.24
2/20/2022 7:00,792.741
2/20/2022 8:00,942.217
2/20/2022 9:00,1025.954
2/20/2022 10:00,1033.228
2/20/2022 11:00,966.72
2/20/2022 12:00,830.004
2/20/2022 13:00,640.295
2/20/2022 14:00,416.409
2/20/2022 15:00,186.17
2/20/2022 16:00,27.137
2/20/2022 17:00,0.291
2/20/2022 18:00,0
2/20/2022 19:00,0
2/20/2022 20:00,0
2/20/2022 21:00,0
2/20/2022 22:00,0
2/20/2022 23:00,0
2/21/2022 0:00,0
2/21/2022 1:00,0
2/21/2022 2:00,0
2/21/2022 3:00,4.146
2/21/2022 4:00,118.09
2/21/2022 5:00,336.958
2/21/2022 6:00,569.381
2/21/2022 7:00,770.256
2/21/2022 8:00,917.073
2/21/2022 9:00,975.855
2/21/2022 10:00,982.614
2/21/2022 11:00,921.76
2/21/2022 12:00,775.158
2/21/2022 13:00,608.423
2/21/2022 14:00,409.246
2/21/2022 15:00,190.106
2/21/2022 16:00,27.86
2/21/2022 17:00,0.282
2/21/2022 18:00,0
2/21/2022 19:00,0
2/21/2022 20:00,0
2/21/2022 21:00,0
2/21/2022 22:00,0
2/21/2022 23:00,0
2/22/2022 0:00,0
2/22/2022 1:00,0
2/22/2022 2:00,0
2/22/2022 3:00,3.549
2/22/2022 4:00,112.648
2/22/2022 5:00,326.975
2/22/2022 6:00,553.534
2/22/2022 7:00,756.823
2/22/2022 8:00,913.355
2/22/2022 9:00,997.531
2/22/2022 10:00,1009.125
2/22/2022 11:00,946.453
2/22/2022 12:00,811.209
2/22/2022 13:00,627.183
2/22/2022 14:00,409.232
2/22/2022 15:00,181.284
2/22/2022 16:00,25.812
2/22/2022 17:00,0.23
2/22/2022 18:00,0
2/22/2022 19:00,0
2/22/2022 20:00,0
2/22/2022 21:00,0
2/22/2022 22:00,0
2/22/2022 23:00,0
2/23/2022 0:00,0
2/23/2022 1:00,0
2/23/2022 2:00,0
2/23/2022 3:00,3.381
2/23/2022 4:00,104.335
2/23/2022 5:00,325.645
2/23/2022 6:00,571.891
2/23/2022 7:00,780.81
2/23/2022 8:00,926.867
2/23/2022 9:00,1010.035
2/23/2022 10:00,1009.477
2/23/2022 11:00,935.961
2/23/2022 12:00,803.715
2/23/2022 13:00,610.805
2/23/2022 14:00,392.432
2/23/2022 15:00,174.408
2/23/2022 16:00,23.931
2/23/2022 17:00,0.188
2/23/2022 18:00,0
2/23/2022 19:00,0
2/23/2022 20:00,0
2/23/2022 21:00,0
2/23/2022 22:00,0
2/23/2022 23:00,0
2/24/2022 0:00,0
2/24/2022 1:00,0
2/24/2022 2:00,0
2/24/2022 3:00,3.389
2/24/2022 4:00,112.142
2/24/2022 5:00,333.973
2/24/2022 6:00,563.79
2/24/2022 7:00,765.349
2/24/2022 8:00,911.432
2/24/2022 9:00,989.083
2/24/2022 10:00,993.011
2/24/2022 11:00,915.572
2/24/2022 12:00,781.274
2/24/2022 13:00,591.639
2/24/2022 14:00,374.89
2/24/2022 15:00,161.774
2/24/2022 16:00,21.085
2/24/2022 17:00,0.141
2/24/2022 18:00,0
2/24/2022 19:00,0
2/24/2022 20:00,0
2/24/2022 21:00,0
2/24/2022 22:00,0
2/24/2022 23:00,0
2/25/2022 0:00,0
2/25/2022 1:00,0
2/25/2022 2:00,0
2/25/2022 3:00,2.959
2/25/2022 4:00,105.455
2/25/2022 5:00,320.903
2/25/2022 6:00,553.568
2/25/2022 7:00,743.564
2/25/2022 8:00,884.396
2/25/2022 9:00,957.827
2/25/2022 10:00,949.918
2/25/2022 11:00,860.264
2/25/2022 12:00,715.468
2/25/2022 13:00,534.989
2/25/2022 14:00,341.436
2/25/2022 15:00,148.339
2/25/2022 16:00,19.805
2/25/2022 17:00,0.109
2/25/2022 18:00,0
2/25/2022 19:00,0
2/25/2022 20:00,0
2/25/2022 21:00,0
2/25/2022 22:00,0
2/25/2022 23:00,0
2/26/2022 0:00,0
2/26/2022 1:00,0
2/26/2022 2:00,0
2/26/2022 3:00,2.422
2/26/2022 4:00,91.972
2/26/2022 5:00,296.559
2/26/2022 6:00,524.632
2/26/2022 7:00,708.129
2/26/2022 8:00,828.197
2/26/2022 9:00,862.825
2/26/2022 10:00,830.176
2/26/2022 11:00,747.495
2/26/2022 12:00,628.314
2/26/2022 13:00,474.058
2/26/2022 14:00,308.01
2/26/2022 15:00,138.228
2/26/2022 16:00,19.541
2/26/2022 17:00,0.092
2/26/2022 18:00,0
2/26/2022 19:00,0
2/26/2022 20:00,0
2/26/2022 21:00,0
2/26/2022 22:00,0
2/26/2022 23:00,0
2/27/2022 0:00,0
2/27/2022 1:00,0
2/27/2022 2:00,0
2/27/2022 3:00,2.023
2/27/2022 4:00,87.075
2/27/2022 5:00,279.433
2/27/2022 6:00,514.637
2/27/2022 7:00,705.489
2/27/2022 8:00,851.876
2/27/2022 9:00,907.646
2/27/2022 10:00,898.559
2/27/2022 11:00,812.031
2/27/2022 12:00,671.268
2/27/2022 13:00,515.113
2/27/2022 14:00,325.206
2/27/2022 15:00,141.128
2/27/2022 16:00,18.669
2/27/2022 17:00,0.068
2/27/2022 18:00,0
2/27/2022 19:00,0
2/27/2022 20:00,0
2/27/2022 21:00,0
2/27/2022 22:00,0
2/27/2022 23:00,0
2/28/2022 0:00,0
2/28/2022 1:00,0
2/28/2022 2:00,0
2/28/2022 3:00,1.933
2/28/2022 4:00,86.65
2/28/2022 5:00,271.023
2/28/2022 6:00,482.056
2/28/2022 7:00,668.775
2/28/2022 8:00,813.898
2/28/2022 9:00,897.703
2/28/2022 10:00,910.802
2/28/2022 11:00,815.784
2/28/2022 12:00,660.939
2/28/2022 13:00,488.563
2/28/2022 14:00,312.044
2/28/2022 15:00,136.712
2/28/2022 16:00,16.761
2/28/2022 17:00,0.046
2/28/2022 18:00,0
2/28/2022 19:00,0
2/28/2022 20:00,0
2/28/2022 21:00,0
2/28/2022 22:00,0
2/28/2022 23:00,0
3/1/2022 0:00,0
3/1/2022 1:00,0
3/1/2022 2:00,0
3/1/2022 3:00,1.732
3/1/2022 4:00,95.101
3/1/2022 5:00,308.536
3/1/2022 6:00,538.375
3/1/2022 7:00,732.592
3/1/2022 8:00,873.911
3/1/2022 9:00,943.442
3/1/2022 10:00,943.231
3/1/2022 11:00,872.124
3/1/2022 12:00,738.91
3/1/2022 13:00,541.592
3/1/2022 14:00,331.755
3/1/2022 15:00,135.724
3/1/2022 16:00,16.016
3/1/2022 17:00,0.033
3/1/2022 18:00,0
3/1/2022 19:00,0
3/1/2022 20:00,0
3/1/2022 21:00,0
3/1/2022 22:00,0
3/1/2022 23:00,0
3/2/2022 0:00,0
3/2/2022 1:00,0
3/2/2022 2:00,0
3/2/2022 3:00,1.566
3/2/2022 4:00,89.208
3/2/2022 5:00,295.417
3/2/2022 6:00,521.459
3/2/2022 7:00,726.99
3/2/2022 8:00,875.307
3/2/2022 9:00,942.297
3/2/2022 10:00,946.29
3/2/2022 11:00,884.623
3/2/2022 12:00,758.355
3/2/2022 13:00,570.287
3/2/2022 14:00,364.291
3/2/2022 15:00,156.618
3/2/2022 16:00,17.162
3/2/2022 17:00,0.022
3/2/2022 18:00,0
3/2/2022 19:00,0
3/2/2022 20:00,0
3/2/2022 21:00,0
3/2/2022 22:00,0
3/2/2022 23:00,0
3/3/2022 0:00,0
3/3/2022 1:00,0
3/3/2022 2:00,0
3/3/2022 3:00,1.642
3/3/2022 4:00,97.125
3/3/2022 5:00,308.161
3/3/2022 6:00,530.715
3/3/2022 7:00,727.73
3/3/2022 8:00,877.834
3/3/2022 9:00,967.802
3/3/2022 10:00,953.471
3/3/2022 11:00,860.636
3/3/2022 12:00,726.335
3/3/2022 13:00,549.506
3/3/2022 14:00,337.57
3/3/2022 15:00,132.477
3/3/2022 16:00,10.828
3/3/2022 17:00,0.008
3/3/2022 18:00,0
3/3/2022 19:00,0
3/3/2022 20:00,0
3/3/2022 21:00,0
3/3/2022 22:00,0
3/3/2022 23:00,0
3/4/2022 0:00,0
3/4/2022 1:00,0
3/4/2022 2:00,0
3/4/2022 3:00,1.071
3/4/2022 4:00,58.207
3/4/2022 5:00,202.24
3/4/2022 6:00,382.216
3/4/2022 7:00,581.42
3/4/2022 8:00,718.611
3/4/2022 9:00,789.364
3/4/2022 10:00,789.806
3/4/2022 11:00,700.039
3/4/2022 12:00,554.1
3/4/2022 13:00,396.597
3/4/2022 14:00,248.413
3/4/2022 15:00,103.991
3/4/2022 16:00,13.331
3/4/2022 17:00,0.008
3/4/2022 18:00,0
3/4/2022 19:00,0
3/4/2022 20:00,0
3/4/2022 21:00,0
3/4/2022 22:00,0
3/4/2022 23:00,0
3/5/2022 0:00,0
3/5/2022 1:00,0
3/5/2022 2:00,0
3/5/2022 3:00,0.748
3/5/2022 4:00,59.481
3/5/2022 5:00,224.474
3/5/2022 6:00,424.926
3/5/2022 7:00,613.999
3/5/2022 8:00,772.791
3/5/2022 9:00,835.926
3/5/2022 10:00,814.483
3/5/2022 11:00,740.145
3/5/2022 12:00,607.484
3/5/2022 13:00,446.048
3/5/2022 14:00,272.55
3/5/2022 15:00,110.29
3/5/2022 16:00,12.71
3/5/2022 17:00,0.004
3/5/2022 18:00,0
3/5/2022 19:00,0
3/5/2022 20:00,0
3/5/2022 21:00,0
3/5/2022 22:00,0
3/5/2022 23:00,0
3/6/2022 0:00,0
3/6/2022 1:00,0
3/6/2022 2:00,0
3/6/2022 3:00,1.01
3/6/2022 4:00,78.376
3/6/2022 5:00,279.206
3/6/2022 6:00,515.083
3/6/2022 7:00,715.075
3/6/2022 8:00,861.6
3/6/2022 9:00,941.16
3/6/2022 10:00,948.501
3/6/2022 11:00,886.668
3/6/2022 12:00,762.184
3/6/2022 13:00,582.332
3/6/2022 14:00,365.086
3/6/2022 15:00,144.451
3/6/2022 16:00,12.826
3/6/2022 17:00,0.001
3/6/2022 18:00,0
3/6/2022 19:00,0
3/6/2022 20:00,0
3/6/2022 21:00,0
3/6/2022 22:00,0
3/6/2022 23:00,0
3/7/2022 0:00,0
3/7/2022 1:00,0
3/7/2022 2:00,0
3/7/2022 3:00,0.955
3/7/2022 4:00,79.878
3/7/2022 5:00,280.647
3/7/2022 6:00,517.194
3/7/2022 7:00,712.383
3/7/2022 8:00,847.838
3/7/2022 9:00,914.598
3/7/2022 10:00,910.744
3/7/2022 11:00,833.094
3/7/2022 12:00,701.276
3/7/2022 13:00,521.187
3/7/2022 14:00,319.002
3/7/2022 15:00,124.169
3/7/2022 16:00,11.105
3/7/2022 17:00,0
3/7/2022 18:00,0
3/7/2022 19:00,0
3/7/2022 20:00,0
3/7/2022 21:00,0
3/7/2022 22:00,0
3/7/2022 23:00,0
3/8/2022 0:00,0
3/8/2022 1:00,0
3/8/2022 2:00,0
3/8/2022 3:00,0.638
3/8/2022 4:00,71.891
3/8/2022 5:00,257.821
3/8/2022 6:00,470.538
3/8/2022 7:00,658.198
3/8/2022 8:00,767.688
3/8/2022 9:00,799.073
3/8/2022 10:00,772.094
3/8/2022 11:00,681.872
3/8/2022 12:00,545.043
3/8/2022 13:00,386.189
3/8/2022 14:00,231.847
3/8/2022 15:00,90.676
3/8/2022 16:00,10.281
3/8/2022 17:00,0
3/8/2022 18:00,0
3/8/2022 19:00,0
3/8/2022 20:00,0
3/8/2022 21:00,0
3/8/2022 22:00,0
3/8/2022 23:00,0
3/9/2022 0:00,0
3/9/2022 1:00,0
3/9/2022 2:00,0
3/9/2022 3:00,0.362
3/9/2022 4:00,44.126
3/9/2022 5:00,189.288
3/9/2022 6:00,370.24
3/9/2022 7:00,542.402
3/9/2022 8:00,693.318
3/9/2022 9:00,771.349
3/9/2022 10:00,749.067
3/9/2022 11:00,660.17
3/9/2022 12:00,528.923
3/9/2022 13:00,381.484
3/9/2022 14:00,232.147
3/9/2022 15:00,93.255
3/9/2022 16:00,10.077
3/9/2022 17:00,0
3/9/2022 18:00,0
3/9/2022 19:00,0
3/9/2022 20:00,0
3/9/2022 21:00,0
3/9/2022 22:00,0
3/9/2022 23:00,0
3/10/2022 0:00,0
3/10/2022 1:00,0
3/10/2022 2:00,0
3/10/2022 3:00,0.463
3/10/2022 4:00,68.772
3/10/2022 5:00,266.702
3/10/2022 6:00,502.946
3/10/2022 7:00,686.385
3/10/2022 8:00,818.558
3/10/2022 9:00,905.533
3/10/2022 10:00,914.688
3/10/2022 11:00,842.499
3/10/2022 12:00,702.641
3/10/2022 13:00,528.323
3/10/2022 14:00,328.741
3/10/2022 15:00,127.102
3/10/2022 16:00,10.577
3/10/2022 17:00,0
3/10/2022 18:00,0
3/10/2022 19:00,0
3/10/2022 20:00,0
3/10/2022 21:00,0
3/10/2022 22:00,0
3/10/2022 23:00,0
3/11/2022 0:00,0
3/11/2022 1:00,0
3/11/2022 2:00,0
3/11/2022 3:00,0.434
3/11/2022 4:00,62.562
3/11/2022 5:00,239.116
3/11/2022 6:00,448.785
3/11/2022 7:00,635.339
3/11/2022 8:00,784.354
3/11/2022 9:00,889.107
3/11/2022 10:00,900.197
3/11/2022 11:00,851.641
3/11/2022 12:00,710.305
3/11/2022 13:00,517.297
3/11/2022 14:00,301.135
3/11/2022 15:00,109.618
3/11/2022 16:00,7.595
3/11/2022 17:00,0
3/11/2022 18:00,0
3/11/2022 19:00,0
3/11/2022 20:00,0
3/11/2022 21:00,0
3/11/2022 22:00,0
3/11/2022 23:00,0
3/12/2022 0:00,0
3/12/2022 1:00,0
3/12/2022 2:00,0
3/12/2022 3:00,0.42
3/12/2022 4:00,74.123
3/12/2022 5:00,282.861
3/12/2022 6:00,517.041
3/12/2022 7:00,711.539
3/12/2022 8:00,846.612
3/12/2022 9:00,923.13
3/12/2022 10:00,931.332
3/12/2022 11:00,853.712
3/12/2022 12:00,725.082
3/12/2022 13:00,535.254
3/12/2022 14:00,325.495
3/12/2022 15:00,121.071
3/12/2022 16:00,8.295
3/12/2022 17:00,0
3/12/2022 18:00,0
3/12/2022 19:00,0
3/12/2022 20:00,0
3/12/2022 21:00,0
3/12/2022 22:00,0
3/12/2022 23:00,0
3/13/2022 0:00,0
3/13/2022 1:00,0
3/13/2022 2:00,0
3/13/2022 3:00,0.346
3/13/2022 4:00,69.227
3/13/2022 5:00,261.054
3/13/2022 6:00,482.734
3/13/2022 7:00,666.85
3/13/2022 8:00,794.703
3/13/2022 9:00,849.798
3/13/2022 10:00,845.339
3/13/2022 11:00,784.887
3/13/2022 12:00,658.71
3/13/2022 13:00,489.684
3/13/2022 14:00,296.184
3/13/2022 15:00,104.134
3/13/2022 16:00,6.187
3/13/2022 17:00,0
3/13/2022 18:00,0
3/13/2022 19:00,0
3/13/2022 20:00,0
3/13/2022 21:00,0
3/13/2022 22:00,0
3/13/2022 23:00,0
3/14/2022 0:00,0
3/14/2022 1:00,0
3/14/2022 2:00,0
3/14/2022 3:00,0.234
3/14/2022 4:00,61.504
3/14/2022 5:00,234.047
3/14/2022 6:00,424.914
3/14/2022 7:00,601.682
3/14/2022 8:00,733.011
3/14/2022 9:00,802.241
3/14/2022 10:00,791.193
3/14/2022 11:00,718.696
3/14/2022 12:00,582.442
3/14/2022 13:00,399.382
3/14/2022 14:00,206.715
3/14/2022 15:00,73.567
3/14/2022 16:00,7.157
3/14/2022 17:00,0
3/14/2022 18:00,0
3/14/2022 19:00,0
3/14/2022 20:00,0
3/14/2022 21:00,0
3/14/2022 22:00,0
3/14/2022 23:00,0
3/15/2022 0:00,0
3/15/2022 1:00,0
3/15/2022 2:00,0
3/15/2022 3:00,0.078
3/15/2022 4:00,35.252
3/15/2022 5:00,162.207
3/15/2022 6:00,322.932
3/15/2022 7:00,481.69
3/15/2022 8:00,598.558
3/15/2022 9:00,672.218
3/15/2022 10:00,698.32
3/15/2022 11:00,643.178
3/15/2022 12:00,548.037
3/15/2022 13:00,417.034
3/15/2022 14:00,249.723
3/15/2022 15:00,97.007
3/15/2022 16:00,6.827
3/15/2022 17:00,0
3/15/2022 18:00,0
3/15/2022 19:00,0
3/15/2022 20:00,0
3/15/2022 21:00,0
3/15/2022 22:00,0
3/15/2022 23:00,0
3/16/2022 0:00,0
3/16/2022 1:00,0
3/16/2022 2:00,0
3/16/2022 3:00,0.129
3/16/2022 4:00,46.729
3/16/2022 5:00,198.277
3/16/2022 6:00,380.637
3/16/2022 7:00,527.028
3/16/2022 8:00,639.781
3/16/2022 9:00,728.586
3/16/2022 10:00,744.003
3/16/2022 11:00,692.955
3/16/2022 12:00,589.962
3/16/2022 13:00,437.35
3/16/2022 14:00,274.651
3/16/2022 15:00,97.345
3/16/2022 16:00,7.436
3/16/2022 17:00,0
3/16/2022 18:00,0
3/16/2022 19:00,0
3/16/2022 20:00,0
3/16/2022 21:00,0
3/16/2022 22:00,0
3/16/2022 23:00,0
3/17/2022 0:00,0
3/17/2022 1:00,0
3/17/2022 2:00,0
3/17/2022 3:00,0.102
3/17/2022 4:00,44.329
3/17/2022 5:00,202.295
3/17/2022 6:00,403.765
3/17/2022 7:00,588.75
3/17/2022 8:00,720.862
3/17/2022 9:00,788.29
3/17/2022 10:00,795.271
3/17/2022 11:00,732.274
3/17/2022 12:00,618.044
3/17/2022 13:00,457.957
3/17/2022 14:00,268.771
3/17/2022 15:00,97.056
3/17/2022 16:00,6.85
3/17/2022 17:00,0
3/17/2022 18:00,0
3/17/2022 19:00,0
3/17/2022 20:00,0
3/17/2022 21:00,0
3/17/2022 22:00,0
3/17/2022 23:00,0
3/18/2022 0:00,0
3/18/2022 1:00,0
3/18/2022 2:00,0
3/18/2022 3:00,0.127
3/18/2022 4:00,58.519
3/18/2022 5:00,253.183
3/18/2022 6:00,500.289
3/18/2022 7:00,698.85
3/18/2022 8:00,841.273
3/18/2022 9:00,907.536
3/18/2022 10:00,907.113
3/18/2022 11:00,838.999
3/18/2022 12:00,707.134
3/18/2022 13:00,519.114
3/18/2022 14:00,310.337
3/18/2022 15:00,106.283
3/18/2022 16:00,6.188
3/18/2022 17:00,0
3/18/2022 18:00,0
3/18/2022 19:00,0
3/18/2022 20:00,0
3/18/2022 21:00,0
3/18/2022 22:00,0
3/18/2022 23:00,0
3/19/2022 0:00,0
3/19/2022 1:00,0
3/19/2022 2:00,0
3/19/2022 3:00,0.094
3/19/2022 4:00,51.062
3/19/2022 5:00,212.186
3/19/2022 6:00,406.591
3/19/2022 7:00,581.289
3/19/2022 8:00,707.56
3/19/2022 9:00,772.146
3/19/2022 10:00,766.431
3/19/2022 11:00,697.624
3/19/2022 12:00,577.827
3/19/2022 13:00,428.011
3/19/2022 14:00,258.938
3/19/2022 15:00,93.103
3/19/2022 16:00,5.629
3/19/2022 17:00,0
3/19/2022 18:00,0
3/19/2022 19:00,0
3/19/2022 20:00,0
3/19/2022 21:00,0
3/19/2022 22:00,0
3/19/2022 23:00,0
3/20/2022 0:00,0
3/20/2022 1:00,0
3/20/2022 2:00,0
3/20/2022 3:00,0.067
3/20/2022 4:00,57.673
3/20/2022 5:00,247.14
3/20/2022 6:00,468.473
3/20/2022 7:00,665.919
3/20/2022 8:00,811.401
3/20/2022 9:00,890.897
3/20/2022 10:00,890.296
3/20/2022 11:00,811.84
3/20/2022 12:00,647.686
3/20/2022 13:00,462.437
3/20/2022 14:00,273.695
3/20/2022 15:00,92.761
3/20/2022 16:00,5.202
3/20/2022 17:00,0
3/20/2022 18:00,0
3/20/2022 19:00,0
3/20/2022 20:00,0
3/20/2022 21:00,0
3/20/2022 22:00,0
3/20/2022 23:00,0
3/21/2022 0:00,0
3/21/2022 1:00,0
3/21/2022 2:00,0
3/21/2022 3:00,0.043
3/21/2022 4:00,52.25
3/21/2022 5:00,233.584
3/21/2022 6:00,446.254
3/21/2022 7:00,627.313
3/21/2022 8:00,751.616
3/21/2022 9:00,802.511
3/21/2022 10:00,796.4
3/21/2022 11:00,728.723
3/21/2022 12:00,607.326
3/21/2022 13:00,445.065
3/21/2022 14:00,261.496
3/21/2022 15:00,90.448
3/21/2022 16:00,5.029
3/21/2022 17:00,0
3/21/2022 18:00,0
3/21/2022 19:00,0
3/21/2022 20:00,0
3/21/2022 21:00,0
3/21/2022 22:00,0
3/21/2022 23:00,0
3/22/2022 0:00,0
3/22/2022 1:00,0
3/22/2022 2:00,0
3/22/2022 3:00,0.033
3/22/2022 4:00,50.176
3/22/2022 5:00,235.082
3/22/2022 6:00,467.728
3/22/2022 7:00,667.203
3/22/2022 8:00,802.888
3/22/2022 9:00,880.967
3/22/2022 10:00,873.058
3/22/2022 11:00,801.313
3/22/2022 12:00,674.223
3/22/2022 13:00,492.191
3/22/2022 14:00,286.173
3/22/2022 15:00,90.397
3/22/2022 16:00,4.485
3/22/2022 17:00,0
3/22/2022 18:00,0
3/22/2022 19:00,0
3/22/2022 20:00,0
3/22/2022 21:00,0
3/22/2022 22:00,0
3/22/2022 23:00,0
3/23/2022 0:00,0
3/23/2022 1:00,0
3/23/2022 2:00,0
3/23/2022 3:00,0.023
3/23/2022 4:00,48.679
3/23/2022 5:00,234.685
3/23/2022 6:00,456.358
3/23/2022 7:00,644.242
3/23/2022 8:00,770.044
3/23/2022 9:00,818.128
3/23/2022 10:00,785.367
3/23/2022 11:00,709.429
3/23/2022 12:00,602.148
3/23/2022 13:00,450.685
3/23/2022 14:00,255.261
3/23/2022 15:00,76.652
3/23/2022 16:00,2.674
3/23/2022 17:00,0
3/23/2022 18:00,0
3/23/2022 19:00,0
3/23/2022 20:00,0
3/23/2022 21:00,0
3/23/2022 22:00,0
3/23/2022 23:00,0
3/24/2022 0:00,0
3/24/2022 1:00,0
3/24/2022 2:00,0
3/24/2022 3:00,0.015
3/24/2022 4:00,52.99
3/24/2022 5:00,244.793
3/24/2022 6:00,457.065
3/24/2022 7:00,639.075
3/24/2022 8:00,789.604
3/24/2022 9:00,881.918
3/24/2022 10:00,866.833
3/24/2022 11:00,773.735
3/24/2022 12:00,642.501
3/24/2022 13:00,474.149
3/24/2022 14:00,279.918
3/24/2022 15:00,89.084
3/24/2022 16:00,3.689
3/24/2022 17:00,0
3/24/2022 18:00,0
3/24/2022 19:00,0
3/24/2022 20:00,0
3/24/2022 21:00,0
3/24/2022 22:00,0
3/24/2022 23:00,0
3/25/2022 0:00,0
3/25/2022 1:00,0
3/25/2022 2:00,0
3/25/2022 3:00,0.008
3/25/2022 4:00,43.444
3/25/2022 5:00,202.156
3/25/2022 6:00,393.81
3/25/2022 7:00,555.682
3/25/2022 8:00,672.476
3/25/2022 9:00,703.072
3/25/2022 10:00,673.528
3/25/2022 11:00,606.227
3/25/2022 12:00,494.681
3/25/2022 13:00,351.978
3/25/2022 14:00,198.828
3/25/2022 15:00,62.43
3/25/2022 16:00,3.013
3/25/2022 17:00,0
3/25/2022 18:00,0
3/25/2022 19:00,0
3/25/2022 20:00,0
3/25/2022 21:00,0
3/25/2022 22:00,0
3/25/2022 23:00,0
3/26/2022 0:00,0
3/26/2022 1:00,0
3/26/2022 2:00,0
3/26/2022 3:00,0.002
3/26/2022 4:00,30.182
3/26/2022 5:00,166.591
3/26/2022 6:00,351.098
3/26/2022 7:00,533.362
3/26/2022 8:00,633.822
3/26/2022 9:00,697.59
3/26/2022 10:00,697.284
3/26/2022 11:00,641.898
3/26/2022 12:00,555.149
3/26/2022 13:00,425.827
3/26/2022 14:00,256.496
3/26/2022 15:00,82.181
3/26/2022 16:00,3.036
3/26/2022 17:00,0
3/26/2022 18:00,0
3/26/2022 19:00,0
3/26/2022 20:00,0
3/26/2022 21:00,0
3/26/2022 22:00,0
3/26/2022 23:00,0
3/27/2022 0:00,0
3/27/2022 1:00,0
3/27/2022 2:00,0
3/27/2022 3:00,0.003
3/27/2022 4:00,40.326
3/27/2022 5:00,214.815
3/27/2022 6:00,445.411
3/27/2022 7:00,643.486
3/27/2022 8:00,799.084
3/27/2022 9:00,879.166
3/27/2022 10:00,893.847
3/27/2022 11:00,833.819
3/27/2022 12:00,699.727
3/27/2022 13:00,516.302
3/27/2022 14:00,309.527
3/27/2022 15:00,97.964
3/27/2022 16:00,3.471
3/27/2022 17:00,0
3/27/2022 18:00,0
3/27/2022 19:00,0
3/27/2022 20:00,0
3/27/2022 21:00,0
3/27/2022 22:00,0
3/27/2022 23:00,0
3/28/2022 0:00,0
3/28/2022 1:00,0
3/28/2022 2:00,0
3/28/2022 3:00,0.002
3/28/2022 4:00,40.851
3/28/2022 5:00,212.868
3/28/2022 6:00,448.531
3/28/2022 7:00,662.126
3/28/2022 8:00,812.21
3/28/2022 9:00,896.494
3/28/2022 10:00,904.722
3/28/2022 11:00,840.961
3/28/2022 12:00,715.325
3/28/2022 13:00,530.012
3/28/2022 14:00,307.445
3/28/2022 15:00,90.163
3/28/2022 16:00,2.825
3/28/2022 17:00,0
3/28/2022 18:00,0
3/28/2022 19:00,0
3/28/2022 20:00,0
3/28/2022 21:00,0
3/28/2022 22:00,0
3/28/2022 23:00,0
3/29/2022 0:00,0
3/29/2022 1:00,0
3/29/2022 2:00,0
3/29/2022 3:00,0.001
3/29/2022 4:00,40.82
3/29/2022 5:00,213.305
3/29/2022 6:00,445.304
3/29/2022 7:00,629.987
3/29/2022 8:00,763.881
3/29/2022 9:00,839.328
3/29/2022 10:00,849.352
3/29/2022 11:00,783.46
3/29/2022 12:00,666.647
3/29/2022 13:00,496.316
3/29/2022 14:00,292.74
3/29/2022 15:00,86.212
3/29/2022 16:00,2.565
3/29/2022 17:00,0
3/29/2022 18:00,0
3/29/2022 19:00,0
3/29/2022 20:00,0
3/29/2022 21:00,0
3/29/2022 22:00,0
3/29/2022 23:00,0
3/30/2022 0:00,0
3/30/2022 1:00,0
3/30/2022 2:00,0
3/30/2022 3:00,0.001
3/30/2022 4:00,44.959
3/30/2022 5:00,235.329
3/30/2022 6:00,458.817
3/30/2022 7:00,652.859
3/30/2022 8:00,800.702
3/30/2022 9:00,871.653
3/30/2022 10:00,878.935
3/30/2022 11:00,818.7
3/30/2022 12:00,690.118
3/30/2022 13:00,501.516
3/30/2022 14:00,282.192
3/30/2022 15:00,76.461
3/30/2022 16:00,1.886
3/30/2022 17:00,0
3/30/2022 18:00,0
3/30/2022 19:00,0
3/30/2022 20:00,0
3/30/2022 21:00,0
3/30/2022 22:00,0
3/30/2022 23:00,0
3/31/2022 0:00,0
3/31/2022 1:00,0
3/31/2022 2:00,0
3/31/2022 3:00,0
3/31/2022 4:00,40.194
3/31/2022 5:00,215.514
3/31/2022 6:00,420.109
3/31/2022 7:00,610.729
3/31/2022 8:00,752.337
3/31/2022 9:00,830.428
3/31/2022 10:00,840.387
3/31/2022 11:00,780.531
3/31/2022 12:00,654.77
3/31/2022 13:00,477.532
3/31/2022 14:00,272.485
3/31/2022 15:00,78.047
3/31/2022 16:00,2.459
3/31/2022 17:00,0
3/31/2022 18:00,0
3/31/2022 19:00,0
3/31/2022 20:00,0
3/31/2022 21:00,0
3/31/2022 22:00,0
3/31/2022 23:00,0
4/1/2022 0:00,0
4/1/2022 1:00,0
4/1/2022 2:00,0
4/1/2022 3:00,0
4/1/2022 4:00,34.798
4/1/2022 5:00,200.87
4/1/2022 6:00,412.47
4/1/2022 7:00,602.587
4/1/2022 8:00,749.251
4/1/2022 9:00,817.229
4/1/2022 10:00,817.714
4/1/2022 11:00,739.535
4/1/2022 12:00,598.389
4/1/2022 13:00,423.08
4/1/2022 14:00,248.611
4/1/2022 15:00,69.682
4/1/2022 16:00,2.019
4/1/2022 17:00,0
4/1/2022 18:00,0
4/1/2022 19:00,0
4/1/2022 20:00,0
4/1/2022 21:00,0
4/1/2022 22:00,0
4/1/2022 23:00,0
4/2/2022 0:00,0
4/2/2022 1:00,0
4/2/2022 2:00,0
4/2/2022 3:00,0
4/2/2022 4:00,32.628
4/2/2022 5:00,195.927
4/2/2022 6:00,399.708
4/2/2022 7:00,584.628
4/2/2022 8:00,718.955
4/2/2022 9:00,783.651
4/2/2022 10:00,774.561
4/2/2022 11:00,690.339
4/2/2022 12:00,560.27
4/2/2022 13:00,400.448
4/2/2022 14:00,220.94
4/2/2022 15:00,61.736
4/2/2022 16:00,1.932
4/2/2022 17:00,0
4/2/2022 18:00,0
4/2/2022 19:00,0
4/2/2022 20:00,0
4/2/2022 21:00,0
4/2/2022 22:00,0
4/2/2022 23:00,0
4/3/2022 0:00,0
4/3/2022 1:00,0
4/3/2022 2:00,0
4/3/2022 3:00,0
4/3/2022 4:00,29.549
4/3/2022 5:00,180.422
4/3/2022 6:00,400.681
4/3/2022 7:00,588.478
4/3/2022 8:00,734.451
4/3/2022 9:00,798.55
4/3/2022 10:00,760.84
4/3/2022 11:00,651.004
4/3/2022 12:00,514.002
4/3/2022 13:00,350.585
4/3/2022 14:00,187.713
4/3/2022 15:00,55.259
4/3/2022 16:00,1.926
4/3/2022 17:00,0
4/3/2022 18:00,0
4/3/2022 19:00,0
4/3/2022 20:00,0
4/3/2022 21:00,0
4/3/2022 22:00,0
4/3/2022 23:00,0
4/4/2022 0:00,0
4/4/2022 1:00,0
4/4/2022 2:00,0
4/4/2022 3:00,0
4/4/2022 4:00,18.233
4/4/2022 5:00,113.049
4/4/2022 6:00,251.712
4/4/2022 7:00,407.943
4/4/2022 8:00,528.652
4/4/2022 9:00,549.903
4/4/2022 10:00,548.318
4/4/2022 11:00,504.543
4/4/2022 12:00,402.607
4/4/2022 13:00,287.06
4/4/2022 14:00,156.765
4/4/2022 15:00,42.069
4/4/2022 16:00,1.167
4/4/2022 17:00,0
4/4/2022 18:00,0
4/4/2022 19:00,0
4/4/2022 20:00,0
4/4/2022 21:00,0
4/4/2022 22:00,0
4/4/2022 23:00,0
4/5/2022 0:00,0
4/5/2022 1:00,0
4/5/2022 2:00,0
4/5/2022 3:00,0
4/5/2022 4:00,33.629
4/5/2022 5:00,209.975
4/5/2022 6:00,429.971
4/5/2022 7:00,629.734
4/5/2022 8:00,764.311
4/5/2022 9:00,843.356
4/5/2022 10:00,854.244
4/5/2022 11:00,794.826
4/5/2022 12:00,669.785
4/5/2022 13:00,494.064
4/5/2022 14:00,273.839
4/5/2022 15:00,67.105
4/5/2022 16:00,1.146
4/5/2022 17:00,0
4/5/2022 18:00,0
4/5/2022 19:00,0
4/5/2022 20:00,0
4/5/2022 21:00,0
4/5/2022 22:00,0
4/5/2022 23:00,0
4/6/2022 0:00,0
4/6/2022 1:00,0
4/6/2022 2:00,0
4/6/2022 3:00,0
4/6/2022 4:00,30.696
4/6/2022 5:00,196.011
4/6/2022 6:00,411.184
4/6/2022 7:00,604.886
4/6/2022 8:00,731.794
4/6/2022 9:00,800.195
4/6/2022 10:00,804.883
4/6/2022 11:00,756.678
4/6/2022 12:00,646.88
4/6/2022 13:00,479.495
4/6/2022 14:00,271.333
4/6/2022 15:00,71.659
4/6/2022 16:00,1.267
4/6/2022 17:00,0
4/6/2022 18:00,0
4/6/2022 19:00,0
4/6/2022 20:00,0
4/6/2022 21:00,0
4/6/2022 22:00,0
4/6/2022 23:00,0
4/7/2022 0:00,0
4/7/2022 1:00,0
4/7/2022 2:00,0
4/7/2022 3:00,0
4/7/2022 4:00,30.745
4/7/2022 5:00,199.19
4/7/2022 6:00,404.332
4/7/2022 7:00,582.086
4/7/2022 8:00,709.646
4/7/2022 9:00,780.517
4/7/2022 10:00,782.467
4/7/2022 11:00,714.947
4/7/2022 12:00,590.205
4/7/2022 13:00,423.241
4/7/2022 14:00,228.551
4/7/2022 15:00,57.869
4/7/2022 16:00,1.351
4/7/2022 17:00,0
4/7/2022 18:00,0
4/7/2022 19:00,0
4/7/2022 20:00,0
4/7/2022 21:00,0
4/7/2022 22:00,0
4/7/2022 23:00,0
4/8/2022 0:00,0
4/8/2022 1:00,0
4/8/2022 2:00,0
4/8/2022 3:00,0
4/8/2022 4:00,18.145
4/8/2022 5:00,128.648
4/8/2022 6:00,295.616
4/8/2022 7:00,462.554
4/8/2022 8:00,600.217
4/8/2022 9:00,669.481
4/8/2022 10:00,654.334
4/8/2022 11:00,568.465
4/8/2022 12:00,437.859
4/8/2022 13:00,279.091
4/8/2022 14:00,152.158
4/8/2022 15:00,41.645
4/8/2022 16:00,1.321
4/8/2022 17:00,0
4/8/2022 18:00,0
4/8/2022 19:00,0
4/8/2022 20:00,0
4/8/2022 21:00,0
4/8/2022 22:00,0
4/8/2022 23:00,0
4/9/2022 0:00,0
4/9/2022 1:00,0
4/9/2022 2:00,0
4/9/2022 3:00,0
4/9/2022 4:00,12.391
4/9/2022 5:00,91.188
4/9/2022 6:00,205.918
4/9/2022 7:00,349.384
4/9/2022 8:00,490.87
4/9/2022 9:00,558.403
4/9/2022 10:00,570.954
4/9/2022 11:00,518.721
4/9/2022 12:00,404.959
4/9/2022 13:00,279.847
4/9/2022 14:00,150.655
4/9/2022 15:00,39.844
4/9/2022 16:00,1.186
4/9/2022 17:00,0
4/9/2022 18:00,0
4/9/2022 19:00,0
4/9/2022 20:00,0
4/9/2022 21:00,0
4/9/2022 22:00,0
4/9/2022 23:00,0
4/10/2022 0:00,0
4/10/2022 1:00,0
4/10/2022 2:00,0
4/10/2022 3:00,0
4/10/2022 4:00,11.591
4/10/2022 5:00,94.534
4/10/2022 6:00,257.607
4/10/2022 7:00,419.952
4/10/2022 8:00,536.293
4/10/2022 9:00,615.035
4/10/2022 10:00,615.428
4/10/2022 11:00,556.896
4/10/2022 12:00,432.726
4/10/2022 13:00,280.552
4/10/2022 14:00,140.028
4/10/2022 15:00,39.374
4/10/2022 16:00,1.07
4/10/2022 17:00,0
4/10/2022 18:00,0
4/10/2022 19:00,0
4/10/2022 20:00,0
4/10/2022 21:00,0
4/10/2022 22:00,0
4/10/2022 23:00,0
4/11/2022 0:00,0
4/11/2022 1:00,0
4/11/2022 2:00,0
4/11/2022 3:00,0
4/11/2022 4:00,11.84
4/11/2022 5:00,104.956
4/11/2022 6:00,258.362
4/11/2022 7:00,420.535
4/11/2022 8:00,558.568
4/11/2022 9:00,644.021
4/11/2022 10:00,643.482
4/11/2022 11:00,571.006
4/11/2022 12:00,467.88
4/11/2022 13:00,339.301
4/11/2022 14:00,192.642
4/11/2022 15:00,48.575
4/11/2022 16:00,0.829
4/11/2022 17:00,0
4/11/2022 18:00,0
4/11/2022 19:00,0
4/11/2022 20:00,0
4/11/2022 21:00,0
4/11/2022 22:00,0
4/11/2022 23:00,0
4/12/2022 0:00,0
4/12/2022 1:00,0
4/12/2022 2:00,0
4/12/2022 3:00,0
4/12/2022 4:00,19.234
4/12/2022 5:00,145.292
4/12/2022 6:00,334.63
4/12/2022 7:00,508.71
4/12/2022 8:00,628.634
4/12/2022 9:00,674.768
4/12/2022 10:00,677.73
4/12/2022 11:00,623.052
4/12/2022 12:00,512.861
4/12/2022 13:00,363.921
4/12/2022 14:00,198.555
4/12/2022 15:00,47.5
4/12/2022 16:00,0.646
4/12/2022 17:00,0
4/12/2022 18:00,0
4/12/2022 19:00,0
4/12/2022 20:00,0
4/12/2022 21:00,0
4/12/2022 22:00,0
4/12/2022 23:00,0
4/13/2022 0:00,0
4/13/2022 1:00,0
4/13/2022 2:00,0
4/13/2022 3:00,0
4/13/2022 4:00,22.799
4/13/2022 5:00,179.627
4/13/2022 6:00,382.311
4/13/2022 7:00,568.187
4/13/2022 8:00,707.283
4/13/2022 9:00,784.422
4/13/2022 10:00,796.718
4/13/2022 11:00,743.798
4/13/2022 12:00,626.018
4/13/2022 13:00,451.681
4/13/2022 14:00,243.019
4/13/2022 15:00,52.235
4/13/2022 16:00,0.498
4/13/2022 17:00,0
4/13/2022 18:00,0
4/13/2022 19:00,0
4/13/2022 20:00,0
4/13/2022 21:00,0
4/13/2022 22:00,0
4/13/2022 23:00,0
4/14/2022 0:00,0
4/14/2022 1:00,0
4/14/2022 2:00,0
4/14/2022 3:00,0
4/14/2022 4:00,21.302
4/14/2022 5:00,168.453
4/14/2022 6:00,363.61
4/14/2022 7:00,535.582
4/14/2022 8:00,662.309
4/14/2022 9:00,734.446
4/14/2022 10:00,724.683
4/14/2022 11:00,644.894
4/14/2022 12:00,529.61
4/14/2022 13:00,382.534
4/14/2022 14:00,204.624
4/14/2022 15:00,43.045
4/14/2022 16:00,0.429
4/14/2022 17:00,0
4/14/2022 18:00,0
4/14/2022 19:00,0
4/14/2022 20:00,0
4/14/2022 21:00,0
4/14/2022 22:00,0
4/14/2022 23:00,0
4/15/2022 0:00,0
4/15/2022 1:00,0
4/15/2022 2:00,0
4/15/2022 3:00,0
4/15/2022 4:00,20.987
4/15/2022 5:00,173.722
4/15/2022 6:00,377.555
4/15/2022 7:00,555.829
4/15/2022 8:00,681.237
4/15/2022 9:00,759.962
4/15/2022 10:00,766.413
4/15/2022 11:00,712.835
4/15/2022 12:00,584.029
4/15/2022 13:00,412.833
4/15/2022 14:00,219.646
4/15/2022 15:00,48.319
4/15/2022 16:00,0.591
4/15/2022 17:00,0
4/15/2022 18:00,0
4/15/2022 19:00,0
4/15/2022 20:00,0
4/15/2022 21:00,0
4/15/2022 22:00,0
4/15/2022 23:00,0
4/16/2022 0:00,0
4/16/2022 1:00,0
4/16/2022 2:00,0
4/16/2022 3:00,0
4/16/2022 4:00,12.736
4/16/2022 5:00,124.565
4/16/2022 6:00,290.721
4/16/2022 7:00,444.278
4/16/2022 8:00,555.933
4/16/2022 9:00,610.694
4/16/2022 10:00,604.414
4/16/2022 11:00,516.512
4/16/2022 12:00,357.769
4/16/2022 13:00,208.862
4/16/2022 14:00,102.968
4/16/2022 15:00,26.918
4/16/2022 16:00,0.529
4/16/2022 17:00,0
4/16/2022 18:00,0
4/16/2022 19:00,0
4/16/2022 20:00,0
4/16/2022 21:00,0
4/16/2022 22:00,0
4/16/2022 23:00,0
4/17/2022 0:00,0
4/17/2022 1:00,0
4/17/2022 2:00,0
4/17/2022 3:00,0
4/17/2022 4:00,10.927
4/17/2022 5:00,111.505
4/17/2022 6:00,274.742
4/17/2022 7:00,414.196
4/17/2022 8:00,516.01
4/17/2022 9:00,542.241
4/17/2022 10:00,510.401
4/17/2022 11:00,448.929
4/17/2022 12:00,362.974
4/17/2022 13:00,261.538
4/17/2022 14:00,146.807
4/17/2022 15:00,35.283
4/17/2022 16:00,0.459
4/17/2022 17:00,0
4/17/2022 18:00,0
4/17/2022 19:00,0
4/17/2022 20:00,0
4/17/2022 21:00,0
4/17/2022 22:00,0
4/17/2022 23:00,0
4/18/2022 0:00,0
4/18/2022 1:00,0
4/18/2022 2:00,0
4/18/2022 3:00,0
4/18/2022 4:00,11.188
4/18/2022 5:00,116.13
4/18/2022 6:00,284.505
4/18/2022 7:00,444.958
4/18/2022 8:00,561.226
4/18/2022 9:00,621.076
4/18/2022 10:00,627.624
4/18/2022 11:00,593.023
4/18/2022 12:00,512.815
4/18/2022 13:00,372.201
4/18/2022 14:00,196.22
4/18/2022 15:00,39.713
4/18/2022 16:00,0.315
4/18/2022 17:00,0
4/18/2022 18:00,0
4/18/2022 19:00,0
4/18/2022 20:00,0
4/18/2022 21:00,0
4/18/2022 22:00,0
4/18/2022 23:00,0
4/19/2022 0:00,0
4/19/2022 1:00,0
4/19/2022 2:00,0
4/19/2022 3:00,0
4/19/2022 4:00,13.717
4/19/2022 5:00,144.179
4/19/2022 6:00,357.943
4/19/2022 7:00,555.769
4/19/2022 8:00,693.918
4/19/2022 9:00,774.088
4/19/2022 10:00,779.168
4/19/2022 11:00,707.664
4/19/2022 12:00,586.868
4/19/2022 13:00,406.821
4/19/2022 14:00,212.55
4/19/2022 15:00,42.823
4/19/2022 16:00,0.33
4/19/2022 17:00,0
4/19/2022 18:00,0
4/19/2022 19:00,0
4/19/2022 20:00,0
4/19/2022 21:00,0
4/19/2022 22:00,0
4/19/2022 23:00,0
4/20/2022 0:00,0
4/20/2022 1:00,0
4/20/2022 2:00,0
4/20/2022 3:00,0
4/20/2022 4:00,13.863
4/20/2022 5:00,149.439
4/20/2022 6:00,370.461
4/20/2022 7:00,556.383
4/20/2022 8:00,690.86
4/20/2022 9:00,764.492
4/20/2022 10:00,769.974
4/20/2022 11:00,706.678
4/20/2022 12:00,585.073
4/20/2022 13:00,414.461
4/20/2022 14:00,217.926
4/20/2022 15:00,42.154
4/20/2022 16:00,0.268
4/20/2022 17:00,0
4/20/2022 18:00,0
4/20/2022 19:00,0
4/20/2022 20:00,0
4/20/2022 21:00,0
4/20/2022 22:00,0
4/20/2022 23:00,0
4/21/2022 0:00,0
4/21/2022 1:00,0
4/21/2022 2:00,0
4/21/2022 3:00,0
4/21/2022 4:00,15.326
4/21/2022 5:00,158.06
4/21/2022 6:00,358.444
4/21/2022 7:00,534.348
4/21/2022 8:00,680
4/21/2022 9:00,761.532
4/21/2022 10:00,772.404
4/21/2022 11:00,710.434
4/21/2022 12:00,587.557
4/21/2022 13:00,413.894
4/21/2022 14:00,212.477
4/21/2022 15:00,39.412
4/21/2022 16:00,0.222
4/21/2022 17:00,0
4/21/2022 18:00,0
4/21/2022 19:00,0
4/21/2022 20:00,0
4/21/2022 21:00,0
4/21/2022 22:00,0
4/21/2022 23:00,0
4/22/2022 0:00,0
4/22/2022 1:00,0
4/22/2022 2:00,0
4/22/2022 3:00,0
4/22/2022 4:00,13.063
4/22/2022 5:00,144.816
4/22/2022 6:00,341.93
4/22/2022 7:00,533.547
4/22/2022 8:00,674.96
4/22/2022 9:00,750.006
4/22/2022 10:00,738.546
4/22/2022 11:00,659.812
4/22/2022 12:00,524.485
4/22/2022 13:00,358.704
4/22/2022 14:00,180.447
4/22/2022 15:00,33.792
4/22/2022 16:00,0.19
4/22/2022 17:00,0
4/22/2022 18:00,0
4/22/2022 19:00,0
4/22/2022 20:00,0
4/22/2022 21:00,0
4/22/2022 22:00,0
4/22/2022 23:00,0
4/23/2022 0:00,0
4/23/2022 1:00,0
4/23/2022 2:00,0
4/23/2022 3:00,0
4/23/2022 4:00,11.386
4/23/2022 5:00,125.935
4/23/2022 6:00,296.735
4/23/2022 7:00,457.758
4/23/2022 8:00,580.83
4/23/2022 9:00,644.487
4/23/2022 10:00,644.303
4/23/2022 11:00,587.932
4/23/2022 12:00,487.036
4/23/2022 13:00,343.848
4/23/2022 14:00,174.993
4/23/2022 15:00,32.262
4/23/2022 16:00,0.164
4/23/2022 17:00,0
4/23/2022 18:00,0
4/23/2022 19:00,0
4/23/2022 20:00,0
4/23/2022 21:00,0
4/23/2022 22:00,0
4/23/2022 23:00,0
4/24/2022 0:00,0
4/24/2022 1:00,0
4/24/2022 2:00,0
4/24/2022 3:00,0
4/24/2022 4:00,11.759
4/24/2022 5:00,132.657
4/24/2022 6:00,327.277
4/24/2022 7:00,515.24
4/24/2022 8:00,647.58
4/24/2022 9:00,706.772
4/24/2022 10:00,705.364
4/24/2022 11:00,637.751
4/24/2022 12:00,515.678
4/24/2022 13:00,350.704
4/24/2022 14:00,171.186
4/24/2022 15:00,28.43
4/24/2022 16:00,0.102
4/24/2022 17:00,0
4/24/2022 18:00,0
4/24/2022 19:00,0
4/24/2022 20:00,0
4/24/2022 21:00,0
4/24/2022 22:00,0
4/24/2022 23:00,0
4/25/2022 0:00,0
4/25/2022 1:00,0
4/25/2022 2:00,0
4/25/2022 3:00,0
4/25/2022 4:00,9.925
4/25/2022 5:00,120.27
4/25/2022 6:00,294.629
4/25/2022 7:00,460.191
4/25/2022 8:00,588.621
4/25/2022 9:00,659.802
4/25/2022 10:00,670.779
4/25/2022 11:00,620.865
4/25/2022 12:00,519.573
4/25/2022 13:00,366.579
4/25/2022 14:00,189.163
4/25/2022 15:00,34.799
4/25/2022 16:00,0.11
4/25/2022 17:00,0
4/25/2022 18:00,0
4/25/2022 19:00,0
4/25/2022 20:00,0
4/25/2022 21:00,0
4/25/2022 22:00,0
4/25/2022 23:00,0
4/26/2022 0:00,0
4/26/2022 1:00,0
4/26/2022 2:00,0
4/26/2022 3:00,0
4/26/2022 4:00,11.57
4/26/2022 5:00,149.121
4/26/2022 6:00,361.003
4/26/2022 7:00,554.127
4/26/2022 8:00,697.526
4/26/2022 9:00,777.342
4/26/2022 10:00,784.087
4/26/2022 11:00,721.175
4/26/2022 12:00,596.579
4/26/2022 13:00,421.856
4/26/2022 14:00,217.567
4/26/2022 15:00,37.163
4/26/2022 16:00,0.085
4/26/2022 17:00,0
4/26/2022 18:00,0
4/26/2022 19:00,0
4/26/2022 20:00,0
4/26/2022 21:00,0
4/26/2022 22:00,0
4/26/2022 23:00,0
4/27/2022 0:00,0
4/27/2022 1:00,0
4/27/2022 2:00,0
4/27/2022 3:00,0
4/27/2022 4:00,10.04
4/27/2022 5:00,130.875
4/27/2022 6:00,320.417
4/27/2022 7:00,506.191
4/27/2022 8:00,654.31
4/27/2022 9:00,740.285
4/27/2022 10:00,761.401
4/27/2022 11:00,705.826
4/27/2022 12:00,587.931
4/27/2022 13:00,415.497
4/27/2022 14:00,210.699
4/27/2022 15:00,34.868
4/27/2022 16:00,0.067
4/27/2022 17:00,0
4/27/2022 18:00,0
4/27/2022 19:00,0
4/27/2022 20:00,0
4/27/2022 21:00,0
4/27/2022 22:00,0
4/27/2022 23:00,0
4/28/2022 0:00,0
4/28/2022 1:00,0
4/28/2022 2:00,0
4/28/2022 3:00,0
4/28/2022 4:00,8.265
4/28/2022 5:00,112.306
4/28/2022 6:00,294.184
4/28/2022 7:00,489.389
4/28/2022 8:00,672.007
4/28/2022 9:00,759.187
4/28/2022 10:00,768.816
4/28/2022 11:00,709.231
4/28/2022 12:00,587.053
4/28/2022 13:00,414.035
4/28/2022 14:00,208.618
4/28/2022 15:00,32.003
4/28/2022 16:00,0.048
4/28/2022 17:00,0
4/28/2022 18:00,0
4/28/2022 19:00,0
4/28/2022 20:00,0
4/28/2022 21:00,0
4/28/2022 22:00,0
4/28/2022 23:00,0
4/29/2022 0:00,0
4/29/2022 1:00,0
4/29/2022 2:00,0
4/29/2022 3:00,0
4/29/2022 4:00,10.773
4/29/2022 5:00,142.344
4/29/2022 6:00,335.26
4/29/2022 7:00,515.91
4/29/2022 8:00,656.784
4/29/2022 9:00,732.348
4/29/2022 10:00,742.022
4/29/2022 11:00,680.121
4/29/2022 12:00,550.566
4/29/2022 13:00,383.995
4/29/2022 14:00,186.229
4/29/2022 15:00,27.416
4/29/2022 16:00,0.026
4/29/2022 17:00,0
4/29/2022 18:00,0
4/29/2022 19:00,0
4/29/2022 20:00,0
4/29/2022 21:00,0
4/29/2022 22:00,0
4/29/2022 23:00,0
4/30/2022 0:00,0
4/30/2022 1:00,0
4/30/2022 2:00,0
4/30/2022 3:00,0
4/30/2022 4:00,7.558
4/30/2022 5:00,113.693
4/30/2022 6:00,296.031
4/30/2022 7:00,480.459
4/30/2022 8:00,617.899
4/30/2022 9:00,697.304
4/30/2022 10:00,719.244
4/30/2022 11:00,664.531
4/30/2022 12:00,552.032
4/30/2022 13:00,389.141
4/30/2022 14:00,197.146
4/30/2022 15:00,30.039
4/30/2022 16:00,0.026
4/30/2022 17:00,0
4/30/2022 18:00,0
4/30/2022 19:00,0
4/30/2022 20:00,0
4/30/2022 21:00,0
4/30/2022 22:00,0
4/30/2022 23:00,0
5/1/2022 0:00,0
5/1/2022 1:00,0
5/1/2022 2:00,0
5/1/2022 3:00,0
5/1/2022 4:00,8.066
5/1/2022 5:00,119.989
5/1/2022 6:00,321.137
5/1/2022 7:00,526.329
5/1/2022 8:00,673.291
5/1/2022 9:00,751.929
5/1/2022 10:00,761.808
5/1/2022 11:00,703.021
5/1/2022 12:00,581.26
5/1/2022 13:00,407.129
5/1/2022 14:00,202.028
5/1/2022 15:00,29.549
5/1/2022 16:00,0.019
5/1/2022 17:00,0
5/1/2022 18:00,0
5/1/2022 19:00,0
5/1/2022 20:00,0
5/1/2022 21:00,0
5/1/2022 22:00,0
5/1/2022 23:00,0
5/2/2022 0:00,0
5/2/2022 1:00,0
5/2/2022 2:00,0
5/2/2022 3:00,0
5/2/2022 4:00,8.287
5/2/2022 5:00,133.276
5/2/2022 6:00,336.825
5/2/2022 7:00,524.041
5/2/2022 8:00,663.796
5/2/2022 9:00,743.007
5/2/2022 10:00,753.116
5/2/2022 11:00,694.995
5/2/2022 12:00,575.961
5/2/2022 13:00,401.901
5/2/2022 14:00,196.99
5/2/2022 15:00,27.436
5/2/2022 16:00,0.013
5/2/2022 17:00,0
5/2/2022 18:00,0
5/2/2022 19:00,0
5/2/2022 20:00,0
5/2/2022 21:00,0
5/2/2022 22:00,0
5/2/2022 23:00,0
5/3/2022 0:00,0
5/3/2022 1:00,0
5/3/2022 2:00,0
5/3/2022 3:00,0
5/3/2022 4:00,8.096
5/3/2022 5:00,133.963
5/3/2022 6:00,334.058
5/3/2022 7:00,518.718
5/3/2022 8:00,656.096
5/3/2022 9:00,736.647
5/3/2022 10:00,746.5
5/3/2022 11:00,687.966
5/3/2022 12:00,567.614
5/3/2022 13:00,394.108
5/3/2022 14:00,191.883
5/3/2022 15:00,25.705
5/3/2022 16:00,0.008
5/3/2022 17:00,0
5/3/2022 18:00,0
5/3/2022 19:00,0
5/3/2022 20:00,0
5/3/2022 21:00,0
5/3/2022 22:00,0
5/3/2022 23:00,0
5/4/2022 0:00,0
5/4/2022 1:00,0
5/4/2022 2:00,0
5/4/2022 3:00,0
5/4/2022 4:00,7.379
5/4/2022 5:00,129.901
5/4/2022 6:00,329.092
5/4/2022 7:00,512.793
5/4/2022 8:00,649.559
5/4/2022 9:00,724.69
5/4/2022 10:00,732.083
5/4/2022 11:00,673.226
5/4/2022 12:00,554.347
5/4/2022 13:00,380.61
5/4/2022 14:00,180.024
5/4/2022 15:00,23.655
5/4/2022 16:00,0.005
5/4/2022 17:00,0
5/4/2022 18:00,0
5/4/2022 19:00,0
5/4/2022 20:00,0
5/4/2022 21:00,0
5/4/2022 22:00,0
5/4/2022 23:00,0
5/5/2022 0:00,0
5/5/2022 1:00,0
5/5/2022 2:00,0
5/5/2022 3:00,0
5/5/2022 4:00,6.122
5/5/2022 5:00,114.587
5/5/2022 6:00,308.724
5/5/2022 7:00,497.444
5/5/2022 8:00,634.39
5/5/2022 9:00,711.703
5/5/2022 10:00,724.54
5/5/2022 11:00,668.698
5/5/2022 12:00,550.404
5/5/2022 13:00,383.371
5/5/2022 14:00,185.576
5/5/2022 15:00,23.416
5/5/2022 16:00,0.004
5/5/2022 17:00,0
5/5/2022 18:00,0
5/5/2022 19:00,0
5/5/2022 20:00,0
5/5/2022 21:00,0
5/5/2022 22:00,0
5/5/2022 23:00,0
5/6/2022 0:00,0
5/6/2022 1:00,0
5/6/2022 2:00,0
5/6/2022 3:00,0
5/6/2022 4:00,6.701
5/6/2022 5:00,127.043
5/6/2022 6:00,319.502
5/6/2022 7:00,491.604
5/6/2022 8:00,619.739
5/6/2022 9:00,691.614
5/6/2022 10:00,695.904
5/6/2022 11:00,634.294
5/6/2022 12:00,516.379
5/6/2022 13:00,351.716
5/6/2022 14:00,165.123
5/6/2022 15:00,18.553
5/6/2022 16:00,0.002
5/6/2022 17:00,0
5/6/2022 18:00,0
5/6/2022 19:00,0
5/6/2022 20:00,0
5/6/2022 21:00,0
5/6/2022 22:00,0
5/6/2022 23:00,0
5/7/2022 0:00,0
5/7/2022 1:00,0
5/7/2022 2:00,0
5/7/2022 3:00,0
5/7/2022 4:00,6.194
5/7/2022 5:00,120.564
5/7/2022 6:00,307.061
5/7/2022 7:00,483.113
5/7/2022 8:00,614.77
5/7/2022 9:00,686.142
5/7/2022 10:00,690.093
5/7/2022 11:00,626.296
5/7/2022 12:00,502.821
5/7/2022 13:00,340.363
5/7/2022 14:00,154.678
5/7/2022 15:00,18.105
5/7/2022 16:00,0.002
5/7/2022 17:00,0
5/7/2022 18:00,0
5/7/2022 19:00,0
5/7/2022 20:00,0
5/7/2022 21:00,0
5/7/2022 22:00,0
5/7/2022 23:00,0
5/8/2022 0:00,0
5/8/2022 1:00,0
5/8/2022 2:00,0
5/8/2022 3:00,0
5/8/2022 4:00,4.547
5/8/2022 5:00,94.996
5/8/2022 6:00,250.193
5/8/2022 7:00,411.125
5/8/2022 8:00,530.72
5/8/2022 9:00,573.047
5/8/2022 10:00,559.524
5/8/2022 11:00,499.25
5/8/2022 12:00,396.25
5/8/2022 13:00,255.189
5/8/2022 14:00,107.87
5/8/2022 15:00,13.156
5/8/2022 16:00,0.002
5/8/2022 17:00,0
5/8/2022 18:00,0
5/8/2022 19:00,0
5/8/2022 20:00,0
5/8/2022 21:00,0
5/8/2022 22:00,0
5/8/2022 23:00,0
5/9/2022 0:00,0
5/9/2022 1:00,0
5/9/2022 2:00,0
5/9/2022 3:00,0
5/9/2022 4:00,4.169
5/9/2022 5:00,92.089
5/9/2022 6:00,261.741
5/9/2022 7:00,475.27
5/9/2022 8:00,611.856
5/9/2022 9:00,688.571
5/9/2022 10:00,699.302
5/9/2022 11:00,644.294
5/9/2022 12:00,528.101
5/9/2022 13:00,361.733
5/9/2022 14:00,170.49
5/9/2022 15:00,19.804
5/9/2022 16:00,0.001
5/9/2022 17:00,0
5/9/2022 18:00,0
5/9/2022 19:00,0
5/9/2022 20:00,0
5/9/2022 21:00,0
5/9/2022 22:00,0
5/9/2022 23:00,0
5/10/2022 0:00,0
5/10/2022 1:00,0
5/10/2022 2:00,0
5/10/2022 3:00,0
5/10/2022 4:00,5.034
5/10/2022 5:00,117.111
5/10/2022 6:00,305.556
5/10/2022 7:00,479.584
5/10/2022 8:00,609.108
5/10/2022 9:00,683.888
5/10/2022 10:00,694.317
5/10/2022 11:00,645.607
5/10/2022 12:00,533.426
5/10/2022 13:00,365.961
5/10/2022 14:00,168.362
5/10/2022 15:00,18.753
5/10/2022 16:00,0.001
5/10/2022 17:00,0
5/10/2022 18:00,0
5/10/2022 19:00,0
5/10/2022 20:00,0
5/10/2022 21:00,0
5/10/2022 22:00,0
5/10/2022 23:00,0
5/11/2022 0:00,0
5/11/2022 1:00,0
5/11/2022 2:00,0
5/11/2022 3:00,0
5/11/2022 4:00,4.889
5/11/2022 5:00,115.249
5/11/2022 6:00,300.453
5/11/2022 7:00,472.342
5/11/2022 8:00,608.425
5/11/2022 9:00,677.779
5/11/2022 10:00,696.823
5/11/2022 11:00,642.56
5/11/2022 12:00,532.679
5/11/2022 13:00,365.881
5/11/2022 14:00,169.448
5/11/2022 15:00,18.457
5/11/2022 16:00,0.001
5/11/2022 17:00,0
5/11/2022 18:00,0
5/11/2022 19:00,0
5/11/2022 20:00,0
5/11/2022 21:00,0
5/11/2022 22:00,0
5/11/2022 23:00,0
5/12/2022 0:00,0
5/12/2022 1:00,0
5/12/2022 2:00,0
5/12/2022 3:00,0
5/12/2022 4:00,3.994
5/12/2022 5:00,106.037
5/12/2022 6:00,296.256
5/12/2022 7:00,476.649
5/12/2022 8:00,610.304
5/12/2022 9:00,690.009
5/12/2022 10:00,699.553
5/12/2022 11:00,643.223
5/12/2022 12:00,527.793
5/12/2022 13:00,361.657
5/12/2022 14:00,164.877
5/12/2022 15:00,16.65
5/12/2022 16:00,0.001
5/12/2022 17:00,0
5/12/2022 18:00,0
5/12/2022 19:00,0
5/12/2022 20:00,0
5/12/2022 21:00,0
5/12/2022 22:00,0
5/12/2022 23:00,0
5/13/2022 0:00,0
5/13/2022 1:00,0
5/13/2022 2:00,0
5/13/2022 3:00,0
5/13/2022 4:00,4.127
5/13/2022 5:00,110.28
5/13/2022 6:00,296.45
5/13/2022 7:00,471.493
5/13/2022 8:00,607.489
5/13/2022 9:00,683.58
5/13/2022 10:00,688.557
5/13/2022 11:00,635.773
5/13/2022 12:00,509.267
5/13/2022 13:00,344.992
5/13/2022 14:00,148.392
5/13/2022 15:00,14.023
5/13/2022 16:00,0.001
5/13/2022 17:00,0
5/13/2022 18:00,0
5/13/2022 19:00,0
5/13/2022 20:00,0
5/13/2022 21:00,0
5/13/2022 22:00,0
5/13/2022 23:00,0
5/14/2022 0:00,0
5/14/2022 1:00,0
5/14/2022 2:00,0
5/14/2022 3:00,0
5/14/2022 4:00,3.421
5/14/2022 5:00,91.883
5/14/2022 6:00,255.333
5/14/2022 7:00,419.417
5/14/2022 8:00,554.382
5/14/2022 9:00,638.517
5/14/2022 10:00,652.088
5/14/2022 11:00,585.286
5/14/2022 12:00,467.938
5/14/2022 13:00,302.787
5/14/2022 14:00,136.701
5/14/2022 15:00,14.904
5/14/2022 16:00,0.001
5/14/2022 17:00,0
5/14/2022 18:00,0
5/14/2022 19:00,0
5/14/2022 20:00,0
5/14/2022 21:00,0
5/14/2022 22:00,0
5/14/2022 23:00,0
5/15/2022 0:00,0
5/15/2022 1:00,0
5/15/2022 2:00,0
5/15/2022 3:00,0
5/15/2022 4:00,2.408
5/15/2022 5:00,79.208
5/15/2022 6:00,237.44
5/15/2022 7:00,408.987
5/15/2022 8:00,539.605
5/15/2022 9:00,608.898
5/15/2022 10:00,616.488
5/15/2022 11:00,561.405
5/15/2022 12:00,445.874
5/15/2022 13:00,296.768
5/15/2022 14:00,131.757
5/15/2022 15:00,13.59
5/15/2022 16:00,0
5/15/2022 17:00,0
5/15/2022 18:00,0
5/15/2022 19:00,0
5/15/2022 20:00,0
5/15/2022 21:00,0
5/15/2022 22:00,0
5/15/2022 23:00,0
5/16/2022 0:00,0
5/16/2022 1:00,0
5/16/2022 2:00,0
5/16/2022 3:00,0
5/16/2022 4:00,2.404
5/16/2022 5:00,75.435
5/16/2022 6:00,246.255
5/16/2022 7:00,450.263
5/16/2022 8:00,591.598
5/16/2022 9:00,666.583
5/16/2022 10:00,675.388
5/16/2022 11:00,611.08
5/16/2022 12:00,490.877
5/16/2022 13:00,331.65
5/16/2022 14:00,140.272
5/16/2022 15:00,12.754
5/16/2022 16:00,0
5/16/2022 17:00,0
5/16/2022 18:00,0
5/16/2022 19:00,0
5/16/2022 20:00,0
5/16/2022 21:00,0
5/16/2022 22:00,0
5/16/2022 23:00,0
5/17/2022 0:00,0
5/17/2022 1:00,0
5/17/2022 2:00,0
5/17/2022 3:00,0
5/17/2022 4:00,2.492
5/17/2022 5:00,81.351
5/17/2022 6:00,247.315
5/17/2022 7:00,444.871
5/17/2022 8:00,570.593
5/17/2022 9:00,633.607
5/17/2022 10:00,612.504
5/17/2022 11:00,544.802
5/17/2022 12:00,432.678
5/17/2022 13:00,281.344
5/17/2022 14:00,126.257
5/17/2022 15:00,11.231
5/17/2022 16:00,0
5/17/2022 17:00,0
5/17/2022 18:00,0
5/17/2022 19:00,0
5/17/2022 20:00,0
5/17/2022 21:00,0
5/17/2022 22:00,0
5/17/2022 23:00,0
5/18/2022 0:00,0
5/18/2022 1:00,0
5/18/2022 2:00,0
5/18/2022 3:00,0
5/18/2022 4:00,2.429
5/18/2022 5:00,87.605
5/18/2022 6:00,258.371
5/18/2022 7:00,440.284
5/18/2022 8:00,556.3
5/18/2022 9:00,612.129
5/18/2022 10:00,611.007
5/18/2022 11:00,553.429
5/18/2022 12:00,446.821
5/18/2022 13:00,292.248
5/18/2022 14:00,121.609
5/18/2022 15:00,9.707
5/18/2022 16:00,0
5/18/2022 17:00,0
5/18/2022 18:00,0
5/18/2022 19:00,0
5/18/2022 20:00,0
5/18/2022 21:00,0
5/18/2022 22:00,0
5/18/2022 23:00,0
5/19/2022 0:00,0
5/19/2022 1:00,0
5/19/2022 2:00,0
5/19/2022 3:00,0
5/19/2022 4:00,2.625
5/19/2022 5:00,93.129
5/19/2022 6:00,269.713
5/19/2022 7:00,444.591
5/19/2022 8:00,565.281
5/19/2022 9:00,633.859
5/19/2022 10:00,638.233
5/19/2022 11:00,579.871
5/19/2022 12:00,469.703
5/19/2022 13:00,312.563
5/19/2022 14:00,128.451
5/19/2022 15:00,10.099
5/19/2022 16:00,0
5/19/2022 17:00,0
5/19/2022 18:00,0
5/19/2022 19:00,0
5/19/2022 20:00,0
5/19/2022 21:00,0
5/19/2022 22:00,0
5/19/2022 23:00,0
5/20/2022 0:00,0
5/20/2022 1:00,0
5/20/2022 2:00,0
5/20/2022 3:00,0
5/20/2022 4:00,2.55
5/20/2022 5:00,88.159
5/20/2022 6:00,249.944
5/20/2022 7:00,404.042
5/20/2022 8:00,530.124
5/20/2022 9:00,587.851
5/20/2022 10:00,583.643
5/20/2022 11:00,525.811
5/20/2022 12:00,425.036
5/20/2022 13:00,270.066
5/20/2022 14:00,115.121
5/20/2022 15:00,9.647
5/20/2022 16:00,0
5/20/2022 17:00,0
5/20/2022 18:00,0
5/20/2022 19:00,0
5/20/2022 20:00,0
5/20/2022 21:00,0
5/20/2022 22:00,0
5/20/2022 23:00,0
5/21/2022 0:00,0
5/21/2022 1:00,0
5/21/2022 2:00,0
5/21/2022 3:00,0
5/21/2022 4:00,1.145
5/21/2022 5:00,45.936
5/21/2022 6:00,156.171
5/21/2022 7:00,250.335
5/21/2022 8:00,298.796
5/21/2022 9:00,354.441
5/21/2022 10:00,364.106
5/21/2022 11:00,356.394
5/21/2022 12:00,309.008
5/21/2022 13:00,207.661
5/21/2022 14:00,93.949
5/21/2022 15:00,9.199
5/21/2022 16:00,0
5/21/2022 17:00,0
5/21/2022 18:00,0
5/21/2022 19:00,0
5/21/2022 20:00,0
5/21/2022 21:00,0
5/21/2022 22:00,0
5/21/2022 23:00,0
5/22/2022 0:00,0
5/22/2022 1:00,0
5/22/2022 2:00,0
5/22/2022 3:00,0
5/22/2022 4:00,1.336
5/22/2022 5:00,55.902
5/22/2022 6:00,183.197
5/22/2022 7:00,327.987
5/22/2022 8:00,456.55
5/22/2022 9:00,518.491
5/22/2022 10:00,522.544
5/22/2022 11:00,465.189
5/22/2022 12:00,367.389
5/22/2022 13:00,237.479
5/22/2022 14:00,101.737
5/22/2022 15:00,9.109
5/22/2022 16:00,0
5/22/2022 17:00,0
5/22/2022 18:00,0
5/22/2022 19:00,0
5/22/2022 20:00,0
5/22/2022 21:00,0
5/22/2022 22:00,0
5/22/2022 23:00,0
5/23/2022 0:00,0
5/23/2022 1:00,0
5/23/2022 2:00,0
5/23/2022 3:00,0
5/23/2022 4:00,1.269
5/23/2022 5:00,59.702
5/23/2022 6:00,216.941
5/23/2022 7:00,405.582
5/23/2022 8:00,528.48
5/23/2022 9:00,606.236
5/23/2022 10:00,619.932
5/23/2022 11:00,575.703
5/23/2022 12:00,468.429
5/23/2022 13:00,311.196
5/23/2022 14:00,131.419
5/23/2022 15:00,9.823
5/23/2022 16:00,0
5/23/2022 17:00,0
5/23/2022 18:00,0
5/23/2022 19:00,0
5/23/2022 20:00,0
5/23/2022 21:00,0
5/23/2022 22:00,0
5/23/2022 23:00,0
5/24/2022 0:00,0
5/24/2022 1:00,0
5/24/2022 2:00,0
5/24/2022 3:00,0
5/24/2022 4:00,2.119
5/24/2022 5:00,94.578
5/24/2022 6:00,273.903
5/24/2022 7:00,440.263
5/24/2022 8:00,564.066
5/24/2022 9:00,631.026
5/24/2022 10:00,638.583
5/24/2022 11:00,581.676
5/24/2022 12:00,475.829
5/24/2022 13:00,317.848
5/24/2022 14:00,133.314
5/24/2022 15:00,9.032
5/24/2022 16:00,0
5/24/2022 17:00,0
5/24/2022 18:00,0
5/24/2022 19:00,0
5/24/2022 20:00,0
5/24/2022 21:00,0
5/24/2022 22:00,0
5/24/2022 23:00,0
5/25/2022 0:00,0
5/25/2022 1:00,0
5/25/2022 2:00,0
5/25/2022 3:00,0
5/25/2022 4:00,2.063
5/25/2022 5:00,95.243
5/25/2022 6:00,277.417
5/25/2022 7:00,447.554
5/25/2022 8:00,579.55
5/25/2022 9:00,655.037
5/25/2022 10:00,666.007
5/25/2022 11:00,609.37
5/25/2022 12:00,498.053
5/25/2022 13:00,334.972
5/25/2022 14:00,143.603
5/25/2022 15:00,10.337
5/25/2022 16:00,0
5/25/2022 17:00,0
5/25/2022 18:00,0
5/25/2022 19:00,0
5/25/2022 20:00,0
5/25/2022 21:00,0
5/25/2022 22:00,0
5/25/2022 23:00,0
5/26/2022 0:00,0
5/26/2022 1:00,0
5/26/2022 2:00,0
5/26/2022 3:00,0
5/26/2022 4:00,1.881
5/26/2022 5:00,89.993
5/26/2022 6:00,262.378
5/26/2022 7:00,427.026
5/26/2022 8:00,556.087
5/26/2022 9:00,632.781
5/26/2022 10:00,644.524
5/26/2022 11:00,590.44
5/26/2022 12:00,478.269
5/26/2022 13:00,318.411
5/26/2022 14:00,136.308
5/26/2022 15:00,9.904
5/26/2022 16:00,0
5/26/2022 17:00,0
5/26/2022 18:00,0
5/26/2022 19:00,0
5/26/2022 20:00,0
5/26/2022 21:00,0
5/26/2022 22:00,0
5/26/2022 23:00,0
5/27/2022 0:00,0
5/27/2022 1:00,0
5/27/2022 2:00,0
5/27/2022 3:00,0
5/27/2022 4:00,1.339
5/27/2022 5:00,80.576
5/27/2022 6:00,253.295
5/27/2022 7:00,434.356
5/27/2022 8:00,568.192
5/27/2022 9:00,644.03
5/27/2022 10:00,652.343
5/27/2022 11:00,594.648
5/27/2022 12:00,482.455
5/27/2022 13:00,323.27
5/27/2022 14:00,136.411
5/27/2022 15:00,9.577
5/27/2022 16:00,0
5/27/2022 17:00,0
5/27/2022 18:00,0
5/27/2022 19:00,0
5/27/2022 20:00,0
5/27/2022 21:00,0
5/27/2022 22:00,0
5/27/2022 23:00,0
5/28/2022 0:00,0
5/28/2022 1:00,0
5/28/2022 2:00,0
5/28/2022 3:00,0
5/28/2022 4:00,1.374
5/28/2022 5:00,80.869
5/28/2022 6:00,251.244
5/28/2022 7:00,424.052
5/28/2022 8:00,557.344
5/28/2022 9:00,633.325
5/28/2022 10:00,645.548
5/28/2022 11:00,592.506
5/28/2022 12:00,481.092
5/28/2022 13:00,320.606
5/28/2022 14:00,133.35
5/28/2022 15:00,8.448
5/28/2022 16:00,0
5/28/2022 17:00,0
5/28/2022 18:00,0
5/28/2022 19:00,0
5/28/2022 20:00,0
5/28/2022 21:00,0
5/28/2022 22:00,0
5/28/2022 23:00,0
5/29/2022 0:00,0
5/29/2022 1:00,0
5/29/2022 2:00,0
5/29/2022 3:00,0
5/29/2022 4:00,1.505
5/29/2022 5:00,85.395
5/29/2022 6:00,257.105
5/29/2022 7:00,417.392
5/29/2022 8:00,541.981
5/29/2022 9:00,610.24
5/29/2022 10:00,627.045
5/29/2022 11:00,576.83
5/29/2022 12:00,457.714
5/29/2022 13:00,304.837
5/29/2022 14:00,129.846
5/29/2022 15:00,8.683
5/29/2022 16:00,0
5/29/2022 17:00,0
5/29/2022 18:00,0
5/29/2022 19:00,0
5/29/2022 20:00,0
5/29/2022 21:00,0
5/29/2022 22:00,0
5/29/2022 23:00,0
5/30/2022 0:00,0
5/30/2022 1:00,0
5/30/2022 2:00,0
5/30/2022 3:00,0
5/30/2022 4:00,1.423
5/30/2022 5:00,87.699
5/30/2022 6:00,269.578
5/30/2022 7:00,450.478
5/30/2022 8:00,584.021
5/30/2022 9:00,657.234
5/30/2022 10:00,658.846
5/30/2022 11:00,588.991
5/30/2022 12:00,472.456
5/30/2022 13:00,318.886
5/30/2022 14:00,132.14
5/30/2022 15:00,7.891
5/30/2022 16:00,0
5/30/2022 17:00,0
5/30/2022 18:00,0
5/30/2022 19:00,0
5/30/2022 20:00,0
5/30/2022 21:00,0
5/30/2022 22:00,0
5/30/2022 23:00,0
5/31/2022 0:00,0
5/31/2022 1:00,0
5/31/2022 2:00,0
5/31/2022 3:00,0
5/31/2022 4:00,1.078
5/31/2022 5:00,78.121
5/31/2022 6:00,258.468
5/31/2022 7:00,432.832
5/31/2022 8:00,567.14
5/31/2022 9:00,647.38
5/31/2022 10:00,658.021
5/31/2022 11:00,602.603
5/31/2022 12:00,491.537
5/31/2022 13:00,329.354
5/31/2022 14:00,137.481
5/31/2022 15:00,8.292
5/31/2022 16:00,0
5/31/2022 17:00,0
5/31/2022 18:00,0
5/31/2022 19:00,0
5/31/2022 20:00,0
5/31/2022 21:00,0
5/31/2022 22:00,0
5/31/2022 23:00,0
6/1/2022 0:00,0
6/1/2022 1:00,0
6/1/2022 2:00,0
6/1/2022 3:00,0
6/1/2022 4:00,1.388
6/1/2022 5:00,88.091
6/1/2022 6:00,269.948
6/1/2022 7:00,442.548
6/1/2022 8:00,569.36
6/1/2022 9:00,636.053
6/1/2022 10:00,641.405
6/1/2022 11:00,583.72
6/1/2022 12:00,478.185
6/1/2022 13:00,317.568
6/1/2022 14:00,131.413
6/1/2022 15:00,8.356
6/1/2022 16:00,0
6/1/2022 17:00,0
6/1/2022 18:00,0
6/1/2022 19:00,0
6/1/2022 20:00,0
6/1/2022 21:00,0
6/1/2022 22:00,0
6/1/2022 23:00,0
6/2/2022 0:00,0
6/2/2022 1:00,0
6/2/2022 2:00,0
6/2/2022 3:00,0
6/2/2022 4:00,1.251
6/2/2022 5:00,85.166
6/2/2022 6:00,264.876
6/2/2022 7:00,437.062
6/2/2022 8:00,568.91
6/2/2022 9:00,641.841
6/2/2022 10:00,652.16
6/2/2022 11:00,599.18
6/2/2022 12:00,487.76
6/2/2022 13:00,323.952
6/2/2022 14:00,134.171
6/2/2022 15:00,8.38
6/2/2022 16:00,0
6/2/2022 17:00,0
6/2/2022 18:00,0
6/2/2022 19:00,0
6/2/2022 20:00,0
6/2/2022 21:00,0
6/2/2022 22:00,0
6/2/2022 23:00,0
6/3/2022 0:00,0
6/3/2022 1:00,0
6/3/2022 2:00,0
6/3/2022 3:00,0
6/3/2022 4:00,1.191
6/3/2022 5:00,82.95
6/3/2022 6:00,263.478
6/3/2022 7:00,438.376
6/3/2022 8:00,570.817
6/3/2022 9:00,648.873
6/3/2022 10:00,658.9
6/3/2022 11:00,603.154
6/3/2022 12:00,487.794
6/3/2022 13:00,322.737
6/3/2022 14:00,132.278
6/3/2022 15:00,7.921
6/3/2022 16:00,0
6/3/2022 17:00,0
6/3/2022 18:00,0
6/3/2022 19:00,0
6/3/2022 20:00,0
6/3/2022 21:00,0
6/3/2022 22:00,0
6/3/2022 23:00,0
6/4/2022 0:00,0
6/4/2022 1:00,0
6/4/2022 2:00,0
6/4/2022 3:00,0
6/4/2022 4:00,1.142
6/4/2022 5:00,82.724
6/4/2022 6:00,261.508
6/4/2022 7:00,433.123
6/4/2022 8:00,563.557
6/4/2022 9:00,630.134
6/4/2022 10:00,634.335
6/4/2022 11:00,590.976
6/4/2022 12:00,476.45
6/4/2022 13:00,311.434
6/4/2022 14:00,123.013
6/4/2022 15:00,6.456
6/4/2022 16:00,0
6/4/2022 17:00,0
6/4/2022 18:00,0
6/4/2022 19:00,0
6/4/2022 20:00,0
6/4/2022 21:00,0
6/4/2022 22:00,0
6/4/2022 23:00,0
6/5/2022 0:00,0
6/5/2022 1:00,0
6/5/2022 2:00,0
6/5/2022 3:00,0
6/5/2022 4:00,1.033
6/5/2022 5:00,76.722
6/5/2022 6:00,243.139
6/5/2022 7:00,411.952
6/5/2022 8:00,542.959
6/5/2022 9:00,606.12
6/5/2022 10:00,607.342
6/5/2022 11:00,558.828
6/5/2022 12:00,451.453
6/5/2022 13:00,296.953
6/5/2022 14:00,118.189
6/5/2022 15:00,6.371
6/5/2022 16:00,0
6/5/2022 17:00,0
6/5/2022 18:00,0
6/5/2022 19:00,0
6/5/2022 20:00,0
6/5/2022 21:00,0
6/5/2022 22:00,0
6/5/2022 23:00,0
6/6/2022 0:00,0
6/6/2022 1:00,0
6/6/2022 2:00,0
6/6/2022 3:00,0
6/6/2022 4:00,0.658
6/6/2022 5:00,56.712
6/6/2022 6:00,208.918
6/6/2022 7:00,395.12
6/6/2022 8:00,536.857
6/6/2022 9:00,616.546
6/6/2022 10:00,628.093
6/6/2022 11:00,578.948
6/6/2022 12:00,471.05
6/6/2022 13:00,310.695
6/6/2022 14:00,125.212
6/6/2022 15:00,6.916
6/6/2022 16:00,0
6/6/2022 17:00,0
6/6/2022 18:00,0
6/6/2022 19:00,0
6/6/2022 20:00,0
6/6/2022 21:00,0
6/6/2022 22:00,0
6/6/2022 23:00,0
6/7/2022 0:00,0
6/7/2022 1:00,0
6/7/2022 2:00,0
6/7/2022 3:00,0
6/7/2022 4:00,0.888
6/7/2022 5:00,76.265
6/7/2022 6:00,253.047
6/7/2022 7:00,428.28
6/7/2022 8:00,558.942
6/7/2022 9:00,633.362
6/7/2022 10:00,642.739
6/7/2022 11:00,587.614
6/7/2022 12:00,473.231
6/7/2022 13:00,311.132
6/7/2022 14:00,125.029
6/7/2022 15:00,6.796
6/7/2022 16:00,0
6/7/2022 17:00,0
6/7/2022 18:00,0
6/7/2022 19:00,0
6/7/2022 20:00,0
6/7/2022 21:00,0
6/7/2022 22:00,0
6/7/2022 23:00,0
6/8/2022 0:00,0
6/8/2022 1:00,0
6/8/2022 2:00,0
6/8/2022 3:00,0
6/8/2022 4:00,0.96
6/8/2022 5:00,79.702
6/8/2022 6:00,257.773
6/8/2022 7:00,430.506
6/8/2022 8:00,560.701
6/8/2022 9:00,635.823
6/8/2022 10:00,642.874
6/8/2022 11:00,586.391
6/8/2022 12:00,476.202
6/8/2022 13:00,311.342
6/8/2022 14:00,124.681
6/8/2022 15:00,6.443
6/8/2022 16:00,0
6/8/2022 17:00,0
6/8/2022 18:00,0
6/8/2022 19:00,0
6/8/2022 20:00,0
6/8/2022 21:00,0
6/8/2022 22:00,0
6/8/2022 23:00,0
6/9/2022 0:00,0
6/9/2022 1:00,0
6/9/2022 2:00,0
6/9/2022 3:00,0
6/9/2022 4:00,0.93
6/9/2022 5:00,78.803
6/9/2022 6:00,254.397
6/9/2022 7:00,426.821
6/9/2022 8:00,556.52
6/9/2022 9:00,631.214
6/9/2022 10:00,638.038
6/9/2022 11:00,577.313
6/9/2022 12:00,449.201
6/9/2022 13:00,298.354
6/9/2022 14:00,121.127
6/9/2022 15:00,6.154
6/9/2022 16:00,0
6/9/2022 17:00,0
6/9/2022 18:00,0
6/9/2022 19:00,0
6/9/2022 20:00,0
6/9/2022 21:00,0
6/9/2022 22:00,0
6/9/2022 23:00,0
6/10/2022 0:00,0
6/10/2022 1:00,0
6/10/2022 2:00,0
6/10/2022 3:00,0
6/10/2022 4:00,0.722
6/10/2022 5:00,60.346
6/10/2022 6:00,214.438
6/10/2022 7:00,397.772
6/10/2022 8:00,539.47
6/10/2022 9:00,619.863
6/10/2022 10:00,629.166
6/10/2022 11:00,576.225
6/10/2022 12:00,462.895
6/10/2022 13:00,303.398
6/10/2022 14:00,120.641
6/10/2022 15:00,6.29
6/10/2022 16:00,0
6/10/2022 17:00,0
6/10/2022 18:00,0
6/10/2022 19:00,0
6/10/2022 20:00,0
6/10/2022 21:00,0
6/10/2022 22:00,0
6/10/2022 23:00,0
6/11/2022 0:00,0
6/11/2022 1:00,0
6/11/2022 2:00,0
6/11/2022 3:00,0
6/11/2022 4:00,0.678
6/11/2022 5:00,56.252
6/11/2022 6:00,190.976
6/11/2022 7:00,354.504
6/11/2022 8:00,508.591
6/11/2022 9:00,618.259
6/11/2022 10:00,635.159
6/11/2022 11:00,576.391
6/11/2022 12:00,451.348
6/11/2022 13:00,289.252
6/11/2022 14:00,111.645
6/11/2022 15:00,4.686
6/11/2022 16:00,0
6/11/2022 17:00,0
6/11/2022 18:00,0
6/11/2022 19:00,0
6/11/2022 20:00,0
6/11/2022 21:00,0
6/11/2022 22:00,0
6/11/2022 23:00,0
6/12/2022 0:00,0
6/12/2022 1:00,0
6/12/2022 2:00,0
6/12/2022 3:00,0
6/12/2022 4:00,0.861
6/12/2022 5:00,76.165
6/12/2022 6:00,244.19
6/12/2022 7:00,412.604
6/12/2022 8:00,544.355
6/12/2022 9:00,608.463
6/12/2022 10:00,600.199
6/12/2022 11:00,544.022
6/12/2022 12:00,445.217
6/12/2022 13:00,278.934
6/12/2022 14:00,108.315
6/12/2022 15:00,4.925
6/12/2022 16:00,0
6/12/2022 17:00,0
6/12/2022 18:00,0
6/12/2022 19:00,0
6/12/2022 20:00,0
6/12/2022 21:00,0
6/12/2022 22:00,0
6/12/2022 23:00,0
6/13/2022 0:00,0
6/13/2022 1:00,0
6/13/2022 2:00,0
6/13/2022 3:00,0
6/13/2022 4:00,0.866
6/13/2022 5:00,77.272
6/13/2022 6:00,239.473
6/13/2022 7:00,391.691
6/13/2022 8:00,504.209
6/13/2022 9:00,566.948
6/13/2022 10:00,574.396
6/13/2022 11:00,524.08
6/13/2022 12:00,421.963
6/13/2022 13:00,271.635
6/13/2022 14:00,101.303
6/13/2022 15:00,4.089
6/13/2022 16:00,0
6/13/2022 17:00,0
6/13/2022 18:00,0
6/13/2022 19:00,0
6/13/2022 20:00,0
6/13/2022 21:00,0
6/13/2022 22:00,0
6/13/2022 23:00,0
6/14/2022 0:00,0
6/14/2022 1:00,0
6/14/2022 2:00,0
6/14/2022 3:00,0
6/14/2022 4:00,0.7
6/14/2022 5:00,56.068
6/14/2022 6:00,178.904
6/14/2022 7:00,294.618
6/14/2022 8:00,374.416
6/14/2022 9:00,428.747
6/14/2022 10:00,437.777
6/14/2022 11:00,395.64
6/14/2022 12:00,311.62
6/14/2022 13:00,192.707
6/14/2022 14:00,70.763
6/14/2022 15:00,3.639
6/14/2022 16:00,0
6/14/2022 17:00,0
6/14/2022 18:00,0
6/14/2022 19:00,0
6/14/2022 20:00,0
6/14/2022 21:00,0
6/14/2022 22:00,0
6/14/2022 23:00,0
6/15/2022 0:00,0
6/15/2022 1:00,0
6/15/2022 2:00,0
6/15/2022 3:00,0
6/15/2022 4:00,0.64
6/15/2022 5:00,62.601
6/15/2022 6:00,228.999
6/15/2022 7:00,394.032
6/15/2022 8:00,517.103
6/15/2022 9:00,591.957
6/15/2022 10:00,591.783
6/15/2022 11:00,540.659
6/15/2022 12:00,437.714
6/15/2022 13:00,286.153
6/15/2022 14:00,115.588
6/15/2022 15:00,6.002
6/15/2022 16:00,0
6/15/2022 17:00,0
6/15/2022 18:00,0
6/15/2022 19:00,0
6/15/2022 20:00,0
6/15/2022 21:00,0
6/15/2022 22:00,0
6/15/2022 23:00,0
6/16/2022 0:00,0
6/16/2022 1:00,0
6/16/2022 2:00,0
6/16/2022 3:00,0
6/16/2022 4:00,0.799
6/16/2022 5:00,78.003
6/16/2022 6:00,252.253
6/16/2022 7:00,415.994
6/16/2022 8:00,544.981
6/16/2022 9:00,608.619
6/16/2022 10:00,608.449
6/16/2022 11:00,550.778
6/16/2022 12:00,443.142
6/16/2022 13:00,284.195
6/16/2022 14:00,108.003
6/16/2022 15:00,5.029
6/16/2022 16:00,0
6/16/2022 17:00,0
6/16/2022 18:00,0
6/16/2022 19:00,0
6/16/2022 20:00,0
6/16/2022 21:00,0
6/16/2022 22:00,0
6/16/2022 23:00,0
6/17/2022 0:00,0
6/17/2022 1:00,0
6/17/2022 2:00,0
6/17/2022 3:00,0
6/17/2022 4:00,0.731
6/17/2022 5:00,72.49
6/17/2022 6:00,239.784
6/17/2022 7:00,415.081
6/17/2022 8:00,550.428
6/17/2022 9:00,626.601
6/17/2022 10:00,637.349
6/17/2022 11:00,583.236
6/17/2022 12:00,469.905
6/17/2022 13:00,308.38
6/17/2022 14:00,121.984
6/17/2022 15:00,5.805
6/17/2022 16:00,0
6/17/2022 17:00,0
6/17/2022 18:00,0
6/17/2022 19:00,0
6/17/2022 20:00,0
6/17/2022 21:00,0
6/17/2022 22:00,0
6/17/2022 23:00,0
6/18/2022 0:00,0
6/18/2022 1:00,0
6/18/2022 2:00,0
6/18/2022 3:00,0
6/18/2022 4:00,0.757
6/18/2022 5:00,76.297
6/18/2022 6:00,247.524
6/18/2022 7:00,413.109
6/18/2022 8:00,539.124
6/18/2022 9:00,612.44
6/18/2022 10:00,617.29
6/18/2022 11:00,558.982
6/18/2022 12:00,443.49
6/18/2022 13:00,285.781
6/18/2022 14:00,109.303
6/18/2022 15:00,4.545
6/18/2022 16:00,0
6/18/2022 17:00,0
6/18/2022 18:00,0
6/18/2022 19:00,0
6/18/2022 20:00,0
6/18/2022 21:00,0
6/18/2022 22:00,0
6/18/2022 23:00,0
6/19/2022 0:00,0
6/19/2022 1:00,0
6/19/2022 2:00,0
6/19/2022 3:00,0
6/19/2022 4:00,0.726
6/19/2022 5:00,70.268
6/19/2022 6:00,231.559
6/19/2022 7:00,394.057
6/19/2022 8:00,526.408
6/19/2022 9:00,603.383
6/19/2022 10:00,607.171
6/19/2022 11:00,549.654
6/19/2022 12:00,437.516
6/19/2022 13:00,279.914
6/19/2022 14:00,106.99
6/19/2022 15:00,5.379
6/19/2022 16:00,0
6/19/2022 17:00,0
6/19/2022 18:00,0
6/19/2022 19:00,0
6/19/2022 20:00,0
6/19/2022 21:00,0
6/19/2022 22:00,0
6/19/2022 23:00,0
6/20/2022 0:00,0
6/20/2022 1:00,0
6/20/2022 2:00,0
6/20/2022 3:00,0
6/20/2022 4:00,0.427
6/20/2022 5:00,45.821
6/20/2022 6:00,166.108
6/20/2022 7:00,329.174
6/20/2022 8:00,461.602
6/20/2022 9:00,532.064
6/20/2022 10:00,526.938
6/20/2022 11:00,477.642
6/20/2022 12:00,387.504
6/20/2022 13:00,255.671
6/20/2022 14:00,102.757
6/20/2022 15:00,4.852
6/20/2022 16:00,0
6/20/2022 17:00,0
6/20/2022 18:00,0
6/20/2022 19:00,0
6/20/2022 20:00,0
6/20/2022 21:00,0
6/20/2022 22:00,0
6/20/2022 23:00,0
6/21/2022 0:00,0
6/21/2022 1:00,0
6/21/2022 2:00,0
6/21/2022 3:00,0
6/21/2022 4:00,0.357
6/21/2022 5:00,40.352
6/21/2022 6:00,151.313
6/21/2022 7:00,302.506
6/21/2022 8:00,475.792
6/21/2022 9:00,568.591
6/21/2022 10:00,582.399
6/21/2022 11:00,534.414
6/21/2022 12:00,430.283
6/21/2022 13:00,278.14
6/21/2022 14:00,105.478
6/21/2022 15:00,4.615
6/21/2022 16:00,0
6/21/2022 17:00,0
6/21/2022 18:00,0
6/21/2022 19:00,0
6/21/2022 20:00,0
6/21/2022 21:00,0
6/21/2022 22:00,0
6/21/2022 23:00,0
6/22/2022 0:00,0
6/22/2022 1:00,0
6/22/2022 2:00,0
6/22/2022 3:00,0
6/22/2022 4:00,0.483
6/22/2022 5:00,44.49
6/22/2022 6:00,161.998
6/22/2022 7:00,341.074
6/22/2022 8:00,474.95
6/22/2022 9:00,550.883
6/22/2022 10:00,565.366
6/22/2022 11:00,512.814
6/22/2022 12:00,402.299
6/22/2022 13:00,248.937
6/22/2022 14:00,90.473
6/22/2022 15:00,3.811
6/22/2022 16:00,0
6/22/2022 17:00,0
6/22/2022 18:00,0
6/22/2022 19:00,0
6/22/2022 20:00,0
6/22/2022 21:00,0
6/22/2022 22:00,0
6/22/2022 23:00,0
6/23/2022 0:00,0
6/23/2022 1:00,0
6/23/2022 2:00,0
6/23/2022 3:00,0
6/23/2022 4:00,0.364
6/23/2022 5:00,37.99
6/23/2022 6:00,133.832
6/23/2022 7:00,291.23
6/23/2022 8:00,412.283
6/23/2022 9:00,459.734
6/23/2022 10:00,465.92
6/23/2022 11:00,420.277
6/23/2022 12:00,318.953
6/23/2022 13:00,195.896
6/23/2022 14:00,73.283
6/23/2022 15:00,3.509
6/23/2022 16:00,0
6/23/2022 17:00,0
6/23/2022 18:00,0
6/23/2022 19:00,0
6/23/2022 20:00,0
6/23/2022 21:00,0
6/23/2022 22:00,0
6/23/2022 23:00,0
6/24/2022 0:00,0
6/24/2022 1:00,0
6/24/2022 2:00,0
6/24/2022 3:00,0
6/24/2022 4:00,0.597
6/24/2022 5:00,56.395
6/24/2022 6:00,198.066
6/24/2022 7:00,361.879
6/24/2022 8:00,495.452
6/24/2022 9:00,557.4
6/24/2022 10:00,553.85
6/24/2022 11:00,499.478
6/24/2022 12:00,396.526
6/24/2022 13:00,242.815
6/24/2022 14:00,88.103
6/24/2022 15:00,4.757
6/24/2022 16:00,0
6/24/2022 17:00,0
6/24/2022 18:00,0
6/24/2022 19:00,0
6/24/2022 20:00,0
6/24/2022 21:00,0
6/24/2022 22:00,0
6/24/2022 23:00,0
6/25/2022 0:00,0
6/25/2022 1:00,0
6/25/2022 2:00,0
6/25/2022 3:00,0
6/25/2022 4:00,0.362
6/25/2022 5:00,40.689
6/25/2022 6:00,156.949
6/25/2022 7:00,293.131
6/25/2022 8:00,400.791
6/25/2022 9:00,469.974
6/25/2022 10:00,482.708
6/25/2022 11:00,438.206
6/25/2022 12:00,346.748
6/25/2022 13:00,226.053
6/25/2022 14:00,87.993
6/25/2022 15:00,4.814
6/25/2022 16:00,0
6/25/2022 17:00,0
6/25/2022 18:00,0
6/25/2022 19:00,0
6/25/2022 20:00,0
6/25/2022 21:00,0
6/25/2022 22:00,0
6/25/2022 23:00,0
6/26/2022 0:00,0
6/26/2022 1:00,0
6/26/2022 2:00,0
6/26/2022 3:00,0
6/26/2022 4:00,0.477
6/26/2022 5:00,47.706
6/26/2022 6:00,174.377
6/26/2022 7:00,340.114
6/26/2022 8:00,507.318
6/26/2022 9:00,600.657
6/26/2022 10:00,619.417
6/26/2022 11:00,571.736
6/26/2022 12:00,460.887
6/26/2022 13:00,302.119
6/26/2022 14:00,118.085
6/26/2022 15:00,5.64
6/26/2022 16:00,0
6/26/2022 17:00,0
6/26/2022 18:00,0
6/26/2022 19:00,0
6/26/2022 20:00,0
6/26/2022 21:00,0
6/26/2022 22:00,0
6/26/2022 23:00,0
6/27/2022 0:00,0
6/27/2022 1:00,0
6/27/2022 2:00,0
6/27/2022 3:00,0
6/27/2022 4:00,0.557
6/27/2022 5:00,69.97
6/27/2022 6:00,240.41
6/27/2022 7:00,409.328
6/27/2022 8:00,538.186
6/27/2022 9:00,605.599
6/27/2022 10:00,613.984
6/27/2022 11:00,560.161
6/27/2022 12:00,448.434
6/27/2022 13:00,293.344
6/27/2022 14:00,115.879
6/27/2022 15:00,5.742
6/27/2022 16:00,0
6/27/2022 17:00,0
6/27/2022 18:00,0
6/27/2022 19:00,0
6/27/2022 20:00,0
6/27/2022 21:00,0
6/27/2022 22:00,0
6/27/2022 23:00,0
6/28/2022 0:00,0
6/28/2022 1:00,0
6/28/2022 2:00,0
6/28/2022 3:00,0
6/28/2022 4:00,0.491
6/28/2022 5:00,52.217
6/28/2022 6:00,193.238
6/28/2022 7:00,384.596
6/28/2022 8:00,531.013
6/28/2022 9:00,595.514
6/28/2022 10:00,605.971
6/28/2022 11:00,553.553
6/28/2022 12:00,445.638
6/28/2022 13:00,292.121
6/28/2022 14:00,114.97
6/28/2022 15:00,5.909
6/28/2022 16:00,0
6/28/2022 17:00,0
6/28/2022 18:00,0
6/28/2022 19:00,0
6/28/2022 20:00,0
6/28/2022 21:00,0
6/28/2022 22:00,0
6/28/2022 23:00,0
6/29/2022 0:00,0
6/29/2022 1:00,0
6/29/2022 2:00,0
6/29/2022 3:00,0
6/29/2022 4:00,0.589
6/29/2022 5:00,53.89
6/29/2022 6:00,200.578
6/29/2022 7:00,380.814
6/29/2022 8:00,542.384
6/29/2022 9:00,622.894
6/29/2022 10:00,631.827
6/29/2022 11:00,579.18
6/29/2022 12:00,467.027
6/29/2022 13:00,305.14
6/29/2022 14:00,120.287
6/29/2022 15:00,6
6/29/2022 16:00,0
6/29/2022 17:00,0
6/29/2022 18:00,0
6/29/2022 19:00,0
6/29/2022 20:00,0
6/29/2022 21:00,0
6/29/2022 22:00,0
6/29/2022 23:00,0
6/30/2022 0:00,0
6/30/2022 1:00,0
6/30/2022 2:00,0
6/30/2022 3:00,0
6/30/2022 4:00,0.769
6/30/2022 5:00,75.734
6/30/2022 6:00,249.504
6/30/2022 7:00,421.181
6/30/2022 8:00,552.447
6/30/2022 9:00,628.151
6/30/2022 10:00,638.571
6/30/2022 11:00,584.143
6/30/2022 12:00,470.586
6/30/2022 13:00,307.674
6/30/2022 14:00,121.698
6/30/2022 15:00,6.244
6/30/2022 16:00,0
6/30/2022 17:00,0
6/30/2022 18:00,0
6/30/2022 19:00,0
6/30/2022 20:00,0
6/30/2022 21:00,0
6/30/2022 22:00,0
6/30/2022 23:00,0
7/1/2022 0:00,0
7/1/2022 1:00,0
7/1/2022 2:00,0
7/1/2022 3:00,0
7/1/2022 4:00,0.782
7/1/2022 5:00,76.232
7/1/2022 6:00,250.426
7/1/2022 7:00,422.57
7/1/2022 8:00,553.754
7/1/2022 9:00,626.454
7/1/2022 10:00,637.442
7/1/2022 11:00,581.185
7/1/2022 12:00,467.761
7/1/2022 13:00,304.549
7/1/2022 14:00,119.647
7/1/2022 15:00,5.671
7/1/2022 16:00,0
7/1/2022 17:00,0
7/1/2022 18:00,0
7/1/2022 19:00,0
7/1/2022 20:00,0
7/1/2022 21:00,0
7/1/2022 22:00,0
7/1/2022 23:00,0
7/2/2022 0:00,0
7/2/2022 1:00,0
7/2/2022 2:00,0
7/2/2022 3:00,0
7/2/2022 4:00,0.797
7/2/2022 5:00,75.739
7/2/2022 6:00,246.802
7/2/2022 7:00,413.339
7/2/2022 8:00,541.896
7/2/2022 9:00,615.94
7/2/2022 10:00,620.42
7/2/2022 11:00,561.683
7/2/2022 12:00,450.081
7/2/2022 13:00,292.048
7/2/2022 14:00,116.8
7/2/2022 15:00,5.729
7/2/2022 16:00,0
7/2/2022 17:00,0
7/2/2022 18:00,0
7/2/2022 19:00,0
7/2/2022 20:00,0
7/2/2022 21:00,0
7/2/2022 22:00,0
7/2/2022 23:00,0
7/3/2022 0:00,0
7/3/2022 1:00,0
7/3/2022 2:00,0
7/3/2022 3:00,0
7/3/2022 4:00,0.813
7/3/2022 5:00,74.988
7/3/2022 6:00,242.169
7/3/2022 7:00,404.664
7/3/2022 8:00,522.229
7/3/2022 9:00,591.497
7/3/2022 10:00,596.28
7/3/2022 11:00,543.111
7/3/2022 12:00,436.882
7/3/2022 13:00,282.813
7/3/2022 14:00,109.545
7/3/2022 15:00,5.31
7/3/2022 16:00,0
7/3/2022 17:00,0
7/3/2022 18:00,0
7/3/2022 19:00,0
7/3/2022 20:00,0
7/3/2022 21:00,0
7/3/2022 22:00,0
7/3/2022 23:00,0
7/4/2022 0:00,0
7/4/2022 1:00,0
7/4/2022 2:00,0
7/4/2022 3:00,0
7/4/2022 4:00,0.869
7/4/2022 5:00,74.524
7/4/2022 6:00,243.919
7/4/2022 7:00,410.951
7/4/2022 8:00,537.987
7/4/2022 9:00,611.809
7/4/2022 10:00,621.037
7/4/2022 11:00,567.888
7/4/2022 12:00,457.255
7/4/2022 13:00,299.532
7/4/2022 14:00,119.213
7/4/2022 15:00,6.577
7/4/2022 16:00,0
7/4/2022 17:00,0
7/4/2022 18:00,0
7/4/2022 19:00,0
7/4/2022 20:00,0
7/4/2022 21:00,0
7/4/2022 22:00,0
7/4/2022 23:00,0
7/5/2022 0:00,0
7/5/2022 1:00,0
7/5/2022 2:00,0
7/5/2022 3:00,0
7/5/2022 4:00,0.863
7/5/2022 5:00,74.618
7/5/2022 6:00,241.5
7/5/2022 7:00,406.568
7/5/2022 8:00,531.198
7/5/2022 9:00,606.514
7/5/2022 10:00,610.673
7/5/2022 11:00,555.585
7/5/2022 12:00,444.883
7/5/2022 13:00,287.924
7/5/2022 14:00,112.754
7/5/2022 15:00,5.907
7/5/2022 16:00,0
7/5/2022 17:00,0
7/5/2022 18:00,0
7/5/2022 19:00,0
7/5/2022 20:00,0
7/5/2022 21:00,0
7/5/2022 22:00,0
7/5/2022 23:00,0
7/6/2022 0:00,0
7/6/2022 1:00,0
7/6/2022 2:00,0
7/6/2022 3:00,0
7/6/2022 4:00,0.902
7/6/2022 5:00,71.293
7/6/2022 6:00,229.631
7/6/2022 7:00,394.085
7/6/2022 8:00,526.978
7/6/2022 9:00,609.496
7/6/2022 10:00,621.656
7/6/2022 11:00,569.345
7/6/2022 12:00,458.777
7/6/2022 13:00,302.427
7/6/2022 14:00,122.74
7/6/2022 15:00,7.055
7/6/2022 16:00,0
7/6/2022 17:00,0
7/6/2022 18:00,0
7/6/2022 19:00,0
7/6/2022 20:00,0
7/6/2022 21:00,0
7/6/2022 22:00,0
7/6/2022 23:00,0
7/7/2022 0:00,0
7/7/2022 1:00,0
7/7/2022 2:00,0
7/7/2022 3:00,0
7/7/2022 4:00,0.818
7/7/2022 5:00,74.932
7/7/2022 6:00,244.505
7/7/2022 7:00,412.634
7/7/2022 8:00,535.949
7/7/2022 9:00,607.125
7/7/2022 10:00,615.762
7/7/2022 11:00,560.042
7/7/2022 12:00,447.605
7/7/2022 13:00,292.295
7/7/2022 14:00,115.542
7/7/2022 15:00,5.763
7/7/2022 16:00,0
7/7/2022 17:00,0
7/7/2022 18:00,0
7/7/2022 19:00,0
7/7/2022 20:00,0
7/7/2022 21:00,0
7/7/2022 22:00,0
7/7/2022 23:00,0
7/8/2022 0:00,0
7/8/2022 1:00,0
7/8/2022 2:00,0
7/8/2022 3:00,0
7/8/2022 4:00,0.933
7/8/2022 5:00,79.42
7/8/2022 6:00,255.015
7/8/2022 7:00,423.482
7/8/2022 8:00,554.176
7/8/2022 9:00,629.86
7/8/2022 10:00,640.838
7/8/2022 11:00,588.187
7/8/2022 12:00,478.284
7/8/2022 13:00,316.457
7/8/2022 14:00,128.786
7/8/2022 15:00,7.533
7/8/2022 16:00,0
7/8/2022 17:00,0
7/8/2022 18:00,0
7/8/2022 19:00,0
7/8/2022 20:00,0
7/8/2022 21:00,0
7/8/2022 22:00,0
7/8/2022 23:00,0
7/9/2022 0:00,0
7/9/2022 1:00,0
7/9/2022 2:00,0
7/9/2022 3:00,0
7/9/2022 4:00,0.794
7/9/2022 5:00,70.353
7/9/2022 6:00,226.726
7/9/2022 7:00,403.981
7/9/2022 8:00,544.149
7/9/2022 9:00,616.881
7/9/2022 10:00,626.254
7/9/2022 11:00,571.762
7/9/2022 12:00,460.089
7/9/2022 13:00,300.969
7/9/2022 14:00,117.018
7/9/2022 15:00,5.573
7/9/2022 16:00,0
7/9/2022 17:00,0
7/9/2022 18:00,0
7/9/2022 19:00,0
7/9/2022 20:00,0
7/9/2022 21:00,0
7/9/2022 22:00,0
7/9/2022 23:00,0
7/10/2022 0:00,0
7/10/2022 1:00,0
7/10/2022 2:00,0
7/10/2022 3:00,0
7/10/2022 4:00,1.039
7/10/2022 5:00,72.992
7/10/2022 6:00,235.283
7/10/2022 7:00,399.771
7/10/2022 8:00,523.588
7/10/2022 9:00,594.252
7/10/2022 10:00,601.576
7/10/2022 11:00,543.155
7/10/2022 12:00,434.939
7/10/2022 13:00,286.355
7/10/2022 14:00,114.249
7/10/2022 15:00,6.298
7/10/2022 16:00,0
7/10/2022 17:00,0
7/10/2022 18:00,0
7/10/2022 19:00,0
7/10/2022 20:00,0
7/10/2022 21:00,0
7/10/2022 22:00,0
7/10/2022 23:00,0
7/11/2022 0:00,0
7/11/2022 1:00,0
7/11/2022 2:00,0
7/11/2022 3:00,0
7/11/2022 4:00,1.144
7/11/2022 5:00,72.069
7/11/2022 6:00,242.036
7/11/2022 7:00,414.027
7/11/2022 8:00,545.635
7/11/2022 9:00,623.838
7/11/2022 10:00,629.89
7/11/2022 11:00,576.673
7/11/2022 12:00,458.88
7/11/2022 13:00,299.806
7/11/2022 14:00,119.862
7/11/2022 15:00,5.991
7/11/2022 16:00,0
7/11/2022 17:00,0
7/11/2022 18:00,0
7/11/2022 19:00,0
7/11/2022 20:00,0
7/11/2022 21:00,0
7/11/2022 22:00,0
7/11/2022 23:00,0
7/12/2022 0:00,0
7/12/2022 1:00,0
7/12/2022 2:00,0
7/12/2022 3:00,0
7/12/2022 4:00,1.104
7/12/2022 5:00,80.125
7/12/2022 6:00,253.739
7/12/2022 7:00,423.302
7/12/2022 8:00,553.767
7/12/2022 9:00,626.357
7/12/2022 10:00,635.168
7/12/2022 11:00,578.383
7/12/2022 12:00,459.939
7/12/2022 13:00,298.689
7/12/2022 14:00,122.704
7/12/2022 15:00,7.484
7/12/2022 16:00,0
7/12/2022 17:00,0
7/12/2022 18:00,0
7/12/2022 19:00,0
7/12/2022 20:00,0
7/12/2022 21:00,0
7/12/2022 22:00,0
7/12/2022 23:00,0
7/13/2022 0:00,0
7/13/2022 1:00,0
7/13/2022 2:00,0
7/13/2022 3:00,0
7/13/2022 4:00,0.955
7/13/2022 5:00,63.198
7/13/2022 6:00,214.085
7/13/2022 7:00,393.85
7/13/2022 8:00,527.398
7/13/2022 9:00,585.689
7/13/2022 10:00,591.969
7/13/2022 11:00,545.594
7/13/2022 12:00,438.949
7/13/2022 13:00,286.032
7/13/2022 14:00,114.762
7/13/2022 15:00,5.9
7/13/2022 16:00,0
7/13/2022 17:00,0
7/13/2022 18:00,0
7/13/2022 19:00,0
7/13/2022 20:00,0
7/13/2022 21:00,0
7/13/2022 22:00,0
7/13/2022 23:00,0
7/14/2022 0:00,0
7/14/2022 1:00,0
7/14/2022 2:00,0
7/14/2022 3:00,0
7/14/2022 4:00,1.404
7/14/2022 5:00,86.461
7/14/2022 6:00,256.328
7/14/2022 7:00,414.494
7/14/2022 8:00,536.66
7/14/2022 9:00,603.268
7/14/2022 10:00,618.512
7/14/2022 11:00,571.193
7/14/2022 12:00,461.322
7/14/2022 13:00,303.431
7/14/2022 14:00,123.919
7/14/2022 15:00,7.532
7/14/2022 16:00,0
7/14/2022 17:00,0
7/14/2022 18:00,0
7/14/2022 19:00,0
7/14/2022 20:00,0
7/14/2022 21:00,0
7/14/2022 22:00,0
7/14/2022 23:00,0
7/15/2022 0:00,0
7/15/2022 1:00,0
7/15/2022 2:00,0
7/15/2022 3:00,0
7/15/2022 4:00,0.901
7/15/2022 5:00,63.359
7/15/2022 6:00,223.37
7/15/2022 7:00,396.901
7/15/2022 8:00,543.697
7/15/2022 9:00,622.886
7/15/2022 10:00,637.579
7/15/2022 11:00,584.717
7/15/2022 12:00,470.58
7/15/2022 13:00,310.921
7/15/2022 14:00,128.206
7/15/2022 15:00,8.211
7/15/2022 16:00,0
7/15/2022 17:00,0
7/15/2022 18:00,0
7/15/2022 19:00,0
7/15/2022 20:00,0
7/15/2022 21:00,0
7/15/2022 22:00,0
7/15/2022 23:00,0
7/16/2022 0:00,0
7/16/2022 1:00,0
7/16/2022 2:00,0
7/16/2022 3:00,0
7/16/2022 4:00,1.018
7/16/2022 5:00,65.785
7/16/2022 6:00,216.422
7/16/2022 7:00,411.02
7/16/2022 8:00,566.025
7/16/2022 9:00,641.743
7/16/2022 10:00,652.296
7/16/2022 11:00,600.263
7/16/2022 12:00,485.865
7/16/2022 13:00,321.948
7/16/2022 14:00,132.489
7/16/2022 15:00,8.537
7/16/2022 16:00,0
7/16/2022 17:00,0
7/16/2022 18:00,0
7/16/2022 19:00,0
7/16/2022 20:00,0
7/16/2022 21:00,0
7/16/2022 22:00,0
7/16/2022 23:00,0
7/17/2022 0:00,0
7/17/2022 1:00,0
7/17/2022 2:00,0
7/17/2022 3:00,0
7/17/2022 4:00,1.22
7/17/2022 5:00,69.58
7/17/2022 6:00,219.192
7/17/2022 7:00,393.971
7/17/2022 8:00,560.921
7/17/2022 9:00,648.144
7/17/2022 10:00,657.805
7/17/2022 11:00,603.431
7/17/2022 12:00,491.367
7/17/2022 13:00,328.382
7/17/2022 14:00,137.482
7/17/2022 15:00,9.133
7/17/2022 16:00,0
7/17/2022 17:00,0
7/17/2022 18:00,0
7/17/2022 19:00,0
7/17/2022 20:00,0
7/17/2022 21:00,0
7/17/2022 22:00,0
7/17/2022 23:00,0
7/18/2022 0:00,0
7/18/2022 1:00,0
7/18/2022 2:00,0
7/18/2022 3:00,0
7/18/2022 4:00,1.559
7/18/2022 5:00,83.399
7/18/2022 6:00,246.385
7/18/2022 7:00,427.251
7/18/2022 8:00,558.296
7/18/2022 9:00,632.976
7/18/2022 10:00,641.1
7/18/2022 11:00,584.664
7/18/2022 12:00,469.11
7/18/2022 13:00,309.59
7/18/2022 14:00,129.42
7/18/2022 15:00,8.273
7/18/2022 16:00,0
7/18/2022 17:00,0
7/18/2022 18:00,0
7/18/2022 19:00,0
7/18/2022 20:00,0
7/18/2022 21:00,0
7/18/2022 22:00,0
7/18/2022 23:00,0
7/19/2022 0:00,0
7/19/2022 1:00,0
7/19/2022 2:00,0
7/19/2022 3:00,0
7/19/2022 4:00,1.765
7/19/2022 5:00,87.708
7/19/2022 6:00,260.161
7/19/2022 7:00,429.456
7/19/2022 8:00,556.341
7/19/2022 9:00,621.407
7/19/2022 10:00,624.384
7/19/2022 11:00,569.188
7/19/2022 12:00,463.456
7/19/2022 13:00,304.978
7/19/2022 14:00,126.656
7/19/2022 15:00,9.002
7/19/2022 16:00,0
7/19/2022 17:00,0
7/19/2022 18:00,0
7/19/2022 19:00,0
7/19/2022 20:00,0
7/19/2022 21:00,0
7/19/2022 22:00,0
7/19/2022 23:00,0
7/20/2022 0:00,0
7/20/2022 1:00,0
7/20/2022 2:00,0
7/20/2022 3:00,0
7/20/2022 4:00,1.444
7/20/2022 5:00,66.641
7/20/2022 6:00,203.945
7/20/2022 7:00,350.794
7/20/2022 8:00,467.635
7/20/2022 9:00,547.7
7/20/2022 10:00,564.621
7/20/2022 11:00,509.018
7/20/2022 12:00,400.44
7/20/2022 13:00,261.951
7/20/2022 14:00,110.615
7/20/2022 15:00,9.408
7/20/2022 16:00,0
7/20/2022 17:00,0
7/20/2022 18:00,0
7/20/2022 19:00,0
7/20/2022 20:00,0
7/20/2022 21:00,0
7/20/2022 22:00,0
7/20/2022 23:00,0
7/21/2022 0:00,0
7/21/2022 1:00,0
7/21/2022 2:00,0
7/21/2022 3:00,0
7/21/2022 4:00,1.357
7/21/2022 5:00,72.36
7/21/2022 6:00,227.341
7/21/2022 7:00,389.464
7/21/2022 8:00,514.01
7/21/2022 9:00,575.375
7/21/2022 10:00,576.744
7/21/2022 11:00,511.128
7/21/2022 12:00,404.334
7/21/2022 13:00,270.277
7/21/2022 14:00,112.35
7/21/2022 15:00,9.419
7/21/2022 16:00,0
7/21/2022 17:00,0
7/21/2022 18:00,0
7/21/2022 19:00,0
7/21/2022 20:00,0
7/21/2022 21:00,0
7/21/2022 22:00,0
7/21/2022 23:00,0
7/22/2022 0:00,0
7/22/2022 1:00,0
7/22/2022 2:00,0
7/22/2022 3:00,0
7/22/2022 4:00,1.513
7/22/2022 5:00,74.416
7/22/2022 6:00,235.464
7/22/2022 7:00,398.088
7/22/2022 8:00,515.529
7/22/2022 9:00,565.39
7/22/2022 10:00,547.626
7/22/2022 11:00,490.529
7/22/2022 12:00,399.206
7/22/2022 13:00,265.138
7/22/2022 14:00,107.755
7/22/2022 15:00,7.416
7/22/2022 16:00,0
7/22/2022 17:00,0
7/22/2022 18:00,0
7/22/2022 19:00,0
7/22/2022 20:00,0
7/22/2022 21:00,0
7/22/2022 22:00,0
7/22/2022 23:00,0
7/23/2022 0:00,0
7/23/2022 1:00,0
7/23/2022 2:00,0
7/23/2022 3:00,0
7/23/2022 4:00,1.962
7/23/2022 5:00,77.293
7/23/2022 6:00,228.116
7/23/2022 7:00,406.233
7/23/2022 8:00,527.446
7/23/2022 9:00,585.275
7/23/2022 10:00,579.514
7/23/2022 11:00,518.507
7/23/2022 12:00,406.625
7/23/2022 13:00,257.257
7/23/2022 14:00,102.51
7/23/2022 15:00,9.216
7/23/2022 16:00,0
7/23/2022 17:00,0
7/23/2022 18:00,0
7/23/2022 19:00,0
7/23/2022 20:00,0
7/23/2022 21:00,0
7/23/2022 22:00,0
7/23/2022 23:00,0
7/24/2022 0:00,0
7/24/2022 1:00,0
7/24/2022 2:00,0
7/24/2022 3:00,0
7/24/2022 4:00,2.056
7/24/2022 5:00,79.711
7/24/2022 6:00,244.779
7/24/2022 7:00,420.862
7/24/2022 8:00,563.444
7/24/2022 9:00,641.942
7/24/2022 10:00,649.83
7/24/2022 11:00,599.086
7/24/2022 12:00,483.687
7/24/2022 13:00,324.776
7/24/2022 14:00,144.688
7/24/2022 15:00,13.037
7/24/2022 16:00,0
7/24/2022 17:00,0
7/24/2022 18:00,0
7/24/2022 19:00,0
7/24/2022 20:00,0
7/24/2022 21:00,0
7/24/2022 22:00,0
7/24/2022 23:00,0
7/25/2022 0:00,0
7/25/2022 1:00,0
7/25/2022 2:00,0
7/25/2022 3:00,0
7/25/2022 4:00,2.522
7/25/2022 5:00,93.355
7/25/2022 6:00,271.017
7/25/2022 7:00,446.547
7/25/2022 8:00,583.192
7/25/2022 9:00,662.132
7/25/2022 10:00,682.667
7/25/2022 11:00,631.399
7/25/2022 12:00,514.634
7/25/2022 13:00,347.821
7/25/2022 14:00,154.321
7/25/2022 15:00,13.569
7/25/2022 16:00,0
7/25/2022 17:00,0
7/25/2022 18:00,0
7/25/2022 19:00,0
7/25/2022 20:00,0
7/25/2022 21:00,0
7/25/2022 22:00,0
7/25/2022 23:00,0
7/26/2022 0:00,0
7/26/2022 1:00,0
7/26/2022 2:00,0
7/26/2022 3:00,0
7/26/2022 4:00,2.867
7/26/2022 5:00,101.589
7/26/2022 6:00,290.194
7/26/2022 7:00,467.056
7/26/2022 8:00,598.839
7/26/2022 9:00,672.024
7/26/2022 10:00,679.378
7/26/2022 11:00,620.782
7/26/2022 12:00,503.011
7/26/2022 13:00,336.107
7/26/2022 14:00,146.236
7/26/2022 15:00,11.966
7/26/2022 16:00,0
7/26/2022 17:00,0
7/26/2022 18:00,0
7/26/2022 19:00,0
7/26/2022 20:00,0
7/26/2022 21:00,0
7/26/2022 22:00,0
7/26/2022 23:00,0
7/27/2022 0:00,0
7/27/2022 1:00,0
7/27/2022 2:00,0
7/27/2022 3:00,0
7/27/2022 4:00,2.93
7/27/2022 5:00,87.142
7/27/2022 6:00,246.846
7/27/2022 7:00,415.553
7/27/2022 8:00,553.333
7/27/2022 9:00,617.269
7/27/2022 10:00,615.297
7/27/2022 11:00,549.578
7/27/2022 12:00,431.045
7/27/2022 13:00,281.381
7/27/2022 14:00,124.738
7/27/2022 15:00,12.814
7/27/2022 16:00,0
7/27/2022 17:00,0
7/27/2022 18:00,0
7/27/2022 19:00,0
7/27/2022 20:00,0
7/27/2022 21:00,0
7/27/2022 22:00,0
7/27/2022 23:00,0
7/28/2022 0:00,0
7/28/2022 1:00,0
7/28/2022 2:00,0
7/28/2022 3:00,0
7/28/2022 4:00,2.562
7/28/2022 5:00,83.82
7/28/2022 6:00,257.364
7/28/2022 7:00,435.548
7/28/2022 8:00,573.056
7/28/2022 9:00,647.133
7/28/2022 10:00,657.439
7/28/2022 11:00,597.599
7/28/2022 12:00,480.893
7/28/2022 13:00,322.173
7/28/2022 14:00,143.463
7/28/2022 15:00,13.9
7/28/2022 16:00,0
7/28/2022 17:00,0
7/28/2022 18:00,0
7/28/2022 19:00,0
7/28/2022 20:00,0
7/28/2022 21:00,0
7/28/2022 22:00,0
7/28/2022 23:00,0
7/29/2022 0:00,0
7/29/2022 1:00,0
7/29/2022 2:00,0
7/29/2022 3:00,0
7/29/2022 4:00,2.78
7/29/2022 5:00,80.282
7/29/2022 6:00,242.443
7/29/2022 7:00,423.121
7/29/2022 8:00,547.083
7/29/2022 9:00,620.228
7/29/2022 10:00,628.783
7/29/2022 11:00,575.564
7/29/2022 12:00,466.597
7/29/2022 13:00,308.343
7/29/2022 14:00,132.622
7/29/2022 15:00,10.895
7/29/2022 16:00,0
7/29/2022 17:00,0
7/29/2022 18:00,0
7/29/2022 19:00,0
7/29/2022 20:00,0
7/29/2022 21:00,0
7/29/2022 22:00,0
7/29/2022 23:00,0
7/30/2022 0:00,0
7/30/2022 1:00,0
7/30/2022 2:00,0
7/30/2022 3:00,0
7/30/2022 4:00,3.513
7/30/2022 5:00,96.726
7/30/2022 6:00,264.391
7/30/2022 7:00,432.011
7/30/2022 8:00,567.017
7/30/2022 9:00,640.005
7/30/2022 10:00,639.461
7/30/2022 11:00,571.288
7/30/2022 12:00,454.501
7/30/2022 13:00,302.119
7/30/2022 14:00,131.304
7/30/2022 15:00,12.766
7/30/2022 16:00,0
7/30/2022 17:00,0
7/30/2022 18:00,0
7/30/2022 19:00,0
7/30/2022 20:00,0
7/30/2022 21:00,0
7/30/2022 22:00,0
7/30/2022 23:00,0
7/31/2022 0:00,0
7/31/2022 1:00,0
7/31/2022 2:00,0
7/31/2022 3:00,0
7/31/2022 4:00,3.079
7/31/2022 5:00,86.77
7/31/2022 6:00,247.463
7/31/2022 7:00,405.109
7/31/2022 8:00,530.152
7/31/2022 9:00,595.388
7/31/2022 10:00,604.264
7/31/2022 11:00,547.699
7/31/2022 12:00,438.025
7/31/2022 13:00,292.947
7/31/2022 14:00,133.548
7/31/2022 15:00,14.752
7/31/2022 16:00,0.001
7/31/2022 17:00,0
7/31/2022 18:00,0
7/31/2022 19:00,0
7/31/2022 20:00,0
7/31/2022 21:00,0
7/31/2022 22:00,0
7/31/2022 23:00,0
8/1/2022 0:00,0
8/1/2022 1:00,0
8/1/2022 2:00,0
8/1/2022 3:00,0
8/1/2022 4:00,2.685
8/1/2022 5:00,79.452
8/1/2022 6:00,249.744
8/1/2022 7:00,434.356
8/1/2022 8:00,565.307
8/1/2022 9:00,635.451
8/1/2022 10:00,641.94
8/1/2022 11:00,584.764
8/1/2022 12:00,470.54
8/1/2022 13:00,317.092
8/1/2022 14:00,143.342
8/1/2022 15:00,15.518
8/1/2022 16:00,0
8/1/2022 17:00,0
8/1/2022 18:00,0
8/1/2022 19:00,0
8/1/2022 20:00,0
8/1/2022 21:00,0
8/1/2022 22:00,0
8/1/2022 23:00,0
8/2/2022 0:00,0
8/2/2022 1:00,0
8/2/2022 2:00,0
8/2/2022 3:00,0
8/2/2022 4:00,2.537
8/2/2022 5:00,68.493
8/2/2022 6:00,210.424
8/2/2022 7:00,385.695
8/2/2022 8:00,540.266
8/2/2022 9:00,624.955
8/2/2022 10:00,639.611
8/2/2022 11:00,584.682
8/2/2022 12:00,470.337
8/2/2022 13:00,313.835
8/2/2022 14:00,138.342
8/2/2022 15:00,13.279
8/2/2022 16:00,0.001
8/2/2022 17:00,0
8/2/2022 18:00,0
8/2/2022 19:00,0
8/2/2022 20:00,0
8/2/2022 21:00,0
8/2/2022 22:00,0
8/2/2022 23:00,0
8/3/2022 0:00,0
8/3/2022 1:00,0
8/3/2022 2:00,0
8/3/2022 3:00,0
8/3/2022 4:00,3.518
8/3/2022 5:00,74.938
8/3/2022 6:00,223.365
8/3/2022 7:00,386.833
8/3/2022 8:00,533.16
8/3/2022 9:00,618.346
8/3/2022 10:00,619.269
8/3/2022 11:00,553.719
8/3/2022 12:00,432.168
8/3/2022 13:00,272.892
8/3/2022 14:00,111.295
8/3/2022 15:00,12.48
8/3/2022 16:00,0.001
8/3/2022 17:00,0
8/3/2022 18:00,0
8/3/2022 19:00,0
8/3/2022 20:00,0
8/3/2022 21:00,0
8/3/2022 22:00,0
8/3/2022 23:00,0
8/4/2022 0:00,0
8/4/2022 1:00,0
8/4/2022 2:00,0
8/4/2022 3:00,0
8/4/2022 4:00,4.097
8/4/2022 5:00,96.238
8/4/2022 6:00,266.345
8/4/2022 7:00,434.554
8/4/2022 8:00,564.428
8/4/2022 9:00,643.786
8/4/2022 10:00,655.369
8/4/2022 11:00,610.471
8/4/2022 12:00,490.729
8/4/2022 13:00,336.875
8/4/2022 14:00,157.918
8/4/2022 15:00,18.418
8/4/2022 16:00,0.001
8/4/2022 17:00,0
8/4/2022 18:00,0
8/4/2022 19:00,0
8/4/2022 20:00,0
8/4/2022 21:00,0
8/4/2022 22:00,0
8/4/2022 23:00,0
8/5/2022 0:00,0
8/5/2022 1:00,0
8/5/2022 2:00,0
8/5/2022 3:00,0
8/5/2022 4:00,5.053
8/5/2022 5:00,115.168
8/5/2022 6:00,302.463
8/5/2022 7:00,476.577
8/5/2022 8:00,605.486
8/5/2022 9:00,679.299
8/5/2022 10:00,695.747
8/5/2022 11:00,644.418
8/5/2022 12:00,535.015
8/5/2022 13:00,370.878
8/5/2022 14:00,175.887
8/5/2022 15:00,19.436
8/5/2022 16:00,0.001
8/5/2022 17:00,0
8/5/2022 18:00,0
8/5/2022 19:00,0
8/5/2022 20:00,0
8/5/2022 21:00,0
8/5/2022 22:00,0
8/5/2022 23:00,0
8/6/2022 0:00,0
8/6/2022 1:00,0
8/6/2022 2:00,0
8/6/2022 3:00,0
8/6/2022 4:00,5.72
8/6/2022 5:00,117.603
8/6/2022 6:00,308.683
8/6/2022 7:00,490.692
8/6/2022 8:00,628.56
8/6/2022 9:00,709.425
8/6/2022 10:00,713.808
8/6/2022 11:00,656.805
8/6/2022 12:00,528.726
8/6/2022 13:00,356.739
8/6/2022 14:00,159.406
8/6/2022 15:00,18.481
8/6/2022 16:00,0.002
8/6/2022 17:00,0
8/6/2022 18:00,0
8/6/2022 19:00,0
8/6/2022 20:00,0
8/6/2022 21:00,0
8/6/2022 22:00,0
8/6/2022 23:00,0
8/7/2022 0:00,0
8/7/2022 1:00,0
8/7/2022 2:00,0
8/7/2022 3:00,0
8/7/2022 4:00,5.035
8/7/2022 5:00,100.2
8/7/2022 6:00,266.45
8/7/2022 7:00,430.058
8/7/2022 8:00,555.836
8/7/2022 9:00,638.34
8/7/2022 10:00,639.666
8/7/2022 11:00,584.398
8/7/2022 12:00,472.016
8/7/2022 13:00,320.712
8/7/2022 14:00,147.705
8/7/2022 15:00,18.231
8/7/2022 16:00,0.001
8/7/2022 17:00,0
8/7/2022 18:00,0
8/7/2022 19:00,0
8/7/2022 20:00,0
8/7/2022 21:00,0
8/7/2022 22:00,0
8/7/2022 23:00,0
8/8/2022 0:00,0
8/8/2022 1:00,0
8/8/2022 2:00,0
8/8/2022 3:00,0
8/8/2022 4:00,5.238
8/8/2022 5:00,95.191
8/8/2022 6:00,257.473
8/8/2022 7:00,424.12
8/8/2022 8:00,571.179
8/8/2022 9:00,671.231
8/8/2022 10:00,686.263
8/8/2022 11:00,633.213
8/8/2022 12:00,519.784
8/8/2022 13:00,359.072
8/8/2022 14:00,174.686
8/8/2022 15:00,23.814
8/8/2022 16:00,0.003
8/8/2022 17:00,0
8/8/2022 18:00,0
8/8/2022 19:00,0
8/8/2022 20:00,0
8/8/2022 21:00,0
8/8/2022 22:00,0
8/8/2022 23:00,0
8/9/2022 0:00,0
8/9/2022 1:00,0
8/9/2022 2:00,0
8/9/2022 3:00,0
8/9/2022 4:00,6.191
8/9/2022 5:00,107.383
8/9/2022 6:00,302.358
8/9/2022 7:00,485.009
8/9/2022 8:00,629.362
8/9/2022 9:00,708.585
8/9/2022 10:00,727.483
8/9/2022 11:00,676.132
8/9/2022 12:00,553.207
8/9/2022 13:00,385.652
8/9/2022 14:00,188.322
8/9/2022 15:00,24.506
8/9/2022 16:00,0.005
8/9/2022 17:00,0
8/9/2022 18:00,0
8/9/2022 19:00,0
8/9/2022 20:00,0
8/9/2022 21:00,0
8/9/2022 22:00,0
8/9/2022 23:00,0
8/10/2022 0:00,0
8/10/2022 1:00,0
8/10/2022 2:00,0
8/10/2022 3:00,0
8/10/2022 4:00,6.721
8/10/2022 5:00,112.089
8/10/2022 6:00,298.711
8/10/2022 7:00,494.161
8/10/2022 8:00,618.202
8/10/2022 9:00,686.702
8/10/2022 10:00,695.93
8/10/2022 11:00,639.832
8/10/2022 12:00,519.599
8/10/2022 13:00,358.164
8/10/2022 14:00,168.908
8/10/2022 15:00,19.613
8/10/2022 16:00,0.004
8/10/2022 17:00,0
8/10/2022 18:00,0
8/10/2022 19:00,0
8/10/2022 20:00,0
8/10/2022 21:00,0
8/10/2022 22:00,0
8/10/2022 23:00,0
8/11/2022 0:00,0
8/11/2022 1:00,0
8/11/2022 2:00,0
8/11/2022 3:00,0
8/11/2022 4:00,7.887
8/11/2022 5:00,129.431
8/11/2022 6:00,315.961
8/11/2022 7:00,482.51
8/11/2022 8:00,622.535
8/11/2022 9:00,713.733
8/11/2022 10:00,717.716
8/11/2022 11:00,648.092
8/11/2022 12:00,526.963
8/11/2022 13:00,358.458
8/11/2022 14:00,167.51
8/11/2022 15:00,20.056
8/11/2022 16:00,0.005
8/11/2022 17:00,0
8/11/2022 18:00,0
8/11/2022 19:00,0
8/11/2022 20:00,0
8/11/2022 21:00,0
8/11/2022 22:00,0
8/11/2022 23:00,0
8/12/2022 0:00,0
8/12/2022 1:00,0
8/12/2022 2:00,0
8/12/2022 3:00,0
8/12/2022 4:00,8.537
8/12/2022 5:00,131.438
8/12/2022 6:00,320.751
8/12/2022 7:00,486.764
8/12/2022 8:00,603.411
8/12/2022 9:00,682.173
8/12/2022 10:00,691.71
8/12/2022 11:00,643.201
8/12/2022 12:00,524.169
8/12/2022 13:00,357.809
8/12/2022 14:00,166.764
8/12/2022 15:00,22.582
8/12/2022 16:00,0.013
8/12/2022 17:00,0
8/12/2022 18:00,0
8/12/2022 19:00,0
8/12/2022 20:00,0
8/12/2022 21:00,0
8/12/2022 22:00,0
8/12/2022 23:00,0
8/13/2022 0:00,0
8/13/2022 1:00,0
8/13/2022 2:00,0
8/13/2022 3:00,0
8/13/2022 4:00,7.071
8/13/2022 5:00,113.679
8/13/2022 6:00,291.713
8/13/2022 7:00,458.561
8/13/2022 8:00,580.396
8/13/2022 9:00,645.432
8/13/2022 10:00,643.574
8/13/2022 11:00,593.251
8/13/2022 12:00,488.512
8/13/2022 13:00,328.582
8/13/2022 14:00,139.17
8/13/2022 15:00,17.845
8/13/2022 16:00,0.008
8/13/2022 17:00,0
8/13/2022 18:00,0
8/13/2022 19:00,0
8/13/2022 20:00,0
8/13/2022 21:00,0
8/13/2022 22:00,0
8/13/2022 23:00,0
8/14/2022 0:00,0
8/14/2022 1:00,0
8/14/2022 2:00,0
8/14/2022 3:00,0
8/14/2022 4:00,8.052
8/14/2022 5:00,131.32
8/14/2022 6:00,327.705
8/14/2022 7:00,514.715
8/14/2022 8:00,651.784
8/14/2022 9:00,726.667
8/14/2022 10:00,738.315
8/14/2022 11:00,683.668
8/14/2022 12:00,562.789
8/14/2022 13:00,402.573
8/14/2022 14:00,202.805
8/14/2022 15:00,31.198
8/14/2022 16:00,0.033
8/14/2022 17:00,0
8/14/2022 18:00,0
8/14/2022 19:00,0
8/14/2022 20:00,0
8/14/2022 21:00,0
8/14/2022 22:00,0
8/14/2022 23:00,0
8/15/2022 0:00,0
8/15/2022 1:00,0
8/15/2022 2:00,0
8/15/2022 3:00,0
8/15/2022 4:00,11.394
8/15/2022 5:00,152.03
8/15/2022 6:00,364.527
8/15/2022 7:00,556.479
8/15/2022 8:00,697.448
8/15/2022 9:00,775.61
8/15/2022 10:00,789.291
8/15/2022 11:00,729.295
8/15/2022 12:00,599.332
8/15/2022 13:00,420.136
8/15/2022 14:00,210.355
8/15/2022 15:00,30.507
8/15/2022 16:00,0.033
8/15/2022 17:00,0
8/15/2022 18:00,0
8/15/2022 19:00,0
8/15/2022 20:00,0
8/15/2022 21:00,0
8/15/2022 22:00,0
8/15/2022 23:00,0
8/16/2022 0:00,0
8/16/2022 1:00,0
8/16/2022 2:00,0
8/16/2022 3:00,0
8/16/2022 4:00,9.246
8/16/2022 5:00,123.854
8/16/2022 6:00,324.998
8/16/2022 7:00,520.105
8/16/2022 8:00,666.926
8/16/2022 9:00,750.173
8/16/2022 10:00,762.504
8/16/2022 11:00,705.001
8/16/2022 12:00,586.846
8/16/2022 13:00,414.385
8/16/2022 14:00,212.097
8/16/2022 15:00,34.452
8/16/2022 16:00,0.057
8/16/2022 17:00,0
8/16/2022 18:00,0
8/16/2022 19:00,0
8/16/2022 20:00,0
8/16/2022 21:00,0
8/16/2022 22:00,0
8/16/2022 23:00,0
8/17/2022 0:00,0
8/17/2022 1:00,0
8/17/2022 2:00,0
8/17/2022 3:00,0
8/17/2022 4:00,11.274
8/17/2022 5:00,142.646
8/17/2022 6:00,335.864
8/17/2022 7:00,513.04
8/17/2022 8:00,643.821
8/17/2022 9:00,721.381
8/17/2022 10:00,720.426
8/17/2022 11:00,654.912
8/17/2022 12:00,529.978
8/17/2022 13:00,366.489
8/17/2022 14:00,179.357
8/17/2022 15:00,25.458
8/17/2022 16:00,0.035
8/17/2022 17:00,0
8/17/2022 18:00,0
8/17/2022 19:00,0
8/17/2022 20:00,0
8/17/2022 21:00,0
8/17/2022 22:00,0
8/17/2022 23:00,0
8/18/2022 0:00,0
8/18/2022 1:00,0
8/18/2022 2:00,0
8/18/2022 3:00,0
8/18/2022 4:00,10.573
8/18/2022 5:00,137.409
8/18/2022 6:00,333.246
8/18/2022 7:00,506.01
8/18/2022 8:00,632.786
8/18/2022 9:00,704.423
8/18/2022 10:00,713.231
8/18/2022 11:00,644.99
8/18/2022 12:00,523.775
8/18/2022 13:00,368.639
8/18/2022 14:00,180.637
8/18/2022 15:00,27.716
8/18/2022 16:00,0.057
8/18/2022 17:00,0
8/18/2022 18:00,0
8/18/2022 19:00,0
8/18/2022 20:00,0
8/18/2022 21:00,0
8/18/2022 22:00,0
8/18/2022 23:00,0
8/19/2022 0:00,0
8/19/2022 1:00,0
8/19/2022 2:00,0
8/19/2022 3:00,0
8/19/2022 4:00,8.421
8/19/2022 5:00,112.818
8/19/2022 6:00,273.031
8/19/2022 7:00,430.811
8/19/2022 8:00,552.534
8/19/2022 9:00,625.696
8/19/2022 10:00,640.55
8/19/2022 11:00,595.21
8/19/2022 12:00,503.828
8/19/2022 13:00,359.947
8/19/2022 14:00,188.394
8/19/2022 15:00,31.59
8/19/2022 16:00,0.076
8/19/2022 17:00,0
8/19/2022 18:00,0
8/19/2022 19:00,0
8/19/2022 20:00,0
8/19/2022 21:00,0
8/19/2022 22:00,0
8/19/2022 23:00,0
8/20/2022 0:00,0
8/20/2022 1:00,0
8/20/2022 2:00,0
8/20/2022 3:00,0
8/20/2022 4:00,14.828
8/20/2022 5:00,160.694
8/20/2022 6:00,360.212
8/20/2022 7:00,536.119
8/20/2022 8:00,675.807
8/20/2022 9:00,755.038
8/20/2022 10:00,766.826
8/20/2022 11:00,708.491
8/20/2022 12:00,593.456
8/20/2022 13:00,427.887
8/20/2022 14:00,222.932
8/20/2022 15:00,39.829
8/20/2022 16:00,0.141
8/20/2022 17:00,0
8/20/2022 18:00,0
8/20/2022 19:00,0
8/20/2022 20:00,0
8/20/2022 21:00,0
8/20/2022 22:00,0
8/20/2022 23:00,0
8/21/2022 0:00,0
8/21/2022 1:00,0
8/21/2022 2:00,0
8/21/2022 3:00,0
8/21/2022 4:00,12.893
8/21/2022 5:00,143.029
8/21/2022 6:00,364.256
8/21/2022 7:00,553.446
8/21/2022 8:00,693.717
8/21/2022 9:00,775.018
8/21/2022 10:00,788.613
8/21/2022 11:00,731.439
8/21/2022 12:00,610.767
8/21/2022 13:00,436.044
8/21/2022 14:00,226.491
8/21/2022 15:00,40.944
8/21/2022 16:00,0.175
8/21/2022 17:00,0
8/21/2022 18:00,0
8/21/2022 19:00,0
8/21/2022 20:00,0
8/21/2022 21:00,0
8/21/2022 22:00,0
8/21/2022 23:00,0
8/22/2022 0:00,0
8/22/2022 1:00,0
8/22/2022 2:00,0
8/22/2022 3:00,0
8/22/2022 4:00,13.578
8/22/2022 5:00,145.424
8/22/2022 6:00,350.723
8/22/2022 7:00,551.817
8/22/2022 8:00,698.17
8/22/2022 9:00,784.271
8/22/2022 10:00,798.269
8/22/2022 11:00,740.025
8/22/2022 12:00,614.094
8/22/2022 13:00,436.6
8/22/2022 14:00,228.681
8/22/2022 15:00,42.423
8/22/2022 16:00,0.225
8/22/2022 17:00,0
8/22/2022 18:00,0
8/22/2022 19:00,0
8/22/2022 20:00,0
8/22/2022 21:00,0
8/22/2022 22:00,0
8/22/2022 23:00,0
8/23/2022 0:00,0
8/23/2022 1:00,0
8/23/2022 2:00,0
8/23/2022 3:00,0
8/23/2022 4:00,13.932
8/23/2022 5:00,152.285
8/23/2022 6:00,361.576
8/23/2022 7:00,559.584
8/23/2022 8:00,701.794
8/23/2022 9:00,783.65
8/23/2022 10:00,795.156
8/23/2022 11:00,737.205
8/23/2022 12:00,616.021
8/23/2022 13:00,441.282
8/23/2022 14:00,232.642
8/23/2022 15:00,44.394
8/23/2022 16:00,0.27
8/23/2022 17:00,0
8/23/2022 18:00,0
8/23/2022 19:00,0
8/23/2022 20:00,0
8/23/2022 21:00,0
8/23/2022 22:00,0
8/23/2022 23:00,0
8/24/2022 0:00,0
8/24/2022 1:00,0
8/24/2022 2:00,0
8/24/2022 3:00,0
8/24/2022 4:00,14.764
8/24/2022 5:00,150.428
8/24/2022 6:00,366.712
8/24/2022 7:00,564.215
8/24/2022 8:00,704.907
8/24/2022 9:00,789.846
8/24/2022 10:00,801.181
8/24/2022 11:00,741.577
8/24/2022 12:00,613.776
8/24/2022 13:00,436.328
8/24/2022 14:00,226.854
8/24/2022 15:00,41.209
8/24/2022 16:00,0.18
8/24/2022 17:00,0
8/24/2022 18:00,0
8/24/2022 19:00,0
8/24/2022 20:00,0
8/24/2022 21:00,0
8/24/2022 22:00,0
8/24/2022 23:00,0
8/25/2022 0:00,0
8/25/2022 1:00,0
8/25/2022 2:00,0
8/25/2022 3:00,0
8/25/2022 4:00,17.56
8/25/2022 5:00,168.361
8/25/2022 6:00,371.226
8/25/2022 7:00,554.545
8/25/2022 8:00,684.519
8/25/2022 9:00,760.193
8/25/2022 10:00,762.808
8/25/2022 11:00,705.14
8/25/2022 12:00,588.521
8/25/2022 13:00,420.711
8/25/2022 14:00,218.651
8/25/2022 15:00,38.803
8/25/2022 16:00,0.147
8/25/2022 17:00,0
8/25/2022 18:00,0
8/25/2022 19:00,0
8/25/2022 20:00,0
8/25/2022 21:00,0
8/25/2022 22:00,0
8/25/2022 23:00,0
8/26/2022 0:00,0
8/26/2022 1:00,0
8/26/2022 2:00,0
8/26/2022 3:00,0
8/26/2022 4:00,16.212
8/26/2022 5:00,154.216
8/26/2022 6:00,349.369
8/26/2022 7:00,531.398
8/26/2022 8:00,668.714
8/26/2022 9:00,755.035
8/26/2022 10:00,776.499
8/26/2022 11:00,721.639
8/26/2022 12:00,600.036
8/26/2022 13:00,426.463
8/26/2022 14:00,221.188
8/26/2022 15:00,43.459
8/26/2022 16:00,0.242
8/26/2022 17:00,0
8/26/2022 18:00,0
8/26/2022 19:00,0
8/26/2022 20:00,0
8/26/2022 21:00,0
8/26/2022 22:00,0
8/26/2022 23:00,0
8/27/2022 0:00,0
8/27/2022 1:00,0
8/27/2022 2:00,0
8/27/2022 3:00,0
8/27/2022 4:00,17.915
8/27/2022 5:00,166.287
8/27/2022 6:00,365.024
8/27/2022 7:00,543.075
8/27/2022 8:00,684.017
8/27/2022 9:00,761.915
8/27/2022 10:00,778.746
8/27/2022 11:00,725.723
8/27/2022 12:00,598.413
8/27/2022 13:00,425.626
8/27/2022 14:00,224.357
8/27/2022 15:00,45.437
8/27/2022 16:00,0.431
8/27/2022 17:00,0
8/27/2022 18:00,0
8/27/2022 19:00,0
8/27/2022 20:00,0
8/27/2022 21:00,0
8/27/2022 22:00,0
8/27/2022 23:00,0
8/28/2022 0:00,0
8/28/2022 1:00,0
8/28/2022 2:00,0
8/28/2022 3:00,0
8/28/2022 4:00,17.132
8/28/2022 5:00,164.667
8/28/2022 6:00,377.1
8/28/2022 7:00,567.245
8/28/2022 8:00,707.994
8/28/2022 9:00,786.105
8/28/2022 10:00,789.26
8/28/2022 11:00,732.55
8/28/2022 12:00,609.178
8/28/2022 13:00,433.383
8/28/2022 14:00,228.512
8/28/2022 15:00,46.752
8/28/2022 16:00,0.467
8/28/2022 17:00,0
8/28/2022 18:00,0
8/28/2022 19:00,0
8/28/2022 20:00,0
8/28/2022 21:00,0
8/28/2022 22:00,0
8/28/2022 23:00,0
8/29/2022 0:00,0
8/29/2022 1:00,0
8/29/2022 2:00,0
8/29/2022 3:00,0
8/29/2022 4:00,18.103
8/29/2022 5:00,158.536
8/29/2022 6:00,343.896
8/29/2022 7:00,523.933
8/29/2022 8:00,666.272
8/29/2022 9:00,747.49
8/29/2022 10:00,762.751
8/29/2022 11:00,714.485
8/29/2022 12:00,593.208
8/29/2022 13:00,425.672
8/29/2022 14:00,228.064
8/29/2022 15:00,49.657
8/29/2022 16:00,0.615
8/29/2022 17:00,0
8/29/2022 18:00,0
8/29/2022 19:00,0
8/29/2022 20:00,0
8/29/2022 21:00,0
8/29/2022 22:00,0
8/29/2022 23:00,0
8/30/2022 0:00,0
8/30/2022 1:00,0
8/30/2022 2:00,0
8/30/2022 3:00,0
8/30/2022 4:00,16.413
8/30/2022 5:00,152.289
8/30/2022 6:00,363.167
8/30/2022 7:00,555.702
8/30/2022 8:00,699.386
8/30/2022 9:00,783.836
8/30/2022 10:00,805.011
8/30/2022 11:00,748.867
8/30/2022 12:00,622.296
8/30/2022 13:00,448.718
8/30/2022 14:00,242.475
8/30/2022 15:00,53.829
8/30/2022 16:00,0.737
8/30/2022 17:00,0
8/30/2022 18:00,0
8/30/2022 19:00,0
8/30/2022 20:00,0
8/30/2022 21:00,0
8/30/2022 22:00,0
8/30/2022 23:00,0
8/31/2022 0:00,0
8/31/2022 1:00,0
8/31/2022 2:00,0
8/31/2022 3:00,0
8/31/2022 4:00,20.272
8/31/2022 5:00,170.954
8/31/2022 6:00,378.872
8/31/2022 7:00,570.687
8/31/2022 8:00,713.436
8/31/2022 9:00,797.704
8/31/2022 10:00,811.996
8/31/2022 11:00,754.897
8/31/2022 12:00,632.885
8/31/2022 13:00,457.453
8/31/2022 14:00,247.888
8/31/2022 15:00,54.025
8/31/2022 16:00,0.606
8/31/2022 17:00,0
8/31/2022 18:00,0
8/31/2022 19:00,0
8/31/2022 20:00,0
8/31/2022 21:00,0
8/31/2022 22:00,0
8/31/2022 23:00,0
9/1/2022 0:00,0
9/1/2022 1:00,0
9/1/2022 2:00,0
9/1/2022 3:00,0
9/1/2022 4:00,24.074
9/1/2022 5:00,184.61
9/1/2022 6:00,389.918
9/1/2022 7:00,576.692
9/1/2022 8:00,715.056
9/1/2022 9:00,790.543
9/1/2022 10:00,798.487
9/1/2022 11:00,738.298
9/1/2022 12:00,613.088
9/1/2022 13:00,431.882
9/1/2022 14:00,224.578
9/1/2022 15:00,46.663
9/1/2022 16:00,0.584
9/1/2022 17:00,0
9/1/2022 18:00,0
9/1/2022 19:00,0
9/1/2022 20:00,0
9/1/2022 21:00,0
9/1/2022 22:00,0
9/1/2022 23:00,0
9/2/2022 0:00,0
9/2/2022 1:00,0
9/2/2022 2:00,0
9/2/2022 3:00,0
9/2/2022 4:00,24.168
9/2/2022 5:00,181.825
9/2/2022 6:00,381.835
9/2/2022 7:00,565.485
9/2/2022 8:00,703.511
9/2/2022 9:00,778.029
9/2/2022 10:00,792.904
9/2/2022 11:00,734.063
9/2/2022 12:00,609.869
9/2/2022 13:00,437.48
9/2/2022 14:00,231.589
9/2/2022 15:00,49.632
9/2/2022 16:00,0.393
9/2/2022 17:00,0
9/2/2022 18:00,0
9/2/2022 19:00,0
9/2/2022 20:00,0
9/2/2022 21:00,0
9/2/2022 22:00,0
9/2/2022 23:00,0
9/3/2022 0:00,0
9/3/2022 1:00,0
9/3/2022 2:00,0
9/3/2022 3:00,0
9/3/2022 4:00,25.307
9/3/2022 5:00,185.647
9/3/2022 6:00,390.516
9/3/2022 7:00,575.386
9/3/2022 8:00,716.343
9/3/2022 9:00,795.829
9/3/2022 10:00,802.027
9/3/2022 11:00,749.95
9/3/2022 12:00,631.977
9/3/2022 13:00,456.297
9/3/2022 14:00,250.393
9/3/2022 15:00,59.994
9/3/2022 16:00,1.069
9/3/2022 17:00,0
9/3/2022 18:00,0
9/3/2022 19:00,0
9/3/2022 20:00,0
9/3/2022 21:00,0
9/3/2022 22:00,0
9/3/2022 23:00,0
9/4/2022 0:00,0
9/4/2022 1:00,0
9/4/2022 2:00,0
9/4/2022 3:00,0
9/4/2022 4:00,26.863
9/4/2022 5:00,194.387
9/4/2022 6:00,403.05
9/4/2022 7:00,591.871
9/4/2022 8:00,738.569
9/4/2022 9:00,816.491
9/4/2022 10:00,830.807
9/4/2022 11:00,760.033
9/4/2022 12:00,623.646
9/4/2022 13:00,442.779
9/4/2022 14:00,239.795
9/4/2022 15:00,54.088
9/4/2022 16:00,0.609
9/4/2022 17:00,0
9/4/2022 18:00,0
9/4/2022 19:00,0
9/4/2022 20:00,0
9/4/2022 21:00,0
9/4/2022 22:00,0
9/4/2022 23:00,0
9/5/2022 0:00,0
9/5/2022 1:00,0
9/5/2022 2:00,0
9/5/2022 3:00,0
9/5/2022 4:00,27.806
9/5/2022 5:00,195.82
9/5/2022 6:00,405.574
9/5/2022 7:00,593.173
9/5/2022 8:00,737.07
9/5/2022 9:00,830.573
9/5/2022 10:00,838.069
9/5/2022 11:00,772.884
9/5/2022 12:00,639.605
9/5/2022 13:00,446.451
9/5/2022 14:00,235.54
9/5/2022 15:00,52.477
9/5/2022 16:00,0.414
9/5/2022 17:00,0
9/5/2022 18:00,0
9/5/2022 19:00,0
9/5/2022 20:00,0
9/5/2022 21:00,0
9/5/2022 22:00,0
9/5/2022 23:00,0
9/6/2022 0:00,0
9/6/2022 1:00,0
9/6/2022 2:00,0
9/6/2022 3:00,0
9/6/2022 4:00,22.73
9/6/2022 5:00,164.157
9/6/2022 6:00,365.282
9/6/2022 7:00,564.63
9/6/2022 8:00,715.518
9/6/2022 9:00,806.994
9/6/2022 10:00,829.993
9/6/2022 11:00,776.715
9/6/2022 12:00,652.958
9/6/2022 13:00,473.655
9/6/2022 14:00,264.125
9/6/2022 15:00,67.989
9/6/2022 16:00,1.449
9/6/2022 17:00,0
9/6/2022 18:00,0
9/6/2022 19:00,0
9/6/2022 20:00,0
9/6/2022 21:00,0
9/6/2022 22:00,0
9/6/2022 23:00,0
9/7/2022 0:00,0
9/7/2022 1:00,0
9/7/2022 2:00,0
9/7/2022 3:00,0
9/7/2022 4:00,24.761
9/7/2022 5:00,173.891
9/7/2022 6:00,407.156
9/7/2022 7:00,599.701
9/7/2022 8:00,747.269
9/7/2022 9:00,832.565
9/7/2022 10:00,845.323
9/7/2022 11:00,788.516
9/7/2022 12:00,661.834
9/7/2022 13:00,483.13
9/7/2022 14:00,270.35
9/7/2022 15:00,69.011
9/7/2022 16:00,1.633
9/7/2022 17:00,0
9/7/2022 18:00,0
9/7/2022 19:00,0
9/7/2022 20:00,0
9/7/2022 21:00,0
9/7/2022 22:00,0
9/7/2022 23:00,0
9/8/2022 0:00,0
9/8/2022 1:00,0
9/8/2022 2:00,0
9/8/2022 3:00,0
9/8/2022 4:00,28.956
9/8/2022 5:00,194.39
9/8/2022 6:00,421.158
9/8/2022 7:00,617.872
9/8/2022 8:00,763.643
9/8/2022 9:00,844.604
9/8/2022 10:00,856.057
9/8/2022 11:00,796.21
9/8/2022 12:00,670.511
9/8/2022 13:00,490.138
9/8/2022 14:00,274.876
9/8/2022 15:00,71.671
9/8/2022 16:00,1.755
9/8/2022 17:00,0
9/8/2022 18:00,0
9/8/2022 19:00,0
9/8/2022 20:00,0
9/8/2022 21:00,0
9/8/2022 22:00,0
9/8/2022 23:00,0
9/9/2022 0:00,0
9/9/2022 1:00,0
9/9/2022 2:00,0
9/9/2022 3:00,0
9/9/2022 4:00,31.096
9/9/2022 5:00,201.276
9/9/2022 6:00,417.109
9/9/2022 7:00,616.421
9/9/2022 8:00,766.498
9/9/2022 9:00,848.646
9/9/2022 10:00,860.714
9/9/2022 11:00,801.866
9/9/2022 12:00,670.899
9/9/2022 13:00,489.774
9/9/2022 14:00,276.612
9/9/2022 15:00,74
9/9/2022 16:00,1.891
9/9/2022 17:00,0
9/9/2022 18:00,0
9/9/2022 19:00,0
9/9/2022 20:00,0
9/9/2022 21:00,0
9/9/2022 22:00,0
9/9/2022 23:00,0
9/10/2022 0:00,0
9/10/2022 1:00,0
9/10/2022 2:00,0
9/10/2022 3:00,0
9/10/2022 4:00,35.003
9/10/2022 5:00,212.859
9/10/2022 6:00,423.902
9/10/2022 7:00,612.166
9/10/2022 8:00,751.296
9/10/2022 9:00,821.466
9/10/2022 10:00,827.072
9/10/2022 11:00,759.038
9/10/2022 12:00,634.859
9/10/2022 13:00,466.503
9/10/2022 14:00,269.441
9/10/2022 15:00,72.68
9/10/2022 16:00,1.496
9/10/2022 17:00,0
9/10/2022 18:00,0
9/10/2022 19:00,0
9/10/2022 20:00,0
9/10/2022 21:00,0
9/10/2022 22:00,0
9/10/2022 23:00,0
9/11/2022 0:00,0
9/11/2022 1:00,0
9/11/2022 2:00,0
9/11/2022 3:00,0
9/11/2022 4:00,35.285
9/11/2022 5:00,209.169
9/11/2022 6:00,412.389
9/11/2022 7:00,594.84
9/11/2022 8:00,724.968
9/11/2022 9:00,796.727
9/11/2022 10:00,814.628
9/11/2022 11:00,764.033
9/11/2022 12:00,648.398
9/11/2022 13:00,475.426
9/11/2022 14:00,266.432
9/11/2022 15:00,69.557
9/11/2022 16:00,1.541
9/11/2022 17:00,0
9/11/2022 18:00,0
9/11/2022 19:00,0
9/11/2022 20:00,0
9/11/2022 21:00,0
9/11/2022 22:00,0
9/11/2022 23:00,0
9/12/2022 0:00,0
9/12/2022 1:00,0
9/12/2022 2:00,0
9/12/2022 3:00,0
9/12/2022 4:00,28.896
9/12/2022 5:00,179.286
9/12/2022 6:00,373.113
9/12/2022 7:00,553.292
9/12/2022 8:00,682.247
9/12/2022 9:00,764.761
9/12/2022 10:00,779.651
9/12/2022 11:00,735.139
9/12/2022 12:00,614.447
9/12/2022 13:00,448.279
9/12/2022 14:00,253.181
9/12/2022 15:00,72.599
9/12/2022 16:00,2.257
9/12/2022 17:00,0
9/12/2022 18:00,0
9/12/2022 19:00,0
9/12/2022 20:00,0
9/12/2022 21:00,0
9/12/2022 22:00,0
9/12/2022 23:00,0
9/13/2022 0:00,0
9/13/2022 1:00,0
9/13/2022 2:00,0
9/13/2022 3:00,0
9/13/2022 4:00,29.268
9/13/2022 5:00,185.74
9/13/2022 6:00,392.102
9/13/2022 7:00,589.124
9/13/2022 8:00,738.631
9/13/2022 9:00,822.382
9/13/2022 10:00,828.686
9/13/2022 11:00,756.998
9/13/2022 12:00,630.652
9/13/2022 13:00,450.456
9/13/2022 14:00,253.687
9/13/2022 15:00,71.723
9/13/2022 16:00,2.511
9/13/2022 17:00,0
9/13/2022 18:00,0
9/13/2022 19:00,0
9/13/2022 20:00,0
9/13/2022 21:00,0
9/13/2022 22:00,0
9/13/2022 23:00,0
9/14/2022 0:00,0
9/14/2022 1:00,0
9/14/2022 2:00,0
9/14/2022 3:00,0
9/14/2022 4:00,29.224
9/14/2022 5:00,180.395
9/14/2022 6:00,406.657
9/14/2022 7:00,609.617
9/14/2022 8:00,756.851
9/14/2022 9:00,837.424
9/14/2022 10:00,851.036
9/14/2022 11:00,797.629
9/14/2022 12:00,667.006
9/14/2022 13:00,493.427
9/14/2022 14:00,283.726
9/14/2022 15:00,80.139
9/14/2022 16:00,2.317
9/14/2022 17:00,0
9/14/2022 18:00,0
9/14/2022 19:00,0
9/14/2022 20:00,0
9/14/2022 21:00,0
9/14/2022 22:00,0
9/14/2022 23:00,0
9/15/2022 0:00,0
9/15/2022 1:00,0
9/15/2022 2:00,0
9/15/2022 3:00,0.001
9/15/2022 4:00,41.003
9/15/2022 5:00,226.768
9/15/2022 6:00,446.958
9/15/2022 7:00,641.218
9/15/2022 8:00,781.115
9/15/2022 9:00,861.55
9/15/2022 10:00,871.967
9/15/2022 11:00,806.073
9/15/2022 12:00,688.774
9/15/2022 13:00,506.977
9/15/2022 14:00,290.023
9/15/2022 15:00,80.064
9/15/2022 16:00,1.708
9/15/2022 17:00,0
9/15/2022 18:00,0
9/15/2022 19:00,0
9/15/2022 20:00,0
9/15/2022 21:00,0
9/15/2022 22:00,0
9/15/2022 23:00,0
9/16/2022 0:00,0
9/16/2022 1:00,0
9/16/2022 2:00,0
9/16/2022 3:00,0.001
9/16/2022 4:00,39.773
9/16/2022 5:00,217.336
9/16/2022 6:00,435.273
9/16/2022 7:00,634.073
9/16/2022 8:00,782.816
9/16/2022 9:00,870.73
9/16/2022 10:00,880.345
9/16/2022 11:00,817.989
9/16/2022 12:00,683.887
9/16/2022 13:00,495.035
9/16/2022 14:00,278.752
9/16/2022 15:00,77.958
9/16/2022 16:00,1.965
9/16/2022 17:00,0
9/16/2022 18:00,0
9/16/2022 19:00,0
9/16/2022 20:00,0
9/16/2022 21:00,0
9/16/2022 22:00,0
9/16/2022 23:00,0
9/17/2022 0:00,0
9/17/2022 1:00,0
9/17/2022 2:00,0
9/17/2022 3:00,0.002
9/17/2022 4:00,38.863
9/17/2022 5:00,199.356
9/17/2022 6:00,393.387
9/17/2022 7:00,574.038
9/17/2022 8:00,705.822
9/17/2022 9:00,775.229
9/17/2022 10:00,781.24
9/17/2022 11:00,721.662
9/17/2022 12:00,593.575
9/17/2022 13:00,421.047
9/17/2022 14:00,229.168
9/17/2022 15:00,61.993
9/17/2022 16:00,1.192
9/17/2022 17:00,0
9/17/2022 18:00,0
9/17/2022 19:00,0
9/17/2022 20:00,0
9/17/2022 21:00,0
9/17/2022 22:00,0
9/17/2022 23:00,0
9/18/2022 0:00,0
9/18/2022 1:00,0
9/18/2022 2:00,0
9/18/2022 3:00,0.004
9/18/2022 4:00,38.542
9/18/2022 5:00,201.242
9/18/2022 6:00,407.726
9/18/2022 7:00,593.545
9/18/2022 8:00,720.453
9/18/2022 9:00,782.34
9/18/2022 10:00,774.931
9/18/2022 11:00,713.936
9/18/2022 12:00,590.715
9/18/2022 13:00,428.324
9/18/2022 14:00,237.3
9/18/2022 15:00,67.597
9/18/2022 16:00,2.442
9/18/2022 17:00,0
9/18/2022 18:00,0
9/18/2022 19:00,0
9/18/2022 20:00,0
9/18/2022 21:00,0
9/18/2022 22:00,0
9/18/2022 23:00,0
9/19/2022 0:00,0
9/19/2022 1:00,0
9/19/2022 2:00,0
9/19/2022 3:00,0.006
9/19/2022 4:00,31.661
9/19/2022 5:00,171.553
9/19/2022 6:00,356.064
9/19/2022 7:00,523.022
9/19/2022 8:00,651.816
9/19/2022 9:00,727.192
9/19/2022 10:00,735.28
9/19/2022 11:00,693.752
9/19/2022 12:00,576.66
9/19/2022 13:00,417.002
9/19/2022 14:00,229.474
9/19/2022 15:00,69.204
9/19/2022 16:00,2.858
9/19/2022 17:00,0
9/19/2022 18:00,0
9/19/2022 19:00,0
9/19/2022 20:00,0
9/19/2022 21:00,0
9/19/2022 22:00,0
9/19/2022 23:00,0
9/20/2022 0:00,0
9/20/2022 1:00,0
9/20/2022 2:00,0
9/20/2022 3:00,0.003
9/20/2022 4:00,30.43
9/20/2022 5:00,167.351
9/20/2022 6:00,344.589
9/20/2022 7:00,500.223
9/20/2022 8:00,620.264
9/20/2022 9:00,697.709
9/20/2022 10:00,696.949
9/20/2022 11:00,643.956
9/20/2022 12:00,535.522
9/20/2022 13:00,388.626
9/20/2022 14:00,226.206
9/20/2022 15:00,76.276
9/20/2022 16:00,4.499
9/20/2022 17:00,0
9/20/2022 18:00,0
9/20/2022 19:00,0
9/20/2022 20:00,0
9/20/2022 21:00,0
9/20/2022 22:00,0
9/20/2022 23:00,0
9/21/2022 0:00,0
9/21/2022 1:00,0
9/21/2022 2:00,0
9/21/2022 3:00,0.008
9/21/2022 4:00,24.059
9/21/2022 5:00,133.174
9/21/2022 6:00,284.38
9/21/2022 7:00,437.583
9/21/2022 8:00,567.842
9/21/2022 9:00,661.236
9/21/2022 10:00,699.521
9/21/2022 11:00,666.963
9/21/2022 12:00,577.085
9/21/2022 13:00,439.312
9/21/2022 14:00,265.328
9/21/2022 15:00,89.734
9/21/2022 16:00,4.765
9/21/2022 17:00,0
9/21/2022 18:00,0
9/21/2022 19:00,0
9/21/2022 20:00,0
9/21/2022 21:00,0
9/21/2022 22:00,0
9/21/2022 23:00,0
9/22/2022 0:00,0
9/22/2022 1:00,0
9/22/2022 2:00,0
9/22/2022 3:00,0.025
9/22/2022 4:00,44.98
9/22/2022 5:00,221.299
9/22/2022 6:00,454.384
9/22/2022 7:00,657.722
9/22/2022 8:00,797.726
9/22/2022 9:00,888.842
9/22/2022 10:00,908.979
9/22/2022 11:00,854.409
9/22/2022 12:00,728.482
9/22/2022 13:00,538.232
9/22/2022 14:00,314.83
9/22/2022 15:00,97.162
9/22/2022 16:00,2.711
9/22/2022 17:00,0
9/22/2022 18:00,0
9/22/2022 19:00,0
9/22/2022 20:00,0
9/22/2022 21:00,0
9/22/2022 22:00,0
9/22/2022 23:00,0
9/23/2022 0:00,0
9/23/2022 1:00,0
9/23/2022 2:00,0
9/23/2022 3:00,0.038
9/23/2022 4:00,57.654
9/23/2022 5:00,255.564
9/23/2022 6:00,477.329
9/23/2022 7:00,670.576
9/23/2022 8:00,818.764
9/23/2022 9:00,900.856
9/23/2022 10:00,917.345
9/23/2022 11:00,850.771
9/23/2022 12:00,707.698
9/23/2022 13:00,519.761
9/23/2022 14:00,297.24
9/23/2022 15:00,92.814
9/23/2022 16:00,3.727
9/23/2022 17:00,0
9/23/2022 18:00,0
9/23/2022 19:00,0
9/23/2022 20:00,0
9/23/2022 21:00,0
9/23/2022 22:00,0
9/23/2022 23:00,0
9/24/2022 0:00,0
9/24/2022 1:00,0
9/24/2022 2:00,0
9/24/2022 3:00,0.041
9/24/2022 4:00,48.841
9/24/2022 5:00,230.067
9/24/2022 6:00,448.51
9/24/2022 7:00,645.991
9/24/2022 8:00,786.832
9/24/2022 9:00,862.733
9/24/2022 10:00,870.874
9/24/2022 11:00,804.591
9/24/2022 12:00,680.213
9/24/2022 13:00,490.378
9/24/2022 14:00,281.477
9/24/2022 15:00,85.881
9/24/2022 16:00,2.577
9/24/2022 17:00,0
9/24/2022 18:00,0
9/24/2022 19:00,0
9/24/2022 20:00,0
9/24/2022 21:00,0
9/24/2022 22:00,0
9/24/2022 23:00,0
9/25/2022 0:00,0
9/25/2022 1:00,0
9/25/2022 2:00,0
9/25/2022 3:00,0.066
9/25/2022 4:00,52.431
9/25/2022 5:00,232.738
9/25/2022 6:00,437.97
9/25/2022 7:00,620.606
9/25/2022 8:00,757.832
9/25/2022 9:00,843.061
9/25/2022 10:00,855.991
9/25/2022 11:00,786.89
9/25/2022 12:00,657.96
9/25/2022 13:00,480.991
9/25/2022 14:00,277.73
9/25/2022 15:00,87.227
9/25/2022 16:00,3.087
9/25/2022 17:00,0
9/25/2022 18:00,0
9/25/2022 19:00,0
9/25/2022 20:00,0
9/25/2022 21:00,0
9/25/2022 22:00,0
9/25/2022 23:00,0
9/26/2022 0:00,0
9/26/2022 1:00,0
9/26/2022 2:00,0
9/26/2022 3:00,0.08
9/26/2022 4:00,52.707
9/26/2022 5:00,223.801
9/26/2022 6:00,425.668
9/26/2022 7:00,609.272
9/26/2022 8:00,751.712
9/26/2022 9:00,835.537
9/26/2022 10:00,844.322
9/26/2022 11:00,785.426
9/26/2022 12:00,665.337
9/26/2022 13:00,485.025
9/26/2022 14:00,281.255
9/26/2022 15:00,89.635
9/26/2022 16:00,4.133
9/26/2022 17:00,0
9/26/2022 18:00,0
9/26/2022 19:00,0
9/26/2022 20:00,0
9/26/2022 21:00,0
9/26/2022 22:00,0
9/26/2022 23:00,0
9/27/2022 0:00,0
9/27/2022 1:00,0
9/27/2022 2:00,0
9/27/2022 3:00,0.086
9/27/2022 4:00,48.269
9/27/2022 5:00,218.475
9/27/2022 6:00,419.604
9/27/2022 7:00,606.401
9/27/2022 8:00,747.265
9/27/2022 9:00,822.687
9/27/2022 10:00,829.454
9/27/2022 11:00,770.72
9/27/2022 12:00,651.684
9/27/2022 13:00,481.104
9/27/2022 14:00,284.231
9/27/2022 15:00,97.138
9/27/2022 16:00,6.664
9/27/2022 17:00,0
9/27/2022 18:00,0
9/27/2022 19:00,0
9/27/2022 20:00,0
9/27/2022 21:00,0
9/27/2022 22:00,0
9/27/2022 23:00,0
9/28/2022 0:00,0
9/28/2022 1:00,0
9/28/2022 2:00,0
9/28/2022 3:00,0.109
9/28/2022 4:00,47.807
9/28/2022 5:00,220.331
9/28/2022 6:00,442.526
9/28/2022 7:00,638.018
9/28/2022 8:00,784.166
9/28/2022 9:00,868.592
9/28/2022 10:00,877.574
9/28/2022 11:00,810.764
9/28/2022 12:00,681.494
9/28/2022 13:00,504.79
9/28/2022 14:00,303.991
9/28/2022 15:00,108.542
9/28/2022 16:00,7.354
9/28/2022 17:00,0
9/28/2022 18:00,0
9/28/2022 19:00,0
9/28/2022 20:00,0
9/28/2022 21:00,0
9/28/2022 22:00,0
9/28/2022 23:00,0
9/29/2022 0:00,0
9/29/2022 1:00,0
9/29/2022 2:00,0
9/29/2022 3:00,0.147
9/29/2022 4:00,58.353
9/29/2022 5:00,243.045
9/29/2022 6:00,452.438
9/29/2022 7:00,644.292
9/29/2022 8:00,784.715
9/29/2022 9:00,850.507
9/29/2022 10:00,850.767
9/29/2022 11:00,785.001
9/29/2022 12:00,661.6
9/29/2022 13:00,489.472
9/29/2022 14:00,291.502
9/29/2022 15:00,98.372
9/29/2022 16:00,4.186
9/29/2022 17:00,0
9/29/2022 18:00,0
9/29/2022 19:00,0
9/29/2022 20:00,0
9/29/2022 21:00,0
9/29/2022 22:00,0
9/29/2022 23:00,0
9/30/2022 0:00,0
9/30/2022 1:00,0
9/30/2022 2:00,0
9/30/2022 3:00,0.187
9/30/2022 4:00,61.175
9/30/2022 5:00,249.537
9/30/2022 6:00,472.08
9/30/2022 7:00,673.038
9/30/2022 8:00,817.261
9/30/2022 9:00,891.09
9/30/2022 10:00,885.788
9/30/2022 11:00,806.615
9/30/2022 12:00,663.124
9/30/2022 13:00,489.529
9/30/2022 14:00,301.002
9/30/2022 15:00,111.573
9/30/2022 16:00,7.689
9/30/2022 17:00,0
9/30/2022 18:00,0
9/30/2022 19:00,0
9/30/2022 20:00,0
9/30/2022 21:00,0
9/30/2022 22:00,0
9/30/2022 23:00,0
10/1/2022 0:00,0
10/1/2022 1:00,0
10/1/2022 2:00,0
10/1/2022 3:00,0.256
10/1/2022 4:00,63.039
10/1/2022 5:00,250.109
10/1/2022 6:00,459.389
10/1/2022 7:00,646.383
10/1/2022 8:00,810.212
10/1/2022 9:00,894.829
10/1/2022 10:00,899.232
10/1/2022 11:00,813.05
10/1/2022 12:00,664.269
10/1/2022 13:00,496.781
10/1/2022 14:00,308.21
10/1/2022 15:00,111.952
10/1/2022 16:00,6.313
10/1/2022 17:00,0
10/1/2022 18:00,0
10/1/2022 19:00,0
10/1/2022 20:00,0
10/1/2022 21:00,0
10/1/2022 22:00,0
10/1/2022 23:00,0
10/2/2022 0:00,0
10/2/2022 1:00,0
10/2/2022 2:00,0
10/2/2022 3:00,0.268
10/2/2022 4:00,68.09
10/2/2022 5:00,275.958
10/2/2022 6:00,508.552
10/2/2022 7:00,709.659
10/2/2022 8:00,863.035
10/2/2022 9:00,951.872
10/2/2022 10:00,964.091
10/2/2022 11:00,902.974
10/2/2022 12:00,766.216
10/2/2022 13:00,581.938
10/2/2022 14:00,360.427
10/2/2022 15:00,135.151
10/2/2022 16:00,9.868
10/2/2022 17:00,0
10/2/2022 18:00,0
10/2/2022 19:00,0
10/2/2022 20:00,0
10/2/2022 21:00,0
10/2/2022 22:00,0
10/2/2022 23:00,0
10/3/2022 0:00,0
10/3/2022 1:00,0
10/3/2022 2:00,0
10/3/2022 3:00,0.402
10/3/2022 4:00,74.475
10/3/2022 5:00,275.006
10/3/2022 6:00,491.205
10/3/2022 7:00,679.849
10/3/2022 8:00,816.765
10/3/2022 9:00,892.35
10/3/2022 10:00,901.003
10/3/2022 11:00,842.542
10/3/2022 12:00,715.257
10/3/2022 13:00,540.168
10/3/2022 14:00,333.85
10/3/2022 15:00,122.934
10/3/2022 16:00,8.139
10/3/2022 17:00,0
10/3/2022 18:00,0
10/3/2022 19:00,0
10/3/2022 20:00,0
10/3/2022 21:00,0
10/3/2022 22:00,0
10/3/2022 23:00,0
10/4/2022 0:00,0
10/4/2022 1:00,0
10/4/2022 2:00,0
10/4/2022 3:00,0.356
10/4/2022 4:00,62.977
10/4/2022 5:00,247.788
10/4/2022 6:00,458.463
10/4/2022 7:00,640.276
10/4/2022 8:00,783.451
10/4/2022 9:00,877.712
10/4/2022 10:00,890.438
10/4/2022 11:00,827.506
10/4/2022 12:00,710.24
10/4/2022 13:00,527.863
10/4/2022 14:00,317.564
10/4/2022 15:00,119.245
10/4/2022 16:00,10.528
10/4/2022 17:00,0
10/4/2022 18:00,0
10/4/2022 19:00,0
10/4/2022 20:00,0
10/4/2022 21:00,0
10/4/2022 22:00,0
10/4/2022 23:00,0
10/5/2022 0:00,0
10/5/2022 1:00,0
10/5/2022 2:00,0
10/5/2022 3:00,0.437
10/5/2022 4:00,62.039
10/5/2022 5:00,251.882
10/5/2022 6:00,476.693
10/5/2022 7:00,674.731
10/5/2022 8:00,812.604
10/5/2022 9:00,900.075
10/5/2022 10:00,927.025
10/5/2022 11:00,869.796
10/5/2022 12:00,737.612
10/5/2022 13:00,555.124
10/5/2022 14:00,338.499
10/5/2022 15:00,125.947
10/5/2022 16:00,11.152
10/5/2022 17:00,0
10/5/2022 18:00,0
10/5/2022 19:00,0
10/5/2022 20:00,0
10/5/2022 21:00,0
10/5/2022 22:00,0
10/5/2022 23:00,0
10/6/2022 0:00,0
10/6/2022 1:00,0
10/6/2022 2:00,0
10/6/2022 3:00,0.58
10/6/2022 4:00,69.597
10/6/2022 5:00,252.529
10/6/2022 6:00,464.001
10/6/2022 7:00,662.848
10/6/2022 8:00,806.24
10/6/2022 9:00,891.388
10/6/2022 10:00,922.375
10/6/2022 11:00,861.143
10/6/2022 12:00,723.907
10/6/2022 13:00,543.225
10/6/2022 14:00,324.597
10/6/2022 15:00,116.461
10/6/2022 16:00,8.149
10/6/2022 17:00,0
10/6/2022 18:00,0
10/6/2022 19:00,0
10/6/2022 20:00,0
10/6/2022 21:00,0
10/6/2022 22:00,0
10/6/2022 23:00,0
10/7/2022 0:00,0
10/7/2022 1:00,0
10/7/2022 2:00,0
10/7/2022 3:00,0.518
10/7/2022 4:00,61.841
10/7/2022 5:00,239.489
10/7/2022 6:00,447.578
10/7/2022 7:00,631.113
10/7/2022 8:00,770.302
10/7/2022 9:00,840.924
10/7/2022 10:00,842.816
10/7/2022 11:00,779.352
10/7/2022 12:00,664.065
10/7/2022 13:00,492.863
10/7/2022 14:00,296.548
10/7/2022 15:00,115.369
10/7/2022 16:00,11.911
10/7/2022 17:00,0.001
10/7/2022 18:00,0
10/7/2022 19:00,0
10/7/2022 20:00,0
10/7/2022 21:00,0
10/7/2022 22:00,0
10/7/2022 23:00,0
10/8/2022 0:00,0
10/8/2022 1:00,0
10/8/2022 2:00,0
10/8/2022 3:00,0.694
10/8/2022 4:00,68.324
10/8/2022 5:00,263.846
10/8/2022 6:00,491.161
10/8/2022 7:00,689.7
10/8/2022 8:00,837.554
10/8/2022 9:00,923.394
10/8/2022 10:00,933.168
10/8/2022 11:00,856.528
10/8/2022 12:00,715.884
10/8/2022 13:00,535.086
10/8/2022 14:00,328.952
10/8/2022 15:00,129.458
10/8/2022 16:00,12.181
10/8/2022 17:00,0.002
10/8/2022 18:00,0
10/8/2022 19:00,0
10/8/2022 20:00,0
10/8/2022 21:00,0
10/8/2022 22:00,0
10/8/2022 23:00,0
10/9/2022 0:00,0
10/9/2022 1:00,0
10/9/2022 2:00,0
10/9/2022 3:00,0.813
10/9/2022 4:00,71.942
10/9/2022 5:00,259.205
10/9/2022 6:00,469.347
10/9/2022 7:00,657.028
10/9/2022 8:00,790.765
10/9/2022 9:00,882.59
10/9/2022 10:00,889.161
10/9/2022 11:00,824.311
10/9/2022 12:00,677.203
10/9/2022 13:00,488.486
10/9/2022 14:00,282.21
10/9/2022 15:00,101.007
10/9/2022 16:00,8.229
10/9/2022 17:00,0.004
10/9/2022 18:00,0
10/9/2022 19:00,0
10/9/2022 20:00,0
10/9/2022 21:00,0
10/9/2022 22:00,0
10/9/2022 23:00,0
10/10/2022 0:00,0
10/10/2022 1:00,0
10/10/2022 2:00,0
10/10/2022 3:00,0.806
10/10/2022 4:00,63.733
10/10/2022 5:00,236.187
10/10/2022 6:00,448.266
10/10/2022 7:00,634.941
10/10/2022 8:00,768.39
10/10/2022 9:00,827.074
10/10/2022 10:00,823.845
10/10/2022 11:00,748.317
10/10/2022 12:00,612.586
10/10/2022 13:00,444.817
10/10/2022 14:00,257.868
10/10/2022 15:00,89.722
10/10/2022 16:00,6.504
10/10/2022 17:00,0.008
10/10/2022 18:00,0
10/10/2022 19:00,0
10/10/2022 20:00,0
10/10/2022 21:00,0
10/10/2022 22:00,0
10/10/2022 23:00,0
10/11/2022 0:00,0
10/11/2022 1:00,0
10/11/2022 2:00,0
10/11/2022 3:00,0.861
10/11/2022 4:00,60.467
10/11/2022 5:00,223.162
10/11/2022 6:00,428.363
10/11/2022 7:00,625.567
10/11/2022 8:00,778.115
10/11/2022 9:00,862.493
10/11/2022 10:00,877.137
10/11/2022 11:00,820.685
10/11/2022 12:00,709.755
10/11/2022 13:00,534.145
10/11/2022 14:00,328.434
10/11/2022 15:00,124.705
10/11/2022 16:00,11.003
10/11/2022 17:00,0.014
10/11/2022 18:00,0
10/11/2022 19:00,0
10/11/2022 20:00,0
10/11/2022 21:00,0
10/11/2022 22:00,0
10/11/2022 23:00,0
10/12/2022 0:00,0
10/12/2022 1:00,0
10/12/2022 2:00,0
10/12/2022 3:00,1.168
10/12/2022 4:00,71.881
10/12/2022 5:00,256.036
10/12/2022 6:00,470.425
10/12/2022 7:00,665.411
10/12/2022 8:00,804.775
10/12/2022 9:00,880.436
10/12/2022 10:00,880.442
10/12/2022 11:00,816.058
10/12/2022 12:00,682.475
10/12/2022 13:00,500.245
10/12/2022 14:00,294.034
10/12/2022 15:00,105.746
10/12/2022 16:00,9.207
10/12/2022 17:00,0.014
10/12/2022 18:00,0
10/12/2022 19:00,0
10/12/2022 20:00,0
10/12/2022 21:00,0
10/12/2022 22:00,0
10/12/2022 23:00,0
10/13/2022 0:00,0
10/13/2022 1:00,0
10/13/2022 2:00,0
10/13/2022 3:00,1.011
10/13/2022 4:00,60.215
10/13/2022 5:00,216.867
10/13/2022 6:00,406.892
10/13/2022 7:00,592.251
10/13/2022 8:00,739.601
10/13/2022 9:00,835.888
10/13/2022 10:00,849.667
10/13/2022 11:00,809.241
10/13/2022 12:00,701.379
10/13/2022 13:00,536.502
10/13/2022 14:00,324.508
10/13/2022 15:00,125.454
10/13/2022 16:00,12.47
10/13/2022 17:00,0.029
10/13/2022 18:00,0
10/13/2022 19:00,0
10/13/2022 20:00,0
10/13/2022 21:00,0
10/13/2022 22:00,0
10/13/2022 23:00,0
10/14/2022 0:00,0
10/14/2022 1:00,0
10/14/2022 2:00,0
10/14/2022 3:00,1.663
10/14/2022 4:00,87.361
10/14/2022 5:00,288.156
10/14/2022 6:00,507.75
10/14/2022 7:00,707.078
10/14/2022 8:00,851.946
10/14/2022 9:00,936.528
10/14/2022 10:00,946.905
10/14/2022 11:00,876.939
10/14/2022 12:00,736.442
10/14/2022 13:00,548.255
10/14/2022 14:00,328.604
10/14/2022 15:00,127.121
10/14/2022 16:00,14.289
10/14/2022 17:00,0.048
10/14/2022 18:00,0
10/14/2022 19:00,0
10/14/2022 20:00,0
10/14/2022 21:00,0
10/14/2022 22:00,0
10/14/2022 23:00,0
10/15/2022 0:00,0
10/15/2022 1:00,0
10/15/2022 2:00,0
10/15/2022 3:00,1.439
10/15/2022 4:00,72.712
10/15/2022 5:00,244.115
10/15/2022 6:00,434.587
10/15/2022 7:00,601.324
10/15/2022 8:00,733.354
10/15/2022 9:00,803.512
10/15/2022 10:00,802.188
10/15/2022 11:00,730.725
10/15/2022 12:00,602.617
10/15/2022 13:00,445.409
10/15/2022 14:00,272.622
10/15/2022 15:00,105.584
10/15/2022 16:00,9.692
10/15/2022 17:00,0.015
10/15/2022 18:00,0
10/15/2022 19:00,0
10/15/2022 20:00,0
10/15/2022 21:00,0
10/15/2022 22:00,0
10/15/2022 23:00,0
10/16/2022 0:00,0
10/16/2022 1:00,0
10/16/2022 2:00,0
10/16/2022 3:00,1.385
10/16/2022 4:00,61.613
10/16/2022 5:00,203.506
10/16/2022 6:00,393.661
10/16/2022 7:00,576.756
10/16/2022 8:00,708.068
10/16/2022 9:00,766.604
10/16/2022 10:00,751.292
10/16/2022 11:00,678.54
10/16/2022 12:00,543.765
10/16/2022 13:00,356.599
10/16/2022 14:00,196.754
10/16/2022 15:00,74.304
10/16/2022 16:00,9.003
10/16/2022 17:00,0.034
10/16/2022 18:00,0
10/16/2022 19:00,0
10/16/2022 20:00,0
10/16/2022 21:00,0
10/16/2022 22:00,0
10/16/2022 23:00,0
10/17/2022 0:00,0
10/17/2022 1:00,0
10/17/2022 2:00,0
10/17/2022 3:00,1.701
10/17/2022 4:00,67.815
10/17/2022 5:00,232.51
10/17/2022 6:00,430.657
10/17/2022 7:00,583.018
10/17/2022 8:00,648.897
10/17/2022 9:00,675.39
10/17/2022 10:00,653.578
10/17/2022 11:00,583.439
10/17/2022 12:00,469.683
10/17/2022 13:00,340.234
10/17/2022 14:00,217.64
10/17/2022 15:00,97.937
10/17/2022 16:00,15.323
10/17/2022 17:00,0.101
10/17/2022 18:00,0
10/17/2022 19:00,0
10/17/2022 20:00,0
10/17/2022 21:00,0
10/17/2022 22:00,0
10/17/2022 23:00,0
10/18/2022 0:00,0
10/18/2022 1:00,0
10/18/2022 2:00,0
10/18/2022 3:00,2.388
10/18/2022 4:00,81.346
10/18/2022 5:00,256.166
10/18/2022 6:00,445.632
10/18/2022 7:00,605.894
10/18/2022 8:00,711.91
10/18/2022 9:00,746.121
10/18/2022 10:00,670.676
10/18/2022 11:00,565.592
10/18/2022 12:00,438.798
10/18/2022 13:00,317.748
10/18/2022 14:00,191.399
10/18/2022 15:00,82.906
10/18/2022 16:00,15.744
10/18/2022 17:00,0.136
10/18/2022 18:00,0
10/18/2022 19:00,0
10/18/2022 20:00,0
10/18/2022 21:00,0
10/18/2022 22:00,0
10/18/2022 23:00,0
10/19/2022 0:00,0
10/19/2022 1:00,0
10/19/2022 2:00,0
10/19/2022 3:00,1.282
10/19/2022 4:00,46.395
10/19/2022 5:00,169.294
10/19/2022 6:00,313.439
10/19/2022 7:00,462.082
10/19/2022 8:00,592.316
10/19/2022 9:00,652.604
10/19/2022 10:00,665.114
10/19/2022 11:00,627.252
10/19/2022 12:00,525.615
10/19/2022 13:00,396.323
10/19/2022 14:00,253.636
10/19/2022 15:00,114.465
10/19/2022 16:00,17.45
10/19/2022 17:00,0.168
10/19/2022 18:00,0
10/19/2022 19:00,0
10/19/2022 20:00,0
10/19/2022 21:00,0
10/19/2022 22:00,0
10/19/2022 23:00,0
10/20/2022 0:00,0
10/20/2022 1:00,0
10/20/2022 2:00,0
10/20/2022 3:00,3.214
10/20/2022 4:00,101.465
10/20/2022 5:00,310.397
10/20/2022 6:00,534.667
10/20/2022 7:00,731.696
10/20/2022 8:00,863.918
10/20/2022 9:00,915.627
10/20/2022 10:00,899.591
10/20/2022 11:00,807.04
10/20/2022 12:00,664.624
10/20/2022 13:00,477.684
10/20/2022 14:00,297.867
10/20/2022 15:00,130.103
10/20/2022 16:00,20.521
10/20/2022 17:00,0.223
10/20/2022 18:00,0
10/20/2022 19:00,0
10/20/2022 20:00,0
10/20/2022 21:00,0
10/20/2022 22:00,0
10/20/2022 23:00,0
10/21/2022 0:00,0
10/21/2022 1:00,0
10/21/2022 2:00,0
10/21/2022 3:00,2.605
10/21/2022 4:00,80.64
10/21/2022 5:00,261.436
10/21/2022 6:00,472.983
10/21/2022 7:00,663.823
10/21/2022 8:00,783.513
10/21/2022 9:00,826.541
10/21/2022 10:00,784.657
10/21/2022 11:00,700.201
10/21/2022 12:00,575.335
10/21/2022 13:00,419.283
10/21/2022 14:00,260
10/21/2022 15:00,113.51
10/21/2022 16:00,19.83
10/21/2022 17:00,0.278
10/21/2022 18:00,0
10/21/2022 19:00,0
10/21/2022 20:00,0
10/21/2022 21:00,0
10/21/2022 22:00,0
10/21/2022 23:00,0
10/22/2022 0:00,0
10/22/2022 1:00,0
10/22/2022 2:00,0
10/22/2022 3:00,2.118
10/22/2022 4:00,68.514
10/22/2022 5:00,219.76
10/22/2022 6:00,408.432
10/22/2022 7:00,572.349
10/22/2022 8:00,646.995
10/22/2022 9:00,689.424
10/22/2022 10:00,676.214
10/22/2022 11:00,629.829
10/22/2022 12:00,531.022
10/22/2022 13:00,392.857
10/22/2022 14:00,247.223
10/22/2022 15:00,116.47
10/22/2022 16:00,21.886
10/22/2022 17:00,0.312
10/22/2022 18:00,0
10/22/2022 19:00,0
10/22/2022 20:00,0
10/22/2022 21:00,0
10/22/2022 22:00,0
10/22/2022 23:00,0
10/23/2022 0:00,0
10/23/2022 1:00,0
10/23/2022 2:00,0
10/23/2022 3:00,3.901
10/23/2022 4:00,107.631
10/23/2022 5:00,321.212
10/23/2022 6:00,545.996
10/23/2022 7:00,751.453
10/23/2022 8:00,894.99
10/23/2022 9:00,961.38
10/23/2022 10:00,934.982
10/23/2022 11:00,827.516
10/23/2022 12:00,679.412
10/23/2022 13:00,483.999
10/23/2022 14:00,278.1
10/23/2022 15:00,115.627
10/23/2022 16:00,20.426
10/23/2022 17:00,0.357
10/23/2022 18:00,0
10/23/2022 19:00,0
10/23/2022 20:00,0
10/23/2022 21:00,0
10/23/2022 22:00,0
10/23/2022 23:00,0
10/24/2022 0:00,0
10/24/2022 1:00,0
10/24/2022 2:00,0
10/24/2022 3:00,2.306
10/24/2022 4:00,63.13
10/24/2022 5:00,214.294
10/24/2022 6:00,409.858
10/24/2022 7:00,581.153
10/24/2022 8:00,705.154
10/24/2022 9:00,767.039
10/24/2022 10:00,765.517
10/24/2022 11:00,685.888
10/24/2022 12:00,551.622
10/24/2022 13:00,400.244
10/24/2022 14:00,281.02
10/24/2022 15:00,142.726
10/24/2022 16:00,25.39
10/24/2022 17:00,0.376
10/24/2022 18:00,0
10/24/2022 19:00,0
10/24/2022 20:00,0
10/24/2022 21:00,0
10/24/2022 22:00,0
10/24/2022 23:00,0
10/25/2022 0:00,0
10/25/2022 1:00,0
10/25/2022 2:00,0
10/25/2022 3:00,5.268
10/25/2022 4:00,116.594
10/25/2022 5:00,331.35
10/25/2022 6:00,549.089
10/25/2022 7:00,736.714
10/25/2022 8:00,875.19
10/25/2022 9:00,954.907
10/25/2022 10:00,964.218
10/25/2022 11:00,885.529
10/25/2022 12:00,753.67
10/25/2022 13:00,577.343
10/25/2022 14:00,371.512
10/25/2022 15:00,163.98
10/25/2022 16:00,25.591
10/25/2022 17:00,0.389
10/25/2022 18:00,0
10/25/2022 19:00,0
10/25/2022 20:00,0
10/25/2022 21:00,0
10/25/2022 22:00,0
10/25/2022 23:00,0
10/26/2022 0:00,0
10/26/2022 1:00,0
10/26/2022 2:00,0
10/26/2022 3:00,4.538
10/26/2022 4:00,106.65
10/26/2022 5:00,304.193
10/26/2022 6:00,510.673
10/26/2022 7:00,702.448
10/26/2022 8:00,838.865
10/26/2022 9:00,879.843
10/26/2022 10:00,842.315
10/26/2022 11:00,770.999
10/26/2022 12:00,684.448
10/26/2022 13:00,549.188
10/26/2022 14:00,354.879
10/26/2022 15:00,161.469
10/26/2022 16:00,28.512
10/26/2022 17:00,0.534
10/26/2022 18:00,0
10/26/2022 19:00,0
10/26/2022 20:00,0
10/26/2022 21:00,0
10/26/2022 22:00,0
10/26/2022 23:00,0
10/27/2022 0:00,0
10/27/2022 1:00,0
10/27/2022 2:00,0
10/27/2022 3:00,4.572
10/27/2022 4:00,69.558
10/27/2022 5:00,213.445
10/27/2022 6:00,366.933
10/27/2022 7:00,515.548
10/27/2022 8:00,682.262
10/27/2022 9:00,741.498
10/27/2022 10:00,698.399
10/27/2022 11:00,663.352
10/27/2022 12:00,561.755
10/27/2022 13:00,428.113
10/27/2022 14:00,276.141
10/27/2022 15:00,128.765
10/27/2022 16:00,25.305
10/27/2022 17:00,0.603
10/27/2022 18:00,0
10/27/2022 19:00,0
10/27/2022 20:00,0
10/27/2022 21:00,0
10/27/2022 22:00,0
10/27/2022 23:00,0
10/28/2022 0:00,0
10/28/2022 1:00,0
10/28/2022 2:00,0
10/28/2022 3:00,4.484
10/28/2022 4:00,104.224
10/28/2022 5:00,314.061
10/28/2022 6:00,539.118
10/28/2022 7:00,712.49
10/28/2022 8:00,822.08
10/28/2022 9:00,875.497
10/28/2022 10:00,870.422
10/28/2022 11:00,806.122
10/28/2022 12:00,690.623
10/28/2022 13:00,538.608
10/28/2022 14:00,354.93
10/28/2022 15:00,168.156
10/28/2022 16:00,29.204
10/28/2022 17:00,0.643
10/28/2022 18:00,0
10/28/2022 19:00,0
10/28/2022 20:00,0
10/28/2022 21:00,0
10/28/2022 22:00,0
10/28/2022 23:00,0
10/29/2022 0:00,0
10/29/2022 1:00,0
10/29/2022 2:00,0
10/29/2022 3:00,5.762
10/29/2022 4:00,95.771
10/29/2022 5:00,267.374
10/29/2022 6:00,485.494
10/29/2022 7:00,698.546
10/29/2022 8:00,844.165
10/29/2022 9:00,921.007
10/29/2022 10:00,899.347
10/29/2022 11:00,829.66
10/29/2022 12:00,717.869
10/29/2022 13:00,540.393
10/29/2022 14:00,353.203
10/29/2022 15:00,171.81
10/29/2022 16:00,29.596
10/29/2022 17:00,0.657
10/29/2022 18:00,0
10/29/2022 19:00,0
10/29/2022 20:00,0
10/29/2022 21:00,0
10/29/2022 22:00,0
10/29/2022 23:00,0
10/30/2022 0:00,0
10/30/2022 1:00,0
10/30/2022 2:00,0
10/30/2022 3:00,8.264
10/30/2022 4:00,134.141
10/30/2022 5:00,360.677
10/30/2022 6:00,590.287
10/30/2022 7:00,780.285
10/30/2022 8:00,920.561
10/30/2022 9:00,974.339
10/30/2022 10:00,917.34
10/30/2022 11:00,794.496
10/30/2022 12:00,661.622
10/30/2022 13:00,499.392
10/30/2022 14:00,311.344
10/30/2022 15:00,123.488
10/30/2022 16:00,20.631
10/30/2022 17:00,0.447
10/30/2022 18:00,0
10/30/2022 19:00,0
10/30/2022 20:00,0
10/30/2022 21:00,0
10/30/2022 22:00,0
10/30/2022 23:00,0
10/31/2022 0:00,0
10/31/2022 1:00,0
10/31/2022 2:00,0
10/31/2022 3:00,5.266
10/31/2022 4:00,79.9
10/31/2022 5:00,215.755
10/31/2022 6:00,371.777
10/31/2022 7:00,512.901
10/31/2022 8:00,609.529
10/31/2022 9:00,685.748
10/31/2022 10:00,711.312
10/31/2022 11:00,647.774
10/31/2022 12:00,523.417
10/31/2022 13:00,358.266
10/31/2022 14:00,221.6
10/31/2022 15:00,113.909
10/31/2022 16:00,29.039
10/31/2022 17:00,0.964
10/31/2022 18:00,0
10/31/2022 19:00,0
10/31/2022 20:00,0
10/31/2022 21:00,0
10/31/2022 22:00,0
10/31/2022 23:00,0
11/1/2022 0:00,0
11/1/2022 1:00,0
11/1/2022 2:00,0
11/1/2022 3:00,6.085
11/1/2022 4:00,103.705
11/1/2022 5:00,291.444
11/1/2022 6:00,479.911
11/1/2022 7:00,651.793
11/1/2022 8:00,753.78
11/1/2022 9:00,779.18
11/1/2022 10:00,718.079
11/1/2022 11:00,645.701
11/1/2022 12:00,549.129
11/1/2022 13:00,412.419
11/1/2022 14:00,261.686
11/1/2022 15:00,127.478
11/1/2022 16:00,28.597
11/1/2022 17:00,0.968
11/1/2022 18:00,0
11/1/2022 19:00,0
11/1/2022 20:00,0
11/1/2022 21:00,0
11/1/2022 22:00,0
11/1/2022 23:00,0
11/2/2022 0:00,0
11/2/2022 1:00,0
11/2/2022 2:00,0
11/2/2022 3:00,5.592
11/2/2022 4:00,95.323
11/2/2022 5:00,272.791
11/2/2022 6:00,472.444
11/2/2022 7:00,665.184
11/2/2022 8:00,781.549
11/2/2022 9:00,807.946
11/2/2022 10:00,773.529
11/2/2022 11:00,700.941
11/2/2022 12:00,586.972
11/2/2022 13:00,415.356
11/2/2022 14:00,248.513
11/2/2022 15:00,117.843
11/2/2022 16:00,26.696
11/2/2022 17:00,0.926
11/2/2022 18:00,0
11/2/2022 19:00,0
11/2/2022 20:00,0
11/2/2022 21:00,0
11/2/2022 22:00,0
11/2/2022 23:00,0
11/3/2022 0:00,0
11/3/2022 1:00,0
11/3/2022 2:00,0
11/3/2022 3:00,6.566
11/3/2022 4:00,99.543
11/3/2022 5:00,274.167
11/3/2022 6:00,487.288
11/3/2022 7:00,701.279
11/3/2022 8:00,832.407
11/3/2022 9:00,861.199
11/3/2022 10:00,800.928
11/3/2022 11:00,696.407
11/3/2022 12:00,549.798
11/3/2022 13:00,386.434
11/3/2022 14:00,244.341
11/3/2022 15:00,118.423
11/3/2022 16:00,26.723
11/3/2022 17:00,0.946
11/3/2022 18:00,0
11/3/2022 19:00,0
11/3/2022 20:00,0
11/3/2022 21:00,0
11/3/2022 22:00,0
11/3/2022 23:00,0
11/4/2022 0:00,0
11/4/2022 1:00,0
11/4/2022 2:00,0
11/4/2022 3:00,6.432
11/4/2022 4:00,80.494
11/4/2022 5:00,218.695
11/4/2022 6:00,368.407
11/4/2022 7:00,494.754
11/4/2022 8:00,571.44
11/4/2022 9:00,603.621
11/4/2022 10:00,596.221
11/4/2022 11:00,544.431
11/4/2022 12:00,451.811
11/4/2022 13:00,349.547
11/4/2022 14:00,234.417
11/4/2022 15:00,128.272
11/4/2022 16:00,31.88
11/4/2022 17:00,1.089
11/4/2022 18:00,0
11/4/2022 19:00,0
11/4/2022 20:00,0
11/4/2022 21:00,0
11/4/2022 22:00,0
11/4/2022 23:00,0
11/5/2022 0:00,0
11/5/2022 1:00,0
11/5/2022 2:00,0
11/5/2022 3:00,10.749
11/5/2022 4:00,132.099
11/5/2022 5:00,342.676
11/5/2022 6:00,563.166
11/5/2022 7:00,741.028
11/5/2022 8:00,837.831
11/5/2022 9:00,866.827
11/5/2022 10:00,840.31
11/5/2022 11:00,764.673
11/5/2022 12:00,651.149
11/5/2022 13:00,508.655
11/5/2022 14:00,337.98
11/5/2022 15:00,173.834
11/5/2022 16:00,37.332
11/5/2022 17:00,1.26
11/5/2022 18:00,0
11/5/2022 19:00,0
11/5/2022 20:00,0
11/5/2022 21:00,0
11/5/2022 22:00,0
11/5/2022 23:00,0
11/6/2022 0:00,0
11/6/2022 1:00,0
11/6/2022 2:00,0
11/6/2022 3:00,11.118
11/6/2022 4:00,146.972
11/6/2022 5:00,378.172
11/6/2022 6:00,608.195
11/6/2022 7:00,791.282
11/6/2022 8:00,921.289
11/6/2022 9:00,985.343
11/6/2022 10:00,972.946
11/6/2022 11:00,888.054
11/6/2022 12:00,729.643
11/6/2022 13:00,538.521
11/6/2022 14:00,339.887
11/6/2022 15:00,155.498
11/6/2022 16:00,25.962
11/6/2022 17:00,0.541
11/6/2022 18:00,0
11/6/2022 19:00,0
11/6/2022 20:00,0
11/6/2022 21:00,0
11/6/2022 22:00,0
11/6/2022 23:00,0
11/7/2022 0:00,0
11/7/2022 1:00,0
11/7/2022 2:00,0
11/7/2022 3:00,8.613
11/7/2022 4:00,101.942
11/7/2022 5:00,260.176
11/7/2022 6:00,438.524
11/7/2022 7:00,613.757
11/7/2022 8:00,736.285
11/7/2022 9:00,775.883
11/7/2022 10:00,725.165
11/7/2022 11:00,636.977
11/7/2022 12:00,542.184
11/7/2022 13:00,415.053
11/7/2022 14:00,273.039
11/7/2022 15:00,130.408
11/7/2022 16:00,31.58
11/7/2022 17:00,1.679
11/7/2022 18:00,0
11/7/2022 19:00,0
11/7/2022 20:00,0
11/7/2022 21:00,0
11/7/2022 22:00,0
11/7/2022 23:00,0
11/8/2022 0:00,0
11/8/2022 1:00,0
11/8/2022 2:00,0
11/8/2022 3:00,4.707
11/8/2022 4:00,62.696
11/8/2022 5:00,171.896
11/8/2022 6:00,286.516
11/8/2022 7:00,396.579
11/8/2022 8:00,479.384
11/8/2022 9:00,490.544
11/8/2022 10:00,490.161
11/8/2022 11:00,484.977
11/8/2022 12:00,470.54
11/8/2022 13:00,401.706
11/8/2022 14:00,295.335
11/8/2022 15:00,157.815
11/8/2022 16:00,37.446
11/8/2022 17:00,1.37
11/8/2022 18:00,0
11/8/2022 19:00,0
11/8/2022 20:00,0
11/8/2022 21:00,0
11/8/2022 22:00,0
11/8/2022 23:00,0
11/9/2022 0:00,0
11/9/2022 1:00,0
11/9/2022 2:00,0
11/9/2022 3:00,13.939
11/9/2022 4:00,164.015
11/9/2022 5:00,393.509
11/9/2022 6:00,618.871
11/9/2022 7:00,801.408
11/9/2022 8:00,921.871
11/9/2022 9:00,979.515
11/9/2022 10:00,978.101
11/9/2022 11:00,927.221
11/9/2022 12:00,818.855
11/9/2022 13:00,643.753
11/9/2022 14:00,428.494
11/9/2022 15:00,206.208
11/9/2022 16:00,41.799
11/9/2022 17:00,1.711
11/9/2022 18:00,0
11/9/2022 19:00,0
11/9/2022 20:00,0
11/9/2022 21:00,0
11/9/2022 22:00,0
11/9/2022 23:00,0
11/10/2022 0:00,0
11/10/2022 1:00,0
11/10/2022 2:00,0
11/10/2022 3:00,10.959
11/10/2022 4:00,134.371
11/10/2022 5:00,341.184
11/10/2022 6:00,545.551
11/10/2022 7:00,735.649
11/10/2022 8:00,876.21
11/10/2022 9:00,889.699
11/10/2022 10:00,871.747
11/10/2022 11:00,811.642
11/10/2022 12:00,708.634
11/10/2022 13:00,561.14
11/10/2022 14:00,371.704
11/10/2022 15:00,190.237
11/10/2022 16:00,43.376
11/10/2022 17:00,2
11/10/2022 18:00,0
11/10/2022 19:00,0
11/10/2022 20:00,0
11/10/2022 21:00,0
11/10/2022 22:00,0
11/10/2022 23:00,0
11/11/2022 0:00,0
11/11/2022 1:00,0
11/11/2022 2:00,0
11/11/2022 3:00,10.046
11/11/2022 4:00,105.501
11/11/2022 5:00,281.501
11/11/2022 6:00,465.456
11/11/2022 7:00,651.755
11/11/2022 8:00,771.836
11/11/2022 9:00,784.365
11/11/2022 10:00,744.395
11/11/2022 11:00,686.506
11/11/2022 12:00,577.512
11/11/2022 13:00,418.422
11/11/2022 14:00,257.326
11/11/2022 15:00,125.953
11/11/2022 16:00,34.94
11/11/2022 17:00,2.021
11/11/2022 18:00,0
11/11/2022 19:00,0
11/11/2022 20:00,0
11/11/2022 21:00,0
11/11/2022 22:00,0
11/11/2022 23:00,0
11/12/2022 0:00,0
11/12/2022 1:00,0
11/12/2022 2:00,0
11/12/2022 3:00,9.284
11/12/2022 4:00,97.916
11/12/2022 5:00,259.184
11/12/2022 6:00,474.595
11/12/2022 7:00,639.232
11/12/2022 8:00,744.008
11/12/2022 9:00,764.225
11/12/2022 10:00,701.839
11/12/2022 11:00,606.065
11/12/2022 12:00,493.92
11/12/2022 13:00,369.973
11/12/2022 14:00,248.585
11/12/2022 15:00,128.816
11/12/2022 16:00,34.656
11/12/2022 17:00,1.8
11/12/2022 18:00,0
11/12/2022 19:00,0
11/12/2022 20:00,0
11/12/2022 21:00,0
11/12/2022 22:00,0
11/12/2022 23:00,0
11/13/2022 0:00,0
11/13/2022 1:00,0
11/13/2022 2:00,0
11/13/2022 3:00,9.946
11/13/2022 4:00,108.61
11/13/2022 5:00,296.343
11/13/2022 6:00,527.769
11/13/2022 7:00,711.708
11/13/2022 8:00,810.286
11/13/2022 9:00,838.944
11/13/2022 10:00,801.684
11/13/2022 11:00,713.288
11/13/2022 12:00,588.457
11/13/2022 13:00,454.208
11/13/2022 14:00,309.792
11/13/2022 15:00,172.759
11/13/2022 16:00,48.11
11/13/2022 17:00,2.409
11/13/2022 18:00,0
11/13/2022 19:00,0
11/13/2022 20:00,0
11/13/2022 21:00,0
11/13/2022 22:00,0
11/13/2022 23:00,0
11/14/2022 0:00,0
11/14/2022 1:00,0
11/14/2022 2:00,0
11/14/2022 3:00,16.046
11/14/2022 4:00,153.809
11/14/2022 5:00,369.567
11/14/2022 6:00,597.088
11/14/2022 7:00,808.042
11/14/2022 8:00,956.418
11/14/2022 9:00,1037.159
11/14/2022 10:00,1034.902
11/14/2022 11:00,976.092
11/14/2022 12:00,829.436
11/14/2022 13:00,635.913
11/14/2022 14:00,423.478
11/14/2022 15:00,213.88
11/14/2022 16:00,40.407
11/14/2022 17:00,0.987
11/14/2022 18:00,0
11/14/2022 19:00,0
11/14/2022 20:00,0
11/14/2022 21:00,0
11/14/2022 22:00,0
11/14/2022 23:00,0
11/15/2022 0:00,0
11/15/2022 1:00,0
11/15/2022 2:00,0
11/15/2022 3:00,16.644
11/15/2022 4:00,161.675
11/15/2022 5:00,397.789
11/15/2022 6:00,640.241
11/15/2022 7:00,839.774
11/15/2022 8:00,980.569
11/15/2022 9:00,1060.737
11/15/2022 10:00,1055.487
11/15/2022 11:00,982.924
11/15/2022 12:00,857.255
11/15/2022 13:00,674.147
11/15/2022 14:00,453.54
11/15/2022 15:00,229.842
11/15/2022 16:00,50.452
11/15/2022 17:00,1.919
11/15/2022 18:00,0
11/15/2022 19:00,0
11/15/2022 20:00,0
11/15/2022 21:00,0
11/15/2022 22:00,0
11/15/2022 23:00,0
11/16/2022 0:00,0
11/16/2022 1:00,0
11/16/2022 2:00,0
11/16/2022 3:00,16.052
11/16/2022 4:00,160.918
11/16/2022 5:00,392.938
11/16/2022 6:00,628.022
11/16/2022 7:00,822.454
11/16/2022 8:00,969.753
11/16/2022 9:00,1051.04
11/16/2022 10:00,1050.386
11/16/2022 11:00,972.969
11/16/2022 12:00,831.684
11/16/2022 13:00,646.584
11/16/2022 14:00,437.409
11/16/2022 15:00,219.936
11/16/2022 16:00,43.921
11/16/2022 17:00,1.838
11/16/2022 18:00,0
11/16/2022 19:00,0
11/16/2022 20:00,0
11/16/2022 21:00,0
11/16/2022 22:00,0
11/16/2022 23:00,0
11/17/2022 0:00,0
11/17/2022 1:00,0
11/17/2022 2:00,0
11/17/2022 3:00,17.929
11/17/2022 4:00,169.461
11/17/2022 5:00,393.752
11/17/2022 6:00,621.292
11/17/2022 7:00,816.448
11/17/2022 8:00,964.268
11/17/2022 9:00,1040.155
11/17/2022 10:00,1045.914
11/17/2022 11:00,969.173
11/17/2022 12:00,821.63
11/17/2022 13:00,650.219
11/17/2022 14:00,432.537
11/17/2022 15:00,216.966
11/17/2022 16:00,49.749
11/17/2022 17:00,2.455
11/17/2022 18:00,0
11/17/2022 19:00,0
11/17/2022 20:00,0
11/17/2022 21:00,0
11/17/2022 22:00,0
11/17/2022 23:00,0
11/18/2022 0:00,0
11/18/2022 1:00,0
11/18/2022 2:00,0
11/18/2022 3:00,18.24
11/18/2022 4:00,167.895
11/18/2022 5:00,385.606
11/18/2022 6:00,611.305
11/18/2022 7:00,808.069
11/18/2022 8:00,951.927
11/18/2022 9:00,1030.931
11/18/2022 10:00,1043.186
11/18/2022 11:00,971.264
11/18/2022 12:00,815.199
11/18/2022 13:00,629.188
11/18/2022 14:00,420.751
11/18/2022 15:00,216.227
11/18/2022 16:00,52.614
11/18/2022 17:00,2.937
11/18/2022 18:00,0
11/18/2022 19:00,0
11/18/2022 20:00,0
11/18/2022 21:00,0
11/18/2022 22:00,0
11/18/2022 23:00,0
11/19/2022 0:00,0
11/19/2022 1:00,0
11/19/2022 2:00,0
11/19/2022 3:00,18.666
11/19/2022 4:00,159.848
11/19/2022 5:00,359.331
11/19/2022 6:00,550.703
11/19/2022 7:00,705.731
11/19/2022 8:00,850.543
11/19/2022 9:00,969.056
11/19/2022 10:00,997.155
11/19/2022 11:00,937.22
11/19/2022 12:00,795.065
11/19/2022 13:00,617.141
11/19/2022 14:00,414.586
11/19/2022 15:00,220.549
11/19/2022 16:00,58.476
11/19/2022 17:00,3.152
11/19/2022 18:00,0
11/19/2022 19:00,0
11/19/2022 20:00,0
11/19/2022 21:00,0
11/19/2022 22:00,0
11/19/2022 23:00,0
11/20/2022 0:00,0
11/20/2022 1:00,0
11/20/2022 2:00,0
11/20/2022 3:00,24.179
11/20/2022 4:00,198.454
11/20/2022 5:00,437.453
11/20/2022 6:00,670.852
11/20/2022 7:00,870.472
11/20/2022 8:00,1014.8
11/20/2022 9:00,1091.533
11/20/2022 10:00,1100.006
11/20/2022 11:00,1041.852
11/20/2022 12:00,910.24
11/20/2022 13:00,727.392
11/20/2022 14:00,508.479
11/20/2022 15:00,273.492
11/20/2022 16:00,69.444
11/20/2022 17:00,3.487
11/20/2022 18:00,0
11/20/2022 19:00,0
11/20/2022 20:00,0
11/20/2022 21:00,0
11/20/2022 22:00,0
11/20/2022 23:00,0
11/21/2022 0:00,0
11/21/2022 1:00,0
11/21/2022 2:00,0
11/21/2022 3:00,21.402
11/21/2022 4:00,166.552
11/21/2022 5:00,387.278
11/21/2022 6:00,620.837
11/21/2022 7:00,836.421
11/21/2022 8:00,989.155
11/21/2022 9:00,1069.077
11/21/2022 10:00,1071.685
11/21/2022 11:00,1001.663
11/21/2022 12:00,873.206
11/21/2022 13:00,687.194
11/21/2022 14:00,465.131
11/21/2022 15:00,233.744
11/21/2022 16:00,55.574
11/21/2022 17:00,2.644
11/21/2022 18:00,0
11/21/2022 19:00,0
11/21/2022 20:00,0
11/21/2022 21:00,0
11/21/2022 22:00,0
11/21/2022 23:00,0
11/22/2022 0:00,0
11/22/2022 1:00,0
11/22/2022 2:00,0
11/22/2022 3:00,17.448
11/22/2022 4:00,116.999
11/22/2022 5:00,271.874
11/22/2022 6:00,458.556
11/22/2022 7:00,595.315
11/22/2022 8:00,756.346
11/22/2022 9:00,837.489
11/22/2022 10:00,745.878
11/22/2022 11:00,639.649
11/22/2022 12:00,514.972
11/22/2022 13:00,397.163
11/22/2022 14:00,291.911
11/22/2022 15:00,167.106
11/22/2022 16:00,49.959
11/22/2022 17:00,3.585
11/22/2022 18:00,0
11/22/2022 19:00,0
11/22/2022 20:00,0
11/22/2022 21:00,0
11/22/2022 22:00,0
11/22/2022 23:00,0
11/23/2022 0:00,0
11/23/2022 1:00,0
11/23/2022 2:00,0
11/23/2022 3:00,20.935
11/23/2022 4:00,171.325
11/23/2022 5:00,401.444
11/23/2022 6:00,623.556
11/23/2022 7:00,805.319
11/23/2022 8:00,914.09
11/23/2022 9:00,977.562
11/23/2022 10:00,988.125
11/23/2022 11:00,933.052
11/23/2022 12:00,806.779
11/23/2022 13:00,647.548
11/23/2022 14:00,448.786
11/23/2022 15:00,232.926
11/23/2022 16:00,56.868
11/23/2022 17:00,1.711
11/23/2022 18:00,0
11/23/2022 19:00,0
11/23/2022 20:00,0
11/23/2022 21:00,0
11/23/2022 22:00,0
11/23/2022 23:00,0
11/24/2022 0:00,0
11/24/2022 1:00,0
11/24/2022 2:00,0
11/24/2022 3:00,25.349
11/24/2022 4:00,181.612
11/24/2022 5:00,400.917
11/24/2022 6:00,625.194
11/24/2022 7:00,809.042
11/24/2022 8:00,937.8
11/24/2022 9:00,991.083
11/24/2022 10:00,998.774
11/24/2022 11:00,951.122
11/24/2022 12:00,825.798
11/24/2022 13:00,641.593
11/24/2022 14:00,408.572
11/24/2022 15:00,198.011
11/24/2022 16:00,47.115
11/24/2022 17:00,3.056
11/24/2022 18:00,0
11/24/2022 19:00,0
11/24/2022 20:00,0
11/24/2022 21:00,0
11/24/2022 22:00,0
11/24/2022 23:00,0
11/25/2022 0:00,0
11/25/2022 1:00,0
11/25/2022 2:00,0
11/25/2022 3:00,18.336
11/25/2022 4:00,154.748
11/25/2022 5:00,351.55
11/25/2022 6:00,559.215
11/25/2022 7:00,740.647
11/25/2022 8:00,869.965
11/25/2022 9:00,926.082
11/25/2022 10:00,925.08
11/25/2022 11:00,871.859
11/25/2022 12:00,752.493
11/25/2022 13:00,593.126
11/25/2022 14:00,404.626
11/25/2022 15:00,216.47
11/25/2022 16:00,59.044
11/25/2022 17:00,4.243
11/25/2022 18:00,0
11/25/2022 19:00,0
11/25/2022 20:00,0
11/25/2022 21:00,0
11/25/2022 22:00,0
11/25/2022 23:00,0
11/26/2022 0:00,0
11/26/2022 1:00,0
11/26/2022 2:00,0
11/26/2022 3:00,15.857
11/26/2022 4:00,132.971
11/26/2022 5:00,330.205
11/26/2022 6:00,520.076
11/26/2022 7:00,668.926
11/26/2022 8:00,748.357
11/26/2022 9:00,768.998
11/26/2022 10:00,723.991
11/26/2022 11:00,643.41
11/26/2022 12:00,527.208
11/26/2022 13:00,401.14
11/26/2022 14:00,270.498
11/26/2022 15:00,154.835
11/26/2022 16:00,50.31
11/26/2022 17:00,4.147
11/26/2022 18:00,0
11/26/2022 19:00,0
11/26/2022 20:00,0
11/26/2022 21:00,0
11/26/2022 22:00,0
11/26/2022 23:00,0
11/27/2022 0:00,0
11/27/2022 1:00,0
11/27/2022 2:00,0
11/27/2022 3:00,9.039
11/27/2022 4:00,83.829
11/27/2022 5:00,206.569
11/27/2022 6:00,341.164
11/27/2022 7:00,486.037
11/27/2022 8:00,614.794
11/27/2022 9:00,674.334
11/27/2022 10:00,679.888
11/27/2022 11:00,653.691
11/27/2022 12:00,574.509
11/27/2022 13:00,443.373
11/27/2022 14:00,299.049
11/27/2022 15:00,165.204
11/27/2022 16:00,54.124
11/27/2022 17:00,4.416
11/27/2022 18:00,0
11/27/2022 19:00,0
11/27/2022 20:00,0
11/27/2022 21:00,0
11/27/2022 22:00,0
11/27/2022 23:00,0
11/28/2022 0:00,0
11/28/2022 1:00,0
11/28/2022 2:00,0
11/28/2022 3:00,20.05
11/28/2022 4:00,151.919
11/28/2022 5:00,339.404
11/28/2022 6:00,547.408
11/28/2022 7:00,755.768
11/28/2022 8:00,903.281
11/28/2022 9:00,976.295
11/28/2022 10:00,972.273
11/28/2022 11:00,894.106
11/28/2022 12:00,767.899
11/28/2022 13:00,597.362
11/28/2022 14:00,404.229
11/28/2022 15:00,209.361
11/28/2022 16:00,56.609
11/28/2022 17:00,4.013
11/28/2022 18:00,0
11/28/2022 19:00,0
11/28/2022 20:00,0
11/28/2022 21:00,0
11/28/2022 22:00,0
11/28/2022 23:00,0
11/29/2022 0:00,0
11/29/2022 1:00,0
11/29/2022 2:00,0
11/29/2022 3:00,24.244
11/29/2022 4:00,173.76
11/29/2022 5:00,396.327
11/29/2022 6:00,630.237
11/29/2022 7:00,832.117
11/29/2022 8:00,961.676
11/29/2022 9:00,1021.561
11/29/2022 10:00,1012.107
11/29/2022 11:00,945.277
11/29/2022 12:00,823.382
11/29/2022 13:00,646.667
11/29/2022 14:00,446.178
11/29/2022 15:00,245.33
11/29/2022 16:00,67.356
11/29/2022 17:00,4.325
11/29/2022 18:00,0
11/29/2022 19:00,0
11/29/2022 20:00,0
11/29/2022 21:00,0
11/29/2022 22:00,0
11/29/2022 23:00,0
11/30/2022 0:00,0
11/30/2022 1:00,0
11/30/2022 2:00,0
11/30/2022 3:00,29.362
11/30/2022 4:00,198.494
11/30/2022 5:00,433.492
11/30/2022 6:00,658.057
11/30/2022 7:00,852.665
11/30/2022 8:00,995.168
11/30/2022 9:00,1072.472
11/30/2022 10:00,1075.757
11/30/2022 11:00,1006.776
11/30/2022 12:00,886.255
11/30/2022 13:00,710.882
11/30/2022 14:00,498.877
11/30/2022 15:00,271.971
11/30/2022 16:00,71.897
11/30/2022 17:00,4.551
11/30/2022 18:00,0
11/30/2022 19:00,0
11/30/2022 20:00,0
11/30/2022 21:00,0
11/30/2022 22:00,0
11/30/2022 23:00,0
12/1/2022 0:00,0
12/1/2022 1:00,0
12/1/2022 2:00,0
12/1/2022 3:00,31.774
12/1/2022 4:00,210.61
12/1/2022 5:00,442.309
12/1/2022 6:00,674.632
12/1/2022 7:00,867.989
12/1/2022 8:00,1008.069
12/1/2022 9:00,1086.238
12/1/2022 10:00,1093.244
12/1/2022 11:00,1030.304
12/1/2022 12:00,893.522
12/1/2022 13:00,700.712
12/1/2022 14:00,485.241
12/1/2022 15:00,261.254
12/1/2022 16:00,67.774
12/1/2022 17:00,2.984
12/1/2022 18:00,0
12/1/2022 19:00,0
12/1/2022 20:00,0
12/1/2022 21:00,0
12/1/2022 22:00,0
12/1/2022 23:00,0
12/2/2022 0:00,0
12/2/2022 1:00,0
12/2/2022 2:00,0
12/2/2022 3:00,30.529
12/2/2022 4:00,190.797
12/2/2022 5:00,390.691
12/2/2022 6:00,612.046
12/2/2022 7:00,817.093
12/2/2022 8:00,966.37
12/2/2022 9:00,1039.682
12/2/2022 10:00,1024.955
12/2/2022 11:00,942.876
12/2/2022 12:00,799.538
12/2/2022 13:00,615.015
12/2/2022 14:00,412.523
12/2/2022 15:00,225.232
12/2/2022 16:00,66.365
12/2/2022 17:00,4.529
12/2/2022 18:00,0
12/2/2022 19:00,0
12/2/2022 20:00,0
12/2/2022 21:00,0
12/2/2022 22:00,0
12/2/2022 23:00,0
12/3/2022 0:00,0
12/3/2022 1:00,0
12/3/2022 2:00,0
12/3/2022 3:00,27.58
12/3/2022 4:00,189.473
12/3/2022 5:00,407.531
12/3/2022 6:00,616.741
12/3/2022 7:00,809.213
12/3/2022 8:00,951.816
12/3/2022 9:00,1042.494
12/3/2022 10:00,1039.458
12/3/2022 11:00,963.066
12/3/2022 12:00,815.846
12/3/2022 13:00,616.067
12/3/2022 14:00,420.179
12/3/2022 15:00,230.813
12/3/2022 16:00,62.265
12/3/2022 17:00,3.786
12/3/2022 18:00,0
12/3/2022 19:00,0
12/3/2022 20:00,0
12/3/2022 21:00,0
12/3/2022 22:00,0
12/3/2022 23:00,0
12/4/2022 0:00,0
12/4/2022 1:00,0
12/4/2022 2:00,0
12/4/2022 3:00,25.871
12/4/2022 4:00,177.993
12/4/2022 5:00,397.425
12/4/2022 6:00,611.599
12/4/2022 7:00,807.723
12/4/2022 8:00,958.68
12/4/2022 9:00,1042.787
12/4/2022 10:00,1050.896
12/4/2022 11:00,987.205
12/4/2022 12:00,861.082
12/4/2022 13:00,682.878
12/4/2022 14:00,473.501
12/4/2022 15:00,249.696
12/4/2022 16:00,68.839
12/4/2022 17:00,4.692
12/4/2022 18:00,0
12/4/2022 19:00,0
12/4/2022 20:00,0
12/4/2022 21:00,0
12/4/2022 22:00,0
12/4/2022 23:00,0
12/5/2022 0:00,0
12/5/2022 1:00,0
12/5/2022 2:00,0
12/5/2022 3:00,22.165
12/5/2022 4:00,160.705
12/5/2022 5:00,364.234
12/5/2022 6:00,539.056
12/5/2022 7:00,660.69
12/5/2022 8:00,745.584
12/5/2022 9:00,731.034
12/5/2022 10:00,691.096
12/5/2022 11:00,656.205
12/5/2022 12:00,639.356
12/5/2022 13:00,506.838
12/5/2022 14:00,373.357
12/5/2022 15:00,210.36
12/5/2022 16:00,57.221
12/5/2022 17:00,2.393
12/5/2022 18:00,0
12/5/2022 19:00,0
12/5/2022 20:00,0
12/5/2022 21:00,0
12/5/2022 22:00,0
12/5/2022 23:00,0
12/6/2022 0:00,0
12/6/2022 1:00,0
12/6/2022 2:00,0
12/6/2022 3:00,31.45
12/6/2022 4:00,200.484
12/6/2022 5:00,434.484
12/6/2022 6:00,659.988
12/6/2022 7:00,833.512
12/6/2022 8:00,952.251
12/6/2022 9:00,997.583
12/6/2022 10:00,980.229
12/6/2022 11:00,904.369
12/6/2022 12:00,778.989
12/6/2022 13:00,596.513
12/6/2022 14:00,370.472
12/6/2022 15:00,177.377
12/6/2022 16:00,55.247
12/6/2022 17:00,4.364
12/6/2022 18:00,0
12/6/2022 19:00,0
12/6/2022 20:00,0
12/6/2022 21:00,0
12/6/2022 22:00,0
12/6/2022 23:00,0
12/7/2022 0:00,0
12/7/2022 1:00,0
12/7/2022 2:00,0
12/7/2022 3:00,25.041
12/7/2022 4:00,167.434
12/7/2022 5:00,393.042
12/7/2022 6:00,621.032
12/7/2022 7:00,798.506
12/7/2022 8:00,918.665
12/7/2022 9:00,951.406
12/7/2022 10:00,886.295
12/7/2022 11:00,759.385
12/7/2022 12:00,625.942
12/7/2022 13:00,473.2
12/7/2022 14:00,316.401
12/7/2022 15:00,175.384
12/7/2022 16:00,58.917
12/7/2022 17:00,5.65
12/7/2022 18:00,0
12/7/2022 19:00,0
12/7/2022 20:00,0
12/7/2022 21:00,0
12/7/2022 22:00,0
12/7/2022 23:00,0
12/8/2022 0:00,0
12/8/2022 1:00,0
12/8/2022 2:00,0
12/8/2022 3:00,27.134
12/8/2022 4:00,169.835
12/8/2022 5:00,374.438
12/8/2022 6:00,573.695
12/8/2022 7:00,724.69
12/8/2022 8:00,819.612
12/8/2022 9:00,834.242
12/8/2022 10:00,777.328
12/8/2022 11:00,689.282
12/8/2022 12:00,574.996
12/8/2022 13:00,444.345
12/8/2022 14:00,305.436
12/8/2022 15:00,169.802
12/8/2022 16:00,54.872
12/8/2022 17:00,5.442
12/8/2022 18:00,0
12/8/2022 19:00,0
12/8/2022 20:00,0
12/8/2022 21:00,0
12/8/2022 22:00,0
12/8/2022 23:00,0
12/9/2022 0:00,0
12/9/2022 1:00,0
12/9/2022 2:00,0
12/9/2022 3:00,23.248
12/9/2022 4:00,164.004
12/9/2022 5:00,369.093
12/9/2022 6:00,575.59
12/9/2022 7:00,753.29
12/9/2022 8:00,880.581
12/9/2022 9:00,946.448
12/9/2022 10:00,942.191
12/9/2022 11:00,886.873
12/9/2022 12:00,765.877
12/9/2022 13:00,607.507
12/9/2022 14:00,424
12/9/2022 15:00,228.807
12/9/2022 16:00,68.183
12/9/2022 17:00,5.034
12/9/2022 18:00,0
12/9/2022 19:00,0
12/9/2022 20:00,0
12/9/2022 21:00,0
12/9/2022 22:00,0
12/9/2022 23:00,0
12/10/2022 0:00,0
12/10/2022 1:00,0
12/10/2022 2:00,0.001
12/10/2022 3:00,31.564
12/10/2022 4:00,192.221
12/10/2022 5:00,423.66
12/10/2022 6:00,640.25
12/10/2022 7:00,823.109
12/10/2022 8:00,945.903
12/10/2022 9:00,998.127
12/10/2022 10:00,968.925
12/10/2022 11:00,876.861
12/10/2022 12:00,713.967
12/10/2022 13:00,511.431
12/10/2022 14:00,299.519
12/10/2022 15:00,144.779
12/10/2022 16:00,37.175
12/10/2022 17:00,2.568
12/10/2022 18:00,0
12/10/2022 19:00,0
12/10/2022 20:00,0
12/10/2022 21:00,0
12/10/2022 22:00,0
12/10/2022 23:00,0
12/11/2022 0:00,0
12/11/2022 1:00,0
12/11/2022 2:00,0
12/11/2022 3:00,21.817
12/11/2022 4:00,150.347
12/11/2022 5:00,338.03
12/11/2022 6:00,534.389
12/11/2022 7:00,701.637
12/11/2022 8:00,826.612
12/11/2022 9:00,877.647
12/11/2022 10:00,864.215
12/11/2022 11:00,785.357
12/11/2022 12:00,647.425
12/11/2022 13:00,482.574
12/11/2022 14:00,308.001
12/11/2022 15:00,153.021
12/11/2022 16:00,43.864
12/11/2022 17:00,3.182
12/11/2022 18:00,0
12/11/2022 19:00,0
12/11/2022 20:00,0
12/11/2022 21:00,0
12/11/2022 22:00,0
12/11/2022 23:00,0
12/12/2022 0:00,0
12/12/2022 1:00,0
12/12/2022 2:00,0
12/12/2022 3:00,15.904
12/12/2022 4:00,103.385
12/12/2022 5:00,249.037
12/12/2022 6:00,417.021
12/12/2022 7:00,542.788
12/12/2022 8:00,613.523
12/12/2022 9:00,656.494
12/12/2022 10:00,660.131
12/12/2022 11:00,604.147
12/12/2022 12:00,497.999
12/12/2022 13:00,371.175
12/12/2022 14:00,244.777
12/12/2022 15:00,128.536
12/12/2022 16:00,36.885
12/12/2022 17:00,2.298
12/12/2022 18:00,0
12/12/2022 19:00,0
12/12/2022 20:00,0
12/12/2022 21:00,0
12/12/2022 22:00,0
12/12/2022 23:00,0
12/13/2022 0:00,0
12/13/2022 1:00,0
12/13/2022 2:00,0.001
12/13/2022 3:00,18.369
12/13/2022 4:00,115.601
12/13/2022 5:00,268.772
12/13/2022 6:00,454.779
12/13/2022 7:00,629.562
12/13/2022 8:00,735.229
12/13/2022 9:00,731.199
12/13/2022 10:00,689.788
12/13/2022 11:00,639.436
12/13/2022 12:00,568.379
12/13/2022 13:00,472.711
12/13/2022 14:00,343.865
12/13/2022 15:00,198.383
12/13/2022 16:00,64.402
12/13/2022 17:00,5.431
12/13/2022 18:00,0
12/13/2022 19:00,0
12/13/2022 20:00,0
12/13/2022 21:00,0
12/13/2022 22:00,0
12/13/2022 23:00,0
12/14/2022 0:00,0
12/14/2022 1:00,0
12/14/2022 2:00,0.001
12/14/2022 3:00,28.798
12/14/2022 4:00,176.299
12/14/2022 5:00,385.013
12/14/2022 6:00,614.39
12/14/2022 7:00,810.741
12/14/2022 8:00,944.655
12/14/2022 9:00,998.737
12/14/2022 10:00,990.799
12/14/2022 11:00,914.944
12/14/2022 12:00,779.667
12/14/2022 13:00,611.264
12/14/2022 14:00,429.024
12/14/2022 15:00,240.329
12/14/2022 16:00,71.335
12/14/2022 17:00,5.431
12/14/2022 18:00,0
12/14/2022 19:00,0
12/14/2022 20:00,0
12/14/2022 21:00,0
12/14/2022 22:00,0
12/14/2022 23:00,0
12/15/2022 0:00,0
12/15/2022 1:00,0
12/15/2022 2:00,0.002
12/15/2022 3:00,34.74
12/15/2022 4:00,209.859
12/15/2022 5:00,434.125
12/15/2022 6:00,648.43
12/15/2022 7:00,828.481
12/15/2022 8:00,951.243
12/15/2022 9:00,1001.465
12/15/2022 10:00,984.042
12/15/2022 11:00,911.644
12/15/2022 12:00,783.236
12/15/2022 13:00,610.593
12/15/2022 14:00,412.36
12/15/2022 15:00,219.024
12/15/2022 16:00,65.565
12/15/2022 17:00,5.401
12/15/2022 18:00,0
12/15/2022 19:00,0
12/15/2022 20:00,0
12/15/2022 21:00,0
12/15/2022 22:00,0
12/15/2022 23:00,0
12/16/2022 0:00,0
12/16/2022 1:00,0
12/16/2022 2:00,0.001
12/16/2022 3:00,26.469
12/16/2022 4:00,157.046
12/16/2022 5:00,339.802
12/16/2022 6:00,517.074
12/16/2022 7:00,670.134
12/16/2022 8:00,729.796
12/16/2022 9:00,726.307
12/16/2022 10:00,681.453
12/16/2022 11:00,600.503
12/16/2022 12:00,500.158
12/16/2022 13:00,374.76
12/16/2022 14:00,246.176
12/16/2022 15:00,134.495
12/16/2022 16:00,44.039
12/16/2022 17:00,4.105
12/16/2022 18:00,0
12/16/2022 19:00,0
12/16/2022 20:00,0
12/16/2022 21:00,0
12/16/2022 22:00,0
12/16/2022 23:00,0
12/17/2022 0:00,0
12/17/2022 1:00,0
12/17/2022 2:00,0.001
12/17/2022 3:00,22.544
12/17/2022 4:00,153.222
12/17/2022 5:00,346.146
12/17/2022 6:00,533.396
12/17/2022 7:00,668.418
12/17/2022 8:00,747.537
12/17/2022 9:00,760.801
12/17/2022 10:00,729.342
12/17/2022 11:00,665.291
12/17/2022 12:00,595.19
12/17/2022 13:00,499.687
12/17/2022 14:00,359.367
12/17/2022 15:00,205.639
12/17/2022 16:00,61.615
12/17/2022 17:00,5.34
12/17/2022 18:00,0
12/17/2022 19:00,0
12/17/2022 20:00,0
12/17/2022 21:00,0
12/17/2022 22:00,0
12/17/2022 23:00,0
12/18/2022 0:00,0
12/18/2022 1:00,0
12/18/2022 2:00,0.002
12/18/2022 3:00,30.561
12/18/2022 4:00,183.05
12/18/2022 5:00,381.789
12/18/2022 6:00,591.515
12/18/2022 7:00,772.083
12/18/2022 8:00,906.994
12/18/2022 9:00,963.068
12/18/2022 10:00,959.854
12/18/2022 11:00,898.754
12/18/2022 12:00,779.524
12/18/2022 13:00,624.82
12/18/2022 14:00,433.296
12/18/2022 15:00,235.989
12/18/2022 16:00,68.785
12/18/2022 17:00,5.34
12/18/2022 18:00,0
12/18/2022 19:00,0
12/18/2022 20:00,0
12/18/2022 21:00,0
12/18/2022 22:00,0
12/18/2022 23:00,0
12/19/2022 0:00,0
12/19/2022 1:00,0
12/19/2022 2:00,0.002
12/19/2022 3:00,29.476
12/19/2022 4:00,173.189
12/19/2022 5:00,385.483
12/19/2022 6:00,600.644
12/19/2022 7:00,788.63
12/19/2022 8:00,922.788
12/19/2022 9:00,987.13
12/19/2022 10:00,985.077
12/19/2022 11:00,919.285
12/19/2022 12:00,811.445
12/19/2022 13:00,646.478
12/19/2022 14:00,446.237
12/19/2022 15:00,237.658
12/19/2022 16:00,67.977
12/19/2022 17:00,3.767
12/19/2022 18:00,0
12/19/2022 19:00,0
12/19/2022 20:00,0
12/19/2022 21:00,0
12/19/2022 22:00,0
12/19/2022 23:00,0
12/20/2022 0:00,0
12/20/2022 1:00,0
12/20/2022 2:00,0.001
12/20/2022 3:00,26.687
12/20/2022 4:00,172.645
12/20/2022 5:00,377.312
12/20/2022 6:00,587.106
12/20/2022 7:00,764.719
12/20/2022 8:00,902.767
12/20/2022 9:00,976.014
12/20/2022 10:00,987.668
12/20/2022 11:00,923.389
12/20/2022 12:00,811.96
12/20/2022 13:00,651.062
12/20/2022 14:00,461.273
12/20/2022 15:00,251.945
12/20/2022 16:00,77.157
12/20/2022 17:00,5.993
12/20/2022 18:00,0
12/20/2022 19:00,0
12/20/2022 20:00,0
12/20/2022 21:00,0
12/20/2022 22:00,0
12/20/2022 23:00,0
12/21/2022 0:00,0
12/21/2022 1:00,0
12/21/2022 2:00,0.002
12/21/2022 3:00,27.425
12/21/2022 4:00,166.494
12/21/2022 5:00,360.615
12/21/2022 6:00,570.441
12/21/2022 7:00,758.531
12/21/2022 8:00,901.542
12/21/2022 9:00,964.91
12/21/2022 10:00,952.513
12/21/2022 11:00,915.756
12/21/2022 12:00,803.916
12/21/2022 13:00,644.52
12/21/2022 14:00,458.726
12/21/2022 15:00,250.741
12/21/2022 16:00,76.96
12/21/2022 17:00,6.523
12/21/2022 18:00,0
12/21/2022 19:00,0
12/21/2022 20:00,0
12/21/2022 21:00,0
12/21/2022 22:00,0
12/21/2022 23:00,0
12/22/2022 0:00,0
12/22/2022 1:00,0
12/22/2022 2:00,0.002
12/22/2022 3:00,31.722
12/22/2022 4:00,194.671
12/22/2022 5:00,426.403
12/22/2022 6:00,654.979
12/22/2022 7:00,863.082
12/22/2022 8:00,1017.348
12/22/2022 9:00,1100.005
12/22/2022 10:00,1109.613
12/22/2022 11:00,1045.367
12/22/2022 12:00,915.578
12/22/2022 13:00,735.439
12/22/2022 14:00,520.873
12/22/2022 15:00,295.503
12/22/2022 16:00,85.174
12/22/2022 17:00,5.664
12/22/2022 18:00,0
12/22/2022 19:00,0
12/22/2022 20:00,0
12/22/2022 21:00,0
12/22/2022 22:00,0
12/22/2022 23:00,0
12/23/2022 0:00,0
12/23/2022 1:00,0
12/23/2022 2:00,0.003
12/23/2022 3:00,39.276
12/23/2022 4:00,218.561
12/23/2022 5:00,453.608
12/23/2022 6:00,675.268
12/23/2022 7:00,847.812
12/23/2022 8:00,984.66
12/23/2022 9:00,1054.586
12/23/2022 10:00,1034.569
12/23/2022 11:00,951.51
12/23/2022 12:00,831.308
12/23/2022 13:00,688.282
12/23/2022 14:00,494.32
12/23/2022 15:00,270.066
12/23/2022 16:00,70.499
12/23/2022 17:00,3.154
12/23/2022 18:00,0
12/23/2022 19:00,0
12/23/2022 20:00,0
12/23/2022 21:00,0
12/23/2022 22:00,0
12/23/2022 23:00,0
12/24/2022 0:00,0
12/24/2022 1:00,0
12/24/2022 2:00,0.003
12/24/2022 3:00,35.123
12/24/2022 4:00,205.565
12/24/2022 5:00,425.632
12/24/2022 6:00,639.395
12/24/2022 7:00,815.69
12/24/2022 8:00,936.178
12/24/2022 9:00,989.51
12/24/2022 10:00,980.018
12/24/2022 11:00,916.239
12/24/2022 12:00,805.982
12/24/2022 13:00,648.28
12/24/2022 14:00,449.472
12/24/2022 15:00,238.303
12/24/2022 16:00,60.449
12/24/2022 17:00,2.663
12/24/2022 18:00,0
12/24/2022 19:00,0
12/24/2022 20:00,0
12/24/2022 21:00,0
12/24/2022 22:00,0
12/24/2022 23:00,0
12/25/2022 0:00,0
12/25/2022 1:00,0
12/25/2022 2:00,0.002
12/25/2022 3:00,29.025
12/25/2022 4:00,170.805
12/25/2022 5:00,363.945
12/25/2022 6:00,558.365
12/25/2022 7:00,724.559
12/25/2022 8:00,852.851
12/25/2022 9:00,915.99
12/25/2022 10:00,927.975
12/25/2022 11:00,874.533
12/25/2022 12:00,762.831
12/25/2022 13:00,596.314
12/25/2022 14:00,412.274
12/25/2022 15:00,226.199
12/25/2022 16:00,69.931
12/25/2022 17:00,6.563
12/25/2022 18:00,0
12/25/2022 19:00,0
12/25/2022 20:00,0
12/25/2022 21:00,0
12/25/2022 22:00,0
12/25/2022 23:00,0
12/26/2022 0:00,0
12/26/2022 1:00,0
12/26/2022 2:00,0.001
12/26/2022 3:00,25.258
12/26/2022 4:00,163.903
12/26/2022 5:00,364.647
12/26/2022 6:00,577.899
12/26/2022 7:00,761.849
12/26/2022 8:00,888.585
12/26/2022 9:00,955.85
12/26/2022 10:00,935.422
12/26/2022 11:00,863.193
12/26/2022 12:00,725.156
12/26/2022 13:00,575.793
12/26/2022 14:00,403.747
12/26/2022 15:00,227.167
12/26/2022 16:00,74.312
12/26/2022 17:00,6.749
12/26/2022 18:00,0
12/26/2022 19:00,0
12/26/2022 20:00,0
12/26/2022 21:00,0
12/26/2022 22:00,0
12/26/2022 23:00,0
12/27/2022 0:00,0
12/27/2022 1:00,0
12/27/2022 2:00,0.002
12/27/2022 3:00,30.961
12/27/2022 4:00,186.453
12/27/2022 5:00,411.185
12/27/2022 6:00,646.963
12/27/2022 7:00,844.515
12/27/2022 8:00,987.003
12/27/2022 9:00,1064.2
12/27/2022 10:00,1075.872
12/27/2022 11:00,1016.58
12/27/2022 12:00,889.708
12/27/2022 13:00,711.602
12/27/2022 14:00,499.137
12/27/2022 15:00,270.848
12/27/2022 16:00,80.266
12/27/2022 17:00,6.124
12/27/2022 18:00,0
12/27/2022 19:00,0
12/27/2022 20:00,0
12/27/2022 21:00,0
12/27/2022 22:00,0
12/27/2022 23:00,0
12/28/2022 0:00,0
12/28/2022 1:00,0
12/28/2022 2:00,0.002
12/28/2022 3:00,35.756
12/28/2022 4:00,209.013
12/28/2022 5:00,439.863
12/28/2022 6:00,662.901
12/28/2022 7:00,848.502
12/28/2022 8:00,974.522
12/28/2022 9:00,1027.157
12/28/2022 10:00,994.489
12/28/2022 11:00,879.842
12/28/2022 12:00,721.916
12/28/2022 13:00,523.544
12/28/2022 14:00,335.856
12/28/2022 15:00,174.67
12/28/2022 16:00,56.013
12/28/2022 17:00,6.081
12/28/2022 18:00,0
12/28/2022 19:00,0
12/28/2022 20:00,0
12/28/2022 21:00,0
12/28/2022 22:00,0
12/28/2022 23:00,0
12/29/2022 0:00,0
12/29/2022 1:00,0
12/29/2022 2:00,0.001
12/29/2022 3:00,25.979
12/29/2022 4:00,167.311
12/29/2022 5:00,361.189
12/29/2022 6:00,547.887
12/29/2022 7:00,699.137
12/29/2022 8:00,796.523
12/29/2022 9:00,828.17
12/29/2022 10:00,801.477
12/29/2022 11:00,725.733
12/29/2022 12:00,622.74
12/29/2022 13:00,479.013
12/29/2022 14:00,327.677
12/29/2022 15:00,188.569
12/29/2022 16:00,63.43
12/29/2022 17:00,6.352
12/29/2022 18:00,0
12/29/2022 19:00,0
12/29/2022 20:00,0
12/29/2022 21:00,0
12/29/2022 22:00,0
12/29/2022 23:00,0
12/30/2022 0:00,0
12/30/2022 1:00,0
12/30/2022 2:00,0.001
12/30/2022 3:00,21.284
12/30/2022 4:00,147.548
12/30/2022 5:00,336.748
12/30/2022 6:00,532.174
12/30/2022 7:00,691.51
12/30/2022 8:00,799.64
12/30/2022 9:00,842.638
12/30/2022 10:00,801.54
12/30/2022 11:00,699.477
12/30/2022 12:00,582.8
12/30/2022 13:00,438.815
12/30/2022 14:00,299.866
12/30/2022 15:00,169.611
12/30/2022 16:00,58.389
12/30/2022 17:00,6.374
12/30/2022 18:00,0
12/30/2022 19:00,0
12/30/2022 20:00,0
12/30/2022 21:00,0
12/30/2022 22:00,0
12/30/2022 23:00,0
12/31/2022 0:00,0
12/31/2022 1:00,0
12/31/2022 2:00,0.001
12/31/2022 3:00,25.694
12/31/2022 4:00,156.233
12/31/2022 5:00,344.585
12/31/2022 6:00,538.576
12/31/2022 7:00,707.354
12/31/2022 8:00,845.962
12/31/2022 9:00,908.823
12/31/2022 10:00,914.102
12/31/2022 11:00,870.215
12/31/2022 12:00,755.797
12/31/2022 13:00,581.348
12/31/2022 14:00,388.768
12/31/2022 15:00,210.122
12/31/2022 16:00,62.102
12/31/2022 17:00,4.831
12/31/2022 18:00,0
12/31/2022 19:00,0
12/31/2022 20:00,0
12/31/2022 21:00,0
12/31/2022 22:00,0
12/31/2022 23:00,0
