# Renewables.ninja Weather (hourly 1980-2022)  -  Spain  -  renewables_ninja_country_ES_irradiance-surface_merra-2_pop-wtd.csv  -  Version 1.4,
# License: https://creativecommons.org/licenses/by-nc/4.0/  -  Reference: https://doi.org/10.1038/s41560-023-01341-5,
# Units: time in UTC; other columns are the irradiance at ground level in W/m^2 (SWGDN in MERRA-2) weighted by population; column names signify country ISO2 code or GADM level1 code.,
,
1/1/2022 0:00,0
1/1/2022 1:00,0
1/1/2022 2:00,0
1/1/2022 3:00,0
1/1/2022 4:00,0
1/1/2022 5:00,0
1/1/2022 6:00,0
1/1/2022 7:00,11.376
1/1/2022 8:00,122.232
1/1/2022 9:00,270.267
1/1/2022 10:00,389.202
1/1/2022 11:00,457.909
1/1/2022 12:00,470.142
1/1/2022 13:00,424.678
1/1/2022 14:00,326.235
1/1/2022 15:00,187.358
1/1/2022 16:00,49.527
1/1/2022 17:00,5.253
1/1/2022 18:00,0.08
1/1/2022 19:00,0
1/1/2022 20:00,0
1/1/2022 21:00,0
1/1/2022 22:00,0
1/1/2022 23:00,0
1/2/2022 0:00,0
1/2/2022 1:00,0
1/2/2022 2:00,0
1/2/2022 3:00,0
1/2/2022 4:00,0
1/2/2022 5:00,0
1/2/2022 6:00,0
1/2/2022 7:00,10.679
1/2/2022 8:00,102.273
1/2/2022 9:00,229.864
1/2/2022 10:00,340.11
1/2/2022 11:00,409.495
1/2/2022 12:00,424.115
1/2/2022 13:00,386.563
1/2/2022 14:00,298.185
1/2/2022 15:00,167.893
1/2/2022 16:00,46.023
1/2/2022 17:00,5.369
1/2/2022 18:00,0.087
1/2/2022 19:00,0
1/2/2022 20:00,0
1/2/2022 21:00,0
1/2/2022 22:00,0
1/2/2022 23:00,0
1/3/2022 0:00,0
1/3/2022 1:00,0
1/3/2022 2:00,0
1/3/2022 3:00,0
1/3/2022 4:00,0
1/3/2022 5:00,0
1/3/2022 6:00,0
1/3/2022 7:00,10.311
1/3/2022 8:00,102.873
1/3/2022 9:00,235.494
1/3/2022 10:00,350.039
1/3/2022 11:00,423.596
1/3/2022 12:00,447.654
1/3/2022 13:00,409.961
1/3/2022 14:00,316.759
1/3/2022 15:00,182.396
1/3/2022 16:00,49.524
1/3/2022 17:00,5.296
1/3/2022 18:00,0.088
1/3/2022 19:00,0
1/3/2022 20:00,0
1/3/2022 21:00,0
1/3/2022 22:00,0
1/3/2022 23:00,0
1/4/2022 0:00,0
1/4/2022 1:00,0
1/4/2022 2:00,0
1/4/2022 3:00,0
1/4/2022 4:00,0
1/4/2022 5:00,0
1/4/2022 6:00,0
1/4/2022 7:00,10.311
1/4/2022 8:00,96.881
1/4/2022 9:00,215.251
1/4/2022 10:00,318.321
1/4/2022 11:00,394.117
1/4/2022 12:00,397.286
1/4/2022 13:00,357.271
1/4/2022 14:00,262.398
1/4/2022 15:00,138.534
1/4/2022 16:00,39.756
1/4/2022 17:00,5.395
1/4/2022 18:00,0.095
1/4/2022 19:00,0
1/4/2022 20:00,0
1/4/2022 21:00,0
1/4/2022 22:00,0
1/4/2022 23:00,0
1/5/2022 0:00,0
1/5/2022 1:00,0
1/5/2022 2:00,0
1/5/2022 3:00,0
1/5/2022 4:00,0
1/5/2022 5:00,0
1/5/2022 6:00,0
1/5/2022 7:00,8.977
1/5/2022 8:00,94.588
1/5/2022 9:00,216.231
1/5/2022 10:00,325.391
1/5/2022 11:00,393.453
1/5/2022 12:00,403.606
1/5/2022 13:00,342.647
1/5/2022 14:00,253.117
1/5/2022 15:00,148.387
1/5/2022 16:00,40.22
1/5/2022 17:00,4.823
1/5/2022 18:00,0.069
1/5/2022 19:00,0
1/5/2022 20:00,0
1/5/2022 21:00,0
1/5/2022 22:00,0
1/5/2022 23:00,0
1/6/2022 0:00,0
1/6/2022 1:00,0
1/6/2022 2:00,0
1/6/2022 3:00,0
1/6/2022 4:00,0
1/6/2022 5:00,0
1/6/2022 6:00,0
1/6/2022 7:00,13.286
1/6/2022 8:00,123.004
1/6/2022 9:00,270.376
1/6/2022 10:00,387.438
1/6/2022 11:00,455.649
1/6/2022 12:00,465.489
1/6/2022 13:00,418.447
1/6/2022 14:00,319.899
1/6/2022 15:00,185.246
1/6/2022 16:00,50.64
1/6/2022 17:00,4.713
1/6/2022 18:00,0.081
1/6/2022 19:00,0
1/6/2022 20:00,0
1/6/2022 21:00,0
1/6/2022 22:00,0
1/6/2022 23:00,0
1/7/2022 0:00,0
1/7/2022 1:00,0
1/7/2022 2:00,0
1/7/2022 3:00,0
1/7/2022 4:00,0
1/7/2022 5:00,0
1/7/2022 6:00,0
1/7/2022 7:00,13.589
1/7/2022 8:00,119.59
1/7/2022 9:00,256.674
1/7/2022 10:00,374.85
1/7/2022 11:00,446.103
1/7/2022 12:00,465.132
1/7/2022 13:00,419.811
1/7/2022 14:00,322.91
1/7/2022 15:00,185.485
1/7/2022 16:00,48.194
1/7/2022 17:00,3.3
1/7/2022 18:00,0.056
1/7/2022 19:00,0
1/7/2022 20:00,0
1/7/2022 21:00,0
1/7/2022 22:00,0
1/7/2022 23:00,0
1/8/2022 0:00,0
1/8/2022 1:00,0
1/8/2022 2:00,0
1/8/2022 3:00,0
1/8/2022 4:00,0
1/8/2022 5:00,0
1/8/2022 6:00,0
1/8/2022 7:00,12.877
1/8/2022 8:00,116.851
1/8/2022 9:00,261.548
1/8/2022 10:00,372.485
1/8/2022 11:00,438.819
1/8/2022 12:00,440.432
1/8/2022 13:00,398.174
1/8/2022 14:00,306.655
1/8/2022 15:00,175.378
1/8/2022 16:00,48.25
1/8/2022 17:00,4.521
1/8/2022 18:00,0.085
1/8/2022 19:00,0
1/8/2022 20:00,0
1/8/2022 21:00,0
1/8/2022 22:00,0
1/8/2022 23:00,0
1/9/2022 0:00,0
1/9/2022 1:00,0
1/9/2022 2:00,0
1/9/2022 3:00,0
1/9/2022 4:00,0
1/9/2022 5:00,0
1/9/2022 6:00,0
1/9/2022 7:00,10.365
1/9/2022 8:00,88.294
1/9/2022 9:00,198.035
1/9/2022 10:00,289.156
1/9/2022 11:00,360.897
1/9/2022 12:00,398.15
1/9/2022 13:00,370.266
1/9/2022 14:00,286.243
1/9/2022 15:00,163.269
1/9/2022 16:00,45.274
1/9/2022 17:00,3.808
1/9/2022 18:00,0.073
1/9/2022 19:00,0
1/9/2022 20:00,0
1/9/2022 21:00,0
1/9/2022 22:00,0
1/9/2022 23:00,0
1/10/2022 0:00,0
1/10/2022 1:00,0
1/10/2022 2:00,0
1/10/2022 3:00,0
1/10/2022 4:00,0
1/10/2022 5:00,0
1/10/2022 6:00,0
1/10/2022 7:00,11.395
1/10/2022 8:00,96.504
1/10/2022 9:00,213.232
1/10/2022 10:00,319.521
1/10/2022 11:00,388.69
1/10/2022 12:00,407.199
1/10/2022 13:00,379.144
1/10/2022 14:00,295.122
1/10/2022 15:00,173.911
1/10/2022 16:00,48.591
1/10/2022 17:00,4.309
1/10/2022 18:00,0.094
1/10/2022 19:00,0
1/10/2022 20:00,0
1/10/2022 21:00,0
1/10/2022 22:00,0
1/10/2022 23:00,0
1/11/2022 0:00,0
1/11/2022 1:00,0
1/11/2022 2:00,0
1/11/2022 3:00,0
1/11/2022 4:00,0
1/11/2022 5:00,0
1/11/2022 6:00,0
1/11/2022 7:00,13.216
1/11/2022 8:00,105.684
1/11/2022 9:00,241.377
1/11/2022 10:00,353.254
1/11/2022 11:00,423.186
1/11/2022 12:00,442.726
1/11/2022 13:00,404.18
1/11/2022 14:00,315.531
1/11/2022 15:00,186.836
1/11/2022 16:00,53.773
1/11/2022 17:00,5.616
1/11/2022 18:00,0.124
1/11/2022 19:00,0
1/11/2022 20:00,0
1/11/2022 21:00,0
1/11/2022 22:00,0
1/11/2022 23:00,0
1/12/2022 0:00,0
1/12/2022 1:00,0
1/12/2022 2:00,0
1/12/2022 3:00,0
1/12/2022 4:00,0
1/12/2022 5:00,0
1/12/2022 6:00,0
1/12/2022 7:00,14.413
1/12/2022 8:00,126.761
1/12/2022 9:00,276.675
1/12/2022 10:00,402.555
1/12/2022 11:00,476.486
1/12/2022 12:00,493.605
1/12/2022 13:00,450.051
1/12/2022 14:00,351.441
1/12/2022 15:00,208.751
1/12/2022 16:00,60.526
1/12/2022 17:00,5.717
1/12/2022 18:00,0.133
1/12/2022 19:00,0
1/12/2022 20:00,0
1/12/2022 21:00,0
1/12/2022 22:00,0
1/12/2022 23:00,0
1/13/2022 0:00,0
1/13/2022 1:00,0
1/13/2022 2:00,0
1/13/2022 3:00,0
1/13/2022 4:00,0
1/13/2022 5:00,0
1/13/2022 6:00,0
1/13/2022 7:00,14.231
1/13/2022 8:00,115.791
1/13/2022 9:00,255.744
1/13/2022 10:00,384.912
1/13/2022 11:00,468.99
1/13/2022 12:00,500.287
1/13/2022 13:00,457.228
1/13/2022 14:00,357.277
1/13/2022 15:00,213.69
1/13/2022 16:00,62.773
1/13/2022 17:00,5.996
1/13/2022 18:00,0.15
1/13/2022 19:00,0
1/13/2022 20:00,0
1/13/2022 21:00,0
1/13/2022 22:00,0
1/13/2022 23:00,0
1/14/2022 0:00,0
1/14/2022 1:00,0
1/14/2022 2:00,0
1/14/2022 3:00,0
1/14/2022 4:00,0
1/14/2022 5:00,0
1/14/2022 6:00,0
1/14/2022 7:00,15.912
1/14/2022 8:00,130.221
1/14/2022 9:00,280.512
1/14/2022 10:00,403.999
1/14/2022 11:00,479.441
1/14/2022 12:00,494.28
1/14/2022 13:00,448.303
1/14/2022 14:00,349.354
1/14/2022 15:00,208.224
1/14/2022 16:00,59.549
1/14/2022 17:00,4.303
1/14/2022 18:00,0.116
1/14/2022 19:00,0
1/14/2022 20:00,0
1/14/2022 21:00,0
1/14/2022 22:00,0
1/14/2022 23:00,0
1/15/2022 0:00,0
1/15/2022 1:00,0
1/15/2022 2:00,0
1/15/2022 3:00,0
1/15/2022 4:00,0
1/15/2022 5:00,0
1/15/2022 6:00,0
1/15/2022 7:00,17.692
1/15/2022 8:00,134.287
1/15/2022 9:00,284.873
1/15/2022 10:00,413.845
1/15/2022 11:00,488.216
1/15/2022 12:00,500.508
1/15/2022 13:00,453.546
1/15/2022 14:00,353.041
1/15/2022 15:00,209.389
1/15/2022 16:00,59.99
1/15/2022 17:00,3.993
1/15/2022 18:00,0.102
1/15/2022 19:00,0
1/15/2022 20:00,0
1/15/2022 21:00,0
1/15/2022 22:00,0
1/15/2022 23:00,0
1/16/2022 0:00,0
1/16/2022 1:00,0
1/16/2022 2:00,0
1/16/2022 3:00,0
1/16/2022 4:00,0
1/16/2022 5:00,0
1/16/2022 6:00,0
1/16/2022 7:00,20.348
1/16/2022 8:00,145.912
1/16/2022 9:00,295.268
1/16/2022 10:00,413.167
1/16/2022 11:00,481.226
1/16/2022 12:00,491.542
1/16/2022 13:00,443.622
1/16/2022 14:00,341.759
1/16/2022 15:00,196.756
1/16/2022 16:00,53.122
1/16/2022 17:00,2.469
1/16/2022 18:00,0.081
1/16/2022 19:00,0
1/16/2022 20:00,0
1/16/2022 21:00,0
1/16/2022 22:00,0
1/16/2022 23:00,0
1/17/2022 0:00,0
1/17/2022 1:00,0
1/17/2022 2:00,0
1/17/2022 3:00,0
1/17/2022 4:00,0
1/17/2022 5:00,0
1/17/2022 6:00,0
1/17/2022 7:00,20.965
1/17/2022 8:00,148.528
1/17/2022 9:00,300.746
1/17/2022 10:00,422.344
1/17/2022 11:00,490.134
1/17/2022 12:00,499.348
1/17/2022 13:00,449.122
1/17/2022 14:00,348.17
1/17/2022 15:00,209.004
1/17/2022 16:00,61.238
1/17/2022 17:00,2.983
1/17/2022 18:00,0.093
1/17/2022 19:00,0
1/17/2022 20:00,0
1/17/2022 21:00,0
1/17/2022 22:00,0
1/17/2022 23:00,0
1/18/2022 0:00,0
1/18/2022 1:00,0
1/18/2022 2:00,0
1/18/2022 3:00,0
1/18/2022 4:00,0
1/18/2022 5:00,0
1/18/2022 6:00,0
1/18/2022 7:00,21.964
1/18/2022 8:00,148.072
1/18/2022 9:00,299.207
1/18/2022 10:00,417.985
1/18/2022 11:00,488.298
1/18/2022 12:00,501.51
1/18/2022 13:00,455.931
1/18/2022 14:00,356.326
1/18/2022 15:00,214.489
1/18/2022 16:00,64.601
1/18/2022 17:00,4.905
1/18/2022 18:00,0.151
1/18/2022 19:00,0
1/18/2022 20:00,0
1/18/2022 21:00,0
1/18/2022 22:00,0
1/18/2022 23:00,0
1/19/2022 0:00,0
1/19/2022 1:00,0
1/19/2022 2:00,0
1/19/2022 3:00,0
1/19/2022 4:00,0
1/19/2022 5:00,0
1/19/2022 6:00,0
1/19/2022 7:00,21.904
1/19/2022 8:00,145.681
1/19/2022 9:00,292.075
1/19/2022 10:00,412.509
1/19/2022 11:00,480.141
1/19/2022 12:00,491.278
1/19/2022 13:00,445.659
1/19/2022 14:00,346.047
1/19/2022 15:00,207.409
1/19/2022 16:00,62.715
1/19/2022 17:00,3.836
1/19/2022 18:00,0.136
1/19/2022 19:00,0
1/19/2022 20:00,0
1/19/2022 21:00,0
1/19/2022 22:00,0
1/19/2022 23:00,0
1/20/2022 0:00,0
1/20/2022 1:00,0
1/20/2022 2:00,0
1/20/2022 3:00,0
1/20/2022 4:00,0
1/20/2022 5:00,0
1/20/2022 6:00,0
1/20/2022 7:00,19.812
1/20/2022 8:00,132.489
1/20/2022 9:00,276.15
1/20/2022 10:00,395.413
1/20/2022 11:00,473.163
1/20/2022 12:00,495.107
1/20/2022 13:00,456.306
1/20/2022 14:00,359.425
1/20/2022 15:00,218.298
1/20/2022 16:00,69.189
1/20/2022 17:00,5.471
1/20/2022 18:00,0.168
1/20/2022 19:00,0
1/20/2022 20:00,0
1/20/2022 21:00,0
1/20/2022 22:00,0
1/20/2022 23:00,0
1/21/2022 0:00,0
1/21/2022 1:00,0
1/21/2022 2:00,0
1/21/2022 3:00,0
1/21/2022 4:00,0
1/21/2022 5:00,0
1/21/2022 6:00,0.001
1/21/2022 7:00,20.959
1/21/2022 8:00,137.999
1/21/2022 9:00,287.312
1/21/2022 10:00,406.312
1/21/2022 11:00,484.086
1/21/2022 12:00,502.142
1/21/2022 13:00,459.961
1/21/2022 14:00,363.711
1/21/2022 15:00,226.132
1/21/2022 16:00,74.432
1/21/2022 17:00,5.926
1/21/2022 18:00,0.225
1/21/2022 19:00,0
1/21/2022 20:00,0
1/21/2022 21:00,0
1/21/2022 22:00,0
1/21/2022 23:00,0
1/22/2022 0:00,0
1/22/2022 1:00,0
1/22/2022 2:00,0
1/22/2022 3:00,0
1/22/2022 4:00,0
1/22/2022 5:00,0
1/22/2022 6:00,0.002
1/22/2022 7:00,19.181
1/22/2022 8:00,126.982
1/22/2022 9:00,267.388
1/22/2022 10:00,394.407
1/22/2022 11:00,475.781
1/22/2022 12:00,496.564
1/22/2022 13:00,456.725
1/22/2022 14:00,360.502
1/22/2022 15:00,220.772
1/22/2022 16:00,71.416
1/22/2022 17:00,6.746
1/22/2022 18:00,0.256
1/22/2022 19:00,0
1/22/2022 20:00,0
1/22/2022 21:00,0
1/22/2022 22:00,0
1/22/2022 23:00,0
1/23/2022 0:00,0
1/23/2022 1:00,0
1/23/2022 2:00,0
1/23/2022 3:00,0
1/23/2022 4:00,0
1/23/2022 5:00,0
1/23/2022 6:00,0.002
1/23/2022 7:00,19.68
1/23/2022 8:00,122.611
1/23/2022 9:00,256.99
1/23/2022 10:00,377.218
1/23/2022 11:00,466.839
1/23/2022 12:00,489.092
1/23/2022 13:00,450.41
1/23/2022 14:00,353.306
1/23/2022 15:00,215.619
1/23/2022 16:00,69.069
1/23/2022 17:00,5.957
1/23/2022 18:00,0.253
1/23/2022 19:00,0
1/23/2022 20:00,0
1/23/2022 21:00,0
1/23/2022 22:00,0
1/23/2022 23:00,0
1/24/2022 0:00,0
1/24/2022 1:00,0
1/24/2022 2:00,0
1/24/2022 3:00,0
1/24/2022 4:00,0
1/24/2022 5:00,0
1/24/2022 6:00,0.004
1/24/2022 7:00,21.135
1/24/2022 8:00,123.848
1/24/2022 9:00,256.443
1/24/2022 10:00,381.206
1/24/2022 11:00,459.848
1/24/2022 12:00,484.838
1/24/2022 13:00,447.083
1/24/2022 14:00,353.929
1/24/2022 15:00,214.658
1/24/2022 16:00,71.035
1/24/2022 17:00,6.962
1/24/2022 18:00,0.289
1/24/2022 19:00,0
1/24/2022 20:00,0
1/24/2022 21:00,0
1/24/2022 22:00,0
1/24/2022 23:00,0
1/25/2022 0:00,0
1/25/2022 1:00,0
1/25/2022 2:00,0
1/25/2022 3:00,0
1/25/2022 4:00,0
1/25/2022 5:00,0
1/25/2022 6:00,0.006
1/25/2022 7:00,24.79
1/25/2022 8:00,144.297
1/25/2022 9:00,299.969
1/25/2022 10:00,429.924
1/25/2022 11:00,510.124
1/25/2022 12:00,523.946
1/25/2022 13:00,477.027
1/25/2022 14:00,377.104
1/25/2022 15:00,235.977
1/25/2022 16:00,79.716
1/25/2022 17:00,7.587
1/25/2022 18:00,0.309
1/25/2022 19:00,0
1/25/2022 20:00,0
1/25/2022 21:00,0
1/25/2022 22:00,0
1/25/2022 23:00,0
1/26/2022 0:00,0
1/26/2022 1:00,0
1/26/2022 2:00,0
1/26/2022 3:00,0
1/26/2022 4:00,0
1/26/2022 5:00,0
1/26/2022 6:00,0.009
1/26/2022 7:00,24.877
1/26/2022 8:00,139.59
1/26/2022 9:00,279.79
1/26/2022 10:00,402.25
1/26/2022 11:00,478.032
1/26/2022 12:00,499.778
1/26/2022 13:00,452.189
1/26/2022 14:00,351.161
1/26/2022 15:00,211.3
1/26/2022 16:00,71.342
1/26/2022 17:00,6.781
1/26/2022 18:00,0.275
1/26/2022 19:00,0
1/26/2022 20:00,0
1/26/2022 21:00,0
1/26/2022 22:00,0
1/26/2022 23:00,0
1/27/2022 0:00,0
1/27/2022 1:00,0
1/27/2022 2:00,0
1/27/2022 3:00,0
1/27/2022 4:00,0
1/27/2022 5:00,0
1/27/2022 6:00,0.012
1/27/2022 7:00,29.491
1/27/2022 8:00,158.384
1/27/2022 9:00,305.078
1/27/2022 10:00,423.603
1/27/2022 11:00,498.884
1/27/2022 12:00,515.5
1/27/2022 13:00,470.611
1/27/2022 14:00,372.959
1/27/2022 15:00,232.67
1/27/2022 16:00,80.054
1/27/2022 17:00,6.719
1/27/2022 18:00,0.273
1/27/2022 19:00,0
1/27/2022 20:00,0
1/27/2022 21:00,0
1/27/2022 22:00,0
1/27/2022 23:00,0
1/28/2022 0:00,0
1/28/2022 1:00,0
1/28/2022 2:00,0
1/28/2022 3:00,0
1/28/2022 4:00,0
1/28/2022 5:00,0
1/28/2022 6:00,0.017
1/28/2022 7:00,35.736
1/28/2022 8:00,182.648
1/28/2022 9:00,342.332
1/28/2022 10:00,466.332
1/28/2022 11:00,537.093
1/28/2022 12:00,546.752
1/28/2022 13:00,498.477
1/28/2022 14:00,395.543
1/28/2022 15:00,249.306
1/28/2022 16:00,88.755
1/28/2022 17:00,7.068
1/28/2022 18:00,0.291
1/28/2022 19:00,0
1/28/2022 20:00,0
1/28/2022 21:00,0
1/28/2022 22:00,0
1/28/2022 23:00,0
1/29/2022 0:00,0
1/29/2022 1:00,0
1/29/2022 2:00,0
1/29/2022 3:00,0
1/29/2022 4:00,0
1/29/2022 5:00,0
1/29/2022 6:00,0.024
1/29/2022 7:00,37.941
1/29/2022 8:00,186.135
1/29/2022 9:00,350.382
1/29/2022 10:00,476.792
1/29/2022 11:00,550.356
1/29/2022 12:00,560.678
1/29/2022 13:00,512.356
1/29/2022 14:00,405.705
1/29/2022 15:00,251.149
1/29/2022 16:00,87.767
1/29/2022 17:00,6.047
1/29/2022 18:00,0.255
1/29/2022 19:00,0
1/29/2022 20:00,0
1/29/2022 21:00,0
1/29/2022 22:00,0
1/29/2022 23:00,0
1/30/2022 0:00,0
1/30/2022 1:00,0
1/30/2022 2:00,0
1/30/2022 3:00,0
1/30/2022 4:00,0
1/30/2022 5:00,0
1/30/2022 6:00,0.034
1/30/2022 7:00,37.885
1/30/2022 8:00,178.908
1/30/2022 9:00,331.487
1/30/2022 10:00,454.063
1/30/2022 11:00,524.123
1/30/2022 12:00,539.056
1/30/2022 13:00,491.479
1/30/2022 14:00,388.25
1/30/2022 15:00,244.624
1/30/2022 16:00,84.266
1/30/2022 17:00,6.831
1/30/2022 18:00,0.305
1/30/2022 19:00,0
1/30/2022 20:00,0
1/30/2022 21:00,0
1/30/2022 22:00,0
1/30/2022 23:00,0
1/31/2022 0:00,0
1/31/2022 1:00,0
1/31/2022 2:00,0
1/31/2022 3:00,0
1/31/2022 4:00,0
1/31/2022 5:00,0
1/31/2022 6:00,0.046
1/31/2022 7:00,34.808
1/31/2022 8:00,168.181
1/31/2022 9:00,325.918
1/31/2022 10:00,449.966
1/31/2022 11:00,525.071
1/31/2022 12:00,551.388
1/31/2022 13:00,510.42
1/31/2022 14:00,410.98
1/31/2022 15:00,255.147
1/31/2022 16:00,92.744
1/31/2022 17:00,8.514
1/31/2022 18:00,0.372
1/31/2022 19:00,0
1/31/2022 20:00,0
1/31/2022 21:00,0
1/31/2022 22:00,0
1/31/2022 23:00,0
2/1/2022 0:00,0
2/1/2022 1:00,0
2/1/2022 2:00,0
2/1/2022 3:00,0
2/1/2022 4:00,0
2/1/2022 5:00,0
2/1/2022 6:00,0.066
2/1/2022 7:00,42.377
2/1/2022 8:00,187.274
2/1/2022 9:00,341.686
2/1/2022 10:00,462.259
2/1/2022 11:00,533.673
2/1/2022 12:00,546.551
2/1/2022 13:00,500.261
2/1/2022 14:00,400.121
2/1/2022 15:00,256.991
2/1/2022 16:00,96.154
2/1/2022 17:00,5.536
2/1/2022 18:00,0.151
2/1/2022 19:00,0
2/1/2022 20:00,0
2/1/2022 21:00,0
2/1/2022 22:00,0
2/1/2022 23:00,0
2/2/2022 0:00,0
2/2/2022 1:00,0
2/2/2022 2:00,0
2/2/2022 3:00,0
2/2/2022 4:00,0
2/2/2022 5:00,0
2/2/2022 6:00,0.102
2/2/2022 7:00,45.764
2/2/2022 8:00,196.061
2/2/2022 9:00,360.617
2/2/2022 10:00,493.979
2/2/2022 11:00,571.983
2/2/2022 12:00,585.71
2/2/2022 13:00,538.007
2/2/2022 14:00,430.886
2/2/2022 15:00,279.192
2/2/2022 16:00,108.74
2/2/2022 17:00,8.964
2/2/2022 18:00,0.352
2/2/2022 19:00,0
2/2/2022 20:00,0
2/2/2022 21:00,0
2/2/2022 22:00,0
2/2/2022 23:00,0
2/3/2022 0:00,0
2/3/2022 1:00,0
2/3/2022 2:00,0
2/3/2022 3:00,0
2/3/2022 4:00,0
2/3/2022 5:00,0
2/3/2022 6:00,0.143
2/3/2022 7:00,45.817
2/3/2022 8:00,189.685
2/3/2022 9:00,337.286
2/3/2022 10:00,444.004
2/3/2022 11:00,504.677
2/3/2022 12:00,512.975
2/3/2022 13:00,463.058
2/3/2022 14:00,359.357
2/3/2022 15:00,219.824
2/3/2022 16:00,80.807
2/3/2022 17:00,7.892
2/3/2022 18:00,0.365
2/3/2022 19:00,0
2/3/2022 20:00,0
2/3/2022 21:00,0
2/3/2022 22:00,0
2/3/2022 23:00,0
2/4/2022 0:00,0
2/4/2022 1:00,0
2/4/2022 2:00,0
2/4/2022 3:00,0
2/4/2022 4:00,0
2/4/2022 5:00,0
2/4/2022 6:00,0.154
2/4/2022 7:00,35.325
2/4/2022 8:00,141.391
2/4/2022 9:00,256.372
2/4/2022 10:00,354.187
2/4/2022 11:00,412.119
2/4/2022 12:00,411.579
2/4/2022 13:00,357.948
2/4/2022 14:00,260.925
2/4/2022 15:00,149.847
2/4/2022 16:00,57.323
2/4/2022 17:00,7.527
2/4/2022 18:00,0.411
2/4/2022 19:00,0
2/4/2022 20:00,0
2/4/2022 21:00,0
2/4/2022 22:00,0
2/4/2022 23:00,0
2/5/2022 0:00,0
2/5/2022 1:00,0
2/5/2022 2:00,0
2/5/2022 3:00,0
2/5/2022 4:00,0
2/5/2022 5:00,0
2/5/2022 6:00,0.14
2/5/2022 7:00,27.069
2/5/2022 8:00,125.814
2/5/2022 9:00,267.571
2/5/2022 10:00,379.115
2/5/2022 11:00,431.568
2/5/2022 12:00,444.447
2/5/2022 13:00,407.28
2/5/2022 14:00,327.686
2/5/2022 15:00,214.228
2/5/2022 16:00,91.619
2/5/2022 17:00,10.853
2/5/2022 18:00,0.489
2/5/2022 19:00,0
2/5/2022 20:00,0
2/5/2022 21:00,0
2/5/2022 22:00,0
2/5/2022 23:00,0
2/6/2022 0:00,0
2/6/2022 1:00,0
2/6/2022 2:00,0
2/6/2022 3:00,0
2/6/2022 4:00,0
2/6/2022 5:00,0
2/6/2022 6:00,0.184
2/6/2022 7:00,40.906
2/6/2022 8:00,175.496
2/6/2022 9:00,327.24
2/6/2022 10:00,453.662
2/6/2022 11:00,519.652
2/6/2022 12:00,540.072
2/6/2022 13:00,489.183
2/6/2022 14:00,395.792
2/6/2022 15:00,257.417
2/6/2022 16:00,105.66
2/6/2022 17:00,9.442
2/6/2022 18:00,0.36
2/6/2022 19:00,0
2/6/2022 20:00,0
2/6/2022 21:00,0
2/6/2022 22:00,0
2/6/2022 23:00,0
2/7/2022 0:00,0
2/7/2022 1:00,0
2/7/2022 2:00,0
2/7/2022 3:00,0
2/7/2022 4:00,0
2/7/2022 5:00,0
2/7/2022 6:00,0.382
2/7/2022 7:00,54.107
2/7/2022 8:00,205.28
2/7/2022 9:00,362.735
2/7/2022 10:00,486.132
2/7/2022 11:00,567.179
2/7/2022 12:00,591.878
2/7/2022 13:00,548.725
2/7/2022 14:00,445.432
2/7/2022 15:00,291.994
2/7/2022 16:00,120.721
2/7/2022 17:00,11.942
2/7/2022 18:00,0.497
2/7/2022 19:00,0
2/7/2022 20:00,0
2/7/2022 21:00,0
2/7/2022 22:00,0
2/7/2022 23:00,0
2/8/2022 0:00,0
2/8/2022 1:00,0
2/8/2022 2:00,0
2/8/2022 3:00,0
2/8/2022 4:00,0
2/8/2022 5:00,0
2/8/2022 6:00,0.495
2/8/2022 7:00,54.953
2/8/2022 8:00,213.498
2/8/2022 9:00,385.003
2/8/2022 10:00,516.746
2/8/2022 11:00,592.052
2/8/2022 12:00,607.462
2/8/2022 13:00,560.227
2/8/2022 14:00,455.284
2/8/2022 15:00,302.517
2/8/2022 16:00,126.293
2/8/2022 17:00,11.73
2/8/2022 18:00,0.382
2/8/2022 19:00,0
2/8/2022 20:00,0
2/8/2022 21:00,0
2/8/2022 22:00,0
2/8/2022 23:00,0
2/9/2022 0:00,0
2/9/2022 1:00,0
2/9/2022 2:00,0
2/9/2022 3:00,0
2/9/2022 4:00,0
2/9/2022 5:00,0
2/9/2022 6:00,0.383
2/9/2022 7:00,46.126
2/9/2022 8:00,177.644
2/9/2022 9:00,330.069
2/9/2022 10:00,480.052
2/9/2022 11:00,579.071
2/9/2022 12:00,600.261
2/9/2022 13:00,549.855
2/9/2022 14:00,442.32
2/9/2022 15:00,291.364
2/9/2022 16:00,120.81
2/9/2022 17:00,10.293
2/9/2022 18:00,0.366
2/9/2022 19:00,0
2/9/2022 20:00,0
2/9/2022 21:00,0
2/9/2022 22:00,0
2/9/2022 23:00,0
2/10/2022 0:00,0
2/10/2022 1:00,0
2/10/2022 2:00,0
2/10/2022 3:00,0
2/10/2022 4:00,0
2/10/2022 5:00,0
2/10/2022 6:00,0.705
2/10/2022 7:00,58.11
2/10/2022 8:00,204.635
2/10/2022 9:00,359.822
2/10/2022 10:00,479.221
2/10/2022 11:00,545.849
2/10/2022 12:00,558.824
2/10/2022 13:00,507.129
2/10/2022 14:00,404.668
2/10/2022 15:00,260.976
2/10/2022 16:00,106.333
2/10/2022 17:00,12.17
2/10/2022 18:00,0.619
2/10/2022 19:00,0
2/10/2022 20:00,0
2/10/2022 21:00,0
2/10/2022 22:00,0
2/10/2022 23:00,0
2/11/2022 0:00,0
2/11/2022 1:00,0
2/11/2022 2:00,0
2/11/2022 3:00,0
2/11/2022 4:00,0
2/11/2022 5:00,0
2/11/2022 6:00,0.636
2/11/2022 7:00,40.145
2/11/2022 8:00,158.172
2/11/2022 9:00,299.558
2/11/2022 10:00,421.211
2/11/2022 11:00,494.342
2/11/2022 12:00,512.691
2/11/2022 13:00,468.114
2/11/2022 14:00,373.84
2/11/2022 15:00,244.863
2/11/2022 16:00,104.526
2/11/2022 17:00,13.843
2/11/2022 18:00,0.759
2/11/2022 19:00,0
2/11/2022 20:00,0
2/11/2022 21:00,0
2/11/2022 22:00,0
2/11/2022 23:00,0
2/12/2022 0:00,0
2/12/2022 1:00,0
2/12/2022 2:00,0
2/12/2022 3:00,0
2/12/2022 4:00,0
2/12/2022 5:00,0
2/12/2022 6:00,0.655
2/12/2022 7:00,47.796
2/12/2022 8:00,173.889
2/12/2022 9:00,320.929
2/12/2022 10:00,434.915
2/12/2022 11:00,500.187
2/12/2022 12:00,496.515
2/12/2022 13:00,451.152
2/12/2022 14:00,355.864
2/12/2022 15:00,228.961
2/12/2022 16:00,102.714
2/12/2022 17:00,15.579
2/12/2022 18:00,0.872
2/12/2022 19:00,0
2/12/2022 20:00,0
2/12/2022 21:00,0
2/12/2022 22:00,0
2/12/2022 23:00,0
2/13/2022 0:00,0
2/13/2022 1:00,0
2/13/2022 2:00,0
2/13/2022 3:00,0
2/13/2022 4:00,0
2/13/2022 5:00,0
2/13/2022 6:00,0.698
2/13/2022 7:00,43.744
2/13/2022 8:00,155.262
2/13/2022 9:00,292.894
2/13/2022 10:00,414.042
2/13/2022 11:00,481.877
2/13/2022 12:00,492.682
2/13/2022 13:00,454.708
2/13/2022 14:00,368.859
2/13/2022 15:00,244.044
2/13/2022 16:00,106.217
2/13/2022 17:00,15.211
2/13/2022 18:00,0.939
2/13/2022 19:00,0
2/13/2022 20:00,0
2/13/2022 21:00,0
2/13/2022 22:00,0
2/13/2022 23:00,0
2/14/2022 0:00,0
2/14/2022 1:00,0
2/14/2022 2:00,0
2/14/2022 3:00,0
2/14/2022 4:00,0
2/14/2022 5:00,0
2/14/2022 6:00,1.053
2/14/2022 7:00,58.588
2/14/2022 8:00,194.355
2/14/2022 9:00,338.022
2/14/2022 10:00,461.231
2/14/2022 11:00,548.663
2/14/2022 12:00,562.708
2/14/2022 13:00,513.189
2/14/2022 14:00,410.717
2/14/2022 15:00,275.904
2/14/2022 16:00,127.271
2/14/2022 17:00,18.707
2/14/2022 18:00,0.842
2/14/2022 19:00,0
2/14/2022 20:00,0
2/14/2022 21:00,0
2/14/2022 22:00,0
2/14/2022 23:00,0
2/15/2022 0:00,0
2/15/2022 1:00,0
2/15/2022 2:00,0
2/15/2022 3:00,0
2/15/2022 4:00,0
2/15/2022 5:00,0
2/15/2022 6:00,1.724
2/15/2022 7:00,76.969
2/15/2022 8:00,240.427
2/15/2022 9:00,399.248
2/15/2022 10:00,525.673
2/15/2022 11:00,594.189
2/15/2022 12:00,597.022
2/15/2022 13:00,525.645
2/15/2022 14:00,415.441
2/15/2022 15:00,282.85
2/15/2022 16:00,126.288
2/15/2022 17:00,18.382
2/15/2022 18:00,0.956
2/15/2022 19:00,0
2/15/2022 20:00,0
2/15/2022 21:00,0
2/15/2022 22:00,0
2/15/2022 23:00,0
2/16/2022 0:00,0
2/16/2022 1:00,0
2/16/2022 2:00,0
2/16/2022 3:00,0
2/16/2022 4:00,0
2/16/2022 5:00,0
2/16/2022 6:00,1.104
2/16/2022 7:00,51.174
2/16/2022 8:00,171.674
2/16/2022 9:00,318.863
2/16/2022 10:00,459.38
2/16/2022 11:00,546.882
2/16/2022 12:00,568.668
2/16/2022 13:00,520.448
2/16/2022 14:00,426.419
2/16/2022 15:00,293.077
2/16/2022 16:00,134.831
2/16/2022 17:00,20.165
2/16/2022 18:00,1.174
2/16/2022 19:00,0
2/16/2022 20:00,0
2/16/2022 21:00,0
2/16/2022 22:00,0
2/16/2022 23:00,0
2/17/2022 0:00,0
2/17/2022 1:00,0
2/17/2022 2:00,0
2/17/2022 3:00,0
2/17/2022 4:00,0
2/17/2022 5:00,0
2/17/2022 6:00,2.318
2/17/2022 7:00,74.417
2/17/2022 8:00,226.713
2/17/2022 9:00,396.268
2/17/2022 10:00,532.176
2/17/2022 11:00,617.471
2/17/2022 12:00,637.495
2/17/2022 13:00,593.178
2/17/2022 14:00,488.365
2/17/2022 15:00,339.077
2/17/2022 16:00,161.65
2/17/2022 17:00,24.525
2/17/2022 18:00,1.204
2/17/2022 19:00,0
2/17/2022 20:00,0
2/17/2022 21:00,0
2/17/2022 22:00,0
2/17/2022 23:00,0
2/18/2022 0:00,0
2/18/2022 1:00,0
2/18/2022 2:00,0
2/18/2022 3:00,0
2/18/2022 4:00,0
2/18/2022 5:00,0
2/18/2022 6:00,2.811
2/18/2022 7:00,90.248
2/18/2022 8:00,258.108
2/18/2022 9:00,415.931
2/18/2022 10:00,537.346
2/18/2022 11:00,610.206
2/18/2022 12:00,618.725
2/18/2022 13:00,567.902
2/18/2022 14:00,462.973
2/18/2022 15:00,313.079
2/18/2022 16:00,142.435
2/18/2022 17:00,21.518
2/18/2022 18:00,1.282
2/18/2022 19:00,0
2/18/2022 20:00,0
2/18/2022 21:00,0
2/18/2022 22:00,0
2/18/2022 23:00,0
2/19/2022 0:00,0
2/19/2022 1:00,0
2/19/2022 2:00,0
2/19/2022 3:00,0
2/19/2022 4:00,0
2/19/2022 5:00,0
2/19/2022 6:00,1.263
2/19/2022 7:00,36.841
2/19/2022 8:00,124.984
2/19/2022 9:00,238.649
2/19/2022 10:00,344.214
2/19/2022 11:00,414.703
2/19/2022 12:00,442.292
2/19/2022 13:00,424.258
2/19/2022 14:00,365.417
2/19/2022 15:00,254.004
2/19/2022 16:00,125.272
2/19/2022 17:00,21.227
2/19/2022 18:00,0.802
2/19/2022 19:00,0
2/19/2022 20:00,0
2/19/2022 21:00,0
2/19/2022 22:00,0
2/19/2022 23:00,0
2/20/2022 0:00,0
2/20/2022 1:00,0
2/20/2022 2:00,0
2/20/2022 3:00,0
2/20/2022 4:00,0
2/20/2022 5:00,0
2/20/2022 6:00,3.12
2/20/2022 7:00,82.923
2/20/2022 8:00,238.61
2/20/2022 9:00,400.513
2/20/2022 10:00,536.935
2/20/2022 11:00,619.621
2/20/2022 12:00,636.72
2/20/2022 13:00,586.004
2/20/2022 14:00,483.429
2/20/2022 15:00,338.669
2/20/2022 16:00,166.625
2/20/2022 17:00,28.026
2/20/2022 18:00,1.341
2/20/2022 19:00,0
2/20/2022 20:00,0
2/20/2022 21:00,0
2/20/2022 22:00,0
2/20/2022 23:00,0
2/21/2022 0:00,0
2/21/2022 1:00,0
2/21/2022 2:00,0
2/21/2022 3:00,0
2/21/2022 4:00,0
2/21/2022 5:00,0
2/21/2022 6:00,3.916
2/21/2022 7:00,89.754
2/21/2022 8:00,261.386
2/21/2022 9:00,429.88
2/21/2022 10:00,563.028
2/21/2022 11:00,651.266
2/21/2022 12:00,672.547
2/21/2022 13:00,630.068
2/21/2022 14:00,524.506
2/21/2022 15:00,369.006
2/21/2022 16:00,184.288
2/21/2022 17:00,31.053
2/21/2022 18:00,1.275
2/21/2022 19:00,0
2/21/2022 20:00,0
2/21/2022 21:00,0
2/21/2022 22:00,0
2/21/2022 23:00,0
2/22/2022 0:00,0
2/22/2022 1:00,0
2/22/2022 2:00,0
2/22/2022 3:00,0
2/22/2022 4:00,0
2/22/2022 5:00,0
2/22/2022 6:00,4.946
2/22/2022 7:00,111.044
2/22/2022 8:00,300.677
2/22/2022 9:00,475.177
2/22/2022 10:00,606.718
2/22/2022 11:00,682.422
2/22/2022 12:00,696.046
2/22/2022 13:00,645.809
2/22/2022 14:00,538.455
2/22/2022 15:00,381.39
2/22/2022 16:00,193.829
2/22/2022 17:00,34.894
2/22/2022 18:00,1.562
2/22/2022 19:00,0
2/22/2022 20:00,0
2/22/2022 21:00,0
2/22/2022 22:00,0
2/22/2022 23:00,0
2/23/2022 0:00,0
2/23/2022 1:00,0
2/23/2022 2:00,0
2/23/2022 3:00,0
2/23/2022 4:00,0
2/23/2022 5:00,0
2/23/2022 6:00,5.323
2/23/2022 7:00,97.728
2/23/2022 8:00,255.354
2/23/2022 9:00,404.507
2/23/2022 10:00,516.641
2/23/2022 11:00,579.873
2/23/2022 12:00,584.693
2/23/2022 13:00,527.236
2/23/2022 14:00,426.796
2/23/2022 15:00,285.094
2/23/2022 16:00,131.143
2/23/2022 17:00,26.49
2/23/2022 18:00,1.638
2/23/2022 19:00,0
2/23/2022 20:00,0
2/23/2022 21:00,0
2/23/2022 22:00,0
2/23/2022 23:00,0
2/24/2022 0:00,0
2/24/2022 1:00,0
2/24/2022 2:00,0
2/24/2022 3:00,0
2/24/2022 4:00,0
2/24/2022 5:00,0
2/24/2022 6:00,4.786
2/24/2022 7:00,77.635
2/24/2022 8:00,200.337
2/24/2022 9:00,345.448
2/24/2022 10:00,467.397
2/24/2022 11:00,510.431
2/24/2022 12:00,491.331
2/24/2022 13:00,436.121
2/24/2022 14:00,352.591
2/24/2022 15:00,237.535
2/24/2022 16:00,111.736
2/24/2022 17:00,22.7
2/24/2022 18:00,1.537
2/24/2022 19:00,0
2/24/2022 20:00,0
2/24/2022 21:00,0
2/24/2022 22:00,0
2/24/2022 23:00,0
2/25/2022 0:00,0
2/25/2022 1:00,0
2/25/2022 2:00,0
2/25/2022 3:00,0
2/25/2022 4:00,0
2/25/2022 5:00,0
2/25/2022 6:00,2.712
2/25/2022 7:00,48.47
2/25/2022 8:00,140.91
2/25/2022 9:00,247.536
2/25/2022 10:00,342.315
2/25/2022 11:00,424.089
2/25/2022 12:00,469.361
2/25/2022 13:00,449.968
2/25/2022 14:00,373.652
2/25/2022 15:00,258.434
2/25/2022 16:00,129.319
2/25/2022 17:00,26.583
2/25/2022 18:00,1.606
2/25/2022 19:00,0
2/25/2022 20:00,0
2/25/2022 21:00,0
2/25/2022 22:00,0
2/25/2022 23:00,0
2/26/2022 0:00,0
2/26/2022 1:00,0
2/26/2022 2:00,0
2/26/2022 3:00,0
2/26/2022 4:00,0
2/26/2022 5:00,0
2/26/2022 6:00,4.796
2/26/2022 7:00,73.522
2/26/2022 8:00,208.48
2/26/2022 9:00,348.439
2/26/2022 10:00,458.077
2/26/2022 11:00,518.779
2/26/2022 12:00,519.694
2/26/2022 13:00,464.337
2/26/2022 14:00,380.237
2/26/2022 15:00,264.742
2/26/2022 16:00,128.039
2/26/2022 17:00,25.493
2/26/2022 18:00,1.766
2/26/2022 19:00,0
2/26/2022 20:00,0
2/26/2022 21:00,0
2/26/2022 22:00,0
2/26/2022 23:00,0
2/27/2022 0:00,0
2/27/2022 1:00,0
2/27/2022 2:00,0
2/27/2022 3:00,0
2/27/2022 4:00,0
2/27/2022 5:00,0
2/27/2022 6:00,5.253
2/27/2022 7:00,74.187
2/27/2022 8:00,210.939
2/27/2022 9:00,367.795
2/27/2022 10:00,488.133
2/27/2022 11:00,552.719
2/27/2022 12:00,569.11
2/27/2022 13:00,541.095
2/27/2022 14:00,449.83
2/27/2022 15:00,320.006
2/27/2022 16:00,163.685
2/27/2022 17:00,33.307
2/27/2022 18:00,1.409
2/27/2022 19:00,0
2/27/2022 20:00,0
2/27/2022 21:00,0
2/27/2022 22:00,0
2/27/2022 23:00,0
2/28/2022 0:00,0
2/28/2022 1:00,0
2/28/2022 2:00,0
2/28/2022 3:00,0
2/28/2022 4:00,0
2/28/2022 5:00,0
2/28/2022 6:00,7.517
2/28/2022 7:00,111.641
2/28/2022 8:00,290.277
2/28/2022 9:00,460.506
2/28/2022 10:00,577.992
2/28/2022 11:00,653.907
2/28/2022 12:00,665.281
2/28/2022 13:00,619.875
2/28/2022 14:00,517.034
2/28/2022 15:00,370.938
2/28/2022 16:00,196.616
2/28/2022 17:00,41.992
2/28/2022 18:00,1.951
2/28/2022 19:00,0
2/28/2022 20:00,0
2/28/2022 21:00,0
2/28/2022 22:00,0
2/28/2022 23:00,0
3/1/2022 0:00,0
3/1/2022 1:00,0
3/1/2022 2:00,0
3/1/2022 3:00,0
3/1/2022 4:00,0
3/1/2022 5:00,0
3/1/2022 6:00,10.315
3/1/2022 7:00,124.78
3/1/2022 8:00,296.022
3/1/2022 9:00,458.575
3/1/2022 10:00,581.143
3/1/2022 11:00,649.574
3/1/2022 12:00,659.98
3/1/2022 13:00,607.963
3/1/2022 14:00,499.006
3/1/2022 15:00,345.258
3/1/2022 16:00,178.32
3/1/2022 17:00,38.783
3/1/2022 18:00,2.168
3/1/2022 19:00,0
3/1/2022 20:00,0
3/1/2022 21:00,0
3/1/2022 22:00,0
3/1/2022 23:00,0
3/2/2022 0:00,0
3/2/2022 1:00,0
3/2/2022 2:00,0
3/2/2022 3:00,0
3/2/2022 4:00,0
3/2/2022 5:00,0
3/2/2022 6:00,6.823
3/2/2022 7:00,93.696
3/2/2022 8:00,240.306
3/2/2022 9:00,411.773
3/2/2022 10:00,537.318
3/2/2022 11:00,601.667
3/2/2022 12:00,605.991
3/2/2022 13:00,550.468
3/2/2022 14:00,449.321
3/2/2022 15:00,310.037
3/2/2022 16:00,166.193
3/2/2022 17:00,40.017
3/2/2022 18:00,2.195
3/2/2022 19:00,0
3/2/2022 20:00,0
3/2/2022 21:00,0
3/2/2022 22:00,0
3/2/2022 23:00,0
3/3/2022 0:00,0
3/3/2022 1:00,0
3/3/2022 2:00,0
3/3/2022 3:00,0
3/3/2022 4:00,0
3/3/2022 5:00,0
3/3/2022 6:00,11.352
3/3/2022 7:00,112.486
3/3/2022 8:00,260.698
3/3/2022 9:00,390.935
3/3/2022 10:00,465.019
3/3/2022 11:00,494.475
3/3/2022 12:00,479.11
3/3/2022 13:00,414.307
3/3/2022 14:00,323.602
3/3/2022 15:00,220.089
3/3/2022 16:00,116.903
3/3/2022 17:00,30.442
3/3/2022 18:00,2.109
3/3/2022 19:00,0
3/3/2022 20:00,0
3/3/2022 21:00,0
3/3/2022 22:00,0
3/3/2022 23:00,0
3/4/2022 0:00,0
3/4/2022 1:00,0
3/4/2022 2:00,0
3/4/2022 3:00,0
3/4/2022 4:00,0
3/4/2022 5:00,0
3/4/2022 6:00,7.775
3/4/2022 7:00,90.248
3/4/2022 8:00,239.679
3/4/2022 9:00,403.959
3/4/2022 10:00,538.15
3/4/2022 11:00,615.987
3/4/2022 12:00,634.424
3/4/2022 13:00,591.369
3/4/2022 14:00,492.262
3/4/2022 15:00,359.592
3/4/2022 16:00,198.163
3/4/2022 17:00,50.746
3/4/2022 18:00,2.45
3/4/2022 19:00,0
3/4/2022 20:00,0
3/4/2022 21:00,0
3/4/2022 22:00,0
3/4/2022 23:00,0
3/5/2022 0:00,0
3/5/2022 1:00,0
3/5/2022 2:00,0
3/5/2022 3:00,0
3/5/2022 4:00,0
3/5/2022 5:00,0
3/5/2022 6:00,9.978
3/5/2022 7:00,109.795
3/5/2022 8:00,267.159
3/5/2022 9:00,416.985
3/5/2022 10:00,525.841
3/5/2022 11:00,580.923
3/5/2022 12:00,592.877
3/5/2022 13:00,541.17
3/5/2022 14:00,446.124
3/5/2022 15:00,313.856
3/5/2022 16:00,172.093
3/5/2022 17:00,45.544
3/5/2022 18:00,2.507
3/5/2022 19:00,0
3/5/2022 20:00,0
3/5/2022 21:00,0
3/5/2022 22:00,0
3/5/2022 23:00,0
3/6/2022 0:00,0
3/6/2022 1:00,0
3/6/2022 2:00,0
3/6/2022 3:00,0
3/6/2022 4:00,0
3/6/2022 5:00,0
3/6/2022 6:00,9.163
3/6/2022 7:00,108.77
3/6/2022 8:00,264.82
3/6/2022 9:00,412.627
3/6/2022 10:00,504.412
3/6/2022 11:00,568.984
3/6/2022 12:00,571.251
3/6/2022 13:00,527.493
3/6/2022 14:00,438.228
3/6/2022 15:00,314.682
3/6/2022 16:00,172.002
3/6/2022 17:00,47.468
3/6/2022 18:00,2.845
3/6/2022 19:00,0
3/6/2022 20:00,0
3/6/2022 21:00,0
3/6/2022 22:00,0
3/6/2022 23:00,0
3/7/2022 0:00,0
3/7/2022 1:00,0
3/7/2022 2:00,0
3/7/2022 3:00,0
3/7/2022 4:00,0
3/7/2022 5:00,0
3/7/2022 6:00,8.329
3/7/2022 7:00,89.944
3/7/2022 8:00,227.378
3/7/2022 9:00,366.822
3/7/2022 10:00,455.362
3/7/2022 11:00,500.547
3/7/2022 12:00,514.024
3/7/2022 13:00,479.781
3/7/2022 14:00,390.594
3/7/2022 15:00,282.366
3/7/2022 16:00,159.271
3/7/2022 17:00,45.698
3/7/2022 18:00,3.055
3/7/2022 19:00,0
3/7/2022 20:00,0
3/7/2022 21:00,0
3/7/2022 22:00,0
3/7/2022 23:00,0
3/8/2022 0:00,0
3/8/2022 1:00,0
3/8/2022 2:00,0
3/8/2022 3:00,0
3/8/2022 4:00,0
3/8/2022 5:00,0
3/8/2022 6:00,11.362
3/8/2022 7:00,93.249
3/8/2022 8:00,222.858
3/8/2022 9:00,355.622
3/8/2022 10:00,463.783
3/8/2022 11:00,507.319
3/8/2022 12:00,520.829
3/8/2022 13:00,478.737
3/8/2022 14:00,409.899
3/8/2022 15:00,312.115
3/8/2022 16:00,184.791
3/8/2022 17:00,54.23
3/8/2022 18:00,3.267
3/8/2022 19:00,0
3/8/2022 20:00,0
3/8/2022 21:00,0
3/8/2022 22:00,0
3/8/2022 23:00,0
3/9/2022 0:00,0
3/9/2022 1:00,0
3/9/2022 2:00,0
3/9/2022 3:00,0
3/9/2022 4:00,0
3/9/2022 5:00,0
3/9/2022 6:00,16.21
3/9/2022 7:00,120.869
3/9/2022 8:00,252.005
3/9/2022 9:00,387.675
3/9/2022 10:00,487.127
3/9/2022 11:00,548.445
3/9/2022 12:00,605.249
3/9/2022 13:00,586.556
3/9/2022 14:00,488.429
3/9/2022 15:00,343.664
3/9/2022 16:00,182.119
3/9/2022 17:00,46.427
3/9/2022 18:00,3.1
3/9/2022 19:00,0
3/9/2022 20:00,0
3/9/2022 21:00,0
3/9/2022 22:00,0
3/9/2022 23:00,0
3/10/2022 0:00,0
3/10/2022 1:00,0
3/10/2022 2:00,0
3/10/2022 3:00,0
3/10/2022 4:00,0
3/10/2022 5:00,0
3/10/2022 6:00,14.025
3/10/2022 7:00,111.312
3/10/2022 8:00,270.631
3/10/2022 9:00,433.903
3/10/2022 10:00,561.547
3/10/2022 11:00,635.766
3/10/2022 12:00,644.955
3/10/2022 13:00,570.576
3/10/2022 14:00,458.466
3/10/2022 15:00,316.527
3/10/2022 16:00,176.724
3/10/2022 17:00,55.076
3/10/2022 18:00,3.492
3/10/2022 19:00,0
3/10/2022 20:00,0
3/10/2022 21:00,0
3/10/2022 22:00,0
3/10/2022 23:00,0
3/11/2022 0:00,0
3/11/2022 1:00,0
3/11/2022 2:00,0
3/11/2022 3:00,0
3/11/2022 4:00,0
3/11/2022 5:00,0
3/11/2022 6:00,11.77
3/11/2022 7:00,75.989
3/11/2022 8:00,160.538
3/11/2022 9:00,240.266
3/11/2022 10:00,308.913
3/11/2022 11:00,378.537
3/11/2022 12:00,402.172
3/11/2022 13:00,391.015
3/11/2022 14:00,316.187
3/11/2022 15:00,213.405
3/11/2022 16:00,109.406
3/11/2022 17:00,33.988
3/11/2022 18:00,3.632
3/11/2022 19:00,0
3/11/2022 20:00,0
3/11/2022 21:00,0
3/11/2022 22:00,0
3/11/2022 23:00,0
3/12/2022 0:00,0
3/12/2022 1:00,0
3/12/2022 2:00,0
3/12/2022 3:00,0
3/12/2022 4:00,0
3/12/2022 5:00,0
3/12/2022 6:00,13.747
3/12/2022 7:00,108.994
3/12/2022 8:00,254.224
3/12/2022 9:00,403.031
3/12/2022 10:00,518.576
3/12/2022 11:00,589.567
3/12/2022 12:00,621.381
3/12/2022 13:00,582.154
3/12/2022 14:00,472.468
3/12/2022 15:00,328.84
3/12/2022 16:00,168.371
3/12/2022 17:00,45.643
3/12/2022 18:00,3.231
3/12/2022 19:00,0
3/12/2022 20:00,0
3/12/2022 21:00,0
3/12/2022 22:00,0
3/12/2022 23:00,0
3/13/2022 0:00,0
3/13/2022 1:00,0
3/13/2022 2:00,0
3/13/2022 3:00,0
3/13/2022 4:00,0
3/13/2022 5:00,0.001
3/13/2022 6:00,16.452
3/13/2022 7:00,119.278
3/13/2022 8:00,281.027
3/13/2022 9:00,451.351
3/13/2022 10:00,596.904
3/13/2022 11:00,684.728
3/13/2022 12:00,690.774
3/13/2022 13:00,608.23
3/13/2022 14:00,498.372
3/13/2022 15:00,353.561
3/13/2022 16:00,194.065
3/13/2022 17:00,53.676
3/13/2022 18:00,3.323
3/13/2022 19:00,0.001
3/13/2022 20:00,0
3/13/2022 21:00,0
3/13/2022 22:00,0
3/13/2022 23:00,0
3/14/2022 0:00,0
3/14/2022 1:00,0
3/14/2022 2:00,0
3/14/2022 3:00,0
3/14/2022 4:00,0
3/14/2022 5:00,0.001
3/14/2022 6:00,8.583
3/14/2022 7:00,57.571
3/14/2022 8:00,131.324
3/14/2022 9:00,203.647
3/14/2022 10:00,282.171
3/14/2022 11:00,344.65
3/14/2022 12:00,378.849
3/14/2022 13:00,362.546
3/14/2022 14:00,295.685
3/14/2022 15:00,206.281
3/14/2022 16:00,117.138
3/14/2022 17:00,40.456
3/14/2022 18:00,3.382
3/14/2022 19:00,0.001
3/14/2022 20:00,0
3/14/2022 21:00,0
3/14/2022 22:00,0
3/14/2022 23:00,0
3/15/2022 0:00,0
3/15/2022 1:00,0
3/15/2022 2:00,0
3/15/2022 3:00,0
3/15/2022 4:00,0
3/15/2022 5:00,0.003
3/15/2022 6:00,14.964
3/15/2022 7:00,100.122
3/15/2022 8:00,230.465
3/15/2022 9:00,343.37
3/15/2022 10:00,456.051
3/15/2022 11:00,539.548
3/15/2022 12:00,502.7
3/15/2022 13:00,451.385
3/15/2022 14:00,365.74
3/15/2022 15:00,249.167
3/15/2022 16:00,134.955
3/15/2022 17:00,42.348
3/15/2022 18:00,4.077
3/15/2022 19:00,0.002
3/15/2022 20:00,0
3/15/2022 21:00,0
3/15/2022 22:00,0
3/15/2022 23:00,0
3/16/2022 0:00,0
3/16/2022 1:00,0
3/16/2022 2:00,0
3/16/2022 3:00,0
3/16/2022 4:00,0
3/16/2022 5:00,0.006
3/16/2022 6:00,9.205
3/16/2022 7:00,53.735
3/16/2022 8:00,120.192
3/16/2022 9:00,200.327
3/16/2022 10:00,273.438
3/16/2022 11:00,330.75
3/16/2022 12:00,350.907
3/16/2022 13:00,314.955
3/16/2022 14:00,249.507
3/16/2022 15:00,169.207
3/16/2022 16:00,98.509
3/16/2022 17:00,35.526
3/16/2022 18:00,3.463
3/16/2022 19:00,0.002
3/16/2022 20:00,0
3/16/2022 21:00,0
3/16/2022 22:00,0
3/16/2022 23:00,0
3/17/2022 0:00,0
3/17/2022 1:00,0
3/17/2022 2:00,0
3/17/2022 3:00,0
3/17/2022 4:00,0
3/17/2022 5:00,0.006
3/17/2022 6:00,10.275
3/17/2022 7:00,70.089
3/17/2022 8:00,170.227
3/17/2022 9:00,287.613
3/17/2022 10:00,379.04
3/17/2022 11:00,438.409
3/17/2022 12:00,456.417
3/17/2022 13:00,415.618
3/17/2022 14:00,348.205
3/17/2022 15:00,257.73
3/17/2022 16:00,152.319
3/17/2022 17:00,53.898
3/17/2022 18:00,4.404
3/17/2022 19:00,0.004
3/17/2022 20:00,0
3/17/2022 21:00,0
3/17/2022 22:00,0
3/17/2022 23:00,0
3/18/2022 0:00,0
3/18/2022 1:00,0
3/18/2022 2:00,0
3/18/2022 3:00,0
3/18/2022 4:00,0
3/18/2022 5:00,0.016
3/18/2022 6:00,17.549
3/18/2022 7:00,111.791
3/18/2022 8:00,250.935
3/18/2022 9:00,398.937
3/18/2022 10:00,513.328
3/18/2022 11:00,581.126
3/18/2022 12:00,597.449
3/18/2022 13:00,543.792
3/18/2022 14:00,442.018
3/18/2022 15:00,310.987
3/18/2022 16:00,170.058
3/18/2022 17:00,57.087
3/18/2022 18:00,3.891
3/18/2022 19:00,0.004
3/18/2022 20:00,0
3/18/2022 21:00,0
3/18/2022 22:00,0
3/18/2022 23:00,0
3/19/2022 0:00,0
3/19/2022 1:00,0
3/19/2022 2:00,0
3/19/2022 3:00,0
3/19/2022 4:00,0
3/19/2022 5:00,0.022
3/19/2022 6:00,19.465
3/19/2022 7:00,120.382
3/19/2022 8:00,275.322
3/19/2022 9:00,430.868
3/19/2022 10:00,554.304
3/19/2022 11:00,628.794
3/19/2022 12:00,647.41
3/19/2022 13:00,608.253
3/19/2022 14:00,513.695
3/19/2022 15:00,379.353
3/19/2022 16:00,217.488
3/19/2022 17:00,71.324
3/19/2022 18:00,4.508
3/19/2022 19:00,0.007
3/19/2022 20:00,0
3/19/2022 21:00,0
3/19/2022 22:00,0
3/19/2022 23:00,0
3/20/2022 0:00,0
3/20/2022 1:00,0
3/20/2022 2:00,0
3/20/2022 3:00,0
3/20/2022 4:00,0
3/20/2022 5:00,0.066
3/20/2022 6:00,24.559
3/20/2022 7:00,124.939
3/20/2022 8:00,273.165
3/20/2022 9:00,437.426
3/20/2022 10:00,539.931
3/20/2022 11:00,593.966
3/20/2022 12:00,603.401
3/20/2022 13:00,561.967
3/20/2022 14:00,476.256
3/20/2022 15:00,341.068
3/20/2022 16:00,191.515
3/20/2022 17:00,62.771
3/20/2022 18:00,5.797
3/20/2022 19:00,0.012
3/20/2022 20:00,0
3/20/2022 21:00,0
3/20/2022 22:00,0
3/20/2022 23:00,0
3/21/2022 0:00,0
3/21/2022 1:00,0
3/21/2022 2:00,0
3/21/2022 3:00,0
3/21/2022 4:00,0
3/21/2022 5:00,0.1
3/21/2022 6:00,21.77
3/21/2022 7:00,108.365
3/21/2022 8:00,228.188
3/21/2022 9:00,345.183
3/21/2022 10:00,430.719
3/21/2022 11:00,485.772
3/21/2022 12:00,486.908
3/21/2022 13:00,443.163
3/21/2022 14:00,369.165
3/21/2022 15:00,260.668
3/21/2022 16:00,159.566
3/21/2022 17:00,59.477
3/21/2022 18:00,4.976
3/21/2022 19:00,0.012
3/21/2022 20:00,0
3/21/2022 21:00,0
3/21/2022 22:00,0
3/21/2022 23:00,0
3/22/2022 0:00,0
3/22/2022 1:00,0
3/22/2022 2:00,0
3/22/2022 3:00,0
3/22/2022 4:00,0
3/22/2022 5:00,0.117
3/22/2022 6:00,20.406
3/22/2022 7:00,97.245
3/22/2022 8:00,212.029
3/22/2022 9:00,327.587
3/22/2022 10:00,428.592
3/22/2022 11:00,496.758
3/22/2022 12:00,520.222
3/22/2022 13:00,503.824
3/22/2022 14:00,437.939
3/22/2022 15:00,330.723
3/22/2022 16:00,188.79
3/22/2022 17:00,63.295
3/22/2022 18:00,5.982
3/22/2022 19:00,0.019
3/22/2022 20:00,0
3/22/2022 21:00,0
3/22/2022 22:00,0
3/22/2022 23:00,0
3/23/2022 0:00,0
3/23/2022 1:00,0
3/23/2022 2:00,0
3/23/2022 3:00,0
3/23/2022 4:00,0
3/23/2022 5:00,0.168
3/23/2022 6:00,26.896
3/23/2022 7:00,128.333
3/23/2022 8:00,275.773
3/23/2022 9:00,416.792
3/23/2022 10:00,518.476
3/23/2022 11:00,585.805
3/23/2022 12:00,591.536
3/23/2022 13:00,542.714
3/23/2022 14:00,443.782
3/23/2022 15:00,323.169
3/23/2022 16:00,193.34
3/23/2022 17:00,69.434
3/23/2022 18:00,7.286
3/23/2022 19:00,0.025
3/23/2022 20:00,0
3/23/2022 21:00,0
3/23/2022 22:00,0
3/23/2022 23:00,0
3/24/2022 0:00,0
3/24/2022 1:00,0
3/24/2022 2:00,0
3/24/2022 3:00,0
3/24/2022 4:00,0
3/24/2022 5:00,0.154
3/24/2022 6:00,22.237
3/24/2022 7:00,104.771
3/24/2022 8:00,216.94
3/24/2022 9:00,332.537
3/24/2022 10:00,431.215
3/24/2022 11:00,497.893
3/24/2022 12:00,494.361
3/24/2022 13:00,430.322
3/24/2022 14:00,349.834
3/24/2022 15:00,250.494
3/24/2022 16:00,148.982
3/24/2022 17:00,59.161
3/24/2022 18:00,7.612
3/24/2022 19:00,0.034
3/24/2022 20:00,0
3/24/2022 21:00,0
3/24/2022 22:00,0
3/24/2022 23:00,0
3/25/2022 0:00,0
3/25/2022 1:00,0
3/25/2022 2:00,0
3/25/2022 3:00,0
3/25/2022 4:00,0
3/25/2022 5:00,0.315
3/25/2022 6:00,22.959
3/25/2022 7:00,99.079
3/25/2022 8:00,213.175
3/25/2022 9:00,325.487
3/25/2022 10:00,413.29
3/25/2022 11:00,457.634
3/25/2022 12:00,471.49
3/25/2022 13:00,434.324
3/25/2022 14:00,353.583
3/25/2022 15:00,256.151
3/25/2022 16:00,149.648
3/25/2022 17:00,56.461
3/25/2022 18:00,7.069
3/25/2022 19:00,0.04
3/25/2022 20:00,0
3/25/2022 21:00,0
3/25/2022 22:00,0
3/25/2022 23:00,0
3/26/2022 0:00,0
3/26/2022 1:00,0
3/26/2022 2:00,0
3/26/2022 3:00,0
3/26/2022 4:00,0
3/26/2022 5:00,0.268
3/26/2022 6:00,25.417
3/26/2022 7:00,116.157
3/26/2022 8:00,246.133
3/26/2022 9:00,377.217
3/26/2022 10:00,485.773
3/26/2022 11:00,536.942
3/26/2022 12:00,535.225
3/26/2022 13:00,495.291
3/26/2022 14:00,419.72
3/26/2022 15:00,311.466
3/26/2022 16:00,184.938
3/26/2022 17:00,73.517
3/26/2022 18:00,8.783
3/26/2022 19:00,0.045
3/26/2022 20:00,0
3/26/2022 21:00,0
3/26/2022 22:00,0
3/26/2022 23:00,0
3/27/2022 0:00,0
3/27/2022 1:00,0
3/27/2022 2:00,0
3/27/2022 3:00,0
3/27/2022 4:00,0
3/27/2022 5:00,0.337
3/27/2022 6:00,34.989
3/27/2022 7:00,160.567
3/27/2022 8:00,336.659
3/27/2022 9:00,517.737
3/27/2022 10:00,647.885
3/27/2022 11:00,719.441
3/27/2022 12:00,733.262
3/27/2022 13:00,675.976
3/27/2022 14:00,561.947
3/27/2022 15:00,406.969
3/27/2022 16:00,251.521
3/27/2022 17:00,93.963
3/27/2022 18:00,9.319
3/27/2022 19:00,0.051
3/27/2022 20:00,0
3/27/2022 21:00,0
3/27/2022 22:00,0
3/27/2022 23:00,0
3/28/2022 0:00,0
3/28/2022 1:00,0
3/28/2022 2:00,0
3/28/2022 3:00,0
3/28/2022 4:00,0
3/28/2022 5:00,0.66
3/28/2022 6:00,32.637
3/28/2022 7:00,119.605
3/28/2022 8:00,245.256
3/28/2022 9:00,382.768
3/28/2022 10:00,507.775
3/28/2022 11:00,594.914
3/28/2022 12:00,557.88
3/28/2022 13:00,478.515
3/28/2022 14:00,395.391
3/28/2022 15:00,296.844
3/28/2022 16:00,185.626
3/28/2022 17:00,73.077
3/28/2022 18:00,8.903
3/28/2022 19:00,0.06
3/28/2022 20:00,0
3/28/2022 21:00,0
3/28/2022 22:00,0
3/28/2022 23:00,0
3/29/2022 0:00,0
3/29/2022 1:00,0
3/29/2022 2:00,0
3/29/2022 3:00,0
3/29/2022 4:00,0
3/29/2022 5:00,0.518
3/29/2022 6:00,30.531
3/29/2022 7:00,119.897
3/29/2022 8:00,247.534
3/29/2022 9:00,372.059
3/29/2022 10:00,486.443
3/29/2022 11:00,545.863
3/29/2022 12:00,533.175
3/29/2022 13:00,463.619
3/29/2022 14:00,383.331
3/29/2022 15:00,267.514
3/29/2022 16:00,157.263
3/29/2022 17:00,63.198
3/29/2022 18:00,8.65
3/29/2022 19:00,0.074
3/29/2022 20:00,0
3/29/2022 21:00,0
3/29/2022 22:00,0
3/29/2022 23:00,0
3/30/2022 0:00,0
3/30/2022 1:00,0
3/30/2022 2:00,0
3/30/2022 3:00,0
3/30/2022 4:00,0
3/30/2022 5:00,0.404
3/30/2022 6:00,30.504
3/30/2022 7:00,129.58
3/30/2022 8:00,270.507
3/30/2022 9:00,406.086
3/30/2022 10:00,500.252
3/30/2022 11:00,545.527
3/30/2022 12:00,552.705
3/30/2022 13:00,521.897
3/30/2022 14:00,452.896
3/30/2022 15:00,341.947
3/30/2022 16:00,225.112
3/30/2022 17:00,95.426
3/30/2022 18:00,12.068
3/30/2022 19:00,0.085
3/30/2022 20:00,0
3/30/2022 21:00,0
3/30/2022 22:00,0
3/30/2022 23:00,0
3/31/2022 0:00,0
3/31/2022 1:00,0
3/31/2022 2:00,0
3/31/2022 3:00,0
3/31/2022 4:00,0
3/31/2022 5:00,0.66
3/31/2022 6:00,45.714
3/31/2022 7:00,172.485
3/31/2022 8:00,331.306
3/31/2022 9:00,489.993
3/31/2022 10:00,604.25
3/31/2022 11:00,655.81
3/31/2022 12:00,638.033
3/31/2022 13:00,572.733
3/31/2022 14:00,487.047
3/31/2022 15:00,374.584
3/31/2022 16:00,241.009
3/31/2022 17:00,101.306
3/31/2022 18:00,11.647
3/31/2022 19:00,0.095
3/31/2022 20:00,0
3/31/2022 21:00,0
3/31/2022 22:00,0
3/31/2022 23:00,0
4/1/2022 0:00,0
4/1/2022 1:00,0
4/1/2022 2:00,0
4/1/2022 3:00,0
4/1/2022 4:00,0
4/1/2022 5:00,1.689
4/1/2022 6:00,72.552
4/1/2022 7:00,241.512
4/1/2022 8:00,432.07
4/1/2022 9:00,598.539
4/1/2022 10:00,726.536
4/1/2022 11:00,801.782
4/1/2022 12:00,815.37
4/1/2022 13:00,760.152
4/1/2022 14:00,649.654
4/1/2022 15:00,496.028
4/1/2022 16:00,315.607
4/1/2022 17:00,134.957
4/1/2022 18:00,15.338
4/1/2022 19:00,0.104
4/1/2022 20:00,0
4/1/2022 21:00,0
4/1/2022 22:00,0
4/1/2022 23:00,0
4/2/2022 0:00,0
4/2/2022 1:00,0
4/2/2022 2:00,0
4/2/2022 3:00,0
4/2/2022 4:00,0
4/2/2022 5:00,1.897
4/2/2022 6:00,79.706
4/2/2022 7:00,262.504
4/2/2022 8:00,452.705
4/2/2022 9:00,608.896
4/2/2022 10:00,735.895
4/2/2022 11:00,816.967
4/2/2022 12:00,846.848
4/2/2022 13:00,804.665
4/2/2022 14:00,699.664
4/2/2022 15:00,541.347
4/2/2022 16:00,347.928
4/2/2022 17:00,150.605
4/2/2022 18:00,17.372
4/2/2022 19:00,0.113
4/2/2022 20:00,0
4/2/2022 21:00,0
4/2/2022 22:00,0
4/2/2022 23:00,0
4/3/2022 0:00,0
4/3/2022 1:00,0
4/3/2022 2:00,0
4/3/2022 3:00,0
4/3/2022 4:00,0
4/3/2022 5:00,2.316
4/3/2022 6:00,76.97
4/3/2022 7:00,249.249
4/3/2022 8:00,439.811
4/3/2022 9:00,589.446
4/3/2022 10:00,678.251
4/3/2022 11:00,719.142
4/3/2022 12:00,709.754
4/3/2022 13:00,662.979
4/3/2022 14:00,566.885
4/3/2022 15:00,426.88
4/3/2022 16:00,271.884
4/3/2022 17:00,114.127
4/3/2022 18:00,14.284
4/3/2022 19:00,0.111
4/3/2022 20:00,0
4/3/2022 21:00,0
4/3/2022 22:00,0
4/3/2022 23:00,0
4/4/2022 0:00,0
4/4/2022 1:00,0
4/4/2022 2:00,0
4/4/2022 3:00,0
4/4/2022 4:00,0
4/4/2022 5:00,1.768
4/4/2022 6:00,53.917
4/4/2022 7:00,190.086
4/4/2022 8:00,359.949
4/4/2022 9:00,514.579
4/4/2022 10:00,623.213
4/4/2022 11:00,688.582
4/4/2022 12:00,693.536
4/4/2022 13:00,647.483
4/4/2022 14:00,550.633
4/4/2022 15:00,417.551
4/4/2022 16:00,275.244
4/4/2022 17:00,122.56
4/4/2022 18:00,16.734
4/4/2022 19:00,0.153
4/4/2022 20:00,0
4/4/2022 21:00,0
4/4/2022 22:00,0
4/4/2022 23:00,0
4/5/2022 0:00,0
4/5/2022 1:00,0
4/5/2022 2:00,0
4/5/2022 3:00,0
4/5/2022 4:00,0
4/5/2022 5:00,2.382
4/5/2022 6:00,54.565
4/5/2022 7:00,173.359
4/5/2022 8:00,317.332
4/5/2022 9:00,449.571
4/5/2022 10:00,551.289
4/5/2022 11:00,601.765
4/5/2022 12:00,605.312
4/5/2022 13:00,556.916
4/5/2022 14:00,468.038
4/5/2022 15:00,353.298
4/5/2022 16:00,222.894
4/5/2022 17:00,99.367
4/5/2022 18:00,16.288
4/5/2022 19:00,0.191
4/5/2022 20:00,0
4/5/2022 21:00,0
4/5/2022 22:00,0
4/5/2022 23:00,0
4/6/2022 0:00,0
4/6/2022 1:00,0
4/6/2022 2:00,0
4/6/2022 3:00,0
4/6/2022 4:00,0
4/6/2022 5:00,1.267
4/6/2022 6:00,47.972
4/6/2022 7:00,169.292
4/6/2022 8:00,327.093
4/6/2022 9:00,505.249
4/6/2022 10:00,640.1
4/6/2022 11:00,731.898
4/6/2022 12:00,762.012
4/6/2022 13:00,728.275
4/6/2022 14:00,639.163
4/6/2022 15:00,506.448
4/6/2022 16:00,338.838
4/6/2022 17:00,157.38
4/6/2022 18:00,21.822
4/6/2022 19:00,0.215
4/6/2022 20:00,0
4/6/2022 21:00,0
4/6/2022 22:00,0
4/6/2022 23:00,0
4/7/2022 0:00,0
4/7/2022 1:00,0
4/7/2022 2:00,0
4/7/2022 3:00,0
4/7/2022 4:00,0
4/7/2022 5:00,3.822
4/7/2022 6:00,88.011
4/7/2022 7:00,263.803
4/7/2022 8:00,469.622
4/7/2022 9:00,648.008
4/7/2022 10:00,775.393
4/7/2022 11:00,844.185
4/7/2022 12:00,846.242
4/7/2022 13:00,787.449
4/7/2022 14:00,678.017
4/7/2022 15:00,529.158
4/7/2022 16:00,350.687
4/7/2022 17:00,161.578
4/7/2022 18:00,22.965
4/7/2022 19:00,0.256
4/7/2022 20:00,0
4/7/2022 21:00,0
4/7/2022 22:00,0
4/7/2022 23:00,0
4/8/2022 0:00,0
4/8/2022 1:00,0
4/8/2022 2:00,0
4/8/2022 3:00,0
4/8/2022 4:00,0
4/8/2022 5:00,4.207
4/8/2022 6:00,85.417
4/8/2022 7:00,240.997
4/8/2022 8:00,418.223
4/8/2022 9:00,571.283
4/8/2022 10:00,697.608
4/8/2022 11:00,780.592
4/8/2022 12:00,795.004
4/8/2022 13:00,738.789
4/8/2022 14:00,607.893
4/8/2022 15:00,439.53
4/8/2022 16:00,267.166
4/8/2022 17:00,113.721
4/8/2022 18:00,17.275
4/8/2022 19:00,0.271
4/8/2022 20:00,0
4/8/2022 21:00,0
4/8/2022 22:00,0
4/8/2022 23:00,0
4/9/2022 0:00,0
4/9/2022 1:00,0
4/9/2022 2:00,0
4/9/2022 3:00,0
4/9/2022 4:00,0
4/9/2022 5:00,3.945
4/9/2022 6:00,71.382
4/9/2022 7:00,210.362
4/9/2022 8:00,392.146
4/9/2022 9:00,578.95
4/9/2022 10:00,722.019
4/9/2022 11:00,795.752
4/9/2022 12:00,822.06
4/9/2022 13:00,795.006
4/9/2022 14:00,694.696
4/9/2022 15:00,536.816
4/9/2022 16:00,356.677
4/9/2022 17:00,164.917
4/9/2022 18:00,26.051
4/9/2022 19:00,0.291
4/9/2022 20:00,0
4/9/2022 21:00,0
4/9/2022 22:00,0
4/9/2022 23:00,0
4/10/2022 0:00,0
4/10/2022 1:00,0
4/10/2022 2:00,0
4/10/2022 3:00,0
4/10/2022 4:00,0
4/10/2022 5:00,4.062
4/10/2022 6:00,81.912
4/10/2022 7:00,242.494
4/10/2022 8:00,434.563
4/10/2022 9:00,618.126
4/10/2022 10:00,749.195
4/10/2022 11:00,812.873
4/10/2022 12:00,817.534
4/10/2022 13:00,761.613
4/10/2022 14:00,668.91
4/10/2022 15:00,535.244
4/10/2022 16:00,361.055
4/10/2022 17:00,171.143
4/10/2022 18:00,27.785
4/10/2022 19:00,0.329
4/10/2022 20:00,0
4/10/2022 21:00,0
4/10/2022 22:00,0
4/10/2022 23:00,0
4/11/2022 0:00,0
4/11/2022 1:00,0
4/11/2022 2:00,0
4/11/2022 3:00,0
4/11/2022 4:00,0
4/11/2022 5:00,5.174
4/11/2022 6:00,85.175
4/11/2022 7:00,245.751
4/11/2022 8:00,425.565
4/11/2022 9:00,586.663
4/11/2022 10:00,697.469
4/11/2022 11:00,755.085
4/11/2022 12:00,752.312
4/11/2022 13:00,685.467
4/11/2022 14:00,568.352
4/11/2022 15:00,417.006
4/11/2022 16:00,251.262
4/11/2022 17:00,105.613
4/11/2022 18:00,18.616
4/11/2022 19:00,0.331
4/11/2022 20:00,0
4/11/2022 21:00,0
4/11/2022 22:00,0
4/11/2022 23:00,0
4/12/2022 0:00,0
4/12/2022 1:00,0
4/12/2022 2:00,0
4/12/2022 3:00,0
4/12/2022 4:00,0
4/12/2022 5:00,4.158
4/12/2022 6:00,61.402
4/12/2022 7:00,187.59
4/12/2022 8:00,333.887
4/12/2022 9:00,448.803
4/12/2022 10:00,530.148
4/12/2022 11:00,574.471
4/12/2022 12:00,574.501
4/12/2022 13:00,540.759
4/12/2022 14:00,472.064
4/12/2022 15:00,366.235
4/12/2022 16:00,239.237
4/12/2022 17:00,111.871
4/12/2022 18:00,22.016
4/12/2022 19:00,0.372
4/12/2022 20:00,0
4/12/2022 21:00,0
4/12/2022 22:00,0
4/12/2022 23:00,0
4/13/2022 0:00,0
4/13/2022 1:00,0
4/13/2022 2:00,0
4/13/2022 3:00,0
4/13/2022 4:00,0
4/13/2022 5:00,2.878
4/13/2022 6:00,67.382
4/13/2022 7:00,201.919
4/13/2022 8:00,368.824
4/13/2022 9:00,514.233
4/13/2022 10:00,622.507
4/13/2022 11:00,675.479
4/13/2022 12:00,674.882
4/13/2022 13:00,634.044
4/13/2022 14:00,547.547
4/13/2022 15:00,421.407
4/13/2022 16:00,280.608
4/13/2022 17:00,136.513
4/13/2022 18:00,28.517
4/13/2022 19:00,0.407
4/13/2022 20:00,0
4/13/2022 21:00,0
4/13/2022 22:00,0
4/13/2022 23:00,0
4/14/2022 0:00,0
4/14/2022 1:00,0
4/14/2022 2:00,0
4/14/2022 3:00,0
4/14/2022 4:00,0
4/14/2022 5:00,6.071
4/14/2022 6:00,93.658
4/14/2022 7:00,264.201
4/14/2022 8:00,453.334
4/14/2022 9:00,625.609
4/14/2022 10:00,734.549
4/14/2022 11:00,802.683
4/14/2022 12:00,837.144
4/14/2022 13:00,794.066
4/14/2022 14:00,665.103
4/14/2022 15:00,495.397
4/14/2022 16:00,327.705
4/14/2022 17:00,161.811
4/14/2022 18:00,33.95
4/14/2022 19:00,0.49
4/14/2022 20:00,0
4/14/2022 21:00,0
4/14/2022 22:00,0
4/14/2022 23:00,0
4/15/2022 0:00,0
4/15/2022 1:00,0
4/15/2022 2:00,0
4/15/2022 3:00,0
4/15/2022 4:00,0
4/15/2022 5:00,5.953
4/15/2022 6:00,88.805
4/15/2022 7:00,250.893
4/15/2022 8:00,436.19
4/15/2022 9:00,609.593
4/15/2022 10:00,747.067
4/15/2022 11:00,829.989
4/15/2022 12:00,858.474
4/15/2022 13:00,821.737
4/15/2022 14:00,720.887
4/15/2022 15:00,568.327
4/15/2022 16:00,381.216
4/15/2022 17:00,186.972
4/15/2022 18:00,37.846
4/15/2022 19:00,0.547
4/15/2022 20:00,0
4/15/2022 21:00,0
4/15/2022 22:00,0
4/15/2022 23:00,0
4/16/2022 0:00,0
4/16/2022 1:00,0
4/16/2022 2:00,0
4/16/2022 3:00,0
4/16/2022 4:00,0
4/16/2022 5:00,8.589
4/16/2022 6:00,117.805
4/16/2022 7:00,312.001
4/16/2022 8:00,514.636
4/16/2022 9:00,691.51
4/16/2022 10:00,821.499
4/16/2022 11:00,895.65
4/16/2022 12:00,909.842
4/16/2022 13:00,861.897
4/16/2022 14:00,755.249
4/16/2022 15:00,599.672
4/16/2022 16:00,406.805
4/16/2022 17:00,205.686
4/16/2022 18:00,40.71
4/16/2022 19:00,0.482
4/16/2022 20:00,0
4/16/2022 21:00,0
4/16/2022 22:00,0
4/16/2022 23:00,0
4/17/2022 0:00,0
4/17/2022 1:00,0
4/17/2022 2:00,0
4/17/2022 3:00,0
4/17/2022 4:00,0
4/17/2022 5:00,11.594
4/17/2022 6:00,133.651
4/17/2022 7:00,326.067
4/17/2022 8:00,519.335
4/17/2022 9:00,684.771
4/17/2022 10:00,807.18
4/17/2022 11:00,873.378
4/17/2022 12:00,880.379
4/17/2022 13:00,826.351
4/17/2022 14:00,704.659
4/17/2022 15:00,521.964
4/17/2022 16:00,329.591
4/17/2022 17:00,156.82
4/17/2022 18:00,30.545
4/17/2022 19:00,0.477
4/17/2022 20:00,0
4/17/2022 21:00,0
4/17/2022 22:00,0
4/17/2022 23:00,0
4/18/2022 0:00,0
4/18/2022 1:00,0
4/18/2022 2:00,0
4/18/2022 3:00,0
4/18/2022 4:00,0
4/18/2022 5:00,8.986
4/18/2022 6:00,97.991
4/18/2022 7:00,254.856
4/18/2022 8:00,434.454
4/18/2022 9:00,598.381
4/18/2022 10:00,720.922
4/18/2022 11:00,796.008
4/18/2022 12:00,817.597
4/18/2022 13:00,773.824
4/18/2022 14:00,667.085
4/18/2022 15:00,531.111
4/18/2022 16:00,359.202
4/18/2022 17:00,180.392
4/18/2022 18:00,38.34
4/18/2022 19:00,0.543
4/18/2022 20:00,0
4/18/2022 21:00,0
4/18/2022 22:00,0
4/18/2022 23:00,0
4/19/2022 0:00,0
4/19/2022 1:00,0
4/19/2022 2:00,0
4/19/2022 3:00,0
4/19/2022 4:00,0
4/19/2022 5:00,9.943
4/19/2022 6:00,107.371
4/19/2022 7:00,265.919
4/19/2022 8:00,448.134
4/19/2022 9:00,601.012
4/19/2022 10:00,687.707
4/19/2022 11:00,733.295
4/19/2022 12:00,730.125
4/19/2022 13:00,672.149
4/19/2022 14:00,577.57
4/19/2022 15:00,452.921
4/19/2022 16:00,298.758
4/19/2022 17:00,146.806
4/19/2022 18:00,30.362
4/19/2022 19:00,0.507
4/19/2022 20:00,0
4/19/2022 21:00,0
4/19/2022 22:00,0
4/19/2022 23:00,0
4/20/2022 0:00,0
4/20/2022 1:00,0
4/20/2022 2:00,0
4/20/2022 3:00,0
4/20/2022 4:00,0
4/20/2022 5:00,8.893
4/20/2022 6:00,83.515
4/20/2022 7:00,218.017
4/20/2022 8:00,372.632
4/20/2022 9:00,509.95
4/20/2022 10:00,593.254
4/20/2022 11:00,613.209
4/20/2022 12:00,613.757
4/20/2022 13:00,613.264
4/20/2022 14:00,528.759
4/20/2022 15:00,423.665
4/20/2022 16:00,296.815
4/20/2022 17:00,154.787
4/20/2022 18:00,39.897
4/20/2022 19:00,0.774
4/20/2022 20:00,0
4/20/2022 21:00,0
4/20/2022 22:00,0
4/20/2022 23:00,0
4/21/2022 0:00,0
4/21/2022 1:00,0
4/21/2022 2:00,0
4/21/2022 3:00,0
4/21/2022 4:00,0
4/21/2022 5:00,8.348
4/21/2022 6:00,101.26
4/21/2022 7:00,249.438
4/21/2022 8:00,418.954
4/21/2022 9:00,568.989
4/21/2022 10:00,677.857
4/21/2022 11:00,739.777
4/21/2022 12:00,755.493
4/21/2022 13:00,718.955
4/21/2022 14:00,625.719
4/21/2022 15:00,481.249
4/21/2022 16:00,316.149
4/21/2022 17:00,154.396
4/21/2022 18:00,34.975
4/21/2022 19:00,0.598
4/21/2022 20:00,0
4/21/2022 21:00,0
4/21/2022 22:00,0
4/21/2022 23:00,0
4/22/2022 0:00,0
4/22/2022 1:00,0
4/22/2022 2:00,0
4/22/2022 3:00,0
4/22/2022 4:00,0
4/22/2022 5:00,12.607
4/22/2022 6:00,90.579
4/22/2022 7:00,206.911
4/22/2022 8:00,328.448
4/22/2022 9:00,427.233
4/22/2022 10:00,480.886
4/22/2022 11:00,502.828
4/22/2022 12:00,494.716
4/22/2022 13:00,436.838
4/22/2022 14:00,360.754
4/22/2022 15:00,279.47
4/22/2022 16:00,199.629
4/22/2022 17:00,109.952
4/22/2022 18:00,28.693
4/22/2022 19:00,0.844
4/22/2022 20:00,0
4/22/2022 21:00,0
4/22/2022 22:00,0
4/22/2022 23:00,0
4/23/2022 0:00,0
4/23/2022 1:00,0
4/23/2022 2:00,0
4/23/2022 3:00,0
4/23/2022 4:00,0
4/23/2022 5:00,11.104
4/23/2022 6:00,92.955
4/23/2022 7:00,242.871
4/23/2022 8:00,424.851
4/23/2022 9:00,566.13
4/23/2022 10:00,665.99
4/23/2022 11:00,705.953
4/23/2022 12:00,703.486
4/23/2022 13:00,652.557
4/23/2022 14:00,544.737
4/23/2022 15:00,428.368
4/23/2022 16:00,300.179
4/23/2022 17:00,155.132
4/23/2022 18:00,37.214
4/23/2022 19:00,0.905
4/23/2022 20:00,0
4/23/2022 21:00,0
4/23/2022 22:00,0
4/23/2022 23:00,0
4/24/2022 0:00,0
4/24/2022 1:00,0
4/24/2022 2:00,0
4/24/2022 3:00,0
4/24/2022 4:00,0
4/24/2022 5:00,14.123
4/24/2022 6:00,121.338
4/24/2022 7:00,300.524
4/24/2022 8:00,507.59
4/24/2022 9:00,697.131
4/24/2022 10:00,831.336
4/24/2022 11:00,900.618
4/24/2022 12:00,904.442
4/24/2022 13:00,849.61
4/24/2022 14:00,736.613
4/24/2022 15:00,567.446
4/24/2022 16:00,376.157
4/24/2022 17:00,188.229
4/24/2022 18:00,44.606
4/24/2022 19:00,0.947
4/24/2022 20:00,0
4/24/2022 21:00,0
4/24/2022 22:00,0
4/24/2022 23:00,0
4/25/2022 0:00,0
4/25/2022 1:00,0
4/25/2022 2:00,0
4/25/2022 3:00,0
4/25/2022 4:00,0
4/25/2022 5:00,19.18
4/25/2022 6:00,150.775
4/25/2022 7:00,344.945
4/25/2022 8:00,543.949
4/25/2022 9:00,719.031
4/25/2022 10:00,846.699
4/25/2022 11:00,917.049
4/25/2022 12:00,916.916
4/25/2022 13:00,876.428
4/25/2022 14:00,774.289
4/25/2022 15:00,621.241
4/25/2022 16:00,433.445
4/25/2022 17:00,233.045
4/25/2022 18:00,58.146
4/25/2022 19:00,1.017
4/25/2022 20:00,0
4/25/2022 21:00,0
4/25/2022 22:00,0
4/25/2022 23:00,0
4/26/2022 0:00,0
4/26/2022 1:00,0
4/26/2022 2:00,0
4/26/2022 3:00,0
4/26/2022 4:00,0
4/26/2022 5:00,19.919
4/26/2022 6:00,139.019
4/26/2022 7:00,315.13
4/26/2022 8:00,491.552
4/26/2022 9:00,639.474
4/26/2022 10:00,740.484
4/26/2022 11:00,782.763
4/26/2022 12:00,759.359
4/26/2022 13:00,682.671
4/26/2022 14:00,566.668
4/26/2022 15:00,429.431
4/26/2022 16:00,292.894
4/26/2022 17:00,152.399
4/26/2022 18:00,37.977
4/26/2022 19:00,1.271
4/26/2022 20:00,0
4/26/2022 21:00,0
4/26/2022 22:00,0
4/26/2022 23:00,0
4/27/2022 0:00,0
4/27/2022 1:00,0
4/27/2022 2:00,0
4/27/2022 3:00,0
4/27/2022 4:00,0.001
4/27/2022 5:00,12.575
4/27/2022 6:00,92.798
4/27/2022 7:00,228.537
4/27/2022 8:00,385.75
4/27/2022 9:00,511.052
4/27/2022 10:00,590.331
4/27/2022 11:00,637.736
4/27/2022 12:00,644.383
4/27/2022 13:00,605.246
4/27/2022 14:00,512.433
4/27/2022 15:00,397.295
4/27/2022 16:00,267.01
4/27/2022 17:00,143.232
4/27/2022 18:00,41.723
4/27/2022 19:00,1.358
4/27/2022 20:00,0
4/27/2022 21:00,0
4/27/2022 22:00,0
4/27/2022 23:00,0
4/28/2022 0:00,0
4/28/2022 1:00,0
4/28/2022 2:00,0
4/28/2022 3:00,0
4/28/2022 4:00,0.002
4/28/2022 5:00,10.71
4/28/2022 6:00,85.245
4/28/2022 7:00,214.238
4/28/2022 8:00,362.875
4/28/2022 9:00,484.581
4/28/2022 10:00,574.948
4/28/2022 11:00,623.756
4/28/2022 12:00,628.514
4/28/2022 13:00,596.748
4/28/2022 14:00,512.447
4/28/2022 15:00,403.201
4/28/2022 16:00,287.586
4/28/2022 17:00,164.648
4/28/2022 18:00,48.8
4/28/2022 19:00,1.733
4/28/2022 20:00,0
4/28/2022 21:00,0
4/28/2022 22:00,0
4/28/2022 23:00,0
4/29/2022 0:00,0
4/29/2022 1:00,0
4/29/2022 2:00,0
4/29/2022 3:00,0
4/29/2022 4:00,0.005
4/29/2022 5:00,20.545
4/29/2022 6:00,138.215
4/29/2022 7:00,322.192
4/29/2022 8:00,519.913
4/29/2022 9:00,691.792
4/29/2022 10:00,820.555
4/29/2022 11:00,894.127
4/29/2022 12:00,915.354
4/29/2022 13:00,855.353
4/29/2022 14:00,743.415
4/29/2022 15:00,588.776
4/29/2022 16:00,409.695
4/29/2022 17:00,226.081
4/29/2022 18:00,62.753
4/29/2022 19:00,1.855
4/29/2022 20:00,0
4/29/2022 21:00,0
4/29/2022 22:00,0
4/29/2022 23:00,0
4/30/2022 0:00,0
4/30/2022 1:00,0
4/30/2022 2:00,0
4/30/2022 3:00,0
4/30/2022 4:00,0.008
4/30/2022 5:00,18.961
4/30/2022 6:00,129.526
4/30/2022 7:00,301.675
4/30/2022 8:00,481.697
4/30/2022 9:00,637.189
4/30/2022 10:00,739.002
4/30/2022 11:00,776.875
4/30/2022 12:00,780.058
4/30/2022 13:00,734.831
4/30/2022 14:00,654.545
4/30/2022 15:00,527.369
4/30/2022 16:00,372.936
4/30/2022 17:00,208.43
4/30/2022 18:00,60.332
4/30/2022 19:00,1.892
4/30/2022 20:00,0
4/30/2022 21:00,0
4/30/2022 22:00,0
4/30/2022 23:00,0
5/1/2022 0:00,0
5/1/2022 1:00,0
5/1/2022 2:00,0
5/1/2022 3:00,0
5/1/2022 4:00,0.013
5/1/2022 5:00,22
5/1/2022 6:00,150.012
5/1/2022 7:00,344.274
5/1/2022 8:00,544.861
5/1/2022 9:00,715.063
5/1/2022 10:00,837.775
5/1/2022 11:00,900.317
5/1/2022 12:00,900.265
5/1/2022 13:00,829.934
5/1/2022 14:00,717.778
5/1/2022 15:00,567.857
5/1/2022 16:00,390.79
5/1/2022 17:00,213.493
5/1/2022 18:00,62.248
5/1/2022 19:00,2.072
5/1/2022 20:00,0
5/1/2022 21:00,0
5/1/2022 22:00,0
5/1/2022 23:00,0
5/2/2022 0:00,0
5/2/2022 1:00,0
5/2/2022 2:00,0
5/2/2022 3:00,0
5/2/2022 4:00,0.013
5/2/2022 5:00,19.141
5/2/2022 6:00,126.374
5/2/2022 7:00,291.217
5/2/2022 8:00,457.37
5/2/2022 9:00,574.476
5/2/2022 10:00,638.874
5/2/2022 11:00,675.163
5/2/2022 12:00,662.411
5/2/2022 13:00,606.833
5/2/2022 14:00,509.928
5/2/2022 15:00,395.538
5/2/2022 16:00,268.794
5/2/2022 17:00,144.814
5/2/2022 18:00,42.978
5/2/2022 19:00,1.911
5/2/2022 20:00,0
5/2/2022 21:00,0
5/2/2022 22:00,0
5/2/2022 23:00,0
5/3/2022 0:00,0
5/3/2022 1:00,0
5/3/2022 2:00,0
5/3/2022 3:00,0
5/3/2022 4:00,0.038
5/3/2022 5:00,18.884
5/3/2022 6:00,109.819
5/3/2022 7:00,244.042
5/3/2022 8:00,384.95
5/3/2022 9:00,512.784
5/3/2022 10:00,620.563
5/3/2022 11:00,676.6
5/3/2022 12:00,670.439
5/3/2022 13:00,646.427
5/3/2022 14:00,560.766
5/3/2022 15:00,448.329
5/3/2022 16:00,314.518
5/3/2022 17:00,176.883
5/3/2022 18:00,54.82
5/3/2022 19:00,2.448
5/3/2022 20:00,0
5/3/2022 21:00,0
5/3/2022 22:00,0
5/3/2022 23:00,0
5/4/2022 0:00,0
5/4/2022 1:00,0
5/4/2022 2:00,0
5/4/2022 3:00,0
5/4/2022 4:00,0.05
5/4/2022 5:00,20.272
5/4/2022 6:00,117.783
5/4/2022 7:00,267.312
5/4/2022 8:00,442.618
5/4/2022 9:00,579.949
5/4/2022 10:00,664.317
5/4/2022 11:00,700.244
5/4/2022 12:00,685.428
5/4/2022 13:00,629.693
5/4/2022 14:00,547.589
5/4/2022 15:00,432.747
5/4/2022 16:00,305.683
5/4/2022 17:00,170.598
5/4/2022 18:00,57.07
5/4/2022 19:00,2.342
5/4/2022 20:00,0
5/4/2022 21:00,0
5/4/2022 22:00,0
5/4/2022 23:00,0
5/5/2022 0:00,0
5/5/2022 1:00,0
5/5/2022 2:00,0
5/5/2022 3:00,0
5/5/2022 4:00,0.072
5/5/2022 5:00,28.585
5/5/2022 6:00,160.882
5/5/2022 7:00,355.607
5/5/2022 8:00,558.622
5/5/2022 9:00,732.242
5/5/2022 10:00,857.385
5/5/2022 11:00,934.136
5/5/2022 12:00,951.152
5/5/2022 13:00,902.452
5/5/2022 14:00,794.499
5/5/2022 15:00,639.483
5/5/2022 16:00,458.649
5/5/2022 17:00,263.129
5/5/2022 18:00,85.362
5/5/2022 19:00,3.355
5/5/2022 20:00,0
5/5/2022 21:00,0
5/5/2022 22:00,0
5/5/2022 23:00,0
5/6/2022 0:00,0
5/6/2022 1:00,0
5/6/2022 2:00,0
5/6/2022 3:00,0
5/6/2022 4:00,0.115
5/6/2022 5:00,35.856
5/6/2022 6:00,187.34
5/6/2022 7:00,391.628
5/6/2022 8:00,590.053
5/6/2022 9:00,759.674
5/6/2022 10:00,885.538
5/6/2022 11:00,957.403
5/6/2022 12:00,969.202
5/6/2022 13:00,921.837
5/6/2022 14:00,817.546
5/6/2022 15:00,662.937
5/6/2022 16:00,475.227
5/6/2022 17:00,275.001
5/6/2022 18:00,89.799
5/6/2022 19:00,3.729
5/6/2022 20:00,0
5/6/2022 21:00,0
5/6/2022 22:00,0
5/6/2022 23:00,0
5/7/2022 0:00,0
5/7/2022 1:00,0
5/7/2022 2:00,0
5/7/2022 3:00,0
5/7/2022 4:00,0.134
5/7/2022 5:00,35.996
5/7/2022 6:00,188.119
5/7/2022 7:00,389.14
5/7/2022 8:00,583.578
5/7/2022 9:00,752.781
5/7/2022 10:00,873.36
5/7/2022 11:00,935.935
5/7/2022 12:00,935.235
5/7/2022 13:00,885.361
5/7/2022 14:00,787.694
5/7/2022 15:00,639.7
5/7/2022 16:00,463.643
5/7/2022 17:00,269.675
5/7/2022 18:00,88.04
5/7/2022 19:00,3.489
5/7/2022 20:00,0
5/7/2022 21:00,0
5/7/2022 22:00,0
5/7/2022 23:00,0
5/8/2022 0:00,0
5/8/2022 1:00,0
5/8/2022 2:00,0
5/8/2022 3:00,0
5/8/2022 4:00,0.182
5/8/2022 5:00,38.906
5/8/2022 6:00,189.22
5/8/2022 7:00,381.896
5/8/2022 8:00,567.487
5/8/2022 9:00,721.718
5/8/2022 10:00,830.839
5/8/2022 11:00,883.051
5/8/2022 12:00,886.984
5/8/2022 13:00,836.541
5/8/2022 14:00,747.857
5/8/2022 15:00,613.973
5/8/2022 16:00,444.294
5/8/2022 17:00,258.56
5/8/2022 18:00,87.698
5/8/2022 19:00,4.306
5/8/2022 20:00,0
5/8/2022 21:00,0
5/8/2022 22:00,0
5/8/2022 23:00,0
5/9/2022 0:00,0
5/9/2022 1:00,0
5/9/2022 2:00,0
5/9/2022 3:00,0
5/9/2022 4:00,0.21
5/9/2022 5:00,40.494
5/9/2022 6:00,196.92
5/9/2022 7:00,395.982
5/9/2022 8:00,591.364
5/9/2022 9:00,754.807
5/9/2022 10:00,873.987
5/9/2022 11:00,935.081
5/9/2022 12:00,943.936
5/9/2022 13:00,893.868
5/9/2022 14:00,794.393
5/9/2022 15:00,643.477
5/9/2022 16:00,467.677
5/9/2022 17:00,273.439
5/9/2022 18:00,92.855
5/9/2022 19:00,4.4
5/9/2022 20:00,0
5/9/2022 21:00,0
5/9/2022 22:00,0
5/9/2022 23:00,0
5/10/2022 0:00,0
5/10/2022 1:00,0
5/10/2022 2:00,0
5/10/2022 3:00,0
5/10/2022 4:00,0.276
5/10/2022 5:00,41.114
5/10/2022 6:00,196.283
5/10/2022 7:00,393.401
5/10/2022 8:00,581.977
5/10/2022 9:00,744.787
5/10/2022 10:00,869.053
5/10/2022 11:00,940.698
5/10/2022 12:00,950.544
5/10/2022 13:00,899.178
5/10/2022 14:00,792.009
5/10/2022 15:00,643.004
5/10/2022 16:00,465.37
5/10/2022 17:00,272.328
5/10/2022 18:00,94.173
5/10/2022 19:00,4.744
5/10/2022 20:00,0
5/10/2022 21:00,0
5/10/2022 22:00,0
5/10/2022 23:00,0
5/11/2022 0:00,0
5/11/2022 1:00,0
5/11/2022 2:00,0
5/11/2022 3:00,0
5/11/2022 4:00,0.324
5/11/2022 5:00,44.308
5/11/2022 6:00,201.245
5/11/2022 7:00,396.837
5/11/2022 8:00,586.47
5/11/2022 9:00,750.748
5/11/2022 10:00,869.768
5/11/2022 11:00,938.415
5/11/2022 12:00,950.034
5/11/2022 13:00,899.875
5/11/2022 14:00,786.195
5/11/2022 15:00,622.781
5/11/2022 16:00,428.656
5/11/2022 17:00,234.741
5/11/2022 18:00,75.571
5/11/2022 19:00,3.781
5/11/2022 20:00,0
5/11/2022 21:00,0
5/11/2022 22:00,0
5/11/2022 23:00,0
5/12/2022 0:00,0
5/12/2022 1:00,0
5/12/2022 2:00,0
5/12/2022 3:00,0
5/12/2022 4:00,0.391
5/12/2022 5:00,36.367
5/12/2022 6:00,147.789
5/12/2022 7:00,297.12
5/12/2022 8:00,479.593
5/12/2022 9:00,625.895
5/12/2022 10:00,726.368
5/12/2022 11:00,794.199
5/12/2022 12:00,765.023
5/12/2022 13:00,673.552
5/12/2022 14:00,586.788
5/12/2022 15:00,484.542
5/12/2022 16:00,353.086
5/12/2022 17:00,205.015
5/12/2022 18:00,71.447
5/12/2022 19:00,4.323
5/12/2022 20:00,0
5/12/2022 21:00,0
5/12/2022 22:00,0
5/12/2022 23:00,0
5/13/2022 0:00,0
5/13/2022 1:00,0
5/13/2022 2:00,0
5/13/2022 3:00,0
5/13/2022 4:00,0.452
5/13/2022 5:00,41.993
5/13/2022 6:00,183.63
5/13/2022 7:00,367.133
5/13/2022 8:00,554.772
5/13/2022 9:00,715.05
5/13/2022 10:00,838.813
5/13/2022 11:00,914.868
5/13/2022 12:00,940.696
5/13/2022 13:00,896.729
5/13/2022 14:00,793.249
5/13/2022 15:00,639.725
5/13/2022 16:00,452.236
5/13/2022 17:00,257.537
5/13/2022 18:00,85.719
5/13/2022 19:00,4.684
5/13/2022 20:00,0
5/13/2022 21:00,0
5/13/2022 22:00,0
5/13/2022 23:00,0
5/14/2022 0:00,0
5/14/2022 1:00,0
5/14/2022 2:00,0
5/14/2022 3:00,0
5/14/2022 4:00,0.524
5/14/2022 5:00,33.145
5/14/2022 6:00,123.619
5/14/2022 7:00,253.436
5/14/2022 8:00,404.321
5/14/2022 9:00,555.228
5/14/2022 10:00,695.63
5/14/2022 11:00,775.679
5/14/2022 12:00,805.813
5/14/2022 13:00,747.271
5/14/2022 14:00,640.816
5/14/2022 15:00,517.986
5/14/2022 16:00,379.648
5/14/2022 17:00,228.509
5/14/2022 18:00,82.095
5/14/2022 19:00,5.109
5/14/2022 20:00,0
5/14/2022 21:00,0
5/14/2022 22:00,0
5/14/2022 23:00,0
5/15/2022 0:00,0
5/15/2022 1:00,0
5/15/2022 2:00,0
5/15/2022 3:00,0
5/15/2022 4:00,0.577
5/15/2022 5:00,42.449
5/15/2022 6:00,184.532
5/15/2022 7:00,372.869
5/15/2022 8:00,563.71
5/15/2022 9:00,732.727
5/15/2022 10:00,853.824
5/15/2022 11:00,917.44
5/15/2022 12:00,908.235
5/15/2022 13:00,843.065
5/15/2022 14:00,720.724
5/15/2022 15:00,549.456
5/15/2022 16:00,378.497
5/15/2022 17:00,216.128
5/15/2022 18:00,79.001
5/15/2022 19:00,6.139
5/15/2022 20:00,0
5/15/2022 21:00,0
5/15/2022 22:00,0
5/15/2022 23:00,0
5/16/2022 0:00,0
5/16/2022 1:00,0
5/16/2022 2:00,0
5/16/2022 3:00,0
5/16/2022 4:00,0.655
5/16/2022 5:00,45.416
5/16/2022 6:00,184.297
5/16/2022 7:00,365.841
5/16/2022 8:00,547.557
5/16/2022 9:00,710.23
5/16/2022 10:00,834.932
5/16/2022 11:00,907.123
5/16/2022 12:00,919.626
5/16/2022 13:00,869.977
5/16/2022 14:00,768.6
5/16/2022 15:00,626.881
5/16/2022 16:00,456.868
5/16/2022 17:00,277.591
5/16/2022 18:00,106.177
5/16/2022 19:00,7.488
5/16/2022 20:00,0
5/16/2022 21:00,0
5/16/2022 22:00,0
5/16/2022 23:00,0
5/17/2022 0:00,0
5/17/2022 1:00,0
5/17/2022 2:00,0
5/17/2022 3:00,0
5/17/2022 4:00,0.783
5/17/2022 5:00,53.748
5/17/2022 6:00,212.32
5/17/2022 7:00,407.102
5/17/2022 8:00,597.004
5/17/2022 9:00,758.99
5/17/2022 10:00,878.739
5/17/2022 11:00,947.883
5/17/2022 12:00,957.45
5/17/2022 13:00,911.124
5/17/2022 14:00,809.459
5/17/2022 15:00,662.74
5/17/2022 16:00,482.328
5/17/2022 17:00,284.147
5/17/2022 18:00,101.939
5/17/2022 19:00,7.151
5/17/2022 20:00,0
5/17/2022 21:00,0
5/17/2022 22:00,0
5/17/2022 23:00,0
5/18/2022 0:00,0
5/18/2022 1:00,0
5/18/2022 2:00,0
5/18/2022 3:00,0
5/18/2022 4:00,0.846
5/18/2022 5:00,49.668
5/18/2022 6:00,193.681
5/18/2022 7:00,374.236
5/18/2022 8:00,556.225
5/18/2022 9:00,716.667
5/18/2022 10:00,825.635
5/18/2022 11:00,891.354
5/18/2022 12:00,911.051
5/18/2022 13:00,853.009
5/18/2022 14:00,751.562
5/18/2022 15:00,602.392
5/18/2022 16:00,422.967
5/18/2022 17:00,241.778
5/18/2022 18:00,86.446
5/18/2022 19:00,6.331
5/18/2022 20:00,0
5/18/2022 21:00,0
5/18/2022 22:00,0
5/18/2022 23:00,0
5/19/2022 0:00,0
5/19/2022 1:00,0
5/19/2022 2:00,0
5/19/2022 3:00,0
5/19/2022 4:00,0.872
5/19/2022 5:00,46.66
5/19/2022 6:00,186.542
5/19/2022 7:00,376.499
5/19/2022 8:00,578.325
5/19/2022 9:00,743.414
5/19/2022 10:00,854.992
5/19/2022 11:00,912.009
5/19/2022 12:00,912.391
5/19/2022 13:00,864.827
5/19/2022 14:00,757.208
5/19/2022 15:00,594.07
5/19/2022 16:00,413.656
5/19/2022 17:00,238.441
5/19/2022 18:00,86.167
5/19/2022 19:00,6.193
5/19/2022 20:00,0
5/19/2022 21:00,0
5/19/2022 22:00,0
5/19/2022 23:00,0
5/20/2022 0:00,0
5/20/2022 1:00,0
5/20/2022 2:00,0
5/20/2022 3:00,0
5/20/2022 4:00,0.963
5/20/2022 5:00,45.898
5/20/2022 6:00,171.46
5/20/2022 7:00,325.421
5/20/2022 8:00,484.885
5/20/2022 9:00,623.519
5/20/2022 10:00,715.513
5/20/2022 11:00,772.968
5/20/2022 12:00,781.217
5/20/2022 13:00,746.472
5/20/2022 14:00,651.148
5/20/2022 15:00,500.071
5/20/2022 16:00,336.106
5/20/2022 17:00,186.767
5/20/2022 18:00,66.941
5/20/2022 19:00,5.355
5/20/2022 20:00,0
5/20/2022 21:00,0
5/20/2022 22:00,0
5/20/2022 23:00,0
5/21/2022 0:00,0
5/21/2022 1:00,0
5/21/2022 2:00,0
5/21/2022 3:00,0
5/21/2022 4:00,1.152
5/21/2022 5:00,46.477
5/21/2022 6:00,169.552
5/21/2022 7:00,331.442
5/21/2022 8:00,485.051
5/21/2022 9:00,621.24
5/21/2022 10:00,723.496
5/21/2022 11:00,780.532
5/21/2022 12:00,793.535
5/21/2022 13:00,761.096
5/21/2022 14:00,673.066
5/21/2022 15:00,530.754
5/21/2022 16:00,382.398
5/21/2022 17:00,215.767
5/21/2022 18:00,76.926
5/21/2022 19:00,5.983
5/21/2022 20:00,0
5/21/2022 21:00,0
5/21/2022 22:00,0
5/21/2022 23:00,0
5/22/2022 0:00,0
5/22/2022 1:00,0
5/22/2022 2:00,0
5/22/2022 3:00,0
5/22/2022 4:00,1.226
5/22/2022 5:00,41.627
5/22/2022 6:00,149.059
5/22/2022 7:00,285.079
5/22/2022 8:00,421.074
5/22/2022 9:00,548.794
5/22/2022 10:00,656.514
5/22/2022 11:00,704.562
5/22/2022 12:00,714.871
5/22/2022 13:00,700.911
5/22/2022 14:00,647.431
5/22/2022 15:00,533.485
5/22/2022 16:00,400.604
5/22/2022 17:00,239.082
5/22/2022 18:00,91.472
5/22/2022 19:00,8.15
5/22/2022 20:00,0
5/22/2022 21:00,0
5/22/2022 22:00,0
5/22/2022 23:00,0
5/23/2022 0:00,0
5/23/2022 1:00,0
5/23/2022 2:00,0
5/23/2022 3:00,0
5/23/2022 4:00,1.171
5/23/2022 5:00,54.046
5/23/2022 6:00,204.905
5/23/2022 7:00,395.023
5/23/2022 8:00,581.131
5/23/2022 9:00,750.915
5/23/2022 10:00,875.302
5/23/2022 11:00,931.456
5/23/2022 12:00,930.679
5/23/2022 13:00,871.41
5/23/2022 14:00,766.172
5/23/2022 15:00,615.37
5/23/2022 16:00,440.393
5/23/2022 17:00,257.306
5/23/2022 18:00,97.723
5/23/2022 19:00,9.224
5/23/2022 20:00,0
5/23/2022 21:00,0
5/23/2022 22:00,0
5/23/2022 23:00,0
5/24/2022 0:00,0
5/24/2022 1:00,0
5/24/2022 2:00,0
5/24/2022 3:00,0
5/24/2022 4:00,0.932
5/24/2022 5:00,48.2
5/24/2022 6:00,184.911
5/24/2022 7:00,349.969
5/24/2022 8:00,511.221
5/24/2022 9:00,638.98
5/24/2022 10:00,683.018
5/24/2022 11:00,746.951
5/24/2022 12:00,710.824
5/24/2022 13:00,620.008
5/24/2022 14:00,534.377
5/24/2022 15:00,438.323
5/24/2022 16:00,333.663
5/24/2022 17:00,197.833
5/24/2022 18:00,78.524
5/24/2022 19:00,8.161
5/24/2022 20:00,0
5/24/2022 21:00,0
5/24/2022 22:00,0
5/24/2022 23:00,0
5/25/2022 0:00,0
5/25/2022 1:00,0
5/25/2022 2:00,0
5/25/2022 3:00,0
5/25/2022 4:00,0.811
5/25/2022 5:00,52.129
5/25/2022 6:00,200.906
5/25/2022 7:00,391.167
5/25/2022 8:00,562.145
5/25/2022 9:00,725.595
5/25/2022 10:00,841.94
5/25/2022 11:00,909.436
5/25/2022 12:00,929.56
5/25/2022 13:00,885.196
5/25/2022 14:00,779.982
5/25/2022 15:00,643.035
5/25/2022 16:00,475.673
5/25/2022 17:00,297.408
5/25/2022 18:00,122.708
5/25/2022 19:00,11.705
5/25/2022 20:00,0
5/25/2022 21:00,0
5/25/2022 22:00,0
5/25/2022 23:00,0
5/26/2022 0:00,0
5/26/2022 1:00,0
5/26/2022 2:00,0
5/26/2022 3:00,0
5/26/2022 4:00,1.637
5/26/2022 5:00,64.428
5/26/2022 6:00,225.993
5/26/2022 7:00,421.405
5/26/2022 8:00,612.22
5/26/2022 9:00,778.83
5/26/2022 10:00,900.792
5/26/2022 11:00,972.612
5/26/2022 12:00,985.654
5/26/2022 13:00,938.731
5/26/2022 14:00,837.159
5/26/2022 15:00,689.18
5/26/2022 16:00,509.183
5/26/2022 17:00,313.33
5/26/2022 18:00,128.138
5/26/2022 19:00,12.155
5/26/2022 20:00,0
5/26/2022 21:00,0
5/26/2022 22:00,0
5/26/2022 23:00,0
5/27/2022 0:00,0
5/27/2022 1:00,0
5/27/2022 2:00,0
5/27/2022 3:00,0
5/27/2022 4:00,1.713
5/27/2022 5:00,65.537
5/27/2022 6:00,227.903
5/27/2022 7:00,421.765
5/27/2022 8:00,615.077
5/27/2022 9:00,775.181
5/27/2022 10:00,892.601
5/27/2022 11:00,969.247
5/27/2022 12:00,981.986
5/27/2022 13:00,938.829
5/27/2022 14:00,838.32
5/27/2022 15:00,691.883
5/27/2022 16:00,516.355
5/27/2022 17:00,319.276
5/27/2022 18:00,132.473
5/27/2022 19:00,13.343
5/27/2022 20:00,0
5/27/2022 21:00,0
5/27/2022 22:00,0
5/27/2022 23:00,0
5/28/2022 0:00,0
5/28/2022 1:00,0
5/28/2022 2:00,0
5/28/2022 3:00,0
5/28/2022 4:00,2.021
5/28/2022 5:00,69.051
5/28/2022 6:00,234.904
5/28/2022 7:00,428.948
5/28/2022 8:00,617.54
5/28/2022 9:00,778.451
5/28/2022 10:00,900.662
5/28/2022 11:00,970.757
5/28/2022 12:00,985.984
5/28/2022 13:00,939.21
5/28/2022 14:00,836.698
5/28/2022 15:00,684.055
5/28/2022 16:00,503.522
5/28/2022 17:00,306.048
5/28/2022 18:00,124.488
5/28/2022 19:00,12.193
5/28/2022 20:00,0
5/28/2022 21:00,0
5/28/2022 22:00,0
5/28/2022 23:00,0
5/29/2022 0:00,0
5/29/2022 1:00,0
5/29/2022 2:00,0
5/29/2022 3:00,0
5/29/2022 4:00,2.321
5/29/2022 5:00,68.375
5/29/2022 6:00,223.767
5/29/2022 7:00,405.821
5/29/2022 8:00,584.504
5/29/2022 9:00,750.056
5/29/2022 10:00,871.62
5/29/2022 11:00,939.636
5/29/2022 12:00,960.318
5/29/2022 13:00,914.425
5/29/2022 14:00,801.252
5/29/2022 15:00,639.137
5/29/2022 16:00,457.02
5/29/2022 17:00,277.073
5/29/2022 18:00,113.965
5/29/2022 19:00,11.751
5/29/2022 20:00,0
5/29/2022 21:00,0
5/29/2022 22:00,0
5/29/2022 23:00,0
5/30/2022 0:00,0
5/30/2022 1:00,0
5/30/2022 2:00,0
5/30/2022 3:00,0
5/30/2022 4:00,1.867
5/30/2022 5:00,59.882
5/30/2022 6:00,201.659
5/30/2022 7:00,374.802
5/30/2022 8:00,538.176
5/30/2022 9:00,685.481
5/30/2022 10:00,777.659
5/30/2022 11:00,789.378
5/30/2022 12:00,768.343
5/30/2022 13:00,711.777
5/30/2022 14:00,589.929
5/30/2022 15:00,479.528
5/30/2022 16:00,375.57
5/30/2022 17:00,225.474
5/30/2022 18:00,88.601
5/30/2022 19:00,10.246
5/30/2022 20:00,0.001
5/30/2022 21:00,0
5/30/2022 22:00,0
5/30/2022 23:00,0
5/31/2022 0:00,0
5/31/2022 1:00,0
5/31/2022 2:00,0
5/31/2022 3:00,0
5/31/2022 4:00,2.14
5/31/2022 5:00,65.114
5/31/2022 6:00,220.03
5/31/2022 7:00,405.595
5/31/2022 8:00,583.851
5/31/2022 9:00,740.558
5/31/2022 10:00,864.375
5/31/2022 11:00,935.4
5/31/2022 12:00,946.029
5/31/2022 13:00,897.019
5/31/2022 14:00,796.471
5/31/2022 15:00,654.845
5/31/2022 16:00,482.801
5/31/2022 17:00,302.315
5/31/2022 18:00,126.592
5/31/2022 19:00,12.812
5/31/2022 20:00,0.001
5/31/2022 21:00,0
5/31/2022 22:00,0
5/31/2022 23:00,0
6/1/2022 0:00,0
6/1/2022 1:00,0
6/1/2022 2:00,0
6/1/2022 3:00,0
6/1/2022 4:00,2.657
6/1/2022 5:00,73.501
6/1/2022 6:00,234.929
6/1/2022 7:00,423.506
6/1/2022 8:00,604.307
6/1/2022 9:00,755.526
6/1/2022 10:00,866.197
6/1/2022 11:00,929.19
6/1/2022 12:00,947.251
6/1/2022 13:00,900.635
6/1/2022 14:00,792.103
6/1/2022 15:00,638.091
6/1/2022 16:00,469.217
6/1/2022 17:00,290.635
6/1/2022 18:00,121.874
6/1/2022 19:00,13.226
6/1/2022 20:00,0.002
6/1/2022 21:00,0
6/1/2022 22:00,0
6/1/2022 23:00,0
6/2/2022 0:00,0
6/2/2022 1:00,0
6/2/2022 2:00,0
6/2/2022 3:00,0
6/2/2022 4:00,2.789
6/2/2022 5:00,68.598
6/2/2022 6:00,218.052
6/2/2022 7:00,399.355
6/2/2022 8:00,574.736
6/2/2022 9:00,716.071
6/2/2022 10:00,805.579
6/2/2022 11:00,846.334
6/2/2022 12:00,836.817
6/2/2022 13:00,760.694
6/2/2022 14:00,617.665
6/2/2022 15:00,466.654
6/2/2022 16:00,331.375
6/2/2022 17:00,196.69
6/2/2022 18:00,81.57
6/2/2022 19:00,10.384
6/2/2022 20:00,0.002
6/2/2022 21:00,0
6/2/2022 22:00,0
6/2/2022 23:00,0
6/3/2022 0:00,0
6/3/2022 1:00,0
6/3/2022 2:00,0
6/3/2022 3:00,0
6/3/2022 4:00,1.526
6/3/2022 5:00,60.812
6/3/2022 6:00,217.793
6/3/2022 7:00,412.916
6/3/2022 8:00,595.411
6/3/2022 9:00,758.352
6/3/2022 10:00,878.778
6/3/2022 11:00,944.318
6/3/2022 12:00,949.933
6/3/2022 13:00,902.527
6/3/2022 14:00,802.654
6/3/2022 15:00,659.994
6/3/2022 16:00,488.831
6/3/2022 17:00,303.818
6/3/2022 18:00,125.118
6/3/2022 19:00,13.798
6/3/2022 20:00,0.003
6/3/2022 21:00,0
6/3/2022 22:00,0
6/3/2022 23:00,0
6/4/2022 0:00,0
6/4/2022 1:00,0
6/4/2022 2:00,0
6/4/2022 3:00,0
6/4/2022 4:00,2.829
6/4/2022 5:00,68.071
6/4/2022 6:00,211.504
6/4/2022 7:00,392.213
6/4/2022 8:00,572.017
6/4/2022 9:00,727.199
6/4/2022 10:00,841.802
6/4/2022 11:00,890.526
6/4/2022 12:00,900.249
6/4/2022 13:00,874.919
6/4/2022 14:00,783.508
6/4/2022 15:00,642.772
6/4/2022 16:00,473.683
6/4/2022 17:00,291.217
6/4/2022 18:00,124.76
6/4/2022 19:00,15.057
6/4/2022 20:00,0.005
6/4/2022 21:00,0
6/4/2022 22:00,0
6/4/2022 23:00,0
6/5/2022 0:00,0
6/5/2022 1:00,0
6/5/2022 2:00,0
6/5/2022 3:00,0
6/5/2022 4:00,3.019
6/5/2022 5:00,72.931
6/5/2022 6:00,229.738
6/5/2022 7:00,419.27
6/5/2022 8:00,601.53
6/5/2022 9:00,763.713
6/5/2022 10:00,882.283
6/5/2022 11:00,950.351
6/5/2022 12:00,965.081
6/5/2022 13:00,921.976
6/5/2022 14:00,818.517
6/5/2022 15:00,671.811
6/5/2022 16:00,494.773
6/5/2022 17:00,304.288
6/5/2022 18:00,129.312
6/5/2022 19:00,15.257
6/5/2022 20:00,0.004
6/5/2022 21:00,0
6/5/2022 22:00,0
6/5/2022 23:00,0
6/6/2022 0:00,0
6/6/2022 1:00,0
6/6/2022 2:00,0
6/6/2022 3:00,0
6/6/2022 4:00,3.151
6/6/2022 5:00,72.588
6/6/2022 6:00,225.13
6/6/2022 7:00,403.153
6/6/2022 8:00,579.064
6/6/2022 9:00,731.666
6/6/2022 10:00,841.975
6/6/2022 11:00,903.05
6/6/2022 12:00,909.207
6/6/2022 13:00,845.637
6/6/2022 14:00,766.355
6/6/2022 15:00,648.839
6/6/2022 16:00,481.1
6/6/2022 17:00,295.337
6/6/2022 18:00,121.323
6/6/2022 19:00,15.505
6/6/2022 20:00,0.003
6/6/2022 21:00,0
6/6/2022 22:00,0
6/6/2022 23:00,0
6/7/2022 0:00,0
6/7/2022 1:00,0
6/7/2022 2:00,0
6/7/2022 3:00,0
6/7/2022 4:00,2.862
6/7/2022 5:00,63.37
6/7/2022 6:00,228.533
6/7/2022 7:00,422.354
6/7/2022 8:00,606.082
6/7/2022 9:00,770.495
6/7/2022 10:00,891.417
6/7/2022 11:00,954.853
6/7/2022 12:00,951.481
6/7/2022 13:00,897.897
6/7/2022 14:00,785.845
6/7/2022 15:00,650.727
6/7/2022 16:00,481.495
6/7/2022 17:00,296.133
6/7/2022 18:00,124.984
6/7/2022 19:00,14.328
6/7/2022 20:00,0.004
6/7/2022 21:00,0
6/7/2022 22:00,0
6/7/2022 23:00,0
6/8/2022 0:00,0
6/8/2022 1:00,0
6/8/2022 2:00,0
6/8/2022 3:00,0
6/8/2022 4:00,2.357
6/8/2022 5:00,52.666
6/8/2022 6:00,180.654
6/8/2022 7:00,333.305
6/8/2022 8:00,498.529
6/8/2022 9:00,659.739
6/8/2022 10:00,763.157
6/8/2022 11:00,818.847
6/8/2022 12:00,838.416
6/8/2022 13:00,813.796
6/8/2022 14:00,722.538
6/8/2022 15:00,581.57
6/8/2022 16:00,434.183
6/8/2022 17:00,273.576
6/8/2022 18:00,118.19
6/8/2022 19:00,15.078
6/8/2022 20:00,0.01
6/8/2022 21:00,0
6/8/2022 22:00,0
6/8/2022 23:00,0
6/9/2022 0:00,0
6/9/2022 1:00,0
6/9/2022 2:00,0
6/9/2022 3:00,0
6/9/2022 4:00,3.591
6/9/2022 5:00,77.592
6/9/2022 6:00,248.033
6/9/2022 7:00,440.377
6/9/2022 8:00,625.452
6/9/2022 9:00,783.515
6/9/2022 10:00,900.623
6/9/2022 11:00,967.074
6/9/2022 12:00,981.335
6/9/2022 13:00,935.9
6/9/2022 14:00,833.204
6/9/2022 15:00,681.549
6/9/2022 16:00,503.596
6/9/2022 17:00,313.557
6/9/2022 18:00,136.487
6/9/2022 19:00,17.449
6/9/2022 20:00,0.01
6/9/2022 21:00,0
6/9/2022 22:00,0
6/9/2022 23:00,0
6/10/2022 0:00,0
6/10/2022 1:00,0
6/10/2022 2:00,0
6/10/2022 3:00,0
6/10/2022 4:00,4.315
6/10/2022 5:00,82.393
6/10/2022 6:00,237.839
6/10/2022 7:00,415.904
6/10/2022 8:00,598.094
6/10/2022 9:00,760.015
6/10/2022 10:00,878.096
6/10/2022 11:00,944.446
6/10/2022 12:00,944.367
6/10/2022 13:00,852.864
6/10/2022 14:00,736.965
6/10/2022 15:00,603.568
6/10/2022 16:00,453.577
6/10/2022 17:00,288.021
6/10/2022 18:00,127.611
6/10/2022 19:00,17.522
6/10/2022 20:00,0.015
6/10/2022 21:00,0
6/10/2022 22:00,0
6/10/2022 23:00,0
6/11/2022 0:00,0
6/11/2022 1:00,0
6/11/2022 2:00,0
6/11/2022 3:00,0
6/11/2022 4:00,3.684
6/11/2022 5:00,77.744
6/11/2022 6:00,234.898
6/11/2022 7:00,424.009
6/11/2022 8:00,606.597
6/11/2022 9:00,761.944
6/11/2022 10:00,867.573
6/11/2022 11:00,924.534
6/11/2022 12:00,940.768
6/11/2022 13:00,905.712
6/11/2022 14:00,811.229
6/11/2022 15:00,662.618
6/11/2022 16:00,487.629
6/11/2022 17:00,303.766
6/11/2022 18:00,130.213
6/11/2022 19:00,16.549
6/11/2022 20:00,0.014
6/11/2022 21:00,0
6/11/2022 22:00,0
6/11/2022 23:00,0
6/12/2022 0:00,0
6/12/2022 1:00,0
6/12/2022 2:00,0
6/12/2022 3:00,0
6/12/2022 4:00,3.161
6/12/2022 5:00,59.177
6/12/2022 6:00,193.132
6/12/2022 7:00,387.228
6/12/2022 8:00,559.655
6/12/2022 9:00,698.165
6/12/2022 10:00,801.956
6/12/2022 11:00,883.137
6/12/2022 12:00,923.081
6/12/2022 13:00,886.119
6/12/2022 14:00,782.67
6/12/2022 15:00,643.478
6/12/2022 16:00,471.886
6/12/2022 17:00,293.225
6/12/2022 18:00,123.911
6/12/2022 19:00,15.862
6/12/2022 20:00,0.016
6/12/2022 21:00,0
6/12/2022 22:00,0
6/12/2022 23:00,0
6/13/2022 0:00,0
6/13/2022 1:00,0
6/13/2022 2:00,0
6/13/2022 3:00,0
6/13/2022 4:00,3.534
6/13/2022 5:00,67.869
6/13/2022 6:00,210.651
6/13/2022 7:00,389.05
6/13/2022 8:00,567.988
6/13/2022 9:00,728.907
6/13/2022 10:00,847.376
6/13/2022 11:00,912.715
6/13/2022 12:00,934.346
6/13/2022 13:00,892.803
6/13/2022 14:00,797.311
6/13/2022 15:00,645.5
6/13/2022 16:00,475.644
6/13/2022 17:00,290.646
6/13/2022 18:00,120.635
6/13/2022 19:00,15.714
6/13/2022 20:00,0.019
6/13/2022 21:00,0
6/13/2022 22:00,0
6/13/2022 23:00,0
6/14/2022 0:00,0
6/14/2022 1:00,0
6/14/2022 2:00,0
6/14/2022 3:00,0
6/14/2022 4:00,3.514
6/14/2022 5:00,60.325
6/14/2022 6:00,183.234
6/14/2022 7:00,331.521
6/14/2022 8:00,481.443
6/14/2022 9:00,620.75
6/14/2022 10:00,738.592
6/14/2022 11:00,816.358
6/14/2022 12:00,846.222
6/14/2022 13:00,811.535
6/14/2022 14:00,721.686
6/14/2022 15:00,586.969
6/14/2022 16:00,434.527
6/14/2022 17:00,264.685
6/14/2022 18:00,110.279
6/14/2022 19:00,16.117
6/14/2022 20:00,0.021
6/14/2022 21:00,0
6/14/2022 22:00,0
6/14/2022 23:00,0
6/15/2022 0:00,0
6/15/2022 1:00,0
6/15/2022 2:00,0
6/15/2022 3:00,0
6/15/2022 4:00,3.679
6/15/2022 5:00,67.947
6/15/2022 6:00,206.359
6/15/2022 7:00,369.415
6/15/2022 8:00,527.275
6/15/2022 9:00,667.932
6/15/2022 10:00,764.905
6/15/2022 11:00,818.47
6/15/2022 12:00,816.746
6/15/2022 13:00,762.35
6/15/2022 14:00,667.367
6/15/2022 15:00,537.003
6/15/2022 16:00,383.696
6/15/2022 17:00,220.283
6/15/2022 18:00,87.018
6/15/2022 19:00,12.167
6/15/2022 20:00,0.011
6/15/2022 21:00,0
6/15/2022 22:00,0
6/15/2022 23:00,0
6/16/2022 0:00,0
6/16/2022 1:00,0
6/16/2022 2:00,0
6/16/2022 3:00,0
6/16/2022 4:00,3.64
6/16/2022 5:00,59.644
6/16/2022 6:00,188.158
6/16/2022 7:00,352.009
6/16/2022 8:00,514.445
6/16/2022 9:00,664.245
6/16/2022 10:00,763.039
6/16/2022 11:00,821.118
6/16/2022 12:00,833.236
6/16/2022 13:00,785.271
6/16/2022 14:00,671.175
6/16/2022 15:00,536.81
6/16/2022 16:00,393.022
6/16/2022 17:00,238.251
6/16/2022 18:00,99.467
6/16/2022 19:00,13.35
6/16/2022 20:00,0.011
6/16/2022 21:00,0
6/16/2022 22:00,0
6/16/2022 23:00,0
6/17/2022 0:00,0
6/17/2022 1:00,0
6/17/2022 2:00,0
6/17/2022 3:00,0
6/17/2022 4:00,3.73
6/17/2022 5:00,65.804
6/17/2022 6:00,206.415
6/17/2022 7:00,383.52
6/17/2022 8:00,559.878
6/17/2022 9:00,719.812
6/17/2022 10:00,830.945
6/17/2022 11:00,888.95
6/17/2022 12:00,885.108
6/17/2022 13:00,826.131
6/17/2022 14:00,706.365
6/17/2022 15:00,547.608
6/17/2022 16:00,400.244
6/17/2022 17:00,249.571
6/17/2022 18:00,107.432
6/17/2022 19:00,14.743
6/17/2022 20:00,0.013
6/17/2022 21:00,0
6/17/2022 22:00,0
6/17/2022 23:00,0
6/18/2022 0:00,0
6/18/2022 1:00,0
6/18/2022 2:00,0
6/18/2022 3:00,0
6/18/2022 4:00,3.66
6/18/2022 5:00,69.931
6/18/2022 6:00,218.414
6/18/2022 7:00,399.532
6/18/2022 8:00,573.048
6/18/2022 9:00,717.975
6/18/2022 10:00,835.573
6/18/2022 11:00,904.73
6/18/2022 12:00,913.941
6/18/2022 13:00,855.61
6/18/2022 14:00,745.336
6/18/2022 15:00,602.114
6/18/2022 16:00,441.567
6/18/2022 17:00,271.082
6/18/2022 18:00,112.574
6/18/2022 19:00,14.251
6/18/2022 20:00,0.009
6/18/2022 21:00,0
6/18/2022 22:00,0
6/18/2022 23:00,0
6/19/2022 0:00,0
6/19/2022 1:00,0
6/19/2022 2:00,0
6/19/2022 3:00,0
6/19/2022 4:00,4.048
6/19/2022 5:00,76.731
6/19/2022 6:00,236.619
6/19/2022 7:00,421.991
6/19/2022 8:00,601.444
6/19/2022 9:00,755.058
6/19/2022 10:00,866.304
6/19/2022 11:00,929.054
6/19/2022 12:00,938.583
6/19/2022 13:00,896.36
6/19/2022 14:00,798.29
6/19/2022 15:00,658.16
6/19/2022 16:00,489.221
6/19/2022 17:00,304.53
6/19/2022 18:00,131.081
6/19/2022 19:00,16.736
6/19/2022 20:00,0.014
6/19/2022 21:00,0
6/19/2022 22:00,0
6/19/2022 23:00,0
6/20/2022 0:00,0
6/20/2022 1:00,0
6/20/2022 2:00,0
6/20/2022 3:00,0
6/20/2022 4:00,3.196
6/20/2022 5:00,62.951
6/20/2022 6:00,197.229
6/20/2022 7:00,363.402
6/20/2022 8:00,521.885
6/20/2022 9:00,643.83
6/20/2022 10:00,721.041
6/20/2022 11:00,764.195
6/20/2022 12:00,780.699
6/20/2022 13:00,736.892
6/20/2022 14:00,640.666
6/20/2022 15:00,514.203
6/20/2022 16:00,383.002
6/20/2022 17:00,242.771
6/20/2022 18:00,105.261
6/20/2022 19:00,15.304
6/20/2022 20:00,0.017
6/20/2022 21:00,0
6/20/2022 22:00,0
6/20/2022 23:00,0
6/21/2022 0:00,0
6/21/2022 1:00,0
6/21/2022 2:00,0
6/21/2022 3:00,0
6/21/2022 4:00,2.961
6/21/2022 5:00,58.342
6/21/2022 6:00,186.248
6/21/2022 7:00,328.042
6/21/2022 8:00,477.892
6/21/2022 9:00,627.452
6/21/2022 10:00,722.479
6/21/2022 11:00,758.592
6/21/2022 12:00,755.139
6/21/2022 13:00,738.908
6/21/2022 14:00,677.232
6/21/2022 15:00,556.14
6/21/2022 16:00,398.505
6/21/2022 17:00,251.278
6/21/2022 18:00,111.54
6/21/2022 19:00,16.301
6/21/2022 20:00,0.012
6/21/2022 21:00,0
6/21/2022 22:00,0
6/21/2022 23:00,0
6/22/2022 0:00,0
6/22/2022 1:00,0
6/22/2022 2:00,0
6/22/2022 3:00,0
6/22/2022 4:00,2.912
6/22/2022 5:00,69.11
6/22/2022 6:00,221.495
6/22/2022 7:00,402.031
6/22/2022 8:00,586.867
6/22/2022 9:00,739.725
6/22/2022 10:00,853.154
6/22/2022 11:00,916.682
6/22/2022 12:00,923.662
6/22/2022 13:00,876.51
6/22/2022 14:00,781.692
6/22/2022 15:00,638.251
6/22/2022 16:00,467.787
6/22/2022 17:00,293.281
6/22/2022 18:00,122.684
6/22/2022 19:00,15.78
6/22/2022 20:00,0.017
6/22/2022 21:00,0
6/22/2022 22:00,0
6/22/2022 23:00,0
6/23/2022 0:00,0
6/23/2022 1:00,0
6/23/2022 2:00,0
6/23/2022 3:00,0
6/23/2022 4:00,4.057
6/23/2022 5:00,74.462
6/23/2022 6:00,226.804
6/23/2022 7:00,415.326
6/23/2022 8:00,594.639
6/23/2022 9:00,745.968
6/23/2022 10:00,854.773
6/23/2022 11:00,916.78
6/23/2022 12:00,919.718
6/23/2022 13:00,873.986
6/23/2022 14:00,768.754
6/23/2022 15:00,627.336
6/23/2022 16:00,453.018
6/23/2022 17:00,288.945
6/23/2022 18:00,124.455
6/23/2022 19:00,16.237
6/23/2022 20:00,0.021
6/23/2022 21:00,0
6/23/2022 22:00,0
6/23/2022 23:00,0
6/24/2022 0:00,0
6/24/2022 1:00,0
6/24/2022 2:00,0
6/24/2022 3:00,0
6/24/2022 4:00,4.107
6/24/2022 5:00,80.324
6/24/2022 6:00,245.464
6/24/2022 7:00,441.554
6/24/2022 8:00,626.534
6/24/2022 9:00,784.685
6/24/2022 10:00,897.345
6/24/2022 11:00,958.42
6/24/2022 12:00,962.737
6/24/2022 13:00,911.537
6/24/2022 14:00,810.516
6/24/2022 15:00,670.559
6/24/2022 16:00,501.227
6/24/2022 17:00,318.129
6/24/2022 18:00,139.656
6/24/2022 19:00,17.416
6/24/2022 20:00,0.007
6/24/2022 21:00,0
6/24/2022 22:00,0
6/24/2022 23:00,0
6/25/2022 0:00,0
6/25/2022 1:00,0
6/25/2022 2:00,0
6/25/2022 3:00,0
6/25/2022 4:00,4.301
6/25/2022 5:00,69.647
6/25/2022 6:00,208.433
6/25/2022 7:00,402.35
6/25/2022 8:00,588.303
6/25/2022 9:00,744.474
6/25/2022 10:00,856.655
6/25/2022 11:00,918.267
6/25/2022 12:00,919.995
6/25/2022 13:00,872.85
6/25/2022 14:00,775.032
6/25/2022 15:00,634.72
6/25/2022 16:00,464.385
6/25/2022 17:00,290.173
6/25/2022 18:00,130.757
6/25/2022 19:00,18.474
6/25/2022 20:00,0.024
6/25/2022 21:00,0
6/25/2022 22:00,0
6/25/2022 23:00,0
6/26/2022 0:00,0
6/26/2022 1:00,0
6/26/2022 2:00,0
6/26/2022 3:00,0
6/26/2022 4:00,3.891
6/26/2022 5:00,76.413
6/26/2022 6:00,228.97
6/26/2022 7:00,405.183
6/26/2022 8:00,567.128
6/26/2022 9:00,729.57
6/26/2022 10:00,838.593
6/26/2022 11:00,915.091
6/26/2022 12:00,931.577
6/26/2022 13:00,891.117
6/26/2022 14:00,800.001
6/26/2022 15:00,669.626
6/26/2022 16:00,499.195
6/26/2022 17:00,313.826
6/26/2022 18:00,136.633
6/26/2022 19:00,18.777
6/26/2022 20:00,0.023
6/26/2022 21:00,0
6/26/2022 22:00,0
6/26/2022 23:00,0
6/27/2022 0:00,0
6/27/2022 1:00,0
6/27/2022 2:00,0
6/27/2022 3:00,0
6/27/2022 4:00,4.041
6/27/2022 5:00,79.791
6/27/2022 6:00,240.961
6/27/2022 7:00,432.536
6/27/2022 8:00,611.977
6/27/2022 9:00,769.823
6/27/2022 10:00,880.716
6/27/2022 11:00,932.489
6/27/2022 12:00,929.832
6/27/2022 13:00,875.61
6/27/2022 14:00,780.656
6/27/2022 15:00,651.302
6/27/2022 16:00,485.72
6/27/2022 17:00,306.77
6/27/2022 18:00,137.722
6/27/2022 19:00,20.268
6/27/2022 20:00,0.024
6/27/2022 21:00,0
6/27/2022 22:00,0
6/27/2022 23:00,0
6/28/2022 0:00,0
6/28/2022 1:00,0
6/28/2022 2:00,0
6/28/2022 3:00,0
6/28/2022 4:00,4.023
6/28/2022 5:00,85.328
6/28/2022 6:00,256.186
6/28/2022 7:00,455.342
6/28/2022 8:00,642.605
6/28/2022 9:00,800.277
6/28/2022 10:00,917.303
6/28/2022 11:00,985.841
6/28/2022 12:00,1000.51
6/28/2022 13:00,956.196
6/28/2022 14:00,859.006
6/28/2022 15:00,717.844
6/28/2022 16:00,540.838
6/28/2022 17:00,345.74
6/28/2022 18:00,155.481
6/28/2022 19:00,21.031
6/28/2022 20:00,0.015
6/28/2022 21:00,0
6/28/2022 22:00,0
6/28/2022 23:00,0
6/29/2022 0:00,0
6/29/2022 1:00,0
6/29/2022 2:00,0
6/29/2022 3:00,0
6/29/2022 4:00,4.657
6/29/2022 5:00,86.471
6/29/2022 6:00,251.09
6/29/2022 7:00,442.597
6/29/2022 8:00,625.784
6/29/2022 9:00,775.373
6/29/2022 10:00,883.285
6/29/2022 11:00,954.256
6/29/2022 12:00,959.153
6/29/2022 13:00,907.296
6/29/2022 14:00,803.519
6/29/2022 15:00,655.524
6/29/2022 16:00,487.933
6/29/2022 17:00,307.543
6/29/2022 18:00,135.702
6/29/2022 19:00,16.717
6/29/2022 20:00,0.014
6/29/2022 21:00,0
6/29/2022 22:00,0
6/29/2022 23:00,0
6/30/2022 0:00,0
6/30/2022 1:00,0
6/30/2022 2:00,0
6/30/2022 3:00,0
6/30/2022 4:00,3.876
6/30/2022 5:00,74.651
6/30/2022 6:00,226.155
6/30/2022 7:00,410.052
6/30/2022 8:00,584.087
6/30/2022 9:00,732.087
6/30/2022 10:00,841.161
6/30/2022 11:00,912.023
6/30/2022 12:00,934.837
6/30/2022 13:00,893.693
6/30/2022 14:00,808.311
6/30/2022 15:00,672.697
6/30/2022 16:00,493.704
6/30/2022 17:00,302.669
6/30/2022 18:00,131.448
6/30/2022 19:00,19.23
6/30/2022 20:00,0.018
6/30/2022 21:00,0
6/30/2022 22:00,0
6/30/2022 23:00,0
7/1/2022 0:00,0
7/1/2022 1:00,0
7/1/2022 2:00,0
7/1/2022 3:00,0
7/1/2022 4:00,3.719
7/1/2022 5:00,79.789
7/1/2022 6:00,243.491
7/1/2022 7:00,444.2
7/1/2022 8:00,631.785
7/1/2022 9:00,791.708
7/1/2022 10:00,909.205
7/1/2022 11:00,976.243
7/1/2022 12:00,989.725
7/1/2022 13:00,944.278
7/1/2022 14:00,847.581
7/1/2022 15:00,706.835
7/1/2022 16:00,531.827
7/1/2022 17:00,340.077
7/1/2022 18:00,152.103
7/1/2022 19:00,20.493
7/1/2022 20:00,0.018
7/1/2022 21:00,0
7/1/2022 22:00,0
7/1/2022 23:00,0
7/2/2022 0:00,0
7/2/2022 1:00,0
7/2/2022 2:00,0
7/2/2022 3:00,0
7/2/2022 4:00,4.2
7/2/2022 5:00,78.007
7/2/2022 6:00,231.623
7/2/2022 7:00,416.912
7/2/2022 8:00,599.418
7/2/2022 9:00,756.568
7/2/2022 10:00,873.795
7/2/2022 11:00,935.783
7/2/2022 12:00,934.376
7/2/2022 13:00,882.177
7/2/2022 14:00,777.256
7/2/2022 15:00,632.977
7/2/2022 16:00,464.923
7/2/2022 17:00,285.319
7/2/2022 18:00,121.391
7/2/2022 19:00,16.164
7/2/2022 20:00,0.012
7/2/2022 21:00,0
7/2/2022 22:00,0
7/2/2022 23:00,0
7/3/2022 0:00,0
7/3/2022 1:00,0
7/3/2022 2:00,0
7/3/2022 3:00,0
7/3/2022 4:00,3
7/3/2022 5:00,56.533
7/3/2022 6:00,179.055
7/3/2022 7:00,339.045
7/3/2022 8:00,512.425
7/3/2022 9:00,676.415
7/3/2022 10:00,790.559
7/3/2022 11:00,852.631
7/3/2022 12:00,853.901
7/3/2022 13:00,833.256
7/3/2022 14:00,751.759
7/3/2022 15:00,619.969
7/3/2022 16:00,464.947
7/3/2022 17:00,290.873
7/3/2022 18:00,125.323
7/3/2022 19:00,16.63
7/3/2022 20:00,0.012
7/3/2022 21:00,0
7/3/2022 22:00,0
7/3/2022 23:00,0
7/4/2022 0:00,0
7/4/2022 1:00,0
7/4/2022 2:00,0
7/4/2022 3:00,0
7/4/2022 4:00,3.157
7/4/2022 5:00,71.493
7/4/2022 6:00,228.838
7/4/2022 7:00,419.043
7/4/2022 8:00,604.322
7/4/2022 9:00,761.754
7/4/2022 10:00,877.677
7/4/2022 11:00,948.51
7/4/2022 12:00,963.583
7/4/2022 13:00,918.453
7/4/2022 14:00,822.089
7/4/2022 15:00,681.24
7/4/2022 16:00,507.829
7/4/2022 17:00,318.578
7/4/2022 18:00,138.356
7/4/2022 19:00,17.662
7/4/2022 20:00,0.01
7/4/2022 21:00,0
7/4/2022 22:00,0
7/4/2022 23:00,0
7/5/2022 0:00,0
7/5/2022 1:00,0
7/5/2022 2:00,0
7/5/2022 3:00,0
7/5/2022 4:00,2.963
7/5/2022 5:00,62.508
7/5/2022 6:00,201.546
7/5/2022 7:00,378.63
7/5/2022 8:00,563.707
7/5/2022 9:00,728.808
7/5/2022 10:00,853.315
7/5/2022 11:00,925.464
7/5/2022 12:00,931.205
7/5/2022 13:00,870.026
7/5/2022 14:00,767.658
7/5/2022 15:00,632.858
7/5/2022 16:00,459.368
7/5/2022 17:00,283.7
7/5/2022 18:00,125.717
7/5/2022 19:00,17.218
7/5/2022 20:00,0.01
7/5/2022 21:00,0
7/5/2022 22:00,0
7/5/2022 23:00,0
7/6/2022 0:00,0
7/6/2022 1:00,0
7/6/2022 2:00,0
7/6/2022 3:00,0
7/6/2022 4:00,1.229
7/6/2022 5:00,48.567
7/6/2022 6:00,176.768
7/6/2022 7:00,350.633
7/6/2022 8:00,538.356
7/6/2022 9:00,698.768
7/6/2022 10:00,820.459
7/6/2022 11:00,877.374
7/6/2022 12:00,835.566
7/6/2022 13:00,796.439
7/6/2022 14:00,722.628
7/6/2022 15:00,625.078
7/6/2022 16:00,460.516
7/6/2022 17:00,283.48
7/6/2022 18:00,122.697
7/6/2022 19:00,16.609
7/6/2022 20:00,0.009
7/6/2022 21:00,0
7/6/2022 22:00,0
7/6/2022 23:00,0
7/7/2022 0:00,0
7/7/2022 1:00,0
7/7/2022 2:00,0
7/7/2022 3:00,0
7/7/2022 4:00,3.033
7/7/2022 5:00,75.188
7/7/2022 6:00,240.252
7/7/2022 7:00,434.983
7/7/2022 8:00,623.599
7/7/2022 9:00,786.503
7/7/2022 10:00,904.843
7/7/2022 11:00,972.903
7/7/2022 12:00,984.168
7/7/2022 13:00,938.631
7/7/2022 14:00,842.235
7/7/2022 15:00,697.289
7/7/2022 16:00,523.786
7/7/2022 17:00,331.234
7/7/2022 18:00,143.707
7/7/2022 19:00,17.588
7/7/2022 20:00,0.008
7/7/2022 21:00,0
7/7/2022 22:00,0
7/7/2022 23:00,0
7/8/2022 0:00,0
7/8/2022 1:00,0
7/8/2022 2:00,0
7/8/2022 3:00,0
7/8/2022 4:00,3.659
7/8/2022 5:00,82.276
7/8/2022 6:00,252.556
7/8/2022 7:00,447.603
7/8/2022 8:00,634.853
7/8/2022 9:00,795.385
7/8/2022 10:00,914.038
7/8/2022 11:00,982.144
7/8/2022 12:00,996.077
7/8/2022 13:00,951.11
7/8/2022 14:00,852.801
7/8/2022 15:00,706.246
7/8/2022 16:00,528.789
7/8/2022 17:00,333.831
7/8/2022 18:00,144.427
7/8/2022 19:00,17.33
7/8/2022 20:00,0.006
7/8/2022 21:00,0
7/8/2022 22:00,0
7/8/2022 23:00,0
7/9/2022 0:00,0
7/9/2022 1:00,0
7/9/2022 2:00,0
7/9/2022 3:00,0
7/9/2022 4:00,3.478
7/9/2022 5:00,82.117
7/9/2022 6:00,252.301
7/9/2022 7:00,445.727
7/9/2022 8:00,631.615
7/9/2022 9:00,790.825
7/9/2022 10:00,909.071
7/9/2022 11:00,976.992
7/9/2022 12:00,988.489
7/9/2022 13:00,943.51
7/9/2022 14:00,844.924
7/9/2022 15:00,700.095
7/9/2022 16:00,523.986
7/9/2022 17:00,329.737
7/9/2022 18:00,141.624
7/9/2022 19:00,16.62
7/9/2022 20:00,0.005
7/9/2022 21:00,0
7/9/2022 22:00,0
7/9/2022 23:00,0
7/10/2022 0:00,0
7/10/2022 1:00,0
7/10/2022 2:00,0
7/10/2022 3:00,0
7/10/2022 4:00,3.34
7/10/2022 5:00,80.705
7/10/2022 6:00,249.511
7/10/2022 7:00,442.025
7/10/2022 8:00,627.717
7/10/2022 9:00,788.225
7/10/2022 10:00,906.553
7/10/2022 11:00,974.291
7/10/2022 12:00,987.121
7/10/2022 13:00,942.035
7/10/2022 14:00,843.43
7/10/2022 15:00,698.245
7/10/2022 16:00,520.584
7/10/2022 17:00,325.562
7/10/2022 18:00,137.985
7/10/2022 19:00,15.451
7/10/2022 20:00,0.004
7/10/2022 21:00,0
7/10/2022 22:00,0
7/10/2022 23:00,0
7/11/2022 0:00,0
7/11/2022 1:00,0
7/11/2022 2:00,0
7/11/2022 3:00,0
7/11/2022 4:00,3.067
7/11/2022 5:00,77.14
7/11/2022 6:00,242.786
7/11/2022 7:00,434.017
7/11/2022 8:00,618.109
7/11/2022 9:00,771.507
7/11/2022 10:00,883.247
7/11/2022 11:00,950.917
7/11/2022 12:00,966.974
7/11/2022 13:00,926.262
7/11/2022 14:00,826.487
7/11/2022 15:00,669.006
7/11/2022 16:00,491.742
7/11/2022 17:00,303.009
7/11/2022 18:00,125.847
7/11/2022 19:00,13.698
7/11/2022 20:00,0.002
7/11/2022 21:00,0
7/11/2022 22:00,0
7/11/2022 23:00,0
7/12/2022 0:00,0
7/12/2022 1:00,0
7/12/2022 2:00,0
7/12/2022 3:00,0
7/12/2022 4:00,2.845
7/12/2022 5:00,72.675
7/12/2022 6:00,230.24
7/12/2022 7:00,414.114
7/12/2022 8:00,591.156
7/12/2022 9:00,744.478
7/12/2022 10:00,854.888
7/12/2022 11:00,918.644
7/12/2022 12:00,927.275
7/12/2022 13:00,884.522
7/12/2022 14:00,798.483
7/12/2022 15:00,662.206
7/12/2022 16:00,492.218
7/12/2022 17:00,304.609
7/12/2022 18:00,125.768
7/12/2022 19:00,13.667
7/12/2022 20:00,0.002
7/12/2022 21:00,0
7/12/2022 22:00,0
7/12/2022 23:00,0
7/13/2022 0:00,0
7/13/2022 1:00,0
7/13/2022 2:00,0
7/13/2022 3:00,0
7/13/2022 4:00,2.727
7/13/2022 5:00,71.321
7/13/2022 6:00,228.868
7/13/2022 7:00,416.344
7/13/2022 8:00,599.199
7/13/2022 9:00,753.775
7/13/2022 10:00,861.248
7/13/2022 11:00,913.385
7/13/2022 12:00,906.673
7/13/2022 13:00,851.46
7/13/2022 14:00,761.444
7/13/2022 15:00,623.343
7/13/2022 16:00,460.203
7/13/2022 17:00,276.631
7/13/2022 18:00,108.576
7/13/2022 19:00,10.624
7/13/2022 20:00,0.001
7/13/2022 21:00,0
7/13/2022 22:00,0
7/13/2022 23:00,0
7/14/2022 0:00,0
7/14/2022 1:00,0
7/14/2022 2:00,0
7/14/2022 3:00,0
7/14/2022 4:00,2.537
7/14/2022 5:00,64.672
7/14/2022 6:00,214.165
7/14/2022 7:00,397.208
7/14/2022 8:00,577.838
7/14/2022 9:00,734.709
7/14/2022 10:00,850.192
7/14/2022 11:00,919.2
7/14/2022 12:00,937.816
7/14/2022 13:00,894.639
7/14/2022 14:00,798.48
7/14/2022 15:00,657.689
7/14/2022 16:00,484.945
7/14/2022 17:00,295.928
7/14/2022 18:00,117.962
7/14/2022 19:00,11.358
7/14/2022 20:00,0
7/14/2022 21:00,0
7/14/2022 22:00,0
7/14/2022 23:00,0
7/15/2022 0:00,0
7/15/2022 1:00,0
7/15/2022 2:00,0
7/15/2022 3:00,0
7/15/2022 4:00,2.37
7/15/2022 5:00,66.44
7/15/2022 6:00,220.786
7/15/2022 7:00,406.569
7/15/2022 8:00,589.931
7/15/2022 9:00,750.14
7/15/2022 10:00,867.193
7/15/2022 11:00,933.337
7/15/2022 12:00,937.386
7/15/2022 13:00,889.417
7/15/2022 14:00,788.892
7/15/2022 15:00,640.468
7/15/2022 16:00,464.9
7/15/2022 17:00,280.482
7/15/2022 18:00,110.757
7/15/2022 19:00,10.352
7/15/2022 20:00,0
7/15/2022 21:00,0
7/15/2022 22:00,0
7/15/2022 23:00,0
7/16/2022 0:00,0
7/16/2022 1:00,0
7/16/2022 2:00,0
7/16/2022 3:00,0
7/16/2022 4:00,2.046
7/16/2022 5:00,63.284
7/16/2022 6:00,214.183
7/16/2022 7:00,396.524
7/16/2022 8:00,577.141
7/16/2022 9:00,730.482
7/16/2022 10:00,843.74
7/16/2022 11:00,908.64
7/16/2022 12:00,921.608
7/16/2022 13:00,875.646
7/16/2022 14:00,776.557
7/16/2022 15:00,635.119
7/16/2022 16:00,466.023
7/16/2022 17:00,282.622
7/16/2022 18:00,110.82
7/16/2022 19:00,10.01
7/16/2022 20:00,0
7/16/2022 21:00,0
7/16/2022 22:00,0
7/16/2022 23:00,0
7/17/2022 0:00,0
7/17/2022 1:00,0
7/17/2022 2:00,0
7/17/2022 3:00,0
7/17/2022 4:00,1.9
7/17/2022 5:00,62.762
7/17/2022 6:00,218.268
7/17/2022 7:00,407.574
7/17/2022 8:00,593.143
7/17/2022 9:00,761.394
7/17/2022 10:00,879.499
7/17/2022 11:00,946.596
7/17/2022 12:00,961.29
7/17/2022 13:00,913.153
7/17/2022 14:00,810.862
7/17/2022 15:00,670.91
7/17/2022 16:00,491.606
7/17/2022 17:00,298.531
7/17/2022 18:00,118.037
7/17/2022 19:00,10.823
7/17/2022 20:00,0
7/17/2022 21:00,0
7/17/2022 22:00,0
7/17/2022 23:00,0
7/18/2022 0:00,0
7/18/2022 1:00,0
7/18/2022 2:00,0
7/18/2022 3:00,0
7/18/2022 4:00,1.783
7/18/2022 5:00,64.006
7/18/2022 6:00,221.187
7/18/2022 7:00,409.141
7/18/2022 8:00,594.455
7/18/2022 9:00,753.436
7/18/2022 10:00,871.361
7/18/2022 11:00,940.222
7/18/2022 12:00,951.793
7/18/2022 13:00,906.091
7/18/2022 14:00,806.677
7/18/2022 15:00,663.745
7/18/2022 16:00,486.634
7/18/2022 17:00,293.86
7/18/2022 18:00,116.262
7/18/2022 19:00,10.626
7/18/2022 20:00,0
7/18/2022 21:00,0
7/18/2022 22:00,0
7/18/2022 23:00,0
7/19/2022 0:00,0
7/19/2022 1:00,0
7/19/2022 2:00,0
7/19/2022 3:00,0
7/19/2022 4:00,1.684
7/19/2022 5:00,62.131
7/19/2022 6:00,220.955
7/19/2022 7:00,413.51
7/19/2022 8:00,601.053
7/19/2022 9:00,766.752
7/19/2022 10:00,885.768
7/19/2022 11:00,953.317
7/19/2022 12:00,967.583
7/19/2022 13:00,921.648
7/19/2022 14:00,819.511
7/19/2022 15:00,669.284
7/19/2022 16:00,493.09
7/19/2022 17:00,301.781
7/19/2022 18:00,119.125
7/19/2022 19:00,10.47
7/19/2022 20:00,0
7/19/2022 21:00,0
7/19/2022 22:00,0
7/19/2022 23:00,0
7/20/2022 0:00,0
7/20/2022 1:00,0
7/20/2022 2:00,0
7/20/2022 3:00,0
7/20/2022 4:00,1.466
7/20/2022 5:00,59.751
7/20/2022 6:00,217.49
7/20/2022 7:00,408.94
7/20/2022 8:00,595.989
7/20/2022 9:00,759.144
7/20/2022 10:00,882.206
7/20/2022 11:00,950.933
7/20/2022 12:00,967.439
7/20/2022 13:00,923.6
7/20/2022 14:00,825.165
7/20/2022 15:00,679.712
7/20/2022 16:00,501.828
7/20/2022 17:00,307.284
7/20/2022 18:00,121.736
7/20/2022 19:00,10.57
7/20/2022 20:00,0
7/20/2022 21:00,0
7/20/2022 22:00,0
7/20/2022 23:00,0
7/21/2022 0:00,0
7/21/2022 1:00,0
7/21/2022 2:00,0
7/21/2022 3:00,0
7/21/2022 4:00,1.372
7/21/2022 5:00,59.566
7/21/2022 6:00,217.895
7/21/2022 7:00,410.756
7/21/2022 8:00,597.928
7/21/2022 9:00,761.538
7/21/2022 10:00,880.632
7/21/2022 11:00,948.665
7/21/2022 12:00,961.168
7/21/2022 13:00,916.039
7/21/2022 14:00,815.101
7/21/2022 15:00,668.003
7/21/2022 16:00,489.476
7/21/2022 17:00,295.745
7/21/2022 18:00,113.693
7/21/2022 19:00,9.158
7/21/2022 20:00,0
7/21/2022 21:00,0
7/21/2022 22:00,0
7/21/2022 23:00,0
7/22/2022 0:00,0
7/22/2022 1:00,0
7/22/2022 2:00,0
7/22/2022 3:00,0
7/22/2022 4:00,1.357
7/22/2022 5:00,56.599
7/22/2022 6:00,202.904
7/22/2022 7:00,382.594
7/22/2022 8:00,562.792
7/22/2022 9:00,715.708
7/22/2022 10:00,826.942
7/22/2022 11:00,883.976
7/22/2022 12:00,890.736
7/22/2022 13:00,849.758
7/22/2022 14:00,743.324
7/22/2022 15:00,608.719
7/22/2022 16:00,461.371
7/22/2022 17:00,281.093
7/22/2022 18:00,106.366
7/22/2022 19:00,8.899
7/22/2022 20:00,0
7/22/2022 21:00,0
7/22/2022 22:00,0
7/22/2022 23:00,0
7/23/2022 0:00,0
7/23/2022 1:00,0
7/23/2022 2:00,0
7/23/2022 3:00,0
7/23/2022 4:00,0.783
7/23/2022 5:00,52.215
7/23/2022 6:00,208.924
7/23/2022 7:00,401.334
7/23/2022 8:00,587.961
7/23/2022 9:00,749.079
7/23/2022 10:00,870.629
7/23/2022 11:00,941.006
7/23/2022 12:00,959.186
7/23/2022 13:00,915.026
7/23/2022 14:00,815.78
7/23/2022 15:00,666.438
7/23/2022 16:00,488.116
7/23/2022 17:00,294.367
7/23/2022 18:00,112.728
7/23/2022 19:00,8.923
7/23/2022 20:00,0
7/23/2022 21:00,0
7/23/2022 22:00,0
7/23/2022 23:00,0
7/24/2022 0:00,0
7/24/2022 1:00,0
7/24/2022 2:00,0
7/24/2022 3:00,0
7/24/2022 4:00,1.059
7/24/2022 5:00,56.798
7/24/2022 6:00,216.027
7/24/2022 7:00,407.547
7/24/2022 8:00,593.491
7/24/2022 9:00,757.359
7/24/2022 10:00,877.89
7/24/2022 11:00,946.221
7/24/2022 12:00,956.179
7/24/2022 13:00,904.893
7/24/2022 14:00,796.54
7/24/2022 15:00,643.684
7/24/2022 16:00,464.626
7/24/2022 17:00,273.385
7/24/2022 18:00,100.329
7/24/2022 19:00,7.499
7/24/2022 20:00,0
7/24/2022 21:00,0
7/24/2022 22:00,0
7/24/2022 23:00,0
7/25/2022 0:00,0
7/25/2022 1:00,0
7/25/2022 2:00,0
7/25/2022 3:00,0
7/25/2022 4:00,0.977
7/25/2022 5:00,47.701
7/25/2022 6:00,183.122
7/25/2022 7:00,352.39
7/25/2022 8:00,520.315
7/25/2022 9:00,671.388
7/25/2022 10:00,798.498
7/25/2022 11:00,873.072
7/25/2022 12:00,900.782
7/25/2022 13:00,863.843
7/25/2022 14:00,754.481
7/25/2022 15:00,617.78
7/25/2022 16:00,457.285
7/25/2022 17:00,276.162
7/25/2022 18:00,104.667
7/25/2022 19:00,7.884
7/25/2022 20:00,0
7/25/2022 21:00,0
7/25/2022 22:00,0
7/25/2022 23:00,0
7/26/2022 0:00,0
7/26/2022 1:00,0
7/26/2022 2:00,0
7/26/2022 3:00,0
7/26/2022 4:00,0.834
7/26/2022 5:00,50.984
7/26/2022 6:00,205.253
7/26/2022 7:00,397.767
7/26/2022 8:00,582.599
7/26/2022 9:00,748.089
7/26/2022 10:00,867.615
7/26/2022 11:00,939.224
7/26/2022 12:00,954.656
7/26/2022 13:00,908.774
7/26/2022 14:00,810.075
7/26/2022 15:00,664.959
7/26/2022 16:00,487.812
7/26/2022 17:00,293.928
7/26/2022 18:00,110.49
7/26/2022 19:00,7.792
7/26/2022 20:00,0
7/26/2022 21:00,0
7/26/2022 22:00,0
7/26/2022 23:00,0
7/27/2022 0:00,0
7/27/2022 1:00,0
7/27/2022 2:00,0
7/27/2022 3:00,0
7/27/2022 4:00,0.606
7/27/2022 5:00,46.508
7/27/2022 6:00,192.597
7/27/2022 7:00,383.842
7/27/2022 8:00,573.21
7/27/2022 9:00,736.779
7/27/2022 10:00,857.657
7/27/2022 11:00,924.815
7/27/2022 12:00,939.643
7/27/2022 13:00,898.057
7/27/2022 14:00,801.408
7/27/2022 15:00,660.454
7/27/2022 16:00,487.071
7/27/2022 17:00,294.993
7/27/2022 18:00,109.46
7/27/2022 19:00,6.746
7/27/2022 20:00,0
7/27/2022 21:00,0
7/27/2022 22:00,0
7/27/2022 23:00,0
7/28/2022 0:00,0
7/28/2022 1:00,0
7/28/2022 2:00,0
7/28/2022 3:00,0
7/28/2022 4:00,0.578
7/28/2022 5:00,45.971
7/28/2022 6:00,193.041
7/28/2022 7:00,377.359
7/28/2022 8:00,562.867
7/28/2022 9:00,718.18
7/28/2022 10:00,845.326
7/28/2022 11:00,913.264
7/28/2022 12:00,918.923
7/28/2022 13:00,877.99
7/28/2022 14:00,786.417
7/28/2022 15:00,650.108
7/28/2022 16:00,477.518
7/28/2022 17:00,284.435
7/28/2022 18:00,105.248
7/28/2022 19:00,7.089
7/28/2022 20:00,0
7/28/2022 21:00,0
7/28/2022 22:00,0
7/28/2022 23:00,0
7/29/2022 0:00,0
7/29/2022 1:00,0
7/29/2022 2:00,0
7/29/2022 3:00,0
7/29/2022 4:00,0.56
7/29/2022 5:00,45.871
7/29/2022 6:00,195.428
7/29/2022 7:00,385.385
7/29/2022 8:00,566.553
7/29/2022 9:00,727.177
7/29/2022 10:00,841.84
7/29/2022 11:00,905.85
7/29/2022 12:00,916.221
7/29/2022 13:00,866.913
7/29/2022 14:00,772.357
7/29/2022 15:00,636.401
7/29/2022 16:00,465.946
7/29/2022 17:00,277.167
7/29/2022 18:00,101.746
7/29/2022 19:00,6.545
7/29/2022 20:00,0
7/29/2022 21:00,0
7/29/2022 22:00,0
7/29/2022 23:00,0
7/30/2022 0:00,0
7/30/2022 1:00,0
7/30/2022 2:00,0
7/30/2022 3:00,0
7/30/2022 4:00,0.456
7/30/2022 5:00,41.919
7/30/2022 6:00,179.831
7/30/2022 7:00,362.216
7/30/2022 8:00,539.918
7/30/2022 9:00,697.255
7/30/2022 10:00,808.388
7/30/2022 11:00,856.825
7/30/2022 12:00,857.128
7/30/2022 13:00,813.395
7/30/2022 14:00,730.898
7/30/2022 15:00,601.904
7/30/2022 16:00,436.625
7/30/2022 17:00,260.473
7/30/2022 18:00,94.74
7/30/2022 19:00,6.055
7/30/2022 20:00,0
7/30/2022 21:00,0
7/30/2022 22:00,0
7/30/2022 23:00,0
7/31/2022 0:00,0
7/31/2022 1:00,0
7/31/2022 2:00,0
7/31/2022 3:00,0
7/31/2022 4:00,0.413
7/31/2022 5:00,39.931
7/31/2022 6:00,182.506
7/31/2022 7:00,372.208
7/31/2022 8:00,557.56
7/31/2022 9:00,722.205
7/31/2022 10:00,843.551
7/31/2022 11:00,913.874
7/31/2022 12:00,924.851
7/31/2022 13:00,876.12
7/31/2022 14:00,780.033
7/31/2022 15:00,632.577
7/31/2022 16:00,462.374
7/31/2022 17:00,264.969
7/31/2022 18:00,91.977
7/31/2022 19:00,5.349
7/31/2022 20:00,0
7/31/2022 21:00,0
7/31/2022 22:00,0
7/31/2022 23:00,0
8/1/2022 0:00,0
8/1/2022 1:00,0
8/1/2022 2:00,0
8/1/2022 3:00,0
8/1/2022 4:00,0.415
8/1/2022 5:00,44.091
8/1/2022 6:00,194.97
8/1/2022 7:00,387.35
8/1/2022 8:00,576.44
8/1/2022 9:00,741.367
8/1/2022 10:00,861.221
8/1/2022 11:00,926.917
8/1/2022 12:00,935.865
8/1/2022 13:00,893.377
8/1/2022 14:00,790.334
8/1/2022 15:00,643.778
8/1/2022 16:00,465.097
8/1/2022 17:00,274.075
8/1/2022 18:00,95.517
8/1/2022 19:00,5.138
8/1/2022 20:00,0
8/1/2022 21:00,0
8/1/2022 22:00,0
8/1/2022 23:00,0
8/2/2022 0:00,0
8/2/2022 1:00,0
8/2/2022 2:00,0
8/2/2022 3:00,0
8/2/2022 4:00,0.317
8/2/2022 5:00,41.449
8/2/2022 6:00,190.576
8/2/2022 7:00,382.211
8/2/2022 8:00,573.076
8/2/2022 9:00,736.321
8/2/2022 10:00,856.343
8/2/2022 11:00,925.918
8/2/2022 12:00,938.096
8/2/2022 13:00,889.823
8/2/2022 14:00,785.97
8/2/2022 15:00,635.522
8/2/2022 16:00,455.367
8/2/2022 17:00,261.728
8/2/2022 18:00,86.453
8/2/2022 19:00,4.309
8/2/2022 20:00,0
8/2/2022 21:00,0
8/2/2022 22:00,0
8/2/2022 23:00,0
8/3/2022 0:00,0
8/3/2022 1:00,0
8/3/2022 2:00,0
8/3/2022 3:00,0
8/3/2022 4:00,0.301
8/3/2022 5:00,39.562
8/3/2022 6:00,185.18
8/3/2022 7:00,372.27
8/3/2022 8:00,558.659
8/3/2022 9:00,716.618
8/3/2022 10:00,833.862
8/3/2022 11:00,903.809
8/3/2022 12:00,920.426
8/3/2022 13:00,878.919
8/3/2022 14:00,780.911
8/3/2022 15:00,637.435
8/3/2022 16:00,460.917
8/3/2022 17:00,267.182
8/3/2022 18:00,90.219
8/3/2022 19:00,4.298
8/3/2022 20:00,0
8/3/2022 21:00,0
8/3/2022 22:00,0
8/3/2022 23:00,0
8/4/2022 0:00,0
8/4/2022 1:00,0
8/4/2022 2:00,0
8/4/2022 3:00,0
8/4/2022 4:00,0.251
8/4/2022 5:00,39.516
8/4/2022 6:00,187.483
8/4/2022 7:00,377.534
8/4/2022 8:00,571.192
8/4/2022 9:00,737.761
8/4/2022 10:00,857.592
8/4/2022 11:00,923.724
8/4/2022 12:00,936.294
8/4/2022 13:00,891.076
8/4/2022 14:00,790.93
8/4/2022 15:00,641.207
8/4/2022 16:00,460.948
8/4/2022 17:00,266.587
8/4/2022 18:00,87.978
8/4/2022 19:00,3.788
8/4/2022 20:00,0
8/4/2022 21:00,0
8/4/2022 22:00,0
8/4/2022 23:00,0
8/5/2022 0:00,0
8/5/2022 1:00,0
8/5/2022 2:00,0
8/5/2022 3:00,0
8/5/2022 4:00,0.181
8/5/2022 5:00,36.022
8/5/2022 6:00,178.927
8/5/2022 7:00,360.926
8/5/2022 8:00,534.316
8/5/2022 9:00,688.879
8/5/2022 10:00,803.736
8/5/2022 11:00,867.957
8/5/2022 12:00,884.638
8/5/2022 13:00,839.128
8/5/2022 14:00,739.349
8/5/2022 15:00,598.661
8/5/2022 16:00,426.815
8/5/2022 17:00,245.499
8/5/2022 18:00,82.156
8/5/2022 19:00,3.493
8/5/2022 20:00,0
8/5/2022 21:00,0
8/5/2022 22:00,0
8/5/2022 23:00,0
8/6/2022 0:00,0
8/6/2022 1:00,0
8/6/2022 2:00,0
8/6/2022 3:00,0
8/6/2022 4:00,0.168
8/6/2022 5:00,36.093
8/6/2022 6:00,181.494
8/6/2022 7:00,369.959
8/6/2022 8:00,555.169
8/6/2022 9:00,714.489
8/6/2022 10:00,832.35
8/6/2022 11:00,901.162
8/6/2022 12:00,917.066
8/6/2022 13:00,869.734
8/6/2022 14:00,767.189
8/6/2022 15:00,622.016
8/6/2022 16:00,444.778
8/6/2022 17:00,255.497
8/6/2022 18:00,82.777
8/6/2022 19:00,3.301
8/6/2022 20:00,0
8/6/2022 21:00,0
8/6/2022 22:00,0
8/6/2022 23:00,0
8/7/2022 0:00,0
8/7/2022 1:00,0
8/7/2022 2:00,0
8/7/2022 3:00,0
8/7/2022 4:00,0.124
8/7/2022 5:00,33.154
8/7/2022 6:00,174.116
8/7/2022 7:00,361.304
8/7/2022 8:00,545.92
8/7/2022 9:00,703.925
8/7/2022 10:00,826.874
8/7/2022 11:00,902.373
8/7/2022 12:00,919.527
8/7/2022 13:00,872.95
8/7/2022 14:00,770.027
8/7/2022 15:00,620.905
8/7/2022 16:00,440.459
8/7/2022 17:00,247.842
8/7/2022 18:00,77.866
8/7/2022 19:00,2.876
8/7/2022 20:00,0
8/7/2022 21:00,0
8/7/2022 22:00,0
8/7/2022 23:00,0
8/8/2022 0:00,0
8/8/2022 1:00,0
8/8/2022 2:00,0
8/8/2022 3:00,0
8/8/2022 4:00,0.078
8/8/2022 5:00,30.752
8/8/2022 6:00,170.501
8/8/2022 7:00,348.087
8/8/2022 8:00,530.254
8/8/2022 9:00,686.195
8/8/2022 10:00,796.751
8/8/2022 11:00,854.125
8/8/2022 12:00,903.538
8/8/2022 13:00,876.635
8/8/2022 14:00,781.766
8/8/2022 15:00,633.714
8/8/2022 16:00,453.835
8/8/2022 17:00,259.48
8/8/2022 18:00,81.209
8/8/2022 19:00,2.943
8/8/2022 20:00,0
8/8/2022 21:00,0
8/8/2022 22:00,0
8/8/2022 23:00,0
8/9/2022 0:00,0
8/9/2022 1:00,0
8/9/2022 2:00,0
8/9/2022 3:00,0
8/9/2022 4:00,0.075
8/9/2022 5:00,31.123
8/9/2022 6:00,170.421
8/9/2022 7:00,355.891
8/9/2022 8:00,541.441
8/9/2022 9:00,703.563
8/9/2022 10:00,822.653
8/9/2022 11:00,887.047
8/9/2022 12:00,898.248
8/9/2022 13:00,850.137
8/9/2022 14:00,753.786
8/9/2022 15:00,611.512
8/9/2022 16:00,434.018
8/9/2022 17:00,242.316
8/9/2022 18:00,72.904
8/9/2022 19:00,2.536
8/9/2022 20:00,0
8/9/2022 21:00,0
8/9/2022 22:00,0
8/9/2022 23:00,0
8/10/2022 0:00,0
8/10/2022 1:00,0
8/10/2022 2:00,0
8/10/2022 3:00,0
8/10/2022 4:00,0.055
8/10/2022 5:00,28.619
8/10/2022 6:00,158.343
8/10/2022 7:00,335.35
8/10/2022 8:00,514.62
8/10/2022 9:00,672.015
8/10/2022 10:00,786.066
8/10/2022 11:00,842.622
8/10/2022 12:00,849.73
8/10/2022 13:00,799.789
8/10/2022 14:00,693.504
8/10/2022 15:00,550.002
8/10/2022 16:00,384.868
8/10/2022 17:00,210.264
8/10/2022 18:00,60.423
8/10/2022 19:00,2.086
8/10/2022 20:00,0
8/10/2022 21:00,0
8/10/2022 22:00,0
8/10/2022 23:00,0
8/11/2022 0:00,0
8/11/2022 1:00,0
8/11/2022 2:00,0
8/11/2022 3:00,0
8/11/2022 4:00,0.038
8/11/2022 5:00,26.927
8/11/2022 6:00,159.755
8/11/2022 7:00,347.899
8/11/2022 8:00,536.089
8/11/2022 9:00,706.78
8/11/2022 10:00,825.602
8/11/2022 11:00,891.402
8/11/2022 12:00,907.999
8/11/2022 13:00,862.764
8/11/2022 14:00,765.841
8/11/2022 15:00,616.476
8/11/2022 16:00,435.777
8/11/2022 17:00,243.349
8/11/2022 18:00,71.168
8/11/2022 19:00,2.236
8/11/2022 20:00,0
8/11/2022 21:00,0
8/11/2022 22:00,0
8/11/2022 23:00,0
8/12/2022 0:00,0
8/12/2022 1:00,0
8/12/2022 2:00,0
8/12/2022 3:00,0
8/12/2022 4:00,0.025
8/12/2022 5:00,26.719
8/12/2022 6:00,156.652
8/12/2022 7:00,336.719
8/12/2022 8:00,521.11
8/12/2022 9:00,683.94
8/12/2022 10:00,804.274
8/12/2022 11:00,873.604
8/12/2022 12:00,891.748
8/12/2022 13:00,840.233
8/12/2022 14:00,740.58
8/12/2022 15:00,582.883
8/12/2022 16:00,404.109
8/12/2022 17:00,217.575
8/12/2022 18:00,61.197
8/12/2022 19:00,2.055
8/12/2022 20:00,0
8/12/2022 21:00,0
8/12/2022 22:00,0
8/12/2022 23:00,0
8/13/2022 0:00,0
8/13/2022 1:00,0
8/13/2022 2:00,0
8/13/2022 3:00,0
8/13/2022 4:00,0.014
8/13/2022 5:00,20.846
8/13/2022 6:00,120.576
8/13/2022 7:00,270.451
8/13/2022 8:00,453.451
8/13/2022 9:00,577.641
8/13/2022 10:00,644.994
8/13/2022 11:00,689.028
8/13/2022 12:00,694.854
8/13/2022 13:00,642.629
8/13/2022 14:00,505.571
8/13/2022 15:00,394.272
8/13/2022 16:00,272.793
8/13/2022 17:00,147.744
8/13/2022 18:00,45.148
8/13/2022 19:00,1.724
8/13/2022 20:00,0
8/13/2022 21:00,0
8/13/2022 22:00,0
8/13/2022 23:00,0
8/14/2022 0:00,0
8/14/2022 1:00,0
8/14/2022 2:00,0
8/14/2022 3:00,0
8/14/2022 4:00,0.008
8/14/2022 5:00,19.912
8/14/2022 6:00,141.129
8/14/2022 7:00,324.717
8/14/2022 8:00,510.334
8/14/2022 9:00,675.941
8/14/2022 10:00,797.037
8/14/2022 11:00,869.284
8/14/2022 12:00,895.469
8/14/2022 13:00,849.375
8/14/2022 14:00,749.417
8/14/2022 15:00,600.961
8/14/2022 16:00,426.562
8/14/2022 17:00,232.278
8/14/2022 18:00,65.357
8/14/2022 19:00,1.566
8/14/2022 20:00,0
8/14/2022 21:00,0
8/14/2022 22:00,0
8/14/2022 23:00,0
8/15/2022 0:00,0
8/15/2022 1:00,0
8/15/2022 2:00,0
8/15/2022 3:00,0
8/15/2022 4:00,0.004
8/15/2022 5:00,23.311
8/15/2022 6:00,162.336
8/15/2022 7:00,356.652
8/15/2022 8:00,549.447
8/15/2022 9:00,715.897
8/15/2022 10:00,837.781
8/15/2022 11:00,906.011
8/15/2022 12:00,916.08
8/15/2022 13:00,863.047
8/15/2022 14:00,759.617
8/15/2022 15:00,612.67
8/15/2022 16:00,430.344
8/15/2022 17:00,234.402
8/15/2022 18:00,62.666
8/15/2022 19:00,1.313
8/15/2022 20:00,0
8/15/2022 21:00,0
8/15/2022 22:00,0
8/15/2022 23:00,0
8/16/2022 0:00,0
8/16/2022 1:00,0
8/16/2022 2:00,0
8/16/2022 3:00,0
8/16/2022 4:00,0.002
8/16/2022 5:00,20.505
8/16/2022 6:00,149.948
8/16/2022 7:00,339.636
8/16/2022 8:00,529.983
8/16/2022 9:00,693.928
8/16/2022 10:00,813.794
8/16/2022 11:00,878.661
8/16/2022 12:00,888.126
8/16/2022 13:00,833.416
8/16/2022 14:00,727.64
8/16/2022 15:00,581.16
8/16/2022 16:00,410.269
8/16/2022 17:00,224.459
8/16/2022 18:00,60.037
8/16/2022 19:00,1.371
8/16/2022 20:00,0
8/16/2022 21:00,0
8/16/2022 22:00,0
8/16/2022 23:00,0
8/17/2022 0:00,0
8/17/2022 1:00,0
8/17/2022 2:00,0
8/17/2022 3:00,0
8/17/2022 4:00,0.001
8/17/2022 5:00,18.415
8/17/2022 6:00,144.925
8/17/2022 7:00,329.745
8/17/2022 8:00,515.945
8/17/2022 9:00,674.589
8/17/2022 10:00,791.884
8/17/2022 11:00,854.275
8/17/2022 12:00,864.352
8/17/2022 13:00,801.109
8/17/2022 14:00,682.228
8/17/2022 15:00,527.527
8/17/2022 16:00,358.417
8/17/2022 17:00,191.725
8/17/2022 18:00,51.063
8/17/2022 19:00,1.238
8/17/2022 20:00,0
8/17/2022 21:00,0
8/17/2022 22:00,0
8/17/2022 23:00,0
8/18/2022 0:00,0
8/18/2022 1:00,0
8/18/2022 2:00,0
8/18/2022 3:00,0
8/18/2022 4:00,0
8/18/2022 5:00,12.972
8/18/2022 6:00,122.544
8/18/2022 7:00,287.573
8/18/2022 8:00,460.679
8/18/2022 9:00,624.104
8/18/2022 10:00,747.644
8/18/2022 11:00,824.925
8/18/2022 12:00,845.701
8/18/2022 13:00,805.569
8/18/2022 14:00,712.815
8/18/2022 15:00,576.53
8/18/2022 16:00,412.185
8/18/2022 17:00,230.613
8/18/2022 18:00,62.204
8/18/2022 19:00,1.257
8/18/2022 20:00,0
8/18/2022 21:00,0
8/18/2022 22:00,0
8/18/2022 23:00,0
8/19/2022 0:00,0
8/19/2022 1:00,0
8/19/2022 2:00,0
8/19/2022 3:00,0
8/19/2022 4:00,0
8/19/2022 5:00,20.214
8/19/2022 6:00,157.393
8/19/2022 7:00,351.054
8/19/2022 8:00,544.059
8/19/2022 9:00,713.75
8/19/2022 10:00,839.227
8/19/2022 11:00,913.252
8/19/2022 12:00,926.911
8/19/2022 13:00,880.246
8/19/2022 14:00,777.387
8/19/2022 15:00,626.073
8/19/2022 16:00,440.438
8/19/2022 17:00,239.285
8/19/2022 18:00,60.545
8/19/2022 19:00,1.041
8/19/2022 20:00,0
8/19/2022 21:00,0
8/19/2022 22:00,0
8/19/2022 23:00,0
8/20/2022 0:00,0
8/20/2022 1:00,0
8/20/2022 2:00,0
8/20/2022 3:00,0
8/20/2022 4:00,0
8/20/2022 5:00,18.879
8/20/2022 6:00,152.887
8/20/2022 7:00,345.591
8/20/2022 8:00,536.24
8/20/2022 9:00,697.922
8/20/2022 10:00,816.105
8/20/2022 11:00,886.064
8/20/2022 12:00,894.473
8/20/2022 13:00,838.065
8/20/2022 14:00,727.692
8/20/2022 15:00,574.699
8/20/2022 16:00,397.269
8/20/2022 17:00,212.557
8/20/2022 18:00,49.433
8/20/2022 19:00,0.605
8/20/2022 20:00,0
8/20/2022 21:00,0
8/20/2022 22:00,0
8/20/2022 23:00,0
8/21/2022 0:00,0
8/21/2022 1:00,0
8/21/2022 2:00,0
8/21/2022 3:00,0
8/21/2022 4:00,0
8/21/2022 5:00,15.77
8/21/2022 6:00,145.382
8/21/2022 7:00,335.09
8/21/2022 8:00,518.523
8/21/2022 9:00,685.598
8/21/2022 10:00,812.702
8/21/2022 11:00,877.123
8/21/2022 12:00,867.082
8/21/2022 13:00,769.658
8/21/2022 14:00,675.976
8/21/2022 15:00,539.327
8/21/2022 16:00,379.584
8/21/2022 17:00,207.055
8/21/2022 18:00,51.494
8/21/2022 19:00,0.742
8/21/2022 20:00,0
8/21/2022 21:00,0
8/21/2022 22:00,0
8/21/2022 23:00,0
8/22/2022 0:00,0
8/22/2022 1:00,0
8/22/2022 2:00,0
8/22/2022 3:00,0
8/22/2022 4:00,0
8/22/2022 5:00,14.249
8/22/2022 6:00,135.099
8/22/2022 7:00,324.241
8/22/2022 8:00,509.151
8/22/2022 9:00,678.113
8/22/2022 10:00,802.399
8/22/2022 11:00,869.503
8/22/2022 12:00,880.867
8/22/2022 13:00,836.633
8/22/2022 14:00,729.011
8/22/2022 15:00,579.6
8/22/2022 16:00,401.177
8/22/2022 17:00,209.157
8/22/2022 18:00,46.783
8/22/2022 19:00,0.669
8/22/2022 20:00,0
8/22/2022 21:00,0
8/22/2022 22:00,0
8/22/2022 23:00,0
8/23/2022 0:00,0
8/23/2022 1:00,0
8/23/2022 2:00,0
8/23/2022 3:00,0
8/23/2022 4:00,0
8/23/2022 5:00,13.247
8/23/2022 6:00,126.089
8/23/2022 7:00,306.244
8/23/2022 8:00,494.04
8/23/2022 9:00,662.139
8/23/2022 10:00,784.54
8/23/2022 11:00,853.559
8/23/2022 12:00,866.007
8/23/2022 13:00,811.211
8/23/2022 14:00,701.772
8/23/2022 15:00,551.37
8/23/2022 16:00,376.686
8/23/2022 17:00,193.473
8/23/2022 18:00,42.662
8/23/2022 19:00,0.645
8/23/2022 20:00,0
8/23/2022 21:00,0
8/23/2022 22:00,0
8/23/2022 23:00,0
8/24/2022 0:00,0
8/24/2022 1:00,0
8/24/2022 2:00,0
8/24/2022 3:00,0
8/24/2022 4:00,0
8/24/2022 5:00,10.987
8/24/2022 6:00,112.363
8/24/2022 7:00,284.46
8/24/2022 8:00,456.511
8/24/2022 9:00,610.095
8/24/2022 10:00,722.24
8/24/2022 11:00,794.967
8/24/2022 12:00,818.984
8/24/2022 13:00,783.097
8/24/2022 14:00,675.746
8/24/2022 15:00,521.474
8/24/2022 16:00,349.416
8/24/2022 17:00,173.648
8/24/2022 18:00,38.32
8/24/2022 19:00,0.636
8/24/2022 20:00,0
8/24/2022 21:00,0
8/24/2022 22:00,0
8/24/2022 23:00,0
8/25/2022 0:00,0
8/25/2022 1:00,0
8/25/2022 2:00,0
8/25/2022 3:00,0
8/25/2022 4:00,0
8/25/2022 5:00,10.117
8/25/2022 6:00,116.416
8/25/2022 7:00,294.788
8/25/2022 8:00,476.619
8/25/2022 9:00,640.378
8/25/2022 10:00,761.698
8/25/2022 11:00,828.879
8/25/2022 12:00,830.529
8/25/2022 13:00,775.242
8/25/2022 14:00,669.932
8/25/2022 15:00,526.892
8/25/2022 16:00,358.004
8/25/2022 17:00,185.23
8/25/2022 18:00,41.113
8/25/2022 19:00,0.641
8/25/2022 20:00,0
8/25/2022 21:00,0
8/25/2022 22:00,0
8/25/2022 23:00,0
8/26/2022 0:00,0
8/26/2022 1:00,0
8/26/2022 2:00,0
8/26/2022 3:00,0
8/26/2022 4:00,0
8/26/2022 5:00,9.266
8/26/2022 6:00,110.492
8/26/2022 7:00,279.805
8/26/2022 8:00,452.01
8/26/2022 9:00,604.503
8/26/2022 10:00,718.781
8/26/2022 11:00,776.335
8/26/2022 12:00,793.206
8/26/2022 13:00,743.424
8/26/2022 14:00,656.727
8/26/2022 15:00,508.999
8/26/2022 16:00,344.005
8/26/2022 17:00,173.77
8/26/2022 18:00,35.812
8/26/2022 19:00,0.533
8/26/2022 20:00,0
8/26/2022 21:00,0
8/26/2022 22:00,0
8/26/2022 23:00,0
8/27/2022 0:00,0
8/27/2022 1:00,0
8/27/2022 2:00,0
8/27/2022 3:00,0
8/27/2022 4:00,0
8/27/2022 5:00,8.164
8/27/2022 6:00,104.86
8/27/2022 7:00,262.293
8/27/2022 8:00,430.821
8/27/2022 9:00,581.987
8/27/2022 10:00,697.959
8/27/2022 11:00,758.443
8/27/2022 12:00,767.246
8/27/2022 13:00,729.431
8/27/2022 14:00,639.473
8/27/2022 15:00,506.633
8/27/2022 16:00,349.433
8/27/2022 17:00,179.631
8/27/2022 18:00,36.549
8/27/2022 19:00,0.521
8/27/2022 20:00,0
8/27/2022 21:00,0
8/27/2022 22:00,0
8/27/2022 23:00,0
8/28/2022 0:00,0
8/28/2022 1:00,0
8/28/2022 2:00,0
8/28/2022 3:00,0
8/28/2022 4:00,0
8/28/2022 5:00,9.476
8/28/2022 6:00,120.103
8/28/2022 7:00,305.49
8/28/2022 8:00,496.259
8/28/2022 9:00,661.972
8/28/2022 10:00,785.162
8/28/2022 11:00,858.178
8/28/2022 12:00,874.784
8/28/2022 13:00,826.577
8/28/2022 14:00,720.029
8/28/2022 15:00,567.09
8/28/2022 16:00,381.454
8/28/2022 17:00,188.892
8/28/2022 18:00,36.042
8/28/2022 19:00,0.511
8/28/2022 20:00,0
8/28/2022 21:00,0
8/28/2022 22:00,0
8/28/2022 23:00,0
8/29/2022 0:00,0
8/29/2022 1:00,0
8/29/2022 2:00,0
8/29/2022 3:00,0
8/29/2022 4:00,0
8/29/2022 5:00,7.266
8/29/2022 6:00,92.686
8/29/2022 7:00,247.892
8/29/2022 8:00,424.963
8/29/2022 9:00,588.867
8/29/2022 10:00,718.658
8/29/2022 11:00,790.806
8/29/2022 12:00,799.359
8/29/2022 13:00,756.962
8/29/2022 14:00,659.873
8/29/2022 15:00,512.197
8/29/2022 16:00,335.734
8/29/2022 17:00,155.501
8/29/2022 18:00,29.91
8/29/2022 19:00,0.418
8/29/2022 20:00,0
8/29/2022 21:00,0
8/29/2022 22:00,0
8/29/2022 23:00,0
8/30/2022 0:00,0
8/30/2022 1:00,0
8/30/2022 2:00,0
8/30/2022 3:00,0
8/30/2022 4:00,0
8/30/2022 5:00,6.476
8/30/2022 6:00,96.694
8/30/2022 7:00,267.279
8/30/2022 8:00,449.494
8/30/2022 9:00,595.519
8/30/2022 10:00,721.201
8/30/2022 11:00,794.283
8/30/2022 12:00,813.386
8/30/2022 13:00,763.235
8/30/2022 14:00,654.99
8/30/2022 15:00,502.931
8/30/2022 16:00,330.718
8/30/2022 17:00,156.561
8/30/2022 18:00,28.135
8/30/2022 19:00,0.296
8/30/2022 20:00,0
8/30/2022 21:00,0
8/30/2022 22:00,0
8/30/2022 23:00,0
8/31/2022 0:00,0
8/31/2022 1:00,0
8/31/2022 2:00,0
8/31/2022 3:00,0
8/31/2022 4:00,0
8/31/2022 5:00,3.898
8/31/2022 6:00,85.655
8/31/2022 7:00,247.293
8/31/2022 8:00,428.31
8/31/2022 9:00,596.338
8/31/2022 10:00,722.117
8/31/2022 11:00,795.957
8/31/2022 12:00,814.785
8/31/2022 13:00,768.896
8/31/2022 14:00,661.848
8/31/2022 15:00,513.891
8/31/2022 16:00,342.934
8/31/2022 17:00,164.844
8/31/2022 18:00,27.254
8/31/2022 19:00,0.095
8/31/2022 20:00,0
8/31/2022 21:00,0
8/31/2022 22:00,0
8/31/2022 23:00,0
9/1/2022 0:00,0
9/1/2022 1:00,0
9/1/2022 2:00,0
9/1/2022 3:00,0
9/1/2022 4:00,0
9/1/2022 5:00,5.687
9/1/2022 6:00,92.024
9/1/2022 7:00,258.495
9/1/2022 8:00,436.872
9/1/2022 9:00,598.005
9/1/2022 10:00,725.504
9/1/2022 11:00,799.281
9/1/2022 12:00,798.737
9/1/2022 13:00,741.542
9/1/2022 14:00,638.844
9/1/2022 15:00,477.228
9/1/2022 16:00,304.599
9/1/2022 17:00,135.609
9/1/2022 18:00,20.07
9/1/2022 19:00,0.139
9/1/2022 20:00,0
9/1/2022 21:00,0
9/1/2022 22:00,0
9/1/2022 23:00,0
9/2/2022 0:00,0
9/2/2022 1:00,0
9/2/2022 2:00,0
9/2/2022 3:00,0
9/2/2022 4:00,0
9/2/2022 5:00,3.364
9/2/2022 6:00,74.877
9/2/2022 7:00,222.659
9/2/2022 8:00,402.847
9/2/2022 9:00,577.67
9/2/2022 10:00,712.433
9/2/2022 11:00,766.669
9/2/2022 12:00,753.547
9/2/2022 13:00,720.886
9/2/2022 14:00,637.572
9/2/2022 15:00,495.792
9/2/2022 16:00,329.403
9/2/2022 17:00,150.363
9/2/2022 18:00,25.138
9/2/2022 19:00,0.23
9/2/2022 20:00,0
9/2/2022 21:00,0
9/2/2022 22:00,0
9/2/2022 23:00,0
9/3/2022 0:00,0
9/3/2022 1:00,0
9/3/2022 2:00,0
9/3/2022 3:00,0
9/3/2022 4:00,0
9/3/2022 5:00,3.881
9/3/2022 6:00,86.097
9/3/2022 7:00,255.836
9/3/2022 8:00,435.346
9/3/2022 9:00,595.989
9/3/2022 10:00,734.452
9/3/2022 11:00,830.862
9/3/2022 12:00,848.833
9/3/2022 13:00,804.193
9/3/2022 14:00,699.604
9/3/2022 15:00,551.396
9/3/2022 16:00,370.936
9/3/2022 17:00,177.724
9/3/2022 18:00,27.984
9/3/2022 19:00,0.24
9/3/2022 20:00,0
9/3/2022 21:00,0
9/3/2022 22:00,0
9/3/2022 23:00,0
9/4/2022 0:00,0
9/4/2022 1:00,0
9/4/2022 2:00,0
9/4/2022 3:00,0
9/4/2022 4:00,0
9/4/2022 5:00,4.437
9/4/2022 6:00,96.343
9/4/2022 7:00,273.656
9/4/2022 8:00,468.627
9/4/2022 9:00,633.799
9/4/2022 10:00,745.87
9/4/2022 11:00,792.536
9/4/2022 12:00,796.004
9/4/2022 13:00,754.727
9/4/2022 14:00,656.663
9/4/2022 15:00,530.001
9/4/2022 16:00,358.723
9/4/2022 17:00,170.434
9/4/2022 18:00,25.832
9/4/2022 19:00,0.197
9/4/2022 20:00,0
9/4/2022 21:00,0
9/4/2022 22:00,0
9/4/2022 23:00,0
9/5/2022 0:00,0
9/5/2022 1:00,0
9/5/2022 2:00,0
9/5/2022 3:00,0
9/5/2022 4:00,0
9/5/2022 5:00,3.218
9/5/2022 6:00,88.556
9/5/2022 7:00,266.682
9/5/2022 8:00,460.12
9/5/2022 9:00,636.868
9/5/2022 10:00,763.025
9/5/2022 11:00,836.2
9/5/2022 12:00,850.419
9/5/2022 13:00,805.15
9/5/2022 14:00,700.217
9/5/2022 15:00,549.27
9/5/2022 16:00,363.923
9/5/2022 17:00,168.963
9/5/2022 18:00,24.346
9/5/2022 19:00,0.204
9/5/2022 20:00,0
9/5/2022 21:00,0
9/5/2022 22:00,0
9/5/2022 23:00,0
9/6/2022 0:00,0
9/6/2022 1:00,0
9/6/2022 2:00,0
9/6/2022 3:00,0
9/6/2022 4:00,0
9/6/2022 5:00,2.981
9/6/2022 6:00,81.289
9/6/2022 7:00,258.379
9/6/2022 8:00,459.208
9/6/2022 9:00,635.732
9/6/2022 10:00,762.61
9/6/2022 11:00,835.61
9/6/2022 12:00,847.833
9/6/2022 13:00,801.684
9/6/2022 14:00,696.237
9/6/2022 15:00,542.309
9/6/2022 16:00,356.396
9/6/2022 17:00,164.562
9/6/2022 18:00,23.426
9/6/2022 19:00,0.222
9/6/2022 20:00,0
9/6/2022 21:00,0
9/6/2022 22:00,0
9/6/2022 23:00,0
9/7/2022 0:00,0
9/7/2022 1:00,0
9/7/2022 2:00,0
9/7/2022 3:00,0
9/7/2022 4:00,0
9/7/2022 5:00,2.68
9/7/2022 6:00,63.508
9/7/2022 7:00,204.156
9/7/2022 8:00,378.621
9/7/2022 9:00,559.42
9/7/2022 10:00,711.105
9/7/2022 11:00,776.548
9/7/2022 12:00,756.465
9/7/2022 13:00,674.485
9/7/2022 14:00,548.846
9/7/2022 15:00,419.111
9/7/2022 16:00,280.027
9/7/2022 17:00,123.889
9/7/2022 18:00,18.234
9/7/2022 19:00,0.203
9/7/2022 20:00,0
9/7/2022 21:00,0
9/7/2022 22:00,0
9/7/2022 23:00,0
9/8/2022 0:00,0
9/8/2022 1:00,0
9/8/2022 2:00,0
9/8/2022 3:00,0
9/8/2022 4:00,0
9/8/2022 5:00,2.146
9/8/2022 6:00,61.237
9/8/2022 7:00,199.598
9/8/2022 8:00,364.282
9/8/2022 9:00,526.766
9/8/2022 10:00,667.593
9/8/2022 11:00,753.378
9/8/2022 12:00,769.257
9/8/2022 13:00,721.817
9/8/2022 14:00,615.377
9/8/2022 15:00,473.496
9/8/2022 16:00,311.461
9/8/2022 17:00,140.489
9/8/2022 18:00,17.935
9/8/2022 19:00,0.177
9/8/2022 20:00,0
9/8/2022 21:00,0
9/8/2022 22:00,0
9/8/2022 23:00,0
9/9/2022 0:00,0
9/9/2022 1:00,0
9/9/2022 2:00,0
9/9/2022 3:00,0
9/9/2022 4:00,0
9/9/2022 5:00,2.077
9/9/2022 6:00,71.196
9/9/2022 7:00,244.344
9/9/2022 8:00,443.072
9/9/2022 9:00,620.315
9/9/2022 10:00,743.596
9/9/2022 11:00,812.874
9/9/2022 12:00,826.707
9/9/2022 13:00,777.988
9/9/2022 14:00,659.836
9/9/2022 15:00,507.665
9/9/2022 16:00,327.866
9/9/2022 17:00,142.728
9/9/2022 18:00,18.255
9/9/2022 19:00,0.152
9/9/2022 20:00,0
9/9/2022 21:00,0
9/9/2022 22:00,0
9/9/2022 23:00,0
9/10/2022 0:00,0
9/10/2022 1:00,0
9/10/2022 2:00,0
9/10/2022 3:00,0
9/10/2022 4:00,0
9/10/2022 5:00,2.067
9/10/2022 6:00,80.505
9/10/2022 7:00,261.71
9/10/2022 8:00,457.729
9/10/2022 9:00,628.134
9/10/2022 10:00,753.672
9/10/2022 11:00,824.875
9/10/2022 12:00,836.187
9/10/2022 13:00,787.962
9/10/2022 14:00,683.528
9/10/2022 15:00,531.844
9/10/2022 16:00,347.265
9/10/2022 17:00,152.224
9/10/2022 18:00,17.548
9/10/2022 19:00,0.098
9/10/2022 20:00,0
9/10/2022 21:00,0
9/10/2022 22:00,0
9/10/2022 23:00,0
9/11/2022 0:00,0
9/11/2022 1:00,0
9/11/2022 2:00,0
9/11/2022 3:00,0
9/11/2022 4:00,0
9/11/2022 5:00,1.746
9/11/2022 6:00,70.819
9/11/2022 7:00,235.147
9/11/2022 8:00,415.296
9/11/2022 9:00,574.502
9/11/2022 10:00,688.738
9/11/2022 11:00,735.605
9/11/2022 12:00,738.334
9/11/2022 13:00,702.131
9/11/2022 14:00,613.882
9/11/2022 15:00,471.017
9/11/2022 16:00,299.252
9/11/2022 17:00,125.625
9/11/2022 18:00,14.674
9/11/2022 19:00,0.118
9/11/2022 20:00,0
9/11/2022 21:00,0
9/11/2022 22:00,0
9/11/2022 23:00,0
9/12/2022 0:00,0
9/12/2022 1:00,0
9/12/2022 2:00,0
9/12/2022 3:00,0
9/12/2022 4:00,0
9/12/2022 5:00,1.114
9/12/2022 6:00,50.923
9/12/2022 7:00,172.588
9/12/2022 8:00,307.272
9/12/2022 9:00,444.166
9/12/2022 10:00,547.495
9/12/2022 11:00,567.731
9/12/2022 12:00,565.918
9/12/2022 13:00,536.346
9/12/2022 14:00,435.835
9/12/2022 15:00,318.613
9/12/2022 16:00,201.306
9/12/2022 17:00,85.711
9/12/2022 18:00,10.603
9/12/2022 19:00,0.099
9/12/2022 20:00,0
9/12/2022 21:00,0
9/12/2022 22:00,0
9/12/2022 23:00,0
9/13/2022 0:00,0
9/13/2022 1:00,0
9/13/2022 2:00,0
9/13/2022 3:00,0
9/13/2022 4:00,0
9/13/2022 5:00,0.405
9/13/2022 6:00,23.274
9/13/2022 7:00,105.43
9/13/2022 8:00,241.26
9/13/2022 9:00,359.748
9/13/2022 10:00,409.853
9/13/2022 11:00,452.462
9/13/2022 12:00,459.098
9/13/2022 13:00,419.895
9/13/2022 14:00,360.523
9/13/2022 15:00,273.148
9/13/2022 16:00,177.603
9/13/2022 17:00,75.623
9/13/2022 18:00,10.567
9/13/2022 19:00,0.095
9/13/2022 20:00,0
9/13/2022 21:00,0
9/13/2022 22:00,0
9/13/2022 23:00,0
9/14/2022 0:00,0
9/14/2022 1:00,0
9/14/2022 2:00,0
9/14/2022 3:00,0
9/14/2022 4:00,0
9/14/2022 5:00,0.242
9/14/2022 6:00,34.535
9/14/2022 7:00,146.651
9/14/2022 8:00,291.831
9/14/2022 9:00,419.792
9/14/2022 10:00,526.21
9/14/2022 11:00,593.221
9/14/2022 12:00,603.993
9/14/2022 13:00,566.144
9/14/2022 14:00,489.363
9/14/2022 15:00,378.673
9/14/2022 16:00,245.649
9/14/2022 17:00,105.303
9/14/2022 18:00,11.534
9/14/2022 19:00,0.077
9/14/2022 20:00,0
9/14/2022 21:00,0
9/14/2022 22:00,0
9/14/2022 23:00,0
9/15/2022 0:00,0
9/15/2022 1:00,0
9/15/2022 2:00,0
9/15/2022 3:00,0
9/15/2022 4:00,0
9/15/2022 5:00,0.968
9/15/2022 6:00,57.449
9/15/2022 7:00,210.162
9/15/2022 8:00,395.292
9/15/2022 9:00,559.379
9/15/2022 10:00,677.584
9/15/2022 11:00,741.543
9/15/2022 12:00,746.971
9/15/2022 13:00,689.355
9/15/2022 14:00,584.57
9/15/2022 15:00,435.61
9/15/2022 16:00,267.087
9/15/2022 17:00,102.457
9/15/2022 18:00,10.217
9/15/2022 19:00,0.06
9/15/2022 20:00,0
9/15/2022 21:00,0
9/15/2022 22:00,0
9/15/2022 23:00,0
9/16/2022 0:00,0
9/16/2022 1:00,0
9/16/2022 2:00,0
9/16/2022 3:00,0
9/16/2022 4:00,0
9/16/2022 5:00,0.728
9/16/2022 6:00,58.368
9/16/2022 7:00,224.71
9/16/2022 8:00,414.636
9/16/2022 9:00,582.187
9/16/2022 10:00,701.926
9/16/2022 11:00,764.142
9/16/2022 12:00,766.259
9/16/2022 13:00,703.44
9/16/2022 14:00,600.465
9/16/2022 15:00,456.127
9/16/2022 16:00,291.757
9/16/2022 17:00,116.477
9/16/2022 18:00,11.476
9/16/2022 19:00,0.057
9/16/2022 20:00,0
9/16/2022 21:00,0
9/16/2022 22:00,0
9/16/2022 23:00,0
9/17/2022 0:00,0
9/17/2022 1:00,0
9/17/2022 2:00,0
9/17/2022 3:00,0
9/17/2022 4:00,0
9/17/2022 5:00,0.532
9/17/2022 6:00,53.739
9/17/2022 7:00,214.631
9/17/2022 8:00,386.631
9/17/2022 9:00,543.425
9/17/2022 10:00,674.313
9/17/2022 11:00,759.077
9/17/2022 12:00,768.461
9/17/2022 13:00,704.451
9/17/2022 14:00,595.563
9/17/2022 15:00,436.525
9/17/2022 16:00,258.743
9/17/2022 17:00,98.668
9/17/2022 18:00,9.026
9/17/2022 19:00,0.04
9/17/2022 20:00,0
9/17/2022 21:00,0
9/17/2022 22:00,0
9/17/2022 23:00,0
9/18/2022 0:00,0
9/18/2022 1:00,0
9/18/2022 2:00,0
9/18/2022 3:00,0
9/18/2022 4:00,0
9/18/2022 5:00,0.416
9/18/2022 6:00,43.843
9/18/2022 7:00,183.736
9/18/2022 8:00,357.09
9/18/2022 9:00,520.301
9/18/2022 10:00,651.202
9/18/2022 11:00,723.354
9/18/2022 12:00,735.796
9/18/2022 13:00,686.837
9/18/2022 14:00,579.799
9/18/2022 15:00,424.431
9/18/2022 16:00,256.675
9/18/2022 17:00,95.799
9/18/2022 18:00,8.427
9/18/2022 19:00,0.038
9/18/2022 20:00,0
9/18/2022 21:00,0
9/18/2022 22:00,0
9/18/2022 23:00,0
9/19/2022 0:00,0
9/19/2022 1:00,0
9/19/2022 2:00,0
9/19/2022 3:00,0
9/19/2022 4:00,0
9/19/2022 5:00,0.338
9/19/2022 6:00,37.658
9/19/2022 7:00,162.998
9/19/2022 8:00,328.077
9/19/2022 9:00,484.36
9/19/2022 10:00,600.829
9/19/2022 11:00,673.667
9/19/2022 12:00,687.294
9/19/2022 13:00,643.506
9/19/2022 14:00,547.413
9/19/2022 15:00,406.795
9/19/2022 16:00,246.363
9/19/2022 17:00,93.263
9/19/2022 18:00,8.384
9/19/2022 19:00,0.03
9/19/2022 20:00,0
9/19/2022 21:00,0
9/19/2022 22:00,0
9/19/2022 23:00,0
9/20/2022 0:00,0
9/20/2022 1:00,0
9/20/2022 2:00,0
9/20/2022 3:00,0
9/20/2022 4:00,0
9/20/2022 5:00,0.202
9/20/2022 6:00,44.762
9/20/2022 7:00,205.279
9/20/2022 8:00,398.408
9/20/2022 9:00,570.04
9/20/2022 10:00,697.674
9/20/2022 11:00,767.447
9/20/2022 12:00,775.653
9/20/2022 13:00,721.498
9/20/2022 14:00,607.69
9/20/2022 15:00,450.046
9/20/2022 16:00,278.749
9/20/2022 17:00,105.634
9/20/2022 18:00,8.493
9/20/2022 19:00,0.027
9/20/2022 20:00,0
9/20/2022 21:00,0
9/20/2022 22:00,0
9/20/2022 23:00,0
9/21/2022 0:00,0
9/21/2022 1:00,0
9/21/2022 2:00,0
9/21/2022 3:00,0
9/21/2022 4:00,0
9/21/2022 5:00,0.231
9/21/2022 6:00,42.214
9/21/2022 7:00,189.854
9/21/2022 8:00,368.054
9/21/2022 9:00,526.936
9/21/2022 10:00,634.245
9/21/2022 11:00,687.035
9/21/2022 12:00,688.143
9/21/2022 13:00,636.859
9/21/2022 14:00,544.22
9/21/2022 15:00,408.374
9/21/2022 16:00,250.503
9/21/2022 17:00,93.508
9/21/2022 18:00,7.876
9/21/2022 19:00,0.021
9/21/2022 20:00,0
9/21/2022 21:00,0
9/21/2022 22:00,0
9/21/2022 23:00,0
9/22/2022 0:00,0
9/22/2022 1:00,0
9/22/2022 2:00,0
9/22/2022 3:00,0
9/22/2022 4:00,0
9/22/2022 5:00,0.169
9/22/2022 6:00,43.009
9/22/2022 7:00,202.522
9/22/2022 8:00,392.54
9/22/2022 9:00,562.843
9/22/2022 10:00,689.154
9/22/2022 11:00,762.868
9/22/2022 12:00,770.413
9/22/2022 13:00,714.842
9/22/2022 14:00,603.534
9/22/2022 15:00,447.428
9/22/2022 16:00,271.746
9/22/2022 17:00,99.211
9/22/2022 18:00,7.202
9/22/2022 19:00,0.015
9/22/2022 20:00,0
9/22/2022 21:00,0
9/22/2022 22:00,0
9/22/2022 23:00,0
9/23/2022 0:00,0
9/23/2022 1:00,0
9/23/2022 2:00,0
9/23/2022 3:00,0
9/23/2022 4:00,0
9/23/2022 5:00,0.148
9/23/2022 6:00,40.162
9/23/2022 7:00,185.538
9/23/2022 8:00,343.918
9/23/2022 9:00,473.403
9/23/2022 10:00,582.344
9/23/2022 11:00,650.408
9/23/2022 12:00,647.736
9/23/2022 13:00,590.461
9/23/2022 14:00,499.228
9/23/2022 15:00,360.884
9/23/2022 16:00,213.25
9/23/2022 17:00,76.265
9/23/2022 18:00,4.872
9/23/2022 19:00,0.008
9/23/2022 20:00,0
9/23/2022 21:00,0
9/23/2022 22:00,0
9/23/2022 23:00,0
9/24/2022 0:00,0
9/24/2022 1:00,0
9/24/2022 2:00,0
9/24/2022 3:00,0
9/24/2022 4:00,0
9/24/2022 5:00,0.061
9/24/2022 6:00,25.836
9/24/2022 7:00,132.308
9/24/2022 8:00,272.001
9/24/2022 9:00,414.269
9/24/2022 10:00,539.916
9/24/2022 11:00,613.253
9/24/2022 12:00,619.678
9/24/2022 13:00,583.353
9/24/2022 14:00,494.584
9/24/2022 15:00,357.102
9/24/2022 16:00,212.058
9/24/2022 17:00,72.614
9/24/2022 18:00,3.015
9/24/2022 19:00,0.002
9/24/2022 20:00,0
9/24/2022 21:00,0
9/24/2022 22:00,0
9/24/2022 23:00,0
9/25/2022 0:00,0
9/25/2022 1:00,0
9/25/2022 2:00,0
9/25/2022 3:00,0
9/25/2022 4:00,0
9/25/2022 5:00,0.032
9/25/2022 6:00,29.54
9/25/2022 7:00,164.54
9/25/2022 8:00,333.323
9/25/2022 9:00,483.428
9/25/2022 10:00,599.217
9/25/2022 11:00,659.526
9/25/2022 12:00,654.169
9/25/2022 13:00,599.166
9/25/2022 14:00,497.427
9/25/2022 15:00,369.335
9/25/2022 16:00,216.292
9/25/2022 17:00,71.822
9/25/2022 18:00,3.039
9/25/2022 19:00,0.001
9/25/2022 20:00,0
9/25/2022 21:00,0
9/25/2022 22:00,0
9/25/2022 23:00,0
9/26/2022 0:00,0
9/26/2022 1:00,0
9/26/2022 2:00,0
9/26/2022 3:00,0
9/26/2022 4:00,0
9/26/2022 5:00,0.042
9/26/2022 6:00,31.46
9/26/2022 7:00,165.008
9/26/2022 8:00,338.266
9/26/2022 9:00,497.474
9/26/2022 10:00,619.683
9/26/2022 11:00,695.377
9/26/2022 12:00,706.716
9/26/2022 13:00,660.337
9/26/2022 14:00,562.054
9/26/2022 15:00,433.598
9/26/2022 16:00,265.376
9/26/2022 17:00,90.029
9/26/2022 18:00,4.307
9/26/2022 19:00,0.003
9/26/2022 20:00,0
9/26/2022 21:00,0
9/26/2022 22:00,0
9/26/2022 23:00,0
9/27/2022 0:00,0
9/27/2022 1:00,0
9/27/2022 2:00,0
9/27/2022 3:00,0
9/27/2022 4:00,0
9/27/2022 5:00,0.03
9/27/2022 6:00,33.537
9/27/2022 7:00,177.034
9/27/2022 8:00,358.223
9/27/2022 9:00,530.25
9/27/2022 10:00,656.623
9/27/2022 11:00,732.927
9/27/2022 12:00,750.027
9/27/2022 13:00,705.608
9/27/2022 14:00,604.623
9/27/2022 15:00,452.935
9/27/2022 16:00,266.433
9/27/2022 17:00,84.433
9/27/2022 18:00,3.401
9/27/2022 19:00,0.002
9/27/2022 20:00,0
9/27/2022 21:00,0
9/27/2022 22:00,0
9/27/2022 23:00,0
9/28/2022 0:00,0
9/28/2022 1:00,0
9/28/2022 2:00,0
9/28/2022 3:00,0
9/28/2022 4:00,0
9/28/2022 5:00,0.016
9/28/2022 6:00,32.612
9/28/2022 7:00,168.84
9/28/2022 8:00,319.265
9/28/2022 9:00,453.577
9/28/2022 10:00,535.723
9/28/2022 11:00,592.618
9/28/2022 12:00,600.016
9/28/2022 13:00,549.928
9/28/2022 14:00,495.569
9/28/2022 15:00,366.218
9/28/2022 16:00,218.895
9/28/2022 17:00,74.126
9/28/2022 18:00,3.216
9/28/2022 19:00,0.002
9/28/2022 20:00,0
9/28/2022 21:00,0
9/28/2022 22:00,0
9/28/2022 23:00,0
9/29/2022 0:00,0
9/29/2022 1:00,0
9/29/2022 2:00,0
9/29/2022 3:00,0
9/29/2022 4:00,0
9/29/2022 5:00,0.005
9/29/2022 6:00,20.387
9/29/2022 7:00,115.091
9/29/2022 8:00,223.953
9/29/2022 9:00,333.995
9/29/2022 10:00,455.601
9/29/2022 11:00,526.71
9/29/2022 12:00,519.045
9/29/2022 13:00,466.443
9/29/2022 14:00,402.72
9/29/2022 15:00,316.292
9/29/2022 16:00,183.955
9/29/2022 17:00,61.933
9/29/2022 18:00,4.387
9/29/2022 19:00,0.001
9/29/2022 20:00,0
9/29/2022 21:00,0
9/29/2022 22:00,0
9/29/2022 23:00,0
9/30/2022 0:00,0
9/30/2022 1:00,0
9/30/2022 2:00,0
9/30/2022 3:00,0
9/30/2022 4:00,0
9/30/2022 5:00,0.002
9/30/2022 6:00,28.8
9/30/2022 7:00,172.885
9/30/2022 8:00,360.749
9/30/2022 9:00,534.522
9/30/2022 10:00,668.986
9/30/2022 11:00,744.309
9/30/2022 12:00,756.516
9/30/2022 13:00,703.748
9/30/2022 14:00,583.878
9/30/2022 15:00,420.817
9/30/2022 16:00,244.163
9/30/2022 17:00,73.182
9/30/2022 18:00,4.096
9/30/2022 19:00,0.001
9/30/2022 20:00,0
9/30/2022 21:00,0
9/30/2022 22:00,0
9/30/2022 23:00,0
10/1/2022 0:00,0
10/1/2022 1:00,0
10/1/2022 2:00,0
10/1/2022 3:00,0
10/1/2022 4:00,0
10/1/2022 5:00,0.002
10/1/2022 6:00,28.159
10/1/2022 7:00,179.998
10/1/2022 8:00,369.951
10/1/2022 9:00,541.241
10/1/2022 10:00,672.655
10/1/2022 11:00,748.433
10/1/2022 12:00,762.366
10/1/2022 13:00,713.265
10/1/2022 14:00,607.711
10/1/2022 15:00,454.103
10/1/2022 16:00,267.675
10/1/2022 17:00,81.576
10/1/2022 18:00,3.646
10/1/2022 19:00,0
10/1/2022 20:00,0
10/1/2022 21:00,0
10/1/2022 22:00,0
10/1/2022 23:00,0
10/2/2022 0:00,0
10/2/2022 1:00,0
10/2/2022 2:00,0
10/2/2022 3:00,0
10/2/2022 4:00,0
10/2/2022 5:00,0.001
10/2/2022 6:00,26.828
10/2/2022 7:00,173.218
10/2/2022 8:00,357.484
10/2/2022 9:00,522.666
10/2/2022 10:00,645.576
10/2/2022 11:00,716.86
10/2/2022 12:00,731.095
10/2/2022 13:00,681.469
10/2/2022 14:00,575.119
10/2/2022 15:00,418.387
10/2/2022 16:00,235.403
10/2/2022 17:00,64.774
10/2/2022 18:00,2.849
10/2/2022 19:00,0
10/2/2022 20:00,0
10/2/2022 21:00,0
10/2/2022 22:00,0
10/2/2022 23:00,0
10/3/2022 0:00,0
10/3/2022 1:00,0
10/3/2022 2:00,0
10/3/2022 3:00,0
10/3/2022 4:00,0
10/3/2022 5:00,0
10/3/2022 6:00,17.917
10/3/2022 7:00,120.522
10/3/2022 8:00,269.026
10/3/2022 9:00,399.844
10/3/2022 10:00,498.988
10/3/2022 11:00,567.916
10/3/2022 12:00,584.807
10/3/2022 13:00,537.484
10/3/2022 14:00,431.569
10/3/2022 15:00,300.831
10/3/2022 16:00,163.747
10/3/2022 17:00,45.902
10/3/2022 18:00,2.441
10/3/2022 19:00,0
10/3/2022 20:00,0
10/3/2022 21:00,0
10/3/2022 22:00,0
10/3/2022 23:00,0
10/4/2022 0:00,0
10/4/2022 1:00,0
10/4/2022 2:00,0
10/4/2022 3:00,0
10/4/2022 4:00,0
10/4/2022 5:00,0
10/4/2022 6:00,16.646
10/4/2022 7:00,129.06
10/4/2022 8:00,300.189
10/4/2022 9:00,464.435
10/4/2022 10:00,589.589
10/4/2022 11:00,658.982
10/4/2022 12:00,676.253
10/4/2022 13:00,625.934
10/4/2022 14:00,523.022
10/4/2022 15:00,370.954
10/4/2022 16:00,202.315
10/4/2022 17:00,52.345
10/4/2022 18:00,1.978
10/4/2022 19:00,0
10/4/2022 20:00,0
10/4/2022 21:00,0
10/4/2022 22:00,0
10/4/2022 23:00,0
10/5/2022 0:00,0
10/5/2022 1:00,0
10/5/2022 2:00,0
10/5/2022 3:00,0
10/5/2022 4:00,0
10/5/2022 5:00,0
10/5/2022 6:00,17.245
10/5/2022 7:00,133.158
10/5/2022 8:00,304.811
10/5/2022 9:00,475.778
10/5/2022 10:00,601.792
10/5/2022 11:00,674.054
10/5/2022 12:00,690.014
10/5/2022 13:00,643.639
10/5/2022 14:00,535.615
10/5/2022 15:00,384.539
10/5/2022 16:00,211.88
10/5/2022 17:00,54.687
10/5/2022 18:00,2.232
10/5/2022 19:00,0
10/5/2022 20:00,0
10/5/2022 21:00,0
10/5/2022 22:00,0
10/5/2022 23:00,0
10/6/2022 0:00,0
10/6/2022 1:00,0
10/6/2022 2:00,0
10/6/2022 3:00,0
10/6/2022 4:00,0
10/6/2022 5:00,0
10/6/2022 6:00,12.344
10/6/2022 7:00,108.999
10/6/2022 8:00,266.621
10/6/2022 9:00,430.151
10/6/2022 10:00,558.845
10/6/2022 11:00,631.872
10/6/2022 12:00,646.029
10/6/2022 13:00,590.415
10/6/2022 14:00,485.513
10/6/2022 15:00,339.829
10/6/2022 16:00,185.927
10/6/2022 17:00,48.104
10/6/2022 18:00,2.765
10/6/2022 19:00,0
10/6/2022 20:00,0
10/6/2022 21:00,0
10/6/2022 22:00,0
10/6/2022 23:00,0
10/7/2022 0:00,0
10/7/2022 1:00,0
10/7/2022 2:00,0
10/7/2022 3:00,0
10/7/2022 4:00,0
10/7/2022 5:00,0
10/7/2022 6:00,9.652
10/7/2022 7:00,91.737
10/7/2022 8:00,226.723
10/7/2022 9:00,362.357
10/7/2022 10:00,467.804
10/7/2022 11:00,537.27
10/7/2022 12:00,554.337
10/7/2022 13:00,510.252
10/7/2022 14:00,416.399
10/7/2022 15:00,292.01
10/7/2022 16:00,153.769
10/7/2022 17:00,40.169
10/7/2022 18:00,1.499
10/7/2022 19:00,0
10/7/2022 20:00,0
10/7/2022 21:00,0
10/7/2022 22:00,0
10/7/2022 23:00,0
10/8/2022 0:00,0
10/8/2022 1:00,0
10/8/2022 2:00,0
10/8/2022 3:00,0
10/8/2022 4:00,0
10/8/2022 5:00,0
10/8/2022 6:00,9.049
10/8/2022 7:00,97.979
10/8/2022 8:00,249.95
10/8/2022 9:00,396.154
10/8/2022 10:00,505.237
10/8/2022 11:00,572.895
10/8/2022 12:00,603.234
10/8/2022 13:00,562.523
10/8/2022 14:00,468.826
10/8/2022 15:00,334.04
10/8/2022 16:00,181.897
10/8/2022 17:00,45.173
10/8/2022 18:00,1.758
10/8/2022 19:00,0
10/8/2022 20:00,0
10/8/2022 21:00,0
10/8/2022 22:00,0
10/8/2022 23:00,0
10/9/2022 0:00,0
10/9/2022 1:00,0
10/9/2022 2:00,0
10/9/2022 3:00,0
10/9/2022 4:00,0
10/9/2022 5:00,0
10/9/2022 6:00,11.22
10/9/2022 7:00,113.664
10/9/2022 8:00,281.532
10/9/2022 9:00,456.545
10/9/2022 10:00,575.445
10/9/2022 11:00,638.979
10/9/2022 12:00,642.263
10/9/2022 13:00,582.797
10/9/2022 14:00,474.099
10/9/2022 15:00,321.726
10/9/2022 16:00,168.325
10/9/2022 17:00,38.572
10/9/2022 18:00,1.957
10/9/2022 19:00,0
10/9/2022 20:00,0
10/9/2022 21:00,0
10/9/2022 22:00,0
10/9/2022 23:00,0
10/10/2022 0:00,0
10/10/2022 1:00,0
10/10/2022 2:00,0
10/10/2022 3:00,0
10/10/2022 4:00,0
10/10/2022 5:00,0
10/10/2022 6:00,9.021
10/10/2022 7:00,79.879
10/10/2022 8:00,193.392
10/10/2022 9:00,317.388
10/10/2022 10:00,418.917
10/10/2022 11:00,484.552
10/10/2022 12:00,510.718
10/10/2022 13:00,465.508
10/10/2022 14:00,367.951
10/10/2022 15:00,242.003
10/10/2022 16:00,125.894
10/10/2022 17:00,33.532
10/10/2022 18:00,2.237
10/10/2022 19:00,0
10/10/2022 20:00,0
10/10/2022 21:00,0
10/10/2022 22:00,0
10/10/2022 23:00,0
10/11/2022 0:00,0
10/11/2022 1:00,0
10/11/2022 2:00,0
10/11/2022 3:00,0
10/11/2022 4:00,0
10/11/2022 5:00,0
10/11/2022 6:00,7.664
10/11/2022 7:00,80.107
10/11/2022 8:00,197.64
10/11/2022 9:00,320.732
10/11/2022 10:00,418.109
10/11/2022 11:00,473.853
10/11/2022 12:00,478.001
10/11/2022 13:00,430.645
10/11/2022 14:00,348.134
10/11/2022 15:00,240.431
10/11/2022 16:00,125.383
10/11/2022 17:00,33.709
10/11/2022 18:00,2.332
10/11/2022 19:00,0
10/11/2022 20:00,0
10/11/2022 21:00,0
10/11/2022 22:00,0
10/11/2022 23:00,0
10/12/2022 0:00,0
10/12/2022 1:00,0
10/12/2022 2:00,0
10/12/2022 3:00,0
10/12/2022 4:00,0
10/12/2022 5:00,0
10/12/2022 6:00,6.818
10/12/2022 7:00,86.971
10/12/2022 8:00,235.441
10/12/2022 9:00,396.56
10/12/2022 10:00,516.287
10/12/2022 11:00,583.227
10/12/2022 12:00,611.903
10/12/2022 13:00,578.643
10/12/2022 14:00,487.734
10/12/2022 15:00,353.712
10/12/2022 16:00,188.932
10/12/2022 17:00,42.24
10/12/2022 18:00,2.141
10/12/2022 19:00,0
10/12/2022 20:00,0
10/12/2022 21:00,0
10/12/2022 22:00,0
10/12/2022 23:00,0
10/13/2022 0:00,0
10/13/2022 1:00,0
10/13/2022 2:00,0
10/13/2022 3:00,0
10/13/2022 4:00,0
10/13/2022 5:00,0
10/13/2022 6:00,8.285
10/13/2022 7:00,105.769
10/13/2022 8:00,274.096
10/13/2022 9:00,440.231
10/13/2022 10:00,564.897
10/13/2022 11:00,634.824
10/13/2022 12:00,640.474
10/13/2022 13:00,591.946
10/13/2022 14:00,480.474
10/13/2022 15:00,338.401
10/13/2022 16:00,179.899
10/13/2022 17:00,40.256
10/13/2022 18:00,1.654
10/13/2022 19:00,0
10/13/2022 20:00,0
10/13/2022 21:00,0
10/13/2022 22:00,0
10/13/2022 23:00,0
10/14/2022 0:00,0
10/14/2022 1:00,0
10/14/2022 2:00,0
10/14/2022 3:00,0
10/14/2022 4:00,0
10/14/2022 5:00,0
10/14/2022 6:00,9.149
10/14/2022 7:00,122.061
10/14/2022 8:00,295.643
10/14/2022 9:00,458.12
10/14/2022 10:00,585.094
10/14/2022 11:00,663.127
10/14/2022 12:00,681.472
10/14/2022 13:00,633.867
10/14/2022 14:00,528.259
10/14/2022 15:00,377.832
10/14/2022 16:00,199.95
10/14/2022 17:00,41.091
10/14/2022 18:00,1.386
10/14/2022 19:00,0
10/14/2022 20:00,0
10/14/2022 21:00,0
10/14/2022 22:00,0
10/14/2022 23:00,0
10/15/2022 0:00,0
10/15/2022 1:00,0
10/15/2022 2:00,0
10/15/2022 3:00,0
10/15/2022 4:00,0
10/15/2022 5:00,0
10/15/2022 6:00,8.188
10/15/2022 7:00,113.24
10/15/2022 8:00,282.84
10/15/2022 9:00,442.753
10/15/2022 10:00,561.635
10/15/2022 11:00,628.611
10/15/2022 12:00,639.906
10/15/2022 13:00,593.908
10/15/2022 14:00,488.096
10/15/2022 15:00,342.159
10/15/2022 16:00,171.285
10/15/2022 17:00,32.696
10/15/2022 18:00,1.008
10/15/2022 19:00,0
10/15/2022 20:00,0
10/15/2022 21:00,0
10/15/2022 22:00,0
10/15/2022 23:00,0
10/16/2022 0:00,0
10/16/2022 1:00,0
10/16/2022 2:00,0
10/16/2022 3:00,0
10/16/2022 4:00,0
10/16/2022 5:00,0
10/16/2022 6:00,6.591
10/16/2022 7:00,96.818
10/16/2022 8:00,244.523
10/16/2022 9:00,383.532
10/16/2022 10:00,463.677
10/16/2022 11:00,487.727
10/16/2022 12:00,498.518
10/16/2022 13:00,452.948
10/16/2022 14:00,362.236
10/16/2022 15:00,239.304
10/16/2022 16:00,107.02
10/16/2022 17:00,23.482
10/16/2022 18:00,1.853
10/16/2022 19:00,0
10/16/2022 20:00,0
10/16/2022 21:00,0
10/16/2022 22:00,0
10/16/2022 23:00,0
10/17/2022 0:00,0
10/17/2022 1:00,0
10/17/2022 2:00,0
10/17/2022 3:00,0
10/17/2022 4:00,0
10/17/2022 5:00,0
10/17/2022 6:00,3.882
10/17/2022 7:00,71.996
10/17/2022 8:00,208.55
10/17/2022 9:00,352.501
10/17/2022 10:00,473.897
10/17/2022 11:00,542.457
10/17/2022 12:00,572.128
10/17/2022 13:00,543.276
10/17/2022 14:00,450.063
10/17/2022 15:00,323.013
10/17/2022 16:00,160.087
10/17/2022 17:00,28.447
10/17/2022 18:00,0.834
10/17/2022 19:00,0
10/17/2022 20:00,0
10/17/2022 21:00,0
10/17/2022 22:00,0
10/17/2022 23:00,0
10/18/2022 0:00,0
10/18/2022 1:00,0
10/18/2022 2:00,0
10/18/2022 3:00,0
10/18/2022 4:00,0
10/18/2022 5:00,0
10/18/2022 6:00,4.698
10/18/2022 7:00,86.342
10/18/2022 8:00,235.204
10/18/2022 9:00,383.653
10/18/2022 10:00,485.743
10/18/2022 11:00,539.155
10/18/2022 12:00,530.548
10/18/2022 13:00,468.515
10/18/2022 14:00,386.312
10/18/2022 15:00,262.582
10/18/2022 16:00,123.111
10/18/2022 17:00,24.94
10/18/2022 18:00,1.398
10/18/2022 19:00,0
10/18/2022 20:00,0
10/18/2022 21:00,0
10/18/2022 22:00,0
10/18/2022 23:00,0
10/19/2022 0:00,0
10/19/2022 1:00,0
10/19/2022 2:00,0
10/19/2022 3:00,0
10/19/2022 4:00,0
10/19/2022 5:00,0
10/19/2022 6:00,3.539
10/19/2022 7:00,60.63
10/19/2022 8:00,161.785
10/19/2022 9:00,263.506
10/19/2022 10:00,355.496
10/19/2022 11:00,399.974
10/19/2022 12:00,415.984
10/19/2022 13:00,367.456
10/19/2022 14:00,274.758
10/19/2022 15:00,175.056
10/19/2022 16:00,83.871
10/19/2022 17:00,17.649
10/19/2022 18:00,1.329
10/19/2022 19:00,0
10/19/2022 20:00,0
10/19/2022 21:00,0
10/19/2022 22:00,0
10/19/2022 23:00,0
10/20/2022 0:00,0
10/20/2022 1:00,0
10/20/2022 2:00,0
10/20/2022 3:00,0
10/20/2022 4:00,0
10/20/2022 5:00,0
10/20/2022 6:00,1.72
10/20/2022 7:00,45.026
10/20/2022 8:00,128.46
10/20/2022 9:00,203.094
10/20/2022 10:00,267.598
10/20/2022 11:00,309.549
10/20/2022 12:00,317.316
10/20/2022 13:00,287.861
10/20/2022 14:00,231.4
10/20/2022 15:00,154.857
10/20/2022 16:00,80.337
10/20/2022 17:00,19.844
10/20/2022 18:00,1.594
10/20/2022 19:00,0
10/20/2022 20:00,0
10/20/2022 21:00,0
10/20/2022 22:00,0
10/20/2022 23:00,0
10/21/2022 0:00,0
10/21/2022 1:00,0
10/21/2022 2:00,0
10/21/2022 3:00,0
10/21/2022 4:00,0
10/21/2022 5:00,0
10/21/2022 6:00,3.241
10/21/2022 7:00,61.588
10/21/2022 8:00,173.364
10/21/2022 9:00,300.169
10/21/2022 10:00,401.226
10/21/2022 11:00,439.137
10/21/2022 12:00,434.399
10/21/2022 13:00,380.67
10/21/2022 14:00,302.451
10/21/2022 15:00,209.34
10/21/2022 16:00,103.037
10/21/2022 17:00,19.397
10/21/2022 18:00,1.115
10/21/2022 19:00,0
10/21/2022 20:00,0
10/21/2022 21:00,0
10/21/2022 22:00,0
10/21/2022 23:00,0
10/22/2022 0:00,0
10/22/2022 1:00,0
10/22/2022 2:00,0
10/22/2022 3:00,0
10/22/2022 4:00,0
10/22/2022 5:00,0
10/22/2022 6:00,2.149
10/22/2022 7:00,56.651
10/22/2022 8:00,179.902
10/22/2022 9:00,325.796
10/22/2022 10:00,441.337
10/22/2022 11:00,513.067
10/22/2022 12:00,526.773
10/22/2022 13:00,474.599
10/22/2022 14:00,382.604
10/22/2022 15:00,262.814
10/22/2022 16:00,124.111
10/22/2022 17:00,20.009
10/22/2022 18:00,1.006
10/22/2022 19:00,0
10/22/2022 20:00,0
10/22/2022 21:00,0
10/22/2022 22:00,0
10/22/2022 23:00,0
10/23/2022 0:00,0
10/23/2022 1:00,0
10/23/2022 2:00,0
10/23/2022 3:00,0
10/23/2022 4:00,0
10/23/2022 5:00,0
10/23/2022 6:00,2.23
10/23/2022 7:00,53.072
10/23/2022 8:00,161.795
10/23/2022 9:00,292.121
10/23/2022 10:00,415.784
10/23/2022 11:00,512.696
10/23/2022 12:00,541.221
10/23/2022 13:00,506.983
10/23/2022 14:00,412.441
10/23/2022 15:00,275.879
10/23/2022 16:00,123.149
10/23/2022 17:00,19.258
10/23/2022 18:00,1.168
10/23/2022 19:00,0
10/23/2022 20:00,0
10/23/2022 21:00,0
10/23/2022 22:00,0
10/23/2022 23:00,0
10/24/2022 0:00,0
10/24/2022 1:00,0
10/24/2022 2:00,0
10/24/2022 3:00,0
10/24/2022 4:00,0
10/24/2022 5:00,0
10/24/2022 6:00,2.215
10/24/2022 7:00,65.022
10/24/2022 8:00,204.319
10/24/2022 9:00,349.829
10/24/2022 10:00,454.729
10/24/2022 11:00,518.64
10/24/2022 12:00,524.507
10/24/2022 13:00,471.657
10/24/2022 14:00,380.945
10/24/2022 15:00,253.492
10/24/2022 16:00,114.95
10/24/2022 17:00,15.889
10/24/2022 18:00,0.658
10/24/2022 19:00,0
10/24/2022 20:00,0
10/24/2022 21:00,0
10/24/2022 22:00,0
10/24/2022 23:00,0
10/25/2022 0:00,0
10/25/2022 1:00,0
10/25/2022 2:00,0
10/25/2022 3:00,0
10/25/2022 4:00,0
10/25/2022 5:00,0
10/25/2022 6:00,2.098
10/25/2022 7:00,57.411
10/25/2022 8:00,173.646
10/25/2022 9:00,300.935
10/25/2022 10:00,396.008
10/25/2022 11:00,450.549
10/25/2022 12:00,489.36
10/25/2022 13:00,470.426
10/25/2022 14:00,376.771
10/25/2022 15:00,247.738
10/25/2022 16:00,111.088
10/25/2022 17:00,14.551
10/25/2022 18:00,0.698
10/25/2022 19:00,0
10/25/2022 20:00,0
10/25/2022 21:00,0
10/25/2022 22:00,0
10/25/2022 23:00,0
10/26/2022 0:00,0
10/26/2022 1:00,0
10/26/2022 2:00,0
10/26/2022 3:00,0
10/26/2022 4:00,0
10/26/2022 5:00,0
10/26/2022 6:00,0.919
10/26/2022 7:00,38.805
10/26/2022 8:00,147.336
10/26/2022 9:00,276.513
10/26/2022 10:00,364.492
10/26/2022 11:00,409.563
10/26/2022 12:00,432.257
10/26/2022 13:00,414.315
10/26/2022 14:00,336.266
10/26/2022 15:00,222.795
10/26/2022 16:00,103.908
10/26/2022 17:00,17.074
10/26/2022 18:00,1.073
10/26/2022 19:00,0
10/26/2022 20:00,0
10/26/2022 21:00,0
10/26/2022 22:00,0
10/26/2022 23:00,0
10/27/2022 0:00,0
10/27/2022 1:00,0
10/27/2022 2:00,0
10/27/2022 3:00,0
10/27/2022 4:00,0
10/27/2022 5:00,0
10/27/2022 6:00,1.496
10/27/2022 7:00,59.43
10/27/2022 8:00,195.159
10/27/2022 9:00,333.032
10/27/2022 10:00,430.247
10/27/2022 11:00,488.192
10/27/2022 12:00,491.387
10/27/2022 13:00,442.102
10/27/2022 14:00,352.702
10/27/2022 15:00,230.384
10/27/2022 16:00,103.358
10/27/2022 17:00,17.463
10/27/2022 18:00,1.043
10/27/2022 19:00,0
10/27/2022 20:00,0
10/27/2022 21:00,0
10/27/2022 22:00,0
10/27/2022 23:00,0
10/28/2022 0:00,0
10/28/2022 1:00,0
10/28/2022 2:00,0
10/28/2022 3:00,0
10/28/2022 4:00,0
10/28/2022 5:00,0
10/28/2022 6:00,1.465
10/28/2022 7:00,63.504
10/28/2022 8:00,198.984
10/28/2022 9:00,330.443
10/28/2022 10:00,428.245
10/28/2022 11:00,478.692
10/28/2022 12:00,475.453
10/28/2022 13:00,420.647
10/28/2022 14:00,328.971
10/28/2022 15:00,212.823
10/28/2022 16:00,90.177
10/28/2022 17:00,12.507
10/28/2022 18:00,0.747
10/28/2022 19:00,0
10/28/2022 20:00,0
10/28/2022 21:00,0
10/28/2022 22:00,0
10/28/2022 23:00,0
10/29/2022 0:00,0
10/29/2022 1:00,0
10/29/2022 2:00,0
10/29/2022 3:00,0
10/29/2022 4:00,0
10/29/2022 5:00,0
10/29/2022 6:00,1.122
10/29/2022 7:00,45.111
10/29/2022 8:00,151.493
10/29/2022 9:00,275.041
10/29/2022 10:00,380.77
10/29/2022 11:00,439.312
10/29/2022 12:00,455.607
10/29/2022 13:00,426.014
10/29/2022 14:00,345.484
10/29/2022 15:00,221.604
10/29/2022 16:00,94.689
10/29/2022 17:00,14.191
10/29/2022 18:00,0.857
10/29/2022 19:00,0
10/29/2022 20:00,0
10/29/2022 21:00,0
10/29/2022 22:00,0
10/29/2022 23:00,0
10/30/2022 0:00,0
10/30/2022 1:00,0
10/30/2022 2:00,0
10/30/2022 3:00,0
10/30/2022 4:00,0
10/30/2022 5:00,0
10/30/2022 6:00,0.859
10/30/2022 7:00,34.364
10/30/2022 8:00,118.759
10/30/2022 9:00,222.159
10/30/2022 10:00,322.874
10/30/2022 11:00,387.865
10/30/2022 12:00,403.773
10/30/2022 13:00,362.715
10/30/2022 14:00,296.305
10/30/2022 15:00,208.883
10/30/2022 16:00,98.93
10/30/2022 17:00,13.856
10/30/2022 18:00,0.622
10/30/2022 19:00,0
10/30/2022 20:00,0
10/30/2022 21:00,0
10/30/2022 22:00,0
10/30/2022 23:00,0
10/31/2022 0:00,0
10/31/2022 1:00,0
10/31/2022 2:00,0
10/31/2022 3:00,0
10/31/2022 4:00,0
10/31/2022 5:00,0
10/31/2022 6:00,0.664
10/31/2022 7:00,37.162
10/31/2022 8:00,125.545
10/31/2022 9:00,217.676
10/31/2022 10:00,293.928
10/31/2022 11:00,326.008
10/31/2022 12:00,329.418
10/31/2022 13:00,304.752
10/31/2022 14:00,255.805
10/31/2022 15:00,177.775
10/31/2022 16:00,76.853
10/31/2022 17:00,11.663
10/31/2022 18:00,0.645
10/31/2022 19:00,0
10/31/2022 20:00,0
10/31/2022 21:00,0
10/31/2022 22:00,0
10/31/2022 23:00,0
11/1/2022 0:00,0
11/1/2022 1:00,0
11/1/2022 2:00,0
11/1/2022 3:00,0
11/1/2022 4:00,0
11/1/2022 5:00,0
11/1/2022 6:00,0.648
11/1/2022 7:00,54.269
11/1/2022 8:00,193.136
11/1/2022 9:00,346.828
11/1/2022 10:00,477.868
11/1/2022 11:00,546.615
11/1/2022 12:00,559.476
11/1/2022 13:00,512
11/1/2022 14:00,413.124
11/1/2022 15:00,268.186
11/1/2022 16:00,113.857
11/1/2022 17:00,14.195
11/1/2022 18:00,0.726
11/1/2022 19:00,0
11/1/2022 20:00,0
11/1/2022 21:00,0
11/1/2022 22:00,0
11/1/2022 23:00,0
11/2/2022 0:00,0
11/2/2022 1:00,0
11/2/2022 2:00,0
11/2/2022 3:00,0
11/2/2022 4:00,0
11/2/2022 5:00,0
11/2/2022 6:00,0.562
11/2/2022 7:00,52.593
11/2/2022 8:00,196.243
11/2/2022 9:00,348.794
11/2/2022 10:00,462.785
11/2/2022 11:00,522.692
11/2/2022 12:00,515.425
11/2/2022 13:00,463.892
11/2/2022 14:00,362.582
11/2/2022 15:00,219.201
11/2/2022 16:00,92.711
11/2/2022 17:00,11.495
11/2/2022 18:00,0.576
11/2/2022 19:00,0
11/2/2022 20:00,0
11/2/2022 21:00,0
11/2/2022 22:00,0
11/2/2022 23:00,0
11/3/2022 0:00,0
11/3/2022 1:00,0
11/3/2022 2:00,0
11/3/2022 3:00,0
11/3/2022 4:00,0
11/3/2022 5:00,0
11/3/2022 6:00,0.395
11/3/2022 7:00,33.994
11/3/2022 8:00,121.043
11/3/2022 9:00,204.252
11/3/2022 10:00,281.71
11/3/2022 11:00,353.052
11/3/2022 12:00,408.388
11/3/2022 13:00,383.242
11/3/2022 14:00,296.559
11/3/2022 15:00,196.558
11/3/2022 16:00,87.241
11/3/2022 17:00,12.463
11/3/2022 18:00,0.699
11/3/2022 19:00,0
11/3/2022 20:00,0
11/3/2022 21:00,0
11/3/2022 22:00,0
11/3/2022 23:00,0
11/4/2022 0:00,0
11/4/2022 1:00,0
11/4/2022 2:00,0
11/4/2022 3:00,0
11/4/2022 4:00,0
11/4/2022 5:00,0
11/4/2022 6:00,0.441
11/4/2022 7:00,51.801
11/4/2022 8:00,195.549
11/4/2022 9:00,350.223
11/4/2022 10:00,468.058
11/4/2022 11:00,530.328
11/4/2022 12:00,540.573
11/4/2022 13:00,501.927
11/4/2022 14:00,406.273
11/4/2022 15:00,264.723
11/4/2022 16:00,109.697
11/4/2022 17:00,13.718
11/4/2022 18:00,0.703
11/4/2022 19:00,0
11/4/2022 20:00,0
11/4/2022 21:00,0
11/4/2022 22:00,0
11/4/2022 23:00,0
11/5/2022 0:00,0
11/5/2022 1:00,0
11/5/2022 2:00,0
11/5/2022 3:00,0
11/5/2022 4:00,0
11/5/2022 5:00,0
11/5/2022 6:00,0.394
11/5/2022 7:00,57.381
11/5/2022 8:00,218.244
11/5/2022 9:00,378.381
11/5/2022 10:00,506.004
11/5/2022 11:00,579.829
11/5/2022 12:00,591.389
11/5/2022 13:00,541.139
11/5/2022 14:00,436.013
11/5/2022 15:00,287.554
11/5/2022 16:00,119.149
11/5/2022 17:00,13.164
11/5/2022 18:00,0.603
11/5/2022 19:00,0
11/5/2022 20:00,0
11/5/2022 21:00,0
11/5/2022 22:00,0
11/5/2022 23:00,0
11/6/2022 0:00,0
11/6/2022 1:00,0
11/6/2022 2:00,0
11/6/2022 3:00,0
11/6/2022 4:00,0
11/6/2022 5:00,0
11/6/2022 6:00,0.291
11/6/2022 7:00,53.79
11/6/2022 8:00,204.344
11/6/2022 9:00,352.589
11/6/2022 10:00,468.571
11/6/2022 11:00,537.188
11/6/2022 12:00,546.335
11/6/2022 13:00,496.781
11/6/2022 14:00,394.517
11/6/2022 15:00,252.439
11/6/2022 16:00,96.889
11/6/2022 17:00,10.176
11/6/2022 18:00,0.514
11/6/2022 19:00,0
11/6/2022 20:00,0
11/6/2022 21:00,0
11/6/2022 22:00,0
11/6/2022 23:00,0
11/7/2022 0:00,0
11/7/2022 1:00,0
11/7/2022 2:00,0
11/7/2022 3:00,0
11/7/2022 4:00,0
11/7/2022 5:00,0
11/7/2022 6:00,0.206
11/7/2022 7:00,46.24
11/7/2022 8:00,183.851
11/7/2022 9:00,328.426
11/7/2022 10:00,446.007
11/7/2022 11:00,522.622
11/7/2022 12:00,536.428
11/7/2022 13:00,484.113
11/7/2022 14:00,384.36
11/7/2022 15:00,246.233
11/7/2022 16:00,95.894
11/7/2022 17:00,10.348
11/7/2022 18:00,0.53
11/7/2022 19:00,0
11/7/2022 20:00,0
11/7/2022 21:00,0
11/7/2022 22:00,0
11/7/2022 23:00,0
11/8/2022 0:00,0
11/8/2022 1:00,0
11/8/2022 2:00,0
11/8/2022 3:00,0
11/8/2022 4:00,0
11/8/2022 5:00,0
11/8/2022 6:00,0.124
11/8/2022 7:00,29.514
11/8/2022 8:00,125.153
11/8/2022 9:00,236.482
11/8/2022 10:00,332.96
11/8/2022 11:00,398.379
11/8/2022 12:00,417.889
11/8/2022 13:00,389.779
11/8/2022 14:00,307.062
11/8/2022 15:00,192.569
11/8/2022 16:00,73.363
11/8/2022 17:00,9.709
11/8/2022 18:00,0.518
11/8/2022 19:00,0
11/8/2022 20:00,0
11/8/2022 21:00,0
11/8/2022 22:00,0
11/8/2022 23:00,0
11/9/2022 0:00,0
11/9/2022 1:00,0
11/9/2022 2:00,0
11/9/2022 3:00,0
11/9/2022 4:00,0
11/9/2022 5:00,0
11/9/2022 6:00,0.086
11/9/2022 7:00,23.925
11/9/2022 8:00,104.538
11/9/2022 9:00,204.805
11/9/2022 10:00,306.096
11/9/2022 11:00,400.783
11/9/2022 12:00,430.673
11/9/2022 13:00,397.386
11/9/2022 14:00,311.85
11/9/2022 15:00,198.599
11/9/2022 16:00,81.645
11/9/2022 17:00,10.388
11/9/2022 18:00,0.529
11/9/2022 19:00,0
11/9/2022 20:00,0
11/9/2022 21:00,0
11/9/2022 22:00,0
11/9/2022 23:00,0
11/10/2022 0:00,0
11/10/2022 1:00,0
11/10/2022 2:00,0
11/10/2022 3:00,0
11/10/2022 4:00,0
11/10/2022 5:00,0
11/10/2022 6:00,0.039
11/10/2022 7:00,35.53
11/10/2022 8:00,162.811
11/10/2022 9:00,318.759
11/10/2022 10:00,453.367
11/10/2022 11:00,528.37
11/10/2022 12:00,544.712
11/10/2022 13:00,498.552
11/10/2022 14:00,399.088
11/10/2022 15:00,258.373
11/10/2022 16:00,101.689
11/10/2022 17:00,10.7
11/10/2022 18:00,0.521
11/10/2022 19:00,0
11/10/2022 20:00,0
11/10/2022 21:00,0
11/10/2022 22:00,0
11/10/2022 23:00,0
11/11/2022 0:00,0
11/11/2022 1:00,0
11/11/2022 2:00,0
11/11/2022 3:00,0
11/11/2022 4:00,0
11/11/2022 5:00,0
11/11/2022 6:00,0.035
11/11/2022 7:00,27.653
11/11/2022 8:00,139.208
11/11/2022 9:00,265.978
11/11/2022 10:00,361.868
11/11/2022 11:00,412.804
11/11/2022 12:00,410.551
11/11/2022 13:00,373.63
11/11/2022 14:00,295.995
11/11/2022 15:00,184.389
11/11/2022 16:00,70.365
11/11/2022 17:00,7.044
11/11/2022 18:00,0.286
11/11/2022 19:00,0
11/11/2022 20:00,0
11/11/2022 21:00,0
11/11/2022 22:00,0
11/11/2022 23:00,0
11/12/2022 0:00,0
11/12/2022 1:00,0
11/12/2022 2:00,0
11/12/2022 3:00,0
11/12/2022 4:00,0
11/12/2022 5:00,0
11/12/2022 6:00,0.018
11/12/2022 7:00,24.77
11/12/2022 8:00,132.47
11/12/2022 9:00,262.707
11/12/2022 10:00,376.269
11/12/2022 11:00,443.368
11/12/2022 12:00,452.797
11/12/2022 13:00,410.758
11/12/2022 14:00,321.547
11/12/2022 15:00,199.637
11/12/2022 16:00,71.642
11/12/2022 17:00,5.185
11/12/2022 18:00,0.216
11/12/2022 19:00,0
11/12/2022 20:00,0
11/12/2022 21:00,0
11/12/2022 22:00,0
11/12/2022 23:00,0
11/13/2022 0:00,0
11/13/2022 1:00,0
11/13/2022 2:00,0
11/13/2022 3:00,0
11/13/2022 4:00,0
11/13/2022 5:00,0
11/13/2022 6:00,0.027
11/13/2022 7:00,28.937
11/13/2022 8:00,146.354
11/13/2022 9:00,295.928
11/13/2022 10:00,418.535
11/13/2022 11:00,492.759
11/13/2022 12:00,505.302
11/13/2022 13:00,458.264
11/13/2022 14:00,358.645
11/13/2022 15:00,221.208
11/13/2022 16:00,75.693
11/13/2022 17:00,5.253
11/13/2022 18:00,0.213
11/13/2022 19:00,0
11/13/2022 20:00,0
11/13/2022 21:00,0
11/13/2022 22:00,0
11/13/2022 23:00,0
11/14/2022 0:00,0
11/14/2022 1:00,0
11/14/2022 2:00,0
11/14/2022 3:00,0
11/14/2022 4:00,0
11/14/2022 5:00,0
11/14/2022 6:00,0.018
11/14/2022 7:00,24.166
11/14/2022 8:00,111.669
11/14/2022 9:00,214.268
11/14/2022 10:00,300.266
11/14/2022 11:00,356.279
11/14/2022 12:00,375.839
11/14/2022 13:00,356.013
11/14/2022 14:00,284.465
11/14/2022 15:00,173.776
11/14/2022 16:00,65.189
11/14/2022 17:00,7.896
11/14/2022 18:00,0.333
11/14/2022 19:00,0
11/14/2022 20:00,0
11/14/2022 21:00,0
11/14/2022 22:00,0
11/14/2022 23:00,0
11/15/2022 0:00,0
11/15/2022 1:00,0
11/15/2022 2:00,0
11/15/2022 3:00,0
11/15/2022 4:00,0
11/15/2022 5:00,0
11/15/2022 6:00,0.008
11/15/2022 7:00,22.749
11/15/2022 8:00,113.739
11/15/2022 9:00,228.288
11/15/2022 10:00,342.496
11/15/2022 11:00,414.666
11/15/2022 12:00,438.361
11/15/2022 13:00,394.632
11/15/2022 14:00,282.167
11/15/2022 15:00,161.154
11/15/2022 16:00,54.73
11/15/2022 17:00,7.232
11/15/2022 18:00,0.328
11/15/2022 19:00,0
11/15/2022 20:00,0
11/15/2022 21:00,0
11/15/2022 22:00,0
11/15/2022 23:00,0
11/16/2022 0:00,0
11/16/2022 1:00,0
11/16/2022 2:00,0
11/16/2022 3:00,0
11/16/2022 4:00,0
11/16/2022 5:00,0
11/16/2022 6:00,0.002
11/16/2022 7:00,17.908
11/16/2022 8:00,99.9
11/16/2022 9:00,197.551
11/16/2022 10:00,274.142
11/16/2022 11:00,301.259
11/16/2022 12:00,309.845
11/16/2022 13:00,284.543
11/16/2022 14:00,228.153
11/16/2022 15:00,144.55
11/16/2022 16:00,51.687
11/16/2022 17:00,7.315
11/16/2022 18:00,0.325
11/16/2022 19:00,0
11/16/2022 20:00,0
11/16/2022 21:00,0
11/16/2022 22:00,0
11/16/2022 23:00,0
11/17/2022 0:00,0
11/17/2022 1:00,0
11/17/2022 2:00,0
11/17/2022 3:00,0
11/17/2022 4:00,0
11/17/2022 5:00,0
11/17/2022 6:00,0.008
11/17/2022 7:00,24.696
11/17/2022 8:00,134.84
11/17/2022 9:00,258.009
11/17/2022 10:00,356.749
11/17/2022 11:00,424.554
11/17/2022 12:00,441.959
11/17/2022 13:00,398.831
11/17/2022 14:00,306.968
11/17/2022 15:00,192.65
11/17/2022 16:00,67.953
11/17/2022 17:00,7.579
11/17/2022 18:00,0.315
11/17/2022 19:00,0
11/17/2022 20:00,0
11/17/2022 21:00,0
11/17/2022 22:00,0
11/17/2022 23:00,0
11/18/2022 0:00,0
11/18/2022 1:00,0
11/18/2022 2:00,0
11/18/2022 3:00,0
11/18/2022 4:00,0
11/18/2022 5:00,0
11/18/2022 6:00,0.005
11/18/2022 7:00,19.244
11/18/2022 8:00,100.073
11/18/2022 9:00,206.943
11/18/2022 10:00,291.169
11/18/2022 11:00,341.84
11/18/2022 12:00,347.178
11/18/2022 13:00,316.498
11/18/2022 14:00,264.567
11/18/2022 15:00,175.774
11/18/2022 16:00,68.315
11/18/2022 17:00,7.363
11/18/2022 18:00,0.273
11/18/2022 19:00,0
11/18/2022 20:00,0
11/18/2022 21:00,0
11/18/2022 22:00,0
11/18/2022 23:00,0
11/19/2022 0:00,0
11/19/2022 1:00,0
11/19/2022 2:00,0
11/19/2022 3:00,0
11/19/2022 4:00,0
11/19/2022 5:00,0
11/19/2022 6:00,0.001
11/19/2022 7:00,18.739
11/19/2022 8:00,105.392
11/19/2022 9:00,215.172
11/19/2022 10:00,316.066
11/19/2022 11:00,374.417
11/19/2022 12:00,384.592
11/19/2022 13:00,342.11
11/19/2022 14:00,271.585
11/19/2022 15:00,165.494
11/19/2022 16:00,55.291
11/19/2022 17:00,6.01
11/19/2022 18:00,0.24
11/19/2022 19:00,0
11/19/2022 20:00,0
11/19/2022 21:00,0
11/19/2022 22:00,0
11/19/2022 23:00,0
11/20/2022 0:00,0
11/20/2022 1:00,0
11/20/2022 2:00,0
11/20/2022 3:00,0
11/20/2022 4:00,0
11/20/2022 5:00,0
11/20/2022 6:00,0.002
11/20/2022 7:00,23.757
11/20/2022 8:00,129.42
11/20/2022 9:00,264.479
11/20/2022 10:00,380.073
11/20/2022 11:00,436.979
11/20/2022 12:00,455.473
11/20/2022 13:00,422.959
11/20/2022 14:00,330.007
11/20/2022 15:00,193.857
11/20/2022 16:00,63.11
11/20/2022 17:00,6.668
11/20/2022 18:00,0.226
11/20/2022 19:00,0
11/20/2022 20:00,0
11/20/2022 21:00,0
11/20/2022 22:00,0
11/20/2022 23:00,0
11/21/2022 0:00,0
11/21/2022 1:00,0
11/21/2022 2:00,0
11/21/2022 3:00,0
11/21/2022 4:00,0
11/21/2022 5:00,0
11/21/2022 6:00,0.001
11/21/2022 7:00,15.477
11/21/2022 8:00,94.36
11/21/2022 9:00,199.355
11/21/2022 10:00,271.805
11/21/2022 11:00,324.556
11/21/2022 12:00,354.647
11/21/2022 13:00,321.479
11/21/2022 14:00,240.617
11/21/2022 15:00,147.761
11/21/2022 16:00,52.253
11/21/2022 17:00,6.136
11/21/2022 18:00,0.22
11/21/2022 19:00,0
11/21/2022 20:00,0
11/21/2022 21:00,0
11/21/2022 22:00,0
11/21/2022 23:00,0
11/22/2022 0:00,0
11/22/2022 1:00,0
11/22/2022 2:00,0
11/22/2022 3:00,0
11/22/2022 4:00,0
11/22/2022 5:00,0
11/22/2022 6:00,0.001
11/22/2022 7:00,16.029
11/22/2022 8:00,92.334
11/22/2022 9:00,186.548
11/22/2022 10:00,281.017
11/22/2022 11:00,355.437
11/22/2022 12:00,377.118
11/22/2022 13:00,329.118
11/22/2022 14:00,232.37
11/22/2022 15:00,128.56
11/22/2022 16:00,41.714
11/22/2022 17:00,6.259
11/22/2022 18:00,0.211
11/22/2022 19:00,0
11/22/2022 20:00,0
11/22/2022 21:00,0
11/22/2022 22:00,0
11/22/2022 23:00,0
11/23/2022 0:00,0
11/23/2022 1:00,0
11/23/2022 2:00,0
11/23/2022 3:00,0
11/23/2022 4:00,0
11/23/2022 5:00,0
11/23/2022 6:00,0.001
11/23/2022 7:00,16.114
11/23/2022 8:00,110.332
11/23/2022 9:00,232.244
11/23/2022 10:00,350.787
11/23/2022 11:00,426.455
11/23/2022 12:00,453.848
11/23/2022 13:00,424.745
11/23/2022 14:00,338.471
11/23/2022 15:00,201.819
11/23/2022 16:00,61.339
11/23/2022 17:00,5.795
11/23/2022 18:00,0.187
11/23/2022 19:00,0
11/23/2022 20:00,0
11/23/2022 21:00,0
11/23/2022 22:00,0
11/23/2022 23:00,0
11/24/2022 0:00,0
11/24/2022 1:00,0
11/24/2022 2:00,0
11/24/2022 3:00,0
11/24/2022 4:00,0
11/24/2022 5:00,0
11/24/2022 6:00,0
11/24/2022 7:00,17.769
11/24/2022 8:00,106.935
11/24/2022 9:00,213.365
11/24/2022 10:00,301.234
11/24/2022 11:00,356.295
11/24/2022 12:00,363.515
11/24/2022 13:00,323.987
11/24/2022 14:00,248.726
11/24/2022 15:00,144.135
11/24/2022 16:00,44.208
11/24/2022 17:00,5.452
11/24/2022 18:00,0.173
11/24/2022 19:00,0
11/24/2022 20:00,0
11/24/2022 21:00,0
11/24/2022 22:00,0
11/24/2022 23:00,0
11/25/2022 0:00,0
11/25/2022 1:00,0
11/25/2022 2:00,0
11/25/2022 3:00,0
11/25/2022 4:00,0
11/25/2022 5:00,0
11/25/2022 6:00,0
11/25/2022 7:00,13.77
11/25/2022 8:00,102.206
11/25/2022 9:00,222.728
11/25/2022 10:00,340.125
11/25/2022 11:00,423.098
11/25/2022 12:00,449.451
11/25/2022 13:00,417.195
11/25/2022 14:00,334.404
11/25/2022 15:00,211.086
11/25/2022 16:00,69.255
11/25/2022 17:00,6.178
11/25/2022 18:00,0.175
11/25/2022 19:00,0
11/25/2022 20:00,0
11/25/2022 21:00,0
11/25/2022 22:00,0
11/25/2022 23:00,0
11/26/2022 0:00,0
11/26/2022 1:00,0
11/26/2022 2:00,0
11/26/2022 3:00,0
11/26/2022 4:00,0
11/26/2022 5:00,0
11/26/2022 6:00,0
11/26/2022 7:00,16.79
11/26/2022 8:00,125.428
11/26/2022 9:00,270.896
11/26/2022 10:00,384.191
11/26/2022 11:00,456.377
11/26/2022 12:00,474.91
11/26/2022 13:00,432.47
11/26/2022 14:00,339.861
11/26/2022 15:00,203.682
11/26/2022 16:00,63.95
11/26/2022 17:00,5.925
11/26/2022 18:00,0.169
11/26/2022 19:00,0
11/26/2022 20:00,0
11/26/2022 21:00,0
11/26/2022 22:00,0
11/26/2022 23:00,0
11/27/2022 0:00,0
11/27/2022 1:00,0
11/27/2022 2:00,0
11/27/2022 3:00,0
11/27/2022 4:00,0
11/27/2022 5:00,0
11/27/2022 6:00,0
11/27/2022 7:00,16.642
11/27/2022 8:00,122.468
11/27/2022 9:00,261.873
11/27/2022 10:00,368.885
11/27/2022 11:00,421.965
11/27/2022 12:00,420.721
11/27/2022 13:00,368.559
11/27/2022 14:00,275.001
11/27/2022 15:00,153.901
11/27/2022 16:00,47.283
11/27/2022 17:00,5.813
11/27/2022 18:00,0.154
11/27/2022 19:00,0
11/27/2022 20:00,0
11/27/2022 21:00,0
11/27/2022 22:00,0
11/27/2022 23:00,0
11/28/2022 0:00,0
11/28/2022 1:00,0
11/28/2022 2:00,0
11/28/2022 3:00,0
11/28/2022 4:00,0
11/28/2022 5:00,0
11/28/2022 6:00,0
11/28/2022 7:00,12.273
11/28/2022 8:00,102.927
11/28/2022 9:00,231.183
11/28/2022 10:00,342.991
11/28/2022 11:00,413.743
11/28/2022 12:00,431.979
11/28/2022 13:00,395.96
11/28/2022 14:00,307.689
11/28/2022 15:00,190.565
11/28/2022 16:00,61.418
11/28/2022 17:00,5.979
11/28/2022 18:00,0.149
11/28/2022 19:00,0
11/28/2022 20:00,0
11/28/2022 21:00,0
11/28/2022 22:00,0
11/28/2022 23:00,0
11/29/2022 0:00,0
11/29/2022 1:00,0
11/29/2022 2:00,0
11/29/2022 3:00,0
11/29/2022 4:00,0
11/29/2022 5:00,0
11/29/2022 6:00,0
11/29/2022 7:00,15.18
11/29/2022 8:00,115.025
11/29/2022 9:00,253.386
11/29/2022 10:00,365.629
11/29/2022 11:00,442.265
11/29/2022 12:00,455.847
11/29/2022 13:00,408.571
11/29/2022 14:00,315.698
11/29/2022 15:00,186.546
11/29/2022 16:00,52.833
11/29/2022 17:00,4.743
11/29/2022 18:00,0.111
11/29/2022 19:00,0
11/29/2022 20:00,0
11/29/2022 21:00,0
11/29/2022 22:00,0
11/29/2022 23:00,0
11/30/2022 0:00,0
11/30/2022 1:00,0
11/30/2022 2:00,0
11/30/2022 3:00,0
11/30/2022 4:00,0
11/30/2022 5:00,0
11/30/2022 6:00,0
11/30/2022 7:00,13.21
11/30/2022 8:00,100.942
11/30/2022 9:00,214.277
11/30/2022 10:00,309.324
11/30/2022 11:00,357.388
11/30/2022 12:00,358.618
11/30/2022 13:00,309.555
11/30/2022 14:00,226.161
11/30/2022 15:00,130.131
11/30/2022 16:00,39.872
11/30/2022 17:00,4.943
11/30/2022 18:00,0.109
11/30/2022 19:00,0
11/30/2022 20:00,0
11/30/2022 21:00,0
11/30/2022 22:00,0
11/30/2022 23:00,0
12/1/2022 0:00,0
12/1/2022 1:00,0
12/1/2022 2:00,0
12/1/2022 3:00,0
12/1/2022 4:00,0
12/1/2022 5:00,0
12/1/2022 6:00,0
12/1/2022 7:00,9.235
12/1/2022 8:00,92.486
12/1/2022 9:00,213.279
12/1/2022 10:00,318.086
12/1/2022 11:00,390.817
12/1/2022 12:00,411.593
12/1/2022 13:00,375.958
12/1/2022 14:00,294.455
12/1/2022 15:00,174.804
12/1/2022 16:00,52.431
12/1/2022 17:00,5.295
12/1/2022 18:00,0.113
12/1/2022 19:00,0
12/1/2022 20:00,0
12/1/2022 21:00,0
12/1/2022 22:00,0
12/1/2022 23:00,0
12/2/2022 0:00,0
12/2/2022 1:00,0
12/2/2022 2:00,0
12/2/2022 3:00,0
12/2/2022 4:00,0
12/2/2022 5:00,0
12/2/2022 6:00,0
12/2/2022 7:00,10.514
12/2/2022 8:00,103.142
12/2/2022 9:00,237.005
12/2/2022 10:00,347.663
12/2/2022 11:00,418.712
12/2/2022 12:00,425.935
12/2/2022 13:00,383.648
12/2/2022 14:00,296.346
12/2/2022 15:00,176.773
12/2/2022 16:00,51.788
12/2/2022 17:00,4.457
12/2/2022 18:00,0.091
12/2/2022 19:00,0
12/2/2022 20:00,0
12/2/2022 21:00,0
12/2/2022 22:00,0
12/2/2022 23:00,0
12/3/2022 0:00,0
12/3/2022 1:00,0
12/3/2022 2:00,0
12/3/2022 3:00,0
12/3/2022 4:00,0
12/3/2022 5:00,0
12/3/2022 6:00,0
12/3/2022 7:00,11.789
12/3/2022 8:00,99.204
12/3/2022 9:00,217.048
12/3/2022 10:00,320.542
12/3/2022 11:00,381.576
12/3/2022 12:00,397.061
12/3/2022 13:00,362.957
12/3/2022 14:00,273.983
12/3/2022 15:00,157.171
12/3/2022 16:00,43.67
12/3/2022 17:00,3.82
12/3/2022 18:00,0.085
12/3/2022 19:00,0
12/3/2022 20:00,0
12/3/2022 21:00,0
12/3/2022 22:00,0
12/3/2022 23:00,0
12/4/2022 0:00,0
12/4/2022 1:00,0
12/4/2022 2:00,0
12/4/2022 3:00,0
12/4/2022 4:00,0
12/4/2022 5:00,0
12/4/2022 6:00,0
12/4/2022 7:00,9.963
12/4/2022 8:00,91.761
12/4/2022 9:00,206.183
12/4/2022 10:00,312.496
12/4/2022 11:00,383.355
12/4/2022 12:00,399.414
12/4/2022 13:00,369.338
12/4/2022 14:00,286.496
12/4/2022 15:00,166.082
12/4/2022 16:00,45.871
12/4/2022 17:00,5.219
12/4/2022 18:00,0.102
12/4/2022 19:00,0
12/4/2022 20:00,0
12/4/2022 21:00,0
12/4/2022 22:00,0
12/4/2022 23:00,0
12/5/2022 0:00,0
12/5/2022 1:00,0
12/5/2022 2:00,0
12/5/2022 3:00,0
12/5/2022 4:00,0
12/5/2022 5:00,0
12/5/2022 6:00,0
12/5/2022 7:00,8.54
12/5/2022 8:00,69.431
12/5/2022 9:00,146.801
12/5/2022 10:00,211.973
12/5/2022 11:00,256.95
12/5/2022 12:00,271.673
12/5/2022 13:00,241.197
12/5/2022 14:00,177.944
12/5/2022 15:00,97.108
12/5/2022 16:00,28.333
12/5/2022 17:00,4.195
12/5/2022 18:00,0.084
12/5/2022 19:00,0
12/5/2022 20:00,0
12/5/2022 21:00,0
12/5/2022 22:00,0
12/5/2022 23:00,0
12/6/2022 0:00,0
12/6/2022 1:00,0
12/6/2022 2:00,0
12/6/2022 3:00,0
12/6/2022 4:00,0
12/6/2022 5:00,0
12/6/2022 6:00,0
12/6/2022 7:00,7.916
12/6/2022 8:00,78.331
12/6/2022 9:00,175.765
12/6/2022 10:00,261.928
12/6/2022 11:00,321.93
12/6/2022 12:00,344.25
12/6/2022 13:00,320.037
12/6/2022 14:00,245.975
12/6/2022 15:00,130.483
12/6/2022 16:00,35.698
12/6/2022 17:00,4.518
12/6/2022 18:00,0.087
12/6/2022 19:00,0
12/6/2022 20:00,0
12/6/2022 21:00,0
12/6/2022 22:00,0
12/6/2022 23:00,0
12/7/2022 0:00,0
12/7/2022 1:00,0
12/7/2022 2:00,0
12/7/2022 3:00,0
12/7/2022 4:00,0
12/7/2022 5:00,0
12/7/2022 6:00,0
12/7/2022 7:00,8.867
12/7/2022 8:00,78.838
12/7/2022 9:00,175.361
12/7/2022 10:00,269.905
12/7/2022 11:00,335.076
12/7/2022 12:00,350.193
12/7/2022 13:00,310.756
12/7/2022 14:00,239.897
12/7/2022 15:00,131.727
12/7/2022 16:00,33.032
12/7/2022 17:00,2.498
12/7/2022 18:00,0.035
12/7/2022 19:00,0
12/7/2022 20:00,0
12/7/2022 21:00,0
12/7/2022 22:00,0
12/7/2022 23:00,0
12/8/2022 0:00,0
12/8/2022 1:00,0
12/8/2022 2:00,0
12/8/2022 3:00,0
12/8/2022 4:00,0
12/8/2022 5:00,0
12/8/2022 6:00,0
12/8/2022 7:00,4.476
12/8/2022 8:00,44.997
12/8/2022 9:00,115.717
12/8/2022 10:00,169.975
12/8/2022 11:00,205.375
12/8/2022 12:00,213.906
12/8/2022 13:00,200.05
12/8/2022 14:00,159.467
12/8/2022 15:00,95.895
12/8/2022 16:00,27.464
12/8/2022 17:00,2.74
12/8/2022 18:00,0.055
12/8/2022 19:00,0
12/8/2022 20:00,0
12/8/2022 21:00,0
12/8/2022 22:00,0
12/8/2022 23:00,0
12/9/2022 0:00,0
12/9/2022 1:00,0
12/9/2022 2:00,0
12/9/2022 3:00,0
12/9/2022 4:00,0
12/9/2022 5:00,0
12/9/2022 6:00,0
12/9/2022 7:00,6.822
12/9/2022 8:00,62.59
12/9/2022 9:00,131.694
12/9/2022 10:00,195.453
12/9/2022 11:00,223.68
12/9/2022 12:00,207.223
12/9/2022 13:00,177.251
12/9/2022 14:00,133.015
12/9/2022 15:00,81.325
12/9/2022 16:00,27.293
12/9/2022 17:00,4.574
12/9/2022 18:00,0.072
12/9/2022 19:00,0
12/9/2022 20:00,0
12/9/2022 21:00,0
12/9/2022 22:00,0
12/9/2022 23:00,0
12/10/2022 0:00,0
12/10/2022 1:00,0
12/10/2022 2:00,0
12/10/2022 3:00,0
12/10/2022 4:00,0
12/10/2022 5:00,0
12/10/2022 6:00,0
12/10/2022 7:00,8.448
12/10/2022 8:00,93.305
12/10/2022 9:00,215.654
12/10/2022 10:00,325.36
12/10/2022 11:00,387.169
12/10/2022 12:00,404.556
12/10/2022 13:00,375.888
12/10/2022 14:00,283.494
12/10/2022 15:00,157.628
12/10/2022 16:00,38.931
12/10/2022 17:00,3.73
12/10/2022 18:00,0.061
12/10/2022 19:00,0
12/10/2022 20:00,0
12/10/2022 21:00,0
12/10/2022 22:00,0
12/10/2022 23:00,0
12/11/2022 0:00,0
12/11/2022 1:00,0
12/11/2022 2:00,0
12/11/2022 3:00,0
12/11/2022 4:00,0
12/11/2022 5:00,0
12/11/2022 6:00,0
12/11/2022 7:00,3.352
12/11/2022 8:00,29.453
12/11/2022 9:00,79.698
12/11/2022 10:00,136.618
12/11/2022 11:00,198.822
12/11/2022 12:00,243.413
12/11/2022 13:00,230.903
12/11/2022 14:00,188.894
12/11/2022 15:00,114.963
12/11/2022 16:00,34.971
12/11/2022 17:00,4.835
12/11/2022 18:00,0.073
12/11/2022 19:00,0
12/11/2022 20:00,0
12/11/2022 21:00,0
12/11/2022 22:00,0
12/11/2022 23:00,0
12/12/2022 0:00,0
12/12/2022 1:00,0
12/12/2022 2:00,0
12/12/2022 3:00,0
12/12/2022 4:00,0
12/12/2022 5:00,0
12/12/2022 6:00,0
12/12/2022 7:00,6.692
12/12/2022 8:00,59.414
12/12/2022 9:00,144.88
12/12/2022 10:00,216.448
12/12/2022 11:00,246.831
12/12/2022 12:00,249.236
12/12/2022 13:00,227.479
12/12/2022 14:00,168.358
12/12/2022 15:00,94.789
12/12/2022 16:00,28.781
12/12/2022 17:00,3.95
12/12/2022 18:00,0.061
12/12/2022 19:00,0
12/12/2022 20:00,0
12/12/2022 21:00,0
12/12/2022 22:00,0
12/12/2022 23:00,0
12/13/2022 0:00,0
12/13/2022 1:00,0
12/13/2022 2:00,0
12/13/2022 3:00,0
12/13/2022 4:00,0
12/13/2022 5:00,0
12/13/2022 6:00,0
12/13/2022 7:00,5.792
12/13/2022 8:00,60.722
12/13/2022 9:00,133.504
12/13/2022 10:00,186.704
12/13/2022 11:00,214.432
12/13/2022 12:00,202.972
12/13/2022 13:00,176.774
12/13/2022 14:00,134.526
12/13/2022 15:00,81.914
12/13/2022 16:00,26.421
12/13/2022 17:00,3.674
12/13/2022 18:00,0.06
12/13/2022 19:00,0
12/13/2022 20:00,0
12/13/2022 21:00,0
12/13/2022 22:00,0
12/13/2022 23:00,0
12/14/2022 0:00,0
12/14/2022 1:00,0
12/14/2022 2:00,0
12/14/2022 3:00,0
12/14/2022 4:00,0
12/14/2022 5:00,0
12/14/2022 6:00,0
12/14/2022 7:00,7.127
12/14/2022 8:00,71.908
12/14/2022 9:00,163.377
12/14/2022 10:00,241.568
12/14/2022 11:00,303.834
12/14/2022 12:00,310.647
12/14/2022 13:00,269.907
12/14/2022 14:00,199.956
12/14/2022 15:00,111.072
12/14/2022 16:00,31.068
12/14/2022 17:00,4.768
12/14/2022 18:00,0.067
12/14/2022 19:00,0
12/14/2022 20:00,0
12/14/2022 21:00,0
12/14/2022 22:00,0
12/14/2022 23:00,0
12/15/2022 0:00,0
12/15/2022 1:00,0
12/15/2022 2:00,0
12/15/2022 3:00,0
12/15/2022 4:00,0
12/15/2022 5:00,0
12/15/2022 6:00,0
12/15/2022 7:00,5.905
12/15/2022 8:00,67.531
12/15/2022 9:00,156.128
12/15/2022 10:00,248.245
12/15/2022 11:00,309.997
12/15/2022 12:00,336.938
12/15/2022 13:00,303.751
12/15/2022 14:00,222.641
12/15/2022 15:00,119.344
12/15/2022 16:00,30.189
12/15/2022 17:00,3.406
12/15/2022 18:00,0.042
12/15/2022 19:00,0
12/15/2022 20:00,0
12/15/2022 21:00,0
12/15/2022 22:00,0
12/15/2022 23:00,0
12/16/2022 0:00,0
12/16/2022 1:00,0
12/16/2022 2:00,0
12/16/2022 3:00,0
12/16/2022 4:00,0
12/16/2022 5:00,0
12/16/2022 6:00,0
12/16/2022 7:00,7.854
12/16/2022 8:00,74.588
12/16/2022 9:00,172.09
12/16/2022 10:00,255.004
12/16/2022 11:00,315.548
12/16/2022 12:00,336.831
12/16/2022 13:00,302.784
12/16/2022 14:00,231.679
12/16/2022 15:00,128.4
12/16/2022 16:00,33.635
12/16/2022 17:00,3.958
12/16/2022 18:00,0.052
12/16/2022 19:00,0
12/16/2022 20:00,0
12/16/2022 21:00,0
12/16/2022 22:00,0
12/16/2022 23:00,0
12/17/2022 0:00,0
12/17/2022 1:00,0
12/17/2022 2:00,0
12/17/2022 3:00,0
12/17/2022 4:00,0
12/17/2022 5:00,0
12/17/2022 6:00,0
12/17/2022 7:00,6.999
12/17/2022 8:00,81.41
12/17/2022 9:00,191.217
12/17/2022 10:00,295.377
12/17/2022 11:00,370.211
12/17/2022 12:00,397.317
12/17/2022 13:00,362.963
12/17/2022 14:00,275.945
12/17/2022 15:00,151.178
12/17/2022 16:00,39.983
12/17/2022 17:00,4.774
12/17/2022 18:00,0.062
12/17/2022 19:00,0
12/17/2022 20:00,0
12/17/2022 21:00,0
12/17/2022 22:00,0
12/17/2022 23:00,0
12/18/2022 0:00,0
12/18/2022 1:00,0
12/18/2022 2:00,0
12/18/2022 3:00,0
12/18/2022 4:00,0
12/18/2022 5:00,0
12/18/2022 6:00,0
12/18/2022 7:00,8.244
12/18/2022 8:00,86.188
12/18/2022 9:00,202.378
12/18/2022 10:00,304.982
12/18/2022 11:00,365.526
12/18/2022 12:00,390.514
12/18/2022 13:00,366.019
12/18/2022 14:00,293.223
12/18/2022 15:00,168.989
12/18/2022 16:00,44.031
12/18/2022 17:00,4.763
12/18/2022 18:00,0.061
12/18/2022 19:00,0
12/18/2022 20:00,0
12/18/2022 21:00,0
12/18/2022 22:00,0
12/18/2022 23:00,0
12/19/2022 0:00,0
12/19/2022 1:00,0
12/19/2022 2:00,0
12/19/2022 3:00,0
12/19/2022 4:00,0
12/19/2022 5:00,0
12/19/2022 6:00,0
12/19/2022 7:00,6.709
12/19/2022 8:00,72.734
12/19/2022 9:00,170.378
12/19/2022 10:00,265.751
12/19/2022 11:00,330.641
12/19/2022 12:00,343.766
12/19/2022 13:00,316.811
12/19/2022 14:00,243.807
12/19/2022 15:00,136.646
12/19/2022 16:00,37.193
12/19/2022 17:00,4.877
12/19/2022 18:00,0.064
12/19/2022 19:00,0
12/19/2022 20:00,0
12/19/2022 21:00,0
12/19/2022 22:00,0
12/19/2022 23:00,0
12/20/2022 0:00,0
12/20/2022 1:00,0
12/20/2022 2:00,0
12/20/2022 3:00,0
12/20/2022 4:00,0
12/20/2022 5:00,0
12/20/2022 6:00,0
12/20/2022 7:00,6.48
12/20/2022 8:00,64.074
12/20/2022 9:00,144.79
12/20/2022 10:00,215.567
12/20/2022 11:00,263.248
12/20/2022 12:00,277.448
12/20/2022 13:00,255.134
12/20/2022 14:00,193.397
12/20/2022 15:00,108.438
12/20/2022 16:00,32.494
12/20/2022 17:00,4.562
12/20/2022 18:00,0.056
12/20/2022 19:00,0
12/20/2022 20:00,0
12/20/2022 21:00,0
12/20/2022 22:00,0
12/20/2022 23:00,0
12/21/2022 0:00,0
12/21/2022 1:00,0
12/21/2022 2:00,0
12/21/2022 3:00,0
12/21/2022 4:00,0
12/21/2022 5:00,0
12/21/2022 6:00,0
12/21/2022 7:00,6.658
12/21/2022 8:00,68.62
12/21/2022 9:00,159.588
12/21/2022 10:00,267.032
12/21/2022 11:00,366.503
12/21/2022 12:00,386.811
12/21/2022 13:00,340.134
12/21/2022 14:00,255.558
12/21/2022 15:00,141.003
12/21/2022 16:00,36.48
12/21/2022 17:00,4.762
12/21/2022 18:00,0.06
12/21/2022 19:00,0
12/21/2022 20:00,0
12/21/2022 21:00,0
12/21/2022 22:00,0
12/21/2022 23:00,0
12/22/2022 0:00,0
12/22/2022 1:00,0
12/22/2022 2:00,0
12/22/2022 3:00,0
12/22/2022 4:00,0
12/22/2022 5:00,0
12/22/2022 6:00,0
12/22/2022 7:00,8.567
12/22/2022 8:00,91.299
12/22/2022 9:00,210.171
12/22/2022 10:00,302.27
12/22/2022 11:00,367.525
12/22/2022 12:00,387.199
12/22/2022 13:00,369.551
12/22/2022 14:00,286.453
12/22/2022 15:00,164.108
12/22/2022 16:00,42.281
12/22/2022 17:00,4.71
12/22/2022 18:00,0.058
12/22/2022 19:00,0
12/22/2022 20:00,0
12/22/2022 21:00,0
12/22/2022 22:00,0
12/22/2022 23:00,0
12/23/2022 0:00,0
12/23/2022 1:00,0
12/23/2022 2:00,0
12/23/2022 3:00,0
12/23/2022 4:00,0
12/23/2022 5:00,0
12/23/2022 6:00,0
12/23/2022 7:00,8.588
12/23/2022 8:00,90.79
12/23/2022 9:00,206.566
12/23/2022 10:00,305.3
12/23/2022 11:00,365.576
12/23/2022 12:00,378.699
12/23/2022 13:00,349.514
12/23/2022 14:00,280.323
12/23/2022 15:00,157.317
12/23/2022 16:00,40.837
12/23/2022 17:00,4.765
12/23/2022 18:00,0.06
12/23/2022 19:00,0
12/23/2022 20:00,0
12/23/2022 21:00,0
12/23/2022 22:00,0
12/23/2022 23:00,0
12/24/2022 0:00,0
12/24/2022 1:00,0
12/24/2022 2:00,0
12/24/2022 3:00,0
12/24/2022 4:00,0
12/24/2022 5:00,0
12/24/2022 6:00,0
12/24/2022 7:00,8.654
12/24/2022 8:00,94.791
12/24/2022 9:00,217.892
12/24/2022 10:00,323.75
12/24/2022 11:00,389.811
12/24/2022 12:00,405.62
12/24/2022 13:00,373.887
12/24/2022 14:00,294.514
12/24/2022 15:00,165.428
12/24/2022 16:00,41.634
12/24/2022 17:00,4.769
12/24/2022 18:00,0.063
12/24/2022 19:00,0
12/24/2022 20:00,0
12/24/2022 21:00,0
12/24/2022 22:00,0
12/24/2022 23:00,0
12/25/2022 0:00,0
12/25/2022 1:00,0
12/25/2022 2:00,0
12/25/2022 3:00,0
12/25/2022 4:00,0
12/25/2022 5:00,0
12/25/2022 6:00,0
12/25/2022 7:00,9.017
12/25/2022 8:00,92.697
12/25/2022 9:00,206.829
12/25/2022 10:00,304.348
12/25/2022 11:00,366.584
12/25/2022 12:00,387.364
12/25/2022 13:00,353.737
12/25/2022 14:00,275.536
12/25/2022 15:00,156.487
12/25/2022 16:00,40.986
12/25/2022 17:00,4.463
12/25/2022 18:00,0.053
12/25/2022 19:00,0
12/25/2022 20:00,0
12/25/2022 21:00,0
12/25/2022 22:00,0
12/25/2022 23:00,0
12/26/2022 0:00,0
12/26/2022 1:00,0
12/26/2022 2:00,0
12/26/2022 3:00,0
12/26/2022 4:00,0
12/26/2022 5:00,0
12/26/2022 6:00,0
12/26/2022 7:00,8.595
12/26/2022 8:00,97.997
12/26/2022 9:00,226.349
12/26/2022 10:00,335.692
12/26/2022 11:00,404.497
12/26/2022 12:00,419.091
12/26/2022 13:00,379.072
12/26/2022 14:00,290.382
12/26/2022 15:00,163.718
12/26/2022 16:00,39.823
12/26/2022 17:00,2.901
12/26/2022 18:00,0.037
12/26/2022 19:00,0
12/26/2022 20:00,0
12/26/2022 21:00,0
12/26/2022 22:00,0
12/26/2022 23:00,0
12/27/2022 0:00,0
12/27/2022 1:00,0
12/27/2022 2:00,0
12/27/2022 3:00,0
12/27/2022 4:00,0
12/27/2022 5:00,0
12/27/2022 6:00,0
12/27/2022 7:00,9.485
12/27/2022 8:00,108.298
12/27/2022 9:00,247.527
12/27/2022 10:00,362.911
12/27/2022 11:00,431.932
12/27/2022 12:00,447.136
12/27/2022 13:00,403.516
12/27/2022 14:00,305.829
12/27/2022 15:00,169.338
12/27/2022 16:00,38.555
12/27/2022 17:00,1.694
12/27/2022 18:00,0.024
12/27/2022 19:00,0
12/27/2022 20:00,0
12/27/2022 21:00,0
12/27/2022 22:00,0
12/27/2022 23:00,0
12/28/2022 0:00,0
12/28/2022 1:00,0
12/28/2022 2:00,0
12/28/2022 3:00,0
12/28/2022 4:00,0
12/28/2022 5:00,0
12/28/2022 6:00,0
12/28/2022 7:00,9.684
12/28/2022 8:00,107.648
12/28/2022 9:00,242.482
12/28/2022 10:00,355.973
12/28/2022 11:00,423.939
12/28/2022 12:00,435.981
12/28/2022 13:00,390.707
12/28/2022 14:00,294.327
12/28/2022 15:00,162.77
12/28/2022 16:00,38.886
12/28/2022 17:00,3.099
12/28/2022 18:00,0.047
12/28/2022 19:00,0
12/28/2022 20:00,0
12/28/2022 21:00,0
12/28/2022 22:00,0
12/28/2022 23:00,0
12/29/2022 0:00,0
12/29/2022 1:00,0
12/29/2022 2:00,0
12/29/2022 3:00,0
12/29/2022 4:00,0
12/29/2022 5:00,0
12/29/2022 6:00,0
12/29/2022 7:00,8.868
12/29/2022 8:00,86.93
12/29/2022 9:00,191.516
12/29/2022 10:00,273.534
12/29/2022 11:00,322.967
12/29/2022 12:00,323.387
12/29/2022 13:00,268.763
12/29/2022 14:00,191.208
12/29/2022 15:00,105.674
12/29/2022 16:00,29.5
12/29/2022 17:00,3.551
12/29/2022 18:00,0.049
12/29/2022 19:00,0
12/29/2022 20:00,0
12/29/2022 21:00,0
12/29/2022 22:00,0
12/29/2022 23:00,0
12/30/2022 0:00,0
12/30/2022 1:00,0
12/30/2022 2:00,0
12/30/2022 3:00,0
12/30/2022 4:00,0
12/30/2022 5:00,0
12/30/2022 6:00,0
12/30/2022 7:00,7.472
12/30/2022 8:00,83.139
12/30/2022 9:00,192.052
12/30/2022 10:00,276.294
12/30/2022 11:00,338.858
12/30/2022 12:00,359.728
12/30/2022 13:00,327.989
12/30/2022 14:00,250.786
12/30/2022 15:00,144.063
12/30/2022 16:00,37.132
12/30/2022 17:00,3.399
12/30/2022 18:00,0.047
12/30/2022 19:00,0
12/30/2022 20:00,0
12/30/2022 21:00,0
12/30/2022 22:00,0
12/30/2022 23:00,0
12/31/2022 0:00,0
12/31/2022 1:00,0
12/31/2022 2:00,0
12/31/2022 3:00,0
12/31/2022 4:00,0
12/31/2022 5:00,0
12/31/2022 6:00,0
12/31/2022 7:00,10.359
12/31/2022 8:00,107.874
12/31/2022 9:00,244.53
12/31/2022 10:00,363.658
12/31/2022 11:00,438.074
12/31/2022 12:00,453.146
12/31/2022 13:00,398.214
12/31/2022 14:00,293.667
12/31/2022 15:00,161.708
12/31/2022 16:00,39.707
12/31/2022 17:00,3.943
12/31/2022 18:00,0.056
12/31/2022 19:00,0
12/31/2022 20:00,0
12/31/2022 21:00,0
12/31/2022 22:00,0
12/31/2022 23:00,0
