# Renewables.ninja Weather (hourly 1980-2022)  -  Spain  -  renewables_ninja_country_ES_wind-speed_merra-2_pop-wtd.csv  -  Version 1.4,
# License: https://creativecommons.org/licenses/by-nc/4.0/  -  Reference: https://doi.org/10.1038/s41560-023-01341-5,
# Units: time in UTC; other columns are the wind speed at 2 metres above ground in m/s (U2M and V2M in MERRA-2) weighted by population; column names signify country ISO2 code or GADM level1 code.,
,
1/1/2022 0:00,1.754
1/1/2022 1:00,1.797
1/1/2022 2:00,1.835
1/1/2022 3:00,1.878
1/1/2022 4:00,1.921
1/1/2022 5:00,1.964
1/1/2022 6:00,1.998
1/1/2022 7:00,2.007
1/1/2022 8:00,1.946
1/1/2022 9:00,2.231
1/1/2022 10:00,2.232
1/1/2022 11:00,2.024
1/1/2022 12:00,1.933
1/1/2022 13:00,1.847
1/1/2022 14:00,1.668
1/1/2022 15:00,1.393
1/1/2022 16:00,1.413
1/1/2022 17:00,1.494
1/1/2022 18:00,1.591
1/1/2022 19:00,1.683
1/1/2022 20:00,1.728
1/1/2022 21:00,1.718
1/1/2022 22:00,1.721
1/1/2022 23:00,1.747
1/2/2022 0:00,1.76
1/2/2022 1:00,1.74
1/2/2022 2:00,1.705
1/2/2022 3:00,1.672
1/2/2022 4:00,1.663
1/2/2022 5:00,1.647
1/2/2022 6:00,1.644
1/2/2022 7:00,1.652
1/2/2022 8:00,1.606
1/2/2022 9:00,1.832
1/2/2022 10:00,1.797
1/2/2022 11:00,1.636
1/2/2022 12:00,1.64
1/2/2022 13:00,1.669
1/2/2022 14:00,1.474
1/2/2022 15:00,1.094
1/2/2022 16:00,1.078
1/2/2022 17:00,1.08
1/2/2022 18:00,1.035
1/2/2022 19:00,1.079
1/2/2022 20:00,1.141
1/2/2022 21:00,1.211
1/2/2022 22:00,1.31
1/2/2022 23:00,1.406
1/3/2022 0:00,1.475
1/3/2022 1:00,1.456
1/3/2022 2:00,1.405
1/3/2022 3:00,1.38
1/3/2022 4:00,1.439
1/3/2022 5:00,1.578
1/3/2022 6:00,1.591
1/3/2022 7:00,1.585
1/3/2022 8:00,1.586
1/3/2022 9:00,1.866
1/3/2022 10:00,1.846
1/3/2022 11:00,2.054
1/3/2022 12:00,2.27
1/3/2022 13:00,2.375
1/3/2022 14:00,2.395
1/3/2022 15:00,1.995
1/3/2022 16:00,1.84
1/3/2022 17:00,2.09
1/3/2022 18:00,2.252
1/3/2022 19:00,2.356
1/3/2022 20:00,2.419
1/3/2022 21:00,2.466
1/3/2022 22:00,2.519
1/3/2022 23:00,2.544
1/4/2022 0:00,2.566
1/4/2022 1:00,2.603
1/4/2022 2:00,2.663
1/4/2022 3:00,2.697
1/4/2022 4:00,2.695
1/4/2022 5:00,2.741
1/4/2022 6:00,2.793
1/4/2022 7:00,2.858
1/4/2022 8:00,3.163
1/4/2022 9:00,3.588
1/4/2022 10:00,3.899
1/4/2022 11:00,4.313
1/4/2022 12:00,4.612
1/4/2022 13:00,4.774
1/4/2022 14:00,4.744
1/4/2022 15:00,4.41
1/4/2022 16:00,4.144
1/4/2022 17:00,4.104
1/4/2022 18:00,4.203
1/4/2022 19:00,4.343
1/4/2022 20:00,4.539
1/4/2022 21:00,4.616
1/4/2022 22:00,4.646
1/4/2022 23:00,4.569
1/5/2022 0:00,4.468
1/5/2022 1:00,4.412
1/5/2022 2:00,4.275
1/5/2022 3:00,4.18
1/5/2022 4:00,4.062
1/5/2022 5:00,3.939
1/5/2022 6:00,3.832
1/5/2022 7:00,3.749
1/5/2022 8:00,3.947
1/5/2022 9:00,4.304
1/5/2022 10:00,4.439
1/5/2022 11:00,4.429
1/5/2022 12:00,4.374
1/5/2022 13:00,4.223
1/5/2022 14:00,3.996
1/5/2022 15:00,3.601
1/5/2022 16:00,2.832
1/5/2022 17:00,2.568
1/5/2022 18:00,2.609
1/5/2022 19:00,2.686
1/5/2022 20:00,2.761
1/5/2022 21:00,2.927
1/5/2022 22:00,3.017
1/5/2022 23:00,3.068
1/6/2022 0:00,3.19
1/6/2022 1:00,3.26
1/6/2022 2:00,3.285
1/6/2022 3:00,3.193
1/6/2022 4:00,3.121
1/6/2022 5:00,3.08
1/6/2022 6:00,3.02
1/6/2022 7:00,2.986
1/6/2022 8:00,3.368
1/6/2022 9:00,3.531
1/6/2022 10:00,3.358
1/6/2022 11:00,3.096
1/6/2022 12:00,2.982
1/6/2022 13:00,2.932
1/6/2022 14:00,2.832
1/6/2022 15:00,2.464
1/6/2022 16:00,1.956
1/6/2022 17:00,2.026
1/6/2022 18:00,2.083
1/6/2022 19:00,2.094
1/6/2022 20:00,2.121
1/6/2022 21:00,2.178
1/6/2022 22:00,2.243
1/6/2022 23:00,2.296
1/7/2022 0:00,2.311
1/7/2022 1:00,2.339
1/7/2022 2:00,2.413
1/7/2022 3:00,2.485
1/7/2022 4:00,2.523
1/7/2022 5:00,2.581
1/7/2022 6:00,2.628
1/7/2022 7:00,2.654
1/7/2022 8:00,2.945
1/7/2022 9:00,3.273
1/7/2022 10:00,3.65
1/7/2022 11:00,3.864
1/7/2022 12:00,3.883
1/7/2022 13:00,3.863
1/7/2022 14:00,3.762
1/7/2022 15:00,3.366
1/7/2022 16:00,2.437
1/7/2022 17:00,2.337
1/7/2022 18:00,2.473
1/7/2022 19:00,2.597
1/7/2022 20:00,2.687
1/7/2022 21:00,2.767
1/7/2022 22:00,2.855
1/7/2022 23:00,2.921
1/8/2022 0:00,2.994
1/8/2022 1:00,3.058
1/8/2022 2:00,3.118
1/8/2022 3:00,3.107
1/8/2022 4:00,3.069
1/8/2022 5:00,3.026
1/8/2022 6:00,2.99
1/8/2022 7:00,2.973
1/8/2022 8:00,3.207
1/8/2022 9:00,3.359
1/8/2022 10:00,3.193
1/8/2022 11:00,3.368
1/8/2022 12:00,3.479
1/8/2022 13:00,3.557
1/8/2022 14:00,3.499
1/8/2022 15:00,2.935
1/8/2022 16:00,2.503
1/8/2022 17:00,2.757
1/8/2022 18:00,3.086
1/8/2022 19:00,3.305
1/8/2022 20:00,3.475
1/8/2022 21:00,3.589
1/8/2022 22:00,3.689
1/8/2022 23:00,3.772
1/9/2022 0:00,3.818
1/9/2022 1:00,3.788
1/9/2022 2:00,3.823
1/9/2022 3:00,3.835
1/9/2022 4:00,3.806
1/9/2022 5:00,3.769
1/9/2022 6:00,3.718
1/9/2022 7:00,3.67
1/9/2022 8:00,3.82
1/9/2022 9:00,4.204
1/9/2022 10:00,4.647
1/9/2022 11:00,5.058
1/9/2022 12:00,5.235
1/9/2022 13:00,5.196
1/9/2022 14:00,4.952
1/9/2022 15:00,4.458
1/9/2022 16:00,3.816
1/9/2022 17:00,3.821
1/9/2022 18:00,3.992
1/9/2022 19:00,4.147
1/9/2022 20:00,4.208
1/9/2022 21:00,4.202
1/9/2022 22:00,4.13
1/9/2022 23:00,4.057
1/10/2022 0:00,4.015
1/10/2022 1:00,3.976
1/10/2022 2:00,3.936
1/10/2022 3:00,3.856
1/10/2022 4:00,3.763
1/10/2022 5:00,3.665
1/10/2022 6:00,3.565
1/10/2022 7:00,3.507
1/10/2022 8:00,3.669
1/10/2022 9:00,3.935
1/10/2022 10:00,4.094
1/10/2022 11:00,4.135
1/10/2022 12:00,4.048
1/10/2022 13:00,3.937
1/10/2022 14:00,3.77
1/10/2022 15:00,3.349
1/10/2022 16:00,2.463
1/10/2022 17:00,2.366
1/10/2022 18:00,2.456
1/10/2022 19:00,2.549
1/10/2022 20:00,2.603
1/10/2022 21:00,2.608
1/10/2022 22:00,2.611
1/10/2022 23:00,2.624
1/11/2022 0:00,2.666
1/11/2022 1:00,2.737
1/11/2022 2:00,2.803
1/11/2022 3:00,2.788
1/11/2022 4:00,2.74
1/11/2022 5:00,2.677
1/11/2022 6:00,2.596
1/11/2022 7:00,2.514
1/11/2022 8:00,2.745
1/11/2022 9:00,3.067
1/11/2022 10:00,3.225
1/11/2022 11:00,3.249
1/11/2022 12:00,3.189
1/11/2022 13:00,3.11
1/11/2022 14:00,3.018
1/11/2022 15:00,2.648
1/11/2022 16:00,2.048
1/11/2022 17:00,2.049
1/11/2022 18:00,2.104
1/11/2022 19:00,2.161
1/11/2022 20:00,2.238
1/11/2022 21:00,2.332
1/11/2022 22:00,2.421
1/11/2022 23:00,2.452
1/12/2022 0:00,2.469
1/12/2022 1:00,2.463
1/12/2022 2:00,2.488
1/12/2022 3:00,2.477
1/12/2022 4:00,2.42
1/12/2022 5:00,2.394
1/12/2022 6:00,2.373
1/12/2022 7:00,2.398
1/12/2022 8:00,2.807
1/12/2022 9:00,3.049
1/12/2022 10:00,3.236
1/12/2022 11:00,3.299
1/12/2022 12:00,3.275
1/12/2022 13:00,3.257
1/12/2022 14:00,3.225
1/12/2022 15:00,2.872
1/12/2022 16:00,2.255
1/12/2022 17:00,2.265
1/12/2022 18:00,2.321
1/12/2022 19:00,2.355
1/12/2022 20:00,2.357
1/12/2022 21:00,2.323
1/12/2022 22:00,2.318
1/12/2022 23:00,2.315
1/13/2022 0:00,2.303
1/13/2022 1:00,2.315
1/13/2022 2:00,2.347
1/13/2022 3:00,2.407
1/13/2022 4:00,2.503
1/13/2022 5:00,2.562
1/13/2022 6:00,2.588
1/13/2022 7:00,2.647
1/13/2022 8:00,3.045
1/13/2022 9:00,3.299
1/13/2022 10:00,3.333
1/13/2022 11:00,3.343
1/13/2022 12:00,3.298
1/13/2022 13:00,3.242
1/13/2022 14:00,3.165
1/13/2022 15:00,2.79
1/13/2022 16:00,2.242
1/13/2022 17:00,2.177
1/13/2022 18:00,2.197
1/13/2022 19:00,2.237
1/13/2022 20:00,2.268
1/13/2022 21:00,2.304
1/13/2022 22:00,2.36
1/13/2022 23:00,2.384
1/14/2022 0:00,2.406
1/14/2022 1:00,2.437
1/14/2022 2:00,2.472
1/14/2022 3:00,2.473
1/14/2022 4:00,2.479
1/14/2022 5:00,2.489
1/14/2022 6:00,2.47
1/14/2022 7:00,2.442
1/14/2022 8:00,2.651
1/14/2022 9:00,2.891
1/14/2022 10:00,2.83
1/14/2022 11:00,2.778
1/14/2022 12:00,2.693
1/14/2022 13:00,2.579
1/14/2022 14:00,2.426
1/14/2022 15:00,2.012
1/14/2022 16:00,1.627
1/14/2022 17:00,1.608
1/14/2022 18:00,1.641
1/14/2022 19:00,1.708
1/14/2022 20:00,1.758
1/14/2022 21:00,1.82
1/14/2022 22:00,1.899
1/14/2022 23:00,1.973
1/15/2022 0:00,2.01
1/15/2022 1:00,2.041
1/15/2022 2:00,2.044
1/15/2022 3:00,2.056
1/15/2022 4:00,2.088
1/15/2022 5:00,2.147
1/15/2022 6:00,2.208
1/15/2022 7:00,2.285
1/15/2022 8:00,2.609
1/15/2022 9:00,2.766
1/15/2022 10:00,2.515
1/15/2022 11:00,2.243
1/15/2022 12:00,2.121
1/15/2022 13:00,2.005
1/15/2022 14:00,1.855
1/15/2022 15:00,1.529
1/15/2022 16:00,1.382
1/15/2022 17:00,1.495
1/15/2022 18:00,1.546
1/15/2022 19:00,1.621
1/15/2022 20:00,1.677
1/15/2022 21:00,1.719
1/15/2022 22:00,1.758
1/15/2022 23:00,1.795
1/16/2022 0:00,1.813
1/16/2022 1:00,1.811
1/16/2022 2:00,1.817
1/16/2022 3:00,1.833
1/16/2022 4:00,1.865
1/16/2022 5:00,1.909
1/16/2022 6:00,1.958
1/16/2022 7:00,2.001
1/16/2022 8:00,2.193
1/16/2022 9:00,2.383
1/16/2022 10:00,2.028
1/16/2022 11:00,1.766
1/16/2022 12:00,1.683
1/16/2022 13:00,1.727
1/16/2022 14:00,1.779
1/16/2022 15:00,1.531
1/16/2022 16:00,1.422
1/16/2022 17:00,1.517
1/16/2022 18:00,1.568
1/16/2022 19:00,1.596
1/16/2022 20:00,1.65
1/16/2022 21:00,1.728
1/16/2022 22:00,1.814
1/16/2022 23:00,1.892
1/17/2022 0:00,1.955
1/17/2022 1:00,1.989
1/17/2022 2:00,2.007
1/17/2022 3:00,2.003
1/17/2022 4:00,2.022
1/17/2022 5:00,2.045
1/17/2022 6:00,2.044
1/17/2022 7:00,2.033
1/17/2022 8:00,2.255
1/17/2022 9:00,2.495
1/17/2022 10:00,2.39
1/17/2022 11:00,2.383
1/17/2022 12:00,2.325
1/17/2022 13:00,2.23
1/17/2022 14:00,2.142
1/17/2022 15:00,1.889
1/17/2022 16:00,1.747
1/17/2022 17:00,1.858
1/17/2022 18:00,1.878
1/17/2022 19:00,1.851
1/17/2022 20:00,1.811
1/17/2022 21:00,1.819
1/17/2022 22:00,1.847
1/17/2022 23:00,1.872
1/18/2022 0:00,1.864
1/18/2022 1:00,1.842
1/18/2022 2:00,1.803
1/18/2022 3:00,1.789
1/18/2022 4:00,1.806
1/18/2022 5:00,1.83
1/18/2022 6:00,1.853
1/18/2022 7:00,1.851
1/18/2022 8:00,1.893
1/18/2022 9:00,2.209
1/18/2022 10:00,2.155
1/18/2022 11:00,2.132
1/18/2022 12:00,2.054
1/18/2022 13:00,1.99
1/18/2022 14:00,1.917
1/18/2022 15:00,1.622
1/18/2022 16:00,1.454
1/18/2022 17:00,1.574
1/18/2022 18:00,1.575
1/18/2022 19:00,1.539
1/18/2022 20:00,1.472
1/18/2022 21:00,1.426
1/18/2022 22:00,1.436
1/18/2022 23:00,1.446
1/19/2022 0:00,1.45
1/19/2022 1:00,1.464
1/19/2022 2:00,1.477
1/19/2022 3:00,1.492
1/19/2022 4:00,1.497
1/19/2022 5:00,1.505
1/19/2022 6:00,1.569
1/19/2022 7:00,1.599
1/19/2022 8:00,1.675
1/19/2022 9:00,2.014
1/19/2022 10:00,1.996
1/19/2022 11:00,1.978
1/19/2022 12:00,1.934
1/19/2022 13:00,1.899
1/19/2022 14:00,1.893
1/19/2022 15:00,1.673
1/19/2022 16:00,1.476
1/19/2022 17:00,1.622
1/19/2022 18:00,1.631
1/19/2022 19:00,1.617
1/19/2022 20:00,1.634
1/19/2022 21:00,1.693
1/19/2022 22:00,1.786
1/19/2022 23:00,1.884
1/20/2022 0:00,1.909
1/20/2022 1:00,1.927
1/20/2022 2:00,1.953
1/20/2022 3:00,2.003
1/20/2022 4:00,2.022
1/20/2022 5:00,2.01
1/20/2022 6:00,1.989
1/20/2022 7:00,2.014
1/20/2022 8:00,2.39
1/20/2022 9:00,2.541
1/20/2022 10:00,2.67
1/20/2022 11:00,2.803
1/20/2022 12:00,2.828
1/20/2022 13:00,2.853
1/20/2022 14:00,2.847
1/20/2022 15:00,2.501
1/20/2022 16:00,1.82
1/20/2022 17:00,1.863
1/20/2022 18:00,1.924
1/20/2022 19:00,2.008
1/20/2022 20:00,2.081
1/20/2022 21:00,2.129
1/20/2022 22:00,2.216
1/20/2022 23:00,2.28
1/21/2022 0:00,2.309
1/21/2022 1:00,2.309
1/21/2022 2:00,2.333
1/21/2022 3:00,2.331
1/21/2022 4:00,2.335
1/21/2022 5:00,2.359
1/21/2022 6:00,2.384
1/21/2022 7:00,2.418
1/21/2022 8:00,2.932
1/21/2022 9:00,3.3
1/21/2022 10:00,3.297
1/21/2022 11:00,3.334
1/21/2022 12:00,3.324
1/21/2022 13:00,3.286
1/21/2022 14:00,3.24
1/21/2022 15:00,3.082
1/21/2022 16:00,2.379
1/21/2022 17:00,2.331
1/21/2022 18:00,2.468
1/21/2022 19:00,2.579
1/21/2022 20:00,2.615
1/21/2022 21:00,2.615
1/21/2022 22:00,2.595
1/21/2022 23:00,2.598
1/22/2022 0:00,2.606
1/22/2022 1:00,2.608
1/22/2022 2:00,2.556
1/22/2022 3:00,2.463
1/22/2022 4:00,2.459
1/22/2022 5:00,2.509
1/22/2022 6:00,2.511
1/22/2022 7:00,2.521
1/22/2022 8:00,2.89
1/22/2022 9:00,3.145
1/22/2022 10:00,3.195
1/22/2022 11:00,3.166
1/22/2022 12:00,3.087
1/22/2022 13:00,2.982
1/22/2022 14:00,2.888
1/22/2022 15:00,2.645
1/22/2022 16:00,2.061
1/22/2022 17:00,2.003
1/22/2022 18:00,2.012
1/22/2022 19:00,2.007
1/22/2022 20:00,1.957
1/22/2022 21:00,1.93
1/22/2022 22:00,1.92
1/22/2022 23:00,1.903
1/23/2022 0:00,1.858
1/23/2022 1:00,1.815
1/23/2022 2:00,1.791
1/23/2022 3:00,1.762
1/23/2022 4:00,1.804
1/23/2022 5:00,1.835
1/23/2022 6:00,1.856
1/23/2022 7:00,1.899
1/23/2022 8:00,2.28
1/23/2022 9:00,2.57
1/23/2022 10:00,2.717
1/23/2022 11:00,2.744
1/23/2022 12:00,2.69
1/23/2022 13:00,2.646
1/23/2022 14:00,2.62
1/23/2022 15:00,2.418
1/23/2022 16:00,1.941
1/23/2022 17:00,1.96
1/23/2022 18:00,1.976
1/23/2022 19:00,1.99
1/23/2022 20:00,2.003
1/23/2022 21:00,2.033
1/23/2022 22:00,2.063
1/23/2022 23:00,2.06
1/24/2022 0:00,2.025
1/24/2022 1:00,2.015
1/24/2022 2:00,2.096
1/24/2022 3:00,2.1
1/24/2022 4:00,2.088
1/24/2022 5:00,2.09
1/24/2022 6:00,2.095
1/24/2022 7:00,2.159
1/24/2022 8:00,2.571
1/24/2022 9:00,2.827
1/24/2022 10:00,2.916
1/24/2022 11:00,2.915
1/24/2022 12:00,2.848
1/24/2022 13:00,2.769
1/24/2022 14:00,2.693
1/24/2022 15:00,2.458
1/24/2022 16:00,1.953
1/24/2022 17:00,1.958
1/24/2022 18:00,2.011
1/24/2022 19:00,2.042
1/24/2022 20:00,2.033
1/24/2022 21:00,2.026
1/24/2022 22:00,2.022
1/24/2022 23:00,2.033
1/25/2022 0:00,2.077
1/25/2022 1:00,2.122
1/25/2022 2:00,2.209
1/25/2022 3:00,2.293
1/25/2022 4:00,2.422
1/25/2022 5:00,2.578
1/25/2022 6:00,2.66
1/25/2022 7:00,2.736
1/25/2022 8:00,3
1/25/2022 9:00,3.283
1/25/2022 10:00,3.416
1/25/2022 11:00,3.474
1/25/2022 12:00,3.459
1/25/2022 13:00,3.428
1/25/2022 14:00,3.384
1/25/2022 15:00,3.152
1/25/2022 16:00,2.587
1/25/2022 17:00,2.482
1/25/2022 18:00,2.506
1/25/2022 19:00,2.495
1/25/2022 20:00,2.459
1/25/2022 21:00,2.425
1/25/2022 22:00,2.415
1/25/2022 23:00,2.409
1/26/2022 0:00,2.434
1/26/2022 1:00,2.549
1/26/2022 2:00,2.62
1/26/2022 3:00,2.629
1/26/2022 4:00,2.624
1/26/2022 5:00,2.66
1/26/2022 6:00,2.681
1/26/2022 7:00,2.711
1/26/2022 8:00,3.003
1/26/2022 9:00,3.27
1/26/2022 10:00,3.463
1/26/2022 11:00,3.572
1/26/2022 12:00,3.585
1/26/2022 13:00,3.555
1/26/2022 14:00,3.492
1/26/2022 15:00,3.184
1/26/2022 16:00,2.644
1/26/2022 17:00,2.592
1/26/2022 18:00,2.666
1/26/2022 19:00,2.697
1/26/2022 20:00,2.699
1/26/2022 21:00,2.67
1/26/2022 22:00,2.636
1/26/2022 23:00,2.594
1/27/2022 0:00,2.543
1/27/2022 1:00,2.522
1/27/2022 2:00,2.51
1/27/2022 3:00,2.48
1/27/2022 4:00,2.446
1/27/2022 5:00,2.421
1/27/2022 6:00,2.385
1/27/2022 7:00,2.364
1/27/2022 8:00,2.574
1/27/2022 9:00,2.866
1/27/2022 10:00,2.97
1/27/2022 11:00,3.07
1/27/2022 12:00,3.056
1/27/2022 13:00,3
1/27/2022 14:00,2.913
1/27/2022 15:00,2.545
1/27/2022 16:00,2.056
1/27/2022 17:00,1.977
1/27/2022 18:00,1.966
1/27/2022 19:00,1.936
1/27/2022 20:00,1.993
1/27/2022 21:00,2.059
1/27/2022 22:00,2.123
1/27/2022 23:00,2.195
1/28/2022 0:00,2.281
1/28/2022 1:00,2.367
1/28/2022 2:00,2.458
1/28/2022 3:00,2.501
1/28/2022 4:00,2.564
1/28/2022 5:00,2.624
1/28/2022 6:00,2.676
1/28/2022 7:00,2.749
1/28/2022 8:00,3.148
1/28/2022 9:00,3.428
1/28/2022 10:00,3.372
1/28/2022 11:00,3.365
1/28/2022 12:00,3.263
1/28/2022 13:00,3.172
1/28/2022 14:00,3.105
1/28/2022 15:00,2.731
1/28/2022 16:00,2.28
1/28/2022 17:00,2.273
1/28/2022 18:00,2.289
1/28/2022 19:00,2.333
1/28/2022 20:00,2.376
1/28/2022 21:00,2.481
1/28/2022 22:00,2.558
1/28/2022 23:00,2.551
1/29/2022 0:00,2.548
1/29/2022 1:00,2.587
1/29/2022 2:00,2.632
1/29/2022 3:00,2.614
1/29/2022 4:00,2.589
1/29/2022 5:00,2.569
1/29/2022 6:00,2.532
1/29/2022 7:00,2.484
1/29/2022 8:00,2.641
1/29/2022 9:00,2.97
1/29/2022 10:00,2.848
1/29/2022 11:00,2.854
1/29/2022 12:00,2.889
1/29/2022 13:00,2.88
1/29/2022 14:00,2.824
1/29/2022 15:00,2.388
1/29/2022 16:00,1.963
1/29/2022 17:00,1.936
1/29/2022 18:00,1.926
1/29/2022 19:00,1.927
1/29/2022 20:00,1.956
1/29/2022 21:00,2.009
1/29/2022 22:00,2.074
1/29/2022 23:00,2.128
1/30/2022 0:00,2.166
1/30/2022 1:00,2.171
1/30/2022 2:00,2.173
1/30/2022 3:00,2.192
1/30/2022 4:00,2.215
1/30/2022 5:00,2.215
1/30/2022 6:00,2.212
1/30/2022 7:00,2.191
1/30/2022 8:00,2.235
1/30/2022 9:00,2.59
1/30/2022 10:00,2.371
1/30/2022 11:00,2.254
1/30/2022 12:00,2.233
1/30/2022 13:00,2.15
1/30/2022 14:00,2.053
1/30/2022 15:00,1.687
1/30/2022 16:00,1.532
1/30/2022 17:00,1.606
1/30/2022 18:00,1.598
1/30/2022 19:00,1.616
1/30/2022 20:00,1.65
1/30/2022 21:00,1.689
1/30/2022 22:00,1.75
1/30/2022 23:00,1.815
1/31/2022 0:00,1.861
1/31/2022 1:00,1.899
1/31/2022 2:00,1.998
1/31/2022 3:00,2.127
1/31/2022 4:00,2.25
1/31/2022 5:00,2.383
1/31/2022 6:00,2.546
1/31/2022 7:00,2.685
1/31/2022 8:00,3.02
1/31/2022 9:00,3.23
1/31/2022 10:00,3.161
1/31/2022 11:00,3.321
1/31/2022 12:00,3.585
1/31/2022 13:00,3.644
1/31/2022 14:00,3.705
1/31/2022 15:00,3.367
1/31/2022 16:00,2.597
1/31/2022 17:00,2.701
1/31/2022 18:00,3.058
1/31/2022 19:00,3.323
1/31/2022 20:00,3.503
1/31/2022 21:00,3.582
1/31/2022 22:00,3.623
1/31/2022 23:00,3.662
2/1/2022 0:00,3.715
2/1/2022 1:00,3.805
2/1/2022 2:00,3.866
2/1/2022 3:00,3.875
2/1/2022 4:00,3.823
2/1/2022 5:00,3.735
2/1/2022 6:00,3.63
2/1/2022 7:00,3.651
2/1/2022 8:00,4.062
2/1/2022 9:00,4.49
2/1/2022 10:00,4.587
2/1/2022 11:00,4.355
2/1/2022 12:00,4.127
2/1/2022 13:00,3.944
2/1/2022 14:00,3.742
2/1/2022 15:00,3.41
2/1/2022 16:00,2.586
2/1/2022 17:00,2.233
2/1/2022 18:00,2.323
2/1/2022 19:00,2.438
2/1/2022 20:00,2.553
2/1/2022 21:00,2.659
2/1/2022 22:00,2.698
2/1/2022 23:00,2.676
2/2/2022 0:00,2.637
2/2/2022 1:00,2.592
2/2/2022 2:00,2.562
2/2/2022 3:00,2.467
2/2/2022 4:00,2.422
2/2/2022 5:00,2.41
2/2/2022 6:00,2.423
2/2/2022 7:00,2.503
2/2/2022 8:00,2.838
2/2/2022 9:00,2.855
2/2/2022 10:00,2.668
2/2/2022 11:00,2.472
2/2/2022 12:00,2.279
2/2/2022 13:00,2.145
2/2/2022 14:00,2.022
2/2/2022 15:00,1.674
2/2/2022 16:00,1.328
2/2/2022 17:00,1.405
2/2/2022 18:00,1.462
2/2/2022 19:00,1.536
2/2/2022 20:00,1.592
2/2/2022 21:00,1.606
2/2/2022 22:00,1.597
2/2/2022 23:00,1.55
2/3/2022 0:00,1.514
2/3/2022 1:00,1.49
2/3/2022 2:00,1.493
2/3/2022 3:00,1.486
2/3/2022 4:00,1.503
2/3/2022 5:00,1.546
2/3/2022 6:00,1.535
2/3/2022 7:00,1.467
2/3/2022 8:00,1.485
2/3/2022 9:00,1.631
2/3/2022 10:00,1.674
2/3/2022 11:00,2.134
2/3/2022 12:00,2.408
2/3/2022 13:00,2.522
2/3/2022 14:00,2.48
2/3/2022 15:00,1.904
2/3/2022 16:00,1.401
2/3/2022 17:00,1.413
2/3/2022 18:00,1.354
2/3/2022 19:00,1.358
2/3/2022 20:00,1.521
2/3/2022 21:00,1.727
2/3/2022 22:00,1.863
2/3/2022 23:00,1.917
2/4/2022 0:00,1.915
2/4/2022 1:00,1.878
2/4/2022 2:00,1.841
2/4/2022 3:00,1.779
2/4/2022 4:00,1.715
2/4/2022 5:00,1.658
2/4/2022 6:00,1.664
2/4/2022 7:00,1.733
2/4/2022 8:00,1.975
2/4/2022 9:00,2.263
2/4/2022 10:00,2.336
2/4/2022 11:00,2.435
2/4/2022 12:00,2.456
2/4/2022 13:00,2.436
2/4/2022 14:00,2.341
2/4/2022 15:00,2.021
2/4/2022 16:00,1.606
2/4/2022 17:00,1.581
2/4/2022 18:00,1.601
2/4/2022 19:00,1.655
2/4/2022 20:00,1.737
2/4/2022 21:00,1.746
2/4/2022 22:00,1.735
2/4/2022 23:00,1.725
2/5/2022 0:00,1.734
2/5/2022 1:00,1.748
2/5/2022 2:00,1.777
2/5/2022 3:00,1.843
2/5/2022 4:00,1.95
2/5/2022 5:00,2.054
2/5/2022 6:00,2.099
2/5/2022 7:00,2.167
2/5/2022 8:00,2.596
2/5/2022 9:00,2.88
2/5/2022 10:00,2.862
2/5/2022 11:00,2.698
2/5/2022 12:00,2.497
2/5/2022 13:00,2.362
2/5/2022 14:00,2.287
2/5/2022 15:00,2.21
2/5/2022 16:00,1.762
2/5/2022 17:00,1.615
2/5/2022 18:00,1.694
2/5/2022 19:00,1.765
2/5/2022 20:00,1.828
2/5/2022 21:00,1.864
2/5/2022 22:00,1.979
2/5/2022 23:00,2.099
2/6/2022 0:00,2.186
2/6/2022 1:00,2.233
2/6/2022 2:00,2.222
2/6/2022 3:00,2.197
2/6/2022 4:00,2.193
2/6/2022 5:00,2.209
2/6/2022 6:00,2.248
2/6/2022 7:00,2.373
2/6/2022 8:00,2.887
2/6/2022 9:00,2.941
2/6/2022 10:00,2.965
2/6/2022 11:00,2.836
2/6/2022 12:00,2.666
2/6/2022 13:00,2.581
2/6/2022 14:00,2.61
2/6/2022 15:00,2.579
2/6/2022 16:00,2.151
2/6/2022 17:00,2.119
2/6/2022 18:00,2.124
2/6/2022 19:00,2.133
2/6/2022 20:00,2.194
2/6/2022 21:00,2.236
2/6/2022 22:00,2.287
2/6/2022 23:00,2.35
2/7/2022 0:00,2.366
2/7/2022 1:00,2.407
2/7/2022 2:00,2.469
2/7/2022 3:00,2.56
2/7/2022 4:00,2.653
2/7/2022 5:00,2.729
2/7/2022 6:00,2.786
2/7/2022 7:00,2.91
2/7/2022 8:00,3.446
2/7/2022 9:00,3.318
2/7/2022 10:00,3.304
2/7/2022 11:00,3.278
2/7/2022 12:00,3.249
2/7/2022 13:00,3.275
2/7/2022 14:00,3.315
2/7/2022 15:00,3.144
2/7/2022 16:00,2.355
2/7/2022 17:00,2.11
2/7/2022 18:00,2.135
2/7/2022 19:00,2.141
2/7/2022 20:00,2.161
2/7/2022 21:00,2.188
2/7/2022 22:00,2.25
2/7/2022 23:00,2.305
2/8/2022 0:00,2.359
2/8/2022 1:00,2.504
2/8/2022 2:00,2.625
2/8/2022 3:00,2.638
2/8/2022 4:00,2.605
2/8/2022 5:00,2.546
2/8/2022 6:00,2.515
2/8/2022 7:00,2.53
2/8/2022 8:00,2.971
2/8/2022 9:00,3.041
2/8/2022 10:00,3.006
2/8/2022 11:00,3.028
2/8/2022 12:00,3.02
2/8/2022 13:00,2.999
2/8/2022 14:00,2.968
2/8/2022 15:00,2.839
2/8/2022 16:00,2.163
2/8/2022 17:00,1.996
2/8/2022 18:00,1.98
2/8/2022 19:00,1.979
2/8/2022 20:00,1.976
2/8/2022 21:00,1.958
2/8/2022 22:00,1.929
2/8/2022 23:00,1.92
2/9/2022 0:00,1.968
2/9/2022 1:00,2.015
2/9/2022 2:00,2.06
2/9/2022 3:00,2.114
2/9/2022 4:00,2.141
2/9/2022 5:00,2.227
2/9/2022 6:00,2.269
2/9/2022 7:00,2.351
2/9/2022 8:00,2.758
2/9/2022 9:00,2.832
2/9/2022 10:00,2.705
2/9/2022 11:00,2.581
2/9/2022 12:00,2.495
2/9/2022 13:00,2.431
2/9/2022 14:00,2.349
2/9/2022 15:00,2.243
2/9/2022 16:00,1.727
2/9/2022 17:00,1.609
2/9/2022 18:00,1.588
2/9/2022 19:00,1.56
2/9/2022 20:00,1.525
2/9/2022 21:00,1.496
2/9/2022 22:00,1.492
2/9/2022 23:00,1.522
2/10/2022 0:00,1.556
2/10/2022 1:00,1.597
2/10/2022 2:00,1.636
2/10/2022 3:00,1.67
2/10/2022 4:00,1.684
2/10/2022 5:00,1.669
2/10/2022 6:00,1.66
2/10/2022 7:00,1.657
2/10/2022 8:00,2.051
2/10/2022 9:00,2.04
2/10/2022 10:00,1.973
2/10/2022 11:00,1.897
2/10/2022 12:00,1.886
2/10/2022 13:00,1.916
2/10/2022 14:00,1.907
2/10/2022 15:00,1.777
2/10/2022 16:00,1.346
2/10/2022 17:00,1.337
2/10/2022 18:00,1.3
2/10/2022 19:00,1.243
2/10/2022 20:00,1.212
2/10/2022 21:00,1.228
2/10/2022 22:00,1.287
2/10/2022 23:00,1.369
2/11/2022 0:00,1.429
2/11/2022 1:00,1.468
2/11/2022 2:00,1.486
2/11/2022 3:00,1.491
2/11/2022 4:00,1.497
2/11/2022 5:00,1.502
2/11/2022 6:00,1.514
2/11/2022 7:00,1.526
2/11/2022 8:00,1.973
2/11/2022 9:00,2.026
2/11/2022 10:00,2.025
2/11/2022 11:00,1.905
2/11/2022 12:00,1.869
2/11/2022 13:00,1.981
2/11/2022 14:00,2.046
2/11/2022 15:00,1.985
2/11/2022 16:00,1.508
2/11/2022 17:00,1.45
2/11/2022 18:00,1.453
2/11/2022 19:00,1.432
2/11/2022 20:00,1.393
2/11/2022 21:00,1.399
2/11/2022 22:00,1.419
2/11/2022 23:00,1.458
2/12/2022 0:00,1.489
2/12/2022 1:00,1.518
2/12/2022 2:00,1.513
2/12/2022 3:00,1.5
2/12/2022 4:00,1.498
2/12/2022 5:00,1.497
2/12/2022 6:00,1.498
2/12/2022 7:00,1.525
2/12/2022 8:00,1.889
2/12/2022 9:00,1.959
2/12/2022 10:00,1.99
2/12/2022 11:00,2.009
2/12/2022 12:00,2.115
2/12/2022 13:00,2.23
2/12/2022 14:00,2.291
2/12/2022 15:00,2.242
2/12/2022 16:00,1.731
2/12/2022 17:00,1.559
2/12/2022 18:00,1.606
2/12/2022 19:00,1.6
2/12/2022 20:00,1.604
2/12/2022 21:00,1.616
2/12/2022 22:00,1.673
2/12/2022 23:00,1.745
2/13/2022 0:00,1.826
2/13/2022 1:00,1.908
2/13/2022 2:00,2.01
2/13/2022 3:00,2.098
2/13/2022 4:00,2.166
2/13/2022 5:00,2.243
2/13/2022 6:00,2.33
2/13/2022 7:00,2.618
2/13/2022 8:00,3.147
2/13/2022 9:00,3.54
2/13/2022 10:00,4.051
2/13/2022 11:00,4.429
2/13/2022 12:00,4.67
2/13/2022 13:00,4.783
2/13/2022 14:00,4.774
2/13/2022 15:00,4.617
2/13/2022 16:00,4.057
2/13/2022 17:00,3.394
2/13/2022 18:00,3.413
2/13/2022 19:00,3.479
2/13/2022 20:00,3.541
2/13/2022 21:00,3.565
2/13/2022 22:00,3.56
2/13/2022 23:00,3.468
2/14/2022 0:00,3.393
2/14/2022 1:00,3.218
2/14/2022 2:00,3.032
2/14/2022 3:00,2.917
2/14/2022 4:00,2.843
2/14/2022 5:00,2.81
2/14/2022 6:00,2.814
2/14/2022 7:00,3.137
2/14/2022 8:00,3.862
2/14/2022 9:00,4.492
2/14/2022 10:00,4.839
2/14/2022 11:00,4.976
2/14/2022 12:00,5.051
2/14/2022 13:00,5.059
2/14/2022 14:00,4.989
2/14/2022 15:00,4.804
2/14/2022 16:00,4.187
2/14/2022 17:00,3.211
2/14/2022 18:00,3.084
2/14/2022 19:00,3.147
2/14/2022 20:00,3.146
2/14/2022 21:00,3.133
2/14/2022 22:00,3.135
2/14/2022 23:00,3.17
2/15/2022 0:00,3.147
2/15/2022 1:00,3.1
2/15/2022 2:00,3.056
2/15/2022 3:00,2.979
2/15/2022 4:00,2.88
2/15/2022 5:00,2.824
2/15/2022 6:00,2.816
2/15/2022 7:00,3.014
2/15/2022 8:00,3.421
2/15/2022 9:00,3.307
2/15/2022 10:00,3.363
2/15/2022 11:00,3.382
2/15/2022 12:00,3.428
2/15/2022 13:00,3.446
2/15/2022 14:00,3.429
2/15/2022 15:00,3.273
2/15/2022 16:00,2.491
2/15/2022 17:00,2.099
2/15/2022 18:00,2.18
2/15/2022 19:00,2.283
2/15/2022 20:00,2.389
2/15/2022 21:00,2.493
2/15/2022 22:00,2.606
2/15/2022 23:00,2.695
2/16/2022 0:00,2.777
2/16/2022 1:00,2.858
2/16/2022 2:00,2.919
2/16/2022 3:00,2.928
2/16/2022 4:00,2.903
2/16/2022 5:00,2.908
2/16/2022 6:00,2.939
2/16/2022 7:00,3.101
2/16/2022 8:00,3.615
2/16/2022 9:00,4.085
2/16/2022 10:00,4.218
2/16/2022 11:00,4.108
2/16/2022 12:00,3.982
2/16/2022 13:00,3.9
2/16/2022 14:00,3.826
2/16/2022 15:00,3.629
2/16/2022 16:00,2.948
2/16/2022 17:00,2.334
2/16/2022 18:00,2.435
2/16/2022 19:00,2.602
2/16/2022 20:00,2.743
2/16/2022 21:00,2.863
2/16/2022 22:00,2.937
2/16/2022 23:00,2.971
2/17/2022 0:00,2.96
2/17/2022 1:00,2.943
2/17/2022 2:00,2.942
2/17/2022 3:00,2.916
2/17/2022 4:00,2.832
2/17/2022 5:00,2.71
2/17/2022 6:00,2.597
2/17/2022 7:00,2.627
2/17/2022 8:00,2.936
2/17/2022 9:00,2.694
2/17/2022 10:00,2.389
2/17/2022 11:00,2.138
2/17/2022 12:00,1.936
2/17/2022 13:00,1.84
2/17/2022 14:00,1.779
2/17/2022 15:00,1.711
2/17/2022 16:00,1.359
2/17/2022 17:00,1.312
2/17/2022 18:00,1.34
2/17/2022 19:00,1.331
2/17/2022 20:00,1.31
2/17/2022 21:00,1.298
2/17/2022 22:00,1.348
2/17/2022 23:00,1.421
2/18/2022 0:00,1.47
2/18/2022 1:00,1.498
2/18/2022 2:00,1.566
2/18/2022 3:00,1.659
2/18/2022 4:00,1.758
2/18/2022 5:00,1.828
2/18/2022 6:00,1.871
2/18/2022 7:00,1.849
2/18/2022 8:00,2.237
2/18/2022 9:00,2.367
2/18/2022 10:00,2.869
2/18/2022 11:00,3.158
2/18/2022 12:00,3.374
2/18/2022 13:00,3.523
2/18/2022 14:00,3.535
2/18/2022 15:00,3.398
2/18/2022 16:00,2.749
2/18/2022 17:00,2.334
2/18/2022 18:00,2.3
2/18/2022 19:00,2.218
2/18/2022 20:00,2.263
2/18/2022 21:00,2.438
2/18/2022 22:00,2.636
2/18/2022 23:00,2.765
2/19/2022 0:00,2.912
2/19/2022 1:00,3.027
2/19/2022 2:00,3.156
2/19/2022 3:00,3.221
2/19/2022 4:00,3.224
2/19/2022 5:00,3.313
2/19/2022 6:00,3.353
2/19/2022 7:00,3.517
2/19/2022 8:00,3.95
2/19/2022 9:00,4.268
2/19/2022 10:00,4.271
2/19/2022 11:00,4.113
2/19/2022 12:00,3.946
2/19/2022 13:00,3.813
2/19/2022 14:00,3.692
2/19/2022 15:00,3.553
2/19/2022 16:00,3.116
2/19/2022 17:00,2.429
2/19/2022 18:00,2.409
2/19/2022 19:00,2.454
2/19/2022 20:00,2.47
2/19/2022 21:00,2.447
2/19/2022 22:00,2.425
2/19/2022 23:00,2.388
2/20/2022 0:00,2.388
2/20/2022 1:00,2.421
2/20/2022 2:00,2.455
2/20/2022 3:00,2.481
2/20/2022 4:00,2.511
2/20/2022 5:00,2.524
2/20/2022 6:00,2.5
2/20/2022 7:00,2.705
2/20/2022 8:00,2.974
2/20/2022 9:00,2.83
2/20/2022 10:00,2.857
2/20/2022 11:00,2.773
2/20/2022 12:00,2.721
2/20/2022 13:00,2.729
2/20/2022 14:00,2.779
2/20/2022 15:00,2.739
2/20/2022 16:00,2.306
2/20/2022 17:00,1.942
2/20/2022 18:00,1.987
2/20/2022 19:00,2.013
2/20/2022 20:00,2.017
2/20/2022 21:00,2.025
2/20/2022 22:00,2.018
2/20/2022 23:00,2.044
2/21/2022 0:00,2.117
2/21/2022 1:00,2.161
2/21/2022 2:00,2.182
2/21/2022 3:00,2.207
2/21/2022 4:00,2.256
2/21/2022 5:00,2.311
2/21/2022 6:00,2.361
2/21/2022 7:00,2.649
2/21/2022 8:00,3.194
2/21/2022 9:00,3.291
2/21/2022 10:00,3.347
2/21/2022 11:00,3.251
2/21/2022 12:00,3.256
2/21/2022 13:00,3.342
2/21/2022 14:00,3.421
2/21/2022 15:00,3.384
2/21/2022 16:00,2.743
2/21/2022 17:00,2.157
2/21/2022 18:00,2.134
2/21/2022 19:00,2.156
2/21/2022 20:00,2.216
2/21/2022 21:00,2.303
2/21/2022 22:00,2.41
2/21/2022 23:00,2.519
2/22/2022 0:00,2.628
2/22/2022 1:00,2.696
2/22/2022 2:00,2.74
2/22/2022 3:00,2.732
2/22/2022 4:00,2.707
2/22/2022 5:00,2.659
2/22/2022 6:00,2.585
2/22/2022 7:00,2.691
2/22/2022 8:00,2.907
2/22/2022 9:00,2.656
2/22/2022 10:00,2.608
2/22/2022 11:00,2.5
2/22/2022 12:00,2.435
2/22/2022 13:00,2.408
2/22/2022 14:00,2.394
2/22/2022 15:00,2.329
2/22/2022 16:00,1.792
2/22/2022 17:00,1.623
2/22/2022 18:00,1.643
2/22/2022 19:00,1.591
2/22/2022 20:00,1.54
2/22/2022 21:00,1.619
2/22/2022 22:00,1.738
2/22/2022 23:00,1.841
2/23/2022 0:00,1.886
2/23/2022 1:00,1.9
2/23/2022 2:00,1.904
2/23/2022 3:00,1.936
2/23/2022 4:00,1.964
2/23/2022 5:00,1.968
2/23/2022 6:00,1.939
2/23/2022 7:00,1.992
2/23/2022 8:00,2.534
2/23/2022 9:00,2.762
2/23/2022 10:00,2.747
2/23/2022 11:00,2.712
2/23/2022 12:00,2.593
2/23/2022 13:00,2.466
2/23/2022 14:00,2.396
2/23/2022 15:00,2.316
2/23/2022 16:00,2.004
2/23/2022 17:00,1.855
2/23/2022 18:00,1.895
2/23/2022 19:00,1.881
2/23/2022 20:00,1.852
2/23/2022 21:00,1.79
2/23/2022 22:00,1.716
2/23/2022 23:00,1.658
2/24/2022 0:00,1.667
2/24/2022 1:00,1.673
2/24/2022 2:00,1.695
2/24/2022 3:00,1.769
2/24/2022 4:00,1.783
2/24/2022 5:00,1.778
2/24/2022 6:00,1.761
2/24/2022 7:00,1.764
2/24/2022 8:00,2.278
2/24/2022 9:00,2.487
2/24/2022 10:00,2.566
2/24/2022 11:00,2.362
2/24/2022 12:00,2.246
2/24/2022 13:00,2.328
2/24/2022 14:00,2.38
2/24/2022 15:00,2.361
2/24/2022 16:00,2.107
2/24/2022 17:00,1.843
2/24/2022 18:00,1.843
2/24/2022 19:00,1.845
2/24/2022 20:00,1.958
2/24/2022 21:00,2.148
2/24/2022 22:00,2.339
2/24/2022 23:00,2.477
2/25/2022 0:00,2.575
2/25/2022 1:00,2.614
2/25/2022 2:00,2.679
2/25/2022 3:00,2.72
2/25/2022 4:00,2.735
2/25/2022 5:00,2.748
2/25/2022 6:00,2.814
2/25/2022 7:00,3.072
2/25/2022 8:00,3.424
2/25/2022 9:00,3.751
2/25/2022 10:00,3.962
2/25/2022 11:00,4.091
2/25/2022 12:00,4.103
2/25/2022 13:00,4.054
2/25/2022 14:00,4.005
2/25/2022 15:00,3.888
2/25/2022 16:00,3.511
2/25/2022 17:00,2.988
2/25/2022 18:00,2.918
2/25/2022 19:00,2.918
2/25/2022 20:00,2.894
2/25/2022 21:00,2.88
2/25/2022 22:00,2.913
2/25/2022 23:00,2.905
2/26/2022 0:00,2.882
2/26/2022 1:00,2.922
2/26/2022 2:00,3.007
2/26/2022 3:00,3.092
2/26/2022 4:00,3.138
2/26/2022 5:00,3.176
2/26/2022 6:00,3.209
2/26/2022 7:00,3.606
2/26/2022 8:00,4.266
2/26/2022 9:00,4.609
2/26/2022 10:00,4.68
2/26/2022 11:00,4.521
2/26/2022 12:00,4.305
2/26/2022 13:00,4.085
2/26/2022 14:00,3.895
2/26/2022 15:00,3.709
2/26/2022 16:00,3.268
2/26/2022 17:00,2.574
2/26/2022 18:00,2.513
2/26/2022 19:00,2.534
2/26/2022 20:00,2.511
2/26/2022 21:00,2.468
2/26/2022 22:00,2.409
2/26/2022 23:00,2.379
2/27/2022 0:00,2.365
2/27/2022 1:00,2.339
2/27/2022 2:00,2.29
2/27/2022 3:00,2.235
2/27/2022 4:00,2.147
2/27/2022 5:00,2
2/27/2022 6:00,1.889
2/27/2022 7:00,2.027
2/27/2022 8:00,2.332
2/27/2022 9:00,2.431
2/27/2022 10:00,2.43
2/27/2022 11:00,2.395
2/27/2022 12:00,2.357
2/27/2022 13:00,2.405
2/27/2022 14:00,2.494
2/27/2022 15:00,2.523
2/27/2022 16:00,2.377
2/27/2022 17:00,1.847
2/27/2022 18:00,1.824
2/27/2022 19:00,1.8
2/27/2022 20:00,1.76
2/27/2022 21:00,1.73
2/27/2022 22:00,1.705
2/27/2022 23:00,1.7
2/28/2022 0:00,1.737
2/28/2022 1:00,1.776
2/28/2022 2:00,1.83
2/28/2022 3:00,1.867
2/28/2022 4:00,1.915
2/28/2022 5:00,1.962
2/28/2022 6:00,1.989
2/28/2022 7:00,2.246
2/28/2022 8:00,2.558
2/28/2022 9:00,2.426
2/28/2022 10:00,2.272
2/28/2022 11:00,2.158
2/28/2022 12:00,2.143
2/28/2022 13:00,2.196
2/28/2022 14:00,2.29
2/28/2022 15:00,2.365
2/28/2022 16:00,2.286
2/28/2022 17:00,1.957
2/28/2022 18:00,2.002
2/28/2022 19:00,2.014
2/28/2022 20:00,2.041
2/28/2022 21:00,2.065
2/28/2022 22:00,2.083
2/28/2022 23:00,2.079
3/1/2022 0:00,2.029
3/1/2022 1:00,1.978
3/1/2022 2:00,1.948
3/1/2022 3:00,1.936
3/1/2022 4:00,1.934
3/1/2022 5:00,1.937
3/1/2022 6:00,1.939
3/1/2022 7:00,2.071
3/1/2022 8:00,2.203
3/1/2022 9:00,2.145
3/1/2022 10:00,2.424
3/1/2022 11:00,2.649
3/1/2022 12:00,2.804
3/1/2022 13:00,2.893
3/1/2022 14:00,2.929
3/1/2022 15:00,2.892
3/1/2022 16:00,2.57
3/1/2022 17:00,2.079
3/1/2022 18:00,2.045
3/1/2022 19:00,1.975
3/1/2022 20:00,1.904
3/1/2022 21:00,1.826
3/1/2022 22:00,1.762
3/1/2022 23:00,1.749
3/2/2022 0:00,1.781
3/2/2022 1:00,1.825
3/2/2022 2:00,1.872
3/2/2022 3:00,1.883
3/2/2022 4:00,1.883
3/2/2022 5:00,1.899
3/2/2022 6:00,1.94
3/2/2022 7:00,2.252
3/2/2022 8:00,2.744
3/2/2022 9:00,3.052
3/2/2022 10:00,3.235
3/2/2022 11:00,3.369
3/2/2022 12:00,3.543
3/2/2022 13:00,3.702
3/2/2022 14:00,3.765
3/2/2022 15:00,3.641
3/2/2022 16:00,3.196
3/2/2022 17:00,2.293
3/2/2022 18:00,2.115
3/2/2022 19:00,2.092
3/2/2022 20:00,2.109
3/2/2022 21:00,2.138
3/2/2022 22:00,2.161
3/2/2022 23:00,2.188
3/3/2022 0:00,2.247
3/3/2022 1:00,2.311
3/3/2022 2:00,2.368
3/3/2022 3:00,2.319
3/3/2022 4:00,2.207
3/3/2022 5:00,2.088
3/3/2022 6:00,1.922
3/3/2022 7:00,2.067
3/3/2022 8:00,2.098
3/3/2022 9:00,2.462
3/3/2022 10:00,2.885
3/3/2022 11:00,3.234
3/3/2022 12:00,3.544
3/3/2022 13:00,3.782
3/3/2022 14:00,3.946
3/3/2022 15:00,3.973
3/3/2022 16:00,3.784
3/3/2022 17:00,3.395
3/3/2022 18:00,3.44
3/3/2022 19:00,3.66
3/3/2022 20:00,3.687
3/3/2022 21:00,3.706
3/3/2022 22:00,3.692
3/3/2022 23:00,3.732
3/4/2022 0:00,3.826
3/4/2022 1:00,3.973
3/4/2022 2:00,4.202
3/4/2022 3:00,4.441
3/4/2022 4:00,4.547
3/4/2022 5:00,4.588
3/4/2022 6:00,4.581
3/4/2022 7:00,4.753
3/4/2022 8:00,5.068
3/4/2022 9:00,5.258
3/4/2022 10:00,5.092
3/4/2022 11:00,4.833
3/4/2022 12:00,4.614
3/4/2022 13:00,4.455
3/4/2022 14:00,4.335
3/4/2022 15:00,4.183
3/4/2022 16:00,3.776
3/4/2022 17:00,2.773
3/4/2022 18:00,2.557
3/4/2022 19:00,2.615
3/4/2022 20:00,2.616
3/4/2022 21:00,2.624
3/4/2022 22:00,2.587
3/4/2022 23:00,2.491
3/5/2022 0:00,2.37
3/5/2022 1:00,2.235
3/5/2022 2:00,2.136
3/5/2022 3:00,2.129
3/5/2022 4:00,2.139
3/5/2022 5:00,2.136
3/5/2022 6:00,2.121
3/5/2022 7:00,2.508
3/5/2022 8:00,2.485
3/5/2022 9:00,2.244
3/5/2022 10:00,2.276
3/5/2022 11:00,2.438
3/5/2022 12:00,2.577
3/5/2022 13:00,2.674
3/5/2022 14:00,2.714
3/5/2022 15:00,2.69
3/5/2022 16:00,2.556
3/5/2022 17:00,2.037
3/5/2022 18:00,1.979
3/5/2022 19:00,1.994
3/5/2022 20:00,1.982
3/5/2022 21:00,2.008
3/5/2022 22:00,2.088
3/5/2022 23:00,2.155
3/6/2022 0:00,2.176
3/6/2022 1:00,2.133
3/6/2022 2:00,2.079
3/6/2022 3:00,2.125
3/6/2022 4:00,2.192
3/6/2022 5:00,2.314
3/6/2022 6:00,2.436
3/6/2022 7:00,3.032
3/6/2022 8:00,3.441
3/6/2022 9:00,3.506
3/6/2022 10:00,3.312
3/6/2022 11:00,3.105
3/6/2022 12:00,2.913
3/6/2022 13:00,2.748
3/6/2022 14:00,2.602
3/6/2022 15:00,2.484
3/6/2022 16:00,2.349
3/6/2022 17:00,1.9
3/6/2022 18:00,1.837
3/6/2022 19:00,1.831
3/6/2022 20:00,1.815
3/6/2022 21:00,1.807
3/6/2022 22:00,1.788
3/6/2022 23:00,1.753
3/7/2022 0:00,1.707
3/7/2022 1:00,1.691
3/7/2022 2:00,1.716
3/7/2022 3:00,1.77
3/7/2022 4:00,1.821
3/7/2022 5:00,1.891
3/7/2022 6:00,1.905
3/7/2022 7:00,2.219
3/7/2022 8:00,2.457
3/7/2022 9:00,2.504
3/7/2022 10:00,2.563
3/7/2022 11:00,2.681
3/7/2022 12:00,2.846
3/7/2022 13:00,3.005
3/7/2022 14:00,3.113
3/7/2022 15:00,3.139
3/7/2022 16:00,2.919
3/7/2022 17:00,2.168
3/7/2022 18:00,2.064
3/7/2022 19:00,2.17
3/7/2022 20:00,2.303
3/7/2022 21:00,2.409
3/7/2022 22:00,2.469
3/7/2022 23:00,2.407
3/8/2022 0:00,2.331
3/8/2022 1:00,2.208
3/8/2022 2:00,2.187
3/8/2022 3:00,2.176
3/8/2022 4:00,2.122
3/8/2022 5:00,2.081
3/8/2022 6:00,2.054
3/8/2022 7:00,2.442
3/8/2022 8:00,2.932
3/8/2022 9:00,3.22
3/8/2022 10:00,3.266
3/8/2022 11:00,3.215
3/8/2022 12:00,3.155
3/8/2022 13:00,3.046
3/8/2022 14:00,2.893
3/8/2022 15:00,2.685
3/8/2022 16:00,2.274
3/8/2022 17:00,1.546
3/8/2022 18:00,1.48
3/8/2022 19:00,1.493
3/8/2022 20:00,1.516
3/8/2022 21:00,1.507
3/8/2022 22:00,1.557
3/8/2022 23:00,1.647
3/9/2022 0:00,1.675
3/9/2022 1:00,1.735
3/9/2022 2:00,1.782
3/9/2022 3:00,1.779
3/9/2022 4:00,1.852
3/9/2022 5:00,1.884
3/9/2022 6:00,1.901
3/9/2022 7:00,2.239
3/9/2022 8:00,2.359
3/9/2022 9:00,2.512
3/9/2022 10:00,2.776
3/9/2022 11:00,2.927
3/9/2022 12:00,3.031
3/9/2022 13:00,3.077
3/9/2022 14:00,3.066
3/9/2022 15:00,2.943
3/9/2022 16:00,2.617
3/9/2022 17:00,1.905
3/9/2022 18:00,1.832
3/9/2022 19:00,1.829
3/9/2022 20:00,1.827
3/9/2022 21:00,1.829
3/9/2022 22:00,1.811
3/9/2022 23:00,1.791
3/10/2022 0:00,1.764
3/10/2022 1:00,1.748
3/10/2022 2:00,1.757
3/10/2022 3:00,1.749
3/10/2022 4:00,1.728
3/10/2022 5:00,1.74
3/10/2022 6:00,1.765
3/10/2022 7:00,2.177
3/10/2022 8:00,2.471
3/10/2022 9:00,2.709
3/10/2022 10:00,3.081
3/10/2022 11:00,3.253
3/10/2022 12:00,3.345
3/10/2022 13:00,3.378
3/10/2022 14:00,3.343
3/10/2022 15:00,3.204
3/10/2022 16:00,2.923
3/10/2022 17:00,2.242
3/10/2022 18:00,2.118
3/10/2022 19:00,2.144
3/10/2022 20:00,2.112
3/10/2022 21:00,2.164
3/10/2022 22:00,2.271
3/10/2022 23:00,2.392
3/11/2022 0:00,2.527
3/11/2022 1:00,2.659
3/11/2022 2:00,2.756
3/11/2022 3:00,2.718
3/11/2022 4:00,2.66
3/11/2022 5:00,2.749
3/11/2022 6:00,2.807
3/11/2022 7:00,3.038
3/11/2022 8:00,3.24
3/11/2022 9:00,3.506
3/11/2022 10:00,3.683
3/11/2022 11:00,3.854
3/11/2022 12:00,3.954
3/11/2022 13:00,3.968
3/11/2022 14:00,3.79
3/11/2022 15:00,3.396
3/11/2022 16:00,2.749
3/11/2022 17:00,2.132
3/11/2022 18:00,1.889
3/11/2022 19:00,1.789
3/11/2022 20:00,1.728
3/11/2022 21:00,1.716
3/11/2022 22:00,1.783
3/11/2022 23:00,1.902
3/12/2022 0:00,2.073
3/12/2022 1:00,2.193
3/12/2022 2:00,2.311
3/12/2022 3:00,2.314
3/12/2022 4:00,2.329
3/12/2022 5:00,2.388
3/12/2022 6:00,2.442
3/12/2022 7:00,2.793
3/12/2022 8:00,3.048
3/12/2022 9:00,3.348
3/12/2022 10:00,3.576
3/12/2022 11:00,3.702
3/12/2022 12:00,3.779
3/12/2022 13:00,3.891
3/12/2022 14:00,3.995
3/12/2022 15:00,3.986
3/12/2022 16:00,3.742
3/12/2022 17:00,3.098
3/12/2022 18:00,2.882
3/12/2022 19:00,2.853
3/12/2022 20:00,2.784
3/12/2022 21:00,2.749
3/12/2022 22:00,2.645
3/12/2022 23:00,2.574
3/13/2022 0:00,2.573
3/13/2022 1:00,2.531
3/13/2022 2:00,2.425
3/13/2022 3:00,2.324
3/13/2022 4:00,2.193
3/13/2022 5:00,2.138
3/13/2022 6:00,2.091
3/13/2022 7:00,2.541
3/13/2022 8:00,2.875
3/13/2022 9:00,2.93
3/13/2022 10:00,2.785
3/13/2022 11:00,2.571
3/13/2022 12:00,2.4
3/13/2022 13:00,2.214
3/13/2022 14:00,2.13
3/13/2022 15:00,2.112
3/13/2022 16:00,1.968
3/13/2022 17:00,1.55
3/13/2022 18:00,1.534
3/13/2022 19:00,1.6
3/13/2022 20:00,1.779
3/13/2022 21:00,2.065
3/13/2022 22:00,2.358
3/13/2022 23:00,2.649
3/14/2022 0:00,2.975
3/14/2022 1:00,3.369
3/14/2022 2:00,3.797
3/14/2022 3:00,4.202
3/14/2022 4:00,4.478
3/14/2022 5:00,4.696
3/14/2022 6:00,4.92
3/14/2022 7:00,5.193
3/14/2022 8:00,5.423
3/14/2022 9:00,5.681
3/14/2022 10:00,5.829
3/14/2022 11:00,5.905
3/14/2022 12:00,5.915
3/14/2022 13:00,5.794
3/14/2022 14:00,5.602
3/14/2022 15:00,5.34
3/14/2022 16:00,5.008
3/14/2022 17:00,4.702
3/14/2022 18:00,4.681
3/14/2022 19:00,4.64
3/14/2022 20:00,4.54
3/14/2022 21:00,4.345
3/14/2022 22:00,4.213
3/14/2022 23:00,4.186
3/15/2022 0:00,4.127
3/15/2022 1:00,4.016
3/15/2022 2:00,3.914
3/15/2022 3:00,3.907
3/15/2022 4:00,3.989
3/15/2022 5:00,4.077
3/15/2022 6:00,4.172
3/15/2022 7:00,4.561
3/15/2022 8:00,4.718
3/15/2022 9:00,4.756
3/15/2022 10:00,5.001
3/15/2022 11:00,5.182
3/15/2022 12:00,5.213
3/15/2022 13:00,5.186
3/15/2022 14:00,5.12
3/15/2022 15:00,4.936
3/15/2022 16:00,4.682
3/15/2022 17:00,4.48
3/15/2022 18:00,4.403
3/15/2022 19:00,4.296
3/15/2022 20:00,4.218
3/15/2022 21:00,4.129
3/15/2022 22:00,3.98
3/15/2022 23:00,3.796
3/16/2022 0:00,3.644
3/16/2022 1:00,3.522
3/16/2022 2:00,3.452
3/16/2022 3:00,3.507
3/16/2022 4:00,3.61
3/16/2022 5:00,3.604
3/16/2022 6:00,3.662
3/16/2022 7:00,3.849
3/16/2022 8:00,4.129
3/16/2022 9:00,4.336
3/16/2022 10:00,4.415
3/16/2022 11:00,4.452
3/16/2022 12:00,4.458
3/16/2022 13:00,4.448
3/16/2022 14:00,4.432
3/16/2022 15:00,4.217
3/16/2022 16:00,3.87
3/16/2022 17:00,3.513
3/16/2022 18:00,3.491
3/16/2022 19:00,3.696
3/16/2022 20:00,3.882
3/16/2022 21:00,3.98
3/16/2022 22:00,4.048
3/16/2022 23:00,4.142
3/17/2022 0:00,4.289
3/17/2022 1:00,4.39
3/17/2022 2:00,4.532
3/17/2022 3:00,4.602
3/17/2022 4:00,4.615
3/17/2022 5:00,4.62
3/17/2022 6:00,4.63
3/17/2022 7:00,4.846
3/17/2022 8:00,5.277
3/17/2022 9:00,5.812
3/17/2022 10:00,5.994
3/17/2022 11:00,5.963
3/17/2022 12:00,5.876
3/17/2022 13:00,5.743
3/17/2022 14:00,5.613
3/17/2022 15:00,5.434
3/17/2022 16:00,5.064
3/17/2022 17:00,4.485
3/17/2022 18:00,4.161
3/17/2022 19:00,4.212
3/17/2022 20:00,4.206
3/17/2022 21:00,4.168
3/17/2022 22:00,4.118
3/17/2022 23:00,4.019
3/18/2022 0:00,3.926
3/18/2022 1:00,3.823
3/18/2022 2:00,3.715
3/18/2022 3:00,3.665
3/18/2022 4:00,3.66
3/18/2022 5:00,3.614
3/18/2022 6:00,3.645
3/18/2022 7:00,4.062
3/18/2022 8:00,4.426
3/18/2022 9:00,4.56
3/18/2022 10:00,4.47
3/18/2022 11:00,4.344
3/18/2022 12:00,4.232
3/18/2022 13:00,4.118
3/18/2022 14:00,4.003
3/18/2022 15:00,3.883
3/18/2022 16:00,3.655
3/18/2022 17:00,3.019
3/18/2022 18:00,2.792
3/18/2022 19:00,2.821
3/18/2022 20:00,2.859
3/18/2022 21:00,2.91
3/18/2022 22:00,2.918
3/18/2022 23:00,2.922
3/19/2022 0:00,2.946
3/19/2022 1:00,2.974
3/19/2022 2:00,3.02
3/19/2022 3:00,3.038
3/19/2022 4:00,3.103
3/19/2022 5:00,3.195
3/19/2022 6:00,3.363
3/19/2022 7:00,3.95
3/19/2022 8:00,4.29
3/19/2022 9:00,4.45
3/19/2022 10:00,4.33
3/19/2022 11:00,4.143
3/19/2022 12:00,3.99
3/19/2022 13:00,3.888
3/19/2022 14:00,3.819
3/19/2022 15:00,3.784
3/19/2022 16:00,3.656
3/19/2022 17:00,2.953
3/19/2022 18:00,2.683
3/19/2022 19:00,2.817
3/19/2022 20:00,2.926
3/19/2022 21:00,3.052
3/19/2022 22:00,3.17
3/19/2022 23:00,3.241
3/20/2022 0:00,3.252
3/20/2022 1:00,3.245
3/20/2022 2:00,3.304
3/20/2022 3:00,3.36
3/20/2022 4:00,3.374
3/20/2022 5:00,3.391
3/20/2022 6:00,3.534
3/20/2022 7:00,4.197
3/20/2022 8:00,4.721
3/20/2022 9:00,5.038
3/20/2022 10:00,5.093
3/20/2022 11:00,5.061
3/20/2022 12:00,5.024
3/20/2022 13:00,5.014
3/20/2022 14:00,5.028
3/20/2022 15:00,4.965
3/20/2022 16:00,4.726
3/20/2022 17:00,4.136
3/20/2022 18:00,3.798
3/20/2022 19:00,3.876
3/20/2022 20:00,3.871
3/20/2022 21:00,3.799
3/20/2022 22:00,3.79
3/20/2022 23:00,3.712
3/21/2022 0:00,3.632
3/21/2022 1:00,3.527
3/21/2022 2:00,3.484
3/21/2022 3:00,3.577
3/21/2022 4:00,3.546
3/21/2022 5:00,3.457
3/21/2022 6:00,3.568
3/21/2022 7:00,4.038
3/21/2022 8:00,4.606
3/21/2022 9:00,5.027
3/21/2022 10:00,5.143
3/21/2022 11:00,5.108
3/21/2022 12:00,4.988
3/21/2022 13:00,4.843
3/21/2022 14:00,4.68
3/21/2022 15:00,4.432
3/21/2022 16:00,4.147
3/21/2022 17:00,3.684
3/21/2022 18:00,3.484
3/21/2022 19:00,3.64
3/21/2022 20:00,3.69
3/21/2022 21:00,3.656
3/21/2022 22:00,3.637
3/21/2022 23:00,3.584
3/22/2022 0:00,3.532
3/22/2022 1:00,3.535
3/22/2022 2:00,3.506
3/22/2022 3:00,3.492
3/22/2022 4:00,3.576
3/22/2022 5:00,3.656
3/22/2022 6:00,3.83
3/22/2022 7:00,4.249
3/22/2022 8:00,4.721
3/22/2022 9:00,5.046
3/22/2022 10:00,5.151
3/22/2022 11:00,5.126
3/22/2022 12:00,5.061
3/22/2022 13:00,4.998
3/22/2022 14:00,4.954
3/22/2022 15:00,4.889
3/22/2022 16:00,4.671
3/22/2022 17:00,4.059
3/22/2022 18:00,3.675
3/22/2022 19:00,3.824
3/22/2022 20:00,3.979
3/22/2022 21:00,3.995
3/22/2022 22:00,3.978
3/22/2022 23:00,3.953
3/23/2022 0:00,3.916
3/23/2022 1:00,3.895
3/23/2022 2:00,3.908
3/23/2022 3:00,3.997
3/23/2022 4:00,4.096
3/23/2022 5:00,4.205
3/23/2022 6:00,4.44
3/23/2022 7:00,5.01
3/23/2022 8:00,5.582
3/23/2022 9:00,5.856
3/23/2022 10:00,5.856
3/23/2022 11:00,5.806
3/23/2022 12:00,5.743
3/23/2022 13:00,5.641
3/23/2022 14:00,5.506
3/23/2022 15:00,5.319
3/23/2022 16:00,5
3/23/2022 17:00,4.327
3/23/2022 18:00,3.842
3/23/2022 19:00,3.899
3/23/2022 20:00,3.982
3/23/2022 21:00,4.035
3/23/2022 22:00,4.241
3/23/2022 23:00,4.354
3/24/2022 0:00,4.323
3/24/2022 1:00,4.269
3/24/2022 2:00,4.235
3/24/2022 3:00,4.135
3/24/2022 4:00,4.009
3/24/2022 5:00,3.913
3/24/2022 6:00,3.977
3/24/2022 7:00,4.338
3/24/2022 8:00,4.701
3/24/2022 9:00,4.936
3/24/2022 10:00,5.076
3/24/2022 11:00,5.157
3/24/2022 12:00,5.158
3/24/2022 13:00,5.028
3/24/2022 14:00,4.824
3/24/2022 15:00,4.582
3/24/2022 16:00,4.341
3/24/2022 17:00,3.91
3/24/2022 18:00,3.745
3/24/2022 19:00,3.853
3/24/2022 20:00,3.921
3/24/2022 21:00,3.941
3/24/2022 22:00,3.921
3/24/2022 23:00,3.908
3/25/2022 0:00,3.872
3/25/2022 1:00,3.831
3/25/2022 2:00,3.824
3/25/2022 3:00,3.823
3/25/2022 4:00,3.787
3/25/2022 5:00,3.748
3/25/2022 6:00,3.835
3/25/2022 7:00,4.181
3/25/2022 8:00,4.471
3/25/2022 9:00,4.668
3/25/2022 10:00,4.766
3/25/2022 11:00,4.754
3/25/2022 12:00,4.74
3/25/2022 13:00,4.7
3/25/2022 14:00,4.593
3/25/2022 15:00,4.425
3/25/2022 16:00,4.111
3/25/2022 17:00,3.561
3/25/2022 18:00,3.251
3/25/2022 19:00,3.248
3/25/2022 20:00,3.217
3/25/2022 21:00,3.218
3/25/2022 22:00,3.185
3/25/2022 23:00,3.135
3/26/2022 0:00,3.106
3/26/2022 1:00,3.105
3/26/2022 2:00,3.097
3/26/2022 3:00,3.09
3/26/2022 4:00,3.05
3/26/2022 5:00,3.054
3/26/2022 6:00,3.159
3/26/2022 7:00,3.538
3/26/2022 8:00,3.755
3/26/2022 9:00,3.932
3/26/2022 10:00,3.865
3/26/2022 11:00,3.76
3/26/2022 12:00,3.675
3/26/2022 13:00,3.606
3/26/2022 14:00,3.544
3/26/2022 15:00,3.477
3/26/2022 16:00,3.348
3/26/2022 17:00,2.918
3/26/2022 18:00,2.688
3/26/2022 19:00,2.742
3/26/2022 20:00,2.816
3/26/2022 21:00,2.805
3/26/2022 22:00,2.772
3/26/2022 23:00,2.752
3/27/2022 0:00,2.741
3/27/2022 1:00,2.768
3/27/2022 2:00,2.822
3/27/2022 3:00,2.828
3/27/2022 4:00,2.821
3/27/2022 5:00,2.868
3/27/2022 6:00,3.058
3/27/2022 7:00,3.657
3/27/2022 8:00,3.916
3/27/2022 9:00,4.054
3/27/2022 10:00,4.096
3/27/2022 11:00,4.112
3/27/2022 12:00,4.117
3/27/2022 13:00,4.097
3/27/2022 14:00,4.037
3/27/2022 15:00,3.926
3/27/2022 16:00,3.683
3/27/2022 17:00,2.817
3/27/2022 18:00,2.379
3/27/2022 19:00,2.432
3/27/2022 20:00,2.462
3/27/2022 21:00,2.511
3/27/2022 22:00,2.575
3/27/2022 23:00,2.614
3/28/2022 0:00,2.614
3/28/2022 1:00,2.646
3/28/2022 2:00,2.694
3/28/2022 3:00,2.735
3/28/2022 4:00,2.763
3/28/2022 5:00,2.773
3/28/2022 6:00,2.863
3/28/2022 7:00,3.286
3/28/2022 8:00,3.636
3/28/2022 9:00,3.919
3/28/2022 10:00,4.02
3/28/2022 11:00,3.959
3/28/2022 12:00,3.813
3/28/2022 13:00,3.624
3/28/2022 14:00,3.402
3/28/2022 15:00,3.114
3/28/2022 16:00,2.738
3/28/2022 17:00,2.091
3/28/2022 18:00,1.962
3/28/2022 19:00,1.967
3/28/2022 20:00,2.022
3/28/2022 21:00,2.039
3/28/2022 22:00,2.047
3/28/2022 23:00,1.996
3/29/2022 0:00,2.013
3/29/2022 1:00,2.004
3/29/2022 2:00,1.971
3/29/2022 3:00,1.994
3/29/2022 4:00,2.016
3/29/2022 5:00,1.98
3/29/2022 6:00,1.913
3/29/2022 7:00,2.181
3/29/2022 8:00,2.318
3/29/2022 9:00,2.505
3/29/2022 10:00,2.594
3/29/2022 11:00,2.559
3/29/2022 12:00,2.526
3/29/2022 13:00,2.603
3/29/2022 14:00,2.578
3/29/2022 15:00,2.581
3/29/2022 16:00,2.565
3/29/2022 17:00,2.243
3/29/2022 18:00,2.118
3/29/2022 19:00,2.187
3/29/2022 20:00,2.165
3/29/2022 21:00,2.155
3/29/2022 22:00,2.188
3/29/2022 23:00,2.234
3/30/2022 0:00,2.292
3/30/2022 1:00,2.364
3/30/2022 2:00,2.421
3/30/2022 3:00,2.412
3/30/2022 4:00,2.364
3/30/2022 5:00,2.376
3/30/2022 6:00,2.567
3/30/2022 7:00,3.113
3/30/2022 8:00,3.302
3/30/2022 9:00,3.392
3/30/2022 10:00,3.407
3/30/2022 11:00,3.466
3/30/2022 12:00,3.554
3/30/2022 13:00,3.649
3/30/2022 14:00,3.716
3/30/2022 15:00,3.725
3/30/2022 16:00,3.617
3/30/2022 17:00,3.075
3/30/2022 18:00,2.564
3/30/2022 19:00,2.616
3/30/2022 20:00,2.696
3/30/2022 21:00,2.799
3/30/2022 22:00,2.895
3/30/2022 23:00,2.949
3/31/2022 0:00,2.956
3/31/2022 1:00,2.937
3/31/2022 2:00,2.903
3/31/2022 3:00,2.859
3/31/2022 4:00,2.832
3/31/2022 5:00,2.83
3/31/2022 6:00,2.974
3/31/2022 7:00,3.446
3/31/2022 8:00,3.744
3/31/2022 9:00,3.946
3/31/2022 10:00,4.072
3/31/2022 11:00,4.199
3/31/2022 12:00,4.297
3/31/2022 13:00,4.357
3/31/2022 14:00,4.358
3/31/2022 15:00,4.327
3/31/2022 16:00,4.191
3/31/2022 17:00,3.644
3/31/2022 18:00,3.162
3/31/2022 19:00,3.282
3/31/2022 20:00,3.44
3/31/2022 21:00,3.533
3/31/2022 22:00,3.516
3/31/2022 23:00,3.454
4/1/2022 0:00,3.569
4/1/2022 1:00,3.665
4/1/2022 2:00,3.808
4/1/2022 3:00,4.015
4/1/2022 4:00,4.066
4/1/2022 5:00,4.041
4/1/2022 6:00,4.296
4/1/2022 7:00,5.063
4/1/2022 8:00,5.544
4/1/2022 9:00,5.605
4/1/2022 10:00,5.481
4/1/2022 11:00,5.284
4/1/2022 12:00,5.103
4/1/2022 13:00,5.002
4/1/2022 14:00,4.985
4/1/2022 15:00,4.977
4/1/2022 16:00,4.863
4/1/2022 17:00,4.233
4/1/2022 18:00,3.248
4/1/2022 19:00,3.121
4/1/2022 20:00,3.139
4/1/2022 21:00,3.163
4/1/2022 22:00,3.166
4/1/2022 23:00,3.192
4/2/2022 0:00,3.224
4/2/2022 1:00,3.259
4/2/2022 2:00,3.305
4/2/2022 3:00,3.361
4/2/2022 4:00,3.434
4/2/2022 5:00,3.468
4/2/2022 6:00,3.794
4/2/2022 7:00,4.505
4/2/2022 8:00,4.983
4/2/2022 9:00,4.901
4/2/2022 10:00,4.563
4/2/2022 11:00,4.21
4/2/2022 12:00,3.942
4/2/2022 13:00,3.752
4/2/2022 14:00,3.658
4/2/2022 15:00,3.649
4/2/2022 16:00,3.641
4/2/2022 17:00,3.298
4/2/2022 18:00,2.585
4/2/2022 19:00,2.581
4/2/2022 20:00,2.557
4/2/2022 21:00,2.533
4/2/2022 22:00,2.536
4/2/2022 23:00,2.536
4/3/2022 0:00,2.517
4/3/2022 1:00,2.494
4/3/2022 2:00,2.514
4/3/2022 3:00,2.547
4/3/2022 4:00,2.58
4/3/2022 5:00,2.615
4/3/2022 6:00,2.96
4/3/2022 7:00,3.52
4/3/2022 8:00,3.852
4/3/2022 9:00,3.999
4/3/2022 10:00,4.042
4/3/2022 11:00,4.067
4/3/2022 12:00,4.122
4/3/2022 13:00,4.202
4/3/2022 14:00,4.312
4/3/2022 15:00,4.442
4/3/2022 16:00,4.514
4/3/2022 17:00,4.255
4/3/2022 18:00,3.668
4/3/2022 19:00,3.653
4/3/2022 20:00,3.706
4/3/2022 21:00,3.748
4/3/2022 22:00,3.765
4/3/2022 23:00,3.792
4/4/2022 0:00,3.837
4/4/2022 1:00,3.89
4/4/2022 2:00,3.997
4/4/2022 3:00,4.06
4/4/2022 4:00,4.085
4/4/2022 5:00,4.186
4/4/2022 6:00,4.477
4/4/2022 7:00,5.118
4/4/2022 8:00,5.544
4/4/2022 9:00,5.599
4/4/2022 10:00,5.568
4/4/2022 11:00,5.579
4/4/2022 12:00,5.568
4/4/2022 13:00,5.525
4/4/2022 14:00,5.471
4/4/2022 15:00,5.386
4/4/2022 16:00,5.2
4/4/2022 17:00,4.651
4/4/2022 18:00,4.038
4/4/2022 19:00,4.095
4/4/2022 20:00,4.168
4/4/2022 21:00,4.155
4/4/2022 22:00,4.071
4/4/2022 23:00,3.978
4/5/2022 0:00,3.933
4/5/2022 1:00,3.937
4/5/2022 2:00,3.926
4/5/2022 3:00,3.898
4/5/2022 4:00,3.828
4/5/2022 5:00,3.685
4/5/2022 6:00,3.685
4/5/2022 7:00,3.846
4/5/2022 8:00,4.052
4/5/2022 9:00,4.063
4/5/2022 10:00,3.894
4/5/2022 11:00,3.738
4/5/2022 12:00,3.578
4/5/2022 13:00,3.425
4/5/2022 14:00,3.27
4/5/2022 15:00,3.168
4/5/2022 16:00,3.089
4/5/2022 17:00,2.738
4/5/2022 18:00,2.311
4/5/2022 19:00,2.116
4/5/2022 20:00,1.942
4/5/2022 21:00,1.924
4/5/2022 22:00,1.953
4/5/2022 23:00,1.982
4/6/2022 0:00,1.979
4/6/2022 1:00,1.98
4/6/2022 2:00,1.975
4/6/2022 3:00,1.92
4/6/2022 4:00,1.851
4/6/2022 5:00,1.824
4/6/2022 6:00,1.972
4/6/2022 7:00,2.373
4/6/2022 8:00,2.547
4/6/2022 9:00,2.685
4/6/2022 10:00,2.867
4/6/2022 11:00,3.036
4/6/2022 12:00,3.144
4/6/2022 13:00,3.22
4/6/2022 14:00,3.258
4/6/2022 15:00,3.292
4/6/2022 16:00,3.244
4/6/2022 17:00,2.649
4/6/2022 18:00,2.262
4/6/2022 19:00,2.404
4/6/2022 20:00,2.506
4/6/2022 21:00,2.556
4/6/2022 22:00,2.533
4/6/2022 23:00,2.563
4/7/2022 0:00,2.678
4/7/2022 1:00,2.779
4/7/2022 2:00,2.861
4/7/2022 3:00,2.898
4/7/2022 4:00,2.918
4/7/2022 5:00,2.941
4/7/2022 6:00,3.105
4/7/2022 7:00,3.469
4/7/2022 8:00,3.55
4/7/2022 9:00,3.695
4/7/2022 10:00,3.829
4/7/2022 11:00,3.952
4/7/2022 12:00,4.107
4/7/2022 13:00,4.258
4/7/2022 14:00,4.353
4/7/2022 15:00,4.351
4/7/2022 16:00,4.119
4/7/2022 17:00,3.323
4/7/2022 18:00,2.642
4/7/2022 19:00,2.582
4/7/2022 20:00,2.572
4/7/2022 21:00,2.573
4/7/2022 22:00,2.594
4/7/2022 23:00,2.644
4/8/2022 0:00,2.734
4/8/2022 1:00,2.831
4/8/2022 2:00,2.886
4/8/2022 3:00,2.899
4/8/2022 4:00,2.929
4/8/2022 5:00,2.983
4/8/2022 6:00,3.233
4/8/2022 7:00,3.808
4/8/2022 8:00,4.269
4/8/2022 9:00,4.526
4/8/2022 10:00,4.716
4/8/2022 11:00,4.913
4/8/2022 12:00,5.089
4/8/2022 13:00,5.232
4/8/2022 14:00,5.264
4/8/2022 15:00,5.151
4/8/2022 16:00,4.814
4/8/2022 17:00,4.071
4/8/2022 18:00,3.345
4/8/2022 19:00,3.155
4/8/2022 20:00,3.086
4/8/2022 21:00,3.045
4/8/2022 22:00,3.008
4/8/2022 23:00,2.924
4/9/2022 0:00,2.817
4/9/2022 1:00,2.736
4/9/2022 2:00,2.648
4/9/2022 3:00,2.542
4/9/2022 4:00,2.441
4/9/2022 5:00,2.337
4/9/2022 6:00,2.439
4/9/2022 7:00,2.596
4/9/2022 8:00,2.569
4/9/2022 9:00,2.448
4/9/2022 10:00,2.371
4/9/2022 11:00,2.376
4/9/2022 12:00,2.422
4/9/2022 13:00,2.499
4/9/2022 14:00,2.568
4/9/2022 15:00,2.538
4/9/2022 16:00,2.432
4/9/2022 17:00,2.126
4/9/2022 18:00,1.739
4/9/2022 19:00,1.725
4/9/2022 20:00,1.673
4/9/2022 21:00,1.594
4/9/2022 22:00,1.475
4/9/2022 23:00,1.411
4/10/2022 0:00,1.374
4/10/2022 1:00,1.427
4/10/2022 2:00,1.574
4/10/2022 3:00,1.738
4/10/2022 4:00,1.961
4/10/2022 5:00,2.216
4/10/2022 6:00,2.669
4/10/2022 7:00,3.135
4/10/2022 8:00,3.523
4/10/2022 9:00,3.91
4/10/2022 10:00,4.025
4/10/2022 11:00,4.066
4/10/2022 12:00,4.102
4/10/2022 13:00,4.14
4/10/2022 14:00,4.142
4/10/2022 15:00,4.13
4/10/2022 16:00,4.004
4/10/2022 17:00,3.436
4/10/2022 18:00,2.716
4/10/2022 19:00,2.821
4/10/2022 20:00,3.016
4/10/2022 21:00,2.919
4/10/2022 22:00,2.907
4/10/2022 23:00,2.974
4/11/2022 0:00,2.96
4/11/2022 1:00,2.908
4/11/2022 2:00,2.875
4/11/2022 3:00,2.877
4/11/2022 4:00,2.791
4/11/2022 5:00,2.814
4/11/2022 6:00,3.17
4/11/2022 7:00,3.663
4/11/2022 8:00,4.115
4/11/2022 9:00,4.437
4/11/2022 10:00,4.623
4/11/2022 11:00,4.773
4/11/2022 12:00,4.901
4/11/2022 13:00,4.942
4/11/2022 14:00,4.866
4/11/2022 15:00,4.726
4/11/2022 16:00,4.449
4/11/2022 17:00,3.951
4/11/2022 18:00,3.426
4/11/2022 19:00,3.371
4/11/2022 20:00,3.336
4/11/2022 21:00,3.257
4/11/2022 22:00,3.228
4/11/2022 23:00,3.212
4/12/2022 0:00,3.33
4/12/2022 1:00,3.373
4/12/2022 2:00,3.236
4/12/2022 3:00,3.026
4/12/2022 4:00,2.765
4/12/2022 5:00,2.664
4/12/2022 6:00,2.827
4/12/2022 7:00,3.148
4/12/2022 8:00,3.393
4/12/2022 9:00,3.501
4/12/2022 10:00,3.476
4/12/2022 11:00,3.439
4/12/2022 12:00,3.394
4/12/2022 13:00,3.333
4/12/2022 14:00,3.238
4/12/2022 15:00,3.082
4/12/2022 16:00,2.884
4/12/2022 17:00,2.533
4/12/2022 18:00,1.961
4/12/2022 19:00,1.862
4/12/2022 20:00,1.887
4/12/2022 21:00,1.905
4/12/2022 22:00,1.865
4/12/2022 23:00,1.89
4/13/2022 0:00,1.987
4/13/2022 1:00,2.06
4/13/2022 2:00,2.148
4/13/2022 3:00,2.253
4/13/2022 4:00,2.335
4/13/2022 5:00,2.469
4/13/2022 6:00,3.017
4/13/2022 7:00,3.504
4/13/2022 8:00,3.838
4/13/2022 9:00,3.989
4/13/2022 10:00,3.985
4/13/2022 11:00,3.952
4/13/2022 12:00,3.982
4/13/2022 13:00,4.042
4/13/2022 14:00,4.087
4/13/2022 15:00,4.132
4/13/2022 16:00,4.103
4/13/2022 17:00,3.649
4/13/2022 18:00,2.967
4/13/2022 19:00,2.967
4/13/2022 20:00,3.113
4/13/2022 21:00,3.223
4/13/2022 22:00,3.267
4/13/2022 23:00,3.276
4/14/2022 0:00,3.277
4/14/2022 1:00,3.254
4/14/2022 2:00,3.285
4/14/2022 3:00,3.276
4/14/2022 4:00,3.229
4/14/2022 5:00,3.192
4/14/2022 6:00,3.55
4/14/2022 7:00,3.905
4/14/2022 8:00,4.105
4/14/2022 9:00,4.055
4/14/2022 10:00,3.884
4/14/2022 11:00,3.746
4/14/2022 12:00,3.7
4/14/2022 13:00,3.709
4/14/2022 14:00,3.672
4/14/2022 15:00,3.553
4/14/2022 16:00,3.34
4/14/2022 17:00,2.788
4/14/2022 18:00,2.153
4/14/2022 19:00,2.092
4/14/2022 20:00,2.044
4/14/2022 21:00,2.011
4/14/2022 22:00,2.003
4/14/2022 23:00,1.993
4/15/2022 0:00,2.023
4/15/2022 1:00,2.076
4/15/2022 2:00,2.123
4/15/2022 3:00,2.149
4/15/2022 4:00,2.169
4/15/2022 5:00,2.212
4/15/2022 6:00,2.504
4/15/2022 7:00,2.984
4/15/2022 8:00,2.91
4/15/2022 9:00,2.847
4/15/2022 10:00,2.697
4/15/2022 11:00,2.577
4/15/2022 12:00,2.509
4/15/2022 13:00,2.431
4/15/2022 14:00,2.343
4/15/2022 15:00,2.333
4/15/2022 16:00,2.312
4/15/2022 17:00,1.911
4/15/2022 18:00,1.494
4/15/2022 19:00,1.442
4/15/2022 20:00,1.501
4/15/2022 21:00,1.6
4/15/2022 22:00,1.656
4/15/2022 23:00,1.689
4/16/2022 0:00,1.712
4/16/2022 1:00,1.748
4/16/2022 2:00,1.808
4/16/2022 3:00,1.848
4/16/2022 4:00,1.874
4/16/2022 5:00,1.896
4/16/2022 6:00,2.093
4/16/2022 7:00,2.429
4/16/2022 8:00,2.28
4/16/2022 9:00,2.286
4/16/2022 10:00,2.228
4/16/2022 11:00,2.217
4/16/2022 12:00,2.303
4/16/2022 13:00,2.426
4/16/2022 14:00,2.55
4/16/2022 15:00,2.641
4/16/2022 16:00,2.654
4/16/2022 17:00,2.251
4/16/2022 18:00,1.694
4/16/2022 19:00,1.689
4/16/2022 20:00,1.809
4/16/2022 21:00,1.861
4/16/2022 22:00,1.914
4/16/2022 23:00,1.97
4/17/2022 0:00,1.986
4/17/2022 1:00,1.979
4/17/2022 2:00,1.994
4/17/2022 3:00,1.98
4/17/2022 4:00,1.948
4/17/2022 5:00,1.928
4/17/2022 6:00,2.162
4/17/2022 7:00,2.334
4/17/2022 8:00,2.068
4/17/2022 9:00,2.049
4/17/2022 10:00,2.082
4/17/2022 11:00,2.148
4/17/2022 12:00,2.295
4/17/2022 13:00,2.46
4/17/2022 14:00,2.593
4/17/2022 15:00,2.636
4/17/2022 16:00,2.548
4/17/2022 17:00,2.186
4/17/2022 18:00,1.789
4/17/2022 19:00,1.69
4/17/2022 20:00,1.64
4/17/2022 21:00,1.64
4/17/2022 22:00,1.76
4/17/2022 23:00,1.883
4/18/2022 0:00,1.987
4/18/2022 1:00,2.043
4/18/2022 2:00,2.053
4/18/2022 3:00,2.025
4/18/2022 4:00,1.938
4/18/2022 5:00,1.849
4/18/2022 6:00,1.968
4/18/2022 7:00,2.195
4/18/2022 8:00,2.201
4/18/2022 9:00,2.231
4/18/2022 10:00,2.172
4/18/2022 11:00,2.394
4/18/2022 12:00,2.6
4/18/2022 13:00,2.769
4/18/2022 14:00,2.886
4/18/2022 15:00,2.928
4/18/2022 16:00,2.903
4/18/2022 17:00,2.654
4/18/2022 18:00,2.067
4/18/2022 19:00,1.93
4/18/2022 20:00,1.862
4/18/2022 21:00,1.819
4/18/2022 22:00,1.778
4/18/2022 23:00,1.805
4/19/2022 0:00,1.867
4/19/2022 1:00,1.885
4/19/2022 2:00,1.899
4/19/2022 3:00,1.912
4/19/2022 4:00,1.989
4/19/2022 5:00,2.067
4/19/2022 6:00,2.48
4/19/2022 7:00,2.863
4/19/2022 8:00,2.993
4/19/2022 9:00,2.928
4/19/2022 10:00,2.945
4/19/2022 11:00,3.103
4/19/2022 12:00,3.298
4/19/2022 13:00,3.48
4/19/2022 14:00,3.63
4/19/2022 15:00,3.753
4/19/2022 16:00,3.857
4/19/2022 17:00,3.878
4/19/2022 18:00,3.644
4/19/2022 19:00,3.621
4/19/2022 20:00,3.724
4/19/2022 21:00,3.793
4/19/2022 22:00,3.798
4/19/2022 23:00,3.791
4/20/2022 0:00,3.824
4/20/2022 1:00,3.893
4/20/2022 2:00,3.926
4/20/2022 3:00,4.008
4/20/2022 4:00,4.102
4/20/2022 5:00,4.242
4/20/2022 6:00,4.612
4/20/2022 7:00,5.094
4/20/2022 8:00,5.5
4/20/2022 9:00,5.713
4/20/2022 10:00,5.849
4/20/2022 11:00,6.007
4/20/2022 12:00,6.115
4/20/2022 13:00,6.235
4/20/2022 14:00,6.279
4/20/2022 15:00,6.257
4/20/2022 16:00,6.092
4/20/2022 17:00,5.694
4/20/2022 18:00,5.022
4/20/2022 19:00,4.657
4/20/2022 20:00,4.639
4/20/2022 21:00,4.576
4/20/2022 22:00,4.464
4/20/2022 23:00,4.366
4/21/2022 0:00,4.199
4/21/2022 1:00,3.993
4/21/2022 2:00,3.818
4/21/2022 3:00,3.657
4/21/2022 4:00,3.467
4/21/2022 5:00,3.33
4/21/2022 6:00,3.617
4/21/2022 7:00,3.875
4/21/2022 8:00,3.847
4/21/2022 9:00,3.668
4/21/2022 10:00,3.456
4/21/2022 11:00,3.296
4/21/2022 12:00,3.25
4/21/2022 13:00,3.298
4/21/2022 14:00,3.402
4/21/2022 15:00,3.446
4/21/2022 16:00,3.368
4/21/2022 17:00,3.124
4/21/2022 18:00,2.596
4/21/2022 19:00,2.515
4/21/2022 20:00,2.523
4/21/2022 21:00,2.436
4/21/2022 22:00,2.324
4/21/2022 23:00,2.273
4/22/2022 0:00,2.287
4/22/2022 1:00,2.318
4/22/2022 2:00,2.394
4/22/2022 3:00,2.474
4/22/2022 4:00,2.552
4/22/2022 5:00,2.628
4/22/2022 6:00,2.974
4/22/2022 7:00,3.405
4/22/2022 8:00,3.846
4/22/2022 9:00,4.271
4/22/2022 10:00,4.582
4/22/2022 11:00,4.818
4/22/2022 12:00,4.992
4/22/2022 13:00,5.097
4/22/2022 14:00,5.169
4/22/2022 15:00,5.208
4/22/2022 16:00,5.14
4/22/2022 17:00,4.808
4/22/2022 18:00,4.266
4/22/2022 19:00,4.021
4/22/2022 20:00,4.001
4/22/2022 21:00,4.022
4/22/2022 22:00,3.971
4/22/2022 23:00,3.971
4/23/2022 0:00,3.974
4/23/2022 1:00,4.001
4/23/2022 2:00,4.037
4/23/2022 3:00,4.013
4/23/2022 4:00,4.036
4/23/2022 5:00,4.149
4/23/2022 6:00,4.639
4/23/2022 7:00,5.34
4/23/2022 8:00,5.824
4/23/2022 9:00,6.134
4/23/2022 10:00,6.402
4/23/2022 11:00,6.627
4/23/2022 12:00,6.731
4/23/2022 13:00,6.751
4/23/2022 14:00,6.688
4/23/2022 15:00,6.475
4/23/2022 16:00,6.115
4/23/2022 17:00,5.486
4/23/2022 18:00,4.654
4/23/2022 19:00,4.223
4/23/2022 20:00,4.127
4/23/2022 21:00,4.11
4/23/2022 22:00,3.988
4/23/2022 23:00,3.812
4/24/2022 0:00,3.642
4/24/2022 1:00,3.514
4/24/2022 2:00,3.389
4/24/2022 3:00,3.214
4/24/2022 4:00,3.013
4/24/2022 5:00,2.822
4/24/2022 6:00,2.971
4/24/2022 7:00,3.148
4/24/2022 8:00,3.171
4/24/2022 9:00,2.861
4/24/2022 10:00,2.609
4/24/2022 11:00,2.509
4/24/2022 12:00,2.524
4/24/2022 13:00,2.567
4/24/2022 14:00,2.599
4/24/2022 15:00,2.596
4/24/2022 16:00,2.526
4/24/2022 17:00,2.207
4/24/2022 18:00,1.553
4/24/2022 19:00,1.423
4/24/2022 20:00,1.309
4/24/2022 21:00,1.238
4/24/2022 22:00,1.19
4/24/2022 23:00,1.204
4/25/2022 0:00,1.275
4/25/2022 1:00,1.353
4/25/2022 2:00,1.404
4/25/2022 3:00,1.418
4/25/2022 4:00,1.413
4/25/2022 5:00,1.401
4/25/2022 6:00,1.747
4/25/2022 7:00,2
4/25/2022 8:00,1.864
4/25/2022 9:00,1.86
4/25/2022 10:00,1.946
4/25/2022 11:00,2.094
4/25/2022 12:00,2.244
4/25/2022 13:00,2.39
4/25/2022 14:00,2.516
4/25/2022 15:00,2.588
4/25/2022 16:00,2.59
4/25/2022 17:00,2.427
4/25/2022 18:00,1.82
4/25/2022 19:00,1.675
4/25/2022 20:00,1.595
4/25/2022 21:00,1.54
4/25/2022 22:00,1.479
4/25/2022 23:00,1.467
4/26/2022 0:00,1.481
4/26/2022 1:00,1.509
4/26/2022 2:00,1.531
4/26/2022 3:00,1.538
4/26/2022 4:00,1.542
4/26/2022 5:00,1.535
4/26/2022 6:00,1.762
4/26/2022 7:00,1.964
4/26/2022 8:00,1.998
4/26/2022 9:00,2.042
4/26/2022 10:00,2.202
4/26/2022 11:00,2.345
4/26/2022 12:00,2.47
4/26/2022 13:00,2.556
4/26/2022 14:00,2.563
4/26/2022 15:00,2.511
4/26/2022 16:00,2.396
4/26/2022 17:00,2.07
4/26/2022 18:00,1.525
4/26/2022 19:00,1.445
4/26/2022 20:00,1.359
4/26/2022 21:00,1.273
4/26/2022 22:00,1.271
4/26/2022 23:00,1.315
4/27/2022 0:00,1.351
4/27/2022 1:00,1.377
4/27/2022 2:00,1.394
4/27/2022 3:00,1.394
4/27/2022 4:00,1.37
4/27/2022 5:00,1.324
4/27/2022 6:00,1.439
4/27/2022 7:00,1.622
4/27/2022 8:00,1.684
4/27/2022 9:00,1.892
4/27/2022 10:00,1.994
4/27/2022 11:00,2.054
4/27/2022 12:00,2.111
4/27/2022 13:00,2.149
4/27/2022 14:00,2.155
4/27/2022 15:00,2.162
4/27/2022 16:00,2.059
4/27/2022 17:00,1.825
4/27/2022 18:00,1.419
4/27/2022 19:00,1.371
4/27/2022 20:00,1.38
4/27/2022 21:00,1.395
4/27/2022 22:00,1.412
4/27/2022 23:00,1.437
4/28/2022 0:00,1.462
4/28/2022 1:00,1.527
4/28/2022 2:00,1.587
4/28/2022 3:00,1.638
4/28/2022 4:00,1.7
4/28/2022 5:00,1.83
4/28/2022 6:00,2.285
4/28/2022 7:00,2.676
4/28/2022 8:00,2.945
4/28/2022 9:00,3.101
4/28/2022 10:00,3.19
4/28/2022 11:00,3.232
4/28/2022 12:00,3.295
4/28/2022 13:00,3.382
4/28/2022 14:00,3.454
4/28/2022 15:00,3.44
4/28/2022 16:00,3.29
4/28/2022 17:00,2.825
4/28/2022 18:00,2.047
4/28/2022 19:00,1.952
4/28/2022 20:00,1.983
4/28/2022 21:00,2.012
4/28/2022 22:00,2.133
4/28/2022 23:00,2.245
4/29/2022 0:00,2.352
4/29/2022 1:00,2.393
4/29/2022 2:00,2.404
4/29/2022 3:00,2.422
4/29/2022 4:00,2.454
4/29/2022 5:00,2.506
4/29/2022 6:00,2.94
4/29/2022 7:00,3.021
4/29/2022 8:00,3.019
4/29/2022 9:00,3.021
4/29/2022 10:00,2.97
4/29/2022 11:00,2.879
4/29/2022 12:00,2.802
4/29/2022 13:00,2.745
4/29/2022 14:00,2.692
4/29/2022 15:00,2.624
4/29/2022 16:00,2.509
4/29/2022 17:00,2.207
4/29/2022 18:00,1.586
4/29/2022 19:00,1.468
4/29/2022 20:00,1.435
4/29/2022 21:00,1.427
4/29/2022 22:00,1.454
4/29/2022 23:00,1.513
4/30/2022 0:00,1.566
4/30/2022 1:00,1.622
4/30/2022 2:00,1.669
4/30/2022 3:00,1.697
4/30/2022 4:00,1.721
4/30/2022 5:00,1.745
4/30/2022 6:00,2.029
4/30/2022 7:00,2.268
4/30/2022 8:00,2.165
4/30/2022 9:00,2.158
4/30/2022 10:00,2.175
4/30/2022 11:00,2.247
4/30/2022 12:00,2.316
4/30/2022 13:00,2.366
4/30/2022 14:00,2.421
4/30/2022 15:00,2.457
4/30/2022 16:00,2.437
4/30/2022 17:00,2.117
4/30/2022 18:00,1.589
4/30/2022 19:00,1.598
4/30/2022 20:00,1.595
4/30/2022 21:00,1.531
4/30/2022 22:00,1.459
4/30/2022 23:00,1.403
5/1/2022 0:00,1.404
5/1/2022 1:00,1.411
5/1/2022 2:00,1.417
5/1/2022 3:00,1.429
5/1/2022 4:00,1.462
5/1/2022 5:00,1.499
5/1/2022 6:00,1.826
5/1/2022 7:00,1.86
5/1/2022 8:00,1.869
5/1/2022 9:00,2.067
5/1/2022 10:00,2.249
5/1/2022 11:00,2.467
5/1/2022 12:00,2.665
5/1/2022 13:00,2.807
5/1/2022 14:00,2.922
5/1/2022 15:00,2.946
5/1/2022 16:00,2.863
5/1/2022 17:00,2.614
5/1/2022 18:00,2.042
5/1/2022 19:00,1.859
5/1/2022 20:00,1.838
5/1/2022 21:00,1.8
5/1/2022 22:00,1.753
5/1/2022 23:00,1.755
5/2/2022 0:00,1.813
5/2/2022 1:00,1.867
5/2/2022 2:00,1.898
5/2/2022 3:00,1.935
5/2/2022 4:00,1.978
5/2/2022 5:00,2.062
5/2/2022 6:00,2.597
5/2/2022 7:00,2.788
5/2/2022 8:00,2.804
5/2/2022 9:00,2.705
5/2/2022 10:00,2.813
5/2/2022 11:00,2.959
5/2/2022 12:00,3.118
5/2/2022 13:00,3.26
5/2/2022 14:00,3.361
5/2/2022 15:00,3.394
5/2/2022 16:00,3.355
5/2/2022 17:00,3.19
5/2/2022 18:00,2.708
5/2/2022 19:00,2.455
5/2/2022 20:00,2.489
5/2/2022 21:00,2.478
5/2/2022 22:00,2.509
5/2/2022 23:00,2.603
5/3/2022 0:00,2.678
5/3/2022 1:00,2.718
5/3/2022 2:00,2.706
5/3/2022 3:00,2.66
5/3/2022 4:00,2.589
5/3/2022 5:00,2.587
5/3/2022 6:00,3.012
5/3/2022 7:00,3.226
5/3/2022 8:00,3.337
5/3/2022 9:00,3.404
5/3/2022 10:00,3.412
5/3/2022 11:00,3.383
5/3/2022 12:00,3.361
5/3/2022 13:00,3.335
5/3/2022 14:00,3.272
5/3/2022 15:00,3.249
5/3/2022 16:00,3.178
5/3/2022 17:00,2.888
5/3/2022 18:00,2.167
5/3/2022 19:00,1.951
5/3/2022 20:00,2.062
5/3/2022 21:00,2.181
5/3/2022 22:00,2.298
5/3/2022 23:00,2.435
5/4/2022 0:00,2.528
5/4/2022 1:00,2.609
5/4/2022 2:00,2.628
5/4/2022 3:00,2.577
5/4/2022 4:00,2.534
5/4/2022 5:00,2.617
5/4/2022 6:00,3.235
5/4/2022 7:00,3.609
5/4/2022 8:00,3.84
5/4/2022 9:00,3.849
5/4/2022 10:00,3.824
5/4/2022 11:00,3.846
5/4/2022 12:00,3.876
5/4/2022 13:00,3.873
5/4/2022 14:00,3.839
5/4/2022 15:00,3.768
5/4/2022 16:00,3.62
5/4/2022 17:00,3.225
5/4/2022 18:00,2.433
5/4/2022 19:00,2.246
5/4/2022 20:00,2.329
5/4/2022 21:00,2.386
5/4/2022 22:00,2.409
5/4/2022 23:00,2.411
5/5/2022 0:00,2.414
5/5/2022 1:00,2.442
5/5/2022 2:00,2.492
5/5/2022 3:00,2.515
5/5/2022 4:00,2.539
5/5/2022 5:00,2.577
5/5/2022 6:00,3.085
5/5/2022 7:00,3.252
5/5/2022 8:00,3.218
5/5/2022 9:00,3.127
5/5/2022 10:00,2.992
5/5/2022 11:00,2.836
5/5/2022 12:00,2.687
5/5/2022 13:00,2.584
5/5/2022 14:00,2.595
5/5/2022 15:00,2.637
5/5/2022 16:00,2.699
5/5/2022 17:00,2.659
5/5/2022 18:00,2.188
5/5/2022 19:00,2.022
5/5/2022 20:00,2.075
5/5/2022 21:00,2.095
5/5/2022 22:00,2.091
5/5/2022 23:00,2.1
5/6/2022 0:00,2.127
5/6/2022 1:00,2.143
5/6/2022 2:00,2.172
5/6/2022 3:00,2.203
5/6/2022 4:00,2.247
5/6/2022 5:00,2.391
5/6/2022 6:00,2.893
5/6/2022 7:00,2.933
5/6/2022 8:00,2.75
5/6/2022 9:00,2.599
5/6/2022 10:00,2.478
5/6/2022 11:00,2.389
5/6/2022 12:00,2.379
5/6/2022 13:00,2.448
5/6/2022 14:00,2.614
5/6/2022 15:00,2.767
5/6/2022 16:00,2.846
5/6/2022 17:00,2.664
5/6/2022 18:00,1.941
5/6/2022 19:00,1.723
5/6/2022 20:00,1.779
5/6/2022 21:00,1.963
5/6/2022 22:00,2.118
5/6/2022 23:00,2.164
5/7/2022 0:00,2.146
5/7/2022 1:00,2.12
5/7/2022 2:00,2.139
5/7/2022 3:00,2.225
5/7/2022 4:00,2.334
5/7/2022 5:00,2.485
5/7/2022 6:00,3.003
5/7/2022 7:00,3.004
5/7/2022 8:00,2.711
5/7/2022 9:00,2.426
5/7/2022 10:00,2.229
5/7/2022 11:00,2.151
5/7/2022 12:00,2.191
5/7/2022 13:00,2.287
5/7/2022 14:00,2.401
5/7/2022 15:00,2.46
5/7/2022 16:00,2.467
5/7/2022 17:00,2.354
5/7/2022 18:00,1.816
5/7/2022 19:00,1.64
5/7/2022 20:00,1.563
5/7/2022 21:00,1.563
5/7/2022 22:00,1.645
5/7/2022 23:00,1.698
5/8/2022 0:00,1.72
5/8/2022 1:00,1.744
5/8/2022 2:00,1.762
5/8/2022 3:00,1.765
5/8/2022 4:00,1.792
5/8/2022 5:00,1.855
5/8/2022 6:00,2.247
5/8/2022 7:00,2.003
5/8/2022 8:00,1.771
5/8/2022 9:00,1.79
5/8/2022 10:00,1.829
5/8/2022 11:00,1.949
5/8/2022 12:00,2.125
5/8/2022 13:00,2.295
5/8/2022 14:00,2.427
5/8/2022 15:00,2.499
5/8/2022 16:00,2.531
5/8/2022 17:00,2.384
5/8/2022 18:00,1.803
5/8/2022 19:00,1.582
5/8/2022 20:00,1.467
5/8/2022 21:00,1.391
5/8/2022 22:00,1.401
5/8/2022 23:00,1.462
5/9/2022 0:00,1.552
5/9/2022 1:00,1.592
5/9/2022 2:00,1.605
5/9/2022 3:00,1.602
5/9/2022 4:00,1.603
5/9/2022 5:00,1.582
5/9/2022 6:00,1.965
5/9/2022 7:00,1.829
5/9/2022 8:00,1.622
5/9/2022 9:00,1.58
5/9/2022 10:00,1.676
5/9/2022 11:00,1.841
5/9/2022 12:00,2.017
5/9/2022 13:00,2.156
5/9/2022 14:00,2.235
5/9/2022 15:00,2.221
5/9/2022 16:00,2.145
5/9/2022 17:00,1.947
5/9/2022 18:00,1.414
5/9/2022 19:00,1.417
5/9/2022 20:00,1.437
5/9/2022 21:00,1.407
5/9/2022 22:00,1.417
5/9/2022 23:00,1.482
5/10/2022 0:00,1.534
5/10/2022 1:00,1.568
5/10/2022 2:00,1.577
5/10/2022 3:00,1.562
5/10/2022 4:00,1.584
5/10/2022 5:00,1.654
5/10/2022 6:00,1.992
5/10/2022 7:00,1.912
5/10/2022 8:00,1.914
5/10/2022 9:00,1.924
5/10/2022 10:00,1.998
5/10/2022 11:00,2.121
5/10/2022 12:00,2.25
5/10/2022 13:00,2.379
5/10/2022 14:00,2.481
5/10/2022 15:00,2.532
5/10/2022 16:00,2.505
5/10/2022 17:00,2.328
5/10/2022 18:00,1.824
5/10/2022 19:00,1.678
5/10/2022 20:00,1.656
5/10/2022 21:00,1.623
5/10/2022 22:00,1.59
5/10/2022 23:00,1.552
5/11/2022 0:00,1.533
5/11/2022 1:00,1.531
5/11/2022 2:00,1.536
5/11/2022 3:00,1.519
5/11/2022 4:00,1.524
5/11/2022 5:00,1.584
5/11/2022 6:00,2.139
5/11/2022 7:00,2.434
5/11/2022 8:00,2.603
5/11/2022 9:00,2.749
5/11/2022 10:00,2.933
5/11/2022 11:00,3.107
5/11/2022 12:00,3.235
5/11/2022 13:00,3.312
5/11/2022 14:00,3.324
5/11/2022 15:00,3.298
5/11/2022 16:00,3.201
5/11/2022 17:00,2.878
5/11/2022 18:00,2.192
5/11/2022 19:00,1.896
5/11/2022 20:00,1.834
5/11/2022 21:00,1.828
5/11/2022 22:00,1.864
5/11/2022 23:00,1.866
5/12/2022 0:00,1.825
5/12/2022 1:00,1.756
5/12/2022 2:00,1.702
5/12/2022 3:00,1.696
5/12/2022 4:00,1.741
5/12/2022 5:00,1.858
5/12/2022 6:00,2.35
5/12/2022 7:00,2.637
5/12/2022 8:00,2.829
5/12/2022 9:00,2.885
5/12/2022 10:00,2.917
5/12/2022 11:00,3.001
5/12/2022 12:00,3.042
5/12/2022 13:00,3.031
5/12/2022 14:00,2.942
5/12/2022 15:00,2.788
5/12/2022 16:00,2.64
5/12/2022 17:00,2.368
5/12/2022 18:00,1.814
5/12/2022 19:00,1.621
5/12/2022 20:00,1.56
5/12/2022 21:00,1.446
5/12/2022 22:00,1.401
5/12/2022 23:00,1.428
5/13/2022 0:00,1.424
5/13/2022 1:00,1.403
5/13/2022 2:00,1.393
5/13/2022 3:00,1.409
5/13/2022 4:00,1.434
5/13/2022 5:00,1.478
5/13/2022 6:00,1.883
5/13/2022 7:00,1.716
5/13/2022 8:00,1.467
5/13/2022 9:00,1.306
5/13/2022 10:00,1.476
5/13/2022 11:00,1.666
5/13/2022 12:00,1.848
5/13/2022 13:00,2.005
5/13/2022 14:00,2.126
5/13/2022 15:00,2.192
5/13/2022 16:00,2.201
5/13/2022 17:00,2.099
5/13/2022 18:00,1.62
5/13/2022 19:00,1.394
5/13/2022 20:00,1.255
5/13/2022 21:00,1.181
5/13/2022 22:00,1.188
5/13/2022 23:00,1.207
5/14/2022 0:00,1.237
5/14/2022 1:00,1.28
5/14/2022 2:00,1.29
5/14/2022 3:00,1.313
5/14/2022 4:00,1.383
5/14/2022 5:00,1.469
5/14/2022 6:00,1.744
5/14/2022 7:00,1.915
5/14/2022 8:00,2.245
5/14/2022 9:00,2.55
5/14/2022 10:00,2.813
5/14/2022 11:00,2.913
5/14/2022 12:00,2.88
5/14/2022 13:00,2.822
5/14/2022 14:00,2.768
5/14/2022 15:00,2.742
5/14/2022 16:00,2.644
5/14/2022 17:00,2.356
5/14/2022 18:00,1.728
5/14/2022 19:00,1.415
5/14/2022 20:00,1.372
5/14/2022 21:00,1.376
5/14/2022 22:00,1.4
5/14/2022 23:00,1.404
5/15/2022 0:00,1.427
5/15/2022 1:00,1.47
5/15/2022 2:00,1.501
5/15/2022 3:00,1.548
5/15/2022 4:00,1.578
5/15/2022 5:00,1.613
5/15/2022 6:00,2.059
5/15/2022 7:00,2.381
5/15/2022 8:00,2.755
5/15/2022 9:00,3.066
5/15/2022 10:00,3.286
5/15/2022 11:00,3.498
5/15/2022 12:00,3.687
5/15/2022 13:00,3.821
5/15/2022 14:00,3.879
5/15/2022 15:00,3.83
5/15/2022 16:00,3.624
5/15/2022 17:00,3.226
5/15/2022 18:00,2.422
5/15/2022 19:00,1.743
5/15/2022 20:00,1.58
5/15/2022 21:00,1.52
5/15/2022 22:00,1.56
5/15/2022 23:00,1.584
5/16/2022 0:00,1.577
5/16/2022 1:00,1.585
5/16/2022 2:00,1.618
5/16/2022 3:00,1.625
5/16/2022 4:00,1.615
5/16/2022 5:00,1.624
5/16/2022 6:00,1.96
5/16/2022 7:00,1.983
5/16/2022 8:00,1.993
5/16/2022 9:00,1.978
5/16/2022 10:00,2.028
5/16/2022 11:00,2.202
5/16/2022 12:00,2.44
5/16/2022 13:00,2.639
5/16/2022 14:00,2.743
5/16/2022 15:00,2.729
5/16/2022 16:00,2.619
5/16/2022 17:00,2.388
5/16/2022 18:00,1.69
5/16/2022 19:00,1.428
5/16/2022 20:00,1.35
5/16/2022 21:00,1.309
5/16/2022 22:00,1.324
5/16/2022 23:00,1.373
5/17/2022 0:00,1.425
5/17/2022 1:00,1.48
5/17/2022 2:00,1.536
5/17/2022 3:00,1.577
5/17/2022 4:00,1.609
5/17/2022 5:00,1.624
5/17/2022 6:00,1.952
5/17/2022 7:00,1.911
5/17/2022 8:00,2.183
5/17/2022 9:00,2.33
5/17/2022 10:00,2.445
5/17/2022 11:00,2.515
5/17/2022 12:00,2.564
5/17/2022 13:00,2.589
5/17/2022 14:00,2.59
5/17/2022 15:00,2.558
5/17/2022 16:00,2.459
5/17/2022 17:00,2.242
5/17/2022 18:00,1.616
5/17/2022 19:00,1.346
5/17/2022 20:00,1.209
5/17/2022 21:00,1.129
5/17/2022 22:00,1.09
5/17/2022 23:00,1.108
5/18/2022 0:00,1.115
5/18/2022 1:00,1.147
5/18/2022 2:00,1.214
5/18/2022 3:00,1.291
5/18/2022 4:00,1.389
5/18/2022 5:00,1.469
5/18/2022 6:00,1.976
5/18/2022 7:00,2.132
5/18/2022 8:00,2.402
5/18/2022 9:00,2.714
5/18/2022 10:00,2.911
5/18/2022 11:00,3.023
5/18/2022 12:00,3.059
5/18/2022 13:00,3.043
5/18/2022 14:00,2.994
5/18/2022 15:00,2.925
5/18/2022 16:00,2.824
5/18/2022 17:00,2.566
5/18/2022 18:00,2.034
5/18/2022 19:00,1.821
5/18/2022 20:00,1.751
5/18/2022 21:00,1.615
5/18/2022 22:00,1.458
5/18/2022 23:00,1.434
5/19/2022 0:00,1.414
5/19/2022 1:00,1.422
5/19/2022 2:00,1.44
5/19/2022 3:00,1.482
5/19/2022 4:00,1.541
5/19/2022 5:00,1.676
5/19/2022 6:00,2.214
5/19/2022 7:00,2.477
5/19/2022 8:00,2.781
5/19/2022 9:00,3.139
5/19/2022 10:00,3.419
5/19/2022 11:00,3.627
5/19/2022 12:00,3.759
5/19/2022 13:00,3.83
5/19/2022 14:00,3.846
5/19/2022 15:00,3.778
5/19/2022 16:00,3.523
5/19/2022 17:00,3.034
5/19/2022 18:00,2.507
5/19/2022 19:00,2.416
5/19/2022 20:00,2.653
5/19/2022 21:00,2.6
5/19/2022 22:00,2.584
5/19/2022 23:00,2.624
5/20/2022 0:00,2.635
5/20/2022 1:00,2.584
5/20/2022 2:00,2.543
5/20/2022 3:00,2.554
5/20/2022 4:00,2.57
5/20/2022 5:00,2.698
5/20/2022 6:00,3.128
5/20/2022 7:00,3.323
5/20/2022 8:00,3.546
5/20/2022 9:00,3.69
5/20/2022 10:00,3.778
5/20/2022 11:00,3.841
5/20/2022 12:00,3.843
5/20/2022 13:00,3.781
5/20/2022 14:00,3.637
5/20/2022 15:00,3.441
5/20/2022 16:00,3.155
5/20/2022 17:00,2.9
5/20/2022 18:00,2.572
5/20/2022 19:00,2.512
5/20/2022 20:00,2.51
5/20/2022 21:00,2.423
5/20/2022 22:00,2.352
5/20/2022 23:00,2.305
5/21/2022 0:00,2.293
5/21/2022 1:00,2.313
5/21/2022 2:00,2.325
5/21/2022 3:00,2.291
5/21/2022 4:00,2.211
5/21/2022 5:00,2.162
5/21/2022 6:00,2.431
5/21/2022 7:00,2.685
5/21/2022 8:00,2.82
5/21/2022 9:00,2.991
5/21/2022 10:00,3.154
5/21/2022 11:00,3.24
5/21/2022 12:00,3.281
5/21/2022 13:00,3.264
5/21/2022 14:00,3.196
5/21/2022 15:00,3.261
5/21/2022 16:00,3.406
5/21/2022 17:00,3.081
5/21/2022 18:00,2.714
5/21/2022 19:00,2.662
5/21/2022 20:00,2.384
5/21/2022 21:00,1.98
5/21/2022 22:00,1.699
5/21/2022 23:00,1.627
5/22/2022 0:00,1.651
5/22/2022 1:00,1.733
5/22/2022 2:00,1.763
5/22/2022 3:00,1.717
5/22/2022 4:00,1.741
5/22/2022 5:00,1.738
5/22/2022 6:00,2.108
5/22/2022 7:00,2.383
5/22/2022 8:00,2.63
5/22/2022 9:00,2.826
5/22/2022 10:00,3.136
5/22/2022 11:00,3.528
5/22/2022 12:00,3.893
5/22/2022 13:00,4.161
5/22/2022 14:00,4.303
5/22/2022 15:00,4.316
5/22/2022 16:00,4.227
5/22/2022 17:00,3.894
5/22/2022 18:00,3.176
5/22/2022 19:00,2.521
5/22/2022 20:00,2.41
5/22/2022 21:00,2.369
5/22/2022 22:00,2.428
5/22/2022 23:00,2.414
5/23/2022 0:00,2.382
5/23/2022 1:00,2.399
5/23/2022 2:00,2.396
5/23/2022 3:00,2.345
5/23/2022 4:00,2.327
5/23/2022 5:00,2.514
5/23/2022 6:00,3.121
5/23/2022 7:00,3.208
5/23/2022 8:00,3.115
5/23/2022 9:00,3.069
5/23/2022 10:00,3.131
5/23/2022 11:00,3.274
5/23/2022 12:00,3.446
5/23/2022 13:00,3.627
5/23/2022 14:00,3.8
5/23/2022 15:00,3.855
5/23/2022 16:00,3.803
5/23/2022 17:00,3.666
5/23/2022 18:00,3.103
5/23/2022 19:00,2.601
5/23/2022 20:00,2.45
5/23/2022 21:00,2.337
5/23/2022 22:00,2.291
5/23/2022 23:00,2.259
5/24/2022 0:00,2.233
5/24/2022 1:00,2.205
5/24/2022 2:00,2.236
5/24/2022 3:00,2.318
5/24/2022 4:00,2.415
5/24/2022 5:00,2.735
5/24/2022 6:00,3.215
5/24/2022 7:00,3.256
5/24/2022 8:00,3.163
5/24/2022 9:00,3.331
5/24/2022 10:00,3.59
5/24/2022 11:00,3.899
5/24/2022 12:00,4.161
5/24/2022 13:00,4.406
5/24/2022 14:00,4.564
5/24/2022 15:00,4.605
5/24/2022 16:00,4.526
5/24/2022 17:00,4.307
5/24/2022 18:00,3.926
5/24/2022 19:00,3.365
5/24/2022 20:00,3.353
5/24/2022 21:00,3.403
5/24/2022 22:00,3.531
5/24/2022 23:00,3.661
5/25/2022 0:00,3.63
5/25/2022 1:00,3.505
5/25/2022 2:00,3.471
5/25/2022 3:00,3.388
5/25/2022 4:00,3.302
5/25/2022 5:00,3.558
5/25/2022 6:00,4.284
5/25/2022 7:00,4.588
5/25/2022 8:00,4.372
5/25/2022 9:00,4.153
5/25/2022 10:00,4.006
5/25/2022 11:00,3.897
5/25/2022 12:00,3.851
5/25/2022 13:00,3.798
5/25/2022 14:00,3.761
5/25/2022 15:00,3.736
5/25/2022 16:00,3.683
5/25/2022 17:00,3.54
5/25/2022 18:00,3.001
5/25/2022 19:00,2.284
5/25/2022 20:00,2.237
5/25/2022 21:00,2.252
5/25/2022 22:00,2.289
5/25/2022 23:00,2.371
5/26/2022 0:00,2.444
5/26/2022 1:00,2.48
5/26/2022 2:00,2.5
5/26/2022 3:00,2.519
5/26/2022 4:00,2.549
5/26/2022 5:00,2.913
5/26/2022 6:00,3.517
5/26/2022 7:00,3.452
5/26/2022 8:00,3.29
5/26/2022 9:00,3.16
5/26/2022 10:00,3.083
5/26/2022 11:00,3.144
5/26/2022 12:00,3.232
5/26/2022 13:00,3.29
5/26/2022 14:00,3.339
5/26/2022 15:00,3.392
5/26/2022 16:00,3.418
5/26/2022 17:00,3.361
5/26/2022 18:00,2.816
5/26/2022 19:00,2.375
5/26/2022 20:00,2.479
5/26/2022 21:00,2.474
5/26/2022 22:00,2.406
5/26/2022 23:00,2.395
5/27/2022 0:00,2.416
5/27/2022 1:00,2.413
5/27/2022 2:00,2.389
5/27/2022 3:00,2.406
5/27/2022 4:00,2.476
5/27/2022 5:00,2.71
5/27/2022 6:00,3.089
5/27/2022 7:00,2.865
5/27/2022 8:00,2.61
5/27/2022 9:00,2.558
5/27/2022 10:00,2.639
5/27/2022 11:00,2.707
5/27/2022 12:00,2.753
5/27/2022 13:00,2.803
5/27/2022 14:00,2.811
5/27/2022 15:00,2.762
5/27/2022 16:00,2.682
5/27/2022 17:00,2.568
5/27/2022 18:00,2.066
5/27/2022 19:00,1.804
5/27/2022 20:00,1.917
5/27/2022 21:00,2.115
5/27/2022 22:00,2.227
5/27/2022 23:00,2.241
5/28/2022 0:00,2.197
5/28/2022 1:00,2.128
5/28/2022 2:00,2.04
5/28/2022 3:00,1.96
5/28/2022 4:00,1.876
5/28/2022 5:00,1.909
5/28/2022 6:00,2.229
5/28/2022 7:00,2.285
5/28/2022 8:00,2.387
5/28/2022 9:00,2.372
5/28/2022 10:00,2.494
5/28/2022 11:00,2.67
5/28/2022 12:00,2.806
5/28/2022 13:00,2.921
5/28/2022 14:00,3.026
5/28/2022 15:00,3.11
5/28/2022 16:00,3.146
5/28/2022 17:00,3.063
5/28/2022 18:00,2.463
5/28/2022 19:00,1.981
5/28/2022 20:00,1.797
5/28/2022 21:00,1.629
5/28/2022 22:00,1.621
5/28/2022 23:00,1.609
5/29/2022 0:00,1.608
5/29/2022 1:00,1.603
5/29/2022 2:00,1.582
5/29/2022 3:00,1.574
5/29/2022 4:00,1.575
5/29/2022 5:00,1.665
5/29/2022 6:00,2.091
5/29/2022 7:00,2.169
5/29/2022 8:00,2.509
5/29/2022 9:00,2.671
5/29/2022 10:00,2.781
5/29/2022 11:00,2.953
5/29/2022 12:00,3.164
5/29/2022 13:00,3.344
5/29/2022 14:00,3.475
5/29/2022 15:00,3.545
5/29/2022 16:00,3.543
5/29/2022 17:00,3.424
5/29/2022 18:00,2.935
5/29/2022 19:00,2.339
5/29/2022 20:00,2.232
5/29/2022 21:00,2.128
5/29/2022 22:00,2.01
5/29/2022 23:00,1.972
5/30/2022 0:00,1.97
5/30/2022 1:00,2.005
5/30/2022 2:00,2.024
5/30/2022 3:00,2.011
5/30/2022 4:00,2.003
5/30/2022 5:00,2.203
5/30/2022 6:00,2.672
5/30/2022 7:00,2.826
5/30/2022 8:00,2.813
5/30/2022 9:00,2.763
5/30/2022 10:00,2.781
5/30/2022 11:00,2.893
5/30/2022 12:00,3.084
5/30/2022 13:00,3.251
5/30/2022 14:00,3.322
5/30/2022 15:00,3.332
5/30/2022 16:00,3.234
5/30/2022 17:00,2.978
5/30/2022 18:00,2.367
5/30/2022 19:00,1.684
5/30/2022 20:00,1.506
5/30/2022 21:00,1.4
5/30/2022 22:00,1.334
5/30/2022 23:00,1.288
5/31/2022 0:00,1.26
5/31/2022 1:00,1.241
5/31/2022 2:00,1.198
5/31/2022 3:00,1.164
5/31/2022 4:00,1.175
5/31/2022 5:00,1.208
5/31/2022 6:00,1.616
5/31/2022 7:00,1.538
5/31/2022 8:00,1.696
5/31/2022 9:00,1.917
5/31/2022 10:00,2.185
5/31/2022 11:00,2.479
5/31/2022 12:00,2.746
5/31/2022 13:00,2.941
5/31/2022 14:00,3.057
5/31/2022 15:00,3.115
5/31/2022 16:00,3.142
5/31/2022 17:00,3.095
5/31/2022 18:00,2.517
5/31/2022 19:00,1.844
5/31/2022 20:00,1.594
5/31/2022 21:00,1.438
5/31/2022 22:00,1.379
5/31/2022 23:00,1.359
6/1/2022 0:00,1.348
6/1/2022 1:00,1.324
6/1/2022 2:00,1.291
6/1/2022 3:00,1.272
6/1/2022 4:00,1.271
6/1/2022 5:00,1.3
6/1/2022 6:00,1.786
6/1/2022 7:00,2.03
6/1/2022 8:00,2.373
6/1/2022 9:00,2.629
6/1/2022 10:00,2.893
6/1/2022 11:00,3.134
6/1/2022 12:00,3.328
6/1/2022 13:00,3.468
6/1/2022 14:00,3.541
6/1/2022 15:00,3.575
6/1/2022 16:00,3.516
6/1/2022 17:00,3.306
6/1/2022 18:00,2.67
6/1/2022 19:00,1.862
6/1/2022 20:00,1.654
6/1/2022 21:00,1.464
6/1/2022 22:00,1.305
6/1/2022 23:00,1.253
6/2/2022 0:00,1.281
6/2/2022 1:00,1.273
6/2/2022 2:00,1.254
6/2/2022 3:00,1.278
6/2/2022 4:00,1.307
6/2/2022 5:00,1.375
6/2/2022 6:00,1.843
6/2/2022 7:00,2.089
6/2/2022 8:00,2.325
6/2/2022 9:00,2.498
6/2/2022 10:00,2.61
6/2/2022 11:00,2.69
6/2/2022 12:00,2.804
6/2/2022 13:00,2.931
6/2/2022 14:00,2.976
6/2/2022 15:00,2.953
6/2/2022 16:00,2.89
6/2/2022 17:00,2.73
6/2/2022 18:00,2.211
6/2/2022 19:00,1.727
6/2/2022 20:00,1.525
6/2/2022 21:00,1.48
6/2/2022 22:00,1.45
6/2/2022 23:00,1.401
6/3/2022 0:00,1.365
6/3/2022 1:00,1.325
6/3/2022 2:00,1.301
6/3/2022 3:00,1.249
6/3/2022 4:00,1.227
6/3/2022 5:00,1.252
6/3/2022 6:00,1.657
6/3/2022 7:00,1.88
6/3/2022 8:00,2.187
6/3/2022 9:00,2.567
6/3/2022 10:00,2.862
6/3/2022 11:00,3.055
6/3/2022 12:00,3.228
6/3/2022 13:00,3.406
6/3/2022 14:00,3.571
6/3/2022 15:00,3.607
6/3/2022 16:00,3.538
6/3/2022 17:00,3.381
6/3/2022 18:00,2.882
6/3/2022 19:00,2.116
6/3/2022 20:00,1.936
6/3/2022 21:00,1.815
6/3/2022 22:00,1.677
6/3/2022 23:00,1.571
6/4/2022 0:00,1.532
6/4/2022 1:00,1.462
6/4/2022 2:00,1.383
6/4/2022 3:00,1.331
6/4/2022 4:00,1.262
6/4/2022 5:00,1.301
6/4/2022 6:00,1.632
6/4/2022 7:00,1.81
6/4/2022 8:00,1.942
6/4/2022 9:00,2.148
6/4/2022 10:00,2.478
6/4/2022 11:00,2.873
6/4/2022 12:00,3.258
6/4/2022 13:00,3.596
6/4/2022 14:00,3.836
6/4/2022 15:00,3.924
6/4/2022 16:00,3.864
6/4/2022 17:00,3.63
6/4/2022 18:00,3.067
6/4/2022 19:00,2.118
6/4/2022 20:00,1.969
6/4/2022 21:00,2.018
6/4/2022 22:00,2.071
6/4/2022 23:00,2.092
6/5/2022 0:00,2.099
6/5/2022 1:00,2.122
6/5/2022 2:00,2.143
6/5/2022 3:00,2.131
6/5/2022 4:00,2.077
6/5/2022 5:00,2.214
6/5/2022 6:00,2.483
6/5/2022 7:00,2.388
6/5/2022 8:00,2.217
6/5/2022 9:00,2.167
6/5/2022 10:00,2.206
6/5/2022 11:00,2.27
6/5/2022 12:00,2.395
6/5/2022 13:00,2.53
6/5/2022 14:00,2.67
6/5/2022 15:00,2.776
6/5/2022 16:00,2.794
6/5/2022 17:00,2.683
6/5/2022 18:00,2.139
6/5/2022 19:00,1.763
6/5/2022 20:00,1.707
6/5/2022 21:00,1.629
6/5/2022 22:00,1.531
6/5/2022 23:00,1.457
6/6/2022 0:00,1.479
6/6/2022 1:00,1.491
6/6/2022 2:00,1.496
6/6/2022 3:00,1.494
6/6/2022 4:00,1.452
6/6/2022 5:00,1.502
6/6/2022 6:00,1.978
6/6/2022 7:00,1.884
6/6/2022 8:00,2.107
6/6/2022 9:00,2.294
6/6/2022 10:00,2.492
6/6/2022 11:00,2.709
6/6/2022 12:00,2.93
6/6/2022 13:00,3.127
6/6/2022 14:00,3.284
6/6/2022 15:00,3.365
6/6/2022 16:00,3.358
6/6/2022 17:00,3.228
6/6/2022 18:00,2.632
6/6/2022 19:00,2.061
6/6/2022 20:00,1.873
6/6/2022 21:00,1.791
6/6/2022 22:00,1.727
6/6/2022 23:00,1.652
6/7/2022 0:00,1.67
6/7/2022 1:00,1.673
6/7/2022 2:00,1.703
6/7/2022 3:00,1.727
6/7/2022 4:00,1.699
6/7/2022 5:00,1.785
6/7/2022 6:00,2.216
6/7/2022 7:00,1.964
6/7/2022 8:00,2.052
6/7/2022 9:00,2.178
6/7/2022 10:00,2.324
6/7/2022 11:00,2.539
6/7/2022 12:00,2.767
6/7/2022 13:00,2.957
6/7/2022 14:00,3.098
6/7/2022 15:00,3.183
6/7/2022 16:00,3.222
6/7/2022 17:00,3.172
6/7/2022 18:00,2.699
6/7/2022 19:00,2.014
6/7/2022 20:00,1.847
6/7/2022 21:00,1.735
6/7/2022 22:00,1.687
6/7/2022 23:00,1.69
6/8/2022 0:00,1.734
6/8/2022 1:00,1.758
6/8/2022 2:00,1.776
6/8/2022 3:00,1.767
6/8/2022 4:00,1.782
6/8/2022 5:00,2.056
6/8/2022 6:00,2.551
6/8/2022 7:00,2.851
6/8/2022 8:00,3.209
6/8/2022 9:00,3.521
6/8/2022 10:00,3.715
6/8/2022 11:00,3.88
6/8/2022 12:00,3.952
6/8/2022 13:00,3.906
6/8/2022 14:00,3.853
6/8/2022 15:00,3.773
6/8/2022 16:00,3.753
6/8/2022 17:00,3.657
6/8/2022 18:00,3.299
6/8/2022 19:00,2.498
6/8/2022 20:00,2.231
6/8/2022 21:00,2.224
6/8/2022 22:00,2.295
6/8/2022 23:00,2.37
6/9/2022 0:00,2.431
6/9/2022 1:00,2.436
6/9/2022 2:00,2.414
6/9/2022 3:00,2.371
6/9/2022 4:00,2.318
6/9/2022 5:00,2.66
6/9/2022 6:00,3.023
6/9/2022 7:00,2.983
6/9/2022 8:00,2.783
6/9/2022 9:00,2.699
6/9/2022 10:00,2.786
6/9/2022 11:00,2.935
6/9/2022 12:00,3.082
6/9/2022 13:00,3.228
6/9/2022 14:00,3.333
6/9/2022 15:00,3.374
6/9/2022 16:00,3.351
6/9/2022 17:00,3.229
6/9/2022 18:00,2.817
6/9/2022 19:00,2.187
6/9/2022 20:00,2.095
6/9/2022 21:00,2.081
6/9/2022 22:00,1.984
6/9/2022 23:00,1.936
6/10/2022 0:00,1.929
6/10/2022 1:00,1.932
6/10/2022 2:00,1.949
6/10/2022 3:00,1.962
6/10/2022 4:00,1.963
6/10/2022 5:00,2.241
6/10/2022 6:00,2.494
6/10/2022 7:00,2.552
6/10/2022 8:00,2.579
6/10/2022 9:00,2.563
6/10/2022 10:00,2.588
6/10/2022 11:00,2.654
6/10/2022 12:00,2.718
6/10/2022 13:00,2.783
6/10/2022 14:00,2.83
6/10/2022 15:00,2.844
6/10/2022 16:00,2.87
6/10/2022 17:00,2.858
6/10/2022 18:00,2.666
6/10/2022 19:00,2.316
6/10/2022 20:00,2.181
6/10/2022 21:00,2.083
6/10/2022 22:00,1.982
6/10/2022 23:00,1.939
6/11/2022 0:00,1.909
6/11/2022 1:00,1.866
6/11/2022 2:00,1.815
6/11/2022 3:00,1.787
6/11/2022 4:00,1.776
6/11/2022 5:00,1.961
6/11/2022 6:00,2.337
6/11/2022 7:00,2.483
6/11/2022 8:00,2.784
6/11/2022 9:00,3.01
6/11/2022 10:00,3.241
6/11/2022 11:00,3.406
6/11/2022 12:00,3.535
6/11/2022 13:00,3.593
6/11/2022 14:00,3.566
6/11/2022 15:00,3.48
6/11/2022 16:00,3.37
6/11/2022 17:00,3.245
6/11/2022 18:00,2.811
6/11/2022 19:00,2.352
6/11/2022 20:00,2.395
6/11/2022 21:00,2.45
6/11/2022 22:00,2.341
6/11/2022 23:00,2.221
6/12/2022 0:00,2.147
6/12/2022 1:00,2.114
6/12/2022 2:00,2.088
6/12/2022 3:00,1.963
6/12/2022 4:00,1.844
6/12/2022 5:00,2.051
6/12/2022 6:00,2.463
6/12/2022 7:00,2.58
6/12/2022 8:00,2.742
6/12/2022 9:00,2.892
6/12/2022 10:00,2.973
6/12/2022 11:00,3.061
6/12/2022 12:00,3.193
6/12/2022 13:00,3.279
6/12/2022 14:00,3.308
6/12/2022 15:00,3.329
6/12/2022 16:00,3.387
6/12/2022 17:00,3.311
6/12/2022 18:00,2.537
6/12/2022 19:00,2.009
6/12/2022 20:00,2.014
6/12/2022 21:00,2.079
6/12/2022 22:00,2.106
6/12/2022 23:00,2.01
6/13/2022 0:00,1.853
6/13/2022 1:00,1.812
6/13/2022 2:00,1.783
6/13/2022 3:00,1.671
6/13/2022 4:00,1.563
6/13/2022 5:00,1.594
6/13/2022 6:00,1.841
6/13/2022 7:00,1.816
6/13/2022 8:00,1.866
6/13/2022 9:00,2.173
6/13/2022 10:00,2.399
6/13/2022 11:00,2.614
6/13/2022 12:00,2.779
6/13/2022 13:00,2.887
6/13/2022 14:00,2.951
6/13/2022 15:00,2.997
6/13/2022 16:00,3.011
6/13/2022 17:00,2.892
6/13/2022 18:00,2.238
6/13/2022 19:00,1.867
6/13/2022 20:00,1.936
6/13/2022 21:00,1.918
6/13/2022 22:00,1.681
6/13/2022 23:00,1.502
6/14/2022 0:00,1.424
6/14/2022 1:00,1.376
6/14/2022 2:00,1.313
6/14/2022 3:00,1.278
6/14/2022 4:00,1.31
6/14/2022 5:00,1.305
6/14/2022 6:00,1.579
6/14/2022 7:00,1.687
6/14/2022 8:00,1.854
6/14/2022 9:00,2.005
6/14/2022 10:00,2.166
6/14/2022 11:00,2.305
6/14/2022 12:00,2.475
6/14/2022 13:00,2.701
6/14/2022 14:00,2.856
6/14/2022 15:00,2.867
6/14/2022 16:00,2.764
6/14/2022 17:00,2.534
6/14/2022 18:00,1.918
6/14/2022 19:00,1.607
6/14/2022 20:00,1.499
6/14/2022 21:00,1.751
6/14/2022 22:00,1.866
6/14/2022 23:00,1.581
6/15/2022 0:00,1.267
6/15/2022 1:00,1.285
6/15/2022 2:00,1.396
6/15/2022 3:00,1.461
6/15/2022 4:00,1.438
6/15/2022 5:00,1.354
6/15/2022 6:00,1.755
6/15/2022 7:00,1.719
6/15/2022 8:00,1.799
6/15/2022 9:00,1.972
6/15/2022 10:00,2.119
6/15/2022 11:00,2.242
6/15/2022 12:00,2.4
6/15/2022 13:00,2.634
6/15/2022 14:00,2.831
6/15/2022 15:00,2.969
6/15/2022 16:00,2.995
6/15/2022 17:00,2.678
6/15/2022 18:00,2.147
6/15/2022 19:00,1.864
6/15/2022 20:00,1.998
6/15/2022 21:00,1.876
6/15/2022 22:00,1.734
6/15/2022 23:00,1.62
6/16/2022 0:00,1.622
6/16/2022 1:00,1.487
6/16/2022 2:00,1.476
6/16/2022 3:00,1.513
6/16/2022 4:00,1.464
6/16/2022 5:00,1.447
6/16/2022 6:00,1.767
6/16/2022 7:00,1.792
6/16/2022 8:00,2.011
6/16/2022 9:00,2.193
6/16/2022 10:00,2.415
6/16/2022 11:00,2.762
6/16/2022 12:00,3.113
6/16/2022 13:00,3.304
6/16/2022 14:00,3.263
6/16/2022 15:00,3.122
6/16/2022 16:00,3.021
6/16/2022 17:00,2.828
6/16/2022 18:00,2.152
6/16/2022 19:00,1.7
6/16/2022 20:00,1.721
6/16/2022 21:00,1.781
6/16/2022 22:00,1.821
6/16/2022 23:00,1.867
6/17/2022 0:00,1.877
6/17/2022 1:00,1.837
6/17/2022 2:00,1.771
6/17/2022 3:00,1.679
6/17/2022 4:00,1.594
6/17/2022 5:00,1.657
6/17/2022 6:00,2.164
6/17/2022 7:00,2.343
6/17/2022 8:00,2.705
6/17/2022 9:00,2.939
6/17/2022 10:00,3.074
6/17/2022 11:00,3.197
6/17/2022 12:00,3.32
6/17/2022 13:00,3.381
6/17/2022 14:00,3.307
6/17/2022 15:00,3.12
6/17/2022 16:00,2.873
6/17/2022 17:00,2.555
6/17/2022 18:00,1.917
6/17/2022 19:00,1.548
6/17/2022 20:00,1.551
6/17/2022 21:00,1.581
6/17/2022 22:00,1.634
6/17/2022 23:00,1.711
6/18/2022 0:00,1.787
6/18/2022 1:00,1.811
6/18/2022 2:00,1.796
6/18/2022 3:00,1.755
6/18/2022 4:00,1.69
6/18/2022 5:00,1.734
6/18/2022 6:00,2.151
6/18/2022 7:00,2.329
6/18/2022 8:00,2.75
6/18/2022 9:00,3.158
6/18/2022 10:00,3.511
6/18/2022 11:00,3.81
6/18/2022 12:00,4.057
6/18/2022 13:00,4.287
6/18/2022 14:00,4.506
6/18/2022 15:00,4.58
6/18/2022 16:00,4.564
6/18/2022 17:00,4.372
6/18/2022 18:00,3.848
6/18/2022 19:00,3.216
6/18/2022 20:00,2.975
6/18/2022 21:00,2.836
6/18/2022 22:00,2.749
6/18/2022 23:00,2.696
6/19/2022 0:00,2.582
6/19/2022 1:00,2.38
6/19/2022 2:00,2.276
6/19/2022 3:00,2.166
6/19/2022 4:00,2.061
6/19/2022 5:00,2.372
6/19/2022 6:00,2.796
6/19/2022 7:00,3.007
6/19/2022 8:00,3.272
6/19/2022 9:00,3.564
6/19/2022 10:00,3.904
6/19/2022 11:00,4.223
6/19/2022 12:00,4.471
6/19/2022 13:00,4.648
6/19/2022 14:00,4.736
6/19/2022 15:00,4.696
6/19/2022 16:00,4.586
6/19/2022 17:00,4.398
6/19/2022 18:00,3.973
6/19/2022 19:00,3.116
6/19/2022 20:00,2.652
6/19/2022 21:00,2.441
6/19/2022 22:00,2.249
6/19/2022 23:00,2.071
6/20/2022 0:00,1.917
6/20/2022 1:00,1.786
6/20/2022 2:00,1.703
6/20/2022 3:00,1.642
6/20/2022 4:00,1.589
6/20/2022 5:00,1.84
6/20/2022 6:00,2.271
6/20/2022 7:00,2.588
6/20/2022 8:00,2.922
6/20/2022 9:00,3.209
6/20/2022 10:00,3.591
6/20/2022 11:00,3.914
6/20/2022 12:00,4.166
6/20/2022 13:00,4.37
6/20/2022 14:00,4.457
6/20/2022 15:00,4.379
6/20/2022 16:00,4.146
6/20/2022 17:00,3.784
6/20/2022 18:00,3.202
6/20/2022 19:00,2.267
6/20/2022 20:00,2.039
6/20/2022 21:00,1.969
6/20/2022 22:00,1.873
6/20/2022 23:00,1.696
6/21/2022 0:00,1.582
6/21/2022 1:00,1.6
6/21/2022 2:00,1.601
6/21/2022 3:00,1.546
6/21/2022 4:00,1.433
6/21/2022 5:00,1.398
6/21/2022 6:00,1.547
6/21/2022 7:00,1.913
6/21/2022 8:00,2.087
6/21/2022 9:00,2.349
6/21/2022 10:00,2.851
6/21/2022 11:00,3.093
6/21/2022 12:00,3.292
6/21/2022 13:00,3.367
6/21/2022 14:00,3.633
6/21/2022 15:00,3.925
6/21/2022 16:00,3.943
6/21/2022 17:00,3.684
6/21/2022 18:00,3.083
6/21/2022 19:00,2.502
6/21/2022 20:00,2.53
6/21/2022 21:00,2.537
6/21/2022 22:00,2.291
6/21/2022 23:00,2.237
6/22/2022 0:00,2.145
6/22/2022 1:00,2.038
6/22/2022 2:00,1.922
6/22/2022 3:00,1.806
6/22/2022 4:00,1.737
6/22/2022 5:00,2.02
6/22/2022 6:00,2.522
6/22/2022 7:00,2.753
6/22/2022 8:00,2.788
6/22/2022 9:00,2.919
6/22/2022 10:00,3.165
6/22/2022 11:00,3.426
6/22/2022 12:00,3.658
6/22/2022 13:00,3.841
6/22/2022 14:00,3.947
6/22/2022 15:00,3.948
6/22/2022 16:00,3.851
6/22/2022 17:00,3.674
6/22/2022 18:00,3.352
6/22/2022 19:00,2.666
6/22/2022 20:00,2.375
6/22/2022 21:00,2.282
6/22/2022 22:00,2.199
6/22/2022 23:00,2.095
6/23/2022 0:00,1.997
6/23/2022 1:00,1.912
6/23/2022 2:00,1.856
6/23/2022 3:00,1.852
6/23/2022 4:00,1.889
6/23/2022 5:00,2.371
6/23/2022 6:00,2.867
6/23/2022 7:00,3.063
6/23/2022 8:00,3.13
6/23/2022 9:00,3.239
6/23/2022 10:00,3.46
6/23/2022 11:00,3.753
6/23/2022 12:00,4.035
6/23/2022 13:00,4.257
6/23/2022 14:00,4.388
6/23/2022 15:00,4.433
6/23/2022 16:00,4.378
6/23/2022 17:00,4.214
6/23/2022 18:00,3.765
6/23/2022 19:00,2.874
6/23/2022 20:00,2.439
6/23/2022 21:00,2.281
6/23/2022 22:00,2.189
6/23/2022 23:00,2.121
6/24/2022 0:00,2.089
6/24/2022 1:00,2.079
6/24/2022 2:00,2.075
6/24/2022 3:00,2.056
6/24/2022 4:00,2.044
6/24/2022 5:00,2.374
6/24/2022 6:00,2.905
6/24/2022 7:00,3.049
6/24/2022 8:00,2.944
6/24/2022 9:00,2.874
6/24/2022 10:00,2.89
6/24/2022 11:00,3.013
6/24/2022 12:00,3.219
6/24/2022 13:00,3.415
6/24/2022 14:00,3.585
6/24/2022 15:00,3.665
6/24/2022 16:00,3.634
6/24/2022 17:00,3.512
6/24/2022 18:00,3.116
6/24/2022 19:00,2.302
6/24/2022 20:00,2.134
6/24/2022 21:00,2.073
6/24/2022 22:00,1.98
6/24/2022 23:00,1.891
6/25/2022 0:00,1.819
6/25/2022 1:00,1.748
6/25/2022 2:00,1.701
6/25/2022 3:00,1.687
6/25/2022 4:00,1.674
6/25/2022 5:00,1.845
6/25/2022 6:00,2.08
6/25/2022 7:00,2.184
6/25/2022 8:00,2.519
6/25/2022 9:00,2.915
6/25/2022 10:00,3.201
6/25/2022 11:00,3.414
6/25/2022 12:00,3.576
6/25/2022 13:00,3.713
6/25/2022 14:00,3.819
6/25/2022 15:00,3.892
6/25/2022 16:00,3.901
6/25/2022 17:00,3.784
6/25/2022 18:00,3.427
6/25/2022 19:00,2.528
6/25/2022 20:00,2.142
6/25/2022 21:00,1.972
6/25/2022 22:00,1.883
6/25/2022 23:00,1.858
6/26/2022 0:00,1.838
6/26/2022 1:00,1.823
6/26/2022 2:00,1.78
6/26/2022 3:00,1.75
6/26/2022 4:00,1.773
6/26/2022 5:00,2.132
6/26/2022 6:00,2.428
6/26/2022 7:00,2.557
6/26/2022 8:00,2.779
6/26/2022 9:00,2.876
6/26/2022 10:00,3.003
6/26/2022 11:00,3.174
6/26/2022 12:00,3.345
6/26/2022 13:00,3.487
6/26/2022 14:00,3.59
6/26/2022 15:00,3.648
6/26/2022 16:00,3.619
6/26/2022 17:00,3.489
6/26/2022 18:00,3.12
6/26/2022 19:00,2.305
6/26/2022 20:00,2.14
6/26/2022 21:00,2.184
6/26/2022 22:00,2.361
6/26/2022 23:00,2.513
6/27/2022 0:00,2.642
6/27/2022 1:00,2.685
6/27/2022 2:00,2.659
6/27/2022 3:00,2.658
6/27/2022 4:00,2.681
6/27/2022 5:00,3.024
6/27/2022 6:00,3.486
6/27/2022 7:00,3.532
6/27/2022 8:00,3.418
6/27/2022 9:00,3.304
6/27/2022 10:00,3.245
6/27/2022 11:00,3.231
6/27/2022 12:00,3.228
6/27/2022 13:00,3.216
6/27/2022 14:00,3.223
6/27/2022 15:00,3.255
6/27/2022 16:00,3.28
6/27/2022 17:00,3.276
6/27/2022 18:00,3.084
6/27/2022 19:00,2.583
6/27/2022 20:00,2.69
6/27/2022 21:00,2.818
6/27/2022 22:00,2.81
6/27/2022 23:00,2.789
6/28/2022 0:00,2.715
6/28/2022 1:00,2.595
6/28/2022 2:00,2.46
6/28/2022 3:00,2.31
6/28/2022 4:00,2.19
6/28/2022 5:00,2.367
6/28/2022 6:00,2.613
6/28/2022 7:00,2.489
6/28/2022 8:00,2.284
6/28/2022 9:00,2.377
6/28/2022 10:00,2.363
6/28/2022 11:00,2.413
6/28/2022 12:00,2.559
6/28/2022 13:00,2.725
6/28/2022 14:00,2.887
6/28/2022 15:00,3.028
6/28/2022 16:00,3.099
6/28/2022 17:00,3.068
6/28/2022 18:00,2.664
6/28/2022 19:00,2.113
6/28/2022 20:00,1.951
6/28/2022 21:00,1.759
6/28/2022 22:00,1.622
6/28/2022 23:00,1.511
6/29/2022 0:00,1.423
6/29/2022 1:00,1.376
6/29/2022 2:00,1.392
6/29/2022 3:00,1.402
6/29/2022 4:00,1.41
6/29/2022 5:00,1.565
6/29/2022 6:00,1.858
6/29/2022 7:00,1.736
6/29/2022 8:00,2.165
6/29/2022 9:00,2.638
6/29/2022 10:00,3.008
6/29/2022 11:00,3.359
6/29/2022 12:00,3.691
6/29/2022 13:00,3.972
6/29/2022 14:00,4.172
6/29/2022 15:00,4.265
6/29/2022 16:00,4.256
6/29/2022 17:00,4.133
6/29/2022 18:00,3.702
6/29/2022 19:00,2.77
6/29/2022 20:00,2.545
6/29/2022 21:00,2.389
6/29/2022 22:00,2.262
6/29/2022 23:00,2.182
6/30/2022 0:00,2.116
6/30/2022 1:00,2.003
6/30/2022 2:00,1.89
6/30/2022 3:00,1.811
6/30/2022 4:00,1.783
6/30/2022 5:00,2.014
6/30/2022 6:00,2.286
6/30/2022 7:00,2.244
6/30/2022 8:00,2.426
6/30/2022 9:00,2.639
6/30/2022 10:00,2.806
6/30/2022 11:00,2.967
6/30/2022 12:00,3.135
6/30/2022 13:00,3.306
6/30/2022 14:00,3.419
6/30/2022 15:00,3.458
6/30/2022 16:00,3.411
6/30/2022 17:00,3.302
6/30/2022 18:00,3.039
6/30/2022 19:00,2.458
6/30/2022 20:00,2.453
6/30/2022 21:00,2.486
6/30/2022 22:00,2.55
6/30/2022 23:00,2.573
7/1/2022 0:00,2.603
7/1/2022 1:00,2.602
7/1/2022 2:00,2.608
7/1/2022 3:00,2.572
7/1/2022 4:00,2.522
7/1/2022 5:00,2.775
7/1/2022 6:00,3.026
7/1/2022 7:00,2.935
7/1/2022 8:00,2.757
7/1/2022 9:00,2.624
7/1/2022 10:00,2.688
7/1/2022 11:00,2.814
7/1/2022 12:00,2.952
7/1/2022 13:00,3.097
7/1/2022 14:00,3.222
7/1/2022 15:00,3.283
7/1/2022 16:00,3.246
7/1/2022 17:00,3.129
7/1/2022 18:00,2.833
7/1/2022 19:00,2.39
7/1/2022 20:00,2.274
7/1/2022 21:00,2.202
7/1/2022 22:00,2.248
7/1/2022 23:00,2.366
7/2/2022 0:00,2.383
7/2/2022 1:00,2.371
7/2/2022 2:00,2.336
7/2/2022 3:00,2.276
7/2/2022 4:00,2.15
7/2/2022 5:00,2.374
7/2/2022 6:00,2.662
7/2/2022 7:00,2.844
7/2/2022 8:00,2.864
7/2/2022 9:00,2.859
7/2/2022 10:00,2.841
7/2/2022 11:00,2.835
7/2/2022 12:00,2.878
7/2/2022 13:00,2.935
7/2/2022 14:00,2.979
7/2/2022 15:00,2.997
7/2/2022 16:00,2.977
7/2/2022 17:00,2.903
7/2/2022 18:00,2.591
7/2/2022 19:00,2.156
7/2/2022 20:00,2.075
7/2/2022 21:00,1.941
7/2/2022 22:00,1.859
7/2/2022 23:00,1.831
7/3/2022 0:00,1.83
7/3/2022 1:00,1.909
7/3/2022 2:00,1.903
7/3/2022 3:00,1.828
7/3/2022 4:00,1.729
7/3/2022 5:00,1.851
7/3/2022 6:00,2.135
7/3/2022 7:00,2.269
7/3/2022 8:00,2.465
7/3/2022 9:00,2.619
7/3/2022 10:00,2.795
7/3/2022 11:00,3.013
7/3/2022 12:00,3.186
7/3/2022 13:00,3.287
7/3/2022 14:00,3.376
7/3/2022 15:00,3.453
7/3/2022 16:00,3.449
7/3/2022 17:00,3.334
7/3/2022 18:00,2.977
7/3/2022 19:00,2.202
7/3/2022 20:00,1.991
7/3/2022 21:00,1.884
7/3/2022 22:00,1.882
7/3/2022 23:00,1.804
7/4/2022 0:00,1.713
7/4/2022 1:00,1.63
7/4/2022 2:00,1.554
7/4/2022 3:00,1.466
7/4/2022 4:00,1.392
7/4/2022 5:00,1.52
7/4/2022 6:00,1.789
7/4/2022 7:00,1.832
7/4/2022 8:00,1.906
7/4/2022 9:00,1.998
7/4/2022 10:00,2.184
7/4/2022 11:00,2.418
7/4/2022 12:00,2.649
7/4/2022 13:00,2.845
7/4/2022 14:00,2.963
7/4/2022 15:00,2.997
7/4/2022 16:00,2.983
7/4/2022 17:00,2.913
7/4/2022 18:00,2.544
7/4/2022 19:00,2.029
7/4/2022 20:00,1.88
7/4/2022 21:00,1.85
7/4/2022 22:00,1.887
7/4/2022 23:00,1.76
7/5/2022 0:00,1.677
7/5/2022 1:00,1.707
7/5/2022 2:00,1.715
7/5/2022 3:00,1.684
7/5/2022 4:00,1.74
7/5/2022 5:00,2.048
7/5/2022 6:00,2.478
7/5/2022 7:00,2.564
7/5/2022 8:00,2.555
7/5/2022 9:00,2.676
7/5/2022 10:00,2.826
7/5/2022 11:00,2.986
7/5/2022 12:00,3.187
7/5/2022 13:00,3.385
7/5/2022 14:00,3.519
7/5/2022 15:00,3.56
7/5/2022 16:00,3.507
7/5/2022 17:00,3.415
7/5/2022 18:00,3.159
7/5/2022 19:00,2.81
7/5/2022 20:00,2.759
7/5/2022 21:00,2.392
7/5/2022 22:00,2.196
7/5/2022 23:00,2.132
7/6/2022 0:00,2.1
7/6/2022 1:00,2.048
7/6/2022 2:00,1.99
7/6/2022 3:00,2.079
7/6/2022 4:00,2.32
7/6/2022 5:00,2.371
7/6/2022 6:00,2.747
7/6/2022 7:00,2.798
7/6/2022 8:00,2.832
7/6/2022 9:00,2.821
7/6/2022 10:00,2.659
7/6/2022 11:00,2.626
7/6/2022 12:00,2.656
7/6/2022 13:00,2.797
7/6/2022 14:00,2.859
7/6/2022 15:00,2.922
7/6/2022 16:00,2.997
7/6/2022 17:00,3.09
7/6/2022 18:00,3.112
7/6/2022 19:00,2.948
7/6/2022 20:00,3.07
7/6/2022 21:00,2.999
7/6/2022 22:00,2.819
7/6/2022 23:00,2.697
7/7/2022 0:00,2.686
7/7/2022 1:00,2.735
7/7/2022 2:00,2.781
7/7/2022 3:00,2.768
7/7/2022 4:00,2.713
7/7/2022 5:00,3.002
7/7/2022 6:00,3.399
7/7/2022 7:00,3.397
7/7/2022 8:00,3.334
7/7/2022 9:00,3.2
7/7/2022 10:00,3.088
7/7/2022 11:00,3.06
7/7/2022 12:00,3.099
7/7/2022 13:00,3.188
7/7/2022 14:00,3.291
7/7/2022 15:00,3.388
7/7/2022 16:00,3.432
7/7/2022 17:00,3.376
7/7/2022 18:00,3.052
7/7/2022 19:00,2.415
7/7/2022 20:00,2.388
7/7/2022 21:00,2.329
7/7/2022 22:00,2.313
7/7/2022 23:00,2.364
7/8/2022 0:00,2.381
7/8/2022 1:00,2.363
7/8/2022 2:00,2.314
7/8/2022 3:00,2.305
7/8/2022 4:00,2.368
7/8/2022 5:00,2.793
7/8/2022 6:00,3.147
7/8/2022 7:00,2.864
7/8/2022 8:00,2.647
7/8/2022 9:00,2.657
7/8/2022 10:00,2.683
7/8/2022 11:00,2.722
7/8/2022 12:00,2.785
7/8/2022 13:00,2.86
7/8/2022 14:00,2.912
7/8/2022 15:00,2.901
7/8/2022 16:00,2.853
7/8/2022 17:00,2.779
7/8/2022 18:00,2.478
7/8/2022 19:00,2.045
7/8/2022 20:00,2.01
7/8/2022 21:00,1.96
7/8/2022 22:00,2.018
7/8/2022 23:00,2.15
7/9/2022 0:00,2.16
7/9/2022 1:00,2.104
7/9/2022 2:00,2.047
7/9/2022 3:00,2.015
7/9/2022 4:00,1.957
7/9/2022 5:00,2.053
7/9/2022 6:00,2.31
7/9/2022 7:00,2.425
7/9/2022 8:00,2.523
7/9/2022 9:00,2.532
7/9/2022 10:00,2.518
7/9/2022 11:00,2.579
7/9/2022 12:00,2.682
7/9/2022 13:00,2.785
7/9/2022 14:00,2.868
7/9/2022 15:00,2.864
7/9/2022 16:00,2.82
7/9/2022 17:00,2.792
7/9/2022 18:00,2.542
7/9/2022 19:00,2.081
7/9/2022 20:00,2.03
7/9/2022 21:00,1.991
7/9/2022 22:00,1.994
7/9/2022 23:00,2.083
7/10/2022 0:00,2.091
7/10/2022 1:00,1.983
7/10/2022 2:00,1.871
7/10/2022 3:00,1.805
7/10/2022 4:00,1.77
7/10/2022 5:00,1.852
7/10/2022 6:00,2.09
7/10/2022 7:00,2.194
7/10/2022 8:00,2.3
7/10/2022 9:00,2.286
7/10/2022 10:00,2.302
7/10/2022 11:00,2.559
7/10/2022 12:00,2.76
7/10/2022 13:00,2.902
7/10/2022 14:00,2.986
7/10/2022 15:00,2.993
7/10/2022 16:00,2.958
7/10/2022 17:00,2.891
7/10/2022 18:00,2.578
7/10/2022 19:00,2.09
7/10/2022 20:00,1.97
7/10/2022 21:00,1.767
7/10/2022 22:00,1.643
7/10/2022 23:00,1.603
7/11/2022 0:00,1.578
7/11/2022 1:00,1.535
7/11/2022 2:00,1.499
7/11/2022 3:00,1.474
7/11/2022 4:00,1.453
7/11/2022 5:00,1.625
7/11/2022 6:00,1.998
7/11/2022 7:00,2.139
7/11/2022 8:00,2.356
7/11/2022 9:00,2.562
7/11/2022 10:00,2.805
7/11/2022 11:00,3.065
7/11/2022 12:00,3.271
7/11/2022 13:00,3.418
7/11/2022 14:00,3.487
7/11/2022 15:00,3.438
7/11/2022 16:00,3.3
7/11/2022 17:00,3.097
7/11/2022 18:00,2.742
7/11/2022 19:00,2.188
7/11/2022 20:00,2.106
7/11/2022 21:00,2.045
7/11/2022 22:00,2.024
7/11/2022 23:00,2.075
7/12/2022 0:00,2.148
7/12/2022 1:00,2.148
7/12/2022 2:00,2.128
7/12/2022 3:00,2.086
7/12/2022 4:00,2.021
7/12/2022 5:00,2.097
7/12/2022 6:00,2.564
7/12/2022 7:00,2.766
7/12/2022 8:00,3.019
7/12/2022 9:00,3.099
7/12/2022 10:00,3.124
7/12/2022 11:00,3.157
7/12/2022 12:00,3.191
7/12/2022 13:00,3.188
7/12/2022 14:00,3.126
7/12/2022 15:00,3.036
7/12/2022 16:00,2.935
7/12/2022 17:00,2.817
7/12/2022 18:00,2.371
7/12/2022 19:00,1.939
7/12/2022 20:00,1.831
7/12/2022 21:00,1.679
7/12/2022 22:00,1.562
7/12/2022 23:00,1.546
7/13/2022 0:00,1.651
7/13/2022 1:00,1.703
7/13/2022 2:00,1.693
7/13/2022 3:00,1.668
7/13/2022 4:00,1.623
7/13/2022 5:00,1.578
7/13/2022 6:00,2.007
7/13/2022 7:00,2.053
7/13/2022 8:00,2.188
7/13/2022 9:00,2.435
7/13/2022 10:00,2.658
7/13/2022 11:00,2.893
7/13/2022 12:00,3.106
7/13/2022 13:00,3.245
7/13/2022 14:00,3.307
7/13/2022 15:00,3.274
7/13/2022 16:00,3.202
7/13/2022 17:00,3.054
7/13/2022 18:00,2.455
7/13/2022 19:00,1.903
7/13/2022 20:00,1.782
7/13/2022 21:00,1.691
7/13/2022 22:00,1.635
7/13/2022 23:00,1.596
7/14/2022 0:00,1.598
7/14/2022 1:00,1.59
7/14/2022 2:00,1.564
7/14/2022 3:00,1.534
7/14/2022 4:00,1.528
7/14/2022 5:00,1.604
7/14/2022 6:00,2.109
7/14/2022 7:00,2.247
7/14/2022 8:00,2.334
7/14/2022 9:00,2.466
7/14/2022 10:00,2.564
7/14/2022 11:00,2.64
7/14/2022 12:00,2.711
7/14/2022 13:00,2.802
7/14/2022 14:00,2.91
7/14/2022 15:00,2.992
7/14/2022 16:00,3.022
7/14/2022 17:00,2.98
7/14/2022 18:00,2.509
7/14/2022 19:00,2.038
7/14/2022 20:00,2.131
7/14/2022 21:00,2.153
7/14/2022 22:00,2.065
7/14/2022 23:00,1.995
7/15/2022 0:00,1.955
7/15/2022 1:00,1.912
7/15/2022 2:00,1.868
7/15/2022 3:00,1.848
7/15/2022 4:00,1.862
7/15/2022 5:00,1.991
7/15/2022 6:00,2.392
7/15/2022 7:00,2.255
7/15/2022 8:00,2.513
7/15/2022 9:00,2.735
7/15/2022 10:00,2.926
7/15/2022 11:00,3.074
7/15/2022 12:00,3.183
7/15/2022 13:00,3.271
7/15/2022 14:00,3.349
7/15/2022 15:00,3.389
7/15/2022 16:00,3.377
7/15/2022 17:00,3.247
7/15/2022 18:00,2.63
7/15/2022 19:00,2.017
7/15/2022 20:00,1.948
7/15/2022 21:00,1.928
7/15/2022 22:00,1.903
7/15/2022 23:00,1.857
7/16/2022 0:00,1.758
7/16/2022 1:00,1.69
7/16/2022 2:00,1.664
7/16/2022 3:00,1.647
7/16/2022 4:00,1.663
7/16/2022 5:00,1.732
7/16/2022 6:00,2.234
7/16/2022 7:00,2.262
7/16/2022 8:00,2.48
7/16/2022 9:00,2.646
7/16/2022 10:00,2.783
7/16/2022 11:00,2.91
7/16/2022 12:00,3.045
7/16/2022 13:00,3.19
7/16/2022 14:00,3.306
7/16/2022 15:00,3.339
7/16/2022 16:00,3.263
7/16/2022 17:00,3.07
7/16/2022 18:00,2.476
7/16/2022 19:00,1.879
7/16/2022 20:00,1.748
7/16/2022 21:00,1.599
7/16/2022 22:00,1.568
7/16/2022 23:00,1.597
7/17/2022 0:00,1.589
7/17/2022 1:00,1.571
7/17/2022 2:00,1.555
7/17/2022 3:00,1.581
7/17/2022 4:00,1.628
7/17/2022 5:00,1.743
7/17/2022 6:00,2.433
7/17/2022 7:00,2.552
7/17/2022 8:00,2.827
7/17/2022 9:00,2.961
7/17/2022 10:00,3.063
7/17/2022 11:00,3.167
7/17/2022 12:00,3.252
7/17/2022 13:00,3.309
7/17/2022 14:00,3.338
7/17/2022 15:00,3.361
7/17/2022 16:00,3.336
7/17/2022 17:00,3.234
7/17/2022 18:00,2.613
7/17/2022 19:00,1.995
7/17/2022 20:00,1.954
7/17/2022 21:00,1.893
7/17/2022 22:00,1.81
7/17/2022 23:00,1.733
7/18/2022 0:00,1.698
7/18/2022 1:00,1.64
7/18/2022 2:00,1.635
7/18/2022 3:00,1.663
7/18/2022 4:00,1.712
7/18/2022 5:00,1.891
7/18/2022 6:00,2.428
7/18/2022 7:00,2.612
7/18/2022 8:00,2.82
7/18/2022 9:00,2.935
7/18/2022 10:00,3.076
7/18/2022 11:00,3.233
7/18/2022 12:00,3.383
7/18/2022 13:00,3.517
7/18/2022 14:00,3.642
7/18/2022 15:00,3.718
7/18/2022 16:00,3.729
7/18/2022 17:00,3.664
7/18/2022 18:00,3.195
7/18/2022 19:00,2.477
7/18/2022 20:00,2.312
7/18/2022 21:00,2.118
7/18/2022 22:00,1.863
7/18/2022 23:00,1.755
7/19/2022 0:00,1.721
7/19/2022 1:00,1.665
7/19/2022 2:00,1.589
7/19/2022 3:00,1.514
7/19/2022 4:00,1.452
7/19/2022 5:00,1.541
7/19/2022 6:00,1.943
7/19/2022 7:00,2.145
7/19/2022 8:00,2.36
7/19/2022 9:00,2.58
7/19/2022 10:00,2.867
7/19/2022 11:00,3.186
7/19/2022 12:00,3.453
7/19/2022 13:00,3.648
7/19/2022 14:00,3.753
7/19/2022 15:00,3.754
7/19/2022 16:00,3.672
7/19/2022 17:00,3.495
7/19/2022 18:00,2.959
7/19/2022 19:00,2.095
7/19/2022 20:00,1.893
7/19/2022 21:00,1.813
7/19/2022 22:00,1.827
7/19/2022 23:00,1.798
7/20/2022 0:00,1.752
7/20/2022 1:00,1.717
7/20/2022 2:00,1.714
7/20/2022 3:00,1.744
7/20/2022 4:00,1.785
7/20/2022 5:00,1.991
7/20/2022 6:00,2.509
7/20/2022 7:00,2.485
7/20/2022 8:00,2.382
7/20/2022 9:00,2.232
7/20/2022 10:00,2.18
7/20/2022 11:00,2.187
7/20/2022 12:00,2.248
7/20/2022 13:00,2.365
7/20/2022 14:00,2.459
7/20/2022 15:00,2.512
7/20/2022 16:00,2.526
7/20/2022 17:00,2.504
7/20/2022 18:00,2.325
7/20/2022 19:00,2.065
7/20/2022 20:00,2.045
7/20/2022 21:00,1.943
7/20/2022 22:00,1.94
7/20/2022 23:00,1.994
7/21/2022 0:00,2.017
7/21/2022 1:00,2.016
7/21/2022 2:00,2.003
7/21/2022 3:00,1.968
7/21/2022 4:00,1.952
7/21/2022 5:00,2.181
7/21/2022 6:00,2.739
7/21/2022 7:00,2.889
7/21/2022 8:00,2.904
7/21/2022 9:00,2.941
7/21/2022 10:00,2.994
7/21/2022 11:00,3.058
7/21/2022 12:00,3.141
7/21/2022 13:00,3.233
7/21/2022 14:00,3.292
7/21/2022 15:00,3.309
7/21/2022 16:00,3.293
7/21/2022 17:00,3.237
7/21/2022 18:00,2.867
7/21/2022 19:00,2.439
7/21/2022 20:00,2.356
7/21/2022 21:00,2.199
7/21/2022 22:00,2.07
7/21/2022 23:00,1.981
7/22/2022 0:00,1.929
7/22/2022 1:00,1.884
7/22/2022 2:00,1.803
7/22/2022 3:00,1.742
7/22/2022 4:00,1.728
7/22/2022 5:00,1.824
7/22/2022 6:00,2.252
7/22/2022 7:00,2.227
7/22/2022 8:00,2.378
7/22/2022 9:00,2.701
7/22/2022 10:00,2.89
7/22/2022 11:00,3.063
7/22/2022 12:00,3.242
7/22/2022 13:00,3.424
7/22/2022 14:00,3.569
7/22/2022 15:00,3.644
7/22/2022 16:00,3.664
7/22/2022 17:00,3.574
7/22/2022 18:00,2.925
7/22/2022 19:00,2.322
7/22/2022 20:00,2.112
7/22/2022 21:00,1.929
7/22/2022 22:00,1.785
7/22/2022 23:00,1.647
7/23/2022 0:00,1.552
7/23/2022 1:00,1.536
7/23/2022 2:00,1.522
7/23/2022 3:00,1.526
7/23/2022 4:00,1.51
7/23/2022 5:00,1.694
7/23/2022 6:00,2.104
7/23/2022 7:00,2.015
7/23/2022 8:00,1.852
7/23/2022 9:00,2.39
7/23/2022 10:00,2.652
7/23/2022 11:00,2.894
7/23/2022 12:00,3.114
7/23/2022 13:00,3.302
7/23/2022 14:00,3.432
7/23/2022 15:00,3.477
7/23/2022 16:00,3.439
7/23/2022 17:00,3.298
7/23/2022 18:00,2.576
7/23/2022 19:00,2
7/23/2022 20:00,1.77
7/23/2022 21:00,1.519
7/23/2022 22:00,1.332
7/23/2022 23:00,1.187
7/24/2022 0:00,1.092
7/24/2022 1:00,1.034
7/24/2022 2:00,1.026
7/24/2022 3:00,1.068
7/24/2022 4:00,1.099
7/24/2022 5:00,1.148
7/24/2022 6:00,1.457
7/24/2022 7:00,1.573
7/24/2022 8:00,1.977
7/24/2022 9:00,2.384
7/24/2022 10:00,2.624
7/24/2022 11:00,2.862
7/24/2022 12:00,3.151
7/24/2022 13:00,3.416
7/24/2022 14:00,3.625
7/24/2022 15:00,3.768
7/24/2022 16:00,3.835
7/24/2022 17:00,3.804
7/24/2022 18:00,3.255
7/24/2022 19:00,2.569
7/24/2022 20:00,2.41
7/24/2022 21:00,2.203
7/24/2022 22:00,2.079
7/24/2022 23:00,1.983
7/25/2022 0:00,1.874
7/25/2022 1:00,1.791
7/25/2022 2:00,1.767
7/25/2022 3:00,1.733
7/25/2022 4:00,1.691
7/25/2022 5:00,1.755
7/25/2022 6:00,2.314
7/25/2022 7:00,2.413
7/25/2022 8:00,2.654
7/25/2022 9:00,2.964
7/25/2022 10:00,3.001
7/25/2022 11:00,3.044
7/25/2022 12:00,3.249
7/25/2022 13:00,3.444
7/25/2022 14:00,3.525
7/25/2022 15:00,3.489
7/25/2022 16:00,3.385
7/25/2022 17:00,3.253
7/25/2022 18:00,2.765
7/25/2022 19:00,2.357
7/25/2022 20:00,2.401
7/25/2022 21:00,2.46
7/25/2022 22:00,2.468
7/25/2022 23:00,2.486
7/26/2022 0:00,2.494
7/26/2022 1:00,2.499
7/26/2022 2:00,2.496
7/26/2022 3:00,2.434
7/26/2022 4:00,2.381
7/26/2022 5:00,2.564
7/26/2022 6:00,3.023
7/26/2022 7:00,3.13
7/26/2022 8:00,3.067
7/26/2022 9:00,2.899
7/26/2022 10:00,2.982
7/26/2022 11:00,3.219
7/26/2022 12:00,3.475
7/26/2022 13:00,3.688
7/26/2022 14:00,3.832
7/26/2022 15:00,3.882
7/26/2022 16:00,3.831
7/26/2022 17:00,3.669
7/26/2022 18:00,3.177
7/26/2022 19:00,2.657
7/26/2022 20:00,2.574
7/26/2022 21:00,2.515
7/26/2022 22:00,2.535
7/26/2022 23:00,2.586
7/27/2022 0:00,2.602
7/27/2022 1:00,2.577
7/27/2022 2:00,2.516
7/27/2022 3:00,2.45
7/27/2022 4:00,2.383
7/27/2022 5:00,2.572
7/27/2022 6:00,2.909
7/27/2022 7:00,2.848
7/27/2022 8:00,2.745
7/27/2022 9:00,2.654
7/27/2022 10:00,2.843
7/27/2022 11:00,3.041
7/27/2022 12:00,3.242
7/27/2022 13:00,3.405
7/27/2022 14:00,3.52
7/27/2022 15:00,3.573
7/27/2022 16:00,3.589
7/27/2022 17:00,3.554
7/27/2022 18:00,3.162
7/27/2022 19:00,2.627
7/27/2022 20:00,2.442
7/27/2022 21:00,2.181
7/27/2022 22:00,1.971
7/27/2022 23:00,1.828
7/28/2022 0:00,1.734
7/28/2022 1:00,1.671
7/28/2022 2:00,1.614
7/28/2022 3:00,1.59
7/28/2022 4:00,1.573
7/28/2022 5:00,1.766
7/28/2022 6:00,2.128
7/28/2022 7:00,2.001
7/28/2022 8:00,2.153
7/28/2022 9:00,2.528
7/28/2022 10:00,2.759
7/28/2022 11:00,2.984
7/28/2022 12:00,3.213
7/28/2022 13:00,3.411
7/28/2022 14:00,3.532
7/28/2022 15:00,3.56
7/28/2022 16:00,3.502
7/28/2022 17:00,3.376
7/28/2022 18:00,2.942
7/28/2022 19:00,2.326
7/28/2022 20:00,2.13
7/28/2022 21:00,1.913
7/28/2022 22:00,1.724
7/28/2022 23:00,1.607
7/29/2022 0:00,1.542
7/29/2022 1:00,1.514
7/29/2022 2:00,1.498
7/29/2022 3:00,1.487
7/29/2022 4:00,1.473
7/29/2022 5:00,1.635
7/29/2022 6:00,1.973
7/29/2022 7:00,1.814
7/29/2022 8:00,1.931
7/29/2022 9:00,2.176
7/29/2022 10:00,2.442
7/29/2022 11:00,2.754
7/29/2022 12:00,3.03
7/29/2022 13:00,3.241
7/29/2022 14:00,3.368
7/29/2022 15:00,3.416
7/29/2022 16:00,3.397
7/29/2022 17:00,3.319
7/29/2022 18:00,2.913
7/29/2022 19:00,2.502
7/29/2022 20:00,2.447
7/29/2022 21:00,2.409
7/29/2022 22:00,2.355
7/29/2022 23:00,2.388
7/30/2022 0:00,2.423
7/30/2022 1:00,2.396
7/30/2022 2:00,2.322
7/30/2022 3:00,2.274
7/30/2022 4:00,2.268
7/30/2022 5:00,2.491
7/30/2022 6:00,2.863
7/30/2022 7:00,2.925
7/30/2022 8:00,2.892
7/30/2022 9:00,2.868
7/30/2022 10:00,2.895
7/30/2022 11:00,3.009
7/30/2022 12:00,3.193
7/30/2022 13:00,3.312
7/30/2022 14:00,3.347
7/30/2022 15:00,3.328
7/30/2022 16:00,3.284
7/30/2022 17:00,3.183
7/30/2022 18:00,2.755
7/30/2022 19:00,2.241
7/30/2022 20:00,2.116
7/30/2022 21:00,2.083
7/30/2022 22:00,1.982
7/30/2022 23:00,1.936
7/31/2022 0:00,1.943
7/31/2022 1:00,1.971
7/31/2022 2:00,1.907
7/31/2022 3:00,1.787
7/31/2022 4:00,1.751
7/31/2022 5:00,1.958
7/31/2022 6:00,2.368
7/31/2022 7:00,2.374
7/31/2022 8:00,2.241
7/31/2022 9:00,2.114
7/31/2022 10:00,2.108
7/31/2022 11:00,2.192
7/31/2022 12:00,2.311
7/31/2022 13:00,2.422
7/31/2022 14:00,2.521
7/31/2022 15:00,2.612
7/31/2022 16:00,2.637
7/31/2022 17:00,2.615
7/31/2022 18:00,2.395
7/31/2022 19:00,2.131
7/31/2022 20:00,2.097
7/31/2022 21:00,1.999
7/31/2022 22:00,1.947
7/31/2022 23:00,1.883
8/1/2022 0:00,1.821
8/1/2022 1:00,1.795
8/1/2022 2:00,1.753
8/1/2022 3:00,1.715
8/1/2022 4:00,1.661
8/1/2022 5:00,1.76
8/1/2022 6:00,2.113
8/1/2022 7:00,2.075
8/1/2022 8:00,2.085
8/1/2022 9:00,2.057
8/1/2022 10:00,2.127
8/1/2022 11:00,2.26
8/1/2022 12:00,2.432
8/1/2022 13:00,2.59
8/1/2022 14:00,2.679
8/1/2022 15:00,2.714
8/1/2022 16:00,2.712
8/1/2022 17:00,2.689
8/1/2022 18:00,2.431
8/1/2022 19:00,2.156
8/1/2022 20:00,2.175
8/1/2022 21:00,2.061
8/1/2022 22:00,1.975
8/1/2022 23:00,1.939
8/2/2022 0:00,1.888
8/2/2022 1:00,1.79
8/2/2022 2:00,1.682
8/2/2022 3:00,1.576
8/2/2022 4:00,1.511
8/2/2022 5:00,1.598
8/2/2022 6:00,2.063
8/2/2022 7:00,2.189
8/2/2022 8:00,2.297
8/2/2022 9:00,2.403
8/2/2022 10:00,2.55
8/2/2022 11:00,2.721
8/2/2022 12:00,2.885
8/2/2022 13:00,3.028
8/2/2022 14:00,3.145
8/2/2022 15:00,3.149
8/2/2022 16:00,3.069
8/2/2022 17:00,2.933
8/2/2022 18:00,2.488
8/2/2022 19:00,2.012
8/2/2022 20:00,1.858
8/2/2022 21:00,1.708
8/2/2022 22:00,1.583
8/2/2022 23:00,1.562
8/3/2022 0:00,1.585
8/3/2022 1:00,1.619
8/3/2022 2:00,1.641
8/3/2022 3:00,1.608
8/3/2022 4:00,1.593
8/3/2022 5:00,1.624
8/3/2022 6:00,1.976
8/3/2022 7:00,2.087
8/3/2022 8:00,2.25
8/3/2022 9:00,2.452
8/3/2022 10:00,2.698
8/3/2022 11:00,2.927
8/3/2022 12:00,3.13
8/3/2022 13:00,3.309
8/3/2022 14:00,3.405
8/3/2022 15:00,3.374
8/3/2022 16:00,3.283
8/3/2022 17:00,3.113
8/3/2022 18:00,2.467
8/3/2022 19:00,2.015
8/3/2022 20:00,1.928
8/3/2022 21:00,1.763
8/3/2022 22:00,1.605
8/3/2022 23:00,1.565
8/4/2022 0:00,1.576
8/4/2022 1:00,1.595
8/4/2022 2:00,1.578
8/4/2022 3:00,1.565
8/4/2022 4:00,1.562
8/4/2022 5:00,1.594
8/4/2022 6:00,2.036
8/4/2022 7:00,2.218
8/4/2022 8:00,2.429
8/4/2022 9:00,2.698
8/4/2022 10:00,2.994
8/4/2022 11:00,3.281
8/4/2022 12:00,3.512
8/4/2022 13:00,3.67
8/4/2022 14:00,3.748
8/4/2022 15:00,3.773
8/4/2022 16:00,3.714
8/4/2022 17:00,3.536
8/4/2022 18:00,2.875
8/4/2022 19:00,2.305
8/4/2022 20:00,2.181
8/4/2022 21:00,1.987
8/4/2022 22:00,1.897
8/4/2022 23:00,1.855
8/5/2022 0:00,1.814
8/5/2022 1:00,1.766
8/5/2022 2:00,1.76
8/5/2022 3:00,1.738
8/5/2022 4:00,1.715
8/5/2022 5:00,1.736
8/5/2022 6:00,2.213
8/5/2022 7:00,2.22
8/5/2022 8:00,2.265
8/5/2022 9:00,2.376
8/5/2022 10:00,2.591
8/5/2022 11:00,2.842
8/5/2022 12:00,3.043
8/5/2022 13:00,3.188
8/5/2022 14:00,3.282
8/5/2022 15:00,3.283
8/5/2022 16:00,3.208
8/5/2022 17:00,3.066
8/5/2022 18:00,2.549
8/5/2022 19:00,2.13
8/5/2022 20:00,2.045
8/5/2022 21:00,1.888
8/5/2022 22:00,1.81
8/5/2022 23:00,1.856
8/6/2022 0:00,1.954
8/6/2022 1:00,1.98
8/6/2022 2:00,1.939
8/6/2022 3:00,1.872
8/6/2022 4:00,1.77
8/6/2022 5:00,1.751
8/6/2022 6:00,2.136
8/6/2022 7:00,2.291
8/6/2022 8:00,2.312
8/6/2022 9:00,2.368
8/6/2022 10:00,2.569
8/6/2022 11:00,2.773
8/6/2022 12:00,2.951
8/6/2022 13:00,3.091
8/6/2022 14:00,3.199
8/6/2022 15:00,3.236
8/6/2022 16:00,3.194
8/6/2022 17:00,3.097
8/6/2022 18:00,2.545
8/6/2022 19:00,2.088
8/6/2022 20:00,1.937
8/6/2022 21:00,1.768
8/6/2022 22:00,1.568
8/6/2022 23:00,1.563
8/7/2022 0:00,1.541
8/7/2022 1:00,1.503
8/7/2022 2:00,1.44
8/7/2022 3:00,1.38
8/7/2022 4:00,1.348
8/7/2022 5:00,1.359
8/7/2022 6:00,1.822
8/7/2022 7:00,1.86
8/7/2022 8:00,1.929
8/7/2022 9:00,2.189
8/7/2022 10:00,2.51
8/7/2022 11:00,2.8
8/7/2022 12:00,3.032
8/7/2022 13:00,3.185
8/7/2022 14:00,3.267
8/7/2022 15:00,3.227
8/7/2022 16:00,3.1
8/7/2022 17:00,2.931
8/7/2022 18:00,2.389
8/7/2022 19:00,2.011
8/7/2022 20:00,1.889
8/7/2022 21:00,1.678
8/7/2022 22:00,1.509
8/7/2022 23:00,1.407
8/8/2022 0:00,1.321
8/8/2022 1:00,1.297
8/8/2022 2:00,1.334
8/8/2022 3:00,1.358
8/8/2022 4:00,1.329
8/8/2022 5:00,1.376
8/8/2022 6:00,1.783
8/8/2022 7:00,1.823
8/8/2022 8:00,1.866
8/8/2022 9:00,2.065
8/8/2022 10:00,2.406
8/8/2022 11:00,2.631
8/8/2022 12:00,2.741
8/8/2022 13:00,2.864
8/8/2022 14:00,2.975
8/8/2022 15:00,3.087
8/8/2022 16:00,3.101
8/8/2022 17:00,2.984
8/8/2022 18:00,2.424
8/8/2022 19:00,1.976
8/8/2022 20:00,1.777
8/8/2022 21:00,1.519
8/8/2022 22:00,1.385
8/8/2022 23:00,1.361
8/9/2022 0:00,1.415
8/9/2022 1:00,1.437
8/9/2022 2:00,1.447
8/9/2022 3:00,1.452
8/9/2022 4:00,1.479
8/9/2022 5:00,1.557
8/9/2022 6:00,2.116
8/9/2022 7:00,2.134
8/9/2022 8:00,2.323
8/9/2022 9:00,2.586
8/9/2022 10:00,2.847
8/9/2022 11:00,3.069
8/9/2022 12:00,3.22
8/9/2022 13:00,3.283
8/9/2022 14:00,3.265
8/9/2022 15:00,3.2
8/9/2022 16:00,3.111
8/9/2022 17:00,3.001
8/9/2022 18:00,2.496
8/9/2022 19:00,2.163
8/9/2022 20:00,2.061
8/9/2022 21:00,1.901
8/9/2022 22:00,1.787
8/9/2022 23:00,1.712
8/10/2022 0:00,1.647
8/10/2022 1:00,1.593
8/10/2022 2:00,1.514
8/10/2022 3:00,1.551
8/10/2022 4:00,1.594
8/10/2022 5:00,1.621
8/10/2022 6:00,2.223
8/10/2022 7:00,2.508
8/10/2022 8:00,2.728
8/10/2022 9:00,2.918
8/10/2022 10:00,3.075
8/10/2022 11:00,3.22
8/10/2022 12:00,3.309
8/10/2022 13:00,3.341
8/10/2022 14:00,3.328
8/10/2022 15:00,3.287
8/10/2022 16:00,3.246
8/10/2022 17:00,3.139
8/10/2022 18:00,2.566
8/10/2022 19:00,2.267
8/10/2022 20:00,2.345
8/10/2022 21:00,2.368
8/10/2022 22:00,2.353
8/10/2022 23:00,2.262
8/11/2022 0:00,2.151
8/11/2022 1:00,2.024
8/11/2022 2:00,1.893
8/11/2022 3:00,1.699
8/11/2022 4:00,1.573
8/11/2022 5:00,1.541
8/11/2022 6:00,1.976
8/11/2022 7:00,2.201
8/11/2022 8:00,2.501
8/11/2022 9:00,2.714
8/11/2022 10:00,2.874
8/11/2022 11:00,2.994
8/11/2022 12:00,3.085
8/11/2022 13:00,3.146
8/11/2022 14:00,3.168
8/11/2022 15:00,3.161
8/11/2022 16:00,3.089
8/11/2022 17:00,2.94
8/11/2022 18:00,2.346
8/11/2022 19:00,1.878
8/11/2022 20:00,1.77
8/11/2022 21:00,1.664
8/11/2022 22:00,1.583
8/11/2022 23:00,1.568
8/12/2022 0:00,1.577
8/12/2022 1:00,1.555
8/12/2022 2:00,1.552
8/12/2022 3:00,1.558
8/12/2022 4:00,1.562
8/12/2022 5:00,1.576
8/12/2022 6:00,2.063
8/12/2022 7:00,2.11
8/12/2022 8:00,2.333
8/12/2022 9:00,2.508
8/12/2022 10:00,2.687
8/12/2022 11:00,2.918
8/12/2022 12:00,3.116
8/12/2022 13:00,3.27
8/12/2022 14:00,3.399
8/12/2022 15:00,3.515
8/12/2022 16:00,3.576
8/12/2022 17:00,3.423
8/12/2022 18:00,2.652
8/12/2022 19:00,2.197
8/12/2022 20:00,2.088
8/12/2022 21:00,1.947
8/12/2022 22:00,1.869
8/12/2022 23:00,1.799
8/13/2022 0:00,1.688
8/13/2022 1:00,1.606
8/13/2022 2:00,1.58
8/13/2022 3:00,1.593
8/13/2022 4:00,1.631
8/13/2022 5:00,1.858
8/13/2022 6:00,2.263
8/13/2022 7:00,2.484
8/13/2022 8:00,3.144
8/13/2022 9:00,3.657
8/13/2022 10:00,3.809
8/13/2022 11:00,3.993
8/13/2022 12:00,4.137
8/13/2022 13:00,4.288
8/13/2022 14:00,4.383
8/13/2022 15:00,4.169
8/13/2022 16:00,3.923
8/13/2022 17:00,3.636
8/13/2022 18:00,3.123
8/13/2022 19:00,2.805
8/13/2022 20:00,2.846
8/13/2022 21:00,2.748
8/13/2022 22:00,2.474
8/13/2022 23:00,2.179
8/14/2022 0:00,2.062
8/14/2022 1:00,1.961
8/14/2022 2:00,1.916
8/14/2022 3:00,1.976
8/14/2022 4:00,2.044
8/14/2022 5:00,2.15
8/14/2022 6:00,2.785
8/14/2022 7:00,2.955
8/14/2022 8:00,2.938
8/14/2022 9:00,3.098
8/14/2022 10:00,3.333
8/14/2022 11:00,3.579
8/14/2022 12:00,3.806
8/14/2022 13:00,4.002
8/14/2022 14:00,4.11
8/14/2022 15:00,4.076
8/14/2022 16:00,3.943
8/14/2022 17:00,3.664
8/14/2022 18:00,2.732
8/14/2022 19:00,2.289
8/14/2022 20:00,2.429
8/14/2022 21:00,2.555
8/14/2022 22:00,2.631
8/14/2022 23:00,2.674
8/15/2022 0:00,2.671
8/15/2022 1:00,2.619
8/15/2022 2:00,2.586
8/15/2022 3:00,2.536
8/15/2022 4:00,2.49
8/15/2022 5:00,2.532
8/15/2022 6:00,3.097
8/15/2022 7:00,3.059
8/15/2022 8:00,3.013
8/15/2022 9:00,2.856
8/15/2022 10:00,2.756
8/15/2022 11:00,2.81
8/15/2022 12:00,2.982
8/15/2022 13:00,3.177
8/15/2022 14:00,3.326
8/15/2022 15:00,3.412
8/15/2022 16:00,3.438
8/15/2022 17:00,3.376
8/15/2022 18:00,2.721
8/15/2022 19:00,2.371
8/15/2022 20:00,2.232
8/15/2022 21:00,2.05
8/15/2022 22:00,1.945
8/15/2022 23:00,1.899
8/16/2022 0:00,1.866
8/16/2022 1:00,1.861
8/16/2022 2:00,1.811
8/16/2022 3:00,1.79
8/16/2022 4:00,1.765
8/16/2022 5:00,1.819
8/16/2022 6:00,2.436
8/16/2022 7:00,2.547
8/16/2022 8:00,2.741
8/16/2022 9:00,2.923
8/16/2022 10:00,3.209
8/16/2022 11:00,3.558
8/16/2022 12:00,3.847
8/16/2022 13:00,4.019
8/16/2022 14:00,4.079
8/16/2022 15:00,4.029
8/16/2022 16:00,3.911
8/16/2022 17:00,3.679
8/16/2022 18:00,2.984
8/16/2022 19:00,2.442
8/16/2022 20:00,2.375
8/16/2022 21:00,2.457
8/16/2022 22:00,2.583
8/16/2022 23:00,2.735
8/17/2022 0:00,2.819
8/17/2022 1:00,2.809
8/17/2022 2:00,2.801
8/17/2022 3:00,2.641
8/17/2022 4:00,2.581
8/17/2022 5:00,2.747
8/17/2022 6:00,3.489
8/17/2022 7:00,3.648
8/17/2022 8:00,3.518
8/17/2022 9:00,3.391
8/17/2022 10:00,3.341
8/17/2022 11:00,3.372
8/17/2022 12:00,3.509
8/17/2022 13:00,3.712
8/17/2022 14:00,3.926
8/17/2022 15:00,4.087
8/17/2022 16:00,4.153
8/17/2022 17:00,4.112
8/17/2022 18:00,3.678
8/17/2022 19:00,3.252
8/17/2022 20:00,3.272
8/17/2022 21:00,3.318
8/17/2022 22:00,3.373
8/17/2022 23:00,3.387
8/18/2022 0:00,3.34
8/18/2022 1:00,3.275
8/18/2022 2:00,3.352
8/18/2022 3:00,3.327
8/18/2022 4:00,3.231
8/18/2022 5:00,3.136
8/18/2022 6:00,3.634
8/18/2022 7:00,3.835
8/18/2022 8:00,3.677
8/18/2022 9:00,3.464
8/18/2022 10:00,3.235
8/18/2022 11:00,3.088
8/18/2022 12:00,3.065
8/18/2022 13:00,3.093
8/18/2022 14:00,3.106
8/18/2022 15:00,3.084
8/18/2022 16:00,3.041
8/18/2022 17:00,2.975
8/18/2022 18:00,2.4
8/18/2022 19:00,2.124
8/18/2022 20:00,2.144
8/18/2022 21:00,2.152
8/18/2022 22:00,2.123
8/18/2022 23:00,2.121
8/19/2022 0:00,2.181
8/19/2022 1:00,2.235
8/19/2022 2:00,2.254
8/19/2022 3:00,2.236
8/19/2022 4:00,2.199
8/19/2022 5:00,2.202
8/19/2022 6:00,2.767
8/19/2022 7:00,2.721
8/19/2022 8:00,2.492
8/19/2022 9:00,2.454
8/19/2022 10:00,2.421
8/19/2022 11:00,2.466
8/19/2022 12:00,2.542
8/19/2022 13:00,2.607
8/19/2022 14:00,2.641
8/19/2022 15:00,2.634
8/19/2022 16:00,2.616
8/19/2022 17:00,2.566
8/19/2022 18:00,2.061
8/19/2022 19:00,1.838
8/19/2022 20:00,1.732
8/19/2022 21:00,1.654
8/19/2022 22:00,1.609
8/19/2022 23:00,1.585
8/20/2022 0:00,1.615
8/20/2022 1:00,1.687
8/20/2022 2:00,1.702
8/20/2022 3:00,1.71
8/20/2022 4:00,1.693
8/20/2022 5:00,1.679
8/20/2022 6:00,2.12
8/20/2022 7:00,2.212
8/20/2022 8:00,2.265
8/20/2022 9:00,2.216
8/20/2022 10:00,2.29
8/20/2022 11:00,2.431
8/20/2022 12:00,2.603
8/20/2022 13:00,2.77
8/20/2022 14:00,2.902
8/20/2022 15:00,2.976
8/20/2022 16:00,3
8/20/2022 17:00,2.901
8/20/2022 18:00,2.283
8/20/2022 19:00,2.087
8/20/2022 20:00,1.934
8/20/2022 21:00,1.813
8/20/2022 22:00,1.696
8/20/2022 23:00,1.612
8/21/2022 0:00,1.589
8/21/2022 1:00,1.542
8/21/2022 2:00,1.487
8/21/2022 3:00,1.435
8/21/2022 4:00,1.407
8/21/2022 5:00,1.398
8/21/2022 6:00,1.66
8/21/2022 7:00,1.901
8/21/2022 8:00,1.869
8/21/2022 9:00,2.225
8/21/2022 10:00,2.504
8/21/2022 11:00,2.775
8/21/2022 12:00,2.977
8/21/2022 13:00,3.096
8/21/2022 14:00,3.159
8/21/2022 15:00,3.201
8/21/2022 16:00,3.261
8/21/2022 17:00,3.168
8/21/2022 18:00,2.501
8/21/2022 19:00,2.279
8/21/2022 20:00,2.253
8/21/2022 21:00,2.171
8/21/2022 22:00,2.154
8/21/2022 23:00,2.212
8/22/2022 0:00,2.251
8/22/2022 1:00,2.263
8/22/2022 2:00,2.252
8/22/2022 3:00,2.267
8/22/2022 4:00,2.27
8/22/2022 5:00,2.337
8/22/2022 6:00,2.892
8/22/2022 7:00,3.28
8/22/2022 8:00,3.225
8/22/2022 9:00,3.134
8/22/2022 10:00,3.057
8/22/2022 11:00,3.014
8/22/2022 12:00,3.049
8/22/2022 13:00,3.113
8/22/2022 14:00,3.157
8/22/2022 15:00,3.146
8/22/2022 16:00,3.073
8/22/2022 17:00,2.945
8/22/2022 18:00,2.426
8/22/2022 19:00,2.144
8/22/2022 20:00,1.971
8/22/2022 21:00,1.912
8/22/2022 22:00,2.035
8/22/2022 23:00,2.048
8/23/2022 0:00,2.035
8/23/2022 1:00,2.032
8/23/2022 2:00,2.034
8/23/2022 3:00,2.012
8/23/2022 4:00,1.972
8/23/2022 5:00,1.958
8/23/2022 6:00,2.352
8/23/2022 7:00,2.507
8/23/2022 8:00,2.635
8/23/2022 9:00,2.727
8/23/2022 10:00,2.779
8/23/2022 11:00,2.822
8/23/2022 12:00,2.882
8/23/2022 13:00,2.941
8/23/2022 14:00,2.976
8/23/2022 15:00,2.948
8/23/2022 16:00,2.876
8/23/2022 17:00,2.763
8/23/2022 18:00,2.304
8/23/2022 19:00,2.129
8/23/2022 20:00,1.951
8/23/2022 21:00,1.75
8/23/2022 22:00,1.611
8/23/2022 23:00,1.503
8/24/2022 0:00,1.429
8/24/2022 1:00,1.385
8/24/2022 2:00,1.389
8/24/2022 3:00,1.414
8/24/2022 4:00,1.457
8/24/2022 5:00,1.49
8/24/2022 6:00,1.946
8/24/2022 7:00,2.116
8/24/2022 8:00,2.274
8/24/2022 9:00,2.443
8/24/2022 10:00,2.637
8/24/2022 11:00,2.862
8/24/2022 12:00,3.102
8/24/2022 13:00,3.317
8/24/2022 14:00,3.432
8/24/2022 15:00,3.406
8/24/2022 16:00,3.315
8/24/2022 17:00,3.163
8/24/2022 18:00,2.484
8/24/2022 19:00,2.168
8/24/2022 20:00,2.02
8/24/2022 21:00,1.891
8/24/2022 22:00,1.819
8/24/2022 23:00,1.716
8/25/2022 0:00,1.592
8/25/2022 1:00,1.577
8/25/2022 2:00,1.627
8/25/2022 3:00,1.623
8/25/2022 4:00,1.589
8/25/2022 5:00,1.571
8/25/2022 6:00,2.025
8/25/2022 7:00,2.202
8/25/2022 8:00,2.157
8/25/2022 9:00,2.055
8/25/2022 10:00,2.036
8/25/2022 11:00,2.158
8/25/2022 12:00,2.301
8/25/2022 13:00,2.41
8/25/2022 14:00,2.489
8/25/2022 15:00,2.534
8/25/2022 16:00,2.528
8/25/2022 17:00,2.562
8/25/2022 18:00,2.231
8/25/2022 19:00,2.192
8/25/2022 20:00,2.323
8/25/2022 21:00,2.514
8/25/2022 22:00,2.428
8/25/2022 23:00,2.303
8/26/2022 0:00,2.258
8/26/2022 1:00,2.254
8/26/2022 2:00,2.254
8/26/2022 3:00,2.254
8/26/2022 4:00,2.228
8/26/2022 5:00,2.221
8/26/2022 6:00,2.615
8/26/2022 7:00,2.775
8/26/2022 8:00,2.698
8/26/2022 9:00,2.586
8/26/2022 10:00,2.518
8/26/2022 11:00,2.494
8/26/2022 12:00,2.517
8/26/2022 13:00,2.588
8/26/2022 14:00,2.68
8/26/2022 15:00,2.724
8/26/2022 16:00,2.74
8/26/2022 17:00,2.694
8/26/2022 18:00,2.243
8/26/2022 19:00,2.163
8/26/2022 20:00,2.114
8/26/2022 21:00,1.98
8/26/2022 22:00,1.881
8/26/2022 23:00,1.785
8/27/2022 0:00,1.661
8/27/2022 1:00,1.551
8/27/2022 2:00,1.52
8/27/2022 3:00,1.556
8/27/2022 4:00,1.578
8/27/2022 5:00,1.566
8/27/2022 6:00,1.908
8/27/2022 7:00,2.016
8/27/2022 8:00,2.089
8/27/2022 9:00,2.173
8/27/2022 10:00,2.311
8/27/2022 11:00,2.508
8/27/2022 12:00,2.669
8/27/2022 13:00,2.749
8/27/2022 14:00,2.791
8/27/2022 15:00,2.801
8/27/2022 16:00,2.809
8/27/2022 17:00,2.757
8/27/2022 18:00,2.256
8/27/2022 19:00,2.177
8/27/2022 20:00,2.12
8/27/2022 21:00,2.018
8/27/2022 22:00,1.922
8/27/2022 23:00,1.826
8/28/2022 0:00,1.728
8/28/2022 1:00,1.664
8/28/2022 2:00,1.655
8/28/2022 3:00,1.689
8/28/2022 4:00,1.722
8/28/2022 5:00,1.746
8/28/2022 6:00,2.306
8/28/2022 7:00,2.584
8/28/2022 8:00,2.676
8/28/2022 9:00,2.756
8/28/2022 10:00,2.906
8/28/2022 11:00,3.101
8/28/2022 12:00,3.291
8/28/2022 13:00,3.443
8/28/2022 14:00,3.506
8/28/2022 15:00,3.513
8/28/2022 16:00,3.459
8/28/2022 17:00,3.253
8/28/2022 18:00,2.499
8/28/2022 19:00,2.251
8/28/2022 20:00,2.145
8/28/2022 21:00,2.047
8/28/2022 22:00,1.983
8/28/2022 23:00,1.965
8/29/2022 0:00,1.941
8/29/2022 1:00,1.915
8/29/2022 2:00,1.84
8/29/2022 3:00,1.814
8/29/2022 4:00,1.776
8/29/2022 5:00,1.693
8/29/2022 6:00,2.064
8/29/2022 7:00,2.398
8/29/2022 8:00,2.843
8/29/2022 9:00,3.202
8/29/2022 10:00,3.474
8/29/2022 11:00,3.668
8/29/2022 12:00,3.88
8/29/2022 13:00,4.031
8/29/2022 14:00,4.074
8/29/2022 15:00,3.974
8/29/2022 16:00,3.727
8/29/2022 17:00,3.304
8/29/2022 18:00,2.41
8/29/2022 19:00,1.876
8/29/2022 20:00,1.612
8/29/2022 21:00,1.414
8/29/2022 22:00,1.349
8/29/2022 23:00,1.345
8/30/2022 0:00,1.357
8/30/2022 1:00,1.361
8/30/2022 2:00,1.343
8/30/2022 3:00,1.315
8/30/2022 4:00,1.283
8/30/2022 5:00,1.245
8/30/2022 6:00,1.376
8/30/2022 7:00,1.688
8/30/2022 8:00,1.918
8/30/2022 9:00,2.187
8/30/2022 10:00,2.497
8/30/2022 11:00,2.852
8/30/2022 12:00,3.137
8/30/2022 13:00,3.363
8/30/2022 14:00,3.521
8/30/2022 15:00,3.625
8/30/2022 16:00,3.611
8/30/2022 17:00,3.309
8/30/2022 18:00,2.663
8/30/2022 19:00,2.478
8/30/2022 20:00,2.343
8/30/2022 21:00,2.173
8/30/2022 22:00,2.03
8/30/2022 23:00,2.029
8/31/2022 0:00,1.968
8/31/2022 1:00,1.899
8/31/2022 2:00,1.864
8/31/2022 3:00,1.876
8/31/2022 4:00,1.849
8/31/2022 5:00,1.776
8/31/2022 6:00,2.095
8/31/2022 7:00,2.423
8/31/2022 8:00,2.694
8/31/2022 9:00,2.753
8/31/2022 10:00,2.769
8/31/2022 11:00,2.904
8/31/2022 12:00,3.112
8/31/2022 13:00,3.344
8/31/2022 14:00,3.505
8/31/2022 15:00,3.508
8/31/2022 16:00,3.399
8/31/2022 17:00,3.093
8/31/2022 18:00,2.275
8/31/2022 19:00,2.065
8/31/2022 20:00,1.883
8/31/2022 21:00,1.7
8/31/2022 22:00,1.611
8/31/2022 23:00,1.559
9/1/2022 0:00,1.518
9/1/2022 1:00,1.52
9/1/2022 2:00,1.525
9/1/2022 3:00,1.507
9/1/2022 4:00,1.446
9/1/2022 5:00,1.409
9/1/2022 6:00,1.653
9/1/2022 7:00,1.909
9/1/2022 8:00,1.714
9/1/2022 9:00,1.793
9/1/2022 10:00,2.086
9/1/2022 11:00,2.38
9/1/2022 12:00,2.701
9/1/2022 13:00,3.006
9/1/2022 14:00,3.258
9/1/2022 15:00,3.404
9/1/2022 16:00,3.391
9/1/2022 17:00,3.119
9/1/2022 18:00,2.334
9/1/2022 19:00,2.139
9/1/2022 20:00,1.961
9/1/2022 21:00,1.754
9/1/2022 22:00,1.638
9/1/2022 23:00,1.585
9/2/2022 0:00,1.562
9/2/2022 1:00,1.571
9/2/2022 2:00,1.59
9/2/2022 3:00,1.624
9/2/2022 4:00,1.655
9/2/2022 5:00,1.694
9/2/2022 6:00,2.094
9/2/2022 7:00,2.328
9/2/2022 8:00,2.3
9/2/2022 9:00,2.489
9/2/2022 10:00,2.727
9/2/2022 11:00,3.053
9/2/2022 12:00,3.39
9/2/2022 13:00,3.635
9/2/2022 14:00,3.774
9/2/2022 15:00,3.807
9/2/2022 16:00,3.733
9/2/2022 17:00,3.42
9/2/2022 18:00,2.616
9/2/2022 19:00,2.368
9/2/2022 20:00,2.238
9/2/2022 21:00,2.153
9/2/2022 22:00,2.089
9/2/2022 23:00,2.081
9/3/2022 0:00,2.087
9/3/2022 1:00,2.087
9/3/2022 2:00,2.094
9/3/2022 3:00,2.12
9/3/2022 4:00,2.137
9/3/2022 5:00,2.135
9/3/2022 6:00,2.516
9/3/2022 7:00,2.559
9/3/2022 8:00,2.512
9/3/2022 9:00,2.537
9/3/2022 10:00,2.633
9/3/2022 11:00,2.825
9/3/2022 12:00,3.071
9/3/2022 13:00,3.292
9/3/2022 14:00,3.429
9/3/2022 15:00,3.453
9/3/2022 16:00,3.363
9/3/2022 17:00,3.124
9/3/2022 18:00,2.239
9/3/2022 19:00,2.017
9/3/2022 20:00,1.917
9/3/2022 21:00,1.803
9/3/2022 22:00,1.77
9/3/2022 23:00,1.775
9/4/2022 0:00,1.79
9/4/2022 1:00,1.809
9/4/2022 2:00,1.84
9/4/2022 3:00,1.857
9/4/2022 4:00,1.855
9/4/2022 5:00,1.842
9/4/2022 6:00,2.193
9/4/2022 7:00,2.349
9/4/2022 8:00,2.102
9/4/2022 9:00,2.243
9/4/2022 10:00,2.462
9/4/2022 11:00,2.717
9/4/2022 12:00,2.954
9/4/2022 13:00,3.156
9/4/2022 14:00,3.31
9/4/2022 15:00,3.405
9/4/2022 16:00,3.388
9/4/2022 17:00,3.113
9/4/2022 18:00,2.196
9/4/2022 19:00,1.987
9/4/2022 20:00,1.827
9/4/2022 21:00,1.71
9/4/2022 22:00,1.701
9/4/2022 23:00,1.712
9/5/2022 0:00,1.72
9/5/2022 1:00,1.733
9/5/2022 2:00,1.75
9/5/2022 3:00,1.788
9/5/2022 4:00,1.828
9/5/2022 5:00,1.855
9/5/2022 6:00,2.116
9/5/2022 7:00,2.284
9/5/2022 8:00,2.45
9/5/2022 9:00,2.811
9/5/2022 10:00,3.044
9/5/2022 11:00,3.23
9/5/2022 12:00,3.384
9/5/2022 13:00,3.47
9/5/2022 14:00,3.533
9/5/2022 15:00,3.57
9/5/2022 16:00,3.509
9/5/2022 17:00,3.226
9/5/2022 18:00,2.34
9/5/2022 19:00,2.123
9/5/2022 20:00,2.03
9/5/2022 21:00,1.941
9/5/2022 22:00,1.862
9/5/2022 23:00,1.819
9/6/2022 0:00,1.814
9/6/2022 1:00,1.845
9/6/2022 2:00,1.91
9/6/2022 3:00,1.968
9/6/2022 4:00,2.017
9/6/2022 5:00,2.043
9/6/2022 6:00,2.295
9/6/2022 7:00,2.656
9/6/2022 8:00,2.807
9/6/2022 9:00,2.801
9/6/2022 10:00,2.93
9/6/2022 11:00,3.175
9/6/2022 12:00,3.441
9/6/2022 13:00,3.66
9/6/2022 14:00,3.798
9/6/2022 15:00,3.835
9/6/2022 16:00,3.775
9/6/2022 17:00,3.397
9/6/2022 18:00,2.485
9/6/2022 19:00,2.231
9/6/2022 20:00,2.184
9/6/2022 21:00,2.102
9/6/2022 22:00,2.03
9/6/2022 23:00,1.969
9/7/2022 0:00,1.914
9/7/2022 1:00,1.876
9/7/2022 2:00,1.832
9/7/2022 3:00,1.788
9/7/2022 4:00,1.806
9/7/2022 5:00,1.827
9/7/2022 6:00,2.097
9/7/2022 7:00,2.502
9/7/2022 8:00,2.449
9/7/2022 9:00,2.585
9/7/2022 10:00,2.762
9/7/2022 11:00,3.022
9/7/2022 12:00,3.327
9/7/2022 13:00,3.614
9/7/2022 14:00,3.815
9/7/2022 15:00,3.855
9/7/2022 16:00,3.742
9/7/2022 17:00,3.2
9/7/2022 18:00,2.357
9/7/2022 19:00,2.091
9/7/2022 20:00,1.935
9/7/2022 21:00,1.897
9/7/2022 22:00,1.933
9/7/2022 23:00,1.981
9/8/2022 0:00,2.005
9/8/2022 1:00,2.014
9/8/2022 2:00,2.052
9/8/2022 3:00,2.061
9/8/2022 4:00,2.016
9/8/2022 5:00,1.971
9/8/2022 6:00,2.144
9/8/2022 7:00,2.481
9/8/2022 8:00,2.476
9/8/2022 9:00,2.412
9/8/2022 10:00,2.41
9/8/2022 11:00,2.603
9/8/2022 12:00,2.895
9/8/2022 13:00,3.16
9/8/2022 14:00,3.354
9/8/2022 15:00,3.44
9/8/2022 16:00,3.441
9/8/2022 17:00,3.199
9/8/2022 18:00,2.366
9/8/2022 19:00,2.08
9/8/2022 20:00,1.937
9/8/2022 21:00,1.813
9/8/2022 22:00,1.772
9/8/2022 23:00,1.782
9/9/2022 0:00,1.813
9/9/2022 1:00,1.852
9/9/2022 2:00,1.875
9/9/2022 3:00,1.86
9/9/2022 4:00,1.831
9/9/2022 5:00,1.793
9/9/2022 6:00,2.071
9/9/2022 7:00,2.434
9/9/2022 8:00,2.334
9/9/2022 9:00,2.215
9/9/2022 10:00,2.259
9/9/2022 11:00,2.356
9/9/2022 12:00,2.49
9/9/2022 13:00,2.606
9/9/2022 14:00,2.684
9/9/2022 15:00,2.702
9/9/2022 16:00,2.686
9/9/2022 17:00,2.499
9/9/2022 18:00,2.039
9/9/2022 19:00,1.942
9/9/2022 20:00,1.735
9/9/2022 21:00,1.57
9/9/2022 22:00,1.494
9/9/2022 23:00,1.47
9/10/2022 0:00,1.45
9/10/2022 1:00,1.438
9/10/2022 2:00,1.416
9/10/2022 3:00,1.395
9/10/2022 4:00,1.391
9/10/2022 5:00,1.392
9/10/2022 6:00,1.647
9/10/2022 7:00,2.084
9/10/2022 8:00,2.05
9/10/2022 9:00,2.256
9/10/2022 10:00,2.407
9/10/2022 11:00,2.56
9/10/2022 12:00,2.745
9/10/2022 13:00,2.914
9/10/2022 14:00,3.033
9/10/2022 15:00,3.075
9/10/2022 16:00,3.056
9/10/2022 17:00,2.807
9/10/2022 18:00,2.22
9/10/2022 19:00,2.054
9/10/2022 20:00,1.771
9/10/2022 21:00,1.569
9/10/2022 22:00,1.431
9/10/2022 23:00,1.316
9/11/2022 0:00,1.206
9/11/2022 1:00,1.188
9/11/2022 2:00,1.23
9/11/2022 3:00,1.236
9/11/2022 4:00,1.277
9/11/2022 5:00,1.368
9/11/2022 6:00,1.599
9/11/2022 7:00,2.093
9/11/2022 8:00,2.023
9/11/2022 9:00,2.252
9/11/2022 10:00,2.482
9/11/2022 11:00,2.69
9/11/2022 12:00,2.867
9/11/2022 13:00,2.965
9/11/2022 14:00,3.045
9/11/2022 15:00,3.106
9/11/2022 16:00,3.103
9/11/2022 17:00,2.671
9/11/2022 18:00,2.074
9/11/2022 19:00,1.956
9/11/2022 20:00,1.978
9/11/2022 21:00,2.008
9/11/2022 22:00,1.563
9/11/2022 23:00,1.634
9/12/2022 0:00,1.819
9/12/2022 1:00,1.904
9/12/2022 2:00,1.87
9/12/2022 3:00,1.72
9/12/2022 4:00,1.685
9/12/2022 5:00,1.719
9/12/2022 6:00,1.942
9/12/2022 7:00,2.376
9/12/2022 8:00,2.508
9/12/2022 9:00,2.906
9/12/2022 10:00,3.293
9/12/2022 11:00,3.586
9/12/2022 12:00,3.739
9/12/2022 13:00,3.877
9/12/2022 14:00,3.947
9/12/2022 15:00,3.95
9/12/2022 16:00,3.854
9/12/2022 17:00,3.504
9/12/2022 18:00,3.04
9/12/2022 19:00,3.051
9/12/2022 20:00,3.221
9/12/2022 21:00,3.25
9/12/2022 22:00,3.131
9/12/2022 23:00,3.109
9/13/2022 0:00,3.216
9/13/2022 1:00,3.394
9/13/2022 2:00,3.386
9/13/2022 3:00,3.336
9/13/2022 4:00,3.157
9/13/2022 5:00,3.027
9/13/2022 6:00,3.001
9/13/2022 7:00,3.267
9/13/2022 8:00,3.849
9/13/2022 9:00,4.013
9/13/2022 10:00,4.386
9/13/2022 11:00,4.609
9/13/2022 12:00,4.737
9/13/2022 13:00,4.717
9/13/2022 14:00,4.496
9/13/2022 15:00,4.179
9/13/2022 16:00,3.825
9/13/2022 17:00,3.303
9/13/2022 18:00,2.642
9/13/2022 19:00,2.407
9/13/2022 20:00,2.291
9/13/2022 21:00,2.19
9/13/2022 22:00,2.062
9/13/2022 23:00,1.95
9/14/2022 0:00,1.892
9/14/2022 1:00,1.791
9/14/2022 2:00,1.745
9/14/2022 3:00,1.722
9/14/2022 4:00,1.684
9/14/2022 5:00,1.702
9/14/2022 6:00,1.897
9/14/2022 7:00,2.542
9/14/2022 8:00,2.994
9/14/2022 9:00,3.291
9/14/2022 10:00,3.495
9/14/2022 11:00,3.645
9/14/2022 12:00,3.762
9/14/2022 13:00,3.871
9/14/2022 14:00,3.934
9/14/2022 15:00,3.874
9/14/2022 16:00,3.634
9/14/2022 17:00,2.99
9/14/2022 18:00,2.17
9/14/2022 19:00,1.978
9/14/2022 20:00,1.868
9/14/2022 21:00,1.817
9/14/2022 22:00,1.758
9/14/2022 23:00,1.699
9/15/2022 0:00,1.665
9/15/2022 1:00,1.675
9/15/2022 2:00,1.703
9/15/2022 3:00,1.724
9/15/2022 4:00,1.75
9/15/2022 5:00,1.764
9/15/2022 6:00,1.963
9/15/2022 7:00,2.387
9/15/2022 8:00,2.172
9/15/2022 9:00,1.939
9/15/2022 10:00,1.858
9/15/2022 11:00,1.955
9/15/2022 12:00,2.119
9/15/2022 13:00,2.291
9/15/2022 14:00,2.427
9/15/2022 15:00,2.501
9/15/2022 16:00,2.507
9/15/2022 17:00,2.255
9/15/2022 18:00,1.847
9/15/2022 19:00,1.745
9/15/2022 20:00,1.645
9/15/2022 21:00,1.616
9/15/2022 22:00,1.633
9/15/2022 23:00,1.663
9/16/2022 0:00,1.688
9/16/2022 1:00,1.73
9/16/2022 2:00,1.799
9/16/2022 3:00,1.863
9/16/2022 4:00,1.929
9/16/2022 5:00,1.975
9/16/2022 6:00,2.249
9/16/2022 7:00,2.792
9/16/2022 8:00,2.595
9/16/2022 9:00,2.377
9/16/2022 10:00,2.239
9/16/2022 11:00,2.215
9/16/2022 12:00,2.297
9/16/2022 13:00,2.418
9/16/2022 14:00,2.528
9/16/2022 15:00,2.6
9/16/2022 16:00,2.623
9/16/2022 17:00,2.419
9/16/2022 18:00,2.029
9/16/2022 19:00,1.982
9/16/2022 20:00,1.878
9/16/2022 21:00,1.797
9/16/2022 22:00,1.882
9/16/2022 23:00,2.224
9/17/2022 0:00,2.569
9/17/2022 1:00,2.68
9/17/2022 2:00,2.706
9/17/2022 3:00,2.673
9/17/2022 4:00,2.601
9/17/2022 5:00,2.563
9/17/2022 6:00,2.792
9/17/2022 7:00,3.181
9/17/2022 8:00,3.142
9/17/2022 9:00,3.145
9/17/2022 10:00,3.055
9/17/2022 11:00,2.944
9/17/2022 12:00,2.925
9/17/2022 13:00,2.963
9/17/2022 14:00,3
9/17/2022 15:00,2.978
9/17/2022 16:00,2.909
9/17/2022 17:00,2.64
9/17/2022 18:00,2.304
9/17/2022 19:00,2.304
9/17/2022 20:00,2.32
9/17/2022 21:00,2.355
9/17/2022 22:00,2.431
9/17/2022 23:00,2.465
9/18/2022 0:00,2.519
9/18/2022 1:00,2.536
9/18/2022 2:00,2.519
9/18/2022 3:00,2.504
9/18/2022 4:00,2.488
9/18/2022 5:00,2.46
9/18/2022 6:00,2.62
9/18/2022 7:00,3.193
9/18/2022 8:00,3.321
9/18/2022 9:00,3.358
9/18/2022 10:00,3.377
9/18/2022 11:00,3.377
9/18/2022 12:00,3.394
9/18/2022 13:00,3.417
9/18/2022 14:00,3.447
9/18/2022 15:00,3.43
9/18/2022 16:00,3.33
9/18/2022 17:00,2.897
9/18/2022 18:00,2.479
9/18/2022 19:00,2.337
9/18/2022 20:00,2.15
9/18/2022 21:00,2.018
9/18/2022 22:00,1.937
9/18/2022 23:00,1.804
9/19/2022 0:00,1.688
9/19/2022 1:00,1.599
9/19/2022 2:00,1.537
9/19/2022 3:00,1.483
9/19/2022 4:00,1.452
9/19/2022 5:00,1.44
9/19/2022 6:00,1.562
9/19/2022 7:00,1.937
9/19/2022 8:00,1.92
9/19/2022 9:00,1.936
9/19/2022 10:00,1.963
9/19/2022 11:00,2.053
9/19/2022 12:00,2.178
9/19/2022 13:00,2.283
9/19/2022 14:00,2.346
9/19/2022 15:00,2.382
9/19/2022 16:00,2.449
9/19/2022 17:00,2.229
9/19/2022 18:00,1.872
9/19/2022 19:00,1.767
9/19/2022 20:00,1.638
9/19/2022 21:00,1.575
9/19/2022 22:00,1.56
9/19/2022 23:00,1.621
9/20/2022 0:00,1.707
9/20/2022 1:00,1.797
9/20/2022 2:00,1.766
9/20/2022 3:00,1.755
9/20/2022 4:00,1.731
9/20/2022 5:00,1.656
9/20/2022 6:00,1.606
9/20/2022 7:00,1.939
9/20/2022 8:00,2.009
9/20/2022 9:00,2.035
9/20/2022 10:00,2.106
9/20/2022 11:00,2.232
9/20/2022 12:00,2.354
9/20/2022 13:00,2.448
9/20/2022 14:00,2.503
9/20/2022 15:00,2.511
9/20/2022 16:00,2.449
9/20/2022 17:00,2.135
9/20/2022 18:00,1.849
9/20/2022 19:00,1.733
9/20/2022 20:00,1.566
9/20/2022 21:00,1.462
9/20/2022 22:00,1.437
9/20/2022 23:00,1.394
9/21/2022 0:00,1.337
9/21/2022 1:00,1.333
9/21/2022 2:00,1.352
9/21/2022 3:00,1.366
9/21/2022 4:00,1.362
9/21/2022 5:00,1.382
9/21/2022 6:00,1.506
9/21/2022 7:00,2.028
9/21/2022 8:00,2.062
9/21/2022 9:00,1.906
9/21/2022 10:00,1.791
9/21/2022 11:00,1.92
9/21/2022 12:00,2.047
9/21/2022 13:00,2.169
9/21/2022 14:00,2.261
9/21/2022 15:00,2.335
9/21/2022 16:00,2.382
9/21/2022 17:00,2.056
9/21/2022 18:00,1.801
9/21/2022 19:00,1.749
9/21/2022 20:00,1.676
9/21/2022 21:00,1.587
9/21/2022 22:00,1.505
9/21/2022 23:00,1.433
9/22/2022 0:00,1.448
9/22/2022 1:00,1.545
9/22/2022 2:00,1.669
9/22/2022 3:00,1.754
9/22/2022 4:00,1.762
9/22/2022 5:00,1.738
9/22/2022 6:00,1.802
9/22/2022 7:00,2.152
9/22/2022 8:00,1.972
9/22/2022 9:00,1.792
9/22/2022 10:00,1.813
9/22/2022 11:00,1.996
9/22/2022 12:00,2.188
9/22/2022 13:00,2.357
9/22/2022 14:00,2.477
9/22/2022 15:00,2.552
9/22/2022 16:00,2.606
9/22/2022 17:00,2.251
9/22/2022 18:00,2.009
9/22/2022 19:00,1.992
9/22/2022 20:00,1.823
9/22/2022 21:00,1.592
9/22/2022 22:00,1.428
9/22/2022 23:00,1.321
9/23/2022 0:00,1.248
9/23/2022 1:00,1.234
9/23/2022 2:00,1.26
9/23/2022 3:00,1.255
9/23/2022 4:00,1.229
9/23/2022 5:00,1.209
9/23/2022 6:00,1.26
9/23/2022 7:00,1.683
9/23/2022 8:00,2.177
9/23/2022 9:00,2.564
9/23/2022 10:00,2.809
9/23/2022 11:00,2.986
9/23/2022 12:00,3.138
9/23/2022 13:00,3.226
9/23/2022 14:00,3.259
9/23/2022 15:00,3.236
9/23/2022 16:00,3.126
9/23/2022 17:00,2.595
9/23/2022 18:00,2.27
9/23/2022 19:00,2.278
9/23/2022 20:00,2.314
9/23/2022 21:00,2.295
9/23/2022 22:00,2.281
9/23/2022 23:00,2.267
9/24/2022 0:00,2.251
9/24/2022 1:00,2.216
9/24/2022 2:00,2.149
9/24/2022 3:00,2.039
9/24/2022 4:00,1.928
9/24/2022 5:00,1.861
9/24/2022 6:00,1.891
9/24/2022 7:00,2.428
9/24/2022 8:00,2.442
9/24/2022 9:00,2.489
9/24/2022 10:00,2.594
9/24/2022 11:00,2.767
9/24/2022 12:00,2.939
9/24/2022 13:00,3.104
9/24/2022 14:00,3.28
9/24/2022 15:00,3.424
9/24/2022 16:00,3.471
9/24/2022 17:00,3.182
9/24/2022 18:00,2.811
9/24/2022 19:00,2.904
9/24/2022 20:00,2.948
9/24/2022 21:00,2.967
9/24/2022 22:00,2.956
9/24/2022 23:00,2.91
9/25/2022 0:00,2.841
9/25/2022 1:00,2.785
9/25/2022 2:00,2.758
9/25/2022 3:00,2.771
9/25/2022 4:00,2.785
9/25/2022 5:00,2.779
9/25/2022 6:00,2.9
9/25/2022 7:00,3.465
9/25/2022 8:00,3.711
9/25/2022 9:00,3.672
9/25/2022 10:00,3.516
9/25/2022 11:00,3.432
9/25/2022 12:00,3.42
9/25/2022 13:00,3.451
9/25/2022 14:00,3.516
9/25/2022 15:00,3.567
9/25/2022 16:00,3.536
9/25/2022 17:00,3.112
9/25/2022 18:00,2.796
9/25/2022 19:00,3.056
9/25/2022 20:00,3.129
9/25/2022 21:00,3.103
9/25/2022 22:00,3.052
9/25/2022 23:00,3.023
9/26/2022 0:00,2.992
9/26/2022 1:00,3.088
9/26/2022 2:00,3.058
9/26/2022 3:00,2.944
9/26/2022 4:00,2.871
9/26/2022 5:00,2.849
9/26/2022 6:00,2.913
9/26/2022 7:00,3.34
9/26/2022 8:00,3.468
9/26/2022 9:00,3.385
9/26/2022 10:00,3.247
9/26/2022 11:00,3.226
9/26/2022 12:00,3.322
9/26/2022 13:00,3.497
9/26/2022 14:00,3.689
9/26/2022 15:00,3.793
9/26/2022 16:00,3.746
9/26/2022 17:00,3.152
9/26/2022 18:00,2.725
9/26/2022 19:00,2.723
9/26/2022 20:00,2.601
9/26/2022 21:00,2.501
9/26/2022 22:00,2.5
9/26/2022 23:00,2.584
9/27/2022 0:00,2.657
9/27/2022 1:00,2.721
9/27/2022 2:00,2.793
9/27/2022 3:00,2.854
9/27/2022 4:00,2.896
9/27/2022 5:00,2.903
9/27/2022 6:00,2.975
9/27/2022 7:00,3.42
9/27/2022 8:00,3.692
9/27/2022 9:00,3.949
9/27/2022 10:00,4.015
9/27/2022 11:00,4.04
9/27/2022 12:00,4.065
9/27/2022 13:00,4.102
9/27/2022 14:00,4.163
9/27/2022 15:00,4.178
9/27/2022 16:00,4.008
9/27/2022 17:00,3.219
9/27/2022 18:00,2.687
9/27/2022 19:00,2.751
9/27/2022 20:00,2.773
9/27/2022 21:00,2.704
9/27/2022 22:00,2.558
9/27/2022 23:00,2.466
9/28/2022 0:00,2.494
9/28/2022 1:00,2.575
9/28/2022 2:00,2.661
9/28/2022 3:00,2.696
9/28/2022 4:00,2.746
9/28/2022 5:00,2.816
9/28/2022 6:00,2.988
9/28/2022 7:00,3.576
9/28/2022 8:00,3.802
9/28/2022 9:00,4.07
9/28/2022 10:00,4.181
9/28/2022 11:00,4.327
9/28/2022 12:00,4.495
9/28/2022 13:00,4.708
9/28/2022 14:00,4.955
9/28/2022 15:00,5.08
9/28/2022 16:00,4.951
9/28/2022 17:00,4.218
9/28/2022 18:00,3.581
9/28/2022 19:00,3.512
9/28/2022 20:00,3.429
9/28/2022 21:00,3.349
9/28/2022 22:00,3.28
9/28/2022 23:00,3.246
9/29/2022 0:00,3.2
9/29/2022 1:00,3.224
9/29/2022 2:00,3.255
9/29/2022 3:00,3.193
9/29/2022 4:00,3.132
9/29/2022 5:00,3.122
9/29/2022 6:00,3.243
9/29/2022 7:00,3.845
9/29/2022 8:00,4.077
9/29/2022 9:00,4.21
9/29/2022 10:00,4.339
9/29/2022 11:00,4.491
9/29/2022 12:00,4.639
9/29/2022 13:00,4.815
9/29/2022 14:00,4.931
9/29/2022 15:00,4.905
9/29/2022 16:00,4.642
9/29/2022 17:00,3.947
9/29/2022 18:00,3.456
9/29/2022 19:00,3.534
9/29/2022 20:00,3.568
9/29/2022 21:00,3.485
9/29/2022 22:00,3.349
9/29/2022 23:00,3.24
9/30/2022 0:00,3.202
9/30/2022 1:00,3.204
9/30/2022 2:00,3.198
9/30/2022 3:00,3.099
9/30/2022 4:00,3.001
9/30/2022 5:00,2.983
9/30/2022 6:00,3.072
9/30/2022 7:00,3.79
9/30/2022 8:00,4.247
9/30/2022 9:00,4.176
9/30/2022 10:00,3.816
9/30/2022 11:00,3.454
9/30/2022 12:00,3.181
9/30/2022 13:00,3.058
9/30/2022 14:00,3.049
9/30/2022 15:00,3.1
9/30/2022 16:00,2.989
9/30/2022 17:00,2.234
9/30/2022 18:00,1.928
9/30/2022 19:00,1.858
9/30/2022 20:00,1.766
9/30/2022 21:00,1.748
9/30/2022 22:00,1.757
9/30/2022 23:00,1.777
10/1/2022 0:00,1.788
10/1/2022 1:00,1.811
10/1/2022 2:00,1.839
10/1/2022 3:00,1.857
10/1/2022 4:00,1.87
10/1/2022 5:00,1.877
10/1/2022 6:00,1.858
10/1/2022 7:00,2.244
10/1/2022 8:00,2.108
10/1/2022 9:00,2.303
10/1/2022 10:00,2.479
10/1/2022 11:00,2.595
10/1/2022 12:00,2.688
10/1/2022 13:00,2.802
10/1/2022 14:00,2.928
10/1/2022 15:00,2.978
10/1/2022 16:00,2.861
10/1/2022 17:00,2.205
10/1/2022 18:00,2.033
10/1/2022 19:00,1.881
10/1/2022 20:00,1.759
10/1/2022 21:00,1.733
10/1/2022 22:00,1.719
10/1/2022 23:00,1.756
10/2/2022 0:00,1.825
10/2/2022 1:00,1.893
10/2/2022 2:00,1.941
10/2/2022 3:00,1.961
10/2/2022 4:00,1.963
10/2/2022 5:00,1.965
10/2/2022 6:00,1.952
10/2/2022 7:00,2.41
10/2/2022 8:00,2.678
10/2/2022 9:00,2.879
10/2/2022 10:00,3.041
10/2/2022 11:00,3.088
10/2/2022 12:00,3.096
10/2/2022 13:00,3.075
10/2/2022 14:00,3.01
10/2/2022 15:00,2.903
10/2/2022 16:00,2.691
10/2/2022 17:00,2.161
10/2/2022 18:00,1.978
10/2/2022 19:00,1.875
10/2/2022 20:00,1.768
10/2/2022 21:00,1.676
10/2/2022 22:00,1.606
10/2/2022 23:00,1.509
10/3/2022 0:00,1.436
10/3/2022 1:00,1.477
10/3/2022 2:00,1.526
10/3/2022 3:00,1.493
10/3/2022 4:00,1.457
10/3/2022 5:00,1.377
10/3/2022 6:00,1.292
10/3/2022 7:00,1.379
10/3/2022 8:00,1.713
10/3/2022 9:00,1.616
10/3/2022 10:00,1.609
10/3/2022 11:00,1.765
10/3/2022 12:00,1.87
10/3/2022 13:00,1.936
10/3/2022 14:00,2.066
10/3/2022 15:00,2.119
10/3/2022 16:00,1.895
10/3/2022 17:00,1.506
10/3/2022 18:00,1.426
10/3/2022 19:00,1.319
10/3/2022 20:00,1.233
10/3/2022 21:00,1.192
10/3/2022 22:00,1.198
10/3/2022 23:00,1.184
10/4/2022 0:00,1.19
10/4/2022 1:00,1.206
10/4/2022 2:00,1.233
10/4/2022 3:00,1.215
10/4/2022 4:00,1.19
10/4/2022 5:00,1.247
10/4/2022 6:00,1.318
10/4/2022 7:00,1.526
10/4/2022 8:00,1.79
10/4/2022 9:00,1.614
10/4/2022 10:00,1.593
10/4/2022 11:00,1.689
10/4/2022 12:00,1.906
10/4/2022 13:00,2.012
10/4/2022 14:00,2.015
10/4/2022 15:00,1.975
10/4/2022 16:00,1.782
10/4/2022 17:00,1.385
10/4/2022 18:00,1.359
10/4/2022 19:00,1.277
10/4/2022 20:00,1.204
10/4/2022 21:00,1.201
10/4/2022 22:00,1.245
10/4/2022 23:00,1.29
10/5/2022 0:00,1.365
10/5/2022 1:00,1.441
10/5/2022 2:00,1.515
10/5/2022 3:00,1.569
10/5/2022 4:00,1.598
10/5/2022 5:00,1.619
10/5/2022 6:00,1.623
10/5/2022 7:00,1.988
10/5/2022 8:00,2.17
10/5/2022 9:00,2.125
10/5/2022 10:00,2.097
10/5/2022 11:00,2.103
10/5/2022 12:00,2.175
10/5/2022 13:00,2.248
10/5/2022 14:00,2.296
10/5/2022 15:00,2.322
10/5/2022 16:00,2.298
10/5/2022 17:00,1.908
10/5/2022 18:00,1.813
10/5/2022 19:00,1.772
10/5/2022 20:00,1.733
10/5/2022 21:00,1.716
10/5/2022 22:00,1.736
10/5/2022 23:00,1.786
10/6/2022 0:00,1.85
10/6/2022 1:00,1.937
10/6/2022 2:00,2.039
10/6/2022 3:00,2.164
10/6/2022 4:00,2.344
10/6/2022 5:00,2.472
10/6/2022 6:00,2.6
10/6/2022 7:00,3.273
10/6/2022 8:00,3.669
10/6/2022 9:00,3.787
10/6/2022 10:00,3.766
10/6/2022 11:00,3.695
10/6/2022 12:00,3.595
10/6/2022 13:00,3.499
10/6/2022 14:00,3.448
10/6/2022 15:00,3.386
10/6/2022 16:00,3.244
10/6/2022 17:00,2.654
10/6/2022 18:00,2.422
10/6/2022 19:00,2.4
10/6/2022 20:00,2.378
10/6/2022 21:00,2.352
10/6/2022 22:00,2.264
10/6/2022 23:00,2.095
10/7/2022 0:00,2.011
10/7/2022 1:00,1.982
10/7/2022 2:00,1.995
10/7/2022 3:00,2.04
10/7/2022 4:00,2.067
10/7/2022 5:00,2.098
10/7/2022 6:00,2.148
10/7/2022 7:00,2.642
10/7/2022 8:00,2.77
10/7/2022 9:00,2.749
10/7/2022 10:00,2.655
10/7/2022 11:00,2.59
10/7/2022 12:00,2.568
10/7/2022 13:00,2.577
10/7/2022 14:00,2.602
10/7/2022 15:00,2.562
10/7/2022 16:00,2.427
10/7/2022 17:00,1.89
10/7/2022 18:00,1.736
10/7/2022 19:00,1.722
10/7/2022 20:00,1.701
10/7/2022 21:00,1.675
10/7/2022 22:00,1.669
10/7/2022 23:00,1.678
10/8/2022 0:00,1.704
10/8/2022 1:00,1.733
10/8/2022 2:00,1.759
10/8/2022 3:00,1.805
10/8/2022 4:00,1.876
10/8/2022 5:00,1.982
10/8/2022 6:00,2.133
10/8/2022 7:00,2.748
10/8/2022 8:00,3.014
10/8/2022 9:00,3.187
10/8/2022 10:00,3.197
10/8/2022 11:00,3.166
10/8/2022 12:00,3.108
10/8/2022 13:00,3.03
10/8/2022 14:00,2.967
10/8/2022 15:00,2.897
10/8/2022 16:00,2.737
10/8/2022 17:00,2.15
10/8/2022 18:00,2.086
10/8/2022 19:00,2.172
10/8/2022 20:00,2.222
10/8/2022 21:00,2.213
10/8/2022 22:00,2.189
10/8/2022 23:00,2.17
10/9/2022 0:00,2.116
10/9/2022 1:00,2.018
10/9/2022 2:00,1.989
10/9/2022 3:00,1.96
10/9/2022 4:00,1.922
10/9/2022 5:00,1.915
10/9/2022 6:00,1.92
10/9/2022 7:00,2.46
10/9/2022 8:00,2.684
10/9/2022 9:00,2.619
10/9/2022 10:00,2.417
10/9/2022 11:00,2.302
10/9/2022 12:00,2.285
10/9/2022 13:00,2.315
10/9/2022 14:00,2.337
10/9/2022 15:00,2.306
10/9/2022 16:00,2.161
10/9/2022 17:00,1.664
10/9/2022 18:00,1.531
10/9/2022 19:00,1.511
10/9/2022 20:00,1.474
10/9/2022 21:00,1.418
10/9/2022 22:00,1.367
10/9/2022 23:00,1.323
10/10/2022 0:00,1.282
10/10/2022 1:00,1.23
10/10/2022 2:00,1.177
10/10/2022 3:00,1.171
10/10/2022 4:00,1.212
10/10/2022 5:00,1.27
10/10/2022 6:00,1.297
10/10/2022 7:00,1.467
10/10/2022 8:00,1.658
10/10/2022 9:00,1.788
10/10/2022 10:00,1.835
10/10/2022 11:00,1.895
10/10/2022 12:00,1.97
10/10/2022 13:00,2.01
10/10/2022 14:00,1.98
10/10/2022 15:00,1.876
10/10/2022 16:00,1.662
10/10/2022 17:00,1.319
10/10/2022 18:00,1.285
10/10/2022 19:00,1.289
10/10/2022 20:00,1.267
10/10/2022 21:00,1.247
10/10/2022 22:00,1.222
10/10/2022 23:00,1.189
10/11/2022 0:00,1.18
10/11/2022 1:00,1.217
10/11/2022 2:00,1.278
10/11/2022 3:00,1.371
10/11/2022 4:00,1.469
10/11/2022 5:00,1.548
10/11/2022 6:00,1.609
10/11/2022 7:00,2.068
10/11/2022 8:00,2.385
10/11/2022 9:00,2.406
10/11/2022 10:00,2.357
10/11/2022 11:00,2.338
10/11/2022 12:00,2.343
10/11/2022 13:00,2.352
10/11/2022 14:00,2.376
10/11/2022 15:00,2.374
10/11/2022 16:00,2.179
10/11/2022 17:00,1.752
10/11/2022 18:00,1.712
10/11/2022 19:00,1.699
10/11/2022 20:00,1.677
10/11/2022 21:00,1.654
10/11/2022 22:00,1.655
10/11/2022 23:00,1.657
10/12/2022 0:00,1.667
10/12/2022 1:00,1.696
10/12/2022 2:00,1.713
10/12/2022 3:00,1.721
10/12/2022 4:00,1.767
10/12/2022 5:00,1.837
10/12/2022 6:00,1.926
10/12/2022 7:00,2.482
10/12/2022 8:00,2.792
10/12/2022 9:00,2.869
10/12/2022 10:00,2.837
10/12/2022 11:00,2.78
10/12/2022 12:00,2.721
10/12/2022 13:00,2.664
10/12/2022 14:00,2.618
10/12/2022 15:00,2.604
10/12/2022 16:00,2.456
10/12/2022 17:00,1.834
10/12/2022 18:00,1.688
10/12/2022 19:00,1.667
10/12/2022 20:00,1.639
10/12/2022 21:00,1.593
10/12/2022 22:00,1.621
10/12/2022 23:00,1.668
10/13/2022 0:00,1.705
10/13/2022 1:00,1.734
10/13/2022 2:00,1.753
10/13/2022 3:00,1.78
10/13/2022 4:00,1.797
10/13/2022 5:00,1.815
10/13/2022 6:00,1.829
10/13/2022 7:00,2.2
10/13/2022 8:00,2.502
10/13/2022 9:00,2.389
10/13/2022 10:00,2.402
10/13/2022 11:00,2.468
10/13/2022 12:00,2.567
10/13/2022 13:00,2.577
10/13/2022 14:00,2.601
10/13/2022 15:00,2.629
10/13/2022 16:00,2.405
10/13/2022 17:00,1.994
10/13/2022 18:00,2.006
10/13/2022 19:00,1.954
10/13/2022 20:00,1.907
10/13/2022 21:00,1.864
10/13/2022 22:00,1.793
10/13/2022 23:00,1.706
10/14/2022 0:00,1.698
10/14/2022 1:00,1.672
10/14/2022 2:00,1.704
10/14/2022 3:00,1.718
10/14/2022 4:00,1.717
10/14/2022 5:00,1.728
10/14/2022 6:00,1.754
10/14/2022 7:00,1.988
10/14/2022 8:00,2.278
10/14/2022 9:00,2.012
10/14/2022 10:00,2.12
10/14/2022 11:00,2.232
10/14/2022 12:00,2.317
10/14/2022 13:00,2.417
10/14/2022 14:00,2.486
10/14/2022 15:00,2.5
10/14/2022 16:00,2.267
10/14/2022 17:00,1.803
10/14/2022 18:00,1.736
10/14/2022 19:00,1.633
10/14/2022 20:00,1.595
10/14/2022 21:00,1.58
10/14/2022 22:00,1.544
10/14/2022 23:00,1.485
10/15/2022 0:00,1.411
10/15/2022 1:00,1.339
10/15/2022 2:00,1.341
10/15/2022 3:00,1.366
10/15/2022 4:00,1.387
10/15/2022 5:00,1.408
10/15/2022 6:00,1.408
10/15/2022 7:00,1.512
10/15/2022 8:00,2.006
10/15/2022 9:00,2.072
10/15/2022 10:00,2.523
10/15/2022 11:00,2.795
10/15/2022 12:00,3.008
10/15/2022 13:00,3.177
10/15/2022 14:00,3.271
10/15/2022 15:00,3.261
10/15/2022 16:00,2.854
10/15/2022 17:00,1.939
10/15/2022 18:00,1.755
10/15/2022 19:00,1.63
10/15/2022 20:00,1.498
10/15/2022 21:00,1.426
10/15/2022 22:00,1.419
10/15/2022 23:00,1.426
10/16/2022 0:00,1.42
10/16/2022 1:00,1.427
10/16/2022 2:00,1.494
10/16/2022 3:00,1.578
10/16/2022 4:00,1.666
10/16/2022 5:00,1.735
10/16/2022 6:00,1.806
10/16/2022 7:00,2.054
10/16/2022 8:00,2.576
10/16/2022 9:00,2.697
10/16/2022 10:00,2.94
10/16/2022 11:00,3.015
10/16/2022 12:00,3.071
10/16/2022 13:00,3.175
10/16/2022 14:00,3.267
10/16/2022 15:00,3.447
10/16/2022 16:00,3.154
10/16/2022 17:00,2.551
10/16/2022 18:00,1.88
10/16/2022 19:00,1.793
10/16/2022 20:00,1.853
10/16/2022 21:00,1.977
10/16/2022 22:00,2.026
10/16/2022 23:00,2.038
10/17/2022 0:00,2.044
10/17/2022 1:00,1.972
10/17/2022 2:00,1.943
10/17/2022 3:00,1.986
10/17/2022 4:00,1.98
10/17/2022 5:00,1.94
10/17/2022 6:00,1.948
10/17/2022 7:00,2.358
10/17/2022 8:00,2.973
10/17/2022 9:00,3.255
10/17/2022 10:00,3.44
10/17/2022 11:00,3.451
10/17/2022 12:00,3.411
10/17/2022 13:00,3.349
10/17/2022 14:00,3.26
10/17/2022 15:00,3.133
10/17/2022 16:00,2.615
10/17/2022 17:00,1.706
10/17/2022 18:00,1.641
10/17/2022 19:00,1.579
10/17/2022 20:00,1.568
10/17/2022 21:00,1.627
10/17/2022 22:00,1.695
10/17/2022 23:00,1.783
10/18/2022 0:00,1.896
10/18/2022 1:00,2.013
10/18/2022 2:00,2.113
10/18/2022 3:00,2.177
10/18/2022 4:00,2.221
10/18/2022 5:00,2.24
10/18/2022 6:00,2.261
10/18/2022 7:00,2.597
10/18/2022 8:00,3.013
10/18/2022 9:00,3.154
10/18/2022 10:00,3.412
10/18/2022 11:00,3.613
10/18/2022 12:00,3.639
10/18/2022 13:00,3.513
10/18/2022 14:00,3.335
10/18/2022 15:00,3.11
10/18/2022 16:00,2.536
10/18/2022 17:00,1.799
10/18/2022 18:00,1.632
10/18/2022 19:00,1.59
10/18/2022 20:00,1.598
10/18/2022 21:00,1.672
10/18/2022 22:00,1.763
10/18/2022 23:00,1.949
10/19/2022 0:00,2.001
10/19/2022 1:00,1.938
10/19/2022 2:00,1.941
10/19/2022 3:00,1.93
10/19/2022 4:00,1.995
10/19/2022 5:00,2.098
10/19/2022 6:00,2.265
10/19/2022 7:00,2.749
10/19/2022 8:00,3.394
10/19/2022 9:00,3.863
10/19/2022 10:00,4.161
10/19/2022 11:00,4.115
10/19/2022 12:00,4.181
10/19/2022 13:00,4.109
10/19/2022 14:00,3.824
10/19/2022 15:00,3.451
10/19/2022 16:00,2.86
10/19/2022 17:00,2.512
10/19/2022 18:00,2.326
10/19/2022 19:00,2.136
10/19/2022 20:00,2.083
10/19/2022 21:00,2.114
10/19/2022 22:00,2.202
10/19/2022 23:00,2.289
10/20/2022 0:00,2.342
10/20/2022 1:00,2.268
10/20/2022 2:00,2.256
10/20/2022 3:00,2.287
10/20/2022 4:00,2.304
10/20/2022 5:00,2.382
10/20/2022 6:00,2.468
10/20/2022 7:00,2.762
10/20/2022 8:00,3.087
10/20/2022 9:00,3.49
10/20/2022 10:00,3.893
10/20/2022 11:00,4.035
10/20/2022 12:00,4.062
10/20/2022 13:00,3.997
10/20/2022 14:00,3.908
10/20/2022 15:00,3.734
10/20/2022 16:00,3.419
10/20/2022 17:00,3.139
10/20/2022 18:00,3.027
10/20/2022 19:00,2.977
10/20/2022 20:00,2.968
10/20/2022 21:00,2.871
10/20/2022 22:00,2.695
10/20/2022 23:00,2.681
10/21/2022 0:00,2.669
10/21/2022 1:00,2.561
10/21/2022 2:00,2.488
10/21/2022 3:00,2.446
10/21/2022 4:00,2.414
10/21/2022 5:00,2.396
10/21/2022 6:00,2.394
10/21/2022 7:00,2.52
10/21/2022 8:00,3.026
10/21/2022 9:00,3.64
10/21/2022 10:00,4.038
10/21/2022 11:00,4.215
10/21/2022 12:00,4.339
10/21/2022 13:00,4.401
10/21/2022 14:00,4.303
10/21/2022 15:00,3.966
10/21/2022 16:00,3.261
10/21/2022 17:00,2.41
10/21/2022 18:00,2.152
10/21/2022 19:00,2.029
10/21/2022 20:00,1.948
10/21/2022 21:00,1.902
10/21/2022 22:00,1.866
10/21/2022 23:00,1.844
10/22/2022 0:00,1.848
10/22/2022 1:00,1.85
10/22/2022 2:00,1.874
10/22/2022 3:00,1.815
10/22/2022 4:00,1.736
10/22/2022 5:00,1.696
10/22/2022 6:00,1.68
10/22/2022 7:00,1.84
10/22/2022 8:00,2.339
10/22/2022 9:00,2.729
10/22/2022 10:00,3.255
10/22/2022 11:00,3.697
10/22/2022 12:00,4.064
10/22/2022 13:00,4.322
10/22/2022 14:00,4.437
10/22/2022 15:00,4.327
10/22/2022 16:00,3.623
10/22/2022 17:00,2.842
10/22/2022 18:00,2.638
10/22/2022 19:00,2.608
10/22/2022 20:00,2.628
10/22/2022 21:00,2.582
10/22/2022 22:00,2.62
10/22/2022 23:00,2.648
10/23/2022 0:00,2.743
10/23/2022 1:00,2.84
10/23/2022 2:00,2.941
10/23/2022 3:00,3.003
10/23/2022 4:00,3.06
10/23/2022 5:00,3.14
10/23/2022 6:00,3.226
10/23/2022 7:00,3.387
10/23/2022 8:00,3.852
10/23/2022 9:00,4.264
10/23/2022 10:00,4.656
10/23/2022 11:00,4.902
10/23/2022 12:00,5.006
10/23/2022 13:00,4.996
10/23/2022 14:00,4.802
10/23/2022 15:00,4.425
10/23/2022 16:00,3.653
10/23/2022 17:00,2.647
10/23/2022 18:00,2.327
10/23/2022 19:00,2.188
10/23/2022 20:00,2.085
10/23/2022 21:00,1.978
10/23/2022 22:00,1.873
10/23/2022 23:00,1.774
10/24/2022 0:00,1.703
10/24/2022 1:00,1.684
10/24/2022 2:00,1.693
10/24/2022 3:00,1.709
10/24/2022 4:00,1.699
10/24/2022 5:00,1.678
10/24/2022 6:00,1.68
10/24/2022 7:00,1.853
10/24/2022 8:00,2.46
10/24/2022 9:00,2.734
10/24/2022 10:00,2.939
10/24/2022 11:00,3.087
10/24/2022 12:00,3.173
10/24/2022 13:00,3.144
10/24/2022 14:00,3.019
10/24/2022 15:00,2.7
10/24/2022 16:00,1.885
10/24/2022 17:00,1.384
10/24/2022 18:00,1.325
10/24/2022 19:00,1.27
10/24/2022 20:00,1.294
10/24/2022 21:00,1.342
10/24/2022 22:00,1.43
10/24/2022 23:00,1.517
10/25/2022 0:00,1.573
10/25/2022 1:00,1.601
10/25/2022 2:00,1.623
10/25/2022 3:00,1.673
10/25/2022 4:00,1.739
10/25/2022 5:00,1.804
10/25/2022 6:00,1.843
10/25/2022 7:00,1.894
10/25/2022 8:00,2.404
10/25/2022 9:00,2.594
10/25/2022 10:00,3.1
10/25/2022 11:00,3.575
10/25/2022 12:00,3.963
10/25/2022 13:00,4.252
10/25/2022 14:00,4.227
10/25/2022 15:00,3.875
10/25/2022 16:00,2.941
10/25/2022 17:00,2.127
10/25/2022 18:00,1.904
10/25/2022 19:00,1.796
10/25/2022 20:00,1.751
10/25/2022 21:00,1.717
10/25/2022 22:00,1.716
10/25/2022 23:00,1.724
10/26/2022 0:00,1.701
10/26/2022 1:00,1.629
10/26/2022 2:00,1.521
10/26/2022 3:00,1.425
10/26/2022 4:00,1.363
10/26/2022 5:00,1.369
10/26/2022 6:00,1.376
10/26/2022 7:00,1.404
10/26/2022 8:00,1.739
10/26/2022 9:00,1.991
10/26/2022 10:00,2.251
10/26/2022 11:00,2.257
10/26/2022 12:00,2.252
10/26/2022 13:00,2.377
10/26/2022 14:00,2.483
10/26/2022 15:00,2.368
10/26/2022 16:00,1.803
10/26/2022 17:00,1.648
10/26/2022 18:00,1.805
10/26/2022 19:00,1.938
10/26/2022 20:00,2.037
10/26/2022 21:00,2.108
10/26/2022 22:00,2.152
10/26/2022 23:00,2.17
10/27/2022 0:00,2.146
10/27/2022 1:00,2.154
10/27/2022 2:00,2.203
10/27/2022 3:00,2.225
10/27/2022 4:00,2.195
10/27/2022 5:00,2.168
10/27/2022 6:00,2.171
10/27/2022 7:00,2.193
10/27/2022 8:00,2.71
10/27/2022 9:00,2.709
10/27/2022 10:00,2.842
10/27/2022 11:00,3.009
10/27/2022 12:00,3.086
10/27/2022 13:00,2.989
10/27/2022 14:00,2.76
10/27/2022 15:00,2.416
10/27/2022 16:00,1.943
10/27/2022 17:00,1.699
10/27/2022 18:00,1.723
10/27/2022 19:00,1.774
10/27/2022 20:00,1.826
10/27/2022 21:00,1.877
10/27/2022 22:00,1.911
10/27/2022 23:00,1.922
10/28/2022 0:00,1.905
10/28/2022 1:00,1.889
10/28/2022 2:00,1.861
10/28/2022 3:00,1.804
10/28/2022 4:00,1.765
10/28/2022 5:00,1.773
10/28/2022 6:00,1.795
10/28/2022 7:00,1.815
10/28/2022 8:00,2.312
10/28/2022 9:00,2.335
10/28/2022 10:00,2.547
10/28/2022 11:00,2.771
10/28/2022 12:00,2.9
10/28/2022 13:00,2.969
10/28/2022 14:00,2.94
10/28/2022 15:00,2.607
10/28/2022 16:00,2.065
10/28/2022 17:00,1.891
10/28/2022 18:00,1.93
10/28/2022 19:00,1.995
10/28/2022 20:00,2.055
10/28/2022 21:00,2.099
10/28/2022 22:00,2.159
10/28/2022 23:00,2.223
10/29/2022 0:00,2.307
10/29/2022 1:00,2.374
10/29/2022 2:00,2.404
10/29/2022 3:00,2.373
10/29/2022 4:00,2.33
10/29/2022 5:00,2.284
10/29/2022 6:00,2.229
10/29/2022 7:00,2.224
10/29/2022 8:00,2.755
10/29/2022 9:00,2.834
10/29/2022 10:00,2.854
10/29/2022 11:00,2.828
10/29/2022 12:00,2.808
10/29/2022 13:00,2.779
10/29/2022 14:00,2.715
10/29/2022 15:00,2.501
10/29/2022 16:00,1.859
10/29/2022 17:00,1.707
10/29/2022 18:00,1.702
10/29/2022 19:00,1.649
10/29/2022 20:00,1.587
10/29/2022 21:00,1.544
10/29/2022 22:00,1.507
10/29/2022 23:00,1.485
10/30/2022 0:00,1.504
10/30/2022 1:00,1.534
10/30/2022 2:00,1.553
10/30/2022 3:00,1.503
10/30/2022 4:00,1.439
10/30/2022 5:00,1.397
10/30/2022 6:00,1.357
10/30/2022 7:00,1.333
10/30/2022 8:00,1.634
10/30/2022 9:00,1.799
10/30/2022 10:00,1.812
10/30/2022 11:00,1.889
10/30/2022 12:00,1.944
10/30/2022 13:00,1.987
10/30/2022 14:00,2.05
10/30/2022 15:00,2.056
10/30/2022 16:00,1.594
10/30/2022 17:00,1.39
10/30/2022 18:00,1.455
10/30/2022 19:00,1.482
10/30/2022 20:00,1.485
10/30/2022 21:00,1.48
10/30/2022 22:00,1.533
10/30/2022 23:00,1.619
10/31/2022 0:00,1.673
10/31/2022 1:00,1.73
10/31/2022 2:00,1.799
10/31/2022 3:00,1.888
10/31/2022 4:00,1.967
10/31/2022 5:00,2.055
10/31/2022 6:00,2.166
10/31/2022 7:00,2.369
10/31/2022 8:00,3.009
10/31/2022 9:00,3.29
10/31/2022 10:00,3.47
10/31/2022 11:00,3.63
10/31/2022 12:00,3.711
10/31/2022 13:00,3.707
10/31/2022 14:00,3.627
10/31/2022 15:00,3.325
10/31/2022 16:00,2.621
10/31/2022 17:00,2.032
10/31/2022 18:00,1.941
10/31/2022 19:00,1.957
10/31/2022 20:00,1.953
10/31/2022 21:00,1.878
10/31/2022 22:00,1.763
10/31/2022 23:00,1.661
11/1/2022 0:00,1.578
11/1/2022 1:00,1.512
11/1/2022 2:00,1.453
11/1/2022 3:00,1.388
11/1/2022 4:00,1.356
11/1/2022 5:00,1.343
11/1/2022 6:00,1.334
11/1/2022 7:00,1.372
11/1/2022 8:00,1.789
11/1/2022 9:00,1.761
11/1/2022 10:00,1.969
11/1/2022 11:00,2.177
11/1/2022 12:00,2.304
11/1/2022 13:00,2.391
11/1/2022 14:00,2.421
11/1/2022 15:00,2.389
11/1/2022 16:00,1.971
11/1/2022 17:00,1.582
11/1/2022 18:00,1.515
11/1/2022 19:00,1.374
11/1/2022 20:00,1.214
11/1/2022 21:00,1.087
11/1/2022 22:00,1.054
11/1/2022 23:00,1.151
11/2/2022 0:00,1.265
11/2/2022 1:00,1.356
11/2/2022 2:00,1.421
11/2/2022 3:00,1.448
11/2/2022 4:00,1.466
11/2/2022 5:00,1.479
11/2/2022 6:00,1.49
11/2/2022 7:00,1.523
11/2/2022 8:00,2.004
11/2/2022 9:00,2.037
11/2/2022 10:00,2.211
11/2/2022 11:00,2.273
11/2/2022 12:00,2.261
11/2/2022 13:00,2.242
11/2/2022 14:00,2.216
11/2/2022 15:00,1.989
11/2/2022 16:00,1.556
11/2/2022 17:00,1.396
11/2/2022 18:00,1.424
11/2/2022 19:00,1.389
11/2/2022 20:00,1.355
11/2/2022 21:00,1.333
11/2/2022 22:00,1.383
11/2/2022 23:00,1.477
11/3/2022 0:00,1.569
11/3/2022 1:00,1.648
11/3/2022 2:00,1.758
11/3/2022 3:00,1.894
11/3/2022 4:00,2.055
11/3/2022 5:00,2.217
11/3/2022 6:00,2.388
11/3/2022 7:00,2.724
11/3/2022 8:00,3.458
11/3/2022 9:00,3.879
11/3/2022 10:00,4.245
11/3/2022 11:00,4.476
11/3/2022 12:00,4.665
11/3/2022 13:00,4.676
11/3/2022 14:00,4.526
11/3/2022 15:00,4.303
11/3/2022 16:00,3.681
11/3/2022 17:00,2.962
11/3/2022 18:00,2.956
11/3/2022 19:00,3.013
11/3/2022 20:00,2.948
11/3/2022 21:00,2.836
11/3/2022 22:00,2.765
11/3/2022 23:00,2.784
11/4/2022 0:00,2.821
11/4/2022 1:00,2.828
11/4/2022 2:00,2.827
11/4/2022 3:00,2.796
11/4/2022 4:00,2.727
11/4/2022 5:00,2.763
11/4/2022 6:00,2.847
11/4/2022 7:00,3.16
11/4/2022 8:00,3.878
11/4/2022 9:00,4.446
11/4/2022 10:00,4.733
11/4/2022 11:00,4.801
11/4/2022 12:00,4.814
11/4/2022 13:00,4.795
11/4/2022 14:00,4.753
11/4/2022 15:00,4.642
11/4/2022 16:00,3.932
11/4/2022 17:00,3.34
11/4/2022 18:00,3.227
11/4/2022 19:00,3.12
11/4/2022 20:00,3.062
11/4/2022 21:00,2.968
11/4/2022 22:00,2.869
11/4/2022 23:00,2.813
11/5/2022 0:00,2.772
11/5/2022 1:00,2.727
11/5/2022 2:00,2.709
11/5/2022 3:00,2.683
11/5/2022 4:00,2.642
11/5/2022 5:00,2.584
11/5/2022 6:00,2.509
11/5/2022 7:00,2.548
11/5/2022 8:00,2.887
11/5/2022 9:00,2.444
11/5/2022 10:00,1.912
11/5/2022 11:00,1.777
11/5/2022 12:00,1.834
11/5/2022 13:00,1.904
11/5/2022 14:00,1.958
11/5/2022 15:00,1.925
11/5/2022 16:00,1.447
11/5/2022 17:00,1.498
11/5/2022 18:00,1.493
11/5/2022 19:00,1.457
11/5/2022 20:00,1.446
11/5/2022 21:00,1.473
11/5/2022 22:00,1.509
11/5/2022 23:00,1.545
11/6/2022 0:00,1.591
11/6/2022 1:00,1.657
11/6/2022 2:00,1.725
11/6/2022 3:00,1.765
11/6/2022 4:00,1.772
11/6/2022 5:00,1.782
11/6/2022 6:00,1.808
11/6/2022 7:00,1.796
11/6/2022 8:00,2.139
11/6/2022 9:00,2.295
11/6/2022 10:00,2.586
11/6/2022 11:00,2.746
11/6/2022 12:00,2.848
11/6/2022 13:00,2.883
11/6/2022 14:00,2.82
11/6/2022 15:00,2.543
11/6/2022 16:00,1.828
11/6/2022 17:00,1.638
11/6/2022 18:00,1.549
11/6/2022 19:00,1.547
11/6/2022 20:00,1.651
11/6/2022 21:00,1.76
11/6/2022 22:00,1.855
11/6/2022 23:00,1.909
11/7/2022 0:00,1.923
11/7/2022 1:00,1.904
11/7/2022 2:00,1.864
11/7/2022 3:00,1.834
11/7/2022 4:00,1.812
11/7/2022 5:00,1.771
11/7/2022 6:00,1.713
11/7/2022 7:00,1.672
11/7/2022 8:00,2.116
11/7/2022 9:00,2.134
11/7/2022 10:00,2.27
11/7/2022 11:00,2.554
11/7/2022 12:00,2.798
11/7/2022 13:00,2.974
11/7/2022 14:00,3.068
11/7/2022 15:00,3.018
11/7/2022 16:00,2.34
11/7/2022 17:00,2.116
11/7/2022 18:00,2.134
11/7/2022 19:00,2.112
11/7/2022 20:00,2.094
11/7/2022 21:00,2.094
11/7/2022 22:00,2.129
11/7/2022 23:00,2.159
11/8/2022 0:00,2.184
11/8/2022 1:00,2.205
11/8/2022 2:00,2.235
11/8/2022 3:00,2.239
11/8/2022 4:00,2.231
11/8/2022 5:00,2.191
11/8/2022 6:00,2.192
11/8/2022 7:00,2.271
11/8/2022 8:00,2.698
11/8/2022 9:00,2.836
11/8/2022 10:00,3.161
11/8/2022 11:00,3.438
11/8/2022 12:00,3.665
11/8/2022 13:00,3.807
11/8/2022 14:00,3.801
11/8/2022 15:00,3.524
11/8/2022 16:00,2.767
11/8/2022 17:00,2.267
11/8/2022 18:00,2.195
11/8/2022 19:00,2.121
11/8/2022 20:00,2.039
11/8/2022 21:00,1.974
11/8/2022 22:00,1.968
11/8/2022 23:00,2.007
11/9/2022 0:00,2.022
11/9/2022 1:00,2
11/9/2022 2:00,2.062
11/9/2022 3:00,2.09
11/9/2022 4:00,2.05
11/9/2022 5:00,2.024
11/9/2022 6:00,2.004
11/9/2022 7:00,2.058
11/9/2022 8:00,2.462
11/9/2022 9:00,2.816
11/9/2022 10:00,3.082
11/9/2022 11:00,3.22
11/9/2022 12:00,3.269
11/9/2022 13:00,3.251
11/9/2022 14:00,3.135
11/9/2022 15:00,2.856
11/9/2022 16:00,2.129
11/9/2022 17:00,1.855
11/9/2022 18:00,1.92
11/9/2022 19:00,1.959
11/9/2022 20:00,2.005
11/9/2022 21:00,2.023
11/9/2022 22:00,2.041
11/9/2022 23:00,2.101
11/10/2022 0:00,2.149
11/10/2022 1:00,2.177
11/10/2022 2:00,2.182
11/10/2022 3:00,2.171
11/10/2022 4:00,2.163
11/10/2022 5:00,2.154
11/10/2022 6:00,2.168
11/10/2022 7:00,2.334
11/10/2022 8:00,2.942
11/10/2022 9:00,2.912
11/10/2022 10:00,2.823
11/10/2022 11:00,2.606
11/10/2022 12:00,2.449
11/10/2022 13:00,2.421
11/10/2022 14:00,2.491
11/10/2022 15:00,2.543
11/10/2022 16:00,2.002
11/10/2022 17:00,1.94
11/10/2022 18:00,2.037
11/10/2022 19:00,2.124
11/10/2022 20:00,2.194
11/10/2022 21:00,2.278
11/10/2022 22:00,2.377
11/10/2022 23:00,2.45
11/11/2022 0:00,2.484
11/11/2022 1:00,2.507
11/11/2022 2:00,2.543
11/11/2022 3:00,2.554
11/11/2022 4:00,2.573
11/11/2022 5:00,2.659
11/11/2022 6:00,2.766
11/11/2022 7:00,2.927
11/11/2022 8:00,3.646
11/11/2022 9:00,4.019
11/11/2022 10:00,4.246
11/11/2022 11:00,4.303
11/11/2022 12:00,4.276
11/11/2022 13:00,4.262
11/11/2022 14:00,4.235
11/11/2022 15:00,3.992
11/11/2022 16:00,3.157
11/11/2022 17:00,2.796
11/11/2022 18:00,2.893
11/11/2022 19:00,3.012
11/11/2022 20:00,3.051
11/11/2022 21:00,3.097
11/11/2022 22:00,3.173
11/11/2022 23:00,3.298
11/12/2022 0:00,3.389
11/12/2022 1:00,3.32
11/12/2022 2:00,3.245
11/12/2022 3:00,3.197
11/12/2022 4:00,3.227
11/12/2022 5:00,3.129
11/12/2022 6:00,3.103
11/12/2022 7:00,3.202
11/12/2022 8:00,3.754
11/12/2022 9:00,4.096
11/12/2022 10:00,4.445
11/12/2022 11:00,4.459
11/12/2022 12:00,4.28
11/12/2022 13:00,4.073
11/12/2022 14:00,3.842
11/12/2022 15:00,3.474
11/12/2022 16:00,2.702
11/12/2022 17:00,2.385
11/12/2022 18:00,2.438
11/12/2022 19:00,2.436
11/12/2022 20:00,2.43
11/12/2022 21:00,2.335
11/12/2022 22:00,2.187
11/12/2022 23:00,2.054
11/13/2022 0:00,1.949
11/13/2022 1:00,1.845
11/13/2022 2:00,1.767
11/13/2022 3:00,1.765
11/13/2022 4:00,1.745
11/13/2022 5:00,1.712
11/13/2022 6:00,1.673
11/13/2022 7:00,1.678
11/13/2022 8:00,2.018
11/13/2022 9:00,2.002
11/13/2022 10:00,2.05
11/13/2022 11:00,2.123
11/13/2022 12:00,2.229
11/13/2022 13:00,2.331
11/13/2022 14:00,2.416
11/13/2022 15:00,2.354
11/13/2022 16:00,1.641
11/13/2022 17:00,1.429
11/13/2022 18:00,1.468
11/13/2022 19:00,1.498
11/13/2022 20:00,1.52
11/13/2022 21:00,1.582
11/13/2022 22:00,1.642
11/13/2022 23:00,1.687
11/14/2022 0:00,1.711
11/14/2022 1:00,1.74
11/14/2022 2:00,1.785
11/14/2022 3:00,1.841
11/14/2022 4:00,1.865
11/14/2022 5:00,1.877
11/14/2022 6:00,1.921
11/14/2022 7:00,2.034
11/14/2022 8:00,2.53
11/14/2022 9:00,2.757
11/14/2022 10:00,3.022
11/14/2022 11:00,3.207
11/14/2022 12:00,3.345
11/14/2022 13:00,3.412
11/14/2022 14:00,3.378
11/14/2022 15:00,3.095
11/14/2022 16:00,2.453
11/14/2022 17:00,2.172
11/14/2022 18:00,2.281
11/14/2022 19:00,2.378
11/14/2022 20:00,2.479
11/14/2022 21:00,2.54
11/14/2022 22:00,2.591
11/14/2022 23:00,2.684
11/15/2022 0:00,2.772
11/15/2022 1:00,2.871
11/15/2022 2:00,3.003
11/15/2022 3:00,3.063
11/15/2022 4:00,3.052
11/15/2022 5:00,3.097
11/15/2022 6:00,3.141
11/15/2022 7:00,3.273
11/15/2022 8:00,3.818
11/15/2022 9:00,4.601
11/15/2022 10:00,5.286
11/15/2022 11:00,5.604
11/15/2022 12:00,5.775
11/15/2022 13:00,5.799
11/15/2022 14:00,5.609
11/15/2022 15:00,5.114
11/15/2022 16:00,4.333
11/15/2022 17:00,3.903
11/15/2022 18:00,3.714
11/15/2022 19:00,3.413
11/15/2022 20:00,3.254
11/15/2022 21:00,3.228
11/15/2022 22:00,3.23
11/15/2022 23:00,3.223
11/16/2022 0:00,3.206
11/16/2022 1:00,3.175
11/16/2022 2:00,3.15
11/16/2022 3:00,3.18
11/16/2022 4:00,3.127
11/16/2022 5:00,3.003
11/16/2022 6:00,2.936
11/16/2022 7:00,2.909
11/16/2022 8:00,3.311
11/16/2022 9:00,3.846
11/16/2022 10:00,4.403
11/16/2022 11:00,4.758
11/16/2022 12:00,4.943
11/16/2022 13:00,5.012
11/16/2022 14:00,4.94
11/16/2022 15:00,4.715
11/16/2022 16:00,4.214
11/16/2022 17:00,3.936
11/16/2022 18:00,3.961
11/16/2022 19:00,4.017
11/16/2022 20:00,4.137
11/16/2022 21:00,4.123
11/16/2022 22:00,4.063
11/16/2022 23:00,4.006
11/17/2022 0:00,3.972
11/17/2022 1:00,3.97
11/17/2022 2:00,3.876
11/17/2022 3:00,3.771
11/17/2022 4:00,3.72
11/17/2022 5:00,3.656
11/17/2022 6:00,3.541
11/17/2022 7:00,3.608
11/17/2022 8:00,4.113
11/17/2022 9:00,4.783
11/17/2022 10:00,5.27
11/17/2022 11:00,5.527
11/17/2022 12:00,5.712
11/17/2022 13:00,5.799
11/17/2022 14:00,5.746
11/17/2022 15:00,5.376
11/17/2022 16:00,4.628
11/17/2022 17:00,4.078
11/17/2022 18:00,3.91
11/17/2022 19:00,3.783
11/17/2022 20:00,3.622
11/17/2022 21:00,3.509
11/17/2022 22:00,3.361
11/17/2022 23:00,3.103
11/18/2022 0:00,2.945
11/18/2022 1:00,2.831
11/18/2022 2:00,2.723
11/18/2022 3:00,2.668
11/18/2022 4:00,2.648
11/18/2022 5:00,2.565
11/18/2022 6:00,2.545
11/18/2022 7:00,2.622
11/18/2022 8:00,3.15
11/18/2022 9:00,3.567
11/18/2022 10:00,3.902
11/18/2022 11:00,4.202
11/18/2022 12:00,4.46
11/18/2022 13:00,4.621
11/18/2022 14:00,4.708
11/18/2022 15:00,4.633
11/18/2022 16:00,4.003
11/18/2022 17:00,3.462
11/18/2022 18:00,3.508
11/18/2022 19:00,3.585
11/18/2022 20:00,3.612
11/18/2022 21:00,3.645
11/18/2022 22:00,3.691
11/18/2022 23:00,3.778
11/19/2022 0:00,3.87
11/19/2022 1:00,3.963
11/19/2022 2:00,4.065
11/19/2022 3:00,4.134
11/19/2022 4:00,4.114
11/19/2022 5:00,4.09
11/19/2022 6:00,4.094
11/19/2022 7:00,4.124
11/19/2022 8:00,4.509
11/19/2022 9:00,4.963
11/19/2022 10:00,5.115
11/19/2022 11:00,5.11
11/19/2022 12:00,5.138
11/19/2022 13:00,5.166
11/19/2022 14:00,5.103
11/19/2022 15:00,4.791
11/19/2022 16:00,4.07
11/19/2022 17:00,3.27
11/19/2022 18:00,3.187
11/19/2022 19:00,3.095
11/19/2022 20:00,3.106
11/19/2022 21:00,3.147
11/19/2022 22:00,3.154
11/19/2022 23:00,3.145
11/20/2022 0:00,3.172
11/20/2022 1:00,3.215
11/20/2022 2:00,3.249
11/20/2022 3:00,3.257
11/20/2022 4:00,3.204
11/20/2022 5:00,3.152
11/20/2022 6:00,3.111
11/20/2022 7:00,3.094
11/20/2022 8:00,3.515
11/20/2022 9:00,3.81
11/20/2022 10:00,3.95
11/20/2022 11:00,4.037
11/20/2022 12:00,3.97
11/20/2022 13:00,3.894
11/20/2022 14:00,3.837
11/20/2022 15:00,3.434
11/20/2022 16:00,2.563
11/20/2022 17:00,2.367
11/20/2022 18:00,2.452
11/20/2022 19:00,2.556
11/20/2022 20:00,2.726
11/20/2022 21:00,2.814
11/20/2022 22:00,2.854
11/20/2022 23:00,2.942
11/21/2022 0:00,3.057
11/21/2022 1:00,3.201
11/21/2022 2:00,3.282
11/21/2022 3:00,3.39
11/21/2022 4:00,3.425
11/21/2022 5:00,3.42
11/21/2022 6:00,3.464
11/21/2022 7:00,3.699
11/21/2022 8:00,4.328
11/21/2022 9:00,4.927
11/21/2022 10:00,5.634
11/21/2022 11:00,6.128
11/21/2022 12:00,6.494
11/21/2022 13:00,6.586
11/21/2022 14:00,6.505
11/21/2022 15:00,6.228
11/21/2022 16:00,5.891
11/21/2022 17:00,5.842
11/21/2022 18:00,5.889
11/21/2022 19:00,6.096
11/21/2022 20:00,6.215
11/21/2022 21:00,6.08
11/21/2022 22:00,5.672
11/21/2022 23:00,5.289
11/22/2022 0:00,5.043
11/22/2022 1:00,4.963
11/22/2022 2:00,4.822
11/22/2022 3:00,4.61
11/22/2022 4:00,4.412
11/22/2022 5:00,4.383
11/22/2022 6:00,4.28
11/22/2022 7:00,4.086
11/22/2022 8:00,4.373
11/22/2022 9:00,4.862
11/22/2022 10:00,5.273
11/22/2022 11:00,5.535
11/22/2022 12:00,5.79
11/22/2022 13:00,5.954
11/22/2022 14:00,5.917
11/22/2022 15:00,5.644
11/22/2022 16:00,5.266
11/22/2022 17:00,5.039
11/22/2022 18:00,4.986
11/22/2022 19:00,4.938
11/22/2022 20:00,4.762
11/22/2022 21:00,4.661
11/22/2022 22:00,4.589
11/22/2022 23:00,4.596
11/23/2022 0:00,4.643
11/23/2022 1:00,4.677
11/23/2022 2:00,4.688
11/23/2022 3:00,4.748
11/23/2022 4:00,4.811
11/23/2022 5:00,4.868
11/23/2022 6:00,4.811
11/23/2022 7:00,4.765
11/23/2022 8:00,5.023
11/23/2022 9:00,5.387
11/23/2022 10:00,5.677
11/23/2022 11:00,5.716
11/23/2022 12:00,5.601
11/23/2022 13:00,5.349
11/23/2022 14:00,4.936
11/23/2022 15:00,4.238
11/23/2022 16:00,3.041
11/23/2022 17:00,2.463
11/23/2022 18:00,2.355
11/23/2022 19:00,2.249
11/23/2022 20:00,2.186
11/23/2022 21:00,2.145
11/23/2022 22:00,2.083
11/23/2022 23:00,2.018
11/24/2022 0:00,1.959
11/24/2022 1:00,1.929
11/24/2022 2:00,1.878
11/24/2022 3:00,1.806
11/24/2022 4:00,1.778
11/24/2022 5:00,1.788
11/24/2022 6:00,1.796
11/24/2022 7:00,1.861
11/24/2022 8:00,2.202
11/24/2022 9:00,2.494
11/24/2022 10:00,2.733
11/24/2022 11:00,3.063
11/24/2022 12:00,3.381
11/24/2022 13:00,3.567
11/24/2022 14:00,3.608
11/24/2022 15:00,3.306
11/24/2022 16:00,2.582
11/24/2022 17:00,2.326
11/24/2022 18:00,2.195
11/24/2022 19:00,2.118
11/24/2022 20:00,2.106
11/24/2022 21:00,2.13
11/24/2022 22:00,2.131
11/24/2022 23:00,2.112
11/25/2022 0:00,2.143
11/25/2022 1:00,2.201
11/25/2022 2:00,2.294
11/25/2022 3:00,2.333
11/25/2022 4:00,2.347
11/25/2022 5:00,2.35
11/25/2022 6:00,2.359
11/25/2022 7:00,2.366
11/25/2022 8:00,2.718
11/25/2022 9:00,3.226
11/25/2022 10:00,3.684
11/25/2022 11:00,3.902
11/25/2022 12:00,3.988
11/25/2022 13:00,3.969
11/25/2022 14:00,3.757
11/25/2022 15:00,3.353
11/25/2022 16:00,2.476
11/25/2022 17:00,2.369
11/25/2022 18:00,2.416
11/25/2022 19:00,2.486
11/25/2022 20:00,2.579
11/25/2022 21:00,2.674
11/25/2022 22:00,2.751
11/25/2022 23:00,2.762
11/26/2022 0:00,2.717
11/26/2022 1:00,2.678
11/26/2022 2:00,2.632
11/26/2022 3:00,2.543
11/26/2022 4:00,2.434
11/26/2022 5:00,2.347
11/26/2022 6:00,2.283
11/26/2022 7:00,2.232
11/26/2022 8:00,2.409
11/26/2022 9:00,2.578
11/26/2022 10:00,2.163
11/26/2022 11:00,2.031
11/26/2022 12:00,1.958
11/26/2022 13:00,1.956
11/26/2022 14:00,1.897
11/26/2022 15:00,1.576
11/26/2022 16:00,1.442
11/26/2022 17:00,1.539
11/26/2022 18:00,1.544
11/26/2022 19:00,1.564
11/26/2022 20:00,1.638
11/26/2022 21:00,1.667
11/26/2022 22:00,1.688
11/26/2022 23:00,1.714
11/27/2022 0:00,1.757
11/27/2022 1:00,1.793
11/27/2022 2:00,1.809
11/27/2022 3:00,1.815
11/27/2022 4:00,1.801
11/27/2022 5:00,1.828
11/27/2022 6:00,1.851
11/27/2022 7:00,1.832
11/27/2022 8:00,1.882
11/27/2022 9:00,2.262
11/27/2022 10:00,2.332
11/27/2022 11:00,2.474
11/27/2022 12:00,2.606
11/27/2022 13:00,2.697
11/27/2022 14:00,2.7
11/27/2022 15:00,2.239
11/27/2022 16:00,1.959
11/27/2022 17:00,2.056
11/27/2022 18:00,2.103
11/27/2022 19:00,2.188
11/27/2022 20:00,2.325
11/27/2022 21:00,2.481
11/27/2022 22:00,2.686
11/27/2022 23:00,2.845
11/28/2022 0:00,2.98
11/28/2022 1:00,3.222
11/28/2022 2:00,3.408
11/28/2022 3:00,3.545
11/28/2022 4:00,3.621
11/28/2022 5:00,3.672
11/28/2022 6:00,3.733
11/28/2022 7:00,3.894
11/28/2022 8:00,4.365
11/28/2022 9:00,4.887
11/28/2022 10:00,5.16
11/28/2022 11:00,5.145
11/28/2022 12:00,5.161
11/28/2022 13:00,5.147
11/28/2022 14:00,4.978
11/28/2022 15:00,4.553
11/28/2022 16:00,3.536
11/28/2022 17:00,3.135
11/28/2022 18:00,3.169
11/28/2022 19:00,3.217
11/28/2022 20:00,3.247
11/28/2022 21:00,3.254
11/28/2022 22:00,3.26
11/28/2022 23:00,3.259
11/29/2022 0:00,3.212
11/29/2022 1:00,3.164
11/29/2022 2:00,3.101
11/29/2022 3:00,3.048
11/29/2022 4:00,3.001
11/29/2022 5:00,2.947
11/29/2022 6:00,2.906
11/29/2022 7:00,2.876
11/29/2022 8:00,3.216
11/29/2022 9:00,3.307
11/29/2022 10:00,3.331
11/29/2022 11:00,3.17
11/29/2022 12:00,2.964
11/29/2022 13:00,2.771
11/29/2022 14:00,2.574
11/29/2022 15:00,2.166
11/29/2022 16:00,1.628
11/29/2022 17:00,1.704
11/29/2022 18:00,1.744
11/29/2022 19:00,1.779
11/29/2022 20:00,1.798
11/29/2022 21:00,1.825
11/29/2022 22:00,1.838
11/29/2022 23:00,1.855
11/30/2022 0:00,1.859
11/30/2022 1:00,1.847
11/30/2022 2:00,1.831
11/30/2022 3:00,1.819
11/30/2022 4:00,1.795
11/30/2022 5:00,1.76
11/30/2022 6:00,1.701
11/30/2022 7:00,1.615
11/30/2022 8:00,1.61
11/30/2022 9:00,1.8
11/30/2022 10:00,1.68
11/30/2022 11:00,1.757
11/30/2022 12:00,1.852
11/30/2022 13:00,1.894
11/30/2022 14:00,1.892
11/30/2022 15:00,1.639
11/30/2022 16:00,1.411
11/30/2022 17:00,1.471
11/30/2022 18:00,1.409
11/30/2022 19:00,1.324
11/30/2022 20:00,1.256
11/30/2022 21:00,1.218
11/30/2022 22:00,1.215
11/30/2022 23:00,1.282
12/1/2022 0:00,1.383
12/1/2022 1:00,1.501
12/1/2022 2:00,1.609
12/1/2022 3:00,1.662
12/1/2022 4:00,1.733
12/1/2022 5:00,1.8
12/1/2022 6:00,1.923
12/1/2022 7:00,2.039
12/1/2022 8:00,2.529
12/1/2022 9:00,2.962
12/1/2022 10:00,3.134
12/1/2022 11:00,3.145
12/1/2022 12:00,3.107
12/1/2022 13:00,3.111
12/1/2022 14:00,3.124
12/1/2022 15:00,2.875
12/1/2022 16:00,2.181
12/1/2022 17:00,2.266
12/1/2022 18:00,2.452
12/1/2022 19:00,2.611
12/1/2022 20:00,2.689
12/1/2022 21:00,2.651
12/1/2022 22:00,2.579
12/1/2022 23:00,2.515
12/2/2022 0:00,2.464
12/2/2022 1:00,2.484
12/2/2022 2:00,2.544
12/2/2022 3:00,2.602
12/2/2022 4:00,2.68
12/2/2022 5:00,2.759
12/2/2022 6:00,2.806
12/2/2022 7:00,2.842
12/2/2022 8:00,3.142
12/2/2022 9:00,3.324
12/2/2022 10:00,3.152
12/2/2022 11:00,2.932
12/2/2022 12:00,2.769
12/2/2022 13:00,2.635
12/2/2022 14:00,2.532
12/2/2022 15:00,2.341
12/2/2022 16:00,1.962
12/2/2022 17:00,2.005
12/2/2022 18:00,2.033
12/2/2022 19:00,2.045
12/2/2022 20:00,2.016
12/2/2022 21:00,1.998
12/2/2022 22:00,1.969
12/2/2022 23:00,1.943
12/3/2022 0:00,1.906
12/3/2022 1:00,1.865
12/3/2022 2:00,1.826
12/3/2022 3:00,1.751
12/3/2022 4:00,1.709
12/3/2022 5:00,1.697
12/3/2022 6:00,1.677
12/3/2022 7:00,1.663
12/3/2022 8:00,1.775
12/3/2022 9:00,1.956
12/3/2022 10:00,2.021
12/3/2022 11:00,2.164
12/3/2022 12:00,2.301
12/3/2022 13:00,2.398
12/3/2022 14:00,2.388
12/3/2022 15:00,2.012
12/3/2022 16:00,1.381
12/3/2022 17:00,1.393
12/3/2022 18:00,1.412
12/3/2022 19:00,1.447
12/3/2022 20:00,1.508
12/3/2022 21:00,1.555
12/3/2022 22:00,1.565
12/3/2022 23:00,1.563
12/4/2022 0:00,1.565
12/4/2022 1:00,1.555
12/4/2022 2:00,1.546
12/4/2022 3:00,1.536
12/4/2022 4:00,1.504
12/4/2022 5:00,1.445
12/4/2022 6:00,1.388
12/4/2022 7:00,1.371
12/4/2022 8:00,1.515
12/4/2022 9:00,1.764
12/4/2022 10:00,1.962
12/4/2022 11:00,2.285
12/4/2022 12:00,2.539
12/4/2022 13:00,2.646
12/4/2022 14:00,2.576
12/4/2022 15:00,2.105
12/4/2022 16:00,1.533
12/4/2022 17:00,1.552
12/4/2022 18:00,1.534
12/4/2022 19:00,1.566
12/4/2022 20:00,1.641
12/4/2022 21:00,1.711
12/4/2022 22:00,1.793
12/4/2022 23:00,1.912
12/5/2022 0:00,2.021
12/5/2022 1:00,2.106
12/5/2022 2:00,2.265
12/5/2022 3:00,2.384
12/5/2022 4:00,2.494
12/5/2022 5:00,2.584
12/5/2022 6:00,2.704
12/5/2022 7:00,2.847
12/5/2022 8:00,3.113
12/5/2022 9:00,3.331
12/5/2022 10:00,3.338
12/5/2022 11:00,3.261
12/5/2022 12:00,3.198
12/5/2022 13:00,3.189
12/5/2022 14:00,3.022
12/5/2022 15:00,2.652
12/5/2022 16:00,2.456
12/5/2022 17:00,2.448
12/5/2022 18:00,2.473
12/5/2022 19:00,2.522
12/5/2022 20:00,2.594
12/5/2022 21:00,2.638
12/5/2022 22:00,2.572
12/5/2022 23:00,2.407
12/6/2022 0:00,2.234
12/6/2022 1:00,2.124
12/6/2022 2:00,2.043
12/6/2022 3:00,1.959
12/6/2022 4:00,1.853
12/6/2022 5:00,1.753
12/6/2022 6:00,1.677
12/6/2022 7:00,1.612
12/6/2022 8:00,1.722
12/6/2022 9:00,1.912
12/6/2022 10:00,1.798
12/6/2022 11:00,1.66
12/6/2022 12:00,1.643
12/6/2022 13:00,1.653
12/6/2022 14:00,1.626
12/6/2022 15:00,1.374
12/6/2022 16:00,1.132
12/6/2022 17:00,1.135
12/6/2022 18:00,1.081
12/6/2022 19:00,1.03
12/6/2022 20:00,1.018
12/6/2022 21:00,1.04
12/6/2022 22:00,1.075
12/6/2022 23:00,1.105
12/7/2022 0:00,1.145
12/7/2022 1:00,1.192
12/7/2022 2:00,1.26
12/7/2022 3:00,1.325
12/7/2022 4:00,1.347
12/7/2022 5:00,1.371
12/7/2022 6:00,1.423
12/7/2022 7:00,1.479
12/7/2022 8:00,1.657
12/7/2022 9:00,1.967
12/7/2022 10:00,1.849
12/7/2022 11:00,1.931
12/7/2022 12:00,2.009
12/7/2022 13:00,2.051
12/7/2022 14:00,2.071
12/7/2022 15:00,1.846
12/7/2022 16:00,1.531
12/7/2022 17:00,1.58
12/7/2022 18:00,1.607
12/7/2022 19:00,1.649
12/7/2022 20:00,1.699
12/7/2022 21:00,1.735
12/7/2022 22:00,1.789
12/7/2022 23:00,1.843
12/8/2022 0:00,1.902
12/8/2022 1:00,1.984
12/8/2022 2:00,2.071
12/8/2022 3:00,2.162
12/8/2022 4:00,2.284
12/8/2022 5:00,2.419
12/8/2022 6:00,2.515
12/8/2022 7:00,2.526
12/8/2022 8:00,2.714
12/8/2022 9:00,3.084
12/8/2022 10:00,3.46
12/8/2022 11:00,3.696
12/8/2022 12:00,3.822
12/8/2022 13:00,3.771
12/8/2022 14:00,3.626
12/8/2022 15:00,3.139
12/8/2022 16:00,2.743
12/8/2022 17:00,2.715
12/8/2022 18:00,2.783
12/8/2022 19:00,2.771
12/8/2022 20:00,2.759
12/8/2022 21:00,2.773
12/8/2022 22:00,2.767
12/8/2022 23:00,2.784
12/9/2022 0:00,2.792
12/9/2022 1:00,2.778
12/9/2022 2:00,2.698
12/9/2022 3:00,2.705
12/9/2022 4:00,2.797
12/9/2022 5:00,2.863
12/9/2022 6:00,2.941
12/9/2022 7:00,3.001
12/9/2022 8:00,3.247
12/9/2022 9:00,3.491
12/9/2022 10:00,3.748
12/9/2022 11:00,3.942
12/9/2022 12:00,3.957
12/9/2022 13:00,3.824
12/9/2022 14:00,3.557
12/9/2022 15:00,3.207
12/9/2022 16:00,2.957
12/9/2022 17:00,2.823
12/9/2022 18:00,2.729
12/9/2022 19:00,2.655
12/9/2022 20:00,2.603
12/9/2022 21:00,2.637
12/9/2022 22:00,2.693
12/9/2022 23:00,2.764
12/10/2022 0:00,2.811
12/10/2022 1:00,2.833
12/10/2022 2:00,2.848
12/10/2022 3:00,2.863
12/10/2022 4:00,2.842
12/10/2022 5:00,2.781
12/10/2022 6:00,2.659
12/10/2022 7:00,2.578
12/10/2022 8:00,2.85
12/10/2022 9:00,3.24
12/10/2022 10:00,3.243
12/10/2022 11:00,3.395
12/10/2022 12:00,3.462
12/10/2022 13:00,3.439
12/10/2022 14:00,3.383
12/10/2022 15:00,2.999
12/10/2022 16:00,2.284
12/10/2022 17:00,2.208
12/10/2022 18:00,2.193
12/10/2022 19:00,2.183
12/10/2022 20:00,2.217
12/10/2022 21:00,2.207
12/10/2022 22:00,2.287
12/10/2022 23:00,2.283
12/11/2022 0:00,2.369
12/11/2022 1:00,2.449
12/11/2022 2:00,2.464
12/11/2022 3:00,2.415
12/11/2022 4:00,2.408
12/11/2022 5:00,2.516
12/11/2022 6:00,2.686
12/11/2022 7:00,2.863
12/11/2022 8:00,3.027
12/11/2022 9:00,3.213
12/11/2022 10:00,3.223
12/11/2022 11:00,3.268
12/11/2022 12:00,3.148
12/11/2022 13:00,2.836
12/11/2022 14:00,2.963
12/11/2022 15:00,2.758
12/11/2022 16:00,2.406
12/11/2022 17:00,2.238
12/11/2022 18:00,2.107
12/11/2022 19:00,2.008
12/11/2022 20:00,1.942
12/11/2022 21:00,1.901
12/11/2022 22:00,1.89
12/11/2022 23:00,1.926
12/12/2022 0:00,1.958
12/12/2022 1:00,1.959
12/12/2022 2:00,1.949
12/12/2022 3:00,1.92
12/12/2022 4:00,1.89
12/12/2022 5:00,1.927
12/12/2022 6:00,1.986
12/12/2022 7:00,2.133
12/12/2022 8:00,2.561
12/12/2022 9:00,3.112
12/12/2022 10:00,3.791
12/12/2022 11:00,4.397
12/12/2022 12:00,4.867
12/12/2022 13:00,5.327
12/12/2022 14:00,5.327
12/12/2022 15:00,5.28
12/12/2022 16:00,5
12/12/2022 17:00,4.715
12/12/2022 18:00,4.646
12/12/2022 19:00,4.581
12/12/2022 20:00,4.431
12/12/2022 21:00,4.247
12/12/2022 22:00,4.14
12/12/2022 23:00,4.087
12/13/2022 0:00,3.944
12/13/2022 1:00,3.726
12/13/2022 2:00,3.439
12/13/2022 3:00,3.172
12/13/2022 4:00,2.975
12/13/2022 5:00,2.94
12/13/2022 6:00,3.09
12/13/2022 7:00,3.274
12/13/2022 8:00,3.597
12/13/2022 9:00,3.887
12/13/2022 10:00,4.141
12/13/2022 11:00,4.402
12/13/2022 12:00,4.381
12/13/2022 13:00,4.211
12/13/2022 14:00,3.982
12/13/2022 15:00,3.916
12/13/2022 16:00,3.973
12/13/2022 17:00,3.995
12/13/2022 18:00,3.916
12/13/2022 19:00,3.788
12/13/2022 20:00,3.749
12/13/2022 21:00,3.822
12/13/2022 22:00,3.884
12/13/2022 23:00,3.76
12/14/2022 0:00,3.574
12/14/2022 1:00,3.479
12/14/2022 2:00,3.397
12/14/2022 3:00,3.257
12/14/2022 4:00,3.067
12/14/2022 5:00,2.828
12/14/2022 6:00,2.629
12/14/2022 7:00,2.527
12/14/2022 8:00,2.767
12/14/2022 9:00,3.115
12/14/2022 10:00,3.391
12/14/2022 11:00,3.632
12/14/2022 12:00,3.698
12/14/2022 13:00,3.617
12/14/2022 14:00,3.345
12/14/2022 15:00,2.752
12/14/2022 16:00,2.327
12/14/2022 17:00,2.381
12/14/2022 18:00,2.525
12/14/2022 19:00,2.718
12/14/2022 20:00,2.88
12/14/2022 21:00,3.017
12/14/2022 22:00,3.085
12/14/2022 23:00,3.111
12/15/2022 0:00,3.129
12/15/2022 1:00,3.16
12/15/2022 2:00,3.157
12/15/2022 3:00,3.15
12/15/2022 4:00,3.091
12/15/2022 5:00,3.039
12/15/2022 6:00,3.03
12/15/2022 7:00,3.1
12/15/2022 8:00,3.48
12/15/2022 9:00,3.926
12/15/2022 10:00,4.306
12/15/2022 11:00,4.455
12/15/2022 12:00,4.472
12/15/2022 13:00,4.33
12/15/2022 14:00,4.051
12/15/2022 15:00,3.404
12/15/2022 16:00,2.685
12/15/2022 17:00,2.511
12/15/2022 18:00,2.474
12/15/2022 19:00,2.461
12/15/2022 20:00,2.454
12/15/2022 21:00,2.542
12/15/2022 22:00,2.647
12/15/2022 23:00,2.741
12/16/2022 0:00,2.785
12/16/2022 1:00,2.804
12/16/2022 2:00,2.773
12/16/2022 3:00,2.676
12/16/2022 4:00,2.572
12/16/2022 5:00,2.5
12/16/2022 6:00,2.439
12/16/2022 7:00,2.427
12/16/2022 8:00,2.687
12/16/2022 9:00,2.89
12/16/2022 10:00,2.972
12/16/2022 11:00,3.032
12/16/2022 12:00,3.025
12/16/2022 13:00,2.946
12/16/2022 14:00,2.803
12/16/2022 15:00,2.332
12/16/2022 16:00,1.835
12/16/2022 17:00,1.767
12/16/2022 18:00,1.751
12/16/2022 19:00,1.721
12/16/2022 20:00,1.694
12/16/2022 21:00,1.683
12/16/2022 22:00,1.684
12/16/2022 23:00,1.667
12/17/2022 0:00,1.625
12/17/2022 1:00,1.587
12/17/2022 2:00,1.589
12/17/2022 3:00,1.61
12/17/2022 4:00,1.613
12/17/2022 5:00,1.619
12/17/2022 6:00,1.62
12/17/2022 7:00,1.611
12/17/2022 8:00,1.715
12/17/2022 9:00,1.91
12/17/2022 10:00,1.75
12/17/2022 11:00,1.721
12/17/2022 12:00,1.755
12/17/2022 13:00,1.788
12/17/2022 14:00,1.797
12/17/2022 15:00,1.534
12/17/2022 16:00,1.154
12/17/2022 17:00,1.18
12/17/2022 18:00,1.161
12/17/2022 19:00,1.195
12/17/2022 20:00,1.28
12/17/2022 21:00,1.364
12/17/2022 22:00,1.428
12/17/2022 23:00,1.48
12/18/2022 0:00,1.548
12/18/2022 1:00,1.674
12/18/2022 2:00,1.76
12/18/2022 3:00,1.819
12/18/2022 4:00,1.824
12/18/2022 5:00,1.921
12/18/2022 6:00,2.057
12/18/2022 7:00,2.158
12/18/2022 8:00,2.434
12/18/2022 9:00,2.7
12/18/2022 10:00,2.934
12/18/2022 11:00,3.163
12/18/2022 12:00,3.272
12/18/2022 13:00,3.238
12/18/2022 14:00,3.101
12/18/2022 15:00,2.677
12/18/2022 16:00,2.141
12/18/2022 17:00,2.204
12/18/2022 18:00,2.297
12/18/2022 19:00,2.39
12/18/2022 20:00,2.433
12/18/2022 21:00,2.463
12/18/2022 22:00,2.491
12/18/2022 23:00,2.494
12/19/2022 0:00,2.493
12/19/2022 1:00,2.488
12/19/2022 2:00,2.498
12/19/2022 3:00,2.595
12/19/2022 4:00,2.659
12/19/2022 5:00,2.669
12/19/2022 6:00,2.695
12/19/2022 7:00,2.729
12/19/2022 8:00,2.949
12/19/2022 9:00,3.289
12/19/2022 10:00,3.372
12/19/2022 11:00,3.387
12/19/2022 12:00,3.322
12/19/2022 13:00,3.29
12/19/2022 14:00,3.268
12/19/2022 15:00,2.859
12/19/2022 16:00,2.31
12/19/2022 17:00,2.279
12/19/2022 18:00,2.315
12/19/2022 19:00,2.372
12/19/2022 20:00,2.418
12/19/2022 21:00,2.44
12/19/2022 22:00,2.473
12/19/2022 23:00,2.511
12/20/2022 0:00,2.508
12/20/2022 1:00,2.53
12/20/2022 2:00,2.552
12/20/2022 3:00,2.565
12/20/2022 4:00,2.587
12/20/2022 5:00,2.628
12/20/2022 6:00,2.693
12/20/2022 7:00,2.778
12/20/2022 8:00,2.978
12/20/2022 9:00,3.358
12/20/2022 10:00,3.549
12/20/2022 11:00,3.781
12/20/2022 12:00,3.862
12/20/2022 13:00,3.776
12/20/2022 14:00,3.474
12/20/2022 15:00,3.026
12/20/2022 16:00,2.658
12/20/2022 17:00,2.567
12/20/2022 18:00,2.478
12/20/2022 19:00,2.347
12/20/2022 20:00,2.247
12/20/2022 21:00,2.24
12/20/2022 22:00,2.266
12/20/2022 23:00,2.335
12/21/2022 0:00,2.431
12/21/2022 1:00,2.544
12/21/2022 2:00,2.611
12/21/2022 3:00,2.615
12/21/2022 4:00,2.608
12/21/2022 5:00,2.644
12/21/2022 6:00,2.6
12/21/2022 7:00,2.608
12/21/2022 8:00,2.879
12/21/2022 9:00,3.33
12/21/2022 10:00,3.591
12/21/2022 11:00,3.864
12/21/2022 12:00,3.907
12/21/2022 13:00,3.762
12/21/2022 14:00,3.514
12/21/2022 15:00,2.914
12/21/2022 16:00,2.317
12/21/2022 17:00,2.332
12/21/2022 18:00,2.398
12/21/2022 19:00,2.447
12/21/2022 20:00,2.495
12/21/2022 21:00,2.544
12/21/2022 22:00,2.583
12/21/2022 23:00,2.625
12/22/2022 0:00,2.649
12/22/2022 1:00,2.677
12/22/2022 2:00,2.635
12/22/2022 3:00,2.637
12/22/2022 4:00,2.622
12/22/2022 5:00,2.565
12/22/2022 6:00,2.526
12/22/2022 7:00,2.522
12/22/2022 8:00,2.698
12/22/2022 9:00,2.913
12/22/2022 10:00,2.949
12/22/2022 11:00,2.982
12/22/2022 12:00,3.007
12/22/2022 13:00,3.041
12/22/2022 14:00,2.926
12/22/2022 15:00,2.437
12/22/2022 16:00,1.947
12/22/2022 17:00,2.103
12/22/2022 18:00,2.275
12/22/2022 19:00,2.418
12/22/2022 20:00,2.535
12/22/2022 21:00,2.612
12/22/2022 22:00,2.636
12/22/2022 23:00,2.683
12/23/2022 0:00,2.684
12/23/2022 1:00,2.644
12/23/2022 2:00,2.591
12/23/2022 3:00,2.522
12/23/2022 4:00,2.465
12/23/2022 5:00,2.452
12/23/2022 6:00,2.477
12/23/2022 7:00,2.543
12/23/2022 8:00,2.892
12/23/2022 9:00,3.282
12/23/2022 10:00,3.402
12/23/2022 11:00,3.428
12/23/2022 12:00,3.408
12/23/2022 13:00,3.288
12/23/2022 14:00,3.067
12/23/2022 15:00,2.504
12/23/2022 16:00,2.022
12/23/2022 17:00,2.063
12/23/2022 18:00,2.085
12/23/2022 19:00,2.081
12/23/2022 20:00,2.092
12/23/2022 21:00,2.135
12/23/2022 22:00,2.159
12/23/2022 23:00,2.166
12/24/2022 0:00,2.205
12/24/2022 1:00,2.171
12/24/2022 2:00,2.131
12/24/2022 3:00,2.105
12/24/2022 4:00,2.124
12/24/2022 5:00,2.154
12/24/2022 6:00,2.169
12/24/2022 7:00,2.179
12/24/2022 8:00,2.335
12/24/2022 9:00,2.54
12/24/2022 10:00,2.534
12/24/2022 11:00,2.678
12/24/2022 12:00,2.765
12/24/2022 13:00,2.768
12/24/2022 14:00,2.594
12/24/2022 15:00,2.046
12/24/2022 16:00,1.667
12/24/2022 17:00,1.676
12/24/2022 18:00,1.721
12/24/2022 19:00,1.798
12/24/2022 20:00,1.906
12/24/2022 21:00,1.983
12/24/2022 22:00,2.029
12/24/2022 23:00,2.076
12/25/2022 0:00,2.096
12/25/2022 1:00,2.141
12/25/2022 2:00,2.208
12/25/2022 3:00,2.274
12/25/2022 4:00,2.376
12/25/2022 5:00,2.524
12/25/2022 6:00,2.648
12/25/2022 7:00,2.721
12/25/2022 8:00,2.908
12/25/2022 9:00,3.256
12/25/2022 10:00,3.307
12/25/2022 11:00,3.509
12/25/2022 12:00,3.562
12/25/2022 13:00,3.46
12/25/2022 14:00,3.132
12/25/2022 15:00,2.375
12/25/2022 16:00,1.901
12/25/2022 17:00,1.838
12/25/2022 18:00,1.792
12/25/2022 19:00,1.734
12/25/2022 20:00,1.692
12/25/2022 21:00,1.651
12/25/2022 22:00,1.593
12/25/2022 23:00,1.539
12/26/2022 0:00,1.497
12/26/2022 1:00,1.472
12/26/2022 2:00,1.491
12/26/2022 3:00,1.507
12/26/2022 4:00,1.559
12/26/2022 5:00,1.608
12/26/2022 6:00,1.659
12/26/2022 7:00,1.707
12/26/2022 8:00,1.727
12/26/2022 9:00,2.114
12/26/2022 10:00,2.096
12/26/2022 11:00,1.929
12/26/2022 12:00,2.063
12/26/2022 13:00,2.05
12/26/2022 14:00,1.854
12/26/2022 15:00,1.294
12/26/2022 16:00,1.185
12/26/2022 17:00,1.198
12/26/2022 18:00,1.204
12/26/2022 19:00,1.313
12/26/2022 20:00,1.437
12/26/2022 21:00,1.554
12/26/2022 22:00,1.636
12/26/2022 23:00,1.707
12/27/2022 0:00,1.784
12/27/2022 1:00,1.853
12/27/2022 2:00,1.904
12/27/2022 3:00,1.947
12/27/2022 4:00,1.973
12/27/2022 5:00,1.966
12/27/2022 6:00,1.952
12/27/2022 7:00,1.938
12/27/2022 8:00,1.944
12/27/2022 9:00,2.228
12/27/2022 10:00,2.158
12/27/2022 11:00,2.227
12/27/2022 12:00,2.385
12/27/2022 13:00,2.441
12/27/2022 14:00,2.382
12/27/2022 15:00,1.785
12/27/2022 16:00,1.594
12/27/2022 17:00,1.605
12/27/2022 18:00,1.58
12/27/2022 19:00,1.611
12/27/2022 20:00,1.698
12/27/2022 21:00,1.779
12/27/2022 22:00,1.851
12/27/2022 23:00,1.934
12/28/2022 0:00,2.016
12/28/2022 1:00,2.081
12/28/2022 2:00,2.129
12/28/2022 3:00,2.18
12/28/2022 4:00,2.204
12/28/2022 5:00,2.185
12/28/2022 6:00,2.154
12/28/2022 7:00,2.193
12/28/2022 8:00,2.252
12/28/2022 9:00,2.705
12/28/2022 10:00,2.699
12/28/2022 11:00,3.003
12/28/2022 12:00,3.237
12/28/2022 13:00,3.247
12/28/2022 14:00,3.073
12/28/2022 15:00,2.425
12/28/2022 16:00,2.149
12/28/2022 17:00,2.233
12/28/2022 18:00,2.291
12/28/2022 19:00,2.375
12/28/2022 20:00,2.458
12/28/2022 21:00,2.511
12/28/2022 22:00,2.537
12/28/2022 23:00,2.541
12/29/2022 0:00,2.512
12/29/2022 1:00,2.45
12/29/2022 2:00,2.372
12/29/2022 3:00,2.307
12/29/2022 4:00,2.294
12/29/2022 5:00,2.358
12/29/2022 6:00,2.42
12/29/2022 7:00,2.448
12/29/2022 8:00,2.614
12/29/2022 9:00,3.009
12/29/2022 10:00,3.263
12/29/2022 11:00,3.749
12/29/2022 12:00,3.989
12/29/2022 13:00,3.96
12/29/2022 14:00,3.7
12/29/2022 15:00,3.218
12/29/2022 16:00,2.781
12/29/2022 17:00,2.755
12/29/2022 18:00,2.751
12/29/2022 19:00,2.856
12/29/2022 20:00,2.969
12/29/2022 21:00,3.023
12/29/2022 22:00,3.157
12/29/2022 23:00,3.188
12/30/2022 0:00,3.201
12/30/2022 1:00,3.259
12/30/2022 2:00,3.365
12/30/2022 3:00,3.472
12/30/2022 4:00,3.522
12/30/2022 5:00,3.512
12/30/2022 6:00,3.477
12/30/2022 7:00,3.483
12/30/2022 8:00,3.739
12/30/2022 9:00,4.181
12/30/2022 10:00,4.486
12/30/2022 11:00,4.587
12/30/2022 12:00,4.432
12/30/2022 13:00,4.145
12/30/2022 14:00,3.756
12/30/2022 15:00,3.08
12/30/2022 16:00,2.453
12/30/2022 17:00,2.41
12/30/2022 18:00,2.434
12/30/2022 19:00,2.478
12/30/2022 20:00,2.521
12/30/2022 21:00,2.569
12/30/2022 22:00,2.621
12/30/2022 23:00,2.688
12/31/2022 0:00,2.78
12/31/2022 1:00,2.834
12/31/2022 2:00,2.871
12/31/2022 3:00,2.816
12/31/2022 4:00,2.722
12/31/2022 5:00,2.633
12/31/2022 6:00,2.572
12/31/2022 7:00,2.546
12/31/2022 8:00,2.534
12/31/2022 9:00,2.827
12/31/2022 10:00,2.833
12/31/2022 11:00,3.083
12/31/2022 12:00,3.327
12/31/2022 13:00,3.285
12/31/2022 14:00,3.018
12/31/2022 15:00,2.294
12/31/2022 16:00,2.115
12/31/2022 17:00,2.184
12/31/2022 18:00,2.166
12/31/2022 19:00,2.155
12/31/2022 20:00,2.16
12/31/2022 21:00,2.168
12/31/2022 22:00,2.148
12/31/2022 23:00,2.107
