# Renewables.ninja Weather (hourly 1980-2022)  -  Sweden  -  renewables_ninja_country_SE_wind-speed_merra-2_pop-wtd.csv  -  Version 1.4,
# License: https://creativecommons.org/licenses/by-nc/4.0/  -  Reference: https://doi.org/10.1038/s41560-023-01341-5,
# Units: time in UTC; other columns are the wind speed at 2 metres above ground in m/s (U2M and V2M in MERRA-2) weighted by population; column names signify country ISO2 code or GADM level1 code.,
,
1/1/2022 0:00,1.598
1/1/2022 1:00,1.605
1/1/2022 2:00,1.592
1/1/2022 3:00,1.562
1/1/2022 4:00,1.477
1/1/2022 5:00,1.349
1/1/2022 6:00,1.246
1/1/2022 7:00,1.174
1/1/2022 8:00,1.109
1/1/2022 9:00,1.033
1/1/2022 10:00,0.932
1/1/2022 11:00,0.873
1/1/2022 12:00,0.891
1/1/2022 13:00,0.988
1/1/2022 14:00,1.152
1/1/2022 15:00,1.273
1/1/2022 16:00,1.325
1/1/2022 17:00,1.578
1/1/2022 18:00,1.755
1/1/2022 19:00,1.813
1/1/2022 20:00,1.873
1/1/2022 21:00,1.897
1/1/2022 22:00,1.847
1/1/2022 23:00,1.828
1/2/2022 0:00,1.796
1/2/2022 1:00,1.796
1/2/2022 2:00,1.728
1/2/2022 3:00,1.616
1/2/2022 4:00,1.519
1/2/2022 5:00,1.45
1/2/2022 6:00,1.395
1/2/2022 7:00,1.338
1/2/2022 8:00,1.341
1/2/2022 9:00,1.29
1/2/2022 10:00,1.218
1/2/2022 11:00,1.215
1/2/2022 12:00,1.213
1/2/2022 13:00,1.128
1/2/2022 14:00,1.073
1/2/2022 15:00,1.141
1/2/2022 16:00,1.201
1/2/2022 17:00,1.221
1/2/2022 18:00,1.278
1/2/2022 19:00,1.382
1/2/2022 20:00,1.526
1/2/2022 21:00,1.601
1/2/2022 22:00,1.645
1/2/2022 23:00,1.605
1/3/2022 0:00,1.519
1/3/2022 1:00,1.433
1/3/2022 2:00,1.381
1/3/2022 3:00,1.362
1/3/2022 4:00,1.377
1/3/2022 5:00,1.434
1/3/2022 6:00,1.475
1/3/2022 7:00,1.525
1/3/2022 8:00,1.584
1/3/2022 9:00,1.649
1/3/2022 10:00,1.764
1/3/2022 11:00,1.847
1/3/2022 12:00,1.927
1/3/2022 13:00,1.956
1/3/2022 14:00,1.994
1/3/2022 15:00,2.017
1/3/2022 16:00,2.016
1/3/2022 17:00,2.04
1/3/2022 18:00,2.073
1/3/2022 19:00,2.117
1/3/2022 20:00,2.207
1/3/2022 21:00,2.26
1/3/2022 22:00,2.199
1/3/2022 23:00,2.182
1/4/2022 0:00,2.076
1/4/2022 1:00,1.795
1/4/2022 2:00,1.625
1/4/2022 3:00,1.616
1/4/2022 4:00,1.603
1/4/2022 5:00,1.571
1/4/2022 6:00,1.49
1/4/2022 7:00,1.44
1/4/2022 8:00,1.411
1/4/2022 9:00,1.374
1/4/2022 10:00,1.315
1/4/2022 11:00,1.31
1/4/2022 12:00,1.288
1/4/2022 13:00,1.294
1/4/2022 14:00,1.3
1/4/2022 15:00,1.352
1/4/2022 16:00,1.431
1/4/2022 17:00,1.514
1/4/2022 18:00,1.572
1/4/2022 19:00,1.627
1/4/2022 20:00,1.679
1/4/2022 21:00,1.727
1/4/2022 22:00,1.727
1/4/2022 23:00,1.767
1/5/2022 0:00,1.741
1/5/2022 1:00,1.74
1/5/2022 2:00,1.751
1/5/2022 3:00,1.76
1/5/2022 4:00,1.756
1/5/2022 5:00,1.806
1/5/2022 6:00,1.776
1/5/2022 7:00,1.712
1/5/2022 8:00,1.613
1/5/2022 9:00,1.513
1/5/2022 10:00,1.482
1/5/2022 11:00,1.495
1/5/2022 12:00,1.54
1/5/2022 13:00,1.569
1/5/2022 14:00,1.583
1/5/2022 15:00,1.673
1/5/2022 16:00,1.803
1/5/2022 17:00,1.944
1/5/2022 18:00,2.087
1/5/2022 19:00,2.191
1/5/2022 20:00,2.235
1/5/2022 21:00,2.29
1/5/2022 22:00,2.318
1/5/2022 23:00,2.265
1/6/2022 0:00,2.176
1/6/2022 1:00,2.103
1/6/2022 2:00,2.045
1/6/2022 3:00,1.962
1/6/2022 4:00,1.885
1/6/2022 5:00,1.809
1/6/2022 6:00,1.728
1/6/2022 7:00,1.669
1/6/2022 8:00,1.657
1/6/2022 9:00,1.6
1/6/2022 10:00,1.526
1/6/2022 11:00,1.437
1/6/2022 12:00,1.306
1/6/2022 13:00,1.254
1/6/2022 14:00,1.348
1/6/2022 15:00,1.399
1/6/2022 16:00,1.397
1/6/2022 17:00,1.387
1/6/2022 18:00,1.377
1/6/2022 19:00,1.405
1/6/2022 20:00,1.485
1/6/2022 21:00,1.548
1/6/2022 22:00,1.544
1/6/2022 23:00,1.532
1/7/2022 0:00,1.544
1/7/2022 1:00,1.549
1/7/2022 2:00,1.607
1/7/2022 3:00,1.686
1/7/2022 4:00,1.696
1/7/2022 5:00,1.697
1/7/2022 6:00,1.722
1/7/2022 7:00,1.722
1/7/2022 8:00,1.688
1/7/2022 9:00,1.633
1/7/2022 10:00,1.589
1/7/2022 11:00,1.581
1/7/2022 12:00,1.595
1/7/2022 13:00,1.609
1/7/2022 14:00,1.594
1/7/2022 15:00,1.581
1/7/2022 16:00,1.572
1/7/2022 17:00,1.588
1/7/2022 18:00,1.595
1/7/2022 19:00,1.581
1/7/2022 20:00,1.567
1/7/2022 21:00,1.542
1/7/2022 22:00,1.504
1/7/2022 23:00,1.461
1/8/2022 0:00,1.429
1/8/2022 1:00,1.408
1/8/2022 2:00,1.381
1/8/2022 3:00,1.362
1/8/2022 4:00,1.317
1/8/2022 5:00,1.311
1/8/2022 6:00,1.357
1/8/2022 7:00,1.447
1/8/2022 8:00,1.536
1/8/2022 9:00,1.549
1/8/2022 10:00,1.514
1/8/2022 11:00,1.46
1/8/2022 12:00,1.411
1/8/2022 13:00,1.449
1/8/2022 14:00,1.568
1/8/2022 15:00,1.586
1/8/2022 16:00,1.448
1/8/2022 17:00,1.327
1/8/2022 18:00,1.37
1/8/2022 19:00,1.408
1/8/2022 20:00,1.362
1/8/2022 21:00,1.293
1/8/2022 22:00,1.292
1/8/2022 23:00,1.343
1/9/2022 0:00,1.436
1/9/2022 1:00,1.546
1/9/2022 2:00,1.665
1/9/2022 3:00,1.73
1/9/2022 4:00,1.779
1/9/2022 5:00,1.822
1/9/2022 6:00,1.837
1/9/2022 7:00,1.829
1/9/2022 8:00,1.823
1/9/2022 9:00,1.834
1/9/2022 10:00,1.821
1/9/2022 11:00,1.806
1/9/2022 12:00,1.803
1/9/2022 13:00,1.811
1/9/2022 14:00,1.846
1/9/2022 15:00,1.888
1/9/2022 16:00,1.893
1/9/2022 17:00,1.888
1/9/2022 18:00,1.867
1/9/2022 19:00,1.829
1/9/2022 20:00,1.804
1/9/2022 21:00,1.745
1/9/2022 22:00,1.672
1/9/2022 23:00,1.623
1/10/2022 0:00,1.593
1/10/2022 1:00,1.603
1/10/2022 2:00,1.588
1/10/2022 3:00,1.588
1/10/2022 4:00,1.588
1/10/2022 5:00,1.619
1/10/2022 6:00,1.613
1/10/2022 7:00,1.623
1/10/2022 8:00,1.632
1/10/2022 9:00,1.546
1/10/2022 10:00,1.465
1/10/2022 11:00,1.407
1/10/2022 12:00,1.381
1/10/2022 13:00,1.423
1/10/2022 14:00,1.445
1/10/2022 15:00,1.479
1/10/2022 16:00,1.493
1/10/2022 17:00,1.49
1/10/2022 18:00,1.492
1/10/2022 19:00,1.489
1/10/2022 20:00,1.527
1/10/2022 21:00,1.556
1/10/2022 22:00,1.56
1/10/2022 23:00,1.571
1/11/2022 0:00,1.583
1/11/2022 1:00,1.57
1/11/2022 2:00,1.55
1/11/2022 3:00,1.522
1/11/2022 4:00,1.536
1/11/2022 5:00,1.568
1/11/2022 6:00,1.592
1/11/2022 7:00,1.606
1/11/2022 8:00,1.666
1/11/2022 9:00,1.727
1/11/2022 10:00,1.772
1/11/2022 11:00,1.8
1/11/2022 12:00,1.8
1/11/2022 13:00,1.785
1/11/2022 14:00,1.782
1/11/2022 15:00,1.794
1/11/2022 16:00,1.818
1/11/2022 17:00,1.825
1/11/2022 18:00,1.81
1/11/2022 19:00,1.776
1/11/2022 20:00,1.721
1/11/2022 21:00,1.649
1/11/2022 22:00,1.581
1/11/2022 23:00,1.54
1/12/2022 0:00,1.501
1/12/2022 1:00,1.452
1/12/2022 2:00,1.403
1/12/2022 3:00,1.355
1/12/2022 4:00,1.338
1/12/2022 5:00,1.306
1/12/2022 6:00,1.326
1/12/2022 7:00,1.4
1/12/2022 8:00,1.523
1/12/2022 9:00,1.626
1/12/2022 10:00,1.707
1/12/2022 11:00,1.803
1/12/2022 12:00,1.915
1/12/2022 13:00,2.042
1/12/2022 14:00,2.11
1/12/2022 15:00,2.146
1/12/2022 16:00,2.184
1/12/2022 17:00,2.248
1/12/2022 18:00,2.294
1/12/2022 19:00,2.34
1/12/2022 20:00,2.309
1/12/2022 21:00,2.338
1/12/2022 22:00,2.387
1/12/2022 23:00,2.411
1/13/2022 0:00,2.475
1/13/2022 1:00,2.536
1/13/2022 2:00,2.595
1/13/2022 3:00,2.622
1/13/2022 4:00,2.629
1/13/2022 5:00,2.632
1/13/2022 6:00,2.594
1/13/2022 7:00,2.56
1/13/2022 8:00,2.546
1/13/2022 9:00,2.559
1/13/2022 10:00,2.646
1/13/2022 11:00,2.701
1/13/2022 12:00,2.736
1/13/2022 13:00,2.735
1/13/2022 14:00,2.707
1/13/2022 15:00,2.731
1/13/2022 16:00,2.761
1/13/2022 17:00,2.778
1/13/2022 18:00,2.818
1/13/2022 19:00,2.874
1/13/2022 20:00,2.943
1/13/2022 21:00,3.029
1/13/2022 22:00,3.122
1/13/2022 23:00,3.196
1/14/2022 0:00,3.19
1/14/2022 1:00,3.208
1/14/2022 2:00,3.242
1/14/2022 3:00,3.275
1/14/2022 4:00,3.358
1/14/2022 5:00,3.444
1/14/2022 6:00,3.463
1/14/2022 7:00,3.393
1/14/2022 8:00,3.29
1/14/2022 9:00,3.229
1/14/2022 10:00,3.092
1/14/2022 11:00,3.014
1/14/2022 12:00,2.903
1/14/2022 13:00,2.728
1/14/2022 14:00,2.496
1/14/2022 15:00,2.347
1/14/2022 16:00,2.291
1/14/2022 17:00,2.216
1/14/2022 18:00,2.145
1/14/2022 19:00,2.05
1/14/2022 20:00,1.959
1/14/2022 21:00,1.87
1/14/2022 22:00,1.801
1/14/2022 23:00,1.76
1/15/2022 0:00,1.727
1/15/2022 1:00,1.683
1/15/2022 2:00,1.613
1/15/2022 3:00,1.538
1/15/2022 4:00,1.45
1/15/2022 5:00,1.354
1/15/2022 6:00,1.325
1/15/2022 7:00,1.272
1/15/2022 8:00,1.202
1/15/2022 9:00,1.123
1/15/2022 10:00,1.089
1/15/2022 11:00,1.108
1/15/2022 12:00,1.129
1/15/2022 13:00,1.141
1/15/2022 14:00,1.178
1/15/2022 15:00,1.217
1/15/2022 16:00,1.247
1/15/2022 17:00,1.286
1/15/2022 18:00,1.344
1/15/2022 19:00,1.39
1/15/2022 20:00,1.43
1/15/2022 21:00,1.455
1/15/2022 22:00,1.504
1/15/2022 23:00,1.544
1/16/2022 0:00,1.578
1/16/2022 1:00,1.612
1/16/2022 2:00,1.637
1/16/2022 3:00,1.687
1/16/2022 4:00,1.752
1/16/2022 5:00,1.826
1/16/2022 6:00,1.918
1/16/2022 7:00,2.004
1/16/2022 8:00,2.111
1/16/2022 9:00,2.243
1/16/2022 10:00,2.373
1/16/2022 11:00,2.5
1/16/2022 12:00,2.548
1/16/2022 13:00,2.5
1/16/2022 14:00,2.511
1/16/2022 15:00,2.508
1/16/2022 16:00,2.483
1/16/2022 17:00,2.508
1/16/2022 18:00,2.612
1/16/2022 19:00,2.81
1/16/2022 20:00,3.066
1/16/2022 21:00,3.359
1/16/2022 22:00,3.736
1/16/2022 23:00,4.109
1/17/2022 0:00,4.32
1/17/2022 1:00,4.318
1/17/2022 2:00,4.186
1/17/2022 3:00,3.925
1/17/2022 4:00,3.673
1/17/2022 5:00,3.381
1/17/2022 6:00,3.15
1/17/2022 7:00,2.987
1/17/2022 8:00,2.848
1/17/2022 9:00,2.792
1/17/2022 10:00,2.763
1/17/2022 11:00,2.671
1/17/2022 12:00,2.533
1/17/2022 13:00,2.368
1/17/2022 14:00,2.193
1/17/2022 15:00,2.006
1/17/2022 16:00,1.905
1/17/2022 17:00,1.882
1/17/2022 18:00,1.865
1/17/2022 19:00,1.821
1/17/2022 20:00,1.738
1/17/2022 21:00,1.639
1/17/2022 22:00,1.554
1/17/2022 23:00,1.517
1/18/2022 0:00,1.472
1/18/2022 1:00,1.443
1/18/2022 2:00,1.391
1/18/2022 3:00,1.315
1/18/2022 4:00,1.236
1/18/2022 5:00,1.173
1/18/2022 6:00,1.156
1/18/2022 7:00,1.203
1/18/2022 8:00,1.27
1/18/2022 9:00,1.319
1/18/2022 10:00,1.383
1/18/2022 11:00,1.477
1/18/2022 12:00,1.547
1/18/2022 13:00,1.63
1/18/2022 14:00,1.713
1/18/2022 15:00,1.717
1/18/2022 16:00,1.721
1/18/2022 17:00,1.75
1/18/2022 18:00,1.787
1/18/2022 19:00,1.807
1/18/2022 20:00,1.828
1/18/2022 21:00,1.837
1/18/2022 22:00,1.809
1/18/2022 23:00,1.802
1/19/2022 0:00,1.81
1/19/2022 1:00,1.88
1/19/2022 2:00,1.949
1/19/2022 3:00,2.026
1/19/2022 4:00,2.094
1/19/2022 5:00,2.215
1/19/2022 6:00,2.303
1/19/2022 7:00,2.315
1/19/2022 8:00,2.383
1/19/2022 9:00,2.469
1/19/2022 10:00,2.516
1/19/2022 11:00,2.528
1/19/2022 12:00,2.565
1/19/2022 13:00,2.628
1/19/2022 14:00,2.704
1/19/2022 15:00,2.837
1/19/2022 16:00,2.963
1/19/2022 17:00,3.067
1/19/2022 18:00,3.211
1/19/2022 19:00,3.329
1/19/2022 20:00,3.364
1/19/2022 21:00,3.355
1/19/2022 22:00,3.452
1/19/2022 23:00,3.516
1/20/2022 0:00,3.564
1/20/2022 1:00,3.469
1/20/2022 2:00,3.362
1/20/2022 3:00,3.33
1/20/2022 4:00,3.339
1/20/2022 5:00,3.368
1/20/2022 6:00,3.357
1/20/2022 7:00,3.361
1/20/2022 8:00,3.338
1/20/2022 9:00,3.306
1/20/2022 10:00,3.336
1/20/2022 11:00,3.36
1/20/2022 12:00,3.31
1/20/2022 13:00,3.213
1/20/2022 14:00,3.109
1/20/2022 15:00,3
1/20/2022 16:00,2.965
1/20/2022 17:00,2.973
1/20/2022 18:00,2.93
1/20/2022 19:00,2.86
1/20/2022 20:00,2.791
1/20/2022 21:00,2.764
1/20/2022 22:00,2.74
1/20/2022 23:00,2.689
1/21/2022 0:00,2.629
1/21/2022 1:00,2.57
1/21/2022 2:00,2.504
1/21/2022 3:00,2.443
1/21/2022 4:00,2.373
1/21/2022 5:00,2.314
1/21/2022 6:00,2.253
1/21/2022 7:00,2.209
1/21/2022 8:00,2.144
1/21/2022 9:00,2.076
1/21/2022 10:00,2.088
1/21/2022 11:00,2.11
1/21/2022 12:00,2.105
1/21/2022 13:00,2.058
1/21/2022 14:00,1.999
1/21/2022 15:00,1.878
1/21/2022 16:00,1.863
1/21/2022 17:00,1.83
1/21/2022 18:00,1.708
1/21/2022 19:00,1.631
1/21/2022 20:00,1.62
1/21/2022 21:00,1.584
1/21/2022 22:00,1.507
1/21/2022 23:00,1.447
1/22/2022 0:00,1.405
1/22/2022 1:00,1.362
1/22/2022 2:00,1.329
1/22/2022 3:00,1.269
1/22/2022 4:00,1.211
1/22/2022 5:00,1.166
1/22/2022 6:00,1.125
1/22/2022 7:00,1.085
1/22/2022 8:00,1.007
1/22/2022 9:00,0.93
1/22/2022 10:00,0.916
1/22/2022 11:00,1.019
1/22/2022 12:00,1.067
1/22/2022 13:00,1.023
1/22/2022 14:00,1.007
1/22/2022 15:00,0.991
1/22/2022 16:00,0.972
1/22/2022 17:00,0.984
1/22/2022 18:00,0.984
1/22/2022 19:00,0.981
1/22/2022 20:00,1.009
1/22/2022 21:00,1.053
1/22/2022 22:00,1.071
1/22/2022 23:00,1.051
1/23/2022 0:00,1.02
1/23/2022 1:00,1.028
1/23/2022 2:00,1.064
1/23/2022 3:00,1.062
1/23/2022 4:00,1.045
1/23/2022 5:00,1.037
1/23/2022 6:00,1.027
1/23/2022 7:00,1.024
1/23/2022 8:00,1.014
1/23/2022 9:00,0.993
1/23/2022 10:00,1.003
1/23/2022 11:00,1.037
1/23/2022 12:00,1.077
1/23/2022 13:00,1.125
1/23/2022 14:00,1.2
1/23/2022 15:00,1.262
1/23/2022 16:00,1.295
1/23/2022 17:00,1.377
1/23/2022 18:00,1.471
1/23/2022 19:00,1.51
1/23/2022 20:00,1.526
1/23/2022 21:00,1.514
1/23/2022 22:00,1.542
1/23/2022 23:00,1.56
1/24/2022 0:00,1.58
1/24/2022 1:00,1.619
1/24/2022 2:00,1.685
1/24/2022 3:00,1.726
1/24/2022 4:00,1.775
1/24/2022 5:00,1.839
1/24/2022 6:00,1.929
1/24/2022 7:00,1.945
1/24/2022 8:00,2
1/24/2022 9:00,2
1/24/2022 10:00,2
1/24/2022 11:00,2.013
1/24/2022 12:00,2.009
1/24/2022 13:00,1.986
1/24/2022 14:00,1.928
1/24/2022 15:00,1.894
1/24/2022 16:00,1.878
1/24/2022 17:00,1.857
1/24/2022 18:00,1.838
1/24/2022 19:00,1.834
1/24/2022 20:00,1.819
1/24/2022 21:00,1.824
1/24/2022 22:00,1.826
1/24/2022 23:00,1.78
1/25/2022 0:00,1.779
1/25/2022 1:00,1.847
1/25/2022 2:00,1.849
1/25/2022 3:00,1.787
1/25/2022 4:00,1.752
1/25/2022 5:00,1.674
1/25/2022 6:00,1.606
1/25/2022 7:00,1.538
1/25/2022 8:00,1.437
1/25/2022 9:00,1.354
1/25/2022 10:00,1.293
1/25/2022 11:00,1.238
1/25/2022 12:00,1.179
1/25/2022 13:00,1.199
1/25/2022 14:00,1.309
1/25/2022 15:00,1.369
1/25/2022 16:00,1.342
1/25/2022 17:00,1.289
1/25/2022 18:00,1.249
1/25/2022 19:00,1.194
1/25/2022 20:00,1.195
1/25/2022 21:00,1.228
1/25/2022 22:00,1.335
1/25/2022 23:00,1.452
1/26/2022 0:00,1.558
1/26/2022 1:00,1.669
1/26/2022 2:00,1.755
1/26/2022 3:00,1.791
1/26/2022 4:00,1.899
1/26/2022 5:00,1.975
1/26/2022 6:00,2.061
1/26/2022 7:00,2.135
1/26/2022 8:00,2.219
1/26/2022 9:00,2.253
1/26/2022 10:00,2.269
1/26/2022 11:00,2.242
1/26/2022 12:00,2.233
1/26/2022 13:00,2.265
1/26/2022 14:00,2.268
1/26/2022 15:00,2.198
1/26/2022 16:00,2.146
1/26/2022 17:00,2.102
1/26/2022 18:00,2.114
1/26/2022 19:00,2.084
1/26/2022 20:00,2.012
1/26/2022 21:00,1.968
1/26/2022 22:00,1.879
1/26/2022 23:00,1.876
1/27/2022 0:00,1.951
1/27/2022 1:00,2.052
1/27/2022 2:00,2.108
1/27/2022 3:00,2.187
1/27/2022 4:00,2.273
1/27/2022 5:00,2.331
1/27/2022 6:00,2.354
1/27/2022 7:00,2.391
1/27/2022 8:00,2.465
1/27/2022 9:00,2.571
1/27/2022 10:00,2.716
1/27/2022 11:00,2.881
1/27/2022 12:00,2.98
1/27/2022 13:00,2.999
1/27/2022 14:00,3.026
1/27/2022 15:00,3.037
1/27/2022 16:00,3.001
1/27/2022 17:00,2.995
1/27/2022 18:00,3.004
1/27/2022 19:00,2.963
1/27/2022 20:00,2.945
1/27/2022 21:00,2.932
1/27/2022 22:00,2.927
1/27/2022 23:00,2.91
1/28/2022 0:00,2.859
1/28/2022 1:00,2.791
1/28/2022 2:00,2.693
1/28/2022 3:00,2.58
1/28/2022 4:00,2.523
1/28/2022 5:00,2.528
1/28/2022 6:00,2.532
1/28/2022 7:00,2.474
1/28/2022 8:00,2.383
1/28/2022 9:00,2.277
1/28/2022 10:00,2.307
1/28/2022 11:00,2.26
1/28/2022 12:00,2.101
1/28/2022 13:00,1.876
1/28/2022 14:00,1.643
1/28/2022 15:00,1.532
1/28/2022 16:00,1.511
1/28/2022 17:00,1.488
1/28/2022 18:00,1.458
1/28/2022 19:00,1.479
1/28/2022 20:00,1.558
1/28/2022 21:00,1.64
1/28/2022 22:00,1.718
1/28/2022 23:00,1.831
1/29/2022 0:00,1.98
1/29/2022 1:00,2.144
1/29/2022 2:00,2.233
1/29/2022 3:00,2.281
1/29/2022 4:00,2.343
1/29/2022 5:00,2.407
1/29/2022 6:00,2.41
1/29/2022 7:00,2.447
1/29/2022 8:00,2.521
1/29/2022 9:00,2.603
1/29/2022 10:00,2.691
1/29/2022 11:00,2.878
1/29/2022 12:00,3.055
1/29/2022 13:00,3.223
1/29/2022 14:00,3.415
1/29/2022 15:00,3.615
1/29/2022 16:00,3.74
1/29/2022 17:00,3.9
1/29/2022 18:00,4.17
1/29/2022 19:00,4.256
1/29/2022 20:00,4.235
1/29/2022 21:00,4.278
1/29/2022 22:00,4.408
1/29/2022 23:00,4.494
1/30/2022 0:00,4.49
1/30/2022 1:00,4.476
1/30/2022 2:00,4.565
1/30/2022 3:00,4.568
1/30/2022 4:00,4.492
1/30/2022 5:00,4.422
1/30/2022 6:00,4.288
1/30/2022 7:00,4.243
1/30/2022 8:00,4.144
1/30/2022 9:00,4.079
1/30/2022 10:00,4.032
1/30/2022 11:00,3.949
1/30/2022 12:00,3.799
1/30/2022 13:00,3.598
1/30/2022 14:00,3.353
1/30/2022 15:00,3.138
1/30/2022 16:00,2.922
1/30/2022 17:00,2.658
1/30/2022 18:00,2.392
1/30/2022 19:00,2.103
1/30/2022 20:00,1.875
1/30/2022 21:00,1.695
1/30/2022 22:00,1.571
1/30/2022 23:00,1.456
1/31/2022 0:00,1.357
1/31/2022 1:00,1.264
1/31/2022 2:00,1.209
1/31/2022 3:00,1.142
1/31/2022 4:00,1.074
1/31/2022 5:00,1.069
1/31/2022 6:00,1.105
1/31/2022 7:00,1.108
1/31/2022 8:00,1.07
1/31/2022 9:00,1.08
1/31/2022 10:00,1.104
1/31/2022 11:00,1.125
1/31/2022 12:00,1.172
1/31/2022 13:00,1.191
1/31/2022 14:00,1.215
1/31/2022 15:00,1.289
1/31/2022 16:00,1.299
1/31/2022 17:00,1.276
1/31/2022 18:00,1.218
1/31/2022 19:00,1.167
1/31/2022 20:00,1.164
1/31/2022 21:00,1.167
1/31/2022 22:00,1.181
1/31/2022 23:00,1.213
2/1/2022 0:00,1.206
2/1/2022 1:00,1.24
2/1/2022 2:00,1.425
2/1/2022 3:00,1.565
2/1/2022 4:00,1.686
2/1/2022 5:00,1.666
2/1/2022 6:00,1.619
2/1/2022 7:00,1.565
2/1/2022 8:00,1.445
2/1/2022 9:00,1.314
2/1/2022 10:00,1.304
2/1/2022 11:00,1.367
2/1/2022 12:00,1.444
2/1/2022 13:00,1.465
2/1/2022 14:00,1.402
2/1/2022 15:00,1.464
2/1/2022 16:00,1.586
2/1/2022 17:00,1.694
2/1/2022 18:00,1.726
2/1/2022 19:00,1.681
2/1/2022 20:00,1.606
2/1/2022 21:00,1.501
2/1/2022 22:00,1.412
2/1/2022 23:00,1.34
2/2/2022 0:00,1.289
2/2/2022 1:00,1.266
2/2/2022 2:00,1.277
2/2/2022 3:00,1.318
2/2/2022 4:00,1.355
2/2/2022 5:00,1.388
2/2/2022 6:00,1.399
2/2/2022 7:00,1.373
2/2/2022 8:00,1.294
2/2/2022 9:00,1.238
2/2/2022 10:00,1.245
2/2/2022 11:00,1.307
2/2/2022 12:00,1.358
2/2/2022 13:00,1.357
2/2/2022 14:00,1.303
2/2/2022 15:00,1.317
2/2/2022 16:00,1.295
2/2/2022 17:00,1.261
2/2/2022 18:00,1.238
2/2/2022 19:00,1.254
2/2/2022 20:00,1.272
2/2/2022 21:00,1.282
2/2/2022 22:00,1.278
2/2/2022 23:00,1.216
2/3/2022 0:00,1.161
2/3/2022 1:00,1.134
2/3/2022 2:00,1.098
2/3/2022 3:00,1.082
2/3/2022 4:00,1.049
2/3/2022 5:00,1.007
2/3/2022 6:00,0.989
2/3/2022 7:00,0.982
2/3/2022 8:00,0.95
2/3/2022 9:00,0.915
2/3/2022 10:00,0.973
2/3/2022 11:00,1.081
2/3/2022 12:00,1.169
2/3/2022 13:00,1.266
2/3/2022 14:00,1.407
2/3/2022 15:00,1.419
2/3/2022 16:00,1.376
2/3/2022 17:00,1.39
2/3/2022 18:00,1.36
2/3/2022 19:00,1.356
2/3/2022 20:00,1.391
2/3/2022 21:00,1.437
2/3/2022 22:00,1.492
2/3/2022 23:00,1.535
2/4/2022 0:00,1.522
2/4/2022 1:00,1.564
2/4/2022 2:00,1.623
2/4/2022 3:00,1.707
2/4/2022 4:00,1.778
2/4/2022 5:00,1.841
2/4/2022 6:00,2.004
2/4/2022 7:00,2.188
2/4/2022 8:00,2.29
2/4/2022 9:00,2.345
2/4/2022 10:00,2.376
2/4/2022 11:00,2.374
2/4/2022 12:00,2.271
2/4/2022 13:00,2.205
2/4/2022 14:00,2.171
2/4/2022 15:00,2.131
2/4/2022 16:00,2.031
2/4/2022 17:00,1.87
2/4/2022 18:00,1.715
2/4/2022 19:00,1.715
2/4/2022 20:00,1.724
2/4/2022 21:00,1.767
2/4/2022 22:00,1.8
2/4/2022 23:00,1.875
2/5/2022 0:00,1.975
2/5/2022 1:00,2.022
2/5/2022 2:00,2.104
2/5/2022 3:00,2.146
2/5/2022 4:00,2.14
2/5/2022 5:00,2.137
2/5/2022 6:00,2.162
2/5/2022 7:00,2.194
2/5/2022 8:00,2.245
2/5/2022 9:00,2.333
2/5/2022 10:00,2.43
2/5/2022 11:00,2.525
2/5/2022 12:00,2.567
2/5/2022 13:00,2.526
2/5/2022 14:00,2.478
2/5/2022 15:00,2.361
2/5/2022 16:00,2.28
2/5/2022 17:00,2.287
2/5/2022 18:00,2.372
2/5/2022 19:00,2.557
2/5/2022 20:00,2.717
2/5/2022 21:00,2.793
2/5/2022 22:00,2.838
2/5/2022 23:00,2.765
2/6/2022 0:00,2.687
2/6/2022 1:00,2.652
2/6/2022 2:00,2.548
2/6/2022 3:00,2.397
2/6/2022 4:00,2.312
2/6/2022 5:00,2.197
2/6/2022 6:00,2.066
2/6/2022 7:00,1.969
2/6/2022 8:00,1.944
2/6/2022 9:00,1.949
2/6/2022 10:00,1.941
2/6/2022 11:00,1.896
2/6/2022 12:00,1.852
2/6/2022 13:00,1.772
2/6/2022 14:00,1.656
2/6/2022 15:00,1.581
2/6/2022 16:00,1.551
2/6/2022 17:00,1.518
2/6/2022 18:00,1.497
2/6/2022 19:00,1.485
2/6/2022 20:00,1.471
2/6/2022 21:00,1.447
2/6/2022 22:00,1.481
2/6/2022 23:00,1.548
2/7/2022 0:00,1.587
2/7/2022 1:00,1.615
2/7/2022 2:00,1.675
2/7/2022 3:00,1.724
2/7/2022 4:00,1.77
2/7/2022 5:00,1.796
2/7/2022 6:00,1.912
2/7/2022 7:00,2.027
2/7/2022 8:00,2.076
2/7/2022 9:00,2.165
2/7/2022 10:00,2.276
2/7/2022 11:00,2.306
2/7/2022 12:00,2.301
2/7/2022 13:00,2.229
2/7/2022 14:00,2.123
2/7/2022 15:00,2.042
2/7/2022 16:00,1.921
2/7/2022 17:00,1.832
2/7/2022 18:00,1.748
2/7/2022 19:00,1.697
2/7/2022 20:00,1.654
2/7/2022 21:00,1.618
2/7/2022 22:00,1.635
2/7/2022 23:00,1.63
2/8/2022 0:00,1.661
2/8/2022 1:00,1.742
2/8/2022 2:00,1.893
2/8/2022 3:00,2.12
2/8/2022 4:00,2.334
2/8/2022 5:00,2.408
2/8/2022 6:00,2.425
2/8/2022 7:00,2.414
2/8/2022 8:00,2.461
2/8/2022 9:00,2.437
2/8/2022 10:00,2.441
2/8/2022 11:00,2.515
2/8/2022 12:00,2.532
2/8/2022 13:00,2.428
2/8/2022 14:00,2.305
2/8/2022 15:00,2.155
2/8/2022 16:00,2.022
2/8/2022 17:00,1.986
2/8/2022 18:00,2.017
2/8/2022 19:00,2.046
2/8/2022 20:00,2.021
2/8/2022 21:00,1.976
2/8/2022 22:00,1.939
2/8/2022 23:00,1.854
2/9/2022 0:00,1.829
2/9/2022 1:00,1.793
2/9/2022 2:00,1.784
2/9/2022 3:00,1.785
2/9/2022 4:00,1.816
2/9/2022 5:00,1.88
2/9/2022 6:00,1.935
2/9/2022 7:00,1.992
2/9/2022 8:00,2.047
2/9/2022 9:00,2.139
2/9/2022 10:00,2.287
2/9/2022 11:00,2.405
2/9/2022 12:00,2.501
2/9/2022 13:00,2.536
2/9/2022 14:00,2.508
2/9/2022 15:00,2.496
2/9/2022 16:00,2.52
2/9/2022 17:00,2.507
2/9/2022 18:00,2.475
2/9/2022 19:00,2.436
2/9/2022 20:00,2.451
2/9/2022 21:00,2.365
2/9/2022 22:00,2.269
2/9/2022 23:00,2.228
2/10/2022 0:00,2.171
2/10/2022 1:00,2.121
2/10/2022 2:00,2.089
2/10/2022 3:00,2.082
2/10/2022 4:00,2.073
2/10/2022 5:00,2.078
2/10/2022 6:00,2.055
2/10/2022 7:00,2.03
2/10/2022 8:00,2.031
2/10/2022 9:00,2.01
2/10/2022 10:00,1.983
2/10/2022 11:00,1.935
2/10/2022 12:00,1.884
2/10/2022 13:00,1.844
2/10/2022 14:00,1.811
2/10/2022 15:00,1.794
2/10/2022 16:00,1.762
2/10/2022 17:00,1.759
2/10/2022 18:00,1.756
2/10/2022 19:00,1.748
2/10/2022 20:00,1.76
2/10/2022 21:00,1.74
2/10/2022 22:00,1.734
2/10/2022 23:00,1.618
2/11/2022 0:00,1.522
2/11/2022 1:00,1.484
2/11/2022 2:00,1.446
2/11/2022 3:00,1.38
2/11/2022 4:00,1.355
2/11/2022 5:00,1.324
2/11/2022 6:00,1.338
2/11/2022 7:00,1.365
2/11/2022 8:00,1.433
2/11/2022 9:00,1.508
2/11/2022 10:00,1.611
2/11/2022 11:00,1.726
2/11/2022 12:00,1.827
2/11/2022 13:00,1.862
2/11/2022 14:00,1.835
2/11/2022 15:00,1.765
2/11/2022 16:00,1.723
2/11/2022 17:00,1.693
2/11/2022 18:00,1.654
2/11/2022 19:00,1.61
2/11/2022 20:00,1.582
2/11/2022 21:00,1.582
2/11/2022 22:00,1.606
2/11/2022 23:00,1.644
2/12/2022 0:00,1.702
2/12/2022 1:00,1.742
2/12/2022 2:00,1.772
2/12/2022 3:00,1.808
2/12/2022 4:00,1.822
2/12/2022 5:00,1.839
2/12/2022 6:00,1.902
2/12/2022 7:00,2.04
2/12/2022 8:00,2.093
2/12/2022 9:00,2.215
2/12/2022 10:00,2.348
2/12/2022 11:00,2.433
2/12/2022 12:00,2.47
2/12/2022 13:00,2.461
2/12/2022 14:00,2.431
2/12/2022 15:00,2.418
2/12/2022 16:00,2.412
2/12/2022 17:00,2.448
2/12/2022 18:00,2.491
2/12/2022 19:00,2.543
2/12/2022 20:00,2.587
2/12/2022 21:00,2.604
2/12/2022 22:00,2.647
2/12/2022 23:00,2.654
2/13/2022 0:00,2.656
2/13/2022 1:00,2.644
2/13/2022 2:00,2.64
2/13/2022 3:00,2.635
2/13/2022 4:00,2.621
2/13/2022 5:00,2.586
2/13/2022 6:00,2.548
2/13/2022 7:00,2.529
2/13/2022 8:00,2.505
2/13/2022 9:00,2.52
2/13/2022 10:00,2.515
2/13/2022 11:00,2.45
2/13/2022 12:00,2.391
2/13/2022 13:00,2.318
2/13/2022 14:00,2.245
2/13/2022 15:00,2.185
2/13/2022 16:00,2.178
2/13/2022 17:00,2.176
2/13/2022 18:00,2.102
2/13/2022 19:00,2.06
2/13/2022 20:00,1.989
2/13/2022 21:00,1.96
2/13/2022 22:00,1.933
2/13/2022 23:00,1.938
2/14/2022 0:00,1.964
2/14/2022 1:00,1.982
2/14/2022 2:00,2.018
2/14/2022 3:00,2.042
2/14/2022 4:00,2.062
2/14/2022 5:00,2.084
2/14/2022 6:00,2.037
2/14/2022 7:00,2.028
2/14/2022 8:00,1.979
2/14/2022 9:00,1.957
2/14/2022 10:00,1.967
2/14/2022 11:00,1.939
2/14/2022 12:00,1.886
2/14/2022 13:00,1.903
2/14/2022 14:00,1.886
2/14/2022 15:00,1.859
2/14/2022 16:00,1.826
2/14/2022 17:00,1.771
2/14/2022 18:00,1.783
2/14/2022 19:00,1.803
2/14/2022 20:00,1.847
2/14/2022 21:00,1.8
2/14/2022 22:00,1.765
2/14/2022 23:00,1.779
2/15/2022 0:00,1.798
2/15/2022 1:00,1.858
2/15/2022 2:00,1.925
2/15/2022 3:00,1.978
2/15/2022 4:00,2.005
2/15/2022 5:00,2.087
2/15/2022 6:00,2.146
2/15/2022 7:00,2.147
2/15/2022 8:00,2.174
2/15/2022 9:00,2.21
2/15/2022 10:00,2.296
2/15/2022 11:00,2.273
2/15/2022 12:00,2.195
2/15/2022 13:00,2.051
2/15/2022 14:00,1.873
2/15/2022 15:00,1.764
2/15/2022 16:00,1.85
2/15/2022 17:00,2.015
2/15/2022 18:00,2.108
2/15/2022 19:00,2.259
2/15/2022 20:00,2.52
2/15/2022 21:00,2.732
2/15/2022 22:00,2.78
2/15/2022 23:00,2.736
2/16/2022 0:00,2.599
2/16/2022 1:00,2.4
2/16/2022 2:00,2.275
2/16/2022 3:00,2.159
2/16/2022 4:00,1.994
2/16/2022 5:00,1.924
2/16/2022 6:00,1.887
2/16/2022 7:00,1.894
2/16/2022 8:00,1.903
2/16/2022 9:00,1.889
2/16/2022 10:00,1.902
2/16/2022 11:00,1.997
2/16/2022 12:00,2.07
2/16/2022 13:00,2.04
2/16/2022 14:00,2.037
2/16/2022 15:00,2.163
2/16/2022 16:00,2.292
2/16/2022 17:00,2.321
2/16/2022 18:00,2.334
2/16/2022 19:00,2.26
2/16/2022 20:00,2.13
2/16/2022 21:00,1.9
2/16/2022 22:00,1.759
2/16/2022 23:00,1.879
2/17/2022 0:00,2.128
2/17/2022 1:00,2.294
2/17/2022 2:00,2.521
2/17/2022 3:00,2.637
2/17/2022 4:00,2.617
2/17/2022 5:00,2.653
2/17/2022 6:00,2.688
2/17/2022 7:00,2.69
2/17/2022 8:00,2.685
2/17/2022 9:00,2.704
2/17/2022 10:00,2.722
2/17/2022 11:00,2.755
2/17/2022 12:00,2.773
2/17/2022 13:00,2.73
2/17/2022 14:00,2.689
2/17/2022 15:00,2.648
2/17/2022 16:00,2.632
2/17/2022 17:00,2.627
2/17/2022 18:00,2.623
2/17/2022 19:00,2.581
2/17/2022 20:00,2.541
2/17/2022 21:00,2.549
2/17/2022 22:00,2.57
2/17/2022 23:00,2.632
2/18/2022 0:00,2.699
2/18/2022 1:00,2.701
2/18/2022 2:00,2.685
2/18/2022 3:00,2.698
2/18/2022 4:00,2.675
2/18/2022 5:00,2.596
2/18/2022 6:00,2.45
2/18/2022 7:00,2.303
2/18/2022 8:00,2.217
2/18/2022 9:00,2.111
2/18/2022 10:00,1.995
2/18/2022 11:00,1.817
2/18/2022 12:00,1.593
2/18/2022 13:00,1.556
2/18/2022 14:00,1.715
2/18/2022 15:00,2.035
2/18/2022 16:00,2.236
2/18/2022 17:00,2.286
2/18/2022 18:00,2.363
2/18/2022 19:00,2.388
2/18/2022 20:00,2.225
2/18/2022 21:00,2.28
2/18/2022 22:00,2.373
2/18/2022 23:00,2.312
2/19/2022 0:00,2.249
2/19/2022 1:00,2.158
2/19/2022 2:00,2.269
2/19/2022 3:00,2.377
2/19/2022 4:00,2.449
2/19/2022 5:00,2.597
2/19/2022 6:00,2.732
2/19/2022 7:00,2.754
2/19/2022 8:00,2.651
2/19/2022 9:00,2.484
2/19/2022 10:00,2.397
2/19/2022 11:00,2.34
2/19/2022 12:00,2.282
2/19/2022 13:00,2.207
2/19/2022 14:00,2.156
2/19/2022 15:00,2.153
2/19/2022 16:00,2.161
2/19/2022 17:00,2.153
2/19/2022 18:00,2.185
2/19/2022 19:00,2.196
2/19/2022 20:00,2.159
2/19/2022 21:00,2.136
2/19/2022 22:00,2.079
2/19/2022 23:00,2.031
2/20/2022 0:00,1.993
2/20/2022 1:00,1.894
2/20/2022 2:00,1.818
2/20/2022 3:00,1.781
2/20/2022 4:00,1.767
2/20/2022 5:00,1.718
2/20/2022 6:00,1.626
2/20/2022 7:00,1.587
2/20/2022 8:00,1.607
2/20/2022 9:00,1.54
2/20/2022 10:00,1.524
2/20/2022 11:00,1.61
2/20/2022 12:00,1.711
2/20/2022 13:00,1.818
2/20/2022 14:00,2.005
2/20/2022 15:00,2.198
2/20/2022 16:00,2.183
2/20/2022 17:00,2.027
2/20/2022 18:00,1.924
2/20/2022 19:00,1.866
2/20/2022 20:00,1.996
2/20/2022 21:00,2.134
2/20/2022 22:00,2.258
2/20/2022 23:00,2.365
2/21/2022 0:00,2.413
2/21/2022 1:00,2.542
2/21/2022 2:00,2.626
2/21/2022 3:00,2.797
2/21/2022 4:00,2.933
2/21/2022 5:00,3.12
2/21/2022 6:00,3.342
2/21/2022 7:00,3.44
2/21/2022 8:00,3.479
2/21/2022 9:00,3.47
2/21/2022 10:00,3.459
2/21/2022 11:00,3.404
2/21/2022 12:00,3.307
2/21/2022 13:00,3.196
2/21/2022 14:00,3.142
2/21/2022 15:00,3.107
2/21/2022 16:00,3.092
2/21/2022 17:00,3.057
2/21/2022 18:00,3.076
2/21/2022 19:00,3.025
2/21/2022 20:00,2.915
2/21/2022 21:00,2.803
2/21/2022 22:00,2.683
2/21/2022 23:00,2.575
2/22/2022 0:00,2.505
2/22/2022 1:00,2.425
2/22/2022 2:00,2.286
2/22/2022 3:00,2.163
2/22/2022 4:00,2.096
2/22/2022 5:00,2.03
2/22/2022 6:00,1.937
2/22/2022 7:00,1.865
2/22/2022 8:00,1.764
2/22/2022 9:00,1.707
2/22/2022 10:00,1.622
2/22/2022 11:00,1.585
2/22/2022 12:00,1.508
2/22/2022 13:00,1.343
2/22/2022 14:00,1.123
2/22/2022 15:00,1.194
2/22/2022 16:00,1.374
2/22/2022 17:00,1.552
2/22/2022 18:00,1.755
2/22/2022 19:00,1.853
2/22/2022 20:00,1.818
2/22/2022 21:00,1.611
2/22/2022 22:00,1.523
2/22/2022 23:00,1.968
2/23/2022 0:00,2.296
2/23/2022 1:00,2.458
2/23/2022 2:00,2.508
2/23/2022 3:00,2.534
2/23/2022 4:00,2.489
2/23/2022 5:00,2.461
2/23/2022 6:00,2.427
2/23/2022 7:00,2.337
2/23/2022 8:00,2.186
2/23/2022 9:00,2.092
2/23/2022 10:00,2.025
2/23/2022 11:00,1.931
2/23/2022 12:00,1.901
2/23/2022 13:00,1.896
2/23/2022 14:00,1.867
2/23/2022 15:00,1.849
2/23/2022 16:00,1.966
2/23/2022 17:00,2.128
2/23/2022 18:00,2.242
2/23/2022 19:00,2.383
2/23/2022 20:00,2.577
2/23/2022 21:00,2.778
2/23/2022 22:00,2.939
2/23/2022 23:00,3.047
2/24/2022 0:00,3.107
2/24/2022 1:00,3.13
2/24/2022 2:00,3.112
2/24/2022 3:00,3.063
2/24/2022 4:00,2.976
2/24/2022 5:00,2.877
2/24/2022 6:00,2.794
2/24/2022 7:00,2.721
2/24/2022 8:00,2.603
2/24/2022 9:00,2.474
2/24/2022 10:00,2.344
2/24/2022 11:00,2.233
2/24/2022 12:00,2.142
2/24/2022 13:00,2.064
2/24/2022 14:00,1.951
2/24/2022 15:00,1.89
2/24/2022 16:00,1.872
2/24/2022 17:00,1.876
2/24/2022 18:00,1.896
2/24/2022 19:00,1.861
2/24/2022 20:00,1.947
2/24/2022 21:00,2.076
2/24/2022 22:00,2.074
2/24/2022 23:00,2.06
2/25/2022 0:00,2.103
2/25/2022 1:00,2.084
2/25/2022 2:00,2.063
2/25/2022 3:00,2.095
2/25/2022 4:00,2.172
2/25/2022 5:00,2.241
2/25/2022 6:00,2.254
2/25/2022 7:00,2.248
2/25/2022 8:00,2.325
2/25/2022 9:00,2.352
2/25/2022 10:00,2.23
2/25/2022 11:00,2.085
2/25/2022 12:00,1.939
2/25/2022 13:00,1.78
2/25/2022 14:00,1.624
2/25/2022 15:00,1.506
2/25/2022 16:00,1.483
2/25/2022 17:00,1.527
2/25/2022 18:00,1.507
2/25/2022 19:00,1.495
2/25/2022 20:00,1.5
2/25/2022 21:00,1.517
2/25/2022 22:00,1.556
2/25/2022 23:00,1.622
2/26/2022 0:00,1.627
2/26/2022 1:00,1.573
2/26/2022 2:00,1.566
2/26/2022 3:00,1.522
2/26/2022 4:00,1.512
2/26/2022 5:00,1.458
2/26/2022 6:00,1.378
2/26/2022 7:00,1.207
2/26/2022 8:00,1.093
2/26/2022 9:00,0.987
2/26/2022 10:00,0.872
2/26/2022 11:00,0.766
2/26/2022 12:00,0.706
2/26/2022 13:00,0.64
2/26/2022 14:00,0.591
2/26/2022 15:00,0.759
2/26/2022 16:00,0.978
2/26/2022 17:00,1.082
2/26/2022 18:00,1.166
2/26/2022 19:00,1.219
2/26/2022 20:00,1.255
2/26/2022 21:00,1.297
2/26/2022 22:00,1.321
2/26/2022 23:00,1.325
2/27/2022 0:00,1.312
2/27/2022 1:00,1.286
2/27/2022 2:00,1.261
2/27/2022 3:00,1.23
2/27/2022 4:00,1.21
2/27/2022 5:00,1.22
2/27/2022 6:00,1.242
2/27/2022 7:00,1.353
2/27/2022 8:00,1.447
2/27/2022 9:00,1.443
2/27/2022 10:00,1.436
2/27/2022 11:00,1.465
2/27/2022 12:00,1.451
2/27/2022 13:00,1.422
2/27/2022 14:00,1.369
2/27/2022 15:00,1.305
2/27/2022 16:00,1.407
2/27/2022 17:00,1.5
2/27/2022 18:00,1.566
2/27/2022 19:00,1.601
2/27/2022 20:00,1.606
2/27/2022 21:00,1.581
2/27/2022 22:00,1.556
2/27/2022 23:00,1.507
2/28/2022 0:00,1.473
2/28/2022 1:00,1.398
2/28/2022 2:00,1.345
2/28/2022 3:00,1.311
2/28/2022 4:00,1.278
2/28/2022 5:00,1.254
2/28/2022 6:00,1.245
2/28/2022 7:00,1.316
2/28/2022 8:00,1.401
2/28/2022 9:00,1.433
2/28/2022 10:00,1.492
2/28/2022 11:00,1.587
2/28/2022 12:00,1.656
2/28/2022 13:00,1.672
2/28/2022 14:00,1.646
2/28/2022 15:00,1.593
2/28/2022 16:00,1.664
2/28/2022 17:00,1.748
2/28/2022 18:00,1.797
2/28/2022 19:00,1.841
2/28/2022 20:00,1.889
2/28/2022 21:00,1.922
2/28/2022 22:00,1.916
2/28/2022 23:00,1.919
3/1/2022 0:00,1.917
3/1/2022 1:00,1.877
3/1/2022 2:00,1.828
3/1/2022 3:00,1.793
3/1/2022 4:00,1.768
3/1/2022 5:00,1.758
3/1/2022 6:00,1.806
3/1/2022 7:00,1.887
3/1/2022 8:00,1.962
3/1/2022 9:00,1.942
3/1/2022 10:00,1.896
3/1/2022 11:00,1.822
3/1/2022 12:00,1.693
3/1/2022 13:00,1.548
3/1/2022 14:00,1.346
3/1/2022 15:00,1.206
3/1/2022 16:00,1.171
3/1/2022 17:00,1.127
3/1/2022 18:00,1.113
3/1/2022 19:00,1.064
3/1/2022 20:00,1.029
3/1/2022 21:00,1.006
3/1/2022 22:00,0.994
3/1/2022 23:00,0.963
3/2/2022 0:00,0.943
3/2/2022 1:00,0.93
3/2/2022 2:00,0.935
3/2/2022 3:00,0.941
3/2/2022 4:00,0.959
3/2/2022 5:00,0.993
3/2/2022 6:00,1.038
3/2/2022 7:00,1.1
3/2/2022 8:00,1.065
3/2/2022 9:00,1.024
3/2/2022 10:00,0.992
3/2/2022 11:00,0.947
3/2/2022 12:00,0.892
3/2/2022 13:00,0.891
3/2/2022 14:00,0.879
3/2/2022 15:00,0.895
3/2/2022 16:00,1.072
3/2/2022 17:00,1.193
3/2/2022 18:00,1.262
3/2/2022 19:00,1.315
3/2/2022 20:00,1.353
3/2/2022 21:00,1.343
3/2/2022 22:00,1.33
3/2/2022 23:00,1.334
3/3/2022 0:00,1.35
3/3/2022 1:00,1.372
3/3/2022 2:00,1.393
3/3/2022 3:00,1.407
3/3/2022 4:00,1.412
3/3/2022 5:00,1.366
3/3/2022 6:00,1.367
3/3/2022 7:00,1.329
3/3/2022 8:00,1.263
3/3/2022 9:00,1.161
3/3/2022 10:00,1.077
3/3/2022 11:00,1.012
3/3/2022 12:00,1.015
3/3/2022 13:00,1.025
3/3/2022 14:00,1.01
3/3/2022 15:00,0.976
3/3/2022 16:00,1.169
3/3/2022 17:00,1.364
3/3/2022 18:00,1.481
3/3/2022 19:00,1.506
3/3/2022 20:00,1.496
3/3/2022 21:00,1.498
3/3/2022 22:00,1.483
3/3/2022 23:00,1.442
3/4/2022 0:00,1.378
3/4/2022 1:00,1.307
3/4/2022 2:00,1.264
3/4/2022 3:00,1.232
3/4/2022 4:00,1.211
3/4/2022 5:00,1.222
3/4/2022 6:00,1.275
3/4/2022 7:00,1.233
3/4/2022 8:00,1.206
3/4/2022 9:00,1.149
3/4/2022 10:00,1.075
3/4/2022 11:00,0.995
3/4/2022 12:00,0.911
3/4/2022 13:00,0.866
3/4/2022 14:00,0.841
3/4/2022 15:00,0.941
3/4/2022 16:00,1.064
3/4/2022 17:00,1.077
3/4/2022 18:00,1.063
3/4/2022 19:00,1.054
3/4/2022 20:00,1.078
3/4/2022 21:00,1.105
3/4/2022 22:00,1.093
3/4/2022 23:00,1.111
3/5/2022 0:00,1.108
3/5/2022 1:00,1.102
3/5/2022 2:00,1.101
3/5/2022 3:00,1.097
3/5/2022 4:00,1.077
3/5/2022 5:00,1.062
3/5/2022 6:00,1.063
3/5/2022 7:00,1.111
3/5/2022 8:00,1.129
3/5/2022 9:00,1.1
3/5/2022 10:00,1.043
3/5/2022 11:00,1.016
3/5/2022 12:00,1.038
3/5/2022 13:00,1.018
3/5/2022 14:00,0.983
3/5/2022 15:00,0.977
3/5/2022 16:00,1.118
3/5/2022 17:00,1.183
3/5/2022 18:00,1.201
3/5/2022 19:00,1.172
3/5/2022 20:00,1.143
3/5/2022 21:00,1.139
3/5/2022 22:00,1.124
3/5/2022 23:00,1.103
3/6/2022 0:00,1.085
3/6/2022 1:00,1.106
3/6/2022 2:00,1.145
3/6/2022 3:00,1.159
3/6/2022 4:00,1.152
3/6/2022 5:00,1.138
3/6/2022 6:00,1.146
3/6/2022 7:00,1.204
3/6/2022 8:00,1.224
3/6/2022 9:00,1.201
3/6/2022 10:00,1.214
3/6/2022 11:00,1.225
3/6/2022 12:00,1.23
3/6/2022 13:00,1.22
3/6/2022 14:00,1.185
3/6/2022 15:00,1.157
3/6/2022 16:00,1.31
3/6/2022 17:00,1.458
3/6/2022 18:00,1.534
3/6/2022 19:00,1.55
3/6/2022 20:00,1.548
3/6/2022 21:00,1.531
3/6/2022 22:00,1.501
3/6/2022 23:00,1.468
3/7/2022 0:00,1.442
3/7/2022 1:00,1.436
3/7/2022 2:00,1.433
3/7/2022 3:00,1.425
3/7/2022 4:00,1.409
3/7/2022 5:00,1.328
3/7/2022 6:00,1.292
3/7/2022 7:00,1.179
3/7/2022 8:00,1.073
3/7/2022 9:00,1.057
3/7/2022 10:00,1
3/7/2022 11:00,0.995
3/7/2022 12:00,1
3/7/2022 13:00,0.978
3/7/2022 14:00,0.929
3/7/2022 15:00,0.914
3/7/2022 16:00,0.953
3/7/2022 17:00,1.021
3/7/2022 18:00,1.031
3/7/2022 19:00,1.01
3/7/2022 20:00,1.005
3/7/2022 21:00,1.026
3/7/2022 22:00,1.063
3/7/2022 23:00,1.097
3/8/2022 0:00,1.143
3/8/2022 1:00,1.1
3/8/2022 2:00,1.018
3/8/2022 3:00,0.975
3/8/2022 4:00,0.957
3/8/2022 5:00,0.964
3/8/2022 6:00,1.007
3/8/2022 7:00,0.967
3/8/2022 8:00,0.88
3/8/2022 9:00,0.855
3/8/2022 10:00,0.887
3/8/2022 11:00,0.947
3/8/2022 12:00,0.97
3/8/2022 13:00,0.946
3/8/2022 14:00,0.923
3/8/2022 15:00,0.934
3/8/2022 16:00,1.079
3/8/2022 17:00,1.134
3/8/2022 18:00,1.129
3/8/2022 19:00,1.094
3/8/2022 20:00,1.049
3/8/2022 21:00,1
3/8/2022 22:00,0.989
3/8/2022 23:00,1.015
3/9/2022 0:00,1
3/9/2022 1:00,0.967
3/9/2022 2:00,0.93
3/9/2022 3:00,0.905
3/9/2022 4:00,0.881
3/9/2022 5:00,0.854
3/9/2022 6:00,0.83
3/9/2022 7:00,0.768
3/9/2022 8:00,0.709
3/9/2022 9:00,0.701
3/9/2022 10:00,0.715
3/9/2022 11:00,0.747
3/9/2022 12:00,0.804
3/9/2022 13:00,0.857
3/9/2022 14:00,0.891
3/9/2022 15:00,0.995
3/9/2022 16:00,1.202
3/9/2022 17:00,1.27
3/9/2022 18:00,1.313
3/9/2022 19:00,1.363
3/9/2022 20:00,1.4
3/9/2022 21:00,1.5
3/9/2022 22:00,1.596
3/9/2022 23:00,1.687
3/10/2022 0:00,1.742
3/10/2022 1:00,1.775
3/10/2022 2:00,1.801
3/10/2022 3:00,1.816
3/10/2022 4:00,1.84
3/10/2022 5:00,1.884
3/10/2022 6:00,1.967
3/10/2022 7:00,2.113
3/10/2022 8:00,2.201
3/10/2022 9:00,2.178
3/10/2022 10:00,2.112
3/10/2022 11:00,2.049
3/10/2022 12:00,1.989
3/10/2022 13:00,1.922
3/10/2022 14:00,1.834
3/10/2022 15:00,1.775
3/10/2022 16:00,1.795
3/10/2022 17:00,1.879
3/10/2022 18:00,1.954
3/10/2022 19:00,2.004
3/10/2022 20:00,2.03
3/10/2022 21:00,2.012
3/10/2022 22:00,1.996
3/10/2022 23:00,1.972
3/11/2022 0:00,1.945
3/11/2022 1:00,1.907
3/11/2022 2:00,1.874
3/11/2022 3:00,1.858
3/11/2022 4:00,1.844
3/11/2022 5:00,1.866
3/11/2022 6:00,1.887
3/11/2022 7:00,2.031
3/11/2022 8:00,2.129
3/11/2022 9:00,2.05
3/11/2022 10:00,2.027
3/11/2022 11:00,2.046
3/11/2022 12:00,2.046
3/11/2022 13:00,1.998
3/11/2022 14:00,1.901
3/11/2022 15:00,1.866
3/11/2022 16:00,1.946
3/11/2022 17:00,2.012
3/11/2022 18:00,2.085
3/11/2022 19:00,2.121
3/11/2022 20:00,2.137
3/11/2022 21:00,2.13
3/11/2022 22:00,2.098
3/11/2022 23:00,2.048
3/12/2022 0:00,2.001
3/12/2022 1:00,1.955
3/12/2022 2:00,1.913
3/12/2022 3:00,1.891
3/12/2022 4:00,1.855
3/12/2022 5:00,1.834
3/12/2022 6:00,1.772
3/12/2022 7:00,1.699
3/12/2022 8:00,1.685
3/12/2022 9:00,1.614
3/12/2022 10:00,1.587
3/12/2022 11:00,1.598
3/12/2022 12:00,1.614
3/12/2022 13:00,1.599
3/12/2022 14:00,1.581
3/12/2022 15:00,1.577
3/12/2022 16:00,1.64
3/12/2022 17:00,1.691
3/12/2022 18:00,1.669
3/12/2022 19:00,1.65
3/12/2022 20:00,1.635
3/12/2022 21:00,1.605
3/12/2022 22:00,1.571
3/12/2022 23:00,1.557
3/13/2022 0:00,1.565
3/13/2022 1:00,1.597
3/13/2022 2:00,1.642
3/13/2022 3:00,1.691
3/13/2022 4:00,1.726
3/13/2022 5:00,1.746
3/13/2022 6:00,1.698
3/13/2022 7:00,1.558
3/13/2022 8:00,1.462
3/13/2022 9:00,1.513
3/13/2022 10:00,1.535
3/13/2022 11:00,1.531
3/13/2022 12:00,1.54
3/13/2022 13:00,1.548
3/13/2022 14:00,1.561
3/13/2022 15:00,1.725
3/13/2022 16:00,1.892
3/13/2022 17:00,1.882
3/13/2022 18:00,1.9
3/13/2022 19:00,1.939
3/13/2022 20:00,1.951
3/13/2022 21:00,1.947
3/13/2022 22:00,1.908
3/13/2022 23:00,1.855
3/14/2022 0:00,1.815
3/14/2022 1:00,1.775
3/14/2022 2:00,1.761
3/14/2022 3:00,1.751
3/14/2022 4:00,1.755
3/14/2022 5:00,1.79
3/14/2022 6:00,1.785
3/14/2022 7:00,1.628
3/14/2022 8:00,1.515
3/14/2022 9:00,1.495
3/14/2022 10:00,1.493
3/14/2022 11:00,1.492
3/14/2022 12:00,1.478
3/14/2022 13:00,1.426
3/14/2022 14:00,1.361
3/14/2022 15:00,1.31
3/14/2022 16:00,1.336
3/14/2022 17:00,1.455
3/14/2022 18:00,1.525
3/14/2022 19:00,1.552
3/14/2022 20:00,1.504
3/14/2022 21:00,1.415
3/14/2022 22:00,1.316
3/14/2022 23:00,1.203
3/15/2022 0:00,1.116
3/15/2022 1:00,1.071
3/15/2022 2:00,0.994
3/15/2022 3:00,0.897
3/15/2022 4:00,0.852
3/15/2022 5:00,0.833
3/15/2022 6:00,0.772
3/15/2022 7:00,0.698
3/15/2022 8:00,0.662
3/15/2022 9:00,0.672
3/15/2022 10:00,0.721
3/15/2022 11:00,0.752
3/15/2022 12:00,0.767
3/15/2022 13:00,0.771
3/15/2022 14:00,0.757
3/15/2022 15:00,0.797
3/15/2022 16:00,0.886
3/15/2022 17:00,0.965
3/15/2022 18:00,0.951
3/15/2022 19:00,0.948
3/15/2022 20:00,0.916
3/15/2022 21:00,0.888
3/15/2022 22:00,0.858
3/15/2022 23:00,0.794
3/16/2022 0:00,0.749
3/16/2022 1:00,0.731
3/16/2022 2:00,0.71
3/16/2022 3:00,0.694
3/16/2022 4:00,0.675
3/16/2022 5:00,0.69
3/16/2022 6:00,0.712
3/16/2022 7:00,0.716
3/16/2022 8:00,0.714
3/16/2022 9:00,0.683
3/16/2022 10:00,0.672
3/16/2022 11:00,0.698
3/16/2022 12:00,0.703
3/16/2022 13:00,0.682
3/16/2022 14:00,0.67
3/16/2022 15:00,0.781
3/16/2022 16:00,0.977
3/16/2022 17:00,1.147
3/16/2022 18:00,1.26
3/16/2022 19:00,1.344
3/16/2022 20:00,1.432
3/16/2022 21:00,1.46
3/16/2022 22:00,1.495
3/16/2022 23:00,1.573
3/17/2022 0:00,1.67
3/17/2022 1:00,1.731
3/17/2022 2:00,1.764
3/17/2022 3:00,1.81
3/17/2022 4:00,1.847
3/17/2022 5:00,1.924
3/17/2022 6:00,2.06
3/17/2022 7:00,2.113
3/17/2022 8:00,2.151
3/17/2022 9:00,2.21
3/17/2022 10:00,2.254
3/17/2022 11:00,2.3
3/17/2022 12:00,2.304
3/17/2022 13:00,2.255
3/17/2022 14:00,2.208
3/17/2022 15:00,2.198
3/17/2022 16:00,2.185
3/17/2022 17:00,2.118
3/17/2022 18:00,1.973
3/17/2022 19:00,1.863
3/17/2022 20:00,1.85
3/17/2022 21:00,1.873
3/17/2022 22:00,1.851
3/17/2022 23:00,1.767
3/18/2022 0:00,1.693
3/18/2022 1:00,1.629
3/18/2022 2:00,1.521
3/18/2022 3:00,1.472
3/18/2022 4:00,1.444
3/18/2022 5:00,1.443
3/18/2022 6:00,1.429
3/18/2022 7:00,1.417
3/18/2022 8:00,1.435
3/18/2022 9:00,1.419
3/18/2022 10:00,1.396
3/18/2022 11:00,1.417
3/18/2022 12:00,1.446
3/18/2022 13:00,1.431
3/18/2022 14:00,1.379
3/18/2022 15:00,1.278
3/18/2022 16:00,1.164
3/18/2022 17:00,1.255
3/18/2022 18:00,1.36
3/18/2022 19:00,1.419
3/18/2022 20:00,1.46
3/18/2022 21:00,1.477
3/18/2022 22:00,1.497
3/18/2022 23:00,1.491
3/19/2022 0:00,1.492
3/19/2022 1:00,1.477
3/19/2022 2:00,1.415
3/19/2022 3:00,1.362
3/19/2022 4:00,1.328
3/19/2022 5:00,1.295
3/19/2022 6:00,1.272
3/19/2022 7:00,1.164
3/19/2022 8:00,1.07
3/19/2022 9:00,1.151
3/19/2022 10:00,1.154
3/19/2022 11:00,1.125
3/19/2022 12:00,1.086
3/19/2022 13:00,1.045
3/19/2022 14:00,0.994
3/19/2022 15:00,0.907
3/19/2022 16:00,0.936
3/19/2022 17:00,1.071
3/19/2022 18:00,1.151
3/19/2022 19:00,1.204
3/19/2022 20:00,1.269
3/19/2022 21:00,1.334
3/19/2022 22:00,1.394
3/19/2022 23:00,1.466
3/20/2022 0:00,1.492
3/20/2022 1:00,1.529
3/20/2022 2:00,1.501
3/20/2022 3:00,1.453
3/20/2022 4:00,1.481
3/20/2022 5:00,1.49
3/20/2022 6:00,1.403
3/20/2022 7:00,1.322
3/20/2022 8:00,1.297
3/20/2022 9:00,1.334
3/20/2022 10:00,1.345
3/20/2022 11:00,1.37
3/20/2022 12:00,1.415
3/20/2022 13:00,1.454
3/20/2022 14:00,1.45
3/20/2022 15:00,1.446
3/20/2022 16:00,1.55
3/20/2022 17:00,1.665
3/20/2022 18:00,1.744
3/20/2022 19:00,1.794
3/20/2022 20:00,1.827
3/20/2022 21:00,1.874
3/20/2022 22:00,1.862
3/20/2022 23:00,1.848
3/21/2022 0:00,1.811
3/21/2022 1:00,1.783
3/21/2022 2:00,1.776
3/21/2022 3:00,1.719
3/21/2022 4:00,1.697
3/21/2022 5:00,1.703
3/21/2022 6:00,1.671
3/21/2022 7:00,1.568
3/21/2022 8:00,1.483
3/21/2022 9:00,1.397
3/21/2022 10:00,1.378
3/21/2022 11:00,1.402
3/21/2022 12:00,1.424
3/21/2022 13:00,1.41
3/21/2022 14:00,1.355
3/21/2022 15:00,1.283
3/21/2022 16:00,1.347
3/21/2022 17:00,1.51
3/21/2022 18:00,1.542
3/21/2022 19:00,1.561
3/21/2022 20:00,1.591
3/21/2022 21:00,1.566
3/21/2022 22:00,1.527
3/21/2022 23:00,1.503
3/22/2022 0:00,1.461
3/22/2022 1:00,1.402
3/22/2022 2:00,1.349
3/22/2022 3:00,1.317
3/22/2022 4:00,1.269
3/22/2022 5:00,1.198
3/22/2022 6:00,1.101
3/22/2022 7:00,0.996
3/22/2022 8:00,0.894
3/22/2022 9:00,0.822
3/22/2022 10:00,0.858
3/22/2022 11:00,0.897
3/22/2022 12:00,0.905
3/22/2022 13:00,0.867
3/22/2022 14:00,0.808
3/22/2022 15:00,0.738
3/22/2022 16:00,0.736
3/22/2022 17:00,0.837
3/22/2022 18:00,0.886
3/22/2022 19:00,0.949
3/22/2022 20:00,1.016
3/22/2022 21:00,1.087
3/22/2022 22:00,1.145
3/22/2022 23:00,1.178
3/23/2022 0:00,1.22
3/23/2022 1:00,1.225
3/23/2022 2:00,1.196
3/23/2022 3:00,1.174
3/23/2022 4:00,1.169
3/23/2022 5:00,1.176
3/23/2022 6:00,1.203
3/23/2022 7:00,1.121
3/23/2022 8:00,1.004
3/23/2022 9:00,0.862
3/23/2022 10:00,0.827
3/23/2022 11:00,0.851
3/23/2022 12:00,0.874
3/23/2022 13:00,0.874
3/23/2022 14:00,0.852
3/23/2022 15:00,0.809
3/23/2022 16:00,0.809
3/23/2022 17:00,0.953
3/23/2022 18:00,1.016
3/23/2022 19:00,1.071
3/23/2022 20:00,1.126
3/23/2022 21:00,1.145
3/23/2022 22:00,1.146
3/23/2022 23:00,1.144
3/24/2022 0:00,1.179
3/24/2022 1:00,1.235
3/24/2022 2:00,1.247
3/24/2022 3:00,1.221
3/24/2022 4:00,1.197
3/24/2022 5:00,1.188
3/24/2022 6:00,1.109
3/24/2022 7:00,1.044
3/24/2022 8:00,0.958
3/24/2022 9:00,0.872
3/24/2022 10:00,0.899
3/24/2022 11:00,0.96
3/24/2022 12:00,0.996
3/24/2022 13:00,1.011
3/24/2022 14:00,0.982
3/24/2022 15:00,0.89
3/24/2022 16:00,0.84
3/24/2022 17:00,0.949
3/24/2022 18:00,1.003
3/24/2022 19:00,1.025
3/24/2022 20:00,1.036
3/24/2022 21:00,1.048
3/24/2022 22:00,1.056
3/24/2022 23:00,1.067
3/25/2022 0:00,1.095
3/25/2022 1:00,1.153
3/25/2022 2:00,1.258
3/25/2022 3:00,1.367
3/25/2022 4:00,1.444
3/25/2022 5:00,1.539
3/25/2022 6:00,1.571
3/25/2022 7:00,1.525
3/25/2022 8:00,1.484
3/25/2022 9:00,1.445
3/25/2022 10:00,1.444
3/25/2022 11:00,1.51
3/25/2022 12:00,1.629
3/25/2022 13:00,1.728
3/25/2022 14:00,1.786
3/25/2022 15:00,1.787
3/25/2022 16:00,1.813
3/25/2022 17:00,1.905
3/25/2022 18:00,1.942
3/25/2022 19:00,2.028
3/25/2022 20:00,2.117
3/25/2022 21:00,2.191
3/25/2022 22:00,2.3
3/25/2022 23:00,2.484
3/26/2022 0:00,2.561
3/26/2022 1:00,2.589
3/26/2022 2:00,2.576
3/26/2022 3:00,2.53
3/26/2022 4:00,2.475
3/26/2022 5:00,2.4
3/26/2022 6:00,2.32
3/26/2022 7:00,2.313
3/26/2022 8:00,2.243
3/26/2022 9:00,2.161
3/26/2022 10:00,2.063
3/26/2022 11:00,1.982
3/26/2022 12:00,1.917
3/26/2022 13:00,1.854
3/26/2022 14:00,1.752
3/26/2022 15:00,1.577
3/26/2022 16:00,1.359
3/26/2022 17:00,1.331
3/26/2022 18:00,1.277
3/26/2022 19:00,1.22
3/26/2022 20:00,1.186
3/26/2022 21:00,1.165
3/26/2022 22:00,1.152
3/26/2022 23:00,1.124
3/27/2022 0:00,1.22
3/27/2022 1:00,1.244
3/27/2022 2:00,1.192
3/27/2022 3:00,1.194
3/27/2022 4:00,1.224
3/27/2022 5:00,1.191
3/27/2022 6:00,1.291
3/27/2022 7:00,1.359
3/27/2022 8:00,1.405
3/27/2022 9:00,1.492
3/27/2022 10:00,1.562
3/27/2022 11:00,1.637
3/27/2022 12:00,1.707
3/27/2022 13:00,1.75
3/27/2022 14:00,1.738
3/27/2022 15:00,1.682
3/27/2022 16:00,1.611
3/27/2022 17:00,1.61
3/27/2022 18:00,1.757
3/27/2022 19:00,1.89
3/27/2022 20:00,2.021
3/27/2022 21:00,2.127
3/27/2022 22:00,2.207
3/27/2022 23:00,2.253
3/28/2022 0:00,2.314
3/28/2022 1:00,2.376
3/28/2022 2:00,2.426
3/28/2022 3:00,2.449
3/28/2022 4:00,2.478
3/28/2022 5:00,2.538
3/28/2022 6:00,2.61
3/28/2022 7:00,2.697
3/28/2022 8:00,2.778
3/28/2022 9:00,2.846
3/28/2022 10:00,2.883
3/28/2022 11:00,2.894
3/28/2022 12:00,2.858
3/28/2022 13:00,2.791
3/28/2022 14:00,2.647
3/28/2022 15:00,2.49
3/28/2022 16:00,2.295
3/28/2022 17:00,2.172
3/28/2022 18:00,2.058
3/28/2022 19:00,1.949
3/28/2022 20:00,1.875
3/28/2022 21:00,1.827
3/28/2022 22:00,1.778
3/28/2022 23:00,1.702
3/29/2022 0:00,1.605
3/29/2022 1:00,1.568
3/29/2022 2:00,1.519
3/29/2022 3:00,1.436
3/29/2022 4:00,1.347
3/29/2022 5:00,1.254
3/29/2022 6:00,1.162
3/29/2022 7:00,1.056
3/29/2022 8:00,0.935
3/29/2022 9:00,0.918
3/29/2022 10:00,0.993
3/29/2022 11:00,1.132
3/29/2022 12:00,1.272
3/29/2022 13:00,1.389
3/29/2022 14:00,1.476
3/29/2022 15:00,1.483
3/29/2022 16:00,1.392
3/29/2022 17:00,1.433
3/29/2022 18:00,1.497
3/29/2022 19:00,1.496
3/29/2022 20:00,1.473
3/29/2022 21:00,1.474
3/29/2022 22:00,1.474
3/29/2022 23:00,1.512
3/30/2022 0:00,1.594
3/30/2022 1:00,1.667
3/30/2022 2:00,1.719
3/30/2022 3:00,1.737
3/30/2022 4:00,1.727
3/30/2022 5:00,1.696
3/30/2022 6:00,1.709
3/30/2022 7:00,1.725
3/30/2022 8:00,1.712
3/30/2022 9:00,1.664
3/30/2022 10:00,1.591
3/30/2022 11:00,1.541
3/30/2022 12:00,1.51
3/30/2022 13:00,1.484
3/30/2022 14:00,1.432
3/30/2022 15:00,1.35
3/30/2022 16:00,1.321
3/30/2022 17:00,1.47
3/30/2022 18:00,1.462
3/30/2022 19:00,1.416
3/30/2022 20:00,1.362
3/30/2022 21:00,1.318
3/30/2022 22:00,1.266
3/30/2022 23:00,1.213
3/31/2022 0:00,1.163
3/31/2022 1:00,1.137
3/31/2022 2:00,1.117
3/31/2022 3:00,1.094
3/31/2022 4:00,1.065
3/31/2022 5:00,0.896
3/31/2022 6:00,0.863
3/31/2022 7:00,0.87
3/31/2022 8:00,0.839
3/31/2022 9:00,0.785
3/31/2022 10:00,0.755
3/31/2022 11:00,0.756
3/31/2022 12:00,0.783
3/31/2022 13:00,0.837
3/31/2022 14:00,0.909
3/31/2022 15:00,0.963
3/31/2022 16:00,1.033
3/31/2022 17:00,1.201
3/31/2022 18:00,1.26
3/31/2022 19:00,1.276
3/31/2022 20:00,1.274
3/31/2022 21:00,1.286
3/31/2022 22:00,1.303
3/31/2022 23:00,1.307
4/1/2022 0:00,1.324
4/1/2022 1:00,1.351
4/1/2022 2:00,1.407
4/1/2022 3:00,1.46
4/1/2022 4:00,1.494
4/1/2022 5:00,1.491
4/1/2022 6:00,1.512
4/1/2022 7:00,1.556
4/1/2022 8:00,1.539
4/1/2022 9:00,1.503
4/1/2022 10:00,1.484
4/1/2022 11:00,1.483
4/1/2022 12:00,1.488
4/1/2022 13:00,1.511
4/1/2022 14:00,1.538
4/1/2022 15:00,1.52
4/1/2022 16:00,1.449
4/1/2022 17:00,1.521
4/1/2022 18:00,1.575
4/1/2022 19:00,1.577
4/1/2022 20:00,1.567
4/1/2022 21:00,1.57
4/1/2022 22:00,1.55
4/1/2022 23:00,1.489
4/2/2022 0:00,1.474
4/2/2022 1:00,1.515
4/2/2022 2:00,1.55
4/2/2022 3:00,1.561
4/2/2022 4:00,1.557
4/2/2022 5:00,1.498
4/2/2022 6:00,1.455
4/2/2022 7:00,1.488
4/2/2022 8:00,1.45
4/2/2022 9:00,1.381
4/2/2022 10:00,1.339
4/2/2022 11:00,1.327
4/2/2022 12:00,1.34
4/2/2022 13:00,1.362
4/2/2022 14:00,1.369
4/2/2022 15:00,1.317
4/2/2022 16:00,1.287
4/2/2022 17:00,1.403
4/2/2022 18:00,1.517
4/2/2022 19:00,1.541
4/2/2022 20:00,1.514
4/2/2022 21:00,1.473
4/2/2022 22:00,1.427
4/2/2022 23:00,1.391
4/3/2022 0:00,1.366
4/3/2022 1:00,1.352
4/3/2022 2:00,1.329
4/3/2022 3:00,1.29
4/3/2022 4:00,1.25
4/3/2022 5:00,1.179
4/3/2022 6:00,1.2
4/3/2022 7:00,1.233
4/3/2022 8:00,1.236
4/3/2022 9:00,1.266
4/3/2022 10:00,1.31
4/3/2022 11:00,1.362
4/3/2022 12:00,1.427
4/3/2022 13:00,1.496
4/3/2022 14:00,1.547
4/3/2022 15:00,1.582
4/3/2022 16:00,1.562
4/3/2022 17:00,1.619
4/3/2022 18:00,1.761
4/3/2022 19:00,1.881
4/3/2022 20:00,1.975
4/3/2022 21:00,2.096
4/3/2022 22:00,2.231
4/3/2022 23:00,2.344
4/4/2022 0:00,2.396
4/4/2022 1:00,2.358
4/4/2022 2:00,2.338
4/4/2022 3:00,2.344
4/4/2022 4:00,2.373
4/4/2022 5:00,2.44
4/4/2022 6:00,2.616
4/4/2022 7:00,2.815
4/4/2022 8:00,2.937
4/4/2022 9:00,2.97
4/4/2022 10:00,2.964
4/4/2022 11:00,2.896
4/4/2022 12:00,2.838
4/4/2022 13:00,2.771
4/4/2022 14:00,2.684
4/4/2022 15:00,2.64
4/4/2022 16:00,2.638
4/4/2022 17:00,2.597
4/4/2022 18:00,2.527
4/4/2022 19:00,2.513
4/4/2022 20:00,2.635
4/4/2022 21:00,2.723
4/4/2022 22:00,2.869
4/4/2022 23:00,2.928
4/5/2022 0:00,2.938
4/5/2022 1:00,2.885
4/5/2022 2:00,2.785
4/5/2022 3:00,2.648
4/5/2022 4:00,2.458
4/5/2022 5:00,2.366
4/5/2022 6:00,2.351
4/5/2022 7:00,2.41
4/5/2022 8:00,2.453
4/5/2022 9:00,2.512
4/5/2022 10:00,2.561
4/5/2022 11:00,2.589
4/5/2022 12:00,2.61
4/5/2022 13:00,2.603
4/5/2022 14:00,2.531
4/5/2022 15:00,2.387
4/5/2022 16:00,2.164
4/5/2022 17:00,1.944
4/5/2022 18:00,1.893
4/5/2022 19:00,1.876
4/5/2022 20:00,1.851
4/5/2022 21:00,1.807
4/5/2022 22:00,1.719
4/5/2022 23:00,1.607
4/6/2022 0:00,1.499
4/6/2022 1:00,1.466
4/6/2022 2:00,1.443
4/6/2022 3:00,1.419
4/6/2022 4:00,1.455
4/6/2022 5:00,1.501
4/6/2022 6:00,1.678
4/6/2022 7:00,1.857
4/6/2022 8:00,1.989
4/6/2022 9:00,2.018
4/6/2022 10:00,1.972
4/6/2022 11:00,2.002
4/6/2022 12:00,2.043
4/6/2022 13:00,2.021
4/6/2022 14:00,1.93
4/6/2022 15:00,1.855
4/6/2022 16:00,1.834
4/6/2022 17:00,1.856
4/6/2022 18:00,1.811
4/6/2022 19:00,1.731
4/6/2022 20:00,1.689
4/6/2022 21:00,1.698
4/6/2022 22:00,1.704
4/6/2022 23:00,1.639
4/7/2022 0:00,1.602
4/7/2022 1:00,1.54
4/7/2022 2:00,1.437
4/7/2022 3:00,1.413
4/7/2022 4:00,1.391
4/7/2022 5:00,1.538
4/7/2022 6:00,1.816
4/7/2022 7:00,2.018
4/7/2022 8:00,2.134
4/7/2022 9:00,2.247
4/7/2022 10:00,2.294
4/7/2022 11:00,2.276
4/7/2022 12:00,2.18
4/7/2022 13:00,2.053
4/7/2022 14:00,1.955
4/7/2022 15:00,1.944
4/7/2022 16:00,1.968
4/7/2022 17:00,1.975
4/7/2022 18:00,1.96
4/7/2022 19:00,1.955
4/7/2022 20:00,1.918
4/7/2022 21:00,1.914
4/7/2022 22:00,2.075
4/7/2022 23:00,2.288
4/8/2022 0:00,2.506
4/8/2022 1:00,2.658
4/8/2022 2:00,2.801
4/8/2022 3:00,2.907
4/8/2022 4:00,2.844
4/8/2022 5:00,2.663
4/8/2022 6:00,2.645
4/8/2022 7:00,2.791
4/8/2022 8:00,2.937
4/8/2022 9:00,3.065
4/8/2022 10:00,3.153
4/8/2022 11:00,3.163
4/8/2022 12:00,3.11
4/8/2022 13:00,2.997
4/8/2022 14:00,2.824
4/8/2022 15:00,2.616
4/8/2022 16:00,2.407
4/8/2022 17:00,2.201
4/8/2022 18:00,2.109
4/8/2022 19:00,2.132
4/8/2022 20:00,2.191
4/8/2022 21:00,2.219
4/8/2022 22:00,2.263
4/8/2022 23:00,2.297
4/9/2022 0:00,2.352
4/9/2022 1:00,2.369
4/9/2022 2:00,2.366
4/9/2022 3:00,2.373
4/9/2022 4:00,2.337
4/9/2022 5:00,2.428
4/9/2022 6:00,2.597
4/9/2022 7:00,2.764
4/9/2022 8:00,2.832
4/9/2022 9:00,2.846
4/9/2022 10:00,2.86
4/9/2022 11:00,2.848
4/9/2022 12:00,2.802
4/9/2022 13:00,2.723
4/9/2022 14:00,2.644
4/9/2022 15:00,2.545
4/9/2022 16:00,2.424
4/9/2022 17:00,2.37
4/9/2022 18:00,2.368
4/9/2022 19:00,2.364
4/9/2022 20:00,2.405
4/9/2022 21:00,2.376
4/9/2022 22:00,2.358
4/9/2022 23:00,2.368
4/10/2022 0:00,2.396
4/10/2022 1:00,2.384
4/10/2022 2:00,2.4
4/10/2022 3:00,2.397
4/10/2022 4:00,2.392
4/10/2022 5:00,2.406
4/10/2022 6:00,2.452
4/10/2022 7:00,2.47
4/10/2022 8:00,2.385
4/10/2022 9:00,2.301
4/10/2022 10:00,2.278
4/10/2022 11:00,2.295
4/10/2022 12:00,2.296
4/10/2022 13:00,2.25
4/10/2022 14:00,2.188
4/10/2022 15:00,2.102
4/10/2022 16:00,1.995
4/10/2022 17:00,1.914
4/10/2022 18:00,1.914
4/10/2022 19:00,1.906
4/10/2022 20:00,1.83
4/10/2022 21:00,1.773
4/10/2022 22:00,1.761
4/10/2022 23:00,1.715
4/11/2022 0:00,1.672
4/11/2022 1:00,1.655
4/11/2022 2:00,1.644
4/11/2022 3:00,1.647
4/11/2022 4:00,1.64
4/11/2022 5:00,1.631
4/11/2022 6:00,1.631
4/11/2022 7:00,1.645
4/11/2022 8:00,1.575
4/11/2022 9:00,1.485
4/11/2022 10:00,1.442
4/11/2022 11:00,1.418
4/11/2022 12:00,1.397
4/11/2022 13:00,1.372
4/11/2022 14:00,1.318
4/11/2022 15:00,1.215
4/11/2022 16:00,1.05
4/11/2022 17:00,0.95
4/11/2022 18:00,1.051
4/11/2022 19:00,1.118
4/11/2022 20:00,1.131
4/11/2022 21:00,1.132
4/11/2022 22:00,1.129
4/11/2022 23:00,1.12
4/12/2022 0:00,1.105
4/12/2022 1:00,1.087
4/12/2022 2:00,1.079
4/12/2022 3:00,1.096
4/12/2022 4:00,1.053
4/12/2022 5:00,0.846
4/12/2022 6:00,0.735
4/12/2022 7:00,0.664
4/12/2022 8:00,0.611
4/12/2022 9:00,0.662
4/12/2022 10:00,0.696
4/12/2022 11:00,0.683
4/12/2022 12:00,0.659
4/12/2022 13:00,0.632
4/12/2022 14:00,0.616
4/12/2022 15:00,0.648
4/12/2022 16:00,0.854
4/12/2022 17:00,1.154
4/12/2022 18:00,1.346
4/12/2022 19:00,1.416
4/12/2022 20:00,1.472
4/12/2022 21:00,1.586
4/12/2022 22:00,1.699
4/12/2022 23:00,1.792
4/13/2022 0:00,1.789
4/13/2022 1:00,1.748
4/13/2022 2:00,1.733
4/13/2022 3:00,1.771
4/13/2022 4:00,1.815
4/13/2022 5:00,1.726
4/13/2022 6:00,1.682
4/13/2022 7:00,1.678
4/13/2022 8:00,1.699
4/13/2022 9:00,1.676
4/13/2022 10:00,1.675
4/13/2022 11:00,1.678
4/13/2022 12:00,1.602
4/13/2022 13:00,1.491
4/13/2022 14:00,1.425
4/13/2022 15:00,1.355
4/13/2022 16:00,1.275
4/13/2022 17:00,1.184
4/13/2022 18:00,1.156
4/13/2022 19:00,1.095
4/13/2022 20:00,1.001
4/13/2022 21:00,0.94
4/13/2022 22:00,0.891
4/13/2022 23:00,0.835
4/14/2022 0:00,0.821
4/14/2022 1:00,0.842
4/14/2022 2:00,0.878
4/14/2022 3:00,0.877
4/14/2022 4:00,0.847
4/14/2022 5:00,0.862
4/14/2022 6:00,0.79
4/14/2022 7:00,0.738
4/14/2022 8:00,0.775
4/14/2022 9:00,0.832
4/14/2022 10:00,0.851
4/14/2022 11:00,0.852
4/14/2022 12:00,0.849
4/14/2022 13:00,0.858
4/14/2022 14:00,0.898
4/14/2022 15:00,0.952
4/14/2022 16:00,0.979
4/14/2022 17:00,1.037
4/14/2022 18:00,1.138
4/14/2022 19:00,1.209
4/14/2022 20:00,1.237
4/14/2022 21:00,1.264
4/14/2022 22:00,1.299
4/14/2022 23:00,1.347
4/15/2022 0:00,1.43
4/15/2022 1:00,1.54
4/15/2022 2:00,1.659
4/15/2022 3:00,1.765
4/15/2022 4:00,1.842
4/15/2022 5:00,1.923
4/15/2022 6:00,1.97
4/15/2022 7:00,1.985
4/15/2022 8:00,1.943
4/15/2022 9:00,1.828
4/15/2022 10:00,1.676
4/15/2022 11:00,1.518
4/15/2022 12:00,1.379
4/15/2022 13:00,1.281
4/15/2022 14:00,1.209
4/15/2022 15:00,1.136
4/15/2022 16:00,0.998
4/15/2022 17:00,0.958
4/15/2022 18:00,1.089
4/15/2022 19:00,1.144
4/15/2022 20:00,1.201
4/15/2022 21:00,1.236
4/15/2022 22:00,1.297
4/15/2022 23:00,1.348
4/16/2022 0:00,1.378
4/16/2022 1:00,1.402
4/16/2022 2:00,1.398
4/16/2022 3:00,1.368
4/16/2022 4:00,1.267
4/16/2022 5:00,1.031
4/16/2022 6:00,0.862
4/16/2022 7:00,0.819
4/16/2022 8:00,0.81
4/16/2022 9:00,0.764
4/16/2022 10:00,0.741
4/16/2022 11:00,0.735
4/16/2022 12:00,0.759
4/16/2022 13:00,0.787
4/16/2022 14:00,0.849
4/16/2022 15:00,0.881
4/16/2022 16:00,0.885
4/16/2022 17:00,0.884
4/16/2022 18:00,1.007
4/16/2022 19:00,1.085
4/16/2022 20:00,1.127
4/16/2022 21:00,1.144
4/16/2022 22:00,1.136
4/16/2022 23:00,1.106
4/17/2022 0:00,1.072
4/17/2022 1:00,1.032
4/17/2022 2:00,1.004
4/17/2022 3:00,1.024
4/17/2022 4:00,0.953
4/17/2022 5:00,0.873
4/17/2022 6:00,0.847
4/17/2022 7:00,0.805
4/17/2022 8:00,0.788
4/17/2022 9:00,0.759
4/17/2022 10:00,0.7
4/17/2022 11:00,0.653
4/17/2022 12:00,0.639
4/17/2022 13:00,0.629
4/17/2022 14:00,0.622
4/17/2022 15:00,0.636
4/17/2022 16:00,0.647
4/17/2022 17:00,0.772
4/17/2022 18:00,0.962
4/17/2022 19:00,1.021
4/17/2022 20:00,1.037
4/17/2022 21:00,1.055
4/17/2022 22:00,1.049
4/17/2022 23:00,1.041
4/18/2022 0:00,1.015
4/18/2022 1:00,0.973
4/18/2022 2:00,0.915
4/18/2022 3:00,0.871
4/18/2022 4:00,0.792
4/18/2022 5:00,0.676
4/18/2022 6:00,0.597
4/18/2022 7:00,0.531
4/18/2022 8:00,0.497
4/18/2022 9:00,0.493
4/18/2022 10:00,0.484
4/18/2022 11:00,0.493
4/18/2022 12:00,0.494
4/18/2022 13:00,0.478
4/18/2022 14:00,0.462
4/18/2022 15:00,0.471
4/18/2022 16:00,0.5
4/18/2022 17:00,0.651
4/18/2022 18:00,0.807
4/18/2022 19:00,0.809
4/18/2022 20:00,0.805
4/18/2022 21:00,0.825
4/18/2022 22:00,0.876
4/18/2022 23:00,0.953
4/19/2022 0:00,1.016
4/19/2022 1:00,1.065
4/19/2022 2:00,1.091
4/19/2022 3:00,1.113
4/19/2022 4:00,1.04
4/19/2022 5:00,0.898
4/19/2022 6:00,0.87
4/19/2022 7:00,0.904
4/19/2022 8:00,0.922
4/19/2022 9:00,0.907
4/19/2022 10:00,0.881
4/19/2022 11:00,0.864
4/19/2022 12:00,0.841
4/19/2022 13:00,0.83
4/19/2022 14:00,0.83
4/19/2022 15:00,0.822
4/19/2022 16:00,0.775
4/19/2022 17:00,0.81
4/19/2022 18:00,0.97
4/19/2022 19:00,1.035
4/19/2022 20:00,1.047
4/19/2022 21:00,1.046
4/19/2022 22:00,1.102
4/19/2022 23:00,1.205
4/20/2022 0:00,1.298
4/20/2022 1:00,1.384
4/20/2022 2:00,1.451
4/20/2022 3:00,1.487
4/20/2022 4:00,1.41
4/20/2022 5:00,1.313
4/20/2022 6:00,1.241
4/20/2022 7:00,1.262
4/20/2022 8:00,1.291
4/20/2022 9:00,1.292
4/20/2022 10:00,1.28
4/20/2022 11:00,1.264
4/20/2022 12:00,1.241
4/20/2022 13:00,1.229
4/20/2022 14:00,1.23
4/20/2022 15:00,1.177
4/20/2022 16:00,1.069
4/20/2022 17:00,1.091
4/20/2022 18:00,1.251
4/20/2022 19:00,1.304
4/20/2022 20:00,1.313
4/20/2022 21:00,1.369
4/20/2022 22:00,1.458
4/20/2022 23:00,1.519
4/21/2022 0:00,1.555
4/21/2022 1:00,1.572
4/21/2022 2:00,1.584
4/21/2022 3:00,1.583
4/21/2022 4:00,1.593
4/21/2022 5:00,1.605
4/21/2022 6:00,1.586
4/21/2022 7:00,1.617
4/21/2022 8:00,1.599
4/21/2022 9:00,1.597
4/21/2022 10:00,1.562
4/21/2022 11:00,1.514
4/21/2022 12:00,1.478
4/21/2022 13:00,1.45
4/21/2022 14:00,1.426
4/21/2022 15:00,1.361
4/21/2022 16:00,1.217
4/21/2022 17:00,1.153
4/21/2022 18:00,1.273
4/21/2022 19:00,1.361
4/21/2022 20:00,1.4
4/21/2022 21:00,1.503
4/21/2022 22:00,1.604
4/21/2022 23:00,1.648
4/22/2022 0:00,1.694
4/22/2022 1:00,1.775
4/22/2022 2:00,1.774
4/22/2022 3:00,1.769
4/22/2022 4:00,1.784
4/22/2022 5:00,1.732
4/22/2022 6:00,1.773
4/22/2022 7:00,1.814
4/22/2022 8:00,1.809
4/22/2022 9:00,1.757
4/22/2022 10:00,1.689
4/22/2022 11:00,1.614
4/22/2022 12:00,1.574
4/22/2022 13:00,1.582
4/22/2022 14:00,1.61
4/22/2022 15:00,1.643
4/22/2022 16:00,1.63
4/22/2022 17:00,1.576
4/22/2022 18:00,1.62
4/22/2022 19:00,1.69
4/22/2022 20:00,1.692
4/22/2022 21:00,1.674
4/22/2022 22:00,1.671
4/22/2022 23:00,1.645
4/23/2022 0:00,1.658
4/23/2022 1:00,1.683
4/23/2022 2:00,1.661
4/23/2022 3:00,1.661
4/23/2022 4:00,1.746
4/23/2022 5:00,1.787
4/23/2022 6:00,1.811
4/23/2022 7:00,1.775
4/23/2022 8:00,1.713
4/23/2022 9:00,1.637
4/23/2022 10:00,1.558
4/23/2022 11:00,1.516
4/23/2022 12:00,1.508
4/23/2022 13:00,1.523
4/23/2022 14:00,1.556
4/23/2022 15:00,1.566
4/23/2022 16:00,1.513
4/23/2022 17:00,1.444
4/23/2022 18:00,1.499
4/23/2022 19:00,1.595
4/23/2022 20:00,1.622
4/23/2022 21:00,1.661
4/23/2022 22:00,1.698
4/23/2022 23:00,1.76
4/24/2022 0:00,1.837
4/24/2022 1:00,1.861
4/24/2022 2:00,1.913
4/24/2022 3:00,1.936
4/24/2022 4:00,1.913
4/24/2022 5:00,1.996
4/24/2022 6:00,2.153
4/24/2022 7:00,2.265
4/24/2022 8:00,2.31
4/24/2022 9:00,2.269
4/24/2022 10:00,2.179
4/24/2022 11:00,2.093
4/24/2022 12:00,2.022
4/24/2022 13:00,1.97
4/24/2022 14:00,1.926
4/24/2022 15:00,1.886
4/24/2022 16:00,1.757
4/24/2022 17:00,1.628
4/24/2022 18:00,1.689
4/24/2022 19:00,1.729
4/24/2022 20:00,1.725
4/24/2022 21:00,1.663
4/24/2022 22:00,1.579
4/24/2022 23:00,1.506
4/25/2022 0:00,1.445
4/25/2022 1:00,1.447
4/25/2022 2:00,1.491
4/25/2022 3:00,1.503
4/25/2022 4:00,1.459
4/25/2022 5:00,1.389
4/25/2022 6:00,1.326
4/25/2022 7:00,1.234
4/25/2022 8:00,1.07
4/25/2022 9:00,0.889
4/25/2022 10:00,0.804
4/25/2022 11:00,0.799
4/25/2022 12:00,0.852
4/25/2022 13:00,0.926
4/25/2022 14:00,0.98
4/25/2022 15:00,0.981
4/25/2022 16:00,1.009
4/25/2022 17:00,1.159
4/25/2022 18:00,1.331
4/25/2022 19:00,1.36
4/25/2022 20:00,1.302
4/25/2022 21:00,1.257
4/25/2022 22:00,1.234
4/25/2022 23:00,1.212
4/26/2022 0:00,1.197
4/26/2022 1:00,1.229
4/26/2022 2:00,1.273
4/26/2022 3:00,1.301
4/26/2022 4:00,1.227
4/26/2022 5:00,1.216
4/26/2022 6:00,1.203
4/26/2022 7:00,1.119
4/26/2022 8:00,1.067
4/26/2022 9:00,1.041
4/26/2022 10:00,1.018
4/26/2022 11:00,1.002
4/26/2022 12:00,1.011
4/26/2022 13:00,1.044
4/26/2022 14:00,1.082
4/26/2022 15:00,1.107
4/26/2022 16:00,1.08
4/26/2022 17:00,1.037
4/26/2022 18:00,1.172
4/26/2022 19:00,1.339
4/26/2022 20:00,1.375
4/26/2022 21:00,1.343
4/26/2022 22:00,1.376
4/26/2022 23:00,1.401
4/27/2022 0:00,1.415
4/27/2022 1:00,1.424
4/27/2022 2:00,1.464
4/27/2022 3:00,1.43
4/27/2022 4:00,1.331
4/27/2022 5:00,1.232
4/27/2022 6:00,1.193
4/27/2022 7:00,1.134
4/27/2022 8:00,1.013
4/27/2022 9:00,0.902
4/27/2022 10:00,0.833
4/27/2022 11:00,0.797
4/27/2022 12:00,0.783
4/27/2022 13:00,0.777
4/27/2022 14:00,0.781
4/27/2022 15:00,0.768
4/27/2022 16:00,0.78
4/27/2022 17:00,0.911
4/27/2022 18:00,1.135
4/27/2022 19:00,1.261
4/27/2022 20:00,1.32
4/27/2022 21:00,1.354
4/27/2022 22:00,1.37
4/27/2022 23:00,1.358
4/28/2022 0:00,1.337
4/28/2022 1:00,1.296
4/28/2022 2:00,1.271
4/28/2022 3:00,1.281
4/28/2022 4:00,1.196
4/28/2022 5:00,1.17
4/28/2022 6:00,1.184
4/28/2022 7:00,1.169
4/28/2022 8:00,1.163
4/28/2022 9:00,1.184
4/28/2022 10:00,1.243
4/28/2022 11:00,1.323
4/28/2022 12:00,1.397
4/28/2022 13:00,1.438
4/28/2022 14:00,1.444
4/28/2022 15:00,1.393
4/28/2022 16:00,1.259
4/28/2022 17:00,1.089
4/28/2022 18:00,1.162
4/28/2022 19:00,1.217
4/28/2022 20:00,1.228
4/28/2022 21:00,1.263
4/28/2022 22:00,1.288
4/28/2022 23:00,1.311
4/29/2022 0:00,1.324
4/29/2022 1:00,1.285
4/29/2022 2:00,1.251
4/29/2022 3:00,1.23
4/29/2022 4:00,1.045
4/29/2022 5:00,0.878
4/29/2022 6:00,0.813
4/29/2022 7:00,0.758
4/29/2022 8:00,0.743
4/29/2022 9:00,0.753
4/29/2022 10:00,0.779
4/29/2022 11:00,0.807
4/29/2022 12:00,0.826
4/29/2022 13:00,0.817
4/29/2022 14:00,0.772
4/29/2022 15:00,0.719
4/29/2022 16:00,0.669
4/29/2022 17:00,0.699
4/29/2022 18:00,0.892
4/29/2022 19:00,0.979
4/29/2022 20:00,1.054
4/29/2022 21:00,1.147
4/29/2022 22:00,1.187
4/29/2022 23:00,1.209
4/30/2022 0:00,1.222
4/30/2022 1:00,1.225
4/30/2022 2:00,1.21
4/30/2022 3:00,1.163
4/30/2022 4:00,0.952
4/30/2022 5:00,0.791
4/30/2022 6:00,0.708
4/30/2022 7:00,0.695
4/30/2022 8:00,0.681
4/30/2022 9:00,0.664
4/30/2022 10:00,0.681
4/30/2022 11:00,0.708
4/30/2022 12:00,0.739
4/30/2022 13:00,0.767
4/30/2022 14:00,0.785
4/30/2022 15:00,0.77
4/30/2022 16:00,0.728
4/30/2022 17:00,0.761
4/30/2022 18:00,0.954
4/30/2022 19:00,0.989
4/30/2022 20:00,0.977
4/30/2022 21:00,0.965
4/30/2022 22:00,0.947
4/30/2022 23:00,0.929
5/1/2022 0:00,0.911
5/1/2022 1:00,0.885
5/1/2022 2:00,0.875
5/1/2022 3:00,0.875
5/1/2022 4:00,0.761
5/1/2022 5:00,0.604
5/1/2022 6:00,0.596
5/1/2022 7:00,0.588
5/1/2022 8:00,0.562
5/1/2022 9:00,0.533
5/1/2022 10:00,0.53
5/1/2022 11:00,0.526
5/1/2022 12:00,0.53
5/1/2022 13:00,0.547
5/1/2022 14:00,0.564
5/1/2022 15:00,0.572
5/1/2022 16:00,0.574
5/1/2022 17:00,0.657
5/1/2022 18:00,0.878
5/1/2022 19:00,0.964
5/1/2022 20:00,1.064
5/1/2022 21:00,1.113
5/1/2022 22:00,1.138
5/1/2022 23:00,1.217
5/2/2022 0:00,1.296
5/2/2022 1:00,1.347
5/2/2022 2:00,1.379
5/2/2022 3:00,1.404
5/2/2022 4:00,1.398
5/2/2022 5:00,1.473
5/2/2022 6:00,1.618
5/2/2022 7:00,1.819
5/2/2022 8:00,1.975
5/2/2022 9:00,2.084
5/2/2022 10:00,2.149
5/2/2022 11:00,2.186
5/2/2022 12:00,2.197
5/2/2022 13:00,2.169
5/2/2022 14:00,2.11
5/2/2022 15:00,2.032
5/2/2022 16:00,1.906
5/2/2022 17:00,1.698
5/2/2022 18:00,1.613
5/2/2022 19:00,1.649
5/2/2022 20:00,1.708
5/2/2022 21:00,1.737
5/2/2022 22:00,1.786
5/2/2022 23:00,1.785
5/3/2022 0:00,1.755
5/3/2022 1:00,1.785
5/3/2022 2:00,1.781
5/3/2022 3:00,1.765
5/3/2022 4:00,1.737
5/3/2022 5:00,1.824
5/3/2022 6:00,1.79
5/3/2022 7:00,1.658
5/3/2022 8:00,1.472
5/3/2022 9:00,1.285
5/3/2022 10:00,1.139
5/3/2022 11:00,1.037
5/3/2022 12:00,0.977
5/3/2022 13:00,0.956
5/3/2022 14:00,0.951
5/3/2022 15:00,0.914
5/3/2022 16:00,0.831
5/3/2022 17:00,0.801
5/3/2022 18:00,1.003
5/3/2022 19:00,1.018
5/3/2022 20:00,0.982
5/3/2022 21:00,0.981
5/3/2022 22:00,1.089
5/3/2022 23:00,1.207
5/4/2022 0:00,1.31
5/4/2022 1:00,1.376
5/4/2022 2:00,1.4
5/4/2022 3:00,1.352
5/4/2022 4:00,1.226
5/4/2022 5:00,1.129
5/4/2022 6:00,1.074
5/4/2022 7:00,1.045
5/4/2022 8:00,1.065
5/4/2022 9:00,1.094
5/4/2022 10:00,1.143
5/4/2022 11:00,1.197
5/4/2022 12:00,1.244
5/4/2022 13:00,1.269
5/4/2022 14:00,1.263
5/4/2022 15:00,1.225
5/4/2022 16:00,1.181
5/4/2022 17:00,1.154
5/4/2022 18:00,1.179
5/4/2022 19:00,1.26
5/4/2022 20:00,1.274
5/4/2022 21:00,1.253
5/4/2022 22:00,1.216
5/4/2022 23:00,1.199
5/5/2022 0:00,1.209
5/5/2022 1:00,1.226
5/5/2022 2:00,1.22
5/5/2022 3:00,1.211
5/5/2022 4:00,1.154
5/5/2022 5:00,1.154
5/5/2022 6:00,1.188
5/5/2022 7:00,1.194
5/5/2022 8:00,1.243
5/5/2022 9:00,1.316
5/5/2022 10:00,1.402
5/5/2022 11:00,1.474
5/5/2022 12:00,1.519
5/5/2022 13:00,1.517
5/5/2022 14:00,1.492
5/5/2022 15:00,1.458
5/5/2022 16:00,1.396
5/5/2022 17:00,1.306
5/5/2022 18:00,1.24
5/5/2022 19:00,1.29
5/5/2022 20:00,1.303
5/5/2022 21:00,1.338
5/5/2022 22:00,1.374
5/5/2022 23:00,1.382
5/6/2022 0:00,1.377
5/6/2022 1:00,1.381
5/6/2022 2:00,1.387
5/6/2022 3:00,1.363
5/6/2022 4:00,1.316
5/6/2022 5:00,1.365
5/6/2022 6:00,1.378
5/6/2022 7:00,1.353
5/6/2022 8:00,1.329
5/6/2022 9:00,1.301
5/6/2022 10:00,1.281
5/6/2022 11:00,1.297
5/6/2022 12:00,1.323
5/6/2022 13:00,1.355
5/6/2022 14:00,1.378
5/6/2022 15:00,1.368
5/6/2022 16:00,1.318
5/6/2022 17:00,1.255
5/6/2022 18:00,1.277
5/6/2022 19:00,1.32
5/6/2022 20:00,1.334
5/6/2022 21:00,1.372
5/6/2022 22:00,1.411
5/6/2022 23:00,1.456
5/7/2022 0:00,1.508
5/7/2022 1:00,1.563
5/7/2022 2:00,1.645
5/7/2022 3:00,1.694
5/7/2022 4:00,1.75
5/7/2022 5:00,1.804
5/7/2022 6:00,1.818
5/7/2022 7:00,1.854
5/7/2022 8:00,1.836
5/7/2022 9:00,1.798
5/7/2022 10:00,1.856
5/7/2022 11:00,1.94
5/7/2022 12:00,1.902
5/7/2022 13:00,1.832
5/7/2022 14:00,1.718
5/7/2022 15:00,1.55
5/7/2022 16:00,1.348
5/7/2022 17:00,1.175
5/7/2022 18:00,1.19
5/7/2022 19:00,1.329
5/7/2022 20:00,1.393
5/7/2022 21:00,1.386
5/7/2022 22:00,1.345
5/7/2022 23:00,1.347
5/8/2022 0:00,1.391
5/8/2022 1:00,1.384
5/8/2022 2:00,1.374
5/8/2022 3:00,1.34
5/8/2022 4:00,1.253
5/8/2022 5:00,1.28
5/8/2022 6:00,1.285
5/8/2022 7:00,1.222
5/8/2022 8:00,1.13
5/8/2022 9:00,1.055
5/8/2022 10:00,0.989
5/8/2022 11:00,0.943
5/8/2022 12:00,0.897
5/8/2022 13:00,0.845
5/8/2022 14:00,0.795
5/8/2022 15:00,0.746
5/8/2022 16:00,0.707
5/8/2022 17:00,0.746
5/8/2022 18:00,0.961
5/8/2022 19:00,1.119
5/8/2022 20:00,1.326
5/8/2022 21:00,1.488
5/8/2022 22:00,1.549
5/8/2022 23:00,1.553
5/9/2022 0:00,1.541
5/9/2022 1:00,1.531
5/9/2022 2:00,1.525
5/9/2022 3:00,1.474
5/9/2022 4:00,1.409
5/9/2022 5:00,1.436
5/9/2022 6:00,1.484
5/9/2022 7:00,1.532
5/9/2022 8:00,1.543
5/9/2022 9:00,1.551
5/9/2022 10:00,1.567
5/9/2022 11:00,1.577
5/9/2022 12:00,1.585
5/9/2022 13:00,1.593
5/9/2022 14:00,1.603
5/9/2022 15:00,1.599
5/9/2022 16:00,1.582
5/9/2022 17:00,1.59
5/9/2022 18:00,1.654
5/9/2022 19:00,1.792
5/9/2022 20:00,1.859
5/9/2022 21:00,1.873
5/9/2022 22:00,1.844
5/9/2022 23:00,1.832
5/10/2022 0:00,1.858
5/10/2022 1:00,1.864
5/10/2022 2:00,1.907
5/10/2022 3:00,1.936
5/10/2022 4:00,1.994
5/10/2022 5:00,1.967
5/10/2022 6:00,1.939
5/10/2022 7:00,1.941
5/10/2022 8:00,1.95
5/10/2022 9:00,2.014
5/10/2022 10:00,2.076
5/10/2022 11:00,2.092
5/10/2022 12:00,2.018
5/10/2022 13:00,1.948
5/10/2022 14:00,1.92
5/10/2022 15:00,1.968
5/10/2022 16:00,1.961
5/10/2022 17:00,1.913
5/10/2022 18:00,1.867
5/10/2022 19:00,1.867
5/10/2022 20:00,2.001
5/10/2022 21:00,2.07
5/10/2022 22:00,2.03
5/10/2022 23:00,1.919
5/11/2022 0:00,1.782
5/11/2022 1:00,1.674
5/11/2022 2:00,1.618
5/11/2022 3:00,1.579
5/11/2022 4:00,1.604
5/11/2022 5:00,1.617
5/11/2022 6:00,1.583
5/11/2022 7:00,1.582
5/11/2022 8:00,1.671
5/11/2022 9:00,1.741
5/11/2022 10:00,1.798
5/11/2022 11:00,1.856
5/11/2022 12:00,1.874
5/11/2022 13:00,1.833
5/11/2022 14:00,1.773
5/11/2022 15:00,1.701
5/11/2022 16:00,1.656
5/11/2022 17:00,1.621
5/11/2022 18:00,1.613
5/11/2022 19:00,1.582
5/11/2022 20:00,1.53
5/11/2022 21:00,1.507
5/11/2022 22:00,1.503
5/11/2022 23:00,1.503
5/12/2022 0:00,1.522
5/12/2022 1:00,1.595
5/12/2022 2:00,1.648
5/12/2022 3:00,1.764
5/12/2022 4:00,2
5/12/2022 5:00,2.238
5/12/2022 6:00,2.423
5/12/2022 7:00,2.54
5/12/2022 8:00,2.654
5/12/2022 9:00,2.774
5/12/2022 10:00,2.834
5/12/2022 11:00,2.824
5/12/2022 12:00,2.766
5/12/2022 13:00,2.672
5/12/2022 14:00,2.567
5/12/2022 15:00,2.416
5/12/2022 16:00,2.241
5/12/2022 17:00,2.097
5/12/2022 18:00,2.056
5/12/2022 19:00,2.034
5/12/2022 20:00,1.954
5/12/2022 21:00,1.895
5/12/2022 22:00,1.888
5/12/2022 23:00,1.863
5/13/2022 0:00,1.827
5/13/2022 1:00,1.798
5/13/2022 2:00,1.774
5/13/2022 3:00,1.716
5/13/2022 4:00,1.673
5/13/2022 5:00,1.62
5/13/2022 6:00,1.599
5/13/2022 7:00,1.595
5/13/2022 8:00,1.625
5/13/2022 9:00,1.696
5/13/2022 10:00,1.757
5/13/2022 11:00,1.79
5/13/2022 12:00,1.787
5/13/2022 13:00,1.8
5/13/2022 14:00,1.803
5/13/2022 15:00,1.787
5/13/2022 16:00,1.751
5/13/2022 17:00,1.801
5/13/2022 18:00,1.932
5/13/2022 19:00,1.958
5/13/2022 20:00,1.917
5/13/2022 21:00,1.926
5/13/2022 22:00,1.953
5/13/2022 23:00,2
5/14/2022 0:00,2.009
5/14/2022 1:00,2.073
5/14/2022 2:00,2.091
5/14/2022 3:00,2.178
5/14/2022 4:00,2.18
5/14/2022 5:00,2.209
5/14/2022 6:00,2.235
5/14/2022 7:00,2.256
5/14/2022 8:00,2.298
5/14/2022 9:00,2.34
5/14/2022 10:00,2.381
5/14/2022 11:00,2.409
5/14/2022 12:00,2.404
5/14/2022 13:00,2.37
5/14/2022 14:00,2.322
5/14/2022 15:00,2.231
5/14/2022 16:00,2.056
5/14/2022 17:00,1.885
5/14/2022 18:00,1.852
5/14/2022 19:00,1.858
5/14/2022 20:00,1.791
5/14/2022 21:00,1.799
5/14/2022 22:00,1.784
5/14/2022 23:00,1.755
5/15/2022 0:00,1.748
5/15/2022 1:00,1.773
5/15/2022 2:00,1.747
5/15/2022 3:00,1.707
5/15/2022 4:00,1.626
5/15/2022 5:00,1.625
5/15/2022 6:00,1.552
5/15/2022 7:00,1.491
5/15/2022 8:00,1.487
5/15/2022 9:00,1.483
5/15/2022 10:00,1.469
5/15/2022 11:00,1.453
5/15/2022 12:00,1.44
5/15/2022 13:00,1.421
5/15/2022 14:00,1.385
5/15/2022 15:00,1.309
5/15/2022 16:00,1.187
5/15/2022 17:00,1.065
5/15/2022 18:00,1.02
5/15/2022 19:00,1.091
5/15/2022 20:00,1.149
5/15/2022 21:00,1.202
5/15/2022 22:00,1.246
5/15/2022 23:00,1.289
5/16/2022 0:00,1.299
5/16/2022 1:00,1.304
5/16/2022 2:00,1.314
5/16/2022 3:00,1.26
5/16/2022 4:00,1.232
5/16/2022 5:00,1.236
5/16/2022 6:00,1.146
5/16/2022 7:00,1.082
5/16/2022 8:00,1.023
5/16/2022 9:00,0.973
5/16/2022 10:00,0.937
5/16/2022 11:00,0.913
5/16/2022 12:00,0.889
5/16/2022 13:00,0.865
5/16/2022 14:00,0.862
5/16/2022 15:00,0.856
5/16/2022 16:00,0.837
5/16/2022 17:00,0.831
5/16/2022 18:00,0.973
5/16/2022 19:00,1.212
5/16/2022 20:00,1.376
5/16/2022 21:00,1.478
5/16/2022 22:00,1.527
5/16/2022 23:00,1.547
5/17/2022 0:00,1.64
5/17/2022 1:00,1.725
5/17/2022 2:00,1.737
5/17/2022 3:00,1.623
5/17/2022 4:00,1.519
5/17/2022 5:00,1.52
5/17/2022 6:00,1.52
5/17/2022 7:00,1.512
5/17/2022 8:00,1.437
5/17/2022 9:00,1.308
5/17/2022 10:00,1.212
5/17/2022 11:00,1.151
5/17/2022 12:00,1.11
5/17/2022 13:00,1.083
5/17/2022 14:00,1.063
5/17/2022 15:00,1.065
5/17/2022 16:00,1.089
5/17/2022 17:00,1.12
5/17/2022 18:00,1.349
5/17/2022 19:00,1.606
5/17/2022 20:00,1.676
5/17/2022 21:00,1.727
5/17/2022 22:00,1.825
5/17/2022 23:00,1.847
5/18/2022 0:00,1.828
5/18/2022 1:00,1.799
5/18/2022 2:00,1.771
5/18/2022 3:00,1.731
5/18/2022 4:00,1.665
5/18/2022 5:00,1.703
5/18/2022 6:00,1.752
5/18/2022 7:00,1.753
5/18/2022 8:00,1.768
5/18/2022 9:00,1.792
5/18/2022 10:00,1.804
5/18/2022 11:00,1.794
5/18/2022 12:00,1.759
5/18/2022 13:00,1.699
5/18/2022 14:00,1.621
5/18/2022 15:00,1.548
5/18/2022 16:00,1.502
5/18/2022 17:00,1.449
5/18/2022 18:00,1.431
5/18/2022 19:00,1.475
5/18/2022 20:00,1.487
5/18/2022 21:00,1.439
5/18/2022 22:00,1.39
5/18/2022 23:00,1.349
5/19/2022 0:00,1.343
5/19/2022 1:00,1.356
5/19/2022 2:00,1.376
5/19/2022 3:00,1.324
5/19/2022 4:00,1.227
5/19/2022 5:00,1.089
5/19/2022 6:00,0.989
5/19/2022 7:00,0.911
5/19/2022 8:00,0.849
5/19/2022 9:00,0.785
5/19/2022 10:00,0.776
5/19/2022 11:00,0.813
5/19/2022 12:00,0.797
5/19/2022 13:00,0.749
5/19/2022 14:00,0.674
5/19/2022 15:00,0.609
5/19/2022 16:00,0.623
5/19/2022 17:00,0.625
5/19/2022 18:00,0.713
5/19/2022 19:00,0.79
5/19/2022 20:00,0.781
5/19/2022 21:00,0.735
5/19/2022 22:00,0.755
5/19/2022 23:00,0.818
5/20/2022 0:00,0.875
5/20/2022 1:00,0.97
5/20/2022 2:00,1.066
5/20/2022 3:00,1.166
5/20/2022 4:00,1.254
5/20/2022 5:00,1.247
5/20/2022 6:00,1.278
5/20/2022 7:00,1.428
5/20/2022 8:00,1.555
5/20/2022 9:00,1.578
5/20/2022 10:00,1.555
5/20/2022 11:00,1.521
5/20/2022 12:00,1.485
5/20/2022 13:00,1.388
5/20/2022 14:00,1.197
5/20/2022 15:00,1.006
5/20/2022 16:00,0.907
5/20/2022 17:00,0.839
5/20/2022 18:00,0.755
5/20/2022 19:00,0.825
5/20/2022 20:00,0.9
5/20/2022 21:00,0.993
5/20/2022 22:00,1.019
5/20/2022 23:00,1.107
5/21/2022 0:00,1.295
5/21/2022 1:00,1.439
5/21/2022 2:00,1.506
5/21/2022 3:00,1.516
5/21/2022 4:00,1.472
5/21/2022 5:00,1.468
5/21/2022 6:00,1.461
5/21/2022 7:00,1.456
5/21/2022 8:00,1.453
5/21/2022 9:00,1.481
5/21/2022 10:00,1.521
5/21/2022 11:00,1.521
5/21/2022 12:00,1.491
5/21/2022 13:00,1.478
5/21/2022 14:00,1.47
5/21/2022 15:00,1.436
5/21/2022 16:00,1.347
5/21/2022 17:00,1.213
5/21/2022 18:00,1.136
5/21/2022 19:00,1.2
5/21/2022 20:00,1.217
5/21/2022 21:00,1.198
5/21/2022 22:00,1.208
5/21/2022 23:00,1.227
5/22/2022 0:00,1.264
5/22/2022 1:00,1.269
5/22/2022 2:00,1.238
5/22/2022 3:00,1.134
5/22/2022 4:00,0.973
5/22/2022 5:00,0.871
5/22/2022 6:00,0.811
5/22/2022 7:00,0.794
5/22/2022 8:00,0.803
5/22/2022 9:00,0.811
5/22/2022 10:00,0.846
5/22/2022 11:00,0.885
5/22/2022 12:00,0.897
5/22/2022 13:00,0.869
5/22/2022 14:00,0.824
5/22/2022 15:00,0.774
5/22/2022 16:00,0.732
5/22/2022 17:00,0.678
5/22/2022 18:00,0.674
5/22/2022 19:00,0.869
5/22/2022 20:00,0.916
5/22/2022 21:00,0.9
5/22/2022 22:00,0.885
5/22/2022 23:00,0.945
5/23/2022 0:00,1.031
5/23/2022 1:00,1.107
5/23/2022 2:00,1.159
5/23/2022 3:00,1.023
5/23/2022 4:00,0.958
5/23/2022 5:00,0.965
5/23/2022 6:00,1.007
5/23/2022 7:00,1.065
5/23/2022 8:00,1.113
5/23/2022 9:00,1.171
5/23/2022 10:00,1.236
5/23/2022 11:00,1.298
5/23/2022 12:00,1.377
5/23/2022 13:00,1.472
5/23/2022 14:00,1.561
5/23/2022 15:00,1.639
5/23/2022 16:00,1.71
5/23/2022 17:00,1.763
5/23/2022 18:00,1.837
5/23/2022 19:00,2.012
5/23/2022 20:00,2.159
5/23/2022 21:00,2.189
5/23/2022 22:00,2.229
5/23/2022 23:00,2.242
5/24/2022 0:00,2.265
5/24/2022 1:00,2.322
5/24/2022 2:00,2.379
5/24/2022 3:00,2.372
5/24/2022 4:00,2.273
5/24/2022 5:00,2.341
5/24/2022 6:00,2.421
5/24/2022 7:00,2.412
5/24/2022 8:00,2.293
5/24/2022 9:00,2.133
5/24/2022 10:00,2
5/24/2022 11:00,1.893
5/24/2022 12:00,1.776
5/24/2022 13:00,1.657
5/24/2022 14:00,1.545
5/24/2022 15:00,1.459
5/24/2022 16:00,1.368
5/24/2022 17:00,1.267
5/24/2022 18:00,1.274
5/24/2022 19:00,1.376
5/24/2022 20:00,1.472
5/24/2022 21:00,1.499
5/24/2022 22:00,1.491
5/24/2022 23:00,1.51
5/25/2022 0:00,1.583
5/25/2022 1:00,1.585
5/25/2022 2:00,1.625
5/25/2022 3:00,1.629
5/25/2022 4:00,1.631
5/25/2022 5:00,1.667
5/25/2022 6:00,1.678
5/25/2022 7:00,1.679
5/25/2022 8:00,1.713
5/25/2022 9:00,1.769
5/25/2022 10:00,1.8
5/25/2022 11:00,1.795
5/25/2022 12:00,1.774
5/25/2022 13:00,1.743
5/25/2022 14:00,1.7
5/25/2022 15:00,1.593
5/25/2022 16:00,1.421
5/25/2022 17:00,1.297
5/25/2022 18:00,1.286
5/25/2022 19:00,1.369
5/25/2022 20:00,1.453
5/25/2022 21:00,1.498
5/25/2022 22:00,1.582
5/25/2022 23:00,1.677
5/26/2022 0:00,1.735
5/26/2022 1:00,1.818
5/26/2022 2:00,1.886
5/26/2022 3:00,1.906
5/26/2022 4:00,1.908
5/26/2022 5:00,2.016
5/26/2022 6:00,2.15
5/26/2022 7:00,2.31
5/26/2022 8:00,2.421
5/26/2022 9:00,2.471
5/26/2022 10:00,2.495
5/26/2022 11:00,2.517
5/26/2022 12:00,2.507
5/26/2022 13:00,2.475
5/26/2022 14:00,2.422
5/26/2022 15:00,2.335
5/26/2022 16:00,2.25
5/26/2022 17:00,2.144
5/26/2022 18:00,2.046
5/26/2022 19:00,1.999
5/26/2022 20:00,1.905
5/26/2022 21:00,1.854
5/26/2022 22:00,1.787
5/26/2022 23:00,1.722
5/27/2022 0:00,1.686
5/27/2022 1:00,1.656
5/27/2022 2:00,1.663
5/27/2022 3:00,1.797
5/27/2022 4:00,2.076
5/27/2022 5:00,2.369
5/27/2022 6:00,2.501
5/27/2022 7:00,2.551
5/27/2022 8:00,2.546
5/27/2022 9:00,2.496
5/27/2022 10:00,2.433
5/27/2022 11:00,2.382
5/27/2022 12:00,2.339
5/27/2022 13:00,2.302
5/27/2022 14:00,2.304
5/27/2022 15:00,2.302
5/27/2022 16:00,2.242
5/27/2022 17:00,2.192
5/27/2022 18:00,2.172
5/27/2022 19:00,2.152
5/27/2022 20:00,2.142
5/27/2022 21:00,2.121
5/27/2022 22:00,2.128
5/27/2022 23:00,2.108
5/28/2022 0:00,2.092
5/28/2022 1:00,2.064
5/28/2022 2:00,2.02
5/28/2022 3:00,1.973
5/28/2022 4:00,1.967
5/28/2022 5:00,2.01
5/28/2022 6:00,2.042
5/28/2022 7:00,2.08
5/28/2022 8:00,2.118
5/28/2022 9:00,2.151
5/28/2022 10:00,2.131
5/28/2022 11:00,2.068
5/28/2022 12:00,1.993
5/28/2022 13:00,1.921
5/28/2022 14:00,1.833
5/28/2022 15:00,1.699
5/28/2022 16:00,1.54
5/28/2022 17:00,1.388
5/28/2022 18:00,1.325
5/28/2022 19:00,1.355
5/28/2022 20:00,1.401
5/28/2022 21:00,1.411
5/28/2022 22:00,1.409
5/28/2022 23:00,1.39
5/29/2022 0:00,1.325
5/29/2022 1:00,1.276
5/29/2022 2:00,1.231
5/29/2022 3:00,1.131
5/29/2022 4:00,1.042
5/29/2022 5:00,0.926
5/29/2022 6:00,0.799
5/29/2022 7:00,0.722
5/29/2022 8:00,0.671
5/29/2022 9:00,0.615
5/29/2022 10:00,0.592
5/29/2022 11:00,0.565
5/29/2022 12:00,0.539
5/29/2022 13:00,0.535
5/29/2022 14:00,0.583
5/29/2022 15:00,0.655
5/29/2022 16:00,0.718
5/29/2022 17:00,0.789
5/29/2022 18:00,0.901
5/29/2022 19:00,1.112
5/29/2022 20:00,1.27
5/29/2022 21:00,1.289
5/29/2022 22:00,1.228
5/29/2022 23:00,1.15
5/30/2022 0:00,1.134
5/30/2022 1:00,1.128
5/30/2022 2:00,1.082
5/30/2022 3:00,0.934
5/30/2022 4:00,0.917
5/30/2022 5:00,1.016
5/30/2022 6:00,1.069
5/30/2022 7:00,1.093
5/30/2022 8:00,1.089
5/30/2022 9:00,1.052
5/30/2022 10:00,1.013
5/30/2022 11:00,0.984
5/30/2022 12:00,0.962
5/30/2022 13:00,0.932
5/30/2022 14:00,0.897
5/30/2022 15:00,0.881
5/30/2022 16:00,0.861
5/30/2022 17:00,0.823
5/30/2022 18:00,0.84
5/30/2022 19:00,0.96
5/30/2022 20:00,1.042
5/30/2022 21:00,1.053
5/30/2022 22:00,1.024
5/30/2022 23:00,0.968
5/31/2022 0:00,0.953
5/31/2022 1:00,0.967
5/31/2022 2:00,0.985
5/31/2022 3:00,0.941
5/31/2022 4:00,0.928
5/31/2022 5:00,0.93
5/31/2022 6:00,0.916
5/31/2022 7:00,0.903
5/31/2022 8:00,0.912
5/31/2022 9:00,0.95
5/31/2022 10:00,0.998
5/31/2022 11:00,1.057
5/31/2022 12:00,1.097
5/31/2022 13:00,1.109
5/31/2022 14:00,1.127
5/31/2022 15:00,1.129
5/31/2022 16:00,1.132
5/31/2022 17:00,1.126
5/31/2022 18:00,1.108
5/31/2022 19:00,1.155
5/31/2022 20:00,1.224
5/31/2022 21:00,1.232
5/31/2022 22:00,1.241
5/31/2022 23:00,1.229
6/1/2022 0:00,1.213
6/1/2022 1:00,1.19
6/1/2022 2:00,1.183
6/1/2022 3:00,1.119
6/1/2022 4:00,1.054
6/1/2022 5:00,1.04
6/1/2022 6:00,1.07
6/1/2022 7:00,1.105
6/1/2022 8:00,1.126
6/1/2022 9:00,1.135
6/1/2022 10:00,1.136
6/1/2022 11:00,1.141
6/1/2022 12:00,1.149
6/1/2022 13:00,1.148
6/1/2022 14:00,1.141
6/1/2022 15:00,1.118
6/1/2022 16:00,1.065
6/1/2022 17:00,0.966
6/1/2022 18:00,0.947
6/1/2022 19:00,1.087
6/1/2022 20:00,1.202
6/1/2022 21:00,1.28
6/1/2022 22:00,1.327
6/1/2022 23:00,1.404
6/2/2022 0:00,1.447
6/2/2022 1:00,1.479
6/2/2022 2:00,1.5
6/2/2022 3:00,1.516
6/2/2022 4:00,1.623
6/2/2022 5:00,1.715
6/2/2022 6:00,1.823
6/2/2022 7:00,1.928
6/2/2022 8:00,1.997
6/2/2022 9:00,2.028
6/2/2022 10:00,2.021
6/2/2022 11:00,1.99
6/2/2022 12:00,1.943
6/2/2022 13:00,1.92
6/2/2022 14:00,1.889
6/2/2022 15:00,1.831
6/2/2022 16:00,1.763
6/2/2022 17:00,1.689
6/2/2022 18:00,1.658
6/2/2022 19:00,1.687
6/2/2022 20:00,1.724
6/2/2022 21:00,1.758
6/2/2022 22:00,1.774
6/2/2022 23:00,1.804
6/3/2022 0:00,1.823
6/3/2022 1:00,1.853
6/3/2022 2:00,1.857
6/3/2022 3:00,1.802
6/3/2022 4:00,1.787
6/3/2022 5:00,1.778
6/3/2022 6:00,1.737
6/3/2022 7:00,1.702
6/3/2022 8:00,1.674
6/3/2022 9:00,1.641
6/3/2022 10:00,1.596
6/3/2022 11:00,1.556
6/3/2022 12:00,1.524
6/3/2022 13:00,1.48
6/3/2022 14:00,1.418
6/3/2022 15:00,1.353
6/3/2022 16:00,1.265
6/3/2022 17:00,1.15
6/3/2022 18:00,1.038
6/3/2022 19:00,1.046
6/3/2022 20:00,1.075
6/3/2022 21:00,1.084
6/3/2022 22:00,1.087
6/3/2022 23:00,1.099
6/4/2022 0:00,1.102
6/4/2022 1:00,1.1
6/4/2022 2:00,1.078
6/4/2022 3:00,0.971
6/4/2022 4:00,0.917
6/4/2022 5:00,0.875
6/4/2022 6:00,0.803
6/4/2022 7:00,0.769
6/4/2022 8:00,0.767
6/4/2022 9:00,0.778
6/4/2022 10:00,0.784
6/4/2022 11:00,0.81
6/4/2022 12:00,0.834
6/4/2022 13:00,0.844
6/4/2022 14:00,0.854
6/4/2022 15:00,0.865
6/4/2022 16:00,0.858
6/4/2022 17:00,0.858
6/4/2022 18:00,0.923
6/4/2022 19:00,1.032
6/4/2022 20:00,1.088
6/4/2022 21:00,1.051
6/4/2022 22:00,1.057
6/4/2022 23:00,1.081
6/5/2022 0:00,1.072
6/5/2022 1:00,1.016
6/5/2022 2:00,0.985
6/5/2022 3:00,0.908
6/5/2022 4:00,0.851
6/5/2022 5:00,0.866
6/5/2022 6:00,0.9
6/5/2022 7:00,0.987
6/5/2022 8:00,1.056
6/5/2022 9:00,1.051
6/5/2022 10:00,1.005
6/5/2022 11:00,0.98
6/5/2022 12:00,0.965
6/5/2022 13:00,0.954
6/5/2022 14:00,0.932
6/5/2022 15:00,0.951
6/5/2022 16:00,0.959
6/5/2022 17:00,0.945
6/5/2022 18:00,0.972
6/5/2022 19:00,1.141
6/5/2022 20:00,1.324
6/5/2022 21:00,1.478
6/5/2022 22:00,1.58
6/5/2022 23:00,1.618
6/6/2022 0:00,1.639
6/6/2022 1:00,1.696
6/6/2022 2:00,1.756
6/6/2022 3:00,1.78
6/6/2022 4:00,1.737
6/6/2022 5:00,1.684
6/6/2022 6:00,1.652
6/6/2022 7:00,1.646
6/6/2022 8:00,1.641
6/6/2022 9:00,1.595
6/6/2022 10:00,1.51
6/6/2022 11:00,1.451
6/6/2022 12:00,1.398
6/6/2022 13:00,1.348
6/6/2022 14:00,1.268
6/6/2022 15:00,1.174
6/6/2022 16:00,1.07
6/6/2022 17:00,0.985
6/6/2022 18:00,0.943
6/6/2022 19:00,1.021
6/6/2022 20:00,1.108
6/6/2022 21:00,1.162
6/6/2022 22:00,1.194
6/6/2022 23:00,1.217
6/7/2022 0:00,1.236
6/7/2022 1:00,1.252
6/7/2022 2:00,1.242
6/7/2022 3:00,1.097
6/7/2022 4:00,0.98
6/7/2022 5:00,0.93
6/7/2022 6:00,0.933
6/7/2022 7:00,0.906
6/7/2022 8:00,0.892
6/7/2022 9:00,0.943
6/7/2022 10:00,1.068
6/7/2022 11:00,1.168
6/7/2022 12:00,1.232
6/7/2022 13:00,1.278
6/7/2022 14:00,1.296
6/7/2022 15:00,1.28
6/7/2022 16:00,1.22
6/7/2022 17:00,1.172
6/7/2022 18:00,1.199
6/7/2022 19:00,1.287
6/7/2022 20:00,1.384
6/7/2022 21:00,1.446
6/7/2022 22:00,1.441
6/7/2022 23:00,1.421
6/8/2022 0:00,1.443
6/8/2022 1:00,1.482
6/8/2022 2:00,1.463
6/8/2022 3:00,1.429
6/8/2022 4:00,1.391
6/8/2022 5:00,1.465
6/8/2022 6:00,1.548
6/8/2022 7:00,1.586
6/8/2022 8:00,1.603
6/8/2022 9:00,1.634
6/8/2022 10:00,1.666
6/8/2022 11:00,1.66
6/8/2022 12:00,1.607
6/8/2022 13:00,1.531
6/8/2022 14:00,1.44
6/8/2022 15:00,1.317
6/8/2022 16:00,1.187
6/8/2022 17:00,1.027
6/8/2022 18:00,0.921
6/8/2022 19:00,0.989
6/8/2022 20:00,1.105
6/8/2022 21:00,1.161
6/8/2022 22:00,1.209
6/8/2022 23:00,1.258
6/9/2022 0:00,1.302
6/9/2022 1:00,1.346
6/9/2022 2:00,1.38
6/9/2022 3:00,1.343
6/9/2022 4:00,1.296
6/9/2022 5:00,1.226
6/9/2022 6:00,1.195
6/9/2022 7:00,1.161
6/9/2022 8:00,1.105
6/9/2022 9:00,1.037
6/9/2022 10:00,0.965
6/9/2022 11:00,0.904
6/9/2022 12:00,0.847
6/9/2022 13:00,0.802
6/9/2022 14:00,0.767
6/9/2022 15:00,0.741
6/9/2022 16:00,0.726
6/9/2022 17:00,0.708
6/9/2022 18:00,0.725
6/9/2022 19:00,0.871
6/9/2022 20:00,0.924
6/9/2022 21:00,0.981
6/9/2022 22:00,1.056
6/9/2022 23:00,1.143
6/10/2022 0:00,1.227
6/10/2022 1:00,1.254
6/10/2022 2:00,1.24
6/10/2022 3:00,1.189
6/10/2022 4:00,1.163
6/10/2022 5:00,1.19
6/10/2022 6:00,1.265
6/10/2022 7:00,1.342
6/10/2022 8:00,1.38
6/10/2022 9:00,1.348
6/10/2022 10:00,1.303
6/10/2022 11:00,1.268
6/10/2022 12:00,1.244
6/10/2022 13:00,1.23
6/10/2022 14:00,1.226
6/10/2022 15:00,1.232
6/10/2022 16:00,1.187
6/10/2022 17:00,1.077
6/10/2022 18:00,1.009
6/10/2022 19:00,1.056
6/10/2022 20:00,1.131
6/10/2022 21:00,1.177
6/10/2022 22:00,1.241
6/10/2022 23:00,1.31
6/11/2022 0:00,1.34
6/11/2022 1:00,1.327
6/11/2022 2:00,1.281
6/11/2022 3:00,1.191
6/11/2022 4:00,1.147
6/11/2022 5:00,1.127
6/11/2022 6:00,1.148
6/11/2022 7:00,1.191
6/11/2022 8:00,1.248
6/11/2022 9:00,1.3
6/11/2022 10:00,1.345
6/11/2022 11:00,1.374
6/11/2022 12:00,1.389
6/11/2022 13:00,1.407
6/11/2022 14:00,1.419
6/11/2022 15:00,1.42
6/11/2022 16:00,1.423
6/11/2022 17:00,1.424
6/11/2022 18:00,1.422
6/11/2022 19:00,1.436
6/11/2022 20:00,1.516
6/11/2022 21:00,1.535
6/11/2022 22:00,1.514
6/11/2022 23:00,1.506
6/12/2022 0:00,1.518
6/12/2022 1:00,1.528
6/12/2022 2:00,1.516
6/12/2022 3:00,1.501
6/12/2022 4:00,1.604
6/12/2022 5:00,1.681
6/12/2022 6:00,1.75
6/12/2022 7:00,1.777
6/12/2022 8:00,1.817
6/12/2022 9:00,1.874
6/12/2022 10:00,1.933
6/12/2022 11:00,1.985
6/12/2022 12:00,2.003
6/12/2022 13:00,1.996
6/12/2022 14:00,1.929
6/12/2022 15:00,1.842
6/12/2022 16:00,1.756
6/12/2022 17:00,1.645
6/12/2022 18:00,1.552
6/12/2022 19:00,1.549
6/12/2022 20:00,1.649
6/12/2022 21:00,1.744
6/12/2022 22:00,1.786
6/12/2022 23:00,1.778
6/13/2022 0:00,1.768
6/13/2022 1:00,1.762
6/13/2022 2:00,1.759
6/13/2022 3:00,1.782
6/13/2022 4:00,1.855
6/13/2022 5:00,1.936
6/13/2022 6:00,1.973
6/13/2022 7:00,1.976
6/13/2022 8:00,1.967
6/13/2022 9:00,1.96
6/13/2022 10:00,1.962
6/13/2022 11:00,1.965
6/13/2022 12:00,1.957
6/13/2022 13:00,1.943
6/13/2022 14:00,1.924
6/13/2022 15:00,1.898
6/13/2022 16:00,1.865
6/13/2022 17:00,1.826
6/13/2022 18:00,1.792
6/13/2022 19:00,1.821
6/13/2022 20:00,1.922
6/13/2022 21:00,1.96
6/13/2022 22:00,1.975
6/13/2022 23:00,1.951
6/14/2022 0:00,1.931
6/14/2022 1:00,1.946
6/14/2022 2:00,1.921
6/14/2022 3:00,1.856
6/14/2022 4:00,1.817
6/14/2022 5:00,1.814
6/14/2022 6:00,1.777
6/14/2022 7:00,1.741
6/14/2022 8:00,1.707
6/14/2022 9:00,1.705
6/14/2022 10:00,1.717
6/14/2022 11:00,1.719
6/14/2022 12:00,1.706
6/14/2022 13:00,1.672
6/14/2022 14:00,1.623
6/14/2022 15:00,1.573
6/14/2022 16:00,1.483
6/14/2022 17:00,1.346
6/14/2022 18:00,1.247
6/14/2022 19:00,1.341
6/14/2022 20:00,1.466
6/14/2022 21:00,1.53
6/14/2022 22:00,1.532
6/14/2022 23:00,1.517
6/15/2022 0:00,1.496
6/15/2022 1:00,1.456
6/15/2022 2:00,1.417
6/15/2022 3:00,1.302
6/15/2022 4:00,1.225
6/15/2022 5:00,1.199
6/15/2022 6:00,1.143
6/15/2022 7:00,1.119
6/15/2022 8:00,1.139
6/15/2022 9:00,1.153
6/15/2022 10:00,1.151
6/15/2022 11:00,1.169
6/15/2022 12:00,1.166
6/15/2022 13:00,1.144
6/15/2022 14:00,1.129
6/15/2022 15:00,1.084
6/15/2022 16:00,1.012
6/15/2022 17:00,0.945
6/15/2022 18:00,0.916
6/15/2022 19:00,1.036
6/15/2022 20:00,1.093
6/15/2022 21:00,1.112
6/15/2022 22:00,1.131
6/15/2022 23:00,1.137
6/16/2022 0:00,1.155
6/16/2022 1:00,1.198
6/16/2022 2:00,1.225
6/16/2022 3:00,1.152
6/16/2022 4:00,1.086
6/16/2022 5:00,1.113
6/16/2022 6:00,1.14
6/16/2022 7:00,1.173
6/16/2022 8:00,1.215
6/16/2022 9:00,1.248
6/16/2022 10:00,1.242
6/16/2022 11:00,1.206
6/16/2022 12:00,1.173
6/16/2022 13:00,1.169
6/16/2022 14:00,1.2
6/16/2022 15:00,1.249
6/16/2022 16:00,1.251
6/16/2022 17:00,1.164
6/16/2022 18:00,1.065
6/16/2022 19:00,1.141
6/16/2022 20:00,1.34
6/16/2022 21:00,1.473
6/16/2022 22:00,1.528
6/16/2022 23:00,1.541
6/17/2022 0:00,1.541
6/17/2022 1:00,1.496
6/17/2022 2:00,1.425
6/17/2022 3:00,1.288
6/17/2022 4:00,1.203
6/17/2022 5:00,1.106
6/17/2022 6:00,1.089
6/17/2022 7:00,1.115
6/17/2022 8:00,1.149
6/17/2022 9:00,1.159
6/17/2022 10:00,1.134
6/17/2022 11:00,1.088
6/17/2022 12:00,1.072
6/17/2022 13:00,1.115
6/17/2022 14:00,1.18
6/17/2022 15:00,1.235
6/17/2022 16:00,1.233
6/17/2022 17:00,1.196
6/17/2022 18:00,1.225
6/17/2022 19:00,1.28
6/17/2022 20:00,1.374
6/17/2022 21:00,1.498
6/17/2022 22:00,1.641
6/17/2022 23:00,1.735
6/18/2022 0:00,1.832
6/18/2022 1:00,1.896
6/18/2022 2:00,1.963
6/18/2022 3:00,2.012
6/18/2022 4:00,1.939
6/18/2022 5:00,1.879
6/18/2022 6:00,1.871
6/18/2022 7:00,1.88
6/18/2022 8:00,1.891
6/18/2022 9:00,1.947
6/18/2022 10:00,2.007
6/18/2022 11:00,2.035
6/18/2022 12:00,2.053
6/18/2022 13:00,2.072
6/18/2022 14:00,2.073
6/18/2022 15:00,2.065
6/18/2022 16:00,2.04
6/18/2022 17:00,1.966
6/18/2022 18:00,1.86
6/18/2022 19:00,1.778
6/18/2022 20:00,1.743
6/18/2022 21:00,1.764
6/18/2022 22:00,1.646
6/18/2022 23:00,1.511
6/19/2022 0:00,1.547
6/19/2022 1:00,1.505
6/19/2022 2:00,1.36
6/19/2022 3:00,1.211
6/19/2022 4:00,1.208
6/19/2022 5:00,1.191
6/19/2022 6:00,1.195
6/19/2022 7:00,1.23
6/19/2022 8:00,1.273
6/19/2022 9:00,1.274
6/19/2022 10:00,1.232
6/19/2022 11:00,1.176
6/19/2022 12:00,1.123
6/19/2022 13:00,1.08
6/19/2022 14:00,1.03
6/19/2022 15:00,0.989
6/19/2022 16:00,1.012
6/19/2022 17:00,0.977
6/19/2022 18:00,0.892
6/19/2022 19:00,1.046
6/19/2022 20:00,1.149
6/19/2022 21:00,1.184
6/19/2022 22:00,1.203
6/19/2022 23:00,1.144
6/20/2022 0:00,1.056
6/20/2022 1:00,0.966
6/20/2022 2:00,0.88
6/20/2022 3:00,0.694
6/20/2022 4:00,0.589
6/20/2022 5:00,0.564
6/20/2022 6:00,0.551
6/20/2022 7:00,0.574
6/20/2022 8:00,0.565
6/20/2022 9:00,0.538
6/20/2022 10:00,0.579
6/20/2022 11:00,0.634
6/20/2022 12:00,0.704
6/20/2022 13:00,0.8
6/20/2022 14:00,0.902
6/20/2022 15:00,0.977
6/20/2022 16:00,1.026
6/20/2022 17:00,1.077
6/20/2022 18:00,1.122
6/20/2022 19:00,1.329
6/20/2022 20:00,1.464
6/20/2022 21:00,1.454
6/20/2022 22:00,1.393
6/20/2022 23:00,1.411
6/21/2022 0:00,1.529
6/21/2022 1:00,1.549
6/21/2022 2:00,1.492
6/21/2022 3:00,1.293
6/21/2022 4:00,1.146
6/21/2022 5:00,1.13
6/21/2022 6:00,1.178
6/21/2022 7:00,1.207
6/21/2022 8:00,1.23
6/21/2022 9:00,1.28
6/21/2022 10:00,1.352
6/21/2022 11:00,1.45
6/21/2022 12:00,1.533
6/21/2022 13:00,1.589
6/21/2022 14:00,1.618
6/21/2022 15:00,1.604
6/21/2022 16:00,1.538
6/21/2022 17:00,1.392
6/21/2022 18:00,1.235
6/21/2022 19:00,1.21
6/21/2022 20:00,1.261
6/21/2022 21:00,1.314
6/21/2022 22:00,1.347
6/21/2022 23:00,1.344
6/22/2022 0:00,1.335
6/22/2022 1:00,1.315
6/22/2022 2:00,1.259
6/22/2022 3:00,1.158
6/22/2022 4:00,1.142
6/22/2022 5:00,1.153
6/22/2022 6:00,1.168
6/22/2022 7:00,1.177
6/22/2022 8:00,1.166
6/22/2022 9:00,1.132
6/22/2022 10:00,1.127
6/22/2022 11:00,1.154
6/22/2022 12:00,1.193
6/22/2022 13:00,1.232
6/22/2022 14:00,1.263
6/22/2022 15:00,1.279
6/22/2022 16:00,1.267
6/22/2022 17:00,1.203
6/22/2022 18:00,1.111
6/22/2022 19:00,1.111
6/22/2022 20:00,1.189
6/22/2022 21:00,1.23
6/22/2022 22:00,1.238
6/22/2022 23:00,1.247
6/23/2022 0:00,1.239
6/23/2022 1:00,1.235
6/23/2022 2:00,1.254
6/23/2022 3:00,1.221
6/23/2022 4:00,1.251
6/23/2022 5:00,1.281
6/23/2022 6:00,1.29
6/23/2022 7:00,1.28
6/23/2022 8:00,1.249
6/23/2022 9:00,1.182
6/23/2022 10:00,1.13
6/23/2022 11:00,1.082
6/23/2022 12:00,1.043
6/23/2022 13:00,1.02
6/23/2022 14:00,0.991
6/23/2022 15:00,0.956
6/23/2022 16:00,0.938
6/23/2022 17:00,0.943
6/23/2022 18:00,1.002
6/23/2022 19:00,1.134
6/23/2022 20:00,1.244
6/23/2022 21:00,1.277
6/23/2022 22:00,1.284
6/23/2022 23:00,1.276
6/24/2022 0:00,1.265
6/24/2022 1:00,1.276
6/24/2022 2:00,1.291
6/24/2022 3:00,1.255
6/24/2022 4:00,1.232
6/24/2022 5:00,1.183
6/24/2022 6:00,1.226
6/24/2022 7:00,1.294
6/24/2022 8:00,1.341
6/24/2022 9:00,1.352
6/24/2022 10:00,1.368
6/24/2022 11:00,1.384
6/24/2022 12:00,1.408
6/24/2022 13:00,1.443
6/24/2022 14:00,1.485
6/24/2022 15:00,1.489
6/24/2022 16:00,1.495
6/24/2022 17:00,1.501
6/24/2022 18:00,1.525
6/24/2022 19:00,1.628
6/24/2022 20:00,1.712
6/24/2022 21:00,1.714
6/24/2022 22:00,1.688
6/24/2022 23:00,1.657
6/25/2022 0:00,1.613
6/25/2022 1:00,1.531
6/25/2022 2:00,1.435
6/25/2022 3:00,1.302
6/25/2022 4:00,1.193
6/25/2022 5:00,1.166
6/25/2022 6:00,1.197
6/25/2022 7:00,1.189
6/25/2022 8:00,1.197
6/25/2022 9:00,1.219
6/25/2022 10:00,1.23
6/25/2022 11:00,1.215
6/25/2022 12:00,1.187
6/25/2022 13:00,1.151
6/25/2022 14:00,1.115
6/25/2022 15:00,1.059
6/25/2022 16:00,0.997
6/25/2022 17:00,0.918
6/25/2022 18:00,0.919
6/25/2022 19:00,1.037
6/25/2022 20:00,1.14
6/25/2022 21:00,1.175
6/25/2022 22:00,1.2
6/25/2022 23:00,1.187
6/26/2022 0:00,1.138
6/26/2022 1:00,1.101
6/26/2022 2:00,1.088
6/26/2022 3:00,1.053
6/26/2022 4:00,0.978
6/26/2022 5:00,0.97
6/26/2022 6:00,1.045
6/26/2022 7:00,1.05
6/26/2022 8:00,1.102
6/26/2022 9:00,1.151
6/26/2022 10:00,1.176
6/26/2022 11:00,1.172
6/26/2022 12:00,1.154
6/26/2022 13:00,1.113
6/26/2022 14:00,1.05
6/26/2022 15:00,0.992
6/26/2022 16:00,0.943
6/26/2022 17:00,0.867
6/26/2022 18:00,0.805
6/26/2022 19:00,0.859
6/26/2022 20:00,0.917
6/26/2022 21:00,0.921
6/26/2022 22:00,0.938
6/26/2022 23:00,0.953
6/27/2022 0:00,0.972
6/27/2022 1:00,0.98
6/27/2022 2:00,0.979
6/27/2022 3:00,0.965
6/27/2022 4:00,1.021
6/27/2022 5:00,1.128
6/27/2022 6:00,1.205
6/27/2022 7:00,1.273
6/27/2022 8:00,1.287
6/27/2022 9:00,1.27
6/27/2022 10:00,1.283
6/27/2022 11:00,1.311
6/27/2022 12:00,1.321
6/27/2022 13:00,1.324
6/27/2022 14:00,1.318
6/27/2022 15:00,1.286
6/27/2022 16:00,1.253
6/27/2022 17:00,1.21
6/27/2022 18:00,1.136
6/27/2022 19:00,1.109
6/27/2022 20:00,1.169
6/27/2022 21:00,1.226
6/27/2022 22:00,1.218
6/27/2022 23:00,1.394
6/28/2022 0:00,1.702
6/28/2022 1:00,1.786
6/28/2022 2:00,1.723
6/28/2022 3:00,1.576
6/28/2022 4:00,1.601
6/28/2022 5:00,1.629
6/28/2022 6:00,1.725
6/28/2022 7:00,1.838
6/28/2022 8:00,1.858
6/28/2022 9:00,1.798
6/28/2022 10:00,1.726
6/28/2022 11:00,1.696
6/28/2022 12:00,1.671
6/28/2022 13:00,1.623
6/28/2022 14:00,1.551
6/28/2022 15:00,1.433
6/28/2022 16:00,1.268
6/28/2022 17:00,1.073
6/28/2022 18:00,0.903
6/28/2022 19:00,0.905
6/28/2022 20:00,0.965
6/28/2022 21:00,0.982
6/28/2022 22:00,1.004
6/28/2022 23:00,1.027
6/29/2022 0:00,1.021
6/29/2022 1:00,1.014
6/29/2022 2:00,0.996
6/29/2022 3:00,0.928
6/29/2022 4:00,0.913
6/29/2022 5:00,0.878
6/29/2022 6:00,0.783
6/29/2022 7:00,0.662
6/29/2022 8:00,0.571
6/29/2022 9:00,0.505
6/29/2022 10:00,0.472
6/29/2022 11:00,0.47
6/29/2022 12:00,0.483
6/29/2022 13:00,0.491
6/29/2022 14:00,0.497
6/29/2022 15:00,0.512
6/29/2022 16:00,0.541
6/29/2022 17:00,0.564
6/29/2022 18:00,0.562
6/29/2022 19:00,0.663
6/29/2022 20:00,0.734
6/29/2022 21:00,0.75
6/29/2022 22:00,0.793
6/29/2022 23:00,0.87
6/30/2022 0:00,0.942
6/30/2022 1:00,0.988
6/30/2022 2:00,0.978
6/30/2022 3:00,0.86
6/30/2022 4:00,0.799
6/30/2022 5:00,0.716
6/30/2022 6:00,0.65
6/30/2022 7:00,0.659
6/30/2022 8:00,0.709
6/30/2022 9:00,0.8
6/30/2022 10:00,0.902
6/30/2022 11:00,0.989
6/30/2022 12:00,1.036
6/30/2022 13:00,1.025
6/30/2022 14:00,0.963
6/30/2022 15:00,0.901
6/30/2022 16:00,0.867
6/30/2022 17:00,0.845
6/30/2022 18:00,0.844
6/30/2022 19:00,0.961
6/30/2022 20:00,1.052
6/30/2022 21:00,1.058
6/30/2022 22:00,1.025
6/30/2022 23:00,1.009
7/1/2022 0:00,0.997
7/1/2022 1:00,0.996
7/1/2022 2:00,0.997
7/1/2022 3:00,0.975
7/1/2022 4:00,1.038
7/1/2022 5:00,1.058
7/1/2022 6:00,1.053
7/1/2022 7:00,1.064
7/1/2022 8:00,1.108
7/1/2022 9:00,1.104
7/1/2022 10:00,1.081
7/1/2022 11:00,1.067
7/1/2022 12:00,1.06
7/1/2022 13:00,1.051
7/1/2022 14:00,1.04
7/1/2022 15:00,1.064
7/1/2022 16:00,1.222
7/1/2022 17:00,1.475
7/1/2022 18:00,1.661
7/1/2022 19:00,1.823
7/1/2022 20:00,1.963
7/1/2022 21:00,2.029
7/1/2022 22:00,2.055
7/1/2022 23:00,1.972
7/2/2022 0:00,1.773
7/2/2022 1:00,1.565
7/2/2022 2:00,1.539
7/2/2022 3:00,1.666
7/2/2022 4:00,1.762
7/2/2022 5:00,1.882
7/2/2022 6:00,2.025
7/2/2022 7:00,2.123
7/2/2022 8:00,2.189
7/2/2022 9:00,2.186
7/2/2022 10:00,2.143
7/2/2022 11:00,2.062
7/2/2022 12:00,1.967
7/2/2022 13:00,1.888
7/2/2022 14:00,1.821
7/2/2022 15:00,1.75
7/2/2022 16:00,1.68
7/2/2022 17:00,1.578
7/2/2022 18:00,1.479
7/2/2022 19:00,1.529
7/2/2022 20:00,1.598
7/2/2022 21:00,1.605
7/2/2022 22:00,1.632
7/2/2022 23:00,1.639
7/3/2022 0:00,1.642
7/3/2022 1:00,1.661
7/3/2022 2:00,1.672
7/3/2022 3:00,1.625
7/3/2022 4:00,1.637
7/3/2022 5:00,1.685
7/3/2022 6:00,1.806
7/3/2022 7:00,1.897
7/3/2022 8:00,1.946
7/3/2022 9:00,1.951
7/3/2022 10:00,1.936
7/3/2022 11:00,1.872
7/3/2022 12:00,1.792
7/3/2022 13:00,1.696
7/3/2022 14:00,1.587
7/3/2022 15:00,1.477
7/3/2022 16:00,1.38
7/3/2022 17:00,1.311
7/3/2022 18:00,1.3
7/3/2022 19:00,1.43
7/3/2022 20:00,1.532
7/3/2022 21:00,1.516
7/3/2022 22:00,1.407
7/3/2022 23:00,1.314
7/4/2022 0:00,1.242
7/4/2022 1:00,1.257
7/4/2022 2:00,1.305
7/4/2022 3:00,1.308
7/4/2022 4:00,1.383
7/4/2022 5:00,1.504
7/4/2022 6:00,1.599
7/4/2022 7:00,1.677
7/4/2022 8:00,1.755
7/4/2022 9:00,1.832
7/4/2022 10:00,1.889
7/4/2022 11:00,1.924
7/4/2022 12:00,1.957
7/4/2022 13:00,1.982
7/4/2022 14:00,1.983
7/4/2022 15:00,1.898
7/4/2022 16:00,1.76
7/4/2022 17:00,1.617
7/4/2022 18:00,1.523
7/4/2022 19:00,1.553
7/4/2022 20:00,1.699
7/4/2022 21:00,1.789
7/4/2022 22:00,1.806
7/4/2022 23:00,1.802
7/5/2022 0:00,1.799
7/5/2022 1:00,1.8
7/5/2022 2:00,1.791
7/5/2022 3:00,1.833
7/5/2022 4:00,1.916
7/5/2022 5:00,2.023
7/5/2022 6:00,2.096
7/5/2022 7:00,2.15
7/5/2022 8:00,2.195
7/5/2022 9:00,2.253
7/5/2022 10:00,2.313
7/5/2022 11:00,2.363
7/5/2022 12:00,2.384
7/5/2022 13:00,2.365
7/5/2022 14:00,2.3
7/5/2022 15:00,2.222
7/5/2022 16:00,2.122
7/5/2022 17:00,1.991
7/5/2022 18:00,1.837
7/5/2022 19:00,1.74
7/5/2022 20:00,1.759
7/5/2022 21:00,1.786
7/5/2022 22:00,1.839
7/5/2022 23:00,1.85
7/6/2022 0:00,1.838
7/6/2022 1:00,1.812
7/6/2022 2:00,1.793
7/6/2022 3:00,1.788
7/6/2022 4:00,1.816
7/6/2022 5:00,1.863
7/6/2022 6:00,1.855
7/6/2022 7:00,1.864
7/6/2022 8:00,1.902
7/6/2022 9:00,1.96
7/6/2022 10:00,2.005
7/6/2022 11:00,2.029
7/6/2022 12:00,2.022
7/6/2022 13:00,1.996
7/6/2022 14:00,1.956
7/6/2022 15:00,1.905
7/6/2022 16:00,1.849
7/6/2022 17:00,1.736
7/6/2022 18:00,1.653
7/6/2022 19:00,1.709
7/6/2022 20:00,1.782
7/6/2022 21:00,1.772
7/6/2022 22:00,1.76
7/6/2022 23:00,1.768
7/7/2022 0:00,1.773
7/7/2022 1:00,1.711
7/7/2022 2:00,1.63
7/7/2022 3:00,1.548
7/7/2022 4:00,1.502
7/7/2022 5:00,1.488
7/7/2022 6:00,1.506
7/7/2022 7:00,1.509
7/7/2022 8:00,1.525
7/7/2022 9:00,1.551
7/7/2022 10:00,1.558
7/7/2022 11:00,1.566
7/7/2022 12:00,1.554
7/7/2022 13:00,1.542
7/7/2022 14:00,1.565
7/7/2022 15:00,1.536
7/7/2022 16:00,1.462
7/7/2022 17:00,1.351
7/7/2022 18:00,1.32
7/7/2022 19:00,1.477
7/7/2022 20:00,1.558
7/7/2022 21:00,1.569
7/7/2022 22:00,1.559
7/7/2022 23:00,1.574
7/8/2022 0:00,1.565
7/8/2022 1:00,1.581
7/8/2022 2:00,1.591
7/8/2022 3:00,1.592
7/8/2022 4:00,1.606
7/8/2022 5:00,1.584
7/8/2022 6:00,1.549
7/8/2022 7:00,1.534
7/8/2022 8:00,1.568
7/8/2022 9:00,1.611
7/8/2022 10:00,1.609
7/8/2022 11:00,1.61
7/8/2022 12:00,1.6
7/8/2022 13:00,1.595
7/8/2022 14:00,1.57
7/8/2022 15:00,1.549
7/8/2022 16:00,1.535
7/8/2022 17:00,1.523
7/8/2022 18:00,1.602
7/8/2022 19:00,1.755
7/8/2022 20:00,1.903
7/8/2022 21:00,1.979
7/8/2022 22:00,1.997
7/8/2022 23:00,2.015
7/9/2022 0:00,2.009
7/9/2022 1:00,2.017
7/9/2022 2:00,2.013
7/9/2022 3:00,1.982
7/9/2022 4:00,1.965
7/9/2022 5:00,2.04
7/9/2022 6:00,2.113
7/9/2022 7:00,2.176
7/9/2022 8:00,2.195
7/9/2022 9:00,2.197
7/9/2022 10:00,2.22
7/9/2022 11:00,2.245
7/9/2022 12:00,2.257
7/9/2022 13:00,2.262
7/9/2022 14:00,2.263
7/9/2022 15:00,2.216
7/9/2022 16:00,2.133
7/9/2022 17:00,2.048
7/9/2022 18:00,1.983
7/9/2022 19:00,1.976
7/9/2022 20:00,2.007
7/9/2022 21:00,1.953
7/9/2022 22:00,1.924
7/9/2022 23:00,1.911
7/10/2022 0:00,1.88
7/10/2022 1:00,1.795
7/10/2022 2:00,1.725
7/10/2022 3:00,1.653
7/10/2022 4:00,1.629
7/10/2022 5:00,1.659
7/10/2022 6:00,1.679
7/10/2022 7:00,1.71
7/10/2022 8:00,1.73
7/10/2022 9:00,1.743
7/10/2022 10:00,1.744
7/10/2022 11:00,1.739
7/10/2022 12:00,1.731
7/10/2022 13:00,1.723
7/10/2022 14:00,1.709
7/10/2022 15:00,1.686
7/10/2022 16:00,1.64
7/10/2022 17:00,1.534
7/10/2022 18:00,1.419
7/10/2022 19:00,1.497
7/10/2022 20:00,1.583
7/10/2022 21:00,1.577
7/10/2022 22:00,1.6
7/10/2022 23:00,1.603
7/11/2022 0:00,1.562
7/11/2022 1:00,1.536
7/11/2022 2:00,1.486
7/11/2022 3:00,1.381
7/11/2022 4:00,1.309
7/11/2022 5:00,1.278
7/11/2022 6:00,1.284
7/11/2022 7:00,1.258
7/11/2022 8:00,1.209
7/11/2022 9:00,1.17
7/11/2022 10:00,1.143
7/11/2022 11:00,1.141
7/11/2022 12:00,1.152
7/11/2022 13:00,1.153
7/11/2022 14:00,1.137
7/11/2022 15:00,1.078
7/11/2022 16:00,0.995
7/11/2022 17:00,0.895
7/11/2022 18:00,0.837
7/11/2022 19:00,1.107
7/11/2022 20:00,1.268
7/11/2022 21:00,1.375
7/11/2022 22:00,1.468
7/11/2022 23:00,1.53
7/12/2022 0:00,1.533
7/12/2022 1:00,1.497
7/12/2022 2:00,1.474
7/12/2022 3:00,1.28
7/12/2022 4:00,1.099
7/12/2022 5:00,1.079
7/12/2022 6:00,1.107
7/12/2022 7:00,1.132
7/12/2022 8:00,1.177
7/12/2022 9:00,1.236
7/12/2022 10:00,1.296
7/12/2022 11:00,1.346
7/12/2022 12:00,1.384
7/12/2022 13:00,1.394
7/12/2022 14:00,1.378
7/12/2022 15:00,1.325
7/12/2022 16:00,1.211
7/12/2022 17:00,1.073
7/12/2022 18:00,1.122
7/12/2022 19:00,1.229
7/12/2022 20:00,1.239
7/12/2022 21:00,1.387
7/12/2022 22:00,1.508
7/12/2022 23:00,1.497
7/13/2022 0:00,1.493
7/13/2022 1:00,1.57
7/13/2022 2:00,1.57
7/13/2022 3:00,1.471
7/13/2022 4:00,1.42
7/13/2022 5:00,1.349
7/13/2022 6:00,1.297
7/13/2022 7:00,1.338
7/13/2022 8:00,1.435
7/13/2022 9:00,1.543
7/13/2022 10:00,1.64
7/13/2022 11:00,1.74
7/13/2022 12:00,1.854
7/13/2022 13:00,1.983
7/13/2022 14:00,2.126
7/13/2022 15:00,2.235
7/13/2022 16:00,2.33
7/13/2022 17:00,2.405
7/13/2022 18:00,2.377
7/13/2022 19:00,2.311
7/13/2022 20:00,2.31
7/13/2022 21:00,2.323
7/13/2022 22:00,2.349
7/13/2022 23:00,2.34
7/14/2022 0:00,2.331
7/14/2022 1:00,2.329
7/14/2022 2:00,2.278
7/14/2022 3:00,2.234
7/14/2022 4:00,2.302
7/14/2022 5:00,2.376
7/14/2022 6:00,2.392
7/14/2022 7:00,2.419
7/14/2022 8:00,2.445
7/14/2022 9:00,2.459
7/14/2022 10:00,2.438
7/14/2022 11:00,2.403
7/14/2022 12:00,2.349
7/14/2022 13:00,2.292
7/14/2022 14:00,2.253
7/14/2022 15:00,2.209
7/14/2022 16:00,2.133
7/14/2022 17:00,2.053
7/14/2022 18:00,2.018
7/14/2022 19:00,2.016
7/14/2022 20:00,2.019
7/14/2022 21:00,2.027
7/14/2022 22:00,2.053
7/14/2022 23:00,2.087
7/15/2022 0:00,2.117
7/15/2022 1:00,2.106
7/15/2022 2:00,2.05
7/15/2022 3:00,2.002
7/15/2022 4:00,2.003
7/15/2022 5:00,2.026
7/15/2022 6:00,1.968
7/15/2022 7:00,1.942
7/15/2022 8:00,2.005
7/15/2022 9:00,2.108
7/15/2022 10:00,2.199
7/15/2022 11:00,2.276
7/15/2022 12:00,2.333
7/15/2022 13:00,2.376
7/15/2022 14:00,2.404
7/15/2022 15:00,2.424
7/15/2022 16:00,2.41
7/15/2022 17:00,2.333
7/15/2022 18:00,2.201
7/15/2022 19:00,2.063
7/15/2022 20:00,2.011
7/15/2022 21:00,1.979
7/15/2022 22:00,1.926
7/15/2022 23:00,1.894
7/16/2022 0:00,1.875
7/16/2022 1:00,1.786
7/16/2022 2:00,1.675
7/16/2022 3:00,1.627
7/16/2022 4:00,1.712
7/16/2022 5:00,1.843
7/16/2022 6:00,1.988
7/16/2022 7:00,2.081
7/16/2022 8:00,2.114
7/16/2022 9:00,2.118
7/16/2022 10:00,2.118
7/16/2022 11:00,2.145
7/16/2022 12:00,2.168
7/16/2022 13:00,2.176
7/16/2022 14:00,2.172
7/16/2022 15:00,2.133
7/16/2022 16:00,2.051
7/16/2022 17:00,1.898
7/16/2022 18:00,1.723
7/16/2022 19:00,1.7
7/16/2022 20:00,1.775
7/16/2022 21:00,1.807
7/16/2022 22:00,1.805
7/16/2022 23:00,1.737
7/17/2022 0:00,1.681
7/17/2022 1:00,1.666
7/17/2022 2:00,1.639
7/17/2022 3:00,1.612
7/17/2022 4:00,1.707
7/17/2022 5:00,1.777
7/17/2022 6:00,1.804
7/17/2022 7:00,1.804
7/17/2022 8:00,1.785
7/17/2022 9:00,1.81
7/17/2022 10:00,1.893
7/17/2022 11:00,1.978
7/17/2022 12:00,2.004
7/17/2022 13:00,1.965
7/17/2022 14:00,1.902
7/17/2022 15:00,1.844
7/17/2022 16:00,1.779
7/17/2022 17:00,1.654
7/17/2022 18:00,1.509
7/17/2022 19:00,1.413
7/17/2022 20:00,1.418
7/17/2022 21:00,1.485
7/17/2022 22:00,1.588
7/17/2022 23:00,1.64
7/18/2022 0:00,1.676
7/18/2022 1:00,1.682
7/18/2022 2:00,1.66
7/18/2022 3:00,1.569
7/18/2022 4:00,1.43
7/18/2022 5:00,1.383
7/18/2022 6:00,1.407
7/18/2022 7:00,1.41
7/18/2022 8:00,1.421
7/18/2022 9:00,1.438
7/18/2022 10:00,1.486
7/18/2022 11:00,1.564
7/18/2022 12:00,1.606
7/18/2022 13:00,1.588
7/18/2022 14:00,1.525
7/18/2022 15:00,1.408
7/18/2022 16:00,1.232
7/18/2022 17:00,1.113
7/18/2022 18:00,1.13
7/18/2022 19:00,1.239
7/18/2022 20:00,1.336
7/18/2022 21:00,1.35
7/18/2022 22:00,1.349
7/18/2022 23:00,1.355
7/19/2022 0:00,1.38
7/19/2022 1:00,1.381
7/19/2022 2:00,1.38
7/19/2022 3:00,1.244
7/19/2022 4:00,1.116
7/19/2022 5:00,0.959
7/19/2022 6:00,0.886
7/19/2022 7:00,0.883
7/19/2022 8:00,0.905
7/19/2022 9:00,0.925
7/19/2022 10:00,0.944
7/19/2022 11:00,0.955
7/19/2022 12:00,0.947
7/19/2022 13:00,0.923
7/19/2022 14:00,0.89
7/19/2022 15:00,0.835
7/19/2022 16:00,0.744
7/19/2022 17:00,0.651
7/19/2022 18:00,0.673
7/19/2022 19:00,0.891
7/19/2022 20:00,0.991
7/19/2022 21:00,1.028
7/19/2022 22:00,1.072
7/19/2022 23:00,1.111
7/20/2022 0:00,1.163
7/20/2022 1:00,1.201
7/20/2022 2:00,1.23
7/20/2022 3:00,1.136
7/20/2022 4:00,1.089
7/20/2022 5:00,1.091
7/20/2022 6:00,1.055
7/20/2022 7:00,1.078
7/20/2022 8:00,1.111
7/20/2022 9:00,1.143
7/20/2022 10:00,1.209
7/20/2022 11:00,1.275
7/20/2022 12:00,1.323
7/20/2022 13:00,1.345
7/20/2022 14:00,1.335
7/20/2022 15:00,1.305
7/20/2022 16:00,1.258
7/20/2022 17:00,1.311
7/20/2022 18:00,1.436
7/20/2022 19:00,1.542
7/20/2022 20:00,1.613
7/20/2022 21:00,1.554
7/20/2022 22:00,1.483
7/20/2022 23:00,1.379
7/21/2022 0:00,1.286
7/21/2022 1:00,1.227
7/21/2022 2:00,1.207
7/21/2022 3:00,1.158
7/21/2022 4:00,1.091
7/21/2022 5:00,1.023
7/21/2022 6:00,1.001
7/21/2022 7:00,0.94
7/21/2022 8:00,0.923
7/21/2022 9:00,0.95
7/21/2022 10:00,0.967
7/21/2022 11:00,0.97
7/21/2022 12:00,0.99
7/21/2022 13:00,1.049
7/21/2022 14:00,1.107
7/21/2022 15:00,1.139
7/21/2022 16:00,1.117
7/21/2022 17:00,1.068
7/21/2022 18:00,1.079
7/21/2022 19:00,1.145
7/21/2022 20:00,1.198
7/21/2022 21:00,1.206
7/21/2022 22:00,1.2
7/21/2022 23:00,1.201
7/22/2022 0:00,1.185
7/22/2022 1:00,1.164
7/22/2022 2:00,1.13
7/22/2022 3:00,1.139
7/22/2022 4:00,1.215
7/22/2022 5:00,1.288
7/22/2022 6:00,1.304
7/22/2022 7:00,1.294
7/22/2022 8:00,1.262
7/22/2022 9:00,1.275
7/22/2022 10:00,1.318
7/22/2022 11:00,1.333
7/22/2022 12:00,1.35
7/22/2022 13:00,1.38
7/22/2022 14:00,1.392
7/22/2022 15:00,1.357
7/22/2022 16:00,1.292
7/22/2022 17:00,1.224
7/22/2022 18:00,1.145
7/22/2022 19:00,1.181
7/22/2022 20:00,1.25
7/22/2022 21:00,1.209
7/22/2022 22:00,1.232
7/22/2022 23:00,1.268
7/23/2022 0:00,1.274
7/23/2022 1:00,1.281
7/23/2022 2:00,1.353
7/23/2022 3:00,1.422
7/23/2022 4:00,1.427
7/23/2022 5:00,1.418
7/23/2022 6:00,1.408
7/23/2022 7:00,1.442
7/23/2022 8:00,1.465
7/23/2022 9:00,1.397
7/23/2022 10:00,1.31
7/23/2022 11:00,1.251
7/23/2022 12:00,1.226
7/23/2022 13:00,1.229
7/23/2022 14:00,1.234
7/23/2022 15:00,1.24
7/23/2022 16:00,1.251
7/23/2022 17:00,1.275
7/23/2022 18:00,1.354
7/23/2022 19:00,1.489
7/23/2022 20:00,1.537
7/23/2022 21:00,1.547
7/23/2022 22:00,1.629
7/23/2022 23:00,1.631
7/24/2022 0:00,1.631
7/24/2022 1:00,1.622
7/24/2022 2:00,1.625
7/24/2022 3:00,1.547
7/24/2022 4:00,1.422
7/24/2022 5:00,1.435
7/24/2022 6:00,1.372
7/24/2022 7:00,1.294
7/24/2022 8:00,1.221
7/24/2022 9:00,1.155
7/24/2022 10:00,1.117
7/24/2022 11:00,1.116
7/24/2022 12:00,1.155
7/24/2022 13:00,1.213
7/24/2022 14:00,1.273
7/24/2022 15:00,1.335
7/24/2022 16:00,1.385
7/24/2022 17:00,1.416
7/24/2022 18:00,1.459
7/24/2022 19:00,1.513
7/24/2022 20:00,1.568
7/24/2022 21:00,1.523
7/24/2022 22:00,1.468
7/24/2022 23:00,1.417
7/25/2022 0:00,1.409
7/25/2022 1:00,1.472
7/25/2022 2:00,1.532
7/25/2022 3:00,1.563
7/25/2022 4:00,1.614
7/25/2022 5:00,1.654
7/25/2022 6:00,1.647
7/25/2022 7:00,1.647
7/25/2022 8:00,1.665
7/25/2022 9:00,1.732
7/25/2022 10:00,1.752
7/25/2022 11:00,1.783
7/25/2022 12:00,1.794
7/25/2022 13:00,1.753
7/25/2022 14:00,1.635
7/25/2022 15:00,1.526
7/25/2022 16:00,1.508
7/25/2022 17:00,1.493
7/25/2022 18:00,1.336
7/25/2022 19:00,1.357
7/25/2022 20:00,1.51
7/25/2022 21:00,1.728
7/25/2022 22:00,1.836
7/25/2022 23:00,1.792
7/26/2022 0:00,1.725
7/26/2022 1:00,1.729
7/26/2022 2:00,1.762
7/26/2022 3:00,1.762
7/26/2022 4:00,1.832
7/26/2022 5:00,1.959
7/26/2022 6:00,2.113
7/26/2022 7:00,2.255
7/26/2022 8:00,2.384
7/26/2022 9:00,2.46
7/26/2022 10:00,2.517
7/26/2022 11:00,2.563
7/26/2022 12:00,2.599
7/26/2022 13:00,2.625
7/26/2022 14:00,2.631
7/26/2022 15:00,2.606
7/26/2022 16:00,2.543
7/26/2022 17:00,2.454
7/26/2022 18:00,2.393
7/26/2022 19:00,2.343
7/26/2022 20:00,2.3
7/26/2022 21:00,2.304
7/26/2022 22:00,2.315
7/26/2022 23:00,2.304
7/27/2022 0:00,2.25
7/27/2022 1:00,2.192
7/27/2022 2:00,2.144
7/27/2022 3:00,2.069
7/27/2022 4:00,2.035
7/27/2022 5:00,2.02
7/27/2022 6:00,1.967
7/27/2022 7:00,1.907
7/27/2022 8:00,1.853
7/27/2022 9:00,1.823
7/27/2022 10:00,1.799
7/27/2022 11:00,1.779
7/27/2022 12:00,1.761
7/27/2022 13:00,1.742
7/27/2022 14:00,1.715
7/27/2022 15:00,1.689
7/27/2022 16:00,1.653
7/27/2022 17:00,1.581
7/27/2022 18:00,1.51
7/27/2022 19:00,1.552
7/27/2022 20:00,1.605
7/27/2022 21:00,1.614
7/27/2022 22:00,1.595
7/27/2022 23:00,1.565
7/28/2022 0:00,1.538
7/28/2022 1:00,1.498
7/28/2022 2:00,1.473
7/28/2022 3:00,1.396
7/28/2022 4:00,1.41
7/28/2022 5:00,1.364
7/28/2022 6:00,1.25
7/28/2022 7:00,1.154
7/28/2022 8:00,1.07
7/28/2022 9:00,0.983
7/28/2022 10:00,0.903
7/28/2022 11:00,0.827
7/28/2022 12:00,0.762
7/28/2022 13:00,0.702
7/28/2022 14:00,0.66
7/28/2022 15:00,0.626
7/28/2022 16:00,0.622
7/28/2022 17:00,0.632
7/28/2022 18:00,0.786
7/28/2022 19:00,1.004
7/28/2022 20:00,1.031
7/28/2022 21:00,1.008
7/28/2022 22:00,0.978
7/28/2022 23:00,0.975
7/29/2022 0:00,0.97
7/29/2022 1:00,0.964
7/29/2022 2:00,0.919
7/29/2022 3:00,0.881
7/29/2022 4:00,0.789
7/29/2022 5:00,0.796
7/29/2022 6:00,0.843
7/29/2022 7:00,0.885
7/29/2022 8:00,0.894
7/29/2022 9:00,0.869
7/29/2022 10:00,0.839
7/29/2022 11:00,0.834
7/29/2022 12:00,0.85
7/29/2022 13:00,0.865
7/29/2022 14:00,0.875
7/29/2022 15:00,0.875
7/29/2022 16:00,0.862
7/29/2022 17:00,0.886
7/29/2022 18:00,1.05
7/29/2022 19:00,1.231
7/29/2022 20:00,1.324
7/29/2022 21:00,1.388
7/29/2022 22:00,1.436
7/29/2022 23:00,1.486
7/30/2022 0:00,1.526
7/30/2022 1:00,1.58
7/30/2022 2:00,1.59
7/30/2022 3:00,1.445
7/30/2022 4:00,1.265
7/30/2022 5:00,1.155
7/30/2022 6:00,1.168
7/30/2022 7:00,1.184
7/30/2022 8:00,1.195
7/30/2022 9:00,1.17
7/30/2022 10:00,1.118
7/30/2022 11:00,1.062
7/30/2022 12:00,1.017
7/30/2022 13:00,0.992
7/30/2022 14:00,0.971
7/30/2022 15:00,0.975
7/30/2022 16:00,0.996
7/30/2022 17:00,1.018
7/30/2022 18:00,1.104
7/30/2022 19:00,1.284
7/30/2022 20:00,1.382
7/30/2022 21:00,1.447
7/30/2022 22:00,1.452
7/30/2022 23:00,1.433
7/31/2022 0:00,1.413
7/31/2022 1:00,1.401
7/31/2022 2:00,1.392
7/31/2022 3:00,1.305
7/31/2022 4:00,1.165
7/31/2022 5:00,1.13
7/31/2022 6:00,1.135
7/31/2022 7:00,1.153
7/31/2022 8:00,1.181
7/31/2022 9:00,1.196
7/31/2022 10:00,1.199
7/31/2022 11:00,1.2
7/31/2022 12:00,1.199
7/31/2022 13:00,1.183
7/31/2022 14:00,1.161
7/31/2022 15:00,1.154
7/31/2022 16:00,1.135
7/31/2022 17:00,1.092
7/31/2022 18:00,1.16
7/31/2022 19:00,1.273
7/31/2022 20:00,1.272
7/31/2022 21:00,1.226
7/31/2022 22:00,1.187
7/31/2022 23:00,1.179
8/1/2022 0:00,1.184
8/1/2022 1:00,1.172
8/1/2022 2:00,1.141
8/1/2022 3:00,1.076
8/1/2022 4:00,0.99
8/1/2022 5:00,0.963
8/1/2022 6:00,0.983
8/1/2022 7:00,1.049
8/1/2022 8:00,1.125
8/1/2022 9:00,1.186
8/1/2022 10:00,1.262
8/1/2022 11:00,1.346
8/1/2022 12:00,1.421
8/1/2022 13:00,1.471
8/1/2022 14:00,1.494
8/1/2022 15:00,1.482
8/1/2022 16:00,1.461
8/1/2022 17:00,1.407
8/1/2022 18:00,1.363
8/1/2022 19:00,1.451
8/1/2022 20:00,1.507
8/1/2022 21:00,1.521
8/1/2022 22:00,1.519
8/1/2022 23:00,1.531
8/2/2022 0:00,1.534
8/2/2022 1:00,1.496
8/2/2022 2:00,1.455
8/2/2022 3:00,1.368
8/2/2022 4:00,1.266
8/2/2022 5:00,1.239
8/2/2022 6:00,1.194
8/2/2022 7:00,1.188
8/2/2022 8:00,1.221
8/2/2022 9:00,1.212
8/2/2022 10:00,1.207
8/2/2022 11:00,1.216
8/2/2022 12:00,1.236
8/2/2022 13:00,1.272
8/2/2022 14:00,1.312
8/2/2022 15:00,1.386
8/2/2022 16:00,1.449
8/2/2022 17:00,1.504
8/2/2022 18:00,1.615
8/2/2022 19:00,1.725
8/2/2022 20:00,1.774
8/2/2022 21:00,1.726
8/2/2022 22:00,1.695
8/2/2022 23:00,1.68
8/3/2022 0:00,1.664
8/3/2022 1:00,1.649
8/3/2022 2:00,1.642
8/3/2022 3:00,1.644
8/3/2022 4:00,1.7
8/3/2022 5:00,1.744
8/3/2022 6:00,1.768
8/3/2022 7:00,1.796
8/3/2022 8:00,1.835
8/3/2022 9:00,1.928
8/3/2022 10:00,1.979
8/3/2022 11:00,1.989
8/3/2022 12:00,1.967
8/3/2022 13:00,1.922
8/3/2022 14:00,1.875
8/3/2022 15:00,1.794
8/3/2022 16:00,1.666
8/3/2022 17:00,1.48
8/3/2022 18:00,1.354
8/3/2022 19:00,1.326
8/3/2022 20:00,1.27
8/3/2022 21:00,1.224
8/3/2022 22:00,1.181
8/3/2022 23:00,1.147
8/4/2022 0:00,1.127
8/4/2022 1:00,1.089
8/4/2022 2:00,1.082
8/4/2022 3:00,1.049
8/4/2022 4:00,1.001
8/4/2022 5:00,1.108
8/4/2022 6:00,1.135
8/4/2022 7:00,1.166
8/4/2022 8:00,1.19
8/4/2022 9:00,1.201
8/4/2022 10:00,1.195
8/4/2022 11:00,1.188
8/4/2022 12:00,1.185
8/4/2022 13:00,1.161
8/4/2022 14:00,1.128
8/4/2022 15:00,1.066
8/4/2022 16:00,1.034
8/4/2022 17:00,1.065
8/4/2022 18:00,1.102
8/4/2022 19:00,1.2
8/4/2022 20:00,1.207
8/4/2022 21:00,1.144
8/4/2022 22:00,1.13
8/4/2022 23:00,1.154
8/5/2022 0:00,1.198
8/5/2022 1:00,1.218
8/5/2022 2:00,1.234
8/5/2022 3:00,1.265
8/5/2022 4:00,1.209
8/5/2022 5:00,1.196
8/5/2022 6:00,1.255
8/5/2022 7:00,1.173
8/5/2022 8:00,1.212
8/5/2022 9:00,1.353
8/5/2022 10:00,1.381
8/5/2022 11:00,1.368
8/5/2022 12:00,1.341
8/5/2022 13:00,1.318
8/5/2022 14:00,1.341
8/5/2022 15:00,1.441
8/5/2022 16:00,1.532
8/5/2022 17:00,1.582
8/5/2022 18:00,1.631
8/5/2022 19:00,1.813
8/5/2022 20:00,1.898
8/5/2022 21:00,1.877
8/5/2022 22:00,1.89
8/5/2022 23:00,1.96
8/6/2022 0:00,2.047
8/6/2022 1:00,2.157
8/6/2022 2:00,2.219
8/6/2022 3:00,2.228
8/6/2022 4:00,2.311
8/6/2022 5:00,2.475
8/6/2022 6:00,2.556
8/6/2022 7:00,2.595
8/6/2022 8:00,2.629
8/6/2022 9:00,2.657
8/6/2022 10:00,2.697
8/6/2022 11:00,2.716
8/6/2022 12:00,2.7
8/6/2022 13:00,2.658
8/6/2022 14:00,2.57
8/6/2022 15:00,2.415
8/6/2022 16:00,2.22
8/6/2022 17:00,1.979
8/6/2022 18:00,1.825
8/6/2022 19:00,1.852
8/6/2022 20:00,1.89
8/6/2022 21:00,1.868
8/6/2022 22:00,1.836
8/6/2022 23:00,1.8
8/7/2022 0:00,1.749
8/7/2022 1:00,1.683
8/7/2022 2:00,1.629
8/7/2022 3:00,1.539
8/7/2022 4:00,1.407
8/7/2022 5:00,1.377
8/7/2022 6:00,1.404
8/7/2022 7:00,1.487
8/7/2022 8:00,1.564
8/7/2022 9:00,1.618
8/7/2022 10:00,1.64
8/7/2022 11:00,1.625
8/7/2022 12:00,1.601
8/7/2022 13:00,1.563
8/7/2022 14:00,1.513
8/7/2022 15:00,1.442
8/7/2022 16:00,1.333
8/7/2022 17:00,1.186
8/7/2022 18:00,1.118
8/7/2022 19:00,1.215
8/7/2022 20:00,1.269
8/7/2022 21:00,1.292
8/7/2022 22:00,1.316
8/7/2022 23:00,1.324
8/8/2022 0:00,1.328
8/8/2022 1:00,1.33
8/8/2022 2:00,1.319
8/8/2022 3:00,1.254
8/8/2022 4:00,1.108
8/8/2022 5:00,1.084
8/8/2022 6:00,1.027
8/8/2022 7:00,0.969
8/8/2022 8:00,0.893
8/8/2022 9:00,0.822
8/8/2022 10:00,0.77
8/8/2022 11:00,0.736
8/8/2022 12:00,0.726
8/8/2022 13:00,0.725
8/8/2022 14:00,0.716
8/8/2022 15:00,0.692
8/8/2022 16:00,0.654
8/8/2022 17:00,0.59
8/8/2022 18:00,0.726
8/8/2022 19:00,0.849
8/8/2022 20:00,0.874
8/8/2022 21:00,0.898
8/8/2022 22:00,0.928
8/8/2022 23:00,0.972
8/9/2022 0:00,1.028
8/9/2022 1:00,1.081
8/9/2022 2:00,1.096
8/9/2022 3:00,1.027
8/9/2022 4:00,0.823
8/9/2022 5:00,0.74
8/9/2022 6:00,0.606
8/9/2022 7:00,0.546
8/9/2022 8:00,0.549
8/9/2022 9:00,0.593
8/9/2022 10:00,0.657
8/9/2022 11:00,0.726
8/9/2022 12:00,0.778
8/9/2022 13:00,0.808
8/9/2022 14:00,0.83
8/9/2022 15:00,0.841
8/9/2022 16:00,0.836
8/9/2022 17:00,0.81
8/9/2022 18:00,0.914
8/9/2022 19:00,1.027
8/9/2022 20:00,1.07
8/9/2022 21:00,1.088
8/9/2022 22:00,1.09
8/9/2022 23:00,1.1
8/10/2022 0:00,1.123
8/10/2022 1:00,1.117
8/10/2022 2:00,1.115
8/10/2022 3:00,1.118
8/10/2022 4:00,1.034
8/10/2022 5:00,1.053
8/10/2022 6:00,1.027
8/10/2022 7:00,0.991
8/10/2022 8:00,1.004
8/10/2022 9:00,1.039
8/10/2022 10:00,1.08
8/10/2022 11:00,1.109
8/10/2022 12:00,1.12
8/10/2022 13:00,1.112
8/10/2022 14:00,1.095
8/10/2022 15:00,1.088
8/10/2022 16:00,1.074
8/10/2022 17:00,1.053
8/10/2022 18:00,1.1
8/10/2022 19:00,1.195
8/10/2022 20:00,1.232
8/10/2022 21:00,1.267
8/10/2022 22:00,1.273
8/10/2022 23:00,1.298
8/11/2022 0:00,1.326
8/11/2022 1:00,1.344
8/11/2022 2:00,1.348
8/11/2022 3:00,1.317
8/11/2022 4:00,1.216
8/11/2022 5:00,1.172
8/11/2022 6:00,1.056
8/11/2022 7:00,1.048
8/11/2022 8:00,1.064
8/11/2022 9:00,1.057
8/11/2022 10:00,1.024
8/11/2022 11:00,0.989
8/11/2022 12:00,0.964
8/11/2022 13:00,0.942
8/11/2022 14:00,0.919
8/11/2022 15:00,0.892
8/11/2022 16:00,0.843
8/11/2022 17:00,0.81
8/11/2022 18:00,0.901
8/11/2022 19:00,1.009
8/11/2022 20:00,1.023
8/11/2022 21:00,1.024
8/11/2022 22:00,1.044
8/11/2022 23:00,1.069
8/12/2022 0:00,1.091
8/12/2022 1:00,1.102
8/12/2022 2:00,1.124
8/12/2022 3:00,1.119
8/12/2022 4:00,0.962
8/12/2022 5:00,0.888
8/12/2022 6:00,0.812
8/12/2022 7:00,0.779
8/12/2022 8:00,0.802
8/12/2022 9:00,0.805
8/12/2022 10:00,0.761
8/12/2022 11:00,0.736
8/12/2022 12:00,0.718
8/12/2022 13:00,0.691
8/12/2022 14:00,0.654
8/12/2022 15:00,0.636
8/12/2022 16:00,0.665
8/12/2022 17:00,0.739
8/12/2022 18:00,0.943
8/12/2022 19:00,1.061
8/12/2022 20:00,1.137
8/12/2022 21:00,1.19
8/12/2022 22:00,1.232
8/12/2022 23:00,1.237
8/13/2022 0:00,1.23
8/13/2022 1:00,1.226
8/13/2022 2:00,1.232
8/13/2022 3:00,1.211
8/13/2022 4:00,1.025
8/13/2022 5:00,0.982
8/13/2022 6:00,0.851
8/13/2022 7:00,0.804
8/13/2022 8:00,0.785
8/13/2022 9:00,0.763
8/13/2022 10:00,0.735
8/13/2022 11:00,0.718
8/13/2022 12:00,0.692
8/13/2022 13:00,0.66
8/13/2022 14:00,0.639
8/13/2022 15:00,0.637
8/13/2022 16:00,0.66
8/13/2022 17:00,0.745
8/13/2022 18:00,0.959
8/13/2022 19:00,1.042
8/13/2022 20:00,0.998
8/13/2022 21:00,0.958
8/13/2022 22:00,0.978
8/13/2022 23:00,1.049
8/14/2022 0:00,1.124
8/14/2022 1:00,1.175
8/14/2022 2:00,1.213
8/14/2022 3:00,1.208
8/14/2022 4:00,1.041
8/14/2022 5:00,0.927
8/14/2022 6:00,0.821
8/14/2022 7:00,0.833
8/14/2022 8:00,0.898
8/14/2022 9:00,0.95
8/14/2022 10:00,0.962
8/14/2022 11:00,0.957
8/14/2022 12:00,0.95
8/14/2022 13:00,0.953
8/14/2022 14:00,0.973
8/14/2022 15:00,0.992
8/14/2022 16:00,0.995
8/14/2022 17:00,0.988
8/14/2022 18:00,1.157
8/14/2022 19:00,1.349
8/14/2022 20:00,1.416
8/14/2022 21:00,1.454
8/14/2022 22:00,1.491
8/14/2022 23:00,1.523
8/15/2022 0:00,1.543
8/15/2022 1:00,1.54
8/15/2022 2:00,1.538
8/15/2022 3:00,1.517
8/15/2022 4:00,1.453
8/15/2022 5:00,1.338
8/15/2022 6:00,1.323
8/15/2022 7:00,1.331
8/15/2022 8:00,1.35
8/15/2022 9:00,1.379
8/15/2022 10:00,1.403
8/15/2022 11:00,1.421
8/15/2022 12:00,1.431
8/15/2022 13:00,1.43
8/15/2022 14:00,1.411
8/15/2022 15:00,1.385
8/15/2022 16:00,1.328
8/15/2022 17:00,1.268
8/15/2022 18:00,1.341
8/15/2022 19:00,1.452
8/15/2022 20:00,1.479
8/15/2022 21:00,1.467
8/15/2022 22:00,1.444
8/15/2022 23:00,1.417
8/16/2022 0:00,1.395
8/16/2022 1:00,1.378
8/16/2022 2:00,1.374
8/16/2022 3:00,1.37
8/16/2022 4:00,1.343
8/16/2022 5:00,1.299
8/16/2022 6:00,1.254
8/16/2022 7:00,1.277
8/16/2022 8:00,1.336
8/16/2022 9:00,1.394
8/16/2022 10:00,1.419
8/16/2022 11:00,1.41
8/16/2022 12:00,1.387
8/16/2022 13:00,1.345
8/16/2022 14:00,1.293
8/16/2022 15:00,1.245
8/16/2022 16:00,1.133
8/16/2022 17:00,0.996
8/16/2022 18:00,0.994
8/16/2022 19:00,1.026
8/16/2022 20:00,1.026
8/16/2022 21:00,1.021
8/16/2022 22:00,1.021
8/16/2022 23:00,1.033
8/17/2022 0:00,1.046
8/17/2022 1:00,1.051
8/17/2022 2:00,1.055
8/17/2022 3:00,1.041
8/17/2022 4:00,0.914
8/17/2022 5:00,0.792
8/17/2022 6:00,0.706
8/17/2022 7:00,0.726
8/17/2022 8:00,0.82
8/17/2022 9:00,0.911
8/17/2022 10:00,0.986
8/17/2022 11:00,1.045
8/17/2022 12:00,1.076
8/17/2022 13:00,1.075
8/17/2022 14:00,1.043
8/17/2022 15:00,1.005
8/17/2022 16:00,0.926
8/17/2022 17:00,0.861
8/17/2022 18:00,0.907
8/17/2022 19:00,0.943
8/17/2022 20:00,0.952
8/17/2022 21:00,0.945
8/17/2022 22:00,0.933
8/17/2022 23:00,0.957
8/18/2022 0:00,0.943
8/18/2022 1:00,0.94
8/18/2022 2:00,1.012
8/18/2022 3:00,1.023
8/18/2022 4:00,1.009
8/18/2022 5:00,1.012
8/18/2022 6:00,0.97
8/18/2022 7:00,0.939
8/18/2022 8:00,0.933
8/18/2022 9:00,0.921
8/18/2022 10:00,0.926
8/18/2022 11:00,0.961
8/18/2022 12:00,1.007
8/18/2022 13:00,1.047
8/18/2022 14:00,1.092
8/18/2022 15:00,1.125
8/18/2022 16:00,1.12
8/18/2022 17:00,1.151
8/18/2022 18:00,1.242
8/18/2022 19:00,1.248
8/18/2022 20:00,1.178
8/18/2022 21:00,1.108
8/18/2022 22:00,1.096
8/18/2022 23:00,1.099
8/19/2022 0:00,1.077
8/19/2022 1:00,0.979
8/19/2022 2:00,0.853
8/19/2022 3:00,0.782
8/19/2022 4:00,0.656
8/19/2022 5:00,0.545
8/19/2022 6:00,0.573
8/19/2022 7:00,0.595
8/19/2022 8:00,0.626
8/19/2022 9:00,0.679
8/19/2022 10:00,0.72
8/19/2022 11:00,0.767
8/19/2022 12:00,0.805
8/19/2022 13:00,0.817
8/19/2022 14:00,0.815
8/19/2022 15:00,0.803
8/19/2022 16:00,0.808
8/19/2022 17:00,0.849
8/19/2022 18:00,0.992
8/19/2022 19:00,1.12
8/19/2022 20:00,1.179
8/19/2022 21:00,1.22
8/19/2022 22:00,1.268
8/19/2022 23:00,1.322
8/20/2022 0:00,1.379
8/20/2022 1:00,1.391
8/20/2022 2:00,1.433
8/20/2022 3:00,1.458
8/20/2022 4:00,1.497
8/20/2022 5:00,1.547
8/20/2022 6:00,1.59
8/20/2022 7:00,1.658
8/20/2022 8:00,1.705
8/20/2022 9:00,1.681
8/20/2022 10:00,1.644
8/20/2022 11:00,1.629
8/20/2022 12:00,1.621
8/20/2022 13:00,1.6
8/20/2022 14:00,1.582
8/20/2022 15:00,1.54
8/20/2022 16:00,1.487
8/20/2022 17:00,1.394
8/20/2022 18:00,1.328
8/20/2022 19:00,1.291
8/20/2022 20:00,1.226
8/20/2022 21:00,1.202
8/20/2022 22:00,1.178
8/20/2022 23:00,1.18
8/21/2022 0:00,1.192
8/21/2022 1:00,1.191
8/21/2022 2:00,1.183
8/21/2022 3:00,1.159
8/21/2022 4:00,1.079
8/21/2022 5:00,1.024
8/21/2022 6:00,1.071
8/21/2022 7:00,1.105
8/21/2022 8:00,1.166
8/21/2022 9:00,1.228
8/21/2022 10:00,1.292
8/21/2022 11:00,1.354
8/21/2022 12:00,1.381
8/21/2022 13:00,1.374
8/21/2022 14:00,1.381
8/21/2022 15:00,1.394
8/21/2022 16:00,1.366
8/21/2022 17:00,1.309
8/21/2022 18:00,1.387
8/21/2022 19:00,1.473
8/21/2022 20:00,1.505
8/21/2022 21:00,1.494
8/21/2022 22:00,1.493
8/21/2022 23:00,1.505
8/22/2022 0:00,1.49
8/22/2022 1:00,1.47
8/22/2022 2:00,1.449
8/22/2022 3:00,1.418
8/22/2022 4:00,1.329
8/22/2022 5:00,1.309
8/22/2022 6:00,1.232
8/22/2022 7:00,1.106
8/22/2022 8:00,0.976
8/22/2022 9:00,0.85
8/22/2022 10:00,0.767
8/22/2022 11:00,0.707
8/22/2022 12:00,0.665
8/22/2022 13:00,0.647
8/22/2022 14:00,0.607
8/22/2022 15:00,0.556
8/22/2022 16:00,0.533
8/22/2022 17:00,0.718
8/22/2022 18:00,0.924
8/22/2022 19:00,0.965
8/22/2022 20:00,0.982
8/22/2022 21:00,0.991
8/22/2022 22:00,1.001
8/22/2022 23:00,1
8/23/2022 0:00,0.99
8/23/2022 1:00,1.009
8/23/2022 2:00,1.106
8/23/2022 3:00,1.187
8/23/2022 4:00,1.164
8/23/2022 5:00,1.037
8/23/2022 6:00,1.015
8/23/2022 7:00,0.997
8/23/2022 8:00,1
8/23/2022 9:00,0.951
8/23/2022 10:00,0.883
8/23/2022 11:00,0.825
8/23/2022 12:00,0.794
8/23/2022 13:00,0.782
8/23/2022 14:00,0.799
8/23/2022 15:00,0.822
8/23/2022 16:00,0.847
8/23/2022 17:00,0.918
8/23/2022 18:00,1.122
8/23/2022 19:00,1.231
8/23/2022 20:00,1.274
8/23/2022 21:00,1.305
8/23/2022 22:00,1.393
8/23/2022 23:00,1.455
8/24/2022 0:00,1.504
8/24/2022 1:00,1.538
8/24/2022 2:00,1.546
8/24/2022 3:00,1.51
8/24/2022 4:00,1.387
8/24/2022 5:00,1.277
8/24/2022 6:00,1.206
8/24/2022 7:00,1.206
8/24/2022 8:00,1.132
8/24/2022 9:00,1.001
8/24/2022 10:00,0.862
8/24/2022 11:00,0.732
8/24/2022 12:00,0.671
8/24/2022 13:00,0.643
8/24/2022 14:00,0.633
8/24/2022 15:00,0.658
8/24/2022 16:00,0.715
8/24/2022 17:00,0.949
8/24/2022 18:00,1.189
8/24/2022 19:00,1.208
8/24/2022 20:00,1.243
8/24/2022 21:00,1.286
8/24/2022 22:00,1.299
8/24/2022 23:00,1.268
8/25/2022 0:00,1.234
8/25/2022 1:00,1.249
8/25/2022 2:00,1.301
8/25/2022 3:00,1.319
8/25/2022 4:00,1.298
8/25/2022 5:00,1.211
8/25/2022 6:00,1.201
8/25/2022 7:00,1.259
8/25/2022 8:00,1.249
8/25/2022 9:00,1.197
8/25/2022 10:00,1.157
8/25/2022 11:00,1.139
8/25/2022 12:00,1.137
8/25/2022 13:00,1.161
8/25/2022 14:00,1.215
8/25/2022 15:00,1.301
8/25/2022 16:00,1.402
8/25/2022 17:00,1.533
8/25/2022 18:00,1.632
8/25/2022 19:00,1.667
8/25/2022 20:00,1.647
8/25/2022 21:00,1.612
8/25/2022 22:00,1.606
8/25/2022 23:00,1.613
8/26/2022 0:00,1.594
8/26/2022 1:00,1.585
8/26/2022 2:00,1.57
8/26/2022 3:00,1.512
8/26/2022 4:00,1.406
8/26/2022 5:00,1.319
8/26/2022 6:00,1.298
8/26/2022 7:00,1.208
8/26/2022 8:00,1.093
8/26/2022 9:00,1.023
8/26/2022 10:00,0.977
8/26/2022 11:00,0.946
8/26/2022 12:00,0.934
8/26/2022 13:00,0.918
8/26/2022 14:00,0.895
8/26/2022 15:00,0.882
8/26/2022 16:00,0.866
8/26/2022 17:00,0.863
8/26/2022 18:00,0.946
8/26/2022 19:00,1.047
8/26/2022 20:00,1.093
8/26/2022 21:00,1.086
8/26/2022 22:00,1.101
8/26/2022 23:00,1.122
8/27/2022 0:00,1.121
8/27/2022 1:00,1.114
8/27/2022 2:00,1.102
8/27/2022 3:00,1.092
8/27/2022 4:00,1.005
8/27/2022 5:00,0.865
8/27/2022 6:00,0.809
8/27/2022 7:00,0.808
8/27/2022 8:00,0.816
8/27/2022 9:00,0.822
8/27/2022 10:00,0.807
8/27/2022 11:00,0.772
8/27/2022 12:00,0.722
8/27/2022 13:00,0.703
8/27/2022 14:00,0.71
8/27/2022 15:00,0.736
8/27/2022 16:00,0.783
8/27/2022 17:00,0.9
8/27/2022 18:00,1.014
8/27/2022 19:00,1.076
8/27/2022 20:00,1.117
8/27/2022 21:00,1.147
8/27/2022 22:00,1.165
8/27/2022 23:00,1.201
8/28/2022 0:00,1.228
8/28/2022 1:00,1.258
8/28/2022 2:00,1.29
8/28/2022 3:00,1.347
8/28/2022 4:00,1.387
8/28/2022 5:00,1.483
8/28/2022 6:00,1.571
8/28/2022 7:00,1.689
8/28/2022 8:00,1.811
8/28/2022 9:00,1.832
8/28/2022 10:00,1.842
8/28/2022 11:00,1.873
8/28/2022 12:00,1.898
8/28/2022 13:00,1.898
8/28/2022 14:00,1.89
8/28/2022 15:00,1.891
8/28/2022 16:00,1.907
8/28/2022 17:00,1.904
8/28/2022 18:00,1.924
8/28/2022 19:00,1.946
8/28/2022 20:00,1.964
8/28/2022 21:00,1.996
8/28/2022 22:00,2.023
8/28/2022 23:00,2.054
8/29/2022 0:00,2.085
8/29/2022 1:00,2.109
8/29/2022 2:00,2.136
8/29/2022 3:00,2.165
8/29/2022 4:00,2.19
8/29/2022 5:00,2.244
8/29/2022 6:00,2.341
8/29/2022 7:00,2.403
8/29/2022 8:00,2.426
8/29/2022 9:00,2.396
8/29/2022 10:00,2.343
8/29/2022 11:00,2.292
8/29/2022 12:00,2.23
8/29/2022 13:00,2.164
8/29/2022 14:00,2.092
8/29/2022 15:00,2
8/29/2022 16:00,1.876
8/29/2022 17:00,1.759
8/29/2022 18:00,1.733
8/29/2022 19:00,1.726
8/29/2022 20:00,1.703
8/29/2022 21:00,1.698
8/29/2022 22:00,1.676
8/29/2022 23:00,1.682
8/30/2022 0:00,1.698
8/30/2022 1:00,1.698
8/30/2022 2:00,1.683
8/30/2022 3:00,1.663
8/30/2022 4:00,1.651
8/30/2022 5:00,1.699
8/30/2022 6:00,1.759
8/30/2022 7:00,1.88
8/30/2022 8:00,1.903
8/30/2022 9:00,1.887
8/30/2022 10:00,1.854
8/30/2022 11:00,1.82
8/30/2022 12:00,1.787
8/30/2022 13:00,1.759
8/30/2022 14:00,1.73
8/30/2022 15:00,1.679
8/30/2022 16:00,1.593
8/30/2022 17:00,1.5
8/30/2022 18:00,1.542
8/30/2022 19:00,1.542
8/30/2022 20:00,1.547
8/30/2022 21:00,1.556
8/30/2022 22:00,1.545
8/30/2022 23:00,1.543
8/31/2022 0:00,1.534
8/31/2022 1:00,1.526
8/31/2022 2:00,1.513
8/31/2022 3:00,1.488
8/31/2022 4:00,1.448
8/31/2022 5:00,1.458
8/31/2022 6:00,1.446
8/31/2022 7:00,1.464
8/31/2022 8:00,1.449
8/31/2022 9:00,1.417
8/31/2022 10:00,1.371
8/31/2022 11:00,1.322
8/31/2022 12:00,1.294
8/31/2022 13:00,1.288
8/31/2022 14:00,1.308
8/31/2022 15:00,1.323
8/31/2022 16:00,1.284
8/31/2022 17:00,1.252
8/31/2022 18:00,1.383
8/31/2022 19:00,1.45
8/31/2022 20:00,1.478
8/31/2022 21:00,1.485
8/31/2022 22:00,1.483
8/31/2022 23:00,1.46
9/1/2022 0:00,1.449
9/1/2022 1:00,1.457
9/1/2022 2:00,1.471
9/1/2022 3:00,1.471
9/1/2022 4:00,1.439
9/1/2022 5:00,1.391
9/1/2022 6:00,1.325
9/1/2022 7:00,1.346
9/1/2022 8:00,1.304
9/1/2022 9:00,1.236
9/1/2022 10:00,1.173
9/1/2022 11:00,1.131
9/1/2022 12:00,1.109
9/1/2022 13:00,1.12
9/1/2022 14:00,1.16
9/1/2022 15:00,1.175
9/1/2022 16:00,1.132
9/1/2022 17:00,1.149
9/1/2022 18:00,1.28
9/1/2022 19:00,1.274
9/1/2022 20:00,1.26
9/1/2022 21:00,1.261
9/1/2022 22:00,1.269
9/1/2022 23:00,1.274
9/2/2022 0:00,1.275
9/2/2022 1:00,1.264
9/2/2022 2:00,1.257
9/2/2022 3:00,1.27
9/2/2022 4:00,1.282
9/2/2022 5:00,1.254
9/2/2022 6:00,1.352
9/2/2022 7:00,1.399
9/2/2022 8:00,1.345
9/2/2022 9:00,1.266
9/2/2022 10:00,1.196
9/2/2022 11:00,1.144
9/2/2022 12:00,1.122
9/2/2022 13:00,1.133
9/2/2022 14:00,1.174
9/2/2022 15:00,1.221
9/2/2022 16:00,1.29
9/2/2022 17:00,1.475
9/2/2022 18:00,1.673
9/2/2022 19:00,1.768
9/2/2022 20:00,1.823
9/2/2022 21:00,1.832
9/2/2022 22:00,1.788
9/2/2022 23:00,1.722
9/3/2022 0:00,1.653
9/3/2022 1:00,1.616
9/3/2022 2:00,1.616
9/3/2022 3:00,1.622
9/3/2022 4:00,1.563
9/3/2022 5:00,1.434
9/3/2022 6:00,1.418
9/3/2022 7:00,1.431
9/3/2022 8:00,1.391
9/3/2022 9:00,1.353
9/3/2022 10:00,1.309
9/3/2022 11:00,1.263
9/3/2022 12:00,1.231
9/3/2022 13:00,1.208
9/3/2022 14:00,1.196
9/3/2022 15:00,1.197
9/3/2022 16:00,1.242
9/3/2022 17:00,1.43
9/3/2022 18:00,1.496
9/3/2022 19:00,1.514
9/3/2022 20:00,1.523
9/3/2022 21:00,1.519
9/3/2022 22:00,1.493
9/3/2022 23:00,1.446
9/4/2022 0:00,1.429
9/4/2022 1:00,1.431
9/4/2022 2:00,1.446
9/4/2022 3:00,1.458
9/4/2022 4:00,1.431
9/4/2022 5:00,1.401
9/4/2022 6:00,1.436
9/4/2022 7:00,1.528
9/4/2022 8:00,1.566
9/4/2022 9:00,1.552
9/4/2022 10:00,1.506
9/4/2022 11:00,1.451
9/4/2022 12:00,1.389
9/4/2022 13:00,1.326
9/4/2022 14:00,1.273
9/4/2022 15:00,1.24
9/4/2022 16:00,1.24
9/4/2022 17:00,1.418
9/4/2022 18:00,1.528
9/4/2022 19:00,1.577
9/4/2022 20:00,1.65
9/4/2022 21:00,1.698
9/4/2022 22:00,1.711
9/4/2022 23:00,1.679
9/5/2022 0:00,1.639
9/5/2022 1:00,1.666
9/5/2022 2:00,1.692
9/5/2022 3:00,1.702
9/5/2022 4:00,1.599
9/5/2022 5:00,1.5
9/5/2022 6:00,1.47
9/5/2022 7:00,1.526
9/5/2022 8:00,1.502
9/5/2022 9:00,1.447
9/5/2022 10:00,1.381
9/5/2022 11:00,1.315
9/5/2022 12:00,1.252
9/5/2022 13:00,1.201
9/5/2022 14:00,1.164
9/5/2022 15:00,1.156
9/5/2022 16:00,1.213
9/5/2022 17:00,1.345
9/5/2022 18:00,1.56
9/5/2022 19:00,1.732
9/5/2022 20:00,1.829
9/5/2022 21:00,1.862
9/5/2022 22:00,1.868
9/5/2022 23:00,1.843
9/6/2022 0:00,1.769
9/6/2022 1:00,1.741
9/6/2022 2:00,1.761
9/6/2022 3:00,1.769
9/6/2022 4:00,1.7
9/6/2022 5:00,1.624
9/6/2022 6:00,1.623
9/6/2022 7:00,1.706
9/6/2022 8:00,1.706
9/6/2022 9:00,1.649
9/6/2022 10:00,1.552
9/6/2022 11:00,1.461
9/6/2022 12:00,1.388
9/6/2022 13:00,1.323
9/6/2022 14:00,1.264
9/6/2022 15:00,1.225
9/6/2022 16:00,1.222
9/6/2022 17:00,1.397
9/6/2022 18:00,1.53
9/6/2022 19:00,1.583
9/6/2022 20:00,1.562
9/6/2022 21:00,1.58
9/6/2022 22:00,1.643
9/6/2022 23:00,1.673
9/7/2022 0:00,1.663
9/7/2022 1:00,1.658
9/7/2022 2:00,1.668
9/7/2022 3:00,1.667
9/7/2022 4:00,1.619
9/7/2022 5:00,1.505
9/7/2022 6:00,1.47
9/7/2022 7:00,1.539
9/7/2022 8:00,1.579
9/7/2022 9:00,1.623
9/7/2022 10:00,1.671
9/7/2022 11:00,1.7
9/7/2022 12:00,1.714
9/7/2022 13:00,1.721
9/7/2022 14:00,1.738
9/7/2022 15:00,1.766
9/7/2022 16:00,1.787
9/7/2022 17:00,1.858
9/7/2022 18:00,1.949
9/7/2022 19:00,1.967
9/7/2022 20:00,1.982
9/7/2022 21:00,2.023
9/7/2022 22:00,2.042
9/7/2022 23:00,2.089
9/8/2022 0:00,2.127
9/8/2022 1:00,2.149
9/8/2022 2:00,2.155
9/8/2022 3:00,2.15
9/8/2022 4:00,2.14
9/8/2022 5:00,2.094
9/8/2022 6:00,2.161
9/8/2022 7:00,2.316
9/8/2022 8:00,2.371
9/8/2022 9:00,2.419
9/8/2022 10:00,2.468
9/8/2022 11:00,2.489
9/8/2022 12:00,2.505
9/8/2022 13:00,2.528
9/8/2022 14:00,2.556
9/8/2022 15:00,2.576
9/8/2022 16:00,2.568
9/8/2022 17:00,2.612
9/8/2022 18:00,2.669
9/8/2022 19:00,2.648
9/8/2022 20:00,2.616
9/8/2022 21:00,2.598
9/8/2022 22:00,2.588
9/8/2022 23:00,2.563
9/9/2022 0:00,2.491
9/9/2022 1:00,2.419
9/9/2022 2:00,2.331
9/9/2022 3:00,2.231
9/9/2022 4:00,2.171
9/9/2022 5:00,2.096
9/9/2022 6:00,2.116
9/9/2022 7:00,2.223
9/9/2022 8:00,2.241
9/9/2022 9:00,2.202
9/9/2022 10:00,2.138
9/9/2022 11:00,2.076
9/9/2022 12:00,2.006
9/9/2022 13:00,1.934
9/9/2022 14:00,1.871
9/9/2022 15:00,1.814
9/9/2022 16:00,1.753
9/9/2022 17:00,1.726
9/9/2022 18:00,1.794
9/9/2022 19:00,1.803
9/9/2022 20:00,1.778
9/9/2022 21:00,1.764
9/9/2022 22:00,1.744
9/9/2022 23:00,1.706
9/10/2022 0:00,1.673
9/10/2022 1:00,1.675
9/10/2022 2:00,1.672
9/10/2022 3:00,1.683
9/10/2022 4:00,1.669
9/10/2022 5:00,1.584
9/10/2022 6:00,1.516
9/10/2022 7:00,1.534
9/10/2022 8:00,1.496
9/10/2022 9:00,1.394
9/10/2022 10:00,1.283
9/10/2022 11:00,1.221
9/10/2022 12:00,1.201
9/10/2022 13:00,1.195
9/10/2022 14:00,1.2
9/10/2022 15:00,1.189
9/10/2022 16:00,1.17
9/10/2022 17:00,1.209
9/10/2022 18:00,1.254
9/10/2022 19:00,1.249
9/10/2022 20:00,1.233
9/10/2022 21:00,1.209
9/10/2022 22:00,1.208
9/10/2022 23:00,1.203
9/11/2022 0:00,1.168
9/11/2022 1:00,1.12
9/11/2022 2:00,1.088
9/11/2022 3:00,1.106
9/11/2022 4:00,1.142
9/11/2022 5:00,1.117
9/11/2022 6:00,1.089
9/11/2022 7:00,1.059
9/11/2022 8:00,1.019
9/11/2022 9:00,0.926
9/11/2022 10:00,0.854
9/11/2022 11:00,0.847
9/11/2022 12:00,0.877
9/11/2022 13:00,0.917
9/11/2022 14:00,0.942
9/11/2022 15:00,0.959
9/11/2022 16:00,0.992
9/11/2022 17:00,1.217
9/11/2022 18:00,1.298
9/11/2022 19:00,1.297
9/11/2022 20:00,1.265
9/11/2022 21:00,1.196
9/11/2022 22:00,1.111
9/11/2022 23:00,1.039
9/12/2022 0:00,1.001
9/12/2022 1:00,0.985
9/12/2022 2:00,1.028
9/12/2022 3:00,1.003
9/12/2022 4:00,0.931
9/12/2022 5:00,0.718
9/12/2022 6:00,0.571
9/12/2022 7:00,0.563
9/12/2022 8:00,0.63
9/12/2022 9:00,0.712
9/12/2022 10:00,0.819
9/12/2022 11:00,0.908
9/12/2022 12:00,0.973
9/12/2022 13:00,1.025
9/12/2022 14:00,1.07
9/12/2022 15:00,1.14
9/12/2022 16:00,1.29
9/12/2022 17:00,1.44
9/12/2022 18:00,1.585
9/12/2022 19:00,1.684
9/12/2022 20:00,1.801
9/12/2022 21:00,1.923
9/12/2022 22:00,2.069
9/12/2022 23:00,2.203
9/13/2022 0:00,2.312
9/13/2022 1:00,2.397
9/13/2022 2:00,2.476
9/13/2022 3:00,2.495
9/13/2022 4:00,2.51
9/13/2022 5:00,2.53
9/13/2022 6:00,2.554
9/13/2022 7:00,2.623
9/13/2022 8:00,2.663
9/13/2022 9:00,2.708
9/13/2022 10:00,2.769
9/13/2022 11:00,2.817
9/13/2022 12:00,2.808
9/13/2022 13:00,2.774
9/13/2022 14:00,2.702
9/13/2022 15:00,2.562
9/13/2022 16:00,2.401
9/13/2022 17:00,2.351
9/13/2022 18:00,2.38
9/13/2022 19:00,2.414
9/13/2022 20:00,2.44
9/13/2022 21:00,2.457
9/13/2022 22:00,2.435
9/13/2022 23:00,2.395
9/14/2022 0:00,2.314
9/14/2022 1:00,2.248
9/14/2022 2:00,2.233
9/14/2022 3:00,2.215
9/14/2022 4:00,2.202
9/14/2022 5:00,2.175
9/14/2022 6:00,2.219
9/14/2022 7:00,2.293
9/14/2022 8:00,2.302
9/14/2022 9:00,2.298
9/14/2022 10:00,2.304
9/14/2022 11:00,2.319
9/14/2022 12:00,2.314
9/14/2022 13:00,2.269
9/14/2022 14:00,2.19
9/14/2022 15:00,2.093
9/14/2022 16:00,2.032
9/14/2022 17:00,1.96
9/14/2022 18:00,1.948
9/14/2022 19:00,1.973
9/14/2022 20:00,1.992
9/14/2022 21:00,2.004
9/14/2022 22:00,1.994
9/14/2022 23:00,1.977
9/15/2022 0:00,1.976
9/15/2022 1:00,2.001
9/15/2022 2:00,2.008
9/15/2022 3:00,2.017
9/15/2022 4:00,2.024
9/15/2022 5:00,2.034
9/15/2022 6:00,2.11
9/15/2022 7:00,2.211
9/15/2022 8:00,2.287
9/15/2022 9:00,2.329
9/15/2022 10:00,2.362
9/15/2022 11:00,2.4
9/15/2022 12:00,2.44
9/15/2022 13:00,2.461
9/15/2022 14:00,2.451
9/15/2022 15:00,2.386
9/15/2022 16:00,2.29
9/15/2022 17:00,2.224
9/15/2022 18:00,2.212
9/15/2022 19:00,2.25
9/15/2022 20:00,2.278
9/15/2022 21:00,2.293
9/15/2022 22:00,2.298
9/15/2022 23:00,2.291
9/16/2022 0:00,2.282
9/16/2022 1:00,2.231
9/16/2022 2:00,2.175
9/16/2022 3:00,2.147
9/16/2022 4:00,2.139
9/16/2022 5:00,2.143
9/16/2022 6:00,2.144
9/16/2022 7:00,2.205
9/16/2022 8:00,2.227
9/16/2022 9:00,2.18
9/16/2022 10:00,2.122
9/16/2022 11:00,2.086
9/16/2022 12:00,2.053
9/16/2022 13:00,2.003
9/16/2022 14:00,1.923
9/16/2022 15:00,1.84
9/16/2022 16:00,1.745
9/16/2022 17:00,1.689
9/16/2022 18:00,1.715
9/16/2022 19:00,1.719
9/16/2022 20:00,1.728
9/16/2022 21:00,1.74
9/16/2022 22:00,1.761
9/16/2022 23:00,1.777
9/17/2022 0:00,1.78
9/17/2022 1:00,1.744
9/17/2022 2:00,1.71
9/17/2022 3:00,1.693
9/17/2022 4:00,1.682
9/17/2022 5:00,1.681
9/17/2022 6:00,1.767
9/17/2022 7:00,1.845
9/17/2022 8:00,1.947
9/17/2022 9:00,1.999
9/17/2022 10:00,2.002
9/17/2022 11:00,1.99
9/17/2022 12:00,1.983
9/17/2022 13:00,1.976
9/17/2022 14:00,1.916
9/17/2022 15:00,1.815
9/17/2022 16:00,1.663
9/17/2022 17:00,1.593
9/17/2022 18:00,1.614
9/17/2022 19:00,1.587
9/17/2022 20:00,1.54
9/17/2022 21:00,1.502
9/17/2022 22:00,1.484
9/17/2022 23:00,1.484
9/18/2022 0:00,1.478
9/18/2022 1:00,1.452
9/18/2022 2:00,1.404
9/18/2022 3:00,1.337
9/18/2022 4:00,1.295
9/18/2022 5:00,1.21
9/18/2022 6:00,1.055
9/18/2022 7:00,0.986
9/18/2022 8:00,0.996
9/18/2022 9:00,1.019
9/18/2022 10:00,1.03
9/18/2022 11:00,1.046
9/18/2022 12:00,1.104
9/18/2022 13:00,1.211
9/18/2022 14:00,1.313
9/18/2022 15:00,1.336
9/18/2022 16:00,1.313
9/18/2022 17:00,1.403
9/18/2022 18:00,1.487
9/18/2022 19:00,1.533
9/18/2022 20:00,1.586
9/18/2022 21:00,1.637
9/18/2022 22:00,1.687
9/18/2022 23:00,1.722
9/19/2022 0:00,1.755
9/19/2022 1:00,1.769
9/19/2022 2:00,1.779
9/19/2022 3:00,1.767
9/19/2022 4:00,1.766
9/19/2022 5:00,1.819
9/19/2022 6:00,1.909
9/19/2022 7:00,1.987
9/19/2022 8:00,2.087
9/19/2022 9:00,2.175
9/19/2022 10:00,2.24
9/19/2022 11:00,2.272
9/19/2022 12:00,2.3
9/19/2022 13:00,2.312
9/19/2022 14:00,2.288
9/19/2022 15:00,2.222
9/19/2022 16:00,2.068
9/19/2022 17:00,1.936
9/19/2022 18:00,1.903
9/19/2022 19:00,1.843
9/19/2022 20:00,1.799
9/19/2022 21:00,1.764
9/19/2022 22:00,1.752
9/19/2022 23:00,1.747
9/20/2022 0:00,1.74
9/20/2022 1:00,1.744
9/20/2022 2:00,1.764
9/20/2022 3:00,1.75
9/20/2022 4:00,1.739
9/20/2022 5:00,1.743
9/20/2022 6:00,1.797
9/20/2022 7:00,1.811
9/20/2022 8:00,1.801
9/20/2022 9:00,1.803
9/20/2022 10:00,1.763
9/20/2022 11:00,1.697
9/20/2022 12:00,1.654
9/20/2022 13:00,1.648
9/20/2022 14:00,1.648
9/20/2022 15:00,1.59
9/20/2022 16:00,1.495
9/20/2022 17:00,1.593
9/20/2022 18:00,1.613
9/20/2022 19:00,1.613
9/20/2022 20:00,1.585
9/20/2022 21:00,1.571
9/20/2022 22:00,1.537
9/20/2022 23:00,1.494
9/21/2022 0:00,1.456
9/21/2022 1:00,1.421
9/21/2022 2:00,1.393
9/21/2022 3:00,1.379
9/21/2022 4:00,1.412
9/21/2022 5:00,1.258
9/21/2022 6:00,1.015
9/21/2022 7:00,0.938
9/21/2022 8:00,0.994
9/21/2022 9:00,0.962
9/21/2022 10:00,0.916
9/21/2022 11:00,0.889
9/21/2022 12:00,0.88
9/21/2022 13:00,0.879
9/21/2022 14:00,0.881
9/21/2022 15:00,0.885
9/21/2022 16:00,1.05
9/21/2022 17:00,1.194
9/21/2022 18:00,1.226
9/21/2022 19:00,1.238
9/21/2022 20:00,1.231
9/21/2022 21:00,1.228
9/21/2022 22:00,1.223
9/21/2022 23:00,1.23
9/22/2022 0:00,1.207
9/22/2022 1:00,1.18
9/22/2022 2:00,1.145
9/22/2022 3:00,1.127
9/22/2022 4:00,1.114
9/22/2022 5:00,1.023
9/22/2022 6:00,0.843
9/22/2022 7:00,0.862
9/22/2022 8:00,0.988
9/22/2022 9:00,1.06
9/22/2022 10:00,1.104
9/22/2022 11:00,1.118
9/22/2022 12:00,1.136
9/22/2022 13:00,1.15
9/22/2022 14:00,1.152
9/22/2022 15:00,1.111
9/22/2022 16:00,1.167
9/22/2022 17:00,1.291
9/22/2022 18:00,1.331
9/22/2022 19:00,1.394
9/22/2022 20:00,1.437
9/22/2022 21:00,1.455
9/22/2022 22:00,1.452
9/22/2022 23:00,1.451
9/23/2022 0:00,1.431
9/23/2022 1:00,1.408
9/23/2022 2:00,1.384
9/23/2022 3:00,1.362
9/23/2022 4:00,1.347
9/23/2022 5:00,1.315
9/23/2022 6:00,1.244
9/23/2022 7:00,1.279
9/23/2022 8:00,1.335
9/23/2022 9:00,1.405
9/23/2022 10:00,1.443
9/23/2022 11:00,1.454
9/23/2022 12:00,1.447
9/23/2022 13:00,1.399
9/23/2022 14:00,1.312
9/23/2022 15:00,1.227
9/23/2022 16:00,1.264
9/23/2022 17:00,1.374
9/23/2022 18:00,1.428
9/23/2022 19:00,1.422
9/23/2022 20:00,1.412
9/23/2022 21:00,1.382
9/23/2022 22:00,1.344
9/23/2022 23:00,1.309
9/24/2022 0:00,1.326
9/24/2022 1:00,1.311
9/24/2022 2:00,1.273
9/24/2022 3:00,1.232
9/24/2022 4:00,1.214
9/24/2022 5:00,1.164
9/24/2022 6:00,1.049
9/24/2022 7:00,1.082
9/24/2022 8:00,1.115
9/24/2022 9:00,1.091
9/24/2022 10:00,1.04
9/24/2022 11:00,0.976
9/24/2022 12:00,0.917
9/24/2022 13:00,0.862
9/24/2022 14:00,0.807
9/24/2022 15:00,0.792
9/24/2022 16:00,0.914
9/24/2022 17:00,1.041
9/24/2022 18:00,1.049
9/24/2022 19:00,1.064
9/24/2022 20:00,1.074
9/24/2022 21:00,1.069
9/24/2022 22:00,1.051
9/24/2022 23:00,1.029
9/25/2022 0:00,1.043
9/25/2022 1:00,1.019
9/25/2022 2:00,0.988
9/25/2022 3:00,0.979
9/25/2022 4:00,1
9/25/2022 5:00,0.977
9/25/2022 6:00,0.796
9/25/2022 7:00,0.803
9/25/2022 8:00,0.864
9/25/2022 9:00,0.895
9/25/2022 10:00,0.919
9/25/2022 11:00,0.959
9/25/2022 12:00,0.984
9/25/2022 13:00,1
9/25/2022 14:00,1.016
9/25/2022 15:00,1.039
9/25/2022 16:00,1.145
9/25/2022 17:00,1.325
9/25/2022 18:00,1.375
9/25/2022 19:00,1.398
9/25/2022 20:00,1.448
9/25/2022 21:00,1.493
9/25/2022 22:00,1.519
9/25/2022 23:00,1.526
9/26/2022 0:00,1.517
9/26/2022 1:00,1.518
9/26/2022 2:00,1.545
9/26/2022 3:00,1.558
9/26/2022 4:00,1.6
9/26/2022 5:00,1.67
9/26/2022 6:00,1.762
9/26/2022 7:00,1.87
9/26/2022 8:00,2.04
9/26/2022 9:00,2.165
9/26/2022 10:00,2.245
9/26/2022 11:00,2.267
9/26/2022 12:00,2.249
9/26/2022 13:00,2.237
9/26/2022 14:00,2.211
9/26/2022 15:00,2.158
9/26/2022 16:00,2.118
9/26/2022 17:00,2.167
9/26/2022 18:00,2.195
9/26/2022 19:00,2.232
9/26/2022 20:00,2.248
9/26/2022 21:00,2.243
9/26/2022 22:00,2.226
9/26/2022 23:00,2.172
9/27/2022 0:00,2.122
9/27/2022 1:00,2.079
9/27/2022 2:00,2.082
9/27/2022 3:00,2.103
9/27/2022 4:00,2.112
9/27/2022 5:00,2.112
9/27/2022 6:00,2.082
9/27/2022 7:00,2.062
9/27/2022 8:00,2.115
9/27/2022 9:00,2.163
9/27/2022 10:00,2.174
9/27/2022 11:00,2.146
9/27/2022 12:00,2.108
9/27/2022 13:00,2.06
9/27/2022 14:00,2.016
9/27/2022 15:00,1.982
9/27/2022 16:00,2.008
9/27/2022 17:00,1.984
9/27/2022 18:00,1.94
9/27/2022 19:00,1.895
9/27/2022 20:00,1.866
9/27/2022 21:00,1.85
9/27/2022 22:00,1.836
9/27/2022 23:00,1.834
9/28/2022 0:00,1.828
9/28/2022 1:00,1.829
9/28/2022 2:00,1.832
9/28/2022 3:00,1.796
9/28/2022 4:00,1.748
9/28/2022 5:00,1.699
9/28/2022 6:00,1.67
9/28/2022 7:00,1.72
9/28/2022 8:00,1.755
9/28/2022 9:00,1.768
9/28/2022 10:00,1.744
9/28/2022 11:00,1.708
9/28/2022 12:00,1.665
9/28/2022 13:00,1.629
9/28/2022 14:00,1.627
9/28/2022 15:00,1.652
9/28/2022 16:00,1.718
9/28/2022 17:00,1.797
9/28/2022 18:00,1.829
9/28/2022 19:00,1.822
9/28/2022 20:00,1.803
9/28/2022 21:00,1.775
9/28/2022 22:00,1.746
9/28/2022 23:00,1.711
9/29/2022 0:00,1.682
9/29/2022 1:00,1.677
9/29/2022 2:00,1.674
9/29/2022 3:00,1.656
9/29/2022 4:00,1.634
9/29/2022 5:00,1.628
9/29/2022 6:00,1.662
9/29/2022 7:00,1.744
9/29/2022 8:00,1.799
9/29/2022 9:00,1.809
9/29/2022 10:00,1.797
9/29/2022 11:00,1.768
9/29/2022 12:00,1.735
9/29/2022 13:00,1.695
9/29/2022 14:00,1.626
9/29/2022 15:00,1.489
9/29/2022 16:00,1.383
9/29/2022 17:00,1.402
9/29/2022 18:00,1.376
9/29/2022 19:00,1.342
9/29/2022 20:00,1.309
9/29/2022 21:00,1.277
9/29/2022 22:00,1.251
9/29/2022 23:00,1.236
9/30/2022 0:00,1.203
9/30/2022 1:00,1.174
9/30/2022 2:00,1.16
9/30/2022 3:00,1.14
9/30/2022 4:00,1.132
9/30/2022 5:00,1.156
9/30/2022 6:00,1.213
9/30/2022 7:00,1.314
9/30/2022 8:00,1.398
9/30/2022 9:00,1.476
9/30/2022 10:00,1.553
9/30/2022 11:00,1.626
9/30/2022 12:00,1.677
9/30/2022 13:00,1.695
9/30/2022 14:00,1.66
9/30/2022 15:00,1.564
9/30/2022 16:00,1.56
9/30/2022 17:00,1.598
9/30/2022 18:00,1.657
9/30/2022 19:00,1.722
9/30/2022 20:00,1.767
9/30/2022 21:00,1.807
9/30/2022 22:00,1.869
9/30/2022 23:00,1.873
10/1/2022 0:00,1.906
10/1/2022 1:00,1.97
10/1/2022 2:00,2.018
10/1/2022 3:00,2.053
10/1/2022 4:00,2.071
10/1/2022 5:00,2.106
10/1/2022 6:00,2.089
10/1/2022 7:00,2.049
10/1/2022 8:00,2.085
10/1/2022 9:00,2.119
10/1/2022 10:00,2.103
10/1/2022 11:00,2.046
10/1/2022 12:00,2.002
10/1/2022 13:00,1.955
10/1/2022 14:00,1.877
10/1/2022 15:00,1.76
10/1/2022 16:00,1.607
10/1/2022 17:00,1.491
10/1/2022 18:00,1.539
10/1/2022 19:00,1.63
10/1/2022 20:00,1.675
10/1/2022 21:00,1.649
10/1/2022 22:00,1.687
10/1/2022 23:00,1.765
10/2/2022 0:00,1.885
10/2/2022 1:00,1.901
10/2/2022 2:00,1.916
10/2/2022 3:00,1.898
10/2/2022 4:00,1.858
10/2/2022 5:00,1.839
10/2/2022 6:00,1.817
10/2/2022 7:00,1.807
10/2/2022 8:00,1.845
10/2/2022 9:00,1.879
10/2/2022 10:00,1.928
10/2/2022 11:00,1.967
10/2/2022 12:00,1.997
10/2/2022 13:00,2.01
10/2/2022 14:00,2.005
10/2/2022 15:00,1.98
10/2/2022 16:00,1.955
10/2/2022 17:00,1.947
10/2/2022 18:00,1.923
10/2/2022 19:00,1.859
10/2/2022 20:00,1.764
10/2/2022 21:00,1.721
10/2/2022 22:00,1.743
10/2/2022 23:00,1.729
10/3/2022 0:00,1.693
10/3/2022 1:00,1.666
10/3/2022 2:00,1.646
10/3/2022 3:00,1.611
10/3/2022 4:00,1.597
10/3/2022 5:00,1.584
10/3/2022 6:00,1.467
10/3/2022 7:00,1.4
10/3/2022 8:00,1.45
10/3/2022 9:00,1.48
10/3/2022 10:00,1.528
10/3/2022 11:00,1.593
10/3/2022 12:00,1.676
10/3/2022 13:00,1.74
10/3/2022 14:00,1.745
10/3/2022 15:00,1.69
10/3/2022 16:00,1.674
10/3/2022 17:00,1.697
10/3/2022 18:00,1.694
10/3/2022 19:00,1.677
10/3/2022 20:00,1.65
10/3/2022 21:00,1.642
10/3/2022 22:00,1.599
10/3/2022 23:00,1.584
10/4/2022 0:00,1.582
10/4/2022 1:00,1.585
10/4/2022 2:00,1.568
10/4/2022 3:00,1.537
10/4/2022 4:00,1.505
10/4/2022 5:00,1.45
10/4/2022 6:00,1.414
10/4/2022 7:00,1.416
10/4/2022 8:00,1.386
10/4/2022 9:00,1.369
10/4/2022 10:00,1.334
10/4/2022 11:00,1.334
10/4/2022 12:00,1.343
10/4/2022 13:00,1.328
10/4/2022 14:00,1.304
10/4/2022 15:00,1.323
10/4/2022 16:00,1.587
10/4/2022 17:00,1.741
10/4/2022 18:00,1.777
10/4/2022 19:00,1.904
10/4/2022 20:00,1.985
10/4/2022 21:00,1.997
10/4/2022 22:00,2.02
10/4/2022 23:00,2.013
10/5/2022 0:00,2.057
10/5/2022 1:00,2.053
10/5/2022 2:00,2.064
10/5/2022 3:00,2.002
10/5/2022 4:00,1.935
10/5/2022 5:00,1.935
10/5/2022 6:00,1.928
10/5/2022 7:00,1.897
10/5/2022 8:00,1.891
10/5/2022 9:00,1.923
10/5/2022 10:00,1.962
10/5/2022 11:00,2.029
10/5/2022 12:00,2.034
10/5/2022 13:00,2.018
10/5/2022 14:00,2.058
10/5/2022 15:00,2.113
10/5/2022 16:00,2.192
10/5/2022 17:00,2.304
10/5/2022 18:00,2.414
10/5/2022 19:00,2.53
10/5/2022 20:00,2.623
10/5/2022 21:00,2.696
10/5/2022 22:00,2.708
10/5/2022 23:00,2.765
10/6/2022 0:00,2.799
10/6/2022 1:00,2.817
10/6/2022 2:00,2.823
10/6/2022 3:00,2.791
10/6/2022 4:00,2.77
10/6/2022 5:00,2.756
10/6/2022 6:00,2.85
10/6/2022 7:00,3.017
10/6/2022 8:00,3.125
10/6/2022 9:00,3.169
10/6/2022 10:00,3.195
10/6/2022 11:00,3.22
10/6/2022 12:00,3.236
10/6/2022 13:00,3.233
10/6/2022 14:00,3.157
10/6/2022 15:00,3.022
10/6/2022 16:00,2.935
10/6/2022 17:00,2.949
10/6/2022 18:00,2.953
10/6/2022 19:00,2.907
10/6/2022 20:00,2.849
10/6/2022 21:00,2.799
10/6/2022 22:00,2.714
10/6/2022 23:00,2.679
10/7/2022 0:00,2.638
10/7/2022 1:00,2.611
10/7/2022 2:00,2.569
10/7/2022 3:00,2.528
10/7/2022 4:00,2.478
10/7/2022 5:00,2.47
10/7/2022 6:00,2.537
10/7/2022 7:00,2.68
10/7/2022 8:00,2.85
10/7/2022 9:00,2.953
10/7/2022 10:00,2.987
10/7/2022 11:00,2.975
10/7/2022 12:00,2.93
10/7/2022 13:00,2.857
10/7/2022 14:00,2.746
10/7/2022 15:00,2.633
10/7/2022 16:00,2.59
10/7/2022 17:00,2.624
10/7/2022 18:00,2.697
10/7/2022 19:00,2.745
10/7/2022 20:00,2.732
10/7/2022 21:00,2.67
10/7/2022 22:00,2.546
10/7/2022 23:00,2.478
10/8/2022 0:00,2.447
10/8/2022 1:00,2.368
10/8/2022 2:00,2.281
10/8/2022 3:00,2.205
10/8/2022 4:00,2.132
10/8/2022 5:00,2.08
10/8/2022 6:00,2.075
10/8/2022 7:00,2.086
10/8/2022 8:00,2.155
10/8/2022 9:00,2.207
10/8/2022 10:00,2.231
10/8/2022 11:00,2.239
10/8/2022 12:00,2.227
10/8/2022 13:00,2.19
10/8/2022 14:00,2.142
10/8/2022 15:00,2.053
10/8/2022 16:00,1.963
10/8/2022 17:00,1.956
10/8/2022 18:00,1.977
10/8/2022 19:00,2.007
10/8/2022 20:00,2.018
10/8/2022 21:00,2.001
10/8/2022 22:00,1.987
10/8/2022 23:00,1.969
10/9/2022 0:00,1.933
10/9/2022 1:00,1.892
10/9/2022 2:00,1.856
10/9/2022 3:00,1.823
10/9/2022 4:00,1.764
10/9/2022 5:00,1.698
10/9/2022 6:00,1.619
10/9/2022 7:00,1.584
10/9/2022 8:00,1.653
10/9/2022 9:00,1.712
10/9/2022 10:00,1.737
10/9/2022 11:00,1.731
10/9/2022 12:00,1.717
10/9/2022 13:00,1.693
10/9/2022 14:00,1.646
10/9/2022 15:00,1.555
10/9/2022 16:00,1.563
10/9/2022 17:00,1.648
10/9/2022 18:00,1.682
10/9/2022 19:00,1.698
10/9/2022 20:00,1.721
10/9/2022 21:00,1.755
10/9/2022 22:00,1.809
10/9/2022 23:00,1.866
10/10/2022 0:00,1.935
10/10/2022 1:00,1.982
10/10/2022 2:00,2.025
10/10/2022 3:00,2.066
10/10/2022 4:00,2.12
10/10/2022 5:00,2.162
10/10/2022 6:00,2.261
10/10/2022 7:00,2.412
10/10/2022 8:00,2.592
10/10/2022 9:00,2.666
10/10/2022 10:00,2.678
10/10/2022 11:00,2.63
10/10/2022 12:00,2.558
10/10/2022 13:00,2.46
10/10/2022 14:00,2.338
10/10/2022 15:00,2.199
10/10/2022 16:00,2.123
10/10/2022 17:00,2.116
10/10/2022 18:00,2.163
10/10/2022 19:00,2.253
10/10/2022 20:00,2.313
10/10/2022 21:00,2.41
10/10/2022 22:00,2.422
10/10/2022 23:00,2.37
10/11/2022 0:00,2.345
10/11/2022 1:00,2.361
10/11/2022 2:00,2.374
10/11/2022 3:00,2.382
10/11/2022 4:00,2.411
10/11/2022 5:00,2.465
10/11/2022 6:00,2.538
10/11/2022 7:00,2.599
10/11/2022 8:00,2.67
10/11/2022 9:00,2.69
10/11/2022 10:00,2.661
10/11/2022 11:00,2.605
10/11/2022 12:00,2.54
10/11/2022 13:00,2.465
10/11/2022 14:00,2.368
10/11/2022 15:00,2.19
10/11/2022 16:00,2.012
10/11/2022 17:00,1.921
10/11/2022 18:00,1.865
10/11/2022 19:00,1.837
10/11/2022 20:00,1.819
10/11/2022 21:00,1.788
10/11/2022 22:00,1.768
10/11/2022 23:00,1.728
10/12/2022 0:00,1.669
10/12/2022 1:00,1.618
10/12/2022 2:00,1.564
10/12/2022 3:00,1.504
10/12/2022 4:00,1.425
10/12/2022 5:00,1.335
10/12/2022 6:00,1.224
10/12/2022 7:00,1.213
10/12/2022 8:00,1.222
10/12/2022 9:00,1.278
10/12/2022 10:00,1.357
10/12/2022 11:00,1.426
10/12/2022 12:00,1.463
10/12/2022 13:00,1.447
10/12/2022 14:00,1.355
10/12/2022 15:00,1.312
10/12/2022 16:00,1.409
10/12/2022 17:00,1.492
10/12/2022 18:00,1.533
10/12/2022 19:00,1.547
10/12/2022 20:00,1.568
10/12/2022 21:00,1.608
10/12/2022 22:00,1.609
10/12/2022 23:00,1.6
10/13/2022 0:00,1.615
10/13/2022 1:00,1.61
10/13/2022 2:00,1.595
10/13/2022 3:00,1.592
10/13/2022 4:00,1.615
10/13/2022 5:00,1.644
10/13/2022 6:00,1.686
10/13/2022 7:00,1.769
10/13/2022 8:00,1.79
10/13/2022 9:00,1.762
10/13/2022 10:00,1.677
10/13/2022 11:00,1.6
10/13/2022 12:00,1.521
10/13/2022 13:00,1.443
10/13/2022 14:00,1.374
10/13/2022 15:00,1.336
10/13/2022 16:00,1.376
10/13/2022 17:00,1.443
10/13/2022 18:00,1.485
10/13/2022 19:00,1.494
10/13/2022 20:00,1.451
10/13/2022 21:00,1.384
10/13/2022 22:00,1.311
10/13/2022 23:00,1.264
10/14/2022 0:00,1.23
10/14/2022 1:00,1.195
10/14/2022 2:00,1.172
10/14/2022 3:00,1.165
10/14/2022 4:00,1.148
10/14/2022 5:00,1.127
10/14/2022 6:00,1.082
10/14/2022 7:00,1.062
10/14/2022 8:00,1.063
10/14/2022 9:00,1.094
10/14/2022 10:00,1.082
10/14/2022 11:00,1.062
10/14/2022 12:00,1.028
10/14/2022 13:00,0.986
10/14/2022 14:00,0.928
10/14/2022 15:00,0.9
10/14/2022 16:00,1.077
10/14/2022 17:00,1.231
10/14/2022 18:00,1.301
10/14/2022 19:00,1.343
10/14/2022 20:00,1.374
10/14/2022 21:00,1.418
10/14/2022 22:00,1.482
10/14/2022 23:00,1.541
10/15/2022 0:00,1.619
10/15/2022 1:00,1.679
10/15/2022 2:00,1.714
10/15/2022 3:00,1.727
10/15/2022 4:00,1.686
10/15/2022 5:00,1.634
10/15/2022 6:00,1.578
10/15/2022 7:00,1.479
10/15/2022 8:00,1.364
10/15/2022 9:00,1.304
10/15/2022 10:00,1.294
10/15/2022 11:00,1.278
10/15/2022 12:00,1.281
10/15/2022 13:00,1.296
10/15/2022 14:00,1.32
10/15/2022 15:00,1.355
10/15/2022 16:00,1.473
10/15/2022 17:00,1.6
10/15/2022 18:00,1.647
10/15/2022 19:00,1.675
10/15/2022 20:00,1.718
10/15/2022 21:00,1.695
10/15/2022 22:00,1.655
10/15/2022 23:00,1.618
10/16/2022 0:00,1.605
10/16/2022 1:00,1.546
10/16/2022 2:00,1.559
10/16/2022 3:00,1.521
10/16/2022 4:00,1.52
10/16/2022 5:00,1.614
10/16/2022 6:00,1.751
10/16/2022 7:00,1.885
10/16/2022 8:00,1.894
10/16/2022 9:00,1.986
10/16/2022 10:00,2.08
10/16/2022 11:00,2.2
10/16/2022 12:00,2.331
10/16/2022 13:00,2.453
10/16/2022 14:00,2.554
10/16/2022 15:00,2.566
10/16/2022 16:00,2.572
10/16/2022 17:00,2.644
10/16/2022 18:00,2.672
10/16/2022 19:00,2.607
10/16/2022 20:00,2.538
10/16/2022 21:00,2.451
10/16/2022 22:00,2.313
10/16/2022 23:00,2.178
10/17/2022 0:00,2.064
10/17/2022 1:00,1.966
10/17/2022 2:00,1.832
10/17/2022 3:00,1.674
10/17/2022 4:00,1.564
10/17/2022 5:00,1.526
10/17/2022 6:00,1.535
10/17/2022 7:00,1.692
10/17/2022 8:00,1.735
10/17/2022 9:00,1.705
10/17/2022 10:00,1.677
10/17/2022 11:00,1.635
10/17/2022 12:00,1.592
10/17/2022 13:00,1.545
10/17/2022 14:00,1.471
10/17/2022 15:00,1.43
10/17/2022 16:00,1.462
10/17/2022 17:00,1.533
10/17/2022 18:00,1.53
10/17/2022 19:00,1.565
10/17/2022 20:00,1.634
10/17/2022 21:00,1.629
10/17/2022 22:00,1.518
10/17/2022 23:00,1.513
10/18/2022 0:00,1.531
10/18/2022 1:00,1.536
10/18/2022 2:00,1.568
10/18/2022 3:00,1.607
10/18/2022 4:00,1.649
10/18/2022 5:00,1.702
10/18/2022 6:00,1.754
10/18/2022 7:00,1.762
10/18/2022 8:00,1.778
10/18/2022 9:00,1.806
10/18/2022 10:00,1.891
10/18/2022 11:00,1.947
10/18/2022 12:00,1.959
10/18/2022 13:00,1.91
10/18/2022 14:00,1.868
10/18/2022 15:00,1.919
10/18/2022 16:00,2
10/18/2022 17:00,2.021
10/18/2022 18:00,2.045
10/18/2022 19:00,2.045
10/18/2022 20:00,2.002
10/18/2022 21:00,1.939
10/18/2022 22:00,1.888
10/18/2022 23:00,1.882
10/19/2022 0:00,1.864
10/19/2022 1:00,1.856
10/19/2022 2:00,1.846
10/19/2022 3:00,1.785
10/19/2022 4:00,1.704
10/19/2022 5:00,1.644
10/19/2022 6:00,1.637
10/19/2022 7:00,1.636
10/19/2022 8:00,1.597
10/19/2022 9:00,1.567
10/19/2022 10:00,1.488
10/19/2022 11:00,1.409
10/19/2022 12:00,1.373
10/19/2022 13:00,1.366
10/19/2022 14:00,1.35
10/19/2022 15:00,1.298
10/19/2022 16:00,1.392
10/19/2022 17:00,1.373
10/19/2022 18:00,1.329
10/19/2022 19:00,1.291
10/19/2022 20:00,1.266
10/19/2022 21:00,1.227
10/19/2022 22:00,1.193
10/19/2022 23:00,1.206
10/20/2022 0:00,1.258
10/20/2022 1:00,1.274
10/20/2022 2:00,1.259
10/20/2022 3:00,1.239
10/20/2022 4:00,1.221
10/20/2022 5:00,1.227
10/20/2022 6:00,1.214
10/20/2022 7:00,1.177
10/20/2022 8:00,1.257
10/20/2022 9:00,1.313
10/20/2022 10:00,1.394
10/20/2022 11:00,1.455
10/20/2022 12:00,1.475
10/20/2022 13:00,1.487
10/20/2022 14:00,1.496
10/20/2022 15:00,1.673
10/20/2022 16:00,1.788
10/20/2022 17:00,1.873
10/20/2022 18:00,1.881
10/20/2022 19:00,1.874
10/20/2022 20:00,1.885
10/20/2022 21:00,1.855
10/20/2022 22:00,1.795
10/20/2022 23:00,1.779
10/21/2022 0:00,1.783
10/21/2022 1:00,1.741
10/21/2022 2:00,1.658
10/21/2022 3:00,1.553
10/21/2022 4:00,1.49
10/21/2022 5:00,1.484
10/21/2022 6:00,1.396
10/21/2022 7:00,1.258
10/21/2022 8:00,1.218
10/21/2022 9:00,1.193
10/21/2022 10:00,1.168
10/21/2022 11:00,1.115
10/21/2022 12:00,1.033
10/21/2022 13:00,0.987
10/21/2022 14:00,1.071
10/21/2022 15:00,1.135
10/21/2022 16:00,1.235
10/21/2022 17:00,1.323
10/21/2022 18:00,1.338
10/21/2022 19:00,1.314
10/21/2022 20:00,1.263
10/21/2022 21:00,1.205
10/21/2022 22:00,1.161
10/21/2022 23:00,1.124
10/22/2022 0:00,1.117
10/22/2022 1:00,1.13
10/22/2022 2:00,1.158
10/22/2022 3:00,1.169
10/22/2022 4:00,1.133
10/22/2022 5:00,1.094
10/22/2022 6:00,1.05
10/22/2022 7:00,1.006
10/22/2022 8:00,1.039
10/22/2022 9:00,1.006
10/22/2022 10:00,0.975
10/22/2022 11:00,0.963
10/22/2022 12:00,0.973
10/22/2022 13:00,0.961
10/22/2022 14:00,0.916
10/22/2022 15:00,0.87
10/22/2022 16:00,0.829
10/22/2022 17:00,0.766
10/22/2022 18:00,0.799
10/22/2022 19:00,0.872
10/22/2022 20:00,0.987
10/22/2022 21:00,1.044
10/22/2022 22:00,1.097
10/22/2022 23:00,1.161
10/23/2022 0:00,1.244
10/23/2022 1:00,1.33
10/23/2022 2:00,1.405
10/23/2022 3:00,1.405
10/23/2022 4:00,1.361
10/23/2022 5:00,1.344
10/23/2022 6:00,1.317
10/23/2022 7:00,1.315
10/23/2022 8:00,1.274
10/23/2022 9:00,1.228
10/23/2022 10:00,1.188
10/23/2022 11:00,1.11
10/23/2022 12:00,1.023
10/23/2022 13:00,0.898
10/23/2022 14:00,0.828
10/23/2022 15:00,0.834
10/23/2022 16:00,0.862
10/23/2022 17:00,0.959
10/23/2022 18:00,1.089
10/23/2022 19:00,1.211
10/23/2022 20:00,1.327
10/23/2022 21:00,1.42
10/23/2022 22:00,1.504
10/23/2022 23:00,1.54
10/24/2022 0:00,1.565
10/24/2022 1:00,1.564
10/24/2022 2:00,1.593
10/24/2022 3:00,1.617
10/24/2022 4:00,1.652
10/24/2022 5:00,1.688
10/24/2022 6:00,1.704
10/24/2022 7:00,1.687
10/24/2022 8:00,1.649
10/24/2022 9:00,1.605
10/24/2022 10:00,1.551
10/24/2022 11:00,1.497
10/24/2022 12:00,1.482
10/24/2022 13:00,1.471
10/24/2022 14:00,1.442
10/24/2022 15:00,1.455
10/24/2022 16:00,1.519
10/24/2022 17:00,1.662
10/24/2022 18:00,1.778
10/24/2022 19:00,1.855
10/24/2022 20:00,1.83
10/24/2022 21:00,1.757
10/24/2022 22:00,1.697
10/24/2022 23:00,1.669
10/25/2022 0:00,1.636
10/25/2022 1:00,1.642
10/25/2022 2:00,1.646
10/25/2022 3:00,1.663
10/25/2022 4:00,1.654
10/25/2022 5:00,1.661
10/25/2022 6:00,1.667
10/25/2022 7:00,1.662
10/25/2022 8:00,1.631
10/25/2022 9:00,1.675
10/25/2022 10:00,1.704
10/25/2022 11:00,1.691
10/25/2022 12:00,1.661
10/25/2022 13:00,1.612
10/25/2022 14:00,1.533
10/25/2022 15:00,1.513
10/25/2022 16:00,1.528
10/25/2022 17:00,1.584
10/25/2022 18:00,1.619
10/25/2022 19:00,1.583
10/25/2022 20:00,1.551
10/25/2022 21:00,1.512
10/25/2022 22:00,1.504
10/25/2022 23:00,1.509
10/26/2022 0:00,1.499
10/26/2022 1:00,1.522
10/26/2022 2:00,1.501
10/26/2022 3:00,1.469
10/26/2022 4:00,1.459
10/26/2022 5:00,1.39
10/26/2022 6:00,1.323
10/26/2022 7:00,1.32
10/26/2022 8:00,1.287
10/26/2022 9:00,1.241
10/26/2022 10:00,1.203
10/26/2022 11:00,1.17
10/26/2022 12:00,1.119
10/26/2022 13:00,1.021
10/26/2022 14:00,0.877
10/26/2022 15:00,0.857
10/26/2022 16:00,0.949
10/26/2022 17:00,1.074
10/26/2022 18:00,1.19
10/26/2022 19:00,1.259
10/26/2022 20:00,1.316
10/26/2022 21:00,1.361
10/26/2022 22:00,1.378
10/26/2022 23:00,1.367
10/27/2022 0:00,1.314
10/27/2022 1:00,1.25
10/27/2022 2:00,1.21
10/27/2022 3:00,1.238
10/27/2022 4:00,1.22
10/27/2022 5:00,1.246
10/27/2022 6:00,1.276
10/27/2022 7:00,1.347
10/27/2022 8:00,1.359
10/27/2022 9:00,1.223
10/27/2022 10:00,1.196
10/27/2022 11:00,1.222
10/27/2022 12:00,1.213
10/27/2022 13:00,1.148
10/27/2022 14:00,1.042
10/27/2022 15:00,1.013
10/27/2022 16:00,1.049
10/27/2022 17:00,1.088
10/27/2022 18:00,1.142
10/27/2022 19:00,1.192
10/27/2022 20:00,1.235
10/27/2022 21:00,1.248
10/27/2022 22:00,1.255
10/27/2022 23:00,1.284
10/28/2022 0:00,1.314
10/28/2022 1:00,1.37
10/28/2022 2:00,1.429
10/28/2022 3:00,1.433
10/28/2022 4:00,1.364
10/28/2022 5:00,1.315
10/28/2022 6:00,1.287
10/28/2022 7:00,1.255
10/28/2022 8:00,1.156
10/28/2022 9:00,1.062
10/28/2022 10:00,1.005
10/28/2022 11:00,0.975
10/28/2022 12:00,0.907
10/28/2022 13:00,0.835
10/28/2022 14:00,0.773
10/28/2022 15:00,0.864
10/28/2022 16:00,1.006
10/28/2022 17:00,1.097
10/28/2022 18:00,1.128
10/28/2022 19:00,1.132
10/28/2022 20:00,1.121
10/28/2022 21:00,1.192
10/28/2022 22:00,1.273
10/28/2022 23:00,1.361
10/29/2022 0:00,1.568
10/29/2022 1:00,1.816
10/29/2022 2:00,1.953
10/29/2022 3:00,2.046
10/29/2022 4:00,2.089
10/29/2022 5:00,2.104
10/29/2022 6:00,2.152
10/29/2022 7:00,2.195
10/29/2022 8:00,2.206
10/29/2022 9:00,2.19
10/29/2022 10:00,2.229
10/29/2022 11:00,2.245
10/29/2022 12:00,2.159
10/29/2022 13:00,2.041
10/29/2022 14:00,1.904
10/29/2022 15:00,1.791
10/29/2022 16:00,1.735
10/29/2022 17:00,1.658
10/29/2022 18:00,1.592
10/29/2022 19:00,1.556
10/29/2022 20:00,1.475
10/29/2022 21:00,1.417
10/29/2022 22:00,1.424
10/29/2022 23:00,1.408
10/30/2022 0:00,1.366
10/30/2022 1:00,1.332
10/30/2022 2:00,1.303
10/30/2022 3:00,1.245
10/30/2022 4:00,1.163
10/30/2022 5:00,1.126
10/30/2022 6:00,1.118
10/30/2022 7:00,1.081
10/30/2022 8:00,1.088
10/30/2022 9:00,1.028
10/30/2022 10:00,0.983
10/30/2022 11:00,0.906
10/30/2022 12:00,0.873
10/30/2022 13:00,0.859
10/30/2022 14:00,0.976
10/30/2022 15:00,1.117
10/30/2022 16:00,1.156
10/30/2022 17:00,1.154
10/30/2022 18:00,1.15
10/30/2022 19:00,1.154
10/30/2022 20:00,1.116
10/30/2022 21:00,1.076
10/30/2022 22:00,1.05
10/30/2022 23:00,1.035
10/31/2022 0:00,0.969
10/31/2022 1:00,0.883
10/31/2022 2:00,0.859
10/31/2022 3:00,0.873
10/31/2022 4:00,0.882
10/31/2022 5:00,0.905
10/31/2022 6:00,0.929
10/31/2022 7:00,0.885
10/31/2022 8:00,0.855
10/31/2022 9:00,0.805
10/31/2022 10:00,0.788
10/31/2022 11:00,0.77
10/31/2022 12:00,0.751
10/31/2022 13:00,0.72
10/31/2022 14:00,0.677
10/31/2022 15:00,0.788
10/31/2022 16:00,0.777
10/31/2022 17:00,0.765
10/31/2022 18:00,0.793
10/31/2022 19:00,0.827
10/31/2022 20:00,0.87
10/31/2022 21:00,0.927
10/31/2022 22:00,1.005
10/31/2022 23:00,1.086
11/1/2022 0:00,1.186
11/1/2022 1:00,1.282
11/1/2022 2:00,1.364
11/1/2022 3:00,1.436
11/1/2022 4:00,1.496
11/1/2022 5:00,1.542
11/1/2022 6:00,1.574
11/1/2022 7:00,1.6
11/1/2022 8:00,1.614
11/1/2022 9:00,1.593
11/1/2022 10:00,1.544
11/1/2022 11:00,1.498
11/1/2022 12:00,1.395
11/1/2022 13:00,1.295
11/1/2022 14:00,1.245
11/1/2022 15:00,1.321
11/1/2022 16:00,1.37
11/1/2022 17:00,1.368
11/1/2022 18:00,1.329
11/1/2022 19:00,1.351
11/1/2022 20:00,1.433
11/1/2022 21:00,1.466
11/1/2022 22:00,1.47
11/1/2022 23:00,1.435
11/2/2022 0:00,1.411
11/2/2022 1:00,1.373
11/2/2022 2:00,1.337
11/2/2022 3:00,1.362
11/2/2022 4:00,1.419
11/2/2022 5:00,1.485
11/2/2022 6:00,1.572
11/2/2022 7:00,1.681
11/2/2022 8:00,1.716
11/2/2022 9:00,1.674
11/2/2022 10:00,1.685
11/2/2022 11:00,1.747
11/2/2022 12:00,1.782
11/2/2022 13:00,1.732
11/2/2022 14:00,1.702
11/2/2022 15:00,1.758
11/2/2022 16:00,1.854
11/2/2022 17:00,1.869
11/2/2022 18:00,1.846
11/2/2022 19:00,1.807
11/2/2022 20:00,1.689
11/2/2022 21:00,1.57
11/2/2022 22:00,1.489
11/2/2022 23:00,1.459
11/3/2022 0:00,1.514
11/3/2022 1:00,1.528
11/3/2022 2:00,1.561
11/3/2022 3:00,1.658
11/3/2022 4:00,1.772
11/3/2022 5:00,1.855
11/3/2022 6:00,1.917
11/3/2022 7:00,1.969
11/3/2022 8:00,2.019
11/3/2022 9:00,2.054
11/3/2022 10:00,2.08
11/3/2022 11:00,2.015
11/3/2022 12:00,1.911
11/3/2022 13:00,1.833
11/3/2022 14:00,1.802
11/3/2022 15:00,1.848
11/3/2022 16:00,1.938
11/3/2022 17:00,1.981
11/3/2022 18:00,1.984
11/3/2022 19:00,1.979
11/3/2022 20:00,1.971
11/3/2022 21:00,1.945
11/3/2022 22:00,1.939
11/3/2022 23:00,1.947
11/4/2022 0:00,1.969
11/4/2022 1:00,1.972
11/4/2022 2:00,1.985
11/4/2022 3:00,1.992
11/4/2022 4:00,1.995
11/4/2022 5:00,2
11/4/2022 6:00,1.995
11/4/2022 7:00,2.022
11/4/2022 8:00,2.029
11/4/2022 9:00,2.047
11/4/2022 10:00,2.012
11/4/2022 11:00,1.915
11/4/2022 12:00,1.799
11/4/2022 13:00,1.707
11/4/2022 14:00,1.683
11/4/2022 15:00,1.7
11/4/2022 16:00,1.715
11/4/2022 17:00,1.76
11/4/2022 18:00,1.811
11/4/2022 19:00,1.861
11/4/2022 20:00,1.89
11/4/2022 21:00,1.877
11/4/2022 22:00,1.815
11/4/2022 23:00,1.764
11/5/2022 0:00,1.774
11/5/2022 1:00,1.788
11/5/2022 2:00,1.788
11/5/2022 3:00,1.773
11/5/2022 4:00,1.745
11/5/2022 5:00,1.74
11/5/2022 6:00,1.728
11/5/2022 7:00,1.765
11/5/2022 8:00,1.841
11/5/2022 9:00,1.908
11/5/2022 10:00,1.977
11/5/2022 11:00,2.009
11/5/2022 12:00,1.983
11/5/2022 13:00,1.888
11/5/2022 14:00,1.75
11/5/2022 15:00,1.675
11/5/2022 16:00,1.726
11/5/2022 17:00,1.785
11/5/2022 18:00,1.832
11/5/2022 19:00,1.868
11/5/2022 20:00,1.876
11/5/2022 21:00,1.894
11/5/2022 22:00,1.904
11/5/2022 23:00,1.977
11/6/2022 0:00,2.021
11/6/2022 1:00,2.031
11/6/2022 2:00,2.039
11/6/2022 3:00,2.062
11/6/2022 4:00,2.118
11/6/2022 5:00,2.213
11/6/2022 6:00,2.314
11/6/2022 7:00,2.403
11/6/2022 8:00,2.383
11/6/2022 9:00,2.355
11/6/2022 10:00,2.266
11/6/2022 11:00,2.204
11/6/2022 12:00,2.135
11/6/2022 13:00,2.037
11/6/2022 14:00,1.923
11/6/2022 15:00,1.832
11/6/2022 16:00,1.822
11/6/2022 17:00,1.878
11/6/2022 18:00,1.916
11/6/2022 19:00,1.922
11/6/2022 20:00,1.956
11/6/2022 21:00,1.976
11/6/2022 22:00,1.975
11/6/2022 23:00,1.986
11/7/2022 0:00,1.981
11/7/2022 1:00,1.967
11/7/2022 2:00,2.013
11/7/2022 3:00,2.104
11/7/2022 4:00,2.188
11/7/2022 5:00,2.245
11/7/2022 6:00,2.278
11/7/2022 7:00,2.297
11/7/2022 8:00,2.31
11/7/2022 9:00,2.342
11/7/2022 10:00,2.32
11/7/2022 11:00,2.323
11/7/2022 12:00,2.259
11/7/2022 13:00,2.2
11/7/2022 14:00,2.141
11/7/2022 15:00,2.107
11/7/2022 16:00,2.092
11/7/2022 17:00,2.014
11/7/2022 18:00,1.988
11/7/2022 19:00,1.93
11/7/2022 20:00,1.884
11/7/2022 21:00,1.864
11/7/2022 22:00,1.875
11/7/2022 23:00,1.865
11/8/2022 0:00,1.807
11/8/2022 1:00,1.763
11/8/2022 2:00,1.761
11/8/2022 3:00,1.665
11/8/2022 4:00,1.616
11/8/2022 5:00,1.59
11/8/2022 6:00,1.548
11/8/2022 7:00,1.511
11/8/2022 8:00,1.455
11/8/2022 9:00,1.467
11/8/2022 10:00,1.481
11/8/2022 11:00,1.473
11/8/2022 12:00,1.413
11/8/2022 13:00,1.389
11/8/2022 14:00,1.415
11/8/2022 15:00,1.549
11/8/2022 16:00,1.701
11/8/2022 17:00,1.734
11/8/2022 18:00,1.722
11/8/2022 19:00,1.746
11/8/2022 20:00,1.775
11/8/2022 21:00,1.677
11/8/2022 22:00,1.622
11/8/2022 23:00,1.616
11/9/2022 0:00,1.656
11/9/2022 1:00,1.664
11/9/2022 2:00,1.733
11/9/2022 3:00,1.795
11/9/2022 4:00,1.796
11/9/2022 5:00,1.797
11/9/2022 6:00,1.771
11/9/2022 7:00,1.773
11/9/2022 8:00,1.766
11/9/2022 9:00,1.724
11/9/2022 10:00,1.693
11/9/2022 11:00,1.685
11/9/2022 12:00,1.658
11/9/2022 13:00,1.596
11/9/2022 14:00,1.488
11/9/2022 15:00,1.387
11/9/2022 16:00,1.39
11/9/2022 17:00,1.432
11/9/2022 18:00,1.476
11/9/2022 19:00,1.522
11/9/2022 20:00,1.561
11/9/2022 21:00,1.598
11/9/2022 22:00,1.598
11/9/2022 23:00,1.606
11/10/2022 0:00,1.615
11/10/2022 1:00,1.628
11/10/2022 2:00,1.643
11/10/2022 3:00,1.658
11/10/2022 4:00,1.628
11/10/2022 5:00,1.606
11/10/2022 6:00,1.601
11/10/2022 7:00,1.594
11/10/2022 8:00,1.603
11/10/2022 9:00,1.64
11/10/2022 10:00,1.659
11/10/2022 11:00,1.673
11/10/2022 12:00,1.717
11/10/2022 13:00,1.73
11/10/2022 14:00,1.764
11/10/2022 15:00,1.86
11/10/2022 16:00,1.906
11/10/2022 17:00,1.974
11/10/2022 18:00,2.092
11/10/2022 19:00,2.176
11/10/2022 20:00,2.232
11/10/2022 21:00,2.316
11/10/2022 22:00,2.313
11/10/2022 23:00,2.333
11/11/2022 0:00,2.386
11/11/2022 1:00,2.438
11/11/2022 2:00,2.459
11/11/2022 3:00,2.496
11/11/2022 4:00,2.503
11/11/2022 5:00,2.469
11/11/2022 6:00,2.477
11/11/2022 7:00,2.438
11/11/2022 8:00,2.401
11/11/2022 9:00,2.38
11/11/2022 10:00,2.379
11/11/2022 11:00,2.33
11/11/2022 12:00,2.286
11/11/2022 13:00,2.269
11/11/2022 14:00,2.233
11/11/2022 15:00,2.223
11/11/2022 16:00,2.227
11/11/2022 17:00,2.221
11/11/2022 18:00,2.234
11/11/2022 19:00,2.272
11/11/2022 20:00,2.324
11/11/2022 21:00,2.37
11/11/2022 22:00,2.425
11/11/2022 23:00,2.431
11/12/2022 0:00,2.397
11/12/2022 1:00,2.349
11/12/2022 2:00,2.286
11/12/2022 3:00,2.204
11/12/2022 4:00,2.109
11/12/2022 5:00,1.991
11/12/2022 6:00,1.859
11/12/2022 7:00,1.79
11/12/2022 8:00,1.743
11/12/2022 9:00,1.653
11/12/2022 10:00,1.549
11/12/2022 11:00,1.47
11/12/2022 12:00,1.367
11/12/2022 13:00,1.224
11/12/2022 14:00,1.086
11/12/2022 15:00,1.027
11/12/2022 16:00,0.998
11/12/2022 17:00,0.956
11/12/2022 18:00,0.925
11/12/2022 19:00,0.93
11/12/2022 20:00,0.925
11/12/2022 21:00,0.914
11/12/2022 22:00,0.92
11/12/2022 23:00,0.941
11/13/2022 0:00,0.943
11/13/2022 1:00,0.912
11/13/2022 2:00,0.882
11/13/2022 3:00,0.834
11/13/2022 4:00,0.781
11/13/2022 5:00,0.767
11/13/2022 6:00,0.745
11/13/2022 7:00,0.666
11/13/2022 8:00,0.491
11/13/2022 9:00,0.379
11/13/2022 10:00,0.343
11/13/2022 11:00,0.357
11/13/2022 12:00,0.39
11/13/2022 13:00,0.509
11/13/2022 14:00,0.684
11/13/2022 15:00,0.755
11/13/2022 16:00,0.806
11/13/2022 17:00,0.868
11/13/2022 18:00,0.886
11/13/2022 19:00,0.937
11/13/2022 20:00,0.965
11/13/2022 21:00,0.946
11/13/2022 22:00,0.934
11/13/2022 23:00,0.919
11/14/2022 0:00,0.947
11/14/2022 1:00,0.984
11/14/2022 2:00,1.043
11/14/2022 3:00,1.094
11/14/2022 4:00,1.165
11/14/2022 5:00,1.215
11/14/2022 6:00,1.256
11/14/2022 7:00,1.291
11/14/2022 8:00,1.314
11/14/2022 9:00,1.34
11/14/2022 10:00,1.335
11/14/2022 11:00,1.303
11/14/2022 12:00,1.262
11/14/2022 13:00,1.208
11/14/2022 14:00,1.18
11/14/2022 15:00,1.232
11/14/2022 16:00,1.321
11/14/2022 17:00,1.352
11/14/2022 18:00,1.329
11/14/2022 19:00,1.28
11/14/2022 20:00,1.247
11/14/2022 21:00,1.215
11/14/2022 22:00,1.191
11/14/2022 23:00,1.221
11/15/2022 0:00,1.278
11/15/2022 1:00,1.382
11/15/2022 2:00,1.488
11/15/2022 3:00,1.583
11/15/2022 4:00,1.672
11/15/2022 5:00,1.761
11/15/2022 6:00,1.82
11/15/2022 7:00,1.882
11/15/2022 8:00,1.986
11/15/2022 9:00,2.084
11/15/2022 10:00,2.163
11/15/2022 11:00,2.208
11/15/2022 12:00,2.215
11/15/2022 13:00,2.22
11/15/2022 14:00,2.24
11/15/2022 15:00,2.309
11/15/2022 16:00,2.362
11/15/2022 17:00,2.374
11/15/2022 18:00,2.384
11/15/2022 19:00,2.395
11/15/2022 20:00,2.377
11/15/2022 21:00,2.344
11/15/2022 22:00,2.297
11/15/2022 23:00,2.284
11/16/2022 0:00,2.323
11/16/2022 1:00,2.351
11/16/2022 2:00,2.391
11/16/2022 3:00,2.419
11/16/2022 4:00,2.449
11/16/2022 5:00,2.466
11/16/2022 6:00,2.466
11/16/2022 7:00,2.469
11/16/2022 8:00,2.473
11/16/2022 9:00,2.542
11/16/2022 10:00,2.596
11/16/2022 11:00,2.565
11/16/2022 12:00,2.49
11/16/2022 13:00,2.427
11/16/2022 14:00,2.405
11/16/2022 15:00,2.416
11/16/2022 16:00,2.424
11/16/2022 17:00,2.432
11/16/2022 18:00,2.425
11/16/2022 19:00,2.411
11/16/2022 20:00,2.37
11/16/2022 21:00,2.312
11/16/2022 22:00,2.294
11/16/2022 23:00,2.296
11/17/2022 0:00,2.313
11/17/2022 1:00,2.331
11/17/2022 2:00,2.341
11/17/2022 3:00,2.351
11/17/2022 4:00,2.358
11/17/2022 5:00,2.383
11/17/2022 6:00,2.399
11/17/2022 7:00,2.408
11/17/2022 8:00,2.406
11/17/2022 9:00,2.438
11/17/2022 10:00,2.492
11/17/2022 11:00,2.497
11/17/2022 12:00,2.473
11/17/2022 13:00,2.439
11/17/2022 14:00,2.411
11/17/2022 15:00,2.404
11/17/2022 16:00,2.42
11/17/2022 17:00,2.423
11/17/2022 18:00,2.404
11/17/2022 19:00,2.376
11/17/2022 20:00,2.315
11/17/2022 21:00,2.271
11/17/2022 22:00,2.251
11/17/2022 23:00,2.237
11/18/2022 0:00,2.227
11/18/2022 1:00,2.229
11/18/2022 2:00,2.245
11/18/2022 3:00,2.255
11/18/2022 4:00,2.272
11/18/2022 5:00,2.328
11/18/2022 6:00,2.333
11/18/2022 7:00,2.268
11/18/2022 8:00,2.232
11/18/2022 9:00,2.234
11/18/2022 10:00,2.271
11/18/2022 11:00,2.278
11/18/2022 12:00,2.264
11/18/2022 13:00,2.253
11/18/2022 14:00,2.262
11/18/2022 15:00,2.274
11/18/2022 16:00,2.255
11/18/2022 17:00,2.207
11/18/2022 18:00,2.126
11/18/2022 19:00,2.041
11/18/2022 20:00,1.968
11/18/2022 21:00,1.942
11/18/2022 22:00,1.979
11/18/2022 23:00,2.037
11/19/2022 0:00,2.1
11/19/2022 1:00,2.186
11/19/2022 2:00,2.267
11/19/2022 3:00,2.339
11/19/2022 4:00,2.386
11/19/2022 5:00,2.447
11/19/2022 6:00,2.492
11/19/2022 7:00,2.505
11/19/2022 8:00,2.507
11/19/2022 9:00,2.524
11/19/2022 10:00,2.535
11/19/2022 11:00,2.521
11/19/2022 12:00,2.486
11/19/2022 13:00,2.432
11/19/2022 14:00,2.385
11/19/2022 15:00,2.324
11/19/2022 16:00,2.257
11/19/2022 17:00,2.183
11/19/2022 18:00,2.121
11/19/2022 19:00,2.056
11/19/2022 20:00,1.987
11/19/2022 21:00,1.971
11/19/2022 22:00,1.962
11/19/2022 23:00,1.962
11/20/2022 0:00,1.947
11/20/2022 1:00,1.913
11/20/2022 2:00,1.872
11/20/2022 3:00,1.843
11/20/2022 4:00,1.839
11/20/2022 5:00,1.813
11/20/2022 6:00,1.79
11/20/2022 7:00,1.754
11/20/2022 8:00,1.748
11/20/2022 9:00,1.718
11/20/2022 10:00,1.659
11/20/2022 11:00,1.583
11/20/2022 12:00,1.523
11/20/2022 13:00,1.466
11/20/2022 14:00,1.458
11/20/2022 15:00,1.481
11/20/2022 16:00,1.483
11/20/2022 17:00,1.461
11/20/2022 18:00,1.438
11/20/2022 19:00,1.431
11/20/2022 20:00,1.464
11/20/2022 21:00,1.545
11/20/2022 22:00,1.617
11/20/2022 23:00,1.67
11/21/2022 0:00,1.694
11/21/2022 1:00,1.683
11/21/2022 2:00,1.67
11/21/2022 3:00,1.639
11/21/2022 4:00,1.616
11/21/2022 5:00,1.628
11/21/2022 6:00,1.646
11/21/2022 7:00,1.665
11/21/2022 8:00,1.673
11/21/2022 9:00,1.704
11/21/2022 10:00,1.724
11/21/2022 11:00,1.711
11/21/2022 12:00,1.683
11/21/2022 13:00,1.661
11/21/2022 14:00,1.672
11/21/2022 15:00,1.681
11/21/2022 16:00,1.665
11/21/2022 17:00,1.624
11/21/2022 18:00,1.598
11/21/2022 19:00,1.583
11/21/2022 20:00,1.623
11/21/2022 21:00,1.661
11/21/2022 22:00,1.65
11/21/2022 23:00,1.629
11/22/2022 0:00,1.642
11/22/2022 1:00,1.673
11/22/2022 2:00,1.709
11/22/2022 3:00,1.735
11/22/2022 4:00,1.799
11/22/2022 5:00,1.874
11/22/2022 6:00,1.939
11/22/2022 7:00,2.013
11/22/2022 8:00,2.04
11/22/2022 9:00,2.023
11/22/2022 10:00,2
11/22/2022 11:00,1.996
11/22/2022 12:00,2.018
11/22/2022 13:00,2.067
11/22/2022 14:00,2.116
11/22/2022 15:00,2.169
11/22/2022 16:00,2.207
11/22/2022 17:00,2.201
11/22/2022 18:00,2.207
11/22/2022 19:00,2.206
11/22/2022 20:00,2.198
11/22/2022 21:00,2.173
11/22/2022 22:00,2.129
11/22/2022 23:00,2.116
11/23/2022 0:00,2.092
11/23/2022 1:00,2.079
11/23/2022 2:00,2.069
11/23/2022 3:00,2.047
11/23/2022 4:00,2.008
11/23/2022 5:00,1.982
11/23/2022 6:00,2.009
11/23/2022 7:00,2.015
11/23/2022 8:00,2.025
11/23/2022 9:00,2.002
11/23/2022 10:00,1.933
11/23/2022 11:00,1.87
11/23/2022 12:00,1.825
11/23/2022 13:00,1.81
11/23/2022 14:00,1.838
11/23/2022 15:00,1.875
11/23/2022 16:00,1.913
11/23/2022 17:00,1.955
11/23/2022 18:00,1.989
11/23/2022 19:00,2.006
11/23/2022 20:00,1.965
11/23/2022 21:00,1.939
11/23/2022 22:00,1.914
11/23/2022 23:00,1.887
11/24/2022 0:00,1.864
11/24/2022 1:00,1.81
11/24/2022 2:00,1.762
11/24/2022 3:00,1.724
11/24/2022 4:00,1.692
11/24/2022 5:00,1.688
11/24/2022 6:00,1.676
11/24/2022 7:00,1.654
11/24/2022 8:00,1.624
11/24/2022 9:00,1.574
11/24/2022 10:00,1.521
11/24/2022 11:00,1.445
11/24/2022 12:00,1.39
11/24/2022 13:00,1.341
11/24/2022 14:00,1.307
11/24/2022 15:00,1.298
11/24/2022 16:00,1.285
11/24/2022 17:00,1.254
11/24/2022 18:00,1.218
11/24/2022 19:00,1.207
11/24/2022 20:00,1.216
11/24/2022 21:00,1.24
11/24/2022 22:00,1.251
11/24/2022 23:00,1.262
11/25/2022 0:00,1.285
11/25/2022 1:00,1.315
11/25/2022 2:00,1.349
11/25/2022 3:00,1.362
11/25/2022 4:00,1.388
11/25/2022 5:00,1.432
11/25/2022 6:00,1.487
11/25/2022 7:00,1.543
11/25/2022 8:00,1.573
11/25/2022 9:00,1.559
11/25/2022 10:00,1.532
11/25/2022 11:00,1.508
11/25/2022 12:00,1.488
11/25/2022 13:00,1.491
11/25/2022 14:00,1.522
11/25/2022 15:00,1.567
11/25/2022 16:00,1.603
11/25/2022 17:00,1.592
11/25/2022 18:00,1.541
11/25/2022 19:00,1.475
11/25/2022 20:00,1.41
11/25/2022 21:00,1.345
11/25/2022 22:00,1.288
11/25/2022 23:00,1.248
11/26/2022 0:00,1.222
11/26/2022 1:00,1.201
11/26/2022 2:00,1.183
11/26/2022 3:00,1.164
11/26/2022 4:00,1.149
11/26/2022 5:00,1.128
11/26/2022 6:00,1.093
11/26/2022 7:00,1.063
11/26/2022 8:00,1.023
11/26/2022 9:00,0.946
11/26/2022 10:00,0.889
11/26/2022 11:00,0.831
11/26/2022 12:00,0.794
11/26/2022 13:00,0.811
11/26/2022 14:00,0.885
11/26/2022 15:00,0.942
11/26/2022 16:00,0.983
11/26/2022 17:00,0.999
11/26/2022 18:00,1.013
11/26/2022 19:00,1.026
11/26/2022 20:00,1.055
11/26/2022 21:00,1.078
11/26/2022 22:00,1.097
11/26/2022 23:00,1.109
11/27/2022 0:00,1.092
11/27/2022 1:00,1.036
11/27/2022 2:00,0.993
11/27/2022 3:00,1.048
11/27/2022 4:00,1.11
11/27/2022 5:00,1.173
11/27/2022 6:00,1.241
11/27/2022 7:00,1.306
11/27/2022 8:00,1.316
11/27/2022 9:00,1.248
11/27/2022 10:00,1.23
11/27/2022 11:00,1.229
11/27/2022 12:00,1.229
11/27/2022 13:00,1.28
11/27/2022 14:00,1.398
11/27/2022 15:00,1.504
11/27/2022 16:00,1.584
11/27/2022 17:00,1.627
11/27/2022 18:00,1.66
11/27/2022 19:00,1.68
11/27/2022 20:00,1.7
11/27/2022 21:00,1.7
11/27/2022 22:00,1.685
11/27/2022 23:00,1.696
11/28/2022 0:00,1.713
11/28/2022 1:00,1.742
11/28/2022 2:00,1.798
11/28/2022 3:00,1.863
11/28/2022 4:00,1.901
11/28/2022 5:00,1.943
11/28/2022 6:00,1.984
11/28/2022 7:00,2.038
11/28/2022 8:00,2.056
11/28/2022 9:00,2.056
11/28/2022 10:00,2.045
11/28/2022 11:00,2.02
11/28/2022 12:00,2.013
11/28/2022 13:00,2.014
11/28/2022 14:00,2.019
11/28/2022 15:00,2.023
11/28/2022 16:00,2.026
11/28/2022 17:00,2.03
11/28/2022 18:00,2.005
11/28/2022 19:00,1.967
11/28/2022 20:00,1.912
11/28/2022 21:00,1.837
11/28/2022 22:00,1.782
11/28/2022 23:00,1.746
11/29/2022 0:00,1.73
11/29/2022 1:00,1.736
11/29/2022 2:00,1.748
11/29/2022 3:00,1.731
11/29/2022 4:00,1.688
11/29/2022 5:00,1.669
11/29/2022 6:00,1.664
11/29/2022 7:00,1.621
11/29/2022 8:00,1.605
11/29/2022 9:00,1.591
11/29/2022 10:00,1.552
11/29/2022 11:00,1.513
11/29/2022 12:00,1.467
11/29/2022 13:00,1.419
11/29/2022 14:00,1.397
11/29/2022 15:00,1.425
11/29/2022 16:00,1.446
11/29/2022 17:00,1.471
11/29/2022 18:00,1.453
11/29/2022 19:00,1.437
11/29/2022 20:00,1.405
11/29/2022 21:00,1.372
11/29/2022 22:00,1.337
11/29/2022 23:00,1.325
11/30/2022 0:00,1.308
11/30/2022 1:00,1.304
11/30/2022 2:00,1.295
11/30/2022 3:00,1.302
11/30/2022 4:00,1.314
11/30/2022 5:00,1.331
11/30/2022 6:00,1.344
11/30/2022 7:00,1.353
11/30/2022 8:00,1.334
11/30/2022 9:00,1.28
11/30/2022 10:00,1.23
11/30/2022 11:00,1.173
11/30/2022 12:00,1.184
11/30/2022 13:00,1.267
11/30/2022 14:00,1.335
11/30/2022 15:00,1.369
11/30/2022 16:00,1.368
11/30/2022 17:00,1.333
11/30/2022 18:00,1.296
11/30/2022 19:00,1.252
11/30/2022 20:00,1.203
11/30/2022 21:00,1.175
11/30/2022 22:00,1.164
11/30/2022 23:00,1.151
12/1/2022 0:00,1.136
12/1/2022 1:00,1.124
12/1/2022 2:00,1.112
12/1/2022 3:00,1.108
12/1/2022 4:00,1.105
12/1/2022 5:00,1.119
12/1/2022 6:00,1.135
12/1/2022 7:00,1.143
12/1/2022 8:00,1.14
12/1/2022 9:00,1.123
12/1/2022 10:00,1.066
12/1/2022 11:00,1.028
12/1/2022 12:00,1.025
12/1/2022 13:00,1.014
12/1/2022 14:00,1.055
12/1/2022 15:00,1.127
12/1/2022 16:00,1.168
12/1/2022 17:00,1.181
12/1/2022 18:00,1.18
12/1/2022 19:00,1.177
12/1/2022 20:00,1.179
12/1/2022 21:00,1.181
12/1/2022 22:00,1.182
12/1/2022 23:00,1.192
12/2/2022 0:00,1.213
12/2/2022 1:00,1.249
12/2/2022 2:00,1.283
12/2/2022 3:00,1.31
12/2/2022 4:00,1.34
12/2/2022 5:00,1.369
12/2/2022 6:00,1.403
12/2/2022 7:00,1.438
12/2/2022 8:00,1.474
12/2/2022 9:00,1.492
12/2/2022 10:00,1.489
12/2/2022 11:00,1.496
12/2/2022 12:00,1.509
12/2/2022 13:00,1.53
12/2/2022 14:00,1.56
12/2/2022 15:00,1.599
12/2/2022 16:00,1.642
12/2/2022 17:00,1.661
12/2/2022 18:00,1.647
12/2/2022 19:00,1.635
12/2/2022 20:00,1.633
12/2/2022 21:00,1.627
12/2/2022 22:00,1.631
12/2/2022 23:00,1.635
12/3/2022 0:00,1.643
12/3/2022 1:00,1.649
12/3/2022 2:00,1.663
12/3/2022 3:00,1.657
12/3/2022 4:00,1.644
12/3/2022 5:00,1.655
12/3/2022 6:00,1.654
12/3/2022 7:00,1.667
12/3/2022 8:00,1.692
12/3/2022 9:00,1.697
12/3/2022 10:00,1.68
12/3/2022 11:00,1.667
12/3/2022 12:00,1.67
12/3/2022 13:00,1.705
12/3/2022 14:00,1.723
12/3/2022 15:00,1.743
12/3/2022 16:00,1.762
12/3/2022 17:00,1.764
12/3/2022 18:00,1.763
12/3/2022 19:00,1.754
12/3/2022 20:00,1.75
12/3/2022 21:00,1.729
12/3/2022 22:00,1.698
12/3/2022 23:00,1.688
12/4/2022 0:00,1.699
12/4/2022 1:00,1.692
12/4/2022 2:00,1.687
12/4/2022 3:00,1.695
12/4/2022 4:00,1.698
12/4/2022 5:00,1.704
12/4/2022 6:00,1.722
12/4/2022 7:00,1.717
12/4/2022 8:00,1.711
12/4/2022 9:00,1.672
12/4/2022 10:00,1.646
12/4/2022 11:00,1.65
12/4/2022 12:00,1.68
12/4/2022 13:00,1.712
12/4/2022 14:00,1.78
12/4/2022 15:00,1.828
12/4/2022 16:00,1.859
12/4/2022 17:00,1.853
12/4/2022 18:00,1.869
12/4/2022 19:00,1.878
12/4/2022 20:00,1.886
12/4/2022 21:00,1.918
12/4/2022 22:00,1.931
12/4/2022 23:00,1.932
12/5/2022 0:00,1.937
12/5/2022 1:00,1.93
12/5/2022 2:00,1.936
12/5/2022 3:00,1.919
12/5/2022 4:00,1.872
12/5/2022 5:00,1.842
12/5/2022 6:00,1.806
12/5/2022 7:00,1.763
12/5/2022 8:00,1.673
12/5/2022 9:00,1.567
12/5/2022 10:00,1.468
12/5/2022 11:00,1.416
12/5/2022 12:00,1.392
12/5/2022 13:00,1.418
12/5/2022 14:00,1.387
12/5/2022 15:00,1.346
12/5/2022 16:00,1.319
12/5/2022 17:00,1.263
12/5/2022 18:00,1.19
12/5/2022 19:00,1.12
12/5/2022 20:00,1.077
12/5/2022 21:00,1.079
12/5/2022 22:00,1.103
12/5/2022 23:00,1.136
12/6/2022 0:00,1.167
12/6/2022 1:00,1.189
12/6/2022 2:00,1.196
12/6/2022 3:00,1.181
12/6/2022 4:00,1.149
12/6/2022 5:00,1.124
12/6/2022 6:00,1.114
12/6/2022 7:00,1.116
12/6/2022 8:00,1.128
12/6/2022 9:00,1.087
12/6/2022 10:00,1.04
12/6/2022 11:00,1.017
12/6/2022 12:00,1.014
12/6/2022 13:00,1.026
12/6/2022 14:00,1.085
12/6/2022 15:00,1.123
12/6/2022 16:00,1.139
12/6/2022 17:00,1.137
12/6/2022 18:00,1.113
12/6/2022 19:00,1.076
12/6/2022 20:00,1.035
12/6/2022 21:00,1.005
12/6/2022 22:00,0.999
12/6/2022 23:00,1.02
12/7/2022 0:00,1.056
12/7/2022 1:00,1.085
12/7/2022 2:00,1.108
12/7/2022 3:00,1.122
12/7/2022 4:00,1.141
12/7/2022 5:00,1.17
12/7/2022 6:00,1.193
12/7/2022 7:00,1.209
12/7/2022 8:00,1.219
12/7/2022 9:00,1.221
12/7/2022 10:00,1.226
12/7/2022 11:00,1.25
12/7/2022 12:00,1.328
12/7/2022 13:00,1.432
12/7/2022 14:00,1.522
12/7/2022 15:00,1.564
12/7/2022 16:00,1.564
12/7/2022 17:00,1.519
12/7/2022 18:00,1.462
12/7/2022 19:00,1.386
12/7/2022 20:00,1.325
12/7/2022 21:00,1.287
12/7/2022 22:00,1.263
12/7/2022 23:00,1.234
12/8/2022 0:00,1.184
12/8/2022 1:00,1.147
12/8/2022 2:00,1.125
12/8/2022 3:00,1.105
12/8/2022 4:00,1.06
12/8/2022 5:00,1.053
12/8/2022 6:00,1.116
12/8/2022 7:00,1.184
12/8/2022 8:00,1.213
12/8/2022 9:00,1.158
12/8/2022 10:00,1.143
12/8/2022 11:00,1.126
12/8/2022 12:00,1.097
12/8/2022 13:00,1.119
12/8/2022 14:00,1.181
12/8/2022 15:00,1.211
12/8/2022 16:00,1.261
12/8/2022 17:00,1.328
12/8/2022 18:00,1.382
12/8/2022 19:00,1.41
12/8/2022 20:00,1.425
12/8/2022 21:00,1.398
12/8/2022 22:00,1.37
12/8/2022 23:00,1.336
12/9/2022 0:00,1.3
12/9/2022 1:00,1.245
12/9/2022 2:00,1.195
12/9/2022 3:00,1.156
12/9/2022 4:00,1.125
12/9/2022 5:00,1.103
12/9/2022 6:00,1.096
12/9/2022 7:00,1.097
12/9/2022 8:00,1.1
12/9/2022 9:00,1.101
12/9/2022 10:00,1.108
12/9/2022 11:00,1.117
12/9/2022 12:00,1.105
12/9/2022 13:00,1.11
12/9/2022 14:00,1.163
12/9/2022 15:00,1.192
12/9/2022 16:00,1.195
12/9/2022 17:00,1.185
12/9/2022 18:00,1.178
12/9/2022 19:00,1.178
12/9/2022 20:00,1.184
12/9/2022 21:00,1.189
12/9/2022 22:00,1.186
12/9/2022 23:00,1.171
12/10/2022 0:00,1.15
12/10/2022 1:00,1.13
12/10/2022 2:00,1.114
12/10/2022 3:00,1.095
12/10/2022 4:00,1.071
12/10/2022 5:00,1.063
12/10/2022 6:00,1.051
12/10/2022 7:00,1.031
12/10/2022 8:00,0.993
12/10/2022 9:00,0.914
12/10/2022 10:00,0.88
12/10/2022 11:00,0.883
12/10/2022 12:00,0.899
12/10/2022 13:00,0.957
12/10/2022 14:00,1.062
12/10/2022 15:00,1.119
12/10/2022 16:00,1.146
12/10/2022 17:00,1.153
12/10/2022 18:00,1.153
12/10/2022 19:00,1.147
12/10/2022 20:00,1.133
12/10/2022 21:00,1.118
12/10/2022 22:00,1.128
12/10/2022 23:00,1.146
12/11/2022 0:00,1.18
12/11/2022 1:00,1.218
12/11/2022 2:00,1.253
12/11/2022 3:00,1.269
12/11/2022 4:00,1.285
12/11/2022 5:00,1.298
12/11/2022 6:00,1.314
12/11/2022 7:00,1.339
12/11/2022 8:00,1.377
12/11/2022 9:00,1.346
12/11/2022 10:00,1.28
12/11/2022 11:00,1.255
12/11/2022 12:00,1.266
12/11/2022 13:00,1.302
12/11/2022 14:00,1.351
12/11/2022 15:00,1.425
12/11/2022 16:00,1.465
12/11/2022 17:00,1.475
12/11/2022 18:00,1.461
12/11/2022 19:00,1.443
12/11/2022 20:00,1.429
12/11/2022 21:00,1.438
12/11/2022 22:00,1.448
12/11/2022 23:00,1.457
12/12/2022 0:00,1.479
12/12/2022 1:00,1.51
12/12/2022 2:00,1.534
12/12/2022 3:00,1.56
12/12/2022 4:00,1.579
12/12/2022 5:00,1.605
12/12/2022 6:00,1.619
12/12/2022 7:00,1.643
12/12/2022 8:00,1.688
12/12/2022 9:00,1.747
12/12/2022 10:00,1.778
12/12/2022 11:00,1.775
12/12/2022 12:00,1.785
12/12/2022 13:00,1.79
12/12/2022 14:00,1.828
12/12/2022 15:00,1.905
12/12/2022 16:00,1.951
12/12/2022 17:00,1.987
12/12/2022 18:00,2.021
12/12/2022 19:00,2.062
12/12/2022 20:00,2.113
12/12/2022 21:00,2.189
12/12/2022 22:00,2.263
12/12/2022 23:00,2.283
12/13/2022 0:00,2.289
12/13/2022 1:00,2.274
12/13/2022 2:00,2.235
12/13/2022 3:00,2.203
12/13/2022 4:00,2.147
12/13/2022 5:00,2.049
12/13/2022 6:00,1.963
12/13/2022 7:00,1.886
12/13/2022 8:00,1.829
12/13/2022 9:00,1.772
12/13/2022 10:00,1.725
12/13/2022 11:00,1.654
12/13/2022 12:00,1.567
12/13/2022 13:00,1.469
12/13/2022 14:00,1.416
12/13/2022 15:00,1.416
12/13/2022 16:00,1.425
12/13/2022 17:00,1.464
12/13/2022 18:00,1.555
12/13/2022 19:00,1.747
12/13/2022 20:00,1.938
12/13/2022 21:00,2.06
12/13/2022 22:00,2.115
12/13/2022 23:00,2.164
12/14/2022 0:00,2.146
12/14/2022 1:00,2.121
12/14/2022 2:00,2.088
12/14/2022 3:00,2.039
12/14/2022 4:00,2.003
12/14/2022 5:00,1.985
12/14/2022 6:00,2.011
12/14/2022 7:00,2.017
12/14/2022 8:00,1.975
12/14/2022 9:00,1.923
12/14/2022 10:00,1.835
12/14/2022 11:00,1.726
12/14/2022 12:00,1.607
12/14/2022 13:00,1.504
12/14/2022 14:00,1.434
12/14/2022 15:00,1.399
12/14/2022 16:00,1.374
12/14/2022 17:00,1.373
12/14/2022 18:00,1.374
12/14/2022 19:00,1.412
12/14/2022 20:00,1.473
12/14/2022 21:00,1.515
12/14/2022 22:00,1.519
12/14/2022 23:00,1.514
12/15/2022 0:00,1.485
12/15/2022 1:00,1.437
12/15/2022 2:00,1.386
12/15/2022 3:00,1.331
12/15/2022 4:00,1.289
12/15/2022 5:00,1.253
12/15/2022 6:00,1.216
12/15/2022 7:00,1.189
12/15/2022 8:00,1.171
12/15/2022 9:00,1.137
12/15/2022 10:00,1.108
12/15/2022 11:00,1.102
12/15/2022 12:00,1.124
12/15/2022 13:00,1.185
12/15/2022 14:00,1.261
12/15/2022 15:00,1.276
12/15/2022 16:00,1.25
12/15/2022 17:00,1.204
12/15/2022 18:00,1.166
12/15/2022 19:00,1.135
12/15/2022 20:00,1.098
12/15/2022 21:00,1.093
12/15/2022 22:00,1.111
12/15/2022 23:00,1.125
12/16/2022 0:00,1.148
12/16/2022 1:00,1.16
12/16/2022 2:00,1.155
12/16/2022 3:00,1.105
12/16/2022 4:00,1.058
12/16/2022 5:00,1.063
12/16/2022 6:00,1.101
12/16/2022 7:00,1.113
12/16/2022 8:00,1.099
12/16/2022 9:00,0.976
12/16/2022 10:00,0.866
12/16/2022 11:00,0.809
12/16/2022 12:00,0.787
12/16/2022 13:00,0.86
12/16/2022 14:00,0.999
12/16/2022 15:00,1.043
12/16/2022 16:00,1.055
12/16/2022 17:00,1.059
12/16/2022 18:00,1.056
12/16/2022 19:00,1.056
12/16/2022 20:00,1.05
12/16/2022 21:00,1.05
12/16/2022 22:00,1.042
12/16/2022 23:00,1.051
12/17/2022 0:00,1.081
12/17/2022 1:00,1.143
12/17/2022 2:00,1.202
12/17/2022 3:00,1.245
12/17/2022 4:00,1.289
12/17/2022 5:00,1.355
12/17/2022 6:00,1.41
12/17/2022 7:00,1.456
12/17/2022 8:00,1.5
12/17/2022 9:00,1.534
12/17/2022 10:00,1.594
12/17/2022 11:00,1.689
12/17/2022 12:00,1.743
12/17/2022 13:00,1.762
12/17/2022 14:00,1.773
12/17/2022 15:00,1.81
12/17/2022 16:00,1.812
12/17/2022 17:00,1.822
12/17/2022 18:00,1.824
12/17/2022 19:00,1.84
12/17/2022 20:00,1.851
12/17/2022 21:00,1.892
12/17/2022 22:00,1.943
12/17/2022 23:00,1.989
12/18/2022 0:00,2.031
12/18/2022 1:00,2.07
12/18/2022 2:00,2.143
12/18/2022 3:00,2.166
12/18/2022 4:00,2.185
12/18/2022 5:00,2.233
12/18/2022 6:00,2.311
12/18/2022 7:00,2.354
12/18/2022 8:00,2.403
12/18/2022 9:00,2.433
12/18/2022 10:00,2.433
12/18/2022 11:00,2.436
12/18/2022 12:00,2.386
12/18/2022 13:00,2.279
12/18/2022 14:00,2.151
12/18/2022 15:00,2.073
12/18/2022 16:00,1.984
12/18/2022 17:00,1.919
12/18/2022 18:00,1.868
12/18/2022 19:00,1.831
12/18/2022 20:00,1.806
12/18/2022 21:00,1.831
12/18/2022 22:00,1.84
12/18/2022 23:00,1.865
12/19/2022 0:00,1.91
12/19/2022 1:00,1.954
12/19/2022 2:00,1.972
12/19/2022 3:00,1.97
12/19/2022 4:00,1.956
12/19/2022 5:00,1.935
12/19/2022 6:00,1.925
12/19/2022 7:00,1.943
12/19/2022 8:00,1.971
12/19/2022 9:00,1.939
12/19/2022 10:00,1.889
12/19/2022 11:00,1.869
12/19/2022 12:00,1.876
12/19/2022 13:00,1.859
12/19/2022 14:00,1.807
12/19/2022 15:00,1.796
12/19/2022 16:00,1.79
12/19/2022 17:00,1.734
12/19/2022 18:00,1.7
12/19/2022 19:00,1.687
12/19/2022 20:00,1.694
12/19/2022 21:00,1.673
12/19/2022 22:00,1.659
12/19/2022 23:00,1.658
12/20/2022 0:00,1.68
12/20/2022 1:00,1.655
12/20/2022 2:00,1.637
12/20/2022 3:00,1.629
12/20/2022 4:00,1.603
12/20/2022 5:00,1.662
12/20/2022 6:00,1.59
12/20/2022 7:00,1.485
12/20/2022 8:00,1.507
12/20/2022 9:00,1.557
12/20/2022 10:00,1.562
12/20/2022 11:00,1.56
12/20/2022 12:00,1.593
12/20/2022 13:00,1.57
12/20/2022 14:00,1.623
12/20/2022 15:00,1.688
12/20/2022 16:00,1.72
12/20/2022 17:00,1.741
12/20/2022 18:00,1.719
12/20/2022 19:00,1.717
12/20/2022 20:00,1.701
12/20/2022 21:00,1.625
12/20/2022 22:00,1.531
12/20/2022 23:00,1.437
12/21/2022 0:00,1.368
12/21/2022 1:00,1.319
12/21/2022 2:00,1.295
12/21/2022 3:00,1.313
12/21/2022 4:00,1.309
12/21/2022 5:00,1.352
12/21/2022 6:00,1.364
12/21/2022 7:00,1.365
12/21/2022 8:00,1.384
12/21/2022 9:00,1.376
12/21/2022 10:00,1.367
12/21/2022 11:00,1.349
12/21/2022 12:00,1.324
12/21/2022 13:00,1.35
12/21/2022 14:00,1.411
12/21/2022 15:00,1.484
12/21/2022 16:00,1.537
12/21/2022 17:00,1.575
12/21/2022 18:00,1.594
12/21/2022 19:00,1.62
12/21/2022 20:00,1.644
12/21/2022 21:00,1.655
12/21/2022 22:00,1.672
12/21/2022 23:00,1.649
12/22/2022 0:00,1.622
12/22/2022 1:00,1.583
12/22/2022 2:00,1.548
12/22/2022 3:00,1.53
12/22/2022 4:00,1.529
12/22/2022 5:00,1.532
12/22/2022 6:00,1.505
12/22/2022 7:00,1.512
12/22/2022 8:00,1.51
12/22/2022 9:00,1.48
12/22/2022 10:00,1.455
12/22/2022 11:00,1.42
12/22/2022 12:00,1.377
12/22/2022 13:00,1.334
12/22/2022 14:00,1.337
12/22/2022 15:00,1.401
12/22/2022 16:00,1.491
12/22/2022 17:00,1.56
12/22/2022 18:00,1.627
12/22/2022 19:00,1.641
12/22/2022 20:00,1.643
12/22/2022 21:00,1.658
12/22/2022 22:00,1.677
12/22/2022 23:00,1.718
12/23/2022 0:00,1.7
12/23/2022 1:00,1.747
12/23/2022 2:00,1.72
12/23/2022 3:00,1.711
12/23/2022 4:00,1.697
12/23/2022 5:00,1.67
12/23/2022 6:00,1.655
12/23/2022 7:00,1.652
12/23/2022 8:00,1.631
12/23/2022 9:00,1.651
12/23/2022 10:00,1.641
12/23/2022 11:00,1.629
12/23/2022 12:00,1.597
12/23/2022 13:00,1.535
12/23/2022 14:00,1.471
12/23/2022 15:00,1.38
12/23/2022 16:00,1.263
12/23/2022 17:00,1.179
12/23/2022 18:00,1.153
12/23/2022 19:00,1.133
12/23/2022 20:00,1.131
12/23/2022 21:00,1.142
12/23/2022 22:00,1.161
12/23/2022 23:00,1.179
12/24/2022 0:00,1.213
12/24/2022 1:00,1.233
12/24/2022 2:00,1.237
12/24/2022 3:00,1.201
12/24/2022 4:00,1.158
12/24/2022 5:00,1.131
12/24/2022 6:00,1.098
12/24/2022 7:00,1.072
12/24/2022 8:00,1.066
12/24/2022 9:00,1.042
12/24/2022 10:00,0.997
12/24/2022 11:00,0.98
12/24/2022 12:00,0.991
12/24/2022 13:00,1.041
12/24/2022 14:00,1.115
12/24/2022 15:00,1.149
12/24/2022 16:00,1.152
12/24/2022 17:00,1.134
12/24/2022 18:00,1.115
12/24/2022 19:00,1.094
12/24/2022 20:00,1.089
12/24/2022 21:00,1.1
12/24/2022 22:00,1.137
12/24/2022 23:00,1.19
12/25/2022 0:00,1.224
12/25/2022 1:00,1.255
12/25/2022 2:00,1.277
12/25/2022 3:00,1.29
12/25/2022 4:00,1.315
12/25/2022 5:00,1.34
12/25/2022 6:00,1.354
12/25/2022 7:00,1.329
12/25/2022 8:00,1.312
12/25/2022 9:00,1.277
12/25/2022 10:00,1.267
12/25/2022 11:00,1.313
12/25/2022 12:00,1.393
12/25/2022 13:00,1.528
12/25/2022 14:00,1.648
12/25/2022 15:00,1.715
12/25/2022 16:00,1.796
12/25/2022 17:00,1.834
12/25/2022 18:00,1.836
12/25/2022 19:00,1.818
12/25/2022 20:00,1.799
12/25/2022 21:00,1.799
12/25/2022 22:00,1.857
12/25/2022 23:00,1.857
12/26/2022 0:00,1.861
12/26/2022 1:00,1.824
12/26/2022 2:00,1.74
12/26/2022 3:00,1.634
12/26/2022 4:00,1.539
12/26/2022 5:00,1.46
12/26/2022 6:00,1.433
12/26/2022 7:00,1.384
12/26/2022 8:00,1.356
12/26/2022 9:00,1.38
12/26/2022 10:00,1.428
12/26/2022 11:00,1.505
12/26/2022 12:00,1.57
12/26/2022 13:00,1.63
12/26/2022 14:00,1.798
12/26/2022 15:00,1.933
12/26/2022 16:00,2.028
12/26/2022 17:00,2.259
12/26/2022 18:00,2.442
12/26/2022 19:00,2.499
12/26/2022 20:00,2.365
12/26/2022 21:00,2.268
12/26/2022 22:00,2.128
12/26/2022 23:00,2.063
12/27/2022 0:00,2.025
12/27/2022 1:00,2.05
12/27/2022 2:00,2.122
12/27/2022 3:00,2.184
12/27/2022 4:00,2.229
12/27/2022 5:00,2.289
12/27/2022 6:00,2.338
12/27/2022 7:00,2.362
12/27/2022 8:00,2.422
12/27/2022 9:00,2.468
12/27/2022 10:00,2.502
12/27/2022 11:00,2.478
12/27/2022 12:00,2.421
12/27/2022 13:00,2.343
12/27/2022 14:00,2.252
12/27/2022 15:00,2.152
12/27/2022 16:00,2.094
12/27/2022 17:00,2.082
12/27/2022 18:00,2.01
12/27/2022 19:00,1.894
12/27/2022 20:00,1.878
12/27/2022 21:00,1.827
12/27/2022 22:00,1.726
12/27/2022 23:00,1.675
12/28/2022 0:00,1.635
12/28/2022 1:00,1.691
12/28/2022 2:00,1.828
12/28/2022 3:00,1.895
12/28/2022 4:00,1.959
12/28/2022 5:00,1.992
12/28/2022 6:00,2.006
12/28/2022 7:00,2.039
12/28/2022 8:00,1.959
12/28/2022 9:00,1.824
12/28/2022 10:00,1.672
12/28/2022 11:00,1.603
12/28/2022 12:00,1.572
12/28/2022 13:00,1.599
12/28/2022 14:00,1.592
12/28/2022 15:00,1.525
12/28/2022 16:00,1.389
12/28/2022 17:00,1.288
12/28/2022 18:00,1.208
12/28/2022 19:00,1.238
12/28/2022 20:00,1.307
12/28/2022 21:00,1.415
12/28/2022 22:00,1.537
12/28/2022 23:00,1.651
12/29/2022 0:00,1.744
12/29/2022 1:00,1.835
12/29/2022 2:00,1.919
12/29/2022 3:00,1.96
12/29/2022 4:00,2.03
12/29/2022 5:00,2.091
12/29/2022 6:00,2.157
12/29/2022 7:00,2.176
12/29/2022 8:00,2.223
12/29/2022 9:00,2.237
12/29/2022 10:00,2.258
12/29/2022 11:00,2.347
12/29/2022 12:00,2.405
12/29/2022 13:00,2.435
12/29/2022 14:00,2.437
12/29/2022 15:00,2.415
12/29/2022 16:00,2.367
12/29/2022 17:00,2.255
12/29/2022 18:00,2.195
12/29/2022 19:00,2.16
12/29/2022 20:00,2.208
12/29/2022 21:00,2.21
12/29/2022 22:00,2.181
12/29/2022 23:00,2.18
12/30/2022 0:00,2.196
12/30/2022 1:00,2.208
12/30/2022 2:00,2.246
12/30/2022 3:00,2.281
12/30/2022 4:00,2.34
12/30/2022 5:00,2.378
12/30/2022 6:00,2.378
12/30/2022 7:00,2.34
12/30/2022 8:00,2.191
12/30/2022 9:00,2.017
12/30/2022 10:00,1.896
12/30/2022 11:00,1.8
12/30/2022 12:00,1.716
12/30/2022 13:00,1.708
12/30/2022 14:00,1.805
12/30/2022 15:00,1.918
12/30/2022 16:00,2.065
12/30/2022 17:00,2.222
12/30/2022 18:00,2.405
12/30/2022 19:00,2.572
12/30/2022 20:00,2.756
12/30/2022 21:00,2.934
12/30/2022 22:00,3.099
12/30/2022 23:00,3.044
12/31/2022 0:00,2.767
12/31/2022 1:00,2.725
12/31/2022 2:00,2.708
12/31/2022 3:00,2.643
12/31/2022 4:00,2.499
12/31/2022 5:00,2.376
12/31/2022 6:00,2.358
12/31/2022 7:00,2.363
12/31/2022 8:00,2.332
12/31/2022 9:00,2.227
12/31/2022 10:00,2.105
12/31/2022 11:00,1.91
12/31/2022 12:00,1.696
12/31/2022 13:00,1.649
12/31/2022 14:00,1.719
12/31/2022 15:00,1.757
12/31/2022 16:00,1.76
12/31/2022 17:00,1.731
12/31/2022 18:00,1.679
12/31/2022 19:00,1.551
12/31/2022 20:00,1.387
12/31/2022 21:00,1.254
12/31/2022 22:00,1.214
12/31/2022 23:00,1.157
