# Renewables.ninja Weather (hourly 1980-2022)  -  Thailand  -  renewables_ninja_country_TH_irradiance-surface_merra-2_pop-wtd.csv  -  Version 1.4,
# License: https://creativecommons.org/licenses/by-nc/4.0/  -  Reference: https://doi.org/10.1038/s41560-023-01341-5,
# Units: time in UTC; other columns are the irradiance at ground level in W/m^2 (SWGDN in MERRA-2) weighted by population; column names signify country ISO2 code or GADM level1 code.,
,
1/1/2022 0:00,118.287
1/1/2022 1:00,317.071
1/1/2022 2:00,516.396
1/1/2022 3:00,664.804
1/1/2022 4:00,757.237
1/1/2022 5:00,781.526
1/1/2022 6:00,732.232
1/1/2022 7:00,617.48
1/1/2022 8:00,446.14
1/1/2022 9:00,240.779
1/1/2022 10:00,51.183
1/1/2022 11:00,0.072
1/1/2022 12:00,0
1/1/2022 13:00,0
1/1/2022 14:00,0
1/1/2022 15:00,0
1/1/2022 16:00,0
1/1/2022 17:00,0
1/1/2022 18:00,0
1/1/2022 19:00,0
1/1/2022 20:00,0
1/1/2022 21:00,0
1/1/2022 22:00,0
1/1/2022 23:00,6.403
1/2/2022 0:00,137.262
1/2/2022 1:00,354.469
1/2/2022 2:00,559.013
1/2/2022 3:00,710.855
1/2/2022 4:00,801.328
1/2/2022 5:00,816.873
1/2/2022 6:00,759.241
1/2/2022 7:00,640.18
1/2/2022 8:00,459.506
1/2/2022 9:00,244.158
1/2/2022 10:00,49.351
1/2/2022 11:00,0.071
1/2/2022 12:00,0
1/2/2022 13:00,0
1/2/2022 14:00,0
1/2/2022 15:00,0
1/2/2022 16:00,0
1/2/2022 17:00,0
1/2/2022 18:00,0
1/2/2022 19:00,0
1/2/2022 20:00,0
1/2/2022 21:00,0
1/2/2022 22:00,0
1/2/2022 23:00,6.545
1/3/2022 0:00,139.235
1/3/2022 1:00,353.549
1/3/2022 2:00,552.208
1/3/2022 3:00,700.057
1/3/2022 4:00,785.615
1/3/2022 5:00,798.462
1/3/2022 6:00,740.608
1/3/2022 7:00,616.958
1/3/2022 8:00,435.172
1/3/2022 9:00,224.9
1/3/2022 10:00,46.399
1/3/2022 11:00,0.07
1/3/2022 12:00,0
1/3/2022 13:00,0
1/3/2022 14:00,0
1/3/2022 15:00,0
1/3/2022 16:00,0
1/3/2022 17:00,0
1/3/2022 18:00,0
1/3/2022 19:00,0
1/3/2022 20:00,0
1/3/2022 21:00,0
1/3/2022 22:00,0
1/3/2022 23:00,6.124
1/4/2022 0:00,123.883
1/4/2022 1:00,324.615
1/4/2022 2:00,532.044
1/4/2022 3:00,692.037
1/4/2022 4:00,780.178
1/4/2022 5:00,799.152
1/4/2022 6:00,748.123
1/4/2022 7:00,625.63
1/4/2022 8:00,447.492
1/4/2022 9:00,230.891
1/4/2022 10:00,45.816
1/4/2022 11:00,0.04
1/4/2022 12:00,0
1/4/2022 13:00,0
1/4/2022 14:00,0
1/4/2022 15:00,0
1/4/2022 16:00,0
1/4/2022 17:00,0
1/4/2022 18:00,0
1/4/2022 19:00,0
1/4/2022 20:00,0
1/4/2022 21:00,0
1/4/2022 22:00,0
1/4/2022 23:00,5.412
1/5/2022 0:00,109.84
1/5/2022 1:00,288.343
1/5/2022 2:00,462.148
1/5/2022 3:00,592.871
1/5/2022 4:00,671.675
1/5/2022 5:00,688.425
1/5/2022 6:00,644.2
1/5/2022 7:00,545.161
1/5/2022 8:00,396.195
1/5/2022 9:00,212.502
1/5/2022 10:00,46.054
1/5/2022 11:00,0.061
1/5/2022 12:00,0
1/5/2022 13:00,0
1/5/2022 14:00,0
1/5/2022 15:00,0
1/5/2022 16:00,0
1/5/2022 17:00,0
1/5/2022 18:00,0
1/5/2022 19:00,0
1/5/2022 20:00,0
1/5/2022 21:00,0
1/5/2022 22:00,0
1/5/2022 23:00,7.16
1/6/2022 0:00,145.343
1/6/2022 1:00,364.28
1/6/2022 2:00,567.831
1/6/2022 3:00,721.771
1/6/2022 4:00,815.085
1/6/2022 5:00,835.762
1/6/2022 6:00,778.886
1/6/2022 7:00,655.229
1/6/2022 8:00,474.3
1/6/2022 9:00,258.207
1/6/2022 10:00,56.075
1/6/2022 11:00,0.101
1/6/2022 12:00,0
1/6/2022 13:00,0
1/6/2022 14:00,0
1/6/2022 15:00,0
1/6/2022 16:00,0
1/6/2022 17:00,0
1/6/2022 18:00,0
1/6/2022 19:00,0
1/6/2022 20:00,0
1/6/2022 21:00,0
1/6/2022 22:00,0
1/6/2022 23:00,7.045
1/7/2022 0:00,143.446
1/7/2022 1:00,362.883
1/7/2022 2:00,565.6
1/7/2022 3:00,720.057
1/7/2022 4:00,813.791
1/7/2022 5:00,831.598
1/7/2022 6:00,772.171
1/7/2022 7:00,649.086
1/7/2022 8:00,467.226
1/7/2022 9:00,247.967
1/7/2022 10:00,50.45
1/7/2022 11:00,0.093
1/7/2022 12:00,0
1/7/2022 13:00,0
1/7/2022 14:00,0
1/7/2022 15:00,0
1/7/2022 16:00,0
1/7/2022 17:00,0
1/7/2022 18:00,0
1/7/2022 19:00,0
1/7/2022 20:00,0
1/7/2022 21:00,0
1/7/2022 22:00,0
1/7/2022 23:00,7.471
1/8/2022 0:00,147.18
1/8/2022 1:00,369.073
1/8/2022 2:00,575.993
1/8/2022 3:00,730.488
1/8/2022 4:00,821.591
1/8/2022 5:00,838.59
1/8/2022 6:00,781.445
1/8/2022 7:00,657.645
1/8/2022 8:00,476.113
1/8/2022 9:00,259.322
1/8/2022 10:00,56.026
1/8/2022 11:00,0.085
1/8/2022 12:00,0
1/8/2022 13:00,0
1/8/2022 14:00,0
1/8/2022 15:00,0
1/8/2022 16:00,0
1/8/2022 17:00,0
1/8/2022 18:00,0
1/8/2022 19:00,0
1/8/2022 20:00,0
1/8/2022 21:00,0
1/8/2022 22:00,0
1/8/2022 23:00,7.738
1/9/2022 0:00,150.952
1/9/2022 1:00,376.283
1/9/2022 2:00,583.535
1/9/2022 3:00,741.177
1/9/2022 4:00,833.033
1/9/2022 5:00,850.651
1/9/2022 6:00,793.035
1/9/2022 7:00,667.792
1/9/2022 8:00,485.759
1/9/2022 9:00,266.68
1/9/2022 10:00,60.509
1/9/2022 11:00,0.107
1/9/2022 12:00,0
1/9/2022 13:00,0
1/9/2022 14:00,0
1/9/2022 15:00,0
1/9/2022 16:00,0
1/9/2022 17:00,0
1/9/2022 18:00,0
1/9/2022 19:00,0
1/9/2022 20:00,0
1/9/2022 21:00,0
1/9/2022 22:00,0
1/9/2022 23:00,8.084
1/10/2022 0:00,154.22
1/10/2022 1:00,381.008
1/10/2022 2:00,590.757
1/10/2022 3:00,744.37
1/10/2022 4:00,837.373
1/10/2022 5:00,856.875
1/10/2022 6:00,797.637
1/10/2022 7:00,672.3
1/10/2022 8:00,487.526
1/10/2022 9:00,266.1
1/10/2022 10:00,59.88
1/10/2022 11:00,0.114
1/10/2022 12:00,0
1/10/2022 13:00,0
1/10/2022 14:00,0
1/10/2022 15:00,0
1/10/2022 16:00,0
1/10/2022 17:00,0
1/10/2022 18:00,0
1/10/2022 19:00,0
1/10/2022 20:00,0
1/10/2022 21:00,0
1/10/2022 22:00,0
1/10/2022 23:00,7.856
1/11/2022 0:00,149.339
1/11/2022 1:00,371.605
1/11/2022 2:00,578.371
1/11/2022 3:00,731.549
1/11/2022 4:00,823.4
1/11/2022 5:00,842.22
1/11/2022 6:00,781.368
1/11/2022 7:00,651.652
1/11/2022 8:00,464.405
1/11/2022 9:00,246.301
1/11/2022 10:00,54.387
1/11/2022 11:00,0.1
1/11/2022 12:00,0
1/11/2022 13:00,0
1/11/2022 14:00,0
1/11/2022 15:00,0
1/11/2022 16:00,0
1/11/2022 17:00,0
1/11/2022 18:00,0
1/11/2022 19:00,0
1/11/2022 20:00,0
1/11/2022 21:00,0
1/11/2022 22:00,0
1/11/2022 23:00,7.69
1/12/2022 0:00,142.214
1/12/2022 1:00,357.871
1/12/2022 2:00,561.529
1/12/2022 3:00,713.037
1/12/2022 4:00,807.967
1/12/2022 5:00,823.21
1/12/2022 6:00,759.719
1/12/2022 7:00,631.498
1/12/2022 8:00,434.085
1/12/2022 9:00,224.735
1/12/2022 10:00,48.873
1/12/2022 11:00,0.118
1/12/2022 12:00,0
1/12/2022 13:00,0
1/12/2022 14:00,0
1/12/2022 15:00,0
1/12/2022 16:00,0
1/12/2022 17:00,0
1/12/2022 18:00,0
1/12/2022 19:00,0
1/12/2022 20:00,0
1/12/2022 21:00,0
1/12/2022 22:00,0
1/12/2022 23:00,7.981
1/13/2022 0:00,146.068
1/13/2022 1:00,362.41
1/13/2022 2:00,564.226
1/13/2022 3:00,716.332
1/13/2022 4:00,812.009
1/13/2022 5:00,832.364
1/13/2022 6:00,771.388
1/13/2022 7:00,640.733
1/13/2022 8:00,459.641
1/13/2022 9:00,244.298
1/13/2022 10:00,52.418
1/13/2022 11:00,0.123
1/13/2022 12:00,0
1/13/2022 13:00,0
1/13/2022 14:00,0
1/13/2022 15:00,0
1/13/2022 16:00,0
1/13/2022 17:00,0
1/13/2022 18:00,0
1/13/2022 19:00,0
1/13/2022 20:00,0
1/13/2022 21:00,0
1/13/2022 22:00,0
1/13/2022 23:00,7.949
1/14/2022 0:00,145.168
1/14/2022 1:00,363.705
1/14/2022 2:00,567.191
1/14/2022 3:00,725.791
1/14/2022 4:00,816.784
1/14/2022 5:00,837.343
1/14/2022 6:00,776.631
1/14/2022 7:00,650.683
1/14/2022 8:00,471.061
1/14/2022 9:00,253.882
1/14/2022 10:00,52.231
1/14/2022 11:00,0.125
1/14/2022 12:00,0
1/14/2022 13:00,0
1/14/2022 14:00,0
1/14/2022 15:00,0
1/14/2022 16:00,0
1/14/2022 17:00,0
1/14/2022 18:00,0
1/14/2022 19:00,0
1/14/2022 20:00,0
1/14/2022 21:00,0
1/14/2022 22:00,0
1/14/2022 23:00,8.207
1/15/2022 0:00,149.001
1/15/2022 1:00,370.351
1/15/2022 2:00,577.27
1/15/2022 3:00,732.043
1/15/2022 4:00,823.286
1/15/2022 5:00,841.781
1/15/2022 6:00,779.544
1/15/2022 7:00,656.363
1/15/2022 8:00,473.274
1/15/2022 9:00,254.86
1/15/2022 10:00,57.93
1/15/2022 11:00,0.129
1/15/2022 12:00,0
1/15/2022 13:00,0
1/15/2022 14:00,0
1/15/2022 15:00,0
1/15/2022 16:00,0
1/15/2022 17:00,0
1/15/2022 18:00,0
1/15/2022 19:00,0
1/15/2022 20:00,0
1/15/2022 21:00,0
1/15/2022 22:00,0
1/15/2022 23:00,8.034
1/16/2022 0:00,143.925
1/16/2022 1:00,359.59
1/16/2022 2:00,562.1
1/16/2022 3:00,717.42
1/16/2022 4:00,808.383
1/16/2022 5:00,827.575
1/16/2022 6:00,770.021
1/16/2022 7:00,647.689
1/16/2022 8:00,464.817
1/16/2022 9:00,232.469
1/16/2022 10:00,52.182
1/16/2022 11:00,0.14
1/16/2022 12:00,0
1/16/2022 13:00,0
1/16/2022 14:00,0
1/16/2022 15:00,0
1/16/2022 16:00,0
1/16/2022 17:00,0
1/16/2022 18:00,0
1/16/2022 19:00,0
1/16/2022 20:00,0
1/16/2022 21:00,0
1/16/2022 22:00,0
1/16/2022 23:00,8.33
1/17/2022 0:00,146.231
1/17/2022 1:00,363.04
1/17/2022 2:00,567.655
1/17/2022 3:00,714.935
1/17/2022 4:00,798.987
1/17/2022 5:00,806.038
1/17/2022 6:00,747.603
1/17/2022 7:00,620.688
1/17/2022 8:00,439.688
1/17/2022 9:00,234.704
1/17/2022 10:00,50.63
1/17/2022 11:00,0.129
1/17/2022 12:00,0
1/17/2022 13:00,0
1/17/2022 14:00,0
1/17/2022 15:00,0
1/17/2022 16:00,0
1/17/2022 17:00,0
1/17/2022 18:00,0
1/17/2022 19:00,0
1/17/2022 20:00,0
1/17/2022 21:00,0
1/17/2022 22:00,0
1/17/2022 23:00,7.941
1/18/2022 0:00,138.664
1/18/2022 1:00,351.411
1/18/2022 2:00,553.213
1/18/2022 3:00,701.635
1/18/2022 4:00,786.28
1/18/2022 5:00,795.486
1/18/2022 6:00,731.327
1/18/2022 7:00,611.113
1/18/2022 8:00,434.153
1/18/2022 9:00,228.919
1/18/2022 10:00,50.25
1/18/2022 11:00,0.122
1/18/2022 12:00,0
1/18/2022 13:00,0
1/18/2022 14:00,0
1/18/2022 15:00,0
1/18/2022 16:00,0
1/18/2022 17:00,0
1/18/2022 18:00,0
1/18/2022 19:00,0
1/18/2022 20:00,0
1/18/2022 21:00,0
1/18/2022 22:00,0
1/18/2022 23:00,8.64
1/19/2022 0:00,142.678
1/19/2022 1:00,357.393
1/19/2022 2:00,564.997
1/19/2022 3:00,721.574
1/19/2022 4:00,814.224
1/19/2022 5:00,836.117
1/19/2022 6:00,777.949
1/19/2022 7:00,643.607
1/19/2022 8:00,465.097
1/19/2022 9:00,244.094
1/19/2022 10:00,54.011
1/19/2022 11:00,0.135
1/19/2022 12:00,0
1/19/2022 13:00,0
1/19/2022 14:00,0
1/19/2022 15:00,0
1/19/2022 16:00,0
1/19/2022 17:00,0
1/19/2022 18:00,0
1/19/2022 19:00,0
1/19/2022 20:00,0
1/19/2022 21:00,0
1/19/2022 22:00,0
1/19/2022 23:00,8.697
1/20/2022 0:00,145.786
1/20/2022 1:00,361.739
1/20/2022 2:00,563.416
1/20/2022 3:00,711.482
1/20/2022 4:00,797.02
1/20/2022 5:00,809.589
1/20/2022 6:00,744.981
1/20/2022 7:00,613.909
1/20/2022 8:00,432.292
1/20/2022 9:00,220.062
1/20/2022 10:00,50.951
1/20/2022 11:00,0.142
1/20/2022 12:00,0
1/20/2022 13:00,0
1/20/2022 14:00,0
1/20/2022 15:00,0
1/20/2022 16:00,0
1/20/2022 17:00,0
1/20/2022 18:00,0
1/20/2022 19:00,0
1/20/2022 20:00,0
1/20/2022 21:00,0
1/20/2022 22:00,0
1/20/2022 23:00,6.424
1/21/2022 0:00,102.584
1/21/2022 1:00,267.621
1/21/2022 2:00,430.888
1/21/2022 3:00,583.07
1/21/2022 4:00,692.268
1/21/2022 5:00,720.267
1/21/2022 6:00,668.062
1/21/2022 7:00,557.522
1/21/2022 8:00,369.311
1/21/2022 9:00,201.324
1/21/2022 10:00,48.815
1/21/2022 11:00,0.142
1/21/2022 12:00,0
1/21/2022 13:00,0
1/21/2022 14:00,0
1/21/2022 15:00,0
1/21/2022 16:00,0
1/21/2022 17:00,0
1/21/2022 18:00,0
1/21/2022 19:00,0
1/21/2022 20:00,0
1/21/2022 21:00,0
1/21/2022 22:00,0
1/21/2022 23:00,7.178
1/22/2022 0:00,122.412
1/22/2022 1:00,309.542
1/22/2022 2:00,497.793
1/22/2022 3:00,642.32
1/22/2022 4:00,731.459
1/22/2022 5:00,751.311
1/22/2022 6:00,695.206
1/22/2022 7:00,578.141
1/22/2022 8:00,418.28
1/22/2022 9:00,226.758
1/22/2022 10:00,57.414
1/22/2022 11:00,0.156
1/22/2022 12:00,0
1/22/2022 13:00,0
1/22/2022 14:00,0
1/22/2022 15:00,0
1/22/2022 16:00,0
1/22/2022 17:00,0
1/22/2022 18:00,0
1/22/2022 19:00,0
1/22/2022 20:00,0
1/22/2022 21:00,0
1/22/2022 22:00,0
1/22/2022 23:00,8.106
1/23/2022 0:00,143.09
1/23/2022 1:00,359.394
1/23/2022 2:00,563.699
1/23/2022 3:00,722.245
1/23/2022 4:00,820.876
1/23/2022 5:00,845.639
1/23/2022 6:00,793.915
1/23/2022 7:00,677.251
1/23/2022 8:00,494.55
1/23/2022 9:00,276.497
1/23/2022 10:00,67.905
1/23/2022 11:00,0.158
1/23/2022 12:00,0
1/23/2022 13:00,0
1/23/2022 14:00,0
1/23/2022 15:00,0
1/23/2022 16:00,0
1/23/2022 17:00,0
1/23/2022 18:00,0
1/23/2022 19:00,0
1/23/2022 20:00,0
1/23/2022 21:00,0
1/23/2022 22:00,0
1/23/2022 23:00,10.307
1/24/2022 0:00,164.673
1/24/2022 1:00,395.294
1/24/2022 2:00,607.501
1/24/2022 3:00,766.955
1/24/2022 4:00,860.275
1/24/2022 5:00,877.889
1/24/2022 6:00,816.481
1/24/2022 7:00,689.022
1/24/2022 8:00,501.116
1/24/2022 9:00,276.094
1/24/2022 10:00,63.775
1/24/2022 11:00,0.154
1/24/2022 12:00,0
1/24/2022 13:00,0
1/24/2022 14:00,0
1/24/2022 15:00,0
1/24/2022 16:00,0
1/24/2022 17:00,0
1/24/2022 18:00,0
1/24/2022 19:00,0
1/24/2022 20:00,0
1/24/2022 21:00,0
1/24/2022 22:00,0
1/24/2022 23:00,9.921
1/25/2022 0:00,157.217
1/25/2022 1:00,382.645
1/25/2022 2:00,595.026
1/25/2022 3:00,757.743
1/25/2022 4:00,853.956
1/25/2022 5:00,874.22
1/25/2022 6:00,816.874
1/25/2022 7:00,687.732
1/25/2022 8:00,490.682
1/25/2022 9:00,269.544
1/25/2022 10:00,65.34
1/25/2022 11:00,0.165
1/25/2022 12:00,0
1/25/2022 13:00,0
1/25/2022 14:00,0
1/25/2022 15:00,0
1/25/2022 16:00,0
1/25/2022 17:00,0
1/25/2022 18:00,0
1/25/2022 19:00,0
1/25/2022 20:00,0
1/25/2022 21:00,0
1/25/2022 22:00,0
1/25/2022 23:00,10.006
1/26/2022 0:00,157.671
1/26/2022 1:00,382.857
1/26/2022 2:00,594.001
1/26/2022 3:00,749.156
1/26/2022 4:00,842.136
1/26/2022 5:00,857.735
1/26/2022 6:00,789.789
1/26/2022 7:00,661.255
1/26/2022 8:00,473.021
1/26/2022 9:00,251.263
1/26/2022 10:00,57.771
1/26/2022 11:00,0.168
1/26/2022 12:00,0
1/26/2022 13:00,0
1/26/2022 14:00,0
1/26/2022 15:00,0
1/26/2022 16:00,0
1/26/2022 17:00,0
1/26/2022 18:00,0
1/26/2022 19:00,0
1/26/2022 20:00,0
1/26/2022 21:00,0
1/26/2022 22:00,0
1/26/2022 23:00,9.268
1/27/2022 0:00,143.997
1/27/2022 1:00,359.945
1/27/2022 2:00,570.366
1/27/2022 3:00,716.675
1/27/2022 4:00,808.962
1/27/2022 5:00,814.734
1/27/2022 6:00,765.387
1/27/2022 7:00,617.878
1/27/2022 8:00,407.537
1/27/2022 9:00,219.069
1/27/2022 10:00,53.931
1/27/2022 11:00,0.161
1/27/2022 12:00,0
1/27/2022 13:00,0
1/27/2022 14:00,0
1/27/2022 15:00,0
1/27/2022 16:00,0
1/27/2022 17:00,0
1/27/2022 18:00,0
1/27/2022 19:00,0
1/27/2022 20:00,0
1/27/2022 21:00,0
1/27/2022 22:00,0
1/27/2022 23:00,10.332
1/28/2022 0:00,155.89
1/28/2022 1:00,380.536
1/28/2022 2:00,590.452
1/28/2022 3:00,732.766
1/28/2022 4:00,827.178
1/28/2022 5:00,848.548
1/28/2022 6:00,789.79
1/28/2022 7:00,662.594
1/28/2022 8:00,474.703
1/28/2022 9:00,250.968
1/28/2022 10:00,58.082
1/28/2022 11:00,0.19
1/28/2022 12:00,0
1/28/2022 13:00,0
1/28/2022 14:00,0
1/28/2022 15:00,0
1/28/2022 16:00,0
1/28/2022 17:00,0
1/28/2022 18:00,0
1/28/2022 19:00,0
1/28/2022 20:00,0
1/28/2022 21:00,0
1/28/2022 22:00,0
1/28/2022 23:00,9.926
1/29/2022 0:00,150.765
1/29/2022 1:00,374.461
1/29/2022 2:00,585.284
1/29/2022 3:00,750.443
1/29/2022 4:00,837.474
1/29/2022 5:00,848.157
1/29/2022 6:00,792.241
1/29/2022 7:00,659.707
1/29/2022 8:00,484.062
1/29/2022 9:00,268.526
1/29/2022 10:00,66.237
1/29/2022 11:00,0.206
1/29/2022 12:00,0
1/29/2022 13:00,0
1/29/2022 14:00,0
1/29/2022 15:00,0
1/29/2022 16:00,0
1/29/2022 17:00,0
1/29/2022 18:00,0
1/29/2022 19:00,0
1/29/2022 20:00,0
1/29/2022 21:00,0
1/29/2022 22:00,0
1/29/2022 23:00,10.534
1/30/2022 0:00,160.455
1/30/2022 1:00,384.252
1/30/2022 2:00,591.893
1/30/2022 3:00,750.651
1/30/2022 4:00,849.228
1/30/2022 5:00,873.224
1/30/2022 6:00,823.026
1/30/2022 7:00,699.474
1/30/2022 8:00,513.211
1/30/2022 9:00,288.658
1/30/2022 10:00,74.537
1/30/2022 11:00,0.21
1/30/2022 12:00,0
1/30/2022 13:00,0
1/30/2022 14:00,0
1/30/2022 15:00,0
1/30/2022 16:00,0
1/30/2022 17:00,0
1/30/2022 18:00,0
1/30/2022 19:00,0
1/30/2022 20:00,0
1/30/2022 21:00,0
1/30/2022 22:00,0
1/30/2022 23:00,11.471
1/31/2022 0:00,166.793
1/31/2022 1:00,395.996
1/31/2022 2:00,603.63
1/31/2022 3:00,763.634
1/31/2022 4:00,852.607
1/31/2022 5:00,869.275
1/31/2022 6:00,812.097
1/31/2022 7:00,688.191
1/31/2022 8:00,501.482
1/31/2022 9:00,283.451
1/31/2022 10:00,73.957
1/31/2022 11:00,0.215
1/31/2022 12:00,0
1/31/2022 13:00,0
1/31/2022 14:00,0
1/31/2022 15:00,0
1/31/2022 16:00,0
1/31/2022 17:00,0
1/31/2022 18:00,0
1/31/2022 19:00,0
1/31/2022 20:00,0
1/31/2022 21:00,0
1/31/2022 22:00,0
1/31/2022 23:00,10.823
2/1/2022 0:00,157.334
2/1/2022 1:00,373.143
2/1/2022 2:00,578.794
2/1/2022 3:00,734.535
2/1/2022 4:00,819.276
2/1/2022 5:00,838.637
2/1/2022 6:00,780.431
2/1/2022 7:00,659.226
2/1/2022 8:00,480.848
2/1/2022 9:00,263.388
2/1/2022 10:00,70.297
2/1/2022 11:00,0.242
2/1/2022 12:00,0
2/1/2022 13:00,0
2/1/2022 14:00,0
2/1/2022 15:00,0
2/1/2022 16:00,0
2/1/2022 17:00,0
2/1/2022 18:00,0
2/1/2022 19:00,0
2/1/2022 20:00,0
2/1/2022 21:00,0
2/1/2022 22:00,0
2/1/2022 23:00,9.943
2/2/2022 0:00,145.59
2/2/2022 1:00,355.971
2/2/2022 2:00,550.011
2/2/2022 3:00,698.902
2/2/2022 4:00,774.635
2/2/2022 5:00,789.02
2/2/2022 6:00,744.571
2/2/2022 7:00,624.348
2/2/2022 8:00,442.916
2/2/2022 9:00,240.779
2/2/2022 10:00,63.299
2/2/2022 11:00,0.211
2/2/2022 12:00,0
2/2/2022 13:00,0
2/2/2022 14:00,0
2/2/2022 15:00,0
2/2/2022 16:00,0
2/2/2022 17:00,0
2/2/2022 18:00,0
2/2/2022 19:00,0
2/2/2022 20:00,0
2/2/2022 21:00,0
2/2/2022 22:00,0
2/2/2022 23:00,9.121
2/3/2022 0:00,132.084
2/3/2022 1:00,323.384
2/3/2022 2:00,505.994
2/3/2022 3:00,640.011
2/3/2022 4:00,733.798
2/3/2022 5:00,764.684
2/3/2022 6:00,699.973
2/3/2022 7:00,587.335
2/3/2022 8:00,419.158
2/3/2022 9:00,228.261
2/3/2022 10:00,59.531
2/3/2022 11:00,0.152
2/3/2022 12:00,0
2/3/2022 13:00,0
2/3/2022 14:00,0
2/3/2022 15:00,0
2/3/2022 16:00,0
2/3/2022 17:00,0
2/3/2022 18:00,0
2/3/2022 19:00,0
2/3/2022 20:00,0
2/3/2022 21:00,0
2/3/2022 22:00,0
2/3/2022 23:00,10.525
2/4/2022 0:00,136.655
2/4/2022 1:00,315.57
2/4/2022 2:00,479.509
2/4/2022 3:00,590.624
2/4/2022 4:00,662.232
2/4/2022 5:00,669.068
2/4/2022 6:00,622.925
2/4/2022 7:00,526.859
2/4/2022 8:00,379.696
2/4/2022 9:00,210.931
2/4/2022 10:00,54.664
2/4/2022 11:00,0.194
2/4/2022 12:00,0
2/4/2022 13:00,0
2/4/2022 14:00,0
2/4/2022 15:00,0
2/4/2022 16:00,0
2/4/2022 17:00,0
2/4/2022 18:00,0
2/4/2022 19:00,0
2/4/2022 20:00,0
2/4/2022 21:00,0
2/4/2022 22:00,0
2/4/2022 23:00,8.849
2/5/2022 0:00,107.76
2/5/2022 1:00,252.528
2/5/2022 2:00,395.359
2/5/2022 3:00,497.011
2/5/2022 4:00,568.154
2/5/2022 5:00,594.209
2/5/2022 6:00,564.28
2/5/2022 7:00,473.331
2/5/2022 8:00,334.208
2/5/2022 9:00,174.961
2/5/2022 10:00,43.823
2/5/2022 11:00,0.202
2/5/2022 12:00,0
2/5/2022 13:00,0
2/5/2022 14:00,0
2/5/2022 15:00,0
2/5/2022 16:00,0
2/5/2022 17:00,0
2/5/2022 18:00,0
2/5/2022 19:00,0
2/5/2022 20:00,0
2/5/2022 21:00,0
2/5/2022 22:00,0
2/5/2022 23:00,9.78
2/6/2022 0:00,125.47
2/6/2022 1:00,314.046
2/6/2022 2:00,509.136
2/6/2022 3:00,650.23
2/6/2022 4:00,733.203
2/6/2022 5:00,741.117
2/6/2022 6:00,671.801
2/6/2022 7:00,546.019
2/6/2022 8:00,380.512
2/6/2022 9:00,205.596
2/6/2022 10:00,56.767
2/6/2022 11:00,0.226
2/6/2022 12:00,0
2/6/2022 13:00,0
2/6/2022 14:00,0
2/6/2022 15:00,0
2/6/2022 16:00,0
2/6/2022 17:00,0
2/6/2022 18:00,0
2/6/2022 19:00,0
2/6/2022 20:00,0
2/6/2022 21:00,0
2/6/2022 22:00,0
2/6/2022 23:00,12.32
2/7/2022 0:00,160.187
2/7/2022 1:00,382.251
2/7/2022 2:00,589.645
2/7/2022 3:00,746.766
2/7/2022 4:00,837.879
2/7/2022 5:00,855.272
2/7/2022 6:00,792.645
2/7/2022 7:00,663.687
2/7/2022 8:00,480.449
2/7/2022 9:00,259.659
2/7/2022 10:00,66.683
2/7/2022 11:00,0.241
2/7/2022 12:00,0
2/7/2022 13:00,0
2/7/2022 14:00,0
2/7/2022 15:00,0
2/7/2022 16:00,0
2/7/2022 17:00,0
2/7/2022 18:00,0
2/7/2022 19:00,0
2/7/2022 20:00,0
2/7/2022 21:00,0
2/7/2022 22:00,0
2/7/2022 23:00,12.746
2/8/2022 0:00,163.162
2/8/2022 1:00,387.304
2/8/2022 2:00,595.105
2/8/2022 3:00,754.347
2/8/2022 4:00,834.322
2/8/2022 5:00,843.882
2/8/2022 6:00,783.204
2/8/2022 7:00,653.09
2/8/2022 8:00,457.869
2/8/2022 9:00,252.891
2/8/2022 10:00,67.875
2/8/2022 11:00,0.256
2/8/2022 12:00,0
2/8/2022 13:00,0
2/8/2022 14:00,0
2/8/2022 15:00,0
2/8/2022 16:00,0
2/8/2022 17:00,0
2/8/2022 18:00,0
2/8/2022 19:00,0
2/8/2022 20:00,0
2/8/2022 21:00,0
2/8/2022 22:00,0
2/8/2022 23:00,12.297
2/9/2022 0:00,153.385
2/9/2022 1:00,362.572
2/9/2022 2:00,557.675
2/9/2022 3:00,684.656
2/9/2022 4:00,762.469
2/9/2022 5:00,769.797
2/9/2022 6:00,697.041
2/9/2022 7:00,578.517
2/9/2022 8:00,412.407
2/9/2022 9:00,214.939
2/9/2022 10:00,53.299
2/9/2022 11:00,0.178
2/9/2022 12:00,0
2/9/2022 13:00,0
2/9/2022 14:00,0
2/9/2022 15:00,0
2/9/2022 16:00,0
2/9/2022 17:00,0
2/9/2022 18:00,0
2/9/2022 19:00,0
2/9/2022 20:00,0
2/9/2022 21:00,0
2/9/2022 22:00,0
2/9/2022 23:00,11.846
2/10/2022 0:00,140.151
2/10/2022 1:00,329.457
2/10/2022 2:00,503.654
2/10/2022 3:00,643.137
2/10/2022 4:00,701.292
2/10/2022 5:00,708.314
2/10/2022 6:00,650.165
2/10/2022 7:00,536.177
2/10/2022 8:00,384.527
2/10/2022 9:00,216.249
2/10/2022 10:00,57.322
2/10/2022 11:00,0.279
2/10/2022 12:00,0
2/10/2022 13:00,0
2/10/2022 14:00,0
2/10/2022 15:00,0
2/10/2022 16:00,0
2/10/2022 17:00,0
2/10/2022 18:00,0
2/10/2022 19:00,0
2/10/2022 20:00,0
2/10/2022 21:00,0
2/10/2022 22:00,0
2/10/2022 23:00,11.91
2/11/2022 0:00,137.044
2/11/2022 1:00,328.268
2/11/2022 2:00,509.778
2/11/2022 3:00,605.587
2/11/2022 4:00,653.609
2/11/2022 5:00,644.449
2/11/2022 6:00,578.972
2/11/2022 7:00,453.344
2/11/2022 8:00,290.921
2/11/2022 9:00,152.689
2/11/2022 10:00,40.249
2/11/2022 11:00,0.2
2/11/2022 12:00,0
2/11/2022 13:00,0
2/11/2022 14:00,0
2/11/2022 15:00,0
2/11/2022 16:00,0
2/11/2022 17:00,0
2/11/2022 18:00,0
2/11/2022 19:00,0
2/11/2022 20:00,0
2/11/2022 21:00,0
2/11/2022 22:00,0
2/11/2022 23:00,7.17
2/12/2022 0:00,88.215
2/12/2022 1:00,219.692
2/12/2022 2:00,356.18
2/12/2022 3:00,458.612
2/12/2022 4:00,517.66
2/12/2022 5:00,520.706
2/12/2022 6:00,478.744
2/12/2022 7:00,402.516
2/12/2022 8:00,287.375
2/12/2022 9:00,161.982
2/12/2022 10:00,48.55
2/12/2022 11:00,0.359
2/12/2022 12:00,0
2/12/2022 13:00,0
2/12/2022 14:00,0
2/12/2022 15:00,0
2/12/2022 16:00,0
2/12/2022 17:00,0
2/12/2022 18:00,0
2/12/2022 19:00,0
2/12/2022 20:00,0
2/12/2022 21:00,0
2/12/2022 22:00,0
2/12/2022 23:00,13.859
2/13/2022 0:00,157.342
2/13/2022 1:00,367.474
2/13/2022 2:00,560.801
2/13/2022 3:00,704.093
2/13/2022 4:00,794.684
2/13/2022 5:00,816.188
2/13/2022 6:00,759.424
2/13/2022 7:00,636.871
2/13/2022 8:00,458.13
2/13/2022 9:00,255.13
2/13/2022 10:00,70.859
2/13/2022 11:00,0.403
2/13/2022 12:00,0
2/13/2022 13:00,0
2/13/2022 14:00,0
2/13/2022 15:00,0
2/13/2022 16:00,0
2/13/2022 17:00,0
2/13/2022 18:00,0
2/13/2022 19:00,0
2/13/2022 20:00,0
2/13/2022 21:00,0
2/13/2022 22:00,0
2/13/2022 23:00,12.684
2/14/2022 0:00,143.937
2/14/2022 1:00,332.103
2/14/2022 2:00,507.553
2/14/2022 3:00,614.815
2/14/2022 4:00,692.853
2/14/2022 5:00,697.276
2/14/2022 6:00,639.459
2/14/2022 7:00,506.944
2/14/2022 8:00,361.293
2/14/2022 9:00,205.204
2/14/2022 10:00,58.452
2/14/2022 11:00,0.36
2/14/2022 12:00,0
2/14/2022 13:00,0
2/14/2022 14:00,0
2/14/2022 15:00,0
2/14/2022 16:00,0
2/14/2022 17:00,0
2/14/2022 18:00,0
2/14/2022 19:00,0
2/14/2022 20:00,0
2/14/2022 21:00,0
2/14/2022 22:00,0
2/14/2022 23:00,10.683
2/15/2022 0:00,112.203
2/15/2022 1:00,259.224
2/15/2022 2:00,383.562
2/15/2022 3:00,460.85
2/15/2022 4:00,514.988
2/15/2022 5:00,524.57
2/15/2022 6:00,481.935
2/15/2022 7:00,389.837
2/15/2022 8:00,272.348
2/15/2022 9:00,146.198
2/15/2022 10:00,38.841
2/15/2022 11:00,0.262
2/15/2022 12:00,0
2/15/2022 13:00,0
2/15/2022 14:00,0
2/15/2022 15:00,0
2/15/2022 16:00,0
2/15/2022 17:00,0
2/15/2022 18:00,0
2/15/2022 19:00,0
2/15/2022 20:00,0
2/15/2022 21:00,0
2/15/2022 22:00,0
2/15/2022 23:00,11.991
2/16/2022 0:00,125.965
2/16/2022 1:00,290.506
2/16/2022 2:00,449.525
2/16/2022 3:00,573.729
2/16/2022 4:00,641.95
2/16/2022 5:00,653.564
2/16/2022 6:00,596.724
2/16/2022 7:00,498.894
2/16/2022 8:00,347.695
2/16/2022 9:00,177.447
2/16/2022 10:00,44.501
2/16/2022 11:00,0.296
2/16/2022 12:00,0
2/16/2022 13:00,0
2/16/2022 14:00,0
2/16/2022 15:00,0
2/16/2022 16:00,0
2/16/2022 17:00,0
2/16/2022 18:00,0
2/16/2022 19:00,0
2/16/2022 20:00,0
2/16/2022 21:00,0
2/16/2022 22:00,0
2/16/2022 23:00,11.424
2/17/2022 0:00,116.693
2/17/2022 1:00,275.391
2/17/2022 2:00,439.842
2/17/2022 3:00,563.63
2/17/2022 4:00,642.04
2/17/2022 5:00,645.511
2/17/2022 6:00,590.162
2/17/2022 7:00,471.337
2/17/2022 8:00,329.753
2/17/2022 9:00,180.918
2/17/2022 10:00,52.626
2/17/2022 11:00,0.332
2/17/2022 12:00,0
2/17/2022 13:00,0
2/17/2022 14:00,0
2/17/2022 15:00,0
2/17/2022 16:00,0
2/17/2022 17:00,0
2/17/2022 18:00,0
2/17/2022 19:00,0
2/17/2022 20:00,0
2/17/2022 21:00,0
2/17/2022 22:00,0
2/17/2022 23:00,16.16
2/18/2022 0:00,160.747
2/18/2022 1:00,369.068
2/18/2022 2:00,563.185
2/18/2022 3:00,714.272
2/18/2022 4:00,808.324
2/18/2022 5:00,826.985
2/18/2022 6:00,768.788
2/18/2022 7:00,625.832
2/18/2022 8:00,428.933
2/18/2022 9:00,239.021
2/18/2022 10:00,69.032
2/18/2022 11:00,0.482
2/18/2022 12:00,0
2/18/2022 13:00,0
2/18/2022 14:00,0
2/18/2022 15:00,0
2/18/2022 16:00,0
2/18/2022 17:00,0
2/18/2022 18:00,0
2/18/2022 19:00,0
2/18/2022 20:00,0
2/18/2022 21:00,0
2/18/2022 22:00,0
2/18/2022 23:00,13.947
2/19/2022 0:00,136.788
2/19/2022 1:00,314.636
2/19/2022 2:00,491.7
2/19/2022 3:00,628.904
2/19/2022 4:00,722.376
2/19/2022 5:00,738.305
2/19/2022 6:00,681.512
2/19/2022 7:00,570.747
2/19/2022 8:00,426.706
2/19/2022 9:00,241.912
2/19/2022 10:00,72.432
2/19/2022 11:00,0.627
2/19/2022 12:00,0
2/19/2022 13:00,0
2/19/2022 14:00,0
2/19/2022 15:00,0
2/19/2022 16:00,0
2/19/2022 17:00,0
2/19/2022 18:00,0
2/19/2022 19:00,0
2/19/2022 20:00,0
2/19/2022 21:00,0
2/19/2022 22:00,0
2/19/2022 23:00,14.738
2/20/2022 0:00,140.005
2/20/2022 1:00,307.773
2/20/2022 2:00,475.799
2/20/2022 3:00,606.024
2/20/2022 4:00,710.359
2/20/2022 5:00,740.676
2/20/2022 6:00,690.883
2/20/2022 7:00,575.915
2/20/2022 8:00,410.254
2/20/2022 9:00,225.059
2/20/2022 10:00,65.479
2/20/2022 11:00,0.546
2/20/2022 12:00,0
2/20/2022 13:00,0
2/20/2022 14:00,0
2/20/2022 15:00,0
2/20/2022 16:00,0
2/20/2022 17:00,0
2/20/2022 18:00,0
2/20/2022 19:00,0
2/20/2022 20:00,0
2/20/2022 21:00,0
2/20/2022 22:00,0
2/20/2022 23:00,13.692
2/21/2022 0:00,139.462
2/21/2022 1:00,314.628
2/21/2022 2:00,481.665
2/21/2022 3:00,619.733
2/21/2022 4:00,716.557
2/21/2022 5:00,743.407
2/21/2022 6:00,702.058
2/21/2022 7:00,596.968
2/21/2022 8:00,436.009
2/21/2022 9:00,246.544
2/21/2022 10:00,72.078
2/21/2022 11:00,0.678
2/21/2022 12:00,0
2/21/2022 13:00,0
2/21/2022 14:00,0
2/21/2022 15:00,0
2/21/2022 16:00,0
2/21/2022 17:00,0
2/21/2022 18:00,0
2/21/2022 19:00,0
2/21/2022 20:00,0
2/21/2022 21:00,0
2/21/2022 22:00,0
2/21/2022 23:00,15.554
2/22/2022 0:00,152.682
2/22/2022 1:00,358.147
2/22/2022 2:00,565.739
2/22/2022 3:00,737.674
2/22/2022 4:00,850.112
2/22/2022 5:00,869.862
2/22/2022 6:00,806.016
2/22/2022 7:00,661.133
2/22/2022 8:00,468.135
2/22/2022 9:00,262.628
2/22/2022 10:00,77.64
2/22/2022 11:00,0.662
2/22/2022 12:00,0
2/22/2022 13:00,0
2/22/2022 14:00,0
2/22/2022 15:00,0
2/22/2022 16:00,0
2/22/2022 17:00,0
2/22/2022 18:00,0
2/22/2022 19:00,0
2/22/2022 20:00,0
2/22/2022 21:00,0
2/22/2022 22:00,0
2/22/2022 23:00,15.538
2/23/2022 0:00,154.453
2/23/2022 1:00,361.195
2/23/2022 2:00,571.302
2/23/2022 3:00,753.761
2/23/2022 4:00,867.51
2/23/2022 5:00,895.048
2/23/2022 6:00,843.125
2/23/2022 7:00,721.78
2/23/2022 8:00,527.395
2/23/2022 9:00,305.924
2/23/2022 10:00,89.586
2/23/2022 11:00,0.762
2/23/2022 12:00,0
2/23/2022 13:00,0
2/23/2022 14:00,0
2/23/2022 15:00,0
2/23/2022 16:00,0
2/23/2022 17:00,0
2/23/2022 18:00,0
2/23/2022 19:00,0
2/23/2022 20:00,0
2/23/2022 21:00,0
2/23/2022 22:00,0
2/23/2022 23:00,20.913
2/24/2022 0:00,195.602
2/24/2022 1:00,433.241
2/24/2022 2:00,648.531
2/24/2022 3:00,813.547
2/24/2022 4:00,911.051
2/24/2022 5:00,926.874
2/24/2022 6:00,861.093
2/24/2022 7:00,721.967
2/24/2022 8:00,535.023
2/24/2022 9:00,293.861
2/24/2022 10:00,86.757
2/24/2022 11:00,0.736
2/24/2022 12:00,0
2/24/2022 13:00,0
2/24/2022 14:00,0
2/24/2022 15:00,0
2/24/2022 16:00,0
2/24/2022 17:00,0
2/24/2022 18:00,0
2/24/2022 19:00,0
2/24/2022 20:00,0
2/24/2022 21:00,0
2/24/2022 22:00,0
2/24/2022 23:00,20.621
2/25/2022 0:00,189.678
2/25/2022 1:00,422.688
2/25/2022 2:00,632.006
2/25/2022 3:00,786.921
2/25/2022 4:00,878.507
2/25/2022 5:00,892.995
2/25/2022 6:00,831.377
2/25/2022 7:00,705.829
2/25/2022 8:00,526.581
2/25/2022 9:00,309.119
2/25/2022 10:00,93.267
2/25/2022 11:00,0.807
2/25/2022 12:00,0
2/25/2022 13:00,0
2/25/2022 14:00,0
2/25/2022 15:00,0
2/25/2022 16:00,0
2/25/2022 17:00,0
2/25/2022 18:00,0
2/25/2022 19:00,0
2/25/2022 20:00,0
2/25/2022 21:00,0
2/25/2022 22:00,0
2/25/2022 23:00,20.76
2/26/2022 0:00,173.694
2/26/2022 1:00,378.591
2/26/2022 2:00,567.925
2/26/2022 3:00,709.596
2/26/2022 4:00,804.23
2/26/2022 5:00,831.039
2/26/2022 6:00,782.716
2/26/2022 7:00,672.4
2/26/2022 8:00,506.663
2/26/2022 9:00,297.362
2/26/2022 10:00,88.326
2/26/2022 11:00,0.838
2/26/2022 12:00,0
2/26/2022 13:00,0
2/26/2022 14:00,0
2/26/2022 15:00,0
2/26/2022 16:00,0
2/26/2022 17:00,0
2/26/2022 18:00,0
2/26/2022 19:00,0
2/26/2022 20:00,0
2/26/2022 21:00,0
2/26/2022 22:00,0
2/26/2022 23:00,20.776
2/27/2022 0:00,175.431
2/27/2022 1:00,387.548
2/27/2022 2:00,584.864
2/27/2022 3:00,725.177
2/27/2022 4:00,814.527
2/27/2022 5:00,833.98
2/27/2022 6:00,773.758
2/27/2022 7:00,661.128
2/27/2022 8:00,493.708
2/27/2022 9:00,291.075
2/27/2022 10:00,87.467
2/27/2022 11:00,0.883
2/27/2022 12:00,0
2/27/2022 13:00,0
2/27/2022 14:00,0
2/27/2022 15:00,0
2/27/2022 16:00,0
2/27/2022 17:00,0
2/27/2022 18:00,0
2/27/2022 19:00,0
2/27/2022 20:00,0
2/27/2022 21:00,0
2/27/2022 22:00,0
2/27/2022 23:00,22.535
2/28/2022 0:00,191.914
2/28/2022 1:00,418.257
2/28/2022 2:00,628.162
2/28/2022 3:00,785.917
2/28/2022 4:00,886.222
2/28/2022 5:00,910.887
2/28/2022 6:00,854.934
2/28/2022 7:00,727.732
2/28/2022 8:00,538.39
2/28/2022 9:00,314.197
2/28/2022 10:00,92.459
2/28/2022 11:00,1.155
2/28/2022 12:00,0
2/28/2022 13:00,0
2/28/2022 14:00,0
2/28/2022 15:00,0
2/28/2022 16:00,0
2/28/2022 17:00,0
2/28/2022 18:00,0
2/28/2022 19:00,0
2/28/2022 20:00,0
2/28/2022 21:00,0
2/28/2022 22:00,0
2/28/2022 23:00,23.449
3/1/2022 0:00,199.866
3/1/2022 1:00,435.446
3/1/2022 2:00,653.284
3/1/2022 3:00,798.226
3/1/2022 4:00,894.165
3/1/2022 5:00,909.712
3/1/2022 6:00,845.371
3/1/2022 7:00,708.21
3/1/2022 8:00,521.021
3/1/2022 9:00,285.911
3/1/2022 10:00,83.908
3/1/2022 11:00,1.207
3/1/2022 12:00,0
3/1/2022 13:00,0
3/1/2022 14:00,0
3/1/2022 15:00,0
3/1/2022 16:00,0
3/1/2022 17:00,0
3/1/2022 18:00,0
3/1/2022 19:00,0
3/1/2022 20:00,0
3/1/2022 21:00,0
3/1/2022 22:00,0
3/1/2022 23:00,21.482
3/2/2022 0:00,179.878
3/2/2022 1:00,398.581
3/2/2022 2:00,603.237
3/2/2022 3:00,739.082
3/2/2022 4:00,828.519
3/2/2022 5:00,844.983
3/2/2022 6:00,787.257
3/2/2022 7:00,663.007
3/2/2022 8:00,481.631
3/2/2022 9:00,270.665
3/2/2022 10:00,75.407
3/2/2022 11:00,1.152
3/2/2022 12:00,0
3/2/2022 13:00,0
3/2/2022 14:00,0
3/2/2022 15:00,0
3/2/2022 16:00,0
3/2/2022 17:00,0
3/2/2022 18:00,0
3/2/2022 19:00,0
3/2/2022 20:00,0
3/2/2022 21:00,0
3/2/2022 22:00,0
3/2/2022 23:00,20.753
3/3/2022 0:00,168.927
3/3/2022 1:00,373.224
3/3/2022 2:00,567.975
3/3/2022 3:00,718.777
3/3/2022 4:00,808.506
3/3/2022 5:00,826.317
3/3/2022 6:00,769.459
3/3/2022 7:00,657.528
3/3/2022 8:00,483.835
3/3/2022 9:00,279.041
3/3/2022 10:00,80.571
3/3/2022 11:00,1.257
3/3/2022 12:00,0
3/3/2022 13:00,0
3/3/2022 14:00,0
3/3/2022 15:00,0
3/3/2022 16:00,0
3/3/2022 17:00,0
3/3/2022 18:00,0
3/3/2022 19:00,0
3/3/2022 20:00,0
3/3/2022 21:00,0
3/3/2022 22:00,0
3/3/2022 23:00,21.334
3/4/2022 0:00,171.942
3/4/2022 1:00,379.172
3/4/2022 2:00,576.158
3/4/2022 3:00,726.776
3/4/2022 4:00,822.5
3/4/2022 5:00,840.54
3/4/2022 6:00,789.922
3/4/2022 7:00,666.331
3/4/2022 8:00,485.783
3/4/2022 9:00,270.035
3/4/2022 10:00,79.642
3/4/2022 11:00,1.258
3/4/2022 12:00,0
3/4/2022 13:00,0
3/4/2022 14:00,0
3/4/2022 15:00,0
3/4/2022 16:00,0
3/4/2022 17:00,0
3/4/2022 18:00,0
3/4/2022 19:00,0
3/4/2022 20:00,0
3/4/2022 21:00,0
3/4/2022 22:00,0
3/4/2022 23:00,19.211
3/5/2022 0:00,150.678
3/5/2022 1:00,328.739
3/5/2022 2:00,488.091
3/5/2022 3:00,609.569
3/5/2022 4:00,671.241
3/5/2022 5:00,676.008
3/5/2022 6:00,626.366
3/5/2022 7:00,515.678
3/5/2022 8:00,360.191
3/5/2022 9:00,198.37
3/5/2022 10:00,60.045
3/5/2022 11:00,0.946
3/5/2022 12:00,0
3/5/2022 13:00,0
3/5/2022 14:00,0
3/5/2022 15:00,0
3/5/2022 16:00,0
3/5/2022 17:00,0
3/5/2022 18:00,0
3/5/2022 19:00,0
3/5/2022 20:00,0
3/5/2022 21:00,0
3/5/2022 22:00,0
3/5/2022 23:00,13.888
3/6/2022 0:00,108.67
3/6/2022 1:00,245.941
3/6/2022 2:00,387.945
3/6/2022 3:00,511.835
3/6/2022 4:00,580.365
3/6/2022 5:00,589.08
3/6/2022 6:00,551.61
3/6/2022 7:00,467.409
3/6/2022 8:00,340.832
3/6/2022 9:00,198.752
3/6/2022 10:00,66.469
3/6/2022 11:00,1.38
3/6/2022 12:00,0
3/6/2022 13:00,0
3/6/2022 14:00,0
3/6/2022 15:00,0
3/6/2022 16:00,0
3/6/2022 17:00,0
3/6/2022 18:00,0
3/6/2022 19:00,0
3/6/2022 20:00,0
3/6/2022 21:00,0
3/6/2022 22:00,0
3/6/2022 23:00,15.126
3/7/2022 0:00,124.461
3/7/2022 1:00,275.486
3/7/2022 2:00,410.037
3/7/2022 3:00,504.303
3/7/2022 4:00,554.942
3/7/2022 5:00,539.695
3/7/2022 6:00,486.334
3/7/2022 7:00,389.006
3/7/2022 8:00,277.163
3/7/2022 9:00,160.663
3/7/2022 10:00,52.495
3/7/2022 11:00,1.118
3/7/2022 12:00,0
3/7/2022 13:00,0
3/7/2022 14:00,0
3/7/2022 15:00,0
3/7/2022 16:00,0
3/7/2022 17:00,0
3/7/2022 18:00,0
3/7/2022 19:00,0
3/7/2022 20:00,0
3/7/2022 21:00,0
3/7/2022 22:00,0
3/7/2022 23:00,16.629
3/8/2022 0:00,125.695
3/8/2022 1:00,285.145
3/8/2022 2:00,448.236
3/8/2022 3:00,582.988
3/8/2022 4:00,660.139
3/8/2022 5:00,616.76
3/8/2022 6:00,532.047
3/8/2022 7:00,418.677
3/8/2022 8:00,287.765
3/8/2022 9:00,164.157
3/8/2022 10:00,53.223
3/8/2022 11:00,0.974
3/8/2022 12:00,0
3/8/2022 13:00,0
3/8/2022 14:00,0
3/8/2022 15:00,0
3/8/2022 16:00,0
3/8/2022 17:00,0
3/8/2022 18:00,0
3/8/2022 19:00,0
3/8/2022 20:00,0
3/8/2022 21:00,0
3/8/2022 22:00,0
3/8/2022 23:00,25.69
3/9/2022 0:00,191.777
3/9/2022 1:00,414.127
3/9/2022 2:00,624.734
3/9/2022 3:00,782.575
3/9/2022 4:00,880.252
3/9/2022 5:00,897.344
3/9/2022 6:00,846.026
3/9/2022 7:00,711.623
3/9/2022 8:00,521.731
3/9/2022 9:00,295.027
3/9/2022 10:00,92.133
3/9/2022 11:00,1.936
3/9/2022 12:00,0
3/9/2022 13:00,0
3/9/2022 14:00,0
3/9/2022 15:00,0
3/9/2022 16:00,0
3/9/2022 17:00,0
3/9/2022 18:00,0
3/9/2022 19:00,0
3/9/2022 20:00,0
3/9/2022 21:00,0
3/9/2022 22:00,0
3/9/2022 23:00,27.957
3/10/2022 0:00,203.719
3/10/2022 1:00,430.957
3/10/2022 2:00,644.459
3/10/2022 3:00,796.302
3/10/2022 4:00,890.82
3/10/2022 5:00,898.682
3/10/2022 6:00,840.451
3/10/2022 7:00,708.337
3/10/2022 8:00,522.206
3/10/2022 9:00,292.926
3/10/2022 10:00,91.779
3/10/2022 11:00,2.023
3/10/2022 12:00,0
3/10/2022 13:00,0
3/10/2022 14:00,0
3/10/2022 15:00,0
3/10/2022 16:00,0
3/10/2022 17:00,0
3/10/2022 18:00,0
3/10/2022 19:00,0
3/10/2022 20:00,0
3/10/2022 21:00,0
3/10/2022 22:00,0
3/10/2022 23:00,27.002
3/11/2022 0:00,192.45
3/11/2022 1:00,402.682
3/11/2022 2:00,608.945
3/11/2022 3:00,754.024
3/11/2022 4:00,840.183
3/11/2022 5:00,860.992
3/11/2022 6:00,803.662
3/11/2022 7:00,673.951
3/11/2022 8:00,487.904
3/11/2022 9:00,268.041
3/11/2022 10:00,86.586
3/11/2022 11:00,2.029
3/11/2022 12:00,0
3/11/2022 13:00,0
3/11/2022 14:00,0
3/11/2022 15:00,0
3/11/2022 16:00,0
3/11/2022 17:00,0
3/11/2022 18:00,0
3/11/2022 19:00,0
3/11/2022 20:00,0
3/11/2022 21:00,0
3/11/2022 22:00,0
3/11/2022 23:00,28.51
3/12/2022 0:00,200.797
3/12/2022 1:00,425.703
3/12/2022 2:00,638.6
3/12/2022 3:00,802.494
3/12/2022 4:00,896.424
3/12/2022 5:00,914.205
3/12/2022 6:00,841.28
3/12/2022 7:00,705.929
3/12/2022 8:00,513.335
3/12/2022 9:00,275.148
3/12/2022 10:00,87.19
3/12/2022 11:00,2.171
3/12/2022 12:00,0
3/12/2022 13:00,0
3/12/2022 14:00,0
3/12/2022 15:00,0
3/12/2022 16:00,0
3/12/2022 17:00,0
3/12/2022 18:00,0
3/12/2022 19:00,0
3/12/2022 20:00,0
3/12/2022 21:00,0
3/12/2022 22:00,0
3/12/2022 23:00,27.056
3/13/2022 0:00,187.683
3/13/2022 1:00,397.173
3/13/2022 2:00,590.082
3/13/2022 3:00,718.45
3/13/2022 4:00,798.429
3/13/2022 5:00,797.836
3/13/2022 6:00,721.614
3/13/2022 7:00,591.158
3/13/2022 8:00,418.425
3/13/2022 9:00,229.936
3/13/2022 10:00,75.98
3/13/2022 11:00,1.985
3/13/2022 12:00,0
3/13/2022 13:00,0
3/13/2022 14:00,0
3/13/2022 15:00,0
3/13/2022 16:00,0
3/13/2022 17:00,0
3/13/2022 18:00,0
3/13/2022 19:00,0
3/13/2022 20:00,0
3/13/2022 21:00,0
3/13/2022 22:00,0
3/13/2022 23:00,21.01
3/14/2022 0:00,148.812
3/14/2022 1:00,326.513
3/14/2022 2:00,500.732
3/14/2022 3:00,631.017
3/14/2022 4:00,711.908
3/14/2022 5:00,729.186
3/14/2022 6:00,676.997
3/14/2022 7:00,556.898
3/14/2022 8:00,399.79
3/14/2022 9:00,226.421
3/14/2022 10:00,73.154
3/14/2022 11:00,1.991
3/14/2022 12:00,0
3/14/2022 13:00,0
3/14/2022 14:00,0
3/14/2022 15:00,0
3/14/2022 16:00,0
3/14/2022 17:00,0
3/14/2022 18:00,0
3/14/2022 19:00,0
3/14/2022 20:00,0
3/14/2022 21:00,0
3/14/2022 22:00,0
3/14/2022 23:00,25.433
3/15/2022 0:00,174.463
3/15/2022 1:00,369.575
3/15/2022 2:00,553.49
3/15/2022 3:00,679.247
3/15/2022 4:00,756.825
3/15/2022 5:00,762.621
3/15/2022 6:00,693.86
3/15/2022 7:00,566.488
3/15/2022 8:00,409.967
3/15/2022 9:00,235.117
3/15/2022 10:00,80.203
3/15/2022 11:00,2.485
3/15/2022 12:00,0
3/15/2022 13:00,0
3/15/2022 14:00,0
3/15/2022 15:00,0
3/15/2022 16:00,0
3/15/2022 17:00,0
3/15/2022 18:00,0
3/15/2022 19:00,0
3/15/2022 20:00,0
3/15/2022 21:00,0
3/15/2022 22:00,0
3/15/2022 23:00,21.318
3/16/2022 0:00,152.52
3/16/2022 1:00,341.768
3/16/2022 2:00,520.716
3/16/2022 3:00,608.942
3/16/2022 4:00,678.088
3/16/2022 5:00,681.677
3/16/2022 6:00,640.927
3/16/2022 7:00,542.922
3/16/2022 8:00,386.535
3/16/2022 9:00,227.966
3/16/2022 10:00,81.399
3/16/2022 11:00,2.607
3/16/2022 12:00,0
3/16/2022 13:00,0
3/16/2022 14:00,0
3/16/2022 15:00,0
3/16/2022 16:00,0
3/16/2022 17:00,0
3/16/2022 18:00,0
3/16/2022 19:00,0
3/16/2022 20:00,0
3/16/2022 21:00,0
3/16/2022 22:00,0
3/16/2022 23:00,22.339
3/17/2022 0:00,155.861
3/17/2022 1:00,340.278
3/17/2022 2:00,527.562
3/17/2022 3:00,664.24
3/17/2022 4:00,752.234
3/17/2022 5:00,773.742
3/17/2022 6:00,724.421
3/17/2022 7:00,617.408
3/17/2022 8:00,456.772
3/17/2022 9:00,268.377
3/17/2022 10:00,87.975
3/17/2022 11:00,2.631
3/17/2022 12:00,0
3/17/2022 13:00,0
3/17/2022 14:00,0
3/17/2022 15:00,0
3/17/2022 16:00,0
3/17/2022 17:00,0
3/17/2022 18:00,0
3/17/2022 19:00,0
3/17/2022 20:00,0
3/17/2022 21:00,0
3/17/2022 22:00,0
3/17/2022 23:00,21.081
3/18/2022 0:00,133.633
3/18/2022 1:00,277.926
3/18/2022 2:00,417.277
3/18/2022 3:00,485.791
3/18/2022 4:00,511.2
3/18/2022 5:00,496.282
3/18/2022 6:00,463.714
3/18/2022 7:00,385.108
3/18/2022 8:00,281.504
3/18/2022 9:00,167.598
3/18/2022 10:00,61.214
3/18/2022 11:00,2.148
3/18/2022 12:00,0
3/18/2022 13:00,0
3/18/2022 14:00,0
3/18/2022 15:00,0
3/18/2022 16:00,0
3/18/2022 17:00,0
3/18/2022 18:00,0
3/18/2022 19:00,0
3/18/2022 20:00,0
3/18/2022 21:00,0
3/18/2022 22:00,0
3/18/2022 23:00,22.93
3/19/2022 0:00,153.772
3/19/2022 1:00,332.5
3/19/2022 2:00,500.452
3/19/2022 3:00,637.935
3/19/2022 4:00,700.339
3/19/2022 5:00,697.204
3/19/2022 6:00,636.375
3/19/2022 7:00,524.768
3/19/2022 8:00,375.957
3/19/2022 9:00,217.732
3/19/2022 10:00,74.345
3/19/2022 11:00,2.23
3/19/2022 12:00,0
3/19/2022 13:00,0
3/19/2022 14:00,0
3/19/2022 15:00,0
3/19/2022 16:00,0
3/19/2022 17:00,0
3/19/2022 18:00,0
3/19/2022 19:00,0
3/19/2022 20:00,0
3/19/2022 21:00,0
3/19/2022 22:00,0
3/19/2022 23:00,22.018
3/20/2022 0:00,138.39
3/20/2022 1:00,301.988
3/20/2022 2:00,458.47
3/20/2022 3:00,563.69
3/20/2022 4:00,617.371
3/20/2022 5:00,609.445
3/20/2022 6:00,547.994
3/20/2022 7:00,456.804
3/20/2022 8:00,337.319
3/20/2022 9:00,199.029
3/20/2022 10:00,69.869
3/20/2022 11:00,2.327
3/20/2022 12:00,0
3/20/2022 13:00,0
3/20/2022 14:00,0
3/20/2022 15:00,0
3/20/2022 16:00,0
3/20/2022 17:00,0
3/20/2022 18:00,0
3/20/2022 19:00,0
3/20/2022 20:00,0
3/20/2022 21:00,0
3/20/2022 22:00,0
3/20/2022 23:00,19.675
3/21/2022 0:00,118.131
3/21/2022 1:00,244.626
3/21/2022 2:00,372.03
3/21/2022 3:00,486.063
3/21/2022 4:00,565.399
3/21/2022 5:00,588.354
3/21/2022 6:00,555.631
3/21/2022 7:00,474.637
3/21/2022 8:00,356.852
3/21/2022 9:00,215.238
3/21/2022 10:00,77.063
3/21/2022 11:00,2.733
3/21/2022 12:00,0
3/21/2022 13:00,0
3/21/2022 14:00,0
3/21/2022 15:00,0
3/21/2022 16:00,0
3/21/2022 17:00,0
3/21/2022 18:00,0
3/21/2022 19:00,0
3/21/2022 20:00,0
3/21/2022 21:00,0
3/21/2022 22:00,0
3/21/2022 23:00,27.513
3/22/2022 0:00,173.071
3/22/2022 1:00,360.68
3/22/2022 2:00,541.947
3/22/2022 3:00,684.967
3/22/2022 4:00,751.49
3/22/2022 5:00,748.127
3/22/2022 6:00,679.721
3/22/2022 7:00,546.553
3/22/2022 8:00,385.04
3/22/2022 9:00,221.017
3/22/2022 10:00,77.288
3/22/2022 11:00,2.774
3/22/2022 12:00,0
3/22/2022 13:00,0
3/22/2022 14:00,0
3/22/2022 15:00,0
3/22/2022 16:00,0
3/22/2022 17:00,0
3/22/2022 18:00,0
3/22/2022 19:00,0
3/22/2022 20:00,0
3/22/2022 21:00,0
3/22/2022 22:00,0.001
3/22/2022 23:00,22.98
3/23/2022 0:00,124.848
3/23/2022 1:00,244.613
3/23/2022 2:00,354.968
3/23/2022 3:00,443.306
3/23/2022 4:00,489.006
3/23/2022 5:00,490.412
3/23/2022 6:00,446.76
3/23/2022 7:00,371.756
3/23/2022 8:00,273.566
3/23/2022 9:00,163.881
3/23/2022 10:00,61.46
3/23/2022 11:00,2.429
3/23/2022 12:00,0
3/23/2022 13:00,0
3/23/2022 14:00,0
3/23/2022 15:00,0
3/23/2022 16:00,0
3/23/2022 17:00,0
3/23/2022 18:00,0
3/23/2022 19:00,0
3/23/2022 20:00,0
3/23/2022 21:00,0
3/23/2022 22:00,0.001
3/23/2022 23:00,29.112
3/24/2022 0:00,168.895
3/24/2022 1:00,327.429
3/24/2022 2:00,464.071
3/24/2022 3:00,549.374
3/24/2022 4:00,597.987
3/24/2022 5:00,585.805
3/24/2022 6:00,533.903
3/24/2022 7:00,444.774
3/24/2022 8:00,327.251
3/24/2022 9:00,200.627
3/24/2022 10:00,75.078
3/24/2022 11:00,3.052
3/24/2022 12:00,0
3/24/2022 13:00,0
3/24/2022 14:00,0
3/24/2022 15:00,0
3/24/2022 16:00,0
3/24/2022 17:00,0
3/24/2022 18:00,0
3/24/2022 19:00,0
3/24/2022 20:00,0
3/24/2022 21:00,0
3/24/2022 22:00,0.001
3/24/2022 23:00,31.169
3/25/2022 0:00,181.753
3/25/2022 1:00,361.67
3/25/2022 2:00,511.674
3/25/2022 3:00,607.567
3/25/2022 4:00,640.669
3/25/2022 5:00,624.966
3/25/2022 6:00,563.898
3/25/2022 7:00,466.959
3/25/2022 8:00,336.918
3/25/2022 9:00,202.982
3/25/2022 10:00,78.762
3/25/2022 11:00,3.347
3/25/2022 12:00,0
3/25/2022 13:00,0
3/25/2022 14:00,0
3/25/2022 15:00,0
3/25/2022 16:00,0
3/25/2022 17:00,0
3/25/2022 18:00,0
3/25/2022 19:00,0
3/25/2022 20:00,0
3/25/2022 21:00,0
3/25/2022 22:00,0.001
3/25/2022 23:00,27.439
3/26/2022 0:00,160.009
3/26/2022 1:00,325.847
3/26/2022 2:00,475.873
3/26/2022 3:00,598.911
3/26/2022 4:00,676.136
3/26/2022 5:00,695.011
3/26/2022 6:00,646.599
3/26/2022 7:00,545.372
3/26/2022 8:00,403.512
3/26/2022 9:00,241.697
3/26/2022 10:00,91.587
3/26/2022 11:00,3.917
3/26/2022 12:00,0
3/26/2022 13:00,0
3/26/2022 14:00,0
3/26/2022 15:00,0
3/26/2022 16:00,0
3/26/2022 17:00,0
3/26/2022 18:00,0
3/26/2022 19:00,0
3/26/2022 20:00,0
3/26/2022 21:00,0
3/26/2022 22:00,0.002
3/26/2022 23:00,34.459
3/27/2022 0:00,190.781
3/27/2022 1:00,378.647
3/27/2022 2:00,553.934
3/27/2022 3:00,683.819
3/27/2022 4:00,745.54
3/27/2022 5:00,744.324
3/27/2022 6:00,681.295
3/27/2022 7:00,577.393
3/27/2022 8:00,435.421
3/27/2022 9:00,262.339
3/27/2022 10:00,97.485
3/27/2022 11:00,4.058
3/27/2022 12:00,0
3/27/2022 13:00,0
3/27/2022 14:00,0
3/27/2022 15:00,0
3/27/2022 16:00,0
3/27/2022 17:00,0
3/27/2022 18:00,0
3/27/2022 19:00,0
3/27/2022 20:00,0
3/27/2022 21:00,0
3/27/2022 22:00,0.002
3/27/2022 23:00,25.048
3/28/2022 0:00,144.111
3/28/2022 1:00,300.18
3/28/2022 2:00,457.427
3/28/2022 3:00,588.865
3/28/2022 4:00,649.308
3/28/2022 5:00,644.786
3/28/2022 6:00,587.856
3/28/2022 7:00,474.818
3/28/2022 8:00,354.403
3/28/2022 9:00,210.873
3/28/2022 10:00,78.015
3/28/2022 11:00,3.319
3/28/2022 12:00,0
3/28/2022 13:00,0
3/28/2022 14:00,0
3/28/2022 15:00,0
3/28/2022 16:00,0
3/28/2022 17:00,0
3/28/2022 18:00,0
3/28/2022 19:00,0
3/28/2022 20:00,0
3/28/2022 21:00,0
3/28/2022 22:00,0.004
3/28/2022 23:00,28.857
3/29/2022 0:00,157.688
3/29/2022 1:00,326.924
3/29/2022 2:00,494.401
3/29/2022 3:00,622.868
3/29/2022 4:00,716.261
3/29/2022 5:00,742.646
3/29/2022 6:00,697.581
3/29/2022 7:00,598.629
3/29/2022 8:00,446.244
3/29/2022 9:00,274.144
3/29/2022 10:00,100.134
3/29/2022 11:00,4.366
3/29/2022 12:00,0
3/29/2022 13:00,0
3/29/2022 14:00,0
3/29/2022 15:00,0
3/29/2022 16:00,0
3/29/2022 17:00,0
3/29/2022 18:00,0
3/29/2022 19:00,0
3/29/2022 20:00,0
3/29/2022 21:00,0
3/29/2022 22:00,0.005
3/29/2022 23:00,33.881
3/30/2022 0:00,183.505
3/30/2022 1:00,371.588
3/30/2022 2:00,550.419
3/30/2022 3:00,669.741
3/30/2022 4:00,744.353
3/30/2022 5:00,754.761
3/30/2022 6:00,697.588
3/30/2022 7:00,578.902
3/30/2022 8:00,430.962
3/30/2022 9:00,261.005
3/30/2022 10:00,94.502
3/30/2022 11:00,4.204
3/30/2022 12:00,0
3/30/2022 13:00,0
3/30/2022 14:00,0
3/30/2022 15:00,0
3/30/2022 16:00,0
3/30/2022 17:00,0
3/30/2022 18:00,0
3/30/2022 19:00,0
3/30/2022 20:00,0
3/30/2022 21:00,0
3/30/2022 22:00,0.007
3/30/2022 23:00,39.329
3/31/2022 0:00,205.529
3/31/2022 1:00,398.877
3/31/2022 2:00,569.556
3/31/2022 3:00,674.745
3/31/2022 4:00,757.09
3/31/2022 5:00,776.854
3/31/2022 6:00,734.197
3/31/2022 7:00,614.262
3/31/2022 8:00,436.156
3/31/2022 9:00,256.457
3/31/2022 10:00,93.033
3/31/2022 11:00,4.496
3/31/2022 12:00,0
3/31/2022 13:00,0
3/31/2022 14:00,0
3/31/2022 15:00,0
3/31/2022 16:00,0
3/31/2022 17:00,0
3/31/2022 18:00,0
3/31/2022 19:00,0
3/31/2022 20:00,0
3/31/2022 21:00,0
3/31/2022 22:00,0.006
3/31/2022 23:00,38.557
4/1/2022 0:00,200.686
4/1/2022 1:00,404.84
4/1/2022 2:00,590.486
4/1/2022 3:00,714.685
4/1/2022 4:00,789.236
4/1/2022 5:00,790.794
4/1/2022 6:00,713.578
4/1/2022 7:00,588.241
4/1/2022 8:00,411.596
4/1/2022 9:00,241.249
4/1/2022 10:00,92.872
4/1/2022 11:00,4.574
4/1/2022 12:00,0
4/1/2022 13:00,0
4/1/2022 14:00,0
4/1/2022 15:00,0
4/1/2022 16:00,0
4/1/2022 17:00,0
4/1/2022 18:00,0
4/1/2022 19:00,0
4/1/2022 20:00,0
4/1/2022 21:00,0
4/1/2022 22:00,0.002
4/1/2022 23:00,25.211
4/2/2022 0:00,142.344
4/2/2022 1:00,302.453
4/2/2022 2:00,464.276
4/2/2022 3:00,591.252
4/2/2022 4:00,655.965
4/2/2022 5:00,654.64
4/2/2022 6:00,584.033
4/2/2022 7:00,472.733
4/2/2022 8:00,339.099
4/2/2022 9:00,207.076
4/2/2022 10:00,83.931
4/2/2022 11:00,4.367
4/2/2022 12:00,0
4/2/2022 13:00,0
4/2/2022 14:00,0
4/2/2022 15:00,0
4/2/2022 16:00,0
4/2/2022 17:00,0
4/2/2022 18:00,0
4/2/2022 19:00,0
4/2/2022 20:00,0
4/2/2022 21:00,0
4/2/2022 22:00,0.01
4/2/2022 23:00,27.428
4/3/2022 0:00,143.376
4/3/2022 1:00,285.092
4/3/2022 2:00,407.723
4/3/2022 3:00,478.801
4/3/2022 4:00,537.949
4/3/2022 5:00,549.57
4/3/2022 6:00,511.3
4/3/2022 7:00,433.771
4/3/2022 8:00,327.962
4/3/2022 9:00,204.069
4/3/2022 10:00,79.576
4/3/2022 11:00,4.053
4/3/2022 12:00,0
4/3/2022 13:00,0
4/3/2022 14:00,0
4/3/2022 15:00,0
4/3/2022 16:00,0
4/3/2022 17:00,0
4/3/2022 18:00,0
4/3/2022 19:00,0
4/3/2022 20:00,0
4/3/2022 21:00,0
4/3/2022 22:00,0.014
4/3/2022 23:00,35.519
4/4/2022 0:00,173.677
4/4/2022 1:00,343.025
4/4/2022 2:00,508.17
4/4/2022 3:00,638.74
4/4/2022 4:00,721.12
4/4/2022 5:00,738.086
4/4/2022 6:00,704.111
4/4/2022 7:00,606.825
4/4/2022 8:00,463.471
4/4/2022 9:00,280.23
4/4/2022 10:00,107.696
4/4/2022 11:00,5.576
4/4/2022 12:00,0
4/4/2022 13:00,0
4/4/2022 14:00,0
4/4/2022 15:00,0
4/4/2022 16:00,0
4/4/2022 17:00,0
4/4/2022 18:00,0
4/4/2022 19:00,0
4/4/2022 20:00,0
4/4/2022 21:00,0
4/4/2022 22:00,0.022
4/4/2022 23:00,51.131
4/5/2022 0:00,248.424
4/5/2022 1:00,472.684
4/5/2022 2:00,670.619
4/5/2022 3:00,813.533
4/5/2022 4:00,902.194
4/5/2022 5:00,923.231
4/5/2022 6:00,868.114
4/5/2022 7:00,739.586
4/5/2022 8:00,553.618
4/5/2022 9:00,333.322
4/5/2022 10:00,126.557
4/5/2022 11:00,6.582
4/5/2022 12:00,0
4/5/2022 13:00,0
4/5/2022 14:00,0
4/5/2022 15:00,0
4/5/2022 16:00,0
4/5/2022 17:00,0
4/5/2022 18:00,0
4/5/2022 19:00,0
4/5/2022 20:00,0
4/5/2022 21:00,0
4/5/2022 22:00,0.027
4/5/2022 23:00,50.422
4/6/2022 0:00,245.007
4/6/2022 1:00,467.653
4/6/2022 2:00,663.987
4/6/2022 3:00,803.635
4/6/2022 4:00,887.681
4/6/2022 5:00,901.826
4/6/2022 6:00,845.536
4/6/2022 7:00,718.501
4/6/2022 8:00,538.64
4/6/2022 9:00,315.583
4/6/2022 10:00,116.999
4/6/2022 11:00,6.033
4/6/2022 12:00,0
4/6/2022 13:00,0
4/6/2022 14:00,0
4/6/2022 15:00,0
4/6/2022 16:00,0
4/6/2022 17:00,0
4/6/2022 18:00,0
4/6/2022 19:00,0
4/6/2022 20:00,0
4/6/2022 21:00,0
4/6/2022 22:00,0.029
4/6/2022 23:00,43.236
4/7/2022 0:00,209.973
4/7/2022 1:00,413.814
4/7/2022 2:00,609.326
4/7/2022 3:00,739.696
4/7/2022 4:00,813.156
4/7/2022 5:00,825.973
4/7/2022 6:00,766.946
4/7/2022 7:00,639.361
4/7/2022 8:00,457.638
4/7/2022 9:00,257.082
4/7/2022 10:00,94.393
4/7/2022 11:00,5.409
4/7/2022 12:00,0
4/7/2022 13:00,0
4/7/2022 14:00,0
4/7/2022 15:00,0
4/7/2022 16:00,0
4/7/2022 17:00,0
4/7/2022 18:00,0
4/7/2022 19:00,0
4/7/2022 20:00,0
4/7/2022 21:00,0
4/7/2022 22:00,0.033
4/7/2022 23:00,34.984
4/8/2022 0:00,176.305
4/8/2022 1:00,365.731
4/8/2022 2:00,557.056
4/8/2022 3:00,732.662
4/8/2022 4:00,844.534
4/8/2022 5:00,873.571
4/8/2022 6:00,822.535
4/8/2022 7:00,699.666
4/8/2022 8:00,521.8
4/8/2022 9:00,309.437
4/8/2022 10:00,116.092
4/8/2022 11:00,6.568
4/8/2022 12:00,0
4/8/2022 13:00,0
4/8/2022 14:00,0
4/8/2022 15:00,0
4/8/2022 16:00,0
4/8/2022 17:00,0
4/8/2022 18:00,0
4/8/2022 19:00,0
4/8/2022 20:00,0
4/8/2022 21:00,0
4/8/2022 22:00,0.039
4/8/2022 23:00,43.841
4/9/2022 0:00,220.095
4/9/2022 1:00,442.85
4/9/2022 2:00,649.403
4/9/2022 3:00,760.032
4/9/2022 4:00,857.034
4/9/2022 5:00,885.274
4/9/2022 6:00,837.884
4/9/2022 7:00,718.771
4/9/2022 8:00,540.082
4/9/2022 9:00,326.959
4/9/2022 10:00,120.671
4/9/2022 11:00,6.954
4/9/2022 12:00,0
4/9/2022 13:00,0
4/9/2022 14:00,0
4/9/2022 15:00,0
4/9/2022 16:00,0
4/9/2022 17:00,0
4/9/2022 18:00,0
4/9/2022 19:00,0
4/9/2022 20:00,0
4/9/2022 21:00,0
4/9/2022 22:00,0.043
4/9/2022 23:00,42.46
4/10/2022 0:00,215.778
4/10/2022 1:00,436.469
4/10/2022 2:00,642.955
4/10/2022 3:00,785.579
4/10/2022 4:00,876.866
4/10/2022 5:00,893.262
4/10/2022 6:00,832.813
4/10/2022 7:00,699.891
4/10/2022 8:00,512.309
4/10/2022 9:00,287.289
4/10/2022 10:00,107.679
4/10/2022 11:00,6.567
4/10/2022 12:00,0
4/10/2022 13:00,0
4/10/2022 14:00,0
4/10/2022 15:00,0
4/10/2022 16:00,0
4/10/2022 17:00,0
4/10/2022 18:00,0
4/10/2022 19:00,0
4/10/2022 20:00,0
4/10/2022 21:00,0
4/10/2022 22:00,0.045
4/10/2022 23:00,38.944
4/11/2022 0:00,192.372
4/11/2022 1:00,393.385
4/11/2022 2:00,593.39
4/11/2022 3:00,747.123
4/11/2022 4:00,843.466
4/11/2022 5:00,857.5
4/11/2022 6:00,792.961
4/11/2022 7:00,656.739
4/11/2022 8:00,465.704
4/11/2022 9:00,275.652
4/11/2022 10:00,103.733
4/11/2022 11:00,6.599
4/11/2022 12:00,0
4/11/2022 13:00,0
4/11/2022 14:00,0
4/11/2022 15:00,0
4/11/2022 16:00,0
4/11/2022 17:00,0
4/11/2022 18:00,0
4/11/2022 19:00,0
4/11/2022 20:00,0
4/11/2022 21:00,0
4/11/2022 22:00,0.036
4/11/2022 23:00,31.626
4/12/2022 0:00,157.997
4/12/2022 1:00,321.628
4/12/2022 2:00,481.467
4/12/2022 3:00,625.35
4/12/2022 4:00,706.147
4/12/2022 5:00,735.703
4/12/2022 6:00,705.052
4/12/2022 7:00,616.804
4/12/2022 8:00,469.765
4/12/2022 9:00,287.717
4/12/2022 10:00,113.974
4/12/2022 11:00,7.709
4/12/2022 12:00,0
4/12/2022 13:00,0
4/12/2022 14:00,0
4/12/2022 15:00,0
4/12/2022 16:00,0
4/12/2022 17:00,0
4/12/2022 18:00,0
4/12/2022 19:00,0
4/12/2022 20:00,0
4/12/2022 21:00,0
4/12/2022 22:00,0.049
4/12/2022 23:00,43.082
4/13/2022 0:00,209.961
4/13/2022 1:00,419.624
4/13/2022 2:00,615.986
4/13/2022 3:00,767.679
4/13/2022 4:00,868.369
4/13/2022 5:00,895.363
4/13/2022 6:00,841.644
4/13/2022 7:00,723.848
4/13/2022 8:00,545.879
4/13/2022 9:00,338.325
4/13/2022 10:00,128.581
4/13/2022 11:00,8.478
4/13/2022 12:00,0
4/13/2022 13:00,0
4/13/2022 14:00,0
4/13/2022 15:00,0
4/13/2022 16:00,0
4/13/2022 17:00,0
4/13/2022 18:00,0
4/13/2022 19:00,0
4/13/2022 20:00,0
4/13/2022 21:00,0
4/13/2022 22:00,0.066
4/13/2022 23:00,49.288
4/14/2022 0:00,233.771
4/14/2022 1:00,451.856
4/14/2022 2:00,650.511
4/14/2022 3:00,792.425
4/14/2022 4:00,892.388
4/14/2022 5:00,914.609
4/14/2022 6:00,861.036
4/14/2022 7:00,735.812
4/14/2022 8:00,557.205
4/14/2022 9:00,343.774
4/14/2022 10:00,132.207
4/14/2022 11:00,8.71
4/14/2022 12:00,0
4/14/2022 13:00,0
4/14/2022 14:00,0
4/14/2022 15:00,0
4/14/2022 16:00,0
4/14/2022 17:00,0
4/14/2022 18:00,0
4/14/2022 19:00,0
4/14/2022 20:00,0
4/14/2022 21:00,0
4/14/2022 22:00,0.079
4/14/2022 23:00,50.706
4/15/2022 0:00,236.34
4/15/2022 1:00,458.704
4/15/2022 2:00,665.683
4/15/2022 3:00,819.213
4/15/2022 4:00,913.667
4/15/2022 5:00,933.174
4/15/2022 6:00,877.142
4/15/2022 7:00,750.502
4/15/2022 8:00,565.401
4/15/2022 9:00,346.549
4/15/2022 10:00,133.086
4/15/2022 11:00,8.842
4/15/2022 12:00,0
4/15/2022 13:00,0
4/15/2022 14:00,0
4/15/2022 15:00,0
4/15/2022 16:00,0
4/15/2022 17:00,0
4/15/2022 18:00,0
4/15/2022 19:00,0
4/15/2022 20:00,0
4/15/2022 21:00,0
4/15/2022 22:00,0.082
4/15/2022 23:00,46.156
4/16/2022 0:00,212.703
4/16/2022 1:00,418.829
4/16/2022 2:00,609.625
4/16/2022 3:00,744.771
4/16/2022 4:00,817.214
4/16/2022 5:00,816.892
4/16/2022 6:00,749.225
4/16/2022 7:00,623.218
4/16/2022 8:00,448.06
4/16/2022 9:00,262.786
4/16/2022 10:00,99.779
4/16/2022 11:00,7.371
4/16/2022 12:00,0
4/16/2022 13:00,0
4/16/2022 14:00,0
4/16/2022 15:00,0
4/16/2022 16:00,0
4/16/2022 17:00,0
4/16/2022 18:00,0
4/16/2022 19:00,0
4/16/2022 20:00,0
4/16/2022 21:00,0
4/16/2022 22:00,0.065
4/16/2022 23:00,35.276
4/17/2022 0:00,168.264
4/17/2022 1:00,339.319
4/17/2022 2:00,504.737
4/17/2022 3:00,628.213
4/17/2022 4:00,701.959
4/17/2022 5:00,721.521
4/17/2022 6:00,666.795
4/17/2022 7:00,561.918
4/17/2022 8:00,407.446
4/17/2022 9:00,229.231
4/17/2022 10:00,91.229
4/17/2022 11:00,7.223
4/17/2022 12:00,0
4/17/2022 13:00,0
4/17/2022 14:00,0
4/17/2022 15:00,0
4/17/2022 16:00,0
4/17/2022 17:00,0
4/17/2022 18:00,0
4/17/2022 19:00,0
4/17/2022 20:00,0
4/17/2022 21:00,0
4/17/2022 22:00,0.095
4/17/2022 23:00,27.876
4/18/2022 0:00,118.395
4/18/2022 1:00,232.323
4/18/2022 2:00,353.283
4/18/2022 3:00,421.754
4/18/2022 4:00,453.033
4/18/2022 5:00,447.297
4/18/2022 6:00,413.517
4/18/2022 7:00,341.034
4/18/2022 8:00,246.104
4/18/2022 9:00,149.099
4/18/2022 10:00,59.816
4/18/2022 11:00,4.911
4/18/2022 12:00,0
4/18/2022 13:00,0
4/18/2022 14:00,0
4/18/2022 15:00,0
4/18/2022 16:00,0
4/18/2022 17:00,0
4/18/2022 18:00,0
4/18/2022 19:00,0
4/18/2022 20:00,0
4/18/2022 21:00,0
4/18/2022 22:00,0.08
4/18/2022 23:00,25.1
4/19/2022 0:00,122.54
4/19/2022 1:00,283.018
4/19/2022 2:00,423.147
4/19/2022 3:00,558.051
4/19/2022 4:00,666.305
4/19/2022 5:00,693.481
4/19/2022 6:00,651.267
4/19/2022 7:00,556.613
4/19/2022 8:00,420.407
4/19/2022 9:00,252.604
4/19/2022 10:00,103.484
4/19/2022 11:00,8.038
4/19/2022 12:00,0
4/19/2022 13:00,0
4/19/2022 14:00,0
4/19/2022 15:00,0
4/19/2022 16:00,0
4/19/2022 17:00,0
4/19/2022 18:00,0
4/19/2022 19:00,0
4/19/2022 20:00,0
4/19/2022 21:00,0
4/19/2022 22:00,0.147
4/19/2022 23:00,51.794
4/20/2022 0:00,216.334
4/20/2022 1:00,409.851
4/20/2022 2:00,597.671
4/20/2022 3:00,744.917
4/20/2022 4:00,827.588
4/20/2022 5:00,845.997
4/20/2022 6:00,785.287
4/20/2022 7:00,674.659
4/20/2022 8:00,510.844
4/20/2022 9:00,316.401
4/20/2022 10:00,119.595
4/20/2022 11:00,8.946
4/20/2022 12:00,0
4/20/2022 13:00,0
4/20/2022 14:00,0
4/20/2022 15:00,0
4/20/2022 16:00,0
4/20/2022 17:00,0
4/20/2022 18:00,0
4/20/2022 19:00,0
4/20/2022 20:00,0
4/20/2022 21:00,0
4/20/2022 22:00,0.159
4/20/2022 23:00,51.995
4/21/2022 0:00,224.909
4/21/2022 1:00,435.816
4/21/2022 2:00,620.245
4/21/2022 3:00,746.575
4/21/2022 4:00,812.43
4/21/2022 5:00,818.501
4/21/2022 6:00,765.097
4/21/2022 7:00,646.734
4/21/2022 8:00,478.546
4/21/2022 9:00,287.391
4/21/2022 10:00,117.092
4/21/2022 11:00,9.474
4/21/2022 12:00,0
4/21/2022 13:00,0
4/21/2022 14:00,0
4/21/2022 15:00,0
4/21/2022 16:00,0
4/21/2022 17:00,0
4/21/2022 18:00,0
4/21/2022 19:00,0
4/21/2022 20:00,0
4/21/2022 21:00,0
4/21/2022 22:00,0.134
4/21/2022 23:00,44.131
4/22/2022 0:00,194.249
4/22/2022 1:00,370.323
4/22/2022 2:00,532.722
4/22/2022 3:00,646.345
4/22/2022 4:00,709.874
4/22/2022 5:00,718.568
4/22/2022 6:00,660.65
4/22/2022 7:00,548.906
4/22/2022 8:00,391.261
4/22/2022 9:00,234.114
4/22/2022 10:00,101.717
4/22/2022 11:00,8.792
4/22/2022 12:00,0
4/22/2022 13:00,0
4/22/2022 14:00,0
4/22/2022 15:00,0
4/22/2022 16:00,0
4/22/2022 17:00,0
4/22/2022 18:00,0
4/22/2022 19:00,0
4/22/2022 20:00,0
4/22/2022 21:00,0
4/22/2022 22:00,0.155
4/22/2022 23:00,43.677
4/23/2022 0:00,189.926
4/23/2022 1:00,363.636
4/23/2022 2:00,520.163
4/23/2022 3:00,652.64
4/23/2022 4:00,725.676
4/23/2022 5:00,741.87
4/23/2022 6:00,685.101
4/23/2022 7:00,588.529
4/23/2022 8:00,448.48
4/23/2022 9:00,284.15
4/23/2022 10:00,121.188
4/23/2022 11:00,10.506
4/23/2022 12:00,0
4/23/2022 13:00,0
4/23/2022 14:00,0
4/23/2022 15:00,0
4/23/2022 16:00,0
4/23/2022 17:00,0
4/23/2022 18:00,0
4/23/2022 19:00,0
4/23/2022 20:00,0
4/23/2022 21:00,0
4/23/2022 22:00,0.208
4/23/2022 23:00,52.794
4/24/2022 0:00,216.378
4/24/2022 1:00,397.978
4/24/2022 2:00,566.559
4/24/2022 3:00,690.265
4/24/2022 4:00,769.477
4/24/2022 5:00,787.198
4/24/2022 6:00,739.434
4/24/2022 7:00,622.037
4/24/2022 8:00,460.34
4/24/2022 9:00,288.744
4/24/2022 10:00,123.39
4/24/2022 11:00,10.851
4/24/2022 12:00,0
4/24/2022 13:00,0
4/24/2022 14:00,0
4/24/2022 15:00,0
4/24/2022 16:00,0
4/24/2022 17:00,0
4/24/2022 18:00,0
4/24/2022 19:00,0
4/24/2022 20:00,0
4/24/2022 21:00,0
4/24/2022 22:00,0.184
4/24/2022 23:00,47.013
4/25/2022 0:00,197.551
4/25/2022 1:00,367.343
4/25/2022 2:00,523.462
4/25/2022 3:00,644.075
4/25/2022 4:00,711.12
4/25/2022 5:00,716.858
4/25/2022 6:00,656.031
4/25/2022 7:00,543.978
4/25/2022 8:00,394.552
4/25/2022 9:00,237.887
4/25/2022 10:00,96.362
4/25/2022 11:00,8.832
4/25/2022 12:00,0
4/25/2022 13:00,0
4/25/2022 14:00,0
4/25/2022 15:00,0
4/25/2022 16:00,0
4/25/2022 17:00,0
4/25/2022 18:00,0
4/25/2022 19:00,0
4/25/2022 20:00,0
4/25/2022 21:00,0
4/25/2022 22:00,0.166
4/25/2022 23:00,41.643
4/26/2022 0:00,170.693
4/26/2022 1:00,315.21
4/26/2022 2:00,467.073
4/26/2022 3:00,576.722
4/26/2022 4:00,631.307
4/26/2022 5:00,625.876
4/26/2022 6:00,550.326
4/26/2022 7:00,454.596
4/26/2022 8:00,324.075
4/26/2022 9:00,204.333
4/26/2022 10:00,89.802
4/26/2022 11:00,8.571
4/26/2022 12:00,0
4/26/2022 13:00,0
4/26/2022 14:00,0
4/26/2022 15:00,0
4/26/2022 16:00,0
4/26/2022 17:00,0
4/26/2022 18:00,0
4/26/2022 19:00,0
4/26/2022 20:00,0
4/26/2022 21:00,0
4/26/2022 22:00,0.128
4/26/2022 23:00,32.866
4/27/2022 0:00,140.569
4/27/2022 1:00,273.584
4/27/2022 2:00,399.917
4/27/2022 3:00,497.325
4/27/2022 4:00,559.103
4/27/2022 5:00,570.812
4/27/2022 6:00,524.958
4/27/2022 7:00,437.582
4/27/2022 8:00,329.433
4/27/2022 9:00,205.562
4/27/2022 10:00,88.806
4/27/2022 11:00,8.402
4/27/2022 12:00,0
4/27/2022 13:00,0
4/27/2022 14:00,0
4/27/2022 15:00,0
4/27/2022 16:00,0
4/27/2022 17:00,0
4/27/2022 18:00,0
4/27/2022 19:00,0
4/27/2022 20:00,0
4/27/2022 21:00,0
4/27/2022 22:00,0.117
4/27/2022 23:00,31.94
4/28/2022 0:00,134.387
4/28/2022 1:00,260.32
4/28/2022 2:00,383.818
4/28/2022 3:00,479.787
4/28/2022 4:00,544.185
4/28/2022 5:00,543.132
4/28/2022 6:00,480.53
4/28/2022 7:00,392.872
4/28/2022 8:00,290.38
4/28/2022 9:00,172.447
4/28/2022 10:00,67.2
4/28/2022 11:00,5.793
4/28/2022 12:00,0
4/28/2022 13:00,0
4/28/2022 14:00,0
4/28/2022 15:00,0
4/28/2022 16:00,0
4/28/2022 17:00,0
4/28/2022 18:00,0
4/28/2022 19:00,0
4/28/2022 20:00,0
4/28/2022 21:00,0
4/28/2022 22:00,0.124
4/28/2022 23:00,30.789
4/29/2022 0:00,130.577
4/29/2022 1:00,253.883
4/29/2022 2:00,370.507
4/29/2022 3:00,461.942
4/29/2022 4:00,508.211
4/29/2022 5:00,523.395
4/29/2022 6:00,497.108
4/29/2022 7:00,426.28
4/29/2022 8:00,317.079
4/29/2022 9:00,198.377
4/29/2022 10:00,80.569
4/29/2022 11:00,7.724
4/29/2022 12:00,0
4/29/2022 13:00,0
4/29/2022 14:00,0
4/29/2022 15:00,0
4/29/2022 16:00,0
4/29/2022 17:00,0
4/29/2022 18:00,0
4/29/2022 19:00,0
4/29/2022 20:00,0
4/29/2022 21:00,0
4/29/2022 22:00,0.136
4/29/2022 23:00,30.118
4/30/2022 0:00,129.023
4/30/2022 1:00,252.944
4/30/2022 2:00,377.063
4/30/2022 3:00,478.492
4/30/2022 4:00,559.599
4/30/2022 5:00,590.315
4/30/2022 6:00,575.58
4/30/2022 7:00,504.886
4/30/2022 8:00,390.048
4/30/2022 9:00,249.995
4/30/2022 10:00,107.45
4/30/2022 11:00,10.691
4/30/2022 12:00,0
4/30/2022 13:00,0
4/30/2022 14:00,0
4/30/2022 15:00,0
4/30/2022 16:00,0
4/30/2022 17:00,0
4/30/2022 18:00,0
4/30/2022 19:00,0
4/30/2022 20:00,0
4/30/2022 21:00,0
4/30/2022 22:00,0.257
4/30/2022 23:00,51.167
5/1/2022 0:00,199.032
5/1/2022 1:00,365.919
5/1/2022 2:00,525.638
5/1/2022 3:00,628.116
5/1/2022 4:00,673.922
5/1/2022 5:00,660.18
5/1/2022 6:00,588.539
5/1/2022 7:00,430.838
5/1/2022 8:00,301.097
5/1/2022 9:00,179.901
5/1/2022 10:00,73.027
5/1/2022 11:00,7.029
5/1/2022 12:00,0
5/1/2022 13:00,0
5/1/2022 14:00,0
5/1/2022 15:00,0
5/1/2022 16:00,0
5/1/2022 17:00,0
5/1/2022 18:00,0
5/1/2022 19:00,0
5/1/2022 20:00,0
5/1/2022 21:00,0
5/1/2022 22:00,0.169
5/1/2022 23:00,25.606
5/2/2022 0:00,110.504
5/2/2022 1:00,246.375
5/2/2022 2:00,404.538
5/2/2022 3:00,528.806
5/2/2022 4:00,579.131
5/2/2022 5:00,614.539
5/2/2022 6:00,564.8
5/2/2022 7:00,435.598
5/2/2022 8:00,302.06
5/2/2022 9:00,170.672
5/2/2022 10:00,69.595
5/2/2022 11:00,7.002
5/2/2022 12:00,0
5/2/2022 13:00,0
5/2/2022 14:00,0
5/2/2022 15:00,0
5/2/2022 16:00,0
5/2/2022 17:00,0
5/2/2022 18:00,0
5/2/2022 19:00,0
5/2/2022 20:00,0
5/2/2022 21:00,0
5/2/2022 22:00,0.163
5/2/2022 23:00,45.774
5/3/2022 0:00,196.179
5/3/2022 1:00,374.382
5/3/2022 2:00,522.973
5/3/2022 3:00,622.526
5/3/2022 4:00,665.604
5/3/2022 5:00,646.248
5/3/2022 6:00,586.587
5/3/2022 7:00,497.593
5/3/2022 8:00,359.507
5/3/2022 9:00,223.174
5/3/2022 10:00,93.323
5/3/2022 11:00,9.499
5/3/2022 12:00,0
5/3/2022 13:00,0
5/3/2022 14:00,0
5/3/2022 15:00,0
5/3/2022 16:00,0
5/3/2022 17:00,0
5/3/2022 18:00,0
5/3/2022 19:00,0
5/3/2022 20:00,0
5/3/2022 21:00,0
5/3/2022 22:00,0.231
5/3/2022 23:00,51.059
5/4/2022 0:00,204.258
5/4/2022 1:00,385.21
5/4/2022 2:00,563.497
5/4/2022 3:00,706.133
5/4/2022 4:00,789.797
5/4/2022 5:00,813.555
5/4/2022 6:00,758.717
5/4/2022 7:00,624.14
5/4/2022 8:00,461.903
5/4/2022 9:00,289.871
5/4/2022 10:00,123.3
5/4/2022 11:00,12.589
5/4/2022 12:00,0
5/4/2022 13:00,0
5/4/2022 14:00,0
5/4/2022 15:00,0
5/4/2022 16:00,0
5/4/2022 17:00,0
5/4/2022 18:00,0
5/4/2022 19:00,0
5/4/2022 20:00,0
5/4/2022 21:00,0
5/4/2022 22:00,0.447
5/4/2022 23:00,65.635
5/5/2022 0:00,248.631
5/5/2022 1:00,453.751
5/5/2022 2:00,637.62
5/5/2022 3:00,777.967
5/5/2022 4:00,842.401
5/5/2022 5:00,844.661
5/5/2022 6:00,768.545
5/5/2022 7:00,629.242
5/5/2022 8:00,444.519
5/5/2022 9:00,261.457
5/5/2022 10:00,110.763
5/5/2022 11:00,11.244
5/5/2022 12:00,0
5/5/2022 13:00,0
5/5/2022 14:00,0
5/5/2022 15:00,0
5/5/2022 16:00,0
5/5/2022 17:00,0
5/5/2022 18:00,0
5/5/2022 19:00,0
5/5/2022 20:00,0
5/5/2022 21:00,0
5/5/2022 22:00,0.389
5/5/2022 23:00,37.564
5/6/2022 0:00,136.972
5/6/2022 1:00,256.405
5/6/2022 2:00,366.097
5/6/2022 3:00,439.766
5/6/2022 4:00,479.184
5/6/2022 5:00,472.857
5/6/2022 6:00,431.687
5/6/2022 7:00,369.122
5/6/2022 8:00,284.318
5/6/2022 9:00,179.536
5/6/2022 10:00,79.198
5/6/2022 11:00,8.829
5/6/2022 12:00,0
5/6/2022 13:00,0
5/6/2022 14:00,0
5/6/2022 15:00,0
5/6/2022 16:00,0
5/6/2022 17:00,0
5/6/2022 18:00,0
5/6/2022 19:00,0
5/6/2022 20:00,0
5/6/2022 21:00,0
5/6/2022 22:00,0.183
5/6/2022 23:00,32.165
5/7/2022 0:00,125.858
5/7/2022 1:00,238.117
5/7/2022 2:00,342.858
5/7/2022 3:00,408.066
5/7/2022 4:00,444.111
5/7/2022 5:00,443.303
5/7/2022 6:00,407.355
5/7/2022 7:00,338.547
5/7/2022 8:00,247.514
5/7/2022 9:00,159.856
5/7/2022 10:00,71.956
5/7/2022 11:00,8.295
5/7/2022 12:00,0
5/7/2022 13:00,0
5/7/2022 14:00,0
5/7/2022 15:00,0
5/7/2022 16:00,0
5/7/2022 17:00,0
5/7/2022 18:00,0
5/7/2022 19:00,0
5/7/2022 20:00,0
5/7/2022 21:00,0
5/7/2022 22:00,0.26
5/7/2022 23:00,40.209
5/8/2022 0:00,157.037
5/8/2022 1:00,297.821
5/8/2022 2:00,419.648
5/8/2022 3:00,484.634
5/8/2022 4:00,515.525
5/8/2022 5:00,506.83
5/8/2022 6:00,475.137
5/8/2022 7:00,412.757
5/8/2022 8:00,319.034
5/8/2022 9:00,207.143
5/8/2022 10:00,90.393
5/8/2022 11:00,10.029
5/8/2022 12:00,0
5/8/2022 13:00,0
5/8/2022 14:00,0
5/8/2022 15:00,0
5/8/2022 16:00,0
5/8/2022 17:00,0
5/8/2022 18:00,0
5/8/2022 19:00,0
5/8/2022 20:00,0
5/8/2022 21:00,0
5/8/2022 22:00,0.358
5/8/2022 23:00,42.135
5/9/2022 0:00,162.301
5/9/2022 1:00,312.952
5/9/2022 2:00,458.71
5/9/2022 3:00,561.608
5/9/2022 4:00,630.162
5/9/2022 5:00,637.672
5/9/2022 6:00,593.658
5/9/2022 7:00,509.487
5/9/2022 8:00,390.815
5/9/2022 9:00,251.757
5/9/2022 10:00,106.333
5/9/2022 11:00,11.758
5/9/2022 12:00,0
5/9/2022 13:00,0
5/9/2022 14:00,0
5/9/2022 15:00,0
5/9/2022 16:00,0
5/9/2022 17:00,0
5/9/2022 18:00,0
5/9/2022 19:00,0
5/9/2022 20:00,0
5/9/2022 21:00,0
5/9/2022 22:00,0.356
5/9/2022 23:00,33.567
5/10/2022 0:00,130.332
5/10/2022 1:00,255.24
5/10/2022 2:00,378.941
5/10/2022 3:00,468.022
5/10/2022 4:00,521.013
5/10/2022 5:00,516.907
5/10/2022 6:00,470.734
5/10/2022 7:00,392.001
5/10/2022 8:00,291.714
5/10/2022 9:00,184.396
5/10/2022 10:00,80.978
5/10/2022 11:00,9.692
5/10/2022 12:00,0
5/10/2022 13:00,0
5/10/2022 14:00,0
5/10/2022 15:00,0
5/10/2022 16:00,0
5/10/2022 17:00,0
5/10/2022 18:00,0
5/10/2022 19:00,0
5/10/2022 20:00,0
5/10/2022 21:00,0
5/10/2022 22:00,0.47
5/10/2022 23:00,47.161
5/11/2022 0:00,179.068
5/11/2022 1:00,321.496
5/11/2022 2:00,467.297
5/11/2022 3:00,577.36
5/11/2022 4:00,656.893
5/11/2022 5:00,669.449
5/11/2022 6:00,626.236
5/11/2022 7:00,523.361
5/11/2022 8:00,376.322
5/11/2022 9:00,232.435
5/11/2022 10:00,101.142
5/11/2022 11:00,11.699
5/11/2022 12:00,0
5/11/2022 13:00,0
5/11/2022 14:00,0
5/11/2022 15:00,0
5/11/2022 16:00,0
5/11/2022 17:00,0
5/11/2022 18:00,0
5/11/2022 19:00,0
5/11/2022 20:00,0
5/11/2022 21:00,0
5/11/2022 22:00,0.366
5/11/2022 23:00,42.511
5/12/2022 0:00,161.557
5/12/2022 1:00,301.144
5/12/2022 2:00,431.998
5/12/2022 3:00,521.238
5/12/2022 4:00,564.382
5/12/2022 5:00,550.118
5/12/2022 6:00,489.421
5/12/2022 7:00,396.812
5/12/2022 8:00,289.081
5/12/2022 9:00,177.73
5/12/2022 10:00,78.702
5/12/2022 11:00,9.986
5/12/2022 12:00,0
5/12/2022 13:00,0
5/12/2022 14:00,0
5/12/2022 15:00,0
5/12/2022 16:00,0
5/12/2022 17:00,0
5/12/2022 18:00,0
5/12/2022 19:00,0
5/12/2022 20:00,0
5/12/2022 21:00,0
5/12/2022 22:00,0.37
5/12/2022 23:00,43.288
5/13/2022 0:00,162.139
5/13/2022 1:00,310.696
5/13/2022 2:00,463.985
5/13/2022 3:00,589.018
5/13/2022 4:00,644.85
5/13/2022 5:00,627.742
5/13/2022 6:00,559.277
5/13/2022 7:00,448.529
5/13/2022 8:00,319.716
5/13/2022 9:00,193.417
5/13/2022 10:00,86.196
5/13/2022 11:00,10.698
5/13/2022 12:00,0
5/13/2022 13:00,0
5/13/2022 14:00,0
5/13/2022 15:00,0
5/13/2022 16:00,0
5/13/2022 17:00,0
5/13/2022 18:00,0
5/13/2022 19:00,0
5/13/2022 20:00,0
5/13/2022 21:00,0
5/13/2022 22:00,0.476
5/13/2022 23:00,43.627
5/14/2022 0:00,162.648
5/14/2022 1:00,303.271
5/14/2022 2:00,431.646
5/14/2022 3:00,525.642
5/14/2022 4:00,555.841
5/14/2022 5:00,532.239
5/14/2022 6:00,462.648
5/14/2022 7:00,368.677
5/14/2022 8:00,261.623
5/14/2022 9:00,161.89
5/14/2022 10:00,74.045
5/14/2022 11:00,9.681
5/14/2022 12:00,0
5/14/2022 13:00,0
5/14/2022 14:00,0
5/14/2022 15:00,0
5/14/2022 16:00,0
5/14/2022 17:00,0
5/14/2022 18:00,0
5/14/2022 19:00,0
5/14/2022 20:00,0
5/14/2022 21:00,0
5/14/2022 22:00,0.411
5/14/2022 23:00,41.713
5/15/2022 0:00,151.281
5/15/2022 1:00,266.521
5/15/2022 2:00,371.977
5/15/2022 3:00,445.902
5/15/2022 4:00,493.141
5/15/2022 5:00,501.417
5/15/2022 6:00,451.231
5/15/2022 7:00,377.305
5/15/2022 8:00,275.062
5/15/2022 9:00,168.908
5/15/2022 10:00,73.32
5/15/2022 11:00,8.735
5/15/2022 12:00,0
5/15/2022 13:00,0
5/15/2022 14:00,0
5/15/2022 15:00,0
5/15/2022 16:00,0
5/15/2022 17:00,0
5/15/2022 18:00,0
5/15/2022 19:00,0
5/15/2022 20:00,0
5/15/2022 21:00,0
5/15/2022 22:00,0.349
5/15/2022 23:00,33.471
5/16/2022 0:00,128.9
5/16/2022 1:00,260.4
5/16/2022 2:00,382.109
5/16/2022 3:00,439.809
5/16/2022 4:00,467.122
5/16/2022 5:00,469.073
5/16/2022 6:00,439.59
5/16/2022 7:00,368.877
5/16/2022 8:00,268.6
5/16/2022 9:00,162.402
5/16/2022 10:00,69.052
5/16/2022 11:00,8.02
5/16/2022 12:00,0
5/16/2022 13:00,0
5/16/2022 14:00,0
5/16/2022 15:00,0
5/16/2022 16:00,0
5/16/2022 17:00,0
5/16/2022 18:00,0
5/16/2022 19:00,0
5/16/2022 20:00,0
5/16/2022 21:00,0
5/16/2022 22:00,0.633
5/16/2022 23:00,43.462
5/17/2022 0:00,160.477
5/17/2022 1:00,306.972
5/17/2022 2:00,446.547
5/17/2022 3:00,543.515
5/17/2022 4:00,600.459
5/17/2022 5:00,619.743
5/17/2022 6:00,586.58
5/17/2022 7:00,499.839
5/17/2022 8:00,371.896
5/17/2022 9:00,234.117
5/17/2022 10:00,104.688
5/17/2022 11:00,12.421
5/17/2022 12:00,0
5/17/2022 13:00,0
5/17/2022 14:00,0
5/17/2022 15:00,0
5/17/2022 16:00,0
5/17/2022 17:00,0
5/17/2022 18:00,0
5/17/2022 19:00,0
5/17/2022 20:00,0
5/17/2022 21:00,0
5/17/2022 22:00,0.528
5/17/2022 23:00,44.833
5/18/2022 0:00,161.047
5/18/2022 1:00,295.087
5/18/2022 2:00,418.749
5/18/2022 3:00,528.227
5/18/2022 4:00,597.12
5/18/2022 5:00,623.533
5/18/2022 6:00,572.472
5/18/2022 7:00,480.437
5/18/2022 8:00,348.548
5/18/2022 9:00,216.716
5/18/2022 10:00,99.856
5/18/2022 11:00,12.048
5/18/2022 12:00,0
5/18/2022 13:00,0
5/18/2022 14:00,0
5/18/2022 15:00,0
5/18/2022 16:00,0
5/18/2022 17:00,0
5/18/2022 18:00,0
5/18/2022 19:00,0
5/18/2022 20:00,0
5/18/2022 21:00,0
5/18/2022 22:00,0.566
5/18/2022 23:00,47.631
5/19/2022 0:00,172.217
5/19/2022 1:00,321.106
5/19/2022 2:00,457.313
5/19/2022 3:00,545.13
5/19/2022 4:00,579.745
5/19/2022 5:00,557.617
5/19/2022 6:00,503.82
5/19/2022 7:00,412.753
5/19/2022 8:00,301.119
5/19/2022 9:00,184.73
5/19/2022 10:00,77.516
5/19/2022 11:00,8.804
5/19/2022 12:00,0
5/19/2022 13:00,0
5/19/2022 14:00,0
5/19/2022 15:00,0
5/19/2022 16:00,0
5/19/2022 17:00,0
5/19/2022 18:00,0
5/19/2022 19:00,0
5/19/2022 20:00,0
5/19/2022 21:00,0
5/19/2022 22:00,0.451
5/19/2022 23:00,30.64
5/20/2022 0:00,115.418
5/20/2022 1:00,226.326
5/20/2022 2:00,339.966
5/20/2022 3:00,439.728
5/20/2022 4:00,505.624
5/20/2022 5:00,526.783
5/20/2022 6:00,494.708
5/20/2022 7:00,423.954
5/20/2022 8:00,322.644
5/20/2022 9:00,202.772
5/20/2022 10:00,90.997
5/20/2022 11:00,10.905
5/20/2022 12:00,0
5/20/2022 13:00,0
5/20/2022 14:00,0
5/20/2022 15:00,0
5/20/2022 16:00,0
5/20/2022 17:00,0
5/20/2022 18:00,0
5/20/2022 19:00,0
5/20/2022 20:00,0
5/20/2022 21:00,0
5/20/2022 22:00,0.503
5/20/2022 23:00,41.782
5/21/2022 0:00,149.945
5/21/2022 1:00,268.959
5/21/2022 2:00,366.461
5/21/2022 3:00,431.884
5/21/2022 4:00,478.723
5/21/2022 5:00,493.579
5/21/2022 6:00,452.827
5/21/2022 7:00,378.204
5/21/2022 8:00,286.728
5/21/2022 9:00,178.479
5/21/2022 10:00,78.157
5/21/2022 11:00,10.019
5/21/2022 12:00,0
5/21/2022 13:00,0
5/21/2022 14:00,0
5/21/2022 15:00,0
5/21/2022 16:00,0
5/21/2022 17:00,0
5/21/2022 18:00,0
5/21/2022 19:00,0
5/21/2022 20:00,0
5/21/2022 21:00,0
5/21/2022 22:00,0.504
5/21/2022 23:00,47.91
5/22/2022 0:00,179.385
5/22/2022 1:00,339.239
5/22/2022 2:00,497.176
5/22/2022 3:00,613.547
5/22/2022 4:00,681.546
5/22/2022 5:00,706.074
5/22/2022 6:00,658.778
5/22/2022 7:00,556.608
5/22/2022 8:00,417.666
5/22/2022 9:00,256.002
5/22/2022 10:00,115.467
5/22/2022 11:00,13.818
5/22/2022 12:00,0
5/22/2022 13:00,0
5/22/2022 14:00,0
5/22/2022 15:00,0
5/22/2022 16:00,0
5/22/2022 17:00,0
5/22/2022 18:00,0
5/22/2022 19:00,0
5/22/2022 20:00,0
5/22/2022 21:00,0
5/22/2022 22:00,0.564
5/22/2022 23:00,56.312
5/23/2022 0:00,208.097
5/23/2022 1:00,381.887
5/23/2022 2:00,523.063
5/23/2022 3:00,606.829
5/23/2022 4:00,676.361
5/23/2022 5:00,699.521
5/23/2022 6:00,673.439
5/23/2022 7:00,603.865
5/23/2022 8:00,470.88
5/23/2022 9:00,299.175
5/23/2022 10:00,136.687
5/23/2022 11:00,18.227
5/23/2022 12:00,0
5/23/2022 13:00,0
5/23/2022 14:00,0
5/23/2022 15:00,0
5/23/2022 16:00,0
5/23/2022 17:00,0
5/23/2022 18:00,0
5/23/2022 19:00,0
5/23/2022 20:00,0
5/23/2022 21:00,0
5/23/2022 22:00,0.6
5/23/2022 23:00,51.755
5/24/2022 0:00,178.265
5/24/2022 1:00,320.327
5/24/2022 2:00,456.296
5/24/2022 3:00,563.859
5/24/2022 4:00,625.339
5/24/2022 5:00,643.385
5/24/2022 6:00,603.826
5/24/2022 7:00,505.446
5/24/2022 8:00,375.423
5/24/2022 9:00,225.742
5/24/2022 10:00,91.899
5/24/2022 11:00,10.989
5/24/2022 12:00,0
5/24/2022 13:00,0
5/24/2022 14:00,0
5/24/2022 15:00,0
5/24/2022 16:00,0
5/24/2022 17:00,0
5/24/2022 18:00,0
5/24/2022 19:00,0
5/24/2022 20:00,0
5/24/2022 21:00,0
5/24/2022 22:00,0.627
5/24/2022 23:00,53.109
5/25/2022 0:00,193.27
5/25/2022 1:00,364.762
5/25/2022 2:00,533.654
5/25/2022 3:00,670.281
5/25/2022 4:00,750.627
5/25/2022 5:00,750.752
5/25/2022 6:00,658.384
5/25/2022 7:00,535.648
5/25/2022 8:00,375.283
5/25/2022 9:00,226.286
5/25/2022 10:00,98.012
5/25/2022 11:00,12.992
5/25/2022 12:00,0
5/25/2022 13:00,0
5/25/2022 14:00,0
5/25/2022 15:00,0
5/25/2022 16:00,0
5/25/2022 17:00,0
5/25/2022 18:00,0
5/25/2022 19:00,0
5/25/2022 20:00,0
5/25/2022 21:00,0
5/25/2022 22:00,0.909
5/25/2022 23:00,50.74
5/26/2022 0:00,171.737
5/26/2022 1:00,309.027
5/26/2022 2:00,435.423
5/26/2022 3:00,541.516
5/26/2022 4:00,605.949
5/26/2022 5:00,621.78
5/26/2022 6:00,581.558
5/26/2022 7:00,494.278
5/26/2022 8:00,364.761
5/26/2022 9:00,228.235
5/26/2022 10:00,103.72
5/26/2022 11:00,14.075
5/26/2022 12:00,0
5/26/2022 13:00,0
5/26/2022 14:00,0
5/26/2022 15:00,0
5/26/2022 16:00,0
5/26/2022 17:00,0
5/26/2022 18:00,0
5/26/2022 19:00,0
5/26/2022 20:00,0
5/26/2022 21:00,0
5/26/2022 22:00,0.608
5/26/2022 23:00,40.459
5/27/2022 0:00,140.489
5/27/2022 1:00,249.709
5/27/2022 2:00,346.433
5/27/2022 3:00,426.371
5/27/2022 4:00,473.344
5/27/2022 5:00,479.21
5/27/2022 6:00,445.835
5/27/2022 7:00,380.24
5/27/2022 8:00,284.978
5/27/2022 9:00,182.335
5/27/2022 10:00,84.35
5/27/2022 11:00,12.432
5/27/2022 12:00,0
5/27/2022 13:00,0
5/27/2022 14:00,0
5/27/2022 15:00,0
5/27/2022 16:00,0
5/27/2022 17:00,0
5/27/2022 18:00,0
5/27/2022 19:00,0
5/27/2022 20:00,0
5/27/2022 21:00,0
5/27/2022 22:00,0.53
5/27/2022 23:00,37.715
5/28/2022 0:00,136.591
5/28/2022 1:00,260.996
5/28/2022 2:00,385.408
5/28/2022 3:00,489.222
5/28/2022 4:00,571.758
5/28/2022 5:00,605.513
5/28/2022 6:00,583.959
5/28/2022 7:00,518.94
5/28/2022 8:00,402.054
5/28/2022 9:00,258.61
5/28/2022 10:00,115.351
5/28/2022 11:00,15.415
5/28/2022 12:00,0
5/28/2022 13:00,0
5/28/2022 14:00,0
5/28/2022 15:00,0
5/28/2022 16:00,0
5/28/2022 17:00,0
5/28/2022 18:00,0
5/28/2022 19:00,0
5/28/2022 20:00,0
5/28/2022 21:00,0
5/28/2022 22:00,0.984
5/28/2022 23:00,55.623
5/29/2022 0:00,191.271
5/29/2022 1:00,347.355
5/29/2022 2:00,492.169
5/29/2022 3:00,607.097
5/29/2022 4:00,681.407
5/29/2022 5:00,693.52
5/29/2022 6:00,647.233
5/29/2022 7:00,566.29
5/29/2022 8:00,436.36
5/29/2022 9:00,267.815
5/29/2022 10:00,120.339
5/29/2022 11:00,15.863
5/29/2022 12:00,0
5/29/2022 13:00,0
5/29/2022 14:00,0
5/29/2022 15:00,0
5/29/2022 16:00,0
5/29/2022 17:00,0
5/29/2022 18:00,0
5/29/2022 19:00,0
5/29/2022 20:00,0
5/29/2022 21:00,0
5/29/2022 22:00,0.882
5/29/2022 23:00,57.024
5/30/2022 0:00,192.138
5/30/2022 1:00,340.8
5/30/2022 2:00,467.349
5/30/2022 3:00,551.65
5/30/2022 4:00,623.469
5/30/2022 5:00,639.144
5/30/2022 6:00,588.667
5/30/2022 7:00,495.606
5/30/2022 8:00,376.568
5/30/2022 9:00,236.672
5/30/2022 10:00,102.631
5/30/2022 11:00,13.154
5/30/2022 12:00,0
5/30/2022 13:00,0
5/30/2022 14:00,0
5/30/2022 15:00,0
5/30/2022 16:00,0
5/30/2022 17:00,0
5/30/2022 18:00,0
5/30/2022 19:00,0
5/30/2022 20:00,0
5/30/2022 21:00,0
5/30/2022 22:00,0.746
5/30/2022 23:00,52.311
5/31/2022 0:00,183.365
5/31/2022 1:00,331.616
5/31/2022 2:00,450.443
5/31/2022 3:00,540.01
5/31/2022 4:00,578.529
5/31/2022 5:00,570.598
5/31/2022 6:00,511.085
5/31/2022 7:00,424.692
5/31/2022 8:00,312.639
5/31/2022 9:00,190.396
5/31/2022 10:00,85.973
5/31/2022 11:00,11.11
5/31/2022 12:00,0
5/31/2022 13:00,0
5/31/2022 14:00,0
5/31/2022 15:00,0
5/31/2022 16:00,0
5/31/2022 17:00,0
5/31/2022 18:00,0
5/31/2022 19:00,0
5/31/2022 20:00,0
5/31/2022 21:00,0
5/31/2022 22:00,0.828
5/31/2022 23:00,47.356
6/1/2022 0:00,165.478
6/1/2022 1:00,308.664
6/1/2022 2:00,446.929
6/1/2022 3:00,554.41
6/1/2022 4:00,620.291
6/1/2022 5:00,622.993
6/1/2022 6:00,569.317
6/1/2022 7:00,483.707
6/1/2022 8:00,368.853
6/1/2022 9:00,236.515
6/1/2022 10:00,109.454
6/1/2022 11:00,15.438
6/1/2022 12:00,0
6/1/2022 13:00,0
6/1/2022 14:00,0
6/1/2022 15:00,0
6/1/2022 16:00,0
6/1/2022 17:00,0
6/1/2022 18:00,0
6/1/2022 19:00,0
6/1/2022 20:00,0
6/1/2022 21:00,0
6/1/2022 22:00,0.645
6/1/2022 23:00,42.2
6/2/2022 0:00,151.35
6/2/2022 1:00,290.389
6/2/2022 2:00,431.196
6/2/2022 3:00,539.867
6/2/2022 4:00,597.595
6/2/2022 5:00,604.086
6/2/2022 6:00,564.55
6/2/2022 7:00,474.508
6/2/2022 8:00,349
6/2/2022 9:00,221.881
6/2/2022 10:00,102.261
6/2/2022 11:00,14.552
6/2/2022 12:00,0
6/2/2022 13:00,0
6/2/2022 14:00,0
6/2/2022 15:00,0
6/2/2022 16:00,0
6/2/2022 17:00,0
6/2/2022 18:00,0
6/2/2022 19:00,0
6/2/2022 20:00,0
6/2/2022 21:00,0
6/2/2022 22:00,0.726
6/2/2022 23:00,40.648
6/3/2022 0:00,138.281
6/3/2022 1:00,253.521
6/3/2022 2:00,360.2
6/3/2022 3:00,443.299
6/3/2022 4:00,486.848
6/3/2022 5:00,492.998
6/3/2022 6:00,451.586
6/3/2022 7:00,375.493
6/3/2022 8:00,279.098
6/3/2022 9:00,178.926
6/3/2022 10:00,81.53
6/3/2022 11:00,10.99
6/3/2022 12:00,0
6/3/2022 13:00,0
6/3/2022 14:00,0
6/3/2022 15:00,0
6/3/2022 16:00,0
6/3/2022 17:00,0
6/3/2022 18:00,0
6/3/2022 19:00,0
6/3/2022 20:00,0
6/3/2022 21:00,0
6/3/2022 22:00,0.723
6/3/2022 23:00,38.093
6/4/2022 0:00,132.608
6/4/2022 1:00,241.205
6/4/2022 2:00,331.249
6/4/2022 3:00,390.488
6/4/2022 4:00,417.377
6/4/2022 5:00,416.407
6/4/2022 6:00,387.924
6/4/2022 7:00,329.949
6/4/2022 8:00,248.072
6/4/2022 9:00,155.531
6/4/2022 10:00,70.578
6/4/2022 11:00,10.042
6/4/2022 12:00,0
6/4/2022 13:00,0
6/4/2022 14:00,0
6/4/2022 15:00,0
6/4/2022 16:00,0
6/4/2022 17:00,0
6/4/2022 18:00,0
6/4/2022 19:00,0
6/4/2022 20:00,0
6/4/2022 21:00,0
6/4/2022 22:00,0.821
6/4/2022 23:00,43.002
6/5/2022 0:00,153.36
6/5/2022 1:00,288.938
6/5/2022 2:00,401.433
6/5/2022 3:00,485.598
6/5/2022 4:00,532.894
6/5/2022 5:00,523.67
6/5/2022 6:00,472.134
6/5/2022 7:00,384.926
6/5/2022 8:00,286.012
6/5/2022 9:00,185.686
6/5/2022 10:00,87.829
6/5/2022 11:00,12.3
6/5/2022 12:00,0
6/5/2022 13:00,0
6/5/2022 14:00,0
6/5/2022 15:00,0
6/5/2022 16:00,0
6/5/2022 17:00,0
6/5/2022 18:00,0
6/5/2022 19:00,0
6/5/2022 20:00,0
6/5/2022 21:00,0
6/5/2022 22:00,0.818
6/5/2022 23:00,46.949
6/6/2022 0:00,158.897
6/6/2022 1:00,288.499
6/6/2022 2:00,410.059
6/6/2022 3:00,503.826
6/6/2022 4:00,564.649
6/6/2022 5:00,569.708
6/6/2022 6:00,507.193
6/6/2022 7:00,417.013
6/6/2022 8:00,302.325
6/6/2022 9:00,186.51
6/6/2022 10:00,86.453
6/6/2022 11:00,12.794
6/6/2022 12:00,0
6/6/2022 13:00,0
6/6/2022 14:00,0
6/6/2022 15:00,0
6/6/2022 16:00,0
6/6/2022 17:00,0
6/6/2022 18:00,0
6/6/2022 19:00,0
6/6/2022 20:00,0
6/6/2022 21:00,0
6/6/2022 22:00,0.827
6/6/2022 23:00,53.176
6/7/2022 0:00,186.433
6/7/2022 1:00,348.101
6/7/2022 2:00,506.327
6/7/2022 3:00,627.697
6/7/2022 4:00,684.594
6/7/2022 5:00,665.86
6/7/2022 6:00,600.1
6/7/2022 7:00,499.697
6/7/2022 8:00,371.619
6/7/2022 9:00,232.132
6/7/2022 10:00,106.496
6/7/2022 11:00,15.188
6/7/2022 12:00,0
6/7/2022 13:00,0
6/7/2022 14:00,0
6/7/2022 15:00,0
6/7/2022 16:00,0
6/7/2022 17:00,0
6/7/2022 18:00,0
6/7/2022 19:00,0
6/7/2022 20:00,0
6/7/2022 21:00,0
6/7/2022 22:00,1.051
6/7/2022 23:00,52.941
6/8/2022 0:00,183.886
6/8/2022 1:00,343.365
6/8/2022 2:00,489.973
6/8/2022 3:00,582.336
6/8/2022 4:00,592.232
6/8/2022 5:00,562.975
6/8/2022 6:00,497.478
6/8/2022 7:00,407.727
6/8/2022 8:00,294.763
6/8/2022 9:00,181.35
6/8/2022 10:00,84.073
6/8/2022 11:00,12.398
6/8/2022 12:00,0
6/8/2022 13:00,0
6/8/2022 14:00,0
6/8/2022 15:00,0
6/8/2022 16:00,0
6/8/2022 17:00,0
6/8/2022 18:00,0
6/8/2022 19:00,0
6/8/2022 20:00,0
6/8/2022 21:00,0
6/8/2022 22:00,0.845
6/8/2022 23:00,47.989
6/9/2022 0:00,161.71
6/9/2022 1:00,289.38
6/9/2022 2:00,405.508
6/9/2022 3:00,508.161
6/9/2022 4:00,570.531
6/9/2022 5:00,590.622
6/9/2022 6:00,558.584
6/9/2022 7:00,481.814
6/9/2022 8:00,366.943
6/9/2022 9:00,236.939
6/9/2022 10:00,108.864
6/9/2022 11:00,14.971
6/9/2022 12:00,0
6/9/2022 13:00,0
6/9/2022 14:00,0
6/9/2022 15:00,0
6/9/2022 16:00,0
6/9/2022 17:00,0
6/9/2022 18:00,0
6/9/2022 19:00,0
6/9/2022 20:00,0
6/9/2022 21:00,0
6/9/2022 22:00,0.972
6/9/2022 23:00,48.362
6/10/2022 0:00,162.692
6/10/2022 1:00,300.384
6/10/2022 2:00,422.69
6/10/2022 3:00,513.196
6/10/2022 4:00,563.859
6/10/2022 5:00,558.477
6/10/2022 6:00,498.614
6/10/2022 7:00,403.879
6/10/2022 8:00,290.941
6/10/2022 9:00,177.427
6/10/2022 10:00,80.233
6/10/2022 11:00,11.597
6/10/2022 12:00,0
6/10/2022 13:00,0
6/10/2022 14:00,0
6/10/2022 15:00,0
6/10/2022 16:00,0
6/10/2022 17:00,0
6/10/2022 18:00,0
6/10/2022 19:00,0
6/10/2022 20:00,0
6/10/2022 21:00,0
6/10/2022 22:00,0.778
6/10/2022 23:00,43.968
6/11/2022 0:00,157.139
6/11/2022 1:00,296.97
6/11/2022 2:00,415.159
6/11/2022 3:00,484.025
6/11/2022 4:00,535.447
6/11/2022 5:00,547.617
6/11/2022 6:00,499.724
6/11/2022 7:00,420.637
6/11/2022 8:00,325.013
6/11/2022 9:00,208.66
6/11/2022 10:00,97.512
6/11/2022 11:00,14.436
6/11/2022 12:00,0
6/11/2022 13:00,0
6/11/2022 14:00,0
6/11/2022 15:00,0
6/11/2022 16:00,0
6/11/2022 17:00,0
6/11/2022 18:00,0
6/11/2022 19:00,0
6/11/2022 20:00,0
6/11/2022 21:00,0
6/11/2022 22:00,1.085
6/11/2022 23:00,46.234
6/12/2022 0:00,155.738
6/12/2022 1:00,287.696
6/12/2022 2:00,407.276
6/12/2022 3:00,488.663
6/12/2022 4:00,523.779
6/12/2022 5:00,511.361
6/12/2022 6:00,460.116
6/12/2022 7:00,385.203
6/12/2022 8:00,295.704
6/12/2022 9:00,196.086
6/12/2022 10:00,90.788
6/12/2022 11:00,13.639
6/12/2022 12:00,0
6/12/2022 13:00,0
6/12/2022 14:00,0
6/12/2022 15:00,0
6/12/2022 16:00,0
6/12/2022 17:00,0
6/12/2022 18:00,0
6/12/2022 19:00,0
6/12/2022 20:00,0
6/12/2022 21:00,0
6/12/2022 22:00,0.881
6/12/2022 23:00,46.131
6/13/2022 0:00,158.452
6/13/2022 1:00,288.843
6/13/2022 2:00,406.577
6/13/2022 3:00,499.507
6/13/2022 4:00,533.418
6/13/2022 5:00,521.198
6/13/2022 6:00,467.031
6/13/2022 7:00,386.333
6/13/2022 8:00,291.699
6/13/2022 9:00,184.914
6/13/2022 10:00,84.632
6/13/2022 11:00,12.515
6/13/2022 12:00,0
6/13/2022 13:00,0
6/13/2022 14:00,0
6/13/2022 15:00,0
6/13/2022 16:00,0
6/13/2022 17:00,0
6/13/2022 18:00,0
6/13/2022 19:00,0
6/13/2022 20:00,0
6/13/2022 21:00,0
6/13/2022 22:00,0.961
6/13/2022 23:00,46.792
6/14/2022 0:00,157.15
6/14/2022 1:00,284.643
6/14/2022 2:00,398.346
6/14/2022 3:00,487.363
6/14/2022 4:00,532.131
6/14/2022 5:00,532.55
6/14/2022 6:00,502.118
6/14/2022 7:00,409.8
6/14/2022 8:00,297.766
6/14/2022 9:00,187.881
6/14/2022 10:00,89.784
6/14/2022 11:00,13.278
6/14/2022 12:00,0
6/14/2022 13:00,0
6/14/2022 14:00,0
6/14/2022 15:00,0
6/14/2022 16:00,0
6/14/2022 17:00,0
6/14/2022 18:00,0
6/14/2022 19:00,0
6/14/2022 20:00,0
6/14/2022 21:00,0
6/14/2022 22:00,0.779
6/14/2022 23:00,46.996
6/15/2022 0:00,152.236
6/15/2022 1:00,268.773
6/15/2022 2:00,377.136
6/15/2022 3:00,460.801
6/15/2022 4:00,500.693
6/15/2022 5:00,501.421
6/15/2022 6:00,458.169
6/15/2022 7:00,387.283
6/15/2022 8:00,287.77
6/15/2022 9:00,179.092
6/15/2022 10:00,81.4
6/15/2022 11:00,11.481
6/15/2022 12:00,0
6/15/2022 13:00,0
6/15/2022 14:00,0
6/15/2022 15:00,0
6/15/2022 16:00,0
6/15/2022 17:00,0
6/15/2022 18:00,0
6/15/2022 19:00,0
6/15/2022 20:00,0
6/15/2022 21:00,0
6/15/2022 22:00,0.888
6/15/2022 23:00,41.403
6/16/2022 0:00,146.97
6/16/2022 1:00,273.523
6/16/2022 2:00,387.921
6/16/2022 3:00,476.829
6/16/2022 4:00,529.812
6/16/2022 5:00,532.733
6/16/2022 6:00,497.452
6/16/2022 7:00,435.647
6/16/2022 8:00,335.574
6/16/2022 9:00,220.658
6/16/2022 10:00,104.697
6/16/2022 11:00,15.723
6/16/2022 12:00,0
6/16/2022 13:00,0
6/16/2022 14:00,0
6/16/2022 15:00,0
6/16/2022 16:00,0
6/16/2022 17:00,0
6/16/2022 18:00,0
6/16/2022 19:00,0
6/16/2022 20:00,0
6/16/2022 21:00,0
6/16/2022 22:00,1.193
6/16/2022 23:00,52.646
6/17/2022 0:00,172.464
6/17/2022 1:00,307.042
6/17/2022 2:00,435.037
6/17/2022 3:00,540.946
6/17/2022 4:00,605.042
6/17/2022 5:00,614.718
6/17/2022 6:00,582.195
6/17/2022 7:00,501.921
6/17/2022 8:00,376.092
6/17/2022 9:00,228.594
6/17/2022 10:00,104.541
6/17/2022 11:00,15.839
6/17/2022 12:00,0
6/17/2022 13:00,0
6/17/2022 14:00,0
6/17/2022 15:00,0
6/17/2022 16:00,0
6/17/2022 17:00,0
6/17/2022 18:00,0
6/17/2022 19:00,0
6/17/2022 20:00,0
6/17/2022 21:00,0
6/17/2022 22:00,0.921
6/17/2022 23:00,43.714
6/18/2022 0:00,148.674
6/18/2022 1:00,276.475
6/18/2022 2:00,398.997
6/18/2022 3:00,493.082
6/18/2022 4:00,548.058
6/18/2022 5:00,565.434
6/18/2022 6:00,535.644
6/18/2022 7:00,477.022
6/18/2022 8:00,382.831
6/18/2022 9:00,252.954
6/18/2022 10:00,123.777
6/18/2022 11:00,19.531
6/18/2022 12:00,0
6/18/2022 13:00,0
6/18/2022 14:00,0
6/18/2022 15:00,0
6/18/2022 16:00,0
6/18/2022 17:00,0
6/18/2022 18:00,0
6/18/2022 19:00,0
6/18/2022 20:00,0
6/18/2022 21:00,0
6/18/2022 22:00,1.383
6/18/2022 23:00,56.276
6/19/2022 0:00,180.61
6/19/2022 1:00,319.858
6/19/2022 2:00,450.769
6/19/2022 3:00,570.419
6/19/2022 4:00,650.516
6/19/2022 5:00,671.553
6/19/2022 6:00,632.868
6/19/2022 7:00,549.29
6/19/2022 8:00,430.397
6/19/2022 9:00,289.724
6/19/2022 10:00,135.939
6/19/2022 11:00,20.988
6/19/2022 12:00,0
6/19/2022 13:00,0
6/19/2022 14:00,0
6/19/2022 15:00,0
6/19/2022 16:00,0
6/19/2022 17:00,0
6/19/2022 18:00,0
6/19/2022 19:00,0
6/19/2022 20:00,0
6/19/2022 21:00,0
6/19/2022 22:00,1.285
6/19/2022 23:00,67.483
6/20/2022 0:00,225.801
6/20/2022 1:00,410.359
6/20/2022 2:00,577.927
6/20/2022 3:00,705.837
6/20/2022 4:00,781.379
6/20/2022 5:00,793.069
6/20/2022 6:00,740.664
6/20/2022 7:00,636.907
6/20/2022 8:00,487.236
6/20/2022 9:00,311.062
6/20/2022 10:00,137.922
6/20/2022 11:00,20.092
6/20/2022 12:00,0
6/20/2022 13:00,0
6/20/2022 14:00,0
6/20/2022 15:00,0
6/20/2022 16:00,0
6/20/2022 17:00,0
6/20/2022 18:00,0
6/20/2022 19:00,0
6/20/2022 20:00,0
6/20/2022 21:00,0
6/20/2022 22:00,1.197
6/20/2022 23:00,55.379
6/21/2022 0:00,184.575
6/21/2022 1:00,337.731
6/21/2022 2:00,474.533
6/21/2022 3:00,581.062
6/21/2022 4:00,625.457
6/21/2022 5:00,617.941
6/21/2022 6:00,565.59
6/21/2022 7:00,475.668
6/21/2022 8:00,356.719
6/21/2022 9:00,222.791
6/21/2022 10:00,104.153
6/21/2022 11:00,16.391
6/21/2022 12:00,0
6/21/2022 13:00,0
6/21/2022 14:00,0
6/21/2022 15:00,0
6/21/2022 16:00,0
6/21/2022 17:00,0
6/21/2022 18:00,0
6/21/2022 19:00,0
6/21/2022 20:00,0
6/21/2022 21:00,0
6/21/2022 22:00,0.856
6/21/2022 23:00,51.521
6/22/2022 0:00,171.505
6/22/2022 1:00,313.186
6/22/2022 2:00,443.387
6/22/2022 3:00,531.103
6/22/2022 4:00,552.839
6/22/2022 5:00,517.57
6/22/2022 6:00,444.883
6/22/2022 7:00,358.062
6/22/2022 8:00,255.728
6/22/2022 9:00,154.647
6/22/2022 10:00,70.456
6/22/2022 11:00,10.626
6/22/2022 12:00,0
6/22/2022 13:00,0
6/22/2022 14:00,0
6/22/2022 15:00,0
6/22/2022 16:00,0
6/22/2022 17:00,0
6/22/2022 18:00,0
6/22/2022 19:00,0
6/22/2022 20:00,0
6/22/2022 21:00,0
6/22/2022 22:00,0.64
6/22/2022 23:00,29.57
6/23/2022 0:00,102.996
6/23/2022 1:00,193.33
6/23/2022 2:00,273.674
6/23/2022 3:00,331.043
6/23/2022 4:00,364.173
6/23/2022 5:00,355.034
6/23/2022 6:00,324.12
6/23/2022 7:00,273.749
6/23/2022 8:00,206.602
6/23/2022 9:00,132.566
6/23/2022 10:00,61.288
6/23/2022 11:00,9.499
6/23/2022 12:00,0
6/23/2022 13:00,0
6/23/2022 14:00,0
6/23/2022 15:00,0
6/23/2022 16:00,0
6/23/2022 17:00,0
6/23/2022 18:00,0
6/23/2022 19:00,0
6/23/2022 20:00,0
6/23/2022 21:00,0
6/23/2022 22:00,0.891
6/23/2022 23:00,37.336
6/24/2022 0:00,124.9
6/24/2022 1:00,233.318
6/24/2022 2:00,343.149
6/24/2022 3:00,415.304
6/24/2022 4:00,443.659
6/24/2022 5:00,430.888
6/24/2022 6:00,382.174
6/24/2022 7:00,321.479
6/24/2022 8:00,251.713
6/24/2022 9:00,168.405
6/24/2022 10:00,80.278
6/24/2022 11:00,12.08
6/24/2022 12:00,0
6/24/2022 13:00,0
6/24/2022 14:00,0
6/24/2022 15:00,0
6/24/2022 16:00,0
6/24/2022 17:00,0
6/24/2022 18:00,0
6/24/2022 19:00,0
6/24/2022 20:00,0
6/24/2022 21:00,0
6/24/2022 22:00,1.265
6/24/2022 23:00,51.311
6/25/2022 0:00,164.514
6/25/2022 1:00,293.841
6/25/2022 2:00,420.653
6/25/2022 3:00,531.286
6/25/2022 4:00,591.533
6/25/2022 5:00,604.192
6/25/2022 6:00,568.613
6/25/2022 7:00,484.224
6/25/2022 8:00,375.32
6/25/2022 9:00,237.977
6/25/2022 10:00,110.403
6/25/2022 11:00,16.015
6/25/2022 12:00,0
6/25/2022 13:00,0
6/25/2022 14:00,0
6/25/2022 15:00,0
6/25/2022 16:00,0
6/25/2022 17:00,0
6/25/2022 18:00,0
6/25/2022 19:00,0
6/25/2022 20:00,0
6/25/2022 21:00,0
6/25/2022 22:00,1.007
6/25/2022 23:00,46.3
6/26/2022 0:00,152.45
6/26/2022 1:00,266.853
6/26/2022 2:00,370.576
6/26/2022 3:00,446.932
6/26/2022 4:00,483.738
6/26/2022 5:00,457.935
6/26/2022 6:00,400.837
6/26/2022 7:00,330.006
6/26/2022 8:00,245.311
6/26/2022 9:00,155.883
6/26/2022 10:00,73.384
6/26/2022 11:00,11.591
6/26/2022 12:00,0
6/26/2022 13:00,0
6/26/2022 14:00,0
6/26/2022 15:00,0
6/26/2022 16:00,0
6/26/2022 17:00,0
6/26/2022 18:00,0
6/26/2022 19:00,0
6/26/2022 20:00,0
6/26/2022 21:00,0
6/26/2022 22:00,0.91
6/26/2022 23:00,40.933
6/27/2022 0:00,142.372
6/27/2022 1:00,276.003
6/27/2022 2:00,414.684
6/27/2022 3:00,523.312
6/27/2022 4:00,595.95
6/27/2022 5:00,598.199
6/27/2022 6:00,556.782
6/27/2022 7:00,475.672
6/27/2022 8:00,369.614
6/27/2022 9:00,245.714
6/27/2022 10:00,118.886
6/27/2022 11:00,18.441
6/27/2022 12:00,0
6/27/2022 13:00,0
6/27/2022 14:00,0
6/27/2022 15:00,0
6/27/2022 16:00,0
6/27/2022 17:00,0
6/27/2022 18:00,0
6/27/2022 19:00,0
6/27/2022 20:00,0
6/27/2022 21:00,0
6/27/2022 22:00,1.488
6/27/2022 23:00,59.185
6/28/2022 0:00,194.122
6/28/2022 1:00,341.247
6/28/2022 2:00,478.024
6/28/2022 3:00,580.815
6/28/2022 4:00,662.769
6/28/2022 5:00,678.833
6/28/2022 6:00,644.663
6/28/2022 7:00,554.459
6/28/2022 8:00,425.669
6/28/2022 9:00,272.328
6/28/2022 10:00,127.103
6/28/2022 11:00,18.848
6/28/2022 12:00,0
6/28/2022 13:00,0
6/28/2022 14:00,0
6/28/2022 15:00,0
6/28/2022 16:00,0
6/28/2022 17:00,0
6/28/2022 18:00,0
6/28/2022 19:00,0
6/28/2022 20:00,0
6/28/2022 21:00,0
6/28/2022 22:00,1.222
6/28/2022 23:00,56.157
6/29/2022 0:00,174.287
6/29/2022 1:00,294.29
6/29/2022 2:00,393.942
6/29/2022 3:00,447.836
6/29/2022 4:00,501.099
6/29/2022 5:00,506.706
6/29/2022 6:00,470.577
6/29/2022 7:00,401.992
6/29/2022 8:00,311.139
6/29/2022 9:00,202.826
6/29/2022 10:00,94.271
6/29/2022 11:00,13.673
6/29/2022 12:00,0
6/29/2022 13:00,0
6/29/2022 14:00,0
6/29/2022 15:00,0
6/29/2022 16:00,0
6/29/2022 17:00,0
6/29/2022 18:00,0
6/29/2022 19:00,0
6/29/2022 20:00,0
6/29/2022 21:00,0
6/29/2022 22:00,0.903
6/29/2022 23:00,46.478
6/30/2022 0:00,152.35
6/30/2022 1:00,268.783
6/30/2022 2:00,372.605
6/30/2022 3:00,459.604
6/30/2022 4:00,515.541
6/30/2022 5:00,525.449
6/30/2022 6:00,476.499
6/30/2022 7:00,394.496
6/30/2022 8:00,285.956
6/30/2022 9:00,178.902
6/30/2022 10:00,83.344
6/30/2022 11:00,12.056
6/30/2022 12:00,0
6/30/2022 13:00,0
6/30/2022 14:00,0
6/30/2022 15:00,0
6/30/2022 16:00,0
6/30/2022 17:00,0
6/30/2022 18:00,0
6/30/2022 19:00,0
6/30/2022 20:00,0
6/30/2022 21:00,0
6/30/2022 22:00,0.623
6/30/2022 23:00,33.702
7/1/2022 0:00,117.995
7/1/2022 1:00,224.124
7/1/2022 2:00,321.231
7/1/2022 3:00,403.965
7/1/2022 4:00,450.54
7/1/2022 5:00,444.433
7/1/2022 6:00,406.806
7/1/2022 7:00,344.76
7/1/2022 8:00,257.334
7/1/2022 9:00,165.73
7/1/2022 10:00,81.035
7/1/2022 11:00,11.862
7/1/2022 12:00,0
7/1/2022 13:00,0
7/1/2022 14:00,0
7/1/2022 15:00,0
7/1/2022 16:00,0
7/1/2022 17:00,0
7/1/2022 18:00,0
7/1/2022 19:00,0
7/1/2022 20:00,0
7/1/2022 21:00,0
7/1/2022 22:00,0.759
7/1/2022 23:00,41.995
7/2/2022 0:00,145.063
7/2/2022 1:00,270.833
7/2/2022 2:00,372.097
7/2/2022 3:00,443.28
7/2/2022 4:00,495.325
7/2/2022 5:00,522.823
7/2/2022 6:00,501.692
7/2/2022 7:00,447.413
7/2/2022 8:00,357.156
7/2/2022 9:00,232.792
7/2/2022 10:00,109.626
7/2/2022 11:00,16.057
7/2/2022 12:00,0
7/2/2022 13:00,0
7/2/2022 14:00,0
7/2/2022 15:00,0
7/2/2022 16:00,0
7/2/2022 17:00,0
7/2/2022 18:00,0
7/2/2022 19:00,0
7/2/2022 20:00,0
7/2/2022 21:00,0
7/2/2022 22:00,1.19
7/2/2022 23:00,57.943
7/3/2022 0:00,195.199
7/3/2022 1:00,357.567
7/3/2022 2:00,513.798
7/3/2022 3:00,631.589
7/3/2022 4:00,686.057
7/3/2022 5:00,679.044
7/3/2022 6:00,622.713
7/3/2022 7:00,526.74
7/3/2022 8:00,385.189
7/3/2022 9:00,239.896
7/3/2022 10:00,113.325
7/3/2022 11:00,16.628
7/3/2022 12:00,0
7/3/2022 13:00,0
7/3/2022 14:00,0
7/3/2022 15:00,0
7/3/2022 16:00,0
7/3/2022 17:00,0
7/3/2022 18:00,0
7/3/2022 19:00,0
7/3/2022 20:00,0
7/3/2022 21:00,0
7/3/2022 22:00,0.76
7/3/2022 23:00,40.812
7/4/2022 0:00,135.199
7/4/2022 1:00,248.725
7/4/2022 2:00,358.382
7/4/2022 3:00,448.458
7/4/2022 4:00,514.601
7/4/2022 5:00,527.237
7/4/2022 6:00,481.308
7/4/2022 7:00,399.068
7/4/2022 8:00,295.268
7/4/2022 9:00,186.082
7/4/2022 10:00,85.207
7/4/2022 11:00,12.223
7/4/2022 12:00,0
7/4/2022 13:00,0
7/4/2022 14:00,0
7/4/2022 15:00,0
7/4/2022 16:00,0
7/4/2022 17:00,0
7/4/2022 18:00,0
7/4/2022 19:00,0
7/4/2022 20:00,0
7/4/2022 21:00,0
7/4/2022 22:00,1.24
7/4/2022 23:00,49.319
7/5/2022 0:00,157.634
7/5/2022 1:00,285.639
7/5/2022 2:00,425.669
7/5/2022 3:00,545.453
7/5/2022 4:00,616.905
7/5/2022 5:00,633.399
7/5/2022 6:00,595.136
7/5/2022 7:00,514.097
7/5/2022 8:00,398.172
7/5/2022 9:00,258.724
7/5/2022 10:00,121.864
7/5/2022 11:00,17.935
7/5/2022 12:00,0
7/5/2022 13:00,0
7/5/2022 14:00,0
7/5/2022 15:00,0
7/5/2022 16:00,0
7/5/2022 17:00,0
7/5/2022 18:00,0
7/5/2022 19:00,0
7/5/2022 20:00,0
7/5/2022 21:00,0
7/5/2022 22:00,0.894
7/5/2022 23:00,54.338
7/6/2022 0:00,191.652
7/6/2022 1:00,352.97
7/6/2022 2:00,492.118
7/6/2022 3:00,591.699
7/6/2022 4:00,633.696
7/6/2022 5:00,631.018
7/6/2022 6:00,566.395
7/6/2022 7:00,462.812
7/6/2022 8:00,333.443
7/6/2022 9:00,200.389
7/6/2022 10:00,90.844
7/6/2022 11:00,12.718
7/6/2022 12:00,0
7/6/2022 13:00,0
7/6/2022 14:00,0
7/6/2022 15:00,0
7/6/2022 16:00,0
7/6/2022 17:00,0
7/6/2022 18:00,0
7/6/2022 19:00,0
7/6/2022 20:00,0
7/6/2022 21:00,0
7/6/2022 22:00,0.716
7/6/2022 23:00,43.17
7/7/2022 0:00,144.057
7/7/2022 1:00,258.965
7/7/2022 2:00,368.645
7/7/2022 3:00,460.706
7/7/2022 4:00,510.069
7/7/2022 5:00,516.032
7/7/2022 6:00,476.348
7/7/2022 7:00,403.396
7/7/2022 8:00,298.566
7/7/2022 9:00,186.5
7/7/2022 10:00,85.977
7/7/2022 11:00,12.44
7/7/2022 12:00,0
7/7/2022 13:00,0
7/7/2022 14:00,0
7/7/2022 15:00,0
7/7/2022 16:00,0
7/7/2022 17:00,0
7/7/2022 18:00,0
7/7/2022 19:00,0
7/7/2022 20:00,0
7/7/2022 21:00,0
7/7/2022 22:00,0.793
7/7/2022 23:00,43.687
7/8/2022 0:00,151.804
7/8/2022 1:00,286.293
7/8/2022 2:00,409.917
7/8/2022 3:00,504.114
7/8/2022 4:00,549.786
7/8/2022 5:00,551.654
7/8/2022 6:00,489.751
7/8/2022 7:00,392.694
7/8/2022 8:00,285.046
7/8/2022 9:00,178.322
7/8/2022 10:00,82.781
7/8/2022 11:00,11.338
7/8/2022 12:00,0
7/8/2022 13:00,0
7/8/2022 14:00,0
7/8/2022 15:00,0
7/8/2022 16:00,0
7/8/2022 17:00,0
7/8/2022 18:00,0
7/8/2022 19:00,0
7/8/2022 20:00,0
7/8/2022 21:00,0
7/8/2022 22:00,0.568
7/8/2022 23:00,32.607
7/9/2022 0:00,116.401
7/9/2022 1:00,226.032
7/9/2022 2:00,342.208
7/9/2022 3:00,442.861
7/9/2022 4:00,500.088
7/9/2022 5:00,523.521
7/9/2022 6:00,504.175
7/9/2022 7:00,448.407
7/9/2022 8:00,349.994
7/9/2022 9:00,230.405
7/9/2022 10:00,106.225
7/9/2022 11:00,13.951
7/9/2022 12:00,0
7/9/2022 13:00,0
7/9/2022 14:00,0
7/9/2022 15:00,0
7/9/2022 16:00,0
7/9/2022 17:00,0
7/9/2022 18:00,0
7/9/2022 19:00,0
7/9/2022 20:00,0
7/9/2022 21:00,0
7/9/2022 22:00,0.992
7/9/2022 23:00,54.487
7/10/2022 0:00,185.328
7/10/2022 1:00,340.589
7/10/2022 2:00,484.985
7/10/2022 3:00,587.88
7/10/2022 4:00,632.072
7/10/2022 5:00,615.071
7/10/2022 6:00,566.125
7/10/2022 7:00,484.273
7/10/2022 8:00,364.288
7/10/2022 9:00,233.781
7/10/2022 10:00,112.713
7/10/2022 11:00,15.369
7/10/2022 12:00,0
7/10/2022 13:00,0
7/10/2022 14:00,0
7/10/2022 15:00,0
7/10/2022 16:00,0
7/10/2022 17:00,0
7/10/2022 18:00,0
7/10/2022 19:00,0
7/10/2022 20:00,0
7/10/2022 21:00,0
7/10/2022 22:00,0.808
7/10/2022 23:00,51.812
7/11/2022 0:00,176.9
7/11/2022 1:00,312.235
7/11/2022 2:00,431.091
7/11/2022 3:00,505.607
7/11/2022 4:00,528.35
7/11/2022 5:00,508.478
7/11/2022 6:00,456.763
7/11/2022 7:00,370.121
7/11/2022 8:00,262.932
7/11/2022 9:00,155.714
7/11/2022 10:00,65.81
7/11/2022 11:00,8.529
7/11/2022 12:00,0
7/11/2022 13:00,0
7/11/2022 14:00,0
7/11/2022 15:00,0
7/11/2022 16:00,0
7/11/2022 17:00,0
7/11/2022 18:00,0
7/11/2022 19:00,0
7/11/2022 20:00,0
7/11/2022 21:00,0
7/11/2022 22:00,0.587
7/11/2022 23:00,33.638
7/12/2022 0:00,115.176
7/12/2022 1:00,204.799
7/12/2022 2:00,303.423
7/12/2022 3:00,376.921
7/12/2022 4:00,424.599
7/12/2022 5:00,432.57
7/12/2022 6:00,402.969
7/12/2022 7:00,346.002
7/12/2022 8:00,267.981
7/12/2022 9:00,163.387
7/12/2022 10:00,69.615
7/12/2022 11:00,8.807
7/12/2022 12:00,0
7/12/2022 13:00,0
7/12/2022 14:00,0
7/12/2022 15:00,0
7/12/2022 16:00,0
7/12/2022 17:00,0
7/12/2022 18:00,0
7/12/2022 19:00,0
7/12/2022 20:00,0
7/12/2022 21:00,0
7/12/2022 22:00,0.636
7/12/2022 23:00,39.139
7/13/2022 0:00,142.886
7/13/2022 1:00,262.011
7/13/2022 2:00,364.657
7/13/2022 3:00,422.711
7/13/2022 4:00,443.731
7/13/2022 5:00,439.627
7/13/2022 6:00,402.103
7/13/2022 7:00,334.42
7/13/2022 8:00,251.504
7/13/2022 9:00,164.536
7/13/2022 10:00,75.532
7/13/2022 11:00,10.2
7/13/2022 12:00,0
7/13/2022 13:00,0
7/13/2022 14:00,0
7/13/2022 15:00,0
7/13/2022 16:00,0
7/13/2022 17:00,0
7/13/2022 18:00,0
7/13/2022 19:00,0
7/13/2022 20:00,0
7/13/2022 21:00,0
7/13/2022 22:00,0.593
7/13/2022 23:00,40.817
7/14/2022 0:00,151.279
7/14/2022 1:00,290.79
7/14/2022 2:00,436.295
7/14/2022 3:00,561.866
7/14/2022 4:00,610.326
7/14/2022 5:00,582.962
7/14/2022 6:00,534.958
7/14/2022 7:00,463.76
7/14/2022 8:00,351.773
7/14/2022 9:00,229.262
7/14/2022 10:00,107.313
7/14/2022 11:00,14.512
7/14/2022 12:00,0
7/14/2022 13:00,0
7/14/2022 14:00,0
7/14/2022 15:00,0
7/14/2022 16:00,0
7/14/2022 17:00,0
7/14/2022 18:00,0
7/14/2022 19:00,0
7/14/2022 20:00,0
7/14/2022 21:00,0
7/14/2022 22:00,0.56
7/14/2022 23:00,45.315
7/15/2022 0:00,161.96
7/15/2022 1:00,298.192
7/15/2022 2:00,433.08
7/15/2022 3:00,567.215
7/15/2022 4:00,630.881
7/15/2022 5:00,625.706
7/15/2022 6:00,567.361
7/15/2022 7:00,479.224
7/15/2022 8:00,353.641
7/15/2022 9:00,223.939
7/15/2022 10:00,104.043
7/15/2022 11:00,13.532
7/15/2022 12:00,0
7/15/2022 13:00,0
7/15/2022 14:00,0
7/15/2022 15:00,0
7/15/2022 16:00,0
7/15/2022 17:00,0
7/15/2022 18:00,0
7/15/2022 19:00,0
7/15/2022 20:00,0
7/15/2022 21:00,0
7/15/2022 22:00,0.815
7/15/2022 23:00,46.344
7/16/2022 0:00,158.525
7/16/2022 1:00,285.445
7/16/2022 2:00,409.743
7/16/2022 3:00,515.672
7/16/2022 4:00,577.931
7/16/2022 5:00,579.243
7/16/2022 6:00,527.051
7/16/2022 7:00,443.054
7/16/2022 8:00,335.605
7/16/2022 9:00,214.743
7/16/2022 10:00,98.615
7/16/2022 11:00,13.665
7/16/2022 12:00,0
7/16/2022 13:00,0
7/16/2022 14:00,0
7/16/2022 15:00,0
7/16/2022 16:00,0
7/16/2022 17:00,0
7/16/2022 18:00,0
7/16/2022 19:00,0
7/16/2022 20:00,0
7/16/2022 21:00,0
7/16/2022 22:00,0.593
7/16/2022 23:00,50.181
7/17/2022 0:00,179.003
7/17/2022 1:00,322.894
7/17/2022 2:00,452.46
7/17/2022 3:00,549.274
7/17/2022 4:00,570.573
7/17/2022 5:00,543.806
7/17/2022 6:00,481.804
7/17/2022 7:00,376.058
7/17/2022 8:00,259.687
7/17/2022 9:00,162.829
7/17/2022 10:00,77.362
7/17/2022 11:00,10.528
7/17/2022 12:00,0
7/17/2022 13:00,0
7/17/2022 14:00,0
7/17/2022 15:00,0
7/17/2022 16:00,0
7/17/2022 17:00,0
7/17/2022 18:00,0
7/17/2022 19:00,0
7/17/2022 20:00,0
7/17/2022 21:00,0
7/17/2022 22:00,0.495
7/17/2022 23:00,41.687
7/18/2022 0:00,155.206
7/18/2022 1:00,298.884
7/18/2022 2:00,437.149
7/18/2022 3:00,536.079
7/18/2022 4:00,560.365
7/18/2022 5:00,526.146
7/18/2022 6:00,472.128
7/18/2022 7:00,400.075
7/18/2022 8:00,303.417
7/18/2022 9:00,191.206
7/18/2022 10:00,86.063
7/18/2022 11:00,11.069
7/18/2022 12:00,0
7/18/2022 13:00,0
7/18/2022 14:00,0
7/18/2022 15:00,0
7/18/2022 16:00,0
7/18/2022 17:00,0
7/18/2022 18:00,0
7/18/2022 19:00,0
7/18/2022 20:00,0
7/18/2022 21:00,0
7/18/2022 22:00,0.462
7/18/2022 23:00,39.421
7/19/2022 0:00,137.867
7/19/2022 1:00,253.409
7/19/2022 2:00,357.023
7/19/2022 3:00,425.132
7/19/2022 4:00,455.763
7/19/2022 5:00,453.134
7/19/2022 6:00,415.647
7/19/2022 7:00,353.041
7/19/2022 8:00,265.193
7/19/2022 9:00,165.43
7/19/2022 10:00,70.079
7/19/2022 11:00,8.994
7/19/2022 12:00,0
7/19/2022 13:00,0
7/19/2022 14:00,0
7/19/2022 15:00,0
7/19/2022 16:00,0
7/19/2022 17:00,0
7/19/2022 18:00,0
7/19/2022 19:00,0
7/19/2022 20:00,0
7/19/2022 21:00,0
7/19/2022 22:00,0.319
7/19/2022 23:00,27.57
7/20/2022 0:00,105.939
7/20/2022 1:00,209.454
7/20/2022 2:00,314.224
7/20/2022 3:00,385.584
7/20/2022 4:00,419.539
7/20/2022 5:00,428.538
7/20/2022 6:00,390.486
7/20/2022 7:00,314.278
7/20/2022 8:00,222.797
7/20/2022 9:00,129.302
7/20/2022 10:00,52.274
7/20/2022 11:00,6.545
7/20/2022 12:00,0
7/20/2022 13:00,0
7/20/2022 14:00,0
7/20/2022 15:00,0
7/20/2022 16:00,0
7/20/2022 17:00,0
7/20/2022 18:00,0
7/20/2022 19:00,0
7/20/2022 20:00,0
7/20/2022 21:00,0
7/20/2022 22:00,0.375
7/20/2022 23:00,27.493
7/21/2022 0:00,101.436
7/21/2022 1:00,195.034
7/21/2022 2:00,282.673
7/21/2022 3:00,352.748
7/21/2022 4:00,399.045
7/21/2022 5:00,415.842
7/21/2022 6:00,399.876
7/21/2022 7:00,346.882
7/21/2022 8:00,267.378
7/21/2022 9:00,166.765
7/21/2022 10:00,69.743
7/21/2022 11:00,8.067
7/21/2022 12:00,0
7/21/2022 13:00,0
7/21/2022 14:00,0
7/21/2022 15:00,0
7/21/2022 16:00,0
7/21/2022 17:00,0
7/21/2022 18:00,0
7/21/2022 19:00,0
7/21/2022 20:00,0
7/21/2022 21:00,0
7/21/2022 22:00,0.76
7/21/2022 23:00,54.258
7/22/2022 0:00,198.874
7/22/2022 1:00,367.905
7/22/2022 2:00,523.497
7/22/2022 3:00,639.118
7/22/2022 4:00,688.248
7/22/2022 5:00,678.479
7/22/2022 6:00,618.879
7/22/2022 7:00,518.729
7/22/2022 8:00,381.938
7/22/2022 9:00,233.568
7/22/2022 10:00,100.276
7/22/2022 11:00,11.924
7/22/2022 12:00,0
7/22/2022 13:00,0
7/22/2022 14:00,0
7/22/2022 15:00,0
7/22/2022 16:00,0
7/22/2022 17:00,0
7/22/2022 18:00,0
7/22/2022 19:00,0
7/22/2022 20:00,0
7/22/2022 21:00,0
7/22/2022 22:00,0.446
7/22/2022 23:00,45.065
7/23/2022 0:00,165.64
7/23/2022 1:00,308.513
7/23/2022 2:00,451.464
7/23/2022 3:00,561.459
7/23/2022 4:00,641.638
7/23/2022 5:00,650.801
7/23/2022 6:00,599.198
7/23/2022 7:00,506.183
7/23/2022 8:00,377.989
7/23/2022 9:00,230.809
7/23/2022 10:00,101.498
7/23/2022 11:00,12.807
7/23/2022 12:00,0
7/23/2022 13:00,0
7/23/2022 14:00,0
7/23/2022 15:00,0
7/23/2022 16:00,0
7/23/2022 17:00,0
7/23/2022 18:00,0
7/23/2022 19:00,0
7/23/2022 20:00,0
7/23/2022 21:00,0
7/23/2022 22:00,0.638
7/23/2022 23:00,54.629
7/24/2022 0:00,191.824
7/24/2022 1:00,332.917
7/24/2022 2:00,451.927
7/24/2022 3:00,539.921
7/24/2022 4:00,622.621
7/24/2022 5:00,635.504
7/24/2022 6:00,589.275
7/24/2022 7:00,487.743
7/24/2022 8:00,362.128
7/24/2022 9:00,229.062
7/24/2022 10:00,102.325
7/24/2022 11:00,12.547
7/24/2022 12:00,0
7/24/2022 13:00,0
7/24/2022 14:00,0
7/24/2022 15:00,0
7/24/2022 16:00,0
7/24/2022 17:00,0
7/24/2022 18:00,0
7/24/2022 19:00,0
7/24/2022 20:00,0
7/24/2022 21:00,0
7/24/2022 22:00,0.888
7/24/2022 23:00,55.829
7/25/2022 0:00,189.582
7/25/2022 1:00,339.192
7/25/2022 2:00,490.575
7/25/2022 3:00,630.029
7/25/2022 4:00,695.908
7/25/2022 5:00,698.244
7/25/2022 6:00,643.506
7/25/2022 7:00,545.858
7/25/2022 8:00,400.949
7/25/2022 9:00,251.457
7/25/2022 10:00,108.326
7/25/2022 11:00,13.698
7/25/2022 12:00,0
7/25/2022 13:00,0
7/25/2022 14:00,0
7/25/2022 15:00,0
7/25/2022 16:00,0
7/25/2022 17:00,0
7/25/2022 18:00,0
7/25/2022 19:00,0
7/25/2022 20:00,0
7/25/2022 21:00,0
7/25/2022 22:00,0.943
7/25/2022 23:00,67.822
7/26/2022 0:00,236.865
7/26/2022 1:00,420.108
7/26/2022 2:00,587.411
7/26/2022 3:00,711.968
7/26/2022 4:00,769.328
7/26/2022 5:00,760.344
7/26/2022 6:00,676.14
7/26/2022 7:00,542.679
7/26/2022 8:00,373.69
7/26/2022 9:00,220.936
7/26/2022 10:00,103.235
7/26/2022 11:00,13.727
7/26/2022 12:00,0
7/26/2022 13:00,0
7/26/2022 14:00,0
7/26/2022 15:00,0
7/26/2022 16:00,0
7/26/2022 17:00,0
7/26/2022 18:00,0
7/26/2022 19:00,0
7/26/2022 20:00,0
7/26/2022 21:00,0
7/26/2022 22:00,0.678
7/26/2022 23:00,55.158
7/27/2022 0:00,195.743
7/27/2022 1:00,343.538
7/27/2022 2:00,459.134
7/27/2022 3:00,545.742
7/27/2022 4:00,589.355
7/27/2022 5:00,571.73
7/27/2022 6:00,513.651
7/27/2022 7:00,420.373
7/27/2022 8:00,305.855
7/27/2022 9:00,186.296
7/27/2022 10:00,77.595
7/27/2022 11:00,9.202
7/27/2022 12:00,0
7/27/2022 13:00,0
7/27/2022 14:00,0
7/27/2022 15:00,0
7/27/2022 16:00,0
7/27/2022 17:00,0
7/27/2022 18:00,0
7/27/2022 19:00,0
7/27/2022 20:00,0
7/27/2022 21:00,0
7/27/2022 22:00,0.606
7/27/2022 23:00,44.759
7/28/2022 0:00,165.801
7/28/2022 1:00,302.849
7/28/2022 2:00,436.508
7/28/2022 3:00,565.781
7/28/2022 4:00,646.705
7/28/2022 5:00,658.397
7/28/2022 6:00,609.3
7/28/2022 7:00,522.789
7/28/2022 8:00,409.446
7/28/2022 9:00,264.064
7/28/2022 10:00,119.164
7/28/2022 11:00,13.962
7/28/2022 12:00,0
7/28/2022 13:00,0
7/28/2022 14:00,0
7/28/2022 15:00,0
7/28/2022 16:00,0
7/28/2022 17:00,0
7/28/2022 18:00,0
7/28/2022 19:00,0
7/28/2022 20:00,0
7/28/2022 21:00,0
7/28/2022 22:00,0.574
7/28/2022 23:00,55.714
7/29/2022 0:00,199.619
7/29/2022 1:00,358.641
7/29/2022 2:00,507.089
7/29/2022 3:00,612.6
7/29/2022 4:00,671.33
7/29/2022 5:00,666.574
7/29/2022 6:00,620.313
7/29/2022 7:00,530.645
7/29/2022 8:00,402.379
7/29/2022 9:00,254.755
7/29/2022 10:00,113.855
7/29/2022 11:00,13.631
7/29/2022 12:00,0
7/29/2022 13:00,0
7/29/2022 14:00,0
7/29/2022 15:00,0
7/29/2022 16:00,0
7/29/2022 17:00,0
7/29/2022 18:00,0
7/29/2022 19:00,0
7/29/2022 20:00,0
7/29/2022 21:00,0
7/29/2022 22:00,0.38
7/29/2022 23:00,45.976
7/30/2022 0:00,160.594
7/30/2022 1:00,290.414
7/30/2022 2:00,410.959
7/30/2022 3:00,503.984
7/30/2022 4:00,557.161
7/30/2022 5:00,558.057
7/30/2022 6:00,504.468
7/30/2022 7:00,411.96
7/30/2022 8:00,295.469
7/30/2022 9:00,179.442
7/30/2022 10:00,76.336
7/30/2022 11:00,8.835
7/30/2022 12:00,0
7/30/2022 13:00,0
7/30/2022 14:00,0
7/30/2022 15:00,0
7/30/2022 16:00,0
7/30/2022 17:00,0
7/30/2022 18:00,0
7/30/2022 19:00,0
7/30/2022 20:00,0
7/30/2022 21:00,0
7/30/2022 22:00,0.348
7/30/2022 23:00,38.515
7/31/2022 0:00,139.868
7/31/2022 1:00,251.465
7/31/2022 2:00,354.227
7/31/2022 3:00,437.139
7/31/2022 4:00,491.355
7/31/2022 5:00,501.635
7/31/2022 6:00,467.952
7/31/2022 7:00,395.603
7/31/2022 8:00,302.121
7/31/2022 9:00,189.762
7/31/2022 10:00,82.009
7/31/2022 11:00,9.418
7/31/2022 12:00,0
7/31/2022 13:00,0
7/31/2022 14:00,0
7/31/2022 15:00,0
7/31/2022 16:00,0
7/31/2022 17:00,0
7/31/2022 18:00,0
7/31/2022 19:00,0
7/31/2022 20:00,0
7/31/2022 21:00,0
7/31/2022 22:00,0.403
7/31/2022 23:00,37.37
8/1/2022 0:00,128.233
8/1/2022 1:00,226.793
8/1/2022 2:00,331.384
8/1/2022 3:00,435.859
8/1/2022 4:00,519.978
8/1/2022 5:00,546.958
8/1/2022 6:00,532.133
8/1/2022 7:00,465.273
8/1/2022 8:00,363.955
8/1/2022 9:00,233.56
8/1/2022 10:00,105.849
8/1/2022 11:00,11.875
8/1/2022 12:00,0
8/1/2022 13:00,0
8/1/2022 14:00,0
8/1/2022 15:00,0
8/1/2022 16:00,0
8/1/2022 17:00,0
8/1/2022 18:00,0
8/1/2022 19:00,0
8/1/2022 20:00,0
8/1/2022 21:00,0
8/1/2022 22:00,0.396
8/1/2022 23:00,42.253
8/2/2022 0:00,156.854
8/2/2022 1:00,282.333
8/2/2022 2:00,391.58
8/2/2022 3:00,490.825
8/2/2022 4:00,568.81
8/2/2022 5:00,599.59
8/2/2022 6:00,575.86
8/2/2022 7:00,497.838
8/2/2022 8:00,378.617
8/2/2022 9:00,233.091
8/2/2022 10:00,94.326
8/2/2022 11:00,10.058
8/2/2022 12:00,0
8/2/2022 13:00,0
8/2/2022 14:00,0
8/2/2022 15:00,0
8/2/2022 16:00,0
8/2/2022 17:00,0
8/2/2022 18:00,0
8/2/2022 19:00,0
8/2/2022 20:00,0
8/2/2022 21:00,0
8/2/2022 22:00,0.386
8/2/2022 23:00,34.434
8/3/2022 0:00,131.569
8/3/2022 1:00,261.282
8/3/2022 2:00,394.759
8/3/2022 3:00,509.573
8/3/2022 4:00,578.063
8/3/2022 5:00,603.412
8/3/2022 6:00,573.548
8/3/2022 7:00,490.165
8/3/2022 8:00,364.844
8/3/2022 9:00,224.416
8/3/2022 10:00,93.364
8/3/2022 11:00,10.209
8/3/2022 12:00,0
8/3/2022 13:00,0
8/3/2022 14:00,0
8/3/2022 15:00,0
8/3/2022 16:00,0
8/3/2022 17:00,0
8/3/2022 18:00,0
8/3/2022 19:00,0
8/3/2022 20:00,0
8/3/2022 21:00,0
8/3/2022 22:00,0.404
8/3/2022 23:00,43.595
8/4/2022 0:00,165.473
8/4/2022 1:00,310.514
8/4/2022 2:00,443.443
8/4/2022 3:00,541.96
8/4/2022 4:00,593.19
8/4/2022 5:00,592.247
8/4/2022 6:00,541.931
8/4/2022 7:00,455.937
8/4/2022 8:00,342.912
8/4/2022 9:00,210.219
8/4/2022 10:00,90.726
8/4/2022 11:00,10.107
8/4/2022 12:00,0
8/4/2022 13:00,0
8/4/2022 14:00,0
8/4/2022 15:00,0
8/4/2022 16:00,0
8/4/2022 17:00,0
8/4/2022 18:00,0
8/4/2022 19:00,0
8/4/2022 20:00,0
8/4/2022 21:00,0
8/4/2022 22:00,0.219
8/4/2022 23:00,37.241
8/5/2022 0:00,151.512
8/5/2022 1:00,305.326
8/5/2022 2:00,459.874
8/5/2022 3:00,578.119
8/5/2022 4:00,644.587
8/5/2022 5:00,657.332
8/5/2022 6:00,615.455
8/5/2022 7:00,523.306
8/5/2022 8:00,388.825
8/5/2022 9:00,243.039
8/5/2022 10:00,105.296
8/5/2022 11:00,11.189
8/5/2022 12:00,0
8/5/2022 13:00,0
8/5/2022 14:00,0
8/5/2022 15:00,0
8/5/2022 16:00,0
8/5/2022 17:00,0
8/5/2022 18:00,0
8/5/2022 19:00,0
8/5/2022 20:00,0
8/5/2022 21:00,0
8/5/2022 22:00,0.333
8/5/2022 23:00,42.137
8/6/2022 0:00,169.053
8/6/2022 1:00,331.947
8/6/2022 2:00,490.078
8/6/2022 3:00,609.781
8/6/2022 4:00,693.26
8/6/2022 5:00,716.479
8/6/2022 6:00,668.07
8/6/2022 7:00,561.239
8/6/2022 8:00,410.586
8/6/2022 9:00,248.548
8/6/2022 10:00,107.498
8/6/2022 11:00,11.219
8/6/2022 12:00,0
8/6/2022 13:00,0
8/6/2022 14:00,0
8/6/2022 15:00,0
8/6/2022 16:00,0
8/6/2022 17:00,0
8/6/2022 18:00,0
8/6/2022 19:00,0
8/6/2022 20:00,0
8/6/2022 21:00,0
8/6/2022 22:00,0.207
8/6/2022 23:00,32.771
8/7/2022 0:00,129.549
8/7/2022 1:00,247.788
8/7/2022 2:00,362.273
8/7/2022 3:00,449.025
8/7/2022 4:00,496.782
8/7/2022 5:00,508.464
8/7/2022 6:00,474.44
8/7/2022 7:00,397.607
8/7/2022 8:00,285.603
8/7/2022 9:00,175.47
8/7/2022 10:00,75.434
8/7/2022 11:00,7.763
8/7/2022 12:00,0
8/7/2022 13:00,0
8/7/2022 14:00,0
8/7/2022 15:00,0
8/7/2022 16:00,0
8/7/2022 17:00,0
8/7/2022 18:00,0
8/7/2022 19:00,0
8/7/2022 20:00,0
8/7/2022 21:00,0
8/7/2022 22:00,0.183
8/7/2022 23:00,26.185
8/8/2022 0:00,102.304
8/8/2022 1:00,194.926
8/8/2022 2:00,284.217
8/8/2022 3:00,358.746
8/8/2022 4:00,401.972
8/8/2022 5:00,411.232
8/8/2022 6:00,384.335
8/8/2022 7:00,326.2
8/8/2022 8:00,242.471
8/8/2022 9:00,149.374
8/8/2022 10:00,64.132
8/8/2022 11:00,6.546
8/8/2022 12:00,0
8/8/2022 13:00,0
8/8/2022 14:00,0
8/8/2022 15:00,0
8/8/2022 16:00,0
8/8/2022 17:00,0
8/8/2022 18:00,0
8/8/2022 19:00,0
8/8/2022 20:00,0
8/8/2022 21:00,0
8/8/2022 22:00,0.221
8/8/2022 23:00,37.359
8/9/2022 0:00,144.547
8/9/2022 1:00,275.809
8/9/2022 2:00,405.931
8/9/2022 3:00,515.234
8/9/2022 4:00,573.804
8/9/2022 5:00,575.379
8/9/2022 6:00,509.267
8/9/2022 7:00,410.881
8/9/2022 8:00,301.092
8/9/2022 9:00,180.779
8/9/2022 10:00,78.32
8/9/2022 11:00,7.924
8/9/2022 12:00,0
8/9/2022 13:00,0
8/9/2022 14:00,0
8/9/2022 15:00,0
8/9/2022 16:00,0
8/9/2022 17:00,0
8/9/2022 18:00,0
8/9/2022 19:00,0
8/9/2022 20:00,0
8/9/2022 21:00,0
8/9/2022 22:00,0.212
8/9/2022 23:00,34.866
8/10/2022 0:00,147.932
8/10/2022 1:00,287.962
8/10/2022 2:00,425.962
8/10/2022 3:00,556.295
8/10/2022 4:00,673.367
8/10/2022 5:00,732.583
8/10/2022 6:00,699.388
8/10/2022 7:00,589.907
8/10/2022 8:00,435.915
8/10/2022 9:00,265.916
8/10/2022 10:00,114.904
8/10/2022 11:00,11.792
8/10/2022 12:00,0
8/10/2022 13:00,0
8/10/2022 14:00,0
8/10/2022 15:00,0
8/10/2022 16:00,0
8/10/2022 17:00,0
8/10/2022 18:00,0
8/10/2022 19:00,0
8/10/2022 20:00,0
8/10/2022 21:00,0
8/10/2022 22:00,0.154
8/10/2022 23:00,36.358
8/11/2022 0:00,133.588
8/11/2022 1:00,251.121
8/11/2022 2:00,367.047
8/11/2022 3:00,471.995
8/11/2022 4:00,542.327
8/11/2022 5:00,572.803
8/11/2022 6:00,532.121
8/11/2022 7:00,442.239
8/11/2022 8:00,310.934
8/11/2022 9:00,187.098
8/11/2022 10:00,76.279
8/11/2022 11:00,7.14
8/11/2022 12:00,0
8/11/2022 13:00,0
8/11/2022 14:00,0
8/11/2022 15:00,0
8/11/2022 16:00,0
8/11/2022 17:00,0
8/11/2022 18:00,0
8/11/2022 19:00,0
8/11/2022 20:00,0
8/11/2022 21:00,0
8/11/2022 22:00,0.23
8/11/2022 23:00,44.713
8/12/2022 0:00,182.341
8/12/2022 1:00,356.108
8/12/2022 2:00,523.009
8/12/2022 3:00,624.11
8/12/2022 4:00,646.082
8/12/2022 5:00,641.569
8/12/2022 6:00,596.526
8/12/2022 7:00,499.996
8/12/2022 8:00,371.201
8/12/2022 9:00,235.609
8/12/2022 10:00,101.03
8/12/2022 11:00,9.59
8/12/2022 12:00,0
8/12/2022 13:00,0
8/12/2022 14:00,0
8/12/2022 15:00,0
8/12/2022 16:00,0
8/12/2022 17:00,0
8/12/2022 18:00,0
8/12/2022 19:00,0
8/12/2022 20:00,0
8/12/2022 21:00,0
8/12/2022 22:00,0.279
8/12/2022 23:00,55.22
8/13/2022 0:00,222.99
8/13/2022 1:00,426.658
8/13/2022 2:00,618.805
8/13/2022 3:00,775.799
8/13/2022 4:00,866.786
8/13/2022 5:00,889.986
8/13/2022 6:00,834.184
8/13/2022 7:00,714.672
8/13/2022 8:00,538.687
8/13/2022 9:00,323.818
8/13/2022 10:00,139.539
8/13/2022 11:00,13.75
8/13/2022 12:00,0
8/13/2022 13:00,0
8/13/2022 14:00,0
8/13/2022 15:00,0
8/13/2022 16:00,0
8/13/2022 17:00,0
8/13/2022 18:00,0
8/13/2022 19:00,0
8/13/2022 20:00,0
8/13/2022 21:00,0
8/13/2022 22:00,0.232
8/13/2022 23:00,57.411
8/14/2022 0:00,232.04
8/14/2022 1:00,431.49
8/14/2022 2:00,609.906
8/14/2022 3:00,749.424
8/14/2022 4:00,820.038
8/14/2022 5:00,819.812
8/14/2022 6:00,755.966
8/14/2022 7:00,638.197
8/14/2022 8:00,472.476
8/14/2022 9:00,282.695
8/14/2022 10:00,116.438
8/14/2022 11:00,10.623
8/14/2022 12:00,0
8/14/2022 13:00,0
8/14/2022 14:00,0
8/14/2022 15:00,0
8/14/2022 16:00,0
8/14/2022 17:00,0
8/14/2022 18:00,0
8/14/2022 19:00,0
8/14/2022 20:00,0
8/14/2022 21:00,0
8/14/2022 22:00,0.129
8/14/2022 23:00,27.114
8/15/2022 0:00,108.638
8/15/2022 1:00,205.489
8/15/2022 2:00,302.734
8/15/2022 3:00,381.105
8/15/2022 4:00,433.783
8/15/2022 5:00,440.466
8/15/2022 6:00,401.282
8/15/2022 7:00,325.925
8/15/2022 8:00,235.621
8/15/2022 9:00,148.6
8/15/2022 10:00,62.119
8/15/2022 11:00,5.522
8/15/2022 12:00,0
8/15/2022 13:00,0
8/15/2022 14:00,0
8/15/2022 15:00,0
8/15/2022 16:00,0
8/15/2022 17:00,0
8/15/2022 18:00,0
8/15/2022 19:00,0
8/15/2022 20:00,0
8/15/2022 21:00,0
8/15/2022 22:00,0.106
8/15/2022 23:00,24.658
8/16/2022 0:00,106.84
8/16/2022 1:00,219.68
8/16/2022 2:00,339.856
8/16/2022 3:00,443.16
8/16/2022 4:00,504.704
8/16/2022 5:00,530.163
8/16/2022 6:00,503.491
8/16/2022 7:00,418.58
8/16/2022 8:00,301.133
8/16/2022 9:00,180.6
8/16/2022 10:00,73.987
8/16/2022 11:00,6.704
8/16/2022 12:00,0
8/16/2022 13:00,0
8/16/2022 14:00,0
8/16/2022 15:00,0
8/16/2022 16:00,0
8/16/2022 17:00,0
8/16/2022 18:00,0
8/16/2022 19:00,0
8/16/2022 20:00,0
8/16/2022 21:00,0
8/16/2022 22:00,0.159
8/16/2022 23:00,33.607
8/17/2022 0:00,143.281
8/17/2022 1:00,290.93
8/17/2022 2:00,454.548
8/17/2022 3:00,585.084
8/17/2022 4:00,664.841
8/17/2022 5:00,679.158
8/17/2022 6:00,637.826
8/17/2022 7:00,541.129
8/17/2022 8:00,393.715
8/17/2022 9:00,234.205
8/17/2022 10:00,92.024
8/17/2022 11:00,7.972
8/17/2022 12:00,0
8/17/2022 13:00,0
8/17/2022 14:00,0
8/17/2022 15:00,0
8/17/2022 16:00,0
8/17/2022 17:00,0
8/17/2022 18:00,0
8/17/2022 19:00,0
8/17/2022 20:00,0
8/17/2022 21:00,0
8/17/2022 22:00,0.153
8/17/2022 23:00,41.915
8/18/2022 0:00,183.463
8/18/2022 1:00,370.635
8/18/2022 2:00,552.532
8/18/2022 3:00,689.096
8/18/2022 4:00,759.799
8/18/2022 5:00,760.524
8/18/2022 6:00,698.488
8/18/2022 7:00,588.592
8/18/2022 8:00,435.387
8/18/2022 9:00,263.151
8/18/2022 10:00,106.33
8/18/2022 11:00,9.17
8/18/2022 12:00,0
8/18/2022 13:00,0
8/18/2022 14:00,0
8/18/2022 15:00,0
8/18/2022 16:00,0
8/18/2022 17:00,0
8/18/2022 18:00,0
8/18/2022 19:00,0
8/18/2022 20:00,0
8/18/2022 21:00,0
8/18/2022 22:00,0.093
8/18/2022 23:00,34.9
8/19/2022 0:00,150.728
8/19/2022 1:00,304.157
8/19/2022 2:00,461.52
8/19/2022 3:00,590.49
8/19/2022 4:00,665.117
8/19/2022 5:00,676.041
8/19/2022 6:00,619.396
8/19/2022 7:00,525.302
8/19/2022 8:00,378.898
8/19/2022 9:00,227.481
8/19/2022 10:00,91.761
8/19/2022 11:00,7.684
8/19/2022 12:00,0
8/19/2022 13:00,0
8/19/2022 14:00,0
8/19/2022 15:00,0
8/19/2022 16:00,0
8/19/2022 17:00,0
8/19/2022 18:00,0
8/19/2022 19:00,0
8/19/2022 20:00,0
8/19/2022 21:00,0
8/19/2022 22:00,0.065
8/19/2022 23:00,31.444
8/20/2022 0:00,129.29
8/20/2022 1:00,244.014
8/20/2022 2:00,352.345
8/20/2022 3:00,451.137
8/20/2022 4:00,492.871
8/20/2022 5:00,476.394
8/20/2022 6:00,424.057
8/20/2022 7:00,329.289
8/20/2022 8:00,223.563
8/20/2022 9:00,126.383
8/20/2022 10:00,48.094
8/20/2022 11:00,3.684
8/20/2022 12:00,0
8/20/2022 13:00,0
8/20/2022 14:00,0
8/20/2022 15:00,0
8/20/2022 16:00,0
8/20/2022 17:00,0
8/20/2022 18:00,0
8/20/2022 19:00,0
8/20/2022 20:00,0
8/20/2022 21:00,0
8/20/2022 22:00,0.056
8/20/2022 23:00,32.424
8/21/2022 0:00,142.529
8/21/2022 1:00,293.041
8/21/2022 2:00,467.481
8/21/2022 3:00,596.965
8/21/2022 4:00,665.311
8/21/2022 5:00,639.844
8/21/2022 6:00,560.39
8/21/2022 7:00,443.371
8/21/2022 8:00,312.26
8/21/2022 9:00,176.219
8/21/2022 10:00,66.909
8/21/2022 11:00,5.125
8/21/2022 12:00,0
8/21/2022 13:00,0
8/21/2022 14:00,0
8/21/2022 15:00,0
8/21/2022 16:00,0
8/21/2022 17:00,0
8/21/2022 18:00,0
8/21/2022 19:00,0
8/21/2022 20:00,0
8/21/2022 21:00,0
8/21/2022 22:00,0.071
8/21/2022 23:00,28.7
8/22/2022 0:00,130.305
8/22/2022 1:00,268.082
8/22/2022 2:00,426.985
8/22/2022 3:00,551.417
8/22/2022 4:00,638.597
8/22/2022 5:00,654.133
8/22/2022 6:00,597.761
8/22/2022 7:00,485.065
8/22/2022 8:00,344.499
8/22/2022 9:00,206.593
8/22/2022 10:00,82.502
8/22/2022 11:00,6.726
8/22/2022 12:00,0
8/22/2022 13:00,0
8/22/2022 14:00,0
8/22/2022 15:00,0
8/22/2022 16:00,0
8/22/2022 17:00,0
8/22/2022 18:00,0
8/22/2022 19:00,0
8/22/2022 20:00,0
8/22/2022 21:00,0
8/22/2022 22:00,0.069
8/22/2022 23:00,34.302
8/23/2022 0:00,159.795
8/23/2022 1:00,317.876
8/23/2022 2:00,467.961
8/23/2022 3:00,586.96
8/23/2022 4:00,655.89
8/23/2022 5:00,659.314
8/23/2022 6:00,607.697
8/23/2022 7:00,510.862
8/23/2022 8:00,374.528
8/23/2022 9:00,224.863
8/23/2022 10:00,89.864
8/23/2022 11:00,7.443
8/23/2022 12:00,0
8/23/2022 13:00,0
8/23/2022 14:00,0
8/23/2022 15:00,0
8/23/2022 16:00,0
8/23/2022 17:00,0
8/23/2022 18:00,0
8/23/2022 19:00,0
8/23/2022 20:00,0
8/23/2022 21:00,0
8/23/2022 22:00,0.09
8/23/2022 23:00,33.902
8/24/2022 0:00,154.379
8/24/2022 1:00,310.072
8/24/2022 2:00,455.761
8/24/2022 3:00,573.174
8/24/2022 4:00,633.284
8/24/2022 5:00,614.506
8/24/2022 6:00,524.811
8/24/2022 7:00,408.411
8/24/2022 8:00,295.446
8/24/2022 9:00,186.658
8/24/2022 10:00,72.815
8/24/2022 11:00,5.256
8/24/2022 12:00,0
8/24/2022 13:00,0
8/24/2022 14:00,0
8/24/2022 15:00,0
8/24/2022 16:00,0
8/24/2022 17:00,0
8/24/2022 18:00,0
8/24/2022 19:00,0
8/24/2022 20:00,0
8/24/2022 21:00,0
8/24/2022 22:00,0.048
8/24/2022 23:00,20.819
8/25/2022 0:00,102.262
8/25/2022 1:00,207.016
8/25/2022 2:00,304.211
8/25/2022 3:00,388.108
8/25/2022 4:00,427.021
8/25/2022 5:00,379.26
8/25/2022 6:00,333.658
8/25/2022 7:00,261.433
8/25/2022 8:00,182.838
8/25/2022 9:00,106.559
8/25/2022 10:00,40.866
8/25/2022 11:00,3.089
8/25/2022 12:00,0
8/25/2022 13:00,0
8/25/2022 14:00,0
8/25/2022 15:00,0
8/25/2022 16:00,0
8/25/2022 17:00,0
8/25/2022 18:00,0
8/25/2022 19:00,0
8/25/2022 20:00,0
8/25/2022 21:00,0
8/25/2022 22:00,0.063
8/25/2022 23:00,27.256
8/26/2022 0:00,126.415
8/26/2022 1:00,253.342
8/26/2022 2:00,367.938
8/26/2022 3:00,445.569
8/26/2022 4:00,471.856
8/26/2022 5:00,449.583
8/26/2022 6:00,390.519
8/26/2022 7:00,313.779
8/26/2022 8:00,218.221
8/26/2022 9:00,120.323
8/26/2022 10:00,43.399
8/26/2022 11:00,3.097
8/26/2022 12:00,0
8/26/2022 13:00,0
8/26/2022 14:00,0
8/26/2022 15:00,0
8/26/2022 16:00,0
8/26/2022 17:00,0
8/26/2022 18:00,0
8/26/2022 19:00,0
8/26/2022 20:00,0
8/26/2022 21:00,0
8/26/2022 22:00,0.101
8/26/2022 23:00,34.993
8/27/2022 0:00,155.789
8/27/2022 1:00,301.936
8/27/2022 2:00,438.277
8/27/2022 3:00,549.989
8/27/2022 4:00,615.351
8/27/2022 5:00,614.256
8/27/2022 6:00,570.195
8/27/2022 7:00,481.494
8/27/2022 8:00,371.327
8/27/2022 9:00,238.246
8/27/2022 10:00,101.201
8/27/2022 11:00,7.871
8/27/2022 12:00,0
8/27/2022 13:00,0
8/27/2022 14:00,0
8/27/2022 15:00,0
8/27/2022 16:00,0
8/27/2022 17:00,0
8/27/2022 18:00,0
8/27/2022 19:00,0
8/27/2022 20:00,0
8/27/2022 21:00,0
8/27/2022 22:00,0.077
8/27/2022 23:00,40.611
8/28/2022 0:00,182.047
8/28/2022 1:00,356.926
8/28/2022 2:00,514.161
8/28/2022 3:00,639.829
8/28/2022 4:00,695.329
8/28/2022 5:00,683.151
8/28/2022 6:00,617.674
8/28/2022 7:00,514.429
8/28/2022 8:00,379.452
8/28/2022 9:00,225.87
8/28/2022 10:00,91.926
8/28/2022 11:00,6.64
8/28/2022 12:00,0
8/28/2022 13:00,0
8/28/2022 14:00,0
8/28/2022 15:00,0
8/28/2022 16:00,0
8/28/2022 17:00,0
8/28/2022 18:00,0
8/28/2022 19:00,0
8/28/2022 20:00,0
8/28/2022 21:00,0
8/28/2022 22:00,0.064
8/28/2022 23:00,38.225
8/29/2022 0:00,165.676
8/29/2022 1:00,304.248
8/29/2022 2:00,413.188
8/29/2022 3:00,493.181
8/29/2022 4:00,531.684
8/29/2022 5:00,504.265
8/29/2022 6:00,431.488
8/29/2022 7:00,347.916
8/29/2022 8:00,249.555
8/29/2022 9:00,148.897
8/29/2022 10:00,55.187
8/29/2022 11:00,4.028
8/29/2022 12:00,0
8/29/2022 13:00,0
8/29/2022 14:00,0
8/29/2022 15:00,0
8/29/2022 16:00,0
8/29/2022 17:00,0
8/29/2022 18:00,0
8/29/2022 19:00,0
8/29/2022 20:00,0
8/29/2022 21:00,0
8/29/2022 22:00,0.041
8/29/2022 23:00,30.055
8/30/2022 0:00,142.398
8/30/2022 1:00,285.107
8/30/2022 2:00,406.071
8/30/2022 3:00,499.278
8/30/2022 4:00,544.921
8/30/2022 5:00,546.214
8/30/2022 6:00,502.756
8/30/2022 7:00,420.47
8/30/2022 8:00,315.379
8/30/2022 9:00,199.831
8/30/2022 10:00,80.058
8/30/2022 11:00,5.611
8/30/2022 12:00,0
8/30/2022 13:00,0
8/30/2022 14:00,0
8/30/2022 15:00,0
8/30/2022 16:00,0
8/30/2022 17:00,0
8/30/2022 18:00,0
8/30/2022 19:00,0
8/30/2022 20:00,0
8/30/2022 21:00,0
8/30/2022 22:00,0.034
8/30/2022 23:00,33.93
8/31/2022 0:00,156.153
8/31/2022 1:00,296.519
8/31/2022 2:00,409.765
8/31/2022 3:00,492.284
8/31/2022 4:00,551.521
8/31/2022 5:00,555.689
8/31/2022 6:00,487.342
8/31/2022 7:00,388.006
8/31/2022 8:00,275.209
8/31/2022 9:00,162.452
8/31/2022 10:00,61.626
8/31/2022 11:00,4.176
8/31/2022 12:00,0
8/31/2022 13:00,0
8/31/2022 14:00,0
8/31/2022 15:00,0
8/31/2022 16:00,0
8/31/2022 17:00,0
8/31/2022 18:00,0
8/31/2022 19:00,0
8/31/2022 20:00,0
8/31/2022 21:00,0
8/31/2022 22:00,0.025
8/31/2022 23:00,25.514
9/1/2022 0:00,119.902
9/1/2022 1:00,252.976
9/1/2022 2:00,407.273
9/1/2022 3:00,547.118
9/1/2022 4:00,650.146
9/1/2022 5:00,692.227
9/1/2022 6:00,668.243
9/1/2022 7:00,579.401
9/1/2022 8:00,441.001
9/1/2022 9:00,272.886
9/1/2022 10:00,105.17
9/1/2022 11:00,6.532
9/1/2022 12:00,0
9/1/2022 13:00,0
9/1/2022 14:00,0
9/1/2022 15:00,0
9/1/2022 16:00,0
9/1/2022 17:00,0
9/1/2022 18:00,0
9/1/2022 19:00,0
9/1/2022 20:00,0
9/1/2022 21:00,0
9/1/2022 22:00,0.027
9/1/2022 23:00,30.714
9/2/2022 0:00,145.463
9/2/2022 1:00,283.949
9/2/2022 2:00,398.221
9/2/2022 3:00,507.504
9/2/2022 4:00,582.667
9/2/2022 5:00,568.116
9/2/2022 6:00,494.885
9/2/2022 7:00,395.475
9/2/2022 8:00,273.294
9/2/2022 9:00,157.031
9/2/2022 10:00,59.844
9/2/2022 11:00,3.974
9/2/2022 12:00,0
9/2/2022 13:00,0
9/2/2022 14:00,0
9/2/2022 15:00,0
9/2/2022 16:00,0
9/2/2022 17:00,0
9/2/2022 18:00,0
9/2/2022 19:00,0
9/2/2022 20:00,0
9/2/2022 21:00,0
9/2/2022 22:00,0.019
9/2/2022 23:00,25.914
9/3/2022 0:00,122.152
9/3/2022 1:00,234.102
9/3/2022 2:00,329.535
9/3/2022 3:00,401
9/3/2022 4:00,443.625
9/3/2022 5:00,442.732
9/3/2022 6:00,403.575
9/3/2022 7:00,336.685
9/3/2022 8:00,246.106
9/3/2022 9:00,142.921
9/3/2022 10:00,52.314
9/3/2022 11:00,3.321
9/3/2022 12:00,0
9/3/2022 13:00,0
9/3/2022 14:00,0
9/3/2022 15:00,0
9/3/2022 16:00,0
9/3/2022 17:00,0
9/3/2022 18:00,0
9/3/2022 19:00,0
9/3/2022 20:00,0
9/3/2022 21:00,0
9/3/2022 22:00,0.016
9/3/2022 23:00,27.978
9/4/2022 0:00,141.727
9/4/2022 1:00,281.136
9/4/2022 2:00,409.922
9/4/2022 3:00,507.884
9/4/2022 4:00,551.486
9/4/2022 5:00,550.194
9/4/2022 6:00,499.195
9/4/2022 7:00,402.381
9/4/2022 8:00,282.308
9/4/2022 9:00,166.873
9/4/2022 10:00,61.673
9/4/2022 11:00,3.642
9/4/2022 12:00,0
9/4/2022 13:00,0
9/4/2022 14:00,0
9/4/2022 15:00,0
9/4/2022 16:00,0
9/4/2022 17:00,0
9/4/2022 18:00,0
9/4/2022 19:00,0
9/4/2022 20:00,0
9/4/2022 21:00,0
9/4/2022 22:00,0.018
9/4/2022 23:00,22.708
9/5/2022 0:00,109.653
9/5/2022 1:00,224.45
9/5/2022 2:00,350.17
9/5/2022 3:00,468.301
9/5/2022 4:00,542.905
9/5/2022 5:00,555.809
9/5/2022 6:00,496.185
9/5/2022 7:00,391.263
9/5/2022 8:00,277.397
9/5/2022 9:00,163.929
9/5/2022 10:00,62.4
9/5/2022 11:00,3.65
9/5/2022 12:00,0
9/5/2022 13:00,0
9/5/2022 14:00,0
9/5/2022 15:00,0
9/5/2022 16:00,0
9/5/2022 17:00,0
9/5/2022 18:00,0
9/5/2022 19:00,0
9/5/2022 20:00,0
9/5/2022 21:00,0
9/5/2022 22:00,0.01
9/5/2022 23:00,28.838
9/6/2022 0:00,143.503
9/6/2022 1:00,268.116
9/6/2022 2:00,392.479
9/6/2022 3:00,518.368
9/6/2022 4:00,591.538
9/6/2022 5:00,573.923
9/6/2022 6:00,510.415
9/6/2022 7:00,430.71
9/6/2022 8:00,318.442
9/6/2022 9:00,192.492
9/6/2022 10:00,72.883
9/6/2022 11:00,4.328
9/6/2022 12:00,0
9/6/2022 13:00,0
9/6/2022 14:00,0
9/6/2022 15:00,0
9/6/2022 16:00,0
9/6/2022 17:00,0
9/6/2022 18:00,0
9/6/2022 19:00,0
9/6/2022 20:00,0
9/6/2022 21:00,0
9/6/2022 22:00,0.011
9/6/2022 23:00,22.611
9/7/2022 0:00,113.312
9/7/2022 1:00,245.315
9/7/2022 2:00,364.684
9/7/2022 3:00,432.902
9/7/2022 4:00,476.884
9/7/2022 5:00,478.785
9/7/2022 6:00,447.963
9/7/2022 7:00,381.08
9/7/2022 8:00,286.312
9/7/2022 9:00,174.31
9/7/2022 10:00,66.881
9/7/2022 11:00,3.858
9/7/2022 12:00,0
9/7/2022 13:00,0
9/7/2022 14:00,0
9/7/2022 15:00,0
9/7/2022 16:00,0
9/7/2022 17:00,0
9/7/2022 18:00,0
9/7/2022 19:00,0
9/7/2022 20:00,0
9/7/2022 21:00,0
9/7/2022 22:00,0.008
9/7/2022 23:00,19.586
9/8/2022 0:00,103.364
9/8/2022 1:00,218.126
9/8/2022 2:00,336.743
9/8/2022 3:00,445.576
9/8/2022 4:00,507.363
9/8/2022 5:00,513.219
9/8/2022 6:00,471.03
9/8/2022 7:00,383.417
9/8/2022 8:00,265.67
9/8/2022 9:00,149.625
9/8/2022 10:00,53.575
9/8/2022 11:00,2.96
9/8/2022 12:00,0
9/8/2022 13:00,0
9/8/2022 14:00,0
9/8/2022 15:00,0
9/8/2022 16:00,0
9/8/2022 17:00,0
9/8/2022 18:00,0
9/8/2022 19:00,0
9/8/2022 20:00,0
9/8/2022 21:00,0
9/8/2022 22:00,0.01
9/8/2022 23:00,19.302
9/9/2022 0:00,98.129
9/9/2022 1:00,201.573
9/9/2022 2:00,313.58
9/9/2022 3:00,423.458
9/9/2022 4:00,521.935
9/9/2022 5:00,561.927
9/9/2022 6:00,517.074
9/9/2022 7:00,428.515
9/9/2022 8:00,327.366
9/9/2022 9:00,206.31
9/9/2022 10:00,79.216
9/9/2022 11:00,4.247
9/9/2022 12:00,0
9/9/2022 13:00,0
9/9/2022 14:00,0
9/9/2022 15:00,0
9/9/2022 16:00,0
9/9/2022 17:00,0
9/9/2022 18:00,0
9/9/2022 19:00,0
9/9/2022 20:00,0
9/9/2022 21:00,0
9/9/2022 22:00,0.007
9/9/2022 23:00,20.422
9/10/2022 0:00,113.563
9/10/2022 1:00,259.853
9/10/2022 2:00,410.77
9/10/2022 3:00,519.846
9/10/2022 4:00,568.423
9/10/2022 5:00,568.559
9/10/2022 6:00,503.798
9/10/2022 7:00,397.664
9/10/2022 8:00,275.677
9/10/2022 9:00,156.218
9/10/2022 10:00,59.237
9/10/2022 11:00,3.205
9/10/2022 12:00,0
9/10/2022 13:00,0
9/10/2022 14:00,0
9/10/2022 15:00,0
9/10/2022 16:00,0
9/10/2022 17:00,0
9/10/2022 18:00,0
9/10/2022 19:00,0
9/10/2022 20:00,0
9/10/2022 21:00,0
9/10/2022 22:00,0.005
9/10/2022 23:00,22.062
9/11/2022 0:00,115.008
9/11/2022 1:00,246.026
9/11/2022 2:00,394.418
9/11/2022 3:00,492.177
9/11/2022 4:00,529.18
9/11/2022 5:00,483.547
9/11/2022 6:00,436.983
9/11/2022 7:00,362.634
9/11/2022 8:00,264.856
9/11/2022 9:00,155.742
9/11/2022 10:00,57.713
9/11/2022 11:00,2.883
9/11/2022 12:00,0
9/11/2022 13:00,0
9/11/2022 14:00,0
9/11/2022 15:00,0
9/11/2022 16:00,0
9/11/2022 17:00,0
9/11/2022 18:00,0
9/11/2022 19:00,0
9/11/2022 20:00,0
9/11/2022 21:00,0
9/11/2022 22:00,0.008
9/11/2022 23:00,31.173
9/12/2022 0:00,165.329
9/12/2022 1:00,338.019
9/12/2022 2:00,500.021
9/12/2022 3:00,616.321
9/12/2022 4:00,670.961
9/12/2022 5:00,655.367
9/12/2022 6:00,606.682
9/12/2022 7:00,495.776
9/12/2022 8:00,345.099
9/12/2022 9:00,199.016
9/12/2022 10:00,68.079
9/12/2022 11:00,3.043
9/12/2022 12:00,0
9/12/2022 13:00,0
9/12/2022 14:00,0
9/12/2022 15:00,0
9/12/2022 16:00,0
9/12/2022 17:00,0
9/12/2022 18:00,0
9/12/2022 19:00,0
9/12/2022 20:00,0
9/12/2022 21:00,0
9/12/2022 22:00,0.009
9/12/2022 23:00,30.789
9/13/2022 0:00,161.321
9/13/2022 1:00,324.996
9/13/2022 2:00,479.807
9/13/2022 3:00,610.057
9/13/2022 4:00,702.624
9/13/2022 5:00,698.954
9/13/2022 6:00,630.343
9/13/2022 7:00,528.491
9/13/2022 8:00,386.176
9/13/2022 9:00,230.764
9/13/2022 10:00,77.393
9/13/2022 11:00,3.411
9/13/2022 12:00,0
9/13/2022 13:00,0
9/13/2022 14:00,0
9/13/2022 15:00,0
9/13/2022 16:00,0
9/13/2022 17:00,0
9/13/2022 18:00,0
9/13/2022 19:00,0
9/13/2022 20:00,0
9/13/2022 21:00,0
9/13/2022 22:00,0.002
9/13/2022 23:00,20.942
9/14/2022 0:00,116.559
9/14/2022 1:00,247.011
9/14/2022 2:00,385.136
9/14/2022 3:00,500.702
9/14/2022 4:00,546.062
9/14/2022 5:00,530.802
9/14/2022 6:00,468.398
9/14/2022 7:00,380.721
9/14/2022 8:00,277.752
9/14/2022 9:00,162.528
9/14/2022 10:00,58.87
9/14/2022 11:00,2.693
9/14/2022 12:00,0
9/14/2022 13:00,0
9/14/2022 14:00,0
9/14/2022 15:00,0
9/14/2022 16:00,0
9/14/2022 17:00,0
9/14/2022 18:00,0
9/14/2022 19:00,0
9/14/2022 20:00,0
9/14/2022 21:00,0
9/14/2022 22:00,0.002
9/14/2022 23:00,20.667
9/15/2022 0:00,122.103
9/15/2022 1:00,247.946
9/15/2022 2:00,355.542
9/15/2022 3:00,444.341
9/15/2022 4:00,506.547
9/15/2022 5:00,528.99
9/15/2022 6:00,507.814
9/15/2022 7:00,428.06
9/15/2022 8:00,312.896
9/15/2022 9:00,184.017
9/15/2022 10:00,66.25
9/15/2022 11:00,3.081
9/15/2022 12:00,0
9/15/2022 13:00,0
9/15/2022 14:00,0
9/15/2022 15:00,0
9/15/2022 16:00,0
9/15/2022 17:00,0
9/15/2022 18:00,0
9/15/2022 19:00,0
9/15/2022 20:00,0
9/15/2022 21:00,0
9/15/2022 22:00,0.002
9/15/2022 23:00,17.591
9/16/2022 0:00,105.482
9/16/2022 1:00,234.622
9/16/2022 2:00,399.863
9/16/2022 3:00,537.909
9/16/2022 4:00,615.455
9/16/2022 5:00,611.954
9/16/2022 6:00,557.392
9/16/2022 7:00,445.571
9/16/2022 8:00,303.527
9/16/2022 9:00,163.991
9/16/2022 10:00,57.077
9/16/2022 11:00,2.475
9/16/2022 12:00,0
9/16/2022 13:00,0
9/16/2022 14:00,0
9/16/2022 15:00,0
9/16/2022 16:00,0
9/16/2022 17:00,0
9/16/2022 18:00,0
9/16/2022 19:00,0
9/16/2022 20:00,0
9/16/2022 21:00,0
9/16/2022 22:00,0.001
9/16/2022 23:00,20.57
9/17/2022 0:00,117.493
9/17/2022 1:00,242.43
9/17/2022 2:00,362.635
9/17/2022 3:00,455.887
9/17/2022 4:00,505.625
9/17/2022 5:00,484.637
9/17/2022 6:00,435.973
9/17/2022 7:00,351.232
9/17/2022 8:00,253.342
9/17/2022 9:00,148.391
9/17/2022 10:00,51.475
9/17/2022 11:00,2.218
9/17/2022 12:00,0
9/17/2022 13:00,0
9/17/2022 14:00,0
9/17/2022 15:00,0
9/17/2022 16:00,0
9/17/2022 17:00,0
9/17/2022 18:00,0
9/17/2022 19:00,0
9/17/2022 20:00,0
9/17/2022 21:00,0
9/17/2022 22:00,0.001
9/17/2022 23:00,20.871
9/18/2022 0:00,114.398
9/18/2022 1:00,237.534
9/18/2022 2:00,359.793
9/18/2022 3:00,453.353
9/18/2022 4:00,514.172
9/18/2022 5:00,528.092
9/18/2022 6:00,505.613
9/18/2022 7:00,438.512
9/18/2022 8:00,321.618
9/18/2022 9:00,191.835
9/18/2022 10:00,68.417
9/18/2022 11:00,2.538
9/18/2022 12:00,0
9/18/2022 13:00,0
9/18/2022 14:00,0
9/18/2022 15:00,0
9/18/2022 16:00,0
9/18/2022 17:00,0
9/18/2022 18:00,0
9/18/2022 19:00,0
9/18/2022 20:00,0
9/18/2022 21:00,0
9/18/2022 22:00,0.001
9/18/2022 23:00,22.159
9/19/2022 0:00,128.62
9/19/2022 1:00,271.718
9/19/2022 2:00,416.364
9/19/2022 3:00,536.176
9/19/2022 4:00,618.674
9/19/2022 5:00,625.257
9/19/2022 6:00,569.634
9/19/2022 7:00,460.098
9/19/2022 8:00,321.726
9/19/2022 9:00,183.714
9/19/2022 10:00,64.693
9/19/2022 11:00,2.711
9/19/2022 12:00,0
9/19/2022 13:00,0
9/19/2022 14:00,0
9/19/2022 15:00,0
9/19/2022 16:00,0
9/19/2022 17:00,0
9/19/2022 18:00,0
9/19/2022 19:00,0
9/19/2022 20:00,0
9/19/2022 21:00,0
9/19/2022 22:00,0
9/19/2022 23:00,18.639
9/20/2022 0:00,111.287
9/20/2022 1:00,226.42
9/20/2022 2:00,339.527
9/20/2022 3:00,425.779
9/20/2022 4:00,479.544
9/20/2022 5:00,472.885
9/20/2022 6:00,418.627
9/20/2022 7:00,331.2
9/20/2022 8:00,232.058
9/20/2022 9:00,132.819
9/20/2022 10:00,46.821
9/20/2022 11:00,1.832
9/20/2022 12:00,0
9/20/2022 13:00,0
9/20/2022 14:00,0
9/20/2022 15:00,0
9/20/2022 16:00,0
9/20/2022 17:00,0
9/20/2022 18:00,0
9/20/2022 19:00,0
9/20/2022 20:00,0
9/20/2022 21:00,0
9/20/2022 22:00,0
9/20/2022 23:00,20.095
9/21/2022 0:00,120.804
9/21/2022 1:00,258.814
9/21/2022 2:00,397.887
9/21/2022 3:00,513.448
9/21/2022 4:00,572.395
9/21/2022 5:00,563.961
9/21/2022 6:00,519.223
9/21/2022 7:00,420.599
9/21/2022 8:00,300.334
9/21/2022 9:00,170.687
9/21/2022 10:00,59.187
9/21/2022 11:00,2.056
9/21/2022 12:00,0
9/21/2022 13:00,0
9/21/2022 14:00,0
9/21/2022 15:00,0
9/21/2022 16:00,0
9/21/2022 17:00,0
9/21/2022 18:00,0
9/21/2022 19:00,0
9/21/2022 20:00,0
9/21/2022 21:00,0
9/21/2022 22:00,0
9/21/2022 23:00,21.168
9/22/2022 0:00,133.161
9/22/2022 1:00,289.253
9/22/2022 2:00,430.184
9/22/2022 3:00,535.908
9/22/2022 4:00,599.865
9/22/2022 5:00,622.076
9/22/2022 6:00,593.486
9/22/2022 7:00,497.216
9/22/2022 8:00,343.135
9/22/2022 9:00,176.676
9/22/2022 10:00,54.098
9/22/2022 11:00,1.911
9/22/2022 12:00,0
9/22/2022 13:00,0
9/22/2022 14:00,0
9/22/2022 15:00,0
9/22/2022 16:00,0
9/22/2022 17:00,0
9/22/2022 18:00,0
9/22/2022 19:00,0
9/22/2022 20:00,0
9/22/2022 21:00,0
9/22/2022 22:00,0
9/22/2022 23:00,15.588
9/23/2022 0:00,102.477
9/23/2022 1:00,230.385
9/23/2022 2:00,372.288
9/23/2022 3:00,502.819
9/23/2022 4:00,590.594
9/23/2022 5:00,593.065
9/23/2022 6:00,518.222
9/23/2022 7:00,400.161
9/23/2022 8:00,267.464
9/23/2022 9:00,148.939
9/23/2022 10:00,53.192
9/23/2022 11:00,1.93
9/23/2022 12:00,0
9/23/2022 13:00,0
9/23/2022 14:00,0
9/23/2022 15:00,0
9/23/2022 16:00,0
9/23/2022 17:00,0
9/23/2022 18:00,0
9/23/2022 19:00,0
9/23/2022 20:00,0
9/23/2022 21:00,0
9/23/2022 22:00,0
9/23/2022 23:00,15.979
9/24/2022 0:00,100.179
9/24/2022 1:00,212.296
9/24/2022 2:00,321.868
9/24/2022 3:00,410.02
9/24/2022 4:00,474.232
9/24/2022 5:00,476.921
9/24/2022 6:00,425.477
9/24/2022 7:00,335.024
9/24/2022 8:00,228.028
9/24/2022 9:00,129.1
9/24/2022 10:00,45.289
9/24/2022 11:00,1.605
9/24/2022 12:00,0
9/24/2022 13:00,0
9/24/2022 14:00,0
9/24/2022 15:00,0
9/24/2022 16:00,0
9/24/2022 17:00,0
9/24/2022 18:00,0
9/24/2022 19:00,0
9/24/2022 20:00,0
9/24/2022 21:00,0
9/24/2022 22:00,0
9/24/2022 23:00,13.952
9/25/2022 0:00,91.666
9/25/2022 1:00,205.557
9/25/2022 2:00,330.811
9/25/2022 3:00,439.97
9/25/2022 4:00,536.588
9/25/2022 5:00,554.841
9/25/2022 6:00,493.888
9/25/2022 7:00,397.266
9/25/2022 8:00,282.495
9/25/2022 9:00,165.451
9/25/2022 10:00,58.12
9/25/2022 11:00,1.862
9/25/2022 12:00,0
9/25/2022 13:00,0
9/25/2022 14:00,0
9/25/2022 15:00,0
9/25/2022 16:00,0
9/25/2022 17:00,0
9/25/2022 18:00,0
9/25/2022 19:00,0
9/25/2022 20:00,0
9/25/2022 21:00,0
9/25/2022 22:00,0
9/25/2022 23:00,21.41
9/26/2022 0:00,130.063
9/26/2022 1:00,268.158
9/26/2022 2:00,394.718
9/26/2022 3:00,496.335
9/26/2022 4:00,550.806
9/26/2022 5:00,560.68
9/26/2022 6:00,510.099
9/26/2022 7:00,413.746
9/26/2022 8:00,296.78
9/26/2022 9:00,169.508
9/26/2022 10:00,55.913
9/26/2022 11:00,1.615
9/26/2022 12:00,0
9/26/2022 13:00,0
9/26/2022 14:00,0
9/26/2022 15:00,0
9/26/2022 16:00,0
9/26/2022 17:00,0
9/26/2022 18:00,0
9/26/2022 19:00,0
9/26/2022 20:00,0
9/26/2022 21:00,0
9/26/2022 22:00,0
9/26/2022 23:00,21.895
9/27/2022 0:00,137.727
9/27/2022 1:00,290.92
9/27/2022 2:00,444.176
9/27/2022 3:00,561.832
9/27/2022 4:00,651.368
9/27/2022 5:00,692.484
9/27/2022 6:00,657.468
9/27/2022 7:00,563.508
9/27/2022 8:00,404.022
9/27/2022 9:00,231.705
9/27/2022 10:00,73.323
9/27/2022 11:00,2.201
9/27/2022 12:00,0
9/27/2022 13:00,0
9/27/2022 14:00,0
9/27/2022 15:00,0
9/27/2022 16:00,0
9/27/2022 17:00,0
9/27/2022 18:00,0
9/27/2022 19:00,0
9/27/2022 20:00,0
9/27/2022 21:00,0
9/27/2022 22:00,0
9/27/2022 23:00,12.723
9/28/2022 0:00,88.767
9/28/2022 1:00,203.211
9/28/2022 2:00,322.554
9/28/2022 3:00,394.016
9/28/2022 4:00,408.193
9/28/2022 5:00,390.49
9/28/2022 6:00,352.445
9/28/2022 7:00,280.045
9/28/2022 8:00,193.351
9/28/2022 9:00,105.52
9/28/2022 10:00,35.624
9/28/2022 11:00,1.103
9/28/2022 12:00,0
9/28/2022 13:00,0
9/28/2022 14:00,0
9/28/2022 15:00,0
9/28/2022 16:00,0
9/28/2022 17:00,0
9/28/2022 18:00,0
9/28/2022 19:00,0
9/28/2022 20:00,0
9/28/2022 21:00,0
9/28/2022 22:00,0
9/28/2022 23:00,13.602
9/29/2022 0:00,88.189
9/29/2022 1:00,197.51
9/29/2022 2:00,307.668
9/29/2022 3:00,395.388
9/29/2022 4:00,447.709
9/29/2022 5:00,453.046
9/29/2022 6:00,428.21
9/29/2022 7:00,365.064
9/29/2022 8:00,266.262
9/29/2022 9:00,152.897
9/29/2022 10:00,49.573
9/29/2022 11:00,1.299
9/29/2022 12:00,0
9/29/2022 13:00,0
9/29/2022 14:00,0
9/29/2022 15:00,0
9/29/2022 16:00,0
9/29/2022 17:00,0
9/29/2022 18:00,0
9/29/2022 19:00,0
9/29/2022 20:00,0
9/29/2022 21:00,0
9/29/2022 22:00,0
9/29/2022 23:00,23.093
9/30/2022 0:00,158.587
9/30/2022 1:00,334.922
9/30/2022 2:00,507.509
9/30/2022 3:00,649.412
9/30/2022 4:00,718.496
9/30/2022 5:00,713.453
9/30/2022 6:00,640.948
9/30/2022 7:00,521.091
9/30/2022 8:00,357.509
9/30/2022 9:00,198.911
9/30/2022 10:00,59.605
9/30/2022 11:00,1.456
9/30/2022 12:00,0
9/30/2022 13:00,0
9/30/2022 14:00,0
9/30/2022 15:00,0
9/30/2022 16:00,0
9/30/2022 17:00,0
9/30/2022 18:00,0
9/30/2022 19:00,0
9/30/2022 20:00,0
9/30/2022 21:00,0
9/30/2022 22:00,0
9/30/2022 23:00,18.077
10/1/2022 0:00,130.038
10/1/2022 1:00,286.359
10/1/2022 2:00,435.419
10/1/2022 3:00,552.325
10/1/2022 4:00,605.878
10/1/2022 5:00,586.528
10/1/2022 6:00,527.05
10/1/2022 7:00,424.285
10/1/2022 8:00,295.178
10/1/2022 9:00,164.311
10/1/2022 10:00,50.827
10/1/2022 11:00,1.188
10/1/2022 12:00,0
10/1/2022 13:00,0
10/1/2022 14:00,0
10/1/2022 15:00,0
10/1/2022 16:00,0
10/1/2022 17:00,0
10/1/2022 18:00,0
10/1/2022 19:00,0
10/1/2022 20:00,0
10/1/2022 21:00,0
10/1/2022 22:00,0
10/1/2022 23:00,16.456
10/2/2022 0:00,117.452
10/2/2022 1:00,262.276
10/2/2022 2:00,404.475
10/2/2022 3:00,506.902
10/2/2022 4:00,544.503
10/2/2022 5:00,523.329
10/2/2022 6:00,449.39
10/2/2022 7:00,340.675
10/2/2022 8:00,227.261
10/2/2022 9:00,117.945
10/2/2022 10:00,35.53
10/2/2022 11:00,0.84
10/2/2022 12:00,0
10/2/2022 13:00,0
10/2/2022 14:00,0
10/2/2022 15:00,0
10/2/2022 16:00,0
10/2/2022 17:00,0
10/2/2022 18:00,0
10/2/2022 19:00,0
10/2/2022 20:00,0
10/2/2022 21:00,0
10/2/2022 22:00,0
10/2/2022 23:00,13.882
10/3/2022 0:00,94.081
10/3/2022 1:00,208.916
10/3/2022 2:00,311.442
10/3/2022 3:00,376.342
10/3/2022 4:00,396.739
10/3/2022 5:00,401.736
10/3/2022 6:00,376.529
10/3/2022 7:00,311.092
10/3/2022 8:00,221.72
10/3/2022 9:00,125.221
10/3/2022 10:00,41.654
10/3/2022 11:00,0.952
10/3/2022 12:00,0
10/3/2022 13:00,0
10/3/2022 14:00,0
10/3/2022 15:00,0
10/3/2022 16:00,0
10/3/2022 17:00,0
10/3/2022 18:00,0
10/3/2022 19:00,0
10/3/2022 20:00,0
10/3/2022 21:00,0
10/3/2022 22:00,0
10/3/2022 23:00,13.929
10/4/2022 0:00,99.73
10/4/2022 1:00,217.357
10/4/2022 2:00,330.125
10/4/2022 3:00,415.163
10/4/2022 4:00,458.696
10/4/2022 5:00,464.903
10/4/2022 6:00,432.183
10/4/2022 7:00,356.153
10/4/2022 8:00,255.082
10/4/2022 9:00,144.398
10/4/2022 10:00,46.9
10/4/2022 11:00,1.054
10/4/2022 12:00,0
10/4/2022 13:00,0
10/4/2022 14:00,0
10/4/2022 15:00,0
10/4/2022 16:00,0
10/4/2022 17:00,0
10/4/2022 18:00,0
10/4/2022 19:00,0
10/4/2022 20:00,0
10/4/2022 21:00,0
10/4/2022 22:00,0
10/4/2022 23:00,17.536
10/5/2022 0:00,120.501
10/5/2022 1:00,264.489
10/5/2022 2:00,394.655
10/5/2022 3:00,474.507
10/5/2022 4:00,522.355
10/5/2022 5:00,525.681
10/5/2022 6:00,479.391
10/5/2022 7:00,399.566
10/5/2022 8:00,285.28
10/5/2022 9:00,157.652
10/5/2022 10:00,48.833
10/5/2022 11:00,1.008
10/5/2022 12:00,0
10/5/2022 13:00,0
10/5/2022 14:00,0
10/5/2022 15:00,0
10/5/2022 16:00,0
10/5/2022 17:00,0
10/5/2022 18:00,0
10/5/2022 19:00,0
10/5/2022 20:00,0
10/5/2022 21:00,0
10/5/2022 22:00,0
10/5/2022 23:00,11.969
10/6/2022 0:00,92.652
10/6/2022 1:00,216.988
10/6/2022 2:00,352.746
10/6/2022 3:00,474.245
10/6/2022 4:00,541.006
10/6/2022 5:00,536.976
10/6/2022 6:00,489.674
10/6/2022 7:00,392.793
10/6/2022 8:00,275.432
10/6/2022 9:00,147.24
10/6/2022 10:00,44.057
10/6/2022 11:00,0.771
10/6/2022 12:00,0
10/6/2022 13:00,0
10/6/2022 14:00,0
10/6/2022 15:00,0
10/6/2022 16:00,0
10/6/2022 17:00,0
10/6/2022 18:00,0
10/6/2022 19:00,0
10/6/2022 20:00,0
10/6/2022 21:00,0
10/6/2022 22:00,0
10/6/2022 23:00,14.147
10/7/2022 0:00,105.842
10/7/2022 1:00,244.405
10/7/2022 2:00,385.284
10/7/2022 3:00,511.353
10/7/2022 4:00,587.492
10/7/2022 5:00,583.062
10/7/2022 6:00,505.309
10/7/2022 7:00,388.147
10/7/2022 8:00,251.104
10/7/2022 9:00,131.037
10/7/2022 10:00,40.731
10/7/2022 11:00,0.723
10/7/2022 12:00,0
10/7/2022 13:00,0
10/7/2022 14:00,0
10/7/2022 15:00,0
10/7/2022 16:00,0
10/7/2022 17:00,0
10/7/2022 18:00,0
10/7/2022 19:00,0
10/7/2022 20:00,0
10/7/2022 21:00,0
10/7/2022 22:00,0
10/7/2022 23:00,13.7
10/8/2022 0:00,104.049
10/8/2022 1:00,246.223
10/8/2022 2:00,419.912
10/8/2022 3:00,579.814
10/8/2022 4:00,646.978
10/8/2022 5:00,645.334
10/8/2022 6:00,587.396
10/8/2022 7:00,495.149
10/8/2022 8:00,366.718
10/8/2022 9:00,211.247
10/8/2022 10:00,64.806
10/8/2022 11:00,1.052
10/8/2022 12:00,0
10/8/2022 13:00,0
10/8/2022 14:00,0
10/8/2022 15:00,0
10/8/2022 16:00,0
10/8/2022 17:00,0
10/8/2022 18:00,0
10/8/2022 19:00,0
10/8/2022 20:00,0
10/8/2022 21:00,0
10/8/2022 22:00,0
10/8/2022 23:00,12.624
10/9/2022 0:00,91.788
10/9/2022 1:00,188.003
10/9/2022 2:00,273.561
10/9/2022 3:00,339.923
10/9/2022 4:00,395.502
10/9/2022 5:00,409.122
10/9/2022 6:00,389.936
10/9/2022 7:00,328.246
10/9/2022 8:00,222.194
10/9/2022 9:00,122.917
10/9/2022 10:00,38.424
10/9/2022 11:00,0.632
10/9/2022 12:00,0
10/9/2022 13:00,0
10/9/2022 14:00,0
10/9/2022 15:00,0
10/9/2022 16:00,0
10/9/2022 17:00,0
10/9/2022 18:00,0
10/9/2022 19:00,0
10/9/2022 20:00,0
10/9/2022 21:00,0
10/9/2022 22:00,0
10/9/2022 23:00,11.653
10/10/2022 0:00,93.741
10/10/2022 1:00,214.297
10/10/2022 2:00,337.841
10/10/2022 3:00,453.137
10/10/2022 4:00,521.727
10/10/2022 5:00,531.978
10/10/2022 6:00,486.07
10/10/2022 7:00,393.076
10/10/2022 8:00,277.847
10/10/2022 9:00,153.099
10/10/2022 10:00,48.005
10/10/2022 11:00,0.672
10/10/2022 12:00,0
10/10/2022 13:00,0
10/10/2022 14:00,0
10/10/2022 15:00,0
10/10/2022 16:00,0
10/10/2022 17:00,0
10/10/2022 18:00,0
10/10/2022 19:00,0
10/10/2022 20:00,0
10/10/2022 21:00,0
10/10/2022 22:00,0
10/10/2022 23:00,17.985
10/11/2022 0:00,143.591
10/11/2022 1:00,319.022
10/11/2022 2:00,492.068
10/11/2022 3:00,638.479
10/11/2022 4:00,739.287
10/11/2022 5:00,777.741
10/11/2022 6:00,732.209
10/11/2022 7:00,608.109
10/11/2022 8:00,434.294
10/11/2022 9:00,248.422
10/11/2022 10:00,77.803
10/11/2022 11:00,1.045
10/11/2022 12:00,0
10/11/2022 13:00,0
10/11/2022 14:00,0
10/11/2022 15:00,0
10/11/2022 16:00,0
10/11/2022 17:00,0
10/11/2022 18:00,0
10/11/2022 19:00,0
10/11/2022 20:00,0
10/11/2022 21:00,0
10/11/2022 22:00,0
10/11/2022 23:00,18.555
10/12/2022 0:00,141.304
10/12/2022 1:00,303.791
10/12/2022 2:00,461.701
10/12/2022 3:00,612.776
10/12/2022 4:00,747.495
10/12/2022 5:00,797.555
10/12/2022 6:00,755.003
10/12/2022 7:00,652.862
10/12/2022 8:00,493.031
10/12/2022 9:00,295.907
10/12/2022 10:00,92.518
10/12/2022 11:00,1.054
10/12/2022 12:00,0
10/12/2022 13:00,0
10/12/2022 14:00,0
10/12/2022 15:00,0
10/12/2022 16:00,0
10/12/2022 17:00,0
10/12/2022 18:00,0
10/12/2022 19:00,0
10/12/2022 20:00,0
10/12/2022 21:00,0
10/12/2022 22:00,0
10/12/2022 23:00,22.605
10/13/2022 0:00,185.084
10/13/2022 1:00,388.439
10/13/2022 2:00,527.188
10/13/2022 3:00,620.302
10/13/2022 4:00,758.355
10/13/2022 5:00,814.456
10/13/2022 6:00,774.867
10/13/2022 7:00,655.475
10/13/2022 8:00,474.925
10/13/2022 9:00,259.163
10/13/2022 10:00,74.082
10/13/2022 11:00,0.878
10/13/2022 12:00,0
10/13/2022 13:00,0
10/13/2022 14:00,0
10/13/2022 15:00,0
10/13/2022 16:00,0
10/13/2022 17:00,0
10/13/2022 18:00,0
10/13/2022 19:00,0
10/13/2022 20:00,0
10/13/2022 21:00,0
10/13/2022 22:00,0
10/13/2022 23:00,14.491
10/14/2022 0:00,125.286
10/14/2022 1:00,283.331
10/14/2022 2:00,438.972
10/14/2022 3:00,577.006
10/14/2022 4:00,671.487
10/14/2022 5:00,704.608
10/14/2022 6:00,662.13
10/14/2022 7:00,545.3
10/14/2022 8:00,388.7
10/14/2022 9:00,208.808
10/14/2022 10:00,60.204
10/14/2022 11:00,0.712
10/14/2022 12:00,0
10/14/2022 13:00,0
10/14/2022 14:00,0
10/14/2022 15:00,0
10/14/2022 16:00,0
10/14/2022 17:00,0
10/14/2022 18:00,0
10/14/2022 19:00,0
10/14/2022 20:00,0
10/14/2022 21:00,0
10/14/2022 22:00,0
10/14/2022 23:00,11.391
10/15/2022 0:00,106.933
10/15/2022 1:00,251.32
10/15/2022 2:00,381.205
10/15/2022 3:00,474.712
10/15/2022 4:00,532.072
10/15/2022 5:00,519.332
10/15/2022 6:00,437.369
10/15/2022 7:00,333.912
10/15/2022 8:00,230.28
10/15/2022 9:00,127.748
10/15/2022 10:00,38.895
10/15/2022 11:00,0.493
10/15/2022 12:00,0
10/15/2022 13:00,0
10/15/2022 14:00,0
10/15/2022 15:00,0
10/15/2022 16:00,0
10/15/2022 17:00,0
10/15/2022 18:00,0
10/15/2022 19:00,0
10/15/2022 20:00,0
10/15/2022 21:00,0
10/15/2022 22:00,0
10/15/2022 23:00,11.785
10/16/2022 0:00,102.324
10/16/2022 1:00,230.965
10/16/2022 2:00,360.704
10/16/2022 3:00,471.757
10/16/2022 4:00,530.921
10/16/2022 5:00,548.594
10/16/2022 6:00,534.108
10/16/2022 7:00,468.775
10/16/2022 8:00,350.273
10/16/2022 9:00,206.489
10/16/2022 10:00,62.037
10/16/2022 11:00,0.593
10/16/2022 12:00,0
10/16/2022 13:00,0
10/16/2022 14:00,0
10/16/2022 15:00,0
10/16/2022 16:00,0
10/16/2022 17:00,0
10/16/2022 18:00,0
10/16/2022 19:00,0
10/16/2022 20:00,0
10/16/2022 21:00,0
10/16/2022 22:00,0
10/16/2022 23:00,16.452
10/17/2022 0:00,158.437
10/17/2022 1:00,370.491
10/17/2022 2:00,578.492
10/17/2022 3:00,739.432
10/17/2022 4:00,832.921
10/17/2022 5:00,851.381
10/17/2022 6:00,799.519
10/17/2022 7:00,674.855
10/17/2022 8:00,491.335
10/17/2022 9:00,276.21
10/17/2022 10:00,82.295
10/17/2022 11:00,0.699
10/17/2022 12:00,0
10/17/2022 13:00,0
10/17/2022 14:00,0
10/17/2022 15:00,0
10/17/2022 16:00,0
10/17/2022 17:00,0
10/17/2022 18:00,0
10/17/2022 19:00,0
10/17/2022 20:00,0
10/17/2022 21:00,0
10/17/2022 22:00,0
10/17/2022 23:00,16.915
10/18/2022 0:00,153.633
10/18/2022 1:00,345.844
10/18/2022 2:00,528.699
10/18/2022 3:00,685.318
10/18/2022 4:00,785.914
10/18/2022 5:00,808.653
10/18/2022 6:00,760.826
10/18/2022 7:00,643.352
10/18/2022 8:00,465.899
10/18/2022 9:00,265.62
10/18/2022 10:00,77.387
10/18/2022 11:00,0.697
10/18/2022 12:00,0
10/18/2022 13:00,0
10/18/2022 14:00,0
10/18/2022 15:00,0
10/18/2022 16:00,0
10/18/2022 17:00,0
10/18/2022 18:00,0
10/18/2022 19:00,0
10/18/2022 20:00,0
10/18/2022 21:00,0
10/18/2022 22:00,0
10/18/2022 23:00,16.646
10/19/2022 0:00,156.411
10/19/2022 1:00,356.393
10/19/2022 2:00,545.909
10/19/2022 3:00,690.268
10/19/2022 4:00,774.442
10/19/2022 5:00,789.623
10/19/2022 6:00,742.443
10/19/2022 7:00,623.213
10/19/2022 8:00,452.312
10/19/2022 9:00,257.349
10/19/2022 10:00,74.425
10/19/2022 11:00,0.538
10/19/2022 12:00,0
10/19/2022 13:00,0
10/19/2022 14:00,0
10/19/2022 15:00,0
10/19/2022 16:00,0
10/19/2022 17:00,0
10/19/2022 18:00,0
10/19/2022 19:00,0
10/19/2022 20:00,0
10/19/2022 21:00,0
10/19/2022 22:00,0
10/19/2022 23:00,17.563
10/20/2022 0:00,166.847
10/20/2022 1:00,371.134
10/20/2022 2:00,557.709
10/20/2022 3:00,699.511
10/20/2022 4:00,792.294
10/20/2022 5:00,803.5
10/20/2022 6:00,738.233
10/20/2022 7:00,614.836
10/20/2022 8:00,440.18
10/20/2022 9:00,241.131
10/20/2022 10:00,67.618
10/20/2022 11:00,0.463
10/20/2022 12:00,0
10/20/2022 13:00,0
10/20/2022 14:00,0
10/20/2022 15:00,0
10/20/2022 16:00,0
10/20/2022 17:00,0
10/20/2022 18:00,0
10/20/2022 19:00,0
10/20/2022 20:00,0
10/20/2022 21:00,0
10/20/2022 22:00,0
10/20/2022 23:00,18.076
10/21/2022 0:00,170.192
10/21/2022 1:00,379.675
10/21/2022 2:00,573.862
10/21/2022 3:00,719.778
10/21/2022 4:00,795.796
10/21/2022 5:00,801.811
10/21/2022 6:00,731.095
10/21/2022 7:00,594.02
10/21/2022 8:00,407.974
10/21/2022 9:00,210.81
10/21/2022 10:00,58.17
10/21/2022 11:00,0.402
10/21/2022 12:00,0
10/21/2022 13:00,0
10/21/2022 14:00,0
10/21/2022 15:00,0
10/21/2022 16:00,0
10/21/2022 17:00,0
10/21/2022 18:00,0
10/21/2022 19:00,0
10/21/2022 20:00,0
10/21/2022 21:00,0
10/21/2022 22:00,0
10/21/2022 23:00,10.848
10/22/2022 0:00,100.865
10/22/2022 1:00,244.402
10/22/2022 2:00,400.842
10/22/2022 3:00,546.981
10/22/2022 4:00,622.142
10/22/2022 5:00,638.448
10/22/2022 6:00,574.006
10/22/2022 7:00,446.933
10/22/2022 8:00,305.554
10/22/2022 9:00,164.208
10/22/2022 10:00,45.816
10/22/2022 11:00,0.319
10/22/2022 12:00,0
10/22/2022 13:00,0
10/22/2022 14:00,0
10/22/2022 15:00,0
10/22/2022 16:00,0
10/22/2022 17:00,0
10/22/2022 18:00,0
10/22/2022 19:00,0
10/22/2022 20:00,0
10/22/2022 21:00,0
10/22/2022 22:00,0
10/22/2022 23:00,13.436
10/23/2022 0:00,140.059
10/23/2022 1:00,324.349
10/23/2022 2:00,498.752
10/23/2022 3:00,642.216
10/23/2022 4:00,734.424
10/23/2022 5:00,755.881
10/23/2022 6:00,719.564
10/23/2022 7:00,602.986
10/23/2022 8:00,437.495
10/23/2022 9:00,235.311
10/23/2022 10:00,66.291
10/23/2022 11:00,0.437
10/23/2022 12:00,0
10/23/2022 13:00,0
10/23/2022 14:00,0
10/23/2022 15:00,0
10/23/2022 16:00,0
10/23/2022 17:00,0
10/23/2022 18:00,0
10/23/2022 19:00,0
10/23/2022 20:00,0
10/23/2022 21:00,0
10/23/2022 22:00,0
10/23/2022 23:00,14.833
10/24/2022 0:00,150.781
10/24/2022 1:00,346.029
10/24/2022 2:00,520.214
10/24/2022 3:00,652.519
10/24/2022 4:00,728.85
10/24/2022 5:00,725.426
10/24/2022 6:00,664.59
10/24/2022 7:00,545.621
10/24/2022 8:00,380.614
10/24/2022 9:00,204.811
10/24/2022 10:00,54.332
10/24/2022 11:00,0.331
10/24/2022 12:00,0
10/24/2022 13:00,0
10/24/2022 14:00,0
10/24/2022 15:00,0
10/24/2022 16:00,0
10/24/2022 17:00,0
10/24/2022 18:00,0
10/24/2022 19:00,0
10/24/2022 20:00,0
10/24/2022 21:00,0
10/24/2022 22:00,0
10/24/2022 23:00,14.985
10/25/2022 0:00,150.143
10/25/2022 1:00,344.801
10/25/2022 2:00,530.225
10/25/2022 3:00,678.754
10/25/2022 4:00,768.855
10/25/2022 5:00,782.415
10/25/2022 6:00,713.997
10/25/2022 7:00,588.321
10/25/2022 8:00,427.557
10/25/2022 9:00,228.938
10/25/2022 10:00,62.596
10/25/2022 11:00,0.382
10/25/2022 12:00,0
10/25/2022 13:00,0
10/25/2022 14:00,0
10/25/2022 15:00,0
10/25/2022 16:00,0
10/25/2022 17:00,0
10/25/2022 18:00,0
10/25/2022 19:00,0
10/25/2022 20:00,0
10/25/2022 21:00,0
10/25/2022 22:00,0
10/25/2022 23:00,10.969
10/26/2022 0:00,99.927
10/26/2022 1:00,229.263
10/26/2022 2:00,364.519
10/26/2022 3:00,489.306
10/26/2022 4:00,586.206
10/26/2022 5:00,643.624
10/26/2022 6:00,610.977
10/26/2022 7:00,522.876
10/26/2022 8:00,386.02
10/26/2022 9:00,214.621
10/26/2022 10:00,61.053
10/26/2022 11:00,0.3
10/26/2022 12:00,0
10/26/2022 13:00,0
10/26/2022 14:00,0
10/26/2022 15:00,0
10/26/2022 16:00,0
10/26/2022 17:00,0
10/26/2022 18:00,0
10/26/2022 19:00,0
10/26/2022 20:00,0
10/26/2022 21:00,0
10/26/2022 22:00,0
10/26/2022 23:00,9.444
10/27/2022 0:00,101.777
10/27/2022 1:00,245.275
10/27/2022 2:00,402.372
10/27/2022 3:00,548.593
10/27/2022 4:00,644.593
10/27/2022 5:00,662.187
10/27/2022 6:00,596.084
10/27/2022 7:00,482.707
10/27/2022 8:00,334.629
10/27/2022 9:00,169.965
10/27/2022 10:00,45.534
10/27/2022 11:00,0.216
10/27/2022 12:00,0
10/27/2022 13:00,0
10/27/2022 14:00,0
10/27/2022 15:00,0
10/27/2022 16:00,0
10/27/2022 17:00,0
10/27/2022 18:00,0
10/27/2022 19:00,0
10/27/2022 20:00,0
10/27/2022 21:00,0
10/27/2022 22:00,0
10/27/2022 23:00,12.163
10/28/2022 0:00,125.481
10/28/2022 1:00,305.353
10/28/2022 2:00,483.685
10/28/2022 3:00,624.95
10/28/2022 4:00,711.583
10/28/2022 5:00,721.961
10/28/2022 6:00,662.206
10/28/2022 7:00,546.762
10/28/2022 8:00,375.675
10/28/2022 9:00,203.416
10/28/2022 10:00,56.014
10/28/2022 11:00,0.233
10/28/2022 12:00,0
10/28/2022 13:00,0
10/28/2022 14:00,0
10/28/2022 15:00,0
10/28/2022 16:00,0
10/28/2022 17:00,0
10/28/2022 18:00,0
10/28/2022 19:00,0
10/28/2022 20:00,0
10/28/2022 21:00,0
10/28/2022 22:00,0
10/28/2022 23:00,15.701
10/29/2022 0:00,164.128
10/29/2022 1:00,370.057
10/29/2022 2:00,557.545
10/29/2022 3:00,699.701
10/29/2022 4:00,797.963
10/29/2022 5:00,816.938
10/29/2022 6:00,746.886
10/29/2022 7:00,606.287
10/29/2022 8:00,409.241
10/29/2022 9:00,220.175
10/29/2022 10:00,62.5
10/29/2022 11:00,0.361
10/29/2022 12:00,0
10/29/2022 13:00,0
10/29/2022 14:00,0
10/29/2022 15:00,0
10/29/2022 16:00,0
10/29/2022 17:00,0
10/29/2022 18:00,0
10/29/2022 19:00,0
10/29/2022 20:00,0
10/29/2022 21:00,0
10/29/2022 22:00,0
10/29/2022 23:00,14.891
10/30/2022 0:00,166.318
10/30/2022 1:00,380.671
10/30/2022 2:00,579.852
10/30/2022 3:00,738.488
10/30/2022 4:00,833.066
10/30/2022 5:00,853.828
10/30/2022 6:00,799.647
10/30/2022 7:00,674.812
10/30/2022 8:00,489.98
10/30/2022 9:00,270.052
10/30/2022 10:00,71.775
10/30/2022 11:00,0.334
10/30/2022 12:00,0
10/30/2022 13:00,0
10/30/2022 14:00,0
10/30/2022 15:00,0
10/30/2022 16:00,0
10/30/2022 17:00,0
10/30/2022 18:00,0
10/30/2022 19:00,0
10/30/2022 20:00,0
10/30/2022 21:00,0
10/30/2022 22:00,0
10/30/2022 23:00,14.431
10/31/2022 0:00,161.62
10/31/2022 1:00,376.973
10/31/2022 2:00,578.366
10/31/2022 3:00,731.462
10/31/2022 4:00,821.773
10/31/2022 5:00,840.446
10/31/2022 6:00,778.846
10/31/2022 7:00,654.249
10/31/2022 8:00,473.777
10/31/2022 9:00,257.792
10/31/2022 10:00,67.056
10/31/2022 11:00,0.225
10/31/2022 12:00,0
10/31/2022 13:00,0
10/31/2022 14:00,0
10/31/2022 15:00,0
10/31/2022 16:00,0
10/31/2022 17:00,0
10/31/2022 18:00,0
10/31/2022 19:00,0
10/31/2022 20:00,0
10/31/2022 21:00,0
10/31/2022 22:00,0
10/31/2022 23:00,13.875
11/1/2022 0:00,158.827
11/1/2022 1:00,374.213
11/1/2022 2:00,578.705
11/1/2022 3:00,736.137
11/1/2022 4:00,829.529
11/1/2022 5:00,845.234
11/1/2022 6:00,790.713
11/1/2022 7:00,663.638
11/1/2022 8:00,480.309
11/1/2022 9:00,268.623
11/1/2022 10:00,72.04
11/1/2022 11:00,0.286
11/1/2022 12:00,0
11/1/2022 13:00,0
11/1/2022 14:00,0
11/1/2022 15:00,0
11/1/2022 16:00,0
11/1/2022 17:00,0
11/1/2022 18:00,0
11/1/2022 19:00,0
11/1/2022 20:00,0
11/1/2022 21:00,0
11/1/2022 22:00,0
11/1/2022 23:00,14.279
11/2/2022 0:00,166.628
11/2/2022 1:00,388.116
11/2/2022 2:00,594.884
11/2/2022 3:00,753.924
11/2/2022 4:00,850.996
11/2/2022 5:00,873.077
11/2/2022 6:00,821.553
11/2/2022 7:00,693.947
11/2/2022 8:00,507.026
11/2/2022 9:00,287.673
11/2/2022 10:00,78.071
11/2/2022 11:00,0.275
11/2/2022 12:00,0
11/2/2022 13:00,0
11/2/2022 14:00,0
11/2/2022 15:00,0
11/2/2022 16:00,0
11/2/2022 17:00,0
11/2/2022 18:00,0
11/2/2022 19:00,0
11/2/2022 20:00,0
11/2/2022 21:00,0
11/2/2022 22:00,0
11/2/2022 23:00,14.866
11/3/2022 0:00,175.26
11/3/2022 1:00,402.229
11/3/2022 2:00,609.913
11/3/2022 3:00,767.115
11/3/2022 4:00,859.245
11/3/2022 5:00,875.528
11/3/2022 6:00,811.29
11/3/2022 7:00,682.533
11/3/2022 8:00,493.977
11/3/2022 9:00,268.405
11/3/2022 10:00,71.835
11/3/2022 11:00,0.245
11/3/2022 12:00,0
11/3/2022 13:00,0
11/3/2022 14:00,0
11/3/2022 15:00,0
11/3/2022 16:00,0
11/3/2022 17:00,0
11/3/2022 18:00,0
11/3/2022 19:00,0
11/3/2022 20:00,0
11/3/2022 21:00,0
11/3/2022 22:00,0
11/3/2022 23:00,13.924
11/4/2022 0:00,169.591
11/4/2022 1:00,389.808
11/4/2022 2:00,590.587
11/4/2022 3:00,740.202
11/4/2022 4:00,826.809
11/4/2022 5:00,836.255
11/4/2022 6:00,778.31
11/4/2022 7:00,652.935
11/4/2022 8:00,473.195
11/4/2022 9:00,263.61
11/4/2022 10:00,69.172
11/4/2022 11:00,0.131
11/4/2022 12:00,0
11/4/2022 13:00,0
11/4/2022 14:00,0
11/4/2022 15:00,0
11/4/2022 16:00,0
11/4/2022 17:00,0
11/4/2022 18:00,0
11/4/2022 19:00,0
11/4/2022 20:00,0
11/4/2022 21:00,0
11/4/2022 22:00,0
11/4/2022 23:00,10.91
11/5/2022 0:00,141.28
11/5/2022 1:00,337.371
11/5/2022 2:00,521.8
11/5/2022 3:00,658.749
11/5/2022 4:00,737.638
11/5/2022 5:00,742.925
11/5/2022 6:00,677.801
11/5/2022 7:00,550.972
11/5/2022 8:00,380.187
11/5/2022 9:00,192.313
11/5/2022 10:00,46.159
11/5/2022 11:00,0.099
11/5/2022 12:00,0
11/5/2022 13:00,0
11/5/2022 14:00,0
11/5/2022 15:00,0
11/5/2022 16:00,0
11/5/2022 17:00,0
11/5/2022 18:00,0
11/5/2022 19:00,0
11/5/2022 20:00,0
11/5/2022 21:00,0
11/5/2022 22:00,0
11/5/2022 23:00,8.462
11/6/2022 0:00,111.216
11/6/2022 1:00,280.558
11/6/2022 2:00,455.581
11/6/2022 3:00,594.578
11/6/2022 4:00,682.755
11/6/2022 5:00,703.585
11/6/2022 6:00,655.3
11/6/2022 7:00,554.092
11/6/2022 8:00,387.547
11/6/2022 9:00,203.317
11/6/2022 10:00,49.887
11/6/2022 11:00,0.104
11/6/2022 12:00,0
11/6/2022 13:00,0
11/6/2022 14:00,0
11/6/2022 15:00,0
11/6/2022 16:00,0
11/6/2022 17:00,0
11/6/2022 18:00,0
11/6/2022 19:00,0
11/6/2022 20:00,0
11/6/2022 21:00,0
11/6/2022 22:00,0
11/6/2022 23:00,10.537
11/7/2022 0:00,129.182
11/7/2022 1:00,298.935
11/7/2022 2:00,448.652
11/7/2022 3:00,563.261
11/7/2022 4:00,657.961
11/7/2022 5:00,691.988
11/7/2022 6:00,664.056
11/7/2022 7:00,584.349
11/7/2022 8:00,443.981
11/7/2022 9:00,250.552
11/7/2022 10:00,62.993
11/7/2022 11:00,0.14
11/7/2022 12:00,0
11/7/2022 13:00,0
11/7/2022 14:00,0
11/7/2022 15:00,0
11/7/2022 16:00,0
11/7/2022 17:00,0
11/7/2022 18:00,0
11/7/2022 19:00,0
11/7/2022 20:00,0
11/7/2022 21:00,0
11/7/2022 22:00,0
11/7/2022 23:00,12.008
11/8/2022 0:00,155.65
11/8/2022 1:00,367.354
11/8/2022 2:00,558.6
11/8/2022 3:00,695.593
11/8/2022 4:00,793.944
11/8/2022 5:00,820.851
11/8/2022 6:00,773.063
11/8/2022 7:00,651.558
11/8/2022 8:00,473.114
11/8/2022 9:00,260.562
11/8/2022 10:00,66.794
11/8/2022 11:00,0.138
11/8/2022 12:00,0
11/8/2022 13:00,0
11/8/2022 14:00,0
11/8/2022 15:00,0
11/8/2022 16:00,0
11/8/2022 17:00,0
11/8/2022 18:00,0
11/8/2022 19:00,0
11/8/2022 20:00,0
11/8/2022 21:00,0
11/8/2022 22:00,0
11/8/2022 23:00,11.705
11/9/2022 0:00,154.072
11/9/2022 1:00,372.265
11/9/2022 2:00,575.31
11/9/2022 3:00,724.467
11/9/2022 4:00,816.642
11/9/2022 5:00,833.494
11/9/2022 6:00,774.908
11/9/2022 7:00,649.7
11/9/2022 8:00,469.384
11/9/2022 9:00,254.602
11/9/2022 10:00,64.39
11/9/2022 11:00,0.122
11/9/2022 12:00,0
11/9/2022 13:00,0
11/9/2022 14:00,0
11/9/2022 15:00,0
11/9/2022 16:00,0
11/9/2022 17:00,0
11/9/2022 18:00,0
11/9/2022 19:00,0
11/9/2022 20:00,0
11/9/2022 21:00,0
11/9/2022 22:00,0
11/9/2022 23:00,11.127
11/10/2022 0:00,147.72
11/10/2022 1:00,349.536
11/10/2022 2:00,525.023
11/10/2022 3:00,655.572
11/10/2022 4:00,716.252
11/10/2022 5:00,722.596
11/10/2022 6:00,663.81
11/10/2022 7:00,552.281
11/10/2022 8:00,391.582
11/10/2022 9:00,211.801
11/10/2022 10:00,51.785
11/10/2022 11:00,0.097
11/10/2022 12:00,0
11/10/2022 13:00,0
11/10/2022 14:00,0
11/10/2022 15:00,0
11/10/2022 16:00,0
11/10/2022 17:00,0
11/10/2022 18:00,0
11/10/2022 19:00,0
11/10/2022 20:00,0
11/10/2022 21:00,0
11/10/2022 22:00,0
11/10/2022 23:00,9.382
11/11/2022 0:00,118.624
11/11/2022 1:00,279.348
11/11/2022 2:00,431.888
11/11/2022 3:00,552.231
11/11/2022 4:00,636.846
11/11/2022 5:00,652.583
11/11/2022 6:00,593.169
11/11/2022 7:00,476.375
11/11/2022 8:00,326.948
11/11/2022 9:00,164.092
11/11/2022 10:00,39.526
11/11/2022 11:00,0.081
11/11/2022 12:00,0
11/11/2022 13:00,0
11/11/2022 14:00,0
11/11/2022 15:00,0
11/11/2022 16:00,0
11/11/2022 17:00,0
11/11/2022 18:00,0
11/11/2022 19:00,0
11/11/2022 20:00,0
11/11/2022 21:00,0
11/11/2022 22:00,0
11/11/2022 23:00,6.214
11/12/2022 0:00,87.412
11/12/2022 1:00,226.173
11/12/2022 2:00,370.05
11/12/2022 3:00,497.751
11/12/2022 4:00,560.648
11/12/2022 5:00,545.411
11/12/2022 6:00,490.425
11/12/2022 7:00,400.677
11/12/2022 8:00,278.773
11/12/2022 9:00,146.923
11/12/2022 10:00,35.941
11/12/2022 11:00,0.102
11/12/2022 12:00,0
11/12/2022 13:00,0
11/12/2022 14:00,0
11/12/2022 15:00,0
11/12/2022 16:00,0
11/12/2022 17:00,0
11/12/2022 18:00,0
11/12/2022 19:00,0
11/12/2022 20:00,0
11/12/2022 21:00,0
11/12/2022 22:00,0
11/12/2022 23:00,7.734
11/13/2022 0:00,110.518
11/13/2022 1:00,279.215
11/13/2022 2:00,445.065
11/13/2022 3:00,573.79
11/13/2022 4:00,654.565
11/13/2022 5:00,654.689
11/13/2022 6:00,585.96
11/13/2022 7:00,458.644
11/13/2022 8:00,298.997
11/13/2022 9:00,147.058
11/13/2022 10:00,33.751
11/13/2022 11:00,0.082
11/13/2022 12:00,0
11/13/2022 13:00,0
11/13/2022 14:00,0
11/13/2022 15:00,0
11/13/2022 16:00,0
11/13/2022 17:00,0
11/13/2022 18:00,0
11/13/2022 19:00,0
11/13/2022 20:00,0
11/13/2022 21:00,0
11/13/2022 22:00,0
11/13/2022 23:00,5.191
11/14/2022 0:00,75.261
11/14/2022 1:00,182.597
11/14/2022 2:00,279.548
11/14/2022 3:00,348.962
11/14/2022 4:00,387.863
11/14/2022 5:00,398.481
11/14/2022 6:00,370.815
11/14/2022 7:00,309.651
11/14/2022 8:00,215.458
11/14/2022 9:00,115.11
11/14/2022 10:00,27.901
11/14/2022 11:00,0.074
11/14/2022 12:00,0
11/14/2022 13:00,0
11/14/2022 14:00,0
11/14/2022 15:00,0
11/14/2022 16:00,0
11/14/2022 17:00,0
11/14/2022 18:00,0
11/14/2022 19:00,0
11/14/2022 20:00,0
11/14/2022 21:00,0
11/14/2022 22:00,0
11/14/2022 23:00,4.795
11/15/2022 0:00,71.793
11/15/2022 1:00,184.632
11/15/2022 2:00,309.495
11/15/2022 3:00,405.57
11/15/2022 4:00,486.922
11/15/2022 5:00,518.977
11/15/2022 6:00,488.683
11/15/2022 7:00,406.054
11/15/2022 8:00,288.754
11/15/2022 9:00,151.646
11/15/2022 10:00,34.902
11/15/2022 11:00,0.065
11/15/2022 12:00,0
11/15/2022 13:00,0
11/15/2022 14:00,0
11/15/2022 15:00,0
11/15/2022 16:00,0
11/15/2022 17:00,0
11/15/2022 18:00,0
11/15/2022 19:00,0
11/15/2022 20:00,0
11/15/2022 21:00,0
11/15/2022 22:00,0
11/15/2022 23:00,7.44
11/16/2022 0:00,108.166
11/16/2022 1:00,267.217
11/16/2022 2:00,388.893
11/16/2022 3:00,463.29
11/16/2022 4:00,515.114
11/16/2022 5:00,509.964
11/16/2022 6:00,451.968
11/16/2022 7:00,362.068
11/16/2022 8:00,243.793
11/16/2022 9:00,126.905
11/16/2022 10:00,29.821
11/16/2022 11:00,0.087
11/16/2022 12:00,0
11/16/2022 13:00,0
11/16/2022 14:00,0
11/16/2022 15:00,0
11/16/2022 16:00,0
11/16/2022 17:00,0
11/16/2022 18:00,0
11/16/2022 19:00,0
11/16/2022 20:00,0
11/16/2022 21:00,0
11/16/2022 22:00,0
11/16/2022 23:00,7.187
11/17/2022 0:00,106.204
11/17/2022 1:00,267.732
11/17/2022 2:00,426.422
11/17/2022 3:00,544.131
11/17/2022 4:00,616.458
11/17/2022 5:00,619.521
11/17/2022 6:00,563.758
11/17/2022 7:00,454.281
11/17/2022 8:00,303.622
11/17/2022 9:00,151.166
11/17/2022 10:00,31.931
11/17/2022 11:00,0.075
11/17/2022 12:00,0
11/17/2022 13:00,0
11/17/2022 14:00,0
11/17/2022 15:00,0
11/17/2022 16:00,0
11/17/2022 17:00,0
11/17/2022 18:00,0
11/17/2022 19:00,0
11/17/2022 20:00,0
11/17/2022 21:00,0
11/17/2022 22:00,0
11/17/2022 23:00,6.607
11/18/2022 0:00,100.97
11/18/2022 1:00,266.182
11/18/2022 2:00,405.138
11/18/2022 3:00,493.604
11/18/2022 4:00,546.574
11/18/2022 5:00,557.415
11/18/2022 6:00,492.344
11/18/2022 7:00,386.542
11/18/2022 8:00,250.298
11/18/2022 9:00,130.244
11/18/2022 10:00,28.318
11/18/2022 11:00,0.065
11/18/2022 12:00,0
11/18/2022 13:00,0
11/18/2022 14:00,0
11/18/2022 15:00,0
11/18/2022 16:00,0
11/18/2022 17:00,0
11/18/2022 18:00,0
11/18/2022 19:00,0
11/18/2022 20:00,0
11/18/2022 21:00,0
11/18/2022 22:00,0
11/18/2022 23:00,5.76
11/19/2022 0:00,84.744
11/19/2022 1:00,225.782
11/19/2022 2:00,380.417
11/19/2022 3:00,496.783
11/19/2022 4:00,552.065
11/19/2022 5:00,571.134
11/19/2022 6:00,523.278
11/19/2022 7:00,424.359
11/19/2022 8:00,290.671
11/19/2022 9:00,150.266
11/19/2022 10:00,34.016
11/19/2022 11:00,0.085
11/19/2022 12:00,0
11/19/2022 13:00,0
11/19/2022 14:00,0
11/19/2022 15:00,0
11/19/2022 16:00,0
11/19/2022 17:00,0
11/19/2022 18:00,0
11/19/2022 19:00,0
11/19/2022 20:00,0
11/19/2022 21:00,0
11/19/2022 22:00,0
11/19/2022 23:00,7.837
11/20/2022 0:00,122.745
11/20/2022 1:00,302.378
11/20/2022 2:00,474.109
11/20/2022 3:00,587.505
11/20/2022 4:00,644.766
11/20/2022 5:00,640.202
11/20/2022 6:00,584.253
11/20/2022 7:00,473.178
11/20/2022 8:00,322.061
11/20/2022 9:00,169.838
11/20/2022 10:00,38.206
11/20/2022 11:00,0.066
11/20/2022 12:00,0
11/20/2022 13:00,0
11/20/2022 14:00,0
11/20/2022 15:00,0
11/20/2022 16:00,0
11/20/2022 17:00,0
11/20/2022 18:00,0
11/20/2022 19:00,0
11/20/2022 20:00,0
11/20/2022 21:00,0
11/20/2022 22:00,0
11/20/2022 23:00,6.783
11/21/2022 0:00,110.372
11/21/2022 1:00,283.644
11/21/2022 2:00,461.056
11/21/2022 3:00,595.485
11/21/2022 4:00,681.651
11/21/2022 5:00,705.531
11/21/2022 6:00,646.005
11/21/2022 7:00,519.059
11/21/2022 8:00,348.942
11/21/2022 9:00,170.794
11/21/2022 10:00,37.311
11/21/2022 11:00,0.105
11/21/2022 12:00,0
11/21/2022 13:00,0
11/21/2022 14:00,0
11/21/2022 15:00,0
11/21/2022 16:00,0
11/21/2022 17:00,0
11/21/2022 18:00,0
11/21/2022 19:00,0
11/21/2022 20:00,0
11/21/2022 21:00,0
11/21/2022 22:00,0
11/21/2022 23:00,7.265
11/22/2022 0:00,122.741
11/22/2022 1:00,302.631
11/22/2022 2:00,467.059
11/22/2022 3:00,601.543
11/22/2022 4:00,690.202
11/22/2022 5:00,710.418
11/22/2022 6:00,652.959
11/22/2022 7:00,532.723
11/22/2022 8:00,380.402
11/22/2022 9:00,197.83
11/22/2022 10:00,43.466
11/22/2022 11:00,0.071
11/22/2022 12:00,0
11/22/2022 13:00,0
11/22/2022 14:00,0
11/22/2022 15:00,0
11/22/2022 16:00,0
11/22/2022 17:00,0
11/22/2022 18:00,0
11/22/2022 19:00,0
11/22/2022 20:00,0
11/22/2022 21:00,0
11/22/2022 22:00,0
11/22/2022 23:00,5.095
11/23/2022 0:00,85.144
11/23/2022 1:00,211.661
11/23/2022 2:00,344.344
11/23/2022 3:00,422.486
11/23/2022 4:00,470.099
11/23/2022 5:00,468.769
11/23/2022 6:00,412.208
11/23/2022 7:00,325.996
11/23/2022 8:00,215.053
11/23/2022 9:00,107.43
11/23/2022 10:00,23.463
11/23/2022 11:00,0.057
11/23/2022 12:00,0
11/23/2022 13:00,0
11/23/2022 14:00,0
11/23/2022 15:00,0
11/23/2022 16:00,0
11/23/2022 17:00,0
11/23/2022 18:00,0
11/23/2022 19:00,0
11/23/2022 20:00,0
11/23/2022 21:00,0
11/23/2022 22:00,0
11/23/2022 23:00,3.731
11/24/2022 0:00,58.898
11/24/2022 1:00,158.92
11/24/2022 2:00,269.271
11/24/2022 3:00,362.906
11/24/2022 4:00,424.021
11/24/2022 5:00,442.932
11/24/2022 6:00,426.554
11/24/2022 7:00,353.555
11/24/2022 8:00,245.005
11/24/2022 9:00,122.765
11/24/2022 10:00,24.817
11/24/2022 11:00,0.053
11/24/2022 12:00,0
11/24/2022 13:00,0
11/24/2022 14:00,0
11/24/2022 15:00,0
11/24/2022 16:00,0
11/24/2022 17:00,0
11/24/2022 18:00,0
11/24/2022 19:00,0
11/24/2022 20:00,0
11/24/2022 21:00,0
11/24/2022 22:00,0
11/24/2022 23:00,4.781
11/25/2022 0:00,77.323
11/25/2022 1:00,213.261
11/25/2022 2:00,356.814
11/25/2022 3:00,475.257
11/25/2022 4:00,550.412
11/25/2022 5:00,555.155
11/25/2022 6:00,486.822
11/25/2022 7:00,374.422
11/25/2022 8:00,249.781
11/25/2022 9:00,121.753
11/25/2022 10:00,26.404
11/25/2022 11:00,0.066
11/25/2022 12:00,0
11/25/2022 13:00,0
11/25/2022 14:00,0
11/25/2022 15:00,0
11/25/2022 16:00,0
11/25/2022 17:00,0
11/25/2022 18:00,0
11/25/2022 19:00,0
11/25/2022 20:00,0
11/25/2022 21:00,0
11/25/2022 22:00,0
11/25/2022 23:00,3.583
11/26/2022 0:00,63.946
11/26/2022 1:00,171.741
11/26/2022 2:00,272.343
11/26/2022 3:00,360.154
11/26/2022 4:00,427.286
11/26/2022 5:00,463.385
11/26/2022 6:00,437.802
11/26/2022 7:00,365.94
11/26/2022 8:00,257.021
11/26/2022 9:00,133.736
11/26/2022 10:00,31.511
11/26/2022 11:00,0.104
11/26/2022 12:00,0
11/26/2022 13:00,0
11/26/2022 14:00,0
11/26/2022 15:00,0
11/26/2022 16:00,0
11/26/2022 17:00,0
11/26/2022 18:00,0
11/26/2022 19:00,0
11/26/2022 20:00,0
11/26/2022 21:00,0
11/26/2022 22:00,0
11/26/2022 23:00,5.485
11/27/2022 0:00,94.721
11/27/2022 1:00,242.8
11/27/2022 2:00,389.229
11/27/2022 3:00,506.149
11/27/2022 4:00,575.933
11/27/2022 5:00,584.804
11/27/2022 6:00,541.953
11/27/2022 7:00,452.445
11/27/2022 8:00,328.782
11/27/2022 9:00,176.057
11/27/2022 10:00,40.559
11/27/2022 11:00,0.108
11/27/2022 12:00,0
11/27/2022 13:00,0
11/27/2022 14:00,0
11/27/2022 15:00,0
11/27/2022 16:00,0
11/27/2022 17:00,0
11/27/2022 18:00,0
11/27/2022 19:00,0
11/27/2022 20:00,0
11/27/2022 21:00,0
11/27/2022 22:00,0
11/27/2022 23:00,6.123
11/28/2022 0:00,107.47
11/28/2022 1:00,279.499
11/28/2022 2:00,446.814
11/28/2022 3:00,570.005
11/28/2022 4:00,636.882
11/28/2022 5:00,634.481
11/28/2022 6:00,573.714
11/28/2022 7:00,466.823
11/28/2022 8:00,313.665
11/28/2022 9:00,162.915
11/28/2022 10:00,34.91
11/28/2022 11:00,0.093
11/28/2022 12:00,0
11/28/2022 13:00,0
11/28/2022 14:00,0
11/28/2022 15:00,0
11/28/2022 16:00,0
11/28/2022 17:00,0
11/28/2022 18:00,0
11/28/2022 19:00,0
11/28/2022 20:00,0
11/28/2022 21:00,0
11/28/2022 22:00,0
11/28/2022 23:00,5.235
11/29/2022 0:00,92.289
11/29/2022 1:00,244.305
11/29/2022 2:00,375.178
11/29/2022 3:00,483.232
11/29/2022 4:00,550.525
11/29/2022 5:00,559.256
11/29/2022 6:00,517.548
11/29/2022 7:00,425.915
11/29/2022 8:00,294.221
11/29/2022 9:00,147.941
11/29/2022 10:00,33.694
11/29/2022 11:00,0.071
11/29/2022 12:00,0
11/29/2022 13:00,0
11/29/2022 14:00,0
11/29/2022 15:00,0
11/29/2022 16:00,0
11/29/2022 17:00,0
11/29/2022 18:00,0
11/29/2022 19:00,0
11/29/2022 20:00,0
11/29/2022 21:00,0
11/29/2022 22:00,0
11/29/2022 23:00,5.778
11/30/2022 0:00,96.5
11/30/2022 1:00,249.061
11/30/2022 2:00,378.41
11/30/2022 3:00,469.294
11/30/2022 4:00,533.505
11/30/2022 5:00,539.95
11/30/2022 6:00,483.328
11/30/2022 7:00,395.478
11/30/2022 8:00,267.108
11/30/2022 9:00,132.196
11/30/2022 10:00,28.11
11/30/2022 11:00,0.061
11/30/2022 12:00,0
11/30/2022 13:00,0
11/30/2022 14:00,0
11/30/2022 15:00,0
11/30/2022 16:00,0
11/30/2022 17:00,0
11/30/2022 18:00,0
11/30/2022 19:00,0
11/30/2022 20:00,0
11/30/2022 21:00,0
11/30/2022 22:00,0
11/30/2022 23:00,3.607
12/1/2022 0:00,66.885
12/1/2022 1:00,174.672
12/1/2022 2:00,278.523
12/1/2022 3:00,346.978
12/1/2022 4:00,383.762
12/1/2022 5:00,378.421
12/1/2022 6:00,343.903
12/1/2022 7:00,279.584
12/1/2022 8:00,195.667
12/1/2022 9:00,101.672
12/1/2022 10:00,21.878
12/1/2022 11:00,0.04
12/1/2022 12:00,0
12/1/2022 13:00,0
12/1/2022 14:00,0
12/1/2022 15:00,0
12/1/2022 16:00,0
12/1/2022 17:00,0
12/1/2022 18:00,0
12/1/2022 19:00,0
12/1/2022 20:00,0
12/1/2022 21:00,0
12/1/2022 22:00,0
12/1/2022 23:00,4.487
12/2/2022 0:00,77.901
12/2/2022 1:00,213.373
12/2/2022 2:00,370.591
12/2/2022 3:00,506.98
12/2/2022 4:00,604.4
12/2/2022 5:00,631.826
12/2/2022 6:00,598.801
12/2/2022 7:00,493.773
12/2/2022 8:00,339.196
12/2/2022 9:00,180.903
12/2/2022 10:00,40.617
12/2/2022 11:00,0.045
12/2/2022 12:00,0
12/2/2022 13:00,0
12/2/2022 14:00,0
12/2/2022 15:00,0
12/2/2022 16:00,0
12/2/2022 17:00,0
12/2/2022 18:00,0
12/2/2022 19:00,0
12/2/2022 20:00,0
12/2/2022 21:00,0
12/2/2022 22:00,0
12/2/2022 23:00,4.061
12/3/2022 0:00,81.03
12/3/2022 1:00,231.875
12/3/2022 2:00,416.286
12/3/2022 3:00,566.75
12/3/2022 4:00,671.748
12/3/2022 5:00,698.287
12/3/2022 6:00,652.431
12/3/2022 7:00,549.664
12/3/2022 8:00,395.652
12/3/2022 9:00,210.575
12/3/2022 10:00,44.452
12/3/2022 11:00,0.035
12/3/2022 12:00,0
12/3/2022 13:00,0
12/3/2022 14:00,0
12/3/2022 15:00,0
12/3/2022 16:00,0
12/3/2022 17:00,0
12/3/2022 18:00,0
12/3/2022 19:00,0
12/3/2022 20:00,0
12/3/2022 21:00,0
12/3/2022 22:00,0
12/3/2022 23:00,5.217
12/4/2022 0:00,107.836
12/4/2022 1:00,276.397
12/4/2022 2:00,448.467
12/4/2022 3:00,590.361
12/4/2022 4:00,690.408
12/4/2022 5:00,719.654
12/4/2022 6:00,660.036
12/4/2022 7:00,543.027
12/4/2022 8:00,384.57
12/4/2022 9:00,198.954
12/4/2022 10:00,43.105
12/4/2022 11:00,0.031
12/4/2022 12:00,0
12/4/2022 13:00,0
12/4/2022 14:00,0
12/4/2022 15:00,0
12/4/2022 16:00,0
12/4/2022 17:00,0
12/4/2022 18:00,0
12/4/2022 19:00,0
12/4/2022 20:00,0
12/4/2022 21:00,0
12/4/2022 22:00,0
12/4/2022 23:00,4.065
12/5/2022 0:00,83.893
12/5/2022 1:00,225.357
12/5/2022 2:00,376.465
12/5/2022 3:00,528.762
12/5/2022 4:00,624.297
12/5/2022 5:00,673.925
12/5/2022 6:00,640.854
12/5/2022 7:00,533.378
12/5/2022 8:00,374.141
12/5/2022 9:00,193.838
12/5/2022 10:00,39.722
12/5/2022 11:00,0.036
12/5/2022 12:00,0
12/5/2022 13:00,0
12/5/2022 14:00,0
12/5/2022 15:00,0
12/5/2022 16:00,0
12/5/2022 17:00,0
12/5/2022 18:00,0
12/5/2022 19:00,0
12/5/2022 20:00,0
12/5/2022 21:00,0
12/5/2022 22:00,0
12/5/2022 23:00,4.449
12/6/2022 0:00,90.503
12/6/2022 1:00,244.806
12/6/2022 2:00,409.14
12/6/2022 3:00,543.234
12/6/2022 4:00,634.126
12/6/2022 5:00,667.404
12/6/2022 6:00,635.002
12/6/2022 7:00,531.519
12/6/2022 8:00,378.45
12/6/2022 9:00,195.772
12/6/2022 10:00,42.325
12/6/2022 11:00,0.047
12/6/2022 12:00,0
12/6/2022 13:00,0
12/6/2022 14:00,0
12/6/2022 15:00,0
12/6/2022 16:00,0
12/6/2022 17:00,0
12/6/2022 18:00,0
12/6/2022 19:00,0
12/6/2022 20:00,0
12/6/2022 21:00,0
12/6/2022 22:00,0
12/6/2022 23:00,5.682
12/7/2022 0:00,114.184
12/7/2022 1:00,289.559
12/7/2022 2:00,458.885
12/7/2022 3:00,593.612
12/7/2022 4:00,683.221
12/7/2022 5:00,711.351
12/7/2022 6:00,659.974
12/7/2022 7:00,545.971
12/7/2022 8:00,377.22
12/7/2022 9:00,188.902
12/7/2022 10:00,39.281
12/7/2022 11:00,0.044
12/7/2022 12:00,0
12/7/2022 13:00,0
12/7/2022 14:00,0
12/7/2022 15:00,0
12/7/2022 16:00,0
12/7/2022 17:00,0
12/7/2022 18:00,0
12/7/2022 19:00,0
12/7/2022 20:00,0
12/7/2022 21:00,0
12/7/2022 22:00,0
12/7/2022 23:00,5.624
12/8/2022 0:00,117.674
12/8/2022 1:00,299.739
12/8/2022 2:00,471.845
12/8/2022 3:00,599.034
12/8/2022 4:00,671.351
12/8/2022 5:00,686.633
12/8/2022 6:00,640.117
12/8/2022 7:00,535.612
12/8/2022 8:00,376.26
12/8/2022 9:00,190.4
12/8/2022 10:00,39.416
12/8/2022 11:00,0.035
12/8/2022 12:00,0
12/8/2022 13:00,0
12/8/2022 14:00,0
12/8/2022 15:00,0
12/8/2022 16:00,0
12/8/2022 17:00,0
12/8/2022 18:00,0
12/8/2022 19:00,0
12/8/2022 20:00,0
12/8/2022 21:00,0
12/8/2022 22:00,0
12/8/2022 23:00,4.99
12/9/2022 0:00,104.723
12/9/2022 1:00,283.459
12/9/2022 2:00,468.003
12/9/2022 3:00,619.636
12/9/2022 4:00,703.956
12/9/2022 5:00,712.076
12/9/2022 6:00,640.287
12/9/2022 7:00,507.058
12/9/2022 8:00,339.094
12/9/2022 9:00,165.995
12/9/2022 10:00,35.22
12/9/2022 11:00,0.032
12/9/2022 12:00,0
12/9/2022 13:00,0
12/9/2022 14:00,0
12/9/2022 15:00,0
12/9/2022 16:00,0
12/9/2022 17:00,0
12/9/2022 18:00,0
12/9/2022 19:00,0
12/9/2022 20:00,0
12/9/2022 21:00,0
12/9/2022 22:00,0
12/9/2022 23:00,4.805
12/10/2022 0:00,96.976
12/10/2022 1:00,266.263
12/10/2022 2:00,444.75
12/10/2022 3:00,587.464
12/10/2022 4:00,668.612
12/10/2022 5:00,679.582
12/10/2022 6:00,613.088
12/10/2022 7:00,490.747
12/10/2022 8:00,329.899
12/10/2022 9:00,166.106
12/10/2022 10:00,35.418
12/10/2022 11:00,0.027
12/10/2022 12:00,0
12/10/2022 13:00,0
12/10/2022 14:00,0
12/10/2022 15:00,0
12/10/2022 16:00,0
12/10/2022 17:00,0
12/10/2022 18:00,0
12/10/2022 19:00,0
12/10/2022 20:00,0
12/10/2022 21:00,0
12/10/2022 22:00,0
12/10/2022 23:00,5.24
12/11/2022 0:00,108.211
12/11/2022 1:00,293.568
12/11/2022 2:00,480.088
12/11/2022 3:00,622.459
12/11/2022 4:00,711.723
12/11/2022 5:00,729.54
12/11/2022 6:00,675.426
12/11/2022 7:00,558.474
12/11/2022 8:00,392.005
12/11/2022 9:00,192.727
12/11/2022 10:00,38.995
12/11/2022 11:00,0.045
12/11/2022 12:00,0
12/11/2022 13:00,0
12/11/2022 14:00,0
12/11/2022 15:00,0
12/11/2022 16:00,0
12/11/2022 17:00,0
12/11/2022 18:00,0
12/11/2022 19:00,0
12/11/2022 20:00,0
12/11/2022 21:00,0
12/11/2022 22:00,0
12/11/2022 23:00,5.333
12/12/2022 0:00,117.417
12/12/2022 1:00,310.547
12/12/2022 2:00,496.813
12/12/2022 3:00,641.376
12/12/2022 4:00,723.438
12/12/2022 5:00,739.511
12/12/2022 6:00,670.38
12/12/2022 7:00,532.65
12/12/2022 8:00,369.33
12/12/2022 9:00,186.912
12/12/2022 10:00,40.298
12/12/2022 11:00,0.045
12/12/2022 12:00,0
12/12/2022 13:00,0
12/12/2022 14:00,0
12/12/2022 15:00,0
12/12/2022 16:00,0
12/12/2022 17:00,0
12/12/2022 18:00,0
12/12/2022 19:00,0
12/12/2022 20:00,0
12/12/2022 21:00,0
12/12/2022 22:00,0
12/12/2022 23:00,5.998
12/13/2022 0:00,128.056
12/13/2022 1:00,334.534
12/13/2022 2:00,529.591
12/13/2022 3:00,685.793
12/13/2022 4:00,773.891
12/13/2022 5:00,789.626
12/13/2022 6:00,733.368
12/13/2022 7:00,612.152
12/13/2022 8:00,435.688
12/13/2022 9:00,229.906
12/13/2022 10:00,48.908
12/13/2022 11:00,0.065
12/13/2022 12:00,0
12/13/2022 13:00,0
12/13/2022 14:00,0
12/13/2022 15:00,0
12/13/2022 16:00,0
12/13/2022 17:00,0
12/13/2022 18:00,0
12/13/2022 19:00,0
12/13/2022 20:00,0
12/13/2022 21:00,0
12/13/2022 22:00,0
12/13/2022 23:00,6.14
12/14/2022 0:00,132.715
12/14/2022 1:00,346.386
12/14/2022 2:00,548.908
12/14/2022 3:00,708.153
12/14/2022 4:00,798.086
12/14/2022 5:00,815.906
12/14/2022 6:00,754.281
12/14/2022 7:00,628.699
12/14/2022 8:00,448.465
12/14/2022 9:00,240.21
12/14/2022 10:00,51.351
12/14/2022 11:00,0.074
12/14/2022 12:00,0
12/14/2022 13:00,0
12/14/2022 14:00,0
12/14/2022 15:00,0
12/14/2022 16:00,0
12/14/2022 17:00,0
12/14/2022 18:00,0
12/14/2022 19:00,0
12/14/2022 20:00,0
12/14/2022 21:00,0
12/14/2022 22:00,0
12/14/2022 23:00,6.017
12/15/2022 0:00,133.015
12/15/2022 1:00,346.17
12/15/2022 2:00,546.27
12/15/2022 3:00,702.826
12/15/2022 4:00,792.788
12/15/2022 5:00,810.427
12/15/2022 6:00,749.228
12/15/2022 7:00,623.046
12/15/2022 8:00,444.487
12/15/2022 9:00,235.385
12/15/2022 10:00,48.543
12/15/2022 11:00,0.055
12/15/2022 12:00,0
12/15/2022 13:00,0
12/15/2022 14:00,0
12/15/2022 15:00,0
12/15/2022 16:00,0
12/15/2022 17:00,0
12/15/2022 18:00,0
12/15/2022 19:00,0
12/15/2022 20:00,0
12/15/2022 21:00,0
12/15/2022 22:00,0
12/15/2022 23:00,5.72
12/16/2022 0:00,130.605
12/16/2022 1:00,338.445
12/16/2022 2:00,531.886
12/16/2022 3:00,680.476
12/16/2022 4:00,765.409
12/16/2022 5:00,779.667
12/16/2022 6:00,722.208
12/16/2022 7:00,599.176
12/16/2022 8:00,426.411
12/16/2022 9:00,226.422
12/16/2022 10:00,47.772
12/16/2022 11:00,0.052
12/16/2022 12:00,0
12/16/2022 13:00,0
12/16/2022 14:00,0
12/16/2022 15:00,0
12/16/2022 16:00,0
12/16/2022 17:00,0
12/16/2022 18:00,0
12/16/2022 19:00,0
12/16/2022 20:00,0
12/16/2022 21:00,0
12/16/2022 22:00,0
12/16/2022 23:00,5.262
12/17/2022 0:00,119.435
12/17/2022 1:00,312.014
12/17/2022 2:00,497.446
12/17/2022 3:00,642.326
12/17/2022 4:00,735.278
12/17/2022 5:00,745.932
12/17/2022 6:00,690.181
12/17/2022 7:00,570.934
12/17/2022 8:00,402.117
12/17/2022 9:00,207.093
12/17/2022 10:00,43.894
12/17/2022 11:00,0.074
12/17/2022 12:00,0
12/17/2022 13:00,0
12/17/2022 14:00,0
12/17/2022 15:00,0
12/17/2022 16:00,0
12/17/2022 17:00,0
12/17/2022 18:00,0
12/17/2022 19:00,0
12/17/2022 20:00,0
12/17/2022 21:00,0
12/17/2022 22:00,0
12/17/2022 23:00,4.973
12/18/2022 0:00,113.192
12/18/2022 1:00,305.551
12/18/2022 2:00,488.148
12/18/2022 3:00,631.187
12/18/2022 4:00,716.389
12/18/2022 5:00,734.083
12/18/2022 6:00,678.064
12/18/2022 7:00,562.368
12/18/2022 8:00,396.327
12/18/2022 9:00,206.196
12/18/2022 10:00,41.467
12/18/2022 11:00,0.039
12/18/2022 12:00,0
12/18/2022 13:00,0
12/18/2022 14:00,0
12/18/2022 15:00,0
12/18/2022 16:00,0
12/18/2022 17:00,0
12/18/2022 18:00,0
12/18/2022 19:00,0
12/18/2022 20:00,0
12/18/2022 21:00,0
12/18/2022 22:00,0
12/18/2022 23:00,5.051
12/19/2022 0:00,118.11
12/19/2022 1:00,312.361
12/19/2022 2:00,497.915
12/19/2022 3:00,646.686
12/19/2022 4:00,732.009
12/19/2022 5:00,746.831
12/19/2022 6:00,688.698
12/19/2022 7:00,566.28
12/19/2022 8:00,400.578
12/19/2022 9:00,213.034
12/19/2022 10:00,45.189
12/19/2022 11:00,0.049
12/19/2022 12:00,0
12/19/2022 13:00,0
12/19/2022 14:00,0
12/19/2022 15:00,0
12/19/2022 16:00,0
12/19/2022 17:00,0
12/19/2022 18:00,0
12/19/2022 19:00,0
12/19/2022 20:00,0
12/19/2022 21:00,0
12/19/2022 22:00,0
12/19/2022 23:00,5.461
12/20/2022 0:00,126.075
12/20/2022 1:00,328.606
12/20/2022 2:00,523.06
12/20/2022 3:00,673.394
12/20/2022 4:00,767.783
12/20/2022 5:00,791.795
12/20/2022 6:00,744.565
12/20/2022 7:00,629.475
12/20/2022 8:00,456.266
12/20/2022 9:00,246.163
12/20/2022 10:00,52.702
12/20/2022 11:00,0.071
12/20/2022 12:00,0
12/20/2022 13:00,0
12/20/2022 14:00,0
12/20/2022 15:00,0
12/20/2022 16:00,0
12/20/2022 17:00,0
12/20/2022 18:00,0
12/20/2022 19:00,0
12/20/2022 20:00,0
12/20/2022 21:00,0
12/20/2022 22:00,0
12/20/2022 23:00,5.954
12/21/2022 0:00,133.771
12/21/2022 1:00,344.939
12/21/2022 2:00,543.653
12/21/2022 3:00,693.488
12/21/2022 4:00,782.334
12/21/2022 5:00,799.811
12/21/2022 6:00,748.287
12/21/2022 7:00,628.951
12/21/2022 8:00,452.398
12/21/2022 9:00,240.929
12/21/2022 10:00,50.721
12/21/2022 11:00,0.071
12/21/2022 12:00,0
12/21/2022 13:00,0
12/21/2022 14:00,0
12/21/2022 15:00,0
12/21/2022 16:00,0
12/21/2022 17:00,0
12/21/2022 18:00,0
12/21/2022 19:00,0
12/21/2022 20:00,0
12/21/2022 21:00,0
12/21/2022 22:00,0
12/21/2022 23:00,6.021
12/22/2022 0:00,133.093
12/22/2022 1:00,346.022
12/22/2022 2:00,547.269
12/22/2022 3:00,704.566
12/22/2022 4:00,795.054
12/22/2022 5:00,812.3
12/22/2022 6:00,756.533
12/22/2022 7:00,630.713
12/22/2022 8:00,449.464
12/22/2022 9:00,236.596
12/22/2022 10:00,49.44
12/22/2022 11:00,0.085
12/22/2022 12:00,0
12/22/2022 13:00,0
12/22/2022 14:00,0
12/22/2022 15:00,0
12/22/2022 16:00,0
12/22/2022 17:00,0
12/22/2022 18:00,0
12/22/2022 19:00,0
12/22/2022 20:00,0
12/22/2022 21:00,0
12/22/2022 22:00,0
12/22/2022 23:00,5.591
12/23/2022 0:00,124.469
12/23/2022 1:00,331.32
12/23/2022 2:00,531.295
12/23/2022 3:00,689.931
12/23/2022 4:00,779.259
12/23/2022 5:00,794.695
12/23/2022 6:00,734.57
12/23/2022 7:00,608.53
12/23/2022 8:00,431.329
12/23/2022 9:00,228.059
12/23/2022 10:00,48.667
12/23/2022 11:00,0.08
12/23/2022 12:00,0
12/23/2022 13:00,0
12/23/2022 14:00,0
12/23/2022 15:00,0
12/23/2022 16:00,0
12/23/2022 17:00,0
12/23/2022 18:00,0
12/23/2022 19:00,0
12/23/2022 20:00,0
12/23/2022 21:00,0
12/23/2022 22:00,0
12/23/2022 23:00,5.848
12/24/2022 0:00,124.61
12/24/2022 1:00,326.438
12/24/2022 2:00,512.691
12/24/2022 3:00,652.034
12/24/2022 4:00,732.296
12/24/2022 5:00,746.15
12/24/2022 6:00,681.37
12/24/2022 7:00,541.211
12/24/2022 8:00,355.63
12/24/2022 9:00,178.042
12/24/2022 10:00,36.653
12/24/2022 11:00,0.068
12/24/2022 12:00,0
12/24/2022 13:00,0
12/24/2022 14:00,0
12/24/2022 15:00,0
12/24/2022 16:00,0
12/24/2022 17:00,0
12/24/2022 18:00,0
12/24/2022 19:00,0
12/24/2022 20:00,0
12/24/2022 21:00,0
12/24/2022 22:00,0
12/24/2022 23:00,5.62
12/25/2022 0:00,125.15
12/25/2022 1:00,327.004
12/25/2022 2:00,518.311
12/25/2022 3:00,667.694
12/25/2022 4:00,752.763
12/25/2022 5:00,764.039
12/25/2022 6:00,703.346
12/25/2022 7:00,580.908
12/25/2022 8:00,413.559
12/25/2022 9:00,213.641
12/25/2022 10:00,44.963
12/25/2022 11:00,0.08
12/25/2022 12:00,0
12/25/2022 13:00,0
12/25/2022 14:00,0
12/25/2022 15:00,0
12/25/2022 16:00,0
12/25/2022 17:00,0
12/25/2022 18:00,0
12/25/2022 19:00,0
12/25/2022 20:00,0
12/25/2022 21:00,0
12/25/2022 22:00,0
12/25/2022 23:00,6.02
12/26/2022 0:00,129.255
12/26/2022 1:00,338.893
12/26/2022 2:00,536.374
12/26/2022 3:00,684.421
12/26/2022 4:00,774.879
12/26/2022 5:00,793.616
12/26/2022 6:00,730.353
12/26/2022 7:00,585.426
12/26/2022 8:00,391.048
12/26/2022 9:00,195.343
12/26/2022 10:00,42.515
12/26/2022 11:00,0.079
12/26/2022 12:00,0
12/26/2022 13:00,0
12/26/2022 14:00,0
12/26/2022 15:00,0
12/26/2022 16:00,0
12/26/2022 17:00,0
12/26/2022 18:00,0
12/26/2022 19:00,0
12/26/2022 20:00,0
12/26/2022 21:00,0
12/26/2022 22:00,0
12/26/2022 23:00,6.198
12/27/2022 0:00,134.463
12/27/2022 1:00,350.852
12/27/2022 2:00,553.534
12/27/2022 3:00,705.447
12/27/2022 4:00,790.498
12/27/2022 5:00,804.667
12/27/2022 6:00,745.076
12/27/2022 7:00,611.978
12/27/2022 8:00,435.705
12/27/2022 9:00,217.176
12/27/2022 10:00,46.573
12/27/2022 11:00,0.091
12/27/2022 12:00,0
12/27/2022 13:00,0
12/27/2022 14:00,0
12/27/2022 15:00,0
12/27/2022 16:00,0
12/27/2022 17:00,0
12/27/2022 18:00,0
12/27/2022 19:00,0
12/27/2022 20:00,0
12/27/2022 21:00,0
12/27/2022 22:00,0
12/27/2022 23:00,6.036
12/28/2022 0:00,131.112
12/28/2022 1:00,339.985
12/28/2022 2:00,540.216
12/28/2022 3:00,689.344
12/28/2022 4:00,780.103
12/28/2022 5:00,790.368
12/28/2022 6:00,719.591
12/28/2022 7:00,587.612
12/28/2022 8:00,413.215
12/28/2022 9:00,217.399
12/28/2022 10:00,43.688
12/28/2022 11:00,0.083
12/28/2022 12:00,0
12/28/2022 13:00,0
12/28/2022 14:00,0
12/28/2022 15:00,0
12/28/2022 16:00,0
12/28/2022 17:00,0
12/28/2022 18:00,0
12/28/2022 19:00,0
12/28/2022 20:00,0
12/28/2022 21:00,0
12/28/2022 22:00,0
12/28/2022 23:00,5.396
12/29/2022 0:00,112.805
12/29/2022 1:00,310.114
12/29/2022 2:00,512.356
12/29/2022 3:00,671.532
12/29/2022 4:00,759.578
12/29/2022 5:00,776.176
12/29/2022 6:00,715.493
12/29/2022 7:00,587.29
12/29/2022 8:00,405.491
12/29/2022 9:00,193.9
12/29/2022 10:00,39.482
12/29/2022 11:00,0.087
12/29/2022 12:00,0
12/29/2022 13:00,0
12/29/2022 14:00,0
12/29/2022 15:00,0
12/29/2022 16:00,0
12/29/2022 17:00,0
12/29/2022 18:00,0
12/29/2022 19:00,0
12/29/2022 20:00,0
12/29/2022 21:00,0
12/29/2022 22:00,0
12/29/2022 23:00,5.383
12/30/2022 0:00,110.578
12/30/2022 1:00,287.387
12/30/2022 2:00,462.715
12/30/2022 3:00,612.393
12/30/2022 4:00,703.339
12/30/2022 5:00,715.83
12/30/2022 6:00,668.444
12/30/2022 7:00,554.484
12/30/2022 8:00,394.2
12/30/2022 9:00,211.567
12/30/2022 10:00,46.813
12/30/2022 11:00,0.072
12/30/2022 12:00,0
12/30/2022 13:00,0
12/30/2022 14:00,0
12/30/2022 15:00,0
12/30/2022 16:00,0
12/30/2022 17:00,0
12/30/2022 18:00,0
12/30/2022 19:00,0
12/30/2022 20:00,0
12/30/2022 21:00,0
12/30/2022 22:00,0
12/30/2022 23:00,6.072
12/31/2022 0:00,129.24
12/31/2022 1:00,338.704
12/31/2022 2:00,545.562
12/31/2022 3:00,700.993
12/31/2022 4:00,794.023
12/31/2022 5:00,814.719
12/31/2022 6:00,751.935
12/31/2022 7:00,614.448
12/31/2022 8:00,417.867
12/31/2022 9:00,216.377
12/31/2022 10:00,46.804
12/31/2022 11:00,0.079
12/31/2022 12:00,0
12/31/2022 13:00,0
12/31/2022 14:00,0
12/31/2022 15:00,0
12/31/2022 16:00,0
12/31/2022 17:00,0
12/31/2022 18:00,0
12/31/2022 19:00,0
12/31/2022 20:00,0
12/31/2022 21:00,0
12/31/2022 22:00,0
12/31/2022 23:00,5.318
