# Renewables.ninja Weather (hourly 1980-2022)  -  United Kingdom  -  renewables_ninja_country_GB_wind-speed_merra-2_pop-wtd.csv  -  Version 1.4,
# License: https://creativecommons.org/licenses/by-nc/4.0/  -  Reference: https://doi.org/10.1038/s41560-023-01341-5,
# Units: time in UTC; other columns are the wind speed at 2 metres above ground in m/s (U2M and V2M in MERRA-2) weighted by population; column names signify country ISO2 code or GADM level1 code.,
,
1/1/2022 0:00,4.62
1/1/2022 1:00,4.902
1/1/2022 2:00,5.123
1/1/2022 3:00,5.448
1/1/2022 4:00,5.731
1/1/2022 5:00,6.022
1/1/2022 6:00,6.176
1/1/2022 7:00,6.235
1/1/2022 8:00,6.272
1/1/2022 9:00,6.278
1/1/2022 10:00,6.185
1/1/2022 11:00,6.128
1/1/2022 12:00,5.948
1/1/2022 13:00,5.828
1/1/2022 14:00,5.602
1/1/2022 15:00,5.515
1/1/2022 16:00,5.434
1/1/2022 17:00,5.357
1/1/2022 18:00,5.267
1/1/2022 19:00,5.199
1/1/2022 20:00,5.166
1/1/2022 21:00,5.104
1/1/2022 22:00,5.006
1/1/2022 23:00,5.017
1/2/2022 0:00,4.957
1/2/2022 1:00,4.807
1/2/2022 2:00,4.671
1/2/2022 3:00,4.625
1/2/2022 4:00,4.656
1/2/2022 5:00,4.686
1/2/2022 6:00,4.723
1/2/2022 7:00,4.759
1/2/2022 8:00,4.914
1/2/2022 9:00,5.26
1/2/2022 10:00,5.547
1/2/2022 11:00,5.831
1/2/2022 12:00,6.023
1/2/2022 13:00,6.044
1/2/2022 14:00,5.958
1/2/2022 15:00,5.871
1/2/2022 16:00,5.917
1/2/2022 17:00,6.016
1/2/2022 18:00,6.202
1/2/2022 19:00,6.346
1/2/2022 20:00,6.428
1/2/2022 21:00,6.536
1/2/2022 22:00,6.617
1/2/2022 23:00,6.66
1/3/2022 0:00,6.648
1/3/2022 1:00,6.58
1/3/2022 2:00,6.515
1/3/2022 3:00,6.425
1/3/2022 4:00,6.309
1/3/2022 5:00,6.217
1/3/2022 6:00,6.132
1/3/2022 7:00,6.034
1/3/2022 8:00,5.887
1/3/2022 9:00,5.833
1/3/2022 10:00,5.796
1/3/2022 11:00,5.735
1/3/2022 12:00,5.569
1/3/2022 13:00,5.256
1/3/2022 14:00,4.827
1/3/2022 15:00,4.409
1/3/2022 16:00,4.131
1/3/2022 17:00,3.928
1/3/2022 18:00,3.704
1/3/2022 19:00,3.549
1/3/2022 20:00,3.5
1/3/2022 21:00,3.459
1/3/2022 22:00,3.366
1/3/2022 23:00,3.343
1/4/2022 0:00,3.379
1/4/2022 1:00,3.351
1/4/2022 2:00,3.296
1/4/2022 3:00,3.327
1/4/2022 4:00,3.355
1/4/2022 5:00,3.473
1/4/2022 6:00,3.707
1/4/2022 7:00,3.864
1/4/2022 8:00,4.044
1/4/2022 9:00,4.535
1/4/2022 10:00,4.967
1/4/2022 11:00,5.29
1/4/2022 12:00,5.458
1/4/2022 13:00,5.439
1/4/2022 14:00,5.216
1/4/2022 15:00,4.818
1/4/2022 16:00,4.617
1/4/2022 17:00,4.741
1/4/2022 18:00,4.907
1/4/2022 19:00,5.04
1/4/2022 20:00,5.135
1/4/2022 21:00,5.202
1/4/2022 22:00,5.226
1/4/2022 23:00,5.293
1/5/2022 0:00,5.375
1/5/2022 1:00,5.402
1/5/2022 2:00,5.459
1/5/2022 3:00,5.496
1/5/2022 4:00,5.459
1/5/2022 5:00,5.319
1/5/2022 6:00,5.137
1/5/2022 7:00,4.932
1/5/2022 8:00,4.7
1/5/2022 9:00,4.771
1/5/2022 10:00,4.688
1/5/2022 11:00,4.719
1/5/2022 12:00,4.726
1/5/2022 13:00,4.371
1/5/2022 14:00,3.588
1/5/2022 15:00,2.674
1/5/2022 16:00,2.536
1/5/2022 17:00,2.575
1/5/2022 18:00,2.472
1/5/2022 19:00,2.303
1/5/2022 20:00,2.101
1/5/2022 21:00,1.94
1/5/2022 22:00,1.889
1/5/2022 23:00,1.842
1/6/2022 0:00,1.661
1/6/2022 1:00,1.74
1/6/2022 2:00,1.697
1/6/2022 3:00,1.869
1/6/2022 4:00,2.038
1/6/2022 5:00,2.391
1/6/2022 6:00,2.734
1/6/2022 7:00,3.144
1/6/2022 8:00,3.614
1/6/2022 9:00,4.246
1/6/2022 10:00,4.731
1/6/2022 11:00,5.184
1/6/2022 12:00,5.507
1/6/2022 13:00,5.735
1/6/2022 14:00,6.057
1/6/2022 15:00,6.248
1/6/2022 16:00,6.222
1/6/2022 17:00,5.967
1/6/2022 18:00,5.992
1/6/2022 19:00,5.861
1/6/2022 20:00,5.504
1/6/2022 21:00,5.321
1/6/2022 22:00,5.24
1/6/2022 23:00,5.276
1/7/2022 0:00,5.252
1/7/2022 1:00,5.221
1/7/2022 2:00,5.229
1/7/2022 3:00,5.135
1/7/2022 4:00,5.022
1/7/2022 5:00,5.131
1/7/2022 6:00,5.496
1/7/2022 7:00,5.651
1/7/2022 8:00,5.492
1/7/2022 9:00,5.471
1/7/2022 10:00,5.589
1/7/2022 11:00,5.752
1/7/2022 12:00,5.714
1/7/2022 13:00,5.469
1/7/2022 14:00,5.039
1/7/2022 15:00,4.506
1/7/2022 16:00,4.093
1/7/2022 17:00,3.778
1/7/2022 18:00,3.677
1/7/2022 19:00,3.635
1/7/2022 20:00,3.653
1/7/2022 21:00,3.632
1/7/2022 22:00,3.422
1/7/2022 23:00,3.31
1/8/2022 0:00,3.154
1/8/2022 1:00,3.217
1/8/2022 2:00,3.664
1/8/2022 3:00,4.069
1/8/2022 4:00,4.432
1/8/2022 5:00,4.845
1/8/2022 6:00,5.294
1/8/2022 7:00,5.639
1/8/2022 8:00,5.818
1/8/2022 9:00,5.946
1/8/2022 10:00,5.961
1/8/2022 11:00,6.008
1/8/2022 12:00,5.863
1/8/2022 13:00,5.665
1/8/2022 14:00,5.375
1/8/2022 15:00,4.826
1/8/2022 16:00,4.731
1/8/2022 17:00,5.452
1/8/2022 18:00,5.611
1/8/2022 19:00,5.588
1/8/2022 20:00,5.625
1/8/2022 21:00,5.659
1/8/2022 22:00,5.684
1/8/2022 23:00,5.684
1/9/2022 0:00,5.669
1/9/2022 1:00,5.545
1/9/2022 2:00,5.366
1/9/2022 3:00,5.172
1/9/2022 4:00,4.921
1/9/2022 5:00,4.69
1/9/2022 6:00,4.439
1/9/2022 7:00,4.17
1/9/2022 8:00,4.136
1/9/2022 9:00,4.247
1/9/2022 10:00,4.246
1/9/2022 11:00,4.226
1/9/2022 12:00,4.215
1/9/2022 13:00,3.937
1/9/2022 14:00,3.264
1/9/2022 15:00,2.641
1/9/2022 16:00,2.5
1/9/2022 17:00,2.411
1/9/2022 18:00,2.242
1/9/2022 19:00,2.083
1/9/2022 20:00,1.972
1/9/2022 21:00,1.873
1/9/2022 22:00,1.769
1/9/2022 23:00,1.736
1/10/2022 0:00,1.642
1/10/2022 1:00,1.463
1/10/2022 2:00,1.358
1/10/2022 3:00,1.241
1/10/2022 4:00,1.294
1/10/2022 5:00,1.615
1/10/2022 6:00,1.997
1/10/2022 7:00,2.39
1/10/2022 8:00,2.725
1/10/2022 9:00,3.042
1/10/2022 10:00,3.344
1/10/2022 11:00,3.576
1/10/2022 12:00,3.625
1/10/2022 13:00,3.478
1/10/2022 14:00,3.288
1/10/2022 15:00,3.221
1/10/2022 16:00,3.373
1/10/2022 17:00,3.484
1/10/2022 18:00,3.54
1/10/2022 19:00,3.525
1/10/2022 20:00,3.487
1/10/2022 21:00,3.475
1/10/2022 22:00,3.392
1/10/2022 23:00,3.227
1/11/2022 0:00,3.05
1/11/2022 1:00,2.889
1/11/2022 2:00,2.746
1/11/2022 3:00,2.567
1/11/2022 4:00,2.376
1/11/2022 5:00,2.211
1/11/2022 6:00,2.112
1/11/2022 7:00,2.04
1/11/2022 8:00,2.048
1/11/2022 9:00,2.262
1/11/2022 10:00,2.36
1/11/2022 11:00,2.311
1/11/2022 12:00,2.222
1/11/2022 13:00,2.029
1/11/2022 14:00,1.653
1/11/2022 15:00,1.552
1/11/2022 16:00,1.69
1/11/2022 17:00,1.874
1/11/2022 18:00,2.132
1/11/2022 19:00,2.263
1/11/2022 20:00,2.354
1/11/2022 21:00,2.524
1/11/2022 22:00,2.678
1/11/2022 23:00,2.661
1/12/2022 0:00,2.656
1/12/2022 1:00,2.71
1/12/2022 2:00,2.793
1/12/2022 3:00,2.864
1/12/2022 4:00,2.9
1/12/2022 5:00,2.846
1/12/2022 6:00,2.665
1/12/2022 7:00,2.548
1/12/2022 8:00,2.525
1/12/2022 9:00,2.75
1/12/2022 10:00,2.837
1/12/2022 11:00,2.81
1/12/2022 12:00,2.763
1/12/2022 13:00,2.652
1/12/2022 14:00,2.166
1/12/2022 15:00,1.933
1/12/2022 16:00,2.075
1/12/2022 17:00,2.189
1/12/2022 18:00,2.239
1/12/2022 19:00,2.287
1/12/2022 20:00,2.316
1/12/2022 21:00,2.348
1/12/2022 22:00,2.327
1/12/2022 23:00,2.335
1/13/2022 0:00,2.329
1/13/2022 1:00,2.444
1/13/2022 2:00,2.503
1/13/2022 3:00,2.543
1/13/2022 4:00,2.566
1/13/2022 5:00,2.559
1/13/2022 6:00,2.555
1/13/2022 7:00,2.547
1/13/2022 8:00,2.554
1/13/2022 9:00,2.592
1/13/2022 10:00,2.643
1/13/2022 11:00,2.617
1/13/2022 12:00,2.594
1/13/2022 13:00,2.494
1/13/2022 14:00,2.045
1/13/2022 15:00,1.892
1/13/2022 16:00,2.021
1/13/2022 17:00,2.137
1/13/2022 18:00,2.198
1/13/2022 19:00,2.23
1/13/2022 20:00,2.24
1/13/2022 21:00,2.228
1/13/2022 22:00,2.173
1/13/2022 23:00,2.11
1/14/2022 0:00,2.122
1/14/2022 1:00,2.117
1/14/2022 2:00,2.05
1/14/2022 3:00,2.036
1/14/2022 4:00,1.896
1/14/2022 5:00,1.763
1/14/2022 6:00,1.648
1/14/2022 7:00,1.541
1/14/2022 8:00,1.524
1/14/2022 9:00,1.685
1/14/2022 10:00,1.734
1/14/2022 11:00,1.615
1/14/2022 12:00,1.46
1/14/2022 13:00,1.305
1/14/2022 14:00,1.024
1/14/2022 15:00,0.918
1/14/2022 16:00,1.084
1/14/2022 17:00,1.272
1/14/2022 18:00,1.433
1/14/2022 19:00,1.544
1/14/2022 20:00,1.609
1/14/2022 21:00,1.653
1/14/2022 22:00,1.66
1/14/2022 23:00,1.651
1/15/2022 0:00,1.733
1/15/2022 1:00,1.824
1/15/2022 2:00,1.826
1/15/2022 3:00,1.771
1/15/2022 4:00,1.745
1/15/2022 5:00,1.697
1/15/2022 6:00,1.687
1/15/2022 7:00,1.705
1/15/2022 8:00,1.825
1/15/2022 9:00,2.018
1/15/2022 10:00,2.142
1/15/2022 11:00,2.256
1/15/2022 12:00,2.327
1/15/2022 13:00,2.314
1/15/2022 14:00,2.027
1/15/2022 15:00,1.819
1/15/2022 16:00,1.842
1/15/2022 17:00,1.96
1/15/2022 18:00,2.068
1/15/2022 19:00,2.161
1/15/2022 20:00,2.22
1/15/2022 21:00,2.312
1/15/2022 22:00,2.48
1/15/2022 23:00,2.662
1/16/2022 0:00,2.763
1/16/2022 1:00,2.799
1/16/2022 2:00,2.784
1/16/2022 3:00,2.726
1/16/2022 4:00,2.678
1/16/2022 5:00,2.64
1/16/2022 6:00,2.618
1/16/2022 7:00,2.607
1/16/2022 8:00,2.719
1/16/2022 9:00,3.091
1/16/2022 10:00,3.319
1/16/2022 11:00,3.387
1/16/2022 12:00,3.403
1/16/2022 13:00,3.33
1/16/2022 14:00,3.036
1/16/2022 15:00,2.583
1/16/2022 16:00,2.699
1/16/2022 17:00,2.977
1/16/2022 18:00,3.04
1/16/2022 19:00,2.92
1/16/2022 20:00,2.797
1/16/2022 21:00,2.802
1/16/2022 22:00,2.902
1/16/2022 23:00,3.054
1/17/2022 0:00,3.199
1/17/2022 1:00,3.205
1/17/2022 2:00,3.206
1/17/2022 3:00,3.197
1/17/2022 4:00,3.122
1/17/2022 5:00,3.033
1/17/2022 6:00,2.901
1/17/2022 7:00,2.789
1/17/2022 8:00,2.738
1/17/2022 9:00,2.856
1/17/2022 10:00,2.877
1/17/2022 11:00,2.683
1/17/2022 12:00,2.495
1/17/2022 13:00,2.184
1/17/2022 14:00,1.388
1/17/2022 15:00,1.222
1/17/2022 16:00,1.384
1/17/2022 17:00,1.43
1/17/2022 18:00,1.462
1/17/2022 19:00,1.515
1/17/2022 20:00,1.588
1/17/2022 21:00,1.658
1/17/2022 22:00,1.661
1/17/2022 23:00,1.655
1/18/2022 0:00,1.744
1/18/2022 1:00,1.871
1/18/2022 2:00,1.956
1/18/2022 3:00,1.941
1/18/2022 4:00,1.922
1/18/2022 5:00,1.934
1/18/2022 6:00,1.972
1/18/2022 7:00,2.009
1/18/2022 8:00,2.146
1/18/2022 9:00,2.352
1/18/2022 10:00,2.593
1/18/2022 11:00,2.759
1/18/2022 12:00,2.936
1/18/2022 13:00,2.885
1/18/2022 14:00,2.447
1/18/2022 15:00,2.128
1/18/2022 16:00,2.151
1/18/2022 17:00,2.26
1/18/2022 18:00,2.345
1/18/2022 19:00,2.449
1/18/2022 20:00,2.569
1/18/2022 21:00,2.678
1/18/2022 22:00,2.83
1/18/2022 23:00,2.996
1/19/2022 0:00,3.165
1/19/2022 1:00,3.336
1/19/2022 2:00,3.486
1/19/2022 3:00,3.669
1/19/2022 4:00,3.859
1/19/2022 5:00,4.078
1/19/2022 6:00,4.304
1/19/2022 7:00,4.408
1/19/2022 8:00,4.488
1/19/2022 9:00,4.702
1/19/2022 10:00,4.913
1/19/2022 11:00,5.097
1/19/2022 12:00,5.314
1/19/2022 13:00,5.317
1/19/2022 14:00,5.057
1/19/2022 15:00,4.58
1/19/2022 16:00,3.872
1/19/2022 17:00,3.766
1/19/2022 18:00,3.807
1/19/2022 19:00,3.643
1/19/2022 20:00,3.586
1/19/2022 21:00,3.587
1/19/2022 22:00,3.599
1/19/2022 23:00,3.598
1/20/2022 0:00,3.585
1/20/2022 1:00,3.442
1/20/2022 2:00,3.35
1/20/2022 3:00,3.335
1/20/2022 4:00,3.294
1/20/2022 5:00,3.36
1/20/2022 6:00,3.19
1/20/2022 7:00,3.09
1/20/2022 8:00,3.146
1/20/2022 9:00,3.315
1/20/2022 10:00,3.398
1/20/2022 11:00,3.744
1/20/2022 12:00,4.05
1/20/2022 13:00,4.041
1/20/2022 14:00,3.571
1/20/2022 15:00,2.722
1/20/2022 16:00,2.394
1/20/2022 17:00,2.486
1/20/2022 18:00,2.566
1/20/2022 19:00,2.54
1/20/2022 20:00,2.514
1/20/2022 21:00,2.509
1/20/2022 22:00,2.489
1/20/2022 23:00,2.474
1/21/2022 0:00,2.466
1/21/2022 1:00,2.451
1/21/2022 2:00,2.47
1/21/2022 3:00,2.5
1/21/2022 4:00,2.499
1/21/2022 5:00,2.503
1/21/2022 6:00,2.529
1/21/2022 7:00,2.553
1/21/2022 8:00,2.789
1/21/2022 9:00,3.152
1/21/2022 10:00,3.331
1/21/2022 11:00,3.522
1/21/2022 12:00,3.715
1/21/2022 13:00,3.701
1/21/2022 14:00,3.208
1/21/2022 15:00,2.654
1/21/2022 16:00,2.673
1/21/2022 17:00,2.895
1/21/2022 18:00,2.916
1/21/2022 19:00,2.966
1/21/2022 20:00,3.012
1/21/2022 21:00,3.009
1/21/2022 22:00,3.04
1/21/2022 23:00,3.111
1/22/2022 0:00,3.127
1/22/2022 1:00,3.132
1/22/2022 2:00,3.047
1/22/2022 3:00,3.047
1/22/2022 4:00,2.913
1/22/2022 5:00,2.826
1/22/2022 6:00,2.698
1/22/2022 7:00,2.574
1/22/2022 8:00,2.516
1/22/2022 9:00,2.731
1/22/2022 10:00,2.905
1/22/2022 11:00,3.055
1/22/2022 12:00,3.078
1/22/2022 13:00,2.994
1/22/2022 14:00,2.666
1/22/2022 15:00,2.106
1/22/2022 16:00,2.022
1/22/2022 17:00,2.031
1/22/2022 18:00,1.983
1/22/2022 19:00,1.895
1/22/2022 20:00,1.771
1/22/2022 21:00,1.681
1/22/2022 22:00,1.607
1/22/2022 23:00,1.551
1/23/2022 0:00,1.544
1/23/2022 1:00,1.619
1/23/2022 2:00,1.705
1/23/2022 3:00,1.683
1/23/2022 4:00,1.62
1/23/2022 5:00,1.544
1/23/2022 6:00,1.481
1/23/2022 7:00,1.435
1/23/2022 8:00,1.545
1/23/2022 9:00,1.959
1/23/2022 10:00,2.259
1/23/2022 11:00,2.538
1/23/2022 12:00,2.626
1/23/2022 13:00,2.543
1/23/2022 14:00,2.291
1/23/2022 15:00,1.73
1/23/2022 16:00,1.671
1/23/2022 17:00,1.751
1/23/2022 18:00,1.827
1/23/2022 19:00,1.926
1/23/2022 20:00,1.999
1/23/2022 21:00,2.063
1/23/2022 22:00,2.111
1/23/2022 23:00,2.149
1/24/2022 0:00,2.145
1/24/2022 1:00,2.081
1/24/2022 2:00,1.986
1/24/2022 3:00,1.881
1/24/2022 4:00,1.771
1/24/2022 5:00,1.701
1/24/2022 6:00,1.656
1/24/2022 7:00,1.652
1/24/2022 8:00,1.695
1/24/2022 9:00,2.179
1/24/2022 10:00,2.253
1/24/2022 11:00,2.219
1/24/2022 12:00,2.127
1/24/2022 13:00,1.998
1/24/2022 14:00,1.794
1/24/2022 15:00,1.273
1/24/2022 16:00,1.244
1/24/2022 17:00,1.244
1/24/2022 18:00,1.205
1/24/2022 19:00,1.17
1/24/2022 20:00,1.148
1/24/2022 21:00,1.155
1/24/2022 22:00,1.18
1/24/2022 23:00,1.201
1/25/2022 0:00,1.207
1/25/2022 1:00,1.203
1/25/2022 2:00,1.205
1/25/2022 3:00,1.193
1/25/2022 4:00,1.157
1/25/2022 5:00,1.106
1/25/2022 6:00,1.045
1/25/2022 7:00,0.988
1/25/2022 8:00,0.954
1/25/2022 9:00,1.282
1/25/2022 10:00,1.401
1/25/2022 11:00,1.556
1/25/2022 12:00,1.761
1/25/2022 13:00,1.93
1/25/2022 14:00,1.923
1/25/2022 15:00,1.437
1/25/2022 16:00,1.384
1/25/2022 17:00,1.507
1/25/2022 18:00,1.615
1/25/2022 19:00,1.757
1/25/2022 20:00,1.851
1/25/2022 21:00,1.93
1/25/2022 22:00,2.03
1/25/2022 23:00,2.113
1/26/2022 0:00,2.212
1/26/2022 1:00,2.291
1/26/2022 2:00,2.375
1/26/2022 3:00,2.567
1/26/2022 4:00,2.684
1/26/2022 5:00,2.721
1/26/2022 6:00,2.767
1/26/2022 7:00,2.733
1/26/2022 8:00,2.87
1/26/2022 9:00,3.229
1/26/2022 10:00,3.452
1/26/2022 11:00,3.773
1/26/2022 12:00,4.264
1/26/2022 13:00,4.581
1/26/2022 14:00,4.484
1/26/2022 15:00,4.095
1/26/2022 16:00,4.17
1/26/2022 17:00,4.482
1/26/2022 18:00,4.659
1/26/2022 19:00,4.822
1/26/2022 20:00,5.086
1/26/2022 21:00,5.399
1/26/2022 22:00,5.593
1/26/2022 23:00,5.7
1/27/2022 0:00,5.782
1/27/2022 1:00,5.853
1/27/2022 2:00,5.846
1/27/2022 3:00,5.774
1/27/2022 4:00,5.742
1/27/2022 5:00,5.599
1/27/2022 6:00,5.331
1/27/2022 7:00,5.145
1/27/2022 8:00,4.93
1/27/2022 9:00,4.886
1/27/2022 10:00,4.902
1/27/2022 11:00,5.025
1/27/2022 12:00,5.049
1/27/2022 13:00,4.898
1/27/2022 14:00,4.334
1/27/2022 15:00,3.374
1/27/2022 16:00,2.741
1/27/2022 17:00,2.706
1/27/2022 18:00,2.662
1/27/2022 19:00,2.603
1/27/2022 20:00,2.623
1/27/2022 21:00,2.617
1/27/2022 22:00,2.592
1/27/2022 23:00,2.479
1/28/2022 0:00,2.383
1/28/2022 1:00,2.367
1/28/2022 2:00,2.315
1/28/2022 3:00,2.23
1/28/2022 4:00,2.19
1/28/2022 5:00,2.217
1/28/2022 6:00,2.319
1/28/2022 7:00,2.477
1/28/2022 8:00,2.74
1/28/2022 9:00,3.04
1/28/2022 10:00,3.441
1/28/2022 11:00,3.884
1/28/2022 12:00,4.198
1/28/2022 13:00,4.37
1/28/2022 14:00,4.371
1/28/2022 15:00,4.448
1/28/2022 16:00,4.65
1/28/2022 17:00,4.916
1/28/2022 18:00,5.09
1/28/2022 19:00,5.279
1/28/2022 20:00,5.343
1/28/2022 21:00,5.51
1/28/2022 22:00,5.723
1/28/2022 23:00,5.923
1/29/2022 0:00,6.013
1/29/2022 1:00,6.179
1/29/2022 2:00,6.405
1/29/2022 3:00,6.559
1/29/2022 4:00,6.745
1/29/2022 5:00,7.08
1/29/2022 6:00,7.513
1/29/2022 7:00,7.933
1/29/2022 8:00,8.459
1/29/2022 9:00,8.916
1/29/2022 10:00,9.285
1/29/2022 11:00,9.396
1/29/2022 12:00,9.312
1/29/2022 13:00,8.93
1/29/2022 14:00,8.249
1/29/2022 15:00,7.42
1/29/2022 16:00,6.487
1/29/2022 17:00,5.697
1/29/2022 18:00,5.045
1/29/2022 19:00,4.567
1/29/2022 20:00,4.061
1/29/2022 21:00,3.58
1/29/2022 22:00,3.233
1/29/2022 23:00,3.016
1/30/2022 0:00,2.847
1/30/2022 1:00,2.709
1/30/2022 2:00,2.54
1/30/2022 3:00,2.334
1/30/2022 4:00,2.082
1/30/2022 5:00,1.836
1/30/2022 6:00,1.622
1/30/2022 7:00,1.432
1/30/2022 8:00,1.391
1/30/2022 9:00,1.621
1/30/2022 10:00,1.905
1/30/2022 11:00,2.642
1/30/2022 12:00,3.426
1/30/2022 13:00,3.944
1/30/2022 14:00,3.979
1/30/2022 15:00,3.725
1/30/2022 16:00,4.136
1/30/2022 17:00,4.958
1/30/2022 18:00,5.709
1/30/2022 19:00,6.428
1/30/2022 20:00,7.186
1/30/2022 21:00,7.755
1/30/2022 22:00,8.183
1/30/2022 23:00,8.363
1/31/2022 0:00,8.441
1/31/2022 1:00,8.511
1/31/2022 2:00,8.709
1/31/2022 3:00,8.832
1/31/2022 4:00,8.724
1/31/2022 5:00,8.492
1/31/2022 6:00,8.147
1/31/2022 7:00,7.701
1/31/2022 8:00,7.356
1/31/2022 9:00,7.211
1/31/2022 10:00,7.19
1/31/2022 11:00,7.146
1/31/2022 12:00,7.002
1/31/2022 13:00,6.53
1/31/2022 14:00,5.836
1/31/2022 15:00,4.977
1/31/2022 16:00,4.097
1/31/2022 17:00,3.701
1/31/2022 18:00,3.736
1/31/2022 19:00,3.861
1/31/2022 20:00,4.011
1/31/2022 21:00,4.309
1/31/2022 22:00,4.708
1/31/2022 23:00,5.089
2/1/2022 0:00,5.408
2/1/2022 1:00,5.708
2/1/2022 2:00,6.107
2/1/2022 3:00,6.523
2/1/2022 4:00,6.77
2/1/2022 5:00,6.949
2/1/2022 6:00,7.066
2/1/2022 7:00,6.994
2/1/2022 8:00,6.889
2/1/2022 9:00,7.108
2/1/2022 10:00,7.46
2/1/2022 11:00,7.846
2/1/2022 12:00,8.129
2/1/2022 13:00,8.155
2/1/2022 14:00,7.99
2/1/2022 15:00,7.626
2/1/2022 16:00,7.205
2/1/2022 17:00,6.853
2/1/2022 18:00,6.476
2/1/2022 19:00,6.055
2/1/2022 20:00,5.674
2/1/2022 21:00,5.455
2/1/2022 22:00,5.265
2/1/2022 23:00,5.054
2/2/2022 0:00,4.976
2/2/2022 1:00,4.84
2/2/2022 2:00,4.816
2/2/2022 3:00,4.706
2/2/2022 4:00,4.582
2/2/2022 5:00,4.512
2/2/2022 6:00,4.495
2/2/2022 7:00,4.409
2/2/2022 8:00,4.561
2/2/2022 9:00,4.696
2/2/2022 10:00,4.722
2/2/2022 11:00,4.66
2/2/2022 12:00,4.367
2/2/2022 13:00,3.956
2/2/2022 14:00,3.389
2/2/2022 15:00,2.74
2/2/2022 16:00,2.496
2/2/2022 17:00,2.542
2/2/2022 18:00,2.661
2/2/2022 19:00,2.81
2/2/2022 20:00,2.855
2/2/2022 21:00,2.816
2/2/2022 22:00,2.968
2/2/2022 23:00,3.102
2/3/2022 0:00,3.284
2/3/2022 1:00,3.464
2/3/2022 2:00,3.584
2/3/2022 3:00,3.575
2/3/2022 4:00,3.621
2/3/2022 5:00,3.776
2/3/2022 6:00,3.968
2/3/2022 7:00,4.028
2/3/2022 8:00,4.109
2/3/2022 9:00,4.25
2/3/2022 10:00,4.538
2/3/2022 11:00,4.852
2/3/2022 12:00,5.114
2/3/2022 13:00,5.122
2/3/2022 14:00,4.798
2/3/2022 15:00,4.357
2/3/2022 16:00,4.243
2/3/2022 17:00,4.595
2/3/2022 18:00,4.924
2/3/2022 19:00,5.2
2/3/2022 20:00,5.374
2/3/2022 21:00,5.582
2/3/2022 22:00,5.748
2/3/2022 23:00,5.768
2/4/2022 0:00,5.712
2/4/2022 1:00,5.6
2/4/2022 2:00,5.465
2/4/2022 3:00,5.396
2/4/2022 4:00,5.351
2/4/2022 5:00,5.509
2/4/2022 6:00,5.402
2/4/2022 7:00,5.189
2/4/2022 8:00,5.132
2/4/2022 9:00,5.257
2/4/2022 10:00,5.72
2/4/2022 11:00,6.322
2/4/2022 12:00,6.689
2/4/2022 13:00,6.855
2/4/2022 14:00,6.764
2/4/2022 15:00,6.342
2/4/2022 16:00,5.865
2/4/2022 17:00,5.61
2/4/2022 18:00,5.234
2/4/2022 19:00,5.025
2/4/2022 20:00,4.995
2/4/2022 21:00,4.876
2/4/2022 22:00,4.671
2/4/2022 23:00,4.55
2/5/2022 0:00,4.508
2/5/2022 1:00,4.404
2/5/2022 2:00,4.4
2/5/2022 3:00,4.354
2/5/2022 4:00,4.425
2/5/2022 5:00,4.733
2/5/2022 6:00,4.95
2/5/2022 7:00,5.295
2/5/2022 8:00,5.962
2/5/2022 9:00,6.395
2/5/2022 10:00,7.042
2/5/2022 11:00,7.86
2/5/2022 12:00,8.311
2/5/2022 13:00,8.405
2/5/2022 14:00,8.315
2/5/2022 15:00,8.083
2/5/2022 16:00,7.92
2/5/2022 17:00,7.874
2/5/2022 18:00,7.885
2/5/2022 19:00,7.952
2/5/2022 20:00,8.038
2/5/2022 21:00,8.155
2/5/2022 22:00,8.255
2/5/2022 23:00,8.301
2/6/2022 0:00,8.322
2/6/2022 1:00,8.3
2/6/2022 2:00,8.261
2/6/2022 3:00,8.148
2/6/2022 4:00,8.021
2/6/2022 5:00,7.958
2/6/2022 6:00,7.867
2/6/2022 7:00,7.711
2/6/2022 8:00,7.716
2/6/2022 9:00,7.921
2/6/2022 10:00,8.214
2/6/2022 11:00,8.694
2/6/2022 12:00,9.073
2/6/2022 13:00,9.159
2/6/2022 14:00,9.049
2/6/2022 15:00,8.64
2/6/2022 16:00,8.031
2/6/2022 17:00,7.709
2/6/2022 18:00,7.534
2/6/2022 19:00,7.265
2/6/2022 20:00,6.86
2/6/2022 21:00,6.35
2/6/2022 22:00,5.851
2/6/2022 23:00,5.406
2/7/2022 0:00,4.877
2/7/2022 1:00,4.101
2/7/2022 2:00,3.418
2/7/2022 3:00,3.234
2/7/2022 4:00,3.13
2/7/2022 5:00,3.017
2/7/2022 6:00,2.933
2/7/2022 7:00,2.869
2/7/2022 8:00,3.286
2/7/2022 9:00,3.708
2/7/2022 10:00,4.076
2/7/2022 11:00,4.642
2/7/2022 12:00,5.047
2/7/2022 13:00,5.284
2/7/2022 14:00,5.274
2/7/2022 15:00,5.085
2/7/2022 16:00,5.105
2/7/2022 17:00,5.337
2/7/2022 18:00,5.517
2/7/2022 19:00,5.611
2/7/2022 20:00,5.622
2/7/2022 21:00,5.658
2/7/2022 22:00,5.667
2/7/2022 23:00,5.644
2/8/2022 0:00,5.745
2/8/2022 1:00,5.815
2/8/2022 2:00,5.848
2/8/2022 3:00,5.831
2/8/2022 4:00,5.752
2/8/2022 5:00,5.649
2/8/2022 6:00,5.503
2/8/2022 7:00,5.261
2/8/2022 8:00,5.196
2/8/2022 9:00,5.266
2/8/2022 10:00,5.42
2/8/2022 11:00,5.578
2/8/2022 12:00,5.603
2/8/2022 13:00,5.439
2/8/2022 14:00,5.16
2/8/2022 15:00,4.862
2/8/2022 16:00,4.695
2/8/2022 17:00,4.754
2/8/2022 18:00,4.891
2/8/2022 19:00,4.902
2/8/2022 20:00,4.927
2/8/2022 21:00,4.925
2/8/2022 22:00,4.94
2/8/2022 23:00,4.974
2/9/2022 0:00,4.982
2/9/2022 1:00,5.008
2/9/2022 2:00,5.027
2/9/2022 3:00,5.056
2/9/2022 4:00,5.061
2/9/2022 5:00,4.928
2/9/2022 6:00,4.806
2/9/2022 7:00,4.593
2/9/2022 8:00,4.511
2/9/2022 9:00,4.622
2/9/2022 10:00,4.783
2/9/2022 11:00,4.768
2/9/2022 12:00,4.636
2/9/2022 13:00,4.325
2/9/2022 14:00,3.805
2/9/2022 15:00,3.011
2/9/2022 16:00,2.337
2/9/2022 17:00,2.205
2/9/2022 18:00,2.174
2/9/2022 19:00,2.146
2/9/2022 20:00,2.195
2/9/2022 21:00,2.328
2/9/2022 22:00,2.555
2/9/2022 23:00,2.802
2/10/2022 0:00,3.047
2/10/2022 1:00,3.185
2/10/2022 2:00,3.31
2/10/2022 3:00,3.383
2/10/2022 4:00,3.424
2/10/2022 5:00,3.44
2/10/2022 6:00,3.501
2/10/2022 7:00,3.628
2/10/2022 8:00,3.981
2/10/2022 9:00,4.302
2/10/2022 10:00,4.943
2/10/2022 11:00,5.487
2/10/2022 12:00,5.722
2/10/2022 13:00,5.791
2/10/2022 14:00,5.696
2/10/2022 15:00,5.267
2/10/2022 16:00,4.756
2/10/2022 17:00,4.762
2/10/2022 18:00,4.776
2/10/2022 19:00,4.524
2/10/2022 20:00,4.274
2/10/2022 21:00,4.038
2/10/2022 22:00,3.779
2/10/2022 23:00,3.569
2/11/2022 0:00,3.35
2/11/2022 1:00,3.149
2/11/2022 2:00,2.886
2/11/2022 3:00,2.65
2/11/2022 4:00,2.373
2/11/2022 5:00,2.215
2/11/2022 6:00,2.111
2/11/2022 7:00,2.012
2/11/2022 8:00,2.09
2/11/2022 9:00,2.234
2/11/2022 10:00,2.246
2/11/2022 11:00,2.411
2/11/2022 12:00,2.636
2/11/2022 13:00,2.916
2/11/2022 14:00,3.095
2/11/2022 15:00,2.73
2/11/2022 16:00,2.49
2/11/2022 17:00,2.915
2/11/2022 18:00,3.362
2/11/2022 19:00,3.64
2/11/2022 20:00,3.862
2/11/2022 21:00,4.082
2/11/2022 22:00,4.289
2/11/2022 23:00,4.516
2/12/2022 0:00,4.748
2/12/2022 1:00,4.963
2/12/2022 2:00,5.177
2/12/2022 3:00,5.34
2/12/2022 4:00,5.582
2/12/2022 5:00,5.837
2/12/2022 6:00,6.041
2/12/2022 7:00,6.13
2/12/2022 8:00,6.34
2/12/2022 9:00,6.869
2/12/2022 10:00,7.815
2/12/2022 11:00,8.075
2/12/2022 12:00,8.061
2/12/2022 13:00,7.895
2/12/2022 14:00,7.547
2/12/2022 15:00,7.121
2/12/2022 16:00,6.707
2/12/2022 17:00,6.383
2/12/2022 18:00,6.177
2/12/2022 19:00,5.977
2/12/2022 20:00,5.737
2/12/2022 21:00,5.691
2/12/2022 22:00,5.728
2/12/2022 23:00,5.724
2/13/2022 0:00,5.736
2/13/2022 1:00,5.625
2/13/2022 2:00,5.529
2/13/2022 3:00,5.446
2/13/2022 4:00,5.404
2/13/2022 5:00,5.625
2/13/2022 6:00,5.997
2/13/2022 7:00,6.403
2/13/2022 8:00,6.708
2/13/2022 9:00,7.035
2/13/2022 10:00,7.314
2/13/2022 11:00,7.396
2/13/2022 12:00,7.472
2/13/2022 13:00,7.545
2/13/2022 14:00,7.508
2/13/2022 15:00,7.34
2/13/2022 16:00,6.956
2/13/2022 17:00,6.625
2/13/2022 18:00,6.278
2/13/2022 19:00,5.946
2/13/2022 20:00,5.619
2/13/2022 21:00,5.36
2/13/2022 22:00,5.127
2/13/2022 23:00,4.812
2/14/2022 0:00,4.54
2/14/2022 1:00,4.621
2/14/2022 2:00,4.66
2/14/2022 3:00,4.665
2/14/2022 4:00,4.793
2/14/2022 5:00,4.911
2/14/2022 6:00,5.01
2/14/2022 7:00,5.027
2/14/2022 8:00,5.235
2/14/2022 9:00,5.461
2/14/2022 10:00,5.729
2/14/2022 11:00,5.793
2/14/2022 12:00,5.787
2/14/2022 13:00,5.764
2/14/2022 14:00,5.677
2/14/2022 15:00,5.469
2/14/2022 16:00,5.233
2/14/2022 17:00,5.036
2/14/2022 18:00,4.807
2/14/2022 19:00,4.537
2/14/2022 20:00,4.225
2/14/2022 21:00,4.094
2/14/2022 22:00,3.947
2/14/2022 23:00,3.79
2/15/2022 0:00,3.673
2/15/2022 1:00,3.684
2/15/2022 2:00,3.771
2/15/2022 3:00,4.158
2/15/2022 4:00,4.435
2/15/2022 5:00,4.968
2/15/2022 6:00,5.428
2/15/2022 7:00,5.717
2/15/2022 8:00,6.061
2/15/2022 9:00,6.384
2/15/2022 10:00,6.541
2/15/2022 11:00,6.559
2/15/2022 12:00,6.66
2/15/2022 13:00,6.498
2/15/2022 14:00,5.894
2/15/2022 15:00,5.041
2/15/2022 16:00,4.206
2/15/2022 17:00,3.748
2/15/2022 18:00,3.585
2/15/2022 19:00,3.627
2/15/2022 20:00,3.849
2/15/2022 21:00,4.147
2/15/2022 22:00,4.618
2/15/2022 23:00,5.274
2/16/2022 0:00,5.97
2/16/2022 1:00,6.681
2/16/2022 2:00,7.684
2/16/2022 3:00,7.963
2/16/2022 4:00,8.194
2/16/2022 5:00,8.224
2/16/2022 6:00,8.05
2/16/2022 7:00,7.706
2/16/2022 8:00,7.476
2/16/2022 9:00,7.491
2/16/2022 10:00,7.803
2/16/2022 11:00,8.194
2/16/2022 12:00,8.679
2/16/2022 13:00,9.362
2/16/2022 14:00,9.715
2/16/2022 15:00,9.779
2/16/2022 16:00,9.945
2/16/2022 17:00,10.075
2/16/2022 18:00,10.114
2/16/2022 19:00,10.1
2/16/2022 20:00,10.13
2/16/2022 21:00,10.138
2/16/2022 22:00,9.866
2/16/2022 23:00,9.517
2/17/2022 0:00,9.267
2/17/2022 1:00,9.065
2/17/2022 2:00,8.852
2/17/2022 3:00,8.607
2/17/2022 4:00,8.321
2/17/2022 5:00,7.974
2/17/2022 6:00,7.623
2/17/2022 7:00,7.303
2/17/2022 8:00,7.27
2/17/2022 9:00,7.379
2/17/2022 10:00,7.548
2/17/2022 11:00,7.585
2/17/2022 12:00,7.503
2/17/2022 13:00,7.246
2/17/2022 14:00,6.752
2/17/2022 15:00,5.988
2/17/2022 16:00,4.95
2/17/2022 17:00,4.292
2/17/2022 18:00,3.81
2/17/2022 19:00,3.551
2/17/2022 20:00,3.66
2/17/2022 21:00,3.58
2/17/2022 22:00,3.385
2/17/2022 23:00,3.44
2/18/2022 0:00,3.761
2/18/2022 1:00,4.382
2/18/2022 2:00,5.355
2/18/2022 3:00,6.273
2/18/2022 4:00,6.855
2/18/2022 5:00,7.132
2/18/2022 6:00,7.444
2/18/2022 7:00,7.828
2/18/2022 8:00,8.422
2/18/2022 9:00,9.196
2/18/2022 10:00,9.961
2/18/2022 11:00,10.883
2/18/2022 12:00,11.552
2/18/2022 13:00,12.057
2/18/2022 14:00,12.368
2/18/2022 15:00,12.415
2/18/2022 16:00,11.772
2/18/2022 17:00,10.783
2/18/2022 18:00,9.767
2/18/2022 19:00,8.886
2/18/2022 20:00,8.253
2/18/2022 21:00,7.896
2/18/2022 22:00,7.662
2/18/2022 23:00,7.387
2/19/2022 0:00,7.111
2/19/2022 1:00,6.915
2/19/2022 2:00,6.732
2/19/2022 3:00,6.506
2/19/2022 4:00,6.103
2/19/2022 5:00,5.61
2/19/2022 6:00,5.113
2/19/2022 7:00,4.908
2/19/2022 8:00,5.048
2/19/2022 9:00,5.272
2/19/2022 10:00,5.869
2/19/2022 11:00,6.398
2/19/2022 12:00,6.607
2/19/2022 13:00,6.718
2/19/2022 14:00,6.741
2/19/2022 15:00,6.398
2/19/2022 16:00,5.751
2/19/2022 17:00,4.98
2/19/2022 18:00,4.355
2/19/2022 19:00,3.935
2/19/2022 20:00,3.742
2/19/2022 21:00,3.764
2/19/2022 22:00,4.258
2/19/2022 23:00,4.936
2/20/2022 0:00,5.613
2/20/2022 1:00,6.399
2/20/2022 2:00,7.212
2/20/2022 3:00,7.838
2/20/2022 4:00,8.322
2/20/2022 5:00,8.51
2/20/2022 6:00,8.637
2/20/2022 7:00,8.738
2/20/2022 8:00,8.822
2/20/2022 9:00,8.917
2/20/2022 10:00,9.007
2/20/2022 11:00,9.233
2/20/2022 12:00,9.414
2/20/2022 13:00,9.654
2/20/2022 14:00,9.903
2/20/2022 15:00,10.128
2/20/2022 16:00,10.309
2/20/2022 17:00,10.489
2/20/2022 18:00,10.476
2/20/2022 19:00,10.185
2/20/2022 20:00,9.787
2/20/2022 21:00,9.793
2/20/2022 22:00,9.809
2/20/2022 23:00,9.843
2/21/2022 0:00,9.862
2/21/2022 1:00,9.695
2/21/2022 2:00,9.826
2/21/2022 3:00,10.141
2/21/2022 4:00,10.57
2/21/2022 5:00,11.147
2/21/2022 6:00,11.452
2/21/2022 7:00,11.385
2/21/2022 8:00,11.186
2/21/2022 9:00,10.966
2/21/2022 10:00,10.616
2/21/2022 11:00,10.221
2/21/2022 12:00,9.777
2/21/2022 13:00,9.116
2/21/2022 14:00,8.299
2/21/2022 15:00,7.466
2/21/2022 16:00,6.525
2/21/2022 17:00,5.666
2/21/2022 18:00,4.964
2/21/2022 19:00,4.234
2/21/2022 20:00,3.515
2/21/2022 21:00,3.175
2/21/2022 22:00,3.276
2/21/2022 23:00,3.436
2/22/2022 0:00,3.763
2/22/2022 1:00,4.194
2/22/2022 2:00,4.636
2/22/2022 3:00,4.987
2/22/2022 4:00,5.356
2/22/2022 5:00,5.663
2/22/2022 6:00,6.014
2/22/2022 7:00,6.343
2/22/2022 8:00,6.933
2/22/2022 9:00,7.441
2/22/2022 10:00,8.05
2/22/2022 11:00,8.121
2/22/2022 12:00,8.051
2/22/2022 13:00,7.964
2/22/2022 14:00,7.527
2/22/2022 15:00,6.771
2/22/2022 16:00,5.632
2/22/2022 17:00,4.762
2/22/2022 18:00,4.536
2/22/2022 19:00,4.181
2/22/2022 20:00,3.901
2/22/2022 21:00,3.815
2/22/2022 22:00,3.87
2/22/2022 23:00,4.062
2/23/2022 0:00,4.237
2/23/2022 1:00,4.288
2/23/2022 2:00,4.236
2/23/2022 3:00,4.261
2/23/2022 4:00,4.448
2/23/2022 5:00,4.709
2/23/2022 6:00,4.852
2/23/2022 7:00,5.151
2/23/2022 8:00,5.547
2/23/2022 9:00,6.139
2/23/2022 10:00,6.798
2/23/2022 11:00,7.428
2/23/2022 12:00,7.752
2/23/2022 13:00,7.769
2/23/2022 14:00,7.537
2/23/2022 15:00,7.125
2/23/2022 16:00,6.855
2/23/2022 17:00,6.729
2/23/2022 18:00,6.559
2/23/2022 19:00,6.286
2/23/2022 20:00,6.168
2/23/2022 21:00,6.102
2/23/2022 22:00,5.991
2/23/2022 23:00,5.757
2/24/2022 0:00,5.517
2/24/2022 1:00,5.337
2/24/2022 2:00,5.335
2/24/2022 3:00,5.247
2/24/2022 4:00,5.216
2/24/2022 5:00,5.304
2/24/2022 6:00,5.512
2/24/2022 7:00,5.808
2/24/2022 8:00,6.212
2/24/2022 9:00,6.821
2/24/2022 10:00,7.486
2/24/2022 11:00,7.868
2/24/2022 12:00,8.112
2/24/2022 13:00,8.096
2/24/2022 14:00,7.802
2/24/2022 15:00,7.338
2/24/2022 16:00,6.742
2/24/2022 17:00,6.332
2/24/2022 18:00,6.22
2/24/2022 19:00,6.036
2/24/2022 20:00,6.048
2/24/2022 21:00,6.209
2/24/2022 22:00,6.297
2/24/2022 23:00,6.331
2/25/2022 0:00,6.364
2/25/2022 1:00,6.361
2/25/2022 2:00,6.271
2/25/2022 3:00,6.145
2/25/2022 4:00,5.95
2/25/2022 5:00,5.695
2/25/2022 6:00,5.284
2/25/2022 7:00,4.97
2/25/2022 8:00,5.013
2/25/2022 9:00,5.288
2/25/2022 10:00,5.325
2/25/2022 11:00,4.989
2/25/2022 12:00,4.559
2/25/2022 13:00,4.172
2/25/2022 14:00,3.836
2/25/2022 15:00,3.251
2/25/2022 16:00,1.981
2/25/2022 17:00,1.794
2/25/2022 18:00,1.886
2/25/2022 19:00,1.957
2/25/2022 20:00,1.991
2/25/2022 21:00,2.062
2/25/2022 22:00,2.204
2/25/2022 23:00,2.326
2/26/2022 0:00,2.43
2/26/2022 1:00,2.565
2/26/2022 2:00,2.697
2/26/2022 3:00,2.823
2/26/2022 4:00,2.987
2/26/2022 5:00,3.24
2/26/2022 6:00,3.512
2/26/2022 7:00,4.034
2/26/2022 8:00,4.524
2/26/2022 9:00,4.974
2/26/2022 10:00,5.622
2/26/2022 11:00,6.048
2/26/2022 12:00,6.222
2/26/2022 13:00,6.268
2/26/2022 14:00,6.176
2/26/2022 15:00,5.751
2/26/2022 16:00,4.86
2/26/2022 17:00,4.294
2/26/2022 18:00,4.497
2/26/2022 19:00,4.798
2/26/2022 20:00,5.09
2/26/2022 21:00,5.25
2/26/2022 22:00,5.302
2/26/2022 23:00,5.257
2/27/2022 0:00,5.116
2/27/2022 1:00,4.984
2/27/2022 2:00,4.88
2/27/2022 3:00,4.763
2/27/2022 4:00,4.74
2/27/2022 5:00,4.801
2/27/2022 6:00,4.793
2/27/2022 7:00,4.978
2/27/2022 8:00,5.293
2/27/2022 9:00,5.959
2/27/2022 10:00,6.152
2/27/2022 11:00,6.147
2/27/2022 12:00,6.171
2/27/2022 13:00,6.16
2/27/2022 14:00,5.998
2/27/2022 15:00,5.557
2/27/2022 16:00,4.796
2/27/2022 17:00,4.29
2/27/2022 18:00,4.555
2/27/2022 19:00,4.73
2/27/2022 20:00,4.817
2/27/2022 21:00,4.881
2/27/2022 22:00,4.921
2/27/2022 23:00,4.851
2/28/2022 0:00,4.767
2/28/2022 1:00,4.8
2/28/2022 2:00,4.713
2/28/2022 3:00,4.575
2/28/2022 4:00,4.444
2/28/2022 5:00,4.427
2/28/2022 6:00,4.459
2/28/2022 7:00,4.641
2/28/2022 8:00,4.813
2/28/2022 9:00,4.851
2/28/2022 10:00,4.96
2/28/2022 11:00,5.169
2/28/2022 12:00,5.222
2/28/2022 13:00,5.056
2/28/2022 14:00,4.723
2/28/2022 15:00,4.304
2/28/2022 16:00,3.811
2/28/2022 17:00,3.398
2/28/2022 18:00,3.112
2/28/2022 19:00,2.851
2/28/2022 20:00,2.652
2/28/2022 21:00,2.521
2/28/2022 22:00,2.461
2/28/2022 23:00,2.386
3/1/2022 0:00,2.311
3/1/2022 1:00,2.236
3/1/2022 2:00,2.248
3/1/2022 3:00,2.335
3/1/2022 4:00,2.48
3/1/2022 5:00,2.756
3/1/2022 6:00,2.889
3/1/2022 7:00,3.171
3/1/2022 8:00,3.582
3/1/2022 9:00,3.866
3/1/2022 10:00,4.123
3/1/2022 11:00,4.156
3/1/2022 12:00,4.028
3/1/2022 13:00,3.861
3/1/2022 14:00,3.713
3/1/2022 15:00,3.588
3/1/2022 16:00,3.487
3/1/2022 17:00,3.571
3/1/2022 18:00,3.734
3/1/2022 19:00,3.802
3/1/2022 20:00,3.826
3/1/2022 21:00,3.844
3/1/2022 22:00,3.917
3/1/2022 23:00,3.942
3/2/2022 0:00,3.948
3/2/2022 1:00,3.95
3/2/2022 2:00,3.94
3/2/2022 3:00,3.994
3/2/2022 4:00,4.093
3/2/2022 5:00,4.157
3/2/2022 6:00,4.179
3/2/2022 7:00,4.326
3/2/2022 8:00,4.473
3/2/2022 9:00,4.675
3/2/2022 10:00,4.869
3/2/2022 11:00,5.028
3/2/2022 12:00,5.111
3/2/2022 13:00,5.096
3/2/2022 14:00,4.979
3/2/2022 15:00,4.785
3/2/2022 16:00,4.509
3/2/2022 17:00,4.284
3/2/2022 18:00,4.259
3/2/2022 19:00,4.282
3/2/2022 20:00,4.275
3/2/2022 21:00,4.223
3/2/2022 22:00,4.123
3/2/2022 23:00,4.018
3/3/2022 0:00,3.957
3/3/2022 1:00,3.83
3/3/2022 2:00,3.667
3/3/2022 3:00,3.537
3/3/2022 4:00,3.442
3/3/2022 5:00,3.341
3/3/2022 6:00,3.344
3/3/2022 7:00,3.441
3/3/2022 8:00,3.409
3/3/2022 9:00,3.444
3/3/2022 10:00,3.5
3/3/2022 11:00,3.541
3/3/2022 12:00,3.502
3/3/2022 13:00,3.343
3/3/2022 14:00,3.075
3/3/2022 15:00,2.535
3/3/2022 16:00,1.746
3/3/2022 17:00,1.613
3/3/2022 18:00,1.827
3/3/2022 19:00,1.997
3/3/2022 20:00,2.06
3/3/2022 21:00,2.03
3/3/2022 22:00,2.011
3/3/2022 23:00,1.999
3/4/2022 0:00,2.014
3/4/2022 1:00,2.082
3/4/2022 2:00,2.187
3/4/2022 3:00,2.221
3/4/2022 4:00,2.235
3/4/2022 5:00,2.294
3/4/2022 6:00,2.362
3/4/2022 7:00,2.561
3/4/2022 8:00,3.021
3/4/2022 9:00,3.303
3/4/2022 10:00,3.453
3/4/2022 11:00,3.566
3/4/2022 12:00,3.672
3/4/2022 13:00,3.782
3/4/2022 14:00,3.828
3/4/2022 15:00,3.689
3/4/2022 16:00,3.062
3/4/2022 17:00,2.475
3/4/2022 18:00,2.534
3/4/2022 19:00,2.615
3/4/2022 20:00,2.646
3/4/2022 21:00,2.754
3/4/2022 22:00,2.985
3/4/2022 23:00,3.208
3/5/2022 0:00,3.286
3/5/2022 1:00,3.372
3/5/2022 2:00,3.505
3/5/2022 3:00,3.622
3/5/2022 4:00,3.817
3/5/2022 5:00,3.992
3/5/2022 6:00,4.227
3/5/2022 7:00,4.514
3/5/2022 8:00,4.937
3/5/2022 9:00,5.462
3/5/2022 10:00,5.892
3/5/2022 11:00,6.041
3/5/2022 12:00,6.073
3/5/2022 13:00,6.038
3/5/2022 14:00,5.933
3/5/2022 15:00,5.577
3/5/2022 16:00,4.948
3/5/2022 17:00,4.561
3/5/2022 18:00,4.535
3/5/2022 19:00,4.427
3/5/2022 20:00,4.232
3/5/2022 21:00,4.158
3/5/2022 22:00,4.074
3/5/2022 23:00,3.937
3/6/2022 0:00,3.833
3/6/2022 1:00,3.739
3/6/2022 2:00,3.756
3/6/2022 3:00,3.717
3/6/2022 4:00,3.706
3/6/2022 5:00,3.594
3/6/2022 6:00,3.625
3/6/2022 7:00,3.81
3/6/2022 8:00,4.118
3/6/2022 9:00,4.773
3/6/2022 10:00,5.026
3/6/2022 11:00,4.981
3/6/2022 12:00,4.82
3/6/2022 13:00,4.644
3/6/2022 14:00,4.5
3/6/2022 15:00,4.323
3/6/2022 16:00,3.716
3/6/2022 17:00,3.061
3/6/2022 18:00,3.068
3/6/2022 19:00,3.031
3/6/2022 20:00,2.932
3/6/2022 21:00,2.848
3/6/2022 22:00,2.758
3/6/2022 23:00,2.681
3/7/2022 0:00,2.613
3/7/2022 1:00,2.473
3/7/2022 2:00,2.38
3/7/2022 3:00,2.318
3/7/2022 4:00,2.348
3/7/2022 5:00,2.407
3/7/2022 6:00,2.549
3/7/2022 7:00,3.093
3/7/2022 8:00,3.789
3/7/2022 9:00,4.507
3/7/2022 10:00,4.849
3/7/2022 11:00,4.989
3/7/2022 12:00,5.108
3/7/2022 13:00,5.212
3/7/2022 14:00,5.297
3/7/2022 15:00,5.233
3/7/2022 16:00,4.654
3/7/2022 17:00,3.821
3/7/2022 18:00,3.976
3/7/2022 19:00,4.155
3/7/2022 20:00,4.249
3/7/2022 21:00,4.227
3/7/2022 22:00,4.394
3/7/2022 23:00,4.536
3/8/2022 0:00,4.559
3/8/2022 1:00,4.561
3/8/2022 2:00,4.548
3/8/2022 3:00,4.478
3/8/2022 4:00,4.58
3/8/2022 5:00,4.627
3/8/2022 6:00,4.755
3/8/2022 7:00,5.288
3/8/2022 8:00,5.704
3/8/2022 9:00,6.347
3/8/2022 10:00,6.603
3/8/2022 11:00,6.737
3/8/2022 12:00,6.797
3/8/2022 13:00,6.77
3/8/2022 14:00,6.593
3/8/2022 15:00,6.286
3/8/2022 16:00,5.717
3/8/2022 17:00,5.271
3/8/2022 18:00,5.212
3/8/2022 19:00,5.062
3/8/2022 20:00,4.685
3/8/2022 21:00,4.404
3/8/2022 22:00,4.206
3/8/2022 23:00,4.069
3/9/2022 0:00,4.018
3/9/2022 1:00,4.129
3/9/2022 2:00,4.289
3/9/2022 3:00,4.461
3/9/2022 4:00,4.674
3/9/2022 5:00,4.891
3/9/2022 6:00,5.135
3/9/2022 7:00,5.517
3/9/2022 8:00,6.016
3/9/2022 9:00,6.431
3/9/2022 10:00,6.743
3/9/2022 11:00,6.85
3/9/2022 12:00,6.842
3/9/2022 13:00,6.705
3/9/2022 14:00,6.458
3/9/2022 15:00,6.068
3/9/2022 16:00,5.361
3/9/2022 17:00,4.698
3/9/2022 18:00,4.628
3/9/2022 19:00,4.654
3/9/2022 20:00,4.566
3/9/2022 21:00,4.344
3/9/2022 22:00,4.112
3/9/2022 23:00,3.872
3/10/2022 0:00,3.881
3/10/2022 1:00,3.906
3/10/2022 2:00,3.915
3/10/2022 3:00,4.015
3/10/2022 4:00,4.113
3/10/2022 5:00,4.297
3/10/2022 6:00,4.45
3/10/2022 7:00,4.795
3/10/2022 8:00,4.866
3/10/2022 9:00,5.269
3/10/2022 10:00,5.568
3/10/2022 11:00,5.714
3/10/2022 12:00,5.725
3/10/2022 13:00,5.579
3/10/2022 14:00,5.306
3/10/2022 15:00,4.805
3/10/2022 16:00,4.046
3/10/2022 17:00,3.459
3/10/2022 18:00,3.672
3/10/2022 19:00,4.017
3/10/2022 20:00,4.148
3/10/2022 21:00,4.171
3/10/2022 22:00,4.222
3/10/2022 23:00,4.274
3/11/2022 0:00,4.261
3/11/2022 1:00,4.366
3/11/2022 2:00,4.569
3/11/2022 3:00,4.678
3/11/2022 4:00,4.845
3/11/2022 5:00,5.062
3/11/2022 6:00,5.318
3/11/2022 7:00,5.717
3/11/2022 8:00,6.065
3/11/2022 9:00,6.518
3/11/2022 10:00,7.001
3/11/2022 11:00,7.291
3/11/2022 12:00,7.378
3/11/2022 13:00,7.28
3/11/2022 14:00,7.042
3/11/2022 15:00,6.666
3/11/2022 16:00,6.179
3/11/2022 17:00,5.658
3/11/2022 18:00,5.288
3/11/2022 19:00,5.084
3/11/2022 20:00,4.87
3/11/2022 21:00,4.716
3/11/2022 22:00,4.657
3/11/2022 23:00,4.658
3/12/2022 0:00,4.674
3/12/2022 1:00,4.655
3/12/2022 2:00,4.727
3/12/2022 3:00,4.782
3/12/2022 4:00,4.862
3/12/2022 5:00,4.845
3/12/2022 6:00,4.771
3/12/2022 7:00,4.892
3/12/2022 8:00,5.218
3/12/2022 9:00,5.669
3/12/2022 10:00,5.957
3/12/2022 11:00,6.195
3/12/2022 12:00,6.343
3/12/2022 13:00,6.312
3/12/2022 14:00,6.12
3/12/2022 15:00,5.701
3/12/2022 16:00,4.975
3/12/2022 17:00,4.586
3/12/2022 18:00,5.043
3/12/2022 19:00,5.508
3/12/2022 20:00,5.813
3/12/2022 21:00,6.043
3/12/2022 22:00,6.112
3/12/2022 23:00,6.003
3/13/2022 0:00,5.947
3/13/2022 1:00,5.865
3/13/2022 2:00,5.832
3/13/2022 3:00,5.781
3/13/2022 4:00,5.784
3/13/2022 5:00,5.811
3/13/2022 6:00,5.878
3/13/2022 7:00,6.08
3/13/2022 8:00,6.224
3/13/2022 9:00,6.498
3/13/2022 10:00,6.616
3/13/2022 11:00,6.524
3/13/2022 12:00,6.281
3/13/2022 13:00,5.952
3/13/2022 14:00,5.435
3/13/2022 15:00,4.637
3/13/2022 16:00,3.864
3/13/2022 17:00,3.301
3/13/2022 18:00,3.021
3/13/2022 19:00,2.797
3/13/2022 20:00,2.548
3/13/2022 21:00,2.438
3/13/2022 22:00,2.406
3/13/2022 23:00,2.418
3/14/2022 0:00,2.476
3/14/2022 1:00,2.565
3/14/2022 2:00,2.695
3/14/2022 3:00,2.694
3/14/2022 4:00,2.532
3/14/2022 5:00,2.516
3/14/2022 6:00,2.605
3/14/2022 7:00,2.896
3/14/2022 8:00,3.178
3/14/2022 9:00,3.605
3/14/2022 10:00,3.957
3/14/2022 11:00,4.179
3/14/2022 12:00,4.235
3/14/2022 13:00,4.192
3/14/2022 14:00,4.018
3/14/2022 15:00,3.718
3/14/2022 16:00,3.021
3/14/2022 17:00,2.282
3/14/2022 18:00,2.125
3/14/2022 19:00,1.996
3/14/2022 20:00,1.867
3/14/2022 21:00,1.793
3/14/2022 22:00,1.754
3/14/2022 23:00,1.753
3/15/2022 0:00,1.775
3/15/2022 1:00,1.815
3/15/2022 2:00,1.868
3/15/2022 3:00,1.888
3/15/2022 4:00,1.916
3/15/2022 5:00,2.014
3/15/2022 6:00,2.188
3/15/2022 7:00,2.805
3/15/2022 8:00,3.052
3/15/2022 9:00,3.137
3/15/2022 10:00,3.492
3/15/2022 11:00,3.697
3/15/2022 12:00,3.806
3/15/2022 13:00,3.782
3/15/2022 14:00,3.6
3/15/2022 15:00,3.162
3/15/2022 16:00,2.35
3/15/2022 17:00,2.054
3/15/2022 18:00,2.234
3/15/2022 19:00,2.476
3/15/2022 20:00,2.621
3/15/2022 21:00,2.729
3/15/2022 22:00,2.689
3/15/2022 23:00,2.54
3/16/2022 0:00,2.399
3/16/2022 1:00,2.322
3/16/2022 2:00,2.241
3/16/2022 3:00,2.25
3/16/2022 4:00,2.245
3/16/2022 5:00,2.213
3/16/2022 6:00,2.194
3/16/2022 7:00,2.339
3/16/2022 8:00,2.45
3/16/2022 9:00,2.513
3/16/2022 10:00,2.526
3/16/2022 11:00,2.559
3/16/2022 12:00,2.658
3/16/2022 13:00,2.832
3/16/2022 14:00,2.963
3/16/2022 15:00,3.041
3/16/2022 16:00,3.142
3/16/2022 17:00,3.243
3/16/2022 18:00,3.641
3/16/2022 19:00,4.049
3/16/2022 20:00,4.307
3/16/2022 21:00,4.388
3/16/2022 22:00,4.411
3/16/2022 23:00,4.295
3/17/2022 0:00,4.08
3/17/2022 1:00,3.927
3/17/2022 2:00,3.779
3/17/2022 3:00,3.563
3/17/2022 4:00,3.351
3/17/2022 5:00,3.25
3/17/2022 6:00,3.448
3/17/2022 7:00,3.874
3/17/2022 8:00,4.227
3/17/2022 9:00,4.765
3/17/2022 10:00,5.244
3/17/2022 11:00,5.451
3/17/2022 12:00,5.544
3/17/2022 13:00,5.541
3/17/2022 14:00,5.393
3/17/2022 15:00,5.025
3/17/2022 16:00,4.24
3/17/2022 17:00,3.302
3/17/2022 18:00,2.839
3/17/2022 19:00,2.477
3/17/2022 20:00,2.045
3/17/2022 21:00,1.813
3/17/2022 22:00,1.722
3/17/2022 23:00,1.682
3/18/2022 0:00,1.652
3/18/2022 1:00,1.605
3/18/2022 2:00,1.555
3/18/2022 3:00,1.534
3/18/2022 4:00,1.544
3/18/2022 5:00,1.671
3/18/2022 6:00,1.924
3/18/2022 7:00,2.313
3/18/2022 8:00,2.789
3/18/2022 9:00,3.155
3/18/2022 10:00,3.425
3/18/2022 11:00,3.535
3/18/2022 12:00,3.634
3/18/2022 13:00,3.759
3/18/2022 14:00,3.877
3/18/2022 15:00,3.878
3/18/2022 16:00,3.447
3/18/2022 17:00,2.758
3/18/2022 18:00,2.924
3/18/2022 19:00,3.351
3/18/2022 20:00,3.545
3/18/2022 21:00,3.707
3/18/2022 22:00,3.845
3/18/2022 23:00,3.891
3/19/2022 0:00,4.042
3/19/2022 1:00,4.199
3/19/2022 2:00,4.327
3/19/2022 3:00,4.351
3/19/2022 4:00,4.34
3/19/2022 5:00,4.388
3/19/2022 6:00,4.57
3/19/2022 7:00,5.01
3/19/2022 8:00,5.388
3/19/2022 9:00,5.906
3/19/2022 10:00,6.25
3/19/2022 11:00,6.464
3/19/2022 12:00,6.61
3/19/2022 13:00,6.693
3/19/2022 14:00,6.689
3/19/2022 15:00,6.506
3/19/2022 16:00,6.061
3/19/2022 17:00,5.623
3/19/2022 18:00,5.298
3/19/2022 19:00,5.171
3/19/2022 20:00,5.223
3/19/2022 21:00,5.266
3/19/2022 22:00,5.206
3/19/2022 23:00,5.043
3/20/2022 0:00,4.739
3/20/2022 1:00,4.324
3/20/2022 2:00,3.875
3/20/2022 3:00,3.557
3/20/2022 4:00,3.467
3/20/2022 5:00,3.425
3/20/2022 6:00,3.462
3/20/2022 7:00,3.948
3/20/2022 8:00,4.304
3/20/2022 9:00,4.58
3/20/2022 10:00,4.569
3/20/2022 11:00,4.344
3/20/2022 12:00,3.983
3/20/2022 13:00,3.546
3/20/2022 14:00,3.066
3/20/2022 15:00,2.582
3/20/2022 16:00,2.007
3/20/2022 17:00,1.45
3/20/2022 18:00,1.512
3/20/2022 19:00,1.59
3/20/2022 20:00,1.611
3/20/2022 21:00,1.634
3/20/2022 22:00,1.644
3/20/2022 23:00,1.625
3/21/2022 0:00,1.614
3/21/2022 1:00,1.627
3/21/2022 2:00,1.638
3/21/2022 3:00,1.65
3/21/2022 4:00,1.687
3/21/2022 5:00,1.741
3/21/2022 6:00,1.873
3/21/2022 7:00,2.511
3/21/2022 8:00,2.664
3/21/2022 9:00,2.821
3/21/2022 10:00,3.093
3/21/2022 11:00,3.079
3/21/2022 12:00,3.041
3/21/2022 13:00,2.978
3/21/2022 14:00,2.865
3/21/2022 15:00,2.656
3/21/2022 16:00,2.073
3/21/2022 17:00,1.731
3/21/2022 18:00,2.042
3/21/2022 19:00,2.425
3/21/2022 20:00,2.649
3/21/2022 21:00,2.802
3/21/2022 22:00,2.888
3/21/2022 23:00,2.886
3/22/2022 0:00,2.819
3/22/2022 1:00,2.722
3/22/2022 2:00,2.664
3/22/2022 3:00,2.56
3/22/2022 4:00,2.44
3/22/2022 5:00,2.378
3/22/2022 6:00,2.498
3/22/2022 7:00,2.955
3/22/2022 8:00,3.038
3/22/2022 9:00,3.119
3/22/2022 10:00,3.432
3/22/2022 11:00,3.712
3/22/2022 12:00,3.845
3/22/2022 13:00,3.869
3/22/2022 14:00,3.784
3/22/2022 15:00,3.398
3/22/2022 16:00,2.522
3/22/2022 17:00,1.989
3/22/2022 18:00,2.078
3/22/2022 19:00,2.258
3/22/2022 20:00,2.319
3/22/2022 21:00,2.287
3/22/2022 22:00,2.157
3/22/2022 23:00,1.976
3/23/2022 0:00,1.818
3/23/2022 1:00,1.679
3/23/2022 2:00,1.586
3/23/2022 3:00,1.564
3/23/2022 4:00,1.559
3/23/2022 5:00,1.565
3/23/2022 6:00,1.626
3/23/2022 7:00,1.977
3/23/2022 8:00,2.14
3/23/2022 9:00,1.968
3/23/2022 10:00,2.231
3/23/2022 11:00,2.488
3/23/2022 12:00,2.549
3/23/2022 13:00,2.431
3/23/2022 14:00,2.187
3/23/2022 15:00,1.863
3/23/2022 16:00,1.287
3/23/2022 17:00,1.033
3/23/2022 18:00,1.156
3/23/2022 19:00,1.153
3/23/2022 20:00,1.14
3/23/2022 21:00,1.118
3/23/2022 22:00,1.11
3/23/2022 23:00,1.104
3/24/2022 0:00,1.101
3/24/2022 1:00,1.089
3/24/2022 2:00,1.06
3/24/2022 3:00,1.022
3/24/2022 4:00,0.984
3/24/2022 5:00,0.946
3/24/2022 6:00,0.905
3/24/2022 7:00,0.915
3/24/2022 8:00,1.14
3/24/2022 9:00,1.043
3/24/2022 10:00,1.178
3/24/2022 11:00,1.175
3/24/2022 12:00,1.139
3/24/2022 13:00,1.119
3/24/2022 14:00,1.116
3/24/2022 15:00,1.127
3/24/2022 16:00,1.005
3/24/2022 17:00,0.934
3/24/2022 18:00,1.137
3/24/2022 19:00,1.212
3/24/2022 20:00,1.264
3/24/2022 21:00,1.292
3/24/2022 22:00,1.297
3/24/2022 23:00,1.301
3/25/2022 0:00,1.3
3/25/2022 1:00,1.297
3/25/2022 2:00,1.275
3/25/2022 3:00,1.25
3/25/2022 4:00,1.243
3/25/2022 5:00,1.275
3/25/2022 6:00,1.382
3/25/2022 7:00,1.811
3/25/2022 8:00,1.922
3/25/2022 9:00,1.931
3/25/2022 10:00,2.332
3/25/2022 11:00,2.505
3/25/2022 12:00,2.539
3/25/2022 13:00,2.567
3/25/2022 14:00,2.582
3/25/2022 15:00,2.51
3/25/2022 16:00,1.985
3/25/2022 17:00,1.397
3/25/2022 18:00,1.49
3/25/2022 19:00,1.592
3/25/2022 20:00,1.619
3/25/2022 21:00,1.621
3/25/2022 22:00,1.619
3/25/2022 23:00,1.627
3/26/2022 0:00,1.643
3/26/2022 1:00,1.662
3/26/2022 2:00,1.684
3/26/2022 3:00,1.708
3/26/2022 4:00,1.763
3/26/2022 5:00,1.853
3/26/2022 6:00,2.064
3/26/2022 7:00,2.541
3/26/2022 8:00,2.608
3/26/2022 9:00,2.707
3/26/2022 10:00,3.135
3/26/2022 11:00,3.354
3/26/2022 12:00,3.483
3/26/2022 13:00,3.556
3/26/2022 14:00,3.572
3/26/2022 15:00,3.444
3/26/2022 16:00,2.948
3/26/2022 17:00,2.233
3/26/2022 18:00,2.221
3/26/2022 19:00,2.475
3/26/2022 20:00,2.529
3/26/2022 21:00,2.518
3/26/2022 22:00,2.497
3/26/2022 23:00,2.543
3/27/2022 0:00,2.635
3/27/2022 1:00,2.727
3/27/2022 2:00,2.687
3/27/2022 3:00,2.673
3/27/2022 4:00,2.641
3/27/2022 5:00,2.586
3/27/2022 6:00,2.728
3/27/2022 7:00,3.107
3/27/2022 8:00,3.337
3/27/2022 9:00,3.355
3/27/2022 10:00,3.404
3/27/2022 11:00,3.42
3/27/2022 12:00,3.368
3/27/2022 13:00,3.252
3/27/2022 14:00,3.074
3/27/2022 15:00,2.873
3/27/2022 16:00,2.555
3/27/2022 17:00,1.767
3/27/2022 18:00,1.651
3/27/2022 19:00,1.844
3/27/2022 20:00,1.88
3/27/2022 21:00,1.84
3/27/2022 22:00,1.808
3/27/2022 23:00,1.79
3/28/2022 0:00,1.743
3/28/2022 1:00,1.748
3/28/2022 2:00,1.617
3/28/2022 3:00,1.542
3/28/2022 4:00,1.499
3/28/2022 5:00,1.499
3/28/2022 6:00,1.665
3/28/2022 7:00,1.793
3/28/2022 8:00,1.758
3/28/2022 9:00,1.606
3/28/2022 10:00,1.442
3/28/2022 11:00,1.404
3/28/2022 12:00,1.387
3/28/2022 13:00,1.376
3/28/2022 14:00,1.382
3/28/2022 15:00,1.345
3/28/2022 16:00,1.204
3/28/2022 17:00,1.123
3/28/2022 18:00,1.361
3/28/2022 19:00,1.616
3/28/2022 20:00,1.736
3/28/2022 21:00,1.769
3/28/2022 22:00,1.775
3/28/2022 23:00,1.823
3/29/2022 0:00,1.902
3/29/2022 1:00,2.023
3/29/2022 2:00,2.133
3/29/2022 3:00,2.202
3/29/2022 4:00,2.292
3/29/2022 5:00,2.386
3/29/2022 6:00,2.572
3/29/2022 7:00,2.795
3/29/2022 8:00,2.937
3/29/2022 9:00,3.002
3/29/2022 10:00,3.068
3/29/2022 11:00,3.133
3/29/2022 12:00,3.147
3/29/2022 13:00,3.132
3/29/2022 14:00,3.081
3/29/2022 15:00,2.964
3/29/2022 16:00,2.741
3/29/2022 17:00,2.211
3/29/2022 18:00,1.99
3/29/2022 19:00,2.1
3/29/2022 20:00,2.106
3/29/2022 21:00,2.082
3/29/2022 22:00,2.105
3/29/2022 23:00,2.144
3/30/2022 0:00,2.215
3/30/2022 1:00,2.286
3/30/2022 2:00,2.298
3/30/2022 3:00,2.315
3/30/2022 4:00,2.352
3/30/2022 5:00,2.417
3/30/2022 6:00,2.65
3/30/2022 7:00,2.952
3/30/2022 8:00,3.147
3/30/2022 9:00,3.235
3/30/2022 10:00,3.212
3/30/2022 11:00,3.119
3/30/2022 12:00,3.058
3/30/2022 13:00,3.159
3/30/2022 14:00,3.428
3/30/2022 15:00,3.731
3/30/2022 16:00,3.964
3/30/2022 17:00,3.969
3/30/2022 18:00,3.979
3/30/2022 19:00,4.276
3/30/2022 20:00,4.461
3/30/2022 21:00,4.466
3/30/2022 22:00,4.353
3/30/2022 23:00,4.225
3/31/2022 0:00,4.224
3/31/2022 1:00,4.288
3/31/2022 2:00,4.411
3/31/2022 3:00,4.517
3/31/2022 4:00,4.583
3/31/2022 5:00,4.613
3/31/2022 6:00,4.882
3/31/2022 7:00,5.48
3/31/2022 8:00,6.199
3/31/2022 9:00,6.731
3/31/2022 10:00,6.985
3/31/2022 11:00,7.089
3/31/2022 12:00,7.113
3/31/2022 13:00,7.096
3/31/2022 14:00,7.018
3/31/2022 15:00,6.807
3/31/2022 16:00,6.322
3/31/2022 17:00,5.486
3/31/2022 18:00,4.766
3/31/2022 19:00,4.569
3/31/2022 20:00,4.452
3/31/2022 21:00,4.439
3/31/2022 22:00,4.501
3/31/2022 23:00,4.575
4/1/2022 0:00,4.663
4/1/2022 1:00,4.748
4/1/2022 2:00,4.777
4/1/2022 3:00,4.702
4/1/2022 4:00,4.616
4/1/2022 5:00,4.543
4/1/2022 6:00,4.732
4/1/2022 7:00,5.024
4/1/2022 8:00,5.486
4/1/2022 9:00,5.761
4/1/2022 10:00,5.752
4/1/2022 11:00,5.665
4/1/2022 12:00,5.548
4/1/2022 13:00,5.374
4/1/2022 14:00,5.141
4/1/2022 15:00,4.867
4/1/2022 16:00,4.458
4/1/2022 17:00,3.469
4/1/2022 18:00,2.525
4/1/2022 19:00,2.293
4/1/2022 20:00,2.177
4/1/2022 21:00,2.059
4/1/2022 22:00,1.928
4/1/2022 23:00,1.818
4/2/2022 0:00,1.766
4/2/2022 1:00,1.787
4/2/2022 2:00,1.882
4/2/2022 3:00,1.92
4/2/2022 4:00,1.874
4/2/2022 5:00,1.872
4/2/2022 6:00,1.986
4/2/2022 7:00,2.329
4/2/2022 8:00,2.661
4/2/2022 9:00,2.82
4/2/2022 10:00,2.877
4/2/2022 11:00,2.914
4/2/2022 12:00,2.957
4/2/2022 13:00,2.976
4/2/2022 14:00,2.953
4/2/2022 15:00,2.877
4/2/2022 16:00,2.666
4/2/2022 17:00,1.764
4/2/2022 18:00,1.418
4/2/2022 19:00,1.446
4/2/2022 20:00,1.413
4/2/2022 21:00,1.381
4/2/2022 22:00,1.359
4/2/2022 23:00,1.33
4/3/2022 0:00,1.318
4/3/2022 1:00,1.364
4/3/2022 2:00,1.461
4/3/2022 3:00,1.576
4/3/2022 4:00,1.687
4/3/2022 5:00,1.791
4/3/2022 6:00,2.26
4/3/2022 7:00,2.797
4/3/2022 8:00,3.037
4/3/2022 9:00,3.259
4/3/2022 10:00,3.247
4/3/2022 11:00,3.244
4/3/2022 12:00,3.33
4/3/2022 13:00,3.472
4/3/2022 14:00,3.61
4/3/2022 15:00,3.705
4/3/2022 16:00,3.637
4/3/2022 17:00,3.019
4/3/2022 18:00,2.908
4/3/2022 19:00,3.271
4/3/2022 20:00,3.765
4/3/2022 21:00,4.113
4/3/2022 22:00,4.389
4/3/2022 23:00,4.679
4/4/2022 0:00,4.905
4/4/2022 1:00,5.112
4/4/2022 2:00,5.3
4/4/2022 3:00,5.548
4/4/2022 4:00,5.742
4/4/2022 5:00,5.873
4/4/2022 6:00,6.029
4/4/2022 7:00,6.126
4/4/2022 8:00,6.186
4/4/2022 9:00,6.326
4/4/2022 10:00,6.519
4/4/2022 11:00,6.579
4/4/2022 12:00,6.552
4/4/2022 13:00,6.359
4/4/2022 14:00,6.016
4/4/2022 15:00,5.686
4/4/2022 16:00,5.442
4/4/2022 17:00,5.265
4/4/2022 18:00,5.066
4/4/2022 19:00,4.885
4/4/2022 20:00,4.766
4/4/2022 21:00,4.739
4/4/2022 22:00,4.729
4/4/2022 23:00,4.676
4/5/2022 0:00,4.607
4/5/2022 1:00,4.594
4/5/2022 2:00,4.613
4/5/2022 3:00,4.609
4/5/2022 4:00,4.552
4/5/2022 5:00,4.521
4/5/2022 6:00,4.666
4/5/2022 7:00,5.024
4/5/2022 8:00,5.582
4/5/2022 9:00,5.979
4/5/2022 10:00,6.179
4/5/2022 11:00,6.308
4/5/2022 12:00,6.444
4/5/2022 13:00,6.543
4/5/2022 14:00,6.544
4/5/2022 15:00,6.377
4/5/2022 16:00,5.97
4/5/2022 17:00,5.472
4/5/2022 18:00,5.359
4/5/2022 19:00,5.476
4/5/2022 20:00,5.493
4/5/2022 21:00,5.497
4/5/2022 22:00,5.583
4/5/2022 23:00,5.693
4/6/2022 0:00,5.899
4/6/2022 1:00,6.003
4/6/2022 2:00,6.071
4/6/2022 3:00,6.069
4/6/2022 4:00,6.076
4/6/2022 5:00,6.111
4/6/2022 6:00,6.173
4/6/2022 7:00,6.266
4/6/2022 8:00,6.435
4/6/2022 9:00,6.726
4/6/2022 10:00,6.998
4/6/2022 11:00,7.188
4/6/2022 12:00,7.267
4/6/2022 13:00,7.353
4/6/2022 14:00,7.472
4/6/2022 15:00,7.399
4/6/2022 16:00,7.004
4/6/2022 17:00,6.617
4/6/2022 18:00,6.583
4/6/2022 19:00,6.803
4/6/2022 20:00,7.006
4/6/2022 21:00,7.195
4/6/2022 22:00,7.308
4/6/2022 23:00,7.392
4/7/2022 0:00,7.517
4/7/2022 1:00,7.692
4/7/2022 2:00,7.794
4/7/2022 3:00,7.758
4/7/2022 4:00,7.671
4/7/2022 5:00,7.62
4/7/2022 6:00,7.817
4/7/2022 7:00,8.289
4/7/2022 8:00,8.84
4/7/2022 9:00,9.197
4/7/2022 10:00,9.361
4/7/2022 11:00,9.407
4/7/2022 12:00,9.314
4/7/2022 13:00,9.103
4/7/2022 14:00,8.786
4/7/2022 15:00,8.217
4/7/2022 16:00,7.31
4/7/2022 17:00,6.2
4/7/2022 18:00,5.069
4/7/2022 19:00,4.239
4/7/2022 20:00,3.569
4/7/2022 21:00,3.372
4/7/2022 22:00,3.244
4/7/2022 23:00,2.995
4/8/2022 0:00,2.72
4/8/2022 1:00,2.451
4/8/2022 2:00,2.101
4/8/2022 3:00,1.818
4/8/2022 4:00,1.692
4/8/2022 5:00,1.642
4/8/2022 6:00,1.837
4/8/2022 7:00,2.222
4/8/2022 8:00,2.562
4/8/2022 9:00,2.763
4/8/2022 10:00,2.864
4/8/2022 11:00,3.055
4/8/2022 12:00,3.38
4/8/2022 13:00,3.748
4/8/2022 14:00,4.036
4/8/2022 15:00,4.126
4/8/2022 16:00,3.829
4/8/2022 17:00,3.041
4/8/2022 18:00,2.523
4/8/2022 19:00,2.513
4/8/2022 20:00,2.543
4/8/2022 21:00,2.538
4/8/2022 22:00,2.573
4/8/2022 23:00,2.608
4/9/2022 0:00,2.7
4/9/2022 1:00,2.807
4/9/2022 2:00,2.958
4/9/2022 3:00,3.034
4/9/2022 4:00,2.984
4/9/2022 5:00,3.06
4/9/2022 6:00,3.49
4/9/2022 7:00,3.774
4/9/2022 8:00,4.267
4/9/2022 9:00,4.458
4/9/2022 10:00,4.482
4/9/2022 11:00,4.533
4/9/2022 12:00,4.477
4/9/2022 13:00,4.3
4/9/2022 14:00,4.071
4/9/2022 15:00,3.865
4/9/2022 16:00,3.553
4/9/2022 17:00,2.547
4/9/2022 18:00,1.654
4/9/2022 19:00,1.502
4/9/2022 20:00,1.403
4/9/2022 21:00,1.354
4/9/2022 22:00,1.337
4/9/2022 23:00,1.323
4/10/2022 0:00,1.321
4/10/2022 1:00,1.335
4/10/2022 2:00,1.345
4/10/2022 3:00,1.325
4/10/2022 4:00,1.311
4/10/2022 5:00,1.327
4/10/2022 6:00,1.471
4/10/2022 7:00,2.096
4/10/2022 8:00,2.596
4/10/2022 9:00,2.987
4/10/2022 10:00,3.075
4/10/2022 11:00,3.099
4/10/2022 12:00,3.147
4/10/2022 13:00,3.207
4/10/2022 14:00,3.184
4/10/2022 15:00,3.008
4/10/2022 16:00,2.573
4/10/2022 17:00,2.039
4/10/2022 18:00,1.937
4/10/2022 19:00,2.158
4/10/2022 20:00,2.428
4/10/2022 21:00,2.713
4/10/2022 22:00,2.931
4/10/2022 23:00,3.069
4/11/2022 0:00,3.161
4/11/2022 1:00,3.258
4/11/2022 2:00,3.336
4/11/2022 3:00,3.422
4/11/2022 4:00,3.591
4/11/2022 5:00,4.011
4/11/2022 6:00,4.586
4/11/2022 7:00,4.823
4/11/2022 8:00,5.367
4/11/2022 9:00,6.018
4/11/2022 10:00,6.405
4/11/2022 11:00,6.57
4/11/2022 12:00,6.598
4/11/2022 13:00,6.498
4/11/2022 14:00,6.203
4/11/2022 15:00,5.713
4/11/2022 16:00,5.128
4/11/2022 17:00,4.587
4/11/2022 18:00,4.283
4/11/2022 19:00,4.168
4/11/2022 20:00,3.904
4/11/2022 21:00,3.686
4/11/2022 22:00,3.368
4/11/2022 23:00,2.994
4/12/2022 0:00,2.729
4/12/2022 1:00,2.577
4/12/2022 2:00,2.496
4/12/2022 3:00,2.472
4/12/2022 4:00,2.758
4/12/2022 5:00,3.057
4/12/2022 6:00,3.491
4/12/2022 7:00,3.798
4/12/2022 8:00,3.914
4/12/2022 9:00,4.017
4/12/2022 10:00,4.145
4/12/2022 11:00,4.305
4/12/2022 12:00,4.357
4/12/2022 13:00,4.276
4/12/2022 14:00,4.12
4/12/2022 15:00,3.919
4/12/2022 16:00,3.594
4/12/2022 17:00,3.049
4/12/2022 18:00,2.759
4/12/2022 19:00,2.897
4/12/2022 20:00,3.001
4/12/2022 21:00,2.972
4/12/2022 22:00,2.932
4/12/2022 23:00,2.872
4/13/2022 0:00,2.754
4/13/2022 1:00,2.621
4/13/2022 2:00,2.494
4/13/2022 3:00,2.373
4/13/2022 4:00,2.335
4/13/2022 5:00,2.402
4/13/2022 6:00,2.891
4/13/2022 7:00,3.185
4/13/2022 8:00,3.547
4/13/2022 9:00,3.897
4/13/2022 10:00,4.131
4/13/2022 11:00,4.205
4/13/2022 12:00,4.09
4/13/2022 13:00,3.927
4/13/2022 14:00,3.708
4/13/2022 15:00,3.387
4/13/2022 16:00,2.872
4/13/2022 17:00,2.069
4/13/2022 18:00,1.446
4/13/2022 19:00,1.463
4/13/2022 20:00,1.476
4/13/2022 21:00,1.419
4/13/2022 22:00,1.352
4/13/2022 23:00,1.332
4/14/2022 0:00,1.339
4/14/2022 1:00,1.341
4/14/2022 2:00,1.32
4/14/2022 3:00,1.259
4/14/2022 4:00,1.188
4/14/2022 5:00,1.101
4/14/2022 6:00,1.335
4/14/2022 7:00,1.262
4/14/2022 8:00,1.296
4/14/2022 9:00,1.595
4/14/2022 10:00,1.817
4/14/2022 11:00,1.951
4/14/2022 12:00,2.034
4/14/2022 13:00,2.064
4/14/2022 14:00,2.023
4/14/2022 15:00,1.907
4/14/2022 16:00,1.628
4/14/2022 17:00,1.224
4/14/2022 18:00,1.006
4/14/2022 19:00,1.074
4/14/2022 20:00,1.12
4/14/2022 21:00,1.159
4/14/2022 22:00,1.186
4/14/2022 23:00,1.203
4/15/2022 0:00,1.224
4/15/2022 1:00,1.241
4/15/2022 2:00,1.251
4/15/2022 3:00,1.257
4/15/2022 4:00,1.29
4/15/2022 5:00,1.33
4/15/2022 6:00,1.65
4/15/2022 7:00,1.935
4/15/2022 8:00,2.082
4/15/2022 9:00,2.471
4/15/2022 10:00,2.688
4/15/2022 11:00,2.79
4/15/2022 12:00,2.814
4/15/2022 13:00,2.775
4/15/2022 14:00,2.682
4/15/2022 15:00,2.548
4/15/2022 16:00,2.336
4/15/2022 17:00,2.027
4/15/2022 18:00,1.838
4/15/2022 19:00,1.95
4/15/2022 20:00,2.01
4/15/2022 21:00,1.968
4/15/2022 22:00,1.92
4/15/2022 23:00,1.886
4/16/2022 0:00,1.901
4/16/2022 1:00,1.939
4/16/2022 2:00,1.991
4/16/2022 3:00,2.089
4/16/2022 4:00,2.207
4/16/2022 5:00,2.339
4/16/2022 6:00,2.841
4/16/2022 7:00,2.939
4/16/2022 8:00,2.972
4/16/2022 9:00,3.141
4/16/2022 10:00,3.374
4/16/2022 11:00,3.579
4/16/2022 12:00,3.721
4/16/2022 13:00,3.769
4/16/2022 14:00,3.705
4/16/2022 15:00,3.498
4/16/2022 16:00,3.104
4/16/2022 17:00,2.506
4/16/2022 18:00,2.172
4/16/2022 19:00,2.49
4/16/2022 20:00,2.776
4/16/2022 21:00,2.721
4/16/2022 22:00,2.631
4/16/2022 23:00,2.517
4/17/2022 0:00,2.442
4/17/2022 1:00,2.389
4/17/2022 2:00,2.353
4/17/2022 3:00,2.365
4/17/2022 4:00,2.36
4/17/2022 5:00,2.539
4/17/2022 6:00,3.053
4/17/2022 7:00,3.011
4/17/2022 8:00,3.265
4/17/2022 9:00,3.552
4/17/2022 10:00,3.879
4/17/2022 11:00,4.159
4/17/2022 12:00,4.35
4/17/2022 13:00,4.452
4/17/2022 14:00,4.435
4/17/2022 15:00,4.254
4/17/2022 16:00,3.795
4/17/2022 17:00,3.082
4/17/2022 18:00,2.651
4/17/2022 19:00,2.645
4/17/2022 20:00,2.729
4/17/2022 21:00,2.651
4/17/2022 22:00,2.509
4/17/2022 23:00,2.334
4/18/2022 0:00,2.208
4/18/2022 1:00,2.127
4/18/2022 2:00,2.071
4/18/2022 3:00,2.058
4/18/2022 4:00,2.139
4/18/2022 5:00,2.258
4/18/2022 6:00,2.707
4/18/2022 7:00,2.843
4/18/2022 8:00,2.974
4/18/2022 9:00,2.954
4/18/2022 10:00,2.861
4/18/2022 11:00,2.802
4/18/2022 12:00,2.8
4/18/2022 13:00,2.817
4/18/2022 14:00,2.782
4/18/2022 15:00,2.659
4/18/2022 16:00,2.43
4/18/2022 17:00,1.936
4/18/2022 18:00,1.404
4/18/2022 19:00,1.33
4/18/2022 20:00,1.396
4/18/2022 21:00,1.486
4/18/2022 22:00,1.555
4/18/2022 23:00,1.587
4/19/2022 0:00,1.577
4/19/2022 1:00,1.585
4/19/2022 2:00,1.645
4/19/2022 3:00,1.719
4/19/2022 4:00,1.773
4/19/2022 5:00,1.789
4/19/2022 6:00,2.169
4/19/2022 7:00,2.221
4/19/2022 8:00,2.266
4/19/2022 9:00,2.272
4/19/2022 10:00,2.26
4/19/2022 11:00,2.318
4/19/2022 12:00,2.438
4/19/2022 13:00,2.582
4/19/2022 14:00,2.73
4/19/2022 15:00,2.851
4/19/2022 16:00,2.888
4/19/2022 17:00,2.662
4/19/2022 18:00,2.294
4/19/2022 19:00,2.214
4/19/2022 20:00,2.253
4/19/2022 21:00,2.348
4/19/2022 22:00,2.459
4/19/2022 23:00,2.604
4/20/2022 0:00,2.731
4/20/2022 1:00,2.789
4/20/2022 2:00,2.904
4/20/2022 3:00,2.968
4/20/2022 4:00,2.912
4/20/2022 5:00,3.038
4/20/2022 6:00,3.265
4/20/2022 7:00,3.444
4/20/2022 8:00,3.715
4/20/2022 9:00,4.035
4/20/2022 10:00,4.204
4/20/2022 11:00,4.235
4/20/2022 12:00,4.218
4/20/2022 13:00,4.184
4/20/2022 14:00,4.1
4/20/2022 15:00,3.963
4/20/2022 16:00,3.734
4/20/2022 17:00,3.158
4/20/2022 18:00,2.483
4/20/2022 19:00,2.636
4/20/2022 20:00,3.024
4/20/2022 21:00,3.106
4/20/2022 22:00,3.093
4/20/2022 23:00,3.067
4/21/2022 0:00,3.117
4/21/2022 1:00,3.159
4/21/2022 2:00,3.175
4/21/2022 3:00,3.118
4/21/2022 4:00,3.206
4/21/2022 5:00,3.518
4/21/2022 6:00,3.823
4/21/2022 7:00,4.026
4/21/2022 8:00,4.417
4/21/2022 9:00,4.796
4/21/2022 10:00,5.025
4/21/2022 11:00,5.099
4/21/2022 12:00,5.097
4/21/2022 13:00,5.078
4/21/2022 14:00,5.068
4/21/2022 15:00,5.06
4/21/2022 16:00,4.992
4/21/2022 17:00,4.624
4/21/2022 18:00,4.031
4/21/2022 19:00,3.82
4/21/2022 20:00,4.032
4/21/2022 21:00,4.108
4/21/2022 22:00,4.148
4/21/2022 23:00,4.18
4/22/2022 0:00,4.213
4/22/2022 1:00,4.288
4/22/2022 2:00,4.356
4/22/2022 3:00,4.367
4/22/2022 4:00,4.336
4/22/2022 5:00,4.443
4/22/2022 6:00,4.659
4/22/2022 7:00,5.192
4/22/2022 8:00,5.722
4/22/2022 9:00,6.057
4/22/2022 10:00,6.237
4/22/2022 11:00,6.387
4/22/2022 12:00,6.498
4/22/2022 13:00,6.559
4/22/2022 14:00,6.521
4/22/2022 15:00,6.336
4/22/2022 16:00,6.007
4/22/2022 17:00,5.511
4/22/2022 18:00,4.866
4/22/2022 19:00,4.538
4/22/2022 20:00,4.522
4/22/2022 21:00,4.586
4/22/2022 22:00,4.649
4/22/2022 23:00,4.611
4/23/2022 0:00,4.601
4/23/2022 1:00,4.667
4/23/2022 2:00,4.694
4/23/2022 3:00,4.693
4/23/2022 4:00,4.762
4/23/2022 5:00,4.967
4/23/2022 6:00,5.308
4/23/2022 7:00,5.976
4/23/2022 8:00,6.512
4/23/2022 9:00,6.851
4/23/2022 10:00,6.967
4/23/2022 11:00,6.968
4/23/2022 12:00,6.927
4/23/2022 13:00,6.857
4/23/2022 14:00,6.747
4/23/2022 15:00,6.562
4/23/2022 16:00,6.265
4/23/2022 17:00,5.78
4/23/2022 18:00,5.21
4/23/2022 19:00,4.987
4/23/2022 20:00,4.929
4/23/2022 21:00,4.957
4/23/2022 22:00,4.925
4/23/2022 23:00,4.905
4/24/2022 0:00,4.877
4/24/2022 1:00,4.817
4/24/2022 2:00,4.632
4/24/2022 3:00,4.551
4/24/2022 4:00,4.555
4/24/2022 5:00,4.733
4/24/2022 6:00,5.074
4/24/2022 7:00,5.506
4/24/2022 8:00,5.837
4/24/2022 9:00,5.99
4/24/2022 10:00,5.968
4/24/2022 11:00,5.798
4/24/2022 12:00,5.564
4/24/2022 13:00,5.319
4/24/2022 14:00,5.088
4/24/2022 15:00,4.889
4/24/2022 16:00,4.683
4/24/2022 17:00,4.282
4/24/2022 18:00,3.541
4/24/2022 19:00,3.09
4/24/2022 20:00,3.205
4/24/2022 21:00,3.22
4/24/2022 22:00,3.19
4/24/2022 23:00,3.232
4/25/2022 0:00,3.198
4/25/2022 1:00,3.181
4/25/2022 2:00,3.128
4/25/2022 3:00,3.076
4/25/2022 4:00,2.999
4/25/2022 5:00,3.162
4/25/2022 6:00,3.638
4/25/2022 7:00,3.879
4/25/2022 8:00,3.848
4/25/2022 9:00,3.67
4/25/2022 10:00,3.471
4/25/2022 11:00,3.31
4/25/2022 12:00,3.199
4/25/2022 13:00,3.148
4/25/2022 14:00,3.145
4/25/2022 15:00,3.188
4/25/2022 16:00,3.208
4/25/2022 17:00,2.972
4/25/2022 18:00,2.234
4/25/2022 19:00,2.009
4/25/2022 20:00,2.149
4/25/2022 21:00,2.209
4/25/2022 22:00,2.233
4/25/2022 23:00,2.308
4/26/2022 0:00,2.449
4/26/2022 1:00,2.25
4/26/2022 2:00,2.296
4/26/2022 3:00,2.408
4/26/2022 4:00,2.347
4/26/2022 5:00,2.495
4/26/2022 6:00,2.862
4/26/2022 7:00,3.128
4/26/2022 8:00,3.254
4/26/2022 9:00,3.253
4/26/2022 10:00,3.163
4/26/2022 11:00,3.053
4/26/2022 12:00,2.991
4/26/2022 13:00,2.977
4/26/2022 14:00,2.985
4/26/2022 15:00,3.032
4/26/2022 16:00,3.056
4/26/2022 17:00,2.9
4/26/2022 18:00,2.36
4/26/2022 19:00,2.278
4/26/2022 20:00,2.569
4/26/2022 21:00,2.553
4/26/2022 22:00,2.391
4/26/2022 23:00,2.238
4/27/2022 0:00,2.169
4/27/2022 1:00,2.204
4/27/2022 2:00,2.319
4/27/2022 3:00,2.338
4/27/2022 4:00,2.269
4/27/2022 5:00,2.478
4/27/2022 6:00,2.921
4/27/2022 7:00,3.343
4/27/2022 8:00,3.432
4/27/2022 9:00,3.448
4/27/2022 10:00,3.429
4/27/2022 11:00,3.399
4/27/2022 12:00,3.397
4/27/2022 13:00,3.445
4/27/2022 14:00,3.533
4/27/2022 15:00,3.615
4/27/2022 16:00,3.639
4/27/2022 17:00,3.495
4/27/2022 18:00,2.767
4/27/2022 19:00,2.336
4/27/2022 20:00,2.519
4/27/2022 21:00,2.526
4/27/2022 22:00,2.445
4/27/2022 23:00,2.38
4/28/2022 0:00,2.362
4/28/2022 1:00,2.367
4/28/2022 2:00,2.333
4/28/2022 3:00,2.212
4/28/2022 4:00,2.158
4/28/2022 5:00,2.287
4/28/2022 6:00,2.699
4/28/2022 7:00,2.947
4/28/2022 8:00,2.935
4/28/2022 9:00,2.857
4/28/2022 10:00,2.784
4/28/2022 11:00,2.681
4/28/2022 12:00,2.529
4/28/2022 13:00,2.37
4/28/2022 14:00,2.226
4/28/2022 15:00,2.124
4/28/2022 16:00,2.019
4/28/2022 17:00,1.812
4/28/2022 18:00,1.607
4/28/2022 19:00,1.742
4/28/2022 20:00,1.922
4/28/2022 21:00,1.91
4/28/2022 22:00,1.831
4/28/2022 23:00,1.774
4/29/2022 0:00,1.764
4/29/2022 1:00,1.749
4/29/2022 2:00,1.674
4/29/2022 3:00,1.633
4/29/2022 4:00,1.624
4/29/2022 5:00,1.811
4/29/2022 6:00,2.231
4/29/2022 7:00,2.406
4/29/2022 8:00,2.515
4/29/2022 9:00,2.594
4/29/2022 10:00,2.615
4/29/2022 11:00,2.632
4/29/2022 12:00,2.696
4/29/2022 13:00,2.8
4/29/2022 14:00,2.912
4/29/2022 15:00,2.989
4/29/2022 16:00,2.95
4/29/2022 17:00,2.666
4/29/2022 18:00,1.81
4/29/2022 19:00,1.461
4/29/2022 20:00,1.488
4/29/2022 21:00,1.499
4/29/2022 22:00,1.502
4/29/2022 23:00,1.496
4/30/2022 0:00,1.49
4/30/2022 1:00,1.491
4/30/2022 2:00,1.474
4/30/2022 3:00,1.463
4/30/2022 4:00,1.497
4/30/2022 5:00,1.714
4/30/2022 6:00,2.158
4/30/2022 7:00,2.136
4/30/2022 8:00,2.144
4/30/2022 9:00,2.242
4/30/2022 10:00,2.298
4/30/2022 11:00,2.328
4/30/2022 12:00,2.334
4/30/2022 13:00,2.356
4/30/2022 14:00,2.375
4/30/2022 15:00,2.335
4/30/2022 16:00,2.154
4/30/2022 17:00,1.812
4/30/2022 18:00,1.625
4/30/2022 19:00,1.674
4/30/2022 20:00,1.742
4/30/2022 21:00,1.797
4/30/2022 22:00,1.86
4/30/2022 23:00,1.867
5/1/2022 0:00,1.833
5/1/2022 1:00,1.775
5/1/2022 2:00,1.729
5/1/2022 3:00,1.643
5/1/2022 4:00,1.552
5/1/2022 5:00,1.613
5/1/2022 6:00,1.952
5/1/2022 7:00,2.162
5/1/2022 8:00,2.228
5/1/2022 9:00,2.229
5/1/2022 10:00,2.192
5/1/2022 11:00,2.224
5/1/2022 12:00,2.27
5/1/2022 13:00,2.259
5/1/2022 14:00,2.175
5/1/2022 15:00,2.024
5/1/2022 16:00,1.784
5/1/2022 17:00,1.423
5/1/2022 18:00,0.897
5/1/2022 19:00,0.779
5/1/2022 20:00,0.783
5/1/2022 21:00,0.771
5/1/2022 22:00,0.757
5/1/2022 23:00,0.737
5/2/2022 0:00,0.709
5/2/2022 1:00,0.683
5/2/2022 2:00,0.685
5/2/2022 3:00,0.707
5/2/2022 4:00,0.747
5/2/2022 5:00,0.764
5/2/2022 6:00,1.097
5/2/2022 7:00,1.136
5/2/2022 8:00,1.24
5/2/2022 9:00,1.34
5/2/2022 10:00,1.439
5/2/2022 11:00,1.51
5/2/2022 12:00,1.541
5/2/2022 13:00,1.537
5/2/2022 14:00,1.506
5/2/2022 15:00,1.51
5/2/2022 16:00,1.579
5/2/2022 17:00,1.533
5/2/2022 18:00,1.352
5/2/2022 19:00,1.412
5/2/2022 20:00,1.545
5/2/2022 21:00,1.608
5/2/2022 22:00,1.654
5/2/2022 23:00,1.666
5/3/2022 0:00,1.642
5/3/2022 1:00,1.619
5/3/2022 2:00,1.589
5/3/2022 3:00,1.562
5/3/2022 4:00,1.59
5/3/2022 5:00,1.901
5/3/2022 6:00,2.139
5/3/2022 7:00,2.142
5/3/2022 8:00,2.011
5/3/2022 9:00,1.896
5/3/2022 10:00,1.789
5/3/2022 11:00,1.682
5/3/2022 12:00,1.595
5/3/2022 13:00,1.542
5/3/2022 14:00,1.531
5/3/2022 15:00,1.536
5/3/2022 16:00,1.504
5/3/2022 17:00,1.373
5/3/2022 18:00,1.078
5/3/2022 19:00,1.113
5/3/2022 20:00,1.317
5/3/2022 21:00,1.536
5/3/2022 22:00,1.719
5/3/2022 23:00,1.832
5/4/2022 0:00,1.884
5/4/2022 1:00,1.938
5/4/2022 2:00,1.988
5/4/2022 3:00,2.073
5/4/2022 4:00,2.17
5/4/2022 5:00,2.448
5/4/2022 6:00,2.753
5/4/2022 7:00,2.915
5/4/2022 8:00,3.105
5/4/2022 9:00,3.281
5/4/2022 10:00,3.41
5/4/2022 11:00,3.557
5/4/2022 12:00,3.71
5/4/2022 13:00,3.869
5/4/2022 14:00,3.941
5/4/2022 15:00,3.861
5/4/2022 16:00,3.647
5/4/2022 17:00,3.27
5/4/2022 18:00,2.646
5/4/2022 19:00,2.294
5/4/2022 20:00,2.415
5/4/2022 21:00,2.509
5/4/2022 22:00,2.426
5/4/2022 23:00,2.275
5/5/2022 0:00,2.131
5/5/2022 1:00,2.059
5/5/2022 2:00,2.081
5/5/2022 3:00,2.106
5/5/2022 4:00,2.193
5/5/2022 5:00,2.477
5/5/2022 6:00,2.616
5/5/2022 7:00,2.724
5/5/2022 8:00,2.843
5/5/2022 9:00,2.86
5/5/2022 10:00,2.825
5/5/2022 11:00,2.792
5/5/2022 12:00,2.767
5/5/2022 13:00,2.735
5/5/2022 14:00,2.674
5/5/2022 15:00,2.559
5/5/2022 16:00,2.333
5/5/2022 17:00,1.976
5/5/2022 18:00,1.446
5/5/2022 19:00,1.223
5/5/2022 20:00,1.31
5/5/2022 21:00,1.458
5/5/2022 22:00,1.588
5/5/2022 23:00,1.728
5/6/2022 0:00,1.877
5/6/2022 1:00,1.998
5/6/2022 2:00,2.065
5/6/2022 3:00,2.099
5/6/2022 4:00,2.082
5/6/2022 5:00,2.492
5/6/2022 6:00,2.822
5/6/2022 7:00,2.878
5/6/2022 8:00,3.179
5/6/2022 9:00,3.443
5/6/2022 10:00,3.682
5/6/2022 11:00,3.908
5/6/2022 12:00,4.105
5/6/2022 13:00,4.233
5/6/2022 14:00,4.245
5/6/2022 15:00,4.088
5/6/2022 16:00,3.737
5/6/2022 17:00,3.256
5/6/2022 18:00,2.761
5/6/2022 19:00,2.39
5/6/2022 20:00,2.253
5/6/2022 21:00,2.243
5/6/2022 22:00,2.198
5/6/2022 23:00,2.137
5/7/2022 0:00,2.091
5/7/2022 1:00,2.011
5/7/2022 2:00,1.93
5/7/2022 3:00,1.909
5/7/2022 4:00,1.972
5/7/2022 5:00,2.385
5/7/2022 6:00,2.601
5/7/2022 7:00,2.627
5/7/2022 8:00,2.694
5/7/2022 9:00,2.737
5/7/2022 10:00,2.729
5/7/2022 11:00,2.708
5/7/2022 12:00,2.697
5/7/2022 13:00,2.706
5/7/2022 14:00,2.713
5/7/2022 15:00,2.763
5/7/2022 16:00,2.804
5/7/2022 17:00,2.742
5/7/2022 18:00,2.457
5/7/2022 19:00,2.163
5/7/2022 20:00,2.312
5/7/2022 21:00,2.413
5/7/2022 22:00,2.487
5/7/2022 23:00,2.583
5/8/2022 0:00,2.629
5/8/2022 1:00,2.662
5/8/2022 2:00,2.629
5/8/2022 3:00,2.584
5/8/2022 4:00,2.449
5/8/2022 5:00,2.687
5/8/2022 6:00,3.038
5/8/2022 7:00,3.226
5/8/2022 8:00,3.304
5/8/2022 9:00,3.346
5/8/2022 10:00,3.33
5/8/2022 11:00,3.24
5/8/2022 12:00,3.125
5/8/2022 13:00,3.021
5/8/2022 14:00,2.936
5/8/2022 15:00,2.887
5/8/2022 16:00,2.825
5/8/2022 17:00,2.663
5/8/2022 18:00,2.266
5/8/2022 19:00,2.136
5/8/2022 20:00,2.427
5/8/2022 21:00,2.552
5/8/2022 22:00,2.553
5/8/2022 23:00,2.499
5/9/2022 0:00,2.449
5/9/2022 1:00,2.492
5/9/2022 2:00,2.64
5/9/2022 3:00,2.714
5/9/2022 4:00,2.738
5/9/2022 5:00,3.123
5/9/2022 6:00,3.282
5/9/2022 7:00,3.383
5/9/2022 8:00,3.71
5/9/2022 9:00,4.122
5/9/2022 10:00,4.559
5/9/2022 11:00,4.845
5/9/2022 12:00,5.019
5/9/2022 13:00,5.076
5/9/2022 14:00,5.003
5/9/2022 15:00,4.913
5/9/2022 16:00,4.727
5/9/2022 17:00,4.464
5/9/2022 18:00,4.307
5/9/2022 19:00,4.243
5/9/2022 20:00,4.337
5/9/2022 21:00,4.377
5/9/2022 22:00,4.334
5/9/2022 23:00,4.297
5/10/2022 0:00,4.185
5/10/2022 1:00,4.084
5/10/2022 2:00,4.054
5/10/2022 3:00,4.065
5/10/2022 4:00,3.983
5/10/2022 5:00,4.049
5/10/2022 6:00,4.358
5/10/2022 7:00,4.93
5/10/2022 8:00,5.41
5/10/2022 9:00,5.739
5/10/2022 10:00,5.912
5/10/2022 11:00,5.982
5/10/2022 12:00,6.008
5/10/2022 13:00,6.056
5/10/2022 14:00,6.058
5/10/2022 15:00,5.793
5/10/2022 16:00,5.263
5/10/2022 17:00,4.561
5/10/2022 18:00,3.885
5/10/2022 19:00,3.506
5/10/2022 20:00,3.498
5/10/2022 21:00,3.719
5/10/2022 22:00,3.88
5/10/2022 23:00,3.975
5/11/2022 0:00,3.972
5/11/2022 1:00,3.957
5/11/2022 2:00,3.968
5/11/2022 3:00,3.897
5/11/2022 4:00,3.884
5/11/2022 5:00,4.153
5/11/2022 6:00,4.459
5/11/2022 7:00,4.902
5/11/2022 8:00,5.184
5/11/2022 9:00,5.382
5/11/2022 10:00,5.552
5/11/2022 11:00,5.66
5/11/2022 12:00,5.802
5/11/2022 13:00,5.98
5/11/2022 14:00,6.098
5/11/2022 15:00,5.939
5/11/2022 16:00,5.518
5/11/2022 17:00,4.901
5/11/2022 18:00,3.879
5/11/2022 19:00,2.747
5/11/2022 20:00,2.592
5/11/2022 21:00,2.75
5/11/2022 22:00,2.862
5/11/2022 23:00,2.873
5/12/2022 0:00,2.787
5/12/2022 1:00,2.672
5/12/2022 2:00,2.591
5/12/2022 3:00,2.545
5/12/2022 4:00,2.615
5/12/2022 5:00,3.031
5/12/2022 6:00,3.256
5/12/2022 7:00,3.577
5/12/2022 8:00,4.011
5/12/2022 9:00,4.329
5/12/2022 10:00,4.522
5/12/2022 11:00,4.682
5/12/2022 12:00,4.831
5/12/2022 13:00,4.975
5/12/2022 14:00,5.099
5/12/2022 15:00,5.16
5/12/2022 16:00,5.091
5/12/2022 17:00,4.735
5/12/2022 18:00,4.197
5/12/2022 19:00,3.926
5/12/2022 20:00,4.016
5/12/2022 21:00,4.125
5/12/2022 22:00,4.367
5/12/2022 23:00,4.413
5/13/2022 0:00,4.413
5/13/2022 1:00,4.37
5/13/2022 2:00,4.249
5/13/2022 3:00,4.115
5/13/2022 4:00,4.045
5/13/2022 5:00,4.38
5/13/2022 6:00,4.785
5/13/2022 7:00,5.443
5/13/2022 8:00,5.881
5/13/2022 9:00,6.056
5/13/2022 10:00,6.111
5/13/2022 11:00,6.165
5/13/2022 12:00,6.224
5/13/2022 13:00,6.245
5/13/2022 14:00,6.18
5/13/2022 15:00,5.989
5/13/2022 16:00,5.643
5/13/2022 17:00,5.021
5/13/2022 18:00,4.092
5/13/2022 19:00,3.161
5/13/2022 20:00,2.913
5/13/2022 21:00,2.888
5/13/2022 22:00,2.788
5/13/2022 23:00,2.578
5/14/2022 0:00,2.355
5/14/2022 1:00,2.104
5/14/2022 2:00,1.886
5/14/2022 3:00,1.738
5/14/2022 4:00,1.694
5/14/2022 5:00,1.936
5/14/2022 6:00,1.852
5/14/2022 7:00,1.486
5/14/2022 8:00,1.65
5/14/2022 9:00,1.817
5/14/2022 10:00,1.899
5/14/2022 11:00,1.93
5/14/2022 12:00,1.88
5/14/2022 13:00,1.782
5/14/2022 14:00,1.72
5/14/2022 15:00,1.679
5/14/2022 16:00,1.598
5/14/2022 17:00,1.434
5/14/2022 18:00,1.137
5/14/2022 19:00,1.137
5/14/2022 20:00,1.336
5/14/2022 21:00,1.465
5/14/2022 22:00,1.597
5/14/2022 23:00,1.818
5/15/2022 0:00,2.064
5/15/2022 1:00,2.275
5/15/2022 2:00,2.448
5/15/2022 3:00,2.422
5/15/2022 4:00,2.33
5/15/2022 5:00,2.652
5/15/2022 6:00,3.091
5/15/2022 7:00,3.388
5/15/2022 8:00,3.82
5/15/2022 9:00,4.28
5/15/2022 10:00,4.622
5/15/2022 11:00,4.881
5/15/2022 12:00,5.04
5/15/2022 13:00,5.066
5/15/2022 14:00,4.949
5/15/2022 15:00,4.669
5/15/2022 16:00,4.253
5/15/2022 17:00,3.958
5/15/2022 18:00,3.875
5/15/2022 19:00,3.834
5/15/2022 20:00,3.794
5/15/2022 21:00,3.725
5/15/2022 22:00,3.633
5/15/2022 23:00,3.506
5/16/2022 0:00,3.388
5/16/2022 1:00,3.284
5/16/2022 2:00,3.188
5/16/2022 3:00,3.252
5/16/2022 4:00,3.409
5/16/2022 5:00,3.771
5/16/2022 6:00,4.003
5/16/2022 7:00,4.286
5/16/2022 8:00,4.48
5/16/2022 9:00,4.627
5/16/2022 10:00,4.69
5/16/2022 11:00,4.707
5/16/2022 12:00,4.718
5/16/2022 13:00,4.678
5/16/2022 14:00,4.547
5/16/2022 15:00,4.385
5/16/2022 16:00,4.14
5/16/2022 17:00,3.618
5/16/2022 18:00,2.822
5/16/2022 19:00,2.204
5/16/2022 20:00,2.321
5/16/2022 21:00,2.465
5/16/2022 22:00,2.353
5/16/2022 23:00,2.188
5/17/2022 0:00,2.041
5/17/2022 1:00,2.031
5/17/2022 2:00,2.066
5/17/2022 3:00,2.123
5/17/2022 4:00,2.217
5/17/2022 5:00,2.863
5/17/2022 6:00,2.984
5/17/2022 7:00,3.146
5/17/2022 8:00,3.378
5/17/2022 9:00,3.498
5/17/2022 10:00,3.627
5/17/2022 11:00,3.816
5/17/2022 12:00,4.024
5/17/2022 13:00,4.228
5/17/2022 14:00,4.446
5/17/2022 15:00,4.631
5/17/2022 16:00,4.644
5/17/2022 17:00,4.542
5/17/2022 18:00,4.514
5/17/2022 19:00,4.301
5/17/2022 20:00,3.834
5/17/2022 21:00,3.505
5/17/2022 22:00,3.409
5/17/2022 23:00,3.204
5/18/2022 0:00,3.006
5/18/2022 1:00,2.881
5/18/2022 2:00,2.802
5/18/2022 3:00,2.694
5/18/2022 4:00,2.713
5/18/2022 5:00,3.247
5/18/2022 6:00,3.449
5/18/2022 7:00,3.566
5/18/2022 8:00,3.641
5/18/2022 9:00,3.762
5/18/2022 10:00,3.912
5/18/2022 11:00,4.101
5/18/2022 12:00,4.257
5/18/2022 13:00,4.314
5/18/2022 14:00,4.226
5/18/2022 15:00,3.966
5/18/2022 16:00,3.589
5/18/2022 17:00,3.253
5/18/2022 18:00,2.973
5/18/2022 19:00,2.812
5/18/2022 20:00,2.844
5/18/2022 21:00,2.93
5/18/2022 22:00,2.897
5/18/2022 23:00,2.763
5/19/2022 0:00,2.606
5/19/2022 1:00,2.497
5/19/2022 2:00,2.363
5/19/2022 3:00,2.194
5/19/2022 4:00,2.036
5/19/2022 5:00,2.327
5/19/2022 6:00,2.488
5/19/2022 7:00,2.519
5/19/2022 8:00,2.464
5/19/2022 9:00,2.65
5/19/2022 10:00,3.023
5/19/2022 11:00,3.383
5/19/2022 12:00,3.554
5/19/2022 13:00,3.546
5/19/2022 14:00,3.435
5/19/2022 15:00,3.297
5/19/2022 16:00,3.012
5/19/2022 17:00,2.524
5/19/2022 18:00,1.979
5/19/2022 19:00,1.554
5/19/2022 20:00,1.606
5/19/2022 21:00,1.648
5/19/2022 22:00,1.593
5/19/2022 23:00,1.5
5/20/2022 0:00,1.469
5/20/2022 1:00,1.5
5/20/2022 2:00,1.543
5/20/2022 3:00,1.567
5/20/2022 4:00,1.654
5/20/2022 5:00,2.024
5/20/2022 6:00,2.547
5/20/2022 7:00,2.681
5/20/2022 8:00,2.855
5/20/2022 9:00,3.25
5/20/2022 10:00,3.584
5/20/2022 11:00,3.998
5/20/2022 12:00,4.454
5/20/2022 13:00,4.823
5/20/2022 14:00,5.066
5/20/2022 15:00,5.08
5/20/2022 16:00,4.903
5/20/2022 17:00,4.68
5/20/2022 18:00,4.463
5/20/2022 19:00,4.239
5/20/2022 20:00,4.078
5/20/2022 21:00,4.031
5/20/2022 22:00,4.076
5/20/2022 23:00,3.986
5/21/2022 0:00,3.801
5/21/2022 1:00,3.582
5/21/2022 2:00,3.339
5/21/2022 3:00,3.126
5/21/2022 4:00,2.88
5/21/2022 5:00,2.997
5/21/2022 6:00,3.077
5/21/2022 7:00,3.119
5/21/2022 8:00,3.207
5/21/2022 9:00,3.336
5/21/2022 10:00,3.508
5/21/2022 11:00,3.627
5/21/2022 12:00,3.598
5/21/2022 13:00,3.532
5/21/2022 14:00,3.506
5/21/2022 15:00,3.431
5/21/2022 16:00,3.244
5/21/2022 17:00,2.851
5/21/2022 18:00,2.014
5/21/2022 19:00,1.547
5/21/2022 20:00,1.553
5/21/2022 21:00,1.629
5/21/2022 22:00,1.708
5/21/2022 23:00,1.782
5/22/2022 0:00,1.836
5/22/2022 1:00,1.866
5/22/2022 2:00,1.835
5/22/2022 3:00,1.806
5/22/2022 4:00,1.88
5/22/2022 5:00,2.208
5/22/2022 6:00,2.486
5/22/2022 7:00,2.783
5/22/2022 8:00,3.045
5/22/2022 9:00,3.209
5/22/2022 10:00,3.312
5/22/2022 11:00,3.34
5/22/2022 12:00,3.353
5/22/2022 13:00,3.363
5/22/2022 14:00,3.265
5/22/2022 15:00,3.085
5/22/2022 16:00,2.887
5/22/2022 17:00,2.589
5/22/2022 18:00,2.119
5/22/2022 19:00,1.825
5/22/2022 20:00,1.8
5/22/2022 21:00,1.85
5/22/2022 22:00,1.832
5/22/2022 23:00,1.807
5/23/2022 0:00,1.769
5/23/2022 1:00,1.723
5/23/2022 2:00,1.643
5/23/2022 3:00,1.578
5/23/2022 4:00,1.607
5/23/2022 5:00,1.916
5/23/2022 6:00,2.143
5/23/2022 7:00,2.277
5/23/2022 8:00,2.348
5/23/2022 9:00,2.411
5/23/2022 10:00,2.518
5/23/2022 11:00,2.755
5/23/2022 12:00,2.985
5/23/2022 13:00,3.175
5/23/2022 14:00,3.321
5/23/2022 15:00,3.423
5/23/2022 16:00,3.44
5/23/2022 17:00,3.276
5/23/2022 18:00,2.913
5/23/2022 19:00,2.551
5/23/2022 20:00,2.497
5/23/2022 21:00,2.693
5/23/2022 22:00,2.847
5/23/2022 23:00,2.971
5/24/2022 0:00,3.058
5/24/2022 1:00,3.076
5/24/2022 2:00,3.047
5/24/2022 3:00,2.944
5/24/2022 4:00,2.914
5/24/2022 5:00,3.271
5/24/2022 6:00,3.582
5/24/2022 7:00,3.868
5/24/2022 8:00,4.087
5/24/2022 9:00,4.237
5/24/2022 10:00,4.312
5/24/2022 11:00,4.314
5/24/2022 12:00,4.276
5/24/2022 13:00,4.262
5/24/2022 14:00,4.264
5/24/2022 15:00,4.255
5/24/2022 16:00,4.121
5/24/2022 17:00,3.786
5/24/2022 18:00,2.903
5/24/2022 19:00,1.999
5/24/2022 20:00,1.975
5/24/2022 21:00,2.289
5/24/2022 22:00,2.61
5/24/2022 23:00,2.798
5/25/2022 0:00,2.896
5/25/2022 1:00,3.035
5/25/2022 2:00,3.166
5/25/2022 3:00,3.381
5/25/2022 4:00,3.806
5/25/2022 5:00,4.35
5/25/2022 6:00,4.93
5/25/2022 7:00,5.742
5/25/2022 8:00,6.257
5/25/2022 9:00,6.612
5/25/2022 10:00,6.828
5/25/2022 11:00,6.933
5/25/2022 12:00,7.044
5/25/2022 13:00,7.041
5/25/2022 14:00,6.908
5/25/2022 15:00,6.661
5/25/2022 16:00,6.226
5/25/2022 17:00,5.571
5/25/2022 18:00,4.872
5/25/2022 19:00,4.187
5/25/2022 20:00,3.658
5/25/2022 21:00,3.585
5/25/2022 22:00,3.606
5/25/2022 23:00,3.602
5/26/2022 0:00,3.589
5/26/2022 1:00,3.544
5/26/2022 2:00,3.407
5/26/2022 3:00,3.277
5/26/2022 4:00,3.416
5/26/2022 5:00,3.846
5/26/2022 6:00,4.265
5/26/2022 7:00,4.914
5/26/2022 8:00,5.353
5/26/2022 9:00,5.743
5/26/2022 10:00,6.137
5/26/2022 11:00,6.52
5/26/2022 12:00,6.847
5/26/2022 13:00,7.054
5/26/2022 14:00,7.097
5/26/2022 15:00,6.926
5/26/2022 16:00,6.499
5/26/2022 17:00,5.919
5/26/2022 18:00,5.217
5/26/2022 19:00,4.544
5/26/2022 20:00,4.091
5/26/2022 21:00,3.994
5/26/2022 22:00,3.946
5/26/2022 23:00,3.895
5/27/2022 0:00,3.796
5/27/2022 1:00,3.671
5/27/2022 2:00,3.509
5/27/2022 3:00,3.329
5/27/2022 4:00,3.438
5/27/2022 5:00,3.981
5/27/2022 6:00,4.472
5/27/2022 7:00,4.962
5/27/2022 8:00,5.054
5/27/2022 9:00,5.038
5/27/2022 10:00,5.03
5/27/2022 11:00,5.054
5/27/2022 12:00,5.094
5/27/2022 13:00,5.14
5/27/2022 14:00,5.164
5/27/2022 15:00,5.159
5/27/2022 16:00,5.082
5/27/2022 17:00,4.846
5/27/2022 18:00,4.233
5/27/2022 19:00,3.495
5/27/2022 20:00,3.174
5/27/2022 21:00,3.049
5/27/2022 22:00,2.873
5/27/2022 23:00,2.842
5/28/2022 0:00,2.832
5/28/2022 1:00,2.821
5/28/2022 2:00,2.791
5/28/2022 3:00,2.7
5/28/2022 4:00,2.785
5/28/2022 5:00,3.13
5/28/2022 6:00,3.395
5/28/2022 7:00,3.384
5/28/2022 8:00,3.226
5/28/2022 9:00,3.113
5/28/2022 10:00,3.048
5/28/2022 11:00,3.036
5/28/2022 12:00,3.085
5/28/2022 13:00,3.181
5/28/2022 14:00,3.268
5/28/2022 15:00,3.325
5/28/2022 16:00,3.328
5/28/2022 17:00,3.208
5/28/2022 18:00,2.774
5/28/2022 19:00,2.084
5/28/2022 20:00,1.948
5/28/2022 21:00,2.084
5/28/2022 22:00,2.143
5/28/2022 23:00,2.119
5/29/2022 0:00,2.014
5/29/2022 1:00,1.96
5/29/2022 2:00,1.999
5/29/2022 3:00,2.043
5/29/2022 4:00,2.312
5/29/2022 5:00,3.001
5/29/2022 6:00,3.492
5/29/2022 7:00,3.727
5/29/2022 8:00,3.763
5/29/2022 9:00,3.69
5/29/2022 10:00,3.585
5/29/2022 11:00,3.509
5/29/2022 12:00,3.43
5/29/2022 13:00,3.33
5/29/2022 14:00,3.215
5/29/2022 15:00,3.14
5/29/2022 16:00,3.053
5/29/2022 17:00,2.858
5/29/2022 18:00,2.401
5/29/2022 19:00,1.685
5/29/2022 20:00,1.522
5/29/2022 21:00,1.523
5/29/2022 22:00,1.484
5/29/2022 23:00,1.422
5/30/2022 0:00,1.371
5/30/2022 1:00,1.35
5/30/2022 2:00,1.356
5/30/2022 3:00,1.326
5/30/2022 4:00,1.301
5/30/2022 5:00,1.688
5/30/2022 6:00,1.96
5/30/2022 7:00,2.116
5/30/2022 8:00,2.278
5/30/2022 9:00,2.489
5/30/2022 10:00,2.722
5/30/2022 11:00,2.94
5/30/2022 12:00,3.094
5/30/2022 13:00,3.169
5/30/2022 14:00,3.143
5/30/2022 15:00,3.039
5/30/2022 16:00,2.824
5/30/2022 17:00,2.506
5/30/2022 18:00,2.02
5/30/2022 19:00,1.589
5/30/2022 20:00,1.567
5/30/2022 21:00,1.661
5/30/2022 22:00,1.665
5/30/2022 23:00,1.58
5/31/2022 0:00,1.478
5/31/2022 1:00,1.406
5/31/2022 2:00,1.352
5/31/2022 3:00,1.308
5/31/2022 4:00,1.328
5/31/2022 5:00,1.776
5/31/2022 6:00,2.085
5/31/2022 7:00,2.361
5/31/2022 8:00,2.581
5/31/2022 9:00,2.723
5/31/2022 10:00,2.845
5/31/2022 11:00,2.982
5/31/2022 12:00,3.163
5/31/2022 13:00,3.36
5/31/2022 14:00,3.516
5/31/2022 15:00,3.583
5/31/2022 16:00,3.481
5/31/2022 17:00,3.235
5/31/2022 18:00,2.596
5/31/2022 19:00,1.76
5/31/2022 20:00,1.614
5/31/2022 21:00,1.702
5/31/2022 22:00,1.802
5/31/2022 23:00,1.84
6/1/2022 0:00,1.803
6/1/2022 1:00,1.738
6/1/2022 2:00,1.688
6/1/2022 3:00,1.665
6/1/2022 4:00,1.729
6/1/2022 5:00,2.168
6/1/2022 6:00,2.345
6/1/2022 7:00,2.492
6/1/2022 8:00,2.544
6/1/2022 9:00,2.548
6/1/2022 10:00,2.491
6/1/2022 11:00,2.411
6/1/2022 12:00,2.315
6/1/2022 13:00,2.212
6/1/2022 14:00,2.099
6/1/2022 15:00,1.989
6/1/2022 16:00,1.88
6/1/2022 17:00,1.722
6/1/2022 18:00,1.262
6/1/2022 19:00,0.915
6/1/2022 20:00,1.06
6/1/2022 21:00,1.16
6/1/2022 22:00,1.231
6/1/2022 23:00,1.29
6/2/2022 0:00,1.333
6/2/2022 1:00,1.347
6/2/2022 2:00,1.35
6/2/2022 3:00,1.347
6/2/2022 4:00,1.393
6/2/2022 5:00,1.956
6/2/2022 6:00,2.099
6/2/2022 7:00,2.178
6/2/2022 8:00,2.289
6/2/2022 9:00,2.439
6/2/2022 10:00,2.601
6/2/2022 11:00,2.692
6/2/2022 12:00,2.679
6/2/2022 13:00,2.579
6/2/2022 14:00,2.434
6/2/2022 15:00,2.314
6/2/2022 16:00,2.213
6/2/2022 17:00,2.091
6/2/2022 18:00,1.869
6/2/2022 19:00,1.706
6/2/2022 20:00,1.943
6/2/2022 21:00,2.143
6/2/2022 22:00,2.203
6/2/2022 23:00,2.209
6/3/2022 0:00,2.149
6/3/2022 1:00,2.083
6/3/2022 2:00,1.999
6/3/2022 3:00,1.899
6/3/2022 4:00,1.944
6/3/2022 5:00,2.504
6/3/2022 6:00,2.653
6/3/2022 7:00,2.795
6/3/2022 8:00,3.027
6/3/2022 9:00,3.26
6/3/2022 10:00,3.497
6/3/2022 11:00,3.736
6/3/2022 12:00,3.956
6/3/2022 13:00,4.068
6/3/2022 14:00,4.146
6/3/2022 15:00,4.198
6/3/2022 16:00,4.278
6/3/2022 17:00,4.257
6/3/2022 18:00,4.023
6/3/2022 19:00,3.772
6/3/2022 20:00,3.741
6/3/2022 21:00,3.932
6/3/2022 22:00,4.117
6/3/2022 23:00,4.307
6/4/2022 0:00,4.435
6/4/2022 1:00,4.557
6/4/2022 2:00,4.704
6/4/2022 3:00,4.731
6/4/2022 4:00,4.811
6/4/2022 5:00,5.008
6/4/2022 6:00,5.284
6/4/2022 7:00,5.42
6/4/2022 8:00,5.531
6/4/2022 9:00,5.657
6/4/2022 10:00,5.751
6/4/2022 11:00,5.803
6/4/2022 12:00,5.803
6/4/2022 13:00,5.772
6/4/2022 14:00,5.706
6/4/2022 15:00,5.557
6/4/2022 16:00,5.308
6/4/2022 17:00,4.933
6/4/2022 18:00,4.477
6/4/2022 19:00,4.029
6/4/2022 20:00,3.775
6/4/2022 21:00,3.895
6/4/2022 22:00,3.955
6/4/2022 23:00,3.898
6/5/2022 0:00,3.977
6/5/2022 1:00,4.025
6/5/2022 2:00,4.051
6/5/2022 3:00,3.986
6/5/2022 4:00,3.943
6/5/2022 5:00,3.976
6/5/2022 6:00,4.059
6/5/2022 7:00,4.127
6/5/2022 8:00,4.063
6/5/2022 9:00,3.834
6/5/2022 10:00,3.619
6/5/2022 11:00,3.426
6/5/2022 12:00,3.254
6/5/2022 13:00,3.13
6/5/2022 14:00,3.057
6/5/2022 15:00,3.012
6/5/2022 16:00,2.945
6/5/2022 17:00,2.753
6/5/2022 18:00,2.416
6/5/2022 19:00,1.955
6/5/2022 20:00,1.724
6/5/2022 21:00,1.68
6/5/2022 22:00,1.641
6/5/2022 23:00,1.664
6/6/2022 0:00,1.735
6/6/2022 1:00,1.82
6/6/2022 2:00,1.906
6/6/2022 3:00,2.011
6/6/2022 4:00,2.197
6/6/2022 5:00,2.546
6/6/2022 6:00,2.806
6/6/2022 7:00,2.98
6/6/2022 8:00,3.055
6/6/2022 9:00,2.997
6/6/2022 10:00,2.799
6/6/2022 11:00,2.525
6/6/2022 12:00,2.321
6/6/2022 13:00,2.322
6/6/2022 14:00,2.368
6/6/2022 15:00,2.331
6/6/2022 16:00,2.19
6/6/2022 17:00,1.949
6/6/2022 18:00,1.504
6/6/2022 19:00,1.053
6/6/2022 20:00,1.043
6/6/2022 21:00,1.079
6/6/2022 22:00,1.143
6/6/2022 23:00,1.203
6/7/2022 0:00,1.208
6/7/2022 1:00,1.217
6/7/2022 2:00,1.216
6/7/2022 3:00,1.17
6/7/2022 4:00,1.116
6/7/2022 5:00,1.378
6/7/2022 6:00,1.41
6/7/2022 7:00,1.249
6/7/2022 8:00,1.111
6/7/2022 9:00,1.153
6/7/2022 10:00,1.322
6/7/2022 11:00,1.529
6/7/2022 12:00,1.753
6/7/2022 13:00,1.967
6/7/2022 14:00,2.221
6/7/2022 15:00,2.449
6/7/2022 16:00,2.554
6/7/2022 17:00,2.566
6/7/2022 18:00,2.481
6/7/2022 19:00,2.331
6/7/2022 20:00,2.636
6/7/2022 21:00,3.044
6/7/2022 22:00,3.234
6/7/2022 23:00,3.29
6/8/2022 0:00,3.304
6/8/2022 1:00,3.269
6/8/2022 2:00,3.323
6/8/2022 3:00,3.332
6/8/2022 4:00,3.35
6/8/2022 5:00,3.531
6/8/2022 6:00,3.763
6/8/2022 7:00,4.167
6/8/2022 8:00,4.522
6/8/2022 9:00,4.709
6/8/2022 10:00,4.776
6/8/2022 11:00,4.879
6/8/2022 12:00,5.036
6/8/2022 13:00,5.15
6/8/2022 14:00,5.201
6/8/2022 15:00,5.201
6/8/2022 16:00,5.033
6/8/2022 17:00,4.694
6/8/2022 18:00,4.115
6/8/2022 19:00,3.435
6/8/2022 20:00,2.943
6/8/2022 21:00,2.969
6/8/2022 22:00,3.181
6/8/2022 23:00,3.245
6/9/2022 0:00,3.131
6/9/2022 1:00,2.972
6/9/2022 2:00,2.819
6/9/2022 3:00,2.542
6/9/2022 4:00,2.728
6/9/2022 5:00,3.059
6/9/2022 6:00,3.156
6/9/2022 7:00,3.418
6/9/2022 8:00,3.714
6/9/2022 9:00,4.017
6/9/2022 10:00,4.258
6/9/2022 11:00,4.421
6/9/2022 12:00,4.521
6/9/2022 13:00,4.608
6/9/2022 14:00,4.689
6/9/2022 15:00,4.72
6/9/2022 16:00,4.712
6/9/2022 17:00,4.569
6/9/2022 18:00,4.238
6/9/2022 19:00,3.923
6/9/2022 20:00,3.834
6/9/2022 21:00,3.826
6/9/2022 22:00,3.801
6/9/2022 23:00,3.69
6/10/2022 0:00,3.548
6/10/2022 1:00,3.414
6/10/2022 2:00,3.227
6/10/2022 3:00,3.062
6/10/2022 4:00,3.21
6/10/2022 5:00,3.702
6/10/2022 6:00,4.092
6/10/2022 7:00,4.596
6/10/2022 8:00,4.892
6/10/2022 9:00,5.087
6/10/2022 10:00,5.287
6/10/2022 11:00,5.517
6/10/2022 12:00,5.756
6/10/2022 13:00,5.967
6/10/2022 14:00,6.104
6/10/2022 15:00,6.121
6/10/2022 16:00,5.968
6/10/2022 17:00,5.54
6/10/2022 18:00,4.905
6/10/2022 19:00,4.195
6/10/2022 20:00,3.751
6/10/2022 21:00,3.923
6/10/2022 22:00,3.961
6/10/2022 23:00,3.899
6/11/2022 0:00,3.833
6/11/2022 1:00,3.762
6/11/2022 2:00,3.729
6/11/2022 3:00,3.697
6/11/2022 4:00,3.95
6/11/2022 5:00,4.398
6/11/2022 6:00,4.87
6/11/2022 7:00,5.316
6/11/2022 8:00,5.639
6/11/2022 9:00,5.869
6/11/2022 10:00,6.04
6/11/2022 11:00,6.198
6/11/2022 12:00,6.272
6/11/2022 13:00,6.222
6/11/2022 14:00,6.126
6/11/2022 15:00,6.039
6/11/2022 16:00,5.85
6/11/2022 17:00,5.441
6/11/2022 18:00,4.736
6/11/2022 19:00,3.951
6/11/2022 20:00,3.524
6/11/2022 21:00,3.568
6/11/2022 22:00,3.59
6/11/2022 23:00,3.512
6/12/2022 0:00,3.381
6/12/2022 1:00,3.269
6/12/2022 2:00,3.177
6/12/2022 3:00,3.084
6/12/2022 4:00,3.289
6/12/2022 5:00,3.644
6/12/2022 6:00,3.987
6/12/2022 7:00,4.293
6/12/2022 8:00,4.497
6/12/2022 9:00,4.614
6/12/2022 10:00,4.679
6/12/2022 11:00,4.775
6/12/2022 12:00,4.887
6/12/2022 13:00,4.999
6/12/2022 14:00,5.083
6/12/2022 15:00,5.097
6/12/2022 16:00,5.002
6/12/2022 17:00,4.708
6/12/2022 18:00,4.203
6/12/2022 19:00,3.543
6/12/2022 20:00,3.062
6/12/2022 21:00,3.179
6/12/2022 22:00,3.225
6/12/2022 23:00,3.066
6/13/2022 0:00,2.974
6/13/2022 1:00,2.916
6/13/2022 2:00,2.808
6/13/2022 3:00,2.66
6/13/2022 4:00,2.826
6/13/2022 5:00,3.172
6/13/2022 6:00,3.396
6/13/2022 7:00,3.389
6/13/2022 8:00,3.347
6/13/2022 9:00,3.271
6/13/2022 10:00,3.134
6/13/2022 11:00,2.956
6/13/2022 12:00,2.769
6/13/2022 13:00,2.62
6/13/2022 14:00,2.515
6/13/2022 15:00,2.445
6/13/2022 16:00,2.328
6/13/2022 17:00,2.147
6/13/2022 18:00,1.832
6/13/2022 19:00,1.43
6/13/2022 20:00,1.342
6/13/2022 21:00,1.392
6/13/2022 22:00,1.387
6/13/2022 23:00,1.34
6/14/2022 0:00,1.294
6/14/2022 1:00,1.282
6/14/2022 2:00,1.282
6/14/2022 3:00,1.298
6/14/2022 4:00,1.31
6/14/2022 5:00,1.84
6/14/2022 6:00,1.988
6/14/2022 7:00,2.011
6/14/2022 8:00,2.048
6/14/2022 9:00,2.036
6/14/2022 10:00,2.065
6/14/2022 11:00,2.109
6/14/2022 12:00,2.119
6/14/2022 13:00,2.073
6/14/2022 14:00,1.979
6/14/2022 15:00,1.893
6/14/2022 16:00,1.811
6/14/2022 17:00,1.7
6/14/2022 18:00,1.508
6/14/2022 19:00,1.259
6/14/2022 20:00,1.358
6/14/2022 21:00,1.466
6/14/2022 22:00,1.495
6/14/2022 23:00,1.461
6/15/2022 0:00,1.427
6/15/2022 1:00,1.394
6/15/2022 2:00,1.358
6/15/2022 3:00,1.294
6/15/2022 4:00,1.175
6/15/2022 5:00,1.424
6/15/2022 6:00,1.319
6/15/2022 7:00,1.208
6/15/2022 8:00,1.251
6/15/2022 9:00,1.291
6/15/2022 10:00,1.403
6/15/2022 11:00,1.539
6/15/2022 12:00,1.681
6/15/2022 13:00,1.831
6/15/2022 14:00,1.932
6/15/2022 15:00,1.959
6/15/2022 16:00,1.966
6/15/2022 17:00,1.911
6/15/2022 18:00,1.638
6/15/2022 19:00,1.227
6/15/2022 20:00,1.261
6/15/2022 21:00,1.329
6/15/2022 22:00,1.391
6/15/2022 23:00,1.462
6/16/2022 0:00,1.479
6/16/2022 1:00,1.345
6/16/2022 2:00,1.222
6/16/2022 3:00,1.212
6/16/2022 4:00,1.212
6/16/2022 5:00,1.554
6/16/2022 6:00,1.438
6/16/2022 7:00,1.217
6/16/2022 8:00,1.217
6/16/2022 9:00,1.432
6/16/2022 10:00,1.562
6/16/2022 11:00,1.685
6/16/2022 12:00,1.833
6/16/2022 13:00,1.963
6/16/2022 14:00,2.126
6/16/2022 15:00,2.245
6/16/2022 16:00,2.135
6/16/2022 17:00,1.752
6/16/2022 18:00,1.42
6/16/2022 19:00,1.289
6/16/2022 20:00,1.526
6/16/2022 21:00,1.695
6/16/2022 22:00,1.817
6/16/2022 23:00,1.895
6/17/2022 0:00,1.901
6/17/2022 1:00,1.847
6/17/2022 2:00,1.902
6/17/2022 3:00,2.143
6/17/2022 4:00,2.686
6/17/2022 5:00,3.488
6/17/2022 6:00,3.624
6/17/2022 7:00,3.596
6/17/2022 8:00,3.994
6/17/2022 9:00,4.498
6/17/2022 10:00,4.915
6/17/2022 11:00,5.158
6/17/2022 12:00,5.208
6/17/2022 13:00,5.16
6/17/2022 14:00,5.062
6/17/2022 15:00,4.901
6/17/2022 16:00,4.513
6/17/2022 17:00,4.045
6/17/2022 18:00,3.488
6/17/2022 19:00,2.728
6/17/2022 20:00,2.343
6/17/2022 21:00,2.408
6/17/2022 22:00,2.42
6/17/2022 23:00,2.302
6/18/2022 0:00,2.121
6/18/2022 1:00,1.946
6/18/2022 2:00,1.879
6/18/2022 3:00,1.935
6/18/2022 4:00,2.286
6/18/2022 5:00,2.923
6/18/2022 6:00,3.327
6/18/2022 7:00,3.565
6/18/2022 8:00,3.562
6/18/2022 9:00,3.613
6/18/2022 10:00,3.83
6/18/2022 11:00,4.064
6/18/2022 12:00,4.412
6/18/2022 13:00,4.669
6/18/2022 14:00,4.727
6/18/2022 15:00,4.745
6/18/2022 16:00,4.852
6/18/2022 17:00,4.83
6/18/2022 18:00,4.547
6/18/2022 19:00,4.34
6/18/2022 20:00,4.181
6/18/2022 21:00,4.025
6/18/2022 22:00,3.821
6/18/2022 23:00,3.772
6/19/2022 0:00,3.647
6/19/2022 1:00,3.475
6/19/2022 2:00,3.193
6/19/2022 3:00,3.028
6/19/2022 4:00,3.182
6/19/2022 5:00,3.737
6/19/2022 6:00,4.126
6/19/2022 7:00,4.487
6/19/2022 8:00,4.751
6/19/2022 9:00,4.839
6/19/2022 10:00,4.644
6/19/2022 11:00,4.325
6/19/2022 12:00,4.169
6/19/2022 13:00,4.12
6/19/2022 14:00,4.037
6/19/2022 15:00,3.968
6/19/2022 16:00,3.843
6/19/2022 17:00,3.57
6/19/2022 18:00,3.215
6/19/2022 19:00,2.954
6/19/2022 20:00,2.994
6/19/2022 21:00,3.165
6/19/2022 22:00,3.141
6/19/2022 23:00,3.069
6/20/2022 0:00,3.047
6/20/2022 1:00,2.907
6/20/2022 2:00,2.726
6/20/2022 3:00,2.561
6/20/2022 4:00,2.563
6/20/2022 5:00,2.985
6/20/2022 6:00,3.491
6/20/2022 7:00,3.567
6/20/2022 8:00,3.534
6/20/2022 9:00,3.648
6/20/2022 10:00,3.661
6/20/2022 11:00,3.568
6/20/2022 12:00,3.401
6/20/2022 13:00,3.196
6/20/2022 14:00,2.98
6/20/2022 15:00,2.768
6/20/2022 16:00,2.54
6/20/2022 17:00,2.238
6/20/2022 18:00,1.819
6/20/2022 19:00,1.328
6/20/2022 20:00,1.352
6/20/2022 21:00,1.442
6/20/2022 22:00,1.505
6/20/2022 23:00,1.508
6/21/2022 0:00,1.487
6/21/2022 1:00,1.457
6/21/2022 2:00,1.423
6/21/2022 3:00,1.366
6/21/2022 4:00,1.316
6/21/2022 5:00,1.712
6/21/2022 6:00,1.824
6/21/2022 7:00,1.685
6/21/2022 8:00,1.781
6/21/2022 9:00,1.801
6/21/2022 10:00,1.787
6/21/2022 11:00,1.767
6/21/2022 12:00,1.712
6/21/2022 13:00,1.645
6/21/2022 14:00,1.602
6/21/2022 15:00,1.617
6/21/2022 16:00,1.683
6/21/2022 17:00,1.659
6/21/2022 18:00,1.55
6/21/2022 19:00,1.271
6/21/2022 20:00,1.327
6/21/2022 21:00,1.411
6/21/2022 22:00,1.46
6/21/2022 23:00,1.476
6/22/2022 0:00,1.452
6/22/2022 1:00,1.419
6/22/2022 2:00,1.41
6/22/2022 3:00,1.42
6/22/2022 4:00,1.46
6/22/2022 5:00,2.041
6/22/2022 6:00,2.181
6/22/2022 7:00,2.396
6/22/2022 8:00,2.605
6/22/2022 9:00,2.66
6/22/2022 10:00,2.656
6/22/2022 11:00,2.634
6/22/2022 12:00,2.6
6/22/2022 13:00,2.547
6/22/2022 14:00,2.478
6/22/2022 15:00,2.42
6/22/2022 16:00,2.358
6/22/2022 17:00,2.213
6/22/2022 18:00,1.929
6/22/2022 19:00,1.482
6/22/2022 20:00,1.442
6/22/2022 21:00,1.434
6/22/2022 22:00,1.394
6/22/2022 23:00,1.349
6/23/2022 0:00,1.329
6/23/2022 1:00,1.341
6/23/2022 2:00,1.373
6/23/2022 3:00,1.401
6/23/2022 4:00,1.484
6/23/2022 5:00,2.104
6/23/2022 6:00,2.129
6/23/2022 7:00,2.136
6/23/2022 8:00,2.178
6/23/2022 9:00,2.189
6/23/2022 10:00,2.2
6/23/2022 11:00,2.238
6/23/2022 12:00,2.317
6/23/2022 13:00,2.437
6/23/2022 14:00,2.556
6/23/2022 15:00,2.625
6/23/2022 16:00,2.548
6/23/2022 17:00,2.382
6/23/2022 18:00,2.059
6/23/2022 19:00,1.587
6/23/2022 20:00,1.533
6/23/2022 21:00,1.649
6/23/2022 22:00,1.694
6/23/2022 23:00,1.708
6/24/2022 0:00,1.716
6/24/2022 1:00,1.753
6/24/2022 2:00,1.8
6/24/2022 3:00,1.905
6/24/2022 4:00,2.194
6/24/2022 5:00,2.737
6/24/2022 6:00,2.9
6/24/2022 7:00,3.098
6/24/2022 8:00,3.319
6/24/2022 9:00,3.609
6/24/2022 10:00,3.954
6/24/2022 11:00,4.313
6/24/2022 12:00,4.632
6/24/2022 13:00,4.867
6/24/2022 14:00,5.002
6/24/2022 15:00,5.048
6/24/2022 16:00,5.003
6/24/2022 17:00,4.808
6/24/2022 18:00,4.423
6/24/2022 19:00,4.076
6/24/2022 20:00,4.04
6/24/2022 21:00,4.294
6/24/2022 22:00,4.372
6/24/2022 23:00,4.354
6/25/2022 0:00,4.228
6/25/2022 1:00,4.108
6/25/2022 2:00,3.969
6/25/2022 3:00,3.834
6/25/2022 4:00,3.998
6/25/2022 5:00,4.409
6/25/2022 6:00,4.998
6/25/2022 7:00,5.474
6/25/2022 8:00,5.788
6/25/2022 9:00,5.941
6/25/2022 10:00,6.02
6/25/2022 11:00,6.123
6/25/2022 12:00,6.189
6/25/2022 13:00,6.178
6/25/2022 14:00,6.077
6/25/2022 15:00,5.93
6/25/2022 16:00,5.676
6/25/2022 17:00,5.211
6/25/2022 18:00,4.514
6/25/2022 19:00,3.855
6/25/2022 20:00,3.478
6/25/2022 21:00,3.498
6/25/2022 22:00,3.559
6/25/2022 23:00,3.585
6/26/2022 0:00,3.587
6/26/2022 1:00,3.613
6/26/2022 2:00,3.724
6/26/2022 3:00,3.867
6/26/2022 4:00,4.251
6/26/2022 5:00,4.689
6/26/2022 6:00,5.4
6/26/2022 7:00,6.029
6/26/2022 8:00,6.36
6/26/2022 9:00,6.537
6/26/2022 10:00,6.689
6/26/2022 11:00,6.795
6/26/2022 12:00,6.791
6/26/2022 13:00,6.681
6/26/2022 14:00,6.482
6/26/2022 15:00,6.256
6/26/2022 16:00,5.93
6/26/2022 17:00,5.404
6/26/2022 18:00,4.672
6/26/2022 19:00,3.791
6/26/2022 20:00,3.252
6/26/2022 21:00,3.252
6/26/2022 22:00,3.206
6/26/2022 23:00,3.097
6/27/2022 0:00,2.966
6/27/2022 1:00,2.868
6/27/2022 2:00,2.778
6/27/2022 3:00,2.735
6/27/2022 4:00,2.907
6/27/2022 5:00,3.328
6/27/2022 6:00,3.769
6/27/2022 7:00,4.143
6/27/2022 8:00,4.38
6/27/2022 9:00,4.494
6/27/2022 10:00,4.579
6/27/2022 11:00,4.705
6/27/2022 12:00,4.849
6/27/2022 13:00,4.924
6/27/2022 14:00,4.87
6/27/2022 15:00,4.714
6/27/2022 16:00,4.46
6/27/2022 17:00,4.108
6/27/2022 18:00,3.383
6/27/2022 19:00,2.425
6/27/2022 20:00,2.161
6/27/2022 21:00,2.246
6/27/2022 22:00,2.335
6/27/2022 23:00,2.485
6/28/2022 0:00,2.676
6/28/2022 1:00,2.829
6/28/2022 2:00,2.917
6/28/2022 3:00,2.978
6/28/2022 4:00,3.236
6/28/2022 5:00,3.852
6/28/2022 6:00,4.195
6/28/2022 7:00,4.923
6/28/2022 8:00,5.574
6/28/2022 9:00,5.976
6/28/2022 10:00,6.236
6/28/2022 11:00,6.405
6/28/2022 12:00,6.476
6/28/2022 13:00,6.465
6/28/2022 14:00,6.344
6/28/2022 15:00,6.059
6/28/2022 16:00,5.614
6/28/2022 17:00,5.046
6/28/2022 18:00,4.372
6/28/2022 19:00,3.79
6/28/2022 20:00,3.523
6/28/2022 21:00,3.409
6/28/2022 22:00,3.32
6/28/2022 23:00,3.244
6/29/2022 0:00,3.169
6/29/2022 1:00,3.137
6/29/2022 2:00,3.122
6/29/2022 3:00,3.065
6/29/2022 4:00,3.127
6/29/2022 5:00,3.387
6/29/2022 6:00,3.633
6/29/2022 7:00,3.968
6/29/2022 8:00,4.246
6/29/2022 9:00,4.441
6/29/2022 10:00,4.55
6/29/2022 11:00,4.605
6/29/2022 12:00,4.577
6/29/2022 13:00,4.458
6/29/2022 14:00,4.275
6/29/2022 15:00,4.031
6/29/2022 16:00,3.65
6/29/2022 17:00,3.019
6/29/2022 18:00,2.358
6/29/2022 19:00,1.868
6/29/2022 20:00,1.599
6/29/2022 21:00,1.561
6/29/2022 22:00,1.499
6/29/2022 23:00,1.407
6/30/2022 0:00,1.316
6/30/2022 1:00,1.242
6/30/2022 2:00,1.167
6/30/2022 3:00,1.101
6/30/2022 4:00,1.163
6/30/2022 5:00,1.671
6/30/2022 6:00,1.966
6/30/2022 7:00,2.248
6/30/2022 8:00,2.416
6/30/2022 9:00,2.486
6/30/2022 10:00,2.515
6/30/2022 11:00,2.544
6/30/2022 12:00,2.568
6/30/2022 13:00,2.622
6/30/2022 14:00,2.649
6/30/2022 15:00,2.659
6/30/2022 16:00,2.629
6/30/2022 17:00,2.494
6/30/2022 18:00,2.177
6/30/2022 19:00,1.618
6/30/2022 20:00,1.521
6/30/2022 21:00,1.697
6/30/2022 22:00,1.801
6/30/2022 23:00,1.868
7/1/2022 0:00,1.929
7/1/2022 1:00,1.964
7/1/2022 2:00,1.934
7/1/2022 3:00,1.858
7/1/2022 4:00,2.041
7/1/2022 5:00,2.634
7/1/2022 6:00,2.915
7/1/2022 7:00,3.22
7/1/2022 8:00,3.551
7/1/2022 9:00,3.797
7/1/2022 10:00,3.963
7/1/2022 11:00,4.112
7/1/2022 12:00,4.235
7/1/2022 13:00,4.346
7/1/2022 14:00,4.423
7/1/2022 15:00,4.479
7/1/2022 16:00,4.428
7/1/2022 17:00,4.197
7/1/2022 18:00,3.777
7/1/2022 19:00,3.132
7/1/2022 20:00,2.836
7/1/2022 21:00,3.06
7/1/2022 22:00,3.292
7/1/2022 23:00,3.424
7/2/2022 0:00,3.53
7/2/2022 1:00,3.594
7/2/2022 2:00,3.638
7/2/2022 3:00,3.684
7/2/2022 4:00,3.931
7/2/2022 5:00,4.261
7/2/2022 6:00,4.635
7/2/2022 7:00,4.927
7/2/2022 8:00,5.13
7/2/2022 9:00,5.214
7/2/2022 10:00,5.194
7/2/2022 11:00,5.161
7/2/2022 12:00,5.109
7/2/2022 13:00,5.012
7/2/2022 14:00,4.858
7/2/2022 15:00,4.679
7/2/2022 16:00,4.476
7/2/2022 17:00,4.156
7/2/2022 18:00,3.527
7/2/2022 19:00,2.554
7/2/2022 20:00,2.086
7/2/2022 21:00,2.146
7/2/2022 22:00,2.25
7/2/2022 23:00,2.244
7/3/2022 0:00,2.121
7/3/2022 1:00,1.994
7/3/2022 2:00,1.936
7/3/2022 3:00,1.917
7/3/2022 4:00,2.198
7/3/2022 5:00,2.736
7/3/2022 6:00,2.864
7/3/2022 7:00,2.982
7/3/2022 8:00,3.083
7/3/2022 9:00,3.168
7/3/2022 10:00,3.239
7/3/2022 11:00,3.335
7/3/2022 12:00,3.466
7/3/2022 13:00,3.622
7/3/2022 14:00,3.776
7/3/2022 15:00,3.89
7/3/2022 16:00,3.893
7/3/2022 17:00,3.692
7/3/2022 18:00,3.219
7/3/2022 19:00,2.512
7/3/2022 20:00,2.219
7/3/2022 21:00,2.32
7/3/2022 22:00,2.398
7/3/2022 23:00,2.452
7/4/2022 0:00,2.505
7/4/2022 1:00,2.559
7/4/2022 2:00,2.593
7/4/2022 3:00,2.581
7/4/2022 4:00,2.653
7/4/2022 5:00,3.235
7/4/2022 6:00,3.652
7/4/2022 7:00,4.153
7/4/2022 8:00,4.444
7/4/2022 9:00,4.586
7/4/2022 10:00,4.659
7/4/2022 11:00,4.712
7/4/2022 12:00,4.77
7/4/2022 13:00,4.821
7/4/2022 14:00,4.802
7/4/2022 15:00,4.702
7/4/2022 16:00,4.491
7/4/2022 17:00,4.182
7/4/2022 18:00,3.632
7/4/2022 19:00,2.894
7/4/2022 20:00,2.551
7/4/2022 21:00,2.55
7/4/2022 22:00,2.535
7/4/2022 23:00,2.492
7/5/2022 0:00,2.487
7/5/2022 1:00,2.498
7/5/2022 2:00,2.455
7/5/2022 3:00,2.355
7/5/2022 4:00,2.546
7/5/2022 5:00,3.105
7/5/2022 6:00,3.337
7/5/2022 7:00,3.566
7/5/2022 8:00,3.613
7/5/2022 9:00,3.648
7/5/2022 10:00,3.659
7/5/2022 11:00,3.66
7/5/2022 12:00,3.681
7/5/2022 13:00,3.729
7/5/2022 14:00,3.756
7/5/2022 15:00,3.725
7/5/2022 16:00,3.628
7/5/2022 17:00,3.369
7/5/2022 18:00,2.908
7/5/2022 19:00,2.195
7/5/2022 20:00,1.923
7/5/2022 21:00,2.148
7/5/2022 22:00,2.367
7/5/2022 23:00,2.482
7/6/2022 0:00,2.552
7/6/2022 1:00,2.605
7/6/2022 2:00,2.632
7/6/2022 3:00,2.65
7/6/2022 4:00,2.957
7/6/2022 5:00,3.355
7/6/2022 6:00,3.629
7/6/2022 7:00,3.99
7/6/2022 8:00,4.227
7/6/2022 9:00,4.451
7/6/2022 10:00,4.648
7/6/2022 11:00,4.814
7/6/2022 12:00,4.958
7/6/2022 13:00,5.072
7/6/2022 14:00,5.138
7/6/2022 15:00,5.151
7/6/2022 16:00,5.096
7/6/2022 17:00,4.958
7/6/2022 18:00,4.683
7/6/2022 19:00,4.377
7/6/2022 20:00,4.145
7/6/2022 21:00,4.234
7/6/2022 22:00,4.194
7/6/2022 23:00,4.138
7/7/2022 0:00,4.047
7/7/2022 1:00,3.994
7/7/2022 2:00,3.773
7/7/2022 3:00,3.482
7/7/2022 4:00,3.555
7/7/2022 5:00,3.899
7/7/2022 6:00,4.309
7/7/2022 7:00,4.307
7/7/2022 8:00,4.192
7/7/2022 9:00,4.056
7/7/2022 10:00,3.88
7/7/2022 11:00,3.696
7/7/2022 12:00,3.533
7/7/2022 13:00,3.413
7/7/2022 14:00,3.323
7/7/2022 15:00,3.223
7/7/2022 16:00,3.12
7/7/2022 17:00,2.967
7/7/2022 18:00,2.559
7/7/2022 19:00,1.997
7/7/2022 20:00,1.91
7/7/2022 21:00,2.001
7/7/2022 22:00,1.998
7/7/2022 23:00,1.989
7/8/2022 0:00,2.017
7/8/2022 1:00,2.012
7/8/2022 2:00,1.987
7/8/2022 3:00,1.985
7/8/2022 4:00,2.319
7/8/2022 5:00,2.846
7/8/2022 6:00,2.871
7/8/2022 7:00,2.851
7/8/2022 8:00,2.829
7/8/2022 9:00,2.906
7/8/2022 10:00,2.997
7/8/2022 11:00,3.103
7/8/2022 12:00,3.217
7/8/2022 13:00,3.32
7/8/2022 14:00,3.388
7/8/2022 15:00,3.423
7/8/2022 16:00,3.433
7/8/2022 17:00,3.314
7/8/2022 18:00,3.007
7/8/2022 19:00,2.577
7/8/2022 20:00,2.453
7/8/2022 21:00,2.653
7/8/2022 22:00,2.78
7/8/2022 23:00,2.891
7/9/2022 0:00,2.935
7/9/2022 1:00,2.864
7/9/2022 2:00,2.772
7/9/2022 3:00,2.693
7/9/2022 4:00,2.916
7/9/2022 5:00,3.307
7/9/2022 6:00,3.709
7/9/2022 7:00,3.891
7/9/2022 8:00,3.721
7/9/2022 9:00,3.563
7/9/2022 10:00,3.437
7/9/2022 11:00,3.349
7/9/2022 12:00,3.293
7/9/2022 13:00,3.265
7/9/2022 14:00,3.247
7/9/2022 15:00,3.2
7/9/2022 16:00,3.124
7/9/2022 17:00,2.942
7/9/2022 18:00,2.48
7/9/2022 19:00,1.855
7/9/2022 20:00,1.745
7/9/2022 21:00,1.876
7/9/2022 22:00,1.871
7/9/2022 23:00,1.781
7/10/2022 0:00,1.685
7/10/2022 1:00,1.595
7/10/2022 2:00,1.528
7/10/2022 3:00,1.491
7/10/2022 4:00,1.53
7/10/2022 5:00,2.029
7/10/2022 6:00,1.888
7/10/2022 7:00,1.668
7/10/2022 8:00,1.379
7/10/2022 9:00,1.187
7/10/2022 10:00,1.075
7/10/2022 11:00,1.04
7/10/2022 12:00,1.11
7/10/2022 13:00,1.203
7/10/2022 14:00,1.276
7/10/2022 15:00,1.362
7/10/2022 16:00,1.423
7/10/2022 17:00,1.343
7/10/2022 18:00,1.206
7/10/2022 19:00,1.006
7/10/2022 20:00,1.126
7/10/2022 21:00,1.251
7/10/2022 22:00,1.249
7/10/2022 23:00,1.172
7/11/2022 0:00,1.095
7/11/2022 1:00,1.037
7/11/2022 2:00,1.021
7/11/2022 3:00,1.031
7/11/2022 4:00,1.02
7/11/2022 5:00,1.329
7/11/2022 6:00,1.42
7/11/2022 7:00,1.496
7/11/2022 8:00,1.71
7/11/2022 9:00,1.815
7/11/2022 10:00,1.959
7/11/2022 11:00,2.148
7/11/2022 12:00,2.257
7/11/2022 13:00,2.301
7/11/2022 14:00,2.336
7/11/2022 15:00,2.326
7/11/2022 16:00,2.288
7/11/2022 17:00,2.153
7/11/2022 18:00,1.832
7/11/2022 19:00,1.648
7/11/2022 20:00,1.662
7/11/2022 21:00,1.725
7/11/2022 22:00,1.781
7/11/2022 23:00,1.841
7/12/2022 0:00,1.865
7/12/2022 1:00,1.833
7/12/2022 2:00,1.803
7/12/2022 3:00,1.771
7/12/2022 4:00,1.79
7/12/2022 5:00,2.242
7/12/2022 6:00,2.472
7/12/2022 7:00,2.521
7/12/2022 8:00,2.853
7/12/2022 9:00,3.063
7/12/2022 10:00,3.266
7/12/2022 11:00,3.454
7/12/2022 12:00,3.636
7/12/2022 13:00,3.683
7/12/2022 14:00,3.554
7/12/2022 15:00,3.275
7/12/2022 16:00,2.881
7/12/2022 17:00,2.571
7/12/2022 18:00,2.241
7/12/2022 19:00,1.818
7/12/2022 20:00,1.667
7/12/2022 21:00,1.698
7/12/2022 22:00,1.815
7/12/2022 23:00,2.001
7/13/2022 0:00,2.185
7/13/2022 1:00,2.309
7/13/2022 2:00,2.355
7/13/2022 3:00,2.326
7/13/2022 4:00,2.53
7/13/2022 5:00,3.037
7/13/2022 6:00,3.388
7/13/2022 7:00,3.522
7/13/2022 8:00,3.421
7/13/2022 9:00,3.272
7/13/2022 10:00,3.154
7/13/2022 11:00,3.12
7/13/2022 12:00,3.143
7/13/2022 13:00,3.172
7/13/2022 14:00,3.205
7/13/2022 15:00,3.206
7/13/2022 16:00,3.181
7/13/2022 17:00,3.044
7/13/2022 18:00,2.72
7/13/2022 19:00,2.21
7/13/2022 20:00,2.119
7/13/2022 21:00,2.244
7/13/2022 22:00,2.177
7/13/2022 23:00,2.03
7/14/2022 0:00,1.922
7/14/2022 1:00,1.838
7/14/2022 2:00,1.81
7/14/2022 3:00,1.834
7/14/2022 4:00,1.997
7/14/2022 5:00,2.684
7/14/2022 6:00,3.043
7/14/2022 7:00,3.363
7/14/2022 8:00,3.643
7/14/2022 9:00,3.847
7/14/2022 10:00,3.956
7/14/2022 11:00,4.037
7/14/2022 12:00,4.14
7/14/2022 13:00,4.225
7/14/2022 14:00,4.251
7/14/2022 15:00,4.214
7/14/2022 16:00,4.126
7/14/2022 17:00,3.932
7/14/2022 18:00,3.404
7/14/2022 19:00,2.444
7/14/2022 20:00,2.016
7/14/2022 21:00,1.988
7/14/2022 22:00,1.873
7/14/2022 23:00,1.781
7/15/2022 0:00,1.733
7/15/2022 1:00,1.71
7/15/2022 2:00,1.701
7/15/2022 3:00,1.721
7/15/2022 4:00,1.884
7/15/2022 5:00,2.48
7/15/2022 6:00,2.538
7/15/2022 7:00,2.814
7/15/2022 8:00,3.124
7/15/2022 9:00,3.36
7/15/2022 10:00,3.518
7/15/2022 11:00,3.694
7/15/2022 12:00,3.903
7/15/2022 13:00,4.078
7/15/2022 14:00,4.144
7/15/2022 15:00,4.116
7/15/2022 16:00,3.987
7/15/2022 17:00,3.727
7/15/2022 18:00,3.186
7/15/2022 19:00,2.364
7/15/2022 20:00,2.02
7/15/2022 21:00,2.15
7/15/2022 22:00,2.139
7/15/2022 23:00,1.983
7/16/2022 0:00,1.825
7/16/2022 1:00,1.725
7/16/2022 2:00,1.647
7/16/2022 3:00,1.617
7/16/2022 4:00,1.695
7/16/2022 5:00,2.179
7/16/2022 6:00,2.195
7/16/2022 7:00,2.073
7/16/2022 8:00,1.889
7/16/2022 9:00,1.749
7/16/2022 10:00,1.684
7/16/2022 11:00,1.716
7/16/2022 12:00,1.775
7/16/2022 13:00,1.822
7/16/2022 14:00,1.866
7/16/2022 15:00,1.944
7/16/2022 16:00,2.101
7/16/2022 17:00,2.21
7/16/2022 18:00,2.162
7/16/2022 19:00,1.887
7/16/2022 20:00,1.589
7/16/2022 21:00,1.521
7/16/2022 22:00,1.737
7/16/2022 23:00,1.782
7/17/2022 0:00,1.728
7/17/2022 1:00,1.62
7/17/2022 2:00,1.579
7/17/2022 3:00,1.641
7/17/2022 4:00,1.832
7/17/2022 5:00,2.425
7/17/2022 6:00,2.771
7/17/2022 7:00,3.02
7/17/2022 8:00,3.181
7/17/2022 9:00,3.203
7/17/2022 10:00,3.207
7/17/2022 11:00,3.257
7/17/2022 12:00,3.336
7/17/2022 13:00,3.403
7/17/2022 14:00,3.357
7/17/2022 15:00,3.133
7/17/2022 16:00,2.806
7/17/2022 17:00,2.349
7/17/2022 18:00,1.692
7/17/2022 19:00,1.552
7/17/2022 20:00,1.675
7/17/2022 21:00,1.823
7/17/2022 22:00,1.96
7/17/2022 23:00,2.043
7/18/2022 0:00,2.075
7/18/2022 1:00,2.02
7/18/2022 2:00,1.926
7/18/2022 3:00,1.824
7/18/2022 4:00,1.762
7/18/2022 5:00,2.049
7/18/2022 6:00,2.302
7/18/2022 7:00,2.066
7/18/2022 8:00,2.004
7/18/2022 9:00,2.162
7/18/2022 10:00,2.317
7/18/2022 11:00,2.477
7/18/2022 12:00,2.616
7/18/2022 13:00,2.69
7/18/2022 14:00,2.693
7/18/2022 15:00,2.62
7/18/2022 16:00,2.522
7/18/2022 17:00,2.255
7/18/2022 18:00,1.622
7/18/2022 19:00,1.601
7/18/2022 20:00,1.769
7/18/2022 21:00,1.923
7/18/2022 22:00,2.035
7/18/2022 23:00,2.119
7/19/2022 0:00,2.171
7/19/2022 1:00,2.208
7/19/2022 2:00,2.252
7/19/2022 3:00,2.242
7/19/2022 4:00,2.306
7/19/2022 5:00,2.709
7/19/2022 6:00,3.089
7/19/2022 7:00,3.142
7/19/2022 8:00,3.29
7/19/2022 9:00,3.548
7/19/2022 10:00,3.817
7/19/2022 11:00,3.989
7/19/2022 12:00,4.109
7/19/2022 13:00,4.114
7/19/2022 14:00,4.043
7/19/2022 15:00,4.037
7/19/2022 16:00,3.839
7/19/2022 17:00,3.44
7/19/2022 18:00,2.928
7/19/2022 19:00,2.537
7/19/2022 20:00,2.532
7/19/2022 21:00,2.718
7/19/2022 22:00,2.839
7/19/2022 23:00,2.929
7/20/2022 0:00,2.835
7/20/2022 1:00,2.846
7/20/2022 2:00,2.693
7/20/2022 3:00,2.709
7/20/2022 4:00,2.932
7/20/2022 5:00,3.363
7/20/2022 6:00,3.637
7/20/2022 7:00,3.863
7/20/2022 8:00,4.03
7/20/2022 9:00,4.142
7/20/2022 10:00,4.161
7/20/2022 11:00,4.109
7/20/2022 12:00,4.019
7/20/2022 13:00,3.898
7/20/2022 14:00,3.765
7/20/2022 15:00,3.627
7/20/2022 16:00,3.541
7/20/2022 17:00,3.432
7/20/2022 18:00,3.202
7/20/2022 19:00,2.929
7/20/2022 20:00,2.952
7/20/2022 21:00,3.066
7/20/2022 22:00,3.076
7/20/2022 23:00,2.983
7/21/2022 0:00,2.848
7/21/2022 1:00,2.695
7/21/2022 2:00,2.591
7/21/2022 3:00,2.595
7/21/2022 4:00,2.653
7/21/2022 5:00,2.918
7/21/2022 6:00,2.966
7/21/2022 7:00,2.767
7/21/2022 8:00,2.396
7/21/2022 9:00,2.03
7/21/2022 10:00,1.757
7/21/2022 11:00,1.615
7/21/2022 12:00,1.593
7/21/2022 13:00,1.68
7/21/2022 14:00,1.866
7/21/2022 15:00,2.093
7/21/2022 16:00,2.306
7/21/2022 17:00,2.475
7/21/2022 18:00,2.482
7/21/2022 19:00,2.398
7/21/2022 20:00,2.477
7/21/2022 21:00,2.524
7/21/2022 22:00,2.49
7/21/2022 23:00,2.473
7/22/2022 0:00,2.475
7/22/2022 1:00,2.482
7/22/2022 2:00,2.492
7/22/2022 3:00,2.475
7/22/2022 4:00,2.535
7/22/2022 5:00,2.684
7/22/2022 6:00,2.838
7/22/2022 7:00,2.987
7/22/2022 8:00,3.168
7/22/2022 9:00,3.214
7/22/2022 10:00,3.178
7/22/2022 11:00,3.079
7/22/2022 12:00,2.975
7/22/2022 13:00,2.912
7/22/2022 14:00,2.823
7/22/2022 15:00,2.74
7/22/2022 16:00,2.613
7/22/2022 17:00,2.443
7/22/2022 18:00,2.139
7/22/2022 19:00,1.759
7/22/2022 20:00,1.778
7/22/2022 21:00,1.827
7/22/2022 22:00,1.738
7/22/2022 23:00,1.686
7/23/2022 0:00,1.582
7/23/2022 1:00,1.49
7/23/2022 2:00,1.429
7/23/2022 3:00,1.379
7/23/2022 4:00,1.359
7/23/2022 5:00,1.864
7/23/2022 6:00,2.207
7/23/2022 7:00,2.534
7/23/2022 8:00,2.918
7/23/2022 9:00,3.341
7/23/2022 10:00,3.746
7/23/2022 11:00,4.11
7/23/2022 12:00,4.416
7/23/2022 13:00,4.663
7/23/2022 14:00,4.855
7/23/2022 15:00,4.936
7/23/2022 16:00,4.929
7/23/2022 17:00,4.753
7/23/2022 18:00,4.521
7/23/2022 19:00,4.386
7/23/2022 20:00,4.466
7/23/2022 21:00,4.687
7/23/2022 22:00,4.813
7/23/2022 23:00,4.812
7/24/2022 0:00,4.771
7/24/2022 1:00,4.744
7/24/2022 2:00,4.694
7/24/2022 3:00,4.622
7/24/2022 4:00,4.591
7/24/2022 5:00,4.786
7/24/2022 6:00,5.134
7/24/2022 7:00,5.557
7/24/2022 8:00,5.856
7/24/2022 9:00,6.018
7/24/2022 10:00,6.118
7/24/2022 11:00,6.228
7/24/2022 12:00,6.34
7/24/2022 13:00,6.431
7/24/2022 14:00,6.44
7/24/2022 15:00,6.34
7/24/2022 16:00,6.083
7/24/2022 17:00,5.662
7/24/2022 18:00,5.179
7/24/2022 19:00,4.714
7/24/2022 20:00,4.406
7/24/2022 21:00,4.313
7/24/2022 22:00,4.268
7/24/2022 23:00,4.181
7/25/2022 0:00,4.121
7/25/2022 1:00,4.059
7/25/2022 2:00,4.022
7/25/2022 3:00,4.017
7/25/2022 4:00,4.085
7/25/2022 5:00,4.428
7/25/2022 6:00,4.89
7/25/2022 7:00,5.23
7/25/2022 8:00,5.401
7/25/2022 9:00,5.517
7/25/2022 10:00,5.569
7/25/2022 11:00,5.585
7/25/2022 12:00,5.602
7/25/2022 13:00,5.649
7/25/2022 14:00,5.698
7/25/2022 15:00,5.691
7/25/2022 16:00,5.562
7/25/2022 17:00,5.276
7/25/2022 18:00,4.785
7/25/2022 19:00,4.127
7/25/2022 20:00,3.696
7/25/2022 21:00,3.355
7/25/2022 22:00,3.001
7/25/2022 23:00,2.719
7/26/2022 0:00,2.519
7/26/2022 1:00,2.345
7/26/2022 2:00,2.178
7/26/2022 3:00,2.03
7/26/2022 4:00,1.98
7/26/2022 5:00,2.295
7/26/2022 6:00,2.355
7/26/2022 7:00,2.317
7/26/2022 8:00,2.289
7/26/2022 9:00,2.28
7/26/2022 10:00,2.253
7/26/2022 11:00,2.241
7/26/2022 12:00,2.265
7/26/2022 13:00,2.331
7/26/2022 14:00,2.388
7/26/2022 15:00,2.402
7/26/2022 16:00,2.393
7/26/2022 17:00,2.327
7/26/2022 18:00,2.044
7/26/2022 19:00,1.583
7/26/2022 20:00,1.568
7/26/2022 21:00,1.603
7/26/2022 22:00,1.565
7/26/2022 23:00,1.512
7/27/2022 0:00,1.466
7/27/2022 1:00,1.423
7/27/2022 2:00,1.388
7/27/2022 3:00,1.338
7/27/2022 4:00,1.281
7/27/2022 5:00,1.7
7/27/2022 6:00,1.965
7/27/2022 7:00,2.077
7/27/2022 8:00,2.118
7/27/2022 9:00,2.123
7/27/2022 10:00,2.103
7/27/2022 11:00,2.069
7/27/2022 12:00,2.045
7/27/2022 13:00,2.053
7/27/2022 14:00,2.064
7/27/2022 15:00,2.062
7/27/2022 16:00,2.002
7/27/2022 17:00,1.87
7/27/2022 18:00,1.722
7/27/2022 19:00,1.621
7/27/2022 20:00,1.791
7/27/2022 21:00,1.942
7/27/2022 22:00,2.03
7/27/2022 23:00,2.057
7/28/2022 0:00,2.089
7/28/2022 1:00,2.081
7/28/2022 2:00,2.058
7/28/2022 3:00,2.015
7/28/2022 4:00,2.051
7/28/2022 5:00,2.522
7/28/2022 6:00,2.774
7/28/2022 7:00,3.02
7/28/2022 8:00,3.218
7/28/2022 9:00,3.295
7/28/2022 10:00,3.318
7/28/2022 11:00,3.299
7/28/2022 12:00,3.237
7/28/2022 13:00,3.139
7/28/2022 14:00,3.02
7/28/2022 15:00,2.893
7/28/2022 16:00,2.767
7/28/2022 17:00,2.614
7/28/2022 18:00,2.332
7/28/2022 19:00,2.02
7/28/2022 20:00,2.136
7/28/2022 21:00,2.123
7/28/2022 22:00,2.025
7/28/2022 23:00,1.986
7/29/2022 0:00,1.955
7/29/2022 1:00,1.945
7/29/2022 2:00,1.922
7/29/2022 3:00,1.847
7/29/2022 4:00,1.77
7/29/2022 5:00,2.221
7/29/2022 6:00,2.46
7/29/2022 7:00,2.46
7/29/2022 8:00,2.365
7/29/2022 9:00,2.22
7/29/2022 10:00,2.045
7/29/2022 11:00,1.909
7/29/2022 12:00,1.86
7/29/2022 13:00,1.872
7/29/2022 14:00,1.904
7/29/2022 15:00,1.93
7/29/2022 16:00,1.917
7/29/2022 17:00,1.848
7/29/2022 18:00,1.723
7/29/2022 19:00,1.686
7/29/2022 20:00,2.008
7/29/2022 21:00,2.216
7/29/2022 22:00,2.306
7/29/2022 23:00,2.286
7/30/2022 0:00,2.227
7/30/2022 1:00,2.223
7/30/2022 2:00,2.217
7/30/2022 3:00,2.224
7/30/2022 4:00,2.271
7/30/2022 5:00,2.877
7/30/2022 6:00,3.071
7/30/2022 7:00,3.244
7/30/2022 8:00,3.549
7/30/2022 9:00,3.742
7/30/2022 10:00,3.856
7/30/2022 11:00,4.002
7/30/2022 12:00,4.122
7/30/2022 13:00,4.194
7/30/2022 14:00,4.209
7/30/2022 15:00,4.142
7/30/2022 16:00,3.989
7/30/2022 17:00,3.682
7/30/2022 18:00,3.149
7/30/2022 19:00,2.465
7/30/2022 20:00,2.303
7/30/2022 21:00,2.39
7/30/2022 22:00,2.426
7/30/2022 23:00,2.435
7/31/2022 0:00,2.525
7/31/2022 1:00,2.674
7/31/2022 2:00,2.865
7/31/2022 3:00,3.045
7/31/2022 4:00,3.207
7/31/2022 5:00,3.557
7/31/2022 6:00,4.022
7/31/2022 7:00,4.371
7/31/2022 8:00,4.542
7/31/2022 9:00,4.618
7/31/2022 10:00,4.597
7/31/2022 11:00,4.553
7/31/2022 12:00,4.526
7/31/2022 13:00,4.463
7/31/2022 14:00,4.309
7/31/2022 15:00,4.034
7/31/2022 16:00,3.637
7/31/2022 17:00,3.171
7/31/2022 18:00,2.504
7/31/2022 19:00,1.788
7/31/2022 20:00,1.812
7/31/2022 21:00,2.003
7/31/2022 22:00,2.033
7/31/2022 23:00,1.976
8/1/2022 0:00,1.795
8/1/2022 1:00,1.595
8/1/2022 2:00,1.455
8/1/2022 3:00,1.398
8/1/2022 4:00,1.373
8/1/2022 5:00,1.647
8/1/2022 6:00,1.727
8/1/2022 7:00,1.616
8/1/2022 8:00,1.569
8/1/2022 9:00,1.609
8/1/2022 10:00,1.773
8/1/2022 11:00,2.089
8/1/2022 12:00,2.407
8/1/2022 13:00,2.682
8/1/2022 14:00,2.921
8/1/2022 15:00,3.114
8/1/2022 16:00,3.181
8/1/2022 17:00,3.009
8/1/2022 18:00,2.808
8/1/2022 19:00,2.951
8/1/2022 20:00,3.264
8/1/2022 21:00,3.524
8/1/2022 22:00,3.71
8/1/2022 23:00,3.835
8/2/2022 0:00,3.937
8/2/2022 1:00,4.067
8/2/2022 2:00,4.221
8/2/2022 3:00,4.257
8/2/2022 4:00,4.196
8/2/2022 5:00,4.394
8/2/2022 6:00,4.621
8/2/2022 7:00,4.966
8/2/2022 8:00,5.494
8/2/2022 9:00,5.899
8/2/2022 10:00,6.097
8/2/2022 11:00,6.187
8/2/2022 12:00,6.276
8/2/2022 13:00,6.356
8/2/2022 14:00,6.381
8/2/2022 15:00,6.286
8/2/2022 16:00,6.056
8/2/2022 17:00,5.639
8/2/2022 18:00,4.996
8/2/2022 19:00,4.33
8/2/2022 20:00,4.204
8/2/2022 21:00,4.268
8/2/2022 22:00,4.338
8/2/2022 23:00,4.304
8/3/2022 0:00,4.267
8/3/2022 1:00,4.247
8/3/2022 2:00,4.139
8/3/2022 3:00,4.033
8/3/2022 4:00,3.933
8/3/2022 5:00,4.181
8/3/2022 6:00,4.594
8/3/2022 7:00,5.012
8/3/2022 8:00,5.24
8/3/2022 9:00,5.393
8/3/2022 10:00,5.506
8/3/2022 11:00,5.584
8/3/2022 12:00,5.577
8/3/2022 13:00,5.468
8/3/2022 14:00,5.248
8/3/2022 15:00,4.944
8/3/2022 16:00,4.575
8/3/2022 17:00,4.05
8/3/2022 18:00,3.2
8/3/2022 19:00,2.328
8/3/2022 20:00,2.088
8/3/2022 21:00,2.138
8/3/2022 22:00,2.213
8/3/2022 23:00,2.269
8/4/2022 0:00,2.246
8/4/2022 1:00,2.235
8/4/2022 2:00,2.213
8/4/2022 3:00,2.205
8/4/2022 4:00,2.226
8/4/2022 5:00,2.897
8/4/2022 6:00,3.358
8/4/2022 7:00,3.643
8/4/2022 8:00,3.83
8/4/2022 9:00,4.018
8/4/2022 10:00,4.163
8/4/2022 11:00,4.238
8/4/2022 12:00,4.227
8/4/2022 13:00,4.144
8/4/2022 14:00,4.018
8/4/2022 15:00,3.927
8/4/2022 16:00,3.856
8/4/2022 17:00,3.725
8/4/2022 18:00,3.334
8/4/2022 19:00,2.857
8/4/2022 20:00,3.018
8/4/2022 21:00,3.21
8/4/2022 22:00,3.272
8/4/2022 23:00,3.232
8/5/2022 0:00,3.156
8/5/2022 1:00,3.074
8/5/2022 2:00,3.044
8/5/2022 3:00,2.995
8/5/2022 4:00,3.018
8/5/2022 5:00,3.446
8/5/2022 6:00,3.91
8/5/2022 7:00,4.32
8/5/2022 8:00,4.373
8/5/2022 9:00,4.399
8/5/2022 10:00,4.44
8/5/2022 11:00,4.475
8/5/2022 12:00,4.482
8/5/2022 13:00,4.472
8/5/2022 14:00,4.423
8/5/2022 15:00,4.328
8/5/2022 16:00,4.173
8/5/2022 17:00,3.875
8/5/2022 18:00,3.077
8/5/2022 19:00,2.153
8/5/2022 20:00,2.194
8/5/2022 21:00,2.367
8/5/2022 22:00,2.502
8/5/2022 23:00,2.466
8/6/2022 0:00,2.38
8/6/2022 1:00,2.302
8/6/2022 2:00,2.221
8/6/2022 3:00,2.154
8/6/2022 4:00,2.092
8/6/2022 5:00,2.433
8/6/2022 6:00,2.631
8/6/2022 7:00,2.868
8/6/2022 8:00,2.863
8/6/2022 9:00,2.87
8/6/2022 10:00,2.874
8/6/2022 11:00,2.894
8/6/2022 12:00,2.933
8/6/2022 13:00,2.996
8/6/2022 14:00,3.054
8/6/2022 15:00,3.073
8/6/2022 16:00,3.063
8/6/2022 17:00,2.919
8/6/2022 18:00,2.208
8/6/2022 19:00,1.827
8/6/2022 20:00,1.903
8/6/2022 21:00,1.948
8/6/2022 22:00,1.949
8/6/2022 23:00,1.944
8/7/2022 0:00,1.932
8/7/2022 1:00,1.907
8/7/2022 2:00,1.861
8/7/2022 3:00,1.886
8/7/2022 4:00,1.916
8/7/2022 5:00,2.274
8/7/2022 6:00,2.703
8/7/2022 7:00,2.718
8/7/2022 8:00,2.797
8/7/2022 9:00,2.857
8/7/2022 10:00,2.913
8/7/2022 11:00,2.969
8/7/2022 12:00,3.018
8/7/2022 13:00,3.053
8/7/2022 14:00,3.075
8/7/2022 15:00,3.084
8/7/2022 16:00,3.058
8/7/2022 17:00,2.862
8/7/2022 18:00,2.189
8/7/2022 19:00,1.748
8/7/2022 20:00,1.807
8/7/2022 21:00,1.884
8/7/2022 22:00,1.85
8/7/2022 23:00,1.764
8/8/2022 0:00,1.684
8/8/2022 1:00,1.641
8/8/2022 2:00,1.584
8/8/2022 3:00,1.55
8/8/2022 4:00,1.552
8/8/2022 5:00,1.927
8/8/2022 6:00,2.329
8/8/2022 7:00,2.198
8/8/2022 8:00,1.975
8/8/2022 9:00,1.849
8/8/2022 10:00,1.803
8/8/2022 11:00,1.801
8/8/2022 12:00,1.872
8/8/2022 13:00,1.996
8/8/2022 14:00,2.114
8/8/2022 15:00,2.237
8/8/2022 16:00,2.356
8/8/2022 17:00,2.386
8/8/2022 18:00,2.055
8/8/2022 19:00,1.844
8/8/2022 20:00,1.971
8/8/2022 21:00,1.941
8/8/2022 22:00,1.815
8/8/2022 23:00,1.653
8/9/2022 0:00,1.498
8/9/2022 1:00,1.409
8/9/2022 2:00,1.374
8/9/2022 3:00,1.333
8/9/2022 4:00,1.323
8/9/2022 5:00,1.595
8/9/2022 6:00,2.154
8/9/2022 7:00,2.054
8/9/2022 8:00,2.062
8/9/2022 9:00,2.068
8/9/2022 10:00,2.012
8/9/2022 11:00,1.992
8/9/2022 12:00,2.055
8/9/2022 13:00,2.141
8/9/2022 14:00,2.252
8/9/2022 15:00,2.357
8/9/2022 16:00,2.408
8/9/2022 17:00,2.289
8/9/2022 18:00,1.851
8/9/2022 19:00,1.641
8/9/2022 20:00,1.749
8/9/2022 21:00,1.759
8/9/2022 22:00,1.716
8/9/2022 23:00,1.7
8/10/2022 0:00,1.69
8/10/2022 1:00,1.675
8/10/2022 2:00,1.642
8/10/2022 3:00,1.602
8/10/2022 4:00,1.562
8/10/2022 5:00,1.808
8/10/2022 6:00,2.281
8/10/2022 7:00,2.272
8/10/2022 8:00,2.466
8/10/2022 9:00,2.632
8/10/2022 10:00,2.705
8/10/2022 11:00,2.693
8/10/2022 12:00,2.632
8/10/2022 13:00,2.548
8/10/2022 14:00,2.456
8/10/2022 15:00,2.382
8/10/2022 16:00,2.299
8/10/2022 17:00,2.172
8/10/2022 18:00,1.682
8/10/2022 19:00,1.596
8/10/2022 20:00,1.774
8/10/2022 21:00,1.836
8/10/2022 22:00,1.825
8/10/2022 23:00,1.793
8/11/2022 0:00,1.744
8/11/2022 1:00,1.7
8/11/2022 2:00,1.649
8/11/2022 3:00,1.583
8/11/2022 4:00,1.516
8/11/2022 5:00,1.636
8/11/2022 6:00,2.115
8/11/2022 7:00,1.981
8/11/2022 8:00,1.989
8/11/2022 9:00,2.104
8/11/2022 10:00,2.241
8/11/2022 11:00,2.398
8/11/2022 12:00,2.531
8/11/2022 13:00,2.616
8/11/2022 14:00,2.641
8/11/2022 15:00,2.62
8/11/2022 16:00,2.526
8/11/2022 17:00,2.353
8/11/2022 18:00,1.777
8/11/2022 19:00,1.692
8/11/2022 20:00,1.887
8/11/2022 21:00,1.976
8/11/2022 22:00,2.006
8/11/2022 23:00,2.007
8/12/2022 0:00,1.99
8/12/2022 1:00,1.959
8/12/2022 2:00,1.932
8/12/2022 3:00,1.883
8/12/2022 4:00,1.86
8/12/2022 5:00,2.176
8/12/2022 6:00,2.861
8/12/2022 7:00,2.794
8/12/2022 8:00,2.962
8/12/2022 9:00,3.103
8/12/2022 10:00,3.077
8/12/2022 11:00,3.013
8/12/2022 12:00,2.959
8/12/2022 13:00,2.927
8/12/2022 14:00,2.899
8/12/2022 15:00,2.871
8/12/2022 16:00,2.806
8/12/2022 17:00,2.65
8/12/2022 18:00,2.149
8/12/2022 19:00,2.099
8/12/2022 20:00,2.361
8/12/2022 21:00,2.346
8/12/2022 22:00,2.294
8/12/2022 23:00,2.216
8/13/2022 0:00,2.137
8/13/2022 1:00,2.102
8/13/2022 2:00,2.09
8/13/2022 3:00,2.059
8/13/2022 4:00,2.005
8/13/2022 5:00,2.365
8/13/2022 6:00,2.879
8/13/2022 7:00,2.707
8/13/2022 8:00,2.765
8/13/2022 9:00,2.974
8/13/2022 10:00,3.093
8/13/2022 11:00,3.09
8/13/2022 12:00,3.04
8/13/2022 13:00,2.976
8/13/2022 14:00,2.905
8/13/2022 15:00,2.808
8/13/2022 16:00,2.664
8/13/2022 17:00,2.413
8/13/2022 18:00,1.946
8/13/2022 19:00,1.968
8/13/2022 20:00,2.199
8/13/2022 21:00,2.244
8/13/2022 22:00,2.186
8/13/2022 23:00,2.089
8/14/2022 0:00,1.975
8/14/2022 1:00,1.838
8/14/2022 2:00,1.676
8/14/2022 3:00,1.556
8/14/2022 4:00,1.469
8/14/2022 5:00,1.45
8/14/2022 6:00,1.985
8/14/2022 7:00,1.919
8/14/2022 8:00,1.923
8/14/2022 9:00,2.116
8/14/2022 10:00,2.22
8/14/2022 11:00,2.264
8/14/2022 12:00,2.267
8/14/2022 13:00,2.232
8/14/2022 14:00,2.167
8/14/2022 15:00,2.058
8/14/2022 16:00,1.89
8/14/2022 17:00,1.59
8/14/2022 18:00,1.331
8/14/2022 19:00,1.435
8/14/2022 20:00,1.583
8/14/2022 21:00,1.609
8/14/2022 22:00,1.547
8/14/2022 23:00,1.463
8/15/2022 0:00,1.404
8/15/2022 1:00,1.375
8/15/2022 2:00,1.386
8/15/2022 3:00,1.394
8/15/2022 4:00,1.333
8/15/2022 5:00,1.517
8/15/2022 6:00,1.987
8/15/2022 7:00,2.188
8/15/2022 8:00,2.32
8/15/2022 9:00,2.303
8/15/2022 10:00,2.205
8/15/2022 11:00,2.166
8/15/2022 12:00,2.287
8/15/2022 13:00,2.456
8/15/2022 14:00,2.569
8/15/2022 15:00,2.539
8/15/2022 16:00,2.359
8/15/2022 17:00,2.05
8/15/2022 18:00,1.638
8/15/2022 19:00,1.434
8/15/2022 20:00,1.406
8/15/2022 21:00,1.436
8/15/2022 22:00,1.482
8/15/2022 23:00,1.517
8/16/2022 0:00,1.529
8/16/2022 1:00,1.454
8/16/2022 2:00,1.394
8/16/2022 3:00,1.365
8/16/2022 4:00,1.351
8/16/2022 5:00,1.44
8/16/2022 6:00,1.845
8/16/2022 7:00,1.944
8/16/2022 8:00,2.096
8/16/2022 9:00,2.225
8/16/2022 10:00,2.319
8/16/2022 11:00,2.363
8/16/2022 12:00,2.309
8/16/2022 13:00,2.256
8/16/2022 14:00,2.302
8/16/2022 15:00,2.365
8/16/2022 16:00,2.382
8/16/2022 17:00,2.35
8/16/2022 18:00,2.087
8/16/2022 19:00,2.088
8/16/2022 20:00,2.311
8/16/2022 21:00,2.505
8/16/2022 22:00,2.63
8/16/2022 23:00,2.659
8/17/2022 0:00,2.732
8/17/2022 1:00,2.871
8/17/2022 2:00,2.978
8/17/2022 3:00,3.002
8/17/2022 4:00,2.928
8/17/2022 5:00,3.176
8/17/2022 6:00,3.671
8/17/2022 7:00,4.097
8/17/2022 8:00,4.343
8/17/2022 9:00,4.415
8/17/2022 10:00,4.398
8/17/2022 11:00,4.299
8/17/2022 12:00,4.12
8/17/2022 13:00,3.873
8/17/2022 14:00,3.656
8/17/2022 15:00,3.535
8/17/2022 16:00,3.449
8/17/2022 17:00,3.249
8/17/2022 18:00,2.616
8/17/2022 19:00,2.328
8/17/2022 20:00,2.576
8/17/2022 21:00,2.553
8/17/2022 22:00,2.413
8/17/2022 23:00,2.257
8/18/2022 0:00,2.184
8/18/2022 1:00,2.067
8/18/2022 2:00,1.91
8/18/2022 3:00,1.727
8/18/2022 4:00,1.602
8/18/2022 5:00,1.698
8/18/2022 6:00,2.227
8/18/2022 7:00,2.401
8/18/2022 8:00,2.926
8/18/2022 9:00,3.318
8/18/2022 10:00,3.629
8/18/2022 11:00,3.901
8/18/2022 12:00,4.121
8/18/2022 13:00,4.299
8/18/2022 14:00,4.408
8/18/2022 15:00,4.464
8/18/2022 16:00,4.417
8/18/2022 17:00,4.118
8/18/2022 18:00,3.573
8/18/2022 19:00,3.413
8/18/2022 20:00,3.619
8/18/2022 21:00,3.605
8/18/2022 22:00,3.526
8/18/2022 23:00,3.407
8/19/2022 0:00,3.181
8/19/2022 1:00,2.968
8/19/2022 2:00,2.818
8/19/2022 3:00,2.597
8/19/2022 4:00,2.386
8/19/2022 5:00,2.666
8/19/2022 6:00,3.29
8/19/2022 7:00,3.666
8/19/2022 8:00,4.05
8/19/2022 9:00,4.293
8/19/2022 10:00,4.451
8/19/2022 11:00,4.581
8/19/2022 12:00,4.682
8/19/2022 13:00,4.755
8/19/2022 14:00,4.792
8/19/2022 15:00,4.764
8/19/2022 16:00,4.585
8/19/2022 17:00,4.073
8/19/2022 18:00,3.023
8/19/2022 19:00,2.419
8/19/2022 20:00,2.476
8/19/2022 21:00,2.535
8/19/2022 22:00,2.523
8/19/2022 23:00,2.534
8/20/2022 0:00,2.535
8/20/2022 1:00,2.509
8/20/2022 2:00,2.528
8/20/2022 3:00,2.581
8/20/2022 4:00,2.694
8/20/2022 5:00,3.231
8/20/2022 6:00,3.937
8/20/2022 7:00,4.557
8/20/2022 8:00,5.204
8/20/2022 9:00,5.429
8/20/2022 10:00,5.448
8/20/2022 11:00,5.432
8/20/2022 12:00,5.426
8/20/2022 13:00,5.443
8/20/2022 14:00,5.445
8/20/2022 15:00,5.397
8/20/2022 16:00,5.235
8/20/2022 17:00,4.794
8/20/2022 18:00,4.066
8/20/2022 19:00,3.454
8/20/2022 20:00,3.396
8/20/2022 21:00,3.268
8/20/2022 22:00,3.103
8/20/2022 23:00,2.915
8/21/2022 0:00,2.749
8/21/2022 1:00,2.567
8/21/2022 2:00,2.404
8/21/2022 3:00,2.33
8/21/2022 4:00,2.246
8/21/2022 5:00,2.39
8/21/2022 6:00,2.892
8/21/2022 7:00,3.179
8/21/2022 8:00,3.374
8/21/2022 9:00,3.388
8/21/2022 10:00,3.298
8/21/2022 11:00,3.223
8/21/2022 12:00,3.101
8/21/2022 13:00,2.924
8/21/2022 14:00,2.699
8/21/2022 15:00,2.445
8/21/2022 16:00,2.141
8/21/2022 17:00,1.752
8/21/2022 18:00,1.239
8/21/2022 19:00,1.233
8/21/2022 20:00,1.376
8/21/2022 21:00,1.37
8/21/2022 22:00,1.313
8/21/2022 23:00,1.258
8/22/2022 0:00,1.199
8/22/2022 1:00,1.168
8/22/2022 2:00,1.163
8/22/2022 3:00,1.262
8/22/2022 4:00,1.461
8/22/2022 5:00,1.711
8/22/2022 6:00,2.532
8/22/2022 7:00,2.969
8/22/2022 8:00,3.257
8/22/2022 9:00,3.468
8/22/2022 10:00,3.649
8/22/2022 11:00,3.752
8/22/2022 12:00,3.774
8/22/2022 13:00,3.755
8/22/2022 14:00,3.719
8/22/2022 15:00,3.601
8/22/2022 16:00,3.362
8/22/2022 17:00,2.958
8/22/2022 18:00,2.291
8/22/2022 19:00,2.018
8/22/2022 20:00,2.131
8/22/2022 21:00,2.076
8/22/2022 22:00,1.96
8/22/2022 23:00,1.819
8/23/2022 0:00,1.641
8/23/2022 1:00,1.514
8/23/2022 2:00,1.432
8/23/2022 3:00,1.392
8/23/2022 4:00,1.407
8/23/2022 5:00,1.627
8/23/2022 6:00,2.401
8/23/2022 7:00,2.8
8/23/2022 8:00,3.136
8/23/2022 9:00,3.325
8/23/2022 10:00,3.411
8/23/2022 11:00,3.459
8/23/2022 12:00,3.49
8/23/2022 13:00,3.529
8/23/2022 14:00,3.565
8/23/2022 15:00,3.533
8/23/2022 16:00,3.288
8/23/2022 17:00,2.705
8/23/2022 18:00,2.065
8/23/2022 19:00,1.907
8/23/2022 20:00,1.981
8/23/2022 21:00,2.035
8/23/2022 22:00,2.092
8/23/2022 23:00,2.179
8/24/2022 0:00,2.313
8/24/2022 1:00,2.432
8/24/2022 2:00,2.56
8/24/2022 3:00,2.676
8/24/2022 4:00,2.832
8/24/2022 5:00,3.035
8/24/2022 6:00,3.434
8/24/2022 7:00,3.687
8/24/2022 8:00,3.883
8/24/2022 9:00,3.889
8/24/2022 10:00,3.822
8/24/2022 11:00,3.789
8/24/2022 12:00,3.832
8/24/2022 13:00,3.834
8/24/2022 14:00,3.722
8/24/2022 15:00,3.486
8/24/2022 16:00,3.089
8/24/2022 17:00,2.465
8/24/2022 18:00,1.61
8/24/2022 19:00,1.435
8/24/2022 20:00,1.492
8/24/2022 21:00,1.531
8/24/2022 22:00,1.582
8/24/2022 23:00,1.639
8/25/2022 0:00,1.677
8/25/2022 1:00,1.676
8/25/2022 2:00,1.696
8/25/2022 3:00,1.789
8/25/2022 4:00,1.934
8/25/2022 5:00,2.027
8/25/2022 6:00,2.425
8/25/2022 7:00,2.693
8/25/2022 8:00,2.89
8/25/2022 9:00,2.943
8/25/2022 10:00,2.928
8/25/2022 11:00,2.951
8/25/2022 12:00,2.985
8/25/2022 13:00,3.011
8/25/2022 14:00,3.062
8/25/2022 15:00,3.07
8/25/2022 16:00,3.005
8/25/2022 17:00,2.699
8/25/2022 18:00,1.937
8/25/2022 19:00,1.714
8/25/2022 20:00,1.735
8/25/2022 21:00,1.665
8/25/2022 22:00,1.586
8/25/2022 23:00,1.501
8/26/2022 0:00,1.409
8/26/2022 1:00,1.322
8/26/2022 2:00,1.238
8/26/2022 3:00,1.156
8/26/2022 4:00,1.099
8/26/2022 5:00,1.05
8/26/2022 6:00,1.422
8/26/2022 7:00,1.309
8/26/2022 8:00,1.207
8/26/2022 9:00,1.235
8/26/2022 10:00,1.27
8/26/2022 11:00,1.257
8/26/2022 12:00,1.226
8/26/2022 13:00,1.228
8/26/2022 14:00,1.303
8/26/2022 15:00,1.39
8/26/2022 16:00,1.451
8/26/2022 17:00,1.391
8/26/2022 18:00,1.198
8/26/2022 19:00,1.271
8/26/2022 20:00,1.404
8/26/2022 21:00,1.451
8/26/2022 22:00,1.413
8/26/2022 23:00,1.344
8/27/2022 0:00,1.307
8/27/2022 1:00,1.285
8/27/2022 2:00,1.281
8/27/2022 3:00,1.264
8/27/2022 4:00,1.275
8/27/2022 5:00,1.358
8/27/2022 6:00,1.964
8/27/2022 7:00,2.109
8/27/2022 8:00,2.134
8/27/2022 9:00,2.04
8/27/2022 10:00,1.954
8/27/2022 11:00,1.926
8/27/2022 12:00,1.933
8/27/2022 13:00,1.969
8/27/2022 14:00,2.035
8/27/2022 15:00,2.104
8/27/2022 16:00,2.162
8/27/2022 17:00,2.001
8/27/2022 18:00,1.612
8/27/2022 19:00,1.752
8/27/2022 20:00,1.923
8/27/2022 21:00,1.915
8/27/2022 22:00,1.874
8/27/2022 23:00,1.833
8/28/2022 0:00,1.779
8/28/2022 1:00,1.738
8/28/2022 2:00,1.719
8/28/2022 3:00,1.694
8/28/2022 4:00,1.653
8/28/2022 5:00,1.681
8/28/2022 6:00,2.257
8/28/2022 7:00,2.498
8/28/2022 8:00,2.684
8/28/2022 9:00,2.763
8/28/2022 10:00,2.794
8/28/2022 11:00,2.785
8/28/2022 12:00,2.731
8/28/2022 13:00,2.64
8/28/2022 14:00,2.553
8/28/2022 15:00,2.515
8/28/2022 16:00,2.396
8/28/2022 17:00,2.035
8/28/2022 18:00,1.838
8/28/2022 19:00,1.942
8/28/2022 20:00,2.059
8/28/2022 21:00,2.131
8/28/2022 22:00,2.163
8/28/2022 23:00,2.144
8/29/2022 0:00,2.136
8/29/2022 1:00,2.142
8/29/2022 2:00,2.173
8/29/2022 3:00,2.185
8/29/2022 4:00,2.215
8/29/2022 5:00,2.447
8/29/2022 6:00,3.143
8/29/2022 7:00,3.613
8/29/2022 8:00,3.891
8/29/2022 9:00,3.983
8/29/2022 10:00,4.034
8/29/2022 11:00,4.075
8/29/2022 12:00,4.116
8/29/2022 13:00,4.157
8/29/2022 14:00,4.203
8/29/2022 15:00,4.229
8/29/2022 16:00,4.124
8/29/2022 17:00,3.778
8/29/2022 18:00,3.029
8/29/2022 19:00,2.853
8/29/2022 20:00,2.937
8/29/2022 21:00,3.032
8/29/2022 22:00,3.137
8/29/2022 23:00,3.2
8/30/2022 0:00,3.257
8/30/2022 1:00,3.194
8/30/2022 2:00,3.151
8/30/2022 3:00,3.168
8/30/2022 4:00,3.19
8/30/2022 5:00,3.322
8/30/2022 6:00,3.8
8/30/2022 7:00,4.169
8/30/2022 8:00,4.5
8/30/2022 9:00,4.44
8/30/2022 10:00,4.278
8/30/2022 11:00,4.122
8/30/2022 12:00,4.016
8/30/2022 13:00,3.973
8/30/2022 14:00,3.963
8/30/2022 15:00,3.969
8/30/2022 16:00,3.929
8/30/2022 17:00,3.618
8/30/2022 18:00,3.01
8/30/2022 19:00,3.098
8/30/2022 20:00,3.227
8/30/2022 21:00,3.21
8/30/2022 22:00,3.199
8/30/2022 23:00,3.174
8/31/2022 0:00,3.12
8/31/2022 1:00,3.105
8/31/2022 2:00,3.078
8/31/2022 3:00,3.077
8/31/2022 4:00,3.048
8/31/2022 5:00,3.144
8/31/2022 6:00,3.744
8/31/2022 7:00,4.324
8/31/2022 8:00,4.87
8/31/2022 9:00,4.978
8/31/2022 10:00,4.957
8/31/2022 11:00,4.913
8/31/2022 12:00,4.828
8/31/2022 13:00,4.726
8/31/2022 14:00,4.63
8/31/2022 15:00,4.579
8/31/2022 16:00,4.501
8/31/2022 17:00,4.163
8/31/2022 18:00,3.501
8/31/2022 19:00,3.358
8/31/2022 20:00,3.469
8/31/2022 21:00,3.489
8/31/2022 22:00,3.457
8/31/2022 23:00,3.469
9/1/2022 0:00,3.545
9/1/2022 1:00,3.59
9/1/2022 2:00,3.625
9/1/2022 3:00,3.604
9/1/2022 4:00,3.581
9/1/2022 5:00,3.685
9/1/2022 6:00,4.008
9/1/2022 7:00,4.263
9/1/2022 8:00,4.814
9/1/2022 9:00,4.952
9/1/2022 10:00,4.876
9/1/2022 11:00,4.741
9/1/2022 12:00,4.59
9/1/2022 13:00,4.433
9/1/2022 14:00,4.264
9/1/2022 15:00,4.076
9/1/2022 16:00,3.83
9/1/2022 17:00,3.336
9/1/2022 18:00,2.825
9/1/2022 19:00,3.038
9/1/2022 20:00,3.155
9/1/2022 21:00,3.14
9/1/2022 22:00,3.039
9/1/2022 23:00,2.885
9/2/2022 0:00,2.758
9/2/2022 1:00,2.589
9/2/2022 2:00,2.424
9/2/2022 3:00,2.293
9/2/2022 4:00,2.179
9/2/2022 5:00,2.145
9/2/2022 6:00,2.725
9/2/2022 7:00,2.987
9/2/2022 8:00,3.148
9/2/2022 9:00,3.254
9/2/2022 10:00,3.291
9/2/2022 11:00,3.267
9/2/2022 12:00,3.178
9/2/2022 13:00,3.058
9/2/2022 14:00,2.933
9/2/2022 15:00,2.846
9/2/2022 16:00,2.678
9/2/2022 17:00,2.067
9/2/2022 18:00,1.745
9/2/2022 19:00,1.965
9/2/2022 20:00,2.15
9/2/2022 21:00,2.186
9/2/2022 22:00,2.135
9/2/2022 23:00,2.06
9/3/2022 0:00,1.996
9/3/2022 1:00,1.96
9/3/2022 2:00,1.912
9/3/2022 3:00,1.873
9/3/2022 4:00,1.88
9/3/2022 5:00,1.898
9/3/2022 6:00,2.324
9/3/2022 7:00,2.741
9/3/2022 8:00,3.065
9/3/2022 9:00,3.438
9/3/2022 10:00,3.694
9/3/2022 11:00,3.846
9/3/2022 12:00,3.932
9/3/2022 13:00,4.04
9/3/2022 14:00,4.141
9/3/2022 15:00,4.074
9/3/2022 16:00,3.701
9/3/2022 17:00,3.222
9/3/2022 18:00,2.696
9/3/2022 19:00,2.591
9/3/2022 20:00,2.608
9/3/2022 21:00,2.573
9/3/2022 22:00,2.616
9/3/2022 23:00,2.713
9/4/2022 0:00,2.873
9/4/2022 1:00,3.066
9/4/2022 2:00,3.296
9/4/2022 3:00,3.552
9/4/2022 4:00,3.691
9/4/2022 5:00,3.821
9/4/2022 6:00,4.165
9/4/2022 7:00,4.371
9/4/2022 8:00,4.621
9/4/2022 9:00,4.779
9/4/2022 10:00,4.784
9/4/2022 11:00,4.722
9/4/2022 12:00,4.615
9/4/2022 13:00,4.481
9/4/2022 14:00,4.314
9/4/2022 15:00,4.076
9/4/2022 16:00,3.722
9/4/2022 17:00,3.113
9/4/2022 18:00,2.613
9/4/2022 19:00,2.992
9/4/2022 20:00,3.502
9/4/2022 21:00,3.868
9/4/2022 22:00,4.076
9/4/2022 23:00,4.095
9/5/2022 0:00,4.011
9/5/2022 1:00,3.903
9/5/2022 2:00,3.611
9/5/2022 3:00,3.248
9/5/2022 4:00,2.721
9/5/2022 5:00,2.334
9/5/2022 6:00,2.714
9/5/2022 7:00,2.903
9/5/2022 8:00,3.105
9/5/2022 9:00,3.588
9/5/2022 10:00,4.07
9/5/2022 11:00,4.23
9/5/2022 12:00,4.091
9/5/2022 13:00,3.907
9/5/2022 14:00,3.765
9/5/2022 15:00,3.524
9/5/2022 16:00,3.189
9/5/2022 17:00,2.982
9/5/2022 18:00,3.025
9/5/2022 19:00,3.237
9/5/2022 20:00,3.326
9/5/2022 21:00,3.255
9/5/2022 22:00,3.097
9/5/2022 23:00,2.809
9/6/2022 0:00,2.512
9/6/2022 1:00,2.316
9/6/2022 2:00,2.208
9/6/2022 3:00,2.234
9/6/2022 4:00,2.346
9/6/2022 5:00,2.53
9/6/2022 6:00,3.115
9/6/2022 7:00,3.405
9/6/2022 8:00,3.748
9/6/2022 9:00,4.131
9/6/2022 10:00,4.447
9/6/2022 11:00,4.686
9/6/2022 12:00,5.021
9/6/2022 13:00,5.251
9/6/2022 14:00,5.233
9/6/2022 15:00,4.989
9/6/2022 16:00,4.332
9/6/2022 17:00,3.559
9/6/2022 18:00,3.193
9/6/2022 19:00,3.216
9/6/2022 20:00,3.305
9/6/2022 21:00,3.33
9/6/2022 22:00,3.366
9/6/2022 23:00,3.449
9/7/2022 0:00,3.403
9/7/2022 1:00,3.35
9/7/2022 2:00,3.335
9/7/2022 3:00,3.244
9/7/2022 4:00,3.19
9/7/2022 5:00,3.17
9/7/2022 6:00,3.599
9/7/2022 7:00,3.95
9/7/2022 8:00,4.368
9/7/2022 9:00,4.641
9/7/2022 10:00,4.831
9/7/2022 11:00,4.927
9/7/2022 12:00,4.948
9/7/2022 13:00,4.874
9/7/2022 14:00,4.665
9/7/2022 15:00,4.298
9/7/2022 16:00,3.735
9/7/2022 17:00,2.914
9/7/2022 18:00,2.332
9/7/2022 19:00,2.591
9/7/2022 20:00,2.893
9/7/2022 21:00,2.996
9/7/2022 22:00,2.911
9/7/2022 23:00,2.687
9/8/2022 0:00,2.419
9/8/2022 1:00,2.238
9/8/2022 2:00,2.237
9/8/2022 3:00,2.399
9/8/2022 4:00,2.534
9/8/2022 5:00,2.589
9/8/2022 6:00,2.922
9/8/2022 7:00,3.183
9/8/2022 8:00,3.515
9/8/2022 9:00,3.797
9/8/2022 10:00,3.959
9/8/2022 11:00,4.083
9/8/2022 12:00,4.18
9/8/2022 13:00,4.219
9/8/2022 14:00,4.196
9/8/2022 15:00,4.043
9/8/2022 16:00,3.674
9/8/2022 17:00,3.027
9/8/2022 18:00,2.611
9/8/2022 19:00,2.7
9/8/2022 20:00,2.762
9/8/2022 21:00,2.76
9/8/2022 22:00,2.664
9/8/2022 23:00,2.53
9/9/2022 0:00,2.397
9/9/2022 1:00,2.298
9/9/2022 2:00,2.331
9/9/2022 3:00,2.432
9/9/2022 4:00,2.508
9/9/2022 5:00,2.577
9/9/2022 6:00,2.981
9/9/2022 7:00,3.375
9/9/2022 8:00,3.71
9/9/2022 9:00,4.047
9/9/2022 10:00,4.272
9/9/2022 11:00,4.409
9/9/2022 12:00,4.47
9/9/2022 13:00,4.454
9/9/2022 14:00,4.36
9/9/2022 15:00,4.189
9/9/2022 16:00,3.807
9/9/2022 17:00,3.02
9/9/2022 18:00,2.523
9/9/2022 19:00,2.615
9/9/2022 20:00,2.743
9/9/2022 21:00,2.814
9/9/2022 22:00,2.829
9/9/2022 23:00,2.822
9/10/2022 0:00,2.833
9/10/2022 1:00,2.828
9/10/2022 2:00,2.807
9/10/2022 3:00,2.767
9/10/2022 4:00,2.698
9/10/2022 5:00,2.66
9/10/2022 6:00,3.055
9/10/2022 7:00,3.267
9/10/2022 8:00,3.423
9/10/2022 9:00,3.348
9/10/2022 10:00,3.134
9/10/2022 11:00,2.902
9/10/2022 12:00,2.683
9/10/2022 13:00,2.497
9/10/2022 14:00,2.325
9/10/2022 15:00,2.191
9/10/2022 16:00,2.002
9/10/2022 17:00,1.378
9/10/2022 18:00,1.085
9/10/2022 19:00,1.189
9/10/2022 20:00,1.235
9/10/2022 21:00,1.255
9/10/2022 22:00,1.276
9/10/2022 23:00,1.283
9/11/2022 0:00,1.297
9/11/2022 1:00,1.32
9/11/2022 2:00,1.358
9/11/2022 3:00,1.384
9/11/2022 4:00,1.405
9/11/2022 5:00,1.448
9/11/2022 6:00,1.711
9/11/2022 7:00,2.407
9/11/2022 8:00,2.623
9/11/2022 9:00,2.868
9/11/2022 10:00,3.098
9/11/2022 11:00,3.323
9/11/2022 12:00,3.474
9/11/2022 13:00,3.507
9/11/2022 14:00,3.426
9/11/2022 15:00,3.302
9/11/2022 16:00,3.094
9/11/2022 17:00,2.729
9/11/2022 18:00,2.56
9/11/2022 19:00,2.845
9/11/2022 20:00,3.035
9/11/2022 21:00,3.088
9/11/2022 22:00,3.126
9/11/2022 23:00,3.112
9/12/2022 0:00,3.049
9/12/2022 1:00,3.119
9/12/2022 2:00,3.088
9/12/2022 3:00,2.993
9/12/2022 4:00,2.896
9/12/2022 5:00,2.792
9/12/2022 6:00,3.05
9/12/2022 7:00,3.296
9/12/2022 8:00,3.414
9/12/2022 9:00,3.471
9/12/2022 10:00,3.455
9/12/2022 11:00,3.412
9/12/2022 12:00,3.312
9/12/2022 13:00,3.207
9/12/2022 14:00,3.049
9/12/2022 15:00,2.688
9/12/2022 16:00,2.219
9/12/2022 17:00,1.874
9/12/2022 18:00,1.697
9/12/2022 19:00,1.687
9/12/2022 20:00,1.73
9/12/2022 21:00,1.844
9/12/2022 22:00,1.971
9/12/2022 23:00,2.09
9/13/2022 0:00,2.346
9/13/2022 1:00,2.699
9/13/2022 2:00,2.956
9/13/2022 3:00,2.936
9/13/2022 4:00,2.859
9/13/2022 5:00,2.842
9/13/2022 6:00,3.108
9/13/2022 7:00,3.382
9/13/2022 8:00,3.577
9/13/2022 9:00,3.538
9/13/2022 10:00,3.288
9/13/2022 11:00,3.043
9/13/2022 12:00,2.875
9/13/2022 13:00,2.779
9/13/2022 14:00,2.663
9/13/2022 15:00,2.541
9/13/2022 16:00,2.343
9/13/2022 17:00,1.904
9/13/2022 18:00,1.9
9/13/2022 19:00,2.118
9/13/2022 20:00,2.24
9/13/2022 21:00,2.28
9/13/2022 22:00,2.303
9/13/2022 23:00,2.322
9/14/2022 0:00,2.33
9/14/2022 1:00,2.332
9/14/2022 2:00,2.364
9/14/2022 3:00,2.389
9/14/2022 4:00,2.391
9/14/2022 5:00,2.423
9/14/2022 6:00,2.629
9/14/2022 7:00,3.135
9/14/2022 8:00,3.312
9/14/2022 9:00,3.36
9/14/2022 10:00,3.323
9/14/2022 11:00,3.33
9/14/2022 12:00,3.378
9/14/2022 13:00,3.503
9/14/2022 14:00,3.677
9/14/2022 15:00,3.769
9/14/2022 16:00,3.607
9/14/2022 17:00,2.782
9/14/2022 18:00,2.353
9/14/2022 19:00,2.464
9/14/2022 20:00,2.439
9/14/2022 21:00,2.334
9/14/2022 22:00,2.254
9/14/2022 23:00,2.21
9/15/2022 0:00,2.178
9/15/2022 1:00,2.149
9/15/2022 2:00,2.148
9/15/2022 3:00,2.133
9/15/2022 4:00,2.108
9/15/2022 5:00,2.099
9/15/2022 6:00,2.534
9/15/2022 7:00,3.176
9/15/2022 8:00,3.537
9/15/2022 9:00,3.711
9/15/2022 10:00,3.785
9/15/2022 11:00,3.878
9/15/2022 12:00,3.995
9/15/2022 13:00,4.117
9/15/2022 14:00,4.188
9/15/2022 15:00,4.194
9/15/2022 16:00,3.998
9/15/2022 17:00,3.107
9/15/2022 18:00,2.51
9/15/2022 19:00,2.591
9/15/2022 20:00,2.564
9/15/2022 21:00,2.507
9/15/2022 22:00,2.476
9/15/2022 23:00,2.467
9/16/2022 0:00,2.487
9/16/2022 1:00,2.51
9/16/2022 2:00,2.575
9/16/2022 3:00,2.614
9/16/2022 4:00,2.677
9/16/2022 5:00,2.78
9/16/2022 6:00,3.323
9/16/2022 7:00,3.896
9/16/2022 8:00,4.504
9/16/2022 9:00,4.959
9/16/2022 10:00,5.206
9/16/2022 11:00,5.362
9/16/2022 12:00,5.487
9/16/2022 13:00,5.578
9/16/2022 14:00,5.603
9/16/2022 15:00,5.526
9/16/2022 16:00,5.198
9/16/2022 17:00,4.148
9/16/2022 18:00,2.926
9/16/2022 19:00,2.703
9/16/2022 20:00,2.636
9/16/2022 21:00,2.582
9/16/2022 22:00,2.551
9/16/2022 23:00,2.534
9/17/2022 0:00,2.525
9/17/2022 1:00,2.563
9/17/2022 2:00,2.623
9/17/2022 3:00,2.62
9/17/2022 4:00,2.579
9/17/2022 5:00,2.547
9/17/2022 6:00,2.86
9/17/2022 7:00,3.327
9/17/2022 8:00,3.918
9/17/2022 9:00,4.411
9/17/2022 10:00,4.554
9/17/2022 11:00,4.582
9/17/2022 12:00,4.582
9/17/2022 13:00,4.549
9/17/2022 14:00,4.47
9/17/2022 15:00,4.325
9/17/2022 16:00,3.921
9/17/2022 17:00,2.767
9/17/2022 18:00,2.311
9/17/2022 19:00,2.386
9/17/2022 20:00,2.474
9/17/2022 21:00,2.603
9/17/2022 22:00,2.7
9/17/2022 23:00,2.731
9/18/2022 0:00,2.734
9/18/2022 1:00,2.776
9/18/2022 2:00,2.839
9/18/2022 3:00,2.905
9/18/2022 4:00,2.987
9/18/2022 5:00,3.047
9/18/2022 6:00,3.331
9/18/2022 7:00,3.73
9/18/2022 8:00,4.071
9/18/2022 9:00,4.619
9/18/2022 10:00,4.804
9/18/2022 11:00,4.834
9/18/2022 12:00,4.835
9/18/2022 13:00,4.822
9/18/2022 14:00,4.749
9/18/2022 15:00,4.53
9/18/2022 16:00,3.944
9/18/2022 17:00,2.859
9/18/2022 18:00,2.221
9/18/2022 19:00,2.163
9/18/2022 20:00,2.024
9/18/2022 21:00,1.849
9/18/2022 22:00,1.694
9/18/2022 23:00,1.528
9/19/2022 0:00,1.383
9/19/2022 1:00,1.264
9/19/2022 2:00,1.18
9/19/2022 3:00,1.114
9/19/2022 4:00,1.063
9/19/2022 5:00,1.024
9/19/2022 6:00,0.991
9/19/2022 7:00,1.393
9/19/2022 8:00,1.603
9/19/2022 9:00,1.801
9/19/2022 10:00,1.976
9/19/2022 11:00,2.131
9/19/2022 12:00,2.23
9/19/2022 13:00,2.265
9/19/2022 14:00,2.245
9/19/2022 15:00,2.186
9/19/2022 16:00,1.922
9/19/2022 17:00,1.147
9/19/2022 18:00,1.054
9/19/2022 19:00,1.03
9/19/2022 20:00,0.988
9/19/2022 21:00,0.987
9/19/2022 22:00,1.033
9/19/2022 23:00,1.099
9/20/2022 0:00,1.161
9/20/2022 1:00,1.226
9/20/2022 2:00,1.287
9/20/2022 3:00,1.318
9/20/2022 4:00,1.322
9/20/2022 5:00,1.31
9/20/2022 6:00,1.235
9/20/2022 7:00,1.705
9/20/2022 8:00,1.885
9/20/2022 9:00,1.93
9/20/2022 10:00,1.931
9/20/2022 11:00,1.898
9/20/2022 12:00,1.846
9/20/2022 13:00,1.783
9/20/2022 14:00,1.715
9/20/2022 15:00,1.62
9/20/2022 16:00,1.294
9/20/2022 17:00,0.805
9/20/2022 18:00,0.917
9/20/2022 19:00,1.028
9/20/2022 20:00,1.108
9/20/2022 21:00,1.163
9/20/2022 22:00,1.181
9/20/2022 23:00,1.184
9/21/2022 0:00,1.187
9/21/2022 1:00,1.196
9/21/2022 2:00,1.21
9/21/2022 3:00,1.218
9/21/2022 4:00,1.205
9/21/2022 5:00,1.209
9/21/2022 6:00,1.188
9/21/2022 7:00,1.594
9/21/2022 8:00,1.797
9/21/2022 9:00,2.171
9/21/2022 10:00,2.45
9/21/2022 11:00,2.677
9/21/2022 12:00,2.881
9/21/2022 13:00,3.045
9/21/2022 14:00,3.116
9/21/2022 15:00,3.074
9/21/2022 16:00,2.689
9/21/2022 17:00,1.964
9/21/2022 18:00,1.94
9/21/2022 19:00,2.113
9/21/2022 20:00,2.24
9/21/2022 21:00,2.35
9/21/2022 22:00,2.44
9/21/2022 23:00,2.482
9/22/2022 0:00,2.526
9/22/2022 1:00,2.614
9/22/2022 2:00,2.675
9/22/2022 3:00,2.615
9/22/2022 4:00,2.584
9/22/2022 5:00,2.604
9/22/2022 6:00,2.76
9/22/2022 7:00,3.362
9/22/2022 8:00,3.705
9/22/2022 9:00,4.052
9/22/2022 10:00,4.168
9/22/2022 11:00,4.163
9/22/2022 12:00,4.1
9/22/2022 13:00,3.987
9/22/2022 14:00,3.801
9/22/2022 15:00,3.428
9/22/2022 16:00,2.741
9/22/2022 17:00,2.077
9/22/2022 18:00,2.006
9/22/2022 19:00,2.119
9/22/2022 20:00,2.108
9/22/2022 21:00,2.039
9/22/2022 22:00,1.968
9/22/2022 23:00,1.872
9/23/2022 0:00,1.79
9/23/2022 1:00,1.729
9/23/2022 2:00,1.712
9/23/2022 3:00,1.716
9/23/2022 4:00,1.732
9/23/2022 5:00,1.796
9/23/2022 6:00,1.922
9/23/2022 7:00,2.397
9/23/2022 8:00,2.617
9/23/2022 9:00,2.856
9/23/2022 10:00,2.938
9/23/2022 11:00,2.952
9/23/2022 12:00,3.011
9/23/2022 13:00,3.138
9/23/2022 14:00,3.273
9/23/2022 15:00,3.299
9/23/2022 16:00,3.038
9/23/2022 17:00,2.296
9/23/2022 18:00,2.252
9/23/2022 19:00,2.465
9/23/2022 20:00,2.549
9/23/2022 21:00,2.607
9/23/2022 22:00,2.67
9/23/2022 23:00,2.707
9/24/2022 0:00,2.696
9/24/2022 1:00,2.67
9/24/2022 2:00,2.695
9/24/2022 3:00,2.792
9/24/2022 4:00,2.881
9/24/2022 5:00,2.961
9/24/2022 6:00,3.208
9/24/2022 7:00,3.692
9/24/2022 8:00,4.008
9/24/2022 9:00,4.301
9/24/2022 10:00,4.342
9/24/2022 11:00,4.298
9/24/2022 12:00,4.282
9/24/2022 13:00,4.32
9/24/2022 14:00,4.337
9/24/2022 15:00,4.336
9/24/2022 16:00,4.022
9/24/2022 17:00,3.158
9/24/2022 18:00,2.744
9/24/2022 19:00,2.833
9/24/2022 20:00,2.737
9/24/2022 21:00,2.643
9/24/2022 22:00,2.604
9/24/2022 23:00,2.536
9/25/2022 0:00,2.498
9/25/2022 1:00,2.488
9/25/2022 2:00,2.416
9/25/2022 3:00,2.417
9/25/2022 4:00,2.478
9/25/2022 5:00,2.486
9/25/2022 6:00,2.632
9/25/2022 7:00,3.124
9/25/2022 8:00,3.383
9/25/2022 9:00,3.622
9/25/2022 10:00,3.753
9/25/2022 11:00,3.831
9/25/2022 12:00,3.968
9/25/2022 13:00,4.095
9/25/2022 14:00,4.224
9/25/2022 15:00,4.24
9/25/2022 16:00,3.996
9/25/2022 17:00,3.645
9/25/2022 18:00,3.817
9/25/2022 19:00,4.281
9/25/2022 20:00,4.7
9/25/2022 21:00,4.907
9/25/2022 22:00,5.037
9/25/2022 23:00,5.18
9/26/2022 0:00,5.359
9/26/2022 1:00,5.631
9/26/2022 2:00,5.788
9/26/2022 3:00,5.779
9/26/2022 4:00,5.575
9/26/2022 5:00,5.333
9/26/2022 6:00,5.116
9/26/2022 7:00,5.161
9/26/2022 8:00,5.709
9/26/2022 9:00,6.271
9/26/2022 10:00,6.42
9/26/2022 11:00,6.443
9/26/2022 12:00,6.45
9/26/2022 13:00,6.421
9/26/2022 14:00,6.328
9/26/2022 15:00,6.059
9/26/2022 16:00,5.385
9/26/2022 17:00,4.37
9/26/2022 18:00,3.9
9/26/2022 19:00,3.934
9/26/2022 20:00,3.951
9/26/2022 21:00,4.011
9/26/2022 22:00,4.06
9/26/2022 23:00,4.032
9/27/2022 0:00,3.949
9/27/2022 1:00,3.84
9/27/2022 2:00,3.832
9/27/2022 3:00,3.941
9/27/2022 4:00,4.027
9/27/2022 5:00,4.127
9/27/2022 6:00,4.238
9/27/2022 7:00,4.622
9/27/2022 8:00,5.095
9/27/2022 9:00,5.739
9/27/2022 10:00,6.01
9/27/2022 11:00,6.039
9/27/2022 12:00,5.98
9/27/2022 13:00,5.843
9/27/2022 14:00,5.623
9/27/2022 15:00,5.263
9/27/2022 16:00,4.563
9/27/2022 17:00,3.553
9/27/2022 18:00,3.258
9/27/2022 19:00,3.327
9/27/2022 20:00,3.398
9/27/2022 21:00,3.33
9/27/2022 22:00,3.233
9/27/2022 23:00,3.187
9/28/2022 0:00,3.124
9/28/2022 1:00,3.113
9/28/2022 2:00,3.023
9/28/2022 3:00,2.997
9/28/2022 4:00,2.989
9/28/2022 5:00,2.981
9/28/2022 6:00,3.035
9/28/2022 7:00,3.311
9/28/2022 8:00,3.583
9/28/2022 9:00,3.918
9/28/2022 10:00,4.078
9/28/2022 11:00,4.046
9/28/2022 12:00,4.022
9/28/2022 13:00,4.024
9/28/2022 14:00,3.994
9/28/2022 15:00,3.89
9/28/2022 16:00,3.47
9/28/2022 17:00,2.605
9/28/2022 18:00,2.627
9/28/2022 19:00,2.846
9/28/2022 20:00,2.992
9/28/2022 21:00,3.106
9/28/2022 22:00,3.089
9/28/2022 23:00,3.036
9/29/2022 0:00,2.881
9/29/2022 1:00,2.738
9/29/2022 2:00,2.68
9/29/2022 3:00,2.659
9/29/2022 4:00,2.626
9/29/2022 5:00,2.569
9/29/2022 6:00,2.605
9/29/2022 7:00,3.052
9/29/2022 8:00,3.212
9/29/2022 9:00,3.354
9/29/2022 10:00,3.333
9/29/2022 11:00,3.241
9/29/2022 12:00,3.121
9/29/2022 13:00,3.021
9/29/2022 14:00,2.942
9/29/2022 15:00,2.796
9/29/2022 16:00,2.211
9/29/2022 17:00,1.424
9/29/2022 18:00,1.498
9/29/2022 19:00,1.603
9/29/2022 20:00,1.642
9/29/2022 21:00,1.601
9/29/2022 22:00,1.561
9/29/2022 23:00,1.548
9/30/2022 0:00,1.588
9/30/2022 1:00,1.644
9/30/2022 2:00,1.808
9/30/2022 3:00,2.052
9/30/2022 4:00,2.294
9/30/2022 5:00,2.597
9/30/2022 6:00,3.124
9/30/2022 7:00,4.112
9/30/2022 8:00,4.732
9/30/2022 9:00,5.412
9/30/2022 10:00,6.217
9/30/2022 11:00,7.023
9/30/2022 12:00,7.481
9/30/2022 13:00,7.858
9/30/2022 14:00,8.005
9/30/2022 15:00,7.913
9/30/2022 16:00,7.65
9/30/2022 17:00,7.235
9/30/2022 18:00,6.585
9/30/2022 19:00,5.988
9/30/2022 20:00,5.559
9/30/2022 21:00,5.048
9/30/2022 22:00,4.698
9/30/2022 23:00,4.503
10/1/2022 0:00,4.273
10/1/2022 1:00,4.213
10/1/2022 2:00,4.269
10/1/2022 3:00,4.274
10/1/2022 4:00,4.291
10/1/2022 5:00,4.27
10/1/2022 6:00,4.328
10/1/2022 7:00,4.71
10/1/2022 8:00,5.11
10/1/2022 9:00,5.839
10/1/2022 10:00,6.236
10/1/2022 11:00,6.36
10/1/2022 12:00,6.363
10/1/2022 13:00,6.325
10/1/2022 14:00,6.21
10/1/2022 15:00,5.939
10/1/2022 16:00,5.299
10/1/2022 17:00,4.477
10/1/2022 18:00,4.032
10/1/2022 19:00,3.925
10/1/2022 20:00,3.972
10/1/2022 21:00,3.995
10/1/2022 22:00,3.902
10/1/2022 23:00,3.711
10/2/2022 0:00,3.446
10/2/2022 1:00,3.218
10/2/2022 2:00,2.978
10/2/2022 3:00,2.784
10/2/2022 4:00,2.649
10/2/2022 5:00,2.516
10/2/2022 6:00,2.513
10/2/2022 7:00,2.977
10/2/2022 8:00,3.288
10/2/2022 9:00,3.699
10/2/2022 10:00,3.93
10/2/2022 11:00,3.841
10/2/2022 12:00,3.704
10/2/2022 13:00,3.614
10/2/2022 14:00,3.462
10/2/2022 15:00,3.157
10/2/2022 16:00,2.294
10/2/2022 17:00,1.527
10/2/2022 18:00,1.584
10/2/2022 19:00,1.638
10/2/2022 20:00,1.62
10/2/2022 21:00,1.542
10/2/2022 22:00,1.455
10/2/2022 23:00,1.377
10/3/2022 0:00,1.299
10/3/2022 1:00,1.26
10/3/2022 2:00,1.283
10/3/2022 3:00,1.348
10/3/2022 4:00,1.416
10/3/2022 5:00,1.495
10/3/2022 6:00,1.544
10/3/2022 7:00,1.891
10/3/2022 8:00,2.45
10/3/2022 9:00,2.812
10/3/2022 10:00,3.136
10/3/2022 11:00,3.495
10/3/2022 12:00,3.815
10/3/2022 13:00,4.023
10/3/2022 14:00,4.054
10/3/2022 15:00,3.88
10/3/2022 16:00,3.394
10/3/2022 17:00,2.833
10/3/2022 18:00,2.968
10/3/2022 19:00,3.232
10/3/2022 20:00,3.387
10/3/2022 21:00,3.55
10/3/2022 22:00,3.673
10/3/2022 23:00,3.785
10/4/2022 0:00,3.932
10/4/2022 1:00,4.015
10/4/2022 2:00,4.1
10/4/2022 3:00,4.204
10/4/2022 4:00,4.283
10/4/2022 5:00,4.347
10/4/2022 6:00,4.365
10/4/2022 7:00,4.687
10/4/2022 8:00,4.944
10/4/2022 9:00,5.467
10/4/2022 10:00,6.066
10/4/2022 11:00,6.285
10/4/2022 12:00,6.056
10/4/2022 13:00,5.798
10/4/2022 14:00,5.702
10/4/2022 15:00,5.489
10/4/2022 16:00,5.078
10/4/2022 17:00,4.739
10/4/2022 18:00,4.691
10/4/2022 19:00,4.663
10/4/2022 20:00,4.751
10/4/2022 21:00,4.973
10/4/2022 22:00,5.195
10/4/2022 23:00,5.467
10/5/2022 0:00,5.751
10/5/2022 1:00,6.025
10/5/2022 2:00,6.326
10/5/2022 3:00,6.42
10/5/2022 4:00,6.46
10/5/2022 5:00,6.491
10/5/2022 6:00,6.509
10/5/2022 7:00,6.556
10/5/2022 8:00,6.796
10/5/2022 9:00,7.265
10/5/2022 10:00,7.547
10/5/2022 11:00,7.631
10/5/2022 12:00,7.529
10/5/2022 13:00,7.359
10/5/2022 14:00,7.237
10/5/2022 15:00,7.046
10/5/2022 16:00,6.635
10/5/2022 17:00,6.092
10/5/2022 18:00,5.908
10/5/2022 19:00,5.864
10/5/2022 20:00,5.692
10/5/2022 21:00,5.401
10/5/2022 22:00,5.207
10/5/2022 23:00,5.099
10/6/2022 0:00,4.909
10/6/2022 1:00,4.719
10/6/2022 2:00,4.523
10/6/2022 3:00,4.383
10/6/2022 4:00,4.37
10/6/2022 5:00,4.447
10/6/2022 6:00,4.524
10/6/2022 7:00,4.949
10/6/2022 8:00,5.076
10/6/2022 9:00,5.713
10/6/2022 10:00,6.099
10/6/2022 11:00,6.197
10/6/2022 12:00,6.323
10/6/2022 13:00,6.417
10/6/2022 14:00,6.331
10/6/2022 15:00,5.933
10/6/2022 16:00,5.265
10/6/2022 17:00,4.693
10/6/2022 18:00,4.83
10/6/2022 19:00,4.966
10/6/2022 20:00,5.027
10/6/2022 21:00,5.112
10/6/2022 22:00,5.189
10/6/2022 23:00,5.231
10/7/2022 0:00,5.235
10/7/2022 1:00,5.218
10/7/2022 2:00,5.192
10/7/2022 3:00,5.139
10/7/2022 4:00,5.098
10/7/2022 5:00,5.063
10/7/2022 6:00,5.047
10/7/2022 7:00,5.252
10/7/2022 8:00,5.566
10/7/2022 9:00,6.172
10/7/2022 10:00,6.507
10/7/2022 11:00,6.645
10/7/2022 12:00,6.736
10/7/2022 13:00,6.704
10/7/2022 14:00,6.499
10/7/2022 15:00,6.104
10/7/2022 16:00,5.303
10/7/2022 17:00,4.44
10/7/2022 18:00,4.171
10/7/2022 19:00,4
10/7/2022 20:00,3.886
10/7/2022 21:00,3.853
10/7/2022 22:00,3.815
10/7/2022 23:00,3.77
10/8/2022 0:00,3.721
10/8/2022 1:00,3.647
10/8/2022 2:00,3.585
10/8/2022 3:00,3.521
10/8/2022 4:00,3.442
10/8/2022 5:00,3.326
10/8/2022 6:00,3.177
10/8/2022 7:00,3.378
10/8/2022 8:00,3.47
10/8/2022 9:00,3.608
10/8/2022 10:00,3.654
10/8/2022 11:00,3.518
10/8/2022 12:00,3.507
10/8/2022 13:00,3.543
10/8/2022 14:00,3.462
10/8/2022 15:00,3.156
10/8/2022 16:00,2.016
10/8/2022 17:00,1.56
10/8/2022 18:00,1.567
10/8/2022 19:00,1.602
10/8/2022 20:00,1.774
10/8/2022 21:00,1.91
10/8/2022 22:00,2.048
10/8/2022 23:00,2.233
10/9/2022 0:00,2.448
10/9/2022 1:00,2.658
10/9/2022 2:00,2.859
10/9/2022 3:00,3.084
10/9/2022 4:00,3.354
10/9/2022 5:00,3.678
10/9/2022 6:00,3.918
10/9/2022 7:00,4.595
10/9/2022 8:00,5.021
10/9/2022 9:00,5.713
10/9/2022 10:00,6.099
10/9/2022 11:00,6.286
10/9/2022 12:00,6.304
10/9/2022 13:00,6.139
10/9/2022 14:00,5.806
10/9/2022 15:00,5.374
10/9/2022 16:00,4.679
10/9/2022 17:00,3.894
10/9/2022 18:00,3.737
10/9/2022 19:00,3.562
10/9/2022 20:00,3.384
10/9/2022 21:00,3.315
10/9/2022 22:00,3.26
10/9/2022 23:00,3.2
10/10/2022 0:00,3.167
10/10/2022 1:00,3.034
10/10/2022 2:00,2.951
10/10/2022 3:00,2.871
10/10/2022 4:00,2.89
10/10/2022 5:00,2.994
10/10/2022 6:00,3.227
10/10/2022 7:00,3.845
10/10/2022 8:00,4.36
10/10/2022 9:00,5.081
10/10/2022 10:00,5.475
10/10/2022 11:00,5.419
10/10/2022 12:00,5.297
10/10/2022 13:00,5.17
10/10/2022 14:00,4.985
10/10/2022 15:00,4.611
10/10/2022 16:00,3.469
10/10/2022 17:00,2.444
10/10/2022 18:00,2.364
10/10/2022 19:00,2.349
10/10/2022 20:00,2.295
10/10/2022 21:00,2.214
10/10/2022 22:00,2.113
10/10/2022 23:00,2.024
10/11/2022 0:00,1.951
10/11/2022 1:00,1.895
10/11/2022 2:00,1.853
10/11/2022 3:00,1.804
10/11/2022 4:00,1.739
10/11/2022 5:00,1.686
10/11/2022 6:00,1.654
10/11/2022 7:00,1.786
10/11/2022 8:00,2.176
10/11/2022 9:00,2.064
10/11/2022 10:00,2.156
10/11/2022 11:00,2.222
10/11/2022 12:00,2.307
10/11/2022 13:00,2.374
10/11/2022 14:00,2.368
10/11/2022 15:00,2.211
10/11/2022 16:00,1.552
10/11/2022 17:00,1.576
10/11/2022 18:00,1.698
10/11/2022 19:00,1.806
10/11/2022 20:00,1.905
10/11/2022 21:00,2.004
10/11/2022 22:00,2.111
10/11/2022 23:00,2.222
10/12/2022 0:00,2.318
10/12/2022 1:00,2.44
10/12/2022 2:00,2.6
10/12/2022 3:00,2.745
10/12/2022 4:00,2.879
10/12/2022 5:00,3.038
10/12/2022 6:00,3.162
10/12/2022 7:00,3.518
10/12/2022 8:00,4.098
10/12/2022 9:00,4.412
10/12/2022 10:00,4.688
10/12/2022 11:00,4.791
10/12/2022 12:00,4.791
10/12/2022 13:00,4.673
10/12/2022 14:00,4.329
10/12/2022 15:00,3.851
10/12/2022 16:00,3.196
10/12/2022 17:00,2.885
10/12/2022 18:00,2.947
10/12/2022 19:00,2.93
10/12/2022 20:00,2.879
10/12/2022 21:00,2.655
10/12/2022 22:00,2.24
10/12/2022 23:00,1.739
10/13/2022 0:00,1.473
10/13/2022 1:00,1.388
10/13/2022 2:00,1.362
10/13/2022 3:00,1.312
10/13/2022 4:00,1.247
10/13/2022 5:00,1.215
10/13/2022 6:00,1.266
10/13/2022 7:00,1.5
10/13/2022 8:00,2.062
10/13/2022 9:00,2.019
10/13/2022 10:00,1.853
10/13/2022 11:00,1.86
10/13/2022 12:00,2.008
10/13/2022 13:00,2.06
10/13/2022 14:00,2.126
10/13/2022 15:00,2.057
10/13/2022 16:00,1.405
10/13/2022 17:00,1.474
10/13/2022 18:00,1.578
10/13/2022 19:00,1.666
10/13/2022 20:00,1.732
10/13/2022 21:00,1.772
10/13/2022 22:00,1.819
10/13/2022 23:00,1.885
10/14/2022 0:00,1.955
10/14/2022 1:00,2.054
10/14/2022 2:00,2.188
10/14/2022 3:00,2.271
10/14/2022 4:00,2.256
10/14/2022 5:00,2.215
10/14/2022 6:00,2.178
10/14/2022 7:00,2.343
10/14/2022 8:00,2.837
10/14/2022 9:00,3.049
10/14/2022 10:00,3.278
10/14/2022 11:00,3.386
10/14/2022 12:00,3.513
10/14/2022 13:00,3.491
10/14/2022 14:00,3.318
10/14/2022 15:00,2.946
10/14/2022 16:00,2.027
10/14/2022 17:00,1.661
10/14/2022 18:00,1.735
10/14/2022 19:00,1.825
10/14/2022 20:00,1.905
10/14/2022 21:00,1.923
10/14/2022 22:00,1.984
10/14/2022 23:00,2.143
10/15/2022 0:00,2.433
10/15/2022 1:00,2.785
10/15/2022 2:00,3.17
10/15/2022 3:00,3.588
10/15/2022 4:00,3.862
10/15/2022 5:00,3.927
10/15/2022 6:00,3.964
10/15/2022 7:00,4.341
10/15/2022 8:00,4.752
10/15/2022 9:00,5.323
10/15/2022 10:00,5.976
10/15/2022 11:00,6.317
10/15/2022 12:00,6.516
10/15/2022 13:00,6.621
10/15/2022 14:00,6.569
10/15/2022 15:00,6.327
10/15/2022 16:00,5.923
10/15/2022 17:00,5.645
10/15/2022 18:00,5.625
10/15/2022 19:00,5.689
10/15/2022 20:00,5.693
10/15/2022 21:00,5.701
10/15/2022 22:00,5.691
10/15/2022 23:00,5.747
10/16/2022 0:00,5.734
10/16/2022 1:00,5.695
10/16/2022 2:00,5.624
10/16/2022 3:00,5.39
10/16/2022 4:00,4.916
10/16/2022 5:00,4.383
10/16/2022 6:00,3.897
10/16/2022 7:00,3.774
10/16/2022 8:00,3.822
10/16/2022 9:00,3.771
10/16/2022 10:00,3.859
10/16/2022 11:00,3.852
10/16/2022 12:00,3.825
10/16/2022 13:00,3.771
10/16/2022 14:00,3.637
10/16/2022 15:00,3.111
10/16/2022 16:00,2.676
10/16/2022 17:00,3.211
10/16/2022 18:00,4.043
10/16/2022 19:00,4.579
10/16/2022 20:00,4.943
10/16/2022 21:00,5.235
10/16/2022 22:00,5.483
10/16/2022 23:00,5.325
10/17/2022 0:00,5.201
10/17/2022 1:00,5.119
10/17/2022 2:00,4.85
10/17/2022 3:00,4.431
10/17/2022 4:00,4.292
10/17/2022 5:00,4.29
10/17/2022 6:00,4.177
10/17/2022 7:00,4.182
10/17/2022 8:00,4.46
10/17/2022 9:00,4.871
10/17/2022 10:00,5.599
10/17/2022 11:00,5.961
10/17/2022 12:00,5.994
10/17/2022 13:00,5.832
10/17/2022 14:00,5.506
10/17/2022 15:00,4.959
10/17/2022 16:00,3.93
10/17/2022 17:00,3.324
10/17/2022 18:00,3.138
10/17/2022 19:00,2.906
10/17/2022 20:00,2.653
10/17/2022 21:00,2.395
10/17/2022 22:00,2.165
10/17/2022 23:00,1.923
10/18/2022 0:00,1.738
10/18/2022 1:00,1.647
10/18/2022 2:00,1.608
10/18/2022 3:00,1.578
10/18/2022 4:00,1.55
10/18/2022 5:00,1.517
10/18/2022 6:00,1.49
10/18/2022 7:00,1.511
10/18/2022 8:00,1.995
10/18/2022 9:00,1.992
10/18/2022 10:00,2.193
10/18/2022 11:00,2.335
10/18/2022 12:00,2.526
10/18/2022 13:00,2.837
10/18/2022 14:00,3.136
10/18/2022 15:00,3.11
10/18/2022 16:00,2.5
10/18/2022 17:00,2.795
10/18/2022 18:00,3.384
10/18/2022 19:00,3.724
10/18/2022 20:00,3.91
10/18/2022 21:00,4.036
10/18/2022 22:00,4.137
10/18/2022 23:00,4.246
10/19/2022 0:00,4.32
10/19/2022 1:00,4.33
10/19/2022 2:00,4.356
10/19/2022 3:00,4.435
10/19/2022 4:00,4.544
10/19/2022 5:00,4.63
10/19/2022 6:00,4.748
10/19/2022 7:00,5.011
10/19/2022 8:00,5.316
10/19/2022 9:00,5.764
10/19/2022 10:00,6.241
10/19/2022 11:00,6.596
10/19/2022 12:00,6.79
10/19/2022 13:00,6.849
10/19/2022 14:00,6.768
10/19/2022 15:00,6.579
10/19/2022 16:00,6.301
10/19/2022 17:00,6.133
10/19/2022 18:00,6.094
10/19/2022 19:00,5.818
10/19/2022 20:00,5.512
10/19/2022 21:00,5.236
10/19/2022 22:00,4.927
10/19/2022 23:00,4.557
10/20/2022 0:00,4.052
10/20/2022 1:00,3.793
10/20/2022 2:00,3.681
10/20/2022 3:00,3.517
10/20/2022 4:00,3.138
10/20/2022 5:00,2.778
10/20/2022 6:00,2.508
10/20/2022 7:00,2.322
10/20/2022 8:00,2.369
10/20/2022 9:00,2.522
10/20/2022 10:00,2.541
10/20/2022 11:00,2.59
10/20/2022 12:00,2.701
10/20/2022 13:00,2.764
10/20/2022 14:00,2.681
10/20/2022 15:00,2.43
10/20/2022 16:00,1.717
10/20/2022 17:00,1.774
10/20/2022 18:00,1.888
10/20/2022 19:00,1.965
10/20/2022 20:00,1.977
10/20/2022 21:00,1.993
10/20/2022 22:00,2.057
10/20/2022 23:00,2.148
10/21/2022 0:00,2.273
10/21/2022 1:00,2.467
10/21/2022 2:00,2.67
10/21/2022 3:00,2.895
10/21/2022 4:00,3.093
10/21/2022 5:00,3.417
10/21/2022 6:00,3.642
10/21/2022 7:00,3.951
10/21/2022 8:00,4.338
10/21/2022 9:00,4.746
10/21/2022 10:00,5.348
10/21/2022 11:00,5.842
10/21/2022 12:00,5.967
10/21/2022 13:00,5.863
10/21/2022 14:00,5.686
10/21/2022 15:00,5.583
10/21/2022 16:00,5.514
10/21/2022 17:00,5.479
10/21/2022 18:00,5.473
10/21/2022 19:00,5.3
10/21/2022 20:00,5.122
10/21/2022 21:00,4.918
10/21/2022 22:00,4.632
10/21/2022 23:00,4.347
10/22/2022 0:00,4.127
10/22/2022 1:00,3.96
10/22/2022 2:00,3.836
10/22/2022 3:00,3.758
10/22/2022 4:00,3.641
10/22/2022 5:00,3.507
10/22/2022 6:00,3.391
10/22/2022 7:00,3.46
10/22/2022 8:00,3.789
10/22/2022 9:00,3.98
10/22/2022 10:00,4.438
10/22/2022 11:00,4.639
10/22/2022 12:00,4.616
10/22/2022 13:00,4.446
10/22/2022 14:00,4.073
10/22/2022 15:00,3.337
10/22/2022 16:00,2.497
10/22/2022 17:00,2.444
10/22/2022 18:00,2.691
10/22/2022 19:00,2.799
10/22/2022 20:00,2.826
10/22/2022 21:00,2.801
10/22/2022 22:00,2.777
10/22/2022 23:00,2.843
10/23/2022 0:00,2.917
10/23/2022 1:00,3.11
10/23/2022 2:00,3.321
10/23/2022 3:00,3.49
10/23/2022 4:00,3.66
10/23/2022 5:00,3.822
10/23/2022 6:00,4.063
10/23/2022 7:00,4.191
10/23/2022 8:00,4.256
10/23/2022 9:00,4.407
10/23/2022 10:00,4.48
10/23/2022 11:00,4.353
10/23/2022 12:00,4.248
10/23/2022 13:00,4.128
10/23/2022 14:00,3.657
10/23/2022 15:00,2.985
10/23/2022 16:00,2.69
10/23/2022 17:00,2.904
10/23/2022 18:00,3.084
10/23/2022 19:00,3.12
10/23/2022 20:00,3.288
10/23/2022 21:00,3.333
10/23/2022 22:00,3.336
10/23/2022 23:00,3.284
10/24/2022 0:00,3.255
10/24/2022 1:00,3.327
10/24/2022 2:00,3.423
10/24/2022 3:00,3.529
10/24/2022 4:00,3.649
10/24/2022 5:00,3.728
10/24/2022 6:00,3.806
10/24/2022 7:00,3.957
10/24/2022 8:00,4.265
10/24/2022 9:00,4.647
10/24/2022 10:00,4.984
10/24/2022 11:00,5.19
10/24/2022 12:00,5.289
10/24/2022 13:00,5.276
10/24/2022 14:00,5.047
10/24/2022 15:00,4.386
10/24/2022 16:00,3.739
10/24/2022 17:00,3.495
10/24/2022 18:00,3.577
10/24/2022 19:00,3.66
10/24/2022 20:00,3.75
10/24/2022 21:00,3.823
10/24/2022 22:00,3.77
10/24/2022 23:00,3.666
10/25/2022 0:00,3.546
10/25/2022 1:00,3.393
10/25/2022 2:00,3.235
10/25/2022 3:00,3.051
10/25/2022 4:00,2.897
10/25/2022 5:00,2.838
10/25/2022 6:00,2.71
10/25/2022 7:00,2.737
10/25/2022 8:00,3.421
10/25/2022 9:00,3.615
10/25/2022 10:00,4.069
10/25/2022 11:00,4.237
10/25/2022 12:00,4.217
10/25/2022 13:00,4.128
10/25/2022 14:00,3.924
10/25/2022 15:00,3.33
10/25/2022 16:00,2.696
10/25/2022 17:00,3.223
10/25/2022 18:00,3.856
10/25/2022 19:00,4.247
10/25/2022 20:00,4.622
10/25/2022 21:00,4.86
10/25/2022 22:00,4.97
10/25/2022 23:00,5.112
10/26/2022 0:00,5.168
10/26/2022 1:00,5.17
10/26/2022 2:00,5.27
10/26/2022 3:00,5.304
10/26/2022 4:00,5.162
10/26/2022 5:00,5.191
10/26/2022 6:00,5.278
10/26/2022 7:00,5.511
10/26/2022 8:00,5.873
10/26/2022 9:00,6.325
10/26/2022 10:00,6.805
10/26/2022 11:00,7.08
10/26/2022 12:00,7.191
10/26/2022 13:00,7.144
10/26/2022 14:00,6.824
10/26/2022 15:00,6.144
10/26/2022 16:00,5.185
10/26/2022 17:00,4.551
10/26/2022 18:00,4.092
10/26/2022 19:00,3.906
10/26/2022 20:00,3.806
10/26/2022 21:00,3.57
10/26/2022 22:00,3.336
10/26/2022 23:00,3.197
10/27/2022 0:00,3.197
10/27/2022 1:00,3.297
10/27/2022 2:00,3.445
10/27/2022 3:00,3.515
10/27/2022 4:00,3.581
10/27/2022 5:00,3.716
10/27/2022 6:00,3.656
10/27/2022 7:00,3.758
10/27/2022 8:00,4.089
10/27/2022 9:00,4.301
10/27/2022 10:00,4.614
10/27/2022 11:00,4.889
10/27/2022 12:00,4.942
10/27/2022 13:00,4.781
10/27/2022 14:00,4.437
10/27/2022 15:00,3.822
10/27/2022 16:00,2.971
10/27/2022 17:00,2.836
10/27/2022 18:00,3.179
10/27/2022 19:00,3.43
10/27/2022 20:00,3.568
10/27/2022 21:00,3.55
10/27/2022 22:00,3.456
10/27/2022 23:00,3.472
10/28/2022 0:00,3.483
10/28/2022 1:00,3.524
10/28/2022 2:00,3.746
10/28/2022 3:00,4.073
10/28/2022 4:00,4.516
10/28/2022 5:00,4.952
10/28/2022 6:00,5.114
10/28/2022 7:00,5.269
10/28/2022 8:00,5.398
10/28/2022 9:00,5.539
10/28/2022 10:00,5.737
10/28/2022 11:00,5.715
10/28/2022 12:00,5.462
10/28/2022 13:00,5.087
10/28/2022 14:00,4.685
10/28/2022 15:00,4.086
10/28/2022 16:00,3.184
10/28/2022 17:00,3.053
10/28/2022 18:00,3.102
10/28/2022 19:00,3.005
10/28/2022 20:00,2.846
10/28/2022 21:00,2.694
10/28/2022 22:00,2.588
10/28/2022 23:00,2.485
10/29/2022 0:00,2.479
10/29/2022 1:00,2.647
10/29/2022 2:00,2.893
10/29/2022 3:00,3.1
10/29/2022 4:00,3.257
10/29/2022 5:00,3.483
10/29/2022 6:00,3.649
10/29/2022 7:00,3.815
10/29/2022 8:00,4.12
10/29/2022 9:00,4.252
10/29/2022 10:00,4.304
10/29/2022 11:00,4.316
10/29/2022 12:00,4.372
10/29/2022 13:00,4.435
10/29/2022 14:00,4.354
10/29/2022 15:00,4.209
10/29/2022 16:00,4.197
10/29/2022 17:00,4.328
10/29/2022 18:00,4.156
10/29/2022 19:00,3.898
10/29/2022 20:00,3.645
10/29/2022 21:00,3.548
10/29/2022 22:00,3.488
10/29/2022 23:00,3.394
10/30/2022 0:00,3.29
10/30/2022 1:00,3.274
10/30/2022 2:00,3.401
10/30/2022 3:00,3.69
10/30/2022 4:00,4.036
10/30/2022 5:00,4.285
10/30/2022 6:00,4.342
10/30/2022 7:00,4.391
10/30/2022 8:00,4.534
10/30/2022 9:00,4.663
10/30/2022 10:00,4.869
10/30/2022 11:00,5.219
10/30/2022 12:00,5.578
10/30/2022 13:00,5.784
10/30/2022 14:00,5.817
10/30/2022 15:00,5.565
10/30/2022 16:00,5.111
10/30/2022 17:00,4.712
10/30/2022 18:00,4.29
10/30/2022 19:00,4.062
10/30/2022 20:00,3.902
10/30/2022 21:00,3.849
10/30/2022 22:00,3.821
10/30/2022 23:00,3.776
10/31/2022 0:00,3.782
10/31/2022 1:00,3.873
10/31/2022 2:00,3.926
10/31/2022 3:00,3.954
10/31/2022 4:00,3.979
10/31/2022 5:00,4
10/31/2022 6:00,4.025
10/31/2022 7:00,4.094
10/31/2022 8:00,4.423
10/31/2022 9:00,4.595
10/31/2022 10:00,4.874
10/31/2022 11:00,4.94
10/31/2022 12:00,4.866
10/31/2022 13:00,4.687
10/31/2022 14:00,4.38
10/31/2022 15:00,3.962
10/31/2022 16:00,3.798
10/31/2022 17:00,4.159
10/31/2022 18:00,4.453
10/31/2022 19:00,4.541
10/31/2022 20:00,4.492
10/31/2022 21:00,4.593
10/31/2022 22:00,4.679
10/31/2022 23:00,4.868
11/1/2022 0:00,5.122
11/1/2022 1:00,5.539
11/1/2022 2:00,6.041
11/1/2022 3:00,6.545
11/1/2022 4:00,6.723
11/1/2022 5:00,6.494
11/1/2022 6:00,6.275
11/1/2022 7:00,6.417
11/1/2022 8:00,6.702
11/1/2022 9:00,6.982
11/1/2022 10:00,7.073
11/1/2022 11:00,6.934
11/1/2022 12:00,6.719
11/1/2022 13:00,6.444
11/1/2022 14:00,6.14
11/1/2022 15:00,5.637
11/1/2022 16:00,5.106
11/1/2022 17:00,5.155
11/1/2022 18:00,5.341
11/1/2022 19:00,5.438
11/1/2022 20:00,5.485
11/1/2022 21:00,5.645
11/1/2022 22:00,5.902
11/1/2022 23:00,6.069
11/2/2022 0:00,6.023
11/2/2022 1:00,5.686
11/2/2022 2:00,5.145
11/2/2022 3:00,4.57
11/2/2022 4:00,4.119
11/2/2022 5:00,3.968
11/2/2022 6:00,4.092
11/2/2022 7:00,4.406
11/2/2022 8:00,5.041
11/2/2022 9:00,5.533
11/2/2022 10:00,6.605
11/2/2022 11:00,7.742
11/2/2022 12:00,8.48
11/2/2022 13:00,9.008
11/2/2022 14:00,9.237
11/2/2022 15:00,9.224
11/2/2022 16:00,9.192
11/2/2022 17:00,9.055
11/2/2022 18:00,8.828
11/2/2022 19:00,8.491
11/2/2022 20:00,8.078
11/2/2022 21:00,7.582
11/2/2022 22:00,7.035
11/2/2022 23:00,6.46
11/3/2022 0:00,5.713
11/3/2022 1:00,4.917
11/3/2022 2:00,4.259
11/3/2022 3:00,3.936
11/3/2022 4:00,3.844
11/3/2022 5:00,3.598
11/3/2022 6:00,3.092
11/3/2022 7:00,2.634
11/3/2022 8:00,2.657
11/3/2022 9:00,2.726
11/3/2022 10:00,2.793
11/3/2022 11:00,2.961
11/3/2022 12:00,3.038
11/3/2022 13:00,2.985
11/3/2022 14:00,2.661
11/3/2022 15:00,1.836
11/3/2022 16:00,1.48
11/3/2022 17:00,1.602
11/3/2022 18:00,1.729
11/3/2022 19:00,1.807
11/3/2022 20:00,1.847
11/3/2022 21:00,1.943
11/3/2022 22:00,2.122
11/3/2022 23:00,2.394
11/4/2022 0:00,2.805
11/4/2022 1:00,3.33
11/4/2022 2:00,3.67
11/4/2022 3:00,3.732
11/4/2022 4:00,3.676
11/4/2022 5:00,3.633
11/4/2022 6:00,3.706
11/4/2022 7:00,3.818
11/4/2022 8:00,4.064
11/4/2022 9:00,4.213
11/4/2022 10:00,4.367
11/4/2022 11:00,4.623
11/4/2022 12:00,4.829
11/4/2022 13:00,4.738
11/4/2022 14:00,4.339
11/4/2022 15:00,3.386
11/4/2022 16:00,2.524
11/4/2022 17:00,2.581
11/4/2022 18:00,2.59
11/4/2022 19:00,2.593
11/4/2022 20:00,2.591
11/4/2022 21:00,2.53
11/4/2022 22:00,2.39
11/4/2022 23:00,2.263
11/5/2022 0:00,2.246
11/5/2022 1:00,2.294
11/5/2022 2:00,2.388
11/5/2022 3:00,2.557
11/5/2022 4:00,2.774
11/5/2022 5:00,3.003
11/5/2022 6:00,3.204
11/5/2022 7:00,3.396
11/5/2022 8:00,3.75
11/5/2022 9:00,4.19
11/5/2022 10:00,4.639
11/5/2022 11:00,4.945
11/5/2022 12:00,5.225
11/5/2022 13:00,5.426
11/5/2022 14:00,5.347
11/5/2022 15:00,5.067
11/5/2022 16:00,4.599
11/5/2022 17:00,4.193
11/5/2022 18:00,3.861
11/5/2022 19:00,3.541
11/5/2022 20:00,3.325
11/5/2022 21:00,3.169
11/5/2022 22:00,3.025
11/5/2022 23:00,2.932
11/6/2022 0:00,2.905
11/6/2022 1:00,3.048
11/6/2022 2:00,3.379
11/6/2022 3:00,3.592
11/6/2022 4:00,3.51
11/6/2022 5:00,3.365
11/6/2022 6:00,3.513
11/6/2022 7:00,3.801
11/6/2022 8:00,4.071
11/6/2022 9:00,4.238
11/6/2022 10:00,4.432
11/6/2022 11:00,4.643
11/6/2022 12:00,4.789
11/6/2022 13:00,4.895
11/6/2022 14:00,4.719
11/6/2022 15:00,4.463
11/6/2022 16:00,4.438
11/6/2022 17:00,4.563
11/6/2022 18:00,4.779
11/6/2022 19:00,4.933
11/6/2022 20:00,5.002
11/6/2022 21:00,5.006
11/6/2022 22:00,4.993
11/6/2022 23:00,4.958
11/7/2022 0:00,4.863
11/7/2022 1:00,4.767
11/7/2022 2:00,4.624
11/7/2022 3:00,4.47
11/7/2022 4:00,4.454
11/7/2022 5:00,4.565
11/7/2022 6:00,4.726
11/7/2022 7:00,4.927
11/7/2022 8:00,5.237
11/7/2022 9:00,5.489
11/7/2022 10:00,5.625
11/7/2022 11:00,5.839
11/7/2022 12:00,6.087
11/7/2022 13:00,6.252
11/7/2022 14:00,6.282
11/7/2022 15:00,6.275
11/7/2022 16:00,6.332
11/7/2022 17:00,6.638
11/7/2022 18:00,7.037
11/7/2022 19:00,7.462
11/7/2022 20:00,7.814
11/7/2022 21:00,8.033
11/7/2022 22:00,8.152
11/7/2022 23:00,8.114
11/8/2022 0:00,7.877
11/8/2022 1:00,7.459
11/8/2022 2:00,6.906
11/8/2022 3:00,6.489
11/8/2022 4:00,6.268
11/8/2022 5:00,5.921
11/8/2022 6:00,5.483
11/8/2022 7:00,5.272
11/8/2022 8:00,5.58
11/8/2022 9:00,6.129
11/8/2022 10:00,6.725
11/8/2022 11:00,7.029
11/8/2022 12:00,7.153
11/8/2022 13:00,7.073
11/8/2022 14:00,6.896
11/8/2022 15:00,6.647
11/8/2022 16:00,6.435
11/8/2022 17:00,6.394
11/8/2022 18:00,6.359
11/8/2022 19:00,6.259
11/8/2022 20:00,6.048
11/8/2022 21:00,5.74
11/8/2022 22:00,5.406
11/8/2022 23:00,5.285
11/9/2022 0:00,5.157
11/9/2022 1:00,4.925
11/9/2022 2:00,4.843
11/9/2022 3:00,4.696
11/9/2022 4:00,4.499
11/9/2022 5:00,4.271
11/9/2022 6:00,4.092
11/9/2022 7:00,4.076
11/9/2022 8:00,4.382
11/9/2022 9:00,4.751
11/9/2022 10:00,5.128
11/9/2022 11:00,5.448
11/9/2022 12:00,5.608
11/9/2022 13:00,5.574
11/9/2022 14:00,5.336
11/9/2022 15:00,4.875
11/9/2022 16:00,4.331
11/9/2022 17:00,4.019
11/9/2022 18:00,4.132
11/9/2022 19:00,4.26
11/9/2022 20:00,4.358
11/9/2022 21:00,4.402
11/9/2022 22:00,4.553
11/9/2022 23:00,4.79
11/10/2022 0:00,4.981
11/10/2022 1:00,5.121
11/10/2022 2:00,5.246
11/10/2022 3:00,5.242
11/10/2022 4:00,5.257
11/10/2022 5:00,5.339
11/10/2022 6:00,5.418
11/10/2022 7:00,5.579
11/10/2022 8:00,5.897
11/10/2022 9:00,6.149
11/10/2022 10:00,6.621
11/10/2022 11:00,7.141
11/10/2022 12:00,7.33
11/10/2022 13:00,7.275
11/10/2022 14:00,7.091
11/10/2022 15:00,6.946
11/10/2022 16:00,6.897
11/10/2022 17:00,6.931
11/10/2022 18:00,6.967
11/10/2022 19:00,6.955
11/10/2022 20:00,6.894
11/10/2022 21:00,6.862
11/10/2022 22:00,6.854
11/10/2022 23:00,6.811
11/11/2022 0:00,6.759
11/11/2022 1:00,6.704
11/11/2022 2:00,6.636
11/11/2022 3:00,6.523
11/11/2022 4:00,6.404
11/11/2022 5:00,6.35
11/11/2022 6:00,6.36
11/11/2022 7:00,6.391
11/11/2022 8:00,6.569
11/11/2022 9:00,6.781
11/11/2022 10:00,6.99
11/11/2022 11:00,7.129
11/11/2022 12:00,7.042
11/11/2022 13:00,6.677
11/11/2022 14:00,6.1
11/11/2022 15:00,5.358
11/11/2022 16:00,4.594
11/11/2022 17:00,4.351
11/11/2022 18:00,4.036
11/11/2022 19:00,3.704
11/11/2022 20:00,3.377
11/11/2022 21:00,3.054
11/11/2022 22:00,2.749
11/11/2022 23:00,2.467
11/12/2022 0:00,2.265
11/12/2022 1:00,2.178
11/12/2022 2:00,2.213
11/12/2022 3:00,2.296
11/12/2022 4:00,2.364
11/12/2022 5:00,2.44
11/12/2022 6:00,2.488
11/12/2022 7:00,2.591
11/12/2022 8:00,3.066
11/12/2022 9:00,3.48
11/12/2022 10:00,3.592
11/12/2022 11:00,3.784
11/12/2022 12:00,3.847
11/12/2022 13:00,3.822
11/12/2022 14:00,3.57
11/12/2022 15:00,2.927
11/12/2022 16:00,2.799
11/12/2022 17:00,3.252
11/12/2022 18:00,3.403
11/12/2022 19:00,3.372
11/12/2022 20:00,3.269
11/12/2022 21:00,3.123
11/12/2022 22:00,2.985
11/12/2022 23:00,2.909
11/13/2022 0:00,2.901
11/13/2022 1:00,2.912
11/13/2022 2:00,2.925
11/13/2022 3:00,2.883
11/13/2022 4:00,2.827
11/13/2022 5:00,2.797
11/13/2022 6:00,2.816
11/13/2022 7:00,2.913
11/13/2022 8:00,3.33
11/13/2022 9:00,3.661
11/13/2022 10:00,3.639
11/13/2022 11:00,3.814
11/13/2022 12:00,3.882
11/13/2022 13:00,3.783
11/13/2022 14:00,3.525
11/13/2022 15:00,2.885
11/13/2022 16:00,2.736
11/13/2022 17:00,3.035
11/13/2022 18:00,3.096
11/13/2022 19:00,3.016
11/13/2022 20:00,2.925
11/13/2022 21:00,2.81
11/13/2022 22:00,2.721
11/13/2022 23:00,2.67
11/14/2022 0:00,2.662
11/14/2022 1:00,2.678
11/14/2022 2:00,2.653
11/14/2022 3:00,2.587
11/14/2022 4:00,2.47
11/14/2022 5:00,2.343
11/14/2022 6:00,2.249
11/14/2022 7:00,2.176
11/14/2022 8:00,2.223
11/14/2022 9:00,2.752
11/14/2022 10:00,2.708
11/14/2022 11:00,2.676
11/14/2022 12:00,2.638
11/14/2022 13:00,2.593
11/14/2022 14:00,2.427
11/14/2022 15:00,1.814
11/14/2022 16:00,1.834
11/14/2022 17:00,2.116
11/14/2022 18:00,2.429
11/14/2022 19:00,2.731
11/14/2022 20:00,3.022
11/14/2022 21:00,3.256
11/14/2022 22:00,3.502
11/14/2022 23:00,3.667
11/15/2022 0:00,3.91
11/15/2022 1:00,4.326
11/15/2022 2:00,4.723
11/15/2022 3:00,4.955
11/15/2022 4:00,5.185
11/15/2022 5:00,5.564
11/15/2022 6:00,5.985
11/15/2022 7:00,6.376
11/15/2022 8:00,6.519
11/15/2022 9:00,6.556
11/15/2022 10:00,6.475
11/15/2022 11:00,6.204
11/15/2022 12:00,5.658
11/15/2022 13:00,5.1
11/15/2022 14:00,4.505
11/15/2022 15:00,3.785
11/15/2022 16:00,3.114
11/15/2022 17:00,2.749
11/15/2022 18:00,2.635
11/15/2022 19:00,2.707
11/15/2022 20:00,2.842
11/15/2022 21:00,2.989
11/15/2022 22:00,3.096
11/15/2022 23:00,3.229
11/16/2022 0:00,3.379
11/16/2022 1:00,3.491
11/16/2022 2:00,3.46
11/16/2022 3:00,3.331
11/16/2022 4:00,3.235
11/16/2022 5:00,3.129
11/16/2022 6:00,3.084
11/16/2022 7:00,3.069
11/16/2022 8:00,3.17
11/16/2022 9:00,3.363
11/16/2022 10:00,3.475
11/16/2022 11:00,3.603
11/16/2022 12:00,3.708
11/16/2022 13:00,3.645
11/16/2022 14:00,3.205
11/16/2022 15:00,2.703
11/16/2022 16:00,2.836
11/16/2022 17:00,3.329
11/16/2022 18:00,3.759
11/16/2022 19:00,4.169
11/16/2022 20:00,4.513
11/16/2022 21:00,4.593
11/16/2022 22:00,4.681
11/16/2022 23:00,4.763
11/17/2022 0:00,4.87
11/17/2022 1:00,5.155
11/17/2022 2:00,5.522
11/17/2022 3:00,5.774
11/17/2022 4:00,5.843
11/17/2022 5:00,5.806
11/17/2022 6:00,5.77
11/17/2022 7:00,5.728
11/17/2022 8:00,5.704
11/17/2022 9:00,5.72
11/17/2022 10:00,5.719
11/17/2022 11:00,5.738
11/17/2022 12:00,5.724
11/17/2022 13:00,5.696
11/17/2022 14:00,5.618
11/17/2022 15:00,5.39
11/17/2022 16:00,5.171
11/17/2022 17:00,5.14
11/17/2022 18:00,5.142
11/17/2022 19:00,5.221
11/17/2022 20:00,5.289
11/17/2022 21:00,5.341
11/17/2022 22:00,5.361
11/17/2022 23:00,5.38
11/18/2022 0:00,5.367
11/18/2022 1:00,5.335
11/18/2022 2:00,5.267
11/18/2022 3:00,5.196
11/18/2022 4:00,5.115
11/18/2022 5:00,5.016
11/18/2022 6:00,4.888
11/18/2022 7:00,4.76
11/18/2022 8:00,4.682
11/18/2022 9:00,4.682
11/18/2022 10:00,4.873
11/18/2022 11:00,5.083
11/18/2022 12:00,5.096
11/18/2022 13:00,4.891
11/18/2022 14:00,4.377
11/18/2022 15:00,3.607
11/18/2022 16:00,3.199
11/18/2022 17:00,3.326
11/18/2022 18:00,3.393
11/18/2022 19:00,3.312
11/18/2022 20:00,3.265
11/18/2022 21:00,3.213
11/18/2022 22:00,3.152
11/18/2022 23:00,3.106
11/19/2022 0:00,2.988
11/19/2022 1:00,2.817
11/19/2022 2:00,2.727
11/19/2022 3:00,2.776
11/19/2022 4:00,2.808
11/19/2022 5:00,2.739
11/19/2022 6:00,2.626
11/19/2022 7:00,2.59
11/19/2022 8:00,2.604
11/19/2022 9:00,2.775
11/19/2022 10:00,2.875
11/19/2022 11:00,2.928
11/19/2022 12:00,2.947
11/19/2022 13:00,2.848
11/19/2022 14:00,2.519
11/19/2022 15:00,2.074
11/19/2022 16:00,2.118
11/19/2022 17:00,2.24
11/19/2022 18:00,2.309
11/19/2022 19:00,2.377
11/19/2022 20:00,2.454
11/19/2022 21:00,2.564
11/19/2022 22:00,2.686
11/19/2022 23:00,2.805
11/20/2022 0:00,3.012
11/20/2022 1:00,3.226
11/20/2022 2:00,3.397
11/20/2022 3:00,3.451
11/20/2022 4:00,3.415
11/20/2022 5:00,3.28
11/20/2022 6:00,3.23
11/20/2022 7:00,3.243
11/20/2022 8:00,3.452
11/20/2022 9:00,3.812
11/20/2022 10:00,3.965
11/20/2022 11:00,4.088
11/20/2022 12:00,4.261
11/20/2022 13:00,4.32
11/20/2022 14:00,4.068
11/20/2022 15:00,3.615
11/20/2022 16:00,3.307
11/20/2022 17:00,3.188
11/20/2022 18:00,3.211
11/20/2022 19:00,3.204
11/20/2022 20:00,2.989
11/20/2022 21:00,2.766
11/20/2022 22:00,2.531
11/20/2022 23:00,2.474
11/21/2022 0:00,2.361
11/21/2022 1:00,2.178
11/21/2022 2:00,2.064
11/21/2022 3:00,2.194
11/21/2022 4:00,2.542
11/21/2022 5:00,2.993
11/21/2022 6:00,3.56
11/21/2022 7:00,4.088
11/21/2022 8:00,4.487
11/21/2022 9:00,4.866
11/21/2022 10:00,5.292
11/21/2022 11:00,5.677
11/21/2022 12:00,5.781
11/21/2022 13:00,5.834
11/21/2022 14:00,5.88
11/21/2022 15:00,5.467
11/21/2022 16:00,4.939
11/21/2022 17:00,4.781
11/21/2022 18:00,4.866
11/21/2022 19:00,4.874
11/21/2022 20:00,4.833
11/21/2022 21:00,4.652
11/21/2022 22:00,4.489
11/21/2022 23:00,4.404
11/22/2022 0:00,4.389
11/22/2022 1:00,4.302
11/22/2022 2:00,4.217
11/22/2022 3:00,4.088
11/22/2022 4:00,3.947
11/22/2022 5:00,3.795
11/22/2022 6:00,3.576
11/22/2022 7:00,3.522
11/22/2022 8:00,3.539
11/22/2022 9:00,3.585
11/22/2022 10:00,3.616
11/22/2022 11:00,3.553
11/22/2022 12:00,3.469
11/22/2022 13:00,3.278
11/22/2022 14:00,2.801
11/22/2022 15:00,2.141
11/22/2022 16:00,1.912
11/22/2022 17:00,1.865
11/22/2022 18:00,1.773
11/22/2022 19:00,1.765
11/22/2022 20:00,1.866
11/22/2022 21:00,1.988
11/22/2022 22:00,2.127
11/22/2022 23:00,2.333
11/23/2022 0:00,2.693
11/23/2022 1:00,3.093
11/23/2022 2:00,3.5
11/23/2022 3:00,4.086
11/23/2022 4:00,4.793
11/23/2022 5:00,5.385
11/23/2022 6:00,5.786
11/23/2022 7:00,6.173
11/23/2022 8:00,6.026
11/23/2022 9:00,5.701
11/23/2022 10:00,5.607
11/23/2022 11:00,5.447
11/23/2022 12:00,5.387
11/23/2022 13:00,5.467
11/23/2022 14:00,5.542
11/23/2022 15:00,5.42
11/23/2022 16:00,5.28
11/23/2022 17:00,5.301
11/23/2022 18:00,5.394
11/23/2022 19:00,5.364
11/23/2022 20:00,5.289
11/23/2022 21:00,5.311
11/23/2022 22:00,5.244
11/23/2022 23:00,5.175
11/24/2022 0:00,5.033
11/24/2022 1:00,4.883
11/24/2022 2:00,4.775
11/24/2022 3:00,4.632
11/24/2022 4:00,4.28
11/24/2022 5:00,4.104
11/24/2022 6:00,4.258
11/24/2022 7:00,4.48
11/24/2022 8:00,4.875
11/24/2022 9:00,5.355
11/24/2022 10:00,5.876
11/24/2022 11:00,6.554
11/24/2022 12:00,7.147
11/24/2022 13:00,7.405
11/24/2022 14:00,7.38
11/24/2022 15:00,7.087
11/24/2022 16:00,6.622
11/24/2022 17:00,6
11/24/2022 18:00,5.421
11/24/2022 19:00,4.996
11/24/2022 20:00,4.759
11/24/2022 21:00,4.833
11/24/2022 22:00,5.109
11/24/2022 23:00,5.389
11/25/2022 0:00,5.47
11/25/2022 1:00,5.428
11/25/2022 2:00,5.264
11/25/2022 3:00,4.95
11/25/2022 4:00,4.468
11/25/2022 5:00,4.004
11/25/2022 6:00,3.77
11/25/2022 7:00,3.781
11/25/2022 8:00,3.945
11/25/2022 9:00,4.284
11/25/2022 10:00,4.317
11/25/2022 11:00,4.476
11/25/2022 12:00,4.733
11/25/2022 13:00,4.761
11/25/2022 14:00,4.379
11/25/2022 15:00,3.693
11/25/2022 16:00,3.428
11/25/2022 17:00,3.58
11/25/2022 18:00,3.54
11/25/2022 19:00,3.454
11/25/2022 20:00,3.386
11/25/2022 21:00,3.312
11/25/2022 22:00,3.295
11/25/2022 23:00,3.288
11/26/2022 0:00,3.299
11/26/2022 1:00,3.344
11/26/2022 2:00,3.36
11/26/2022 3:00,3.418
11/26/2022 4:00,3.499
11/26/2022 5:00,3.584
11/26/2022 6:00,3.749
11/26/2022 7:00,3.96
11/26/2022 8:00,4.379
11/26/2022 9:00,4.884
11/26/2022 10:00,5.245
11/26/2022 11:00,5.566
11/26/2022 12:00,5.747
11/26/2022 13:00,5.849
11/26/2022 14:00,6.037
11/26/2022 15:00,6.11
11/26/2022 16:00,6.293
11/26/2022 17:00,6.642
11/26/2022 18:00,7.002
11/26/2022 19:00,7.382
11/26/2022 20:00,7.536
11/26/2022 21:00,7.603
11/26/2022 22:00,7.478
11/26/2022 23:00,7.179
11/27/2022 0:00,6.754
11/27/2022 1:00,6.111
11/27/2022 2:00,5.467
11/27/2022 3:00,4.907
11/27/2022 4:00,4.217
11/27/2022 5:00,3.587
11/27/2022 6:00,2.957
11/27/2022 7:00,2.611
11/27/2022 8:00,2.621
11/27/2022 9:00,2.661
11/27/2022 10:00,2.742
11/27/2022 11:00,2.897
11/27/2022 12:00,2.828
11/27/2022 13:00,2.571
11/27/2022 14:00,2.271
11/27/2022 15:00,2.121
11/27/2022 16:00,2.198
11/27/2022 17:00,2.322
11/27/2022 18:00,2.404
11/27/2022 19:00,2.486
11/27/2022 20:00,2.655
11/27/2022 21:00,2.805
11/27/2022 22:00,2.861
11/27/2022 23:00,2.86
11/28/2022 0:00,2.819
11/28/2022 1:00,2.832
11/28/2022 2:00,2.821
11/28/2022 3:00,2.766
11/28/2022 4:00,2.652
11/28/2022 5:00,2.542
11/28/2022 6:00,2.445
11/28/2022 7:00,2.327
11/28/2022 8:00,2.206
11/28/2022 9:00,2.181
11/28/2022 10:00,2.136
11/28/2022 11:00,2.02
11/28/2022 12:00,1.843
11/28/2022 13:00,1.587
11/28/2022 14:00,1.212
11/28/2022 15:00,0.999
11/28/2022 16:00,0.975
11/28/2022 17:00,1.008
11/28/2022 18:00,1.049
11/28/2022 19:00,1.101
11/28/2022 20:00,1.231
11/28/2022 21:00,1.399
11/28/2022 22:00,1.446
11/28/2022 23:00,1.492
11/29/2022 0:00,1.533
11/29/2022 1:00,1.571
11/29/2022 2:00,1.611
11/29/2022 3:00,1.617
11/29/2022 4:00,1.586
11/29/2022 5:00,1.501
11/29/2022 6:00,1.393
11/29/2022 7:00,1.271
11/29/2022 8:00,1.204
11/29/2022 9:00,1.311
11/29/2022 10:00,1.342
11/29/2022 11:00,1.329
11/29/2022 12:00,1.314
11/29/2022 13:00,1.306
11/29/2022 14:00,1.264
11/29/2022 15:00,1.12
11/29/2022 16:00,1.058
11/29/2022 17:00,1.181
11/29/2022 18:00,1.36
11/29/2022 19:00,1.502
11/29/2022 20:00,1.581
11/29/2022 21:00,1.624
11/29/2022 22:00,1.643
11/29/2022 23:00,1.656
11/30/2022 0:00,1.693
11/30/2022 1:00,1.758
11/30/2022 2:00,1.822
11/30/2022 3:00,1.843
11/30/2022 4:00,1.837
11/30/2022 5:00,1.859
11/30/2022 6:00,1.865
11/30/2022 7:00,1.871
11/30/2022 8:00,1.999
11/30/2022 9:00,2.324
11/30/2022 10:00,2.361
11/30/2022 11:00,2.275
11/30/2022 12:00,2.129
11/30/2022 13:00,1.963
11/30/2022 14:00,1.697
11/30/2022 15:00,1.372
11/30/2022 16:00,1.384
11/30/2022 17:00,1.463
11/30/2022 18:00,1.51
11/30/2022 19:00,1.532
11/30/2022 20:00,1.552
11/30/2022 21:00,1.634
11/30/2022 22:00,1.752
11/30/2022 23:00,1.792
12/1/2022 0:00,1.826
12/1/2022 1:00,1.873
12/1/2022 2:00,1.863
12/1/2022 3:00,1.833
12/1/2022 4:00,1.809
12/1/2022 5:00,1.819
12/1/2022 6:00,1.811
12/1/2022 7:00,1.753
12/1/2022 8:00,1.788
12/1/2022 9:00,2.045
12/1/2022 10:00,2.157
12/1/2022 11:00,2.145
12/1/2022 12:00,2.088
12/1/2022 13:00,1.997
12/1/2022 14:00,1.698
12/1/2022 15:00,1.351
12/1/2022 16:00,1.429
12/1/2022 17:00,1.608
12/1/2022 18:00,1.809
12/1/2022 19:00,1.941
12/1/2022 20:00,2.001
12/1/2022 21:00,1.97
12/1/2022 22:00,1.927
12/1/2022 23:00,1.885
12/2/2022 0:00,1.856
12/2/2022 1:00,1.871
12/2/2022 2:00,1.908
12/2/2022 3:00,1.962
12/2/2022 4:00,2.048
12/2/2022 5:00,2.138
12/2/2022 6:00,2.211
12/2/2022 7:00,2.263
12/2/2022 8:00,2.388
12/2/2022 9:00,2.604
12/2/2022 10:00,2.781
12/2/2022 11:00,2.98
12/2/2022 12:00,3.071
12/2/2022 13:00,3.091
12/2/2022 14:00,2.856
12/2/2022 15:00,2.568
12/2/2022 16:00,2.682
12/2/2022 17:00,2.961
12/2/2022 18:00,3.131
12/2/2022 19:00,3.212
12/2/2022 20:00,3.308
12/2/2022 21:00,3.407
12/2/2022 22:00,3.523
12/2/2022 23:00,3.548
12/3/2022 0:00,3.555
12/3/2022 1:00,3.533
12/3/2022 2:00,3.534
12/3/2022 3:00,3.565
12/3/2022 4:00,3.554
12/3/2022 5:00,3.59
12/3/2022 6:00,3.61
12/3/2022 7:00,3.623
12/3/2022 8:00,3.71
12/3/2022 9:00,3.858
12/3/2022 10:00,4.002
12/3/2022 11:00,4.133
12/3/2022 12:00,4.348
12/3/2022 13:00,4.295
12/3/2022 14:00,3.969
12/3/2022 15:00,3.635
12/3/2022 16:00,3.59
12/3/2022 17:00,3.628
12/3/2022 18:00,3.573
12/3/2022 19:00,3.519
12/3/2022 20:00,3.449
12/3/2022 21:00,3.5
12/3/2022 22:00,3.496
12/3/2022 23:00,3.466
12/4/2022 0:00,3.474
12/4/2022 1:00,3.494
12/4/2022 2:00,3.614
12/4/2022 3:00,3.62
12/4/2022 4:00,3.621
12/4/2022 5:00,3.609
12/4/2022 6:00,3.653
12/4/2022 7:00,3.65
12/4/2022 8:00,3.719
12/4/2022 9:00,3.933
12/4/2022 10:00,4.109
12/4/2022 11:00,4.359
12/4/2022 12:00,4.419
12/4/2022 13:00,4.256
12/4/2022 14:00,3.825
12/4/2022 15:00,3.457
12/4/2022 16:00,3.544
12/4/2022 17:00,3.748
12/4/2022 18:00,3.72
12/4/2022 19:00,3.731
12/4/2022 20:00,3.729
12/4/2022 21:00,3.736
12/4/2022 22:00,3.632
12/4/2022 23:00,3.533
12/5/2022 0:00,3.489
12/5/2022 1:00,3.468
12/5/2022 2:00,3.531
12/5/2022 3:00,3.577
12/5/2022 4:00,3.583
12/5/2022 5:00,3.556
12/5/2022 6:00,3.605
12/5/2022 7:00,3.514
12/5/2022 8:00,3.5
12/5/2022 9:00,3.687
12/5/2022 10:00,3.849
12/5/2022 11:00,3.964
12/5/2022 12:00,4.059
12/5/2022 13:00,4.025
12/5/2022 14:00,3.799
12/5/2022 15:00,3.5
12/5/2022 16:00,3.521
12/5/2022 17:00,3.692
12/5/2022 18:00,3.674
12/5/2022 19:00,3.632
12/5/2022 20:00,3.487
12/5/2022 21:00,3.338
12/5/2022 22:00,3.277
12/5/2022 23:00,3.242
12/6/2022 0:00,3.262
12/6/2022 1:00,3.333
12/6/2022 2:00,3.427
12/6/2022 3:00,3.43
12/6/2022 4:00,3.36
12/6/2022 5:00,3.391
12/6/2022 6:00,3.385
12/6/2022 7:00,3.335
12/6/2022 8:00,3.365
12/6/2022 9:00,3.432
12/6/2022 10:00,3.441
12/6/2022 11:00,3.514
12/6/2022 12:00,3.548
12/6/2022 13:00,3.459
12/6/2022 14:00,3.134
12/6/2022 15:00,2.594
12/6/2022 16:00,2.666
12/6/2022 17:00,2.904
12/6/2022 18:00,2.999
12/6/2022 19:00,2.962
12/6/2022 20:00,2.955
12/6/2022 21:00,2.984
12/6/2022 22:00,2.979
12/6/2022 23:00,3.034
12/7/2022 0:00,3.072
12/7/2022 1:00,3.074
12/7/2022 2:00,3.111
12/7/2022 3:00,3.092
12/7/2022 4:00,3.08
12/7/2022 5:00,3.034
12/7/2022 6:00,2.973
12/7/2022 7:00,2.885
12/7/2022 8:00,2.845
12/7/2022 9:00,2.965
12/7/2022 10:00,3.024
12/7/2022 11:00,3.08
12/7/2022 12:00,3.133
12/7/2022 13:00,3.127
12/7/2022 14:00,2.713
12/7/2022 15:00,2.138
12/7/2022 16:00,2.202
12/7/2022 17:00,2.293
12/7/2022 18:00,2.33
12/7/2022 19:00,2.388
12/7/2022 20:00,2.467
12/7/2022 21:00,2.52
12/7/2022 22:00,2.541
12/7/2022 23:00,2.51
12/8/2022 0:00,2.516
12/8/2022 1:00,2.506
12/8/2022 2:00,2.49
12/8/2022 3:00,2.513
12/8/2022 4:00,2.497
12/8/2022 5:00,2.529
12/8/2022 6:00,2.494
12/8/2022 7:00,2.531
12/8/2022 8:00,2.549
12/8/2022 9:00,2.67
12/8/2022 10:00,2.754
12/8/2022 11:00,2.786
12/8/2022 12:00,2.77
12/8/2022 13:00,2.592
12/8/2022 14:00,1.999
12/8/2022 15:00,1.779
12/8/2022 16:00,1.891
12/8/2022 17:00,1.941
12/8/2022 18:00,1.973
12/8/2022 19:00,1.981
12/8/2022 20:00,2.007
12/8/2022 21:00,2.034
12/8/2022 22:00,2.088
12/8/2022 23:00,2.227
12/9/2022 0:00,2.361
12/9/2022 1:00,2.355
12/9/2022 2:00,2.409
12/9/2022 3:00,2.464
12/9/2022 4:00,2.51
12/9/2022 5:00,2.539
12/9/2022 6:00,2.572
12/9/2022 7:00,2.558
12/9/2022 8:00,2.644
12/9/2022 9:00,2.776
12/9/2022 10:00,2.841
12/9/2022 11:00,2.863
12/9/2022 12:00,2.827
12/9/2022 13:00,2.654
12/9/2022 14:00,2.004
12/9/2022 15:00,1.874
12/9/2022 16:00,2.003
12/9/2022 17:00,2.074
12/9/2022 18:00,2.12
12/9/2022 19:00,2.123
12/9/2022 20:00,2.124
12/9/2022 21:00,2.147
12/9/2022 22:00,2.199
12/9/2022 23:00,2.212
12/10/2022 0:00,2.228
12/10/2022 1:00,2.26
12/10/2022 2:00,2.227
12/10/2022 3:00,2.239
12/10/2022 4:00,2.245
12/10/2022 5:00,2.249
12/10/2022 6:00,2.224
12/10/2022 7:00,2.201
12/10/2022 8:00,2.205
12/10/2022 9:00,2.27
12/10/2022 10:00,2.336
12/10/2022 11:00,2.368
12/10/2022 12:00,2.313
12/10/2022 13:00,2.111
12/10/2022 14:00,1.591
12/10/2022 15:00,1.471
12/10/2022 16:00,1.481
12/10/2022 17:00,1.427
12/10/2022 18:00,1.387
12/10/2022 19:00,1.34
12/10/2022 20:00,1.311
12/10/2022 21:00,1.233
12/10/2022 22:00,1.192
12/10/2022 23:00,1.14
12/11/2022 0:00,1.113
12/11/2022 1:00,1.059
12/11/2022 2:00,1.011
12/11/2022 3:00,0.969
12/11/2022 4:00,1.001
12/11/2022 5:00,1.042
12/11/2022 6:00,1.115
12/11/2022 7:00,1.147
12/11/2022 8:00,1.153
12/11/2022 9:00,1.25
12/11/2022 10:00,1.376
12/11/2022 11:00,1.44
12/11/2022 12:00,1.487
12/11/2022 13:00,1.516
12/11/2022 14:00,1.423
12/11/2022 15:00,1.244
12/11/2022 16:00,1.313
12/11/2022 17:00,1.424
12/11/2022 18:00,1.486
12/11/2022 19:00,1.506
12/11/2022 20:00,1.555
12/11/2022 21:00,1.633
12/11/2022 22:00,1.685
12/11/2022 23:00,1.699
12/12/2022 0:00,1.688
12/12/2022 1:00,1.648
12/12/2022 2:00,1.589
12/12/2022 3:00,1.497
12/12/2022 4:00,1.411
12/12/2022 5:00,1.354
12/12/2022 6:00,1.317
12/12/2022 7:00,1.274
12/12/2022 8:00,1.29
12/12/2022 9:00,1.48
12/12/2022 10:00,1.597
12/12/2022 11:00,1.727
12/12/2022 12:00,1.832
12/12/2022 13:00,1.8
12/12/2022 14:00,1.556
12/12/2022 15:00,1.319
12/12/2022 16:00,1.389
12/12/2022 17:00,1.558
12/12/2022 18:00,1.693
12/12/2022 19:00,1.809
12/12/2022 20:00,1.92
12/12/2022 21:00,1.953
12/12/2022 22:00,1.946
12/12/2022 23:00,1.941
12/13/2022 0:00,1.896
12/13/2022 1:00,1.842
12/13/2022 2:00,1.797
12/13/2022 3:00,1.779
12/13/2022 4:00,1.844
12/13/2022 5:00,1.935
12/13/2022 6:00,2.01
12/13/2022 7:00,2.066
12/13/2022 8:00,2.135
12/13/2022 9:00,2.314
12/13/2022 10:00,2.381
12/13/2022 11:00,2.329
12/13/2022 12:00,2.176
12/13/2022 13:00,2.057
12/13/2022 14:00,1.939
12/13/2022 15:00,1.973
12/13/2022 16:00,2.155
12/13/2022 17:00,2.295
12/13/2022 18:00,2.376
12/13/2022 19:00,2.507
12/13/2022 20:00,2.591
12/13/2022 21:00,2.619
12/13/2022 22:00,2.651
12/13/2022 23:00,2.641
12/14/2022 0:00,2.676
12/14/2022 1:00,2.795
12/14/2022 2:00,2.933
12/14/2022 3:00,3.096
12/14/2022 4:00,3.302
12/14/2022 5:00,3.517
12/14/2022 6:00,3.69
12/14/2022 7:00,3.792
12/14/2022 8:00,3.938
12/14/2022 9:00,4.141
12/14/2022 10:00,4.168
12/14/2022 11:00,4.2
12/14/2022 12:00,4.184
12/14/2022 13:00,3.954
12/14/2022 14:00,3.429
12/14/2022 15:00,3.02
12/14/2022 16:00,3.206
12/14/2022 17:00,3.356
12/14/2022 18:00,3.341
12/14/2022 19:00,3.326
12/14/2022 20:00,3.234
12/14/2022 21:00,3.13
12/14/2022 22:00,3.125
12/14/2022 23:00,3.145
12/15/2022 0:00,3.114
12/15/2022 1:00,3.134
12/15/2022 2:00,3.072
12/15/2022 3:00,3.06
12/15/2022 4:00,3.056
12/15/2022 5:00,3.009
12/15/2022 6:00,2.967
12/15/2022 7:00,2.858
12/15/2022 8:00,2.828
12/15/2022 9:00,2.906
12/15/2022 10:00,2.923
12/15/2022 11:00,2.989
12/15/2022 12:00,3.088
12/15/2022 13:00,3.042
12/15/2022 14:00,2.628
12/15/2022 15:00,2.287
12/15/2022 16:00,2.582
12/15/2022 17:00,2.806
12/15/2022 18:00,2.806
12/15/2022 19:00,2.734
12/15/2022 20:00,2.582
12/15/2022 21:00,2.509
12/15/2022 22:00,2.505
12/15/2022 23:00,2.519
12/16/2022 0:00,2.521
12/16/2022 1:00,2.546
12/16/2022 2:00,2.521
12/16/2022 3:00,2.522
12/16/2022 4:00,2.481
12/16/2022 5:00,2.46
12/16/2022 6:00,2.448
12/16/2022 7:00,2.44
12/16/2022 8:00,2.412
12/16/2022 9:00,2.491
12/16/2022 10:00,2.513
12/16/2022 11:00,2.527
12/16/2022 12:00,2.515
12/16/2022 13:00,2.363
12/16/2022 14:00,1.994
12/16/2022 15:00,2.064
12/16/2022 16:00,2.196
12/16/2022 17:00,2.298
12/16/2022 18:00,2.35
12/16/2022 19:00,2.441
12/16/2022 20:00,2.605
12/16/2022 21:00,2.726
12/16/2022 22:00,2.867
12/16/2022 23:00,2.987
12/17/2022 0:00,3.072
12/17/2022 1:00,3.078
12/17/2022 2:00,3.065
12/17/2022 3:00,3.113
12/17/2022 4:00,3.187
12/17/2022 5:00,3.261
12/17/2022 6:00,3.304
12/17/2022 7:00,3.35
12/17/2022 8:00,3.422
12/17/2022 9:00,3.635
12/17/2022 10:00,3.861
12/17/2022 11:00,3.965
12/17/2022 12:00,3.939
12/17/2022 13:00,3.765
12/17/2022 14:00,3.48
12/17/2022 15:00,3.267
12/17/2022 16:00,3.23
12/17/2022 17:00,3.202
12/17/2022 18:00,3.17
12/17/2022 19:00,3.164
12/17/2022 20:00,3.203
12/17/2022 21:00,3.178
12/17/2022 22:00,3.169
12/17/2022 23:00,3.217
12/18/2022 0:00,3.239
12/18/2022 1:00,3.303
12/18/2022 2:00,3.441
12/18/2022 3:00,3.642
12/18/2022 4:00,3.776
12/18/2022 5:00,3.941
12/18/2022 6:00,4.344
12/18/2022 7:00,4.503
12/18/2022 8:00,4.72
12/18/2022 9:00,4.962
12/18/2022 10:00,5.36
12/18/2022 11:00,5.738
12/18/2022 12:00,6.012
12/18/2022 13:00,6.137
12/18/2022 14:00,6.219
12/18/2022 15:00,6.37
12/18/2022 16:00,6.548
12/18/2022 17:00,6.543
12/18/2022 18:00,6.423
12/18/2022 19:00,6.174
12/18/2022 20:00,6.047
12/18/2022 21:00,6.028
12/18/2022 22:00,5.91
12/18/2022 23:00,5.874
12/19/2022 0:00,5.708
12/19/2022 1:00,5.746
12/19/2022 2:00,5.88
12/19/2022 3:00,5.933
12/19/2022 4:00,5.911
12/19/2022 5:00,6.288
12/19/2022 6:00,6.488
12/19/2022 7:00,6.77
12/19/2022 8:00,7.164
12/19/2022 9:00,7.484
12/19/2022 10:00,7.753
12/19/2022 11:00,7.971
12/19/2022 12:00,8.078
12/19/2022 13:00,8.026
12/19/2022 14:00,7.779
12/19/2022 15:00,7.606
12/19/2022 16:00,7.367
12/19/2022 17:00,7.029
12/19/2022 18:00,6.482
12/19/2022 19:00,6.029
12/19/2022 20:00,5.745
12/19/2022 21:00,5.57
12/19/2022 22:00,5.498
12/19/2022 23:00,5.458
12/20/2022 0:00,5.422
12/20/2022 1:00,5.391
12/20/2022 2:00,5.405
12/20/2022 3:00,5.296
12/20/2022 4:00,5.061
12/20/2022 5:00,4.793
12/20/2022 6:00,4.429
12/20/2022 7:00,4.146
12/20/2022 8:00,4.089
12/20/2022 9:00,4.248
12/20/2022 10:00,4.327
12/20/2022 11:00,4.362
12/20/2022 12:00,4.321
12/20/2022 13:00,3.962
12/20/2022 14:00,3.55
12/20/2022 15:00,3.361
12/20/2022 16:00,3.462
12/20/2022 17:00,3.527
12/20/2022 18:00,3.558
12/20/2022 19:00,3.682
12/20/2022 20:00,3.827
12/20/2022 21:00,3.952
12/20/2022 22:00,3.997
12/20/2022 23:00,4.045
12/21/2022 0:00,4.12
12/21/2022 1:00,4.242
12/21/2022 2:00,4.417
12/21/2022 3:00,4.623
12/21/2022 4:00,4.769
12/21/2022 5:00,4.908
12/21/2022 6:00,4.979
12/21/2022 7:00,5.006
12/21/2022 8:00,4.985
12/21/2022 9:00,5.057
12/21/2022 10:00,5.05
12/21/2022 11:00,5.002
12/21/2022 12:00,4.941
12/21/2022 13:00,4.734
12/21/2022 14:00,4.247
12/21/2022 15:00,3.64
12/21/2022 16:00,3.465
12/21/2022 17:00,3.291
12/21/2022 18:00,3.096
12/21/2022 19:00,3.006
12/21/2022 20:00,2.912
12/21/2022 21:00,2.777
12/21/2022 22:00,2.655
12/21/2022 23:00,2.595
12/22/2022 0:00,2.589
12/22/2022 1:00,2.734
12/22/2022 2:00,2.711
12/22/2022 3:00,2.619
12/22/2022 4:00,2.552
12/22/2022 5:00,2.615
12/22/2022 6:00,2.718
12/22/2022 7:00,2.745
12/22/2022 8:00,2.817
12/22/2022 9:00,3.029
12/22/2022 10:00,3.06
12/22/2022 11:00,2.92
12/22/2022 12:00,2.724
12/22/2022 13:00,2.515
12/22/2022 14:00,2.249
12/22/2022 15:00,2.21
12/22/2022 16:00,2.21
12/22/2022 17:00,2.245
12/22/2022 18:00,2.241
12/22/2022 19:00,2.215
12/22/2022 20:00,2.131
12/22/2022 21:00,2.048
12/22/2022 22:00,1.944
12/22/2022 23:00,1.771
12/23/2022 0:00,1.585
12/23/2022 1:00,1.387
12/23/2022 2:00,1.297
12/23/2022 3:00,1.285
12/23/2022 4:00,1.398
12/23/2022 5:00,1.869
12/23/2022 6:00,2.586
12/23/2022 7:00,3.347
12/23/2022 8:00,3.893
12/23/2022 9:00,4.129
12/23/2022 10:00,4.218
12/23/2022 11:00,4.409
12/23/2022 12:00,4.773
12/23/2022 13:00,4.99
12/23/2022 14:00,5.069
12/23/2022 15:00,5.023
12/23/2022 16:00,4.976
12/23/2022 17:00,4.933
12/23/2022 18:00,4.74
12/23/2022 19:00,4.5
12/23/2022 20:00,4.306
12/23/2022 21:00,4.072
12/23/2022 22:00,3.957
12/23/2022 23:00,3.865
12/24/2022 0:00,3.732
12/24/2022 1:00,3.77
12/24/2022 2:00,3.742
12/24/2022 3:00,3.769
12/24/2022 4:00,3.784
12/24/2022 5:00,3.694
12/24/2022 6:00,3.475
12/24/2022 7:00,3.257
12/24/2022 8:00,3.159
12/24/2022 9:00,3.421
12/24/2022 10:00,3.622
12/24/2022 11:00,3.664
12/24/2022 12:00,3.71
12/24/2022 13:00,3.64
12/24/2022 14:00,3.598
12/24/2022 15:00,3.835
12/24/2022 16:00,4.193
12/24/2022 17:00,4.391
12/24/2022 18:00,4.409
12/24/2022 19:00,4.554
12/24/2022 20:00,4.703
12/24/2022 21:00,4.81
12/24/2022 22:00,4.906
12/24/2022 23:00,4.973
12/25/2022 0:00,4.908
12/25/2022 1:00,4.792
12/25/2022 2:00,4.546
12/25/2022 3:00,4.459
12/25/2022 4:00,4.522
12/25/2022 5:00,4.482
12/25/2022 6:00,4.363
12/25/2022 7:00,4.351
12/25/2022 8:00,4.336
12/25/2022 9:00,4.275
12/25/2022 10:00,4.197
12/25/2022 11:00,4.134
12/25/2022 12:00,4.067
12/25/2022 13:00,3.956
12/25/2022 14:00,3.664
12/25/2022 15:00,3.357
12/25/2022 16:00,3.443
12/25/2022 17:00,3.688
12/25/2022 18:00,3.964
12/25/2022 19:00,4.265
12/25/2022 20:00,4.569
12/25/2022 21:00,4.788
12/25/2022 22:00,4.744
12/25/2022 23:00,4.719
12/26/2022 0:00,5.046
12/26/2022 1:00,5.413
12/26/2022 2:00,5.693
12/26/2022 3:00,5.708
12/26/2022 4:00,5.288
12/26/2022 5:00,4.678
12/26/2022 6:00,4.297
12/26/2022 7:00,4.198
12/26/2022 8:00,4.106
12/26/2022 9:00,4.402
12/26/2022 10:00,4.56
12/26/2022 11:00,4.801
12/26/2022 12:00,5.084
12/26/2022 13:00,5.173
12/26/2022 14:00,4.986
12/26/2022 15:00,4.821
12/26/2022 16:00,4.829
12/26/2022 17:00,4.737
12/26/2022 18:00,4.648
12/26/2022 19:00,4.591
12/26/2022 20:00,4.529
12/26/2022 21:00,4.453
12/26/2022 22:00,4.314
12/26/2022 23:00,4.109
12/27/2022 0:00,3.843
12/27/2022 1:00,3.703
12/27/2022 2:00,3.454
12/27/2022 3:00,3.264
12/27/2022 4:00,3.167
12/27/2022 5:00,3.244
12/27/2022 6:00,3.336
12/27/2022 7:00,3.506
12/27/2022 8:00,3.824
12/27/2022 9:00,4.322
12/27/2022 10:00,4.764
12/27/2022 11:00,5.155
12/27/2022 12:00,5.642
12/27/2022 13:00,6.115
12/27/2022 14:00,6.378
12/27/2022 15:00,6.659
12/27/2022 16:00,6.887
12/27/2022 17:00,6.888
12/27/2022 18:00,6.958
12/27/2022 19:00,6.855
12/27/2022 20:00,6.678
12/27/2022 21:00,6.513
12/27/2022 22:00,6.345
12/27/2022 23:00,5.996
12/28/2022 0:00,5.546
12/28/2022 1:00,5.109
12/28/2022 2:00,4.765
12/28/2022 3:00,4.578
12/28/2022 4:00,4.433
12/28/2022 5:00,4.351
12/28/2022 6:00,4.437
12/28/2022 7:00,4.795
12/28/2022 8:00,5.242
12/28/2022 9:00,5.814
12/28/2022 10:00,6.232
12/28/2022 11:00,6.668
12/28/2022 12:00,7.126
12/28/2022 13:00,7.389
12/28/2022 14:00,7.272
12/28/2022 15:00,7.138
12/28/2022 16:00,6.982
12/28/2022 17:00,6.942
12/28/2022 18:00,7.127
12/28/2022 19:00,7.245
12/28/2022 20:00,7.374
12/28/2022 21:00,7.545
12/28/2022 22:00,7.691
12/28/2022 23:00,7.808
12/29/2022 0:00,7.836
12/29/2022 1:00,7.72
12/29/2022 2:00,7.513
12/29/2022 3:00,7.289
12/29/2022 4:00,7.055
12/29/2022 5:00,6.786
12/29/2022 6:00,6.494
12/29/2022 7:00,6.291
12/29/2022 8:00,6.298
12/29/2022 9:00,6.407
12/29/2022 10:00,6.594
12/29/2022 11:00,6.848
12/29/2022 12:00,7.043
12/29/2022 13:00,7.026
12/29/2022 14:00,6.897
12/29/2022 15:00,6.722
12/29/2022 16:00,6.36
12/29/2022 17:00,5.785
12/29/2022 18:00,5.113
12/29/2022 19:00,4.627
12/29/2022 20:00,4.363
12/29/2022 21:00,4.308
12/29/2022 22:00,4.38
12/29/2022 23:00,4.572
12/30/2022 0:00,4.918
12/30/2022 1:00,5.402
12/30/2022 2:00,5.99
12/30/2022 3:00,6.463
12/30/2022 4:00,6.953
12/30/2022 5:00,7.35
12/30/2022 6:00,7.738
12/30/2022 7:00,8.116
12/30/2022 8:00,8.32
12/30/2022 9:00,8.546
12/30/2022 10:00,8.399
12/30/2022 11:00,7.844
12/30/2022 12:00,7.628
12/30/2022 13:00,7.448
12/30/2022 14:00,7.241
12/30/2022 15:00,6.919
12/30/2022 16:00,6.689
12/30/2022 17:00,6.663
12/30/2022 18:00,6.447
12/30/2022 19:00,6.02
12/30/2022 20:00,5.521
12/30/2022 21:00,5.153
12/30/2022 22:00,4.638
12/30/2022 23:00,4.191
12/31/2022 0:00,4.031
12/31/2022 1:00,4.167
12/31/2022 2:00,4.926
12/31/2022 3:00,5.699
12/31/2022 4:00,5.982
12/31/2022 5:00,5.833
12/31/2022 6:00,5.618
12/31/2022 7:00,5.294
12/31/2022 8:00,4.838
12/31/2022 9:00,4.414
12/31/2022 10:00,4.176
12/31/2022 11:00,4.478
12/31/2022 12:00,4.944
12/31/2022 13:00,5.136
12/31/2022 14:00,5.143
12/31/2022 15:00,5.04
12/31/2022 16:00,5
12/31/2022 17:00,5.211
12/31/2022 18:00,5.516
12/31/2022 19:00,5.851
12/31/2022 20:00,6.034
12/31/2022 21:00,6.041
12/31/2022 22:00,5.992
12/31/2022 23:00,5.914
